product_id,category,product_name,brand_name,manufacturer,brand,manufacturer_confidence,ingredient,data_source,goods_no
bodyLotionCream_01,bodyLotionCream,[5년연속1위] 일리윤 세라마이드 아토 로션기획(600ML+600ML),일리윤,(주)코스비전,(주)아모레퍼시픽,high,"정제수, 글리세린, 프로판다이올, 하이드로제네이티드쌀겨오일, 사이클로펜타실록세인, 하이드로제네이티드폴리(C6-14올레핀), 사이클로헥사실록세인, 다이메티콘, 세틸에틸헥사노에이트, 다이아이소스테아릴말레이트, 1,2-헥산다이올, 부틸렌글라이콜, 하이드록시에틸아크릴레이트/소듐아크릴로일다이메틸타우레이트코폴리머, C14-22알코올, 아라키딜알코올, 스테아릭애씨드, 글리세릴스테아레이트, 팔미틱애씨드, 베헤닐알코올, C12-20알킬글루코사이드,. 글리세릴카프릴레이트, 아라키딜글루코사이드, 인삼수, 다이소듐이디티에이, 에틸헥실글리세린, 솔비탄아이소스테아레이트, 폴리솔베이트60, 들깨추출물, 시호뿌리추출물, 왜당귀뿌리추출물, 소엽맥문동뿌리추출물, 하이드록시프로필비스팔미타마이드엠이에이(세라마이드 PC-104 65.5ppm), 만니톨, 글루코오스, 검정콩오일, 미리스틱애씨드, 아크릴레이트/암모늄메타크릴레이트코폴리머, 아라키딕애씨드, 세라마이드엔피(4ppm), 콜레스테롤, 실리카, 피토스핑고신, 하이드로제네이티드레시틴, 토코페롤, 카놀라오일, 로즈마리잎추출물","olive_crwl (상품정보 제공고시 크롤링, OCR 아님)",
bodyLotionCream_02,bodyLotionCream,[7월 올영픽/NEW]일리윤 세라마이드 아토 선로션 330ml,일리윤,(주)씨엔에프,(주)아모레퍼시픽,high,"정제수, 다이부틸아디페이트, 프로판다이올, 에칠헥실트리아존, 테레프탈릴리덴디캠퍼설포닉애씨드, 글리세린, 폴리글리세릴-3다이스테아레이트, 트로메타민, 디에칠아미노하이드록시벤조일헥실벤조에이트, 1,2-헥산다이올, C12-15알킬벤조에이트, 폴리메틸실세스퀴옥세인, 폴리실리콘-15, 다이메티콘, 트레할로오스, 글리세릴스테아레이트, 베타인, 비스-에칠헥실옥시페놀메톡시페닐트리아진, 포타슘세틸포스페이트, 세테아릴알코올, 아크릴레이트/C10-30알킬아크릴레이트크로스폴리머, 폴리프로필실세스퀴옥세인, 하이드록시아세토페논, 카보머, 글리세릴스테아레이트시트레이트, 메틸프로판다이올, 에틸헥실글리세린, 폴리에터-1, 부틸렌글라이콜, 인삼수, 황금추출물, 매실추출물, 검정콩오일, 하이드로제네이티드레시틴, 스쿠알란, 마데카소사이드, 폴리글리세릴-10펜타스테아레이트, 세틸-피지하이드록시에틸팔미타마이드, 스테아릭애씨드, 만니톨, 세라마이드엔피, 피토스핑고신, 펜틸렌글라이콜, 다이포타슘글리시리제이트, 아크릴레이트/암모늄메타크릴레이트코폴리머, 콜레스테롤, 실리카, 아라키딕애씨드, 카놀라오일, 팔미틱애씨드, 로즈마리잎추출물, 올레익애씨드, 토코페롤","olive_crwl (상품정보 제공고시 크롤링, OCR 아님)",
bodyLotionCream_03,bodyLotionCream,[7월 올영픽/심으뜸PICK]넛세린 아로마 넛 괄사 세럼 단품/기획 4종 택1,넛세린,"㈜그린코스, ㈜씨아이티",㈜지니씨앤씨,high,"[슬림핏 괄사 세럼]
정제수, 해바라기씨오일(18 %), 부틸렌글라이콜, 글리세레스-26, 나이아신아마이드, 시어버터, 폴리글리세릴-6스테아레이트, 1,2-헥산다이올, 마카다미아씨오일(1 %), 프로판다이올, 라벤더오일(4,000 ppm), 아크릴레이트/C10-30알킬아크릴레이트크로스폴리머, 자몽껍질오일(3,000 ppm), 포타슘세틸포스페이트, 하이드로제네이티드팜글리세라이즈, 폴리글리세릴-6베헤네이트, 트로메타민, 에틸헥실글리세린, 오렌지껍질오일(900 ppm), 팔마로사오일(800 ppm), 베르가모트오일(500 ppm), 아데노신, 센티드제라늄꽃오일(400 ppm), 소듐하이알루로네이트, 발삼코파이바수지(200 ppm), 화이트참파카잎오일(100 ppm), 캐모마일꽃오일(60 ppm), 생강오일(20 ppm), 오렌지꽃오일(20ppm), 타임추출물(10 ppm), 살비아추출물(10 ppm), 파스향나무잎추출물(10 ppm), 지모뿌리추출물(10 ppm), 마트리카리아꽃추출물(10 ppm), 쿼세틴, 캠페롤, 카페인, 스위트아몬드오일(330 ppb), 블루탄지꽃오일(0.1 ppm), 커피콩추출물, 하이드롤라이즈드익스텐신, 시트랄, 제라니올, 리날룰, 시트로넬올, 리모넨

[쿨링 괄사 세럼]
정제수,변성알코올,글리세린,멘톨,나이아신아마이드,다이프로필렌글라이콜,1,2-헥산다이올,알지닌,카보머,피이지-60하이드로제네이티드캐스터오일,카프릴릴글라이콜,세틸에틸헥사노에이트,메틸다이아이소프로필프로피온아마이드,캠퍼,향료,아데노신,구기자추출물,육두구추출물,해바라기씨오일(34ppm),마카다미아씨오일(33ppm),스위트아몬드오일(33ppm),아세틸글루코사민,다이메틸설폰,멘톤글리세린아세탈,자일리톨,부틸렌글라이콜,개박하추출물,청색1호,라벤더꽃추출물,치자추출물,유칼립투스잎추출물,페퍼민트추출물,마그네슘클로라이드,진주추출물,포타슘클로라이드,고수추출물,샤프란꽃추출물,소두구씨추출물,에틸헥실글리세린,회향씨추출물","olive_crwl (상품정보 제공고시 크롤링, OCR 아님)",
bodyLotionCream_04,bodyLotionCream,[5초뿌리는바디로션] 히든 퍼퓸 스프레이 바디로션 기획/단품 10종,히든,(주)비앤비코리아,(주)이삼오구,high,"정제수, 자일리톨, 아이소프로필미리스테이트, 글리세린, 1,2-헥산다이올, 폴리글리세릴-10다이아이소스테아레이트, 세테아릴알코올, 향료, 다이메티콘, 글리세릴스테아레이트, 스테아릭애씨드, 폴리글리세릴-3메틸글루코오스다이스테아레이트, 병풀잎수, 알란토인, 판테놀, 에틸헥실글리세린, 암모늄아크릴로일다이메틸타우레이트/브이피코폴리머, 다이소듐이디티에이, 잔탄검, 부틸렌글라이콜, 시트릭애씨드, 하이드롤라이즈드옥수수단백질, 하이드롤라이즈드완두콩단백질, 하이드롤라이즈드감자단백질, 하이드롤라이즈드쌀단백질, 하이드롤라이즈드콩단백질, 하이드롤라이즈드밀단백질, 알파-아이소메틸아이오논, 쿠마린, 벤질벤조에이트, 아밀신남알, 제라니올, 하이드록시시트로넬알, 시트로넬올, 유제놀, 리모넨, 리날룰","olive_crwl (상품정보 제공고시 크롤링, OCR 아님)",
bodyLotionCream_05,bodyLotionCream,일리윤 세라마이드 아토 로션 (600ml/600ml기획),일리윤,(주)아모레퍼시픽,,확인 필요,"정제수, 글리세린, 프로판다이올, 다이메티콘, 하이드로제네이티드쌀겨오일, 하이드로제네이티드폴리(C6-14올레핀), 세틸에틸헥사노에이트, 다이아이소스테아릴말레이트, 1,2-헥산다이올, 하이드록시에틸아크릴레이트/소듐아크릴로일다이메틸타우레이트코폴리머, C14-22알코올, 아라키딜알코올, 팔미틱애씨드, 글리세릴스테아레이트, 스테아릭애씨드, 베헤닐알코올, C12-20알킬글루코사이드, 글리세릴카프릴레이트, 아라키딜글루코사이드, 솔비탄아이소스테아레이트, 에틸헥실글리세린, 부틸렌글라이콜, 소듐메타포스페이트, 인삼수, 황금추출물, 세틸-피지하이드록시에틸팔미타마이드(세라마이드 CPP-40 65.5ppm), 만니톨, 매실추출물, 하이드로제네이티드레시틴, 검정콩오일, 스쿠알란, 마데카소사이드, 폴리글리세릴-10펜타스테아레이트, 아크릴레이트/암모늄메타크릴레이트코폴리머, 세라마이드엔피(4.04ppm), 토코페롤, 콜레스테롤, 피토스핑고신, 실리카, 펜틸렌글라이콜, 다이포타슘글리시리제이트, 아라키딕애씨드, 올레익애씨드, 카놀라오일, 로즈마리잎추출물","olive_crwl (상품정보 제공고시 크롤링, OCR 아님)",
skinToner_01,skinToner,[단독기획] 원씽 병풀추출물 150ml 더블 기획 (+병풀 수딩 마스크 2매),원씽,(주)바이온셀,(주)원씽,high,"원씽 병풀추출물 150ml: 병풀잎수(94%), 부틸렌글라이콜, 1,2 -헥산다이올, 병풀추출물(1%)
원씽 병풀 수딩 마스크팩 20ml: 정제수, 부틸렌글라이콜, 글리세린, 1,2-헥산다이올, 하이드록시아세토페논, 알란토인, 병풀잎수(990ppm), 알지닌, 아크릴레이트 /C10-30알킬아크릴레이트크로스폴리머, 프로판다이올, 다이소듐이디티에이, 덱스트린, 카카오추출물, 병풀추출물(100 ppm), 판테놀, 올리브오일, 카프릴릭/카프릭트라이글리세라이드, 시어버터, 하이드로제네이티드레시틴, 스쿠알란, 소듐하이알루로네이트, 하이알루로닉애씨드, 하이드롤라이즈드소듐하이알루로네이트, 하이드롤라이즈드하이알루로닉애씨드, 다이메틸실란올하이알루로네이트, 포타슘하이알루로네이트, 소듐하이알루로네이트크로스폴리머, 하이드록시프로필트라이 모늄하이알루로네이트, 소듐하이알루로네이트다이메틸실란올, 소듐아세틸레이티드하이알루로네이트, 세라마이드엔피, 콜레스테롤, 피토스핑고신","olive_crwl (상품정보 제공고시 크롤링, OCR 아님)",
skinToner_02,skinToner,[화잘먹/단독기획] 폴라초이스 바하 리퀴드 엑스폴리언트 118ml 기획 (+바하 리퀴드 30ml),폴라초이스,(주)잉글우드랩코리아,폴라초이스 코리아,high,"정제수, 프로필렌글라이콜, 나이아신아마이드, 펜틸렌글라이콜, 글리세린, 살리실릭애씨드(0.5%), 흰버드나무껍질추출물(0.5%), 피이지/피피지-17/6코폴리머, 폴리솔베이트20, 비스-피이지-18메틸에터다이메틸실레인, 소듐파이테이트, 10-하이드록시데카노익애씨드, 알란토인, 다이포타슘글리시리제이트, 카프릴릴글라이콜, 페녹시에탄올, 클로페네신, 소듐하이드록사이드, 1,2-헥산다이올, 소듐하이알루로네이트, 비에이치티","olive_crwl (상품정보 제공고시 크롤링, OCR 아님)",
skinToner_03,skinToner,[NEW] 토리든 다이브인 저분자 히알루론산 토너 500ml 기획 (+늘어나는 화장솜 60매),토리든,㈜에이텍,㈜토리든,high,"정제수, 부틸렌글라이콜, 다이프로필렌글라이콜, 1,2-헥산다이올, 글리세린, 베타인, 알란토인, 판테놀, 소듐하이알루로네이트크로스폴리머, 소듐하이알루로네이트, 소듐아세틸레이티드하이알루로네이트, 하이드롤라이즈드소듐하이알루로네이트, 하이드롤라이즈드하이알루로닉애씨드(200ppm), 엑토인, 감초추출물, 2,3-부탄다이올, 쇠비름추출물, 트레할로오스, 알지닌, 펜틸렌글라이콜, 말라카이트추출물, 다이소듐이디티에이, 에틸헥실글리세린","olive_crwl (상품정보 제공고시 크롤링, OCR 아님)",
skinToner_04,skinToner,[한정기획] 아누아 어성초 77 히알루론산 수분 진정 토너 350ml 더블기획 (+어성초 크림 20ml),아누아,한국콜마(주),㈜더파운더즈,high,"[토너] 약모밀꽃/잎/줄기수(77%), 정제수, 1,2-헥산다이올, 글리세린, 글리세레스-26, 베타인, 펜틸렌글라이콜, 소듐시트레이트, 아이소펜틸다이올, 에틸헥실글리세린, 다이포타슘글리시리제이트, 시트릭애씨드, 아크릴레이트/C10-30알킬아크릴레이트크로스폴리머, 트로메타민, 판테놀, 소듐파이테이트, 알란토인, 소듐하이알루로네이트(1.1ppm), 약모밀소포(750ppb), 하이드롤라이즈드소듐하이알루로네이트(100.1ppb), 징크피씨에이, 하이드록시프로필트라이모늄하이알루로네이트(100ppb), 락토바실러스발효물, 소듐아세틸레이티드하이알루로네이트(10ppb), 하이드롤라이즈드하이알루로닉애씨드(10ppb), 아이소쿼시트린, 쿼세틴, 하이알루로닉애씨드(2.5ppb), 소듐하이알루로네이트크로스폴리머(1ppb), 포타슘하이알루로네이트(0.2ppb)
[크림] 약모밀꽃/잎/줄기수(77%), 나이아신아마이드(1,000 ppm), 1,2-헥산다이올, 판테놀, 글리세린, 다이프로필렌글라이콜, 부틸렌글라이콜, 소듐시트레이트, 징크피씨에이(10 ppm), 프로판다이올, 트레할로오스, 정제수, 베타인, 잔탄검, 스핑고모나스발효추출물, 에틸헥실글리세린, 시트릭애씨드, 하이드록시프로필사이클로덱스트린, 아데노신, 다이소듐이디티에이, 다이포타슘글리시리제이트, 글리세릴아크릴레이트/아크릴릭애씨드코폴리머, 글루코노락톤, 도코사헥사에노익애씨드, 토코페롤, 알란토인, 피리독신에이치씨엘, 카프릴로일살리실릭애씨드, 약모밀소포, 아이소쿼시트린, 쿼세틴","olive_crwl (상품정보 제공고시 크롤링, OCR 아님)",
skinToner_05,skinToner,[수부지토너]브링그린 티트리 시카 수딩 토너 (500ml/250ml),브링그린,코스맥스(주),씨제이올리브영주식회사,high,"정제수, 다이프로필렌글라이콜, 1,2-헥산다이올, 부틸렌글라이콜, 티트리추출물, 티트리잎수, 베타인, 판테놀, 티트리잎추출물, 옥틸도데세스-16, 소듐시트레이트, 시트릭애씨드, 티트리잎오일, 티트리꽃/잎/줄기추출물, 베타인살리실레이트, 병풀추출물, 잔탄검","olive_crwl (상품정보 제공고시 크롤링, OCR 아님)",
skinToner_06,skinToner,[7월 올영픽] 에스트라 아토베리어365 캡슐토너 300ml 기획 (+수딩크림 30ml+세라-히알 앰플 7ml),에스트라,(주)코스비전,(주)아모레퍼시픽,high,"정제수, 부틸렌글라이콜, 글리세린, 프로필렌글라이콜, 1,2-헥산다이올, 글루코노락톤, 에틸헥실글리세린, 칼슘클로라이드, 만니톨, 셀룰로오스, 셀룰로오스검, 트로메타민, 세틸-피지하이드록시에틸팔미타마이드, 스테아릭애씨드, 젤란검, 소듐시트레이트, 소듐글루코네이트, 벤조익애씨드, 세라마이드엔피, 하이드로제네이티드레시틴, 소듐벤조에이트, 실리카, 콜레스테롤, 스핑고리피드, 소듐하이알루로네이트, 하이드록시프로필메틸셀룰로오스, 토코페롤","olive_crwl (상품정보 제공고시 크롤링, OCR 아님)",A000000258833
skinToner_07,skinToner,[쿨링진정]넘버즈인 1번 진정 맑게담은 청초토너 300ml 리필기획(+300ml 증정),넘버즈인,(주)씨엔에프,(주)비나우,high,"정제수, 1,2-헥산다이올, 다이프로필렌글라이콜, 프로판다이올, 부틸렌글라이콜, 글리세린, 감초뿌리추출물, 약모밀추출물, 카보머, 병풀추출물, 하이드록시에틸셀룰로오스, 알지닌, 알란토인, 다이소듐이디티에이, 하수오전초추출물, 베타인, 히아신스전초추출물, 판테놀, 알바수련꽃추출물","olive_crwl (상품정보 제공고시 크롤링, OCR 아님)",A000000190395
skinToner_08,skinToner,[1만5천원 사은품 한정수량][쿨링진정/대용량]블랑네이처 9배 고농축 어성초 토너 300ml,블랑네이처,"(주)에이텍, 주식회사 피츠",,확인 필요,"정제수, 약모밀추출물(100,000 ppm), 부틸렌글라이콜, 1,2-헥산다이올, 나이아신아마이드, 글리세린, 판테놀, 카보머, 알지닌, 글루코노락톤, 다이포타슘글리시리제이트, 아데노신, 다이소듐이디티에이, 하이알루로닉애씨드, 녹차추출물, 병풀추출물, 파파야열매추출물, 매실추출물, 사과추출물, 포도추출물, 데실글루코사이드, 시트릭애씨드, 티트리잎추출물, 살리실릭애씨드, 에틸헥실글리세린, 병풀잎추출물, 오카무라큰실말추출물, 흰버드나무껍질추출물, 징크피씨에이, 4-터피네올, 커피콩추출물, 마데카소사이드, 마데카식애씨드, 아시아티코사이드, 아시아틱애씨드, 베르가모트잎추출물, 소나무잎추출물, 소듐디엔에이","olive_crwl (상품정보 제공고시 크롤링, OCR 아님)",A000000255290
skinToner_09,skinToner,바이오더마 하이드라비오 토너 250ml,바이오더마,나오스 (NAOS),나오스코리아 (유) 서울시 강남구 테헤란로 407,high,"정제수, 글리세린, 폴리솔베이트20, 다이소듐이디티에이, 세트리모늄브로마이드, 나이아신아마이드, 자일리톨, 알란토인, 프룩토올리고사카라이드, 만니톨, 헥실데칸올, 소듐하이드록사이드, 시트릭애씨드, 람노오스, 사과씨추출물, 유채스테롤, 토코페롤, 향료료","olive_crwl (상품정보 제공고시 크롤링, OCR 아님)",A000000004434
skinToner_10,skinToner,[속촉촉 진정토너] 에스네이처 아쿠아 오아시스 토너 300ml 기획 (+젤크림 30ml),에스네이처,"(주)바이오코스텍, (주)씨엔에프, 에스네이처",,확인 필요,"*토너
정제수, 다이프로필렌글라이콜, 부틸렌글라이콜, 글리세린, 1,2-헥산다이올, 베타인, 판테놀, 알란토인, 파파야열매추출물, 글루코노락톤, 자일리틸글루코사이드, 안하이드로자일리톨, 자일리톨, 소듐하이알루로네이트, 글루코오스, 파파인, 하이드록시프로필트라이모늄하이알루로네이트, 소듐아세틸레이티드하이알루로네이트, 하이드롤라이즈드하이알루로닉애씨드, 하이알루로닉애씨드, 하이드롤라이즈드소듐하이알루로네이트, 소듐하이알루로네이트크로스폴리머, 포타슘하이알루로네이트, 글리세릴아크릴레이트/아크릴릭애씨드코폴리머, 피브이엠/엠에이코폴리머

*젤크림
정제수, 글리세린, 부틸렌글라이콜, 1,2-헥산다이올, 블루아가베잎추출물, 알란토인, 소듐하이알루로네이트, 하이드록시프로필트라이모늄하이알루로네이트, 하이드롤라이즈드하이알루로닉애씨드, 소듐아세틸레이티드하이알루로네이트, 하이알루로닉애씨드, 하이드롤라이즈드소듐하이알루로네이트, 소듐하이알루로네이트크로스폴리머, 포타슘하이알루로네이트, 알지닌, 메틸트라이메티콘, 에틸헥실글리세린, 암모늄아크릴로일다이메틸타우레이트/브이피코폴리머, 하이드록시에틸아크릴레이트/소듐아크릴로일다이메틸타우레이트코폴리머, 아크릴레이트/C10-30알킬아크릴레이트크로스폴리머, 하이드로제네이티드폴리(C6-14올레핀), 메틸다이아이소프로필프로피온아마이드, 다이메티콘/비닐다이메티콘크로스폴리머, 솔비탄아이소스테아레이트, 다이소듐이디티에이","olive_crwl (상품정보 제공고시 크롤링, OCR 아님)",A000000213171
skinToner_11,skinToner,[미스트형/1등토너] 라운드랩 1025 독도 토너 300ml 1+1 기획 (+늘어나는 스킨패드 30매),라운드랩,서린컴퍼니(주),서린컴퍼니(주),high,"정제수, 부틸렌글라이콜, 글리세린, 펜틸렌글라이콜, 프로판다이올, 아이리쉬모스추출물, 사탕수수추출물, 해수, 1,2-헥산다이올, 프로테아제, 베타인, 판테놀, 에틸헥실글리세린, 알란토인, 잔탄검, 다이소듐이디티에이","olive_crwl (상품정보 제공고시 크롤링, OCR 아님)",A000000255246
skinToner_12,skinToner,[수분진정] 아비브 어성초 카밍 토너 스킨부스터 200ml,아비브,코스맥스,(주)포컴퍼니,high,"정제수, 글리세린, 부틸렌글라이콜, 펜틸렌글라이콜, 베타인, 1,2-헥산다이올, 자일리톨, 약모밀추출물(3,500 ppm), 판테놀, 에틸헥실글리세린, 소듐하이알루로네이트, 비피다발효용해물, 돌콩추출물, 다이소듐이디티에이, 하이드롤라이즈드하이알루로닉애씨드, 잔탄검, 옥탄다이올, 병풀추출물, 토코페롤, 인동덩굴꽃추출물, 황금추출물, 바이오사카라이드검-4, 파스향나무잎추출물","olive_crwl (상품정보 제공고시 크롤링, OCR 아님)",A000000146589
skinToner_13,skinToner,[쿨링진정] 셀라딕스 트러블 쿨 카밍 131 토너 300ml,셀라딕스,(주)그린코스,㈜이삼오구,high,"정제수, 부틸렌글라이콜, 글리세린, 1,2-헥산다이올, 나이아신아마이드, 판테놀, 자일리톨, 폴리글리세릴-10라우레이트, 프로판다이올, 베타인, 트레할로오스, 에틸헥실글리세린, 아데노신, 알지닌, 카보머, 다이소듐이디티에이, 알란토인, 유칼립투스잎오일, 락토바실러스발효용해물, 서양민들레잎추출물, 하이드롤라이즈드레시틴, 카프릴릴/카프릴트라이글리세라이드, 펜틸렌글라이콜, 황금추출물, 피토스핑고신, 사이클로덱스트린, 유칼립투스잎추출물, 알로에베라잎추출물, 레몬그라스추출물, 로즈힙추출물, 잔탄검, 에리스리톨, 하이드롤라이즈드완두콩단백질, 카프릴릴글라이콜, 폴리글리세릴-10스테아레이트, 스쿠알란, 폴라지닌, 세라마이드엔피, 스테아릭애씨드","olive_crwl (상품정보 제공고시 크롤링, OCR 아님)",A000000229456
skinToner_14,skinToner,[대용량/속보습폭발] 더랩바이블랑두 올리고 히알루론산 딥 토너 500ml 대용량 기획 (+100ml),더랩바이블랑두,코스맥스㈜,㈜에런케이,high,"정제수, 부틸렌글라이콜, 1,2-헥산다이올, 글리세린, 베타-글루칸, 베타인, 소듐하이알루로네이트(2,700 ppm), 판테놀, 솔비톨, 아세틸글루코사민, 글루쿠로닉애씨드, 알란토인, 토코페롤, 에틸헥실글리세린, 다이소듐이디티에이","olive_crwl (상품정보 제공고시 크롤링, OCR 아님)",A000000207054
skinToner_15,skinToner,[1등 속보습] 라네즈 크림스킨 170ml 단품기획 (+50ml),라네즈,㈜아모레퍼시픽,,확인 필요,"정제수, 부틸렌글라이콜, 글리세린, 메도우폼씨오일, 아이소펜틸다이올, 1,2-헥산다이올, 스쿠알란, 폴리글리세릴-10스테아레이트, 글리세릴스테아레이트시트레이트, 소듐스테아로일글루타메이트, 이눌린라우릴카바메이트, 글리세릴카프릴레이트, 에틸헥실글리세린, 프로판다이올, 다이소듐이디티에이, 카보머, 만니톨, 아크릴레이트/스테아릴메타크릴레이트코폴리머, 흰목이버섯포자낭과추출물, 하이알루로닉애씨드, 녹차추출물, 잔탄검, 세라마이드엔피, 동백나무꽃추출물, 토코페롤, 아세틸테트라펩타이드-11","olive_crwl (상품정보 제공고시 크롤링, OCR 아님)",A000000211003
skinToner_16,skinToner,[수지 PICK] 아누아 피디알엔 100 히알루론산 부스터 토너 250ml 기획 (+40ml),아누아,코스맥스,㈜더파운더즈,high,"정제수, 부틸렌글라이콜, 글리세린, 펜틸렌글라이콜, 프로판다이올, 사탕수수추출물, 자일리틸글루코사이드, 돌콩추출물, 말라카이트추출물, 자일리톨, 인도멀구슬나무잎추출물, 백미꽃추출물, 인도멀구슬나무꽃추출물, 아이비고드열매추출물, 접시꽃추출물, 알로에베라꽃추출물, 하이드롤라이즈드하이알루로닉애씨드, 가지열매추출물, 홀리바질잎추출물, 참산호말추출물, 울금뿌리추출물, 1,2-헥산다이올, 베타인, 하이드록시아세토페논,판테놀, 에틸헥실글리세린, 안하이드로자일리톨, 알란토인, 소듐디엔에이, 다이프로필렌글라이콜, 옥탄다이올, 포스파티딜콜린, 토코페롤, 하이알루로닉애씨드/하이드롤라이즈드콜라겐크로스폴리머, C12-13알케스-9, 다이포타슘포스페이트, 아세틸글루타민, 카퍼트라이펩타이드-1, 셀룰로오스검, 다이소듐이디티에이, 잔탄검","olive_crwl (상품정보 제공고시 크롤링, OCR 아님)",A000000231891
skinToner_17,skinToner,[1등토너] 라운드랩 1025 독도 토너 500ml 기획 (+100ml),라운드랩,(주)코스맥스,서린컴퍼니㈜,high,"정제수, 부틸렌글라이콜, 글리세린, 펜틸렌글라이콜, 프로판다이올, 아이리쉬모스추출물, 사탕수수추출물, 해수, 1,2-헥산다이올, 프로테아제, 베타인, 판테놀, 에틸헥실글리세린, 알란토인, 잔탄검, 다이소듐이디티에이","olive_crwl (상품정보 제공고시 크롤링, OCR 아님)",A000000137180
skinToner_18,skinToner,[수분생기] 라운드랩 자작나무 수분 토너 1+1 기획 (300ml+300ml),라운드랩,서린컴퍼니㈜,서린컴퍼니㈜,high,"정제수, 글리세린, 프로판다이올, 글리세레스-26, 펜틸렌글라이콜, 자작나무수액(10,000ppm), 1,2-헥산다이올, 아이리쉬모스추출물, 사탕수수추출물, 소듐하이알루로네이트, 하이알루로닉애씨드, 판테놀, 트로메타민, 다이포타슘글리시리제이트, 글리세릴카프릴레이트, 글리세릴글루코사이드, 부틸렌글라이콜, 아스코빅애씨드, 카보머, 잔탄검, 다이소듐이디티에이","olive_crwl (상품정보 제공고시 크롤링, OCR 아님)",A000000157178
skinToner_19,skinToner,에스트라 에이시카365 수분토너 pH4.5 200ml,에스트라,(주)코스비전,(주)아모레퍼시픽,high,"정제수, 부틸렌글라이콜, 글리세린, 나이아신아마이드, 1,2-헥산다이올, 글루코노락톤, 트로메타민, 잔탄검, 에틸헥실글리세린, 레시틴, 소듐메타포스페이트, 폴리글리세릴-10올리에이트, 소듐하이알루로네이트, 3-O-에틸아스코빅애씨드, 징크피씨에이, 폴리글리세릴-4카프레이트, 아시아티코사이드, 마데카식애씨드, 글리세릴카프릴레이트, 아시아틱애씨드, 마데카소사이드, 소듐트라이메타포스페이트, 프로필렌글라이콜, 토코페롤, 쌀겨오일","olive_crwl (상품정보 제공고시 크롤링, OCR 아님)",A000000218549
skinToner_20,skinToner,[더블기획/1등토너] 라운드랩 1025 독도 토너 300ml 더블 기획 (+말랑키링),라운드랩,코스맥스(주),서린컴퍼니㈜,high,"정제수, 부틸렌글라이콜, 글리세린, 펜틸렌글라이콜, 프로판다이올, 아이리쉬모스추출물, 사탕수수추출물, 해수, 1,2-헥산다이올, 프로테아제, 베타인, 판테놀, 에틸헥실글리세린, 알란토인, 잔탄검, 다이소듐이디티에이","olive_crwl (상품정보 제공고시 크롤링, OCR 아님)",A000000246774
essenceSerum_01,essenceSerum,[수지세럼] 아누아 피디알엔 히알루론산 캡슐 100 세럼 30mL 기획 (+30mL 리필팩),아누아,㈜씨엔에프,㈜더파운더즈,high,"하이드롤라이즈드하이알루로닉애씨드(29,049ppm), 나이아신아마이드, 하이드롤라이즈드콜라겐, 소듐하이알루로 네이트(800ppm), 아데노신, 소듐디엔에이(100ppm), 하이알 루로닉애씨드(30ppm), 하이드롤라이즈드소듐하이알루로네이 트(30ppm), 하이드록시프로필트라이모늄하이알루로네이트 (30ppm), 포타슘하이알루로네이트(30ppm), 소듐하이알루 로네이트크로스폴리머(30ppm), 소듐아세틸레이티드하이알 루로네이트(1ppm), 시트릭애씨드
* 피디알엔: 소듐디엔에이","olive_crwl (상품정보 제공고시 크롤링, OCR 아님)",A000000222698
essenceSerum_02,essenceSerum,[7월올영픽/최초대용량] 파넬 시카마누 92세럼 50ml 더블기획 (총 100ml),파넬,(주)코스메카코리아,(주)일레븐코퍼레이션,high,"정제수, 부틸렌글라이콜, 글리세린, 1,2-헥산다이올, 카보머, 트로메타민, 폴리글리세릴-10라우레이트, 프로판다이올, 인도멀구슬나무잎추출물, 병풀추출물(744ppm), 카카오씨추출물, 에틸헥실글리세린, 불가리스쑥오일, 인도멀구슬나무꽃추출물, 덱스트린, 다이소듐이디티에이, 소듐폴리아크릴레이트, 펜틸렌글라이콜, 황련뿌리추출물, 락토바실러스발효물, 마누카잎추출물(20ppm), 마데카소사이드(20ppm), 데실글루코사이드, 카프릴릴글라이콜, 꿀추출물(900ppb), 메도우폼씨오일, 카프릴릭/카프릭트라이글리세라이드, 올리브오일, 하이드로제네이티드레시틴, 세라마이드엔피, 피토스핑고신, 멜라토닌","olive_crwl (상품정보 제공고시 크롤링, OCR 아님)",A000000259488
essenceSerum_03,essenceSerum,[7월올영픽/재구매율1위] 피지오겔 데일리뮨 앰플 20ml+20ml 기획,피지오겔,,엘지생활건강(주),확인 필요,"정제수, 다이프로필렌글라이콜, 프로판다이올, 아스코빅애씨드, 2,3-부탄다이올, 글리세린, 변성알코올, 판테놀, 글라이코실트레할로오스, 하이드로제네이티드스타치하이드롤리세이트, 1,2-헥산다이올, 솔비톨, 폴리글리세릴-10스테아레이트, 폴리글리세릴-10올리에이트, 알란토인, 마데카소사이드, 트레할로오스, 부틸렌글라이콜, 베티버뿌리오일, 덱스트린, 소듐하이알루로네이트, 잇꽃꽃추출물, 카카오씨추출물, 후추열매오일, 생강오일, 홍삼추출물, 영지버섯추출물, 토코페롤, 페룰릭애씨드, 스쿠알란, 카프릴릭/카프릭트라이글리세라이드, 세라마이드엔피, 하이드로제네이티드레시틴, 육계잎오일, 다마스크장미꽃오일, 돌콩오일, 다이소듐이디티에이, 트로메타민","olive_crwl (상품정보 제공고시 크롤링, OCR 아님)",A000000243677
essenceSerum_04,essenceSerum,[속건조필수템] 웰라쥬 리얼 히알루로닉 블루 100 앰플 75ml 2입 기획,웰라쥬,한국콜마㈜,휴젤㈜,high,"정제수, 프로판다이올, 펜틸렌글라이콜, 글리세린, 1,2-헥산다이올, 판테놀, 메틸프로판다이올, 소듐아크릴릭애씨드/엠에이코폴리머, 부틸렌글라이콜, 참마뿌리추출물, 잔탄검, 소듐시트레이트, 에틸헥실글리세린, 소듐하이알루로네이트(1,000ppm), 글라이코실트레할로오스, 하이드로제네이티드스타치하이드롤리세이트, 시트릭애씨드, 라피노오스, 아데노신, 레시틴, 트라이소듐에틸렌다이아민다이석시네이트, 카프릴릴글라이콜, 사카라이드아이소머레이트, 폴리쿼터늄-51, 말라카이트추출물, 알지닌, 소듐디엔에이, 갈랑가갈랑갈추출물, 바이오사카라이드검-1, 사이아노코발아민, 토코페롤, 카프릴릭/카프릭트라이글리세라이드, 하이드로제네이티드레시틴, 하이드롤라이즈드하이알루로닉애씨드(0.100052ppm) 하이드롤라이즈드소듐하이알루로네이트(0.1ppm), 수크로오스라우레이트, 소듐스테아로일글루타메이트, 암모늄아크릴로일다이메틸타우레이트/브이피코폴리머, 글라이신, 세린, 히스티딘, 돌콩추출물, 라이소레시틴, 플로레틴, 테트라하이드로피페린, 다이메틸아이소소바이드, 소듐하이알루로네이트크로스폴리머(2.08ppb), 벤질글라이콜, 하이드롤라이즈드글라이코사미노글리칸, 올레일알코올, 베타-글루칸, 하이드록시프로필트라이모늄하이알루로네이트(0.012ppb), 하이알루로닉애씨드(0.001ppb), 소듐아세틸레이티드하이알루로네이트(0.0002ppb)","olive_crwl (상품정보 제공고시 크롤링, OCR 아님)",A000000231885
essenceSerum_05,essenceSerum,[1등미백앰플]메디큐브 PDRN 핑크 펩타이드 앰플 30ml 리필기획(+리필팩50ml+거울키링),메디큐브,(주)아이큐어,주식회사 에이피알,high,"**PDRN 앰플 30ml
정제수,글리세린,다이프로필렌글라이콜,아이소프로필미리스테이트,글리세레스-26,나이아신아마이드,1,2-헥산다이올,소듐디엔에이,부틸렌글라이콜,폴리글리세린-3,소듐아크릴레이트/소듐아크릴로일다이메틸타우레이트코폴리머,폴리아이소부텐,아크릴레이트/C10-30알킬아크릴레이트크로스폴리머,이리추출물,트로메타민,글리세릴아크릴레이트/아크릴릭애씨드코폴리머,피브이엠/엠에이코폴리머,에틸헥실글리세린,카프릴릴글라이콜,향료,인도멀구슬나무잎추출물,아데노신,카프릴릴/카프릴글루코사이드,솔비탄올리에이트,인도멀구슬나무꽃추출물,소듐하이알루로네이트,다이소듐이디티에이,울금뿌리추출물,사이아노코발아민,하이드롤라이즈드콜라겐,유비퀴논,홀리바질잎추출물,참산호말추출물,팔미토일펜타펩타이드-4,팔미토일트라이펩타이드-1,팔미토일테트라펩타이드-7,카퍼트라이펩타이드-1,아세틸헥사펩타이드-8,연어알추출물,아텔로콜라겐","olive_crwl (상품정보 제공고시 크롤링, OCR 아님)",A000000255620
essenceSerum_06,essenceSerum,[조유리 PICK/트러블1등] 셀라딕스 트러블 세범 리밸런싱 131 앰플 30ml,셀라딕스,(주)나투젠,(주)이삼오구,high,"정제수,다이프로필렌글라이콜,부틸렌글라이콜,글리세레스-26,나이아신아마이드,글리세린,베타인,피토스테롤,세라마이드엔피,스쿠알란,라우릭애씨드,아라키딕애씨드,베헤닉애씨드,베타-글루칸,참오동나무잎추출물,육계나무껍질추출물,생달나무잎추출물,녹나무잎추출물,월계수잎추출물,고수추출물,유칼립투스잎추출물,황금추출물,후박나무가지추출물,1,2-헥산다이올,폴리글리세릴-10라우레이트,폴리글리세릴-10미리스테이트,하이드록시아세토페논,판테놀,아데노신,다이소듐이디티에이,소듐하이알루로네이트,잔탄검,소듐폴리아크릴레이트,에틸헥실글리세린,베르가모트오일,라반딘오일,오렌지껍질오일,라벤더오일,발삼아미리스껍질오일,바질오일,리모넨,리날룰","olive_crwl (상품정보 제공고시 크롤링, OCR 아님)",A000000224494
essenceSerum_07,essenceSerum,[7월올영픽/3일진정세럼]브링그린 징크테카 트러블 세럼 대용량 기획,브링그린,한국콜마(주),씨제이올리브영주식회사,high,"정제수, 에톡시다이글라이콜, 메틸프로판다이올, 메틸글루세스-20, 1,2-헥산다이올, 나이아신아마이드, 병풀추출물, 티트리추출물, 티트리잎추출물, 티트리꽃/잎/줄기추출물, 몰로키아잎추출물**, 신선초추출물**, 연꽃뿌리추출물**, 오크라열매추출물**, 참마뿌리추출물**, 하이드로제네이티드레시틴, 티트리잎수, 티트리잎오일, 옥틸도데칸올, 옥틸도데세스-16, 아시아티코사이드*(4,800ppm), 마데카식애씨드*(3,600ppm), 글라이코리피드, 아시아틱애씨드*(3,600ppm), C12-13알케스-9, 카보머, 트로메타민, 피브이피, 소듐폴리아크릴레이트, 다이소듐이디티에이, 4-터피네올, 징크피씨에이(1ppm), 에틸헥실글리세린","olive_crwl (상품정보 제공고시 크롤링, OCR 아님)",A000000200646
essenceSerum_08,essenceSerum,[장도연 PICK] 메디힐 마데카소사이드 흔적 리페어 세럼 40+40ml,메디힐,코스맥스㈜,엘앤피코스메틱㈜,high,"정제수, 글리세린, 부틸렌글라이콜, 프로판다이올, 1,2-헥산다이올, 나이아신아마이드, 글리세릴폴리메타크릴레이트, 판테놀, 베타인, 폴리글리세릴-10라우레이트, 아크릴레이트/C10-30알킬아크릴레이트크로스폴리머, 다이페닐다이메티콘, 트라이에틸헥사노인, 트로메타민, 마데카소사이드(540 ppm), 에틸헥실글리세린, 하이드로제네이티드레시틴, 잔탄검, 소듐하이알루로네이트, 병풀추출물(51 ppm), 아시아티코사이드(39 ppm), 서양배추출물, 연필향나무오일, 병풀잎추출물(21 ppm), 베타-글루칸, 다마스크장미꽃수, 멜론추출물, 오리스뿌리추출물, 서양송악잎/줄기추출물, 호호바씨오일, 광곽향오일, 불가리스쑥오일, 로즈마리잎오일, 토코페롤, 다이프로필렌글라이콜, 펜틸렌글라이콜, 카프릴릴/카프릴글루코사이드, 마데카식애씨드(0.00004 ppm), 아시아틱애씨드(0.00003 ppm), 세라마이드엔피","olive_crwl (상품정보 제공고시 크롤링, OCR 아님)",A000000211119
essenceSerum_09,essenceSerum,[트러블모공] 디오디너리 나이아신아마이드 10% + 징크 1% 60ml,디오디너리,데시엠뷰티그룹INC,데시엠아시아퍼시픽㈜,high,"정제수, 나이아신아마이드(10%), 펜틸렌글라이콜, 징크피씨에이(징크로서,1%), 다이메틸아이소소바이드, 타마린드씨검, 잔탄검, 아이소세테스-20, 에톡시다이글라이콜, 페녹시에탄올, 클로페네신","olive_crwl (상품정보 제공고시 크롤링, OCR 아님)",A000000158615
essenceSerum_10,essenceSerum,[7월올영픽] 프리메라 세럼 3종 기획 (비타티놀/3C히알루론산/PDRN) 택1,프리메라,㈜아모레퍼시픽,㈜아모레퍼시픽,high,"[비타티놀세럼]
정제수, 부틸렌글라이콜, 글리세린, 메틸글루세스-20, 아스코빌글루코사이드, 나이아신아마이드, 카프릴릴메티콘, 카프릴릭/카프릭트라이글리세라이드, 하이드로제네이티드폴리아이소부텐, 1,2-헥산다이올, 트로메타민, 하이드록시에틸아크릴레이트/소듐아크릴로일다이메틸타우레이트코폴리머, 폴리솔베이트20, 폴리아크릴레이트-13, 다이메티콘, 판테놀, 소듐스테아로일글루타메이트, 소듐시트레이트, 폴리아이소부텐, 폴리아크릴레이트크로스폴리머-6, 다이메틸아이소소바이드, 락토바실러스/콩추출물발효여과물, 해바라기씨오일, 옥수수전분, 돌콩오일, 만니톨, 수크로오스, 마이크로크리스탈린셀룰로오스, 글리세릴카프릴레이트, 스핑고모나스발효추출물, 에틸헥실글리세린, 솔비탄아이소스테아레이트, 소듐메타포스페이트, 당근추출물, 아데노신, 하이드록시피나콜론레티노에이트, 시트릭애씨드, 레티놀, 티타늄디옥사이드 (CI 77891), 황색산화철, 엑토인, 하이드로제네이티드레시틴, 아스코빅애씨드, 베타-카로틴, 토코페롤, 펜틸렌글라이콜, 프로필렌글라이콜, 소듐하이알루로네이트, 카보머, 아세틸테트라펩타이드-11, 아라비아고무나무검, 프로필렌글라이콜알지네이트
[PDRN세럼]
정제수, 부틸렌글라이콜, 나이아신아마이드, 글리세린, 트라이프로필렌글라이콜, 다이메틸아이소소바이드, 베타인, 판테놀, 1,2-헥산다이올, 암모늄아크릴로일다이메틸타우레이트/브이피코폴리머, 하이드록시에틸아크릴레이트/소듐아크릴로일다이메틸타우레이트코폴리머, 하이드로제네이티드레시틴, 폴리메틸메타크릴레이트, 락토바실러스/콩추출물발효여과물, 콜레스테롤, 에틸헥실글리세린, 잔탄검, 티몰트라이메톡시신나메이트, 옥수수전분, 클로렐라 프로토테코이데스추출물, 소듐카보머, 만니톨, 수크로오스, 마이크로크리스탈린셀룰로오스, 소듐메타포스페이트, 아데노신, 아시아티코사이드, 마데카식애씨드, 아시아틱애씨드, 솔비탄아이소스테아레이트, 하이드롤라이즈드디엔에이, 토코페롤, 3-O-에틸아스코빅애씨드, 페룰릭애씨드, 락토바실러스세포외소포, 티타늄디옥사이드 (CI 77891), 황련뿌리추출물, 황색산화철, 사이아노코발아민, 글루타티온, 아스코빅애씨드
[3C히알루론산세럼]
정제수, 부틸렌글라이콜, 글리세린,메도우폼씨오일, 나이아신아마이드, 베헤닐알코올, 1,2-헥산다이올, 글리세릴폴리메타크릴레이트,자일리톨, 베타인, 카페인, 에리스리톨, 피토스테롤, 호호바에스터, 카보머,락토바실러스/콩추출물발효여과물, 트로메타민, 아라키딜알코올, 글리세릴카프릴레이트, 에틸헥실글리세린, 아라키딜글루코사이드, 소듐메타포스페이트, 마데카소사이드, 하이알루로닉애씨드 (100PPM), 프로필렌글라이콜, 소듐하이알루로네이트, 세라마이드엔피, 토코페롤, 소듐하이알루로네이트크로스폴리머-6","olive_crwl (상품정보 제공고시 크롤링, OCR 아님)",A000000237634
essenceSerum_11,essenceSerum,[NEW/1등수분세럼] 토리든 다이브인 저분자 히알루론산 세럼 50ml 리필 기획(+리필 50ml),토리든,주식회사 정코스,㈜토리든,high,"정제수, 부틸렌글라이콜, 글리세린, 다이프로필렌글라이콜, 1,2-헥산다이올, 판테놀, 소듐하이알루로네이트크로스폴리머, 하이드롤라이즈드하이알루로닉애씨드(1,000ppm), 소듐하이알루로네이트, 소듐아세틸레이티드하이알루로네이트, 하이드롤라이즈드소듐하이알루로네이트, 알란토인, 엑토인, 감초추출물, 2,3-부탄다이올, 트레할로오스, 베타인, 프로판다이올, 쇠비름추출물, 버지니아풍년화잎추출물, 마데카소사이드, 마데카식애씨드, 세라마이드엔피, 베타-글루칸, 말라카이트추출물, 콜레스테롤, 펜틸렌글라이콜, 글리세릴아크릴레이트/아크릴릭애씨드코폴리머, 피브이엠/엠에이코폴리머, 폴리글리세릴-10라우레이트, 잔탄검, 트로메타민, 카보머, 에틸헥실글리세린, 황금추출물, 모란뿌리추출물","olive_crwl (상품정보 제공고시 크롤링, OCR 아님)",A000000258291
essenceSerum_12,essenceSerum,바이오더마 하이드라비오 에센스로션 200ml 2입 기획 (+미스트펌프 증정),바이오더마,나오스 (NAOS),나오스코리아 (유) 서울시 강남구 테헤란로 407,high,"정제수, 메틸프로판다이올, 나이아신아마이드, 피피지-26-부테스-26, 피이지-40하이드로제네이티드캐스터오일, 소듐피씨에이, 다이소듐이디티에이, 살리실릭애씨드, 하이드록시에틸셀룰로오스, 만니톨, 소듐시트레이트, 토코페릴아세테이트, 자일리톨, 헥실데칸올, 세트리모늄브로마이드, 향료, 벤조트라이아졸릴도데실p-크레솔, 람노오스, 소듐하이드록사이드, 사과씨추출물, 유채스테롤, 토코페롤","olive_crwl (상품정보 제공고시 크롤링, OCR 아님)",A000000255227
essenceSerum_13,essenceSerum,[단독기획] 아누아 TXA 나이아신 흔적 세럼 30ml 2입,아누아,코스맥스,㈜더파운더즈,high,"정제수, 글리세린, 나이아신아마이드(10%), 트라넥사믹애씨드(4%), 부틸렌글라이콜, 다이에톡시에틸석시네이트, 1,2-헥산다이올, 알부틴, 펜틸렌글라이콜, 소듐하이알루로네이트, 잔탄검, 베타인살리실레이트, 알파-알부틴, 수크로오스팔미테이트, 아이비고드열매추출물, 한련초추출물, 하이드로제네이티드레시틴, 젤란검, 퀸즈랜드넛오일, 올리브오일, 호호바씨오일, 포도씨오일, 소듐파이테이트, 셀룰로오스, 카프릴릭/카프릭트라이글리세라이드, 판테놀, 사이아노코발아민, 폴리글루타믹애씨드, 3-O-에틸아스코빅애씨드, 세라마이드엔피, 덱스트린, 카카오추출물, 하이드롤라이즈드하이알루로닉애씨드, 편백잎추출물, 복사나무꽃추출물, 녹차씨오일, 아시아티코사이드, 마데카식애씨드, 아시아틱애씨드, 효모발효추출물, 병풀추출물, 쑥잎추출물, 칸디다 봄비콜라/글루코오스/메틸레이프씨데이트발효물, 다이메틸실란올하이알루로네이트, 하이드롤라이즈드소듐하이알루로네이트, 하이알루로닉애씨드, 포타슘하이알루로네이트, 하이드록시프로필트라이모늄하이알루로네이트, 소듐하이알루로네이트크로스폴리머, 소듐하이알루로네이트다이메틸실란올, 소듐아세틸레이티드하이알루로네이트","olive_crwl (상품정보 제공고시 크롤링, OCR 아님)",A000000226201
essenceSerum_14,essenceSerum,[7월올영픽/탄력광채] 프리메라 비타티놀 바운시 리프트 세럼 25g 기획/단품,프리메라,㈜ 코스비전,㈜아모레퍼시픽,high,"정제수, 부틸렌글라이콜, 글리세린, 메틸글루세스-20, 아스코빌글루코사이드, 나이아신아마이드, 카프릴릴메티콘, 카프릴릭/카프릭트라이글리세라이드, 하이드로제네이티드폴리아이소부텐, 1,2-헥산다이올, 트로메타민, 하이드록시에틸아크릴레이트/소듐아크릴로일다이메틸타우레이트코폴리머, 폴리솔베이트20, 폴리아크릴레이트-13, 다이메티콘, 판테놀, 소듐스테아로일글루타메이트, 소듐시트레이트, 폴리아이소부텐, 폴리아크릴레이트크로스폴리머-6, 다이메틸아이소소바이드, 락토바실러스/콩추출물발효여과물, 해바라기씨오일, 옥수수전분, 돌콩오일, 만니톨, 수크로오스, 마이크로크리스탈린셀룰로오스, 글리세릴카프릴레이트, 스핑고모나스발효추출물, 에틸헥실글리세린, 솔비탄아이소스테아레이트, 소듐메타포스페이트, 당근추출물, 아데노신, 하이드록시피나콜론레티노에이트, 시트릭애씨드, 레티놀, 티타늄디옥사이드 (CI 77891), 황색산화철, 엑토인, 하이드로제네이티드레시틴, 아스코빅애씨드, 베타-카로틴, 토코페롤, 펜틸렌글라이콜, 프로필렌글라이콜, 소듐하이알루로네이트, 카보머, 아세틸테트라펩타이드-11, 아라비아고무나무검, 프로필렌글라이콜알지네이트","olive_crwl (상품정보 제공고시 크롤링, OCR 아님)",A000000231293
essenceSerum_15,essenceSerum,[1+1] 이니스프리 레티놀 시카 모공 흔적 앰플 30ml 리필기획(+30ml 리필),이니스프리,㈜코스비전,㈜이니스프리,high,"정제수, 글리세린, 부틸렌글라이콜, 나이아신아마이드, 병풀잎수(17712ppm), 다이부틸아디페이트, 1,2-헥산다이올, 카프릴릭/카프릭트라이글리세라이드, 하이드로제네이티드레시틴, 암모늄아크릴로일다이메틸타우레이트/브이피코폴리머, 콜레스테롤, 돌콩오일, 알란토인, 토코페롤, 에틸헥실글리세린, 토코페릴아세테이트, 소듐메틸스테아로일타우레이트, 해바라기씨오일, 폴리글리세릴-6카프릴레이트, 다이메틸아이소소바이드, 아데노신, 레티놀(1,000IU/g), 당근추출물, 잔탄검, 폴리글리세릴-10라우레이트, 하이드록시피나콜론레티노에이트, 레틴알, 풀루란, 세라마이드엔피, 하이알루로닉애씨드,베타-카로틴, 트로메타민, 병풀추출물(1ppm), 글라이코프로테인, 제인, 펙틴*3X RETINOL COMPLEX 1% : 레티놀 1,000IU/g, 레틴알 0.005%, 하이드록시피나콜론레티노에이트 0.005%","olive_crwl (상품정보 제공고시 크롤링, OCR 아님)",A000000258877
essenceSerum_16,essenceSerum,[코난 콜라보/진정1등] 클레어스 블루 유스 액티베이팅 드롭 50ml 한정기획 (+명탐정 코난 키링 랜덤 증정),디어클레어스,이스터너생명과학(주),위시컴퍼니 (주),high,"정제수, 부틸렌글라이콜, 에스에이치-올리 고펩타이드-1, 에스에이치-폴리펩타이드-1, 로우스 위트블루베리추출물, 레시틴, 솔비탄세스퀴올리에이 트, 1,2-헥산다이올, 카프릴릴글라이콜, 피이지-60 하이드로제네이티드캐스터오일, 글리세린, 클로페네 신, 구아이아줄렌, 에틸헥실글리세린, 아데노신","olive_crwl (상품정보 제공고시 크롤링, OCR 아님)",A000000255701
essenceSerum_17,essenceSerum,[미피 파우치 증정/7월 올영픽] 아벤느 이드랑스 에센스 인 로션 200ml 기획 (+100ml*2 + 미피 파우치),아벤느,피에르파브르더모코스메틱,피에르파브르더모코스메틱코리아(유),high,"아쿠아(아벤느 온천수), 글리세린, 펜틸렌글라이콜, 1,2-헥산다이올, 다이메티콘, 하이드록시에틸아크릴레이트/소듐아크릴로일다이메틸타우레이트코폴리머, 베타인, 메틸글루세스-20, 아이소세틸스테아로일스테아레이트, 트라이에틸헥사노인, 하이드로제네이티드폴리아이소부텐, 세테아릴올리베이트, 솔비탄올리베이트, 스쿠알란, 트레할로오스, 향료, 정제수, 소듐시트레이트, 피이지-7트라이메틸올프로판코코넛에터, 다이소듐이디티에이, 레시틴, 피토스테롤, 잔탄검, 솔비탄아이소스테아레이트, 시트릭애씨드, 소듐하이알루로네이트","olive_crwl (상품정보 제공고시 크롤링, OCR 아님)",A000000259069
essenceSerum_18,essenceSerum,넘버즈인 1번 판토텐산 스킨케어100 블러파우더 기획 (+퍼프 1개),넘버즈인,코스맥스(주),(주)비나우,high,"실리카, 다이메티콘, 옥수수전분, 알루미늄전분옥테닐석시네이트, 비닐다이메티콘/메티콘실세스퀴옥세인크로스폴리머, 마이카, 다이메티콘/비닐다이메티콘크로스폴리머, 카프릴릭/카프릭트라이글리세라이드, 옥틸도데실스테아로일스테아레이트, 칼라민, 마카다미아씨오일, 병풀추출물, 판토테닉애씨드, 징크피씨에이, 카프릴릴글라이콜, 나이아신아마이드, 에틸헥실글리세린, 다이포타슘글리시리제이트, 마데카소사이드, 토코페롤","olive_crwl (상품정보 제공고시 크롤링, OCR 아님)",A000000231822
essenceSerum_19,essenceSerum,[7월올영픽/붉은기진압] 피지오겔 레드수딩 로자테카 레드니스 리듀싱 세럼 30ml 기획(+15ml),피지오겔,(주)엘지생활건강,,확인 필요,"정제수, 글리세린, 부틸렌글라이콜, 다이프로필렌글라이콜, 펜틸렌글라이콜, 프로방스장미꽃수, 1,2-헥산다이올, 나이아신아마이드, 다이포타슘글리시리제이트, 엑토인, 판테놀, 트록세루틴, 알지닌, 폴리글리세릴-10스테아레이트, 하이드록시에틸셀룰로오스, 폴리글리세릴-10올리에이트, 카보머, 알란토인, 이노시톨, 프로판다이올, 파이틱애씨드, 소듐하이알루로네이트, 말라카이트추출물, 베타-글루칸, 다이소듐이디티에이, 바이오사카라이드검-1, 사코신, 아세타마이드엠이에이, 치자추출물, 하이드로제네이티드레시틴, 글리시레티닉애씨드, 팔미타마이드엠이에이, 에틸헥실글리세린, 덱스트린, 다이소듐포스페이트, 폴리솔베이트60, 세라마이드엔피, 콜레스테롤, 소듐포스페이트, 팔미틱애씨드, 카프릴릭/카프릭트라이글리세라이드, 하이알루로닉애씨드, 스쿠알란, 징크피씨에이, 토코페롤, 돌콩오일","olive_crwl (상품정보 제공고시 크롤링, OCR 아님)",A000000258832
essenceSerum_20,essenceSerum,[1등 화잘먹물먹세럼] 에스네이처 아쿠아 스쿠알란 세럼 50ml 기획(+50ml 리필+수분크림 10ml),에스네이처,(주)바이오코스텍,에스네이처,high,"* 에스네이처 아쿠아 스쿠알란 세럼 : 정제수, 글리세린, 부틸렌글라이콜, 메틸프로판다이올, 1,2-헥산다이올, 베타인, 다시마추출물, 한련초잎추출물, 버지니아풍년화추출물, 소듐하이알루로네이트, 하이드로제네이티드레시틴, 판테놀, 알란토인, 프룩토올리고사카라이드, 베타-글루칸, 하이드롤라이즈드하이알루로닉애씨드, 식물성스쿠알란(1ppm), 하이드록시프로필트라이모늄하이알루로네이트, 소듐아세틸레이티드하이알루로네이트, 하이드롤라이즈드소듐하이알루로네이트, 하이알루로닉애씨드, 소듐하이알루로네이트크로스폴리머, 포타슘하이알루로네이트, 에틸헥실글리세린, 카보머, 트로메타민, 잔탄검, 다이소듐이디티에이

* 에스네이처 아쿠아 스쿠알란 수분크림 : 정제수, 스쿠알란(150,000ppm), 글리세린, 1,2-헥산다이올, 베타인, 판테놀, 소듐하이알루로네이트, 하이드롤라이즈드콜라겐, 하이드록시프로필트라이모늄하이알루로네이트, 하이드롤라이즈드하이알루로닉애씨드, 소듐아세틸레이티드하이알루로네이트, 아세틸헥사펩타이드-8, 아데노신, 하이알루로닉애씨드, 하이드롤라이즈드소듐하이알루로네이트, 소듐하이알루로네이트크로스폴리머, 포타슘하이알루로네이트, 아크릴레이트/C10-30알킬아크릴레이트크로스폴리머, 알지닌, 알란토인, 자일리틸글루코사이드, 안하이드로자일리톨, 자일리톨, 글루코오스, 부틸렌글라이콜, 암모늄아크릴로일다이메틸타우레이트/브이피코폴리머, 카프릴릴글라이콜","olive_crwl (상품정보 제공고시 크롤링, OCR 아님)",A000000188004
cream_01,cream,[김고은PICK] [1+1] 크리니크 쏙보습크림 50ml 기획/단품,크리니크,크리니크,이엘씨에이(유),high,"모이스춰 써지 100시간 오토-리플레니싱 하이드레이터 전성분 :정제수,다이메티콘,부틸렌글라이콜,글리세린,트라이실록세인,트레할로오스,수크로오스,암모늄아크릴로일다이메틸타우레이트/브이피코폴리머,하이드록시에틸우레아,녹차추출물,흰무늬엉겅퀴추출물,만주자작나무껍질추출물,효모용해추출물,알로에베라잎수,알로에베라잎추출물,테르무스 테르모필루스발효물,카페인,솔비톨,팔미토일헥사펩타이드-12,소듐하이알루로네이트,카프릴릴글라이콜,올레스-10,소듐폴리아스파테이트,알로에베라잎폴리사카라이드,락토바실러스발효용해물,사카라이드아이소머레이트,하이드로제네이티드레시틴,토코페릴아세테이트,아크릴레이트/C10-30알킬아크릴레이트크로스폴리머,글리세릴폴리메타크릴레이트,트로메타민,피이지-8,헥실렌글라이콜,마그네슘아스코빌포스페이트,시트릭애씨드,비에이치티,다이소듐이디티에이,소듐시트레이트,포타슘솔베이트,소듐벤조에이트,페녹시에탄올,적색504호,황색4호iln48715/iln48715","olive_crwl (상품정보 제공고시 크롤링, OCR 아님)",A000000229498
cream_02,cream,[7월올영픽/쿨링진정크림] 빌리프 프로즌 크림 50ml 1+1 기획(+손거울 증정) / 아모밤 30ml 1+1 기획,빌리프,엘지생활건강,엘지생활건강,high,"[본품/증정 동일 - 프로즌 크림]
정제수, 부틸렌글라이콜, 카프릴릭/카프릭트라이글리세라이드, 1,2-헥산다이올, 베타인, 베헤닐알코올, 판테놀, 유칼립투스잎추출물*+, 폴스애플민트잎추출물*, 로즈힙열매추출물*, 레몬밤꽃/잎/줄기수*, 타임잎추출물*, 로즈마리잎수*, 비터오렌지꽃오일+, 토탄추출물+, 양버들껍질/싹/잎/잔가지추출물+, 프렌치로즈꽃추출물+, 흰서양송로추출물+, 자일리톨, 에리스리톨, 소듐하이알루로네이트, 카페인, 카퍼트라이펩타이드-1, 글라이신, 베타-글루칸, 나이아신아마이드, 글리세릴폴리메타크릴레이트, 트라이에틸헥사노인, 카보머, 다이메티콘, 다이실록세인, 트로메타민, 글리세린, 프로필렌글라이콜, 스테아릴다이메티콘, 락토바실러스/콩발효추출물, C30-45알킬다이메티콘, 토코페릴아세테이트, 효모/감자추출물발효여과물, 효모/보리씨발효여과물, 트라이소듐이디티에이, 말라카이트추출물, 메틸다이아이소프로필프로피온아마이드, 오렌지껍질오일**, 라임전초오일**, 센티드제라늄꽃오일**, 로즈마리잎오일**, 리모넨, 시트로넬올, 제라니올, 시트랄, 리날룰
*표시: belif original formula
+표시: 빌리프 프로 프로즌 콤플렉스
**표시: 식물 유래 향

[증정 - 프로즌 토너]
정제수, 글리세린, 프로판다이올, 부틸렌글라이콜, 변성알코올, C12-15알킬벤조에이트, 1,2-헥산다이올, 판테놀, 자일리톨, 글루코노락톤, 소듐하이알루로네이트, 레몬밤꽃/잎/줄기수*, 로즈마리잎수*, 나이아신아마이드, 유칼립투스잎추출물*+, 폴스애플민트잎추출물*, 로즈힙열매추출물*, 타임잎추출물*, 토탄추출물+, 양버들껍질/싹/잎/잔가지추출물+, 프렌치로즈꽃추출물+, 흰서양송로추출물+, 비터오렌지꽃오일+, 카퍼트라이펩타이드-1, 폴리글리세릴-10스테아레이트, 폴리글리세릴-10올리에이트, 카프릴릭/카프릭트라이글리세라이드, 말라카이트추출물, 소듐시트레이트, 시트릭애씨드, 바이오사카라이드검-1, 카페인, 펜틸렌글라이콜, 에리스리톨, 에틸헥실글리세린, 글라이신, 메틸다이아이소프로필프로피온아마이드, 로즈마리잎오일**, 오렌지껍질오일**, 라임전초오일**, 센티드제라늄꽃오일**, 리모넨, 시트로넬올, 제라니올, 시트랄, 리날룰
*표시: belif original formula
+표시: 빌리프 프로 프로즌 콤플렉스
**표시: 식물 유래 향

[증정 - 프로즌 세럼]
정제수, 변성알코올, 스테아릴헵타노에이트, 1,2-헥산다이올, 다이프로필렌글라이콜, 트레할로오스, 다이메티콘, 유칼립투스잎추출물*, 폴스애플민트잎추출물*, 로즈힙열매추출물*, 레몬밤꽃/잎/줄기수*, 로즈마리잎수*, 타임잎추출물*, 하이드롤라이즈드하이알루로닉애씨드(0.01%), 하이알루로닉애씨드(0.001%), 하이드롤라이즈드소듐하이알루로네이트(0.001%), 소듐하이알루로네이트(0.01%), 하이드록시프로필트라이모늄하이알루로네이트(0.001%), 소듐하이알루로네이트크로스폴리머(0.000001%), 소듐아세틸레이티드하이알루로네이트(0.001%), 카페인, 판테놀, 폴리글리세릴-10스테아레이트, C14-22알코올, 폴리글리세릴-10올리에이트, 카보머, 소듐폴리아크릴레이트스타치, C12-20알킬글루코사이드, 말라카이트추출물, 포타슘하이드록사이드, 다이소듐이디티에이, 나이아신아마이드, 베타인, 소듐글루코네이트, 펜틸렌글라이콜, 에틸헥실글리세린, 카프릴릴글라이콜, 아세틸헥사펩타이드-8, 로즈마리잎오일+, 라임전초오일+, 센티드제라늄꽃오일+, 오렌지껍질오일+, 리모넨, 시트로넬올, 제라니올, 시트랄, 리날룰
*표시: belif original formula
+표시: 빌리프 프로 프로즌 콤플렉스
**표시: 식물 유래 향","olive_crwl (상품정보 제공고시 크롤링, OCR 아님)",A000000224581
cream_03,cream,[7월올영픽/1등진정] 파넬 시카마누 레드 리페어 크림 50ml 더블기획 (+세럼 15ml),파넬,(크림)주식회사 정코스,(주)일레븐코퍼레이션,high,"(크림)
정제수, 글리세린, 카프릴릭/카프릭트라이글리세라이드, 세테아릴알코올, 1,2-헥산다이올, 프로판다이올, 부틸렌글라이콜다이카프릴레이트/다이카프레이트, 폴리글리세린-3, 비닐다이메티콘, 하이드로제네이티드폴리데센, 판테놀, 스쿠알란, 세테아릴올리베이트, 솔비탄올리베이트, 글리세릴스테아레이트, 폴리아크릴레이트-13, 부틸렌글라이콜, 아크릴레이트/C10-30알킬아크릴레이트크로스폴리머, 하이드로제네이티드폴리아이소부텐, 병풀추출물(1,025 ppm), 잇꽃꽃추출물, 하이드록시에틸아크릴레이트/소듐아크릴로일다이메틸타우레이트코폴리머, 덱스트린, 알지닌, 에틸헥실글리세린, 치자추출물, 다이소듐이디티에이, 폴리글리세릴-10라우레이트, 2,3-부탄다이올, 에틸헥실팔미테이트, 카카오씨추출물, 칸디다 봄비콜라/글루코오스/메틸레이프씨데이트발효물, 솔비탄아이소스테아레이트, 불가리스쑥오일, 소듐하이알루로네이트, 라우릴글루코사이드, 올리브오일, 에톡시다이글라이콜, 하이드로제네이티드레시틴, 아시아티코사이드(42 ppm), 아시아틱애씨드(31.5 ppm), 마데카식애씨드(31.43 ppm), 마누카잎추출물(25 ppm), 꿀추출물(20 ppm), 락토바실러스발효물, 병풀꽃/잎/줄기추출물(10 ppm), 병풀뿌리추출물(10 ppm), 해바라기씨오일, 마데카소사이드(1.07 ppm), 멜라토닌, 셀필룸추출물, 테아닌, 소듐디엔에이

(세럼)
정제수, 부틸렌글라이콜, 글리세린, 1,2-헥산다이올, 카보머, 트로메타민, 폴리글리세릴-10라우레이트, 프로판다이올, 인도멀구슬나무잎추출물, 병풀추출물(744ppm), 카카오씨추출물, 에틸헥실글리세린, 불가리스쑥오일, 인도멀구슬나무꽃추출물, 덱스트린, 다이소듐이디티에이, 소듐폴리아크릴레이트, 펜틸렌글라이콜, 황련뿌리추출물, 락토바실러스발효물, 마누카잎추출물(20ppm), 마데카소사이드(20ppm), 데실글루코사이드, 카프릴릴글라이콜, 꿀추출물(900ppb), 메도우폼씨오일, 카프릴릭/카프릭트라이글리세라이드, 올리브오일, 하이드로제네이티드레시틴, 세라마이드엔피, 피토스핑고신, 멜라토닌","olive_crwl (상품정보 제공고시 크롤링, OCR 아님)",A000000259494
cream_04,cream,[1+1/1등 모공 수분천재크림] 에스네이처 아쿠아 스쿠알란 수분크림 60ml 더블기획,에스네이처,(주)바이오코스텍,에스네이처,high,"정제수, 스쿠알란(150,000ppm), 글리세린, 1,2-헥산다이올, 베타인, 판테놀, 소듐하이알루로네이트, 하이드롤라이즈드콜라겐, 하이드록시프로필트라이모늄하이알루로네이트, 하이드롤라이즈드하이알루로닉애씨드, 소듐아세틸레이티드하이알루로네이트, 아세틸헥사펩타이드-8, 아데노신, 하이알루로닉애씨드, 하이드롤라이즈드소듐하이알루로네이트, 소듐하이알루로네이트크로스폴리머, 포타슘하이알루로네이트, 아크릴레이트/C10-30알킬아크릴레이트크로스폴리머, 알지닌, 알란토인, 자일리틸글루코사이드, 안하이드로자일리톨, 자일리톨, 글루코오스, 부틸렌글라이콜, 암모늄아크릴로일다이메틸타우레이트/브이피코폴리머, 카프릴릴글라이콜","olive_crwl (상품정보 제공고시 크롤링, OCR 아님)",A000000192782
cream_05,cream,[7월 올영픽] 에스트라 아토베리어365 하이드로 수딩크림 80ml 기획 (+수딩크림 10ml+클렌징폼 30g),에스트라,(주)코스비전,(주)아모레퍼시픽,high,"정제수, 글리세린, 부틸렌글라이콜, 다이메티콘, 스쿠알란, 1,2-헥산다이올, 베타인, 세테아릴알코올, 암모늄아크릴로일다이메틸타우레이트/브이피코폴리머, 하이드로제네이티드쌀겨오일, 하이드로제네이티드레시틴, 폴리글리세릴-3메틸글루코오스다이스테아레이트, 폴리아크릴레이트크로스폴리머-6, 만니톨, 세틸-피지하이드록시에틸팔미타마이드, 스테아릭애씨드, 에틸헥실글리세린, 글리세릴카프릴레이트, 프로판다이올, 글리세릴스테아레이트, 소듐메타포스페이트, 세라마이드엔피, 카보머, 팔미틱애씨드, 실리카, 징크클로라이드, 콜레스테롤, 베타-글루칸, 스핑고리피드, 소듐하이알루로네이트, 하이드록시프로필메틸셀룰로오스, 미리스틱애씨드, 프로필렌글라이콜, 라우릭애씨드, 토코페롤","olive_crwl (상품정보 제공고시 크롤링, OCR 아님)",A000000258834
cream_06,cream,"[흔적,기미,미백/TXA] 셀리맥스 트라넥삼산 잡티 크림 35ml 기획 (+14ml)",셀리맥스,"한국콜마(주), (주)앱솔브랩",,확인 필요,"전성분 정제수, 글리세린, 나이아신아마이드, 트라넥사믹애씨드, 카프릴릭/카프릭트라이글리세라이드, 다이프로필렌글라이콜, 1,2-헥산다이올, 퀸즈랜드넛오일, 페닐트라이메티콘, 하이드로제네이티드폴리(C6-14올레핀), 다이카프릴릴에테르, 비닐다이메티콘, 세테아릴알코올, 프로판다이올, 세테아릴올리베이트, 글리세릴스테아레이트에스이, 솔비탄올리베이트, 암모늄아크릴로일다이메틸타우레이트/브이피코폴리머, 베헤닐알코올, 다이메티콘올, 세테아릴글루코사이드, 다시마추출물, 한련초잎추출물, 하이드로제네이티드레시틴, 세라마이드엔피, 베타인, 에틸헥실글리세린, 잔탄검, 비파나무잎추출물, 아데노신, 프룩토올리고사카라이드, 황련뿌리추출물, 콜레스테롤, 부틸렌글라이콜, 베타-글루칸, 스피어민트추출물, 하이드롤라이즈드하이알루로닉애씨드, 카카오씨추출물, 덱스트린, 토코페롤, 아스코빅애씨드폴리펩타이드, 글리세릴스테아레이트, 세라마이드에이에스, 세라마이드에이피, 세라마이드엔에스, 세라마이드이오피","olive_crwl (상품정보 제공고시 크롤링, OCR 아님)",A000000253592
cream_07,cream,[올영 어워즈 1등 크림] 에스트라 아토베리어365 크림 80ml,에스트라,(주)코스비전,(주)아모레퍼시픽,high,"정제수, 부틸렌글라이콜, 글리세린, 부틸렌글라이콜다이카프릴레이트/다이카프레이트, 세틸에틸헥사노에이트, 스쿠알란, 펜타에리스리틸테트라아이소스테아레이트, 다이카프릴릴카보네이트, 베헤닐알코올, 다이메티콘, 하이드록시프로필비스팔미타마이드엠이에이, 스테아릭애씨드, 베타인, 만니톨, C14-22알코올, 팔미틱애씨드, 하이드록시프로필비스라우라마이드엠이에이, 아라키딜알코올, 콜레스테롤, 폴리아크릴레이트-13, C12-20알킬글루코사이드, 알란토인, 아라키딜글루코사이드, 나이아신아마이드, 세라마이드엔피, 글리세릴카프릴레이트, 에틸헥실글리세린, 하이드로제네이티드폴리아이소부텐, 카보머, 트로메타민, 다이메티콘올, 폴리글리세릴-10라우레이트, 하이드로제네이티드레시틴, 에틸헥실팔미테이트, 아크릴레이트/암모늄메타크릴레이트코폴리머, 솔비탄아이소스테아레이트, 실리카, 피토스핑고신, 스핑고리피드, 아라키딕애씨드, 토코페롤, 올레익애씨드","olive_crwl (상품정보 제공고시 크롤링, OCR 아님)",A000000198320
cream_08,cream,피지오겔 DMT 페이셜 보습 장벽 크림 150ml 기획(+토너 50ml),피지오겔,(주)엘지생활건강,(주)엘지생활건강,high,"[피지오겔 DMT 페이셜 크림]
정제수, 카프릴릭/카프릭트라이글리세라이드, 글리세린, 펜틸렌글라이콜, 코코넛야자오일, 하이드로제네이티드레시틴, 시어버터, 하이드록시에틸셀룰로오스, 스쿠알란, 카보머, 잔탄검, 소듐카보머, 세라마이드엔피
[피지오겔 DMT 에센스 인 토너]
정제수, 다이프로필렌글라이콜, 글리세린, 1,2-헥산다이올, 헥실데실에틸헥사노에이트, 펜타에리스리틸테트라에틸헥사노에이트, 변성알코올, 베타인, 사이클로펜타실록세인, 아크릴레이트/C10-30알킬아크릴레이트크로스폴리머, 트로메타민, 다이메티콘, 피토스테롤, 소듐하이알루로네이트, 트라이소듐이디티에이, 세린, 소듐피씨에이, 하이드록시에틸우레아, 알지닌, 카프릴릭/카프릭트라이글리세라이드, 스쿠알란","olive_crwl (상품정보 제공고시 크롤링, OCR 아님)",A000000239660
cream_09,cream,[손상장벽집중케어] 라로슈포제 시카플라스트 밤 B5+ 100ml 기획 (+3ml 추가증정),라로슈포제,프랑스 라로슈포제사,엘오케이 유한회사,high,정제수 하이드로제네이티드폴리아이소부텐 다이메티콘 글리세린 시어버터 판테놀 옥수수전분 프로판다이올 부틸렌글라이콜 세틸피이지/피피지-10/1다이메티콘 트라이하이드록시스테아린 병풀잎추출물 야콘뿌리즙 징크글루코네이트 마데카소사이드 망가니즈글루코네이트 알파-글루칸올리고사카라이드 실리카 알루미늄하이드록사이드 마그네슘설페이트 만노오스 카프릴로일글라이신 카프릴릴글라이콜 비트레오스실라발효물 시트릭애씨드 트라이소듐에틸렌다이아민다이석시네이트 락토바실러스 아세틸레이티드글라이콜스테아레이트 말토덱스트린 폴리글리세릴-4아이소스테아레이트 토코페롤 펜타에리스리틸테트라-다이-t-부틸하이드록시하이드로신나메이트 티타늄디옥사이드,"olive_crwl (상품정보 제공고시 크롤링, OCR 아님)",A000000206904
cream_10,cream,[7월올영픽/화잘먹크림] 피지오겔 DMT 리제너러티브 크림 100ml 기획(+토너 50ml),피지오겔,엘지생활건강,,확인 필요,"[피지오겔 DMT 리제너러티브 크림]
정제수, 글리세린, 펜틸렌글라이콜, 카프릴릭/카프릭트라이글리세라이드, 코코-카프릴레이트/카프레이트, 세테아릴알코올, 아라키딜알코올, 스쿠알란, 메틸트라이메티콘, 판테놀, 베헤닐알코올, 시어버터, 피토스테릴/이소스테아릴/세틸/스테아릴/베헤닐다이머디리놀리에이트, 오일팜오일, 하이드록시에틸아크릴레이트/소듐아크릴로일다이메틸타우레이트코폴리머, 아라키딜글루코사이드, 1,2-헥산다이올, 폴리아크릴레이트크로스폴리머-6, 하이드로제네이티드레시틴, 오일팜커넬오일, 베헤닉애씨드, 아이소스테아릴아이소스테아레이트, 카보머, 소듐카보머, 세라마이드엔피, 아데노신, 콜레스테롤, 소듐하이알루로네이트, 솔비탄아이소스테아레이트, 나이아신아마이드, 팔미틱애씨드, 스테아릭애씨드, 토코페롤, 2,3-부탄다이올, 글리세릴스테아레이트, 세라마이드에이피, 세라마이드엔지, 세라마이드이오피, 다이프로필렌글라이콜, 하이알루로닉애씨드

[피지오겔 DMT 에센스 인 토너]
정제수, 다이프로필렌글라이콜, 글리세린, 1,2-헥산다이올, 헥실데실에틸헥사노에이트, 펜타에리스리틸테트라에틸헥사노에이트, 변성알코올, 베타인, 사이클로펜타실록세인, 아크릴레이트/C10-30알킬아크릴레이트크로스폴리머, 트로메타민, 다이메티콘,피토스테롤, 소듐하이알루로네이트, 트라이소듐이디티에이, 세린, 소듐피씨에이, 하이드록시에틸우레아, 알지닌, 카프릴릭/카프릭트라이글리세라이드, 스쿠알란","olive_crwl (상품정보 제공고시 크롤링, OCR 아님)",A000000258830
cream_11,cream,[수분보습폭탄] 빌리프 아쿠아 밤 / 모이스춰라이징 밤 30ml 1+1 기획,빌리프,엘지생활건강,엘지생활건강,high,"[모이스처라이징 밤-본품/증정]
정제수, 글리세린, 사이클로헥사실록세인, 하이드로제네이티드폴리데센, 다이프로필렌글라이콜, 마카다미아씨오일, 1,2-헥산다이올, 트라이에틸헥사노인, 비스-피이지-18메틸에터다이메틸실레인, 스테아릴알코올, 글리세릴스테아레이트, 피이지-40스테아레이트, 펜타에리스리틸테트라에틸헥사노에이트, 컴프리잎추출물, 귀리커넬추출물*, 포트마리골드꽃추출물*, 개박하추출물*, 라즈베리잎추출물*, 와일드인디고뿌리추출물*, 별꽃추출물*, 레이디스맨틀잎추출물+, 삼색제비꽃추출물+, 다마스크장미꽃추출물+, 메도우스위트꽃추출물+, 마시멜로뿌리추출물+, 아이브라이트추출물, 서양측백나무잎추출물, 서양톱풀꽃추출물, 붉은토끼풀꽃추출물, 조름나물잎추출물, 흰버드나무껍질추출물, 탱자추출물, 띠뿌리추출물, C14-22알코올, 스쿠알란, 시어버터, 아라키딜글루코사이드, 세라마이드엔피, 콜레스테롤, 카프릴릴글라이콜, 아세틸헥사펩타이드-8, 토코페롤, 판테놀, 하이드록시에틸피페라진에탄설포닉애씨드, 우레아, 효모발효여과물, 겨우살이추출물, 글라이코실트레할로오스, 락토바실러스/콩발효추출물, 스테아릭애씨드, 트로메타민, 피이지-100스테아레이트, 세테아릴올리베이트, 팔미틱애씨드, 솔비탄올리베이트, 하이드로제네이티드레시틴, 아크릴레이트/C10-30알킬아크릴레이트크로스폴리머, 다이메티콘/비닐다이메티콘크로스폴리머, 카보머, 하이드로제네이티드스타치하이드롤리세이트, 잔탄검, 트라이소듐이디티에이, 세테아릴알코올, 부틸렌글라이콜, 다이메티콘, 솔비탄스테아레이트, 오렌지껍질오일**, 라임전초오일**, 로즈마리잎오일**, 센티드제라늄꽃오일**, 리모넨, 시트로넬올, 제라니올, 시트랄, 리날룰

[아쿠아 밤-본품/증정]
정제수, 다이프로필렌글라이콜, 글리세린, 메틸트라이메티콘, 변성알코올, 다이메티콘, 사이클로펜타실록세인, 1,2-헥산다이올, 카프릴릭/카프릭트라이글리세라이드, 피이지/피피지/폴리부틸렌글라이콜-8/5/3글리세린, 펜타에리스리틸테트라에틸헥사노에이트, 귀리커넬추출물*, 포트마리골드꽃추출물*, 개박하추출물*, 라즈베리잎추출물*, 와일드인디고뿌리추출물*, 별꽃추출물*+, 레이디스맨틀잎추출물+, 쇠뜨기잎추출물+, 쐐기풀잎추출물+, 소듐하이알루로네이트, 나이아신아마이드, 폴리메틸실세스퀴옥세인, 판테놀, 피이지-150, 펜타에리스리틸테트라아이소스테아레이트, 페닐트라이메티콘, 하이드록시에틸아크릴레이트/소듐아크릴로일다이메틸타우레이트코폴리머, 카보머, 트로메타민, 스쿠알란, 피이지-40하이드로제네이티드캐스터오일, 다이메티콘올, 아크릴레이트/C10-30알킬아크릴레이트크로스폴리머, C14-22알코올, 폴리솔베이트60, 부틸렌글라이콜, 마카다미아씨오일, 말라카이트추출물, 트라이에틸헥사노인, 트라이소듐이디티에이, 아라키딜글루코사이드, 시어버터, 하이드로제네이티드레시틴, 솔비탄아이소스테아레이트, 글리세릴스테아레이트, 스테아릭애씨드, 세라마이드엔피, 콜레스테롤, 피이지-100스테아레이트, 로즈마리잎오일**, 라임전초오일**, 센티드제라늄꽃오일**, 오렌지껍질오일**, 시트랄, 시트로넬올, 리모넨, 제라니올, 리날룰","olive_crwl (상품정보 제공고시 크롤링, OCR 아님)",A000000211213
cream_12,cream,[7월 올영픽] 라로슈포제 시카플라스트 멀티 리페어 크림 100ml (+시카에센스 7.5ml),라로슈포제,프랑스 라로슈포제사,엘오케이 유한회사,high,"[시카플라스트 멀티 리페어 크림]
정제수 다이카프릴릴에터 판테놀 글리세린 펜틸렌글라이콜 폴리글리세릴-6다이스테아레이트 프로판다이올 세틸에스터 호호바에스터 베헤닐알코올 그린와틀꽃왁스 해바라기씨왁스 병풀잎추출물 야콘뿌리즙 솔비탄올리에이트 징크글루코네이트 마데카소사이드 세테아릴아이소노나노에이트 망가니즈글루코네이트 아이소헥사데칸 알파-글루칸올리고사카라이드 소듐하이알루로네이트 소듐스테아로일글루타메이트 아데노신 만노오스 카퍼글루코네이트 하이드록시아세토페논 하이드록시프로필스타치포스페이트 카프릴로일살리실릭애씨드 비트레오스실라발효물 시트릭애씨드 트라이소듐에틸렌다이아민다이석시네이트 락토바실러스 말토덱스트린 폴리글리세린-3 폴리글리세릴-3비즈왁스 폴리솔베이트80 아크릴아마이드/소듐아크릴로일다이메틸타우레이트코폴리머 세틸알코올 토코페롤

[시카에센스]
정제수 비피다발효용해물 판테놀 다이메티콘 베타인 글리세린 부틸렌글라이콜 펜틸렌글라이콜 아이소프로필미리스테이트 피이지/피피지/폴리부틸렌글라이콜-8/5/3글리세린 소듐하이드록사이드 만노오스 메틸다이하이드로자스모네이트 아크릴레이트/C10-30알킬아크릴레이트크로스폴리머 페녹시에탄올 하이드로제네이티드레시틴 알파-글루칸올리고사카라이드 카프릴릴글라이콜 폴리솔베이트20 마데카소사이드 스핑고모나스발효추출물 시트릭애씨드 야콘뿌리즙 소듐메틸스테아로일타우레이트 아세틸다이펩타이드-1세틸에스터 소듐벤조에이트 말토덱스트린 징크글루코네이트 망가니즈글루코네이트 소듐하이알루로네이트 엑토인 단삼뿌리추출물 살리실로일피토스핑고신 락토바실러스 트라이소듐에틸렌다이아민다이석시네이트 비사보롤","olive_crwl (상품정보 제공고시 크롤링, OCR 아님)",A000000257827
cream_13,cream,[7월올영픽] 닥터지 레드블레미쉬 클리어 수딩크림 EX 70ml기획 (+30ml+세럼10ml*2ea),닥터지,코스맥스(주),엘오케이(유),high,"[크림] 
정제수, 글리세린, 부틸렌글라이콜, 다이카프릴릴에터, 나이아신아마이드, 1,2-헥산다이올, 펜틸렌글라이콜, 소듐하이알루로네이트, 병풀잎추출물, 비피다발효여과물, 락토바실러스발효물, 병풀꽃/잎/줄기추출물, 병풀뿌리추출물, 병풀추출물, 효모발효여과물, 하이드로제네이티드폴리데센, 다이카프릴릴카보네이트, 하이드록시에틸아크릴레이트/소듐아크릴로일다이메틸타우레이트코폴리머, 판테놀, 아크릴레이트/C10-30알킬아크릴레이트크로스폴리머, 실리카, 트로메타민, 솔비톨, 글리세릴아크릴레이트/아크릴릭애씨드코폴리머, 에틸헥실글리세린, 트라이소듐에틸렌다이아민다이석시네이트, 알란토인, 다이프로필렌글라이콜, 토코페롤, 마데카소사이드, 폴리글리세릴-10라우레이트, 포스파티딜콜린, 하이드로제네이티드레시틴, 칼슘판토테네이트, 스쿠알란, 에리스리톨, 에틸헥실팔미테이트, 아시아티코사이드, 마데카식애씨드, 아시아틱애씨드, 트라이하이드록시스테아린, 세라마이드엔피, 다발방패버섯추출물, 잔탄검
[세럼]
정제수, 부틸렌글라이콜, 다이프로필렌글라이콜, 나이아신아마이드, 1,2-헥산다이올, 글리세린, 판테놀, 글리세레스-26, 하이드록시에틸셀룰로오스, 에리스리톨, 소듐폴리아크릴로일다이메틸타우레이트, 소듐하이알루로네이트(1,100 ppm), 알란토인, 에틸헥실글리세린, 카프릴릭/카프릭트라이글리세라이드, 바이오사카라이드검-1, 다이소듐이디티에이, 하이드로제네이티드레시틴, 베타인살리실레이트, 석시닉애씨드, 트로메타민, 효모발효여과물, 옥틸도데칸올, 폴리글리세릴-10라우레이트, 포스파티딜콜린, 아시아티코사이드(48 ppm), 병풀잎추출물(40 ppm), 마데카식애씨드(36 ppm), 아시아틱애씨드(36 ppm), 글라이코리피드, 세라마이드엔피, 베타-글루칸, 락토바실러스발효물, 락토바실러스/콩발효추출물, 류코노스톡/무발효여과물, 효모발효추출물, 팔미토일트라이펩타이드-5, 다발방패버섯추출물, 마데카소사이드(3.6 ppm), 병풀추출물(3.4 ppm), 하이드록시프로필트라이모늄하이알루로네이트(1 ppm), 토코페롤, 징크피씨에이, 헥사펩타이드-9","olive_crwl (상품정보 제공고시 크롤링, OCR 아님)",A000000255752
cream_14,cream,[광채/기미] 코페르 큐리페어 멜라크림 21ml 기획(+4ml),코페르,"(주)쵸이스코스메틱, (주)베스트이노베이션",,확인 필요,"정제수, 글리세린, 하이드로제네이티드폴리데센, 네오펜틸글라이콜다이카프레이트, 메틸프로판다이올, 세틸피이지/피피지-10/1다이메티콘, 나이아신아마이드, 사이클로펜타실록세인, 1,2-헥산다이올, 다이메티콘, 트라이하이드록시스테아린, 사이클로헥사실록세인, 시어버터, 솔비탄세스퀴올리에이트, 실리카, 소듐클로라이드, 마트리카리아꽃추출물, 인동덩굴꽃추출물, 병풀추출물, 호장근뿌리추출물, 황금추출물, 녹차추출물, 스페인감초뿌리추출물, 로즈마리잎추출물, 유럽밤나무씨추출물, 뽕나무잎추출물, 에스에이치-올리고펩타이드-1, 에스에이치-올리고펩타이드-2, 에스에이치-폴리펩타이드-1, 에스에이치-폴리펩타이드-3, 에스에이치-폴리펩타이드-9, 에스에이치-폴리펩타이드-16, 에스에이치-폴리펩타이드-62, 에스에이치-폴리펩타이드-11, 에스에이치-폴리펩타이드-22, 에스에이치-폴리펩타이드-60, 에틸헥실글리세린, 편백수, 티타늄디옥사이드, 트라이에톡시카프릴릴실레인, 알루미늄하이드록사이드, 부틸렌글라이콜, 카프릴릴글라이콜, 스타아니스추출물, 아데노신, 다이소듐이디티에이, 라벤더오일, 리날룰","olive_crwl (상품정보 제공고시 크롤링, OCR 아님)",A000000246297
cream_15,cream,[7월올영픽/손상장벽리페어] 피지오겔 레드수딩 AI 리페어 크림 100m 기획(+30ml+마스크 2매),피지오겔,(주)엘지생활건강,,확인 필요,"[피지오겔 레드수딩 AI 리페어 크림]
정제수, 올리브오일, 글리세린, 펜틸렌글라이콜, 오일팜오일, 식물성오일, 하이드로제네이티드레시틴, 스쿠알란, 베타인, 팔미타마이드엠이에이, 아세타마이드엠이에이, 사코신,하이드록시에틸셀룰로오스, 카보머, 소듐카보머, 잔탄검, 토코페롤, 다이소듐포스페이트, 소듐포스페이트

[피지오겔 레드수딩 AI 릴리프 마스크]
정제수, 부틸렌글라이콜, 글리세린, 다이프로필렌글라이콜, 1,2-헥산다이올, 베타인, 메틸프로판다이올, 판테놀, 프로판다이올, 자작나무수액, 팔미타마이드엠이에이, 아세타마이드엠이에이, 사코신, 알란토인, 다이포타슘글리시리제이트, 하이드로제네이티드레시틴, 소듐하이알루로네이트, 베타-글루칸, 스쿠알란, 시어버터, 메도우폼씨오일, 세라마이드엔피, 카프릴릭/카프릭트라이글리세라이드, 아라키딜글루코사이드, 세테아릴알코올, 아라키딜알코올, 베헤닐알코올, 스테아릭애씨드, 팔미틱애씨드, 폴리글리세릴-10스테아레이트, 폴리글리세릴-10올리에이트, 콜레스테롤, 암모늄아크릴로일다이메틸타우레이트/베헤네스-25메타크라일레이트크로스폴리머, 카보머, 잔탄검, 다이소듐이디티에이, 트로메타민","olive_crwl (상품정보 제공고시 크롤링, OCR 아님)",A000000258831
cream_16,cream,[대용량] 제로이드 인텐시브 크림 80ml 기획 (+50ml),제로이드,㈜네오팜,㈜네오팜,high,"정제수, 프로판다이올, 카프릴릭/카프릭트라이글리세라이드, 글리세린, 식물성스쿠알란, 세테아릴알코올, 폴리글리세릴-10다이스테아레이트, 글리
세릴스테아레이트, 스테아릭애씨드, 다이메티콘, 1,2-헥산다이올, 미리스토일/팔미토일옥소스테아라마이드/아라카마이드엠이에이, 피토스테롤, 토코페릴
아세테이트, 카놀라오일, 올리브오일, 세틸팔미테이트, 솔비탄팔미테이트, 솔비탄올리베이트, 비사보롤, 메틸카프로오일타이로지네이트, 잔탄검, 소듐하이
알루로네이트, 카보머, 알지닌, 카프릴릴글라이콜","olive_crwl (상품정보 제공고시 크롤링, OCR 아님)",A000000231590
cream_17,cream,바이오더마 시카비오 포마드 100ml(리페어 리치 밤),바이오더마,나오스 (NAOS),나오스코리아 (유) 서울시 강남구 테헤란로 407,high,"정제수, 글리세린, 미네랄오일, 카프릴릭/카프릭트라이글리세라이드, 프룩토올리고사카라이드, 폴리글리세릴-4다이아이소스테아레이트/폴리하이드록시스테아레이트/세바케이트, 프로판다이올, 자일리톨, 징크스테아레이트, 소듐시트레이트, 부틸렌글라이콜, 카프릴로일글라이신, 카퍼설페이트, 소듐하이드록사이드, 소듐하이알루로네이트, 징크설페이트, 포도덩굴추출물, 라우레스-3, 아시아티코사이드, 아시아틱애씨드, 마데카식애씨드, 라미나리아 오크롤레우카추출물, 하이드록시에틸셀룰로오스, 아세틸다이펩타이드-1세틸에스터, 만니톨, 람노오스, 포타슘솔베이트 (0.003%)","olive_crwl (상품정보 제공고시 크롤링, OCR 아님)",A000000134691
cream_18,cream,[장원영PICK] 닥터엘시아 345 릴리프 크림 50ml 기획 (+10ml*2ea+튜브링거),닥터엘시아,한국콜마(주),(주)더퓨어랩,high,"정제수, 티트리잎수, 프로판다이올, 글리세린, 1,2-헥산다이올, 하이드로제네이티드폴리데센, 비닐다이메티콘, C14-22알코올, 카프릴릭/카프릭트라이글리세라이드, 나이아신아마이드, 판테놀, 다이카프릴릴카보네이트, 부틸렌글라이콜, 암모늄아크릴로일다이메틸타우레이트/브이피코폴리머, 카프릴릴메티콘, 폴리메틸실세스퀴옥세인, C12-20알킬글루코사이드, 하이드록시아세토페논, 아크릴레이트/C10-30알킬아크릴레이트크로스폴리머, 폴리쿼터늄-51, 에틸헥실글리세린, 트로메타민, 소듐하이알루로네이트, 소듐스테아로일글루타메이트, 황련뿌리추출물, 병풀잎수, 베타-글루칸, 레스베라트롤, 하이드롤라이즈드하이알루로닉애씨드, 녹차수, 토코페롤, 마데카소사이드, 소듐디엔에이, 병풀추출물, 세라마이드엔피, 탄닉애씨드, 다이소듐이디티에이, 소듐파이테이트","olive_crwl (상품정보 제공고시 크롤링, OCR 아님)",A000000245087
cream_19,cream,"[NCT 재민PICK] 이즈앤트리 어니언 뉴페어 겔크림 플러스 50ml 기획 (+겔크림 플러스 20ml, 패드 2매)",이즈앤트리,(주)코스메카코리아,(주)이즈앤트리,high,"[어니언 겔크림 플러스]
정제수, 글리세린, 카프릴릭/카프릭트라이글리세라이드, 나이아신아마이드, 프로판다이올, 1,2-헥산다이올, 하이드록시에틸아크릴레이트/소듐아크릴로일다이메틸타우레이트코폴리머, 양파추출물(10,100 ppm), 부틸렌글라이콜, 세테아릴알코올, 비닐다이메티콘, 카보머, 세테아릴올리베이트, 솔비톨, 솔비탄올리베이트, 바이오사카라이드검-1, 소듐폴리아크릴로일다이메틸타우레이트, 알지닌, 소듐아스코빌포스페이트, 글루타티온, 쿼세틴, 페룰릭애씨드, 알란토인, 판테놀, 소듐하이알루로네이트, 하이드롤라이즈드하이알루로닉애씨드, 하이알루로닉애씨드, 하이드록시프로필트라이모늄하이알루로네이트, 소듐아세틸레이티드하이알루로네이트, 마데카소사이드, 스쿠알란, 약모밀추출물, 사이아노코발아민, 솔비탄아이소스테아레이트, 하이드로제네이티드폴리데센, 에틸헥실글리세린, 시트릭애씨드, 하이드록시에틸셀룰로오스, 덱스트린, 다이소듐이디티에이, 소듐시트레이트, 트라이데세스-10, 치자추출물, 아데노신, 하이드로제네이티드레시틴, 폴리글리세릴-10스테아레이트, 펜틸렌글라이콜, 데실글루코사이드, 알지닌/라이신폴리펩타이드, 카프릴릴글라이콜
[어니언 패드]
정제수, 부틸렌글라이콜, 글리세린, 1, 2-헥산다이올, 나이아신아마이드, 양파추출물(843ppm), 트레할로오스, 약모밀추출물, 판테놀, 알란토인, 소듐헤파린, 소듐하이알루로네이트, 하이드롤라이즈드하이알루로닉애씨드, 소듐아세틸레이티드하이알루로네이트, 인도멀구슬나무꽃추출물, 아이비고드열매추출물, 트라넥사믹애씨드, 소듐아스코빌포스페이트, 글루코노락톤, 베타-글루칸, 하이드록시에틸셀룰로오스, 아데노신, 시트릭애씨드, 에틸헥실글리세린, 폴리솔베이트60, 다이소듐포스페이트, 소듐포스페이트","olive_crwl (상품정보 제공고시 크롤링, OCR 아님)",A000000247776
cream_20,cream,[수분충전/쿨링진정] 에스네이처 아쿠아 오아시스 수분 젤크림 90ml 기획 (+카밍패드 2매),에스네이처,"[젤크림](주)씨엔에프, [카밍패드](주)엔코스",에스네이처,high,"젤크림 : 정제수, 글리세린, 부틸렌글라이콜, 1,2-헥산다이올, 블루아가베잎추출물, 알란토인, 소듐하이알루로네이트, 하이드록시프로필트라이모늄하이알루로네이트, 하이드롤라이즈드하이알루로닉애씨드, 소듐아세틸레이티드하이알루로네이트, 하이알루로닉애씨드, 하이드롤라이즈드소듐하이알루로네이트, 소듐하이알루로네이트크로스폴리머, 포타슘하이알루로네이트, 알지닌, 메틸트라이메티콘, 에틸헥실글리세린, 암모늄아크릴로일다이메틸타우레이트/브이피코폴리머, 하이드록시에틸아크릴레이트/소듐아크릴로일다이메틸타우레이트코폴리머, 아크릴레이트/C10-30알킬아크릴레이트크로스폴리머, 하이드로제네이티드폴리(C6-14올레핀), 메틸다이아이소프로필프로피온아마이드, 다이메티콘/비닐다이메티콘크로스폴리머, 솔비탄아이소스테아레이트, 다이소듐이디티에이

카밍패드 : 정제수, 프로판다이올, 부틸렌글라이콜, 판테놀(30,000ppm), 다이프로필렌글라이콜, 글리세릴글루코사이드, 소듐피씨에이 베타인, 알란토인(1,500ppm), 글루코노락톤, 글리세린, 소듐하이알루로네이트, 사카라이드아이소머레이트, 보검선인장줄기추출물, 하이드록시프로필트라이모늄하이알루로네이트, 하이드롤라이즈드하이알루로닉애씨드, 소듐아세틸레이티드하이알루로네이트, 하이알루로닉애씨드, 하이드롤라이즈드소듐하이알루로네이트, 소듐하이알루로네이트크로스폴리머, 포타슘하이알루로네이트, 탱자추출물, 다이포타슘글리시리제이트, 효모발효물, 락토바실러스발효물, 에틸헥실글리세린, 카프릴릴글라이콜, 트로메타민, 1,2-헥산다이올, 소듐파이테이트, 하이드록시아세토페논, 글리세릴아크릴레이트/아크릴릭애씨드코폴리머, 피브이엠/엠에이코폴리머","olive_crwl (상품정보 제공고시 크롤링, OCR 아님)",A000000202893
mistOil_01,mistOil,[7월올영픽/쿨링진정] 파넬 시카마누 세럼 미스트 100g 기획 (+세럼 15ml),파넬,(주)코스메카코리아,(주)일레븐코퍼레이션,high,"[세럼미스트]
정제수, 다이프로필렌글라이콜, 프로판다이올, 나이아신아마이드, 1,2-헥산다이올, 부틸렌글라이콜, 글리세레스-25피씨에이아이소스테아레이트, 하이드록시아세토페논, 아크릴릭애씨드/브이피크로스폴리머, 알지닌, 에리스리톨, 병풀추출물(1,005ppm), 자일리톨, 잇꽃꽃추출물, 황련뿌리추출물, 에틸헥실글리세린, 덱스트린, 치자추출물, 메틸다이아이소프로필프로피온아마이드, 글리세린, 옥수수커넬추출물, 알로에베라잎추출물, 레몬그라스추출물, 유칼립투스잎추출물, 콘민트추출물, 폴록사머407, 판테놀, 카카오씨추출물, 프룩탄, 아시아티코사이드(4,000ppb), 아시아틱애씨드(3,000ppb), 마데카식애씨드(3,000ppb), 소듐디엔에이, 글루코오스, 마누카잎추출물(2,500ppb), 꿀추출물(2,000ppb), 락토바실러스발효물, 소듐하이알루로네이트크로스폴리머, 폴리글루타믹애씨드, 트레할로오스, 징크피씨에이, 다이메틸실란올하이알루로네이트, 하이드롤라이즈드하이알루로닉애씨드, 하이드롤라이즈드소듐하이알루로네이트, 하이알루로닉애씨드, 마데카소사이드(100ppb), 포타슘하이알루로네이트, 소듐하이알루로네이트, 하이드록시프로필트라이모늄하이알루로네이트, 소듐하이알루로네이트다이메틸실란올, 소듐아세틸레이티드하이알루로네이트

[세럼(증정)]
정제수, 부틸렌글라이콜, 글리세린, 1,2-헥산다이올, 카보머, 트로메타민, 폴리글리세릴-10라우레이트, 프로판다이올, 인도멀구슬나무잎추출물, 병풀추출물(744ppm), 카카오씨추출물, 에틸헥실글리세린, 불가리스쑥오일, 인도멀구슬나무꽃추출물, 덱스트린, 다이소듐이디티에이, 소듐폴리아크릴레이트, 펜틸렌글라이콜, 황련뿌리추출물, 락토바실러스발효물, 마누카잎추출물(20ppm), 마데카소사이드(20ppm), 데실글루코사이드, 카프릴릴글라이콜, 꿀추출물(900ppb), 메도우폼씨오일, 카프릴릭/카프릭트라이글리세라이드, 올리브오일, 하이드로제네이티드레시틴, 세라마이드엔피, 피토스핑고신, 멜라토닌","olive_crwl (상품정보 제공고시 크롤링, OCR 아님)",A000000259499
mistOil_02,mistOil,모토몬트 라이스 듀이 페이셜 미스트 100ml,모토몬트,코스맥스(주),하이템포왈츠주식회사,high,"쌀겨수 (43.4%), 정제수, 트라이에틸헥사노인, 1,2-헥산다이올, C15-19알케인, 나이아신아마이드, 카카오추출물, 백미꽃추출물, 접시꽃추출물, 트라이라우레스-4포스페이트, 하이드로제네이티드레시틴, 글리세린, 에틸헥실글리세린, 프로판다이올, 부틸렌글라이콜, 소듐파이테이트, 시트릭애씨드, 펜틸렌글라이콜, 소듐시트레이트, 자일로글루칸, 베타-글루칸, 덱스트린, 하이드록시신나믹애씨드, 토코페롤, 루틴, 소듐디엔에이 , 향료","olive_crwl (상품정보 제공고시 크롤링, OCR 아님)",A000000260415
mistOil_03,mistOil,[미피 네임택 증정/7월 올영픽] 아벤느 오 떼르말 300ml 2입 기획 (+150ml +미피 네임택),아벤느,피에르파브르더모코스메틱,피에르파브르더모코스메틱코리아(유),high,아벤느 온천수(아쿠아),"olive_crwl (상품정보 제공고시 크롤링, OCR 아님)",A000000259067
mistOil_04,mistOil,[화잘먹] 모토몬트 애프터눈 페이셜 미스트 100ml,모토몬트,(주)나우코스,와디즈엑스(주),high,"정제수, 트라이에틸헥사노인, 나이아신아마이드, 1,2-헥산다이올, 트라이라우레스-4포스페이트, 에틸헥실글리세린, 부틸렌글라이콜, 하이드로제네이티드레시틴, 덱스트린, 카카오추출물, 향료, 아데노신, 라벤더꽃추출물, 보리지추출물, 수레국화꽃추출물, 클레리추출물, 히아신스전초추출물, 마트리카리아꽃추출물, 하이알루로닉애씨드, 토코페롤, 리날룰, 리모넨","olive_crwl (상품정보 제공고시 크롤링, OCR 아님)",A000000244836
mistOil_05,mistOil,[26년 신형/보습광채] 달바 퍼스트 스프레이 세럼 펩타이드 100ml 더블기획,달바,(주)비앤비코리아,주식회사 달바글로벌,high,"정제수, 부틸렌글라이콜, 글리세레스-26, 에톡시다이글라이콜, 나이아신아마이드, 폴리프로필실세스퀴옥세인, 해바라기씨오일, 흰서양송로수, 다이프로필렌글라이콜, 1,2-헥산다이올, 솔비톨, 하이드록시에틸우레아, 아보카도오일, 바질꽃/잎/줄기추출물, 멕시칸치아씨추출물, 다이펩타이드-15, 흰서양송로추출물, 베타인, 귀리커넬추출물, 다이소듐이디티에이, 아데노신, 돌콩오일, 알지닌, 카보머, 다이포타슘글리시리제이트, 하이드롤라이즈드하이알루로닉애씨드, 아나토씨오일, 글리세린, 소듐팔미토일프롤린, 데이지꽃추출물, 프리지아추출물, 약모밀추출물, 에델바이스추출물, 마돈나백합꽃추출물, 뽕나무껍질추출물, 연꽃추출물, 인삼추출물, 스노우로투스추출물, 비피다발효용해물, 포타슘솔베이트, 알바수련꽃추출물, 하이드록시아세토페논, 카프릴릴글라이콜, 토코페릴아세테이트, 토코페롤, 향료, 리날룰, 헥실신남알, 리모넨, 시트로넬올","olive_crwl (상품정보 제공고시 크롤링, OCR 아님)",A000000259555
mistOil_06,mistOil,[수지 PICK/한정기획] 아누아 피디알엔 히알루론산 수분 캡슐 미스트 100ml 2입 기획,아누아,㈜코스맥스,㈜더파운더즈,high,"정제수, 다이페닐다이메티콘, 다이프로필렌글라이콜, 펜틸렌글라이콜, 1,2-헥산다이올, 스트렙토코쿠스 테르모필루스발효물, 캐스터오일/아이피디아이코폴리머, 자일리틸글루코사이드, 자일리톨, 돌콩추출물, 인도멀구슬나무잎추출물, 소듐하이알루로네이트(100ppm), 인도멀구슬나무꽃추출물, 돌콩오일, 사과즙, 아이비고드열매추출물, 백미꽃추출물, 가지열매추출물, 알로에베라꽃추출물, 호호바씨오일, 울금뿌리추출물, 홀리바질잎추출물, 참산호말추출물, 해바라기씨오일, 접시꽃추출물, 당근추출물, 하이드롤라이즈드하이알루로닉애씨드(0.01ppm), 하이알루로닉애씨드(0.01ppm), 유럽밤나무씨추출물, 사과씨오일, 흑효모발효물, 하이드롤라이즈드콜라겐, 비타민나무오일, 호박가루, 칸디다 봄비콜라/글루코오스/메틸레이프씨데이트발효물, 드럼스틱씨오일, 글리세레스-26, 프로판다이올, 부틸렌글라이콜, 판테놀, 카프릴릭/카프릭트라이글리세라이드, 소듐디엔에이(2,000ppm), 하이드록시에틸우레아, 하이드록시아세토페논, 알란토인, 다이펩타이드-15, 젤란검, 안하이드로자일리톨, 칼슘클로라이드, 카프릴릴글라이콜, 아데노신, 피피지-13-데실테트라데세스-24, 글리세린, 소듐시트레이트, 시트릭애씨드, 토코페롤, 옥탄다이올, 에틸헥실글리세린, 베타-카로틴, 다이포타슘포스페이트, 아세틸글루타민, 아가, 마그네슘설페이트, 다이페닐실록시페닐트라이메티콘, 페닐트라이메티콘, 프로필렌글라이콜다이벤조에이트, 하이드로제네이티드레시틴, 세라마이드엔피, 소듐클로라이드, 카퍼트라이펩타이드-1, 셀룰로오스검, 소듐바이카보네이트, 포타슘클로라이드, 소듐스테아로일글루타메이트, 잔탄검","olive_crwl (상품정보 제공고시 크롤링, OCR 아님)",A000000247773
mistOil_07,mistOil,[청담샵화잘먹] 메디큐브 PDRN 핑크 콜라겐 글로우 젤리 미스트 100ml 더블기획(+미스트 공병키링),메디큐브,(주)코스메카코리아,주식회사 에이피알,high,"콜라겐수(80.9%), 아이소프로필미리스테이트, 글리세린, 나이아신아마이드, 1,2-헥산다이올, 정제수, 소듐클로라이드, 메도우폼씨오일, 부틸렌글라이콜, 하이드록시아세토페논, 프로판다이올, 젤란검, 소듐디엔에이(1,081ppm), 해바라기씨오일, 에틸헥실글리세린, 아데노신, 트라이에틸시트레이트, 옥수수커넬추출물, 알칸나뿌리추출물, 다이소듐이디티에이, 토코페롤, 하이알루로닉애씨드, 하이드롤라이즈드하이알루로닉애씨드, 소듐하이알루로네이트, 콜라겐(10.8ppm), 프룩탄, 만주자작나무껍질/잎추출물, 피마자씨오일, 글루코오스, 레몬그라스잎오일, 스타아니스열매/씨오일, 스쿠알란, 글루타티온, 하이드롤라이즈드엘라스틴, 연어알추출물, 말토덱스트린, 카프릴릭/카프릭트라이글리세라이드, 하이드로제네이티드레시틴, 세라마이드엔피, 소듐시트레이트, 카프릴릴글라이콜, 소듐포스페이트, 시트릭애씨드, 진주추출물, 사이아노코발아민, 에스에이치-올리고펩타이드-1","olive_crwl (상품정보 제공고시 크롤링, OCR 아님)",A000000255680
mistOil_08,mistOil,[NEW / 수부지추천] 클레어스 블루 EGF 카밍 미스트 100ml,디어클레어스,아이큐어(주),위시컴퍼니(주),high,"정제수, 카프릴릭/카프릭트라이글리세라이드, 부틸렌글라이콜, 1,2-헥산다이올, 에리스리톨, 자일리톨, 알란토인, 소듐클로라이드, 트레할로오스, 에틸헥실글리세린, 카프릴릴글라이콜, 토코페릴아세테이트, 소듐시트레이트, 구아이아줄렌(300ppm), 시트릭애씨드, 엑토인(100ppm), 마데카소사이드(100ppm), 로즈힙열매오일, 비사보롤, 소듐하이알루로네이트크로스폴리머, 에스에이치-올리고펩타이드-1(5ppm), 에스에이치-폴리펩타이드-1(5ppm), 월귤추출물, 징크피씨에이","olive_crwl (상품정보 제공고시 크롤링, OCR 아님)",A000000259319
mistOil_09,mistOil,[재구매율1위] 바이오힐보 판테셀 리페어시카 크림미스트 [기내용/더블/대용량],바이오힐보,코스맥스㈜,코스맥스㈜,high,"정제수, 글리세린, 트라이에틸헥사노인, 하이드로제네이티드폴리(C6-14올레핀), 부틸렌글라이콜, 펜틸렌글라이콜, 메틸프로판다이올, 판테놀(1%), 병풀추출물, 베타-시토스테롤, 병풀잎추출물, 아세틸헥사펩타이드-8, 아스코빅애씨드폴리펩타이드, 아세틸옥타펩타이드-3, 아세틸테트라펩타이드-2, 아세틸테트라펩타이드-3, 아세틸테트라펩타이드-5, 아세틸테트라펩타이드-9, 카르노신, 카퍼트라이펩타이드-1, 노나펩타이드-1, 팔미토일펜타펩타이드-4, 팔미토일트라이펩타이드-1, 팔미토일트라이펩타이드-5, 스트렙토코쿠스 테르모필루스발효물, 아이리쉬모스추출물, 사탕수수추출물, 사과즙, 칸디다 봄비콜라/글루코오스/메틸레이프씨데이트발효물, 해바라기씨오일, 1,2-헥산다이올, 베타인, 트라이라우레스-4포스페이트, 에틸헥실글리세린, 폴리쿼터늄-51, 소듐파이테이트, 시트릭애씨드, 토코페롤, 레시틴, 에스신, 다이프로필렌글라이콜","olive_crwl (상품정보 제공고시 크롤링, OCR 아님)",A000000189004
mistOil_10,mistOil,에스트라 아토베리어365 크림미스트 120ml,에스트라,(주)아모레퍼시픽,(주)아모레퍼시픽,high,"정제수, 글리세린, 부틸렌글라이콜, 카프릴릭/카프릭트리글리세라이드, 하이드로제네이티드폴리(C6-14올레핀),디메치콘, 세틸에칠헥사노에이트, 하이드록시프로필비스라우라마이드엠이에이(10,000 ppm), 1,2-헥산디올, 소듐서팩틴, 콜레스테롤, 글리세릴카프릴레이트, 디소듐디티
에이, 에칠헥실글리세린, 베헤닉애씨드, 토코페롤","olive_crwl (상품정보 제공고시 크롤링, OCR 아님)",A000000130138
mistOil_11,mistOil,[7월올영픽/토너미스트] 유리아쥬 시카 데일리 마이크로 리페어링 미스트 120ml기획(+미스트 50ml+세럼 1ml),유리아쥬,17,(주)케이엔유,high,"[미스트]
정제수, 메틸프로판다이올, 부틸렌글라이콜, 글리세린, 1,2-헥산다이올, 나이아신아마이드, 에틸헥실글리세린, 쇠비름추출물, 소듐시트레이트, 하이드록시아세토페논, 폴리쿼터늄-51, 시트릭애씨드, 다이소듐이디티에이, 하이드로제네이티드레시틴, 판테놀, 병풀추출물, 무화과추출물, 세라마이드엔피, 락토코쿠스발효용해물, 프룩토올리고사카라이드, 향부자추출물, 사탕무뿌리추출물, 징크피씨에이, 베툴린, 포타슘락테이트, 락틱애씨드, 소듐클로라이드

[세럼]
정제수,온천수*,글리세린,다이글리세린,1,2-헥산다이올,이눌린,판테놀,소듐폴리아크릴로일다이메틸타우레이트,잔탄검,소듐하이알루로네이트,프로판다이올,병풀잎추출물,시트릭애씨드,징크글루코네이트,글루타밀아미도에틸인돌","olive_crwl (상품정보 제공고시 크롤링, OCR 아님)",A000000259179
mistOil_12,mistOil,닥터엘시아 345 릴리프 크림 미스트 100ml 기획 (+60ml),닥터엘시아,코스맥스(주),(주)더퓨어랩,high,"쌀겨수, 글리세린, 트라이에틸헥사노인, 정제수, 하이드로제네이티드폴리(C6-14올레핀), 부틸렌글라이콜, 메틸프로판다이올, 펜틸렌글라이콜, 1,2-헥산다이올, 판테놀, 스트렙토코쿠스 테르모필루스발효물, 트라이라우레스-4포스페이트, 에틸헥실글리세린, 소듐파이테이트, 시트릭애씨드, 베타인, 폴리쿼터늄-51, 사과즙, 쌀추출물, 씨솔트, 백미꽃추출물, 토코페롤, 아스퍼질러스발효물, 접시꽃추출물, 하이드롤라이즈드하이알루로닉애씨드, 하이드록시프로필트라이모늄하이알루로네이트, 마데카소사이드, 알로에베라잎수, 귀리커넬추출물, 병풀잎추출물, 락토바실러스발효물, 약모밀추출물, 하이알루로닉애씨드, 실란트라이올, 비피다발효추출물, 하이드롤라이즈드쌀단백질, 쌀아미노산","olive_crwl (상품정보 제공고시 크롤링, OCR 아님)",A000000251062
mistOil_13,mistOil,[1초 수분결 미스트] 에스네이처 아쿠아 스쿠알란 미스트 100ml 더블기획,에스네이처,(주)씨엔에프,에스네이처,high,"정제수, 부틸렌글라이콜, 글리세린, 메틸프로판다이올, 폴리글리세릴-10라우레이트, 스쿠알란(10,000ppm), 버지니아풍년화잎추출물, 달맞이꽃꽃추출물, 녹차추출물, 글리세릴글루코사이드, 1,2-헥산다이올, 아데노신, 에틸헥실글리세린, 하이드로제네이티드레시틴, 소듐시트레이트, 석시닉애씨드, 다이소듐이디티에이, 잔탄검, 하이드록시아세토페논","olive_crwl (상품정보 제공고시 크롤링, OCR 아님)",A000000240453
mistOil_14,mistOil,[26년 신형/진정결광] 달바 바이탈 스프레이 세럼 나이아신아마이드 5퍼센트 100ml 더블기획,달바,(주)비앤비코리아,(주)달바글로벌,high,"정제수, 부틸렌글라이콜, 나이아신아마이드, 글리세레스-26, 에톡시다이글라이콜, 폴리프로필실세스퀴옥세인, 해바라기씨오일, 흰서양송로수, 흰서양송로추출물, 다이펩타이드-15, 다이프로필렌글라이콜, 하이드록시에틸우레아, 베타인, 1,2-헥산다이올, 카프릴릴글라이콜, 지치뿌리추출물, 마카다미아씨오일, 아보카도오일, 로즈힙열매오일, 카프릴릭/카프릭트라이글리세라이드, 다이소듐이디티에이, 아데노신, 사카라이드아이소머레이트, 센티드제라늄꽃오일, 하이드록시아세토페논, 알지닌, 카보머, 펜타에리스리틸테트라-다이-t-부틸하이드록시하이드로신나메이트, 자일리틸글루코사이드, 아이비고드열매추출물, 석류추출물, 다이포타슘글리시리제이트, 자일리톨, 글리세린, 토코페릴아세테이트, 장미꽃오일, 시트릭애씨드, 소듐시트레이트, 라벤더꽃추출물, 로즈마리잎추출물, 오레가노추출물, 타임꽃/잎/줄기추출물, 캐모마일꽃추출물, 포트마리골드꽃추출물, 녹차추출물, 레몬그라스추출물, 유칼립투스잎추출물, 히비스커스꽃추출물, 커먼자스민추출물, 티트리추출물, 레몬밤추출물, 페퍼민트잎추출물, 콜스애플민트잎추출물, 올리브나무잎추출물, 세룰라타벚나무꽃추출물, 살비아추출물, 소듐하이알루로네이트, 하이드록시프로필트라이모늄하이알루로네이트, 개똥쑥추출물, 연꽃추출물, 쌀추출물, 호프발효물, 하이드롤라이즈드하이알루로닉애씨드, 소듐아세틸레이티드하이알루로네이트, 하이알루로닉애씨드, 하이드롤라이즈드소듐하이알루로네이트, 소듐하이알루로네이트크로스폴리머, 포타슘하이알루로네이트, 향료, 시트로넬올, 리날룰, 제라니올, 리모넨, 헥실신남알, 시트랄","olive_crwl (상품정보 제공고시 크롤링, OCR 아님)",A000000260054
mistOil_15,mistOil,[화잘먹미스트/탱글젤리광] 메디큐브 PDRN 핑크 콜라겐 젤리 미스트 100ml 기획 (+앰플5ml+크림10ml),메디큐브,(주)코스메카코리아,주식회사 에이피알,high,"**PDRN 젤리 미스트
콜라겐수(80.9%), 아이소프로필미리스테이트, 글리세린, 나이아신아마이드, 1,2-헥산다이올, 정제수, 소듐클로라이드, 메도우폼씨오일, 부틸렌글라이콜, 하이드록시아세토페논, 프로판다이올, 젤란검, 소듐디엔에이(1,081ppm), 해바라기씨오일, 에틸헥실글리세린, 아데노신, 트라이에틸헥사노인, 옥수수커넬추출물, 알간나뿌리추출물, 다이소듐이디티에이, 도쿄치류, 하이드로제네이티드레시틴, 하이드롤라이즈드하이알루로닉애씨드, 하이드롤라이즈드콜라겐, 글리세릴카프릴레이트, 콜라겐(10.8ppm), 프로판, 다채추출가루/잎추출물, 미타자씨오일, 올록수스, 레몬그라스잎추출물, 스타아니스열매/씨오일, 스쿠알란, 글루코오스, 하이드롤라이즈드엘라스틴, 연잎추출물, 말토덱스트린, 카프릴릭/카프릭트라이글리세라이드, 로즈마리잎오일, 판테놀, 소듐파이테이트, 소듐시트레이트, 카프릴릴글라이콜, 소듐포스페이트, 시트릭애씨드, 진주추출물, 사이아노코발아민, 에스에이치-올리고펩타이드-1

**PDRN 수분크림
정제수, 글리세레스-26, 부틸렌글라이콜, 카프릴릭/카프릭트라이글리세라이드, 사이클로펜타실록세인, 1,2-헥산다이올, 나이아신아마이드, 하이드로제네이티드폴리데센, 아이소노닐아이소노나노에이트, 세테아릴올리베이트, 에틸헥실올리베이트, 글리세린, 솔비탄올리베이트, 소듐디엔에이(5,000PPM), 소듐아크릴레이트코폴리머, 소듐폴리아크릴로일다이메틸타우레 이트, 하이드록시에틸아크릴레이트/소듐아크릴로일다이메틸타우레이트코폴리머, 폴리글리세릴-4올리에이트, 다이소듐이디티에이, 베타인, 판테놀, 향료, 에틸헥실글리세린, 아데노신, 솔비탄아이소스테아레이트, 메도우폼씨오일, 글리세릴아크릴레이트/아크릴릭애씨드코폴리머, 시트릭애씨드, 사이아노코발아민, 하이드로제네이티드레시틴, 세테아릴알코올, 스테아릭애씨드, 소듐하이알루로네이트(1.02PPM), 하이드록시프로필트라이모늄하이알루로네이트(0.1PPM), 세라마이드엔피, 꿀풀추출물, 블래더랙추출물, 노니열매추출물, 여주열매추출물, 오크라열매추출물, 세라마이드엔에스, 소듐아세틸레이티드하이알루로네이트(0.01PPM), 하이드롤라이즈드하이알루로닉애씨드(0.01PPM), 병풀잎추출물, 콜레스테롤, 피토스핑고신, 세라마이드에이에스, 세라마이드에이피, 하이알루로닉애씨드(0.0025PPM), 카퍼트라이펩타이드-1, 소듐하이알루로네이트크로스폴리머(0.001PPM), 아세틸헥사펩타이드-8, 팔미토일펜타펩타이드-4, 하이드롤라이즈드소듐하이알루로네이트(0.001PPM), 팔미토일테트라펩타이드-7, 팔미토일트라이펩타이드-1, 포타슘하이알루로네이트(0.0002PPM), 세라마이드이오피

**PDRN 앰플
 정제수,글리세린,다이프로필렌글라이콜,아이소프로필미리스테이트,글리세레스-26,나이아신아마이드,1,2-헥산다이올,소듐디엔에이,부틸렌글라이콜,폴리글리세린-3,소듐아크릴레이트/소듐아크릴로일다이메틸타우레이트코폴리머,폴리아이소부텐,아크릴레이트/C10-30알킬아크릴레이트크로스폴리머,이리추출물,트로메타민,글리세릴아크릴레이트/아크릴릭애씨드코폴리머,피브이엠/엠에이코폴리머,에틸헥실글리세린,카프릴릴글라이콜,향료,인도멀구슬나무잎추출물,아데노신,카프릴릴/카프릴글루코사이드,솔비탄올리에이트,인도멀구슬나무꽃추출물,소듐하이알루로네이트,다이소듐이디티에이,울금뿌리추출물,사이아노코발아민,하이드롤라이즈드콜라겐,유비퀴논,홀리바질잎추출물,참산호말추출물,팔미토일펜타펩타이드-4,팔미토일트라이펩타이드-1,팔미토일테트라펩타이드-7,카퍼트라이펩타이드-1,아세틸헥사펩타이드-8,연어알추출물,아텔로콜라겐","olive_crwl (상품정보 제공고시 크롤링, OCR 아님)",A000000232220
mistOil_16,mistOil,[보습광채/안개분사]차앤박 프로폴리스 에너지 앰플 미스트 250ml,차앤박,(주)LG생활건강,(주)LG생활건강,high,"정제수, 프로판다이올, 글리세린, 1,2-헥산다이올, 다이메티콘, 소듐시트레이트, 부틸렌글라이콜, 베타인, 하이드로제네이티드레시틴, 솔비톨, 피이지-60하이드로제네이티드캐스터오일, 솔비탄세스퀴올리에이트, 시트릭애씨드, 센티드제라늄꽃오일, 펜틸렌글라이콜, 다이소듐이디티에이, 프로폴리스추출물(200ppm), 하이알루로닉애씨드, 판테놀, 하이드록시페닐프로파미도벤조익애씨드, 글루코노락톤, 락토바이오닉애씨드, 판토락톤, 아스코빌팔미테이트, 시트로넬올, 제라니올, 리날룰","olive_crwl (상품정보 제공고시 크롤링, OCR 아님)",A000000166510
mistOil_17,mistOil,[7월 올영픽/화잘먹 쿨링 미스트] 바이오던스 콜라겐 펩타이드 젤리 세럼 미스트 50ml 기획(+퍼글러 미스트 파우치),바이오던스,(주)나우코스,(주)뷰티셀렉션,high,"콜라겐수(770,965ppm), 글리세린, 프로판다이올, 트라이프로필렌글라이콜, 1,2-헥산다이올, 나이아신아마이드, 글리세레스-26, 정제수, 소듐클로라이드, 하이드록시아세토페논, 젤란검, 칼슘락테이트, 아데노신, 다이소듐이디티에이, 갈락토미세스발효여과물, 사이아노코발아민, 치자추출물, 하이드롤라이즈드스클레로튬검, 카라기난, 하이드롤라이즈드하이알루로닉애씨드, 부틸렌글라이콜, 잔탄검, 캐롭검, 덱스트린, 수크로오스, 아세틸헥사펩타이드-8(1,000ppb), 콜라겐추출물(100ppb), 카퍼트라이펩타이드-1(0.1ppb), 트라이펩타이드-1(0.1ppb), 팔미토일트라이펩타이드-5(0.1ppb), 헥사펩타이드-9(0.1ppb), 팔미토일펜타펩타이드-4(0.1ppb), 올리고펩타이드-1(0.1ppb),팔미토일트라이펩타이드-38(0.1ppb), 펜타펩타이드-4(0.1ppb), 헥사펩타이드-12(0.1ppb)","olive_crwl (상품정보 제공고시 크롤링, OCR 아님)",A000000259222
mistOil_18,mistOil,[미백탄력/비타VER] 달바 비타 토닝 안티에이징 스프레이 세럼 8퍼센트 70ml,달바,(주)비앤비코리아,주식회사 달바글로벌,high,"전성분명,비타민나무수,흰서양송로수,콜라겐수,다이프로필렌글라이콜,해바라기씨오일,1,2-헥산다이올,글리세레스-26,정제수,나이아신아마이드,폴리프로필실세스퀴옥세인,흰서양송로추출물,카프릴릭/카프릭트라이글리세라이드,하이드록시에틸우레아,부틸렌글라이콜,마카다미아씨오일,올리브오일,베타인,토코페롤,동백나무씨오일,아보카도오일,솔비톨,다이포타슘글리시리제이트,다이소듐이디티에이,펜타에리스리틸테트라-다이-t-부틸하이드록시하이드로신나메이트,아데노신,바위돌꽃뿌리추출물,돌콩오일,비타민나무열매오일,달맞이꽃오일,인도멀구슬나무꽃추출물,소듐팔미토일프롤린,알지닌,카보머,홀리바질잎추출물,인도멀구슬나무잎추출물,덱스트린,카카오추출물,아나토씨오일,하이드롤라이즈드하이알루로닉애씨드,아스코빅애씨드,울금뿌리추출물,글루타티온,글루코오스,만노오스,참산호말추출물,알바수련꽃추출물,소듐하이알루로네이트,하이드롤라이즈드옥수수단백질,하이드롤라이즈드귀리단백질,하이드롤라이즈드완두콩단백질,하이드롤라이즈드쌀겨단백질,하이드롤라이즈드쌀단백질,하이드롤라이즈드참깨단백질,하이드롤라이즈드콩단백질,하이드롤라이즈드밀단백질,하이드록시프로필트라이모늄하이알루로네이트,소듐아세틸레이티드하이알루로네이트,하이알루로닉애씨드,하이드롤라이즈드소듐하이알루로네이트,소듐하이알루로네이트크로스폴리머,포타슘하이알루로네이트,향료,리날룰,헥실신남알,리모넨,시트로넬올","olive_crwl (상품정보 제공고시 크롤링, OCR 아님)",A000000241879
mistOil_19,mistOil,[수지 PICK] 아누아 피디알엔 히알루론산 수분 캡슐 미스트 100ml,아누아,㈜코스맥스,㈜더파운더즈,high,"정제수, 다이페닐다이메티콘, 다이프로필렌글라이콜, 펜틸렌글라이콜, 1,2-헥산다이올, 스트렙토코쿠스 테르모필루스발효물, 캐스터오일/아이피디아이코폴리머, 자일리틸글루코사이드, 자일리톨, 돌콩추출물, 인도멀구슬나무잎추출물, 인도멀구슬나무꽃추출물, 소듐하이알루로네이트 (100ppm), 사과즙, 아이비고드열매추출물, 백미꽃추출물, 가지열매추출물, 알로에베라꽃추출물, 울금뿌리추출물, 홀리바질잎추출물, 호호바씨오일, 호박가루, 참산호말추출물, 해바라기씨오일, 접시꽃추출물, 드럼스틱씨오일, 하이드롤라이즈드하이알루로닉애씨드 (0.01ppm), 하이알루로닉애씨드 (0.01ppm), 유럽밤나무씨추출물, 사과씨오일, 흑효모발효물, 하이드롤라이즈드콜라겐, 칸디다 봄비콜라/글루코오스/메틸레이프씨데이트발효물, 글리세레스-26, 프로판다이올, 부틸렌글라이콜, 판테놀, 카프릴릭/카프릭트라이글리세라이드, 소듐디엔에이 (2,000ppm), 하이드록시에틸우레아, 하이드록시아세토페논, 알란토인, 다이펩타이드-15, 젤란검, 안하이드로자일리톨, 칼슘클로라이드, 카프릴릴글라이콜, 글리세린, 소듐시트레이트, 시트릭애씨드, 토코페롤, 옥탄다이올, 에틸헥실글리세린, 다이페닐실록시페닐트라이메티콘, 페닐트라이메티콘, 프로필렌글라이콜다이벤조에이트, 다이포타슘포스페이트, 아세틸글루타민, 마그네슘설페이트, 하이드로제네이티드레시틴, 세라마이드엔피, 소듐클로라이드, 카퍼트라이펩타이드-1, 셀룰로오스검, 소듐바이카보네이트, 포타슘클로라이드, 소듐스테아로일글루타메이트, 잔탄검","olive_crwl (상품정보 제공고시 크롤링, OCR 아님)",A000000237449
mistOil_20,mistOil,[아이돌광채] 더하르나이 시카이드 크림 미스트 120ml (안개분사 화잘먹 미스트),더하르나이,"(주)예그리나, 리애드코퍼레이션㈜",,확인 필요,"정제수, 메도우폼씨오일, 1,2-헥산다이올, 메틸프로판다이올, 트레할로오스, 글리세린, 부틸렌글라이콜, 티트리잎추출물, 세라마이드엔피, 병풀추출물(2ppm), 마데카소사이드(0.02ppm), 마데카식애씨드(0.02ppm), 아시아티코사이드(0.02ppm), 아시아틱애씨드(0.02ppm), 아세틸헥사펩타이드-8, 카르노신, 카퍼트라이펩타이드-1, 글루타티온, 아세틸테트라펩타이드-3, 아세틸테트라펩타이드-5, 팔미토일테트라펩타이드-7, 팔미토일트라이펩타이드-1, 팔미토일트라이펩타이드-5, 팔미토일펜타펩타이드-4, 라임전초오일, 라벤더오일, 하이드로제네이티드레시틴, 폴리글리세릴-10올리에이트, 폴리글리세릴-3메틸글루코오스다이스테아레이트, 다이소듐이디티에이, 옥틸도데칸올, 카프릴릴글라이콜, 에틸헥실글리세린, 리모넨, 리날룰","olive_crwl (상품정보 제공고시 크롤링, OCR 아님)",A000000213916
sheetMask_01,sheetMask,[15년 연속 1위] 메디힐 에센셜 마스크팩 10/10+1매 기획 7종 골라담기,메디힐,"㈜엘에스, ㈜이미인, ㈜코스맥스",엘앤피코스메틱㈜,high,"[마데카소사이드] 정제수, 프로판다이올, 다이프로필렌글라이콜, 나이아신아마이드, 글리세린, 1,2-헥산다이올, 트레할로오스, 하이드록시아세토페논, 알지닌, 카보머, 폴리글리세릴-10라우레이트, 에틸헥실글리세린, 폴리글리세릴-4라우레이트, 잔탄검, 다이소듐이디티에이, 옥틸도데세스-16, 연필향나무오일, 마데카소사이드, 서양배추출물, 호호바씨오일, 다마스크장미꽃수, 광곽향오일, 글리세릴아크릴레이트/아크릴릭애씨드코폴리머, 오리스뿌리추출물, 멜론추출물, 불가리스쑥오일, 서양송악잎/줄기추출물, 로즈마리잎오일, 부틸렌글라이콜, 해수, 소듐하이알루로네이트, 병풀추출물, 소듐하이알루로네이트크로스폴리머, 하이드롤라이즈드글라이코사미노글리칸, 하이드로제네이티드레시틴, 향부자추출물, 벤질글라이콜, 하이드롤라이즈드하이알루로닉애씨드, 하이알루로닉애씨드, 판테놀, 세라마이드엔피

[티트리] 정제수, 글리세린, 다이프로필렌글라이콜, 1,2-헥산다이올, 티트리추출물, 메틸프로판다이올, 프로판다이올, 하이드록시아세토페논, 알지닌, 카보머, 아미노부티릭애씨드, 부틸렌글라이콜, 잔탄검, 폴리글리세릴-10라우레이트, 아데노신, 폴리글리세릴-4라우레이트, 해수, 다이소듐이디티에이, 트루로즈오브예리코추출물, 티트리잎오일, 폴리쿼터늄-51, 하이드로제네이티드레시틴, 베르가모트오일, 티트리잎추출물, 4-터피네올, 글리세릴글루코사이드, 트레할로오스, 티트리꽃/잎/줄기추출물, 티트리잎수, 화이트티트리잎추출물, 서양민들레뿌리줄기/뿌리추출물, 소엽잎추출물, 향부자추출물, 소두구씨오일, 판테놀, 세라마이드엔피

[세라마이드] 정제수, 글리세린, 다이프로필렌글라이콜, 트라이에틸헥사노인, 프로판다이올, 시어버터, 글리세릴스테아레이트, 1,2-헥산다이올, 폴리글리세릴-3메틸글루코오스다이스테아레이트, 하이드록시아세토페논, 알지닌, 폴리글리세릴-10라우레이트, 아크릴레이트/C10-30알킬아크릴레이트크로스폴리머, 폴리글리세릴-4라우레이트, 잔탄검, 에틸헥실글리세린, 향료, 팔미틱애씨드, 카보머, 스테아릭애씨드, 세라마이드엔피, 아데노신, 다이소듐이디티에이, 서양배추출물, 부틸렌글라이콜, 다마스크장미꽃수, 판테놀, 오리스뿌리추출물, 멜론추출물, 서양송악잎/줄기추출물, 글라이신, 글루타믹애씨드, 아스파틱애씨드, 소듐폴리아크릴레이트, 소듐클로라이드, 향부자추출물, 엑토인, 히스티딘, 세린, 시트릭애씨드, 알라닌, 프롤린, 트레오닌, 마그네슘클로라이드, 칼슘클로라이드, 세라마이드에이피, 세라마이드이오피, 세라마이드엔에스

[비타민씨] 정제수, 프로판다이올, 나이아신아마이드(30,000 ppm), 글리세린, 1,2-헥산다이올, 다이프로필렌글라이콜, 귤껍질추출물(2,000 ppm), 비타민나무추출물(2,000 ppm), 하이드록시아세토페논, 글리세릴글루코사이드, 알지닌, 카보머, 판테놀(1,300 ppm), 아미노부티릭애씨드, 하이드록시에틸우레아, 폴리글리세릴-10라우레이트, 잔탄검, 다이소듐이디티에이, 부틸렌글라이콜, 글리세릴아크릴레이트/아크릴릭애씨드코폴리머, 3-O-에틸아스코빅애씨드(50 ppm), 센티드제라늄꽃오일, 글루코오스, 시트로넬올, 해수, 바이오틴(24 ppm), 카르니틴에이치씨엘(24 ppm), 폴릭애씨드(24 ppm), 헤스페리딘(24 ppm), 메나다이온(24 ppm), 피리독신에이치씨엘(24 ppm), 리보플라빈(24 ppm), 티아민에이치씨엘(24 ppm), 토코페릴아세테이트(24 ppm), 제라니올, 황련추출물, 하이드로제네이티드레시틴, 아스코빅애씨드(5,000 ppb), 밤부사 불가리스잎추출물, 아마씨추출물, 향부자추출물, 에틸헥실글리세린, 소듐하이알루로네이트, 세라마이드엔피

[PDRN] 정제수, 글리세린, 프로판다이올, 부틸렌글라이콜, 글리세레스-26, 1,2-헥산다이올, 다마스크장미추출물, 잔탄검, 카보머, 판테놀, 알지닌, 하이드록시아세토페논, 카놀라오일, 폴리글리세릴-10라우레이트, 아데노신, 해바라기씨오일, 메도우폼씨오일, 다이프로필렌글라이콜, 폴리글리세릴-4라우레이트, 폴리글리세릴-10스테아레이트, 다이소듐이디티에이, 하이드록시에틸셀룰로오스, 아르간커넬오일, 다마스크장미꽃수, 치자나무꽃추출물, 락토바실러스발효물, 양까막까치밥나무잎추출물, 첨차잎추출물, 해수, 서양송악잎/줄기추출물, 센티드제라늄꽃오일, 스쿠알란, 검정콩추출물, 무화과추출물, 밤껍질추출물, 버지니아풍년화잎수, 퀴노아씨추출물, 하이드로제네이티드레시틴, 향부자추출물, 밤부사 불가리스잎추출물, 아마씨추출물, 에틸헥실글리세린, 소듐디엔에이, 글루코노락톤, 세라마이드엔피

[콜라겐] 정제수, 글리세린, 메틸프로판다이올, 프로판다이올, 1,2-헥산다이올, 하이드롤라이즈드익스텐신, 하이드록시아세토페논, 카보머, 알지닌, 잔탄검, 베타인, 트레할로오스, 아데노신, 폴리글리세릴-10라우레이트, 해수, 다이프로필렌글라이콜, 폴리글리세릴-4라우레이트, 다이소듐이디티에이, 옥틸도데세스-16, 소듐하이알루로네이트, 판테놀, 아미노부티릭애씨드, 부틸렌글라이콜, 스위트아몬드오일, 글리세릴글루코사이드, 소듐폴리아크릴레이트, 센티드제라늄꽃오일, 라벤더오일, 하이드로제네이티드레시틴, 흰목이버섯폴리사카라이드, 캐모마일꽃오일, 오렌지껍질오일, 소엽잎추출물, 서양민들레뿌리줄기/뿌리추출물, 멕시칸주니퍼오일, 엘라스틴, 향부자추출물, 카프릴릭/카프릭트라이글리세라이드, 아세틸헥사펩타이드-8, 카퍼트라이펩타이드-1, 헥사펩타이드-9, 노나펩타이드-1, 팔미토일펜타펩타이드-4, 팔미토일테트라펩타이드-7, 트라이펩타이드-1, 세라마이드엔피

[히알루론산] 정제수, 글리세린, 다이프로필렌글라이콜, 부틸렌글라이콜, 나이아신아마이드, 1,2-헥산다이올, 판테놀, 소듐하이알루로네이트, 알지닌, 카보머, 하이드록시아세토페논, 아미노부티릭애씨드, 잔탄검, 아데노신, 해수, 폴리글리세릴-10라우레이트, 다이소듐이디티에이, 서양배추출물, 폴리글리세릴-4라우레이트, 다마스크장미꽃수, 옥틸도데세스-16, 오리스뿌리추출물, 폴리쿼터늄-51, 멜론추출물, 서양송악잎/줄기추출물, 하이드로제네이티드레시틴, 향부자추출물, 소엽잎추출물, 서양민들레뿌리줄기/뿌리추출물, 스쿠알란, 카프릴릭/카프릭트라이글리세라이드, 다이메틸실란올하이알루로네이트, 글루코노락톤, 글루타티온, 하이알루로닉애씨드, 하이드롤라이즈드하이알루로닉애씨드, 하이드롤라이즈드소듐하이알루로네이트, 하이드록시프로필트라이모늄하이알루로네이트, 포타슘하이알루로네이트, 소듐아세틸레이티드하이알루로네이트, 소듐하이알루로네이트크로스폴리머, 소듐하이알루로네이트다이메틸실란올, 피토스테롤, 세라마이드엔피","olive_crwl (상품정보 제공고시 크롤링, OCR 아님)",A000000223414
sheetMask_02,sheetMask,[15년연속 1위] 메디힐 에센셜 마스크팩 1매 고기능 7종 골라담기,메디힐,"엘에스㈜, 이미인㈜, 코스맥스㈜",엘앤피코스메틱㈜,high,"[마데카소사이드] 정제수, 프로판다이올, 다이프로필렌글라이콜, 나이아신아마이드, 글리세린, 1,2-헥산다이올, 트레할로오스, 하이드록시아세토페논, 알지닌, 카보머, 폴리글리세릴-10라우레이트, 에틸헥실글리세린, 폴리글리세릴-4라우레이트, 잔탄검, 다이소듐이디티에이, 옥틸도데세스-16, 연필향나무오일, 마데카소사이드, 서양배추출물, 호호바씨오일, 다마스크장미꽃수, 광곽향오일, 글리세릴아크릴레이트/아크릴릭애씨드코폴리머, 오리스뿌리추출물, 멜론추출물, 불가리스쑥오일, 서양송악잎/줄기추출물, 로즈마리잎오일, 부틸렌글라이콜, 해수, 소듐하이알루로네이트, 병풀추출물, 소듐하이알루로네이트크로스폴리머, 하이드롤라이즈드글라이코사미노글리칸, 하이드로제네이티드레시틴, 향부자추출물, 벤질글라이콜, 하이드롤라이즈드하이알루로닉애씨드, 하이알루로닉애씨드, 판테놀, 세라마이드엔피

[PDRN] 정제수, 글리세린, 프로판다이올, 부틸렌글라이콜, 글리세레스-26, 1,2-헥산다이올, 다마스크장미추출물, 잔탄검, 카보머, 판테놀, 알지닌, 하이드록시아세토페논, 카놀라오일, 폴리글리세릴-10라우레이트, 아데노신, 해바라기씨오일, 메도우폼씨오일, 다이프로필렌글라이콜, 폴리글리세릴-4라우레이트, 폴리글리세릴-10스테아레이트, 다이소듐이디티에이, 하이드록시에틸셀룰로오스, 아르간커넬오일, 다마스크장미꽃수, 치자나무꽃추출물, 락토바실러스발효물, 양까막까치밥나무잎추출물, 첨차잎추출물, 해수, 서양송악잎/줄기추출물, 센티드제라늄꽃오일, 스쿠알란, 검정콩추출물, 무화과추출물, 밤껍질추출물, 버지니아풍년화잎수, 퀴노아씨추출물, 하이드로제네이티드레시틴, 향부자추출물, 밤부사 불가리스잎추출물, 아마씨추출물, 에틸헥실글리세린, 소듐디엔에이, 글루코노락톤, 세라마이드엔피

[콜라겐] 정제수, 글리세린, 메틸프로판다이올, 프로판다이올, 1,2-헥산다이올, 하이드롤라이즈드익스텐신, 하이드록시아세토페논, 카보머, 알지닌, 잔탄검, 베타인, 트레할로오스, 아데노신, 폴리글리세릴-10라우레이트, 해수, 다이프로필렌글라이콜, 폴리글리세릴-4라우레이트, 다이소듐이디티에이, 옥틸도데세스-16, 소듐하이알루로네이트, 판테놀, 아미노부티릭애씨드, 부틸렌글라이콜, 스위트아몬드오일, 글리세릴글루코사이드, 소듐폴리아크릴레이트, 센티드제라늄꽃오일, 라벤더오일, 하이드로제네이티드레시틴, 흰목이버섯폴리사카라이드, 캐모마일꽃오일, 오렌지껍질오일, 소엽잎추출물, 서양민들레뿌리줄기/뿌리추출물, 멕시칸주니퍼오일, 엘라스틴, 향부자추출물, 카프릴릭/카프릭트라이글리세라이드, 아세틸헥사펩타이드-8, 카퍼트라이펩타이드-1, 헥사펩타이드-9, 노나펩타이드-1, 팔미토일펜타펩타이드-4, 팔미토일테트라펩타이드-7, 트라이펩타이드-1, 세라마이드엔피


[티트리] 정제수, 글리세린, 다이프로필렌글라이콜, 1,2-헥산다이올, 티트리추출물, 메틸프로판다이올, 프로판다이올, 하이드록시아세토페논, 알지닌, 카보머, 아미노부티릭애씨드, 부틸렌글라이콜, 잔탄검, 폴리글리세릴-10라우레이트, 아데노신, 폴리글리세릴-4라우레이트, 해수, 다이소듐이디티에이, 트루로즈오브예리코추출물, 티트리잎오일, 폴리쿼터늄-51, 하이드로제네이티드레시틴, 베르가모트오일, 티트리잎추출물, 4-터피네올, 글리세릴글루코사이드, 트레할로오스, 티트리꽃/잎/줄기추출물, 티트리잎수, 화이트티트리잎추출물, 서양민들레뿌리줄기/뿌리추출물, 소엽잎추출물, 향부자추출물, 소두구씨오일, 판테놀, 세라마이드엔피

[히알루론산] 정제수, 글리세린, 다이프로필렌글라이콜, 부틸렌글라이콜, 나이아신아마이드, 1,2-헥산다이올, 판테놀, 소듐하이알루로네이트, 알지닌, 카보머, 하이드록시아세토페논, 아미노부티릭애씨드, 잔탄검, 아데노신, 해수, 폴리글리세릴-10라우레이트, 다이소듐이디티에이, 서양배추출물, 폴리글리세릴-4라우레이트, 다마스크장미꽃수, 옥틸도데세스-16, 오리스뿌리추출물, 폴리쿼터늄-51, 멜론추출물, 서양송악잎/줄기추출물, 하이드로제네이티드레시틴, 향부자추출물, 소엽잎추출물, 서양민들레뿌리줄기/뿌리추출물, 스쿠알란, 카프릴릭/카프릭트라이글리세라이드, 다이메틸실란올하이알루로네이트, 글루코노락톤, 글루타티온, 하이알루로닉애씨드, 하이드롤라이즈드하이알루로닉애씨드, 하이드롤라이즈드소듐하이알루로네이트, 하이드록시프로필트라이모늄하이알루로네이트, 포타슘하이알루로네이트, 소듐아세틸레이티드하이알루로네이트, 소듐하이알루로네이트크로스폴리머, 소듐하이알루로네이트다이메틸실란올, 피토스테롤, 세라마이드엔피

[세라마이드] 정제수, 글리세린, 다이프로필렌글라이콜, 트라이에틸헥사노인, 프로판다이올, 시어버터, 글리세릴스테아레이트, 1,2-헥산다이올, 폴리글리세릴-3메틸글루코오스다이스테아레이트, 하이드록시아세토페논, 알지닌, 폴리글리세릴-10라우레이트, 아크릴레이트/C10-30알킬아크릴레이트크로스폴리머, 폴리글리세릴-4라우레이트, 잔탄검, 에틸헥실글리세린, 향료, 팔미틱애씨드, 카보머, 스테아릭애씨드, 세라마이드엔피, 아데노신, 다이소듐이디티에이, 서양배추출물, 부틸렌글라이콜, 다마스크장미꽃수, 판테놀, 오리스뿌리추출물, 멜론추출물, 서양송악잎/줄기추출물, 글라이신, 글루타믹애씨드, 아스파틱애씨드, 소듐폴리아크릴레이트, 소듐클로라이드, 향부자추출물, 엑토인, 히스티딘, 세린, 시트릭애씨드, 알라닌, 프롤린, 트레오닌, 마그네슘클로라이드, 칼슘클로라이드, 세라마이드에이피, 세라마이드이오피, 세라마이드엔에스

[비타민씨] 정제수, 프로판다이올, 나이아신아마이드(30,000 ppm), 글리세린, 1,2-헥산다이올, 다이프로필렌글라이콜, 귤껍질추출물(2,000 ppm), 비타민나무추출물(2,000 ppm), 하이드록시아세토페논, 글리세릴글루코사이드, 알지닌, 카보머, 판테놀(1,300 ppm), 아미노부티릭애씨드, 하이드록시에틸우레아, 폴리글리세릴-10라우레이트, 잔탄검, 다이소듐이디티에이, 부틸렌글라이콜, 글리세릴아크릴레이트/아크릴릭애씨드코폴리머, 3-O-에틸아스코빅애씨드(50 ppm), 센티드제라늄꽃오일, 글루코오스, 시트로넬올, 해수, 바이오틴(24 ppm), 카르니틴에이치씨엘(24 ppm), 폴릭애씨드(24 ppm), 헤스페리딘(24 ppm), 메나다이온(24 ppm), 피리독신에이치씨엘(24 ppm), 리보플라빈(24 ppm), 티아민에이치씨엘(24 ppm), 토코페릴아세테이트(24 ppm), 제라니올, 황련추출물, 하이드로제네이티드레시틴, 아스코빅애씨드(5,000 ppb), 밤부사 불가리스잎추출물, 아마씨추출물, 향부자추출물, 에틸헥실글리세린, 소듐하이알루로네이트, 세라마이드엔피","olive_crwl (상품정보 제공고시 크롤링, OCR 아님)",A000000217620
sheetMask_03,sheetMask,[트러블흡착/최예나PICK] 이옴 트러블 패치 마스크 3매,이옴,㈜노디너리,뉴셀렉트 주식회사,high,"정제수, 비피다발효여과물, 프로판다이올, 메틸프로판다이올, 다이프로필렌글라이콜, 1,2-헥산다이올, 폴리글리세릴-6다이카프레이트, 락토바실러스/티트리잎추출물발효여과물, 화이트티트리잎추출물, 사카라이드하이드롤리세이트, 에틸헥실글리세린, 카보머, 트로메타민, 부틸렌글라이콜, 잔탄검, 락토바실러스발효물, 알란토인, 소듐하이알루로네이트, 다이소듐이디티에이, 글리세린, 베타-글루칸, 월계수잎추출물, 유칼립투스잎추출물, 락토바실러스발효용해물, 하이드로제네이티드레시틴, 폴리글리세릴-10다이스테아레이트, 폴리글리세릴-10다이올리에이트, 
당느릅나무뿌리추출물, 칡뿌리추출물, 대왕소나무잎추출물, 달맞이꽃꽃추출물, 자일리톨, 라피노오스, 프룩토올리고사카라이드","olive_crwl (상품정보 제공고시 크롤링, OCR 아님)",A000000248829
sheetMask_04,sheetMask,[70만장완판/5분겔팩] 디어소녀 수분폭발 젤리찰떡팩 10매,디어소녀,"(주)씨앤에프, 큐어라벨(주)",,확인 필요,"정제수, 부틸렌글라이콜, 글리세린, 나이아신아마이드, 아이소펜틸다이올, 1,2-헥산다이올, 하이드록시아세토페논, 카보머, 알지닌, 알란토인, 판테놀, 폴리글리세릴-10라우레이트, 잔탄검, 아데노신, 에틸헥실글리세린, 다이소듐이디티에이, 글리세릴아크릴레이트/아크릴릭애씨드코폴리머, 폴리글루타믹애씨드, 올리브오일, 베르가모트오일, 라벤더오일, 팔마로사오일, 하이드롤라이즈드콜라겐, 바질오일, 소듐디엔에이, 레몬껍질오일, 로즈마리잎오일, 하이드롤라이즈드엘라스틴, 개잎갈나무목부오일, 자몽껍질오일, 티트리잎오일, 센티드제라늄꽃오일, 소듐하이알루로네이트, 수용성프로테오글리칸","olive_crwl (상품정보 제공고시 크롤링, OCR 아님)",A000000259786
sheetMask_05,sheetMask,[핑구 콜라보] 셀퓨전씨 포스트 알파 퍼스트 쿨링 마스크 5+3매 기획,셀퓨전씨,한국콜마(주),(주)씨엠에스랩,high,"- 퍼스트 쿨링 마스크 : 정제수, 글리세린, 메틸프로판다이올, 다이프로필렌글라이콜, 1,2-헥산다이올, 베타인, 하이드록시아세토페논, 트레할로오스, 판테놀, 암모늄아크릴로일다이메틸타우레이트/브이피코폴리머, 폴리글리세릴-10라우레이트, 메틸다이아이소프로필프로피온아마이드, 아크릴레이트/C10-30알킬아크릴레이트크로스폴리머, 트로메타민, 향료, 다이소듐이디티에이, 아데노신, 하이드로제네이티드레시틴, 물푸레나무추출물, 바질꽃/잎/줄기추출물, 세라마이드엔피, 수크로오스스테아레이트, 부틸렌글라이콜, 콜레스테롤, 팔미틱애씨드, 콜레스테릴마카다미에이트, 스테아릭애씨드, 마트리카리아추출물, 피버퓨추출물, 사카라이드아이소머레이트, 하이드롤라이즈드루핀단백질, 프랑스해안송껍질추출물, 구아이아줄렌  / -시카 쿨링 마스크 : 정제수, 글리세린, 1,2-헥산다이올, 병풀추출물, 영지버섯줄기추출물, 다발방패버섯추출물, 병풀꽃/잎/줄기추출물, 병풀뿌리추출물, 병풀잎추출물, 소듐하이알루로네이트, 베타인, 트레할로오스, 암모늄아크릴로일다이메틸타우레이트/브이피코폴리머, 판테놀, 폴리글리세릴-10라우레이트, 아크릴레이트/C10-30알킬아크릴레이트크로스폴리머, 메틸다이아이소프로필프로피온아마이드, 트로메타민, 글리세릴글루코사이드, 다이소듐이디티에이, 알란토인, 글리세릴아크릴레이트/아크릴릭애씨드코폴리머, 효모발효여과물, 부틸렌글라이콜, 효모발효물, 아시아티코사이드, 마데카소사이드, 마데카식애씨드, 아세틸헥사펩타이드-8, 아스파틱애씨드, 아시아틱애씨드, 하이드록시아세토페논, 펜틸렌글라이콜","olive_crwl (상품정보 제공고시 크롤링, OCR 아님)",A000000255607
sheetMask_06,sheetMask,[안소희PICK]바노바기 비타 제닉 젤리 마스크 10매 7종 택 1,바노바기,씨앤텍㈜,㈜바노바기,high,"[바노바기 비타 제닉 젤리 마스크 화이트닝 10매]
정제수, 판테놀 (30,000 ppm), 메틸프로판다이올, 나이아신아마이드 (20,000 ppm), 글리세린, 아스코빌팔미테이트 (0.045 ppb), 사이아노코발아민 (0.1 ppb), 시트릭애씨드, 소듐시트레이트, 글리세릴아라키도네이트 (9.955 ppb), 글리세릴리놀리네이트 (15 ppb), 글리세릴리놀리에이트 (75 ppb), 말토덱스트린, 티아민에이치씨엘 (0.1 ppm), 리보플라빈 (0.1 ppm), 나이아신 (0.1 ppm), 카르니틴에이치씨엘 (0.1 ppm), 판토테닉애씨드 (0.1 ppm), 바이오틴 (0.1 ppm), 폴릭애씨드 (0.1 ppm), 아스코빅애씨드 (0.1 ppm), 토코페롤 (0.1 ppm), 소듐하이알루로네이트, 만다린추출물, 다이소듐이디티에이, 다이포타슘글리시리제이트, 아데노신, 잔탄검, 부틸렌글라이콜, 알란토인, 트레할로오스, 알지닌, 아크릴레이트/C10-30알킬아크릴레이트크로스폴리머, 하이드록시아세토페논, 1,2-헥산다이올

[바노바기 비타 제닉 젤리 마스크 하이드레이팅 10매]
정제수, 판테놀 (30,000 ppm), 메틸프로판다이올, 글리세린, 나이아신아마이드 (20,000 ppm), 1,2-헥산다이올, 하이드록시아세토페논, 아크릴레이트/C10-30알킬아크릴레이트크로스폴리머, 알지닌, 알란토인, 트레할로오스, 해수, 잔탄검, 아데노신, 다이포타슘글리시리제이트, 부틸렌글라이콜, 다이소듐이디티에이, 소듐하이알루로네이트, 티아민에이치씨엘 (0.1 ppm), 리보플라빈 (0.1 ppm), 나이아신 (0.1 ppm), 카르니틴에이치씨엘 (0.1 ppm), 판토테닉애씨드 (0.1 ppm), 바이오틴 (0.1 ppm), 폴릭애씨드 (0.1 ppm), 아스코빅애씨드 (0.1 ppm), 토코페롤 (0.1 ppm), 말토덱스트린, 글리세릴리놀리에이트 (75 ppb), 글리세릴리놀리네이트 (15 ppb), 글리세릴아라키도네이트 (9.955 ppb), 소듐시트레이트, 시트릭애씨드, 사이아노코발아민 (0.1 ppb), 아스코빌팔미테이트 (0.045 ppb)

[바노바기 비타 제닉 젤리 마스크 리프팅 10매]
정제수, 판테놀 (30,000 ppm), 메틸프로판다이올, 나이아신아마이드 (20,000 ppm), 글리세린, 아스코빌팔미테이트 (0.045 ppb), 사이아노코발아민 (0.1 ppb), 시트릭애씨드, 소듐시트레이트, 글리세릴아라키도네이트 (9.955 ppb), 글리세릴리놀리네이트 (15 ppb), 글리세릴리놀리에이트 (75 ppb), 말토덱스트린, 티아민에이치씨엘 (0.1 ppm), 리보플라빈 (0.1 ppm), 나이아신 (0.1 ppm), 카르니틴에이치씨엘 (0.1 ppm), 판토테닉애씨드 (0.1 ppm), 바이오틴 (0.1 ppm), 폴릭애씨드 (0.1 ppm), 아스코빅애씨드 (0.1 ppm), 토코페롤 (0.1 ppm), 보검선인장줄기추출물, 소듐하이알루로네이트, 다이소듐이디티에이,  다이포타슘글리시리제이트, 부틸렌글라이콜, 아데노신, 잔탄검,  알란토인, 트레할로오스, 알지닌, 아크릴레이트/C10-30알킬아크릴레이트크로스폴리머, 하이드록시아세토페논, 1,2-헥산다이올

[바노바기 비타 제닉 젤리 마스크 시카 10매]
정제수, 판테놀 (30,000 ppm), 메틸프로판다이올, 글리세린, 나이아신아마이드 (20,000 ppm), 아스코빌팔미테이트 (0.045 ppb), 사이아노코발아민 (0.1 ppb), 시트릭애씨드, 소듐시트레이트, 글리세릴아라키도네이트 (9.955 ppb), 글리세릴리놀리네이트 (15 ppb), 글리세릴리놀리에이트 (75 ppb), 말토덱스트린, 폴릭애씨드 (0.1 ppm), 판토테닉애씨드 (0.1 ppm), 티아민에이치씨엘 (0.1 ppm), 토코페롤 (0.1 ppm), 카르니틴에이치씨엘 (0.1 ppm), 아스코빅애씨드 (0.1 ppm), 바이오틴 (0.1 ppm), 리보플라빈 (0.1 ppm), 나이아신 (0.1 ppm), 아시아티코사이드 (4 ppm), 아시아틱애씨드 (3 ppm), 마데카식애씨드 (3 ppm), 병풀추출물 (2 ppm), 마데카소사이드 (1 ppm),  콜레스테롤,  수크로오스스테아레이트, 소듐하이알루로네이트, 화산재, 카프릴릭/카프릭트라이글리세라이드, 하이드로제네이티드포스파티딜콜린, 다이소듐이디티에이, 다이포타슘글리시리제이트, 부틸렌글라이콜, 아데노신, 잔탄검, 트레할로오스, 알란토인, 알지닌, 아크릴레이트/C10-30알킬아크릴레이트크로스폴리머, 하이드록시아세토페논, 1,2-헥산다이올

[바노바기 비타 제닉 젤리 마스크 리프레싱 10매]
정제수, 판테놀 (30,000 ppm), 메틸프로판다이올, 나이아신아마이드 (20,000 ppm), 글리세린, 아스코빌팔미테이트 (0.045 ppb), 사이아노코발아민 (0.1 ppb), 시트릭애씨드, 소듐시트레이트, 글리세릴아라키도네이트 (9.955 ppb), 글리세릴리놀리네이트 (15 ppb), 글리세릴리놀리에이트 (75 ppb), 말토덱스트린, 티아민에이치씨엘 (0.1 ppm), 리보플라빈 (0.1 ppm), 나이아신 (0.1 ppm), 카르니틴에이치씨엘 (0.1 ppm), 판토테닉애씨드 (0.1 ppm), 바이오틴 (0.1 ppm), 폴릭애씨드 (0.1 ppm), 아스코빅애씨드 (0.1 ppm), 토코페롤 (0.1 ppm), 소듐하이알루로네이트, 알로에베라잎추출물, 다이소듐이디티에이, 다이포타슘글리시리제이트, 부틸렌글라이콜, 아데노신, 잔탄검, 알란토인, 트레할로오스, 알지닌, 아크릴레이트/C10-30알킬아크릴레이트크로스폴리머, 하이드록시아세토페논, 1,2-헥산다이올

[바노바기 비타 제닉 젤리 마스크 포어타이트닝 10매]
정제수, 판테놀 (30,000 ppm), 메틸프로판다이올, 나이아신아마이드 (20,000 ppm), 글리세린, 아스코빌팔미테이트 (0.045 ppb), 사이아노코발아민 (0.1 ppb), 시트릭애씨드, 소듐시트레이트, 글리세릴아라키도네이트 (9.955 ppb), 글리세릴리놀리네이트 (15 ppb), 글리세릴리놀리에이트 (75 ppb), 말토덱스트린, 티아민에이치씨엘 (0.1 ppm), 리보플라빈 (0.1 ppm), 나이아신 (0.1 ppm), 카르니틴에이치씨엘 (0.1 ppm), 판토테닉애씨드 (0.1 ppm), 바이오틴 (0.1 ppm), 폴릭애씨드 (0.1 ppm), 아스코빅애씨드 (0.1 ppm), 토코페롤 (0.1 ppm), 에틸헥실글리세린, 대왕소나무잎추출물, 당느릅나무뿌리추출물, 달맞이꽃꽃추출물, 칡뿌리추출물, 소듐하이알루로네이트, 칼라민, 망고스틴껍질추출물, 프로필렌글라이콜, 다이소듐이디티에이, 다이포타슘글리시리제이트, 아데노신, 잔탄검, 부틸렌글라이콜, 온천수, 알란토인, 트레할로오스, 알지닌, 아크릴레이트/C10-30알킬아크릴레이트크로스폴리머, 하이드록시아세토페논, 1,2-헥산다이올

[바노바기 비타 제닉 젤리 마스크 바이탈라이징 10매]
정제수, 판테놀 (30,000 ppm), 메틸프로판다이올, 나이아신아마이드 (20,000 ppm), 글리세린, 아스코빌팔미테이트 (0.045 ppb), 사이아노코발아민 (0.1 ppb), 시트릭애씨드, 소듐시트레이트, 글리세릴아라키도네이트 (9.955 ppb), 글리세릴리놀리네이트 (15 ppb), 글리세릴리놀리에이트 (75 ppb), 말토덱스트린, 토코페롤 (0.1 ppm), 티아민에이치씨엘 (0.1 ppm), 리보플라빈 (0.1 ppm), 판토테닉애씨드 (0.1 ppm), 나이아신 (0.1 ppm), 글루타티온, 폴릭애씨드 (0.1 ppm), 에틸헥실글리세린, 카르니틴에이치씨엘 (0.1 ppm), 바이오틴 (0.1 ppm), 아스코빅애씨드 (0.1 ppm), 페녹시에탄올, 하이드롤라이즈드콜라겐, 소듐하이알루로네이트, 세룰라타벚나무꽃추출물, 다이소듐이디티에이, 다이포타슘글리시리제이트, 아데노신, 잔탄검, 트레할로오스, 알란토인, 부틸렌글라이콜, 알지닌, 아크릴레이트/C10-30알킬아크릴레이트크로스폴리머, 하이드록시아세토페논, 1,2-헥산다이올","olive_crwl (상품정보 제공고시 크롤링, OCR 아님)",A000000240465
sheetMask_07,sheetMask,[잡티미백/TXA] 셀리맥스 트라넥삼산 브라이트닝 크림 랩핑 마스크 5매 기획 (+1매),셀리맥스,"한국콜마(주), (주)앱솔브랩",,확인 필요,"정제수, 나이아신아마이드, 부틸렌글라이콜, 메틸프로판다이올, 코코-카프릴레이트/카프레이트, 다이펜타에리스리틸펜타아이소노나노에이트, 베타인, 암모늄아크릴로일다이메틸타우레이트/브이피코폴리머, 트라넥사믹애씨드, 1,2-헥산다이올, 프로판다이올, 하이드록시아세토페논, 아이소스테아릴알코올, 세테아릴올리베이트, 부틸렌글라이콜코코에이트, 솔비탄올리베이트, 하이드로제네이티드올리브오일불검화물, 세라마이드엔피, 다이프로필렌글라이콜, 글리세린, 잔탄검, 하이드록시에틸셀룰로오스, 아데노신, 비파나무잎추출물, 다이소듐이디티에이, 소듐하이알루로네이트, 하이드로제네이티드레시틴, 에틸셀룰로오스, 글리세릴스테아레이트, 스피어민트추출물, 하이드롤라이즈드하이알루로닉애씨드, 콜레스테롤, 세라마이드에이피, 세라마이드엔에스, 세라마이드에이에스, 베타-글루칸, 세라마이드이오피","olive_crwl (상품정보 제공고시 크롤링, OCR 아님)",A000000240462
sheetMask_08,sheetMask,토리든 마스크 시트 1매 4종 택 1(수분/진정/브라이트닝/모공)(AD),토리든,제이에셀 주식회사,㈜토리든,high,"정제수, 부틸렌글라이콜, 글리세린, 다이프로필렌글라이콜, 소듐하이알루로네이트크로스폴리머, 소듐하이알루로네이트, 소듐아세틸레이티드하이알루로네이트, 하이드롤라이즈드소듐하이알루로네이트, 하이드롤라이즈드하이알루로닉애씨드(300ppm), 판테놀, 트레할로오스, 알란토인, 엑토인, 감초추출물, 마트리카리아꽃추출물, 포트마리골드꽃추출물, 알지닌, 2,3-부탄다이올, 글리세릴아크릴레이트/아크릴릭애씨드코폴리머, 피브이엠/엠에이코폴리머, 사카라이드아이소머레이트, 카보머, 잔탄검, 트로메타민, 펜틸렌글라이콜, 1,2-헥산다이올, 하이드록시아세토페논, 트라이소듐에틸렌다이아민다이석시네이트, 쇠비름추출물, 말라카이트추출물, 에틸헥실글리세린","olive_crwl (상품정보 제공고시 크롤링, OCR 아님)",A000000257738
sheetMask_09,sheetMask,[5매] 넘버즈인 1번~5번 마스크팩 5매 기획 5종 중 택 1,넘버즈인,"[1번] 씨엔에프(주), [2번](주)이미인, [3번] 삼성메디코스(주), [4번] 한국콜마(주), [5번] (주)씨엔에프",(주)비나우,high,"[1번] 정제수,메틸프로판다이올,나이아신아마이드,글리세린,1,2-헥산다이올,부틸렌글라이콜,베타인,판테놀,알란토인,도둑놈의지팡이뿌리추출물,카보머,트레할로오스,트로메타민,에틸헥실글리세린,잔탄검,다이포타슘글리시리제이트,소듐파이테이트,인도멀구슬나무잎추출물,인도멀구슬나무꽃추출물,병풀추출물,소듐하이알루로네이트,아이비고드열매추출물,가지열매추출물,하이드롤라이즈드하이알루로닉애씨드,프로판다이올,홀리바질잎추출물,감초뿌리추출물,판토테닉애씨드,울금뿌리추출물,참산호말추출물,약모밀추출물,글리세릴올리에이트,소듐아세틸레이티드하이알루로네이트,하이드로제네이티드레시틴,라우릴글루코사이드,미리스틸글루코사이드,폴리글리세릴-6라우레이트,베타-글루칸,토코페롤,데실글루코사이드,알파-알부틴,하이알루로닉애씨드,징크피씨에이,시트릭애씨드,호호바씨오일,녹차추출물,병풀잎추출물,오카무라큰실말추출물,흰버드나무껍질추출물,커피콩추출물,베타-시토스테롤,폴리글리세릴-10스테아레이트,아시아티코사이드,마데카소사이드,아시아틱애씨드,마데카식애씨드,베르가모트잎추출물,소나무잎추출물


[2번] 콜라겐수,정제수,다이프로필렌글라이콜,부틸렌글라이콜,나이아신아마이드,1,2-헥산다이올,다이메티콘,피이지-240/에이치디아이코폴리머비스-데실테트라데세스-20에터,세테아릴올리베이트,암모늄아크릴로일다이메틸타우레이트/브이피코폴리머,하이드록시에틸셀룰로오스,솔비탄올리베이트,에틸헥실글리세린,아데노신,콜라겐,인도멀구슬나무꽃추출물,아이비고드열매추출물,인도멀구슬나무잎추출물,가지열매추출물,소듐디엔에이,포타슘라우레이트 ,글리세린,비에이치티,알로에베라꽃추출물,홀리바질잎추출물,참산호말추출물,울금뿌리추출물,폴리글리세릴-10올리에이트,하이드로제네이티드폴리아이소부텐,옥틸도데칸올,하이드로제네이티드레시틴,폴리글리세릴-10라우레이트,다마스크장미추출물,폴리락틱애씨드,하이알루로닉애씨드,트라이펩타이드-1,실리카,카퍼트라이펩타이드-1,팔미토일트라이펩타이드-1,헥사펩타이드-9,헥사펩타이드-11,아세틸테트라펩타이드-5,아세틸테트라펩타이드-2,팔미토일펜타펩타이드-4,지모뿌리추출물,팔미토일트라이펩타이드-5,토코페롤,다이소듐이디티에이

[3번] 정제수, 비피다발효용해물, 갈락토미세스발효여과물, 메틸글루세스-20, 글리세레스-26, 글리세린, 나이아신아마이드, 피이지-90, 1,2-헥산다이올, 페퍼민트잎추출물, 버지니아풍년화추출물, 녹차추출물, 캐모마일꽃추출물, 레몬그라스잎오일, 솔잣나무가지/잎오일, 오렌지껍질오일, 라벤더오일, 로즈마리잎오일, 아틀라스시다나무껍질오일, 알테로모나스발효추출물, 염소유추출물, 실크추출물, 스쿠알란, 소듐하이알루로네이트, 판테놀, 부틸렌글라이콜, 폴리글리세릴-3메틸글루코오스다이스테아레이트, 폴리글리세릴-3다이스테아레이트, 글리세릴스테아레이트시트레이트, 글리세릴스테아레이트에스이, 카프릴릴글라이콜, 옥틸도데세스-16, 잔탄검, 카보머, 트로메타민, 에탄올, 에틸헥실글리세린, 아데노신, 다이소듐이디티에이, 리모넨, 리날룰, 시트랄

[4번] 정제수, 메틸프로판다이올, 다이프로필렌글라이콜, 티트리잎추출물, 다시마추출물, 한련초잎추출물, 베르가못잎추출물, 아이슬란드이끼추출물, 병풀추출물, 호장근뿌리추출물, 황금추출물, 녹차추출물, 당느릅나무뿌리추출물, 스페인감초뿌리추출물, 알로에베라잎추출물, 제비꽃꽃추출물, 참마뿌리추출물, 로즈마리잎추출물, 마트리카리아꽃추출물, 티트리잎오일, 하이드로제네이티드레시틴, 옥틸도데세스-16, 판테놀, 카보머, 트로메타민, 부틸렌글라이콜, 잔탄검, 아데노신, 다이소듐이디티에이, 메틸다이아이소프로필프로피온아마이드, 글리세린, 프룩토올리고사카라이드, 베타-글루칸, 하이드롤라이즈드하이알루로닉애씨드, 1,2-헥산다이올, 하이드록시아세토페논

[5번] 정제수, 메틸프로판다이올, 나이아신아마이드, 피이지/피피지-17/6코폴리머, 황련뿌리추출물, 1,2-헥산다이올, 하이드록시아세토페논, 하이드록시에틸우레아, 아이소펜틸다이올, 메틸글루세스-20, 카보머, 알지닌, 알란토인, 소듐아스코빌포스페이트, 글루타티온, 하이드로제네이티드레시틴, 피이지-60하이드로제네이티드캐스터오일, 잔탄검, 아데노신, 에틸헥실글리세린, 소듐폴리아크릴레이트, 부틸렌글라이콜, 병풀추출물, 다이소듐이디티에이, 하이드록시에틸셀룰로오스, 메틸다이아이소프로필프로피온아마이드, 폴리글루타믹애씨드, 프로테아제, 세라마이드엔피, 아스코빅애씨드, 알부틴, 비사보롤, 하이알루로닉애씨드","olive_crwl (상품정보 제공고시 크롤링, OCR 아님)",A000000166626
sheetMask_10,sheetMask,[1매/5종] 아비브 껌딱지 시트 마스크 스티커 1매 (어성초/수분초/마데카소사이드/콜라겐밀크/비타),아비브,(주)이미인,(주)포컴퍼니,high,"[어성초스티커]
정제수, 다이프로필렌글라이콜, 글리세린, 글리세레스-26, 하이드록시아세토페논, 폴리글리세릴-10라우레이트, 카프릴릴글라이콜, 알지닌, 카보머, 잔탄검, 1,2-헥산다이올, 에틸헥실글리세린, 소듐하이알루로네이트, 알란토인, 판테놀, 약모밀추출물(60 ppm), 부틸렌글라이콜, 다이포타슘글리시리제이트, 로즈마리잎추출물, 하이드로제네이티드레시틴, 나이아신아마이드, 판토락톤, 티트리추출물, 아시아티코사이드, 아시아틱애씨드, 마데카식애씨드, 쿼세틴, 바이오플라보노이드, 탄닉애씨드, 다이소듐이디티에이
[마데카소사이드스티커]
정제수, 다이프로필렌글라이콜, 부틸렌글라이콜, 글리세린, 하이드록시아세토페논, 카프릴릴글라이콜, 폴리글리세릴-10라우레이트, 알지닌, 카보머, 에틸헥실글리세린, 셀룰로오스검, 1,2-헥산다이올, 알란토인, 폴리쿼터늄-51, 베타인, 소듐하이알루로네이트, 판테놀, 마데카소사이드(50 ppm), 다이포타슘글리시리제이트, 병풀추출물, 로즈마리잎추출물, 하이드로제네이티드레시틴, 옥틸도데칸올, 나이아신아마이드, 판토락톤, 엑토인, 세라마이드엔피, 아시아티코사이드, 아시아틱애씨드, 마데카식애씨드, 다이소듐이디티에이
[밀크스티커]
정제수, 다이프로필렌글라이콜, 나이아신아마이드, 글리세린, 아이소펜틸다이올, 세테아릴에틸헥사노에이트, 부틸렌글라이콜, 폴리글리세릴-3메틸글루코오스다이스테아레이트, 판테놀, 1,2-헥산다이올, 글리세릴스테아레이트에스이, 네오펜틸글라이콜다이헵타노에이트, 카보머, 글리세릴카프릴레이트, 락토바실러스/소이밀크발효여과물(980 ppm), 트로메타민, 잔탄검, 에틸헥실글리세린, 메틸글루코오스세스퀴스테아레이트, 아데노신, 모란뿌리추출물, 병풀추출물, 마트리카리아꽃추출물, 판토락톤, 로즈마리잎추출물, 하이드로제네이티드레시틴, 아시아티코사이드, 아시아틱애씨드, 마데카식애씨드, 폴리글리세릴-10라우레이트, 콜라겐추출물(10 ppb), 트라이펩타이드-1, 카퍼트라이펩타이드-1, 아세틸테트라펩타이드-5, 아세틸테트라펩타이드-2, 팔미토일펜타펩타이드-4, 팔미토일트라이펩타이드-1, 헥사펩타이드-9, 헥사펩타이드-11, 팔미토일트라이펩타이드-5, 다이소듐이디티에이
[비타스티커]
정제수, 다이프로필렌글라이콜, 글리세린, 나이아신아마이드, 글리세레스-26, 하이드록시아세토페논, 폴리글리세릴-10라우레이트, 카프릴릴글라이콜, 알지닌, 카보머, 잔탄검, 에틸헥실글리세린, 1,2-헥산다이올, 부틸렌글라이콜, 알란토인, 소듐하이알루로네이트, 아스코빅애씨드(100 ppm), 자몽추출물, 판테놀, 다이포타슘글리시리제이트, 토코페릴아세테이트(10 ppm), 로즈마리잎추출물, 하이드로제네이티드레시틴, 판토락톤, 사이아노코발아민(1 ppm), 아시아티코사이드, 글루타티온, 아시아틱애씨드, 마데카식애씨드, 다이소듐이디티에이
[수분초히알루론스티커]
정제수, 다이프로필렌글라이콜, 부틸렌글라이콜, 메틸프로판다이올, 글리세린, 프로판다이올, 글리세릴글루코사이드, 하이드록시아세토페논, 폴리글리세릴-10라우레이트, 카프릴릴글라이콜, 알지닌, 카보머, 1,2-헥산다이올, 에틸헥실글리세린, 셀룰로오스검, 자일리틸글루코사이드, 안하이드로자일리톨, 자일리톨, 소듐하이알루로네이트(100 ppm), 글루코오스, 돌나물추출물(100 ppm), 판테놀, 하이알루로닉애씨드(10 ppm), 다이포타슘글리시리제이트, 메틸다이아이소프로필프로피온아마이드, 멘틸락테이트, 로즈마리잎추출물, 하이드로제네이티드레시틴, 나이아신아마이드, 판토락톤, 소듐구아이아줄렌설포네이트, 벤질글라이콜, 하이드롤라이즈드글라이코사미노글리칸(0.56 ppm), 소듐하이알루로네이트크로스폴리머(0.1 ppm), 하이드롤라이즈드하이알루로닉애씨드(0.052 ppm), 아시아티코사이드, 아시아틱애씨드, 마데카식애씨드, 하이드록시프로필트라이모늄하이알루로네이트(0.012 ppm), 소듐아세틸레이티드하이알루로네이트(0.0002 ppm), 다이소듐이디티에이","olive_crwl (상품정보 제공고시 크롤링, OCR 아님)",A000000188019
sheetMask_11,sheetMask,[10매/5종] 아비브 약산성 pH 시트 마스크 핏 10매 (어성초/부활초/아쿠아/글루타치온좀/허니),아비브,코스맥스,(주)포컴퍼니,high,"[어성초핏 ]
정제수, 메틸프로판다이올, 1,2-헥산다이올, 글리세린, 부틸렌글라이콜, 약모밀추출물(8,900 ppm), 쇠비름추출물, 접시꽃추출물, 병풀추출물, 호장근뿌리추출물, 황금추출물, 녹차추출물, 스페인감초뿌리추출물, 마트리카리아꽃추출물, 로즈마리잎추출물, 하이드록시에틸우레아, 알란토인, 트로메타민, 에틸헥실글리세린, 폴리글리세릴-10라우레이트, 폴리글리세릴-10미리스테이트, 마데카소사이드, 아시아티코사이드, 아시아틱애씨드, 마데카식애씨드, 카보머, 카페인, 잔탄검, 다이소듐이디티에이
[부활초핏]
정제수, 글리세린, 다이프로필렌글라이콜, 프로판다이올, 펜틸렌글라이콜, 1,2-헥산다이올, 클로렐라 불가리스추출물, 쇠비름추출물, 트루로즈오브예리코추출물(1,200 ppm), 락토바실러스발효물, 백미꽃추출물, 접시꽃추출물, 소듐하이알루로네이트, 하이드롤라이즈드하이알루로닉애씨드, 하이알루로닉애씨드, 녹차씨오일, 귀리커넬추출물, 효모발효추출물, 코코넛야자오일, 유차나무씨오일, 칸디다 봄비콜라/글루코오스/메틸레이프씨데이트발효물, 부틸렌글라이콜, 글루코오스, 프룩토올리고사카라이드, 프룩토오스, 판테놀, 다이페닐다이메티콘, 알란토인, 트라이에틸헥사노인, 카프릴릴글라이콜, 폴리글리세릴-10라우레이트, 에틸헥실글리세린, 아데노신, 트로메타민, 암모늄아크릴로일다이메틸타우레이트/브이피코폴리머, 다이포타슘글리시리제이트, 하이드로제네이티드레시틴, 소듐파이테이트, 토코페롤, 하이드록시프로필트라이모늄하이알루로네이트, 소듐아세틸레이티드하이알루로네이트, 하이드롤라이즈드소듐하이알루로네이트, 소듐하이알루로네이트크로스폴리머, 포타슘하이알루로네이트, 레시틴, 카보머, 카페인, 잔탄검, 세테아릴알코올
[아쿠아핏]
정제수, 메틸프로판다이올, 글리세린, 부틸렌글라이콜, 에탄올, 자일리틸글루코사이드, 소듐하이알루로네이트, 자일리톨, 접시꽃추출물, 흑효모발효물, 아이리쉬모스추출물, 스위트아몬드추출물, 나이트블루밍세레우스꽃추출물, 하이드롤라이즈드콜라겐, 사탕수수추출물, 트루로즈오브예리코추출물, 하이드롤라이즈드콘키올린단백질, 락토바실러스발효물, 하이알루로닉애씨드, 하이드롤라이즈드하이알루로닉애씨드, 하이드록시아세토페논, 하이드록시에틸우레아, 알란토인, 콜레스-24, 안하이드로자일리톨, 트로메타민, 1,2-헥산다이올, 카프릴릴글라이콜, 에틸헥실글리세린, 글루코오스, 소듐카복시메틸베타-글루칸, 솔비탄라우레이트, 카프릴릭/카프릭트라이글리세라이드, 하이드록시에틸셀룰로오스, 아세틸다이펩타이드-1세틸에스터, 포스포리피드, 세라마이드엔피, 피토스테롤, 아세틸헥사펩타이드-8, 콜레스테롤, 피토스핑고신, 알지닌, 카보머, 카페인, 잔탄검, 다이소듐이디티에이
[글루타치온좀핏]
정제수*, 메틸프로판다이올, 글리세린, 나이아신아마이드 (30,000ppm), 부틸렌글라이콜*, 1,2-헥산다이올*, 녹두싹추출물, 밀싹추출물, 브로콜리싹추출물, 백미꽃추출물, 접시꽃추출물, 사과세포배양추출물*, 병풀추출물, 키토산, 폴리글리세린-3, 프로판다이올, 알란토인, 소듐폴리아크릴로일다이메틸타우레이트, 폴리글리세릴-10아이소스테아레이트, 카프릴릴글라이콜, 에틸헥실글리세린*, 트로메타민, 폴리글리세릴-10올리에이트, 글루타티온 (25ppm)*, 아세틸글루코사민, 판테놀, 토코페롤, 락틱애씨드, 펜틸렌글라이콜, 다이프로필렌글라이콜, 마데카소사이드, 하이드로제네이티드레시틴, 콜레스테롤, 아스코빅애씨드, 3-O-에틸아스코빅애씨드, 아스코빌글루코사이드, 세라마이드엔피, 카페인, 카보머, 잔탄검, 다이소듐이디티에이
*글루타치온좀(Glutathiosome) : 식물 유래 이중 지질막 전달체에 글루타치온을 담지하여 만든 복합체 5,000 ppm 함유
[허니핏]
정제수, 글리세린, 폴리글리세린-3, 부틸렌글라이콜, 다이프로필렌글라이콜, 꿀추출물(1,000 ppm), 인도멀구슬나무꽃추출물, 흑효모발효물, 인도멀구슬나무잎추출물, 울금뿌리추출물, 홀리바질잎추출물, 접시꽃추출물, 프로폴리스추출물, 카카오씨추출물, 로얄젤리추출물, 참산호말추출물, 아보카도열매추출물, 은방울수선비늘줄기추출물, 베타인, 하이드록시아세토페논, 콜레스-24, 알란토인, 트로메타민, 카프릴릴글라이콜, 에틸헥실글리세린, 1,2-헥산다이올, 판테놀, 덱스트린, 말토덱스트린, 카보머, 카페인, 잔탄검, 다이소듐이디티에이, 향료, 벤질벤조에이트","olive_crwl (상품정보 제공고시 크롤링, OCR 아님)",A000000120938
sheetMask_12,sheetMask,[100만장 돌파/단독기획] 프롬리에 EGF 피지팩 하이퍼 액티브 모공 피지 마스크 4+1 증정,프롬리에,(주)이시스코스메틱,이닛컴퍼니 주식회사,high,"정제수, 글리세린, 부틸렌글라이콜, 1,2-헥산다이올, 글루코오스, 폴리글리세릴-10카프릴레이트/카프레이트, 트레할로오스, 알로에베라잎추출물, 셀룰로오스검, 우레아, 잔탄검, 다이프로필렌글라이콜, 제올라이트, 토코페릴아세테이트, 덱스트린, 말토덱스트린, 버지니아풍년화추출물, 소듐하이알루로네이트, 티트리추출물, 글라이신, 세린, 글루타믹애씨드, 아스파틱애씨드, 류신, 알라닌, 라이신, 알지닌, 타이로신, 페닐알라닌, 프롤린, 트레오닌, 발린, 아이소류신, 히스티딘, 시스테인, 메티오닌, 에틸헥실글리세린, 아세틸헥사펩타이드-8, 팔미토일트라이펩타이드-1, 팔미토일헥사펩타이드-12, 카퍼트라이펩타이드-1, 트라이펩타이드-1, 노나펩타이드-1, 팔미토일테트라펩타이드-7, 아세틸테트라펩타이드-2, 팔미토일펜타펩타이드-4, 팔미토일트라이펩타이드-5, 헥사펩타이드-9, 포도세포추출물, 에스에이치-올리고펩타이드-1","olive_crwl (상품정보 제공고시 크롤링, OCR 아님)",A000000254427
sheetMask_13,sheetMask,[수지pick/단독기획] 아누아 데일리케어 마스크팩 5매 기획 8종(+1매 or +2매 추가 증정),아누아,씨엔에프,[화장품책임판매업자] 주식회사 더파운더즈,high,"[피디알엔 마스크 - 미백, 주름개선 기능성 화장품]
정제수, 부틸렌글라이콜, 글리세린, 나이아신아마이드, 1,2-헥산다이올, 아이소펜틸다이올, 트레할로오스, 카보머, 알지닌, 프로판다이올, 알란토인, 판테놀, 에틸헥실글리세린, 폴리글리세릴-10라우레이트, 잔탄검, 아데노신, 인도멀구슬나무잎추출물, 소듐디엔에이, 하이드롤라이즈드하이알루로닉애씨드, 인도멀구슬나무꽃추출물, 다이소듐이디티에이, 글리세릴아크릴레이트/아크릴릭애씨드코폴리머, 아이비고드열매추출물, 가지열매추출물, 글리세릴올리에이트, 라우릴글루코사이드, 미리스틸글루코사이드, 폴리글리세릴-6라우레이트, 하이드로제네이티드레시틴, 홀리바질잎추출물, 하이드롤라이즈드콜라겐, 소듐하이알루로네이트, 울금뿌리추출물, 참산호말추출물, 황련뿌리추출물, 글루타티온, 하이알루로닉애씨드, 하이드롤라이즈드소듐하이알루로네이트, 하이드록시프로필트라이모늄하이알루로네이트, 포타슘하이알루로네이트, 소듐하이알루로네이트크로스폴리머, 시트릭애씨드, 소듐시트레이트, 펜틸렌글라이콜, 소듐아세틸레이티드하이알루로네이트

[어성초 진정 마스크 - 일반화장품]
약모밀꽃/잎/줄기수(77%),글리세린,정제수,다이프로필렌글라이콜,글리세레스-26,1,2-헥산다이올,프로판다이올,알지닌,알란토인,카보머,폴리글리세릴-4카프레이트,잔탄검,에틸헥실글리세린,다이소듐이디티에이,부틸렌글라이콜,소듐하이알루로네이트,폴리글리세릴-10라우레이트,폴리글리세릴-10미리스테이트,스쿠알란,시어버터,하이드로제네이티드레시틴,스타아니스추출물,옥틸도데칸올,버지니아풍년화추출물,글리세릴시트레이트/락테이트/리놀리에이트/올리에이트,글리세릴올리에이트,올레일알코올,세라마이드엔피,병풀추출물,글라이코리피드,글라이코스핑고리피드,비타민나무열매추출물,올리브오일,토코페롤,마트리카리아꽃추출물,칸디다 봄비콜라/글루코오스/메틸레이프씨데이트발효물,돌콩스테롤

[복숭아 마스크 - 미백 기능성 화장품]
복숭아수(70%), 정제수, 글리세린, 메틸프로판다이올, 나이아신아마이드, 1,2-헥산다이올, 락토바실러스발효물, 진흙버섯추출물, 백미꽃추출물, 하이드롤라이즈드하이알루로닉애씨드, 접시꽃추출물, 녹차씨오일, 효모발효추출물, 잇꽃씨오일, 멕시칸치아씨오일, 복사나무꽃추출물, 칸디다 봄비콜라/글루코오스/메틸레이프씨데이트발효물, 하이알루로닉애씨드, 소듐하이알루로네이트, 하이드록시아세토페논, 프로판다이올, 부틸렌글라이콜, 알란토인, 트로메타민, 폴리글리세릴-10아이소스테아레이트, 폴리글리세릴-10올리에이트, 소듐파이테이트, 사이아노코발아민, 에틸헥실글리세린, 판테놀, 카프릴릭/카프릭트라이글리세라이드, 베타인살리실레이트, 하이드로제네이티드레시틴, 리놀레익애씨드, 리놀레닉애씨드, 수크로오스팔미테이트, 세라마이드엔피, 카보머, 잔탄검, 향료

[카테킨 마스크 - 일반화장품]
정제수, 다이프로필렌글라이콜, 메틸프로판다이올, 1,2-헥산다이올, 트레할로오스, 하이드록시아세토페논, 베타인, 글리세린, 암모늄아크릴로일다이메틸타우레이트/브이피코폴리머, 옥틸도데세스-16, 이노시톨, 부틸렌글라이콜, 아크릴레이트/C10-30알킬아크릴레이트크로스폴리머, 글리세릴글루코사이드, 트로메타민, 황련뿌리추출물, 메틸다이아이소프로필프로피온아마이드, 다이소듐이디티에이, 하이드로제네이티드레시틴, 녹차카테킨, 카페인, 물푸레나무추출물, 바질꽃/잎/줄기추출물, 덱스트린, 카카오씨추출물, 다시마추출물, 참마뿌리추출물, 당느릅나무뿌리추출물, 제비꽃꽃추출물, 알로에베라잎추출물, 하이드롤라이즈드소듐하이알루로네이트, 팥추출물, 에스신, 당호박추출물, 감나무잎추출물, 포도추출물, 에틸헥실글리세린, 소듐하이알루로네이트, 호장근뿌리추출물, 커피콩추출물, 잇꽃꽃추출물, 밤껍질추출물, 녹차추출물, 초피나무열매추출물, 하이드록시프로필트라이모늄하이알루로네이트, 몰로키아잎추출물, 탄닉애씨드, 보리추출물, 하이드롤라이즈드하이알루로닉애씨드, 소듐아세틸레이티드하이알루로네이트, 하이알루로닉애씨드, 소듐하이알루로네이트크로스폴리머, 소듐팔미토일프롤린, 포타슘하이알루로네이트, 알바수련꽃추출물

[TXA 세럼 마스크 - 미백, 주름개선 기능성 화장품]
정제수, 글리세린, 나이아신아마이드(5%), 프로판다이올, 부틸렌글라이콜, 에리스리톨, 프로필렌글라이콜, 하이드록시아세토페논, 다이에톡시에틸석시네이트, 베타인살리실레이트, 트라넥사믹애씨드(1,000ppm), 잔탄검, 카프릴릴글라이콜, 폴리글리세릴-10 아이소스테아레이트, 에틸헥실글리세린, 카보머, 아데노신, 트로메타민, 치자추출물, 펜틸렌글라이콜, 폴리글리세릴-10 올리에이트, 덱스트린, 메틸다이아이소프로필프로피온아마이드, 소듐파이테이트, 효모발효여과물, 1,2-헥산다이올, 카프릴릭/카프릭트라이글리세라이드, 판테놀, 사이아노코발아민, 하이드로제네이티드레시틴, 카카오추출물, 베타-글루칸, 다발방패버섯추출물, 세라마이드엔피, 백미꽃추출물, 접시꽃추출물, 토코페롤, 하이드롤라이즈드하이알루로닉애씨드, 카프릴릴/카프릴글루코사이드, 다이메틸실란올하이알루로네이트, 하이드롤라이즈드소듐하이알루로네이트, 하이알루로닉애씨드, 포타슘하이알루로네이트, 소듐코코일글루타메이트, 소듐하이알루로네이트, 하이드록시프로필트라이모늄하이알루로네이트, 소듐하이알루로네이트크로스폴리머, 소듐하이알루로네이트다이메틸실란올, 소듐아세틸레이티드하이알루로네이트, 글리세릴카프릴레이트, 폴리글리세릴-6 올리에이트, 시트릭애씨드, 소듐서팩틴

[비타C 마스크 - 미백, 주름개선 기능성 화장품]
정제수, 비타민나무수, 부틸렌글라이콜, 프로판다이올, 글리세린, 나이아신아마이드, 1,2-헥산다이올, 아이소펜틸다이올, 트레할로오스, 알지닌, 카보머, 알란토인, 다이포타슘글리시리제이트, 판테놀, 폴리글리세릴-10라우레이트, 잔탄검, 에틸헥실글리세린, 아데노신, 아스코빌글루코사이드(350ppm), 3-O-에틸아스코빅애씨드(330ppm), 소듐아스코빌포스페이트(330ppm), 다이소듐이디티에이, 글리세릴아크릴레이트/아크릴릭애씨드코폴리머, 인도멀구슬나무꽃추출물, 홀리바질잎추출물, 인도멀구슬나무잎추출물, 레몬껍질오일, 울금뿌리추출물, 참산호말추출물, 글루타티온, 아스코빅애씨드(10ppm) , 코코-카프릴레이트/카프레이트, 하이드로제네이티드레시틴, 펜틸렌글라이콜, 폴리글리세릴-10올리에이트, 소듐서팩틴, 하이드록시프로필사이클로덱스트린, 콜라겐, 다이펩타이드-15, 탄닉애씨드, 폴리솔베이트20, 트라이펩타이드-1, 지모뿌리추출물, 시스테인, 티옥틱애씨드, 헥사펩타이드-9, 팔미토일펜타펩타이드-4, 팔미토일트라이 펩타이드-5, 팔미토일테트라펩타이드-7, 소듐아세틸에스에이치-올리고펩타이드-195에스피라이신N6-(석신이미도프로피오닐티오에틸 다이팔미토일글리세로포스페이트), 소듐페닐부티로일히스티디닐4-t-부틸D-페닐알라닐알지닐라이신N6-(석신이미도프로피오닐티오 에틸다이팔미토일글리세로포스페이트), 리모넨

[레티놀 마스크 - 일반화장품]
정제수, 나이아신아마이드(5%), 부틸렌글라이콜, 메틸프로판다이올, 트라이프로필렌글라이콜, 메틸트라이메티콘, 글리세린, 글리세레스-26, 다이카프릴릴에터, 1,2-헥산다이올, 옥틸도데세스-16, 하이드록시아세토페논, 트레할로오스, 암모늄아크릴로일다이메틸타우레이트/브이피코폴리머, 다이포타슘글리시리제이트, 폴리우레탄-15, 펜틸렌글라이콜, 아크릴레이트/C10-30알킬아크릴레이트크로스폴리머, 글리세릴글루코사이드, 황련뿌리추출물, 잔탄검, 펜타에리스리틸테트라-다이-t-부틸하이드록시하이드로신나메이트, 아데노신, 트로메타민, 다이소듐이디티에이, 알란토인, 판테놀, 올레익애씨드, 글리세릴아크릴레이트/아크릴릭애씨드코폴리머, 하이드로제네이티드레시틴, 레티놀(17ppm), 카프릴릭/카프릭트라이글리세라이드, 에이치디아이/트라이메틸올헥실락톤크로스폴리머, 토코페롤, 베타글루칸, 폴리비닐알코올, 세라마이드엔피, 소듐하이알루로네이트, 시어버터, 옥틸도데칸올, 피토스테롤, 카프릴릴글라이콜, 페닐프로판올, 비타민나무열매오일

[라이스 마스크 - 일반화장품]
쌀겨수(70%), 정제수, 다이프로필렌글라이콜, 메틸프로판다이올, 글리세린, 1,2-헥산다이올, 글리세레스-26, 다이카프릴릴카보네 이트, 쌀추출물(3,610ppm), 옥틸도데세스-16, 부틸렌글라이콜, 하이드록시아세토페논, 아크릴레이트/C10-30알킬아크릴레이트크로스 폴리머, 암모늄아크릴로일다이메틸타우레이트/브이피코폴리머, 베타인, 트로메타민, 잔탄검, 알란토인, 다이소듐이디티에이, 쌀겨오일 (99ppm), 스쿠알란, 토코페롤, 에틸헥실글리세린, 소듐하이알루로네이트, 스테아릭애씨드, 팔미틱애씨드, 하이드롤라이즈드쌀단백질 (300ppb), 쌀단백질(300ppb), 세라마이드엔피, 하이드롤라이즈드하이알루로닉애씨드, 락토바실러스발효여과물, 하이드로제네이티 드레시틴, 콜레스테롤, 글리세릴스테아레이트, 피토스핑고신, 소듐아세틸레이티드하이알루로네이트, 아라키딕애씨드, 미리스틱애씨드, 세라마이드에이피, 세라마이드에이에스, 세라마이드이오피, 세라마이드엔에스, 엑토인","olive_crwl (상품정보 제공고시 크롤링, OCR 아님)",A000000231836
sheetMask_14,sheetMask,[수지pick]아누아 데일리케어 마스크팩 8종(1매),아누아,씨엔에프,[화장품책임판매업자] 주식회사 더파운더즈,high,"[피디알엔 마스크 - 미백, 주름개선 기능성 화장품]
정제수, 부틸렌글라이콜, 글리세린, 나이아신아마이드, 1,2-헥산다이올, 아이소펜틸다이올, 트레할로오스, 카보머, 알지닌, 프로판다이올, 알란토인, 판테놀, 에틸헥실글리세린, 폴리글리세릴-10라우레이트, 잔탄검, 아데노신, 인도멀구슬나무잎추출물, 소듐디엔에이, 하이드롤라이즈드하이알루로닉애씨드, 인도멀구슬나무꽃추출물, 다이소듐이디티에이, 글리세릴아크릴레이트/아크릴릭애씨드코폴리머, 아이비고드열매추출물, 가지열매추출물, 글리세릴올리에이트, 라우릴글루코사이드, 미리스틸글루코사이드, 폴리글리세릴-6라우레이트, 하이드로제네이티드레시틴, 홀리바질잎추출물, 하이드롤라이즈드콜라겐, 소듐하이알루로네이트, 울금뿌리추출물, 참산호말추출물, 황련뿌리추출물, 글루타티온, 하이알루로닉애씨드, 하이드롤라이즈드소듐하이알루로네이트, 하이드록시프로필트라이모늄하이알루로네이트, 포타슘하이알루로네이트, 소듐하이알루로네이트크로스폴리머, 시트릭애씨드, 소듐시트레이트, 펜틸렌글라이콜, 소듐아세틸레이티드하이알루로네이트

[어성초 진정 마스크 - 일반화장품]
약모밀꽃/잎/줄기수(77%),글리세린,정제수,다이프로필렌글라이콜,글리세레스-26,1,2-헥산다이올,프로판다이올,알지닌,알란토인,카보머,폴리글리세릴-4카프레이트,잔탄검,에틸헥실글리세린,다이소듐이디티에이,부틸렌글라이콜,소듐하이알루로네이트,폴리글리세릴-10라우레이트,폴리글리세릴-10미리스테이트,스쿠알란,시어버터,하이드로제네이티드레시틴,스타아니스추출물,옥틸도데칸올,버지니아풍년화추출물,글리세릴시트레이트/락테이트/리놀리에이트/올리에이트,글리세릴올리에이트,올레일알코올,세라마이드엔피,병풀추출물,글라이코리피드,글라이코스핑고리피드,비타민나무열매추출물,올리브오일,토코페롤,마트리카리아꽃추출물,칸디다 봄비콜라/글루코오스/메틸레이프씨데이트발효물,돌콩스테롤

[복숭아 마스크 - 미백 기능성 화장품]
복숭아수(70%), 정제수, 글리세린, 메틸프로판다이올, 나이아신아마이드, 1,2-헥산다이올, 락토바실러스발효물, 진흙버섯추출물, 백미꽃추출물, 하이드롤라이즈드하이알루로닉애씨드, 접시꽃추출물, 녹차씨오일, 효모발효추출물, 잇꽃씨오일, 멕시칸치아씨오일, 복사나무꽃추출물, 칸디다 봄비콜라/글루코오스/메틸레이프씨데이트발효물, 하이알루로닉애씨드, 소듐하이알루로네이트, 하이드록시아세토페논, 프로판다이올, 부틸렌글라이콜, 알란토인, 트로메타민, 폴리글리세릴-10아이소스테아레이트, 폴리글리세릴-10올리에이트, 소듐파이테이트, 사이아노코발아민, 에틸헥실글리세린, 판테놀, 카프릴릭/카프릭트라이글리세라이드, 베타인살리실레이트, 하이드로제네이티드레시틴, 리놀레익애씨드, 리놀레닉애씨드, 수크로오스팔미테이트, 세라마이드엔피, 카보머, 잔탄검, 향료

[카테킨 마스크 - 일반화장품]
정제수, 다이프로필렌글라이콜, 메틸프로판다이올, 1,2-헥산다이올, 트레할로오스, 하이드록시아세토페논, 베타인, 글리세린, 암모늄아크릴로일다이메틸타우레이트/브이피코폴리머, 옥틸도데세스-16, 이노시톨, 부틸렌글라이콜, 아크릴레이트/C10-30알킬아크릴레이트크로스폴리머, 글리세릴글루코사이드, 트로메타민, 황련뿌리추출물, 메틸다이아이소프로필프로피온아마이드, 다이소듐이디티에이, 하이드로제네이티드레시틴, 녹차카테킨, 카페인, 물푸레나무추출물, 바질꽃/잎/줄기추출물, 덱스트린, 카카오씨추출물, 다시마추출물, 참마뿌리추출물, 당느릅나무뿌리추출물, 제비꽃꽃추출물, 알로에베라잎추출물, 하이드롤라이즈드소듐하이알루로네이트, 팥추출물, 에스신, 당호박추출물, 감나무잎추출물, 포도추출물, 에틸헥실글리세린, 소듐하이알루로네이트, 호장근뿌리추출물, 커피콩추출물, 잇꽃꽃추출물, 밤껍질추출물, 녹차추출물, 초피나무열매추출물, 하이드록시프로필트라이모늄하이알루로네이트, 몰로키아잎추출물, 탄닉애씨드, 보리추출물, 하이드롤라이즈드하이알루로닉애씨드, 소듐아세틸레이티드하이알루로네이트, 하이알루로닉애씨드, 소듐하이알루로네이트크로스폴리머, 소듐팔미토일프롤린, 포타슘하이알루로네이트, 알바수련꽃추출물

[TXA 세럼 마스크 - 미백, 주름개선 기능성 화장품]
정제수, 글리세린, 나이아신아마이드(5%), 프로판다이올, 부틸렌글라이콜, 에리스리톨, 프로필렌글라이콜, 하이드록시아세토페논, 다이에톡시에틸석시네이트, 베타인살리실레이트, 트라넥사믹애씨드(1,000ppm), 잔탄검, 카프릴릴글라이콜, 폴리글리세릴-10 아이소스테아레이트, 에틸헥실글리세린, 카보머, 아데노신, 트로메타민, 치자추출물, 펜틸렌글라이콜, 폴리글리세릴-10 올리에이트, 덱스트린, 메틸다이아이소프로필프로피온아마이드, 소듐파이테이트, 효모발효여과물, 1,2-헥산다이올, 카프릴릭/카프릭트라이글리세라이드, 판테놀, 사이아노코발아민, 하이드로제네이티드레시틴, 카카오추출물, 베타-글루칸, 다발방패버섯추출물, 세라마이드엔피, 백미꽃추출물, 접시꽃추출물, 토코페롤, 하이드롤라이즈드하이알루로닉애씨드, 카프릴릴/카프릴글루코사이드, 다이메틸실란올하이알루로네이트, 하이드롤라이즈드소듐하이알루로네이트, 하이알루로닉애씨드, 포타슘하이알루로네이트, 소듐코코일글루타메이트, 소듐하이알루로네이트, 하이드록시프로필트라이모늄하이알루로네이트, 소듐하이알루로네이트크로스폴리머, 소듐하이알루로네이트다이메틸실란올, 소듐아세틸레이티드하이알루로네이트, 글리세릴카프릴레이트, 폴리글리세릴-6 올리에이트, 시트릭애씨드, 소듐서팩틴

[비타C 마스크 - 미백, 주름개선 기능성 화장품]
정제수, 비타민나무수, 부틸렌글라이콜, 프로판다이올, 글리세린, 나이아신아마이드, 1,2-헥산다이올, 아이소펜틸다이올, 트레할로오스, 알지닌, 카보머, 알란토인, 다이포타슘글리시리제이트, 판테놀, 폴리글리세릴-10라우레이트, 잔탄검, 에틸헥실글리세린, 아데노신, 아스코빌글루코사이드(350ppm), 3-O-에틸아스코빅애씨드(330ppm), 소듐아스코빌포스페이트(330ppm), 다이소듐이디티에이, 글리세릴아크릴레이트/아크릴릭애씨드코폴리머, 인도멀구슬나무꽃추출물, 홀리바질잎추출물, 인도멀구슬나무잎추출물, 레몬껍질오일, 울금뿌리추출물, 참산호말추출물, 글루타티온, 아스코빅애씨드(10ppm) , 코코-카프릴레이트/카프레이트, 하이드로제네이티드레시틴, 펜틸렌글라이콜, 폴리글리세릴-10올리에이트, 소듐서팩틴, 하이드록시프로필사이클로덱스트린, 콜라겐, 다이펩타이드-15, 탄닉애씨드, 폴리솔베이트20, 트라이펩타이드-1, 지모뿌리추출물, 시스테인, 티옥틱애씨드, 헥사펩타이드-9, 팔미토일펜타펩타이드-4, 팔미토일트라이 펩타이드-5, 팔미토일테트라펩타이드-7, 소듐아세틸에스에이치-올리고펩타이드-195에스피라이신N6-(석신이미도프로피오닐티오에틸 다이팔미토일글리세로포스페이트), 소듐페닐부티로일히스티디닐4-t-부틸D-페닐알라닐알지닐라이신N6-(석신이미도프로피오닐티오 에틸다이팔미토일글리세로포스페이트), 리모넨

[레티놀 마스크 - 일반화장품]
정제수, 나이아신아마이드(5%), 부틸렌글라이콜, 메틸프로판다이올, 트라이프로필렌글라이콜, 메틸트라이메티콘, 글리세린, 글리세레스-26, 다이카프릴릴에터, 1,2-헥산다이올, 옥틸도데세스-16, 하이드록시아세토페논, 트레할로오스, 암모늄아크릴로일다이메틸타우레이트/브이피코폴리머, 다이포타슘글리시리제이트, 폴리우레탄-15, 펜틸렌글라이콜, 아크릴레이트/C10-30알킬아크릴레이트크로스폴리머, 글리세릴글루코사이드, 황련뿌리추출물, 잔탄검, 펜타에리스리틸테트라-다이-t-부틸하이드록시하이드로신나메이트, 아데노신, 트로메타민, 다이소듐이디티에이, 알란토인, 판테놀, 올레익애씨드, 글리세릴아크릴레이트/아크릴릭애씨드코폴리머, 하이드로제네이티드레시틴, 레티놀(17ppm), 카프릴릭/카프릭트라이글리세라이드, 에이치디아이/트라이메틸올헥실락톤크로스폴리머, 토코페롤, 베타글루칸, 폴리비닐알코올, 세라마이드엔피, 소듐하이알루로네이트, 시어버터, 옥틸도데칸올, 피토스테롤, 카프릴릴글라이콜, 페닐프로판올, 비타민나무열매오일

[라이스 마스크 - 일반화장품]
쌀겨수(70%), 정제수, 다이프로필렌글라이콜, 메틸프로판다이올, 글리세린, 1,2-헥산다이올, 글리세레스-26, 다이카프릴릴카보네 이트, 쌀추출물(3,610ppm), 옥틸도데세스-16, 부틸렌글라이콜, 하이드록시아세토페논, 아크릴레이트/C10-30알킬아크릴레이트크로스 폴리머, 암모늄아크릴로일다이메틸타우레이트/브이피코폴리머, 베타인, 트로메타민, 잔탄검, 알란토인, 다이소듐이디티에이, 쌀겨오일 (99ppm), 스쿠알란, 토코페롤, 에틸헥실글리세린, 소듐하이알루로네이트, 스테아릭애씨드, 팔미틱애씨드, 하이드롤라이즈드쌀단백질 (300ppb), 쌀단백질(300ppb), 세라마이드엔피, 하이드롤라이즈드하이알루로닉애씨드, 락토바실러스발효여과물, 하이드로제네이티 드레시틴, 콜레스테롤, 글리세릴스테아레이트, 피토스핑고신, 소듐아세틸레이티드하이알루로네이트, 아라키딕애씨드, 미리스틱애씨드, 세라마이드에이피, 세라마이드에이에스, 세라마이드이오피, 세라마이드엔에스, 엑토인","olive_crwl (상품정보 제공고시 크롤링, OCR 아님)",A000000211128
sheetMask_15,sheetMask,[1매] 넘버즈인 1번~5번 마스크팩 5종 중 택 1,넘버즈인,"[1번] 씨엔에프(주), [2번](주)이미인, [3번] 삼성메디코스(주), [4번] 한국콜마(주), [5번] (주)씨엔에프",(주)비나우,high,"[1번] 정제수, 메틸프로판다이올, 나이아신아마이드, 글리세린, 1,2-헥산다이올, 부틸렌글라이콜, 베타인, 판테놀, 알란토인, 도둑놈의 지팡이뿌리추출물, 카보머, 트레할로오스, 트로메타민, 에틸헥실글리세린,잔탄검, 다이포타슘글리시리제이트, 소듐파이테이트, 인도멀구슬나무잎추출물, 인도멀구슬나무꽃추출물, 병풀추출물, 소듐하이알루로네이트(100ppm), 아이비고드열매추출물, 가지열매추출물, 하이드롤라이즈드하이알루로닉애씨드(10ppm), 프로판다이올, 홀리바질잎추출물, 감초뿌리추출물, 판토테닉애씨드(5ppm), 울금뿌리추출물, 참산호말추출물, 약모밀추출물, 글리세릴올리에이트, 소듐아세틸레이 티드하이알루로네이트(1ppm), 하이드로제네이티드레시틴, 라우릴글루코사이드, 미리스틸글루코사이드, 폴리글리세릴-6라우레이트, 베타-글루칸, 토코페롤, 데실글루코사이드, 알파-알부틴, 하이알루로닉애씨드(100 ppb), 징크피씨에이, 시트릭애씨드, 호호바씨오일, 녹차추출물, 병풀잎추출물, 오카무라큰실말추출물, 흰버드나무껍질추출물, 커피콩추출물, 베타-시토스테롤, 폴리글리세릴-10스테아레이트, 아시아티코사이드, 마데카소사이드, 아시아틱애씨드, 마데카식애씨드, 베르가모트잎추출물, 소나무잎추출물


[2번] 콜라겐수(656,600 ppm), 정제수, 다이프로필렌글라이콜, 부틸렌글라이콜, 나이아신아마이드, 1,2-헥산다이올, 다이메티콘, 피이지-240/에이치디아이코폴리머 비스-데실테트라데세스-20에터, 세테아릴올리베이트, 암모늄아크릴로일다이메틸타우레이트/브이피코폴리머, 하이드록시에틸셀룰로오스, 솔비탄올리베이트, 에틸헥실글리세린, 아데노신, 콜라겐(100 ppm), 인도멀구슬나무꽃추출물, 아이비고드열매추출물, 인도멀구슬나무잎추출물, 가지열매추출물, 소듐디엔에이 (10.1 ppm), 포타슘라우레이트, 글리세린, 비에이치티, 알로에베라꽃추출물, 홀리바질잎추출물, 참산호말추출물, 울금뿌리추출물, 폴리글리세릴-10올리에이트, 하이드로제네이티드폴리아이소부텐, 옥틸도데칸올, 하이드로제네이티드레시틴, 폴리글리세릴-10라우레이트, 다마스크장미추출물(0.1 ppm), 폴리락틱애씨드, 하이알루로닉애씨드, 트라이펩타이드-1, 실리카, 카퍼트라이펩타이드-1, 팔미토일트라이펩타이드-1, 헥사펩타이드-9, 헥사펩타이드-11, 아세틸테트라펩타 이드-5, 아세틸테트라펩타이드-2, 팔미토일펜타펩타이드-4, 지모뿌리추출물, 팔미토일트라이펩타이드-5, 토코페롤, 다이소듐이디티에이

[3번] 정제수, 비피다발효용해물(20%), 갈락토미세스발효여과물(9%), 메틸글루세스-20, 글리세레스-26, 글리세린, 나이아신아마이드, 피이지-90, 1,2-헥산다이올, 페퍼민트잎추출물, 버지니아풍년화추출물, 녹차추출물, 캐모마일꽃추출물, 레몬그라스잎오일, 솔잣나무가지/잎오일, 오렌지 껍질오일, 라벤더오일, 로즈마리잎오일, 아틀라스시다나무껍질오일, 알테로모나스발효추출물, 염소유추출물, 실크추출물, 스쿠알란, 소듐하 이알루로네이트, 판테놀, 부틸렌글라이콜, 폴리글리세릴-3메틸글루코오스다이 스테아레이트, 폴리글리세릴-3다이스테아레이트, 글리세릴스 테아레이트시트레이트, 글리세릴스테아레이트에스이, 카프릴릴 글라이콜, 옥틸도데세스-16, 잔탄검, 카보머, 트로메타민, 에탄올, 에틸헥실글 리세린, 아데노신, 다이소듐이디티에이, 리모넨, 리날룰, 시트랄

[4번] 정제수, 메틸프로판다이올, 다이프로필렌글라이콜, 티트리잎추출물, 다시마추출물, 한련초잎추출물, 베르가못잎추출물, 아이슬란드이끼추출물, 병풀추출물, 호장근뿌리추출물, 황금추출물, 녹차추출물, 당느릅나무뿌리추출물, 스페인감초뿌리추출물, 알로에베라잎추출물, 제비꽃꽃추출물, 참마뿌리추출물, 로즈마리잎추출물, 마트리카리아꽃추출물, 티트리잎오일, 하이드로제네이티드레시틴, 옥틸도데세스-16, 판테놀, 카보머, 트로 메타민, 부틸렌글라이콜, 잔탄검, 아데노신, 다이소듐이디티에이, 메틸다이아이소프로필프로피온아마이드, 글리세린, 프룩토올리고사카라이드, 베타-글루칸, 하이드롤라이즈드하이알루로닉애씨드, 1,2-헥산다이올, 하이드록시아세토페논

[5번] 정제수, 메틸프로판다이올, 나이아신아마이드(50,000ppm), 피이지/피피지-17/6코폴리머, 황련뿌리추출물, 1,2-헥산다이올, 하이드록시아세토 페논, 하이드록시에틸우레아, 아이소펜틸다이올, 메틸글루세스-20, 카보머, 알지닌, 알란토인, 소듐아스코빌포스페이트(1,000ppm), 글루타티온 (500ppm), 하이드로제네이티드레시틴, 피이지-60하이드로제네이티드캐스터오일, 잔탄검, 아데노신, 에틸헥실글리세린, 소듐폴리아크릴레이트, 부틸렌글라이콜, 병풀추출물, 다이소듐이디티에이, 하이드록시에틸셀룰로오스, 메틸다이아이소프로필프로피온아마이드, 폴리글루타믹애씨드, 프로테아제, 세라마이드엔피, 아스코빅애씨드(10,000ppb), 알부틴, 비사보롤, 하이알루로닉애씨드","olive_crwl (상품정보 제공고시 크롤링, OCR 아님)",A000000160901
sheetMask_16,sheetMask,쥬베룩 PDLLA 콜라겐 부스팅 마스크 4매,쥬베룩,"코스맥스(주), 주식회사 바임",,확인 필요,"정제수, 글리세린, 펜틸렌글라이콜, 부틸렌글라이콜, 나이아신아마이드, 트라이프로필렌글라이콜, 1,2-헥산다이올, 판테놀, 소듐하이알루로네이트, 하이드롤라이즈드해면, 백미꽃추출물, 하이드롤라이즈드콜라겐(10000ppb), 접시꽃추출물, 아텔로콜라겐(10ppb), 하이드롤라이즈드하이알루로닉애씨드, 메틸프로판다이올, 하이드록시에틸우레아, 알란토인, 다이에톡시에틸석시네이트, 트로메타민, 프로판다이올, 에틸헥실글리세린, 카프릴릴글라이콜, 세틸에틸헥사노에이트, 아데노신, 폴리글리세릴-10아이소스테아레이트, 스쿠알란, 소듐파이테이트, 하이드로제네이티드레시틴, 폴리글리세릴-10올리에이트, 카프릴릭/카프릭트라이글리세라이드, 아세틸글루코사민, 하이드록시아세토페논, 카프릴릴/카프릴글루코사이드, 베타-글루칸, 소듐하이알루로네이트크로스폴리머, 소듐코코일글루타메이트, 글리세릴카프릴레이트, 폴리글리세릴-6올리에이트, 토코페롤, 시트릭애씨드, 소듐락테이트, 소듐서팩틴, 폴리솔베이트20, 팔미토일트라이펩타이드-1, 폴리락틱애씨드(1ppb), 팔미토일테트라펩타이드-7, 아세틸헥사펩타이드-8, 아스코빅애씨드폴리펩타이드, 아세틸옥타펩타이드-3, 아세틸테트라펩타이드-2, 아세틸테트라펩타이드-3, 아세틸테트라펩타이드-5, 아세틸테트라펩타이드-9, 카르노신, 카퍼트라이펩타이드-1, 노나펩타이드-1, 팔미토일펜타펩타이드-4, 팔미토일트라이펩타이드-5, 카보머, 카페인, 잔탄검","olive_crwl (상품정보 제공고시 크롤링, OCR 아님)",A000000253919
sheetMask_17,sheetMask,[1등마스크] 토리든 시트 마스크 10매 4종(수분/진정/브라이트닝/모공),토리든,제이에셀 주식회사,㈜토리든,high,"정제수, 부틸렌글라이콜, 글리세린, 다이프로필렌글라이콜, 소듐하이알루로네이트크로스폴리머, 소듐하이알루로네이트, 소듐아세틸레이티드하이알루로네이트, 하이드롤라이즈드소듐하이알루로네이트, 하이드롤라이즈드하이알루로닉애씨드, 판테놀, 트레할로오스, 알란토인, 엑토인, 감초추출물, 마트리카리아꽃추출물, 포트마리골드꽃추출물, 알지닌, 2,3-부탄다이올, 글리세릴아크릴레이트/아크릴릭애씨드코폴리머, 피브이엠/엠에이코폴리머, 사카라이드아이소머레이트, 카보머, 잔탄검, 트로메타민, 펜틸렌글라이콜, 1,2-헥산다이올, 하이드록시아세토페논, 트라이소듐에틸렌다이아민다이석시네이트, 쇠비름추출물, 말라카이트추출물, 에틸헥실글리세린","olive_crwl (상품정보 제공고시 크롤링, OCR 아님)",A000000255859
sheetMask_18,sheetMask,"[피지흡착/모공쿨링] 메디힐 바이오 세컨덤 마스크 1매 3종 (마데카소사이드, PDRN, 히알루론산)",메디힐,㈜엔코스,엘앤피코스메틱㈜,high,"[히알루론산 바이오 세컨덤]
STEP 1 메디힐 히알루론산 바이오 세컨덤 마스크
정제수, 부틸렌글라이콜, 1,2-헥산다이올, 아이소펜틸다이올, 글리세린, 소듐폴리아크릴레이트, 잔탄검, 폴리글리세릴-10라우레이트, 소듐하이알루로네이트(720 ppm), 에틸헥실글리세린, 다이소듐이디티에이, 베르가모트오일, 판테놀, 바이오사카라이드검-1, 엑토인, 토코페롤, 흰버드나무껍질추출물, *리모넨, *리날룰
STEP 2 메디힐 히알루론산 바이오 세컨덤 앰플
정제수, 부틸렌글라이콜, 아이소펜틸다이올, 글리세린, 1,2-헥산다이올, 트레할로오스, 소듐폴리아크릴레이트, 풀루란, 폴리글리세릴-10미리스테이트, 소듐하이알루로네이트(720 ppm), 알지닌, 카보머, 에틸헥실글리세린, 다이소듐이디티에이, 글리세릴아크릴레이트/아크릴릭애씨드코폴리머, 바이오사카라이드검-1, 피브이엠/엠에이코폴리머, 센티드제라늄꽃오일, 흰버드나무껍질추출물, 판테놀, 엑토인, 토코페롤

[로제 피디알엔 바이오 세컨덤]
STEP 1 메디힐 로제 피디알엔 바이오 세컨덤 마스크
정제수, 부틸렌글라이콜, 1,2-헥산다이올, 글리세린, 소듐폴리아크릴레이트, 잔탄검, 폴리글리세릴-10라우레이트, 에틸헥실글리세린, 아데노신, 라벤더오일, 다이소듐이디티에이, 센티드제라늄꽃오일, 소듐하이알루로네이트, 엑토인, 돌콩추출물, 다마스크장미꽃오일(3 ppm), 매듭풀추출물, 토코페롤, 레드신코나나무껍질추출물, 흰버드나무껍질추출물, 마누카잎추출물, 소듐디엔에이(35 ppb), *리날룰, *시트로넬올
STEP 2 메디힐 로제 피디알엔 바이오 세컨덤 앰플
정제수, 글리세린, 세틸에틸헥사노에이트, 부틸렌글라이콜, 카프릴릭/카프릭트라이글리세라이드, 1,2-헥산다이올, 글리세릴스테아레이트에스이, 폴리글리세릴-10스테아레이트, 폴리글리세릴-10다이스테아레이트, 라우릴글루코사이드, 폴리글리세릴-6라우레이트, 아크릴레이트/C10-30알킬아크릴레이트크로스폴리머, 알지닌, 소듐스테아로일글루타메이트, 미리스틸글루코사이드, 에틸헥실글리세린, 아데노신, 다이소듐이디티에이, 라벤더오일, 글리세릴아크릴레이트/아크릴릭애씨드코폴리머, 센티드제라늄꽃오일, 돌콩추출물, 다마스크장미꽃오일(3 ppm), 흰버드나무껍질추출물, 엑토인, 매듭풀추출물, 토코페롤, 레드신코나나무껍질추출물, 마누카잎추출물, 소듐디엔에이(35 ppb), *리날룰, *시트로넬올

[마데카소사이드 바이오 세컨덤]
STEP 1 메디힐 마데카소사이드 바이오 세컨덤 마스크
정제수, 부틸렌글라이콜, 나이아신아마이드, 1,2-헥산다이올, 글리세린, 소듐폴리아크릴레이트, 잔탄검, 폴리글리세릴-10라우레이트, 에틸헥실글리세린, 다이소듐이디티에이, 마데카소사이드(30 ppm), 유칼립투스잎오일, 엑토인, 알란토인, 살리실릭애씨드, 살비아오일, 멕시칸주니퍼오일, 병풀추출물, 토코페롤, 녹차추출물, 티트리추출물, 소듐하이알루로네이트, 흰버드나무껍질추출물, 하이드로제네이티드레시틴
STEP 2 메디힐 마데카소사이드 바이오 세컨덤 앰플
정제수, 다이프로필렌글라이콜, 글리세린, 부틸렌글라이콜, 나이아신아마이드, 1,2-헥산다이올, 베타인, 옥틸도데세스-16, 카보머, 알지닌, 잔탄검, 에틸헥실글리세린, 폴리글리세릴-10미리스테이트, 다이소듐이디티에이, 글리세릴아크릴레이트/아크릴릭애씨드코폴리머, 바이오사카라이드검-1, 피브이엠/엠에이코폴리머, 마데카소사이드(30 ppm), 유칼립투스잎오일, 살비아오일, 멕시칸주니퍼오일, 흰버드나무껍질추출물, 엑토인, 병풀추출물, 토코페롤, 하이드로제네이티드레시틴","olive_crwl (상품정보 제공고시 크롤링, OCR 아님)",A000000229375
sheetMask_19,sheetMask,[급속쿨링/열감케어] 셀퓨전씨 포스트 알파 쿨링 마스크 1P (퍼스트 쿨링/시카 쿨링/비타 쿨링),셀퓨전씨,한국콜마(주),(주)씨엠에스랩,high,"- 퍼스트 쿨링 마스크:  정제수, 글리세린, 메틸프로판다이올, 다이프로필렌글라이콜, 1,2-헥산다이올, 베타인, 하이드록시아세토페논, 트레할로오스, 판테놀, 암모늄아크릴로일다이메틸타우레이트/브이피코폴리머, 폴리글리세릴-10라우레이트, 메틸다이아이소프로필프로피온아마이드, 아크릴레이트/C10-30알킬아크릴레이트크로스폴리머, 트로메타민, 향료, 다이소듐이디티에이, 아데노신, 하이드로제네이티드레시틴, 물푸레나무추출물, 바질꽃/잎/줄기추출물, 세라마이드엔피, 수크로오스스테아레이트, 부틸렌글라이콜, 콜레스테롤, 팔미틱애씨드, 콜레스테릴마카다미에이트, 스테아릭애씨드, 마트리카리아추출물, 피버퓨추출물, 사카라이드아이소머레이트, 하이드롤라이즈드루핀단백질, 프랑스해안송껍질추출물, 구아이아줄렌

-시카 쿨링 마스크 : 정제수, 글리세린, 1,2-헥산다이올, 병풀추출물, 영지버섯줄기추출물, 다발방패버섯추출물, 병풀꽃/잎/줄기추출물, 병풀뿌리추출물, 병풀잎추출물, 소듐하이알루로네이트, 베타인, 트레할로오스, 암모늄아크릴로일다이메틸타우레이트/브이피코폴리머, 판테놀, 폴리글리세릴-10라우레이트, 아크릴레이트/C10-30알킬아크릴레이트크로스폴리머, 메틸다이아이소프로필프로피온아마이드, 트로메타민, 글리세릴글루코사이드, 다이소듐이디티에이, 알란토인, 글리세릴아크릴레이트/아크릴릭애씨드코폴리머, 효모발효여과물, 부틸렌글라이콜, 효모발효물, 아시아티코사이드, 마데카소사이드, 마데카식애씨드, 아세틸헥사펩타이드-8, 아스파틱애씨드, 아시아틱애씨드, 하이드록시아세토페논, 펜틸렌글라이콜

- 비타 쿨링 마스크 : 정제수, 부틸렌글라이콜, 글리세린, 글리세레스-26, 나이아신아마이드, 황련뿌리추출물, 영지버섯줄기추출물, 다발방패버섯추출물, 병풀꽃/잎/줄기추출물, 병풀뿌리추출물, 병풀잎추출물, 병풀추출물, 마트리카리아추출물, 피버퓨추출물, 프랑스해안송껍질추출물, 소듐하이알루로네이트, 1,2-헥산다이올, 하이드록시아세토페논, 암모늄아크릴로일다이메틸타우레이트/브이피코폴리머, 옥틸도데세스-16, 트레할로오스, 폴리아크릴레이트크로스폴리머-6, 잔탄검, 메틸다이아이소프로필프로피온아마이드, 글리세릴글루코사이드, 다이소듐이디티에이, 다이포타슘글리시리제이트, 아크릴레이트/C10-30알킬아크릴레이트크로스폴리머, 알란토인, 판테놀, 펜틸렌글라이콜, 효모발효여과물, 글리세릴아크릴레이트/아크릴릭애씨드코폴리머, 마데카소사이드, 글루코노락톤, 만델릭애씨드, 시트릭애씨드, *아스코빅애씨드, 카프릴로일살리실릭애씨드, 효모발효물, 글루타티온, 아스코빌글루코사이드, 아시아티코사이드, 글라이신, 글루타믹애씨드, 알지닌, 마데카식애씨드, 아스파틱애씨드, 아시아틱애씨드, 아세틸헥사펩타이드-8, 구아이아줄렌, 살리실릭애씨드","olive_crwl (상품정보 제공고시 크롤링, OCR 아님)",A000000114176
sheetMask_20,sheetMask,[7월 올영픽] 에스트라 에이시카365 수딩 리페어 마스크 pH4.5 5매입,에스트라,(주)코스비전,(주)아모레퍼시픽,high,"정제수, 부틸렌글라이콜, 글리세린, 나이아신아마이드, 1,2-헥산다이올, 글루코노락톤, 트로메타민, 잔탄검, 에틸헥실글리세린, 레시틴, 소듐메타포스페이트, 폴리글리세릴-10올리에이트, 매실추출물, 소듐하이알루로네이트, 3-O-에틸아스코빅애씨드, 징크피씨에이, 폴리글리세릴-4카프레이트, 아시아티코사이드, 마데카식애씨드, 글리세릴카프릴레이트, 아시아틱애씨드, 마데카소사이드, 소듐트라이메타포스페이트, 토코페롤, 쌀겨오일","olive_crwl (상품정보 제공고시 크롤링, OCR 아님)",A000000250485
sheetMask_21,sheetMask,[1일1팩/밀착진정] 듀이트리 AC 딥 진정 마스크 10매 (열감/흔적),듀이트리,(주)엔코스,(주)듀이트리,high,"[열감진정]
정제수,부틸렌글라이콜,프로판다이올,1,2-헥산다이올,글리세레스-26,메틸글루세스-20,하이드록시에틸우레아,아크릴레이트/C10-30알킬아크릴레이트크로스폴리머,알지닌,알란토인,폴리글리세릴-10라우레이트,에틸헥실글리세린,하이드록시에틸아크릴레이트/소듐아크릴로일다이메틸타우레이트코폴리머,글리세린,다이소듐이디티에이,폴리글리세릴-10미리스테이트,잔탄검,다이포타글리시리제이트,자작나무수액,페퍼민트오일,페퍼민트잎추출물,솔비탄아이소스테아레이트,데실글루코사이드,병풀추출물,파파인,글루코오스,카프릴릭/카프릭트라이글리세라이드,당느릅나무뿌리추출물,병풀잎추출물,오카무라큰실말추출물,녹차추출물,흰버드나무껍질추출물,제비꽃꽃추출물,소듐하이알루로네이트,알로에베라잎추출물,참마뿌리추출물,다시마추출물,세라마이드엔피,커피콩추출물,하이드로제네이티드레시틴,글리세릴카프릴레이트,달맞이꽃추출물,대왕소나무잎추출물,칡뿌리추출물,토코페롤,베르가모트잎추출물,하이드록시프로필트라이모늄하이알루로네이트,소나무잎추출물,소듐아세틸레이티드하이알루로네이트,하이드롤라이즈드하이알루로닉애씨드,하이알루로닉애씨드,소듐하이알루로네이트크로스폴리머,포타슘하이알루로네이트
[흔적진정]
정제수,부틸렌글라이콜,프로판다이올,1,2-헥산다이올,나이아신아마이드,하이드록시에틸우레아,메틸글루세스-20,글리세레스-26,아크릴레이트/C10-30알킬아크릴레이트크로스폴리머,폴리글리세릴-10라우레이트,알지닌,알란토인,글리세린,에틸헥실글리세린,소듐폴리아크릴레이트,폴리글리세릴-10미리스테이트,다이소듐이디티에이,소듐하이알루로네이트,자작나무수액,다이포타슘글리시리제이트,로즈마리잎오일,페퍼민트잎추출물,페퍼민트오일,카프릴릭/카프릭트라이글리세라이드,아스코빌글루코사이드,글루타티온,병풀추출물,세라마이드엔피,하이드로제네이티드레시틴,동백나무씨오일,파파인,폴리글루타믹애씨드,리놀레익애씨드,라임추출물,토코페롤","olive_crwl (상품정보 제공고시 크롤링, OCR 아님)",A000000211187
sheetMask_22,sheetMask,[장도연 PICK/초밀착 세럼팩] 메디힐 랩핑 세럼 마스크 10매 6종,메디힐,"㈜엘에스화장품, 주식회사 씨엔에프",엘앤피코스메틱㈜,high,"[마데카소사이드] 정제수, 글리세린, 부틸렌글라이콜, 나이아신아마이드, 프로판다이올, 다이프로필렌글라이콜, 1,2-헥산다이올, 글리세레스-26, 하이드록시아세토페논, 카보머, 알지닌, 카놀라오일, 폴리글리세릴-10라우레이트, 병풀추출물, 해바라기씨오일, 다이소듐이디티에이, 폴리글리세릴-4라우레이트, 잔탄검, 메도우폼씨오일, 마데카소사이드, 폴리글리세릴-10스테아레이트, 아르간커넬오일, 연필향나무오일, 서양배추출물, 판토락톤, 호호바씨오일, 다마스크장미꽃수, 광곽향오일, 글리세릴글루코사이드, 병풀잎추출물, 아이리쉬모스추출물, 오리스뿌리추출물, 멜론추출물, 불가리스쑥오일, 서양송악잎/줄기추출물, 로즈마리잎오일, 흰목이버섯폴리사카라이드, 밤부사 불가리스잎추출물, 아마씨추출물, 향부자추출물, 하이드로제네이티드레시틴, 판테놀, 판토테닉애씨드, 소듐하이알루로네이트, 에틸헥실글리세린, 수국잎추출물, 아시아틱애씨드, 아시아티코사이드, 마데카식애씨드 

[티트리] 정제수, 다이프로필렌글라이콜, 프로판다이올, 글리세린, 글리세레스-26, 티트리추출물, 티트리잎추출물, 1,2-헥산다이올, 소듐하이알루로네이트, 하이드록시아세토페논, 알지닌, 카보머, 폴리글리세릴-10라우레이트, 에틸헥실글리세린, 티트리꽃/잎/줄기추출물, 폴리글리세릴-4라우레이트, 베타인, 트레할로오스, 잔탄검, 아데노신, 다이소듐이디티에이, 티트리잎오일, 부틸렌글라이콜, 하이드로제네이티드레시틴, 4-터피네올, 흰목이버섯폴리사카라이드, 밤부사 불가리스잎추출물, 아마씨추출물, 아이리쉬모스추출물, 향부자추출물, 징크피씨에이, 수국잎추출물 

[PDRN] 정제수, 글리세린, 다이프로필렌글라이콜, 부틸렌글라이콜, 나이아신아마이드, 글리세레스-26, 프로판다이올, 스쿠알란, 다마스크장미꽃수, 1,2-헥산다이올, 하이드록시아세토페논, 폴리글리세릴-10라우레이트, 카보머, 알지닌, 카놀라오일, 판테놀, 폴리글리세린-3, 해바라기씨오일, 에틸헥실글리세린, 메도우폼씨오일, 폴리글리세릴-10스테아레이트, 하이드로제네이티드레시틴, 아데노신, 잔탄검, 아르간커넬오일, 폴리글리세릴-4라우레이트, 다이소듐이디티에이, 소듐폴리아크릴레이트, 편백오일, 검정콩추출물, 장미추출물, 다마스크장미꽃오일, 판토락톤, 글리세릴글루코사이드, 덱스트린, 치자추출물, 사이아노코발아민, 흰목이버섯폴리사카라이드, 밤부사 불가리스잎추출물, 아마씨추출물, 판토테닉애씨드, 소듐하이알루로네이트, 소듐디엔에이, 소듐아세테이트, 다이펩타이드-2, 팔미토일다이펩타이드-7   

[비타민] 정제수, 나이아신아마이드, 글리세린, 다이프로필렌글라이콜, 프로판다이올, 부틸렌글라이콜, 1,2-헥산다이올, 판테놀, 하이드록시아세토페논, 알지닌, 카보머, 폴리글리세릴-10라우레이트, 폴리글리세릴-4라우레이트, 판토락톤, 아데노신, 잔탄검, 다이소듐이디티에이, 토코페롤, 3-O-에틸아스코빅애씨드, 글리세릴글루코사이드, 아스코빅애씨드, 오렌지껍질추출물, 황련추출물, 센티드제라늄수, 다마스크장미꽃수, 흰목이버섯폴리사카라이드, 밤부사 불가리스잎추출물, 아마씨추출물, 센티드제라늄꽃오일, 유칼립투스잎수, 소듐하이알루로네이트, 향부자추출물, 판토테닉애씨드, 바추잎잎추출물, 에틸헥실글리세린, 아이리쉬모스추출물, 갈바눔수지오일, 하이드로제네이티드레시틴, 하이알루로닉애씨드, 하이드롤라이즈드하이알루로닉애씨드, 하이드롤라이즈드소듐하이알루로네이트, 하이드록시프로필트라이모늄하이알루로네이트, 포타슘하이알루로네이트, 소듐하이알루로네이트크로스폴리머, 레몬씨오일, 수국잎추출물, 펜틸렌글라이콜, 소듐아세틸레이티드하이알루로네이트, 베타인살리실레이트, 카프릴로일살리실릭애씨드, 시트릭애씨드, 락토바이오닉애씨드, 다이메틸실란올하이알루로네이트, 소듐하이알루로네이트다이메틸실란올 

[콜라겐] 정제수, 글리세린, 메틸프로판다이올, 부틸렌글라이콜, 나이아신아마이드, 하이드롤라이즈드익스텐신, 1,2-헥산다이올, 트라이에틸헥사노인, 다이글리세린, 카프릴릭/카프릭트라이글리세라이드, 하이드록시아세토페논, 카보머, 프로판다이올, 알지닌, 잔탄검, 다이프로필렌글라이콜, 시어버터, 폴리글리세릴-10라우레이트, 폴리아크릴레이트-13, 아데노신, 다이소듐이디티에이, 하이드로제네이티드레시틴, 하이드로제네이티드폴리아이소부텐, 하이드롤라이즈드옥수수전분, 폴리글리세릴-10스테아레이트, 돌콩추출물, 카라멜, 스위트아몬드오일, 에틸헥실팔미테이트, 센티드제라늄꽃오일, 솔비탄아이소스테아레이트, 아이리쉬모스추출물, 라벤더오일, 레틴알, 캐모마일꽃오일, 해수, 오렌지껍질오일, 멕시칸주니퍼오일, 레티놀, 레티닐팔미테이트, 글리세릴글루코사이드, 향부자추출물, 흰목이버섯폴리사카라이드, 소듐하이알루로네이트, 소듐아세테이트, 소엽잎추출물, 서양민들레뿌리줄기/뿌리추출물, 엘라스틴, 수국잎추출물, 다이펩타이드-2, 팔미토일다이펩타이드-7 아세틸헥사펩타이드-8, 카퍼트라이펩타이드-1, 헥사펩타이드-9, 노나펩타이드-1, 팔미토일펜타펩타이드-4, 팔미토일테트라펩타이드-7, 판테놀, 트라이펩타이드-1, 세라마이드엔피  

[히알루론산] 정제수,글리세린,프로판다이올,나이아신아마이드,1,2-헥산다이올,부틸렌글라이콜,다이프로필렌글라이콜,소듐하이알루로네이트(10,100 ppm),폴리글리세린-3,글리세릴글루코사이드,판테놀,하이드록시아세토페논,알지닌,카보머,아데노신,아이리쉬모스추출물,폴리글리세릴-10라우레이트,잔탄검,폴리글리세릴-4라우레이트,다이소듐이디티에이,옥틸도데세스-16,스쿠알란,글루코오스,유칼립투스잎오일,해수,베르가모트오일,글루타티온,하이드로제네이티드레시틴,향부자추출물,글리세릴시트레이트/락테이트/리놀리에이트/올리에이트,서양민들레뿌리줄기/뿌리추출물,소엽잎추출물,수국잎추출물,폴리글리세릴-10미리스테이트,다이메틸실란올하이알루로네이트(10 ppb),소듐아세틸레이티드하이알루로네이트(10 ppb),소듐하이알루로네이트다이메틸실란올(10 ppb),소듐하이알루로네이트크로스폴리머(10 ppb),카프릴릭/카프릭트라이글리세라이드,포타슘하이알루로네이트(10 ppb),하이드록시프로필트라이모늄하이알루로네이트(10 ppb),하이드롤라이즈드소듐하이알루로네이트(10 ppb),하이드롤라이즈드하이알루로닉애씨드(10 ppb),하이알루로닉애씨드(10 ppb),피토스테롤,글루코노락톤,세라마이드엔피","olive_crwl (상품정보 제공고시 크롤링, OCR 아님)",A000000229695
sheetMask_23,sheetMask,[NEW/속수분장벽] 빌리프 아쿠아 밤 판테놀 이지에프 수딩 배리어 겔 마스크 3매 기획(+1매 증정) / 1매 단품,빌리프,(주)엔코스,엘지생활건강,high,"정제수, 글리세린, 부틸렌글라이콜, 세틸에틸헥사노에이트, 1,2-헥산다이올, 다이글리세린, 아이리쉬모스, 캐롭검, 셀룰로오스검, 에틸헥실올리베이트, 에리스리톨, 시어버터, 아이리쉬모스가루, 판테놀 (2,000ppm), 트레할로오스, 포타슘클로라이드, 수크로오스, 잔탄검, 사카라이드아이소머레이트, 폴리글리세릴-10라우레이트, 글리세릴스테아레이트, 알란토인, 소듐아크릴레이트코폴리머, 폴리글리세릴-4올리에이트, 에틸헥실글리세린, 덱스트린, 다이소듐이디티에이, 레몬밤꽃/잎/줄기수*, 로즈마리잎수*, 오렌지껍질오일+, 나이아신아마이드, 라임전초오일+, 치자추출물, 펜틸렌글라이콜, 센티드제라늄꽃오일+, 로즈마리잎오일+, 유칼립투스잎추출물*, 소듐하이알루로네이트, 폴스애플민트잎추출물*, 로즈힙열매추출물*, 소듐하이알루로네이트크로스폴리머, 하이드롤라이즈드하이알루로닉애씨드, 하이알루로닉애씨드, 타임잎추출물*, 토코페롤, 하이드롤라이즈드소듐하이알루로네이트, 에스에이치-올리고펩타이드-1 (0.01ppb), 비터오렌지껍질오일, 리모넨

* 표시: belif original formula
+ 표시: 식물 유래 향","olive_crwl (상품정보 제공고시 크롤링, OCR 아님)",A000000255523
sheetMask_24,sheetMask,[7월올영픽/쿨링붓기완화] 프리메라 3C히알루론산 메가-샷 겔마스크 4+1매 기획/단품,프리메라,㈜아모레퍼시픽,㈜아모레퍼시픽,high,"정제수, 글리세린, 부틸렌글라이콜, 세틸에틸헥사노에이트, 나이아신아마이드, 1,2-헥산다이올, 카라기난, 캐롭검, 카페인, 아이리쉬모스가루,카프릴릭/카프릭트라이글리세라이드, 에틸헥실올리베이트, 셀룰로오스검, 에리스리톨, 포타슘클로라이드, 수크로오스, 잔탄검, 글리세릴스테아레이트, 소듐아크릴레이트코폴리머, 사카라이드아이소머레이트, 아이리쉬모스추출물, 글루코만난, 폴리글리세릴-4올리에이트, 에틸헥실글리세린, 덱스트린, 아가, 하이알루로닉애씨드(100ppm), 젤란검, 소듐파이테이트, 멘틸락테이트, 시어버터, 에틸멘탄카복사마이드,치자추출물, 메틸다이아이소프로필프로피온아마이드, 소듐하이알루로네이트, 세라마이드엔피, 마데카소사이드, 구아이아줄렌, 피토스핑고신, 유비퀴논, 소듐하이알루로네이트크로스폴리머-6, 토코페롤, 글리세릴카프릴레이트, 병풀추출물","olive_crwl (상품정보 제공고시 크롤링, OCR 아님)",A000000259699
sheetMask_25,sheetMask,[10매/5종] 아비브 껌딱지 시트 마스크 스티커 10매 (어성초/수분초/마데카소사이드/콜라겐밀크/비타),아비브,(주)이미인,(주)포컴퍼니,high,"[어성초스티커]
정제수, 다이프로필렌글라이콜, 글리세린, 글리세레스-26, 하이드록시아세토페논, 폴리글리세릴-10라우레이트, 카프릴릴글라이콜, 알지닌, 카보머, 잔탄검, 1,2-헥산다이올, 에틸헥실글리세린, 소듐하이알루로네이트, 알란토인, 판테놀, 약모밀추출물(60 ppm), 부틸렌글라이콜, 다이포타슘글리시리제이트, 로즈마리잎추출물, 하이드로제네이티드레시틴, 나이아신아마이드, 판토락톤, 티트리추출물, 아시아티코사이드, 아시아틱애씨드, 마데카식애씨드, 쿼세틴, 바이오플라보노이드, 탄닉애씨드, 다이소듐이디티에이
[마데카소사이드스티커]
정제수, 다이프로필렌글라이콜, 부틸렌글라이콜, 글리세린, 하이드록시아세토페논, 카프릴릴글라이콜, 폴리글리세릴-10라우레이트, 알지닌, 카보머, 에틸헥실글리세린, 셀룰로오스검, 1,2-헥산다이올, 알란토인, 폴리쿼터늄-51, 베타인, 소듐하이알루로네이트, 판테놀, 마데카소사이드(50 ppm), 다이포타슘글리시리제이트, 병풀추출물, 로즈마리잎추출물, 하이드로제네이티드레시틴, 옥틸도데칸올, 나이아신아마이드, 판토락톤, 엑토인, 세라마이드엔피, 아시아티코사이드, 아시아틱애씨드, 마데카식애씨드, 다이소듐이디티에이
[밀크스티커]
정제수, 다이프로필렌글라이콜, 나이아신아마이드, 글리세린, 아이소펜틸다이올, 세테아릴에틸헥사노에이트, 부틸렌글라이콜, 폴리글리세릴-3메틸글루코오스다이스테아레이트, 판테놀, 1,2-헥산다이올, 글리세릴스테아레이트에스이, 네오펜틸글라이콜다이헵타노에이트, 카보머, 글리세릴카프릴레이트, 락토바실러스/소이밀크발효여과물(980 ppm), 트로메타민, 잔탄검, 에틸헥실글리세린, 메틸글루코오스세스퀴스테아레이트, 아데노신, 모란뿌리추출물, 병풀추출물, 마트리카리아꽃추출물, 판토락톤, 로즈마리잎추출물, 하이드로제네이티드레시틴, 아시아티코사이드, 아시아틱애씨드, 마데카식애씨드, 폴리글리세릴-10라우레이트, 콜라겐추출물(10 ppb), 트라이펩타이드-1, 카퍼트라이펩타이드-1, 아세틸테트라펩타이드-5, 아세틸테트라펩타이드-2, 팔미토일펜타펩타이드-4, 팔미토일트라이펩타이드-1, 헥사펩타이드-9, 헥사펩타이드-11, 팔미토일트라이펩타이드-5, 다이소듐이디티에이
[비타스티커]
정제수, 다이프로필렌글라이콜, 글리세린, 나이아신아마이드, 글리세레스-26, 하이드록시아세토페논, 폴리글리세릴-10라우레이트, 카프릴릴글라이콜, 알지닌, 카보머, 잔탄검, 에틸헥실글리세린, 1,2-헥산다이올, 부틸렌글라이콜, 알란토인, 소듐하이알루로네이트, 아스코빅애씨드(100 ppm), 자몽추출물, 판테놀, 다이포타슘글리시리제이트, 토코페릴아세테이트(10 ppm), 로즈마리잎추출물, 하이드로제네이티드레시틴, 판토락톤, 사이아노코발아민(1 ppm), 아시아티코사이드, 글루타티온, 아시아틱애씨드, 마데카식애씨드, 다이소듐이디티에이
[수분초히알루론스티커]
정제수, 다이프로필렌글라이콜, 부틸렌글라이콜, 메틸프로판다이올, 글리세린, 프로판다이올, 글리세릴글루코사이드, 하이드록시아세토페논, 폴리글리세릴-10라우레이트, 카프릴릴글라이콜, 알지닌, 카보머, 1,2-헥산다이올, 에틸헥실글리세린, 셀룰로오스검, 자일리틸글루코사이드, 안하이드로자일리톨, 자일리톨, 소듐하이알루로네이트(100 ppm), 글루코오스, 돌나물추출물(100 ppm), 판테놀, 하이알루로닉애씨드(10 ppm), 다이포타슘글리시리제이트, 메틸다이아이소프로필프로피온아마이드, 멘틸락테이트, 로즈마리잎추출물, 하이드로제네이티드레시틴, 나이아신아마이드, 판토락톤, 소듐구아이아줄렌설포네이트, 벤질글라이콜, 하이드롤라이즈드글라이코사미노글리칸(0.56 ppm), 소듐하이알루로네이트크로스폴리머(0.1 ppm), 하이드롤라이즈드하이알루로닉애씨드(0.052 ppm), 아시아티코사이드, 아시아틱애씨드, 마데카식애씨드, 하이드록시프로필트라이모늄하이알루로네이트(0.012 ppm), 소듐아세틸레이티드하이알루로네이트(0.0002 ppm), 다이소듐이디티에이","olive_crwl (상품정보 제공고시 크롤링, OCR 아님)",A000000188024
sheetMask_26,sheetMask,[10매] 넘버즈인 마스크팩 10매 기획 5종 중 택 1,넘버즈인,"[1번] 씨엔에프(주), [2번](주)이미인, [3번] 삼성메디코스(주), [4번] 한국콜마(주), [5번] (주)씨엔에프",(주)비나우,high,"[1번] 정제수,메틸프로판다이올,나이아신아마이드,글리세린,1,2-헥산다이올,부틸렌글라이콜,베타인,판테놀,알란토인,도둑놈의지팡이뿌리추출물,카보머,트레할로오스,트로메타민,에틸헥실글리세린,잔탄검,다이포타슘글리시리제이트,소듐파이테이트,인도멀구슬나무잎추출물,인도멀구슬나무꽃추출물,병풀추출물,소듐하이알루로네이트,아이비고드열매추출물,가지열매추출물,하이드롤라이즈드하이알루로닉애씨드,프로판다이올,홀리바질잎추출물,감초뿌리추출물,판토테닉애씨드,울금뿌리추출물,참산호말추출물,약모밀추출물,글리세릴올리에이트,소듐아세틸레이티드하이알루로네이트,하이드로제네이티드레시틴,라우릴글루코사이드,미리스틸글루코사이드,폴리글리세릴-6라우레이트,베타-글루칸,토코페롤,데실글루코사이드,알파-알부틴,하이알루로닉애씨드,징크피씨에이,시트릭애씨드,호호바씨오일,녹차추출물,병풀잎추출물,오카무라큰실말추출물,흰버드나무껍질추출물,커피콩추출물,베타-시토스테롤,폴리글리세릴-10스테아레이트,아시아티코사이드,마데카소사이드,아시아틱애씨드,마데카식애씨드,베르가모트잎추출물,소나무잎추출물


[2번] 콜라겐수,정제수,다이프로필렌글라이콜,부틸렌글라이콜,나이아신아마이드,1,2-헥산다이올,다이메티콘,피이지-240/에이치디아이코폴리머비스-데실테트라데세스-20에터,세테아릴올리베이트,암모늄아크릴로일다이메틸타우레이트/브이피코폴리머,하이드록시에틸셀룰로오스,솔비탄올리베이트,에틸헥실글리세린,아데노신,콜라겐,인도멀구슬나무꽃추출물,아이비고드열매추출물,인도멀구슬나무잎추출물,가지열매추출물,소듐디엔에이,포타슘라우레이트 ,글리세린,비에이치티,알로에베라꽃추출물,홀리바질잎추출물,참산호말추출물,울금뿌리추출물,폴리글리세릴-10올리에이트,하이드로제네이티드폴리아이소부텐,옥틸도데칸올,하이드로제네이티드레시틴,폴리글리세릴-10라우레이트,다마스크장미추출물,폴리락틱애씨드,하이알루로닉애씨드,트라이펩타이드-1,실리카,카퍼트라이펩타이드-1,팔미토일트라이펩타이드-1,헥사펩타이드-9,헥사펩타이드-11,아세틸테트라펩타이드-5,아세틸테트라펩타이드-2,팔미토일펜타펩타이드-4,지모뿌리추출물,팔미토일트라이펩타이드-5,토코페롤,다이소듐이디티에이

[3번] 정제수, 비피다발효용해물, 갈락토미세스발효여과물, 메틸글루세스-20, 글리세레스-26, 글리세린, 나이아신아마이드, 피이지-90, 1,2-헥산다이올, 페퍼민트잎추출물, 버지니아풍년화추출물, 녹차추출물, 캐모마일꽃추출물, 레몬그라스잎오일, 솔잣나무가지/잎오일, 오렌지껍질오일, 라벤더오일, 로즈마리잎오일, 아틀라스시다나무껍질오일, 알테로모나스발효추출물, 염소유추출물, 실크추출물, 스쿠알란, 소듐하이알루로네이트, 판테놀, 부틸렌글라이콜, 폴리글리세릴-3메틸글루코오스다이스테아레이트, 폴리글리세릴-3다이스테아레이트, 글리세릴스테아레이트시트레이트, 글리세릴스테아레이트에스이, 카프릴릴글라이콜, 옥틸도데세스-16, 잔탄검, 카보머, 트로메타민, 에탄올, 에틸헥실글리세린, 아데노신, 다이소듐이디티에이, 리모넨, 리날룰, 시트랄

[4번] 정제수, 메틸프로판다이올, 다이프로필렌글라이콜, 티트리잎추출물, 다시마추출물, 한련초잎추출물, 베르가못잎추출물, 아이슬란드이끼추출물, 병풀추출물, 호장근뿌리추출물, 황금추출물, 녹차추출물, 당느릅나무뿌리추출물, 스페인감초뿌리추출물, 알로에베라잎추출물, 제비꽃꽃추출물, 참마뿌리추출물, 로즈마리잎추출물, 마트리카리아꽃추출물, 티트리잎오일, 하이드로제네이티드레시틴, 옥틸도데세스-16, 판테놀, 카보머, 트로메타민, 부틸렌글라이콜, 잔탄검, 아데노신, 다이소듐이디티에이, 메틸다이아이소프로필프로피온아마이드, 글리세린, 프룩토올리고사카라이드, 베타-글루칸, 하이드롤라이즈드하이알루로닉애씨드, 1,2-헥산다이올, 하이드록시아세토페논

[5번] 정제수, 메틸프로판다이올, 나이아신아마이드, 피이지/피피지-17/6코폴리머, 황련뿌리추출물, 1,2-헥산다이올, 하이드록시아세토페논, 하이드록시에틸우레아, 아이소펜틸다이올, 메틸글루세스-20, 카보머, 알지닌, 알란토인, 소듐아스코빌포스페이트, 글루타티온, 하이드로제네이티드레시틴, 피이지-60하이드로제네이티드캐스터오일, 잔탄검, 아데노신, 에틸헥실글리세린, 소듐폴리아크릴레이트, 부틸렌글라이콜, 병풀추출물, 다이소듐이디티에이, 하이드록시에틸셀룰로오스, 메틸다이아이소프로필프로피온아마이드, 폴리글루타믹애씨드, 프로테아제, 세라마이드엔피, 아스코빅애씨드, 알부틴, 비사보롤, 하이알루로닉애씨드","olive_crwl (상품정보 제공고시 크롤링, OCR 아님)",A000000205979
sheetMask_27,sheetMask,[초밀착 세럼팩] 메디힐 랩핑 세럼 마스크 1매 6종,메디힐,㈜엘에스화장품,엘앤피코스메틱㈜,high,"정제수, 글리세린, 부틸렌글라이콜, 나이아신아마이드, 프로판다이올, 다이프로필렌글라이콜, 1,2-헥산다이올, 글리세레스-26, 하이드록시아세토페논, 카보머, 알지닌, 카놀라오일, 폴리글리세릴-10라우레이트, 병풀추출물, 해바라기씨오일, 다이소듐이디티에이, 폴리글리세릴-4라우레이트, 잔탄검, 메도우폼씨오일, 마데카소사이드, 폴리글리세릴-10스테아레이트, 아르간커넬오일, 연필향나무오일, 서양배추출물, 판토락톤, 호호바씨오일, 다마스크장미꽃수, 광곽향오일, 글리세릴글루코사이드, 병풀잎추출물, 아이리쉬모스추출물, 오리스뿌리추출물, 멜론추출물, 불가리스쑥오일, 서양송악잎/줄기추출물, 로즈마리잎오일, 흰목이버섯폴리사카라이드, 밤부사 불가리스잎추출물, 아마씨추출물, 향부자추출물, 하이드로제네이티드레시틴, 판테놀, 판토테닉애씨드, 소듐하이알루로네이트, 에틸헥실글리세린, 수국잎추출물, 아시아틱애씨드, 아시아티코사이드, 마데카식애씨드","olive_crwl (상품정보 제공고시 크롤링, OCR 아님)",A000000229694
sheetMask_28,sheetMask,[1등마스크|콜라겐&탄력] 바이오힐보 프로바이오덤 마스크팩 대용량 기획 3종,바이오힐보,"㈜코바스, 코스맥스㈜","㈜코바스, 코스맥스㈜",high,"[3D 리프팅 크림 마스크] : 정제수, 글리세린, 메틸프로판다이올, 카프릴릭/카프릭트라이글리세라이드, 세틸에틸헥사노에이트, 다이프로필렌글라이콜, 락토바실러스발효물, 소듐디엔에이, 하이드롤라이즈드콜라겐, 아세틸다이펩타이드-1세틸에스터, 다이펩타이드다이아미노부티로일벤질아마이드다이아세테이트, 헥사펩타이드-2, 아세틸헥사펩타이드-8, 팔미토일트라이펩타이드-1, 아스코빅애씨드폴리펩타이드, 팔미토일테트라펩타이드-7, 아세틸옥타펩타이드-3, 아세틸테트라펩타이드-2, 아세틸테트라펩타이드-3, 아세틸테트라펩타이드-5, 아세틸테트라펩타이드-9, 카퍼트라이펩타이드-1, 노나펩타이드-1, 팔미토일펜타펩타이드-4, 팔미토일트라이펩타이드-5, 세라마이드엔피, 암모늄아크릴로일다이메틸타우레이트/브이피코폴리머, 아크릴레이트/C10-30알킬아크릴레이트크로스폴리머, 아데노신, 백미꽃추출물, 판테놀, 토코페롤, 알란토인, 풀루란, 타피오카전분, 녹두싹추출물, 밀싹추출물, 브로콜리싹추출물, 진흙버섯추출물, 접시꽃추출물, 허니로커스트씨추출물, 키토산, 부틸렌글라이콜, 하이드록시아세토페논, 폴리글리세릴-6스테아레이트, 세테아릴올리베이트, 1,2-헥산다이올, 솔비탄올리베이트, 트레할로오스, 트로메타민, 프로판다이올, 에틸헥실글리세린, 카프릴릴글라이콜, 폴리글리세릴-6베헤네이트, 폴리글리세릴-10아이소스테아레이트, 폴리글리세릴-10올리에이트, 하이드로제네이티드폴리아이소부텐, 소듐파이테이트, 사이아노코발아민, 베타인, 프룩토올리고사카라이드, 베타-글루칸, 프룩탄, 솔비탄라우레이트, 펜틸렌글라이콜, 하이드록시에틸셀룰로오스, 이눌린, 소듐락테이트, 폴리솔베이트20, 글리세릴카프릴레이트, 하이드로제네이티드레시틴, 콜레스테롤, 바이오틴, 카르노신, 카페인, 잔탄검, 카보머, 향료 

[콜라겐 리모델링 세럼 겔 마스크] : 정제수, 글리세린, 메틸프로판다이올, 아크릴레이트/에틸헥실아크릴레이트코폴리머, 1,2-헥산다이올, 아이리쉬모스가루, 캐롭검, 지치뿌리추출물, 카카오추출물, 락토바실러스발효물, 콜라겐, 콜라겐추출물, 수용성콜라겐, 베타인, 부틸렌글라이콜, 글리세레스-26, 하이드록시아세토페논, 하이드록시에틸우레아, 카프릴릭/카프릭트라이글리세라이드, 알란토인, 셀룰로오스검, 판테놀, 포타슘클로라이드, 글루코만난, 구아검, 에틸헥실글리세린, 덱스트린, 다이포타슘글리시리제이트, 트레할로오스, 폴리글리세릴-10라우레이트, 프로판다이올, 젤란검, 아가, 다이팔미토일하이드록시프롤린, 글라이코젠, 하이드롤라이즈드글라이코사미노글리칸, 매스틱검, 알지닌, 하이드로제네이티드레시틴, 하이드롤라이즈드엘라스틴, 프룩토올리고사카라이드, 아세틸헥사펩타이드-8, 베타-글루칸, 아스코빅애씨드폴리펩타이드, 프룩탄, 이눌린, 아세틸옥타펩타이드-3, 아세틸테트라펩타이드-2, 아세틸테트라펩타이드-3, 아세틸테트라펩타이드-5, 아세틸테트라펩타이드-9, 카르노신, 카퍼트라이펩타이드-1, 노나펩타이드-1, 팔미토일펜타펩타이드-4, 팔미토일트라이펩타이드-1, 팔미토일트라이펩타이드-5, 잔탄검, 페네틸알코올, 구아이아줄렌

[콜라겐 리모델링 세럼 마스크] : 정제수, 메틸프로판다이올, 글리세린, 부틸렌글라이콜, 하이드록시아세토페논, 판테놀, 카보머, 프로판다이올, 알란토인, 트로메타민, 폴리글리세릴-10아이소스테아레이트, 카프릴릴글라이콜, 에틸헥실글리세린, 아데노신, 잔탄검, 폴리글리세릴-10올리에이트, 소듐파이테이트, 1,2-헥산다이올, 소듐하이알루로네이트, 베타인, 다이포타슘글리시리제이트, 트레할로오스, 사이아노코발아민, 백미꽃추출물, 락토바실러스발효물, 접시꽃추출물, 토코페롤, 콜라겐(0.04ppm), 콜라겐추출물(0.04ppm), 알지닌, 수용성콜라겐(0.02ppm), 다이펩타이드-15, 다이프로필렌글라이콜, 프룩토올리고사카라이드, 하이드롤라이즈드하이알루로닉애씨드, 하이드롤라이즈드글라이코사미노글리칸, 펜틸렌글라이콜, 베타-글루칸, 프룩탄, 하이드로제네이티드레시틴, 콜레스테롤, 하이드롤라이즈드콜라겐(0.01ppb), 이눌린, 세라마이드엔피, 하이드롤라이즈드엘라스틴, 아세틸헥사펩타이드-1, 콜라겐아미노산(0.000001ppb)","olive_crwl (상품정보 제공고시 크롤링, OCR 아님)",A000000226508
sheetMask_29,sheetMask,[잡티톤업/미백] 구달 청귤 비타C 잡티케어 세럼마스크 알파 9매 기획 (+1매),구달,코스맥스㈜,㈜클리오,high,"정제수,나이아신아마이드,부틸렌글라이콜,글리세레스-26,메틸프로판다이올,탄제린추출물,소듐하이알루로네이트,황련뿌리추출물,인도멀구슬나무꽃추출물,홀리바질잎추출물,인도멀구슬나무잎추출물,베르가모트오일,울금뿌리추출물,하이드롤라이즈드호호바에스터,참산호말추출물,백미꽃추출물,레몬껍질오일,접시꽃추출물,라벤더오일,일랑일랑꽃오일,오렌지껍질오일,유칼립투스잎추출물,흰목이버섯추출물,다이프로필렌글라이콜,하이드록시아세토페논,1,2-헥산다이올,트로메타민,프로판다이올,카프릴릴글라이콜,에틸헥실글리세린,아데노신,암모늄아크릴로일다이메틸타우레이트/브이피코폴리머,폴리글리세릴-10아이소스테아레이트,폴리글리세릴-10올리에이트,알란토인,아스코빅애씨드,하이드록시프로필사이클로덱스트린,글리세린,글루타티온,포타슘하이드록사이드,티옥틱애씨드,3-O-에틸아스코빅애씨드,소듐아스코빌포스페이트,아스코빌글루코사이드,토코페롤,유비퀴논,카보머,잔탄검,다이소듐이디티에이,카페인","olive_crwl (상품정보 제공고시 크롤링, OCR 아님)",A000000229774
sheetMask_30,sheetMask,[15년연속 1위/4매] 메디힐 에센셜 마스크팩 고기능 7종 골라담기,메디힐,"㈜엘에스, ㈜이미인, ㈜코스맥스",엘앤피코스메틱㈜,high,"[마데카소사이드] 정제수, 프로판다이올, 다이프로필렌글라이콜, 나이아신아마이드, 글리세린, 1,2-헥산다이올, 트레할로오스, 하이드록시아세토페논, 알지닌, 카보머, 폴리글리세릴-10라우레이트, 에틸헥실글리세린, 폴리글리세릴-4라우레이트, 잔탄검, 다이소듐이디티에이, 옥틸도데세스-16, 연필향나무오일, 마데카소사이드, 서양배추출물, 호호바씨오일, 다마스크장미꽃수, 광곽향오일, 글리세릴아크릴레이트/아크릴릭애씨드코폴리머, 오리스뿌리추출물, 멜론추출물, 불가리스쑥오일, 서양송악잎/줄기추출물, 로즈마리잎오일, 부틸렌글라이콜, 해수, 소듐하이알루로네이트, 병풀추출물, 소듐하이알루로네이트크로스폴리머, 하이드롤라이즈드글라이코사미노글리칸, 하이드로제네이티드레시틴, 향부자추출물, 벤질글라이콜, 하이드롤라이즈드하이알루로닉애씨드, 하이알루로닉애씨드, 판테놀, 세라마이드엔피

[PDRN] 정제수, 글리세린, 프로판다이올, 부틸렌글라이콜, 글리세레스-26, 1,2-헥산다이올, 다마스크장미추출물, 잔탄검, 카보머, 판테놀, 알지닌, 하이드록시아세토페논, 카놀라오일, 폴리글리세릴-10라우레이트, 아데노신, 해바라기씨오일, 메도우폼씨오일, 다이프로필렌글라이콜, 폴리글리세릴-4라우레이트, 폴리글리세릴-10스테아레이트, 다이소듐이디티에이, 하이드록시에틸셀룰로오스, 아르간커넬오일, 다마스크장미꽃수, 치자나무꽃추출물, 락토바실러스발효물, 양까막까치밥나무잎추출물, 첨차잎추출물, 해수, 서양송악잎/줄기추출물, 센티드제라늄꽃오일, 스쿠알란, 검정콩추출물, 무화과추출물, 밤껍질추출물, 버지니아풍년화잎수, 퀴노아씨추출물, 하이드로제네이티드레시틴, 향부자추출물, 밤부사 불가리스잎추출물, 아마씨추출물, 에틸헥실글리세린, 소듐디엔에이, 글루코노락톤, 세라마이드엔피 

[콜라겐] 정제수, 글리세린, 메틸프로판다이올, 프로판다이올, 1,2-헥산다이올, 하이드롤라이즈드익스텐신, 하이드록시아세토페논, 카보머, 알지닌, 잔탄검, 베타인, 트레할로오스, 아데노신, 폴리글리세릴-10라우레이트, 해수, 다이프로필렌글라이콜, 폴리글리세릴-4라우레이트, 다이소듐이디티에이, 옥틸도데세스-16, 소듐하이알루로네이트, 판테놀, 아미노부티릭애씨드, 부틸렌글라이콜, 스위트아몬드오일, 글리세릴글루코사이드, 소듐폴리아크릴레이트, 센티드제라늄꽃오일, 라벤더오일, 하이드로제네이티드레시틴, 흰목이버섯폴리사카라이드, 캐모마일꽃오일, 오렌지껍질오일, 소엽잎추출물, 서양민들레뿌리줄기/뿌리추출물, 멕시칸주니퍼오일, 엘라스틴, 향부자추출물, 카프릴릭/카프릭트라이글리세라이드, 아세틸헥사펩타이드-8, 카퍼트라이펩타이드-1, 헥사펩타이드-9, 노나펩타이드-1, 팔미토일펜타펩타이드-4, 팔미토일테트라펩타이드-7, 트라이펩타이드-1, 세라마이드엔피

[티트리] 정제수, 글리세린, 다이프로필렌글라이콜, 1,2-헥산다이올, 티트리추출물, 메틸프로판다이올, 프로판다이올, 하이드록시아세토페논, 알지닌, 카보머, 아미노부티릭애씨드, 부틸렌글라이콜, 잔탄검, 폴리글리세릴-10라우레이트, 아데노신, 폴리글리세릴-4라우레이트, 해수, 다이소듐이디티에이, 트루로즈오브예리코추출물, 티트리잎오일, 폴리쿼터늄-51, 하이드로제네이티드레시틴, 베르가모트오일, 티트리잎추출물, 4-터피네올, 글리세릴글루코사이드, 트레할로오스, 티트리꽃/잎/줄기추출물, 티트리잎수, 화이트티트리잎추출물, 서양민들레뿌리줄기/뿌리추출물, 소엽잎추출물, 향부자추출물, 소두구씨오일, 판테놀, 세라마이드엔피

[히알루론산] 정제수, 글리세린, 다이프로필렌글라이콜, 부틸렌글라이콜, 나이아신아마이드, 1,2-헥산다이올, 판테놀, 소듐하이알루로네이트, 알지닌, 카보머, 하이드록시아세토페논, 아미노부티릭애씨드, 잔탄검, 아데노신, 해수, 폴리글리세릴-10라우레이트, 다이소듐이디티에이, 서양배추출물, 폴리글리세릴-4라우레이트, 다마스크장미꽃수, 옥틸도데세스-16, 오리스뿌리추출물, 폴리쿼터늄-51, 멜론추출물, 서양송악잎/줄기추출물, 하이드로제네이티드레시틴, 향부자추출물, 소엽잎추출물, 서양민들레뿌리줄기/뿌리추출물, 스쿠알란, 카프릴릭/카프릭트라이글리세라이드, 다이메틸실란올하이알루로네이트, 글루코노락톤, 글루타티온, 하이알루로닉애씨드, 하이드롤라이즈드하이알루로닉애씨드, 하이드롤라이즈드소듐하이알루로네이트, 하이드록시프로필트라이모늄하이알루로네이트, 포타슘하이알루로네이트, 소듐아세틸레이티드하이알루로네이트, 소듐하이알루로네이트크로스폴리머, 소듐하이알루로네이트다이메틸실란올, 피토스테롤, 세라마이드엔피

[세라마이드] 정제수, 글리세린, 다이프로필렌글라이콜, 트라이에틸헥사노인, 프로판다이올, 시어버터, 글리세릴스테아레이트, 1,2-헥산다이올, 폴리글리세릴-3메틸글루코오스다이스테아레이트, 하이드록시아세토페논, 알지닌, 폴리글리세릴-10라우레이트, 아크릴레이트/C10-30알킬아크릴레이트크로스폴리머, 폴리글리세릴-4라우레이트, 잔탄검, 에틸헥실글리세린, 향료, 팔미틱애씨드, 카보머, 스테아릭애씨드, 세라마이드엔피, 아데노신, 다이소듐이디티에이, 서양배추출물, 부틸렌글라이콜, 다마스크장미꽃수, 판테놀, 오리스뿌리추출물, 멜론추출물, 서양송악잎/줄기추출물, 글라이신, 글루타믹애씨드, 아스파틱애씨드, 소듐폴리아크릴레이트, 소듐클로라이드, 향부자추출물, 엑토인, 히스티딘, 세린, 시트릭애씨드, 알라닌, 프롤린, 트레오닌, 마그네슘클로라이드, 칼슘클로라이드, 세라마이드에이피, 세라마이드이오피, 세라마이드엔에스

[비타민씨] 정제수, 프로판다이올, 나이아신아마이드(30,000 ppm), 글리세린, 1,2-헥산다이올, 다이프로필렌글라이콜, 귤껍질추출물(2,000 ppm), 비타민나무추출물(2,000 ppm), 하이드록시아세토페논, 글리세릴글루코사이드, 알지닌, 카보머, 판테놀(1,300 ppm), 아미노부티릭애씨드, 하이드록시에틸우레아, 폴리글리세릴-10라우레이트, 잔탄검, 다이소듐이디티에이, 부틸렌글라이콜, 글리세릴아크릴레이트/아크릴릭애씨드코폴리머, 3-O-에틸아스코빅애씨드(50 ppm), 센티드제라늄꽃오일, 글루코오스, 시트로넬올, 해수, 바이오틴(24 ppm), 카르니틴에이치씨엘(24 ppm), 폴릭애씨드(24 ppm), 헤스페리딘(24 ppm), 메나다이온(24 ppm), 피리독신에이치씨엘(24 ppm), 리보플라빈(24 ppm), 티아민에이치씨엘(24 ppm), 토코페릴아세테이트(24 ppm), 제라니올, 황련추출물, 하이드로제네이티드레시틴, 아스코빅애씨드(5,000 ppb), 밤부사 불가리스잎추출물, 아마씨추출물, 향부자추출물, 에틸헥실글리세린, 소듐하이알루로네이트, 세라마이드엔피","olive_crwl (상품정보 제공고시 크롤링, OCR 아님)",A000000208231
sunCream_01,sunCream,"[파데프리] 식물나라 뽀얀쌀 수분 선크림 100ml 단품 3종(생기,보라,초록)",식물나라,씨제이올리브영 주식회사,씨제이올리브영 주식회사,high,"[보라 톤업]정제수,다이부틸아디페이트,프로판다이올,티타늄디옥사이드,디이소부틸아디페이트,부틸옥틸살리실레이트,카프릴릭/카프릭트라이글리세라이드,디에칠아미노하이드록시벤조일헥실벤조에이트,에칠헥실트리아존,다이카프릴릴카보네이트,나이아신아마이드,글리세린,디에칠헥실부타미도트리아존,1,2-헥산다이올,메틸트라이메티콘,귀리커넬추출물,아티초크잎추출물,쌀추출물,녹차수,하이드로제네이티드레시틴,펜틸렌글라이콜,다이메티콘/비닐다이메티콘크로스폴리머,폴리하이드록시스테아릭애씨드,브이피/에이코신코폴리머,암모늄폴리아크릴로일다이메틸타우레이트,스테아릭애씨드,메틸프로판다이올,소듐폴리아크릴로일다이메틸타우레이트,부틸렌글라이콜,알루미나,다이메티콘올,트라이실록세인,판테놀,하이드록시프로필메틸셀룰로오스스테아록시에터,소듐아크릴레이트/비닐알코올코폴리머,에틸헥실글리세린,폴리아크릴레이트크로스폴리머-6,아데노신,실리카,소듐아크릴릭애씨드/엠에이코폴리머,소듐폴리아크릴레이트,잔탄검,폴리쿼터늄-51,베타-글루칸,t-부틸알코올,카프릴릴글라이콜,트라이에톡시카프릴릴실레인,폴리에터-1,토코페롤,산소,향료,울트라마린
[생기톤업]정제수,다이부틸아디페이트,프로판다이올,티타늄디옥사이드,디이소부틸아디페이트,부틸옥틸살리실레이트,카프릴릭/카프릭트라이글리세라이드,디에칠아미노하이드록시벤조일헥실벤조에이트,에칠헥실트리아존,다이카프릴릴카보네이트,나이아신아마이드,메틸트라이메티콘,글리세린,다이메티콘/비닐다이메티콘크로스폴리머,디에칠헥실부타미도트리아존,1,2-헥산다이올,쌀추출물,펜틸렌글라이콜,폴리하이드록시스테아릭애씨드,암모늄폴리아크릴로일다이메틸타우레이트,스테아릭애씨드,부틸렌글라이콜,브이피/에이코신코폴리머,소듐폴리아크릴로일다이메틸타우레이트,다이메티콘올,트라이실록세인,알루미나,판테놀,하이드록시프로필메틸셀룰로오스스테아록시에터,실리카,소듐아크릴레이트/비닐알코올코폴리머,에틸헥실글리세린,폴리아크릴레이트크로스폴리머-6,아데노신,소듐폴리아크릴레이트,소듐아크릴릭애씨드/엠에이코폴리머,잔탄검,t-부틸알코올,카프릴릴글라이콜,폴리에터-1,토코페롤,트라이에톡시카프릴릴실레인,메틸프로판다이올,산소,향료,적색산화철
[초록톤업]
정제수, 부틸옥틸살리실레이트, 티타늄디옥사이드, 다이부틸아디페이트, 디이소부틸아디페이트, 카프릴릭/카프릭트라이글리세라이드, 디에칠아미노하이드록시벤조일헥실벤조에이트, 에칠헥실트리아존, 글리세린, 다이카프릴릴카보네이트, 나이아신아마이드, 메틸트라이메티콘, 1,2-헥산다이올, 디에칠헥실부타미도트리아존, 펜틸렌글라이콜, 프로판다이올, 귀리커넬추출물, 아티초크잎추출물, 동백나무씨추출물, 쌀추출물, 녹차수, 하이드로제네이티드레시틴, 2,3-부탄다이올, 실리카, 다이메티콘/비닐다이메티콘크로스폴리머, 라우릴락테이트, 브이피/에이코신코폴리머, 폴리메틸실세스퀴옥세인, 폴리하이드록시스테아릭애씨드, 셀룰로오스검, 암모늄폴리아크릴로일다이메틸타우레이트, 코코-카프릴레이트/카프레이트, 스테아릭애씨드, 메틸프로판다이올, 소듐폴리아크릴로일다이메틸타우레이트, 부틸렌글라이콜, 알루미나, 하이드록시프로필메틸셀룰로오스스테아록시에터, 에틸헥실글리세린, 판테놀, 소듐스테아로일글루타메이트, 폴리아크릴레이트크로스폴리머-6, 소듐아크릴레이트/비닐알코올코폴리머, 다이메티콘올, 트라이실록세인, 이눌린라우릴카바메이트, 아데노신, 소듐아크릴릭애씨드/엠에이코폴리머, 소듐폴리아크릴레이트, 3-O-에틸아스코빅애씨드, 잔탄검, 폴리쿼터늄-51, 트라이에톡시카프릴릴실레인, 베타-글루칸, t-부틸알코올, 카프릴릴글라이콜, 폴리에터-1, 메틸메타크릴레이트크로스폴리머, 토코페롤, 산소, 향료, 크로뮴옥사이드그린, 황색산화철, 피씨에이글리세릴올리에이트","olive_crwl (상품정보 제공고시 크롤링, OCR 아님)",A000000217330
sunCream_02,sunCream,[1+1/수분썬] 라운드랩 자작나무 수분 선크림 50ml 더블 기획,라운드랩,서린컴퍼니㈜,서린컴퍼니㈜,high,"정제수, 다이부틸아디페이트, 프로판다이올, 디에칠아미노하이드록시벤조일헥실벤조에이트, 폴리메틸실세스퀴옥세인, 에칠헥실트리아존, 나이아신아마이드, 메칠렌비스-벤조트리아졸릴테트라메칠부틸페놀, 코코-카프릴레이트/카프레이트, 카프릴릴메티콘, 디에칠헥실부타미도트리아존, 글리세린, 1,2-헥산다이올, 부틸렌글라이콜, 자작나무수액(1,425ppm), 소듐하이알루로네이트, 하이알루로닉애씨드, 글리세릴글루코사이드, 다이포타슘글리시리제이트, 알란토인, 쇠비름추출물, 개똥쑥추출물, 구주소나무잎오일, 캐모마일꽃오일, 아크릴레이트/C10-30알킬아크릴레이트크로스폴리머, 소듐스테아로일글루타메이트, 폴리아크릴레이트크로스폴리머-6, 에틸헥실글리세린, 아스코빅애씨드, 아데노신, 펜틸렌글라이콜, 베헤닐알코올, 폴리C10-30알킬아크릴레이트, 폴리글리세릴-3메틸글루코오스다이스테아레이트, 데실글루코사이드, 트로메타민, 잔탄검, t-부틸알코올, 토코페롤, 카보머","olive_crwl (상품정보 제공고시 크롤링, OCR 아님)",A000000171650
sunCream_03,sunCream,[5중프루프] 식물나라 워터프루프 선 크림 100mL,식물나라,한국콜마,씨제이올리브영 주식회사,high,"정제수, 사이클로펜타실록세인, 징크옥사이드, 호모살레이트, 에칠헥실살리실레이트, 폴리글리세릴-3폴리다이메틸실록시에틸다이메티콘, 부틸렌글라이콜다이카프릴레이트/다이카프레이트, 프로필헵틸카프릴레이트, 글리세린, 나이아신아마이드, 다이프로필렌글라이콜, 메틸메타크릴레이트크로스폴리머, 티타늄디옥사이드, 디에칠아미노하이드록시벤조일헥실벤조에이트, 부틸옥틸살리실레이트, 비스-에칠헥실옥시페놀메톡시페닐트리아진, 알로에베라잎추출물, 캐모마일꽃추출물, 가시대나무줄기추출물, 멕시칸치아씨추출물, 병풀추출물, 쇠비름추출물, 약모밀추출물, 울금뿌리추출물, 포트마리골드꽃추출물, 바오밥나무씨오일, 소듐하이알루로네이트, 달맞이꽃오일, 다이스테아다이모늄헥토라이트, 마그네슘설페이트, 칼슘알루미늄보로실리케이트, 솔비탄카프릴레이트, 폴리글리세릴-6폴리리시놀리에이트, 트라이에톡시카프릴릴실레인, 마이카, 스테아릭애씨드, 알루미늄하이드록사이드, 부틸렌글라이콜, 글리세릴카프릴레이트, 아데노신, 프로판다이올, 판테놀, 사카라이드하이드롤리세이트, 드럼스틱씨오일, 프로필렌글라이콜, 토코페롤, 산소, 1,2-헥산다이올, 향료, 에틸헥실글리세린, 펜틸렌글라이콜","olive_crwl (상품정보 제공고시 크롤링, OCR 아님)",A000000151904
sunCream_04,sunCream,[1등 선크림/화잘먹] 구달 맑은 어성초 진정 수분 선크림 50ml 1+1 기획,구달,"한국콜마, (주)클리오",,확인 필요,"정제수, 다이부틸아디페이트, 프로판다이올, 폴리메틸실세스퀴옥세인, 다이아이소프로필세바케이트, 디에칠아미노하이드록시벤조일헥실벤조에이트, 에칠헥실트리아존, 메칠렌비스-벤조트리아졸릴테트라메칠부틸페놀, 코코-카프릴레이트/카프레이트, 디에칠헥실부타미도트리아존, 부틸렌글라이콜, 글리세린, 1,2-헥산다이올, 카프릴릴메티콘, 약모밀추출물, 펜틸렌글라이콜, 베헤닐알코올, 폴리C10-30알킬아크릴레이트, 폴리글리세릴-3메틸글루코오스다이스테아레이트, 데실글루코사이드, 트로메타민, 카보머, 아크릴레이트/C10-30알킬아크릴레이트크로스폴리머, 소듐스테아로일글루타메이트, 폴리아크릴레이트크로스폴리머-6, 에틸헥실글리세린, 잔탄검, t-부틸알코올, 토코페롤","olive_crwl (상품정보 제공고시 크롤링, OCR 아님)",A000000219553
sunCream_05,sunCream,[쿨톤보정] 달바 퍼플 톤업 선크림 듀오 기획 (50ml+50ml),달바,"(주)한국콜마, (주)비모뉴먼트",,확인 필요,"정제수, 프로판다이올, 부틸옥틸살리실레이트, 다이카프릴릴카보네이트, 티타늄디옥사이드, 다이아이소프로필세바케이트, 2,3-부탄다이올, 
디에칠아미노하이드록시벤조일헥실벤조에이트, 폴리실리콘-15, 나이아신아마이드, 다이부틸아디페이트, 에칠헥실트리아존, 1,2-헥산다이올, 흰서양송로추출물, 아이비고드열매추출물, 한련초추출물, 별꽃추출물, 약모밀추출물, 쇠비름추출물, 바오밥나무잎추출물, 부들레야추출물, 올리브나무잎추출물, 타임추출물, 라벤더꽃추출물, 병풀추출물, 오렌지오일, 호호바씨오일, 필리핀오렌지껍질오일, 리씨열매오일, 살비아잎수, 수레국화꽃수, 펜틸렌글라이콜, 코코-카프릴레이트/카프레이트, 부틸렌글라이콜, 브이피/에이코신코폴리머, 메틸프로판다이올, 폴리글리세릴-2카프레이트, 글리세린, 수크로오스스테아레이트, 암모늄아크릴로일다이메틸타우레이트/브이피코폴리머, 폴리아크릴레이트크로스폴리머-6, 알루미나, 하이드록시프로필메틸셀룰로오스스테아록시에터, 폴리하이드록시스테아릭애씨드, 스테아릭애씨드, 에틸헥실글리세린, 이눌린라우릴카바메이트, 글리세릴카프릴레이트, 잔탄검, 트라이에톡시카프릴릴실레인, 아데노신, 스쿠알란, 폴리에터-1, 락토바실러스발효물, 토코페롤, 글루타티온, 알란토인, 판테놀, 타라검, 바이오사카라이드검-1, 하이드롤라이즈드하이알루로닉애씨드, 말토덱스트린, 포도주, 울트라마린, 리모넨, 시트랄","olive_crwl (상품정보 제공고시 크롤링, OCR 아님)",A000000200614
sunCream_06,sunCream,[7월 올영픽/마스코트 파우치 증정] 메디힐 마데카소사이드 수분 선세럼 흔적 리페어 50g +50g 더블기획,메디힐,코스맥스㈜,엘앤피코스메틱㈜,high,"전성분 정제수, 다이부틸아디페이트, 프로판다이올, 부틸옥틸살리실레이트, 에칠헥실트리아존, 메틸메타크릴레이트크로스 폴리머, 비스-에칠헥실옥시페놀메톡시페닐트리아진, 옥토크릴렌, 나이아신아마이드, 테레프탈릴리덴디캠퍼설포닉애씨드, 알지닌, 다이메티콘올, 메틸프로판다이올, 폴리메틸실세스퀴옥세인, 1,2-헥산다이올, 펜틸렌글라이콜, C11-13아이소알케인, 하이드록시에틸우레아, 부틸렌글라이콜, 베헤닐알코올, 폴리글리세릴-3메틸글루코오스다이스테아레이트, 다이프로필렌 글라이콜, 카보머, 아이소도데케인, 폴리C10-30알킬아크릴레이트, 다이메티콘/비닐다이메티콘크로스폴리머, 폴리에터-1, 스핑고모나스발효추출물, 에틸헥실글리세린, 병풀잎추출물(407 ppm), 아데노신, 서양배추출물, 소듐스테아로일글루타 메이트, 연필향나무오일, 마데카소사이드(200 ppm), 소듐하이알루로네이트, 다마스크장미꽃수, 멜론추출물, 오리스뿌리 추출물, 서양송악잎/줄기추출물, 호호바씨오일, 광곽향오일, 불가리스쑥오일, 마이크로크리스탈린셀룰로오스, 로즈마리잎 오일, 병풀추출물(4 ppm), 셀룰로오스검, 토코페롤, 하이드롤라이즈드하이알루로닉애씨드, 하이드롤라이즈드소듐하이알 루로네이트, 하이드록시프로필트라이모듐하이알루로네이트, 사과추출물, 에리스리톨, 글리세린, 판테놀, 솔비톨, 보검선인 장줄기추출물, 마데카식애씨드(0.04 ppb), 아시아틱애씨드(0.03 ppb), 아시아티코사이드(0.03 ppb), 효모발효여과물,
바이오사카라이드검-4, 다이소듐포스페이트, 다발방패버섯추출물","olive_crwl (상품정보 제공고시 크롤링, OCR 아님)",A000000259586
sunCream_07,sunCream,[7월올영픽/무기자차] 닥터지 그린 마일드 업 선 플러스50ml 기획 (50ml+50ml+10ml) (선크림),닥터지,한국콜마(주),엘오케이(유),high,"1. 그린마일드 업 선 플러스 50ml(본품+구성품)
정제수, 징크옥사이드, 프로판다이올, 부틸옥틸살리실레이트, 프로필헵틸카프릴레이트, 코코-카프릴레이트/카프레이트, 사이클로헥사실록세인, 카프릴릴메티콘, 아이소도데케인, 폴리글리세릴-3폴리다이메틸실록시에틸다이메티콘, 메틸트라이메티콘, 메틸메타크릴레이트크로스폴리머, 다이스테아다이모늄헥토라이트, 마그네슘설페이트, 트라이에톡시카프릴릴실레인, 1,2-헥산다이올, 폴리글리세릴-2다이폴리하이드록시스테아레이트, 라우릴폴리글리세릴-3폴리다이메틸실록시에틸다이메티콘, 폴리메틸실세스퀴옥세인, 글리세릴카프릴레이트, 카프릴릴글라이콜, 에틸헥실글리세린, 소듐하이알루로네이트, 부틸렌글라이콜, 토코페롤, 병풀추출물, 타라열매추출물, 프랑스해안송껍질추출물, 코토니추출물, 7-데하이드로콜레스테롤, 약모밀추출물, 엑토인, 밀몽화꽃추출물, 락토바실러스발효물, 하이드록시신나믹애씨드, 루틴","olive_crwl (상품정보 제공고시 크롤링, OCR 아님)",A000000180162
sunCream_08,sunCream,[폼폼푸린 콜라보] 아떼 선 케어 골라담기 (수분촉촉 선에센스EX / 비건안심무기자차),아떼,"무기자차,톤업선에센_코스맥스(주)",㈜엘에프(LF corp),high,"무기자차 선크림: 정제수, 징크옥사이드, 부틸옥틸살리실레이트, 프로필헵틸카프릴레이트, 사이클로헥사실록세인, 프로판다이올, 다이실록세인, 아이소도데케인, C15-19알케인, 카프릴릴메티콘, 세틸다이글리세릴트리스(트라이메틸실록시)실릴에틸다이메티콘, 나이아신아마이드, 소듐클로라이드, 글리세린, 비타민나무오일, 바실러스/소이빈발효추출물, 락토바실러스/호밀가루발효물, 락토바실러스/소이밀크발효여과물, 락토바실러스발효용해물, 소듐하이알루로네이트, 포도주, 병풀추출물, 하이알루로닉애씨드, 애플민트잎추출물, 녹차추출물, 타임잎추출물, 하이드롤라이즈드하이알루로닉애씨드, 메틸메타크릴레이트크로스폴리머, 다이스테아다이모늄헥토라이트, 폴리글리세릴-6폴리리시놀리에이트, 트라이에틸헥사노인, 폴리메틸실세스퀴옥세인, 트라이에톡시카프릴릴실레인, 1,2-헥산다이올, 폴리글리세릴-2다이폴리하이드록시스테아레이트, 판테놀, 라우릴다이메티콘/폴리글리세린-3크로스폴리머, 부틸렌글라이콜, 카프릴릴글라이콜, 글리세릴카프릴레이트, 아데노신, 다이프로필렌글라이콜, 토코페롤, 말토덱스트린, 소듐시트레이트, 타라검, 아이소말트, 락토바실러스, 하이드록시프로필트라이모늄하이알루로네이트, 아스코빅애씨드, 소듐아세틸레이티드하이알루로네이트, 하이드롤라이즈드소듐하이알루로네이트, 소듐하이알루로네이트크로스폴리머, 포타슘하이알루로네이트

선에센스: 정제수, 프로판다이올, 에칠헥실살리실레이트, 호모살레이트, 나이아신아마이드, 메틸트라이메티콘, 부틸옥틸살리실레이트, 비스-에틸헥실옥시페놀메톡시페닐트라이아진, 폴리메틸실세스퀴옥세인, 메칠렌비스-벤조트리아졸릴테트라메칠부틸페놀, 폴리실리콘-15, 디에칠아미노하이드록시벤조일헥실벤조에이트, 1,2-헥산다이올, 펜틸렌글라이콜, 카프릴릴메티콘, 다이부틸아디페이트, 글리세린, 실리카, 베헤닐알코올, 폴리글리세릴-3메틸글루코오스다이스테아레이트, 트로메타민, 데실글루코사이드, 소듐스테아로일글루타메이트, 카보머, 브이피/에이코신코폴리머, 아크릴레이트/C10-30알킬아크릴레이트크로스폴리머, 하이드로제네이티드폴리아이소부텐, 폴리C10-30알킬아크릴레이트, 하이드로제네이티드폴리사이클로펜타다이엔, 에틸헥실글리세린, 폴리아크릴레이트크로스폴리머-6, 소듐폴리아크릴레이트, 향료, 아데노신, 프로필렌글라이콜, 폴리에터-1, 잔탄검, 소듐하이알루로네이트, 꽃송이버섯추출물, 토코페롤, 글루타티온, 바이오틴, 소듐아스코빌포스페이트, 우레아, 판테놀, 엑토인, 3-O-에틸아스코빅애씨드, 베툴린, 카놀라오일, 옥틸도데칸올, 부틸렌글라이콜, 양까막까치밥나무씨오일, 카프릴릭/카프릭트라이글리세라이드, 밀몽화꽃추출물, 하이드로제네이티드레시틴, 폴리글리세릴-10다이아이소스테아레이트, 비파나무잎추출물, 당근씨오일, 해바라기씨오일불검화물, 해바라기씨오일, 베타-글루칸, 스피어민트추출물, 사이아노코발아민, 메나다이온, 당근추출물, 토코페릴아세테이트, 베타-카로틴, 풍선덩굴꽃/잎/덩굴추출물, 카프릴릴글라이콜, 별꽃추출물, 해바라기꽃추출물, 월귤추출물, 아세틸헥사펩타이드-1, 로즈마리잎추출물","olive_crwl (상품정보 제공고시 크롤링, OCR 아님)",A000000225003
sunCream_09,sunCream,[청담샵PICK/원조화잘먹]프롬리에 EGF 워터 화잘먹 선앰플 56ml+30ml 기획/워터키링기획/단품,프롬리에,한국콜마,이닛컴퍼니 주식회사,high,"[워터선앰플] 정제수, 다이부틸아디페이트, 프로판다이올, 부틸옥틸살리실레이트, 에칠헥실트리아존, 테레프탈릴리덴디캠퍼설포닉애씨드, 폴리글리세릴-3다이스테아레이트, 나이아신아마이드, 트로메타민, 1,2-헥산다이올, 디에칠아미노하이드록시벤조일헥실벤조에이트, 카프릴릴메티콘, 펜틸렌글라이콜, 폴리메틸실세스퀴옥세인, 폴리실리콘-15, 다시마추출물, 한련초잎추출물, 풍선덩굴꽃/잎/덩굴추출물, 병풀추출물, 하이드로제네이티드레시틴, 에키움플란타기네움씨오일, 글리세릴스테아레이트, 비스-에칠헥실옥시페놀메톡시페닐트리아진, 세테아릴알코올, 카보머, 암모늄아크릴로일다이메틸타우레이트/브이피코폴리머, 글리세린, 다이프로필렌글라이콜, 글리세릴스테아레이트시트레이트, 아크릴레이트/C10-30알킬아크릴레이트크로스폴리머, 소듐스테아로일글루타메이트, 에틸헥실글리세린, 옥틸도데칸올, 아데노신, 프룩토올리고사카라이드, 베타-글루칸, 에스에이치-올리고펩타이드-1, 하이드롤라이즈드하이알루로닉애씨드, 해바라기씨오일불검화물, 토코페롤

[보송선앰플] 정제수,다이부틸아디페이트,부틸옥틸살리실레이트,프로판다이올,변성알코올,에칠헥실트리아존,테레프탈릴리덴디캠퍼설포닉애씨드,폴리메틸실세스퀴옥세인,폴리글리세릴-3다이스테아레이트,나이아신아마이드,트로메타민,1,2-헥산다이올,부틸렌글라이콜,디에칠아미노하이드록시벤조일헥실벤조에이트,카프릴릴메티콘,펜틸렌글라이콜,폴리실리콘-15,스핑고모나스발효추출물,귀리커넬추출물,아티초크잎추출물,말라카이트추출물,병풀추출물,쇠비름추출물,노니추출물,약모밀추출물,녹차수,하이드로제네이티드레시틴,소듐하이알루로네이트,글리세릴스테아레이트,브이피/에이코신코폴리머,비스-에틸헥실옥시페놀메톡시페닐트라이아진,세테아릴알코올,메틸프로판다이올,글리세린,암모늄아크릴로일다이메틸타우레이트/브이피코폴 리머,카보머,글리세릴스테아레이트시트레이트,아크릴레이트/C10-30알킬아크릴레이트크로스폴리머,에틸헥실글리세린,소듐스테아로일글루타메이트,아데노신,폴리쿼터늄-51,베타-글루칸,테트라하이드록시프로필에틸렌다이아민,글라이신,알지닌,토코페롤,알란토인,판테놀,아시아티코사이드,마데카식애씨드,아시아틱애씨드,에스에이치-올리고펩타이드-1,향료,페녹시에탄올","olive_crwl (상품정보 제공고시 크롤링, OCR 아님)",A000000209372
sunCream_10,sunCream,[7월 올영픽] (50%용량증정) 에스트라 더마UV365 장벽수분 무기자차 선크림 40ml+20ml,에스트라,(주)한국콜마,(주)아모레퍼시픽,high,"정제수, 징크옥사이드, 사이클로헥사실록세인, 프로판다이올, 부틸옥틸살리실레이트, 프로필헵틸카프릴레이트, 아이소도데케인, 폴리글리세릴-3폴리다이메틸실록시에틸다이메티콘, 카프릴릴메티콘, 다이실록세인, 다이스테아다이모늄헥토라이트, 마그네슘설페이트, 트라이에톡시카프릴릴실레인, 1,2-헥산다이올, 폴리메틸실세스퀴옥세인, 폴리글리세릴-2다이폴리하이드록시스테아레이트, 라우릴폴리글리세릴-3폴리다이메틸실록시에틸다이메티콘, 알란토인, 카프릴릴글라이콜, 글리세릴카프릴레이트, 에틸헥실글리세린, 소듐하이알루로네이트, 세라마이드엔피, 토코페롤, 소듐아세틸레이티드하이알루로네이트, 하이드롤라이즈드하이알루로닉애씨드","olive_crwl (상품정보 제공고시 크롤링, OCR 아님)",A000000206826
sunCream_11,sunCream,[NEW] 오휘 데이쉴드 다크스팟 콜라겐 톤업 선 30ml/50ml,오휘,엘지생활건강,엘지생활건강,high,"정제수, 다이부틸아디페이트, 다이아이소프로필세바케이트, C12-15알킬벤조에이트, 티타늄디옥사이드, 프로판다이올, 메칠렌비스-벤조트리아졸릴테트라메칠부틸페놀, 나이아신아마이드, 폴리글리세릴-3메틸글루코오스다이스테아레이트, 코코-카프릴레이트/카프레이트, 1,2-헥산다이올, 에칠헥실트리아존, 부틸렌글라이콜, 디에칠아미노하이드록시벤조일헥실벤조에이트, 판테놀, 세틸포스페이트, 세테아릴알코올, 글리세릴스테아레이트, 폴리C10-30알킬아크릴레이트, 폴리하이드록시스테아릭애씨드, 다이메티콘, 데실글루코사이드, 암모늄폴리아크릴로일다이메틸타우레이트, 세테아릴올리베이트, 비닐다이메티콘/메티콘실세스퀴옥세인크로스폴리머, 솔비탄올리베이트, 트로메타민, 알루미나, 알루미늄스테아레이트, 아크릴레이트/C10-30알킬아크릴레이트크로스폴리머, 알란토인, 소듐스테아로일글루타메이트, 스테아릭애씨드, 스테아릴글리시레티네이트, 폴리실리콘-11, 폴리우레탄-15, 아데노신, 토코페롤, 글리세린, 만니톨, 플로레틴, 트라이소듐이디티에이, 돌콩오일, 잔탄검, 드럼스틱씨오일, 트라이에톡시카프릴릴실레인, T-부틸알코올, 다이메티콘크로스폴리머, 콜라겐(15ppm), 카프릴릴글라이콜, 크리신, 다마스크장미꽃추출물, 소듐디엔에이, 트라넥사믹애씨드, 아스코빅애씨드, 카프릴릭/카프릭트라이글리세라이드, 알루미늄하이드록사이드, 유비퀴논, 아이소프로필티타늄트라이아이소스테아레이트, 에틸헥실글리세린, 하이드로제네이티드레시틴, 미리스틱애씨드, 다이소듐이디티에이, 적색산화철, 울트라마린, 티타늄디옥사이드(CI 77891), 향료, 하이드록시시트로넬알, 리모넨, 리날룰","olive_crwl (상품정보 제공고시 크롤링, OCR 아님)",A000000257674
sunCream_12,sunCream,[1등선크림/끈적임ZERO] VT 피디알엔 에어 클라우드 선스크린 50ml,VT,한국콜마(주),(주)브이티코스메틱,high,"정제수, 다이부틸아디페이트, 부틸옥틸살리실레이트, 에칠헥실트리아존, 나이아신아마이드, 드로메트리졸트리실록산, 폴리글리세릴-3다이스테아레이트, 테레프탈릴리덴디캠퍼설포닉애씨드, 폴리메틸실세스퀴옥세인, 디에칠아미노하이드록시벤조일헥실벤조에이트, 트로메타민, 1,2-헥산다이올, 판테놀, 펜틸렌글라이콜, 글리세릴스테아레이트, 실리카, 카프릴릴메티콘, 비스-에칠헥실옥시페놀메톡시페닐트리아진, 프로판다이올, 포타슘세틸포스페이트, 폴리C10-30알킬아크릴레이트, 메틸프로판다이올, 카보머, 아크릴레이트/C10-30알킬아크릴레이트크로스폴리머, 에틸헥실글리세린, 잔탄검, 아데노신, 폴리에터-1, 글리세린, 산양삼추출물, 소듐하이알루로네이트, 하이알루로닉애씨드, 바이오사카라이드검-1, 토코페롤, 엑토인, 동백나무씨추출물, 3-O-에틸아스코빅애씨드, 징크하이드롤라이즈드하이알루로네이트, 소듐디엔에이(0.25ppm), 시트릭애씨드, 밀몽화꽃추출물, 부틸렌글라이콜, 미역취추출물, 클로브싹추출물, 다이펩타이드다이아미노부티로일벤질아마이드다이아세테이트, 다이메틸실란올하이알루로네이트, 하이드롤라이즈드하이알루로닉애씨드, 하이드롤라이즈드소듐하이알루로네이트, 소듐하이알루로네이트크로스폴리머, 하이드록시프로필트라이모늄하이알루로네이트, 소듐아세틸레이티드하이알루로네이트, 소듐하이알루로네이트다이메틸실란올","olive_crwl (상품정보 제공고시 크롤링, OCR 아님)",A000000257580
sunCream_13,sunCream,[NEW/7/29(수) 하루특가] 라운드랩 자작나무 수분 톤업 선세럼 50ml 기획(+클렌저 20ml),라운드랩,코스맥스(주),서린컴퍼니(주),high,"정제수, 다이부틸아디페이트, 부틸옥틸살리실레이트, 트라이프로필렌글라이콜, 에칠헥실트리아존, 테레프탈릴리덴디캠퍼설포닉애씨드, 티타늄디옥사이드 (CI 77891), 나이아신아마이드, 트로메타민, 펜틸렌글라이콜, 1,2-헥산다이올, 자작나무수액(10,230ppm), 글리세린, 디에칠아미노하이드록시벤조일헥실벤조에이트, 폴리실리콘-15, 비스-에칠헥실옥시페놀메톡시페닐트리아진, 세테아릴올리베이트, 아이소도데케인, 옥틸도데칸올, 솔비탄올리베이트, 베헤닐알코올, 폴리C10-30알킬아크릴레이트, 폴리하이드록시스테아릭애씨드, 글리세릴스테아레이트, 소듐폴리아크릴로일다이메틸타우레이트, 폴리글리세릴-4아이소스테아레이트, 폴리아크릴레이트크로스폴리머-6, 카보머, 소듐스테아로일글루타메이트, 아이소프로필티타늄트라이아이소스테아레이트, 알루미늄하이드록사이드, 잔탄검, 부틸렌글라이콜, 에틸헥실글리세린, 아데노신, 메틸프로판다이올, 폴리에터-1, 적색산화철 (CI 77491), 토코페롤, 글리세릴글루코사이드, 미네랄워터, 알지닌, 카프릴릭애씨드, 다이프로필렌글라이콜, 세테아릴알코올, 하이드로제네이티드레시틴, 소듐디엔에이, 베툴린, 소듐하이알루로네이트, 글라이신, 글루타믹애씨드","olive_crwl (상품정보 제공고시 크롤링, OCR 아님)",A000000259610
sunCream_14,sunCream,[7월올영픽][보송톤업/파데프리] 닥터지 브라이트닝 업 선 플러스 50+50+10ml 증정기획 (선크림),닥터지,코스맥스(주),엘오케이(유),high,"1. 닥터지 브라이트닝 업 선 플러스 50ml(본품+구성품)
정제수, 사이클로펜타실록세인, 에칠헥실메톡시신나메이트, 징크옥사이드 (CI 77947), 사이클로헥사실록세인, 에칠헥실살리실레이트, 부틸렌글라이콜, 메틸메타크릴레이트크로스폴리머, 폴리글리세릴-3폴리다이메틸실록시에틸다이메티콘, 티타늄디옥사이드 (CI 77891), 다이프로필렌글라이콜, 에틸헥실팔미테이트, 나이아신아마이드, 비닐다이메티콘/메티콘실세스퀴옥세인크로스폴리머, 솔비탄아이소스테아레이트, 다이메티콘/비닐다이메티콘크로스폴리머, 카프릴릴메티콘, 다이메티콘, 다이스테아다이모늄헥토라이트, 폴리메틸실세스퀴옥세인, 프랑스해안송껍질추출물, 타라열매추출물, 코토니추출물, 포도씨오일, 밀몽화꽃추출물, 감나무잎추출물, 녹차추출물, 마그네슘설페이트, C30-45알킬세테아릴다이메티콘크로스폴리머, 알루미늄하이드록사이드, 스테아릭애씨드, 카프릴릴글라이콜, 글리세릴카프릴레이트, 폴리메틸메타크릴레이트, 트라이에톡시카프릴릴실레인, 1,2-헥산다이올, 프로판다이올, 다이소듐이디티에이, 폴리비닐알코올, 황색산화철 (CI 77492), 적색산화철 (CI 77491)","olive_crwl (상품정보 제공고시 크롤링, OCR 아님)",A000000180158
sunCream_15,sunCream,[보송핑크톤업] 차앤박 애프터레이 톤업 프로텍션 선 50ml 더블기획,차앤박,코스맥스(주),(주)엘지생활건강,high,"정제수, 사이클로펜타실록세인, 에칠헥실메톡시신나메이트, 에칠헥실살리실레이트, 징크옥사이드 (CI 77947), 사이클로헥사실록세인, 부틸렌글라이콜, 피이지-10다이메티콘, 티타늄디옥사이드 (CI 77891), 메틸메타크릴레이트크로스폴리머, 다이프로필렌글라이콜, 에틸헥실팔미테이트, 다이메티콘/비닐다이메티콘크로스폴리머, 센티드제라늄꽃오일, 해수, 녹차추출물, 프랑스해안송껍질추출물, 포도씨추출물, 쇠비름추출물, 진주가루, 토르말린, 카프릴릴메티콘, 세틸피이지/피피지-10/1다이메티콘, 다이카프릴릴카보네이트, 마그네슘설페이트, 폴리메틸실세스퀴옥세인, 다이스테아다이모늄헥토라이트, 이소아밀p-메톡시신나메이트, 비닐다이메티콘/메티콘실세스퀴옥세인크로스폴리머, C30-45알킬세테아릴다이메티콘크로스폴리머, 알루미늄하이드록사이드, 스테아릭애씨드, 글리세릴카프릴레이트, 다이메티콘, 카프릴릴글라이콜, 하이드록시아파타이트, 판테놀, 트라이에톡시카프릴릴실레인, 몬모릴로나이트, 바이오사카라이드검-4, 티옥틱애씨드, 유비퀴논, 1,2-헥산다이올, 페녹시에탄올, 시트로넬올, 제라니올, 시트랄, 황색산화철 (CI 77492), 적색산화철 (CI 77491)","olive_crwl (상품정보 제공고시 크롤링, OCR 아님)",A000000224140
sunCream_16,sunCream,[1+1/TXA/화잘먹] 셀리맥스 트라넥삼산 브라이트닝 잡티 선크림 50ml 더블 기획,셀리맥스,"한국콜마(주), (주)앱솔브랩",,확인 필요,"정제수, 프로판다이올, 나이아신아마이드, 다이부틸아디페이트, 폴리메틸실세스퀴옥세인, 다이아이소프로필세바케이트, 디에칠아미노하이드록시벤조일헥실벤조에이트, 에칠헥실트리아존, 메칠렌비스•벤조트리아졸릴테트라메칠부틸페놀, 코코•카프릴레이트/카프레이트, 디에칠헥실부타미도트리아존, 1,2•헥산다이올, 부틸렌글라이콜, 카프릴릴메티콘, 트라넥사믹애씨드, 펜틸렌글라이콜, 베헤닐알코올, 폴리C10•30알킬아크릴레이트, 글리세린, 폴리글리세릴•3메틸글루코오스다이스테아레이트, 데실글루코사이드, 트로메타민, 카보머, 아크릴레이트/C10•30알킬아크릴레이트크로스폴리머, 판테놀, 소듐스테아로일글루타메이트, 폴리아크릴레이트크로스폴리머•6, 에틸헥실글리세린, 아데노신,잔탄검, 토코페롤, 비파나무잎추출물, 폴리글리세릴•4아이소스테아레이트, 카프릴릭/카프릭트라이글리세라이드, 시트릭애씨드, 스피어민트추출물,  다이스테아다이모늄헥토라이트, 쿼세틴","olive_crwl (상품정보 제공고시 크롤링, OCR 아님)",A000000254726
sunCream_17,sunCream,[2입 기획] 스킨1004 마다가스카르 센텔라 히알루-시카 워터핏 선세럼 50ml 더블기획,스킨1004,한국콜마(주),(주)크레이버코퍼레이션,high,"정제수, 다이부틸아디페이트, 프로판다이올, 디에칠아미노하이드록시벤조일헥실벤조에이트, 폴리메틸실세스퀴옥세인, 에칠헥실트리아존, 메칠렌비스-벤조트리아졸릴테트라메칠부틸페놀, 나이아신아마이드, 코코-카프릴레이트/카프레이트, 카프릴릴메티콘, 디에칠헥실부타미도트리아존, 글리세린, 1,2-헥산다이올, 부틸렌글라이콜, 펜틸렌글라이콜, 베헤닐알코올, 폴리C10-30알킬아크릴레이트, 폴리글리세릴-3메틸글루코오스다이스테아레이트, 데실글루코사이드, 트로메타민, 카보머, 아크릴레이트/C10-30알킬아크릴레이트크로스폴리머, 소듐스테아로일글루타메이트, 폴리아크릴레이트크로스폴리머-6, 에틸헥실글리세린, 아데노신, 잔탄검, 병풀추출물, t-부틸알코올, 소듐하이알루로네이트, 자작나무껍질추출물, 토코페롤, 하이드롤라이즈드하이알루로닉애씨드, 녹차추출물, 은행나무잎추출물, 브로콜리싹추출물, 동백나무잎추출물, 로켓잎추출물, 자주개자리추출물, 밀싹추출물, 이노시톨, 하이알루로닉애씨드","olive_crwl (상품정보 제공고시 크롤링, OCR 아님)",A000000215559
sunCream_18,sunCream,[파데프리] 넘버즈인 3번 도자기결 톤업베이지 선크림 50ml 더블기획 2종 (블러/글로우),넘버즈인,"[01 블러] 코스맥스(주), [02 글로우] (주) 코스메카코리아",(주)비나우,high,"[01 블러] 병풀잎수, 징크옥사이드(CI 77947), C9-12알케인, 카프릴릴메티콘, 프로판다이올, 부틸옥틸살리실레이트, 다이실록세인, 트라이메틸실록시실리케이트, 폴리글리세릴-3폴리다이메틸실록시에틸다이메티콘, 나이아신아마이드, 프로필렌글라이콜다이벤조에이트, 프로필헵틸카프릴레이트, 티타늄디옥사이드(CI 77891), 1,2-헥산다이올, 라우릴폴리글리세릴-3폴리다이메틸실록시에틸다이메티콘, 다이스테아다이모늄헥토라이트, 트라이에톡시카프릴릴실레인, 마그네슘설페이트, 폴리글리세릴-2다이폴리하이드록시스테아레이트, 글리세릴카프릴레이트, 메틸메타크릴레이트크로스폴리머, 아이소도데케인, 옥틸도데칸올, 카프릴릴글라이콜, 알루미늄하이드록사이드, 아데노신, 폴리글리세릴-4아이소스테아레이트, 아이소프로필티타늄트라이아이소스테아레이트, 토코페롤, 정제수, 판테놀, 펜틸렌글라이콜, 바이오틴, 마그네슘피씨에이, 판토테닉애씨드, 징크피씨에이, 칼슘판토테네이트, 글리세린, 카프릴릭/카프릭트라이글리세라이드, 폴리글리세릴-6카프릴레이트, 폴리글리세릴-4카프레이트, 하이드로제네이티드레시틴, 폴리글리세릴-10스테아레이트, 마데카식애씨드, 아시아티코사이드, 세라마이드엔피, 마데카소사이드, 아시아틱애씨드, 콜레스테롤, 스테아릭애씨드, 마이카(CI 77019), 황색산화철(CI 77492), 적색산화철(CI 77491), 흑색산화철(CI 77499)

[02 글로우] 병풀잎수, 다이프로필렌글라이콜, 티타늄디옥사이드, 호모살레이트, 글리세린, 다이글리세린, 변성알코올, 에칠헥실살리실레이트, 부틸렌글라이콜, 다이부틸아디페이트, 디에칠아미노하이드록시벤조일헥실벤조에이트, 다이페닐실록시페닐트라이메티콘, 나이아신아마이드, 정제수, 비스-에칠헥실옥시페놀메톡시페닐트리아진, 폴리글리세릴-10에이코산다이오에이트/테트라데칸다이오에이트, 폴리솔베이트80, 프로판다이올, 알루미늄하이드록사이드, 폴리글리세릴-3메틸글루코오스다이스테아레이트, 바륨설페이트, 베헤닐알코올, 스테아릭애씨드, 판테놀, 폴리C10-30알킬아크릴레이트, 폴리아크릴레이트크로스폴리머-6, 폴리우레탄-15, 합성플루오르플로고파이트, 카프릴릴글라이콜, 1,2-헥산다이올, 황색산화철, 소듐폴리아크릴로일다이메틸타우레이트, 글리세릴카프릴레이트, 트라이에톡시카프릴릴실레인, 하이드로제네이티드레시틴, 에틸헥실글리세린, 암모늄아크릴로일다이메틸타우레이트/베헤네스-25메타크라일레이트크로스폴리머, 향료, 스페인감초뿌리수, 소듐스테아로일글루타메이트, 트라이소듐에틸렌다이아민다이석시네이트, 적색산화철, 시트릭애씨드, 아데노신, 하이드록시에틸아크릴레이트/소듐아크릴로일다이메틸타우레이트코폴리머, 스쿠알란, 카프릴릭/카프릭트라이글리세라이드, 흑색산화철, 녹차추출물, 세라마이드엔피, 폴리솔베이트60, 펜틸렌글라이콜, 틴옥사이드, 솔비탄아이소스테아레이트, 마데카소사이드, 데실글루코사이드, 베타-글루칸, 다이메틸실란올하이알루로네이트, 하이드롤라이즈드하이알루로닉애씨드, 하이드롤라이즈드소듐하이알루로네이트, 하이알루로닉애씨드, 소듐하이알루로네이트, 하이드록시프로필트라이모늄하이알루로네이트, 소듐하이알루로네이트크로스폴리머, 소듐하이알루로네이트다이메틸실란올, 소듐아세틸레이티드하이알루로네이트, 티트리잎추출물, 약모밀추출물","olive_crwl (상품정보 제공고시 크롤링, OCR 아님)",A000000257097
sunCream_19,sunCream,[생기톤업] 달바 핑크 톤업 선크림 65ml + 65ml 대용량 기획세트,달바,한국콜마,(주)달바글로벌,high,"정제수, 다이부틸아디페이트, 프로판다이올, 티타늄디옥사이드, 카프릴릭/카프릭트라이글리세라이드, C12-15알킬벤조에이트, 디에칠아미노하이드록시벤조일헥실벤조에이트, 카프릴릴메티콘, 에칠헥실트리아존, 나이아신아마이드, 글리세린, 디에칠헥실부타미도트리아존, 1,2-헥산다이올, 펜틸렌글라이콜, 쇠비름추출물, 분홍바늘꽃꽃/잎/줄기추출물, 페루기네움철쭉추출물, 병풀추출물, 복사나무꽃추출물, 복숭아추출물, 세룰라타벚나무꽃추출물, 알로에베라잎추출물, 약모밀추출물, 흰서양송로추출물, 오렌지오일, 필리핀오렌지껍질오일, 소듐하이알루로네이트, 리씨열매오일, 다마스크장미꽃수, 자작나무수액, 판테놀, 폴리하이드록시스테아릭애씨드, 다이메티콘/비닐다이메티콘크로스폴리머, 브이피/에이코신코폴리머, 다이메티콘올, 트라이실록세인, 코코-카프릴레이트/카프레이트, 스테아릭애씨드, 소듐폴리아크릴로일다이메틸타우레이트, 암모늄폴리아크릴로일다이메틸타우레이트, 알루미나, 하이드록시프로필메틸셀룰로오스스테아록시에터, 다이카프릴릴카보네이트, 잔탄검, 에틸헥실글리세린, 아데노신, 소듐폴리아크릴레이트, 트라이에톡시카프릴릴실레인, t-부틸알코올, 피브이엠/엠에이코폴리머, 폴리에터-1, 하이드롤라이즈드하이알루로닉애씨드, 알란토인, 부틸렌글라이콜, 토코페롤, 다이소듐포스페이트, 시트릭애씨드, 카프릴릴글라이콜, 황색산화철, 적색산화철, 리모넨, 시트랄","olive_crwl (상품정보 제공고시 크롤링, OCR 아님)",A000000255386
sunCream_20,sunCream,식물나라 가벼운 수분 선 젤 60ml 단품/2입/대용량/트래블키트,식물나라,씨제이올리브영 주식회사,씨제이올리브영 주식회사,high,"[선젤] 정제수, 트라이프로필렌글라이콜, 사이클로펜타실록세인, 다이부틸아디페이트, 다이아이소프로필아디페이트, 에칠헥실트리아존, 비스-에칠헥실옥시페놀메톡시페닐트리아진, 옥토크릴렌, 나이아신아마이드, 폴리메틸실세스퀴옥세인, 테레프탈릴리덴디캠퍼설포닉애씨드, 세테아릴알코올, 트로메타민, 1,2-헥산다이올, 알로에베라잎추출물, 소듐하이알루로네이트, 다이메티콘, 펜틸렌글라이콜, C13-15알케인, 하이드록시에틸우레아, C13-16아이소알케인, 소듐폴리아크릴로일다이메틸타우레이트, 다이메티콘/비닐다이메티콘크로스폴리머, 세테아릴올리베이트, 폴리C10-30알킬아크릴레이트, 솔비탄올리베이트, 소듐스테아로일글루타메이트, 부틸렌글라이콜, 폴리글리세릴-10미리스테이트, 다이메티콘올, 글리세릴글루코사이드, 메틸프로판다이올, 에틸헥실글리세린, 폴리아크릴레이트크로스폴리머-6, 폴리에터-1, 아데노신, 글리세린, 알지닌, 토코페롤, 카보머, 향료
[클렌징폼]
정제수, 글리세린, 미리스틱애씨드, 포타슘하이드록사이드, 코코-글루코사이드, 라우릭애씨드, 메틸프로판다이올, 팔미틱애씨드, 스테아릭애씨드, 글리세릴스테아레이트, 탄산수(9,750ppm), 당느릅나무뿌리추출물, 줄맨드라미씨추출물, 무화과추출물, 병풀추출물, 페퍼민트오일, 하이드로제네이티드레시틴, 솔비탄올리베이트, 에틸헥실글리세린, 만니톨, 다이소듐이디티에이, 피이지-14M, 마이크로크리스탈린셀룰로오스, 부틸렌글라이콜, 수크로오스, 1,2-헥산다이올, 멘톨, 에틸멘탄카복사마이드, 옥수수전분, 하이드록시프로필메틸셀룰로오스, 실리카, 비에이치티, 세라마이드엔피, 향료, 울트라마린","olive_crwl (상품정보 제공고시 크롤링, OCR 아님)",A000000223906
sunCream_21,sunCream,[2입 기획][민감피부 추천 무기자차] 제로이드 데일리 선크림 기획 (50ml+50ml),제로이드,한국콜마㈜,㈜네오팜,high,"정제수, 징크옥사이드, 사이클로헥사실록세인, 부틸옥틸살리실레이트, 프로판다이올, 프로필헵틸카프릴레이트, 아이소도데케인, 폴리글리세릴-3폴리다이메틸실록시에틸다이메티콘, 다이카프릴릴카보네이트, 카프릴릴메티콘, 소듐하이알루로네이트, 다이스테아다이모늄헥토라이트, 마그네슘설페이트, 메틸메타크릴레이트크로스폴리머, 트라이에톡시카프릴릴실레인, 1,2-헥산다이올, 폴리글리세릴-2다이폴리하이드록시스테아레이트, 폴리메틸실세스퀴옥세인, 라우릴폴리글리세릴-3폴리다이메틸실록시에틸다이메티콘, 글리세릴카프릴레이트, 카프릴릴글라이콜, 에틸헥실글리세린, 토코페롤, 미리스토일/팔미토일옥소스테아라마이드/아라카마이드엠이에이, 스쿠알란, 판테놀, 펜틸렌글라이콜, 마데카소사이드","olive_crwl (상품정보 제공고시 크롤링, OCR 아님)",A000000253724
sunCream_22,sunCream,[아시아No.1선크림] 아넷사 퍼펙트 UV 선스크린 스킨케어 밀크 60ML 기획세트,아넷사,,(주)한국시세이도,확인 필요,"다이메티콘, 정제수, 징크옥사이드, 에탄올, 다이아이소프로필세바케이트, 아이소도데케인, 옥토크릴렌, 에칠헥실살리실레이트, C12-15알킬벤조에이트, 피이지/피피지-9/2다이메틸에터, 옥수수전분, 탤크, 실리카, 아이소프로필미리스테이트, 디에칠아미노하이드록시벤조일헥실벤조에이트, 티타늄디옥사이드, 피이지-9폴리다이메틸실록시에틸다이메티콘, 덱스트린팔미테이트, 글리세린, 호모살레이트, 에칠헥실트리아존, 비스-에칠헥실옥시페놀메톡시페닐트리아진, 다이스테아다이모늄헥토라이트, 피이지-10다이메티콘, 아이소스테아릭애씨드, 트라이에톡시카프릴릴실레인, 폴리글리세릴-6폴리리시놀리에이트, 소듐클로라이드, 알루미늄하이드록사이드, 스테아릭애씨드, 트라이소듐이디티에이, 피이지-6, 향료, 토코페롤, 비에이치티, 부틸렌글라이콜, 비스-부틸다이메티콘폴리글리세릴-3, 피이지/피피지-14/7다이메틸에터, 소듐메타바이설파이트, 트라이메틸실록시실리케이트, 다이포타슘글리시리제이트, 녹차추출물, 토멘틸뿌리추출물, 귤껍질추출물, 소듐아세틸레이티드하이알루로네이트, 합성플루오르플로고파이트, 라우릴베타인, 수용성콜라겐, 페녹시에탄올, 소듐벤조에이트, 시트로넬올, 제라니올, 헥실신남알, 리모넨, 리날룰","olive_crwl (상품정보 제공고시 크롤링, OCR 아님)",A000000248280
sunCream_23,sunCream,[7월올영픽/총110ml] 비플레인 녹두 쿨링 수분 선크림 50ml 1+1 기획 (+10ml),비플레인,한국콜마(주),해당없음,high,"정제수, 다이부틸아디페이트, 프로판다이올, 부틸옥틸살리실레이트, 에칠헥실트리아존, 나이아신아마이드, 카프릴릴메티콘, 드로메트리졸트리실록산, 테레프탈릴리덴디캠퍼설포닉애씨드, 폴리글리세릴-3다이스테아레이트, 1,2-헥산다이올, 디에칠아미노하이드록시벤조일헥실벤조에이트, 트로메타민, 펜틸렌글라이콜, 세테아릴알코올, 폴리메틸실세스퀴옥세인, 비스-에칠헥실옥시페놀메톡시페닐트리아진, 글리세릴스테아레이트, 포타슘세틸포스페이트, 폴리C10-30알킬아크릴레이트, 메틸프로판다이올, 카보머, 폴리글리세릴-3메틸글루코오스다이스테아레이트, 메틸다이아이소프로필프로피온아마이드, 에틸헥실글리세린, 글리세릴스테아레이트시트레이트, 암모늄아크릴로일다이메틸타우레이트/브이피코폴리머, 아크릴레이트/C10-30알킬아크릴레이트크로스폴리머, 아데노신, 폴리에터-1, 크로뮴옥사이드그린, 폴리글리세릴-3폴리다이메틸실록시에틸다이메티콘, 프로필헵틸카프릴레이트, 하이드롤라이즈드하이알루로닉애씨드, 트라이에톡시카프릴릴실레인, 바이오사카라이드검-1, 부틸렌글라이콜, 토코페롤, 글리세린, 녹두씨추출물, 다시마추출물, 녹두추출물, 알로에베라잎추출물, 참마뿌리추출물, 당느릅나무뿌리추출물, 제비꽃꽃추출물, 녹두싹추출물","olive_crwl (상품정보 제공고시 크롤링, OCR 아님)",A000000249802
sunCream_24,sunCream,[간편 베이스/잡티커버] 스타라이크 파데프리 톤업 선크림 50ml 단품/기획 (+퍼프 증정),스타라이크,한국콜마(주),(주)스타라이크,high,"정제수, 징크옥사이드, 사이클로헥사실록세인, 부틸옥틸살리실레이트, 프로판다이올, 카프릴릴메티콘, 메틸트라이메티콘, 폴리글리세릴-3폴리다이메틸실록시에틸다이메티콘, 프로필헵틸카프릴레이트, 티타늄디옥사이드, 나이아신아마이드, 다이페닐실록시페닐트라이메티콘, 메틸메타크릴레이트크로스폴리머, 트라이메틸실록시실리케이트, 트라이에톡시카프릴릴실레인, 다이스테아다이모늄헥토라이트, 마그네슘설페이트, 라우릴폴리글리세릴-3폴리다이메틸실록시에틸다이메티콘, 1,2-헥산다이올, 폴리글리세릴-2다이폴리하이드록시스테아레이트, 황색산화철, 카프릴릴글라이콜, 글리세릴카프릴레이트, 에틸헥실글리세린, 알루미늄하이드록사이드, 적색산화철, 아데노신, 흑색산화철, 토코페롤, 합성플루오르플로고파이트, 부틸렌글라이콜, 글리세린, 콜라겐추출물, 하이드롤라이즈드콜라겐, 우엉뿌리추출물, 아마씨추출물, 알로에베라잎추출물, 오크라열매추출물, 다이메틸실란올하이알루로네이트, 하이드롤라이즈드하이알루로닉애씨드, 하이드롤라이즈드소듐하이알루로네이트, 소듐하이알루로네이트, 하이알루로닉애씨드, 포타슘하이알루로네이트, 소듐하이알루로네이트크로스폴리머, 하이드록시프로필트라이모늄하이알루로네이트, 소듐하이알루로네이트다이메틸실란올, 소듐아세틸레이티드하이알루로네이트, 트라이펩타이드-1, 아세틸헥사펩타이드-8, 카퍼트라이펩타이드-1, 팔미토일펜타펩타이드-4, 헥사펩타이드-9","olive_crwl (상품정보 제공고시 크롤링, OCR 아님)",A000000235912
sunCream_25,sunCream,[리뷰이벤트/파데프리/톤업선크림]체이싱래빗 올어바웃글로우 커버크림 35g기획(단품/대왕퍼프),체이싱래빗,그린코스㈜,㈜잇츠한불,high,"정제수, 사이클로펜타실록세인, 티타늄디옥사이드, 에칠헥실메톡시신나메이트, 다이프로필렌글라이콜, 세틸에틸헥사노에이트, 세틸피이지/피피지-10/1다이메티콘, 부틸렌글라이콜, 에칠헥실살리실레이트, 실리카, 1,2-헥산다이올, 카프릴릴메티콘, 나이아신아마이드, 옥토크릴렌, 라우릴피이지-9폴리다이메틸실록시에틸다이메티콘, 사이클로헥사실록세인, 글리세린, 비스-에칠헥실옥시페놀메톡시페닐트리아진, 다이스테아다이모늄헥토라이트, 폴리페닐실세스퀴옥세인, 소듐클로라이드, 카나우바왁스, 황색산화철, 트라이메틸실록시실리케이트, 스테아릭애씨드, 아크릴레이트/스테아릴아크릴레이트/다이메티콘메타크릴레이트코폴리머, 다이아이소스테아릴말레이트, 팔미틱애씨드, 알루미늄하이드록사이드, 글리세릴카프릴레이트, 적색산화철, 트라이에톡시카프릴릴실레인, 향료, 흑색산화철, 알란토인, 다이메티콘/비닐다이메티콘크로스폴리머, 아데노신, 다이메티콘, 다이소듐이디티에이, 소듐하이알루로네이트, 글루타티온, 토코페롤, 하이드롤라이즈드콜라겐, 카프릴릭/카프릭트라이글리세라이드, 에탄올, 약모밀추출물, 하이드로제네이티드레시틴, 복사나무꽃추출물, 소듐스테아로일글루타메이트, 하이알루로닉애씨드, 아스코빅애씨드","olive_crwl (상품정보 제공고시 크롤링, OCR 아님)",A000000232053
sunCream_26,sunCream,[7월올영픽 수분즉각충전쿨링썬] 셀퓨전씨 아쿠아티카 쿨링 썬스크린 35ml 트리플 기획,셀퓨전씨,코스맥스㈜,㈜씨엠에스랩,high,"정제수, 다이부틸아디페이트, 변성알코올, 부틸옥틸살리실레이트, 실리카, 다이프로필렌글라이콜, 에칠헥실트리아존, 비스-에칠헥실옥시페놀메톡시페닐트리아진, 옥토크릴렌, 프로판다이올, 나이아신아마이드, 에리스리톨, 테레프탈릴리덴디캠퍼설포닉애씨드, 펜틸렌글라이콜, 메틸프로판다이올, 트로메타민, 스핑고모나스발효추출물, 효모발효여과물, 로즈마리잎수, 병풀추출물, 흰목이버섯추출물, 녹차추출물, 폴스애플민트잎추출물, 타임잎추출물, 소듐하이알루로네이트, 폴리메틸실세스퀴옥세인, 1,2-헥산다이올, 부틸렌글라이콜, 하이드록시에틸우레아, 폴리글리세릴-3메틸글루코오스다이스테아레이트, 스테아릴헵타노에이트, 다이메티콘올, 폴리C10-30알킬아크릴레이트, 마이크로크리스탈린셀룰로오스, 폴리에터-1, 에틸헥실글리세린, 아데노신, 소듐스테아로일글루타메이트, 메틸다이아이소프로필프로피온아마이드, 셀룰로오스검, 다발방패버섯추출물, 토코페롤, 글리세린, 소듐클로라이드, 소듐바이카보네이트, 칼슘클로라이드, 포타슘클로라이드, 글라이신, 알지닌, 글루타믹애씨드, 베헤닐알코올, 카보머, 향료","olive_crwl (상품정보 제공고시 크롤링, OCR 아님)",A000000259556
sunCream_27,sunCream,텐제로 알로에 유브이 톤업 바디 선크림 150g,텐제로,(주)비앤비코리아  인천광역시 서구 도담로  176-4,(주)아트페이스  서울특별시  중구 당충단로 247,high,"정제수, 티타늄디옥사이드, 부틸렌글라이콜, 다이메티콘, 나이아신아마이드, 소듐아크릴레이트/소듐아크릴로일다이메틸타우레이트코폴리머, 글리세린, C12-15알킬벤조에이트, 아이소헥사데칸, 향료, 페녹시에탄올, 알루미늄하이드록사이드, 폴리솔베이트80, 클로페네신, 스테아릭애씨드, 솔비탄올리에이트, 아데노신, 트라이에톡시카프릴릴실레인, 녹차수, 병풀추출물, 알로에베라잎추출물(2ppm), 1,2-헥산다이올","olive_crwl (상품정보 제공고시 크롤링, OCR 아님)",A000000233802
sunCream_28,sunCream,[이사배PICK]AHC 마스터즈 아쿠아리치 선크림 50ml 1+1 기획,AHC,(주)한국콜마,(주)카버코리아,high,"정제수, 다이부틸아디페이트, 프로판다이올, 디에칠아미노하이드록시벤조일헥실벤조에이트, 폴리메틸실세스퀴옥세인, 에칠헥실트리아존, 나이아신아마이드, 메칠렌비스-벤조트리아졸릴테트라메칠부틸페놀, 코코-카프릴레이트/카프레이트, 카프릴릴메티콘, 디에칠헥실부타미도트리아존, 글리세린, 부틸렌글라이콜, 1,2-헥산다이올, 펜틸렌글라이콜, 베헤닐알코올, 폴리C10-30알킬아크릴레이트, 폴리글리세릴-3메틸글루코오스다이스테아레이트, 데실글루코사이드, 트로메타민, 카보머, 아크릴레이트/C10-30알킬아크릴레이트크로스폴리머, 소듐스테아로일글루타메이트, 폴리아크릴레이트크로스폴리머-6, 에틸헥실글리세린, 아데노신, 잔탄검, 베르가모트오일, t-부틸알코올, 토코페롤, 비타민나무열매추출물, 아스코빅애씨드, 당근추출물, 로즈힙열매추출물, 사과추출물, 살구즙, 드럼스틱씨오일, 세라마이드엔피, 피토스핑고신, 하이드로제네이티드레시틴, 케이프알로에잎추출물, 사철쑥추출물","olive_crwl (상품정보 제공고시 크롤링, OCR 아님)",A000000223207
sunCream_29,sunCream,[1+1] 라운드랩 자작나무 수분 톤업 선크림 50ml 1+1 기획,라운드랩,코스맥스(주),서린컴퍼니(주),high,"정제수, 프로판다이올, 다이부틸아디페이트, 티타늄디옥사이드 (CI 77891), 비스-에칠헥실옥시페놀메톡시페닐트리아진, 부틸렌글라이콜, 디에칠아미노하이드록시벤조일헥실벤조에이트, 메틸트라이메티콘, 부틸옥틸살리실레이트, 나이아신아마이드, 페네틸벤조에이트, 아이소노닐아이소노나노에이트, 폴리메틸실세스퀴옥세인, 1,2-헥산다이올, 자작나무수액, 소듐하이알루로네이트, 하이알루로닉애씨드, 글리세릴글루코사이드, 개똥쑥추출물, 캐모마일꽃오일, 구주소나무잎오일, 알란토인, 다이포타슘글리시리제이트, 판테놀, 녹차씨오일, 효모발효추출물, 칸디다 봄비콜라/글루코오스/메틸레이프씨데이트발효물, 에칠헥실트리아존, 펜틸렌글라이콜, 폴리글리세릴-3메틸글루코오스다이스테아레이트, 폴리실리콘-15, 스테아릭애씨드, 팔미틱애씨드, 폴리하이드록시스테아릭애씨드, 포타슘세틸포스페이트, 알루미늄하이드록사이드, 글리세릴스테아레이트, 하이드록시아세토페논, 폴리C10-30알킬아크릴레이트, 아이소도데케인, 옥틸도데칸올, 아크릴레이트/C10-30알킬아크릴레이트크로스폴리머, 하이드록시에틸아크릴레이트/소듐아크릴로일다이메틸타우레이트코폴리머, 트로메타민, 하이드로제네이티드레시틴, 비닐다이메티콘/메티콘실세스퀴옥세인크로스폴리머, 폴리글리세릴-4아이소스테아레이트, 폴리글리세릴-2다이폴리하이드록시스테아레이트, 아이소프로필티타늄트라이아이소스테아레이트, 아데노신, 소듐폴리아크릴레이트, 솔비탄아이소스테아레이트, 폴리메틸메타크릴레이트, 글리세릴카프릴레이트, 글리세린, 아스코빅애씨드, C12-16알코올, 세테아릴알코올, 다이소듐이디티에이, 황색산화철 (CI 77492), 적색산화철 (CI 77491), 흑색산화철 (CI 77499)","olive_crwl (상품정보 제공고시 크롤링, OCR 아님)",A000000186166
sunCream_30,sunCream,[7월올영픽/쿨링수분] 닥터지 레드 블레미쉬 수딩 업 선 50+50+10ml 증정기획 (선크림),닥터지,,엘오케이(유),확인 필요,"정제수, 다이부틸아디페이트, 프로판다이올, 에칠헥실트리아존, 테레프탈릴리덴디캠퍼설포닉애씨드, 나이아신아마이드, 옥틸도데칸올, 트로메타민, 폴리글리세릴-3다이스테아레이트, 세테아릴알코올, 판테놀, 1,2-헥산다이올, 펜틸렌글라이콜, 폴리실리콘-15, 카프릴릴메티콘, 디에칠아미노하이드록시벤조일헥실벤조에이트, 폴리메틸실세스퀴옥세인, 글리세릴스테아레이트, 포타슘세틸포스페이트, 비스-에칠헥실옥시페놀메톡시페닐트리아진, 메틸프로판다이올, 에키움 플란타기네움씨오일, 카보머, 글리세릴스테아레이트시트레이트, 아크릴레이트/C10-30알킬아크릴레이트크로스폴리머, 에틸헥실글리세린, 암모늄아크릴로일다이메틸타우레이트/브이피코폴리머, 아데노신, 부틸렌글라이콜, 풍선덩굴꽃/잎/덩굴추출물, 해바라기씨오일불검화물, 폴리에터-1, 약모밀추출물, 노니열매추출물, 토코페롤, 쑥잎추출물, 병풀꽃/잎/줄기추출물, 아티초크잎추출물, 바이오사카라이드검-1, 병풀뿌리추출물, 병풀추출물, 병풀잎추출물, 효모발효물, 복사나무꽃추출물, 물냉이추출물, 7-데하이드로콜레스테롤, 엑토인, 아시아티코사이드, 타라열매추출물, 마데카소사이드, 코토니추출물, 락토바실러스발효물, 밀몽화꽃추출물, 프랑스해안송껍질추출물, 마데카식애씨드, 아시아틱애씨드","olive_crwl (상품정보 제공고시 크롤링, OCR 아님)",A000000200635
