"goods_no","product_name","brand_name","ml_표시용량","ml_추정총용량","용량_단위","price_regular","price_sale","price_per_10ml","ingredient"
"A000000192782","[1+1/1등 모공 수분천재크림] 에스네이처 아쿠아 스쿠알란 수분크림 60ml 더블기획","에스네이처","60.0","120.0","ml","43000","23500","1958.3","정제수, 스쿠알란(150,000ppm), 글리세린, 1,2-헥산다이올, 베타인, 판테놀, 소듐하이알루로네이트, 하이드롤라이즈드콜라겐, 하이드록시프로필트라이모늄하이알루로네이트, 하이드롤라이즈드하이알루로닉애씨드, 소듐아세틸레이티드하이알루로네이트, 아세틸헥사펩타이드-8, 아데노신, 하이알루로닉애씨드, 하이드롤라이즈드소듐하이알루로네이트, 소듐하이알루로네이트크로스폴리머, 포타슘하이알루로네이트, 아크릴레이트/C10-30알킬아크릴레이트크로스폴리머, 알지닌, 알란토인, 자일리틸글루코사이드, 안하이드로자일리톨, 자일리톨, 글루코오스, 부틸렌글라이콜, 암모늄아크릴로일다이메틸타우레이트/브이피코폴리머, 카프릴릴글라이콜"
"A000000239660","피지오겔 DMT 페이셜 보습 장벽 크림 150ml 기획(+토너 50ml)","피지오겔","150.0","200.0","ml","47500","23900","1195.0","[피지오겔 DMT 페이셜 크림]
정제수, 카프릴릭/카프릭트라이글리세라이드, 글리세린, 펜틸렌글라이콜, 코코넛야자오일, 하이드로제네이티드레시틴, 시어버터, 하이드록시에틸셀룰로오스, 스쿠알란, 카보머, 잔탄검, 소듐카보머, 세라마이드엔피
[피지오겔 DMT 에센스 인 토너]
정제수, 다이프로필렌글라이콜, 글리세린, 1,2-헥산다이올, 헥실데실에틸헥사노에이트, 펜타에리스리틸테트라에틸헥사노에이트, 변성알코올, 베타인, 사이클로펜타실록세인, 아크릴레이트/C10-30알킬아크릴레이트크로스폴리머, 트로메타민, 다이메티콘, 피토스테롤, 소듐하이알루로네이트, 트라이소듐이디티에이, 세린, 소듐피씨에이, 하이드록시에틸우레아, 알지닌, 카프릴릭/카프릭트라이글리세라이드, 스쿠알란"
"A000000258830","[7월올영픽/화잘먹크림] 피지오겔 DMT 리제너러티브 크림 100ml 기획(+토너 50ml)","피지오겔","100.0","150.0","ml","31500","21500","1433.3","[피지오겔 DMT 리제너러티브 크림]
정제수, 글리세린, 펜틸렌글라이콜, 카프릴릭/카프릭트라이글리세라이드, 코코-카프릴레이트/카프레이트, 세테아릴알코올, 아라키딜알코올, 스쿠알란, 메틸트라이메티콘, 판테놀, 베헤닐알코올, 시어버터, 피토스테릴/이소스테아릴/세틸/스테아릴/베헤닐다이머디리놀리에이트, 오일팜오일, 하이드록시에틸아크릴레이트/소듐아크릴로일다이메틸타우레이트코폴리머, 아라키딜글루코사이드, 1,2-헥산다이올, 폴리아크릴레이트크로스폴리머-6, 하이드로제네이티드레시틴, 오일팜커넬오일, 베헤닉애씨드, 아이소스테아릴아이소스테아레이트, 카보머, 소듐카보머, 세라마이드엔피, 아데노신, 콜레스테롤, 소듐하이알루로네이트, 솔비탄아이소스테아레이트, 나이아신아마이드, 팔미틱애씨드, 스테아릭애씨드, 토코페롤, 2,3-부탄다이올, 글리세릴스테아레이트, 세라마이드에이피, 세라마이드엔지, 세라마이드이오피, 다이프로필렌글라이콜, 하이알루로닉애씨드

[피지오겔 DMT 에센스 인 토너]
정제수, 다이프로필렌글라이콜, 글리세린, 1,2-헥산다이올, 헥실데실에틸헥사노에이트, 펜타에리스리틸테트라에틸헥사노에이트, 변성알코올, 베타인, 사이클로펜타실록세인, 아크릴레이트/C10-30알킬아크릴레이트크로스폴리머, 트로메타민, 다이메티콘,피토스테롤, 소듐하이알루로네이트, 트라이소듐이디티에이, 세린, 소듐피씨에이, 하이드록시에틸우레아, 알지닌, 카프릴릭/카프릭트라이글리세라이드, 스쿠알란"
"A000000253592","[흔적,기미,미백/TXA] 셀리맥스 트라넥삼산 잡티 크림 35ml 기획 (+14ml)","셀리맥스","35.0","49.0","ml","35000","21900","4469.4","전성분 정제수, 글리세린, 나이아신아마이드, 트라넥사믹애씨드, 카프릴릭/카프릭트라이글리세라이드, 다이프로필렌글라이콜, 1,2-헥산다이올, 퀸즈랜드넛오일, 페닐트라이메티콘, 하이드로제네이티드폴리(C6-14올레핀), 다이카프릴릴에테르, 비닐다이메티콘, 세테아릴알코올, 프로판다이올, 세테아릴올리베이트, 글리세릴스테아레이트에스이, 솔비탄올리베이트, 암모늄아크릴로일다이메틸타우레이트/브이피코폴리머, 베헤닐알코올, 다이메티콘올, 세테아릴글루코사이드, 다시마추출물, 한련초잎추출물, 하이드로제네이티드레시틴, 세라마이드엔피, 베타인, 에틸헥실글리세린, 잔탄검, 비파나무잎추출물, 아데노신, 프룩토올리고사카라이드, 황련뿌리추출물, 콜레스테롤, 부틸렌글라이콜, 베타-글루칸, 스피어민트추출물, 하이드롤라이즈드하이알루로닉애씨드, 카카오씨추출물, 덱스트린, 토코페롤, 아스코빅애씨드폴리펩타이드, 글리세릴스테아레이트, 세라마이드에이에스, 세라마이드에이피, 세라마이드엔에스, 세라마이드이오피"
"A000000198320","[올영 어워즈 1등 크림] 에스트라 아토베리어365 크림 80ml","에스트라","80.0","80.0","ml","33000","29700","3712.5","정제수, 부틸렌글라이콜, 글리세린, 부틸렌글라이콜다이카프릴레이트/다이카프레이트, 세틸에틸헥사노에이트, 스쿠알란, 펜타에리스리틸테트라아이소스테아레이트, 다이카프릴릴카보네이트, 베헤닐알코올, 다이메티콘, 하이드록시프로필비스팔미타마이드엠이에이, 스테아릭애씨드, 베타인, 만니톨, C14-22알코올, 팔미틱애씨드, 하이드록시프로필비스라우라마이드엠이에이, 아라키딜알코올, 콜레스테롤, 폴리아크릴레이트-13, C12-20알킬글루코사이드, 알란토인, 아라키딜글루코사이드, 나이아신아마이드, 세라마이드엔피, 글리세릴카프릴레이트, 에틸헥실글리세린, 하이드로제네이티드폴리아이소부텐, 카보머, 트로메타민, 다이메티콘올, 폴리글리세릴-10라우레이트, 하이드로제네이티드레시틴, 에틸헥실팔미테이트, 아크릴레이트/암모늄메타크릴레이트코폴리머, 솔비탄아이소스테아레이트, 실리카, 피토스핑고신, 스핑고리피드, 아라키딕애씨드, 토코페롤, 올레익애씨드"
"A000000258834","[7월 올영픽] 에스트라 아토베리어365 하이드로 수딩크림 80ml 기획 (+수딩크림 10ml+클렌징폼 30g)","에스트라","80.0","90.0","ml","33000","26400","2933.3","정제수, 글리세린, 부틸렌글라이콜, 다이메티콘, 스쿠알란, 1,2-헥산다이올, 베타인, 세테아릴알코올, 암모늄아크릴로일다이메틸타우레이트/브이피코폴리머, 하이드로제네이티드쌀겨오일, 하이드로제네이티드레시틴, 폴리글리세릴-3메틸글루코오스다이스테아레이트, 폴리아크릴레이트크로스폴리머-6, 만니톨, 세틸-피지하이드록시에틸팔미타마이드, 스테아릭애씨드, 에틸헥실글리세린, 글리세릴카프릴레이트, 프로판다이올, 글리세릴스테아레이트, 소듐메타포스페이트, 세라마이드엔피, 카보머, 팔미틱애씨드, 실리카, 징크클로라이드, 콜레스테롤, 베타-글루칸, 스핑고리피드, 소듐하이알루로네이트, 하이드록시프로필메틸셀룰로오스, 미리스틱애씨드, 프로필렌글라이콜, 라우릭애씨드, 토코페롤"
"A000000206904","[손상장벽집중케어] 라로슈포제 시카플라스트 밤 B5+ 100ml 기획 (+3ml 추가증정)","라로슈포제","5.0","108.0","ml","41000","36900","3416.7","정제수 하이드로제네이티드폴리아이소부텐 다이메티콘 글리세린 시어버터 판테놀 옥수수전분 프로판다이올 부틸렌글라이콜 세틸피이지/피피지-10/1다이메티콘 트라이하이드록시스테아린 병풀잎추출물 야콘뿌리즙 징크글루코네이트 마데카소사이드 망가니즈글루코네이트 알파-글루칸올리고사카라이드 실리카 알루미늄하이드록사이드 마그네슘설페이트 만노오스 카프릴로일글라이신 카프릴릴글라이콜 비트레오스실라발효물 시트릭애씨드 트라이소듐에틸렌다이아민다이석시네이트 락토바실러스 아세틸레이티드글라이콜스테아레이트 말토덱스트린 폴리글리세릴-4아이소스테아레이트 토코페롤 펜타에리스리틸테트라-다이-t-부틸하이드록시하이드로신나메이트 티타늄디옥사이드"
"A000000258831","[7월올영픽/손상장벽리페어] 피지오겔 레드수딩 AI 리페어 크림 100m 기획(+30ml+마스크 2매)","피지오겔","30.0","30.0","ml","39500","27500","9166.7","[피지오겔 레드수딩 AI 리페어 크림]
정제수, 올리브오일, 글리세린, 펜틸렌글라이콜, 오일팜오일, 식물성오일, 하이드로제네이티드레시틴, 스쿠알란, 베타인, 팔미타마이드엠이에이, 아세타마이드엠이에이, 사코신,하이드록시에틸셀룰로오스, 카보머, 소듐카보머, 잔탄검, 토코페롤, 다이소듐포스페이트, 소듐포스페이트

[피지오겔 레드수딩 AI 릴리프 마스크]
정제수, 부틸렌글라이콜, 글리세린, 다이프로필렌글라이콜, 1,2-헥산다이올, 베타인, 메틸프로판다이올, 판테놀, 프로판다이올, 자작나무수액, 팔미타마이드엠이에이, 아세타마이드엠이에이, 사코신, 알란토인, 다이포타슘글리시리제이트, 하이드로제네이티드레시틴, 소듐하이알루로네이트, 베타-글루칸, 스쿠알란, 시어버터, 메도우폼씨오일, 세라마이드엔피, 카프릴릭/카프릭트라이글리세라이드, 아라키딜글루코사이드, 세테아릴알코올, 아라키딜알코올, 베헤닐알코올, 스테아릭애씨드, 팔미틱애씨드, 폴리글리세릴-10스테아레이트, 폴리글리세릴-10올리에이트, 콜레스테롤, 암모늄아크릴로일다이메틸타우레이트/베헤네스-25메타크라일레이트크로스폴리머, 카보머, 잔탄검, 다이소듐이디티에이, 트로메타민"
"A000000257827","[7월 올영픽] 라로슈포제 시카플라스트 멀티 리페어 크림 100ml (+시카에센스 7.5ml)","라로슈포제","100.0","107.5","ml","52000","41600","3869.8","[시카플라스트 멀티 리페어 크림]
정제수 다이카프릴릴에터 판테놀 글리세린 펜틸렌글라이콜 폴리글리세릴-6다이스테아레이트 프로판다이올 세틸에스터 호호바에스터 베헤닐알코올 그린와틀꽃왁스 해바라기씨왁스 병풀잎추출물 야콘뿌리즙 솔비탄올리에이트 징크글루코네이트 마데카소사이드 세테아릴아이소노나노에이트 망가니즈글루코네이트 아이소헥사데칸 알파-글루칸올리고사카라이드 소듐하이알루로네이트 소듐스테아로일글루타메이트 아데노신 만노오스 카퍼글루코네이트 하이드록시아세토페논 하이드록시프로필스타치포스페이트 카프릴로일살리실릭애씨드 비트레오스실라발효물 시트릭애씨드 트라이소듐에틸렌다이아민다이석시네이트 락토바실러스 말토덱스트린 폴리글리세린-3 폴리글리세릴-3비즈왁스 폴리솔베이트80 아크릴아마이드/소듐아크릴로일다이메틸타우레이트코폴리머 세틸알코올 토코페롤

[시카에센스]
정제수 비피다발효용해물 판테놀 다이메티콘 베타인 글리세린 부틸렌글라이콜 펜틸렌글라이콜 아이소프로필미리스테이트 피이지/피피지/폴리부틸렌글라이콜-8/5/3글리세린 소듐하이드록사이드 만노오스 메틸다이하이드로자스모네이트 아크릴레이트/C10-30알킬아크릴레이트크로스폴리머 페녹시에탄올 하이드로제네이티드레시틴 알파-글루칸올리고사카라이드 카프릴릴글라이콜 폴리솔베이트20 마데카소사이드 스핑고모나스발효추출물 시트릭애씨드 야콘뿌리즙 소듐메틸스테아로일타우레이트 아세틸다이펩타이드-1세틸에스터 소듐벤조에이트 말토덱스트린 징크글루코네이트 망가니즈글루코네이트 소듐하이알루로네이트 엑토인 단삼뿌리추출물 살리실로일피토스핑고신 락토바실러스 트라이소듐에틸렌다이아민다이석시네이트 비사보롤"
"A000000247776","[NCT 재민PICK] 이즈앤트리 어니언 뉴페어 겔크림 플러스 50ml 기획 (+겔크림 플러스 20ml, 패드 2매)","이즈앤트리","50.0","70.0","ml","32000","22400","3200.0","[어니언 겔크림 플러스]
정제수, 글리세린, 카프릴릭/카프릭트라이글리세라이드, 나이아신아마이드, 프로판다이올, 1,2-헥산다이올, 하이드록시에틸아크릴레이트/소듐아크릴로일다이메틸타우레이트코폴리머, 양파추출물(10,100 ppm), 부틸렌글라이콜, 세테아릴알코올, 비닐다이메티콘, 카보머, 세테아릴올리베이트, 솔비톨, 솔비탄올리베이트, 바이오사카라이드검-1, 소듐폴리아크릴로일다이메틸타우레이트, 알지닌, 소듐아스코빌포스페이트, 글루타티온, 쿼세틴, 페룰릭애씨드, 알란토인, 판테놀, 소듐하이알루로네이트, 하이드롤라이즈드하이알루로닉애씨드, 하이알루로닉애씨드, 하이드록시프로필트라이모늄하이알루로네이트, 소듐아세틸레이티드하이알루로네이트, 마데카소사이드, 스쿠알란, 약모밀추출물, 사이아노코발아민, 솔비탄아이소스테아레이트, 하이드로제네이티드폴리데센, 에틸헥실글리세린, 시트릭애씨드, 하이드록시에틸셀룰로오스, 덱스트린, 다이소듐이디티에이, 소듐시트레이트, 트라이데세스-10, 치자추출물, 아데노신, 하이드로제네이티드레시틴, 폴리글리세릴-10스테아레이트, 펜틸렌글라이콜, 데실글루코사이드, 알지닌/라이신폴리펩타이드, 카프릴릴글라이콜
[어니언 패드]
정제수, 부틸렌글라이콜, 글리세린, 1, 2-헥산다이올, 나이아신아마이드, 양파추출물(843ppm), 트레할로오스, 약모밀추출물, 판테놀, 알란토인, 소듐헤파린, 소듐하이알루로네이트, 하이드롤라이즈드하이알루로닉애씨드, 소듐아세틸레이티드하이알루로네이트, 인도멀구슬나무꽃추출물, 아이비고드열매추출물, 트라넥사믹애씨드, 소듐아스코빌포스페이트, 글루코노락톤, 베타-글루칸, 하이드록시에틸셀룰로오스, 아데노신, 시트릭애씨드, 에틸헥실글리세린, 폴리솔베이트60, 다이소듐포스페이트, 소듐포스페이트"
"A000000255752","[7월올영픽] 닥터지 레드블레미쉬 클리어 수딩크림 EX 70ml기획 (+30ml+세럼10ml*2ea)","닥터지","70.0","110.0","ml","38000","26600","2418.2","[크림] 
정제수, 글리세린, 부틸렌글라이콜, 다이카프릴릴에터, 나이아신아마이드, 1,2-헥산다이올, 펜틸렌글라이콜, 소듐하이알루로네이트, 병풀잎추출물, 비피다발효여과물, 락토바실러스발효물, 병풀꽃/잎/줄기추출물, 병풀뿌리추출물, 병풀추출물, 효모발효여과물, 하이드로제네이티드폴리데센, 다이카프릴릴카보네이트, 하이드록시에틸아크릴레이트/소듐아크릴로일다이메틸타우레이트코폴리머, 판테놀, 아크릴레이트/C10-30알킬아크릴레이트크로스폴리머, 실리카, 트로메타민, 솔비톨, 글리세릴아크릴레이트/아크릴릭애씨드코폴리머, 에틸헥실글리세린, 트라이소듐에틸렌다이아민다이석시네이트, 알란토인, 다이프로필렌글라이콜, 토코페롤, 마데카소사이드, 폴리글리세릴-10라우레이트, 포스파티딜콜린, 하이드로제네이티드레시틴, 칼슘판토테네이트, 스쿠알란, 에리스리톨, 에틸헥실팔미테이트, 아시아티코사이드, 마데카식애씨드, 아시아틱애씨드, 트라이하이드록시스테아린, 세라마이드엔피, 다발방패버섯추출물, 잔탄검
[세럼]
정제수, 부틸렌글라이콜, 다이프로필렌글라이콜, 나이아신아마이드, 1,2-헥산다이올, 글리세린, 판테놀, 글리세레스-26, 하이드록시에틸셀룰로오스, 에리스리톨, 소듐폴리아크릴로일다이메틸타우레이트, 소듐하이알루로네이트(1,100 ppm), 알란토인, 에틸헥실글리세린, 카프릴릭/카프릭트라이글리세라이드, 바이오사카라이드검-1, 다이소듐이디티에이, 하이드로제네이티드레시틴, 베타인살리실레이트, 석시닉애씨드, 트로메타민, 효모발효여과물, 옥틸도데칸올, 폴리글리세릴-10라우레이트, 포스파티딜콜린, 아시아티코사이드(48 ppm), 병풀잎추출물(40 ppm), 마데카식애씨드(36 ppm), 아시아틱애씨드(36 ppm), 글라이코리피드, 세라마이드엔피, 베타-글루칸, 락토바실러스발효물, 락토바실러스/콩발효추출물, 류코노스톡/무발효여과물, 효모발효추출물, 팔미토일트라이펩타이드-5, 다발방패버섯추출물, 마데카소사이드(3.6 ppm), 병풀추출물(3.4 ppm), 하이드록시프로필트라이모늄하이알루로네이트(1 ppm), 토코페롤, 징크피씨에이, 헥사펩타이드-9"
"A000000260515","[베일리pick/단독기획] VT 피디알엔 리들샷 아이 리프터 15ml 리필기획 (+리필 15ml)","VT","15.0","30.0","ml","42000","27900","9300.0","정제수, 글리세린, 프로판다이올, 카프릴릭/카프릭트라이글리세라이드, 시어버터, 나이아신아마이드, 폴리글리세릴-3다이스테아레이트, 카프릴릴메티콘, 부틸렌글라이콜다이카프릴레이트/다이카프레이트, 1,2-헥산다이올, 보론나이트라이드, 하이드록시아세토페논, 비닐다이메티콘, 하이드록시에틸아크릴레이트/소듐아크릴로일다이메틸타우레이트코폴리머, 폴리글리세릴-2스테아레이트, 부틸렌글라이콜, 암모늄아크릴로일다이메틸타우레이트/브이피코폴리머, 다이메티콘올, 글리세릴스테아레이트, 스테아릴알코올, 소듐폴리아크릴로일다이메틸타우레이트, 글리세릴스테아레이트시트레이트, 하이드로제네이티드폴리데센, 아데노신, 솔비탄아이소스테아레이트, 다이소듐이디티에이, 칼슘알지네이트, 젤란검, 아가, 티타늄디옥사이드, 마이카, 트라이데세스-10, 카프릴릴글라이콜, 블래더랙추출물, 꿀풀추출물, 적색산화철, 산양삼추출물, 실리카, 소듐디엔에이(3.45ppm), 하이드롤라이즈드콜라겐, 백설차잎추출물, 트라넥사믹애씨드, 글루타티온, 하이드로제네이티드레시틴, 금, 세테아릴알코올, 스테아릭애씨드, 병풀추출물, 하이드롤라이즈드엘라스틴, 소듐하이알루로네이트, 콜라겐추출물, 세라마이드엔피, 세라마이드엔에스, 콜레스테롤, 피토스핑고신, 하이드록시프로필트라이모늄하이알루로네이트, 에틸헥실글리세린, 세라마이드에이에스, 세라마이드에이피, 카퍼트라이펩타이드-1, 아세틸헥사펩타이드-8, 팔미토일펜타펩타이드-4, 하이드롤라이즈드하이알루로닉애씨드, 소듐아세틸레이티드하이알루로네이트, 하이알루로닉애씨드, 하이드롤라이즈드소듐하이알루로네이트, 소듐하이알루로네이트크로스폴리머, 소듐소이하이드롤라이즈드콜라겐, 수용성콜라겐, 콜라겐아미노산, 콜라겐, 징크하이드롤라이즈드콜라겐, 아시아티코사이드, 아시아틱애씨드, 마데카식애씨드, 마데카소사이드, 프로폴리스추출물, 포타슘하이알루로네이트, 에스에이치-올리고펩타이드-2, 에스에이치-올리고펩타이드-1, 에스에이치-폴리펩타이드-1, 에스에이치-폴리펩타이드-11, 에스에이치-폴리펩타이드-22, 에스에이치-폴리펩타이드-3, 에스에이치-폴리펩타이드-16, 에스에이치-폴리펩타이드-9, 에스에이치-폴리펩타이드-62, 세라마이드이오피"
"A000000224581","[7월올영픽/쿨링진정크림] 빌리프 프로즌 크림 50ml 1+1 기획(+손거울 증정)","빌리프","50.0","100.0","ml","33000","24800","2480.0","[본품/증정 동일 - 프로즌 크림]
정제수, 부틸렌글라이콜, 카프릴릭/카프릭트라이글리세라이드, 1,2-헥산다이올, 베타인, 베헤닐알코올, 판테놀, 유칼립투스잎추출물*+, 폴스애플민트잎추출물*, 로즈힙열매추출물*, 레몬밤꽃/잎/줄기수*, 타임잎추출물*, 로즈마리잎수*, 비터오렌지꽃오일+, 토탄추출물+, 양버들껍질/싹/잎/잔가지추출물+, 프렌치로즈꽃추출물+, 흰서양송로추출물+, 자일리톨, 에리스리톨, 소듐하이알루로네이트, 카페인, 카퍼트라이펩타이드-1, 글라이신, 베타-글루칸, 나이아신아마이드, 글리세릴폴리메타크릴레이트, 트라이에틸헥사노인, 카보머, 다이메티콘, 다이실록세인, 트로메타민, 글리세린, 프로필렌글라이콜, 스테아릴다이메티콘, 락토바실러스/콩발효추출물, C30-45알킬다이메티콘, 토코페릴아세테이트, 효모/감자추출물발효여과물, 효모/보리씨발효여과물, 트라이소듐이디티에이, 말라카이트추출물, 메틸다이아이소프로필프로피온아마이드, 오렌지껍질오일**, 라임전초오일**, 센티드제라늄꽃오일**, 로즈마리잎오일**, 리모넨, 시트로넬올, 제라니올, 시트랄, 리날룰
*표시: belif original formula
+표시: 빌리프 프로 프로즌 콤플렉스
**표시: 식물 유래 향

[증정 - 프로즌 토너]
정제수, 글리세린, 프로판다이올, 부틸렌글라이콜, 변성알코올, C12-15알킬벤조에이트, 1,2-헥산다이올, 판테놀, 자일리톨, 글루코노락톤, 소듐하이알루로네이트, 레몬밤꽃/잎/줄기수*, 로즈마리잎수*, 나이아신아마이드, 유칼립투스잎추출물*+, 폴스애플민트잎추출물*, 로즈힙열매추출물*, 타임잎추출물*, 토탄추출물+, 양버들껍질/싹/잎/잔가지추출물+, 프렌치로즈꽃추출물+, 흰서양송로추출물+, 비터오렌지꽃오일+, 카퍼트라이펩타이드-1, 폴리글리세릴-10스테아레이트, 폴리글리세릴-10올리에이트, 카프릴릭/카프릭트라이글리세라이드, 말라카이트추출물, 소듐시트레이트, 시트릭애씨드, 바이오사카라이드검-1, 카페인, 펜틸렌글라이콜, 에리스리톨, 에틸헥실글리세린, 글라이신, 메틸다이아이소프로필프로피온아마이드, 로즈마리잎오일**, 오렌지껍질오일**, 라임전초오일**, 센티드제라늄꽃오일**, 리모넨, 시트로넬올, 제라니올, 시트랄, 리날룰
*표시: belif original formula
+표시: 빌리프 프로 프로즌 콤플렉스
**표시: 식물 유래 향

[증정 - 프로즌 세럼]
정제수, 변성알코올, 스테아릴헵타노에이트, 1,2-헥산다이올, 다이프로필렌글라이콜, 트레할로오스, 다이메티콘, 유칼립투스잎추출물*, 폴스애플민트잎추출물*, 로즈힙열매추출물*, 레몬밤꽃/잎/줄기수*, 로즈마리잎수*, 타임잎추출물*, 하이드롤라이즈드하이알루로닉애씨드(0.01%), 하이알루로닉애씨드(0.001%), 하이드롤라이즈드소듐하이알루로네이트(0.001%), 소듐하이알루로네이트(0.01%), 하이드록시프로필트라이모늄하이알루로네이트(0.001%), 소듐하이알루로네이트크로스폴리머(0.000001%), 소듐아세틸레이티드하이알루로네이트(0.001%), 카페인, 판테놀, 폴리글리세릴-10스테아레이트, C14-22알코올, 폴리글리세릴-10올리에이트, 카보머, 소듐폴리아크릴레이트스타치, C12-20알킬글루코사이드, 말라카이트추출물, 포타슘하이드록사이드, 다이소듐이디티에이, 나이아신아마이드, 베타인, 소듐글루코네이트, 펜틸렌글라이콜, 에틸헥실글리세린, 카프릴릴글라이콜, 아세틸헥사펩타이드-8, 로즈마리잎오일+, 라임전초오일+, 센티드제라늄꽃오일+, 오렌지껍질오일+, 리모넨, 시트로넬올, 제라니올, 시트랄, 리날룰
*표시: belif original formula
+표시: 빌리프 프로 프로즌 콤플렉스
**표시: 식물 유래 향"
"A000000211213","[수분보습폭탄] 빌리프 아쿠아 밤 / 모이스춰라이징 밤 30ml 1+1 기획","빌리프","30.0","60.0","ml","33000","24800","4133.3","[모이스처라이징 밤-본품/증정]
정제수, 글리세린, 사이클로헥사실록세인, 하이드로제네이티드폴리데센, 다이프로필렌글라이콜, 마카다미아씨오일, 1,2-헥산다이올, 트라이에틸헥사노인, 비스-피이지-18메틸에터다이메틸실레인, 스테아릴알코올, 글리세릴스테아레이트, 피이지-40스테아레이트, 펜타에리스리틸테트라에틸헥사노에이트, 컴프리잎추출물, 귀리커넬추출물*, 포트마리골드꽃추출물*, 개박하추출물*, 라즈베리잎추출물*, 와일드인디고뿌리추출물*, 별꽃추출물*, 레이디스맨틀잎추출물+, 삼색제비꽃추출물+, 다마스크장미꽃추출물+, 메도우스위트꽃추출물+, 마시멜로뿌리추출물+, 아이브라이트추출물, 서양측백나무잎추출물, 서양톱풀꽃추출물, 붉은토끼풀꽃추출물, 조름나물잎추출물, 흰버드나무껍질추출물, 탱자추출물, 띠뿌리추출물, C14-22알코올, 스쿠알란, 시어버터, 아라키딜글루코사이드, 세라마이드엔피, 콜레스테롤, 카프릴릴글라이콜, 아세틸헥사펩타이드-8, 토코페롤, 판테놀, 하이드록시에틸피페라진에탄설포닉애씨드, 우레아, 효모발효여과물, 겨우살이추출물, 글라이코실트레할로오스, 락토바실러스/콩발효추출물, 스테아릭애씨드, 트로메타민, 피이지-100스테아레이트, 세테아릴올리베이트, 팔미틱애씨드, 솔비탄올리베이트, 하이드로제네이티드레시틴, 아크릴레이트/C10-30알킬아크릴레이트크로스폴리머, 다이메티콘/비닐다이메티콘크로스폴리머, 카보머, 하이드로제네이티드스타치하이드롤리세이트, 잔탄검, 트라이소듐이디티에이, 세테아릴알코올, 부틸렌글라이콜, 다이메티콘, 솔비탄스테아레이트, 오렌지껍질오일**, 라임전초오일**, 로즈마리잎오일**, 센티드제라늄꽃오일**, 리모넨, 시트로넬올, 제라니올, 시트랄, 리날룰

[아쿠아 밤-본품/증정]
정제수, 다이프로필렌글라이콜, 글리세린, 메틸트라이메티콘, 변성알코올, 다이메티콘, 사이클로펜타실록세인, 1,2-헥산다이올, 카프릴릭/카프릭트라이글리세라이드, 피이지/피피지/폴리부틸렌글라이콜-8/5/3글리세린, 펜타에리스리틸테트라에틸헥사노에이트, 귀리커넬추출물*, 포트마리골드꽃추출물*, 개박하추출물*, 라즈베리잎추출물*, 와일드인디고뿌리추출물*, 별꽃추출물*+, 레이디스맨틀잎추출물+, 쇠뜨기잎추출물+, 쐐기풀잎추출물+, 소듐하이알루로네이트, 나이아신아마이드, 폴리메틸실세스퀴옥세인, 판테놀, 피이지-150, 펜타에리스리틸테트라아이소스테아레이트, 페닐트라이메티콘, 하이드록시에틸아크릴레이트/소듐아크릴로일다이메틸타우레이트코폴리머, 카보머, 트로메타민, 스쿠알란, 피이지-40하이드로제네이티드캐스터오일, 다이메티콘올, 아크릴레이트/C10-30알킬아크릴레이트크로스폴리머, C14-22알코올, 폴리솔베이트60, 부틸렌글라이콜, 마카다미아씨오일, 말라카이트추출물, 트라이에틸헥사노인, 트라이소듐이디티에이, 아라키딜글루코사이드, 시어버터, 하이드로제네이티드레시틴, 솔비탄아이소스테아레이트, 글리세릴스테아레이트, 스테아릭애씨드, 세라마이드엔피, 콜레스테롤, 피이지-100스테아레이트, 로즈마리잎오일**, 라임전초오일**, 센티드제라늄꽃오일**, 오렌지껍질오일**, 시트랄, 시트로넬올, 리모넨, 제라니올, 리날룰"
"A000000202893","[수분충전/쿨링진정] 에스네이처 아쿠아 오아시스 수분 젤크림 90ml 기획 (+카밍패드 2매)","에스네이처","90.0","90.0","ml","34000","22900","2544.4","젤크림 : 정제수, 글리세린, 부틸렌글라이콜, 1,2-헥산다이올, 블루아가베잎추출물, 알란토인, 소듐하이알루로네이트, 하이드록시프로필트라이모늄하이알루로네이트, 하이드롤라이즈드하이알루로닉애씨드, 소듐아세틸레이티드하이알루로네이트, 하이알루로닉애씨드, 하이드롤라이즈드소듐하이알루로네이트, 소듐하이알루로네이트크로스폴리머, 포타슘하이알루로네이트, 알지닌, 메틸트라이메티콘, 에틸헥실글리세린, 암모늄아크릴로일다이메틸타우레이트/브이피코폴리머, 하이드록시에틸아크릴레이트/소듐아크릴로일다이메틸타우레이트코폴리머, 아크릴레이트/C10-30알킬아크릴레이트크로스폴리머, 하이드로제네이티드폴리(C6-14올레핀), 메틸다이아이소프로필프로피온아마이드, 다이메티콘/비닐다이메티콘크로스폴리머, 솔비탄아이소스테아레이트, 다이소듐이디티에이

카밍패드 : 정제수, 프로판다이올, 부틸렌글라이콜, 판테놀(30,000ppm), 다이프로필렌글라이콜, 글리세릴글루코사이드, 소듐피씨에이 베타인, 알란토인(1,500ppm), 글루코노락톤, 글리세린, 소듐하이알루로네이트, 사카라이드아이소머레이트, 보검선인장줄기추출물, 하이드록시프로필트라이모늄하이알루로네이트, 하이드롤라이즈드하이알루로닉애씨드, 소듐아세틸레이티드하이알루로네이트, 하이알루로닉애씨드, 하이드롤라이즈드소듐하이알루로네이트, 소듐하이알루로네이트크로스폴리머, 포타슘하이알루로네이트, 탱자추출물, 다이포타슘글리시리제이트, 효모발효물, 락토바실러스발효물, 에틸헥실글리세린, 카프릴릴글라이콜, 트로메타민, 1,2-헥산다이올, 소듐파이테이트, 하이드록시아세토페논, 글리세릴아크릴레이트/아크릴릭애씨드코폴리머, 피브이엠/엠에이코폴리머"
"A000000231590","[대용량] 제로이드 인텐시브 크림 80ml 기획 (+50ml)","제로이드","80.0","130.0","ml","40000","36000","2769.2","정제수, 프로판다이올, 카프릴릭/카프릭트라이글리세라이드, 글리세린, 식물성스쿠알란, 세테아릴알코올, 폴리글리세릴-10다이스테아레이트, 글리
세릴스테아레이트, 스테아릭애씨드, 다이메티콘, 1,2-헥산다이올, 미리스토일/팔미토일옥소스테아라마이드/아라카마이드엠이에이, 피토스테롤, 토코페릴
아세테이트, 카놀라오일, 올리브오일, 세틸팔미테이트, 솔비탄팔미테이트, 솔비탄올리베이트, 비사보롤, 메틸카프로오일타이로지네이트, 잔탄검, 소듐하이
알루로네이트, 카보머, 알지닌, 카프릴릴글라이콜"
"A000000255721","[단독기획] 동아제약 색소침착 프로 크림제 40ml 기획(+5ml*2)","동아제약","40.0","45.0","ml","39000","27930","6206.7","정제수, 부틸렌글라이콜, 카프릴릭/카프릭트라이글리세라이드, 나이아신아마이드, 트라이프로필렌글라이콜, 트라넥사믹애씨드, 프로판다이올, 네오펜틸글라이콜다이헵타노에이트, 세테아릴알코올, 비닐다이메티콘, 글리세릴스테아레이트, 1,2-헥산다이올, 폴리글리세릴-2스테아레이트, 베헤닐알코올, 스테아릴알코올, 아크릴레이트/C10-30알킬아크릴레이트크로스폴리머, 알파-알부틴, 카프릴릴글라이콜, 하이드록시에틸아크릴레이트/소듐아크릴로일다이메틸타우레이트코폴리머, 알지닌, 글루타티온, 해바라기씨오일, 토코페롤, 다이소듐이디티에이, 아데노신, 글리세린, 솔비탄아이소스테아레이트, 세틸팔미테이트, 알부틴, 올리브오일, 폴리글리세릴-3메틸글루코오스다이스테아레이트, 폴리글리세릴-10라우레이트, 베타인, 판테놀, 코직애씨드, 포스파티딜콜린, 세라마이드엔피, 콜레스테롤, 세라마이드에이피, 하이드로제네이티드레시틴, 아스코빌팔미테이트, 시어버터, 하이드록시데실유비퀴논, 칸디다 봄비콜라/글루코오스/메틸레이프씨데이트발효물, 글라이코리피드, 헥실레조시놀"
"A000000232304","[대용량] 파티온 노스카나인 트러블 크림 75ml 기획(+5ml)","파티온","75.0","80.0","ml","45000","32000","4000.0","정제수, 글리세린, 메도우폼씨오일, 카프릴릭/카프릭트라이글리세라이드, 비닐다이메티콘, 다이글리세린, 폴리글리세릴-3다이스테아레이트, 세테아릴알코올, 1,2-헥산다이올, 펜틸렌글라이콜, 클로렐라 불가리스추출물, 소듐헤파린, 쑥잎추출물, 병풀추출물, 펜타에리스리틸테트라에틸헥사노에이트, 하이드로제네이티드쌀겨오일, 하이드로제네이티드레시틴, 세테아릴올리베이트, 소듐스테아로일글루타메이트, 하이드록시에틸아크릴레이트/소듐아크릴로일다이메틸타우레이트코폴리머, 폴리글리세릴-2스테아레이트, 암모늄아크릴로일다이메틸타우레이트/브이피코폴리머, 아이소도데케인, 하이드록시아세토페논, 아크릴레이트/C10-30알킬아크릴레이트크로스폴리머, 글루코오스, 솔비탄올리베이트, 글리세릴스테아레이트, 판테놀, 글리세릴스테아레이트시트레이트, 부틸렌글라이콜, 프룩토올리고사카라이드, 프룩토오스, 스테아릭애씨드, 석시닉애씨드, 다이메티콘/비닐다이메티콘크로스폴리머, 비닐다이메티콘/메티콘실세스퀴옥세인크로스폴리머, 소듐파이테이트, 솔비탄아이소스테아레이트, 폴리글리세릴-10스테아레이트, 다이프로필렌글라이콜, 세라마이드엔피, 알란토인, 베타-글루칸, 폴리글리세릴-10라우레이트, 세라마이드엔에스, 콜레스테롤, 에틸헥실글리세린, 피토스핑고신, 세라마이드에이피, 세라마이드에이에스, 스쿠알란, 세라마이드이오피, 카프릴릴/카프릴글루코사이드, 스테아릴알코올, 잔탄검"
"A000000258294","토리든 다이브인 저분자 히알루론산 수딩 크림 100ml 2입 기획","토리든","100.0","200.0","ml","42000","29400","1470.0","정제수, 부틸렌글라이콜, 글리세린, 1,2-헥산다이올, 하이드로제네이티드다이데센, 카프릴릭/카프릭트라이글리세라이드, 판테놀, 소듐하이알루로네이트, 소듐하이알루로네이트크로스폴리머, 하이드롤라이즈드소듐하이알루로네이트, 소듐아세틸레이티드하이알루로네이트, 하이드롤라이즈드하이알루로닉애씨드(500ppm), 알란토인, 엑토인, 감초추출물, 트레할로오스, 버지니아풍년화추출물, 글리세릴아크릴레이트/아크릴릭애씨드코폴리머, 피브이엠/엠에이코폴리머, 하이드록시에틸아크릴레이트/소듐아크릴로일다이메틸타우레이트코폴리머, 2,3-부탄다이올, 세테아릴알코올, C14-22알코올, C12-20알킬글루코사이드, 펜틸렌글라이콜, 솔비탄아이소스테아레이트, 카프릴릴메티콘, 클레리추출물, 라벤더꽃추출물, 히아신스전초추출물, 마트리카리아꽃추출물, 수레국화꽃추출물, 보리지추출물, 다이소듐이디티에이, 카보머, 트로메타민, 잔탄검, 글루타티온, 말라카이트추출물, 글루코닉애씨드, 에틸헥실글리세린"
"A000000255244","[총200ml/대용량] 라운드랩 자작나무 수분 크림 80ml+80ml 더블 기획 (+40ml)","라운드랩","200.0","200.0","ml","44000","25900","1295.0","정제수, 글리세린, 아이소노닐아이소노나노에이트, 아이소도데케인, 1,2-헥산다이올, 펜틸렌글라이콜, 폴리데센, 자작나무수액(10,000ppm), 호호바에스터, 판테놀, 글리세릴글루코사이드, 아라비아고무나무검, 하이드롤라이즈드오크라추출물, 소듐하이알루로네이트, 하이알루로닉애씨드, 화이트루핀씨추출물, 드럼스틱씨추출물, 인도멀구슬나무잎추출물, 인도멀구슬나무꽃추출물, 아이비고드열매추출물, 알로에베라꽃추출물, 가지열매추출물, 홀리바질잎추출물, 참산호말추출물, 울금뿌리추출물, 아스코빅애씨드, 펜타에리스리틸테트라에틸헥사노에이트, 암모늄아크릴로일다이메틸타우레이트/브이피코폴리머, 폴리글리세릴-3메틸글루코오스다이스테아레이트, 아크릴레이트/C10-30알킬아크릴레이트크로스폴리머, 트로메타민, 글리세릴아크릴레이트/아크릴릭애씨드코폴리머, 에틸헥실글리세린, 아가, 다이포타슘글리시리제이트, 글리세릴카프릴레이트, 부틸렌글라이콜, 다이소듐이디티에이"
"A000000246297","[광채/기미] 코페르 큐리페어 멜라크림 21ml 기획(+4ml)","코페르","21.0","25.0","ml","35700","28800","11520.0","정제수, 글리세린, 하이드로제네이티드폴리데센, 네오펜틸글라이콜다이카프레이트, 메틸프로판다이올, 세틸피이지/피피지-10/1다이메티콘, 나이아신아마이드, 사이클로펜타실록세인, 1,2-헥산다이올, 다이메티콘, 트라이하이드록시스테아린, 사이클로헥사실록세인, 시어버터, 솔비탄세스퀴올리에이트, 실리카, 소듐클로라이드, 마트리카리아꽃추출물, 인동덩굴꽃추출물, 병풀추출물, 호장근뿌리추출물, 황금추출물, 녹차추출물, 스페인감초뿌리추출물, 로즈마리잎추출물, 유럽밤나무씨추출물, 뽕나무잎추출물, 에스에이치-올리고펩타이드-1, 에스에이치-올리고펩타이드-2, 에스에이치-폴리펩타이드-1, 에스에이치-폴리펩타이드-3, 에스에이치-폴리펩타이드-9, 에스에이치-폴리펩타이드-16, 에스에이치-폴리펩타이드-62, 에스에이치-폴리펩타이드-11, 에스에이치-폴리펩타이드-22, 에스에이치-폴리펩타이드-60, 에틸헥실글리세린, 편백수, 티타늄디옥사이드, 트라이에톡시카프릴릴실레인, 알루미늄하이드록사이드, 부틸렌글라이콜, 카프릴릴글라이콜, 스타아니스추출물, 아데노신, 다이소듐이디티에이, 라벤더오일, 리날룰"
"A000000231892","[수지 PICK/단독기획] 아누아 피디알엔 히알루론산 100 수분 크림 60mL 2입 기획","아누아","60.0","120.0","ml","64000","29500","2458.3","정제수, 스쿠알란, 글리세린, 나이아신아마이드, 펜틸렌글라이콜, 1,2-헥산다이올, 소듐디엔에이(1,000ppm), 하이드롤라이즈드콜라겐(1,000ppm), 소듐하이알루로네이트(600ppm), 인도멀구슬나무잎추출물, 하이드롤라이즈드하이알루로닉애씨드(300ppm), 인도멀구슬나무꽃추출물, 아이비고드열매추출물, 하이알루로닉애씨드(100ppm), 알로에베라꽃추출물, 가지열매추출물, 홀리바질잎추출물, 참산호말추출물, 울금뿌리추출물, 병풀잎추출물, 다이페닐실록시페닐트라이메티콘, 피씨에이다이메티콘, 부틸렌글라이콜, 프로판다이올, 암모늄아크릴로일다이메틸타우레이트/브이피코폴리머, 다이글리세린, 하이드록시에틸아크릴레이트/소듐아크릴로일다이메틸타우레이트코폴리머, 아크릴레이트/C10-30알킬아크릴레이트크로스폴리머, C12-20알킬글루코사이드, 메틸프로판다이올, 에틸헥실글리세린, 아데노신, 소듐파이테이트, 아미노메틸프로판다이올, 피브이엠/엠에이코폴리머, 마데카소사이드, C12-13알케스-9, 다이메틸실란올하이알루로네이트(750ppb), 하이드롤라이즈드소듐하이알루로네이트(750ppb), 아시아티코사이드, 포타슘하이알루로네이트(500ppb), 하이드록시프로필트라이모늄하이알루로네이트(400ppb), 소듐하이알루로네이트크로스폴리머(400ppb), 소듐하이알루로네이트다이메틸실란올(250ppb), 소듐아세틸레이티드하이알루로네이트(200ppb), 베헤닐알코올, C14-22알코올, 카보머"
"A000000248826","[여배우광채크림] 메디큐브 PDRN 핑크 콜라겐 캡슐크림 55g 기획 (+4.5g*2ea)","메디큐브","55.0","59.5","g(약 1ml 상당으로 근사)","33300","23500","3949.6","정제수, 글리세린, 나이아신아마이드, 메틸프로판다이올, 프로판다이올, 1,2-헥산다이올, 다이프로필렌글라이콜, 카프릴릭/카프릭트라이글리세라이드, 부틸렌글라이콜, 글리세레스-26, 알지닌, 카보머, 세테아릴알코올, 세테아릴올리베이트, 에틸헥실팔미테이트, 솔비탄올리베이트, 스쿠알란, 암모늄아크릴로일다이메틸타우레이트/브이피코폴리머, 시메티콘, 에틸헥실글리세린, 지치뿌리추출물, 아데노신, 해바라기씨오일, 폴리아크릴레이트-13, 소듐디엔에이(200ppm), 다이소듐이디티에이, 폴리아이소부텐, 글리세릴스테아레이트, 하이드롤라이즈드스클레로튬검, 서양배추출물, 알간나무커넬오일, 다마스크장미꽃수, 오리스뿌리추출물, 폴리솔베이트20, 멜론추출물, 솔비탄아이소스테아레이트, 서양송악잎/줄기추출물, 글루타티온, 소듐하이알루로네이트, 옥틸도데칸올, 연어알추출물, 하이드록시프로필트라이모늄하이알루로네이트, 토코페롤, 하이드로제네이티드레시틴, 세라마이드엔피, 사이아노코발아민, 티옥틱애씨드, 소듐아세틸레이티드하이알루로네이트, 하이드롤라이즈드콜라겐추출물(0.1ppm), 하이드롤라이즈드하이알루로닉애씨드, 아세틸헥사펩타이드-8, 카퍼트라이펩타이드-1, 카프릴릴글라이콜, 하이알루로닉애씨드, 팔미토일펜타펩타이드-4, 팔미토일헥사펩타이드-12, 소듐하이알루로네이트크로스폴리머, 하이드롤라이즈드소듐하이알루로네이트, 포타슘하이알루로네이트"
"A000000231589","[대용량] 제로이드 수딩 크림 80ml 기획 (+50ml)","제로이드","80.0","130.0","ml","","38000","2923.1","정제수, 글리세린, 프로판다이올, 카프릴릭/카프릭트라이글리세라이드, 솔비탄스테아레이트, 세테아릴알코올, 잇꽃씨오일, 글리세릴스테아레이트,
스테아릭애씨드, 다이메티콘, 미리스토일/팔미토일옥소스테아라마이드/아라카마이드엠이에이, 메틸카프로오일타이로지네이트, 피토스테롤, 토코페릴아세테
이트, 비사보롤, 잔탄검, 소듐하이알루로네이트, 카보머, 알지닌, 1,2-헥산다이올, 카프릴릴글라이콜, 트로폴론"
"A000000214168","[7월 올영픽/NO.1 국민수분크림] 키엘 울트라 훼이셜 크림 28ml/50ml/150ml (기획/단품)","키엘","28.0","228.0","ml","49000","37240","1633.3","정제수 글리세린 다이메티콘 스쿠알란 비스-피이지-18메틸에터다이메틸실레인 수크로오스스테아레이트 스테아릴알코올 피이지-8스테아레이트 미리스틸미리스테이트 살구씨오일 페녹시에탄올 아보카도오일 글리세릴스테아레이트 세틸알코올 쌀겨오일 올리브오일 클로페네신 스테아릭애씨드 팔미틱애씨드 카보머 아크릴레이트/C10-30알킬아크릴레이트크로스폴리머 트라이소듐에틸렌다이아민다이석시네이트 스위트아몬드오일 잔탄검 에틸헥실글리세린 소듐하이드록사이드 토코페롤 돌콩오일 슈도알테로모나스발효추출물 미리스틱애씨드 하이드록시팔미토일스핑가닌 살리실릭애씨드 해바라기씨오일 로즈마리잎추출물 시트릭애씨드"
"A000000134691","바이오더마 시카비오 포마드 100ml(리페어 리치 밤)","바이오더마","100.0","100.0","ml","40000","29450","2945.0","정제수, 글리세린, 미네랄오일, 카프릴릭/카프릭트라이글리세라이드, 프룩토올리고사카라이드, 폴리글리세릴-4다이아이소스테아레이트/폴리하이드록시스테아레이트/세바케이트, 프로판다이올, 자일리톨, 징크스테아레이트, 소듐시트레이트, 부틸렌글라이콜, 카프릴로일글라이신, 카퍼설페이트, 소듐하이드록사이드, 소듐하이알루로네이트, 징크설페이트, 포도덩굴추출물, 라우레스-3, 아시아티코사이드, 아시아틱애씨드, 마데카식애씨드, 라미나리아 오크롤레우카추출물, 하이드록시에틸셀룰로오스, 아세틸다이펩타이드-1세틸에스터, 만니톨, 람노오스, 포타슘솔베이트 (0.003%)"
"A000000245087","[장원영PICK] 닥터엘시아 345 릴리프 크림 50ml 기획 (+10ml*2ea+튜브링거)","닥터엘시아","50.0","60.0","ml","29000","24500","4083.3","정제수, 티트리잎수, 프로판다이올, 글리세린, 1,2-헥산다이올, 하이드로제네이티드폴리데센, 비닐다이메티콘, C14-22알코올, 카프릴릭/카프릭트라이글리세라이드, 나이아신아마이드, 판테놀, 다이카프릴릴카보네이트, 부틸렌글라이콜, 암모늄아크릴로일다이메틸타우레이트/브이피코폴리머, 카프릴릴메티콘, 폴리메틸실세스퀴옥세인, C12-20알킬글루코사이드, 하이드록시아세토페논, 아크릴레이트/C10-30알킬아크릴레이트크로스폴리머, 폴리쿼터늄-51, 에틸헥실글리세린, 트로메타민, 소듐하이알루로네이트, 소듐스테아로일글루타메이트, 황련뿌리추출물, 병풀잎수, 베타-글루칸, 레스베라트롤, 하이드롤라이즈드하이알루로닉애씨드, 녹차수, 토코페롤, 마데카소사이드, 소듐디엔에이, 병풀추출물, 세라마이드엔피, 탄닉애씨드, 다이소듐이디티에이, 소듐파이테이트"
"A000000230799","[모공천재/화잘먹] 오드로이 모공수축 크림 모공요철 케어 100ml 더블기획 (+미스트앰플 30ml)","오드로이","100.0","130.0","ml","56000","36800","2830.8","정제수, 부틸렌글라이콜, 글리세린, 1,2-헥산다이올, 마카다미아씨오일, 하이드로제네이티드폴리(C6-14올레핀), 다이카프릴릴카보네이트, 알지닌, 아크릴레이트/C10-30알킬아크릴레이트크로스폴리머, 글리세릴카프릴레이트, 세테아릴올리베이트, 스쿠알란, 솔비탄올리베이트, 하이드록시에틸아크릴레이트/소듐아크릴로일다이메틸타우레이트코폴리머, 해바라기씨오일, 알란토인, 완두콩추출물, 약모밀추출물, 토코페롤, 향료, 에난티아 클로란타껍질추출물, 다이포타슘글리시리제이트, 아데노신, 소듐글루코네이트, 시트릭애씨드, 블랙체리열매추출물, 펜틸렌글라이콜, 하이드롤라이즈드콜라겐, 올레아놀릭애씨드"
"A000000251494","[태극제약]도미나스 크림 Rx 30ml 기획 (+7ml)","도미나스","30.0","37.0","ml","46000","33900","9162.2","정제수, 다이프로필렌글라이콜, 나이아신아마이드, 하이드로제네이티드폴리아이소부텐, 헥실데실에틸헥사노에이트, 판테놀, 프로판다이올, 트라넥사믹애씨드, 글리세린, 트라이에틸헥사노인, 1,2-헥산다이올, 세테아릴알코올, C14-22알코올, 글리세릴스테아레이트, 펜타에리스리틸테트라에틸헥사노에이트, 만델릭애씨드, 글루타믹애씨드, 유비퀴논, 하이드록시데실유비퀴논, 바쿠치올, 비사보롤, 크리신, 에피갈로카테킨갈레이트, 헥실레조시놀, 하이드록시에틸우레아, 폴리다틴, 다이메티콘, 아스코빌글루코사이드, 세테아릴올리베이트, 피이지-100스테아레이트, 세린, 솔비탄올리베이트, C12-20알킬글루코사이드, 실리카, 암모늄아크릴로일다이메틸타우레이트/브이피코폴리머, 아라키딜알코올, 베헤닐알코올, 포타슘하이드록사이드, 알란토인, 폴리메틸실세스퀴옥세인, 소듐파이루베이트, 트레할로오스, 아라키딜글루코사이드, 다이메티콘올, 카보머, 알지닌, 소듐메타바이설파이트, 잔탄검, 아데노신, 토코페롤, 카프릴릭/카프릭트라이글리세라이드, 트라이소듐이디티에이, 부틸렌글라이콜, 돌콩오일, 티타늄디옥사이드(CI 77891), 마이카, 하이드로제네이티드레시틴, 적색산화철, 폴리글리세릴-10올리에이트, 시스테인에이치씨엘, 베타-글루칸, 만니톨, 수크로오스, 왜당귀뿌리추출물, 삽주뿌리줄기추출물, 스페인감초뿌리추출물, 작약뿌리추출물, 모란뿌리추출물, 피씨에이, 질경이추출물, 복숭아씨추출물, 황금추출물, 시트룰린, 글라이코젠, 히스티딘에이치씨엘, 알라닌, 트레오닌, 라이신에이치씨엘, 향료, 벤질벤조에이트, 리날룰, 하이드록시시트로넬알, 리모넨, 헥실신남알, 시트로넬올"
"A000000199701","[카디비PICK|탄력보습] 바이오힐보 프로바이오덤 3D리프팅 크림 50ml [단품/기획]","바이오힐보","50.0","50.0","ml","70200","39900","7980.0","정제수, 락토바실러스발효용해물, 글리세린, 다이프로필렌글라이콜, 카프릴릭/카프릭트라이글리세라이드, 세테아릴알코올, 메도우폼씨오일, 글리세레스-26, 비닐다이메티콘, 하이드로제네이티드폴리(C6-14올레핀), 하이드로제네이티드폴리데센, 폴리글리세릴-3메틸글루코오스다이스테아레이트, 글리세릴스테아레이트, 베타인, 폴리글리세린-3, 1,2-헥산다이올, 세테아릴올리베이트, 펜틸렌글라이콜, 피토스테릴/베헤닐/옥틸도데실라우로일글루타메이트, 락토바실러스발효물, 프룩토올리고사카라이드, 프룩탄, 이눌린, 판테놀, 베타-글루칸, 아데노신, 사포닌, 수용성프로테오글리칸, 노나펩타이드-1, 아세틸테트라펩타이드-9, 아세틸테트라펩타이드-5, 아세틸헥사펩타이드-1, 아세틸헥사펩타이드-8, 팔미토일트라이펩타이드-8, 다이펩타이드다이아미노부티로일벤질아마이드다이아세테이트, 카퍼트라이펩타이드-1, 트라이펩타이드-1, 팔미토일테트라펩타이드-7, 팔미토일트라이펩타이드-1, 팔미토일트라이펩타이드-5, 팔미토일펜타펩타이드-4, 팔미토일헥사펩타이드-12, 펜타펩타이드-3, 헥사펩타이드-9, 올리고펩타이드-2, 맥아추출물, 참마뿌리추출물, 오일팜오일, 베헤닐알코올, 솔비탄올리베이트, 시어버터, 다이펜타에리스리틸헥사하이드록시스테아레이트/헥사스테아레이트/헥사로지네이트, 하이드로제네이티드채종유, 하이드록시아세토페논, 소듐폴리아크릴레이트, 하이드롤라이즈드호호바에스터, 피이지-100스테아레이트, 에틸헥실글리세린, 아크릴레이트/C10-30알킬아크릴레이트크로스폴리머, 잔탄검, 트로메타민, 부틸렌글라이콜, 말토덱스트린, 사이아노코발아민, 세틸에틸헥사노에이트, 프로판다이올, 세테아릴글루코사이드, 알진, 소듐스테아로일글루타메이트, 토코페롤, 바이오사카라이드검-4, 미네랄솔트, 하이드롤라이즈드옥수수전분, 소듐포스페이트, 카프릴릴글라이콜, 수크로오스, 덱스트란, 다이소듐포스페이트, 향료"
"A000000249211","[조슈아PICK/1+1] 리얼베리어 익스트림 크림 70ml 1+1 기획","리얼베리어","70.0","140.0","ml","39000","28500","2035.7","정제수, 부틸렌글라이콜, 카프릴릭/카프릭트라이글리세라이드, 글리세린, 세테아릴알코올, 프로판다이올, 판테놀, 미리스토일/팔미토일옥소스테아라마이드/아라카마이드엠이에이, 글리세릴스테아레이트, 폴리글리세릴-10다이스테아레이트,다이메티콘, 솔비탄스테아레이트, 겨우살이열매추출물, 1, 2-헥산다이올, 메도우폼씨오일, 올리브오일, 하이드로제네이티드식물성오일, 자일리틸글루코사이드, 안하이드로자일리톨, 자일리톨, 글루코오스, 토코페릴아세테이트, 피토스테롤, 포스포리피드, 다이하이드록시아이소프로필팔모일팜아마이드, 비스-카프릴로일옥시팔미타미도아이소프로판올, 알란토인, 아세틸헵타펩타이드-4, 해바라기씨오일, 살비아오일, 광곽향오일, 소두구씨오일, 콘민트오일, 캐모마일꽃오일,멕시칸주니퍼오일, 바이오사카라이드검-1, 소듐하이알루로네이트, 아세틸다이펩타이드-1세틸에스터, 마데카소사이드, 스테아릭애씨드, 카보머, 카프릴릴글라이콜, 솔비탄라우레이트, 하이드록시에틸셀룰로오스, 소듐레불리네이트, 글리세릴카프릴레이트, p-아니식애씨드"
"A000000250472","[7월 올영픽] 에스트라 에이시카365 리페어 크림 pH4.5 60ml (+크림 20ml+마스크 2매)","에스트라","60.0","80.0","ml","30000","21000","2625.0","정제수, 글리세린, 부틸렌글라이콜, 에틸헥실스테아레이트, 나이아신아마이드, 1,2-헥산다이올, 다이메티콘, 다이에톡시에틸석시네이트, 글루코노락톤, 세테아릴올리베이트, 폴리아크릴레이트크로스폴리머-6, 판테놀, 폴리글리세릴-10베헤네이트/에이코사디오에이트, 폴리메틸실세스퀴옥세인, 솔비탄올리베이트, 하이드로제네이티드레시틴, 트로메타민, 세테아릴알코올, 하이드록시에틸아크릴레이트/소듐아크릴로일다이메틸타우레이트코폴리머, 소듐폴리아크릴로일다이메틸타우레이트, 아크릴레이트/C10-30알킬아크릴레이트크로스폴리머, 에틸헥실글리세린, 잔탄검, 세테아릴글루코사이드, 소듐글루코네이트, 아시아티코사이드, 솔비탄아이소스테아레이트, 마데카식애씨드, 아시아틱애씨드, 소듐하이알루로네이트, 3-O-에틸아스코빅애씨드, 징크피씨에이, 글리세릴카프릴레이트, 마데카소사이드, 소듐트라이메타포스페이트, 헥사펩타이드-9"
"A000000257543","[튜브타입/단독기획] 닥터지 레드 블레미쉬 클리어 수딩크림 EX 70ml 튜브 기획 (+30ml+세럼10ml*2ea)","닥터지","70.0","110.0","ml","38000","26600","2418.2","[크림]
정제수, 글리세린, 부틸렌글라이콜, 다이카프릴릴에터, 나이아신아마이드, 1,2-헥산다이올, 펜틸렌글라이콜, 소듐하이알루로네이트, 병풀잎추출물, 비피다발효여과물, 락토바실러스발효물, 병풀꽃/잎/줄기추출물, 병풀뿌리추출물, 병풀추출물, 효모발효여과물, 하이드로제네이티드폴리데센, 다이카프릴릴카보네이트, 하이드록시에틸아크릴레이트/소듐아크릴로일다이메틸타우레이트코폴리머, 판테놀, 아크릴레이트/C10-30알킬아크릴레이트크로스폴리머, 실리카, 트로메타민, 솔비톨, 글리세릴아크릴레이트/아크릴릭애씨드코폴리머, 에틸헥실글리세린, 트라이소듐에틸렌다이아민다이석시네이트, 알란토인, 다이프로필렌글라이콜, 토코페롤, 마데카소사이드, 폴리글리세릴-10라우레이트, 포스파티딜콜린, 하이드로제네이티드레시틴, 칼슘판토테네이트, 스쿠알란, 에리스리톨, 에틸헥실팔미테이트, 아시아티코사이드, 마데카식애씨드, 아시아틱애씨드, 트라이하이드록시스테아린, 세라마이드엔피, 다발방패버섯추출물, 잔탄검 
[세럼]
정제수, 부틸렌글라이콜, 다이프로필렌글라이콜, 나이아신아마이드, 1,2-헥산다이올, 글리세린, 판테놀, 글리세레스-26, 하이드록시에틸셀룰로오스, 에리스리톨, 소듐폴리아크릴로일다이메틸타우레이트, 소듐하이알루로네이트(1,100 ppm), 알란토인, 에틸헥실글리세린, 카프릴릭/카프릭트라이글리세라이드, 바이오사카라이드검-1, 다이소듐이디티에이, 하이드로제네이티드레시틴, 베타인살리실레이트, 석시닉애씨드, 트로메타민, 효모발효여과물, 옥틸도데칸올, 폴리글리세릴-10라우레이트, 포스파티딜콜린, 아시아티코사이드(48 ppm), 병풀잎추출물(40 ppm), 마데카식애씨드(36 ppm), 아시아틱애씨드(36 ppm), 글라이코리피드, 세라마이드엔피, 베타-글루칸, 락토바실러스발효물, 락토바실러스/콩발효추출물, 류코노스톡/무발효여과물, 효모발효추출물, 팔미토일트라이펩타이드-5, 다발방패버섯추출물, 마데카소사이드(3.6 ppm), 병풀추출물(3.4 ppm), 하이드록시프로필트라이모늄하이알루로네이트(1 ppm), 토코페롤, 징크피씨에이, 헥사펩타이드-9"
"A000000226553","[수부지크림/유수분밸런스] 브링그린 티트리 시카 수딩 크림 플러스 100ml (2입/단품)","브링그린","100.0","200.0","ml","","34200","1710.0","정제수, 부틸렌글라이콜, 스쿠알란, 티트리잎수, 프로판다이올, 1,2-헥산다이올, 나이아신아마이드, 펜틸렌글라이콜, 폴리글리세릴-3메틸글루코오스다이스테아레이트, 다이글리세린, 티트리추출물, 티트리잎추출물, 병풀추출물, 티트리꽃/잎/줄기추출물, 티트리잎오일, 하이드록시에틸아크릴레이트/소듐아크릴로일다이메틸타우레이트코폴리머, 폴리메틸실세스퀴옥세인, 아크릴레이트/C10-30알킬아크릴레이트크로스폴리머, 트로메타민, 솔비탄아이소스테아레이트, 마데카소사이드, 토코페롤, 에틸헥실글리세린"
"A000000254747","에스트라 아토베리어365 하이드로 수딩크림 80ml 기획(토너25ml+클렌징폼30g)","에스트라","80.0","105.0","ml","33000","26400","2514.3","정제수, 글리세린, 부틸렌글라이콜, 다이메티콘, 스쿠알란, 1,2-헥산다이올, 베타인, 세테아릴알코올, 암모늄아크릴로일다이메틸타우레이트/브이피코폴리머, 하이드로제네이티드쌀겨오일, 하이드로제네이티드레시틴, 폴리글리세릴-3메틸글루코오스다이스테아레이트, 폴리아크릴레이트크로스폴리머-6, 만니톨, 세틸-피지하이드록시에틸팔미타마이드, 스테아릭애씨드, 에틸헥실글리세린, 글리세릴카프릴레이트, 프로판다이올, 글리세릴스테아레이트, 소듐메타포스페이트, 세라마이드엔피, 카보머, 팔미틱애씨드, 실리카, 징크클로라이드, 콜레스테롤, 베타-글루칸, 스핑고리피드, 소듐하이알루로네이트, 하이드록시프로필메틸셀룰로오스, 미리스틱애씨드, 프로필렌글라이콜, 라우릭애씨드, 토코페롤"
"A000000190369","[판매량 1억개 돌파/대용량] AHC 텐 레볼루션 리얼 아이크림 포 페이스 더블 기획","AHC","","","","39000","26900","","정제수, 글리세린, 다이프로필렌글라이콜, 하이드로제네이티드폴리데센, 사이클로헥사실록세인, 카프릴릭/카프릭트라이글리세라이드, 다이카프릴릴카보네이트, 나이아신아마이드, 카프릴릭/카프릭/석시닉트라이글리세라이드, 1,2-헥산다이올, 세테아릴알코올, 글리세릴스테아레이트에스이, 베타인, 세틸알코올, 시어버터, 펜타에리스리틸스테아레이트/카프레이트/카프릴레이트/아디페이트, 세테아릴올리베이트, 폴리글리세릴-10미리스테이트, 솔비탄올리베이트, 폴리글리세릴-10라우레이트, 다이메티콘/비닐다이메티콘크로스폴리머, 메틸프로판다이올, 폴리아크릴레이트-13, 소듐스테아로일글루타메이트, 베헤닐알코올, 에탄올, 폴리글리세릴-10스테아레이트, 하이드록시아세토페논, 비닐다이메티콘, 피토스테릴/베헤닐/옥틸도데실라우로일글루타메이트, 칸디다 봄비콜라/글루코오스/메틸레이프씨데이트발효물, 하이드로제네이티드레시틴, 부틸렌글라이콜, 하이드로제네이티드폴리아이소부텐, 코코넛야자오일, 마카다미아씨오일, 향료, 참마뿌리추출물, 알란토인, 에틸헥실글리세린, 글라이코실트레할로오스, 판테놀, 비피다발효용해물, 잔탄검, 아데노신, 하이드로제네이티드스타치하이드롤리세이트, 콜레스테롤, 에틸헥실팔미테이트, 라피노오스, 다이소듐이디티에이, 소듐하이알루로네이트, 마이크로코쿠스발효용해물, 솔비탄아이소스테아레이트, 레시틴, 황벽나무껍질추출물, 수용성콜라겐, 세라마이드엔피, 구기자나무잎추출물, 녹차추출물, 프로판다이올, 무화과추출물, 병풀추출물, 소듐라우레이트, 폴리쿼터늄-51, 이눌린라우릴카바메이트, 라우릭애씨드, 사이아노코발아민, 트로메타민, 포타슘세틸포스페이트, 인체줄기세포배양액, 폴리솔베이트80, 토코페롤, 콜라겐수, 알로에베라잎추출물, 판토락톤, 토코페릴아세테이트, 하이드롤라이즈드콜라겐추출물, 자일리틸글루코사이드, 쌀배아오일, 바이오사카라이드검-1, 콜라겐추출물, 스키조사카로미세스발효여과물, 안하이드로자일리톨, 카프릴릴글라이콜, 슈도알테로모나스발효추출물, 자일리톨, 코코일하이드롤라이즈드콜라겐, 펜타에리스리틸테트라아이소스테아레이트, 호호바씨오일, 글라이코리피드, 솔비탄라우레이트, 글루코오스, 소듐팔미토일프롤린, 코튼씨추출물, 카프릴로일글라이신, 포타슘코코일하이드롤라이즈드콜라겐, 말토덱스트린, 헥실렌글라이콜, 스쿠알란, 아스코빌프로필하이알루로네이트, 녹차수, 록샘파이어캘러스배양여과물, 아스코빅애씨드폴리펩타이드, 3-O-에틸아스코빅애씨드, 콜라겐, 콜라겐아미노산, 테트라하이드로피페린, 하이드록시에틸셀룰로오스, 하이드롤라이즈드루핀단백질, 만니톨, 락틱애씨드, 사코신, 아세틸다이펩타이드-1세틸에스터, 쌀추출물, 올레라케아아크멜라추출물, 토마토추출물, 마카뿌리추출물, 아보카도열매추출물, 사카라이드하이드롤리세이트, 하이드롤라이즈드식물성단백질, 퉁퉁마디추출물, 세틸하이드록시에틸셀룰로오스, 실론시나몬나무껍질추출물, 다이펩타이드다이아미노부티로일벤질아마이드다이아세테이트, 루틴, 실리카다이메틸실릴레이트, 락토바실러스발효물, 펜틸렌글라이콜, 하이드롤라이즈드콜라겐, 다이메틸실란올하이알루로네이트, 하이드롤라이즈드소듐하이알루로네이트, 하이드롤라이즈드하이알루로닉애씨드, 아세틸테트라펩타이드-9, 팔미토일트라이펩타이드-5, 바실러스/폴릭애씨드발효여과추출물, 3-아스코빌카보닐다이펩타이드-17, 다이포타슘포스페이트, 아세틸글루타민, 카프릴로일다이펩타이드-17, 판토테닉애씨드, 포타슘하이알루로네이트, 하이알루로닉애씨드, 헵타소듐헥사카복시메틸다이펩타이드-12, 소듐하이알루로네이트크로스폴리머, 하이드록시프로필트라이모늄하이알루로네이트, 아세틸헥사펩타이드-8, 글루코노락톤, 소듐콘드로이틴설페이트, 팔미틱애씨드, 돌콩펩타이드, 소듐하이알루로네이트다이메틸실란올, 효모폴리펩타이드, 스테아릭애씨드, 소듐아세틸레이티드하이알루로네이트, 아텔로콜라겐, 씨대퍼딜추출물, 소듐벤조에이트, 팔미토일테트라펩타이드-7, 팔미토일트라이펩타이드-1, 알바수련꽃추출물, 밀펩타이드, 귀리펩타이드, 마그네슘아스코빌포스페이트, 소듐아스코빌포스페이트, 알-소폴리펩타이드-1, 카프릴로일에스에이치-노나펩타이드-6, 콩폴리펩타이드, 리마콩씨추출물, 아세틸옥타펩타이드-3, 아세틸테트라펩타이드-11, 칼슘글루코네이트, 글라이신, 글루타믹애씨드, 글루타민, 노나펩타이드-1, 다이펩타이드-1, 다이펩타이드-2, 다이펩타이드-4, 라이신, 레티닐팔미테이트, 류신, 리보플라빈, 메나다이온, 메티오닌, 바이오틴, 발린, 세린, 시스테인, 시트룰린, 아세틸테트라펩타이드-2, 아세틸테트라펩타이드-3, 아세틸테트라펩타이드-5, 아세틸트라이펩타이드-1, 아스코빅애씨드, 아스파라진, 아스파틱애씨드, 아이소류신, 알라닌, 알라닌/히스티딘/라이신폴리펩타이드카퍼에이치씨엘, 알지닌, 오르니틴, 올리고펩타이드-6, 카퍼트라이펩타이드-1, 타우린, 타이로신, 트라이펩타이드-1, 트라이펩타이드-2, 트라이펩타이드-3, 트레오닌, 트립토판, 티아민에이치씨엘, 페닐알라닌, 펜타펩타이드-3, 폴릭애씨드, 프롤린, 피리독신, 헥사펩타이드-2, 헥사펩타이드-9, 히스티딘, 미리스틱애씨드, 팔미토일다이펩타이드-7, 팔미토일펜타펩타이드-4, 팔미토일헥사펩타이드-12, 에스에이치-올리고펩타이드-1, 에스에이치-폴리펩타이드-1, 에스에이치-올리고펩타이드-2, 에스에이치-폴리펩타이드-11, 에스에이치-폴리펩타이드-14, 에스에이치-폴리펩타이드-16, 에스에이치-폴리펩타이드-22, 에스에이치-폴리펩타이드-3, 에스에이치-폴리펩타이드-4, 에스에이치-폴리펩타이드-9"
"A000000233322","[1+1/광채탄력] 닥터지 블랙스네일 크림 50ml 1+1 기획 +(15ml 추가 증정)","닥터지","50.0","65.0","ml","33000","29700","4569.2","- 리뉴얼 적용
정제수, 글리세린, 다이프로필렌글라이콜, 세테아릴알코올, 사이클로펜타실록세인, 카프릴릭/카프릭트라이글리세라이드, 트라이에틸헥사노인, 하이드로제네이티드폴리데센, 1,2-헥산다이올, 나이아신아마이드, 하이드로제네이티드폴리(C6-14올레핀), 사이클로헥사실록세인, 글리세릴스테아레이트에스이, 참마뿌리추출물, 카바카바잎/뿌리/줄기추출물, 우엉뿌리추출물, 진흙버섯추출물, 병풀추출물, 쇠비름추출물, 프로폴리스추출물, 하이드로제네이티드레시틴, 아르간커넬오일, 소듐하이알루로네이트, 다이메티콘, 세테아릴올리베이트, 부틸렌글라이콜, C12-16알코올, 글리세릴스테아레이트, 피이지-100스테아레이트, 마이크로크리스탈린셀룰로오스, 스쿠알란, 세테아릴글루코사이드, 메틸프로판다이올, 솔비탄올리베이트, 하이드록시에틸아크릴레이트/소듐아크릴로일다이메틸타우레이트코폴리머, 달팽이점액여과물(2,000ppm), 팔미틱애씨드, 하이드로제네이티드폴리아이소부텐, 베타인, 에탄올, 글라이코실트레할로오스, 셀룰로오스검, 아이소노닐아이소노나노에이트, 폴리글리세릴-10스테아레이트, 하이드롤라이즈드옥수수전분, 폴리솔베이트60, 에틸헥실글리세린, 하이드로제네이티드스타치하이드롤리세이트, 라피노오스, 스테아릭애씨드, 시어버터, 아데노신, 폴리글리세릴-2다이폴리하이드록시스테아레이트, 베타-글루칸, 다이소듐이디티에이, 레시틴, 솔비탄아이소스테아레이트, 수크로오스, 카라멜, 글루코오스, 이눌린라우릴카바메이트, 폴리쿼터늄-51, 프로필렌글라이콜, 다이소듐스테아로일글루타메이트, 바이오사카라이드검-1, 진주가루, 토코페롤, 향료, 페녹시에탄올, 리날룰, 벤질살리실레이트, 리모넨, 하이드록시시트로넬알, 제라니올
- 리뉴얼 미적용
정제수, 달팽이점액여과물, 다이프로필렌글라이콜, 글리세린, 세테아릴알코올, 사이클로펜타실록세인, 카프릴릭/카프릭트라이글리세라이드, 트라이에틸헥사노인, 하이드로제네이티드폴리데센, 나이아신아마이드, 하이드로제네이티드폴리(C6-14올레핀), 1,2-헥산다이올, 사이클로헥사실록세인, 글리세릴스테아레이트에스이, 카바카바잎/뿌리/줄기추출물, 참마뿌리추출물, 우엉뿌리추출물, 진흙버섯추출물, 쇠비름추출물, 프로폴리스추출물, 병풀추출물, 하이드로제네이티드레시틴, 아르간커넬오일, 소듐하이알루로네이트, 다이메티콘, C12-16알코올, 글리세릴스테아레이트, 세테아릴올리베이트, 솔비탄올리베이트, 마이크로크리스탈린셀룰로오스, 스쿠알란, 세테아릴글루코사이드, 메틸프로판다이올, 하이드록시에틸아크릴레이트/소듐아크릴로일다이메틸타우레이트코폴리머, 부틸렌글라이콜, 팔미틱애씨드, 하이드로제네이티드폴리아이소부텐, 베타인, 에탄올, 글라이코실트레할로오스, 셀룰로오스검, 아이소노닐아이소노나노에이트, 폴리글리세릴-10스테아레이트, 하이드롤라이즈드옥수수전분, 하이드로제네이티드스타치하이드롤리세이트, 라피노오스, 스테아릭애씨드, 시어버터, 아데노신, 폴리글리세릴-2다이폴리하이드록시스테아레이트, 베타-글루칸, 다이소듐이디티에이, 레시틴, 솔비탄아이소스테아레이트, 수크로오스, 카라멜, 글루코오스, 이눌린라우릴카바메이트, 폴리쿼터늄-51, 프로필렌글라이콜, 다이소듐스테아로일글루타메이트, 바이오사카라이드검-1, 진주가루, 피이지-100스테아레이트, 폴리솔베이트60, 향료, 에틸헥실글리세린, 펜틸렌글라이콜, 카프릴릴글라이콜, 리날룰, 벤질살리실레이트, 리모넨, 하이드록시시트로넬알, 제라니올"
"A000000255729","[단독기획] 동아제약 아크네 프로 크림제 30ml 기획(+3ml+겔제3ml)","동아제약","30.0","36.0","ml","35000","23750","6597.2",""
"A000000222882","[1+1] 한율 트러블 진정 쑥시카 수분 크림 기획 (55ml+55ml)","한율","55.0","110.0","ml","38000","27300","2481.8","정제수, 글리세린, 부틸렌글라이콜, 다이카프릴릴에터, 황해쑥잎수(35,724ppm),
메틸트라이메티콘, 나이아신아마이드, 비스-하이드록시에톡시프로필다이
메티콘, 1,2-헥산다이올, C14-22알코올, 세틸에틸헥사노에이트, 판테놀(5,000
ppm), 글리세릴스테아레이트시트레이트, 하이드로제네이티드폴리(C6-14
올레핀), 하이드록시에틸아크릴레이트/소듐아크릴로일다이메틸타우레이트코
폴리머, 스테아릭애씨드, 암모늄아크릴로일다이메틸타우레이트/브이피코폴리머,
글리세릴폴리메타크릴레이트, 글리세릴스테아레이트, 폴리메틸실세스퀴옥세인,
팔미틱애씨드, 아라키딜알코올, C12-20알킬글루코사이드, 향료, 글리세릴카프
릴레이트, 베헤닐알코올, 2,3-부탄다이올, 아라키딜글루코사이드, 에틸헥실글리
세린, 다이소듐이디티에이, 솔비탄아이소스테아레이트, 프로판다이올, 레시틴,
락토바실러스발효물, 글루코오스, 토코페롤, 이눌린라우릴카바메이트, 황해쑥
잎추출물(10 ppm), 병풀꽃/잎/줄기추출물"
"A000000255827","[기미톤업/색소침착] 동국제약 멜라-셋 기미 토닝 크림 35g 더블 기획(+기미 와이드 패치 2매입*2ea)","동국제약","35.0","70.0","g(약 1ml 상당으로 근사)","72000","35900","5128.6","1. 멜라셋 기미 토닝 크림
정제수, 세틸에틸헥사노에이트, 글리세린, 알부틴, 부틸렌글라이콜, 1,2-헥산다이올, 알파-알부틴, 다이메티콘, 세테아릴알코올, 다이카프릴릴카보네이트, 베타인, 세테아릴올리베이트, 메틸트라이메티콘, 솔비탄올리베이트, 폴리솔베이트60, 폴리아크릴레이트-13, 피이지-100스테아레이트, 글리세릴스테아레이트, 솔비탄세스퀴올리에이트, 카보머, 트로메타민, 폴리아이소부텐, 다이메티콘/비닐다이메티콘크로스폴리머, 하이드로제네이티드레시틴, 토코페롤, 판테놀, 프로판다이올, 스핑고모나스발효추출물, 에틸헥실글리세린, 폴리솔베이트20, 솔비탄아이소스테아레이트, 다이소듐이디티에이, 나이아신아마이드, 트라넥사믹애씨드, 폴리글리세릴-10올리에이트, 레시틴, 엑토인, 폴리글리세릴-10라우레이트, 폴리글리세릴-4카프레이트, 바쿠치올, 마데카식애씨드, 비파나무잎추출물, 아시아티코사이드, 비타민나무열매추출물, 아시아틱애씨드, 스피어민트추출물, 폴리글리세릴-10스테아레이트, 소듐아스코빌포스페이트, 피리독신, 바이오틴, 사이아노코발아민, 티아민에이치씨엘, 리보플라빈, 베타-카로틴

2. 멜라셋 기미 토닝 스팟 패치
스타이렌/아이소프렌코폴리머, 셀룰로오스검, 하이드로제네이티드폴리(C6-20올레핀), 폴리아이소부텐, 나이아신아마이드, 트라넥사믹애씨드, 마그네슘아스코빌포스페이트, 바쿠치올, 마데카소사이드, 아데노신, 병풀추출물"
"A000000235068","[PDRN 물광+윤광 케어] 리쥬란 힐러 턴오버 액티브 크림 50ml (+앰플 5ml 증정)","리쥬란","50.0","55.0","ml","32900","26800","4872.7","[리쥬란 힐러 턴오버 액티브 크림] 정제수, 글리세린, 부틸렌글라이콜, 메틸하이드로제네이티드로지네이트, 다이프로필렌글라이콜, 다이스타치포스페이트, 다이카프릴릴카보네이트, 세테아릴알코올, 나이아신아마이드, 펜틸렌글라이콜, 폴리글리세릴-3메틸글루코오스다이스테아레이트, 1,2-헥산다이올, 클로렐라 불가리스추출물, 백미꽃추출물, 타라열매추출물, 접시꽃추출물, 코토니추출물, 스위트아몬드추출물, 소듐하이알루로네이트, 비스-다이글리세릴폴리아실아디페이트-2, 옥틸도데칸올, 하이드록시에틸아크릴레이트/소듐아크릴로일다이메틸타우레이트코폴리머, C12-15알킬벤조에이트, 다이메티콘, 하이드록시아세토페논, 글루코오스, 하이드롤라이즈드디엔에이, 아크릴레이트/C10-30알킬아크릴레이트크로스폴리머, 트로메타민, 프룩토올리고사카라이드, 프룩토오스, 판테놀, 세테아릴글루코사이드, 아데노신, 소듐파이테이트, 토코페롤, 에틸헥실글리세린, 트레할로오스, 우레아, 글리세릴폴리아크릴레이트, 세린, 카프릴릴글라이콜, 알진, 풀루란, 다이소듐포스페이트, 포타슘포스페이트
[리쥬란 힐러 턴오버 앰플 듀얼 이펙트]  서양산딸기잎추출물, 스페인감초뿌리추출물, 포트마리골드꽃추출물, 알로에베라잎즙, 로우스위트블루베리추출물, 검은뽕나무열매추출물, 알부틴, 부틸렌글라이콜, 글리세린, 폴리솔베이트20, 하이드롤라이즈드디엔에이, 제로틴/하이드롤라이즈드디엔에이, 소듐하이알루로네이트, 카보머, 잔탄검, 아데노신, 토코페릴아세테이트, 나이아신아마이드, 비사보롤, 피이지-6, 정제수, 카프릴릴글라이콜, 에틸헥실글리세린, 헥실렌글라이콜, 1,2-헥산다이올, 다이프로필렌글라이콜, 소듐클로라이드, 트레할로오스, 우레아, 세린, 펜틸렌글라이콜, 글리세릴폴리아크릴레이트, 알진, 풀루란, 다이소듐포스페이트, 포타슘포스페이트, 스쿠알란, 하이드로제네이티드레시틴, 세라마이드엔피, 올레익애씨드, 이눌린라우릴카바메이트, 콜레스테롤"
"A000000204949","[1등 크림/진정흔적] 센텔리안24 마데카 크림 타임 리버스 50ml 더블 기획(+15ml*2)","센텔리안24","50.0","65.0","ml","76000","34900","5369.2","정제수*, 다이프로필렌글라이콜*, 하이드로제네이티드폴리데센, 카프릴릭/카프릭트라이글리세라이드, 글리세린, 글리세릴스테아레이트, 펜타에리스리틸테트라에틸헥사노에이트, 나이아신아마이드*, 사이클로헥사실록세인, 세틸알코올, 폴리글리세릴-6다이스테아레이트, 비닐다이메티콘, 다이카프릴릴에터, 병풀단백질추출물, 아시아티코사이드*, 아시아틱애씨드*, 마데카식애씨드(4,800 ppm)*, 병풀오일, 병풀아미노산, 마데카소사이드, 아스코빌아시아테이트, 병풀폴리펩타이드, 하이드롤라이즈드하이알루로닉애씨드, 하이드롤라이즈드병풀추출물, 병풀추출물, 병풀잎추출물*, 라케모사승마뿌리추출물*, 흰무늬엉겅퀴추출물*, 마카뿌리추출물*, 마카다미아씨오일*, 돌콩오일*, 하이드로제네이티드레시틴*, 소듐하이알루로네이트, 폴리글리세릴-10라우레이트, 스테아릴알코올, 비즈왁스, 소듐스테아로일글루타메이트, 판테놀, 자일리틸글루코사이드*, 하이드록시에틸아크릴레이트/소듐아크릴로일다이메틸타우레이트코폴리머, 호호바에스터*, 안하이드로자일리톨*, 부틸렌글라이콜*, 폴리글리세릴-3비즈왁스, 1,2-헥산다이올*, 하이드록시아세토페논, 자일리톨*, 메틸프로판다이올*, 알란토인, 프로판다이올*, 칸디다 봄비콜라/글루코오스/메틸레이프씨데이트발효물*, 잔탄검, 에톡시다이글라이콜*, 다이소듐이디티에이, 글루코오스*, 아데노신, 솔비탄아이소스테아레이트, 에틸헥실글리세린, 소듐라우레이트, 사이클로덱스트린*, 라우릭애씨드, 소듐폴리아크릴레이트, 피브이엠/엠에이코폴리머, 옥틸도데칸올*, 글라이코리피드*, 카페인*, C12-13파레스-9*, 콜라겐아미노산, 세라마이드엔피, 레스베라트롤*, 알지닌*, 글라이코젠, 엑토인, 타우린*, 하이드롤라이즈드엘라스틴, 레티놀*, 말토덱스트린*, 피토스핑고신, 수크로오스다이스테아레이트*, 소듐디엔에이, 사이아노코발아민*, 글라이신, 글루타믹애씨드, 해바라기씨왁스*, 폴리글리세린-3*, 토코페롤*, 쓴쑥추출물, 바닐라열매추출물, 올리브오일, 오렌지오일, 필리핀오렌지껍질오일, 라벤더오일, 베르가모트오일, 로즈마리잎오일, 오렌지껍질오일, 리씨열매오일, 연필향나무오일, 왕귤껍질오일, 아틀라스시다나무껍질오일, 센티드제라늄꽃오일, 커먼자스민오일, 마텔오일, 장미꽃오일, 갈바눔수지오일, 발삼코파이바수지, 리모넨, 리날룰, 시트랄 (*활성-TECATM)"
"A000000224147","[최다증정|기프트] 바이오힐보 프로바이오덤 3D리프팅 스킨케어 3종세트(토너+에멀전+크림)","바이오힐보","","","","93000","62900","","[에센셜 토너]
정제수, 글리세린, 글리세레스-26, 부틸렌글라이콜, 펜틸렌글라이콜, 폴리글리세린-3, 락토바실러스발효용해물, 락토바실러스발효물, 프룩토올리고사카라이드, 프룩탄, 이눌린, 판테놀, 베타인, 베타-글루칸, 아데노신, 사포닌, 수용성프로테오글리칸, 노나펩타이드-1, 아세틸테트라펩타이드-9, 아세틸테트라펩타이드-5, 아세틸헥사펩타이드-1, 아세틸헥사펩타이드-8, 팔미토일트라이펩타이드-8, 다이펩타이드다이아미노부티로일벤질아마이드다이아세테이트, 카퍼트라이펩타이드-1, 트라이펩타이드-1, 팔미토일테트라펩타이드-7, 팔미토일트라이펩타이드-1, 팔미토일트라이펩타이드-5, 팔미토일펜타펩타이드-4, 팔미토일헥사펩타이드-12, 펜타펩타이드-3, 헥사펩타이드-9, 올리고펩타이드-2, 실버위드추출물, 무화과추출물, 병풀추출물, 귀리커넬추출물, 아티초크잎추출물, 메도우폼씨오일, 하이드로제네이티드레시틴, 녹차수, C12-14파레스-12, 아크릴레이트/C10-30알킬아크릴레이트크로스폴리머, 트로메타민, 에틸헥실글리세린, 폴리글리세릴-10스테아레이트, 암모늄아크릴로일다이메틸타우레이트/브이피코폴리머, 다이포타슘글리시리제이트, 메틸프로판다이올, 1,2-헥산다이올, 소듐파이테이트, 글리세릴폴리메타크릴레이트, 폴리쿼터늄-51, 세라마이드엔피, 말토덱스트린, 토코페롤, 프로판다이올, 알진, 바이오사카라이드검-4, 잔탄검, 수크로오스다이스테아레이트, 카프릴릭/카프릭트라이글리세라이드, 소듐포스페이트, 카프릴릴글라이콜, 하이드록시프로필사이클로덱스트린, 미네랄솔트, 덱스트란, 다이소듐포스페이트, 향료

[에멀전]
정제수, 락토바실러스발효용해물, 부틸렌글라이콜, 글리세린, 1,2-헥산다이올, 옥틸도데실미리스테이트, 카프릴릴메티콘, 하이드로제네이티드폴리(C6-14올레핀), 베타인, 락토바실러스발효물, 프룩토올리고사카라이드, 프룩탄, 이눌린, 판테놀, 베타-글루칸, 아데노신, 사포닌, 수용성프로테오글리칸, 노나펩타이드-1, 아세틸테트라펩타이드-9, 아세틸테트라펩타이드-5, 아세틸헥사펩타이드-1, 아세틸헥사펩타이드-8, 팔미토일트라이펩타이드-8, 다이펩타이드다이아미노부티로일벤질아마이드다이아세테이트, 카퍼트라이펩타이드-1, 트라이펩타이드-1, 팔미토일테트라펩타이드-7, 팔미토일트라이펩타이드-1, 팔미토일트라이펩타이드-5, 팔미토일펜타펩타이드-4, 팔미토일헥사펩타이드-12, 펜타펩타이드-3, 헥사펩타이드-9, 올리고펩타이드-2, 참마뿌리추출물, 펜틸렌글라이콜, 폴리글리세릴-3메틸글루코오스다이스테아레이트, 글리세릴스테아레이트, 세틸에틸헥사노에이트, 비스-다이글리세릴폴리아실아디페이트-2, 카프릴릭/카프릭트라이글리세라이드, 비닐다이메티콘, 하이드록시에틸아크릴레이트/소듐아크릴로일다이메틸타우레이트코폴리머, 팔미틱애씨드, 스테아릭애씨드, 다이메티콘올, 에틸헥실글리세린, 카보머, 잔탄검, 하이드로제네이티드채종유, 트로메타민, 솔비탄아이소스테아레이트, 말토덱스트린, 프로판다이올, 알진, 바이오사카라이드검-4, 세테아릴글루코사이드, 세테아릴알코올, 소듐폴리아크릴레이트, 소듐스테아로일글루타메이트, 토코페롤, 미네랄솔트, 하이드롤라이즈드옥수수전분, 소듐포스페이트, 카프릴릴글라이콜, 수크로오스, 덱스트란, 다이소듐포스페이트, 향료

[크림}
정제수, 락토바실러스발효용해물, 글리세린, 카프릴릭/카프릭트라이글리세라이드, 다이아이소스테아릴말레이트, 세테아릴알코올, 세테아릴올리베이트, 락토바실러스발효물, 프룩토올리고사카라이드, 프룩탄, 이눌린, 판테놀, 베타인, 베타-글루칸, 아데노신, 사포닌, 수용성프로테오글리칸, 아세틸테트라펩타이드-5, 노나펩타이드-1, 아세틸테트라펩타이드-9, 아세틸헥사펩타이드-1, 아세틸헥사펩타이드-8, 팔미토일트라이펩타이드-8, 다이펩타이드다이아미노부티로일벤질아마이드다이아세테이트, 카퍼트라이펩타이드-1, 트라이펩타이드-1, 팔미토일테트라펩타이드-7, 팔미토일트라이펩타이드-1, 팔미토일트라이펩타이드-5, 팔미토일펜타펩타이드-4, 팔미토일헥사펩타이드-12, 펜타펩타이드-3, 헥사펩타이드-9, 올리고펩타이드-2, 다시마추출물, 한련초잎추출물, 맥아추출물, 오일팜오일, 하이드로제네이티드레시틴, 폴리글리세린-3, 폴리메틸실세스퀴옥세인, 피토스테릴/베헤닐/옥틸도데실라우로일글루타메이트, 솔비탄올리베이트, 스테아릴다이메티콘, 1,2-헥산다이올, 부틸렌글라이콜, 비닐다이메티콘, 암모늄아크릴로일다이메틸타우레이트/브이피코폴리머, 하이드록시에틸아크릴레이트/소듐아크릴로일다이메틸타우레이트코폴리머, 다이메티콘/비닐다이메티콘크로스폴리머, 하이드록시아세토페논, 옥타데센, 칸데릴라왁스, 다이프로필렌글라이콜, 폴리아크릴레이트-13, 에틸헥실글리세린, 잔탄검, 글리세릴아크릴레이트/아크릴릭애씨드코폴리머, 하이드로제네이티드폴리아이소부텐, 솔비탄아이소스테아레이트, 폴리글리세릴-10미리스테이트, 다이소듐이디티에이, 폴리글리세릴-10라우레이트, 에틸헥실팔미테이트, 하이드롤라이즈드하이알루로닉애씨드, 사이아노코발아민, 알지닌, 카보머, 말토덱스트린, 토코페롤, 프로판다이올, 소듐포스페이트, 카프릴릴글라이콜, 알진, 바이오사카라이드검-4, 덱스트란, 미네랄솔트, 다이소듐포스페이트, 향료

[아이앤링클크림]
정제수, 락토바실러스발효용해물, 글리세린, 카프릴릭/카프릭트라이글리세라이드, 다이아이소스테아릴말레이트, 세테아릴알코올, 세테아릴올리베이트, 락토바실러스발효물, 프룩토올리고사카라이드, 프룩탄, 이눌린, 판테놀, 베타인, 베타-글루칸, 아데노신, 사포닌, 수용성프로테오글리칸, 아세틸테트라펩타이드-5, 노나펩타이드-1, 아세틸테트라펩타이드-9, 아세틸헥사펩타이드-1, 아세틸헥사펩타이드-8, 팔미토일트라이펩타이드-8, 다이펩타이드다이아미노부티로일벤질아마이드다이아세테이트, 카퍼트라이펩타이드-1, 트라이펩타이드-1, 팔미토일테트라펩타이드-7, 팔미토일트라이펩타이드-1, 팔미토일트라이펩타이드-5, 팔미토일펜타펩타이드-4, 팔미토일헥사펩타이드-12, 펜타펩타이드-3, 헥사펩타이드-9, 올리고펩타이드-2, 다시마추출물, 한련초잎추출물, 맥아추출물, 오일팜오일, 하이드로제네이티드레시틴, 폴리글리세린-3, 폴리메틸실세스퀴옥세인, 피토스테릴/베헤닐/옥틸도데실라우로일글루타메이트, 솔비탄올리베이트, 스테아릴다이메티콘, 1,2-헥산다이올, 부틸렌글라이콜, 비닐다이메티콘, 암모늄아크릴로일다이메틸타우레이트/브이피코폴리머, 하이드록시에틸아크릴레이트/소듐아크릴로일다이메틸타우레이트코폴리머, 다이메티콘/비닐다이메티콘크로스폴리머, 하이드록시아세토페논, 옥타데센, 칸데릴라왁스, 다이프로필렌글라이콜, 폴리아크릴레이트-13, 에틸헥실글리세린, 잔탄검, 글리세릴아크릴레이트/아크릴릭애씨드코폴리머, 하이드로제네이티드폴리아이소부텐, 솔비탄아이소스테아레이트, 폴리글리세릴-10미리스테이트, 다이소듐이디티에이, 폴리글리세릴-10라우레이트, 에틸헥실팔미테이트, 하이드롤라이즈드하이알루로닉애씨드, 사이아노코발아민, 알지닌, 카보머, 말토덱스트린, 토코페롤, 프로판다이올, 소듐포스페이트, 카프릴릴글라이콜, 알진, 바이오사카라이드검-4, 덱스트란, 미네랄솔트, 다이소듐포스페이트, 향료

[크림마스크] 
정제수, 글리세린, 메틸프로판다이올, 카프릴릭/카프릭트라이글리세라이드, 세틸에틸헥사노에이트, 다이프로필렌글라이콜, 락토바실러스발효물, 소듐디엔에이, 아데노신, 하이드롤라이즈드콜라겐, 풀루란, 헥사펩타이드-2, 아세틸헥사펩타이드-8, 아세틸옥타펩타이드-3, 아세틸테트라펩타이드-2, 아세틸테트라펩타이드-3, 아세틸테트라펩타이드-5, 아세틸테트라펩타이드-9, 팔미토일트라이펩타이드-1, 아스코빅애씨드폴리펩타이드, 카퍼트라이펩타이드-1, 노나펩타이드-1, 팔미토일펜타펩타이드-4, 팔미토일트라이펩타이드-5, 팔미토일테트라펩타이드-7, 아세틸다이펩타이드-1세틸에스터, 다이펩타이드다이아미노부티로일벤질아마이드다이아세테이트, 카르노신, 판테놀, 세라마이드엔피, 하이드록시아세토페논, 폴리글리세릴-6스테아레이트, 세테아릴올리베이트, 부틸렌글라이콜, 1,2-헥산다이올, 솔비탄올리베이트, 암모늄아크릴로일다이메틸타우레이트/브이피코폴리머, 아크릴레이트/C10-30알킬아크릴레이트크로스폴리머, 알란토인, 카페인, 폴리메틸실세스퀴옥세인, 트레할로오스, 트로메타민, 프로판다이올, 에틸헥실글리세린, 카프릴릴글라이콜, 잔탄검, 폴리글리세릴-6베헤네이트, 폴리글리세릴-10아이소스테아레이트, 녹두싹추출물, 밀싹추출물, 폴리글리세릴-10올리에이트, 인도멀구슬나무꽃추출물, 홀리바질잎추출물, 브로콜리싹추출물, 소듐파이테이트, 하이드로제네이티드폴리아이소부텐, 인도멀구슬나무잎추출물, 울금뿌리추출물, 참산호말추출물, 사이아노코발아민, 백미꽃추출물, 접시꽃추출물, 베타인, 토코페롤, 프룩토올리고사카라이드, 베타-글루칸, 프룩탄, 솔비탄라우레이트, 펜틸렌글라이콜, 허니로커스트씨추출물, 카보머, 하이드록시에틸셀룰로오스, 이눌린, 소듐락테이트, 폴리솔베이트20, 글리세릴카프릴레이트, 하이드로제네이티드레시틴, 콜레스테롤, 키토산, 바이오틴, 향료"
"A000000184198","[손상/장벽 리페어] 아벤느 시칼파트 플러스 SOS 리페어 크림 100ml 2입 기획","아벤느","100.0","200.0","ml","55000","37900","1895.0","온천수 (아벤느 온천수), 카프릴릭/카프릭트라이글리세라이드, 미네랄오일, 글리세린, 하이드로제네이티드식물성오일, 징크옥사이드, 프로필렌글라이콜, 폴리글리세릴-2세스퀴이소스테아레이트, 피이지-22/도데실글라이콜코폴리머, 아쿠아필루스 돌로미아이발효여과물, 마그네슘스테아레이트, 비즈왁스, 마이크로크리스탈린왁스, 알루미늄스테아레이트, 카퍼설페이트, 마그네슘설페이트, 징크설페이트, 알지닌, 트로메타민"
"A000000192105","[227만개판매] CKD 레티노콜라겐 저분자 300 괄사 목주름 크림 50ml 1+1 기획","CKD","50.0","100.0","ml","45000","28900","2890.0","정제수, 글리세린, 카프릴릭/카프릭트라이글리세라이드, 부틸렌글라이콜, 펜틸렌글라이콜, 나이아신아마이드, 1,2-헥산다이올, 세테아릴올리베이트, 하이드로제네이티드폴리아이소부텐, 솔비탄올리베이트, 카프릴릴메티콘, 다이아이소스테아릴말레이트, 에리스리톨, 글리세릴스테아레이트, 폴리글리세릴-3메틸글루코오스다이스테아레이트, 비닐다이메티콘, 세테아릴알코올, 클로렐라 불가리스추출물, 글루코오스, 암모늄아크릴로일다이메틸타우레이트/브이피코폴리머, 카보머, 프룩토올리고사카라이드, 프룩토오스, 인도멀구슬나무꽃추출물, 홀리바질잎추출물, 팔미틱애씨드, 에틸헥실글리세린, 다이포타슘글리시리제이트, 스테아릭애씨드, 아데노신, 인도멀구슬나무잎추출물, 베르가모트오일, 하이드로제네이티드레시틴, 라벤더오일, 울금뿌리추출물, 레틴알(200ppm), 소듐파이테이트, 참산호말추출물, 클레리오일, 하이드롤라이즈드콜라겐(75ppm), 세라마이드엔피, 덱스트린, 카카오씨추출물, 글라이신, 세린, 글루타믹애씨드, 다이프로필렌글라이콜, 트로메타민, 백미꽃추출물, 아스파틱애씨드, 류신, 알라닌, 라이신, 알지닌, 타이로신, 페닐알라닌, 프롤린, 트레오닌, 발린, 아이소류신, 히스티딘, 시스테인, 메티오닌, 접시꽃추출물, 하이알루로닉애씨드, 토코페롤, 카프릴릴/카프릴글루코사이드, 헥사펩타이드-2, 하이드롤라이즈드엘라스틴, 바이오틴, 리모넨, 리날룰"
"A000000229498","[김고은PICK] [1+1] 크리니크 쏙보습크림 50ml 기획/단품","크리니크","50.0","100.0","ml","49000","41650","4165.0","모이스춰 써지 100시간 오토-리플레니싱 하이드레이터 전성분 :정제수,다이메티콘,부틸렌글라이콜,글리세린,트라이실록세인,트레할로오스,수크로오스,암모늄아크릴로일다이메틸타우레이트/브이피코폴리머,하이드록시에틸우레아,녹차추출물,흰무늬엉겅퀴추출물,만주자작나무껍질추출물,효모용해추출물,알로에베라잎수,알로에베라잎추출물,테르무스 테르모필루스발효물,카페인,솔비톨,팔미토일헥사펩타이드-12,소듐하이알루로네이트,카프릴릴글라이콜,올레스-10,소듐폴리아스파테이트,알로에베라잎폴리사카라이드,락토바실러스발효용해물,사카라이드아이소머레이트,하이드로제네이티드레시틴,토코페릴아세테이트,아크릴레이트/C10-30알킬아크릴레이트크로스폴리머,글리세릴폴리메타크릴레이트,트로메타민,피이지-8,헥실렌글라이콜,마그네슘아스코빌포스페이트,시트릭애씨드,비에이치티,다이소듐이디티에이,소듐시트레이트,포타슘솔베이트,소듐벤조에이트,페녹시에탄올,적색504호,황색4호iln48715/iln48715"
"A000000255499","[2주만에기미감소16%] 쿠피 멜라스마 클리어 트라넥삼산 레몬수 기미크림 50ml","쿠피","50.0","50.0","ml","32000","25600","5120.0","레몬수, 정제수, 다이프로필렌글라이콜, 트라넥사믹애씨드, 글리세린, 올리브오일, 나이아신아마이드, 1,2-헥산다이올, 폴리솔 베이트60, 트라이에틸헥사노인, 스테아릭애씨드, 티타늄디옥사 이드, 카프릴릭/카프릭트라이글리세라이드, 세테아릴알코올, 잇꽃씨 오일, 다이메티콘, 수크로오스테트라아이소스테아레이트, 글리세릴 스테아레이트, 알부틴, 아크릴레이트/C10-30알킬아크릴레이트 크로스폴리머, 폴리글리세릴-4아이소스테아레이트, 폴리글리세릴-4카프레이트, 소듐폴리아크릴로일다이메틸타우레이트, 알지닌, 알란토인, 비사보롤, 하이드록시아세토페논, 하이드로제네이티드 폴리데센, 글루코오스, 아데노신, 트라이에톡시카프릴릴실레인, 알루미늄하이드록사이드, 부틸렌글라이콜, 카프릴릴글라이콜, 타마 린드씨검, 소듐폴리글루타메이트, 소듐하이알루로네이트, 폴릭애씨드, 아라키딕애씨드, 팔미틱애씨드, 하이드로제네이티드레시틴, 트라이데세스-10, 살리실릭애씨드, 아스코빅애씨드, 올레익애씨드, 하이드록시데실유비퀴논, 베타-글루칸, 에틸헥실글리세린, 디엔에이, 페녹시에탄올, 마카다미아씨추출물, 블랙커민씨추출물, 멕시칸치아씨추출물, 드럼스틱씨추출물, 잇꽃씨추출물, 마데카소사이드, 아시아티코사이드, 아시아틱애씨드, 마데카식애씨드, 카보머, 포타슘 솔베이트, 소듐메타바이설파이트, 바이오틴"
"A000000250254","[화잘먹/100시간수분] 아이소이 모이스춰 닥터 장수진 수분크림 50ml 1+1 기획 (+20ml)","아이소이","50.0","70.0","ml","31500","26790","3827.1","정제수, 글리세린, 세틸에틸헥사노에이트, 카프릴릭/카프릭트라이글리세라이드, 베타인, 마카다미아씨오일, 소듐하이알루로네이트, 하이드롤라이즈드하이알루로닉애씨드, 하이알루로닉애씨드, 소듐하이알루로네이트크로스폴리머, 하이드롤라이즈드글라이코사미노글리칸, 티트리잎추출물, 쇠비름추출물, 약모밀추출물(어성초추출물), 판테놀, 피토스핑고신, 세라마이드엔피, 알지닌, 카보머, 흰버드나무껍질추출물, 오레가노잎추출물, 편백잎추출물, 락토바실러스/콩발효추출물, 육계나무껍질추출물, 잔탄검, 솔비탄세스퀴올리에이트, 자몽껍질오일, 부틸렌글라이콜, 1,2-헥산다이올, 프로판다이올, 포트마리골드꽃추출물, 황금추출물, 모란뿌리추출물, 스페인감초뿌리추출물, 하이드로제네이티드레시틴, 리모넨※ ※자연유래 에센셜 오일에 원래 포함된 성분입니다"
"A000000212690","브링그린 대나무 히알루 수분 부스팅 크림 100ml (2입기획/단품)","브링그린","100.0","200.0","ml","19000","17100","855.0","■ 정제수,글리세린,부틸렌글라이콜,1,2-헥산다이올,베타인,세틸에틸헥사노에이트,프로판다이올,하이드록시에틸아크릴레이트/소듐아크릴로일다이메틸타우레이트코폴리머,세테아릴알코올,왕대수액,메틸트라이메티콘,알란토인,암모늄아크릴로일다이메틸타우레이트/브이피코폴리머,에틸헥실글리세린,솔비탄아이소스테아레이트,글리세릴아크릴레이트/아크릴릭애씨드코폴리머,피브이엠/엠에이코폴리머,다이프로필렌글라이콜,다이소듐이디티에이,소듐하이알루로네이트,엑토인,하이알루로닉애씨드,하이드롤라이즈드하이알루로닉애씨드,스쿠알란,글리세릴글루코사이드,폴리글리세릴-10라우레이트,포스파티딜콜린,왕대추출물,세라마이드엔피,레스베라트롤,소듐아세틸레이티드하이알루로네이트,베타-시토스테롤"
"A000000249736","[색소침착/기미톤업제] 동국제약 멜라-셋 기미 토닝 크림 35g","동국제약","35.0","35.0","g(약 1ml 상당으로 근사)","36000","19900","5685.7","멜라셋 기미 토닝 크림
정제수, 세틸에틸헥사노에이트, 글리세린, 알부틴, 부틸렌글라이콜, 1,2-헥산다이올, 알파-알부틴, 다이메티콘, 세테아릴알코올, 다이카프릴릴카보네이트, 베타인, 세테아릴올리베이트, 메틸트라이메티콘, 솔비탄올리베이트, 폴리솔베이트60, 폴리아크릴레이트-13, 피이지-100스테아레이트, 글리세릴스테아레이트, 솔비탄세스퀴올리에이트, 카보머, 트로메타민, 폴리아이소부텐, 다이메티콘/비닐다이메티콘크로스폴리머, 하이드로제네이티드레시틴, 토코페롤, 판테놀, 프로판다이올, 스핑고모나스발효추출물, 에틸헥실글리세린, 폴리솔베이트20, 솔비탄아이소스테아레이트, 다이소듐이디티에이, 나이아신아마이드, 트라넥사믹애씨드, 폴리글리세릴-10올리에이트, 레시틴, 엑토인, 폴리글리세릴-10라우레이트, 폴리글리세릴-4카프레이트, 바쿠치올, 마데카식애씨드, 비파나무잎추출물, 아시아티코사이드, 비타민나무열매추출물, 아시아틱애씨드, 스피어민트추출물, 폴리글리세릴-10스테아레이트, 소듐아스코빌포스페이트, 피리독신, 바이오틴, 사이아노코발아민, 티아민에이치씨엘, 리보플라빈, 베타-카로틴"
"A000000222703","[수지 PICK / 수분광채크림] 아누아 피디알엔 히알루론산 100 수분 크림 60mL 기획 (+30mL)","아누아","60.0","90.0","ml","32000","19500","2166.7","정제수, 스쿠알란, 글리세린, 나이아신아마이드, 펜틸렌글라이콜, 1,2-헥산다이올, 소듐디엔에이, 하이드롤라이즈드콜라겐, 소듐하이알루로네이트, 인도멀구슬나무잎추출물, 하이드롤라이즈드하이알루로닉애씨드, 인도멀구슬나무꽃추출물, 아이비고드열매추출물, 하이알루로닉애씨드, 알로에베라꽃추출물, 가지열매추출물, 홀리바질잎추출물, 참산호말추출물, 울금뿌리추출물, 병풀잎추출물, 다이페닐실록시페닐트라이메티콘, 피씨에이다이메티콘, 부틸렌글라이콜, 프로판다이올, 암모늄아크릴로일다이메틸타우레이트/브이피코폴리머, 다이글리세린, 하이드록시에틸아크릴레이트/소듐아크릴로일다이메틸타우레이트코폴리머, 아크릴레이트/C10-30알킬아크릴레이트크로스폴리머, C12-20알킬글루코사이드, 메틸프로판다이올, 에틸헥실글리세린, 아데노신, 소듐파이테이트, 아미노메틸프로판다이올, 피브이엠/엠에이코폴리머, 마데카소사이드, C12-13알케스-9, 다이메틸실란올하이알루로네이트, 하이드롤라이즈드소듐하이알루로네이트, 아시아티코사이드, 포타슘하이알루로네이트, 하이드록시프로필트라이모늄하이알루로네이트, 소듐하이알루로네이트크로스폴리머, 소듐하이알루로네이트다이메틸실란올, 소듐아세틸레이티드하이알루로네이트, 베헤닐알코올, C14-22알코올, 카보머"
"A000000248200","[2700만개 판매] 유세린 하이알루론 3X 나이트크림 50ml 기획 (+나이트크림7ml*2)","유세린","50.0","57.0","ml","68000","36900","6473.7","정제수,글리세린,시어버터,아이소프로필팔미테이트,판테놀,스테아릴알코올,글리세릴스테아레이트시트레이트,옥틸도데칸올,하이드로제네이티드코코-글리세라이즈,카프릴릭/카프릭트라이글리세라이드,세틸알코올,부틸렌글라이콜,하이드록시프로필스타치포스페이트,베헤닐알코올,다이메티콘,토코페롤,다이스타치포스페이트,1,2-헥산다이올,향료,페녹시에탄올,소듐하이알루로네이트(0.25%),카프릴릴글라이콜,트라이소듐이디티에이,잔탄검,글리시레티닉애씨드,돌콩배아추출물,판토락톤,시트릭애씨드"
"A000000228257","더마팩토리 트라넥삼산 6% 크림 30ml","더마팩토리","30.0","30.0","ml","","8000","2666.7","비타민나무수, 트라넥사믹애씨드, 옥틸도데칸올, 다이프로필렌글라이콜, 글리세린, 1,2-헥산다이올, 부틸렌글라이콜, 나이아신아마이드, 해바라기씨오일, 카프릴릴메티콘, 세테아릴올리베이트, 솔비탄올리베이트, 폴리메틸실세스퀴옥세인, 폴리글리세릴-10베헤네이트/에이코사디오에이트, 암모늄아크릴로일다이메틸타우레이트/브이피코폴리머, 하이드록시에틸아크릴레이트/소듐아크릴로일다이메틸타우레이트코폴리머, 돌콩오일, 한련초추출물, 에틸헥실글리세린, 정제수, 잔탄검, 솔비탄아이소스테아레이트, 향료, 다이소듐이디티에이, 인도멀구슬나무잎추출물, 아나토씨오일, 드럼스틱씨오일, 토코페롤"
"A000000209747","제로이드 수딩 크림 80ml","제로이드","80.0","80.0","ml","30000","27000","3375.0","정제수, 글리세린, 프로판다이올, 카프릴릭/카프릭트라이글리세라이드, 솔비탄스테아레이트, 세테아릴알코올, 잇꽃씨오일, 글리세릴스테아레이트, 스테아릭애씨드, 다이메티콘, 미리스토일/팔미토일옥소스테아라마이드/아라카마이드엠이에이, 메틸카프로오일타이로지네이트, 피토스테롤, 토코페릴아세테이트, 비사보롤, 잔탄검, 소듐하이알루로네이트, 카보머, 알지닌, 1,2-헥산다이올, 카프릴릴글라이콜, 트로폴론"
"A000000255949","[단독/증정기획] 헤브블루 살몬 케어링 센텔라 크림 100ml 기획 (+버블 클렌저 30ml)","헤브블루","100.0","130.0","ml","39900","26800","2061.5","병풀잎수(625,219 PPM), 부틸렌글라이콜, 글리세린, 카프릴릭/카프릭트라이글리세라이드, 하이드로제네이티드폴리(C6-14올레핀), 정제수, 프로판다이올, 다이프로필렌글라이콜, 펜타에리스리틸테트라에틸헥사노에이트, 1,2-헥산다이올, 사이클로헥사실록세인, 해바라기씨오일, 세테아릴올리베이트, 솔비탄올리베이트, 암모늄아크릴로일디메칠타우레이트/브이피 코폴리머, 아크릴레이트/C10-30알킬아크릴레이트크로스폴리머, 트로메타민, 연어알추출물(1,500 PPM), 소듐폴리아크릴레이트, 베타인, 판테놀, 녹차수, 소듐하이알루로네이트, 에틸헥실글리세린, 잔탄검, 아데노신, 다이소듐이디티에이, 덱스트린, 쇠비름추출물, 하이드롤라이즈드콜라겐, 카카오추출물, 토코페롤, 하이알루로닉애씨드, 마데카소사이드, 소듐디엔에이, 말토덱스트린, 아보카도열매추출물, 하이드롤라이즈드하이알루로닉애씨드"
"A000000249895","[10년연속1위] 유세린 하이알루론 3X 아이크림 15ml","유세린","15.0","15.0","ml","53000","35900","23933.3","정제수,글리세린,에칠헥실살리실레이트,부틸렌글라이콜다이카프릴레이트/다이카프레이트,합성비즈왁스,메틸프로판다이올,부틸메톡시디벤조일메탄,에칠헥실트리아존,하이드로제네이티드코코-글리세라이즈,옥틸도데칸올,하이드록시프로필스타치포스페이트,스테아릴알코올,베헤닐알코올,글리세릴스테아레이트시트레이트,세틸팔미테이트,다이스타치포스페이트,비스-에칠헥실옥시페놀메톡시페닐트리아진,페닐벤즈이미다졸설포닉애씨드,1,2-헥산다이올,페녹시에탄올,에틸헥실글리세린,소듐하이알루로네이트(0.23%),카프릴릴글라이콜,소듐하이드록사이드,잔탄검,돌콩배아추출물,글리시레티닉애씨드,트라이소듐이디티에이"
"A000000255677","[수분진정/화잘먹] 메디큐브 PDRN 핑크 히알루로닉 수분크림 100ml 더블기획","메디큐브","100.0","200.0","ml","49000","30000","1500.0","PDRN 수분크림
정제수, 글리세레스-26, 부틸렌글라이콜, 카프릴릭/카프릭트라이글리세라이드, 사이클로펜타실록세인, 1,2-헥산다이올, 나이아신아마이드, 하이드로제네이티드폴리데센, 아이소노닐아이소노나노에이트, 세테아릴올리베이트, 에틸헥실올리베이트, 글리세린, 솔비탄올리베이트, 소듐디엔에이(5,000PPM), 소듐아크릴레이트코폴리머, 소듐폴리아크릴로일다이메틸타우레 이트, 하이드록시에틸아크릴레이트/소듐아크릴로일다이메틸타우레이트코폴리머, 폴리글리세릴-4올리에이트, 다이소듐이디티에이, 베타인, 판테놀, 향료, 에틸헥실글리세린, 아데노신, 솔비탄아이소스테아레이트, 메도우폼씨오일, 글리세릴아크릴레이트/아크릴릭애씨드코폴리머, 시트릭애씨드, 사이아노코발아민, 하이드로제네이티드레시틴, 세테아릴알코올, 스테아릭애씨드, 소듐하이알루로네이트(1.02PPM), 하이드록시프로필트라이모늄하이알루로네이트(0.1PPM), 세라마이드엔피, 꿀풀추출물, 블래더랙추출물, 노니열매추출물, 여주열매추출물, 오크라열매추출물, 세라마이드엔에스, 소듐아세틸레이티드하이알루로네이트(0.01PPM), 하이드롤라이즈드하이알루로닉애씨드(0.01PPM), 병풀잎추출물, 콜레스테롤, 피토스핑고신, 세라마이드에이에스, 세라마이드에이피, 하이알루로닉애씨드(0.0025PPM), 카퍼트라이펩타이드-1, 소듐하이알루로네이트크로스폴리머(0.001PPM), 아세틸헥사펩타이드-8, 팔미토일펜타펩타이드-4, 하이드롤라이즈드소듐하이알루로네이트(0.001PPM), 팔미토일테트라펩타이드-7, 팔미토일트라이펩타이드-1, 포타슘하이알루로네이트(0.0002PPM), 세라마이드이오피"
"A000000254006","쥬베룩 PDLLA 프로텍팅 크림 50ml","쥬베룩","50.0","50.0","ml","34000","29900","5980.0","정제수, 글리세린, 프로판다이올, 판테놀, 펜틸렌글라이콜, 카프릴릭/카프릭트라이글리세라이드, 나이아신아마이드, 1,2-헥산다이올, 세테아릴알코올, 트라이메틸펜타페닐트라이실록세인, 세테아릴올리베이트, 하이드롤라이즈드콜라겐(1ppb), 하이드롤라이즈드하이알루로닉애씨드, 해마토코쿠스 플루비알리스오일, 칸디다 봄비콜라/글루코오스/메틸레이프씨데이트발효물, 살구씨오일, 아텔로콜라겐(0.01ppb), 다이메티콘, 솔비탄올리베이트, 글리세릴스테아레이트, 트로메타민, 팔미틱애씨드, 스테아릭애씨드, 에틸헥실글리세린, 아데노신, 폴리락틱애씨드(10,000ppb), 토코페롤, 암모늄아크릴로일다이메틸타우레이트/브이피코폴리머, 에피갈로카테킨갈레이트, 레스베라트롤, 부틸렌글라이콜, 아스타잔틴, 쿼세틴, 아세틸헥사펩타이드-8, 아스코빅애씨드폴리펩타이드, 아세틸옥타펩타이드-3, 아세틸테트라펩타이드-2, 아세틸테트라펩타이드-3, 아세틸테트라펩타이드-5, 아세틸테트라펩타이드-9, 카르노신, 카퍼트라이펩타이드-1, 노나펩타이드-1, 팔미토일펜타펩타이드-4, 팔미토일트라이펩타이드-1, 팔미토일트라이펩타이드-5, 카보머, 잔탄검"
"A000000218592","[한정기획/강력진정크림] 닥터자르트 시카페어 인텐시브 수딩 리페어 크림 50ml 1+1 기획","닥터자르트","50.0","100.0","ml","50000","34900","3490.0","정제수, 다이프로필렌글라이콜, 세테아릴알코올, 프로판다이올, 폴리글리세릴-3메틸글루코오스다이스테아레이트, 피토스테릴이소스테아릴다이머디리놀리에이트, 부틸렌글라이콜, 카프릴릭/카프릭트라이글리세라이드, 시어버터, 다이카프릴릴에터, 나이아신아마이드, 글리세릴스테아레이트에스이, 펜틸렌글라이콜, 합성비즈왁스, 다이글리세린, 세틸에틸헥사노에이트, 비닐다이메티콘, 1,2-헥산다이올, 퀸즈랜드넛오일, 카카오추출물, 병풀잎추출물, 세테아릴올리베이트, 글리세린, 알란토인, 아시아티코사이드, 마데카식애씨드, 아시아틱애씨드, 아데노신, 폴리글리세릴-4올리에이트, 소듐스테아로일글루타메이트, 팔미토일트라이펩타이드-8, 솔비탄올리베이트, 하이드록시에틸아크릴레이트/소듐아크릴로일다이메틸타우레이트코폴리머, 잔탄검, 소듐서팩틴, 카보머, 트로메타민, 아이소펜틸다이올, 덱스트린, 덱스트란, 솔비탄아이소스테아레이트, 트라이소듐에틸렌다이아민다이석시네이트, 토코페롤, 페녹시에탄올, 황색4호 (CI 19140), 청색1호 (CI 42090)"
"A000000232494","[단독기획] 아누아 어성초 센텔라 레드 스팟 크림 30g 2입","아누아","30.0","60.0","g(약 1ml 상당으로 근사)","39600","25000","4166.7","정제수, 약모밀꽃/잎/줄기수(7%), 글리세린, 부틸렌글라이콜, 판테놀, 2,3-부탄다이올 다이카프릴릴카보네이트, 메틸트라이메티콘, 나이아신아마이드, 1,2-헥산다이올, 펜틸 렌글라이콜, 스쿠알란, 세테아릴올리베이트, 솔비탄올리베이트, 하이드로제네이티드 올리브오일데실에스터, 칸디다 봄비콜라/글루코오스/메틸레이프씨데이트발효물, 올 리브오일불검화물, 인도멀구슬나무잎추출물, 인도멀구슬나무꽃추출물, 홀리바질잎 추출물, 마카다미아씨오일, 울금뿌리추출물, 참산호말추출물, 솔비톨, 다이페닐실록 시페닐트라이메티콘, 수크로오스폴리스테아레이트, 하이드로제네이티드폴리아이소 부텐, 폴리C10-30알킬아크릴레이트, 스테아릴다이메티콘, 세틸팔미테이트, 아크릴 레이트/C10-30알킬아크릴레이트크로스폴리머, 폴리글리세릴-3다이스테아레이트, 하이드록시에틸아크릴레이트/소듐아크릴로일다이메틸타우레이트코폴리머, 솔비탄 팔미테이트, 아미노메틸프로판다이올, 셀룰로오스, 글리세릴스테아레이트, 소듐아크 릴레이트/소듐아크릴로일다이메틸타우레이트코폴리머, 폴리아이소부텐, 폴리글리세 릴-6카프릴레이트, 하이드로제네이티드레시틴, 에틸헥실글리세린, 폴리글리세릴-4카 프레이트, 아데노신, 소듐파이테이트, 솔비탄아이소스테아레이트, 글리세릴스테아레이 트시트레이트, 베타-시토스테롤, 알란토인, 카프릴릴/카프릴글루코사이드, 솔비탄올리 에이트, 마데카식애씨드(66ppm), 아시아티코사이드(36ppm), 마데카소사이드(36ppm), 피토스테롤, 스테아릭애씨드, 아시아틱애씨드(18ppm), 토코페롤, 세라마이드엔피, 콜레스테롤, 피토스핑고신, 세라마이드엔지, 세라마이드엔에스, 세라마이드에이피, 세라마이드에이에스, 세라마이드이오피, 세테아릴알코올"
"A000000240908","[속건조수분크림] 메디큐브 PDRN 핑크 히알루로닉 수분크림 50ml 더블기획 (+앰플10ml)","메디큐브","50.0","60.0","ml","49000","25000","4166.7","PDRN 수분크림
정제수, 글리세레스-26, 부틸렌글라이콜, 카프릴릭/카프릭트라이글리세라이드, 사이클로펜타실록세인, 1,2-헥산다이올, 나이아신아마이드, 하이드로제네이티드폴리데센, 아이소노닐아이소노나노에이트, 세테아릴올리베이트, 에틸헥실올리베이트, 글리세린, 솔비탄올리베이트, 소듐디엔에이(5,000PPM), 소듐아크릴레이트코폴리머, 소듐폴리아크릴로일다이메틸타우레 이트, 하이드록시에틸아크릴레이트/소듐아크릴로일다이메틸타우레이트코폴리머, 폴리글리세릴-4올리에이트, 다이소듐이디티에이, 베타인, 판테놀, 향료, 에틸헥실글리세린, 아데노신, 솔비탄아이소스테아레이트, 메도우폼씨오일, 글리세릴아크릴레이트/아크릴릭애씨드코폴리머, 시트릭애씨드, 사이아노코발아민, 하이드로제네이티드레시틴, 세테아릴알코올, 스테아릭애씨드, 소듐하이알루로네이트(1.02PPM), 하이드록시프로필트라이모늄하이알루로네이트(0.1PPM), 세라마이드엔피, 꿀풀추출물, 블래더랙추출물, 노니열매추출물, 여주열매추출물, 오크라열매추출물, 세라마이드엔에스, 소듐아세틸레이티드하이알루로네이트(0.01PPM), 하이드롤라이즈드하이알루로닉애씨드(0.01PPM), 병풀잎추출물, 콜레스테롤, 피토스핑고신, 세라마이드에이에스, 세라마이드에이피, 하이알루로닉애씨드(0.0025PPM), 카퍼트라이펩타이드-1, 소듐하이알루로네이트크로스폴리머(0.001PPM), 아세틸헥사펩타이드-8, 팔미토일펜타펩타이드-4, 하이드롤라이즈드소듐하이알루로네이트(0.001PPM), 팔미토일테트라펩타이드-7, 팔미토일트라이펩타이드-1, 포타슘하이알루로네이트(0.0002PPM), 세라마이드이오피

pdrn 앰플
정제수,글리세린,다이프로필렌글라이콜,아이소프로필미리스테이트,글리세레스-26,나이아신아마이드,1,2-헥산다이올,소듐디엔에이,부틸렌글라이콜,폴리글리세린-3,소듐아크릴레이트/소듐아크릴로일다이메틸타우레이트코폴리머,폴리아이소부텐,아크릴레이트/C10-30알킬아크릴레이트크로스폴리머,이리추출물,트로메타민,글리세릴아크릴레이트/아크릴릭애씨드코폴리머,피브이엠/엠에이코폴리머,에틸헥실글리세린,카프릴릴글라이콜,향료,인도멀구슬나무잎추출물,아데노신,카프릴릴/카프릴글루코사이드,솔비탄올리에이트,인도멀구슬나무꽃추출물,소듐하이알루로네이트,다이소듐이디티에이,울금뿌리추출물,사이아노코발아민,하이드롤라이즈드콜라겐,유비퀴논,홀리바질잎추출물,참산호말추출물,팔미토일펜타펩타이드-4,팔미토일트라이펩타이드-1,팔미토일테트라펩타이드-7,카퍼트라이펩타이드-1,아세틸헥사펩타이드-8,연어알추출물,아텔로콜라겐"
"A000000182795","[1+1] 프리메라 알파인 베리 워터리 크림 리필기획/단품","프리메라","","","","41000","28700","","정제수, 글리세린, 부틸렌글라이콜, 스쿠알란, 비스-하이드록시에톡시프로필다이메티콘, 카프릴릭/카프릭/미리스틱/스테아릭트라이글리세라이드, 수크로오스폴리스테아레이트, 나이아신아마이드, 다이카프릴릴에터, 메틸트라이메티콘, 우레아, 펜타에리스리틸테트라에틸헥사노에이트, 1,2-헥산다이올, 글리세릴스테아레이트, 카카오씨버터, 폴리글리세릴-3메틸글루코오스다이스테아레이트, 스테아릭애씨드, 피토스테롤, 팔미틱애씨드, 하이드로제네이티드폴리아이소부텐, 하이드록시에틸아크릴레이트/소듐아크릴로일다이메틸타우레이트코폴리머, 세테아릴알코올, 아크릴레이트/C10-30알킬아크릴레이트크로스폴리머, 잔탄검, 글리세릴카프릴레이트, 트로메타민, 에틸헥실글리세린, 향료, 솔비탄아이소스테아레이트, 다이소듐이디티에이, 리모넨, 마데카소사이드, 서양산딸기추출물(40ppm), 리날룰, 미리스틱애씨드, 아라키딕애씨드, 토코페롤, 야생딸기잎추출물(5ppm), 돌콩오일"
"A000000204600","[윈터 PICK/ 단독기획] AHC 프로 샷 콜라 쥬비네이션 아이크림 포페이스 30ml 기획 (+세럼10ml)","AHC","30.0","40.0","ml","31000","24900","6225.0","[본품 - AHC 프로샷 콜라쥬비네이션 아이크림 포 페이스]
정제수,글리세린,다이프로필렌글라이콜,카프릴릭/카프릭트라이글리세라이드,하이드로제네이티드폴리데센,사이클로헥사실록세인,다이카프릴릴카보네이트,카프릴릭/카프릭/석시닉트라이글리세라이드,세테아릴알코올,글리세릴스테아레이트에스이,세틸알코올,시어버터,펜타에리스리틸스테아레이트/카프레이트/카프릴레이트/아디페이트,세테아릴올리베이트,폴리글리세릴-10미리스테이트,1,2-헥산다이올,솔비탄올리베이트,폴리글리세릴-10라우레이트,다이메티콘/비닐다이메티콘크로스폴리머,향료,폴리아크릴레이트-13,베헤닐알코올,소듐스테아로일글루타메이트,비닐다이메티콘,폴리글리세릴-10스테아레이트,피토스테릴/베헤닐/옥틸도데실라우로일글루타메이트,하이드록시아세토페논,하이드로제네이티드레시틴,하이드로제네이티드폴리아이소부텐,에틸헥실글리세린,아크릴레이트/C10-30알킬아크릴레이트크로스폴리머,잔탄검,프로판다이올,아데노신,에틸헥실팔미테이트,콜레스테롤,다이소듐이디티에이,펜틸렌글라이콜,솔비탄아이소스테아레이트,콜라겐,세라마이드엔피,부틸렌글라이콜,소듐라우레이트,라우릭애씨드,올리고펩타이드-1,베타-알라닐하이드록시프롤릴다이아미노부티로일벤질아마이드,아스파라곱시스 아르마타추출물,토코페롤,헥사펩타이드-11,아세틸테트라펩타이드-9,바쿠치오르다이아이소프로필아디페이트,해바라기씨오일,수용성콜라겐,스쿠알란,뽕나무잎추출물,잇꽃씨오일,알루미늄.마그네슘하이드록사이드스테아레이트,자주개자리추출물,스테비아잎/줄기추출물,하이드록시피나콜론레티노에이트,기가르티나 스텔라타추출물,카프릴릴글라이콜

[증정 - AHC 프로샷 콜라쥬비네이션 리프팅 세럼]
정제수, 글리세린, 프로판다이올, 다이프로필렌글라이콜, 폴리글리세린-3, 1,2-헥산다이올, 펜틸렌글라이콜, 메틸프로판다이올, 판테놀, 다이아이소프로필아디페이트, 마카다미아씨오일, 글리세릴폴리메타크릴레이트, 베타인, 자일리틸글루코사이드, C12-14알케스-12, 4-t-부틸사이클로헥산올, 안하이드로자일리톨, 메틸메타크릴레이트크로스폴리머, 스쿠알란, 하이드로제네이티드폴리데센, 하이드로제네이티드레시틴, 잔탄검, 아크릴레이트/C10-30알킬아크릴레이트크로스폴리머, 소듐폴리아크릴로일다이메틸타우레이트, 폴리글리세릴-3메틸글루코오스다이스테아레이트, 알란토인, 비사보롤, 소듐스테아로일글루타메이트, 트로메타민, 다이에틸헥실시링질리덴말로네이트, 자일리톨, 향료, 스테비아잎/줄기추출물, 시어버터, 에틸헥실글리세린, 소듐하이알루로네이트, 다이포타슘글리시리제이트, 아데노신, 소듐폴리아크릴레이트, 하이드록시피나콜론레티노에이트, 소듐파이테이트, 카프릴릭/카프릭트라이글리세라이드, 토코페롤, 올리고펩타이드-1, 아스파라곱시스 아르마타추출물, 베타-알라닐하이드록시프롤릴다이아미노부티로일벤질아마이드, 헥사펩타이드-11, 아세틸테트라펩타이드-9, 바쿠치올, 해바라기씨오일, 잇꽃씨오일, 뽕나무잎추출물, 자주개자리추출물, 기가르티나 스텔라타추출물, 부틸렌글라이콜, 콜라겐, 콜라겐추출물, 카프릴릴글라이콜, 알지닌, 콜레스테롤, 폴리글리세릴-10라우레이트, 키토산, 포타슘솔베이트, 세라마이드엔피, 하이드롤라이즈드하이알루로닉애씨드, 하이드록시프로필트라이모늄하이알루로네이트, 소듐아세틸레이티드하이알루로네이트, 소듐하이알루로네이트크로스폴리머"
"A000000244987","[1+1/수분흔적크림] 메디힐 마데카소사이드 더마 크림 50+50ml 더블 기획","메디힐","50.0","100.0","ml","39000","24900","2490.0","정제수, 글리세린, 스쿠알란, 카프릴릭/카프릭트라이글리세라이드, 하이드로제네이티드폴리(C6-14올레핀), 다이글리세린, 하이드로제네이티드폴리데센, 나이아신아마이드, 메틸프로판다이올, 펜틸렌글라이콜, 암모늄아크릴로일다이메틸타우레이트/브이피코폴리머, 1,2-헥산다이올, 판테놀, 세테아릴올리베이트, 하이드록시아세토페논, 아크릴레이트/C10-30알킬아크릴레이트크로스폴리머, 아미노메틸프로판다이올, 솔비탄올리베이트, 하이드록시에틸아크릴레이트/소듐아크릴로일다이메틸타우레이트코폴리머, 해바라기씨오일, 피토스테롤, 마데카소사이드(1,000ppm), 하이드로제네이티드폴리아이소부텐, 서양배추출물, 아라키딜알코올, 연필향나무오일, 알란토인, 에틸헥실글리세린, 하이드로제네이티드레시틴, 아데노신, 다마스크장미꽃수, 스테아릭애씨드, 베헤닐알코올, 멜론추출물, 오리스뿌리추출물, 아라키딜글루코사이드, 호호바씨오일, 서양송악잎/줄기추출물, 소듐파이테이트, 부틸렌글라이콜, 광곽향오일, 솔비탄아이소스테아레이트, 하이알루로닉애씨드, 세테아릴알코올, 세라마이드엔피, 불가리스쑥오일, 로즈마리잎오일, 포타슘세틸포스페이트, 카프릴릴글라이콜, 병풀추출물, 베타-글루칸, 글리세릴스테아레이트, 돌콩추출물, 토코페롤, 팔미틱애씨드, 카프릴릴/카프릴글루코사이드, 병풀잎추출물"
"A000000255981","[트러블피부 추천] 제로이드 핌프로브 레드 컨트롤 크림 pH4 80ml 기획 (+ 젤클렌저 25ml)","제로이드","80.0","105.0","ml","","33000","3142.9","●핌프로브 크림 : 정제수, 글리세린, 카프릴릭/카프릭트라이글리세라이드, 호호바씨오일, 세테아릴알코올, 솔비탄스테아레이트, 1,2-헥산다이올, 스테아릭애씨드, 미리스토일/팔미토일옥소스테아라마이드/아라카마이드엠이에이, 글리세릴스테아레이트, 다이메티콘, 폴리글리세릴-6다이스테아레이트, 피토스테롤, 토코페릴아세테이트, 카보머, 호호바에스터, 올레아마이드엠이에이, 아크릴레이트/C10-30알킬아크릴레이트크로스폴리머, 폴리글리세릴-3비즈왁스, 세틸알코올, 암모늄아크릴로일다이메틸타우레이트/브이피코폴리머, 소듐하이알루로네이트, 잔탄검, 카프릴릴글라이콜 ● 젤 클렌저 : 정제수, 데실글루코사이드, 글리세린, 아이소펜틸다이올, 라우릴하이드록시설테인, 포타슘코코일글루타메이트, 소듐메틸코코일타우레이트, 소듐클로라이드, 1,2-헥산다이올, 잔탄검, 살리실릭애씨드, 하이드록시아세토페논, 소듐락테이트, 소듐글루코네이트, 판테놀, o-사이멘-5-올, 다이소듐이디티에이, 징크피씨에이, 미리스토일/팔미토일옥소스테아라마이드/아라카마이드엠이에이"
"A000000206572","[눈가&목주름케어] 바이오힐보 3D 리프팅 아이&링클 크림 25ml (더블/트리플)","바이오힐보","25.0","50.0","ml","35000","24500","4900.0","정제수, 락토바실러스발효용해물, 글리세린, 카프릴릭/카프릭트라이글리세라이드, 다이아이소스테아릴말레이트, 세테아릴알코올, 세테아릴올리베이트, 락토바실러스발효물, 프룩토올리고사카라이드, 프룩탄, 이눌린, 판테놀, 베타인, 베타-글루칸, 아데노신, 사포닌, 수용성프로테오글리칸, 아세틸테트라펩타이드-5, 노나펩타이드-1, 아세틸테트라펩타이드-9, 아세틸헥사펩타이드-1, 아세틸헥사펩타이드-8, 팔미토일트라이펩타이드-8, 다이펩타이드다이아미노부티로일벤질아마이드다이아세테이트, 카퍼트라이펩타이드-1, 트라이펩타이드-1, 팔미토일테트라펩타이드-7, 팔미토일트라이펩타이드-1, 팔미토일트라이펩타이드-5, 팔미토일펜타펩타이드-4, 팔미토일헥사펩타이드-12, 펜타펩타이드-3, 헥사펩타이드-9, 올리고펩타이드-2, 다시마추출물, 한련초잎추출물, 맥아추출물, 오일팜오일, 하이드로제네이티드레시틴, 폴리글리세린-3, 폴리메틸실세스퀴옥세인, 피토스테릴/베헤닐/옥틸도데실라우로일글루타메이트, 솔비탄올리베이트, 스테아릴다이메티콘, 1,2-헥산다이올, 부틸렌글라이콜, 비닐다이메티콘, 암모늄아크릴로일다이메틸타우레이트/브이피코폴리머, 하이드록시에틸아크릴레이트/소듐아크릴로일다이메틸타우레이트코폴리머, 다이메티콘/비닐다이메티콘크로스폴리머, 하이드록시아세토페논, 옥타데센, 칸데릴라왁스, 다이프로필렌글라이콜, 폴리아크릴레이트-13, 에틸헥실글리세린, 잔탄검, 글리세릴아크릴레이트/아크릴릭애씨드코폴리머, 하이드로제네이티드폴리아이소부텐, 솔비탄아이소스테아레이트, 폴리글리세릴-10미리스테이트, 다이소듐이디티에이, 폴리글리세릴-10라우레이트, 에틸헥실팔미테이트, 하이드롤라이즈드하이알루로닉애씨드, 사이아노코발아민, 알지닌, 카보머, 말토덱스트린, 토코페롤, 프로판다이올, 소듐포스페이트, 카프릴릴글라이콜, 알진, 바이오사카라이드검-4, 덱스트란, 미네랄솔트, 다이소듐포스페이트, 향료"
"A000000260203","[한정기획/다크서클커버] 샤이샤이샤이 바나나 PDRN 컨실 아이크림 크림 15g (+ 미니언즈 키캡 키링)","샤이샤이샤이","15.0","15.0","g(약 1ml 상당으로 근사)","26000","19800","13200.0","정제수, 다이메티콘, 티타늄디옥사이드, 글리세린, 부틸렌글라이콜, 1,2-헥산다이올, 나이아신아마이드, 하이드로제네이티드폴리데센, 소듐아크릴레이트/소듐아크릴로일다이메틸타우레이트코폴리머, 피이지-240/에이치디아이코폴리머비스-데실테트라데세스-20에터, 소듐폴리아크릴레이트, 토코페릴아세테이트, 아이소헥사데칸, 하이드록시아세토페논, 판테놀, 알루미늄하이드록사이드, 폴리글리세릴-3폴리다이메틸실록시에틸다이메티콘, 에틸헥실글리세린, 황색산화철, 폴리솔베이트80, 트라이에톡시카프릴릴실레인, 향료, 아데노신, 적색산화철, 솔비탄올리에이트, 다이소듐이디티에이, 글리세릴폴리메타크릴레이트, 흑색산화철, 엑토인, 바나나추출물(10ppm), 소듐디엔에이(10ppm), 토코페롤, 포타슘라우레이트, 시트릭애씨드"
"A000000178512","[화잘먹크림] 웰라쥬 리얼 히알루로닉 100 크림 50ml 더블 기획","웰라쥬","50.0","100.0","ml","39000","25900","2590.0","'하이드롤라이즈드하이알루로닉애씨드(500,000ppm), 정제수, 글리세린, 세테아릴알코올, 펜틸렌글라이콜, 카프릴릭/카프릭트라이글리세라이드, 스쿠알란 , 프로판다이올, 베타인 , 세테아릴올리베이트, 비닐다이메티콘, 코코-카프릴레이트/카프레이트, 아이소프로필미리스테이트, 시어버터, 폴리글리세릴-4카프레이트, 판테놀, 옥틸도데칸올, 알란토인, 부틸렌글라이콜, 글라이신, 알지닌, 히스티딘, 세린, 토코페롤, 벤질글라이콜 , 소듐스테아로일글루타메이트, 하이드롤라이즈드글라이코사미노글리칸, 아데노신, 소듐하이알루로네이트(100ppm), 소듐하이알루로네이트크로스폴리머(3.5ppb), 하이드록시프로필트라이모늄하이알루로네이트(0.42ppb), 하이알루로닉애씨드(0.035ppb), 소듐아세틸레이티드하이알루로네이트(0.007ppb), 나이아신아마이드, 세라마이드엔피, 스트렙토코쿠스 테르모필루스발효물, 다이포타슘글리시리제이트, 콜레스테롤, 솔비탄올리베이트, 수크로오스라우레이트, 비즈왁스, 팔미틱애씨드, 스테아릭애씨드, 하이드로제네이티드레시틴, 리솔레시틴, 폴리글리세릴-3폴리리시놀리에이트, 카보머, 잔탄검 , 트라이하이드록시스테아린, 인도멀구슬나무잎추출물, 인도멀구슬나무꽃추출물, 아이비고드열매추출물, 가지열매추출물, 홀리바질잎추출물, 울금뿌리추출물, 참산호말추출물, 하수오뿌리추출물, 스타아니스추출물, 에틸헥실글리세린, 카프릴릴글라이콜, 1,2-헥산다이올, 시트릭애씨드, 다이소듐이디티에이"
"A000000212570","바이오더마 시카비오 크림+ 100ml 기획 (크림 + 40ml 본품 추가 증정)","바이오더마","100.0","140.0","ml","","45500","3250.0","정제수, 카프릴릭/카프릭트라이글리세라이드, 글리세린, 폴리글리세릴-3폴리리시놀리에이트, 유채씨오일, 부틸렌글라이콜, 타피오카전분, 하이드로제네이티드유채씨오일, 자일로오스, 폴리글리세릴-3다이아이소스테아레이트, 호호바씨오일, 마그네슘설페이트, 펜틸렌글라이콜, 스쿠알란, 1,2-헥산다이올, 카프릴릴글라이콜, 소듐폴리글루타메이트, 소듐시트레이트, 잔탄검, 소듐하이알루로네이트, 토코페롤, 만니톨, 람노오스, 자일리톨, 아세틸다이펩타이드-1세틸에스터, 해바라기씨오일, 시트릭애씨드, 프룩토올리고사카라이드"
"A000000249659","[손상장벽MD] 동국제약 마데카셀 베리어 엠디 크림 70g","동국제약","70.0","70.0","g(약 1ml 상당으로 근사)","39000","21700","3100.0",""
"A000000260521","리쥬덱스 더마 리페어링 크림 20g 기획(+리페어링 크림5g*2ea)","리쥬덱스","20.0","25.0","g(약 1ml 상당으로 근사)","","45000","18000.0","정제수, 세테아릴알코올, 시어버터, 카프릴릭/카프릭트라이글리세라이드, 부틸렌글라이콜, 글리세린, 세테아릴올리베이트, 프로판다이올, 솔비탄올리베이트, 하이드롤라이즈드디엔에이, 세틸알코올, 베헤닐알코올, 다이메티콘, 글리세릴스테아레이트에스이, 글리세릴스테아레이트, 에틸헥실올리베이트, 잔탄검, 소듐아크릴레이트코폴리머, 세테아릴글루코사이드, 폴리글리세릴-4올리에이트, 토코페롤, 아데노신, 편백잎추출물, 다이소듐이디티에이, 판테놀, 1,2-헥산다이올, 병풀추출물, 마데카식애씨드, 아시아틱애씨드, 아시아티코사이드, 마데카소사이드, 에스에이치-올리고펩타이드-1"
"A000000233614","[1+1/화잘먹] 이니스프리 그린티 수분크림 50ml 더블기획","이니스프리","50.0","100.0","ml","35000","28000","2800.0","정제수, 프로판다이올, 글리세린, 스테아릴다이메티콘, 메틸트라이메티콘, 부틸렌글라이콜다이카프릴레이트/다이카프레이트, 펜타에리스리틸테트라에틸헥사노에이트, 녹차씨오일, 1,2-헥산다이올, 글리세릴폴리메타크릴레이트, 폴리메틸실세스퀴옥세인, 스쿠알란, 하이드록시에틸아크릴레이트/소듐아크릴로일다이메틸타우레이트코폴리머, 폴리글리세릴-3메틸글루코오스다이스테아레이트, 카보머, 트라이에틸시트레이트, 하이드로제네이티드레시틴, 콜레스테롤, 글리세릴스테아레이트, 트로메타민, 리모넨, 락토바실러스발효용해물, 하이알루로닉애씨드, 판테놀, 알란토인, 세테아릴알코올, 잔탄검, 글리세릴카프릴레이트, 소듐스테아로일글루타메이트, 부틸렌글라이콜, 에틸헥실글리세린, 다이소듐이디티에이, 레몬껍질오일, 솔비탄아이소스테아레이트, 녹차추출물, 마테잎추출물, 소듐하이알루로네이트, 마데카소사이드, 락틱애씨드, 시트랄, 덱스트린, 카카오추출물, 소두구씨오일, 스피어민트잎오일, 리날룰, 시트로넬라오일, 하이드롤라이즈드하이알루로닉애씨드, 갈바눔수지오일, 소듐하이알루로네이트크로스폴리머, 녹차씨추출물, 세라마이드엔피, 토코페롤, 피토스핑고신, 소듐아세틸레이티드하이알루로네이트"
"A000000206212","메디큐브 제로 모공 원데이 크림 50ml","메디큐브","50.0","50.0","ml","39900","19900","3980.0","정제수, 판테놀, 부틸렌글라이콜, 프로판다이올, 세틸에틸헥사노에이트, 옥틸도데칸올, 나이아신아마이드, 아이소헥사데칸, 아이소도데케인, 글리세릴스테아레이트, 폴리글리세릴-3다이스테아레이트, 1,2-헥산다이올, 하이드로제네이티드폴리(C6-14올레핀), 다이메티콘, 사이클로펜타실록세인, 세테아릴올리베이트, 솔비탄올리베이트, 스테아릴알코올, 다이메틸설폰, 세틸알코올, 폴리아크릴레이트-13, 소듐폴리아크릴로일다이메틸타우레이트, 소듐스테아로일글루타메이트, 하이드로제네이티드폴리아이소부텐, 글리세릴스테아레이트시트레이트, 살리실릭애씨드, 에틸헥실글리세린, 알란토인, 폴리글리세릴-10라우레이트, 에틸헥실팔미테이트, 아데노신, 덱스트린, 솔비탄아이소스테아레이트, 트로메타민, 베타-글루칸, 소듐하이알루로네이트, 글리세린, 소듐시트레이트, 치자추출물, 미리스틸알코올, 트라이소듐포스페이트, 하이알루로닉애씨드, 풀루란, 라우릴알코올, 포도추출물, 당느릅나무뿌리추출물, 칡뿌리추출물, 대왕송잎추출물, 달맞이꽃추출물, 감추출물, 밤껍질추출물, 녹차추출물, 소듐하이알루로네이트크로스폴리머, 하이드롤라이즈드소듐하이알루로네이트, 하이드롤라이즈드하이알루로닉애씨드, 팔미토일트라이펩타이드-5, 소듐아세틸레이티드하이알루로네이트, 하이드록시프로필트라이모늄하이알루로네이트, 하이드록시신나믹애씨드, 루틴, 향료"
"A000000174316","[시카입문추천] 라로슈포제 시카플라스트 밤B5+ 40ml","라로슈포제","5.0","45.0","ml","","27000","6000.0","정제수, 하이드로제네이티드폴리아이소부텐, 다이메티콘, 글리세린, 시어버터, 판테놀, 옥수수전분, 프로판다이올, 부틸렌글라이콜, 세틸피이지/피피지-10/1다이메티콘, 트라이하이드록시스테아린, 병풀잎추출물, 야콘뿌리즙, 징크글루코네이트, 마데카소사이드, 망가니즈글루코네이트, 알파-글루칸올리고사카라이드, 실리카, 알루미늄하이드록사이드, 마그네슘설페이트, 만노오스, 카프릴로일글라이신, 카프릴릴글라이콜, 비트레오스실라발효물, 시트릭애씨드, 트라이소듐에틸렌다이아민다이석시네이트, 락토바실러스, 아세틸레이티드글라이콜스테아레이트, 말토덱스트린, 폴리글리세릴-4아이소스테아레이트, 토코페롤, 펜타에리스리틸테트라-다이-t-부틸하이드록시하이드로신나메이트, 티타늄디옥사이드"
"A000000189248","[수분진정] 바이오힐보 판테셀 리페어시카 크림 50ml (단품/리필기획)","바이오힐보","50.0","50.0","ml","32000","24000","4800.0","정제수, 판테놀(5%), 프로판다이올, 펜타에리스리틸테트라에틸헥사노에이트, 글리세린, 1,2-헥산다이올, 부틸렌글라이콜, 에틸헥실스테아레이트, 병풀추출물, 병풀잎추출물, 마데카소사이드, 베타-시토스테롤, 아시아티코사이드, 아세틸헥사펩타이드-8, 아스코빅애씨드폴리펩타이드, 아세틸옥타펩타이드-3, 아세틸테트라펩타이드-2, 아세틸테트라펩타이드-3, 아세틸테트라펩타이드-5, 아세틸테트라펩타이드-9, 카르노신, 카퍼트라이펩타이드-1, 노나펩타이드-1, 팔미토일펜타펩타이드-4, 팔미토일트라이펩타이드-1, 팔미토일트라이펩타이드-5, 칸디다 봄비콜라/글루코오스/메틸레이프씨데이트발효물, 해바라기씨오일, 메틸메타크릴레이트크로스폴리머, 펜틸렌글라이콜, 트라이에틸헥사노인, 다이카프릴릴카보네이트, 소듐폴리아크릴로일다이메틸타우레이트, 아크릴레이트/C10-30알킬아크릴레이트크로스폴리머, C12-20알킬글루코사이드, 다이포타슘글리시리제이트, 알란토인, 에틸헥실글리세린, 팔미틱애씨드, 글리세릴아크릴레이트/아크릴릭애씨드코폴리머, 하이드로제네이티드레시틴, 소듐파이테이트, 트로메타민, 다이프로필렌글라이콜, 글리세릴카프릴레이트, 토코페롤, 레시틴, 에스신, 시트릭애씨드, C14-22알코올, 세테아릴알코올, C12-16알코올, 카보머"
"A000000247726","[한정기획] 메이크프렘 인테카 수딩크림 70ml 기획 (+크림 31ml*2+NMN 앰플 7ml)","메이크프렘","70.0","108.0","ml","29000","18900","1750.0","[인테카 수딩 크림 / 본품]
정제수, 프로판다이올, 글리세린, 글리세릴글루코사이드, 1,2-헥산다이올, 카프릴릭/카프릭트라이글리세라이드, 하이드로제네이티드폴리데센, 나이아신아마이드, 부틸렌글라이콜, 솔비톨, 세테아릴올리베이트, 비닐다이메티콘, 솔비탄올리베이트, 카보머, 칸디다 봄비콜라/글루코오스/메틸레이프씨데이트발효물*, 해바라기씨오일*, 아시아티코사이드*, 아시아틱애씨드*, 마데카식애씨드*, 하이알루로닉애씨드, 하이드롤라이즈드하이알루로닉애씨드, 소듐하이알루로네이트, 다이프로필렌글라이콜*, 글리세릴스테아레이트에스이, 하이드로제네이티드레시틴, 트로메타민, 에틸헥실글리세린, 아데노신, 다이소듐이디티에이, 에톡시다이글라이콜*

[NMN 퍼밍 엑스퍼트 앰플 / 증정]
정제수, 글리세린, 다이프로필렌글라이콜, 스쿠알란, 펜타에리스리틸테트라에틸헥사노에이트, 메틸트라이메티콘, 나이아신아마이드, 부틸렌글라이콜, 베타인, 니코틴아마이드모노뉴클레오타이드(10,000ppm), 메틸프로판다이올, 폴리솔베이트60, 글리세릴스테아레이트, 글리세릴스테아레이트에스이, 폴리메틸실세스퀴옥세인, 아라키딜알코올, C14-22알코올, 카보머, 베헤닐알코올, 알지닌, 하이드로제네이티드캐스터오일/세바식애씨드코폴리머, 아라키딜글루코사이드, 에틸헥실글리세린, C12-20알킬글루코사이드, 니코틴아마이드아데닌다이뉴클레오타이드, 알란토인, 판테놀, 카프릴하이드록사믹애씨드, 소듐아크릴레이트/소듐아크릴로일다이메틸타우레이트코폴리머, 폴리아이소부텐, 아데노신, 인도멀구슬나무꽃추출물, 1,2-헥산다이올, 홀리바질잎추출물, 덱스트린, 카카오추출물, 다이소듐이디티에이, 인도멀구슬나무잎추출물, 레몬밤잎추출물, 울금뿌리추출물, 레스베라트롤, 소듐하이알루로네이트, 참산호말추출물, 폴리쿼터늄-51, 카프릴릴/카프릴글루코사이드, 솔비탄올리에이트, 하이드롤라이즈드하이알루로닉애씨드, 소듐아세틸레이티드하이알루로네이트, 폴리솔베이트20, 트라이펩타이드-1, 헥사펩타이드 -9, 팔미토일트라이펩타이드-5, 팔미토일펜타펩타이드-4, 팔미토일테트라펩타이드-7"
"A000000216509","[대용량+추가증정] 넘버즈인 1번 판토텐산 액티브 수딩크림 130ml 기획 (+ 크림 15ml)","넘버즈인","130.0","145.0","ml","36000","25200","1737.9","정제수, 부틸렌글라이콜, 글리세린, 나이아신아마이드, 세틸에틸헥사노에이트, 다이카프릴릴카보네이트, 1,2-헥산다이올, 펜틸렌글라이콜, 비닐다이메티콘, 병풀추출물, 클로렐라 불가리스추출물, 도둑놈의지팡이뿌리추출물, 인도멀구슬나무잎추출물, 인도멀구슬나무꽃추출물, 아이비고드열매추출물, 홀리바질잎추출물, 울금뿌리추출물, 알로에베라꽃추출물, 가지열매추출물, 참산호말추출물, 녹차추출물, 병풀잎추출물, 오카무라큰실말추출물, 흰버드나무껍질추출물, 약모밀추출물, 커피콩추출물, 베르가모트잎추출물, 소나무잎추출물, 알파-알부틴, 아르간커넬오일, 참깨오일, 사발팜열매추출물, 스페인감초뿌리추출물, 카프릴릴메티콘, 에리스리톨, 판테놀, 하이드록시에틸아크릴레이트/소듐아크릴로일다이메틸타우레이트코폴리머, 다이메티콘올, 폴리메틸실세스퀴옥세인, 아크릴레이트/C10-30알킬아크릴레이트크로스폴리머, 글루코오스, 트로메타민, 실리카, 프룩토올리고사카라이드, 프룩토오스, 에틸헥실글리세린, 소듐파이테이트, 글리세릴아크릴레이트/아크릴릭애씨드코폴리머, 카프릴릭/카프릭트라이글리세라이드, 하이드로제네이티드레시틴, 토코페롤, 데실글루코사이드, 판토테닉애씨드, 폴리글리세릴-4카프레이트, 폴리글리세릴-6카프릴레이트, 징크피씨에이, 메틸다이아이소프로필프로피온아마이드, 베타-시토스테롤, 잔탄검"
"A000000228259","더마팩토리 레티날 300ppm크림 30ml","더마팩토리","30.0","30.0","ml","","9000","3000.0","병풀잎수, 글리세린, 하이드로제네이티드폴리데센, 카프릴릴메티콘, 정제수, 나이아신아마이드, 판테놀, 펜틸렌글라이콜, 폴리글리세릴-10베헤네이트/에이코사디오에이트, 1,2-헥산다이올, 암모늄아크릴로일다이메틸타우레이트/브이피코폴리머, 부틸렌글라이콜, 폴리메틸실세스퀴옥세인, 아크릴레이트/C10-30알킬아크릴레이트크로스폴리머, 마카다미아씨오일, 하이드록시에틸아크릴레이트/소듐아크릴로일다이메틸타우레이트코폴리머, 트로메타민, 향료, 유채스테롤, 폴리글리세릴-10스테아레이트, 에틸헥실글리세린, 잔탄검, 콜레스테롤, 아데노신, 하이드로제네이티드포스파티딜콜린, 레틴알, 다이소듐이디티에이, 솔비탄아이소스테아레이트, 토코페롤, 백미꽃추출물"
"A000000191715","[수분/진정] 아벤느 클리낭스 아쿠아크림-인-젤 수분 크림50ml 2입기획","아벤느","50.0","100.0","ml","51000","37910","3791.0","온천수@프로판다이올@펜틸렌글라이콜@글리세린@정제수@트라이에틸헥사노인@나이아신아마이드@아크릴레이트/C10-30알킬아크릴레이트크로스폴리머@청색 1호@카프릴릭/카프릭트라이글리세라이드@카프릴릴글라이콜@세테아릴 올리베이트@다이글리세린@향료@글리세릴라우레이트@하이드록시에틸아크릴레이트/소듐아크릴로일다이메틸타우레이트코폴리머@하이드록시프로필스타치포스페이트@에스큘렌타렌즈콩씨추출물@폴리글리세린-3@폴리솔베이트60@포타슘하이드록사이드@소듐벤조에이트@솔비탄아이소스테아레이트@솔비탄올리베이트@토코페릴글루코사이드"
"A000000219716","[단독기획/5겹장벽크림] 파티온 노스카나인 트러블 크림 45ml 기획(+5ml+세럼 5ml)","파티온","45.0","55.0","ml","32000","20500","3727.3","정제수, 글리세린, 메도우폼씨오일, 카프릴릭/카프릭트라이글리세라이드, 비닐다이메티콘, 다이글리세린, 폴리글리세릴-3다이스테아레이트, 세테아릴알코올, 1,2-헥산다이올, 펜틸렌글라이콜, 클로렐라 불가리스추출물, 소듐헤파린, 쑥잎추출물, 병풀추출물, 펜타에리스리틸테트라에틸헥사노에이트, 하이드로제네이티드쌀겨오일, 하이드로제네이티드레시틴, 세테아릴올리베이트, 소듐스테아로일글루타메이트, 하이드록시에틸아크릴레이트/소듐아크릴로일다이메틸타우레이트코폴리머, 폴리글리세릴-2스테아레이트, 암모늄아크릴로일다이메틸타우레이트/브이피코폴리머, 아이소도데케인, 하이드록시아세토페논, 아크릴레이트/C10-30알킬아크릴레이트크로스폴리머, 글루코오스, 솔비탄올리베이트, 글리세릴스테아레이트, 판테놀, 글리세릴스테아레이트시트레이트, 부틸렌글라이콜, 프룩토올리고사카라이드, 프룩토오스, 스테아릭애씨드, 석시닉애씨드, 다이메티콘/비닐다이메티콘크로스폴리머, 비닐다이메티콘/메티콘실세스퀴옥세인크로스폴리머, 소듐파이테이트, 솔비탄아이소스테아레이트, 폴리글리세릴-10스테아레이트, 다이프로필렌글라이콜, 세라마이드엔피, 알란토인, 베타-글루칸, 폴리글리세릴-10라우레이트, 세라마이드엔에스, 콜레스테롤, 에틸헥실글리세린, 피토스핑고신, 세라마이드에이피, 세라마이드에이에스, 스쿠알란, 세라마이드이오피, 카프릴릴/카프릴글루코사이드, 스테아릴알코올, 잔탄검"
"A000000187127","피지오겔 레드수딩 시카밸런스 크림 80ml 대용량","피지오겔","80.0","80.0","ml","30000","23900","2987.5","정제수, 하이드로제네이티드폴리아이소부텐, 부틸렌글라이콜, 다이프로필렌글라이콜, 1,2-헥산다이올, 글리세린, 하이드로제네이티드폴리데센, 나이아신아마이드, 판테놀, 트레할로오스, 스쿠알란, 카프릴릭/카프릭트라이글리세라이드, 베타-글루칸, 폴리메틸실세스퀴옥세인, 솔비탄아이소스테아레이트, 아세타마이드엠이에이, 사코신, 팔미타마이드엠이에이, 세라마이드엔피, 하이드로제네이티드레시틴, 마데카소사이드(245 ppm), 아시아티코사이드(0.40 ppm), 마데카식애씨드(0.35 ppm), 아시아틱애씨드(0.25 ppm), 아크릴레이트/C10-30알킬아크릴레이트크로스폴리머, 하이드록시에틸아크릴레이트/소듐아크릴로일다이메틸타우레이트코폴리머, 글리세릴아크릴레이트/아크릴릭애씨드코폴리머, 트로메타민"
"A000000260204","[한정기획/다크서클커버] 샤이샤이샤이 바나나 PDRN 컨실 아이크림 바닐라 15g (+ 미니언즈 키캡 키링)","샤이샤이샤이","15.0","15.0","g(약 1ml 상당으로 근사)","26000","19800","13200.0","정제수, 다이메티콘, 글리세린, 부틸렌글라이콜, 티타늄디옥사이드, 1,2-헥산다이올, 나이아신아마이드, 하이드로제네이티드폴리데센, 소듐아크릴레이트/소듐아크릴로일다이메틸타우레이트코폴리머, 피이지-240/에이치디아이코폴리머비스-데실테트라데세스-20에터, 소듐폴리아크릴레이트, 토코페릴아세테이트, 아이소헥사데칸, 황색산화철, 하이드록시아세토페논, 판테놀, 폴리글리세릴-3폴리다이메틸실록시에틸다이메티콘, 에틸헥실글리세린, 폴리솔베이트80, 알루미늄하이드록사이드, 트라이에톡시카프릴릴실레인, 향료, 적색산화철, 아데노신, 솔비탄올리에이트, 다이소듐이디티에이, 글리세릴폴리메타크릴레이트, 엑토인, 바나나추출물(10ppm), 소듐디엔에이(10ppm), 토코페롤, 포타슘라우레이트, 시트릭애씨드"
"A000000192405","[1회사용 장벽개선] 더하르나이 시카이드 크림 100ml+30ml 기획","더하르나이","100.0","130.0","ml","29000","23200","1784.6","정제수, 글리세린, 부틸렌글라이콜, 다이프로필렌글라이콜, 사이클로펜타실록세인, 세테아릴올리베이트, 세테아릴알코올, 시어버터, 트레할로오스, 소듐하이알루로네이트크로스폴리머, 하이알루로닉애씨드, 소듐하이알루로네이트, 하이드롤라이즈드하이알루로닉애씨드, 하이드롤라이즈드글라이코사미노글리칸, 하이드로제네이티드레시틴, 매실추출물, 인동덩굴꽃추출물, 황금추출물, 티트리잎추출물, 세라마이드엔피, 병풀추출물, 마데카소사이드, 마데카식애씨드, 아시아티코사이드, 아시아틱애씨드, 카르노신, 글루타티온, 아세틸헥사펩타이드-8, 카퍼트라이펩타이드-1, 아세틸테트라펩타이드-3, 아세틸테트라펩타이드-5, 팔미토일테트라펩타이드-7, 팔미토일트라이펩타이드-1, 팔미토일트라이펩타이드-5, 팔미토일펜타펩타이드-4, 1,2-헥산다이올, 다이메티콘, 솔비탄올리베이트, 암모늄아크릴로일다이메틸타우레이트/브이피코폴리머, 글리세릴스테아레이트, 폴리글리세릴-3메틸글루코오스다이스테아레이트, 펜틸렌글라이콜, 소듐아크릴레이트/소듐아크릴로일다이메틸타우레이트코폴리머, 카프릴릴글라이콜, 아이소헥사데칸, 알란토인, 폴리솔베이트80, 잔탄검, 판테놀, 프로판다이올, 옥틸도데칸올, 솔비탄올리에이트, 다이소듐이디티에이, 아디픽애씨드, 에틸헥실글리세린, 벤질글라이콜, 라즈베리케톤"
"A000000244953","[7월 올영픽/온라인추가증정] 라로슈포제 히알루 B5 수분탄력 크림 50ml 기획 (+3ml+히알루세럼10ml)","라로슈포제","50.0","63.0","ml","58000","46400","7365.1","[히알루B5 크림] 
정제수 글리세린 아이소헥사데칸 프로판다이올 변성알코올 아이소프로필아이소스테아레이트 판테놀 다이메티콘 옥틸도데칸올 베헤닐알코올 세틸알코올 갈랑가갈랑갈잎추출물 스테아릭애씨드 칼슘클로라이드 세테아릴알코올 세테아릴글루코사이드 피이지-100스테아레이트 소듐하이알루로네이트(0.2004%) 소듐하이드록사이드 알진 실리카 미리스틱애씨드 셀룰로오스 팔미틱애씨드 아데노신 암모늄폴리아크릴로일다이메틸타우레이트 다이소듐스테아로일글루타메이트 엑토인 하이드롤라이즈드하이알루로닉애씨드(0.0208%) 하이드록시아세토페논 카프릴릭/카프릭트라이글리세라이드 카프릴로일살리실릭애씨드 시트릭애씨드 라우레스-7 트라이소듐에틸렌다이아민다이석시네이트 아세틸글루코사민 잔탄검 펜틸렌글라이콜 파이틱애씨드 폴리아크릴아마이드 폴리엡실론-라이신 부틸렌글라이콜 1,2-헥산다이올 C13-14아이소알케인 페녹시에탄올 향료

[히알루B5 세럼] 
정제수 글리세린 변성알코올 프로필렌글라이콜 판테놀 펜틸렌글라이콜 다이메티콘 피이지-6카프릴릭/카프릭글리세라이즈 갈랑가갈랑갈잎추출물 칼슘클로라이드 글리세릴아이소스테아레이트 마데카소사이드 피피지-6-데실테트라데세스-30 소듐아세틸레이티드하이알루로네이트(0.01%) 소듐하이알루로네이트(0.2004%) 알진 아데노신 암모늄폴리아크릴로일다이메틸타우레이트 프로판다이올 하이드롤라이즈드하이알루로닉애씨드(0.1208%) 하이드록시아세토페논 카프릴릭/카프릭트라이글리세라이드 카프릴릴글라이콜 시트릭애씨드 트라이소듐에틸렌다이아민다이석시네이트 아세틸글루코사민 잔탄검 부틸렌글라이콜 1,2-헥산다이올 토코페롤 페녹시에탄올 향료"
"A000000216580","[민감피부진정/쿨링수분크림] 셀퓨전씨 포스트 알파 시카 카밍 다운 크림 50ml 기획 (+50ml 리필)","셀퓨전씨","50.0","100.0","ml","36000","34200","3420.0","정제수, 글리세린, 메틸프로판다이올, 메틸트라이메티콘, 1,2-헥산다이올, 아이소데실네오펜타노에이트, 하이드로제네이티드폴리아이소부텐, 암모늄아크릴로일다이메틸타우레이트/브이피코폴리머, 트레할로오스, 인도멀구슬나무꽃추출물, 인도멀구슬나무잎추출물, 홀리바질잎추출물, 울금뿌리추출물, 아이비고드열매추출물, 카카오씨추출물, 참산호말추출물, 가지열매추출물, 알로에베라꽃추출물, 병풀추출물, 병풀꽃/잎/줄기추출물, 병풀뿌리추출물, 병풀잎추출물, 다발방패버섯추출물, 마트리카리아추출물, 피버퓨추출물, 프랑스해안송껍질추출물, 호호바씨오일, 소듐하이알루로네이트, 하이드로제네이티드레시틴, 티타늄디옥사이드, 세테아릴올리베이트, 다이메티콘올, 솔비탄올리베이트, 폴리글리세릴-10라우레이트, 아라키딜알코올, 하이드록시아세토페논, 베헤닐알코올, 알란토인, 에틸헥실글리세린, 폴리글리세릴-2카프레이트, 부틸렌글라이콜, 아라키딜글루코사이드, 수크로오스스테아레이트, 다이소듐이디티에이, 스테아릭애씨드, 알루미나, 덱스트린, 글리세릴카프릴레이트, 메틸다이아이소프로필프로피온아마이드, *알루미늄수크로오스옥타설페이트, 효모발효여과물, 스쿠알란, 효모발효물, 말토덱스트린, 사카라이드하이드롤리세이트, 세라마이드엔피, 아시아티코사이드, 마데카소사이드, 콜레스테롤, 콜레스테릴마카다미에이트, 팔미틱애씨드, 사카라이드아이소머레이트, 하이드롤라이즈드루핀단백질, 구아이아줄렌, 글라이신, 글루타믹애씨드, 마데카식애씨드, 아시아틱애씨드, 알지닌, 향료"
"A000000259494","[7월올영픽/1등진정] 파넬 시카마누 레드 리페어 크림 50ml 더블기획 (+세럼 15ml)","파넬","50.0","65.0","ml","40000","26900","4138.5","(크림)
정제수, 글리세린, 카프릴릭/카프릭트라이글리세라이드, 세테아릴알코올, 1,2-헥산다이올, 프로판다이올, 부틸렌글라이콜다이카프릴레이트/다이카프레이트, 폴리글리세린-3, 비닐다이메티콘, 하이드로제네이티드폴리데센, 판테놀, 스쿠알란, 세테아릴올리베이트, 솔비탄올리베이트, 글리세릴스테아레이트, 폴리아크릴레이트-13, 부틸렌글라이콜, 아크릴레이트/C10-30알킬아크릴레이트크로스폴리머, 하이드로제네이티드폴리아이소부텐, 병풀추출물(1,025 ppm), 잇꽃꽃추출물, 하이드록시에틸아크릴레이트/소듐아크릴로일다이메틸타우레이트코폴리머, 덱스트린, 알지닌, 에틸헥실글리세린, 치자추출물, 다이소듐이디티에이, 폴리글리세릴-10라우레이트, 2,3-부탄다이올, 에틸헥실팔미테이트, 카카오씨추출물, 칸디다 봄비콜라/글루코오스/메틸레이프씨데이트발효물, 솔비탄아이소스테아레이트, 불가리스쑥오일, 소듐하이알루로네이트, 라우릴글루코사이드, 올리브오일, 에톡시다이글라이콜, 하이드로제네이티드레시틴, 아시아티코사이드(42 ppm), 아시아틱애씨드(31.5 ppm), 마데카식애씨드(31.43 ppm), 마누카잎추출물(25 ppm), 꿀추출물(20 ppm), 락토바실러스발효물, 병풀꽃/잎/줄기추출물(10 ppm), 병풀뿌리추출물(10 ppm), 해바라기씨오일, 마데카소사이드(1.07 ppm), 멜라토닌, 셀필룸추출물, 테아닌, 소듐디엔에이

(세럼)
정제수, 부틸렌글라이콜, 글리세린, 1,2-헥산다이올, 카보머, 트로메타민, 폴리글리세릴-10라우레이트, 프로판다이올, 인도멀구슬나무잎추출물, 병풀추출물(744ppm), 카카오씨추출물, 에틸헥실글리세린, 불가리스쑥오일, 인도멀구슬나무꽃추출물, 덱스트린, 다이소듐이디티에이, 소듐폴리아크릴레이트, 펜틸렌글라이콜, 황련뿌리추출물, 락토바실러스발효물, 마누카잎추출물(20ppm), 마데카소사이드(20ppm), 데실글루코사이드, 카프릴릴글라이콜, 꿀추출물(900ppb), 메도우폼씨오일, 카프릴릭/카프릭트라이글리세라이드, 올리브오일, 하이드로제네이티드레시틴, 세라마이드엔피, 피토스핑고신, 멜라토닌"
"A000000260348","[4배속_응급진정/장벽강화]리쥬덱스 더마 리페어링 크림 20g(단품/기획)","리쥬덱스","20.0","20.0","g(약 1ml 상당으로 근사)","","45000","22500.0","정제수, 세테아릴알코올, 시어버터, 카프릴릭/카프릭트라이글리세라이드, 부틸렌글라이콜, 글리세린, 세테아릴올리베이트, 프로판다이올, 솔비탄올리베이트, 하이드롤라이즈드디엔에이, 세틸알코올, 베헤닐알코올, 다이메티콘, 글리세릴스테아레이트에스이, 글리세릴스테아레이트, 에틸헥실올리베이트, 잔탄검, 소듐아크릴레이트코폴리머, 세테아릴글루코사이드, 폴리글리세릴-4올리에이트, 토코페롤, 아데노신, 편백잎추출물, 다이소듐이디티에이, 판테놀, 1,2-헥산다이올, 병풀추출물, 마데카식애씨드, 아시아틱애씨드, 아시아티코사이드, 마데카소사이드, 에스에이치-올리고펩타이드-1"
"A000000163254","[단독기획] 토리든 다이브인 저분자 히알루론산 크림 80ml 기획(+크림 20ml 추가증정)","토리든","80.0","100.0","ml","","21000","2100.0","정제수, 부틸렌글라이콜, 글리세린, 다이프로필렌글라이콜, 카프릴릭/카프릭트라이글리세라이드, 1,2-헥산다이올, C14-22알코올, 글리세릴스테아레이트, 에틸헥실팔미테이트, 세테아릴알코올, 소듐하이알루로네이트,  하이드롤라이즈드하이알루로닉애씨드(100ppm), 소듐아세틸레이티드하이알루로네이트, 소듐하이알루로네이트크로스폴리머, 하이드롤라이즈드소듐하이알루로네이트, 호호바씨오일, 마카다미아씨오일, 아르간커넬오일, 트레할로스, 에스에이치-올리고펩타이드-1, 알란토인, 프로판다이올, 베타인, 베타-글루칸, 세라마이드엔피,  쇠비름추출물, 버지니아풍년화잎추출물, 검은뽕나무열매추출물, 구기자추출물, 비치스트로베리추출물, 불가리스매자뿌리추출물, 마데카소사이드, 마데카식애씨드,  세테아릴올리베이트, 소르비탄올리베이트, 말라카이트추출물, 펜틸렌글라이콜, 다이메티콘/비닐다이메티콘크로스폴리머, C12-20알킬글루코사이드, 폴리글리세릴-10미리스테이트, 글리세릴아크릴레이트/아크릴릭애씨드코폴리머, 잔탄검, 알지닌, 카보머, 트로메타민, 에틸헥실글리세린, 황금추출물, 모란뿌리추출물"
"A000000255744","[단독기획] 동아제약 아크네 프로 겔제 30ml 기획(+3ml+크림제3ml)","동아제약","30.0","36.0","ml","25000","17580","4883.3","정제수, 프로판다이올, 변성알코올, 에톡시다이글라이콜, 1,2-헥산다이올, 폴리아크릴레이트크로스폴리머-6, 살리실릭애씨드, 소듐폴리아크릴로일다이메틸타우레이트, 트로메타민, 암모늄아크릴로일다이메틸타우레이트/브이피코폴리머, 베타인, 하이드록시에틸셀룰로오스, 락토바실러스발효물, 에틸헥실글리세린, 다이소듐이디티에이, 부틸렌글라이콜, 펜틸렌글라이콜, 글라이콜릭애씨드, 글리세린, 다이소듐포스페이트, 폴리솔베이트60, 카프릴릴글라이콜, 소듐포스페이트, 라우릴글루코사이드, 토코페롤, 카프릴릭/카프릭트라이글리세라이드, 하이드로제네이티드레시틴, 소나무잎추출물, 다이메틸설폰, 다이포타슘글리시리제이트, 티트리잎오일, 석시닉애씨드, 도둑놈의지팡이뿌리추출물, 탱자추출물, 삼백초잎/뿌리추출물, 육계나무껍질추출물"
"A000000257713","[26년 신형/미니크림 증정] 달바 비타 캡슐 크림 나이아신아마이드 5퍼센트 55g 기획 (+10g)","달바","55.0","65.0","g(약 1ml 상당으로 근사)","58000","42900","6600.0","비타민나무수(308,886ppm), 정제수, 글리세린, 부틸렌글라이콜, 메틸하이드로제네이티드로지네이트, 나이아신아마이드(50,000ppm), 다이프로필렌글라이콜, 메틸프로판다이올, 1,2-헥산다이올, 페닐프로필디메틸실록시실리케이트, 카프릴릭/카프릭트라이글리세라이드, 세테아릴올리베이트, 글리세릴스테아레이트, 아이소노닐아이소노나노에이트, 프로판다이올, 솔비탄올리베이트, 다이펩타이드-15, 하이드로제네이티드레시틴, 세테아릴알코올, 비닐다이메티콘, 폴리아크릴레이트-13, 합성비즈왁스, 소듐폴리아크릴레이트, 흰서양송로추출물, 하이드로제네이티드폴리아이소부텐, 캐스터오일/아이피디아이코폴리머, 당근추출물, 카놀라오일, 에틸헥실글리세린, 잔탄검, 아데노신, 폴리글리세릴-10라우레이트, 에틸헥실팔미테이트, 다이소듐이디티에이, 레시틴, 솔비탄아이소스테아레이트, 하이알루로닉애씨드, 하이드롤라이즈드하이알루로닉애씨드, 소듐하이알루로네이트, 다이포타슘글리시리제이트, 당근씨오일, 판테놀(75ppm), 알지닌, 카보머, 병풀추출물, 해바라기꽃추출물, 연꽃꽃추출물, 해바라기씨오일, 아모다이메티콘, 베타-카로틴, 토코페릴아세테이트(15ppm), 아스코빅애씨드(10,000ppb), 글루타티온, 콜레스테롤, 버지니아풍년화추출물, 세라마이드엔피, 약모밀추출물, 멕시칸치아씨추출물, 티트리잎추출물, 토코페롤(0.503ppm), 동백나무씨오일, 돌콩오일, 비타민나무열매오일(0.5ppm), 퀸즈랜드넛오일, 달맞이꽃오일, 올리브오일, 아보카도오일, 마시멜로뿌리추출물, 캐모마일꽃추출물, 아티초크잎추출물, 유칼립투스잎추출물, 히비스커스꽃추출물, 서양고추나물추출물, 라벤더꽃추출물, 레몬밤잎추출물, 오레가노잎추출물, 센티드제라늄추출물, 살비아잎추출물, 보검선인장줄기추출물, 트루로즈오브예리코추출물, 칸디다 봄비콜라/글루코오스/메틸레이프씨데이트발효물, 폴리글리세릴-10다이아이소스테아레이트, 메나다이온(0.00005ppm), 향료, 리모넨, 리날룰, 헥실신남알, 시트랄, 시트로넬올"
"A000000179154","[순한진정] 더랩바이블랑두 그린 플라보노이드 진정 크림 50ml+30ml 기획","더랩바이블랑두","50.0","80.0","ml","","25000","3125.0","정제수, 글리세린, 부틸렌글라이콜, 세틸에틸헥사노에이트, 다이카프릴릴에터, 1,2-헥산다이올, 프로판다이올, 펜틸렌글라이콜, 귤껍질추출물, 글루코실헤스페리딘, 스쿠알란, 클로렐라 불가리스추출물, 판테놀, 프룩토올리고사카라이드, 프룩토오스, 알란토인, 하이드로제네이티드폴리데센, 폴리메틸실세스퀴옥세인, 소듐폴리아크릴레이트, 아크릴레이트/C10-30알킬아크릴레이트크로스폴리머, 글루코오스, 트로메타민, 쌀겨왁스, 돌콩추출물, 다이포타슘글리시리제이트, 에틸헥실글리세린, 글리세릴아크릴레이트/아크릴릭애씨드코폴리머, 소듐파이테이트, 토코페롤, 옥탄다이올, 소듐폴리아크릴레이트스타치, 잔탄검, 폴리글리세릴-3메틸글루코오스다이스테아레이트, 글리세릴스테아레이트"
"A000000225127","[보습장벽크림] 코스알엑스 더 세라마이드 스킨 베리어 모이스처라이저 80ml","코스알엑스","80.0","80.0","ml","","25000","3125.0","정제수, 부틸렌글라이콜, 글리세린, 세틸에틸헥사노에이트, 부틸렌글라이콜다이카프릴레이트/다이카프레이트, 스쿠알란, 펜타에리스리틸테트라아이소스테아레이트, 다이카프릴릴카보네이트, 베헤닐알코올, 다이메티콘, 베타인, 하이드록시프로필비스팔미타마이드엠이에이(8,000 ppm), C14-22알코올, 팔미틱애씨드, 스테아릭애씨드, 하이드록시프로필비스라우라마이드엠이에이(7,000 ppm), 아라키딜알코올, 콜레스테롤, 폴리아크릴레이트-13, C12-20알킬글루코사이드, 알란토인, 아라키딜글루코사이드, 카프릴릴글라이콜, 글리세릴카프릴레이트, 에틸헥실글리세린, 하이드로제네이티드폴리아이소부텐, 카보머, 트로메타민, 하이드로제네이티드레시틴, 다이메티콘올, 세테아릴알코올, 폴리글리세릴-10라우레이트, 에틸헥실팔미테이트, 솔비탄아이소스테아레이트, 피토스핑고신, 판테놀, 프로판다이올, 토코페롤, 세라마이드엔피(5,500ppb), 소듐하이알루로네이트, 세라마이드엔에스(1,500 ppb), 1,2-헥산다이올, 하이드롤라이즈드하이알루로닉애씨드, 세라마이드에이피(500 ppb), 세라마이드에이에스(500 ppb), 소듐하이알루로네이트크로스폴리머, 하이알루로닉애씨드, 소듐아세틸레이티드하이알루로네이트, 세라마이드이오피(1 ppb)"
"A000000258935","리쥬란 더마 힐러 포어 타이트닝 크림 50ml(+포어 앰플 10ml 증정)/50ml 단품","리쥬란","50.0","110.0","ml","33000","24900","2263.6","본품:정제수, 글리세린, 부틸렌글라이콜, 프로판다이올, 1,2-헥산다이올, 네오펜틸글라이콜다이헵타노에이트, 나이아신아마이드, 베타인, 에틸헥실팔미테이트, 펜틸렌글라이콜, 암모늄아크릴로일다이메틸타우레이트/브이피코폴리머, 다이메티콘, 카프릴릭/카프릭트라이글리세라이드, 카보머, 세테아릴올리베이트, 트로메타민, 세테아릴알코올, 하이드롤라이즈드디엔에이, 솔비탄올리베이트, 세라마이드엔피, 트레할로오스, 하이드롤라이즈드콩단백질, 하이드롤라이즈드엘라스틴, 소듐하이알루로네이트, 하이알루로닉애씨드, 하이드롤라이즈드하이알루로닉애씨드, 아데노신, 하이드로제네이티드레시틴, 에틸헥실글리세린, 잔탄검, 폴리글루타믹애씨드, 아세틸테트라펩타이드-2, 카르노신, 포트마리골드꽃추출물, 칼메그추출물, 다이소듐이디티에이

증정품:정제수, 부틸렌글라이콜, 글리세린, 알로에베라잎즙, 오이열매추출물, 나이아신아마이드, 1,2-헥산다이올, 버지니아풍년화추출물, 글루코노락톤, 락틱애씨드, 하이드롤라이즈드디엔에이, 다이프로필렌글라이콜, 카프릴릭/카프릭트라이글리세라이드, 글라이콜릭애씨드, 소듐하이드록사이드, 소듐하이알루로네이트, 잔탄검, 귀리커넬추출물, 포트마리골드추출물, 프로판다이올,카라멜, 흰버드나무껍질추출물, 라미나리아 오크롤레우카추출물, 살리실릭애씨드, 알란토인, 다이소듐이디티에이, 에틸헥실글리세린, 아라비아고무나무검, 아데노신, 펜틸렌글라이콜, 소듐만노오스포스페이트, 만노오스, 라이신, 베르가모트오일, 라벤더오일, 프롤린, 카퍼설페이트, 서양톱풀추출물, 카프릴로일살리실릭애씨드, 자몽껍질오일"
"A000000229593","닥터멜락신 아이팔트 아이백 크림 플러스 10g+7g 기획세트","닥터멜락신","10.0","17.0","g(약 1ml 상당으로 근사)","32900","30900","18176.5","정제수, 마그네슘알루미늄실리케이트, 1,2-헥산다이올, 나이아신아마이드,
소듐실리케이트,시트릭애씨드, 잔탄검, 에틸헥실글리세린, 아데노신, 알부틴, 글루타티온, 하이드롤라이즈드해면, 글리세린, 카프릴릭/카프릭트라이글리세라이드,
바오밥나무씨오일,하이드로제네이티드레시틴, 세라마이드엔피, 레시틴, 토코페롤,
소듐포스페이트, 세라마이드에이에스, 세라마이드엔에스, 세라마이드에이피,
세라마이드이오피,소듐하이알루로네이트,에스에이치-올리고펩타이드-1"
"A000000200356","[광채크림/레티날0.1%] 닥터디퍼런트 비타리프트 에이 포르테 20g 기획(+레티날5g+시카크림1.5g*2)","닥터디퍼런트","20.0","26.5","g(약 1ml 상당으로 근사)","52000","41600","15698.1","정제수, 세틸에틸헥사노에이트, 글리세린, 스쿠알란, 잇꽃씨오일, 시어버터, 유채스테롤, 콜레스테롤, 피토스테릴/베헤닐/옥틸도데실라우로일글루타메이트, 1,2-헥산다이올, 폴리글리세릴-10올리에이트, 소듐하이알루로네이트, 하이드로제네이티드레시틴, 폴리글루타믹애씨드, 세라마이드엔피, 레틴알(0.1%), 스테아릭애씨드, 올레익애씨드, 토코페롤, 아데노신, 다이소듐이디티에이"
"A000000258295","[NEW/단독기획] 토리든 다이브인 저분자 히알루론산 수딩 크림 100ml (+20ml)","토리든","100.0","120.0","ml","","24000","2000.0","정제수, 부틸렌글라이콜, 글리세린, 1,2-헥산다이올, 하이드로제네이티드다이데센, 카프릴릭/카프릭트라이글리세라이드, 판테놀, 소듐하이알루로네이트, 소듐하이알루로네이트크로스폴리머, 하이드롤라이즈드소듐하이알루로네이트, 소듐아세틸레이티드하이알루로네이트, 하이드롤라이즈드하이알루로닉애씨드(500ppm), 알란토인, 엑토인, 감초추출물, 트레할로오스, 버지니아풍년화추출물, 글리세릴아크릴레이트/아크릴릭애씨드코폴리머, 피브이엠/엠에이코폴리머, 하이드록시에틸아크릴레이트/소듐아크릴로일다이메틸타우레이트코폴리머, 2,3-부탄다이올, 세테아릴알코올, C14-22알코올, C12-20알킬글루코사이드, 펜틸렌글라이콜, 솔비탄아이소스테아레이트, 카프릴릴메티콘, 클레리추출물, 라벤더꽃추출물, 히아신스전초추출물, 마트리카리아꽃추출물, 수레국화꽃추출물, 보리지추출물, 다이소듐이디티에이, 카보머, 트로메타민, 잔탄검, 글루타티온, 말라카이트추출물, 글루코닉애씨드, 에틸헥실글리세린"
"A000000198833","테라로직 마데셀 더마 리페어 B5 크림 80ml","테라로직","80.0","80.0","ml","42000","29700","3712.5","정제수, 글리세린, 다이프로필렌글라이콜 , 하이드로제네이티드폴리데센, 카프릴릭/카프릭트라이글리세라이드, 세테아릴알코올, 폴리글리세릴-3메틸글루코오스다이스테아레이트, 스쿠알란, 나이아신아마이드, 세틸에틸헥사노에이트, 1,2-헥산다이올, 판테놀, 망고씨버터, 글리세릴스테아레이트, 다이아이소스테아릴말레이트, 마이크로크리스탈린왁스, 합성비즈왁스, 비닐다이메티콘, 하이드록시아세토페논, 암모늄아크릴로일다이메틸타우레이트/브이피코폴리머, 소듐폴리아크릴로일다이메틸타우레이트, 아데노신, 다이소듐이디티에이, 카프릴릴/카프릴글루코사이드, 소듐하이알루로네이트, 클레리추출물, 마데카소사이드, 라벤더꽃추출물, 히아신스전초추출물, 마트리카리아꽃/잎추출물, 수레국화꽃추출물, 부틸렌글라이콜, 보리지추출물, 병풀추출물, 에틸헥실글리세린"
"A000000224727","[수분진정/단독기획] 메이크프렘 인테카 수딩크림 70ml 기획(+크림 31ml)","메이크프렘","70.0","101.0","ml","29000","18900","1871.3","정제수, 프로판다이올, 글리세린, 글리세릴글루코사이드, 1,2-헥산다이올, 카프릴릭/카프릭트라이 글리세라이드, 하이드로제네이티드폴리데센, 나이아신아마이드, 부틸렌글라이콜, 솔비톨, 세테아릴올리베이트, 비닐다이메티콘, 솔비탄올리베이트, 카보머, 칸디다 봄비콜라/글루코오스/메틸레이프씨데이트발효물, 해바라기씨오일, 아시아티코사이드, 아시아틱애씨드, 마데카식애씨드, 하이알루로닉애씨드, 하이드롤라이즈드하이알루로닉애씨드, 소듐하이알루로네이트, 다이프로필렌글라이콜, 글리세릴스테아레이트에스이, 하이드로제네이티드레시틴, 트로메타민, 에틸헥실글리세린, 아데노신, 다이소듐이디티에이, 에톡시다이글라이콜"
"A000000225180","[보습광채] 코스알엑스 어드벤스드 스네일 92 올인원 크림 100g","코스알엑스","100.0","100.0","g(약 1ml 상당으로 근사)","","23000","2300.0","달팽이점액여과물, 베타인, 카프릴릭/카프릭트라이글리세라이드, 부틸렌글라이콜, 세테아릴올리베이트, 솔비탄올리베이트, 세테아릴알코올, 카보머, 알지닌, 다이메티콘, 소듐폴리아크릴레이트, 페녹시에탄올, 소듐하이알루로네이트, 스테아릭애씨드, 알란토인, 판테놀, 잔탄검, 에틸헥산다이올, 아데노신"
"A000000229768","[비타캡슐/착색이별] 구달 청귤 비타C 잡티케어 크림 알파 75ml 기획 (+25ml)","구달","75.0","100.0","ml","30000","22900","2290.0","정제수,탄제린추출물,글리세린,나이아신아마이드,트라이프로필렌글라이콜,트라이에틸헥사노인,1,2-헥산다이올,베타인,펜타에리스리틸테트라에틸헥사노에이트,비닐다이메티콘,프로판다이올,퀸즈랜드넛오일,세테아릴알코올,암모늄아크릴로일다이메틸타우레이트/브이피코폴리머,페닐트라이메티콘,다이메티콘/비닐다이메티콘크로스폴리머,카프릴릭/카프릭트라이글리세라이드,아이소노닐아이소노나노에이트,다이메티콘올,트라이실록세인,폴리글리세릴-10라우레이트,아크릴레이트/C10-30알킬아크릴레이트크로스폴리머,하이드록시아세토페논,세테아릴글루코사이드,알파-알부틴,에틸헥실글리세린,아데노신,캐스터오일/아이피디아이코폴리머,트로메타민,황련뿌리추출물,당근추출물,부틸렌글라이콜,소듐파이테이트,카놀라오일,올리브오일,센티드제라늄꽃오일,당근씨오일,소듐라우레이트,알지닌,카보머,라벤더오일,소듐아스코빌포스페이트,아스코빌글루코사이드,3-O-에틸아스코빅애씨드,라우릭애씨드,캐모마일꽃오일,아모다이메티콘,토코페릴아세테이트,해바라기씨오일,베타-카로틴,오렌지껍질오일,멕시칸주니퍼오일,토코페롤,글루타티온,아스코빅애씨드,유비퀴논,티옥틱애씨드"
"A000000259298","아비브 히알루로닉 붐 크림 워터튜브 75ml 더블 기획","아비브","75.0","150.0","ml","52000","28600","1906.7","정제수, 글리세린, 메틸프로판다이올, 부틸렌글라이콜, 1,2-헥산다이올, 펜틸렌글라이콜, 다이글리세린, 글리세릴글루코사이드, 트레할로오스, 에틸헥실아이소노나노에이트, 카보머, 알지닌, 옥수수전분, 암모늄아크릴로일다이메틸타우레이트/브이피코폴리머, 소듐하이알루로네이트(1,145 ppm), 하이드록시에틸아크릴레이트/소듐아크릴로일다이메틸타우레이트코폴리머, 세라마이드엔피, 에리스리톨, 스테아릭애씨드, 에틸헥실글리세린, 잔탄검, 셀룰로오스, 하이드로제네이티드레시틴, 글루코오스, 소듐파이테이트, 피브이엠/엠에이코폴리머, 알란토인, 덱스트린, 하이알루로닉애씨드/폴리아이소프로필아크릴아마이드코폴리머(20 ppm), 치자추출물, 아세틸글루코사민, 엑토인, 판테놀, 자일로글루칸, 토코페롤, 수용성콜라겐"
"A000000204308","[모공고민|화잘먹] 바이오힐보 프로바이오덤 콜라겐 리모델링 크림 [단품/증정기획]","바이오힐보","","","","38000","28500","","정제수, 글리세린, 프로판다이올, 메틸프로판다이올, 페닐트라이메티콘, 락토바실러스발효물, 펜틸렌글라이콜, 콜라겐(40 ppm), 콜라겐추출물(40 ppm), 달맞이꽃꽃추출물, 당느릅나무뿌리추출물, 대왕소나무잎추출물, 칡뿌리추출물, 하이드로제네이티드레시틴, 피토스테롤, 비닐다이메티콘, 1,2-헥산다이올, 판테놀, 폴리메틸실세스퀴옥세인, 아라키딜알코올, 암모늄아크릴로일다이메틸타우레이트/브이피코폴리머, 하이드록시에틸아크릴레이트/소듐아크릴로일다이메틸타우레이트코폴리머, 베타인, 하이드록시아세토페논, 다이메티콘올, 스테아릭애씨드, 베헤닐알코올, 아라키딜글루코사이드, 에틸헥실글리세린, 세테아릴알코올, 아데노신, 아크릴레이트/C10-30알킬아크릴레이트크로스폴리머, 부틸렌글라이콜, 세라마이드엔피, 솔비탄아이소스테아레이트, 트로메타민, 3-O-에틸아스코빅애씨드, 잔탄검, 베타-글루칸, 하이드롤라이즈드옥수수전분, 글라이코사미노글리칸, 하이드롤라이즈드엘라스틴, 수크로오스, 사이아노코발아민, 프룩토올리고사카라이드, 토코페롤, 글루코노락톤, 카프릴로일살리실릭애씨드, 탄닉애씨드, 하이드록시프로필사이클로덱스트린, 프룩탄, 이눌린, 노나펩타이드-1, 다이펩타이드다이아미노부티로일벤질아마이드다이아세테이트, 아세틸헥사펩타이드-8, 카퍼트라이펩타이드-1, 카프릴릭/카프릭트라이글리세라이드, 트라이펩타이드-1, 팔미토일테트라펩타이드-7, 팔미토일트라이펩타이드-1, 팔미토일트라이펩타이드-5, 팔미토일펜타펩타이드-4, 팔미토일헥사펩타이드-12, 펜타펩타이드-3, 헥사펩타이드-9, 수크로오스다이스테아레이트, 향료"
"A000000171829","바이오더마 아토덤 인텐시브 밤 500ml","바이오더마","500.0","500.0","ml","48000","38400","768.0","정제수, 글리세린, 미네랄오일, 해바라기씨오일, 베헤닐알코올, 수크로오스스테아레이트, 카놀라오일, 하이드록시에틸아크릴레이트/소듐아크릴로일다이메틸타우레이트코폴리머, 펜틸렌글라이콜, 베타-시토스테롤, 자일리톨, 징크글루코네이트, 아크릴레이트/C10-30알킬아크릴레이트크로스폴리머, 팔미타마이드엠이에이, 1,2-헥산다이올, 카프릴릴글라이콜, 소듐시트레이트, 만니톨, 람노오스, 소듐라우로일락틸레이트, 소듐하이드록사이드, 폴리솔베이트60, 솔비탄아이소스테아레이트, 토코페롤, 피토스핑고신, 세라마이드엔피, 에틸헥실글리세린, 세라마이드에이피, 콜레스테롤, 카보머, 잔탄검, 프룩토올리고사카라이드, 카프릴릭/카프릭트라이글리세라이드, 라미나리아 오크롤레우카추출물, 시트릭애씨드, 세라마이드이오피"
"A000000168360","[아랑 PICK] 낫츠 센텔라스카 연고 일랑일랑 15g","낫츠","15.0","15.0","g(약 1ml 상당으로 근사)","20000","18000","12000.0",""
"A000000225277","[7월올영픽] 키엘 크림 4종 모음 (울트라 훼이셜 크림/메디크림/오일프리 젤크림/베리어크림)","키엘","","","","30000","22800","","정제수 글리세린 다이메티콘 스쿠알란 비스-피이지-18메틸에터다이메틸실레인 수크로오스스테아레이트 스테아릴알코올 피이지-8스테아레이트 미리스틸미리스테이트 살구씨오일 페녹시에탄올 아보카도오일 글리세릴스테아레이트 세틸알코올 쌀겨오일 올리브오일 클로페네신 스테아릭애씨드 팔미틱애씨드 카보머 아크릴레이트/C10-30알킬아크릴레이트크로스폴리머 트라이소듐에틸렌다이아민다이석시네이트 스위트아몬드오일 잔탄검 에틸헥실글리세린 소듐하이드록사이드 토코페롤 돌콩오일 슈도알테로모나스발효추출물 미리스틱애씨드 하이드록시팔미토일스핑가닌 살리실릭애씨드 해바라기씨오일 로즈마리잎추출물 시트릭애씨드"
"A000000231978","[눈가탄력/레티날] 조선미녀 인삼아이크림 30ml 2입 기획","조선미녀","30.0","60.0","ml","29000","27500","4583.3","정제수,글리세린,다이프로필렌글라이콜,카프릴릭/카프릭트라이글리세라이드,1,2-헥산다이올,부틸렌글라이콜다이카프릴레이트/다이카프레이트,나이아신아마이드,펜타에리스리틸테트라에틸헥사노에이트,세테아릴알코올,세테아릴올리베이트,솔비탄올리베이트,부틸렌글라이콜,하이드로제네이티드레시틴,인삼추출물,카보머,글리세릴스테아레이트,트로메타민,마카다미아씨오일,에틸헥실글리세린,아데노신,콜레스테롤,덱스트린,폴리글리세릴-10올리에이트,카카오추출물,다이소듐이디티에이,유채스테롤,피토스테릴/베헤닐/옥틸도데실라우로일글루타메이트,레틴알,실리카,알루미늄/마그네슘하이드록사이드스테아레이트,소듐하이알루로네이트,토코페롤,포타슘세틸포스페이트,펜타에리스리틸테트라-다이-t-부틸하이드록시하이드로신나메이트,세라마이드엔피,팔미토일트라이펩타이드-5"
"A000000261065","셀리맥스 더 비타 A 레티날 샷 타이트닝 듀얼 크림 50ml","셀리맥스","50.0","50.0","ml","","37000","7400.0","(1제) 정제수, 글리세린, 다이메티콘, 카프릴릭/카프릭트라이글리세라이드, 부틸렌글라이콜, 세테아릴알코올, 나이아신아마이드, 1,2-헥산다이올, 세테아릴올리베이트, 합성비즈왁스, 소듐폴리아크릴레이트, 다이아이소스테아릴말레이트, 솔비탄올리베이트, 글리세릴스테아레이트, 카보머, 알지닌, 토코페롤, 레시틴, 에틸헥실글리세린, 잔탄검, 레틴알(0.05%), 아데노신, 소듐락테이트, 하이드롤라이즈드해면, 다이소듐이디티에이, 폴리솔베이트20, 아스코빅애씨드, 팔미토일트라이펩타이드-1, 팔미토일테트라펩타이드-7
(2제) 정제수, 글리세린, 다이메티콘, 판테놀, 카프릴릭/카프릭트라이글리세라이드, 세테아릴알코올, 나이아신아마이드, 부틸렌글라이콜, 1,2-헥산다이올, 세테아릴올리베이트, 합성비즈왁스, 소듐폴리아크릴레이트, 다이아이소스테아릴말레이트, 솔비탄올리베이트, 글리세릴스테아레이트, 구아이아줄렌, 카보머, 알지닌, 에틸헥실글리세린, 잔탄검, 아데노신, 다이소듐이디티에이"
"A000000254067","[포켓몬 에디션] VT 피디알엔 캡슐 크림 100 50ml 더블 기획 (+피카츄 파우치 키링)","VT","50.0","100.0","ml","47500","36900","3690.0","정제수, 글리세린, 카프릴릭/카프릭트라이글리세라이드, 글리세레스-26, 다이프로필렌글라이콜, 나이아신아마이드, 1,2-헥산다이올, 판테놀, 시어버터, 스쿠알란, 글리세릴글루코사이드, 카보머, 알지닌, 글리세릴아크릴레이트/아크릴릭애씨드코폴리머, 다이프로필렌글라이콜, 아라키딜글루코사이드, 아라키딜알코올, 마요라나잎추출물, 세라마이드엔피, 글리세릴스테아레이트, 세테아릴알코올, 베헤닐알코올, 에틸헥실글리세린, C12-16알코올, 아라키딜글루코사이드, 트로메타민, 아데노신, 다이메티콘/비닐다이메티콘크로스폴리머, 펜타에리스리틸테트라-디-t-부틸하이드록시하이드로신나메이트, 팔미틱애씨드, 하이드로제네이티드레시틴, 카페일글루코오스, 잔탄검, 로즈마리추출물, 락토바실러스발효용해물, 마트리카리아꽃오일, 부틸렌글라이콜, 글루코오스, 산양삼추출물, 소듐디엔에이(0.5ppm), 다이페닐다이메티콘, 하이드롤라이즈드하이알루로닉애씨드, 하이드롤라이즈드소듐하이알루로네이트, 소듐아세틸레이티드하이알루로네이트, 소듐하이알루로네이트크로스폴리머, 하이드록시프로필트라이모늄하이알루로네이트, 소듐하이알루로네이트다이메틸실란올, 소듐아세틸레이티드하이알루로네이트, 소듐하이알루로네이트, 포타슘하이알루로네이트, 하이알루로닉애씨드, 세라마이드엔피, 소듐하이알루로네이트크로스폴리머, 하이드록시프로필트라이모늄하이알루로네이트, 소듐하이알루로네이트다이메틸실란올, 소듐아세틸레이티드하이알루로네이트, 소듐하이알루로네이트, 폴리글리세릴-10라우레이트, 트라이펩타이드-1, 아세틸테트라펩타이드-2, 아세틸테트라펩타이드-5, 카퍼트라이펩타이드-1, 팔미토일트라이펩타이드-1, 팔미토일펜타펩타이드-4, 헥사펩타이드-11, 헥사펩타이드-9, 팔미토일트라이펩타이드-5"
"A000000176032","에스티 로더 갈색병 아이 젤 크림 15ml","에스티로더","15.0","15.0","ml","130000","110500","73666.7","정제수,다이메티콘,메틸트라이메티콘,비피다발효용해물,다이메티콘/비닐다이메티콘크로스폴리머,프로판다이올,페트롤라툼,수크로오스,글리세린,부틸렌글라이콜,아크릴아마이드/소듐아크릴로일다이메틸타우레이트코폴리머,트레할로오스,트리펩타이드-32,바오밥나무씨추출물,라벤더꽃추출물,소듐하이알루로네이트,락토바실러스발효물,토코페릴아세테이트,효모추출물,힙네아 무스키포르미스추출물,소듐알엔에이,카페인,스쿠알란,캐모마일꽃오일,복령균핵추출물,수박추출물,에스큘렌타렌즈콩추출물,사과추출물,에틸헥실글리세린,소듐피씨에이,피토스핑고신,하이드롤라이즈드알진,발레이추출물,호호바에스터,밀배아오일,하이드로제네이티드레시틴,레시틴,아이소헥사데칸,호호바알코올,아이소프로필호호베이트,피이지/피피지-18/18다이메티콘,폴리솔베이트80,아크릴레이트/C10-30알킬아크릴레이트크로스폴리머,트로메타민,소르비탄올리에이트,소듐락테이트,폴리솔베이트40,포타슘글루코네이트,토코페롤,비에이치티,페녹시에탄올,포타슘솔베이트,소듐벤조에이트,적색산화철,황색산화철[ILN50654]"
"A000000259944","라니쥬 리텐셜 크림 라이트 80ml","라니쥬","80.0","80.0","ml","35900","25900","3237.5","정제수, 메틸프로판다이올, 카프릴릭/카프릭트라이글리세라이드, 나이아신아마이드, 글리세레스-26, 세테아릴알코올, 부틸렌글라이콜다이카프릴레이트/다이카프레이트, 글리세린, 프로판다이올, 덱스판테놀,
글리세릴스테아레이트, 하이드로제네이티드폴리데센, 아이소도데케인, 세테아릴올리베이트, 부틸렌글라이콜, 합성비즈왁스, 해바라기씨오일, 스테아릭애씨드, 1,2-헥산다이올, 카프릴릴글라이콜, 솔비탄올리베이트,
소듐아크릴레이트/소듐아크릴로일다이메틸타우레이트코폴리머, 시어버터, 폴리아이소부텐, 하이드록시에틸아크릴레이트/소듐아크릴로일다이메틸타우레이트코폴리머, 아데노신, 카프릴릴/카프릴글루코사이드, 세라
마이드엔피, 솔비탄올리에이트, 바오밥나무씨오일, 솔비탄아이소스테아레이트, 하이드로제네이티드레시틴, 병풀추출물, 팔미틱애씨드, 에틸헥실글리세린, 토코페롤, 세라마이드엔에스, 세라마이드에이에스, 프로폴리
스추출물, 세라마이드이오피, 세라마이드에이피, 아시아티코사이드, 병풀캘러스세포외소포, 아시아틱애씨드, 마데카식애씨드, 마데카소사이드, 컴프리잎추출물, 소듐하이알루로네이트, 소듐콘드로이틴설페이트, 소듐디
엔에이, 글루타티온, 바질씨추출물, 멕시칸치아씨추출물, 폴스애플민트잎추출물, 녹차추출물, 블래더랙추출물, 꿀풀추출물, 타마린드씨추출물, 질경이씨추출물, 아마씨추출물, 퀴노아씨추출물, 타임잎추출물, 에스에이치
-올리고펩타이드-1, 다이소듐이디티에이, 카퍼트라이펩타이드-1, 아세틸헥사펩타이드-8, 팔미토일펜타펩타이드-4, 락토바실러스발효물, 팔미토일트라이펩타이드-1, 팔미토일테트라펩타이드-7, 에스에이치-올리고펩타이
드-2, 에스에이치-폴리펩타이드-1, 에스에이치-폴리펩타이드-22"
"A000000191008","[핑크빛생기아이크림]눅스 프로디쥬스 부스트 아이 밤 젤 15ml","눅스","15.0","15.0","ml","43000","34830","23220.0","정제수, 변성알코올, 다이메티콘, 글리세린, 소듐아크릴레이트코폴리머, 유럽개암씨오일, 옥틸도데칸올, 레시틴, 페녹시에탄올, 다이메티콘올, 토코페롤, 에틸헥실글리세린, 카페인, 리보오스, 소듐글루코네이트, 다이메티콘크로스폴리머, 아크릴레이트/C10-30알킬아크릴레이트크로스폴리머, 부틸렌글라이콜, 소듐하이알루로네이트, 펜틸렌글라이콜, 커먼자스민꽃추출물, 소듐하이드록사이드, 마이카, 적색산화철, 포트마리골드꽃추출물, 팩스추출물, 향료"
"A000000187139","[아랑 PICK] 낫츠 센텔라스카 연고 일랑일랑 2입 기획(15g+15g)","낫츠","15.0","30.0","g(약 1ml 상당으로 근사)","40000","34000","11333.3",""
"A000000260752","동화약품 비타비 크림 30ml 기획 (+15ml)","동화약품","30.0","45.0","ml","29000","19700","4377.8","정제수, 글리세린, 나이아신아마이드(5%), 카프릴릭/카프릭트라이글리세라이드, 프로판다이올, 스쿠알란, 폴리글리세린-3, 펜틸렌글라이콜, 1,2-헥산다이올, 황련추출물, 백미꽃추출물, 접시꽃추출물, 하이알루로닉애씨드, 하이드롤라이즈드하이알루로닉애씨드, 소듐하이알루로네이트, 폴리글리세릴-10다이스테아레이트, 다이프로필렌글라이콜다이벤조에이트, 암모늄아크릴로일다이메틸타우레이트/브이피코폴리머, 부틸렌글라이콜, 아크릴레이트/C10-30알킬아크릴레이트크로스폴리머, 알지닌, 소듐폴리아크릴로일다이메틸타우레이트, 에틸헥실글리세린, 다이포타슘글리시리제이트, 하이드로제네이티드레시틴, 폴리쿼터늄-51, 소듐파이테이트, 알란토인, 글루코실루틴, 세라마이드엔피, 베타-글루칸, 판토테닉애씨드, 징크피씨에이, 다이프로필렌글라이콜, 토코페롤, 수크로오스코코에이트, 미리스틸니코티네이트, 토타롤"
"A000000229222","랑콤 제니피끄 아이 크림 20ml","랑콤","20.0","20.0","ml","127000","103630","51815.0","정제수 다이메티콘 비피다발효용해물 글리세린 프로판다이올 변성알코올 폴리실리콘-11 실리카 다이메티콘/피이지-10/15크로스폴리머 피이지-10다이메티콘 다이-C12-13 알킬말레이트 암모늄폴리아크릴로일다이메틸타우레이트 티타늄디옥사이드 아스코빌글루코사이드 락틱애씨드 락토바실러스 토코페롤 하이드로제네이티드식물성오일 소듐하이드록사이드 소듐벤조에이트 소듐하이알루로네이트 소듐시트레이트 아데노신 효모추출물 아세틱애씨드 트라이소듐에틸렌다이아민다이석시네이트 클로페네신 야콘뿌리즙 클로헥시딘다이글루코네이트 메밀씨추출물 말토덱스트린 살리실로일피토스핑고신 클로렐라 불가리스추출물 다이메티콘올 리모넨만노오스 펜틸렌글라이콜 합성플루오르플로고파이트 리날룰 펜타에라프리틸테트라-다이-1-부틸하이드록시하이드로신나메이트 바이오사카라이드검-1 카프릴릭/카프릭트라이글리세라이드알파-글루칸올리고사카라이드 카프릴릴글라이콜 다이프로필렌글라이콜 카보머 보론나이트라이드 아크릴레이트/C10-30알킬아크릴레이트 크로스폴리머 제라니올 비스-피이지/피피지-16/16피이지/피피지-16/16다이메티콘 세테아레스-20 포타슘세틸포스페이트 시트로넬올 알루미나 향료"
"A000000158038","[채서안PICK/보습탄력] 아비브 부활초 크림 뉴트리션 튜브 75ml 기획 (+30ml 추가 증정)","아비브","75.0","105.0","ml","35000","24500","2333.3","정제수, 부틸렌글라이콜, 글리세린, 카프릴릭/카프릭트라이글리세라이드, 다이아이소스테아릴말레이트, 코코넛야자오일, 시어버터, 세테아릴알코올, 다이글리세린, 펜틸렌글라이콜, 1,2-헥산다이올, 비스-다이글리세릴폴리아실아디페이트-2, 카프릴릭/카프릭/미리스틱/스테아릭트라이글리세라이드, 아이소트라이데실아이소노나노에이트, 아라키딜알코올, 판테놀, 합성비즈왁스, 비닐다이메티콘, 트루로즈오브예리코추출물(1,240 ppm), 호호바에스터, 베헤닐알코올, 글리세릴스테아레이트, 아라키딜글루코사이드, 하이드록시에틸아크릴레이트/소듐아크릴로일다이메틸타우레이트코폴리머, C12-16알코올, 아크릴레이트/C10-30알킬아크릴레이트크로스폴리머, 팔미틱애씨드, 트로메타민, 카나우바왁스, 하이드로제네이티드레시틴, 락토바실러스발효물, 다이포타슘글리시리제이트, 잔탄검, 에틸헥실글리세린, 아데노신, 트라이소듐에틸렌다이아민다이석시네이트, 토코페롤, 차가버섯추출물, 메틸프로판다이올, 블루아가베잎추출물"
"A000000231061","[바르고 자는 톤업크림] 메디테라피 포쎄라 리얼 비피다 블러 크림 50ml","메디테라피","50.0","50.0","ml","19800","18800","3760.0","정제수,글리세린,카프릴릭/카프릭트라이글리세라이드, 비피다발효용해물,부틸렌글라이콜,1,2-헥산다이올,나이아신아마이드,시어버터,폴리글리세릴-3메틸글루코오스다이스테아레이트,다이카프릴릴카보네이트, 글리세릴스테아레이트에스이,베헤닐알코올,비닐다이메티콘,다시마추출물, 한련초잎추출물, 맥아추출물,카카오씨추출물, 달맞이꽃꽃추출물, 당느릅나무뿌리추출물, 대왕소나무잎추출물, 칡뿌리추출물,올리브오일,분비나무오일, 하이드로제네이티드레시틴,로즈마리잎오일,클레리오일,캐모마일꽃오일,멕시칸주니퍼오일,마트리카리아꽃오일,티타늄디옥사이드,코코-카프릴레이트/카프레이트, 락토바실러스발효용해물,프로판다이올,카보머,다이프로필렌글라이콜,트로메타민,에틸헥실글리세린,소듐스테아로일글루타메이트, 폴리하이드록시스테아릭애씨드,마이크로크리스탈린셀룰로오스,아데노신, 알루미나,트라이에톡시카프릴릴실레인,다이소듐이디티에이,프룩토올리고사카라이드,덱스트린,셀룰로오스검,베타-글루칸,하이드롤라이즈드하이알루로닉애씨드,토코페롤, 잔탄검"
"A000000251937","[20ml 증정/붉은기완화] 세타필 시카 세라 장벽 크림 45ml","세타필","20.0","65.0","ml","25000","18750","2884.6","정제수, 카프릴릭/카프릭 트리글리세라이드, 글리세린, 프로판디올, 해바라기씨오일, 펜틸렌글라이콜, 다이메티콘, 시어버터, 세테아릴알콜, 베헤닐알콜, 글리세릴스테아레이트, 토코페릴아세테이트, 세틸알콜, 나이아신아마이드, 글리세릴스테아레이트시트레이트, 다이소듐에틸렌다이코카마이드피이지-15다이설페이트, 카프릴릴글라이콜, 카페인, 세테아레스-20, 판테놀, 알란토인, 병풀잎추출물0.2%, 아크릴레이트/C10-30알킬아크릴레이트크로스폴리머, 다이소듐이디티에이, 잔탄검, 세라마이드엔피, 소듐하이알루로네이트, 소듐하이드록사이드, 판토락톤, 시트릭애씨드"
"A000000180543","코스알엑스 더 레티놀 0.1 크림 20ml","코스알엑스","20.0","20.0","ml","25000","18700","9350.0","정제수, 카프릴릭/카프릭트라이글리세라이드, 프로판다이올, 글리세린, 토코페릴아세테이트, 세테아릴알코올, 트레할로오스, 판테놀, 시어버터, 돌콩오일, 암모늄아크릴로일다이메틸타우레이트/브이피코폴리머, 다이메티콘, 글리세릴폴리메타크릴레이트, 해바라기씨오일, 폴리글리세릴-10스테아레이트, 하이드로제네이티드레시틴, 하이드록시에틸아크릴레이트/소듐아크릴로일다이메틸타우레이트코폴리머, 카보머, 트로메타민, 글리세릴스테아레이트, 폴리실리콘-11, 소듐설파이트, 토코페롤, 당근추출물, 레티놀(0.1%), 알란토인, 글리세릴카프릴레이트, 쌀겨왁스, 토코트라이엔올, 스테아릭애씨드, 폴리글리세릴-3메틸글루코오스다이스테아레이트, 팔미틱애씨드, 다이소듐이디티에이, 에틸헥실글리세린, 아데노신, 솔비탄아이소스테아레이트, 오일팜오일, 비에이치티, 베타-카로틴, 미리스틱애씨드, 라우릭애씨드, 아스코빅애씨드, 메도우폼씨오일, 3-O-에틸아스코빅애씨드, 글루타티온, 소듐하이알루로네이트, 1,2-헥산다이올, 하이드롤라이즈드하이알루로닉애씨드, 소듐하이알루로네이트크로스폴리머, 하이알루로닉애씨드, 소듐아세틸레이티드하이알루로네이트"
"A000000257128","[텔레토비 콜라보] 구달 어성초 히알루론 수딩 크림 75ml 리필 기획 (+75ml) (+왕 스티커 3매)","구달","75.0","150.0","ml","30000","22900","1526.7","정제수, 글리세린, 비닐다이메티콘, 부틸렌글라이콜, 카프릴릴메티콘, 다이프로필렌글라이콜, 1,2-헥산다이올, 펜틸렌글라이콜, 에리스리톨, 자일리톨, 어성초추출물(=약모밀추출물, 6,501ppm), 효모발효여과물, 소듐하이알루로네이트(102.1ppm), 편백오일, 유칼립투스잎오일, 하이드롤라이즈드하이알루로닉애씨드(0.15ppm), 하이알루로닉애씨드(0.1ppm), 칸디다 봄비콜라/글루코오스/메틸레이프씨데이트발효물, 포도씨오일, 병풀잎추출물, 산구절초추출물, 해바라기씨오일, 쇠비름추출물, 에틸헥실팔미테이트, 암모늄아크릴로일다이메틸타우레이트/브이피코폴리머, 솔비톨, 트로메타민, 아크릴레이트/C10-30알킬아크릴레이트크로스폴리머, 카프릴릭/카프릭트라이글리세라이드, 에틸헥실글리세린, 판테놀, 하이드로제네이티드레시틴, 소듐파이테이트, 세라마이드엔피, 베타-글루칸, 다발방패버섯추출물, 엑토인, 셀룰로오스, 폴리글루타믹애씨드, 하이알루로닉애씨드/폴리아이소프로필아크릴아마이드코폴리머(1ppm), 글리세릴카프릴레이트, 다이메틸실란올하이알루로네이트(0.15ppm), 하이드롤라이즈드소듐하이알루로네이트(0.15ppm), 포타슘하이알루로네이트(0.1ppm), 토코페롤, 하이드록시프로필트라이모늄하이알루로네이트(0.08ppm), 소듐하이알루로네이트크로스폴리머(0.08ppm), 프로판다이올, 소듐하이알루로네이트다이메틸실란올(0.05ppm), 소듐아세틸레이티드하이알루로네이트(0.04ppm), 폴리글리세릴-10아이소스테아레이트, 폴리글리세릴-10올리에이트, 스테아릭애씨드, 세라마이드엔에스, 콜레스테롤, 피토스핑고신, 세라마이드에이피, 세라마이드에이에스, 세라마이드이오피, 카보머, 세테아릴알코올"
"A000000254720","아이오페 비타민C 엑스퍼트 40% 마스크 컨센트레이트 15g 기획 (+ PDRN 10ml)","아이오페","10.0","10.0","ml","59000","47200","47200.0","아스코빅애씨드, 페닐트라이메티콘, 실리카다이메틸실릴레이트, 하이드로제네이티드폴리아이소부텐, 카프릴릭/카프릭트라이글리세라이드, 비닐다이메티콘/메티콘실세스퀴옥세인크로스폴리머, 카프릴릴메티콘, C12-15알킬벤조에이트, 세틸에틸헥사노에이트, 하이드로제네이티드캐스터오일다이머다이리놀레에이트, 트라이에틸헥사노인, 폴리글리세릴-4다이아이소스테아레이트/폴리하이드록시스테아레이트/세바케이트, 다이아이소스테아로일폴리글리세릴-3다이머다이리놀리에이트, 폴리메틸메타크릴레이트, 티몰트라이메톡시신나메이트, 코질메틸렌다이옥시신나메이트, 니코틴아마이드모노뉴클레오타이드, 메틸메타크릴레이트/아크릴로나이트릴코폴리머, 레스베라트롤, 콩폴리펩타이드"
"A000000256802","[카니PICK/속수분크림] 웰라쥬 리얼 히알루로닉 수딩 크림 80ml 기획(+20ml)","웰라쥬","80.0","100.0","ml","28000","17900","1790.0","정제수, 부틸렌글라이콜, 글리세린, 1,2-헥산다이올, 나이아신아마이드, 하이드로제네이티드다이데센, 판테놀, 세테아릴알코올, 세틸에틸헥사노에이트, 트레할로오스, 메틸트라이메티콘, 비닐다이메티콘, 올리브오일폴리글리세릴-6에스터, 알지닌, 카보머, 소듐스테아로일락틸레이트, 하이드록시에틸아크릴레이트/소듐아크릴로일다이메틸타우레이트코폴리머, 하이드록시아세토페논, 에틸헥실글리세린, 알란토인, 아데노신, 트라이소듐에틸렌다이아민다이석시네이트, 다이소듐이디티에이, 소듐폴리아크릴레이트, 피브이엠/엠에이코폴리머, 솔비탄아이소스테아레이트, 말라카이트추출물, 소듐디엔에이, 프로판다이올, 토코페롤, 하이드롤라이즈드하이알루로닉애씨드(1ppm), 다이메틸아이소소바이드, 하이드로제네이티드레시틴, 소듐하이알루로네이트크로스폴리머(0.1981ppm), 시트릭애씨드, 카프릴릭/카프릭트라이글리세라이드, 수크로오스라우레이트, 올레일알코올, 소듐스테아로일글루타메이트, 암모늄아크릴로일다이메틸타우레이트/브이피코폴리머, 글라이신, 세린, 히스티딘, 돌콩추출물, 리솔레시틴, 플로레틴, 테트라하이드로피페린, 벤질글라이콜, 하이드롤라이즈드글라이코사미노글리칸, 소듐하이알루로네이트(0.52ppb), 하이드록시프로필트라이모늄하이알루로네이트(0.012ppb), 하이알루로닉애씨드(0.001ppb), 소듐아세틸레이티드하이알루로네이트(0.0002ppb)"
"A000000243333","[7월 올영픽/5초 즉각진정] 키엘 울트라 훼이셜 메디크림 28ml/50ml (기획/단품)","키엘","28.0","78.0","ml","54000","41040","5261.5","정제수 글리세린 카프릴릭/카프릭트라이글리세라이드 스쿠알란 시어버터 스테아릴알코올 세틸알코올 미리스틸미리스테이트 콜로이달오트밀 C15-19알케인 페녹시에탄올 판테놀 글리세릴스테아레이트 다이메티콘 피이지-100스테아레이트 아보카도오일 클로페네신 스테아릭애씨드 팔미틱애씨드 트라이소듐에틸렌다이아민다이석시네이트 카보머 아크릴레이트/C10-30알킬아크릴레이트크로스폴리머 토코페롤 비사보롤 징크글루코네이트 돌콩오일 펜타에리스리틸테트라-다이-t-부틸하이드록시하이드로신나메이트 잔탄검 에틸헥실글리세린 아데노신 소듐하이드록사이드 미리스틱애씨드 시트릭애씨드 해바라기씨오일 로즈마리잎추출물"
"A000000203831","[쫀득물착크림] 스킨푸드 블루 캐모마일 히알루로닉 수분크림 기획(70ml+30ml)","스킨푸드","70.0","100.0","ml","25000","17500","1750.0","정제수, 글리세린, 프로판다이올, 아이소노닐아이소노나노에이트, 나이아신아마이드, 아이소헥사데칸, 캐모마일꽃수 (10,780ppm), 1,2-헥산다이올, 호호바에스터, 세테아릴올리베이트, 판테놀, 하이드로제네이티드폴리(C6-14올레핀), 베타인, 솔비탄올리베이트, 암모늄아크릴로일다이메틸타우레이트/브이피코폴리머, 소듐폴리아크릴레이트, 아크릴레이트/C10-30알킬아크릴레이트크로스폴리머, 트로메타민, 에틸헥실글리세린, C18-21알케인, 알란토인, 글리세릴아크릴레이트/아크릴릭애씨드코폴리머, 아데노신, 폴리글리세릴-10올리에이트, 다이소듐이디티에이, 소듐하이알루로네이트 (105ppm), 토코페롤, 하이알루로닉애씨드 (2ppm), 소듐하이알루로네이트크로스폴리머 (1ppm), 소듐구아이아줄렌설포네이트, 하이드롤라이즈드소듐하이알루로네이트 (1ppm), 하이드롤라이즈드하이알루로닉애씨드 (1ppm), 소듐아세틸레이티드하이알루로네이트 (0.1ppm), 하이드록시프로필트라이모늄하이알루로네이트 (0.1ppm)"
"A000000257834","[잡티저격/TXA] 퍼셀 80억/mL 글루타치온 TXA 캡슐 크림 80ml","퍼셀","80.0","80.0","ml","33000","29700","3712.5","정제수, 프로판다이올, 트라넥사믹애씨드(5%), 나이아신아마이드, 글리세린, 카프릴릭/카프릭트라이글리세라이드, 페닐트라이메티콘, 퀸즈랜드넛오일, 하이드로제네이티드폴리(C6-14올레핀), 다이카프릴릴에터, 비닐다이메티콘, 세테아릴알코올, 1,2-헥산다이올, 하이드로제네이티드폴리데센, 글루타티온(0.5%), 아이소노닐아이소노나노에이트, 세테아릴올리베이트, 글리세릴스테아레이트에스이, 하이드록시에틸아크릴레이트/소듐아크릴로일다이메틸타우레이트코폴리머, 솔비탄올리베이트, 다이프로필렌글라이콜, 베헤닐알코올, 다이메티콘올, 세테아릴글루코사이드, 하이드로제네이티드레시틴, 하이드록시아세토페논, 에틸헥실글리세린, 황련뿌리추출물, 토코페롤, 판테놀, 세라마이드엔피, 하이드롤라이즈드하이알루로닉애씨드, 잔탄검, 부틸렌글라이콜, 아데노신, 유비퀴논, 프룩토올리고사카라이드, 캐스터오일/아이피디아이코폴리머, 다이소듐이디티에이, 솔비탄아이소스테아레이트, 콜레스테롤, 하이드로제네이티드폴리(C6-20올레핀), 베타-글루칸, 에이치디아이/트라이메틸올헥실락톤크로스폴리머, 녹차수, 아크릴레이트/C10-30알킬아크릴레이트크로스폴리머, 소듐스테아로일글루타메이트, 트로메타민, 한련초잎추출물, 다시마추출물, 다이포타슘글리시리제이트, 글라이신, 소듐코코일이세티오네이트, 시스테인"
"A000000248363","[장벽바이오크림] 지피덤 셀트리온EGF 스킨베리어 인텐시브 크림 80ml 기획 (+크림15ml+앰플1ml*3ea)","지피덤","80.0","96.0","ml","38000","21760","2266.7","[지피덤 이지에프 스킨 베리어 인텐시브 크림] 정제수, 글리세린, 망고씨버터, 세테아릴알코올, 세틸알코올, 하이드로제네이티드폴리데센, 다이카프릴릴카보네이트, 카카오씨버터, 폴리글리세릴-3메틸글루코오스다이스테아레이트, 나이아신아마이드, 세틸에틸헥사노에이트, 부틸렌글라이콜, 글리세릴스테아레이트, 프로판다이올, C12-16알코올, 1,2-헥산다이올, 판테놀, 라피노오스, 팔미틱애씨드, 하이드로제네이티드레시틴, 암모늄아크릴로일다이메틸타우레이트/브이피코폴리머, 글리세릴카프릴레이트, 토코페롤, 해바라기씨오일, 카프릴릭/카프릭트라이글리세라이드, 잔탄검, 아데노신, 캐모마일꽃오일, 다이소듐이디티에이, 폴리쿼터늄-51, 세라마이드엔피, 측백나무추출물, 옥틸도데칸올, 비터오렌지꽃추출물, 글리세릴아크릴레이트/아크릴릭애씨드코폴리머, 유채스테롤, 소듐피씨에이, 스테아릭애씨드, 올리브오일, 벤토나이트, 양까막까치밥나무씨오일, 사이클로헥실글리세린, 리날릴아세테이트, 해바라기씨오일불검화물, 다이프로필렌글라이콜, 올리브오일데실에스터, 하이드록시아세토페논, 피토스핑고신, 시트릭애씨드, 다이올레오일피지-트라이모늄클로라이드, 풍선덩굴꽃/잎/덩굴추출물, 에스에이치-올리고펩타이드-1(1 ppm), 폴리락틱애씨드, 폴리글리세릴-10다이아이소스테아레이트, 스쿠알란, 세라마이드엔에스, 콜레스테롤, 클로렐라 불가리스추출물, 세라마이드에이에스, 세라마이드에이피, 소듐디엔에이, 로즈마리잎추출물, 메나다이온, 씨솔트, 세라마이드이오피

[지피덤 이지에프 스킨 베리어 하이드로 앰플] 정제수, 프로판다이올, 글리세린, 나이아신아마이드, 비닐다이메티콘, 1,2-헥산다이올, 암모늄아크릴로일다이메틸타우레이트/브이피코폴리머, 다이프로필렌글라이콜, 알란토인, 폴리글리세릴-4카프레이트, 하이드록시아세토페논, 잔탄검, 카프릴릭/카프릭트라이글리세라이드, 폴리글리세릴-10라우레이트, 하이드로제네이티드레시틴, 카보머, 다이포타슘글리시리제이트, 트로메타민, 아데노신, 다이소듐이디티에이, 세라마이드엔피, 옥틸도데칸올, 유채스테롤, 폴리글리세릴-3메틸글루코오스다이스테아레이트, 소듐피씨에이, 세테아릴알코올, 스테아릭애씨드, 올리브오일, 벤토나이트, 양까막까치밥나무씨오일, 해바라기씨오일불검화물, 올리브오일데실에스터, 피토스핑고신, 시트릭애씨드, 사이클로헥실글리세린, 토코페롤, 풍선덩굴꽃/잎/덩굴추출물, 해바라기씨오일, 하이드롤라이즈드익스텐신, 부틸렌글라이콜, 폴리락틱애씨드, 스쿠알란, 세라마이드엔에스, 알로에베라잎추출물, 콜레스테롤, 다이올레오일피지-트라이모늄클로라이드, 소듐디엔에이, 클로렐라 불가리스추출물, 세라마이드에이피, 세라마이드에이에스, 로즈마리잎추출물, 에스에이치-올리고펩타이드-1(0.1 ppm), 씨솔트, 세라마이드이오피"
"A000000198166","[100시간 속보습] 라네즈 워터뱅크 모이스춰 크림 45ml 기획 (+25ml)","라네즈","45.0","70.0","ml","39000","29000","4142.9","정제수, 글리세린, 부틸렌글라이콜, 스쿠알란, 다이카프릴릴에터, 폴리글리세릴-3메틸글루코오스다이스테아레이트, 메틸트라이메티콘, 글리세릴스테아레이트, 펜타에리스리틸테트라에틸헥사노에이트, 1,2-헥산다이올, 스테아릴다이메티콘, 비스-하이드록시에톡시프로필다이메티콘, 세틸알코올, 락토바실러스발효용해물, 카프릴릭/카프릭/미리스틱/스테아릭트라이글리세라이드, 팔미틱애씨드, 스테아릭애씨드, 판테놀, 하이드록시에틸아크릴레이트/소듐아크릴로일다이메틸타우레이트코폴리머, 프로판다이올, 아크릴레이트/C10-30알킬아크릴레이트크로스폴리머, 잔탄검, 글리세릴카프릴레이트, 덱스트린, 트로메타민, 에틸헥실글리세린, 다이소듐이디티에이, 솔비탄아이소스테아레이트, 알란토인, 하이드롤라이즈드하이알루로닉애씨드 (0.02%), 세라마이드엔피, 향료, 베타-글루칸, 콜레스테롤, 만니톨, 토코페롤, 아세틸테트라펩타이드-11, 미역추출물"
"A000000256038","[영서pick/쿨링진정] VT 피디알엔 캡슐크림 100 50ml","VT","50.0","50.0","ml","34000","21000","4200.0","마이드, 1,2-헥산다이올, 판테놀, 시어버터, 스쿠알란, 글리세릴글루코사이드, 카보머, 알지닌, 폴리글리세릴-2스테아레이트, 해바라기씨오일, C13-15알케인, 아라키딜알코올, 암모늄아크릴로일다이메틸타우레이트/브이피코폴리머, 글리세릴스테아레이트, 세테아릴알코올, 스테아릴알코올, 베헤닐알코올, 에틸헥실글리세린, C12-16알코올, 아라키딜글루코사이드, 트로메타민, 에티드론산, 다이메티콘/비닐다이메티콘크로스폴리머, 펜타에리스리틸테트라-다이-t-부틸하이드록시하이드로신나메이트, 팔미틱애씨드, 하이드로제네이티드레시틴, 카퍼트라이펩타이드-1, 잔탄검, 로즈마리추출물, 락토바실러스발효용해물, 마트리카리아꽃오일, 부틸렌글라이콜, 글루코오스, 소양삼추출물, 소듐디엔에이(0.5ppm), 다이메틸실란올하이알루로네이트, 하이드롤라이즈드하이알루로닉애씨드, 하이드롤라이즈드소듐하이알루로네이트, 소듐하이알루로네이트, 포타슘하이알루로네이트, 하이알루로닉애씨드, 세라마이드엔피, 소듐하이알루로네이트크로스폴리머, 하이드록시프로필트라이모늄하이알루로네이트, 소듐하이알루로네이트다이메틸실란올, 소듐아세틸레이티드하이알루로네이트, 폴리글리세릴-10라우레이트, 트라이펩타이드-1, 아세틸헥사펩타이드-8, 아세틸테트라펩타이드-5, 카퍼트라이펩타이드-1, 팔미토일트라이펩타이드-1, 팔미토일펜타펩타이드-4, 헥사펩타이드-11, 헥사펩타이드-9, 팔미토일트라이펩타이드-5"
"A000000155291","[진정크림/총100ml] 웰라쥬 리얼 시카카밍 95 크림 80ml 기획 (+20ml)","웰라쥬","100.0","100.0","ml","","28000","2800.0","[본품/증정품_리얼 시카 카밍 95 크림]
정제수, 글리세린, 카프릴릭/카프릭트라이글리세라이드, 부틸렌글라이콜, 세테아릴알코올, 아이소트라이데실아이소노나노에이트, 다이카프릴릴에터, 1,2-헥산다이올, 펜틸렌글라이콜, 클로렐라 불가리스추출물, 하이드롤라이즈드옥수수전분, 락토바실러스발효물, 소듐하이알루로네이트, 병풀잎추출물(350 ppb), 다이글리세린, 폴리글리세릴-3메틸글루코오스다이스테아레이트, 비닐다이메티콘, 하이드록시에틸아크릴레이트/소듐아크릴로일다이메틸타우레이트코폴리머, 세테아릴올리베이트, 솔비탄올리베이트, 판테놀, 글루코오스, 다이아이소스테아릴말레이트, 프룩토올리고사카라이드, 프룩토오스, 소듐폴리아크릴로일다이메틸타우레이트, 팔미틱애씨드, 다이프로필렌글라이콜, 스테아릭애씨드, 하이드로제네이티드폴리데센, 에틸헥실글리세린, 카프릴릴글라이콜, 다이포타슘글리시리제이트, 아데노신, 솔비탄아이소스테아레이트, 폴리글리세릴-10라우레이트, 폴리글리세릴-5폴리리시놀리에이트, 트라이소듐에틸렌다이아민다이석시네이트, 트라이데세스-10, 하이드로제네이티드레시틴, 소듐스테아로일글루타메이트, 레시틴, 수크로오스, 마데카소사이드(9,100 ppb), 토코페롤, 아시아티코사이드(950 ppb), 마데카식애씨드(400 ppb), 아시아틱애씨드(300 ppb), 잔탄검"
"A000000211085","[화잘먹크림] 오드로이 모공수축크림 로프디 모공타이트닝 100ml","오드로이","100.0","100.0","ml","","28000","2800.0","정제수, 부틸렌글라이콜, 글리세린, 1,2-헥산다이올, 마카다미아씨오일, 하이드로제네이티드폴리(C6-14올레핀), 다이카프릴릴카보네이트, 알지닌, 아크릴레이트/C10-30알킬아크릴레이트크로스폴리머, 글리세릴카프릴레이트, 세테아릴올리베이트, 스쿠알란, 솔비탄올리베이트, 하이드록시에틸아크릴레이트/소듐아크릴로일다이메틸타우레이트코폴리머, 해바라기씨오일, 알란토인, 완두콩추출물, 약모밀추출물, 토코페롤, 향료, 에난티아 클로란타껍질추출물, 다이포타슘글리시리제이트, 아데노신, 소듐글루코네이트, 시트릭애씨드, 블랙체리열매추출물(52ppm), 펜틸렌글라이콜, 하이드롤라이즈드콜라겐, 올레아놀릭애씨드"
"A000000237442","[톤업크림] 이니스프리 비타민C 캡슐 크림 50ml 더블 기획","이니스프리","50.0","100.0","ml","41000","27800","2780.0","정제수, 부틸렌글라이콜, 프로판다이올, 글리세린, 나이아신아마이드(40,000 ppm), 아이소펜틸다이올, 1,2-헥산다이올, 하이드로제네이티드폴리(C6-14올레핀), 카프릴릭/카프릭트라이글리세라이드, 아이소노닐아이소노나노에이트, 스쿠알란, 암모늄아크릴로일다이메틸타우레이트/브이피코폴리머, 아크릴레이트/C10-30알킬아크릴레이트크로스폴리머, 알지닌, 트레할로오스, 하이드록시에틸아크릴레이트/소듐아크릴로일다이메틸타우레이트코폴리머, 소듐아크릴릭애씨드/엠에이코폴리머, 덱스트린, 잔탄검, 3-O-에틸아스코빅애씨드(1,000 ppm), 세테아릴올리베이트, 만다린껍질추출물, 캐스터오일/아이피디아이코폴리머, 황련뿌리추출물, 에틸헥실글리세린, 당근추출물, 솔비탄올리베이트, 카놀라오일, 사이클로덱스트린, 소듐파이테이트, 글리세릴아크릴레이트/아크릴릭애씨드코폴리머, 솔비탄아이소스테아레이트, 프로테아제(100 ppm)*, 카프릴릴글라이콜, 피브이엠/엠에이코폴리머, 당근씨오일, 카보머, 아스코빌테트라이소팔미테이트(10.3 ppm), 토코페릴아세테이트, 베타-카로틴, 해바라기씨오일, 아모다이메티콘, 글루코오스, 소듐하이알루로네이트, 판테놀, 아이리쉬모스 추출물, 하이드록시프로필트라이모늄하이알루로네이트, 소듐아스코빌포스페이트(0.1001 ppm), 토코페롤, 마그네슘아스코빌포스페이트(0.1 ppm), 글루타티온, 페룰릭애씨드, 아마씨오일, 하이드롤라이즈드하이알루로닉애씨드, 소듐아세틸레이티드하이알루로네이트, 사이아노코발아민, 글루코노락톤, 하이알루로닉애씨드, 소듐하이알루로네이트크로스폴리머, 하이드롤라이즈드소듐하이알루로네이트, 포타슘하이알루로네이트, 리놀레닉애씨드, 리놀레익애씨드, 아스코빅애씨드(0.001 ppb), 바이오틴, 폴릭애씨드, 리보플라빈, 피리독신, 티아민에이치씨엘"
"A000000236508","프리메라 비타티놀 인텐스 바운시 리프트 마스크 크림 30ml 기획/단품","프리메라","30.0","30.0","ml","37000","27400","9133.3","정제수, 부틸렌글라이콜, 글리세린, 하이드로제네이티드폴리(C6-14올레핀), 펜타에리스리틸테트라에틸헥사노에이트, 판테놀, 폴리글리세릴-3다이스테아레이트, 다이메티콘, 에틸헥실팔미테이트, 나이아신아마이드, 피토스테릴/베헤닐/옥틸도데실라우로일글루타메이트, 1,2-헥산다이올, 세테아릴알코올, 글리세릴스테아레이트, 토코페릴아세테이트, 아이소노닐아이소노나노에이트, 스쿠알란, 하이드로제네이티드폴리아이소부텐, 하이드로제네이티드로진, 피이지-100스테아레이트, 풀루란, 합성왁스, 하이드록시에틸셀룰로오스, 다이메틸아이소소바이드, 하이드록시에틸아크릴레이트/소듐아크릴로일다이메틸타우레이트코폴리머, 피브이피, 돌콩오일, 카프릴릭/카프릭트라이글리세라이드, 락토바실러스/콩추출물발효여과물, 트라이메틸실록시실리케이트, 글리세릴스테아레이트시트레이트, 폴리프로필실세스퀴옥세인, 에틸헥실글리세린, 글리세릴카프릴레이트, 칸데릴라왁스에스터, 카프릴릴메티콘, 세테아릴글루코사이드, 폴리쿼터늄-51, 잔탄검, 소듐메타포스페이트, 하이드록시피나콜론레티노에이트, 아데노신, 캐스터오일/아이피디아이코폴리머, 레티놀, 유비퀴논, 하이드로제네이티드폴리(C6-20올레핀), 솔비탄아이소스테아레이트, 아스코빌테트라이소팔미테이트, 카나우바왁스, 글루코노락톤, 엑토인, 에이치디아이/트라이메틸올헥실락톤크로스폴리머, 아크릴레이트/C10-30알킬아크릴레이트크로스폴리머, 폴리솔베이트60, 다이소듐포스페이트, 트로메타민, 아스코빌글루코사이드, 아스코빅애씨드, 토코페롤, 펜틸렌글라이콜, 소듐포스페이트, 프로필렌글라이콜, 소듐하이알루로네이트, 카보머, 아라비아고무나무검, 프로필렌글라이콜알지네이트, 수용성콜라겐"
"A000000250106","[트러블SOS진정]이지듀 EGFx 다운타임 오인트 겔 15ml 기획(+크림 7ml)","이지듀","15.0","22.0","ml","25000","20000","9090.9","정제수, 글리세린, 다이프로필렌글라이콜, 비닐다이메티콘, 다이카프릴릴에터, 다이메티콘, 세틸알코올, 나이아신아마이드, 스트렙토코쿠스 테르모필루스발효추출여과물, 메틸프로판다이올, 백미꽃추출물, 접시꽃추출물, 하이드롤라이즈드콜라겐, 하이드롤라이즈드하이알루로닉애씨드, 판테놀, 펜틸렌글라이콜, 암모늄아크릴로일다이메틸타우레이트/브이피코폴리머, 글리세릴스테아레이트, 피이지-100스테아레이트, 다이메티콘올, 다이펜타에리스리틸헥사하이드록시스테아레이트/헥사스테아레이트/헥사로지네이트, 실리카, 카프릴릭/카프릭트라이글리세라이드,세테아릴올리베이트, 하이드록시아세토페논, 팔미틱애씨드, 스테아릭애씨드, 솔비탄올리베이트,1,2-헥산다이올, C12-20알킬글루코사이드, 하이드로제네이티드레시틴, 에틸헥실글리세린, 아데노신, 시트릭애씨드, 부틸렌글라이콜, 소듐스테아로일글루타메이트, 소듐아스코빌포스페이트,토코페롤, 에스에이치-올리고펩타이드-1(10ppm)*, 니코틴아마이드아데닌다이뉴클레오타이드, 소듐클로라이드, 소듐락테이트 , 하이드롤라이즈드엘라스틴, 프로판다이올, 포타슘클로라이드, 칼슘클로라이드, 마그네슘클로라이드, 폴리글리세릴-10올리에이트, 라우로일라이신,세라마이드엔피, 니코틴아마이드모노뉴클레오타이드, 콜레스테롤, 아데노신트라이포스페이트,메틸글루카민, 에탄올, C14-22알코올, 잔탄검, 다이소듐이디티에이"
"A000000183498","[올영 단독] 에뛰드 순정 수분 베리어 크림 75ml 트리오 기획 (75ml X 3EA)","에뛰드","75.0","150.0","ml","22000","19900","1326.7","정제수, 글리세린, 프로판다이올, 펜타에리스리틸테트라에틸헥사노에이트, 하이드로제네이티드폴리(C6-14올레핀), 판테놀, 1,2-헥산다이올, 하이드록시에틸아크릴레이트/소듐아크릴로일다이메틸타우레이트코폴리머, 폴리메틸실세스퀴옥세인, 글리세릴스테아레이트시트레이트, 카보머, C14-22알코올, 글리세릴스테아레이트, 아라키딜알코올, 글리세릴카프릴레이트, 베헤닐알코올, 트로메타민, C12-20알킬글루코사이드, 에틸헥실글리세린, 부틸렌글라이콜, 다이소듐이디티에이, 솔비탄아이소스테아레이트, 아라키딜글루코사이드, 알란토인, 마데카소사이드, 황금추출물, 토코페롤, 녹차추출물"
"A000000231833","[우즈PICK][유분잡는수분] 한율 쑥히알 수분 크림 60ml 기획(+31ml)","한율","60.0","91.0","ml","24000","19900","2186.8","""정제수, 부틸렌글라이콜, 글리세린, 메틸트라이메티콘, 1,2-헥산다이올, 황해쑥잎수(10,554 ppm), 베타인, 피씨
에이다이메티콘, 아이소펜틸다이올, 암모늄아크릴로일다이메틸타우레이트/브이피코폴리머, 실리카다이메틸실릴레이트,
트로메타민, 카보머, 아크릴레이트/C10-30알킬아크릴레이트크로스폴리머, 글리세릴카프릴레이트, 에틸헥실글리세린, 향료,
소듐메타포스페이트, 알지닌, 아스파틱애씨드, 글루타믹애씨드, 하이알루로닉애씨드(100 ppm), 이노시톨, 락토바실러스
발효물, 말토덱스트린, 하이드롤라이즈드치자추출물, 프로필렌글라이콜, 소듐하이알루로네이트(1.5 ppm)"""
"A000000250667","[1+1] 한율 쑥히알 크림 60ml 기획 (+62ml)","한율","60.0","122.0","ml","24000","19900","1631.1","""정제수, 부틸렌글라이콜, 글리세린, 메틸트라이메티콘, 1,2-헥산다이올, 황해쑥잎수(10,554 ppm), 베타인, 피씨
에이다이메티콘, 아이소펜틸다이올, 암모늄아크릴로일다이메틸타우레이트/브이피코폴리머, 실리카다이메틸실릴레이트,
트로메타민, 카보머, 아크릴레이트/C10-30알킬아크릴레이트크로스폴리머, 글리세릴카프릴레이트, 에틸헥실글리세린, 향료,
소듐메타포스페이트, 알지닌, 아스파틱애씨드, 글루타믹애씨드, 하이알루로닉애씨드(100 ppm), 이노시톨, 락토바실러스
발효물, 말토덱스트린, 하이드롤라이즈드치자추출물, 프로필렌글라이콜, 소듐하이알루로네이트(1.5 ppm)"""
"A000000236996","[단독기획/화잘먹 대란템] 샤이샤이샤이 리포좀 리페어 밀키 크림 50ml 기획 (+15ml)","샤이샤이샤이","50.0","65.0","ml","28000","19600","3015.4","정제수, 사이클로펜타실록세인, 프로필렌글라이콜다이카프릴레이트/다이카프레이트, 카프릴릭/카프릭트라이글리세라이드, 우레아, 다이-C12-13알킬말레이트, 다이아이소스테아릴말레이트, 글리세린, 다이프로필렌글라이콜, 부틸렌글라이콜, 다이메티콘, 폴리글리세릴-6폴리리시놀리에이트, 피이지-10다이메티콘, 사이클로헥사실록세인, 아데노신, 아세틸헥사펩타이드-8, 카퍼트라이펩타이드-1, 세라마이드엔피, 판테놀, 포도세포추출물, 트루로즈오브예리코추출물, 페룰릭애씨드, 녹두씨추출물, 베타-글루칸, 토코페롤, 글리세릴글루코사이드, 글루코오스, 에틸헥실글리세린, 소리쟁이뿌리추출물, 시어버터, 자작나무껍질추출물, 자몽추출물, 소듐클로라이드, 트라이-C14-15알킬시트레이트, 프로필렌카보네이트, 하이드로제네이티드레시틴, 레시틴, 다이소듐이디티에이, 1,2-헥산다이올, 카프릴하이드록사믹애씨드, 다이스테아다이모늄헥토라이트, 향료, 벤질벤조에이트, 헥실신남알, 부틸페닐메틸프로피오날, 리날룰"
"A000000167170","[쿨링/수분] 차앤박 아쿠아 수딩 크림 1+1 기획","차앤박","","","","36000","26400","","정제수, 부틸렌글라이콜, 다이메티콘, 글리세린, 1,2-헥산다이올, 사이클로펜타실록세인, 소듐폴리아크릴레이트, 아크릴레이트/C10-30알킬아크릴레이트크로스폴리머, 다이메티콘올, 소듐카보머, 알란토인, 피이지-60하이드로제네이티드캐스터오일, 더덕뿌리추출물, 트로메타민, 무화과추출물, 프로필렌글라이콜, 레몬밤잎추출물, 석류추출물, 실리카, 토코페릴아세테이트, 펜틸렌글라이콜, 피이지/피피지-18/18다이메티콘, 트라이데세스-6, 하이알루로닉애씨드, 말라카이트추출물, 시트릭애씨드, 프룩토오스, 우레아, 쇠비름추출물, 솔비톨, 소듐하이알루로네이트, 알로에베라잎즙가루, 마데카소사이드, 말토스, 소듐클로라이드, 소듐락테이트, 소듐피씨에이, 트레할로오스, 라벤더꽃추출물, 글루코오스, 소듐하이드록사이드"
"A000000247713","[흔적케어]브링그린 징크테카 리페어 흔적 크림 80ml (콜라보/기획)","브링그린","80.0","80.0","ml","24000","19200","2400.0","정제수, 다이프로필렌글라이콜, 시어버터, 하이드로제네이티드폴리(C6-14올레핀), 팔미틱애씨드, 스테아릭애씨드, 글리세린, 1,2-헥산다이올, 나이아신아마이드, 비닐다이메티콘, 코코넛야자씨버터, 다이메티콘/비닐다이메티콘크로스폴리머, 베타인, 세테아릴글루코사이드, 세테아릴알코올, 다이카프릴릴에터, 글리세릴스테아레이트에스이, 소듐폴리아크릴레이트, 소듐스테아로일글루타메이트, 하이드록시에틸아크릴레이트/소듐아크릴로일다이메틸타우레이트코폴리머, 하이드록시아세토페논, 마데카식애씨드(1,470ppm), 아시아티코사이드(1,202ppm), 에틸헥실글리세린, 소듐카보머, 암모늄아크릴로일다이메틸타우레이트/브이피코폴리머, 폴리글리세릴-10미리스테이트, 부틸렌글라이콜, 잔탄검, 징크피씨에이(500ppm), 병풀추출물, 아시아틱애씨드(334ppm), 다이소듐이디티에이, 폴리솔베이트60, 솔비탄아이소스테아레이트, 하이드로제네이티드레시틴, 무화과추출물, 마카다미아씨오일, 세라마이드엔피, 알지닌, 카보머, 토코페롤, 피토스핑고신, 참마뿌리추출물, 판테놀, 몰로키아잎추출물, 연꽃뿌리추출물, 오크라열매추출물, 신선초추출물"
"A000000172453","[속건조/진정보습] 닥터지 레드 블레미쉬 클리어 모이스처 크림 70ml 기획 (+30ml 증정)","닥터지","70.0","100.0","ml","","39000","3900.0","정제수, 글리세린, 2,3-부탄다이올, 하이드로제네이티드폴리(C6-14올레핀), 병풀추출물, 나이아신아마이드, 베타인, 비닐다이메티콘, 사이클로헥사실록세인, 1,2-헥산다이올, 세틸에틸헥사노에이트, 하이드로제네이티드폴리데센, 호호바에스터, 하이드로제네이티드레시틴, 소듐하이알루로네이트, 마카다미아씨오일, 하이드로제네이티드채종유, 카프릴릭/카프릭트라이글리세라이드, 하이드록시에틸아크릴레이트/소듐아크릴로일다이메틸타우레이트코폴리머, 헥실데실라우레이트, 헥실데칸올, 실리카, 암모늄아크릴로일다이메틸타우레이트/브이피코폴리머, C14-22알코올, 아라키딜알코올, 팔미틱애씨드, C12-20알킬글루코사이드, 글리세릴스테아레이트, 다이프로필렌글라이콜, 알란토인, 스테아릭애씨드, 베헤닐알코올, 아라키딜글루코사이드, 카보머, 소듐스테아로일글루타메이트, 솔비탄아이소스테아레이트, 다이소듐이디티에이, 판테놀, 수크로오스다이스테아레이트, 부틸렌글라이콜, 글루코오스, 미리스틱애씨드, 세라마이드엔피, 마데카소사이드, 아시아티코사이드, 마데카식애씨드, 아시아틱애씨드, 피토스핑고신, 하이드록시아세토페논, 에틸헥실글리세린"
"A000000214633","[고현정 PICK] 코이 플로우 리프팅 랩핑 크림 50ml 기획 (+미니 크림 10ml 2ea)","코이","50.0","60.0","ml","57000","38900","6483.3","정제수, 프로판다이올, 글리세린, 다이페닐실록시페닐트라이메티콘, 카프릴릭/카프릭트라이글리세라이드, 아이소노닐아이소노나노에이트, 부틸렌글라이콜, 1,2-헥산다이올, 나이아신아마이드, 캐스터오일/아이피디아이코폴리머, 암모늄아크릴로일디메칠타우레이트/브이피코폴리머, 소듐폴리아크릴레이트, 글리세레스-25피씨에이아이소스테아레이트, 소듐하이알루로네이트, 한련초추출물, 남가새열매추출물, 시호 뿌리추출물, 양까막까치밥나무열매추출물, 지모뿌리추출물, 트레할로오스, 베타인, 아이소펜틸다이올, 펜틸렌글라이콜, 아데노신, 시어버터, 시트릭애씨드, 알지닌, 카보머, 잔탄검, 하이드로제네이티드폴리아이소부텐, 아모다이메티콘, 향, 에틸헥실글리세린"
"A000000189170","폴라초이스 클리니컬 0.3% 레티놀 + 2% 바쿠치올 트리트먼트 30ml","폴라초이스","30.0","30.0","ml","99000","79200","26400.0","정제수, 다이메티콘, 펜타에리스리틸테트라아이소스테아레이트, 아이소노닐아이소노나노에이트, 부틸렌글라이콜, 바쿠치올, 아라키딜알코올, 글리세릴폴리메타크릴레이트, 다이메티콘크로스폴리머, 베헤닐알코올, 글리세린, 피이지-75시어버터글리세라이즈, 글리세릴스테아레이트, C12-15알킬벤조에이트, 폴리솔베이트20, 테트라헥실데실아스코베이트, 레티놀, 세라마이드엔지, 팔미토일테트라펩타이드-7, 팔미토일헥사펩타이드-12, 소듐하이알루로네이트, 다이포타슘글리시리제이트, 스페인감초뿌리추출물, 귀리커넬추출물, 우엉뿌리추출물, 흰버드나무껍질추출물, 돌콩스테롤, 레시틴, 알란토인, 토코페릴아세테이트, 하이드롤라이즈드콩단백질, 팔미토일트라이펩타이드-1, 소듐하이드록사이드, 트라이베헤닌, 카프릴릴글라이콜, 다이펩타이드-2, 호장근뿌리추출물, 피이지-10피토스테롤, 피이지-8, 마그네슘알루미늄실리케이트, 아라키딜글루코사이드, 크리신, 펜틸렌글라이콜, 소듐아크릴레이트코폴리머, 스테아레스-20, 하이드록시에틸아크릴레이트/소듐아크릴로일다이메틸타우레이트코폴리머, 세테아릴알코올, 코코-글루코사이드, 헤스페리딘메틸칼콘, N-하이드록시석신이미드, 다이소듐이디티에이, 페녹시에탄올, 벤조익애씨드, 에틸헥실글리세린"
"A000000199257","로우퀘스트 베리어 리커버리 크림 80ml","로우퀘스트","80.0","80.0","ml","","38000","4750.0","정제수, 글리세린, 판테놀, 스쿠알란, 1,2-헥산다이올, 세테아릴올리베이트, 메도우폼씨오일, 마카다미아씨오일, 부틸렌글라이콜, 솔비탄올리베이트, 하이드로제네이티드폴리데센, 시어버터, 세테아릴알코올, 합성비즈왁스, 프로판다이올, 카프릴릭/카프릭트라이글리세라이드, 폴리글리세릴-2스테아레이트, 폴리글리세릴-3메틸글루코오스다이스테아레이트, 비닐다이메티콘, 글리세릴스테아레이트, 하이드롤라이즈드호호바에스터, 글리세레스-26, 스테아릴알코올, 폴리글리세릴-3다이스테아레이트, 세라마이드엔피, 카보머, 호호바씨오일, 소듐폴리아크릴로일다이메틸타우레이트, 하이드로제네이티드레시틴, 트로메타민, 토코페롤, 글리세릴스테아레이트시트레이트, 쑥잎추출물, 해바라기씨오일, 베타-시토스테롤, 다이포타슘글리시리제이트, 에틸헥실글리세린, 폴리글리세릴-10스테아레이트, 다이소듐이디티에이, 베타-글루칸,다이포타슘포스페이트,아세틸글루타민,하이알루로닉애씨드,하이드롤라이즈드하이알루로닉애씨드,소듐하이알루로네이트,트라이데세스-10,바나나추출물,서양송악잎/줄기추출물,카카오추출물,암모늄폴리아크릴로일다이메틸타우레이트,코코넛야자오일,비치스트로베리추출물,치자꽃추출물,발삼아미리스껍질오일,목서꽃추출물,자주천인국추출물,셀룰로오스검"
"A000000229455","셀라딕스 트러블 세라 캡슐 131 크림 95ml","셀라딕스","95.0","95.0","ml","26900","24210","2548.4","정제수, 부틸렌글라이콜, 다이프로필렌글라이콜, 글리세린, 1,2-헥산다이올, 만니톨, 프로판다이올, 아라키딜알코올, 카보머, 트로메타민, 베헤닐알코올, 글리세레스-26, 아라키딜글루코사이드, 하이드로제네이티드올리브오일불검화물, 에틸헥실글리세린, 하이드로제네이티드폴리이소부텐, 세라마이드엔피, 다이소듐이디티에이, 하이드록시에틸셀룰로오스, 알란토인, 나이아신아마이드, 하이알루로닉애씨드, 하이드롤라이즈드하이알루로닉애씨드, 판테놀, 소듐하이알루로네이트, 호호바에스터, 하이드롤라이즈드콜라겐, 아세틸헥사펩타이드-8, 카프릴릴/카프릴트라이글리세라이드, 토코페롤, 스쿠알란, 리놀레익애씨드, 유칼립투스잎추출물, 프로필렌글라이콜, 올리브잎세포추출물, 황금추출물, 팔미틱애씨드, 피토스테롤, 폴리리신, 스테아릭애씨드, 리놀렌익애씨드"
"A000000144843","[저자극] 라운드랩 1025 독도 크림 80ml 기획 (+20ml)","라운드랩","80.0","100.0","ml","32000","24000","2400.0","정제수, 글리세린, 카프릴릭/카프릭트라이글리세라이드, 다이프로필렌글라이콜, 하이드로제네이티드폴리(C6-14올레핀), 세테아릴알코올, 메틸트라이메티콘, 1,2-헥산다이올, 카프릴릴메티콘, 페닐트라이메티콘, C12-16알코올, 시어버터, 해수, 아이리쉬모스추출물, 사탕수수추출물, 하이알루로닉애씨드, 하이드롤라이즈드하이알루로닉애씨드, 소듐하이알루로네이트, 글리세릴스테아레이트에스이, 세라마이드에이피, 세라마이드에이에스, 세라마이드이오피, 세라마이드엔피, 세라마이드엔에스, 폴리메틸실세스퀴옥세인, 팔미틱애씨드, 세테아릴글루코사이드, 세테아릴올리베이트, 솔비탄올리베이트, 하이드로제네이티드레시틴, 카나우바왁스, 스테아릭애씨드, 암모늄아크릴로일다이메틸타우레이트/브이피코폴리머, 에틸헥실글리세린, 글리세릴카프릴레이트, 알란토인, 판테놀, 부틸렌글라이콜, 베타-글루칸, 콜레스테롤, 피토스핑고신, 다이소듐이디티에이"
"A000000218756","[흔적말끔] 라운드랩 소나무 진정 시카 크림 플러스 60ml 기획 (+토너 20ml)","라운드랩","60.0","80.0","ml","34000","23900","2987.5","[라운드랩 소나무 진정 시카 크림 플러스 60ml]
1) 1제(내상)
정제수, 부틸렌글라이콜, 글리세린, 카프릴릭/카프릭트라이글리세라이드, 세틸에틸헥사노에이트, 하이드로제네이티드폴리(C6-14올레핀), 나이아신아마이드, 폴리글리세릴-3다이스테아레이트, 소나무잎추출물 (10,001ppm), 세테아릴알코올, 1,2-헥산다이올, C14-22알코올, 글리세릴스테아레이트, 하이드록시아세토페논, 비닐다이메티콘, 팔미틱애씨드, 알지닌, 카보머, 스테아릭애씨드, 인도멀구슬나무잎추출물, 폴리아크릴레이트-13, C12-20알킬글루코사이드, 글리세릴스테아레이트시트레이트, 에틸헥실글리세린, 인도멀구슬나무꽃추출물, 스핑고모나스발효추출물, 하이드로제네이티드폴리아이소부텐, 아데노신, 호호바씨오일, 데실글루코사이드, 다이소듐이디티에이, 폴리글리세릴-10라우레이트, 베타-시토스테롤, 병풀추출물 (100ppm), 에틸헥실팔미테이트, 카카오추출물, 폴리글리세릴-10스테아레이트, 솔비탄아이소스테아레이트, 하이드로제네이티드레시틴, 녹차추출물, 병풀잎추출물 (21.2ppm), 오카무라큰실말추출물, 흰버드나무껍질추출물, 커피콩추출물, 글루코오스, 베르가모트잎추출물, 글라이코프로테인 (2ppm), 덱스트린, 아시아티코사이드 (0.1ppm), 아시아틱애씨드 (0.1ppm), 마데카식애씨드 (0.1ppm), 마데카소사이드 (0.1ppm)

2) 2제(외상)
정제수, 부틸렌글라이콜, 카프릴릭/카프릭트라이글리세라이드, 글리세린, 나이아신아마이드, 트라이에틸헥사노인, 1,2-헥산다이올, 폴리글리세릴-3메틸글루코오스다이스테아레이트, 세테아릴알코올, 소나무잎추출물 (10,000ppm), 세테아릴올리베이트, 글리세릴스테아레이트, 쿠푸아수씨버터, 비닐다이메티콘, 솔비탄올리베이트, 하이드록시에틸아크릴레이트/소듐아크릴로일다이메틸타우레이트코폴리머, 알지닌, 카보머, 에틸헥실글리세린, 잔탄검, 아데노신, 솔비탄아이소스테아레이트, 다이소듐이디티에이, 병풀추출물 (100ppm), 글라이코프로테인 (2ppm), 아시아티코사이드 (0.1ppm), 아시아틱애씨드 (0.1ppm), 마데카식애씨드 (0.1ppm), 마데카소사이드 (0.1ppm), 소듐하이알루로네이트, 글루타티온, 하이드로제네이티드레시틴, 하이드록시프로필트라이모늄하이알루로네이트, 하이드롤라이즈드하이알루로닉애씨드, 소듐아세틸레이티드하이알루로네이트, 하이알루로닉애씨드, 세라마이드엔피, 하이드롤라이즈드소듐하이알루로네이트, 소듐하이알루로네이트크로스폴리머, 포타슘하이알루로네이트

[라운드랩 소나무 진정 시카 토너 20ml]
정제수, 프로판다이올, 글리세린, 부틸렌글라이콜, 1,2-헥산다이올, 하이알루로닉애씨드, 하이드롤라이즈드하이알루로닉애씨드, 소듐하이알루로네이트, 소나무잎추출물 (5,010ppm), 에틸헥실글리세린, 병풀추출물 (60.6ppm), 인도멀구슬나무잎추출물, 인도멀구슬나무꽃추출물, 글라이코프로테인 (1.002ppm), 글루코노락톤, 카프릴로일살리실릭애씨드, 소듐시트레이트, 하이드록시아세토페논, 아시아티코사이드 (0.0501ppm), 아시아틱애씨드 (0.0501ppm), 마데카소사이드 (0.0501ppm), 마데카식애씨드 (0.0501ppm), 다이소듐이디티에이, 시트릭애씨드"
"A000000250103","[색소침착 / 진정장벽케어]이지듀 EGFx 다운타임 크림 60ml 기획(+오인트 겔 5ml)","이지듀","60.0","65.0","ml","31000","23900","3676.9","스트렙토코쿠스 테르모필루스발효추출여과물, 정제수, 글리세린, 부틸렌글라이콜, 카프릴릭/카프릭트라이글리세라이드, 올리브오일, 시어버터, 1,2-헥산다이올, 세틸에틸헥사노에이트,나이아신아마이드, 세테아릴알코올, 펜틸렌글라이콜, 타피오카전분, 편백오일, 살비아오일, 불가리스쑥오일, 바질오일, 병풀추출물, 하이드롤라이즈드콜라겐, 하이드롤라이즈드하이알루로닉애씨드,퀸즈랜드넛오일, 다이메티콘, 글리세릴스테아레이트, 피이지-100스테아레이트, 솔비탄세스퀴올리에이트, 폴리솔베이트60, 비즈왁스, 팔미틱애씨드, 다이글리세린, 하이드록시에틸아크릴레이트/소듐아크릴로일다이메틸타우레이트코폴리머, 피토스테릴/베헤닐/옥틸도데실라우로일글루타메이트,스테아릭애씨드, 판테놀, 소듐아크릴레이트/소듐아크릴로일다이메틸타우레이트코폴리머, 프로판다이올, 에틸헥실글리세린, 아이소헥사데칸, 아데노신, 소듐파이테이트, 폴리솔베이트80, 하이드로제네이티드레시틴, 폴리글리세릴-10올리에이트, 솔비탄올리에이트, 니코틴아마이드모노뉴클레오타이드, 니코틴아마이드아데닌다이뉴클레오타이드, 소듐스테아로일글루타메이트, 토코페롤,아데노신트라이포스페이트, 라우로일라이신, 소듐아스코빌포스페이트, 세라마이드엔피, 하이드롤라이즈드엘라스틴, 소듐디엔에이, 에스에이치-올리고펩타이드-1(1ppm), 콜레스테롤, 엑토인, 소듐클로라이드 , 소듐락테이트, 메틸글루카민, 스쿠알란, 알루미늄수크로오스옥타설페이트, 유채스테롤,소듐서팩틴, 포타슘클로라이드, 칼슘클로라이드, 셀룰로오스, 마그네슘클로라이드, 에탄올, 다이소듐이디티에이"
"A000000251453","[태극제약]도미나스 크림 Rx 20ml","도미나스","20.0","20.0","ml","34000","23900","11950.0","정제수, 다이프로필렌글라이콜, 나이아신아마이드, 하이드로제네이티드폴리아이소부텐, 헥실데실에틸헥사노에이트, 판테놀, 프로판다이올, 트라넥사믹애씨드, 글리세린, 트라이에틸헥사노인, 1,2-헥산다이올, 세테아릴알코올, C14-22알코올, 글리세릴스테아레이트, 펜타에리스리틸테트라에틸헥사노에이트, 만델릭애씨드, 글루타믹애씨드, 유비퀴논, 하이드록시데실유비퀴논, 바쿠치올, 비사보롤, 크리신, 에피갈로카테킨갈레이트, 헥실레조시놀, 하이드록시에틸우레아, 폴리다틴, 다이메티콘, 아스코빌글루코사이드, 세테아릴올리베이트, 피이지-100스테아레이트, 세린, 솔비탄올리베이트, C12-20알킬글루코사이드, 실리카, 암모늄아크릴로일다이메틸타우레이트/브이피코폴리머, 아라키딜알코올, 베헤닐알코올, 포타슘하이드록사이드, 알란토인, 폴리메틸실세스퀴옥세인, 소듐파이루베이트, 트레할로오스, 아라키딜글루코사이드, 다이메티콘올, 카보머, 알지닌, 소듐메타바이설파이트, 잔탄검, 아데노신, 토코페롤, 카프릴릭/카프릭트라이글리세라이드, 트라이소듐이디티에이, 부틸렌글라이콜, 돌콩오일, 티타늄디옥사이드(CI 77891), 마이카, 하이드로제네이티드레시틴, 적색산화철, 폴리글리세릴-10올리에이트, 시스테인에이치씨엘, 베타-글루칸, 만니톨, 수크로오스, 왜당귀뿌리추출물, 삽주뿌리줄기추출물, 스페인감초뿌리추출물, 작약뿌리추출물, 모란뿌리추출물, 피씨에이, 질경이추출물, 복숭아씨추출물, 황금추출물, 시트룰린, 글라이코젠, 히스티딘에이치씨엘, 알라닌, 트레오닌, 라이신에이치씨엘, 향료, 벤질벤조에이트, 리날룰, 하이드록시시트로넬알, 리모넨, 헥실신남알, 시트로넬올"
"A000000208331","바이오더마 시카비오 크림+ 40ml(딥 리페어 크림)","바이오더마","40.0","40.0","ml","29500","23400","5850.0","정제수, 카프릴릭/카프릭트라이글리세라이드, 글리세린, 폴리글리세릴-3폴리리시놀리에이트, 유채씨오일, 부틸렌글라이콜, 타피오카전분, 하이드로제네이티드유채씨오일, 자일로오스, 폴리글리세릴-3다이아이소스테아레이트, 호호바씨오일, 마그네슘설페이트, 펜틸렌글라이콜, 스쿠알란, 1,2-헥산다이올, 카프릴릴글라이콜, 소듐폴리글루타메이트, 소듐시트레이트, 잔탄검, 소듐하이알루로네이트, 토코페롤, 만니톨, 람노오스, 자일리톨, 아세틸다이펩타이드-1세틸에스터, 해바라기씨오일, 시트릭애씨드, 프룩토올리고사카라이드"
"A000000259198","[7월 올영픽] 유리아쥬 시카 데일리 리페어 젤크림 40ml 한정기획 (+젤크림 3ml*3)","유리아쥬","40.0","43.0","ml","30000","23000","5348.8","정제수,온천수*,다이카프릴릴에터,글리세린,다이글리세린,스쿠알란,1,2-헥산다이올,이눌린,소듐폴리아크릴로일다이메틸타우레이트,아크릴레이트/C10-30알킬아크릴레이트크로스폴리머,판테놀,잔탄검,소듐하이알루로네이트,소듐하이드록사이드,카퍼글루코네이트,병풀잎추출물,징크글루코네이트,시트릭애씨드,토코페롤"
"A000000228255","더마팩토리 바쿠치올 1% 크림 30g","더마팩토리","30.0","30.0","g(약 1ml 상당으로 근사)","8000","7600","2533.3","비피다발효용해물, 부틸렌글라이콜, 글리세린, 폴리글리세릴-3다이스테아레이트, 세틸에틸헥사노에이트, 스쿠알란, 페닐트라이메티콘, 카프릴릭/카프릭트라이글리세라이드, 세테아릴알코올, 1,2-헥산다이올, 바쿠치올, 시어버터, 글리세릴스테아레이트시트레이트, 하이드록시프로필스타치포스페이트, 아크릴레이트/C10-30알킬아크릴레이트크로스폴리머, 하이드록시에틸아크릴레이트/소듐아크릴로일다이메틸타우레이트코폴리머, 트로메타민, 에틸헥실글리세린, 아데노신, 다이소듐이디티에이, 카카오추출물, 정제수, 솔비탄아이소스테아레이트, 덱스트린"
"A000000163687","[수분진정] 비플레인 시카테롤 크림 60ml","비플레인","60.0","60.0","ml","28000","22400","3733.3","정제수, 프로판다이올, 글리세린, 부틸렌글라이콜, 병풀추출물(3.5%), 펜타에리스리틸테트라아이소스테아레이트, 나이아신아마이드, 코코-카프릴레이트/카프레이트, 1,2-헥산다이올, 아이소노닐아이소노나노에이트, 암모늄아크릴로일다이메틸타우레이트/브이피코폴리머, 세테아릴올리베이트, 솔비탄올리베이트, 카보머, 트로메타민, 판테놀, 에틸헥실글리세린, 다이카프릴릴카보네이트, 알란토인, 글리세릴아크릴레이트/아크릴릭애씨드코폴리머, 아데노신, 베타-시토스테롤, 글루코오스, 하이드로제네이티드레시틴, 펜틸렌글라이콜, 마데카소사이드, 백미꽃추출물, 소듐하이알루로네이트, 마데카식애씨드, 아시아티코사이드, 아시아틱애씨드"
"A000000233337","[수분진정/광채캡슐크림] 션리 다시마 글레이즈드 크림 50g","션리","50.0","50.0","g(약 1ml 상당으로 근사)","28000","22400","4480.0","정제수, 다시마즙 (20%), 사이클로헥사실록세인, 글리세린, 하이드로제네이티드폴리(C6-14올레핀), 다이카프릴릴카보네이트, 메틸프로판다이올, 라우릴폴리글리세릴-3폴리다이메틸실록시에틸다이메티콘, 나이아신아마이드, 비닐다이메티콘, 1,2-헥산다이올, 마그네슘설페이트, 하이드록시아세토페논, 부틸렌글라이콜, 옥수수전분, 만니톨, 마이크로크리스탈린셀룰로오스, 에틸헥실글리세린, 하이드로제네이티드레시틴, 아데노신, 다이소듐이디티에이, 잇꽃꽃추출물, 덱스트린, 치자추출물, 하이드로제네이티드폴리데센, 소듐하이알루로네이트, 크로뮴옥사이드그린, 무화과추출물, 하이드록시프로필스타치포스페이트, 아이소노닐아이소노나노에이트, 폴리글리세릴-10스테아레이트, 토코페롤, 세테아릴알코올, 하이드롤라이즈드식물성단백질, 말토덱스트린, 소듐스테아로일글루타메이트, 팔미틱애씨드, 스테아릭애씨드, 감태추출물, 참미역추출물, 호스테일켈프추출물, 자이언트켈프추출물, 달맞이꽃꽃추출물, 대왕소나무잎추출물, 칡뿌리추출물, 당느릅나무뿌리추출물, 잇꽃씨오일, 하이드로제네이티드포스파티딜콜린, 달맞이꽃오일, 스쿠알란, 폴리쿼터늄-51"
"A000000225409","아누아 어성초 센텔라 레드 스팟 크림 30g","아누아","30.0","30.0","g(약 1ml 상당으로 근사)","19800","15900","5300.0","정제수, 약모밀꽃/잎/줄기수(7%), 글리세린, 부틸렌글라이콜, 판테놀, 2,3-부탄다이올 다이카프릴릴카보네이트, 메틸트라이메티콘, 나이아신아마이드, 1,2-헥산다이올, 펜틸 렌글라이콜, 스쿠알란, 세테아릴올리베이트, 솔비탄올리베이트, 하이드로제네이티드 올리브오일데실에스터, 칸디다 봄비콜라/글루코오스/메틸레이프씨데이트발효물, 올 리브오일불검화물, 인도멀구슬나무잎추출물, 인도멀구슬나무꽃추출물, 홀리바질잎 추출물, 마카다미아씨오일, 울금뿌리추출물, 참산호말추출물, 솔비톨, 다이페닐실록 시페닐트라이메티콘, 수크로오스폴리스테아레이트, 하이드로제네이티드폴리아이소 부텐, 폴리C10-30알킬아크릴레이트, 스테아릴다이메티콘, 세틸팔미테이트, 아크릴 레이트/C10-30알킬아크릴레이트크로스폴리머, 폴리글리세릴-3다이스테아레이트, 하이드록시에틸아크릴레이트/소듐아크릴로일다이메틸타우레이트코폴리머, 솔비탄 팔미테이트, 아미노메틸프로판다이올, 셀룰로오스, 글리세릴스테아레이트, 소듐아크 릴레이트/소듐아크릴로일다이메틸타우레이트코폴리머, 폴리아이소부텐, 폴리글리세 릴-6카프릴레이트, 하이드로제네이티드레시틴, 에틸헥실글리세린, 폴리글리세릴-4카 프레이트, 아데노신, 소듐파이테이트, 솔비탄아이소스테아레이트, 글리세릴스테아레이 트시트레이트, 베타-시토스테롤, 알란토인, 카프릴릴/카프릴글루코사이드, 솔비탄올리 에이트, 마데카식애씨드(66ppm), 아시아티코사이드(36ppm), 마데카소사이드(36ppm), 피토스테롤, 스테아릭애씨드, 아시아틱애씨드(18ppm), 토코페롤, 세라마이드엔피, 콜레스테롤, 피토스핑고신, 세라마이드엔지, 세라마이드엔에스, 세라마이드에이피, 세라마이드에이에스, 세라마이드이오피, 세테아릴알코올"
"A000000254724","아이오페 스템3 클리니컬 리커버리 크림 50ml 기획 (+세럼 5ml + 크림 5ml)","아이오페","50.0","60.0","ml","80000","68000","11333.3","정제수, 부틸렌글라이콜, 글리세린, 스쿠알란, 카프릴릭/카프릭트라이글리세라이드, 폴리글리세릴-3메틸글루코오스다이스테아레이트, 세테아릴알코올, 나이아신아마이드, 메틸트라이메티콘, 1,2-헥산다이올, 글리세릴스테아레이트시트레이트, 하이드록시에틸아크릴레이트/소듐아크릴로일다이메틸타우레이트코폴리머, 프로판다이올, 글리세릴스테아레이트, 알란토인, 카보머, 하이드록시프로필스타치포스페이트, 글리세릴카프릴레이트, 만니톨, 클로렐라 프로토테코이데스추출물, 트로메타민, 소듐메타포스페이트, 에틸헥실글리세린, 아데노신, 솔비탄아이소스테아레이트, 하이드롤라이즈드디엔에이, 덱스트린, 하이알루로닉애씨드, 카카오추출물, 아시아티코사이드, 마데카식애씨드, 아시아틱애씨드, 양파추출물, 다이프로필렌글라이콜, 아세틸테트라펩타이드-11, 베타인, 다이메티콘, 암모늄아크릴로일다이메틸타우레이트/브이피코폴리머, 토코페롤, 폴리글리세릴-6카프릴레이트, 폴리글리세릴-4카프레이트, 하이드로제네이티드레시틴, 에탄올, 소듐메틸스테아로일타우레이트, 콜레스테롤"
"A000000249580","[트러블 피부 추천/약산성 장벽 케어] 제로이드 핌프로브 레드 컨트롤 크림 pH4 80ml","제로이드","80.0","80.0","ml","","33000","4125.0","정제수, 글리세린, 카프릴릭/카프릭트라이글리세라이드, 호호바씨오일, 세테아릴알코올, 솔비탄스테아레이트, 1,2-헥산다이올, 스테아릭애씨드, 미리스토일/팔미토일옥소스테아라마이드/아라카마이드엠이에이, 글리세릴스테아레이트, 다이메티콘, 폴리글리세릴-6다이스테아레이트, 피토스테롤, 토코페릴아세테이트, 카보머, 호호바에스터, 올레아마이드엠이에이, 아크릴레이트/C10-30알킬아크릴레이트크로스폴리머, 폴리글리세릴-3비즈왁스, 세틸알코올, 암모늄아크릴로일다이메틸타우레이트/브이피코폴리머, 소듐하이알루로네이트, 잔탄검, 카프릴릴글라이콜"
"A000000182584","[한정기획/산뜻수분진정] 닥터자르트 시카페어 인텐시브 수딩 리페어 젤 크림 기획(50ml+15ml*2ea)","닥터자르트","50.0","65.0","ml","50000","32900","5061.5","정제수, 다이프로필렌글라이콜, 글리세린, 부틸렌글라이콜, 카프릴릴메티콘, 펜틸렌글라이콜, 나이아신아마이드, 카카오추출물, 병풀잎추출물, 1,2-헥산다이올, 세테아릴올리베이트, 솔비탄올리베이트, 하이드로제네이티드폴리데센, 트로메타민, 암모늄아크릴로일다이 메틸타우레이트/브이피코폴리머, 아크릴레이트/C10-30알킬아크릴레이트크로스폴리머, 보론나이트라이드, 글리세릴카프릴레이트, 알란토인, 아시아티코사이드, C12-20알킬글루코사이드, 마데카식애씨드, 아시아틱애씨드, 아데노신, 아이소펜틸다이올, 프로판다이올, 소듐파이테이트, 덱스트린, 폴리글리세릴-4올리에이트, 소듐스테아로일글루타메이트, 소듐서팩틴, 덱스트란, 팔미토일트라이펩타이드-8, C14-22알코올, 카보머, 황색4호 (CI 19140), 청색1호"
"A000000258214","[-8.1도 즉각쿨링/슬러시젤크림] 믹순 히알레배 포어 워터풀 젤크림 60ML","믹순","60.0","60.0","ml","16900","11900","1983.3","정제수, 부틸렌글라이콜, 1,2-헥산다이올, 나이아신아마이드, 글리세린, 프로판다이올, 소듐카보머, 아크릴레이트/C10-30알킬아크릴레이트크로스폴리머, 알지닌, 에틸헥실글리세린, 아데노신, 덱스트린, 다이소듐이디티에이, 치자추출물, 폴리글루타믹애씨드, 감추출물, 고수추출물, 샤프란꽃추출물, 소두구씨추출물, 쌀추출물, 쑥잎추출물, 회향씨추출물, 메틸프로판다이올, 하이드로제네이티드레시틴, 녹차카테킨, 버지니아풍년화추출물, 소듐하이알루로네이트(1,000ppb), 폴리글리세릴-4카프레이트, 병풀캘러스세포외소포, 피토스테롤, 글루코노락톤, 카프릴로일살리실릭애씨드, 트로메타민, 삼색제비꽃추출물, 소듐디엔에이, 카페인, C18-21알케인, 벤질글라이콜, 카프릴릴글라이콜, 세라마이드엔피, 세틸에틸헥사노에이트, 소듐하이알루로네이트크로스폴리머(10ppb), 세테아릴올리베이트, 솔비탄올리베이트"
"A000000257193","[NEW/리뷰이벤트] 비욘드 엔젤 아쿠아 이온 히알루10% 수분 진정 크림 100ml 1+1 기획","비욘드","100.0","200.0","ml","26000","20800","1040.0","정제수, 부틸렌글라이콜, 하이드롤라이즈드하이알루로닉애씨드*(10.0207%), 글리세린, 1,2-헥산다이올, 스쿠알란, 하이드로제네이티드에틸헥실올리베이트, 나일론-12, 판테놀, 다이메티콘, 아크릴레이트/C10-30알킬아크릴레이트크로스폴리머, 하이드록시에틸아크릴레이트/소듐아크릴로일다이메틸타우레이트코플리머, 트로메타민, 암모늄아크릴로일다이메틸타우레이트/브이피코폴리머, 하이드로제네이티드올리브오일검화물, 병풀잎수, 다이메티콘올, 아데노신, 트라이소듐이디티에이, 트라이소듐에틸렌다이아민다이석시네이트, 폴리솔베이트60, 솔비탄아이소스테아레이트, 에틸헥실글리세린, 말라카이트추출물, 알지닌, 펜틸렌글라이콜, 소듐하이알루로네이트*(3.01 ppm), 카프릴릴글라이콜, 글리세릴리놀리에이트, 수크로오스팔미테이트, 해바라기씨오일, 페러스설페이트 (0.1 ppm), 하이알루로닉애씨드*(0.1 ppm), 하이드롤라이즈드소듐하이알루로네이트*(0.1 ppm), 하이드록시프로필트라이모늄하이알루로네이트*(0.1 ppm), 망가니즈설페이트*(0.1 ppm), 소듐아세틸레이티드하이알루로네이트*(0.1 ppm), 소듐글루코네이트*(0.1 ppm), 토코페롤, 카프릴릭/카프릭트라이글리세라이드, 글라이신, 하이드로제네이티드포스파티딜클린, 병풀추출물, 수크로오스스테아레이트, 세테아릴알코올, 마그네슘설페이트*(0.00475 ppm), 징크글루코네이트*(0.00475 ppm), 아시아티코사이드, 마데카식애씨드, 아시아틱애씨드, 칼슘글루코네이트*(0.0005 ppm), 카퍼글루코네이트*(0.0005 ppm), 카퍼트라이펩타이드-1, 마데카소사이드, 소듐하이알루로네이트크로스폴리머*(0.0001 ppm)
*이온 히알루™"
"A000000224917","(30시간 보습지속/약산성 pH크림 장벽케어)리쥬란 더마힐러 모이스처 크림 60g [한정기획(+10g)/기획]","리쥬란","60.0","70.0","g(약 1ml 상당으로 근사)","38000","32000","4571.4","정제수, 글리세린, 부틸렌글라이콜, 카프릴릭/카프릭트라이글리세라이드, 나이아신아마이드, 판테놀, 스쿠알란, 알로에베라잎즙, 글리세릴스테아레이트, 시어버터, 하이드로제네이티드올리브오일스테아릴에스터, 오이열매추출물, 귀리커넬추출물, 카렌듈라추출물, 세테아릴알코올, 라벤더꽃수, 카보머, 트로메타민, 다이프로필렌글라이콜, 카프릴릴글라이콜, 에틸헥실올리베이트, 하드록시아세토페논, 하이드롤라이즈드디엔에이, 소듐아크릴레이트코폴리머, 세라마이드엔피, 1,2-헥산다이올, 폴리글리세릴-4올리에이트, 아크릴레이트/C10-30알킬아크릴레이트크로스폴리머, 하이드롤라이즈드하이알루로닉애씨드, 다이소듐이디티에이, 아데노신, 라미나리아오크롤레우카추출물, 콜레스테롤, 하이드로제네이티드에틸헥실올리베이트, 팔미틱애씨드, 하이드로제네이티드올리브오일불검화물, 다이포타슘글리시리제이트"
"A000000260505","[화잘먹/수분결크림] 연작 스킨 퍼펙팅 프렙 크림 80ml","연작","80.0","80.0","ml","37000","31450","3931.2","정제수, 다이메티콘, 글리세린, 프로판다이올, 1,2-헥산다이올, 나이아신아마이드, 카프릴릭/카프릭트라이글리세라이드, 스트렙토코쿠스 테르모필루스발효물, 쌀추출물, 소듐하이알루로네이트, 황련뿌리추출물, 시어버터, 메도우폼씨오일, 락토바실러스발효용해물, 두날리엘라 살리나추출물, 히비스커스꽃추출물, 버지니아풍년화추출물, 하이드롤라이즈드쌀단백질, 쌀아미노산, 병풀잎추출물, 하이드로제네이티드폴리데센, 판테놀, 펜틸렌글라이콜, 폴리글리세린-3, 폴리글리세릴-10스테아레이트, 하이드로제네이티드폴리(C6-14올레핀), 다이카프릴릴카보네이트, 암모늄아크릴로일다이메틸타우레이트/브이피코폴리머, 글라이코실트레할로오스, 하이드로제네이티드스타치하이드롤리세이트, 폴리메틸실세스퀴옥세인, C12-20알킬글루코사이드, 아크릴레이트/C10-30알킬아크릴레이트크로스폴리머, 부틸렌글라이콜, 트로메타민, 에틸헥실글리세린, 폴리쿼터늄-51, 아데노신, 알칼리게네스폴리사카라이드, 이노시톨, 스쿠알란, 프로테아제, 토코페롤, 세라마이드엔피, 포스파티딜콜린, 글라이신, 글루타믹애씨드, 알지닌, 소듐디엔에이, 팔미토일펜타펩타이드-4, 세린, 알라닌, 라이신, 프롤린, 트레오닌, C14-22알코올, 향료, 리모넨, 시트로넬올, 제라니올, 리날룰"
"A000000186131","메디큐브 레드 이레이징 크림 2.0 50ml","메디큐브","50.0","50.0","ml","25200","19900","3980.0","정제수, 징크옥사이드, 사이클로펜타실록산, 카프릴릭/카프릭트리글리세라이드, 글리세린, 이소데실네오펜타노에이트, 사이클로헥사실록산, 디에칠헥실카보네이트, 쿼터늄-18벤토나이트, 피이지-10디메치콘, 부틸렌글라이콜, 나이아신아마이드, 비즈왁스, 소듐클로라이드, 소르비탄세스퀴올리에이트, 1,2-헥산디올, 비닐디메치콘/메치콘실세스퀴옥산크로스폴리머, 마치현추출물, 트리에톡시카프릴릴실란, 디메치콘/비닐디메이콘크로스폴리머, 카프릴릴글라이콜, 클로페네신, 아데노신, 호호씨바오일, 스쿠알란, 토마토추출물"
"A000000240056","[한정기획/고함량PDRN] 성분에디터 알래스카 PDRN 울트라 모이스처라이징 배리어 크림 50ml (+10ml*2)","성분에디터","50.0","60.0","ml","29000","14490","2415.0","정제수, 글리세린, 부틸렌글라이콜, 카프릴릭/카프릭트라이글리세라이드, 퀸즈랜드넛오일, 비스-다이글리세릴폴리아실아디페이트-2, 다이글리세린, 나이아신아마이드, 옥틸도데칸올, 펜틸렌글라이콜, 트레할로오스, 1,2-헥산다이올, 세테아릴알코올, 소듐디엔에이(5,250 ppm), 시어버터, 소듐하이알루로네이트, 하이드롤라이즈드하이알루로닉애씨드, 하이알루로닉애씨드, 다이메틸실란올하이알루로네이트, 하이드롤라이즈드소듐하이알루로네이트, 포타슘하이알루로네이트, 하이드록시프로필트라이모늄하이알루로네이트, 소듐하이알루로네이트크로스폴리머, 소듐하이알루로네이트다이메틸실란올, 소듐아세틸레이티드하이알루로네이트, 세라마이드엔피, 세라마이드엔에스, 세라마이드에이피, 세라마이드에이에스, 세라마이드이오피, 덱스판테놀, 알란토인, 아스코빅애씨드, 리놀레닉애씨드, 팔미토일트라이펩타이드-5, 엑토인, 3-O-에틸아스코빅애씨드, 토코페롤, 카나우바왁스, 카프릴릴메티콘, 세테아릴올리베이트, 암모늄아크릴로일다이메틸타우레이트/브이피코폴리머, 폴리글리세릴-10베헤네이트/에이코사디오에이트, 폴리글리세릴-3메틸글루코오스다이스테아레이트, 솔비탄올리베이트, 아크릴레이트/C10-30알킬아크릴레이트크로스폴리머, 아미노메틸프로판다이올, 하이드로제네이티드레시틴, 소듐폴리아크릴로일다이메틸타우레이트, 팔미틱애씨드, 다이포타슘글리시리제이트, 에틸헥실글리세린, 아데노신, 프로판다이올, 소듐파이테이트, 스테아릭애씨드, 소듐폴리아크릴레이트, C12-13알케스-9, 콜레스테롤, 피토스핑고신, 글리세릴카프릴레이트, C12-16알코올, 잔탄검"
"A000000251231","바이오더마 세비엄 포어리파이너 30ml 기획 (+세비엄 세럼 4ml*2) (2604)","바이오더마","30.0","34.0","ml","","30000","8823.5","정제수, 메틸메타크릴레이트크로스폴리머, 다이프로필렌글라이콜, 사이클로펜타실록세인, 사이클로헥사실록세인, 다이메티콘, 글리세린, 부틸렌글라이콜, 말굽잔나비버섯추출물, 소듐폴리아크릴레이트, 미네랄오일, 실리카, 펜틸렌글라이콜, 트라이데세스-6, C30-45알킬세테아릴다이메티콘크로스폴리머, 1,2-헥산다이올, 카프릴릴글라이콜, 라우릴피이지/피피지-18/18메티콘, 살리실릭애씨드, 다이소듐이디티에이, 자일리톨, 프로필렌글라이콜, 소듐하이드록사이드, 피이지/피피지-18/18다이메티콘, 프룩토올리고사카라이드, 만니톨, 카프릴릭/카프릭트라이글리세라이드, 은행나무잎추출물, 도데실갈레이트, 람노오스, 라미나리아 오크롤레우카추출물, 시트릭애씨드, 향료"
"A000000211109","파티온 노스카나인 트러블 흔적 리페어 크림 50ml 기획 (+5ml)","파티온","50.0","55.0","ml","35000","29700","5400.0","정제수, 글리세린, 다이아이소스테아릴말레이트, 카프릴릭/카프릭트라이글리세라이드, 부틸렌글라이콜, 다이글리세린, 스쿠알란, 나이아신아마이드, 1,2-헥산다이올, 펜틸렌글라이콜, 폴리글리세릴-3메틸글루코오스다이스테아레이트, 트라넥사믹애씨드, 판테놀, 호호바에스터, 비타민나무열매추출물, 하이드록시에틸아크릴레이트/소듐아크릴로일다이메틸타우레이트코폴리머, 세테아릴올리베이트, 아크릴레이트/C10-30알킬아크릴레이트크로스폴리머, 솔비탄올리베이트, 트로메타민, 폴리메틸실세스퀴옥세인, 하이드로제네이티드쌀겨오일, 에틸헥실글리세린, 하이드로제네이티드레시틴, 아데노신, 다이프로필렌글라이콜, 알란토인, 솔비탄아이소스테아레이트, 하이드록시아세토페논, 소듐파이테이트, 구아검, 아가, 다이포타슘글리시리제이트, 폴리글리세릴-10라우레이트, 인도멀구슬나무잎추출물, 인도멀구슬나무꽃추출물, 소듐헤파린, 아이비고드열매추출물, 폴리글리세릴-10스테아레이트, 호박가루, 비사보롤, 가지열매추출물, 윈터체리뿌리추출물, 울금뿌리추출물, 홀리바질잎추출물, 잔탄검, 참산호말추출물, 드럼스틱씨오일, 쑥잎추출물, 토코페롤, 알파-알부틴, 카페인, 페룰릭애씨드, 글루타티온, 인디안구스베리열매추출물, 징크피씨에이, 호동씨오일, 포도세포추출물, 당호박추출물, 카카두플럼추출물, 케이프알로에잎추출물, 밤부사 불가리스수, 소듐아스코빌포스페이트, 토코페릴아세테이트, 글리세릴아라키도네이트, 글리세릴리놀리네이트, 바이오틴, 레티닐팔미테이트"
"A000000260771","동화약품 비타비 스팟 겔 15ml 기획 (+5ml)","동화약품","15.0","20.0","ml","","29000","14500.0","정제수, 글리세린, 나이아신아마이드(5%), 부틸렌글라이콜, 프로판다이올, 1,2-헥산다이올, 소듐하이알루로네이트, 메틸글루세스-10, 아크릴레이트/C10-30알킬아크릴레이트크로스폴리머, 트로메타민, 소듐폴리아크릴로일다이메틸타우레이트, 카프릴릭/카프릭트라이글리세라이드, 에틸헥실글리세린, 알란토인, 아데노신, 하이드로제네이티드레시틴, 소듐파이테이트, 말토덱스트린, 세라마이드엔피, 베타-글루칸, 토코페롤, 살리실릭애씨드, 다이프로필렌글라이콜, 펜틸렌글라이콜, 수크로오스코코에이트, 미리스틸니코티네이트, 토타롤, 잔탄검, 치자추출물"
"A000000259927","라니쥬 리텐셜 크림 80ml","라니쥬","80.0","80.0","ml","36900","28900","3612.5","정제수, 카프릴릭/카프릭트라이글리세라이드, 글리세린, 프로판다이올, 세테아릴알코올, 메틸프로판다이올, 글리세레스-26, 하이드로제네이티드폴리데센, 아이소도데케인, 부틸렌글라이콜다이카프릴레이트/다이카프레이트, 나이아신아마이드, 에탄올, 합성비즈왁스, 시어버터, 마카다미아씨오일, 덱스판테놀, 글리세릴스테아레이트, 세테아릴올리베이트, 솔비탄올리베이트, 스테아릭애씨드, 1,2-헥산다이올, 소듐아크릴레이트/소듐아크릴로일다이메틸타우레이트코폴리머, 부틸렌글라이콜, 카프릴릴글라이콜, 하이드록시에틸아크릴레이트/소듐아크릴로일다이메틸타우레이트코폴리머, 폴리아이소부텐, 아데노신, 카프릴릴/카프릴글루코사이드, 솔비탄아이소스테아레이트, 세라마이드엔피, 솔비탄올리에이트, 바오밥나무씨오일, 하이드로제네이티드레시틴, 팔미틱애씨드, 에틸헥실글리세린, 병풀추출물, 토코페롤,세라마이드엔에스, 세라마이드에이에스, 세라마이드이오피, 세라마이드에이피, 프로폴리스추출물, 아시아티코사이드, 컴프리잎추출물, 소듐하이알루로네이트, 아시아틱애씨드, 마데카식애씨드, 마데카소사이
드, 소듐콘드로이틴설페이트, 바질씨추출물, 멕시칸치아씨추출물, 글루타티온, 타마린드씨추출물, 퀴노아씨추출물, 질경이씨추출물, 아마씨추출물, 블래더랙추출물, 꿀풀추출물, 에스에이치-올리고펩타이드-1,카퍼트라이펩타이드-1, 팔미토일펜타펩타이드-4, 아세틸헥사펩타이드-8, 락토바실러스발효물, 팔미토일트라이펩타이드-1, 팔미토일테트라펩타이드-7, 에스에이치-폴리펩타이드-22, 에스에이치-폴리펩타이드-1, 에스에이치-올리고펩타이드-2"
"A000000145333","[산뜻/지성크림] 닥터디퍼런트 113 세콜지 모이스처라이저 100ml","닥터디퍼런트","100.0","100.0","ml","35000","28000","2800.0","정제수, 글리세린, 프로판다이올, 나이아산아마이드, 카프릴릭/카프릭트라이글리세라이드, ,12-헥산다이올, 글리세릴스테아레이트에스이, 세테아릴올리베이트, c18-21알케인, 솔비탄세스퀴올리에이트, 솔비탄올리에이트, 카보머, 스테아릭애씨드, 스테아릴알코올, 알지닌, 하이드록시프로필비스팔미타마이드엠이에이, 세틸알코올, 에틸헥실글리세린, 콜레스테롤, 잇꽃씨오일, 아이소머라이즈드리놀레익애씨드, 카프릴릴글라이콜, 데실렌글라이콜, 잔탄검, 올레익애씨드, 미리스틸알코올, 부틸렌글라이콜, 팔미틱애씨드, 토코페롤, 라우릴알코올, 하이드로제네이티드포스파티딜콜린, 리놀레익애씨드, 소듐피씨에이, 세린, 로즈힙열매추출,글라이신, 흰목이버섯폴리사카라이드, 세라마이드엔피, 알라닌, 글루타킥애씨드, 콜레스테릴마카다미에이트, 글라이코스핑고리피드, 피토스핑고신, 수크로오스스테아레이트"
"A000000182685","[트러블로션] 에스트라 테라크네365 수딩 액티브 모이스처라이저 60ml","에스트라","60.0","60.0","ml","33000","28000","4666.7","정제수, 부틸렌글라이콜, 카프릴릭/카프릭트라이글리세라이드, 나이아신아마이드, 아이소펜틸다이올, 세테아릴알코올, 다이메티콘, 폴리글리세릴-10스테아레이트, 베헤닐알코올, 카보머,다이포타슘글리시리제이트, 포타슘하이드록사이드, 살리실릭애씨드, 다이소듐이디티에이, 에틸헥실글리세린,소듐하이알루로네이트, 징크클로라이드, 토코페롤"
"A000000211006","[수부지/쿨링진정] 라네즈 워터뱅크 젤 크림 45ml 기획 (+25ml)","라네즈","45.0","70.0","ml","39000","27550","3935.7","정제수, 프로판다이올, 글리세린, 메도우폼씨오일, 베타인, 베헤닐알코올, 1,2-헥산다이올, 카보머, 트로메타민, 호호바에스터, 아라키딜알코올, 글리세릴카프릴레이트, 부틸렌글라이콜, 에틸헥실글리세린, 다이소듐이디티에이, 아라키딜글루코사이드, 콘민트잎추출물, 향료, 하이드롤라이즈드하이알루로닉애씨드, 말라카이트추출물, 흑효모발효물, 토코페롤, 미역추출물"
"A000000230916","[포켓몬 에디션/화잘먹크림] 성분에디터 그린토마토 NMN 포어 리프팅 크림 50ml 더블 기획 (+포켓몬 키링+스티커)","성분에디터","50.0","100.0","ml","34000","17500","1750.0","정제수, 부틸렌글라이콜, 글리세린, 하이드로제네이티드폴리데센, 1,2-헥산다이올, 나이아신아마이드, 스쿠알란, 세테아릴올리베이트, 솔비탄올리베이트, 니코틴아마이드모노뉴클레오타이드, 카프릴릭/카프릭트라이글리세라이드, 프로판다이올, 아크릴레이트/C10-30알킬아크릴레이트크로스폴리머, 암모늄아크릴로일다이메틸타우레이트/브이피코폴리머, 알지닌, 베르가모트오일, 에틸헥실글리세린, 아데노신, 왕귤껍질오일, 옥수수커넬추출물, 다이소듐이디티에이, 하이드롤라이즈드치자추출물, 하이드롤라이즈드맥아추출물, 하이드롤라이즈드삼색제비꽃추출물, 토마토추출물, 황련뿌리추출물, 덱스트린, 하이드로제네이티드폴리아이소부텐, 치자추출물, 레몬껍질오일, 라벤더오일, 하이알루로닉애씨드, 하이드롤라이즈드하이알루로닉애씨드, 소듐하이알루로네이트, 달맞이꽃꽃추출물, 대왕소나무잎추출물, 칡뿌리추출물, 당느릅나무뿌리추출물, 소듐하이알루로네이트크로스폴리머, 데이지꽃추출물, 프룩탄, 판토테닉애씨드, 글루코오스, 폴리글루타믹애씨드, 자일로오스, 지모뿌리추출물, 토코페롤, 리모넨, 리날룰"
"A000000256365","마일드랩 센텔라 오인트 크림 30g","마일드랩","30.0","30.0","g(약 1ml 상당으로 근사)","36000","27000","9000.0","정제수, 다이프로필렌글라이콜, 부틸렌글라이콜, 글리세린, 병풀잎수(50,052.45ppm), 세테아릴알코올, 나이아신아마이드, 사이클로펜타실록세인, 판테놀,
사이클로헥사실록세인, 1,2-헥산다이올, 마데카식애씨드(4,949 ppm), 글리세릴스테아레이트에스이, 하이드록시아세토페논, 카보머, 아시아티코사이드(3,794 ppm),
트로메타민, 에틸헥실올리베이트, 소듐아크릴레이트코폴리머, 아시아틱애씨드(1,271.5 ppm), 소듐스테아로일글루타메이트, 폴리글리세릴-4올리에이트, 병풀추출물(575.5ppm),
아데노신, 다이소듐이디티에이, 에틸헥산다이올, 프로판다이올, 카프릴릴글라이콜, 병풀캘러스세포외소포, 폴리글리세릴-10라우레이트, 하이드로제네이티드레시틴,
폴리글리세릴-10미리스테이트, 소듐구아이아줄렌설포네이트, 소듐디엔에이, 소듐아스코빌포스페이트, 마그네슘아스코빌포스페이트, 테트라헥실데실아스코베이트,
소듐리보플라빈포스페이트, 아스코빌글루코사이드"
"A000000251651","[3세대 리뉴얼] 닥터지 레드 블레미쉬 클리어 수딩크림 EX 70ml","닥터지","70.0","70.0","ml","38000","26600","3800.0","정제수, 글리세린, 부틸렌글라이콜, 다이카프릴릴에터, 나이아신아마이드, 1,2-헥산다이올, 펜틸렌글라이콜, 소듐하이알루로네이트, 병풀잎추출물, 비피다발효여과물, 락토바실러스발효물, 병풀꽃/잎/줄기추출물, 병풀뿌리추출물, 병풀추출물, 효모발효여과물, 하이드로제네이티드폴리데센, 다이카프릴릴카보네이트, 하이드록시에틸아크릴레이트/소듐아크릴로일다이메틸타우레이트코폴리머, 판테놀, 아크릴레이트/C10-30알킬아크릴레이트크로스폴리머, 실리카, 트로메타민, 솔비톨, 글리세릴아크릴레이트/아크릴릭애씨드코폴리머, 에틸헥실글리세린, 트라이소듐에틸렌다이아민다이석시네이트, 알란토인, 다이프로필렌글라이콜, 토코페롤, 마데카소사이드, 폴리글리세릴-10라우레이트, 포스파티딜콜린, 하이드로제네이티드레시틴, 칼슘판토테네이트, 스쿠알란, 에리스리톨, 에틸헥실팔미테이트, 아시아티코사이드, 마데카식애씨드, 아시아틱애씨드, 트라이하이드록시스테아린, 세라마이드엔피, 다발방패버섯추출물, 잔탄검"
"A000000228390","[청담샵톤업/멀티톤업] 잇츠스킨 시크릿 솔루션 웨딩 드레스 퓨어 크림 100ml","잇츠스킨","100.0","100.0","ml","","12000","1200.0","정제수, 사이클로펜타실록세인, 사이클로헥사실록세인, 부틸렌글라이콜, 티타늄디옥사이드, 세틸피이지/피피지-10/1다이메티콘, 1,2-헥산다이올, 라벤더꽃수, 라즈베리추출물, 진주추출물, 데이지꽃추출물, 로우스위트블루베리추출물, 로즈마리추출물, 수레국화꽃수, 커먼자스민꽃추출물, 크랜베리추출물, 소듐클로라이드, 다이메티콘, 다이메티콘/비닐다이메티콘크로스폴리머, 카프릴릴글라이콜, 알루미늄하이드록사이드, 트라이에톡시카프릴릴실레인, 다이소듐이디티에이, 트라이에톡시실릴에틸폴리다이메틸실록시에틸헥실다이메티콘, 향료"
"A000000247578","아벤느 이드랑스 아쿠아 크림-인-젤 50ml 기획(에센스인로션25ml+클리낭스젤15ml)(2602)","아벤느","50.0","90.0","ml","32000","25560","2840.0","온천수(아벤느온천수), 글리세린, 카프릴릭/카프릭트라이글리세라이드, 하이드록시에틸아크릴레이트/소듐아크릴로일다이메틸타우레이트코폴리머, 아이소세틸스테아로일스테아레이트, 트라이에틸헥사노인, 베타인, 폴리글리세릴-10미리스테이트, 1,2-헥산다이올, 알로에베라잎즙가루, 베헤닐알코올, 카프릴릴글라이콜, 시트릭애씨드, 에틸헥실글리세린, 향료, 해바라기씨오일, 레시틴, 폴리솔베이트60, 프로판다이올, 소듐하이알루로네이트, 소듐파이테이트, 솔비탄아이소스테아레이트, 스쿠알란, 토코페롤, 토코페릴글루코사이드, 잔탄검"
"A000000199889","[조슈아PICK/화잘먹] 리얼베리어 익스트림 크림 라이트 70ml 기획 (+30ml)","리얼베리어","70.0","100.0","ml","36000","25200","2520.0","정제수, 메틸프로판다이올, 카프릴릭/카프릭트라이글리세라이드, 사이클로펜타실록세인, 미리스토일/팔미토일옥소스테아라마이드/아라카마이드엠이에이, 판테놀(29,700 ppm), 솔비탄스테아레이트, 세테아릴알코올, 하이드록시에틸우레아, 식물성스쿠알란, 글리세릴스테아레이트시트레이트, 1,2-헥산다이올, 카놀라오일, 글리세린, 소듐아크릴릭애씨드/엠에이코폴리머, 카프릴릴글라이콜, 알지닌, 알란토인, 카보머, 토코페롤, 부틸렌글라이콜, 다이하이드록시아이소프로필팔모일팜아마이드, 피토스테롤, 잔탄검, 해바라기씨오일, 카프로일메틸세리네이트, 엑토인, 프로판다이올, 소듐하이알루로네이트, 소듐하이알루로네이트크로스폴리머, 하이드롤라이즈드글라이코사미노글리칸, 비스-카프릴로일옥시팔미타미도아이소프로판올, 마데카소사이드, 하이드롤라이즈드하이알루로닉애씨드, 광곽향오일, 살비아오일, 벤질글라이콜, 하이드록시프로필트라이모늄하이알루로네이트, 소두구씨오일, 캐모마일꽃오일, 콘민트오일, 베타-글루칸, 리놀레익애씨드, 멕시칸주니퍼오일, 소듐아세틸레이티드하이알루로네이트, 에틸헥실글리세린, 하이알루로닉애씨드, 라즈베리케톤"
"A000000219391","[흔적진정] 마몽드 카밍 샷 아줄렌 크림 60ml 단품/기획","마몽드","60.0","60.0","ml","29000","24700","4116.7","정제수, 프로판다이올, 글리세린, 페닐트라이메티콘, 나이아신아마이드(20,000ppm), 스테아릴다이메티콘, 1,2-헥산다이올, 메틸트라이메티콘, 하이드록시에틸아크릴레이트/소듐아크릴로일다이메틸타우레이트코폴리머, 피씨에이다이메티콘, 글리세릴폴리메타크릴레이트, 폴리메틸실세스퀴옥세인, 하이드로제네이티드폴리(C6-14올레핀), 아크릴레이트/C10-30알킬아크릴레이트크로스폴리머, 마트리카리아꽃수, 트로메타민, 글리세릴카프릴레이트, 에틸헥실글리세린, 소듐메타포스페이트, 솔비탄아이소스테아레이트, 부틸렌글라이콜, 소듐하이알루로네이트, 하이알루로닉애씨드, 향료, 구아이아줄렌(100ppm), 베타-글루칸, 토코페롤, 프로필렌글라이콜, 하이드롤라이즈드하이알루로닉애씨드, 소듐하이알루로네이트크로스폴리머, 소듐아세틸레이티드하이알루로네이트"
"A000000210600","넘버즈인 5번 글루타치온씨 흔적 토닝 레이저 크림 50ml","넘버즈인","50.0","50.0","ml","30000","24000","4800.0","정제수, 다이프로필렌글라이콜, 글리세린, 나이아신아마이드, 옥틸도데칸올, 해바라기씨오일, 부틸렌글라이콜, 트레할로오스, 펜틸렌글라이콜, 1,2-헥산다이올, 비파나무잎추출물, 황련뿌리추출물, 스피어민트추출물, 소듐하이알루로네이트, 카카오추출물, 병풀잎추출물, 아르간커넬오일, 참깨오일, 키토산, 사발팜열매추출물, 카프릴릴메티콘, 판테놀, 폴리메틸실세스퀴옥세인, 프로판다이올, 하이드록시에틸아크릴레이트/소듐아크릴로일다이메틸타우레이트코폴리머, 세테아릴올리베이트, 폴리글리세릴-10베헤네이트/에이코사디오에이트, 암모늄아크릴로일다이메틸타우레이트/브이피코폴리머, 솔비탄올리베이트, 아크릴레이트/C10-30알킬아크릴레이트크로스폴리머, 트로메타민, 에틸헥실글리세린, 솔비탄아이소스테아레이트, 아데노신, 팔미틱애씨드, 하이드로제네이티드레시틴, 글루타티온, 포스파티딜콜린, 폴리글리세릴-10라우레이트, 다이라우릴티오다이프로피오네이트, 펜타에리스리틸테트라-다이-t-부틸하이드록시하이드로신나메이트, 소듐파이테이트, 알란토인, 마데카소사이드, 레시틴, 셀룰로오스, 소듐포스페이트, 폴리글루타믹애씨드, 덱스트린, 아시아티코사이드, 시스테인, 토코페롤, 3-O-에틸아스코빅애씨드, 알부틴, 비사보롤, 에스에이치-올리고펩타이드-1, 에스에이치-올리고펩타이드-2, 에스에이치-폴리펩타이드-1, 에스에이치-폴리펩타이드-10, 에스에이치-폴리펩타이드-11, 에스에이치-폴리펩타이드-3, 에스에이치-폴리펩타이드-59, 에스에이치-폴리펩타이드-9, 콜레스테롤, 아스코빅애씨드, 베타-시토스테롤, 아스코빌글루코사이드, 세라마이드엔피, 잔탄검, C12-16알코올"
"A000000256050","[단독기획] 토리든 밸런스풀 시카 진정 크림 80ml 기획(+세럼10ml+패드10매)","토리든","80.0","90.0","ml","","24000","2666.7","[밸런스풀 진정 크림] 
정제수, 부틸렌글라이콜, 글리세린, 헵틸운데실레네이트, 1,2-헥산다이올, 판테놀(2,000ppm), 병풀추출물, 마데카식애씨드, 아시아티코사이드, 아시아틱애씨드, 마데카소사이드, 알란토인, 하이드롤라이즈드하이알루로닉애씨드, 쓴풀추출물, 푸른연꽃추출물, 락토바실러스발효물, 접시꽃추출물, 잇꽃꽃추출물, 베타인, 카프릴릭/카프릭트라이글리세라이드, 세테아릴알코올, 프로판다이올, C14-22알코올, 다이펩타이드-2, 아크릴레이트/C10-30알킬아크릴레이트크로스폴리머, 하이드록시에틸아크릴레이트/소듐아크릴로일다이메틸타우레이트코폴리머, 소듐폴리아크릴레이트, 글리세릴아크릴레이트/아크릴릭애씨드코폴리머, 피브이엠/엠에이코폴리머, 솔비탄아이소스테아레이트, 폴리글리세릴-3폴리리시놀리에이트, 아이소펜틸다이올, 카프릴로일살리실릭애씨드, C12-20알킬글루코사이드, 폴리글리세릴-4올리에이트, 소듐스테아로일글루타메이트, 소듐서팩틴, 카프로익애씨드, 잔탄검, 트로메타민, 소듐아세테이트, 다이소듐이디티에이, 에틸헥실글리세린, 치자추출물

[밸런스풀 시카 컨트롤 세럼] 
정제수, 글리세린, 프로판다이올, 다이프로필렌글라이콜, 나이아신아마이드, 1,2-헥산다이올, 판테놀(11,000ppm), 병풀추출물, 마데카식애씨드, 아시아티코사이드(3,610ppb), 아시아틱애씨드, 마데카소사이드, 알란토인, 쓴풀추출물, 푸른연꽃추출물, 락토바실러스발효물, 접시꽃추출물, 소듐하이알루로네이트, 하이드롤라이즈드하이알루로닉애씨드, 하이알루로닉애씨드, 하이드록시프로필트라이모늄하이알루로네이트, 포타슘하이알루로네이트, 소듐하이알루로네이트크로스폴리머, 소듐아세틸레이티드하이알루로네이트, 징크하이드롤라이즈드하이알루로네이트, 칼슘판토테네이트, 석시닉애씨드, 글루코닉애씨드, 카프릴로일살리실릭애씨드, 징크피씨에이, 팔미토일다이펩타이드-7, 다이펩타이드-2, 다이포타슘글리시리제이트, 펜틸렌글라이콜, 소듐스테아로일글루타메이트, 아세틸글루코사민, 글리세릴글루코사이드, 아이소펜틸다이올, 2,3-부탄다이올, 옥틸도데칸올, 글리세릴아크릴레이트/아크릴릭애씨드코폴리머, 피브이엠/엠에이코폴리머, 카프로익애씨드, 폴리글리세릴-4올리에이트, 솔비탄스테아레이트, 폴리글리세린-3, 피토스테롤, 소듐서팩틴, 카보머, 잔탄검, 트로메타민, 소듐아세테이트, 에틸헥실글리세린, 콥티스뿌리추출물, 말라카이트추출물

[밸런스풀 시카 패드] 
정제수, 글리세린, 프로판다이올, 다이프로필렌글라이콜, 나이아신아마이드, 1,2-헥산다이올, 판테놀(11,000ppm), 병풀추출물, 마데카식애씨드, 아시아티코사이드(3,610ppb), 아시아틱애씨드, 마데카소사이드, 알란토인, 쓴풀추출물, 푸른연꽃추출물, 락토바실러스발효물, 접시꽃추출물, 소듐하이알루로네이트, 하이드롤라이즈드하이알루로닉애씨드, 하이알루로닉애씨드, 하이드록시프로필트라이모늄하이알루로네이트, 포타슘하이알루로네이트, 소듐하이알루로네이트크로스폴리머, 소듐아세틸레이티드하이알루로네이트, 징크하이드롤라이즈드하이알루로네이트, 칼슘판토테네이트, 석시닉애씨드, 글루코닉애씨드, 카프릴로일살리실릭애씨드, 징크피씨에이, 팔미토일다이펩타이드-7, 다이펩타이드-2, 다이포타슘글리시리제이트, 펜틸렌글라이콜, 소듐스테아로일글루타메이트, 아세틸글루코사민, 글리세릴글루코사이드, 아이소펜틸다이올, 2,3-부탄다이올, 옥틸도데칸올, 글리세릴아크릴레이트/아크릴릭애씨드코폴리머, 피브이엠/엠에이코폴리머, 카프로익애씨드, 폴리글리세릴-4올리에이트, 솔비탄스테아레이트, 폴리글리세린-3, 피토스테롤, 소듐서팩틴, 카보머, 잔탄검, 트로메타민, 소듐아세테이트, 에틸헥실글리세린, 콥티스뿌리추출물, 말라카이트추출물"
"A000000160584","소본 그린 시카 더마 리페어 크림 40ml","소본","40.0","40.0","ml","26000","23400","5850.0","녹차수, 글리세린, 카프릴릭/카프릭트라이글리세라이드, 세틸에틸헥사노에이트, 옥틸도데칸올, 프로판다이올, 스쿠알란, 폴리글리세릴-3메틸글루코오스다이스테아레이트, 부틸렌글라이콜, 글리세릴글루코사이드, 다이메티콘올, 세틸알코올, 1,2-헥산다이올, 사이클로헥사실록세인, 폴리글리세릴-10다이스테아레이트, 글리세릴스테아레이트, 정제수, 카보머, 하이드록시아세토페논, 알지닌, 소듐스테아로일글루타메이트, 에틸헥실글리세린, 알란토인, 글루코오스, 아데노신, 소듐하이알루로네이트, 미로탐누스플라벨리폴리아캘러스배양추출물, 하이드로제네이티드레시틴, 병풀추출물, 무화과추출물, 마데카소사이드, 펜틸렌글라이콜, 세라마이드엔피, 캐모마일꽃추출물, 녹차추출물, 토코페롤, 효모발효물, 병풀뿌리추출물, 병풀잎추출물, 아시아티코사이드, 에스에이치-올리고펩타이드-1, 마데카식애씨드, 아시아틱애씨드"
"A000000204747","[미백/단독기획]AHC 프로샷 글루타 브라이트 아이크림 포페이스 30ml기획 (+세럼10ml)","AHC","30.0","40.0","ml","29000","23200","5800.0","[본품 - AHC 프로샷 글루타 브라이트 아이크림 포페이스]
정제수, 글리세린, 다이프로필렌글라이콜, 나이아신아마이드, 1,2-헥산다이올, 베타인, 티타늄디옥사이드, 트라넥사믹애씨드, 다이메티콘, C12-14알케스-12, 옥틸도데세스-16, 암모늄아크릴로일다이메틸타우레이트/브이피코폴리머, 비사보롤, 소듐폴리아크릴로일다이메틸타우레이트, 하이드로제네이티드레시틴, 하이드록시아세토페논, 향료, 에틸헥실글리세린, 트로메타민, 옥수수전분, 아데노신, 다이소듐이디티에이, 폴리글리세릴-10라우레이트, 글루타티온, 카프릴릭/카프릭트라이글리세라이드, 폴리글리세릴-10스테아레이트, 글라이신, 글루타민, 시스틴, 3-O-에틸아스코빅애씨드, 부틸렌글라이콜, 토코페롤, 알루미늄/마그네슘하이드록사이드스테아레이트, 아세틸테트라펩타이드-5

[증정 - AHC 프로샷 글루타 브라이트 인트라 세럼]
정제수, 메틸프로판다이올, 스쿠알란, 나이아신아마이드, 코코-카프릴레이트/카프레이트, 부틸렌글라이콜, 1,2-헥산다이올, 트라넥사믹애씨드, 세테아레스-20, 하이드록시아세토페논, 비사보롤, 글리세릴스테아레이트에스이, 아크릴레이트/C10-30알킬아크릴레이트크로스폴리머, 트로메타민, 매실추출물, 사과추출물, 파파야열매추출물, 포도추출물, 페닐에틸레조시놀, 마이크로크리스탈린셀룰로오스, 잔탄검, 향료, 아데노신, 다이소듐이디티에이, 글리세린, 폴리글리세릴-10라우레이트, 카프릴릭/카프릭트라이글리세라이드, 하이드로제네이티드레시틴, 글라이신, 글루타민, 시스틴, 글루타티온, 실리카, 알루미늄/마그네슘하이드록사이드스테아레이트"
"A000000258315","[고보습나이트크림] 하다라보 고쿠쥰 퍼펙트 젤 100g","하다라보","100.0","100.0","g(약 1ml 상당으로 근사)","38000","22800","2280.0","정제수, 부틸렌글라이콜, 하이드록시에틸우레아, 글리세린, 펜틸렌글라이콜, 다이메티콘, 스쿠알란, 트라이에틸헥사노인, 피피지-10메틸글루코오스에터, 트라이에틸시트레이트, 암모늄아크릴로일다이메틸타우레이트/브이피코폴리머, 피피지-17-부테스-17, 피이지-8, 베헤닐알코올, 세틸알코올, 페녹시에탄올, 다이메티콘/비닐다이메티콘크로스폴리머, 소듐하이알루로네이트, 다이소듐석시네이트, 아가, 다이소듐이디티에이, 석시닉애씨드, 하이드롤라이즈드하이알루로닉애씨드, 소듐아세틸레이티드하이알루로네이트, 타마린드씨검, 하이드롤라이즈드콜라겐, 아파노테케 사크룸엑소폴리사카라이즈, 알파-글루칸, 하이드로제네이티드포스파티딜콜린, 잔탄검, 하이드록시프로필트라이모늄하이알루로네이트, 글루코실세라마이드, 소듐포스페이트, 콜레스테롤, 다이소듐포스페이트, 팔미틱애씨드, 라우릴베타인, C12-13알킬글리세릴하이드롤라이즈드하이알루로네이트"
"A000000237527","[3STEP 멜라닌 클리어] 리쥬란 힐러 트리플 래디언스 크림 50ml","리쥬란","50.0","150.0","ml","","47000","3133.3","정제수, 해바라기씨오일, 부틸렌글라이콜, 나이아신아마이드, 글리세릴스테아레이트에스이, 시어버터, 1, 2-헥산다이올, 스쿠알란, 글리세린, 효모추출물, 판테놀, 다이메티콘, 잔탄검, 하이드롤라이즈드디엔에이, 토코페릴아세테이트, 암모늄아크릴로일다이메틸타우레이트/브이피코폴리머, 오이열매추출물, 아크릴레이트/C10-30알킬아크릴레이트크로스폴리머, 소듐하이알루로네이트, 사과추출물, 마트리카리아추출물, 에틸헥실글리세린, 아데노신, 소듐하이드록사이드, 사이아노코발아민, 향료, 펜타펩타이드-18, 팔미토일펜타펩타이드-4, 팔미토일트라이펩타이드-5, 카프릴릴글라이콜, 아세틸헥사펩타이드-8, 하이드로제네이티드레시틴, 펜틸렌글라이콜, 세라마이드엔피, 올레익애씨드, 이눌린라우릴카바메이트, 콜레스테롤"
"A000000192300","[김재원 PICK] 몰바니 볼륨 인크리징 프로틴 크림 100ml","몰바니","100.0","100.0","ml","36000","21900","2190.0","해수, 메틸프로판다이올, 글리세린, 페닐트라이메티콘, 1,2-헥산다이올, 나이아신아마이드, 다이카프릴릴에터, 다이카프릴릴카보네이트, 사이클로헥사실록세인, 폴리글리세릴-3메틸글루코오스다이스테아레이트, 아이소스테아릴알코올, 부틸렌글라이콜코코에이트, 글리세릴스테아레이트, 다시마추출물, 한련초잎추출물, 꿀풀추출물, 블래더랙추출물, 슈도알테로모나스발효추출물, 하이드로제네이티드레시틴, 정제수, 암모늄아크릴로일다이메틸타우레이트/브이피코폴리머, 폴리글리세릴-10라우레이트, 소듐스테아로일글루타메이트, 아크릴레이트/C10-30알킬아크릴레이트크로스폴리머, 트로메타민, 잔탄검, 초유, 에틸셀룰로오스, 아데노신, 프룩토올리고사카라이드, 베타-글루칸, 하이드롤라이즈드하이알루로닉애씨드, 이노시톨, 프룩탄, 살리실릭애씨드, 소듐살리실레이트, 시트릭애씨드,에틸헥실글리세린"
"A000000224027","[흔적,기미,미백/TXA] 셀리맥스 트라넥삼산 잡티 크림 35ml","셀리맥스","35.0","35.0","ml","35000","21900","6257.1","정제수, 글리세린, 나이아신아마이드, 트라넥사믹애씨드, 카프릴릭/카프릭트라이글리세라이드, 다이프로필렌글라이콜, 1,2-헥산다이올, 퀸즈랜드넛오일, 페닐트라이메티콘, 하이드로제네이티드폴리(C6-14올레핀), 다이카프릴릴에터, 비닐다이메티콘, 세테아릴알코올, 프로판다이올, 세테아릴올리베이트, 글리세릴스테아레이트에스이, 솔비탄올리베이트, 암모늄아크릴로일다이메틸타우레이트/브이피코폴리머, 베헤닐알코올, 다이메티콘올, 세테아릴글루코사이드, 다시마추출물, 한련초잎추출물, 하이드로제네이티드레시틴, 세라마이드엔피, 베타인, 에틸헥실글리세린, 잔탄검, 비파나무잎추출물, 아데노신, 프룩토올리고사카라이드, 황련뿌리추출물, 콜레스테롤, 부틸렌글라이콜, 베타-글루칸, 스피어민트추출물, 하이드롤라이즈드하이알루로닉애씨드, 카카오씨추출물, 덱스트린, 토코페롤, 아스코빅애씨드폴리펩타이드, 글리세릴스테아레이트, 세라마이드에이에스, 세라마이드에이피, 세라마이드엔에스, 세라마이드이오피"
"A000000208491","이지듀 EGF 글루타치온 기미잡티 크림 105ml","이지듀","105.0","105.0","ml","","45000","4285.7","정제수,글리세린,나이아신아마이드,다이프로필렌글라이콜,비닐다이메티콘,카프릴릭/카프릭트라이글리세라이드,코코넛야자오일,메도우폼씨오일,펜타에리스리틸테트라에틸헥사노에이트,메틸프로판다이올,폴리글리세릴-3다이스테아레이트,해바라기씨오일,1,2-헥산다이올,마조람잎오일,베르가모트오일,효모발효추출물,칸디다 봄비콜라/글루코오스/메틸레이프씨데이트발효물,편백잎추출물,오레가노잎추출물,흰버드나무껍질추출물,캐모마일꽃오일,육계나무껍질추출물,하이드롤라이즈드하이알루로닉애씨드,락토바실러스/콩발효추출물,쇠비름추출물,황금추출물,멕시칸주니퍼오일,하이드롤라이즈드콜라겐,왕귤껍질오일,펜틸렌글라이콜,피토스테릴/이소스테아릴/세틸/스테아릴/베헤닐다이머디리놀리에이트,부틸렌글라이콜,폴리메틸실세스퀴옥세인,다이메티콘올,암모늄아크릴로일다이메틸타우레이트/브이피코폴리머,아크릴레이트/C10-30알킬아크릴레이트크로스폴리머,소듐스테아로일글루타메이트,하이드록시아세토페논,트로메타민,하이드록시에틸아크릴레이트/소듐아크릴로일다이메틸타우레이트코폴리머,폴리글리세릴-2스테아레이트,글리세릴스테아레이트,판테놀,글리세릴스테아레이트시트레이트,아데노신,하이드로제네이티드레시틴,소듐파이테이트,솔비탄아이소스테아레이트,세라마이드엔피,베타-글루칸,하이드롤라이즈드엘라스틴,소듐아스코빌포스페이트,에스에이치-올리고펩타이드-1,팔미토일에스에이치-트라이펩타이드-3아마이드,카프릴릴글라이콜,니코티노일다이펩타이드-23,트라넥사믹애씨드,글루타티온,비사보롤,헤스페리딘메틸칼콘,시트릭애씨드,다이펩타이드-2,팔미토일테트라펩타이드-7,소듐시트레이트,스테아레스-20,세테아릴알코올,스테아릴알코올,잔탄검,에탄올,다이소듐이디티에이,클로헥시딘디글루코네이트,포타슘솔베이트,리모넨,리날룰"
"A000000246323","[100시간 보습 대용량]프리메이 진정한 수분 크림 100ml (+30ml+30ml)","프리메이","100.0","160.0","ml","28000","13900","868.8","정제수,다이프로필렌글라이콜,글리세린,카프릴릭/카프릭트라이글리세라이드,메틸트라이메티콘 ,세틸에틸헥사노에이트,폴리글리세릴-3메틸글루코오스다이스테아레이트,메도우폼씨오일,밤부사 불가리스추출물,베타인,하이드로제네이티드폴리아이소부텐,세테아릴알코올,폴리글리세릴-3스테아레이트,글리세릴스테아레이트,1,2-헥산다이올,트레할로오스,판테놀,알지닌,카보머,카프릴릴글라이콜,하이드록시아세토페논,하이드로제네이티드식물성글리세라이즈,폴리글리세릴-10라우레이트,아미노부티릭애씨드,폴리글리세릴-4라우레이트,소듐스테아로일락틸레이트,에틸헥실글리세린,부틸렌글라이콜,약모밀추출물,판토락톤,아데노신,서양배추출물,트라이소듐에틸렌다이아민다이석시네이트,다마스크장미꽃수,글리세릴글루코사이드,살비아오일,오리스뿌리추출물,멜론추출물,서양송악잎/줄기추출물,흰목이버섯폴리사카라이드,향부자추출물,판토테닉애씨드,서양민들레뿌리줄기/뿌리추출물,소엽잎추출물,소듐하이알루로네이트,마그네슘피씨에이,소듐피씨에이,칼슘피씨에이"
"A000000231632","[장벽회복기능성] 주미소 디판테놀 베리어 장벽크림 80ml 기획(+20ml)","주미소","80.0","100.0","ml","28000","21000","2100.0","정제수, 프로판다이올, 글리세린, 덱스판테놀, 부틸렌글라이콜, 카프릴릭/카프릭트라이글리세라이드, 스쿠알란, 1,2-헥산다이올, 카보머, 알지닌, 세테아릴올리베이트, 에틸헥실글리세린, 솔비탄올리베이트, 세테아릴알코올, 알란토인, 베타인, 세라마이드엔피, 하이드로제네이티드레시틴, 다이프로필렌글라이콜, 글리세릴스테아레이트, 하이드록시프로필비스라우라마이드엠이에이, 마데카소사이드, 아시아티코사이드, 마데카식애씨드, 아시아틱애씨드, 토코페롤, 콜레스테롤, 세라마이드엔에스, 세라마이드에이피, 세라마이드에이에스, 페닐알라닌, 류신, 메티오닌, 라이신, 히스티딘, 아이소류신, 발린, 트레오닌, 트립토판, 세라마이드이오피"
"A000000145286","[매끈탱탱/레티날0.1%] 닥터디퍼런트 비타리프트-A 포르테 크림 20g","닥터디퍼런트","20.0","20.0","g(약 1ml 상당으로 근사)","52000","41600","20800.0","정제수, 세틸에틸헥사노에이트, 글리세린, 스쿠알란, 잇꽃씨오일, 시어버터, 유채스테롤, 콜레스테롤, 피토스테릴/베헤닐/옥틸도데실라우로일글루타메이트, 1,2-헥산다이올, 폴리글리세릴-10올리에이트, 소듐하이알루로네이트, 하이드로제네이티드레시틴, 폴리글루타믹애씨드, 세라마이드엔피, 스테아릭애씨드, 레틴알(0.1%), 올레익애씨드, 토코페롤, 아데노신, 다이소듐이디티에이"
"A000000242839","[밀도보습] 아벤느 이드랑스 리치 크림 40ml 2입 기획","아벤느","40.0","80.0","ml","25000","19900","2487.5","온천수(아벤느온천수),미네랄오일,글리세린,아이소헥사데칸,다이메티콘,세테아릴알코올,잇꽃씨오일,아이소세틸스테아로일스테아레이트,트라이에틸헥사노인,글리세릴스테아레이트,피이지-100스테아레이트,1,2-헥산다이올,시어버터,세테아릴글루코사이드,벤조익애씨드,향료,피토스테롤,폴리아크릴레이트-13,폴리아이소부텐,폴리솔베이트20,소듐하이드록사이드,솔비탄아이소스테아레이트,정제수,잔탄검"
"A000000256432","[리프팅] 아벤느 히알루론 액티브 B3 안티에이징 크림 50ml 기획 (+괄사+크림 2ml*2)","아벤느","50.0","52.0","ml","52000","39520","7600.0","온천수(아벤느 온천수),카프릴릭/카프릭트라이글리세라이드,글리세린,나이아신아마이드(6%),잇꽃씨오일,시어버터,글라이콜팔미테이트,아라키딜알코올,세테아릴알코올,셀룰로오스,글리세릴스테아레이트,소듐하이알루로네이트(0.2%),아데노신,아라키딜글루코사이드,베헤닐알코올,카프릴릴글라이콜,세테아릴글루코사이드,시트릭애씨드,향료,해바라기씨오일,소듐벤조에이트,토코페롤,토코페릴글루코사이드,잔탄검"
"A000000229776","[리뉴얼] 구달 청귤 비타C 잡티케어 아이크림 30ml 1+1 기획","구달","30.0","60.0","ml","24000","18900","3150.0","탄제린추출물(54%),부틸렌글라이콜,글리세린,프로판다이올,정제수,펜타에리스리틸테트라에틸헥사노에이트,펜틸렌글라이콜,나이아신아마이드,알부틴,1,2-헥산다이올,폴리메틸실세스퀴옥세인,다이아이소스테아릴말레이트,비닐다이메티콘,에칠아스코빌에텔(2,000ppm),아스코빅애씨드폴리펩타이드,클로렐라불가리스추출물,인도멀구슬나무꽃추출물,인도멀구슬나무잎추출물,울금뿌리추출물,홀리바질잎추출물,참산호말추출물,다이글리세린,카프릴릭/카프릭/미리스틱/스테아릭트라이글리세라이드,메틸메타크릴레이트크로스폴리머,소듐폴리아크릴로일다이메틸타우레이트,암모늄아크릴로일다이메틸타우레이트/베헤네스-25메타크라일레이트크로스폴리머,비스-다이글리세릴폴리아실아디페이트-2,글루코오스,다이메티콘올,아크릴레이트/C10-30알킬아크릴레이트크로스폴리머,하이드록시아세토페논,트로메타민,프룩토올리고사카라이드,프룩토오스,글루코실헤스페리딘,에틸헥실글리세린,글리세릴아크릴레이트/아크릴릭애씨드코폴리머,알란토인,다이포타슘글리시리제이트,아데노신,토코페롤,다이소듐이디티에이"
"A000000257289","NDP 비타민 B9 톤업 미백 크림 65ml","NDP","65.0","65.0","ml","24000","18900","2907.7","정제수, 프로판다이올, 다이프로필렌글라이콜, 부틸렌글라이콜, 티타늄디옥사이드, 1,2-헥산다이올, 나이아신아마이드,폴리시트로넬올아세테이트 , 세테아릴알코올, 하이드로제네이티드폴리아이소부텐, 폴리글리세릴-6스테아레이트,하이드로제네이티드폴리데센, 하이드로제네이티드폴리(C6-14올레핀), 작약꽃추출물, 메타카소사이드, 망고씨버터, 올리브오일, 밤부사불가리스잎추출물, 알란토인,폴릭애씨드(100ppm),소듐하이알루로네이트,바실러스/소이빈발효추출물, 글루타믹애씨드,글라이신,칸디다봄비콜라/글루코오스/메틸레이프씨데이트발효물,글리세릴스테아레이트,솔비탄올리에이트,하이드록시에틸아크릴레이트/소듐아크릴로일다이메틸타우레이트코폴리머,알지닌,카보머,폴리글리세릴-6베헤네이트, 폴리아크릴레이트-13, 토코페릴아세테이트, 알루미늄하이드록사이드, 에틸헥실글리세린, 트라이에톡시카프릴릴실레인, 솔비탄아이소스테아레이트, 다이소듐이디티에이, 폴리글리세릴-10라우레이트, 에틸헥실팔미테이트, 다이포타슘글리시리제이트, 히스티딘,프롤린, 페닐알라닌, 트레오닌, 타이로신, 알라닌, 아이소류신, 아스파틱애씨드, 시스테인, 세린, 발린, 메티오닌, 류신, 라이신"
"A000000230877","[탄력수분크림] 바이오던스 포어 퍼펙팅 콜라겐 펩타이드 크림 50ml 기획 (+10ml)","바이오던스","50.0","60.0","ml","","39000","6500.0","콜라겐수, 글리세린, 메틸프로판다이올, 다이페닐다이메티콘, 네오펜틸글라이콜다이헵타노에이트, 트라이에틸헥사노인, 1,2-헥산다이올, 세테아릴알코올, 나이아신아마이드, 하이드로제네이티드폴리데센, 시메티콘, 세테아릴올리베이트, 하이드로제네이티드폴리(C6-14올레핀), 글리세릴스테아레이트, 솔비탄올리베이트, 다이머다이리놀레일다이머다이리놀리에이트, 정제수, 소듐아크릴레이트/소듐아크릴로일다이메틸타우레이트코폴리머, 폴리아이소부텐, 소듐폴리아크릴레이트, 에틸헥실글리세린, 아데노신, 카프릴릴/카프릴글루코사이드, 솔비탄올리에이트, 다이소듐이디티에이, 판테놀, 사이아노코발아민, 미네랄워터, 토코페롤, 프로판다이올, 부틸렌글라이콜, 콜라겐추출물, 소듐하이알루로네이트, 알지닉애씨드, 펜틸렌글라이콜, 실란트라이올, 카프릴릴글라이콜, 엘라스틴, 하이드록시프로필트라이모늄하이알루로네이트, 하이드롤라이즈드엘라스틴, 수용성엘라스틴, 소듐아세틸레이티드하이알루로네이트, 하이드롤라이즈드하이알루로닉애씨드, 하이알루로닉애씨드, 하이드롤라이즈드소듐하이알루로네이트, 소듐하이알루로네이트크로스폴리머, 포타슘하이알루로네이트, 에스에이치-올리고펩타이드-1, 트라이펩타이드-1, 헥사펩타이드-12, 헥사펩타이드-9, 팔미토일트라이펩타이드-5, 펜타펩타이드-4, 팔미토일트라이펩타이드-38, 팔미토일펜타펩타이드-4, 아세틸헥사펩타이드-8, 카퍼트라이펩타이드-1"
"A000000249661","[콜라겐젤/디바이스 시너지템] 마미케어 그린 콜라겐 부스팅젤 100ml","마미케어","100.0","100.0","ml","18900","11900","1190.0","정제수, 글리세린, 부틸렌글라이콜, 나이아신 아마이드, 1,2-헥산다이올, 카보머, 트로메타민, C12 14알케스-12, 에틸헥실글리세린, 아데노신, 다이소듐 이디티에이, 치자추출물, 사카라이드하이드롤리세이트, 판테놀, 오렌지껍질추출물, 알란토인, 황련추출물, 스위트 아몬드오일, 서양송악잎/줄기추출물, 갈바눔수지오일, 살구추출물, 하이드롤라이즈드콜라겐 (10,000 ppb), 레몬추출물, 병풀추출물, 소듐하이알루로네이트, 레티놀, 하이알루로닉애씨드, 살비아추출물, 마조람잎추출물, 딜추출물, 드럼스틱씨오일, 세라마이드엔피, 피토스 핑고신, 수용성콜라겐 (10 ppb), 하이드로제네이티 드레시틴"
"A000000189056","[PDRN]에스트라 리제덤365 밀도탄력 캡슐크림 50ml","에스트라","50.0","50.0","ml","45000","38200","7640.0","정제수, 락토바실러스발효용해물, 부틸렌글라이콜, 글리세린, 다이메티콘, 프로판다이올, 세틸에틸헥사노에이트, 나이아신아마이드, 하이드로제네이티드폴리(C6-14올레핀), 다이카프릴릴카보네이트, 비스-하이드록시에톡시프로필다이메티콘, 1,2-헥산다이올, C14-22알코올, 암모늄아크릴로일다이메틸타우레이트/브이피코폴리머, 세테아릴올리베이트, 스테아릭애씨드, 아라키딜알코올, 글리세릴스테아레이트, 세테아릴알코올, 솔비탄올리베이트, 폴리아크릴레이트-13, 하이드록시프로필비스팔미타마이드엠이에이, 베헤닐알코올, 만니톨, 팔미틱애씨드, C12-20알킬글루코사이드, 아라키딜글루코사이드, 소듐스테아로일글루타메이트, 하이드로제네이티드폴리아이소부텐, 글리세릴카프릴레이트, 에틸헥실글리세린, 다이소듐이디티에이, 아데노신, 아크릴레이트/암모늄메타크릴레이트코폴리머, 폴리글리세릴-10라우레이트, 에틸헥실팔미테이트, 카보머, 솔비탄아이소스테아레이트, 덱스트린, 카카오추출물, 티몰트라이메톡시신나메이트, 콜레스테롤, 실리카, 올레아놀릭애씨드, 3-O-에틸아스코빅애씨드, 토코페롤, 하이드롤라이즈드익스텐신, 호호바씨오일, 하이드로제네이티드레시틴"
"A000000118797","[수분크림1+1] 유세린 아쿠아포린 액티브 리치크림 건성피부용 50ml","유세린","50.0","100.0","ml","42000","37800","3780.0","정제수,글리세린,글리세릴글루코사이드,호호바씨오일,하이드로제네이티드코코-글리세라이즈,아이소프로필팔미테이트,합성비즈왁스,카프릴릭/카프릭트라이글리세라이드,글리세릴스테아레이트시트레이트,다이스타치포스페이트,옥틸도데칸올,펜틸렌글라이콜,스테아릴알코올,세틸알코올,판테놀,카보머,페녹시에탄올,다이메티콘,카프릴릴글라이콜,소듐하이드록사이드,토코페릴아세테이트,바이오틴,소듐하이알루로네이트,판토락톤,시트릭애씨드,알라닌,글라이신"
"A000000211548","[리아킴PICK] NDP 엔디피 시카 바이오 플라센타 수분진정 크림 50ml","NDP","50.0","50.0","ml","41000","36900","7380.0","정제수, 프로판다이올, 글리세린, 부틸렌글라이콜, 1,2-헥산다이올, 폴리시트로넬올아세테이트, 실리카, 밤부사 불가리스잎추출물, 마데카소사이드(1,000ppm), 알란토인, 베타인, 아세틸글루타민, 소듐하이알루로네이트, 말라카이트추출물, 에스에이치-올리고펩타이드-1, 에스에이치-올리고펩타이드-2, 에스에이치-폴리펩타이드-1, 에스에이치-폴리펩타이드-9, 에스에이치-폴리펩타이드-11, 바실러스/폴릭애씨드/돌콩발효추출물, 카프릴릴글라이콜, 다이소듐이디티에이, 세린, 글라이신, 류신, 알라닌, 라이신, 타이로신, 페닐알라닌, 트레오닌, 프롤린, 발린, 아이소류신, 히스티딘, 메티오닌, 시스테인, 에틸헥실글리세린, 글루타믹애씨드, 아스파틱애씨드, 레시틴, 카보머, 아크릴레이트/C10-30알킬아크릴레이트크로스폴리머, 알지닌"
"A000000207001","파파레서피 마데케어 연고 33g","파파레서피","33.0","33.0","g(약 1ml 상당으로 근사)","22000","17600","5333.3",""
"A000000210973","[보습장벽 광채크림] 유리아쥬 제모스 PSO 150ml 기획 (+리페어링 떼르말 워터 50ml 증정)","유리아쥬","150.0","200.0","ml","","36000","1800.0","정제수,온천수,옥틸도데칸올,시어버터,폴리글리세릴-2다이폴리하이드록시스테아레이트,다이카프릴릴카보네이트,다이카프릴릴에터,글리세린,호호바에스터,해바라기씨왁스,1,2-헥산다이올,소듐폴리아크릴레이트,베헤닐알코올,유채스테롤,글라이신,하이드록시아세토페논,소듐스테아로일글루타메이트,토코페릴아세테이트,잔탄검,그린와틀꽃왁스,폴리글리세린-3,사플라워오일/팜오일아미노프로판다이올에스터,글루코실헤스페리딘,토코페롤,소듐하이드록사이드*100,000ppm"
"A000000179132","AHC 유스래스팅 리얼 아이크림 포 페이스 스페셜 링클케어 세트 (35ml+7ml)","AHC","35.0","42.0","ml","23000","16900","4023.8","포트마리골드단백질추출물, 락토바실러스발효용해물, 글리세린, 다이프로필렌글라이콜, 사이클로헥사실록세인, 비피다발효용해물, 하이드로제네이티드폴리데센, 정제수, 카프릴릭/카프릭트라이글리세라이드, 나이아신아마이드, 다이카프릴릴카보네이트, 세틸알코올, 구기자나무잎추출물, 녹차추출물, 시어버터, 메틸프로판다이올, 병풀추출물, 무화과추출물, 참마뿌리추출물, 맥아추출물, 알로에베라잎추출물, 올레라케아아크멜라추출물, 하이드롤라이즈드콜라겐추출물, 쌀추출물, 콜라겐추출물, 슈도알테로모나스발효추출물, 코튼씨추출물, 토마토추출물, 마카뿌리추출물, 아보카도열매추출물, 퉁퉁마디추출물, 씨대퍼딜추출물, 밀펩타이드, 알바수련꽃추출물, 리마콩씨추출물, 코코넛야자오일, 마카다미아씨오일, 하이드로제네이티드레시틴, 오일팜오일, 녹차수, 수용성콜라겐, 쌀배아오일, 호호바씨오일, 소듐하이알루로네이트, 에스에이치-폴리펩타이드-19, 폴리글리세릴-10미리스테이트, 칸디다 봄비콜라/글루코오스/메틸레이프씨데이트발효물, 폴리아크릴레이트-13, 폴리글리세릴-2스테아레이트, 폴리글리세릴-10라우레이트, 다이메티콘/비닐다이메티콘크로스폴리머, 세테아릴올리베이트, 솔비탄올리베이트, 글리세릴스테아레이트, 베헤닐알코올, 스테아릴알코올, 소듐스테아로일글루타메이트, 하이드로제네이티드폴리아이소부텐, 세테아릴알코올, 다이메티콘, 판테놀, 부틸렌글라이콜, 글리세릴스테아레이트에스이, 마이크로코쿠스발효용해물, 글라이코실트레할로오스, 에틸헥실팔미테이트, 잔탄검, 하이드로제네이티드스타치하이드롤리세이트, 아데노신, 라피노오스, 콜레스테롤, 솔비탄아이소스테아레이트, 다이소듐이디티에이, 레시틴, 폴리글리세릴-10스테아레이트, 이눌린라우릴카바메이트, 세라마이드엔피, 트로메타민, 폴리쿼터늄-51, 소듐라우레이트, 포타슘세틸포스페이트, 라우릭애씨드, 토코페릴아세테이트, 수용성엘라스틴, 프로판다이올, 폴릭애씨드, 카르노신, 코코일하이드롤라이즈드콜라겐, 하이드롤라이즈드콜라겐, 올리브오일폴리글리세릴-6에스터, 바이오사카라이드검-1, 스키조사카로미세스발효여과물, 글라이코리피드, 포타슘코코일하이드롤라이즈드콜라겐, 글라이신, 락토바실러스발효물, 말토덱스트린, 스쿠알란, 세린, 글루타믹애씨드, 록샘파이어캘러스배양여과물, 아스코빅애씨드폴리펩타이드, 콜라겐, 콜라겐아미노산, 테트라하이드로피페린, 하이드록시데실유비퀴논, 하이드롤라이즈드루핀단백질, 펜타에리스리틸테트라아이소스테아레이트, 아스파틱애씨드, 만니톨, 류신, 다이펩타이드다이아미노부티로일벤질아마이드다이아세테이트, 팔미토일펜타펩타이드-4, 사카라이드하이드롤리세이트, 하이드롤라이즈드식물성단백질, 알라닌, 라이신, 자일리틸글루코사이드, 알지닌, 타이로신, 페닐알라닌, 소듐팔미토일프롤린, 발린, 트레오닌, 프롤린, 안하이드로자일리톨, 아이소류신, 락토바실러스세포외소포, 다이메틸실란올하이알루로네이트, 하이드롤라이즈드소듐하이알루로네이트, 하이드롤라이즈드하이알루로닉애씨드, 히스티딘, 자일리톨, 메티오닌, 시스테인, 팔미토일트라이펩타이드-5, 포타슘하이알루로네이트, 피브이피, 하이드로제네이티드폴리(C6-14올레핀), 하이드록시프로필사이클로덱스트린, 하이알루로닉애씨드, 헵타소듐헥사카복시메틸다이펩타이드-12, 소듐하이알루로네이트크로스폴리머, 하이드록시프로필트라이모늄하이알루로네이트, 아세틸헥사펩타이드-8, 글루코노락톤, 돌콩펩타이드, 소듐하이알루로네이트다이메틸실란올, 솔비탄라우레이트, 폴리글리세릴-10다이아이소스테아레이트, 효모폴리펩타이드, 글루코오스, 소듐아세틸레이티드하이알루로네이트, 에탄올, 실리카다이메틸실릴레이트, 귀리펩타이드, 레틴알, 메나다이온, 실리카, 유채스테롤, 콩폴리펩타이드, 하이드록시에틸셀룰로오스, 락틱애씨드, 아세틸다이펩타이드-1세틸에스터, 세테스-3, 세테스-5, 소듐콘드로이틴설페이트, 소듐아스코빌포스페이트, 알루미늄/마그네슘하이드록사이드스테아레이트, 토코페롤, 세틸하이드록시에틸셀룰로오스, 수크로오스다이스테아레이트, 아텔로콜라겐, 루틴, 펜타에리스리틸테트라-다이-t-부틸하이드록시하이드로신나메이트, 소듐포스페이트, 아세틸옥타펩타이드-3, 에스에이치-올리고펩타이드-1, 에스에이치-올리고펩타이드-2, 에스에이치-폴리펩타이드-1, 다이포타슘포스페이트, 칼슘글루코네이트, 노나펩타이드-1, 다이펩타이드-1, 다이펩타이드-2, 다이펩타이드-4, 아세틸테트라펩타이드-2, 아세틸테트라펩타이드-3, 아세틸테트라펩타이드-5, 아세틸트라이펩타이드-1, 알라닌/히스티딘/라이신폴리펩타이드카퍼에이치씨엘, 올리고펩타이드-6, 카퍼트라이펩타이드-1, 트라이펩타이드-1, 트라이펩타이드-2, 트라이펩타이드-3, 펜타펩타이드-3, 헥사펩타이드-2, 헥사펩타이드-9, 팔미토일테트라펩타이드-7, 팔미토일트라이펩타이드-1, 풀러린, 바이오틴, 에스에이치-폴리펩타이드-3, 티아민에이치씨엘, 팔미토일다이펩타이드-7, 팔미토일헥사펩타이드-12, 피리독신, 사이아노코발아민, 에스에이치-폴리펩타이드-11, 에스에이치-폴리펩타이드-9, 1,2-헥산다이올, 피토스테릴/베헤닐/옥틸도데실라우로일글루타메이트, 폴리솔베이트20, 피이지-5레이프씨드스테롤, 향료, 하이드록시아세토페논, 에틸헥실글리세린, 카프릴릴글라이콜, 소듐벤조에이트, 펜틸렌글라이콜"
"A000000179129","[판매량 1억개 돌파] AHC 텐 레볼루션 리얼 아이크림 포 페이스 스페셜 퍼밍 세트","AHC","","","","23000","16890","","정제수, 글리세린, 다이프로필렌글라이콜, 하이드로제네이티드폴리데센, 사이클로헥사실록세인, 카프릴릭/카프릭트라이글리세라이드, 다이카프릴릴카보네이트, 나이아신아마이드, 카프릴릭/카프릭/석시닉트라이글리세라이드, 1,2-헥산다이올, 세테아릴알코올, 글리세릴스테아레이트에스이, 베타인, 세틸알코올, 시어버터, 펜타에리스리틸스테아레이트/카프레이트/카프릴레이트/아디페이트, 세테아릴올리베이트, 폴리글리세릴-10미리스테이트, 솔비탄올리베이트, 폴리글리세릴-10라우레이트, 다이메티콘/비닐다이메티콘크로스폴리머, 메틸프로판다이올, 폴리아크릴레이트-13, 소듐스테아로일글루타메이트, 베헤닐알코올, 에탄올, 폴리글리세릴-10스테아레이트, 하이드록시아세토페논, 비닐다이메티콘, 피토스테릴/베헤닐/옥틸도데실라우로일글루타메이트, 칸디다 봄비콜라/글루코오스/메틸레이프씨데이트발효물, 하이드로제네이티드레시틴, 부틸렌글라이콜, 하이드로제네이티드폴리아이소부텐, 코코넛야자오일, 마카다미아씨오일, 향료, 참마뿌리추출물, 알란토인, 에틸헥실글리세린, 글라이코실트레할로오스, 판테놀, 비피다발효용해물, 잔탄검, 아데노신, 하이드로제네이티드스타치하이드롤리세이트, 콜레스테롤, 에틸헥실팔미테이트, 라피노오스, 다이소듐이디티에이, 소듐하이알루로네이트, 마이크로코쿠스발효용해물, 솔비탄아이소스테아레이트, 레시틴, 황벽나무껍질추출물, 수용성콜라겐, 세라마이드엔피, 구기자나무잎추출물, 녹차추출물, 프로판다이올, 무화과추출물, 병풀추출물, 소듐라우레이트, 폴리쿼터늄-51, 이눌린라우릴카바메이트, 라우릭애씨드, 사이아노코발아민, 트로메타민, 포타슘세틸포스페이트, 인체줄기세포배양액, 폴리솔베이트80, 토코페롤, 콜라겐수, 알로에베라잎추출물, 판토락톤, 토코페릴아세테이트, 하이드롤라이즈드콜라겐추출물, 자일리틸글루코사이드, 쌀배아오일, 바이오사카라이드검-1, 콜라겐추출물, 스키조사카로미세스발효여과물, 안하이드로자일리톨, 카프릴릴글라이콜, 슈도알테로모나스발효추출물, 자일리톨, 코코일하이드롤라이즈드콜라겐, 펜타에리스리틸테트라아이소스테아레이트, 호호바씨오일, 글라이코리피드, 솔비탄라우레이트, 글루코오스, 소듐팔미토일프롤린, 코튼씨추출물, 카프릴로일글라이신, 포타슘코코일하이드롤라이즈드콜라겐, 말토덱스트린, 헥실렌글라이콜, 스쿠알란, 아스코빌프로필하이알루로네이트, 녹차수, 록샘파이어캘러스배양여과물, 아스코빅애씨드폴리펩타이드, 3-O-에틸아스코빅애씨드, 콜라겐, 콜라겐아미노산, 테트라하이드로피페린, 하이드록시에틸셀룰로오스, 하이드롤라이즈드루핀단백질, 만니톨, 락틱애씨드, 사코신, 아세틸다이펩타이드-1세틸에스터, 쌀추출물, 올레라케아아크멜라추출물, 토마토추출물, 마카뿌리추출물, 아보카도열매추출물, 사카라이드하이드롤리세이트, 하이드롤라이즈드식물성단백질, 퉁퉁마디추출물, 세틸하이드록시에틸셀룰로오스, 실론시나몬나무껍질추출물, 다이펩타이드다이아미노부티로일벤질아마이드다이아세테이트, 루틴, 실리카다이메틸실릴레이트, 락토바실러스발효물, 펜틸렌글라이콜, 하이드롤라이즈드콜라겐, 다이메틸실란올하이알루로네이트, 하이드롤라이즈드소듐하이알루로네이트, 하이드롤라이즈드하이알루로닉애씨드, 아세틸테트라펩타이드-9, 팔미토일트라이펩타이드-5, 바실러스/폴릭애씨드발효여과추출물, 3-아스코빌카보닐다이펩타이드-17, 다이포타슘포스페이트, 아세틸글루타민, 카프릴로일다이펩타이드-17, 판토테닉애씨드, 포타슘하이알루로네이트, 하이알루로닉애씨드, 헵타소듐헥사카복시메틸다이펩타이드-12, 소듐하이알루로네이트크로스폴리머, 하이드록시프로필트라이모늄하이알루로네이트, 아세틸헥사펩타이드-8, 글루코노락톤, 소듐콘드로이틴설페이트, 팔미틱애씨드, 돌콩펩타이드, 소듐하이알루로네이트다이메틸실란올, 효모폴리펩타이드, 스테아릭애씨드, 소듐아세틸레이티드하이알루로네이트, 아텔로콜라겐, 씨대퍼딜추출물, 소듐벤조에이트, 팔미토일테트라펩타이드-7, 팔미토일트라이펩타이드-1, 알바수련꽃추출물, 밀펩타이드, 귀리펩타이드, 마그네슘아스코빌포스페이트, 소듐아스코빌포스페이트, 알-소폴리펩타이드-1, 카프릴로일에스에이치-노나펩타이드-6, 콩폴리펩타이드, 리마콩씨추출물, 아세틸옥타펩타이드-3, 아세틸테트라펩타이드-11, 칼슘글루코네이트, 글라이신, 글루타믹애씨드, 글루타민, 노나펩타이드-1, 다이펩타이드-1, 다이펩타이드-2, 다이펩타이드-4, 라이신, 레티닐팔미테이트, 류신, 리보플라빈, 메나다이온, 메티오닌, 바이오틴, 발린, 세린, 시스테인, 시트룰린, 아세틸테트라펩타이드-2, 아세틸테트라펩타이드-3, 아세틸테트라펩타이드-5, 아세틸트라이펩타이드-1, 아스코빅애씨드, 아스파라진, 아스파틱애씨드, 아이소류신, 알라닌, 알라닌/히스티딘/라이신폴리펩타이드카퍼에이치씨엘, 알지닌, 오르니틴, 올리고펩타이드-6, 카퍼트라이펩타이드-1, 타우린, 타이로신, 트라이펩타이드-1, 트라이펩타이드-2, 트라이펩타이드-3, 트레오닌, 트립토판, 티아민에이치씨엘, 페닐알라닌, 펜타펩타이드-3, 폴릭애씨드, 프롤린, 피리독신, 헥사펩타이드-2, 헥사펩타이드-9, 히스티딘, 미리스틱애씨드, 팔미토일다이펩타이드-7, 팔미토일펜타펩타이드-4, 팔미토일헥사펩타이드-12, 에스에이치-올리고펩타이드-1, 에스에이치-폴리펩타이드-1, 에스에이치-올리고펩타이드-2, 에스에이치-폴리펩타이드-11, 에스에이치-폴리펩타이드-14, 에스에이치-폴리펩타이드-16, 에스에이치-폴리펩타이드-22, 에스에이치-폴리펩타이드-3, 에스에이치-폴리펩타이드-4, 에스에이치-폴리펩타이드-9"
"A000000147109","[보습장벽크림] 유세린 우레아 리페어 크림 50ml","유세린","50.0","50.0","ml","","35000","7000.0","정제수,글리세린,우레아(5%),펜타에리스리틸테트라아이소스테아레이트,카프릴릭/카프릭트라이글리세라이드,세틸알코올,글리세릴스테아레이트,소듐락테이트,하이드록시프로필스타치포스페이트,페녹시에탄올,1,2-헥산다이올,락틱애씨드,포타슘세틸포스페이트,소듐클로라이드,글라이신,카르니틴,알지닌에이치씨엘,알라닌,잔탄검,소듐피씨에이,콜레스테롤,세라마이드엔피,피토스핑고신,올레익애씨드,토코페롤"
"A000000198721","[쿨링진정] 아비브 어성초 크림 카밍 튜브 75ml","아비브","75.0","75.0","ml","","35000","4666.7","정제수, 사이클로헥사실록세인, 글리세린, 트라이에틸헥사노인, 나이아신아마이드, 펜틸렌글라이콜, 1,2-헥산다이올, 폴리글리세릴-3폴리다이메틸실록시에틸다이메티콘, 라우릴다이메티콘/폴리글리세린-3크로스폴리머, 소듐클로라이드, 아이소도데케인, 소듐폴리아크릴레이트스타치, 페닐트라이메티콘, 다이메티콘/비닐다이메티콘크로스폴리머, 비닐다이메티콘/메티콘실세스퀴옥세인크로스폴리머, 소듐시트레이트, 약모밀추출물(1,000 ppm), 판테놀, 프로판다이올, 실리카, 인도멀구슬나무잎추출물, 다이포타슘글리시리제이트, 다이프로필렌글라이콜, 인도멀구슬나무꽃추출물, 소듐파이테이트, 벤질글라이콜, 하이드롤라이즈드글라이코사미노글리칸, 홀리바질잎추출물, 소듐하이알루로네이트, 울금뿌리추출물, 참산호말추출물, 소듐하이알루로네이트크로스폴리머, 토코페롤, 하이드롤라이즈드하이알루로닉애씨드, 에틸헥실글리세린, 하이드록시프로필트라이모늄하이알루로네이트, 알란토인, 부틸렌글라이콜, 카프릴릭/카프릭트라이글리세라이드, 베타-글루칸, 하이알루로닉애씨드, 하이드로제네이티드레시틴, 소듐아세틸레이티드하이알루로네이트, 알지닌, 세라마이드엔피, 세린"
"A000000247202","[민감/진정크림]아벤느 똘레랑스 하이드레이팅 크림 40ml","아벤느","40.0","40.0","ml","","35000","8750.0","온천수(아벤느 온천수), 카프릴릭/카프릭트라이글리세라이드, 글리세린, 시어버터, 세테아릴알코올, 세테아릴글루코사이드, 레몬껍질가루, 디우탄검, 스클레로튬검, 소듐하이알루로네이트"
"A000000253623","[1등 진정/흔적] 센텔리안24 마데카 크림 타임리버스 50ml 더블기획 (+15ml 2ea+푸린 피크닉매트 포켓몬)","센텔리안24","50.0","65.0","ml","76000","34900","5369.2","[타임리버스 크림]
정제수*, 다이프로필렌글라이콜*, 하이드로제네이티드폴리데센, 카프릴릭/카프릭트라이글리세라이드, 글리세린, 글리세릴스테아레이트, 펜타에리스리틸테트라에틸헥사노에이트, 나이아신아마이드*, 사이클로헥사실록세인, 세틸알코올, 폴리글리세릴-6다이스테아레이트, 비닐다이메티콘, 다이카프릴릴에터, 병풀단백질추출물, 아시아티코사이드*, 아시아틱애씨드*, 마데카식애씨드(4,800 ppm)*, 병풀오일, 병풀아미노산, 마데카소사이드, 아스코빌아시아테이트, 병풀폴리펩타이드, 하이드롤라이즈드하이알루로닉애씨드, 하이드롤라이즈드병풀추출물, 병풀추출물, 병풀잎추출물*, 라케모사승마뿌리추출물*, 흰무늬엉겅퀴추출물*, 마카뿌리추출물*, 마카다미아씨오일*, 돌콩오일*, 하이드로제네이티드레시틴*, 소듐하이알루로네이트, 폴리글리세릴-10라우레이트, 스테아릴알코올, 비즈왁스, 소듐스테아로일글루타메이트, 판테놀, 자일리틸글루코사이드*, 하이드록시에틸아크릴레이트/소듐아크릴로일다이메틸타우레이트코폴리머, 호호바에스터*, 안하이드로자일리톨*, 부틸렌글라이콜*, 폴리글리세릴-3비즈왁스, 1,2-헥산다이올*, 하이드록시아세토페논, 자일리톨*, 메틸프로판다이올*, 알란토인, 프로판다이올*, 칸디다 봄비콜라/글루코오스/메틸레이프씨데이트발효물*, 잔탄검, 에톡시다이글라이콜*, 다이소듐이디티에이, 글루코오스*, 아데노신, 솔비탄아이소스테아레이트, 에틸헥실글리세린, 소듐라우레이트, 사이클로덱스트린*, 라우릭애씨드, 소듐폴리아크릴레이트, 피브이엠/엠에이코폴리머, 옥틸도데칸올*, 글라이코리피드*, 카페인*, C12-13파레스-9*, 콜라겐아미노산, 세라마이드엔피, 레스베라트롤*, 알지닌*, 글라이코젠, 엑토인, 타우린*, 하이드롤라이즈드엘라스틴, 레티놀*, 말토덱스트린*, 피토스핑고신, 수크로오스다이스테아레이트*, 소듐디엔에이, 사이아노코발아민*, 글라이신, 글루타믹애씨드, 해바라기씨왁스*, 폴리글리세린-3*, 토코페롤*, 쓴쑥추출물, 바닐라열매추출물, 올리브오일, 오렌지오일, 필리핀오렌지껍질오일, 라벤더오일, 베르가모트오일, 로즈마리잎오일, 오렌지껍질오일, 리씨열매오일, 연필향나무오일, 왕귤껍질오일, 아틀라스시다나무껍질오일, 센티드제라늄꽃오일, 커먼자스민오일, 마텔오일, 장미꽃오일, 갈바눔수지오일, 발삼코파이바수지, 리모넨, 리날룰, 시트랄 (*활성-TECATM)

[PDRN 크림]
정제수, 글리세린, 다이프로필렌글라이콜, 카프릴릭/카프릭트라이글리세라이드, 하이드로제네이티드폴리(C6-14올레핀), 글리세릴스테아레이트, 펜타에리스리틸테트라에틸헥사노에이트, 나이아신아마이드, 메틸트라이메티콘, 비닐다이메티콘, 세테아릴알코올, 다마스크장미꽃수, 폴리글리세릴-10라우레이트, 소듐디엔에이(2,000 ppm), 마데카식애씨드(1,600 ppm), 아시아티코사이드, 아시아틱애씨드, 병풀추출물, 글루타티온, 카페인, 베타-시토스테롤, 피토스테롤, 다시마추출물, 알로에베라잎추출물, 참마뿌리추출물, 당느릅나무뿌리추출물, 제비꽃꽃추출물, 소듐하이알루로네이트, 다이메틸실란올하이알루로네이트, 하이드롤라이즈드하이알루로닉애씨드, 하이드롤라이즈드소듐하이알루로네이트, 하이알루로닉애씨드, 포타슘하이알루로네이트, 소듐하이알루로네이트크로스폴리머, 하이드록시프로필트라이모늄하이알루로네이트, 소듐하이알루로네이트다이메틸실란올, 소듐아세틸레이티드하이알루로네이트, 1,2-헥산다이올, 판테놀, C10-18트라이글리세라이즈, 소듐스테아로일글루타메이트, 소듐폴리아크릴로일다이메틸타우레이트, 부틸렌글라이콜, 호호바에스터, 혼합글리세릴스테아레이트, 하이드록시아세토페논, 하이드록시에틸아크릴레이트/소듐아크릴로일다이메틸타우레이트코폴리머, 세틸알코올, 스테아릴알코올, 베헤닐알코올, 해바라기씨왁스, 황련뿌리추출물, 에틸헥실글리세린, 라벤더오일, 베르가모트오일, 올리브오일, 오렌지껍질오일, 잔탄검, 로즈마리잎오일, 다이소듐이디티에이, 아데노신, 솔비탄아이소스테아레이트, 폴리글리세린-3, 캐모마일꽃오일, 사이아노코발아민, 아스코빅애씨드, 토코페롤, 세라마이드엔피, 글라이코프로테인, 피토스핑고신, 하이드로제네이티드레시틴, 콜라겐아미노산, 하이드롤라이즈드엘라스틴, 아스파틱애씨드, 글라이신, 글루타믹애씨드, 알지닌, 리모넨, 리날룰"
"A000000145287","[눈가&목/레티날0.025%] 닥터디퍼런트 비타리프트 아이앤넥 크림 20g","닥터디퍼런트","20.0","20.0","g(약 1ml 상당으로 근사)","40000","34000","17000.0","정제수, 세틸에틸헥사노에이트, 글리세린, 스쿠알란, 잇꽃씨오일, 시어버터, 유채스테롤, 콜레스테롤, 피토스테릴/베헤릴/옥틸도데실라우로일글루타메이트, 나이아신아마이드, 1,2-헥산다이올, 폴리글리세릴-10올리에이트, 소듐하이알루로네이트, 하이드로제네이티드레시틴, 폴리글루타믹애씨드, 세라마이드엔피, 스테아릭애씨드, 토코페롤, 올레익애씨드, 아데노신, 레틴알, 다이소듐이디티에이, 카퍼트라이펩타이드-1, 트라이펩타이드-29, 트라이펩타이드-1, 헥사펩타이드-35, 팔미토일트라이펩타이드-1, 아세틸헥사펩타이드-8, 팔미토일펜타펩타이드-4, 노나펩타이드-29, 팔미토일테트라펩타이드-7, 헥사펩타이드-9"
"A000000143958","바이오더마 아토덤 인텐시브 밤 75ml","바이오더마","75.0","75.0","ml","19000","16150","2153.3","정제수, 글리세린, 미네랄오일, 해바라기씨오일, 베헤닐알코올, 수크로오스스테아레이트, 카놀라오일, 하이드록시에틸아크릴레이트/소듐아크릴로일다이메틸타우레이트코폴리머, 펜틸렌글라이콜, 베타-시토스테롤, 자일리톨, 징크글루코네이트, 아크릴레이트/C10-30알킬아크릴레이트크로스폴리머, 팔미타마이드엠이에이, 1,2-헥산다이올, 카프릴릴글라이콜, 소듐시트레이트, 만니톨, 람노오스, 소듐라우로일락틸레이트, 소듐하이드록사이드, 폴리솔베이트60, 솔비탄아이소스테아레이트, 토코페롤, 피토스핑고신, 세라마이드엔피, 에틸헥실글리세린, 세라마이드에이피, 콜레스테롤, 카보머, 잔탄검, 프룩토올리고사카라이드, 카프릴릭/카프릭트라이글리세라이드, 라미나리아 오크롤레우카추출물, 시트릭애씨드, 세라마이드이오피"
"A000000129575","코스알엑스 풀핏 프로폴리스 라이트 크림 65ml","코스알엑스","65.0","65.0","ml","28000","16100","2476.9","프로폴리스추출물, 부틸렌글라이콜, 글리세린,
카프릴릭/카프릭트라이글리세라이드, 해바라기씨오일,
1,2-헥산다이올, 꿀추출물, 로얄젤리추출물, 하이드록시에틸아크릴레이트/
소듐아크릴로일다이메틸타우레이트코폴리머, 
결명씨추출물, 세테아릴올리베이트, 비즈왁스, 세테아릴알코올, 
솔비탄올리베이트, 알란토인, 알지닌, 카보머, 잔탄검"
"A000000260337","페이보릿 매끈 크림 50ml","페이보릿","50.0","50.0","ml","37000","33300","6660.0","정제수, 글리세린, 부틸렌글라이콜, 세틸에틸헥사노에이트, 카프릴릭/카프릭트라이글리세라이드, 1,2-헥산다이올, 나이아신아마이드, C14-22알코올, 스쿠알란, 팔미틱애씨드, 스테아릭애씨드, 판테놀, 비닐다이메티콘, 세라마이드엔피, 하이드로제네이티드레시틴, C12-20알킬글루코사이드, 글리세릴스테아레이트에스이, 세테아릴알코올, 시어버터, 글리세릴스테아레이트, 다이프로필렌글라이콜, 카보머, 알지닌, 소듐폴리아크릴로일다이메틸타우레이트, 다이카프릴릴에터, 잔탄검, 에틸헥실글리세린, 아데노신, 다이소듐이디티에이, 폴리글리세릴-10다이라우레이트, 소듐다이라우미도글루타미드라이신, 판토락톤, 맥아추출물, 글리세릴글루코사이드, 2,3-부탄다이올, 베타인, 베타-글루칸, 폴리글루타믹애씨드, 소듐하이알루로네이트, 피토스핑고신, 세라마이드엔에스, 세라마이드에이에스, 세라마이드에이피, 콜레스테롤, 치커리뿌리추출물, 락토바실러스발효용해물, 락토코쿠스발효용해물, 락토바실러스발효물, 락토코쿠스발효물, 블루아가베잎추출물, 아티초크잎추출물, 세라마이드이오피"
"A000000185456","[수분톤업/화잘먹 톤프렙] 나인위시스 비건 화이트 톤업 크림 50ml","나인위시스","50.0","50.0","ml","22000","15800","3160.0","해수,정제수,사이클로펜타실록세인,에칠헥실 메톡시신나메이트,사이클로헥사실록세인,페닐 트라이메티콘,부틸렌글라이콜,카프릴릭/카프 릭트라이글리세라이드,프로필렌글라이콜다이 카프릴레이트,세틸피이지/피피지-10/1다이메 티콘,티타늄디옥사이드,나이아신아마이드,피 이지-10다이메티콘,글리세린,폴리글리세릴-4 아이소스테아레이트,소듐클로라이드,1,2-헥산 다이올,카프릴릴글라이콜,금송뿌리추출물,호 호바씨오일,스페인감초뿌리추출물,펜틸렌글라 이콜,검은깨추출물,고삼뿌리추출물,라케모사 승마뿌리추출물,뽕나무껍질추출물,작약뿌리추 출물,진흙버섯추출물,참당귀뿌리추출물,하수 오뿌리추출물,황금추출물,루이보스추출물,소 듐하이알루로네이트,알란토인,에틸헥실글리세 린,아데노신,다이포타슘글리시리제이트,하이 알루로닉애씨드,하이드롤라이즈드소듐하이알 루로네이트,하이드롤라이즈드하이알루로닉애 씨드,하이드롤라이즈드글라이코사미노글리칸, 다이메틸실란올하이알루로네이트,소듐아세틸 레이티드하이알루로네이트,소듐하이알루로네 이트크로스폴리머,하이드록시프로필트라이모 늄하이알루로네이트,모하비유카뿌리추출물,몰 약수지추출물,소엽잎추출물"
"A000000261864","에스트라 아토베리어365 크림 80ml 기획(+토너25ml+클렌징폼3g*3EA)","에스트라","80.0","105.0","ml","","33000","3142.9","정제수, 부틸렌글라이콜, 글리세린, 부틸렌글라이콜다이카프릴레이트/다이카프레이트, 세틸에틸헥사노에이트, 스쿠알란, 펜타에리스리틸테트라아이소스테아레이트, 다이카프릴릴카보네이트, 베헤닐알코올, 다이메티콘, 하이드록시프로필비스팔미타마이드엠이에이, 스테아릭애씨드, 베타인, 만니톨, C14-22알코올, 팔미틱애씨드, 하이드록시프로필비스라우라마이드엠이에이, 아라키딜알코올, 콜레스테롤, 폴리아크릴레이트-13, C12-20알킬글루코사이드, 알란토인, 아라키딜글루코사이드, 나이아신아마이드, 세라마이드엔피, 글리세릴카프릴레이트, 에틸헥실글리세린, 하이드로제네이티드폴리아이소부텐, 카보머, 트로메타민, 다이메티콘올, 폴리글리세릴-10라우레이트, 하이드로제네이티드레시틴, 에틸헥실팔미테이트, 아크릴레이트/암모늄메타크릴레이트코폴리머, 솔비탄아이소스테아레이트, 실리카, 피토스핑고신, 스핑고리피드, 아라키딕애씨드, 토코페롤, 올레익애씨드"
"A000000216315","[손상/흔적 리페어]아벤느 시칼파트+ 블레미쉬 크림 40ml 더블 기획","아벤느","40.0","80.0","ml","36000","32900","4112.5","온천수(아벤느온천수)@카프릴릭/카프릭트라이글리세라이드@글리세린@펜타에리스리틸테트라카프릴레이트/테트라카프레이트@트라이에틸헥사노인@스쿠알란@세테아릴알코올@베헤닐알코올@나이아신아마이드@C20-22알킬포스페이트@C20-22알코올@시어버터@아쿠아필루스 돌로미아이발효여과물@알지닌@카프릴릴글라이콜@세테아릴글루코사이드@카퍼설페이트@소듐벤조에이트@소듐하이알루로네이트@소듐하이드록사이드@토코페릴아세테이트@트로메타민@잔탄검@징크설페이트"
"A000000141028","[수분부스팅/7중히알루론산] 셀퓨전씨 포스트 알파 아쿠아포린 크림 60ml","셀퓨전씨","60.0","60.0","ml","32000","15500","2583.3","정제수, 프로판다이올, 글리세린, 사이클로헥사실록세인, 1,2-헥산다이올, 다이카프릴릴카보네이트, 메틸프로판다이올, 카프릴릭/카프릭트라이글리세라이드, 폴리글리세린-3, 폴리글리세릴-10스테아레이트, 하이드로제네이티드폴리(C6-14올레핀), 하이드로제네이티드폴리데센, 다시마추출물, 한련초잎추출물, 병풀추출물, 무화과추출물, 마트리카리아추출물, 피버퓨 추출물, 풍선덩굴꽃/잎/덩굴추출물, 프랑스해안송껍질추출물, 로즈마리잎추출물, 소듐하이알루로네이트, 하이드로제네이티드레시틴, 양까막까치밥나무씨오일, 해바라기씨오일, 암모늄아크릴로일다이메틸타우레이트/브이피코폴리머, C12-20알킬글루코사이드, C14-22알코올, 아크릴레이트/C10-30알킬아크릴레이트크로스폴리머, 폴리쿼터늄-51, 트로메타민, 판테놀, 글리세릴글루코사이드, 프룩토올리고사카라이드, 부틸렌글라이콜, 베타-글루칸, 사카라이드아이소머레이트, 옥틸도데칸올, 하이드롤라이즈드하이알루로닉애씨드, 자일리틸글루코사이드, 라피노오스, 안하이드로자일리톨 ,폴릭애씨드, 세라마이드엔피, 자일리톨, 콜레스테롤, 글루코오스, 해바라기씨오일불검화물, 수크로오스스테아레이트, 하이드록시프로필트라이모늄하이알루로네이트, 토코페롤, 스테아릭애씨드, 콜레스테릴마카다미에이트, 팔미틱애씨드, 소듐하이알루로네이트크로스폴리머, 하이알루로닉애씨드, 팔미토일펜타펩타이드-4, 마그네슘피씨에이, 카퍼트라이펩타이드-1, 1-메틸하이단토인-2-이미드, 구아이아줄렌, 글라이신, 글루코사민에이치씨엘, 글루타믹애씨드, 글루타민, 다이포타슘포스페이트, 라이신, 류신, 마그네슘시트레이트, 마그네슘클로라이드, 메티오닌, 발린, 세린, 소듐아세틸레이티드하이알루로네이트, 수크로오스, 시스테인, 시트룰린, 씨솔트, 아스파라진, 아스파틱애씨드, 아이소류신, 알라닌, 알지닌, 칼슘클로라이드, 타우린, 타이로신, 트레오닌, 트립토판, 페닐알라닌, 포믹애씨드, 프롤린, 하이드롤라이즈드루핀단백질, 하이드롤라이즈드소듐하이알루로네이트, 히스티딘, 향료, 에틸헥실글리세린, 펜틸렌글라이콜, 알파-아이소메틸아이오논"
"A000000145555","스와니코코 펩타이드 아이크림 트리플 기획(20ml+20ml+20ml)","스와니코코","20.0","60.0","ml","","32000","5333.3","인삼캘러스배양추출물, 아스퍼질러스/쌀발효여과물, 부틸렌글라이콜, 스테아릭애씨드, 글리세린, 다이카프릴릴카보네이트, 나이아신아마이드, 1,2-헥산다이올, 락토바실러스/레몬껍질발효추출물, 오렌지껍질추출물, 에스에이치-폴리펩타이드-11, 에스에이치-올리고펩타이드-2, 아세틸헥사펩타이드-8, 헥사펩타이드-12, 폴리글리세릴-3스테아레이트, 세테아릴올리베이트, 베타인, 소듐하이알루로네이트, 팔미토일트라이펩타이드-5, 카퍼트라이펩타이드-1, 솔비탄라우레이트, 하이드록시에틸셀룰로오스, 아세틸다이펩타이드-1세틸에스터, 진세노사이드, 백금클로이드, 하이드롤라이즈드콜라겐, 석류추출물, 무화과추출물, 뽕나무열매추출물, 은행추출물, 아르니카 몬타나꽃추출물, 쓴쑥추출물, 서양톱풀추출물, 겐티아나뿌리추출물, 마트리카리아꽃추출물, 폴리글루타믹애씨드, 아스코빌글루코사이드, 잎새버섯자실체추출물, 말토덱스트린, 목련나무껍질추출물, 하이드롤라이즈드하이알루로닉애씨드, 바이오사카라이드검-1, 다이펩타이드다이아미노부티로일벤질아마이드다이아세테이트, 베타-글루칸, 동백나무씨오일, 토코페롤, 카보머, 알란토인, 알지닌, 라벤더오일, 유향나무오일, 오렌지껍질오일, 필리핀오렌지껍질오일, 아데노신, 리모넨, 리날룰"
"A000000209418","[2025 어워즈] 제로이드 인텐시브 크림 80ml","제로이드","80.0","80.0","ml","","32000","4000.0","정제수, 프로판다이올, 카프릴릭/카프릭트라이글리세라이드, 글리세린, 식물성스쿠알란, 세테아릴알코올, 폴리글리세릴-10다이스테아레이트, 글리세릴스테아레이트, 스테아릭애씨드, 다이메티콘, 1,2-헥산다이올, 미리스토일/팔미토일옥소스테아라마이드/아라카마이드엠이에이, 피토스테롤, 토코페릴아세테이트, 카놀라오일, 올리브오일, 세틸팔미테이트, 솔비탄팔미테이트, 솔비탄올리베이트, 비사보롤, 메틸카프로오일타이로지네이트, 잔탄검, 소듐하이알루로네이트, 카보머, 알지닌, 카프릴릴글라이콜"
"A000000231638","[트러블진정] 디오디너리 설퍼 10% 파우더-투-크림 컨센트레이트 5g","디오디너리","5.0","5.0","g(약 1ml 상당으로 근사)","","15000","30000.0","글리세린, 프로판다이올, 실리카실릴레이트, 황(10%), 정제수, 카르니틴, 나이아신아마이드, 아라비아고무나무검, 카올린, 폴리라이신, 시트릭애씨드, 소듐시트레이트, 에틸헥실글리세린, 페녹시에탄올, 클로페네신."
"A000000259386","[웬디PICK] 포들 밤 레티날 모공 리셋 솔루션 캡슐 크림 55g","포들","55.0","55.0","g(약 1ml 상당으로 근사)","35000","31500","5727.3","[젤]
정제수, 부틸렌글라이콜, 글리세린, 메틸프로판다이올, 나이아신아마이드, 프로판다이올, 글리세릴글루코사이드, 1,2-헥산다이올, 알지닌, 카보머, 아크릴레이트/C10-30알킬아크릴레이트크로스폴리머, 하이드록시아세토페논, 잔탄검, 에틸헥실글리세린, 아데노신, 다이소듐이디티에이, 밤껍질추출물(125 ppm)
[캡슐]
정제수, 글리세린, 하이드로제네이티드폴리아이소부텐, 세테아릴알코올, 카프릴릭/카프릭트라이글리세라이드, 스쿠알란, 부틸렌글라이콜, 나이아신아마이드, 글리세릴글루코사이드, 다이메티콘, 해바라기씨오일, 1,2-헥산다이올, 세테아릴글루코사이드, 글리세릴스테아레이트, 하이드록시아세토페논, 알지닌, 카보머, 암모늄아크릴로일다이메틸타우레이트/브이피코폴리머, 돌콩오일, 에틸헥실글리세린, 아데노신, 다이소듐이디티에이, 글루코오스, 아나토씨오일, 지모뿌리추출물, 토코페롤, 밤껍질추출물(50 ppb), 다이프로필렌글라이콜, 하이드로제네이티드레시틴, 피토스테롤, 세라마이드엔피, 레티닐팔미테이트, 레티놀, 레틴알(0.01 ppb)"
"A000000176951","[1+1] 차앤박 프로폴리스 에센셜 아이크림 50ml 더블기획 (50ml+50ml)","차앤박","50.0","150.0","ml","43000","31160","2077.3","정제수, 다이메티콘, 프로판다이올, 글리세린, 다이프로필렌글라이콜, 다이메티콘/비닐다이메티콘크로스폴리머, 1,2-헥산다이올, 나이아신아마이드, 부틸렌글라이콜, 판테놀, 폴리솔베이트60, 아이소스테아릴아이소스테아레이트, 하이드로제네이티드레시틴, 아크릴레이트/C10-30알킬아크릴레이트크로스폴리머, 트로메타민, C14-22알코올, 스쿠알란, 세라마이드엔피, 소듐폴리아크릴로일다이메틸타우레이트, 마카다미아씨오일, 피이지-10레이프씨드스테롤, 트라이에틸헥사노인, 다이카프릴릴에터, 피이지/피피지-18/18다이메티콘, 잔탄검, 아라키딜글루코사이드, 시어버터, 프로폴리스추출물(600ppm), 글리세릴스테아레이트, 아데노신, 티타늄디옥사이드(CI 77891), 마이카, 폴리글리세릴-10다이라우레이트, 스테아릭애씨드, 글리세레스-20, 센티드제라늄꽃오일, 소듐하이알루로네이트, 트라이소듐이디티에이, 카보머, 콜레스테롤, 피이지-100스테아레이트, 적색산화철, 에탄올, 꿀추출물, 로얄젤리추출물, 시트로넬올, 제라니올, 리날룰"
"A000000145285","[레티날입문0.05%] 닥터디퍼런트 비타리프트-A 크림 20g","닥터디퍼런트","20.0","20.0","g(약 1ml 상당으로 근사)","42000","31020","15510.0","정제수, 세틸에틸헥사노에이트, 글리세린, 스쿠알란, 잇꽃씨오일, 시어버터, 유채스테롤, 콜레스테롤, 피토스테릴/베헤닐/옥틸도데실라우로일글루타메이트, 1,2-헥산다이올, 폴리글리세릴-10올리에이트, 소듐하이알루로네이트, 하이드로제네이티드레시틴, 폴리글루타믹애씨드, 세라마이드엔피, 스테아릭애씨드, 레틴알(0.05%), 올레익애씨드, 토코페롤, 아데노신, 다이소듐이디티에이"
"A000000248587","[시카크림] 톤28 해남404 새벽크림 센텔라 아시아티카 크림 50g","톤28","50.0","50.0","g(약 1ml 상당으로 근사)","38000","30400","6080.0","정제수, 부틸렌글라이콜, 프로판다이올, 카프릴릭/카프릭트라이글라세라이드, 아이소아밀라우레이트,다이아이소스테아릴말레이트, 마카다미아씨오일, 펜틸렌글라이콜, 다이카프릴릴카보네이트, 나이아신아마이드,세테아릴올리베이트, 시어버터,글리세릴스테아레이트,하이드록시에틸아크릴레이트/소듐아크릴로일다이메틸타우레이트코폴리머, 솔비탄올리베이트, 판테놀, 카프릴릴글라이콜, 카보머, 알란토인, 다이포타슘글리시리제이트,알지닌, 광곽향오일, 센티드제라늄오일, 병풀추출물 (8,000ppm), 아시아티코사이두, 마데카소사이드,마데카식애씨드, 아시아틱애씨드, 아세틸헥사펩타이드-8, 자몽껍질오일, 솔비탄아이소스테아레이트, 잔탄검,아데노신, 베르가모트오일, 덱스트린, 치자추출물,비터오렌지꽃오일, 유칼립투스잎오일, 멕시칸주니퍼오일,로즈우드오일, 일랑일랑꽃오일, 비터오렌지잎/잔가지오일, 리날룰, 리모넨, 벤질벤조에이트,시트랄, 시트로넬올, 제라니올"
"A000000182273","[EGF판테놀/장벽] 마일드랩 블루센텔라 더마 리페어크림 50ml","마일드랩","50.0","50.0","ml","","30000","6000.0","정제수,글리세린,판테놀,다이프로필렌글라이콜,하이드로제네이티드폴리데센,메도우폼씨오일,사이클로헥사실록세인,카프릴릭/카프릭트라이글리세라이드,퀸즈랜드넛오일,폴리글리세릴-3메틸글루코오스다이스테아레이트,세틸알코올,1,2-헥산다이올,글리세릴스테아레이트,베타인,폴리메틸실세스퀴옥세인,병풀추출물,마데카소사이드,아시아티코사이드,마데카식애씨드,아시아틱애씨드,병풀뿌리추출물,병풀잎추출물,세라마이드엔피,세라마이드에이피,세라마이드에이에스,세라마이드엔에스,세라마이드이오피,에스에이치-올리고펩타이드-1,알란토인,약모밀추출물,녹차추출물,말라카이트추출물,소듐하이알루로네이트,하이드록시아세토페논,에틸헥실글리세린,아데노신,다이소듐이디티에이,암모늄아크릴로일다이메틸타우레이트/브이피코폴리머,펜타에리스리틸다이스테아레이트,베헤닐알코올,소듐스테아로일글루타메이트,폴리글리세릴-10라우레이트,부틸렌글라이콜,하이드로제네이티드레시틴,프룩탄,수크로오스다이스테아레이트,소듐라우레이트,토코페롤,라우릭애씨드,마트리카리아꽃추출물,살비아잎추출물,타임잎추출물,마조람잎추출물,라벤더꽃추출물,로즈마리잎추출물,레몬밤잎추출물,콜레스테롤,효모발효물,라피노오스,폴릭애씨드,트로메타민,팔미토일펜타펩타이드-4"
"A000000149138","이즈앤트리 히아루론산 아쿠아 젤 크림 100ml","이즈앤트리","100.0","100.0","ml","20000","14000","1400.0","정제수,메틸프로판다이올,코코-카프릴레이트/카프레이트,1,2-헥산다이올,글리세린,바이오사카라이드검-1,베타인,암모늄아크릴로일다이메틸타우레이트/브이피코폴리머,트레할로오스,소듐하이알루로네이트,하이드롤라이즈드하이알루로닉애씨드,병풀추출물,호장근뿌리추출물,황금추출물,녹차추출물,쇠비름추출물,스페인감초뿌리추출물,약모밀추출물,로즈마리잎추출물,마트리카리아꽃추출물,소듐하이알루로네이트크로스폴리머,소듐피씨에이,식물성스쿠알란,아이소스테아릴알코올,부틸렌글라이콜코코에이트,세테아릴올리베이트,솔비탄올리베이트,하이알루로닉애씨드,하이드롤라이즈드호호바에스터,하이드로제네이티드올리브오일불검화물,부틸렌글라이콜,하이드롤라이즈드소듐하이알루로네이트,알란토인,잔탄검,에틸셀룰로오스,프로판다이올,페닐트라이메티콘,펜틸렌글라이콜,에틸헥실글리세린"
"A000000166586","[대용량] 라운드랩 자작나무 수분 크림 120ml 대용량 기획(+패드 4매)","라운드랩","120.0","120.0","ml","42000","29400","2450.0","[본품 : 라운드랩 자작나무 수분 크림] 
정제수, 글리세린, 아이소노닐아이소노나노에이트, 아이소도데케인, 1,2-헥산다이올, 펜틸렌글라이콜, 폴리데센, 자작나무수액(10,000ppm), 호호바에스터, 판테놀, 글리세릴글루코사이드, 아라비아고무나무검, 하이드롤라이즈드오크라추출물, 소듐하이알루로네이트, 하이알루로닉애씨드, 화이트루핀씨추출물, 드럼스틱씨추출물, 인도멀구슬나무잎추출물, 인도멀구슬나무꽃추출물, 아이비고드열매추출물, 알로에베라꽃추출물, 가지열매추출물, 홀리바질잎추출물, 참산호말추출물, 울금뿌리추출물, 아스코빅애씨드, 펜타에리스리틸테트라에틸헥사노에이트, 암모늄아크릴로일다이메틸타우레이트/브이피코폴리머, 폴리글리세릴-3메틸글루코오스다이스테아레이트, 아크릴레이트/C10-30알킬아크릴레이트크로스폴리머, 트로메타민, 글리세릴아크릴레이트/아크릴릭애씨드코폴리머, 에틸헥실글리세린, 아가, 다이포타슘글리시리제이트, 글리세릴카프릴레이트, 부틸렌글라이콜, 다이소듐이디티에이

[증정품 : 라운드랩 자작나무 수분 패드]
정제수, 다이프로필렌글라이콜, 글리세린, 자작나무수액(10,967ppm), 자일리틸글루코사이드, 안하이드로자일리톨, 자일리톨, 글루코오스, 다이포타슘글리시리제이트, 소듐하이알루로네이트, 판테놀, 글리세릴글루코사이드, 글리세릴카프릴레이트, 하이알루로닉애씨드, 하이드롤라이즈드하이알루로닉애씨드, 아스코빅애씨드, 알란토인, 1,2-헥산다이올, 알지닌, 헥실렌글라이콜, 하이드록시아세토페논, 다이소듐이디티에이, 잔탄검, 카보머"
"A000000154627","[코어탄력스팟] 아이소이 인텐시브 리프팅 스팟 25ml","아이소이","25.0","25.0","ml","39000","29200","11680.0","정제수,글리세린,세틸에틸헥사노에이트,카프릴릭/카프릭트라이글리세라이드,마카다미아씨오일,세테아릴알코올,글리세릴스테아레이트,펜타에리스리틸테트라아이소스테아레이트,스테아릭애씨드,아라키딜알코올,베타인,트레할로오스,폴리글리세릴-3메틸글루코오스다이스테아레이트,다마스크장미꽃오일,시어버터,잔탄검,베헤닐알코올,아라키딜글루코사이드,다마스크장미꽃수,아데노신,판테놀,황련뿌리추출물,소듐하이알루로네이트,알란토인,팔미토일트라이펩타이드-5,밤껍질추출물,아세로라추출물,몰로키아잎추출물,브로콜리추출물,로즈마리추출물,니아울리나무잎오일,마트리카리아꽃/잎추출물,병풀추출물,부틸렌글라이콜,1,2-헥산다이올,스페인감초뿌리추출물,황금추출물,모란뿌리추출물,시트로넬올,제라니올,파네솔,유제놀"
"A000000215363","[안티에이징/밀착보습막] 셀퓨전씨 레이저 리쥬버네이션 크림 50ml 더블 기획","셀퓨전씨","50.0","100.0","ml","40000","28900","2890.0","정제수, 글리세린, 퀸즈랜드넛오일, 카프릴릭/카프릭트라이글리세라이드, 세테아릴알코올, 나이아신아마이드, 스쿠알란, 하이드로제네이티드폴리(C6-14올레핀), 1,2-헥산다이올, 글리세릴스테아레이트, 세테아릴올리베이트, 글리세레스-26, 피이지-100스테아레이트, 솔비탄올리베이트, 사이클로펜타실록세인, 다이메티콘, 사이클로헥사실록세인, 소듐아크릴레이트/소듐아크릴로일다이메틸타우레이트코폴리머, 아이소헥사데칸, 바쿠치올, 소듐폴리아크릴레이트, 에틸헥실글리세린, 폴리솔베이트80, 잔탄검, 아데노신, 다이소듐이디티에이, 솔비탄올리에이트, 알란토인, 세라마이드엔피, 판테놀, 포트마리골드꽃오일, 프로판다이올, 팔미틱애씨드, 스테아릭애씨드, 토코페롤, 쇠비름추출물, 부틸렌글라이콜, 올레라케아아크멜라추출물, 헬리크리숨스토에카스추출물, 병풀추출물, 에델바이스캘러스배양추출물, 카프릴릴글라이콜, 카퍼트라이펩타이드-1, 다이펩타이드-2, 올리고펩타이드-1, 팔미토일펜타펩타이드-4, 트라이펩타이드-1, 레티놀"
"A000000244683","[단독기획/트러블1위] 셀인샷 알란테놀 트러블 크림 70ml 기획 (+크림 20ml*2)","셀인샷","70.0","90.0","ml","41200","28900","3211.1","정제수, 다이프로필렌글라이콜, 글리세린, 세틸에틸헥사노에이트, 부틸렌글라이콜, 하이드로제네이티드폴리아이소부텐, 세틸알코올, 나이아신아마이드, 글리세릴스테아레이트, 스테아릴알코올, 1,2-헥산다이올, 암모늄아크릴로일다이메틸타우레이트/브이피코폴리머, 미리스틸알코올, 향료, 동백나무씨오일, 아보카도오일, 해바라기씨오일, 라우릴알코올, 아크릴레이트/C10-30알킬아크릴레이트크로스폴리머, 판테놀(1,000ppm), 알란토인(500ppm), 아데노신, 프로필렌글라이콜, 잇꽃꽃추출물, 치자추출물, 폴스애플민트잎추출물, 녹차추출물, 타임잎추출물, 덱스트린, 하이드로제네이티드레시틴, 소듐피씨에이, 소듐락테이트, 레시틴, 알지닌, 하이드록시에틸우레아, 아스파틱애씨드, 피씨에이, 글라이신,  알라닌,  세린, 발린, 다이포타슘글리시리제이트, 토코페릴아세테이트, 아이소류신, 트레오닌, 프롤린, 페닐알라닌, 히스티딘, 세라마이드엔피, 에스에이치-올리고펩타이드-32에스피, 에스에이치-올리고펩타이드-1, 다이소듐이디티에이, 에틸헥실글리세린"
"A000000145331","[NEW/세라마이드3배] 닥터디퍼런트 세콜지 311 보습 장벽 크림 100g","닥터디퍼런트","100.0","100.0","g(약 1ml 상당으로 근사)","35000","28000","2800.0","정제수, 카프릴릭/카프릭트라이글리세라이드, 메틸프로판다이올, 글리세린, 세틸알코올, 1,2-헥산다이올, 글리세릴스테아레이트에스이, 세테아릴올리베이트, 스테아릴알코올, 올리브오일, 스테아릴알코올, 올리브오일, 솔비탄세스퀴올리에이트, 솔비탄올리베이트, 하이드록시프로필비스팔미타마이드엠이에이, 세라마이드엔피, 미리스틸알코올, 알지닌, 카보머, 에틸헥실글리세린, 콜레스테롤, 스테아릭애씨드, 아이소머라이즈드리놀레익애씨드, 라우릴알코올, 카프릴릴글라이콜, 데실렌글라이콜, 잔탄검, 올레익애씨드, 팔미틱애씨드, 토코페롤, 부틸렌글라이콜, 하이드로제네이티드포스파티딜콜린, 리노레익애씨드, 소듐피씨에이, 세린, 글라이신, 흰목이버섯폴리사카라이드, 알라닌, 로즈힙열매추출물, 글루타믹애씨드, 콜레스테릴마카다미에이트, 피토스광고신, 수크로오스스테아레이트, 글라이코스핑고리피드"
"A000000156230","[1등 모공 수분천재크림] 에스네이처 아쿠아 스쿠알란 수분크림 60ml 기획(60ml+30ml)","에스네이처","60.0","150.0","ml","","28000","1866.7","정제수, 스쿠알란(150,000ppm), 글리세린, 1,2-헥산다이올, 베타인, 판테놀, 소듐하이알루로네이트, 하이드롤라이즈드콜라겐, 하이드록시프로필트라이모늄하이알루로네이트, 하이드롤라이즈드하이알루로닉애씨드, 소듐아세틸레이티드하이알루로네이트, 아세틸헥사펩타이드-8, 아데노신, 하이알루로닉애씨드, 하이드롤라이즈드소듐하이알루로네이트, 소듐하이알루로네이트크로스폴리머, 포타슘하이알루로네이트, 아크릴레이트/C10-30알킬아크릴레이트크로스폴리머, 알지닌, 알란토인, 자일리틸글루코사이드, 안하이드로자일리톨, 자일리톨, 글루코오스, 부틸렌글라이콜, 암모늄아크릴로일다이메틸타우레이트/브이피코폴리머, 카프릴릴글라이콜"
"A000000198626","[트러블 진정+모공 축소] 시카페인 트러블 리셋 크림","비레디","","","","34000","27900","","편백수, 부틸렌글라이콜, 글리세린, 다이카프릴릴에터, 1,2-헥산다이올, 스쿠알란, 페닐트라이메티콘, 메틸트라이메티콘, 아이소노닐아이소노나노에이트, 베타인, C14-22알코올, 정제수, 세테아릴알코올, 세테아릴올리베이트, 스테아릴다이메티콘, 글리세릴스테아레이트, 솔비탄올리베이트, 피씨에이다이메티콘, 팔미틱애씨드, 스테아릭애씨드, 하이드록시에틸아크릴레이트/소듐아크릴로일다이메틸타우레이트코폴리머, C12-20알킬글루코사이드, 소듐스테아로일글루타메이트, 에틸헥실글리세린, 아크릴레이트/C10-30알킬아크릴레이트크로스폴리머, 베헤닐알코올, 트로메타민, 잔탄검, 피토스테롤, 솔비탄아이소스테아레이트, 말라카이트추출물, 다이소듐이디티에이, 잇꽃꽃추출물, 덱스트린, 나이아신아마이드, 카페인, 세라마이드엔피, 토코페롤, 알지닌, 사이클로덱스트린, 하이드록시프로필사이클로덱스트린, 말토덱스트린, 시트릭애씨드"
"A000000242515","[1등 손상장벽] 센텔리안24 마데카 크림 PDRN 기획세트 50ml+15ml","센텔리안24","50.0","65.0","ml","46000","27900","4292.3","정제수, 글리세린, 다이프로필렌글라이콜, 카프릴릭/카프릭트라이글리세라이드, 하이드로제네이티드폴리(C6-14올레핀), 글리세릴스테아레이트, 펜타에리스리틸테트라에틸헥사노에이트, 나이아신아마이드, 메틸트라이메티콘, 비닐다이메티콘, 세테아릴알코올, 다마스크장미꽃수, 폴리글리세릴-10라우레이트, 소듐디엔에이(2,000 ppm), 마데카식애씨드(1,600 ppm), 아시아티코사이드, 아시아틱애씨드, 병풀추출물, 글루타티온, 카페인, 베타-시토스테롤, 피토스테롤, 다시마추출물, 알로에베라잎추출물, 참마뿌리추출물, 당느릅나무뿌리추출물, 제비꽃꽃추출물, 소듐하이알루로네이트, 다이메틸실란올하이알루로네이트, 하이드롤라이즈드하이알루로닉애씨드, 하이드롤라이즈드소듐하이알루로네이트, 하이알루로닉애씨드, 포타슘하이알루로네이트, 소듐하이알루로네이트크로스폴리머, 하이드록시프로필트라이모늄하이알루로네이트, 소듐하이알루로네이트다이메틸실란올, 소듐아세틸레이티드하이알루로네이트, 1,2-헥산다이올, 판테놀, C10-18트라이글리세라이즈, 소듐스테아로일글루타메이트, 소듐폴리아크릴로일다이메틸타우레이트, 부틸렌글라이콜, 호호바에스터, 혼합글리세릴스테아레이트, 하이드록시아세토페논, 하이드록시에틸아크릴레이트/소듐아크릴로일다이메틸타우레이트코폴리머, 세틸알코올, 스테아릴알코올, 베헤닐알코올, 해바라기씨왁스, 황련뿌리추출물, 에틸헥실글리세린, 라벤더오일, 베르가모트오일, 올리브오일, 오렌지껍질오일, 잔탄검, 로즈마리잎오일, 다이소듐이디티에이, 아데노신, 솔비탄아이소스테아레이트, 폴리글리세린-3, 캐모마일꽃오일, 사이아노코발아민, 아스코빅애씨드, 토코페롤, 세라마이드엔피, 글라이코프로테인, 피토스핑고신, 하이드로제네이티드레시틴, 콜라겐아미노산, 하이드롤라이즈드엘라스틴, 아스파틱애씨드, 글라이신, 글루타믹애씨드, 알지닌, 리모넨, 리날룰"
"A000000224247","[레이PICK/보습광채] 풀리 쌀 세라 캡슐 크림 90ml","풀리","90.0","90.0","ml","37000","27800","3088.9","쌀겨수(84%),글리세린,부틸렌글라이콜,1,2-헥산다이올,정제수,실버위드추출물,귀리커넬추출물,아티초크잎추출물,병풀추출물,향부자추출물,쌀추출물(0.005PPM),쌀지게미추출물(0.001PPM),소듐하이알루로네이트,하이드로제네이티드레시틴,녹차수,쌀겨오일(0.017PPM),다이페닐다이메티콘,트라이에틸헥사노인,베타인,폴리글리세릴-10미리스테이트,알지닌,하이드록시아세토페논,아크릴레이트/C10-30알킬아크릴레이트크로스폴리머,판테놀,다이포타슘글리시리제이트,에틸헥실글리세린,글리세릴폴리메타크릴레이트,다이소듐이디티에이,카보머,메틸프로판다이올,폴리쿼터늄-51,베타-글루칸,락토코쿠스발효용해물,토코페롤,프룩토올리고사카라이드,엑토인,하이드롤라이즈드하이알루로닉애씨드,만니톨,파파인,세라마이드엔피(0.004PPM),소듐클로라이드,피토스핑고신,브로멜라인,프로판다이올,락토바실러스/쌀발효물(0.001ppm),소듐파이테이트,수크로오스다이스테아레이트,카프릴릭/카프릭트라이글리세라이드,프로테아제,하이드록시프로필사이클로덱스트린,소듐디엔에이,리파아제,오리자놀,코직다이팔미테이트"
"A000000231399","[색소침착/흔적] 청미정 기미잡티크림 카카두플럼 50g","청미정","50.0","50.0","g(약 1ml 상당으로 근사)","32000","27200","5440.0","정제수, 카프릴릭/카프릭트라이글리세라이드, 세틸에틸헥사노에이트, 부틸렌글라이콜, 글리세린, 1,2-헥산다이올, 프로판다이올, 세테아릴알코올, 펜틸렌글라이콜, 비즈왁스, 폴리글리세릴-3메틸글루코오스다이스테아레이트, 카카두플럼추출물, 닥풀꽃추출물, 세테아릴올리베이트, 아보카도오일, 포트마리골드꽃추출물, 로즈마리추출물, 알파-비사보롤, 카프릴릴글라이콜, 솔비탄올리베이트, 베타인, 아데노신, 에스에이치-올리고펩타이드-1, 잔탄검, 베르가모트오일, 티트리잎오일, 리모넨, 리날룰"
"A000000258755","[속보습장벽진정/증정용량UP] 아이소이 모이스춰 닥터 장수진수분크림 70ml 기획 (+앰플 20ml)","아이소이","70.0","90.0","ml","36000","27000","3000.0","[장수진수분크림]
정제수, 글리세린, 세틸에틸헥사노에이트, 카프릴릭/카프릭트라이글리세라이드, 베타인, 마카다미아씨오일, 소듐하이알루로네이트, 하이드롤라이즈드하이알루로닉애씨드, 하이알루로닉애씨드, 소듐하이알루로네이트크로스폴리머, 하이드롤라이즈드글라이코사미노글리칸, 티트리잎추출물, 쇠비름추출물, 약모밀추출물(어성초추출물), 판테놀, 피토스핑고신, 세라마이드엔피, 알지닌, 카보머, 흰버드나무껍질추출물, 오레가노잎추출물, 편백잎추출물, 락토바실러스/콩발효추출물, 육계나무껍질추출물, 잔탄검, 솔비탄세스퀴올리에이트, 자몽껍질오일, 부틸렌글라이콜, 1,2-헥산다이올, 프로판다이올, 포트마리골드꽃추출물, 황금추출물, 모란뿌리추출물, 스페인감초뿌리추출물, 하이드로제네이티드레시틴, 리모넨※ ※ 식물유래 에센셜오일 자체에 원래 포함된 성분

[장수진수분앰플] 
정제수,글리세린,베타인,트레할로오스,스쿠알란,카프릴릭/카프릭트라이글리세라이드,판테놀,소듐하이알루로네이트,하이드롤라이즈드하이알루로닉애씨드,하이알루로닉애씨드,소듐하이알루로네이트크로스폴리머,하이드롤라이즈드글라이코사미노글리칸,티트리잎추출물,쇠비름추출물,약모밀추출물,흰버드나무껍질추출물,오레가노잎추출물,편백잎추출물,락토바실러스/콩발효추출물,육계나무껍질추출물,알지닌,카보머,마카다미아씨오일,피토스핑고신,세라마이드엔피,잔탄검,자몽껍질오일,솔비탄세스퀴올리에이트,부틸렌글라이콜,1,2-헥산다이올,프로판다이올,포트마리골드꽃추출물,황금추출물,모란뿌리추출물,스페인감초뿌리추출물,하이드로제네이티드레시틴,리모넨※ ※자연유래 에센셜오일 자체에 원래 포함된 성분"
"A000000238929","[광채크림/NEW대용량] 차앤박 프로폴리스 앰플 액티브 샷 크림 75ml 2입","차앤박","75.0","150.0","ml","39000","26900","1793.3","정제수, 다이메티콘, 부틸렌글라이콜, 글리세린, 하이드로제네이티드폴리데센, 2,3-부탄다이올, 다이프로필렌글라이콜, 1,2-헥산다이올, 마카다미아씨오일, 트라이에틸헥사노인, 스테아릴알코올, 글리세릴스테아레이트, 판테놀, 피이지-40스테아레이트, 펜타에리스리틸테트라에틸헥사노에이트, 비스-피이지-18메틸에터다이메틸실레인, 프로폴리스추출물(1500ppm), 세라마이드엔피, 세테아릴알코올, 솔비탄스테아레이트, 하이드록시에틸피페라진에탄설포닉애씨드, 우레아, 세테아릴올리베이트, 피이지-100스테아레이트, 트로메타민, 팔미틱애씨드, 솔비탄올리베이트, 하이드로제네이티드레시틴, 아크릴레이트/C10-30알킬아크릴레이트크로스폴리머, 스테아릭애씨드, 다이메티콘/비닐다이메티콘크로스폴리머, 다이포타슘글리시리제이트, 효모발효여과물, 겨우살이추출물, 글라이코실트레할로오스, 암모늄아크릴로일다이메틸타우레이트/브이피코폴리머, 락토바실러스/콩발효추출물, 하이드로제네이티드스타치하이드롤리세이트, 카보머, 잔탄검, 티타늄디옥사이드(CI 77891), 띠뿌리추출물, 마이카, 아시아티코사이드, 트라이소듐이디티에이, 마데카식애씨드, 아시아틱애씨드, 적색산화철, 마데카소사이드, 더덕뿌리추출물, 무화과추출물, 레몬밤잎추출물, 석류추출물, 베타-글루칸, 토코페롤, 글리시레티닉애씨드, 알지닌글루타메이트, 센티드제라늄꽃오일, 시트로넬올, 제라니올, 리날룰, 시트랄"
"A000000201592","헤브블루 살몬 PDRN 케어링 센텔라 크림 100ml","헤브블루","100.0","100.0","ml","39900","26800","2680.0","병풀잎수(625,219ppm), 부틸렌글라이콜, 글리세린, 카프릴릭/카프릭트라이글리세라이드, 하이드로제네이티드폴리(C6-14올레핀), 정제수, 프로판다이올, 다이프로필렌글라이콜, 펜타에리스리틸테트라에틸헥사노에이트, 1,2-헥산다이올, 사이클로헥사실록세인, 해바
라기씨오일, 세테아릴올리베이트, 솔비탄올리베이트, 암모늄아크릴로일다이메틸타우레이트/브이피코폴리머, 아크릴레이트/C10-30알킬아크릴레이트크로스폴리머, 트로메타민, 연어알추출물(1,500ppm), 소듐폴리아크릴레이트, 베타인, 판테놀, 녹차수, 소듐하이알루로네이트, 에틸헥실글리세린, 잔탄검, 아데노신, 다이소듐이디티에이, 덱스트린, 쇠비름추출물, 하이드롤라이즈드콜라겐, 카카오추출물, 토코페롤, 하이알루로닉애씨드, 마데카소사이드, 소듐디엔에이, 말토덱스트린, 아보카도열매추출물, 하이드롤라이즈드하이알루로닉애씨드"
"A000000200804","[화잘먹 결크림] 마몽드 플로라 글로우 로즈 스무딩 크림 50ml","마몽드","50.0","50.0","ml","37000","25900","5180.0","정제수, 프로판다이올, 글리세린, 해바라기씨오일, 폴리글리세릴-3메틸글루코오스다이스테아레이트, 카프릴릭/카프릭/미리스틱/스테아릭트라이글리세라이드, 코코넛야자오일, 메틸트라이메티콘, 호호바씨오일, 1,2-헥산다이올, 글리세릴스테아레이트, 세테아릴알코올, 코코-카프릴레이트/카프레이트, 부틸렌글라이콜, 하이드록시에틸아크릴레이트/소듐아크릴로일다이메틸타우레이트코폴리머, 티타늄디옥사이드 (CI 77891), 아크릴레이트/C10-30알킬아크릴레이트크로스폴리머, 포타슘세틸포스페이트, 트로메타민, 에틸헥실글리세린, 글리세릴카프릴레이트, 소듐메타포스페이트, 다마스크장미꽃추출물(320 ppm), 솔비탄아이소스테아레이트, 소듐하이알루로네이트, 하이알루로닉애씨드, 하이드롤라이즈드식물성단백질(100 ppm), 글루코노락톤, 시트로넬올, 프로필렌글라이콜, 토코페롤, 하이드롤라이즈드하이알루로닉애씨드, 소듐하이알루로네이트크로스폴리머, 소듐아세틸레이티드하이알루로네이트"
"A000000145579","[속수분크림] 라운드랩 자작나무 수분 크림 80ml 기획 (+20ml)","라운드랩","80.0","100.0","ml","32000","25600","2560.0","정제수, 글리세린, 아이소노닐아이소노나노에이트, 아이소도데케인, 1,2-헥산다이올, 펜틸렌글라이콜, 폴리데센, 자작나무수액(10,000ppm), 호호바에스터, 판테놀, 글리세릴글루코사이드, 아라비아고무나무검, 하이드롤라이즈드오크라추출물, 소듐하이알루로네이트, 하이알루로닉애씨드, 화이트루핀씨추출물, 드럼스틱씨추출물, 인도멀구슬나무잎추출물, 인도멀구슬나무꽃추출물, 아이비고드열매추출물, 알로에베라꽃추출물, 가지열매추출물, 홀리바질잎추출물, 참산호말추출물, 울금뿌리추출물, 아스코빅애씨드, 펜타에리스리틸테트라에틸헥사노에이트, 암모늄아크릴로일다이메틸타우레이트/브이피코폴리머, 폴리글리세릴-3메틸글루코오스다이스테아레이트, 아크릴레이트/C10-30알킬아크릴레이트크로스폴리머, 트로메타민, 글리세릴아크릴레이트/아크릴릭애씨드코폴리머, 에틸헥실글리세린, 아가, 다이포타슘글리시리제이트, 글리세릴카프릴레이트, 부틸렌글라이콜, 다이소듐이디티에이"
"A000000153874","[2주 톤업] 라네즈 래디언씨 크림 30ml 기획 (+7+7ml)","라네즈","30.0","44.0","ml","32000","25600","5818.2","정제수, 에칠아스코빌에텔, 글리세린, 세테아릴알코올, 카프릴릭/카프릭 트라이글리세라이드, 프로판다이올, 메틸트라이메티콘, 하이드로제네이티 드폴리(C6-14올레핀), 펜타에리스리틸테트라에틸헥사노에이트, 세테아릴 올리베이트, 포타슘세틸포스페이트, 1,2-헥산다이올, 솔비탄올리베이트, 하이드록시에틸아크릴레이트/소듐아크릴로일다이메틸타우레이트코폴리머, 리모넨, 폴리메틸메타크릴레이트, 암모늄아크릴로일다이메틸타우레이트/ 베헤네스-25메타크라일레이트크로스폴리머, 시트릭애씨드, 향료, 티몰 트라이메톡시신나메이트, 다이소듐이디티에이, 에틸헥실글리세린, 솔비탄 아이소스테아레이트, 소듐시트레이트, 리날룰, 토코페롤, 마데카소사이드, 시트랄, 제라니올"
"A000000241909","[수분밀착/장벽케어] 라곰 셀러스 딥 모이스쳐 크림 60ml","라곰","60.0","60.0","ml","32000","25600","4266.7","정제수, 글리세린, 부틸렌글라이콜, 하이드로제네이티드폴리데센, 세틸에틸헥사노에이트, 세테아릴알코올, 카프릴릭/카프릭트라이글리세라이드, 판테놀, 폴리글리세릴-3메틸글루코오스다이스테아레이트, 호호바에스터, 퀸즈랜드넛오일, 베르가모트오일, 소듐하이알루로네이트, 호호바씨오일, 레몬껍질오일, 필리핀오렌지껍질오일, 하이드롤라이즈드식물성단백질, 오렌지껍질오일, 카멜그라스오일, 식물성아미노산, 사과수, 1,2-헥산다이올, 다이메티콘, 하이드로제네이티드레시틴, 폴리아크릴레이트-13, 하이드록시아세토페논, 하이드록시에틸아크릴레이트/소듐아크릴로일다이메틸타우레이트코폴리머, 폴리메틸실세스퀴옥세인, 합성비즈왁스, 폴리아이소부텐, 카프릴릴글라이콜, 세테아릴글루코사이드, 세라마이드엔피, 폴리솔베이트20, 솔비탄아이소스테아레이트, 시트릭애씨드, 소듐시트레이트, 알란토인, 다이포타슘글리시리제이트, 토코페롤, 말토덱스트린, 프로판다이올, 피토스핑고신, 폴리글루타믹애씨드, 잔탄검, 다이소듐이디티에이, 포타슘벤조에이트, 포타슘솔베이트, 리모넨, 리날룰, 시트랄"
"A000000236325","러븀 그린 시트러스 비타민 씨 젤 크림 플러스 50ml","러븀","50.0","50.0","ml","33000","25000","5000.0","유자수(530,000ppm), 나이아신아마이드(120,000ppm), 다이프로필렌글라이콜, 메틸트라이메티콘, 부틸렌글라이콜, 글리세린, 1,2-헥산다이올, 다이메티콘, 사이클로헥사실록세인, 에톡시다이글라이콜, 카페인, 페닐트라이메티콘, 펜타에리스리틸테트라에틸헥사노에이트, 카프릴릭/카프릭트라이글리세라이드, 비닐다이메티콘/메티콘실세스퀴옥세인크로스폴리머, 트라넥사믹애씨드, 병풀추출물, 약모밀추출물, 멕시칸치아씨추출물, 아스코빅애씨드(10ppm), 세라마이드엔피, 판테놀, 다이메티콘올, 정제수, 프로판다이올, 하이드로제네이티드레시틴, 덱스트린, 치자추출물, 잇꽃꽃추출물, 아크릴레이트/C10-30알킬아크릴레이트크로스폴리머, 카보머, 소듐폴리아크릴로일다이메틸타우레이트, 다이포타슘글리시리제이트, 펜타에리스리틸테트라아이소스테아레이트, 트로메타민, 카프릴릴글라이콜, 소듐파이테이트"
"A000000255625","코스알엑스 더 블루 펩타이드 바쿠치올 플럼프 바운스 크림 50g","코스알엑스","50.0","50.0","g(약 1ml 상당으로 근사)","29000","24600","4920.0","정제수, 부틸렌글라이콜, 글리세린, 메틸트라이메티콘, 나이아신아마이드, 1,2-헥산다이올, 세테아릴알코올, 스쿠알란, 다이메티콘, 카프릴릴메티콘, 카퍼트라이펩타이드-1(0.5%), 카프릴릭/카프릭트라이글리세라이드, 암모늄아크릴로일다이메틸타우레이트/브이피코폴리머, 암모늄아크릴로일다이메틸타우레이트/베헤네스-25메타크라일레이트크로스폴리머, 폴리아크릴레이트크로스폴리머-6, 글리세릴스테아레이트, C30-45알킬세테아릴다이메티콘크로스폴리머, 세테아릴글루코사이드, 하이드로제네이티드레시틴, 글리세릴카프릴레이트, 에틸헥실글리세린, 스테아릭애씨드, 폴리글리세릴-3메틸글루코오스다이스테아레이트, 팔미틱애씨드, 소듐글루코네이트, 바쿠치올(500 ppm), 아데노신, 미리스틱애씨드, 라우릭애씨드, 카프릴릴글라이콜, 토코페롤, 다이펩타이드다이아미노부티로일벤질아마이드다이아세테이트(0.5 ppm), 아세틸헥사펩타이드-1(0.1 ppm), 아세틸헵타펩타이드-4(0.0457 ppm), 판테놀, 베타인, 이노시톨, 아세틸헥사펩타이드-8(0.004 ppm), 소듐하이드록사이드, 프로판다이올, 합성왁스, 소듐하이알루로네이트, 아세틸옥타펩타이드-3(0.0003 ppm), 폴리글리세릴-10스테아레이트, 하이드롤라이즈드하이알루로닉애씨드, 베타-글루칸, 소듐하이알루로네이트크로스폴리머, 세라마이드엔피, 하이알루로닉애씨드, 콜레스테롤, 하이드롤라이즈드콜라겐, 소듐아세틸레이티드하이알루로네이트"
"A000000135672","[손상/장벽 리페어] 아벤느 시칼파트 플러스 SOS 리페어 크림 40ml","아벤느","40.0","40.0","ml","","24000","6000.0","온천수 (아벤느 온천수), 카프릴릭/카프릭트라이글리세라이드, 미네랄오일, 글리세린, 하이드로제네이티드식물성오일, 징크옥사이드, 프로필렌글라이콜, 폴리글리세릴-2세스퀴이소스테아레이트, 피이지-22/도데실글라이콜코폴리머, 아쿠아필루스 돌로미아이발효여과물, 마그네슘스테아레이트, 비즈왁스, 마이크로크리스탈린왁스, 알루미늄스테아레이트, 카퍼설페이트, 마그네슘설페이트, 징크설페이트, 알지닌, 트로메타민"
"A000000169180","피지오겔 DMT 포맨 페이셜 크림 80ml","피지오겔","80.0","80.0","ml","30000","24000","3000.0","정제수, 글리세린, 펜타에리스리틸테트라에틸헥사노에이트, 부틸렌글라이콜, 폴리글리세릴-3메틸글루코오스다이스테아레이트, 1,2-헥산다이올, 글리세릴스테아레이트, 나이아신아마이드, 판테놀, 카프릴릭/카프릭트라이글리세라이드, 스쿠알란, 병풀추출물, 알란토인, 하이드롤라이즈드소듐하이알루로네이트, 하이드로제네이티드레시틴, 다이포타슘글리시리제이트, 세라마이드엔피, 카퍼트라이펩타이드-1, 아크릴레이트/C10-30알킬아크릴레이트크로스폴리머, 트로메타민"
"A000000183713","[단독기획] 토리든 밸런스풀 시카 진정 크림 80ml 기획 (+세럼 10ml)","토리든","80.0","90.0","ml","","24000","2666.7","[벨런스풀 크림]
정제수, 부틸렌글라이콜, 글리세린, 헵틸운데실레네이트, 1,2-헥산다이올, 판테놀(2,000ppm), 병풀추출물, 마데카식애씨드, 아시아티코사이드, 아시아틱애씨드, 마데카소사이드, 알란토인, 하이드롤라이즈드하이알루로닉애씨드, 쓴풀추출물, 푸른연꽃추출물, 락토바실러스발효물, 접시꽃추출물, 잇꽃꽃추출물, 베타인, 카프릴릭/카프릭트라이글리세라이드, 세테아릴알코올, 프로판다이올, C14-22알코올, 다이펩타이드-2, 아크릴레이트/C10-30알킬아크릴레이트크로스폴리머, 하이드록시에틸아크릴레이트/소듐아크릴로일다이메틸타우레이트코폴리머, 소듐폴리아크릴레이트, 글리세릴아크릴레이트/아크릴릭애씨드코폴리머, 피브이엠/엠에이코폴리머, 솔비탄아이소스테아레이트, 폴리글리세릴-3폴리리시놀리에이트, 아이소펜틸다이올, 카프릴로일살리실릭애씨드, C12-20알킬글루코사이드, 폴리글리세릴-4올리에이트, 소듐스테아로일글루타메이트, 소듐서팩틴, 카프로익애씨드, 잔탄검, 트로메타민, 소듐아세테이트, 다이소듐이디티에이, 에틸헥실글리세린, 치자추출물

[밸런스풀 시카 컨트롤 세럼]
정제수, 글리세린, 프로판다이올, 다이프로필렌글라이콜, 나이아신아마이드, 1,2-헥산다이올, 판테놀(11,000ppm), 병풀추출물, 마데카식애씨드, 아시아티코사이드(3,610ppb), 아시아틱애씨드, 마데카소사이드, 알란토인, 쓴풀추출물, 푸른연꽃추출물, 락토바실러스발효물, 접시꽃추출물, 소듐하이알루로네이트, 하이드롤라이즈드하이알루로닉애씨드, 하이알루로닉애씨드, 하이드록시프로필트라이모늄하이알루로네이트, 포타슘하이알루로네이트, 소듐하이알루로네이트크로스폴리머, 소듐아세틸레이티드하이알루로네이트, 징크하이드롤라이즈드하이알루로네이트, 칼슘판토테네이트, 석시닉애씨드, 글루코닉애씨드, 카프릴로일살리실릭애씨드, 징크피씨에이, 팔미토일다이펩타이드-7, 다이펩타이드-2, 다이포타슘글리시리제이트, 펜틸렌글라이콜, 소듐스테아로일글루타메이트, 아세틸글루코사민, 글리세릴글루코사이드, 아이소펜틸다이올, 2,3-부탄다이올, 옥틸도데칸올, 글리세릴아크릴레이트/아크릴릭애씨드코폴리머, 피브이엠/엠에이코폴리머, 카프로익애씨드, 폴리글리세릴-4올리에이트, 솔비탄스테아레이트, 폴리글리세린-3, 피토스테롤, 소듐서팩틴, 카보머, 잔탄검, 트로메타민, 소듐아세테이트, 에틸헥실글리세린, 콥티스뿌리추출물, 말라카이트추출물"
"A000000188831","조선미녀 조선미녀크림 50ml","조선미녀","50.0","50.0","ml","","24000","4800.0","정제수, 글리세린, 하이드로제네이티드폴리데센, 1,2-헥산다이올, 나이아신아마이드, 스쿠알란, 부틸렌글라이콜, 프로판다이올, 부틸렌글라이콜다이카프릴레이트/다이카프레이트, 세테아릴올리베이트, 솔비탄올리베이트, 암모늄아크릴로일다이메틸타우레이트/브이피코폴리머, 잔탄검, 인삼수, 아크릴레이트/C10-30알킬아크릴레이트크로스폴리머, 트로메타민, 잇꽃씨오일, 하이드로제네이티드코코넛오일, 글리세릴아크릴레이트/아크릴릭애씨드코폴리머, 쌀겨수, 에틸헥실글리세린, 아데노신, 카프릴릭/카프릭트라이글리세라이드, 다이소듐이디티에이, 하이알루로닉애씨드, 하이드롤라이즈드하이알루로닉애씨드, 소듐하이알루로네이트, 꿀추출물, 세라마이드엔피, 하이드로제네이티드레시틴, 황련뿌리추출물, 무씨추출물, 카카오씨추출물, 구기자추출물, 덱스트린, 진흙버섯추출물, 황금추출물"
"A000000249381","[리뉴얼/여배우광크림]메디큐브 PDRN 핑크 콜라겐 캡슐크림 55g","메디큐브","55.0","55.0","g(약 1ml 상당으로 근사)","33300","23800","4327.3","정제수, 글리세린, 나이아신아마이드, 메틸프로판다이올, 프로판다이올, 1,2-헥산다이올, 다이프로필렌글라이콜, 카프릴릴/카프릭트라이글리세라이드, 부틸렌글라이콜, 글리세레스-26, 알지닌, 카보머, 세테아릴알코올, 세테아릴올리베이트, 에틸헥실팔미테이트, 솔비탄올리베이트, 스쿠알란, 암모늄아크릴로일다이메틸타우레이트/브이피코폴리머, 시메티콘, 에틸헥실글리세린, 지치뿌리추출물, 아데노신, 해바라기씨오일, 폴리아크릴레이트-13, 소듐디엔에이(200ppm), 다이소듐이디티에이, 폴리아이소부텐, 글리세릴스테아레이트, 하이드롤라이즈드스클레로튬검, 서양배추출물, 알간나무커넬오일, 다마스크장미꽃수, 오리스뿌리추출물, 폴리솔베이트20, 멜론추출물, 솔비탄아이소스테아레이트, 서양송악잎/줄기추출물, 글루타티온, 소듐하이알루로네이트, 옥틸도데칸올, 연어알추출물, 하이드록시프로필트라이모늄하이알루로네이트, 토코페롤, 하이드로제네이티드레시틴, 세라마이드엔피, 사이아노코발아민, 티옥틱애씨드, 소듐아세틸레이티드하이알루로네이트, 하이드롤라이즈드콜라겐추출물(0.1ppm), 하이드롤라이즈드하이알루로닉애씨드, 아세틸헥사펩타이드-8, 카퍼트라이펩타이드-1, 카프릴릴글라이콜, 하이알루로닉애씨드, 팔미토일펜타펩타이드-4, 팔미토일헥사펩타이드-12, 소듐하이알루로네이트크로스폴리머, 하이드롤라이즈드소듐하이알루로네이트, 포타슘하이알루로네이트"
"A000000230273","피지오겔 아쿠아 포맨 쿨링 젤 크림 80ml 2종 택1(단품/기획)","피지오겔","80.0","80.0","ml","34900","22900","2862.5","정제수, 부틸렌글라이콜, 카프릴릭/카프릭트라이글리세라이드, 1,2-헥산다이올, 베타인, 베헤닐알코올, 판테놀, 녹차수, 글리세릴폴리메타크릴레이트, 트라이에틸헥사노인, 카보머, 다이메티콘, 다이실록세인, 자일리톨, 트로메타민, 글리세린, 프로필렌글라이콜, 스테아릴다이메티콘, 락토바실러스/콩발효추출물, C30-45알킬다이메티콘, 토코페릴아세테이트, 효모/감자추출물발효여과물, 효모/보리씨발효여과물, 나이아신아마이드, 트라이소듐이디티에이, 말라카이트추출물, 카페인, 메틸다이아이소프로필프로피온아마이드, 베타-글루칸, 소듐하이알루로네이트, 토탄추출물, 양버들껍질/싹/잎/잔가지추출물, 프렌치로즈꽃추출물, 흰서양송로추출물, 에리스리톨, 에스신, 비터오렌지꽃오일"
"A000000237954","퓨리토 서울 마이티 밤부 판테놀 크림 100ml","퓨리토 서울","100.0","100.0","ml","28000","22400","2240.0","정제수, 판테놀 (10%), 스쿠알란, 부틸렌글라이콜, 1,2-헥산다이올, 나이아신아마이드, 밤부사 불가리스추출물 (3,497 ppm), 하이드롤라이즈드호호바에스터, 아크릴레이트/C10-30알킬아크릴레이트크로스폴리머, 암모늄아크릴로일다이메틸타우레이트/브이피코폴리머, 하이드록시아세토페논, 트로메타민, 다이포타슘글리시리제이트, 에틸헥실글리세린, 잔탄검, 다이소듐이디티에이, 소듐하이알루로네이트, 마데카소사이드, 아시아티코사이드, 아시아틱애씨드, 마데카식애씨드, 카퍼트라이펩타이드-1"
"A000000163689","[트러블케어/스팟진정] 비플레인 시카테롤 스팟 트리트먼트 15ml","비플레인","15.0","15.0","ml","","22000","14666.7","병풀추출물, 트라이에틸헥사노인, 글리세린, 라우릴폴리글리세릴-3폴리다이메틸실록시에틸다이메티콘, 보론나이트라이드, C12-15알킬벤조에이트, 펜틸렌글라이콜, 폴리메틸실세스퀴옥세인, 다이프로필렌글라이콜, 메틸프로판다이올, 아이소도데케인, 칸디다 봄비콜라/글루코오스/메틸레이프씨데이트발효물, 인도멀구슬나무꽃추출물, 포도씨오일, 홀리바질잎추출물, 인도멀구슬나무잎추출물, 병풀잎추출물, 울금뿌리추출물, 참산호말추출물, 해바라기씨오일, 다이스테아다이모늄헥토라이트, 판테놀, 1,2-헥산다이올, 아크릴레이트/폴리트라이메틸실록시메타크릴레이트코폴리머, 정제수, 마그네슘설페이트, 카프릴로일살리실릭애씨드, 다이카프릴릴카보네이트, 알란토인, 다이포타슘글리시리제이트, 하이드록시아세토페논, 마데카식애씨드, 카프릴릭/카프릭트라이글리세라이드, 하이드로제네이티드레시틴, 아시아티코사이드, 아시아틱애씨드, 베타-시토스테롤, 마데카소사이드, 토타롤, 세라마이드엔피, 토코페롤, 카라멜"
"A000000205885","[수분톤업/화잘먹 톤프렙] 나인위시스 비건 화이트 톤업 크림 50ml 기획 (+20ml 증정)","나인위시스","50.0","70.0","ml","","22000","3142.9","해수,정제수,사이클로펜타실록세인,에칠헥실 메톡시신나메이트,사이클로헥사실록세인,페닐 트라이메티콘,부틸렌글라이콜,카프릴릭/카프 릭트라이글리세라이드,프로필렌글라이콜다이 카프릴레이트,세틸피이지/피피지-10/1다이메 티콘,티타늄디옥사이드,나이아신아마이드,피 이지-10다이메티콘,글리세린,폴리글리세릴-4 아이소스테아레이트,소듐클로라이드,1,2-헥산 다이올,카프릴릴글라이콜,금송뿌리추출물,호 호바씨오일,스페인감초뿌리추출물,펜틸렌글라 이콜,검은깨추출물,고삼뿌리추출물,라케모사 승마뿌리추출물,뽕나무껍질추출물,작약뿌리추 출물,진흙버섯추출물,참당귀뿌리추출물,하수 오뿌리추출물,황금추출물,루이보스추출물,소 듐하이알루로네이트,알란토인,에틸헥실글리세 린,아데노신,다이포타슘글리시리제이트,하이 알루로닉애씨드,하이드롤라이즈드소듐하이알 루로네이트,하이드롤라이즈드하이알루로닉애 씨드,하이드롤라이즈드글라이코사미노글리칸, 다이메틸실란올하이알루로네이트,소듐아세틸 레이티드하이알루로네이트,소듐하이알루로네 이트크로스폴리머,하이드록시프로필트라이모 늄하이알루로네이트,모하비유카뿌리추출물,몰 약수지추출물,소엽잎추출물"
"A000000210054","아누아 복숭아 나이아신아마이드 인리치드 크림 50mL","아누아","50.0","50.0","ml","35000","21500","4300.0","복숭아수(77%), 글리세린, 메틸프로판다이올, 나이아신아마이드(2%), 1,2-헥산다이올, 아이소도데케인, 락토바실러스발효물, 프로판다이올, 판테놀, 폴리글리세릴-3메틸글루코오스다이스테아레이트, 폴리메틸실세스퀴옥세인, 하이드로제네이티드폴리데센, 황련뿌리추출물, 복숭아추출물(40ppm),복사나무꽃추출물(10ppm), 소듐하이알루로네이트, 수용성콜라겐, 호호바에스터, 비닐다이메티콘, 암모늄아크릴로일다이메틸타우레이트/브이피코폴리머, 정제수, 다이메티콘올, 아크릴레이트/C10-30알킬아크릴레이트크로스폴리머, 하이드록시아세토페논, 트로메타민, 에틸헥실글리세린, 부틸렌글라이콜, 아데노신, 다이소듐이디티에이, 사이아노코발아민, 효모발효여과물, 토코페롤, 세라마이드엔피, 펙틴, 말토덱스트린, 하이드롤라이즈드식물성단백질, 갈락토미세스발효여과물, 비피다발효용해물, 향료"
"A000000259039","[UPGRADE] 이니스프리 레티놀 시카 모공 흔적 크림 50ml 기획(+30ml)","이니스프리","50.0","80.0","ml","33000","21400","2675.0","병풀잎수(66.85%), 부틸렌글라이콜, 글리세린, 카프릴릭/카프릭트라이글리세라이드, 나이아신아마이드, 다이카프릴릴에터, 1,2-헥산다이올, 메틸트라이메티콘, 판테놀, 다이에톡시에틸석시네이트,다이페닐다이메티콘, 정제수, 글리세릴폴리메타크릴레이트, 세테아릴올리베이트, 하이드록시에틸아크 릴레이트/소듐아크릴로일다이메틸타우레이트코폴리머, 폴리메틸실세스퀴옥세인, 하이드로제네이티드 레시틴,솔비탄올리베이트, 아크릴레이트/C10-30알킬아크릴레이트크로스폴리머, 알란토인, 트로메타 민, 에틸헥실글리세린, 세테아릴알코올, 돌콩오일, 토코페롤, 글리세릴카프릴레이트, 토코페릴아세테이 트, 다이포타슘글리시리제이트,피토스테롤, 해바라기씨오일, 다이메틸아이소소바이드, 아데노신, 솔비 탄아이소스테아레이트, 세테아릴글루코사이드, 폴리글리세릴-6카프릴레이트, 당근추출물, 소듐메타포 스페이트, 레티놀(500IU/g), 하이알루로닉애씨드, 세라마이드엔피,엑토인, 하이드록시피나콜론레티노 에이트, 레틴알, 폴리글리세릴-10라우레이트, 풀루란, 소듐하이알루로네이트, 베타-카로틴, 프로판다이 올, 병풀추출물(1ppm),글라이코프로테인, 프로필렌글라이콜, 제인, 글리세릴올리에이트, 레시틴, 라우 릴글루코사이드,하이드롤라이즈드하이알루로닉애씨드, 폴리글리세릴-6라우레이트, 미리스틸글루코 사이드, 펙틴, 소듐하이알루로네이트크로스폴리머, 소듐트라이메타포스페이트, 잔탄검, 소듐아세틸레 이티드하이알루로네이트*3X RETINOL COMPLEX 0.5%: 레티놀 500IU/g, 레틴알 0.005%, 하이드록시피나콜론레티노에이트 0.005%"
"A000000214315","[보습크림]닥터자르트 세라마이딘 스킨 베리어 모이스처라이징 아이크림 15ml","닥터자르트","15.0","15.0","ml","45000","21370","14246.7","정제수, 부틸렌글라이콜, 카프릴릭/카프릭트라이글리세라이드, 글리세린, 시어버터, 프로판다이올, 펜틸렌글라이콜, 베헤닐알코올, 피마자씨오일, 카프릴릭/카프릭/미리스틱/스테아릭트라이글리세라이드, 세테아릴알코올, 판테놀, 비닐다이메티콘, 카카오추출물, 카카오씨추출물, 세테아릴올리베이트, 세라마이드엔피, 글리세릴카프릴레이트, 다이포타슘글리시리제이트, 아데노신, 하이드록시에틸아크릴레이트/소듐아크릴로일다이메틸타우 레이트코폴리머, C14-22알코올, C12-16알코올, 1,2-헥산다이올, 솔비탄올리베이트, 팔미틱애씨드, 하이드로제네이티드레시틴, 아크릴레이트/C10-30알킬아크릴레이트크로스폴리머, C12-20알킬글루코사이드, 트로메타민, 잔탄검, 합성비즈왁스, 솔비탄아이소스테아레이트, 덱스트린, 향료, 소듐파이테이트, 황색4호"
"A000000200666","[단독기획] 토리든 셀메이징 저분자 콜라겐 탄력 크림 60ml 기획 (+20ml)","토리든","60.0","80.0","ml","30000","21000","2625.0","정제수, 부틸렌글라이콜, 글리세린, 카프릴릭/카프릭트라이글리세라이드, 나이아신아마이드, 1,2-헥산다이올, 세테아릴올리베이트, 세틸에틸헥사노에이트, 콜라겐추출물, 수용성콜라겐, 콜라겐아미노산, 콜라겐, 하이드롤라이즈드콜라겐, 헥사펩타이드-2, 판테놀, 알란토인, 하이드롤라이즈드하이알루로닉애씨드, 소듐하이알루로네이트, 하이드록시에틸아크릴레이트/소듐아크릴로일다이메틸타우레이트코폴리머, 소듐하이알루로네이트크로스폴리머, 포타슘하이알루로네이트, 하이드록시프로필트라이모늄하이알루로네이트, 하이알루로닉애씨드, 소듐아세틸레이티드하이알루로네이트, 헵틸운데실레네이트, 글리세릴스테아레이트, C10-18트라이글리세라이즈, 아크릴레이트/C10-30알킬아크릴레이트크로스폴리머, 발린, 트레오닌, 프롤린, 아이소류신, 히스티딘, 메티오닌, 시스테인, 바이오틴, 펜틸렌글라이콜, 글라이신, 세린, 글루타믹애씨드, 아스파틱애씨드, 류신, 알라닌, 라이신, 알지닌, 타이로신, 페닐알라닌, 아데노신, 솔비탄올리베이트, 솔비탄아이소스테아레이트, 세테아릴알코올, 비닐다이메티콘, 트로메타민, 글리세릴아크릴레이트/아크릴릭애씨드코폴리머, 피브이엠/엠에이코폴리머, 잔탄검, 다이소듐이디티에이, 에틸헥실글리세린,"
"A000000257828","아비브 히알루로닉 붐 크림 워터튜브 75ml","아비브","75.0","75.0","ml","35000","21000","2800.0","정제수, 글리세린, 메틸프로판다이올, 부틸렌글라이콜, 1,2-헥산다이올, 펜틸렌글라이콜, 다이글리세린, 글리세릴글루코사이드, 트레할로오스, 에틸헥실아이소노나노에이트, 카보머, 알지닌, 옥수수전분, 암모늄아크릴로일다이메틸타우레이트/브이피코폴리머, 소듐하이알루로네이트(1,145 ppm), 하이드록시에틸아크릴레이트/소듐아크릴로일다이메틸타우레이트코폴리머, 세라마이드엔피, 에리스리톨, 스테아릭애씨드, 에틸헥실글리세린, 잔탄검, 셀룰로오스, 하이드로제네이티드레시틴, 글루코오스, 소듐파이테이트, 피브이엠/엠에이코폴리머, 알란토인, 덱스트린, 하이알루로닉애씨드/폴리아이소프로필아크릴아마이드코폴리머(20 ppm), 치자추출물, 아세틸글루코사민, 엑토인, 판테놀, 자일로글루칸, 토코페롤, 수용성콜라겐"
"A000000150094","마녀공장 비피다 바이옴 아쿠아 배리어 크림 80ml 증정기획 (+20mlx2ea)","마녀공장","80.0","100.0","ml","24500","20800","2080.0","정제수, 병풀잎수, 프로판다이올, 글리세린, 부틸렌글라이콜, 나이아신아마이드, 아이소노닐아이소노나노에이트, 1,2-헥산다이올, 하이드로제네이티드폴리데센, 펜틸렌글라이콜, 비피다발효용해물(13,413ppm), 다이메티콘, 펜타에리스리틸테트라에틸헥사노에이트, 암모늄아크릴로일다이메틸타우레이트/브이피코폴리머, 클로렐라 불가리스추출물, 글루코오스, 폴리글리세릴-3메틸글루코오스다이스테아레이트, 스쿠알란, 아크릴레이트/C10-30알킬아크릴레이트크로스폴리머, 프룩토올리고사카라이드, 프룩토오스, 트로메타민, 판테놀, 에틸헥실글리세린, 아데노신, 글리세릴아크릴레이트/아크릴릭애씨드코폴리머, 덱스트린, 카카오추출물, 소듐파이테이트, 카프릴하이드록사믹애씨드, 락토바실러스/호박열매발효여과물, 하이드로제네이티드레시틴, 백미꽃추출물, 비피다발효여과물(24ppm), 락토바실러스발효용해물, 락토코쿠스발효용해물, 효모발효여과물, 소듐하이알루로네이트크로스폴리머, 하이드롤라이즈드글라이코사미노글리칸, 쿠티박테리움 그라눌로숨발효추출여과물(10ppm), 베타인살리실레이트, 세라마이드엔피, 다이메틸설폰, 소듐하이알루로네이트, 벤질글라이콜, 달맞이꽃꽃추출물, 대왕소나무잎추출물, 칡뿌리추출물, 당느릅나무뿌리추출물, 하이드롤라이즈드하이알루로닉애씨드, 감초뿌리추출물, 트루로즈오브예리코추출물, 아시아티코사이드, 마데카식애씨드, 아시아틱애씨드, 토코페롤, 락토바실러스발효물, 버지니아풍년화수, 하이알루로닉애씨드, 사철쑥추출물, 산구절초추출물, 향부자추출물, 익모초추출물, 작약꽃추출물, 폴리데센, 보리지추출물, 수레국화꽃추출물, 마트리카리아꽃/잎추출물, 히아신스전초추출물, 라벤더꽃수, 클레리추출물, 코튼씨추출물, 아가, 구아검, 잔탄검"
"A000000164342","비욘드 엔젤아쿠아 시카크림 더블기획(150mlX2입)(비건)","비욘드","150.0","300.0","ml","26000","20800","693.3","정제수, 다이프로필렌글라이콜, 글리세린, 메틸트라이메티콘, 코코-카프릴레이트/카프레이트, C13-15알케인, 나이아신아마이드, 트라이헵타노인, 1,2-헥산다이올, 카프릴릭/카프릭트라이글리세라이드, 펜타에리스리틸테트라에틸헥사노에이트, 프로판다이올, 판테놀, 펜타에리스리틸테트라아이소스테아레이트, 페닐트라이메티콘, 카보머, 트로메타민, 다이리놀레익애씨드/부테인다이올코폴리머, 폴리메틸실세스퀴옥세인, 하이드록시에틸아크릴레이트/소듐아크릴로일다이메틸타우레이트코폴리머, C9-12알케인, 아크릴레이트/C10-30알킬아크릴레이트크로스폴리머, 암모늄아크릴로일다이메틸타우레이트/브이피코폴리머, 폴리글리세릴-10스테아레이트, 폴리글리세릴-10올리에이트, 글리세릴아크릴레이트/아크릴릭애씨드코폴리머, 부틸렌글라이콜, 트라이소듐이디티에이, 캐스터오일/아이피디아이코폴리머, 솔비탄아이소스테아레이트, 하이드롤라이즈드하이알루로닉애씨드, 마데카소사이드(100 ppm), 소듐하이알루로네이트, 개똥쑥추출물, 님잎추출물, 녹차추출물, 전호추출물, 포도덩굴수액, 가시대나무수액, 자작나무수액, 하늘타리뿌리추출물"
"A000000231800","[탱탱아이볼세럼/탄력] 엑시스와이 비건 콜라겐 아이세럼 10ml","엑시스와이","10.0","10.0","ml","26000","19710","19710.0","정제수, 메틸프로판다이올,글리세린, 1,2-헥산다이올,나이아신아마이드, 아데노신,콜라겐(450ppm), 소듐하이알루로네이트, 하이드롤라이즈드하이알루로닉애씨드,소듐아세틸레이티드하이알
루로네이트, 트라이펩타이드-1,팔미토일펜타펩타이드-4,헥사펩타이드-9, 아세틸헥사펩타이드-8, 카퍼트라이펩타이드-1, 사과추출물, 매실추출물, 포도추출물, 해바라기씨오일, 호호바씨오일, 메도우폼씨오일, 파파야열매추출물, 병풀추출물, 무화과추출물, 당느릅나무뿌리추출물, 줄맨드라미씨추출물, 세라마이드엔피, 하이드로제네이티드레시틴, 부틸렌글라이콜,하이드록시에틸아크릴레이트/소듐아크릴로일다이메틸타우레이트코폴리머, C13-14알케인, 소듐아크릴릭애씨드/엠에이코폴리머, C15-23알케인, 에틸헥실글리세린, 데실글루코사이드, 카프릴릴글라이콜, 폴리글리세릴-10스테아레이트, 토코페롤"
"A000000213615","[속광화잘먹] 샤이샤이샤이 리포좀 리페어 밀키 크림 50ml","샤이샤이샤이","50.0","50.0","ml","28000","19600","3920.0","정제수,사이클로펜타실록세인,프로필렌글라이콜다이카프릴레이트/다이카프레이트,카프릴릭/카프릭트라이글리세라이드,우레아,다이-C12-13알킬말레이트,다이아이소스테아릴말레이트,글리세린,다이프로필렌글라이콜,부틸렌글라이콜,다이메티콘,폴리글리세릴-6폴리리시놀리에이트,피이지-10다이메티콘,사이클로헥사실록세인,아데노신,아세틸헥사펩타이드-8,카퍼트라이펩타이드-1,세라마이드엔피,판테놀,포도세포추출물,트루로즈오브예리코추출물,페룰릭애씨드,녹두씨추출물,베타-글루칸,토코페롤,글리세릴글루코사이드,글루코오스,에틸헥실글리세린,소리쟁이뿌리추출물,시어버터,자작나무껍질추출물,자몽추출물,소듐클로라이드,트라이-C14-15알킬시트레이트,프로필렌카보네이트,하이드로제네이티드레시틴,레시틴,다이소듐이디티에이,1,2-헥산다이올,카프릴하이드록사믹애씨드,다이스테아다이모늄헥토라이트,향료,벤질벤조에이트,벤질살리실레이트,시트로넬올,리모넨,헥실신남알,부틸페닐메틸프로피오날,리날룰"
"A000000217355","[올영단독/장벽회복] 스킨앤랩 베리어덤 인텐시브 크림 2세대 50ml 1+1 기획","스킨앤랩","50.0","100.0","ml","23000","19550","1955.0","정제수, 글리세린, 부틸렌글라이콜, 세틸에틸헥사노에이트, 사이클로펜타실록세인, 하이드로제네이티드폴리(C6-14올레핀), 펜타에리스리틸테트라에틸헥사노에이트, 다이메티콘, 스쿠알란, 1,2-헥산다이올, 폴리글리세릴-3메틸글루코오스다이스테아레이트, 펜틸렌글라이콜, 하이드로제네이티드식물성오일, 카나우바왁스, 하이드로제네이티드올리브오일라우릴에스터, 라벤더오일, 로즈마리잎오일, 소듐하이알루로네이트, 글리세릴스테아레이트, 덱스판테놀, 폴리메틸실세스퀴옥세인, 하이드록시에틸아크릴레이트/소듐아크릴로일다이메틸타우레이트코폴리머, 만니톨, 글리세릴아라키도네이트, 글리세릴리놀리에이트, 글리세릴리놀리네이트, 아라키딜글루코사이드, 세테아릴글루코사이드, 에틸헥실글리세린, 다이포타슘글리시리제이트, 세린, 글라이신, 레시틴, 소듐파이테이트, 알지닌, 히스티딘, 하이드로제네이티드레시틴, 카프릴릴글라이콜, 글루코오스, 베타-글루칸, 카프릴릭/카프릭트라이글리세라이드, 소듐폴리아크릴레이트, 아이소트라이데실아이소노나노에이트, 세라마이드엔피, 다이프로필렌글라이콜, 토코페롤, 트라이데세스-6, 카프릴릴/카프릴글루코사이드, 스테아릴알코올, 아라키딜알코올, 세틸알코올, 세테아릴알코올, 베헤닐알코올, 잔탄검, 미리스틸알코올, 라우릴알코올"
"A000000210196","[색소침착/미백] 마일드랩 딥 멜라케어 스팟 트리트먼트 오인트겔 20ml","마일드랩","20.0","20.0","ml","26000","19500","9750.0","정제수, 부틸렌글라이콜, 다이프로필렌글라이콜, 나이아신아마이드(50,000ppm), 트라넥사믹애씨드(40,000ppm), 1,2-헥산다이올, 베타인, 덱스판테놀, 알란토인, 알파-알부틴(5,000ppm), 소듐헤파린, 소듐하이알루로네이트, 티트리추출물, 암모늄아크릴로일다이메틸타우레이트/브이피코폴리머, 카프릴릭/카프릭트라이글리세라이드, 하이드록시에틸아크릴레이트/소듐아크릴로일다이메틸타우레이트코폴리머, 폴리글리세릴-10라우레이트, 솔비탄아이소스테아레이트, 프로판다이올, 실리카, 마그네슘설페이트, 에틸헥실글리세린, 다이소듐이디티에이"
"A000000213409","[색소침착 진정크림] 덱스판테놀17만ppm 장벽크림","반코르","","","","22500","19130","","정제수, 덱스판테놀(170,000ppm), 글리세린, 해바라기씨오일, 세테아릴올리베이트, 세테아릴알코올, 솔비탄올리베이트, 판토락톤, 토코페롤, 식물성오일, 알란토인, 글리세릴스테아레이트, 아데노신, 바닐라열매오일, 라반딘오일, 고수열매오일, 필리핀오렌지껍질오일, 소두구씨오일, 광곽향오일, 트로메타민, 트라이에틸시트레이트, 다이포타슘글리시리제이트, 아크릴레이트/C10-30알킬아크릴레이트크로스폴리머, 하이드록시아세토페논, 비닐다이메티콘, 1,2-헥산다이올"
"A000000149717","바이오더마 세비엄 센서티브 30ml","바이오더마","30.0","30.0","ml","25000","18750","6250.0","정제수, 글리세린, 메틸메타크릴레이트크로스폴리머, 다이프로필렌글라이콜, 징크글루코네이트, 코코-카프릴레이트/카프레이트, 비닐다이메티콘/메티콘실세스퀴옥세인크로스폴리머, 카프릴릭/카프릭트라이글리세라이드, 아라키딜알코올, 베헤닐알코올, 폴리아크릴레이트크로스폴리머-6, 소듐폴리아크릴레이트, 글리시레티닉애씨드, 프로필렌글라이콜, 아라키딜글루코사이드, 바쿠치올, 라미나리아 오크롤레우카추출물, 만니톨, 자일리톨, 소듐메타바이설파이트, 람노오스, 은행나무잎추출물, 토코페롤, 프룩토올리고사카라이드, 향료"
"A000000248422","[박희선Pick] 아누아 어성초 77 B3 징크 수딩 크림 80ml","아누아","80.0","80.0","ml","30000","18500","2312.5","약모밀꽃/잎/줄기수(77%), 나이아신아마이드(1,000 ppm), 1,2-헥산다이올, 판테놀, 글리세린, 다이프로필렌글라이콜, 부틸렌글라이콜, 소듐시트레이트, 징크피씨에이(10 ppm), 프로판다이올, 트레할로오스, 정제수, 베타인, 잔탄검, 스핑고모나스발효추출물, 에틸헥실글리세린, 시트릭애씨드, 하이드록시프로필사이클로덱스트린, 아데노신, 다이소듐이디티에이, 다이포타슘글리시리제이트, 글리세릴아크릴레이트/아크릴릭애씨드코폴리머, 글루코노락톤, 도코사헥사에노익애씨드, 토코페롤, 알란토인, 피리독신에이치씨엘, 카프릴로일살리실릭애씨드, 약모밀소포, 아이소쿼시트린, 쿼세틴"
"A000000191912","[토탈주름케어] 아비브 콜라겐 아이크림 부활초 튜브 30ml","아비브","30.0","30.0","ml","26000","18200","6066.7","정제수, 글리세린, 나이아신아마이드, 옥틸도데칸올, 카프릴릴메티콘, 카프릴릭/카프릭트라이글리세라이드, 펜타에리스리틸테트라에틸헥사노에이트, 펜틸렌글라이콜, 폴리글리세릴-3메틸글루코오스다이스테아레이트, 베헤닐알코올, 메틸프로판다이올, 폴리메틸실세스퀴옥세인, 1,2-헥산다이올, 판테놀, 퀸즈랜드넛오일, 세테아릴올리베이트, 하이드록시에틸아크릴레이트/소듐아크릴로일다이메틸타우레이트코폴리머, 솔비탄올리베이트, 글리세릴스테아레이트, 망고씨버터, 폴리글리세릴-3다이스테아레이트, 세테아릴알코올, 암모늄아크릴로일다이메틸타우레이트/브이피코폴리머, 비스-다이글리세릴폴리아실아디페이트-2, 스테아릴알코올, 카프릴릴글라이콜, 세테아릴글루코사이드, 스쿠알란, 에틸헥실글리세린, 다이포타슘글리시리제이트, 잔탄검, 솔비탄아이소스테아레이트, 트루로즈오브예리코추출물(408 ppm), 아데노신, 알란토인, 글리세릴스테아레이트시트레이트, 트라이소듐에틸렌다이아민다이석시네이트, 하이드로제네이티드레시틴, 락토바실러스발효물, 비타민나무오일, 세라마이드엔피, 토코페롤, 콜라겐추출물(0.1 ppm), 소듐하이알루로네이트, 바쿠치올, 카페인, 트레할로오스, 다이프로필렌글라이콜, 마카다미아씨오일, 부틸렌글라이콜, 폴리글리세릴-10라우레이트, 포스파티딜콜린, 아시아티코사이드, 피토스핑고신, 아시아틱애씨드, 글라이코리피드, 마데카식애씨드, 팔미토일트라이펩타이드-5, 솔비톨, 비피다발효여과물"
"A000000188751","[김재원 PICK] 몰바니 아티초크 카밍 케어 수딩 크림 100ml","몰바니","100.0","100.0","ml","27000","17900","1790.0","정제수, 글리세린, 2,3-부탄다이올, 1,2-헥산다이올, 나이아신아마이드, C13-15알케인, 카프릴릭/카프릭트라이글리세라이드, 아티초크잎추출물, 인도멀구슬나무잎추출물, 인도멀구슬나무꽃추출물, 아이비고드열매추출물, 복령균핵추출물, 가지열매추출물, 울금뿌리추출물, 홀리바질잎추출물, 밤부사 불가리스싹추출물, 밤부사불가리스잎/줄기추출물, 참산호말추출물, 다시마추출물, 밤부사 불가리스수, 수용성콜라겐, 베타-글루칸, 소듐아크릴레이트코폴리머, 베타인, 암모늄아크릴로일다이메틸타우레이트/브이피코폴리머, 폴리 글리세릴-2스테아레이트, 글리세릴스테아레이트, 스테아릴알코올, 판테놀, 아크릴레이트 /C10-30알킬아크릴레이트크로스폴리머, 알지닌, 레시틴, 잔탄검, 알란토인, 다이포타슘글리시리제이트, 시트릭애씨드, 토코페롤, 아데노신, 구아검, 부틸렌글라이콜, 아가, 소듐시트레이트, 스쿠알란, 엑토인, 호박가루, 드럼스틱씨오일, 향료, 에틸헥실글리세린, 펜틸렌글라이콜, 카프릴릴글라이콜"
"A000000242946","[패드증정/모공탄력크림] 메디힐 PDRN 더마 크림 50ml 기획 (+PDRN 패드 10매)","메디힐","50.0","50.0","ml","23000","17900","3580.0","정제수, 스쿠알란, 부틸렌글라이콜, 글리세린, 카프릴릭/카프릭트라이글리세라이드, 부틸렌글라이콜다이카프릴레이트/다이카프레이트, 프로판다이올, 나이아신아마이드, 1,2-헥산다이올, 펜타에리스리틸스테아레이트/카프레이트/카프릴레이트/아디페이트, 펜틸렌글라이콜, 판테놀, 암모늄아크릴로일다이메틸타우레이트/브이피코폴리머, C12-16알코올, 세테아릴알코올, 폴리글리세릴-3다이스테아레이트, C14-22알코올, 팔미틱애씨드, 아크릴레이트/C10-30알킬아크릴레이트크로스폴리머, 하이드로제네이티드레시틴, 글리세릴스테아레이트, 아미노메틸프로판다이올, 카나우바왁스, 해바라기씨오일, 피토스테롤, C12-20알킬글루코사이드, 하이드로제네이티드폴리아이소부텐, 소듐스테아로일글루타메이트, 테레프탈릴리덴디캠퍼설포닉애씨드, 아라키딜알코올, 에틸헥실글리세린, 다이포타슘글리시리제이트, 폴리쿼터늄-51, 아데노신, 편백오일, 스테아릭애씨드, 베헤닐알코올, 트로메타민, 글리세릴스테아레이트시트레이트, 아라키딜글루코사이드, 소듐파이테이트, 덱스트린, 장미꽃오일, 하이알루로닉애씨드, 치자추출물, 포타슘세틸포스페이트, 세라마이드엔피, 카프릴릴글라이콜, 사이아노코발아민, 돌콩추출물, 다마스크장미꽃수, 다마스크장미꽃오일, 소듐디엔에이(1 ppm), 장미추출물, 하이드롤라이즈드식물성단백질, 토코페롤, 카프릴릴/카프릴글루코사이드"
"A000000212724","[흔적수분크림] 듀이트리 AC 딥 흔적 진정 크림 60ml","듀이트리","60.0","60.0","ml","28000","17010","2835.0","정제수, 부틸렌글라이콜, 다이프로필렌글라이콜, 나이아신아마이드, 1,2-헥산다이올, 다이카프릴릴에터, 폴리글리세릴-3메틸글루코오스다이스테아레이트, 암모늄아크릴로일다이메틸타우레이트/브이피코폴리머, 카보머, 판테놀, 알지닌, 베타인, 트레할로오스, 에틸헥실글리세린, 잔탄검, 카프릴릭/카프릭트라이글리세라이드, 병풀추출물, 아데노신, 다이소듐이디티에이, 글리세린, 인도멀구슬나무잎추출물, 폴리쿼터늄-51, 인도멀구슬나무꽃추출물, 알로에베라잎추출물, 참마뿌리추출물, 다시마추출물, 당느릅나무뿌리추출물, 제비꽃꽃추출물, 페퍼민트오일, 3-O-에틸아스코빅애씨드, 아스코빅애씨드, 하이드로제네이티드레시틴, 멘틸락테이트, 자작나무수액, 에틸멘탄카복사마이드, 아이비고드열매추출물, 메틸다이아이소프로필프로피온아마이드, 시어버터, 백미꽃추출물, 올리브오일, 호박가루, 황련뿌리추출물, 가지열매추출물, 울금뿌리추출물, 홀리바질잎추출물, 참산호말추출물, 드럼스틱씨오일, 칸디다 봄비콜라/글루코오스/메틸레이프씨데이트발효물, 세라마이드엔피, 라임추출물, 글라이코리피드, 페퍼민트추출물, 소듐하이알루로네이트, 폴리글리세릴-3다이스테아레이트, 글루타티온, 글리세릴스테아레이트시트레이트, 하이드롤라이즈드하이알루로닉애씨드, 하이드롤라이즈드소듐하이알루로네이트, 티트리잎추출물, 하이드록시프로필트라이모늄하이알루로네이트, 소듐아세틸레이티드하이알루로네이트, 소듐하이알루로네이트크로스폴리머, 하이알루로닉애씨드, 펜틸렌글라이콜, 아시아틱애씨드, 아시아티코사이드, 마데카식애씨드, 마데카소사이드, 포타슘하이알루로네이트"
"A000000242718","[장벽+보습] 차앤박 더마앤서 배리어 리셋 크림 80ml 기획 (+31ml)","차앤박","80.0","111.0","ml","33500","17010","1532.4","정제수, 글리세린, 다이프로필렌글라이콜, 카프릴릭/카프릭트라이글리세라이드, 하이드로제네이티드폴리아이소부텐, 다이카프릴릴에터, 글리세릴스테아레이트에스이, 1,2-헥산다이올, 다이메티콘, 세테아릴올리베이트, 판테놀, 다이페닐다이메티콘, 하이드롤라이즈드식물성단백질, 올리브오일, 알지닌, 글루타믹애씨드, 세라마이드엔피, 부틸렌글라이콜, 트레할로오스, 트로메타민, 트록세루틴, 피토스테롤, 팔미틱애씨드, 콜레스테롤, 세라마이드에이피, 세라마이드엔지, 세라마이드엔에스, 피토스핑고신, 세라마이드에이에스, 세라마이드이오피, 소듐하이알루로네이트, 알지닌/라이신폴리펩타이드, 프로폴리스추출물, 알란토인, 폴리글리세릴-3메틸글루코오스다이스테아레이트, 솔비탄올리베이트, 하이드로제네이티드레시틴, C14-22알코올, 폴리아크릴레이트크로스폴리머-6, 아크릴레이트/C10-30알킬아크릴레이트크로스폴리머, 다이포타슘글리시리제이트, C12-20알킬글루코사이드, 토코페롤, 돌콩오일, 석시닉애씨드, 세테아릴알코올, 스테아릭애씨드, 2,3-부탄다이올, 글리세릴스테아레이트, 클레리오일, 멕시칸주니퍼오일, 에틸헥실글리세린, 트라이소듐이디티에이, 로즈마리잎오일, 잔탄검, 피이지-크로스폴리머, 소르빅애씨드"
"A000000249660","[흉터케어] 동국제약 마데카셀 스카 겔 15g","동국제약","15.0","15.0","g(약 1ml 상당으로 근사)","23000","16950","11300.0",""
"A000000121934","[응급진정/스팟케어]로벡틴 시카케어 스팟 밤 40ml","로벡틴","40.0","40.0","ml","26000","16900","4225.0","정제수, 카프릴릭/카프릭트라이글리세라이드, 프로판다이올, 글리세린, 솔비탄스테아레이트, 스테아릴알코올, 세틸알 코올, 1,2-헥산다이올, 트레할로오스, 비닐다이메티콘, 글리세릴스테아레이트, 병풀추출물, 하이드로제네이티드레시틴, 알지닌, 마데카소사이드, 칼라민, 하이드록시에틸아크릴레이트/소듐아크릴로일다이메틸타우레이트코폴리머, 솔비틸라우레이트, 피토스테릴/ 옥틸도데실라우로일글루타메이트, 합성비즈왁스, 베헤닐알코올, 카보머, 서양송악잎/줄기추출물, 사과추출물, 커먼자스민꽃수, 글라이콜스테아레이트에스이, 베타인, 세테아릴알코올, 스테아릭애씨드, 글리세릴아크릴레이트/아크릴릭애씨드코폴리머, 비터 아몬드커넬오일, 바닐라열매추출물, 잔탄검, 프로테아제, 다이소듐이디티에이"
"A000000222848","[단독기획/수분충전템] 파티온 포도당 하이드로 크림 60ml 기획(+10ml)","파티온","60.0","70.0","ml","21000","15900","2271.4","정제수, 부틸렌글라이콜, 글리세린, 1,2-헥산다이올, 하이드로제네이티드폴리데센, 하이드록시에틸우레아, 하이드록시에틸아크릴레이트/소듐아크릴로일다이메틸타우레이트코폴리머, 실리카, 트레할로오스, 카보머, 자일리톨, 트로메타민, 판테놀, 세테아릴알코올, 에리스리톨, C14-22알코올, 알란토인, 잔탄검, 에틸헥실글리세린, C12-20알킬글루코사이드, 솔비탄아이소스테아레이트, 소듐파이테이트, 글리세릴아크릴레이트/아크릴릭애씨드코폴리머, 소듐하이알루로네이트, 피브이엠/엠에이코폴리머, 하이드록시프로필트라이모늄하이알루로네이트, 글리세릴글루코사이드, 글루코오스(4,010 ppb), 프로판다이올, 토코페롤, 벤질글라이콜, 하이드롤라이즈드글라이코사미노글리칸, 소듐하이알루로네이트크로스폴리머, 세린, 알라닌, 시스테인, 글루타믹애씨드, 류신, 아스파틱애씨드, 트레오닌, 글라이신, 글루타민, 알지닌, 트립토판, 발린, 라이신, 마그네슘피씨에이, 하이드롤라이즈드하이알루로닉애씨드, 메티오닌, 소듐락테이트, 프롤린, 히스티딘, 카퍼트라이펩타이드-1, 아이소류신, 페닐알라닌, 아스파라진, 타이로신, 수크로오스, 우레아, 칼슘클로라이드, 포타슘하이드록사이드, 오르니틴, 씨솔트, 하이알루로닉애씨드, 마그네슘클로라이드, 소듐아세틸레이티드하이알루로네이트, 다이포타슘포스페이트, 마그네슘시트레이트, 글루코사민에이치씨엘, 1-메틸하이단토인-2-이미드, 시트룰린, 우릭애씨드, 타우린, 포믹애씨드, 암모니아"
"A000000238408","[수부지 올인원 크림] 믹순 히알레배 포어 블러링 크림 50ml","믹순","50.0","50.0","ml","","14900","2980.0","정제수, 부틸렌글라이콜, 글리세린, 하이드로제네이티드폴리데센, 1,2-헥산다이올, 나이아신아마이드, 스쿠알란, 세테아릴올리베이트, 솔비탄올리베이트, 카프릴릭/카프릭트라이글리세라이드, 프로판다이올, 알지닌, 아크릴레이트/C10-30알킬아크릴레이트크로스폴리머, 암모늄아크릴로일다이메틸타우레이트/브이피코폴리머, 트레할로오스, 폴리글루타믹애씨드, 에틸헥실글리세린, 알란토인, 토코페롤, 아데노신, 다이포타슘글리시리제이트, 소듐파이테이트, 덱스트린, 마트리카리아꽃추출물, 치자추출물, 병풀캘러스세포외소포, 로즈힙열매추출물, 마조람잎추출물, 타임잎추출물, 페퍼민트잎추출물, 소듐하이알루로네이트(1,000ppb), 메틸프로판다이올, 폴리글리세릴-4카프레이트, 글라이신, 글루코노락톤, 카프릴로일살리실릭애씨드, 트로메타민, 글루타믹애씨드, 벤질글라이콜, 세틸에틸헥사노에이트, 소듐하이알루로네이트크로스폴리머(1ppb)"
"A000000150818","[수부지산뜻진정] 아크네스 모이스처 크림 60ml","아크네스","60.0","60.0","ml","19000","11400","1900.0","정제수*@글리세린*@프로판다이올@부틸렌글라이콜*@하이드로제네이티드폴리(C6-14올레핀)@메틸트라이메티콘@1,2-헥산다이올*@글리세레스-26@카프릴릭/카프릭트라이글리세라이드@트라이옥틸도데실시트레이트@비닐다이메티콘/메티콘실세스퀴옥세인크로스폴리머@폴리글리세릴-2스테아레이트@C14-22알코올@다마스크장미꽃수@폴리메틸실세스퀴옥세인@글리세릴스테아레이트@스테아릴알코올@아크릴레이트/C10-30알킬아크릴레이트크로스폴리머@암모늄아크릴로일다이메틸타우레이트/브이피코폴리머@트로메타민@소듐폴리아크릴레이트스타치@C12-20알킬글루코사이드@올리브오일@하이드로제네이티드레시틴*@스쿠알란*@카바카바뿌리추출물@레시틴@시어버터@다이소듐이디티에이*@약모밀추출물@판테놀@잔탄검@펜틸렌글라이콜@티트리잎추출물@퀸즈랜드넛오일*@콜레스테롤*@병풀추출물@유채스테롤*@알루미늄수크로오스옥타설페이트*@피토스테릴/베헤닐/옥틸도데실라우로일글루타메이트*@폴리글리세릴-10올리에이트*@소듐서팩틴*@글루코오스@세라마이드엔피@셀룰로오스*@아세틸피토스핑고신@소듐하이알루로네이트크로스폴리머@하이드롤라이즈드글라이코사미노글리칸@소듐하이알루로네이트@소듐하이드록사이드@토코페롤@피토스핑고신@벤질글라이콜@하이드롤라이즈드하이알루로닉애씨드@징크옥사이드*@에틸헥실글리세린@하이알루로닉애씨드@라즈베리케톤"
"A000000235581","[NEW] 더 에센셜 바이 아리얼 히알루로닉 13 크림 100ml","아리얼","100.0","100.0","ml","7500","5900","590.0","정제수, 글리세린, 1,2-헥산다이올, 하이드로제네이티트다이데센, 카프릴릭/카프릭트라이글리세라이드, 세테아릴알코올, 카보머, 알지닌, C14-22알코올, 판테놀, 하이드록시에틸아크릴레이트/소듐아크릴로일다이메틸타우레이트코폴리머, 잔탄검, C12-20알킬글루코사이드, 에틸헥실글리세린, 글리세릴아크릴레이트/아크릴릭애씨드코폴리머, 덱스트린, 알란토인, 다이소듐이디티에이, 피브이엠/엠에이코폴리머, 솔비탄아이소스테아레이트, 소듐하이알루로네이트(50,200ppb), 치자추출물, 부틸렌글라이콜, 글루코오스, 알로에베라잎추출물, 하이드로제네이티드레시틴, 세라마이드엔피, 하이알루로닉애씨드(150ppb), 다이메틸실란올하이알루로네이트(150ppb), 하이드롤라이즈드소듐하이알루로네이트(150ppb), 하이드롤라이즈드하이알루로닉애씨드(150ppb), 포타슘하이알루로네이트(100ppb), 소듐하이알루로네이트크로스폴리머(8ppb), 하이드록시프로필트라이모늄하이알루로네이트 (8ppb), 글라이코스핑고리피드, 소듐하이알루로네이트다이메틸실란올(5ppb), 소듐아세틸레이티드하이알루로네이트(4ppb)"
"A000000002848","[SNS 대란템]바이오더마 세비엄 포어 리파이너","바이오더마","","","","","30000","","정제수, 메틸메타크릴레이트크로스폴리머, 다이프로필렌글라이콜, 사이클로펜타실록세인, 사이클로헥사실록세인, 다이메티콘, 글리세린, 부틸렌글라이콜, 말굽잔나비버섯추출물, 소듐폴리아크릴레이트, 미네랄오일, 실리카, 펜틸렌글라이콜, 트라이데세스-6, C30-45알킬세테아릴다이메티콘크로스폴리머, 1,2-헥산다이올, 카프릴릴글라이콜, 라우릴피이지/피피지-18/18메티콘, 살리실릭애씨드, 다이소듐이디티에이, 자일리톨, 프로필렌글라이콜, 소듐하이드록사이드, 피이지/피피지-18/18다이메티콘, 프룩토올리고사카라이드, 만니톨, 카프릴릭/카프릭트라이글리세라이드, 은행나무잎추출물, 도데실갈레이트, 람노오스, 라미나리아 오크롤레우카추출물, 시트릭애씨드, 향료"
"A000000007088","불독 오리지널 모이스처라이저 100ml","불독","100.0","100.0","ml","32000","20900","2090.0","정제수,알로에베라잎즙,에틸헥실팔미테이트,카프릴릭/카프릭트라이글리세라이드,글리세린,솔비탄스테아레이트,소듐폴리아크릴레이트, 펜타에리스리틸다이스테아레이트,페녹시에탄올,소듐스테아로일글루타메이트,향료,벤조익애씨드,카보머,데하이드로아세틱애씨드,리모넨,리날룰,시트로넬올,제라니올,시트랄,시트릭애씨드,소듐하이드록사이드"
"A000000010471","라로슈포제 에빠끌라 MAT 세보 컨트롤링 모이스춰라이저","라로슈포제","","","","","36000","","정제수, 글리세린, 디메치콘, 이소세틸스테아레이트, 변성알코올, 실리카, 디메치콘/비닐디메치콘크로스폴리머 아크릴아마이드/소듐아크릴로일디메칠타우레이트코폴리머, 메칠메타크릴레이트크로스폴리머, 부틸렌글라이콜, 피이지-100스테아레이트, 코카마이드엠이에이, 사코신, 글리세릴스테아레이트, 트리에탄올아민, 이소헥사데칸, 펄라이트, 카프릴로일살리실릭애씨드, 테트라소듐이디티에이, 펜틸렌글라이콜, 폴리소르베이트80, 아크릴레이트/C10-30알킬아크릴레이트크로스폴리머, 살리실릭애씨드, 향료"
"A000000016808","유세린 볼륨리프팅 나이트 크림 50ml","유세린","50.0","50.0","ml","","56000","11200.0","정제수, 글리세린, 판테놀, 다이카프릴릴에터, 하이드로제네이티드코코-글리세라이즈, 카프릴릭/카프릭트라이글리세라이드, 세틸팔미테이트, 아이소프로필팔미테이트 , 합성비즈왁스, 글리세릴스테아레이트시트레이트, 메틸프로판다이올, 옥틸도데칸올, 알지닌에이치씨엘, 세틸알코올, 폴리메틸실세스퀴옥세인, 스테아릴알코올, 페녹시에탄올, 1,2-헥산다이올, 요엽후박나무껍질추출물, 카보머, 다이메티콘, 향료, 에틸헥실글리세린, 아니스열매추출물, 트라이소듐이디티에이, 소듐하이알루로네이트, 소듐하이드록사이드"
"A000000112890","[올리브베러단독] 라로슈포제 똘러리앙 센시티브 크림","라로슈포제","","","","","27000","","정제수 글리세린 다이메티콘 옥수수전분 나이아신아마이드 암모늄폴리아크릴로일다이메틸타우레이트 미리스틸미리스테이트 스테아릭애씨드 세라마이드엔피 포타슘세틸포스페이트 글리세릴스테아레이트에스이 소듐하이드록사이드 미리스틱애씨드 팔미틱애씨드 카프릴로일글라이신 카프릴릴글라이콜 잔탄검 스쿠알란"
"A000000115502","달팡 하이드라스킨 라이트 크림 50ml","달팡","50.0","50.0","ml","72000","61200","12240.0","정제수, 글리세린, 디메치콘, 폴리소르베이트60, 세틸팔미테이트, 프로판디올, 하이드로제네이티드폴리데센, 소르비탄스테아레이트, 스쿠알란, 모근추출물, 트리데실스테아레이트, 오이추출물, 키위추출물, 퉁퉁마디추출물, 프렌치라벤더추출물, 트리데실트리멜리테이트, 부틸렌글라이콜, 토코페릴아세테이트, 디펜타에리스리틸헥사카프릴레이트/헥사카프레이트, 판테놀, 아크릴레이트/C10-30알킬아크릴레이트크로스폴리머, 카프릴릭/카프릭트리글리세라이드, 에칠헥실글리세린, 디메치콘올, 하이드로제네이티드식물성오일, 하이드록시에칠아크릴레이트/소듐아크릴로일디메칠타우레이트코폴리머, 이소헥사데칸, 소듐하이알루로네이트, 카프릴릴글라이콜, 소듐하이드록사이드, 카보머, 테트라소듐이디티에이, 소듐벤조에이트, 클로페네신, 향료, 알파-이소메칠이오논, 리모넨, 부틸페닐메칠프로피오날, 헥실 신남알, 리날룰, 하이드록시이소헥실3-사이클로헥센카복스알데하이드, 하이드록시시트로넬알, 시트로넬올, 벤질벤조에이트, 시트랄, 제라니올, 황색4호, 청색1호 (ILN41642) *제공된 성분은 동일 제품이라도 경우에 따라 변경될 수 있습니다. 최신정보는 제품 포장의 성분을 참고하시거나 본사 고객관리지원팀으로 연락 부탁 드립니다."
"A000000116004","[끝장크림] 시카고 시카 피니쉬 크림 50ml","시카고","50.0","50.0","ml","","43000","8600.0","정제수, 글리세린, 세틸에틸헥사노에이트, 카프릴릭/카프릭트라이글리세라이드, 피마자씨오일, 알부틴, 트레할로스, 황금추출물, 아라키딜알코올, 베타인, 세테아릴알코올, 세리신, 벌사상자열매추출물, 겨우살이추출물, 편백잎추출물 , 베헤닐알코올, 아라키딜글루코사이드, 판테놀, 알란토인, 잔탄검, 병풀추출물, 베르가모트오일, 알지닌, 카보머, 모란뿌리추출물, 감초뿌리추출물, 밤껍질추출물, 화이트윌로우껍질추출물"
"A000000116032","유리아쥬 오 떼르말 워터 크림 40ml","유리아쥬","40.0","40.0","ml","","30000","7500.0","정제수,온천수*,시어버터,다이메티콘,스쿠알란,하이드로제네이티드폴리데센,글리세린,다이글리세린,에틸헥실팔미테이트,메도우폼씨오일,폴리메틸메타크릴레이트,프로판다이올,프로필헵틸카프릴레이트,부틸렌글라이콜,자일리틸글루코사이드,1,2-헥산다이올,스테아레스-2,스테아레스-21,안하이드로자일리톨,세틸알코올,트레할로오스,우레아,자일리톨,아크릴레이트/C10-30알킬아크릴레이트크로스폴리머,클로페네신,펜타에리스리틸다이스테아레이트,소듐폴리아크릴레이트,향료,글루코오스,o-사이멘-5-올,토코페릴아세테이트,펜틸렌글라이콜,세린,소듐하이드록사이드,알진,카프릴릴글라이콜,다이소듐포스페이트,글리세릴폴리아크릴레이트,풀루란,소듐하이알루로네이트,포타슘포스페이트,토코페롤 *40,000ppm"
"A000000117624","엠브리올리스 레 크렘 콘센트레 75ml","엠브리올리스","75.0","75.0","ml","49000","34300","4573.3","정제수, 미네랄오일, 스테아릭애씨드, 팔미틱애씨드, 글리세릴스테아레이트에스이, 트라이에탄올아민, 비즈왁스, 세틸팔미테이트, 시어버터, 1,2-헥산다이올, 카프릴릴글라이콜, 스테아레스-10, 폴리아크릴아마이드, C13-14아이소파라핀, 향료, 라우레스-7, 프로필렌글라이콜, 트로폴론, 하이드롤라이즈드콩단백질, 알로에베라잎추출물"
"A000000117807","바이오더마 하이드라비오 크림 50ml","바이오더마","50.0","50.0","ml","35000","20900","4180.0","정제수, 글리세린, 아이소도데케인, 사이클로펜타실록세인, 프로필렌글라이콜다이카프릴레이트/다이카프레이트, 다이메티콘, 프로판다이올, 자일리톨, 세틸팔미테이트, 하이드로제네이티드폴리데센, 나이아신아마이드, 트라이데실트라이멜리테이트, 아라키딜알코올, 폴리메틸실세스퀴옥세인, 글리세릴다이베헤네이트, 베헤닐알코올, 에이치디아이/트라이메틸올헥실락톤크로스폴리머, 트라이베헤닌, 다이메티콘/비닐다이메티콘크로스폴리머, 펜틸렌글라이콜, 토코페릴아세테이트, 아라키딜글루코사이드, 아크릴레이트/C10-30알킬아크릴레이트크로스폴리머, 하이드록시에틸아크릴레이트/소듐아크릴로일다이메틸타우레이트코폴리머, 글리세릴베헤네이트, 다이소듐이디티에이, 스쿠알란, 살리실릭애씨드, 향료, 소듐하이드록사이드, 만니톨, 소듐하이알루로네이트, 헥실데칸올, 토코페롤, 폴리솔베이트60, 람노오스, 해바라기씨오일, 사과씨추출물, 유채스테롤"
"A000000118798","[수분크림1+1] 유세린 아쿠아포린 액티브 라이트크림 복합성용 50ml","유세린","50.0","100.0","ml","42000","37800","3780.0","정제수,글리세린,변성알코올,다이카프릴릴카보네이트,옥틸도데칸올,글리세릴글루코사이드,다이스타치포스페이트,글리세릴스테아레이트시트레이트,부틸렌글라이콜,C12-15알킬벤조에이트,세테아릴알코올,페녹시에탄올,다이메티콘,카보머,소듐폴리아크릴레이트,데실렌글라이콜,소듐하이드록사이드,토코페롤"
"A000000118803","[10년연속1위] 유세린 하이알루론 3X 아이크림 더블기획 (15ml+15ml)","유세린","15.0","30.0","ml","","78900","26300.0","정제수, 글리세린, 부틸렌글라이콜다이카프릴레이트/다이카프레이트, 디에칠아미노하이드록시벤조일헥실벤조에이트, 메틸프로판다이올, 합성비즈왁스, 베헤닐알코올, 에칠헥실트리아존, 하이드로제네이티드코코-글리세라이즈, 옥틸도데칸올, 스테아릴알코올, 세틸팔미테이트, 글리세릴스테아레이트시트레이트, 돌콩배아추출물, 알루미늄전분옥테닐석시네이트, 비스-에칠헥실옥시페놀메톡시페닐트리아진, 1,2-헥산다이올, 다이메티콘, 페녹시에탄올, 메틸메타크릴레이트크로스폴리머, 카보머, 에틸헥실글리세린, 소듐하이알루로네이트, 트라이소듐이디티에이, 소듐하이드록사이드"
"A000000119839","[트러블상처연고/의약외품] 셀퓨전씨 포스트알파 센테카솔연고 40ml","셀퓨전씨","40.0","40.0","ml","","38000","9500.0",""
"A000000125012","유리아쥬 오 떼르말 워터 젤크림 40ml","유리아쥬","40.0","40.0","ml","","30000","7500.0","정제수,온천수,세테아릴아이소노나노에이트,다이메티콘,시어버터,스쿠알란,부틸렌글라이콜,다이글리세린,프로판다이올,자일리틸글루코사이드,1,2-헥산다이올,세틸알코올,안하이드로자일리톨,폴리솔베이트60,글리세린,트레할로오스,우레아,아크릴레이트/C10-30알킬아크릴레이트크로스폴리머,폴리아크릴레이트크로스폴리머-6,하이드록시에틸아크릴레이트/소듐아크릴로일다이메틸타우레이트코폴리머,자일리톨,클로페네신,글루코오스,o-사이멘-5-올,펜틸렌글라이콜,세린,소듐하이드록사이드,솔비탄아이소스테아레이트,알진,카프릴릴글라이콜,다이소듐포스페이트,글리세릴폴리아크릴레이트,풀루란,소듐하이알루로네이트,t-부틸알코올,포타슘포스페이트,향료"
"A000000126470","[장벽크림] 유세린 울트라 센서티브 리페어 크림 50ml","유세린","50.0","50.0","ml","35000","25900","5180.0","[본품]
정제수,글리세린,판테놀,세틸팔미테이트,식물성오일,시어버터,메틸팔미테이트,펜틸렌글라이콜,메틸프로판다이올,소듐폴리아크릴레이트,4-t-부틸사이클로헥산올,소듐하이드록사이드,카프릴릴글라이콜,판토락톤,시트릭애씨드,창과감초뿌리추출물"
"A000000128656","아임프롬 머그워트 크림 50g","아임프롬","50.0","50.0","g(약 1ml 상당으로 근사)","","32000","6400.0","쑥추출물,   프로판다이올,    사이클로펜타실록세인,    글리세린,    세틸에칠헥사노에이트,    사이클로헥사실록세인,    스테아릭애씨드,    시어버터,   부틸렌글라이콜,    하이드로제네이티드레시틴,    아라키딜알코올,    아라키딜글루코사이드,    대왕송잎추출물,    당느릅나무뿌리추출물,    달맞이꽃추출물,    정제수,    1,2-헥산다이올,     카프릴하이드록사믹애씨드,    C14-28알킬애씨드,    스테아릴알코올,    베헤닐알코올,    폴리글리세릴-2스테아레이트,    글리세릴스테아레이트,    판테놀,    다이포타슘글리시리제이트,    알란토인,    보스웰리아수지추출물, 암모늄아크릴로일디메칠타우레이트/브이피코폴리머,    하이드록시에틸아크릴레이트/소듐아크릴로일다이메틸타우레이트코폴리머,    다이메티콘올,    효모/겨우살이발효추출물,    락토바실러스/콩발효추출물,    효모/띠뿌리발효추출물,    다이소듐이디티에이,    폴리글루타믹애씨드,    칡뿌리추출물,    불가리스쑥오일"
"A000000130838","크리니크 모이스춰 써지 아이 96-아워 하이드로 컨센트레이트 15ml","크리니크","15.0","15.0","ml","70000","59500","39666.7","성분: 사이클로펜타실록세인,정제수,아이소스테아릴팔미테이트,폴리에틸렌,부틸렌글라이콜,폴리실리콘-11,에틸렌/아크릴릭애씨드코폴리머,산뽕나무뿌리추출물,카페인,피토스핑고신,밀겨추출물,황금추출물,유청단백질,올리브추출물,녹차추출물,콜레스테롤,리놀레익애씨드,토코페릴아세테이트,마그네슘아스코빌포스페이트,피리독신디팔미테이트,수크로오스,글리세린,다이메티콘,글리세릴라우레이트,피이지/피피지-18/18다이메티콘,페트롤라툼,세틸피이지/피피지-10/1다이메티콘 ,프로필렌카보네이트,소듐클로라이드,쿼터늄-90벤토나이트,다이소듐이디티에이,페녹시에탄올,적색산화철, 흑색산화철, 황색산화철"
"A000000135340","[장벽UP] 더랩바이블랑두 저분자 히알루론산 카밍+ 크림 50ml","더랩바이블랑두","50.0","50.0","ml","23000","16500","3300.0","정제수, 부틸렌글라이콜, 카프릴릭/카프릭트라이글리세라이드, 글리세린, 세테아릴알코올, 세테아릴올리베이트, 메도우폼씨오일, 망고씨버터, 솔비탄올리베이트, 백미꽃추출물, 소듐하이알루로네이트(3010ppm), 동백나무잎추출물, 베타-글루칸, 호호바씨오일, 베타인, 하이드롤라이즈드하이알루로닉애씨드(5ppm), 소듐아세틸레이티드하이알루로네이트(0.5ppm), 아이소도데케인, 소듐폴리아크릴로일다이메틸타우레이트, 잔탄검, 트라이데세스-10, 칸데릴라왁스, 보스웰리아수지추출물, 1,2-헥산다이올, 하이드로제네이티드폴리데센, 다이메티콘/비닐다이메티콘크로스폴리머, 다이소듐이디티에이, 에틸헥실글리세린, 다이메티콘"
"A000000137162","엠도씨 울트라 수분 크림 100ml","엠도씨","100.0","100.0","ml","23000","18400","1840.0","정제수,아이소헥사데칸,메틸프로판다이올,세테아릴에틸헥사노에이트,나이아신아마이드,에틸헥실팔미테이트,귀리커넬추출물,봉의꼬리추출물,아티초크잎추출물,당느릅나무뿌리추출물,줄맨드라미씨추출물,하이드로제네이티드레시틴,아크릴레이트/C10-30알킬아크릴레이트크로스폴리머,알지닌,소듐아크릴레이트코폴리머,카프릴릭/카프릭글리세라이즈,글리세린,알란토인,부틸렌글라이콜,다이포타슘글리시리제이트,아데노신,폴리쿼터늄-51,베타-글루칸 향료,1,2-헥산다이올,페녹시에탄올,에틸헥실글리세린"
"A000000137482","[43만개 판매/민감피부 구원템] 로벡틴 카밍 연꽃수 크림 60ml","로벡틴","60.0","60.0","ml","24000","18000","3000.0","연꽃추출물, 글리세린, 펜틸렌글라이콜, 다이프로필렌글라이콜, 하이드로제네이티드폴리아이소부텐, 나이아신아마이드, 스위트아몬드오일, 자일리틸글루코사이드, 자일리톨, 1,2-헥산다이올, 카프릴릭/카프릭트라이글리세라이드, 정제수, 소듐폴리아크릴로일다이메틸타우레이트, 판테놀, 세테아릴올리베이트, 하이드로제네이티드폴리데센, 솔비탄올리베이트, 하이드록시아세토페논, 하이드록시에틸셀룰로오스, 알란토인, 트라이데세스-10, 안하이드로자일리톨"
"A000000141321","[눈가케어] 디오디너리 카페인 솔루션 5% + EGCG 30ml","디오디너리","30.0","30.0","ml","","14000","4666.7","정제수, 카페인(5%), 말토덱스트린, 글리세린, 프로판다이올, 에피갈로카테킨갈레이틸글루코사이드, 갈릴글루코사이드, 하이알루로닉애씨드, 옥시다이즈드글루타티온, 멜라닌, 돌콩추출물, 펜틸렌글라이콜, 하이드록시에틸셀룰로오스, 폴리아크릴레이트크로스폴리머-6, 잔탄검, 락틱애씨드, 데하이드로아세틱애씨드, 트라이소듐에틸렌다이아민다이석시네이트, 프로필갈레이트, 다이메틸아이소소바이드, 벤질알코올, 1,2-헥산다이올, 에틸헥실글리세린, 페녹시에탄올, 카프릴릴글라이콜."
"A000000141662","[온가족 페이스&바디크림] 유리아쥬 제모스 C8+ 끄렘 400ml","유리아쥬","400.0","400.0","ml","48000","40800","1020.0","온천수*,정제수,미네랄오일,시어버터,다이카프릴릴에터,글리세린,폴리솔베이트60,부틸렌글라이콜,세틸알코올,스쿠알란,소듐폴리아크릴레이트,글리세릴스테아레이트,피이지-100스테아레이트,유채스테롤,라즈베리씨오일/팜오일아미노프로판다이올에스터,보리지씨오일아미노프로판다이올아마이드,다이메티콘,클로페네신,토코페릴아세테이트,세트리모늄브로마이드,o-사이멘-5-올,피록톤올아민,잔탄검,아시아티코사이드,피토스핑고신 *1,200,000ppm"
"A000000141712","DR다룸 베리어 크림 75ml","다룸","75.0","75.0","ml","28000","19600","2613.3","정제수@글리세린@카프릴릴메치콘@디프로필렌글라이콜@이소아밀라우레이트@펜틸렌글라이콜@1,2-헥산디올@다이메틸설폰@병풀추출물@행인오일@쉐어버터@베르가모트열매오일@라반딘오일@하이드롤라이즈드오크라추출물@하얀루핀씨추출물@드럼스틱나무씨추출물@로즈마리잎오일@세테아릴글루코사이드@하이드록시에칠아크릴레이트/소듐아크릴로일디메칠타우레이트코폴리머@트로메타민@하이드록시아세토페논@팔미틱애씨드@C12-20알킬글루코사이드@하이드로제네이티드레시틴@글리세릴아크릴레이트/아크릴릭애씨드코폴리머@소르비탄이소스테아레이트@에칠헥실글리세린@소듐아크릴레이트/소듐아크릴로일디메칠타우레이트코폴리머@폴리이소부텐@카프릴릴/카프릴글루코사이드@소르비탄올리에이트@C14-22알코올@세테아릴알코올@C12-16알코올@카보머@디소듐이디티에이"
"A000000141723","라운드랩 자작나무 수분 크림 80ml","라운드랩","80.0","80.0","ml","32000","25600","3200.0","정제수, 글리세린, 아이소노닐아이소노나노에이트, 아이소도데케인, 1,2-헥산다이올, 펜틸렌글라이콜, 폴리데센, 자작나무수액(10,000ppm), 호호바에스터, 판테놀, 글리세릴글루코사이드, 아라비아고무나무검, 하이드롤라이즈드오크라추출물, 소듐하이알루로네이트, 하이알루로닉애씨드, 화이트루핀씨추출물, 드럼스틱씨추출물, 인도멀구슬나무잎추출물, 인도멀구슬나무꽃추출물, 아이비고드열매추출물, 알로에베라꽃추출물, 가지열매추출물, 홀리바질잎추출물, 참산호말추출물, 울금뿌리추출물, 아스코빅애씨드, 펜타에리스리틸테트라에틸헥사노에이트, 암모늄아크릴로일다이메틸타우레이트/브이피코폴리머, 폴리글리세릴-3메틸글루코오스다이스테아레이트, 아크릴레이트/C10-30알킬아크릴레이트크로스폴리머, 트로메타민, 글리세릴아크릴레이트/아크릴릭애씨드코폴리머, 에틸헥실글리세린, 아가, 다이포타슘글리시리제이트, 글리세릴카프릴레이트, 부틸렌글라이콜, 다이소듐이디티에이"
"A000000143959","바이오더마 아토덤 인텐시브 밤 200ml","바이오더마","200.0","200.0","ml","33000","26400","1320.0","정제수, 글리세린, 미네랄오일, 해바라기씨오일, 베헤닐알코올, 수크로오스스테아레이트, 카놀라오일, 하이드록시에틸아크릴레이트/소듐아크릴로일다이메틸타우레이트코폴리머, 펜틸렌글라이콜, 베타-시토스테롤, 자일리톨, 징크글루코네이트, 아크릴레이트/C10-30알킬아크릴레이트크로스폴리머, 팔미타마이드엠이에이, 1,2-헥산다이올, 카프릴릴글라이콜, 소듐시트레이트, 만니톨, 람노오스, 소듐라우로일락틸레이트, 소듐하이드록사이드, 폴리솔베이트60, 솔비탄아이소스테아레이트, 토코페롤, 피토스핑고신, 세라마이드엔피, 에틸헥실글리세린, 세라마이드에이피, 콜레스테롤, 카보머, 잔탄검, 프룩토올리고사카라이드, 카프릴릭/카프릭트라이글리세라이드, 라미나리아 오크롤레우카추출물, 시트릭애씨드, 세라마이드이오피"
"A000000144120","애즈이즈투비 아쿠아 부스팅 크림 50ml","애즈이즈투비","50.0","50.0","ml","","32000","6400.0","정제수@카프릴릭/카프릭트라이글리세라이드@글리세린@수크로오스라우레이트@사이클로펜타실록세인@사이클로헥사실록세인@식물성스쿠알란@소듐하이알루로네이트@부틸렌글라이콜@글리세레스-26@펜틸렌글라이콜@나이아신아마이드@글리세릴글루코사이드@네오펜틸글라이콜다이헵타노에이트@세테아릴알코올@C14-22알코올@C12-20알킬글루코사이드@글리세릴스테아레이트@피이지-100스테아레이트@비스-스테아릴다이메티콘@마카다미아씨오일@다이메티콘/비닐다이메티콘크로스폴리머@다이메티콘@베헤닐알코올@레시틴@돌콩스테롤@1,2-헥산다이올@호호바에스터@토코페롤@아보카도오일@동백나무씨오일@트로메타민@하이드로제네이티드레시틴@글리세릴카프릴레이트@베르가모트오일@아크릴레이트/C10-30알킬아크릴레이트크로스폴리머@다이포타슘글리시리제이트@판테놀@카보머@콜레스테롤@토코페릴아세테이트@글라이신@세린@글루타믹애씨드@아스파틱애씨드@류신@알라닌@라이신@알지닌@타이로신@페닐알라닌@트레오닌@프롤린@발린@아이소류신@히스티딘@메티오닌@시스테인@에틸헥실글리세린@비사보롤@파네솔@아데노신@다이소듐이디티에이@세라마이드엔피@피토스핑고신@하이드롤라이즈드하이알루로닉애씨드"
"A000000144918","[고보습광채크림] 하다라보 고쿠쥰 크림 50ml","하다라보","50.0","50.0","ml","21000","12600","2520.0","정제수,글리세린,다이프로필렌글라이콜,다이글리세린,펜틸렌글라이콜,카프릴릭/카프릭트라이글리세라이드,하이드로제네이티드폴리(C6-12올레핀),락토코쿠스/하이알루로닉애씨드발효여과물,소듐하이알루로네이트,하이드롤라이즈드하이알루로닉애씨드,소듐아세틸레이티드하이알루로네이트,카보머,트라이에탄올아민,스테아릴알코올,피이지-20솔비탄아이소스테아레이트,페녹시에탄올,베헤닐알코올,글리세릴스테아레이트,소듐벤조에이트,다이메티콘,다이소듐이디티에이,피토스테릴/옥틸도데실라우로일글루타메이트,부틸렌글라이콜"
"A000000145332","[탄력/보습크림] 닥터디퍼런트 131 세콜지 모이스처라이저 100ml","닥터디퍼런트","100.0","100.0","ml","42000","33600","3360.0","정제수, 카프릴릭/카프릭트라이글리세라이드, 부틸렌글라이콜, 글리세린, 펜타에리스리틸테트라아이소스테아레이트, 1,2-헥산다이올, 글리세릴스테아레이트에스이, 세틸알코올, 스테아릴알코올, 세테아릴올리베이트, 콜레스테롤, 솔비탄세스퀴올리에이트, 올리브오일, 솔비탄올리베이트, 하이드록시프로필비스팔미타마이드엠이에이, 스테아릭애씨드, 카보머, 에틸헥실글리세린, 미리스틸알코올, 알지닌, 아이소머라이즈드리놀레익애씨드, 라우릴알코올, 데실렌글라이콜, 카프릴릴글라이콜, 잔탄검, 아데노신, 올레익애씨드, 팔미틱애씨드, 토코페롤, 메발로노락톤, 하이드로제네이티드포스파티딜콜린, 리놀레익애씨드, 소듐피씨에이, 세린, 글라이신, 흰목이버섯폴리사카라이드,로즈힙열매추출물, 세라마이드엔피, 알라닌, 글루타믹애씨드, 콜레스테릴마카다미에이트, 수크로오스스테아레이트, 피토스핑고신, 글라이코스핑고리피드"
"A000000145360","[진정영양/장벽크림] 유리아쥬 제모스 페이스 2입 기획 (40ml+40ml+제모스토너 50ml 증정)","유리아쥬","40.0","130.0","ml","","39000","3000.0","[제모스 페이스] 온천수*,정제수,시어버터,하이드로제네이티드폴리데센,글리세린,세테아릴아이소노나노에이트,아이소데실네오펜타노에이트,프로필헵틸카프릴레이트,부틸렌글라이콜,피티에프이,스테아레스-2,스테아레스-21,타피오카전분,펜타에리스리틸다이스테아레이트,세틸알코올,다이메티콘,마이크로크리스탈린왁스,소듐폴리아크릴레이트,유채스테롤,토코페릴아세테이트,클로페네신,o-사이멘-5-올,피록톤올아민,잔탄검,라즈베리씨오일/팜오일아미노프로판다이올에스터,폴리메틸실세스퀴옥세인,아시아티코사이드,피토스핑고신,보리지씨오일아미노프로판다이올아마이드 *300,000ppm

[제모스 토너] 정제수,온천수**,글리세린,부틸렌글라이콜,페녹시에탄올,소듐하이알루로네이트,피브이피,벤조익애씨드,트로메타민 **150,000ppm"
"A000000145662","[1+1] 크리니크 시베리아리치크림 50ml 기획/단품","크리니크","50.0","100.0","ml","49000","41650","4165.0","정제수,글리세린,다이메티콘,아이소프로필아이소스테아레이트,다이프로필렌글라이콜,스쿠알란,피이지/피피지-18/18다이메티콘,실리카,토코페릴아세테이트,소듐하이알루로네이트,올리브추출물,병풀추출물,알로에베라잎수,팔미토일헥사펩타이드-12,밀겨추출물,카페인,메틸트라이메티콘,솔비톨,소듐폴리아스파테이트,페트롤라툼,트레할로오스,유청단백질,리놀레익애씨드,피리독신디팔미테이트,부틸렌글라이콜,콜레스테롤,수크로오스,폴리실리콘-11,글리세릴폴리메타크릴레이트,피이지-150,피이지-8,하이드록시에틸우레아,하이드록시아세토페논,비에이치티,다이소듐이디티에이,소듐헥사메타포스페이트,소듐벤조에이트,포타슘솔베이트,페녹시에탄올  
*제공된 성분은 동일 제품이라도 경우에 따라 변경될 수 있습니다. 최신정보는 제품 포장의 성분을 참고하시거나 본사 고객관리지원팀으로 연락 부탁 드립니다."
"A000000147087","[진정케어/장벽크림] 키노닉스 원더 레미디 세라마이드 고보습 크림 50ml","키노닉스","50.0","50.0","ml","34000","13900","2780.0","정제수, 글리세린, 하이드로제네이티드폴리아이소부텐, 하이드로제네이티드폴리(C6-14올레핀), 폴리글리세릴-3다이스테아레이트, 다이아이소스테아릴말레이트, 부틸렌글라이콜, 스쿠알란, 판테놀, 세테아릴알코올, 하이드로제네이티드코코-글리세라이즈, 펜틸렌글라이콜, 1,2-헥산다이올, 병풀추출물, 시어버터, 올리브오일, 인도멀구슬나무꽃추출물, 홀리바질잎추출물, 하이드롤라이즈드오크라추출물, 화이트루핀씨추출물, 드럼스틱씨추출물, 연필향나무오일, 인도멀구슬나무잎추출물, 울금뿌리추출물, 리씨열매오일, 바질오일, 병풀잎추출물, 참산호말추출물, 고수열매오일, 스타아니스추출물, 센티드제라늄꽃오일, 카카오추출물, 알바수련꽃추출물, 글리세릴스테아레이트, 비닐다이메티콘, 하이드록시에틸아크릴레이트/소듐아크릴로일다이메틸타우레이트코폴리머, 카프릴릭/카프릭트라이글리세라이드, 팔미틱애씨드, 하이드록시아세토페논, 글리세릴스테아레이트시트레이트, 스테아릭애씨드, 하이드로제네이티드레시틴, 알란토인, 마데카소사이드, 트로메타민, 옥탄다이올, 에틸헥실글리세린, 다이프로필렌글라이콜, 소듐팔미토일프롤린, 솔비탄아이소스테아레이트, 세라마이드엔피, 아시아티코사이드, 덱스트린, 콜레스테롤, 토코페롤, 피토스핑고신, 카보머, 잔탄검, 다이소듐이디티에이"
"A000000147119","[집중진정케어] 닥터디퍼런트 시카 메탈 크림 50g","닥터디퍼런트","50.0","50.0","g(약 1ml 상당으로 근사)","45000","31500","6300.0","정제수, 부틸렌글라이콜, 식물성오일, 글리세린, 펜타에리스리틸테트라이소스테아레이트, 카프릴릭/카프릭트라이글리세라이드, 시어버터, 1,2-헥산다이올, 하이드로제네이티드식물성오일, 세틸알코올, 부틸렌글라이콜다이카프릴레이트/다이카프레이트, 다이메티콘, 폴리글리세릴-3메틸글루코오스다이스테아레이트, 스테아릭애씨드, 솔비탄세스퀴올리에이트, 세테아릴올리베이트, 하이드로제네이티드레시틴, 글리세릴스테아레이트에스이, 솔비탄올리베이트, 마데카소사이드, 카보머, 베헤닉애씨드, 트로메타민, 에틸헥실글리세린, 카프릴릴글라이콜, 스타에릴알코올, 베헤닐알코올, 토코페롤, 잔탄검, 미리스틱애씨드, 덱스트린, 아시아티코사이드, 징크피씨에이, 글루코노락톤, 병풀추출물, 카퍼트라이펩사이드-1"
"A000000147130","[멀티보습밤] 닥터지 더모이스처 배리어 D 멀티밤 50ml","닥터지","50.0","50.0","ml","","29000","5800.0","정제수, 글리세린, 다이프로필렌글라이콜, 사이클로펜타실록세인, 다이카프릴릴에터, 세테아릴알코올, 베헤닐알코올, 1,2-헥산다이올, 다이메티콘, 글리세릴글루코사이드, 세테아릴올리베이트, 다이펜타에리스리틸헥사하이드록시스테아레이트/헥사스테아레이트/헥사로지네이트, 한련초잎추출물, 다시마추출물, 병풀추출물, 무화과추출물, 꽃가루추출물, 하이드로제네이티드레시틴, 포도씨오일, 호호바씨오일, 퀸즈랜드넛오일, 올리브오일, 솔비탄올리베이트, 팔미틱애씨드, 덱스판테놀, 스테아릭애씨드, 다이메티콘올, 글리세릴스테아레이트에스이, 암모늄아크릴로일다이메틸타우레이트/브이피코폴리머, 세테아릴글루코사이드, 콜레스테롤, 잔탄검, 부틸렌글라이콜, 글루코오스, 프룩토올리고사카라이드, 베타-글루칸, 다이소듐이디티에이, 세라마이드엔피, 스쿠알란, 하이드롤라이즈드하이알루로닉애씨드, 올리브오일불검화물, 밀배아오일불검화물, 돌콩오일불검화물, 토코페롤, 카프릴릭/카프릭트라이글리세라이드, 아이소말트, 돌콩스테롤, 리놀레익애씨드, 포스포리피드, 수크로오스팔미테이트, 폴리글리세릴-10스테아레이트, 폴리글리세릴-10올리에이트, 알루미늄/마그네슘하이드록사이드스테아레이트, 소듐스테아로일글루타메이트, 7-데하이드로콜레스테롤, 칼슘클로라이드, 피톨, 향료, 에틸헥실글리세린"
"A000000147357","땡큐파머 강화교동쌀 맑음 젤안에 크림80ml","땡큐파머","80.0","80.0","ml","34000","23800","2975.0","정제수, 쌀추출물, 글리세린, 카프릴릭/카프릭트라이글리세라이드, 하이드로제네이티드폴리데센, 나이아신아마이드, 페닐트라이메티콘, 베타인, 1,2-헥산다이올, 폴리글리세릴-3메틸글루코오스다이스테아레이트, 다시마추출물, 한련초잎추출물, 병풀추출물, 무화과추출물, 올레라케아아크멜라추출물, 황벽나무껍질추출물, 인도멀구슬나무꽃추출물, 인도멀구슬나무잎추출물, 울금뿌리추출물, 홀리바질잎추출물, 카카오씨추출물, 참산호말추출물, 녹차추출물, 녹두추출물, 은방울수선비늘줄기추출물, 감나무잎추출물, 퀸즈랜드넛오일, 하이드로제네이티드레시틴, 소듐하이알루로네이트, 사이클로헥사실록세인, 세틸알코올, 암모늄아크릴로일다이메틸타우레이트/브이피코폴리머, 메틸프로판다이올, 글리세릴폴리메타크릴레이트, 글리세릴스테아레이트, 베헤닐알코올, 트레할로오스, 펜타에리스리틸다이스테아레이트, 폴리글리세릴-10라우레이트, 옥틸도데세스-16, 소듐스테아로일글루타메이트, 아크릴레이트/C10-30알킬아크릴레이트크로스폴리머, 글리세릴카프릴레이트, 프룩토올리고사카라이드, 다이소듐이디티에이, 셀룰로오스검, 베타-글루칸, 부틸렌글라이콜, 하이드롤라이즈드하이알루로닉애씨드, 덱스트린, 세라마이드엔피, 펜틸렌글라이콜, 에틸헥실글리세린, 하이드록시아세토페논"
"A000000149064","휘게 릴리프 캐모마일 크림 85g","휘게","85.0","85.0","g(약 1ml 상당으로 근사)","20000","11800","1388.2","마트리카리아꽃추출물, 글리세린, 프로판다이올, 피씨에이다이메티콘, 부틸렌글라이콜, 폴리글리세린-3, 1,2-헥산다이올, 스쿠알란, 소듐구아이아줄렌설포네이트, 소듐하이알루로네이트, 하이드롤라이즈드하이알루로닉애씨드, 병풀추출물, 마데카소사이드, 마데카식애씨드, 아시아티코사이드, 아시아틱애씨드, 쇠비름추출물, 다이포타슘글리시리제이트, 베타인, 글리세릴글루코사이드, 다이카프릴릴카보네이트, 올리브오일, 글루코오스, 정제수, 황련뿌리추출물, 암모늄아크릴로일다이메틸타우레이트/브이피코폴리머, 하이드록시에틸우레아, 암모늄아크릴로일다이메틸타우레이트/베헤네스-25메타크라일레이트크로스폴리머, 트라이에틸헥사노인, 에틸헥실글리세린, 소듐파이테이트, 토코페롤, 카프릴릴글라이콜"
"A000000149118","땡큐파머 트루워터 딥 모이스처크림 EX 80ml","땡큐파머","80.0","80.0","ml","28000","19600","2450.0","정제수,코코 카프릴레이트 카프레이트,메틸프로판다이올,참마뿌리추출물,헥산다이올,글리세린,암모늄아크릴로일다이메틸타우레이트 브이피코폴리머,베타인,다시마추출물,한련초잎추출물,병풀추출물,무화과추출물,복사나무잎추출물,살비아잎수,하이드로제네이티드레시틴,소듐하이알루로네이트,아이소스테아릴알코올,부틸렌글라이콜코코에이트,세테아릴올리베이트,솔비탄올리베이트,판테놀,하이드로제네이티드올리브오일불검화물,하이드롤라이즈드호호바에스터,잔탄검,프룩토올리고사카라이드,에틸셀룰로오스,바이오사카라이드검1,베타 글루칸,하이드롤라이즈드하이알루로닉애씨드,세라마이드엔피,하이드록시아세토페논,에틸헥실글리세린"
"A000000149810","바이오더마 아토덤 인텐시브 젤 크림 200ml","바이오더마","200.0","200.0","ml","34500","25500","1275.0","정제수, 글리세린, 나이아신아마이드, 소듐폴리아크릴레이트, 다이포타슘글리시리제이트, 하이드로제네이티드폴리데센, 펜틸렌글라이콜, 1,2-헥산다이올, 카프릴릴글라이콜, 만니톨, 폴리솔베이트20, 자일리톨, 람노오스, 소듐시트레이트, 폴리쿼터늄-51, 프룩토올리고사카라이드, 카프릴릭/카프릭트라이글리세라이드, 라미나리아 오크롤레우카추출물"
"A000000150145","[장벽UP] 더랩바이블랑두 저분자 히알루론산 카밍+ 크림 80ml 대용량 기획(+20ml)","더랩바이블랑두","80.0","100.0","ml","","35000","3500.0","정제수, 부틸렌글라이콜, 카프릴릭/카프릭트라이글리세라이드, 글리세린, 세테아릴알코올, 세테아릴올리베이트, 메도우폼씨오일, 망고씨버터, 솔비탄올리베이트, 백미꽃추출물, 소듐하이알루로네이트(3010ppm), 동백나무잎추출물, 베타-글루칸, 호호바씨오일, 베타인, 하이드롤라이즈드하이알루로닉애씨드(5ppm), 소듐아세틸레이티드하이알루로네이트(0.5ppm), 아이소도데케인, 소듐폴리아크릴로일다이메틸타우레이트, 잔탄검, 트라이데세스-10, 칸데릴라왁스, 보스웰리아수지추출물, 1,2-헥산다이올, 하이드로제네이티드폴리데센, 다이메티콘/비닐다이메티콘크로스폴리머, 다이소듐이디티에이, 에틸헥실글리세린, 다이메티콘"
"A000000150817","[긴급스팟진정] 아크네스 스팟 클리어 크림 패치 18g","아크네스","18.0","18.0","g(약 1ml 상당으로 근사)","15000","7500","4166.7","정제수*, 하이드록시프로필스타치, 설퍼콜로이드, 부틸렌글라이콜*, 변성알코올, 소듐카복시메틸스타치, 칼라민, 1,2-헥산다이올*, 아라비아고무나무검, 메틸프로판다이올, 시트릭애씨드, 에틸헥실글리세린, 잔탄검, 쇠비름추출물, 레시틴, 글리세린*, 판테놀, 스쿠알란*, 퀸즈랜드넛오일*, 티트리잎추출물, 펜틸렌글라이콜, 알루미늄수크로오스옥타설페이트*, 유채스테롤*, 콜레스테롤*, 폴리글리세릴-10올리에이트*, 피토스테릴/베헤닐/옥틸도데실라우로일글루타메이트*, 소듐서팩틴*, 병풀추출물, 셀룰로오스*, 약모밀추출물, 프로판다이올, 소듐하이알루로네이트크로스폴리머, 하이드로제네이티드레시틴*, 하이드롤라이즈드글라이코사미노글리칸, 소듐하이알루로네이트, 소듐하이드록사이드, 토코페롤, 벤질글라이콜, 하이드롤라이즈드하이알루로닉애씨드, 다이소듐이디티에이*, 징크옥사이드*, 하이알루로닉애씨드, 라즈베리케톤"
"A000000151831","달팡 인트랄 수딩 크림 50ml","달팡","50.0","50.0","ml","86000","73100","14620.0","전성분: 정제수 [] 하이드로제네이티드폴리데센 [] 쉐어버터 [] 프로필렌글라이콜 [] 글리세릴스테아레이트 [] 피이지-100스테아레이트 [] 디메치콘 [] 세틸알코올 [] 옥틸도데실스테아로일스테아레이트 [] 프로판디올 [] 트리데실스테아레이트 [] 부틸렌글라이콜 [] 트리데실트리멜리테이트 [] 캐모마일꽃추출물 [] 모란뿌리추출물 [] 알테로모나스발효추출물 [] 서양산사나무꽃추출물 [] 판테놀 [] 바닐라열매추출물 [] 다마스크장미꽃수 [] 디펜타에리스리틸헥사카프릴레이트/헥사카프레이트 [] 비사볼올 [] 스테아릭애씨드 [] 토코페릴아세테이트 [] 소르비톨 [] 소듐하이알루로네이트 [] 팔미틱애씨드 [] 소듐피씨에이 [] 소듐폴리아크릴레이트 [] 카프릴릴글라이콜 [] 아크릴레이트/C10-30알킬아크릴레이트크로스폴리머 [] 1,2-헥산디올 [] 잔탄검 [] 소듐하이드록사이드 [] 시트로넬올 [] 제라니올 [] 테트라소듐이디티에이 (ILN37748)"
"A000000152046","[화해1위/모공 수분천재크림] 에스네이처 아쿠아 스쿠알란 수분크림 60ml","에스네이처","60.0","60.0","ml","","28000","4666.7","정제수, 스쿠알란(150,000ppm), 글리세린, 1,2-헥산다이올, 베타인, 판테놀, 소듐하이알루로네이트, 하이드롤라이즈드콜라겐, 하이드록시프로필트라이모늄하이알루로네이트, 하이드롤라이즈드하이알루로닉애씨드, 소듐아세틸레이티드하이알루로네이트, 아세틸헥사펩타이드-8, 아데노신, 하이알루로닉애씨드, 하이드롤라이즈드소듐하이알루로네이트, 소듐하이알루로네이트크로스폴리머, 포타슘하이알루로네이트, 아크릴레이트/C10-30알킬아크릴레이트크로스폴리머, 알지닌, 알란토인, 자일리틸글루코사이드, 안하이드로자일리톨, 자일리톨, 글루코오스, 부틸렌글라이콜, 암모늄아크릴로일다이메틸타우레이트/브이피코폴리머, 카프릴릴글라이콜"
"A000000152580","[SOS 손상개선크림] 유리아쥬 배리어덤 시카 크림 40ml","유리아쥬","40.0","40.0","ml","24000","18000","4500.0","[배리어덤 시카 크림]온천수*,정제수,미네랄오일,소듐클로라이드,징크옥사이드,세틸피이지/피피지-10/1다이메티콘,프로필헵틸카프릴레이트,부틸렌글라이콜,하이드로제네이티드폴리데센,판테놀,글리세린,다이메티콘,다이스테아다이모늄헥토라이트,폴리글리세릴-3다이아이소스테아레이트,마그네슘설페이트,메틸프로판다이올,토코페릴아세테이트,트라이아콘타닐피브이피,카퍼글루코네이트,프로판다이올,프로필렌카보네이트,시트릭애씨드,글루타밀아미도에틸인돌,폴리쿼터늄-61,하이알루로닉애씨드,실란트라이올,보리지씨오일아미노프로판다이올아마이드 *120,000ppm"
"A000000153913","싸이닉 더 심플 릴리프 수분크림 더블 기획 (80ml+80ml)","싸이닉","80.0","160.0","ml","","18000","1125.0","정제수, 글리세린, 부틸렌글라이콜, 카프릴릭/카프릭트라이글리세라이드, 1,2-헥산다이올, 카보머, 알지닌, 아크릴레이트/C10-30알킬아크릴레이트크로스폴리머, 암모늄폴리아크릴로일다이메틸타우레이트, 에틸헥실글리세린, 잔탄검, 하이드록시에틸아크릴레이트/소듐아크릴로일다이메틸타우레이트코폴리머, 다이소듐이디티에이, 알란토인, 판테놀, 솔비탄아이소스테아레이트, 병풀추출물, 알바수련꽃추출물, 다이프로필렌글라이콜, 소듐하이알루로네이트, 사이클로덱스트린, 마데카소사이드, 보검선인장줄기추출물"
"A000000154625","[코어탄력크림] 아이소이 인텐시브 에너자이징 크림EX 30ml","아이소이","30.0","30.0","ml","45000","33700","11233.3","정제수, 글리세린, 마카다미아씨오일, 스쿠알란, 카프릴릭/카프릭트라이글리세라이드, 펜타에리스리틸테트라아이소스테아레이트, 세틸에틸헥사노에이트, 트레할로오스, 베타인, 글리세릴스테아레이트, 세테아릴알코올, 알부틴, 스테아릭애씨드, 아라키딜알코올, 메도우폼씨오일, 솔비탄스테아레이트, 다마스크장미꽃오일, 시어버터, 호호바씨오일, 올리브오일, 베헤닐알코올, 아라키딜글루코사이드, 다마스크장미꽃수, 세라마이드엔피, 아데노신, 잔탄검, 알란토인, 팔미토일트라이펩타이드-5, 참마뿌리추출물, 밤껍질추출물, 아세로라추출물, 몰로키아잎추출물, 브로콜리추출물, 로즈마리추출물, 니아울리나무잎오일, 마트리카리아꽃/잎추출물, 병풀추출물, 락토바실러스/콩발효추출물, 흰목이버섯추출물, 황련뿌리추출물, 부틸렌글라이콜, 1,2-헥산다이올, 스페인감초뿌리추출물, 황금추출물, 모란뿌리추출물, 시트로넬올, 제라니올, 파네솔, 유제놀, 리날룰"
"A000000156146","헤이네이처 어성초 크림 80g","헤이네이처","80.0","80.0","g(약 1ml 상당으로 근사)","35000","24500","3062.5","정제수,약모밀추출물(20%함유),글리세린,부틸렌글라이콜,백미꽃추출물,베타인,1,2-헥산다이올,자몽추출물,왕귤껍질추출물,오렌지추출물,망고추출물,바나나추출물,당근추출물,파프리카추출물,당호박추출물,유칼립투스잎추출물,월계수잎추출물,비타민나무열매추출물,황금추출물,녹차추출물,마트리카리아꽃추출물,퀸즈랜드넛오일,아라키딜글루코사이드,아라키딜알코올,카프릴릭/카프릭트라이글리세라이드,트로메타민,카보머,솔비탄세스퀴올리에이트,C13-16아이소파라핀,헵틸운데실레네이트,베헤닐알코올,글루코오스,다이프로필렌글라이콜,에틸헥실글리세린,유향나무오일,리모넨"
"A000000156837","바비브라운 비타민 인리치드 아이 베이스","바비브라운","","","","101000","80800","","EL19 - VITAMIN ENRICHED EYE BASE
정제수 [] 다이메티콘 [] 비스-다이글리세릴폴리아실아디페이트-2 [] 부틸렌글라이콜 [] 피피지-2미리스틸에텔프로피오네이트 [] 세틸알코올 [] 피이지-40스테아레이트 [] 시어버터 [] 능망간석추출물 [] 아스코빌글루코사이드 [] 스쿠알란 [] 트라이실록세인 [] 글리세릴스테아레이트 [] 솔비탄스테아레이트 [] 분홍바늘꽃꽃/잎/줄기추출물 [] 효모추출물 [] 당근추출물 [] 시금치추출물 [] 로우스위트블루베리추출물 [] 브로콜리추출물 [] 조류추출물 [] 베타-카로틴 [] 소듐하이알루로네이트 [] 토코페릴아세테이트 [] 판테놀 [] 마그네슘아스코빌포스페이트 [] 카페인 [] 폴릭애씨드 [] 피리독신디팔미테이트 [] 사이아노코발아민 [] 나이아신아마이드 [] 레티닐팔미테이트 [] 피토스핑고신 [] 향료 [] 글리세린 [] 카프릴릴글라이콜 [] 메틸글루코오스세스퀴스테아레이트 [] 다이메티콘크로스폴리머 [] 아크릴레이트/C10-30알킬아크릴레이트크로스폴리머 [] 카보머 [] 피이지-20메틸글루코오스세스퀴스테아레이트 [] C12-15알킬에틸헥사노에이트 [] 테트라소듐이디티에이 [] 소듐하이드록사이드 [] 리모넨 [] 시트로넬올 [] 제라니올 [] 리날룰 [] 비에이치티 [] 소르빅애씨드 [] 클로페네신 [] 페녹시에탄올 
제공된 성분은 동일 제품이라도 경우에 따라 변경될 수 있습니다. 최신정보는 제품 포장의 성분을 참고하시거나 본사 고객관리지원팀으로 연락 부탁 드립니다."
"A000000156843","바비브라운 하이드레이팅 아이 크림","바비브라운","","","","101000","80800","","E65Y - HYDRATING EYE CREAM
정제수 [] 에틸헥실팔미테이트 [] 스쿠알란 [] 부틸렌글라이콜 [] 세틸알코올 [] 글리세릴스테아레이트 [] 하이드로제네이티드식물성오일 [] 호호바씨오일 [] 아보카도오일 [] 버지니아풍년화추출물 [] 알로에베라잎즙 [] 콜레스테롤 [] 피이지-100스테아레이트 [] 글리세린 [] 소듐피씨에이 [] 트레할로오스 [] 아스코빌팔미테이트 [] 에틸헥실글리세린 [] 하이드록시프롤린 [] 프롤린 [] 아크릴레이트코폴리머 [] 피탄트라이올 [] 글라이신 [] 리놀레익애씨드 [] 피토스핑고신 [] 소듐하이드록사이드 [] 토코페릴아세테이트 [] 소듐하이알루로네이트 [] 토코페롤 [] 카보머 [] 다이소듐이디티에이 [] 페녹시에탄올 
제공된 성분은 동일 제품이라도 경우에 따라 변경될 수 있습니다. 최신정보는 제품 포장의 성분을 참고하시거나 본사 고객관리지원팀으로 연락 부탁 드립니다."
"A000000157285","[주름잡는] 센텔리안24 링클셀 코어 아이크림 더블 기획 (세럼10ml x 2ea 증정)","센텔리안24","10.0","20.0","ml","","57000","28500.0","퀴노아씨추출물, 부틸렌글라이콜, 글리세린, 카프릴릭/카프릭트라이글리세라이드, 정제수, 하이드로제네이티드코코넛오일, 1,2-헥산다이올, 세테아릴올리베이트, 솔비탄올리베이트, 베헤닐알코올, 하이드로제네이티드폴리아이소부텐, 판테놀, 카퍼트라이펩타이드-1, 팔미토일펜타펩타이드-4, 팔미토일트라이펩타이드-1, 아세틸헥사펩타이드-8, 베타-글루칸, 돌콩추출물, 마카뿌리추출물, 참마뿌리추출물, 아르간커넬오일, 잇꽃씨오일, 멕시칸치아씨오일, 리놀레닉애씨드, 알란토인, 하이알루로닉애씨드, 하이드롤라이즈드하이알루로닉애씨드, 소듐하이알루로네이트, 세라마이드엔피, 하이드로제네이티드레시틴, 카카오씨추출물, 다이소듐이디티에이, 소듐폴리아크릴레이트, 무씨추출물, 쇠비름추출물, 소듐폴리아크릴로일다이메틸타우레이트, 글리세릴스테아레이트, 프로판다이올, 하이드로제네이티드폴리데센, 덱스트린, 팔미틱애씨드, 스테아릭애씨드, 하이드록시에틸아크릴레이트/소듐아크릴로일다이메틸타우레이트코폴리머, 에틸헥실글리세린, 트라이데세스-10, 아데노신, 글리세릴아크릴레이트/아크릴릭애씨드코폴리머, 베르가모트오일, 로즈마리잎오일, 솔비탄아이소스테아레이트, 미리스틱애씨드, 불가리스쑥오일, 폴리글리세릴-10올리에이트, 리놀레익애씨드, 수크로오스팔미테이트, 소듐아스코빌포스페이트, 리모넨, 리날룰"
"A000000157484","[100시간밀착보습/민감장벽보호] 셀퓨전씨 약산성 패리어 크림 55ml","셀퓨전씨","55.0","55.0","ml","","32000","5818.2","정제수, 카프릴릭/카프릭트라이글리세라이드, 부틸렌글라이콜, 세테아릴알코올, 글리세린, 나이아신아마이드, 세틸알코올, 1,2-헥산다이올, 레몬밤잎추출물, 로즈마리닉애씨드, 세라마이드엔피, 피토스핑고신, 락토코쿠스발효용해물, 클로렐라 불가리스추출물, 달맞이꽃오일, 다이글리세린, 세틸팔미테이트, 솔비탄올리베이트, 솔비탄팔미테이트, 비즈왁스, 비닐다이메티콘, 글루코오스, 폴리글리세릴-3메틸글루코오스다이스테아레이트, 하이드록시에틸아크릴레이트/소듐아크릴로일다이메틸타우레이트코폴리머, 하이드로제네이티드레시틴, 카프릴릴글라이콜, 프룩토올리고사카라이드, 프룩토오스, 글리세릴스테아레이트, 시트릭애씨드, 트로메타민, 에틸헥실글리세린, 아데노신, 소듐파이테이트, 소듐시트레이트, 토코페롤, 소듐클로라이드, 페닐프로판올, 레불리닉애씨드, 소듐레불리네이트, 카보머, 잔탄검"
"A000000158308","믹순 콩 크림 50ml","믹순","50.0","50.0","ml","","35000","7000.0","정제수,글리세린,카프릴릭/카프릭트라이글리세라이드, 하이드로제네이티드폴리아이소부텐,폴리글리세릴-3다이스테아레이트, 글리세릴스테아레이트시트레이트,하이드로제네이티드코코-글리세라이즈,메도우폼씨오일,부틸렌글라이콜,다이아이소스테아릴말레이트,비닐다이메티콘,락토바실러스/콩발효추출물,락토바실러스/석류추출물,효모/보리씨발효여과물,락토바실러스/배즙발효여과물,판테놀다이포타슘글리시제이트,하이드로제네이티드레이신, 인도멀구슬나무꽃추출물,아이비고드열매추출물,에틸핵실글리세린, 베르가모트오일,라벤더오일,캐모마일꽃오일,스테아릭애씨드,팔미틸애씨드, 올레익애씨드,세테아릴알코올, 하이드록시에틸아크릴레이트/소듐아크릴로일다이메틸타우레이트코폴리머, 글리세릴스테아레이트,하이드록시아세토페논,솔비탄아이소스테아레이트,카보머,트로메타민,프로판다이올,아데노신,다이소듐이디티에이,소듐폴리아크릴레이트"
"A000000158920","빌리프 스트레스 슈터 시카 밤 크림 50ml","빌리프","50.0","50.0","ml","54000","41500","8300.0","정제수,글리세린,사이클로헥사실록세인,프로판다이올,폴리글리세릴-4카프레이트,1,2-헥산다이올,하이드로제네이티드올리브오일스테아릴에스터,하이드로제네이티드폴리데센,세틸팔미테이트,판테놀,마데카소사이드 (1000 ppm),병풀잎추출물 (10 ppm),베타-글루칸,라즈베리잎추출물+,개박하추출물+,포트마리골드꽃추출물+,귀리커넬추출물+,와일드인디고뿌리추출물+,별꽃추출물+*,쐐기풀잎추출물*,쇠뜨기잎추출물*,레이디스맨틀잎추출물*,소듐하이알루로네이트,하이드롤라이즈드하이알루로닉애씨드,솔비탄스테아레이트,솔비탄아이소스테아레이트,카프릴릭/카프릭트라이글리세라이드,아크릴레이트/C10-30알킬아크릴레이트크로스폴리머,스쿠알란,부틸렌글라이콜,트라이데실스테아레이트,트라이데실트라이멜리테이트,아이소헥사데칸,하이드로제네이티드식물성오일,호호바에스터,하이드록시에틸아크릴레이트/소듐아크릴로일다이메틸타우레이트코폴리머,트로메타민,폴리글리세릴-10스테아레이트,다이펜타에리스리틸헥사카프릴레이트/헥사카프레이트,하이드로제네이티드올리브오일불검화물,트라이소듐이디티에이,폴리솔베이트60,토코페롤,라임오일++,로즈마리잎오일++,오렌지껍질오일++,센티드제라늄꽃오일++, 시트랄, 시트로넬올, 제라니올, 리모넨, 리날룰(+표시:Napiers original Formula, *표시:Napiers aqua Formula, ++표시: 식물 유래 향)"
"A000000159747","바비브라운 엑스트라 리페어 모이스춰 크림 인텐스 50ml","바비브라운","50.0","50.0","ml","179000","143200","28640.0","정제수,시어버터,부틸렌글라이콜,카프릴릭/카프릭/미리스틱/스테아릭트라이글리세라이드,하이드로제네이티드폴리아이소부텐,세틸알코올,에틸헥실스테아레이트,글리세릴스테아레이트,피이지-40스테아레이트,글리세린,올리브추출물,클레리추출물,로즈마리잎오일,밀겨추출물,캐모마일꽃추출물,플랑크톤추출물,서양유채씨오일,센티드제라늄꽃오일,왕귤껍질오일,달맞이꽃오일,아보카도오일,살구씨오일,밀배아오일,호호바씨오일,비터오렌지오일,포도씨오일,메도우폼씨오일,로즈힙열매오일,참깨오일,올리브오일,다이메티콘,리놀레익애씨드,콜레스테롤,아세틸글루코사민,수크로오스,카프릴릴글라이콜,하이드록시에틸아크릴레이트/소듐아크릴로일다이메틸타우레이트코폴리머,폴리부텐,소듐하이알루로네이트,카페인,아세틸헥사펩타이드-8,토코페릴아세테이트,스쿠알란,테트라헥실데실아스코베이트,하이드로제네이티드레시틴,카보머,폴리솔베이트60,소듐아크릴레이트/아크릴로나이트로젠코폴리머,헥실렌글라이콜,올레익/리놀레익/리놀레닉폴리글리세라이드,트로메타민,레시틴,시트릭애씨드,다이소듐이디티에이,시트랄,리날룰,제라니올,리모넨,시트로넬올,비에이치티,포타슘솔베이트,페녹시에탄올 제공된 성분은 동일 제품이라도 경우에 따라 변경될 수 있습니다. 최신정보는 제품 포장의 성분을 참고하시거나 본사 고객관리지원팀으로 연락 부탁 드립니다."
"A000000159748","바비브라운 엑스트라 리페어 아이 크림 인텐스 15ml","바비브라운","15.0","15.0","ml","146000","116800","77866.7","정제수,페트롤라툼,다이메티콘,시어버터,글리세린,부틸렌글라이콜,세레신,페닐트라이메티콘,라우릴피이지-9폴리다이메틸실록시에틸다이메티콘,라놀린알코올,솔비톨,소듐하이알루로네이트,황금추출물,산뽕나무뿌리추출물,노티드랙추출물,아스파라곱시스 아르마타추출물,녹차추출물,올리브추출물,클레리추출물,사과추출물,아세틸헥사펩타이드-8,메도우폼씨오일,달맞이꽃오일,토코페릴아세테이트,아세틸글루코사민,리놀레익애씨드,카페인,마이크로코쿠스용해물,다이-C12-15알킬푸마레이트,포도씨오일,밀겨추출물,트레할로오스,콜레스테롤,피네인다이올,캠판다이올,수크로오스,스테아릭애씨드,팔미틱애씨드,레시틴,포타슘하이드록사이드,실리카,펜틸렌글라이콜,피이지-30다이폴리하이드록시스테아레이트,소듐클로라이드,하이드록시스테아릭애씨드,피이지-8다이스테아레이트,베헤닐알코올,향료,벤질살리실레이트,소듐설파이트,소듐메타바이설파이트,다이소듐이디티에이,테트라소듐이디티에이,클로페네신,포타슘솔베이트,페녹시에탄올 제공된 성분은 동일 제품이라도 경우에 따라 변경될 수 있습니다. 최신정보는 제품 포장의 성분을 참고하시거나 본사 고객관리지원팀으로 연락 부탁 드립니다."
"A000000159802","싸이닉 콜라겐 앰플 스틱 더블 기획","싸이닉","","","","22000","15990","","해바라기씨오일, 폴리글리세릴-2트라이아이소스테아레이트, 시어버터, 폴리에틸렌, 옥틸도데칸올, 칸데릴라왁스, 마이크로크리스탈린왁스, 토코페릴아세테이트, 스위트아몬드오일, 다이아이소스테아릴말레이트, 하이드롤라이즈드콜라겐(100 ppm), 하이드롤라이즈드콜라겐추출물(0.001 ppm), 지모뿌리추출물, 화이트루핀씨추출물, 아스타잔틴, 판테놀, 모나스커스추출물, 풍선덩굴꽃/잎/덩굴추출물, 올리브오일, 녹차씨오일, 동백나무씨오일, 아르간커넬오일, 퀸즈랜드넛오일, 호호바씨오일, 달맞이꽃오일, 에키움 플란타기네움씨오일, 포도씨오일, 알파-비사보롤, 토코페롤, 하이드로제네이티드폴리아이소부텐, 드럼스틱씨오일, 해바라기씨오일불검화물, 정제수, 부틸렌글라이콜, 1,2-헥산다이올, 하이드록시아세토페논, 에틸헥실글리세린, 데하이드로아세틱애씨드"
"A000000159901","[영양장벽케어] 눅스 레브드미엘 울트라 컴포팅 베리어 크림 50ml","눅스","50.0","50.0","ml","41000","36900","7380.0","정제수, 베헤닐알코올, 글리세린, 세라알바, 코코넛야자오일, 퀸즈랜드넛오일, 쌀겨오일, 부틸렌글라이콜, 시어버터추출물, 해바라기씨오일불검화물, 하이드록시스테아릭/리놀레닉/올레익폴리글리세라이즈, 세타아릴알코올, 코코-카프릴레이트/카프레이트, 아라키딜알코올, 다이메티콘코코-글루코사이드, 꿀, 향료, 토코페롤, 아르간커넬오일, 카프릴로일글라이신, 사플라워오일/팜오일아미노프로판다이올에스터, 소듐스테아로일글루타메이트, 토코페릴아세테이트, 아라키딜글루코사이드, 하이드록시에틸아크릴레이트/소듐아크릴오일다이메틸타우레이트코폴리머소듐하이드록사이드, 시트릭애씨드, 에틸헥실글리세린, 다이메티콘크로스폴리머, 스펜트그레인왁시, 카보머, 데하이드로아세틱애씨드, 소듐글루코네이트, 해바라기씨오일, 돌콩오일, 프로폴리스추출물, 하이드롤라이즈드루핀단백질, 10-하이드록시데카노익애씨드, 세바식애씨드, 1,10-데칸다이올, 폴리솔베이트60, 솔비탄아이소스테아레이트, 소듐벤조에이트, 토마토추출물, 베타-카로틴, 당근추출물, 리날룰, 리모넨, 벤질살리실레이트, 시트로넬올, 파네솔, 쿠마린, 시트랄"
"A000000160733","[장벽강화] 스킨앤랩 베리어덤 인텐시브 크림 2세대 50ml","스킨앤랩","50.0","50.0","ml","","23000","4600.0","정제수, 글리세린, 부틸렌글라이콜, 세틸에틸헥사노에이트, 사이클로펜타실록세인, 하이드로제네이티드폴리(C6-14올레핀), 펜타에리스리틸테트라에틸헥사노에이트, 다이메티콘, 스쿠알란, 1,2-헥산다이올, 폴리글리세릴-3메틸글루코오스다이스테아레이트, 펜틸렌글라이콜, 하이드로제네이티드식물성오일, 카나우바왁스, 하이드로제네이티드올리브오일라우릴에스터, 라벤더오일, 로즈마리잎오일, 소듐하이알루로네이트, 글리세릴스테아레이트, 판테놀, 폴리메틸실세스퀴옥세인, 하이드록시에틸아크릴레이트/소듐아크릴로일다이메틸타우레이트코폴리머, 만니톨, 글리세릴아라키도네이트, 글리세릴리놀리에이트, 글리세릴리놀리네이트, 아라키딜글루코사이드, 세테아릴글루코사이드, 에틸헥실글리세린, 다이포타슘글리시리제이트, 세린, 글라이신, 레시틴, 소듐파이테이트, 알지닌, 히스티딘, 하이드로제네이티드레시틴, 카프릴릴글라이콜, 글루코오스, 베타-글루칸, 카프릴릭/카프릭트라이글리세라이드, 소듐폴리아크릴레이트, 아이소트라이데실아이소노나노에이트, 세라마이드엔피, 다이프로필렌글라이콜, 토코페롤, 트라이데세스-6, 카프릴릴/카프릴글루코사이드, 스테아릴알코올, 아라키딜알코올, 세틸알코올, 세테아릴알코올, 베헤닐알코올, 잔탄검, 미리스틸알코올, 라우릴알코올"
"A000000161573","스킨1004 마다가스카르 센텔라 수딩 크림 75ml","스킨1004","75.0","75.0","ml","","23000","3066.7","정제수, 글리세린, 프로판다이올, 다이프로필렌글라이콜, 사이클로펜타실록세인, 병풀추출물, 1,2-헥산다이올, 사이클로헥사실록세인, 트레할로오스, 카프릴릴메티콘, C12-14파레스-12, 카보머, 트로메타민, C30-45알킬세테아릴다이메티콘크로스폴리머, 암모늄아크릴로일다이메틸타우레이트/브이피코폴리머, 부틸렌글라이콜, 잔탄검, 생강추출물, 페퍼민트잎추출물, 에틸헥실글리세린, 다이포타슘글리시리제이트, 트라넥사믹애씨드, 덱스트린, 카카오씨추출물, 류코노스톡/무발효여과물, 바이오사카라이드검-1, 다이소듐이디티에이, 소듐하이알루로네이트, 베타-글루칸, 하이드로제네이티드레시틴, 콥티스뿌리추출물, 세테아릴알코올, 스테아릭애씨드, 세라마이드엔피, 세라마이드엔지, 콜레스테롤, 피토스핑고신, 세라마이드에이에스, 세라마이드에이피, 세라마이드이오피"
"A000000161626","클레어스 리치 모이스트 수딩 크림 80g","디어클레어스","80.0","80.0","g(약 1ml 상당으로 근사)","","22900","2862.5","정제수, 글리세린, 카프릴릭/카프릭트라이글리세 라이드, 사이클로펜타실록세인, 세틸알코올, 글리세릴스테 아레이트, 세틸에틸헥사노에이트, 시어버터, 호호바씨오일, 스테아릭애씨드, 부틸렌글라이콜, 솔비탄세스퀴올리에이트, 마이크로크리스탈린왁스, 베타인, 솔비탄스테아레이트, 피 이지-100스테아레이트, 다이메티콘, 알지닌, 카보머, 클로 페네신, 토코페릴아세테이트, 모란뿌리추출물, 스타아니스 추출물, 연꽃추출물, 자몽추출물, 황금추출물, 시트릭애씨드, 베타-글루칸, 하이드로제네이티드레시틴, 쇠비름추출물, 1, 2-헥산다이올, 병풀추출물, 알로에베라잎추출물, 접시꽃추 출물, 소듐하이알루로네이트, 세라마이드엔피, 다이소듐이디 티에이, 폴리쿼터늄-51, 셀러리추출물, 순무잎추출물, 쌀겨 추출물, 양배추추출물, 다이소듐아데노신트라이포스페이트, 당근추출물, 브로콜리추출물, 토마토열매/잎/줄기추출물, 라이신에이치씨엘, 소듐아스코빌포스페이트, 아세틸메티오 닌, 테아닌, 프롤린, 팔미틱애씨드, 아라키딕애씨드, 올레익 애씨드, 소듐하이드록사이드, 알진, 파파야열매추출물, 낫토 검, 레몬껍질오일, 라벤더오일, 오렌지껍질오일, 센티드제라 늄꽃오일, 일랑일랑꽃오일, 유칼립투스잎오일"
"A000000161804","라로슈포제 똘러리앙 덤알레르고 플루이드 40ml","라로슈포제","40.0","40.0","ml","","31000","7750.0","정제수@글리세린@부틸렌글라이콜@프로판다이올@시어버터@펜틸렌글라이콜@스쿠알란@폴리솔베이트20@옥수수전분@단삼뿌리추출물@글리세릴아크릴레이트/아크릴릭애씨드코폴리머@스핑고모나스발효추출물@암모늄폴리아크릴로일다이메틸타우레이트@하이드록시아세토페논@카프릴릴글라이콜@시트릭애씨드@트라이소듐에틸렌다이아민다이석시네이트@아세틸다이펩타이드-1세틸에스터"
"A000000161805","라로슈포제 똘러리앙 덤알레르고 크림 40ml","라로슈포제","40.0","40.0","ml","","34000","8500.0","정제수@아이소세틸스테아레이트@스쿠알란@시어버터@다이메티콘@글리세린@옥수수전분@펜틸렌글라이콜@부틸렌글라이콜@글리세릴스테아레이트@피이지-100스테아레이트@세틸알코올@단삼뿌리추출물@다이메티콘올@소듐하이드록사이드@스핑고모나스발효추출물@카프릴릴글라이콜@시트릭애씨드@아세틸다이펩타이드-1세틸에스터@아크릴레이트/C10-30알킬아크릴레이트크로스폴리머"
"A000000162356","[피부장벽/진정] 닥터디퍼런트 시카 메탈 크림 50g(기획/단품)","닥터디퍼런트","50.0","50.0","g(약 1ml 상당으로 근사)","45000","31500","6300.0","정제수, 부틸렌글라이콜, 식물성오일, 글리세린, 펜타에리스리틸테트라이소스테아레이트, 카프릴릭/카프릭트라이글리세라이드, 시어버터, 1,2-헥산다이올, 하이드로제네이티드식물성오일, 세틸알코올, 부틸렌글라이콜다이카프릴레이트/다이카프레이트, 다이메티콘, 폴리글리세릴-3메틸글루코오스다이스테아레이트, 스테아릭애씨드, 솔비탄세스퀴올리에이트, 세테아릴올리베이트, 하이드로제네이티드레시틴, 글리세릴스테아레이트에스이, 솔비탄올리베이트, 마데카소사이드, 카보머, 베헤닉애씨드, 트로메타민, 에틸헥실글리세린, 카프릴릴글라이콜, 스타에릴알코올, 베헤닐알코올, 토코페롤, 잔탄검, 미리스틱애씨드, 덱스트린, 아시아티코사이드, 징크피씨에이, 글루코노락톤, 병풀추출물, 카퍼트라이펩사이드-1"
"A000000162415","[1등수분밀착크림/민감피부개선] 셀퓨전씨 약산성 패리어 수분 크림 80ml","셀퓨전씨","80.0","80.0","ml","36000","22900","2862.5","정제수, 프로판다이올, 아이소도데케인, 부틸렌글라이콜, 글리세린, 부틸렌글라이콜다이카프릴레이트/다이카프레이트, 메틸트라이메티콘, 글리세릴글루코사이드, 트레할로오스, 베타인, 달맞이꽃오일, 엑토인, 세라마이드엔피, 소듐하이알루로네이트크로스폴리머, 레몬밤잎추출물, 하이드롤라이즈드하이알루로닉애씨드, 소듐하이알루로네이트, 로즈마리닉애씨드, 하이알루로닉애씨드, 1,2-헥산다이올, 세테아릴올리베이트, 하이드록시에틸아크릴레이트/소듐아크릴로일다이메틸타우레이트코폴리머, 폴리프로필실세스퀴옥세인, 솔비탄올리베이트, 스테아릴알코올, 세틸알코올, 다이메티콘/비닐다이메티콘크로스폴리머, 에틸헥실글리세린, 솔비탄아이소스테아레이트, 시트릭애씨드, 소듐시트레이트, 다이소듐이디티에이, 미리스틸알코올, 피토스핑고신, 하이드로제네이티드레시틴, 라우릴알코올"
"A000000162589","보나쥬르 비건 그린티 워터크림 100ml","보나쥬르","100.0","100.0","ml","18000","17000","1700.0","정제수,부틸렌글라이콜,카프릴릭/카프릭트라이글리세라이드,녹차추출물,스쿠알란(식물성스쿠알란),나이아신아마이드,글리세린,다이카프릴릴카보네이트,소듐하이알루로네이트,폴리글루타믹애씨드,카퍼트라이펩타이드-1,에스에이치-폴리펩타이드-7,에스에이치-데카펩타이드-7,에스에이치-옥타펩타이드-4,에스에이치-올리고펩타이드-9,에스에이치-펜타펩타이드-19,글리세릴스테아레이트,바오밥나무씨오일,알란토인,다이포타슘글리시리제이트,판테놀,세테아릴알코올,1,2-헥산다이올,아데노신,카보머,알지닌,다이소듐이디티에이,프로판다이올,카프릴하이드록사믹애씨드,소듐폴리아크릴로일다이메틸타우레이트,다이카프릴릴에터,펜틸렌글라이콜,폴리글리세릴-10다이라우레이트,카프릴릴글라이콜,토코페롤"
"A000000163106","록시땅 시어 버터 울트라 리치 페이스 크림 50ml","록시땅","50.0","50.0","ml","","49000","9800.0","정제수 시어버터 다이카프릴릴카보네이트 글리세린 타피오카전분 펜틸렌글라이콜 세테아릴알코올 글리세릴스테아레이트 피이지-100스테아레이트 다이메티콘 유럽밤나무씨추출물 해바라기씨오일 세테아레스-33 하이드록시에틸아크릴레이트/소듐아크릴로일다이메틸타우레이트코폴리머 소듐피씨에이 글리세릴카프릴레이트 토코페롤 잔탄검 솔비탄아이소스테아레이트 폴리솔베이트60 카프릴릴글라이콜 1,2-헥산다이올 향료"
"A000000163496","[수분진정] 라운드랩 포 맨 자작나무 수분 크림 75ml","라운드랩","75.0","75.0","ml","26000","19500","2600.0","정제수, 부틸렌글라이콜, 다이프로필렌글라이콜, 글리세린, 페닐트라이메티콘, 1,2-헥산다이올, 자작나무수액(11,964ppm), 다이카프릴릴카보네이트, 폴리글리세릴-3메틸글루코오스다이스테아레이트, 글리세릴글루코사이드, 다이포타슘글리시리제이트, 알란토인, 쇠비름추출물, 소듐하이알루로네이트, 하이알루로닉애씨드, 아스코빅애씨드, 포도추출물, 감나무잎추출물, 호장근뿌리추출물, 잇꽃꽃추출물, 커피콩추출물, 녹차추출물, 초피나무열매추출물, 밤껍질추출물, 베타인, 토코페롤. 카프릴릴메티콘. 에틸헥실글리세린. 암모늄아크릴로일다이메틸타우레이트/브이피코폴리머. 하이드록시에틸아크릴레이트/소듐아크릴로일다이메틸타우레이트코폴리머, 하이드로제네이티드레시틴. C30-45알킬세테아릴다이메티콘크로스폴리머. 소듐폴리아크릴레이트. 폴리쿼터늄-51. 솔비탄아이소스테아레이트. 덱스트린. 글리세릴카프릴레이트. 치자추출물. C12-16알코올. 팔미틱애씨드, 다이소듐이디티에이"
"A000000163651","[증정기획] 닥터지 로얄 블랙스네일 크림세트 (50ml+15ml 증정)","닥터지","50.0","65.0","ml","","42000","6461.5","정제수, 달팽이점액여과물, 다이프로필렌글라이콜, 글리세린, 사이클로헥사실록세인, 세테아릴알코올, 카프릴릭/카프릭트라이글리세라이드, 트라이에틸헥사노인, 나이아신아마이드, 하이드로제네이티드폴리데센, 하이드로제네이티드폴리아이소부텐, 하이드로제네이티드폴리(C6-14올레핀), 비즈왁스, 하이드롤라이즈드로얄젤리단백질, 꿀추출물, 1,2-헥산다이올, 팔미틱애씨드, 스테아릭애씨드, 세테아릴글루코사이드, 글라이코실트레할로오스, 폴리글리세릴-2스테아레이트, 비닐다이메티콘, 세테아릴올리베이트, 글리세릴스테아레이트, 부틸렌글라이콜, 하이드로제네이티드스타치하이드롤리세이트, 시어버터, 스테아릴알코올, 카프릴릴글라이콜, 솔비탄올리베이트, 하이드록시에틸아크릴레이트/소듐아크릴로일다이메틸타우레이트코폴리머, 참마뿌리추출물, 알지닌, 카보머, 하이드롤라이즈드옥수수전분, 잔탄검, 아데노신, 하이드로제네이티드레시틴, 에틸헥실글리세린, 베타-글루칸, 카라멜, 페네틸알코올, 수크로오스, 솔비탄아이소스테아레이트, 쇠비름추출물, 진주가루, 파이틱애씨드, 트라넥사믹애씨드, 말토덱스트린, 미리스틱애씨드, 글루코오스, 병풀추출물, 진흙버섯추출물, 펜틸렌글라이콜, 자이모모나스발효추출물, 향료"
"A000000164251","플리프 시카-알로에 프레쉬 수분크림 150ml","플리프","150.0","150.0","ml","","21000","1400.0","알로에베라잎추출물,에탄올,글리세린,병풀추출물,베타인,부틸렌글라이콜,나이아신아마이드,다이카프릴릴카보네이트,녹차추출물,애플민트잎추출물,버지니아풍년화잎추출물,레몬밤잎추출물,카멜그라스추출물,대왕송잎추출물,당느릅나무뿌리추출물,달맞이꽃추출물,칡뿌리추출물,아시아티코사이드,마데카식애씨드,아시아틱애씨드,하이드로제네이티드레시틴,정제수,폴리글리세릴-10올리에이트,다이프로필렌글라이콜,소듐하이알루로네이트,소듐하이알루로네이트크로스폴리머,하이드롤라이즈드하이알루로닉애씨드,하이알루로닉애씨드,하이드롤라이즈드소듐하이알루로네이트,마카다미아씨오일,세라마이드엔피,스쿠알란,세테아릴알코올,라이신,히스티딘,알지닌,아스파틱애씨드,트레오닌,세린,글루타믹애씨드,프롤린,글라이신,알라닌,발린,메티오닌,아이소류신,류신,타이로신,페닐알라닌,시스테인,폴리메틸메타크릴레이트,다이글리세린,자일리톨,알란토인,암모늄아크릴로일다이메틸타우레이트/브이피코폴 리머,잔탄검,카보머,아데노신,트로메타민,다이소듐이디티에이,1,2-헥산다이올,하이드록시아세토페논,에틸헥실글리세린,레몬오일,오렌지껍질오일,베르가모트오일,리모넨"
"A000000164571","믹순 콩 스틱 밤 11.5ml","믹순","11.5","11.5","ml","","35000","30434.8","해바라기씨오일, 폴리글리세릴-2트라이아이소스테아레이트, 옥틸도데칸올, 시어버터칸데릴라왁스, 마이크로크리스탈린왁스, 다이아이소스테아릴말레이트, 마카다미아씨오일폴리글리세릴-6에스터스베헤네이트, 스위트아몬드오일, 토코페릴아세테이트, 피마자씨오일, 합성왁스, 폴리에틸렌, 폴리메틸실세스퀴옥세인, 비닐다이메티콘/메티콘실세스퀴옥세인크로스폴리머, 돌콩오일(10,000ppm), 솔비탄올리베이트, 한련초추출물, 인도멀구슬나무잎추출물, 모나스커스추출물, 락토바실러스/석류발효추출물, 락토바실러스/콩발효추출물(1.1ppm), 비타민나무열매오일, 녹차씨오일, 동백나무씨오일, 아르간커넬오일, 올리브오일, 퀸즈랜드넛오일, 호호바씨오일, 알파-비사보롤, 토코페롤, 드럼스틱씨오일, 락토코쿠스발효용해물, 락토바실러스/아세로라체리발효물, 락토바실러스발효물, 락토바실러스발효용해물, 락토코쿠발효물, 류코노스톡/무발여과물, 비피다발효여과물, 데하이드로아세틱애씨드"
"A000000164574","믹순 병풀 스틱 밤 11.5ml","믹순","11.5","11.5","ml","","35000","30434.8","해바라기씨오일, 폴리글리세릴-2트라이아이소스테아레이트, 옥틸도데칸올, 시어버터칸데릴라왁스, 마이크로크리스탈린왁스, 다이아이소스테아릴말레이트, 마카다미아씨오일폴리글리세릴-6에스터스베헤네이트, 스위트아몬드오일, 토코페릴아세테이트, 피마자씨오일, 합성왁스, 폴리에틸렌, 폴리메틸실세스퀴옥세인, 비닐다이메티콘/메티콘실세스퀴옥세인크로스폴리머, 돌콩오일(10,000ppm), 솔비탄올리베이트, 한련초추출물, 인도멀구슬나무잎추출물, 모나스커스추출물, 락토바실러스/석류발효추출물, 락토바실러스/콩발효추출물(1.1ppm), 비타민나무열매오일, 녹차씨오일, 동백나무씨오일, 아르간커넬오일, 올리브오일, 퀸즈랜드넛오일, 호호바씨오일, 알파-비사보롤, 토코페롤, 드럼스틱씨오일, 락토코쿠스발효용해물, 락토바실러스/아세로라체리발효물, 락토바실러스발효물, 락토바실러스발효용해물, 락토코쿠발효물, 류코노스톡/무발여과물, 비피다발효여과물, 데하이드로아세틱애씨드"
"A000000164614","어바웃미 숲 진정 수분 크림 80ml (100시간 수분지속 진정크림)","어바웃미","80.0","80.0","ml","","30000","3750.0","편백수, 글리세린, 부틸렌글라이콜, 비닐다이메티콘, 1,2-헥산다이올, 카프릴릴메티콘, 나이아신아마이드, 펜틸렌글라이콜, 정제수, 클로렐라 불가리스추출물, 살비아오일, 인도멀구슬나무잎추출물, 불가리스쑥오일, 바질오일, 인도멀구슬나무꽃추출물, 소듐하이알루로네이트, 카카오씨추출물, 보리지추출물, 수레국화꽃추출물, 병풀잎추출물, 마트리카리아꽃/잎추출물, 히아신스전초추출물, 라벤더꽃수, 클레리추출물, 하이드롤라이즈드식물성단백질, 티트리잎추출물, 하이드로제네이티드폴리데센, 글루코오스, 암X5:AD5모늄아크릴로일다이메틸타우레이트/브이피코폴리머, 하이드록시아세토페논, 아크릴레이트/C10-30알킬아크릴레이트크로스폴리머, 프룩토올리고사카라이드, 프룩토오스, 다이메티콘올, 세테아릴올리베이트, 솔비탄올리베이트, 트로메타민, 하이드록시에틸아크릴레이트/소듐아크릴로일다이메틸타우레이트코폴리머, 다이포타슘글리시리제이트, 에틸헥실글리세린, 시트릭애씨드, 소듐파이테이트, 아데노신, 솔비탄아이소스테아레이트, 덱스트린, 하이드로클로릭애씨드, 알란토인, 말토덱스트린, 카보머"
"A000000165055","[슬로우에이징]바이오더마 센시비오 디펜시브 리치 40ml","바이오더마","40.0","40.0","ml","31500","20900","5225.0","정제수, 글리세린, 다이카프릴릴에터, 글라이콜팔미테이트, 부틸렌글라이콜, 세틸팔미테이트, 글리세릴스테아레이트시트레이트, 스쿠알란, 수크로오스스테아레이트, 트라이데실트라이멜리테이트, 글리세릴다이베헤네이트, 폴리솔베이트60, 펜틸렌글라이콜, 트라이베헤닌, 글리세릴베헤네이트, 아크릴레이트/C10-30알킬아크릴레이트크로스폴리머, 카프릴릴글라이콜, 카르노신, 하이드록시에틸아크릴레이트/소듐아크릴로일다이메틸타우레이트코폴리머, 만니톨, 자일리톨, 토코페롤, 단삼꽃/잎/뿌리추출물, 람노오스, 돌콩오일, 솔비탄아이소스테아레이트, 소듐하이드록사이드, 팔미토일테트라펩타이드-10"
"A000000165056","[슬로우에이징]바이오더마 센시비오 디펜시브 40ml","바이오더마","40.0","40.0","ml","31500","20900","5225.0","정제수, 글리세린, 다이카프릴릴에터, 프로필헵틸카프릴레이트, 부틸렌글라이콜, 글리세릴스테아레이트시트레이트, 글라이콜팔미테이트, 스쿠알란, 수크로오스스테아레이트, 망고씨버터, 펜틸렌글라이콜, 아크릴레이트/C10-30알킬아크릴레이트크로스폴리머, 카프릴릴글라이콜, 카르노신, 하이드록시에틸아크릴레이트/소듐아크릴로일다이메틸타우레이트코폴리머, 만니톨, 자일리톨, 토코페롤, 단삼꽃/잎/뿌리추출물, 람노오스, 돌콩오일, 폴리솔베이트60, 솔비탄아이소스테아레이트, 팔미토일테트라펩타이드-10"
"A000000166418","비판톨 더마 리플레니싱 데일리 모이스처 페이스 크림 50ml","비판톨","50.0","50.0","ml","28000","22400","4480.0","정제수, 카프릴릭/카프릭트라이글리세라이드, 글리세린, 1,2-헥산다이올, 시어버터, 판테놀, 폴리글리세릴-6다이스테아레이트, 세테아릴알코올, 아이소프로필아이소스테아레이트, 나이아신아마이드, 스쿠알란, 호호바에스터, 토코페릴아세테이트, 글리세릴스테아레이트시트레이트, 베헤닐알코올, 아라비아고무나무검, 폴리글리세릴-3비즈왁스, 세틸알코올, 잔탄검, 아르간커넬오일, 시트릭애씨드"
"A000000167259","OOTD AM 인텐스 아이세럼 30ml","OOTD","30.0","30.0","ml","33000","16410","5470.0","정제수, 글리세린, 프로필렌글라이콜, 세틸에틸헥사노에이트, 하이드로제네이티드폴리데센, 세테아릴올리베이트, 페녹시에탄올, 솔비탄올리베이트, 하이드록시에틸아크릴레이트/소듐아크릴로일다이메틸타우레이트코폴리머, 다이메티콘, 알란토인, 향료, 에틸헥실글리세린, 폴리솔베이트60, 솔비탄아이소스테아레이트, 다이소듐이디티에이, 아스코빅애씨드, 카페인, 부틸렌글라이콜, 1,2-헥산다이올, 소듐하이알루로네이트"
"A000000167839","달팡 하이드라스킨 리치/라이트 크림 50ml","달팡","50.0","50.0","ml","72000","61200","12240.0","리치 크림-정제수, 글리세릴스테아레이트에스이, 쉐어버터, 트리데실트리멜리테이트, 하이드로제네이티드폴리데센, 하이드로제네이티드폴리이소부텐, 올리브오일데실에스터, 부틸렌글라이콜, 프로판디올, 스테아릭애씨드, 퉁퉁마디추출물, 프렌치라벤더추출물, 모근추출물, 망고추출물, 망고씨드버터, 이눌린, 디메치콘, 팔미틱애씨드, 토코페릴아세테이트, 하이드로제네이티드식물성오일, 판테놀, 글리세린, 카프릴릭/카프릭트리글리세라이드, 포타슘세틸포스페이트, 카프릴릴글라이콜, 스쿠알렌, 셀룰로오스검, 카보머, 올레익애씨드, 잔탄검, 펜타에리스리틸테트라-디-t-부틸하이드록시하이드로신나메이트, 소듐하이드록사이드, 향료, 하이드록시이소헥실3-사이클로헥센카복스알데하이드, 헥실신남알, 리모넨, 부틸페닐메칠프로피오날, 알파-이소메칠이오논, 리날룰, 하이드록시시트로넬알, 시트로넬올, 벤질벤조에이트, 시트랄, 제라니올, 테트라소듐이디티에이, 소듐벤조에이트, 클로페네신, 페녹시에탄올 

라이트 크림-정제수, 글리세린, 디메치콘, 폴리소르베이트60, 세틸팔미테이트, 프로판디올, 하이드로제네이티드폴리데센, 소르비탄스테아레이트, 스쿠알란, 모근추출물, 트리데실스테아레이트, 오이추출물, 키위추출물, 퉁퉁마디추출물, 프렌치라벤더추출물, 트리데실트리멜리테이트, 부틸렌글라이콜, 토코페릴아세테이트, 디펜타에리스리틸헥사카프릴레이트/헥사카프레이트, 판테놀, 아크릴레이트/C10-30알킬아크릴레이트크로스폴리머, 카프릴릭/카프릭트리글리세라이드, 에칠헥실글리세린, 디메치콘올, 하이드로제네이티드식물성오일, 하이드록시에칠아크릴레이트/소듐아크릴로일디메칠타우레이트코폴리머, 이소헥사데칸, 소듐하이알루로네이트, 카프릴릴글라이콜, 소듐하이드록사이드, 카보머, 테트라소듐이디티에이, 소듐벤조에이트, 클로페네신, 향료, 알파-이소메칠이오논, 리모넨, 부틸페닐메칠프로피오날, 헥실신남알, 리날룰, 하이드록시이소헥실3-사이클로헥센카복스알데하이드, 하이드록시시트로넬알, 시트로넬올, 벤질벤조에이트, 시트랄, 제라니올, 황색4호, 청색1호"
"A000000168871","CKD 레티노콜라겐 저분자 300 크림 1+1 기획","CKD","","","","38000","25900","","정제수,하이드로제네이티드폴리데센,부틸렌글라이콜,카프릴릭/카프릭트라이글리세라이드,글리세린,펜타에리스리틸테트라에틸헥사노에이트,사이클로헥사실록세인,글리세릴스테아레이트,세테아릴알코올,나이아신아마이드,폴리글리세릴-6다이스테아레이트,1,2-헥산다이올,황벽나무껍질추출물,향기제비꽃잎추출물,수용성콜라겐,소듐하이알루로네이트,팔마로사오일,하이드로제네이티드레시틴,베르가모트오일,올리브오일,센티드제라늄꽃오일,라벤더오일,캐모마일꽃오일,연필향나무오일,오렌지껍질오일,로즈우드오일,화이트참파카꽃오일,멕시칸주니퍼오일,오렌지꽃오일,다이프로필렌글라이콜,판테놀,다이카프릴릴에터,폴리글리세릴-10라우레이트,하이드롤라이즈드콜라겐,비즈왁스,소듐스테아로일글루타메이트,하이드록시에틸아크릴레이트/소듐아크릴로일다이메틸타우레이트코폴리머,에탄올,호호바에스터,하이드록시아세토페논,세틸알코올,폴리글리세릴-3비즈왁스,에틸헥실글리세린,잔탄검,아데노신,다이소듐이디티에이,베헤닐알코올,솔비탄아이소스테아레이트,소듐라우레이트,글리세릴스테아레이트에스이,레틴알,글리세릴폴리메타크릴레이트,라우릭애씨드,솔비탄라우레이트,세라마이드엔피,콜레스테롤,글라이신,수크로오스다이스테아레이트,세린,글루타믹애씨드,하이드록시에틸셀룰로오스,아세틸다이펩타이드-1세틸에스터,아스파틱애씨드,류신,다이펩타이드다이아미노부티로일벤질아마이드다이아세테이트,알라닌,라이신,토코페롤,알지닌,타이로신,페닐알라닌,발린,트레오닌,프롤린,아이소류신,히스티딘,메티오닌,시스테인,엘라스틴,포스포리피드,하이알루로닉애씨드,노나펩타이드-1,아세틸헥사펩타이드-8,카퍼트라이펩타이드-1,카프릴릴글라이콜,트라이펩타이드-1,팔미토일테트라펩타이드-7,팔미토일트라이펩타이드-1,팔미토일펜타펩타이드-4,헥사펩타이드-9,제라니올,리모넨,리날룰,시트로넬올,시트랄"
"A000000169480","[24시간수분잠금] 아비브 수분초 히알루론 크림 하이드레이팅 팟 80ml","아비브","80.0","80.0","ml","","35000","4375.0","정제수, 글리세린, 세틸에틸헥사노에이트, 카프릴릭/카프릭트라이글리세라이드, 펜틸렌글라이콜, 베타인, 퀸즈랜드넛오일, 1,2-헥산다이올, 클로렐라 불가리스추출물, 돌나물추출물(1,000 ppm), 소듐하이알루로네이트(130 ppm), 병풀잎추출물, 하이드롤라이즈드식물성단백질, 하이드롤라이즈드하이알루로닉애씨드(0.1 ppm), 하이알루로닉애씨드(0.025 ppm), 판테놀, 트로메타민, 하이드록시에틸아크릴레이트/소듐아크릴로일다이메틸타우레이트코폴리머, 글루코오스, 하이드록시아세토페논, 부틸렌글라이콜, 프룩토올리고사카라이드, 프룩토오스, 에틸헥실글리세린, 세테아릴올리베이트, 알란토인, 다이포타슘글리시리제이트, 솔비탄올리베이트, 마데카소사이드, 라우로일라이신, 소듐파이테이트, 하이드로제네이티드레시틴, 콜레스테롤, 베타-글루칸, 아시아티코사이드, 말토덱스트린, 토코페롤, 포스포리피드, 세라마이드엔피, 하이드록시프로필트라이모늄하이알루로네이트(1 ppm), 소듐아세틸레이티드하이알루로네이트(0.1 ppm), 알지닌, 피토스테롤, 하이드롤라이즈드소듐하이알루로네이트(0.01 ppm), 소듐하이알루로네이트크로스폴리머(0.01 ppm), 포타슘하이알루로네이트(0.002 ppm), 구아하이드록시프로필트라이모늄클로라이드, 카보머"
"A000000170025","[대용량 속건조크림] 피캄 카토 크림 80ml","피캄","80.0","80.0","ml","32500","19500","2437.5","정제수, 글리세린, 부틸렌글라이콜, 부틸렌글라이콜다이카프릴레이트/ 다이카프레이트, 펜타에리스리틸테트라아이소스테아레이트, 비닐 다이메티콘, 세틸에틸헥사노에이트, 나이아신아마이드, C14-22알코올, 페닐트라이메티콘, 베헤닐알코올, 하이드로제네이티드 식물성오일, 스테아릭애씨드, 아라키딜알코올, 글리세릴카프릴레이트, C12-20알킬글루코사이드, 세테아릴알코올, 카프릴릴글라이콜, 아라키딜글루코사이드, 카보머, 알지닌, 팔미틱애씨드, 알란토인, 실리카, 폴리아크릴레이트-13, 암모늄아크릴로일다이메틸타우레이트/ 브이피코폴리머, 토코페롤, 하이드로제네이티드레시틴, 에틸헥실 글리세린, 아데노신, 하이드로제네이티드폴리아이소부텐, 세라마 이드엔피, 1,2-헥산다이올, 토코페릴아세테이트, 콜레스테롤, 스쿠알란, 비사보롤, 마카다미아씨오일, 다이메티콘, 폴리글리세릴 -10라우레이트, 에틸헥실팔미테이트, 옥틸도데칸올, 글루코오스, 유채스테롤, 올레익애씨드, 솔비탄아이소스테아레이트, t-부틸알코올, 아라키딕애씨드, 소듐하이알루로네이트, 양까막까치밥나무씨오일, 미리스틱애씨드, 글루타티온, 올레익애씨드, 타라열매추출물, 아시 아티코사이드, 마데카식애씨드, 아시아틱애씨드, 해바라기씨오일 불검화물, 코토니추출물, 락토바실러스발효용해물, 락토바실러스 발효물, 해바라기씨오일, 풍선덩굴꽃/잎/덩굴추출물, 로즈마리잎 추출물"
"A000000170039","[트러블/세럼 증정] 닥터지 에이클리어 밸런싱 모이스처라이저 70ml 기획 (+세럼 10ml)","닥터지","70.0","80.0","ml","","29000","3625.0","1. 모이스처라이저: 정제수, 글리세린, 카프릴릭/카프릭트라이글리세라이드, 펜틸렌글라이콜, 네오펜틸글라이콜다이헵타노에이트, 폴리글리세릴-2스테아레이트, 하이드록시에틸아크릴레이트/소듐아크릴로일다이메틸타우레이트코폴리머, 아라키딜알코올, 글리세릴스테아레이트, 스테아릴알코올, 세테아릴알코올, 아이소프로필아이소스테아레이트, 석시닉애씨드, 솔비탄스테아레이트, 베헤닐알코올, 1,2-헥산다이올, 트로메타민, 글리세릴스테아레이트에스이, 포타슘세틸포스페이트, 아라키딜글루코사이드, 판테놀, 락토바실러스발효물, 카프릴릴글라이콜, 알란토인, 부틸렌글라이콜, 스핑고모나스발효추출물, 세라마이드엔피, 알루미늄전분옥테닐석시네이트, 베타인, 다이포타슘글리시리제이트, 하이드로제네이티드레시틴, 솔비탄아이소스테아레이트, 수크로오스코코에이트, 피토스핑고신, 에틸헥실글리세린, 다이소듐이디티에이, 글루코오스, 약모밀추출물, 워터민트추출물, 애플민트잎추출물, 스피어민트추출물, 병풀추출물, 토코페롤, 아시아틱애씨드, 아시아티코사이드, 마데카식애씨드, 마데카소사이드

2. 세럼: 정제수, 펜틸렌글라이콜, 2,3-부탄다이올, 다이에톡시에틸석시네이트, 다이메틸설폰, 나이아신아마이드, 락토바실러스발효물, 암모늄폴리아크릴로일다이메틸타우레이트, 글리세린, 판테놀, 석시닉애씨드, 트로메타민, 부틸렌글라이콜, 다이포타슘글리시리제이트, 알란토인, 스테비아잎/줄기추출물, 1,2-헥산다이올, 다이소듐이디티에이, 덱스트린, 카카오씨추출물, 병풀추출물, 약모밀추출물, 워터민트추출물, 애플민트잎추출물, 스피어민트추출물, 아시아틱애씨드, 아시아티코사이드, 마데카식애씨드, 마데카소사이드, 흰버드나무껍질추출물"
"A000000170299","[24시간수분잠금] 아비브 수분초 히알루론 크림 하이드레이팅 팟 80ml 기획(+수분초 패드 10매 증정)","아비브","80.0","80.0","ml","","35000","4375.0","[수분초 히알루론 크림]
정제수, 글리세린, 세틸에틸헥사노에이트, 카프릴릭/카프릭트라이글리세라이드, 펜틸렌글라이콜, 베타인, 퀸즈랜드넛오일, 1,2-헥산다이올, 클로렐라 불가리스추출물, 돌나물추출물(1,000 ppm), 소듐하이알루로네이트(130 ppm), 병풀잎추출물, 하이드롤라이즈드식물성단백질, 하이드롤라이즈드하이알루로닉애씨드(0.1 ppm), 하이알루로닉애씨드(0.025 ppm), 판테놀, 트로메타민, 하이드록시에틸아크릴레이트/소듐아크릴로일다이메틸타우레이트코폴리머, 글루코오스, 하이드록시아세토페논, 부틸렌글라이콜, 프룩토올리고사카라이드, 프룩토오스, 에틸헥실글리세린, 세테아릴올리베이트, 알란토인, 다이포타슘글리시리제이트, 솔비탄올리베이트, 마데카소사이드, 라우로일라이신, 소듐파이테이트, 하이드로제네이티드레시틴, 콜레스테롤, 베타-글루칸, 아시아티코사이드, 말토덱스트린, 토코페롤, 포스포리피드, 세라마이드엔피, 하이드록시프로필트라이모늄하이알루로네이트(1 ppm), 소듐아세틸레이티드하이알루로네이트(0.1 ppm), 알지닌, 피토스테롤, 하이드롤라이즈드소듐하이알루로네이트(0.01 ppm), 소듐하이알루로네이트크로스폴리머(0.01 ppm), 포타슘하이알루로네이트(0.002 ppm), 구아하이드록시프로필트라이모늄클로라이드, 카보머
[수분초 히알루론 패드]
정제수, 메틸프로판다이올, 글리세린, 1,2-헥산다이올, 프로판다이올, 다이프로필렌글라이콜, 베타인, 트레할로오스, 소듐시트레이트, 알란토인, 카페인, 석시닉애씨드, 글리세릴글루코사이드, 카프릴릴글라이콜, 폴리글리세릴-10라우레이트, 에틸헥실글리세린, 글루코노락톤, 돌나물추출물(310ppm), 부틸렌글라이콜, 다이소듐이디티에이, 잔탄검, 하이드록시에틸셀룰로오스, 펜틸렌글라이콜, 소듐하이알루로네이트(84.8ppm), 아세틸글루코사민, 백미꽃추출물, 글루코오스, 하이드록시아세토페논, 소듐클로라이드, 판테놀, 솔비톨, 접시꽃추출물, 소듐하이알루로네이트크로스폴리머(1.26ppm), 하이드록시프로필트라이모늄하이알루로네이트(1ppm), 하이드롤라이즈드하이알루로닉애씨드(0.1ppm), 소듐아세틸레이티드하이알루로네이트(0.1ppm), 하이알루로닉애씨드(0.025ppm), 다이포타슘포스페이트, 아세틸글루타민, 하이드롤라이즈드소듐하이알루로네이트(0.01ppm), 포타슘하이알루로네이트(0.002ppm), 셀룰로오스검"
"A000000170691","유세린 이븐래디언스 다크서클 아이크림 15ml","유세린","15.0","15.0","ml","","39000","26000.0","정제수,글리세린,프로판다이올,비닐다이메티콘,세틸에틸헥사노에이트,나이아신아마이드,1,2-헥산다이올,판테놀,부틸렌글라이콜,소듐폴리아크릴로일다이메틸타우레이트,카보머,폴리글리세릴-6스테아레이트,자일리틸글루코사이드,트로메타민,글리세릴글루코사이드,하이드로제네이티드폴리데센,안하이드로자일리톨,폴리글리세릴-2스테아레이트,글리세릴스테아레이트,하이드로제네이티드레시틴,폴리글리세릴-10올리에이트,스테아릴알코올,자일리톨,스페인감초뿌리추출물,에틸헥실글리세린,트라이데세스-10,폴리글리세릴-6베헤네이트"
"A000000171615","허블룸 콤부차 비건 콜라겐 크림 50ml","허블룸","50.0","50.0","ml","38000","30400","6080.0","*효모자일리눔/홍차발효물(40.53%), *오렌지수, *글리세린, 아르간커넬오일, 부틸렌글라이콜, 하이드로제네이티드식물성오일, 펜틸렌글라이콜, 세틸리시놀레이트, 코코-카프릴레이트/카프레이트, 세테아릴알코올, 폴리글리세릴-2스테아레이트, 프로판다이올, 정제수, 글리세릴스테아레이트, 하이드롤라이즈드식물성단백질, 수용성콜라겐, 세라마이드엔피, 스테아릴알코올, 해바라기씨오일, 토코페롤, 카프릴릴글라이콜, 글리세릴스테아레이트시트레이트, 글리세릴카프릴레이트, 소듐시트레이트, 광곽향오일, 잔탄검, 하이드로제네이티드올리브오일불검화물, 레시틴, 마그네슘스테아레이트, 아데노신, 로즈마리잎오일, 동백나무꽃추출물"
"A000000171757","[수분진정/민감성] 닥터하스킨 미라클아토 하이드로 크림 50ml","닥터하스킨","50.0","50.0","ml","","19800","3960.0","정제수,라벤더꽃수,올리브오일,글리세린,사이클로메티콘,다이메티콘,C14-22알코올,1,2-헥산다이올,세테아릴알코올,호호바씨오일,베타인,폴리솔베이트 60, 암모늄아크릴로일다이메틸타우레이트/브이피코폴리머,세테아릴올리베이트,솔비탄올리베이트,에리스리톨,카프릴릴글라이콜,C12-20알킬글루코사이드토코페릴아세테이트,에틸헥실글리세린,다이소듐이디티에이,알란토인,라벤더오일,오렌지껍질오일,편백오일,하이드롤라이즈드하이알루로닉애씨드,소듐하이알루로네이트,소듐아세틸레이티드하이알루로네이트,세라마이드엔에스"
"A000000172040","[수분진정] 메이크프렘 인테카 수딩크림 50ml 기획(+크림 31ml)","메이크프렘","50.0","81.0","ml","","24000","2963.0","정제수, 프로판다이올, 글리세린, 글리세릴글루코사이드, 1,2-헥산다이올, 카프릴릭/카프릭트라이글리세라이드, 하이드로제네이티드폴리데센, 나이아신아마이드, 부틸렌글라이콜, 솔비톨, 세테아릴올리베이트, 비닐다이메티콘, 솔비탄올리베이트, 카보머, 칸디다 봄비콜라/글루코오스/메틸레이프씨데이트발효물*, 해바라기씨오일*, 아시아티코사이드*, 아시아틱애씨드*, 마데카식애씨드*, 하이알루로닉애씨드, 하이드롤라이즈드하이알루로닉애씨드, 소듐하이알루로네이트, 다이프로필렌글라이콜*, 글리세릴스테아레이트에스이, 하이드로제네이티드레시틴, 트로메타민, 에틸헥실글리세린, 아데노신, 다이소듐이디티에이, 에톡시다이글라이콜*
*Inteca™ 10,000ppm 함유"
"A000000172157","루트리 오디베리 5중 모공 리프팅 크림 50ml","루트리","50.0","50.0","ml","","28900","5780.0","정제수, 부틸렌글라이콜, 글리세린, 코코-카프릴레이트/카프레이트, 1,2-헥산다이올, 나이아신아마이드, 베타인, 인도멀구슬나무꽃추출물, 포도추출물, 사탕 무뿌리추출물, 뽕나무열매추출물(242,500ppb), 뽕나무뿌리추출물, 아이비고드 열매추출물, 글루코노락톤, 가지열매추출물, 다이포타슘글리시리제이트, 카프릴 로일살리실릭애씨드, 판테놀, 하이드록시에틸아크릴레이트/소듐아크릴로일 다이메틸타우레이트코폴리머, 트로메타민, 아크릴레이트/C10-30알킬아크릴레이 트크로스폴리머, 하이드로제네이티드폴리데센, 폴리메틸실세스퀴옥세인, 카프릴릴 메티콘, 비닐다이메티콘, 잔탄검, 글리세릴아크릴레이트/아크릴릭애씨드코폴리머, 에틸헥실글리세린, 아데노신, 다이소듐이디티에이, 로즈마리잎오일"
"A000000172207","수페 버치 리치 오리진 크림 50ml","수페","50.0","50.0","ml","","36000","7200.0","만주자작나무수액(80.3404%), 부틸렌글라이콜, 카프릴릭/카프릭트라이글리세라이드, 글리세린, 1,2-헥산다이올, 세테아릴알코올, 세틸알코올, 폴리글리세릴-6스테아레이트, 솔비탄스테아레이트, 폴리프로필실세스퀴옥세인, 팔미틱애씨드, 스테아릭애씨드, 세테아릴올리베이트, 카보머, 솔비탄올리베이트, 알지닌, 폴리글리세릴-6베헤네이트, 하이드록시에틸셀룰로오스, 알란토인, 트레할로오스, 토코페롤, 향료, 에틸헥실글리세린, 미리스틱애씨드, 미리스틸알코올, 스테아릴알코올, 정제수"
"A000000172476","차앤박(CNP) 프로폴리스 멀티 앰플밤 1+1 기획","차앤박","","","","31500","25270","","정제수, 다이카프릴릴카보네이트, 합성왁스, 부틸렌글라이콜, 다이페닐실록시페닐트라이메티콘, 세레신, 스테아릴헵타노에이트, C10-18트라이글리세라이즈, 옥타데케인, 세틸팔미테이트, 글리세린, 폴리글리세릴-6폴리리시놀리에이트, 1,2-헥산다이올, 펜타에리스리틸테트라아이소스테아레이트, 스테아릴다이메티콘, 다마스크장미꽃수, 푸른연꽃수, 작약뿌리추출물, 알로에베라잎즙가루, 소듐하이알루로네이트, 폴리글리세릴-4올리에이트, 폴리글리세릴-6올리에이트, 폴리하이드록시스테아릭애씨드, 마그네슘설페이트, 마이크로크리스탈린왁스, 스테아로일이눌린, 다이스테아다이모늄헥토라이트, 프로필렌카보네이트, 세드롤, 말라카이트추출물, 아스코빌테트라이소팔미테이트, 하이드롤라이즈드콜라겐, 토코페롤, 프로폴리스추출물, 마데카소사이드, 꿀풀추출물, 귀리커넬추출물, 마트리카리아꽃추출물, 다마스크장미꽃추출물, 별꽃추출물, 삼색제비꽃추출물, 트라이소듐이디티에이, 티타늄디옥사이드(CI 77891), 마이카, 적색산화철, 향료, 리날룰, 리모넨, 헥실신남알, 시트로넬올, 제라니올"
"A000000173055","[피지40%감소] 라타플랑 미나리 시카트러블 진정 수분크림 75ml","라타플랑","75.0","75.0","ml","","24000","3200.0","정제수, 글리세린, 메틸프로판다이올, 1,2-헥산다이올, 베타인, 아이소프로필팔미테이트, 하이드로제네이티드폴리(C6-14올레핀), 하이드로제네이티드폴리데센, 미나리추출물(3,000ppm), 병풀추출물, 무화과추출물, 시금치추출물, 쑥추출물, 약모밀추출물, 황벽나무껍질추출물, 카카오씨추출물, 하이드로제네이티드레시틴, 소듐하이알루로네이트, 부틸렌글라이콜, 하이드록시에틸아크릴레이트/소듐아크릴로일다이메틸타우레이트코폴리머, 비닐다이메티콘, 카프릴릴메티콘, 폴리메틸실세스퀴옥세인, 아크릴레이트/C10-30알킬아크릴레이트크로스폴리머, 트로메타민, 마트리카리아꽃수, 글리세릴아크릴레이트/아크릴릭애씨드코폴리머, 솔비탄아이소스테아레이트, 잔탄검, 다이소듐이디티에이, 덱스트린, 세라마이드엔피, 글리세릴글루코사이드, 프룩탄, 하이드롤라이즈드하이알루로닉애씨드, 소듐아세틸레이티드하이알루로네이트, 에틸헥실글리세린"
"A000000173140","[간편하게 쓱] 달바 더블 세럼 올인원 멀티밤 10g","달바","10.0","20.0","g(약 1ml 상당으로 근사)","","42000","21000.0","해바라기씨오일, 합성왁스, 시어버터, 옥틸도데칸올, 폴리에틸렌, 폴리글리세릴-2아이소스테아레이트/다이머다이리놀리에이트코폴리머, 카프릴릭/카프릭트라이글리세라이드, 토코페릴아세테이트, 퀸즈랜드넛오일, 호호바씨오일, 스위트아몬드오일, 모나스커스추출물, 당근추출물, 들깨잎추출물, 병풀추출물, 보리지추출물, 사탕무뿌리추출물, 참당귀추출물, 캐모마일꽃추출물, 포트마리골드꽃추출물, 풍선덩굴꽃/잎/덩굴추출물, 흰서양송로추출물, 연꽃꽃추출물, 장미추출물, 커먼자스민추출물, 지모뿌리추출물, 나팔수선화추출물, 마돈나백합비늘줄기추출물, 블루플래그아이리스추출물, 프리지어추출물, 콜라겐추출물, 동백나무씨오일, 올리브오일, 녹차씨오일, 아르간커넬오일, 비타민나무열매오일, 에키움 플란타기네움씨오일, 돌콩오일, 아보카도오일, 달맞이꽃오일, 마카다미아씨오일, 마이크로크리스탈린왁스, 알파-비사보롤, 솔비탄세스퀴올리에이트, 토코페롤, 정제수, 해바라기씨오일불검화물, 세라마이드엔피, 하이드롤라이즈드하이알루로닉애씨드, 하이드로제네이티드폴리아이소부텐, 부틸렌글라이콜, 글루타티온, 아스코빅애씨드, 1,2-헥산다이올, 글루코오스, 만노오스, 향료, 데하이드로아세틱애씨드, 시트랄, 리날룰, 시트로넬올, 헥실신남알, 리모넨"
"A000000173180","[100시간10층보습]비욘드 엔젤아쿠아 보습장벽크림 더블기획(150mlX2입)(비건)","비욘드","150.0","300.0","ml","26000","20800","693.3","[본품 / 증정]
정제수, 글리세린, 부틸렌글라이콜, 카프릴릭/카프릭트라이글리세라이드, 하이드로제네이티드폴리데센, 판테놀, 펜타에리스리틸테트라에틸헥사노에이트, 글리세릴스테아레이트, 1,2-헥산다이올, 다이카프릴릴에터, 세테아릴알코올, 시어버터, 나이아신아마이드, 올리브오일, 알란토인, 트레할로오스, 병풀추출물, 녹차추출물, 호장근뿌리추출물, 황금추출물, 개똥쑥추출물, 님잎추출물, 전호추출물, 스페인감초뿌리추출물, 마데카소사이드, 포도덩굴수액, 토코페롤, 마트리카리아꽃추출물, 로즈마리잎추출물, 가시대나무수액, 자작나무수액, 하늘타리뿌리추출물, 하이드롤라이즈드소듐하이알루로네이트, 하이드롤라이즈드하이알루로닉애씨드, 하이드록시프로필트라이모늄하이알루로네이트, 소듐하이알루로네이트크로스폴리머, 소듐하이알루로네이트, 수용성프로테오글리칸, 세테아릴올리베이트, 다이메티콘, 솔비탄올리베이트, 암모늄아크릴로일다이메틸타우레이트/브이피코폴리머, 스테아릭애씨드, 아크릴레이트/C10-30알킬아크릴레이트크로스폴리머, 세틸알코올, 트로메타민, 수크로오스스테아레이트, 수크로오스트라이스테아레이트, 트라이소듐이디티에이, 폴리쿼터늄-51, 펜틸렌글라이콜, 에틸헥실글리세린"
"A000000174356","[수분/진정]아벤느 클리낭스 아쿠아크림-인-젤 수분 크림 50ml","아벤느","50.0","50.0","ml","","32000","6400.0","온천수@프로판다이올@펜틸렌글라이콜@글리세린@정제수@트라이에틸헥사노인@나이아신아마이드@아크릴레이트/C10-30알킬아크릴레이트크로스폴리머@청색 1호@카프릴릭/카프릭트라이글리세라이드@카프릴릴글라이콜@세테아릴 올리베이트@다이글리세린@향료@글리세릴라우레이트@하이드록시에틸아크릴레이트/소듐아크릴로일다이메틸타우레이트코폴리머@하이드록시프로필스타치포스페이트@에스큘렌타렌즈콩씨추출물@폴리글리세린-3@폴리솔베이트60@포타슘하이드록사이드@소듐벤조에이트@솔비탄아이소스테아레이트@솔비탄올리베이트@토코페릴글루코사이드"
"A000000174406","피부미 센텔루션 시카 크림 3X 100ml [지복합성]","피부미","100.0","100.0","ml","26900","23500","2350.0","병풀추출물(76%), 글리세린, 프로판다이올, 나이아신아마이드, 세테아릴알코올, 세테아릴올리베이트, 카프릴릭/카프릭트라이글리세라이드, 페닐트라이메티콘, 마데카소사이드, 애플민트잎추출물, 타임잎추출물, 녹차추출물, 대왕송잎추출물, 당느릅나무뿌리추출물, 달맞이꽃추출물, 칡뿌리추출물, 효모발효물, 연꽃잎추출물, 삼나무잎추출물, 비타민나무열매추출물, 다이프로필렌글라이콜, 마데카식애씨드, 아시아티코사이드, 아시아틱애씨드, 디엔에이, 소듐하이알루로네이트, 소듐하이알루로네이트크로스폴리머, 하이드롤라이즈드하이알루로닉애씨드, 하이알루로닉애씨드, 하이드롤라이즈드소듐하이알루로네이트, 하이드롤라이즈드콜라겐, 에스에이치-올리고펩타이드-1, 인도멀구슬나무잎추출물, 인도멀구슬나무꽃추출물, 판테놀, 아데노신, 알란토인, 잔탄검, 암모늄아크릴로일다이메틸타우레이트/브이피코폴리머, 카보머, 솔비탄올리베이트, 스쿠알란, 정제수, 펜틸렌글라이콜, 에틸헥실글리세린, 헥사데케인, 테트라데케인, 도데칸, 옥타데케인, 에이코세인, 베타인살리실레이트, 알지닌, 1,2-헥산다이올, 카프릴릴글라이콜, 부틸렌글라이콜, 스타아니스추출물, 유칼립투스잎오일"
"A000000174407","피부미 센텔루션 시카 크림 3X 100ml [건성]","피부미","100.0","100.0","ml","26900","23500","2350.0","병풀추출물(67%), 글리세린, 프로판다이올, 카프릴릭/카프릭트라이글리세라이드, 스쿠알란, 나이아신아마이드, 폴리글리세릴-3메틸글루코오스다이스테아레이트, 세테아릴알코올, 페닐트라이메티콘, 글리세릴스테아레이트, 마데카소사이드, 애플민트잎추출물, 타임잎추출물, 녹차추출물, 대왕송잎추출물, 당느릅나무뿌리추출물, 달맞이꽃추출물, 칡뿌리추출물, 효모발효물, 연꽃잎추출물, 삼나무잎추출물, 비타민나무열매추출물, 다이프로필렌글라이콜, 소듐하이알루로네이트, 소듐하이알루로네이트크로스폴리머, 하이드롤라이즈드하이알루로닉애씨드, 하이알루로닉애씨드, 하이드롤라이즈드소듐하이알루로네이트, 마데카식애씨드, 아시아티코사이드, 아시아틱애씨드, 디엔에이, 하이드롤라이즈드콜라겐, 에스에이치-올리고펩타이드-1, 인도멀구슬나무잎추출물, 인도멀구슬나무꽃추출물, 정제수, 알지닌, 카보머, 잔탄검, 알란토인, 아데노신, 판테놀, 베타인, 펜틸렌글라이콜, 에틸헥실글리세린, 비즈왁스, 시어버터, 헥사데케인, 테트라데케인, 도데칸, 옥타데케인, 에이코세인, 1,2-헥산다이올, 카프릴릴글라이콜, 부틸렌글라이콜, 스타아니스추출물, 유칼립투스잎오일"
"A000000174707","[수부지 화잘먹 크림] 일소 데일리 모이스처 푸딩 크림 50ml","일소","50.0","50.0","ml","22000","21000","4200.0","정제수, 부틸렌글라이콜, 프로판다이올, 아이소트라이데실아이소노나노에이트, 페닐트라이메티콘, 1,2-헥산다이올, 글리세린, 다이글리세린, 스쿠알란, 시어버터, 폴리글리세릴-3다이스테아레이트, 카프릴릭/카프릭트라이글리세라이드, 자일리틸글루코사이드, 세틸알코올, 아크릴레이트/C10-30알킬아크릴레이트크로스폴리머, 알지닌, 안하이드로자일리톨, 폴리아크릴레이트크로스폴리머-6, 트레할로오스, 소듐아크릴레이트/소듐아크릴로일다이메틸타우레이트코폴리머, 폴리아이소부텐, 자일리톨, 비타민나무수, 만주자작나무수액, 동백나무씨오일, 소듐하이알루로네이트, 알란토인, 하이드로제네이티드레시틴, 에틸헥실글리세린, 글리세릴스테아레이트시트레이트, 하이드록시에틸우레아, 글루코오스, 리놀레익애씨드, 솔비탄올리에이트, 카프릴릴/카프릴글루코사이드, 글리세릴아크릴레이트/아크릴릭애씨드코폴리머"
"A000000174929","폴라초이스 C5 슈퍼 부스트 수분크림 50ml","폴라초이스","50.0","50.0","ml","75000","60000","12000.0","정제수, 다이카프릴릴카보네이트, 3-O-에틸아스코빅애씨드, 다이메티콘, 부틸렌글라이콜, 폴리글리세릴-6다이스테아레이트, 아스코빌글루코사이드, 스쿠알란, 하이드록시에틸아크릴레이트/소듐아크릴로일다이메틸타우레이트코폴리머, 아세틸에스에이치-헥사펩타이드-5아마이드아세테이트, 수박씨오일, 하이드로제네이티드레시틴, 하이드롤라이즈드카카오씨버터, 하이드로제네이티드포스파티딜콜린, 펜타에리스리틸테트라-다이-t-부틸하이드록시하이드로신나메이트, 소듐하이알루로네이트, 쌀겨추출물, 프로판다이올, 폴리글리세릴-6폴리리시놀리에이트, 호호바에스터, 토코페롤, 아세틸진저론, 카프릴릴글라이콜, 세틸알코올, 폴리글리세릴-3비즈왁스, 소듐하이드록사이드, 해바라기추출물, 에틸헥실글리세린, 헥실렌글라이콜, 소듐파이테이트, 폴리솔베이트60, 솔비탄아이소스테아레이트, 레시틴, 로즈마리잎추출물, 돌콩오일, 리솔레시틴, 바실러스발효물, 시트릭애씨드, 폴리글루타믹애씨드, 베타-시토스테롤, 파이틱애씨드, 스쿠알렌, 페녹시에탄올, 소듐벤조에이트, 포타슘솔베이트"
"A000000175198","[보습크림] 닥터자르트 세라마이딘 스킨 베리어 모이스처라이징 크림 50ml","닥터자르트","50.0","50.0","ml","","50000","10000.0","정제수, 글리세린, 카프릴릭/카프릭트라이글리세라이드, 다이프로필렌글라이콜, 세테아릴알코올, 하이드로제네이티드폴리데센, 메틸트라이메티콘, 하이드로제네이티드폴리(C6-14올레핀), 시어버터, 1,2-헥산다이올, 페닐트라이메티콘, 다이카프릴릴에터, 세테아릴올리베이트, 판테놀, 글리세릴스테아레이트, 베헤닐알코올, 솔비탄올리베이트, 카카오씨추출물, 2,3-부탄다이올, 세테아릴글루코사이드, 세라마이드엔피, 세라마이드엔지, 세라마이드엔에스, 세라마이드에이에스, 세라마이드에이피, 콜레스테롤, 펜타에리스리틸다이스테아레이트, 하이드로제네이티드레시틴, 팔미틱애씨드, 스테아릭애씨드, 마이크로크리스탈린셀룰로오스, 글리세릴스테아레이트에스이, 암모늄아크릴로일다이메틸타우레이트/브이피코폴리머, 셀룰로오스검, 덱스트린, 글리세릴폴리메타크릴레이트, 센티드제라늄꽃오일, 올리브오일, 베르가모트오일, 살비아오일, 시트로넬올, 토코페롤, 황색4호"
"A000000176050","체이싱래빗 버니 라인 스무더 15ml (괄사아이크림)","체이싱래빗","15.0","15.0","ml","20000","15000","10000.0","녹차수, 글리세린, 카프릴릭/카프릭트라이글리세라이드, 하이드로제네이티드폴리아이소부텐, 다이카프릴릴카보네이트, 나이아신아마이드, 수크로오스스테아레이트, 락토바실러스발효용해물, 알지닌, 락토바실러스/석류발효추출물, 베타인, 슈도알테로모나스발효추출물, 판테놀, 스위트아몬드오일, 아데노신, 녹차추출물, 잉카피넛씨오일, 하이드롤라이즈드소듐하이알루로네이트, 소듐하이알루로네이트크로스폴리머, 소듐하이알루로네이트, 하이드롤라이즈드하이알루로닉애씨드, 베타-글루칸, 토코페롤, 하이알루로닉애씨드, 정제수, 글리세릴스테아레이트, 베헤닐알코올, 부틸렌글라이콜, 아크릴레이트/C10-30알킬아크릴레이트크로스폴리머, 1,2-헥산다이올, 카보머, 소듐파이테이트, 프로판다이올, 에틸헥실글리세린"
"A000000176058","체이싱래빗 그린 골든 룰러 크림 100ml (피부장벽 진정크림)","체이싱래빗","100.0","100.0","ml","23000","17250","1725.0","녹차수, 글리세린, 카프릴릭/카프릭트라이글리세라이드, 하이드로제네이티드폴리아이소부텐, 다이카프릴릴카보네이트, 수크로오스스테아레이트, 락토바실러스발효용해물, 알지닌, 락토바실러스/석류발효추출물, 베타인, 슈도알테로모나스발효추출물, 판테놀, 스위트아몬드오일, 아데노신, 녹차추출물, 잉카피넛씨오일, 하이드롤라이즈드소듐하이알루로네이트, 소듐하이알루로네이트크로스폴리머, 소듐하이알루로네이트, 하이드롤라이즈드하이알루로닉애씨드, 베타-글루칸, 하이알루로닉애씨드, 정제수, 글리세릴스테아레이트, 베헤닐알코올, 부틸렌글라이콜, 아크릴레이트/C10-30알킬아크릴레이트크로스폴리머, 1,2-헥산다이올, 카보머, 프로판다이올, 다이소듐이디티에이, 에틸헥실글리세린, 토코페롤, 서양배추출물, 멜론추출물, 베티버뿌리오일, 서양송악잎/줄기추출물"
"A000000176352","클라뷰 리얼 비건 저분자 콜라겐 탄력 크림 50ml","클라뷰","50.0","50.0","ml","31000","18600","3720.0","정제수, 글리세린, 카프릴릭/카프릭트라이글리세라이드, 비닐다이메티콘, 세틸에틸헥사노에이트, 나이아신아마이드, 폴리글리세릴-3메틸글루코오스다이스테아레이트, 펜틸렌글라이콜, 사이클로헥사실록세인, 1,2-헥산다이올, 시어버터, 코코넛야자오일, 클로렐라 불가리스추출물, 하이드롤라이즈드완두콩단백질, 올리브오일, 백미꽃추출물, 접시꽃추출물, 글리세릴스테아레이트, 프로판다이올, 세테아릴올리베이트, 폴리메틸실세스퀴옥세인, 솔비탄올리베이트, 다이메티콘올, 하이드록시에틸아크릴레이트/소듐아크릴로일다이메틸타우레이트코폴리머, 트로메타민, 글루코오스, 하이드록시아세토페논, 부틸렌글라이콜, 프룩토올리고사카라이드, 프룩토오스, 판테놀, 글리세릴아크릴레이트/아크릴릭애씨드코폴리머, 아데노신, 하이드로제네이티드레시틴, 소듐파이테이트, 하이드롤라이즈드익스텐신, 솔비탄아이소스테아레이트, 피토스테롤, 세라마이드엔피, 레시틴, 스쿠알란, 에틸헥실글리세린, 폴리쿼터늄-80, 소듐클로라이드, 세테아릴알코올, 베헤닐알코올, 카보머, 잔탄검"
"A000000177794","[보습크림/한정기획] 닥터자르트 세라마이딘 스킨 베리어 모이스처라이징 크림 기획(50ml+15ml*2)","닥터자르트","50.0","65.0","ml","","50000","7692.3","정제수, 글리세린, 카프릴릭/카프릭트라이글리세라이드, 다이프로필렌글라이콜, 세테아릴알코올, 하이드로제네이티드폴리데센, 메틸트라이메티콘, 하이드로제네이티드폴리(C6-14올레핀), 시어버터, 1,2-헥산다이올, 페닐트라이메티콘, 다이카프릴릴에터, 세테아릴올리베이트, 판테놀, 글리세릴스테아레이트, 베헤닐알코올, 솔비탄올리베이트, 카카오씨추출물, 2,3-부탄다이올, 세테아릴글루코사이드, 세라마이드엔피, 세라마이드엔지, 세라마이드엔에스, 세라마이드에이에스, 세라마이드에이피, 콜레스테롤, 펜타에리스리틸다이스테아레이트, 하이드로제네이티드레시틴, 팔미틱애씨드, 스테아릭애씨드, 마이크로크리스탈린셀룰로오스, 글리세릴스테아레이트에스이, 암모늄아크릴로일다이메틸타우레이트/브이피코폴리머, 셀룰로오스검, 덱스트린, 글리세릴폴리메타크릴레이트, 센티드제라늄꽃오일, 올리브오일, 베르가모트오일, 살비아오일, 시트로넬올, 토코페롤, 황색4호"
"A000000178494","[화잘먹크림] 웰라쥬 리얼 히알루로닉 100 크림 50ml","웰라쥬","50.0","50.0","ml","24000","19200","3840.0","'하이드롤라이즈드하이알루로닉애씨드(500,000ppm), 정제수, 글리세린, 세테아릴알코올, 펜틸렌글라이콜, 카프릴릭/카프릭트라이글리세라이드, 스쿠알란 , 프로판다이올, 베타인 , 세테아릴올리베이트, 비닐다이메티콘, 코코-카프릴레이트/카프레이트, 아이소프로필미리스테이트, 시어버터, 폴리글리세릴-4카프레이트, 판테놀, 옥틸도데칸올, 알란토인, 부틸렌글라이콜, 글라이신, 알지닌, 히스티딘, 세린, 토코페롤, 벤질글라이콜 , 소듐스테아로일글루타메이트, 하이드롤라이즈드글라이코사미노글리칸, 아데노신, 소듐하이알루로네이트(100ppm), 소듐하이알루로네이트크로스폴리머(3.5ppb), 하이드록시프로필트라이모늄하이알루로네이트(0.42ppb), 하이알루로닉애씨드(0.035ppb), 소듐아세틸레이티드하이알루로네이트(0.007ppb), 나이아신아마이드, 세라마이드엔피, 스트렙토코쿠스 테르모필루스발효물, 다이포타슘글리시리제이트, 콜레스테롤, 솔비탄올리베이트, 수크로오스라우레이트, 비즈왁스, 팔미틱애씨드, 스테아릭애씨드, 하이드로제네이티드레시틴, 리솔레시틴, 폴리글리세릴-3폴리리시놀리에이트, 카보머, 잔탄검 , 트라이하이드록시스테아린, 인도멀구슬나무잎추출물, 인도멀구슬나무꽃추출물, 아이비고드열매추출물, 가지열매추출물, 홀리바질잎추출물, 울금뿌리추출물, 참산호말추출물, 하수오뿌리추출물, 스타아니스추출물, 에틸헥실글리세린, 카프릴릴글라이콜, 1,2-헥산다이올, 시트릭애씨드, 다이소듐이디티에이"
"A000000180075","CKD 레티노콜라겐 저분자 300 괄사 목주름 크림 50ml","CKD","50.0","50.0","ml","45000","19900","3980.0","정제수, 글리세린, 카프릴릭/카프릭트라이글리세라이드, 부틸렌글라이콜, 펜틸렌글라이콜, 나이아신아마이드, 1,2-헥산다이올, 세테아릴올리베이트, 하이드로제네이티드폴리아이소부텐, 솔비탄올리베이트, 카프릴릴메티콘, 다이아이소스테아릴말레이트, 에리스리톨, 글리세릴스테아레이트, 폴리글리세릴-3메틸글루코오스다이스테아레이트, 비닐다이메티콘, 세테아릴알코올, 클로렐라 불가리스추출물, 글루코오스, 암모늄아크릴로일다이메틸타우레이트/브이피코폴리머, 카보머, 프룩토올리고사카라이드, 프룩토오스, 인도멀구슬나무꽃추출물, 홀리바질잎추출물, 팔미틱애씨드, 에틸헥실글리세린, 다이포타슘글리시리제이트, 스테아릭애씨드, 아데노신, 인도멀구슬나무잎추출물, 베르가모트오일, 하이드로제네이티드레시틴, 라벤더오일, 울금뿌리추출물, 레틴알(200ppm), 소듐파이테이트, 참산호말추출물, 클레리오일, 하이드롤라이즈드콜라겐(75ppm), 세라마이드엔피, 덱스트린, 카카오씨추출물, 글라이신, 세린, 글루타믹애씨드, 다이프로필렌글라이콜, 트로메타민, 백미꽃추출물, 아스파틱애씨드, 류신, 알라닌, 라이신, 알지닌, 타이로신, 페닐알라닌, 프롤린, 트레오닌, 발린, 아이소류신, 히스티딘, 시스테인, 메티오닌, 접시꽃추출물, 하이알루로닉애씨드, 토코페롤, 카프릴릴/카프릴글루코사이드, 헥사펩타이드-2, 하이드롤라이즈드엘라스틴, 바이오틴, 리모넨, 리날룰"
"A000000180459","[NEW] 스킨푸드 로열허니 착한 수분 크림 100ml","스킨푸드","100.0","100.0","ml","18000","12600","1260.0","정제수, 글리세린, 올리브오일, 해바라기씨오일, 마카다미아씨오일, 스쿠알란, 하이드로제네이티드레시틴, 망고씨드버터, 베타인, 꿀추출물, 로얄젤리추출물, 베타-글루칸, 마치현추출물, 피토스테릴/옥틸도데실라우로일글루타메이트, 에칠헥실글리세린, 1,2-헥산디올, 소듐카보머, 카보머, 캐모마일꽃추출물, 알로에베라잎즙가루, 잔탄검, 하이드록시에칠셀룰로오스"
"A000000180918","숨37 마이크로액티브 소프트 핏 크림 50ml","숨37","50.0","50.0","ml","80000","68000","13600.0","정제수, 글리세린, 2,3-부탄다이올, 스쿠알란, 코코-카프릴레이트/카프레이트, 트레할로오스, 메도우폼씨오일, 1,2-헥산다이올, C13-15알케인, 카프릴릭/카프릭트라이글리세라이드, 판테놀, 피토스테릴/이소스테아릴/세틸/스테아릴/베헤닐다이머디리놀리에이트, 베헤닐알코올, C14-22알코올, 글리세릴베헤네이트, 세테아릴알코올, 메틸트라이메티콘, 미리스틸미리스테이트, 폴리글리세릴-3메틸글루코오스다이스테아레이트, 트라이에틸헥사노인, 레시틴, 다이메티콘, C12-20알킬글루코사이드, C30-45알킬다이메티콘, 폴리우레탄-15, 폴리아크릴레이트-13, 부틸렌글라이콜, 세라마이드엔피, 잔탄검, 비니거, 하이드로제네이티드폴리아이소부텐, 아데노신, 스클레로튬검, 암모늄폴리아크릴로일다이메틸타우레이트, 풀루란, 폴리글리세릴-10라우레이트, 에틸헥실팔미테이트, 실리카, 솔비탄아이소스테아레이트, 토코페롤, 해바라기씨오일, 효모폴리펩타이드, 포도주추출물, 베르가모트오일, 다마스크장미꽃오일, 일랑일랑꽃오일, 리날룰, 리모넨, 제라니올, 시트로넬올, 시트랄, 벤질벤조에이트, 벤질살리실레이트, 파네솔"
"A000000181121","[눈가케어] 디오디너리 멀티-펩타이드 아이 세럼 15ml","디오디너리","15.0","15.0","ml","","38000","25333.3","정제수, 글리세린, 부틸렌글라이콜, 프로판다이올, 다이프로필렌글라이콜, 아세틸글루코사민, 나이아신아마이드, 팔미토일트라이펩타이드-38, 아세틸테트라펩타이드-5, 미리스토일노나펩타이드-3, 다이펩타이드다이아미노부티로일벤질아마이드다이아세테이트, 카페인, 에피갈로카테킨갈레이틸글루코사이드, 갈릴글루코사이드, 구주물푸레나무껍질추출물, 실란트라이올, 알지닌, 펜틸렌글라이콜, 하이드록시메톡시페닐데칸온, 프로필갈레이트, 말토덱스트린, 하이드록시프로필사이클로덱스트린, 하이드록시에틸셀룰로오스, 잔탄검, 시트릭애씨드, 글라이콜릭애씨드, 소듐시트레이트, 폴리솔베이트20, 트라이소듐에틸렌다이아민다이석시네이트, 데하이드로아세틱애씨드, 에틸헥실글리세린, 벤질알코올, 페녹시에탄올, 클로페네신."
"A000000181124","[도토리크림] 스킨푸드 도토리 모공 탄력 크림 70ml","스킨푸드","70.0","70.0","ml","","32000","4571.4","정제수, 도토리추출물, 부틸렌글라이콜, 글리세린, 나이아신아마이드, 다이카프릴릴에터, 펜틸렌글라이콜, 하이드로제네이티드폴리데센, 다이카프릴릴카보네이트, 비닐다이메티콘, 하이드록시에틸아크릴레이트/소듐아크릴로일다이메틸타우레이트코폴리머, 아크릴레이트/C10-30알킬아크릴레이트크로스폴리머, 하이드록시아세토페논, 1,2-헥산다이올, 트로메타민, 다이메티콘올, 글루코노락톤, 보검선인장줄기추출물, 버지니아풍년화추출물, 아데노신, 솔비탄아이소스테아레이트, 감추출물, 녹차추출물, 밤껍질추출물, 잔탄검, 소듐파이테이트, 글리세릴아크릴레이트/아크릴릭애씨드코폴리머, 바이오사카라이드검-1, 소듐하이알루로네이트, 하이드롤라이즈드루핀단백질, 덱스트린, 카카오추출물, 에난티아클로란타껍질추출물, 베타-글루칸, 유칼립투스잎오일, 로즈마리잎오일, 발삼아미리스껍질오일, 살비아오일, 칡뿌리추출물, 당느릅나무뿌리추출물, 달맞이꽃추출물, 대왕송잎추출물, 베르가모트오일, 에틸헥실글리세린, 해바라기씨오일, 팔미토일트라이펩타이드-5, 토코페롤, 클레리오일, 올레아놀릭애씨드, 카프릴릴글라이콜"
"A000000181191","[강력진정] 닥터자르트 시카페어 인텐시브 수딩 리페어 크림 50ml","닥터자르트","50.0","50.0","ml","50000","25000","5000.0","정제수, 다이프로필렌글라이콜, 세테아릴알코올, 프로판다이올, 폴리글리세릴-3메틸글루코오스다이스테아레이트, 피토스테릴이소스테아릴다이머디리놀리에이트, 부틸렌글라이콜, 카프릴릭/카프릭트라이글리세라이드, 시어버터, 다이카프릴릴에터, 나이아신아마이드, 글리세릴 스테아레이트에스이, 펜틸렌글라이콜, 합성비즈왁스, 퀸즈랜드넛오일, 카카오추출물, 병풀잎추출물, 1,2-헥산다이올, 세틸에틸헥사노에이트, 다이글리세린, 비닐다이메티 콘, 세테아릴올리베이트, 솔비탄올리베이트, 하이드록시에 틸아크릴레이트/소듐아크릴로일다이메틸타우레이트코폴리머, 글리세린, 알란토인, 아시아티코사이드, 트로메타민, 마데카식애씨드, 아시아틱애씨드, 아데노신, 아이소펜틸다이올, 덱스트린, 솔비탄아이소스테아레이트, 트라이소듐에틸렌다이아민다이석시네이트, 폴리글리세릴-4올리에이트, 소듐스테아로일글루타메이트, 소듐서팩틴, 토코페롤, 덱스트란, 팔미토일트라이펩타이드-8, 카보머, 잔탄검, 페녹시에탄올, 황색4호 (CI 19140), 청색1호 (CI 42090)"
"A000000181194","[강력진정/산뜻보습] 닥터자르트 시카페어 인텐시브 수딩 리페어 젤 크림 50ml","닥터자르트","50.0","50.0","ml","","50000","10000.0","정제수, 다이프로필렌글라이콜, 글리세린, 부틸렌글라이콜, 카프릴릴메티콘, 펜틸렌글라이콜, 나이아신아마이드, 카카오추출물, 병풀잎추출물, 1,2-헥산다이올, 세테아릴올리베이트, 솔비탄올리베이트, 하이드로제네이티드폴리데센, 트로메타민, 암모늄아크릴로일다이 메틸타우레이트/브이피코폴리머, 아크릴레이트/C10-30알킬아크릴레이트크로스폴리머, 보론나이트라이드, 글리세릴카프릴레이트, 알란토인, 아시아티코사이드, C12-20알킬글루코사이드, 마데카식애씨드, 아시아틱애씨드, 아데노신, 아이소펜틸다이올, 프로판다이올, 소듐파이테이트, 덱스트린, 폴리글리세릴-4올리에이트, 소듐스테아로일글루타메이트, 소듐서팩틴, 덱스트란, 팔미토일트라이펩타이드-8, C14-22알코올, 카보머, 황색4호 (CI 19140), 청색1호"
"A000000182072","[NCT태용 PICK/괄사롤러] 비원츠 시카콜라겐 리프팅크림 50ml","비원츠","50.0","50.0","ml","38000","26600","5320.0","정제수, 글리세린, 호호바씨오일, 1,2-헥산다이올, 나이아신아마이드, 소둠폴리아크릴로일다이메틸 타우레이트, 병풀추출물(109.75ppm), 영지버섯줄기추출물, 멕시칸치아씨추출물, 돌콩추출물, 콜라겐추출물(0.1ppm), 붉은토끼풀추출물, 오렌지껍질오일, 레몬껄질오일, 베르가모트오일, 소둠하이알루로네이트, 페퍼민트오일, 생강오일, 리씨열매오일, 시트로넬라오일, 하이드로제네이티드레시틴, 아이소스테아릴알코올, 부틸렌글라이콜코코에이트, 아데노신, 다이소듐이디티에이, 에틸셀롤로오스, 콜라겐(112.5ppm), 류코노스톡/무발효여과물, 하이드롤라이즈드하이알루로닉애씨드, 부틸렌글라이콜, 토코페롤, 프로판다이올, 메틸프로판다이올, 암모늄아크릴로일다이메틸타우레이트/브이피코폴리머, 테트라하이드로피페린, 플로레틴, 알지닌, 포타슘세틸포스페이트, 하이드록시아세토페논, 에틸헥실글리세린, 펜틸렌글라이콜, 리모넨, 리날롤"
"A000000184066","[민감피부진정] 세타필 페이셜 수분크림 48g","세타필","48.0","48.0","g(약 1ml 상당으로 근사)","25000","16900","3520.8","정제수, 다이카프릴릴카보네이트, 글리세린, 카프릴릭/카프릭트라이글리세라이드, 글리세릴스테아레이트시트레이트, 세테아릴알코올, 나이아신아마이드, 안하이드로자일리톨, 시어버터오일, 시트릭애씨드, 글로불라리아알리품잎추출물, 하이드롤라이즈드하이알루로닉애씨드, 판테놀, 판토락톤, 페녹시에탄올, 소듐벤조에이트, 소듐폴리아크릴레이트, 스쿠알란, 토코페롤, 자일리톨, 자일리틸글루코사이드"
"A000000184624","[단독기획/레티날0.1%] 닥터디퍼런트 비타리프트 에이 포르테 2입 기획","닥터디퍼런트","","","","93600","71040","","정제수, 세틸에틸헥사노에이트, 글리세린, 스쿠알란, 잇꽃씨오일, 시어버터, 유채스테롤, 콜레스테롤, 피토스테릴/베헤닐/옥틸도데실라우로일글루타메이트, 1,2-헥산다이올, 폴리글리세릴-10올리에이트, 소듐하이알루로네이트, 하이드로제네이티드레시틴, 폴리글루타믹애씨드, 세라마이드엔피, 레틴알(0.1%), 스테아릭애씨드, 올레익애씨드, 토코페롤, 아데노신, 다이소듐이디티에이"
"A000000184770","[워터젤리/수분크림]닥터자르트 바이탈 하이드라 솔루션 하이드로 플럼프 워터 크림 50ml","닥터자르트","50.0","50.0","ml","","38000","7600.0","정제수, 프로판다이올, 페닐트라이메티콘, 베타인, 글리세린, 나이아신아마이드, 글리세릴글루코사이드, 사카라이드아이소머레이트, 비닐다이메티콘, 카프릴릴글라이콜, 소듐하이알루로네이트, 다이메티콘올, 에틸헥실글리세린,아데노신, 베타-글루칸, 폴리메틸실세스퀴옥세인, 암모늄아크릴로일다이메틸타우레이트/브이피코폴리머, 1,2-헥산다이올, 암모늄아크릴로일다이메틸타우레이트/베헤네스-25메타크라일레이트크로스폴리머, 하이드록시에틸아크릴레이트/소듐아크릴로일다이메틸타우레이트코폴리머, 펜틸렌글라이콜, 솔비탄아이소스테아레이트, 시트릭애씨드, 향료, 소듐시트레이트"
"A000000184919","시모먼트 아이 리프팅 롤러 세럼 15ml","시모먼트","15.0","15.0","ml","","28000","18666.7","콜라겐추출물, 다이프로필렌글라이콜, 메틸프로판다이올, 글리세린, 1,2-헥산다이올, 나이아신아마이드, 카프릴릭/카프릭트라이글리세라이드, 폴리글리세린-3, 병풀추출물, 무화과추출물, 히비스커스꽃추출물, 귀리커넬추출물, 아티초크잎추출물, 당호박추출물, 복령균핵추출물, 밀펩타이드, 하이드로제네이티드레시틴, 녹차수, 소듐하이알루로네이트, 페닐트라이메티콘, 암모늄아크릴로일다이메틸타우레이트/브이피코폴리머, 정제수, 잔탄검, 카페인, 아데노신, 멘톨, 카보머, 다이소듐이디티에이, 트로메타민, 콜라겐아미노산, 폴리쿼터늄-51, 베타-글루칸, 부틸렌글라이콜, 세라마이드엔피, 류코노스톡/무발효여과물, 바쿠치올, 팔미토일아이소류신, 노나펩타이드-1, 아세틸헥사펩타이드-8, 카퍼트라이펩타이드-1, 트라이펩타이드-1, 팔미토일테트라펩타이드-7, 팔미토일트라이펩타이드-1, 팔미토일펜타펩타이드-4, 헥사펩타이드-9, 귀리펩타이드, 콩폴리펩타이드, 팔미틱애씨드, 흰목이버섯폴리사카라이드, 에틸헥실글리세린, 카프릴릴글라이콜"
"A000000185121","[나띠PICK][진정크림] 더마펌 수분보습 진정 크림 50ml+50ml 기획","더마펌","50.0","100.0","ml","39000","27300","2730.0","정제수,글리세린,메틸프로판다이올,카프릴릴메티콘,메틸트라이메티콘,카프릴릭/카프릭트라이글리세라이드,세테아릴올리베이트,베헤닐알코올,합성비즈왁스,솔비탄올리베이트,폴리프로필실세스퀴옥세인,아이소스테아릴알코올,프로판다이올,포타슘세틸포스페이트,사라수씨버터,코코글리세라이즈,부틸렌글라이콜코코에이트,판테놀,하이드로제네이티드올리브오일,C10-18트라이글리세라이즈,소듐아크릴레이트코폴리머,카보머,카프릴릴글라이콜,향료,소듐스테아로일글루타메이트,올리브오일,트로메타민,알란토인,레시틴,에틸헥실글리세린,다이포타슘글리시리제이트,에틸셀룰로오스,1,2-헥산다이올,올리브오일불검화물,하이드로제네이티드레시틴,다이소듐이디티에이,부틸렌글라이콜,소듐구아이아줄렌설포네이트,알지닌,병풀추출물,카퍼트라이펩타이드-1,팔미토일트라이펩타이드-1,들깨잎추출물,소듐서팩틴,유칼립투스잎추출물,버지니아풍년화추출물,락토바실러스/쌀발효물,소듐폴리아크릴로일다이메틸타우레이트,글라이신,세린,아스파틱애씨드,글루타믹애씨드,류신,라이신,알라닌,프롤린,페닐알라닌,발린,트레오닌,아이소류신,타이로신,히스티딘,시스테인,메티오닌"
"A000000185367","배드스킨 콜라겐 밤 하이리프팅 크림100ml","배드스킨","100.0","100.0","ml","20900","18900","1890.0","하이드롤라이즈드콜라겐(61%),부틸렌글라이콜,글리세린,정제수,세테아릴알코올,세틸에틸헥사노에이트,소듐하이알루로네이트,나이아신아마이드,비즈왁스,지황뿌리추출물,세테아릴올리베이트,시어버터,프로필렌글라이콜다이카프릴레이트,솔비탄올리베이트,하이드로제네이티드폴리아이소부텐,지모뿌리추출물,솔비탄세스퀴올리에이트,1,2-헥산다이올,카프릴릴글라이콜,아크릴레이트/C10-30알킬아크릴레이트크로스폴리머,알지닌,알란토인,잔탄검,라벤더꽃추출물,로즈마리잎추출물,오레가노추출물,타임꽃/잎/줄기추출물,카퍼트라이펩타이드-1,아데노신,에틸헥실글리세린,다이포타슘글리시리제이트,아세틸헥사펩타이드-8,펜틸렌글라이콜,루이보스추출물,스페인감초뿌리추출물,니코티노일트라이펩타이드-1,팔미토일펜타펩타이드-4,카페오일에스에이치-옥타펩타이드-4,카페오일트라이펩타이드-1,에스에이치-옥타펩타이드-4,에스에이치-데카펩타이드-9,에스에이치-펜타펩타이드-19,몰약수지추출물,소엽잎추출물,모하비유카뿌리추출물"
"A000000185807","닥터트웬티프로젝트 리프덤 오토 아이크림20ml","닥터트웬티프로젝트","20.0","20.0","ml","42000","29400","14700.0","정제수, 글리세린, 카프릴릭/카프릭트라이글리세라이드, 메틸프로판다이올, 1,2-헥산다이올, 폴리글리세릴-3메틸글루코오스다이스테아레이트, 메틸트라이메티콘, 다이카프릴릴카보네이트, 베헤닐알코올, 베타인, 글리세릴스테아레이트, 한련초잎추출물, 다시마추출물, 콜라겐추출물, 카바카바잎/뿌리/줄기추출물, 인삼열매추출물, 병풀잎추출물, 줄맨드라미씨추출물, 당느릅나무뿌리추출물, 서양산딸기추출물, 검정콩추출물, 당느릅나무껍질추출물, 크랜베리추출물, 녹차수, 하이드로제네이티드레시틴, 소듐하이알루로네이트, 팔미틱애씨드, 스테아릭애씨드, 트로메타민, 카보머, 부틸렌글라이콜, 소듐스테아로일글루타메이트, 마이크로크리스탈린셀룰로오스, 다이프로필렌글라이콜, 아데노신, 세테아릴알코올, 폴리쿼터늄-51, 베타-글루칸, 셀룰로오스검, 프룩토올리고사카라이드, 글리세릴스테아레이트에스이, 미리스틱애씨드, 콜레스테롤, 하이드롤라이즈드하이알루로닉애씨드, 해수, 세라마이드엔피, 아스코빅애씨드, 토코페롤, 아스퍼질러스발효물, 락토바실러스발효물, 바실러스발효물, 팔미토일펜타펩타이드-4, 글라이신, 세린, 글루타믹애씨드, 하이드롤라이즈드콜라겐, 하이드롤라이즈드엘라스틴, 아스파틱애씨드, 류신, 알라닌, 라이신, 알지닌, 타이로신, 페닐알라닌, 트레오닌, 프롤린, 발린, 아이소류신, 히스티딘, 시스테인, 메티오닌, 피토스테릴/이소스테아릴/세틸/스테아릴/베헤닐다이머디리놀리에이트, 에틸헥실글리세린"
"A000000186191","[보습젤] 디오디너리 내추럴 모이스처라이징 팩터스 + 베타 글루칸 100ml","디오디너리","100.0","100.0","ml","","20500","2050.0","정제수, 피피지-24-글리세레스-24, 프로판다이올, 베타인, 베타-글루칸, 알지닌, 글라이신, 알라닌, 세린, 프롤린, 트레오닌, 글루타믹애씨드, 라이신에이치씨엘, 글루코오스, 말토스, 프룩토오스, 트레할로오스, 자일리톨, 안하이드로자일리톨, 자일리틸글루코사이드, 소듐피씨에이, 피씨에이, 소듐락테이트, 우레아, 알란토인, 소듐하이알루로네이트, 포스포리피드, 스핑고리피드, 글리세린, 펜틸렌글라이콜, 아크릴레이트/C10-30알킬 아크릴레이트크로스폴리머, 소듐하이드록사이드, 소듐클로라이드, 소듐시트레이트, 시트릭애씨드, 토코페롤, p-아니식애씨드, 아미노메틸프로판올, 페녹시에탄올, 클로페네신"
"A000000186195","숨37 워터풀 마린 릴리프 젤 크림 30ml/50ml 단품/기획","숨37","30.0","80.0","ml","52000","40900","5112.5","[옵션 전체 본품/증정 동일]
정제수, 락토바실러스발효용해물, 다이프로필렌글라이콜, 글리세린, 사이클로펜타실록세인, 변성알코올, 다이메티콘, 부틸렌글라이콜, 1,2-헥산다이올, 카프릴릭/카프릭트라이글리세라이드, 스쿠알란, C14-22알코올, 하이드로제네이티드폴리아이소부텐, 판테놀, 피이지-150, 피이지-40하이드로제네이티드캐스터오일, 마카다미아씨오일, 트라이에틸헥사노인, 트로메타민, 카보머, 락토바실러스/콩발효추출물, 하이드록시에틸아크릴레이트/소듐아크릴로일다이메틸타우레이트코폴리머, 아라키딜글루코사이드, 시어버터, 해바라기씨오일, 하이드로제네이티드레시틴, 다이메티콘올, 효모/감자추출물발효여과물, 효모/보리씨발효여과물, 스테아릴다이메티콘, 글리세릴스테아레이트, 스테아릭애씨드, 비니거, 말라카이트추출물, 폴리솔베이트60, 아크릴레이트/C10-30알킬아크릴레이트크로스폴리머, 세라마이드엔피, 콜레스테롤, 피이지-100스테아레이트, 트라이소듐이디티에이, 솔비탄아이소스테아레이트, 하이드록시프로필트라이모늄하이알루로네이트, 하이알루로닉애씨드, 하이드롤라이즈드하이알루로닉애씨드, 하이드롤라이즈드소듐하이알루로네이트, 소듐하이알루로네이트, 효모폴리펩타이드, 펜틸렌글라이콜, 에틸헥실글리세린, 소듐하이알루로네이트크로스폴리머, 라임전초오일, 센티드제라늄꽃오일, 베르가모트오일, 라벤더오일, 연필향나무오일, 고수열매오일, 캐모마일꽃오일, 단향오일, 리모넨, 리날룰, 시트로넬올, 제라니올, 시트랄, 벤질살리실레이트"
"A000000186457","[PDRN기미크림/광노화케어 신소재] 리쥬란 바이옴 힐러 유스 포뮬러 크림 50ml","리쥬란","50.0","50.0","ml","49000","39000","7800.0","정제수, 글리세린, 부틸렌글라이콜, 나이아신아마이드, 1,2-헥산다이올, 카프릴릭/카프릭트라이글리세이드, 펜틸렌글라이콜, 씨대퍼딜추출물, 쿠티박테리움 아크네스발효여과물, 스트렙토코쿠스 테르모필루스발효물, 스타필로코쿠스 에피데르미디스발효여과물, 엔히드로박테르 아에로사쿠스발효추출여과물, 하이드롤라이즈드디엔에이, 인도멀구슬나무꽃추출물, 훌리바질잎추출물, 인도멀구슬나무잎추출물, 울금뿌리추출물, 참산호말추출물, 카카오추출물, 하이드롤라이즈드콜라겐추출물, 키토산, 카프릴릴메티콘, 하이드로제네이티드폴리데센, 비닐다이메티콘, 하이드록시에틸아크릴레이트/소듐아크릴로일다이메틸타우레이트코폴리머, 다이아이소스테아릴말레이트, 폴리글리세릴-3메틸글루코오스다이스테아레이트, 소듐폴리아크릴레이트, 아크릴레이트/C10-30알킬아크릴레이트크로스폴리머, 암모늄아크릴로일다이메틸타우레이트/브이피코폴리머, 세테아릴올리베이트, 트로메타민, 솔비탄올리베이트, 글리세릴스테아레이트, 에틸헥실글리세린, 아데노신, 하이드로제네이티드레시틴, 소듐파이테이트, 세라마이드엔피, 베타-글루칸, 덱스트린, 다이프로필렌글라이콜, 토코페롤, 콜레스테롤, 잔탄검, 향료"
"A000000188570","[눈가탄력/레티날] 조선미녀 인삼아이크림 30ml","조선미녀","30.0","30.0","ml","","17000","5666.7","정제수,글리세린,다이프로필렌글라이콜,카프릴릭/카프릭트라이글리세라이드,1,2-헥산다이올,부틸렌글라이콜다이카프릴레이트/다이카프레이트,나이아신아마이드,펜타에리스리틸테트라에틸헥사노에이트,세테아릴알코올,세테아릴올리베이트,솔비탄올리베이트,부틸렌글라이콜,하이드로제네이티드레시틴,인삼추출물,카보머,글리세릴스테아레이트,트로메타민,마카다미아씨오일,에틸헥실글리세린,아데노신,콜레스테롤,덱스트린,폴리글리세릴-10올리에이트,카카오추출물,다이소듐이디티에이,유채스테롤,피토스테릴/베헤닐/옥틸도데실라우로일글루타메이트,레틴알,실리카,알루미늄/마그네슘하이드록사이드스테아레이트,소듐하이알루로네이트,토코페롤,포타슘세틸포스페이트,펜타에리스리틸테트라-다이-t-부틸하이드록시하이드로신나메이트,세라마이드엔피,팔미토일트라이펩타이드-5"
"A000000188950","한율 빨간쌀 보습탄력 크림 55ml","한율","55.0","55.0","ml","49000","34300","6236.4","정제수, 부틸렌글라이콜, 세틸에틸헥사노에이트, 글리세린, 펜타에리스리틸테트라에틸헥사노에이트, 메틸트라이메티콘, 나이아신아마이드, C14-22알코올, 1,2-헥산다이올, 부틸렌글라이콜다이카프릴레이트/다이카프레이트, 세테아릴알코올, 아라키딜알코올, 베헤닐알코올, 팔미틱애씨드, 스테아릭애씨드, 암모늄아크릴로일다이메틸타우레이트/브이피코폴리머, C12-20알킬글루코사이드, 하이드록시에틸아크릴레이트/소듐아크릴로일다이메틸타우레이트코폴리머, 아라키딜글루코사이드, 콜레스테롤, 하이드록시프로필비스라우라마이드엠이에이, 하이드록시프로필비스팔미타마이드엠이에이, 쌀발효여과물, 세라마이드엔피, 향료, 카프릴릴글라이콜, 트로메타민, 에틸헥실글리세린, 아데노신, 솔비탄아이소스테아레이트, 다이소듐이디티에이, 락토바실러스발효물, 덱스트린, 카카오추출물, 하이드롤라이즈드익스텐신, 호호바씨오일, 폴리글리세릴-10라우레이트, 합성왁스, 하이드로제네이티드레시틴, 식물성스쿠알란, 토코페롤, 판테놀, 폴리글리세릴-10스테아레이트...1"
"A000000188971","디마르3 시타듀 실드 크림 70g","디마르3","70.0","70.0","g(약 1ml 상당으로 근사)","","34000","4857.1","정제수, 글리세린, 다이카프릴릴에터, 1,2-헥산다이올, 나이아신아마이드, 다시마추출물, 한련초잎추출물, 올레라케아아크멜라추출물, 병풀추출물, 무화과추출물, 녹차추출물, 드럼스틱씨추출물, 버지니아풍년화추출물, 서양산딸기추출물, 야생딸기추출물, 연꽃잎추출물, 티트리잎추출물, 호스테일켈프추출물, 황금추출물, 흰버드나무껍질추출물, 살구추출물, 오레가노잎추출물, 율무씨추출물, 인동덩굴꽃추출물, 질경이추출물, 트루로즈오브예리코추출물, 편백잎추출물, 쇠비름추출물, 락토바실러스/콩발효추출물, 육계나무껍질추출물, 사과추출물, 얼룩파인애플추출물, 유칼립투스잎추출물, 키위추출물, 포도추출물, 국화추출물, 매실나무꽃추출물, 병풀잎추출물, 복사나무잎추출물, 복숭아추출물, 비치스트로베리추출물, 뽕나무줄기추출물, 스페인감초뿌리추출물, 쑥잎추출물, 약모밀추출물, 양벚나무열매추출물, 지치뿌리추출물, 탱자추출물, 황벽나무껍질추출물, 회화나무뿌리추출물, 녹차수, 라벤더오일, 하이드로제네이티드레시틴, 캐모마일꽃오일, 소듐하이알루로네이트, 다이메티콘/비닐다이메티콘크로스폴리머, 헥실데실라우레이트, 헥실데칸올, 부틸렌글라이콜, 암모늄아크릴로일다이메틸타우레이트/브이피코폴리머, 카보머, 트로메타민, 폴리글리세릴-10미리스테이트, 폴리쿼터늄-51, 아데노신, 프룩토올리고사카라이드, 잔탄검, 베타-글루칸, 하이드롤라이즈드하이알루로닉애씨드, 라피노오스, 마데카소사이드, 바이오틴, 베타인, 식물성스쿠알란, 아이소헥사데칸, 칸디다 봄비콜라/글루코오스/메틸레이프씨데이트발효물, 판테놀, 세라마이드엔피, 알지닌, 팔미토일펜타펩타이드-4, 류코노스톡/무발효여과물, 테르무스 테르모필루스발효물, 다이프로필렌글라이콜, 소듐하이알루로네이트크로스폴리머, 글리세릴스테아레이트, 팔미토일트라이펩타이드-5, 하이알루로닉애씨드, 글리세릴카프릴레이트, 노나펩타이드-1, 세라마이드에이에스, 세라마이드에이피, 세라마이드엔에스, 세라마이드이오피, 아세틸헥사펩타이드-8, 리날룰, 카퍼트라이펩타이드-1, 콜레스테롤, 트라이펩타이드-1, 팔미토일테트라펩타이드-7, 팔미토일트라이펩타이드-1, 하이드롤라이즈드소듐하이알루로네이트, 헥사펩타이드-9, 에틸헥실글리세린, 펜틸렌글라이콜, 카프릴릴글라이콜, 왜당귀뿌리추출물"
"A000000189000","[보습장벽] 라운드랩 약콩 판테놀 크림 80ml 1+1 기획","라운드랩","80.0","160.0","ml","34000","32000","2000.0","정제수, 글리세린, 메틸프로판다이올, 스쿠알란, 베타인, 세테아릴알코올, 비닐다이메티콘, 세틸에틸헥사노에이트, 프로필헵틸카프릴레이트, 검정콩추출물(10,000ppm), 퀸즈랜드넛오일, 판테놀(2,550ppm), 콜레스테롤, 세라마이드엔피, 글라이코스핑고리피드, 세라마이드에이피, 스테아릭애씨드, 테트라아세틸피토스핑고신, 하이드로제네이티드레시틴, 다이프로필렌글라이콜, 폴리글리세릴-2스테아레이트, 글리세릴스테아레이트, 하이드록시에틸아크릴레이트/소듐아크릴로일다이메틸타우레이트코폴리머, 스테아릴알코올, 글리세릴스테아레이트에스이, 아크릴레이트/C10-30알킬아크릴레이트크로스폴리머, 베헤닐알코올, 트로메타민, 세테아릴올리베이트, 솔비탄올리베이트, 잔탄검, 아데노신, 다이소듐이디티에이, 시트릭애씨드, 솔비탄아이소스테아레이트, 카프릴릭/카프릭트라이글리세라이드, 1,2-헥산다이올, 하이드록시아세토페논, 에틸헥실글리세린"
"A000000189587","헤라 하이드로 리플렉팅 마이크로 크림 50ml","헤라","50.0","50.0","ml","72000","57020","11404.0","정제수, 프로판다이올, 글리세린, 메도우폼씨오일, 1,2-헥산다이올, 베타인, 베헤닐알코올, 카보머, 트로메타민, 호호바에스터, 아라키딜알코올, 에틸헥실글리세린, 글리세릴카프릴레이트, 덱스트린, 다이소듐이디티에이, 향료, 아데노신, 아라키딜글루코사이드, 부틸렌글라이콜, 토코페롤, 마데카소사이드, 나이아신아마이드, 피토스테롤, 말라카이트추출물, 아크릴레이트/스테아릴메타크릴레이트코폴리머, 흰목이버섯포자낭과추출물, 하이알루로닉애씨드, 락토바실러스발효용해물, 병풀꽃/잎/줄기추출물, 잔탄검, 아스코빌테트라이소팔미테이트, 라이신, 알지닌, 히스티딘, 세라마이드엔피, 모란추출물, 글루코오스, 자일로오스, 복사나무잎추출물, 만노오스, 소듐클로라이드, 레시틴, 소듐포스페이트, 카퍼트라이펩타이드-1, 푸코오스, 포타슘클로라이드, 포타슘포스페이트, 마그네슘클로라이드, 하이드 롤라이즈드기장, 칼슘클로라이드"
"A000000190051","[모공탄력] 마몽드 포어 슈링커 바쿠치올 크림 60ml 기획/단품","마몽드","60.0","60.0","ml","38000","28500","4750.0","정제수, 부틸렌글라이콜, 글리세린, 카프릴릭/카프릭트라이글리세라이드, 메틸트라이메티콘, 세테아릴알코올, 데실코코에이트, 글리세릴스테아레이트시트레이트, 펜타에리스리틸테트라에틸헥사노에이트, 1,2-헥산다이올, 판테놀, 폴리글리세릴-3메틸글루코오스다이스테아레이트, 벤토나이트, 암모늄아크릴로일다이메틸타우레이트/브이피코폴리머, 바쿠치올, 해바라기씨오일, 글리세릴카프릴레이트, 돌콩오일, 말토덱스트린, 에틸헥실글리세린, 다이소듐이디티에이, 당근추출물, 아데노신, 소듐하이알루로네이트, 레티놀, 하이드롤라이즈드식물성단백질, 사포닌, 수크로오스, 황해쑥잎오일, 베타-카로틴, 하이드롤라이즈드호밀피토플라센타추출물, 토코페롤, 풀루란, 제인, 인돌아세틱애씨드, 펙틴, 시트릭애씨드"
"A000000190420","어퓨 마데카소사이드 테트라좀시카 크림 120ml","어퓨","120.0","120.0","ml","28000","18620","1551.7","정제수, 부틸렌글라이콜, 카프릴릴메티콘, 나이아신아마이드, 실리카, 비닐다이메티콘, 1,2-헥산다이올, 판테놀, 글리세린, 펜틸렌글라이콜, 병풀잎추출물, 락토바실러스발효용해물, 칸디다 봄비콜라/글루코오스/메틸레이프씨데이트발효물, 해바라기씨오일, 효모발효추출물, 다이글리세린, 다이카프릴릴카보네이트, 카프릴릭/카프릭트라이글리세라이드, 다이페닐실록시페닐트라이메티콘, 소듐폴리아크릴로일다이메틸타우레이트, 글루코노락톤, 하이드록시에틸아크릴레이트/소듐아크릴로일다이메틸타우레이트코폴리머, 세테아릴올리베이트, 트로메타민, 솔비탄올리베이트, 비닐다이메티콘/메티콘실세스퀴옥세인크로스폴리머, 팔미틱애씨드, C12-20알킬글루코사이드, 하이드로제네이티드레시틴, 에틸헥실글리세린, 마데카소사이드, 다이포타슘글리시리제이트, 글리세릴아크릴레이트/아크릴릭애씨드코폴리머, 아데노신, 소듐파이테이트, 토코페롤, 아시아티코사이드, 마데카식애씨드, 다이프로필렌글라이콜, 아시아틱애씨드, C14-22알코올, 카보머, C12-16알코올, 잔탄검"
"A000000191026","[핑크빛생기나이트크림] 눅스 프로디쥬스 부스트 나이트 리커버리 오일 밤 50ml","눅스","50.0","50.0","ml","59000","44820","8964.0","정제수, 다이카프릴릴에터, 변성알코올, 글리세린, 스쿠알란, 다이메티콘, 퀸즈랜드넛오일, 하이드록시에틸아크릴레이트/소듐아크릴로일다이메틸타우레이트코폴리머, 옥틸도데칸올, 페녹시에탄올, 토코페롤, 에틸헥실글리세린, 아크릴레이트/C10-30알킬아크릴레이트크로스폴리머, 리보오스, 소듐글루코네이트, 코치닐선인장꽃추출물, 부틸렌글라이콜, 소듐스테아로일글루타메이트, 잔탄검, 폴리솔베이트60, 솔비탄아이소스테아레이트, 펜틸렌글라이콜, 커먼자스민꽃추출물, 팩스추출물, 소듐하이드록사이드, 바이오사카라이드검-1, 마이카, 적색산화철, 포트마리골드꽃추출물, 향료, 벤질살리실레이트, 리날룰, 시트로넬올, 알파-아이소메틸아이오논, 제라니올"
"A000000191027","[생기부스팅크림] 눅스 프로디쥬스 부스트 글로우 부스팅 크림 40ml","눅스","40.0","40.0","ml","56000","47600","11900.0","정제수, 스쿠알란, 변성알코올, 글리세린, 하이드로제네이티드코코넛오일, 트라이베헤닌, 퀸즈랜드넛오일, 다이카프릴릴에터, 다이메티콘, C20-22알킬포스페이트, C20-22알코올, 하이드로제네이티드코코-글리세라이즈, 토코페롤, 페녹시에탄올, 카보머, 에틸헥실글리세린, 소듐스테아로일글루타메이트, 리보오스, 소듐글루코네이트, 소듐하이드록사이드, 부틸렌글라이콜, 젤란검, 펜틸렌글라이콜, 커먼자스민꽃추출물, 소듐하이알루로네이트, 팩스추출물, 마이카, 적색산화철, 포트마리골드꽃추출물, 향료, 벤질살리실레이트, 리날룰, 시트로넬올, 제라니올, 알파-아이소메틸아이오논"
"A000000191733","[판매량 1억개 돌파] AHC 텐 레볼루션 리얼 아이크림 포 페이스 35ml","AHC","35.0","35.0","ml","23000","18500","5285.7","정제수, 글리세린, 다이프로필렌글라이콜, 하이드로제네이티드폴리데센, 사이클로헥사실록세인, 카프릴릭/카프릭트라이글리세라이드, 다이카프릴릴카보네이트, 나이아신아마이드, 카프릴릭/카프릭/석시닉트라이글리세라이드, 1,2-헥산다이올, 세테아릴알코올, 글리세릴스테아레이트에스이, 베타인, 세틸알코올, 시어버터, 펜타에리스리틸스테아레이트/카프레이트/카프릴레이트/아디페이트, 세테아릴올리베이트, 폴리글리세릴-10미리스테이트, 솔비탄올리베이트, 폴리글리세릴-10라우레이트, 다이메티콘/비닐다이메티콘크로스폴리머, 메틸프로판다이올, 폴리아크릴레이트-13, 소듐스테아로일글루타메이트, 베헤닐알코올, 에탄올, 폴리글리세릴-10스테아레이트, 하이드록시아세토페논, 비닐다이메티콘, 피토스테릴/베헤닐/옥틸도데실라우로일글루타메이트, 칸디다 봄비콜라/글루코오스/메틸레이프씨데이트발효물, 하이드로제네이티드레시틴, 부틸렌글라이콜, 하이드로제네이티드폴리아이소부텐, 코코넛야자오일, 마카다미아씨오일, 향료, 참마뿌리추출물, 알란토인, 에틸헥실글리세린, 글라이코실트레할로오스, 판테놀, 비피다발효용해물, 잔탄검, 아데노신, 하이드로제네이티드스타치하이드롤리세이트, 콜레스테롤, 에틸헥실팔미테이트, 라피노오스, 다이소듐이디티에이, 소듐하이알루로네이트, 마이크로코쿠스발효용해물, 솔비탄아이소스테아레이트, 레시틴, 황벽나무껍질추출물, 수용성콜라겐, 세라마이드엔피, 구기자나무잎추출물, 녹차추출물, 프로판다이올, 무화과추출물, 병풀추출물, 소듐라우레이트, 폴리쿼터늄-51, 이눌린라우릴카바메이트, 라우릭애씨드, 사이아노코발아민, 트로메타민, 포타슘세틸포스페이트, 인체줄기세포배양액, 폴리솔베이트80, 토코페롤, 콜라겐수, 알로에베라잎추출물, 판토락톤, 토코페릴아세테이트, 하이드롤라이즈드콜라겐추출물, 자일리틸글루코사이드, 쌀배아오일, 바이오사카라이드검-1, 콜라겐추출물, 스키조사카로미세스발효여과물, 안하이드로자일리톨, 카프릴릴글라이콜, 슈도알테로모나스발효추출물, 자일리톨, 코코일하이드롤라이즈드콜라겐, 펜타에리스리틸테트라아이소스테아레이트, 호호바씨오일, 글라이코리피드, 솔비탄라우레이트, 글루코오스, 소듐팔미토일프롤린, 코튼씨추출물, 카프릴로일글라이신, 포타슘코코일하이드롤라이즈드콜라겐, 말토덱스트린, 헥실렌글라이콜, 스쿠알란, 아스코빌프로필하이알루로네이트, 녹차수, 록샘파이어캘러스배양여과물, 아스코빅애씨드폴리펩타이드, 3-O-에틸아스코빅애씨드, 콜라겐, 콜라겐아미노산, 테트라하이드로피페린, 하이드록시에틸셀룰로오스, 하이드롤라이즈드루핀단백질, 만니톨, 락틱애씨드, 사코신, 아세틸다이펩타이드-1세틸에스터, 쌀추출물, 올레라케아아크멜라추출물, 토마토추출물, 마카뿌리추출물, 아보카도열매추출물, 사카라이드하이드롤리세이트, 하이드롤라이즈드식물성단백질, 퉁퉁마디추출물, 세틸하이드록시에틸셀룰로오스, 실론시나몬나무껍질추출물, 다이펩타이드다이아미노부티로일벤질아마이드다이아세테이트, 루틴, 실리카다이메틸실릴레이트, 락토바실러스발효물, 펜틸렌글라이콜, 하이드롤라이즈드콜라겐, 다이메틸실란올하이알루로네이트, 하이드롤라이즈드소듐하이알루로네이트, 하이드롤라이즈드하이알루로닉애씨드, 아세틸테트라펩타이드-9, 팔미토일트라이펩타이드-5, 바실러스/폴릭애씨드발효여과추출물, 3-아스코빌카보닐다이펩타이드-17, 다이포타슘포스페이트, 아세틸글루타민, 카프릴로일다이펩타이드-17, 판토테닉애씨드, 포타슘하이알루로네이트, 하이알루로닉애씨드, 헵타소듐헥사카복시메틸다이펩타이드-12, 소듐하이알루로네이트크로스폴리머, 하이드록시프로필트라이모늄하이알루로네이트, 아세틸헥사펩타이드-8, 글루코노락톤, 소듐콘드로이틴설페이트, 팔미틱애씨드, 돌콩펩타이드, 소듐하이알루로네이트다이메틸실란올, 효모폴리펩타이드, 스테아릭애씨드, 소듐아세틸레이티드하이알루로네이트, 아텔로콜라겐, 씨대퍼딜추출물, 소듐벤조에이트, 팔미토일테트라펩타이드-7, 팔미토일트라이펩타이드-1, 알바수련꽃추출물, 밀펩타이드, 귀리펩타이드, 마그네슘아스코빌포스페이트, 소듐아스코빌포스페이트, 알-소폴리펩타이드-1, 카프릴로일에스에이치-노나펩타이드-6, 콩폴리펩타이드, 리마콩씨추출물, 아세틸옥타펩타이드-3, 아세틸테트라펩타이드-11, 칼슘글루코네이트, 글라이신, 글루타믹애씨드, 글루타민, 노나펩타이드-1, 다이펩타이드-1, 다이펩타이드-2, 다이펩타이드-4, 라이신, 레티닐팔미테이트, 류신, 리보플라빈, 메나다이온, 메티오닌, 바이오틴, 발린, 세린, 시스테인, 시트룰린, 아세틸테트라펩타이드-2, 아세틸테트라펩타이드-3, 아세틸테트라펩타이드-5, 아세틸트라이펩타이드-1, 아스코빅애씨드, 아스파라진, 아스파틱애씨드, 아이소류신, 알라닌, 알라닌/히스티딘/라이신폴리펩타이드카퍼에이치씨엘, 알지닌, 오르니틴, 올리고펩타이드-6, 카퍼트라이펩타이드-1, 타우린, 타이로신, 트라이펩타이드-1, 트라이펩타이드-2, 트라이펩타이드-3, 트레오닌, 트립토판, 티아민에이치씨엘, 페닐알라닌, 펜타펩타이드-3, 폴릭애씨드, 프롤린, 피리독신, 헥사펩타이드-2, 헥사펩타이드-9, 히스티딘, 미리스틱애씨드, 팔미토일다이펩타이드-7, 팔미토일펜타펩타이드-4, 팔미토일헥사펩타이드-12, 에스에이치-올리고펩타이드-1, 에스에이치-폴리펩타이드-1, 에스에이치-올리고펩타이드-2, 에스에이치-폴리펩타이드-11, 에스에이치-폴리펩타이드-14, 에스에이치-폴리펩타이드-16, 에스에이치-폴리펩타이드-22, 에스에이치-폴리펩타이드-3, 에스에이치-폴리펩타이드-4, 에스에이치-폴리펩타이드-9"
"A000000191796","[응급진정/트러블케어] 로벡틴 시카케어 블레미쉬 클리어링 크림 50ml 리필기획 (+리필 40ml)","로벡틴","50.0","90.0","ml","42000","25200","2800.0","정제수, 글리세린, 2,3-부탄다이올, 하이드로제네이티드폴리데센, 하이드로제네이티드폴리(C6-14올레핀), 나이아신아마이드, 펜틸렌글라이콜, 베타인, 카프릴릭/카프릭트라이글리세라이드, 사이클로헥사실록세인, 비닐다이메티콘, 부틸렌글라이콜, 1,2-헥산다이올, 병풀추출물(10,000ppm), 호호바에스터, 퀸즈랜드넛오일, 칼라민, 다마스크장미꽃수, 호프추출물, 병풀꽃/잎/줄기추출물, 다이프로필렌글라이콜, 폴리메틸실세스퀴옥세인, 글리세릴스테아레이트, 세테아릴올리베이트, 암모늄아크릴로일다이메틸타우레이트/브이피코폴리머, 하이드록시에틸아크릴레이트/소듐아크릴로일다이메틸타우레이트코폴리머, 솔비탄올리베이트, 하이드로제네이티드레시틴, 세테아릴글루코사이드, C12-20알킬글루코사이드, 트로메타민, 판테놀, 에틸헥실글리세린, 아데노신, 마데카식애씨드(400ppm), 아시아틱애씨드(300ppm), 아시아티코사이드(300ppm), 솔비탄아이소스테아레이트, 다이포타슘글리시리제이트, 소듐파이테이트, 토코페롤, 사이아노코발아민, 프로판다이올, 마데카소사이드, 시트릭애씨드, 세테아릴알코올, C14-22알코올, 카보머"
"A000000191805","오휘 미라클 모이스처 세라마이드 부스팅 크림 50ml","오휘","50.0","50.0","ml","60000","57000","11400.0","정제수, 부틸렌글라이콜, 글리세린, 다이 메티콘, 베타인, 아이소헥사데칸, 폴리글리세릴-10 데카아이소스테아레이트, 미리스틸미리스테이트, 하이드로제네이티드폴리데센, 1,2-헥산다이올, 솔비 톨, 글리세릴스테아레이트에스이, 판테놀, 펜틸렌 글라이콜, 실리카, 트레할로오스, 변성알코올, C14- 22알코올, 칸디다 봄비콜라/글루코오스/메틸레이프 씨데이트발효물, 세라마이드엔피 (3120 ppm), 피토 스테릴/이소스테아릴/세틸/스테아릴/베헤닐다이 머디리놀리에이트, 글라이코실트레할로오스, 베헤닐 알코올, C12-20알킬글루코사이드, 하이드로제네이 티드스타치하이드롤리세이트, 카보머, 폴리아크릴 레이트-13, 폴리아크릴레이트크로스폴리머-6, 트로 메타민, 하이드록시에틸아크릴레이트/소듐아크릴 로일다이메틸타우레이트코폴리머, 티타늄디옥사 이드(CI 77891), 하이드로제네이티드폴리아이소부텐, 잔탄검, 육두구추출물, 소듐하이알루로네이트, 트라 이소듐이디티에이, 폴리글리세릴-10라우레이트, 솔비탄아이소스테아레이트, 카르노신, 에틸헥실 팔미테이트, 폴리글리세릴-10스테아레이트, 합성 플루오르플로고파이트, 적색산화철, 트라이에틸시 트레이트, 폴리글리세릴-6베헤네이트, 알루미늄 하이드록사이드, 세라마이드에이피 (11 ppm), 피토 스핑고신, 베헤닉애씨드, 세테아릴알코올, 콜레스 테롤, 글리세릴스테아레이트, 소듐레불리네이트, 팔미토일프롤린, 시어버터, 포타슘솔베이트, 마그 네슘팔미토일글루타메이트, 소듐팔미토일사코시 네이트, 팔미틱애씨드, 소듐세테아릴설페이트, 삽 주뿌리줄기추출물, 참마뿌리추출물, 작약뿌리추출 물, 인삼추출물, 세라마이드이오피 (0.02 ppm), 향료, 리모넨, 시트로넬올"
"A000000191823","[잡티케어] 디마르3 에트셀 멜라케어 크렘 65ml","디마르3","65.0","65.0","ml","","58300","8969.2","정제수, 글리세린, 부틸렌글라이콜, 프로판디올, 비닐디메치콘, 카프릴릭/카프릭트리글리세라이드, 1,2-헥산디올, 디펜타에리스리틸헥사C5-9애씨드에스터, 메칠프로판디올, 나이아신아마이드, 아세틸헥사펩타이드-1, 아데노신, 복숭아나무꽃추출물, 쌀겨수, 돌외잎추출물, 팔미토일트라이펩타이드-5, 펜타소듐테트라카복시메틸다이펩타이드-51, 펜타소듐테트라카복시메틸아세틸하이드록시프롤릴다이펩타이드-12, 토마토추출물, 돌나물추출물, 판테놀, 글루타치온, 인디언구스베리열매추출물, 강황추출물, 록샘파이어캘러스배양여과물, 호호바씨오일, 비사볼올, 스쿠알란, 바이오틴, 판토테닉애씨드, 에칠아스코빌에텔, 카르노신, 베타인, 리놀레닉애씨드, 마데카식애씨드, 베타-글루칸, 팔각회향열매/씨오일, 트라넥사믹애씨드, 광곽향오일, 센티드제라늄꽃오일, 말토덱스트린, 사카라이드하이드롤리세이트, 시트릭애씨드, 아시아티코사이드, 해바라기씨오일불검화물, 소듐파이테이트, 아시아틱애씨드, 소듐하이알루로네이트, 아스코빅애씨드, 사이아노코발라민, 폴릭애씨드, 피리독신, 티아민에이치씨엘, 탄제린껍질오일, 토코페롤, 글리세릴글루코사이드, 하이드롤라이즈드하이알루로닉애씨드 ,하이드로제네이티드폴리데센, 하이드로제네이티드레시틴, 펜틸렌글라이콜, 트로메타민, 글리세릴아크릴레이트/아크릴릭애씨드코폴리머, 소듐폴리아크릴로일디메칠타우레이트, 아크릴레이트/C10-30알킬아크릴레이트크로스폴리머, 에칠헥실글리세린, 트리에칠헥사노인, 디페닐디메치콘, 소듐스테아로일글루타메이트, 세테아릴알코올, 리모넨, 시트로넬올, 제라니올"
"A000000192057","MAC 하이퍼 리얼 스킨캔버스 밤","맥","","","","86000","74820","","정제수, 프로판다이올, 해바라기씨오일, 카프릴릭/카프릭/미리스틱/스테아릭트라이글리세라이드, 나이아신아마이드, 코코넛야자오일, 폴리글리세릴-3메틸글루코오스다이스테아레이트, 코코-카프릴레이트/카프레이트, 호호바씨오일, 부틸렌글라이콜, 하이드록시에틸아크릴레이트/소듐아크릴로일다이메틸타우레이트코폴리머, 글리세릴스테아레이트, 피이지-100스테아레이트, 트레할로오스, 아보카도오일, 글리세린, 소듐하이알루로네이트, 스쿠알란, 에틸헥실글리세린, 콜레스테롤, 소듐알엔에이, 세라마이드엔지, 아세틸글루코사민, 아세틸헥사펩타이드-8, 아이소노닐아이소노나노에이트, 카프릴릭/카프릭트라이글리세라이드, 카프릴릴글라이콜, 망고씨버터, 작약꽃추출물, 록샘파이어추출물, 알로에베라잎추출물, 호스테일켈프추출물, 조류추출물, 발레이추출물, 스위트아몬드추출물, 제주진득찰추출물, 밀배아오일, 하이드로제네이티드식물성오일, 카놀라오일, 아르간커넬오일, 카페인, 아크릴레이트/C10-30알킬아크릴레이트크로스폴리머, 솔비탄아이소스테아레이트, 포타슘세틸포스페이트, 폴리솔베이트60, 헥실렌글라이콜, 소듐하이드록사이드, 향료, 리날룰, 리모넨, 벤질살리실레이트, 토코페롤, 토코페릴아세테이트, 테트라소듐이디티에이, 페녹시에탄올, 포타슘솔베이트, 클로페네신, 티타늄디옥사이드  ILN99085 
성분 목록은 변경되거나 수시로 바뀔 수 있어, 제품 패키지에 포함된 성분 목록을 참고 부탁 드립니다."
"A000000192219","SNP 골드 콜라겐 엑스퍼트 크림 50ml","SNP","50.0","50.0","ml","","32000","6400.0","정제수, 글리세린, 사이클로펜타실록세인, 1,2-헥산다이올, 나이아신아마이드, 시어버터, 다이메티콘, 사이클로헥사실록세인, 식물성스쿠알란, 참마뿌리추출물, 하이드로제네이티드레시틴, 소듐하이알루로네이트, 세테아릴올리베이트, 솔비탄올리베이트, 폴리글리세릴-2스테아레이트, 비닐다이메티콘, 세틸알코올, 폴리글리세릴-10스테아레이트, 폴리글리세릴-10라우레이트, 폴리아크릴레이트-13, 글리세릴스테아레이트, 메틸프로판다이올, 베헤닐알코올, 다이메티콘/비닐다이메티콘크로스폴리머, 스테아릴알코올, 세테아릴알코올, 폴리아이소부텐, 소듐폴리아크릴레이트, 마이카, 글리세릴스테아레이트에스이, 글라이코실트레할로오스, 부틸렌글라이콜, 티타늄디옥사이드, 잔탄검, 하이드로제네이티드스타치하이드롤리세이트, 아데노신, 라피노오스, 콜레스테롤, 솔비탄아이소스테아레이트, 레시틴, 세라마이드엔피, 폴리쿼터늄-51, 소듐라우레이트, 하이드롤라이즈드콜라겐, 금, 라우릭애씨드, 틴옥사이드, 바이오사카라이드검-1, 글루타티온, 글라이신, 글루타믹애씨드, 시스테인, 아스코빅애씨드, 피토스테릴/베헤닐/옥틸도데실라우로일글루타메이트, 폴리솔베이트20, 향료, 에틸헥실글리세린, 적색산화철"
"A000000192520","[수분충전/세라마이드] 로벡틴 아쿠아 히알루로닉 수딩 크림 60ml","로벡틴","60.0","60.0","ml","36000","25200","4200.0","정제수, 글리세린, 하이드로제네이티드폴리소부텐, 카프릴릭/카프릭트리글리세라이드,헥실렌글라이콜, 나이아신아마이드, 펜틸렌글라이콜, 소듐폴리아크릴로일디메칠타우레이트, 세라마이드엔피, 소듐하이알루로네이트, 헤마토코쿠스 플루비알리스추출물, 알로에베라잎즙가루, 토코페롤, 알란토인, 구아바잎추출물, 후박추출물, 하이드록시에칠셀룰로오스, 하이드로제네이티드폴리데센, 해바라기씨오일, 올리브오일, 아보카도오일, 스위트아몬드오일, 피마자오일, 세타아릴올리베이트, 에칠헥실글리세린, 소르비탄올리베이트, 운데실레닉글리세라이드, 트리데세스-10, 프로판디올, 글리세릴카프릴레이트, 시트릭애씨드"
"A000000197319","오가나셀 펩타이드 리커버리 크림 50ml","오가나셀","50.0","50.0","ml","57000","51000","10200.0","정제수, 글리세린, 다이프로필렌글라이콜, 시어버터, 세테아릴알코올, 식물성오일, 사이클로펜타실록세인, 다이펜타에리스리틸헥사C5-9애씨드에스터, 사이클로헥사실록세인, 아라키딜알코올, 베헤닐알코올, 아라키딜글루코사이드, 세테아릴글루코사이드, 다이메티콘, 폴리아크릴레이트크로스폴리머-6, 암모늄아크릴로일다이메틸타우레이트/브이피코폴리머, 풀루란, 엑토인, 알란토인, 판테놀, 하이드록시프로필스타치포스페이트, 병풀추출물, 소듐하이알루로네이트, 하이드롤라이즈드하이알루로닉애씨드, 소듐아세틸레이티드하이알루로네이트, 하이드로제네이티드레시틴, 세라마이드엔피, 마데카소사이드, 아시아티코사이드, 효모베타-글루칸, 알라닌, 알지닌, 글라이신, 글루타믹애씨드, 세린, 카퍼트라이펩타이드-1, 헥사펩타이드-61다이머, 아세틸헥사펩타이드-8, 노나펩타이드-1, 부틸렌글라이콜, 마텔추출물, 한련추출물, 다이소듐이디티에이, 리날룰, 옥틸도데칸올, 카프릴릴글라이콜, 에틸헥실글리세린, 페녹시에탄올, 1,2-헥산다이올, 향료"
"A000000197320","오가나셀 바이오 액티옴 크림 50ml","오가나셀","50.0","50.0","ml","","68000","13600.0","정제수, 글리세린, 다이프로필렌글라이콜, 시어버터, 세테아릴알코올, 식물성오일, 사이클로펜타실록세인, 나이아신아마이드, 다이펜타에리스리틸헥사C5-9애씨드에스터, 사이클로헥사실록세인, 아라키딜알코올, 베헤닐알코올, 1,2-헥산다이올, 다이메티콘, 하이드록시아세토페논, 암모늄아크릴로일다이메틸타우레이트/브이피코폴리머, 아라키딜글루코사이드, 풀루란, 세테아릴글루코사이드, 폴리아크릴레이트크로스폴리머-6, 하이드록시프로필스타치포스페이트, 아데노신, 소듐하이알루로네이트, 병풀추출물, 옥틸도데칸올, 하이드로제네이티드레시틴, 세라마이드엔피, 마데카소사이드, 아시아티코사이드, 병풀잎추출물, 말토덱스트린, 자이모모나스발효추출물, 꿀추출물, 효모/자일리눔/홍차발효물, 펜틸렌글라이콜, 하이드록시에틸셀룰로오스, 부틸렌글라이콜, 바다포도추출물, 글루코오스, 베타-글루칸, 알라닌, 알지닌, 글라이신, 글루타믹애씨드, 세린, 카퍼트라이펩타이드-1(110ppm), 헥사펩타이드-61다이머(1ppm), 다이소듐이디티에이, 카프릴릴글라이콜, 에틸헥실글리세린, 향료"
"A000000197679","닥터멜락신 비피 포어 베리어 크림 50g","닥터멜락신","50.0","50.0","g(약 1ml 상당으로 근사)","22900","20900","4180.0","정제수, 프로판다이올, 글리세린, 부틸렌글라이콜, 카프릴릭/카프릭트라이글리세라이드, 1,2-헥산다이올, 나이아신아마이드, 세테
아릴알코올, 판테놀, 하이드록시에틸아크릴레이트/소듐아크릴로일다이메틸타우레이트코폴리머, 세테아릴올리베이트, 비닐다이
메티콘, 솔비탄올리베이트, 카보머, 트로메타민, 알루미늄수크로오스옥타설페이트, 에틸헥실글리세린, 솔비탄아이소스테아레이트,
아보카도열매추출물, 말토덱스트린, 아데노신, 하이드록시에틸셀룰로오스, 인도멀구슬나무잎추출물, 다이소듐이디티에이, 인도멀
구슬나무꽃추출물, 하이드롤라이즈드콜라겐추출물, 티트리잎오일, 바이오사카라이드검-1, 알로에베라잎추출물, 아이비고드열매
추출물, 소듐아세테이트, 가지열매추출물, 알로에베라꽃추출물, 소듐디엔에이, 홀리바질잎추출물, 셀룰로오스, 참산호말추출물, 울
금뿌리추출물, 에탄올, 하이드롤라이즈드해면, 아세틸헥사펩타이드-8, 카퍼트라이펩타이드-1, 팔미토일펜타펩타이드-4, 아시아티
코사이드, 마데카식애씨드, 아시아틱애씨드, 마데카소사이드, 세라마이드엔피, 알에이치-올리고펩타이드-1"
"A000000198026","[다크서클 완화] 썸바이미 레티놀 인텐스 액션 아이크림 30ml","썸바이미","30.0","30.0","ml","23400","16300","5433.3","정제수, 글리세린, 카프릴릭/카프릭트라이글리세라이드, 다이메티콘, 폴리솔베이트60, 나이아신아마이드, 메틸프로판다이올, 세틸알코올, 폴리메틸실세스퀴옥세인, 병풀추출물, 참마뿌리추출물, 카바카바잎/뿌리/줄기추출물, 티트리잎추출물, 인삼열매추출물, 사철쑥추출물, 영지버섯줄기추출물, 클로렐라 불가리스추출물, 돌콩추출물, 알바수련꽃추출물, 오일팜오일, 하이드로제네이티드레시틴, 소듐하이알루로네이트, 1,2-헥산다이올, 다이메티콘/비닐다이메티콘크로스폴리머, 판테놀, 비에이치티, 사이클로펜타실록세인, 스테아레스-21, 피이지-10다이메티콘/비닐다이메티콘크로스폴리머, 폴리아크릴아마이드, 스테아레스-2, 아이소헥사데칸, 카보머, 하이드록시아세토페논, C13-14아이소파라핀, 트로메타민, 팔미틱애씨드, 폴리쿼터늄-51, 스테아릭애씨드, 폴리솔베이트20, 레티놀(0.1 %), 에틸헥실글리세린, 글리세릴카프릴레이트, 토코페릴아세테이트, 폴리글리세릴-10미리스테이트, 피이지-30다이폴리하이드록시스테아레이트, 하이드록시에틸셀룰로오스, 빙하수, 글라이코실트레할로오스, 베타-글루칸, 글리세릴폴리메타크릴레이트, 라우레스-7, 부틸렌글라이콜, 다이소듐이디티에이, 하이드로제네이티드스타치하이드롤리세이트, 아데노신, 라피노오스, 다이포타슘글리시리제이트, 레시틴, 토코페롤, 펜틸렌글라이콜, 비에이치에이, 미리스틱애씨드, 프로판다이올, 다이프로필렌글라이콜, 다이소듐포스페이트, 카프릴릴글라이콜, 콜라겐, 마데카식애씨드, 바이오사카라이드검-1, 아시아티코사이드, 소듐팔미토일프롤린, 류코노스톡/무발효여과물, 아시아틱애씨드, 글루타티온, 레틴알, 마데카소사이드, 소듐포스페이트, 아세틸헥사펩타이드-8, 암모늄아크릴로일다이메틸타우레이트/브이피코폴리머, 테트라하이드로피페린, 플로레틴, 알지닌, 향료"
"A000000198199","[꾸덕보습] 라네즈 워터뱅크 인텐시브 크림 45ml 기획 (+10ml*2ea)","라네즈","45.0","55.0","ml","39000","29000","5272.7","정제수, 부틸렌글라이콜, 세테아릴알코올, 글리세린, 하이드로제네이티드폴리(C6-14올레핀), 다이에틸헥실석시네이트, 1,2-헥산다이올, 글리세릴스테아레이트에스이, 피토스테릴/베헤닐/옥틸도데실라우로일글루타메이트, 트라이올레인, 글리세릴스테아레이트, 스쿠알란, 메틸트라이메티콘, 아이소노닐아이소노나노에이트, 미리스틸미리스테이트, C10-18트라이글리세라이즈, 락토바실러스발효용해물, 세테아릴글루코사이드, 카보머, 하이드록시에틸아크릴레이트/소듐아크릴로일다이메틸타우레이트코폴리머, 소듐스테아로일글루타메이트, 트로메타민, 나이아신아마이드, 소듐메타포스페이트, 글리세릴카프릴레이트, 프로판다이올, 에틸헥실글리세린, 세라마이드엔피, 향료, 카프릴릴글라이콜, 하이드롤라이즈드하이알루로닉애씨드 (225ppm), 솔비탄아이소스테아레이트, 소듐하이알루로네이트 (150ppm), 덱스트린, 아시아티코사이드, 잇꽃꽃추출물, 마데카식애씨드, 아시아틱애씨드, 카카오추출물, 토코페롤, 소듐하이알루로네이트크로스폴리머 (10ppm), 하이알루로닉애씨드 (5ppm), 식물성오일, 사막장미잎세포추출물, 소듐아세틸레이티드하이알루로네이트 (0.5ppm), 아세틸테트라펩타이드-2, 미역추출물"
"A000000198853","테라로직 피토세라 프로 안티옥시던트 10X 탄력리프팅 크림 50ml","테라로직","50.0","50.0","ml","48000","37000","7400.0","정제수, 글리세린, 카프릴릭/카프릭트라이글리세라이드, 부틸렌글라이콜, 시어버터, 세틸에틸헥사노에이트, 메도우폼씨오일, 나이아신아마이드, 세테아릴올리베이트, 세테아릴알코올, 솔비탄올리베이트, 1,2-헥산다이올, 하이드로제네이티드폴리아이소부텐, 글리세릴스테아레이트, 하이드로제네이티드폴리데센, 하이드록시아세토페논, 하이드로제네이티드레시틴, 카보머, 프로판다이올, 폴리아크릴레이트-13, 비닐다이메티콘, 트로메타민, 세라마이드엔피, 알란토인, 세테아릴글루코사이드, 향료, 황련뿌리추출물, 에틸헥실글리세린, 잔탄검, 아데노신, 폴리메틸실세스퀴옥세인, 폴리글리세릴-10라우레이트, 다이소듐이디티에이, 에틸헥실팔미테이트, 솔비탄아이소스테아레이트, 카카오씨추출물, 프로필렌글라이콜, C18-36애씨드트라이글리세라이드, 덱스트린, 하이드롤라이즈드콜라겐,하이알루로닉애씨드, 하이드롤라이즈드하이알루로닉애씨드, 호호바에스터, 소듐하이알루로네이트, 백설차잎추출물, 스테아릭애씨드, C12-18애씨드트라이글리세라이드, 스쿠알렌, 피토스테롤, 피토스테릴마카다미에이트, 콜레스테롤, 피토스핑고신, 토코페롤, 세라마이드엔지, 세라마이드엔에스, 세라마이드에이피, 세라마이드에이에스, 세라마이드이오피"
"A000000198949","[기미/잡티/미백] 원진이펙트 멜라리스 크림 80g","원진이펙트","80.0","80.0","g(약 1ml 상당으로 근사)","","24000","3000.0","정제수, 부틸렌글라이콜, 글리세린, 세테아릴알코올, 세틸에틸헥사노에이트, 사이클로펜타실록세인,카프릴릭/카프릭트라이글리세라이드, 나이아신아마이드, 1,2-헥산다이올, 글리세릴스테아레이트, 사이클로헥사실록세인, 다이메티콘, 팔미틱애씨드, 스테아릭애씨드, 세테아릴올리베이트, 폴리솔베이트60, 솔비탄세스퀴올리에이트, 비즈왁스, 비사보롤, 마이크로크리스탈린왁스, 솔비탄올리베이트, 솔비탄스테아레이트, 카보머, 알지닌, 하이드로제네이티드레시틴, 판테놀, 다이포타슘글리시리제이트, 아데노신, 향료, 다이소듐이디티에이, 바베이도스체리추출물, 인도멀구슬나무꽃추출물, 홀리바질잎추출물, 인도멀구슬나무잎추출물, 펜틸렌글라이콜, 울금뿌리추출물, 참산호말추출물, 트라넥사믹애씨드, 마데카소사이드, 글루타티온, 피토스테롤, 쇠뜨기추출물, 석송추출물, 레시틴, 유비퀴논, 잔탄검, 솔비탄카프릴레이트"
"A000000199155","[민감진정] 라운드랩 포 맨 소나무 진정 시카 크림 75ml","라운드랩","75.0","75.0","ml","27000","19900","2653.3","정제수,부틸렌글라이콜,글리세린,카프릴릭/카프릭트라이글리세라이드,1,2-헥산다이올,하이알루로닉애씨드,하이드롤라이즈드하이알루로닉애씨드,소듐하이알루로네이트,하이드롤라이즈드치자추출물,하이드롤라이즈드맥아추출물,하이드롤라이즈드삼색제비꽃추출물,인도멀구슬나무잎추출물,인도멀구슬나무꽃추출물,카카오씨추출물,감자꽃추출물,녹차추출물,오카무라큰실말추출물,흰버드나무껍질추출물,커피콩추출물,베르가모트잎추출물,소나무잎추출물(1000.61ppm),프로판다이올,에틸헥실글리세린,데실글루코사이드,세테아릴올리베이트,솔비탄올리베이트,소듐폴리아크릴레이트,에틸헥실스테아레이트,병풀잎추출물(10.6ppm),카프릴로일살리실릭애씨드,덱스트린,암모늄폴리아크릴로일다이메틸타우레이트,병풀추출물(0.01ppm),글라이코프로테인(0.0002ppm),아시아티코사이드(0.00001ppm),아시아틱애씨드(0.00001ppm),마데카소사이드(0.00001ppm),마데카식애씨드(0.00001ppm),세테아릴알코올,비닐다이메티콘,다이소듐이디티에이,트라이데세스-6"
"A000000199254","오휘 미라클 토닝 글로우 크림 60ml","오휘","60.0","60.0","ml","78000","74100","12350.0","정제수, 에칠헥실메톡시신나메이트, 변성 알코올, 다이아이소프로필세바케이트, 프로판다이올, 트로메타민, 드로메트리졸트리실록산, 테레프탈릴 리덴디캠퍼설포닉애씨드, 글리세린, 나이아신아마 이드, 페네틸벤조에이트, 페닐벤즈이미다졸설포닉 애씨드, 폴리글리세릴-3다이스테아레이트, 다이 메티콘, 1,2-헥산다이올, 세테아릴알코올, 비스-에칠 헥실옥시페놀메톡시페닐트리아진, 라우로일라이신, 판테놀, 에칠헥실트리아존, 글리세릴스테아레이트 에스이, 폴리글리세릴-3메틸글루코오스다이스테아 레이트, 프로필렌글라이콜, 폴리실리콘-11, 폴리 아마이드-8, 아크릴레이트/C10-30알킬아크릴레 이트크로스폴리머, 부틸렌글라이콜, 카보머, 글루코 노락톤, 글리세릴스테아레이트시트레이트, 소듐 스테아로일글루타메이트, 해바라기씨오일, 석시노 글리칸, 잔탄검, 육두구추출물, 트라이소듐이디티 에이, 얼룩파인애플추출물, 카프릴릴글라이콜, 데실 글루코사이드, 토코페롤, 베타-카로틴, 당근추출물, 당근씨오일, 시트릭애씨드, 펜타에리스리틸테트라 -다이-T-부틸하이드록시하이드로신나메이트, 소듐 하이알루로네이트, 돌콩오일, 아스코빅애씨드, 향료, 리모넨, 리날룰, 시트로넬올, 제라니올, 시트랄"
"A000000199404","[속보습] 마녀공장 판테토인 크림 80ml","마녀공장","80.0","80.0","ml","29200","20700","2587.5","정제수, 글리세린, 카프릴릴메티콘, 옥틸도데칸올, 펜틸렌글라이콜, 부틸렌글라이콜다이카프릴레이트/다이카프레이트, 망고씨버터, 판테놀(덱스판테놀, 2%), 펜타에리스리틸테트라에틸헥사노에이트, 폴리글리세릴-3메틸글루코오스다이스테아레이트, 베헤닐알코올, 메틸프로판다이올, 폴리메틸실세스퀴옥세인, 1,2-헥산다이올, 퀸즈랜드넛오일, 세테아릴올리베이트, 솔비탄올리베이트, 하이드록시에틸아크릴레이트/소듐아크릴로일다이메틸타우레이트코폴리머, 아세틸글루코사민, 비스-다이글리세릴폴리아실아디페이트-2, 엑토인(5,000ppm), 글리세릴스테아레이트, 폴리글리세릴-3다이스테아레이트, 세테아릴알코올, 암모늄아크릴로일다이메틸타우레이트/브이피코폴리머, 스테아릴알코올, 카프릴릴글라이콜, 세테아릴글루코사이드, 스쿠알란, 에틸헥실글리세린, 다이포타슘글리시리제이트, 잔탄검, 솔비탄아이소스테아레이트, 알란토인, 글리세릴스테아레이트시트레이트, 트라이소듐에틸렌다이아민다이석시네이트, 해바라기씨오일, 칸디다 봄비콜라/글루코오스/메틸레이프씨데이트발효물, 부틸렌글라이콜, 토코페롤, 효모발효추출물, 다이프로필렌글라이콜, 하이드롤라이즈드하이알루로닉애씨드, 프로판다이올, 세라마이드엔피, 피토스핑고신, 하이드록시페닐프로파미도벤조익애씨드, 소듐클로라이드, 아스코빌팔미테이트, 소듐바이카보네이트, 칼슘클로라이드, 포타슘클로라이드"
"A000000199714","[장벽보습크림] 닥터지 더모이스처 배리어 D 인텐스 크림 100ml 기획 3종","닥터지","100.0","100.0","ml","","38000","3800.0","1. 닥터지 더모이스처 배리어 D 인텐스 크림 100ml(본품)

정제수, 글리세린, 프로판다이올, 스쿠알란, 부틸렌글라이콜다이카프릴레이트/다이카프레이트, 사이클로헥사실록세인, 펜타에리스리틸테트라아이소스테아레이트, C14-22알코올, 아라키딜알코올, 비닐다이메티콘, 판테놀, 세테아릴알코올, 세테아릴올리베이트, 베헤닐알코올, 솔비탄올리베이트, 1,2-헥산다이올, 포타슘세틸포스페이트, 세라마이드엔피, C12-20알킬글루코사이드, 아라키딜글루코사이드, 글리세릴글루코사이드, 폴리아크릴레이트크로스폴리머-6, 올리브오일불검화물, 자일리틸글루코사이드, 카프릴릴글라이콜, 안하이드로자일리톨, 밀배아오일불검화물, 돌콩오일불검화물, 콜레스테롤, 토코페롤, 알란토인, 아이소말트, 팔미틱애씨드, 자일리톨, 다이소듐이디티에이, 잔탄검, 글루코노락톤, 글루코오스, 에틸헥실글리세린, 카프릴릭/카프릭트라이글리세라이드, 소듐하이알루로네이트, 꽃가루추출물, t-부틸알코올, 하이드로제네이티드레시틴, 폴리글리세릴-10스테아레이트, 폴리글리세릴-10올리에이트, 엑토인, 미리스틱애씨드, 알루미늄/마그네슘하이드록사이드스테아레이트, 스테아릭애씨드, 흰목이버섯폴리사카라이드, 소듐하이알루로네이트크로스폴리머, 포타슘하이알루로네이트, 하이드록시프로필트라이모늄하이알루로네이트, 하이드롤라이즈드소듐하이알루로네이트, 하이드롤라이즈드하이알루로닉애씨드, 하이알루로닉애씨드, 소듐스테아로일글루타메이트, 7-데하이드로콜레스테롤 , 소듐아스코빌포스페이트, 소듐아세틸레이티드하이알루로네이트, 칼슘클로라이드, 피톨

2. 닥터지 더모이스처 배리어 D 인텐스 크림 30ml(구성품)
정제수, 글리세린, 프로판다이올, 스쿠알란, 부틸렌글라이콜다이카프릴레이트/다이카프레이트, 사이클로헥사실록세인, 펜타에리스리틸테트라아이소스테아레이트, C14-22알코올, 아라키딜알코올, 비닐다이메티콘, 판테놀, 세테아릴알코올, 세테아릴올리베이트, 베헤닐알코올, 솔비탄올리베이트, 1,2-헥산다이올, 포타슘세틸포스페이트, 세라마이드엔피, C12-20알킬글루코사이드, 아라키딜글루코사이드, 글리세릴글루코사이드, 폴리아크릴레이트크로스폴리머-6, 올리브오일불검화물, 자일리틸글루코사이드, 카프릴릴글라이콜, 안하이드로자일리톨, 밀배아오일불검화물, 돌콩오일불검화물, 콜레스테롤, 토코페롤, 알란토인, 아이소말트, 팔미틱애씨드, 자일리톨, 다이소듐이디티에이, 잔탄검, 글루코노락톤, 글루코오스, 에틸헥실글리세린, 카프릴릭/카프릭트라이글리세라이드, 소듐하이알루로네이트, 꽃가루추출물, t-부틸알코올, 하이드로제네이티드레시틴, 폴리글리세릴-10스테아레이트, 폴리글리세릴-10올리에이트, 엑토인, 미리스틱애씨드, 알루미늄/마그네슘하이드록사이드스테아레이트, 스테아릭애씨드, 흰목이버섯폴리사카라이드, 소듐하이알루로네이트크로스폴리머, 포타슘하이알루로네이트, 하이드록시프로필트라이모늄하이알루로네이트, 하이드롤라이즈드소듐하이알루로네이트, 하이드롤라이즈드하이알루로닉애씨드, 하이알루로닉애씨드, 소듐스테아로일글루타메이트, 7-데하이드로콜레스테롤 , 소듐아스코빌포스페이트, 소듐아세틸레이티드하이알루로네이트, 칼슘클로라이드, 피톨

3. 닥터지 더모이스처 배리어 D 멀티밤 1g(구성품)
정제수, 글리세린, 다이프로필렌글라이콜, 사이클로펜타실록세인, 다이카프릴릴에터, 세테아릴알코올, 베헤닐알코올, 1,2-헥산다이올, 다이메티콘, 글리세릴글루코사이드, 세테아릴올리베이트, 다이펜타에리스리틸헥사하이드록시스테아레이트/헥사스테아레이트/헥사로지네이트, 한련초잎추출물, 다시마추출물, 병풀추출물, 무화과추출물, 꽃가루추출물, 하이드로제네이티드레시틴, 포도씨오일, 호호바씨오일, 퀸즈랜드넛오일, 올리브오일, 솔비탄올리베이트, 팔미틱애씨드, 덱스판테놀, 스테아릭애씨드, 다이메티콘올, 글리세릴스테아레이트에스이, 암모늄아크릴로일다이메틸타우레이트/브이피코폴리머, 세테아릴글루코사이드, 콜레스테롤, 잔탄검, 부틸렌글라이콜, 글루코오스, 프룩토올리고사카라이드, 베타-글루칸, 다이소듐이디티에이, 세라마이드엔피, 스쿠알란, 하이드롤라이즈드하이알루로닉애씨드, 올리브오일불검화물, 밀배아오일불검화물, 돌콩오일불검화물, 토코페롤, 카프릴릭/카프릭트라이글리세라이드, 아이소말트, 돌콩스테롤, 리놀레익애씨드, 포스포리피드, 수크로오스팔미테이트, 폴리글리세릴-10스테아레이트, 폴리글리세릴-10올리에이트, 알루미늄/마그네슘하이드록사이드스테아레이트, 소듐스테아로일글루타메이트, 7-데하이드로콜레스테롤, 칼슘클로라이드, 피톨, 향료, 에틸헥실글리세린"
"A000000200133","[민감/진정크림]아벤느 똘레랑스 하이드레이팅 플루이드 40ml","아벤느","40.0","40.0","ml","","35000","8750.0","온천수(아벤느온천수), 카프릴릭/카프릭트라이글리세라이드, 글리세린, 미리스틸알코올, 레몬껍질가루, 디우탄검, 미리스틸글루코사이드, 스클레로튬검, 소듐하이알루로네이트"
"A000000200181","닥터하우쉬카 로즈 데이 크림 오리지널 30ml","닥터하우쉬카","30.0","30.0","ml","52000","49400","16466.7","정제수, 땅콩오일, 비즈왁스, 마시멜로뿌리추출물, 다마스크장미꽃수, 서양고추나물꽃/잎/줄기추출물, 시어버터, 솔비탄올리베이트, 아보카도오일, 폴리글리세릴-3 폴리리시놀리에이트, 향료*, 다마스크장미꽃추출물, 로즈힙열매추출물, 카나우바왁스, 징크설페이트, 다마스크장미꽃왁스, 레시틴, 벤진알코올,* 시트로넬올*, 제라니올*, 리날룰*, 리모넨*, 시트랄*, 파네솔* 유제놀*"
"A000000200201","닥터하우쉬카 로즈 데이 크림 라이트 30ml","닥터하우쉬카","30.0","30.0","ml","52000","49400","16466.7","정제수, 참깨오일, 에탄올(유기농 곡물 유래), 마시멜로뿌리추출물, 다마스크장미꽃수, 다마스크장미꽃추출물, 키드니베치추출물, 살구씨오일, 스위트아몬드오일, 세테아릴알코올, 벤토나이트, 비즈왁스, 해바라기씨오일, 아보카도오일, 리솔레시틴, 로즈힙열매추출물, 밀겨추출물, 시어버터, 향료*, 잔탄검, 다마스크장미꽃왁스, 레시틴, 시트로넬올*, 제라니올*, 리날룰*, 리모넨*, 시트랄* 파네솔*, 유제놀*"
"A000000200480","[수딩진정] 넘버즈인 1번 판토텐산 액티브 수딩크림 80ml 기획 (+패드 6매)","넘버즈인","80.0","80.0","ml","30000","21000","2625.0","정제수, 부틸렌글라이콜, 글리세린, 나이아신아마이드, 세틸에틸헥사노에이트, 다이카프릴릴카보네이트, 1,2-헥산다이올, 펜틸렌글라이콜, 비닐다이메티콘, 병풀추출물, 클로렐라 불가리스추출물, 도둑놈의지팡이뿌리추출물, 인도멀구슬나무잎추출물, 인도멀구슬나무꽃추출물, 아이비고드열매추출물, 홀리바질잎추출물, 울금뿌리추출물, 알로에베라꽃추출물, 가지열매추출물, 참산호말추출물, 녹차추출물, 병풀잎추출물, 오카무라큰실말추출물, 흰버드나무껍질추출물, 약모밀추출물, 커피콩추출물, 베르가모트잎추출물, 소나무잎추출물, 알파-알부틴, 아르간커넬오일, 참깨오일, 사발팜열매추출물, 스페인감초뿌리추출물, 카프릴릴메티콘, 에리스리톨, 판테놀, 하이드록시에틸아크릴레이트/소듐아크릴로일다이메틸타우레이트코폴리머, 다이메티콘올, 폴리메틸실세스퀴옥세인, 아크릴레이트/C10-30알킬아크릴레이트크로스폴리머, 글루코오스, 트로메타민, 실리카, 프룩토올리고사카라이드, 프룩토오스, 에틸헥실글리세린, 소듐파이테이트, 글리세릴아크릴레이트/아크릴릭애씨드코폴리머, 카프릴릭/카프릭트라이글리세라이드, 하이드로제네이티드레시틴, 토코페롤, 데실글루코사이드, 판토테닉애씨드, 폴리글리세릴-4카프레이트, 폴리글리세릴-6카프릴레이트, 징크피씨에이, 메틸다이아이소프로필프로피온아마이드, 베타-시토스테롤, 잔탄검"
"A000000200632","[잡티미백케어] 성분에디터 머루포도 비타 C 잡티크림 50g","성분에디터","50.0","50.0","g(약 1ml 상당으로 근사)","","23900","4780.0","포도수(671,000ppm), 다이프로필렌글라이콜, 세틸에틸헥사노에이트, 1,2-헥산다이올, 포도추출물(30,000ppm), 카프릴릭/카프릭트라이글리세라이드, 글리세린, 나이아신아마이드, 폴리글리세릴-3메틸글루코오스다이스테아레이트, 글리세레스-26, 세테아릴알코올, 트라넥사믹애씨드, 스테아릭애씨드, 글리세릴스테아레이트, 폴리아크릴레이트-13, 부틸렌글라이콜, 인도멀구슬나무꽃추출물, 하이드로제네이티드폴리아이소부텐, 아이비고드열매추출물, 정제수, 시메티콘, 3-O-에틸아스코빅애씨드(500ppm), 폴리글리세릴-10라우레이트, 아데노신, 에틸헥실팔미테이트, 솔비탄아이소스테아레이트, 다이소듐이디티에이, 잔탄검, 알란토인, 아라키딕애씨드, 팔미틱애씨드, 올레익애씨드, 콜라겐, 류코노스톡/무발효여과물, 비치스트로베리추출물, 로우스위트블루베리추출물, 소듐하이알루로네이트, 베어베리잎추출물, 서양산딸기추출물, 라벤더꽃추출물, 레스베라트롤, 보리지추출물, 수레국화꽃추출물, 클레리추출물, 히아신스전초추출물, 마트리카리아꽃추출물, 백미꽃추출물, 마데카소사이드, 아시아티코사이드, 에틸헥실글리세린, 하이알루로닉애씨드, 하이드롤라이즈드하이알루로닉애씨드, 하이드록시프로필트라이모늄하이알루로네이트, 하이드롤라이즈드소듐하이알루로네이트, 포타슘하이알루로네이트, 펜틸렌글라이콜, 마데카식애씨드, 소듐하이알루로네이트크로스폴리머, 아시아틱애씨드, 소듐아세틸레이티드하이알루로네이트"
"A000000200725","[손상/장벽 리페어] 아벤느 시칼파트 플러스 SOS 리페어 크림 100ml 기획 (+40ml)","아벤느","100.0","140.0","ml","","44000","3142.9","온천수 (아벤느 온천수), 카프릴릭/카프릭트라이글리세라이드, 미네랄오일, 글리세린, 하이드로제네이티드식물성오일, 징크옥사이드, 프로필렌글라이콜, 폴리글리세릴-2세스퀴이소스테아레이트, 피이지-22/도데실글라이콜코폴리머, 아쿠아필루스 돌로미아이발효여과물, 마그네슘스테아레이트, 비즈왁스, 마이크로크리스탈린왁스, 알루미늄스테아레이트, 카퍼설페이트, 마그네슘설페이트, 징크설페이트, 알지닌, 트로메타민"
"A000000201376","[튜브기획]/온라인단독] 리얼베리어 익스트림 크림 65ml 기획 (+25ml)","리얼베리어","65.0","90.0","ml","","38500","4277.8","정제수, 부틸렌글라이콜, 카프릴릭/카프릭트라이글리세라이드, 글리세린, 세테아릴알코올, 프로판다이올, 판테놀, 미리스토일/팔미토일옥소스테아라마이드/아라카마이드엠이에이, 글리세릴스테아레이트, 폴리글리세릴-10다이스테아레이트,다이메티콘, 솔비탄스테아레이트, 겨우살이열매추출물, 1, 2-헥산다이올, 메도우폼씨오일, 올리브오일, 하이드로제네이티드식물성오일, 자일리틸글루코사이드, 안하이드로자일리톨, 자일리톨, 글루코오스, 토코페릴아세테이트, 피토스테롤, 포스포리피드, 다이하이드록시아이소프로필팔모일팜아마이드, 비스-카프릴로일옥시팔미타미도아이소프로판올, 알란토인, 아세틸헵타펩타이드-4, 해바라기씨오일, 살비아오일, 광곽향오일, 소두구씨오일, 콘민트오일, 캐모마일꽃오일,멕시칸주니퍼오일, 바이오사카라이드검-1, 소듐하이알루로네이트, 아세틸다이펩타이드-1세틸에스터, 마데카소사이드, 스테아릭애씨드, 카보머, 카프릴릴글라이콜, 솔비탄라우레이트, 하이드록시에틸셀룰로오스, 소듐레불리네이트, 글리세릴카프릴레이트, p-아니식애씨드"
"A000000201643","로우퀘스트 에키네시아 카밍 모이스처 젤 크림 50ml","로우퀘스트","50.0","50.0","ml","","38000","7600.0","자주천인국추출물(74.8%), 글리세린, 프로판다이올, 하이드로제네이티드폴리데센, 1,2-헥산다이올, 나이아신아마이드, 다이프로필렌글라이콜, 정제수, 부틸렌글라이콜, 카프릴릭/카프릭트라이글리세라이드, 폴리메틸실세스퀴옥세인, 세테아릴올리베이트, 소듐폴리아크릴로일다이메틸타우레이트, 솔비탄올리베이트, 아크릴레이트/C10-30알킬아크릴레이트크로스폴리머, 트로메타민, 소듐카보머, 야생딸기잎추출물, 에틸헥실글리세린, 아데노신, 송이버섯추출물, 트라이데세스-10, 다이소듐이디티에이, 노랑만병초잎추출물, 하이드롤라이즈드이집트콩씨추출물, 바나나추출물, 다이포타슘포스페이트, 카카오추출물, 서양송악잎/줄기추출물, 아세틸글루타민, 소듐하이알루로네이트, 쇠비름추출물, 하이알루로닉애씨드, 하이드롤라이즈드하이알루로닉애씨드, 코코넛야자오일, 비치스트로베리추출물, 치자꽃추출물, 목서꽃추출물, 발삼아미리스껍질오일, 셀룰로오스검"
"A000000202537","[1+1] 더마토리 히알샷 베리어 크림 B5 70ml 1+1 기획","더마토리","70.0","140.0","ml","30000","21900","1564.3","정제수, 글리세린, 메틸프로판다이올, 카프릴릭/카프릭트라이글리세라이드, 판테놀(27,000ppm), 1,2-헥산다이올, 메틸트라이메티콘, 베타인, 비닐다이메티콘, 시어버터, 세테아릴알코올, 하이드로제네이티드폴리(C6-14올레핀), 글리세릴스테아레이트, 스쿠알란, 락토바실러스발효물(9,790ppm), 알란토인, 소듐하이알루로네이트(1000ppm), C14-22알코올, 글리세릴글루코사이드, 베헤닐알코올, 아크릴레이트/C10-30알킬아크릴레이트크로스폴리머, C12-20알킬글루코사이드, 세테아릴글루코사이드, 알지닌, 소듐스테아로일글루타메이트, 잔탄검, 아데노신, 다이소듐이디티에이, 글루코오스, 하이드롤라이즈드소듐하이알루로네이트(10000ppb), 향료, 하이드록시아세토페논, 에틸헥실글리세린"
"A000000203033","토리든 셀메이징 저분자 콜라겐 탄력 아이크림 30ml 기획 (+아이마사저)","토리든","30.0","30.0","ml","","25000","8333.3","정제수,글리세린,부틸렌글라이콜,콜라겐추출물,카프릴릭/카프릭트라이글리세라이드,다이프로필렌글라이콜,세테아
릴알코올,나이아신아마이드, 1,2-헥산다이올, 세테아릴올리베이트, 글리세릴스테아레이트,솔비탄올리베이트,수용성콜라겐,
하이드롤라이즈드콜라겐(70ppm), 콜라겐, 콜라겐아미노산, 헥사펩타이드-2, 알란토인, 판테놀, 소듐하이알루로네이트, 소듐
하이알루로네이트크로스폴리머,포타슘하이알루로네이트,하이드롤라이즈드하이알루로닉애씨드,하이알루로닉애씨드,하이
드록시프로필트라이모늄하이알루로네이트, 소듐아세틸레이티드하이알루로네이트,C10-18트라이글리세라이즈,하이드로제
네이티드폴리(C6-14올레핀),폴리글리세릴-6다이스테아레이트,헵틸운데실레네이트,땅콩오일,아데노신,레티놀,레티닐팔미
테이트,레틴알,하이드록시피나콜론레티노에이트,세틸팔미테이트,칸데릴라/호호바/쌀겨폴리글리세릴-3에스터,솔비탄팔미
테이트,비닐다이메티콘,카보머,아크릴레이트/C10-30알킬아크릴레이트크로스폴리머,트로메타민,에틸헥실글리세린,글리세
릴아크릴레이트/아크릴릭애씨드코폴리머,2,3-부탄다이올,피브이엠/엠에이코폴리머,다이소듐이디티에이,프로판다이올,폴
리글리세릴-4올리에이트,소듐스테아로일글루타메이트,다이메틸아이소소바이드,펜틸렌글라이콜,잔탄검,바이오틴,토코페롤"
"A000000204171","[미백/잡티] 라운드랩 비타 나이아신 잡티크림 50ml","라운드랩","50.0","50.0","ml","30000","22500","4500.0","비타민나무수(711,614ppm),프로판다이올,글리세린,나이아신아마이드(50,000ppm),페닐트라이메티콘,메틸트라이메티콘,1,2-헥산다이올,베타인,트레할로오스,하이드로제네이티드폴리아이소부텐,비타민나무열매추출물(3,649ppm),폴리글리세릴-3메틸글루코오스다이스테아레이트,글리세릴스테아레이트,세테아릴알코올,다이카프릴릴카보네이트,암모늄아크릴로일다이메틸타우레이트/브이피코폴리머,하이드록시에틸아크릴레이트/소듐아크릴로일다이메틸타우레이트코폴리머,카프릴릴글라이콜,아크릴레이트/C10-30알킬아크릴레이트크로스폴리머,판테놀(1,000ppm),정제수,에틸헥실글리세린,부틸렌글라이콜,아데노신,트라넥사믹애씨드,글루타티온,비사보롤,3-O-에틸아스코빅애씨드(7ppm),토코페롤(2ppm),글루코노락톤,카프릴로일살리실릭애씨드,황련뿌리추출물,다이소듐이디티에이,솔비탄아이소스테아레이트,트로메타민"
"A000000204627","설화수 탄력크림EX (50ml/75ml 기획)","설화수","50.0","125.0","ml","100000","90000","7200.0","정제수, 글리세린, 부틸렌글라이콜다이카프릴레이트/다이카프레이트, 부틸렌글라이콜, 세틸에틸헥사노에이트, 카프릴릭/카프릭트라이글리세라이드, 프로판다이올, 카프릴릴메티콘, 글리세릴스테아레이트, 폴리글리세릴-3메틸글루코오스다이스테아레이트, 1,2-헥산다이올, 다이아이소스테아릴말레이트, 다이메티콘, 트레할로오스, 스쿠알란, C9-12알케인, 피이지-100스테아레이트, 세테아릴알코올, 하이드로제네이티드폴리아이소부텐, 하이드록시에틸아크릴레이트/소듐아크릴로일다이메틸타우레이트코폴리머, 폴리아크릴레이트-13, 하이드로제네이티드캐스터오일아이소스테아레이트, 알란토인, 폴리아이소부텐, 향료, 구기자추출물, 암모늄아크릴로일다이메틸타우레이트/베헤네스-25메타크라일레이트크로스폴리머, 대추추출물, 글리세릴카프릴레이트, 코코-카프릴레이트/카프레이트, 리모넨, 카르노신, 황금추출물, 칡뿌리추출물, 솔비탄아이소스테아레이트, 풀루란, 에틸헥실글리세린, 아데노신, 폴리솔베이트60, 폴리솔베이트20, 소듐메타포스페이트, 리날룰, 다이메티콘올, 시트로넬올, 덱스트린, 카카오추출물, 뽕나무잎추출물, 시트랄, 지황뿌리추출물, 제라니올, 작약뿌리추출물, 둥굴레뿌리줄기추출물, 연꽃추출물, 벤질벤조에이트, 참나리비늘줄기추출물, 하이드롤라이즈드콩추출물, 토코페롤, 베타-글루칸"
"A000000204640","더후 로얄레지나 에너제틱 리차징 크림 50ml","더후","50.0","50.0","ml","100000","90000","18000.0","정제수, 글리세린, 하이드로제네이티드폴리아이소부텐, 부틸렌글라이콜, 다이메티콘, 나이아신아마이드, 1,2-헥산다이올, 시어버터, 메틸글루코오스세스퀴스테아레이트, 피토스테릴/이소스테아릴/세틸/스테아릴/베헤닐다이머디리놀리에이트, 스테아릴알코올, C30-45알킬다이메티콘, 판테놀, 메도우폼씨오일, 자일리틸글루코사이드, 폴리글리세릴-2세스퀴이소스테아레이트, 솔비탄스테아레이트, 글라이코실트레할로오스, 안하이드로자일리톨, 솔비톨, 암모늄아크릴로일다이메틸타우레이트/브이피코폴리머, 하이드로제네이티드스타치하이드롤리세이트, 자일리톨, 아크릴레이트/C10-30알킬아크릴레이트크로스폴리머, 알지닌글루타메이트, 세린, 다이프로필렌글라이콜, 토코페롤, 카보머, 실리카, 아데노신, 돌콩오일, 마이카, 페룰릭애씨드, 소듐하이알루로네이트, 변성알코올, 적색산화철, 하이드로제네이티드에틸헥실올리베이트, 달메이션아이리스뿌리추출물, 하이드로제네이티드레시틴, 하이드로제네이티드올리브오일불검화물, 산수유열매추출물, 왜당귀뿌리추출물, 해마토코쿠스 플루비알리스추출물, 타임추출물, 소엽잎추출물, 향부자추출물, 지황뿌리추출물, 대추추출물, 영지버섯추출물, 스페인감초뿌리추출물, 귤껍질추출물, 구기자추출물, 뽕나무껍질추출물, 도라지뿌리추출물, 파에오닥틸룸 트리코르누툼추출물, 코코넛야자오일, 올리브오일, 자아만아이리스뿌리추출물, 로즈마리잎추출물, 클로렐라 미누티시마추출물, 세드롤, 리놀레익애씨드, 베타-시토스테롤, 로즈마리닉애씨드, 우르솔릭애씨드, 쿼세틴, 트로메타민, 향료, 리모넨, 헥실신남알, 리날룰, 시트로넬올, 하이드록시시트로넬알"
"A000000204882","AHC 콜라 쥬비네이션 리프트4 오버데이 나이트 트리트먼트밤 50ml","AHC","50.0","50.0","ml","34000","27200","5440.0","정제수, 다이프로필렌글라이콜, 글리세린, 메틸트라이메티콘, 세테아릴알코올, 시어버터, 베헤닐알코올, 다이카프릴릴에터, 아라키딜알코올, 트라이올레인, 운데케인, 세테아릴올리베이트, 1,2-헥산다이올, 스테아릴알코올, 향료, 솔비탄올리베이트, 트라이데케인, 글리세릴다이올리에이트, 암모늄아크릴로일다이메틸타우레이트/브이피코폴리머, 아라키딜글루코사이드, 하이드록시아세토페논, 에틸헥실글리세린, 잔탄검, 아데노신, 다이소듐이디티에이, 폴리글리세릴-10라우레이트, 카프릴릭/카프릭트라이글리세라이드, 하이드로제네이티드레시틴, 토코페롤, 부틸렌글라이콜, 프로판다이올, 알루미늄/마그네슘하이드록사이드스테아레이트, 콜라겐, 펜틸렌글라이콜, 기가르티나 스텔라타추출물, 다이펩타이드다이아미노부티로일벤질아마이드다이아세테이트, 테트라데실아미노부티로일발릴아미노부티릭우레아트라이플루오로아세테이트, 올리고펩타이드-1, 베타-알라닐하이드록시프롤릴다이아미노부티로일벤질아마이드, 마그네슘클로라이드, 헥사펩타이드-11, 아세틸테트라펩타이드-9, 헥사펩타이드-9"
"A000000205098","원진이펙트 콜라겐 물방울 수분 크림 100g","원진이펙트","100.0","100.0","g(약 1ml 상당으로 근사)","19800","17900","1790.0","정제수, 글리세린, 프로판다이올, 다이메티콘, 1,2-헥산다이올, 나이아신아마이드, 아이소노닐아이소노나노에이트, 빙하수, 부틸렌글라이콜, 다이메티콘올, 소듐하이알루로네이트, 하이알루로닉애씨드, 하이드롤라이즈드소듐하이알루로네이트, 하이드롤라이즈드하이알루로닉애씨드, 하이드롤라이즈드글라이코사미노글리칸, 다이메틸실란올하이알루로네이트, 소듐아세틸레이티드하이알루로네이트, 소듐하이알루로네이트크로스폴리머, 하이드록시프로필트라이모늄하이알루로네이트, 수용성콜라겐, 콜라겐, 콜라겐아미노산, 하이드롤라이즈드콜라겐, 콜라겐추출물, 인도멀구슬나무잎추출물, 인도멀구슬나무꽃추출물, 아이비고드열매추출물, 가지열매추출물, 다시마추출물, 당느릅나무뿌리추출물, 알로에베라꽃추출물, 알로에베라잎추출물, 제비꽃꽃추출물, 참마뿌리추출물, 홀리바질잎추출물, 울금뿌리추출물, 참산호말추출물, 아줄렌, 아데노신, 카보머, 암모늄아크릴로일다이메틸타우레이트/브이피코폴리머, 알지닌, 다이소듐이디티에이, 에틸헥실글리세린"
"A000000206053","[수딩진정] 넘버즈인 1번 판토텐산 액티브 수딩크림 80ml 1+1 기획","넘버즈인","80.0","160.0","ml","40000","28000","1750.0","정제수, 부틸렌글라이콜, 글리세린, 나이아신아마이드, 세틸에틸헥사노에이트, 다이카프릴릴카보네이트, 1,2-헥산다이올, 펜틸렌글라이콜, 비닐다이메티콘, 병풀추출물, 클로렐라 불가리스추출물, 도둑놈의지팡이뿌리추출물, 인도멀구슬나무잎추출물, 인도멀구슬나무꽃추출물, 아이비고드열매추출물, 홀리바질잎추출물, 울금뿌리추출물, 알로에베라꽃추출물, 가지열매추출물, 참산호말추출물, 녹차추출물, 병풀잎추출물, 오카무라큰실말추출물, 흰버드나무껍질추출물, 약모밀추출물, 커피콩추출물, 베르가모트잎추출물, 소나무잎추출물, 알파-알부틴, 아르간커넬오일, 참깨오일, 사발팜열매추출물, 스페인감초뿌리추출물, 카프릴릴메티콘, 에리스리톨, 판테놀, 하이드록시에틸아크릴레이트/소듐아크릴로일다이메틸타우레이트코폴리머, 다이메티콘올, 폴리메틸실세스퀴옥세인, 아크릴레이트/C10-30알킬아크릴레이트크로스폴리머, 글루코오스, 트로메타민, 실리카, 프룩토올리고사카라이드, 프룩토오스, 에틸헥실글리세린, 소듐파이테이트, 글리세릴아크릴레이트/아크릴릭애씨드코폴리머, 카프릴릭/카프릭트라이글리세라이드, 하이드로제네이티드레시틴, 토코페롤, 데실글루코사이드, 판토테닉애씨드, 폴리글리세릴-4카프레이트, 폴리글리세릴-6카프릴레이트, 징크피씨에이, 메틸다이아이소프로필프로피온아마이드, 베타-시토스테롤, 잔탄검"
"A000000206312","[트러블부위 진정케어] 피캄 센텔라 트러블 스팟 15ml","피캄","15.0","15.0","ml","24800","14710","9806.7","정제수, 부틸렌글라이콜, 판테놀, 글리세린, 나이아신아마이드, 1,2-헥산다이올, 마데카식애씨드(2970ppm), 아시아티코사이드(4510ppm), 아시아틱애씨드(3520ppm), 병풀추출물 (601ppm), 다이포타슘글리시리제이트, 카프릴로일살리실릭애씨드, 마그네슘알루미늄실리케이트, 셀룰로오스검, 아데노신, 파파야열매추출물, 양파추출물, 티트리추출물, 락토바실러스/히비스커스꽃발효여과물, 달맞이꽃꽃추출물, 당느릅나무뿌리추출물, 대왕소나무잎추출물, 칡뿌리추출물, 글라이코리피드, 글루코노락톤, 락틱애씨드, 살리실릭애씨드, 솔비탄올리에이트, 카프릴릴/카프릴글루코사이드, 알란토인, 글리세릴아크릴레이트/아크릴릭애씨드코폴리머, 암모늄아크릴로일다이메틸타우레이트/브이피코폴리머, 소듐아크릴레이트/소듐아크릴로일다이메틸타우레이트코폴리머, 폴리아이소부텐, 다이소듐이디티에이, 시트릭애씨드, 프로판다이올, 카프릴릴글라이콜, 펜틸렌글라이콜, 하이드록시아세토페논, 실리카, 트로메타민"
"A000000207029","제나벨 PDRN 리쥬비네이팅 크림 70ml","제나벨","70.0","70.0","ml","","29000","4142.9","정제수, 다이프로필렌글라이콜, 글리세린, 메틸트라이메티콘, 트라이헵타노인, 세테아릴알코올, 글리세릴스테아레이트, 나이아신아마이드, 비즈왁스, 알지닌, 피이지-100 스테아레이트, 하이드록시에틸셀룰로오스, 1,2-헥산다이올, 글리세릴스테아레이트, 소듐폴리아크릴레이트, 카보머, 다이메티콘, 하이드로제네이티드폴리데센, 아이소헥사데칸, 아이소노닐아이소노나노에이트, 다이메티콘, 소듐다이메티콘/피이지-10/15 크로스폴리머, 향료, 부틸렌글라이콜, 에탄올, 토코페릴아세테이트, 6-다이소듐이디티에이, 폴리솔베이트-60, 트레할로오스, 베타인, 소듐하이알루로네이트, 트레할로오스, 하이드롤라이즈드소듐하이알루로네이트, 하이드롤라이즈드하이알루로닉애씨드, 트라이소듐이디티에이, 아데노신, 다이포타슘글리시리제이트, 소듐클로라이드, 티타늄디옥사이드, 시카추출물, 마트리카리아꽃추출물, 체이스트트리추출물, 세라마이드엔피"
"A000000208493","바이오더마 시카비오 크림+ 100ml(딥 리페어 크림)","바이오더마","100.0","100.0","ml","","45500","4550.0","정제수, 카프릴릭/카프릭트라이글리세라이드, 글리세린, 폴리글리세릴-3폴리리시놀리에이트, 유채씨오일, 부틸렌글라이콜, 타피오카전분, 하이드로제네이티드유채씨오일, 자일로오스, 폴리글리세릴-3다이아이소스테아레이트, 호호바씨오일, 마그네슘설페이트, 펜틸렌글라이콜, 스쿠알란, 1,2-헥산다이올, 카프릴릴글라이콜, 소듐폴리글루타메이트, 소듐시트레이트, 잔탄검, 소듐하이알루로네이트, 토코페롤, 만니톨, 람노오스, 자일리톨, 아세틸다이펩타이드-1세틸에스터, 해바라기씨오일, 시트릭애씨드, 프룩토올리고사카라이드"
"A000000209092","랩시리즈 데일리 레스큐 에너자이징 젤크림 50ml","랩시리즈","50.0","50.0","ml","89000","75650","15130.0","정제수,다이메티콘,글리세린,부틸렌글라이콜,스테아록시메티콘/다이메티콘코폴리머,조류추출물,씨솔트,효모추출물,제주진득찰추출물,커피콩오일,유청단백질,녹차추출물,흑삼추출물,레스베라트롤,아르테미아추출물,호스테일켈프추출물,토코페롤,효모용해추출물,글루코오스,크레아틴,트레할로오스,솔비톨,무수카페인,에틸헥실글리세린,소듐하이알루로네이트,아미노프로필아스코빌포스페이트,메틸트라이메티콘,트라이실록세인,라우릴피이지-9폴리다이메틸실록시에틸다이메티콘,소듐피씨에이,아세틸글루코사민,글리시레티닉애씨드,다이메티콘올,카프릴릴글라이콜,아세틸헥사펩타이드-8,팔미토일헥사펩타이드-12,에르고티오네인,다이메티콘/피이지-10/15크로스폴리머,글리세릴폴리메타크릴레이트,우레아,피이지-8,다이소듐이디티에이,다이프로필렌글라이콜,소듐시트레이트,트라이아세틴,시트릭애씨드,폴리쿼터늄-51,트라이에톡시카프릴릴실레인,향료,스클라레올라이드,토코페릴아세테이트,비에이치티,포타슘솔베이트,페녹시에탄올,클로페네신,소르빅애씨드,마이카,티타늄디옥사이드,청색1호,적색227호,자색401호"
"A000000209380","[국민크림] 큐어 인텐시브 2X 크림","큐어","","","","20000","11900","","페트롤라툼, 합성비즈왁스, 세틸에틸헥사노에이트, 하이드로제네이티드폴리아이소부텐, 돌콩오일, 솔비탄세스퀴올리에이,트, 라벤더오일, 하이드로제네이티드코튼씨드오일, 토코페릴,아세테이트, 알로에잎추출물, 알로에베라잎즙, 정제수, 부틸렌,글라이콜, 비에이치티, 토코페롤, 병풀추출물, 1,2-헥산다이올,프로폴리스추출물, 카프릴릴글라이콜, 살구씨오일, 녹차씨오일,시어버터, 아르간커넬오일, 아보카도오일, 티트리잎오일, 해바라기씨오일, 세라마이드엔피, 보검선인장씨오일, 카프릴릭/카프릭트라이글리세라이드, 석류씨오일, 레몬씨오일, 사과씨오일,자몽씨오일, 포도씨오일, 포트마리골드꽃오일, 제라니올, 리날률, 리모넨"
"A000000209590","[NEW/기미잡티케어] VT 티엑스토닝 크림 50ml","VT","50.0","50.0","ml","32000","28800","5760.0","정제수, 글리세린, 부틸렌글라이콜, 메틸프로판다이올, 세틸에틸헥사노에이트, 1,2-헥산다이올, 다이프로필렌글라이콜, 카프릴릭/카프릭트라이글리세라이드, 나이아신아마이드, 폴리글리세릴-3메틸글루코오스다이스테아레이트, 트라넥사믹애씨드, 글루타티온, 글리시리직애씨드, 세라마이드엔피, 판테놀, 백미꽃추출물, 병풀추출물, 쇠비름추출물, 마카다미아씨오일, 스쿠알란, 하이드로제네이티드레시틴, 소듐하이알루로네이트, 에틸헥실팔미테이트, 폴리아크릴레이트-13, 암모늄아크릴로일다이메틸타우레이트/브이피코폴리머, 카보머, 알지닌, 옥틸도데칸올, 하이드로제네이티드 폴리아이소부텐, 솔비탄올리베이트, 콜레스테롤, 스테아릭애씨드, 폴리글리세릴-10라우레이트, 세테아릴올리베이트, 솔비탄아이소스테아레이트, 아데노신, 다이소듐이디티에이, 에틸헥실글리세린, 토코페롤, 카프릴릴글라이콜"
"A000000209608","[쿨링진정] 클레어스 블루 카밍 크림 60g","디어클레어스","60.0","60.0","g(약 1ml 상당으로 근사)","29500","24900","4150.0","정제수, 세틸에틸헥사노에이트, 글리세린, 부틸렌글라이콜, 카프릴릭/카프릭트라이글리세라이드, 병풀추출물, 솔비탄스테아레이트, 세틸알코올, 시어버터, 아르간커넬오일, 호호바씨오일, 솔비탄세스퀴올리에이트, 글리세릴스테아레이트, 스테아릭애씨드, 쇠비름추출물, 캐모마일꽃추출물, 칸데릴라왁스, 클로페네신, 폴리솔베이트60, 1,2-헥산다이올, 잔탄검, 토코페릴아세테이트, 하이드로제네이티드레시틴, 아크릴레이트/C10-30알킬아크릴레이트크로스폴리머, 트로메타민, 브로콜리추출물, 뽕나무뿌리추출물, 구아이아줄렌, 세라마이드엔피, 소듐하이알루로네이트, 아라키딕애씨드, 팔미틱애씨드, 올레익애씨드, 레시틴, 아세틸글루타민, 바실러스/폴릭애씨드/돌콩발효추출물, 에스에이치-올리고펩타이드-1, 에스에이치-올리고펩타이드-2, 에스에이치-폴리펩타이드-1, 에스에이치-폴리펩타이드-11, 에스에이치-폴리펩타이드-9, 카프릴릴글라이콜, 아세틸헥사펩타이드-8"
"A000000209826","[화잘먹/수딩크림] 비플레인 녹두 모공 타이트업 수딩 크림 60ml 1+1 기획","비플레인","60.0","120.0","ml","","26000","2166.7","정제수, 글리세린, 부틸렌글라이콜, 다이프로필렌글라이콜, 카프릴릭/카프릭트라이글리세라이드, 나이아신아마이드, 1,2-헥산다이올, 아이소도데케인, 암모늄아크릴로일다이메틸타우레이트/브이피코폴리머, C12-14알케스-12, 세테아릴알코올, 카보머, 세테아릴올리베이트, 트로메타민, 솔비탄올리베이트, 에틸헥실글리세린, 메틸다이아이소프로필프로피온아마이드, 아데노신, 다이소듐이디티에이, 치자추출물, 소듐폴리아크릴레이트, 황련추출물, 알란토인, C18-21알케인, 폴리글리세릴-10올리에이트, 녹두씨추출물(10ppm), 녹두추출물(10ppm), 녹두싹추출물(10ppm), 녹두전초추출물(10ppm), 다이포타슘글리시리제이트, 사과수, 프로판다이올, 카프릴릴글라이콜, 백미꽃추출물, 소듐하이알루로네이트, 팔미토일트라이펩타이드-5, 아세틸헥사펩타이드-1, 하이드록시신나믹애씨드, 소듐하이알루로네이트크로스폴리머, 루틴, 포타슘하이알루로네이트, 하이드록시프로필트라이모늄하이알루로네이트, 하이드롤라이즈드소듐하이알루로네이트, 하이드롤라이즈드하이알루로닉애씨드, 하이알루로닉애씨드, 다이메틸실란올하이알루로네이트, 소듐아세틸레이티드하이알루로네이트"
"A000000209889","[수분충전] 클리어디어 미나리 딥 쿨 수딩 크림 30ml","클리어디어","30.0","30.0","ml","","29000","9666.7","정제수, 부틸렌글라이콜, 글리세린, C9-12알케인, 1,2-헥산다이올, 펜틸렌글라이콜, 비닐다이메티콘, 폴리프로필실세스퀴옥세인, 폴리글리세릴-3다이스테아레이트, 암모늄아크릴로일다이메틸타우레이트/브이피코폴리머, 카보머, 트로메타민, 자일리틸글루코사이드,프로판다이올, C13-14알케인, 안하이드로자일리톨,판테놀,실리카,미나리추출물(732ppm),자일리톨,글리세릴스테아레이트시트레이트,아데노신,잇꽃꽃추출물,다이소듐이디티에이,덱스트린,치자추출물,카프릴하이드록사믹애씨드,소듐하이알루로네이트,하이드롤라이즈드하이알루로닉애씨드,하이드롤라이즈드소듐하이알루로네이트,하이알루로닉애씨드,하이드록시프로필트라이모늄하이알루로네이트,포타슘하이알루로네이트,레몬밤잎추출물,소듐하이알루로네이트크로스폴리머,소듐아세틸레이티드하이알루로네이트,녹차추출물,감나무잎추출물,쑥잎추출물,약모밀추출물,티트리잎추출물,파파야열매추출물,세라마이드엔피,하이드로제네이티드레시틴"
"A000000209906","제로이드 더마뉴얼 리페어 크림 15ml","제로이드","15.0","15.0","ml","15000","14250","9500.0","정제수, 사이클로펜타실록세인, 글리세린, 프로판다이올, C30-45알킬세테아릴다이메티콘크로스폴리머, 판테놀, 카프릴릴메티콘, 카프릴릭/카프릭트라이글리세라이드, 미리스토일/팔미토일옥소스테아라마이드/아라카마이드엠이에이, 나이아신아마이드, 암모늄아크릴로일다이메틸타우레이트/브이피코폴리머, 1,2-헥산다이올, 폴리글리세릴-4카프레이트,  솔비탄스테아레이트, 세테아릴알코올, 글리세릴스테아레이트, 카프릴릴글라이콜, 피토스테롤, 마데카소사이드, 스테아릭애씨드, 소듐하이알루로네이트, 코코글리세라이즈, 잔탄검, 메틸카프로오일타이로지네이트"
"A000000210141","피토메르 이드라 오리지널 멜팅크림 30ml","피토메르","30.0","30.0","ml","68000","39030","13010.0","정제수, 글리세린, 카프릴릭/카프릭트라이글리세라이드, 옥틸도데칸올, 베타인, 세테아릴알코올, 코코-카프릴레이트/카프레이트, 펜틸렌글라이콜, 글리세릴스테아레이트시트레이트, 옥수수오일, 시어버터, 프로필렌글라이콜다이펠라고네이트, 호호바씨오일, 세테아릴글루코사이드, 펜타에리스리틸다이스테아레이트, 카보머, 잔탄검, 클로페네신, 카프릴릴글라이콜, 글리세릴카프릴레이트/카프레이트, 향료, 소듐하이드록사이드, 돌콩오일, 씨솔트, 피씨에이, 토코페롤, 아데노신, 미역추출물, 페네틸알코올, 해바라기씨오일, 퉁퉁마디추출물, 소듐카라기난"
"A000000210159","피토메르 이드라 오리지널 멜팅크림 50ml","피토메르","50.0","50.0","ml","126000","79000","15800.0","정제수, 글리세린, 카프릴릭/카프릭트라이글리세라이드, 옥틸도데칸올, 베타인, 세테아릴알코올, 코코-카프릴레이트/카프레이트, 펜틸렌글라이콜, 글리세릴스테아레이트시트레이트, 옥수수오일, 시어버터, 프로필렌글라이콜다이펠라고네이트, 호호바씨오일, 세테아릴글루코사이드, 펜타에리스리틸다이스테아레이트, 카보머, 잔탄검, 클로페네신, 카프릴릴글라이콜, 글리세릴카프릴레이트/카프레이트, 향료, 소듐하이드록사이드, 돌콩오일, 씨솔트, 피씨에이, 토코페롤, 아데노신, 미역추출물, 페네틸알코올, 해바라기씨오일, 퉁퉁마디추출물, 소듐카라기난"
"A000000210288","[단독기획/PDRN] 파티온 노스카나인 트러블 모공탄력 크림 45ml 기획(+15ml)","파티온","45.0","60.0","ml","34000","27800","4633.3","정제수, 글리세린, 부틸렌글라이콜, 메틸트라이메티콘, 에틸헥실스테아레이트, 나이아신아마이드, 펜틸렌글라이콜, 1,2-헥산다이올, 메틸프로판다이올, 타피오카전분, 세테아릴알코올, 판테놀, 클로렐라 불가리스추출물, 하이드로제네이티드올리브오일데실에스터, 아라비아고무나무검, 올리브오일, 사과추출물, 레틴알, 소듐헤파린, 쑥잎추출물, 다이아이소스테아릴말레이트, 폴리글리세릴-2아이소스테아레이트/다이머다이리놀리에이트코폴리머, 하이드로제네이티드폴리데센, 피토스테릴/이소스테아릴/세틸/스테아릴/베헤닐다이머디리놀리에이트, 세테아릴올리베이트, 카프릴릭/카프릭트라이글리세라이드, 글리세릴스테아레이트에스이, 솔비탄올리베이트, 폴리아크릴릭애씨드, 트로메타민, 암모늄아크릴로일다이메틸타우레이트/브이피코폴리머, C12-20알킬글루코사이드, 글루코오스, 세틸팔미테이트, 프룩토올리고사카라이드, 프룩토오스, 팔미틱애씨드, 다이에틸헥실시링질리덴말로네이트, 하이드로제네이티드레시틴, 솔비탄팔미테이트, 에틸헥실글리세린, 알란토인	, 다이라우릴티오다이프로피오네이트, 다이포타슘글리시리제이트, 펜타에리스리틸테트라-다이-t-부틸하이드록시하이드로신나메이트, 아데노신, 아가, 솔비탄올리에이트, 소듐파이테이트, 폴리글리세릴-3메틸글루코오스다이스테아레이트, 폴리글리세릴-10라우레이트, 베타-글루칸, 세라마이드엔피, 베타인, 포스파티딜콜린, 다이프로필렌글라이콜, 콜레스테롤, 하이드록시아세토페논, 세라마이드에이피, 카프릴릴글라이콜, 토코페롤, 소듐디엔에이, 팔미토일펜타펩타이드-4, 베헤닐알코올, C14-22알코올, C12-16알코올"
"A000000210333","[의약외품/스팟케어템] 파티온 센테카솔 연고 10g (센텔라정량추출물)(티트리향)","파티온","10.0","10.0","g(약 1ml 상당으로 근사)","","17000","17000.0",""
"A000000210452","[피지캐는크림] 라돌프 퓨어파지 크림 알엑스 80g","라돌프","80.0","80.0","g(약 1ml 상당으로 근사)","","39000","4875.0","정제수, 글리세린, 프로판다이올, 카프릴릭/카프릭트라이글리세라이드, 스쿠알란, 글리세레스-26, 1,2-헥산다이올, 로즈오브예리코추출물, 베헤닐알코올, 글리세릴스테아레이트, 아세틸다이펩타이드-1세틸에스터, 피토스테롤, 버지니아풍년화추출물, 녹차추출물, 쇠비름추출물, 엑토인, 세라마이드엔피, 아데노신, 하이드롤라이즈드하이알루로닉애씨드, 소듐하이알루로네이트, 토코페릴아세테이트, 헵타소듐헥사카복시메틸다이펩타이드-12, 하이드로제네이티드레시틴, 아크릴레이트/C10-30알킬아크릴레이트크로스폴리머, 부틸렌글라이콜, 잔탄검, 병풀추출물, 약모밀추출물, 백미꽃추출물, 카카오씨추출물, 셀룰로오스검, 하이드롤라이즈드알진, 솔비탄라우레이트, 하이드록시아세토페논, 하이드록시에틸셀룰로오스, 알지닌, 에틸헥실글리세린, 비닐다이메티콘, 베르가모트오일, 센티드제라늄꽃오일"
"A000000210495","에스트라 리제덤365 레티노이드 아이세럼 15ml","에스트라","15.0","15.0","ml","35000","29700","19800.0","정제수, 부틸렌글라이콜, 글리세린, 다이메티콘, 나이아신아마이드, 에틸헥실스테아레이트, 1,2-헥산다이올, 하이드록시에틸아크릴레이트/소듐아크릴로일다이메틸타우레이트코폴리머, 세테아릴알코올, 베타인, 판테놀, 글리세릴폴리메타크릴레이트, 소듐하이알루로네이트, 글리세릴스테아레이트, 아크릴레이트/C10-30알킬아크릴레이트크로스폴리머, 다이메티콘/비닐다이메티콘크로스폴리머, 다이메티콘올, 하이드로제네이티드레시틴, 셀룰로오스검, 글리세릴카프릴레이트, 글루코실헤스페리딘, 스테아릭애씨드, 트로메타민, 폴리글리세릴-3메틸글루코오스다이스테아레이트, 팔미틱애씨드, 솔비탄아이소스테아레이트, 에틸헥실글리세린, 다이메틸아이소소바이드, 아데노신, 소듐폴리아크릴레이트, 소듐메타포스페이트, 폴리글리세릴-6카프릴레이트, 하이드록시프로필비스팔미타마이드엠이에이, 만니톨, 하이드록시피나콜론레티노에이트(50 ppm), 미리스틱애씨드, 3-O-에틸아스코빅애씨드, 아크릴레이트/암모늄메타크릴레이트코폴리머, 라우릭애씨드, 티몰트라이메톡시신나메이트, 콜레스테롤, 실리카, 올레아놀릭애씨드, 카프릴릴글라이콜, 풀루란, 아세틸헵타펩타이드-4, 제인, 펙틴, 아세틸헥사펩타이드-8, 하이드롤라이즈드익스텐신, 호호바씨오일, 소듐하이드록사이드, 폴리글리세릴-10라우레이트, 아세틸옥타펩타이드-3, 시트릭애씨드"
"A000000211188","피지오겔 시카밸런스 포맨 카밍 크림 70ml","피지오겔","70.0","70.0","ml","32000","25900","3700.0","정제수, 호호바씨오일, 글리세린, 다이카프릴릴카보네이트, 세테아릴알코올, 나이아신아마이드, 프로판다이올, 1,2-헥산다이올, 판테놀, 마데카소사이드(245 ppm), 아시아티코사이드(4 ppm), 마데카식애씨드(3.5 ppm), 아시아틱애씨드(2.5 ppm), 세린, 알지닌, 글리세릴스테아레이트, 세틸알코올, 폴리글리세릴-3메틸글루코오스다이스테아레이트, 수크로오스스테아레이트, 수크로오스트라이스테아레이트, 암모늄아크릴로일다이메틸타우레이트/브이피코폴리머, 세틸팔미테이트, 부틸렌글라이콜, 토코페롤, 솔비탄올리베이트, 솔비탄팔미테이트, 카보머, 트로메타민, 알란토인, 해바라기씨오일, 스쿠알란, 소듐하이알루로네이트, 알로에베라잎즙가루, 카프릴릭/카프릭트라이글리세라이드, 세라마이드엔피, 하이드로제네이티드레시틴, 시트릭애씨드"
"A000000211402","[슬로우에이징/탄력크림] 닥터자르트 프리쥬비네이션 퍼밍 바쿠치올 크림 50ml","닥터자르트","50.0","50.0","ml","","72000","14400.0","정제수, 글리세린, 부틸렌글라이콜, 카프릴릭/카프릭트라이글리세라이드, 펜타에리스리틸테트라
에틸헥사노에이트, 비스-베헤닐/아이소스테아릴/피토스테릴다이머다이리놀레일다이머다이리놀리에이트, 
메틸프로판다이올, 다이카프릴릴에터, 폴리글리세릴-3메틸글루코오스다이스테아레이트, 세테아릴알코올, 
1,2-헥산다이올, 피토스테릴/이소스테아릴/세틸/스테아릴/베헤닐다이머디리놀리에이트, 페닐트라이메티콘, 
판테놀, 펜틸렌글라이콜, 카프릴릴메티콘, 바쿠치올, 호호바에스터, 세테아릴올리베이트, 글리세릴카프릴
레이트, 하이드롤라이즈드콜라겐, 아데노신, C12-16알코올, 세틸알코올, 하이드록시에틸아크릴레이트/
소듐아크릴로일다이메틸타우레이트코폴리머, 보론나이트라이드, 소듐폴리아크릴로일다이메틸타우레이트, 
글리세릴스테아레이트에스이, 팔미틱애씨드, 하이드로제네이티드레시틴, 카나우바왁스, 솔비탄올리베이트, 
아크릴레이트/C10-30알킬아크릴레이트크로스폴리머, 솔비탄아이소스테아레이트, 향료, 소듐파이테이트, 
토코페롤, 페녹시에탄올, 소듐벤조에이트, 적색504호 (CI 14700), 청색1호 (CI 42090)"
"A000000211478","[보습탄력] 아비브 부활초 크림 뉴트리션 튜브 75ml 더블 기획","아비브","75.0","150.0","ml","","42000","2800.0","정제수, 부틸렌글라이콜, 글리세린, 카프릴릭/카프릭트라이글리세라이드, 다이아이소스테아릴말레이트, 코코넛야자오일, 시어버터, 세테아릴알코올, 다이글리세린, 펜틸렌글라이콜, 1,2-헥산다이올, 비스-다이글리세릴폴리아실아디페이트-2, 카프릴릭/카프릭/미리스틱/스테아릭트라이글리세라이드, 아이소트라이데실아이소노나노에이트, 아라키딜알코올, 판테놀, 합성비즈왁스, 비닐다이메티콘, 트루로즈오브예리코추출물(1,240 ppm), 호호바에스터, 베헤닐알코올, 글리세릴스테아레이트, 아라키딜글루코사이드, 하이드록시에틸아크릴레이트/소듐아크릴로일다이메틸타우레이트코폴리머, C12-16알코올, 아크릴레이트/C10-30알킬아크릴레이트크로스폴리머, 팔미틱애씨드, 트로메타민, 카나우바왁스, 하이드로제네이티드레시틴, 락토바실러스발효물, 다이포타슘글리시리제이트, 잔탄검, 에틸헥실글리세린, 아데노신, 트라이소듐에틸렌다이아민다이석시네이트, 토코페롤, 차가버섯추출물, 메틸프로판다이올, 블루아가베잎추출물"
"A000000211928","[주름 강력개선]LBB 인텐시브 모이스처라이징 아이크림 15ml","LBB","15.0","15.0","ml","48000","35700","23800.0","탄제린수,정제수,부틸렌글라이콜,잇꽃씨오일,글리
세린,세테아릴알코올,펜타에리스리틸테트라에틸헥
사노에이트,프로필헵틸카프릴레이트,수크로오스폴리
스테아레이트,1,2-헥산다이올,나이아신아마이드,비닐다이메티콘,메티콘실세스퀴옥세인크로스폴리머,베헤네스-25,시어
버터,코코-카프릴레이트,카프레이트,운데케인,하이
드로제네이티드폴리아이소부텐,글리세릴카프릴레이
트,카보머,트라이데케인,라벤더오일,카프릴릭,카프
릭트라이글리세라이드,소듐파이테이트,잔탄검,세드
랏껍질오일,아데노신,자몽껍질오일,필리핀오렌지전초오일,토코
페롤,돌콩오일,라즈베리잎세포배양물,토마토잎세포배양추출물"
"A000000212010","[기미잡티 크림]LBB 골드렐라 펩타이드 28 안티 멜라닌 마스크 크림 100ml","LBB","100.0","100.0","ml","49000","41500","4150.0","시어버터,비닐다이메티콘,펜타에리스리틸테트라에틸헥사노에이트,프로판다이올,C12-15알킬벤조에이트,나이아신아마이드,세테아릴알코올,오조케라이트,1,2-헥산다이올,글리세릴스테아레이트,세테아릴올리베이트,부틸렌글라이콜,솔비탄올리베이트,베헤네스-25,소듐폴리아크릴레이트,카프릴릭/카프릭트라이글리세라이드,에틸헥실글리세린,카프릴릴글라이콜,라벤더오일,소듐파이테이트,말토덱스트린,글리세린,아데노신,세드랏껍질오일,클로렐라발효물,자몽껍질오일,지치뿌리추출물,하이드록시데실유비퀴논,폴리글리세릴-10올리에이트,필리핀오렌지전초오일,하이드로제네이티드레시틴,에스에이치-올리고펩타이드-1,에스에이치-올리고펩타이드-2,에스에이치-폴리펩타이드-1,에스에이치-폴리펩타이드-3,에스에이치-폴리펩타이드-22"
"A000000212016","에센허브 티트리 수딩 인 카밍 크림 80ml 기획(+크림 30ml)","에센허브","80.0","110.0","ml","","34000","3090.9","정제수, 글리세린, 부틸렌글라이콜, 티트리잎수, 카프릴릭/카프릭트라이글리세라이드, 다이카프릴릴카보네이트, 티트리잎추출물, 펜틸렌글라이콜, 1,2-헥산다이올, 라벤더오일, 티트리잎오일, 티트리추출물, 티트리꽃/잎/줄기추출물, 백미꽃추출물, 오렌지껍질오일, 접시꽃추출물, 병풀잎추출물, 유칼립투스잎추출물, 다이글리세린, 하이드로제네이티드폴리데센, 판테놀, 비닐다이메티콘, 카프릴릴메티콘, 폴리메틸실세스퀴옥세인, 암모늄아크릴로일다이메틸타우레이트/브이피코폴리머, 하이드록시에틸아크릴레이트/소듐아크릴로일다이메틸타우레이트코폴리머, 아크릴레이트/C10-30알킬아크릴레이트크로스폴리머, 다이메티콘올, 트로메타민, 마데카소사이드, 글리세릴아크릴레이트/아크릴릭애씨드코폴리머, 에틸헥실글리세린, 하이드로제네이티드레시틴, 소듐파이테이트, 알란토인, 베타-글루칸, 다이포타슘글리시리제이트, 세라마이드엔피, 4-터피네올, 토코페롤, 잔탄검, 리모넨, 리날룰"
"A000000212725","[피부장벽강화크림] 더하르나이 시카이드 밤 100ml기획(+앰플5ml*3p+크림5ml*2p)","더하르나이","100.0","110.0","ml","32000","23200","2109.1","정제수, 글리세린, 부틸렌글라이콜, 카프릴릭/카프릭트라이글리세라이드, 펜타에리스리틸테트라에틸헥사노에이트, 다이프로필렌글라이콜, 세틸알코올, 글리세릴스테아레이트, 마이크로크리스탈린왁스, 비즈왁스, 시어버터, 폴리솔베이트60, 마카다미아씨오일, 올리브오일, 소듐하이알루로네이트, 세라마이드엔피, 티트리잎추출물, 오레가노잎추출물, 편백잎추출물, 흰버드나무껍질추출물, 락토바실러스/콩발효추출물, 쇠비름추출물, 육계나무껍질추출물, 황금추출물, 병풀추출물, 마데카소사이드, 마데카식애씨드, 아시아티코사이드, 아시아틱애씨드, 바이오티노일헥사펩타이드-2아마이드, 팔미틱애씨드, 스테아릭애씨드, 스테아릴알코올, 아라키딜알코올, 카프릴릴글라이콜, 다이메티콘, 알지닌, 메틸프로판다이올, 미리스틸알코올, 카보머, 옥틸도데칸올, 하이드록시아세토페논, 알란토인, 토코페릴아세테이트, 판테놀, 글리세릴카프릴레이트, 에틸헥실글리세린, 잔탄검, 하이드로제네이티드레시틴, 1,2-헥산다이올, 다이소듐이디티에이"
"A000000212882","[눈가탄력UP] 빌리프 아쿠아 밤 아이젤 15ml","빌리프","15.0","15.0","ml","37000","28400","18933.3","정제수, 프로판다이올, 글리세린, 1,2-헥산다이올, 나이아신아마이드, 판테놀, 소듐카복시메틸스타치, 부틸렌글라이콜, 아크릴레이트/C10-30알킬아크릴레이트크로스폴리머, 베타인, 트로메타민, 소듐폴리아크릴레이트, 알란토인, 락토바실러스/콩발효추출물, 레몬밤꽃/잎/줄기수*, 로즈마리잎수*, 유칼립투스잎추출물*, 폴스애플민트잎추출물*, 로즈힙열매추출물*, 타임잎추출물*, 효모/감자추출물발효여과물, 폴리글리세릴-10스테아레이트, 소듐하이알루로네이트, 효모/보리씨발효여과물, 폴리글리세릴-10올리에이트, 아이리쉬모스추출물, 소듐글루코네이트, 아데노신, 카페인, 메틸다이아이소프로필프로피온아마이드, 콜레스테롤, 글루타티온, 하이드로제네이티드레시틴, 변성알코올, 아스코빌테트라이소팔미테이트, 스쿠알란, 데사미도콜라겐, 오렌지껍질오일+, 라임전초오일+, 센티드제라늄꽃오일+, 로즈마리잎오일+, 리모넨, 시트로넬올, 제라니올, 시트랄, 리날룰"
"A000000212912","[100시간보습] 비플레인 시카테롤 캡슐 베리어 크림 50ml","비플레인","50.0","50.0","ml","","32000","6400.0","정제수, 글리세린, 부틸렌글라이콜, 메틸프로판다이올, 카프릴릭/카프릭트라이글리세라이드, 하이드로제네이티드폴리(C6-14올레핀), 비닐다이메티콘, 다이카프릴릴카보네이트, 프로판다이올, 글리세릴스테아레이트시트레이트, 나이아신아마이드, 아이소노닐아이소노나노에이트, 글리세레스-26, 다이아이소스테아릴말레이트, 세테아릴알코올, 1,2-헥산다이올, 병풀추출물(1.2%), 시어버터, 스테아릭애씨드, 하이드록시프로필비스팔미타마이드엠이에이, 만니톨, 글리세릴스테아레이트, 다이메티콘올, 세테아릴올리베이트, 솔비탄올리베이트, 소듐스테아로일글루타메이트, 아크릴레이트/C10-30알킬아크릴레이트크로스폴리머, 마카다미아씨오일, 트로메타민, 글루코오스, 에틸헥실글리세린, 아크릴레이트/암모늄메타크릴레이트코폴리머, 카카오씨추출물, 덱스트린, 세라마이드엔피, 아데노신, 다이소듐이디티에이, 콜레스테롤, 피토스핑고신, 실리카, 하이드로제네이티드레시틴, 베타-시토스테롤, 판테놀, 다이포타슘글리시리제이트, 알란토인, 피토스테롤, 펜틸렌글라이콜, 병풀잎추출물(1,750ppb), 소듐하이알루로네이트, 마데카소사이드, 백미꽃추출물, 마데카식애씨드, 아시아티코사이드, 아시아틱애씨드, 시트릭애씨드"
"A000000213237","[NEW/올영단독] 스킨푸드 캐롯 카로틴 릴리프 크림 기획(70ml+30ml)","스킨푸드","70.0","100.0","ml","","32000","3200.0","정제수, 당근추출물, 아이소헥사데칸, 폴리글리세릴-6스테아레이트, 다이프로필렌글라이콜, 펜틸렌글라이콜, 글리세린, 부틸렌글라이콜, 세틸에틸헥사노에이트, 카프릴릭/카프릭트라이글리세라이드, 베타-글루칸, 카보머, 폴리글리세릴-6베헤네이트, 당근씨오일, 트로메타민, 세테아릴알코올, 미역추출물, 말토덱스트린, 사카라이드하이드롤리세이트, 소듐하이알루로네이트, 알란토인, 올리브오일, 광곽향오일, 라반딘오일, 살비아오일, 불가리스쑥오일, 오렌지껍질오일, 1,2-헥산다이올, 에틸헥실글리세린"
"A000000213323","[나띠PICK][흔적케어크림] 더마펌 수딩 리페어 토닝 크림 R4 50ml 기획 (+30ml)","더마펌","50.0","80.0","ml","","39000","4875.0","정제수, 프로판다이올, 글리세린, 2,3-부탄다이올, 하이드로제네이티드폴리데센, 나이아신아마이드, 1,2-헥산다이올, 카프릴릭/카프릭/석시닉트라이글리세라이드, 만니톨, 바쿠치올, 토코페롤, 합성비즈왁스, 암모늄폴리아크릴로일다이메틸타우레이트, 글리세레스-26, 세테아릴올리베이트, 폴리솔베이트60, 폴리글리세릴-3메틸글루코오스다이스테아레이트, 솔비탄세스퀴올리에이트, 마이크로크리스탈린셀룰로오스, 솔비탄올리베이트, 카보머, 글리세릴글루코사이드, 수크로오스, 트로메타민, 향료, 스쿠알란, 옥수수전분, 글루타티온, 다이프로필렌글라이콜, 에틸헥실글리세린, 아데노신, 하이드록시프로필메틸셀룰로오스, 포스파티딜콜린, 폴리글리세릴-10라우레이트, 부틸렌글라이콜, 다이소듐이디티에이, 황련뿌리추출물, 들깨잎추출물, 유칼립투스잎추출물, 치자추출물, 덱스트린, 벤질글라이콜, 베타-글루칸, 하이드롤라이즈드글라이코사미노글리칸, 소듐하이알루로네이트, 하이드로제네이티드레시틴, 카프릴릭/카프릭트라이글리세라이드, 소듐하이알루로네이트크로스폴리머, 하이드롤라이즈드하이알루로닉애씨드, 소듐구아이아줄렌설포네이트, 알지닌, 하이드록시프로필트라이모늄하이알루로네이트, 포타슘세틸포스페이트, 소듐서팩틴, 소듐폴리아크릴로일다이메틸타우레이트, 페룰릭애씨드, 하이알루로닉애씨드, 소듐아세틸레이티드하이알루로네이트, 팔미토일트라이펩타이드-1, 카퍼트라이펩타이드-1, 글라이신, 세린, 아스파틱애씨드, 글루타믹애씨드, 류신, 라이신, 알라닌, 프롤린, 페닐알라닌, 트레오닌, 발린, 아이소류신, 타이로신, 히스티딘, 메티오닌, 시스테인"
"A000000213383","더마라인 디렉소 바이오 액티빙 PDRN 크림 100g","더마라인","100.0","100.0","g(약 1ml 상당으로 근사)","63000","44100","4410.0","정제수, 부틸렌글라이콜, 스쿠알란, 글리세린, 세틸알코올, 나이아신아마이드, 카프릴릭/카프릭트라이글리 세라이드, 시어버터, 피토스테릴/이소스테아릴/세틸/스테아릴/베헤닐다이머디리놀리에이트, 글리세릴스 테아레이트, 1,2-헥산다이올, 에틸헥실팔미테이트, 코코-카프릴레이트/카프레이트, 스테아릴알코올, 폴리 아크릴레이트-13, 소듐디엔에이(10000ppm), 판테놀, 글리세레스-26, 폴리아이소부텐, 황금추출물, 스위 트아몬드오일, 다이메티콘, 세테아릴올리베이트, 알란토인, 하이드롤라이즈드콜라겐, 병풀추출물, 솔비탄올 리베이트, 폴리솔베이트20, 스테아릭애씨드, 솔비탄아이소스테아레이트, 에틸헥실글리세린, 다이소듐이디 티에이, 아데노신, 팔미틱애씨드, 마데카소사이드, 아시아티코사이드, 아라키딕애씨드, 소듐하이알루로네 이트, 토코페롤, 미리스틱애씨드, 스타아니스추출물, 커먼자스민오일, 캐모마일꽃오일, 꿀풀추출물, 블래더 랙추출물, 아세틸헥사펩타이드-8, 팔미토일트라이펩타이드-1, 카퍼트라이펩타이드-1"
"A000000213535","[만능 시카밤] 프라나롬 시카롬 리페어 밤 40ml","프라나롬","40.0","40.0","ml","","31000","7750.0","정제수,시어버터,스위트브라이어씨 오일,아보카도 오일, 에버라스팅꽃오일,크랜베리씨오일,라벤더오일,라다넘 오일, 티트리잎 오일, 비타민나무열매 오일,로즈마리꽃 오일,잔탄검, 잘란검,토코페롤, 세테아릴알코올,세테아릴글루코사이드, 이눌린라우릴카바메이트,솔비탄카프릴레이트,소듐벤조 에이트,프로판다이올,벤조익애씨드,소듐하이드록사이드, 제라니올,*리날룰,*리모넨 (*에센셜 오일에서 자연적으로 발견되는 성분)"
"A000000213953","연작 카밍 앤 컴포팅 크림 60ml","연작","60.0","60.0","ml","48000","40800","6800.0","정제수,글리세린,부틸렌글라이콜,페닐트라이메티콘,다이글리세린,프로판다이올,1,2-헥산다이올,암모늄아크릴로일다이메틸타우레이트/브이피코폴리머,카보머,트로메타민,잔탄검,에틸헥실글리세린,병풀추출물,황련추출물,황금추출물,쇠비름추출물,호장근뿌리추출물,황벽나무껍질추출물,다이소듐이디티에이,스페인감초뿌리추출물,녹차추출물,로즈마리잎추출물,마트리카리아꽃추출물,광곽향오일,삼백초추출물,녹두씨추출물,황련뿌리추출물,개똥쑥추출물,카카오추출물,소듐하이알루로네이트,호호바씨오일,퀸즈랜드넛오일,카프릴릭/카프릭트라이글리세라이드,고삼뿌리추출물,덱스트린"
"A000000214159","[산뜻 진정 장벽크림] 키엘 칼렌듈라 꽃잎 크림 50ml","키엘","50.0","50.0","ml","74000","58460","11692.0","정제수 다이메티콘 글리세린 프로필렌글라이콜 프로판다이올 판테놀 다이메티콘/피이지-10/15크로스폴리머 비사보롤 다이아이소프로필세바케이트 소듐클로라이드 페녹시에탄올 폴리메틸실세스퀴옥세인 클로페네신 레몬껍질오일 소듐시트레이트 포트마리골드꽃추출물(0.21%) 리모넨 피이지-10다이메티콘 트라이소듐에틸렌다이아민다이석시네이트 포트마리골드꽃(0.13%) 시트릭애씨드 다이프로필렌글라이콜 와일드제라늄오일 마트리카리아꽃오일 시트랄 시트로넬올 제라니올 파네솔 리날룰 토코페롤 카멜그라스오일 쓴쑥추출물"
"A000000214166","[NO.1 국민수분크림] 키엘 울트라 훼이셜 크림 28ml 기획/단품","키엘","28.0","28.0","ml","30000","22800","8142.9","정제수 글리세린 다이메티콘 스쿠알란 비스-피이지-18메틸에터다이메틸실레인 수크로오스스테아레이트 스테아릴알코올 피이지-8스테아레이트 미리스틸미리스테이트 살구씨오일 페녹시에탄올 아보카도오일 글리세릴스테아레이트 세틸알코올 쌀겨오일 올리브오일 클로페네신 스테아릭애씨드 팔미틱애씨드 카보머 아크릴레이트/C10-30알킬아크릴레이트크로스폴리머 트라이소듐에틸렌다이아민다이석시네이트 스위트아몬드오일 잔탄검 에틸헥실글리세린 소듐하이드록사이드 토코페롤 돌콩오일 슈도알테로모나스발효추출물 미리스틱애씨드 하이드록시팔미토일스핑가닌 살리실릭애씨드 해바라기씨오일 로즈마리잎추출물 시트릭애씨드"
"A000000214181","[수부지 쿨링 케어] 키엘 오일 프리 젤 크림 28ml/50ml/150ml (기획/단품)","키엘","28.0","228.0","ml","30000","22800","1000.0","정제수, 글리세린, 프로판다이올, 다이메티콘, 아이소노닐아이소노나노에이트, 하이드록시에틸피페라진에탄설포닉애씨드, 페녹시에탄올, 카보머, 부틸렌글라이콜, 클로페네신, 카프릴릴글라이콜, 다이메티콘올, 소듐하이드록사이드, 잔탄검, 펜틸렌글라이콜, 테트라소듐이디티에이, 토코페릴아세테이트, 멘톡시프로판다이올, 슈도알테로모나스발효추출물, 바이오사카라이드검-1, 사코신, 살리실릭애씨드"
"A000000214201","케어놀로지 리블루 울트라 리페어 크림 50ml","케어놀로지","50.0","50.0","ml","49000","41650","8330.0","정제수, 세틸에틸헥사노에이트, 글리세린, 프로판다이올, 1,2-헥산다이올, 스쿠알란, 다이카프릴릴카보네이트, 하이드록시아세토페논, 세테아릴올리베이트, 아라키딜알코올, 알지닌, 솔비탄올리베이트, 카보머, 베헤닐알코올, 하이드로제네이티드레시틴, 아라키딜글루코사이드, 알란토인, 잇꽃올레오좀, 호호바씨오일, 쑥국화추출물(블루탄지꽃오일), 마카다미아씨오일, 센티드제라늄꽃오일, 소듐하이알루로네이트, 글루코노락톤, 소듐벤조에이트, 소듐폴리글루타메이트, 하이드롤라이즈드콜라겐, 세라마이드엔피, 베타-글루칸, 유비퀴논, 시트로넬올, 제라니올, 리날룰, 시트랄, 리모넨"
"A000000214226","포레스트 서울 히알 피톤시카 크림 50ml","포레스트 서울","50.0","50.0","ml","","27000","5400.0","정제수, 글리세린, 카프릴릭/카프릭트라이글리세라이드, 하이드로제네이티드폴리(C6-14올레핀), 에틸헥실스테아레이트, 1,2-헥산다이올, 나이아신아마이드, 카프릴릴메티콘, 펜틸렌글라이콜, 세테아릴알코올, 폴리메틸실세스퀴옥세인, 폴리글리세릴-3메틸글루코오스다이스테아레이트, 판테놀, 편백수, 병풀추출물(0.011 ppb), 병풀꽃/잎/줄기추출물(0.001 ppb), 마데카식애씨드(0.0003 ppb), 아시아틱애씨드(0.0003 ppb), 아시아티코사이드(0.0004 ppb), 동백나무꽃추출물, 잣나무씨추출물, 백미꽃추출물, 세테아릴올리베이트, 글리세릴스테아레이트, 솔비탄올리베이트, 소듐하이알루로네이트, 하이드록시프로필트라이모늄하이알루로네이트, 소듐아세틸레이티드하이알루로네이트, 하이드롤라이즈드하이알루로닉애씨드, 하이알루로닉애씨드, 소듐하이알루로네이트크로스폴리머, 하이드롤라이즈드소듐하이알루로네이트, 포타슘하이알루로네이트, 글루코오스, 클로렐라 불가리스추출물, 부틸렌글라이콜, 프룩토오스, 프룩토올리고사카라이드, 카보머, 암모늄아크릴로일다이메틸타우레이트/브이피코폴리머, 트로메타민, 에틸헥실글리세린, 잔탄검, 트레할로오스, 다이포타슘글리시리제이트, 카프릴릴글라이콜, 아데노신, 하이드로제네이티드레시틴, 다이소듐이디티에이, 세라마이드엔피, 베타-글루칸, 토코페롤, 다이프로필렌글라이콜, 프로판다이올, 폴리글리세릴-10라우레이트, 소듐아스코빌포스페이트, 소듐스테아로일글루타메이트, 레시틴, 향료"
"A000000214262","키엘 파워풀 스트렝스 라인 리듀싱 다크서클 디미니싱 비타민C 아이세럼 15ml","키엘","15.0","15.0","ml","95000","75050","50033.3","프로필렌글라이콜 다이메티콘 글리세린 아스코빅애씨드(10%) 다이메티콘크로스폴리머 세틸피이지/피피지-10/1다이메티콘 사이클로헥사실록세인 정제수 하이드록시에틸피페라진에탄설포닉애씨드 라우로일라이신 알루미늄전분옥테닐석시네이트 폴리실리콘-11 티타늄디옥사이드 아데노신 하이드롤라이즈드하이알루로닉애씨드 스테아레스-20 클로헥시딘다이글루코네이트 N-하이드록시석신이미드 소듐시트레이트 포타슘솔베이트 팔미토일트라이펩타이드-1 크리신 펜타에리스리틸테트라-다이-t-부틸하이드록시하이드로신나메이트 팔미토일테트라펩타이드-7 시트릭애씨드 바이오틴"
"A000000214288","[10층탄력] 라운드랩 동백 딥 콜라겐 탄력 크림 50ml 기획 (+10ml)","라운드랩","50.0","60.0","ml","38000","27900","4650.0","정제수,글리세린,프로판다이올,부틸렌글라이콜,1,2-헥산다이올,나이아신아마이드,비닐다이메티콘,펜틸렌글라이콜,다이페닐실록시페닐트라이메티콘,동백나무꽃추출물(10,100ppm),카프릴릭/카프릭트라이글리세라이드,아이소노닐아이소노나노에이트,하이드록시에틸아크릴레이트/소듐아크릴로일다이메틸타우레이트코폴리머,소듐폴리아크릴레이트,암모늄아크릴로일다이메틸타우레이트/브이피코폴리머,글리세레스-25피씨에이아이소스테아레이트,카프릴릴글라이콜,메틸프로판다이올,다이메티콘올,캐스터오일/아이피디아이코폴리머,하이드롤라이즈드콜라겐(1,011ppm),이노시톨,알란토인,하이드록시피나콜론레티노에이트,메도우폼씨오일,사이아노코발아민,쿼세틴,아데노신,솔비탄아이소스테아레이트,시트릭애씨드,다이포타슘글리시리제이트,수용성콜라겐(1.106ppm),소듐파이테이트,다이메틸아이소소바이드,알지닌,카보머,소듐시트레이트,에틸헥실글리세린,아모다이메티콘,잔탄검"
"A000000214296","톰 이센셜리 에픽 레디언트 크림 50g","톰","50.0","50.0","g(약 1ml 상당으로 근사)","89000","79000","15800.0","작약뿌리수, 정제수, 글리세린, 프로판다이올, 비닐다이메티콘, 카프릴릭/카프릭트라이글리세라이드, 1,2-헥산다이올, 부틸렌글라이콜, 나이아신아마이드, 세틸에틸헥사노에이트, 피토스테릴/이소스테아릴/세틸/스테아릴/베헤닐다이머디리놀리에이트, 폴리글리세릴-3메틸글루코오스다이스테아레이트, 폴리글리세릴-4올리에이트, 폴리솔베이트20, 암모늄아크릴로일다이메틸타우레이트/브이피코폴리머, 하이드로제네이티드레시틴, 트로메타민, 카보머, 아크릴레이트/C10-30알킬아크릴레이트크로스폴리머, 향료, 일랑일랑꽃추출물, 잔탄검, 아보카도열매추출물, 말토덱스트린, 토코페롤, 글리세릴올리에이트, 아데노신, 프로필렌글라이콜, 소듐파이테이트, 한련초추출물, 아이비고드열매추출물, 레시틴, 인도멀구슬나무꽃추출물, 마카뿌리추출물, 인도멀구슬나무잎추출물, 세라마이드엔피, 바질꽃/잎추출물, 헨나꽃/열매/잎추출물, 홀리바질잎추출물, 동백나무꽃추출물, 울금뿌리추출물, 참산호말추출물, 샤프란꽃추출물"
"A000000214302","[고현정 PICK] 코이 플로우 셀코드 크라이오 크림 50ml","코이","50.0","50.0","ml","45000","40500","8100.0","정제수, 부틸렌글라이콜, 글리세린, 다이카프릴릴카보네이트, 베타인, 1,2-헥산다이올, 나이아신아마이드, 하이드로제네이티드폴리데센, 비닐다이메티콘, 카프릴릴메티콘, 폴리메틸실세스퀴옥세인, 황련뿌리추출물, 유자추출물, 히비스커스꽃추출물, 하이드로제네이티드레시틴, 소듐하이알루로네이트, 판테놀, 아크릴레이트/C10-30알킬아크릴레이트크로스폴리머, 하이드록시에틸아크릴레이트/소듐아크릴로일다이메틸타우레이트코폴리머, 트로메타민, 다이메티콘올, 세테아릴올리베이트, 솔비탄올리베이트, 글리세릴아크릴레이트/아크릴릭애씨드코폴리머, 글리세릴글루코사이드, 아데노신, 솔비탄아이소스테아레이트, 잔탄검, 다이소듐이디티에이, 옥타데케인, 락틱애씨드/글라이콜릭애씨드코폴리머, 다이프로필렌글라이콜, 카프릴릭/카프릭트라이글리세라이드, 폴리글리세릴-10다이아이소스테아레이트, 글루코오스, 메나다이온, 사이아노코발아민, 다이메틸실란올하이알루로네이트, 하이드롤라이즈드소듐하이알루로네이트, 하이드롤라이즈드하이알루로닉애씨드, 록샘파이어캘러스배양여과물, 포타슘하이알루로네이트, 하이알루로닉애씨드, 소듐하이알루로네이트크로스폴리머, 하이드록시프로필트라이모늄하이알루로네이트, 소듐하이알루로네이트다이메틸실란올, 소듐아세틸레이티드하이알루로네이트, 산소, 향료, 에틸헥실글리세린, 카프릴릴글라이콜, 쿠마린, 유제놀, 리모넨, 리날룰"
"A000000214636","앰플엔 히알루론샷 수분 크림 60ml","앰플엔","60.0","60.0","ml","18900","15900","2650.0","정제수, 글리세린, 아이소스테아릴알코올, 세틸에틸헥사노에이트, 1,2-헥산다이올, 사이클로헥사실 록세인, 나이아신아마이드, 세테아릴올리베이트, 아데노신, 판테놀, 인도멀구슬나무잎추출물, 인도멀구슬나무 꽃추출물, 소듐하이알루로네이트(200ppm), 아이비고드열매추출물, 가지열매추출물, 푸른연꽃추출물, 홀리바 질잎추출물, 하이알루로닉애씨드, 참산호말추출물, 울금뿌리추출물, 글라이신, 글루타믹애씨드, 알지닌, 하이 드로제네이티드레시틴, 트라이-C14-15알킬시트레이트, 스쿠알란, 세테아릴알코올, 솔비탄올리베이트, 부틸 렌글라이콜, 베헤닐알코올, 암모늄아크릴로일다이메틸타우레이트/브이피코폴리머, 베타인, 에리스리톨, 세 테아릴글루코사이드, 바틸알코올, 글리세릴스테아레이트, 비닐다이메티콘/메티콘실세스퀴옥세인크로스폴리머, 잔탄검, 하이드록시프로필트라이모늄하이알루로네이트, 자일리틸글루코사이드, 안하이드로자일리톨, 소듐아 세틸레이티드하이알루로네이트, 자일리톨, 하이드롤라이즈드하이알루로닉애씨드, 포타슘하이알루로네이트, 하이드롤라이즈드소듐하이알루로네이트, 소듐하이알루로네이트크로스폴리머, 칼슘카보네이트, 하이드록시 프로필메틸셀룰로오스, 덱스트린, 다이소듐이디티에이"
"A000000214989","[속수분크림/리필] 라운드랩 자작나무 수분 크림 50ml 리필팩","라운드랩","50.0","50.0","ml","19900","17900","3580.0","정제수, 글리세린, 아이소노닐아이소노나노에이트, 아이소도데케인, 1,2-헥산다이올, 펜틸렌글라이콜, 폴리데센, 자작나무수액(10,000ppm), 호호바에스터, 판테놀, 글리세릴글루코사이드, 아라비아고무나무검, 하이드롤라이즈드오크라추출물, 소듐하이알루로네이트, 하이알루로닉애씨드, 화이트루핀씨추출물, 드럼스틱씨추출물, 인도멀구슬나무잎추출물, 인도멀구슬나무꽃추출물, 아이비고드열매추출물, 알로에베라꽃추출물, 가지열매추출물, 홀리바질잎추출물, 참산호말추출물, 울금뿌리추출물, 아스코빅애씨드, 펜타에리스리틸테트라에틸헥사노에이트, 암모늄아크릴로일다이메틸타우레이트/브이피코폴리머, 폴리글리세릴-3메틸글루코오스다이스테아레이트, 아크릴레이트/C10-30알킬아크릴레이트크로스폴리머, 트로메타민, 글리세릴아크릴레이트/아크릴릭애씨드코폴리머, 에틸헥실글리세린, 아가, 다이포타슘글리시리제이트, 글리세릴카프릴레이트, 부틸렌글라이콜, 다이소듐이디티에이"
"A000000215147","[데일리수분크림] 그라운드플랜 크림 50ml","그라운드플랜","50.0","50.0","ml","","45000","9000.0","버지니아풍년화추출물,글리세린,메틸프로판다이올,소듐하이알루로네이트,에틸헥실팔미테이트,카프릴릭/카프릭트라이글리세라이드,세테아릴알코올,비닐다이메티콘,나이아신아마이드,시어버터,글리세릴스테아레이트에스이,올리브오일,폴리솔베이트60,세테아릴올리베이트,솔비탄올리베이트,베타인,판테놀,마트리카리아꽃추출물,노니열매추출물,병풀추출물,자작나무수액,녹차수,뽕나무잎추출물,부틸렌글라이콜,1,2-헥산다이올,카프릴릴글라이콜,스타아니스추출물,알지닌,폴리아크릴아마이드,C13-14아이소알 케인,라우레스7,카보머,하이드록시에틸셀룰로오스,아데노신,다이소듐이디티에이,라벤더오일,리날룰"
"A000000215463","[진정/즉각수분] 더말로지카 듀얼 히알루론산 캄 워터 젤 크림 50ml","더말로지카","50.0","50.0","ml","71000","59900","11980.0","정제수, 글리세린, 알로에베라잎즙, 다이메티콘, 부틸렌글라이콜, 사과추출물, 1,2-헥산다이올, 다이에틸헥실카보네이트, 스테아릴헵타노에이트, 세틸피이지/피피지-10/1다이메티콘, 하이드록시아세토페논, 씨솔트, 다이메티콘크로스폴리머, 스테아릴카프릴레이트, 하이드롤라이즈드소듐하이알루로네이트, 라우릴피이지-9폴리다이메틸실록시에틸다이메티콘, 다이포타슘글리시리제이트, 보검선인장줄기추출물, 소듐하이알루로네이트, 라벤더꽃추출물, 포타슘솔베이트, 시트릭애씨드, 소듐벤조에이트, 다이소듐포스페이트, 리모넨, 리날룰"
"A000000216291","제로이드 인텐시브 오인트 크림 80ml","제로이드","80.0","80.0","ml","","35000","4375.0","정제수, 카카오씨드버터, 글리세린, 프로판다이올, 세테아릴알코올, 코코글리세라이즈, 시어버터, 폴리글리세릴-10다이스테아레이트, 솔비탄스테아레이트, 판테놀, 글리세릴스테아레이트, 식물성스쿠알란, 스테아릭애씨드, 유차나무씨오일, 카프릴릴메티콘, 다이메티콘, 1,2-헥산다이올, 피토스테롤, 토코페릴아세테이트, 미리스토일/팔미토일옥소스테아라마이드/아라카마이드엠이에이, 칸데릴라왁스, 징크글루코네이트, 메틸카프로오일타이로지네이트, 테트라카복시메틸팔미토일다이펩타이드-12, 잔탄검, 알란토인, 다이소듐이디티에이, 마데카소사이드, 카프릴릴글라이콜"
"A000000216405","브링그린 슈퍼레몬 글루타치온 아이크림 30mL 더블기획","브링그린","30.0","60.0","ml","25000","16000","2666.7","정제수, 프로판다이올, 글리세린, 카프릴릭/카프릭트라이글리세라이드, 세틸에틸헥사노에이트, 나이아신아마이드, 세테아릴알코올, 합성비즈왁스, 다이프로필렌글라이콜, 비닐다이메티콘, 소듐폴리아크릴레이트, 하이드록시아세토페논, 부틸렌글라이콜, 아크릴레이트/C10-30알킬아크릴레이트크로스폴리머, 알지닌, 카프릴릴글라이콜, 세테아릴글루코사이드, 레몬즙(978ppm)*, 에틸헥실글리세린, 잔탄검, 아데노신, 글루타티온(300ppm)*, 트라넥사믹애씨드, 바쿠치올, 황련뿌리추출물, 향료, 소듐파이테이트, 아스코빅애씨드, 1,2-헥산다이올, 글루코오스, 레틴알, 다이포타슘글리시리제이트, 폴리글리세릴-10올리에이트, 레시틴, 판테놀, 토코페롤, 글리세릴스테아레이트시트레이트, 바이오사카라이드검-1, 알란토인, 세라마이드엔피, 피토스핑고신, 알지닌/라이신폴리펩타이드, 소듐구아이아줄렌설포네이트"
"A000000216966","[여드름성 피부적합] 헤브블루 피톤 스쿠아 히알 블루 젤크림 110ml","헤브블루","110.0","110.0","ml","","39900","3627.3","편백수(691,000 ppm), 정제수, 부틸렌글라이콜, 1,2-헥산다이올, 다이프로필렌글라이콜, 소듐하이알루로네이트, 포타슘하이알루로네이트, 소듐하이알루로네이트크로스폴리머, 소듐아세틸레이티드하이알루로네이트, 하이드록시프로필트라이모늄하이알루로네이트, 하이드롤라이즈드하이알루로닉애씨드, 하이알루로닉애씨드, 다이메틸실란올하이알루로네이트, 판테놀, 양배추추출물, 클레리추출물, 라벤더꽃추출물, 히아신스전초추출물, 마트리카리아꽃추출물, 수레국화꽃추출물, 보리지추출물, 베타인, 브로콜리추출물, 베타-글루칸, 울금뿌리추출물, 황금추출물, 밀싹추출물, 자주개자리추출물, 무씨추출물, 유채추출물, 말라카이트추출물, 에틸헥실글리세린, 알지닌, 카보머, 다이소듐이디티에이"
"A000000219096","바이오던스 스킨 글로우 에센스 크림 50ml","바이오던스","50.0","50.0","ml","39000","27000","5400.0","정제수, 하이드로제네이티드폴리데센, 부틸렌글라이콜, 아이소노닐아이소노나노에이트, 폴리글리세릴-4올리에이트, 나이아신아마이드 , 폴리글리세릴-6올리에이트, 폴리하이드록시스테아릭애씨드, 마그네슘설페이트, 솔비탄세스퀴올리에이트 , 다이프로필렌글라이콜, 판테놀, 베타인, 비피다발효여과물, 하이드로제네이티드레시틴, 세테아릴알코올, 1,2-헥산다이올, 스테아릭애씨드, 소듐하이알루로네이트, 세라마이드엔피, 세라마이드엔에스, 하이드록시프로필트라이모늄하이알루로네이트, 피토스핑고신, 콜레스테롤, 세라마이드에이에스, 세라마이드에이피, 소듐아세틸레이티드하이알루로네이트, 하이드롤라이즈드하이알루로닉애씨드, 락토바실러스발효물, 락토바실러스발효용해물, 하이알루로닉애씨드, 소듐하이알루로네이트크로스폴리머, 하이드롤라이즈드소듐하이알루로네이트, 포타슘하이알루로네이트, 세라마이드이오피, 오리스뿌리추출물, 멜론추출물, 다마스크장미꽃수, 서양배추출물, 서양송악잎/줄기추출물, 아데노신, 다이포타슘글리시리제이트, 하이드록시아세토페논, 카프릴릴글라이콜, 토코페롤, 에틸헥실글리세린, 다이소듐이디티에이"
"A000000219137","셀올로지 블루 이레이저 크림 50ml","셀올로지","50.0","50.0","ml","","29800","5960.0","정제수, 메도우폼씨오일, 프로판다이올, 1,2-헥산다이올, 글리세린, 나이아신아마이드, 부틸렌글라이콜, 다이에톡시에틸석시네이트,다이페닐다이메티콘, 베헤닐알코올, 아크릴레이트/C10-30알킬아크릴레이트크로스폴리머, 트로메타민, 알란토인, 펜틸렌글라이콜, 아이리쉬모스가루, 아데노신, 향료, 아가, 다이소듐이디티에이, 마데카소사이드, 데실글루코사이드, 덱스트린, 카프릴릴글라이콜, 티타늄디옥사이드, 병풀캘러스세포외소포, 치자추출물, 에틸헥실글리세린, 샤프란꽃추출물, 소두구씨추출물, 회향씨추출물, 고수추출물, 젤란검, 에스에이치-올리고펩타이 드-1,에스에이치-폴리펩타이드-1,에스에이치-폴리펩타이드-16, 에스에이치-올리고펩타이드-2, 에스에이치-폴리펩타이드-22, 에스에이치-폴리펩타이드-11, 에스에이치-폴리펩타이드-9, 에스에이치-폴리펩타이드-3, 에스에이치-폴리펩타이드-62"
"A000000219334","[애프터 시카 밤]SVR 센시파인 뉴트리밤 40ml","SVR","40.0","40.0","ml","32000","28800","7200.0","정제수, 시어버터, 스쿠알란, 베헤닐알코올, 베헤네스-25, 1,2-헥산다이올, 소듐폴리아크릴레이트, 판테놀, 카프릴릴글라이콜, 시트릭애씨드"
"A000000219475","[NCT태용 PICK] 비원츠 펩타이드-X 퍼밍 아이세럼스틱 15ml","비원츠","15.0","15.0","ml","32000","23040","15360.0","정제수, 메틸프로판다이올, 글리세린, 1,2-헥산다이올, 나이아신아마이드, 효모발효여과물, 베타인, 펜틸렌글라이콜, 소듐폴리아크릴로일다이메틸타우레이트, 암모늄아크릴로일다이메틸타우레이트/브이피코폴리머, 부틸렌글라이콜, C12-14알케스-12, 다발방패버섯추출물, 에틸헥실글리세린, 잔탄검, 아데노신, 하이드로제네이티드레시틴, 병풀추출물, 무화과추출물, 베르가모트오일, 분비나무오일, 라반딘오일, 라임전초오일, 멕시칸주니퍼오일, 돌콩단백질, 센티드제라늄꽃오일, 세라마이드엔피, 판테놀, 광곽향오일, 리씨열매오일, 스피어민트잎오일, 토코페롤, 카퍼트라이펩타이드-1(505PPB)*, 카프릴릴글라이콜, 소듐하이알루로네이트, 소듐파이테이트, 에스신, 엑토인, 아스코빅애씨드폴리펩타이드(100PPB)*, 하이드롤라이즈드하이알루로닉애씨드, 비사보롤, 바쿠치올, 소듐디엔에이, 프로판다이올, 하이드롤라이즈드익스텐신, 아세틸헥사펩타이드-8(5PPB)*, 팔미토일테트라펩타이드-7(5PPB)*, 노나펩타이드-1(5PPB)* , 트라이펩타이드-1(5PPB)*, 팔미토일펜타펩타이드-4(5PPB)*, 팔미토일트라이펩타이드-1(5PPB)*, 헥사펩타이드-9(5PPB)*, 큰노랑용담뿌리추출물, 벼에스에이치-올리고펩타이드-1(0.001PPB)*, 리모넨, 리날룰"
"A000000219754","[고함량PDRN/수분장벽] 성분에디터 알래스카 PDRN 울트라 모이스처라이징 배리어 크림 50ml","성분에디터","50.0","50.0","ml","29000","22620","4524.0","정제수, 글리세린, 부틸렌글라이콜, 카프릴릭/카프릭트라이글리세라이드, 퀸즈랜드넛오일, 비스-다이글리세릴폴리아실아디페이트-2, 다이글리세린, 나이아신아마이드, 옥틸도데칸올, 펜틸렌글라이콜, 트레할로오스, 1,2-헥산다이올, 세테아릴알코올, 소듐디엔에이, 시어버터, 소듐하이알루로네이트, 하이드롤라이즈드하이알루로닉애씨드, 하이알루로닉애씨드, 다이메틸실란올하이알루로네이트, 하이드롤라이즈드소듐하이알루로네이트, 포타슘하이알루로네이트, 하이드록시프로필트라이모늄하이알루로네이트, 소듐하이알루로네이트크로스폴리머, 소듐하이알루로네이트다이메틸실란올, 소듐아세틸레이티드하이알루로네이트, 세라마이드엔피, 세라마이드엔에스, 세라마이드에이피, 세라마이드에이에스, 세라마이드이오피, 덱스판테놀, 알란토인, 아스코빅애씨드, 리놀레닉애씨드, 팔미토일트라이펩타이드-5, 엑토인, 3-O-에틸아스코빅애씨드, 토코페롤, 카나우바왁스, 카프릴릴메티콘, 세테아릴올리베이트, 암모늄아크릴로일다이메틸타우레이트/브이피코폴리머, 폴리글리세릴-10베헤네이트/에이코사디오에이트, 폴리글리세릴-3메틸글루코오스다이스테아레이트, 솔비탄올리베이트, 아크릴레이트/C10-30알킬아크릴레이트크로스폴리머, 아미노메틸프로판다이올, 하이드로제네이티드레시틴, 소듐폴리아크릴로일다이메틸타우레이트, 팔미틱애씨드, 다이포타슘글리시리제이트, 에틸헥실글리세린, 아데노신, 프로판다이올, 소듐파이테이트, 스테아릭애씨드, 소듐폴리아크릴레이트, C12-13알케스-9, 콜레스테롤, 피토스핑고신, 글리세릴카프릴레이트, C12-16알코올, 잔탄검"
"A000000221649","[주름탄력]테라로직 레티날 주름탄력 크림 12g+앰플4ml 기획","테라로직","4.0","4.0","ml","39000","31200","78000.0","정제수, 글리세린, 프로판다이올, 부틸렌글라이콜, 나이아신아마이드, 페닐트라이메티콘, 암모늄아크릴로일다이메틸타우레이트/브이피코폴리머 , 1,2-헥산다이올, 다이프로필렌글라이콜, 덱스판테놀, 녹차추출물, 초피나무열매추출물, 커피콩추출물, 스테비아잎/줄기추출물, 폴리글리세릴-10라우레이트, 폴리글리세릴-10미리스테이트, 밤껍질추출물, 잇꽃꽃추출물, 레틴알(3,000ppm), 하이드롤라이즈드콜라겐, 포도추출물, 알란토인, 하이드록시에틸아크릴레이트/소듐아크릴로일다이메틸타우레이트코폴리머, 감나무잎추출물, 호장근뿌리추출물, 팔미토일펜타펩타이드-4, 아데노신, 솔비탄아이소스테아레이트, 팔미토일트라이펩타이드-1, 트라이펩타이드-1, 헥사펩타이드-9, 아세틸헥사펩타이드-8, 카퍼트라이펩타이드-1, 다이소듐이디티에이, 글리세릴카프릴레이트, 에틸헥실글리세린"
"A000000222638","[눈가생기] 이니스프리 그린티 히알루론산 글로우 아이&페이스볼 10ml","이니스프리","10.0","10.0","ml","23000","16100","16100.0","정제수, 부틸렌글라이콜, 글리세린, 프로판다이올, 나이아신아마이드, 다이메티콘, 페닐트라이메티콘, 카페인, 1,2-헥산다이올, 스쿠알란, 폴리솔베이트20, 폴리실리콘-11, 카보머, 피씨에이다이메티콘, 폴리아크릴레이트크로스폴리머-6, 트로메타민, 보론나이트라이드, 소듐폴리아크릴로일다이메틸타우레이트, 티타늄디옥사이드 (CI 77891), 다이메티콘올, 합성플루오르플로고파이트, 글리세릴카프릴레이트, 소듐메타포스페이트, 에틸헥실글리세린, 아데노신, 녹차추출물(121 ppm), 알지닌, 사이클로덱스트린, 하이드록시프로필사이클로덱스트린, 말토덱스트린, 시트릭애씨드, 소듐하이알루로네이트(30 ppm), 틴옥사이드, 하이드롤라이즈드하이알루로닉애씨드(5 ppm), 소듐하이알루로네이트크로스폴리머(2 ppm), 하이알루로닉애씨드(1 ppm), 토코페롤, 소듐아세틸레이티드하이알루로네이트(0.1 ppm)"
"A000000222699","[스쿠알란/수분장벽] 스튜디오17 워터부스트 히알루론 수분크림 80ml","스튜디오17","80.0","80.0","ml","15500","14900","1862.5","정제수, 스쿠알란, 글리세린, 나이아신아마이드, 1,2-헥산다이올, 베타인, 아크릴레이트/C10-30알킬아크릴레이트크로스폴리머, 알지닌, 암모늄아크릴로 일다이메틸타우레이트/브이피코폴리머, 판테놀, 부틸렌글라이콜, 에틸헥실글리세린, 아데노신, 자일리틸글루코사이드, 안하이드로자일리톨, 다이소듐이디티에이, 자일리 톨, 글루코오스, 검은귀리추출물, 레시틴, 락토바실러스발효용해물, 소듐하이알루로 네이트(110,000 ppb), 포타슘솔베이트, 잔탄검, 베타-글루칸, 약모밀추출물, 하이드 록시프로필트라이모늄하이알루로네이트(1,000 ppb), 시트릭애씨드, 하이드롤라이즈 드하이알루로닉애씨드(100 ppb), 소듐아세틸레이티드하이알루로네이트(100 ppb), 하이알루로닉애씨드(25 ppb), 소듐하이알루로네이트크로스폴리머(10 ppb), 포타슘 하이알루로네이트(2 ppb)"
"A000000222945","[모공밴딩크림] 웰라쥬 하이퍼 펩타이드 밴디지 크림 50ml","웰라쥬","50.0","50.0","ml","26000","20800","4160.0","정제수,글리세린,메틸프로판다이올,1,2-헥산다이올,아이소프로필팔미테이트,베타인,하이드로제네이티드폴리(C6-14올레핀),하이드로제네이티드폴리데센,달맞이꽃꽃추출물,당느릅나무뿌리추출물,대왕소나무잎추출물,칡뿌리추출물,하이드로제네이티드레시틴,소듐하이알루로네이트,하이드록시에틸아크릴레이트/소듐아크릴로일다이메틸타우레이트코폴리머,비닐다이메티콘,카프릴릴메티콘,아크릴레이트/C10-30알킬아크릴레이트크로스폴리머,하이드록시아세토페논,부틸렌글라이콜,트로메타민,에틸헥실글리세린,글리세릴아크릴레이트/아크릴릭애씨드코폴리머,솔비탄아이소스테아레이트,잔탄검,아데노신,다이소듐이디티에이,베타-글루칸,하이드롤라이즈드옥수수전분,세라마이드엔피,판테놀,수크로오스,트라이펩타이드-1(7,500 ppb),토코페롤,소듐디엔에이,아세틸헥사펩타이드-8(1,000ppb),팔미토일펜타펩타이드-4(1,000ppb),카프릴릭/카프릭트라이글리세라이드,소듐스테아로일글루타메이트,수크로오스라우레이트,글라이신,세린,알지닌,히스티딘,리솔레시틴,프로판다이올,벤질글라이콜,하이드롤라이즈드글라이코사미노글리칸,소듐하이알루로네이트크로스폴리머,하이드롤라이즈드하이알루로닉애씨드,하이드록시프로필트라이모늄하이알루로네이트,소듐아세틸레이티드하이알루로네이트,하이알루로닉애씨드,에스-클로스트리듐 보툴리눔올리고펩타이드-1(1,000ppb)"
"A000000223296","[화잘먹크림] 메디톡스 뉴라덤 더마크림 100g [기획(+20g)/단품]","뉴라덤","100.0","120.0","g(약 1ml 상당으로 근사)","28000","23220","1935.0","정제수, 부틸렌글라이콜, 프로판다이올, 다이카프릴릴에터, 비닐다이메티콘, 세테아릴알코올, 카프릴릭/카프릭트라이글리세라이드, 페닐트라이메티콘, 나이아신아마이드, 판테놀, 펜타에리스리틸스테아레이트/카프레이트/카프릴레이트/아디페이트, 폴리글리세릴-3메틸글루코오스다이스테아레이트, 1,2-헥산다이올, 글리세린, 메틸프로판다이올, 펜틸렌글라이콜, 피키아발효추출여과물, 글리세릴스테아레이트, 세테아릴 올리베이트, 암모늄아크릴로일다이메틸타우레이트/브이피코폴 리머, 솔비탄올리베이트, C12-20알킬글루코사이드, 다이메티콘올, 팔미틱애씨드, 하이드로제네이티드레시틴, 알란토인, 다이포타슘글리시리제이트, 에틸헥실글리세린, 아데노신, 소듐파이테이트, 포스페이트버퍼드셀라인, 소듐다이라우미도글루타미드라이신, 스테아릭애씨드, 토코페롤, 아세틸올리고펩타이드-99아마이드, 마데카소사이드, 세라마이드엔피, 콜레스테롤, 피토스핑고신, 세라마이드엔지, 세라마이드엔에스, 세라마이드에이피, 세라마이드에이에스, 세라마이드이오피, C14-22알코올, C12-16알코올"
"A000000223622","[NEW] 숨37 시크릿 멀티밤 7g","숨37","7.0","7.0","g(약 1ml 상당으로 근사)","39000","33150","47357.1","세틸에틸헥사노에이트, 다이페닐실록시페닐트라이메티콘, 네오펜틸글라이콜다이카프레이트, 실리카, 세레신, 하이드로제네이티드폴리아이소부텐, 시어버터, 비닐다이메티콘/메티콘실세스퀴옥세인크로스폴리머, 합성왁스, 폴리글리세릴-2트라이아이소스테아레이트, 트라이에틸헥사노인, 에틸렌/프로필렌코폴리머, 알파-비사보롤, 세드롤, 모르티에렐라오일, 아이소스테아릭애씨드, 토코페롤, 돌콩오일, 부틸렌글라이콜, 토코페릴아세테이트, 포도주추출물, 락토바실러스/배즙발효여과물, 효모/보리씨발효여과물, 락토바실러스/인삼뿌리발효여과물, 락토바실러스/호밀가루발효물, 락토바실러스/콩발효추출물, 락토바실러스/고추냉이뿌리발효추출물, 락토바실러스/부레옥잠발효물, 모나스커스/쌀발효물, 효모/포도발효추출물, 효모/감자추출물발효여과물, 효모/자일리눔/홍차발효물, 페룰릭애씨드, 단풍나무잎추출물, 창포뿌리추출물, 개다래추출물, 으름덩굴추출물, 양파추출물, 마늘추출물, 지모뿌리추출물, 쑥잎추출물, 사탕무뿌리추출물, 양배추추출물, 순무잎추출물, 동백나무잎추출물, 파파야열매추출물, 잇꽃꽃추출물, 결명씨추출물, 병풀추출물, 모과추출물, 마트리카리아꽃추출물, 치커리뿌리추출물, 수박추출물, 베르가모트잎추출물, 유자추출물, 귤껍질추출물, 더덕뿌리추출물, 쿠네아타산사열매추출물, 오이열매추출물, 울금뿌리추출물, 당근추출물, 감추출물, 쇠뜨기추출물, 비파나무잎추출물, 무화과추출물, 허브로버트추출물, 은행추출물, 긴병꽃풀추출물, 스페인감초뿌리추출물, 잎새버섯자실체추출물, 해바라기씨추출물, 원추리꽃추출물, 약모밀추출물, 고구마뿌리추출물, 락토바실러스발효용해물, 표고버섯추출물, 레몬버베나잎추출물, 인동덩굴꽃추출물, 구기자추출물, 레몬밤추출물, 페퍼민트꽃/잎/줄기추출물, 산뽕나무잎추출물, 바나나추출물, 연꽃뿌리추출물, 바질잎추출물, 기장추출물, 소엽잎추출물, 팥추출물, 왕질경이씨추출물, 도라지뿌리추출물, 쇠비름추출물, 살구추출물, 복숭아추출물, 자두추출물, 사과추출물, 무추출물, 지황뿌리추출물, 로즈마리잎추출물, 라즈베리추출물, 살비아잎추출물, 얼룩조릿대잎추출물, 형개추출물, 참깨추출물, 시금치추출물, 서양민들레잎추출물, 타임잎추출물, 하늘타리뿌리추출물, 미역추출물, 비니거, 생강추출물, 티타늄디옥사이드(CI 77891), 마이카, 적색산화철, 정제수, 폴록사머234, 1,2-헥산다이올, 라임전초오일, 베르가모트오일, 라벤더오일, 센티드제라늄꽃오일, 캐모마일꽃오일, 리모넨, 리날룰, 시트로넬올, 시트랄, 제라니올"
"A000000223947","[화잘먹수분크림] 메디큐브 PDRN 핑크 히알루로닉 수분 크림 50ml","메디큐브","50.0","50.0","ml","25900","18500","3700.0","정제수, 글리세레스-26, 부틸렌글라이콜, 카프릴릭/카프릭트라이글리세라이드, 사이클로펜타실록세인, 1,2-헥산다이올, 나이아신아마이드, 하이드로제네이티드폴리데센, 아이소노닐아이소노나노에이트, 세테아릴올리베이트, 에틸헥실올리베이트, 글리세린, 솔비탄올리베이트, 소듐디엔에이(5,000PPM), 소듐아크릴레이트코폴리머, 소듐폴리아크릴로일다이메틸타우레 이트, 하이드록시에틸아크릴레이트/소듐아크릴로일다이메틸타우레이트코폴리머, 폴리글리세릴-4올리에이트, 다이소듐이디티에이, 베타인, 판테놀, 향료, 에틸헥실글리세린, 아데노신, 솔비탄아이소스테아레이트, 메도우폼씨오일, 글리세릴아크릴레이트/아크릴릭애씨드코폴리머, 시트릭애씨드, 사이아노코발아민, 하이드로제네이티드레시틴, 세테아릴알코올, 스테아릭애씨드, 소듐하이알루로네이트(1.02PPM), 하이드록시프로필트라이모늄하이알루로네이트(0.1PPM), 세라마이드엔피, 꿀풀추출물, 블래더랙추출물, 노니열매추출물, 여주열매추출물, 오크라열매추출물, 세라마이드엔에스, 소듐아세틸레이티드하이알루로네이트(0.01PPM), 하이드롤라이즈드하이알루로닉애씨드(0.01PPM), 병풀잎추출물, 콜레스테롤, 피토스핑고신, 세라마이드에이에스, 세라마이드에이피, 하이알루로닉애씨드(0.0025PPM), 카퍼트라이펩타이드-1, 소듐하이알루로네이트크로스폴리머(0.001PPM), 아세틸헥사펩타이드-8, 팔미토일펜타펩타이드-4, 하이드롤라이즈드소듐하이알루로네이트(0.001PPM), 팔미토일테트라펩타이드-7, 팔미토일트라이펩타이드-1, 포타슘하이알루로네이트(0.0002PPM), 세라마이드이오피"
"A000000224137","[아이백볼륨UP/주름개선] 성분에디터 실크펩타이드 인텐시브 리프팅 아이크림 30ml","성분에디터","30.0","30.0","ml","38000","19900","6633.3","정제수, 글리세린, 세틸에틸헥사노에이트, 카프릴릴/카프릴글루코사이드, 세테아릴알코올, 나이아신아마이드, 카프릴릴메티콘, 폴리글리세릴-3메틸글루코오스다이스테아레이트, 세테아릴글루코사이드, 솔비탄올리베이트, 펜타에리스리틸테트라에틸헥사노에이트, 미로탐누스 플라벨리폴리아캘러스배양추출물, 실크추출물(500ppm), 아세틸헥사펩타이드-8(50ppb), 레티놀, 판테놀, 금, 벤질글라이콜, 부틸렌글라이콜, 베헤닐알코올, 팔미틱애씨드, 스테아릭애씨드, 소듐아크릴레이트/소듐아크릴로일다이메틸타우레이트코폴리머, 폴리아이소부텐, 시어버터, 스테아릴알코올, 아라키딜알코올, 마카다미아씨오일, 잔탄검, 1,2-헥산다이올, 황련뿌리추출물, 에틸헥실글리세린, 아데노신, 솔비탄올리에이트, 아가, 카프릴릴/카프릴글루코사이드, 맥아추출물, 칼슘알지네이트, 알란토인, 하이드롤라이즈드엘라스틴, 하이드롤라이즈드실크(100ppm), 하이드로제네이티드폴리아이소부텐, 드럼스틱씨추출물, 에틸헥산다이올, 참마뿌리추출물, 폴리솔베이트20, 하이드롤라이즈드콜라겐, 하이드로제네이티드레시틴, 마이카, 다시마추출물, 오크라열매추출물, 하이드롤라이즈드콩단백질, 티타늄디옥사이드, 합성플루오르플로고파이트, 아크릴레이트/C10-30알킬아크릴레이트크로스폴리머, 트로메타민, 적색산화철, 몰로키아잎추출물, 연꽃뿌리추출물, 하이드롤라이즈드콜라겐추출물, 실크아미노산(3ppm), 하이드롤라이즈드하이알루로닉애씨드, 하이드롤라이즈드소듐하이알루로네이트, 다이메틸실란올하이알루로네이트, 소듐하이알루로네이트, 폴리글루타믹애씨드, 하이알루로닉애씨드, 포타슘하이알루로네이트, 소듐하이알루로네이트크로스폴리머, 하이드록시프로필트라이모늄하이알루로네이트, 세라마이드엔피, 소듐하이알루로네이트다이메틸실란올, 소듐아세틸레이티드하이알루로네이트, 틴옥사이드, 카퍼트라이펩타이드-1 (100ppb), 콜레스테롤, 피토스핑고신, 카페오일헥사펩타이드-65(100ppb), 세라마이드엔지, 세라마이드엔에스, 팔미토일테트라펩타이드-7(50ppb), 세라마이드에이에스, 세라마이드에이피, 지모뿌리추출물, 팔미토일트라이펩타이드-1(10ppb), 글라이신, 글루타믹애씨드, 류신, 메티오닌, 발린, 세린, 아스파틱애씨드, 알라닌, 알지닌, 아이소류신, 페닐알라닌, 프롤린, 히스티딘, 타우린, 오르니틴, 콜라겐추출물, 팔미토일펜타펩타이드-4(5ppb), 에스에이치-올리고펩타이드-1(1ppb), 에스에이치-올리고펩타이드-2(1ppb), 에스에이치-폴리펩타이드-11(1ppb), 세라마이드이오피"
"A000000224242","스킨1004 마다가스카르 센텔라 프로바이오시카 바쿠치올 아이 크림 20ml","스킨1004","20.0","20.0","ml","26000","22100","11050.0","정제수, 글리세린, 부틸렌글라이콜, 다이펜타에리스리틸헥사C5-9애씨드에스터, 1,2-헥산다이올, 나이아신아마이드, 스쿠알란, 폴리글리세릴-3다이스테아레이트, 세테아릴알코올, 카프릴릭/카프릭트라이글리세라이드, 베타인, 시어버터, 헵틸운데실레네이트, 병풀추출물, 글리세릴스테아레이트, 바쿠치올, 판테놀, 아크릴레이트/C10-30알킬아크릴레이트크로스폴리머, 팔미틱애씨드, 트로메타민, 스테아릭애씨드, 글리세릴스테아레이트시트레이트, 카보머, 에틸헥실글리세린, 아데노신, 마카다미아씨오일, 소듐파이테이트, 소듐하이알루로네이트, 하이드로제네이티드레시틴, 세라마이드엔피, 글리세릴아크릴레이트/아크릴릭애씨드코폴리머, 덱스트린, 카카오추출물, 폴리글리세릴-10미리스테이트, 피토스핑고신, 락토바실러스발효물, 마데카식애씨드, 아시아티코사이드, 하이드롤라이즈드익스텐신, 수크로오스다이스테아레이트, 아시아틱애씨드, 라우릭애씨드, 피토스테롤, 하이드롤라이즈드하이알루로닉애씨드, 카프릴릴글라이콜, 아세틸헥사펩타이드-8"
"A000000224243","[모공축소] 풀리 그린 토마토 크림 90ml","풀리","90.0","90.0","ml","","35000","3888.9","토마토수(64.43%), 글리세린, 다이카프릴릴카보네이트, 베타인, 하이드로제네이티드폴리데센, 정제수, 부틸렌글라이콜, 나이아신아마이드, 1,2-헥산다이올, 비닐다이메티콘, 판테놀, 폴리메틸실세스퀴옥세인, 카프릴릴메티콘, 토마토즙(0.68%), 하이드록시에틸아크릴레이트/소듐아크릴로일다이메틸타우레이트코폴리머, 아크릴레이트/C10-30알킬아크릴레이트크로스폴리머, 트로메타민, 하이드록시아세토페논, 다이메티콘올, 세테아릴올리베이트, 에틸헥실글리세린, 글리세릴아크릴레이트/아크릴릭애씨드코폴리머, 황련뿌리추출물, 솔비탄올리베이트, 아데노신, 솔비탄아이소스테아레이트, 잔탄검, 다이소듐이디티에이, 하이드로제네이티드레시틴, 토코페롤, 무화과추출물, 병풀추출물, 포도추출물, 당느릅나무뿌리추출물, 달맞이꽃꽃추출물, 감나무잎추출물, 대왕소나무잎추출물, 칡뿌리추출물, 말토덱스트린, 커피콩추출물, 호장근뿌리추출물, 잇꽃꽃추출물, 밤껍질추출물, 녹차추출물, 초피나무열매추출물, 세라마이드엔피, 하이드롤라이즈드치자추출물"
"A000000224294","[리뉴얼] 마미케어 바다포도 레티놀 모공탄력 크림 50g","마미케어","50.0","50.0","g(약 1ml 상당으로 근사)","","27800","5560.0","정제수, 부틸렌글라이콜, 글리세린, 비닐다이메티콘, 카프릴릭/카프릭트라이글리세라이드,나이아신아마이드, 1,2-헥산다이올, 아이소도데케인, C12-14알케스-12, 카보머, 트로메타민, 세테아릴알코올, 암모늄아크릴로일다이메틸타우레이트/브이피코폴리머, 세테아릴올리베이트, 다이메티콘올, 솔비탄올리베이트, 잔탄검, 판테놀, 에틸헥실글리세린, 바다포도추출물(1,000ppm), 글리세릴아크릴레이트/아크릴릭애씨드코폴리머, 아데노신, 다이소듐이디티에이, 아크릴레이트/C10-30알킬아크릴레이트크로스폴리머, 레티놀 (150ppm), 치자추출물, 알란토인, 팔마로사오일, 프로판다이올, 비터오렌지잎/잔가지오일, 센티드제라늄꽃오일, 솔비톨, 인도멀구슬나무잎추출물, 인도멀구슬나무꽃추출물, 다이포타슘글리시리제이트,얼룩파인애플추출물, 해바라기씨오일, 아이비고드열매추출물, 수크로오스스테아레이트, 글리세릴스테아레이트, 베타-카로틴, 가지열매추출물, 호박가루, 허니로커스트씨추출물, 홀리바질잎추출물, 울금뿌리추출물, 토코페롤, 석시닉애씨드, 글루코노락톤, 드럼스틱씨오일, 참산호말추출물,글리세릴카프릴레이트, 당느릅나무뿌리추출물, 칡뿌리추출물, 대왕소나무잎추출물, 달맞이꽃꽃추출물, 팔미토일트라이펩타이드-5, 하이드록시신나믹애씨드,루틴, 브로멜라인"
"A000000224499","닥터멜락신 아이팔트 아이백 크림 플러스 10g","닥터멜락신","10.0","10.0","g(약 1ml 상당으로 근사)","","25900","25900.0","""정제수, 마그네슘알루미늄실리케이트, 1,2-헥산다이올, 나이아신아마이드,
소듐실리케이트,시트릭애씨드, 잔탄검, 에틸헥실글리세린, 아데노신, 알부틴, 글루타티온, 하이드롤라이즈드해면, 글리세린, 카프릴릭/카프릭트라이글리세라이드,
바오밥나무씨오일,하이드로제네이티드레시틴, 세라마이드엔피, 레시틴, 토코페롤,
소듐포스페이트, 세라마이드에이에스, 세라마이드엔에스, 세라마이드에이피,
세라마이드이오피,소듐하이알루로네이트,에스에이치-올리고펩타이드-1"""
"A000000224524","[NCT태용 PICK/1+1] 비원츠 펩타이드-X 퍼밍 아이세럼스틱 리필기획 (15ml+15ml)","비원츠","15.0","30.0","ml","37000","26640","8880.0","정제수, 메틸프로판다이올, 글리세린, 1,2-헥산다이올, 나이아신아마이드, 효모발효여과물, 베타인, 펜틸렌글라이콜, 소듐폴리아크릴로일다이메틸타우레이트, 암모늄아크릴로일다이메틸타우레이트/브이피코폴리머, 부틸렌글라이콜, C12-14알케스-12, 다발방패버섯추출물, 에틸헥실글리세린, 잔탄검, 아데노신, 하이드로제네이티드레시틴, 병풀추출물, 무화과추출물, 베르가모트오일, 분비나무오일, 라반딘오일, 라임전초오일, 멕시칸주니퍼오일, 돌콩단백질, 센티드제라늄꽃오일, 세라마이드엔피, 판테놀, 광곽향오일, 리씨열매오일, 스피어민트잎오일, 토코페롤, 카퍼트라이펩타이드-1(505PPB)*, 카프릴릴글라이콜, 소듐하이알루로네이트, 소듐파이테이트, 에스신, 엑토인, 아스코빅애씨드폴리펩타이드(100PPB)*, 하이드롤라이즈드하이알루로닉애씨드, 비사보롤, 바쿠치올, 소듐디엔에이, 프로판다이올, 하이드롤라이즈드익스텐신, 아세틸헥사펩타이드-8(5PPB)*, 팔미토일테트라펩타이드-7(5PPB)*, 노나펩타이드-1(5PPB)* , 트라이펩타이드-1(5PPB)*, 팔미토일펜타펩타이드-4(5PPB)*, 팔미토일트라이펩타이드-1(5PPB)*, 헥사펩타이드-9(5PPB)*, 큰노랑용담뿌리추출물, 벼에스에이치-올리고펩타이드-1(0.001PPB)*, 리모넨, 리날룰"
"A000000224602","숨37 워터풀 젤크림 기획 30ml 헬리녹스 콜라보 기획","숨37","30.0","30.0","ml","54000","43200","14400.0","[본품-젤크림]
정제수, 락토바실러스발효용해물, 다이프로필렌글라이콜, 글리세린, 사이클로펜타실록세인, 변성알코올, 다이메티콘, 부틸렌글라이콜, 1,2-헥산다이올, 카프릴릭/카프릭트라이글리세라이드, 스쿠알란, C14-22알코올, 하이드로제네이티드폴리아이소부텐, 판테놀, 피이지-150, 피이지-40하이드로제네이티드캐스터오일, 마카다미아씨오일, 트라이에틸헥사노인, 트로메타민, 카보머, 락토바실러스/콩발효추출물, 하이드록시에틸아크릴레이트/소듐아크릴로일다이메틸타우레이트코폴리머, 아라키딜글루코사이드, 시어버터, 해바라기씨오일, 하이드로제네이티드레시틴, 다이메티콘올, 효모/감자추출물발효여과물, 효모/보리씨발효여과물, 스테아릴다이메티콘, 글리세릴스테아레이트, 스테아릭애씨드, 비니거, 말라카이트추출물, 폴리솔베이트60, 아크릴레이트/C10-30알킬아크릴레이트크로스폴리머, 세라마이드엔피, 콜레스테롤, 피이지-100스테아레이트, 트라이소듐이디티에이, 솔비탄아이소스테아레이트, 하이드록시프로필트라이모늄하이알루로네이트, 하이알루로닉애씨드, 하이드롤라이즈드하이알루로닉애씨드, 하이드롤라이즈드소듐하이알루로네이트, 소듐하이알루로네이트, 효모폴리펩타이드, 펜틸렌글라이콜, 에틸헥실글리세린, 소듐하이알루로네이트크로스폴리머, 라임전초오일, 센티드제라늄꽃오일, 베르가모트오일, 라벤더오일, 연필향나무오일, 고수열매오일, 캐모마일꽃오일, 단향오일, 리모넨, 리날룰, 시트로넬올, 제라니올, 시트랄, 벤질살리실레이트

[증정-에센스]
정제수*, 락토바실러스발효용해물*, 프로판다이올, 부틸렌글라이콜*, 글리세린, 1,2-헥산다이올*, 2,3-부탄다이올+, 판테놀, 하이드로제네이티드레시틴+, 하이드록시프롤린, 수크로오스스테아레이트+, 세테아릴알코올, 세린, 세라마이드엔피+, 나이아신아마이드, 트로메타민, 비니거*, 아크릴레이트/C10-30알킬아크릴레이트크로스폴리머, 콜레스테롤+, 메도우스위트추출물, 폴리쿼터늄-51, 라우릴다이메티콘/폴리글리세린-3크로스폴리머, 다이프로필렌글라이콜, 하이드록시에틸셀룰로오스, 폴리메틸실세스퀴옥세인, 글리세릴스테아레이트+, 알란토인, 리놀레익애씨드+, 팔미틱애씨드+, 타히티바닐라추출물, 아이소스테아릭애씨드, 세라마이드에이피+, 세라마이드엔지+, 다이소듐포스페이트, 효모폴리펩타이드, 소듐포스페이트, 락토바실러스/배즙발효여과물*, 효모/보리씨발효여과물*, 수박추출물*, 무추출물*, 락토바실러스/인삼뿌리발효여과물*, 락토바실러스/콩발효추출물*, 락토바실러스/부레옥잠발효물*, 모나스커스/쌀발효물*, 효모/포도발효추출물*, 효모/감자추출물발효여과물*, 효모/자일리눔/홍차발효물*, 세라마이드이오피+, 단풍나무잎추출물*, 창포뿌리추출물*, 개다래추출물*, 으름덩굴추출물*, 양파추출물*, 마늘추출물*, 지모뿌리추출물*, 쑥잎추출물*, 사탕무뿌리추출물*, 양배추추출물*, 순무잎추출물*, 동백나무잎추출물*, 파파야열매추출물*, 잇꽃꽃추출물*, 결명씨추출물*, 병풀추출물*, 모과추출물*, 치커리뿌리추출물*, 베르가모트잎추출물*, 유자추출물*, 귤껍질추출물*, 더덕뿌리추출물*, 쿠네아타산사열매추출물*, 오이열매추출물*, 울금뿌리추출물*, 당근추출물*, 감추출물*, 쇠뜨기추출물*, 비파나무잎추출물*, 무화과추출물*, 허브로버트추출물*, 긴병꽃풀추출물*, 스페인감초뿌리추출물*, 잎새버섯자실체추출물*, 해바라기씨추출물*, 원추리꽃추출물*, 고구마뿌리추출물*, 표고버섯추출물*, 레몬버베나잎추출물*, 인동덩굴꽃추출물*, 구기자추출물*, 레몬밤추출물*, 페퍼민트꽃/잎/줄기추출물*, 산뽕나무잎추출물*, 바나나추출물*, 연꽃뿌리추출물*, 바질잎추출물*, 기장추출물*, 소엽잎추출물*, 팥추출물*, 왕질경이씨추출물*, 도라지뿌리추출물*, 쇠비름추출물*, 살구추출물*, 복숭아추출물*, 자두추출물*, 사과추출물*, 지황뿌리추출물*, 로즈마리잎추출물*, 라즈베리추출물*, 살비아잎추출물*, 얼룩조릿대잎추출물*, 형개추출물*, 검은깨추출물*, 시금치추출물*, 서양민들레잎추출물*, 타임잎추출물*, 하늘타리뿌리추출물*, 미역추출물*, 생강추출물*, 마트리카리아꽃추출물*, 은행추출물*, 약모밀추출물*, 락토바실러스/호밀가루발효물*, 락토바실러스/고추냉이뿌리발효추출물*, 라임전초오일, 베르가모트오일, 라벤더오일, 센티드제라늄꽃오일, 캐모마일꽃오일, 리모넨, 리날룰, 시트로넬올, 시트랄, 제라니올"
"A000000224610","숨37 헬리녹스 콜라보 벨벳 선스틱/젤크림/스킨스테이 쿠션 1호 택1","숨37","","","","54000","43200","","[젤크림 기획] - [본품-젤크림]
정제수, 락토바실러스발효용해물, 다이프로필렌글라이콜, 글리세린, 사이클로펜타실록세인, 변성알코올, 다이메티콘, 부틸렌글라이콜, 1,2-헥산다이올, 카프릴릭/카프릭트라이글리세라이드, 스쿠알란, C14-22알코올, 하이드로제네이티드폴리아이소부텐, 판테놀, 피이지-150, 피이지-40하이드로제네이티드캐스터오일, 마카다미아씨오일, 트라이에틸헥사노인, 트로메타민, 카보머, 락토바실러스/콩발효추출물, 하이드록시에틸아크릴레이트/소듐아크릴로일다이메틸타우레이트코폴리머, 아라키딜글루코사이드, 시어버터, 해바라기씨오일, 하이드로제네이티드레시틴, 다이메티콘올, 효모/감자추출물발효여과물, 효모/보리씨발효여과물, 스테아릴다이메티콘, 글리세릴스테아레이트, 스테아릭애씨드, 비니거, 말라카이트추출물, 폴리솔베이트60, 아크릴레이트/C10-30알킬아크릴레이트크로스폴리머, 세라마이드엔피, 콜레스테롤, 피이지-100스테아레이트, 트라이소듐이디티에이, 솔비탄아이소스테아레이트, 하이드록시프로필트라이모늄하이알루로네이트, 하이알루로닉애씨드, 하이드롤라이즈드하이알루로닉애씨드, 하이드롤라이즈드소듐하이알루로네이트, 소듐하이알루로네이트, 효모폴리펩타이드, 펜틸렌글라이콜, 에틸헥실글리세린, 소듐하이알루로네이트크로스폴리머, 라임전초오일, 센티드제라늄꽃오일, 베르가모트오일, 라벤더오일, 연필향나무오일, 고수열매오일, 캐모마일꽃오일, 단향오일, 리모넨, 리날룰, 시트로넬올, 제라니올, 시트랄, 벤질살리실레이트

[젤크림 기획] -[증정-에센스]
정제수*, 락토바실러스발효용해물*, 프로판다이올, 부틸렌글라이콜*, 글리세린, 1,2-헥산다이올*, 2,3-부탄다이올+, 판테놀, 하이드로제네이티드레시틴+, 하이드록시프롤린, 수크로오스스테아레이트+, 세테아릴알코올, 세린, 세라마이드엔피+, 나이아신아마이드, 트로메타민, 비니거*, 아크릴레이트/C10-30알킬아크릴레이트크로스폴리머, 콜레스테롤+, 메도우스위트추출물, 폴리쿼터늄-51, 라우릴다이메티콘/폴리글리세린-3크로스폴리머, 다이프로필렌글라이콜, 하이드록시에틸셀룰로오스, 폴리메틸실세스퀴옥세인, 글리세릴스테아레이트+, 알란토인, 리놀레익애씨드+, 팔미틱애씨드+, 타히티바닐라추출물, 아이소스테아릭애씨드, 세라마이드에이피+, 세라마이드엔지+, 다이소듐포스페이트, 효모폴리펩타이드, 소듐포스페이트, 락토바실러스/배즙발효여과물*, 효모/보리씨발효여과물*, 수박추출물*, 무추출물*, 락토바실러스/인삼뿌리발효여과물*, 락토바실러스/콩발효추출물*, 락토바실러스/부레옥잠발효물*, 모나스커스/쌀발효물*, 효모/포도발효추출물*, 효모/감자추출물발효여과물*, 효모/자일리눔/홍차발효물*, 세라마이드이오피+, 단풍나무잎추출물*, 창포뿌리추출물*, 개다래추출물*, 으름덩굴추출물*, 양파추출물*, 마늘추출물*, 지모뿌리추출물*, 쑥잎추출물*, 사탕무뿌리추출물*, 양배추추출물*, 순무잎추출물*, 동백나무잎추출물*, 파파야열매추출물*, 잇꽃꽃추출물*, 결명씨추출물*, 병풀추출물*, 모과추출물*, 치커리뿌리추출물*, 베르가모트잎추출물*, 유자추출물*, 귤껍질추출물*, 더덕뿌리추출물*, 쿠네아타산사열매추출물*, 오이열매추출물*, 울금뿌리추출물*, 당근추출물*, 감추출물*, 쇠뜨기추출물*, 비파나무잎추출물*, 무화과추출물*, 허브로버트추출물*, 긴병꽃풀추출물*, 스페인감초뿌리추출물*, 잎새버섯자실체추출물*, 해바라기씨추출물*, 원추리꽃추출물*, 고구마뿌리추출물*, 표고버섯추출물*, 레몬버베나잎추출물*, 인동덩굴꽃추출물*, 구기자추출물*, 레몬밤추출물*, 페퍼민트꽃/잎/줄기추출물*, 산뽕나무잎추출물*, 바나나추출물*, 연꽃뿌리추출물*, 바질잎추출물*, 기장추출물*, 소엽잎추출물*, 팥추출물*, 왕질경이씨추출물*, 도라지뿌리추출물*, 쇠비름추출물*, 살구추출물*, 복숭아추출물*, 자두추출물*, 사과추출물*, 지황뿌리추출물*, 로즈마리잎추출물*, 라즈베리추출물*, 살비아잎추출물*, 얼룩조릿대잎추출물*, 형개추출물*, 검은깨추출물*, 시금치추출물*, 서양민들레잎추출물*, 타임잎추출물*, 하늘타리뿌리추출물*, 미역추출물*, 생강추출물*, 마트리카리아꽃추출물*, 은행추출물*, 약모밀추출물*, 락토바실러스/호밀가루발효물*, 락토바실러스/고추냉이뿌리발효추출물*, 라임전초오일, 베르가모트오일, 라벤더오일, 센티드제라늄꽃오일, 캐모마일꽃오일, 리모넨, 리날룰, 시트로넬올, 시트랄, 제라니올


[스킨스테이 쿠션]
정제수, 사이클로펜타실록세인, 다이페닐실록시페닐트라이메티콘, 에칠헥실메톡시신나메이트, 프로필렌글라이콜다이벤조에이트, 티타늄디옥사이드, 글리세린, 다이프로필렌글라이콜, 라우릴피이지-9폴리다이메틸실록시에틸다이메티콘, 페닐벤즈이미다졸설포닉애씨드, 부틸렌글라이콜다이카프릴레이트/다이카프레이트, 나이아신아마이드, 트로메타민, 1,2-헥산다이올, 아크릴레이트/스테아릴아크릴레이트/다이메티콘메타크릴레이트코폴리머, 아이소도데케인, 판테놀, 세틸피이지/피피지-10/1다이메티콘, 합성플루오르플로고파이트, 실리카, 다이메티콘, 마그네슘설페이트, 징크스테아레이트, 다이스테아다이모늄헥토라이트, 스테아릭애씨드, 알루미늄하이드록사이드, 다이메티콘/비닐다이메티콘크로스폴리머, 다이스테아릴다이모늄클로라이드, 팔미틱애씨드, 비니거, 팔미토일프롤린, 아데노신, 부틸렌글라이콜, 알루미늄미리스테이트, 트라이에톡시카프릴릴실레인, 마그네슘팔미토일글루타메이트, 소듐팔미토일사코시네이트, 바실러스발효물, 락토바실러스발효물, 스트렙토코쿠스 테르모필루스발효물, 흑효모발효물, 토코페롤, 효모폴리펩타이드, 펜타에리스리틸테트라-다이-T-부틸하이드록시하이드로신나메이트, 베르가모트오일, 다마스크장미꽃오일, 일랑일랑꽃오일, 리모넨, 리날룰, 벤질벤조에이트, 시트로넬올, 벤질살리실레이트, 제라니올, 파네솔, 티타늄디옥사이드(CI 77891), 황색산화철, 적색산화철, 흑색산화철

[벨벳 선스틱]
다이메티콘, 비닐다이메티콘/메티콘실세스퀴옥세인크로스폴리머, 합성왁스, 다이페닐실록시페닐트라이메티콘, 에칠헥실메톡시신나메이트, 옥토크릴렌, 헥실라우레이트, 에칠헥실살리실레이트, 비스-에칠헥실옥시페놀메톡시페닐트리아진, 디에칠아미노하이드록시벤조일헥실벤조에이트, 다이카프릴릴카보네이트, 뽕나무껍질추출물, 비니거, 소엽맥문동뿌리추출물, 인삼추출물, 오미자추출물, 스페인감초뿌리추출물, 왜당귀뿌리추출물, 삽주뿌리줄기추출물, 귀리커넬추출물, 포트마리골드꽃추출물, 개박하추출물, 작약뿌리추출물, 모란뿌리추출물, 질경이추출물, 복숭아씨추출물, 라즈베리잎추출물, 황금추출물, 와일드인디고뿌리추출물, 락토바실러스/배즙발효여과물, 효모/보리씨발효여과물, 별꽃추출물, 포도주추출물, 수박추출물, 무추출물, 락토바실러스/인삼뿌리발효여과물, 락토바실러스/콩발효추출물, 락토바실러스/부레옥잠발효물, 모나스커스/쌀발효물, 효모/포도발효추출물, 효모/감자추출물발효여과물, 효모/자일리눔/홍차발효물, 단풍나무잎추출물, 창포뿌리추출물, 개다래추출물, 으름덩굴추출물, 양파추출물, 마늘추출물, 지모뿌리추출물, 쑥잎추출물, 사탕무뿌리추출물, 양배추추출물, 순무잎추출물, 동백나무잎추출물, 파파야열매추출물, 잇꽃꽃추출물, 결명씨추출물, 병풀추출물, 모과추출물, 치커리뿌리추출물, 베르가모트잎추출물, 유자추출물, 귤껍질추출물, 더덕뿌리추출물, 쿠네아타산사열매추출물, 오이열매추출물, 울금뿌리추출물, 당근추출물, 감추출물, 쇠뜨기추출물, 비파나무잎추출물, 무화과추출물, 허브로버트추출물, 긴병꽃풀추출물, 잎새버섯자실체추출물, 해바라기씨추출물, 원추리꽃추출물, 고구마뿌리추출물, 표고버섯추출물, 레몬버베나잎추출물, 인동덩굴꽃추출물, 구기자추출물, 레몬밤추출물, 페퍼민트꽃/잎/줄기추출물, 산뽕나무잎추출물, 바나나추출물, 연꽃뿌리추출물, 바질잎추출물, 기장추출물, 소엽잎추출물, 팥추출물, 왕질경이씨추출물, 도라지뿌리추출물, 쇠비름추출물, 살구추출물, 복숭아추출물, 자두추출물, 사과추출물, 지황뿌리추출물, 로즈마리잎추출물, 라즈베리추출물, 살비아잎추출물, 얼룩조릿대잎추출물, 형개추출물, 검은깨추출물, 시금치추출물, 서양민들레잎추출물, 타임잎추출물, 하늘타리뿌리추출물, 미역추출물, 생강추출물, 마트리카리아꽃추출물, 은행추출물, 약모밀추출물, 락토바실러스/호밀가루발효물, 락토바실러스/고추냉이뿌리발효추출물, 다이아이소스테아릴말레이트, 티타늄디옥사이드(CI 77891), 1,2-헥산다이올, 알파-비사보롤, 세드롤, 쿼터늄-18벤토나이트, 적색산화철, 정제수, 부틸렌글라이콜, 토코페롤, 돌콩오일, 흑색산화철, 라임전초오일, 오렌지껍질오일, 로즈마리잎오일, 후추열매오일, 생강오일, 육계잎오일, 다마스크장미꽃오일, 리모넨, 리날룰, 제라니올, 시트랄, 시트로넬올"
"A000000224733","[리뉴얼] 아이디플라코스메틱 엑소브이 프로리프팅 크림 50ml","아이디플라코스메틱","50.0","50.0","ml","","22600","4520.0","정제수, 카프릴릭/카프릭트라이글리세라이드, 세틸에틸헥사노에이트, 다이프로필렌글라이콜, 글리세린, 부틸렌글라이콜, 1,2-헥산다이올, 하이드로제네이티드폴리데센, 다이아이소스테아릴말레이트, 나이아신아마이드, C14-22알코올, 글리세릴스테아레이트에스이, 세테아릴알코올, 베타인, 다이메티콘, 폴리아크릴레이트-13, C12-20알킬글루코사이드, 암모늄아크릴로일다이메틸타우레이트/브이피코폴리머, 폴리아이소부텐, 소듐스테아로일글루타메이트, 아크릴레이트/C10-30알킬아크릴레이트크로스폴리머, 크레아틴, 향료, 트레할로오스, 트로메타민, 에틸헥실글리세린, 소듐하이알루로네이트, 소듐폴리아크릴레이트, 아데노신, 폴리솔베이트20, 솔비탄아이소스테아레이트, *록샘파이어캘러스배양여과물, *락토바실러스세포외소포, 아이소스테아릴아이소스테아레이트, 레시틴, 폴리글리세릴-2스테아레이트, 아이소노닐아이소노나노에이트, 폴리글리세릴-10스테아레이트, 사이아노코발아민, 다이포타슘글리시리제이트, 팔미틱애씨드, 알지닌, 스테아릭애씨드, 니코틴아마이드아데닌다이뉴클레오타이드, 잇꽃씨오일, 하이드로제네이티드포스파티딜콜린, 달맞이꽃오일, 스쿠알란, 세라마이드엔피, 콜레스테롤, 폴리쿼터늄-51, 소듐디엔에이
*특허성분 : ID 2EXO-V™(10,000ppm)"
"A000000224880","[OY단독/광채크림+앰플 50ml] 브이앤에이뷰티 안티옥시던트 시너지 크림 50ml 기획","브이앤에이뷰티","50.0","100.0","ml","52000","36400","3640.0","정제수, 글리세린, 나이아신아마이드, 프로판다이올, 다이카프릴릴에터, 부틸렌글라이콜, 메틸트라이메티콘, 1,2-헥산다이올, 하이드로제네이티드폴리데센, 에틸헥실스테아레이트, 하이드록시에틸아크릴레이트/소듐아크릴로일다이메틸타우레이트코폴리머, 피토스테릴/이소스테아릴/세틸/스테아릴/베헤닐다이머디리놀리에이트, 아크릴레이트/C10-30알킬아크릴레이트크로스폴리머, 트로메타민, 스쿠알란, 판테놀, 토코페롤, 마트리카리아추출물, 오레가노추출물, 살비아추출물, 비피다발효용해물, 에틸헥실글리세린, 펜틸렌글라이콜, C18-36애씨드트라이글리세라이드, 솔비탄아이소스테아레이트, 아데노신, 폴리솔베이트60, 센티드제라늄꽃오일, 호호바에스터, 베르가모트오일, 아세틸글루코사민, 3-O-에틸아스코빅애씨드, 다이소듐이디티에이, 에탄올, 글리세릴아크릴레이트/아크릴릭애씨드코폴리머, C12-18애씨드트라이글리세라이드, 스쿠알렌, 페룰릭애씨드, 엑토인, 트리스(테트라메틸하이드록시피페리딘올)시트레이트, 맥아추출물, 소듐하이알루로네이트, 오렌지껍질오일, 베타-글루칸, 세라마이드엔피, 2,3-부탄다이올, 유칼립투스잎오일, 프렌치로즈꽃추출물, 베타인, 피토스테릴마카다미에이트, 말토덱스트린, 하이드로제네이티드레시틴, 카카두플럼추출물, 글루타티온, 피토스테롤, 글리세릴스테아레이트, 소듐벤조에이트, 포타슘솔베이트, 락틱애씨드, 치자추출물, 마데카소사이드, 세라마이드엔에스, 세라마이드에이에스, 세라마이드에이피, 콜레스테롤, 알란토인, 푸마릭애씨드, 카르노신, 다이펩타이드-4, 노나펩타이드-1, 세라마이드이오피, 제라니올, 리날룰, 시트로넬올, 리모넨"
"A000000225008","[흔적수분크림] 메디큐브 PDRN 핑크 히알루로닉 수분크림 50ml 더블기획","메디큐브","50.0","100.0","ml","49000","24500","2450.0","정제수, 글리세레스-26, 부틸렌글라이콜, 카프릴릭/카프릭트라이글리세라이드, 사이클로펜타실록세인, 1,2-헥산다이올, 나이아신아마이드, 하이드로제네이티드폴리데센, 아이소노닐아이소노나노에이트, 세테아릴올리베이트, 에틸헥실올리베이트, 글리세린, 솔비탄올리베이트, 소듐디엔에이(5,000PPM), 소듐아크릴레이트코폴리머, 소듐폴리아크릴로일다이메틸타우레 이트, 하이드록시에틸아크릴레이트/소듐아크릴로일다이메틸타우레이트코폴리머, 폴리글리세릴-4올리에이트, 다이소듐이디티에이, 베타인, 판테놀, 향료, 에틸헥실글리세린, 아데노신, 솔비탄아이소스테아레이트, 메도우폼씨오일, 글리세릴아크릴레이트/아크릴릭애씨드코폴리머, 시트릭애씨드, 사이아노코발아민, 하이드로제네이티드레시틴, 세테아릴알코올, 스테아릭애씨드, 소듐하이알루로네이트(1.02PPM), 하이드록시프로필트라이모늄하이알루로네이트(0.1PPM), 세라마이드엔피, 꿀풀추출물, 블래더랙추출물, 노니열매추출물, 여주열매추출물, 오크라열매추출물, 세라마이드엔에스, 소듐아세틸레이티드하이알루로네이트(0.01PPM), 하이드롤라이즈드하이알루로닉애씨드(0.01PPM), 병풀잎추출물, 콜레스테롤, 피토스핑고신, 세라마이드에이에스, 세라마이드에이피, 하이알루로닉애씨드(0.0025PPM), 카퍼트라이펩타이드-1, 소듐하이알루로네이트크로스폴리머(0.001PPM), 아세틸헥사펩타이드-8, 팔미토일펜타펩타이드-4, 하이드롤라이즈드소듐하이알루로네이트(0.001PPM), 팔미토일테트라펩타이드-7, 팔미토일트라이펩타이드-1, 포타슘하이알루로네이트(0.0002PPM), 세라마이드이오피"
"A000000225026","[수분시카젤크림] 유리아쥬 시카 데일리 리페어 젤크림 40ml","유리아쥬","40.0","40.0","ml","30000","23000","5750.0","정제수,온천수*,다이카프릴릴에터,글리세린,다이글리세린,스쿠알란,1,2-헥산다이올,이눌린,소듐폴리아크릴로일다이메틸타우레이트,아크릴레이트/C10-30알킬아크릴레이트크로스폴리머,판테놀,잔탄검,소듐하이알루로네이트,소듐하이드록사이드,카퍼글루코네이트,병풀잎추출물,징크글루코네이트,시트릭애씨드,토코페롤"
"A000000225179","아벤느 비타민 액티브 VACg 크림 50ml 기획 (+비타민 Cg 액티브 세럼 10ml) *광채 *항산화","아벤느","50.0","60.0","ml","52000","39520","6586.7","온천수(아벤느 온천수), 카프릴릭/카프릭트라이글리세라이드, 글리세린, 나이아신아마이드(6%), 잇꽃씨오일, 시어버터, 글라이콜팔미테이트, 아스코빌글루코사이드(1.8%), 아라키딜알코올, 세테아릴알코올, 글리세릴스테아레이트, 아라키딜글루코사이드, 베헤닐알코올, 카프릴릴글라이콜, 세테아릴글루코사이드, 시트릭애씨드, 향료, 해바라기씨오일, 소듐벤조에이트, 소듐시트레이트, 소듐하이알루로네이트, 소듐하이드록사이드, 소듐스테아로일글루타메이트, 토코페롤, 잔탄검"
"A000000225188","[잡티흔적케어/광채 PDRN] 로벡틴 비타 더블 토닝 크림 50ml","로벡틴","50.0","100.0","ml","36000","23400","2340.0","정제수, 비타민나무수, 부틸렌글라이콜, 나이아신아마이드, 프로판다이올, 글리세린, 1,2-헥산다이올, 다이프로필렌글라이콜, 에톡시다이글라이콜, 메틸프로판다이올, 비타민나무열매추출물, 3-O-에틸아스코빅애씨드, 알부틴, 인도멀구슬나무꽃추출물, 홀리바질잎추출물, 인도멀구슬나무잎추출물, 소듐하이알루로네이트, 울금뿌리추출물, 참산호말추출물, 토코페롤, 아스코빅애씨드, 바이오틴, 사이아노코발아민, 폴릭애씨드, 판토테닉애씨드, 피리독신, 티아민에이치씨엘, 판테놀, 페룰릭애씨드, 아데노신, 녹차추출물, 애플민트잎추출물, 타임잎추출물, 소듐폴리아크릴로일다이메틸타우레이트, 펜틸렌글라이콜, 에리스리톨, 4-부틸레조시놀, 에틸헥실글리세린, 글리세릴아크릴레이트/아크릴릭애씨드코폴리머, 시트릭애씨드, 다이포타슘글리시리제이트, 소듐파이테이트, 베타-글루칸, 알지닌, 덱스트린, 레시틴, 트로메타민, 리놀레닉애씨드, 보리지씨오일, 카보머"
"A000000225279","[1등장벽크림] 닥터자르트 파워 더마 베리어 크림 80ml","닥터자르트","80.0","80.0","ml","35000","24500","3062.5","정제수, 부틸렌글라이콜, 카프릴릭/카프릭트라이글리세라이드, 글리세린, 프로판다이올, 세테아릴알코올, 판테놀, 펜틸렌글라이콜, 1,2-헥산다이올, 다이메티콘, 솔비톨, 세틸팔미테이트, 비닐다이메티콘, 글리세릴카프릴레이트, 폴리글리세릴-3메틸글루코오스다이스테아레이트, 바이오사카라이드검-1, 다이포타슘글리시리제이트, 소듐하이알루로네이트, 세라마이드엔피, 세테아릴올리베이트, 스테아릴알코올, 암모늄아크릴로일다이메틸타우레이트/브이피코폴리머, 카보머, 솔비탄올리베이트, 세틸알코올, 글리세릴스테아레이트, 솔비탄팔미테이트, 팔미틱애씨드, 하이드로제네이티드레시틴, C12-16알코올, 트로메타민, 소듐파이테이트, 페녹시에탄올"
"A000000225280","[1등장벽크림] 닥터자르트 파워 더마 베리어 크림 단독 기획 세트(+7ml+틴케이스)","닥터자르트","7.0","7.0","ml","35000","15920","22742.9","정제수, 부틸렌글라이콜, 카프릴릭/카프릭트라이글리세라이드, 글리세린, 프로판다이올, 세테아릴알코올, 판테놀, 펜틸렌글라이콜, 1,2-헥산다이올, 다이메티콘, 솔비톨, 세틸팔미테이트, 비닐다이메티콘, 글리세릴카프릴레이트, 폴리글리세릴-3메틸글루코오스다이스테아레이트, 바이오사카라이드검-1, 다이포타슘글리시리제이트, 소듐하이알루로네이트, 세라마이드엔피, 세테아릴올리베이트, 스테아릴알코올, 암모늄아크릴로일다이메틸타우레이트/브이피코폴리머, 카보머, 솔비탄올리베이트, 세틸알코올, 글리세릴스테아레이트, 솔비탄팔미테이트, 팔미틱애씨드, 하이드로제네이티드레시틴, C12-16알코올, 트로메타민, 소듐파이테이트, 페녹시에탄올"
"A000000225649","[수분잠금] 리얼베리어 워터리 히알 크림 70ml 기획 (+25ml)","리얼베리어","70.0","95.0","ml","","25000","2631.6","정제수, 글리세린, 비닐다이메티콘, 부틸렌글라이콜, 카프릴릴메티콘, 암모늄아크릴로일다이메틸타우레이트/브이피코폴리머, 1,2-헥산다이올, 글라이코실트레할로오스, 베타인, 카프릴릭/카프릭글리세라이즈, 아크릴레이트/C10-30알킬아크릴레이트크로스폴리머, 에리스리톨, 하이드로제네이티드스타치하이드롤리세이트, 트로메타민, 소듐하이알루로네이트, 하이드록시아세토페논, 소듐파이테이트, 마데카소사이드, 베타-글루칸, 스피어민트잎오일, 스피어민트추출물, 필리핀오렌지껍질오일, 알란토인, 엑토인, 리놀레익애씨드, 스쿠알란, 유칼립투스잎오일, 센티드제라늄꽃오일, 타임오일, 미리스토일/팔미토일옥소스테아라마이드/아라카마이드엠이에이, 피토스테롤, 바추잎잎추출물, 약모밀추출물, 글라이신, 알지닌, 글루타믹애씨드, 소듐디엔에이"
"A000000225877","앰플엔 블레미샷 푹잠크림 50ml","앰플엔","50.0","50.0","ml","37000","27800","5560.0","정제수, 부틸렌글라이콜, 카프릴릭/카프릭트라이글리세라이드, 하이드로제네이티드폴리데센, 해바라기씨오일, 1,2-헥산다이올, 세테아릴알코올, 나이아신아마이드, 세테아릴올리베이트, 글루코노락톤, 글리세릴스테아레이트, 트라넥사믹애씨드, 알부틴, 아스코빌테트라이소팔미테이트, 아데노신, 아스코빌글루코사이드, 카프릴로일살리실릭애씨드, 아세틸글루코사민, 알지닌, 비파나무잎추출물, 스피어민트추출물, 레시틴, 올리브나무잎추출물, 비타민나무열매추출물, 흑효모발효물, 토코페릴아세테이트, 프로판다이올, C14-22알코올, 솔비탄올리베이트, 비닐다이메티콘, 소듐폴리아크릴로일다이메틸타우레이트, C12-20알킬글루코사이드, 암모늄아크릴로일다이메틸타우레이트/브이피코폴리머, 폴리아크릴레이트크로스폴리머-6, 잔탄검, 글리세린, 헥실레조시놀, 에탄올, 징크피씨에이, 리놀레닉애씨드, 리놀레익애씨드, 글루타티온, 아스코빌팔미테이트, 다이소듐이디티에이, 에틸헥산다이올"
"A000000226179","[패키지 리뉴얼]에스테덤 인텐시브 프로 콜라겐+ 크림 50ml","에스테덤","50.0","50.0","ml","115000","92000","18400.0","정제수, 다이아이소프로필세바케이트, 아이소스테아릴아이소스테아레이트, 글리세린, 프로판다이올, C10-18트라이글리세라이즈, 옥틸도데칸올, 비즈왁스, 다이프로필렌글라이콜, 글리세릴스테아레이트시트레이트, 마이크로크리스탈린셀룰로오스, C12-16알코올, 코코넛야자오일, 자일로오스, 부틸렌글라이콜, 하이드로제네이티드레시틴, 팔미틱애씨드, 펜틸렌글라이콜, 카프릴릴글라이콜, 만니톨, 셀룰로오스검,  소듐시트레이트, 펜타에리스리틸테트라-다이-t-부틸하이드록시하이드로신나메이트, 잔탄검, 시트릭애씨드, 프로필렌글라이콜, 카보머, 소듐락테이트, 폴리솔베이트20, 카르노신, 다이소듐아데노신트라이포스페이트, 호스테일켈프추출물, 아세틸테트라펩타이드-9, 팔미토일트라이펩타이드-1, 팔미토일테트라펩타이드-7, 헥사펩타이드-9, 향료, 유제놀"
"A000000226527","[수분/진정] 셀인샷 EGF 알란테놀 트러블 크림 70ml","셀인샷","70.0","70.0","ml","41200","28900","4128.6","정제수, 다이프로필렌글라이콜, 글리세린, 세틸에틸헥사노에이트, 부틸렌글라이콜, 하이드로제네이티드폴리아이소부텐, 세틸알코올, 나이아신아마이드, 글리세릴스테아레이트, 스테아릴알코올, 1,2-헥산다이올, 암모늄아크릴로일다이메틸타우레이트/브이피코폴리머, 미리스틸알코올, 향료, 동백나무씨오일, 아보카도오일, 해바라기씨오일, 라우릴알코올, 아크릴레이트/C10-30알킬아크릴레이트크로스폴리머, 판테놀(1,000ppm), 알란토인(500ppm), 아데노신, 프로필렌글라이콜, 잇꽃꽃추출물, 치자추출물, 폴스애플민트잎추출물, 녹차추출물, 타임잎추출물, 덱스트린, 하이드로제네이티드레시틴, 소듐피씨에이, 소듐락테이트, 레시틴, 알지닌, 하이드록시에틸우레아, 아스파틱애씨드, 피씨에이, 글라이신,  알라닌,  세린, 발린, 다이포타슘글리시리제이트, 토코페릴아세테이트, 아이소류신, 트레오닌, 프롤린, 페닐알라닌, 히스티딘, 세라마이드엔피, 에스에이치-올리고펩타이드-32에스피, 에스에이치-올리고펩타이드-1, 다이소듐이디티에이, 에틸헥실글리세린"
"A000000226541","[장벽개선/쫀쫀크림] 아떼 포스트 레이저 리페어 크림 50ml","아떼","50.0","50.0","ml","35000","17400","3480.0","정제수, 글리세린, 비스-다이글리세릴폴리아실아디페이트-2, 펜타에리스리틸테트라에틸헥사노에이트, 하이드록시에틸우레아, 다이아이소스테아릴말레이트, 아이소프로필팔미테이트, 세테아릴알코올, 하이드로제네이티드폴리아이소부텐, 나이아신아마이드, 1,2-헥산다이올, 하이드로제네이티드올리브오일데실에스터, 카나우바왁스, 카카오추출물, 황련뿌리추출물, 병풀잎추출물, 병풀추출물, 꽃송이버섯추출물, 은행나무잎추출물, 죽순껍질추출물, 펜틸렌글라이콜, 폴리글리세릴-3메틸글루코오스다이스테아레이트, 솔비톨, 암모늄아크릴로일다이메틸타우레이트/브이피코폴리머, 글리세릴스테아레이트, 폴리글리세릴-10베헤네이트/에이코사디오에이트, 피토스테릴/베헤닐/옥틸도데실라우로일글루타메이트, 세틸팔미테이트, 솔비탄팔미테이트, 세테아릴글루코사이드, 합성비즈왁스, 부틸렌글라이콜코코에이트, 아미노메틸프로판다이올, 솔비탄올리에이트, 판테놀, 카프릴릭/카프릭트라이글리세라이드, 소듐스테아로일글루타메이트, 에틸헥실글리세린, 세라마이드엔피, 하이드로제네이티드레시틴, 폴리글리세릴-10다이아이소스테아레이트, 부틸렌글라이콜, 아데노신, 콜레스테롤, 덱스트린, 팔미틱애씨드, 소듐파이테이트, 에틸셀룰로오스, 하이드록시프로필테트라하이드로피란트라이올, 메나다이온, 토코페롤, 마데카소사이드, 아시아티코사이드, 폴리글리세릴-10스테아레이트, 소듐아스코빌포스페이트, 소듐디엔에이, 바이오틴, 피리독신, 사이아노코발아민, 올리고펩타이드-1, 베타-카로틴, 리보플라빈, 티아민에이치씨엘, 아이소스테아릴알코올, 카보머, 다이소듐이디티에이"
"A000000227220","브리올옴므 화이트닝 수분크림 50ml","브리올옴므","50.0","50.0","ml","22900","21000","4200.0","정제수, 다이카프릴릴에터, 글리세린, 1,2-헥산다이올, 나이아신아마이드, 해수, 다시마추출물, 한천호인추출물, 알로에베라잎추출물, 녹차추출물, 카바카바잎/뿌리/줄기추출물, 병풀추출물, 인삼열매추출물, 미역추출물, 아이슬란드이끼추출물, 정제조류추출물, 데이지꽃추출물, 동백나무꽃추출물, 오레가노잎추출물, 편백잎추출물, 히말라야무화과잎추출물, 락토바실러스/콩발효추출물, 쇠비름추출물, 육계나무껍질추출물, 황금추출물, 하이드록시데실유비퀴논, 비자나무잎오일, 자작나무수액, 소듐하이알루로네이트, 부틸렌글라이콜, 헥실데실라우레이트, 헥실데칸올, 암모늄아크릴로일다이메틸타우레이트/브이피코폴리머, 다이프로필렌글라이콜, 글루코오스, 트로메타민, 판테놀, 메틸프로판다이올, 폴리솔베이트 60, 아데노신, 소듐클로라이드, 폴리아크릴레이트크로스폴리머-6, 토코페릴아세테이트, 하이드로하이드로제네이티드레시틴, 하이드록시아세토페논, 포타슘클로라이드, 프로판다이올, 자일리틸글루코사이드, 안하이드로자일리톨, 자일리톨, 글루코오스, 페네틸알코올, 토코퍼롤, 소듐하이드록사이드, 다이소듐이디티에이, 세라마이드엔피, 에칠헥실글리세린, 소듐라우로일락테이트, 하이드록시에틸우레아, 메다가사르사이드, 잔탄검, 하이드로제네이티드레시틴, 소듐소르베이트, 글리세릴글루코사이드, 소듐피씨에이, 소듐락테이트, 시트룰린, 하이드롤라이즈드알진, 글리세릴시트레이트/락테이트/리놀리에이트/올리에이트, 포타슘포스페이트, 향료, 에틸헥실글리세린, 펜틸렌글라이콜, 리모넨, 리날룰"
"A000000227276","[산뜻보습&수분탄력] 어나더페이스 펩타테놀 수분 밸런스 크림 50ml","어나더페이스","50.0","50.0","ml","30000","22500","4500.0","정제수, 부틸렌글라이콜, 글리세린, C12-15알킬벤조에이트, 1,2-헥산다이올, 카프릴릭/카프릭트라이글리세라이드, 나이아신아마이드, 프로판다이올, 폴리글리세릴-2스테아레이트, 시어버터, 세테아릴알코올, 판테놀 (10,000 ppm), 비닐다이메티콘, 글리세릴스테아레이트, 스테아릴알코올, 트로메타민, 아크릴레이트/C10-30알킬아크릴레이트크로스폴리머, 카보머, 향료, 펜틸렌글라이콜, 에틸헥실글리세린, 아데노신, 옥수수커넬추출물, 다이소듐이디티에이, 하이드롤라이즈드하이알루로닉애씨드, 하이알루로닉애씨드, 소듐하이알루로네이트, 사철쑥추출물, 프룩탄, 글루코오스, 알로에베라잎추출물, 귀리잎추출물, 병풀추출물, 약모밀추출물, 락토바실러스발효물, 에델바이스캘러스배양추출물, 아세틸헥사펩타이드-8 (0.01 ppm), 카퍼트라이펩타이드-1 (0.01 ppm), 다이펩타이드다이아미노부티로일벤질아마이드다이아세테이트 (0.01 ppm), 헥사펩타이드-9 (0.01 ppm), 레시틴, 노나펩타이드-1 (0.01 ppm), 팔미토일헥사펩타이드-12 (0.01 ppm), 팔미토일펜타펩타이드-4 (0.01 ppm), 팔미토일테트라펩타이드-7 (0.01 ppm), 팔미토일트라이펩타이드-1 (0.01 ppm), 팔미토일트라이펩타이드-5 (0.01 ppm), 펜타펩타이드-3 (0.01 ppm), 트라이펩타이드-1 (0.01 ppm), 세라마이드엔피, 콜레스테롤, 올레익애씨드, 팔미틱애씨드, 스테아릭애씨드, 헥실신남알, 벤질살리실레이트"
"A000000227664","아비브 글루타치온좀 잡티 크림 비타 튜브 75ml","아비브","75.0","75.0","ml","35000","24500","3266.7","정제수*, 프로판다이올, 나이아신아마이드(50,000 ppm), 글리세린, 스쿠알란, 1,2-헥산다이올*, 세테아릴알코올, 펜틸렌글라이콜, 판테놀(10,000 ppm), 다이아이소스테아릴말레이트, 부틸렌글라이콜*, 하이드록시에틸아크릴레이트/소듐아크릴로일다이메틸타우레이트코폴리머, 폴리글리세릴-3다이스테아레이트, 하이드로제네이티드레시틴, 아크릴레이트/C10-30알킬아크릴레이트크로스폴리머, 타피오카전분, 아미노메틸프로판다이올, 세테아릴글루코사이드, 베헤닉애씨드, 카프릴릭/카프릭트라이글리세라이드, 에틸헥실글리세린*, 다이프로필렌글라이콜, 스테아릭애씨드, 잔탄검, 아데노신, 베헤닐알코올, 스테아릴알코올, 소듐파이테이트, 솔비탄아이소스테아레이트, 글리세릴스테아레이트시트레이트, 글루타티온(250 ppm)*, 황련뿌리추출물, 알란토인, 미리스틱애씨드, 세라마이드엔피, 마데카소사이드, 덱스트린, 카카오추출물, 베타-글루칸, 콜레스테롤, 아시아티코사이드(3,250 ppb), 키토산, 병풀잎추출물, 아스코빅애씨드(1,000 ppb), 소듐하이알루로네이트, 3-O-에틸아스코빅애씨드(500 ppb), 아스코빌글루코사이드(500 ppb), 사과세포배양추출물*, 토코페롤(250 ppb), 하이드록시프로필트라이모늄하이알루로네이트, 하이드롤라이즈드하이알루로닉애씨드, 소듐아세틸레이티드하이알루로네이트, 하이알루로닉애씨드, 아세틸글루코사민(1 ppb), 페룰릭애씨드, 하이드롤라이즈드소듐하이알루로네이트, 소듐하이알루로네이트크로스폴리머, 락틱애씨드, 포타슘하이알루로네이트"
"A000000227939","[수분탄력크림] 퍼셀 픽셀바이옴 히알 콜라겐 유산균 크림 50ml","퍼셀","50.0","50.0","ml","","33000","6600.0","정제수, 비닐다이메티콘, 글리세린, 부틸렌글라이콜, 비피다발효용해물(2.25%), 락토바실러스발효용해물(2.25%), 효모발효용해여과물, 다이프로필렌글라이콜, 나이아신아마이드, 펜틸렌글라이콜, 1,2-헥산다이올, 카프릴릴메티콘, 에틸헥실팔미테이트, 하이드롤라이즈드하이알루로닉애씨드(300ppm), 효모발효여과물, 하이드롤라이즈드콜라겐(100ppm), 소듐하이알루로네이트(2ppm), 자일리톨, 흑효모발효물, 하이드롤라이즈드글라이코사미노글리칸, 클로렐라 불가리스추출물, 에리스리톨, 판테놀, 알란토인, 스쿠알란, 암모늄아크릴로일다이메틸타우레이트/브이피코폴리머,  트로메타민, 아크릴레이트/C10-30알킬아크릴레이트크로스폴리머, 솔비톨, 카프릴릭/카프릭트라이글리세라이드, 프로판다이올, 에틸헥실글리세린, 아데노신, 하이드롤라이즈드엘라스틴, 세라마이드엔피, 베타-글루칸, 하이드로제네이티드레시틴, 소듐파이테이트, 바이오사카라이드검-1, 다발방패버섯추출물, 셀룰로오스, 폴리글루타믹애씨드, 토코페롤, 다이포타슘포스페이트, 아세틸글루타민, 4-터피네올, 글루코오스, 프룩토올리고사카라이드, 프룩토오스, 셀룰로오스검, 카보머"
"A000000228046","[피지케어/수분크림] 유리아쥬 이제악 매트 40ml","유리아쥬","40.0","40.0","ml","30000","24000","6000.0","정제수, 온천수*, 에탄올, 글리세린, 다이글리세린, 아이소도데케인, 아이소데실네오펜타노에이트, 알루미늄전분옥테닐석시네이트, 부틸렌글라이콜, 폴리메틸메타크릴레이트, 피티에프이, 세테아릴아이소노나노에이트, 다이메티콘, 다이메티콘/비스-아이소부틸피피지-20크로스폴리머, 폴리아크릴레이트-13, 세틸알코올, 라우릴글루코사이드, 폴리글리세릴-2다이폴리하이드록시스테아레이트, 폴리아이소부텐, 아크릴레이트/C10-30알킬아크릴레이트크로스폴리머, 소듐폴리아크릴레이트, 렌틸콩추출물, o-사이멘-5-올, 소듐하이드록사이드, 폴리솔베이트20, 솔비탄아이소스테아레이트, 페녹시에탄올, 창과감초뿌리추출물, 에틸헥실글리세린, 토코페롤, 청색1호, 향료 *100,000ppm"
"A000000228346","토리든 솔리드인 세라마이드 크림 70ml","토리든","70.0","70.0","ml","","28000","4000.0","정제수, 프로판다이올, 글리세린, 호호바씨오일, 카프릴릭/카프릭트라이글리세라이드, 에틸헥실팔미테이트, 판테놀, 1,2-헥산다이올, 글리세릴스테아레이트, 세테아릴올리베이트, 솔비탄올리베이트, 하이드로제네이티드폴리(C6-14올레핀), 세라마이드엔피(1,086ppm), 세라마이드엔에스, 세라마이드에이에스, 세라마이드이오피, 세라마이드에이피, 콜레스테롤, 알란토인, 글루코오스, 베타인, 소듐하이알루로네이트, 피토스테롤, 스테아릭애씨드, 부틸렌글라이콜, 소듐폴리아크릴레이트, 미리스틸글루코사이드, 폴리글리세린-3, C13-16아이소알케인, 헵틸운데실레네이트, 비닐다이메티콘, 카보머, 트로메타민, 아라키딜알코올, 하이드로제네이티드레시틴, 폴리글리세릴-6다이스테아레이트, 칸데릴라/호호바/쌀겨폴리글리세릴-3에스터, 에틸헥실글리세린, 베헤닐알코올, 라우릴글루코사이드, 폴리글리세릴-6라우레이트, 다이소듐이디티에이, 다이프로필렌글라이콜, 아라키딜글루코사이드, 토코페롤, 바오밥나무씨오일, 하이드로제네이티드쌀겨오일, 황련뿌리추출물"
"A000000228418","[화잘먹크림/모공결정돈] 성분에디터 그린토마토 NMN 포어 리프팅 크림 50ml","성분에디터","50.0","50.0","ml","","28000","5600.0","정제수, 부틸렌글라이콜, 글리세린, 하이드로제네이티드폴리데센, 1,2-헥산다이올, 나이아신아마이드, 스쿠알란, 세테아릴올리베이트, 솔비탄올리베이트, 니코틴아마이드모노뉴클레오타이드(5,000 ppm), 카프릴릭/카프릭트라이글리세라이드, 프로판다이올, 아크릴레이트/C10-30알킬아크릴레이트크로스폴리머, 암모늄아크릴로일다이메틸타우레이트/브이피코폴리머, 알지닌, 베르가모트오일, 에틸헥실글리세린, 아데노신, 왕귤껍질오일, 옥수수커넬추출물, 다이소듐이디티에이, 하이드롤라이즈드치자추출물, 하이드롤라이즈드맥아추출물, 하이드롤라이즈드삼색제비꽃추출물, 토마토추출물(200 ppm), 황련뿌리추출물, 덱스트린, 하이드로제네이티드폴리아이소부텐, 치자추출물, 레몬껍질오일, 라벤더오일, 하이알루로닉애씨드, 하이드롤라이즈드하이알루로닉애씨드, 소듐하이알루로네이트, 달맞이꽃꽃추출물, 대왕소나무잎추출물, 칡뿌리추출물, 당느릅나무뿌리추출물, 소듐하이알루로네이트크로스폴리머, 데이지꽃추출물, 프룩탄, 판토테닉애씨드, 글루코오스, 폴리글루타믹애씨드, 자일로오스, 지모뿌리추출물, 토코페롤, 리모넨, 리날룰"
"A000000229093","[총75ml/수분탄력크림] 퍼셀 픽셀바이옴 히알 콜라겐 유산균 크림 50ml 기획 (+25ml)","퍼셀","75.0","75.0","ml","","33000","4400.0","정제수, 비닐다이메티콘, 글리세린, 부틸렌글라이콜, 비피다발효용해물(2.25%), 락토바실러스발효용해물(2.25%), 효모발효용해여과물, 다이프로필렌글라이콜, 나이아신아마이드, 펜틸렌글라이콜, 1,2-헥산다이올, 카프릴릴메티콘, 에틸헥실팔미테이트, 하이드롤라이즈드하이알루로닉애씨드(300ppm), 효모발효여과물, 하이드롤라이즈드콜라겐(100ppm), 소듐하이알루로네이트(2ppm), 자일리톨, 흑효모발효물, 하이드롤라이즈드글라이코사미노글리칸, 클로렐라 불가리스추출물, 에리스리톨, 판테놀, 알란토인, 스쿠알란, 암모늄아크릴로일다이메틸타우레이트/브이피코폴리머,  트로메타민, 아크릴레이트/C10-30알킬아크릴레이트크로스폴리머, 솔비톨, 카프릴릭/카프릭트라이글리세라이드, 프로판다이올, 에틸헥실글리세린, 아데노신, 하이드롤라이즈드엘라스틴, 세라마이드엔피, 베타-글루칸, 하이드로제네이티드레시틴, 소듐파이테이트, 바이오사카라이드검-1, 다발방패버섯추출물, 셀룰로오스, 폴리글루타믹애씨드, 토코페롤, 다이포타슘포스페이트, 아세틸글루타민, 4-터피네올, 글루코오스, 프룩토올리고사카라이드, 프룩토오스, 셀룰로오스검, 카보머"
"A000000229284","랑콤 이드라젠 모이스처라이징 수딩크림 / 젤크림 기획/단품 2종 택1 (50ml/30ml)","랑콤","50.0","80.0","ml","53000","43700","5462.5","[수딩 크림] 정제수 프로방스장미꽃수 글리세린 다이카프릴릴에터 펜틸렌글라이콜 세테아릴알코올 세틸에스터 프로판다이올 세테아릴아이소노나노에이트 하이드록시에틸아크릴레이트/소듐아크릴로일다이메틸타우레이트코폴리머 글리세릴스테아레이트 호호바에스터 하이드록시프로필스타치포스페이트 소듐스테아로일글루타메이트 하이드록시아세토페논 해바라기씨왁스 향료 라우릴라우레이트 비사보롤 셀룰로오스 카프릴로일살리실릭애씨드 알로에베라잎즙가루 소듐하이알루로네이트 트라이소듐에틸렌다이아민다이석시네이트 폴리솔베이트60 솔비탄아이소스테아레이트 폴리글리세린-3 포타슘솔베이트 소듐벤조에이트 에탄올 시트릭애씨드 토코페롤 프로방스장미꽃추출물 시트로넬올
[젤 크림] 정제수 프로방스장미꽃수 글리세린 스쿠알란 다이카프릴릴카보네이트 암모늄폴리아크릴로일다이메틸타우레이트 하이드록시아세토페논 카프릴릴글라이콜 향료 비사보롤 알로에베라잎즙가루 소듐하이알루로네이트 옥틸도데칸올 잔탄검 포타슘솔베이트 소듐벤조에이트 에탄올 시트릭애씨드 소듐하이드록사이드 토코페롤 프로방스장미꽃추출물 시트로넬올 적색504호"
"A000000229542","에스테덤 인텐시브 비타민 C 젤 크림 50ml","에스테덤","50.0","50.0","ml","","125000","25000.0","정제수, 프로필렌글라이콜다이카프릴레이트/다이카프레이트, 글리세린, 옥틸도데칸올, 프로판다이올, 아스코빌글루코사이드, C10-18트라이글리세라이즈, 세테아릴알코올, 세틸팔미테이트, 글리세릴스테아레이트, 피이지-100스테아레이트, 1,2-헥산다이올, 실리카, 폴리아크릴레이트크로스폴리머-6, 다이메티콘, 하이드록시에틸아크릴레이트/소듐아크릴로일다이메틸타우레이트코폴리머, 세테아릴글루코사이드, 스쿠알란, 카프릴릴글라이콜, 다이메티콘/비닐다이메티콘크로스폴리머, 소듐하이드록사이드, 향료, 소듐시트레이트, 다이소듐포스페이트, 폴리솔베이트60, 프로필렌글라이콜, 포타슘포스페이트, 솔비탄아이소스테아레이트, 카르노신, 다이소듐아데노신트라이포스페이트, 호스테일켈프추출물"
"A000000229591","닥터멜락신 아이팔트 레티놀 아이백 아이크림 10g","닥터멜락신","10.0","10.0","g(약 1ml 상당으로 근사)","","25900","25900.0","정제수, 트라이메틸펜탄다이올/아디픽애씨드/글리세린크로스폴리머, 글리세린, 다이메티콘, 나이아신아마이드, 다이메티콘/비닐다이메티콘크로스폴리머, 1,2-헥산다이올, 브이피/브이에이코폴리머, 소듐아크릴레이트/소듐아크릴로일다이메틸타우레이트코폴리머, 아이소헥사데칸, 하이드록시프로필메틸셀룰로오스, 아모다이메티콘, 폴리솔베이트80, 부틸렌글라이콜, 카놀라오일, 카프릴릴글라이콜, 솔비탄올리에이트, 에틸헥실글리세린, C12-14Sec-알케스-7, 아데노신, 스타아니스추출물, 펜틸렌글라이콜, 마카다미아씨오일, 카프릴릭/카프릭트라이글리세라이드, 하이드로제네이티드포스파티딜콜린, 레티놀, 프로필렌글라이콜, 폴리솔베이트20, 에탄올, 피이지-5레이프씨드스테롤, 유채스테롤, 세테스-5, 세테스-3, 포타슘세틸포스페이트, 비에이치티, 콜레스테롤, 당근씨오일, 레시틴, 소듐포스페이트, 에스에이치-올리고펩타이드-1, 하이드롤라이즈드해면, 토코페릴아세테이트, 해바라기씨오일, 당근추출물, 베타-카로틴, 콜라겐, 카페인, 소듐하이알루로네이트, 하이드록시프로필트라이모늄하이알루로네이트, 소듐아세틸레이티드하이알루로네이트, 하이드롤라이즈드하이알루로닉애씨드, 하이알루로닉애씨드, 소듐하이알루로네이트크로스폴리머, 하이드롤라이즈드소듐하이알루로네이트, 포타슘하이알루로네이트, 다이소듐이디티에이, 향료, 쿠마린, 리날룰"
"A000000229594","닥터멜락신 시멘리트 칼슘 볼륨 크림 50ml","닥터멜락신","50.0","50.0","ml","","29800","5960.0","정제수, 부틸렌글라이콜, 프로판다이올, 글리세린. 퀸즈랜드넛오일, 올리브오일, 세틸에틸헥사노에이트, 1,2-헥산다이올, 시어버터, 세테아릴알코올, 메틸하이드로제네이티드로지네이트, 나이아신아마이드, 폴리솔베이트60, 사이클로펜타실록세인, 글리세레스-26, 글리세릴스테아레이트, 피이지-100스테아레이트, 사이클로헥사실록세인, 암모늄아크릴로일다이메틸타우레이트/브이피코폴리머, 하이드로제네이티드레시틴, 솔비탄스테아레이트, 황련뿌리추출물, 코코넛야자오일, 폴리아크릴레이트-13, 폴리아이소부텐, 카카오씨추출물, 에틸헥실글리세린, 폴리글리세릴-4올리에이트,하이드롤라이즈드치자추출물, 하이드롤라이즈드맥아추출물, 아데노신, 하이드롤라이즈드삼색제비꽃추출물, 덱스트린, 다이소듐이디티에이, 폴리솔베이트20, 솔비탄아이소스테아레이트, 소듐글리세로포스페이트, 암모늄폴리아크릴로일다이메틸타우레이트, 하이알루로닉애씨드, 하이드롤라이즈드하이알루로닉애씨드, 소듐하이알루로네이트, 포타슘마그네슘아스파테이트, 칼슘글루코네이트(40ppm), 마그네슘글루코네이트, 스위트아몬드열매추출물, 흰목이버섯추출물, 타히보껍질추출물, 콜라겐추출물, 하이드롤라이즈드엘라스틴"
"A000000229621","제나벨 PDRN 인리치드 리커버리 밤 50ml","제나벨","50.0","50.0","ml","","42000","8400.0","정제수, 다이프로필렌글라이콜, 글리세린, 네오펜틸글라이콜다이에틸헥사노에이트, 카프릴릭/카프릭트라이글리세라이드, 세테아릴알코올, 세틸에틸헥사노에이트, 나이아신아마이드, 하이드로제네이티드폴리데센, 1,2-헥산다이올, 부틸렌글라이콜, 글리세릴스테아레이트, 판테놀, 다이메티콘, C12-16알코올, 마이크로크리스탈린셀룰로오스, 소듐디엔에이(5,000ppm), 스위트아몬드오일, 아이소노닐아이소노나노에이트, 하이드록시에틸아크릴레이트/소듐아크릴로일다이메틸타우레이트코폴리머, 세테아릴올리베이트, 피이지-100스테아레이트, 하이드로제네이티드레시틴, 글라이코실트레할로오스, 세테아릴글루코사이드, 팔미틱애씨드, 솔비탄올리베이트, 셀룰로오스검, 글라이콜스테아레이트에스이, 하이드로제네이티드스타치하이드롤리세이트, 스테아릭애씨드, 시어버터, 스쿠알란, 에틸헥실글리세린, 프로판다이올, 아데노신, 수크로오스스테아레이트, 소듐스테아로일글루타메이트, 하이드롤라이즈드옥수수전분, 다이소듐이디티에이, 솔비탄아이소스테아레이트, 폴리솔베이트60, 수크로오스, 소듐하이알루로네이트, 바이오사카라이드검-1, 펜틸렌글라이콜, 하이알루로닉애씨드, 하이드로제네이티드포스파티딜콜린, 하이드롤라이즈드소듐디엔에이(10ppm), 베타-글루칸, 병풀추출물, 트라이펩타이드-1, 아시아티코사이드, 마데카식애씨드, 마데카소사이드, 아시아틱애씨드, 아세틸헥사펩타이드-8"
"A000000229785","[리뉴얼] 구달 청귤 비타C 잡티케어 톤업 크림 50ml 기획 (+5ml + 세럼 5ml)","구달","50.0","60.0","ml","22000","17600","2933.3","정제수, 사이클로펜타실록세인, 징크옥사이드 (CI 77947), 에칠헥실메톡시신나메이트, 티타늄디옥사이드 (CI 77891), 사이클로헥사실록세인, 에칠헥실살리실레이트, 옥토크릴렌
부틸렌글라이콜, 나이아신아마이드, 다이페닐실록시페닐트라이메티콘, 다이프로필렌글라이콜, 페닐트라이메티콘, 폴리글리세릴-3폴리다이메틸실록시에틸다이메티콘, 알부틴, 솔비탄아이소스테아레이트, 폴리메틸메타크릴레이트, 폴리메틸실세스퀴옥세인, 다이스테아다이모늄헥토라이트, 비닐다이메티콘/메티콘실세스퀴옥세인크로스폴리머, 다이메티콘/비닐다이메티콘크로스폴리머, 알루미늄하이드록사이드, 마그네슘설페이트, 스테아릭애씨드, 세테아릴다이메티콘/비닐다이메티콘크로스폴리머, 다이메티콘, 카프릴릴글라이콜, 하이드록시아세토페논, 리모넨, 아데노신, 다이소듐이디티에이, 베르가모트오일, 리날룰, 오렌지껍질오일, 탄제린추출물, 소듐아스코빌포스페이트, 1,2-헥산다이올, 아크릴레이트코폴리머, 에틸헥실글리세린"
"A000000229946","플로디카 워터백 베리어 크림 50ml","플로디카","50.0","50.0","ml","32000","12800","2560.0","정제수, 프로판다이올, 다이카프릴릴카보네이트, 메틸트라이메티콘, 세틸에틸헥사노에이트, 페닐트라이메티콘, 펜타에리스리틸테트라에틸헥사노에이트, 1,2-헥산다이올, 부틸렌글라이콜, 연꽃캘러스배양추출물, 유자씨추출물, 요엽후박나무껍질추출물, 아라키딜알코올, 폴리메틸실세스퀴옥세인, 호호바에스터, 암모늄아크릴로일다이메틸타우레이트/브이피코폴리머, 세테아릴알코올, 판테놀, 베헤닐알코올, 소듐아크릴레이트/소듐아크릴로일다이메틸타우레이트코폴리머, 아라키딜글루코사이드, 폴리아이소부텐, 다이포타슘글리시리제이트, 다이프로필렌글라이콜, 파이틱애씨드, 솔비탄올리에이트, 카프릴릴/카프릴글루코사이드, 글루코오스, 토코페롤, 연꽃잎세포배양가루, 피토스테릴/베헤닐/옥틸도데실라우로일글루타메이트, 하이드록시아세토페논"
"A000000230016","한율 어린쑥 수분진정 크림 55ml 기획 (+25ml+랩핑시트팩 1매)","한율","55.0","80.0","ml","38000","27300","3412.5","정제수, 글리세린, 부틸렌글라이콜, 다이카프릴릴에터, 황해쑥잎수(35,724ppm),
메틸트라이메티콘, 나이아신아마이드, 비스-하이드록시에톡시프로필다이
메티콘, 1,2-헥산다이올, C14-22알코올, 세틸에틸헥사노에이트, 판테놀(5,000
ppm), 글리세릴스테아레이트시트레이트, 하이드로제네이티드폴리(C6-14
올레핀), 하이드록시에틸아크릴레이트/소듐아크릴로일다이메틸타우레이트코
폴리머, 스테아릭애씨드, 암모늄아크릴로일다이메틸타우레이트/브이피코폴리머,
글리세릴폴리메타크릴레이트, 글리세릴스테아레이트, 폴리메틸실세스퀴옥세인,
팔미틱애씨드, 아라키딜알코올, C12-20알킬글루코사이드, 향료, 글리세릴카프
릴레이트, 베헤닐알코올, 2,3-부탄다이올, 아라키딜글루코사이드, 에틸헥실글리
세린, 다이소듐이디티에이, 솔비탄아이소스테아레이트, 프로판다이올, 레시틴,
락토바실러스발효물, 글루코오스, 토코페롤, 이눌린라우릴카바메이트, 황해쑥
잎추출물(10 ppm), 병풀꽃/잎/줄기추출물"
"A000000230344","[수분진정/시원탱글] 지피덤 셀트리온EGF 스킨베리어 하이드레이팅 수분크림 80ml","지피덤","80.0","80.0","ml","38000","23460","2932.5","정제수, 글리세린, 다이프로필렌글라이콜, 부틸렌글라이콜, 카프릴릴메티콘, 나이아신아마이드, 판테놀, 하이드로제네이티드폴리(C6-14올레핀), 우레아, 폴리글리세릴-3메틸글루코오스다이스테아레이트, 베타인, 암모늄아크릴로일다이메틸타우레이트/브이피코폴리머, 하이드록시에틸우레아, 아크릴레이트/C10-30알킬아크릴레이트크로스폴리머, 알지닌, 하이드록시아세토페논, 카프릴릭/카프릭트라이글리세라이드, 폴리메틸메타크릴레이트, 트레할로오스, 카프릴릴글라이콜, 하이드롤라이즈드스클레로튬검, 에틸헥실글리세린, 하이드로제네이티드레시틴, 아데노신, 글리세릴폴리아크릴레이트, 세라마이드엔피, 1,2-헥산다이올, 다이소듐이디티에이, 옥틸도데칸올, 유채스테롤, 소듐피씨에이, 세테아릴알코올, 스테아릭애씨드, 올리브오일, 벤토나이트, 양까막까치밥나무씨오일, 다이포타슘글리시리제이트, 사이클로헥실글리세린, 해바라기씨오일불검화물, 올리브오일데실에스터, 토코페롤, 고수추출물, 샤프란꽃추출물, 소두구씨추출물, 회향씨추출물, 피토스핑고신, 시트릭애씨드, 풍선덩굴꽃/잎/덩굴추출물, 해바라기씨오일, 마트리카리아꽃추출물, 다이올레오일피지-트라이모늄클로라이드, 에스에이치-올리고펩타이드-1 (1 ppm), 소듐디엔에이, 소듐하이알루로네이트크로스폴리머, 폴리락틱애씨드, 하이드롤라이즈드식물성단백질, 말토덱스트린, 스쿠알란, 세라마이드엔에스, 콜레스테롤, 클로렐라 불가리스추출물, 세라마이드에이피, 세라마이드에이에스, 로즈마리잎추출물, 씨솔트, 세라마이드이오피, 구아이아줄렌"
"A000000230498","CKD 레티노콜라겐 저분자 300 괄사 목주름 크림 50ml 리필용","CKD","50.0","50.0","ml","36000","14900","2980.0","정제수, 글리세린, 카프릴릭/카프릭트라이글리세라이드, 부틸렌글라이콜, 펜틸렌글라이콜, 나이아신아마이드, 1,2-헥산다이올, 세테아릴올리베이트, 하이드로제네이티드폴리아이소부텐, 솔비탄올리베이트, 카프릴릴메티콘, 다이아이소스테아릴말레이트, 에리스리톨, 글리세릴스테아레이트, 폴리글리세릴-3메틸글루코오스다이스테아레이트, 비닐다이메티콘, 세테아릴알코올, 클로렐라 불가리스추출물, 글루코오스, 암모늄아크릴로일다이메틸타우레이트/브이피코폴리머, 카보머, 프룩토올리고사카라이드, 프룩토오스, 인도멀구슬나무꽃추출물, 홀리바질잎추출물, 팔미틱애씨드, 에틸헥실글리세린, 다이포타슘글리시리제이트, 스테아릭애씨드, 아데노신, 인도멀구슬나무잎추출물, 베르가모트오일, 하이드로제네이티드레시틴, 라벤더오일, 울금뿌리추출물, 레틴알(200ppm), 소듐파이테이트, 참산호말추출물, 클레리오일, 하이드롤라이즈드콜라겐(75ppm), 세라마이드엔피, 덱스트린, 카카오씨추출물, 글라이신, 세린, 글루타믹애씨드, 다이프로필렌글라이콜, 트로메타민, 백미꽃추출물, 아스파틱애씨드, 류신, 알라닌, 라이신, 알지닌, 타이로신, 페닐알라닌, 프롤린, 트레오닌, 발린, 아이소류신, 히스티딘, 시스테인, 메티오닌, 접시꽃추출물, 하이알루로닉애씨드, 토코페롤, 카프릴릴/카프릴글루코사이드, 헥사펩타이드-2, 하이드롤라이즈드엘라스틴, 바이오틴, 리모넨, 리날룰"
"A000000230515","[캡슐토닝] 라운드랩 비타 나이아신 글로우 캡슐 크림 50ml","라운드랩","50.0","50.0","ml","38000","28500","5700.0","정제수, 비타민나무수(107,194ppm), 글리세린, 나이아신아마이드(50,000ppm), 부틸렌글라이콜, 카프릴릭/카프릭트라이글리세라이드, 글리세레스-26, 1,2-헥산다이올, 시어버터, 다이에톡시에틸석시네이트, 스쿠알란, 시메티콘, 비사보롤, 카보머, 트로메타민, 폴리글리세릴-2스테아레이트, 아라키딜알코올, 호호바씨오일, 글리세릴스테아레이트, 세테아릴알코올, 스테아릴알코올, 베헤닐알코올, 에틸헥실글리세린, C12-16알코올, 아라키딜글루코사이드, 비타민나무열매추출물(549ppm), 아데노신, 리튬마그네슘소듐실리케이트, 하이드로제네이티드레시틴, 펜타에리스리틸테트라-다이-t-부틸하이드록시하이드로신나메이트, 팔미틱애씨드, 잔탄검, 로즈마리잎추출물, 글루코오스, 베타-카로틴(9.6004ppm), 올리브오일, 폴리글리세릴-10스테아레이트, 판테놀(4.8ppm), 소듐아스코빌포스페이트(2.4ppm), 3-O-에틸아스코빅애씨드(1.0994ppm), 글루코노락톤, 시트릭애씨드, 카프릴로일살리실릭애씨드, 폴릭애씨드(0.048ppm), 피리독신(0.048ppm), 비오틴(0.048ppm), 사이아노코발아민(0.0048ppm), 토코페롤(0.0048ppm), 소듐하이알루로네이트, 다이메틸실란올하이알루로네이트, 하이드롤라이즈드하이알루로닉애씨드, 하이드롤라이즈드소듐하이알루로네이트, 포타슘하이알루로네이트, 하이알루로닉애씨드, 소듐하이알루로네이트크로스폴리머, 하이드록시프로필트라이모늄하이알루로네이트, 리놀레닉애씨드(0.0004 ppm), 리보플라빈(0.0004 ppm), 티아민에이치씨엘(0.0004 ppm), 소듐하이알루로네이트다이메틸실란올, 소듐아세틸레이티드하이알루로네이트, 글라이신, 글루타믹애씨드, 알지닌"
"A000000230917","[단백질 아이크림] 에스네이처 아쿠아 스쿠알란 판테놀 아이크림 포 페이스 밤 25g","에스네이처","25.0","25.0","g(약 1ml 상당으로 근사)","","34000","13600.0","정제수, 프로판다이올, 코코넛야자오일, 글리세린, 다이카프릴릴에터, 스쿠알란(30,000ppm), 폴리글리세릴-3다이아이소스테아레이트, 폴리글리세릴-2다이폴리하이드록시스테아레이트, 판테놀(20,000ppm), 하이드로제네이티드에틸헥실올리베이트, 마그네슘설페이트, 마그네슘스테아레이트, 펜틸렌글라이콜, 알란토인, 쌀겨왁스, 알파-비사보롤, 아데노신, 락토바실러스/소이밀크발효여과물, 올리브오일, 캐모마일꽃오일, 토코페롤, 하이드로제네이티드올리브오일, 올리브오일불검화물, 메틸프로판다이올, 하이드로제네이티드캐스터오일, 시어버터, 라벤더오일, 글루코노락톤, 에틸헥실글리세린, 폴리글리세릴-6폴리리시놀리에이트, 라우릴폴리글리세릴-3폴리다이메틸실록시에틸다이메티콘, 알루미늄다이스테아레이트, 하이드록시아세토페논, 다이소듐이디티에이"
"A000000230928","[관리 효과 극대화 생기 토닝 크림] SVR 바이오틱 C20 크림 50ml","SVR","50.0","50.0","ml","65000","58500","11700.0","정제수, 아스코빌테트라이소팔미테이트, 하이드로제네이티드에틸헥실올리베이트, 미리스틸알코올, 글리세릴스테아레이트, 라우로일라이신, 피이지-100스테아레이트, 시어버터, 소듐시트레이트, 실리카, 미리스틸글루코사이드, 하이드록시에틸아크릴레이트/소듐아크릴로일다이메틸타우레이트코폴리머, 마이크로크리스탈린셀룰로오스, 토코페릴아세테이트, 펜틸렌글라이콜, 만니톨, 1,2-헥산다이올, 알란토인, 카프릴릴글라이콜, 시트릭애씨드, 하이드로제네이티드올리브오일불검화물, 셀룰로오스검, 폴리솔베이트60, 솔비탄아이소스테아레이트, 소듐아세틸레이티드하이알루로네이트, 말토덱스트린, 하이드록시프로필메틸셀룰로오스, 황색산화철, 락토바실러스발효물, 알진, 향료"
"A000000231300","토니모리 원더 세라마이드 모찌 수분 크림 300ml","토니모리","300.0","300.0","ml","","15000","500.0","정제수, 글리세린, 다이글리세린, 에틸헥실팔미테이트, 베헤닐알코올, 피토스테릴/옥틸도데실라우로일글루타메이트, 소듐폴리아크릴레이트, 스테아릴알코올, 에틸헥실스테아레이트, 하이드록시아세토페논, 폴리글리세릴-10라우레이트, 부틸렌글라이콜, 카보머, 트로메타민, 에틸헥실글리세린, 폴리글리세린-3, 잔탄검, 트라이데세스-6, 다이소듐이디티에이, 다이메티콘, 하이드로제네이티드레시틴, 병풀추출물, 쇠비름추출물, 체이스트트리추출물, 마트리카리아꽃추출물, 1,2-헥산다이올, 세라마이드엔피(5,000 ppb), 만주자작나무수액, 아사이팜열매추출물, 구아바잎추출물, 보검선인장줄기추출물, 소듐하이알루로네이트, 알로에베라잎추출물, 멕시칸주니퍼오일, 라반딘오일, 센티드제라늄꽃오일, 레몬껍질오일, 라벤더오일, 시트랄, 리모넨, 리날룰"
"A000000231452","싸이닉 병풀 피디알엔 PDRN 시카 엔드 수딩 크림 10ml","싸이닉","10.0","10.0","ml","","3000","3000.0","병풀잎수(77.5%), 프로판다이올, 글리세린, 카프릴릭/카프릭트라이글리세라이드, 정제수, 1,2-헥산다이올, 나이아신아마이드, 부틸렌글라이콜, 세테아릴알코올, 비닐다이메티콘, 알지닌, 카보머, 세테아릴올리베이트, 하이드록시에틸아크릴레이트/소듐아크릴로일다이메틸타우레이트코폴리머, 솔비탄올리베이트, 바이오사카라이드검-1, 소듐폴리아크릴로일다이메틸타우레이트, 하이드로제네이티드폴리데센, 에틸헥실글리세린, 아데노신, 하이드록시에틸셀룰로오스, 옥수수커넬추출물, 다이소듐이디티에이, 솔비탄아이소스테아레이트, 알란토인, 판테놀, 트라이데세스-10, 소듐하이알루로네이트, 하이알루로닉애씨드, 하이드롤라이즈드하이알루로닉애씨드, 병풀추출물(10 ppm), 병풀잎추출물(10 ppm), 프룩탄, 폴리글리세릴-10라우레이트, 소듐디엔에이(10 ppm), 글루코오스, 펜틸렌글라이콜, 글라이신, 세린, 글루타믹애씨드, 글루타티온, 하이드로제네이티드레시틴, 마데카소사이드, 아스파틱애씨드, 류신, 데실글루코사이드, 알라닌, 라이신, 타이로신, 페닐알라닌, 프롤린, 트레오닌, 발린, 아이소류신, 카프릴릴글라이콜, 히스티딘, 시스테인, 메티오닌"
"A000000231455","[NEW/겉뽀속촉] 스킨푸드 피치뽀송 징크피씨에이 톤업 크림 50ml","스킨푸드","50.0","50.0","ml","27000","18300","3660.0","정제수, 부틸렌글라이콜, 글리세린, 프로판다이올, 다이펜타에리스리틸헥사C5-9애씨드에스터, 티타늄디옥사이드, 1,2-헥산다이올, 다이메티콘, 나이아신아마이드, 소듐폴리아크릴레이트, 비닐다이메티콘, 글리세레스-26, 소듐폴리아크릴로일다이메틸타우레이트, 에틸헥실스테아레이트, 사이클로헥사실록세인, 하이드로제네이티드폴리데센, 판테놀, 알루미늄하이드록사이드, 에틸헥실글리세린, 향료, 옥수수커넬추출물, 트라이에톡시카프릴릴실레인, 트라이데세스-6, 다이메티콘/비닐다이메티콘크로스폴리머, 다이소듐이디티에이, 트라이데세스-10, 하이알루로닉애씨드, 하이드롤라이즈드하이알루로닉애씨드, 복숭아추출물(100 ppm), 소듐하이알루로네이트, 암모늄폴리아크릴로일다이메틸타우레이트, 프룩탄, 애플민트잎추출물, 녹차추출물, 밤껍질추출물, 병풀추출물, 야생딸기잎추출물, 글루코오스, 라벤더꽃추출물, 징크피씨에이(10 ppm), 타임추출물, 달맞이꽃꽃추출물, 대왕소나무잎추출물, 칡뿌리추출물, 당느릅나무뿌리추출물, 칼라민"
"A000000231465","밀크터치 서양송악 그린히알루론 6초 수분 크림 50g","밀크터치","50.0","50.0","g(약 1ml 상당으로 근사)","30000","24000","4800.0","정제수,글리세린,메틸프로판다이올,아이소도데케인,프로판다이올,판테놀,폴리글리세릴-3메틸글루코오스다이스테아레이트,하이드로제네이티드폴리데센,서양송악추출물(200 ppm),병풀잎추출물(100 ppm),병풀추출물(100 ppm),소듐하이알루로네이트(310 ppm),호호바에스터,비닐다이메티콘,1,2-헥산다이올,부틸렌글라이콜,암모늄아크릴로일다이메틸타우레이트/브이피코폴리머,폴리메틸실세스퀴옥세인,다이메티콘올,아크릴레이트/C10-30알킬아크릴레이트크로스폴리머,하이드록시아세토페논,트로메타민,에틸헥실글리세린,다이소듐이디티에이,에탄올,레시틴,토코페롤,마데카소사이드(0.1 ppm)"
"A000000232250","[메타몽 콜라보] 센텔리안24 마데카 크림 타임 리버스 50ml 더블 기획(+15ml*2) + 포켓키링백","센텔리안24","50.0","65.0","ml","","76000","11692.3","정제수*, 다이프로필렌글라이콜*, 하이드로제네이티드폴리데센, 카프릴릭/카프릭트라이글리세라이드, 글리세린, 글리세릴스테아레이트, 펜타에리스리틸테트라에틸헥사노에이트, 나이아신아마이드*, 사이클로헥사실록세인, 세틸알코올, 폴리글리세릴-6다이스테아레이트, 비닐다이메티콘, 다이카프릴릴에터, 병풀단백질추출물, 아시아티코사이드*, 아시아틱애씨드*, 마데카식애씨드(4,800 ppm)*, 병풀오일, 병풀아미노산, 마데카소사이드, 아스코빌아시아테이트, 병풀폴리펩타이드, 하이드롤라이즈드하이알루로닉애씨드, 하이드롤라이즈드병풀추출물, 병풀추출물, 병풀잎추출물*, 라케모사승마뿌리추출물*, 흰무늬엉겅퀴추출물*, 마카뿌리추출물*, 마카다미아씨오일*, 돌콩오일*, 하이드로제네이티드레시틴*, 소듐하이알루로네이트, 폴리글리세릴-10라우레이트, 스테아릴알코올, 비즈왁스, 소듐스테아로일글루타메이트, 판테놀, 자일리틸글루코사이드*, 하이드록시에틸아크릴레이트/소듐아크릴로일다이메틸타우레이트코폴리머, 호호바에스터*, 안하이드로자일리톨*, 부틸렌글라이콜*, 폴리글리세릴-3비즈왁스, 1,2-헥산다이올*, 하이드록시아세토페논, 자일리톨*, 메틸프로판다이올*, 알란토인, 프로판다이올*, 칸디다 봄비콜라/글루코오스/메틸레이프씨데이트발효물*, 잔탄검, 에톡시다이글라이콜*, 다이소듐이디티에이, 글루코오스*, 아데노신, 솔비탄아이소스테아레이트, 에틸헥실글리세린, 소듐라우레이트, 사이클로덱스트린*, 라우릭애씨드, 소듐폴리아크릴레이트, 피브이엠/엠에이코폴리머, 옥틸도데칸올*, 글라이코리피드*, 카페인*, C12-13파레스-9*, 콜라겐아미노산, 세라마이드엔피, 레스베라트롤*, 알지닌*, 글라이코젠, 엑토인, 타우린*, 하이드롤라이즈드엘라스틴, 레티놀*, 말토덱스트린*, 피토스핑고신, 수크로오스다이스테아레이트*, 소듐디엔에이, 사이아노코발아민*, 글라이신, 글루타믹애씨드, 해바라기씨왁스*, 폴리글리세린-3*, 토코페롤*, 쓴쑥추출물, 바닐라열매추출물, 올리브오일, 오렌지오일, 필리핀오렌지껍질오일, 라벤더오일, 베르가모트오일, 로즈마리잎오일, 오렌지껍질오일, 리씨열매오일, 연필향나무오일, 왕귤껍질오일, 아틀라스시다나무껍질오일, 센티드제라늄꽃오일, 커먼자스민오일, 마텔오일, 장미꽃오일, 갈바눔수지오일, 발삼코파이바수지, 리모넨, 리날룰, 시트랄 (*활성-TECATM)"
"A000000232536","[1등미세진동디바이스] VT 피디알엔 리들샷 아이 리프터 15ml","VT","15.0","15.0","ml","","42000","28000.0","정제수, 글리세린, 프로판다이올, 카프릴릭/카프릭트라이글리세라이드, 시어버터, 나이아신아마이드, 폴리글리세릴-3다이스테아레이트, 카프릴릴메티콘, 부틸렌글라이콜다이카프릴레이트/다이카프레이트, 1,2-헥산다이올, 보론나이트라이드, 하이드록시아세토페논, 비닐다이메티콘, 하이드록시에틸아크릴레이트/소듐아크릴로일다이메틸타우레이트코폴리머, 폴리글리세릴-2스테아레이트, 부틸렌글라이콜, 암모늄아크릴로일다이메틸타우레이트/브이피코폴리머, 다이메티콘올, 글리세릴스테아레이트, 스테아릴알코올, 소듐폴리아크릴로일다이메틸타우레이트, 글리세릴스테아레이트시트레이트, 하이드로제네이티드폴리데센, 아데노신, 솔비탄아이소스테아레이트, 다이소듐이디티에이, 칼슘알지네이트, 젤란검, 아가, 티타늄디옥사이드, 마이카, 트라이데세스-10, 카프릴릴글라이콜, 블래더랙추출물, 꿀풀추출물, 적색산화철, 산양삼추출물, 실리카, 소듐디엔에이(3.45ppm), 하이드롤라이즈드콜라겐, 백설차잎추출물, 트라넥사믹애씨드, 글루타티온, 하이드로제네이티드레시틴, 금, 세테아릴알코올, 스테아릭애씨드, 병풀추출물, 하이드롤라이즈드엘라스틴, 소듐하이알루로네이트, 콜라겐추출물, 세라마이드엔피, 세라마이드엔에스, 콜레스테롤, 피토스핑고신, 하이드록시프로필트라이모늄하이알루로네이트, 에틸헥실글리세린, 세라마이드에이에스, 세라마이드에이피, 카퍼트라이펩타이드-1, 아세틸헥사펩타이드-8, 팔미토일펜타펩타이드-4, 하이드롤라이즈드하이알루로닉애씨드, 소듐아세틸레이티드하이알루로네이트, 하이알루로닉애씨드, 하이드롤라이즈드소듐하이알루로네이트, 소듐하이알루로네이트크로스폴리머, 소듐소이하이드롤라이즈드콜라겐, 수용성콜라겐, 콜라겐아미노산, 콜라겐, 징크하이드롤라이즈드콜라겐, 아시아티코사이드, 아시아틱애씨드, 마데카식애씨드, 마데카소사이드, 프로폴리스추출물, 포타슘하이알루로네이트, 에스에이치-올리고펩타이드-2, 에스에이치-올리고펩타이드-1, 에스에이치-폴리펩타이드-1, 에스에이치-폴리펩타이드-11, 에스에이치-폴리펩타이드-22, 에스에이치-폴리펩타이드-3, 에스에이치-폴리펩타이드-16, 에스에이치-폴리펩타이드-9, 에스에이치-폴리펩타이드-62, 세라마이드이오피"
"A000000232730","[화잘먹 엑소좀진정크림] 리브엠 시카좀 카밍 워터 젤크림 100ml","리브엠","100.0","100.0","ml","","12900","1290.0","정제수, 부틸렌글라이콜, 글리세린, 1,2-헥산다이올, 하이드로제네이티드폴리데센, 나이아신아마이드, 판테놀, 프로판다이올, 베헤닐알코올, 세테아릴알코올, 비닐다이메티콘, 카보머, 세테아릴올리베이트, 솔비탄올리베이트, 트로메타민, 폴리아크릴레이트-13, 베타인, 병풀추출물(767.4ppm), 하이드로제네이티드폴리아이소부텐, 황련뿌리추출물, 에틸헥실글리세린, 하이드롤라이즈드치자추출물, 하이드롤라이즈드맥아추출물, 하이드롤라이즈드삼색제비꽃추출물, 다이소듐이디티에이, 폴리글리세릴-10라우레이트, 에틸헥실팔미테이트, 알란토인, 하이알루로닉애씨드, 하이드롤라이즈드하이알루로닉애씨드, 소듐하이알루로네이트, 솔비탄아이소스테아레이트, 덱스트린, 약모밀추출물, 병풀잎추출물(11ppm), 치자추출물, 병풀뿌리추출물(1ppm), 프랑스해안송껍질추출물, 밤부사 불가리스잎추출물, 아시아티코사이드(0.01ppm), 아시아틱애씨드(0.01ppm), 마데카소사이드(0.01ppm), 마데카식애씨드(0.01ppm)"
"A000000232731","[화잘먹 엑소좀수분크림] 리브엠 워터핏 8중 수분착붙 크림 100ml","리브엠","100.0","100.0","ml","12900","10900","1090.0","빙하수(599,000ppm), 글리세린, 카프릴릭/카프릭트라이글리세라이드, 부틸렌글라이콜, 세틸에틸헥사노에이트, 정제수, 1,2-헥산다이올, 시어버터, 프로판다이올, 세테아릴올리베이트, 세테아릴알코올, 하이드로제네이티드폴리데센, 합성비즈왁스, 솔비탄올리베이트, 아크릴레이트/C10-30알킬아크릴레이트크로스폴리머, 트로메타민, 비닐다이메티콘, 판테놀, 에틸헥실글리세린, 사카라이드아이소머레이트, 하이드롤라이즈드치자추출물, 하이드롤라이즈드맥아추출물, 아데노신, 하이드롤라이즈드삼색제비꽃추출물, 소듐하이알루로네이트, 하이알루로닉애씨드, 하이드롤라이즈드하이알루로닉애씨드, 다이소듐이디티에이, 알란토인, 스쿠알란, 세라마이드엔피, 시트릭애씨드, 소듐시트레이트, 하이드로제네이티드레시틴, 로즈마리잎추출물, 하이드록시프로필트라이모늄하이알루로네이트, 하이드롤라이즈드소듐하이알루로네이트, 포타슘하이알루로네이트, 소듐하이알루로네이트크로스폴리머, 펜틸렌글라이콜, 소듐아세틸레이티드하이알루로네이트"
"A000000233192","[단독기획/장벽크림] 닥터자르트 파워 더마 베리어 크림 80ml 기획세트","닥터자르트","80.0","80.0","ml","35000","25200","3150.0","정제수, 부틸렌글라이콜, 카프릴릭/카프릭트라이글리세라이드, 글리세린, 프로판다이올, 세테아릴알코올, 판테놀, 펜틸렌글라이콜, 1,2-헥산다이올, 다이메티콘, 솔비톨, 세틸팔미테이트, 비닐다이메티콘, 글리세릴카프릴레이트, 폴리글리세릴-3메틸글루코오스다이스테아레이트, 바이오사카라이드검-1, 다이포타슘글리시리제이트, 소듐하이알루로네이트, 세라마이드엔피, 세테아릴올리베이트, 스테아릴알코올, 암모늄아크릴로일다이메틸타우레이트/브이피코폴리머, 카보머, 솔비탄올리베이트, 세틸알코올, 글리세릴스테아레이트, 솔비탄팔미테이트, 팔미틱애씨드, 하이드로제네이티드레시틴, C12-16알코올, 트로메타민, 소듐파이테이트, 페녹시에탄올"
"A000000233382","썸바이미 베타 판테놀 리페어 크림 50ml","썸바이미","50.0","50.0","ml","26100","18200","3640.0","정제수, 판테놀(50,000 ppm), 다이프로필렌글라이콜, 프로판다이올, 메틸프로판다이올, 베타인, 옥틸도데칸올, 1,2-헥산다이올, 칸디다봄비콜라/글루코오스/메틸레이프씨데이트발효물, 팔미틱애씨드, 하이드록시에틸아크릴레이트/소듐아크릴로일다이메틸타우레이트코폴리머, 글리세린, 스테아릭애씨드, 베타-시토스테롤(5,000 ppm), 스쿠알란, 비닐다이메티콘, 암모늄아크릴로일다이메틸타우레이트/브이피코폴리머, 호호바에스터, 글리세릴스테아레이트, 스테아릴알코올, 세틸알코올, 폴리메틸실세스퀴옥세인, 피토스테롤, 해바라기씨왁스, 소듐스테아로일글루타메이트, 에틸헥실글리세린, 해바라기씨오일, 하이드록시에틸셀룰로오스, 잔탄검, 다이포타슘글리시리제이트, 하이드로제네이티드레시틴, 솔비탄아이소스테아레이트, 솔비탄올리베이트, 아데노신, 세테아릴올리베이트, 시트릭애씨드, 바나나추출물, 다마스크장미꽃수, 소듐파이테이트, 서양배추출물, 바이오사카라이드검-1, 서양자두추출물, 멜론추출물, 잇꽃씨오일, 시어버터, 폴리글리세린-3, 부틸렌글라이콜, 서양송악잎/줄기추출물, 다이소듐포스페이트, 소듐포스페이트, 토코페롤, 락토코쿠스발효용해물, 비피다발효용해물, 아세틸헥사펩타이드-8, 락토바실러스발효용해물, 카퍼트라이펩타이드-1, 팔미토일트라이펩타이드-5, 팔미토일트라이펩타이드-1, 팔미토일펜타펩타이드-4, 노나펩타이드-1, 카르노신, 아세틸테트라펩타이드-9, 아세틸테트라펩타이드-5, 아세틸테트라펩타이드-2, 아세틸옥타펩타이드-3, 아세틸테트라펩타이드-3"
"A000000234133","[화잘먹 크림]에스테덤 셀룰러워터 크림 50ml [기획(+미스트30ml)/단품]","에스테덤","50.0","80.0","ml","","63000","7875.0","[셀룰러 워터 크림]
정제수, 다이메티콘, 메틸실란올만누로네이트, 에틸헥실팔미테이트, 글리세린, 프로판다이올, 다이카프릴릴에터, 헥실데칸올, 스테아레스-2, 보론나이트라이드, 스테아레스-21, 부틸렌글라이콜, 세틸알코올, 펜틸렌글라이콜, 메틸프로판다이올, 폴리아크릴아마이드, 다이메티콘/비닐다이메티콘크로스폴리머, 아크릴레이트/C10-30알킬아크릴레이트크로스폴리머, 베타-시토스테롤, C13-14아이소파라핀, 소듐시트레이트, 1,2-헥산다이올, 향료, 카프릴릴글라이콜, 카르노신, 소듐클로라이드, 라우레스-7, 시트릭애씨드, 아미노에탄설피닉애씨드, 세라마이드엔피, 프로필렌글라이콜, 아데노신, 포타슘클로라이드, 바이오사카라이드검-4, 소듐바이카보네이트, 사과씨추출물, 유채스테롤, 다이소듐포스페이트, 마그네슘설페이트, 포타슘포스페이트, 토코페롤, 다이소듐아데노신트라이포스페이트, 호스테일켈프추출물, 칼슘클로라이드, 리날룰, 시트로넬올, 알파-아이소메틸아이오논  

[셀룰러 워터 미스트]
정제수,프로판다이올,소듐시트레이트,소듐클로라이드,하이드롤라이즈드하이알루로닉애씨드,시트릭애씨드,아미노에탄설피닉애씨드,카르노신,포타슘클로라이드,소듐바이카보네이트,다이소듐포스페이트,마그네슘설페이트,포타슘포스페이트,칼슘클로라이드"
"A000000234280","[끈적임 없는 레드시카] SVR 시카비트+ 크림 HPPI 100ml/40ml [기획(+ 2ml*5ea)/단품]","SVR","100.0","142.0","ml","43000","38700","2725.4","정제수, 바바수씨오일, 해바라기씨오일, 시어버터, 옥수수오일, 프로판다이올, 글리세릴스테아레이트, 글리세린, 베헤닐알코올, 나이아신아마이드, 부틸렌글라이콜, 세테아릴알코올, 변성옥수수전분, 펜틸렌글라이콜, 레시틴, 알파-글루칸올리고사카라이드, 울금뿌리추출물, 소듐스테아로일글루타메이트, 소듐폴리아크릴레이트, 소듐스테아로일락틸레이트, 1,2-헥산다이올, 카프릴릴글라이콜, 잔탄검, 하이드롤라이즈드하이알루로닉애씨드, 글라이코스핑고리피드, 글라이코리피드, 시트릭애씨드, 토코페롤, 람노오스, 글루코오스, 글루쿠로닉애씨드, 하이드롤라이즈드효모추출물, 소듐하이드록사이드​"
"A000000234359","오브제 모이스처 프로틴 장벽 크림 70ml","오브제","70.0","70.0","ml","","23000","3285.7","정제수, 글리세린, 부틸렌글라이콜, 세틸에틸헥사노에이트, 카프릴릭/카프릭트라이글리세라이드, 1,2-헥산다이올, 폴리글리세릴-3메틸글루코오스다이스테아레이트, 판테놀, 세테아릴올리베이트, 우유추출물, 솔비탄올리베이트, 베타인, 세테아릴알코올, 시메티콘, 글리세릴스테아레이트, 카보머, 트로메타민, 소듐폴리아크릴로일다이메틸타우레이트, 하이드로제네이티드폴리데센, 잔탄검, 트라이데세스-10, 알란토인, 엑토인, 포도씨오일, 하이드로제네이티드레시틴, 소듐하이알루로네이트, 우유단백질추출물(1,000ppb), 귀리단백질추출물(1,000ppb), 세라마이드엔피, 밀크아미노산, 세라마이드이오피, 세라마이드엔에스, 세라마이드에이피, 하이알루로닉애씨드, 하이드롤라이즈드하이알루로닉애씨드, 하이드록시프로필트라이모늄하이알루로네이트, 하이드롤라이즈드소듐하이알루로네이트, 포타슘하이알루로네이트, 세라마이드에이에스, 펜틸렌글라이콜, 소듐하이알루로네이트크로스폴리머, 소듐아세틸레이티드하이알루로네이트, 스위트아몬드단백질(10ppb), 하이드롤라이즈드감자단백질(10ppb), 하이드롤라이즈드옥수수단백질(10ppb), 돌콩단백질(10ppb)"
"A000000234384","[속보습] 브링그린 블루빈 B5-PDRN 마일드 크림 100ml (+블루빈로션 10ml)","브링그린","100.0","110.0","ml","22000","17600","1600.0","[본품]
정제수, 프로판다이올, 글리세린, 카프릴릭/카프릭트라이글리세라이드, 세테아릴알코올, 판테놀, 카프릴릴메티콘, 펜틸렌글라이콜, 폴리글리세릴-3메틸글루코오스다이스테아레이트, 1,2-헥산다이올, 바실러스발효물, 스쿠알란, 세틸팔미테이트, 글리세릴스테아레이트, 메틸하이드로제네이티드로지네이트, 합성비즈왁스, 피토스테롤, 솔비탄팔미테이트, 시어버터, 하이드록시에틸아크릴레이트/소듐아크릴로일다이메틸타우레이트코폴리머, 스테아릭애씨드, 카보머, 팔미틱애씨드, 아라키딜알코올, 부틸렌글라이콜, 솔비탄올리에이트, 세라마이드엔피, C12-16알코올, 베헤닐알코올, 하이드로제네이티드레시틴, 콩추출물, 아라키딜글루코사이드, 에틸헥실글리세린, 비타민나무오일, 소듐하이알루로네이트, 소듐파이테이트, 잔탄검, 아미노메틸프로판다이올, 덱스트린, 카카오추출물, 판토테닉애씨드, 토코페롤, 소듐디엔에이, 폴리글리세릴-10스테아레이트, 콜레스테롤

[증정]
정제수, 글리세린, 프로판다이올, 다이아이소스테아릴말레이트, 부틸렌글라이콜, 세테아릴알코올, 1,2-헥산다이올, 판테놀, 에틸헥실스테아레이트. 바실러스발효물, 하이드록시에틸아크릴레이트/소듐아크릴로일다이메틸타우레이트코폴리머, 하이드록시아세토페논, 폴리글리세릴-3메틸글루코오스다이스테아레이트, 베헤닐알코올, 글리세릴스테아레이트, 펜타에리스리틸테트라에틸헥사노에이트, C14-22알코올, 아크릴레이트/C10-30알킬아크릴레이트크로스폴리머, 비닐다이메티콘, 피토스테롤, 메틸메타크릴레이트크로스폴리머, 아라키딜알코올, 에틸헥실글리세린, C12-20알킬글루코사이드, 스테아릭애씨드, 콩추출물, 아라키딜글루코사이드, 아미노메틸프로판다이올, 하이드로제네이티드레시틴, 솔비탄아이소스테아레이트, 소듐파이테이트, 카라멜, 세라마이드엔피, 바이오사카라이드검-1, 판토테닉애씨드, 스쿠알란, 토코페롤, 소듐디엔에이, 카프릴릭/카프릭트라이글리세라이드"
"A000000235107","[포곤콜라보/장벽회복] 리얼베리어 익스트림 크림 70ml 기획 (+30ml+패딩백 키링)","리얼베리어","70.0","100.0","ml","","39000","3900.0","정제수, 부틸렌글라이콜, 카프릴릭/카프릭트라이글리세라이드, 글리세린, 세테아릴알코올, 프로판다이올, 판테놀, 미리스토일/팔미토일옥소스테아라마이드/아라카마이드엠이에이, 글리세릴스테아레이트, 폴리글리세릴-10다이스테아레이트,다이메티콘, 솔비탄스테아레이트, 겨우살이열매추출물, 1, 2-헥산다이올, 메도우폼씨오일, 올리브오일, 하이드로제네이티드식물성오일, 자일리틸글루코사이드, 안하이드로자일리톨, 자일리톨, 글루코오스, 토코페릴아세테이트, 피토스테롤, 포스포리피드, 다이하이드록시아이소프로필팔모일팜아마이드, 비스-카프릴로일옥시팔미타미도아이소프로판올, 알란토인, 아세틸헵타펩타이드-4, 해바라기씨오일, 살비아오일, 광곽향오일, 소두구씨오일, 콘민트오일, 캐모마일꽃오일,멕시칸주니퍼오일, 바이오사카라이드검-1, 소듐하이알루로네이트, 아세틸다이펩타이드-1세틸에스터, 마데카소사이드, 스테아릭애씨드, 카보머, 카프릴릴글라이콜, 솔비탄라우레이트, 하이드록시에틸셀룰로오스, 소듐레불리네이트, 글리세릴카프릴레이트, p-아니식애씨드"
"A000000235270","키엘 울트라 훼이셜 어드밴스드 리페어 베리어 크림 50ml","키엘","50.0","50.0","ml","82000","62320","12464.0","정제수 부틸렌글라이콜 글리세린 카프릴릭/카프릭트라이글리세라이드 베헤닐알코올 펜틸렌글라이콜 나이아신아마이드 다이카프릴릴카보네이트 세테아릴알코올 트레할로오스 수크로오스폴리스테아레이트 C12-16알코올 아크릴레이트/C10-30알킬아크릴레이트크로스폴리머 트로메타민 토코페롤 하이드록시에틸아크릴레이트/소듐아크릴로일다이메틸타우레이트코폴리머 세라마이드엔피 알란토인 팔미틱애씨드 하이드로제네이티드폴리아이소부텐 하이드로제네이티드레시틴 카보머 수크로오스폴리스테아레이트 베타-글루칸 에틸헥실글리세린 아데노신 카프릴릴글라이콜 슈도알테로모나스발효추출물 솔비탄아이소스테아레이트 세틸팔미테이트 백미꽃추출물 콜로이달오트밀 솔비탄올리베이트 솔비탄팔미테이트 C14-22알코올 C12-20알킬글루코사이드 살리실릭애씨드 소듐하이드록사이드"
"A000000235303","[잡티미백] 리덴스 톤앤스팟 리커버리 크림 80ml","리덴스","80.0","80.0","ml","32900","17520","2190.0","정제수, 부틸렌글라이콜, 글리세린, 나이아신아마이드, 하이드로제네이티드폴리데센, 1,2-헥산다이올, 시어버터, 세틸에틸헥사노에이트, 세테아릴올리베이트, 합성비즈왁스, 세테아릴알코올, 글리세릴스테아레이트, 솔비탄올리베이트, 카프릴릭/카프릭트라이글리세라이드, 비닐다이메티콘, 프로판다이올, 해바라기씨오일, 칸디다 봄비콜라/글루코오스/메틸레이프씨데이트발효물, 폴리아크릴레이트-13, 다이프로필렌글라이콜, 카보머, 트로메타민, 젤라틴, 폴리아이소부텐, 토코페롤, 에틸헥실글리세린, 하이드롤라이즈드치자추출물, 하이드롤라이즈드맥아추출물, 아데노신, 하이드롤라이즈드삼색제비꽃추출물, 트루로즈오브예리코추출물, 셀룰로오스검, 폴리솔베이트20, 아이비고드열매추출물, 한련초추출물, 다이소듐이디티에이, 에톡시다이글라이콜, 서인도체리열매추출물, 솔비탄아이소스테아레이트, 티트리잎오일, 로즈마리잎오일, 지치뿌리추출물, 하이드록시프로필사이클로덱스트린, 하이알루로닉애씨드, 하이드롤라이즈드하이알루로닉애씨드, 올리브오일, 소듐하이알루로네이트, 아시아티코사이드, 아시아틱애씨드, 마데카식애씨드, 티옥틱애씨드, 글루타티온, 흰목이버섯추출물, 유비퀴논, 포타슘하이드록사이드, 아스코빅애씨드"
"A000000235558","[속수분/장벽크림] 이니스프리 그린티 세라마이드 크림 50ml 기획 (+20ml)","이니스프리","50.0","70.0","ml","27000","19440","2777.1","정제수, 부틸렌글라이콜, 프로판다이올, 글리세린, 스쿠알란, 다이프로필렌글라이콜, 카프릴릭/카프릭트라이글리세라이드, 호호바씨오일, 1,2-헥산다이올, 글리세릴스테아레이트, 에틸헥실팔미테이트, 세테아릴알코올, 메틸트라이메티콘, 다이메티콘, 세틸에틸헥사노에이트, 세테아릴올리베이트, 다이카프릴릴에터, 폴리글리세릴-3메틸글루코오스다이스테아레이트, 콜로이달오트밀, 팔미틱애씨드, 스테아릭애씨드, 솔비탄올리베이트, 하이드로제네이티드폴리(C6-14올레핀), 카보머, 트로메타민, 다이메티콘/비닐다이메티콘크로스폴리머, 에틸헥실글리세린, 세테아릴글루코사이드, 잔탄검, 카프릴릴글라이콜, 세라마이드엔피, 소듐메타포스페이트, 하이드로제네이티드레시틴, 엑토인, 세틸-피지하이드록시에틸팔미타마이드, 폴리글리세릴-10스테아레이트, 녹차씨추출물, 소듐스테아로일글루타메이트, 피토스테롤, 녹차씨오일, 토코페롤, 피토스핑고신, 녹차추출물, 세라마이드엔에스, 콜레스테롤, 세라마이드에이피, 세라마이드에이에스, 세라마이드이오피"
"A000000235560","[손상탄력크림] 유리아쥬 시카 데일리 리페어 콘센트레 탄력 크림 50ml","유리아쥬","50.0","50.0","ml","43000","30900","6180.0","정제수, 온천수*, 스쿠알란, 다이카프릴릴에터, 카프릴릭/카프릭트라이글리세라이드, 시어버터, 폴리글리세릴-3메틸글루코오스다이스테아레이트, 글리세린, 글리세릴스테아레이트, 1,2-헥산다이올, 펜타에리스리틸다이스테아레이트, 글리세릴베헤네이트, 하이드록시아세토페논, 이눌린, 포타슘세틸포스페이트, 판테놀, 소듐폴리아크릴레이트, 아크릴레이트/C10-30알킬아크릴레이트크로스폴리머, 토코페릴아세테이트, 잔탄검, 사플라워오일/팜오일아미노프로판다이올에스터, 소듐하이알루로네이트, 소듐하이드록사이드, 병풀잎추출물, 시트릭애씨드, 토코페롤 *100,000ppm"
"A000000235855","[수분흔적크림] 메디힐 마데카소사이드 더마 크림 50ml","메디힐","50.0","50.0","ml","23000","17900","3580.0","정제수, 글리세린, 스쿠알란, 카프릴릭/카프릭트라이글리세라이드, 하이드로제네이티드폴리(C6-14올레핀), 다이글리세린, 하이드로제네이티드폴리데센, 나이아신아마이드, 메틸프로판다이올, 펜틸렌글라이콜, 암모늄아크릴로일다이메틸타우레이트/브이피코폴리머, 1,2-헥산다이올, 판테놀, 세테아릴올리베이트, 하이드록시아세토페논, 아크릴레이트/C10-30알킬아크릴레이트크로스폴리머, 아미노메틸프로판다이올, 솔비탄올리베이트, 하이드록시에틸아크릴레이트/소듐아크릴로일다이메틸타우레이트코폴리머, 해바라기씨오일, 피토스테롤, 마데카소사이드, 하이드로제네이티드폴리아이소부텐, 서양배추출물, 아라키딜알코올, 연필향나무오일, 알란토인, 에틸헥실글리세린, 하이드로제네이티드레시틴, 아데노신, 다마스크장미꽃수, 스테아릭애씨드, 베헤닐알코올, 멜론추출물, 오리스뿌리추출물, 아라키딜글루코사이드, 호호바씨오일, 서양송악잎/줄기추출물, 소듐파이테이트, 부틸렌글라이콜, 광곽향오일, 솔비탄아이소스테아레이트, 하이알루로닉애씨드, 세테아릴알코올, 세라마이드엔피, 불가리스쑥오일, 로즈마리잎오일, 포타슘세틸포스페이트, 카프릴릴글라이콜, 병풀추출물, 베타-글루칸, 글리세릴스테아레이트, 돌콩추출물, 토코페롤, 팔미틱애씨드, 카프릴릴/카프릴글루코사이드, 병풀잎추출물"
"A000000236449","퓨어그램 속건조필수템 저분자 하이드라 히알루론산 크림 120ml","퓨어그램","120.0","120.0","ml","16900","9900","825.0","정제수, 글리세린, 부틸렌글라이콜, 1,2-헥산다이올, 하이드로제네이티드폴리데센, 락토바실러스발효물, 하이드록시에틸아크릴레이트/소듐아크릴로일다이메틸타우레이트코폴리머, 카보머, 트로메타민, 세테아릴알코올, 잔탄검, C14-22알코올, 에틸헥실글리세린, 글리세릴아크릴레이트/아크릴릭애씨드코폴리머, C12-20알킬글루코사이드, 솔비탄아이소스테아레이트, 인도멀구슬나무잎추출물, 알란토인, 세라마이드엔피, 피브이엠/엠에이코폴리머, 판테놀, 인도멀구슬나무꽃추출물, 소듐하이알루로네이트, 아이비고드열매추출물, 프로판다이올, 가지열매추출물, 알로에베라꽃추출물, 홀리바질잎추출물, 글루코오스, 울금뿌리추출물, 참산호말추출물, 하이드롤라이즈드하이알루로닉애씨드, 하이드롤라이즈드소듐하이알루로네이트, 마데카소사이드, 아시아티코사이드, 소듐아세틸레이티드하이알루로네이트, 하이드록시프로필트라이모늄하이알루로네이트, 다이메틸실란올하이알루로네이트, 소듐하이알루로네이트크로스폴리머, 아시아틱애씨드, 마데카식애씨드, 펜틸렌글라이콜, 하이알루로닉애씨드, 포타슘하이알루로네이트"
"A000000236828","파파레서피 블레미쉬 크림 100ml","파파레서피","100.0","100.0","ml","38000","28500","2850.0","정제수, 다이프로필렌글라이콜, 카프릴릭/카프릭트라이글리세라이드, 글리세린, 판테놀, 하이드로제네이티드폴리데센, 하이드로제네이티드폴리아이소부텐, 1,2-헥산다이올, 나이아신아마이드, 부틸렌글라이콜, 사이클로펜타실록세인, 사이클로헥사실록세인, C12-16알코올, 다이메티콘, 하이드로제네이티드레시틴, 갈락토미세스발효여과물, 다이메티콘/비닐다이메티콘크로스폴리머, 팔미틱애씨드, 아크릴레이트/C10-30알킬아크릴레이트크로스폴리머, 글리세릴스테아레이트, 세테아릴올리베이트, 트로메타민, C14-22알코올, 스테아릭애씨드, 솔비탄올리베이트, 다이메티콘올, C12-20알킬글루코사이드, 아데노신, C12-14Sec-알케스-7, 다이소듐이디티에이, 에틸헥실글리세린, 잔탄검, 동백나무씨오일, 세라마이드엔피, 프로필렌글라이콜, 토코페롤, 락토바실러스/고추냉이뿌리발효추출물, 락토바실러스/석류발효추출물, 락토바실러스/아세로라체리발효물, 락토바실러스/콩발효추출물, 락토바실러스/히비스커스꽃발효여과물, 리놀레익애씨드, 효모/자일리눔/홍차발효물, 에스에이치-올리고펩타이드-1"
"A000000237407","[탄력/수분] 바이오던스 포어 퍼펙팅 콜라겐 펩타이드 크림 50ml 기획 (+10ml+겔 패드 2매입)","바이오던스","50.0","60.0","ml","","39000","6500.0","콜라겐수, 글리세린, 메틸프로판다이올, 다이페닐다이메티콘, 네오펜틸글라이콜다이헵타노에이트, 트라이에틸헥사노인, 1,2-헥산다이올, 세테아릴알코올, 나이아신아마이드, 하이드로제네이티드폴리데센, 시메티콘, 세테아릴올리베이트, 하이드로제네이티드폴리(C6-14올레핀), 글리세릴스테아레이트, 솔비탄올리베이트, 다이머다이리놀레일다이머다이리놀리에이트, 정제수, 소듐아크릴레이트/소듐아크릴로일다이메틸타우레이트코폴리머, 폴리아이소부텐, 소듐폴리아크릴레이트, 에틸헥실글리세린, 아데노신, 카프릴릴/카프릴글루코사이드, 솔비탄올리에이트, 다이소듐이디티에이, 판테놀, 사이아노코발아민, 미네랄워터, 토코페롤, 프로판다이올, 부틸렌글라이콜, 콜라겐추출물, 소듐하이알루로네이트, 알지닉애씨드, 펜틸렌글라이콜, 실란트라이올, 카프릴릴글라이콜, 엘라스틴, 하이드록시프로필트라이모늄하이알루로네이트, 하이드롤라이즈드엘라스틴, 수용성엘라스틴, 소듐아세틸레이티드하이알루로네이트, 하이드롤라이즈드하이알루로닉애씨드, 하이알루로닉애씨드, 하이드롤라이즈드소듐하이알루로네이트, 소듐하이알루로네이트크로스폴리머, 포타슘하이알루로네이트, 에스에이치-올리고펩타이드-1, 트라이펩타이드-1, 헥사펩타이드-12, 헥사펩타이드-9, 팔미토일트라이펩타이드-5, 펜타펩타이드-4, 팔미토일트라이펩타이드-38, 팔미토일펜타펩타이드-4, 아세틸헥사펩타이드-8, 카퍼트라이펩타이드-1"
"A000000237819","[보습,탄력케어]비건이펙트 콜라겐 NMN 캡슐 크림 50ml","비건이펙트","50.0","50.0","ml","","21900","4380.0","콜라겐수(463,000ppm), 부틸렌글라이콜, 정제수, 세틸에틸헥사노에이트, 글리세린, 카프릴릭/카프릭트라이글리세라이드, 트라이에틸헥사노인, 나이아신아마이드, C14-22알코올, 1,2-헥산다이올, 폴리글리세릴10다이스테아레이트, 스쿠알란, 비닐다이메티콘, 카프릴릴메티콘, 폴리글리세릴-3다이스테아레이트, 글리세릴스테아레이트, 세테아릴알코올, 알지닌, C12-20알킬글루코사이드, 카보머, 솔비톨, 호호바에스터, 캐스터오일/아이피디아이코폴리머, 글라이코실트레할로오스, 소듐폴리아크릴로일다이메틸타우레이트, 하이드로제네이티드스타치하이드롤리세이트, 다이메티콘올, 알란토인, 소듐스테아로일글루타메이트, 말티톨, 글리세릴스테아레이트시트레이트, 에틸헥실글리세린, 잔탄검, 하이드록시아세토페논, 만니톨, 아데노신, 펜타에리스리틸테트라-다이-t-부틸하이드록시하이드로신나메이트, 소듐파이테이트, 소듐하이알루로네이트, 아크릴레이트/C10-30알킬아크릴레이트크로스폴리머, 아미노메틸프로판올, 부테스-3, 소듐벤조트라이아졸릴부틸페놀설포네이트, 글루코오스, 판테놀, 트라이부틸시트레이트, 세라마이드엔피, 2,3-부탄다이올, 자색201호, 하이드롤라이즈드콜라겐(2,000ppb), 토코페롤, 니코틴아마이드모노뉴클레오타이드(1,050ppb), 콜라겐(1,020ppb), 하이드로제네이티드레시틴, 폴리솔베이트20, 약모밀추출물, 세라마이드엔에스, 콜레스테롤, 세라마이드에이피, 세라마이드에이에스, 트라이펩타이드-1, 카프릴릴글라이콜, 팔미토일트라이펩타이드-5, 헥사펩타이드-9, 엘라스틴, 하이드록시프로필트라이모늄하이알루로네이트, 팔미토일펜타펩타이드-4, 아세틸헥사펩타이드-8, 팔미토일테트라펩타이드-7, 소듐아세틸레이티드하이알루로네이트, 하이드롤라이즈드하이알루로닉애씨드, 글루타티온, 하이알루로닉애씨드, 하이드롤라이즈드소듐하이알루로네이트, 소듐하이알루로네이트크로스폴리머, 포타슘하이알루로네이트, 세라마이드이오피"
"A000000238377","닥터자르트 프리쥬비네이션 퍼밍 바쿠치올 아이크림 15ml","닥터자르트","15.0","15.0","ml","","52000","34666.7","정제수, 글리세린, 카프릴릭/카프릭트라이글리세라이드, 스쿠알란, 에틸
헥실팔미테이트, 세테아릴알코올, 베헤닐알코올, 펜틸렌글라이콜, 피마자씨오일,
부틸렌글라이콜, 프로판다이올, 폴리글리세릴-3다이스테아레이트, 호호바에스터,
글리세릴스테아레이트에스이, 바쿠치올, 아데노신, 하이드로제네이티드캐스터
오일, 글리세릴카프릴레이트, 글리세릴스테아레이트시트레이트, 하이드롤라이
즈드콜라겐, 사이아노코발아민, 1,2-헥산다이올, 소듐폴리아크릴로일다이메틸
타우레이트, 하이드록시에틸아크릴레이트/소듐아크릴로일다이메틸타우레이트
코폴리머, 잔탄검, 카나우바왁스, 시트릭애씨드, 향료, 소듐파이테이트, 소듐시트
레이트, 토코페롤, 페녹시에탄올, 소듐벤조에이트, 청색1호 (CI 42090)"
"A000000238378","닥터자르트 프리쥬비네이션 퍼밍 바쿠치올 아이크림 15ml 기획 (+아이패치)","닥터자르트","15.0","15.0","ml","52000","36400","24266.7","정제수, 글리세린, 카프릴릭/카프릭트라이글리세라이드, 스쿠알란, 에틸헥실팔미테
이트, 세테아릴알코올, 베헤닐알코올, 펜틸렌글라이콜, 피마자씨오일, 부틸렌글라이콜, 프로
판다이올, 폴리글리세릴-3다이스테아레이트, 호호바에스터, 글리세릴스테아레이트에스이,
바쿠치올(1%), 아데노신, 하이드로제네이티드캐스터오일, 글리세릴카프릴레이트, 글리세릴
스테아레이트시트레이트, 하이드롤라이즈드콜라겐, 사이아노코발아민, 1,2-헥산다이올, 소
듐폴리아크릴로일다이메틸타우레이트, 하이드록시에틸아크릴레이트/소듐아크릴로일다이
메틸타우레이트코폴리머, 잔탄검, 카나우바왁스, 시트릭애씨드, 향료, 소듐파이테이트, 소듐
시트레이트, 토코페롤, 페녹시에탄올, 소듐벤조에이트, 청색1호 (CI 42090)"
"A000000238458","[티벳동생 공동개발] 오아조 더마 테카 카밍 크림 50ml","오아조","50.0","50.0","ml","24900","22900","4580.0","정제수, 글리세린, 부틸렌글라이콜, 프로판다이올, 1,2-헥산다이올, 나이아신아마이드, 하이드로제네이티드폴리(C6-14올레핀), C14-22알코올, 스쿠알란, 하이드로제네이티드폴리데센, 판테놀, 비닐다이메티콘, 글리세릴글루코사이드, 에톡시다이글라이콜, C12-20알킬글루코사이드, 하이드록시에틸아크릴레이트/소듐아크릴로일다이메틸타우레이트코폴리머, 아크릴레이트/C10-30알킬아크릴레이트크로스폴리머, 알지닌, C12-16알코올, 알란토인, 하이드로제네이티드레시틴, 팔미틱애씨드, 토코페롤, 에틸헥실글리세린, 해바라기씨오일, 옥틸도데카올, 잔탄검, 로즈마리잎오일, 아데노신, 아시아티코사이드(400 ppm), 아시아틱애씨드(300 ppm), 다이소듐이디티에이, 글리세릴아크릴레이트/아크릴릭애씨드코폴리머, 글라이코리피드, 마데카식애씨드(300 ppm), 글루코오스, C12-13알케스-0, 솔비탄아이소스테아레이트, 백미꽃추출물, 세라마이드엔피, 리모넨, 세틸에틸헥사노에이트, 콜레스테롤, 마카다미아씨오일, 칸디다 봄비콜라/글루코오스/메틸레이프씨데이트발효물, 유채스테롤, 올레익애씨드, 소듐하이알루로네이트, 스테아릭애씨드, 하이드롤라이즈드하이알루로닉애씨드, 소듐아세틸레이티드하이알루로네이트, 포타슘솔베이트"
"A000000238594","[남자올인원] 우노 크림 퍼펙션 90g","우노","90.0","90.0","g(약 1ml 상당으로 근사)","21000","13600","1511.1","정제수, 다이프로필렌글라이콜, 글리세린, 다이메티콘, 아가, 피이지-240/에이치디아이코폴리머비스-데실테트라데세스-20에터, 페녹시에탄올, 메틸파라벤, 카보머, 소듐시트레이트, 아크릴레이트/C10-30알킬아크릴레이트크로스폴리머, 포타슘하이드록사이드, 다이소듐이디티에이, 향료, 피이지-10다이메티콘, 시트릭애씨드, 소듐메타바이설파이트, 아이소세테스-10, 부틸렌글라이콜, 비에이치티, 소듐아세틸레이티드하이알루로네이트, 소듐하이알루로네이트, 올리브나무잎추출물, 하이드롤라이즈드콘키올린단백질, 소듐바이카보네이트, 실리카, 타마린드씨검, 락틱애씨드, 토코페롤, 글루코오스, 리날룰, 리모넨, 벤질벤조에이트"
"A000000240268","[모공개선/유산균톤업] 메디테라피 포쎄라 리얼 비피다 블러 크림 50ml 증량기획 (+20ml)","메디테라피","50.0","70.0","ml","","23800","3400.0","정제수,글리세린,카프릴릭/카프릭트라이글리세라이드, 비피다발효용해물(4.85%),부틸렌글라이콜,1,2-헥산다이올,나이아신아마이드,시어버터,폴리글리세릴-3메틸글루코오스다이스테아레이트,다이카프릴릴카보네이트, 글리세릴 스테아레이트에스이,베헤닐알코올,비닐다이메티콘,다시마추출물, 한련초잎추출물, 맥아추출물,카카오씨추출물, 달맞이꽃꽃추출물, 당느릅나무뿌리추출물, 대왕소나무잎추출물, 칡뿌리추출물,올리브오일,분비나무오일, 하이드로제네이티드레시틴,로즈마리잎오일,클레리오일,캐모마일꽃오일,멕시칸주니퍼오일,마트리카리아꽃오일,티타늄디옥사이드,코코-카프릴레이트/카프레이트, 락토바실러스발효용해물,프로판다이올,카보머,다이프로필렌글라이콜,트로메타민,에틸헥실글리세린,소듐스테아로일글루타메이트, 폴리하이드록시스테아릭애씨드,마이크로크리스탈린셀룰로오스,아데노신, 알루미나,트라이에톡시카프릴릴실레인,다이소듐이디티에이,프룩토올리고사카라이드,덱스트린,셀룰로오스검,베타-글루칸,하이드롤라이즈드하이알루로닉애씨드,토코페롤, 잔탄검"
"A000000241336","[60개 블루캡슐/수분볼륨 입체광] 피캄 PDRN 카페인 블루캡슐 60 크림 50ml","피캄","50.0","50.0","ml","","32000","6400.0","정제수, 글리세린, 부틸렌글라이콜, 카프릴릭/카프릭트라이글리세라이드, 나이아신아마이드, 글리세레스-26, 시어버터, 1,2-헥산다이올, 카페인(1,750,000ppb), 소듐디엔에이(750,000ppb), 다이에톡시에틸석시네이트, 스쿠알란, 시메티콘, 카보머, 트로메타민, 세테아릴알코올, 폴리글리세릴-2스테아레이트, 아라키딜알코올, 글리세릴스테아레이트, 스테아릴알코올, 베헤닐알코올, 에틸헥실글리세린, C12-16알코올, 아라키딜글루코사이드, 아데노신, 인도멀구슬나무잎추출물, 팔미틱애씨드, 펜타에리스리틸테트라-다이-t-부틸하이드록시하이드로신나메이트, 하이드로제네이티드레시틴, 인도멀구슬나무꽃추출물, 잔탄검, 아이비고드열매추출물, 가지열매추출물, 호호바씨오일, 글루코오스, 울금뿌리추출물, 참산호말추출물, 홀리바질잎추출물, 콜라겐추출물, 하이드롤라이즈드해면, 소듐하이알루로네이트, 글라이신, 글루타믹애씨드, 알지닌"
"A000000241577","[수분크림] 닥터엘시아 아쿠아 마린 워터리 크림 50ml","닥터엘시아","50.0","50.0","ml","19000","17100","3420.0","밤부사 불가리스수, 프로판다이올, 정제수, 글리세린, 하이드로제네이티드폴리데센, 1,2-헥산다이올, C14-22알코올, 카프릴릭/카프릭트라이글리세라이드, 판테놀, 부틸렌글라이콜, 세틸알코올, 비닐다이메티콘, C12-20알킬글루코사이드, 카보머, 트로메타민, 하이드로제네이티드레시틴, 덱스트린, 에틸헥실글리세린, 치자추출물, 블루아가베잎추출물, 다이소듐이디티에이, 청각추출물(180ppm), 바다포도추출물, 팔손이분홍치추출물, 소듐하이알루로네이트, 히알루로닉애씨드, 하이드롤라이즈드하이알루로닉애씨드, 아이리쉬모스추출물(18ppm), 알송이모자반추출물(18ppm), 징코하이드롤라이즈드하이알루로네이트, 폴리글루타믹애씨드, 하이드롤라이즈드소듐하이알루로네이트, 하이드롤라이즈드글라이코사미노글리칸, 포타슘하이알루로네이트, 소듐하이알루로네이트크로스폴리머, 소듐아세틸레이티드하이알루로네이트, 소듐레티노하이알루로네이트, 카이아젠틴, 다이메틸실란올하이알루로네이트, 소듐벤조에이트, 아스코빌포스페이트, 아스코빌글루코사이드하이알루로네이트"
"A000000241952","[붉은기완화] 세타필 시카 세라 장벽 크림 45ml","세타필","45.0","45.0","ml","25000","18750","4166.7","정제수, 카프릴릭/카프릭 트리글리세라이드, 글리세린, 프로판디올, 해바라기씨오일, 펜틸렌글라이콜, 다이메티콘, 시어버터, 세테아릴알콜, 베헤닐알콜, 글리세릴스테아레이트, 토코페릴아세테이트, 세틸알콜, 나이아신아마이드, 글리세릴스테아레이트시트레이트, 다이소듐에틸렌다이코카마이드피이지-15다이설페이트, 카프릴릴글라이콜, 카페인, 세테아레스-20, 판테놀, 알란토인, 병풀잎추출물0.2%, 아크릴레이트/C10-30알킬아크릴레이트크로스폴리머, 다이소듐이디티에이, 잔탄검, 세라마이드엔피, 소듐하이알루로네이트, 소듐하이드록사이드, 판토락톤, 시트릭애씨드"
"A000000242631","[장벽이불크림] 나인위시스 하이드라 판테톨 베리어 크림 100ml","나인위시스","100.0","100.0","ml","32000","25600","2560.0","정제수, 글리세린, 부틸렌글라이콜, 프로판다이올, 카프릴릭/카프릭트라이글리세라이드, 부틸렌글라이콜다이카프릴레이트/다이카프레이트, 세테아릴알코올, 스쿠알란, 판테놀(20,000ppm), 펜타에리스리틸테트라아이소스테아레이트, 폴리글리세릴-3다이스테아레이트, 1,2-헥산다이올, 메틸트라이메티콘, 에틸헥실스테아레이트, 글리세릴스테아레이트, 비닐다이메티콘, 폴리아크릴레이트-13, 자일리틸글루코사이드(4,300ppm), 카보머, 안하이드로자일리톨(2,900ppm), 소듐스테아로일글루타메이트, 하이드로제네이티드폴리아이소부텐, 글리세릴스테아레이트시트레이트, 알지닌, 자일리톨(1,200ppm), 트레할로오스, 폴리글리세릴-10라우레이트, 에틸헥실글리세린, 알란토인, 에틸헥실팔미테이트, 솔비탄아이소스테아레이트, 다이포타슘글리시리제이트, 소듐파이테이트, 구아바잎추출물, 하이드로제네이티드레시틴, 폴리글리세릴-10미리스테이트, 제주조릿대추출물, 세라마이드엔피, 수크로오스다이스테아레이트, 라우릭애씨드, 피토스테롤, 올리브오일, 세라마이드엔에스, 세라마이드에이피, 세라마이드이오피"
"A000000242686","[급속진정/한겹장벽] 미닉 퍼펙트 콜라드 그린 진정 크림 80ml","미닉","80.0","80.0","ml","34000","27200","3400.0","케일잎수(641,214ppm), 글리세린, 정제수, 다이프로필렌글라이콜, 1,2-헥산다이올, 하이드로제네이티드폴리데센, 베헤닐알코올, 카프릴릭/카프릭트라이글리세라이드, 세테아릴올리베이트, 하이드로제네이티드폴리아이소부텐, 비닐다이메티콘, 판테놀, 세테아릴알코올, 스테아릭애씨드, 세라마이드엔피, 세라마이드엔에스, 콜레스테롤, 피토스핑고신, 세라마이드에이피, 세라마이드에이에스, 세라마이드이오피, 소듐하이알루로네이트, 포타슘하이알루로네이트, 하이알루로닉애씨드, 하이드롤라이즈드하이알루로닉애씨드, 하이드롤라이즈드소듐하이알루로네이트, 하이드록시프로필트라이모늄하이알루로네이트, 펜틸렌글라이콜, 소듐하이알루로네이트크로스폴리머, 소듐아세틸레이티드하이알루로네이트, 마데카식애씨드, 마데카소사이드, 아시아틱애씨드, 아시아티코사이드, 백미꽃추출물, 병풀추출물, 쇠비름추출물, 커피콩추출물, 사과추출물, 사발팜열매추출물, 토마토추출물, 인도멀구슬나무잎추출물, 인도멀구슬나무꽃추출물, 옥틸도데칸올, 하이드로제네이티드레시틴, 다이펜타에리스리틸헥사하이드록시스테아레이트/헥사스테아레이트/헥사로지네이트, 하이드록시에틸아크릴레이트/소듐아크릴로일다이메틸타우레이트코폴리머, 솔비탄올리베이트, 글리세릴아크릴레이트/아크릴릭애씨드코폴리머, 하이드로제네이티드식물성오일, 레시틴, 카프릴릴글라이콜, 부틸렌글라이콜, 글리세릴스테아레이트, 솔비탄아이소스테아레이트, 소듐폴리아크릴로일다이메틸타우레이트, 카프릴릴/카프릴글루코사이드, 암모늄아크릴로일다이메틸타우레이트/브이피코폴리머, 잔탄검, 알란토인, 다이소듐이디티에이, 에틸헥실글리세린"
"A000000242945","[모공탄력크림] 메디힐 PDRN 더마 크림 50ml","메디힐","50.0","50.0","ml","23000","17900","3580.0","정제수, 스쿠알란, 부틸렌글라이콜, 글리세린, 카프릴릭/카프릭트라이글리세라이드, 부틸렌글라이콜다이카프릴레이트/다이카프레이트, 프로판다이올, 나이아신아마이드, 1,2-헥산다이올, 펜타에리스리틸스테아레이트/카프레이트/카프릴레이트/아디페이트, 펜틸렌글라이콜, 판테놀, 암모늄아크릴로일다이메틸타우레이트/브이피코폴리머, C12-16알코올, 세테아릴알코올, 폴리글리세릴-3다이스테아레이트, C14-22알코올, 팔미틱애씨드, 아크릴레이트/C10-30알킬아크릴레이트크로스폴리머, 하이드로제네이티드레시틴, 글리세릴스테아레이트, 아미노메틸프로판다이올, 카나우바왁스, 해바라기씨오일, 피토스테롤, C12-20알킬글루코사이드, 하이드로제네이티드폴리아이소부텐, 소듐스테아로일글루타메이트, 테레프탈릴리덴디캠퍼설포닉애씨드, 아라키딜알코올, 에틸헥실글리세린, 다이포타슘글리시리제이트, 폴리쿼터늄-51, 아데노신, 편백오일, 스테아릭애씨드, 베헤닐알코올, 트로메타민, 글리세릴스테아레이트시트레이트, 아라키딜글루코사이드, 소듐파이테이트, 덱스트린, 장미꽃오일, 하이알루로닉애씨드, 치자추출물, 포타슘세틸포스페이트, 세라마이드엔피, 카프릴릴글라이콜, 사이아노코발아민, 돌콩추출물, 다마스크장미꽃수, 다마스크장미꽃오일, 소듐디엔에이(1 ppm), 장미추출물, 하이드롤라이즈드식물성단백질, 토코페롤, 카프릴릴/카프릴글루코사이드"
"A000000243166","[산리오 콜라보/화잘먹크림] 성분에디터 그린토마토 NMN 포어 리프팅 크림 50ml 기획 (+30ml+산리오 헤어핀)","성분에디터","50.0","80.0","ml","28000","17900","2237.5","정제수, 부틸렌글라이콜, 글리세린, 하이드로제네이티드폴리데센, 1,2-헥산다이올, 나이아신아마이드, 스쿠알란, 세테아릴올리베이트, 솔비탄올리베이트, 니코틴아마이드모노뉴클레오타이드(5,000 ppm), 카프릴릭/카프릭트라이글리세라이드, 프로판다이올,아크릴레이트/C10-30알킬아크릴레이트크로스폴리머, 암모늄아크릴로일다이메틸타우레이트/브이피코폴리머, 알지닌, 베르가모트오일, 에틸헥실글리세린, 아데노신, 왕귤껍질오일, 옥수수커넬추출물, 다이소듐이디티에이, 하이드롤라이즈드치자추출물, 하이드롤라이즈드맥아추출물, 하이드롤라이즈드삼색제비꽃추출물, 토마토추출물(200 ppm*),황련뿌리추출물, 덱스트린, 하이드로제네이티드폴리아이소부텐, 치자추출물, 레몬껍질오일, 라벤더오일, 하이알루로닉애씨드, 하이드롤라이즈드하이알루로닉애씨드, 소듐하이알루로네이트, 달맞이꽃꽃추출물, 대왕소나무잎추출물, 칡뿌리추출물, 당느릅나무뿌리추출물, 소듐하이알루로네이트크로스폴리머, 데이지꽃추출물, 프룩탄, 판토테닉애씨드,글루코오스, 폴리글루타믹애씨드, 자일로오스, 지모뿌리추출물, 토코페롤, 리모넨, 리날룰"
"A000000243754","[화잘먹수딩크림] 나인위시스 비건 하이드라 앰플 수딩 크림 80ml 더블 기획","나인위시스","80.0","160.0","ml","","28000","1750.0","정제수, 부틸렌글라이콜, 글리세린, 미네랄워터, 1,2-헥산다이올, 다마스크장미꽃수, 카프릴릭/카프릭트라이글리세라이드, 아크릴레이트/C10-30알킬아크릴레이트크로스폴리머, 알지닌, 비닐다이메티콘, 소듐폴리아크릴레이트, 올리브오일, 하이드로제네이티드레시틴, 하이드로제네이티드폴리(C6-14올레핀), 베타인, 스쿠알란, 시어버터, 알란토인, 잔탄검, 폴리글리세릴-10올리에이트, 소듐하이알루로네이트, 풀루란, 프룩토올리고사카라이드, 카프릴릴/카프릴글루코사이드, 다이소듐이디티에이, 다이포타슘글리시리제이트, 콜레스테롤, 세라마이드엔피, 아세틸피토스핑고신, 하이드롤라이즈드소듐하이알루로네이트, 베타-글루칸, 글리세릴글루코사이드, 말토덱스트린, 안젤리카뿌리추출물, 피토스핑고신, 매스틱검, 삼색제비꽃추출물, 흰목이버섯폴리사카라이드, 소듐하이알루로네이트크로스폴리머, 포타슘하이알루로네이트, 하이드록시프로필트라이모늄하이알루로네이트, 하이드롤라이즈드하이알루로닉애씨드, 하이알루로닉애씨드, 펜틸렌글라이콜, 소듐아세틸레이티드하이알루로네이트"
"A000000243786","[쿨링진정/화잘먹] 허스텔러 원더 베지 하이드레이팅 젤 크림 80ml","허스텔러","80.0","80.0","ml","30000","19500","2437.5","정제수, 글리세린, 바질잎수, 2,3-부탄다이올, 나이아신아마이드, 1,2-헥산다이올, 부틸렌글라이콜, 소듐아크릴레이트코폴리머, 베타인, 카프릴릭/카프릭트라이글리세라이드, 암모늄아크릴로일다이메틸타우레이트/브이피코폴리머, 폴리글리세릴-2스테아레이트, 글리세릴스테아레이트, 스테아릴알코올, 레시틴, 판테놀, 아크릴레이트/C10-30알킬아크릴레이트크로스폴리머, 알지닌, 알란토인, 잔탄검, 시트릭애씨드, 다이포타슘글리시리제이트, 토코페롤, 파파야열매추출물, 사과추출물, 매실추출물, 포도추출물, 에틸헥실글리세린, 아데노신, 케일잎추출물, 소듐파이테이트, 인도멀구슬나무잎추출물, 파슬리추출물, 브로콜리추출물, 아스파라거스추출물, 소듐벤조에이트, 포타슘솔베이트, 베타-글루칸, 인도멀구슬나무꽃추출물, 판토락톤, 소듐시트레이트, 말토덱스트린, 아보카도열매추출물, 오크라열매추출물"
"A000000244812","[장벽크림] 디마프 크림스컴트루 스쿠알란 베리어 리페어 크림 50ml","디마프","50.0","50.0","ml","38000","34200","6840.0","브로콜리수, 스쿠알란, 부틸렌글라이콜, 글리세린, 글리세레스-26, 1,2-헥산다이올, 정제수, 프로
판다이올, 폴리글리세릴-10올리에이트, 솔비톨, 소듐폴리아크릴로일다이메틸타우레이트, 베타
인, 덱스판테놀, 하이드로제네이티드레시틴, 하이드로제네이티드폴리데센, 카보머, 트로메타민,
카프릴릴글라이콜, 글리세레스-25피씨에이아이소스테아레이트, 세라마이드엔피, 마데카소사이
드, 알란토인, 트레할로오스, 에틸헥실글리세린, 트라이데세스-10, 다이소듐이디티에이, 글리세릴
글루코사이드, 서양배추출물, 다마스크장미꽃수, 오리스뿌리추출물, 멜론추출물, 트루로즈오브예
리코추출물, 서양송악잎/줄기추출물, 카프릴릭/카프릭트라이글리세라이드, 포스포리피드, 다이에
톡시에틸석시네이트, 베타-글루칸"
"A000000244954","라로슈포제 히알루 B5 수분탄력 크림 50ml","라로슈포제","50.0","50.0","ml","58000","46400","9280.0","[히알루B5 크림] 
정제수 글리세린 아이소헥사데칸 프로판다이올 변성알코올 아이소프로필아이소스테아레이트 판테놀 다이메티콘 옥틸도데칸올 베헤닐알코올 세틸알코올 갈랑가갈랑갈잎추출물 스테아릭애씨드 칼슘클로라이드 세테아릴알코올 세테아릴글루코사이드 피이지-100스테아레이트 소듐하이알루로네이트(0.2004%) 소듐하이드록사이드 알진 실리카 미리스틱애씨드 셀룰로오스 팔미틱애씨드 아데노신 암모늄폴리아크릴로일다이메틸타우레이트 다이소듐스테아로일글루타메이트 엑토인 하이드롤라이즈드하이알루로닉애씨드(0.0208%) 하이드록시아세토페논 카프릴릭/카프릭트라이글리세라이드 카프릴로일살리실릭애씨드 시트릭애씨드 라우레스-7 트라이소듐에틸렌다이아민다이석시네이트 아세틸글루코사민 잔탄검 펜틸렌글라이콜 파이틱애씨드 폴리아크릴아마이드 폴리엡실론-라이신 부틸렌글라이콜 1,2-헥산다이올 C13-14아이소알케인 페녹시에탄올 향료

[히알루세럼] 
정제수 글리세린 변성알코올 프로필렌글라이콜 판테놀 펜틸렌글라이콜 다이메티콘 피이지-6카프릴릭/카프릭글리세라이즈 갈랑가갈랑갈잎추출물 칼슘클로라이드 글리세릴아이소스테아레이트 마데카소사이드 피피지-6-데실테트라데세스-30 소듐아세틸레이티드하이알루로네이트(0.01%) 소듐하이알루로네이트(0.2004%) 알진 아데노신 암모늄폴리아크릴로일다이메틸타우레이트 프로판다이올 하이드롤라이즈드하이알루로닉애씨드(0.1208%) 하이드록시아세토페논 카프릴릭/카프릭트라이글리세라이드 카프릴릴글라이콜 시트릭애씨드 트라이소듐에틸렌다이아민다이석시네이트 아세틸글루코사민 잔탄검 부틸렌글라이콜 1,2-헥산다이올 토코페롤 페녹시에탄올 향료"
"A000000244994","제로이드 인텐시브 크림 80ml 기획 (+크림 토너 25ml)","제로이드","80.0","105.0","ml","","32000","3047.6","● 인텐시브 크림 : 정제수, 프로판다이올, 카프릴릭/카프릭트라이글리세라이드, 글리세린, 식물성스쿠알란, 세테아릴알코올, 폴리글리세릴-10다이스테아레이트, 글리세릴스테아레이트, 스테아릭애씨드, 다이메티콘, 1,2-헥산다이올, 미리스토일/팔미토일옥소스테아라마이드/아라카마이드엠이에이, 피토스테롤, 토코페릴아세테이트, 카놀라오일, 올리브오일, 세틸팔미테이트, 솔비탄팔미테이트, 솔비탄올리베이트, 비사보롤, 메틸카프로오일타이로지네이트, 잔탄검, 소듐하이알루로네이트, 카보머, 알지닌, 카프릴릴글라이콜
● 인텐시브 크림 토너 : 정제수, 부틸렌글라이콜, 글리세린, 시어버터, 1,2-헥산다이올, 하이드로제네이티드레시틴, 폴리글리세릴-10스테아레이트, 폴리글리세릴-10베헤네이트/에이코사디오에이트, 다이프로필렌글라이콜, 판테놀, 다이포타슘글리시리제이트, 세테아릴올리베이트, 솔비탄올리베이트, 메틸카프로오일타이로지네이트, 징크글루코네이트, 미리스토일/팔미토일옥소스테아라마이드/아라카마이드엠이에이, 하이드록시아세토페논, 식물성스쿠알란, 카프릴릭/카프릭트라이글리세라이드, 솔비탄스테아레이트, 세테아릴알코올, 글리세릴스테아레이트, 카프릴릴글라이콜, 피토스테롤, 스테아릭애씨드, 잔탄검"
"A000000245048","퓨리토 서울 마이티 밤부 판테놀 크림 100ml 듀오 기획 (+15ml)","퓨리토 서울","100.0","115.0","ml","47000","37600","3269.6","정제수, 판테놀 (10%), 스쿠알란, 부틸렌글라이콜, 1,2-헥산다이올, 나이아신아마이드, 밤부사 불가리스추출물 (3,497 ppm), 하이드롤라이즈드호호바에스터, 아크릴레이트/C10-30알킬아크릴레이트크로스폴리머, 암모늄아크릴로일다이메틸타우레이트/브이피코폴리머, 하이드록시아세토페논, 트로메타민, 다이포타슘글리시리제이트, 에틸헥실글리세린, 잔탄검, 다이소듐이디티에이, 소듐하이알루로네이트, 마데카소사이드, 아시아티코사이드, 아시아틱애씨드, 마데카식애씨드, 카퍼트라이펩타이드-1"
"A000000245465","코이 플로우 리프팅 랩핑 크림 50ml 기획 (+괄사마사지기 + 미니 크림 10ml*2ea)","코이","50.0","60.0","ml","57000","38900","6483.3","정제수, 프로판다이올, 글리세린, 다이페닐실록시페닐트라이메티콘, 카프릴릭/카프릭트라이글리세라이드, 아이소노닐아이소노나노에이트, 부틸렌글라이콜, 1,2-헥산다이올, 나이아신아마이드, 캐스터오일/아이피디아이코폴리머, 암모늄아크릴로일디메칠타우레이트/브이피코폴리머, 소듐폴리아크릴레이트, 글리세레스-25피씨에이아이소스테아레이트, 소듐하이알루로네이트, 한련초추출물, 남가새열매추출물, 시호 뿌리추출물, 양까막까치밥나무열매추출물, 지모뿌리추출물, 트레할로오스, 베타인, 아이소펜틸다이올, 펜틸렌글라이콜, 아데노신, 시어버터, 시트릭애씨드, 알지닌, 카보머, 잔탄검, 하이드로제네이티드폴리아이소부텐, 아모다이메티콘, 향, 에틸헥실글리세린"
"A000000245473","[리뉴얼]에스테덤 히알루로닉 플러스 아이세럼 15ml","에스테덤","15.0","15.0","ml","","65000","43333.3","정제수, 글리세린, 부틸렌글라이콜, 에틸헥실팔미테이트, 소듐폴리아크릴레이트, 하이드록시에틸아크릴레이트/소듐아크릴로일다이메틸타우레이트코폴리머, 스쿠알란, 펜틸렌글라이콜, 1,2-헥산다이올, 카프릴릴글라이콜, 카페인, 폴리솔베이트60, 소듐아세틸레이티드하이알루로네이트, 소듐폴리글루타메이트, 프로필렌글라이콜, 소듐하이알루로네이트, 아데노신, 트라이하이드록시스테아린, 솔비탄아이소스테아레이트, 카르노신, 다이소듐아데노신트라이포스페이트, 호스테일켈프추출물, 아세틸테트라펩타이드-5"
"A000000245960","[1등 진정] 센텔리안24 마데카 크림 타임 리버스 50ml 기획 (+15ml*2+더마 마스크팩 3매)","센텔리안24","50.0","65.0","ml","","38000","5846.2","- 마데카크림 타임리버스(50ml, 15ml) 정제수*, 다이프로필렌글라이콜*, 하이드로제네이티드폴리데센, 카프릴릭/카프릭트라이글리세라이드, 글리세린, 글리세릴스테아레이트, 펜타에리스리틸테트라에틸헥사노에이트, 나이아신아마이드*, 사이클로헥사실록세인, 세틸알코올, 폴리글리세릴-6다이스테아레이트, 비닐다이메티콘, 다이카프릴릴에터, 병풀단백질추출물, 아시아티코사이드*, 아시아틱애씨드*, 마데카식애씨드(4,800 ppm)*, 병풀오일, 병풀아미노산, 마데카소사이드, 아스코빌아시아테이트, 병풀폴리펩타이드, 하이드롤라이즈드하이알루로닉애씨드, 하이드롤라이즈드병풀추출물, 병풀추출물, 병풀잎추출물*, 라케모사승마뿌리추출물*, 흰무늬엉겅퀴추출물*, 마카뿌리추출물*, 마카다미아씨오일*, 돌콩오일*, 하이드로제네이티드레시틴*, 소듐하이알루로네이트, 폴리글리세릴-10라우레이트, 스테아릴알코올, 비즈왁스, 소듐스테아로일글루타메이트, 판테놀, 자일리틸글루코사이드*, 하이드록시에틸아크릴레이트/소듐아크릴로일다이메틸타우레이트코폴리머, 호호바에스터*, 안하이드로자일리톨*, 부틸렌글라이콜*, 폴리글리세릴-3비즈왁스, 1,2-헥산다이올*, 하이드록시아세토페논, 자일리톨*, 메틸프로판다이올*, 알란토인, 프로판다이올*, 칸디다 봄비콜라/글루코오스/메틸레이프씨데이트발효물*, 잔탄검, 에톡시다이글라이콜*, 다이소듐이디티에이, 글루코오스*, 아데노신, 솔비탄아이소스테아레이트, 에틸헥실글리세린, 소듐라우레이트, 사이클로덱스트린*, 라우릭애씨드, 소듐폴리아크릴레이트, 피브이엠/엠에이코폴리머, 옥틸도데칸올*, 글라이코리피드*, 카페인*, C12-13파레스-9*, 콜라겐아미노산, 세라마이드엔피, 레스베라트롤*, 알지닌*, 글라이코젠, 엑토인, 타우린*, 하이드롤라이즈드엘라스틴, 레티놀*, 말토덱스트린*, 피토스핑고신, 수크로오스다이스테아레이트*, 소듐디엔에이, 사이아노코발아민*, 글라이신, 글루타믹애씨드, 해바라기씨왁스*, 폴리글리세린-3*, 토코페롤*, 쓴쑥추출물, 바닐라열매추출물, 올리브오일, 오렌지오일, 필리핀오렌지껍질오일, 라벤더오일, 베르가모트오일, 로즈마리잎오일, 오렌지껍질오일, 리씨열매오일, 연필향나무오일, 왕귤껍질오일, 아틀라스시다나무껍질오일, 센티드제라늄꽃오일, 커먼자스민오일, 마텔오일, 장미꽃오일, 갈바눔수지오일, 발삼코파이바수지, 리모넨, 리날룰, 시트랄 (*활성-TECATM) - 마데카랩 마스크(링클) 정제수, 글리세린, 메틸프로판다이올, 세틸에틸헥사노에이트, 나이아신아마이드, 카프릴릭/카프릭트라이글리세라이드, 병풀추출물, 아시아티코사이드, 마데카식애씨드, 아시아틱애씨드, 클로렐라 불가리스추출물, 소듐하이알루로네이트, 백미꽃추출물, 접시꽃추출물, 레틴알, 하이드롤라이즈드콜라겐, 아세틸헥사펩타이드-8, 아스코빅애씨드폴리펩타이드, 아세틸옥타펩타이드-3, 아세틸테트라펩타이드-2, 아세틸테트라펩타이드-3, 아세틸테트라펩타이드-5, 아세틸테트라펩타이드-9, 카르노신, 카퍼트라이펩타이드-1, 노나펩타이드-1, 팔미토일펜타펩타이드-4, 팔미토일트라이펩타이드-1, 팔미토일트라이펩타이드-5, 발삼코파이바수지, 올리브오일, 베르가모트오일, 라벤더오일, 아틀라스시다나무껍질오일, 센티드제라늄꽃오일, 마카다미아씨오일, 커먼자스민오일, 오렌지오일, 쓴쑥추출물, 장미꽃오일, 왕귤껍질오일, 마텔오일, 인삼열매추출물, 바닐라열매추출물, 갈바눔수지오일, 아스퍼질러스발효물, 금사연둥지추출물, 글리세레스-26, 폴리글리세릴-3메틸글루코오스다이스테아레이트, 베타인, 글리세릴스테아레이트, 글루코오스, 판테놀, 아크릴레이트/C10-30알킬아크릴레이트크로스폴리머, 부틸렌글라이콜, 알란토인, 프룩토올리고사카라이드, 프룩토오스, 세테아레스-20, 소듐폴리아크릴로일다이메틸타우레이트, 아데노신, 1,2-헥산다이올, 하이드로제네이티드레시틴, 다이포타슘글리시리제이트, 아세틸글루코사민, 소듐하이알루로네이트크로스폴리머, 프로판다이올, 콜레스테롤, 유채스테롤, 피이지-5레이프씨드스테롤, 실리카, 세테스-3, 세테스-5, 알루미늄/마그네슘하이드록사이드스테아레이트, 토코페롤, 토코페릴아세테이트, 포타슘세틸포스페이트, 펜타에리스리틸테트라-다이-t-부틸하이드록시하이드로신나메이트, 바쿠치올, 하이드롤라이즈드엘라스틴, 피토스테롤, 구아하이드록시프로필트라이모늄클로라이드, 세라마이드엔피, 카페인, 잔탄검, 하이드록시아세토페논, 피이지-100스테아레이트, 트로메타민, 카프릴릴글라이콜, 에틸헥실글리세린, 펜틸렌글라이콜, 다이소듐이디티에이, 리모넨"
"A000000246144","유리아쥬 제모스 C8+ 세라뜨 200ml 기획 (+제모스토너 50ml)","유리아쥬","200.0","250.0","ml","36000","28800","1152.0","정제수,시어버터,온천수*,세테아릴아이소노나노에이트,폴리솔베이트60,글리세린,옥틸도데칸올,프로필헵틸카프릴레이트,글리세릴스테아레이트,피이지-100스테아레이트,소듐아크릴레이트/소듐아크릴로일다이메틸타우레이트코폴리머,부틸렌글라이콜,다이메티콘,아이소헥사데칸,클로페네신(0.27%),폴리솔베이트80,토코페릴아세테이트,아크릴레이트/C10-30알킬아크릴레이트크로스폴리머,피록톤올아민(0.1%),사플라워오일/팜오일아미노프로판다이올에스터,락틱애씨드,세트리모늄브로마이드(0.09%),o-사이멘-5올(0.08%),솔비탄올리에이트,보리지씨오일아미노프로판다이올아마이드,폴리글리세릴-10스테아레이트,아시아티코사이드,피토스핑고신,트라이에틸시트레이트,폴리글리세릴-6베헤네이트,토코페롤,베헤닉애씨드,세라마이드엔피,세테아릴알코올,콜레스테롤,세라마이드엔에스,세라마이드이오피 세라마이드에이피,소듐세테아릴설페이트 *100,000ppm"
"A000000246299","[속광|광채크림] 바이오힐보 NAD 프리즈셀 글로우 부스트 크림 50ml","바이오힐보","50.0","50.0","ml","","39000","7800.0","정제수, 글리세린, 카프릴릭/카프릭트라이글리세라이드, 폴리글리세린-3, 펜틸렌글라이콜, 프로판다이올, 1,2-헥산다이올, 세테아릴알코올, 아이소노닐아이소노나노에이트, 세테아릴올리베이트, 솔비탄올리베이트, 다이메티콘, 글리세릴스테아레이트, 타피오카전분, 카보머, 트로메타민, 팔미틱애씨드, 캐스터오일/아이피디아이코폴리머, 스테아릭애씨드, 알란토인, 다이포타슘글리시리제이트, 소듐하이알루로네이트, 에틸헥실글리세린, 아데노신, 부틸렌글라이콜, 잔탄검, 니코틴아마이드아데닌다이뉴클레오타이드(100ppm), 스쿠알란, 알지닌, 아모다이메티콘,  그롬웰뿌리추출물, 페룰릭애씨드, 하이드로제네이티드레시틴, 콜레스테롤, 세라마이드엔피, 폴리글리세릴-10라우레이트, 나이아신아마이드, 올레익애씨드, 토코페롤, 글루타티온, 암모늄아크릴로일다이메틸타우레이트/브이피코폴리머, 소듐하이알루로네이트크로스폴리머, 폴리카프로락톤, 하이드록시아파타이트, 레스베라트롤, 콜라겐추출물, 수용성콜라겐, 카프릴릴글라이콜, 엘라스틴, 하이드록시아세토페논, 트라이펩타이드-10시트룰린, 카퍼트라이펩타이드-1, 알라닌/히스티딘/라이신폴리펩타이드카퍼에이치씨엘, 아세틸테트라펩타이드-3, 헥사펩타이드-9, 올리고펩타이드-6, 트라이펩타이드-1"
"A000000246414","[리뉴얼/10겹장벽크림] 닥터자르트 세라마이딘 울트라 모이스처라이징 크림 50ml","닥터자르트","50.0","50.0","ml","51000","25500","5100.0","*7  Cera  Complex 페이셜 보습 장벽 케어를 위해 개발된 닥터자르트 독자 세라마이드 복합체 함유
정제수*, 프로판다이올, 글리세린*, 카프릴릭/카프릭트라이글리세라이드, 다이카프릴릴에터, 메틸트라이메티콘, 비닐다이메티콘, 세테아릴알코올, 폴리글리세린-3, 세테아릴올리베이트, 세라마이드엔피*, 베헤닐알코올, 판테놀, 폴리글리세릴-10스테아레이트,다이펜타에리스리틸헥사하이드록시스테아레이트/헥사스테아레이트/헥사로지네이트, 1,2-헥산다이올, 베르가모트오일, 로즈힙열매추출물, 카카오씨추출물, 소듐하이알루로네이트, 알란토인, 토코페롤*, 아스코빌팔미테이트*, 에틸헥실글리세린*, 부틸렌글라이콜, 사이아노코발아민, 엑토인, 아데노신, 세라마이드에이피*, 세라마이드에이에스*, 세라마이드엔에스*, 세라마이드엔지*, 세라마이드이오에스*, 세라마이드이오피*, 글리세릴카프릴레이트, 세테아릴글루코사이드, 콜레스테롤*, 글라이코스핑고리피드, 글라이코리피드, 카프로오일스핑고신*, 카프로오일피토스핑고신*, 글리세릴올리에이트*, 덱스트린, 솔비탄올리베이트, 글리세릴스테아레이트*, 세테아레스-25*, 세틸알코올*, 하이드로제네이티드레시틴*, 스테아릭애씨드, 팔미틱애씨드, 글리세릴스테 아레이트에스이, 베헤닉애씨드*, 레시틴*, 시트릭애씨드*, 소듐폴리아크릴레이트, 암모늄아크릴로일다이 메틸타우레이트/브이피코폴리머, 다이프로필렌글라이콜*, 잔탄검, 센티드제라늄꽃오일, 살비아오일, 광곽향오일, 페녹시에탄올*, 황색4호 (CI 19140) *7 세라 콤플렉스 11,000 ppm"
"A000000246591","[트러블진정템] 더마젼시 제로카 81 크림 60ml","더마젼시","60.0","60.0","ml","","24700","4116.7","찔레꽃꽃수, 글리세린, 1,2-헥산다이올, 부틸렌글라이콜, 나이아신아마이드, 하이드로제네이티드폴리데센, 다이카프릴릴에터, 비닐다이메티콘, 정제수, 하이드록시에틸아크릴레이트/소듐아크릴로일다이메틸타우레이트코폴리머, 카프릴릴메티콘, 세테아릴올리베이트, 잔탄검, 솔비탄올리베이트, 아크릴레이트/C10-30알킬아크릴레이트크로스폴리머, 알지닌, 아데노신, 솔비탄아이소스테아레이트, 폴리솔베이트60, 글리세릴아크릴레이트/아크릴릭애씨드코폴리머, 다이소듐이디티에이, 판테놀, 아세틸글루코사민, 다이프로필렌글라이콜, 토코페롤, 천궁추출물, 황금추출물, 하이드로제네이티드레시틴, 소듐하이알루로네이트, 베타-글루칸, 마데카소사이드, 흰서양송로추출물, 아시아티코사이드, 에틸헥실글리세린, 하이드록시프로필트라이모늄하이알루로네이트, 마데카식애씨드, 아시아틱애씨드, 병풀추출물, 소듐아세틸레이티드하이알루로네이트, 하이드롤라이즈드하이알루로닉애씨드, 하이알루로닉애씨드, 소듐하이알루로네이트크로스폴리머, 하이드롤라이즈드소듐하이알루로네이트, 포타슘하이알루로네이트, 에스에이치-올리고펩타이드-1, 에스에이치-올리고펩타이드-2, 에스에이치-폴리펩타이드-1, 에스에이치-폴리펩타이드-11, 에스에이치-폴리펩타이드-16, 에스에이치-폴리펩타이드-22, 에스에이치-폴리펩타이드-3, 에스에이치-폴리펩타이드-62, 에스에이치-폴리펩타이드-9"
"A000000246776","[더블기획/수부지맞춤] 라운드랩 자작나무 수분 크림 80ml 더블 기획 (+말랑 파우치)","라운드랩","80.0","160.0","ml","44000","29800","1862.5","정제수, 글리세린, 아이소노닐아이소노나노에이트, 아이소도데케인, 1,2-헥산다이올, 펜틸렌글라이콜, 폴리데센, 자작나무수액(10,000ppm), 호호바에스터, 판테놀, 글리세릴글루코사이드, 아라비아고무나무검, 하이드롤라이즈드오크라추출물, 소듐하이알루로네이트, 하이알루로닉애씨드, 화이트루핀씨추출물, 드럼스틱씨추출물, 인도멀구슬나무잎추출물, 인도멀구슬나무꽃추출물, 아이비고드열매추출물, 알로에베라꽃추출물, 가지열매추출물, 홀리바질잎추출물, 참산호말추출물, 울금뿌리추출물, 아스코빅애씨드, 펜타에리스리틸테트라에틸헥사노에이트, 암모늄아크릴로일다이메틸타우레이트/브이피코폴리머, 폴리글리세릴-3메틸글루코오스다이스테아레이트, 아크릴레이트/C10-30알킬아크릴레이트크로스폴리머, 트로메타민, 글리세릴아크릴레이트/아크릴릭애씨드코폴리머, 에틸헥실글리세린, 아가, 다이포타슘글리시리제이트, 글리세릴카프릴레이트, 부틸렌글라이콜, 다이소듐이디티에이"
"A000000246877","[리뉴얼/10겹장벽크림] 닥터자르트 세라마이딘 울트라 모이스처라이징 크림 50ml 1+1 기획","닥터자르트","50.0","100.0","ml","","51000","5100.0","*7  Cera  Complex 페이셜 보습 장벽 케어를 위해 개발된 닥터자르트 독자 세라마이드 복합체 함유
[전성분] 정제수*, 프로판다이올, 글리세린*, 카프릴릭/카프릭트라이글리세라이드, 다이카프릴릴에터, 메틸트라이메티콘, 비닐다이메티콘, 세테아릴알코올, 폴리글리세린-3, 세테아릴올리베이트, 세라마이드엔피*, 베헤닐알코올, 판테놀, 폴리글리세릴-10스테아레이트,다이펜타에리스리틸헥사하이드록시스테아레이트/헥사스테아레이트/헥사로지네이트, 1,2-헥산다이올, 베르가모트오일, 로즈힙열매추출물, 카카오씨추출물, 소듐하이알루로네이트, 알란토인, 토코페롤*, 아스코빌팔미테이트*, 에틸헥실글리세린*, 부틸렌글라이콜, 사이아노코발아민, 엑토인, 아데노신, 세라마이드에이피*, 세라마이드에이에스*, 세라마이드엔에스*, 세라마이드엔지*, 세라마이드이오에스*, 세라마이드이오피*, 글리세릴카프릴레이트, 세테아릴글루코사이드, 콜레스테롤*, 글라이코스핑고리피드, 글라이코리피드, 카프로오일스핑고신*, 카프로오일피토스핑고신*, 글리세릴올리에이트*, 덱스트린, 솔비탄올리베이트, 글리세릴스테아레이트*, 세테아레스-25*, 세틸알코올*, 하이드로제네이티드레시틴*, 스테아릭애씨드, 팔미틱애씨드, 글리세릴스테 아레이트에스이, 베헤닉애씨드*, 레시틴*, 시트릭애씨드*, 소듐폴리아크릴레이트, 암모늄아크릴로일다이 메틸타우레이트/브이피코폴리머, 다이프로필렌글라이콜*, 잔탄검, 센티드제라늄꽃오일, 살비아오일, 광곽향오일, 페녹시에탄올*, 황색4호 (CI 19140) 
*7 세라 콤플렉스 11,000 ppm"
"A000000246922","[장벽크림] 더랩바이블랑두 프리바이오틱세라 크림 50ml","더랩바이블랑두","50.0","50.0","ml","","35000","7000.0","정제수, 글리세린, 카프릴릭/카프릭트라이글리세라이드, 부틸렌글라이콜, 세라마이드엔피(55 ppm), 세라마이드엔에스(15 ppm), 세라마이드에이에스(5 ppm), 세라마이드에이피(5 ppm), 세라마이드이오피(0.01 ppm), 피토스핑고신, 락토바실러스발효용해물(300 ppm), 서양민들레잎추출물(150 ppm), 보스웰리아수지추출물, 글루코오스, 콜레스테롤, 아라키딜알코올, 아라키딜글루코사이드, 알지닌, 글리세레스-25피씨에이아이소스테아레이트, 하이드로제네이티드레시틴, 하이드로제네이티드폴리데센, 세테아릴알코올, 베헤닐알코올, 칸데릴라왁스, 아크릴레이트/C10-30알킬아크릴레이트크로스폴리머, 소듐폴리아크릴로일다이메틸타우레이트, 스테아릭애씨드, 트라이데세스-10, 다이소듐이디티에이, 1,2-헥산다이올, 에틸헥실글리세린"
"A000000247174","[주름잡는] 센텔리안24 링클셀 코어 아이크림 25ml 기획 (+코어 세럼 10ml)","센텔리안24","25.0","35.0","ml","38000","17900","5114.3","퀴노아씨추출물, 부틸렌글라이콜, 글리세린, 카프릴릭/카프릭트라이글리세라이드, 정제수, 하이드로제네이티드코코넛오일, 1,2-헥산다이올, 세테아릴올리베이트, 솔비탄올리베이트, 베헤닐알코올, 하이드로제네이티드폴리아이소부텐, 판테놀, 카퍼트라이펩타이드-1, 팔미토일펜타펩타이드-4, 팔미토일트라이펩타이드-1, 아세틸헥사펩타이드-8, 베타-글루칸, 돌콩추출물, 마카뿌리추출물, 참마뿌리추출물, 아르간커넬오일, 잇꽃씨오일, 멕시칸치아씨오일, 리놀레닉애씨드, 알란토인, 하이알루로닉애씨드, 하이드롤라이즈드하이알루로닉애씨드, 소듐하이알루로네이트, 세라마이드엔피, 하이드로제네이티드레시틴, 카카오씨추출물, 다이소듐이디티에이, 소듐폴리아크릴레이트, 무씨추출물, 쇠비름추출물, 소듐폴리아크릴로일다이메틸타우레이트, 글리세릴스테아레이트, 프로판다이올, 하이드로제네이티드폴리데센, 덱스트린, 팔미틱애씨드, 스테아릭애씨드, 하이드록시에틸아크릴레이트/소듐아크릴로일다이메틸타우레이트코폴리머, 에틸헥실글리세린, 트라이데세스-10, 아데노신, 글리세릴아크릴레이트/아크릴릭애씨드코폴리머, 베르가모트오일, 로즈마리잎오일, 솔비탄아이소스테아레이트, 미리스틱애씨드, 불가리스쑥오일, 폴리글리세릴-10올리에이트, 리놀레익애씨드, 수크로오스팔미테이트, 소듐아스코빌포스페이트, 리모넨, 리날룰"
"A000000247186","[시카PDRN/장벽크림] 듀이트리 AC 딥 장벽 진정 보습 크림 60ml","듀이트리","60.0","60.0","ml","32000","18720","3120.0","정제수, 글리세린, 코코-카프릴레이트/카프레이트, 판테놀, 메틸프로판다이올, 나이아신아마이드, 다이글리세린, 1,2-헥산다이올, 아이소스테아릴알코올, 폴리글리세릴-3메틸글루코오스다이스테아레이트, 병풀추출물, 페퍼민트잎추출물, 소듐디엔에이, 수용성콜라겐, 리놀레닉애씨드, 리놀레익애씨드, 올레익애씨드, 스쿠알란, 자작나무수액, 해바라기씨오일, 세라마이드엔피, 잇꽃씨오일, 폴리글리세릴-10올리에이트, 멕시칸치아씨오일, 콜레스테롤, 세틸에틸헥사노에이트, 귀리커넬추출물, 마카다미아씨오일, 유채스테롤, 피토스핑고신, 세라마이드엔에스, 세라마이드엔지, 세라마이드에이피, 세라마이드에이에스, 세라마이드이오피, 다이카프릴릴카보네이트, 부틸렌글라이콜코코에이트, 암모늄아크릴로일다이메틸타우레이트/브이피코폴리머, 아크릴레이트/C10-30알킬아크릴레이트크로스폴리머, 알지닌, 잔탄검, 부틸렌글라이콜, 에틸셀룰로오스, 폴리쿼터늄-51, 에틸헥실글리세린, 아데노신, 다이소듐이디티에이, 카카오씨추출물, 황련뿌리추출물, 토코페롤, 하이드로제네이티드레시틴, 칸디다 봄비콜라/글루코오스/메틸레이프씨데이트발효물, 다이프로필렌글라이콜, 세테아릴알코올, 스테아릭애씨드"
"A000000247199","[올리브베러 단독] 아벤느 제라캄 A.D 인텐시브 크림 200ml *가려움완화 *극건성크림 *신생아","아벤느","200.0","200.0","ml","","43000","2150.0","온천수(아벤느 온천수), 글리세린, 미네랄오일, 세테아릴알코올, 달맞이꽃오일, 카프릴릭/카프릭트라이글리세라이드, 세테아릴글루코사이드, 아쿠아필루스 돌로미아이추출물, 알지닌, 카보머, 달맞이꽃오일/팜오일아미노프로판다이올에스터, 글라이신, 소듐하이드록사이드, 토코페롤"
"A000000247379","세타필 수딩 앤 컴포팅 시카 카밍 페이스 크림 45ml 기획(시카크림 10ml+파우치키링 증정)","세타필","45.0","55.0","ml","25000","18750","3409.1","정제수, 카프릴릭/카프릭 트리글리세라이드, 글리세린, 프로판디올, 해바라기씨오일, 펜틸렌글라이콜, 다이메티콘, 시어버터, 세테아릴알콜, 베헤닐알콜, 글리세릴스테아레이트, 토코페릴아세테이트, 세틸알콜, 나이아신아마이드, 글리세릴스테아레이트시트레이트, 다이소듐에틸렌다이코카마이드피이지-15다이설페이트, 카프릴릴글라이콜, 카페인, 세테아레스-20, 판테놀, 알란토인, 병풀잎추출물0.2%, 아크릴레이트/C10-30알킬아크릴레이트크로스폴리머, 다이소듐이디티에이, 잔탄검, 세라마이드엔피, 소듐하이알루로네이트, 소듐하이드록사이드, 판토락톤, 시트릭애씨드"
"A000000247596","[NEW/화잘먹/비타속광] 오우즈너리 비타3 푸딩 크림 50ml","오우즈너리","50.0","50.0","ml","35000","24610","4922.0","정제수, 글리세린, 부틸렌글라이콜, 나이아신아마이드, 다이글리세린, 메틸트라이메티콘, 다이프로필렌글라이콜, 1,2-헥산다이올, 하이드록시에틸아크릴레이트/소듐아크릴로일다이메틸타우레이트코폴리머, 암모늄아크릴로일다이메틸타우레이트/브이피코폴리머, 아크릴레이트/C10-30알킬아크릴레이트크로스폴리머, 알지닌, 잔탄검, 에틸헥실글리세린, 유자껍질오일, 아데노신, 솔비탄아이소스테아레이트, 토코페롤, 판테놀, 글루타티온, 아스코빅애씨드, 해수, 아시아티코사이드, 마데카식애씨드, 아시아틱애씨드, 하이드로제네이티드레시틴, 폴리글리세릴-10스테아레이트, 티아민에이치씨엘, 피리독신, 폴릭애씨드, 글라이신, 세린, 글루타믹애씨드, 사이아노코발아민, 아스파틱애씨드, 류신, 알라닌, 라이신, 타이로신, 페닐알라닌, 발린, 트레오닌, 프롤린, 아이소류신, 히스티딘, 메티오닌, 시스테인, 리보플라빈, 리날룰, 리모넨"
"A000000247723","[1등 진정크림] 파넬 시카마누 레드 리페어 크림 50ml 기획(+세럼15ml)","파넬","50.0","65.0","ml","30000","20900","3215.4","(크림)
정제수, 글리세린, 카프릴릭/카프릭트라이글리세라이드, 세테아릴알코올, 1,2-헥산다이올, 프로판다이올, 부틸렌글라이콜다이카프릴레이트/다이카프레이트, 폴리글리세린-3, 비닐다이메티콘, 하이드로제네이티드폴리데센, 판테놀, 스쿠알란, 세테아릴올리베이트, 솔비탄올리베이트, 글리세릴스테아레이트, 폴리아크릴레이트-13, 부틸렌글라이콜, 아크릴레이트/C10-30알킬아크릴레이트크로스폴리머, 하이드로제네이티드폴리아이소부텐, 병풀추출물(1,025 ppm), 잇꽃꽃추출물, 하이드록시에틸아크릴레이트/소듐아크릴로일다이메틸타우레이트코폴리머, 덱스트린, 알지닌, 에틸헥실글리세린, 치자추출물, 다이소듐이디티에이, 폴리글리세릴-10라우레이트, 2,3-부탄다이올, 에틸헥실팔미테이트, 카카오씨추출물, 칸디다 봄비콜라/글루코오스/메틸레이프씨데이트발효물, 솔비탄아이소스테아레이트, 불가리스쑥오일, 소듐하이알루로네이트, 라우릴글루코사이드, 올리브오일, 에톡시다이글라이콜, 하이드로제네이티드레시틴, 아시아티코사이드(42 ppm), 아시아틱애씨드(31.5 ppm), 마데카식애씨드(31.43 ppm), 마누카잎추출물(25 ppm), 꿀추출물(20 ppm), 락토바실러스발효물, 병풀꽃/잎/줄기추출물(10 ppm), 병풀뿌리추출물(10 ppm), 해바라기씨오일, 마데카소사이드(1.07 ppm), 멜라토닌, 셀필룸추출물, 테아닌, 소듐디엔에이

(세럼)
정제수, 부틸렌글라이콜, 글리세린, 1,2-헥산다이올, 카보머, 트로메타민, 폴리글리세릴-10라우레이트, 프로판다이올, 인도멀구슬나무잎추출물, 병풀추출물(744ppm), 카카오씨추출물, 에틸헥실글리세린, 불가리스쑥오일, 인도멀구슬나무꽃추출물, 덱스트린, 다이소듐이디티에이, 소듐폴리아크릴레이트, 펜틸렌글라이콜, 황련뿌리추출물, 락토바실러스발효물, 마누카잎추출물(20ppm), 마데카소사이드(20ppm), 데실글루코사이드, 카프릴릴글라이콜, 꿀추출물(900ppb), 메도우폼씨오일, 카프릴릭/카프릭트라이글리세라이드, 올리브오일, 하이드로제네이티드레시틴, 세라마이드엔피, 피토스핑고신, 멜라토닌"
"A000000247881","[NCT 재민PICK/리뉴얼] 이즈앤트리 어니언 뉴페어 겔크림 플러스 50ml","이즈앤트리","50.0","50.0","ml","32000","22400","4480.0","정제수, 글리세린, 카프릴릭/카프릭트라이글리세라이드, 나이아신아마이드, 프로판다이올, 1,2-헥산다이올, 하이드록시에틸아크릴레이트/소듐아크릴로일다이메틸타우레이트코폴리머, 양파추출물(10,100 ppm), 부틸렌글라이콜, 세테아릴알코올, 비닐다이메티콘, 카보머, 세테아릴올리베이트, 솔비톨, 솔비탄올리베이트, 바이오사카라이드검-1, 소듐폴리아크릴로일다이메틸타우레이트, 알지닌, 소듐아스코빌포스페이트, 글루타티온, 쿼세틴, 페룰릭애씨드, 알란토인, 판테놀, 소듐하이알루로네이트, 하이드롤라이즈드하이알루로닉애씨드, 하이알루로닉애씨드, 하이드록시프로필트라이모늄하이알루로네이트, 소듐아세틸레이티드하이알루로네이트, 마데카소사이드, 스쿠알란, 약모밀추출물, 사이아노코발아민, 솔비탄아이소스테아레이트, 하이드로제네이티드폴리데센, 에틸헥실글리세린, 시트릭애씨드, 하이드록시에틸셀룰로오스, 덱스트린, 다이소듐이디티에이, 소듐시트레이트, 트라이데세스-10, 치자추출물, 아데노신, 하이드로제네이티드레시틴, 폴리글리세릴-10스테아레이트, 펜틸렌글라이콜, 데실글루코사이드, 알지닌/라이신폴리펩타이드, 카프릴릴글라이콜"
"A000000248401","[청담샵 Pick/화잘먹크림] 네오젠 넥스트 글로우 수분 크림 50ml","네오젠","50.0","50.0","ml","24000","15900","3180.0","정제수, 스쿠알란, 글리세린, 나이아신아마이드, 베타인, 1,2-헥산다이올, 판테놀, 아크릴레이트/C10-30알킬 아크릴레이트크로스폴리머, 알지닌, 암모늄아크릴로일다 이메틸타우레이트/브이피코폴리머, 자일리틸글루코사이드, 부틸렌글라이콜, 안하이드로자일리톨, 알란토인, 에틸헥실 글리세린, 자일리톨, 아데노신, 다이소듐이디티에이, 소듐 하이알루로네이트, 감나무잎추출물, 포도추출물, 호장근 뿌리추출물, 잇꽃꽃추출물, 커피콩추출물, 녹차추출물, 밤 껍질추출물, 초피나무열매추출물, 하이드로제네이티드레 시틴, 글리세릴스테아레이트, 잔탄검, 세라마이드엔피, 카프 릴릴글라이콜, 글루코오스, 아이리쉬모스추출물, 콜라겐 추출물, 하이드록시프로필트라이모늄하이알루로네이트, 하이드롤라이즈드하이알루로닉애씨드, 소듐아세틸레이 티드하이알루로네이트, 하이알루로닉애씨드, 소듐하이알 루로네이트크로스폴리머, 하이드롤라이즈드소듐하이알루 로네이트, 포타슘하이알루로네이트"
"A000000248501","[박희선Pick] 아누아 어성초 77 B3 징크 수딩 크림 80ml 더블 기획 (+튜브 80g)","아누아","80.0","160.0","ml","45000","29500","1843.8","약모밀꽃/잎/줄기수(77%), 나이아신아마이드(1,000 ppm), 1,2-헥산다이올, 판테놀, 글리세린, 다이프로필렌글라이콜, 부틸렌글라이콜, 소듐시트레이트, 징크피씨에이(10 ppm), 프로판다이올, 트레할로오스, 정제수, 베타인, 잔탄검, 스핑고모나스발효추출물, 에틸헥실글리세린, 시트릭애씨드, 하이드록시프로필사이클로덱스트린, 아데노신, 다이소듐이디티에이, 다이포타슘글리시리제이트, 글리세릴아크릴레이트/아크릴릭애씨드코폴리머, 글루코노락톤, 도코사헥사에노익애씨드, 토코페롤, 알란토인, 피리독신에이치씨엘, 카프릴로일살리실릭애씨드, 약모밀소포, 아이소쿼시트린, 쿼세틴"
"A000000248509","[장벽리페어] 퍼셀 픽셀바이옴 5 플러스 프로바이오틱스 리부팅 크림 50ml","퍼셀","50.0","50.0","ml","","39000","7800.0","정제수, 다이프로필렌글라이콜, 글리세린, 비피다발효용해물, 락토바실러스발효용해물, 락토코쿠스발효용해물, 피키아발효용해여과물, 효모발효용해여과물, 부틸렌글라이콜, 카프릴릭/카프릭트라이글리세라이드, 다이메티콘, 메도우폼씨오일, 나이아신아마이드, 1,2-헥산다이올, 베헤닐알코올, 펜틸렌글라이콜, 에틸헥실팔미테이트, 트라이에틸헥사노인, 세테아릴알코올, 세테아릴올리베이트, 판테놀, 마데카소사이드, 아시아티코사이드, 병풀잎추출물, 토코페롤, 글루코오스,  프룩토올리고사카라이드, 프룩토오스,쿠푸아수씨버터, 클로렐라 불가리스추출물, 돌콩추출물, 솔비탄올리베이트, 스쿠알란, 세테스-20, 세테아릴글루코사이드, 글리세릴스테아레이트, 하이드록시에틸아크릴레이트/소듐아크릴로일다이메틸타우레이트코폴리머, 팔미틱애씨드, 스테아릭애씨드, 트로메타민, 에틸헥실글리세린,  아데노신, 소듐파이테이트, 옥탄다이올, 팔미토일트라이펩타이드-5, 카보머"
"A000000248615","[올리브베러 단독] 아벤느 제라캄 A.D 인텐시브 밤 400ml","아벤느","400.0","400.0","ml","59000","56000","1400.0","온천수(아벤느 온천수), 미네랄오일, 글리세린, 카프릴릭/카프릭트라이글리세라이드, 피이지-12, 달맞이꽃오일, 글리세릴스테아레이트, 미레스-3미리스테이트, 피이지-100스테아레이트, 폴리아크릴레이트-13, 아쿠아필루스 돌로미아이추출물, 알지닌, 시트릭애씨드, 달맞이꽃오일/팜오일아미노프로판다이올에스터, 글라이신, 폴리아이소부텐, 폴리솔베이트20, 솔비탄아이소스테아레이트, 토코페롤, 정제수"
"A000000248823","웰라쥬 리얼 히알루로닉 수딩 크림 80ml","웰라쥬","80.0","80.0","ml","","28000","3500.0","정제수, 부틸렌글라이콜, 글리세린, 1,2-헥산다이올, 나이아신아마이드, 하이드로제네이티드다이데센, 판테놀, 세테아릴알코올, 세틸에틸헥사노에이트, 트레할로오스, 메틸트라이메티콘, 비닐다이메티콘, 올리브오일폴리글리세릴-6에스터, 알지닌, 카보머, 소듐스테아로일락틸레이트, 하이드록시에틸아크릴레이트/소듐아크릴로일다이메틸타우레이트코폴리머, 하이드록시아세토페논, 에틸헥실글리세린, 알란토인, 아데노신, 트라이소듐에틸렌다이아민다이석시네이트, 다이소듐이디티에이, 소듐폴리아크릴레이트, 피브이엠/엠에이코폴리머, 솔비탄아이소스테아레이트, 말라카이트추출물, 소듐디엔에이, 프로판다이올, 토코페롤, 하이드롤라이즈드하이알루로닉애씨드(1ppm), 다이메틸아이소소바이드, 하이드로제네이티드레시틴, 소듐하이알루로네이트크로스폴리머(0.1981ppm), 시트릭애씨드, 카프릴릭/카프릭트라이글리세라이드, 수크로오스라우레이트, 올레일알코올, 소듐스테아로일글루타메이트, 암모늄아크릴로일다이메틸타우레이트/브이피코폴리머, 글라이신, 세린, 히스티딘, 돌콩추출물, 리솔레시틴, 플로레틴, 테트라하이드로피페린, 벤질글라이콜, 하이드롤라이즈드글라이코사미노글리칸, 소듐하이알루로네이트(0.52ppb), 하이드록시프로필트라이모늄하이알루로네이트(0.012ppb), 하이알루로닉애씨드(0.001ppb), 소듐아세틸레이티드하이알루로네이트(0.0002ppb)"
"A000000248935","더마픽스 리얼콜라겐 텐션업 멀티스틱밤 3g","더마픽스","3.0","3.0","g(약 1ml 상당으로 근사)","","20000","66666.7","해바라기씨오일, 비즈왁스, 사과씨오일, 시어버터, 스위트아몬드오일, 옥틸도데칸올, 하이드롤라이즈드콜라겐(0.00100ppm), 토코페롤, 아데노신, 정제수, 글리세린, 부틸렌글라이콜, 글라이신, 세린, 글루타믹애씨드, 아스파틱애씨드, 류신, 페닐알라닌, 알지닌, 타이로신, 페닐알라닌, 프롤린, 트레오닌, 발린, 아이소류신, 히스티딘, 시스테인, 메티오닌, 에틸헥실글리세린, 페녹시에탄올, 향료, 리모넨, 시트로넬올, 알파-아이소메틸아이오논, 벤질벤조에이트, 리날룰, 제라니올"
"A000000249122","(면도후진정)눅스 맨 애프터쉐이브 수딩 크림 75ml","눅스","75.0","75.0","ml","39000","33150","4420.0","정제수, 카프릴릭/카프릭트라이글리세라이드, 글리세린, 퀸즈랜드넛오일, 프로판다이올다이카프릴레이트, 펜틸렌글라이콜, 아라키딜알코올, 세테아릴알코올, 베헤닐알코올, 하이드록시에틸아크릴레이트/소듐아크릴로일다이메틸타우레이트코폴리머, 호두오일, 아라키딜글루코사이드, 1,2-헥산다이올, 카프릴릴글라이콜, 폴리글리세릴-4올리에이트, 토코페롤, 구주물푸레나무껍질추출물, 보검선인장줄기추출물, 해바라기씨오일, 폴리솔베이트60, 솔비탄아이소스테아레이트, 트로폴론, 다이소듐포스페이트, 테트라메틸아세틸옥타하이드로나프탈렌, 아세틸세드렌, 아틀라스시다나무껍질오일, 광곽향오일, 센티드제라늄꽃오일, 향료, 리날룰, 시트랄, 리모넨, 시트로넬올​"
"A000000249165","[주름개선/앰플3ml증정] 코스메쉐프 흑당고 진액 영양 주름 딱밤 5.6g","코스메쉐프","3.0","3.0","ml","48000","40600","135333.3","옥틸도데칸올, 올리브오일, 아보카도오일, 달맞이꽃오일, 폴리글리세일-3리시놀리에이트, 아마씨오일, 정제수, 판테놀(37,500ppm), 실리카실릴레이트, 트라이에틸헥사노인, 다이부틸에틸헥사노일글루타마이드, 다이부틸라우로일글루타마이드, 아이소스테아릴알코올, 나이아신아마이드, 하이드록시아파타이트, 레틴알(1,000ppm), 바쿠티올(1,000ppm), 칸디다 봄비콜라/클로코오스/메틸레이프씨데이트발효물, 소듐하이알루로네이트, 티트리잎오일, 스쿠알란, 편백오일, 로즈마리잎오일, 쇠비름추출물, 인동덩굴꽃추출물, 당느룹나무뿌리추출물, 서양민들레잎추출물, 병풀입추출물, 약모밀추출물, 고삼뿌리추출물, 스페인감초뿌리추출물, 녹차추출물, 토코페롤, 아데노신, 리모넨, 리날룰"
"A000000249611","[트러블흔적/광채] 비긴스 바이 정샘물 나이아신아마이드10 흔적크림 50ml","비긴스 바이 정샘물","50.0","50.0","ml","","24000","4800.0","정제수, 글리세린, 에틸헥실팔미테이트, 나이아신아마이드, 수크로오스스테아레이트, 1,2헥산다이올, 부틸렌글라이콜, 비닐다이메티콘, 세테아릴알코올, 시어버터, 퀸즈랜드넛오일, 하이드로제네이티드식물성오일, 쌀겨왁스, 아이리쉬모스가루, 글루타티온(100ppm), 구아바열매추출물(100ppm), 알파-알부틴, 비타민나무수, 병풀잎추출물, 병풀추출물, 세라마이드엔피, 스쿠알란, 아시아티코사이드, 마데카식애씨드, 아시아틱애씨드, 3-O-에틸아스코빅애씨드, 마데카소사이드, 펜틸렌글라이콜, 피토스테릴/베헤닐/옥틸도데실라우로일글루타메이트, 암모늄아크릴로일다이메틸타우레이트/브이피코폴리머, 판테놀, 하이드록시에틸아크릴레이트/소듐아크릴로일다이메틸타우레이트코폴리머, 아미노메틸프로판다이올, 아크릴레이트/C10-30알킬아크릴레이트크로스폴리머, 에틸헥실글리세린, 카프릴릭/카프릭트라이글리세라이드, 프로판다이올, 다이라우릴티오다이프로피오네이트, 펜타에리스리틸테트라-다이t-부틸하이드록시하이드로신나메이트, 아데노신, 소듐파이테이트, 아가, 트로메타민, 폴리글리세릴10올리에이트, 폴리글리세릴-5올리에이트, 소듐스테아로일글루타메이트, 바이오사카라이드검-1, 하이드로제네이티드레시틴, 알루미늄하이드록사이드, 토코페롤, 폴리글리세릴-10라우레이트, 카보머, 클레리오일, 메도우폼씨오일, 필리핀오렌지껍질오일, 광곽향오일, 리모넨, 리날룰, 티타늄디옥사이드 (CI 77891), 적색226호 (CI 73360)"
"A000000249650","[여드름기능성] 동아제약 아크네 프로 겔제 30ml","동아제약","30.0","30.0","ml","25000","18500","6166.7","정제수, 프로판다이올, 변성알코올, 에톡시다이글라이콜, 1,2-헥산다이올, 폴리아크릴레이트크로스폴리머-6, 살리실릭애씨드, 소듐폴리아크릴로일다이메틸타우레이트, 트로메타민, 암모늄아크릴로일다이메틸타우레이트/브이피코폴리머, 베타인, 하이드록시에틸셀룰로오스, 락토바실러스발효물, 에틸헥실글리세린, 다이소듐이디티에이, 부틸렌글라이콜, 펜틸렌글라이콜, 글라이콜릭애씨드, 글리세린, 다이소듐포스페이트, 폴리솔베이트60, 카프릴릴글라이콜, 소듐포스페이트, 라우릴글루코사이드, 토코페롤, 카프릴릭/카프릭트라이글리세라이드, 하이드로제네이티드레시틴, 소나무잎추출물, 다이메틸설폰, 다이포타슘글리시리제이트, 티트리잎오일, 석시닉애씨드, 도둑놈의지팡이뿌리추출물, 탱자추출물, 삼백초잎/뿌리추출물, 육계나무껍질추출물"
"A000000249651","[트러블표적케어] 동아제약 아크네 프로 크림제 30ml","동아제약","30.0","30.0","ml","35000","25000","8333.3","정제수, 카프릴릭/카프릭트라이글리세라이드, 락토바실러스발효물, 나이아신아마이드, 프로판다이올, 아이소프로필미리스테이트, 팔미틱애씨드, 페닐트라이메티콘, 스테아릴알코올, 스테아릭애씨드, 세테아릴올리베이트, 글리세릴스테아레이트, 1,2-헥산다이올, 솔비탄올리베이트, 부틸렌글라이콜, 세테아릴알코올, 하이드록시아세토페논, 펜틸렌글라이콜, 알지닌, 카보머, 다이소듐이디티에이, 카프릴릴글라이콜, 글리세린, 다이메틸설폰, 다이포타슘글리시리제이트, 석시닉애씨드, 징크피씨에이, 라우릴글루코사이드, 하이드로제네이티드레시틴, 소나무잎추출물, 도둑놈의지팡이뿌리추출물, 탱자추출물, 삼백초잎/뿌리추출물, 육계나무껍질추출물"
"A000000250188","[촉촉광채/올인원멀티케어] 가히 멀티밤 9g","가히","9.0","9.0","g(약 1ml 상당으로 근사)","","37800","42000.0","해바라기씨오일, 폴리글리세릴-2트라이아이소스테아레이트, 칸데릴라왁스, 사과씨오일, 스위트아몬드오일, 시어버터, 옥틸도데칸올, 쌀겨왁스, 파라핀, 마이크로크리스탈린왁스, 스쿠알란, 향료, 스테아릭애씨드, 그롬웰뿌리추출물, 토코페롤, 벤질살리실레이트, 유용성감초추출물, 아데노신, 하이드록시시트로넬알, 헥실신남알, 시트로넬올, 알파-아이소메틸아이오논, 바실러스발효물, 알칸나뿌리추출물, 쌀배아오일, 비에이치티, 오미자추출물, 치자추출물, 지치뿌리추출물, 울금뿌리추출물, 정제수, 카놀라오일, 타라열매추출물, 코토니추출물, 부틸렌글라이콜, 1,2-헥산다이올, 클로렐라 불가리스추출물, 당근씨오일, 하이드롤라이즈드콜라겐, 당근추출물, 베타-카로틴, 토코페릴아세테이트, 백미꽃추출물, 에틸헥실글리세린, 수용성프로테오글리칸, 접시꽃추출물, 소듐디엔에이"
"A000000250191","[PDRN탄력광채/2개구성] 가히 멀티밤 9g+9g 더블 기획","가히","9.0","18.0","g(약 1ml 상당으로 근사)","","75600","42000.0","해바라기씨오일, 폴리글리세릴-2트라이아이소스테아레이트, 칸데릴라왁스, 사과씨오일, 스위트아몬드오일, 시어버터, 옥틸도데칸올, 쌀겨왁스, 파라핀, 마이크로크리스탈린왁스, 스쿠알란, 향료, 스테아릭애씨드, 그롬웰뿌리추출물, 토코페롤, 벤질살리실레이트, 유용성감초추출물, 아데노신, 하이드록시시트로넬알, 헥실신남알, 시트로넬올, 알파-아이소메틸아이오논, 바실러스발효물, 알칸나뿌리추출물, 쌀배아오일, 비에이치티, 오미자추출물, 치자추출물, 지치뿌리추출물, 울금뿌리추출물, 정제수, 카놀라오일, 타라열매추출물, 코토니추출물, 부틸렌글라이콜, 1,2-헥산다이올, 클로렐라 불가리스추출물, 당근씨오일, 하이드롤라이즈드콜라겐, 당근추출물, 베타-카로틴, 토코페릴아세테이트, 백미꽃추출물, 에틸헥실글리세린, 수용성프로테오글리칸, 접시꽃추출물, 소듐디엔에이"
"A000000250193","가히 멀티밤 리필키트 9g","가히","9.0","9.0","g(약 1ml 상당으로 근사)","","25000","27777.8","해바라기씨오일, 폴리글리세릴-2트라이아이소스테아레이트, 칸데릴라왁스, 사과씨오일, 스위트아몬드오일, 시어버터, 옥틸도데칸올, 쌀겨왁스, 파라핀, 마이크로크리스탈린왁스, 스쿠알란, 향료, 스테아릭애씨드, 그롬웰뿌리추출물, 토코페롤, 벤질살리실레이트, 유용성감초추출물, 아데노신, 하이드록시시트로넬알, 헥실신남알, 시트로넬올, 알파-아이소메틸아이오논, 바실러스발효물, 알칸나뿌리추출물, 쌀배아오일, 비에이치티, 오미자추출물, 치자추출물, 지치뿌리추출물, 울금뿌리추출물, 정제수, 카놀라오일, 타라열매추출물, 코토니추출물, 부틸렌글라이콜, 1,2-헥산다이올, 클로렐라 불가리스추출물, 당근씨오일, 하이드롤라이즈드콜라겐, 당근추출물, 베타-카로틴, 토코페릴아세테이트, 백미꽃추출물, 에틸헥실글리세린, 수용성프로테오글리칸, 접시꽃추출물, 소듐디엔에이"
"A000000250781","더마픽스 리얼콜라겐 텐션업 앰플크림 50g","더마픽스","50.0","50.0","g(약 1ml 상당으로 근사)","","52800","10560.0","하이드롤라이즈드콜라겐(537,000ppm), 글리세린, 부틸렌글라이콜, 글리세레스-26, 1,2-헥산다이올, 베타글루칸, 소이아미노아미드, 사과씨오일, 카카오추출물, 암모늄아크릴로일다이메틸타우레이트/브이피코폴리머, 판테놀, 소듐하이알루로네이트, 하이드롤라이즈드엘라스틴, 팔미틱애씨드, 아크릴레이트/C10-30알킬아크릴레이트크로스폴리머, 에틸헥실글리세린, 아데노신, 정제수, 덱스트린, 시트릭애씨드, 솔비탄라우레이트, 하이드록시에틸셀룰로오스, 글라이신, 아세틸다이펩타이드-1세틸에스터, 세린, 글루타믹애씨드, 아스파틱애씨드, 류신, 알라닌, 라이신, 프롤린, 발린, 아이소류신, 트레오닌, 페닐알라닌, 히스티딘, 시스테인, 메티오닌, C12-16알코올, 잔탄검, 다이소듐이디티에이, 페녹시에탄올, 향료, 리모넨, 시트로넬올, 알파-아이소메틸아이오논, 벤질벤조에이트"
"A000000251178","[리락쿠마 콜라보/쿨링진정] 클레어스 EGF 블루 카밍크림 60g 한정기획 (+리락쿠마 키링 장바구니 옐로우)","디어클레어스","60.0","60.0","g(약 1ml 상당으로 근사)","","29500","4916.7","정제수, 세틸에틸헥사노에이트, 글리세린, 부틸렌글라이콜, 카프릴릭/카프릭트라이글리세라이드, 솔비탄스테아레이트, 세틸알코올, 시어버터, 아르간커넬오일, 호호바씨오일, 
병풀추출물, 솔비탄세스퀴올리에이트, 글리세릴스테아레이트, 스테아릭애씨드, 쇠비름추출물, 캐모마일꽃추출물, 칸데릴라왁스, 클로페네신, 폴리솔베이트60, 1,2-헥산다이올, 
잔탄검, 토코페릴아세테이트, 하이드로제네이티드레시틴, 아크릴레이트/C10-30알킬아크릴레이트크로스폴리머, 트로메타민, 브로콜리추출물, 뽕나무뿌리추출물, 구아이아줄렌, 
세라마이드엔피, 소듐하이알루로네이트, 아라키딕애씨드, 팔미틱애씨드, 올레익애씨드, 레시틴, 아세틸글루타민, 바실러스/폴릭애씨드/돌콩발효추출물, 에스에이치-올리고펩타이드-1, 
에스에이치-올리고펩타이드-2, 에스에이치-폴리펩타이드-1, 에스에이치-폴리펩타이드-11, 에스에이치-폴리펩타이드-9, 카프릴릴글라이콜, 아세틸헥사펩타이드-8"
"A000000251275","[밀도보습] 아벤느 이드랑스 리치 하이드레이팅 크림 40ml 3입 기획","아벤느","40.0","120.0","ml","37000","28900","2408.3","온천수(아벤느온천수),미네랄오일,글리세린,아이소헥사데칸,다이메티콘,세테아릴알코올,잇꽃씨오일,아이소세틸스테아로일스테아레이트,트라이에틸헥사노인,글리세릴스테아레이트,피이지-100스테아레이트,1,2-헥산다이올,시어버터,세테아릴글루코사이드,벤조익애씨드,향료,피토스테롤,폴리아크릴레이트-13,폴리아이소부텐,폴리솔베이트20,소듐하이드록사이드,솔비탄아이소스테아레이트,정제수,잔탄검"
"A000000251445","[태극제약]도미나스 크림 Rx 30ml","도미나스","30.0","30.0","ml","46000","33900","11300.0","정제수, 다이프로필렌글라이콜, 나이아신아마이드, 하이드로제네이티드폴리아이소부텐, 헥실데실에틸헥사노에이트, 판테놀, 프로판다이올, 트라넥사믹애씨드, 글리세린, 트라이에틸헥사노인, 1,2-헥산다이올, 세테아릴알코올, C14-22알코올, 글리세릴스테아레이트, 펜타에리스리틸테트라에틸헥사노에이트, 만델릭애씨드, 글루타믹애씨드, 유비퀴논, 하이드록시데실유비퀴논, 바쿠치올, 비사보롤, 크리신, 에피갈로카테킨갈레이트, 헥실레조시놀, 하이드록시에틸우레아, 폴리다틴, 다이메티콘, 아스코빌글루코사이드, 세테아릴올리베이트, 피이지-100스테아레이트, 세린, 솔비탄올리베이트, C12-20알킬글루코사이드, 실리카, 암모늄아크릴로일다이메틸타우레이트/브이피코폴리머, 아라키딜알코올, 베헤닐알코올, 포타슘하이드록사이드, 알란토인, 폴리메틸실세스퀴옥세인, 소듐파이루베이트, 트레할로오스, 아라키딜글루코사이드, 다이메티콘올, 카보머, 알지닌, 소듐메타바이설파이트, 잔탄검, 아데노신, 토코페롤, 카프릴릭/카프릭트라이글리세라이드, 트라이소듐이디티에이, 부틸렌글라이콜, 돌콩오일, 티타늄디옥사이드(CI 77891), 마이카, 하이드로제네이티드레시틴, 적색산화철, 폴리글리세릴-10올리에이트, 시스테인에이치씨엘, 베타-글루칸, 만니톨, 수크로오스, 왜당귀뿌리추출물, 삽주뿌리줄기추출물, 스페인감초뿌리추출물, 작약뿌리추출물, 모란뿌리추출물, 피씨에이, 질경이추출물, 복숭아씨추출물, 황금추출물, 시트룰린, 글라이코젠, 히스티딘에이치씨엘, 알라닌, 트레오닌, 라이신에이치씨엘, 향료, 벤질벤조에이트, 리날룰, 하이드록시시트로넬알, 리모넨, 헥실신남알, 시트로넬올"
"A000000251729","설화수 윤조 아이세럼 20ml","설화수","20.0","20.0","ml","115000","103500","51750.0","정제수, 글리세린, 메틸글루세스-20, 프로판다이올, 1,2-헥산다이올, 스쿠알란, 아크릴레이트/C10-30알킬아크릴레이트크로스폴리머, 트로메타민, 부틸렌글라이콜, 글리세릴폴리메타크릴레이트, 다이메티콘, 자일리톨, 풀루란, 소듐폴리아크릴로일다이메틸타우레이트, 보론나이트라이드, 세테아릴알코올, 에틸헥실글리세린, 글리세릴카프릴레이트, 펙틴, 황금추출물, 잔탄검, 칼슘클로라이드, 아데노신, 향료, 덱스트린, 카카오추출물, 리모넨, 폴리메틸실세스퀴옥세인, 소듐메타포스페이트, 인삼추출물, 옥수수커넬추출물, 카페인, 아스코빌테트라이소팔미테이트, 소듐하이알루로네이트, 다이포타슘글리시리제이트, 리날룰, 지황뿌리추출물, 작약뿌리추출물, 대추추출물, 둥굴레뿌리줄기추출물, 시트로넬올, 연꽃추출물, 참나리비늘줄기추출물, 사이아노코발아민, 스페인감초뿌리추출물, 녹차추출물, 토코페롤, 카프릴릴글라이콜, 하이드롤라이즈드디엔에이, 아세틸헵타펩타이드-4, 아세틸헥사펩타이드-8, 소듐하이드록사이드, 아세틸옥타펩타이드-3"
"A000000252197","[유니 PICK] 플로위 PDRN 액티브 베리어 크림 50ml","플로위","50.0","50.0","ml","56000","37240","7448.0","정제수, 글리세린, 부틸렌글라이콜, 카프릴릭/카프릭트라이글리세라이드, 세틸에틸헥사노에이트, 판테놀, 1,2-헥산다이올, 시어버터, 세테아릴올리베이트, 솔비탄올리베이트, *프로판다이올, 세테아릴알코올, 호호바씨오일, 글리세릴스테아레이트, 비닐다이메티콘, 쌀겨왁스, 알지닌, 카보머, 암모늄아크릴로일다이메틸타우레이트/브이피코폴리머, 폴리아크릴레이트-13, *클로렐라 불가리스추출물, 소듐디엔에이(1,000ppm), 폴리아이소부텐, 에틸헥실글리세린, 류코노스톡/무발효여과물, 아데노신, 옥수수커넬추출물, 다이소듐이디티에이, 폴리솔베이트20, 베타-글루칸, 솔비탄아이소스테아레이트, 해바라기씨오일불검화물, *레시틴, 바실러스발효물, 아틀라스시다나무껍질오일, 소듐하이알루로네이트, 하이알루로닉애씨드, 하이드롤라이즈드하이알루로닉애씨드, 사막장미잎세포추출물, 라벤더오일, 로즈마리잎오일, 포도세포추출물, 프룩탄, 포트마리골드추출물, 글루코오스, *글라이신 *RetinART"
"A000000252302","[NEW] 랑콤 레네르지 콜라겐 리프트 익스텐드 크림 50ml","랑콤","50.0","50.0","ml","169000","137900","27580.0","정제수 글리세린 메틸프로판다이올 스쿠알란 다이카프릴릴에터 다이메티콘 베타인 다이메티콘/비닐다이메티콘크로스폴리머 펜타에리스리틸다이스테아레이트 세테아릴알코올 세테아릴글루코사이드 피토스테릴/이소스테아릴/세틸/스테아릴/베헤닐다이머디리놀리에이트 부틸렌글라이콜 소듐폴리아크릴레이트 1,2-헥산다이올 소듐스테아로일글루타메이트 다이펜타에리스리틸헥사하이드록시스테아레이트/헥사스테아레이트/헥사로지네이트 하이드록시아세토페논 향료 하이드록시에틸아크릴레이트/소듐아크릴로일다이메틸타우레이트코폴리머 에틸헥실글리세린 폴리글리세릴-10미리스테이트 베타-글루칸 하이드롤라이즈드옥수수전분 아데노신 카보머 소듐락테이트 폴리솔베이트60 수크로오스 페녹시에탄올 폴리솔베이트20 소듐하이알루로네이트 수용성콜라겐(0.01%) 솔비탄아이소스테아레이트 리모넨 벤질알코올 제라니올 토코페롤 알지닌 카퍼트라이펩타이드-1 팔미토일트라이펩타이드-1 카프릴릴글라이콜 팔미토일테트라펩타이드-7 황색4호 소듐벤조에이트 적색504호"
"A000000252669","[손상피부개선]SVR 시카비트+ 크림 HPPI 40ml","SVR","40.0","40.0","ml","29000","23200","5800.0","정제수, 바바수씨오일, 해바라기씨오일, 시어버터, 옥수수오일, 프로판다이올, 글리세릴스테아레이트, 글리세린, 베헤닐알코올, 나이아신아마이드, 부틸렌글라이콜, 세테아릴알코올, 변성옥수수전분, 펜틸렌글라이콜, 레시틴, 알파-글루칸올리고사카라이드, 울금뿌리추출물, 소듐스테아로일글루타메이트, 소듐폴리아크릴레이트, 소듐스테아로일락틸레이트, 1,2-헥산다이올, 카프릴릴글라이콜, 잔탄검, 하이드롤라이즈드하이알루로닉애씨드, 글라이코스핑고리피드, 글라이코리피드, 시트릭애씨드, 토코페롤, 람노오스, 글루코오스, 글루쿠로닉애씨드, 하이드롤라이즈드효모추출물, 소듐하이드록사이드​"
"A000000252773","[다크서클커버] 샤이샤이샤이 바나나 PDRN 컨실 아이크림 바닐라 15g (21~23호 추천)","샤이샤이샤이","15.0","15.0","g(약 1ml 상당으로 근사)","","26000","17333.3","정제수, 다이메티콘, 글리세린, 부틸렌글라이콜, 티타늄디옥사이드, 1,2-헥산다이올, 나이아신아마이드, 하이드로제네이티드폴리데센, 소듐아크릴레이트/소듐아크릴로일다이메틸타우레이트코폴리머, 피이지-240/에이치디아이코폴리머비스-데실테트라데세스-20에터, 소듐폴리아크릴레이트, 토코페릴아세테이트, 아이소헥사데칸, 황색산화철, 하이드록시아세토페논, 판테놀, 폴리글리세릴-3폴리다이메틸실록시에틸다이메티콘, 에틸헥실글리세린, 폴리솔베이트80, 알루미늄하이드록사이드, 트라이에톡시카프릴릴실레인, 향료, 적색산화철, 아데노신, 솔비탄올리에이트, 다이소듐이디티에이, 글리세릴폴리메타크릴레이트, 엑토인, 바나나추출물(10ppm), 소듐디엔에이(10ppm), 토코페롤, 포타슘라우레이트, 시트릭애씨드"
"A000000252779","[다크서클커버] 샤이샤이샤이 바나나 PDRN 컨실 아이크림 크림 15g (17~19호 추천)","샤이샤이샤이","15.0","15.0","g(약 1ml 상당으로 근사)","","26000","17333.3","정제수, 다이메티콘, 티타늄디옥사이드, 글리세린, 부틸렌글라이콜, 1,2-헥산다이올, 나이아신아마이드, 하이드로제네이티드폴리데센, 소듐아크릴레이트/소듐아크릴로일다이메틸타우레이트코폴리머, 피이지-240/에이치디아이코폴리머비스-데실테트라데세스-20에터, 소듐폴리아크릴레이트, 토코페릴아세테이트, 아이소헥사데칸, 하이드록시아세토페논, 판테놀, 알루미늄하이드록사이드, 폴리글리세릴-3폴리다이메틸실록시에틸다이메티콘, 에틸헥실글리세린, 황색산화철, 폴리솔베이트80, 트라이에톡시카프릴릴실레인, 향료, 아데노신, 적색산화철, 솔비탄올리에이트, 다이소듐이디티에이, 글리세릴폴리메타크릴레이트, 흑색산화철, 엑토인, 바나나추출물(10ppm), 소듐디엔에이(10ppm), 토코페롤, 포타슘라우레이트, 시트릭애씨드"
"A000000253621","[1등 장벽PDRN/푸린백팩] 센텔리안24 마데카 크림 액티브 리뉴 PDRN 50ml 기획 (+15ml 포켓몬 에디션)","센텔리안24","50.0","65.0","ml","46000","27900","4292.3","정제수, 글리세린, 다이프로필렌글라이콜, 카프릴릭/카프릭트라이글리세라이드, 하이드로제네이티드폴리(C6-14올레핀), 글리세릴스테아레이트, 펜타에리스리틸테트라에틸헥사노에이트, 나이아신아마이드, 메틸트라이메티콘, 비닐다이메티콘, 세테아릴알코올, 다마스크장미꽃수, 폴리글리세릴-10라우레이트, 소듐디엔에이(2,000 ppm), 마데카식애씨드(1,600 ppm), 아시아티코사이드, 아시아틱애씨드, 병풀추출물, 글루타티온, 카페인, 베타-시토스테롤, 피토스테롤, 다시마추출물, 알로에베라잎추출물, 참마뿌리추출물, 당느릅나무뿌리추출물, 제비꽃꽃추출물, 소듐하이알루로네이트, 다이메틸실란올하이알루로네이트, 하이드롤라이즈드하이알루로닉애씨드, 하이드롤라이즈드소듐하이알루로네이트, 하이알루로닉애씨드, 포타슘하이알루로네이트, 소듐하이알루로네이트크로스폴리머, 하이드록시프로필트라이모늄하이알루로네이트, 소듐하이알루로네이트다이메틸실란올, 소듐아세틸레이티드하이알루로네이트, 1,2-헥산다이올, 판테놀, C10-18트라이글리세라이즈, 소듐스테아로일글루타메이트, 소듐폴리아크릴로일다이메틸타우레이트, 부틸렌글라이콜, 호호바에스터, 혼합글리세릴스테아레이트, 하이드록시아세토페논, 하이드록시에틸아크릴레이트/소듐아크릴로일다이메틸타우레이트코폴리머, 세틸알코올, 스테아릴알코올, 베헤닐알코올, 해바라기씨왁스, 황련뿌리추출물, 에틸헥실글리세린, 라벤더오일, 베르가모트오일, 올리브오일, 오렌지껍질오일, 잔탄검, 로즈마리잎오일, 다이소듐이디티에이, 아데노신, 솔비탄아이소스테아레이트, 폴리글리세린-3, 캐모마일꽃오일, 사이아노코발아민, 아스코빅애씨드, 토코페롤, 세라마이드엔피, 글라이코프로테인, 피토스핑고신, 하이드로제네이티드레시틴, 콜라겐아미노산, 하이드롤라이즈드엘라스틴, 아스파틱애씨드, 글라이신, 글루타믹애씨드, 알지닌, 리모넨, 리날룰"
"A000000254645","[NEW/흔적토닝] 닥터지 비타 클리어 글루타샷 7 플러스 랩핑 흔적 크림 50ml","닥터지","50.0","50.0","ml","32000","22400","4480.0","정제수, 트라이프로필렌글라이콜, 부틸렌글라이콜, 비타민나무수, 프로판다이올, 글리세린, 나이아신아마이드, 펜타에리스리틸테트라에틸헥사노에이트, 호호바씨오일, 비닐다이메티콘, 카프릴릭/카프릭트라이글리세라이드, 1,2-헥산다이올, 폴리아크릴레이트크로스폴리머-6, 글루타티온, 트라넥사믹애씨드, 암모늄아크릴로일다이메틸타우레이트/브이피코폴리머, 하이드로제네이티드식물성오일, 하이드록시아세토페논, 소듐폴리아크릴레이트, 에틸헥실글리세린, 옥틸도데실미리스테이트, 아데노신, 지치뿌리추출물, 잔탄검, 젤란검, 아가, 올레일알코올, 카프릴릴/카프릴글루코사이드, 유비퀴논, 다이메틸아이소소바이드, 글라이신, 소듐하이알루로네이트크로스폴리머, 시스테인, 마데카소사이드, 아스파틱애씨드, 류신, 알라닌, 라이신, 하이드로제네이티드레시틴, 알지닌, 타이로신, 페닐알라닌, 발린, 프롤린, 아이소류신, 히스티딘, 메티오닌, 폴리글리세릴-3메틸글루코오스다이스테아레이트, 아스타잔틴, 아스코빅애씨드, 티옥틱애씨드, 토코페롤, 메도우폼델타-락톤, 세라마이드엔피, 소듐하이알루로네이트, 글루타믹애씨드"
"A000000254760","[온라인단독/대용량] 에스트라 아토베리어365 크림 80mlX3 한정기획","에스트라","80.0","80.0","ml","","99000","12375.0","정제수, 부틸렌글라이콜, 글리세린, 부틸렌글라이콜다이카프릴레이트/다이카프레이트, 세틸에틸헥사노에이트, 스쿠알란, 펜타에리스리틸테트라아이소스테아레이트, 다이카프릴릴카보네이트, 베헤닐알코올, 다이메티콘, 하이드록시프로필비스팔미타마이드엠이에이, 스테아릭애씨드, 베타인, 만니톨, C14-22알코올, 팔미틱애씨드, 하이드록시프로필비스라우라마이드엠이에이, 아라키딜알코올, 콜레스테롤, 폴리아크릴레이트-13, C12-20알킬글루코사이드, 알란토인, 아라키딜글루코사이드, 나이아신아마이드, 세라마이드엔피, 글리세릴카프릴레이트, 에틸헥실글리세린, 하이드로제네이티드폴리아이소부텐, 카보머, 트로메타민, 다이메티콘올, 폴리글리세릴-10라우레이트, 하이드로제네이티드레시틴, 에틸헥실팔미테이트, 아크릴레이트/암모늄메타크릴레이트코폴리머, 솔비탄아이소스테아레이트, 실리카, 피토스핑고신, 스핑고리피드, 아라키딕애씨드, 토코페롤, 올레익애씨드"
"A000000254849","가히 아이밤 9g","가히","9.0","9.0","g(약 1ml 상당으로 근사)","37800","24900","27666.7","해바라기씨오일, 폴리글리세릴-2트라이아이소스테아레이트, 칸데릴라왁스, 스위트아몬드오일, 사과씨오일, 트라이에틸헥사노인, 쿠푸아수씨버터, 옥틸도데칸올, 쌀겨왁스, 파라핀, 마이크로크리스탈린왁스, 유용성감초추출물, 비타민나무오일, 그롬웰뿌리추출물, 바실러스발효물, 타라열매추출물, 코토니추출물, 쌀배아오일, 오미자추출물, 하이드롤라이즈드콜라겐, 지치뿌리추출물, 모노기나산사꽃추출물, 아라비안자스민꽃추출물, 알칸나뿌리추출물, 울금뿌리추출물, 스테아릭애씨드, 토코페롤, 아데노신, 스쿠알란, 정제수, 프로판다이올, 글리세린, 1,2-헥산다이올, 부틸렌글라이콜, 시트릭애씨드, 에틸헥실글리세린, 아세틸헥사펩타이드-8, 수용성프로테오글리칸, 소듐디엔에이, 향료, 벤질벤조에이트, 헥실신남알, 벤질살리실레이트, 하이드록시시트로넬알, 시트로넬올, 알파-아이소메틸아이오논, 리날룰, 치자추출물"
"A000000255066","[고보습광채크림] 하다라보 고쿠쥰 크림 50ml","하다라보","50.0","50.0","ml","21000","12600","2520.0","정제수, 글리세린, 다이프로필렌글라이콜, 다이글리세린, 펜틸렌글라이콜, 카프릴릭/카프릭트라이글리세라이드, 하이드로제네이티드폴리(C6-12올레핀), 카보머, 트라이에탄올아민, 스테아릴알코올, 피이지-20솔비탄아이소스테아레이트, 페녹시에탄올, 베헤닐알코올, 글리세릴스테아레이트, 소듐벤조에이트, 소듐하이알루로네이트, 다이메티콘, 다이소듐이디티에이, 피토스테릴/옥틸도데실라우로일글루타메이트, 부틸렌글라이콜, 하이드롤라이즈드하이알루로닉애씨드, 소듐아세틸레이티드하이알루로네이트, 락토코쿠스/하이알루로닉애씨드발효여과물"
"A000000255445","[초밀도탄력]스킨1004 마다가스카르 센텔라 히알루-테카 퍼밍 크림 50ml","스킨1004","50.0","50.0","ml","35000","29750","5950.0","정제수, 코코-카프릴레이트/카프레이트, 부틸렌글라이콜, 스쿠알란, 나이아신아마이드, 비닐다이메티콘, 호호바씨오일, 1,2-헥산다이올, 세틸알코올, 시어버터, 에틸헥실팔미테이트, 트레할로오스, 세테아릴올리베이트, 베헤닐알코올, 폴리글리세릴-2스테아레이트, 솔비탄올리베이트, 병풀추출물, 판테놀, 폴리글리세릴-10미리스테이트, 하이드롤라이즈드하이알루로닉애씨드, 글리세릴스테아레이트, 폴리아크릴아마이드, 스테아릴알코올, 글리세린, 폴리글리세릴-10라우레이트, 하이드록시아세토페논, 팔미틱애씨드, C13-14아이소알케인, 스테아릭애씨드, 세테아릴알코올, 하이드로제네이티드레시틴, 소듐스테아로일글루타메이트, 에틸헥실글리세린, 글리세릴스테아레이트에스이, 라우레스-7, 잔탄검, 아데노신, 콜레스테롤, C12-13알케스-9, 세라마이드엔피, 무화과추출물, 바나나꽃추출물, 소듐하이알루로네이트, 에톡시다이글라이콜, 다마스크장미꽃수, 서양배추출물, 서양자두추출물, 멜론추출물, 서양송악잎/줄기추출물, 옥틸도데칸올, 아시아티코사이드, 글라이코리피드, 마데카식애씨드, 아시아틱애씨드, 토코페롤, 펜틸렌글라이콜, 글라이신, 콜라겐, 글루타믹애씨드, 알지닌, 마데카소사이드, 엑토인, 빌베리씨오일, 바오밥나무씨오일, 라즈베리씨오일, 말토덱스트린, 카퍼트라이펩타이드-1, 하이드롤라이즈드식물성단백질, 돌콩펩타이드, 헥사펩타이드-9, 팔미토일헥사펩타이드-12"
"A000000255828","[쿨링/진정] 센텔리안24 마데카 수분크림 하이드라 카밍 기획(50ml+15ml)","센텔리안24","50.0","65.0","ml","32000","20900","3215.4","병풀잎수, 다이프로필렌글라이콜, 글리세린, 정제수, 카프릴릭/카프릭트라이글리세라이드, 나이아신아마이드, 1,2-헥산다이올, 세틸에틸헥사노에이트, 에리스리톨, 판테놀, 자일리톨, 글리세릴스테아레이트에스이, 비닐다이메티콘, 폴리글리세릴-3메틸글루코오스다이스테아레이트, 하이드록시아세토페논, 소듐폴리아크릴로일다이메틸타우레이트, 폴리글리세릴-10라우레이트, 카보머, 알지닌, 트레할로오스, 옥수수전분, 실리카, 부틸렌글라이콜, 다이페닐실록시페닐트라이메티콘, 시어버터, 락토바실러스/병풀추출발효여과물, 스테아릭애씨드, 자일리틸글루코사이드, 아시아티코사이드, 마데카식애씨드(400 ppm), 아데노신, 카프릴릴글라이콜, 안하이드로자일리톨, 베헤닐알코올, 다이메티콘/페닐비닐다이메티콘크로스폴리머, 소듐하이알루로네이트, 아시아틱애씨드, 다이소듐이디티에이, 하이드로제네이티드레시틴, 글리세릴아크릴레이트/아크릴릭애씨드코폴리머, 카페인, 엑토인, 프로판다이올, 아라키딜알코올, 스테아릴알코올, 녹차추출물, 세테아릴알코올, 펜틸렌글라이콜, 레몬머틀잎추출물, 병풀꽃추출물, 병풀캘러스배양액, 에틸헥산다이올, 두충나무껍질추출물, 당호박추출물, 타임추출물, 짚신나물추출물, 수용성콜라겐, 에틸헥실글리세린, 세라마이드엔피, 하이알루로닉애씨드/폴리아이소프로필아크릴아마이드코폴리머, 아세틸헥사펩타이드-8, 에톡시다이글라이콜, 병풀잎추출물, 병풀추출물, 병풀뿌리추출물, 하이드롤라이즈드하이알루로닉애씨드, 하이드롤라이즈드소듐하이알루로네이트, 다이메틸실란올하이알루로네이트, 하이알루로닉애씨드, 피토스핑고신, 콜레스테롤, 포타슘하이알루로네이트, 하이드록시프로필트라이모늄하이알루로네이트, 소듐하이알루로네이트크로스폴리머, 세라마이드엔지, 세라마이드엔에스, 세라마이드에이에스, 세라마이드에이피, 소듐하이알루로네이트다이메틸실란올, 소듐아세틸레이티드하이알루로네이트, 하이드롤라이즈드병풀단백질, 세라마이드이오피, 레몬껍질오일, 로즈마리잎오일, 분비나무오일, 페퍼민트오일, 카멜그라스오일, 시트랄, 리모넨"
"A000000256156","(끈적임NO/미백기능성)눅스 맨 모이스처 크림 50ml","눅스","50.0","50.0","ml","43000","36550","7310.0","정제수, 나이아신아마이드, 카프릴릭/카프릭트라이글리세라이드, 글리세린, 펜틸렌글라이콜, 시어버터, 세테아릴알코올, 호두오일, 카보머, 에틸헥실글리세린, 소듐하이드록사이드, 시트릭애씨드, 1,2-헥산다이올, 카프릴릴글라이콜, 소듐글루코네이트, 폴리글리세릴-4올리에이트, 토코페롤, 구주물푸레나무껍질추출물, 소듐하이알루로네이트, 해바라기씨오일, 트로폴론, 테트라메틸아세틸옥타하이드로나프탈렌, 아세틸세드렌, 아틀라스시다나무껍질오일, 광곽향오일, 센티드제라늄꽃오일, 향료, 리날룰, 시트랄, 리모넨, 시트로넬올"
"A000000256757","[의약외품] 동아제약 센테카솔 연고 30g","동아제약","30.0","30.0","g(약 1ml 상당으로 근사)","29000","20710","6903.3",""
"A000000257390","비오템 아쿠아수르스 수분 젤 크림 75ml","비오템","75.0","75.0","ml","85000","70550","9406.7","정제수 글리세린 변성알코올 살구씨오일 세테아릴아이소노나노에이트 아이소프로필아이소스테아레이트 시어버터 세라마이드엔피 카보머 소듐클로라이드 소듐하이알루로네이트(0.11%) 소듐하이드록사이드 2-올레아미도-1,3-옥타데칸다이올 콜레스테롤 아데노신 암모늄폴리아크릴로일다이메틸타우레이트 하이드록시아세토페논 하이드록시팔미토일스핑가닌 카프릴로일살리실릭애씨드 비트레오스실라발효물 시트릭애씨드 잔탄검 멘톡시프로판다이올 토코페롤 클로페네신 황색4호 청색1호 리날룰 리모넨 시트랄 향료"
"A000000257584","[NEW] 숨37 타임 에너지 모이스트 베리어 크림 25ml 기획 (+10ml 증정)","숨37","25.0","35.0","ml","38000","28500","8142.9","[본품/증정 동일]
정제수, 글리세린, 프로판다이올, 변성알코올, 다이메티콘, 카프릴릭/카프릭트라이글리세라이드, 솔비탄스테아레이트, 1,2-헥산다이올, 스쿠알란, 베타인, C13-15알케인, 세테아릴알코올, 메틸트라이메티콘, 미리스틸미리스테이트, 판테놀, 펜타에리스리틸테트라에틸헥사노에이트, 글리세릴스테아레이트, 부틸렌글라이콜, 스테아릴알코올, 수크로오스스테아레이트, 트레할로오스, 올리브오일, 하이드롤라이즈드식물성단백질, 글라이코실트레할로오스, 수크로오스코코에이트, 보론나이트라이드, 하이드록시에틸아크릴레이트/소듐아크릴로일다이메틸타우레이트코폴리머, 팔미틱애씨드, 스테아릭애씨드, 하이드로제네이티드스타치하이드롤리세이트, 트로메타민, 카보머,잔탄검, 비니거, 아크릴레이트/C10-30알킬아크릴레이트크로스폴리머, 소듐다이라우미도글루타미드라이신, 다이메티콘올, 티타늄디옥사이드(CI 77891), 마이카, 피이지-크로스폴리머, 트라이소듐이디티에이, C14-22알코올,폴리솔베이트60, 솔비탄아이소스테아레이트, 마카다미아씨오일, 트라이에틸헥사노인, 적색산화철, 아라키딜글루코사이드, 베타-글루칸, 시어버터, 하이드로제네이티드레시틴, 콜라겐, 메틸프로판다이올, 세라마이드엔피, 콜레스테롤, 피이지-100스테아레이트, 에틸헥실글리세린, 세라마이드이오피, 엑토인, 폴리글루타믹애씨드, 효모폴리펩타이드, 토코페롤, 라임전초오일, 로즈마리잎오일, 센티드제라늄꽃오일, 리모넨, 시트랄, 시트로넬올, 제라니올, 리날룰"
"A000000257588","[NEW] 숨37 타임 에너지 브라이트 루미너스 크림 25ml 기획 (+10ml 증정)","숨37","25.0","35.0","ml","45000","35500","10142.9","[본품/증정 동일]
정제수, 부틸렌글라이콜, 프로판다이올, 글리세린, 하이드로제네이티드에틸헥실올리베이트, C10-18트라이글리세라이즈, 유차나무씨오일, 나이아신아마이드, 펜틸렌글라이콜, 소듐아크릴레이트코폴리머, 1,2-헥산다이올, 베헤닐알코올, 시어버터, 살비아잎수, 레시틴, 세린, 돌콩추출물, 하이드로제네이티드올리브오일불검화물, 오일팜오일, 다이포타슘글리시리제이트, 토코페릴아세테이트, 비니거, 스클레로튬검, 세라마이드엔피, 아데노신, 잔탄검, 토코페롤, 트레할로오스, 알란토인, 소듐하이알루로네이트, 돌콩오일, 베타-글루칸,솔비톨, 트라이소듐이디티에이, 티타늄디옥사이드(CI 77891), 마이카, 아스코빅애씨드, 적색산화철, 토코트라이엔올, 알지닌, 글루타믹애씨드, 효모폴리펩타이드, 향료, 벤질살리실레이트, 리날룰, 제라니올, 시트로넬올, 리모넨, 시트랄, 유제놀"
"A000000257656","[NEW] 오휘 익스트림 화이트 나이아신아마이드 10% TX 멜라토닝 크림 60ml","오휘","60.0","60.0","ml","100000","85000","14166.7","정제수, 나이아신아마이드(10%), 프로판다이올, 부틸렌글라이콜, 아이소프로필팔미테이트, 스쿠알란, 카프릴릭/카프릭트라이글리세라이드, 글리세린, C14-22알코올, 세테아릴알코올, 1,2-헥산다이올, 다이메티콘, 글리세릴스테아레이트, 알파-비사보롤, 판테놀, 피이지-100스테아레이트, 토코페릴아세테이트, 트라넥사믹애씨드(0.5%), C12-20알킬글루코사이드, 소듐스테아로일글루타메이트, 카프릴릴글라이콜, 향료, 아크릴레이트/C10-30알킬아크릴레이트크로스폴리머, 알란토인, 아라키딜알코올, 포타슘하이드록사이드, 잔탄검, 하이드록시에틸아크릴레이트/소듐아크릴로일다이메틸타우레이트코폴리머, 아데노신, 베헤닐알코올, 시어버터, 피토스테릴/이소스테아릴/세틸/스테아릴/베헤닐다이머디리놀리에이트, 육두구추출물, 소듐메타바이설파이트, 트라이소듐이디티에이, 아라키딜글루코사이드, 하이드로제네이티드레시틴, 베타인, 트레할로오스, 헥실레조시놀, 피이지-8카프릴릭/카프릭글리세라이즈, 폴리솔베이트60, 솔비탄아이소스테아레이트, 세라마이드엔피, 콜레스테롤, 카보머, 트로메타민, 팔미틱애씨드, 스테아릭애씨드, 폴리솔베이트20, 수선화비늘줄기추출물, 글라이코프로테인, 올리고펩타이드-1, 올리고펩타이드-2, 올리고펩타이드-3, 올리고펩타이드-6, 올리고펩타이드-4, 리모넨"
"A000000257712","[26년 신형] 달바 비타 캡슐 크림 나이아신아마이드 5퍼센트 55g","달바","55.0","55.0","g(약 1ml 상당으로 근사)","58000","42900","7800.0","비타민나무수(308,886ppm), 정제수, 글리세린, 부틸렌글라이콜, 메틸하이드로제네이티드로지네이트, 나이아신아마이드(50,000ppm), 다이프로필렌글라이콜, 메틸프로판다이올, 1,2-헥산다이올, 페닐프로필디메틸실록시실리케이트, 카프릴릭/카프릭트라이글리세라이드, 세테아릴올리베이트, 글리세릴스테아레이트, 아이소노닐아이소노나노에이트, 프로판다이올, 솔비탄올리베이트, 다이펩타이드-15, 하이드로제네이티드레시틴, 세테아릴알코올, 비닐다이메티콘, 폴리아크릴레이트-13, 합성비즈왁스, 소듐폴리아크릴레이트, 흰서양송로추출물, 하이드로제네이티드폴리아이소부텐, 캐스터오일/아이피디아이코폴리머, 당근추출물, 카놀라오일, 에틸헥실글리세린, 잔탄검, 아데노신, 폴리글리세릴-10라우레이트, 에틸헥실팔미테이트, 다이소듐이디티에이, 레시틴, 솔비탄아이소스테아레이트, 하이알루로닉애씨드, 하이드롤라이즈드하이알루로닉애씨드, 소듐하이알루로네이트, 다이포타슘글리시리제이트, 당근씨오일, 판테놀(75ppm), 알지닌, 카보머, 병풀추출물, 해바라기꽃추출물, 연꽃꽃추출물, 해바라기씨오일, 아모다이메티콘, 베타-카로틴, 토코페릴아세테이트(15ppm), 아스코빅애씨드(10,000ppb), 글루타티온, 콜레스테롤, 버지니아풍년화추출물, 세라마이드엔피, 약모밀추출물, 멕시칸치아씨추출물, 티트리잎추출물, 토코페롤(0.503ppm), 동백나무씨오일, 돌콩오일, 비타민나무열매오일(0.5ppm), 퀸즈랜드넛오일, 달맞이꽃오일, 올리브오일, 아보카도오일, 마시멜로뿌리추출물, 캐모마일꽃추출물, 아티초크잎추출물, 유칼립투스잎추출물, 히비스커스꽃추출물, 서양고추나물추출물, 라벤더꽃추출물, 레몬밤잎추출물, 오레가노잎추출물, 센티드제라늄추출물, 살비아잎추출물, 보검선인장줄기추출물, 트루로즈오브예리코추출물, 칸디다 봄비콜라/글루코오스/메틸레이프씨데이트발효물, 폴리글리세릴-10다이아이소스테아레이트, 메나다이온(0.00005ppm), 향료, 리모넨, 리날룰, 헥실신남알, 시트랄, 시트로넬올"
"A000000257838","[이달의신상] 오휘 기미케어 3-STEP 콜라겐 톤업선 50ml / 데니어 팩트 리필 기획 / 멜라토닝 크림 60ml","오휘","50.0","110.0","ml","48000","40800","3709.1","[멜라토닝 크림]
정제수, 나이아신아마이드(10%), 프로판다이올, 부틸렌글라이콜, 아이소프로필팔미테이트, 스쿠알란, 카프릴릭/카프릭트라이글리세라이드, 글리세린, C14-22알코올, 세테아릴알코올, 1,2-헥산다이올, 다이메티콘, 글리세릴스테아레이트, 알파-비사보롤, 판테놀, 피이지-100스테아레이트, 토코페릴아세테이트, 트라넥사믹애씨드(0.5%), C12-20알킬글루코사이드, 소듐스테아로일글루타메이트, 카프릴릴글라이콜, 향료, 아크릴레이트/C10-30알킬아크릴레이트크로스폴리머, 알란토인, 아라키딜알코올, 포타슘하이드록사이드, 잔탄검, 하이드록시에틸아크릴레이트/소듐아크릴로일다이메틸타우레이트코폴리머, 아데노신, 베헤닐알코올, 시어버터, 피토스테릴/이소스테아릴/세틸/스테아릴/베헤닐다이머디리놀리에이트, 육두구추출물, 소듐메타바이설파이트, 트라이소듐이디티에이, 아라키딜글루코사이드, 하이드로제네이티드레시틴, 베타인, 트레할로오스, 헥실레조시놀, 피이지-8카프릴릭/카프릭글리세라이즈, 폴리솔베이트60, 솔비탄아이소스테아레이트, 세라마이드엔피, 콜레스테롤, 카보머, 트로메타민, 팔미틱애씨드, 스테아릭애씨드, 폴리솔베이트20, 수선화비늘줄기추출물, 글라이코프로테인, 올리고펩타이드-1, 올리고펩타이드-2, 올리고펩타이드-3, 올리고펩타이드-6, 올리고펩타이드-4, 리모넨

[콜라겐 톤업 선]
정제수, 다이부틸아디페이트, 다이아이소프로필세바케이트, C12-15알킬벤조에이트, 티타늄디옥사이드, 프로판다이올, 메칠렌비스-벤조트리아졸릴테트라메칠부틸페놀, 나이아신아마이드, 폴리글리세릴-3메틸글루코오스다이스테아레이트, 코코-카프릴레이트/카프레이트, 1,2-헥산다이올, 에칠헥실트리아존, 부틸렌글라이콜, 디에칠아미노하이드록시벤조일헥실벤조에이트, 판테놀, 세틸포스페이트, 세테아릴알코올, 글리세릴스테아레이트, 폴리C10-30알킬아크릴레이트, 폴리하이드록시스테아릭애씨드, 다이메티콘, 데실글루코사이드, 암모늄폴리아크릴로일다이메틸타우레이트, 세테아릴올리베이트, 비닐다이메티콘/메티콘실세스퀴옥세인크로스폴리머, 솔비탄올리베이트, 트로메타민, 알루미나, 알루미늄스테아레이트, 아크릴레이트/C10-30알킬아크릴레이트크로스폴리머, 알란토인, 소듐스테아로일글루타메이트, 스테아릭애씨드, 스테아릴글리시레티네이트, 폴리실리콘-11, 폴리우레탄-15, 아데노신, 토코페롤, 글리세린, 만니톨, 플로레틴, 트라이소듐이디티에이, 돌콩오일, 잔탄검, 드럼스틱씨오일, 트라이에톡시카프릴릴실레인, T-부틸알코올, 다이메티콘크로스폴리머, 콜라겐(15ppm), 카프릴릴글라이콜, 크리신, 다마스크장미꽃추출물, 소듐디엔에이, 트라넥사믹애씨드, 아스코빅애씨드, 카프릴릭/카프릭트라이글리세라이드, 알루미늄하이드록사이드, 유비퀴논, 아이소프로필티타늄트라이아이소스테아레이트, 에틸헥실글리세린, 하이드로제네이티드레시틴, 미리스틱애씨드, 다이소듐이디티에이, 적색산화철, 울트라마린, 티타늄디옥사이드(CI 77891), 향료, 하이드록시시트로넬알, 리모넨, 리날룰

[얼티밋 커버 데니어 팩트] [21호, 23호 본품/증정 동일]
정제수, 에칠헥실메톡시신나메이트, 티타늄디옥사이드, 나이아신아마이드, 에칠헥실살리실레이트, 칸데릴라왁스, 프로판다이올, 카프릴릴메티콘, 다이메티콘, 부틸렌글라이콜, 드로메트리졸트리실록산, 라우릴폴리글리세릴-3폴리다이메틸실록시에틸다이메티콘, 1,2-헥산다이올, C30-45알킬다이메틸실릴폴리프로필실세스퀴옥세인, 폴리메틸실세스퀴옥세인, 트라넥사믹애씨드, 트라이메틸실록시실리케이트, 합성플루오르플로고파이트, 피브이피, 알루미늄하이드록사이드, 스테아릭애씨드, 알루미나, 시메티콘, 아이소프로필티타늄트라이아이소스테아레이트, 다이메티콘/피이지-10/15크로스폴리머, 팔미틱애씨드, 트라이에톡시카프릴릴실레인, 미리스틱애씨드, 아데노신, 알루미늄미리스테이트, 다이프로필렌글라이콜, 콜레스테롤, 다마스크장미꽃추출물, 소듐시트레이트, 소듐디엔에이, 하이드로제네이티드레시틴, 변성알코올, 글리세린, 토코페롤, 에틸헥실글리세린, 왜당귀뿌리추출물, 삽주뿌리줄기추출물, 스페인감초뿌리추출물, 작약뿌리추출물, 모란뿌리추출물, 질경이추출물, 복숭아씨추출물, 황금추출물, 비사보롤, 글루타티온, 만니톨, 카프릴릴글라이콜, 하이드롤라이즈드콜라겐, 니코틴아마이드모노뉴클레오타이드, 펜틸렌글라이콜, 다이소듐이디티에이, 아라비안자스민잎세포추출물, 아세틸헥사펩타이드-8, 암모늄아크릴로일다이메틸타우레이트/브이피코폴리머, 콜라겐, 다이소듐포스페이트, 포타슘포스페이트, 석시노일아텔로콜라겐, 소듐스테아로일글루타메이트, 솔비탄스테아레이트, 데사미도콜라겐, 향료, 리날룰, 리모넨, 티타늄디옥사이드(CI 77891), 황색산화철, 적색산화철, 크로뮴하이드록사이드그린, 울트라마린"
"A000000258055","[OMVP 캡슐크림]LBB 퓨어 래디언스 크림 50ml","LBB","50.0","50.0","ml","52000","38700","7740.0","정제수, 글리세린, 프로판다이올, 나이아신아마이드, 카프릴릭/카프릭트라이글리세라이드, 세틸에틸헥사노에이트, 1,2-헥산다이올, 글리세릴스테아레이트, 판테놀, 페닐트라이메티콘, C14-22알코올, 알지닌, 아크릴레이트/C10-30알킬아크릴레이트크로스폴리머, 아이소노닐아이소노나노에이트, 하이드록시아세토페논, 폴리글리세릴-10라우레이트, 마데카소사이드, 베르가모트오일, 에틸헥실글리세린, C12-20알킬글루코사이드, 부틸렌글라이콜, 변성알코올, 아데노신, 캐스터오일/아이피디아이코폴리머, 하이드로제네이티드레시틴, 맥아추출물, 병풀추출물, 무화과추출물, 황벽나무껍질추출물, 세라마이드엔피, 카보머, 아모다이메티콘, 락토바실러스/소이밀크발효여과물, 락토바실러스/호밀가루발효물, 바실러스/소이빈발효추출물, 토코페롤, 해마토코쿠스 플루비알리스오일, 아스코빅애씨드, 리놀레익애씨드, 폴리글리세릴-10다이아이소스테아레이트, 마그네슘클로라이드, 아스타잔틴, 올레익애씨드, 글루타티온, 메나다이온, 팔미틱애씨드, 스테아릭애씨드, 판토테닉애씨드, 폴릭애씨드, 피리독신, 티아민에이치씨엘, 리놀레닉애씨드, 리보플라빈, 사이아노코발아민, 리모넨, 리날룰"
"A000000258296","[NEW] 토리든 다이브인 저분자 히알루론산 수딩 크림 100ml","토리든","100.0","100.0","ml","","24000","2400.0","정제수, 부틸렌글라이콜, 글리세린, 1,2-헥산다이올, 하이드로제네이티드다이데센, 카프릴릭/카프릭트라이글리세라이드, 판테놀, 소듐하이알루로네이트, 소듐하이알루로네이트크로스폴리머, 하이드롤라이즈드소듐하이알루로네이트, 소듐아세틸레이티드하이알루로네이트, 하이드롤라이즈드하이알루로닉애씨드(500ppm), 알란토인, 엑토인, 감초추출물, 트레할로오스, 버지니아풍년화추출물, 글리세릴아크릴레이트/아크릴릭애씨드코폴리머, 피브이엠/엠에이코폴리머, 하이드록시에틸아크릴레이트/소듐아크릴로일다이메틸타우레이트코폴리머, 2,3-부탄다이올, 세테아릴알코올, C14-22알코올, C12-20알킬글루코사이드, 펜틸렌글라이콜, 솔비탄아이소스테아레이트, 카프릴릴메티콘, 클레리추출물, 라벤더꽃추출물, 히아신스전초추출물, 마트리카리아꽃추출물, 수레국화꽃추출물, 보리지추출물, 다이소듐이디티에이, 카보머, 트로메타민, 잔탄검, 글루타티온, 말라카이트추출물, 글루코닉애씨드, 에틸헥실글리세린"
"A000000258860","[고현정 PICK]코이 플로우 리프팅 랩핑 크림 포어앤쿨 50g 기획 (+ 미니 20g)","코이","50.0","70.0","g(약 1ml 상당으로 근사)","57000","38900","5557.1","정제수, 다이페닐실록시페닐트라이메티콘, 부틸렌글라이콜, 카프릴릭/카프릭트라이글리세라이드, 글리세린, 프로판다이올, 아이소노닐아이소노나노에이트, 나이아신아마이드, 1,2-헥산다이올, 자일리톨, 폴리글리세릴-10라우레이트, 폴리아크릴레이트크로스폴리머-6, 에리스리톨, 캐스터오일/아이피디아이코폴리머, 암모늄아크릴로일다이메틸타우레이트/브이피코폴리머, 아크릴레이트/C10-30알킬아크릴레이트크로스폴리머, 잔탄검, 트로메타민, 향료, 에틸헥실글리세린, 아데노신, 알지닌, 카보머, 다이소듐이디티에이, 덱스트린, t-부틸알코올, 레몬그라스추출물, 알로에베라잎추출물, 유칼립투스잎추출물, 콘민트추출물, 아모다이메티콘, 티트리잎오일, 치자추출물, 메도우폼씨오일, 회향씨추출물, 판테놀, 샤프란꽃추출물, 고수추출물, 병풀추출물, 소두구씨추출물, 매듭풀추출물, 레드신코나나무껍질추출물, 팔미토일트라이펩타이드-5, 글리세릴글루코사이드, 마누카잎추출물, 카프릴릴글라이콜, 토코페롤, 포도추출물, 소듐하이알루로네이트, 솔비탄라우레이트, 감나무잎추출물, 커피콩추출물, 잇꽃꽃추출물, 호장근뿌리추출물, 아텔로콜라겐, 데사미도콜라겐, 밤껍질추출물, 녹차추출물, 초피나무열매추출물, 하이드롤라이즈드콜라겐, 하이드록시에틸셀룰로오스, 아세틸다이펩타이드-1세틸에스터, 수용성콜라겐, 콜라겐, 콜라겐아미노산, 아세틸헥사펩타이드-1, 프로콜라겐, 소듐디엔에이, 아세틸옥타펩타이드-3, 테트라메틸아세틸옥타하이드로나프탈렌, 쿠마린, 터피네올, 리날릴아세테이트"
"A000000259074","[레티날/주름탄력] 케이시크릿 서울 1988 레틴알 발효콩 아이크림 30ml","케이시크릿","30.0","30.0","ml","24000","16800","5600.0","정제수@글리세린@다이프로필렌글라이콜@카프릴릭/카프릭트라이글리세라이드@1,2-헥산다이올@부틸렌글라이콜다이카프릴레이트/다이카프레이트@나이아신아마이드@펜타에리스리틸테트라에틸헥사노에이트@세테아릴알코올@부틸렌글라이콜@세테아릴올리베이트@솔비탄올리베이트@하이드로제네이티드레시틴@마카다미아씨오일@카보머@트로메타민@프로판다이올@글리세릴스테아레이트@콜레스테롤@폴리글리세릴-10올리에이트@에틸헥실글리세린@아데노신@유채스테롤@피토스테릴/베헤닐/옥틸도데실라우로일글루타메이트@레틴알@실리카@다이소듐이디티에이@알루미늄/마그네슘하이드록사이드스테아레이트@락토바실러스/인삼뿌리발효여과물@락토바실러스/쌀발효물@락토바실러스/콩발효추출물@효모/율무씨발효여과물@효모/감자추출물발효여과물@토코페롤@포타슘세틸포스페이트@펜타에리스리틸테트라-다이-t-부틸하이드록시하이드로신나메이트@소듐하이알루로네이트@우엉뿌리추출물@천궁뿌리추출물@참마뿌리추출물@모란뿌리추출물@지황뿌리추출물@3-O-에틸아스코빅애씨드@바쿠치올@에스에이치-올리고펩타이드-1@에스에이치-올리고펩타이드-2@에스에이치-폴리펩타이드-1"
"A000000259199","[7월 올영픽] 유리아쥬 시카 데일리 리페어 콘센트레 탄력 크림 50ml 한정기획 (+탄력 크림 15ml)","유리아쥬","50.0","65.0","ml","43000","30900","4753.8","정제수, 스쿠알란, 다이카프릴릴에터, 카프릴릭/카프릭트라이글리세라이드, 시어버터, 폴리글리세릴-3메틸글루코오스다이스테아레이트, 글리세린, 글리세릴스테아레이트, 1,2-헥산다이올, 펜타에리스리틸다이스테아레이트, 글리세릴베헤네이트, 하이드록시아세토페논, 이눌린, 포타슘세틸포스페이트, 판테놀, 소듐폴리아크릴레이트, 아크릴레이트/C10-30알킬아크릴레이트크로스폴리머, 토코페릴아세테이트, 잔탄검, 사플라워오일/팜오일아미노프로판다이올에스터, 소듐하이알루로네이트, 소듐하이드록사이드, 병풀잎추출물, 시트릭애씨드, 토코페롤"
"A000000261235","동아제약 색소침착 프로 크림제 40ml 더블 기획 (+40ml)","동아제약","40.0","80.0","ml","","58500","7312.5","정제수, 부틸렌글라이콜, 카프릴릭/카프릭트라이글리세라이드, 나이아신아마이드, 트라이프로필렌글라이콜, 트라넥사믹애씨드, 프로판다이올, 네오펜틸글라이콜다이헵타노에이트, 세테아릴알코올, 비닐다이메티콘, 글리세릴스테아레이트, 1,2-헥산다이올, 폴리글리세릴-2스테아레이트, 베헤닐알코올, 스테아릴알코올, 아크릴레이트/C10-30알킬아크릴레이트크로스폴리머, 알파-알부틴, 카프릴릴글라이콜, 하이드록시에틸아크릴레이트/소듐아크릴로일다이메틸타우레이트코폴리머, 알지닌, 글루타티온, 해바라기씨오일, 토코페롤, 다이소듐이디티에이, 아데노신, 글리세린, 솔비탄아이소스테아레이트, 세틸팔미테이트, 알부틴, 올리브오일, 폴리글리세릴-3메틸글루코오스다이스테아레이트, 폴리글리세릴-10라우레이트, 베타인, 판테놀, 코직애씨드, 포스파티딜콜린, 세라마이드엔피, 콜레스테롤, 세라마이드에이피, 하이드로제네이티드레시틴, 아스코빌팔미테이트, 시어버터, 하이드록시데실유비퀴논, 칸디다 봄비콜라/글루코오스/메틸레이프씨데이트발효물, 글라이코리피드, 헥실레조시놀"
"A000000261454","[온라인 단독기획] 바이오더마 하이드라비오 레제르 40ml 2입 기획","바이오더마","40.0","80.0","ml","","60000","7500.0","정제수, 글리세린, 라우로일라이신, 나이아신아마이드, 펜틸렌글라이콜, 스쿠알란, 다이카프릴릴카보네이트, 글리세릴카프릴레이트/카프레이트, 폴리글리세릴-3메틸글루코오스다이스테아레이트, 프로필렌글라이콜, 아라키딜알코올, 카보머, 베헤닐알코올, 카프릴릴글라이콜, 향료, 프룩토올리고사카라이드, 소듐시트레이트, 아라키딜글루코사이드, 잔탄검, 만니톨, 자일리톨, 헥실데칸올, 람노오스, 소듐피씨에이, 시트릭애씨드, 소듐하이알루로네이트, 사카라이드아이소머레이트, 사과씨추출물, 유채스테롤, 토코페롤 (BI 2092 V1)"
"A000000261549","[압출후] 동국제약 마데카셀 센테카솔 연고 30g 기획 (+스팟 패치 테이프 6매*2ea)","동국제약","30.0","30.0","g(약 1ml 상당으로 근사)","","36000","12000.0",""
"A000000261750","에스테덤 셀룰러워터 하이드라 플럼핑 젤 50ml","에스테덤","50.0","50.0","ml","","63000","12600.0","정제수, 글리세린, 아이소노닐아이소노나노에이트, 부틸렌글라이콜, C15-19알케인, 프로판다이올, 코코-카프릴레이트/카프레이트, 1,2-헥산다이올, 암모늄아크릴로일다이메틸타우레이트/브이피코폴리머, 트라이헵타노인, 펜틸렌글라이콜, 소듐폴리아크릴로일다이메틸타우레이트, C9-12알케인, 다이리놀레익애씨드/부테인다이올코폴리머, 향료, 소듐시트레이트, 트레할로오스, 효모추출물, 베타인, 카퍼글루코네이트, 소듐파이테이트, 시트릭애씨드, 아미노에탄설피닉애씨드, 카르노신, 아데노신, 소듐클로라이드, 아이피디아이코폴리머, 카프릴릴글라이콜, 포타슘클로라이드, 소듐바이카보네이트, 돌콩오일, 다이소듐포스페이트, 마그네슘설페이트, 포타슘포스페이트, 칼슘클로라이드, 베타-카로틴, 당근추출물, 토코페롤, 터피네올, 리날룰, 시트로넬올, 리날릴아세테이트, 제라닐아세테이트, 알파-아이소메틸아이오논 (ES 1018 V2)"
"A000000261791","에스테덤 셀룰러워터 하이드라 플럼핑 크림 50ml","에스테덤","50.0","50.0","ml","","63000","12600.0","정제수, 에틸헥실팔미테이트, 카프릴릭/카프릭트라이글리세라이드, 글리세린, 프로판다이올, 코코-카프릴레이트/카프레이트, C10-18트라이글리세라이즈, 마이크로크리스탈린셀룰로오스, 아라키딜알코올, 트라이헵타노인, 1,2-헥산다이올, 펜틸렌글라이콜, C20-22알킬포스페이트, C20-22알코올, 베헤닐알코올, C9-12알케인, 다이리놀레익애씨드/부테인다이올코폴리머, 아라키딜글루코사이드, 향료, 셀룰로오스검, 잔탄검, 소듐시트레이트, 트레할로오스, 효모추출물, 베타인, 소듐하이드록사이드, 시트릭애씨드, 아미노에탄설피닉애씨드, 카르노신, 펜타에리스리틸테트라-다이-t-부틸하이드록시하이드로신나메이트, 아데노신, 캐스터오일/아이피디아이코폴리머, 소듐클로라이드, 카프릴릴글라이콜, 포타슘클로라이드, 소듐바이카보네이트, 다이소듐포스페이트, 마그네슘설페이트, 포타슘포스페이트, 칼슘클로라이드, 터피네올, 리날룰, 시트로넬올, 리날릴아세테이트, 제라닐아세테이트, 알파-아이소메틸아이오논 (ES 1017 V2)"
"A000000222833","[2025어워즈1위] 에스트라 아토베리어365 크림 80ml 기획 (+하이드로 에센스25ml+앰플7ml)","에스트라","80.0","112.0","ml","33000","29700","2651.8","정제수, 부틸렌글라이콜, 글리세린, 부틸렌글라이콜다이카프릴레이트/다이카프레이트, 세틸에틸헥사노에이트, 스쿠알란, 펜타에리스리틸테트라아이소스테아레이트, 다이카프릴릴카보네이트, 베헤닐알코올, 다이메티콘, 하이드록시프로필비스팔미타마이드엠이에이, 스테아릭애씨드, 베타인, 만니톨, C14-22알코올, 팔미틱애씨드, 하이드록시프로필비스라우라마이드엠이에이, 아라키딜알코올, 콜레스테롤, 폴리아크릴레이트-13, C12-20알킬글루코사이드, 알란토인, 아라키딜글루코사이드, 나이아신아마이드, 세라마이드엔피, 글리세릴카프릴레이트, 에틸헥실글리세린, 하이드로제네이티드폴리아이소부텐, 카보머, 트로메타민, 다이메티콘올, 폴리글리세릴-10라우레이트, 하이드로제네이티드레시틴, 에틸헥실팔미테이트, 아크릴레이트/암모늄메타크릴레이트코폴리머, 솔비탄아이소스테아레이트, 실리카, 피토스핑고신, 스핑고리피드, 아라키딕애씨드, 토코페롤, 올레익애씨드"
"A000000205037","피지오겔 DMT 스트레치 마크 튼살 크림 150ml","피지오겔","150.0","150.0","ml","49500","39500","2633.3","정제수, 카프릴릭/카프릭트라이글리세라이드, 글리세린, 펜틸렌글라이콜, 코코넛야자오일, 하이드로제네이티드레시틴, 시어버터, 하이드록시에틸셀룰로오스, 스쿠알란, 카보머, 잔탄검, 소듐카보머, 세라마이드엔피, 다이소듐포스페이트, 소듐포스페이트"
"A000000128084","에르쯔틴 리제너레이티브 실트 크림 50g","에르쯔틴","50.0","50.0","g(약 1ml 상당으로 근사)","45000","27000","5400.0","정제수,   글리세린,    사이클로펜타실록세인,    프로판다이올,    다이메티콘,    부틸렌글라이콜,    펜타에리스리틸테트라에틸헥사노에이트,    폴리글리세릴-3메틸글루코오스다이스테아레이트,    쇠비름추출물,    1,2-헥산다이올,    베타인,    C12-16알코올,    비피다발효용해물,    다이메티콘크로스폴리머,    미네랄워터,    판테놀,    팔미틱애씨드,    하이드로제네이티드레시틴,    다이메티콘올,    소듐아크릴레이트/소듐아크릴로일다이메틸타우레이트코폴리머,    암모늄아크릴로일다이메틸타우레이트/브이피코폴리머,    아이소헥사데칸,    폴리실리콘-11,    카프릴릭/카프릭트라이글리세라이드,    아르간커넬오일,    트레할로오스,    옥틸도데칸올,    나일론-12,    실리카,    세테아릴알코올,    도둑놈의지팡이뿌리추출물,    유자추출물,    유칼립투스잎추출물,    자몽추출물,    클로브꽃추출물,    폴리솔베이트80,    해바라기씨오일,    아데노신,    만니톨,    글리세릴스테아레이트,    다이소듐이디티에이,    양까막까치밥나무씨오일,    솔비탄올리에이트,    알란토인,    암모늄폴리아크릴로일다이메틸타우레이트,    폴리솔베이트40,    피이지-10다이메티콘,    비즈왁스,    하이드롤라이즈드완두콩단백질,    암모늄글리시리제이트,    페녹시에탄올,    피토스테롤,    레시틴,    카프릴릴글라이콜,    스쿠알란,    에틸헥실글리세린,    올리브오일,    콜레스테롤,    펜틸렌글라이콜,    세라마이드엔피,    아시아티코사이드,    마데카식애씨드,    아시아틱애씨드,    돌콩오일,    해바라기씨오일불검화물,    포타슘솔베이트,    시어버터,    카페인,    락틱애씨드,    징크글루코네이트,    아세틱애씨드,    토코페롤,    풍선덩굴꽃/잎/덩굴추출물,    가시칠엽수씨추출물,    소듐포스페이트,    소듐아스코빌포스페이트,    로즈마리잎추출물,    에스에이치-올리고펩타이드-1,    알에이치-올리고펩타이드-2,    알에이치-폴리펩타이드-1"
"A000000181062","[속보습/30층/100시간] 아이소이 모이스춰 닥터 장수진 수분크림 70ml 기획(+수분앰플 10ml)","아이소이","70.0","80.0","ml","36000","27000","3375.0","정제수, 글리세린, 세틸에틸헥사노에이트, 카프릴릭/카프릭트라이글리세라이드, 베타인, 마카다미아씨오일, 소듐하이알루로네이트, 하이드롤라이즈드하이알루로닉애씨드, 하이알루로닉애씨드, 소듐하이알루로네이트크로스폴리머, 하이드롤라이즈드글라이코사미노글리칸, 티트리잎추출물, 쇠비름추출물, 약모밀추출물(어성초추출물), 판테놀, 피토스핑고신, 세라마이드엔피, 알지닌, 카보머, 흰버드나무껍질추출물, 오레가노잎추출물, 편백잎추출물, 락토바실러스/콩발효추출물, 육계나무껍질추출물, 잔탄검, 솔비탄세스퀴올리에이트, 자몽껍질오일, 부틸렌글라이콜, 1,2-헥산다이올, 프로판다이올, 포트마리골드꽃추출물, 황금추출물, 모란뿌리추출물, 스페인감초뿌리추출물, 하이드로제네이티드레시틴, 리모넨※ ※자연유래 에센셜 오일에 원래 포함된 성분입니다"
"A000000126471","[장벽크림] 유세린 울트라 센시티브 리페어 젤 크림 50ml","유세린","50.0","50.0","ml","35000","25900","5180.0","정제수, 글리세린, 스쿠알란, 펜틸렌글라이콜, 메틸프로판다이올, 타피오카전분, 알지닌에이치씨엘, 세테아릴알코올, 4-t-부틸사이클로헥산올, 암모늄아크릴로일다이메틸타우레이트/브이피코폴리머, 카보머, 카프릴릴글라이콜, 소듐하이드록사이드"
"A000000238669","[장원영PICK] 닥터엘시아 345 릴리프 크림 50ml","닥터엘시아","50.0","50.0","ml","29000","24500","4900.0","정제수, 티트리잎수, 프로판다이올, 글리세린, 1,2-헥산다이올, 하이드로제네이티드폴리데센, 비닐다이메티콘, C14-22알코올, 카프릴릭/카프릭트라이글리세라이드, 나이아신아마이드, 판테놀, 다이카프릴릴카보네이트, 부틸렌글라이콜, 암모늄아크릴로일다이메틸타우레이트/브이피코폴리머, 카프릴릴메티콘, 폴리메틸실세스퀴옥세인, C12-20알킬글루코사이드, 하이드록시아세토페논, 아크릴레이트/C10-30알킬아크릴레이트크로스폴리머, 폴리쿼터늄-51, 에틸헥실글리세린, 트로메타민, 소듐하이알루로네이트, 소듐스테아로일글루타메이트, 황련뿌리추출물, 병풀잎수, 베타-글루칸, 레스베라트롤, 하이드롤라이즈드하이알루로닉애씨드, 녹차수, 토코페롤, 마데카소사이드, 소듐디엔에이, 병풀추출물, 세라마이드엔피, 탄닉애씨드, 다이소듐이디티에이, 소듐파이테이트"
"A000000224487","[장벽크림] 바이오힐 보 판테셀 리페어 시카좀 크림 80mL [단품/증정기획]","바이오힐보","80.0","80.0","ml","32000","24000","3000.0","[크림]
정제수, 판테놀, 부틸렌글라이콜, 글리세린, 베헤닐알코올, 부틸렌글라이콜다이카프릴레이트/다이카프레이트, 프로판다이올, 아라키딜알코올, 1,2-헥산다이올, 세틸에틸헥사노에이트, 펜타에리스리틸테트라에틸헥사노에이트, 스쿠알란, 다이카프릴릴카보네이트, 펜틸렌글라이콜, 칸디다 봄비콜라/글루코오스/메틸레이프씨데이트발효물, 해바라기씨오일, 병풀잎소포, 마카다미아씨오일, 소듐하이알루로네이트, 병풀잎추출물, 비닐다이메티콘, 아라키딜글루코사이드, 글리세릴스테아레이트, 폴리아크릴레이트크로스폴리머-6, 아미노메틸프로판다이올, 폴리아크릴레이트-13, C12-20알킬글루코사이드, 세라마이드엔피, 에틸헥실글리세린, 하이드로제네이티드폴리아이소부텐, 소듐파이테이트, 다이프로필렌글라이콜, 폴리글리세릴-10라우레이트, 암모늄아크릴로일다이메틸타우레이트/브이피코폴리머, 에틸헥실팔미테이트, 솔비탄아이소스테아레이트, 베타-시토스테롤, 소듐클로라이드, 토코페롤, 피토스테롤, 트레할로오스, 옥틸도데칸올, 포스파티딜콜린, 아시아티코사이드, 아시아틱애씨드, 글라이코리피드, 하이드로제네이티드레시틴, 마데카식애씨드, 다이소듐포스페이트, 카프릴릴글라이콜, 소듐하이알루로네이트크로스폴리머, 포타슘포스페이트, 트라이펩타이드-10시트룰린, 포타슘클로라이드, 솔비톨, 시트릭애씨드, 아세틸헥사펩타이드-8, 아스코빅애씨드폴리펩타이드, 아세틸옥타펩타이드-3, 아세틸테트라펩타이드-2, 아세틸테트라펩타이드-3, 아세틸테트라펩타이드-5, 아세틸테트라펩타이드-9, 카르노신, 카퍼트라이펩타이드-1, 노나펩타이드-1, 팔미토일펜타펩타이드-4, 팔미토일트라이펩타이드-1, 팔미토일트라이펩타이드-5, C14-22알코올, 카보머, 세테아릴알코올

[앰플] 
정제수, 글리세린, 프로판다이올, 부틸렌글라이콜, 판테놀, 나이아신아마이드, 1,2-헥산다이올, 소듐하이알루로네이트, 병풀추출물, 칸디다 봄비콜라/글루코오스/메틸레이프씨데이트발효물, 병풀잎추출물, 해바라기씨오일, 병풀잎소포, 마카다미아씨오일, 글리세릴폴리메타크릴레이트, 베타인, 폴리글리세릴-10라우레이트, 아크릴레이트/C10-30알킬아크릴레이트크로스폴리머, 다이페닐다이메티콘, 트라이에틸헥사노인, 트로메타민, 에틸헥실글리세린, 아데노신, 하이드로제네이티드레시틴, 마데카소사이드, 알란토인, 다이프로필렌글라이콜, 베타-글루칸, 아시아티코사이드, 토코페롤, 헥실레조시놀, 옥틸도데칸올, 베타-시토스테롤, 포스파티딜콜린, 아시아틱애씨드, 글라이코리피드, 마데카식애씨드, 소듐클로라이드, 피토스테롤, 트레할로오스, 솔비톨, 다이소듐포스페이트, 포타슘포스페이트, 포타슘클로라이드, 시트릭애씨드, 아세틸헥사펩타이드-8, 아스코빅애씨드폴리펩타이드, 아세틸옥타펩타이드-3, 아세틸테트라펩타이드-2, 아세틸테트라펩타이드-3, 아세틸테트라펩타이드-5, 아세틸테트라펩타이드-9, 카르노신, 카퍼트라이펩타이드-1, 노나펩타이드-1, 팔미토일펜타펩타이드-4, 팔미토일트라이펩타이드-1, 팔미토일트라이펩타이드-5, 잔탄검, 세테아릴알코올


[크림미스트]
정제수, 글리세린, 트라이에틸헥사노인, 하이드로제네이티드폴리(C6-14올레핀), 부틸렌글라이콜, 펜틸렌글라이콜, 메틸프로판다이올, 판테놀(1%), 병풀추출물(10ppm), 베타-시토스테롤, 병풀잎추출물, 아세틸헥사펩타이드-8, 아스코빅애씨드폴리펩타이드, 아세틸옥타펩타이드-3, 아세틸테트라펩타이드-2, 아세틸테트라펩타이드-3, 아세틸테트라펩타이드-5, 아세틸테트라펩타이드-9, 카르노신, 카퍼트라이펩타이드-1, 노나펩타이드-1, 팔미토일펜타펩타이드-4, 팔미토일트라이펩타이드-1, 팔미토일트라이펩타이드-5, 스트렙토코쿠스테르모필루스발효물, 아이리쉬모스추출물, 사탕수수추출물, 사과즙, 칸디다봄비콜라/글루코오스/메틸레이프씨데이트발효물, 해바라기씨오일, 1,2-헥산다이올, 베타인, 트라이라우레스-4포스페이트, 에틸헥실글리세린, 폴리쿼터늄-51, 소듐파이테이트, 시트릭애씨드, 토코페롤, 레시틴, 에스신, 다이프로필렌글라이콜

[앰플마스크]
정제수, 다이프로필렌글라이콜, 글리세린, 메틸프로판다이올, 판테놀, 병풀잎추출물, 병풀잎소포, 마데카소사이드, 베타-시토스테롤, 아시아티코사이드, 피토스테롤, 아시아틱애씨드, 마데카식애씨드, 아세틸헥사펩타이드-8, 아스코빅애씨드폴리펩타이드, 아세틸옥타펩타이드-3, 아세틸테트라펩타이드-2, 아세틸테트라펩타이드-3, 아세틸테트라펩타이드-5, 아세틸테트라펩타이드-9, 카르노신, 카퍼트라이펩타이드-1, 노나펩타이드-1, 팔미토일펜타펩타이드-4, 팔미토일트라이펩타이드-1, 팔미토일트라이펩타이드-5, 하이드롤라이즈드하이알루로닉애씨드, 소듐하이알루로네이트, 백미꽃추출물, 접시꽃추출물, 칸디다 봄비콜라/글루코오스/메틸레이프씨데이트발효물, 효모발효여과물, 해바라기씨오일, 마카다미아씨오일, 에리스리톨, 폴리글리세린-3, 하이드록시아세토페논, 다이에톡시에틸석시네이트, 트로메타민, 알란토인, 다이페닐다이메티콘, 암모늄아크릴로일다이메틸타우레이트/브이피코폴리머, 트라이에틸헥사노인, 프로판다이올, 알진, 카프릴릴글라이콜, 에틸헥실글리세린, 폴리글리세릴-10아이소스테아레이트, 하이드로제네이티드레시틴, 폴리글리세릴-10올리에이트, 부틸렌글라이콜, 소듐파이테이트, 1,2-헥산다이올, 셀룰로오스, 셀룰로오스검, 옥틸도데칸올, 폴리글리세릴-10라우레이트, 포스파티딜콜린, 글라이코리피드, 다발방패버섯추출물, 소듐클로라이드, 트레할로오스, 솔비톨, 다이소듐포스페이트, 포타슘포스페이트, 포타슘클로라이드, 시트릭애씨드, 카보머, 잔탄검, 세테아릴알코올"
"A000000218548","에스트라 에이시카365 리페어 크림 pH4.5 60ml","에스트라","60.0","60.0","ml","30000","21000","3500.0","정제수, 글리세린, 부틸렌글라이콜, 에틸헥실스테아레이트, 나이아신아마이드, 1,2-헥산다이올, 다이메티콘, 다이에톡시에틸석시네이트, 글루코노락톤, 세테아릴올리베이트, 폴리아크릴레이트크로스폴리머-6, 판테놀, 폴리글리세릴-10베헤네이트/에이코사디오에이트, 폴리메틸실세스퀴옥세인, 솔비탄올리베이트, 하이드로제네이티드레시틴, 트로메타민, 세테아릴알코올, 하이드록시에틸아크릴레이트/소듐아크릴로일다이메틸타우레이트코폴리머, 소듐폴리아크릴로일다이메틸타우레이트, 아크릴레이트/C10-30알킬아크릴레이트크로스폴리머, 에틸헥실글리세린, 잔탄검, 세테아릴글루코사이드, 소듐글루코네이트, 아시아티코사이드, 솔비탄아이소스테아레이트, 마데카식애씨드, 아시아틱애씨드, 소듐하이알루로네이트, 3-O-에틸아스코빅애씨드, 징크피씨에이, 글리세릴카프릴레이트, 마데카소사이드, 소듐트라이메타포스페이트, 헥사펩타이드-9"
"A000000165887","[진정/쿨링] 닥터디퍼런트 시카 메탈 퀵 수딩 크림 50g","닥터디퍼런트","50.0","50.0","g(약 1ml 상당으로 근사)","28000","13890","2778.0","정제수, 다이프로필렌글라이콜, 프로판다이올, 카프릴릴메티콘, 카프릴릭/카프릭트라이글리세라이드,
C14-22알코올, 1,2-헥산다이올, 베헤닐알코올, 세틸포스페이트, 카보머, 트로메타민, C12-20알킬글루코사이드, 폴리아크릴레이트크로스폴리머-6, 카프릴릴글라이콜, 마데카소사이드, 에틸헥실글리세린, 다이소듐이디티에이, 병풀추출물, 징크옥사이드, 펜틸렌글라이콜, 4-t-부틸사이클로헥산올, t-부틸알코올, 글루코오스, 글리세린, 하이드로제네이티드레시틴, 트라이에톡시카프릴릴실레인, 폴리글리세릴-10올리에이트, 소듐하이알루로네이트, 카퍼트라이펩타이드-1, 아시아틱애씨드, 아시아티코사이드, 마데카식애씨드, 소듐하이알루로네이트크로스폴리머, 포타슘하이알루로네이트, 하이드록시프로필트라이모늄하이알루로네이트, 하이드롤라이즈드하이알루로닉애씨드, 하이알루로닉애씨드, 하이드롤라이즈드소듐하이알루로네이트, 소듐아세틸레이티드하이알루로네이트"
"A000000006014","[닥터이아소] 트리플 엠 하이드레이팅 크림","이아소","","","","","33000","","정제수, 사이클로펜타실록세인, 글리세린, 베타인, 메틸프로판다이올, 1,2-헥산다이올, 하이드로제네이티드폴리(C6-14올레핀), 세틸알코올, 글리세릴스테아레이트, 참마뿌리추출물, 피이지-100스테아레이트, 나이아신아마이드, 다이메티콘/비닐다이메티콘크로스폴리머, 사이클로메티콘, 식물성오일, 진흙버섯추출물, 우엉뿌리추출물, 병풀추출물, 무화과추출물, 하이드로제네이티드레시틴, 수용성콜라겐, 소듐하이알루로네이트, 다이메티콘, 아세틸글루코사민, 카프릴릴메티콘, 토코페릴아세테이트, 폴리솔베이트20, 소듐폴리아크릴레이트, 트라이데세스-6, 피이지/피피지-18/18다이메티콘, 판테놀, 카프릴릭/카프릭트라이글리세라이드, 폴리쿼터늄-51, 글라이코실트레할로오스, 하이드로제네이티드스타치하이드롤리세이트, 라피노오스, 바이오사카라이드검-1, 세라마이드엔피, 레시틴, 콜레스테롤, 부틸렌글라이콜, 폴릭애씨드, 트로메타민, 팔미토일펜타펩타이드-4, 향료, 에틸헥실글리세린, 청색1호, 벤질벤조에이트, 리날룰, 리모넨"
"A000000107841","미프 미남크림 톤업화이트닝 50ml","미프","50.0","50.0","ml","21000","17850","3570.0","정제수, 메칠프로판디올, 글리세린, 베타-글루칸, 디메치콘, 나이아신아마이드, 티타늄디옥사이드, 
참마뿌리추출물, 디메치콘올, 베타인, 사이클로펜타실록산, 피이지/피피지-17/6코폴리머, 효모발효여과물, 
상황버섯추출물, 우엉추출물, 카바잎/뿌리/줄기추출물, 서머스노플레이크비늘줄기추출물, 산자나무열매추출물, 
꿀풀추출물, 블래더랙앨지추출물, 꼬리풀꽃/잎/줄기추출물, 레몬밤잎추출물, 말로우추출물, 서양톱풀추출물, 
성모초추출물, 아르간트리커넬추출물, 카우슬립추출물, 페퍼민트잎추출물, 단삼뿌리추출물, 녹차수, 
하이드로제네이티드레시틴, 아르간트리커넬오일, 소듐아크릴레이트/소듐아크릴로일디메칠타우레이트코폴리머, 
1,2-헥산디올, 하이드록시아세토페논, 소듐폴리아크릴레이트, 이소헥사데칸, 폴리소르베이트80, 에칠헥실스테아레이트, 
스쿠알란, 하이드로제네이티드폴리이소부텐, 에탄올 ,폴리쿼터늄-51, 캐모마일꽃수, 글라이코실트레할로스, 
이소노닐이소노나노에이트, 폴리글리세릴-10스테아레이트, 하이드로제네이티드스타치하이드롤리세이트, 
트리데세스-6, 라피노오스, 바이오사카라이드검-1, 세테아릴알코올, 쉐어버터, 스테아릭애씨드, 아데노신, 
트리에톡시카프릴릴실란, 폴리글리세릴-2디폴리하이드록시스테아레이트, 디소듐이디티에이, 레시틴, 
부틸렌글라이콜, 판테놀, 이눌린라우릴카바메이트, 폴릭애씨드, 디소듐스테아로일글루타메이트, 세라마이드엔피, 
콜레스테롤, 트로메타민, 팔미토일펜타펩타이드-4, 향료"
"A000000115499","달팡 하이드라스킨 리치 크림 50ml","달팡","50.0","50.0","ml","72000","61200","12240.0","정제수, 글리세릴스테아레이트에스이, 쉐어버터, 트리데실트리멜리테이트, 하이드로제네이티드폴리데센, 하이드로제네이티드폴리이소부텐, 올리브오일데실에스터, 부틸렌글라이콜, 프로판디올, 스테아릭애씨드, 퉁퉁마디추출물, 프렌치라벤더추출물, 모근추출물, 망고추출물, 망고씨드버터, 이눌린, 디메치콘, 팔미틱애씨드, 토코페릴아세테이트, 하이드로제네이티드식물성오일, 판테놀, 글리세린, 카프릴릭/카프릭트리글리세라이드, 포타슘세틸포스페이트, 카프릴릴글라이콜, 스쿠알렌, 셀룰로오스검, 카보머, 올레익애씨드, 잔탄검, 펜타에리스리틸테트라-디-t-부틸하이드록시하이드로신나메이트, 소듐하이드록사이드, 향료, 하이드록시이소헥실3-사이클로헥센카복스알데하이드, 헥실 신남알, 리모넨, 부틸페닐메칠프로피오날, 알파-이소메칠이오논, 리날룰, 하이드록시시트로넬알, 시트로넬올, 벤질벤조에이트, 시트랄, 제라니올, 테트라소듐이디티에이, 소듐벤조에이트, 클로페네신, 페녹시에탄올 (ILN41643) *제공된 성분은 동일 제품이라도 경우에 따라 변경될 수 있습니다.  최신정보는 제품 포장의 성분을 참고하시거나 본사 고객관리지원팀으로 연락 부탁 드립니다."
"A000000117809","바이오더마 하이드라비오 젤크림 40ml","바이오더마","40.0","40.0","ml","32500","19600","4900.0","정제수, 글리세린, 아이소도데케인, 사이클로펜타실록세인, 다이프로필렌글라이콜, 나이아신아마이드, 스쿠알란, 폴리메틸실세스퀴옥세인, C14-22알코올, 에이치디아이/트라이메틸올헥실락톤크로스폴리머, 암모늄아크릴로일다이메틸타우레이트/브이피코폴리머, C30-45알킬세테아릴다이메티콘크로스폴리머, 카보머, 펜틸렌글라이콜, 토코페릴아세테이트, C12-20알킬글루코사이드, 스테아레스-21, 다이소듐이디티에이, 향료, 살리실릭애씨드, 소듐하이드록사이드, 만니톨, 자일리톨, 헥실데칸올, 피이지/피피지-18/18다이메티콘, 람노오스, 말라카이트추출물, 사과씨추출물, 유채스테롤, 토코페롤"
"A000000122126","마티나겝하르트 아보카도 아이크림 15ml","마티나겝하르트","15.0","15.0","ml","28000","26000","17333.3","아쿠아, 올리브오일, 라놀린, 아보카도오일, 다마스크장미꽃수, 오렌지꽃수, 세라알바, 카카오씨버터, 쉐어버터, 엘더뿌리추출물, 토코페롤,금, 은"
"A000000136537","바이오더마 에이비씨덤 페리오랄 40ml","바이오더마","40.0","40.0","ml","17000","13600","3400.0","정제수, 미네랄오일, 글리세린, 에틸헥실팔미테이트, 판테놀, 폴리글리세릴-4다이아이소스테아레이트/폴리하이드록시스테아레이트/세바케이트, 베타-시토스테롤, 카프릴로일글라이신, 글리시레티닉애씨드, 펜틸렌글라이콜, 실리카, 실리카다이메틸실릴레이트, 하이드로제네이티드캐스터오일, 알란토인, 소듐시트레이트, 카퍼설페이트, 소듐하이드록사이드, 징크설페이트, 덱스트린, 타마린드추출물"
"A000000142737","[장벽UP] 더랩바이블랑두 저분자 히알루론산 카밍+ 크림 80ml","더랩바이블랑두","80.0","80.0","ml","35000","23500","2937.5","정제수, 부틸렌글라이콜, 카프릴릭/카프릭트라이글리세라이드, 글리세린, 세테아릴알코올, 세테아릴올리베이트, 메도우폼씨오일, 망고씨버터, 솔비탄올리베이트, 백미꽃추출물, 소듐하이알루로네이트(3010ppm), 동백나무잎추출물, 베타-글루칸, 호호바씨오일, 베타인, 하이드롤라이즈드하이알루로닉애씨드(5ppm), 소듐아세틸레이티드하이알루로네이트(0.5ppm), 아이소도데케인, 소듐폴리아크릴로일다이메틸타우레이트, 잔탄검, 트라이데세스-10, 칸데릴라왁스, 보스웰리아수지추출물, 1,2-헥산다이올, 하이드로제네이티드폴리데센, 다이메티콘/비닐다이메티콘크로스폴리머, 다이소듐이디티에이, 에틸헥실글리세린, 다이메티콘"
"A000000144808","[수분진정] 아크웰 리얼 아쿠아 밸런싱 크림 50ml","아크웰","50.0","50.0","ml","30000","12000","2400.0","정제수, 글리세린, 다이프로필렌글라이콜, 프로판다이올, 하이드로제네이티드폴리데센, 1,2-헥산다이올, 부틸렌글라이콜, 카프릴릭/카프릭트라이글리세라이드, 폴리메틸실세스퀴옥세인, 세테아릴올리베이트, 아크릴레이트/C10-30알킬아크릴레이트크로스폴리머, 트로메타민, 솔비탄올리베이트, 소듐폴리아크릴로일다이메틸타우레이트, 바이오사카라이드검-1, 카보머, 글리세릴글루코사이드, 에틸헥실글리세린, 하이드록시에틸셀룰로오스, 다이소듐이디티에이, 트라이데세스-10, 하이알루로닉애씨드, 하이드롤라이즈드하이알루로닉애씨드, 쇠비름추출물, 소듐하이알루로네이트, 브루셀스프라우트추출물, 약모밀추출물, 돌나물추출물, 하이드로제네이티드레시틴, 리놀레익애씨드, 리놀레닉애씨드, 잇꽃씨오일, 폴리글리세릴-10올리에이트, 수크로오스팔미테이트, 멕시칸치아씨오일, 감초뿌리추출물, 사카라이드아이소머레이트, 시트릭애씨드, 소듐시트레이트"
"A000000147164","생블랑쉬 바이탈부스트크림 30ml","생블랑쉬","30.0","30.0","ml","","27000","9000.0","정제수 , 부틸렌글라이콜 , 글리세린 , 세테아릴알코올 , 나이아신아마이드 , 비즈왁스 , 카프릴릭/카프릭트리글리세라이드 , 호호바씨오일 , 1,2-헥산디올 , 쉐어버터 , 식물성스쿠알란, 글리세릴스테아레이트 , 토코페릴아세테이트 , 디메치콘 , 디포타슘글리시리제이트 , 황금가루, 황금추출물 , 락토바실러스/콩발효추출물 , 마치현추출물 , 병풀추출물 , 화이트윌로우껍질추출물 , 편백나무잎추출물 , 해바라기씨오일 , 오레가노잎추출물 , 육계추출물 , 포스포리피드 , 소듐하이알루로네이트 , 알란토인 , 폴리글리세릴-10스테아레이트 , 하이드로제네이티드폴리이소부텐 , 폴리소르베이트60 , 소르비탄스테아레이트 , 세테아릴글루코사이 , 판테놀 , 에칠헥실글리세린 , 아데노신 , 소듐아크릴레이트코폴리머 , 카보머 , 올리브오일 , 알지닌 , 향료"
"A000000148409","[보습탄력] 아비브 부활초 크림 뉴트리션 튜브 75ml","아비브","75.0","75.0","ml","35000","24500","3266.7","정제수, 부틸렌글라이콜, 글리세린, 카프릴릭/카프릭트라이글리세라이드, 다이아이소스테아릴말레이트, 코코넛야자오일, 시어버터, 세테아릴알코올, 다이글리세린, 펜틸렌글라이콜, 1,2-헥산다이올, 비스-다이글리세릴폴리아실아디페이트-2, 카프릴릭/카프릭/미리스틱/스테아릭트라이글리세라이드, 아이소트라이데실아이소노나노에이트, 아라키딜알코올, 판테놀, 합성비즈왁스, 비닐다이메티콘, 트루로즈오브예리코추출물(1,240 ppm), 호호바에스터, 베헤닐알코올, 글리세릴스테아레이트, 아라키딜글루코사이드, 하이드록시에틸아크릴레이트/소듐아크릴로일다이메틸타우레이트코폴리머, C12-16알코올, 아크릴레이트/C10-30알킬아크릴레이트크로스폴리머, 팔미틱애씨드, 트로메타민, 카나우바왁스, 하이드로제네이티드레시틴, 락토바실러스발효물, 다이포타슘글리시리제이트, 잔탄검, 에틸헥실글리세린, 아데노신, 트라이소듐에틸렌다이아민다이석시네이트, 토코페롤, 차가버섯추출물, 메틸프로판다이올, 블루아가베잎추출물"
"A000000155320","AHC 에이치 멜라루트 크림 (본품50ml+10ml 증정)","AHC","50.0","60.0","ml","39000","15000","2500.0","참당귀뿌리추출물, 글리세린, 나이아신아마이드, 카프릴릭/카프릭트라이글리세라이드, 비피다발효용해물, 하이드로제네이티드레시틴, 정제수, 트라넥사믹애씨드, 병풀추출물, 무화과추출물, 다시마추출물, 한련초잎추출물, 모나스커스추출물, 사과추출물, 토마토추출물, 녹차수, 올리브오일, 해바라기씨오일, 호호바씨오일, 녹차씨오일, 아르간커넬오일, 동백나무씨오일, 퀸즈랜드넛오일, 분비나무오일, 로즈마리잎오일, 소듐하이알루로네이트, 클레리오일, 센티드제라늄꽃오일, 클로브잎오일, 캐모마일꽃오일, 광곽향오일, 마트리카리아꽃오일, 멕시칸주니퍼오일, 부틸렌글라이콜, 알파-비사보롤, 폴리아크릴레이트-13, 하이드로제네이티드폴리아이소부텐, 메틸프로판다이올, 아데노신, 프룩토올리고사카라이드, 폴리글리세릴-10라우레이트, 에틸헥실팔미테이트, 베타-글루칸, 카보머, 솔비탄아이소스테아레이트, 칸디다 봄비콜라/글루코오스/메틸레이프씨데이트발효물, 하이드롤라이즈드하이알루로닉애씨드, 세라마이드엔피, 프로판다이올, 아세틱애씨드, 팔미토일트라이펩타이드-5, 글루타티온, 글라이코리피드, 록샘파이어캘러스배양여과물, 락틱애씨드, 팔미토일펜타펩타이드-4, 스쿠알란, 하이드록시스테아릭애씨드, 폴리글리세릴-3메틸글루코오스다이스테아레이트, 소듐하이알루로네이트크로스폴리머, 풀러린, 1,2-헥산다이올, 펜틸렌글라이콜, 포타슘솔베이트, 에틸헥실글리세린"
"A000000155351","[속보습/보송피부결] 더말로지카 딥모이스춰 스킨 스무딩 크림 50ml","더말로지카","50.0","50.0","ml","61000","46000","9200.0","정제수, 카프릴릭/카프릭트라이글리세라이드, 에틸헥실하이드록시스테아레이트, 부틸렌글라이콜, 글리세린, 팔미틱애씨드, 다이메티콘, 피이지-8, 스테아릭애씨드, 세테아릴알코올, 피이지-100스테아레이트, 페녹시에탄올, 세틸알코올, 글리세릴스테아레이트, 트레할로오스, 우레아, 리놀레익애씨드, 포스포리피드, 피토스테롤, 폴리솔베이트60, 카보머, 아미노메틸프로판올, 메틸프로판다이올, 에틸헥실글리세린, 폴리쿼터늄-10, 소듐벤조에이트, 일랑일랑꽃오일, 소듐하이알루로네이트, 판테놀, 하이드롤라이즈드소듐하이알루로네이트, 토코페릴아세테이트, 카프릴하이드록사믹애씨드, 테트라소듐글루타메이트다이아세테이트, 펜틸렌글라이콜, 세린, 사카라이드아이소머레이트, 하이드록시스테아릭애씨드, 미리스틱애씨드, 글리세릴폴리아크릴레이트, 카프릴릴글라이콜, 알진, 다이소듐포스페이트, 풀루란, 알로에베라추출물, 팔미토일하이드록시프로필트라이모늄아밀로펙틴/글리세린크로스폴리머, 시트릭애씨드, 포타슘포스페이트, 아스코빌팔미테이트, 소듐시트레이트, 소듐하이드록사이드, 토코페롤, 오이열매추출물, 헥산다이올, 포도씨추출물, 비에이치티, 아르니카 몬타나꽃추출물, 서양송악추출물, 당아욱꽃추출물, 펠리토리추출물, 엘더꽃추출물, 비터오렌지꽃추출물, 하이드로제네이티드레시틴, 벤질벤조에이트, 벤질살리실레이트, 리날룰"
"A000000156779","블리블리 인진쑥 리턴 크림","블리블리","","","","","39000","","사철쑥추출물, 글리세린, 글리세릴글루코사이드, 정제수, 에틸헥실팔미테이트, 하이드록시에틸아크릴레이트/소듐아크릴로일다이메틸타우레이트코폴리머, 부틸렌글라이콜, 글리세릴폴리아크릴레이트, 스쿠알란, 솔비탄아이소스테아레이트, 1,2-헥산다이올, 보스웰리아수지추출물"
"A000000156792","블리블리 워터 물광밤 50g","블리블리","50.0","50.0","g(약 1ml 상당으로 근사)","","32000","6400.0","정제수, 메틸프로판다이올, 글리세린, 페닐트라이메티콘, 다이글리세린, 1,2-헥산다이올, 다이메티콘, 다이카프릴릴에터, 다이카프릴릴카보네이트, 폴리글리세릴-3메틸글루코오스다이스테아레이트, 아이소스테아릴알코올, 부틸렌글라이콜코코에이트, 글리세릴스테아레이트, 조류추출물, 한련초잎추출물, 인도멀구슬나무꽃추출물, 병풀추출물, 무화과추출물, 인도멀구슬나무잎추출물, 울금뿌리추출물, 홀리바질잎추출물, 귀리커넬추출물, 봉의꼬리추출물, 아티초크잎추출물, 당느릅나무뿌리추출물, 줄맨드라미씨추출물, 참산호말추출물, 오렌지오일, 필리핀오렌지껍질오일, 하이드로제네이티드레시틴, 리씨열매오일, 소듐하이알루로네이트, 암모늄아크릴로일다이메틸타우레이트/브이피코폴리머, 부틸렌글라이콜, 아크릴레이트/C10-30알킬아크릴레이트크로스폴리머, 잔탄검, 트로메타민, 다이소듐이디티에이, 알란토인, 에틸셀룰로오스, 판테놀, 베타-글루칸, 폴리쿼터늄-51, 프룩토올리고사카라이드, 글라이신, 하이드롤라이즈드하이알루로닉애씨드, 아스파틱애씨드, 류신, 말토덱스트린, 하이드롤라이즈드식물성단백질, 알라닌, 라이신, 알지닌, 타이로신, 페닐알라닌, 발린, 프롤린, 아이소류신, 세라마이드엔피, 히스티딘, 시스테인, 메티오닌, 소듐아세틸레이티드하이알루로네이트, 에틸헥실글리세린"
"A000000158475","[시카스팟겔] 시카고 시카 스팟 겔 25g","시카고","25.0","25.0","g(약 1ml 상당으로 근사)","","27000","10800.0","정제수, 글리세린, 펜타에리스리틸테트라아이소스테아레이트, 세틸에틸헥사노에이트, 세테아릴알코올, 마카다미아씨오일, 카프릴릭/카프릭트라이글리세라이드, 글리세릴스테아레이트, 스테아릭애씨드, 피마자씨오일, 아라키딜알코올, 트레할로스, 베타인, 황금추출물, 세리신, 벌사상자열매추출물, 겨우살이추출물, 편백잎추출물 , 베헤닐알코올, 아라키딜글루코사이드, 시어버터, 잔탄검, 알란토인, 판테놀, 베르가모트오일, 병풀추출물, 모란뿌리추출물, 감초뿌리추출물, 밤껍질추출물, 화이트윌로우껍질추출물, 티타늄다이옥사이드(나노화 하지 않음)"
"A000000159595","베리홉 바이오틱스 바이탈 아이 크림 20ml","베리홉","20.0","20.0","ml","","41900","20950.0","정제수, 부틸렌글라이콜, 카프릴릭/카프릭트라이글리세라이드, 트라이에틸헥사노인, 비피다발효용해물(58,990ppm), 메틸트라이메티콘, 폴리글리세릴-5폴리리시놀리에이트, 글리세린, 1,2-헥산다이올, 나이아신아마이드, 폴리글리세릴-6폴리리시놀리에이트, 호호바씨오일, 마그네슘설페이트, 아세틸다이펩타이드-1세틸에스터, 하이드롤라이즈드콜라겐, 시어버터, 올리브오일, 스쿠알란, 하이드로제네이티드레시틴, 락토바실러스발효물(50ppm), 락토코쿠스발효용해물(50ppm), 비피다발효여과물(50ppm), 스트렙토코쿠스 테르모필루스발효물(50ppm), 토코페롤, 아세틸헥사펩타이드-8, 쌀겨오일, 세라마이드엔피, 콜레스테롤, 피토스핑고신, 스테아랄코늄헥토라이트, 솔비탄라우레이트, 프로필렌카보네이트, 아데노신, 하이드록시에틸셀룰로오스, 다이소듐이디티에이, 에틸헥실글리세린, 카프릴릴글라이콜, 향료"
"A000000159598","베리홉 에잇 데이즈 퓨어 비타민 씨 크림 50ml","베리홉","50.0","50.0","ml","","46800","9360.0","정제수, 부틸렌글라이콜, 다이프로필렌글라이콜, 아스코빅애씨드(70,000ppm), 프로판다이올, 다이카프릴릴카보네이트, 세테아릴알코올, 프로필렌 글라이콜다이카프릴레이트/다이카프레이트, 펜타에 리스리틸테트라에틸헥사노에이트, 글리세린, 폴리글리세릴-10라우레이트, 폴리솔베이트60, 카카두플럼추출물, 글루타티온, 알파-비사보롤, 글리세릴스테아레이트, 판테놀, 피브이피, 다이메티콘, 글루코닉애씨드, 키토산, 풀루란, 소듐글루코네이트, 소듐하이알루로네이트, 해바라기씨오일, 다이소듐이디티에이, 에칠헥실메톡시신나메이트, 구아하이드록시프로필트라이모늄클로라이드, 트리스(테트라메틸하이드록시피페리딘올)시트레이트, 잔탄검, 사이클로펜타실록세인, 아데노신, 파이틱애씨드, 녹두씨추출물, 자몽추출물, 코치닐선인장열매추출물, 베타-카로틴, 당근추출물, 당근씨오일, 베타-글루칸, 자작나무껍질추출물, 에틸헥실글리세린, 아스코빌팔미테이트, 소리쟁이뿌리추출물, 소듐메타바이설파이트, 다이메티콘/비닐다이메티콘크로스폴리머, 1,2-헥산다이올, 향료, 리모넨, 리날룰"
"A000000159982","마몽드 블루 캐모마일 크림 60ml 기획 (+30ml)","마몽드","60.0","90.0","ml","34000","23800","2644.4","정제수, 프로판다이올, 글리세린, 페닐트라이메티콘, 스테아릴다이메티콘, 1,2-헥산다이올, 메틸트라이메티콘, 나이아신아마이드, 하이드록시에틸아크릴레이트/소듐아크릴로일다이메틸타우레이트코폴리머, 피씨에이다이메티콘, 글리세릴폴리메타크릴레이트, 폴리메틸실세스퀴옥세인, 하이드로제네이티드폴리(C6-14 올레핀), 에리스리톨, 아크릴레이트/C10-30알킬아크릴레이트크로스폴리머, 옥타데센, 트로메타민, 헥실데실미리스토일메틸아미노프로피오네이트, 글리세릴카프릴레이트, 말라카이트추출물, 솔비탄아이소스테아레이트, 에틸헥실글리세린, 다이소듐이디티에이, 부틸렌글라이콜, 아데노신, 스테아릭애씨드, 하이드록시프로필비스팔미타마이드엠이에이, 만니톨, 마데카소사이드, 꽃창포추출물, 에탄올, 향료, 수크로오스, 베타-글루칸, 아크릴레이트/암모늄메타크릴레이트코폴리머, 마트리카리아꽃추출물, 콜레스테롤, 실리카, 소듐하이알루로네이트, 풀루란, 로즈힙열매추출물, 제인, 토코페롤, 하이드롤라이즈드하이알루로닉애씨드, 소듐하이알루로네이트크로스폴리머, 펙틴, 하이알루로닉애씨드, 인돌아세틱애씨드, 소듐아세틸레이티드하이알루로네이트, 시트릭애씨드 *마트리카리아꽃추출물(캐모마일 성분 24ppm)"
"A000000161444","[온가족 페이스&바디크림] 유리아쥬 제모스 끄렘 200ml","유리아쥬","200.0","200.0","ml","32000","27200","1360.0","온천수,정제수,미네랄오일,시어버터,다이카프릴릴에터,글리세린,폴리솔베이트60,부틸렌글라이콜,세틸알코올,스쿠알란,소듐폴리아크릴레이트,글리세릴스테아레이트,피이지-100스테아레이트,유채스테롤,라즈베리씨오일/팜오일아미노프로판다이올에스터,보리지씨오일아미노프로판다이올아마이드,다이메티콘,클로페네신,토코페릴아세테이트,세트리모늄브로마이드,o-사이멘-5-올,피록톤올아민,잔탄검,아시아티코사이드,피토스핑고신"
"A000000163761","[디렉터파이 MADE] 더파이 히알루로닉 수분 장벽 크림 80ml","더파이에센셜","80.0","80.0","ml","","26000","3250.0","정제수,부틸렌글라이콜,글리세린,1,2-헥산다이올,스쿠알란,암모늄아크릴로일다이메틸타우레이트/브이피코폴리머,알지닌,소듐하이알루로네이트,아크릴레이트/C10-30알킬아크릴레이트크로스폴리머,시어버터,세틸에틸헥사노에이트,세테아릴알코올,팔미틱애씨드,카보머,에틸헥실글리세린,판테놀,세테아릴글루코사이드,스테아릭애씨드,베타인,카프릴릭/카프릭트라이글리세라이드,잔탄검,알란토인,하이드로제네이티드레시틴,미리스틱애씨드,글루코오스,아라키딕애씨드,세라마이드엔피,콜레스테롤,마데카소사이드,아시아티코사이드,라우릭애씨드,하이드록시프로필트라이모늄하이알루로네이트,아시아틱애씨드,마데카식애씨드,하이드롤라이즈드하이알루로닉애씨드,소듐아세틸레이티드하이알루로네이트,하이알루로닉애씨드,하이드롤라이즈드소듐하이알루로네이트,소듐하이알루로네이트크로스폴리머,포타슘하이알루로네이트"
"A000000164628","엠브리올리스 레 크렘 센시티브 100ml","엠브리올리스","100.0","100.0","ml","47000","39950","3995.0","정제수, 카프릴릭/카프릭트라이글리세라이드, 글리세린, 옥틸도데칸올, 세테아릴알코올, 시어버터, 세라알바, 세틸포스페이트, 1,2-헥산다이올, 카프릴릴글라이콜, 아크릴레이트/C10-30알킬아크릴레이트크로스폴리머, 소듐하이드록사이드, 프로필렌글라이콜, 토코페롤, 트로폴론, 돌콩오일, 하이드롤라이즈드콩단백질, 알로에베라잎추출물"
"A000000165192","[10주년기념출시] AHC 텐션 아이크림 스틱 포 페이스 기획","AHC","","","","","28000","","'해바라기씨오일, 폴리글리세릴-2트라이아이소스테아레이트, 카프릴릭/카프릭트라이글리세라이드, 옥틸도데칸올, 마이크로크리스탈린왁스, 시어버터, 마카다미아씨오일폴리글리세릴-6에스터스베헤네이트, 토코페릴아세테이트, 칸데릴라왁스, 합성왁스, 폴리에틸렌, 비스-다이글리세릴폴리아실아디페이트-2, 피마자씨오일, 피토스테릴/이소스테아릴/세틸/스테아릴/베헤닐다이머디리놀리에이트, 실리카, 한련초추출물, 인도멀구슬나무잎추출물, 동백나무씨추출물, 동백나무꽃추출물, 지치뿌리추출물, 콜라겐추출물, 실론시나몬나무껍질추출물, 바실러스/폴릭애씨드발효여과추출물, 쌀추출물, 알로에베라잎추출물, 밀펩타이드, 하이드롤라이즈드콜라겐추출물, 리마콩씨추출물, 동백나무씨오일, 콜라겐수, 하이드로제네이티드레시틴, 수용성콜라겐, 소듐하이알루로네이트, 녹차수, 쌀배아오일, 코코넛야자오일, 돌콩펩타이드, 비닐다이메티콘/메티콘실세스퀴옥세인크로스폴리머, 알파-비사보롤, 토코페롤, 솔비탄올리베이트, 폴리글리세릴-4다이아이소스테아레이트/폴리하이드록시스테아레이트/세바케이트, 드럼스틱씨오일, 정제수, 부틸렌글라이콜, 글리세린, 만니톨, 아스코빅애씨드폴리펩타이드, 에칠아스코빌에텔, 카르노신, 코코일하이드롤라이즈드콜라겐, 콜라겐, 락토바실러스발효용해물, 펜타에리스리틸테트라아이소스테아레이트, 1,2-헥산다이올, 스키조사카로미세스발효여과물, 락토바실러스세포외소포, 카프릴로일글라이신, 포타슘코코일하이드롤라이즈드콜라겐, 헥실렌글라이콜, 그래핀옥사이드, 메틸프로판다이올, 사코신, 프로판다이올, 레시틴, 솔비탄라우레이트, 판테놀, 실리카다이메틸실릴레이트, 락토바실러스발효물, 펜틸렌글라이콜, 카프릴릴글라이콜, 라피노오스, 수용성엘라스틴, 아세틸글루타민, 인체줄기세포배양액(0.01ppm), 콜라겐아미노산, 폴리솔베이트80, 하이드록시에틸셀룰로오스, 락틱애씨드, 칸디다 봄비콜라/글루코오스/메틸레이프씨데이트발효물, 아세틸다이펩타이드-1세틸에스터, 하이드록시아세토페논, 소듐콘드로이틴설페이트, 세라마이드엔피, 이눌린라우릴카바메이트, 세틸하이드록시에틸셀룰로오스, 아텔로콜라겐, 에틸헥실글리세린, 루틴, 하이드롤라이즈드콜라겐, 다이메틸실란올하이알루로네이트, 하이드롤라이즈드소듐하이알루로네이트, 하이드롤라이즈드하이알루로닉애씨드, 아세틸테트라펩타이드-11, 트로메타민, 아세틸테트라펩타이드-9, 팔미토일트라이펩타이드-5, 글라이코리피드, 나이아신아마이드, 다이포타슘포스페이트, 판토테닉애씨드, 포타슘세틸포스페이트, 포타슘하이알루로네이트, 폴리글리세릴-10라우레이트, 하이알루로닉애씨드, 헵타소듐헥사카복시메틸다이펩타이드-12, 소듐하이알루로네이트크로스폴리머, 하이드록시프로필트라이모늄하이알루로네이트, 아세틸헥사펩타이드-8, 소듐하이알루로네이트다이메틸실란올, 효모폴리펩타이드, 소듐아세틸레이티드하이알루로네이트, 팔미토일테트라펩타이드-7, 팔미토일트라이펩타이드-1, 귀리펩타이드, 마그네슘아스코빌포스페이트, 소듐아스코빌포스페이트, 아스코빌프로필하이알루로네이트, 콩폴리펩타이드, 아세틸옥타펩타이드-3, 3-아스코빌카보닐다이펩타이드-17, 글라이신, 글루타믹애씨드, 글루타민, 노나펩타이드-1, 다이펩타이드-1, 다이펩타이드-2, 다이펩타이드-4, 라이신, 레티닐팔미테이트, 류신, 리보플라빈, 메나다이온, 메티오닌, 바이오틴, 발린, 사이아노코발아민, 세린, 시스테인, 시트룰린, 아세틸테트라펩타이드-2, 아세틸테트라펩타이드-3, 아세틸테트라펩타이드-5, 아세틸트라이펩타이드-1, 아스코빅애씨드, 아스파라진, 아스파틱애씨드, 아이소류신, 알라닌, 알라닌/히스티딘/라이신폴리펩타이드카퍼에이치씨엘, 알지닌, 오르니틴, 올리고펩타이드-6, 카퍼트라이펩타이드-1, 카프릴로일다이펩타이드-17, 타우린, 타이로신, 트라이펩타이드-1, 트라이펩타이드-2, 트라이펩타이드-3, 트레오닌, 트립토판, 티아민에이치씨엘, 페닐알라닌, 펜타펩타이드-3, 폴릭애씨드, 프롤린, 피리독신, 헥사펩타이드-2, 헥사펩타이드-9, 히스티딘, 에스에이치-올리고펩타이드-1, 에스에이치-폴리펩타이드-1, 다이펩타이드다이아미노부티로일벤질아마이드다이아세테이트, 알-소폴리펩타이드-1, 에스에이치-올리고펩타이드-2, 에스에이치-폴리펩타이드-11, 에스에이치-폴리펩타이드-14, 에스에이치-폴리펩타이드-16, 에스에이치-폴리펩타이드-22, 에스에이치-폴리펩타이드-3, 에스에이치-폴리펩타이드-4, 에스에이치-폴리펩타이드-9, 카프릴로일에스에이치-노나펩타이드-6, 팔미토일다이펩타이드-7, 팔미토일펜타펩타이드-4, 팔미토일헥사펩타이드-12, 향료, 데하이드로아세틱애씨드"
"A000000166922","씨널스 씨트러스트 카밍 크림 50ml","씨널스","50.0","50.0","ml","","27000","5400.0","정제수, 펜타에리스리틸테트라에틸헥사노에이트, 프로판다이올, 글리세릴스테아레이트, 폴리글리세릴-5스테아레이트, 비닐다이메티콘, 글리세린, 펜틸렌글라이콜, 다이페닐실록시페닐트라이메티콘, 폴리메틸실세스퀴옥세인, 1,2-헥산다이올, 코코넛야자오일, 클로렐라 불가리스추출물, 아보카도오일, 인도멀구슬나무잎추출물, 인도멀구슬나무꽃추출물, 해수, 카카오씨추출물, 사철쑥추출물, 스피룰리나 플라텐시스추출물, 하이알루로닉애씨드, 하이드롤라이즈드하이알루로닉애씨드, 소듐하이알루로네이트, 메틸트라이메티콘, 다이글리세린, 판테놀, 실리카, 글루코오스, 아크릴레이트/C10-30알킬아크릴레이트크로스폴리머, 트로메타민, 부틸렌글라이콜, 프룩토올리고사카라이드, 프룩토오스, 하이드록시아세토페논, 하이드록시에틸아크릴레이트/소듐아크릴로일다이메틸타우레이트코폴리머, 다이메티콘올, 다이포타슘글리시리제이트, 소듐파이테이트, 스쿠알란, 솔비탄아이소스테아레이트, 덱스트린, 에틸헥실글리세린, 세테아릴알코올, 잔탄검"
"A000000167261","OOTD PM 오버나잇 아이크림 25ml","OOTD","25.0","25.0","ml","30000","21000","8400.0","정제수, 부틸렌글라이콜, 글리세린, 카프릴릭/카프릭트라이글리세라이드, 해바라기씨오일, 1,2-헥산다이올, 다이메티콘, 세테아릴올리베이트, 솔비탄올리베이트, 소듐아크릴레이트/소듐아크릴로일다이메틸타우레이트코폴리머, 소듐폴리아크릴레이트, 아이소헥사데칸, 아크릴레이트/C10-30알킬아크릴레이트크로스폴리머, 트로메타민, 향료, 폴리솔베이트80, 에틸헥실글리세린, 알란토인, 아데노신, 솔비탄올리에이트, 다이소듐이디티에이, 아스코빅애씨드, 하이드롤라이즈드콜라겐, 수용성콜라겐, 카퍼트라이펩타이드-1, 아세틸헥사펩타이드-8, 올리고펩타이드-32, 올리고펩타이드-29, 팔미토일펜타펩타이드-4, 아텔로콜라겐"
"A000000167993","[괄사 아이세럼] 에스테덤 히알루로닉 아이세럼 15ml (주름개선기능성)","에스테덤","15.0","15.0","ml","65000","45500","30333.3","정제수, 글리세린, 부틸렌글라이콜, 에틸헥실팔미테이트, 하이드록시에틸아크릴레이트/소듐아크릴로일다이메틸타우레이트코폴리머, 소듐폴리아크릴레이트, 소듐하이알루로네이트(0.556%), 스쿠알란, 펜틸렌글라이콜, 카프릴릴글라이콜, 카르노신, 1,2-헥산다이올, 카페인, 소듐시트레이트, 글리세릴아크릴레이트/아크릴릭애씨드코폴리머, 폴리솔베이트60, 페녹시에탄올, 실리카다이메틸실릴레이트, 프로필렌글라이콜, 아데노신, 네오루스코제닌, 솔비탄아이소스테아레이트, 루스코제닌, 다이소듐아데노신트라이포스페이트, 헥실렌글라이콜, 호스테일켈프추출물"
"A000000168274","미구하라 화이트닝 인텐시브 크림 30ml","미구하라","30.0","30.0","ml","","45000","15000.0","비타민나무열매즙,사이클로헥사실록세인,부틸렌글라이콜,나이아신아마이드,글리세린,다이프로필렌글라이콜,다이메티콘/비닐다이메티콘크로스폴리머,히더추출물,C12-16알코올,1,2-헥산다이올,카프릴릭/카프릭트라이글리세라이드,하이드로제네이티드폴리데센,실버위드추출물,흰무늬엉겅퀴추출물,세테아릴알코올,세틸알코올,알파-비사보롤,카프릴릴메티콘,말토덱스트린,팔미틱애씨드,하이드로제네이티드레시틴,카보머,알지닌,캐모마일꽃수,인도멀구슬나무잎추출물,인도멀구슬나무꽃추출물,울금뿌리추출물,아데노신,잔탄검,다이소듐이디티에이,홀리바질잎추출물,정제수,참산호말추출물"
"A000000168828","벨라수 데콜테 넥크림 50ml","벨라수","50.0","50.0","ml","","32000","6400.0","정제수, 글리세린, 카프릴릭/카프릭트라이글리세라이드, 1,2-헥산다이올, 나이아신아마이드, 솔비탄스테아레이트, 세테아릴알코올, 글리세릴스테아레이트, 사이클로헥사실록세인, 폴리메틸실세스퀴옥세인, 다시마추출물, 한련초잎추출물, 병풀추출물, 무화과추출물, 신양벚나무열매즙, 꿀풀추출물, 블래더랙추출물, 라벤더오일, 소듐하이알루로네이트, 하이드로제네이티드레시틴, 캐모마일꽃오일, 팔미틱애씨드, 스테아릭애씨드, 카보머, 하이드록시아세토페논, 트로메타민, 에틸헥실글리세린, 아데노신, 프룩토올리고사카라이드, 다이소듐이디티에이, 잔탄검, 베타-글루칸, 미리스틱애씨드, 하이드롤라이즈드하이알루로닉애씨드, 부틸렌글라이콜, 세라마이드엔피, 하이드롤라이즈드콜라겐, 다이펩타이드다이아미노부티로일벤질아마이드다이아세테이트, 말토덱스트린, 하이드롤라이즈드식물성단백질, 카프릴릴글라이콜, 팔미토일트라이펩타이드-5, 아세틸헥사펩타이드-8, 카퍼트라이펩타이드-1, 트라이펩타이드-1, 팔미토일펜타펩타이드-4, 헥사펩타이드-9, 리날룰"
"A000000172042","울트라브이 이데베논 크림 50ml","울트라브이","50.0","50.0","ml","32000","15840","3168.0","정제수, 디메치콘, 글리세린, 메칠프로판디올, 1,2-헥산디올, 나이아신아마이드, 마카다미아씨오일, 아보카도오일, 소듐아크릴레이트/소듐아크릴로일디메칠타우레이트코폴리머, 해바라기씨오일, 이소헥사데칸, 베타인, 사이클로펜타실록산, 세테아릴알코올, 디메치콘/비닐디메치콘크로스폴리머, 알지닌, 카보머, 폴리소르베이트80, 부틸렌글라이콜, 콩오일, 세테아릴글루코사이드, 카프릴릭/카프릭트리글리세라이드, 소르비탄올리에이트, 상황버섯추출물, 하이드로제네이티드레시틴, 아데노신, 라벤더오일, 소듐하이알루로네이트, 피이지-40캐스터오일, 디소듐이디티에이, 콩스테롤, 왕귤껍질오일, 바이오사카라이드검-1, 베타-글루칸, 병풀추출물, 빅사씨오일, 아세틸헥사펩타이드-8, 알에이치-올리고펩타이드-1, 카바잎/뿌리/줄기추출물, 카퍼트리펩타이드-1, 팔미토일테트라펩타이드-7, 팔미토일트리펩타이드-1, 하이드록시데실유비퀴논(100ppm), 일랑일랑꽃오일, 감국추출물, 금문대황뿌리/줄기추출물, 세신추출물, 시베리안낙엽송추출물, 신갈나무잎추출물, 여뀌추출물, 팔각회향추출물, 현호색추출물, 황련추출물, 토후박추출물, 알에이치-올리고펩타이드-2, 알에이치-폴리펩타이드-1, 알에이치-폴리펩타이드-3"
"A000000172072","메디올가 메디 아하 크림 스트롱 1+1 기획(30ml+30ml)","메디올가","30.0","60.0","ml","","26000","4333.3","정제수, 세틸알코올, 아이소프로필미리스테이트, 글리세린, 시트릭애씨드, 소듐하이드록사이드, 글리세릴스테아레이트, 글라이콜릭애씨드, 시어버터, 세틸에틸헥사노에이트, 폴리솔베이트60, 프로판다이올, 스테아릴알코올, 피이지-100스테아레이트, 베타인, 페녹시에탄올, 
알지닌, 카보머, 솔비탄세스퀴올리에이트, 알란토인, 아이소프로필팔미테이트, 에틸헥실글리세린, 다이소듐이디티에이, 아라키딜알코올, 
미리스틸알코올, 1,2-헥산다이올, 카프릴릭/카프릭트라이글리세라이드, 소듐하이알루로네이트, 부틸렌글라이콜, 세라마이드엔피, 하이드로제네이티드레시틴, 병풀추출물, 흰버드나무껍질추출물, 오레가노잎추출물, 편백잎추출물, 락토바실러스/콩발효추출물, 육계나무껍질추출물, 황금추출물, 쇠비름추출물"
"A000000172075","메디올가 브라이트닝 크림 플러스 1+1 기획(30ml+30ml)","메디올가","30.0","60.0","ml","","27000","4500.0","정제수,  나이아신아마이드,  아이소프로필미리스테이트,  세틸알코올,  글리세린,  글리세릴스테아레이트,  프로판다이올,  시어버터, 
 세틸에틸헥사노에이트,  스테아릴알코올,  피이지-100스테아레이트,  베타인,  페녹시에탄올,  알지닌,  카보머,  알란토인,  향료,  트라넥사믹애씨드,  아이소프로필팔미테이트,  에틸헥실글리세린,  아데노신,  다이소듐이디티에이,  1,2-헥산다이올,  소듐하이알루로네이트,  부틸렌글라이콜,  아라키딜알코올,  미리스틸알코올,  병풀추출물,  글루타티온,  락토바실러스발효용해물,  카프릴릭/카프릭트라이글리세라이드,  세라마이드엔피,  하이드로제네이티드레시틴,  소듐하이알루로네이트크로스폴리머,  하이드롤라이즈드글라이코사미노글리칸,  무화과추출물,  은행추출물 , 뽕나무열매추출물,  석류추출물,  편백잎추출물,  오레가노잎추출물,  흰버드나무껍질추출물,  벤질글라이콜,  육계나무껍질추출물, 락토바실러스/콩발효추출물,  쇠비름추출물, 황금추출물,  하이드롤라이즈드하이알루로닉애씨드,  하이알루로닉애씨드,  라즈베리케톤"
"A000000173212","[원스텝케어/사계절맞춤] 달바 더블 세럼 앤 크림 70g","달바","70.0","140.0","g(약 1ml 상당으로 근사)","78000","38900","2778.6","[아쿠아 세럼]
정제수, 프로판다이올, 1,2-헥산다이올, 글리세린, 판테놀, 다시마추출물, 한련초잎추출물, 병풀추출물, 무화과추출물, 인도멀구슬나무잎추출물, 인도멀구슬나무꽃추출물, 울금뿌리추출물, 캐모마일꽃추출물, 트루로즈오브예리코추출물, 포트마리골드꽃추출물, 흰서양송로추출물(100ppm), 맥아추출물, 홀리바질잎추출물, 참산호말추출물, 하이드로제네이티드레시틴, 소듐하이알루로네이트, 아크릴레이트/C10-30알킬아크릴레이트크로스폴리머, 옥틸도데세스-16, 부틸렌글라이콜, 트로메타민, 다이소듐이디티에이, 아데노신, 프룩토올리고사카라이드, 글리세릴폴리메타크릴레이트, 베타-글루칸, 소듐폴리아크릴레이트, 피브이엠/엠에이코폴리머, 하이드롤라이즈드하이알루로닉애씨드, 세라마이드엔피, 토코페롤, 향료, 에틸헥실글리세린

[인텐스 크림]
정제수, 글리세린, 하이드로제네이티드폴리데센, 카프릴릭/카프릭트라이글리세라이드, 페닐트라이메티콘, 베타인, 폴리글리세릴-3메틸글루코오스다이스테아레이트, 사이클로헥사실록세인, 세틸알코올, 퀸즈랜드넛오일, 피토스테릴/이소스테아릴/세틸/스테아릴/베헤닐다이머디리놀리에이트, 글리세릴스테아레이트, 베헤닐알코올, 트레할로오스, 펜타에리스리틸다이스테아레이트, 콜라겐추출물, 다시마추출물, 한련초잎추출물, 병풀추출물, 무화과추출물, 인도멀구슬나무잎추출물, 인도멀구슬나무꽃추출물, 울금뿌리추출물, 연꽃꽃추출물, 장미추출물, 커먼자스민추출물, 나팔수선화추출물, 마돈나백합비늘줄기추출물, 블루플래그아이리스추출물, 프리지어추출물, 흰서양송로추출물(100ppm), 맥아추출물, 홀리바질잎추출물, 참산호말추출물, 지모뿌리추출물, 소듐하이알루로네이트, 하이드로제네이티드레시틴, 달맞이꽃오일, 돌콩오일, 동백나무씨오일, 마카다미아씨오일, 비타민나무열매오일, 아보카도오일, 올리브오일, 해바라기씨오일, 암모늄아크릴로일다이메틸타우레이트/브이피코폴리머, 폴리글리세릴-10라우레이트, 부틸렌글라이콜, 소듐스테아로일글루타메이트, 아데노신, 프룩토올리고사카라이드, 다이소듐이디티에이, 베타-글루칸, 하이드롤라이즈드하이알루로닉애씨드, 세라마이드엔피, 글루코오스, 만노오스, 시어버터, 하이드로제네이티드폴리아이소부텐, 토코페롤, 1,2-헥산다이올, 향료, 하이드록시아세토페논, 에틸헥실글리세린"
"A000000174016","라로슈포제 시카플라스트 밤 B5+ 100ml","라로슈포제","5.0","105.0","ml","41000","36900","3514.3","정제수, 하이드로제네이티드폴리아이소부텐, 다이메티콘, 글리세린, 시어버터, 판테놀, 옥수수전분, 프로판다이올, 부틸렌글라이콜, 세틸피이지/피피지-10/1다이메티콘, 트라이하이드록시스테아린, 병풀잎추출물, 야콘뿌리즙, 징크글루코네이트, 마데카소사이드, 망가니즈글루코네이트, 알파-글루칸올리고사카라이드, 실리카, 알루미늄하이드록사이드, 마그네슘설페이트, 만노오스, 카프릴로일글라이신, 카프릴릴글라이콜, 비트레오스실라발효물, 시트릭애씨드, 트라이소듐에틸렌다이아민다이석시네이트, 락토바실러스, 아세틸레이티드글라이콜스테아레이트, 말토덱스트린, 폴리글리세릴-4아이소스테아레이트, 토코페롤, 펜타에리스리틸테트라-다이-t-부틸하이드록시하이드로신나메이트, 티타늄디옥사이드"
"A000000177383","[5겹장벽크림] 파티온 노스카나인 트러블 크림 45ml","파티온","45.0","45.0","ml","32000","20500","4555.6","정제수, 글리세린, 메도우폼씨오일, 카프릴릭/카프릭트라이글리세라이드, 비닐다이메티콘, 다이글리세린, 폴리글리세릴-3다이스테아레이트, 세테아릴알코올, 1,2-헥산다이올, 펜틸렌글라이콜, 클로렐라 불가리스추출물, 소듐헤파린, 쑥잎추출물, 병풀추출물, 펜타에리스리틸테트라에틸헥사노에이트, 하이드로제네이티드쌀겨오일, 하이드로제네이티드레시틴, 세테아릴올리베이트, 소듐스테아로일글루타메이트, 하이드록시에틸아크릴레이트/소듐아크릴로일다이메틸타우레이트코폴리머, 폴리글리세릴-2스테아레이트, 암모늄아크릴로일다이메틸타우레이트/브이피코폴리머, 아이소도데케인, 하이드록시아세토페논, 아크릴레이트/C10-30알킬아크릴레이트크로스폴리머, 글루코오스, 솔비탄올리베이트, 글리세릴스테아레이트, 판테놀, 글리세릴스테아레이트시트레이트, 부틸렌글라이콜, 프룩토올리고사카라이드, 프룩토오스, 스테아릭애씨드, 석시닉애씨드, 다이메티콘/비닐다이메티콘크로스폴리머, 비닐다이메티콘/메티콘실세스퀴옥세인크로스폴리머, 소듐파이테이트, 솔비탄아이소스테아레이트, 폴리글리세릴-10스테아레이트, 다이프로필렌글라이콜, 세라마이드엔피, 알란토인, 베타-글루칸, 폴리글리세릴-10라우레이트, 세라마이드엔에스, 콜레스테롤, 에틸헥실글리세린, 피토스핑고신, 세라마이드에이피, 세라마이드에이에스, 스쿠알란, 세라마이드이오피, 카프릴릴/카프릴글루코사이드, 스테아릴알코올, 잔탄검"
"A000000177493","[진정탄력크림] 라로슈포제 시카플라스트 멀티 리페어 크림 100ml","라로슈포제","100.0","100.0","ml","52000","41600","4160.0","정제수 다이카프릴릴에터 판테놀 글리세린 펜틸렌글라이콜 폴리글리세릴-6다이스테아레이트 프로판다이올 세틸에스터 호호바에스터 베헤닐알코올 그린와틀꽃왁스 해바라기씨왁스 병풀잎추출물 야콘뿌리즙 솔비탄올리에이트 징크글루코네이트 마데카소사이드 세테아릴아이소노나노에이트 망가니즈글루코네이트 아이소헥사데칸 알파-글루칸올리고사카라이드 소듐하이알루로네이트 소듐스테아로일글루타메이트 아데노신 만노오스 카퍼글루코네이트 하이드록시아세토페논 하이드록시프로필스타치포스페이트 카프릴로일살리실릭애씨드 비트레오스실라발효물 시트릭애씨드 트라이소듐에틸렌다이아민다이석시네이트 락토바실러스 말토덱스트린 폴리글리세린-3 폴리글리세릴-3비즈왁스 폴리솔베이트80 아크릴아마이드/소듐아크릴로일다이메틸타우레이트코폴리머 세틸알코올 토코페롤"
"A000000178061","미프 비타민 톤업 화이트닝 크림 단독 1+1기획(50ml+50ml)","미프","50.0","100.0","ml","40000","26000","2600.0","정제수, 메칠프로판디올, 글리세린, 베타-글루칸, 디메치콘, 나이아신아마이드, 티타늄디옥사이드, 
참마뿌리추출물, 디메치콘올, 베타인, 사이클로펜타실록산, 피이지/피피지-17/6코폴리머, 효모발효여과물, 
상황버섯추출물, 우엉추출물, 카바잎/뿌리/줄기추출물, 서머스노플레이크비늘줄기추출물, 산자나무열매추출물, 
꿀풀추출물, 블래더랙앨지추출물, 꼬리풀꽃/잎/줄기추출물, 레몬밤잎추출물, 말로우추출물, 서양톱풀추출물, 
성모초추출물, 아르간트리커넬추출물, 카우슬립추출물, 페퍼민트잎추출물, 단삼뿌리추출물, 녹차수, 
하이드로제네이티드레시틴, 아르간트리커넬오일, 소듐아크릴레이트/소듐아크릴로일디메칠타우레이트코폴리머, 
1,2-헥산디올, 하이드록시아세토페논, 소듐폴리아크릴레이트, 이소헥사데칸, 폴리소르베이트80, 에칠헥실스테아레이트, 
스쿠알란, 하이드로제네이티드폴리이소부텐, 에탄올 ,폴리쿼터늄-51, 캐모마일꽃수, 글라이코실트레할로스, 
이소노닐이소노나노에이트, 폴리글리세릴-10스테아레이트, 하이드로제네이티드스타치하이드롤리세이트, 
트리데세스-6, 라피노오스, 바이오사카라이드검-1, 세테아릴알코올, 쉐어버터, 스테아릭애씨드, 아데노신, 
트리에톡시카프릴릴실란, 폴리글리세릴-2디폴리하이드록시스테아레이트, 디소듐이디티에이, 레시틴, 
부틸렌글라이콜, 판테놀, 이눌린라우릴카바메이트, 폴릭애씨드, 디소듐스테아로일글루타메이트, 세라마이드엔피, 
콜레스테롤, 트로메타민, 팔미토일펜타펩타이드-4, 향료"
"A000000178516","코스톡 톡톡 수딩 아쿠아 크림 70ml","코스톡","70.0","70.0","ml","","28000","4000.0","정제수,글리세린,부틸렌글라이콜,나이아신아마이드,C13-16아이소파라핀,1,2-헥산다이올,C12-14아이소파라핀,클로렐라 불가리스추출물,쇠비름추출물,병풀잎추출물,포트마리골드꽃추출물,하이알루로닉애씨드,하이드롤라이즈드하이알루로닉애씨드,소듐하이알루로네이트,하이드로제네이티드폴리데센,펜틸렌글라이콜,비닐다이메티콘,카프릴릴메티콘,하이드록시에틸아크릴레이트/소듐아크릴로일다이메틸타우레이트코폴리머,판테놀,폴리메틸실세스퀴옥세인,글루코오스,아크릴레이트/C10-30알킬아크릴레이트크로스폴리머,다이메티콘/비닐다이메티콘크로스폴리머,프룩토올리고사카라이드,프룩토오스,트로메타민,에틸헥실글리세린,스쿠알란,글리세릴아크릴레이트/아크릴릭애씨드코폴리머,아데노신,다이포타슘글리시리제이트,시트릭애씨드,실리카,소듐시트레이트,카프릴릭/카프릭트라이글리세라이드,토코페롤,에탄올,잔탄검,다이소듐이디티에이"
"A000000180559","AHC 유스 래스팅 리얼 아이크림 포 페이스 35ML","AHC","35.0","35.0","ml","","23000","6571.4","포트마리골드단백질추출물, 락토바실러스발효용해물, 글리세린, 다이프로필렌글라이콜, 사이클로헥사실록세인, 비피다발효용해물, 하이드로제네이티드폴리데센, 정제수, 카프릴릭/카프릭트라이글리세라이드, 나이아신아마이드, 다이카프릴릴카보네이트, 세틸알코올, 구기자나무잎추출물, 녹차추출물, 시어버터, 메틸프로판다이올, 병풀추출물, 무화과추출물, 참마뿌리추출물, 맥아추출물, 알로에베라잎추출물, 올레라케아아크멜라추출물, 하이드롤라이즈드콜라겐추출물, 쌀추출물, 콜라겐추출물, 슈도알테로모나스발효추출물, 코튼씨추출물, 토마토추출물, 마카뿌리추출물, 아보카도열매추출물, 퉁퉁마디추출물, 씨대퍼딜추출물, 밀펩타이드, 알바수련꽃추출물, 리마콩씨추출물, 코코넛야자오일, 마카다미아씨오일, 하이드로제네이티드레시틴, 오일팜오일, 녹차수, 수용성콜라겐, 쌀배아오일, 호호바씨오일, 소듐하이알루로네이트, 에스에이치-폴리펩타이드-19, 폴리글리세릴-10미리스테이트, 칸디다 봄비콜라/글루코오스/메틸레이프씨데이트발효물, 폴리아크릴레이트-13, 폴리글리세릴-2스테아레이트, 폴리글리세릴-10라우레이트, 다이메티콘/비닐다이메티콘크로스폴리머, 세테아릴올리베이트, 솔비탄올리베이트, 글리세릴스테아레이트, 베헤닐알코올, 스테아릴알코올, 소듐스테아로일글루타메이트, 하이드로제네이티드폴리아이소부텐, 세테아릴알코올, 다이메티콘, 판테놀, 부틸렌글라이콜, 글리세릴스테아레이트에스이, 마이크로코쿠스발효용해물, 글라이코실트레할로오스, 에틸헥실팔미테이트, 잔탄검, 하이드로제네이티드스타치하이드롤리세이트, 아데노신, 라피노오스, 콜레스테롤, 솔비탄아이소스테아레이트, 다이소듐이디티에이, 레시틴, 폴리글리세릴-10스테아레이트, 이눌린라우릴카바메이트, 세라마이드엔피, 트로메타민, 폴리쿼터늄-51, 소듐라우레이트, 포타슘세틸포스페이트, 라우릭애씨드, 토코페릴아세테이트, 수용성엘라스틴, 프로판다이올, 폴릭애씨드, 카르노신, 코코일하이드롤라이즈드콜라겐, 하이드롤라이즈드콜라겐, 올리브오일폴리글리세릴-6에스터, 바이오사카라이드검-1, 스키조사카로미세스발효여과물, 글라이코리피드, 포타슘코코일하이드롤라이즈드콜라겐, 글라이신, 락토바실러스발효물, 말토덱스트린, 스쿠알란, 세린, 글루타믹애씨드, 록샘파이어캘러스배양여과물, 아스코빅애씨드폴리펩타이드, 콜라겐, 콜라겐아미노산, 테트라하이드로피페린, 하이드록시데실유비퀴논, 하이드롤라이즈드루핀단백질, 펜타에리스리틸테트라아이소스테아레이트, 아스파틱애씨드, 만니톨, 류신, 다이펩타이드다이아미노부티로일벤질아마이드다이아세테이트, 팔미토일펜타펩타이드-4, 사카라이드하이드롤리세이트, 하이드롤라이즈드식물성단백질, 알라닌, 라이신, 자일리틸글루코사이드, 알지닌, 타이로신, 페닐알라닌, 소듐팔미토일프롤린, 발린, 트레오닌, 프롤린, 안하이드로자일리톨, 아이소류신, 락토바실러스세포외소포, 다이메틸실란올하이알루로네이트, 하이드롤라이즈드소듐하이알루로네이트, 하이드롤라이즈드하이알루로닉애씨드, 히스티딘, 자일리톨, 메티오닌, 시스테인, 팔미토일트라이펩타이드-5, 포타슘하이알루로네이트, 피브이피, 하이드로제네이티드폴리(C6-14올레핀), 하이드록시프로필사이클로덱스트린, 하이알루로닉애씨드, 헵타소듐헥사카복시메틸다이펩타이드-12, 소듐하이알루로네이트크로스폴리머, 하이드록시프로필트라이모늄하이알루로네이트, 아세틸헥사펩타이드-8, 글루코노락톤, 돌콩펩타이드, 소듐하이알루로네이트다이메틸실란올, 솔비탄라우레이트, 폴리글리세릴-10다이아이소스테아레이트, 효모폴리펩타이드, 글루코오스, 소듐아세틸레이티드하이알루로네이트, 에탄올, 실리카다이메틸실릴레이트, 귀리펩타이드, 레틴알, 메나다이온, 실리카, 유채스테롤, 콩폴리펩타이드, 하이드록시에틸셀룰로오스, 락틱애씨드, 아세틸다이펩타이드-1세틸에스터, 세테스-3, 세테스-5, 소듐콘드로이틴설페이트, 소듐아스코빌포스페이트, 알루미늄/마그네슘하이드록사이드스테아레이트, 토코페롤, 세틸하이드록시에틸셀룰로오스, 수크로오스다이스테아레이트, 아텔로콜라겐, 루틴, 펜타에리스리틸테트라-다이-t-부틸하이드록시하이드로신나메이트, 소듐포스페이트, 아세틸옥타펩타이드-3, 에스에이치-올리고펩타이드-1, 에스에이치-올리고펩타이드-2, 에스에이치-폴리펩타이드-1, 다이포타슘포스페이트, 칼슘글루코네이트, 노나펩타이드-1, 다이펩타이드-1, 다이펩타이드-2, 다이펩타이드-4, 아세틸테트라펩타이드-2, 아세틸테트라펩타이드-3, 아세틸테트라펩타이드-5, 아세틸트라이펩타이드-1, 알라닌/히스티딘/라이신폴리펩타이드카퍼에이치씨엘, 올리고펩타이드-6, 카퍼트라이펩타이드-1, 트라이펩타이드-1, 트라이펩타이드-2, 트라이펩타이드-3, 펜타펩타이드-3, 헥사펩타이드-2, 헥사펩타이드-9, 팔미토일테트라펩타이드-7, 팔미토일트라이펩타이드-1, 풀러린, 바이오틴, 에스에이치-폴리펩타이드-3, 티아민에이치씨엘, 팔미토일다이펩타이드-7, 팔미토일헥사펩타이드-12, 피리독신, 사이아노코발아민, 에스에이치-폴리펩타이드-11, 에스에이치-폴리펩타이드-9, 1,2-헥산다이올, 피토스테릴/베헤닐/옥틸도데실라우로일글루타메이트, 폴리솔베이트20, 피이지-5레이프씨드스테롤, 향료, 하이드록시아세토페논, 에틸헥실글리세린, 카프릴릴글라이콜, 소듐벤조에이트, 펜틸렌글라이콜"
"A000000182304","에필로우 어성초 히알루시카 수분진정 크림 70ml","에필로우","70.0","70.0","ml","32000","18900","2700.0","약모밀추출물, 정제수, 글리세린, 메틸프로판다이올, 1,2-헥산다이올, 베타인, 아이소프로필팔미테이트, 하이드로제네이티드폴리(C6-14올레핀), 하이드로제네이티드폴리데센, 효모/쌀발효여과추출물, 병풀추출물, 무화과추출물, 카카오씨추출물, 하이드로제네이티드레시틴, 소듐하이알루로네이트, 락토바실러스발효용해물, 하이드록시에틸아크릴레이트/소듐아크릴로일다이메틸타우레이트코폴리머, 비닐다이메티콘, 카프릴릴메티콘, 폴리메틸실세스퀴옥세인, 아크릴레이트/C10-30알킬아크릴레이트크로스폴리머, 트로메타민, 글리세릴아크릴레이트/아크릴릭애씨드코폴리머, 솔비탄아이소스테아레이트, 잔탄검, 아데노신, 다이소듐이디티에이, 덱스트린, 판테놀, 부틸렌글라이콜, 세라마이드엔피, 사이아노코발아민, 다이메틸실란올하이알루로네이트, 하이드롤라이즈드소듐하이알루로네이트, 하이드롤라이즈드하이알루로닉애씨드, 마데카소사이드, 포타슘하이알루로네이트, 하이알루로닉애씨드, 소듐하이알루로네이트크로스폴리머, 하이드록시프로필트라이모늄하이알루로네이트, 소듐하이알루로네이트다이메틸실란올, 소듐아세틸레이티드하이알루로네이트, 에틸헥실글리세린"
"A000000182581","[한정기획/강력진정] 닥터자르트 시카페어 인텐시브 수딩 리페어 크림 기획(50ml+15ml*2ea)","닥터자르트","50.0","65.0","ml","","50000","7692.3","정제수, 다이프로필렌글라이콜, 세테아릴알코올, 프로판다이올, 폴리글리세릴-3메틸글루코오스다이스테아레이트, 피토스테릴이소스테아릴다이머디리놀리에이트, 부틸렌글라이콜, 카프릴릭/카프릭트라이글리세라이드, 시어버터, 다이카프릴릴에터, 나이아신아마이드, 글리세릴 스테아레이트에스이, 펜틸렌글라이콜, 합성비즈왁스, 퀸즈랜드넛오일, 카카오추출물, 병풀잎추출물, 1,2-헥산다이올, 세틸에틸헥사노에이트, 다이글리세린, 비닐다이메티 콘, 세테아릴올리베이트, 솔비탄올리베이트, 하이드록시에 틸아크릴레이트/소듐아크릴로일다이메틸타우레이트코폴리머, 글리세린, 알란토인, 아시아티코사이드, 트로메타민, 마데카식애씨드, 아시아틱애씨드, 아데노신, 아이소펜틸다이올, 덱스트린, 솔비탄아이소스테아레이트, 트라이소듐에틸렌다이아민다이석시네이트, 폴리글리세릴-4올리에이트, 소듐스테아로일글루타메이트, 소듐서팩틴, 토코페롤, 덱스트란, 팔미토일트라이펩타이드-8, 카보머, 잔탄검, 페녹시에탄올, 황색4호 (CI 19140), 청색1호 (CI 42090)"
"A000000182831","차앤박(CNP) 프로폴리스 앰플 액티브 샷크림 1+1 기획(50ml+50ml)","차앤박","50.0","100.0","ml","40000","26900","2690.0","프로필렌글라이콜, 1,2-헥산다이올, 마카다미아씨오일, 트라이에틸헥사노인, 스테아릴알코올, 글리세릴스테아레이트, 판테놀, 피이지-40스테아레이트, 펜타에리스리틸테트라에틸헥사노에이트, 비스-피이지-18메틸에터다이메틸실레인, 프로폴리스추출물(1500ppm), 세라마이드엔피, 세테아릴알코올, 솔비탄스테아레이트, 하이드록시에틸피페라진에탄설포닉애씨드, 우레아, 세테아릴올리베이트, 피이지-100스테아레이트, 트로메타민, 팔미틱애씨드, 솔비탄올리베이트, 하이드로제네이티드레시틴, 아크릴레이트/C10-30알킬아크릴레이트크로스폴리머, 스테아릭애씨드, 다이메티콘/비닐다이메티콘크로스폴리머, 다이포타슘글리시리제이트, 효모발효여과물, 겨우살이추출물, 글라이코실트레할로오스, 암모늄아크릴로일다이메틸타우레이트/브이피코폴리머, 락토바실러스/콩발효추출물, 하이드로제네이티드스타치하이드롤리세이트, 카보머, 잔탄검, 티타늄디옥사이드(CI 77891), 띠뿌리추출물, 마이카, 아시아티코사이드, 트라이소듐이디티에이, 마데카식애씨드, 아시아틱애씨드, 적색산화철, 마데카소사이드, 더덕뿌리추출물, 무화과추출물, 레몬밤잎추출물, 석류추출물, 베타-글루칸, 토코페롤, 글리시레티닉애씨드, 알지닌글루타메이트, 센티드제라늄꽃오일, 시트로넬올, 제라니올, 리날룰, 시트랄"
"A000000185306","휴캄 킨츠키 탄력 크림 70g","휴캄","70.0","70.0","g(약 1ml 상당으로 근사)","36000","25500","3642.9","정제수, 글리세린, 카프릴릭/카프릭트라이글리세라이드, 폴리글리세릴-3다이스테아레이트, 다이아이소스테아릴말레이트, 에틸헥실스테아레이트, 부틸렌글라이콜, 다이글리세린, 하이드로제네이티드코코-글리세라이즈, 펜틸렌글라이콜, 비닐다이메티콘, 1,2-헥산다이올, 글리세릴스테아레이트, 스쿠알란, 클로렐라 불가리스추출물, 병풀추출물, 올리브오일, 쌀추출물, 불가리스쑥오일, 카카오씨추출물, 인도멀구슬나무꽃추출물, 홀리바질잎추출물, 인도멀구슬나무잎추출물, 울금뿌리추출물, 참산호말추출물, 로즈마리잎오일, 두송열매오일, 하이드롤라이즈드식물성단백질, 갈바눔수지오일, 하이드롤라이즈드콩단백질, 아보카도오일, 퀸즈랜드넛오일, 드럼스틱씨오일, 류코노스톡/무발효여과물, 하이드롤라이즈드완두콩단백질, 시어버터, 다이펜타에리스리틸헥사하이드록시스테아레이트/헥사스테아레이트/헥사로지네이트, 메틸하이드로제네이티드로지네이트, 세테아릴올리베이트, 솔비탄올리베이트, 판테놀, 글루코오스, 글리세릴스테아레이트시트레이트, 하이드록시에틸아크릴레이트/소듐아크릴로일다이메틸타우레이트코폴리머, 프로판다이올, 프룩토올리고사카라이드, 프룩토오스, 트로메타민, 에틸헥실글리세린, 다이포타슘글리시리제이트, 아데노신, 소듐파이테이트, 솔비탄아이소스테아레이트, 덱스트린, 베타-글루칸, 하이드로제네이티드쌀겨오일, 하이드로제네이티드레시틴, 말토덱스트린, 아스퍼질러스/글루코오스/콩/전분발효여과물, 폴리글리세릴-10스테아레이트, 토코페롤, 세라마이드엔피, 피토스핑고신, 피토스테롤, 레시틴, 올리고펩타이드-2, 세테아릴알코올, 카보머, 잔탄검"
"A000000191895","후시다인 더마 트러블 밸런싱 크림 50ml","후시다인","50.0","50.0","ml","","35000","7000.0","정제수, 글리세린, 부틸렌글라이콜, 에틸헥실스테아레이트, 펜틸렌글라이콜, 다이아이소스테아릴말레이트, 1,2-헥산다이올, C14-22알코올, 펜타에리스리틸테트라에틸헥사노에이트, 폴리글리세릴-3메틸글루코오스다이스테아레이트, 스쿠알란, 세테아릴알코올, 푸시디움 코키네움발효용해추출여과물, 알바수련꽃추출물, 프로테아제, 아이리쉬모스추출물, 클로렐라 불가리스추출물, 사탕수수추출물, 올리브오일불검화물, 삼나무잎추출물, 연꽃잎추출물, 효모발효물, 키토산, 카프릴릴메티콘, 다이글리세린, 메틸트라이메티콘, 옥틸도데칸올, 수크로오스폴리스테아레이트, C12-20알킬글루코사이드, 글리세릴스테아레이트에스이, 아크릴레이트/C10-30알킬아크릴레이트크로스폴리머, 글루코오스, 프룩토올리고사카라이드, 프룩토오스, 폴리C10-30알킬아크릴레이트, 에틸헥실글리세린, 트로메타민, 소듐파이테이트, 베타-글루칸, 다이프로필렌글라이콜, 토코페롤, 하이드로제네이티드레시틴, 콜레스테롤, 세라마이드엔피"
"A000000192054","시모먼트 브이 리프팅 롤러 크림 150ml (교체형)","시모먼트","150.0","150.0","ml","","35900","2393.3","정제수,부틸렌글라이콜,1,2-헥산다이올,나이아신아마이드,글리세린,카프릴릴메티콘,세테아릴올리베이트,솔비탄올리베이트,하이드로제네이티드폴리데센,프로판다이올,아크릴레이트/C10-30알킬아크릴레이트크로스폴리머,카보머,트로메타민,솔비톨,하이드로제네이티드레시틴,글리세릴스테아레이트에스이,스쿠알란,갈락토미세스발효여과물,바이오사카라이드검-1,에틸헥실글리세린,아데노신,당호박추출물,다이소듐이디티에이,하이드록시에틸셀룰로오스,카페인,히비스커스꽃추출물,아르니카 몬타나꽃추출물,레이디스맨틀추출물,얼룩파인애플추출물,키위추출물,카프릴릭/카프릭트라이글리세라이드,하이알루로닉애씨드,하이드롤라이즈드하이알루로닉애씨드,소듐하이알루로네이트,콜라겐,버지니아풍년화잎추출물,류코노스톡/무발효여과물,동백나무꽃추출물,가르시니아열매추출물,하이드롤라이즈드엘라스틴,소듐디엔에이,소듐아스코빌포스페이트,카카오씨추출물,아스코빅애씨드,위버대나무줄기추출물,하이드롤라이즈드콜라겐,리솔레시틴,브로멜라인,말토덱스트린,포스파티딜콜린,알에이치-폴리펩타이드-1,알에이치-올리고펩타이드-1,알에이치-올리고펩타이드-2,알에이치-폴리펩타이드-62,알에이치-폴리펩타이드-3"
"A000000192787","어바웃미 숲 진정 수분크림 80ml 기획 (+10ml) *","어바웃미","80.0","90.0","ml","","30000","3333.3","편백수, 글리세린, 부틸렌글라이콜, 비닐다이메티콘, 1,2-헥산다이올, 카프릴릴메티콘, 나이아신아마이드, 펜틸렌글라이콜, 정제수, 클로렐라 불가리스추출물, 살비아오일, 인도멀구슬나무잎추출물, 불가리스쑥오일, 바질오일, 인도멀구슬나무꽃추출물, 소듐하이알루로네이트, 카카오씨추출물, 보리지추출물, 수레국화꽃추출물, 병풀잎추출물, 마트리카리아꽃/잎추출물, 히아신스전초추출물, 라벤더꽃수, 클레리추출물, 하이드롤라이즈드식물성단백질, 티트리잎추출물, 하이드로제네이티드폴리데센, 글루코오스, 암모늄아크릴로일다이메틸타우레이트/브이피코폴리머, 하이드록시아세토페논, 아크릴레이트/C10-30알킬아크릴레이트크로스폴리머, 프룩토올리고사카라이드, 프룩토오스, 다이메티콘올, 세테아릴올리베이트, 솔비탄올리베이트, 트로메타민, 하이드록시에틸아크릴레이트/소듐아크릴로일다이메틸타우레이트코폴리머, 다이포타슘글리시리제이트, 에틸헥실글리세린, 시트릭애씨드, 소듐파이테이트, 아데노신, 솔비탄아이소스테아레이트, 덱스트린, 하이드로클로릭애씨드, 알란토인, 말토덱스트린, 카보머"
"A000000197659","닥터멜락신 아쿠아 이온 플라즈마 수분 크림 50ml","닥터멜락신","50.0","50.0","ml","22900","19800","3960.0","정제수,글리세린,1,2-헥산다이올,다이글리세린,하이드로제네이티드폴리데센,아이소프로필팔미테이트,메틸프로판다이올,나이아신아마이드,부틸렌글라이콜,프로판다이올,하이드록시에틸아크릴레이트/소듐아크릴로일다이메틸타우레이트코폴리머,베타인,글리세레스-26,하이드로제네이티드레시틴,비닐다이메티콘,C18-36애씨드트라이글리세라이드,아크릴레이트/C10-30알킬아크릴레이트크로스폴리머,호호바에스터,트로메타민,C12-18애씨드트라이글리세라이드,스쿠알렌,에틸헥실글리세린,솔비탄아이소스테아레이트,하이드롤라이즈드치자추출물,하이드롤라이즈드맥아추출물,아데노신,하이드롤라이즈드삼색제비꽃추출물,다이소듐이디티에이,덱스트린,소듐하이알루로네이트,하이드롤라이즈드하이알루로닉애씨드,하이알루로닉애씨드,진주가루,피토스테릴마카다미에이트,암모늄폴리아크릴로일다이메틸타우레이트,치자추출물,피토스테롤,글루코오스,시트릭애씨드,소듐글루타메이트,소듐클로라이드,토코페롤,포타슘클로라이드,소듐시트레이트,하이드록시프로필트라이모늄하이알루로네이트,칼슘락테이트,마그네슘카보네이트,소듐아세틸레이티드하이알루로네이트,하이드롤라이즈드소듐하이알루로네이트,소듐하이알루로네이트크로스폴리머,포타슘하이알루로네이트"
"A000000198892","[진정/흔적] 센텔리안24 마데카 크림 타임 리버스 50ml","센텔리안24","50.0","50.0","ml","38000","20900","4180.0","정제수*, 다이프로필렌글라이콜*, 하이드로제네이티드폴리데센, 카프릴릭/카프릭트라이글리세라이드, 글리세린, 글리세릴스테아레이트, 펜타에리스리틸테트라에틸헥사노에이트, 나이아신아마이드*, 사이클로헥사실록세인, 세틸알코올, 폴리글리세릴-6다이스테아레이트, 비닐다이메티콘, 다이카프릴릴에터, 병풀단백질추출물, 아시아티코사이드*, 아시아틱애씨드*, 마데카식애씨드(4,800 ppm)*, 병풀오일, 병풀아미노산, 마데카소사이드, 아스코빌아시아테이트, 병풀폴리펩타이드, 하이드롤라이즈드하이알루로닉애씨드, 하이드롤라이즈드병풀추출물, 병풀추출물, 병풀잎추출물*, 라케모사승마뿌리추출물*, 흰무늬엉겅퀴추출물*, 마카뿌리추출물*, 마카다미아씨오일*, 돌콩오일*, 하이드로제네이티드레시틴*, 소듐하이알루로네이트, 폴리글리세릴-10라우레이트, 스테아릴알코올, 비즈왁스, 소듐스테아로일글루타메이트, 판테놀, 자일리틸글루코사이드*, 하이드록시에틸아크릴레이트/소듐아크릴로일다이메틸타우레이트코폴리머, 호호바에스터*, 안하이드로자일리톨*, 부틸렌글라이콜*, 폴리글리세릴-3비즈왁스, 1,2-헥산다이올*, 하이드록시아세토페논, 자일리톨*, 메틸프로판다이올*, 알란토인, 프로판다이올*, 칸디다 봄비콜라/글루코오스/메틸레이프씨데이트발효물*, 잔탄검, 에톡시다이글라이콜*, 다이소듐이디티에이, 글루코오스*, 아데노신, 솔비탄아이소스테아레이트, 에틸헥실글리세린, 소듐라우레이트, 사이클로덱스트린*, 라우릭애씨드, 소듐폴리아크릴레이트, 피브이엠/엠에이코폴리머, 옥틸도데칸올*, 글라이코리피드*, 카페인*, C12-13파레스-9*, 콜라겐아미노산, 세라마이드엔피, 레스베라트롤*, 알지닌*, 글라이코젠, 엑토인, 타우린*, 하이드롤라이즈드엘라스틴, 레티놀*, 말토덱스트린*, 피토스핑고신, 수크로오스다이스테아레이트*, 소듐디엔에이, 사이아노코발아민*, 글라이신, 글루타믹애씨드, 해바라기씨왁스*, 폴리글리세린-3*, 토코페롤*, 쓴쑥추출물, 바닐라열매추출물, 올리브오일, 오렌지오일, 필리핀오렌지껍질오일, 라벤더오일, 베르가모트오일, 로즈마리잎오일, 오렌지껍질오일, 리씨열매오일, 연필향나무오일, 왕귤껍질오일, 아틀라스시다나무껍질오일, 센티드제라늄꽃오일, 커먼자스민오일, 마텔오일, 장미꽃오일, 갈바눔수지오일, 발삼코파이바수지, 리모넨, 리날룰, 시트랄 (*활성-TECATM)"
"A000000199203","[당근크림] 스킨푸드 캐롯 카로틴 릴리프 크림 70ml","스킨푸드","70.0","70.0","ml","","32000","4571.4","정제수, 당근추출물, 아이소헥사데칸, 폴리글리세릴-6스테아레이트, 다이프로필렌글라이콜, 펜틸렌글라이콜, 글리세린, 부틸렌글라이콜, 세틸에틸헥사노에이트, 카프릴릭/카프릭트라이글리세라이드, 베타-글루칸, 카보머, 폴리글리세릴-6베헤네이트, 당근씨오일, 트로메타민, 세테아릴알코올, 미역추출물, 말토덱스트린, 사카라이드하이드롤리세이트, 소듐하이알루로네이트, 알란토인, 올리브오일, 광곽향오일, 라반딘오일, 살비아오일, 불가리스쑥오일, 오렌지껍질오일, 1,2-헥산다이올, 에틸헥실글리세린"
"A000000199486","바이오더마 아토덤 인텐시브 밤 200ml 기획 (+ 75ml)","바이오더마","200.0","275.0","ml","39900","31920","1160.7","정제수, 글리세린, 미네랄오일, 해바라기씨오일, 베헤닐알코올, 수크로오스스테아레이트, 카놀라오일, 하이드록시에틸아크릴레이트/소듐아크릴로일다이메틸타우레이트코폴리머, 펜틸렌글라이콜, 베타-시토스테롤, 자일리톨, 징크글루코네이트, 아크릴레이트/C10-30알킬아크릴레이트크로스폴리머, 팔미타마이드엠이에이, 1,2-헥산다이올, 카프릴릴글라이콜, 소듐시트레이트, 만니톨, 람노오스, 소듐라우로일락틸레이트, 소듐하이드록사이드, 폴리솔베이트60, 솔비탄아이소스테아레이트, 토코페롤, 피토스핑고신, 세라마이드엔피, 에틸헥실글리세린, 세라마이드에이피, 콜레스테롤, 카보머, 잔탄검, 프룩토올리고사카라이드, 카프릴릭/카프릭트라이글리세라이드, 라미나리아 오크롤레우카추출물, 시트릭애씨드, 세라마이드이오피"
"A000000199651","[진짜장벽회복크림] 리얼베리어 익스트림 크림 70ml 기획 (+30ml)","리얼베리어","70.0","100.0","ml","","39000","3900.0","정제수, 부틸렌글라이콜, 카프릴릭/카프릭트라이글리세라이드, 글리세린, 세테아릴알코올, 프로판다이올, 판테놀, 미리스토일/팔미토일옥소스테아라마이드/아라카마이드엠이에이, 글리세릴스테아레이트, 폴리글리세릴-10다이스테아레이트,다이메티콘, 솔비탄스테아레이트, 겨우살이열매추출물, 1, 2-헥산다이올, 메도우폼씨오일, 올리브오일, 하이드로제네이티드식물성오일, 자일리틸글루코사이드, 안하이드로자일리톨, 자일리톨, 글루코오스, 토코페릴아세테이트, 피토스테롤, 포스포리피드, 다이하이드록시아이소프로필팔모일팜아마이드, 비스-카프릴로일옥시팔미타미도아이소프로판올, 알란토인, 아세틸헵타펩타이드-4, 해바라기씨오일, 살비아오일, 광곽향오일, 소두구씨오일, 콘민트오일, 캐모마일꽃오일,멕시칸주니퍼오일, 바이오사카라이드검-1, 소듐하이알루로네이트, 아세틸다이펩타이드-1세틸에스터, 마데카소사이드, 스테아릭애씨드, 카보머, 카프릴릴글라이콜, 솔비탄라우레이트, 하이드록시에틸셀룰로오스, 소듐레불리네이트, 글리세릴카프릴레이트, p-아니식애씨드"
"A000000199668","슬로소피 뉴트리 다이브 크림 50ml","슬로소피","50.0","50.0","ml","","42000","8400.0","이집트콩추출물,카프릴릭/카프릭트라이글리세라이드,코코넛야자오일,부틸렌글라이콜,다이프로필렌글라이콜,폴리글리세릴-3다이스테아레이트,세테아릴알코올,스쿠알란(식물성스쿠알란),글리세릴스테아레이트,세틸팔미테이트,프로판다이올,포타슘세틸포스페이트,해바라기씨오일,솔비탄팔미테이트,해바라기씨왁스,글리세린,소듐카보머,펜틸렌글라이콜,솔비탄올리에이트,카보머,자일리톨,카프릴릴글라이콜,1,2-헥산다이올,카프릴하이드록사믹애씨드,라이소레시틴,글리세릴스테아레이트시트레이트,잔탄검,하이드록시에틸셀룰로오스,하이드레이티드실리카,향료,토코페롤,포트마리골드꽃추출물,세라마이드엔피,돌콩스테롤,소듐나이트레이트"
"A000000199783","[쿨링진정/수분홀딩] 허스텔러 원더 베지 하이드레이팅 젤 크림 50ml","허스텔러","50.0","50.0","ml","26000","19500","3900.0","케일잎추출물, 글리세린, 바질잎수, 2,3-부탄다이올, 나이아신아마이드, C13-15알케인, 정제수, 아보카도열매추출물, 브로콜리추출물, 아스파라거스추출물, 파슬리추출물, 포도추출물, 파파야열매추출물, 사과추출물, 매실추출물, 오크라열매추출물, 판테놀, 베타-글루칸, 베타인, 카프릴릭/카프릭트라이글리세라이드, 폴리글리세릴-2스테아레이트, 암모늄아크릴로일다이메틸타우레이트/브이피코폴리머, 글리세릴스테아레이트, 레시틴, 알지닌, 아크릴레이트/C10-30알킬아크릴레이트크로스폴리머, 잔탄검, 알란토인, 시트릭애씨드, 토코페롤, 다이포타슘글리시리제이트, 아데노신, 소듐파이테이트, 소듐아크릴레이트코폴리머, 1,2-헥산다이올, 스테아릴알코올, 인도멀구슬나무잎추출물, 에틸헥실글리세린, 인도멀구슬나무꽃추출물, 판토락톤, 소듐시트레이트"
"A000000200145","[수분보습폭탄] 빌리프 아쿠아 밤 / 모이스춰라이징 밤 30ml 기획 (+뉴메로10 에센스 35ml)","빌리프","30.0","65.0","ml","33000","24800","3815.4","[본품 모이스춰라이징 밤]
정제수, 글리세린, 사이클로헥사실록세인, 하이드로제네이티드폴리데센, 다이프로필렌글라이콜, 마카다미아씨오일, 1,2-헥산다이올, 트라이에틸헥사노인, 비스-피이지-18메틸에터다이메틸실레인, 스테아릴알코올, 글리세릴스테아레이트, 피이지-40스테아레이트, 펜타에리스리틸테트라에틸헥사노에이트, 컴프리잎추출물, 귀리커넬추출물*, 포트마리골드꽃추출물*, 개박하추출물*, 라즈베리잎추출물*, 와일드인디고뿌리추출물*, 별꽃추출물*, 레이디스맨틀잎추출물+, 삼색제비꽃추출물+, 다마스크장미꽃추출물+, 메도우스위트꽃추출물+, 마시멜로뿌리추출물+, 아이브라이트추출물, 서양측백나무잎추출물, 서양톱풀꽃추출물, 붉은토끼풀꽃추출물, 조름나물잎추출물, 흰버드나무껍질추출물, 탱자추출물, 띠뿌리추출물, C14-22알코올, 스쿠알란, 시어버터, 아라키딜글루코사이드, 세라마이드엔피, 콜레스테롤, 카프릴릴글라이콜, 아세틸헥사펩타이드-8, 토코페롤, 판테놀, 하이드록시에틸피페라진에탄설포닉애씨드, 우레아, 효모발효여과물, 겨우살이추출물, 글라이코실트레할로오스, 락토바실러스/콩발효추출물, 스테아릭애씨드, 트로메타민, 피이지-100스테아레이트, 세테아릴올리베이트, 팔미틱애씨드, 솔비탄올리베이트, 하이드로제네이티드레시틴, 아크릴레이트/C10-30알킬아크릴레이트크로스폴리머, 다이메티콘/비닐다이메티콘크로스폴리머, 카보머, 하이드로제네이티드스타치하이드롤리세이트, 잔탄검, 트라이소듐이디티에이, 세테아릴알코올, 부틸렌글라이콜, 다이메티콘, 솔비탄스테아레이트, 오렌지껍질오일**, 라임전초오일**, 로즈마리잎오일**, 센티드제라늄꽃오일**, 리모넨, 시트로넬올, 제라니올, 시트랄, 리날룰

[본품 아쿠아 밤]
정제수, 다이프로필렌글라이콜, 글리세린, 메틸트라이메티콘, 변성알코올, 다이메티콘, 사이클로펜타실록세인, 1,2-헥산다이올, 카프릴릭/카프릭트라이글리세라이드, 피이지/피피지/폴리부틸렌글라이콜-8/5/3글리세린, 펜타에리스리틸테트라에틸헥사노에이트, 귀리커넬추출물*, 포트마리골드꽃추출물*, 개박하추출물*, 라즈베리잎추출물*, 와일드인디고뿌리추출물*, 별꽃추출물*+, 레이디스맨틀잎추출물+, 쇠뜨기잎추출물+, 쐐기풀잎추출물+, 소듐하이알루로네이트, 나이아신아마이드, 폴리메틸실세스퀴옥세인, 판테놀, 피이지-150, 펜타에리스리틸테트라아이소스테아레이트, 페닐트라이메티콘, 하이드록시에틸아크릴레이트/소듐아크릴로일다이메틸타우레이트코폴리머, 카보머, 트로메타민, 스쿠알란, 피이지-40하이드로제네이티드캐스터오일, 다이메티콘올, 아크릴레이트/C10-30알킬아크릴레이트크로스폴리머, C14-22알코올, 폴리솔베이트60, 부틸렌글라이콜, 마카다미아씨오일, 말라카이트추출물, 트라이에틸헥사노인, 트라이소듐이디티에이, 아라키딜글루코사이드, 시어버터, 하이드로제네이티드레시틴, 솔비탄아이소스테아레이트, 글리세릴스테아레이트, 스테아릭애씨드, 세라마이드엔피, 콜레스테롤, 피이지-100스테아레이트, 로즈마리잎오일**, 라임전초오일**, 센티드제라늄꽃오일**, 오렌지껍질오일**, 시트랄, 시트로넬올, 리모넨, 제라니올, 리날룰

[증정 뉴메로10에센스]
정제수, 글리세린, 변성알코올, 다이프로필렌글라이콜, 부틸렌글라이콜, 1,2-헥산다이올, 트레할로오스, 바위손추출물, 귀리커넬추출물, 포트마리골드꽃추출물, 개박하추출물, 라즈베리잎추출물, 와일드인디고뿌리추출물, 별꽃추출물, 레이디스맨틀잎추출물, 삼색제비꽃추출물, 다마스크장미꽃추출물, 메도우스위트꽃추출물, 마시멜로뿌리추출물, 베타인, 판테놀, 아이리쉬모스추출물, 암모늄아크릴로일다이메틸타우레이트/브이피코폴리머, 피이지-40하이드로제네이티드캐스터오일, 옥틸도데세스-16, 카보머, 글리세릴아크릴"
"A000000200168","토리든 셀메이징 저분자 콜라겐 탄력 아이크림 30ml","토리든","30.0","30.0","ml","","25000","8333.3","정제수,글리세린,부틸렌글라이콜,콜라겐추출물,카프릴릭/카프릭트라이글리세라이드,다이프로필렌글라이콜,세테아
릴알코올,나이아신아마이드, 1,2-헥산다이올, 세테아릴올리베이트, 글리세릴스테아레이트,솔비탄올리베이트,수용성콜라겐,
하이드롤라이즈드콜라겐(70ppm), 콜라겐, 콜라겐아미노산, 헥사펩타이드-2, 알란토인, 판테놀, 소듐하이알루로네이트, 소듐
하이알루로네이트크로스폴리머,포타슘하이알루로네이트,하이드롤라이즈드하이알루로닉애씨드,하이알루로닉애씨드,하이
드록시프로필트라이모늄하이알루로네이트, 소듐아세틸레이티드하이알루로네이트,C10-18트라이글리세라이즈,하이드로제
네이티드폴리(C6-14올레핀),폴리글리세릴-6다이스테아레이트,헵틸운데실레네이트,땅콩오일,아데노신,레티놀,레티닐팔미
테이트,레틴알,하이드록시피나콜론레티노에이트,세틸팔미테이트,칸데릴라/호호바/쌀겨폴리글리세릴-3에스터,솔비탄팔미
테이트,비닐다이메티콘,카보머,아크릴레이트/C10-30알킬아크릴레이트크로스폴리머,트로메타민,에틸헥실글리세린,글리세
릴아크릴레이트/아크릴릭애씨드코폴리머,2,3-부탄다이올,피브이엠/엠에이코폴리머,다이소듐이디티에이,프로판다이올,폴
리글리세릴-4올리에이트,소듐스테아로일글루타메이트,다이메틸아이소소바이드,펜틸렌글라이콜,잔탄검,바이오틴,토코페롤"
"A000000200188","케어존 리큐어 노르데나우 시카 크림 60ml 더블 기획","케어존","60.0","120.0","ml","","30000","2500.0","정제수, 글리세린, 사이클로헥사실록세인, 프로판다이올, 폴리글리세릴-4카프레이트, 1,2-헥산다이올, 하이드로제네이티드올리브오일스테아릴에스터, 하이드로제네이티드폴리데센, 세틸팔미테이트, 다이포타슘글리시리제이트, 글리시레티닉애씨드, 스페인감초뿌리추출물, 마데카소사이드, 소듐하이알루로네이트, 판테놀, 병풀잎추출물, 하이드롤라이즈드하이알루로닉애씨드, 토코페롤, 스쿠알란, 카프릴릭/카프릭트라이글리세라이드, 솔비탄스테아레이트, 아크릴레이트/C10-30알킬아크릴레이트크로스폴리머, 부틸렌글라이콜, 트라이데실스테아레이트, 하이드로제네이티드식물성오일, 아이소헥사데칸, 트라이데실트라이멜리테이트, 호호바에스터, 하이드록시에틸아크릴레이트/소듐아크릴로일다이메틸타우레이트코폴리머, 폴리글리세릴-10스테아레이트, 다이펜타에리스리틸헥사카프릴레이트/헥사카프레이트, 하이드로제네이티드올리브오일불검화물, 멕시칸주니퍼오일, 클레리오일, 베르가모트오일, 베타-글루칸, 트라이소듐이디티에이, 폴리솔베이트60, 솔비탄아이소스테아레이트, 트로메타민, 리날룰, 리모넨"
"A000000200600","마몽드 프로바이오틱스 세라마이드 인텐스 크림 60ml 기획 (+30ml)","마몽드","60.0","90.0","ml","36000","28800","3200.0","정제수, 부틸렌글라이콜, 글리세린, 부틸렌글라이콜다이카프릴레이트/다이카프레이트, 세틸에틸헥사노에이트, 스쿠알란, 비스-하이드록시에톡시프로필다이메티콘, 베헤닐알코올, 하이드록시프로필비스팔미타마이드엠이에이(16,000 ppm), C14-22알코올, 하이드록시프로필, 비스라우라마이드엠이에이(14,000 ppm), 스테아릭애씨드, 1,2-헥산다이올, 아라키딜알코올, 팔미틱애씨드, 콜레스테롤, C12-20알킬글루코사이드, 아라키딜글루코사이드, 하이드록시에틸아크릴레이트/소듐아크릴로일다이메틸타우레이트코폴리머, 암모늄아크릴로일다이메틸타우레이트/브이피코폴리머, 트로메타민, 향료, 글리세릴카프릴레이트, 덱스트린, 락토바실러스발효물, 에틸헥실글리세린, 아데노신, 다이소듐이디티에이, 솔비탄아이소스테아레이트, 라피노오스, 만니톨, 글루코오스, 미리스틱애씨드, 아라키딕애씨드, 세라마이드엔피(21.2 ppm), 무궁화나무껍질추출물, 락토바실러스발효용해물(10 ppm), 토코페롤, 동백나무씨오일, 녹차씨추출물, 검정콩오일, 프로판다이올, 피토스핑고신, 하이드로제네이티드레시틴, 아세틸테트라펩타이드-11, 병풀꽃/잎/줄기추출물, 카놀라오일, 로즈마리잎추출물"
"A000000200622","[수분쿨링/열감진정] 에스네이처 아쿠아 오아시스 수분 젤크림 90ml","에스네이처","90.0","90.0","ml","34000","22900","2544.4","정제수, 글리세린, 부틸렌글라이콜, 1,2-헥산다이올, 블루아가베잎추출물, 알란토인, 소듐하이알루로네이트, 하이드록시프로필트라이모늄하이알루로네이트, 하이드롤라이즈드하이알루로닉애씨드, 소듐아세틸레이티드하이알루로네이트, 하이알루로닉애씨드, 하이드롤라이즈드소듐하이알루로네이트, 소듐하이알루로네이트크로스폴리머, 포타슘하이알루로네이트, 알지닌, 메틸트라이메티콘, 에틸헥실글리세린, 암모늄아크릴로일다이메틸타우레이트/브이피코폴리머, 하이드록시에틸아크릴레이트/소듐아크릴로일다이메틸타우레이트코폴리머, 아크릴레이트/C10-30알킬아크릴레이트크로스폴리머, 하이드로제네이티드폴리(C6-14올레핀), 메틸다이아이소프로필프로피온아마이드, 다이메티콘/비닐다이메티콘크로스폴리머, 솔비탄아이소스테아레이트, 다이소듐이디티에이"
"A000000201378","라로제 안티퍼티그 아이 컨투어 스틱 15ml (수분스틱)","라로제","15.0","15.0","ml","","44000","29333.3","프로필렌글라이콜, 글리세린, 정제수, 다마스크장미꽃수, 소듐스테아레이트, 프로판다이올, 귀리커넬추출물, 에버라스팅꽃수, 소듐하이드록사이드, 서양송악잎/줄기추출물, 소듐벤조에이트, 시트릭애씨드, 포타슘솔베이트"
"A000000204160","다슈 보이 파란 수분초 수분크림 150ml 기획 (+수분크림 50ml)","다슈","150.0","200.0","ml","23000","14800","740.0","""수분크림
정제수,스쿠알란,부틸렌글라이콜,글리세린,부틸렌글라이콜다이카프릴레이트/다이카프레이트,1,2-헥산다이올,하이드로제네이티드폴리(C6-14올레핀),베타인,하이드록시아세토페논,아보카도오일,소듐하이알루로네이트,라벤더꽃추출물,클레리추출물,히아신스전초추출물,마트리카리아꽃추출물,보리지추출물,수레국화꽃추출물,돌나물추출물(100ppm),해수,하이드롤라이즈드소듐하이알루로네이트,하이알루로닉애씨드,소듐하이알루로네이트크로스폴리머,하이드롤라이즈드하이알루로닉애씨드,세테아릴알코올,아크릴레이트/C10-30알킬아크릴레이트크로스폴리머,포도씨오일,알지닌,암모늄아크릴로일다이메틸타우레이트/브이피코폴리머,세테아릴올리베이트,솔비탄올리베이트,하이드로제네이티드레시틴,다이포타슘글리시리제이트,에틸헥실글리세린,카프릴릴글라이콜"""
"A000000204581","[수분/진정] AHC 프로 샷 히알루로 딥 볼륨 아이크림 포 페이스 30ml 기획 (세럼 +10ml)","AHC","30.0","40.0","ml","27000","21900","5475.0","[본품 - AHC 프로 샷 히알루로 딥 볼륨 5 캡슐 인퓨즈드 아이크림 포 페이스]
정제수, 글리세린, 부틸렌글라이콜, 카프릴릭/카프릭트라이글리세라이드, 펜틸렌글라이콜, 메틸프로판다이올, 판테놀, 1,2-헥산다이올, 아크릴레이트/C10-30알킬아크릴레이트크로스폴리머, 암모늄아크릴로일다이메틸타우레이트/브이피코폴리머, 세테아릴올리베이트, 하이드로제네이티드폴리데센, 옥틸도데칸올, 솔비탄올리베이트, 트로메타민, 하이드로제네이티드레시틴, 하이드롤라이즈드콜라겐, 에스신, 하이드로제네이티드쌀겨오일, 하이드롤라이즈드하이알루로닉애씨드, 에틸헥실글리세린, 향료, 실리카, 아라비아고무나무검, 아데노신, 소듐파이테이트, 폴리글리세릴-10스테아레이트, 베타-글루칸, 백미꽃추출물, 하이드록시프로필트라이모늄하이알루로네이트, 소듐아세틸레이티드하이알루로네이트, 카페인, 멘틸락테이트, 접시꽃추출물, 토코페롤, 글리세릴리놀리에이트, 수크로오스팔미테이트, 해바라기씨오일, 다이프로필렌글라이콜, 소듐하이알루로네이트, 개구리밥추출물, 소듐하이알루로네이트크로스폴리머, 콜레스테롤, 폴리글리세릴-10라우레이트, 키토산, 세라마이드엔피

[증정 - AHC 프로 샷 히알루로 딥 볼륨 5 인트라 세럼]
'정제수, 부틸렌글라이콜, 메틸글루세스-10, 솔비톨, 글리세린, 다이프로필렌글라이콜, 프로판다이올, 펜틸렌글라이콜, 1,2-헥산다이올, 판테놀, 베타인, 카보머, 아이리쉬모스추출물, C12-14알케스-12, 사탕수수추출물, 트로메타민, 하이드롤라이즈드하이알루로닉애씨드, 암모늄아크릴로일다이메틸타우레이트/브이피코폴리머, 에틸헥실글리세린, 향료, 잔탄검, 아데노신, 셀룰로오스, 소듐파이테이트, 개구리밥추출물, 소듐하이알루로네이트, 폴리글루타믹애씨드, 베타-글루칸, 하이드록시프로필트라이모늄하이알루로네이트, 소듐아세틸레이티드하이알루로네이트, 카페인, 에스신, 멘틸락테이트, 토코페롤, 수크로오스팔미테이트, 글리세릴리놀리에이트, 해바라기씨오일, 소듐하이알루로네이트크로스폴리머, 하이드로제네이티드레시틴, 콜레스테롤, 폴리글리세릴-10라우레이트, 키토산, 세라마이드엔피"
"A000000204654","더후 공진향 탄력 크림 50ml","더후","50.0","50.0","ml","156000","135400","27080.0","정제수*, 글리세린, 다이프로필렌글라이콜, 다이메티콘, 카프릴릭/카프릭트라이글리세라이드, 하이드로제네이티드폴리아이소부텐, C14-22알코올, 부틸렌글라이콜*, 하이드로제네이티드폴리데센, 1,2-헥산다이올*, 헥실데실에틸헥사노에이트, 판테놀, 피이지-40스테아레이트, 글리세릴스테아레이트, 하이드로제네이티드레시틴, 변성알코올, 세테아릴올리베이트, 피이지-100스테아레이트, 세테아릴알코올, 메틸트라이메티콘, 트레할로오스, C12-20알킬글루코사이드, 솔비탄올리베이트, 다이메티콘/비닐다이메티콘크로스폴리머, 세라마이드엔피, 다이메티콘올, 암모늄아크릴로일다이메틸타우레이트/브이피코폴리머, 쿠푸아수씨버터, 카보머, 글리세릴스테아레이트시트레이트, 락토바실러스/콩발효추출물, 효모/감자추출물발효여과물, 글라이코리피드, 피이지-10레이프씨드스테롤, 효모/보리씨발효여과물, 베헤닐알코올, 아크릴레이트/C10-30알킬아크릴레이트크로스폴리머, 피이지-10피토스테롤, 스쿠알란, 천문동뿌리추출물*, 아데노신, 바이오사카라이드검-1, 마카다미아씨오일, 트라이에틸헥사노인, 소듐하이알루로네이트, 아라키딜글루코사이드, 시어버터, 글리세레스-20, 알지닌*, 산수유열매추출물*, 참당귀뿌리추출물*, 타임추출물*, 글루타믹애씨드*, 스테아릭애씨드, 콜레스테롤, 에틸헥실글리세린*, 각시둥굴레뿌리줄기/뿌리추출물, 하수오뿌리추출물, 동충하초추출물, 밀리타리스동충하초추출물, 글라이코프로테인*, 홍삼추출물, 영지버섯추출물*, 인삼추출물, 토코페롤, 트로메타민, 트라이소듐이디티에이, 티타늄디옥사이드 (CI 77891), 마이카, 적색산화철, 향료, 제라니올, 리날룰, 리모넨, 시트로넬올"
"A000000205871","이즈앤트리 하이퍼 비타민 C 30 크림 20ml","이즈앤트리","20.0","20.0","ml","25000","17900","8950.0","아스코빅애씨드(30%), 사이클로펜타실록세인, 카프릴릭/카프릭트라이글리세라이드, 세틸에틸헥사노에이트, 아이소도데케인, 마이크로크리스탈린왁스, 솔비탄올리베이트, 칸데릴라왁스, 다이메티콘/비닐다이메티콘크로스폴리머, 실리카, 비닐다이메티콘/메티콘실세스퀴옥세인크로스폴리머, 에틸헥실팔미테이트, 에틸헥실스테아레이트, 하이드로제네이티드올리브오일불검화물, 다이스테아다이모늄헥토라이트, 시어버터, 프로필렌카보네이트, 병풀추출물, 에틸헥실글리세린, 소듐시트레이트, 해바라기씨오일, 토코페롤, 유용성감초추출물, 하이드로제네이티드레시틴, 베타-카로틴, 정제수, 알란토인, 약모밀추출물, 판테놀, 글리세린, 호호바씨오일, 베타-시토스테롤, 1,2-헥산다이올, 폴리글리세릴-10스테아레이트, 베타-글루칸"
"A000000206338","후시다인 더마 트러블 에이씨 카밍 스팟 젤","후시다인","","","","","16000","","정제수, 부틸렌글라이콜, 글리세린, 에톡시다이글라이콜, 메틸프로판다이올, 나이아신아마이드, 펜틸렌글라이콜, 프로판다이올, 푸시디움 코키네움발효용해추출여과물, 알바수련꽃추출물, 프로테아제, 클로렐라 불가리스추출물, 티트리잎추출물, 편백잎추출물, 오레가노잎추출물, 흰버드나무껍질추출물, 육계나무껍질추출물, 락토바실러스/콩발효추출물, 쇠비름추출물, 황금추출물, 하이드록시에틸셀룰로오스, 암모늄아크릴로일다이메틸타우레이트/브이피코폴리머, 폴리글리세릴-10라우레이트, 살리실릭애씨드, 트로메타민, 1,2-헥산다이올, 판테놀, 글루코오스, 프룩토올리고사카라이드, 프룩토오스, 바이오사카라이드검-1, 에틸헥실글리세린, 4-터피네올, 소듐레불리네이트, 글리세릴카프릴레이트, 다이포타슘글리시리제이트, 석시닉애씨드, p-아니식애씨드, 소듐파이테이트, 베타-글루칸, 토코페롤, 잔탄검, 향료"
"A000000206422","더바디샵 티트리 스킨 클리어링 하이드레이터 40ML","더바디샵","40.0","40.0","ml","28000","26600","6650.0","정제수,프로판디올,디카프릴릴에텔,베타인,변성알코올,소듐폴리아크릴레이트,글리세린,오스트레일리안레몬머틀잎추출물,티트리잎오일,벤질알코올,올리브오일,아크릴레이트/C10-30알킬아크릴레이트크로스폴리머,에칠헥실글리세린,소듐글루코네이트,소듐하이알루로네이트,잔탄검,살리실릭애씨드,알로에베라잎즙가루,호동씨오일,타피오카전분,토코페롤,시트릭애씨드,리모넨,해바라기씨오일,시트랄,리날룰,레몬향티트리오일"
"A000000208055","[붉은피부진정/속보습] 에딧비 진정 톡 시카 어성초 크림 100ml","에딧비","100.0","100.0","ml","24000","16800","1680.0","정제수, 부틸렌글라이콜, 다이프로필렌글라이콜, 하이드로제네이티드폴리(C6-14올레핀), 프로판다이올, 세틸에틸헥사노에이트, 1,2-헥산다이올, 카프릴릭/카프릭트라이글리세라이드, 세테아릴알코올, 비닐다이메티콘, 세테아릴올리베이트, 암모늄폴리아크릴로일다이메틸타우레이트, 솔비탄올리베이트, 카보머, 알지닌, 판테놀, 알란토인, 병풀추출물(700ppm), 에틸헥실글리세린, 약모밀추출물(200ppm), 소듐파이테이트, t-부틸알코올, 덱스트린, 치자추출물, 베르가모트오일, 글리세릴글루코사이드, 토코페롤, 로즈마리잎오일, 필리핀오렌지껍질오일, 병풀잎추출물(1ppm), 비피다발효용해물, 락토코쿠스발효용해물, 락토바실러스발효용해물, 글리세린, 나이아신아마이드, 소듐하이알루로네이트, 하이드로제네이티드레시틴, 쇠비름추출물, 아시아티코사이드, 아시아틱애씨드, 마데카식애씨드, 하이드록시프로필트라이모늄하이알루로네이트, 마데카소사이드, 하이드롤라이즈드하이알루로닉애씨드, 베타-글루칸, 세라마이드엔피, 소듐아세틸레이티드하이알루로네이트, 하이알루로닉애씨드, 소듐하이알루로네이트크로스폴리머, 하이드롤라이즈드소듐하이알루로네이트, 포타슘하이알루로네이트"
"A000000210417","[증정기획] 헤브블루 살몬 PDRN 센텔라 크림 100ml 기획 (+연어 토너 25ml)","헤브블루","100.0","125.0","ml","","39900","3192.0","살몬 케어링 센텔라 크림
병풀잎수(625,219ppm), 부틸렌글라이콜, 글리세린, 카프릴릭/카프릭트라이글리세라이드, 하이드로제네이티드폴리(C6-14올레핀), 정제수, 프로판다이올, 다이프로필렌글라이콜, 펜타에리스리틸테트라에틸헥사 노에이트, 1,2-헥산다이올, 사이클로헥사실록세인, 해바라기씨오일, 세테아릴올리베이트, 솔비탄올리베이트, 암모늄아크릴로일다이메틸타우레이트/브이피코폴리머, 아크릴레이트/C10-30알킬아크릴레이트크로스폴리머, 트로메타민, 연어알추출물(1,500ppm), 소듐폴리아크릴레이트, 베타인, 판테놀, 녹차수, 소듐하이알루로네이트, 에틸헥실글리세린, 잔탄검, 아데노신, 다이소듐이디티에이, 덱스트린, 쇠비름추출물, 하이드롤라이즈드콜라겐, 카카오추출물, 토코페롤, 하이알루로닉애씨드, 마데카소사이드, 소듐디엔에이, 말토덱스트린, 아보카도열매추출물, 하이드롤라이즈드하이알루로닉애씨드

살몬 케어링 센텔라 토너
병풀잎수(828,168ppm), 정제수, 부틸렌글라이콜, 약모밀수(30,380ppm), 프로판다이올, 글리세린, 1,2-헥산다이올, 연어알추출물(1,500ppm), 알란토인, 판테놀, 에틸헥실글리세린, 소듐하이알루로네이트, 다이소듐이디티에이, 말토덱스트린, 아보카도열매추출물, 덱스트린, 카카오추출물, 쇠비름추출물, 마데카소사이드, 소듐디엔에이"
"A000000210933","[수분진정]더페이스샵 올티밋 히알루로닉 스쿠알란 1% 크림 50ml","더페이스샵","50.0","50.0","ml","18000","16200","3240.0","정제수, 부틸렌글라이콜, 하이드로제네이티드폴리아이소부텐, 다이프로필렌글라이콜, 1,2-헥산다이올, 글리세린, 하이드로제네이티드폴리데센, 나이아신아마이드, 판테놀, 스쿠알란(1%), 트레할로오스, 폴리메틸실세스퀴옥세인, 아크릴레이트/C10-30알킬아크릴레이트크로스폴리머, 하이드록시에틸아크릴레이트/소듐아크릴로일다이메틸타우레이트코폴리머, 트로메타민, 알란토인, 솔비탄아이소스테아레이트, 세린, 알지닌, 글리세릴아크릴레이트/아크릴릭애씨드코폴리머, 시트릭애씨드, 베타-글루칸, 하이드롤라이즈드소듐하이알루로네이트(1.0475 ppm), 하이드롤라이즈드하이알루로닉애씨드(1 ppm), 하이드록시프로필트라이모늄하이알루로네이트(1 ppm), 토코페롤, 펜틸렌글라이콜, 에틸헥실글리세린, 소듐하이알루로네이트(0.0025 ppm), 소듐하이알루로네이트크로스폴리머(0.001 ppm), 수용성프로테오글리칸"
"A000000213112","파이코어 디퍼런씨 블루바이옴 리페어 수딩크림 50ml","파이코어","50.0","50.0","ml","","35000","7000.0","정제수, 부틸렌글라이콜, 마이크로코쿠스발효용해물, 동충하초추출물, 1,2-헥산다이올, 펜틸렌글라이콜, 나이아신아마이드, 스위트아카시아꽃추출물, 제비꽃꽃추출물, 찔레꽃열매추출물, 슈도알테로모나스발효추출물, 글리세린, 팔미토일에스에이치-트라이펩타이드-4아마이드, 소듐하이알루로네이트, 소듐하이알루로네이트크로스폴리머, 하이드롤라이즈드하이알루로닉애씨드, 하이알루로닉애씨드, 하이드롤라이즈드소듐하이알루로네이트, 소듐아세틸레이티드하이알루로네이트, 하이드록시프로필트라이모늄하이알루로네이트, 하이드롤라이즈드콜라겐, 세라마이드엔피, 세라마이드에이피, 세라마이드이오피, 아데노신, 다시마추출물, 감태추출물, 미역추출물, 톳추출물, 모자반추출물, 바다포도추출물, 납작파래추출물, 자이언트켈프추출물, 소듐라우로일락틸레이트, 피토스핑고신, 콜레스테롤, 잔탄검, 페닐트라이메티콘, 베타인, 세테아릴에틸헥사노에이트, 하이드로제네이티드레시틴, 폴리글리세릴-10스테아레이트, 토코페릴아세테이트, 인도멀구슬나무잎추출물, 인도멀구슬나무꽃추출물, 당아욱꽃추출물, 카보머, 알지닌, 하이드록시에틸셀룰로오스, 알란토인, 에틸헥실글리세린, 옥틸도데세스-16, 다이소듐이디티에이, 구아이아줄렌, 소듐구아이아줄렌설포네이트, 캐모마일꽃오일"
"A000000213113","파이코어 디퍼런씨 블루바이옴 리페어 멜팅크림 40ml","파이코어","40.0","40.0","ml","34000","27000","6750.0","정제수, 글리세린, 페닐트라이메티콘, 마이크로코쿠스발효용해물, 부틸렌글라이콜, 베타인, 호호바에스터, 1,2-헥산다이올, 하이드로제네이티드레시틴, 나이아신아마이드, 비닐다이메티콘, 폴리글리세릴-3다이스테아레이트, 세테아릴알코올, 혼합글리세릴스테아레이트, 세틸알코올, 스테아릴알코올, 메틸글루코오스세스퀴스테아레이트, 슈도알테로모나스발효추출물, 판테놀, 글리세레스-26, 팔미토일에스에이치-트라이펩타이드-4아마이드, 소듐하이알루로네이트, 소듐하이알루로네이트크로스폴리머, 하이드롤라이즈드하이알루로닉애씨드, 하이알루로닉애씨드, 하이드롤라이즈드소듐하이알루로네이트, 소듐아세틸레이티드하이알루로네이트, 하이드록시프로필트라이모늄하이알루로네이트, 하이드롤라이즈드콜라겐, 세라마이드엔피, 세라마이드에이피, 세라마이드이오피, 아데노신, 토코페릴아세테이트, 스위트아카시아꽃추출물, 제비꽃꽃추출물, 찔레꽃열매추출물, 동충하초추출물, 다시마추출물, 감태추출물, 미역추출물, 톳추출물, 모자반추출물, 바다포도추출물, 납작파래추출물, 자이언트켈프추출물, 다이포타슘글리시리제이트, 소듐스테아로일글루타메이트, 소듐라우로일락틸레이트, 피토스핑고신, 콜레스테롤, 토코페롤, 비즈왁스, 해바라기씨왁스, 사이클로헥사실록세인, 수크로오스코코에이트, 폴리글리세린-3, 글리세릴스테아레이트시트레이트, 카보머, 잔탄검, 에틸헥실글리세린, 펜틸렌글라이콜, 캐모마일꽃오일, 일랑일랑꽃오일, 베르가모트오일, 필리핀오렌지껍질오일, 스타아니스열매/씨오일, 스페인자스민꽃추출물, 올리브오일, 센티드제라늄꽃오일, 다마스크장미꽃오일, 클레리오일"
"A000000213288","[화해 1위/화잘먹모공크림] 오드로이 블랙체리 모공수축크림 로프디 100ml 더블기획","오드로이","100.0","200.0","ml","56000","36800","1840.0","정제수, 부틸렌글라이콜, 글리세린, 1,2-헥산다이올, 마카다미아씨오일, 하이드로제네이티드폴리(C6-14올레핀), 다이카프릴릴카보네이트, 알지닌, 아크릴레이트/C10-30알킬아크릴레이트크로스폴리머, 글리세릴카프릴레이트, 세테아릴올리베이트, 스쿠알란, 솔비탄올리베이트, 하이드록시에틸아크릴레이트/소듐아크릴로일다이메틸타우레이트코폴리머, 해바라기씨오일, 알란토인, 완두콩추출물, 약모밀추출물, 토코페롤, 향료, 에난티아 클로란타껍질추출물, 다이포타슘글리시리제이트, 아데노신, 소듐글루코네이트, 시트릭애씨드, 블랙체리열매추출물(52ppm), 펜틸렌글라이콜, 하이드롤라이즈드콜라겐, 올레아놀릭애씨드"
"A000000213402","반코르 닥터 세라마이드 크림 60ml","반코르","60.0","60.0","ml","22500","19130","3188.3","정제수, 글리세린, 해바라기씨오일, 글리세릴스테아레이트, 나이아신아마이드, 세테아릴알코올, 세테아릴올리베이트, 세라마이드엔피(10,000ppm), 하이드로제네이티드레시틴, 솔비탄올리베이트, 비닐다이메티콘, 하이드록시아세토페논, 1,2-헥산다이올, 트로메타민, 다이프로필렌글라이콜, 아크릴레이트/C10-30알킬아크릴레이트크로스폴리머, 다이포타슘글리시리제이트, 트라이에틸시트레이트, 광곽향오일, 바닐라열매오일, 라반딘오일, 고수열매오일, 필리핀오렌지껍질오일, 소두구씨오일, 퀸즈랜드넛오일, 피토스핑고신, 비타민나무오일"
"A000000214303","[고현정 PICK 즉각탄력크림] 코이 플로우 리프팅 랩핑 크림 50ml","코이","50.0","50.0","ml","57000","38900","7780.0","정제수, 프로판다이올, 글리세린, 다이페닐실록시페닐트라이메티콘, 카프릴릭/카프릭트라이글리세라이드, 아이소노닐아이소노나노에이트, 부틸렌글라이콜, 1,2-헥산다이올, 나이아신아마이드, 캐스터오일/아이피디아이코폴리머, 암모늄아크릴로일디메칠타우레이트/브이피코폴리머, 소듐폴리아크릴레이트, 글리세레스-25피씨에이아이소스테아레이트, 소듐하이알루로네이트, 한련초추출물, 남가새열매추출물, 시호 뿌리추출물, 양까막까치밥나무열매추출물, 지모뿌리추출물, 트레할로오스, 베타인, 아이소펜틸다이올, 펜틸렌글라이콜, 아데노신, 시어버터, 시트릭애씨드, 알지닌, 카보머, 잔탄검, 하이드로제네이티드폴리아이소부텐, 아모다이메티콘, 향, 에틸헥실글리세린"
"A000000215507","이지듀 멜라 글루타치온 크림 50ml","이지듀","50.0","50.0","ml","","34000","6800.0","정제수, 글리세린, 나이아신아마이드, 다이프로필렌글라이콜, 비닐다이메티콘, 카프릴릭/카프릭트라이글리세라이드, 코코넛야자오일, 메도우폼씨오일, 펜타에리스리틸테트라에틸헥사노에이트, 메틸프로판다이올, 폴리글리세릴-3다이스테아레이트, 해바라기씨오일, 1,2-헥산다이올, 마조람잎오일, 베르가모트오일, 효모발효추출물, 칸디다봄비콜라/글루코오스/메틸레이프씨데이트발효물, 편백잎추출물, 오레가노잎추출물, 흰버드나무껍질추출물, 캐모마일꽃오일, 육계나무껍질추출물, 하이드롤라이즈드하이알루로닉애씨드, 락토바실러스/콩발효추출물, 쇠비름추출물, 황금추출물, 멕시칸주니퍼오일, 하이드롤라이즈드콜라겐, 왕귤껍질오일, 펜틸렌글라이콜, 피토스테릴/이소스테아릴/세틸/스테아릴/베헤닐다이머디리놀리에이트, 부틸렌글라이콜, 폴리메틸실세스퀴옥세인, 다이메티콘올, 암모늄아크릴로일다이메틸타우레이트/브이피코폴리머, 아크릴레이트/C10-30알킬아크릴레이트크로스폴리머, 소듐스테아로일글루타메이트, 하이드록시아세토페논, 트로메타민, 하이드록시에틸아크릴레이트/소듐아크릴로일다이메틸타우레이트코폴리머, 폴리글리세릴-2스테아레이트, 글리세릴스테아레이트, 판테놀, 글리세릴스테아레이트시트레이트, 아데노신, 하이드로제네이티드레시틴, 소듐파이테이트, 솔비탄아이소스테아레이트, 세라마이드엔피, 베타-글루칸, 하이드롤라이즈드엘라스틴, 소듐아스코빌포스페이트, 에스에이치-올리고펩타이드-1, 팔미토일에스에이치-트라이펩타이드-3아마이드, 카프릴릴글라이콜, 니코티노일다이펩타이드-23, 트라넥사믹애씨드, 글루타티온(0.01ppm), 비사보롤, 헤스페리딘메틸칼콘, 시트릭애씨드, 다이펩타이드-2, 팔미토일테트라펩타이드-7, 소듐시트레이트, 스테아레스-20, 세테아릴알코올, 스테아릴알코올, 잔탄검, 에탄올, 다이소듐이디티에이, 클로헥시딘디글루코네이트, 포타슘솔베이트, 리모넨, 리날룰"
"A000000217167","프리메라 나이아시카 수딩글로우 워터리 크림 30ml","프리메라","30.0","30.0","ml","27900","19500","6500.0","정제수, 글리세린, 부틸렌글라이콜, 스쿠알란, 비스-하이드록시에톡시프로필다이메티콘, 카프릴릭/카프릭/미리스틱/스테아릭트라이글리세라이드, 다이카프릴릴에터, 폴리글리세릴-3다이스테아레이트, 메틸트라이메티콘, 1,2-헥산다이올, 카카오씨버터, 카프릴릭/카프릭트라이글리세라이드, 글리세릴스테아레이트, 세테아릴알코올, 락토바실러스발효용해물, C10-18트라이글리세라이즈, 판테놀(0.5%), 피토스테롤, 팔미틱애씨드, 하이드록시에틸아크릴레이트/소듐아크릴로일다이메틸타우레이트코폴리머, 스테아릭애씨드, 나이아신아마이드(0.11%), 아크릴레이트/C10-30알킬아크릴레이트크로스폴리머, 글리세릴스테아레이트시트레이트, 잔탄검, 글리세릴카프릴레이트, 에틸헥실글리세린, 트로메타민, 솔비탄아이소스테아레이트, 소듐메타포스페이트, 마데카소사이드(0.01%), 콩폴리펩타이드, 토코페롤, 징크클로라이드, 프로필렌글라이콜, 소듐하이알루로네이트"
"A000000217602","[보습장벽] 차앤박 더마앤서 배리어 리셋 크림 80ml 더블기획 (80ml+80ml)","차앤박","80.0","240.0","ml","45900","22800","950.0","정제수, 글리세린, 다이프로필렌글라이콜, 카프릴릭/카프릭트라이글리세라이드, 하이드로제네이티드폴리아이소부텐, 다이카프릴릴에터, 글리세릴스테아레이트에스이, 1,2-헥산다이올, 다이메티콘, 세테아릴올리베이트, 판테놀, 다이페닐다이메티콘, 하이드롤라이즈드식물성단백질, 올리브오일, 알지닌, 글루타믹애씨드, 세라마이드엔피, 부틸렌글라이콜, 트레할로오스, 트로메타민, 트록세루틴, 피토스테롤, 팔미틱애씨드, 콜레스테롤, 세라마이드에이피, 세라마이드엔지, 세라마이드엔에스, 피토스핑고신, 세라마이드에이에스, 세라마이드이오피, 소듐하이알루로네이트, 알지닌/라이신폴리펩타이드, 프로폴리스추출물, 알란토인, 폴리글리세릴-3메틸글루코오스다이스테아레이트, 솔비탄올리베이트, 하이드로제네이티드레시틴, C14-22알코올, 폴리아크릴레이트크로스폴리머-6, 아크릴레이트/C10-30알킬아크릴레이트크로스폴리머, 다이포타슘글리시리제이트, C12-20알킬글루코사이드, 토코페롤, 돌콩오일, 석시닉애씨드, 세테아릴알코올, 스테아릭애씨드, 2,3-부탄다이올, 글리세릴스테아레이트, 클레리오일, 멕시칸주니퍼오일, 에틸헥실글리세린, 트라이소듐이디티에이, 로즈마리잎오일, 잔탄검, 피이지-크로스폴리머, 소르빅애씨드"
"A000000219326","[극건조 피부 개선 보습 크림]SVR 토피알리즈 밤프로텍트+ 400ml","SVR","400.0","400.0","ml","48000","38900","972.5","정제수, 해바라기씨오일, 코코넛야자오일, 바바수씨오일, 피마자씨오일, 세테아릴알코올, 하이드로제네이티드캐스터오일, 글리세릴스테아레이트에스이, 펜틸렌글라이콜, 세테아릴글루코사이드, 소듐스테아로일글루타메이트, 소엽맥문동뿌리추출물, 1,2-헥산다이올, 카프릴릴글라이콜, 아크릴레이트/C10-30알킬아크릴레이트크로스폴리머, 말토덱스트린, 펜타에리스리틸테트라-다이-t-부틸하이드록시하이드로신나메이트, 글라이코스핑고리피드, 글라이코리피드, 시트릭애씨드"
"A000000221698","[톤업캡슐] 이니스프리 비타민C 캡슐 크림 50ml 기획 (+20ml)","이니스프리","50.0","70.0","ml","","32000","4571.4","정제수, 부틸렌글라이콜, 프로판다이올, 글리세린, 나이아신아마이드(40,000 ppm), 아이소펜틸다이올, 1,2-헥산다이올, 하이드로제네이티드폴리(C6-14올레핀), 카프릴릭/카프릭트라이글리세라이드, 아이소노닐아이소노나노에이트, 스쿠알란, 암모늄아크릴로일다이메틸타우레이트/브이피코폴리머, 아크릴레이트/C10-30알킬아크릴레이트크로스폴리머, 알지닌, 트레할로오스, 하이드록시에틸아크릴레이트/소듐아크릴로일다이메틸타우레이트코폴리머, 소듐아크릴릭애씨드/엠에이코폴리머, 덱스트린, 잔탄검, 3-O-에틸아스코빅애씨드(1,000 ppm), 세테아릴올리베이트, 만다린껍질추출물, 캐스터오일/아이피디아이코폴리머, 황련뿌리추출물, 에틸헥실글리세린, 당근추출물, 솔비탄올리베이트, 카놀라오일, 사이클로덱스트린, 소듐파이테이트, 글리세릴아크릴레이트/아크릴릭애씨드코폴리머, 솔비탄아이소스테아레이트, 프로테아제(100 ppm)*, 카프릴릴글라이콜, 피브이엠/엠에이코폴리머, 당근씨오일, 카보머, 아스코빌테트라이소팔미테이트(10.3 ppm), 토코페릴아세테이트, 베타-카로틴, 해바라기씨오일, 아모다이메티콘, 글루코오스, 소듐하이알루로네이트, 판테놀, 아이리쉬모스 추출물, 하이드록시프로필트라이모늄하이알루로네이트, 소듐아스코빌포스페이트(0.1001 ppm), 토코페롤, 마그네슘아스코빌포스페이트(0.1 ppm), 글루타티온, 페룰릭애씨드, 아마씨오일, 하이드롤라이즈드하이알루로닉애씨드, 소듐아세틸레이티드하이알루로네이트, 사이아노코발아민, 글루코노락톤, 하이알루로닉애씨드, 소듐하이알루로네이트크로스폴리머, 하이드롤라이즈드소듐하이알루로네이트, 포타슘하이알루로네이트, 리놀레닉애씨드, 리놀레익애씨드, 아스코빅애씨드(0.001 ppb), 바이오틴, 폴릭애씨드, 리보플라빈, 피리독신, 티아민에이치씨엘"
"A000000222814","아이오페 비타민C 엑스퍼트 40% 마스크컨센트레이트 15g 기획 (+PDRN 5ml + 선앰플 10ml)","아이오페","5.0","15.0","ml","59000","47200","31466.7","아스코빅애씨드, 페닐트라이메티콘, 실리카다이메틸실릴레이트, 하이드로제네이티드폴리아이소부텐, 카프릴릭/카프릭트라이글리세라이드, 비닐다이메티콘/메티콘실세스퀴옥세인크로스폴리머, 카프릴릴메티콘, C12-15알킬벤조에이트, 세틸에틸헥사노에이트, 하이드로제네이티드캐스터오일다이머다이리놀레에이트, 트라이에틸헥사노인, 폴리글리세릴-4다이아이소스테아레이트/폴리하이드록시스테아레이트/세바케이트, 다이아이소스테아로일폴리글리세릴-3다이머다이리놀리에이트, 폴리메틸메타크릴레이트, 티몰트라이메톡시신나메이트, 코질메틸렌다이옥시신나메이트, 니코틴아마이드모노뉴클레오타이드, 메틸메타크릴레이트/아크릴로나이트릴코폴리머, 레스베라트롤, 콩폴리펩타이드"
"A000000222908","[아이스쿨링캡슐/쿨링수분크림] 셀퓨전씨 포스트 알파 쿨링 젤 크림 50ml+20ml 기획세트","셀퓨전씨","50.0","70.0","ml","36000","23000","3285.7","정제수, 프로판다이올, 글리세린, 메틸프로판다이올, 나이아신아마이드, 메틸글루세스-20, 1,2-헥산다이올, 알지닌, 아크릴레이트/C10-30알킬아크릴레이트크로스폴리머, 옥틸도데세스-16, 하이드록시아세토페논, 부틸렌글라이콜, 베헤닐알코올, 피토스테롤, 판테놀, 에틸헥실글리세린, 마이크로크리스탈린셀룰로오스, 메틸다이아이소프로필프로피온아마이드, 스테아릭애씨드, 하이드로제네이티드레시틴, 아데노신, 다이소듐이디티에이, 글리세릴폴리메타크릴레이트, 스테아릴알코올, 아라키딜알코올, 병풀추출물, 무화과추출물, 소듐폴리아크릴레이트, 피브이엠/엠에이코폴리머, 향료, 알란토인, 트레할로오스, 효모발효여과물, 세테아릴알코올, 세라마이드엔피, 피버퓨추출물, 마트리카리아추출물, 다발방패버섯추출물, 펜틸렌글라이콜, 베타-글루칸, 소듐하이알루로네이트, 카프릴릴글라이콜, 토코페롤, 글리세릴카프릴레이트, 프랑스해안송껍질추출물, 아세틸헥사펩타이드-8, 글라이신, 글루타믹애씨드, 구아이아줄렌"
"A000000224292","라로슈포제 시카플라스트 멀티 리페어 크림 100ml 기획 (+멜라B3 세럼 3ml 증정)","라로슈포제","100.0","103.0","ml","52000","41600","4038.8","시카플라스트 멀티 리페어 크림
정제수 다이카프릴릴에터 판테놀 글리세린 펜틸렌글라이콜 폴리글리세릴-6다이스테아레이트 프로판다이올 세틸에스터 호호바에스터 베헤닐알코올 그린와틀꽃왁스 해바라기씨왁스 병풀잎추출물 야콘뿌리즙 솔비탄올리에이트 징크글루코네이트 마데카소사이드 세테아릴아이소노나노에이트 망가니즈글루코네이트 아이소헥사데칸 알파-글루칸올리고사카라이드 소듐하이알루로네이트 소듐스테아로일글루타메이트 아데노신 만노오스 카퍼글루코네이트 하이드록시아세토페논 하이드록시프로필스타치포스페이트 카프릴로일살리실릭애씨드 비트레오스실라발효물 시트릭애씨드 트라이소듐에틸렌다이아민다이석시네이트 락토바실러스 말토덱스트린 폴리글리세린-3 폴리글리세릴-3비즈왁스 폴리솔베이트80 아크릴아마이드/소듐아크릴로일다이메틸타우레이트코폴리머 세틸알코올 토코페롤

멜라B3 세럼
정제수 다이메티콘 나이아신아마이드 글리세린 프로필렌글라이콜 폴리실리콘-11 실리카 비스-피이지/피피지-16/16피이지/피피지-16/16다이메티콘 레인보우랙추출물 2-머캅토니코티노일글라이신 피이지-20메틸글루코오스세스퀴스테아레이트 소듐하이알루로네이트 소듐하이드록사이드 소듐티오설페이트 카르노신 폴록사머338 암모늄폴리아크릴로일다이메틸타우레이트 다이포타슘글리시리제이트 카프릴릭/카프릭트라이글리세라이드 카프릴로일살리실릭애씨드 카프릴릴글라이콜 시트릭애씨드 트라이소듐에틸렌다이아민다이석시네이트 잔탄검 펜틸렌글라이콜 옥틸도데칸올 레티닐팔미테이트 토코페롤 펜타에리스리틸테트라-다이-t-부틸하이드록시하이드로신나메이트 페녹시에탄올 적색227호 향료"
"A000000224729","메이크프렘 인테카 수딩크림 70ml","메이크프렘","70.0","70.0","ml","29000","18900","2700.0","정제수, 프로판다이올, 글리세린, 글리세릴글루코사이드, 1,2-헥산다이올, 카프릴릭/카프릭트라이글리세라이드, 하이드로제네이티드폴리데센, 나이아신아마이드, 부틸렌글라이콜, 솔비톨, 세테아릴올리베이트, 비닐다이메티콘, 솔비탄올리베이트, 카보머, 칸디다 봄비콜라/글루코오스/메틸레이프씨데이트발효물*, 해바라기씨오일*, 아시아티코사이드*, 아시아틱애씨드*, 마데카식애씨드*, 하이알루로닉애씨드, 하이드롤라이즈드하이알루로닉애씨드, 소듐하이알루로네이트, 다이프로필렌글라이콜*, 글리세릴스테아레이트에스이, 하이드로제네이티드레시틴, 트로메타민, 에틸헥실글리세린, 아데노신, 다이소듐이디티에이, 에톡시다이글라이콜*
*Inteca™ 10,000ppm 함유"
"A000000224849","[수분진정/단독 리필 기획] 구달 어성초 히알루론 수딩 크림 75ml 리필 기획 (+ 75ml 리필)","구달","75.0","150.0","ml","30000","22900","1526.7","정제수, 글리세린, 비닐다이메티콘, 부틸렌글라이콜, 카프릴릴메티콘, 다이프로필렌글라이콜, 1,2-헥산다이올, 펜틸렌글라이콜, 에리스리톨, 자일리톨, 어성초추출물(=약모밀추출물, 6,501ppm), 효모발효여과물, 소듐하이알루로네이트(102.1ppm), 편백오일, 유칼립투스잎오일, 하이드롤라이즈드하이알루로닉애씨드(0.15ppm), 하이알루로닉애씨드(0.1ppm), 칸디다 봄비콜라/글루코오스/메틸레이프씨데이트발효물, 포도씨오일, 병풀잎추출물, 산구절초추출물, 해바라기씨오일, 쇠비름추출물, 에틸헥실팔미테이트, 암모늄아크릴로일다이메틸타우레이트/브이피코폴리머, 솔비톨, 트로메타민, 아크릴레이트/C10-30알킬아크릴레이트크로스폴리머, 카프릴릭/카프릭트라이글리세라이드, 에틸헥실글리세린, 판테놀, 하이드로제네이티드레시틴, 소듐파이테이트, 세라마이드엔피, 베타-글루칸, 다발방패버섯추출물, 엑토인, 셀룰로오스, 폴리글루타믹애씨드, 하이알루로닉애씨드/폴리아이소프로필아크릴아마이드코폴리머(1ppm), 글리세릴카프릴레이트, 다이메틸실란올하이알루로네이트(0.15ppm), 하이드롤라이즈드소듐하이알루로네이트(0.15ppm), 포타슘하이알루로네이트(0.1ppm), 토코페롤, 하이드록시프로필트라이모늄하이알루로네이트(0.08ppm), 소듐하이알루로네이트크로스폴리머(0.08ppm), 프로판다이올, 소듐하이알루로네이트다이메틸실란올(0.05ppm), 소듐아세틸레이티드하이알루로네이트(0.04ppm), 폴리글리세릴-10아이소스테아레이트, 폴리글리세릴-10올리에이트, 스테아릭애씨드, 세라마이드엔에스, 콜레스테롤, 피토스핑고신, 세라마이드에이피, 세라마이드에이에스, 세라마이드이오피, 카보머, 세테아릴알코올"
"A000000225911","리엔케이 하이퍼 히알 플럼핑 크림 105ml","리엔케이","105.0","105.0","ml","33000","31350","2985.7","정제수, 글리세린, 부틸렌글라이콜, 하이드로제네이티드폴리데센, 나이아신아마이드, 펜타에리스리틸테트라에틸헥사노에이트, 카프릴릭/카프릭트라이글리세라이드, 비닐다이메티콘, 1,2-헥산다이올, 하이드록시아세토페논, 판테놀, 트레할로오스, C14-22알코올, 트로메타민, 카보머, 아크릴레이트/C10-30알킬아크릴레이트크로스폴리머, 다이메티콘올, C12-20알킬글루코사이드, 알란토인, 잔탄검, 다이소듐이디티에이, 글리세릴아크릴레이트/아크릴릭애씨드코폴리머, 피브이엠/엠에이코폴리머, 프로판다이올, 글루코오스, 에틸헥실글리세린, 알로에베라잎추출물, 콘민트추출물, 레몬그라스추출물, 유칼립투스잎추출물, 사과추출물, 에리스리톨, 밤껍질추출물, 소듐하이알루로네이트(0.24ppm), 소듐하이알루로네이트크로스폴리머(0.2ppm), 감나무잎추출물, 하이드롤라이즈드소듐하이알루로네이트(0.02ppm), 하이알루로닉애씨드(0.02ppm), 하이드롤라이즈드하이알루로닉애씨드(0.02ppm), 하이드록시프로필트라이모늄하이알루로네이트(0.02ppm), 포타슘하이알루로네이트(0.02ppm), 펜틸렌글라이콜, 소듐아세틸레이티드하이알루로네이트(0.002ppm), 향료"
"A000000228073","아이디얼포맨 파워쿨링 애프터 쉐이브 2종 세트","아이디얼포맨","","","","24000","14800","","[파워쿨링 애프터 쉐이브 워터로션]
정제수,변성알코올,프로판다이올,다이프로필렌글라이콜,메틸프로판다이올,나이아신아마이드,펜틸렌글라이콜,글리세레스-26,실버위드추출물,귀리커넬추출물,아티초크잎추출물,병풀추출물,무화과추출물,알로에베라잎추출물,유칼립투스잎추출물,콘민트추출물,구주소나무싹추출물,히아신스전초추출물,하이드로제네이티드레시틴,녹차수,글리세린,C12-14파레스-12,하이드록시아세토페논,에틸헥실글리세린,부틸렌글라이콜,메틸다이아이소프로필프로피온아마이드,알지닌,카보머,아데노신,다이소듐이디티에이,폴리쿼터늄-51,소듐폴리아크릴레이트,피브이엠/엠에이코폴리머,베타-글루칸,1,2-헥산다이올,세라마이드엔피,에리스리톨,토코페롤,멘틸락테이트,글리세릴카프릴레이트,수크로오스다이스테아레이트,카프릴릭/카프릭트라이글리세라이드,하이드록시프로필사이클로덱스트린,향료,레몬그라스추출물

[파워쿨링 애프터 쉐이브 겔]
정제수,변성알코올,글리세린,1,2-헥산다이올,나이아신아마이드,부틸렌글라이콜,실버위드추출물,귀리커넬추출물,아티초크잎추출물,병풀추출물,무화과추출물,알로에베라잎추출물,유칼립투스잎추출물,콘민트추출물,워터히솝추출물,하이드로제네이티드레시틴,녹차수,자작나무수액,C12-14파레스-12,카보머,트로메타민,메틸프로판다이올,에틸헥실글리세린,메틸다이아이소프로필프로피온아마이드,아데노신,폴리쿼터늄-51,소듐폴리아크릴레이트,피브이엠/엠에이코폴리머,베타-글루칸,세라마이드엔피,에리스리톨,멘틸락테이트,프로판다이올,수크로오스다이스테아레이트,카프릴릭/카프릭트라이글리세라이드,하이드록시프로필사이클로덱스트린,향료,레몬그라스추출물"
"A000000228905","[탄력수분크림] 바이오던스 포어 퍼펙팅 콜라겐 펩타이드 크림 50ml","바이오던스","50.0","50.0","ml","","39000","7800.0","콜라겐수, 글리세린, 메틸프로판다이올, 다이페닐다이메티콘, 네오펜틸글라이콜다이헵타노에이트, 트라이에틸헥사노인, 1,2-헥산다이올, 세테아릴알코올, 나이아신아마이드, 하이드로제네이티드폴리데센, 시메티콘, 세테아릴올리베이트, 하이드로제네이티드폴리(C6-14올레핀), 글리세릴스테아레이트, 솔비탄올리베이트, 다이머다이리놀레일다이머다이리놀리에이트, 정제수, 소듐아크릴레이트/소듐아크릴로일다이메틸타우레이트코폴리머, 폴리아이소부텐, 소듐폴리아크릴레이트, 에틸헥실글리세린, 아데노신, 카프릴릴/카프릴글루코사이드, 솔비탄올리에이트, 다이소듐이디티에이, 판테놀, 사이아노코발아민, 미네랄워터, 토코페롤, 프로판다이올, 부틸렌글라이콜, 콜라겐추출물, 소듐하이알루로네이트, 알지닉애씨드, 펜틸렌글라이콜, 실란트라이올, 카프릴릴글라이콜, 엘라스틴, 하이드록시프로필트라이모늄하이알루로네이트, 하이드롤라이즈드엘라스틴, 수용성엘라스틴, 소듐아세틸레이티드하이알루로네이트, 하이드롤라이즈드하이알루로닉애씨드, 하이알루로닉애씨드, 하이드롤라이즈드소듐하이알루로네이트, 소듐하이알루로네이트크로스폴리머, 포타슘하이알루로네이트, 에스에이치-올리고펩타이드-1, 트라이펩타이드-1, 헥사펩타이드-12, 헥사펩타이드-9, 팔미토일트라이펩타이드-5, 펜타펩타이드-4, 팔미토일트라이펩타이드-38, 팔미토일펜타펩타이드-4, 아세틸헥사펩타이드-8, 카퍼트라이펩타이드-1"
"A000000229465","[쿨링진정/화잘먹크림] 디퍼 히알루론산 히알큐브 화잘먹 수분 크림 100ml","디퍼","100.0","100.0","ml","36000","17820","1782.0","정제수, 글리세린, C18-21알케인, 1,2-헥산다이올, 나이아신아마이드, 호호바씨오일, 폴리글리세릴-3메틸글루코오스다이스테아레이트, 부틸렌글라이콜, 판테놀, 소듐카보머, 하이드록시아세토페논, 에틸헥실글리세린, 아데노신, 트라이소듐에틸렌다이아민다이석시네이트, 메틸프로판다이올, 말라카이트추출물, 알지닌, 소듐하이알루로네이트크로스폴리머, 소듐하이알루로네이트, 강낭콩씨추출물, 글리세릴카프릴레이트, 다이메틸실란올하이알루로네이트, 하이드롤라이즈드하이알루로닉애씨드, 하이드롤라이즈드소듐하이알루로네이트, 자일로오스, 토코페롤, 폴리글루타믹애씨드, 하이알루로닉애씨드, 포타슘하이알루로네이트, 하이드록시프로필트라이모늄하이알루로네이트, 소듐하이알루로네이트다이메틸실란올, 소듐아세틸레이티드하이알루로네이트, 향료"
"A000000229491","[NEW] 아이오페 XMD 스템3 클리니컬 리커버리 크림 50ml","아이오페","50.0","50.0","ml","80000","68000","13600.0","정제수, 부틸렌글라이콜, 글리세린, 스쿠알란, 카프릴릭/카프릭트라이글리세라이드, 폴리글리세릴-3메틸글루코오스다이스테아레이트, 세테아릴알코올, 나이아신아마이드, 메틸트라이메티콘, 1,2-헥산다이올, 글리세릴스테아레이트시트레이트, 하이드록시에틸아크릴레이트/소듐아크릴로일다이메틸타우레이트코폴리머, 프로판다이올, 글리세릴스테아레이트, 알란토인, 카보머, 하이드록시프로필스타치포스페이트, 글리세릴카프릴레이트, 만니톨, 클로렐라 프로토테코이데스추출물, 트로메타민, 소듐메타포스페이트, 에틸헥실글리세린, 아데노신, 솔비탄아이소스테아레이트, 하이드롤라이즈드디엔에이, 덱스트린, 하이알루로닉애씨드, 카카오추출물, 아시아티코사이드, 마데카식애씨드, 아시아틱애씨드, 양파추출물, 다이프로필렌글라이콜, 아세틸테트라펩타이드-11, 베타인, 다이메티콘, 암모늄아크릴로일다이메틸타우레이트/브이피코폴리머, 토코페롤, 폴리글리세릴-6카프릴레이트, 폴리글리세릴-4카프레이트, 하이드로제네이티드레시틴, 에탄올, 소듐메틸스테아로일타우레이트, 콜레스테롤"
"A000000229492","[PDRN/손상회복] 아이오페 XMD 스템3 클리니컬 리커버리 크림 50ml 기획 (+세럼 5ml +크림 5ml)","아이오페","50.0","60.0","ml","80000","68000","11333.3","정제수, 부틸렌글라이콜, 글리세린, 스쿠알란, 카프릴릭/카프릭트라이글리세라이드, 폴리글리세릴-3메틸글루코오스다이스테아레이트, 세테아릴알코올, 나이아신아마이드, 메틸트라이메티콘, 1,2-헥산다이올, 글리세릴스테아레이트시트레이트, 하이드록시에틸아크릴레이트/소듐아크릴로일다이메틸타우레이트코폴리머, 프로판다이올, 글리세릴스테아레이트, 알란토인, 카보머, 하이드록시프로필스타치포스페이트, 글리세릴카프릴레이트, 만니톨, 클로렐라 프로토테코이데스추출물, 트로메타민, 소듐메타포스페이트, 에틸헥실글리세린, 아데노신, 솔비탄아이소스테아레이트, 하이드롤라이즈드디엔에이, 덱스트린, 하이알루로닉애씨드, 카카오추출물, 아시아티코사이드, 마데카식애씨드, 아시아틱애씨드, 양파추출물, 다이프로필렌글라이콜, 아세틸테트라펩타이드-11, 베타인, 다이메티콘, 암모늄아크릴로일다이메틸타우레이트/브이피코폴리머, 토코페롤, 폴리글리세릴-6카프릴레이트, 폴리글리세릴-4카프레이트, 하이드로제네이티드레시틴, 에탄올, 소듐메틸스테아로일타우레이트, 콜레스테롤"
"A000000229513","[종합장벽][바이오크림] 지피덤 셀트리온EGF 스킨베리어 인텐시브 크림 80ml","지피덤","80.0","80.0","ml","38000","21760","2720.0","정제수, 글리세린, 망고씨버터, 세테아릴알코올, 세틸알코올, 다이카프릴릴카보네이트, 하이드로제네이티드폴리데센, 카카오씨버터, 폴리글리세릴-3메틸글루코오스다이스테아레이트, 부틸렌글라이콜, 세틸에틸헥사노에이트, 나이아신아마이드, 글리세릴스테아레이트, 프로판다이올, C12-16알코올, 1,2-헥산다이올, 판테놀, 라피노오스, 팔미틱애씨드, 하이드로제네이티드레시틴, 암모늄아크릴로일다이메틸타우레이트/브이피코폴리머, 글리세릴카프릴레이트, 토코페롤, 해바라기씨오일, 카프릴릭/카프릭트라이글리세라이드, 잔탄검, 아데노신, 캐모마일꽃오일, 다이소듐이디티에이, 폴리쿼터늄-51, 세라마이드엔피, 측백나무추출물, 옥틸도데칸올, 비터오렌지꽃추출물, 글리세릴아크릴레이트/아크릴릭애씨드코폴리머, 유채스테롤, 소듐피씨에이, 스테아릭애씨드, 올리브오일, 벤토나이트, 양까막까치밥나무씨오일, 사이클로헥실글리세린, 해바라기씨오일불검화물, 다이프로필렌글라이콜, 올리브오일데실에스터, 하이드록시아세토페논, 피토스핑고신, 시트릭애씨드, 다이올레오일피지-트라이모늄클로라이드, 풍선덩굴꽃/잎/덩굴추출물, 에스에이치-올리고펩타이드-1(1 ppm), 폴리락틱애씨드, 폴리글리세릴-10다이아이소스테아레이트, 스쿠알란, 세라마이드엔에스, 콜레스테롤, 클로렐라 불가리스추출물, 세라마이드에이피, 세라마이드에이에스, 메나다이온, 로즈마리잎추출물, 소듐디엔에이, 씨솔트, 세라마이드이오피"
"A000000229539","에스테덤 셀룰러 워터 프레쉬 젤 40ml","에스테덤","40.0","40.0","ml","","49000","12250.0","정제수, 다이메티콘, 메틸실란올만누로네이트, 글리세린, 아이소노닐아이소노나노에이트, 프로판다이올, 헥실데칸올, 베타인, 부틸렌글라이콜, 다이프로필렌글라이콜, 폴리아크릴아마이드, 펜틸렌글라이콜, 메틸프로판다이올, C13-14아이소파라핀, 아크릴레이트/C10-30알킬아크릴레이트크로스폴리머, 다이메티콘/비닐다이메티콘크로스폴리머, 소듐시트레이트, 1,2-헥산다이올, 향료, 카프릴릴글라이콜, 카르노신, 소듐클로라이드, 실리카, 라우레스-7, 시트릭애씨드, 아미노에탄설피닉애씨드, 프로필렌글라이콜, 아데노신, 포타슘클로라이드, 바이오사카라이드검-4, 소듐바이카보네이트, 사과씨추출물, 유채스테롤, 다이소듐포스페이트, 마그네슘설페이트, 리날룰, 포타슘포스페이트, 토코페롤, 시트로넬올, 다이소듐아데노신트라이포스페이트, 호스테일켈프추출물, 알파-아이소메틸아이오논, 칼슘클로라이드, 청색1호"
"A000000229620","제나벨 PDRN 리쥬비네이팅 크림 70ml 기획 (+20ml)","제나벨","70.0","90.0","ml","","29000","3222.2","정제수,다이프로필렌글라이콜,글리세린,페닐트라이메티콘, 달맞이꽃오일,세테아릴알코올, 글리세릴글루코사이드,나이아신아마이드,비즈왁스,알지닌,피이지-100스테아레이트,하이드록시아세토페논,1,2-헥산다이올,글리세릴스테아레이트,소듐폴리아크릴레이트,카보머,다이메티콘,하이드로제네이티드폴리데센,라우릴피이지-9폴리다이메틸실록시에틸다이메티콘, 소듐디엔에이(1,010ppm),다이메티콘/비닐다이메티콘크로스폴리머,향료,부틸렌글라이콜,아데노신,트라이데세스-6,다이소듐이디티에이,판테놀,소듐하이알루로네이트,펜틸렌글라이콜,하이드롤라이즈드소듐디엔에이,하이알루로닉애씨드,트라이펩타이드-1,토코페롤, 우라실,티민,아데닌,하이드로제네이티드레시틴,쇠비름추출물,아세틸헥사타이드-8,사이토신,구아닌,병풀추출물,마트리카리아꽃추출물, 체이스트트리추출물,세라마이드엔피"
"A000000229724","LBB 인텐시브 케어 인 크림 50ml","LBB","50.0","50.0","ml","98000","78400","15680.0","탄제린수,정제수,글리세린,하이드로제네이티드폴리데센,스쿠알란,프로판다이올,C13-16아이소파라핀,나이아신아마이드,세테아릴알코올,옥틸도데칸올,시어버터,1,2-헥산다이올,글리세릴스테아레이트,부틸렌글라이콜,다이메티콘,피이지-100스테아레이트,소듐폴리아크릴레이트,베헤네스-25,카프릴릴글라이콜,에틸헥실글리세린,소듐하이알루로네이트,홍삼추출물,라벤더오일,소듐파이테이트,카프릴릭,카프릭트라이글리세라이드,아데노신,세드랏껍질오일,자몽껍질오일,필리핀오렌지전초오일,하이드록시프로필비스팔미타마이드엠이에이,라즈베리잎세포배양물,토마토잎세포배양추출물,시트릭애씨드,아세틸헥사펩타이드-8"
"A000000231120","[다이노탱 에디션][대용량] 더페이스샵 올티밋 히알루로닉 스쿠알란 1% 크림 90ml","더페이스샵","90.0","90.0","ml","26000","13000","1444.4","정제수, 부틸렌글라이콜, 하이드로제네이티드폴리아이소부텐, 다이프로필렌글라이콜, 1,2-헥산다이올, 글리세린, 하이드로제네이티드폴리데센, 나이아신아마이드, 판테놀, 스쿠알란(1%), 트레할로오스, 폴리메틸실세스퀴옥세인, 아크릴레이트/C10-30알킬아크릴레이트크로스폴리머, 하이드록시에틸아크릴레이트/소듐아크릴로일다이메틸타우레이트코폴리머, 트로메타민, 알란토인, 솔비탄아이소스테아레이트, 세린, 알지닌, 글리세릴아크릴레이트/아크릴릭애씨드코폴리머, 시트릭애씨드, 베타-글루칸, 하이드롤라이즈드소듐하이알루로네이트(1.0475 ppm), 하이드롤라이즈드하이알루로닉애씨드(1 ppm), 하이드록시프로필트라이모늄하이알루로네이트(1 ppm), 토코페롤, 펜틸렌글라이콜, 에틸헥실글리세린, 소듐하이알루로네이트(0.0025 ppm), 소듐하이알루로네이트크로스폴리머(0.001 ppm), 수용성프로테오글리칸"
"A000000231539","[NO.1 국민수분크림] 16년연속 NO.1 키엘 수분 장벽 크림 150ml","키엘","150.0","150.0","ml","95000","72200","4813.3","정제수 글리세린 다이메티콘 스쿠알란 비스-피이지-18메틸에터다이메틸실레인 수크로오스스테아레이트 스테아릴알코올 피이지-8스테아레이트 미리스틸미리스테이트 살구씨오일 페녹시에탄올 아보카도오일 글리세릴스테아레이트 세틸알코올 쌀겨오일 올리브오일 클로페네신 스테아릭애씨드 팔미틱애씨드 카보머 아크릴레이트/C10-30알킬아크릴레이트크로스폴리머 트라이소듐에틸렌다이아민다이석시네이트 스위트아몬드오일 잔탄검 에틸헥실글리세린 소듐하이드록사이드 토코페롤 돌콩오일 슈도알테로모나스발효추출물 미리스틱애씨드 하이드록시팔미토일스핑가닌 살리실릭애씨드 해바라기씨오일 로즈마리잎추출물 시트릭애씨드"
"A000000234408","[한정기획] 메이크프렘 인테카 수딩크림 70ml 기획 (+크림 31ml*2+앰플 1ml*2)","메이크프렘","70.0","102.0","ml","29000","18900","1852.9","인테카 수딩크림
정제수, 프로판다이올, 글리세린, 글리세릴글루코사이드, 1,2-헥산다이올, 카프릴릭/카프릭트라이 글리세라이드, 하이드로제네이티드폴리데센, 나이아신아마이드, 부틸렌글라이콜, 솔비톨, 세테아릴올리1베이트, 비닐다이메티콘, 솔비탄올리베이트, 카보머, 칸디다 봄비콜라/글루코오스/메틸레이프씨데이트발효물, 해바라기씨오일, 아시아티코사이드, 아시아틱애씨드, 마데카식애씨드, 하이알루로닉애씨드, 하이드롤라이즈드하이알루로닉애씨드, 소듐하이알루로네이트, 다이프로필렌글라이콜, 글리세릴스테아레이트에스이, 하이드로제네이티드레시틴, 트로메타민, 에틸헥실글리세린, 아데노신, 다이소듐이디티에이, 에톡시다이글라이콜

인테카 속수분앰플
	병풀잎수, 정제수, 프로판다이올, 글리세린, 1,2-헥산다이올, 트라이프로필렌글라이콜, 하이드록시아세토페논, 부틸렌글라이콜, 카보머, 알지닌, 소듐하이알루로네이트(1,025ppm), 에틸헥실글리세린, 글리세릴아크릴레이트/아크릴릭애씨드코폴리머, 다이소듐이디티에이, 하이드롤라이즈드치자추출물, 하이드롤라이즈드맥아추출물, 하이드롤라이즈드삼색제비꽃추출물, 잔탄검, 글리세레스-25피씨에이아이소스테아레이트, 피브이엠/엠에이코폴리머, 하이알루로닉애씨드(25ppm), 하이드롤라이즈드하이알루로닉애씨드(25ppm), 아시아티코사이드*, 아시아틱애씨드*, 마데카식애씨드*, 하이드로제네이티드레시틴, 폴록사머407, 시트릭애씨드, 소듐시트레이트, 소듐하이알루로네이트크로스폴리머(0.1ppm), 칸디다 봄비콜라/글루코오스/메틸레이프씨데이트발효물*, 해바라기씨오일*, 다이프로필렌글라이콜*, 에톡시다이글라이콜* (Inteca*)"
"A000000235108","[포곤콜라보/화잘먹] 리얼베리어 익스트림 크림 라이트 70ml 기획 (+30ml + 스크런치)","리얼베리어","70.0","100.0","ml","36000","25200","2520.0","정제수, 메틸프로판다이올, 카프릴릭/카프릭트라이글리세라이드, 사이클로펜타실록세인, 미리스토일/팔미토일옥소스테아라마이드/아라카마이드엠이에이, 판테놀(29,700 ppm), 솔비탄스테아레이트, 세테아릴알코올, 하이드록시에틸우레아, 식물성스쿠알란, 글리세릴스테아레이트시트레이트, 1,2-헥산다이올, 카놀라오일, 글리세린, 소듐아크릴릭애씨드/엠에이코폴리머, 카프릴릴글라이콜, 알지닌, 알란토인, 카보머, 토코페롤, 부틸렌글라이콜, 다이하이드록시아이소프로필팔모일팜아마이드, 피토스테롤, 잔탄검, 해바라기씨오일, 카프로일메틸세리네이트, 엑토인, 프로판다이올, 소듐하이알루로네이트, 소듐하이알루로네이트크로스폴리머, 하이드롤라이즈드글라이코사미노글리칸, 비스-카프릴로일옥시팔미타미도아이소프로판올, 마데카소사이드, 하이드롤라이즈드하이알루로닉애씨드, 광곽향오일, 살비아오일, 벤질글라이콜, 하이드록시프로필트라이모늄하이알루로네이트, 소두구씨오일, 캐모마일꽃오일, 콘민트오일, 베타-글루칸, 리놀레익애씨드, 멕시칸주니퍼오일, 소듐아세틸레이티드하이알루로네이트, 에틸헥실글리세린, 하이알루로닉애씨드, 라즈베리케톤"
"A000000236432","랑콤 레네르지 에이치피엔 울트라 크림 50ml","랑콤","50.0","50.0","ml","186000","151780","30356.0","정제수 글리세린 다이메티콘 세테아릴알코올 쿠푸아쿠씨버터 변성알코올 세테아릴아이소노나노에이트 나이아신아마이드 글리세릴스테아레이트 피이지-100스테아레이트 아이소프로필팔미테이트 옥틸도데칸올 사이클로덱스트린 하이드롤라이즈드루핀단백질 완두콩전초추출물 아데노신 카프릴로일살리실릭애씨드 하이드롤라이즈드하이알루로닉애씨드 하이드롤라이즈드아마추출물 펜타에리스리틸테트라-다이-t-부틸하이드록시하이드로신나메이트 트라이소듐에틸렌다이아민다이석시네이트 토코페릴아세테이트 비즈왁스 바바수씨오일 호호바버터 세테아릴글루코사이드 시트릭애씨드 하이드록시에틸아크릴레이트/소듐아크릴로일다이메틸타우레이트코폴리머 폴리솔베이트60 포타슘세틸포스페이트 솔비탄아이소스테아레이트 토코페롤 다이메티콘/폴리글리세린-3크로스폴리머 벤질알코올 제라니올 리모넨 클로페네신 다이프로필렌글라이콜 페녹시에탄올 소듐벤조에이트 향료"
"A000000236564","[대용량/콜라보] 아이소이 모이스춰 닥터 장수진 수분 크림 100ml 기획 (+파우치 증정)","아이소이","100.0","100.0","ml","52000","28600","2860.0","정제수, 글리세린, 세틸에틸헥사노에이트, 카프릴릭/카프릭트라이글리세라이드, 베타인, 마카다미아씨오일, 소듐하이알루로네이트, 하이드롤라이즈드하이알루로닉애씨드, 하이알루로닉애씨드, 소듐하이알루로네이트크로스폴리머, 하이드롤라이즈드글라이코사미노글리칸, 티트리잎추출물, 쇠비름추출물, 약모밀추출물(어성초추출물), 판테놀, 피토스핑고신, 세라마이드엔피, 알지닌, 카보머, 흰버드나무껍질추출물, 오레가노잎추출물, 편백잎추출물, 락토바실러스/콩발효추출물, 육계나무껍질추출물, 잔탄검, 솔비탄세스퀴올리에이트, 자몽껍질오일, 부틸렌글라이콜, 1,2-헥산다이올, 프로판다이올, 포트마리골드꽃추출물, 황금추출물, 모란뿌리추출물, 스페인감초뿌리추출물, 하이드로제네이티드레시틴, 리모넨※
※식물유래 에센셜오일 자체에 원래 포함된 성분"
"A000000237580","[NEW] 숨37 타임에너지 모이스트 배리어 크림 80ml 기획 (+토너20ml, 에멀전20ml, 핸드크림70ml)","숨37","80.0","190.0","ml","85000","68000","3578.9","[본품/크림]
정제수, 글리세린, 프로판다이올, 변성알코올, 다이메티콘, 카프릴릭/카프릭트라이글리세라이드, 솔비탄스테아레이트, 1,2-헥산다이올, 스쿠알란, 베타인, C13-15알케인, 세테아릴알코올, 메틸트라이메티콘, 미리스틸미리스테이트, 판테놀, 펜타에리스리틸테트라에틸헥사노에이트, 글리세릴스테아레이트, 부틸렌글라이콜, 스테아릴알코올, 수크로오스스테아레이트, 트레할로오스, 올리브오일, 하이드롤라이즈드식물성단백질, 글라이코실트레할로오스, 수크로오스코코에이트, 보론나이트라이드, 하이드록시에틸아크릴레이트/소듐아크릴로일다이메틸타우레이트코폴리머, 팔미틱애씨드, 스테아릭애씨드, 하이드로제네이티드스타치하이드롤리세이트, 트로메타민, 카보머,잔탄검, 비니거, 아크릴레이트/C10-30알킬아크릴레이트크로스폴리머, 소듐다이라우미도글루타미드라이신, 다이메티콘올, 티타늄디옥사이드(CI 77891), 마이카, 피이지-크로스폴리머, 트라이소듐이디티에이, C14-22알코올,폴리솔베이트60, 솔비탄아이소스테아레이트, 마카다미아씨오일, 트라이에틸헥사노인, 적색산화철, 아라키딜글루코사이드, 베타-글루칸, 시어버터, 하이드로제네이티드레시틴, 콜라겐, 메틸프로판다이올, 세라마이드엔피, 콜레스테롤, 피이지-100스테아레이트, 에틸헥실글리세린, 세라마이드이오피, 엑토인, 폴리글루타믹애씨드, 효모폴리펩타이드, 토코페롤, 라임전초오일, 로즈마리잎오일, 센티드제라늄꽃오일, 리모넨, 시트랄, 시트로넬올, 제라니올, 리날룰

[증정/핸드크림]
정제수, 글리세린, 스위트아몬드오일, 세테아릴알코올, 코코넛야자오일, 팔미틱애씨드, 세테아레스-20, 스테아릭애씨드, 시어버터, 마카다미아씨오일, 1,2-헥산다이올, 글리세릴스테아레이트, 다이프로필렌글라이콜, 광곽향오일, 다이메티콘, 카프릴릴글라이콜, 카카오씨버터, 오렌지껍질오일, 해바라기씨오일, 알란토인, 카프릴릭/카프릭트라이글리세라이드, 베르가모트오일, 아틀라스시다나무껍질오일, 필리핀오렌지껍질오일, 비니거, 멕시칸주니퍼오일, 하이드록시에틸아크릴레이트/소듐아크릴로일다이메틸타우레이트코폴리머, 피마자씨오일, 라벤더오일, 토코페롤, 유칼립투스잎오일, 부틸렌글라이콜, 라반딘오일, 아르간커넬오일, 다이소듐이디티에이, 드럼스틱씨오일, 호호바씨오일, 왕귤껍질오일, 로즈마리잎오일, 알지닌, 돌콩오일, 하이드롤라이즈드하이알루로닉애씨드, 광곽향잎추출물, 연필향나무오일, 스타아니스열매/씨오일, 살비아오일, 클레리오일, 클로브잎오일, 솔비탄아이소스테아레이트, 벤조인나무검, 센티드제라늄꽃오일, 일랑일랑꽃오일, 리씨열매오일, 하이드로제네이티드레시틴, 효모폴리펩타이드, 세라마이드엔피, 시트릭애씨드, 세라마이드엔에스, 콜레스테롤, 피토스핑고신, 세라마이드에이피, 세라마이드에이에스, 세라마이드이오피, 리모넨, 리날룰, 시트랄

[증정/토너]
정제수, 글리세린, 변성알코올, 부틸렌글라이콜, 1,2-헥산다이올, 베타인, 판테놀, 피이지/피피지-17/6코폴리머, 피이지/피피지/폴리부틸렌글라이콜-8/5/3글리세린, 메틸프로판다이올, 비스-피이지-18메틸에터다이메틸실레인, 글리세레스-26, 피이지-60하이드로제네이티드캐스터오일, 옥틸도데세스-16, 하이드록시프로필사이클로덱스트린, 아크릴레이트/C10-30알킬아크릴레이트크로스폴리머, 트로메타민, 비니거, 폴리글루타믹애씨드, 페닐트라이메티콘, 글리세릴아크릴레이트/아크릴릭애씨드코폴리머, 트라이소듐이디티에이, 하이드롤라이즈드식물성단백질, 바이오사카라이드검-1, 덱스트린, 소듐하이알루로네이트, 카카오씨추출물, 베타-글루칸, 프로필렌글라이콜, 사이클로덱스트린, 효모폴리펩타이드, 피이지-크로스폴리머, 에틸헥실글리세린, 토코페롤, 콜라겐, 프로판다이올, 로즈마리잎오일, 라임전초오일, 리모넨, 시트랄

[증정/에멀전]
정제수, 글리세린, 프로판다이올, 트라이에틸헥사노인, 베타인, 펜틸렌글라이콜, 다이카프릴릴카보네이트, 다이메티콘, 1,2-헥산다이올, 카프릴릭/카프릭트라이글리세라이드, 에틸아이소스테아레이트, C14-22알코올, 부틸렌글라이콜, 판테놀, 하이드로제네이티드폴리아이소부텐, 하이드로제네이티드레시틴, 글리세릴스테아레이트, 피이지-100스테아레이트, 비즈왁스, 스테아릭애씨드, C12-20알킬글루코사이드, 메도우폼씨오일, 팔미틱애씨드, 베헤닉애씨드, 세린, 실리카, 스쿠알란, 트로메타민, 베헤닐알코올, 스테아릴알코올, 카보머, 락토바실러스/콩발효추출물, 마카다미아씨오일, 다이메티콘올, 비니거, 잔탄검, 아크릴레이트/C10-30알킬아크릴레이트크로스폴리머, 아라키딜글루코사이드, 시어버터, 효모/감자추출물발효여과물, 하이드롤라이즈드식물성단백질, 미리스틱애씨드, 효모/보리씨발효여과물, 트라이소듐이디티에이, 글리세릴아크릴레이트/아크릴릭애씨드코폴리머, 베타-글루칸, 세라마이드엔피, 콜레스테롤, 티타늄디옥사이드(CI 77891), 마이카, 메틸프로판다이올, 적색산화철, 토코페롤, 피이지-크로스폴리머, 효모폴리펩타이드, 폴리글루타믹애씨드, 에틸헥실글리세린, 콜라겐, 로즈마리잎오일, 라임전초오일, 센티드제라늄꽃오일, 리모넨, 시트랄, 시트로넬올, 제라니올, 리날룰"
"A000000239970","[2025 어워즈] 퓨리토 서울 마이티 밤부 판테놀 크림 100ml 어워즈 한정기획","퓨리토 서울","100.0","100.0","ml","","28000","2800.0","정제수, 판테놀 (10%), 스쿠알란, 부틸렌글라이콜, 1,2-헥산다이올, 나이아신아마이드, 밤부사 불가리스추출물 (3,497 ppm), 하이드롤라이즈드호호바에스터, 아크릴레이트/C10-30알킬아크릴레이트크로스폴리머, 암모늄아크릴로일다이메틸타우레이트/브이피코폴리머, 하이드록시아세토페논, 트로메타민, 다이포타슘글리시리제이트, 에틸헥실글리세린, 잔탄검, 다이소듐이디티에이, 소듐하이알루로네이트, 마데카소사이드, 아시아티코사이드, 아시아틱애씨드, 마데카식애씨드, 카퍼트라이펩타이드-1"
"A000000240202","빌리프 더 트루 크림 모이스춰라이징 밤 30ml 기획(+모밤 25ml, 비타민마스크 25ml, 히알세럼 2ml*2ea)","빌리프","30.0","82.0","ml","35000","25400","3097.6","[더 트루 크림 - 모이스춰라이징 밤]
정제수, 글리세린, 사이클로헥사실록세인, 하이드로제네이티드폴리데센, 다이프로필렌글라이콜, 마카다미아씨오일, 1,2-헥산다이올, 트라이에틸헥사노인, 비스-피이지-18메틸에터다이메틸실레인, 스테아릴알코올, 글리세릴스테아레이트, 피이지-40스테아레이트, 펜타에리스리틸테트라에틸헥사노에이트, 컴프리잎추출물, 귀리커넬추출물*, 포트마리골드꽃추출물*, 개박하추출물*, 라즈베리잎추출물*, 와일드인디고뿌리추출물*, 별꽃추출물*, 레이디스맨틀잎추출물+, 삼색제비꽃추출물+, 다마스크장미꽃추출물+, 메도우스위트꽃추출물+, 마시멜로뿌리추출물+, 아이브라이트추출물, 서양측백나무잎추출물, 서양톱풀꽃추출물, 붉은토끼풀꽃추출물, 조름나물잎추출물, 흰버드나무껍질추출물, 탱자추출물, 띠뿌리추출물, C14-22알코올, 스쿠알란, 시어버터, 아라키딜글루코사이드, 세라마이드엔피, 콜레스테롤, 카프릴릴글라이콜, 아세틸헥사펩타이드-8, 토코페롤, 판테놀, 하이드록시에틸피페라진에탄설포닉애씨드, 우레아, 효모발효여과물, 겨우살이추출물, 글라이코실트레할로오스, 락토바실러스/콩발효추출물, 스테아릭애씨드, 트로메타민, 피이지-100스테아레이트, 세테아릴올리베이트, 팔미틱애씨드, 솔비탄올리베이트, 하이드로제네이티드레시틴, 아크릴레이트/C10-30알킬아크릴레이트크로스폴리머, 다이메티콘/비닐다이메티콘크로스폴리머, 카보머, 하이드로제네이티드스타치하이드롤리세이트, 잔탄검, 트라이소듐이디티에이, 세테아릴알코올, 부틸렌글라이콜, 다이메티콘, 솔비탄스테아레이트, 오렌지껍질오일**, 라임전초오일**, 로즈마리잎오일**, 센티드제라늄꽃오일**, 리모넨, 시트로넬올, 제라니올, 시트랄, 리날룰
*표시: Napiers original formula / +표시: Napiers moisture formula / **표시: 식물 유래 향

[슈퍼 나이츠 - 멀티 비타민 마스크]
정제수, 글리세린, 해바라기씨오일, 다이카프릴릴카보네이트, 글리세릴스테아레이트, 1,2-헥산다이올, 세틸알코올, 베타인, 판테놀, 폴리글리세릴-3메틸글루코오스다이스테아레이트, 세테아릴올리베이트, 글리세릴스테아레이트시트레이트, 스테아릭애씨드, 부틸렌글라이콜, 마카다미아씨오일폴리글리세릴-6에스터스베헤네이트, 솔비탄올리베이트, 락토바실러스/콩발효추출물, 효모/감자추출물발효여과물, 효모/보리씨발효여과물, 트로메타민, 나이아신아마이드(100 ppm), 토코페롤(84.75 ppm), 귀리커넬추출물*, 포트마리골드꽃추출물*, 개박하추출물*, 라즈베리잎추출물*, 와일드인디고뿌리추출물*, 별꽃추출물, 레이디스맨틀잎추출물+, 마시멜로뿌리추출물+, 다마스크장미꽃추출물+, 메도우스위트꽃추출물+, 삼색제비꽃추출물+, 아스코빅애씨드(1 ppm), 사이아노코발아민(1 ppm), 카보머, 말토덱스트린, 돌콩오일, 소듐시트레이트, 오일팜오일, 시트릭애씨드, 트라이소듐이디티에이, 잔탄검, 라임전초오일**, 센티드제라늄꽃오일**, 로즈마리잎오일**, 오렌지껍질오일**, 리모넨, 시트로넬올, 제라니올, 시트랄, 리날룰
*표시: Napiers original formula / +표시: Napiers moisture formula / **표시: 식물 유래 향

[슈퍼 드랍스 - 멀티7-히알루론 세럼]
정제수, 글리세린, 사이클로헥사실록세인, 하이드로제네이티드폴리데센, 다이프로필렌글라이콜, 마카다미아씨오일, 1,2-헥산다이올, 트라이에틸헥사노인, 비스-피이지-18메틸에터다이메틸실레인, 스테아릴알코올, 글리세릴스테아레이트, 피이지-40스테아레이트, 펜타에리스리틸테트라에틸헥사노에이트, 컴프리잎추출물, 귀리커넬추출물*, 포트마리골드꽃추출물*, 개박하추출물*, 라즈베리잎추출물*, 와일드인디고뿌리추출물*, 별꽃추출물*, 레이디스맨틀잎추출물+, 삼색제비꽃추출물+, 다마스크장미꽃추출물+, 메도우스위트꽃추출물+, 마시멜로뿌리추출물+, 아이브라이트추출물, 서양측백나무잎추출물, 서양톱풀꽃추출물, 붉은토끼풀꽃추출물, 조름나물잎추출물, 흰버드나무껍질추출물, 탱자추출물, 띠뿌리추출물, C14-22알코올, 스쿠알란, 시어버터, 아라키딜글루코사이드, 세라마이드엔피, 콜레스테롤, 카프릴릴글라이콜, 아세틸헥사펩타이드-8, 토코페롤, 판테놀, 하이드록시에틸피페라진에탄설포닉애씨드, 우레아, 효모발효여과물, 겨우살이추출물, 글라이코실트레할로오스, 락토바실러스/콩발효추출물, 스테아릭애씨드, 트로메타민, 피이지-100스테아레이트, 세테아릴올리베이트, 팔미틱애씨드, 솔비탄올리베이트, 하이드로제네이티드레시틴, 아크릴레이트/C10-30알킬아크릴레이트크로스폴리머, 다이메티콘/비닐다이메티콘크로스폴리머, 카보머, 하이드로제네이티드스타치하이드롤리세이트, 잔탄검, 트라이소듐이디티에이, 세테아릴알코올, 부틸렌글라이콜, 다이메티콘, 솔비탄스테아레이트, 오렌지껍질오일**, 라임전초오일**, 로즈마리잎오일**, 센티드제라늄꽃오일**, 리모넨, 시트로넬올, 제라니올, 시트랄, 리날룰
*표시: belif original formula / +표시: 식물 유래 향"
"A000000240423","에스네이처 아쿠아 스쿠알란 수분크림 60ml 더블 기획 (+아쿠아겔 마스크 1매)","에스네이처","60.0","120.0","ml","43000","23500","1958.3","수분크림 : 정제수, 스쿠알란(150,000ppm), 글리세린, 1,2-헥산다이올, 베타인, 판테놀, 소듐하이알루로네이트, 하이드롤라이즈드콜라겐, 하이드록시프로필트라이모늄하이알루로네이트, 하이드롤라이즈드하이알루로닉애씨드, 소듐아세틸레이티드하이알루로네이트, 아세틸헥사펩타이드-8, 아데노신, 하이알루로닉애씨드, 하이드롤라이즈드소듐하이알루로네이트, 소듐하이알루로네이트크로스폴리머, 포타슘하이알루로네이트, 아크릴레이트/C10-30알킬아크릴레이트크로스폴리머, 알지닌, 알란토인, 자일리틸글루코사이드, 안하이드로자일리톨, 자일리톨, 글루코오스, 부틸렌글라이콜, 암모늄아크릴로일다이메틸타우레이트/브이피코폴리머, 카프릴릴글라이콜

마스크팩 : 정제수, 부틸렌글라이콜, 글리세린, 1,2-헥산다이올, 베타인, 알지닌, 알란토인, 소듐하이알루로네이트, 하이드롤라이즈드콜라겐, 하이드록시프로필트라이모늄하이알루로네이트, 소듐아세틸레이티드하이알루로네이트, 하이드롤라이즈드하이알루로닉애씨드, 하이알루로닉애씨드, 소듐하이알루로네이트크로스폴리머, 카퍼트라이펩타이드-1, 하이드롤라이즈드소듐하이알루로네이트, 포타슘하이알루로네이트, 다이펩타이드-2, 올리고펩타이드-1, 트라이펩타이드-1, 팔미토일펜타펩타이드-4, 토코페롤, 모란뿌리추출물, 솔비톨, 하이드록시에틸셀룰로오스, 에틸헥실글리세린, 아크릴레이트/C10-30알킬아크릴레이트크로스폴리머, 다이소듐이디티에이"
"A000000241360","[초마드 PICK] 라씨엘르 신선초 진정에이징 핏 크림 50ml","라씨엘르","50.0","50.0","ml","36000","25200","5040.0","""병풀잎수(385,200ppm), 정제수, 카프릴릭/카프릭트라이글리세라이드, 글리세린, 부틸렌글라이콜, 글리세릴스테아레이트에스이, 펜틸렌글
라이콜, 카카오씨버터(24,000ppm), 세테아릴알코올, 프로판다이올, 세틸팔미테이트, 시어버터(16,900ppm), 바쿠치올(5,000ppm),
세테아릴글루코사이드, 잔탄검, 카프릴릴글라이콜, 하이드로제네이티드레시틴, 신선초잎/줄기추출물(1,250ppm), 소듐하이알루로네이트,
하이드로제네이티드캐스터오일, 아르간커넬오일, 피토스테릴마카다미에이트, 하이드로제네이티드포스파티딜콜린, 락틱애씨드, 동백나무씨오일,
소듐아니세이트, 세테아릴올리베이트, 아데노신, 솔비탄올리베이트, 스페인감초뿌리추출물, 스쿠알란, 폴리글리세릴-10미리스테이트, 병풀추출물, 동백나무씨추출물, 마데카소사이드, 인도멀구슬나무잎추출물, 동백나무꽃추출물, 인도멀구슬나무꽃추출물, 아시아티코사이드, 녹차추출물, 호장근뿌리추출물, 아이비고드열매추출물, 황금추출물, 가지열매추출물, 마트리카리아꽃추출물, 로즈마리잎추출물, 아시아틱애씨드, 마데카식애씨드, 호호바씨오일, 세라마이드엔피, 울금뿌리추출물, 홀리바질잎추출물, 참산호말추출물, 로즈우드오일, 로즈마리잎오일, 리날룰"""
"A000000244830","[망곰 콜라보] 아이소이 모이스춰 닥터 장수진 수분크림 100ml 대용량 기획 (+10ml+맥세이프 카드지갑)","아이소이","100.0","110.0","ml","52000","26030","2366.4","정제수, 글리세린, 세틸에틸헥사노에이트, 카프릴릭/카프릭트라이글리세라이드, 베타인, 마카다미아씨오일, 소듐하이알루로네이트, 하이드롤라이즈드하이알루로닉애씨드, 하이알루로닉애씨드, 소듐하이알루로네이트크로스폴리머, 하이드롤라이즈드글라이코사미노글리칸, 티트리잎추출물, 쇠비름추출물, 약모밀추출물(어성초추출물), 판테놀, 피토스핑고신, 세라마이드엔피, 알지닌, 카보머, 흰버드나무껍질추출물, 오레가노잎추출물, 편백잎추출물, 락토바실러스/콩발효추출물, 육계나무껍질추출물, 잔탄검, 솔비탄세스퀴올리에이트, 자몽껍질오일, 부틸렌글라이콜, 1,2-헥산다이올, 프로판다이올, 포트마리골드꽃추출물, 황금추출물, 모란뿌리추출물, 스페인감초뿌리추출물, 하이드로제네이티드레시틴, 리모넨※ ※자연유래 에센셜 오일에 원래 포함된 성분입니다"
"A000000247823","[한정기획] 바이오던스 포어 퍼펙팅 콜라겐 펩타이드 크림 50ml 기획 (+크림10ml+세럼10ml)","바이오던스","50.0","70.0","ml","","39000","5571.4","[콜라겐 크림]
콜라겐수(641,849ppm), 글리세린, 메틸프로판다이올, 다이페닐다이메티콘, 네오펜틸글라이콜다이헵타노에이트, 트라이에틸헥사노인, 1,2-헥산다이올, 세테아릴알코올, 나이아신아마이드, 하이드로제네이티드폴리데센, 시메티콘, 세테아릴올리베이트, 하이드로제네이티드폴리(C6-14올레핀), 글리세릴스테아레이트, 솔비탄올리베이트, 다이머다이리놀레일다이머다이리놀리에이트, 정제수, 소듐아크릴레이트/소듐아크릴로일다이메틸타우레이트코폴리머, 폴리아이소부텐, 소듐폴리아크릴레이트, 에틸헥실글리세린, 아데노신, 카프릴릴/카프릴글루코사이드, 솔비탄올리에이트, 다이소듐이디티에이, 판테놀, 사이아노코발아민, 미네랄워터, 토코페롤, 프로판다이올, 부틸렌글라이콜, 콜라겐추출물(1,000ppb), 소듐하이알루로네이트, 알지닉애씨드, 펜틸렌글라이콜, 실란트라이올, 카프릴릴글라이콜, 엘라스틴, 하이드록시프로필트라이모늄하이알루로네이트, 하이드롤라이즈드엘라스틴, 수용성엘라스틴, 소듐아세틸레이티드하이알루로네이트, 하이드롤라이즈드하이알루로닉애씨드, 하이알루로닉애씨드, 하이드롤라이즈드소듐하이알루로네이트, 소듐하이알루로네이트크로스폴리머, 포타슘하이알루로네이트, 에스에이치-올리고펩타이드-1(0.01ppb), 트라이펩타이드-1(0.01ppb), 헥사펩타이드-12(0.01ppb), 헥사펩타이드-9(0.01ppb), 팔미토일트라이펩타이드-5(0.01ppb), 펜타펩타이드-4(0.01ppb),팔미토일트라이펩타이드-38(0.01ppb), 팔미토일펜타펩타이드-4(0.01ppb), 아세틸헥사펩타이드-8(0.01ppb), 카퍼트라이펩타이드-1(0.01ppb)
[콜라겐 세럼]
콜라겐수(781,963ppm), 정제수, 글리세린, 트라이프로필렌글라이콜, 1,2-헥산다이올, 나이아신아마이드, 트레할로오스, 소듐폴리아크릴로일다이메틸타우레이트, 부틸렌글라이콜, 알란토인, 폴리글리세릴-10라우레이트, 소듐폴리아크릴레이트, 에틸헥실글리세린, 하이드롤라이즈드하이알루로닉애씨드, 아데노신, 잔탄검, 폴리쿼터늄-51, 다이소듐이디티에이, 글리세릴아크릴레이트/아크릴릭애씨드코폴리머, 카프릴릴글라이콜, 피브이엠/엠에이코폴리머, 사이아노코발아민, 황련뿌리추출물, 소듐하이알루로네이트, 하이드록시프로필트라이모늄하이알루로네이트, 토코페롤, 프로판다이올, 사카라이드아이소머레이트, 소듐아세틸레이티드하이알루로네이트, 콜라겐추출물(100ppb), 하이알루로닉애씨드, 하이드롤라이즈드소듐하이알루로네이트, 소듐하이알루로네이트크로스폴리머, 알지닉애씨드, 실란트라이올, 포타슘하이알루로네이트, 하이드롤라이즈드엘라스틴, 엘라스틴, 수용성엘라스틴, 트라이펩타이드-1(0.1ppb), 아세틸헥사펩타이드-8(0.1ppb), 카퍼트라이펩타이드-1(0.1ppb), 팔미토일트라이펩타이드-5(0.1ppb), 에스에이치-올리고펩타이드-1(0.1ppb), 펜타펩타이드-4(0.1ppb), 팔미토일트라이펩타이드-38(0.1ppb), 헥사펩타이드-9(0.1ppb), 헥사펩타이드-12(0.1ppb), 팔미토일펜타펩타이드-4(0.1ppb)"
"A000000248609","[대용량 증정 기획] 구달 청귤 비타C 잡티케어 크림 알파 75ml 기획 (+튜브 대용량 85ml)","구달","75.0","160.0","ml","34000","23900","1493.8","정제수,탄제린추출물,글리세린,나이아신아마이드,트라이프로필렌글라이콜,트라이에틸헥사노인,1,2-헥산다이올,베타인,펜타에리스리틸테트라에틸헥사노에이트,비닐다이메티콘,프로판다이올,퀸즈랜드넛오일,세테아릴알코올,암모늄아크릴로일다이메틸타우레이트/브이피코폴리머,페닐트라이메티콘,다이메티콘/비닐다이메티콘크로스폴리머,카프릴릭/카프릭트라이글리세라이드,아이소노닐아이소노나노에이트,다이메티콘올,트라이실록세인,폴리글리세릴-10라우레이트,아크릴레이트/C10-30알킬아크릴레이트크로스폴리머,하이드록시아세토페논,세테아릴글루코사이드,알파-알부틴,에틸헥실글리세린,아데노신,캐스터오일/아이피디아이코폴리머,트로메타민,황련뿌리추출물,당근추출물,부틸렌글라이콜,소듐파이테이트,카놀라오일,올리브오일,센티드제라늄꽃오일,당근씨오일,소듐라우레이트,알지닌,카보머,라벤더오일,소듐아스코빌포스페이트,아스코빌글루코사이드,3-O-에틸아스코빅애씨드,라우릭애씨드,캐모마일꽃오일,아모다이메티콘,토코페릴아세테이트,해바라기씨오일,베타-카로틴,오렌지껍질오일,멕시칸주니퍼오일,토코페롤,글루타티온,아스코빅애씨드,유비퀴논,티옥틱애씨드"
"A000000249649","[멜라닌양개선] 동아제약 색소침착 프로 크림제 40ml","동아제약","40.0","40.0","ml","39000","29400","7350.0","정제수, 부틸렌글라이콜, 카프릴릭/카프릭트라이글리세라이드, 나이아신아마이드, 트라이프로필렌글라이콜, 트라넥사믹애씨드, 프로판다이올, 네오펜틸글라이콜다이헵타노에이트, 세테아릴알코올, 비닐다이메티콘, 글리세릴스테아레이트, 1,2-헥산다이올, 폴리글리세릴-2스테아레이트, 베헤닐알코올, 스테아릴알코올, 아크릴레이트/C10-30알킬아크릴레이트크로스폴리머, 알파-알부틴, 카프릴릴글라이콜, 하이드록시에틸아크릴레이트/소듐아크릴로일다이메틸타우레이트코폴리머, 알지닌, 글루타티온, 해바라기씨오일, 토코페롤, 다이소듐이디티에이, 아데노신, 글리세린, 솔비탄아이소스테아레이트, 세틸팔미테이트, 알부틴, 올리브오일, 폴리글리세릴-3메틸글루코오스다이스테아레이트, 폴리글리세릴-10라우레이트, 베타인, 판테놀, 코직애씨드, 포스파티딜콜린, 세라마이드엔피, 콜레스테롤, 세라마이드에이피, 하이드로제네이티드레시틴, 아스코빌팔미테이트, 시어버터, 하이드록시데실유비퀴논, 칸디다 봄비콜라/글루코오스/메틸레이프씨데이트발효물, 글라이코리피드, 헥실레조시놀"
"A000000249734","[압출후] 동국제약 마데카셀 센테카솔 연고(무향) 30g (의약외품)","동국제약","30.0","30.0","g(약 1ml 상당으로 근사)","36000","19600","6533.3",""
"A000000249777","[NCT 재민PICK] 이즈앤트리 어니언 뉴페어 겔크림 플러스 50ml 더블 기획 (+20ml)","이즈앤트리","50.0","70.0","ml","49000","35900","5128.6","[겔크림 플러스]
정제수, 글리세린, 카프릴릭/카프릭트라이글리세라이드, 나이아신아마이드, 프로판다이올, 1,2-헥산다이올, 하이드록시에틸아크릴레이트/소듐아크릴로일다이메틸타우레이트코폴리머, 양파추출물(10,100 ppm), 부틸렌글라이콜, 세테아릴알코올, 비닐다이메티콘, 카보머, 세테아릴올리베이트, 솔비톨, 솔비탄올리베이트, 바이오사카라이드검-1, 소듐폴리아크릴로일다이메틸타우레이트, 알지닌, 소듐아스코빌포스페이트, 글루타티온, 쿼세틴, 페룰릭애씨드, 알란토인, 판테놀, 소듐하이알루로네이트, 하이드롤라이즈드하이알루로닉애씨드, 하이알루로닉애씨드, 하이드록시프로필트라이모늄하이알루로네이트, 소듐아세틸레이티드하이알루로네이트, 마데카소사이드, 스쿠알란, 약모밀추출물, 사이아노코발아민, 솔비탄아이소스테아레이트, 하이드로제네이티드폴리데센, 에틸헥실글리세린, 시트릭애씨드, 하이드록시에틸셀룰로오스, 덱스트린, 다이소듐이디티에이, 소듐시트레이트, 트라이데세스-10, 치자추출물, 아데노신, 하이드로제네이티드레시틴, 폴리글리세릴-10스테아레이트, 펜틸렌글라이콜, 데실글루코사이드, 알지닌/라이신폴리펩타이드, 카프릴릴글라이콜"
"A000000249903","[2700만개 판매] 유세린 하이알루론 3X 나이트크림 50ml","유세린","50.0","50.0","ml","68000","36900","7380.0","정제수,글리세린,시어버터,아이소프로필팔미테이트,판테놀,스테아릴알코올,글리세릴스테아레이트시트레이트,옥틸도데칸올,하이드로제네이티드코코-글리세라이즈,카프릴릭/카프릭트라이글리세라이드,세틸알코올,부틸렌글라이콜,하이드록시프로필스타치포스페이트,베헤닐알코올,다이메티콘,토코페롤,다이스타치포스페이트,1,2-헥산다이올,향료,페녹시에탄올,소듐하이알루로네이트(0.25%),카프릴릴글라이콜,트라이소듐이디티에이,잔탄검,글리시레티닉애씨드,돌콩배아추출물,판토락톤,시트릭애씨드"
"A000000250474","[1+1/1등 모공 수분천재크림] 에스네이처 아쿠아 스쿠알란 수분크림 60ml 더블기획 (+발렌 파우치키링)","에스네이처","60.0","120.0","ml","43000","23500","1958.3","정제수, 스쿠알란(150,000ppm), 글리세린, 1,2-헥산다이올, 베타인, 판테놀, 소듐하이알루로네이트, 하이드롤라이즈드콜라겐, 하이드록시프로필트라이모늄하이알루로네이트, 하이드롤라이즈드하이알루로닉애씨드, 소듐아세틸레이티드하이알루로네이트, 아세틸헥사펩타이드-8, 아데노신, 하이알루로닉애씨드, 하이드롤라이즈드소듐하이알루로네이트, 소듐하이알루로네이트크로스폴리머, 포타슘하이알루로네이트, 아크릴레이트/C10-30알킬아크릴레이트크로스폴리머, 알지닌, 알란토인, 자일리틸글루코사이드, 안하이드로자일리톨, 자일리톨, 글루코오스, 부틸렌글라이콜, 암모늄아크릴로일다이메틸타우레이트/브이피코폴리머, 카프릴릴글라이콜"
"A000000251274","[손상/장벽 리페어] 아벤느 시칼파트 플러스 S.O.S 크림 100ml 2입 기획(딥모100ml+헤어핀)","아벤느","100.0","200.0","ml","55000","41900","2095.0","온천수 (아벤느 온천수), 카프릴릭/카프릭트라이글리세라이드, 미네랄오일, 글리세린, 하이드로제네이티드식물성오일, 징크옥사이드, 프로필렌글라이콜, 폴리글리세릴-2세스퀴이소스테아레이트, 피이지-22/도데실글라이콜코폴리머, 아쿠아필루스 돌로미아이발효여과물, 마그네슘스테아레이트, 비즈왁스, 마이크로크리스탈린왁스, 알루미늄스테아레이트, 카퍼설페이트, 마그네슘설페이트, 징크설페이트, 알지닌, 트로메타민"
"A000000252191","[10년연속1위] 유세린 하이알루론 3X 아이크림 15ml 기획 (+나이트크림 20ml+화장솜)","유세린","15.0","35.0","ml","53000","35900","10257.1","[유세린 하이알루론 쓰리엑스 아이크림]
정제수,글리세린,에칠헥실살리실레이트,부틸렌글라이콜다이카프릴레이트/다이카프레이트,합성비즈왁스,메틸프로판다이올,부틸메톡시디벤조일메탄,에칠헥실트리아존,하이드로제네이티드코코-글리세라이즈,옥틸도데칸올,하이드록시프로필스타치포스페이트,스테아릴알코올,베헤닐알코올,글리세릴스테아레이트시트레이트,세틸팔미테이트,다이스타치포스페이트,비스-에칠헥실옥시페놀메톡시페닐트리아진,페닐벤즈이미다졸설포닉애씨드,1,2-헥산다이올,페녹시에탄올,에틸헥실글리세린,소듐하이알루로네이트(0.23%),카프릴릴글라이콜,소듐하이드록사이드,잔탄검,돌콩배아추출물,글리시레티닉애씨드,트라이소듐이디티에이

[유세린 하이알루론 쓰리엑스 나이트크림]
정제수,글리세린,시어버터,아이소프로필팔미테이트,판테놀,스테아릴알코올,리세릴스테아레이트시트레이트,옥틸도데칸올,하이드로제네이티드코코-글리세라이즈,부틸렌글라이콜,카프릴릭/카프릭트라이글리세라이드,세틸알코올,하이드록시프로필스타치포스페이트,베헤닐알코올,다이메티콘,토코페롤,다이스타치포스페이트,1,2-헥산다이올,페녹시에탄올,향료,카프릴릴글라이콜,소듐하이알루로네이트(0.23%),트라이소듐이디티에이,잔탄검,글리시레티닉애씨드,돌콩배아추출물,판토락톤,시트릭애씨드,펜타에리스리틸테트라-다이-t-부틸하이드록시하이드로신나메이트"
"A000000252917","[온라인단독/한정수량]라로슈포제 시카플라스트 밤B5+& 멀티리페어 크림 B5 100ml 기획 (+시카에센스 50%용량)","라로슈포제","100.0","100.0","ml","93000","74400","7440.0","- 시카플라스트 밤 100ml
정제수 하이드로제네이티드폴리아이소부텐 다이메티콘 글리세린 시어버터 판테놀 옥수수전분 프로판다이올 부틸렌글라이콜 세틸피이지/피피지-10/1다이메티콘 트라이하이드록시스테아린 병풀잎추출물 야콘뿌리즙 징크글루코네이트 마데카소사이드 망가니즈글루코네이트 알파-글루칸올리고사카라이드 실리카 알루미늄하이드록사이드 마그네슘설페이트 만노오스 카프릴로일글라이신 카프릴릴글라이콜 비트레오스실라발효물 시트릭애씨드 트라이소듐에틸렌다이아민다이석시네이트 락토바실러스 아세틸레이티드글라이콜스테아레이트 말토덱스트린 폴리글리세릴-4아이소스테아레이트 토코페롤 펜타에리스리틸테트라-다이-t-부틸하이드록시하이드로신나메이트 티타늄디옥사이드
- 시카플라스트 크림 100ml
정제수 다이카프릴릴에터 판테놀 글리세린 펜틸렌글라이콜 폴리글리세릴-6다이스테아레이트 프로판다이올 세틸에스터 호호바에스터 베헤닐알코올 그린와틀꽃왁스 해바라기씨왁스 병풀잎추출물 야콘뿌리즙 솔비탄올리에이트 징크글루코네이트 마데카소사이드 세테아릴아이소노나노에이트 망가니즈글루코네이트 아이소헥사데칸 알파-글루칸올리고사카라이드 소듐하이알루로네이트 소듐스테아로일글루타메이트 아데노신 만노오스 카퍼글루코네이트 하이드록시아세토페논 하이드록시프로필스타치포스페이트 카프릴로일살리실릭애씨드 비트레오스실라발효물 시트릭애씨드 트라이소듐에틸렌다이아민다이석시네이트 락토바실러스 말토덱스트린 폴리글리세린-3 폴리글리세릴-3비즈왁스 폴리솔베이트80 아크릴아마이드/소듐아크릴로일다이메틸타우레이트코폴리머 세틸알코올 토코페롤
- 시카에센스 7.5ML
정제수 비피다발효용해물 판테놀 다이메티콘 베타인 글리세린 부틸렌글라이콜 펜틸렌글라이콜 아이소프로필미리스테이트 피이지/피피지/폴리부틸렌글라이콜-8/5/3글리세린 소듐하이드록사이드 만노오스 메틸다이하이드로자스모네이트 아크릴레이트/C10-30알킬아크릴레이트크로스폴리머 페녹시에탄올 하이드로제네이티드레시틴 알파-글루칸올리고사카라이드 카프릴릴글라이콜 폴리솔베이트20 마데카소사이드 스핑고모나스발효추출물 시트릭애씨드 야콘뿌리즙 소듐메틸스테아로일타우레이트 아세틸다이펩타이드-1세틸에스터 소듐벤조에이트 말토덱스트린 징크글루코네이트 망가니즈글루코네이트 소듐하이알루로네이트 엑토인 단삼뿌리추출물 살리실로일피토스핑고신 락토바실러스 트라이소듐에틸렌다이아민다이석시네이트 비사보롤"
"A000000255342","키엘 울트라 훼이셜 크림 리필 기획 (150ml+50ml)","키엘","150.0","200.0","ml","117000","88920","4446.0","정제수 글리세린 다이메티콘 스쿠알란 비스-피이지-18메틸에터다이메틸실레인 수크로오스스테아레이트 스테아릴알코올 피이지-8스테아레이트 미리스틸미리스테이트 살구씨오일 페녹시에탄올 아보카도오일 글리세릴스테아레이트 세틸알코올 쌀겨오일 올리브오일 클로페네신 스테아릭애씨드 팔미틱애씨드 카보머 아크릴레이트/C10-30알킬아크릴레이트크로스폴리머 트라이소듐에틸렌다이아민다이석시네이트 스위트아몬드오일 잔탄검 에틸헥실글리세린 소듐하이드록사이드 토코페롤 돌콩오일 슈도알테로모나스발효추출물 미리스틱애씨드 하이드록시팔미토일스핑가닌 살리실릭애씨드 해바라기씨오일 로즈마리잎추출물 시트릭애씨드"
"A000000255989","[역대급용량/1등 모공 수분천재크림] 에스네이처 아쿠아 스쿠알란 수분크림 60ml 더블기획 (+수분크림 10ml)","에스네이처","60.0","70.0","ml","43000","23500","3357.1","정제수, 스쿠알란(150,000ppm), 글리세린, 1,2-헥산다이올, 베타인, 판테놀, 소듐하이알루로네이트, 하이드롤라이즈드콜라겐, 하이드록시프로필트라이모늄하이알루로네이트, 하이드롤라이즈드하이알루로닉애씨드, 소듐아세틸레이티드하이알루로네이트, 아세틸헥사펩타이드-8, 아데노신, 하이알루로닉애씨드, 하이드롤라이즈드소듐하이알루로네이트, 소듐하이알루로네이트크로스폴리머, 포타슘하이알루로네이트, 아크릴레이트/C10-30알킬아크릴레이트크로스폴리머, 알지닌, 알란토인, 자일리틸글루코사이드, 안하이드로자일리톨, 자일리톨, 글루코오스, 부틸렌글라이콜, 암모늄아크릴로일다이메틸타우레이트/브이피코폴리머, 카프릴릴글라이콜"
"A000000256048","[NEW] 토리든 다이브인 저분자 히알루론산 수딩 크림 100ml 더블 기획 (크림 20ml+세럼 20ml)","토리든","100.0","140.0","ml","42000","29400","2100.0","정제수, 부틸렌글라이콜, 글리세린, 1,2-헥산다이올, 하이드로제네이티드다이데센, 카프릴릭/카프릭트라이글리세라이드, 판테놀, 소듐하이알루로네이트, 소듐하이알루로네이트크로스폴리머, 하이드롤라이즈드소듐하이알루로네이트, 소듐아세틸레이티드하이알루로네이트, 하이드롤라이즈드하이알루로닉애씨드(500ppm), 알란토인, 엑토인, 감초추출물, 트레할로오스, 버지니아풍년화추출물, 글리세릴아크릴레이트/아크릴릭애씨드코폴리머, 피브이엠/엠에이코폴리머, 하이드록시에틸아크릴레이트/소듐아크릴로일다이메틸타우레이트코폴리머, 2,3-부탄다이올, 세테아릴알코올, C14-22알코올, C12-20알킬글루코사이드, 펜틸렌글라이콜, 솔비탄아이소스테아레이트, 카프릴릴메티콘, 클레리추출물, 라벤더꽃추출물, 히아신스전초추출물, 마트리카리아꽃추출물, 수레국화꽃추출물, 보리지추출물, 다이소듐이디티에이, 카보머, 트로메타민, 잔탄검, 글루타티온, 말라카이트추출물, 글루코닉애씨드, 에틸헥실글리세린"
"A000000258859","[고현정 PICK]코이 플로우 리프팅 랩핑 크림 포어앤쿨 50g","코이","50.0","50.0","g(약 1ml 상당으로 근사)","57000","38900","7780.0","정제수, 다이페닐실록시페닐트라이메티콘, 부틸렌글라이콜, 카프릴릭/카프릭트라이글리세라이드, 글리세린, 프로판다이올, 아이소노닐아이소노나노에이트, 나이아신아마이드, 1,2-헥산다이올, 자일리톨, 폴리글리세릴-10라우레이트, 폴리아크릴레이트크로스폴리머-6, 에리스리톨, 캐스터오일/아이피디아이코폴리머, 암모늄아크릴로일다이메틸타우레이트/브이피코폴리머, 아크릴레이트/C10-30알킬아크릴레이트크로스폴리머, 잔탄검, 트로메타민, 향료, 에틸헥실글리세린, 아데노신, 알지닌, 카보머, 다이소듐이디티에이, 덱스트린, t-부틸알코올, 레몬그라스추출물, 알로에베라잎추출물, 유칼립투스잎추출물, 콘민트추출물, 아모다이메티콘, 티트리잎오일, 치자추출물, 메도우폼씨오일, 회향씨추출물, 판테놀, 샤프란꽃추출물, 고수추출물, 병풀추출물, 소두구씨추출물, 매듭풀추출물, 레드신코나나무껍질추출물, 팔미토일트라이펩타이드-5, 글리세릴글루코사이드, 마누카잎추출물, 카프릴릴글라이콜, 토코페롤, 포도추출물, 소듐하이알루로네이트, 솔비탄라우레이트, 감나무잎추출물, 커피콩추출물, 잇꽃꽃추출물, 호장근뿌리추출물, 아텔로콜라겐, 데사미도콜라겐, 밤껍질추출물, 녹차추출물, 초피나무열매추출물, 하이드롤라이즈드콜라겐, 하이드록시에틸셀룰로오스, 아세틸다이펩타이드-1세틸에스터, 수용성콜라겐, 콜라겐, 콜라겐아미노산, 아세틸헥사펩타이드-1, 프로콜라겐, 소듐디엔에이, 아세틸옥타펩타이드-3, 테트라메틸아세틸옥타하이드로나프탈렌, 쿠마린, 터피네올, 리날릴아세테이트"
"A000000260462","에스트라 아토베리어365 하이드로 수딩크림 80ml","에스트라","80.0","80.0","ml","33000","26400","3300.0","정제수, 글리세린, 부틸렌글라이콜, 다이메티콘, 스쿠알란, 1,2-헥산다이올, 베타인, 세테아릴알코올, 암모늄아크릴로일다이메틸타우레이트/브이피코폴리머, 하이드로제네이티드쌀겨오일, 하이드로제네이티드레시틴, 폴리글리세릴-3메틸글루코오스다이스테아레이트, 폴리아크릴레이트크로스폴리머-6, 만니톨, 세틸-피지하이드록시에틸팔미타마이드, 스테아릭애씨드, 에틸헥실글리세린, 글리세릴카프릴레이트, 프로판다이올, 글리세릴스테아레이트, 소듐메타포스페이트, 세라마이드엔피, 카보머, 팔미틱애씨드, 실리카, 징크클로라이드, 콜레스테롤, 베타-글루칸, 스핑고리피드, 소듐하이알루로네이트, 하이드록시프로필메틸셀룰로오스, 미리스틱애씨드, 프로필렌글라이콜, 라우릭애씨드, 토코페롤"
