"goods_no","product_name","brand_name","ml_표시용량","ml_추정총용량","용량_단위","price_regular","price_sale","price_per_10ml","ingredient"
"A000000245794","[화잘먹/단독기획] 폴라초이스 바하 리퀴드 엑스폴리언트 118ml 기획 (+바하 리퀴드 30ml)","폴라초이스","118.0","148.0","ml","39000","29640","2002.7","정제수, 프로필렌글라이콜, 나이아신아마이드, 펜틸렌글라이콜, 글리세린, 살리실릭애씨드(0.5%), 흰버드나무껍질추출물(0.5%), 피이지/피피지-17/6코폴리머, 폴리솔베이트20, 비스-피이지-18메틸에터다이메틸실레인, 소듐파이테이트, 10-하이드록시데카노익애씨드, 알란토인, 다이포타슘글리시리제이트, 카프릴릴글라이콜, 페녹시에탄올, 클로페네신, 소듐하이드록사이드, 1,2-헥산다이올, 소듐하이알루로네이트, 비에이치티"
"A000000256045","[NEW] 토리든 다이브인 저분자 히알루론산 토너 500ml 기획 (+늘어나는 화장솜 60매)","토리든","500.0","500.0","ml","29000","19800","396.0","정제수, 부틸렌글라이콜, 다이프로필렌글라이콜, 1,2-헥산다이올, 글리세린, 베타인, 알란토인, 판테놀, 소듐하이알루로네이트크로스폴리머, 소듐하이알루로네이트, 소듐아세틸레이티드하이알루로네이트, 하이드롤라이즈드소듐하이알루로네이트, 하이드롤라이즈드하이알루로닉애씨드(200ppm), 엑토인, 감초추출물, 2,3-부탄다이올, 쇠비름추출물, 트레할로오스, 알지닌, 펜틸렌글라이콜, 말라카이트추출물, 다이소듐이디티에이, 에틸헥실글리세린"
"A000000258833","[7월 올영픽] 에스트라 아토베리어365 캡슐토너 300ml 기획 (+수딩크림 30ml+세라-히알 앰플 7ml)","에스트라","300.0","337.0","ml","30000","24000","712.2","정제수, 부틸렌글라이콜, 글리세린, 프로필렌글라이콜, 1,2-헥산다이올, 글루코노락톤, 에틸헥실글리세린, 칼슘클로라이드, 만니톨, 셀룰로오스, 셀룰로오스검, 트로메타민, 세틸-피지하이드록시에틸팔미타마이드, 스테아릭애씨드, 젤란검, 소듐시트레이트, 소듐글루코네이트, 벤조익애씨드, 세라마이드엔피, 하이드로제네이티드레시틴, 소듐벤조에이트, 실리카, 콜레스테롤, 스핑고리피드, 소듐하이알루로네이트, 하이드록시프로필메틸셀룰로오스, 토코페롤"
"A000000189181","[수부지토너]브링그린 티트리 시카 수딩 토너 (500ml/250ml)","브링그린","500.0","750.0","ml","15000","13500","180.0","정제수, 다이프로필렌글라이콜, 1,2-헥산다이올, 부틸렌글라이콜, 티트리추출물, 티트리잎수, 베타인, 판테놀, 티트리잎추출물, 옥틸도데세스-16, 소듐시트레이트, 시트릭애씨드, 티트리잎오일, 티트리꽃/잎/줄기추출물, 베타인살리실레이트, 병풀추출물, 잔탄검"
"A000000237491","[수부지장벽토너] 코스노리 판테놀 베리어 토너 205ml","코스노리","205.0","205.0","ml","20000","15000","731.7","정제수, 부틸렌글라이콜, 판테놀, 다이프로필렌글라이콜, 글리세레스-26, 나이아신아마이드, 1,2-헥산다이올, 카카두플럼추출물, 병풀추출물, 아시아티코사이드, 마데카소사이드, 세라마이드엔피, 얼룩파인애플추출물, 파파야열매추출물, 귀리가루추출물, 락토바실러스/콩발효추출물, 락토바실러스/쌀발효물, 락토바실러스/인삼뿌리발효여과물, 효모/율무씨발효여과물, 효모/감자추출물발효여과물, 소듐하이알루로네이트, 하이드롤라이즈드하이알루로닉애씨드, 동백나무씨오일, 아시아틱애씨드, 마데카식애씨드, 리놀레익애씨드, 락토바이오닉애씨드, 소듐하이알루로네이트크로스폴리머, 소듐아세틸레이티드하이알루로네이트, 하이드로제네이티드레시틴, 프로판다이올, 소듐시트레이트, 베타인, 글리세린, 시트릭애씨드, 소듐폴리아크릴로일다이메틸타우레이트, 하이드록시프로필트라이모늄하이알루로네이트, 아데노신, 펜틸렌글라이콜, 카프릴릭/카프릭트라이글리세라이드, 에틸헥실글리세린"
"A000000146589","[수분진정] 아비브 어성초 카밍 토너 스킨부스터 200ml","아비브","200.0","200.0","ml","23000","16100","805.0","정제수, 글리세린, 부틸렌글라이콜, 펜틸렌글라이콜, 베타인, 1,2-헥산다이올, 자일리톨, 약모밀추출물(3,500 ppm), 판테놀, 에틸헥실글리세린, 소듐하이알루로네이트, 비피다발효용해물, 돌콩추출물, 다이소듐이디티에이, 하이드롤라이즈드하이알루로닉애씨드, 잔탄검, 옥탄다이올, 병풀추출물, 토코페롤, 인동덩굴꽃추출물, 황금추출물, 바이오사카라이드검-4, 파스향나무잎추출물"
"A000000255246","[미스트형/1등토너] 라운드랩 1025 독도 토너 300ml 1+1 기획 (+늘어나는 스킨패드 30매)","라운드랩","300.0","600.0","ml","29800","25900","431.7","정제수, 부틸렌글라이콜, 글리세린, 펜틸렌글라이콜, 프로판다이올, 아이리쉬모스추출물, 사탕수수추출물, 해수, 1,2-헥산다이올, 프로테아제, 베타인, 판테놀, 에틸헥실글리세린, 알란토인, 잔탄검, 다이소듐이디티에이"
"A000000004434","바이오더마 하이드라비오 토너 250ml","바이오더마","250.0","250.0","ml","29500","19200","768.0","정제수, 글리세린, 폴리솔베이트20, 다이소듐이디티에이, 세트리모늄브로마이드, 나이아신아마이드, 자일리톨, 알란토인, 프룩토올리고사카라이드, 만니톨, 헥실데칸올, 소듐하이드록사이드, 시트릭애씨드, 람노오스, 사과씨추출물, 유채스테롤, 토코페롤, 향료료"
"A000000137180","[1등토너] 라운드랩 1025 독도 토너 500ml 기획 (+100ml)","라운드랩","500.0","600.0","ml","30000","27000","450.0","정제수, 부틸렌글라이콜, 글리세린, 펜틸렌글라이콜, 프로판다이올, 아이리쉬모스추출물, 사탕수수추출물, 해수, 1,2-헥산다이올, 프로테아제, 베타인, 판테놀, 에틸헥실글리세린, 알란토인, 잔탄검, 다이소듐이디티에이"
"A000000190395","[쿨링진정]넘버즈인 1번 진정 맑게담은 청초토너 300ml 리필기획(+300ml 증정)","넘버즈인","300.0","600.0","ml","40000","28000","466.7","정제수, 1,2-헥산다이올, 다이프로필렌글라이콜, 프로판다이올, 부틸렌글라이콜, 글리세린, 감초뿌리추출물, 약모밀추출물, 카보머, 병풀추출물, 하이드록시에틸셀룰로오스, 알지닌, 알란토인, 다이소듐이디티에이, 하수오전초추출물, 베타인, 히아신스전초추출물, 판테놀, 알바수련꽃추출물"
"A000000159921","라로슈포제 시카플라스트 로션 B5 판테놀 시카에센스 토너 200ml","라로슈포제","200.0","200.0","ml","37000","33300","1665.0","정제수 글리세린 프로판다이올 판테놀 펜틸렌글라이콜 소듐시트레이트 만노오스 마데카소사이드 망가니즈글루코네이트 소듐클로라이드 코코-베타인 카퍼글루코네이트 카프릴릴글라이콜 시트릭애씨드 트라이소듐에틸렌다이아민다이석시네이트"
"A000000207054","[대용량/속보습폭발] 더랩바이블랑두 올리고 히알루론산 딥 토너 500ml 대용량 기획 (+100ml)","더랩바이블랑두","500.0","600.0","ml","37000","28900","481.7","정제수, 부틸렌글라이콜, 1,2-헥산다이올, 글리세린, 베타-글루칸, 베타인, 소듐하이알루로네이트(2,700 ppm), 판테놀, 솔비톨, 아세틸글루코사민, 글루쿠로닉애씨드, 알란토인, 토코페롤, 에틸헥실글리세린, 다이소듐이디티에이"
"A000000248498","[단독기획] 아누아 어성초 77 히알루론산 수분 진정 토너 350ml 리필 기획세트 (+350ml 리필팩)","아누아","350.0","700.0","ml","49000","27500","392.9","약모밀꽃/잎/줄기수(77%), 정제수, 1,2-헥산다이올, 글리세린, 글리세레스-26, 베타인, 펜틸렌글라이콜, 소듐시트레이트, 아이소펜틸다이올, 에틸헥실글리세린, 다이포타슘글리시리제이트, 시트릭애씨드, 아크릴레이트/C10-30알킬아크릴레이트크로스폴리머, 트로메타민, 판테놀, 소듐파이테이트, 알란토인, 소듐하이알루로네이트(1.1ppm), 약모밀소포(750ppb), 하이드롤라이즈드소듐하이알루로네이트(100.1ppb), 징크피씨에이, 하이드록시프로필트라이모늄하이알루로네이트(100ppb), 락토바실러스발효물, 소듐아세틸레이티드하이알루로네이트(10ppb), 하이드롤라이즈드하이알루로닉애씨드(10ppb), 아이소쿼시트린, 쿼세틴, 하이알루로닉애씨드(2.5ppb), 소듐하이알루로네이트크로스폴리머(1ppb), 포타슘하이알루로네이트(0.2ppb)"
"A000000203171","식물나라 어린녹차 촉촉 진정토너 500mL","식물나라","500.0","500.0","ml","15800","10800","216.0","정제수, 부틸렌글라이콜, 글리세린, 1,2-헥산다이올, 녹차수, 베타인, 카보머, 트로메타민, 에틸헥실글리세린, 카카오씨추출물, 소듐파이테이트, 황련뿌리추출물, 보검선인장줄기추출물, 소나무잎추출물, 트루로즈오브예리코추출물, 토코페롤, 돌나물추출물"
"A000000229456","[쿨링진정] 셀라딕스 트러블 쿨 카밍 131 토너 300ml","셀라딕스","300.0","300.0","ml","18300","16470","549.0","정제수, 부틸렌글라이콜, 글리세린, 1,2-헥산다이올, 나이아신아마이드, 판테놀, 자일리톨, 폴리글리세릴-10라우레이트, 프로판다이올, 베타인, 트레할로오스, 에틸헥실글리세린, 아데노신, 알지닌, 카보머, 다이소듐이디티에이, 알란토인, 유칼립투스잎오일, 락토바실러스발효용해물, 서양민들레잎추출물, 하이드롤라이즈드레시틴, 카프릴릴/카프릴트라이글리세라이드, 펜틸렌글라이콜, 황금추출물, 피토스핑고신, 사이클로덱스트린, 유칼립투스잎추출물, 알로에베라잎추출물, 레몬그라스추출물, 로즈힙추출물, 잔탄검, 에리스리톨, 하이드롤라이즈드완두콩단백질, 카프릴릴글라이콜, 폴리글리세릴-10스테아레이트, 스쿠알란, 폴라지닌, 세라마이드엔피, 스테아릭애씨드"
"A000000188990","[온라인단독/진정SET] 브링그린 티트리 시카 수딩 토너&크림 (세트/기획)","브링그린","","","","34000","20500","","[토너] 정제수, 다이프로필렌글라이콜, 1,2-헥산다이올, 부틸렌글라이콜, 티트리추출물, 티트리잎수, 베타인, 판테놀, 티트리잎추출물, 옥틸도데세스-16, 소듐시트레이트, 시트릭애씨드, 티트리잎오일, 티트리꽃/잎/줄기추출물, 베타인살리실레이트, 병풀추출물, 잔탄검 

 / [크림] 
정제수, 부틸렌글라이콜, 스쿠알란, 티트리잎수, 프로판다이올, 1,2-헥산다이올, 나이아신아마이드, 펜틸렌글라이콜, 폴리글리세릴-3메틸글루코오스다이스테아레이트, 다이글리세린, 티트리추출물, 티트리잎추출물, 병풀추출물, 티트리꽃/잎/줄기추출물, 티트리잎오일, 하이드록시에틸아크릴레이트/소듐아크릴로일다이메틸타우레이트코폴리머, 폴리메틸실세스퀴옥세인, 아크릴레이트/C10-30알킬아크릴레이트크로스폴리머, 트로메타민, 솔비탄아이소스테아레이트, 마데카소사이드, 토코페롤, 에틸헥실글리세린"
"A000000258792","[리뉴얼] 토니모리 세라마이드 모찌 토너 500ml 기획 (+100ml + 크림 30ml)","토니모리","500.0","630.0","ml","18000","13500","214.3","[세라마이드 모찌 토너] 정제수, 다이프로필렌글라이콜, 글리세린, 펜타에리스리틸테트라아이소스테아레이트, 프로판다이올, 폴리글리세린-3, 마카다미아씨오일, 하이드록시아세토페논, 하이드록시에틸아크릴레이트/소듐아크릴로일다이메틸타우레이트코폴리머, 하이드로제네이티드폴리(C6-14올레핀), 하이드로제네이티드폴리데센, 에틸헥실글리세린, 알란토인, 스타이렌/브이피코폴리머, 판테놀, 아크릴레이트/C10-30알킬아크릴레이트크로스폴리머, 트로메타민, *리모넨, 소듐파이테이트, *리날룰, 폴리솔베이트60, 솔비탄아이소스테아레이트, 라반딘오일, 센티드제라늄꽃오일, 멕시칸주니퍼오일, 아이소펜틸다이올, 라벤더오일, 부틸렌글라이콜, 병풀추출물, 레몬껍질오일, 폴리글리세릴-4올리에이트, 세라마이드엔피(5,000 ppb), 수크로오스팔미테이트, 1,2-헥산다이올 

[세라마이드 모찌 수분 크림] 정제수, 글리세린, 다이글리세린, 에틸헥실팔미테이트, 베헤닐알코올, 피토스테릴/옥틸도데실라우로일글루타메이트, 소듐폴리아크릴레이트, 스테아릴알코올, 에틸헥실스테아레이트, 폴리글리세릴-10라우레이트, 하이드록시아세토페논, 부틸렌글라이콜, 카보머, 트로메타민, 레몬껍질오일, 에틸헥실글리세린, 잔탄검, 트라이데세스-6, 라반딘오일, 멕시칸주니퍼오일, 센티드제라늄꽃오일, 다이소듐이디티에이, 하이드로제네이티드레시틴, 병풀추출물, 라벤더오일, 쇠비름추출물, 체이스트트리추출물, 마트리카리아꽃추출물, 1,2-헥산다이올, 세라마이드엔피(5,000 ppb), 만주자작나무수액, 아사이팜열매추출물, 보검선인장줄기추출물, 구아바잎추출물, 소듐하이알루로네이트, 알로에베라잎추출물, 시트랄, 리모넨, 리날룰"
"A000000252322","[NEW/미니어처증정] 닥터지 레드 블레미쉬 10-시카 캡슐 수딩 토너 300ml 기획 (+100ml)","닥터지","300.0","400.0","ml","30000","19200","480.0","전성분 정제수, 편백수, 프로판다이올, 부틸렌글라이콜, 글리세린, 1,2-헥산다이올, 나이아신아마이드, 에리스리톨, 펜틸렌글라이콜, 스트렙토코쿠스테르모필루스발효물, 효모발효여과물, 옥수수전분, 사과즙, 백미꽃추출물, 병풀잎추출물(2.1ppm), 비피다발효여과물, 락토바실러스발효물, 병풀꽃/잎/줄기추출물(1.0ppm), 병풀뿌리 추출물(1.0ppm), 접시꽃추출물, 페퍼민트잎수, 병풀추출물(0.02ppm), 판테놀,젤란검, 알란토인, 베타인, 하이드록시아세토페논, 칼슘클로 라이드,소듐클로라이드, 아데노신, 데하이드로잔탄검, 만델릭애씨드, 트레할로오스, 셀룰로오스검, 소듐시트레이트, 메틸다이아이소프로필 프로피온아마이드,세라마이드엔피, 솔비톨, 스테아릭애씨드, 하이 드로제네이티드레시틴,실리카, 에틸헥실글리세린, 다발방패버섯추출물, 베타-글루칸, 마데카소사이드(0.18ppm), 아시아티코사이드(0.002ppm), 마데카식애씨드(0.002ppm), 아시아틱애씨드(0.0008ppm)"
"A000000222849","[속건조해결] 파티온 포도당 하이드로 에센스토너 300ml 더블 기획(2개입)","파티온","300.0","600.0","ml","32000","24900","415.0","정제수, 부틸렌글라이콜, 글리세린, 1,2-헥산다이올, 에리스리톨, 자일리톨, 트레할로오스, 알지닌, 카보머, 에틸헥실글리세린, 하이드롤라이즈드스클레로튬검, 다이소듐이디티에이, 카프릴릭/카프릭트라이글리세라이드, 시어버터, 올리브오일, 하이드로제네이티드레시틴, 스쿠알란, 글리세릴글루코사이드, 프로판다이올, 콜레스테롤, 세라마이드엔피, 피토스핑고신, 토코페롤, 판테놀, 글루코오스(100 ppb), 벤질글라이콜, 하이드롤라이즈드글라이코사미노글리칸, 하이드록시프로필트라이모늄하이알루로네이트, 소듐하이알루로네이트크로스폴리머, 시스테인, 글루타믹애씨드, 류신, 세린, 아스파틱애씨드, 글루타민, 알라닌, 트레오닌, 트립토판, 발린, 라이신, 글라이신, 소듐하이알루로네이트, 하이드롤라이즈드하이알루로닉애씨드, 메티오닌, 프롤린, 히스티딘, 아이소류신, 페닐알라닌, 아스파라진, 타이로신, 하이알루로닉애씨드, 소듐아세틸레이티드하이알루로네이트, 마그네슘피씨에이, 소듐락테이트, 카퍼트라이펩타이드-1, 수크로오스, 우레아, 칼슘클로라이드, 포타슘하이드록사이드, 오르니틴, 씨솔트, 마그네슘클로라이드, 다이포타슘포스페이트, 마그네슘시트레이트, 글루코사민에이치씨엘, 1-메틸하이단토인-2-이미드, 시트룰린, 우릭애씨드, 타우린, 포믹애씨드, 암모니아"
"A000000218549","에스트라 에이시카365 수분토너 pH4.5 200ml","에스트라","200.0","200.0","ml","28000","23800","1190.0","정제수, 부틸렌글라이콜, 글리세린, 나이아신아마이드, 1,2-헥산다이올, 글루코노락톤, 트로메타민, 잔탄검, 에틸헥실글리세린, 레시틴, 소듐메타포스페이트, 폴리글리세릴-10올리에이트, 소듐하이알루로네이트, 3-O-에틸아스코빅애씨드, 징크피씨에이, 폴리글리세릴-4카프레이트, 아시아티코사이드, 마데카식애씨드, 글리세릴카프릴레이트, 아시아틱애씨드, 마데카소사이드, 소듐트라이메타포스페이트, 프로필렌글라이콜, 토코페롤, 쌀겨오일"
"A000000132162","[1등토너] 라운드랩 1025 독도 토너 200ml 기획 (+50ml)","라운드랩","200.0","250.0","ml","15000","13500","540.0","정제수, 부틸렌글라이콜, 글리세린, 펜틸렌글라이콜, 프로판다이올, 아이리쉬모스추출물, 사탕수수추출물, 해수, 1,2-헥산다이올, 프로테아제, 베타인, 판테놀, 에틸헥실글리세린, 알란토인, 잔탄검, 다이소듐이디티에이"
"A000000213171","[속촉촉 진정토너] 에스네이처 아쿠아 오아시스 토너 300ml 기획 (+젤크림 30ml)","에스네이처","300.0","330.0","ml","25000","18900","572.7","*토너
정제수, 다이프로필렌글라이콜, 부틸렌글라이콜, 글리세린, 1,2-헥산다이올, 베타인, 판테놀, 알란토인, 파파야열매추출물, 글루코노락톤, 자일리틸글루코사이드, 안하이드로자일리톨, 자일리톨, 소듐하이알루로네이트, 글루코오스, 파파인, 하이드록시프로필트라이모늄하이알루로네이트, 소듐아세틸레이티드하이알루로네이트, 하이드롤라이즈드하이알루로닉애씨드, 하이알루로닉애씨드, 하이드롤라이즈드소듐하이알루로네이트, 소듐하이알루로네이트크로스폴리머, 포타슘하이알루로네이트, 글리세릴아크릴레이트/아크릴릭애씨드코폴리머, 피브이엠/엠에이코폴리머

*젤크림
정제수, 글리세린, 부틸렌글라이콜, 1,2-헥산다이올, 블루아가베잎추출물, 알란토인, 소듐하이알루로네이트, 하이드록시프로필트라이모늄하이알루로네이트, 하이드롤라이즈드하이알루로닉애씨드, 소듐아세틸레이티드하이알루로네이트, 하이알루로닉애씨드, 하이드롤라이즈드소듐하이알루로네이트, 소듐하이알루로네이트크로스폴리머, 포타슘하이알루로네이트, 알지닌, 메틸트라이메티콘, 에틸헥실글리세린, 암모늄아크릴로일다이메틸타우레이트/브이피코폴리머, 하이드록시에틸아크릴레이트/소듐아크릴로일다이메틸타우레이트코폴리머, 아크릴레이트/C10-30알킬아크릴레이트크로스폴리머, 하이드로제네이티드폴리(C6-14올레핀), 메틸다이아이소프로필프로피온아마이드, 다이메티콘/비닐다이메티콘크로스폴리머, 솔비탄아이소스테아레이트, 다이소듐이디티에이"
"A000000249581","[저자극 각질 케어] 제로이드 핌프로브 토너 200ml","제로이드","200.0","200.0","ml","","33000","1650.0","정제수, 메틸프로판다이올, 1,2-헥산다이올, 글리세린, 카프릴로일살리실릭애씨드, 글라이콜릭애씨드, 락틱애씨드, 시트릭애씨드, 판테놀, 하이드롤라이즈드하이알루로닉애씨드, 베타인, 징크피씨에이, 소듐시트레이트, 미리스토일/팔미토일옥소스테아라마이드/아라카마이드엠이에이, 다이소듐이디티에이"
"A000000211003","[1등 속보습] 라네즈 크림스킨 170ml 단품기획 (+50ml)","라네즈","170.0","220.0","ml","33000","23760","1080.0","정제수, 부틸렌글라이콜, 글리세린, 메도우폼씨오일, 아이소펜틸다이올, 1,2-헥산다이올, 스쿠알란, 폴리글리세릴-10스테아레이트, 글리세릴스테아레이트시트레이트, 소듐스테아로일글루타메이트, 이눌린라우릴카바메이트, 글리세릴카프릴레이트, 에틸헥실글리세린, 프로판다이올, 다이소듐이디티에이, 카보머, 만니톨, 아크릴레이트/스테아릴메타크릴레이트코폴리머, 흰목이버섯포자낭과추출물, 하이알루로닉애씨드, 녹차추출물, 잔탄검, 세라마이드엔피, 동백나무꽃추출물, 토코페롤, 아세틸테트라펩타이드-11"
"A000000245459","바이오더마 하이드라비오 토너 500ml 기획 (+거품 용기)","바이오더마","500.0","500.0","ml","","40000","800.0","정제수, 글리세린, 폴리솔베이트20, 다이소듐이디티에이, 세트리모늄브로마이드, 나이아신아마이드, 자일리톨, 알란토인, 프룩토올리고사카라이드, 만니톨, 헥실데칸올, 소듐하이드록사이드, 시트릭애씨드, 람노오스, 사과씨추출물, 유채스테롤, 토코페롤, 향료"
"A000000243855","[화잘먹/각질제거부스터]폴라초이스 스킨퍼펙팅 바하 리퀴드 엑스폴리언트 118ml","폴라초이스","118.0","118.0","ml","39000","29250","2478.8","정제수, 프로필렌글라이콜, 나이아신아마이드, 펜틸렌글라이콜, 글리세린, 살리실릭애씨드(0.5%), 흰버드나무껍질추출물(0.5%), 피이지/피피지-17/6코폴리머, 폴리솔베이트20, 비스-피이지-18메틸에터다이메틸실레인, 소듐파이테이트, 10-하이드록시데카노익애씨드, 알란토인, 다이포타슘글리시리제이트, 카프릴릴글라이콜, 페녹시에탄올, 클로페네신, 소듐하이드록사이드, 1,2-헥산다이올, 소듐하이알루로네이트, 비에이치티"
"A000000182787","[약산성/저자극] 파티온 노스카나인 트러블 클리어 토너 200ml","파티온","200.0","200.0","ml","23000","17500","875.0","정제수, 2,3-부탄다이올, 에톡시다이글라이콜, 글루코노락톤, 1,2-헥산다이올, 글리세린, 메틸프로판다이올, 글리세레스-26, 트로메타민, 카프릴릴글라이콜, 클로렐라 불가리스추출물, 글루코오스, 판테놀, 부틸렌글라이콜, 프룩토올리고사카라이드, 프룩토오스, 옥틸도데세스-16, 트라이소듐에틸렌다이아민다이석시네이트, 에틸헥실글리세린, 소듐파이테이트, 다이프로필렌글라이콜, 알란토인, 하이드록시아세토페논, 폴리글리세릴-10라우레이트, 소듐헤파린, 백미꽃추출물, 접시꽃추출물, 카프릴로일살리실릭애씨드, 쑥잎추출물, 토코페롤, 4-터피네올, 펜틸렌글라이콜, 카프릴릴/카프릴글루코사이드, 하이드로제네이티드레시틴, 세라마이드엔피"
"A000000223425","[미백/잡티케어] 달바 비타 토닝 세럼 토너 180ml","달바","180.0","180.0","ml","29900","20900","1161.1","정제수, 비타민나무수(117,600ppm), 다이프로필렌글라이콜, 글리세레스-26, 1,2-헥산다이올, 나이아신아마이드(20,000ppm), 글리세린, 메틸글루세스-20, 폴리글리세릴-10라우레이트, 세테아릴알코올, 베타인, 트로메타민, 아크릴레이트/C10-30알킬아크릴레이트크로스폴리머, 에틸헥실글리세린, 아데노신, 인도멀구슬나무꽃추출물, 홀리바질잎추출물, 인도멀구슬나무잎추출물, 소듐하이알루로네이트, 판테놀(100ppm), 하이드롤라이즈드하이알루로닉애씨드, 병풀추출물, 콜라겐추출물, 부틸렌글라이콜, 울금뿌리추출물, 참산호말추출물, 카카오추출물, 덱스트린, 효모발효여과물, 폴리쿼터늄-51, 하이드로제네이티드레시틴, 글루타티온, 아이비고드열매추출물, 흰서양송로추출물, 아마씨추출물, 아보카도오일, 올리브오일, 달맞이꽃오일, 알바수련꽃추출물, 사과추출물, 마카다미아씨오일, 비타민나무열매오일, 해바라기씨오일, 돌콩오일, 세라마이드엔피, 동백나무씨오일, 레몬머틀잎오일, 아스코빅애씨드(1,000ppb), 하이드롤라이즈드콩단백질, 하이드롤라이즈드쌀단백질, 하이드롤라이즈드감자단백질, 하이드롤라이즈드완두콩단백질, 하이드롤라이즈드루핀단백질, 하이드롤라이즈드귀리단백질, 하이드롤라이즈드옥수수단백질, 하이드롤라이즈드밀단백질, 하이드롤라이즈드스위트아몬드단백질, 하이드롤라이즈드보리단백질, 하이드롤라이즈드식물성단백질, 하이드롤라이즈드호호바단백질, 글라이코프로테인, 만노오스, 글루쿠로닉애씨드, 글루코오스, 토코페롤(0.003ppm), 향료, 리모넨, 헥실신남알, 리날룰"
"A000000143244","비오템옴므 아쿠아틱 로션 애프터 쉐이브 200ml","비오템","200.0","200.0","ml","61000","50630","2531.5","정제수, 변성알코올, 글리세린, 부틸렌글라이콜, 향료, 아크릴레이트/C10-30알킬아크릴레이트크로스폴리머, 피이지-60하이드로제네이티드캐스터오일, 헥실렌글라이콜, 알란토인, 비사볼올, 트리에탄올아민, 프로필렌글라이콜, 벤질살리실레이트, 프룩토오스, 글루코오스, 리날룰, 파네솔, 헥실신남알, 멘톡시프로판디올, 비트레오실라발효물, 우레아, 마그네슘글루코네이트, 부틸페닐메칠프로피오날, 쿠마린, 알파-이소메칠이오논, 벤질알코올, 벤질벤조에이트, 덱스트린, 리모넨, 징크글루코네이트, 헥실니코티네이트, 위치하젤추출물, 카퍼글루코네이트, 아스파틱애씨드, 알라닌, 글루타믹애씨드, 망가니즈글루코네이트, 슈크로오스"
"A000000139347","라로슈포제 똘러리앙 울트라 로션 200ML","라로슈포제","200.0","200.0","ml","","33000","1650.0","정제수 글리세린 다이프로필렌글라이콜 부틸렌글라이콜 프로필렌글라이콜 펜틸렌글라이콜 나이아신아마이드 카프릴릴글라이콜 시트릭애씨드 잔탄검"
"A000000255290","[쿨링진정/대용량]블랑네이처 9배 고농축 어성초 토너 300ml","블랑네이처","300.0","300.0","ml","38000","23900","796.7","정제수, 약모밀추출물(100,000 ppm), 부틸렌글라이콜, 1,2-헥산다이올, 나이아신아마이드, 글리세린, 판테놀, 카보머, 알지닌, 글루코노락톤, 다이포타슘글리시리제이트, 아데노신, 다이소듐이디티에이, 하이알루로닉애씨드, 녹차추출물, 병풀추출물, 파파야열매추출물, 매실추출물, 사과추출물, 포도추출물, 데실글루코사이드, 시트릭애씨드, 티트리잎추출물, 살리실릭애씨드, 에틸헥실글리세린, 병풀잎추출물, 오카무라큰실말추출물, 흰버드나무껍질추출물, 징크피씨에이, 4-터피네올, 커피콩추출물, 마데카소사이드, 마데카식애씨드, 아시아티코사이드, 아시아틱애씨드, 베르가모트잎추출물, 소나무잎추출물, 소듐디엔에이"
"A000000256752","이즈앤트리 초저분자 히아루론산 토너 300ml 리필기획 (+200ml 리필 + 미스트 펌프 + 늘어나는 화장솜)","이즈앤트리","300.0","500.0","ml","33500","22500","450.0","정제수, 메틸프로판다이올, 1,2-헥산다이올, 해수, 글리세린, 베타인, 알란토인, 부틸렌글라이콜, 카프릴릴글라이콜, 에틸헥실글리세린, 판테놀, 잔탄검, 말라카이트추출물, 다이소듐이디티에이, 하이드롤라이즈드하이알루로닉애씨드, 펜틸렌글라이콜, 자일리틸글루코사이드, 안하이드로자일리톨, 소듐하이알루로네이트, 자일리톨, 포타슘하이알루로네이트, 글루코오스, 다이메틸실란올하이알루로네이트, 소듐아세틸레이티드하이알루로네이트, 소듐하이알루로네이트크로스폴리머, 하이드록시프로필트라이모늄하이알루로네이트, 하이드롤라이즈드소듐하이알루로네이트, 하이드롤라이즈드칼슘하이알루로네이트, 하이알루로닉애씨드, 버지니아풍년화추출물, 소듐설페이티드하이알루로네이트, 편백잎추출물, 소듐스테아로일하이알루로네이트, 소듐올레오일하이알루로네이트

히아루론산 총량 140ppm*"
"A000000206025","[온라인몰 단독기획]유리아쥬 제모스 토너 500ml 2입 기획","유리아쥬","500.0","1000.0","ml","76000","45600","456.0","정제수, 온천수, 글리세린, 부틸렌글라이콜, 페녹시에탄올, 소듐하이알루로네이트, 피브이피, 벤조익애씨드, 트로메타민"
"A000000188874","[첫수분토너/대용량] 웰라쥬 리얼 히알루로닉 100 토너 300ml 기획 (+화장솜 60매)","웰라쥬","300.0","300.0","ml","","28000","933.3","하이드롤라이즈드하이알루로닉애씨드(932601.50052ppm), 글리세린, 프로판다이올, 하이드로제네이티드레시틴, 소듐하이알루로네이트(1.0052ppm), 1,2-헥산다이올, 알지닌, 벤질글라이콜, 베타인, 부틸렌글라이콜, 카프릴릴/카프릭트라이글리세라이드, 시트릭애씨드, 다이메틸실란올하이알루로네이트, 다이소듐이디티에이, 에틸헥실글리세린, 글라이신, 히스티딘, 하이알루로닉애씨드(1.00001ppm), 하이드롤라이즈드글라이코사미노글리칸(0.0056ppm), 하이드롤라이즈드소듐하이알루로네이트(1.5ppm), 하이드록시프로필트라이모늄하이알루로네이트(0.80012ppm), 라이소레시틴, 포타슘하이알루로네이트, 세린, 소듐아세틸레이티드하이알루로네이트(0.400002ppm), 소듐시트레이트, 소듐하이알루로네이트크로스폴리머(0.801ppm), 소듐하이알루로네이트다이메틸실란올, 소듐피씨에이, 소듐스테아로일글루타메이트, 수크로오스라우레이트, 토코페롤, 정제수, 잔탄검"
"A000000223334","[리뉴얼] 아벤느 핑크 수딩 토너 200ml 기획 (+화장솜)","아벤느","200.0","200.0","ml","29000","25900","1295.0","온천수(아벤느 온천수), 글리세린, 펜틸렌글라이콜, 시트릭애씨드, 코코-글루코사이드, 향료, 피씨에이, 폴리글리세릴-4카프레이트, 폴리글리세릴-6카프릴레이트, 소듐벤조에이트, 정제수"
"A000000229286","랑콤 토닉 꽁포르 토너 200ml/400ml","랑콤","200.0","600.0","ml","75000","61200","1020.0","정제수 글리세린 당아욱꽃/잎/줄기수 스쿠알란 하이드록시아세토페논 프로방스장미꽃수 카프릴릴글라이콜 아크릴레이트/C10-30알킬아크릴레이트크로스폴리머 클로페네신 소듐하이알루로네이트 소듐하이드록사이드 향료 시트릭애씨드 포타슘솔베이트 소듐벤조에이트"
"A000000213413","[조슈아PICK]리얼베리어 익스트림 에센스 토너 300ml 기획 (+익스트림 크림 25ml)","리얼베리어","300.0","325.0","ml","25000","17500","538.5","정제수, 글리세린, 프로판다이올, 다이메티콘, 해바라기씨오일, 글리세릴스테아레이트, 자일리톨, 소듐하이알루로네이트크로스폴리머, 하이드롤라이즈드글라이코사미노글리칸, 소듐하이알루로네이트, 하이드롤라이즈드하이알루로닉애씨드, 하이알루로닉애씨드, 부틸렌글라이콜, 솔비탄라우레이트, 하이드록시에틸셀룰로오스, 아세틸다이펩타이드-1세틸에스터, 판테놀, 베타-글루칸, 마데카소사이드, 미리스토일/팔미토일옥소스테아라마이드/아라카마이드엠이에이, 세라마이드엔피, 비스-카프릴로일옥시팔미타미도아이소프로판올, 자일리틸글루코사이드, 안하이드로자일리톨, 글루코오스, 알란토인, 폴리글리세릴-4카프레이트, 하이드록시프로필메틸셀룰로오스, 카보머, 소듐폴리아크릴레이트, 카프릴릭애씨드, 라즈베리케톤, 에틸헥실글리세린, 소듐파이테이트, 벤질글라이콜, 카프릴릴글라이콜, 1,2-헥산다이올, 스피어민트잎오일, 스피어민트추출물, 필리핀오렌지껍질오일, 센티드제라늄꽃오일, 타임오일, 유칼립투스잎오일, 바추잎잎추출물"
"A000000157178","[수분생기] 라운드랩 자작나무 수분 토너 1+1 기획 (300ml+300ml)","라운드랩","300.0","600.0","ml","24000","23800","396.7","정제수, 글리세린, 프로판다이올, 글리세레스-26, 펜틸렌글라이콜, 자작나무수액(10,000ppm), 1,2-헥산다이올, 아이리쉬모스추출물, 사탕수수추출물, 소듐하이알루로네이트, 하이알루로닉애씨드, 판테놀, 트로메타민, 다이포타슘글리시리제이트, 글리세릴카프릴레이트, 글리세릴글루코사이드, 부틸렌글라이콜, 아스코빅애씨드, 카보머, 잔탄검, 다이소듐이디티에이"
"A000000231891","[수지 PICK] 아누아 피디알엔 100 히알루론산 부스터 토너 250ml 기획 (+40ml)","아누아","250.0","290.0","ml","25000","16900","582.8","정제수, 부틸렌글라이콜, 글리세린, 펜틸렌글라이콜, 프로판다이올, 사탕수수추출물, 자일리틸글루코사이드, 돌콩추출물, 말라카이트추출물, 자일리톨, 인도멀구슬나무잎추출물, 백미꽃추출물, 인도멀구슬나무꽃추출물, 아이비고드열매추출물, 접시꽃추출물, 알로에베라꽃추출물, 하이드롤라이즈드하이알루로닉애씨드, 가지열매추출물, 홀리바질잎추출물, 참산호말추출물, 울금뿌리추출물, 1,2-헥산다이올, 베타인, 하이드록시아세토페논,판테놀, 에틸헥실글리세린, 안하이드로자일리톨, 알란토인, 소듐디엔에이, 다이프로필렌글라이콜, 옥탄다이올, 포스파티딜콜린, 토코페롤, 하이알루로닉애씨드/하이드롤라이즈드콜라겐크로스폴리머, C12-13알케스-9, 다이포타슘포스페이트, 아세틸글루타민, 카퍼트라이펩타이드-1, 셀룰로오스검, 다이소듐이디티에이, 잔탄검"
"A000000189488","[속보습루틴] 더랩바이블랑두 저분자 히알루론산 딥 토너 200ml + 50ml 기획","더랩바이블랑두","200.0","250.0","ml","23000","15990","639.6","정제수, 부틸렌글라이콜, 1,2-헥산다이올, 글리세린, 베타-글루칸, 베타인, 소듐하이알루로네이트(2,700 ppm), 판테놀, 솔비톨, 아세틸글루코사민, 글루쿠로닉애씨드, 알란토인, 토코페롤, 에틸헥실글리세린, 다이소듐이디티에이"
"A000000184790","[민감진정] 라운드랩 소나무 진정 시카 토너 250ml","라운드랩","250.0","250.0","ml","23000","19900","796.0","정제수, 프로판다이올, 글리세린, 부틸렌글라이콜, 1,2-헥산다이올, 하이알루로닉애씨드, 하이드롤라이즈드하이알루로닉애씨드, 소듐하이알루로네이트, 소나무잎추출물 (5,010ppm), 에틸헥실글리세린, 병풀추출물 (60.6ppm), 인도멀구슬나무잎추출물, 인도멀구슬나무꽃추출물, 글라이코프로테인 (1.002ppm), 글루코노락톤, 카프릴로일살리실릭애씨드, 소듐시트레이트, 하이드록시아세토페논, 아시아티코사이드 (0.0501ppm), 아시아틱애씨드 (0.0501ppm), 마데카소사이드 (0.0501ppm), 마데카식애씨드 (0.0501ppm), 다이소듐이디티에이, 시트릭애씨드"
"A000000246774","[더블기획/1등토너] 라운드랩 1025 독도 토너 300ml 더블 기획 (+말랑키링)","라운드랩","300.0","600.0","ml","41000","28000","466.7","정제수, 부틸렌글라이콜, 글리세린, 펜틸렌글라이콜, 프로판다이올, 아이리쉬모스추출물, 사탕수수추출물, 해수, 1,2-헥산다이올, 프로테아제, 베타인, 판테놀, 에틸헥실글리세린, 알란토인, 잔탄검, 다이소듐이디티에이"
"A000000250711","[화잘먹] 넘버즈인 3번 보들보들 퍼스트 결부스팅 토너 200ml 기획 (+50ml)","넘버즈인","200.0","250.0","ml","24000","18000","720.0","비피다발효용해물, 갈락토미세스발효여과물, 정제수, 부틸렌글라이콜, 다이글리세린, 나이아신아마이드, 펜틸렌글라이콜, 1,2-헥산다이올, 글리세린, 소듐하이알루로네이트, 황련추출물, 백미꽃추출물, 접시꽃추출물, 붉은토끼풀꽃추출물, 하이알루로닉애씨드, 하이드롤라이즈드하이알루로닉애씨드, 다이프로필렌글라이콜, 메틸프로판다이올, 라피노오스, 합성왁스, 프로판다이올, 스쿠알란, 아데노신, 하이드로제네이티드레시틴, 알란토인, 폴리글리세릴-10스테아레이트, 판테놀, 다이포타슘글리시리제이트, 세라마이드엔피, 콜레스테롤, 스테아릭애씨드, 에틸헥실글리세린, 팔미틱애씨드, 코직애씨드, 토코페롤, 아이소펜틸다이올, 바쿠치올, 하이드록시에틸셀룰로오스, 에틸헥실팔미테이트, 세틸에틸헥사노에이트, 폴리글리세릴-10올리에이트, 다이소듐이디티에이, 잔탄검, 카라멜"
"A000000158930","[보습폭탄] 빌리프 모이스춰라이징 밤 토너 200ml","빌리프","200.0","200.0","ml","36000","27600","1380.0","정제수, 변성알코올, 글리세린, 트라이에틸헥사노인, 카프릴릭/카프릭트라이글리세라이드, 다이프로필렌글라이콜, 1,2-헥산다이올, 하이드로제네이티드레시틴, 판테놀, 카보머, 트로메타민, C14-22알코올, 스쿠알란, 부틸렌글라이콜, 폴리솔베이트60, 마카다미아씨오일, 아라키딜글루코사이드, 시어버터, 글리세릴스테아레이트, 스테아릭애씨드, 세라마이드엔피, 콜레스테롤, 다이메티콘, 피이지-100스테아레이트, 레이디스맨틀잎추출물, 마시멜로뿌리추출물, 다마스크장미꽃추출물, 메도우스위트꽃추출물, 삼색제비꽃추출물, 포트마리골드꽃추출물, 귀리커넬추출물, 개박하추출물, 라즈베리잎추출물, 별꽃추출물, 와일드인디고뿌리추출물, 아이브라이트추출물, 서양측백나무잎추출물, 컴프리잎추출물, 서양톱풀꽃추출물, 붉은토끼풀꽃추출물, 조름나물잎추출물, 흰버드나무껍질추출물, 오렌지껍질오일, 라임전초오일, 센티드제라늄꽃오일, 로즈마리잎오일, 리모넨, 시트로넬올, 제라니올, 시트랄, 리날룰"
"A000000248586","[화잘먹/단독기획]폴라초이스 스킨 퍼펙팅 바하 리퀴드 엑스폴리언트 118ml 더블 기획","폴라초이스","118.0","236.0","ml","","54600","2313.6","정제수, 프로필렌글라이콜, 나이아신아마이드, 펜틸렌글라이콜, 글리세린, 살리실릭애씨드(0.5%), 흰버드나무껍질추출물(0.5%), 피이지/피피지-17/6코폴리머, 폴리솔베이트20, 비스-피이지-18메틸에터다이메틸실레인, 소듐파이테이트, 10-하이드록시데카노익애씨드, 알란토인, 다이포타슘글리시리제이트, 카프릴릴글라이콜, 페녹시에탄올, 클로페네신, 소듐하이드록사이드, 1,2-헥산다이올, 소듐하이알루로네이트, 비에이치티"
"A000000149122","바버501 애프터 쉐이브 165ml 2종 택1","바버501","165.0","165.0","ml","18900","16900","1024.2","에탄올, 정제수, 향료, 다이프로필렌글라이콜, 부틸렌글라이콜, 1,2-헥산다이올, 티트리꽃/잎/줄기추출물, 버지니아풍년화잎추출물, 병풀추출물, 녹차추출물, 판테놀, 멘틸락테이트, 알란토인, 글리세린, 티트리잎오일, 스피어민트잎오일, 카프릴릴글라이콜, 멘톨, 적색227호, 황색4호, 알파-아이소메틸아이오논, 벤질살리실레이트, 시트랄, 시트로넬올, 쿠마린, 헥실신남알, 리모넨, 리날룰"
"A000000153859","[100시간/보습지속] 아이소이 모이스춰닥터 장수진 수분토너 130ml","아이소이","130.0","130.0","ml","22000","16500","1269.2","정제수,글리세린,베타인,판테놀,소듐하이알루로네이트,하이드롤라이즈드하이알루로닉애씨드,하이알루로닉애씨드,소듐하이알루로네이트크로스폴리머,하이드롤라이즈드글라이코사미노글리칸,티트리잎추출물,쇠비름추출물,약모밀추출물,흰버드나무껍질추출물,오레가노잎추출물,편백잎추출물,락토바실러스/콩발효추출물,육계나무껍질추출물,셀룰로오스검,마카다미아씨오일,피토스핑고신,세라마이드엔피,부틸렌글라이콜,1,2-헥산다이올,프로판다이올,포트마리골드꽃추출물,자몽껍질오일,황금추출물,모란뿌리추출물,스페인감초뿌리추출물,하이드로제네이티드레시틴,리모넨"
"A000000182686","에스트라 테라크네365 하이드로 액티브 토너 200ml","에스트라","200.0","200.0","ml","30000","25500","1275.0","정제수, 부틸렌글라이콜, 글리세린, 나이아신아마이드, 아이소펜틸다이올, 베타인, 판테놀, 알란토인, 다이포타슘글리시리제이트, 잔탄검, 다이소듐이디티에이, 에틸헥실글리세린, 셀룰로오스검, 살리실릭애씨드, 징크클로라이드, 토코페롤"
"A000000221744","아벤느 이드랑스 딥모이스트 로션 200ml 기획 (+스킨케어 패드 10매입)","아벤느","200.0","200.0","ml","29000","25500","1275.0","아쿠아(아벤느 온천수) 글리세린 메틸글루세스-20,펜틸렌글라이콜,1,2-헥산다이올,베타인,피이지-40하이드로제네이티드캐스터오일,트레할로스,소듐시트레이트,다이소듐이디티에이,잔탄검,향료,시트릭애씨드,하이드록시에틸셀룰로오스,정제수,아이소세틸스테아로일스테아레이트,트라이에틸헥사노인,소듐하이알루로네이트,스쿠알란,피토스테롤55"
"A000000215222","[각질개선율191%]리쥬란 더마 힐러 모이스처 트리트먼트 토너 150ml","리쥬란","150.0","150.0","ml","28000","25200","1680.0","정제수, 1,2-헥산다이올, 알로에베라잎즙, 오이열매추출물,
글리세린, 귀리커넬추출물, 포트마리골드추출물, 부틸렌글라이콜,
석류추출물, 마트리카리아꽃추출물, 자몽껍질오일, 판테놀, 
하이알루로닉애씨드, 알란토인, 에틸헥실글리세린, 라미나리아
오크롤레우카추출물, 하이드롤라이즈드디엔에이, 카프릴릭/
카프릭트라이글리세라이드, 폴리솔베이트20, 시트릭애씨드, 
베타인, 스쿠알란, 트레할로오스, 우레아, 하이드로제네이티드
레시틴, 펜틸렌글라이콜, 세린, 세라마이드엔피, 글리세릴폴리
아크릴레이트, 알진, 카프릴릴글라이콜, 다이소듐포스페이트,
풀루란, 소듐하이알루로네이트, 올레익애씨드, 이눌린라우릴
카바메이트, 콜레스테롤, 포타슘포스페이트"
"A000000224583","[쿨링결광토너] 빌리프 아쿠아 밤 프로즌 토너 300ml 기획 (+토너 50ml, 크림 9ml 증정)","빌리프","300.0","359.0","ml","33000","25100","699.2","[본품/증정 동일 - 프로즌 토너]
정제수, 글리세린, 프로판다이올, 부틸렌글라이콜, 변성알코올, C12-15알킬벤조에이트, 1,2-헥산다이올, 판테놀, 자일리톨, 글루코노락톤, 소듐하이알루로네이트, 레몬밤꽃/잎/줄기수*, 로즈마리잎수*, 나이아신아마이드, 유칼립투스잎추출물*+, 폴스애플민트잎추출물*, 로즈힙열매추출물*, 타임잎추출물*, 토탄추출물+, 양버들껍질/싹/잎/잔가지추출물+, 프렌치로즈꽃추출물+, 흰서양송로추출물+, 비터오렌지꽃오일+, 카퍼트라이펩타이드-1, 폴리글리세릴-10스테아레이트, 폴리글리세릴-10올리에이트, 카프릴릭/카프릭트라이글리세라이드, 말라카이트추출물, 소듐시트레이트, 시트릭애씨드, 바이오사카라이드검-1, 카페인, 펜틸렌글라이콜, 에리스리톨, 에틸헥실글리세린, 글라이신, 메틸다이아이소프로필프로피온아마이드, 로즈마리잎오일**, 오렌지껍질오일**, 라임전초오일**, 센티드제라늄꽃오일**, 리모넨, 시트로넬올, 제라니올, 시트랄, 리날룰
*표시: belif original formula
+표시: 빌리프 프로 프로즌 콤플렉스
**표시: 식물 유래 향

[증정 - 프로즌 크림]
정제수, 부틸렌글라이콜, 카프릴릭/카프릭트라이글리세라이드, 1,2-헥산다이올, 베타인, 베헤닐알코올, 판테놀, 유칼립투스잎추출물*+, 폴스애플민트잎추출물*, 로즈힙열매추출물*, 레몬밤꽃/잎/줄기수*, 타임잎추출물*, 로즈마리잎수*, 비터오렌지꽃오일+, 토탄추출물+, 양버들껍질/싹/잎/잔가지추출물+, 프렌치로즈꽃추출물+, 흰서양송로추출물+, 자일리톨, 에리스리톨, 소듐하이알루로네이트, 카페인, 카퍼트라이펩타이드-1, 글라이신, 베타-글루칸, 나이아신아마이드, 글리세릴폴리메타크릴레이트, 트라이에틸헥사노인, 카보머, 다이메티콘, 다이실록세인, 트로메타민, 글리세린, 프로필렌글라이콜, 스테아릴다이메티콘, 락토바실러스/콩발효추출물, C30-45알킬다이메티콘, 토코페릴아세테이트, 효모/감자추출물발효여과물, 효모/보리씨발효여과물, 트라이소듐이디티에이, 말라카이트추출물, 메틸다이아이소프로필프로피온아마이드, 오렌지껍질오일**, 라임전초오일**, 센티드제라늄꽃오일**, 로즈마리잎오일**, 리모넨, 시트로넬올, 제라니올, 시트랄, 리날룰
*표시: belif original formula
+표시: 빌리프 프로 프로즌 콤플렉스
**표시: 식물 유래 향"
"A000000129474","코스알엑스 풀핏 프로폴리스 시너지 토너 280ml","코스알엑스","280.0","280.0","ml","22000","15800","564.3","프로폴리스추출물, 꿀추출물, 부틸렌글라이콜, 1,2-헥산다이올, 글리세린, 베타인, 결명씨추출물, 판테놀, 폴리글리세릴-10라우레이트, 폴리글리세릴-10미리스테이트, 에틸헥실글리세린, 소듐하이알루로네이트, 하이드록시에틸아크릴레이트/소듐아크릴로일다이메틸타우레이트코폴리머, 카프릴릭/카프릭트라이글리세라이드"
"A000000214134","[꽃잎 토너/피부 진정 케어] 키엘 칼렌듈라 꽃잎 토너 250ml(단품/기획)","키엘","250.0","250.0","ml","64000","50560","2022.4","정제수 프로필렌글라이콜 프로판다이올 페녹시에탄올 클로페네신 우엉뿌리추출물 다이소듐이디티에이 포트마리골드꽃추출물(0.0772%) 포트마리골드꽃(0.075%) 하이드롤라이즈드옥수수전분 알란토인 서양송악잎/줄기추출물 글리세린 마시멜로뿌리추출물 소듐하이드록사이드 시트릭애씨드"
"A000000139348","[대용량/속건조토너] 라로슈포제 똘러리앙 울트라 로션 400ML","라로슈포제","400.0","400.0","ml","","50000","1250.0","정제수 글리세린 다이프로필렌글라이콜 부틸렌글라이콜 프로필렌글라이콜 펜틸렌글라이콜 나이아신아마이드 카프릴릴글라이콜 시트릭애씨드 잔탄검"
"A000000254908","[NEW] 에스트라 아토베리어365 캡슐 토너 300ml","에스트라","300.0","300.0","ml","30000","24000","800.0","정제수, 부틸렌글라이콜, 글리세린, 프로필렌글라이콜, 1,2-헥산다이올, 글루코노락톤, 에틸헥실글리세린, 칼슘클로라이드, 만니톨, 셀룰로오스, 셀룰로오스검, 트로메타민, 세틸-피지하이드록시에틸팔미타마이드, 스테아릭애씨드, 젤란검, 소듐시트레이트, 소듐글루코네이트, 벤조익애씨드, 세라마이드엔피, 하이드로제네이티드레시틴, 소듐벤조에이트, 실리카, 콜레스테롤, 스핑고리피드, 소듐하이알루로네이트, 하이드록시프로필메틸셀룰로오스, 토코페롤"
"A000000248031","[리뉴얼/쫀쫀광채케어] 아임프롬 라이스 토너 150ml","아임프롬","150.0","150.0","ml","28000","23800","1586.7","정제수, 메틸프로판다이올, 트라이에틸헥사노인, 하이드로제네이티드폴리(C6-14올레핀), 1,2-헥산다이올, 나이아신아마이드, 펜틸렌글라이콜, 쌀추출물(7778ppm), 쇠비름추출물, 당느릅나무뿌리추출물, 쌀겨추출물(50ppm), 줄맨드라미씨추출물, 하이드로제네이티드레시틴, 글리세린, 폴리글리세릴-10미리스테이트, 부틸렌글라이콜, 에틸헥실글리세린, 아데노신, 셀룰로오스검, 카프릴릴글라이콜, 토코페롤"
"A000000222710","[수부지/기름종이 토너] 라네즈 젤 크림 스킨 170ml 기획 (+50ml)","라네즈","170.0","220.0","ml","33000","23760","1080.0","정제수, 프로판다이올, 글리세린, 1,2-헥산다이올, 나이아신아마이드, 다이프로필렌글라이콜, 아이소펜틸다이올, 폴리글리세린-3, 부틸렌글라이콜, 판테놀, 에틸헥실글리세린, 에틸헥실팔미테이트, 다이포타슘글리시리제이트, 잔탄검, 소듐글루코네이트, 만니톨, 타우린, 엑토인, 하이드로제네이티드레시틴, 아크릴레이트/스테아릴메타크릴레이트코폴리머, 흰목이버섯포자낭과추출물, 하이알루로닉애씨드, 펜틸렌글라이콜, 암모늄글리시리제이트, 은행나무잎추출물, 병풀꽃/잎/줄기추출물, 소듐메틸스테아로일타우레이트, 하이드롤라이즈드식물성단백질, 베타-글루칸, 세라마이드엔피, 카페인, 징크글루코네이트, 녹차추출물, 가시칠엽수씨추출물, 아세틸테트라펩타이드-11, 헥사펩타이드-9"
"A000000213492","[흔적미백]메디큐브 PDRN 핑크 시카 수딩 토너 250ml","메디큐브","250.0","250.0","ml","26500","15000","600.0","정제수, 부틸렌글라이콜, 글리세린, 나이아신아마이드, 1,2-헥산다이올, 자일리톨, 소듐디엔에이(1,000ppm), 소듐시트레이트, 알란토인, 에틸헥실글리세린, 카프릴릴글라이콜, 시트릭애씨드, 아데노신, 폴리글리세릴-10라우레이트, 다이소듐이디티에이, 폴리글리세릴-4라우레이트, 카프릴릴/카프릴글루코사이드, 사이아노코발아민, 글루코노락톤, 매실추출물, 사과추출물, 파파야열매추출물, 포도추출물, 병풀잎추출물(0.001ppm), 병풀추출물(0.001ppm), 소듐하이알루로네이트, 옥수수잎추출물, 카퍼트라이펩타이드-1, 아세틸헥사펩타이드-8, 팔미토일펜타펩타이드-4, 팔미토일테트라펩타이드-7, 팔미토일트라이펩타이드-1, 글라이신, 글루타믹애씨드, 알지닌"
"A000000199405","[속보습] 마녀공장 판테토인 에센스 토너 200ml","마녀공장","200.0","200.0","ml","21000","14600","730.0","정제수, 다이프로필렌글라이콜, 글리세린, 1,2-헥산다이올, 메틸프로판다이올, 네오펜틸글라이콜다이에틸헥사노에이트, 부틸렌글라이콜, 펜틸렌글라이콜, 폴리글리세릴-3메틸글루코오스다이스테아레이트, 베타인, 판테놀(4,000ppm), 하이드록시에틸아크릴레이트/소듐아크릴로일다이메틸타우레이트코폴리머, 폴리글리세릴-10라우레이트, 폴리글리세릴-10미리스테이트, 카프릴릴글라이콜, 퀸즈랜드넛오일, 엑토인(1,000ppm), 다이페닐다이메티콘, 아크릴레이트/C10-30알킬아크릴레이트크로스폴리머, 트라이에틸헥사노인, 하이드록시페닐프로파미도벤조익애씨드, 트로메타민, 세라마이드엔피, 피토스핑고신, 솔비탄아이소스테아레이트, 하이드로제네이티드레시틴, 백미꽃추출물, 아스코빌팔미테이트, 에틸헥실글리세린, 접시꽃추출물, 스쿠알란, 알란토인, 하이드롤라이즈드하이알루로닉애씨드, 칸디다 봄비콜라/글루코오스/메틸레이프씨데이트발효물, 해바라기씨오일, 프로판다이올, 소듐클로라이드, 소듐바이카보네이트, 칼슘클로라이드, 포타슘클로라이드"
"A000000232188","피지오겔 DMT 에센스 인 토너 200ml","피지오겔","200.0","200.0","ml","30000","21600","1080.0","정제수, 다이프로필렌글라이콜, 글리세린, 1,2-헥산다이올, 헥실데실에틸헥사노에이트, 펜타에리스리틸테트라에틸헥사노에이트, 변성알코올, 베타인, 사이클로펜타실록세인, 아크릴레이트/C10-30알킬아크릴레이트크로스폴리머, 트로메타민, 다이메티콘, 피토스테롤, 소듐하이알루로네이트, 트라이소듐이디티에이, 세린, 소듐피씨에이, 하이드록시에틸우레아, 알지닌, 카프릴릭/카프릭트라이글리세라이드, 스쿠알란"
"A000000243679","피지오겔 DMT 에센스 인 토너 200ml (+토너 50ml)","피지오겔","200.0","250.0","ml","30000","21600","864.0","정제수, 다이프로필렌글라이콜, 글리세린, 1,2-헥산다이올, 헥실데실에틸헥사노에이트, 펜타에리스리틸테트라에틸헥사노에이트, 변성알코올, 베타인, 사이클로펜타실록세인, 아크릴레이트/C10-30알킬아크릴레이트크로스폴리머, 트로메타민, 다이메티콘, 피토스테롤, 소듐하이알루로네이트, 트라이소듐이디티에이, 세린, 소듐피씨에이, 하이드록시에틸우레아, 알지닌, 카프릴릭/카프릭트라이글리세라이드, 스쿠알란"
"A000000257195","[NEW/리뷰이벤트] 비욘드 엔젤 아쿠아 이온 히알루 10% 수분 진정 토너 350ml","비욘드","350.0","350.0","ml","19900","12900","368.6","정제수, 하이드롤라이즈드하이알루로닉애씨드*(10.0207%), 글리세린, 다이프로필렌글라이콜, 부틸렌글라이콜, 프로판다이올, 펜틸렌글라이콜, 1,2-헥산다이올, 판테놀, 알란토인, 아데노신, 소듐시트레이트, 잔탄검, 트라이소듐이디티에이, 시트릭애씨드, 에틸헥실글리세린, 베타-글루칸, 소듐하이알루로네이트*(3.01 ppm), 글리세릴리놀리에이트, 수크로오스팔미테이트, 해바라기씨오일, 페러스설페이트*(0.1 ppm), 하이알루로닉애씨드*(0.1 ppm), 하이드롤라이즈드소듐하이알루로네이트*(0.1 ppm), 하이드록시프로필트라이모늄하이알루로네이트*(0.1 ppm), 망가니즈설페이트*(0.1 ppm), 소듐아세틸레이티드하이알루로네이트*(0.1 ppm), 소듐글루코네이트*(0.1ppm), 토코페롤, 글라이신, 마그네슘설페이트*(4.75 ppb), 징크글루코네이트*(4.75 ppb), 칼슘글루코네이트*(0.5 ppb), 카퍼글루코네이트*(0.5 ppb), 카퍼트라이펩타이드-1, 소듐하이알루로네이트크로스폴리머*(0.1 ppb)
*이온 히알루™"
"A000000124507","클럽맨피노드 오리지날 에프터쉐이브로션 177ml","클럽맨피노드","177.0","177.0","ml","","20000","1129.9","변성알코올, 정제수, 향료, 벤질알코올, 벤질벤조에이트, 벤질살리실레이트, 시트랄, 시트로넬올, 리모넨, 제라니올, 하이드록시시트로넬알, 리날룰, 참나무이끼추출물, 나무이끼추출물, 황색4호, 황색5호"
"A000000129444","[대용량] 이즈앤트리 히아루론산 토너 400ml","이즈앤트리","400.0","400.0","ml","29000","19300","482.5","정제수,프로판다이올,1,2-헥산다이올,소듐하이알루로네이트,트레할로오스,소듐피씨에이,글리세린,하이알루로닉애씨드,알로에베라잎추출물,접시꽃뿌리추출물,만주자작나무수액,쇠비름추출물,하이드롤라이즈드소듐하이알루로네이트,베타-글루칸,판테놀,펜틸렌글라이콜,카프릴릴글라이콜,부틸렌글라이콜"
"A000000002839","바이오더마 센시비오 토너 250ml","바이오더마","250.0","250.0","ml","29500","19000","760.0","정제수, 글리세린, 자일리톨, 폴리솔베이트20, 피이지-40하이드로제네이티드캐스터오일, 다이소듐이디티에이, 알란토인, 세트리모늄브로마이드, 프로필렌글라이콜, 오이열매추출물, 프룩토올리고사카라이드, 만니톨, 소듐하이드록사이드, 시트릭애씨드, 람노오스 ※제공된 성분은 동일 제품이라도 경우에 따라 변경될 수 있습니다. 최신정보는 제품 포장의 성분을 참고하시거나 본사 고객센터(02-523-7676)으로 연락 부탁 드립니다"
"A000000199153","[민감진정] 라운드랩 포 맨 소나무 진정 시카 토너 200ml","라운드랩","200.0","200.0","ml","25000","18500","925.0","정제수,글리세린,프로판다이올,하이알루로닉애씨드,하이드롤라이즈드하이알루로닉애씨드,소듐하이알루로네이트,인도멀구슬나무잎추출물,인도멀구슬나무꽃추출물,녹차추출물,오카무라큰실말추출물,흰버드나무껍질추출물,커피콩추출물,베르가모트잎추출물,글루코노락톤,카프릴로일살리실릭애씨드,감자꽃추출물,소나무잎추출물(1000.61ppm),알란토인,데실글루코사이드,병풀잎추출물,에틸헥실글리세린,부틸렌글라이콜,병풀추출물(0.01ppm),글라이코프로테인(0.0002ppm),아시아티코사이드(0.00001ppm),아시아틱애씨드(0.00001ppm),마데카소사이드(0.00001ppm),마데카식애씨드(0.00001ppm),글리세레스-25피씨에이아이소스테아레이트,1,2-헥산다이올,하이드록시아세토페논,잔탄검"
"A000000200039","[흔적미백] 넘버즈인 5번 글루타치온씨 비타수액 에센셜 토너 200ml","넘버즈인","200.0","200.0","ml","24000","18000","900.0","정제수,다이프로필렌글라이콜,글리세린,나이아신아마이드,1,2-헥산다이올,부틸렌글라이콜,폴리글리세린-3,비타민나무수,아크릴레이트/C10-30알킬아크릴레이트크로스폴리머,트로메타민,에리스리톨,펜틸렌글라이콜,3-O-에틸아스코빅애씨드,에틸헥실글리세린,폴리글리세릴-4카프레이트,아데노신,글루타티온,하이드로제네이티드레시틴,다이소듐이디티에이,마데카소사이드,황련뿌리추출물,데실글루코사이드,카프릴릴글라이콜,세라마이드엔피,아스코빅애씨드,비사보롤,판테놀,토코페롤,알부틴,아세틸헥사펩타이드-8,헥사펩타이드-9,노나펩타이드-1,팔미토일펜타펩타이드-4,팔미토일트라이펩타이드-1,팔미토일테트라펩타이드-7"
"A000000228333","토리든 밸런스풀 시카 각질 토너 250ml","토리든","250.0","250.0","ml","24000","18000","720.0","정제수, 프로판다이올, 글리세린, 글루코노락톤(30,000ppm), 1,2-헥산다이올, 메틸프로판다이올, 나이아신아마이드, 판테놀, 베타인살리실레이트, 병풀추출물(1,000ppm), 마데카식애씨드, 아시아티코사이드, 아시아틱애씨드, 마데카소사이드, 석시닉애씨드, 락틱애씨드, 카프릴로일살리실릭애씨드, 알란토인, 쓴풀추출물, 푸른연꽃추출물, 락토바실러스발효물, 접시꽃추출물, 병풀잎추출물, 흰버드나무껍질추출물, 토코페롤, 세라마이드엔피, 베타-글루칸, 포타슘하이드록사이드, 다이메틸설폰, 말토덱스트린, 비닐다이메티콘, 베타인, 하이드롤라이즈드스클레로튬검, 다이포타슘글리시리제이트, 석류과피추출물, 폴리글리세릴-10라우레이트, 폴리글리세릴-4라우레이트, 카프릴릴/카프릴글루코사이드, 하이드로제네이티드레시틴, 덱스트린, 부틸렌글라이콜, 폴리글리세릴-10올리에이트, 비피다발효용해물, 락토코쿠스발효용해물, 락토바실러스발효용해물, 다이프로필렌글라이콜, 에틸헥실글리세린, 잇꽃꽃추출물, 치자추출물"
"A000000116658","[빠른진정토너] 유리아쥬 배리어덤 시카 토너 250ml","유리아쥬","250.0","250.0","ml","28000","17910","716.4","정제수,온천수*,부틸렌글라이콜,글리세린,마그네슘알루미늄실리케이트,피이지-80글리세릴코코에이트,클로페네신,카퍼글루코네이트,소듐덱스트란설페이트,잔탄검,망가니즈글루코네이트,피브이피,징크글루코네이트,피토스핑고신,소듐하이드록사이드,아시아티코사이드 *250,000ppm"
"A000000214179","키엘 울트라 훼이셜 토너 250ml","키엘","250.0","250.0","ml","47000","37130","1485.2","정제수 글리세린 스쿠알란 페녹시에탄올 아크릴레이트/C10-30알킬아크릴레이트크로스폴리머 솔비탄올리에이트 다이카프릴릴에터 포타슘솔베이트 피이지-100스테아레이트 아스코빌글루코사이드 소듐하이드록사이드 토코페롤 소듐하이알루로네이트 스위트아몬드오일 살구씨오일 아보카도오일"
"A000000104167","크리니크 각질케어토너 2 200ml","크리니크","200.0","200.0","ml","43000","36550","1827.5","정제수, 변성알코올, 글리세린, 위치하젤, 아세틸글루코사민, 멘톨, 소듐하이알루로네이트, 트레할로스, 부틸렌글라이콜, 디소듐포스페이트, 페녹시에탄올, 자색401호, 적색201호, 적색227호 [ILN31414]

*제공된 성분은 동일 제품이라도 경우에 따라 변경될 수 있습니다.  최신정보는 제품 포장의 성분을 참고하시거나 본사 고객관리지원팀으로 연락 부탁 드립니다."
"A000000251203","바이오더마 세비엄 로션 200ml 기획 (+세비엄 젤무쌍 5ml*3) (2604)","바이오더마","200.0","205.0","ml","","35000","1707.3","정제수, 글리세린, 프로판다이올, 폴리솔베이트20, 살리실릭애씨드, 부틸렌글라이콜, 트라이소듐에틸렌다이아민다이석시네이트, 시트릭애씨드, 펜틸렌글라이콜, 소듐하이드록사이드, 말굽잔나비버섯추출물, 향료, 다이프로필렌글라이콜, 만니톨, 소듐메타바이설파이트, 자일리톨, 람노오스, 소듐하이알루로네이트, 잔탄검, 프로필갈레이트, 사코신, 아미노에탄설피닉애씨드 (BI 727 V2)"
"A000000154540","[수분진정/붉은기완화] 원씽 병풀 추출물 토너 150ml","원씽","150.0","150.0","ml","11500","9900","660.0","병풀추출물, 부틸렌글라이콜, 1,2-헥산다이올"
"A000000212792","[영양/부스팅토너] 셀리맥스 더 리얼 노니 수분 밸런싱 토너 320ml","셀리맥스","320.0","320.0","ml","","32000","1000.0","정제수, 부틸렌글라이콜, 1,2-헥산다이올, 하이드록시에틸우레아, 노니열매추출물(0.8%), 프로판다이올, 클로페네신, C12-14알케스-12, 글라이신, 베타인, 세린, 글루타믹애씨드, 알란토인, 다이소듐이디티에이, 아스파틱애씨드, 인도멀구슬나무잎추출물, 류신, 알라닌, 라이신, 로즈마리잎오일, 알지닌, 타이로신, 페닐알라닌, 프롤린, 트레오닌, 발린, 아이소류신, 인도멀구슬나무꽃추출물, 히스티딘, 카카오씨추출물, 시스테인, 메티오닌, 덱스트린, 카프릴릭/카프릭트라이글리세라이드, 노니씨오일(0.1ppm)"
"A000000260338","페이보릿 매일 크림 토너 160ml","페이보릿","160.0","160.0","ml","35000","31500","1968.8","정제수, 글리세린, 2,3-부탄다이올, 부틸렌글라이콜, 1,2-헥산다이올, 나이아신아마이드, 다이페닐다이메티콘, 트라이에틸헥사노인, 펜타에리스리틸테트라에틸헥사노에이트, 카프릴릭/카프릭트라이글리세라이드, 하이드로제네이티드레시틴, 베타인, 자일리틸글루코사이드, 폴리글리세릴-10라우레이트, 안하이드로자일리톨, C18-36애씨드트라이글리세라이드, 호호바에스터, 자일리톨, 아크릴레이트/C10-30알킬아크릴레이트크로스폴리머, 세라마이드엔피, 트로메타민, 판테놀, C12-18애씨드트라이글리세라이드, 스쿠알렌, 알란토인, 소듐스테아로일글루타메이트, 시트릭애씨드, 아데노신, 다이프로필렌글라이콜, 잔탄검, 글리세릴스테아레이트, 피토스테릴마카다미에이트, 올리브오일, 시어버터, 스쿠알란, 콜레스테롤, 세라마이드엔에스, 세라마이드에이에스, 세라마이드에이피, 피토스테롤, 소듐하이알루로네이트, 글리세릴글루코사이드, 토코페롤, 베타-글루칸, 폴리글루타믹애씨드, 하이드롤라이즈드하이알루로닉애씨드, 하이드롤라이즈드소듐하이알루로네이트, 하이알루로닉애씨드, 하이드록시프로필트라이모늄하이알루로네이트, 포타슘하이알루로네이트, 피토스핑고신, 펜틸렌글라이콜, 치커리뿌리추출물, 락토바실러스발효용해물, 락토코쿠스발효용해물, 소듐하이알루로네이트크로스폴리머, 소듐아세틸레이티드하이알루로네이트, 소듐피씨에이, 마그네슘설페이트, 락토바실러스발효물, 락토코쿠스발효물, 블루아가베잎추출물, 아티초크잎추출물, 세라마이드이오피, 다이소듐이디티에이, 에틸헥실글리세린"
"A000000198874","[속보습] 닥터지 더모이스처 배리어 D 리퀴드 토너 200ml 기획 (+100ml)","닥터지","200.0","300.0","ml","","31000","1033.3","정제수, 프로판다이올, 부틸렌글라이콜, 글리세레스-26, 베타인, 글리세린, 1,2-헥산다이올, 다이페닐다이메티콘, 트라이에틸헥사노인, 카보머, 카프릴릴글라이콜, C12-13파레스-9, 하이드로제네이티드레시틴, 카프릴릭/카프릭트라이글리세라이드, 판테놀, 아이소말트, 에틸헥실글리세린, 다이소듐이디티에이, 트로메타민, 폴리글리세릴-10스테아레이트, 폴리글리세릴-10올리에이트, 소듐하이알루로네이트, 세라마이드엔피, 올리브오일불검화물, 밀배아오일불검화물, 알루미늄/마그네슘하이드록사이드스테아레이트, 돌콩오일불검화물, 콜레스테롤, 팔미틱애씨드, 소듐스테아로일글루타메이트, 7-데하이드로콜레스테롤, 꽃가루추출물, 영하구기자추출물, 레시틴, 칼슘클로라이드, 피톨"
"A000000165355","AHC 허브솔루션 위치하젤 토너 500ml","AHC","500.0","500.0","ml","15000","13900","278.0","'정제수, 버지니아풍년화수(49,750mg), 글리세린, 다이프로필렌글라이콜, 에탄올, 펜틸렌글라이콜, 사과수, 밤부사 불가리스수, 소듐하이알루로네이트, 은행나무잎추출물 (0.005mg), 애플민트잎추출물(0.005mg), 부틸렌글라이콜, 프로판다이올, 피이지-60하이드로제네이티드캐스터오일, 옥틸도데세스-16, 트로메타민, 카프릴릴글라이콜, 1,2-헥산다이올, 글리세릴카프릴레이트, 폴리글루타믹애씨드, 에틸헥실글리세린, 카보머, 다이소듐이디티에이 ,페녹시에탄올, 향료"
"A000000191827","디마르3 시그니처 비트 로제 토너 150ml","디마르3","150.0","150.0","ml","31100","28900","1926.7","정제수, 글리세린, 부틸렌글라이콜, 글리세레스-26, 나이아신아마이드, 펜틸렌글라이콜, 클로렐라 불가리스추출물, 소듐하이알루로네이트, 멕시칸주니퍼오일, 하이드롤라이즈드식물성단백질, 센티드제라늄꽃오일, 로즈마리잎오일, 베르가모트오일, 드럼스틱씨추출물, 블랙윌로우나무껍질추출물, 왕귤껍질오일, 에난티아 클로란타껍질추출물, 다이프로필렌글라이콜, 하이드록시에틸우레아, 1,2-헥산다이올, 베타인, 트레할로오스, 글루코오스, 카프릴릴글라이콜, 프룩토올리고사카라이드, 프룩토오스, 판테놀, 폴리글리세릴-10라우레이트, 프로판다이올, 아크릴레이트/C10-30알킬아크릴레이트크로스폴리머, 에틸헥실글리세린, 트로메타민, 아데노신, 엑토인, 소듐파이테이트, 말토덱스트린, 바이오사카라이드검-4, 락토바이오닉애씨드, 토코페롤, 올레아놀릭애씨드, 시트로넬올, 카라멜"
"A000000249480","글로우 레몬 비타민 토너 300ml","글로우","300.0","300.0","ml","32000","28800","960.0","정제수, 레몬수(153,450ppm), 글리세린, 부틸렌글라이콜,다이프로필렌글라이콜, 1,2-헥산다이올, 나이아신아마이드*,병풀추출물, 무화과추출물, 메도우폼씨오일,하이드로제네이티드레시틴, 소듐하이알루로네이트, 옥틸도데세스-16,소듐시트레이트, 에틸헥실글리세린, 폴리글리세릴-10스테아레이트,시트릭애씨드, 다이소듐이디티에이, 세라마이드엔피,3-0-에틸아스코빅애씨드, 토코페롤,다이메틸실란올하이알루로네이트, 레티닐팔미테이트*, 바이오틴*,사이아노코발아민"", 소듐아세틸레이티드하이알루로네이트,소듐아스코빌포스페이트, 소듐하이알루로네이트다이메틸실란올,
듐하이알루로네이트크로스폴리머, 아스코빅애씨드*,토코페릴아세테이트, 티아민에이치씨엘*, 판테놀,포타슘하이알루로네이트, 폴릭애씨드*, 피리독신*,하이드록시프로필트라이모늄하이알루로네이트,
하이드롤라이즈드소듐하이알루로네이트,하이드롤라이즈드하이알루로닉애씨드, 하이알루로닉애씨드, 향료"
"A000000228907","[올리브영 단독기획] 헤이네이처 어성초 스킨 모이스처라이저 토너 200ml 기획 (+어성초 마스크 2매)","헤이네이처","200.0","200.0","ml","","28000","1400.0","[토너]
정제수,약모밀수(20%),글리세린,부틸렌글라이콜,1,2-헥산다이올,판테놀,백미꽃추출물,마데카소사이드,아시아티코사이드,병풀추출물,녹차추출물
,황금추출물,스페인감초뿌리추출물,마트리카리아꽃추출물,로즈마리잎추출물,호장근뿌리추출물,프로판다이올,동충하초추출물,병풀잎추출물
,편백잎추출물,라벤더오일,흰버드나무껍질추출물,에틸헥실글리세린,쇠비름추출물,바실러스/소이빈발효추출물,효모발효물,아스퍼질러스발효물
,폴리글리세릴-10라우레이트,폴리글리세릴-10미리스테이트

[마스크]
정제수,약모밀수(5%),프로판다이올,글리세린,1,2-헥산다이올,베타인,판테놀,사철쑥추출물,시금치추출물,락토바실러스발효물
,효모발효물,아스퍼질러스발효물,피뿌리풀잎/줄기추출물,흰버드나무껍질추출물,병풀잎추출물,병풀추출물,녹차추출물,황금추출물
,스페인감초뿌리추출물,마트리카리아꽃추출물,로즈마리잎추출물,호장근뿌리추출물,알지닌,폴리글리세릴-10라우레이트,폴리글리세릴-10미리스테이트
,카보머,동충하초추출물,부틸렌글라이콜,알란토인,유향나무오일,에틸헥실글리세린"
"A000000255442","스킨1004 마다가스카르 센텔라 히알루-테카 글래스 스킨 밀크 210ml","스킨1004","210.0","210.0","ml","32000","27200","1295.2","정제수, 다이페닐실록시페닐트라이메티콘, 펜타에리스리틸테트라에틸헥사노에이트, 부틸렌글라이콜, 다이프로필렌글라이콜, 1,2-헥산다이올, 글리세린, 나이아신아마이드, 펜틸렌글라이콜, 소듐스테아로일글루타메이트, 소듐하이알루로네이트, 병풀추출물, 세테아릴알코올, 하이드록시에틸아크릴레이트/소듐아크릴로일다이메틸타우레이트코폴리머, 아이리쉬모스추출물, 세테아릴올리베이트, 솔비탄올리베이트, 사탕수수추출물, 하이드로제네이티드레시틴, 아크릴레이트/C10-30알킬아크릴레이트크로스폴리머, 트로메타민, 마이크로크리스탈린셀룰로오스, 판테놀, 아데노신, 에틸헥실글리세린, 스핑고모나스발효추출물, 잔탄검, 소듐다이라우미도글루타미드라이신, 폴리솔베이트60, 솔비탄아이소스테아레이트, C12-13알케스-9, 셀룰로오스검, 바나나꽃추출물, 다마스크장미꽃수, 서양배추출물, 서양자두추출물, 에톡시다이글라이콜, 베타-글루칸, 멜론추출물, 서양송악잎/줄기추출물, 옥틸도데칸올, 아시아티코사이드, 아시아틱애씨드, 글라이코리피드, 마데카식애씨드, 토코페롤, 글라이신, 글루타믹애씨드, 알지닌, 피토스핑고신, 엑토인, 글루코노락톤, 마데카소사이드, 스쿠알란, 하이드록시에틸우레아, 하이드롤라이즈드콩단백질, 드럼스틱씨오일, 솔비탄라우레이트, 세라마이드엔피, 콜라겐, 류코노스톡/무발효여과물, 귀리펩타이드, 콜라겐추출물, 하이드록시에틸셀룰로오스, 아세틸다이펩타이드-1세틸에스터, 헥사펩타이드-2, 바이오틴, 노나펩타이드-1, 팔미토일펜타펩타이드-4"
"A000000168269","미구하라 울트라 화이트닝 퍼펙션 스킨 오리진 400ml","미구하라","400.0","400.0","ml","31000","26350","658.8","정제수, 글리세린, 프로판다이올, 나이아신아마이드, 메틸프로판다이올, 1,2-헥산다이올, 폴리글리세릴-10라우레이트, 부틸렌글라이콜, 소듐시트레이트, 시트릭애씨드, 암모늄아크릴로일다이메틸타우레이트/브이피코폴리머, 에틸헥실글리세린, 카라멜, 폴리쿼터늄-51, 녹차추출물, 소듐하이알루로네이트크로스폴리머, 하이드롤라이즈드글라이코사미노글리칸, 진흙버섯추출물, 소듐하이알루로네이트, 벤질글라이콜, 하이드롤라이즈드하이알루로닉애씨드, 카룸 페트로셀리눔추출물, 케일잎추출물, 바오밥나무씨추출물, 티트리추출물, 아티초크잎추출물, 오죽잎추출물, 브루셀스프라우트추출물, 멜론추출물, 라임추출물, 다시마추출물, 페퍼민트잎추출물, 키위추출물, 알로에잎추출물, 병풀추출물, 매실추출물, 오이열매추출물, 사막장미잎세포추출물, 노니열매추출물, 하이알루로닉애씨드, 라즈베리케톤, 리모넨, 향료"
"A000000141330","[각질쓱싹] 디오디너리 랙틱 애시드 5% + HA 30ml","디오디너리","30.0","30.0","ml","","12300","4100.0","정제수, 락틱애씨드, 글리세린, 펜틸렌글라이콜, 프로판다이올, 소듐하이알루로네이트크로스폴리머, 마운틴페퍼열매추출물, 마운틴페퍼잎추출물, 아라비아고무나무검, 잔탄검, 아이소세테스-20, 트라이소듐에틸렌다이아민다이석시네이트, 소듐하이드록사이드, 에틸헥실글리세린, 1,2-헥산다이올, 카프릴릴글라이콜"
"A000000181475","메이크프렘 인테카 진정 토너 200ml 기획(+리필 100ml+크림 31ml)","메이크프렘","200.0","331.0","ml","","26000","785.5","정제수, 다이프로필렌글라이콜, 부틸렌글라이콜, 나이아신아마이드, 1,2-헥산다이올, 하이드록시아세토페논, 글리세레스-25피씨에이아이소스테아레이트, 글리세린, 글루코노락톤, 프로판다이올, 에틸헥실글리세린, 아데노신, 병풀추출물, 다이소듐이디티에이, 잔탄검, 하이드롤라이즈드치자추출물, 하이드롤라이즈드맥아추출물, 하이드롤라이즈드삼색제비꽃추출물, 유칼립투스잎오일, 발삼아미리스껍질오일, 멕시칸주니퍼오일, 스피어민트잎오일, 하이알루로닉애씨드, 하이드롤라이즈드하이알루로닉애씨드, 라벤더오일, 소듐하이알루로네이트, 프로테아제, 아시아티코사이드, 아시아틱애씨드, 마데카식애씨드, 하이드로제네이티드레시틴, 육두구커넬오일, 베르가모트오일, 버지니아풍년화잎추출물, 칸디다 봄비콜라/글루코오스/메틸레이프씨데이트발효물, 해바라기씨오일, 에톡시다이글라이콜"
"A000000144551","[속보습장벽토너] 하다라보 고쿠쥰 로션 170mL","하다라보","170.0","170.0","ml","17000","11900","700.0","정제수, 부틸렌글라이콜, 글리세린, 1,2-헥산다이올, 다이글리세린, 피피지-10메틸글루코오스에터, 다이소듐석시네이트, 프로판다이올, 소듐하이알루로네이트, 다이소듐이디티에이, 하이드록시에틸셀룰로오스, 석시닉애씨드, 카프릴하이드록사믹애씨드, 하이드롤라이즈드하이알루로닉애씨드, 소듐아세틸레이티드하이알루로네이트, 락토코쿠스/하이알루로닉애씨드발효여과물"
"A000000151356","[속수분충전/매끈피부결] 셀퓨전씨 약산성 패리어 토너 300ml","셀퓨전씨","300.0","300.0","ml","","25000","833.3","레몬밤잎추출물 (50%), 정제수, 부틸렌글라이콜, 글리세린, 1,2-헥산다이올, 메틸글루세스-20, 글리세레스-26, 에틸헥실글리세린, 암모늄아크릴로일다이메틸타우레이트/브이피코폴리머, 소듐시트레이트, 시트릭애씨드, 트라이소듐이디티에이, 글루코노락톤, 소듐하이알루로네이트크로스폴리머, 하이드롤라이즈드하이알루로닉애씨드, 소듐하이알루로네이트, 로즈마리닉애씨드, 하이알루로닉애씨드"
"A000000222250","[모공속광] 이니스프리 레티놀 그린티 PDRN 스킨부스터 토너 170ml 기획 (+50ml)","이니스프리","170.0","220.0","ml","","25000","1136.4","정제수, 부틸렌글라이콜, 락토바실러스발효용해물(73,950ppm), 글리세린, 나이아신아마이드, 폴리글리세린-3, 1,2-헥산다이올, 프로판다이올, 피피지-13-데실테트라데세스-24, 돌콩오일, 에틸헥실글리세린, 판테놀, 아데노신, 소듐폴리아크릴레이트, 소듐메타포스페이트, 레티놀(333IU/g), 토코페롤, 소듐하이알루로네이트, 녹차추출물, 하이드롤라이즈드하이알루로닉애씨드, 소듐하이알루로네이트크로스폴리머, 하이알루로닉애씨드, 소듐아세틸레이티드하이알루로네이트"
"A000000261555","[NEW] 퍼셀 80억/mL 글루타치온 비타민 부스팅 토너 150ml","퍼셀","150.0","150.0","ml","","25000","1666.7","정제수, 글리세린, 펜틸렌글라이콜, 나이아신아마이드(20,000ppm), 2,3-부탄다이올, 소듐하이알루로네이트, 스핑고모나스발효추출물, 인도멀구슬나무꽃추출물, 홀리바질잎추출물, 인도멀구슬나무잎추출물, 울금뿌리추출물, 참산호말추출물, 자일로오스, 해바라기씨오일, 1,2-헥산다이올, 글루타티온(5,000ppm), 베타인, 트로메타민, 글루코노락톤, 하이드록시에틸아크릴레이트/소듐아크릴로일다이메틸타우레이트코폴리머, 에틸헥실글리세린, 소듐시트레이트, 3-O-에틸아스코빅애씨드, 시트릭애씨드, 소듐하이알루로네이트크로스폴리머, 부틸렌글라이콜, 하이드로제네이티드레시틴, 폴리글루타믹애씨드, 토코페롤(0.259ppm), 콜레스테롤, 다이포타슘글리시리제이트, 시스테인, 글라이신, 소듐코코일이세티오네이트"
"A000000175354","[보습세럼]닥터자르트 세라마이딘 스킨 베리어 세럼 토너 150ml","닥터자르트","150.0","150.0","ml","40000","24900","1660.0","정제수, 다이프로필렌글라이콜, 베타인, 프로판다이올, 변성알코올, 글라이코실트레할로오스, 글리세린, 1,2-헥산다이올, 판테놀, 펜틸렌글라이콜, 에리스리톨, 하이드로제네이티드스타치하이드롤리세이트, 트라이에틸헥사노인, 다이페닐다이메티콘, 폴리글리세릴-10미리스테이트, 세라마이드엔피, 수크로오스다이스테아레이트, 에틸헥실글리세린, 소듐하이알루로네이트, 카카오씨추출물, 센티드제라늄꽃오일, 올리브오일, 베르가모트오일, C12-14파레스-12, 하이드로제네이티드레시틴, 아크릴레이트/C10-30알킬아크릴레이트크로스폴리머, 트로메타민, 카보머, 글리세릴폴리메타크릴레이트, 글리세릴스테아레이트, 덱스트린, 살비아오일, 시트로넬올, 다이소듐이디티에이, 황색4호"
"A000000211164","[흔적미백] 넘버즈인 5번 글루타치온씨 비타수액 에센셜 토너 200ml 리필 기획(+200ml 리필)","넘버즈인","200.0","400.0","ml","36000","24900","622.5","정제수,다이프로필렌글라이콜,글리세린,나이아신아마이드,1,2-헥산다이올,부틸렌글라이콜,폴리글리세린-3,비타민나무수,아크릴레이트/C10-30알킬아크릴레이트크로스폴리머,트로메타민,에리스리톨,펜틸렌글라이콜,3-O-에틸아스코빅애씨드,에틸헥실글리세린,폴리글리세릴-4카프레이트,아데노신,글루타티온,하이드로제네이티드레시틴,다이소듐이디티에이,마데카소사이드,황련뿌리추출물,데실글루코사이드,카프릴릴글라이콜,세라마이드엔피,아스코빅애씨드,비사보롤,판테놀,토코페롤,알부틴,아세틸헥사펩타이드-8,헥사펩타이드-9,노나펩타이드-1,팔미토일펜타펩타이드-4,팔미토일트라이펩타이드-1,팔미토일테트라펩타이드-7"
"A000000180024","라로슈포제 시카플라스트 B5 스프레이 100ml","라로슈포제","100.0","100.0","ml","26000","23400","2340.0","정제수 글리세린 프로판다이올 판테놀 펜틸렌글라이콜 소듐시트레이트 만노오스 마데카소사이드 망가니즈글루코네이트 소듐클로라이드 코코-베타인 카퍼글루코네이트 카프릴릴글라이콜 시트릭애씨드 트라이소듐에틸렌다이아민다이석시네이트"
"A000000203170","식물나라 뽀얀쌀 맑은톤 토너 500mL","식물나라","500.0","500.0","ml","15800","10800","216.0","정제수, 프로판다이올, 다이프로필렌글라이콜, 나이아신아마이드, 1,2-헥산다이올, 글리세린, 다이페닐다이메티콘, 트라이에틸헥사노인, 베타인, 하이드로제네이티드레시틴, 폴리글리세릴-10라우레이트, 아크릴레이트/C10-30알킬아크릴레이트크로스폴리머, 트로메타민, 에틸헥실글리세린, 폴리우레탄-15, 부틸렌글라이콜, 다이소듐이디티에이, 쌀추출물, 하이드롤라이즈드쌀추출물, 쌀겨추출물, 쌀겨수, 무화과추출물, 당근추출물, 비타민나무열매추출물"
"A000000189404","디마르3 디엑스 시타듀 리엑팅 토너 2.0 150ml","디마르3","150.0","150.0","ml","29000","23200","1546.7","정제수, 프로판다이올, 글리세린, 1,2-헥산다이올, 나이아신아마이드, 부틸렌글라이콜, 병풀추출물, 무화과추출물, 귤껍질추출물, 로즈힙열매추출물, 레몬추출물, 당느릅나무뿌리추출물, 줄맨드라미씨추출물, 호장근뿌리추출물, 황금추출물, 녹차추출물, 감나무잎추출물, 스페인감초뿌리추출물, 세라마이드엔피, 세라마이드에이에스, 세라마이드에이피, 세라마이드엔에스, 세라마이드이오피, 소듐하이알루로네이트, 하이드록시프로필트라이모늄하이알루로네이트, 소듐아세틸레이티드하이알루로네이트, 하이드롤라이즈드하이알루로닉애씨드, 포타슘하이알루로네이트, 하이알루로닉애씨드, 트라이펩타이드-1, 아세틸헥사펩타이드-8, 카퍼트라이펩타이드-1, 팔미토일트라이펩타이드-1, 팔미토일펜타펩타이드-4, 포도추출물, 잇꽃꽃추출물, 커피콩추출물, 밤껍질추출물, 초피나무열매추출물, 로즈마리잎추출물, 마트리카리아꽃추출물, 퉁퉁마디추출물, 하이드로제네이티드레시틴, 센티드제라늄꽃오일, 오렌지껍질오일, 아라비안자스민꽃오일, C12-13알케스-9, 소듐아크릴릭애씨드/엠에이코폴리머, 아데노신, 카보머, 트로메타민, 카프릴릭/카프릭트라이글리세라이드, 다이프로필렌글라이콜, 글리세릴스테아레이트, 소듐하이알루로네이트크로스폴리머, 메틸다이하이드로자스모네이트, 콜레스테롤, 벤질아세테이트, 에틸렌브라실레이트, 다이소듐이디티에이, 에틸헥실글리세린, 카프릴릴글라이콜"
"A000000210924","[단독기획]인터미션 레스트업 세럼스킨 290ml","인터미션","290.0","290.0","ml","27200","23100","796.6","정제수, 부틸렌글라이콜, 글리세린, 나이아신아마이드, 1,2-헥산다이올, 병풀잎추출물, 트레할로오스, 알란토인, 에스에이치-올리고펩타이드-23에스피, 마데카소사이드, 아시아티코사이드, 마데카식애씨드, 아시아틱애씨드, 씨대퍼딜추출물, 소듐하이알루로네이트, 하이드롤라이즈드하이알루로닉애씨드, 하이드롤라이즈드소듐하이알루로네이트, 하이알루로닉애씨드, 하이드록시프로필트라이모늄하이알루로네이트, 포타슘하이알루로네이트, 펜틸렌글라이콜, 소듐하이알루로네이트크로스폴리머, 소듐아세틸레이티드하이알루로네이트, 세라마이드엔피, 마카다미아씨오일, 카프릴릭/카프릭트라이글리세라이드, 콜레스테롤, 유채스테롤, 하이드로제네이티드레시틴, 판테놀, 다이포타슘글리시리제이트, 스타아니스추출물, 아데노신, 셀룰로오스검, 잔탄검, 이눌린, 셀룰로오스, 글루코오스, 프룩토오스, 하이드록시에틸아크릴레이트/소듐아크릴로일다이메틸타우레이트코폴리머, 시트릭애씨드, 하이드록시아세토페논, 에틸헥실글리세린, 카프릴릴글라이콜, 다이소듐이디티에이"
"A000000201363","[매끈결] 아비브 부활초 파하 토너 스킨부스터 200ml","아비브","200.0","200.0","ml","","23000","1150.0","정제수, 프로판다이올, 부틸렌글라이콜, 글루코노락톤(50,000 ppm), 글리세린, 나이아신아마이드, 2,3-부탄다이올, 트로메타민, 1,2-헥산다이올, 다이프로필렌글라이콜, 글리세레스-26, 폴리아크릴레이트크로스폴리머-6, C12-14알케스-12, 하이드록시아세토페논, 하이드롤라이즈드스클레로튬검, 스핑고모나스발효추출물, 에틸헥실글리세린, 트루로즈오브예리코추출물(440 ppm), 아데노신, 락토바실러스발효물, 세틸에틸헥사노에이트, 다이소듐이디티에이, 폴리쿼터늄-51, 스쿠알란, 하이드로제네이티드레시틴, 카프릴릭/카프릭트라이글리세라이드, 덱스트린, 카카오추출물, 토코페롤, 판테놀, 소듐하이알루로네이트, 바쿠치올, 엑토인, 트레할로오스, 병풀추출물, 병풀잎추출물, 병풀뿌리추출물, 드럼스틱씨오일, 세라마이드엔피, 피토스핑고신, 옥틸도데칸올, 폴리글리세릴-10라우레이트, 포스파티딜콜린, 아시아티코사이드, 아시아틱애씨드, 마데카식애씨드, 글라이코리피드, 솔비톨, 비피다발효여과물, 마데카소사이드, 카퍼트라이펩타이드-1, 아세틸헥사펩타이드-8"
"A000000214672","[1+1/피지케어] 비플레인 녹두 모공 클리어링 라하 토너 265ml 기획 (+265ml 리필팩)","비플레인","265.0","530.0","ml","24000","22800","430.2","정제수, 글리세린, 부틸렌글라이콜, 1,2-헥산다이올, 솔비톨, 하이드록시아세토페논, 프로판다이올, 글리세레스-25피씨에이아이소스테아레이트, 에틸헥실글리세린, 소듐시트레이트, 시트릭애씨드, 다이소듐이디티에이, 메틸다이아이소프로필프로피온아마이드, 녹두추출물(200ppm), 잔탄검, 하이알루로닉애씨드, 하이드롤라이즈드하이알루로닉애씨드, 소듐하이알루로네이트, 카프릴로일살리실릭애씨드(10ppm), 글루코노락톤, 녹두씨추출물(5ppm), 글루코오스, 사과추출물, 밤껍질추출물, 감나무잎추출물, 파파인, 유채싹추출물, 브루셀스프라우트추출물, 해바라기싹추출물, 녹두싹추출물(0.1ppm), 밀싹추출물, 아세틸헥사펩타이드-8, 카퍼트라이펩타이드-1, 다이펩타이드다이아미노부티로일벤질아마이드다이아세테이트, 헥사펩타이드-9, 노나펩타이드-1, 팔미토일헥사펩타이드-12, 팔미토일펜타펩타이드-4, 팔미토일테트라펩타이드-7, 팔미토일트라이펩타이드-1, 팔미토일트라이펩타이드-5, 펜타펩타이드-3, 트라이펩타이드-1"
"A000000252696","[NEW/리뉴얼] 아누아 어성초 77 히알루론산 수분 진정 토너 350ml","아누아","350.0","350.0","ml","30500","22800","651.4","약모밀꽃/잎/줄기수(77%), 정제수, 1,2-헥산다이올, 글리세린, 글리세레스-26, 베타인, 펜틸렌글라이콜, 소듐시트레이트, 아이소펜틸다이올, 에틸헥실글리세린, 다이포타슘글리시리제이트, 시트릭애씨드, 아크릴레이트/C10-30알킬아크릴레이트크로스폴리머, 트로메타민, 판테놀, 소듐파이테이트, 알란토인, 소듐하이알루로네이트(1.1ppm), 약모밀소포(750ppb), 하이드롤라이즈드소듐하이알루로네이트(100.1ppb), 징크피씨에이, 하이드록시프로필트라이모늄하이알루로네이트(100ppb), 락토바실러스발효물, 소듐아세틸레이티드하이알루로네이트(10ppb), 하이드롤라이즈드하이알루로닉애씨드(10ppb), 아이소쿼시트린, 쿼세틴, 하이알루로닉애씨드(2.5ppb), 소듐하이알루로네이트크로스폴리머(1ppb), 포타슘하이알루로네이트(0.2ppb)"
"A000000164211","피지오겔 레드수딩 시카밸런스 토너 200ml","피지오겔","200.0","200.0","ml","28000","22400","1120.0","정제수, 부틸렌글라이콜, 1,2-헥산다이올, 프로판다이올, 글리세린, 나이아신아마이드, 판테놀, 알란토인, 카보머, 트로메타민, 마데카소사이드(250 ppm), 트라이소듐이디티에이, 사코신, 하이드록시에틸셀룰로오스, 아세타마이드엠이에이, 베타-글루칸, 팔미타마이드엠이에이, 스쿠알란, 아시아티코사이드(0.40 ppm), 마데카식애씨드(0.35 ppm), 아시아틱애씨드(0.25 ppm), 카프릴릭/카프릭트라이글리세라이드, 세라마이드엔피, 하이드로제네이티드레시틴"
"A000000248974","[NEW] rdrd 레드 애플 락토 진정 팝핑 토너 95g","rdrd","95.0","95.0","g(약 1ml 상당으로 근사)","28000","21900","2305.3","사과수 (766,202 ppm),트라이프로필렌글라이콜,글리세린,프로판다이올,부틸렌글라이콜,1,2-헥산다이올,판테놀,솔비톨,락토바실러스발효물 (9,790 ppm),C12-14알케스-12,정제수,에틸헥실글리세린,잔탄검,글루코오스,다이소듐이디티에이,사이아노코발아민,향료,사과추출물 (10 ppm),소듐하이알루로네이트,하이알루로닉애씨드,소듐하이알루로네이트크로스폴리머,하이드롤라이즈드소듐하이알루로네이트,하이드롤라이즈드하이알루로닉애씨드,소듐아세틸레이티드하이알루로네이트,하이드록시프로필트라이모늄하이알루로네이트,폴스애플민트잎추출물,녹차추출물,타임잎추출물"
"A000000183751","[시카보다 4배*강한] 한율 어린쑥 수분진정 토너 150ml","한율","150.0","150.0","ml","27000","21600","1440.0","정제수, 부틸렌글라이콜, 베타인, 글리세린, 황해쑥잎수(18,944 ppm), 1,2-헥산다이올, 판테놀(5,000 ppm), 피피지-13-데실테트라데세스-24, 2,3-부탄다이올, 향료, 에틸헥실글리세린, 잔탄검, 다이소듐이디티에이, 프로판다이올, 레시틴, 락토바실러스발효물, 이눌린라우릴카바메이트, 황해쑥잎추출물(10 ppm), 토코페롤, 병풀꽃/잎/줄기추출물"
"A000000255384","[쿨링화잘먹/버블토너] 더샘 스킨 프렙 쿨링 무스 토너 70ml","더샘","70.0","70.0","ml","14900","9900","1414.3","정제수, 다이메틸에터, 글리세린, 트라이프로필렌글라이콜, 프로판다이올, 1,2-헥산다이올, 폴리글리세릴-10라우레이트, 변성알코올, 트레할로오스, 풀루란, 카보머, 향료, 알지닌, 부틸렌글라이콜, 알란토인, 펜틸렌글라이콜, 빙하수, 다이포타슘글리시리제이트, 메틸다이아이소프로필프로피온아마이드, 소듐파이테이트, 카프릴릭/카프릭트라이글리세라이드, 소듐하이알루로네이트크로스폴리머, 멕시칸치아씨추출물, 병풀추출물, 약모밀추출물, 하이드롤라이즈드글라이코사미노글리칸, 소듐하이알루로네이트, 하이드로제네이티드레시틴, 에틸헥실글리세린, 감나무잎추출물, 자일리톨, 포도추출물, 벤질글라이콜, 잇꽃꽃추출물, 커피콩추출물, 호장근뿌리추출물, 녹차추출물, 밤껍질추출물, 초피나무열매추출물, 사과추출물, 하이드롤라이즈드하이알루로닉애씨드, 판테놀, 우르솔릭애씨드, 세라마이드엔피, 폴리글리세릴-3메틸글루코오스다이스테아레이트, 하이알루로닉애씨드, 라즈베리케톤"
"A000000170638","에센허브 티트리 90 카밍 토너 320ml","에센허브","320.0","320.0","ml","","21000","656.2","티트리잎추출물, 부틸렌글라이콜, 나이아신아마이드, 디프로필렌글라이콜, 디메칠이미다졸리디논쌀전분, 글리세린, 트레할로스, 베타인, 자몽추출물, 유자추출물, 유칼립투스잎추출물, 클로브꽃추출물, 고삼추출물, 알란토인, 티트리잎오일, 피피지-26-부테스-26, 피이지-40하이드로제네이티드캐스터오일, 1,2-헥산디올, 카프릴릴글라이콜, 아데노신, 팔각회향추출물, 디포타슘글리시리제이트, 시트릭애씨드, 멘톡시프로판디올, 슈가켈프추출물, 위치하젤잎수, 알로에베라잎추출물, 병풀추출물, 카페인, 토코페릴아세테이트, 디소듐이디티에이"
"A000000179255","[진정/속보습] 센텔리안24 마데카 데일리 리페어 토너 단독 기획 (150ml+50ml)","센텔리안24","150.0","200.0","ml","30000","20850","1042.5","락토바실러스/병풀추출발효여과물, 병풀추출물, 글리세린, 정제수, 부틸렌글라이콜, 나이아신아마이드, 펜틸렌글라이콜, 글리세레스-26, 다이페닐다이메티콘, 쇠비름추출물, 트라이에틸헥사노인, 병풀잎추출물, 무화과추출물, 매실추출물, 사과추출물, 파파야열매추출물, 포도추출물, 돌콩추출물, 하이드로제네이티드레시틴, 올리브오일, 병풀오일, 폴리글리세릴-10미리스테이트, 카보머, 트로메타민, 베타-글루칸, 글리세릴폴리메타크릴레이트, 아데노신, 다이소듐이디티에이, 에톡시다이글라이콜, 옥틸도데칸올, 마데카식애씨드, 아시아티코사이드, 글라이코리피드, C12-13파레스-9, 병풀아미노산, 아시아틱애씨드, 하이드롤라이즈드병풀단백질, 세라마이드엔피, 프로테아제, 베툴린, 프로판다이올, 알지닌, 암모늄아크릴로일다이메틸타우레이트/브이피코폴리머, 테트라하이드로피페린, 플로레틴, 1,2-헥산다이올, 피토스핑고신, 에틸헥실글리세린"
"A000000169683","[쿨링/진정] 차앤박 아쿠아 수딩 토너 200ml 1+1 기획","차앤박","200.0","400.0","ml","29500","20520","513.0","정제수, 프로판다이올, 다이프로필렌글라이콜, 에리스리톨, 피이지/피피지/폴리부틸렌글라이콜-8/5/3글리세린, 1,2-헥산다이올, 부틸렌글라이콜, 폴리솔베이트80, 판테놀, 소듐하이알루로네이트, 알란토인, 글리세린, 다이소듐이디티에이, 하이알루로닉애씨드, 트로메타민, 펜틸렌글라이콜, 향료, 말라카이트추출물, 마데카소사이드, 쇠비름추출물, 하이드록시페닐프로파미도벤조익애씨드, 판토락톤, 카프릴릭/카프릭트라이글리세라이드, 하이드로제네이티드레시틴, 글루코오스, 알지닌, 하이드록시프로필메틸셀룰로오스, 시트릭애씨드, 아스코빌팔미테이트, 칼슘카보네이트, 아세틸글루코사민, 아스코빅애씨드, 글루타티온, 리날룰"
"A000000221424","[대용량/수분광] 마몽드 플로라 글로우 로즈 워터 토너 500ml","마몽드","500.0","500.0","ml","25000","20000","400.0","다마스크장미꽃수(90%), 부틸렌글라이콜, 프로판다이올, 1,2-헥산다이올, 피피지-13-데실테트라데세스-24, 에틸헥실글리세린, 정제수, 카보머, 소듐메타포스페이트, 트로메타민, 알란토인, 향료, 하이드롤라이즈드식물성단백질, 토코페롤, 소듐하이알루로네이트, 하이드롤라이즈드하이알루로닉애씨드, 소듐하이알루로네이트크로스폴리머, 하이알루로닉애씨드, 소듐아세틸레이티드하이알루로네이트"
"A000000210050","아누아 복숭아 나이아신아마이드 에센스 토너 250mL","아누아","250.0","250.0","ml","25000","19500","780.0","복숭아수(77%), 2,3-부탄다이올, 정제수, 글리세린, 다이프로필렌글라이콜, 나이아신아마이드, 부틸렌글라이콜, 1,2-헥산다이올, 락토바실러스발효물, 메틸프로판다이올, 스트렙토코쿠스 테르모필루스발효물, 복숭아추출물(250ppm), 사과즙, 비피다발효용해물, 바실러스발효물, 진흙버섯추출물, 자일로오스, 갈락토미세스발효여과물, 알파-알부틴, 복사나무꽃추출물(1ppb), 소듐하이알루로네이트, 하이드롤라이즈드식물성단백질, 폴리글리세릴-10라우레이트, 프로판다이올, 스쿠알란, 아크릴레이트/C10-30알킬아크릴레이트크로스폴리머, 카프릴릭/카프릭트라이글리세라이드, 다이페닐다이메티콘, 트라이에틸헥사노인, 에틸헥실글리세린, 폴리글리세릴-10스테아레이트, 아데노신, 하이드로제네이티드레시틴, 다이포타슘글리시리제이트, 트로메타민, 소듐폴리아크릴레이트, 판테놀, 소듐하이알루로네이트크로스폴리머, 세라마이드엔피, 알란토인, 사이아노코발아민, 폴리글루타믹애씨드, 소듐스테아로일글루타메이트, 토코페롤, 베타인살리실레이트, 아스코빅애씨드, 아스코빌글루코사이드, 말토덱스트린, 글라이신, 세린, 글루타믹애씨드, 아스파틱애씨드, 류신, 알라닌, 라이신, 알지닌, 타이로신, 페닐알라닌, 프롤린, 트레오닌, 발린, 아이소류신, 히스티딘, 시스테인, 메티오닌, 잔탄검, 향료"
"A000000211858","[결청소토너] 딕셔니스트 아미노산 토너 250ml *","딕셔니스트","250.0","250.0","ml","30000","19500","780.0","정제수, 부틸렌글라이콜, 바실러스발효물, 나이아신아마이드, 1,2-헥산다이올, 락토바실러스/석류발효추출물, 무화과추출물, 귤껍질추출물, 폴리글루타믹애씨드, 살리실릭애씨드, 카프릴로일살리실릭애씨드, 글리세린, 프로판다이올, 시트릭애씨드, 소듐시트레이트, 하이드록시에틸셀룰로오스, 소듐폴리아크릴레이트, 글루코노락톤, 소듐파이테이트"
"A000000224040","아누아 라이스 70 글로우 밀키 토너 250ml","아누아","250.0","250.0","ml","25000","19500","780.0","쌀겨수, 부틸렌글라이콜, 글리세린, 다이프로필렌글라이콜, 나이아신아마이드, 프로판다이올, 정제수, 1,2- 헥산다이올, 메틸글루세스-20, 판테놀, 베타인, 쌀추출물, 하이드록시아세토페논, 다이페닐다이메티콘, 트라이에틸헥사노인, 하이드로제네이티드레시틴, 아데노신, 에틸헥실글리세린, 카보머, 트로메타민, 잔탄검, 글리세릴아크릴레이트/아크릴릭애씨드코폴리머, 카카오씨추출물, 소듐하이알루로네이트, 하이드롤라이즈드하이알루로닉애씨드, 하이알루로닉애씨드, 덱스트린, 하이드롤라이즈드쌀단백질, 쌀단백질, 세라마이드엔피, 소듐라우로일락틸레이트, 알부틴, 아스코빅애씨드, 알란토인, 세라마이드에이피, 피토스핑고신, 콜레스테롤, 세라마이드이오피"
"A000000231459","[NEW/뿌리는토너미스트] 허블룸 콤부차 플랜트 바이옴 토너 150ml","허블룸","150.0","150.0","ml","24000","19200","1280.0","정제수, 펜틸렌글라이콜, *글리세린, 프로 판다이올, *효모/자일리눔/홍차발효물(0.75%/ 7,500ppm), 부틸렌글라이콜, 카프릴릴글라이 콜, 폴리글리세릴-4카프레이트, 맥아추출물, 스위 트아몬드오일, 소듐하이알루로네이트, 분비나무 오일, 광곽향오일, 락토바실러스발효용해여과물, 유자껍질오일, 갈바눔수지오일, 멕시칸주니퍼 오일, 유칼립투스잎오일, 고삼뿌리추출물, 자란 뿌리추출물, 복사나무꽃추출물, 연꽃꽃추출물, 연꽃잎추출물, 접시꽃추출물, 트루구아이악목부오일, 호호바씨오일, 하이드로제네이티드레 시틴, 약모밀소포, 1,2-헥산다이올"
"A000000188048","브링그린 대나무 히알루 수분 토너 500mL","브링그린","500.0","500.0","ml","27000","18900","378.0","정제수, 부틸렌글라이콜, 글리세린, 1,2-헥산다이올, 판테놀, 왕대수액, 에틸헥실글리세린, 소듐하이알루로네이트, 잔탄검, 알란토인, 다이소듐이디티에이, 베타-글루칸, 접시꽃추출물, 토코페롤, 왕대추출물"
"A000000213097","[모공/진정케어] 조선미녀 맑은쌀채운 토너 150ml","조선미녀","150.0","150.0","ml","","18000","1200.0","정제수, 메틸프로판다이올, 프로판다이올, 1,2-헥산다이올, 글리세린, 글리세레스-26, 폴리메틸메타크릴레이트, 쌀추출물(0.1 %), 황련뿌리추출물, 당느릅나무뿌리추출물, 줄맨드라미씨추출물, 무화과추출물, 병풀추출물, 카카오씨추출물, 하이드로제네이티드레시틴, 소듐하이알루로네이트, 판테놀, 하이드록시에틸우레아, 알루미늄클로로하이드레이트, 부틸렌글라이콜, 마이크로크리스탈린셀룰로오스, 소듐시트레이트, 카올린, 에틸헥실글리세린, 다이포타슘글리시리제이트, 시트릭애씨드, 덱스트린, 세라마이드엔피, 토코페롤, 쌀아미노산(100 ppb)"
"A000000219387","[쿨링진정] 마몽드 카밍 샷 아줄렌 토너 300ml","마몽드","300.0","300.0","ml","20000","18000","600.0","마트리카리아꽃수, 정제수, 글리세린, 부틸렌글라이콜, 1,2-헥산다이올, 피피지-13-데실테트라데세스-24, 암모늄아크릴로일다이메틸타우레이트/브이피코폴리머, 나이아신아마이드, 에틸헥실글리세린, 소듐메타포스페이트, 소듐시트레이트, 시트릭애씨드, 구아이아줄렌(100ppm), 토코페롤"
"A000000260382","[NEW] 토리든 다이브인 저분자 히알루론산 스킨 부스터 200ml","토리든","200.0","200.0","ml","","18000","900.0","정제수, 부틸렌글라이콜, 글리세린, 1,2-헥산다이올, 카프릴릭/카프릭트라이글리세라이드, 세라마이드엔피, 피토스핑고신, 알란토인, 판테놀, 소듐하이알루로네이트, 하이드롤라이즈드하이알루로닉애씨드(200ppm), 소듐아세틸레이티드하이알루로네이트, 소듐하이알루로네이트크로스폴리머, 하이드롤라이즈드소듐하이알루로네이트, 엑토인, 감초추출물, 2,3-부탄다이올, 트레할로오스, 버지니아풍년화잎추출물, 캐모마일꽃추출물, 글리세레스-26, 펜틸렌글라이콜, 글리세릴아크릴레이트/아크릴릭애씨드코폴리머, 피브이엠/엠에이코폴리머, C14-22알코올, C12-20알킬글루코사이드, 아크릴레이트/C10-30알킬아크릴레이트크로스폴리머, 잔탄검, 트로메타민, 다이소듐이디티에이, 말라카이트추출물, 에틸헥실글리세린, 황금추출물, 모란뿌리추출물"
"A000000179544","[트러블완화/수분진정] 비플레인 시카테롤 토너 200ml","비플레인","200.0","200.0","ml","24000","16800","840.0","정제수, 프로판다이올, 병풀추출물(2%), 1,2-헥산다이올, 베타-시토스테롤"
"A000000016751","라끄베르 옴므 리차지 애프터쉐이브 185ml","라끄베르","185.0","185.0","ml","","16000","864.9","정제수, 변성알코올, 부틸렌글라이콜, 피이지-40하이드로제네이티드캐스터오일, 1,2-헥산다이올, 메틸파라벤, 옥틸도데세스-16, 베타인, 소듐시트레이트, 트라이소듐이디티에이, 시트릭애씨드, 소듐폴리아크릴레이트, 마카뿌리추출물, 판테놀, 솔비톨, 조류추출물, 보검선인장추출물, 페녹시에탄올, 포타슘솔베이트, 향료, 리날룰, 리모넨, 벤질벤조에이트, 알파-아이소메틸아이오논"
"A000000185156","라끄베르 옴므 리차지 시카 애프터쉐이브 185ml","라끄베르","185.0","185.0","ml","","16000","864.9","정제수 ,변성알코올 ,다이프로필렌글라이콜 ,글리세린 ,나이아신아마이드 ,1,2-헥산다이올 ,피이지-40하이드로제네이티드캐스터오일 ,메틸글루세스-20 ,판테놀(5000ppm) ,부틸렌글라이콜 ,마카뿌리추출물 ,아데노신 ,트로메타민 ,트라이소듐이디티에이 ,아크릴레이트/C10-30알킬아크릴레이트크로스폴리머 ,병풀잎추출물(100 ppm) ,소듐하이알루로네이트 ,잔탄검 ,솔비톨 ,다이포타슘글리시리제이트(10 ppm) ,귤껍질추출물 ,조류추출물 ,페녹시에탄올 ,포타슘솔베이트 ,향료 ,리날룰 ,리모넨 ,벤질벤조에이트 ,알파-아이소메틸아이오논"
"A000000161036","레이지소사이어티 시카 애프터쉐이브 토너 스프레이 120ml","레이지소사이어티","120.0","120.0","ml","","14900","1241.7","정제수, 에탄올, 프로판다이올, 1,2-헥산다이올, 멘톨, 병풀추출물(1,000ppm), 부틸렌글라이콜, 호호바씨오일, 세틸에틸헥사노에이트, 콘민트오일, 로즈마리잎오일, 유칼립투스잎오일, 클로페네신, 에틸헥실글리세린, 리모넨"
"A000000115384","[응급진정/유수분케어]로벡틴 시카케어 밸런싱 토너 260ml","로벡틴","260.0","260.0","ml","25000","13750","528.8","정제수, 다이프로필렌글라이콜, 글리세린, 메틸프로판다이올, 프로판다이올, 1,2-헥산다이올, C12-14파레스-12, 판테놀, 마데카소사이드, 병풀추출물, 서양송악잎/ 줄기추출물, 사과추출물, 커먼자스민꽃수, 들깨잎추출물, 쑥국화추출물, 글라이신, 세린, 글루타믹애씨드, 아스파틱애씨드, 류신, 알라닌, 라이신, 알지닌, 타이로신, 페닐알라닌, 프롤린, 트레오닌, 발린, 아이소류신, 히스티딘, 시스테인, 메티오닌, 다이소듐이디티에이, 비터아몬드커넬오일, 바닐라열매추출물, 부틸렌글라이콜"
"A000000158322","[톤/결개선] 원씽 나이아신아마이드 10% 토너 150ml","원씽","150.0","150.0","ml","14900","13400","893.3","나이아신아마이드, 부틸렌글라이콜, 1,2-헥산다이올, 에틸헥실글리세린, 정제수"
"A000000222697","[수분유산균/대용량] 스튜디오17 워터부스트 히알루론 수분토너 300ml","스튜디오17","300.0","300.0","ml","","12500","416.7","정제수, 1,2-헥산다이올, 다이프로필렌글라이콜, 글리세린, 베타인, 프로판다이올, 판테놀, 부틸렌글라이콜, 에틸헥실글리세린, 하이드록시에틸셀룰로오스, 자일리틸글루코사이드, 알지닌, 카보머, 안하이드로자일리톨, 다이소듐이디티에이, 자일리톨, 글루코오스, 검은귀리추출물, 레시틴, 락토바실러스발효용해물, 소듐하이알루로네 이트(110,000 ppb), 포타슘솔베이트, 잔탄검, 베타-글루칸, 다이소듐포 스페이트, 폴리솔베이트60, 약모밀추출물, 하이드록시프로필트라이모 늄하이알루로네이트(1,000 ppb), 시트릭애씨드, 소듐포스페이트, 하이 드롤라이즈드하이알루로닉애씨드(100 ppb), 소듐아세틸레이티드하이 알루로네이트(100 ppb), 하이알루로닉애씨드(25 ppb), 소듐하이알루 로네이트크로스폴리머(10 ppb), 포타슘하이알루로네이트(2 ppb)"
"A000000214992","[1등토너/리필] 라운드랩 1025 독도 토너 200ml 리필팩","라운드랩","200.0","200.0","ml","11900","10900","545.0","정제수, 부틸렌글라이콜, 글리세린, 펜틸렌글라이콜, 프로판다이올, 아이리쉬모스추출물, 사탕수수추출물, 해수, 1,2-헥산다이올, 프로테아제, 베타인, 판테놀, 에틸헥실글리세린, 알란토인, 잔탄검, 다이소듐이디티에이"
"A000000150815","[기름종이토너] 아크네스 세범 밸런싱 스킨 200ml","아크네스","200.0","200.0","ml","16500","9900","495.0","세범 밸런싱 스킨 2.0(본품):  정제수*, 메틸프로판다이올, 1,2-헥산다이올*, 부틸렌글라이콜*, 글리세레스-26, 실리카, 판테놀, 칼라민, 다이소듐이디티에이*, 시트릭애씨드, 소듐하이알루로네이트, 레시틴, 글리세린*, 프로판다이올, 소듐하이알루로네이트크로스폴리머, 스쿠알란*, 퀸즈랜드넛오일*, 티트리잎추출물, 펜틸렌글라이콜, 병풀추출물, 알루미늄수크로오스옥타설페이트*, 유채스테롤*, 콜레스테롤*, 폴리글리세릴-10올리에이트*, 피토스테릴/베헤닐/옥틸도데실라우로일글루타메이트*, 하이드롤라이즈드글라이코사미노글리칸, 소듐서팩틴*, 셀룰로오스*, 약모밀추출물, 벤질글라이콜, 하이드로제네이티드레시틴*, 하이드롤라이즈드하이알루로닉애씨드, 소듐하이드록사이드, 토코페롤, 에틸헥실글리세린, 징크옥사이드*, 하이알루로닉애씨드, 라즈베리케톤"
"A000000121269","싸이닉 더 심플 카밍 토너 145ml","싸이닉","145.0","145.0","ml","18000","7900","544.8","정제수, 글리세린, 프로판다이올, 1,2-헥산다이올, 글리세레스-26, 펜틸렌글라이콜, 알바수련꽃추출물, 알로에베라잎즙, 부틸렌글라이콜, 마데카소사이드, 소듐하이알루로네이트, 다이소듐이디티에이, 에칠헥실글리세린"
"A000000011084","엠도씨 릴리프 토닉 위드 애프터셰이브 150ml","엠도씨","150.0","150.0","ml","20000","17000","1133.3","정제수,사이클로펜타실록세인,글리세린,네오펜틸글라이콜다이헵타노에이트,메틸프로판다이올,하이드로제네이티드폴리(C6-14올레핀),쇠비름추출물,병풀추출물,무화과추출물,불등가사리추출물,칡뿌리추출물,스페인감초뿌리추출물,작약뿌리추출물,천궁뿌리추출물,녹차추출물,캐모마일꽃추출물,포도씨추출물,당느릅나무뿌리추출물,줄맨드라미씨추출물,블랙윌로우나무껍질추출물,알로에베라잎즙,수용성콜라겐,하이드로제네이티드레시틴,소듐하이알루로네이트,소듐폴리아크릴레이트,세틸알코올,베타인,부틸렌글라이콜,다이포타슘글리시리제이트,알란토인,아데노신,다이소듐이디티에이,잔탄검,세라마이드엔피,피피지-26-부테스-26,피이지-40하이드로제네이티드캐스터오일,향료,1,2-헥산다이올,페녹시에탄올,에틸헥실글리세린,아밀신남알,쿠마린,제라니올,부틸페닐메틸프로피오날,리날룰,시트로넬올,헥실신남알,리모넨,알파-아이소메틸아이오논"
"A000000011085","엠도씨 세붐 스트라이크 토너 150ml","엠도씨","150.0","150.0","ml","18000","15300","1020.0","정제수,에탄올,메틸프로판다이올,글리세린,알로에베라잎즙,베타인,병풀추출물,무화과추출물,녹차추출물,라임추출물,참당귀추출물,당근추출물,들깨잎추출물,보리지추출물,사탕무뿌리추출물,캐모마일꽃추출물,포트마리골드꽃추출물,당느릅나무뿌리추출물,줄맨드라미씨추출물,레몬밤꽃/잎/줄기수,버지니아풍년화꽃수,하이드로제네이티드레시틴,징크옥사이드,카올린,폴리메틸메타크릴레이트,알루미늄클로로하이드레이트,C12-14파레스-12,마이크로크리스탈린셀룰로오스,시트릭애씨드,부틸렌글라이콜,다이포타슘글리시리제이트,소듐시트레이트,실리카,살리실릭애씨드,세라마이드엔피,피이지-40하이드로제네이티드캐스터오일,향료,1,2-헥산다이올,페녹시에탄올,에틸헥실글리세린,리날룰,리모넨"
"A000000016873","[수분장벽토너] 유리아쥬 제모스 토너 250ml","유리아쥬","250.0","250.0","ml","28000","19900","796.0","정제수,온천수*,글리세린,부틸렌글라이콜,페녹시에탄올,소듐하이알루로네이트,피브이피,벤조익애씨드,트로메타민 *750,000ppm"
"A000000104144","크리니크 안티-블레미쉬 솔루션 클래리파잉 로션 200ml","크리니크","200.0","200.0","ml","44000","37400","1870.0","정제수, 변성알코올, 나일론-12, 부틸렌글라이콜, 살리실릭애씨드, 위치하젤, 슈가켈프추출물, 카페인, 슈크로오스, 글리세린, 아세틸글루코사민, 소르비톨, 바륨설페이트, 소듐바이카보네이트, 실리카, 디소듐이디티에이, 벤잘코늄클로라이드 [ILN32346]

*제공된 성분은 동일 제품이라도 경우에 따라 변경될 수 있습니다.  최신정보는 제품 포장의 성분을 참고하시거나 본사 고객관리지원팀으로 연락 부탁 드립니다."
"A000000104970","크리니크 포 맨 워터리 모이스춰 로션 200ml","크리니크","200.0","200.0","ml","50000","42500","2125.0","정제수, 부틸렌글라이콜, 글리세린, 멘톨, 오이추출물, 사과추출물, 황금추출물, 큰실말추출물 , 슈가켈프추출물, 트레할로스, 슈크로오스, 카페인, 아세틸글루코사민, 에르고치오네인 , 폴리소르베이트20, 카프릴릴글라이콜, 소듐하이알루로네이트, 덱스트린, 헥실렌글라이콜, 시트릭애씨드, 디소듐이디티에이, 소듐시트레이트, 페녹시에탄올 (iln40454)

*제공된 성분은 동일 제품이라도 경우에 따라 변경될 수 있습니다.  최신정보는 제품 포장의 성분을 참고하시거나 본사 고객관리지원팀으로 연락 부탁 드립니다."
"A000000104976","크리니크 포 맨 엑스폴리에이팅 토닉 200ml","크리니크","200.0","200.0","ml","43000","36550","1827.5","변성알코올, 정제수, 위치하젤, 부틸렌글라이콜, 살리실릭애씨드, 벤잘코늄클로라이드, 벤조페논-4, 소듐바이카보네이트, 디소듐이디티에이, 시트릭애씨드, 황색5호, 적색201호, 자색401호 (iln29486)

*제공된 성분은 동일 제품이라도 경우에 따라 변경될 수 있습니다.  최신정보는 제품 포장의 성분을 참고하시거나 본사 고객관리지원팀으로 연락 부탁 드립니다."
"A000000113008","셀린저 리얼 토너 씨벅톤 200ml","셀린저","200.0","200.0","ml","","10000","500.0","정제수, 글리세린, 1,2-헥산다이올, 비타민나무추출물"
"A000000113009","셀린저 리얼 토너 카렌듈라 200ml","셀린저","200.0","200.0","ml","","10000","500.0","정제수, 글리세린, 1,2-헥산다이올, 포트마리골드꽃추출물"
"A000000113010","셀린저 리얼 토너 티트리 200ml","셀린저","200.0","200.0","ml","","10000","500.0","정제수, 글리세린, 1,2-헥산다이올, 티트리추출물"
"A000000113011","셀린저 리얼 토너 센텔라아시아티카 200ml","셀린저","200.0","200.0","ml","","10000","500.0","정제수, 병풀잎추출물, 1,2-헥산다이올"
"A000000113012","셀린저 리얼 토너 200ml 5종 택1","셀린저","200.0","200.0","ml","","10000","500.0","리얼 토너 로즈: 정제수, 글리세린, 1,2-헥산다이올, 장미추출물
리얼 토너 센텔라아시아티카: 정제수, 병풀잎추출물, 1,2-헥산다이올
리얼 토너 씨벅톤: 정제수, 글리세린, 1,2-헥산다이올, 비타민나무추출물
리얼 토너 카렌듈라: 정제수, 글리세린, 1,2-헥산다이올, 포트마리골드꽃추출물
리얼 토너 티트리: 정제수, 글리세린, 1,2-헥산다이올, 티트리추출물"
"A000000113806","[응급진정토닉] 아이소이 아크니 닥터 1st 컨트롤 토닉 90ml","아이소이","90.0","90.0","ml","28800","21600","2400.0","정제수, 다마스크장미꽃수, 글리세린, 부틸렌글라이콜, 에탄올, 실새삼씨추출물, 다마스크장미꽃오일, 만난, 알란토인, 소듐하이알루로네이트, 흰버드나무잎추출물, 올리브나무잎추출물, 병풀추출물, 베타-글루칸, 스페인감초뿌리추출물, 쇠뜨기추출물, 유채추출물, 약모밀추출물(어성초추출물), 밤껍질추출물, 붉나무충영추출물, 황금추출물, 모란뿌리추출물, 시트로넬올, 제라니올 *아이소이에서 사용하는 에탄올은 식물발효성분입니다."
"A000000115420","[각질케어/청정피부] 셀퓨전씨 트리악 pH 컨디션 토너 200ml","셀퓨전씨","200.0","200.0","ml","24000","13900","695.0","정제수, 다이프로필렌글라이콜, 글리세린, 1,2-헥산다이올, 펙틴, 흰버드나무껍질추출물, 클로렐라 에메르소니이추출물, 메도우스위트추출물,산소, 히비스커스꽃추출물, 소듐하이알루로네이트, 페퍼민트오일, 로즈마리잎오일, 멕시칸주니퍼오일, 라벤더오일, 베르가모트오일, 소듐락테이트, 락틱애씨드, 세라마이드엔피, 하이드로제네이티드레시틴, 수크로오스스테아레이트,콜레스테롤, 콜레스테릴마카다미에이트, 스테아릭애씨드, 팔미틱애씨드, 하이드롤라이즈드루핀단백질, 사카라이드아이소머레이트, 카프릴릴글라이콜, 에틸헥실글리세린, 부틸렌글라이콜, 피이지-40하이드로제네이티드캐스터오일, 다이소듐이디티에이, 리모넨, 리날룰"
"A000000115910","[진정뿌토] 시카고 시카 엑스퍼트 미스트 토너 150ml","시카고","150.0","150.0","ml","","24000","1600.0","정제수, 글리세린, 베타인, 세리신, 벌사상자열매추출물, 겨우살이추출물, 편백잎추출물, 병풀추출물, 판테놀, 알란토인, 카보머, 알지닌, 밤껍질추출물, 화이트윌로우껍질추출물, 황금추출물, 모란뿌리추출물, 감초뿌리추출물, 베르가모트오일"
"A000000116659","[수분장벽토너] 유리아쥬 제모스 토너 500ml","유리아쥬","500.0","500.0","ml","","38000","760.0","정제수,온천수*,글리세린,부틸렌글라이콜,페녹시에탄올,소듐하이알루로네이트,피브이피,벤조익애씨드,트로메타민 *1,500,000ppm"
"A000000117997","썸바이미 아하바하파하 30 데이즈 미라클 토너 150ml","썸바이미","150.0","150.0","ml","21600","15100","1006.7","정제수, 부틸렌글라이콜, 다이프로필렌글라이콜, 글리세린, 나이아신아마이드, 티트리잎수, 폴리글리세릴-4카프레이트, 파파야열매추출물, 에스큘렌타렌즈콩씨추출물, 버지니아풍년화추출물, 연꽃추출물, 금사연둥지추출물, 소듐하이알루로네이트, 프룩탄, 알란토인, 아데노신, 하이드록시에틸우레아, 자일리톨, 살리실릭애씨드(100 ppm), 락토바이오닉애씨드(100 ppm), 시트릭애씨드(500 ppm), 소듐시트레이트, 1,2-헥산다이올, 벤질글라이콜, 에틸헥실글리세린, 라즈베리케톤, 페퍼민트오일"
"A000000121246","싸이닉 더 심플 카밍 토너 145ml","싸이닉","145.0","145.0","ml","18000","7900","544.8","정제수, 글리세린, 프로판다이올, 1,2-헥산다이올, 글리세레스-26, 펜틸렌글라이콜, 알바수련꽃추출물, 알로에베라잎즙, 부틸렌글라이콜, 마데카소사이드, 소듐하이알루로네이트, 다이소듐이디티에이, 에칠헥실글리세린"
"A000000124495","클럽맨리저브 젠트진 에프터쉐이브 177ml","클럽맨피노드","177.0","177.0","ml","","20000","1129.9","변성알코올, 정제수, 향료, 벤질벤조에이트, 시트랄, 시트로넬올, 쿠마린, 유제놀, 리모넨, 리날룰, 인도멀구슬나무꽃추출물, 인도멀구슬나무잎추출물"
"A000000124496","클럽맨리저브 브랜디스파이스 에프터쉐이브 50ml","클럽맨피노드","50.0","50.0","ml","","9000","1800.0","변성알코올, 정제수, 향료, 리모넨, 한련초추출물, 황색5호"
"A000000124499","클럽맨리저브 브랜디스파이스 에프터쉐이브 177ml","클럽맨피노드","177.0","177.0","ml","","20000","1129.9","변성알코올, 정제수, 향료, 리모넨, 한련초추출물, 황색5호"
"A000000124501","클럽맨리저브 위스키우즈 에프터쉐이브 50ml","클럽맨피노드","50.0","50.0","ml","","9000","1800.0","변성알코올, 정제수, 향료, 벤질벤조에이트, 시트랄, 시트로넬올,신남알,쿠마린, 유제놀,리모넨, 리날룰, 청색1호, 적색504호, 황색4호"
"A000000124502","클럽맨리저브 위스키우즈 에프터쉐이브 177ml","클럽맨피노드","177.0","177.0","ml","","20000","1129.9","변성알코올, 정제수, 향료, 벤질벤조에이트, 시트랄, 시트로넬올,신남알,쿠마린, 유제놀,리모넨, 리날룰, 청색1호, 적색504호, 황색4호"
"A000000124503","클럽맨피노드 오리지날 에프터쉐이브로션 50ml","클럽맨피노드","50.0","50.0","ml","","9000","1800.0","변성알코올, 정제수, 향료, 벤질알코올, 벤질벤조에이트, 벤질살리실레이트, 시트랄, 시트로넬올, 리모넨, 제라니올, 하이드록시시트로넬알, 리날룰, 참나무이끼추출물, 나무이끼추출물, 황색4호, 황색5호"
"A000000124509","클럽맨피노드 머스크 에프터쉐이브코롱 177ml","클럽맨피노드","177.0","177.0","ml","","20000","1129.9","변성알코올, 정제수, 향료, 벤질알코올, 벤질살리실레이트, 시트랄, 시트로넬올, 참나무이끼추출물, 제라니올, 하이드록시시트로넬알, 리모넨, 리날룰, 적색227호, 황색5호"
"A000000125507","[1등토너]라운드랩 1025 독도 토너 200ml","라운드랩","200.0","200.0","ml","15000","13500","675.0","정제수, 부틸렌글라이콜, 글리세린, 펜틸렌글라이콜, 프로판다이올, 아이리쉬모스추출물, 사탕수수추출물, 해수, 1,2-헥산다이올, 프로테아제, 베타인, 판테놀, 에틸헥실글리세린, 알란토인, 잔탄검, 다이소듐이디티에이"
"A000000128107","닥터자르트 컨트롤에이 티트리먼트 토너 120ml (티트리 약산성 토너)","닥터자르트","120.0","120.0","ml","","24000","2000.0","정제수, 나이아신아마이드, 프로판다이올, 펜틸렌글라이콜, 쇠비름추출물, 티트리잎추출물, 병풀추출물, 무화과추출물, 녹차추출물, 버지니아풍년화추출물, 알로에베라잎추출물, 불등가사리추출물, 캐모마일꽃추출물, 실론시나몬나무껍질추출물, 프랑스해안송껍질추출물, 티트리잎오일, 하이드로제네이티드레시틴, 잇꽃씨오일, 옥틸도데세스-16, 소듐시트레이트, 스페인감초뿌리줄기/뿌리, 시트릭애씨드, 다이소듐이디티에이, 카프릴로일글라이신, 헥실렌글라이콜, 알란토인, 사코신, 세라마이드엔피, 살리실릭애씨드, 캠퍼, 실리카, 돌콩스테롤, 리놀레익애씨드, 카프릴릭/카프릭트라이글리세라이드, 포스포리피드, 4-터피네올, 메틸메타크릴레이트크로스폴리머, 에틸헥실글리세린, 1,2-헥산다이올"
"A000000129443","이즈앤트리 히아루론산 토너 200ml","이즈앤트리","200.0","200.0","ml","16000","12000","600.0","정제수,프로판다이올,1,2-헥산다이올,소듐하이알루로네이트,트레할로오스,소듐피씨에이,글리세린,하이알루로닉애씨드,알로에베라잎추출물,접시꽃뿌리추출물,만주자작나무수액,쇠비름추출물,하이드롤라이즈드소듐하이알루로네이트,베타-글루칸,판테놀,펜틸렌글라이콜,카프릴릴글라이콜,부틸렌글라이콜"
"A000000130513","리우젤 에프터 쉐이브 스킨 2종","리우젤","","","","17000","15900","","변성알코올,정제수,향료,비스-피이지-18메틸에터다이메틸실레인,벤조페논-4,피이지-7아모다이메티콘,트라이데세스-10,리날룰,피이지-45M,리모넨,벤질살리실레이트,쿠마린,베헨트라이모늄클로라이드,알파-아이소메틸아이오논,부틸페닐메틸프로피오날,하이드록시프로필사이클로덱스트린,다이메티콘,유제놀,메틸아이오논,버지니아풍년화잎추출물,쐐기풀잎추출물,쇠뜨기추출물,로즈마리추출물,시트랄,등색205호"
"A000000136077","마녀공장 비피다 바이옴 앰플 토너 400ml","마녀공장","400.0","400.0","ml","","25000","625.0","정제수, 부틸렌글라이콜, 글리세린, 프로판다이올, 펜틸렌글라이콜, 1,2-헥산다이올, 아이리쉬모스추출물, 사탕수수추출물, 베타인, 판테놀, 에틸헥실글리세린, 카프릴릭/카프릭트라이글리세라이드, 클로렐라 불가리스추출물, 다이소듐이디티에이, 글루코오스, 잔탄검, 하이드로제네이티드레시틴, 프룩토올리고사카라이드, 프룩토오스, 비피다발효용해물(38ppm), 세라마이드엔피, 버지니아풍년화수, 토코페롤, 알란토인, 락토바실러스/호박발효추출물, 락토바이오닉애씨드, 소듐하이알루로네이트크로스폴리머, 자일리틸글루코사이드, 안하이드로자일리톨, 하이드롤라이즈드글라이코사미노글리칸, 소듐하이알루로네이트, 쿠티박테리움 그라눌로숨발효추출여과물(10ppb), 자일리톨, 벤질글라이콜, 비피다발효여과물(2ppb), 락토바실러스발효용해물, 락토코쿠스발효용해물, 효모발효여과물, 하이드롤라이즈드하이알루로닉애씨드, 하이알루로닉애씨드, 흰버드나무껍질추출물"
"A000000137388","[피지각질타파] 아크네스 포맨 퍼펙트 스킨 200ml","아크네스","200.0","200.0","ml","18000","10800","540.0","정제수, 메틸프로판다이올, 1,2-헥산다이올, 나이아신아마이드, 프로판다이올,글리세린, 병풀추출물, 무화과추출물, 쇠비름추출물, 로즈마리잎추출물, 마트리카리아꽃추출물, 당느릅나무뿌리추출물, 줄맨드라미씨추출물, 삼나무잎추출물, 연꽃잎추출물, 프랑스해안송껍질추출물, 하이드로제네이티드레시틴, 오렌지껍질오일, 팔마로사오일, 다마스크장미꽃오일, 옥틸도데세스-16, 부틸렌글라이콜, 글루코노락톤, 소듐시트레이트, 다이포타슘글리시리제이트, 아데노신, 시트릭애씨드, 다이소듐이디티에이, 살리실릭애씨드, 알란토인, 자일리틸글루코사이드, 안하이드로자일리톨, 세라마이드엔피, 자일리톨, 마데카소사이드, 글루코오스, 효모발효여과물, 하이드록시아세토페논, 에틸헥실글리세린, 리모넨, 제라니올

<증정품>
정제수, 작약나무껍질/수액추출물, 메틸프로판다이올, 사이클로펜타실록세인, 1,2-헥산다이올, 글리세린, 나이아신아마이드, 에틸헥실스테아레이트, 세테아릴알코올, 폴리솔베이트60, 다시마추출물, 한련초잎추출물, 병풀추출물, 무화과추출물, 올레라케아아크멜라추출물, 프랑스해안송껍질/싹추출물, 당느릅나무뿌리추출물, 줄맨드라미씨추출물, 삼나무잎추출물, 연꽃잎추출물, 프랑스해안송껍질추출물, 오렌지껍질오일, 하이드로제네이티드레시틴, 팔마로사오일, 다마스크장미꽃오일, 글리세릴스테아레이트, 다이메티콘, 솔비탄스테아레이트, 실리카, 부틸렌글라이콜, 자일리틸글루코사이드, 안하이드로자일리톨, 팔미틱애씨드, 스테아릭애씨드, 하이드로제네이티드코코넛오일, 자일리톨, 카보머, 트로메타민, 하이드로제네이티드팜커넬오일, 토코페릴아세테이트, 아데노신, 글루코오스, 셀룰로오스검, 하이드로제네이티드팜오일, 다이소듐이디티에이, 프룩토올리고사카라이드, 글루코노락톤, 베타-글루칸, 알란토인, 효모발효여과물, 미리스틱애씨드, 하이드롤라이즈드하이알루로닉애씨드, 세라마이드엔피, 마데카소사이드, 에틸헥실글리세린, 리모넨, 제라니올"
"A000000137445","비오템 옴므 아쿠아파워 토너 200ml","비오템","200.0","200.0","ml","63000","52290","2614.5","정제수, 변성알코올, 글리세린, 부틸렌글라이콜, 디메치콘, 이소도데칸, 펜타에리스리틸테트라에칠헥사노에이트, 페녹시에탄올, 향료, 헥실렌글라이콜, 아크릴레이트/C10-30알킬아크릴레이트크로스폴리머, 토코페릴아세테이트, 트리에탄올아민, 판테놀, 프룩토오스, 비에이치티, 글루코오스, 디메치콘올, 바이오사카라이드검-1, 아스코빌글루코사이드, 멘톡시프로판디올, 과물시계꽃씨오일, 행인오일, 옥수수오일, 비트레오실라발효물, 쌀겨오일, 리날룰, 리모넨, 우레아, 마그네슘피씨에이 포타슘피씨에이, 징크피씨에이, 2-올레아미도-1,3-옥타데칸디올, 부틸페닐메칠프로피오날, 벤질살리실레이트, 덱스트린, 쿠마린, 시트로넬올, 하이드록시이소헥실3-사이클로헥센카복스알데하이드 카퍼피씨에이, 아스파틱애씨드, 알라닌, 망가니즈글루코네이트, 헥실니코티네이트, 글루타믹애씨드, 슈크로오스"
"A000000137657","[촉촉스킨] 라네즈옴므 액티브워터 스킨 180ml","라네즈","180.0","180.0","ml","26000","18200","1011.1","정제수, 변성알코올, 다이프로필렌글라이콜, 글리세린, 피이지/피피지-17/6코폴리머, 피이지-60하이드로제네이티드캐스터오일, 옥틸도데세스-16, 향료, 해수, 부틸렌글라이콜, 프로판다이올, 에틸헥실글리세린, 리날룰, 소듐메타포스페이트, 1,2-헥산다이올, 리모넨, 헥실신남알, 바이오사카라이드검-1, 펜틸렌글라이콜, 알파-아이소메틸아이오논, 삼백초추출물, 꽃생강뿌리추출물, 마그네슘아스파테이트, 징크글루코네이트, 페녹시에탄올, 토코페롤, 칼슘글루코네이트, 카퍼글루코네이트, 다이소듐이디티에이"
"A000000141327","[각질쓱싹] 디오디너리 랙틱 애시드 10% + HA 30ml","디오디너리","30.0","30.0","ml","","14000","4666.7","정제수, 락틱애씨드, 글리세린, 펜틸렌글라이콜, 프로판다이올, 소듐하이드록사이드, 소듐하이알루로네이트크로스폴리머, 마운틴페퍼열매추출물, 마운틴페퍼잎추출물, 아라비아고무나무검, 잔탄검, 아이소세테스-20, 트라이소듐에틸렌다이아민다이석시네이트, 에틸헥실글리세린, 1,2-헥산다이올, 카프릴릴글라이콜"
"A000000141900","[1+1/모공케어] 유세린 더모리페어 솔루션 토너 200ml 더블 기획 (200ml+200ml)","유세린","200.0","600.0","ml","28000","26600","443.3","정제수, 다이프로필렌글라이콜, 페녹시에탄올, 글리세린, 1,2-헥산다이올, 글리세릴글루코사이드, 소듐시트레이트, 시트릭애씨드, 소듐하이알루로네이트, 트라이소듐이디티에이, 코카미도프로필베타인, 데실글루코사이드"
"A000000143193","[탄력스킨] 라네즈옴므 블루에너지 스킨토너 180ml","라네즈","180.0","180.0","ml","30000","21000","1166.7","해수, 에탄올, 프로판다이올, 부틸렌글라이콜, 베타인, 1,2-헥산다이올, 카프릴릭/카프릭트라이글리세라이드, 피피지-13-데실테트라데세스-24, 아크릴레이트/C10-30알킬아크릴레이트크로스폴리머, 향료, 트로메타민, 멘톡시프로판다이올, 에틸헥실글리세린, 아데노신, 다이소듐이디티에이, 정제수, 페녹시에탄올, 스피룰리나 플라텐시스추출물"
"A000000144052","폴라초이스 스킨 발란싱 포어-리듀싱 토너 190ml","폴라초이스","190.0","190.0","ml","43000","34400","1810.5","정제수, 글리세린, 부틸렌글라이콜, 나이아신아마이드, 폴리솔베이트20, 아데노신, 캐모마일꽃추출물, 우엉뿌리추출물, 하이드롤라이즈드호호바에스터, 소듐피씨에이, 판테놀, 소듐하이알루로네이트, 세라마이드엔피, 세라마이드에이피, 세라마이드이오피, 피토스핑고신, 콜레스테롤, 테트라헥실데실아스코베이트, 올레스-10, 소듐라우로일락틸레이트, 카프릴릴글라이콜, 헥실렌글라이콜, 소듐시트레이트, 잔탄검, 트라이소듐이디티에이, 페녹시에탄올"
"A000000144122","[속수분UP] 애즈이즈투비 히아루로닉 에센셜 토너 200ml","애즈이즈투비","200.0","200.0","ml","","22000","1100.0","정제수,부틸렌글라이콜,다이프로필렌글라이콜,글리세린,1,2-헥산다이올,베타인,락토바실러스발효물,페녹시에탄올,우레아,알란토인,판테놀,피이지-32,카보머,코세스-7,트라이에탄올아민,피피지-1-피이지-9라우릴글라이콜에터,아데노신,다이소듐이디티에이,다이포타슘글리시리제이트,소듐하이알루로네이트,피이지-40하이드로제네이티드캐스터오일,하이드록시에칠셀룰로오스,베타-글루칸,탱자추출물,맥아추출물,프리클리페어열매추출물,펜틸렌글라이콜,마트리카리아꽃추출물,라벤더꽃추출물,삼색제비꽃추출물,수레국화꽃추출물,카프릴릴글라이콜,알로에베라잎추출물,접시꽃추출물,에칠헥실글리세린,향료,하이드록시시트로넬알,부틸페닐메틸프로피오날,리날룰"
"A000000145833","플리프 시카-알로에 앰플 토너 200ml (여드름성피부추천)","플리프","200.0","200.0","ml","18000","15400","770.0","알로에베라잎추출물(82%), 병풀추출물(4%), 글리세린, 부틸렌글라이콜, 나이아신아마이드, 다이프로필렌글라이콜, 베타인, 트레할로오스, 판테놀, 바이오사카라이드검-1, 시트릭애씨드, 비피다발효여과물, 매실추출물, 연꽃추출물, 하이드로제네이티드레시틴, 마카다미아씨오일, 살비아잎추출물, 라벤더꽃추출물, 로즈마리추출물, 마트리카리아꽃추출물, 카멜그라스추출물, 세라마이드엔피, 스쿠알란, 세테아릴알코올, 소듐하이알루로네이트, 소듐하이알루로네이트크로스폴리머,하이드롤라이즈드하이알루로닉애씨드, 하이알루로닉애씨드, 하이드롤라이즈드소듐하이알루로네이트, 망고추출물, 얼룩파인애플추출물, 락토바실러스발효물, 폴리글리세릴-10올리에이트, 아시아티코사이드, 마데카식애씨드, 아시아틱애씨드, 하이드록시에틸아크릴레이트/소듐아크릴로일다이메틸타우레이트코폴리머, 카보머, 트로메타민, 다이소듐이디티에이, 하이드록시아세토페논, 1,2-헥산다이올, 에틸헥실글리세린"
"A000000146262","[8종히알루론산] 하다라보 고쿠쥰 프리미엄 로션 170mL","하다라보","170.0","170.0","ml","20000","14000","823.5","정제수, 부틸렌글라이콜, 펜틸렌글라이콜, 피피지-10메틸글루코오스에터, 다이프로필렌글라이콜, 다이글리세린, 하이드록시에틸우레아, 솔비톨, 카보머, 페녹시에탄올, 글라이코실트레할로오스, 다이소듐석시네이트, 프로판다이올, 소듐하이알루로네이트, 자일리틸글루코사이드, 하이드로제네이티드스타치하이드롤리세이트, 안하이드로자일리톨, 포타슘하이드록사이드, 아이소펜틸다이올, 다이소듐이디티에이, 석시닉애씨드, 자일리톨, 카프릴하이드록사믹애씨드, 잔탄검, 폴리쿼터늄-51, 하이드롤라이즈드하이알루로닉애씨드, C12-13알킬글리세릴하이드롤라이즈드하이알루로네이트, 소듐아세틸레이티드하이알루로네이트, 하이드롤라이즈드소듐하이알루로네이트, 락토코쿠스/하이알루로닉애씨드발효여과물, 하이드록시프로필트라이모늄하이알루로네이트, 아파노테케 사크룸엑소폴리사카라이즈, 소듐하이알루로네이트크로스폴리머"
"A000000147002","리우젤 에프터 쉐이브 우드&스파이스 스킨 2종","리우젤","","","","17000","15900","","변성알코올,정제수,향료,비스-피이지-18메틸에터다이메틸실레인,벤조페논-4,피이지-7아모다이메티콘,트라이데세스-10,리날룰,피이지-45M,리모넨,벤질살리실레이트,쿠마린,베헨트라이모늄클로라이드,알파-아이소메틸아이오논,부틸페닐메틸프로피오날,하이드록시프로필사이클로덱스트린,다이메티콘,유제놀,메틸아이오논,버지니아풍년화잎추출물,쐐기풀잎추출물,쇠뜨기추출물,로즈마리추출물,시트랄,등색205호"
"A000000147360","[화해1위/미백토너] 땡큐파머 강화교동쌀 맑음 에센셜토너 200ml","땡큐파머","200.0","200.0","ml","28000","21000","1050.0","정제수, 쌀추출물, 다이프로필렌글라이콜, 프로판다이올, 1,2-헥산다이올, 나이아신아마이드, 병풀추출물, 무화과추출물, 연꽃추출물, 당느릅나무뿌리추출물, 줄맨드라미씨추출물, 하이드로제네이티드레시틴, 수레국화꽃수, 글리세린, 다이페닐다이메티콘, 트라이에틸헥사노인, 폴리글리세릴-10미리스테이트, 아크릴레이트/C10-30알킬아크릴레이트크로스폴리머, 부틸렌글라이콜, 트로메타민, 다이소듐이디티에이, 세라마이드엔피, 에틸헥실글리세린"
"A000000147660","AHC 온리 포맨 토너 150ml","AHC","150.0","150.0","ml","25000","14900","993.3","정제수,글리세레스-26,부틸렌글라이콜,나이아신아마이드,상황버섯추출물,우엉추출물,카바잎/뿌리/줄기추출물,마치현추출물,칡뿌리추출물,감초추출물,작약추출물,천궁추출물,녹차추출물,검정콩추출물,베르가못잎추출물,블랙베리추출물,쌀추출물,참깨추출물,원지추출물,길경추출물,병풀추출물,빌베리열매/잎추출물,은행잎추출물,동백나무잎추출물,로케트잎추출물,밀싹추출물,브로콜리싹추출물,자주개자리잎추출물,사탕수수추출물,캐모마일꽃/잎추출물,레몬추출물,오렌지추출물,설탕단풍추출물,박하잎추출물,수용성콜라겐,알로에베라잎즙,소듐하이알루로네이트,수레국화꽃수,푸른연꽃수,하이드로제네이티드레시틴,글리세린,1,2-헥산디올,베타인,비스-피이지-18메칠에텔디메칠실란,코세스-7,피이지-40하이드로제네이티드캐스터오일,피피지-1-피이지-9라우릴글라이콜에텔,아크릴레이트/C10-30알킬아크릴레이트크로스폴리머,에칠헥실글리세린,트레할로스,트로메타민,알란토인,잔탄검,아데노신,소듐폴리아크릴레이트,피브이엠/엠에이코폴리머,크레아틴,향료,페녹시에탄올"
"A000000148252","[수분생기] 라운드랩 자작나무 수분 토너 300ml","라운드랩","300.0","300.0","ml","24000","15600","520.0","정제수, 글리세린, 프로판다이올, 글리세레스-26, 펜틸렌글라이콜, 자작나무수액(10,000ppm), 1,2-헥산다이올, 아이리쉬모스추출물, 사탕수수추출물, 소듐하이알루로네이트, 하이알루로닉애씨드,판테놀, 트로메타민, 다이포타슘글리시리제이트, 글리세릴카프릴레이트, 글리세릴글루코사이드, 부틸렌글라이콜, 아스코빅애씨드, 카보머, 잔탄검, 다이소듐이디티에이"
"A000000148285","[대용량/총500ml] 마녀공장 비피다 바이옴 앰플 토너 400ml+100ml 기획","마녀공장","500.0","500.0","ml","","25000","500.0","정제수, 부틸렌글라이콜, 글리세린, 프로판다이올, 펜틸렌글라이콜, 1,2-헥산다이올, 아이리쉬모스추출물, 사탕수수추출물, 베타인, 판테놀, 에틸헥실글리세린, 카프릴릭/카프릭트라이글리세라이드, 클로렐라 불가리스추출물, 다이소듐이디티에이, 글루코오스, 잔탄검, 하이드로제네이티드레시틴, 프룩토올리고사카라이드, 프룩토오스, 비피다발효용해물(38ppm), 세라마이드엔피, 버지니아풍년화수, 토코페롤, 알란토인, 락토바실러스/호박발효추출물, 락토바이오닉애씨드, 소듐하이알루로네이트크로스폴리머, 자일리틸글루코사이드, 안하이드로자일리톨, 하이드롤라이즈드글라이코사미노글리칸, 소듐하이알루로네이트, 쿠티박테리움 그라눌로숨발효추출여과물(10ppb), 자일리톨, 벤질글라이콜, 비피다발효여과물(2ppb), 락토바실러스발효용해물, 락토코쿠스발효용해물, 효모발효여과물, 하이드롤라이즈드하이알루로닉애씨드, 하이알루로닉애씨드, 흰버드나무껍질추출물"
"A000000152514","라로슈포제 에빠끌라 K(+) 토너 200ml (지성 피부)","라로슈포제","200.0","200.0","ml","","37000","1850.0","정제수 변성알코올 소듐시트레이트 글리세린 부틸렌글라이콜 포타슘알룸 살리실릭애씨드 실리카 페녹시에탄올 마그네슘알루미늄실리케이트 락틱애씨드 징크글루코네이트 카퍼글루코네이트"
"A000000154177","[진정/각질제거/대용량] 닥터지 레드 블레미쉬 클리어 수딩 토너 500ml","닥터지","500.0","500.0","ml","","39000","780.0","정제수, 다이프로필렌글라이콜, 프로판다이올, 펜틸렌글라이콜, 나이아신아마이드, 부틸렌글라이콜, 글리세린, 쇠비름추출물, 병풀추출물, 무화과추출물, 흰버드나무껍질추출물, 사탕수수추출물, 사과추출물, 케이프알로에잎추출물, 하이드로제네이티드레시틴, 판테놀, 라피노오스, 아크릴레이트/C10-30알킬아크릴레이트크로스폴리머, 트로메타민, 다이소듐이디티에이, 베타인, 베타-글루칸, 마데카소사이드, 세라마이드엔피, 마데카식애씨드, 아시아티코사이드, 아시아틱애씨드, 에틸헥실글리세린, 1,2-헥산다이올, 카프릴릴글라이콜"
"A000000154506","[트러블완화/진정] 원씽 어성초 추출물 토너 150ml","원씽","150.0","150.0","ml","11500","9900","660.0","어성초추출물, 부틸렌글라이콜, 1,2-헥산다이올"
"A000000155253","[수분진정] 아비브 어성초 카밍 토너 스킨부스터 더블 기획 (200ml+200ml)","아비브","200.0","400.0","ml","","39000","975.0","정제수, 글리세린, 부틸렌글라이콜, 펜틸렌글라이콜, 베타인, 1,2-헥산다이올, 자일리톨, 약모밀추출물(3,500 ppm), 판테놀, 에틸헥실글리세린, 소듐하이알루로네이트, 비피다발효용해물, 돌콩추출물, 다이소듐이디티에이, 하이드롤라이즈드하이알루로닉애씨드, 잔탄검, 옥탄다이올, 병풀추출물, 토코페롤, 인동덩굴꽃추출물, 황금추출물, 바이오사카라이드검-4, 파스향나무잎추출물"
"A000000155413","[뿌리는 쫀쫀거품 토너] 더말로지카 3 in 1 멀티-액티브 토너 50ml (쿨링/진정/수분)","더말로지카","50.0","50.0","ml","17000","14000","2800.0","정제수, 부틸렌글라이콜, 알로에베라추출물, 메틸글루세스-20, 폴리솔베이트20, 1,2-헥산다이올, 카프릴릴글라이콜, 리시놀레스-40, 페녹시에탄올, 다이포타슘글리시리제이트, 소듐시트레이트, 테트라소듐글루타메이트다이아세테이트, 피이지-12다이메티콘, 소듐피씨에이, 소듐락테이트, 시트릭애씨드, 폴리쿼터늄-4, 알지닌, 아스파틱애씨드, 피씨에이, 에틸헥실글리세린, 프롤린, 라벤더꽃/잎/줄기추출물, 레몬밤잎추출물, 글라이신, 알라닌, 세린, 소듐하이드록사이드, 라벤더오일, 발린, 아이소류신, 트레오닌, 레몬껍질오일, 베르가모트오일, 시트로넬라오일, 토코페롤, 히스티딘, 페닐알라닌, 오이열매추출물, 아르니카 몬타나꽃추출물, 서양송악추출물, 당아욱꽃추출물, 펠리토리추출물, 엘더꽃추출물, 시트랄, 제라니올, 리모넨, 리날룰"
"A000000156040","[트러블케어] 스킨푸드 미나리 토너 300ml","스킨푸드","300.0","300.0","ml","24000","16800","560.0","정제수, 미나리추출물, 메틸프로판다이올, 1,2-헥산다이올, 소듐시트레이트, 베타인, 피피지-13-데실테트라데세스-24, 살리실릭애씨드, 에틸헥실글리세린, 시트릭애씨드, 프로판다이올, 자일리틸글루코사이드, 안하이드로자일리톨, 알란토인, 판테놀, 병풀추출물, 글리세린, 살비아잎추출물, 마트리카리아추출물, 다이페닐다이메티콘, 자일리톨, 트라이에틸헥사노인, 소듐파이테이트, 글루코오스, 다이포타슘글리시리제이트, 포스포리피드, 폴리글리세릴-10올리에이트, 하이드로제네이티드레시틴, 도금양열매추출물, 유칼립투스잎오일, 류코노스톡/무발효여과물, 베르가모트오일, 해바라기씨오일, 판토테닉애씨드, 살비아오일, 클레리오일"
"A000000157294","[수분장벽토너] 유리아쥬 제모스 토너 (본품500ml+250ml 추가 증정)","유리아쥬","500.0","750.0","ml","","43000","573.3","정제수,온천수,글리세린,부틸렌글라이콜,페녹시에탄올,소듐하이알루로네이트,피브이피,벤조익애씨드,트로메타민"
"A000000157768","바비 브라운 하이드레이팅 페이스 토닉","바비브라운","","","","82000","65600","","E65R - HYDRATING FACE TONIC
정제수 [] 헥실렌글라이콜 [] 부틸렌글라이콜 [] 프로판다이올 [] 폴리솔베이트20 [] 글리세린 [] 녹차추출물 [] 오이열매추출물 [] 마트리카리아추출물 [] 스페인감초뿌리추출물 [] 개청각추출물 [] 오렌지 [] 판테틴 [] 팔마로사오일 [] 콜레스테롤 [] 트레할로오스 [] 알로에베라잎즙 [] 소듐하이알루로네이트 [] 라벤더오일 [] 리놀레익애씨드 [] 아크릴레이트코폴리머 [] 피탄트라이올 [] 피토스핑고신 [] 글라이신 [] 하이드록시프롤린 [] 프롤린 [] 카보머 [] 리날룰 [] 제라니올 [] 리모넨 [] 다이소듐이디티에이 [] 펜타에리스리틸테트라-다이-t-부틸하이드록시하이드로신나메이트 [] 페녹시에탄올 
제공된 성분은 동일 제품이라도 경우에 따라 변경될 수 있습니다. 최신정보는 제품 포장의 성분을 참고하시거나 본사 고객관리지원팀으로 연락 부탁 드립니다."
"A000000160562","크리니크 각질케어토너 200ml (피부타입별 선택)","크리니크","200.0","200.0","ml","43000","36550","1827.5","클래리파잉 로션 투와이스 어 데이 엑스폴리에이터 2번 : 정제수,변성알코올,글리세린,위치하젤수,아세틸글루코사민,멘톨,소듐하이알루로네이트,트레할로스,부틸렌글라이콜,디소듐포스페이트,페녹시에탄올,자색401호,적색201호,적색227호
클래리파잉 로션 투와이스 어 데이 엑스폴리에이터 3번 : 정제수, 변성알코올, 글리세린, 부틸렌글라이콜, 위치하젤, 살리실릭애씨드, 아세틸글루코사민, 소듐하이알루로네이트, 트로메타민, 비에이치티, 트레할로스, 글라이신, 디소듐이디티에이, 페녹시에탄올, 벤조페논-4, 적색201호, 등색205호, 자색401호"
"A000000160650","이즈앤트리 어니언 뉴페어 에센스 토너 200ml","이즈앤트리","200.0","200.0","ml","23000","13900","695.0","정제수, 프로판다이올, 글리세린, 메틸프로판다이올, 나이아신아마이드, 1, 2-헥산다이올, 부틸렌글라이콜, 양파추출물(9669.37ppm), 하이드록시아세토페논, 에틸헥실글리세린, 카보머, 아데노신, 다이소듐이디티에이, 바이오사카라이드검-1, 트로메타민, 인도멀구슬나무잎추출물, 인도멀구슬나무꽃추출물, 시트릭애씨드, 소듐시트레이트, 하이알루로닉애씨드, 하이드롤라이즈드하이알루로닉애씨드, 소듐하이알루로네이트, 글리세레스-26, 아이비고드열매추출물, 하이드록시에틸셀룰로오스, 베타인, 알란토인, 약모밀추출물, 판테놀, 가지열매추출물, 참산호말추출물, 홀리바질잎추출물, 울금뿌리추출물, 소듐헤파린, 암모늄폴리아크릴로일다이메틸타우레이트, 소듐아스코빌포스페이트, 트라넥사믹애씨드"
"A000000161571","스킨1004 마다가스카르 센텔라 토닝토너 210ml","스킨1004","210.0","210.0","ml","","21000","1000.0","정제수, 다이프로필렌글라이콜, 병풀추출물, 1,2-헥산다이올, 나이아신아마이드, 소듐시트레이트, 글루코노락톤, 에틸헥실글리세린, 아데노신, 다이소듐이디티에이, 다이포타슘글리시리제이트, 베타인, 하이알루로닉애씨드, 카보머, 트로메타민"
"A000000162058","[고수분]라네즈 워터뱅크 블루히알루로닉 토너(중건성) 160ml","라네즈","160.0","160.0","ml","33000","26400","1650.0","정제수, 부틸렌글라이콜, 글리세린, 글리세레스-26, 다이프로필렌글라이콜, 1,2-헥산다이올, 판테놀, 폴리쿼터늄-51, 프로판다이올, 피피지-13-데실테트라데세스-24, 아크릴레이트/C10-30알킬아크릴레이트크로스폴리머, 에틸헥실글리세린, 트로메타민, 셀룰로오스검, 다이소듐이디티에이, 하이드롤라이즈드하이알루로닉애씨드(0.02%), 향료, 베타-글루칸, 소듐하이알루로네이트, 락토바실러스발효용해물, 토코페롤, 미역추출물"
"A000000162977","[수분진정/각질제거] 라빠레뜨 뷰티 카밍 그린 턴오버 토너 200ml","라빠레뜨 뷰티","200.0","200.0","ml","","22000","1100.0","녹차추출물*, 다이프로필렌글라이콜, 글리세린, 프로판다이올, 1,2-헥산다이올, 녹차수*, 피피지-13-데실테트라데세스-24, 하이드록시아세토페논, 녹차가루*, 카프릴릴글라이콜, 부틸렌글라이콜, 정제수, 카보머, 트로메타민, 녹나무껍질오일, 다이소듐이디티에이, 글루코락톤, 시트릭애씨드, 알란토인, 파스향나무잎추출물, 펜틸렌글라이콜, 센티드제라늄꽃오일, 광곽향오일, 리씨열매오일, 다이포타슘글리시리제이트, 레몬껍질오일, 로즈마리잎오일, 살비아오일, 티트리잎오일,토코페롤, 리날룰"
"A000000163493","[수분진정] 라운드랩 포 맨 자작나무 수분 토너 200ml","라운드랩","200.0","200.0","ml","","24000","1200.0","정제수, 부틸렌글라이콜, 글리세린, 프로판다이올, 다이프로필렌글라이콜, 자작나무수액, 1,2-헥산다이올, 글리세릴글루코사이드, 다이포타슘글리시리제이트, 알란토인, 쇠비름추출물, 소듐하이알루로네이트, 하이알루로닉애씨드, 아스코빅애씨드, 감나무잎추출물, 포도추출물, 호장근뿌리추출물, 커피콩추출물, 잇꽃꽃추출물, 밤껍질추출물, 녹차추출물, 초피나무열매추출물, 글루코노락톤, 토코페롤, 베타인, 잔탄검, 글리세릴카프릴레이트, 덱스트린, 치자추출물, 에틸헥실글리세린, 다이소듐이디티에이"
"A000000163734","[나띠PICK][민감보습] 더마펌 모이스트 베리어 부스팅 토너 M4 200ml","더마펌","200.0","200.0","ml","","30000","1500.0","정제수, 글리세린, 프로판다이올, 1,2-헥산다이올, 베타인, 판테놀, 카프릴릭/카프릭트라이글리세라이드, 시어버터, 올리브오일,
스쿠알란, 하이드로제네이티드레시틴, 알란토인, 잔탄검, 에틸헥실글리세린, 갈락토아라비난, 다이소듐이디티에이, 글루코노락톤,
벤질글라이콜, 자일리톨, 카프릴릭애씨드, 하이드롤라이즈드글라이코사미노글리칸, 소듐하이알루로네이트, 세라마이드엔피,
콜레스테롤, 카프릴릴글라이콜, 피토스핑고신, 하이드로제네이티드포스파티딜콜린, 폴리글리세릴-10라우레이트,
소듐하이알루로네이트크로스폴리머, 하이드롤라이즈드하이알루로닉애씨드, 글리세릴아크릴레이트/아크릴릭애씨드코폴리머,
하이드록시프로필트라이모늄하이알루로네이트, 팔미토일트라이펩타이드-1, 하이알루로닉애씨드, 올레익애씨드,
소듐아세틸레이티드하이알루로네이트"
"A000000165303","센텔리안24 마데카 옴므 수딩 토너 150ml","센텔리안24","150.0","150.0","ml","","27000","1800.0","병풀추출물,나이아신아마이드,다이프로필렌글라이콜,부틸렌글라이콜,1,2-헥산다이올,아이소펜틸다이올,아데노신,베타인,약모밀추출물,레몬밤추출물,모과추출물,오렌지꽃추출물,마트리카리아꽃추출물,포도씨오일,페퍼민트추출물,토코페롤,마데카식애씨드,아시아티코사이드,아시아틱애씨드,폴리글리세릴-10라우레이트,아크릴레이트/C10-30알킬아크릴레이트크로스폴리머,정제수,향료,트로메타민,다이소듐이디티에이"
"A000000165360","AHC 허브솔루션 알로에베라 토너 500ml","AHC","500.0","500.0","ml","15000","13900","278.0","'정제수, 알로에베라잎수(49,750mg), 글리세린, 다이프로필렌글라이콜, 에탄올, 펜틸렌글라이콜, 사과수, 녹차추출물(0.5203mg), 자작나무수액, 소듐하이알루로네이트, 연꽃씨추출물(0.01mg), 부틸렌글라이콜, 프로판다이올, 피이지-60하이드로제네이티드캐스터오일, 옥틸도데세스-16, 트로메타민, 카프릴릴글라이콜, 글리세릴카프릴레이트, 폴리글루타믹애씨드, 하이드롤라이즈드익스텐신, 에틸헥실글리세린, 카보머, 다이소듐이디티에이, 페녹시에탄올, 향료"
"A000000165364","AHC 허브솔루션 로즈 토너 500ml","AHC","500.0","500.0","ml","15000","13900","278.0","정제수, 프로방스장미꽃수(48,900mg), 글리세린, 다이프로필렌글라이콜, 에탄올, 펜틸렌글라이콜, 사과수, 석류나무추출물, 코치닐선인장열매추출물(0.25mg), 꿀추출물(0.25mg), 로즈마리잎추출물(0.05mg), 소듐하이알루로네이트, 부틸렌글라이콜, 프로판다이올, 피이지-60하이드로제네이티드캐스터오일, 옥틸도데세스-16, 카프릴릴글라이콜, 트로메타민, 글리세릴카프릴레이트, 폴리글루타믹애씨드, 에틸헥실글리세린, 카보머, 다이소듐이디티에이, 페녹시에탄올, 향료"
"A000000165366","AHC 허브솔루션 레몬 토너 500ml","AHC","500.0","500.0","ml","15000","13900","278.0","'정제수, 레몬추출물(24,750mg), 글리세린, 다이프로필렌글라이콜, 에탄올, 펜틸렌글라이콜, 사과수, 소듐하이알루로네이트, 라임추출물(0.005mg), 커먼자스민꽃/잎추출물(0.005mg), 연꽃꽃추출물(0.005mg), 프리지어추출물(0.0025mg), 블루플래그아이리스추출물(0.0025mg), 에델바이스꽃/잎추출물(0.0025mg), 마돈나백합비늘줄기추출물(0.0025mg), 나팔수선화추출물
(0.0025mg), 장미추출물(0.0025mg), 부틸렌글라이콜, 프로판다이올, 피이지-60하이드로제네이티드캐스터오일, 옥틸도데세스-16, 트로메타민, 글리세릴카프릴레이트, 폴리글루타믹애씨드, 에틸헥실글리세린, 카보머, 다이소듐이디티에이, 페녹시에탄올, 향료"
"A000000166383","[증량기획] 큐어 리알로에 워터 젤리 토너 500ml 기획 (+50ml)","큐어","500.0","550.0","ml","","23900","434.5","알로에베라잎수(87%), 글리세린, 1,2-헥산다이올, 부틸렌글라이콜, 알란토인,하이드록시에틸셀룰로오스, 다이소듐이디티에이, 정제수, 글루코노락톤, 엑토인,판테놀, 소듐시트레이트, 소듐하이알루로네이트, 버지니아풍년화추출물, 폴리솔베이트60, 다이소듐포스페이트, 병풀추출물, 소듐포스페이트"
"A000000167276","[피지/진정케어] 피캄 베리어 사이클 락토P 토너 200ml","피캄","200.0","200.0","ml","","23000","1150.0","정제수, 부틸렌글라이콜, 프로판다이올, 1,2-헥산다이올, 나이아신 아마이드, 판테놀, 에틸헥실글리세린, 알란토인, 아데노신, 잔탄검, 다이소듐이디티에이, 폴리쿼터늄-51, 월계수잎추출물, 질경이추출물, 소듐하이알루로네이트, 버지니아풍년화수, 곤약뿌리추출물, 소듐구아 이아줄렌설포네이트, 파파야열매추출물, 락토바실러스발효물, 밤부사 불가리스추출물, 편백잎추출물, 소나무잎추출물, 측백나무추출물, 시팀 우드검추출물, 병풀추출물, 티트리잎추출물, 쌀겨추출물, 아시아틱 애씨드, 아시아티코사이드, 마데카식애씨드, 마데카소사이드"
"A000000167841","클럽맨리저브 데킬라티즈 에프터쉐이브 177ml","클럽맨피노드","177.0","177.0","ml","","20000","1129.9","변성알코올, 정제수, 향료, 시트랄, 쿠마린, 리모넨, 리날룰"
"A000000167843","클럽맨피노드 드래곤 노어 오데토일렛 414ml","클럽맨피노드","414.0","414.0","ml","","25000","603.9","변성알코올, 정제수, 향료, 벤질벤조에이트, 신남알, 시트랄, 시트로넬올, 쿠마린, 유제놀, 제라니올, 리모넨, 리날룰, 프로필렌글라이콜, 적색40호"
"A000000167845","클럽맨피노드 스페셜리저브 에프터쉐이브코롱 177ml","클럽맨피노드","177.0","177.0","ml","","20000","1129.9","변성알코올, 정제수, 향료, 알파-이소메칠이오논, 헥실신나몰, 녹색3호, 적색227호, 황색4호"
"A000000169179","피지오겔 DMT 포맨 에센셜 토너 200ml","피지오겔","200.0","200.0","ml","30000","24000","1200.0","정제수, 다이프로필렌글라이콜, 글리세린, 1,2-헥산다이올, 펜타에리스리틸테트라에틸헥사노에이트, 헥실데실에틸헥사노에이트, 변성알코올, 카프릴릭/카프릭트라이글리세라이드, 스쿠알란, 알지닌, 피토스테롤, 세린, 베타인, 아크릴레이트/C10-30알킬아크릴레이트크로스폴리머, 다이메티콘, 사이클로펜타실록세인, 소듐하이알루로네이트, 소듐피씨에이, 하이드록시에틸우레아, 트로메타민, 트라이소듐이디티에이"
"A000000170038","[트러블/피지케어/화장솜 증정] 닥터지 에이클리어 밸런싱 토너 200ml 증정 기획 (+화장솜 70매)","닥터지","200.0","200.0","ml","","27000","1350.0","정제수, 펜틸렌글라이콜, 프로판다이올, 1,2-헥산다이올, 글리세레스-26, 에톡시다이글라이콜, 석시닉애씨드, 판테놀, 트로메타민, 락토바실러스발효물, 다이소듐이디티에이, 부틸렌글라이콜, 엑토인, 락토바이오닉애씨드, 만델릭애씨드, 카프릴로일살리실릭애씨드, 병풀추출물, 약모밀추출물, 워터민트추출물, 애플민트잎추출물, 스피어민트추출물, 아시아틱애씨드, 아시아티코사이드, 마데카식애씨드, 마데카소사이드"
"A000000171755","[수분충전/저자극] 닥터하스킨 미라클아토 하이드로 토너 150ml","닥터하스킨","150.0","150.0","ml","","17900","1193.3","정제수,라벤더꽃수,부틸렌글라이콜,1,2-헥산다이올,글리세린,소듐아크릴릭애씨드/엠에이코폴리머,에리스리톨,
카프릴릭/카프릭트라이글리세라이드,폴리솔베이트20,하이드로제네이티드레시틴,
피토스테릴/옥틸도데실라우로일글루타메이트,라벤더오일,카프릴릴글라이콜,
세라마이드엔피,알란토인,오렌지껍질오일,편백오일,하이드롤라이즈드하이알루로닉애씨드,
소듐하이알루로네이트,소듐아세틸레이티드하이알루로네이트"
"A000000174023","[진정보습] 닥터지 레드 블레미쉬 클리어 모이스처 토너 증정 기획 (토너 300ml+크림30ml)","닥터지","300.0","330.0","ml","","32000","969.7","병풀추출물, 정제수, 부틸렌글라이콜, 프로판다이올, 1,2-헥산다이올, 트루로즈오브예리코추출물, 판테놀, 하이드록시에틸아크릴레이트/소듐아크릴로일다이메틸타우레이트코폴리머, 베타인, 카프릴릴글라이콜, 폴리아크릴레이트크로스폴리머-6, 에틸헥실글리세린, 폴리쿼터늄-51, 다이소듐이디티에이, 알란토인, 솔비탄아이소스테아레이트, 다이프로필렌글라이콜, 하이드로제네이티드레시틴, 소듐하이알루로네이트, t-부틸알코올, 수크로오스다이스테아레이트, 포타슘하이알루로네이트, 하이드록시프로필트라이모늄하이알루로네이트, 하이드롤라이즈드하이알루로닉애씨드, 하이알루로닉애씨드, 하이드롤라이즈드소듐하이알루로네이트, 마데카소사이드, 세라마이드엔피, 아시아티코사이드, 마데카식애씨드, 아시아틱애씨드, 소듐아세틸레이티드하이알루로네이트"
"A000000176320","메이크프렘 인테카 진정 토너 200ml","메이크프렘","200.0","200.0","ml","","22000","1100.0","정제수, 다이프로필렌글라이콜, 부틸렌글라이콜, 나이아신아마이드, 1,2-헥산다이올, 하이드록시아세토페논, 글리세레스-25피씨에이아이소스테아레이트, 글리세린, 글루코노락톤, 프로판다이올, 에틸헥실글리세린, 아데노신, 병풀추출물, 다이소듐이디티에이, 잔탄검, 하이드롤라이즈드치자추출물, 하이드롤라이즈드맥아추출물, 하이드롤라이즈드삼색제비꽃추출물, 유칼립투스잎오일, 발삼아미리스껍질오일, 멕시칸주니퍼오일, 스피어민트잎오일, 하이알루로닉애씨드, 하이드롤라이즈드하이알루로닉애씨드, 라벤더오일, 소듐하이알루로네이트, 프로테아제, 아시아티코사이드, 아시아틱애씨드, 마데카식애씨드, 하이드로제네이티드레시틴, 육두구커넬오일, 베르가모트오일, 버지니아풍년화잎추출물, 칸디다 봄비콜라/글루코오스/메틸레이프씨데이트발효물, 해바라기씨오일, 에톡시다이글라이콜"
"A000000176512","트러블레스 마일드 클리어 토너 에센스 200ml","트러블레스","200.0","200.0","ml","23000","15500","775.0","정제수, 다이프로필렌글라이콜, 메틸프로판다이올, 글리세린, 티트리잎수, 판테놀, 글루코노락톤, 4-터피네올, 흰버드나무껍질추출물, 브루셀스프라우트추출물, 브로콜리추출물, 매실추출물, 소듐하이알루로네이트, 하이알루로닉애씨드, 하이드롤라이즈드하이알루로닉애씨드, 하이드록시프로필트라이모늄하이알루로네이트, 하이드롤라이즈드소듐하이알루로네이트, 포타슘하이알루로네이트, 소듐하이알루로네이트크로스폴리머, 소듐아세틸레이티드하이알루로네이트, 알란토인, 베타-글루칸, 하이드록시아세토페논, 피피지-13-데실테트라데세스-24, 카프릴릴글라이콜, 하이드록시에틸셀룰로오스, 다이소듐이디티에이, 소듐시트레이트, 부틸렌글라이콜, 다이포타슘글리시리제이트, 1,2-헥산다이올, 사과추출물, 파파야열매추출물, 포도추출물, 펜틸렌글라이콜, 토코페롤, 에틸헥실글리세린"
"A000000176978","[당근토너] 스킨푸드 캐롯 카로틴 수딩 토너 300ml","스킨푸드","300.0","300.0","ml","","24000","800.0","정제수, 글리세린, 부틸렌글라이콜, 1,2-헥산다이올, 피피지-13-데실테트라데세스-24, 에틸헥실글리세린, 소듐시트레이트, 당근추출물(882 ppm), 소듐하이알루로네이트, 시트릭애씨드, 소듐파이테이트, 베타-글루칸, 알란토인, 하이드록시에틸셀룰로오스, 말토덱스트린, 사카라이드하이드롤리세이트, 당근씨오일(10,000 ppb, 베타-카로틴 1.8 ng), 녹차추출물, 병풀추출물, 올리브오일, 광곽향오일, 여주열매추출물, 라반딘오일, 브로콜리추출물, 살비아오일, 양배추추출물, 불가리스쑥오일, 오렌지껍질오일, 미역추출물, 카프릴릴글라이콜"
"A000000177477","[응급진정] 프랭클리 시카80 히알루론산 보습 토너 260ml","프랭클리","260.0","260.0","ml","11200","10800","415.4","병풀추출물(80%), 정제수, 1,2-헥산다이올, 메틸프로판다이올, 베타인, 소듐하이알루로네이트(100ppm), 알란토인, 글리세린, 병풀잎추출물, 병풀뿌리추출물, 하이드록시프로필트라이모늄하이알루로네이트, 하이드롤라이즈드하이알루로닉애씨드, 소듐아세틸레이티드하이알루로네이트, 하이알루로닉애씨드, 아시아틱애씨드, 아시아티코사이드, 소듐하이알루로네이트크로스폴리머, 포타슘하이알루로네이트, 마데카식애씨드, 마데카소사이드, 아크릴레이트/C10-30알킬아크릴레이트크로스폴리머, 트로메타민, 다이소듐이디티에이"
"A000000178648","크리니크 모이스춰 써지 하이드로 인퓨즈드 로션 200ml","크리니크","200.0","200.0","ml","56000","47600","2380.0","정제수,비스-피이지-18메틸에터다이메틸실레인,글리세린,부틸렌글라이콜,펜틸렌글라이콜,밤부사 불가리스추출물,완두콩전초추출물,보리추출물,밀배아추출물,겔리디엘라 아세로사추출물,제주진득찰추출물,카페인,갈고리가시우무추출물,수크로오스,락토바실러스발효물,팔미토일헥사펩타이드-12,에르고티오네인,아세틸글루코사민,트레할로오스,스쿠알란,글리세릴폴리메타크릴레이트,소듐하이알루로네이트,호호바에스터,소듐피씨에이,우레아,피이지-32,아크릴레이트/C10-30알킬아크릴레이트크로스폴리머,글루코사민에이치씨엘,카프릴릴글라이콜,피이지-6,피이지-8,폴리솔베이트20,세틸알코올,스테아릭애씨드,글리세릴스테아레이트,시트릭애씨드,소듐하이드록사이드,헥실렌글라이콜,폴리쿼터늄-51,다이소듐이디티에이,포타슘솔베이트,클로페네신,페녹시에탄올 [iln44077]* 제공된 성분은 동일 제품이라도 경우에 따라 변경될 수 있습니다. 최신정보는 제품 포장의 성분을 참고하시거나 본사 고객관리지원팀으로 연락 부탁 드립니다."
"A000000180913","[100시간수분지속/대용량] 나인위시스 비건 하이드라 앰플 토너 500ml","나인위시스","500.0","500.0","ml","26000","18200","364.0","정제수, 미네랄워터, 글리세린, 1,2-헥산다이올, 부틸렌글라이콜, 아이소펜틸다이올, 베타인, 메틸프로판다이올, 판테놀, 아크릴레이트/C10-30알킬아크릴레이트크로스폴리머, 에틸헥실글리세린, 트로메타민, 다이소듐이디티에이, 풀루란, 프룩토올리고사카라이드, 소듐하이알루로네이트, 베타-글루칸, 말토덱스트린, 안젤리카뿌리추출물, 삼색제비꽃추출물, 매스틱검, 하이드롤라이즈드소듐하이알루로네이트, 소듐하이알루로네이트크로스폴리머, 포타슘하이알루로네이트, 하이드록시프로필트라이모늄하이알루로네이트, 하이드롤라이즈드하이알루로닉애씨드, 하이알루로닉애씨드, 글리세릴글루코사이드, 펜틸렌글라이콜, 흰목이버섯폴리사카라이드, 소듐아세틸레이티드하이알루로네이트"
"A000000182583","[한정기획/산뜻수분진정] 닥터자르트 시카페어 인텐시브 수딩 리페어 트리트먼트 로션 기획(150ml+30ml*2ea)","닥터자르트","150.0","180.0","ml","39000","26330","1462.8","정제수, 프로판다이올, 다이프로필렌글라이콜, 1,2-헥산다이올, 글리세린, 메틸프로판다이올, 베타인, 알란토인, 판테놀, 에틸헥실글리세린, 소듐하이알루로네이트, 부틸렌글라이콜, 폴리글리세릴-4올리에이트, 병풀잎추출물, 소듐스테아로일글루타메이트, 아시아티코사이드, 마데카식애씨드, 아시아틱애씨드, 팔미토일트라이펩타이드-8, 잔탄검, 소듐서팩틴, 아이소펜틸다이올, 덱스트란, 토코페롤"
"A000000184771","[각질/미백/보습장벽] 비욘드 엔젤아쿠아 보습장벽 토너 500ml 대용량","비욘드","500.0","500.0","ml","19900","10900","218.0","정제수, 다이프로필렌글라이콜, 글리세린, 1,2-헥산다이올, 나이아신아마이드, 헥실데실에틸헥사노에이트, 펜타에리스리틸테트라에틸헥사노에이트, 세라마이드엔피, 글루코노락톤, 전호추출물, 하이드롤라이즈드소듐하이알루로네이트, 하이드롤라이즈드하이알루로닉애씨드, 하이드록시프로필트라이모늄하이알루로네이트, 소듐하이알루로네이트, 소듐하이알루로네이트크로스폴리머, 개똥쑥추출물, 님잎추출물, 녹차추출물, 포도덩굴수액, 가시대나무수액, 자작나무수액, 하늘타리뿌리추출물, 베타인, 판테놀, 트레할로오스, 하이드로제네이티드레시틴, 글라이코스핑고리피드, 수용성프로테오글리칸, 아크릴레이트/C10-30알킬아크릴레이트크로스폴리머, 트로메타민, 부틸렌글라이콜, 트라이소듐이디티에이, 수크로오스스테아레이트, 콜레스테롤, 스테아릭애씨드, 팔미틱애씨드, 펜틸렌글라이콜, 에틸헥실글리세린"
"A000000187241","빌리프 슈퍼 드랍스 비타민C 워터트리트먼트 150ML","빌리프","150.0","150.0","ml","45000","34600","2306.7","정제수, 프로판다이올, 글리세린* (4%), 변성알코올, 1,2-헥산다이올, 다이페닐다이메티콘, 카프릴릭/카프릭/석시닉트라이글리세라이드, 알로에베라잎즙* (0.09199%), 하이드롤라이즈드하이알루로닉애씨드* (0.001%), 소듐하이알루로네이트* (0.0010025%), 하이드롤라이즈드소듐하이알루로네이트* (0.0010475%), 소듐하이알루로네이트크로스폴리머* (0.000001%), 하이드록시프로필트라이모늄하이알루로네이트* (0.001%), 페룰릭애씨드* (0.00099%), 알로에베라잎폴리사카라이드* (0.00001%), 개박하추출물**, 귀리커넬추출물**, 라즈베리잎추출물**, 포트마리골드꽃추출물**, 와일드인디고뿌리추출물**, 별꽃추출물**+, 레이디스맨틀잎추출물+, 쇠뜨기잎추출물+, 쐐기풀잎추출물+, 다이카프릴릴에터, 마그네슘설페이트, 젤란검, 부틸렌글라이콜, 소듐시트레이트, 토코페롤, 펜틸렌글라이콜, 에틸헥실글리세린, 수용성프로테오글리칸 , 라임전초오일++, 오렌지껍질오일++, 센티드제라늄꽃오일++, 로즈마리잎오일++, 리모넨, 시트로넬올, 시트랄, 제라니올, 리날룰
*표시: Hyalucid™ water formula
**표시: Napiers original formula
+표시: Napiers Aqua formula
++표시: 식물 유래 향"
"A000000188598","조선미녀 붉은 팥 수분 워터 젤 100ml","조선미녀","100.0","100.0","ml","18000","14400","1440.0","정제수, 부틸렌글라이콜, 글리세린, 1,2-헥산다이올, 메틸트라이메티콘, 팥추출물(4,500 ppm), 아크릴레이트/C10-30알킬아크릴레이트크로스폴리머, 트로메타민, 글리세릴글루코사이드, C12-14알케스-12, 말토덱스트린, 암모늄아크릴로일다이메틸타우레이트/브이피코폴리머, 다이메티콘/비닐다이메티콘크로스폴리머, 다이메티콘크로스폴리머, 에틸헥실글리세린, 베타인, 판테놀, 알란토인, 다이포타슘글리시리제이트, 폴리쿼터늄-51, 잔탄검, 다이소듐이디티에이, 글리세릴아크릴레이트/아크릴릭애씨드코폴리머, 참마뿌리추출물, 글루코오스, 소듐시트레이트, 베타-글루칸, 하이드롤라이즈드옥수수전분, 시트릭애씨드, 수크로오스, 마그네슘아스코빌포스페이트, 카프릴릴글라이콜, 해바라기씨오일, 토코페롤, 사이아노코발아민, 글라이신, 세린, 글루타믹애씨드, 아스파틱애씨드, 류신, 아세틸헥사펩타이드-8, 알라닌, 라이신, 알지닌, 타이로신, 페닐알라닌, 프롤린, 트레오닌, 발린, 아이소류신, 히스티딘, 시스테인, 메티오닌, 포스포릭애씨드, 아스코빅애씨드, 에스에이치-올리고펩타이드-1, 에스에이치-올리고펩타이드-2, 에스에이치-폴리펩타이드-1"
"A000000188830","조선미녀 인삼에센스워터 150ml","조선미녀","150.0","150.0","ml","18000","14400","960.0","정제수, 부틸렌글라이콜, 글리세린, 프로판다이올, 나이아신아마이드, 1,2-헥산다이올, 인삼수(16,590 ppm), 하이드록시아세토페논, 글리세릴글루코사이드, 판테놀, 잔탄검, 알란토인, 다이포타슘글리시리제이트, 아데노신, 덱스트린, 카카오추출물, 다이소듐이디티에이, 글루코오스, 인삼캘러스배양추출물(20 ppm), 인삼추출물(3 ppm), 인삼열매추출물(2 ppm), 에틸헥실글리세린, 락토바실러스/홍삼발효여과물(1 ppm), 소듐하이알루로네이트"
"A000000189586","헤라 하이드로 리플렉팅 토너 170ml","헤라","170.0","170.0","ml","55000","43560","2562.4","정제수, 부틸렌글라이콜, 변성알코올, 글리세린, 1,2-헥산다이올, 트레할로오스, 락토바실러스발효용해물, 글리세레스-26, 피피지-13-데실테트라데세스-24, 마트리카리아꽃수, 에틸헥실글리세린, 베타인, 카보머, 향료, 트로메타민, 다이소듐이디티에이, 프로판다이올, 마데카소사이드, 나이아신아마이드, 아크릴레이트/스테아릴메타크릴레이트코폴리머, 흰목이버섯포자낭과추출물, 하이알루로닉애씨드, 병풀꽃/잎/줄기추출물, 잔탄검, 아스코빅애씨드, 토코페롤, 라이신, 알지닌, 히스티딘, 세라마이드엔피, 글루코오스, 자일로오스, 복사나무잎추출물, 만노오스, 소듐클로라이드, 레시틴, 소듐포스페이트, 카퍼트라이펩타이드-1, 푸코오스, 포타슘클로라이드, 포타슘포스페이트, 마그네슘클로라이드, 하이드롤라이즈드기장, 칼슘클로라이드"
"A000000195660","[수분/진정] 아이소이 포맨 아쿠아 수딩 토너 150ml","아이소이","150.0","150.0","ml","25000","20000","1333.3","정제수,글리세린,에탄올,베타인,소듐하이알루로네이트,귀리가루추출물,라즈베리추출물,신선초추출물,밤부사 불가리스추출물,바질추출물,녹차추출물,쑥잎추출물,알란토인,판테놀,알지닌,카보머,부틸렌글라이콜,1,2-헥산다이올,포트마리골드꽃추출물,황금추출물,모란뿌리추출물,스페인감초뿌리추출물,로즈마리잎오일,베르가모트오일,리모넨,리날룰"
"A000000197102","[NCT 재민PICK] 이즈앤트리 초저분자 히아루론산 토너 300ml","이즈앤트리","300.0","300.0","ml","21000","14700","490.0","정제수, 메틸프로판다이올, 1,2-헥산다이올, 해수, 글리세린, 베타인, 알란토인, 부틸렌글라이콜, 카프릴릴글라이콜, 에틸헥실글리세린, 판테놀, 잔탄검, 말라카이트추출물, 다이소듐이디티에이, 하이드롤라이즈드하이알루로닉애씨드, 펜틸렌글라이콜, 자일리틸글루코사이드, 안하이드로자일리톨, 소듐하이알루로네이트, 자일리톨, 포타슘하이알루로네이트, 글루코오스, 다이메틸실란올하이알루로네이트, 소듐아세틸레이티드하이알루로네이트, 소듐하이알루로네이트크로스폴리머, 하이드록시프로필트라이모늄하이알루로네이트, 하이드롤라이즈드소듐하이알루로네이트, 하이드롤라이즈드칼슘하이알루로네이트, 하이알루로닉애씨드, 버지니아풍년화추출물, 소듐설페이티드하이알루로네이트, 편백잎추출물, 소듐스테아로일하이알루로네이트, 소듐올레오일하이알루로네이트"
"A000000197660","닥터멜락신 아쿠아 이온 플라즈마 수분 토너 200ml","닥터멜락신","200.0","200.0","ml","16900","14900","745.0","정제수,부틸렌글라이콜,프로판다이올,글리세린,다이프로필렌글라이콜,나이아신아마이드,자일리톨,1,2-헥산다이올,자일리틸글루코사이드,안하이드로자일리톨,하이드록시아세토페논,에틸헥실글리세린,아데노신,암모늄폴리아크릴로일다이메틸타우레이트,소듐시트레이트,옥수수커넬추출물,다이소듐이디티에이,시트릭애씨드,덱스트린,소듐하이알루로네이트,하이드롤라이즈드하이알루로닉애씨드,하이알루로닉애씨드,치자추출물,글루코오스,프룩탄,소듐글루타메이트,소듐클로라이드,포타슘클로라이드,하이드록시프로필트라이모늄하이알루로네이트,칼슘락테이트,마그네슘카보네이트,소듐아세틸레이티드하이알루로네이트,하이드롤라이즈드소듐하이알루로네이트,소듐하이알루로네이트크로스폴리머,포타슘하이알루로네이트"
"A000000198834","테라로직 마데셀 더마 리페어 B5 토너 280ml","테라로직","280.0","280.0","ml","25000","19900","710.7","정제수, 글리세린, 다이프로필렌글라이콜 , 1,2-헥산다이올, 다이에톡시에틸석시네이트, 베타인, 하이드록시아세토페논, 글리세레스-25피씨에이아이소스테아레이트, 하이드록시에틸셀룰로오스, 알란토인, 잔탄검, 카보머, 트로메타민, 판테놀, 병풀추출물, 라벤더꽃추출물, 마데카소사이드, 마트리카리아꽃/잎추출물, 보리지추출물, 부틸렌글라이콜, 수레국화꽃추출물, 클레리추출물, 히아신스전초추출물, 다이소듐포스페이트, 폴리솔베이트60, 소듐포스페이트, 소듐하이알루로네이트, 에틸헥실글리세린, 하이드롤라이즈드하이알루로닉애씨드, 소듐아세틸레이티드하이알루로네이트"
"A000000199411","[리필/1등 속보습] 라네즈 크림스킨 170ml 리필","라네즈","170.0","170.0","ml","26000","23400","1376.5","정제수, 부틸렌글라이콜, 글리세린, 메도우폼씨오일, 아이소펜틸다이올, 1,2-헥산다이올, 스쿠알란, 폴리글리세릴-10스테아레이트, 글리세릴스테아레이트시트레이트, 소듐스테아로일글루타메이트, 이눌린라우릴카바메이트, 글리세릴카프릴레이트, 에틸헥실글리세린, 프로판다이올, 다이소듐이디티에이, 카보머, 만니톨, 아크릴레이트/스테아릴메타크릴레이트코폴리머, 흰목이버섯포자낭과추출물, 하이알루로닉애씨드, 녹차추출물, 잔탄검, 세라마이드엔피, 동백나무꽃추출물, 토코페롤, 아세틸테트라펩타이드-11"
"A000000199507","헤브블루 살몬 PDRN 케어링 센텔라 토너 200ml","헤브블루","200.0","200.0","ml","","41900","2095.0","병풀잎수(828,168ppm), 정제수, 부틸렌글라이콜, 약모밀수(30,380ppm), 프로판다이올, 글리세린, 1,2-헥산다이올, 연어알추출물(1,500ppm), 알란토인, 판테놀, 에틸헥실글리세린, 소듐하이알루로네이트, 다이소듐이디티에이, 말토덱스트린, 아보카도열매추출물, 덱스트린, 카카오추출물, 쇠비름추출물, 마데카소사이드, 소듐디엔에이"
"A000000199652","리얼베리어 익스트림 에센스 토너 300ml","리얼베리어","300.0","300.0","ml","25000","17500","583.3","정제수, 글리세린, 프로판다이올, 다이메티콘, 해바라기씨오일, 글리세릴스테아레이트, 자일리톨, 소듐하이알루로네이트크로스폴리머, 하이드롤라이즈드글라이코사미노글리칸, 소듐하이알루로네이트, 하이드롤라이즈드하이알루로닉애씨드, 하이알루로닉애씨드, 부틸렌글라이콜, 솔비탄라우레이트, 하이드록시에틸셀룰로오스, 아세틸다이펩타이드-1세틸에스터, 판테놀, 베타-글루칸, 마데카소사이드, 미리스토일/팔미토일옥소스테아라마이드/아라카마이드엠이에이, 세라마이드엔피, 비스-카프릴로일옥시팔미타미도아이소프로판올, 자일리틸글루코사이드, 안하이드로자일리톨, 글루코오스, 알란토인, 폴리글리세릴-4카프레이트, 하이드록시프로필메틸셀룰로오스, 카보머, 소듐폴리아크릴레이트, 카프릴릭애씨드, 라즈베리케톤, 에틸헥실글리세린, 소듐파이테이트, 벤질글라이콜, 카프릴릴글라이콜, 1,2-헥산다이올, 스피어민트잎오일, 스피어민트추출물, 필리핀오렌지껍질오일, 센티드제라늄꽃오일, 타임오일, 유칼립투스잎오일, 바추잎잎추출물"
"A000000199777","[모공토닉] 아이소이 포어 타이트닝 토닉 에센스 90ml","아이소이","90.0","90.0","ml","32000","22400","2488.9","정제수, 다마스크장미꽃수, 글리세린, 에탄올(식물발효), 버지니아풍년화잎추출물, 붉나무충영추출물, 레몬추출물, 사과추출물, 포도추출물, 시트릭애씨드, 글라이콜릭애씨드, 스페인감초뿌리추출물, 부틸렌글라이콜, 만난, 소듐하이알루로네이트, 황금추출물, 모란뿌리추출물, 알란토인, 다마스크장미꽃오일(불가리아공인), 시트로넬올※, 제라니올※"
"A000000199824","랩시리즈 데일리 레스큐 워터로션 200ml 단품/기획 (+60ml 추가증정)","랩시리즈","200.0","260.0","ml","62000","52700","2026.9","정제수,다이프로필렌글라이콜,나이아신아마이드,변성알코올,부틸렌글라이콜,글리세린,버지니아풍년화수,베타인,아세틸글루코사민,소듐하이알루로네이트,트레할로오스,카페인,레스베라트롤,살리실릭애씨드,카프릴릴글라이콜,폴리솔베이트20,에탄올,다이소듐이디티에이,프로필렌글라이콜카프릴레이트,다이소듐포스페이트,소듐포스페이트,향료,페녹시에탄올,포타슘솔베이트　*제공된 성분은 동일 제품이라도 경우에 따라 변경될 수 있습니다. 최신정보는 제품 포장의 성분을 참고하시거나 본사 고객관리지원팀으로 연락 부탁 드립니다."
"A000000199847","리얼베리어 익스트림 에센스 토너 라이트 300ml 기획 (+라이트 크림 25ml)","리얼베리어","300.0","325.0","ml","","23000","707.7","정제수, 다이프로필렌글라이콜, 글리세린, 부틸렌글라이콜, 1,2-헥산다이올, 하이드록시에틸우레아, 하이드록시아세토페논, 판테놀, 글라이코실트레할로오스, 카보머, 하이드로제네이티드스타치하이드롤리세이트, 알란토인, 시어버터, 카프릴릴/카프릴글루코사이드, 베타인, 하이드로제네이티드레시틴, 소듐파이테이트, 폴리글리세릴-10라우레이트, 소듐하이알루로네이트, 폴리글리세릴-10미리스테이트, 알지닌, 해바라기씨오일, 올리브오일, 폴리글리세릴-10스테아레이트, 락토바이오닉애씨드, 글리세릴카프릴레이트, 비스-카프릴로일옥시팔미타미도아이소프로판올, 카프릴로일살리실릭애씨드, 다이하이드록시아이소프로필팔모일팜아마이드, 엑토인, 리놀레익애씨드, 마데카소사이드, 미리스토일/팔미토일옥소스테아라마이드/아라카마이드엠이에이, 피토스테롤, 광곽향오일, 살비아오일, 칸디다 봄비콜라/글루코오스/메틸레이프씨데이트발효물, 소두구씨오일, 글라이코리피드, 타타릭애씨드, 캐모마일꽃오일, 콘민트오일, 멕시칸주니퍼오일, 프로판다이올, 소듐하이알루로네이트크로스폴리머, 하이드롤라이즈드글라이코사미노글리칸, 벤질글라이콜, 하이드롤라이즈드하이알루로닉애씨드, 하이드록시프로필트라이모늄하이알루로네이트, 에틸헥실글리세린, 소듐아세틸레이티드하이알루로네이트, 하이알루로닉애씨드, 라즈베리케톤"
"A000000201650","[단독 리필기획] 구달 어성초 히알루론 수딩 토너 350ml 리필 기획 (+350ml 리필)","구달","350.0","700.0","ml","","32000","457.1","정제수, 글리세린, 부틸렌글라이콜, 메틸글루세스-20, 펜틸렌글라이콜, 메틸프로판다이올, 어성초추출물(=약모밀추출물, 511.1ppm), 소듐하이알루로네이트(501.01ppm), 편백오일, 유칼립투스잎오일, 칸디다 봄비콜라/글루코오스/메틸레이프씨데이트발효물, 포도씨오일, 병풀잎추출물, 산구절초추출물, 하이드롤라이즈드하이알루로닉애씨드(0.015ppm), 하이알루로닉애씨드(0.01ppm), 해바라기씨오일, 쇠비름추출물, 1,2-헥산다이올, 판테놀, 옥틸도데세스-16, 글루코노락톤, 에틸헥실글리세린, 에리스리톨, 솔비톨, 소듐파이테이트, 알란토인, 폴리쿼터늄-51, 엑토인, 석시닉애씨드, 토코페롤, 하이알루로닉애씨드/폴리아이소프로필아크릴아마이드코폴리머(0.1ppm), 다이메틸실란올하이알루로네이트(0.015ppm), 하이드롤라이즈드소듐하이알루로네이트(0.015ppm), 포타슘하이알루로네이트(0.01ppm), 하이드록시프로필트라이모늄하이알루로네이트(0.008ppm), 소듐하이알루로네이트크로스폴리머(0.008ppm), 프로판다이올, 소듐하이알루로네이트다이메틸실란올(0.005ppm), 소듐아세틸레이티드하이알루로네이트(0.004ppm), 글리세릴카프릴레이트, 폴리글리세릴-10아이소스테아레이트, 폴리글리세릴-10올리에이트, 하이드로제네이티드레시틴, 스테아릭애씨드, 세라마이드엔피, 세라마이드엔에스, 콜레스테롤, 피토스핑고신, 세라마이드에이피, 세라마이드에이에스, 세라마이드이오피, 세테아릴알코올"
"A000000203207","[탄력토너] 바이오힐보 프로바이오덤 3D 리프팅 에센셜 토너 150ml","바이오힐보","150.0","150.0","ml","","25000","1666.7","정제수, 글리세린, 글리세레스-26, 부틸렌글라이콜, 펜틸렌글라이콜, 폴리글리세린-3, 락토바실러스발효용해물, 락토바실러스발효물, 프룩토올리고사카라이드, 프룩탄, 이눌린, 판테놀, 베타인, 베타-글루칸, 아데노신, 사포닌, 수용성프로테오글리칸, 노나펩타이드-1, 아세틸테트라펩타이드-9, 아세틸테트라펩타이드-5, 아세틸헥사펩타이드-1, 아세틸헥사펩타이드-8, 팔미토일트라이펩타이드-8, 다이펩타이드다이아미노부티로일벤질아마이드다이아세테이트, 카퍼트라이펩타이드-1, 트라이펩타이드-1, 팔미토일테트라펩타이드-7, 팔미토일트라이펩타이드-1, 팔미토일트라이펩타이드-5, 팔미토일펜타펩타이드-4, 팔미토일헥사펩타이드-12, 펜타펩타이드-3, 헥사펩타이드-9, 올리고펩타이드-2, 실버위드추출물, 무화과추출물, 병풀추출물, 귀리커넬추출물, 아티초크잎추출물, 메도우폼씨오일, 하이드로제네이티드레시틴, 녹차수, C12-14파레스-12, 아크릴레이트/C10-30알킬아크릴레이트크로스폴리머, 트로메타민, 에틸헥실글리세린, 폴리글리세릴-10스테아레이트, 암모늄아크릴로일다이메틸타우레이트/브이피코폴리머, 다이포타슘글리시리제이트, 메틸프로판다이올, 1,2-헥산다이올, 소듐파이테이트, 글리세릴폴리메타크릴레이트, 폴리쿼터늄-51, 세라마이드엔피, 말토덱스트린, 토코페롤, 프로판다이올, 알진, 바이오사카라이드검-4, 잔탄검, 수크로오스다이스테아레이트, 카프릴릭/카프릭트라이글리세라이드, 소듐포스페이트, 카프릴릴글라이콜, 하이드록시프로필사이클로덱스트린, 미네랄솔트, 덱스트란, 다이소듐포스페이트, 향료"
"A000000203564","[슬로에이징/영양탄력] 닥터지 블랙스네일 토너 150ml","닥터지","150.0","150.0","ml","","18000","1200.0","정제수, 달팽이점액여과물, 부틸렌글라이콜, 글리세린, 나이아신아마이드, 1,2-헥산다이올, 감초뿌리추출물, 쇠비름추출물, 진흙버섯추출물, 참마뿌리추출물, 감태추출물, 다시마추출물, 미역추출물, 청각추출물, 톳추출물, 베타인, 판테놀, 암모늄아크릴로일다이메틸타우레이트, 브이피코폴리머, 글리세릴글루코사이드, C12-13파레스-9, 카보머, 아데노신, 다이소듐이디티에이, 하이드롤라이즈드옥수수전분, 베타-글루칸, 수크로오스, 향료, 에틸헥실글리세린"
"A000000204454","조선미녀 청매실 AHABHA 토너 150ml","조선미녀","150.0","150.0","ml","","18000","1200.0","정제수, 매실수(25.0 %), 다이프로필렌글라이콜, 글리세린, 글라이콜릭애씨드(2.0 %), 부틸렌글라이콜, 트로메타민, 1,2-헥산다이올, 살리실릭애씨드(0.5 %), 하이드록시아세토페논, 옥틸도데세스-16, C12-14파레스-12, 에틸헥실글리세린, 녹두추출물, 다이소듐이디티에이, 잔탄검, 인도멀구슬나무잎추출물, 인도멀구슬나무꽃추출물, 아이비고드열매추출물, 홀리바질잎추출물, 울금뿌리추출물, 알로에베라꽃추출물, 가지열매추출물, 참산호말추출물"
"A000000204623","설화수 자음수EX 150ml","설화수","150.0","150.0","ml","72000","64800","4320.0","정제수, 부틸렌글라이콜, 1,2-헥산다이올, 베타인, 글리세린, 트레할로오스, 피이지/피피지-17/6코폴리머, 글리세레스-26, 피이지-60하이드로제네이티드캐스터오일, 아크릴레이트/C10-30알킬아크릴레이트크로스폴리머, 트로메타민, 에틸헥실글리세린, 대추추출물, 비스-피이지-18메틸에터다이메틸실레인, 카르노신, 황금추출물, 프로판다이올, 알란토인, 향료, 소듐메타포스페이트, 리모넨, 구기자추출물, 하이드록시에틸아크릴레이트/소듐아크릴로일다이메틸타우레이트코폴리머, 칡뿌리추출물, 바이오사카라이드검-1, 펜틸렌글라이콜, 글루타티온, 뽕나무잎추출물, 지황뿌리추출물, 리날룰, 매실나무꽃추출물, 작약뿌리추출물, 둥굴레뿌리줄기추출물, 솔비탄아이소스테아레이트, 폴리솔베이트60, 연꽃추출물, 참나리비늘줄기추출물, 토코페롤, 메톡시피이지-114/폴리엡실론카프로락톤, 하이드롤라이즈드콩추출물, 베타-글루칸, 매실추출물, 참깨추출물, 잣나무씨추출물, 모과추출물, 찔레꽃열매추출물"
"A000000204639","더후 로얄레지나 에너지드롭 트리트먼트 75ml","더후","75.0","75.0","ml","49500","44550","5940.0","해수, 정제수, 메틸프로판다이올, 펜틸렌글라이콜, 변성알코올, 1,2-헥산다이올, 글리세린, 나이아신아마이드, 페닐트라이메티콘, 부틸렌글라이콜, 세린, 다이페닐실록시페닐트라이메티콘, 2,3-부탄다이올, 페닐프로필디메틸실록시실리케이트, 다이페닐다이메티콘, 트로메타민, 카보머, 글리세레스-26, 아크릴레이트/C10-30알킬아크릴레이트크로스폴리머, 다이포타슘글리시리제이트, 피이지/피피지-17/6코폴리머, 다이프로필렌글라이콜, 카프릴릭/카프릭트라이글리세라이드, 아데노신, 트라이소듐이디티에이, 알란토인, 알지닌글루타메이트, 하이알루로닉애씨드, 알지닌, 달메이션아이리스뿌리추출물, 소듐하이알루로네이트, 시트릭애씨드, 다이메티콘, 비타민나무열매오일, 해바라기씨오일, 페룰릭애씨드, 잇꽃씨오일, 검정콩오일, 코튼씨오일, 하이드로제네이티드레시틴, 아마씨오일, 산수유열매추출물, 왜당귀뿌리추출물, 타임추출물, 소엽잎추출물, 향부자추출물, 지황뿌리추출물, 대추추출물, 영지버섯추출물, 스페인감초뿌리추출물, 귤껍질추출물, 구기자추출물, 뽕나무껍질추출물, 도라지뿌리추출물, 녹차오일, 살구씨오일, 토코페롤, 자아만아이리스뿌리추출물, 꽃창포추출물, 세드롤, 리놀레익애씨드, 베타-시토스테롤, 로즈마리닉애씨드, 우르솔릭애씨드, 쿼세틴, 향료, 리모넨, 헥실신남알, 리날룰, 시트로넬올"
"A000000204652","더후 공진향 탄력 밸런싱 토너 150ml","더후","150.0","150.0","ml","63000","54600","3640.0","정제수*, 변성알코올, 1,2-헥산다이올*, 다이프로필렌글라이콜, 부틸렌글라이콜*, 글리세린, 베타인, 메틸글루세스-20, 판테놀, 트레할로오스, 피이지-40하이드로제네이티드캐스터오일, 아크릴레이트/C10-30알킬아크릴레이트크로스폴리머, 아데노신, 소듐하이알루로네이트, 잔탄검, 천문동뿌리추출물*, 각시둥굴레뿌리줄기/뿌리추출물, 하수오뿌리추출물, 알지닌*, 밀리타리스동충하초추출물, 동충하초추출물, 글루타믹애씨드*, 산수유열매추출물*, 참당귀뿌리추출물*, 타임추출물*, 홍삼추출물, 인삼추출물, 글라이코프로테인*, 카프릴릭/카프릭트라이글리세라이드, 영지버섯추출물*, 쿠푸아수씨버터, 하이드로제네이티드레시틴, 에틸헥실글리세린*, 글리세릴스테아레이트, 피이지-100스테아레이트, 피이지-10피토스테롤, 락토바실러스/콩발효추출물, 효모/감자추출물발효여과물, 글라이코리피드, 효모/보리씨발효여과물, 베헤닐알코올, 트라이소듐이디티에이, 트로메타민, 향료, 제라니올, 리날룰, 리모넨"
"A000000205391","피지오겔 시카밸런스 포맨 카밍 토너 200ml","피지오겔","200.0","200.0","ml","32000","25900","1295.0","정제수, 부틸렌글라이콜, 1,2-헥산다이올, 프로판다이올, 글리세린, 나이아신아마이드, 판테놀, 다이프로필렌글라이콜, 소듐시트레이트, 카르니틴, 시트릭애씨드, 알란토인, 살리실릭애씨드, 마데카소사이드(250 ppm), 트라이소듐이디티에이, 사코신, 아세타마이드엠이에이, 베타-글루칸, 팔미타마이드엠이에이, 스쿠알란, 아시아티코사이드(0.4 ppm), 마데카식애씨드(0.35 ppm), 아시아틱애씨드(0.25 ppm), 카프릴릭/카프릭트라이글리세라이드, 세라마이드엔피, 하이드로제네이티드레시틴"
"A000000205919","[수분보습] 디오디너리 사카로미세스 퍼멘트 30% 밀키 토너 100ml","디오디너리","100.0","100.0","ml","","20100","2010.0","정제수, 효모추출물(30%), 스쿠알란, 라우릴글루코사이드, 미리스틸글루코사이드, 폴리글리세릴-6라우레이트, 아이소세테스-20, 트라이소듐에틸렌다이아민다이석시네이트, 시트릭애씨드, 소듐시트레이트, 소듐하이드록사이드, 페녹시에탄올, 클로페네신."
"A000000206418","더바디샵 티트리 오일 10ML","더바디샵","10.0","10.0","ml","16000","15200","15200.0","티트리잎오일(14.55%),리모넨,리날룰,t-부틸알코올,시트랄,시트로넬올,레몬향티트리오일(0.000478%),토코페롤"
"A000000206419","더바디샵 티트리 오일 20ML","더바디샵","20.0","20.0","ml","25000","23750","11875.0","티트리잎오일(14.55%),리모넨,리날룰,t부탈알코올,시트랄,시트로넬올,레몬향티트리오일(0.000478%),토코페롤"
"A000000206694","토리든 다이브인 포맨 저분자 히알루론산 스킨 300ml","토리든","300.0","300.0","ml","","21000","700.0","정제수, 다이프로필렌글라이콜, 부틸렌글라이콜, 1,2-헥산다이올, 글리세린, 트레할로오스, 판테놀, 소듐하이알루로네이트, 하이드롤라이즈드하이알루로닉애씨드, 소듐아세틸레이티드하이알루로네이트, 소듐하이알루로네이트크로스폴리머, 하이드롤라이즈드소듐하이알루로네이트, 알란토인, 징크피씨에이, 인도멀구슬나무잎추출물, 인도멀구슬나무꽃추출물, 아이비고드열매추출물, 가지열매추출물, 베타인, 우레아, 트로메타민, 펜틸렌글라이콜, 피브이엠/엠에이코폴리머, 잔탄검, 셀룰로오스검, 다이소듐이디티에이, 카보머, 글리세릴아크릴레이트/아크릴릭애씨드코폴리머, 에틸헥실글리세린, 말라카이트추출물, 알로에베라꽃추출물, 홀리바질잎추출물, 울금뿌리추출물, 참산호말추출물"
"A000000207006","파파레서피 블레미쉬 필링 토너 120ml","파파레서피","120.0","120.0","ml","18000","14580","1215.0","정제수, 쌀겨수, 글리세린, 프로판다이올, 1,2-헥산다이올, 나이아신아마이드, 다마스크장미꽃수, 쌀발효여과물, 파파야열매추출물, 퀴노아씨추출물, 쌀추출물, 부틸렌글라이콜, 콜레스테롤, 귀리가루추출물, 프로필렌글라이콜, 피토스핑고신, 락토바실러스/콩발효추출물, 락토바실러스/아세로라체리발효물, 락토바실러스/석류발효추출물, 락토바실러스/고추냉이뿌리발효추출물, 락토바실러스/히비스커스꽃발효여과물, 효모/자일리눔/홍차발효물, 글루코노락톤, 쇠비름추출물, 아세틸피토스핑고신, 세라마이드엔피, 에틸헥실글리세린, 아데노신, 하이드로제네이티드레시틴, 시어버터, 스쿠알란, 카프릴릭/카프릭트라이글리세라이드, 올리브오일, 소듐시트레이트, 시트릭애씨드, 다이소듐이디티에이"
"A000000207031","제나벨 PDRN 리쥬비네이팅 토너 300ml","제나벨","300.0","300.0","ml","","24000","800.0","정제수,부틸렌글라이콜,글리세린,프로판다이올,나이아신아마이드,다이프로필렌글라이콜,1,2-헥산다이올,판테놀,소듐디엔에이,시트릭애씨드,에틸헥실글리세린,아데노신,잔탄검,소듐시트레이트,다이소듐이디티에이,소듐하이알루로네이트,쇠비름추출물,병풀추출물,하이드롤라이즈드식물성단백질,말토덱스트린,베타-글루칸,토코페롤,하이알루로닉애씨드,하이드롤라이즈드소듐디엔에이,하이드록시프로필트라이모늄하이알루로네이트,마데카소사이드,하이드롤라이즈드하이알루로닉애씨드,트라이펩타이드-1,소듐아세틸레이티드하이알루로네이트,소듐하이알루로네이트크로스폴리머,마데카식애씨드,하이드롤라이즈드소듐하이알루로네이트,아시아틱애씨드,아시아티코사이드,아세틸헥사펩타이드-8,포타슘하이알루로네이트"
"A000000208030","[여드름/진정케어] 포엘리에 옴므 병풀잎수 86.63% 시카 토너 미스트 100ml","포엘리에","100.0","100.0","ml","17600","14900","1490.0","병풀잎수(866,355 ppm), 프로판다이올, 다이프로필렌글라이콜, 나이아신아마이드, 1,2-헥산다이올, 정제수, 스트렙토코쿠스 테르모필루스발효물, 병풀추출물(35 ppm), 병풀잎추출물(35 ppm), 병풀뿌리추출물(30 ppm), 효모발효물, 바위취추출물, 판테놀, 자일리톨, 자일리틸글루코사이드, 사과즙, 아시아틱애씨드(2 ppm), 아시아티코사이드(2 ppm), 마데카식애씨드(2 ppm), 마데카소사이드(2 ppm), 카프릴릭/카프릭트라이글리세라이드, 안하이드로자일리톨, 하이드로제네이티드레시틴, 세라마이드엔피, 소듐스테아로일글루타메이트, 백미꽃추출물, 접시꽃추출물, 소듐하이알루로네이트, 자일로오스, 하이드롤라이즈드하이알루로닉애씨드, 하이알루로닉애씨드, 소듐클로라이드, 부틸렌글라이콜, 하이드록시아세토페논, 글리세린, 다이포타슘글리시리제이트, 폴리글리세릴-10라우레이트, 아데노신, 시트릭애씨드, 베타-글루칸, 하이드록시프로필트라이모늄하이알루로네이트, 소듐아세틸레이티드하이알루로네이트, 하이드롤라이즈드소듐하이알루로네이트, 소듐하이알루로네이트크로스폴리머, 포타슘하이알루로네이트, 잔탄검, 소듐파이테이트, 에틸헥실글리세린, 카프릴로일살리실릭애씨드, 향료"
"A000000208718","스콧해미쉬 블루 블렌디드 토너 에센스 180ml","스콧해미쉬","180.0","180.0","ml","55000","38500","2138.9","정제수, 프로판다이올, 글리세레스-26, 메틸글루세스-20, 1,2-헥산다이올, 나이아신아마이드, 에탄올, 펜틸렌글라이콜, 메틸프로판다이올, 병풀추출물, 다시마추출물, 한련초잎추출물, 쇠비름추출물, 로즈마리잎추출물, 마트리카리아꽃추출물, 인도멀구슬나무잎추출물, 인도멀구슬나무꽃추출물, 울금뿌리추출물, 카카오씨추출물, 당느릅나무뿌리추출물, 줄맨드라미씨추출물, 페퍼민트잎추출물, 홀리바질잎추출물, 참산호말추출물, 귀리가루추출물, 기장추출물, 보리추출물, 쌀추출물, 호밀추출물, 라케모사승마뿌리추출물, 흰무늬엉겅퀴추출물, 맥아추출물, 소듐하이알루로네이트, 하이드로제네이티드레시틴, 옥틸도데세스-16, 글리세린, 부틸렌글라이콜, 잔탄검, 아크릴레이트/C10-30알킬아크릴레이트크로스폴리머, 아데노신, 트로메타민, 덱스트린, 프룩토올리고사카라이드, 베타-글루칸, 소듐폴리아크릴레이트, 피브이엠/엠에이코폴리머, 하이드롤라이즈드하이알루로닉애씨드, 글라이신, 베타인, 세린, 소듐피씨에이, 솔비톨, 알라닌, 알지닌, 옥수수전분, 트레오닌, 프롤린, 레스베라트롤, 글루타믹애씨드, 라이신, 소듐하이알루로네이트크로스폴리머, 하이드롤라이즈드소듐하이알루로네이트, 하이알루로닉애씨드, 향료, 하이드록시아세토페논, 에틸헥실글리세린, 리모넨, 리날룰"
"A000000208896","[콜라겐/레티놀]아이디얼 포 맨 퍼펙트 탄력 스킨 200mL","아이디얼포맨","200.0","200.0","ml","17000","15900","795.0","정제수,프로판다이올,다이프로필렌글라이콜,메틸프로판다이올,나이아신아마이드,펜틸렌글라이콜,글리세린,병풀추출물,실버위드추출물,쇠비름추출물,귀리커넬추출물,아티초크잎추출물,콜라겐추출물,로즈마리잎추출물,마트리카리아꽃추출물,하이드로제네이티드레시틴,녹차수,소듐하이알루로네이트,다이페닐다이메티콘,트라이에틸헥사노인,부틸렌글라이콜,폴리글리세릴-10올리에이트,소듐아크릴릭애씨드/엠에이코폴리머,하이드록시아세토페논,에틸헥실글리세린,아데노신,다이소듐이디티에이,카보머,트로메타민,폴리쿼터늄-51,1,2-헥산다이올,소듐폴리아크릴레이트,피브이엠/엠에이코폴리머,베타-글루칸,스키조사카로미세스발효여과물,락토바실러스발효용해물,카프릴릴글라이콜,비피다발효용해물,스트렙토코쿠스 테르모필루스발효물,카프릴릭/카프릭트라이글리세라이드,레티놀,에이치디아이/트라이메틸올헥실락톤크로스폴리머,토코페롤,하이드롤라이즈드엘라스틴,폴리비닐알코올,콜라겐,스쿠알란,세라마이드엔피,아세틸테트라펩타이드-5,잔탄검,페닐프로판올,리놀레닉애씨드,수크로오스다이스테아레이트,하이드록시프로필사이클로덱스트린,올리브수"
"A000000208986","[촉촉스킨] 우노 스킨 세럼 워터 200ml","우노","200.0","200.0","ml","","16000","800.0","정제수,에탄올,다이프로필렌글라이콜,글리세린,부틸렌글라이콜,메틸글루세스-10,다이글리세린,페녹시에탄올,피이지-6,피이지-32,피이지-60하이드로제네이티드캐스터오일,하이드로제네이티드폴리데센,아이소스테아릴알코올,아이소스테아릭애씨드,소듐시트레이트,폴리글리세릴-2다이아이소스테아레이트,향료,에리스리톨,다이소듐이디티에이,시트릭애씨드,소듐메타바이설파이트,녹차추출물,소듐아세틸레이티드하이알루로네이트,소듐하이알루로네이트,스쿠알란,티오타우린,타마린드씨검,토코페롤,글루코오스,리날룰,리모넨,벤질벤조에이트,제라니올,시트로넬올"
"A000000209588","[NEW/기미잡티케어] VT 티엑스토닝 토너 200ml","VT","200.0","200.0","ml","23000","20700","1035.0","정제수, 글리세린, 나이아신아마이드, 프로판다이올, 1,2-헥산다이올, 트라넥사믹애씨드, 에리스리톨, 카보머, 트레할로오스, 아데노신, 알지닌, 다이소듐이디티에이, 알란토인, 잔탄검, 글루타티온, 글리시리직애씨드, 하이드로제네이티드레시틴, 마카다미아씨오일, 스쿠알란, 파파인, 마데카소사이드, 세라마이드엔피, 병풀잎추출물, 아시아티코사이드, 스테아릭애씨드, 콜레스테롤, 말토덱스트린"
"A000000209641","[첫 단계 톤업 케어] 티엘스 레드 오렌지 나이아신아마이드 토너 150ml","티엘스","150.0","150.0","ml","19000","13000","866.7","정제수, 다이프로필렌글라이콜, 1, 2-헥산다이올, 나이아신아마이드(2%), 프로판다이올, 당귤추출물(7,000ppm), 부틸렌글라이콜, 글리세린, 하이드록시아세토페논, 베타인, 폴리글리세릴-10라우레이트, 아데노신, 글루코노락톤, 소듐파이테이트, 불가리스쑥오일, 알지닌, 서양배추출물, 갈바눔수지오일, 사이아노코발아민, 아스코빅애씨드, 폴릭애씨드, 판테놀, 토코페롤"
"A000000209712","더페이스샵 더젠틀포맨 안티에이징 스킨 145ml","더페이스샵","145.0","145.0","ml","","23000","1586.2","정제수, 다이프로필렌글라이콜, 1,2-헥산다이올, 판테놀, 양까막까치밥나무열매추출물, 자몽추출물, 흰버드나무껍질추출물, 아데노신, 옥틸도데세스-16, 피피지-26-부테스-26, 피이지-40하이드로제네이티드캐스터오일, 글리세린, 부틸렌글라이콜, 락틱애씨드, 소듐락테이트, 하이드로제네이티드레시틴, 다이메티콘, 에틸헥실글리세린, 페녹시에탄올, 트라이소듐이디티에이, 향료, 리모넨, 리날룰, 헥실신남알, 시트랄"
"A000000209908","제로이드 인텐시브 크림 토너 200ml","제로이드","200.0","200.0","ml","","32000","1600.0","정제수, 부틸렌글라이콜, 글리세린, 시어버터, 1,2-헥산다이올, 하이드로제네이티드레시틴, 폴리글리세릴-10스테아레이트, 폴리글리세릴-10베헤네이트/에이코사디오에이트, 다이프로필렌글라이콜, 판테놀, 다이포타슘글리시리제이트, 세테아릴올리베이트, 솔비탄올리베이트, 메틸카프로오일타이로지네이트, 징크글루코네이트, 미리스토일/팔미토일옥소스테아라마이드/아라카마이드엠이에이, 하이드록시아세토페논, 식물성스쿠알란, 카프릴릭/카프릭트라이글리세라이드, 솔비탄스테아레이트, 세테아릴알코올, 글리세릴스테아레이트, 카프릴릴글라이콜, 피토스테롤, 스테아릭애씨드, 잔탄검"
"A000000210171","피토메르 로제비자쥐 250ml","피토메르","250.0","250.0","ml","58000","35140","1405.6","정제수, 다마스크장미꽃수, 프로필렌글라이콜, 피이지-7글리세릴코코에이트, 펜틸렌글라이콜, 피이지-40하이드로제네이티드캐스터오일, 트라이데세스-9, 클로페네신, 글리세린, 세트리모늄브로마이드, 소듐시트레이트, 다이소듐이디티에이, 향료, 시트릭애씨드, 씨솔트, 소듐하이드록사이드, 울렉스잎/뿌리/줄기추출물, 제라니올, 시트로넬올, 적색227호"
"A000000210415","[증정기획 진정PDRN] 헤브블루 살몬 PDRN 센텔라 토너 200ml 기획 (+연어 크림 20ml)","헤브블루","200.0","220.0","ml","41900","26800","1218.2","살몬 케어링 센텔라 토너
병풀잎수(828,168ppm), 정제수, 부틸렌글라이콜, 약모밀수(30,380ppm), 프로판다이올, 글리세린, 1,2-헥산다이올, 연어알추출물(1,500ppm), 알란토인, 판테놀, 에틸헥실글리세린, 소듐하이알루로네이트, 다이소듐이디티에이, 말토덱스트린, 아보카도열매추출물, 덱스트린, 카카오추출물, 쇠비름추출물, 마데카소사이드, 소듐디엔에이이

살몬 케어링 센텔라 크림
병풀잎수(625,219ppm), 부틸렌글라이콜, 글리세린, 카프릴릭/카프릭트라이글리세라이드, 하이드로제네이티드폴리(C6-14올레핀), 정제수, 프로판다이올, 다이프로필렌글라이콜, 펜타에리스리틸테트라에틸헥사 노에이트, 1,2-헥산다이올, 사이클로헥사실록세인, 해바라기씨오일, 세테아릴올리베이트, 솔비탄올리베이트, 암모늄아크릴로일다이메틸타우레이트/브이피코폴리머, 아크릴레이트/C10-30알킬아크릴레이트크로스폴리머, 트로메타민, 연어알추출물(1,500ppm), 소듐폴리아크릴레이트, 베타인, 판테놀, 녹차수, 소듐하이알루로네이트, 에틸헥실글리세린, 잔탄검, 아데노신, 다이소듐이디티에이, 덱스트린, 쇠비름추출물, 하이드롤라이즈드콜라겐, 카카오추출물, 토코페롤, 하이알루로닉애씨드, 마데카소사이드, 소듐디엔에이, 말토덱스트린, 아보카도열매추출물, 하이드롤라이즈드하이알루로닉애씨드"
"A000000210471","더샘 에코 에너지 아쿠아 토너/에멀전 택1","더샘","","","","19000","13300","","토너)정제수, 글리세린, 1,2-헥산다이올, 부틸렌글라이콜, 다이프로필렌글라이콜, 프로판다이올, 폴리글리세릴-10라우레이트, 트레할로오스, 폴리글리세릴-10미리스테이트, 소듐폴리아크릴레이트, 소듐시트레이트, 잔탄검, 타임추출물, 루이보스잎추출물, 회향잎추출물, 향료, 시트릭애씨드, 다이소듐이디티에이, 카프릴릴글라이콜, 레드초크베리열매추출물, 로우스위트블루베리추출물, 빌베리열매추출물, 월귤추출물, 타임잎추출물, 로즈마리잎추출물, 살비아잎추출물, 라벤더꽃추출물, 레몬밤잎추출물, 마조람잎추출물, 마트리카리아꽃추출물, 꽃송이버섯추출물, 베타-글루칸, 에틸헥실글리세린
에멀전)정제수, 글리세린, 카프릴릭/카프릭트라이글리세라이드, 부틸렌글라이콜, 1,2-헥산다이올, 다이프로필렌글라이콜, 폴리글리세릴-3다이스테아레이트, 루이보스잎추출물, 회향잎추출물, 타임추출물, 암모늄아크릴로일다이메틸타우레이트/브이피코폴리머, 다이소듐이디티에이, 바실러스/소이빈발효추출물, 프로판다이올, 카프릴릴글라이콜, 마트리카리아꽃추출물, 라벤더꽃추출물, 레몬밤잎추출물, 마조람잎추출물, 로즈마리잎추출물, 살비아잎추출물, 타임잎추출물, 마시멜로뿌리추출물, 라벤더추출물, 신선초추출물, 약모밀추출물, 바질추출물, 로즈마리추출물, 서양수수꽃다리추출물, 펜틸렌글라이콜, 다이메티콘, 하이드록시에틸우레아, 세테아릴알코올, 세틸알코올, 글리세릴스테아레이트, 솔비탄올리에이트, 아크릴레이트/C10-30알킬아크릴레이트크로스폴리머, 알지닌, 글리세릴스테아레이트시트레이트, 에틸헥실글리세린, 향료, 리모넨, 리날룰, 제라니올"
"A000000210950","운스트라움 디 오리진 미스트 토너 150ml","운스트라움","150.0","150.0","ml","22000","10850","723.3","정제수, 다이프로필렌글라이콜, 1,2-헥산 다이올, 병풀추출물, 무화과추출물, 당느릅나무뿌리추출물, 줄맨드라미씨추출물, 병풀뿌리추출물, 병풀잎추출물, 소나무잎추출물, 하이드로제네이티드레시틴, 옥틸도데세스-16, 부틸렌글라이콜, 나이아신아마이드, 소듐시트레이트, 시트릭애씨드, 잔탄검, 다이소듐이디티에이, 메틸프로판다이올, 알란토인, 판테놀, 효모발효물, 세라마이드엔피, 아시아티코사이드, 마데카소사이드, 마데카식 애씨드, 아시아틱애씨드, 향료, 하이드록시아세토페논, 에틸헥실글리세린"
"A000000211218","믹순 병풀 토너 300ml","믹순","300.0","300.0","ml","","25000","833.3","정제수, 부틸렌글라이콜, 1,2-헥산다이올, 병풀추출물(10,000ppm)"
"A000000211219","믹순 콩 토너 300ml","믹순","300.0","300.0","ml","","28000","933.3","정제수, 1,2-헥산다이올, 글리세레스-26, 글리세린, 콩추출물(9,607ppm), 베타인, 알란토인, C12-14파레스-12, 에틸헥실글리세린, 다이소듐이디티에이, 시트릭애씨드, 소듐시트레이트, 프로판다이올, 락토바실러스/인삼뿌리발효여과물, 락토바실러스/쌀발효물, 락토바실러스/콩발효추출물(20ppb), 효모/율무씨발효여과물, 효모/감자추출물발효여과물"
"A000000212250","[대용량] 오브제 포어 제로 필링 토너 310ml","오브제","310.0","310.0","ml","25000","19800","638.7","정제수, 다이프로필렌글라이콜, 1,2-헥산다이올, 글리세린, 쇠비름추출물, 당느릅나무뿌리추출물, 줄맨드라미씨추출물, 약모밀추출물, 병풀뿌리추출물, 병풀잎추출물, 병풀추출물, 티트리추출물, 카우슬립추출물, 오렌지껍질오일, 구주소나무잎오일, 라임전초오일, 유칼립투스잎오일, 레몬껍질오일, 베르가모트오일, 소듐하이알루로네이트, 옥틸도데세스-16, C12-14파레스-12, 소듐시트레이트, 하이드록시아세토페논, 에틸헥실글리세린, 부틸렌글라이콜, 잔탄검, 시트릭애씨드, 다이소듐이디티에이, 글루코노락톤, 카프릴로일살리실릭애씨드, 토코페롤, 효모발효물, 아시아티코사이드, 만니톨, 마데카소사이드, 메틸프로판다이올, 파파인, 수크로오스, 브로멜라인, 마데카식애씨드, 아시아틱애씨드, 글라이신, 글루타믹애씨드, 나이아신아마이드, 알지닌, 리놀레닉애씨드, 바이오틴, 사이아노코발아민, 아스코빅애씨드, 토코페릴아세테이트, 판토테닉애씨드, 살리실릭애씨드, 리모넨"
"A000000213385","더마라인 디렉소 PDRN 솔루션 액티빙 토너 200ml","더마라인","200.0","200.0","ml","55000","38900","1945.0","정제수, 부틸렌글라이콜, 다이프로필렌글라이콜, 메틸프로판다이올, 1,2-헥산다이올, 나이아신아마이드, 하이드록시에틸우레아, 트레할로오스, 베타인, 만주자작나무수액, 지모뿌리추출물, 으름덩굴추출물, 타이 칡뿌리추출물, 프로방스장미꽃수, 글리세린, 알란토인, 판테놀, 프로판다이올, 다이포타슘글리시리제이트, 소듐디엔에이(1,000ppm), 알로에베라잎추출물, 락토바실러스발효용해물, 녹두씨추출물, 돌콩추출물, 에스쿨렌타렌즈콩씨추출물, 줄작두콩씨추출물, 칡뿌리추출물, 캐롭씨추출물, 다이소듐이디티에이, 소듐 폴리글루타메이트, 하이드롤라이즈드스클레로튬검, 아데노신, 옥틸도데칸올, 마데카소사이드, 하이드로 제네이티드레시틴, 말토덱스트린, 바이오사카라이드검-1, 세라마이드엔피, 띠뿌리추출물, 트라이에탄올아 민, 카보머, 아시아티코사이드, 한련초잎추출물, 베타-글루칸, 에틸헥실글리세린, 글루타티온, 카프릴릴글 라이콜, 폴리글리세릴-10라우레이트, 덱스트린, 소듐하이알루로네이트, 알지닌, 칼슘카보네이트, 하이드록 시프로필메틸셀룰로오스, 카퍼트라이펩타이드-1 트라이펩타이드-1, 팔미토일트라이펩타이드-1, 팔미토일 펜타펩타이드-4, 헥사펩타이드-11, 헥사펩타이드-9"
"A000000213407","반코르 닥터 세라마이드 토너 150ml","반코르","150.0","150.0","ml","21000","17850","1190.0","정제수, 부틸렌글라이콜, 다이에톡시에틸석시네이트, 세라마이드엔피(1,100ppm), 세라마이드엔에스(1,500ppb), 세라마이드에이에스(500ppb), 세라마이드에이피(500ppb), 세라마이드이오피(1ppb), 에스에이치-폴리펩타이드-22, 에스에이치-폴리펩타이드-1, 에스에이치-올리고펩타이드-2, 에스에이치-올리고펩타이드-1, 피토스핑고신, 콜레스테롤, 소듐하이알루로네이트, 다이프로필렌글라이콜, 글리세릴스테아레이트, 세테아릴알코올, 광곽향오일, 바닐라열매오일, 라반딘오일, 고수열매오일, 필리핀오렌지껍질오일, 소두구씨오일, 1,2-헥산다이올, 하이드로제네이티드레시틴, 아데노신, 카보머, C12-14알케스-12, 하이드록시아세토페논, 스테아릭애씨드, 에틸헥실글리세린, 트라이에틸시트레이트, 알지닌, 소듐시트레이트, 시트릭애씨드, 다이소듐이디티에이"
"A000000214034","바이오던스 퍼스트 시너지 토너 150ml","바이오던스","150.0","150.0","ml","28000","22400","1493.3","정제수, 펜틸렌글라이콜, 다이프로필렌글라이콜, 글리세린, 1,2-헥산다이올, 프로판다이올, 판테놀, 소듐하이알루로네이트, 하이드롤라이즈드하이알루로닉애씨드, 하이알루로닉애씨드, 하이드롤라이즈드글라이코사미노글리칸, 하이드록시프로필트라이모늄하이알루로네이트, 소듐하이알루로네이트크로스폴리머, 소듐아세틸레이티드하이알루로네이트, 하이드롤라이즈드소듐하이알루로네이트, 포타슘하이알루로네이트, 아이리쉬모스추출물, 사탕수수추출물, 돌콩추출물, 백미꽃추출물, 접시꽃추출물, 베타인, 에틸헥실글리세린, 스타이렌/아크릴레이트코폴리머, 부틸렌글라이콜, 트로메타민, 옥탄다이올, 토코페롤, 벤질글라이콜, 카보머"
"A000000214066","[꽃잎 토너/피부 진정 케어] 키엘 칼렌듈라 허벌 엑스트렉트 토너 125ml","키엘","125.0","125.0","ml","33000","26070","2085.6","정제수 프로필렌글라이콜 프로판다이올 페녹시에탄올 클로페네신 우엉뿌리추출물 다이소듐이디티에이 포트마리골드꽃추출물(0.0772%) 포트마리골드꽃(0.075%) 하이드롤라이즈드옥수수전분 알란토인 서양송악잎/줄기추출물 글리세린 마시멜로뿌리추출물 소듐하이드록사이드 시트릭애씨드"
"A000000214177","키엘 울트라 훼이셜 토너 75ml","키엘","75.0","75.0","ml","21000","16590","2212.0","정제수 글리세린 스쿠알란 페녹시에탄올 아크릴레이트/C10-30알킬아크릴레이트크로스폴리머 솔비탄올리에이트 다이카프릴릴에터 포타슘솔베이트 피이지-100스테아레이트 아스코빌글루코사이드 소듐하이드록사이드 토코페롤 소듐하이알루로네이트 스위트아몬드오일 살구씨오일 아보카도오일"
"A000000214203","케어놀로지 리블루 부스팅 멀티 토너 150ml","케어놀로지","150.0","150.0","ml","","48000","3200.0","정제수, 부틸렌글라이콜, 1,2-헥산다이올, 폴리솔베이트20, 붉나무충영추출물, 에틸헥실글리세린, 알로에베라잎즙, 글리세린, 캐모마일꽃추출물, 센티드제라늄꽃오일, 다이소듐이디티에이, 쑥국화추출물(블루탄지꽃오일), 덱스트린, 소듐시트레이트, 하이드로제네이티드레시틴, 다이프로필렌글라이콜, 세테아릴올리베이트, 솔비탄올리베이트, 판테놀, 치자추출물, 베타-글루칸, 세테아릴알코올, 세라마이드엔피, 소듐벤조에이트, 포타슘솔베이트, 알란토인, 소듐하이알루로네이트, 콜레스테롤, 피토스핑고신, 리날룰, 시트로넬올, 시트랄, 제라니올"
"A000000214222","포레스트 서울 히알 피톤시카 세럼토너 200ml","포레스트 서울","200.0","200.0","ml","","25000","1250.0","정제수, 트라이에틸헥사노인, 카프릴릭/카프릭트라이글리세라이드, 프로판다이올, 나이아신아마이드, 다이카프릴릴카보네이트, 글리세린, 1,2-헥산다이올, 다이프로필렌글라이콜, 사과씨오일, 소듐클로라이드, 판테놀, 편백수, 병풀추출물(1000.0089 ppb), 병풀꽃/잎/줄기추출물(100.0008 ppb), 마데카식애씨드(0.00027 ppb), 아시아틱애씨드(0.00027 ppb), 아시아티코사이드(0.00036 ppb), 동백나무꽃추출물, 잣나무씨추출물, 백미꽃추출물, 아이리쉬모스추출물, 부틸렌글라이콜, 사탕수수추출물, 글루코오스, 클로렐라 불가리스추출물, 카프릴릴글라이콜, 프룩토오스, 프룩토올리고사카라이드, 에틸헥실글리세린, 아데노신, 소듐시트레이트, 다이소듐이디티에이, 토코페롤, 시트릭애씨드, 해바라기씨오일, 소듐하이알루로네이트, 하이드록시프로필트라이모늄하이알루로네이트, 소듐아세틸레이티드하이알루로네이트, 하이드롤라이즈드하이알루로닉애씨드, 하이알루로닉애씨드, 소듐하이알루로네이트크로스폴리머, 하이드롤라이즈드소듐하이알루로네이트, 포타슘하이알루로네이트, 한련초추출물, 폴리글리세릴-10라우레이트, 인도멀구슬나무잎추출물, 하이드로제네이티드레시틴, 소듐스테아로일글루타메이트, 레시틴, 드럼스틱씨오일, 소듐아스코빌포스페이트, 향료"
"A000000216459","[모공부스터] 마몽드 포어 슈링커 바쿠치올 레티놀 토너 200ml","마몽드","200.0","200.0","ml","24000","19200","960.0","정제수, 글리세린, 부틸렌글라이콜, 베타인, 글리세릴폴리메타크릴레이트, 1,2-헥산다이올, 다이메티콘, 피피지-13-데실테트라데세스-24, 에탄올, 아크릴레이트/C10-30알킬아크릴레이트크로스폴리머, 하이드로제네이티드레시틴, 트로메타민, 에틸헥실글리세린, 아데노신, 돌콩오일, 소듐메타포스페이트, 덱스트린, 잇꽃꽃추출물, 바쿠치올(100ppm）, 소듐메틸스테아로일타우레이트, 하이드롤라이즈드익스텐신, 소듐하이알루로네이트, 호호바씨오일, 폴리글리세릴-10라우레이트, 레티놀(30ppm）, 하이드롤라이즈드식물성단백질, 카카오추출물, 3-O-에틸아스코빅애씨드, 토코페롤"
"A000000216469","[보습장벽] 마몽드 프로바이오틱스 세라마이드 스킨 소프너 200ml","마몽드","200.0","200.0","ml","24000","18000","900.0","정제수, 글리세린, 다이프로필렌글라이콜, 프로판다이올, 1,2-헥산다이올, 부틸렌글라이콜, 카프릴릭/카프릭트라이글리세라이드, 하이드로제네이티드레시틴, 아크릴레이트/C10-30알킬아크릴레이트크로스폴리머, 덱스트린, 폴리쿼터늄-51, 트로메타민, 락토바실러스발효물, 에틸헥실글리세린, 향료, 암모늄아크릴로일다이메틸타우레이트/브이피코폴리머, 다이소듐이디티에이, 아데노신, 소듐하이알루로네이트, 세라마이드엔피(111.2 ppm), 라피노오스, 소듐스테아로일글루타메이트, 무궁화나무껍질추출물, 하이드록시프로필비스라우라마이드엠이에이(10 ppm), 하이드록시프로필비스팔미타마이드엠이에이(10 ppm), 락토바실러스발효용해물(10 ppm), 동백나무씨오일, 녹차씨추출물, 검정콩오일, 토코페롤, 피토스핑고신, 카놀라오일, 로즈마리잎추출물"
"A000000216574","썸바이미 아하 바하 파하 30 데이즈 미라클 토너 기획세트 (150ml+30ml)","썸바이미","150.0","180.0","ml","21600","15100","838.9","정제수, 부틸렌글라이콜, 다이프로필렌글라이콜, 글리세린, 나이아신아마이드, 티트리잎수, 폴리글리세릴-4카프레이트, 파파야열매추출물, 에스큘렌타렌즈콩씨추출물, 버지니아풍년화추출물, 연꽃꽃추출물, 금사연둥지추출물, 소듐하이알루로네이트, 프룩탄, 알란토인, 아데노신, 하이드록시에틸우레아, 자일리톨, 살리실릭애씨드(100 ppm), 락토바이오닉애씨드(100 ppm), 시트릭애씨드(500 ppm), 소듐시트레이트, 1,2-헥산다이올, 벤질글라이콜, 에틸헥실글리세린, 라즈베리케톤, 페퍼민트오일"
"A000000219144","에르쯔틴 리제너레이티브 실트 토너 150ml","에르쯔틴","150.0","150.0","ml","","29000","1933.3","카프릴릭/카프릭트라이글리세라이드
나이아신아마이드
코코-카프릴레이트/카프레이트
1,2-헥산다이올
판테놀
C12-14알케스-12
글리세릴카프릴레이트
알란토인
아크릴레이트/C10-30알킬아크릴레이트크로스폴리머
알지닌
병풀추출물
아데노신
다이소듐이디티에이
옥틸도데칸올
부틸렌글라이콜
하이드롤라이즈드하이알루로닉애씨드
하이드로제네이티드레시틴
세라마이드엔피
아시아티코사이드
마데카식애씨드
아시아틱애씨드
카프릴릴글라이콜
팔미토일트라이펩타이드-5
카퍼트라이펩타이드-1
아세틸헥사펩타이드-8"
"A000000219625","[피지각질토너] 유리아쥬 이제악 토너 250ML기획 (+ 화장솜 20매 증정)","유리아쥬","250.0","250.0","ml","28000","19900","796.0","정제수, 에탄올, 글리세린, 온천수*, 글라이콜릭애씨드, 말릭애씨드, 소듐하이드록사이드, 락틱애씨드, 글라이신, 피이지-40하이드로제네이티드캐스터오일, 펜틸렌글라이콜, 렌틸콩씨추출물, 소듐벤조에이트, 향료 *10,000ppm"
"A000000219966","[김재원 PICK/초록진정] 몰바니 아티시카 리프레쉬 카밍 세럼 30ml","몰바니","30.0","30.0","ml","25900","17900","5966.7","정제수, 글리세린, 다이프로필렌글라이콜, 나이아신아마이드, 1,2-헥산다이올, 판테놀, 펜틸렌글라이콜, 부틸렌글라이콜, 자일리틸글루코사이드, 트레할로오스, 안하이드로자일리톨, 자일리톨, 소듐아크릴릭애씨드/엠에이코폴리머, 암모늄아크릴로일다이메틸타우레이트/브이피코폴리머, 아크릴레이트/C10-30알킬아크릴레이트크로스폴리머, 메도우폼씨오일, 트로메타민, 글루코오스, 에틸헥실글리세린, 파파야열매추출물, 포도추출물, 사과추출물, 매실추출물, 잔탄검, 다이소듐이디티에이, 치자추출물, 덱스트린, 소듐하이알루로네이트, 아티초크추출물(100ppm), 병풀잎추출물(100ppm),병풀추출물(70ppm), 폴리글리세릴-3메틸글루코오스다이스테아레이트, 카프릴릴글라이콜, 하이드로제네이티드레시틴, 마데카소사이드(10ppm), 아시아틱애씨드(10ppm), 아시아티코사이드(10ppm), 메틸글루코오스세스퀴스테아레이트, 세테아릴글루코사이드, 바이오사카라이드검-1, 비피다발효용해물, 락토바실러스발효용해물, 스트렙토코쿠스 테르모필루스발효물, 페룰릭애씨드, 토코페롤, 프로판다이올, 사철쑥추출물, 소듐아스코빌포스페이트, 세라마이드엔피, 하이드록시프로필트라이모늄하이알루로네이트, 하이드롤라이즈드하이알루로닉애씨드, 소듐아세틸레이티드하이알루로네이트, 포타슘하이알루로네이트, 소듐하이알루로네이트크로스폴리머, 하이드롤라이즈드소듐하이알루로네이트, 하이알루로닉애씨드"
"A000000219985","[김재원 PICK] 몰바니 율피 엑소좀 모공 타이트닝 토너 150ml","몰바니","150.0","150.0","ml","27000","17900","1193.3","정제수, 부틸렌글라이콜, 나이아신아마이드, 변성알코올, 락틱애씨드, 다이프로필렌글라이콜, 하이드록시아세토페논, 글리세레스-25피씨에이아이소스테아레이트, 소듐하이드록사이드, 하이드롤라이즈드하이알루로닉애씨드,카프릴릴글라이콜, 맥아추출물, 아데노신, 1,2-헥산다이올, 다이소듐이디티에이, 목련나무껍질추출물, 백미꽃추출물, 밤껍질추출물, 당느릅나무뿌리추출물, 칡뿌리추출물, 대왕소나무잎추출물, 달맞이꽃꽃추출물"
"A000000221331","[수분광] 마몽드 플로라 글로우 로즈 워터 토너 300ml","마몽드","300.0","300.0","ml","20000","16000","533.3","다마스크장미꽃수(90%), 부틸렌글라이콜, 프로판다이올, 1,2-헥산다이올, 피피지-13-데실테트라데세스-24, 에틸헥실글리세린, 정제수, 카보머, 소듐메타포스페이트, 트로메타민, 알란토인, 향료, 하이드롤라이즈드식물성단백질, 토코페롤, 소듐하이알루로네이트, 하이드롤라이즈드하이알루로닉애씨드, 소듐하이알루로네이트크로스폴리머, 하이알루로닉애씨드, 소듐아세틸레이티드하이알루로네이트"
"A000000222739","마몽드 맨 리차징 토너 180ml","마몽드","180.0","180.0","ml","19000","15200","844.4","정제수, 변성알코올, 부틸렌글라이콜, 1,2-헥산다이올, 피이지-60하이드로제네이티드캐스터오일, 에탄올, 베타인, 향료, 카페인, 에틸헥실글리세린, 리모넨, 소듐메타포스페이트, 리날룰, 하이드록시시트로넬알, 알파-아이소메틸아이오논, 시트랄, 토코페롤, 서양민들레뿌리줄기/뿌리추출물, 녹차추출물"
"A000000222939","[모공결토너] 웰라쥬 하이퍼 펩타이드 스킨부스터 토너 200ml","웰라쥬","200.0","200.0","ml","24000","19200","960.0","정제수, 글리세레스-26, 다이프로필렌글라이콜, 부틸렌글라이콜, 글리세린, 1,2-헥산다이올, 아크릴레이트/C10-30알킬아크릴레이트크로스폴리머, 트로메타민, 아데노신, 다이소듐이디티에이, 글루코노락톤, 석시닉애씨드, 소듐하이알루로네이트, 트라이펩타이드-1(750ppb), 에스-클로스트리듐 보툴리눔올리고펩타이드-1(150ppb), 아세틸헥사펩타이드-8(100ppb), 팔미토일펜타펩타이드-4(100ppb)"
"A000000223546","달팡 인트랄 이너유쓰 레스큐 아이크림 15ml","달팡","15.0","15.0","ml","59000","58850","39233.3","정제수,부틸렌글라이콜,아이소프로필아이소스테아레이트,글리세린,트라이올레인,소듐폴리아크릴로일다이메틸타우레이트,수크로오스,타피오카전분,아세틸글루코사민,락토바실러스발효물,구름버섯추출물,조류추출물,마트리카리아꽃추출물,해바라기씨오일,하이드롤라이즈드쌀추출물,센타우리추출물,노티드랙추출물,알테로모나스발효추출물,로즈마리잎추출물,모란뿌리추출물,락로즈꽃/잎/줄기추출물,아르테미아추출물,아스파라곱시스 아르마타추출물,모노기나산사꽃추출물,글루코오스,트레할로오스,카페인,판테놀,코코-카프릴레이트/카프레이트,솔비톨,다이포타슘글리시리제이트,트라이헵타노인,소듐하이알루로네이트,토코페릴아세테이트,카프릴릴글라이콜,글리세릴다이올리에이트,소듐피씨에이,폴리글리세릴-6카프릴레이트,폴리글리세릴-4카프레이트,아크릴레이트/C10-30알킬아크릴레이트크로스폴리머,소듐하이드록사이드,다이소듐이디티에이,헥실렌글라이콜,C9-12알케인,다이리놀레익애씨드/부테인다이올코폴리머,시트릭애씨드,트라이아세틴,우레아,하이드록시에틸우레아,캐스터오일/아이피디아이코폴리머,폴리쿼터늄-51,비에이치티,페녹시에탄올,포타슘솔베이트,클로페네신,소르빅애씨드,소듐벤조에이트(ILN53545) 제공된 성분은 동일 제품이라도 경우에 따라 변경될 수 있습니다. 최신정보는 제품 포장의 성분을 참고하시거나 본사 고객관리지원팀으로 연락 부탁 드립니다."
"A000000224246","[레이PICK/보습광채] 풀리 쌀 세라 에센스 토너 250ml","풀리","250.0","250.0","ml","27000","21500","860.0","쌀겨수(84%),글리세린,부틸렌글라이콜,1,2-헥산다이올,정제수,실버위드추출물,귀리커넬추출물,아티초크잎추출물,병풀추출물,향부자추출물,쌀추출물(0.005PPM),쌀지게미추출물(0.001PPM),소듐하이알루로네이트,하이드로제네이티드레시틴,녹차수,쌀겨오일(0.017PPM),다이페닐다이메티콘,트라이에틸헥사노인,베타인,폴리글리세릴-10미리스테이트,알지닌,하이드록시아세토페논,아크릴레이트/C10-30알킬아크릴레이트크로스폴리머,판테놀,다이포타슘글리시리제이트,에틸헥실글리세린,글리세릴폴리메타크릴레이트,다이소듐이디티에이,카보머,메틸프로판다이올,폴리쿼터늄-51,베타-글루칸,락토코쿠스발효용해물,토코페롤,프룩토올리고사카라이드,엑토인,하이드롤라이즈드하이알루로닉애씨드,만니톨,파파인,세라마이드엔피(0.004PPM),소듐클로라이드,피토스핑고신,브로멜라인,프로판다이올,락토바실러스/쌀발효물(0.001ppm),소듐파이테이트,수크로오스다이스테아레이트,카프릴릭/카프릭트라이글리세라이드,프로테아제,하이드록시프로필사이클로덱스트린,소듐디엔에이,리파아제,오리자놀,코직다이팔미테이트"
"A000000224385","[각질순삭] 스킨푸드 블랙슈가 퍼펙트 토너 2X 포 맨 180ml","스킨푸드","180.0","180.0","ml","20000","14000","777.8","정제수, 에탄올, 다이프로필렌글라이콜, 나이아신아마이드, 다이에톡시에틸석시네이트, 프로판다이올, 부틸렌글라이콜, 피이지-60하이드로제네이티드캐스터오일, 1,2-헥산다이올, 수크로오스(3,000 ppm), 알란토인, 에틸헥실글리세린, 아데노신, 다이소듐이디티에이, 잔탄검, 보검선인장줄기추출물, 글루코노락톤, 소듐하이알루로네이트, 알지닌, 베타-글루칸, 낫토검, 에난티아 클로란타껍질추출물, 쌀발효여과물, 레몬추출물, 사과추출물, 오렌지추출물, 파파야열매추출물, 마트리카리아추출물, 알로에베라잎추출물, 올레아놀릭애씨드, 톳추출물, 카프릴릴글라이콜, 향료, 리모넨, 벤질살리실레이트, 리날룰"
"A000000225063","[트러블진정] 키엘 칼렌듈라 꽃잎 토너 125ml/250ml (단품/기획)","키엘","125.0","375.0","ml","64000","50560","1348.3","정제수 프로필렌글라이콜 프로판다이올 페녹시에탄올 클로페네신 우엉뿌리추출물 다이소듐이디티에이 포트마리골드꽃추출물(0.0772%) 포트마리골드꽃(0.075%) 하이드롤라이즈드옥수수전분 알란토인 서양송악잎/줄기추출물 글리세린 마시멜로뿌리추출물 소듐하이드록사이드 시트릭애씨드"
"A000000225066","키엘 울트라 훼이셜 토너 (75ml/250ml)","키엘","75.0","325.0","ml","21000","16590","510.5","정제수 글리세린 스쿠알란 페녹시에탄올 아크릴레이트/C10-30알킬아크릴레이트크로스폴리머 솔비탄올리에이트 다이카프릴릴에터 포타슘솔베이트 피이지-100스테아레이트 아스코빌글루코사이드 소듐하이드록사이드 토코페롤 소듐하이알루로네이트 스위트아몬드오일 살구씨오일 아보카도오일"
"A000000225492","랩시리즈 클리어 LS 세범 인스턴트 매티파잉 에센스 200ml","랩시리즈","200.0","200.0","ml","61000","51850","2592.5","정제수,프로판다이올,비스-피이지-18메틸에터다이메틸실레인,글리세린,아세틸글루코사민,창과감초뿌리추출물,사발팜열매추출물,슈가켈프추출물,살리실릭애씨드,조류추출물,소듐하이알루로네이트,락토바실러스발효물,돌콩추출물,카프릴릴글라이콜,부틸렌글라이콜,헥실렌글라이콜,시트릭애씨드,소듐하이드록사이드,소듐시트레이트,다이소듐이디티에이,징크피씨에이,비에이치티,향료,피피지-26-부테스-26,피이지-40하이드로제네이티드캐스터오일,페녹시에탄올,포타슘솔베이트  

제공된 성분은 동일 제품이라도 경우에 따라 변경될 수 있습니다. 최신정보는 제품 포장의 성분을 참고하시거나 본사 고객관리지원팀으로 연락 부탁 드립니다."
"A000000225907","[NEW] 리엔케이 하이퍼 히알 플럼핑 토너 200ml","리엔케이","200.0","200.0","ml","25000","23750","1187.5","정제수, 다이프로필렌글라이콜, 부틸렌글라이콜, 글리세린, 펜틸렌글라이콜, 1,2-헥산다이올, 다이메틸설폰, 하이드록시아세토페논, 베타인, 폴리글리세릴-10라우레이트, 알란토인, 판테놀, 폴리글리세릴-4라우레이트, 카프릴릴/카프릴글루코사이드, 하이드록시에틸셀룰로오스, 다이소듐이디티에이, 하이드롤라이즈드하이알루로닉애씨드(7.51ppm), 하이드롤라이즈드소듐하이알루로네이트(7.51ppm), 다이메틸실란올하이알루로네이트 (7.5ppm), 소듐하이알루로네이트(5.12ppm), 하이알루로닉애씨드(5.01ppm), 포타슘하이알루로네이트(5.01ppm), 소듐하이알루로네이트크로스폴리머(4.102ppm), 하이드록시프로필트라이모늄하이알루로네이트(4.01ppm), 소듐하이알루로네이트다이메틸실란올 (2.5ppm), 다이소듐포스페이트, 폴리솔베이트60, 소듐아세틸레이티드하이알루로네이트 (2.001ppm), 콘민트추출물, 유칼립투스잎추출물, 레몬그라스추출물, 알로에베라잎추출물, 에틸헥실글리세린, 에리스리톨, 소듐포스페이트, 스위트아몬드열매추출물, 타히보껍질추출물, 흰목이버섯추출물, 향료"
"A000000225919","하루하루원더 블랙라이스 히알루로닉 토너 150ml 기획(+30ml)","하루하루원더","150.0","180.0","ml","","20000","1111.1","정제수, 베타인, 글리세린, 소듐파이테이트, 프로판다이올, 흑미추출물(2,000ppm), 죽순껍질추출물(2,000ppm), 아스퍼질러스발효물, 홍삼추출물, 사이클로덱스트린, 황금추출물, 하이알루로닉애씨드(600ppm), 베타-글루칸, 셀룰로오스검, 잔탄검, 부틸렌글라이콜, 우스니아추출물, 초피나무열매추출물, 할미꽃추출물, 타마린드씨검, 폴리글리세릴-10라우레이트, 폴리글리세릴-10미리스테이트, 글루코오스, 1,2-헥산다이올, 에탄올, 라벤더오일, 리날룰"
"A000000226099","이니스프리 그린티 스킨 포맨 150ml","이니스프리","150.0","150.0","ml","","22000","1466.7","정제수, 변성알코올, 프로판다이올, 글리세린, 1,2-헥산다이올, 피피지-13-데실테트라데세스-24, 트라이에틸시트레이트, 리모넨, 에틸헥실글리세린, 소듐메타포스페이트, 레몬껍질오일, 마테잎추출물, 베타-글루칸, 시트랄, 녹차추출물, 소두구씨오일, 스피어민트잎오일, 시트로넬라오일, 갈바눔수지오일, 토코페롤"
"A000000227275","[매끈물광&피지쓱싹] 어나더페이스 펩타테놀 수분 밸런스 토너 120ml","어나더페이스","120.0","120.0","ml","25000","18750","1562.5","정제수, 프로판다이올, 메틸프로판다이올, 나이아신아마이드, 판테놀 (10,125 ppm), 부틸렌글라이콜, 다이프로필렌글라이콜, 1,2-헥산다이올, 하이드록시아세토페논, 글리세레스-25피씨에이아이소스테아레이트, 펜틸렌글라이콜, 잔탄검, 글리세린, 에틸헥실글리세린, 옥수수커넬추출물, 아데노신, 소듐시트레이트, 다이소듐이디티에이, 시트릭애씨드, 향료, 하이드롤라이즈드하이알루로닉애씨드, 사철쑥추출물, 하이알루로닉애씨드, 소듐하이알루로네이트, 프룩탄, 병풀추출물, 글루코오스, 약모밀추출물, 알로에베라잎추출물, 귀리잎추출물, 락토바실러스발효물, 에델바이스캘러스배양추출물, 아세틸헥사펩타이드-8 (0.01 ppm), 카퍼트라이펩타이드-1 (0.01 ppm), 다이펩타이드다이아미노부티로일벤질아마이드다이아세테이트 (0.01 ppm), 헥사펩타이드-9 (0.01 ppm), 노나펩타이드-1 (0.01 ppm), 팔미토일헥사펩타이드-12 (0.01 ppm),팔미토일펜타펩타이드-4 (0.01 ppm), 팔미토일테트라펩타이드-7 (0.01 ppm), 팔미토일트라이펩타이드-1 (0.01 ppm), 팔미토일트라이펩타이드-5 (0.01 ppm), 펜타펩타이드-3 (0.01 ppm), 트라이펩타이드-1 (0.01 ppm)"
"A000000227666","아비브 글루타치온좀 잡티 토너 스킨부스터 200ml","아비브","200.0","200.0","ml","23000","16100","805.0","정제수*, 다이프로필렌글라이콜, 글리세린, 1,2-헥산다이올*, 나이아신아마이드(20,000 ppm), 폴리글리세린-3, 아크릴레이트/C10-30알킬아크릴레이트크로스폴리머, 트로메타민, 에리스리톨, 부틸렌글라이콜*, 에틸헥실글리세린*, 3-O-에틸아스코빅애씨드, 아데노신, 다이소듐이디티에이, 펜틸렌글라이콜, 마데카소사이드, 글루타티온(25 ppm)*, 아세틸글루코사민, 아시아티코사이드, 병풀잎추출물, 하이드로제네이티드레시틴, 콜레스테롤, 토코페롤, 키토산, 아스코빅애씨드, 아스코빌글루코사이드, 세라마이드엔피, 사과세포배양추출물*, 알란토인, 카프릴로일살리실릭애씨드, 페룰릭애씨드, 하이드록시프로필트라이모늄하이알루로네이트, 판테놀, 락틱애씨드, 프로판다이올, 소듐하이알루로네이트크로스폴리머, 하이드롤라이즈드글라이코사미노글리칸, 소듐하이알루로네이트, 벤질글라이콜, 베타-글루칸, 하이드롤라이즈드하이알루로닉애씨드, 하이알루로닉애씨드"
"A000000228906","[수호 PICK] 헤이네이처 어성초 스킨 모이스처라이저 토너 200ml","헤이네이처","200.0","200.0","ml","","28000","1400.0","정제수,약모밀수(20%),글리세린,부틸렌글라이콜,1,2-헥산다이올,판테놀,백미꽃추출물,마데카소사이드,아시아티코사이드,병풀추출물,녹차추출물
,황금추출물,스페인감초뿌리추출물,마트리카리아꽃추출물,로즈마리잎추출물,호장근뿌리추출물,프로판다이올,동충하초추출물,병풀잎추출물
,편백잎추출물,라벤더오일,흰버드나무껍질추출물,에틸헥실글리세린,쇠비름추출물,바실러스/소이빈발효추출물,효모발효물,아스퍼질러스발효물
,폴리글리세릴-10라우레이트,폴리글리세릴-10미리스테이트"
"A000000228908","헉슬리 컨디셔닝 에센스 토너 프리쉐이프 200ml","헉슬리","200.0","200.0","ml","","26000","1300.0","정제수, 락토바실러스발효물, 부틸렌글라이콜, 아이소펜틸다이올, 1,2-헥산다이올, 다이프로필렌글라이콜, 보검선인장줄기추출물, 폴리글리세릴-10라우레이트, 베타인, 보검선인장꽃추출물, 알지닌, 카보머, 에틸헥실글리세린, 아데노신, 하이드롤라이즈드스클레로튬검, 하이드롤라이즈드호호바에스터, 카카오씨추출물, 소듐파이테이트, 향료, 알란토인, 소듐시트레이트, 시트릭애씨드, 카페인, 판테놀, 바실러스발효물, 글리세린, 토코페롤, 보검선인장씨오일, 세라마이드엔피, 피토스핑고신, 하이드로제네이티드레시틴, 벤질살리실레이트, 헥실신남알"
"A000000228953","[NEW]토리든 밸런스풀 포맨 시카 클리어링 스킨 300ml","토리든","300.0","300.0","ml","22000","17600","586.7","정제수, 부틸렌글라이콜, 프로판다이올, 1,2-헥산다이올, 다이프로필렌글라이콜, 베타인, 병풀추출물, 아시아틱애씨드, 아시아티코사이드, 마데카식애씨드, 마데카소사이드(10ppm), 소듐하이알루로네이트, 판테놀, 글리세린, 접시꽃추출물, 락토바실러스발효물, 푸른연꽃추출물, 쓴풀추출물, 팔미토일다이펩타이드-7, 글리세릴글루코사이드, 글루코노락톤, 소듐아세테이트, 폴리글리세릴-10라우레이트, 글루코닉애씨드, 카프릴로일살리실릭애씨드, 다이포타슘글리시리제이트, 에틸헥실글리세린, 콥티스뿌리추출물, 말라카이트추출물"
"A000000229082","[화잘먹토너] 차앤박 더마앤서 핑크토닝 PDRN 토너 200ml","차앤박","200.0","200.0","ml","28000","15680","784.0","정제수, 다이프로필렌글라이콜, 1,2-헥산다이올, 글리세린, 나이아신아마이드, 트라넥사믹애씨드, 판테놀, 프로테아제, 사이아노코발아민, 소듐디엔에이, 부틸렌글라이콜, 트라이소듐이디티에이, 잔탄검, 병풀잎추출물, 다이포타슘글리시리제이트, 소듐하이알루로네이트, 스페인감초뿌리추출물"
"A000000229463","[수분진정/약산성] 디퍼 히알루론산 히알큐브 수분 토너 300ml","디퍼","300.0","300.0","ml","27000","18800","626.7","정제수, 나이아신아마이드, 메틸프로판다이올, 글리세린, 벤질글라이콜, 트레할로오스, C12-14알케스-12, 글리세릴아크릴레이트/아크릴릭애씨드코폴리머, 에틸헥실글리세린, 아데노신, 다이소듐이디티에이, 1,2-헥산다이올, 알지닌, 다이포타슘글리시리제이트, 알란토인, 카보머, 판테놀, 트라이소듐에틸렌다이아민다이석시네이트, 부틸렌글라이콜, 말라카이트추출물, 글루코노락톤, 소듐하이알루로네이트크로스폴리머, 소듐하이알루로네이트, 다이메틸실란올하이알루로네이트, 하이드롤라이즈드소듐하이알루로네이트, 하이드롤라이즈드하이알루로닉애씨드, 카프릴로일살리실릭애씨드, 포타슘하이알루로네이트, 하이알루로닉애씨드, 하이드록시프로필트라이모늄하이알루로네이트, 소듐하이알루로네이트다이메틸실란올, 소듐아세틸레이티드하이알루로네이트, 자일로오스, 폴리글루타믹애씨드, 향료"
"A000000229470","[결정돈토너] 정샘물 에센셜 물 토너 200ml","정샘물","200.0","200.0","ml","23000","19550","977.5","정제수,글리세린,디프로필렌글라이콜,부틸렌글라이콜,나이아신아마이드,펜틸렌글라이콜,사탕수수추출물,카라기난추출물,연꽃수,하이드롤라이즈드펄,연꽃추출물,쟈스민꽃/잎추출물,마돈나백합비늘줄기추출물,붓꽃추출물,에델바이스꽃/잎추출물,장미추출물,프리지어추출물,나팔수선화추출물,1,2-헥산디올,피이지-60하이드로제네이티드캐스터오일,옥틸도데세스-16,아데노신,하이드록시에칠셀룰로오스,소듐하이알루로네이트,소듐나이트레이트,디소듐포스페이트,폴리소르베이트60,소듐포스페이트,글리옥살,잔탄검,페녹시에탄올,향료"
"A000000229487","[NEW] 아이오페 XMD 스템3 클리니컬 리커버리 소프너 130ml","아이오페","130.0","130.0","ml","47000","42300","3253.8","정제수, 부틸렌글라이콜, 글리세린, 베타인, 나이아신아마이드, 1,2-헥산다이올, 글리세릴폴리메타크릴레이트, 다이메티콘, 프로판다이올, 에탄올, 알란토인, 아크릴레이트/C10-30알킬아크릴레이트크로스폴리머, 트로메타민, 글리세릴카프릴레이트, 만니톨, 하이드로제네이티드레시틴, 클로렐라 프로토테코이데스추출물, 에틸헥실글리세린, 아데노신, 소듐메타포스페이트, 하이드롤라이즈드디엔에이, 소듐하이알루로네이트, 하이알루로닉애씨드, 소듐메틸스테아로일타우레이트, 덱스트린, 카카오추출물, 양파추출물, 아세틸테트라펩타이드-11, 토코페롤"
"A000000229509","[장벽탄력/화잘먹] 지피덤 셀트리온EGF 스킨베리어 크림에센스 밀키토너 150ml","지피덤","150.0","150.0","ml","35000","20340","1356.0","정제수, 프로판다이올, 세틸에틸헥사노에이트, 판테놀, 1,2-헥산다이올, 부틸렌글라이콜, 나이아신아마이드, 폴리글리세릴-3메틸글루코오스다이스테아레이트, 카프릴릴메티콘, 글리세릴스테아레이트, 프로필렌글라이콜다이벤조에이트, 폴리메틸메타크릴레이트, 하이드록시에틸우레아, 카보머, 알지닌, C12-16알코올, 토코페롤, 알란토인, 에틸헥실글리세린, 팔미틱애씨드, 잔탄검, 하이드로제네이티드레시틴, 아데노신, 다이포타슘글리시리제이트, 글리세린, 카프릴릭/카프릭트라이글리세라이드, 다이소듐이디티에이, 소듐시트레이트, 시트릭애씨드, 세라마이드엔피, 옥틸도데칸올, 유채스테롤, 쌀겨수, 소듐피씨에이, 세테아릴알코올, 스테아릭애씨드, 올리브오일, 벤토나이트, 양까막까치밥나무씨오일, 하이드롤라이즈드하이알루로닉애씨드, 해바라기씨오일불검화물, 올리브오일데실에스터, 사이클로헥실글리세린, 피토스핑고신, 다이프로필렌글라이콜, 하이드록시아세토페논, 풍선덩굴꽃/잎/덩굴추출물, 해바라기씨오일, 하이드롤라이즈드콩단백질추출물,폴리락틱애씨드, 다이올레오일피지-트라이모늄클로라이드, 스쿠알란, 세라마이드엔에스, 에스에이치-올리고펩타이드-1(0.05 ppm), 콜레스테롤, 클로렐라 불가리스추출물, 세라마이드에이피, 세라마이드에이에스, 로즈마리잎추출물, 씨솔트, 세라마이드이오피"
"A000000229521","[모공케어] 성분에디터 그린토마토 NMN 포어 하이드로 수딩 토너 350ml","성분에디터","350.0","350.0","ml","","21000","600.0","정제수, 글리세린, 다이프로필렌글라이콜, 부틸렌글라이콜, 나이아신아마이드, 토마토수(10,094 ppm), 토마토추출물(100 ppm), 하이드록시아세토페논, 카프릴릴글라이콜, C12-13파레스-9, 1,2-헥산다이올, 아데노신, 하이드롤라이즈드스클레로튬검, 자일리톨, 글루코노락톤, 판테놀, 인도멀구슬나무잎추출물, 글리세릴글루코사이드, 인도멀구슬나무꽃추출물, 달맞이꽃꽃추출물, 대왕소나무잎추출물, 당느릅나무뿌리추출물, 칡뿌리추출물, 다이포타슘글리시리제이트, 세라마이드엔피, 알란토인, 토코페롤, 트레할로오스, 자일리틸글루코사이드, 안하이드로자일리톨, 니코틴아마이드모노뉴클레오타이드(1,000 ppb), 하이드로제네이티드폴리아이소부텐, 프로판다이올, 데이지꽃추출물, 페네틸알코올, 폴리글리세릴-10라우레이트, 폴리글리세릴-10미리스테이트, 하이드로제네이티드레시틴, 아시아티코사이드, 마데카식애씨드, 아시아틱애씨드, 하이드롤라이즈드콜라겐, 하이드롤라이즈드하이알루로닉애씨드, 다이메틸실란올하이알루로네이트, 하이드롤라이즈드소듐하이알루로네이트, 포타슘하이알루로네이트, 하이알루로닉애씨드, 소듐하이알루로네이트, 소듐하이알루로네이트크로스폴리머, 하이드록시프로필트라이모늄하이알루로네이트, 소듐하이알루로네이트다이메틸실란올, 소듐아세틸레이티드하이알루로네이트, 세테아릴알코올, 다이소듐포스페이트, 포타슘포스페이트, 포타슘클로라이드, 소듐클로라이드, 병풀추출물, 지모뿌리추출물"
"A000000229955","[촉촉토너] 스킨앤랩 베리어덤 모이스처 부스팅 토너 300ml","스킨앤랩","300.0","300.0","ml","","24000","800.0","정제수, 글리세린, 1,2-헥산다이올, 베타인, 판테놀, 옥틸도데세스-16, 부틸렌글라이콜, 알란토인, 에틸헥실글리세린, 아크릴레이트/C10-30알킬아크릴레이트크로스폴리머, 알지닌, 다이소듐이디티에이, 카프릴릭/카프릭트라이글리세라이드, 하이드로제네이티드레시틴, 세라마이드엔피, 바오밥나무씨오일, 콜레스테롤, 스테아릭애씨드, 토코페롤, 올레익애씨드, 폴리데센, 마카다미아씨오일, 스쿠알란, 유채스테롤, 세라마이드엔에스, 세라마이드에이에스, 세라마이드에이피, 세라마이드이오피, 소듐하이알루로네이트, 하이드롤라이즈드하이알루로닉애씨드, 하이드롤라이즈드소듐하이알루로네이트, 다이메틸실란올하이알루로네이트, 하이알루로닉애씨드, 포타슘하이알루로네이트, 소듐하이알루로네이트크로스폴리머, 하이드록시프로필트라이모늄하이알루로네이트, 소듐하이알루로네이트다이메틸실란올, 소듐아세틸레이티드하이알루로네이트"
"A000000230943","[미네랄 수분 부스팅 토너] SVR 피지오퓨어 토너 200ml","SVR","200.0","200.0","ml","38000","36100","1805.0","정제수, 프로판다이올, 1,2-헥산다이올, 소듐벤조에이트, 마그네슘피씨에이, 클로페네신, 폴리솔베이트20, 시트릭애씨드, 향료"
"A000000232996","[NEW] 빌리프 맨올로지 프로텍티브 엑토인 토너 150ml","빌리프","150.0","150.0","ml","30000","22900","1526.7","정제수, 부틸렌글라이콜, 변성알코올, 메틸글루세스-20, 다이프로필렌글라이콜, 1,2-헥산다이올, 다이글리세린, 판테놀, 엑토인(10ppm), 타우린*, 징크피씨에이*, 흰무늬엉겅퀴열매추출물, 글라이신*, 세린*, 글루타믹애씨드*, 아스파틱애씨드*, 류신*, 알라닌*, 라이신*, 알지닌*, 타이로신*, 페닐알라닌*, 프롤린*, 트레오닌*, 발린*, 아이소류신*, 히스티딘*, 시스테인*, 메티오닌*, 레몬밤꽃/잎/줄기수+, 로즈마리잎수+, 유칼립투스잎추출물+, 폴스애플민트잎추출물+, 로즈힙열매추출물+, 타임잎추출물+, 트레할로오스, 폴리글리세릴-10스테아레이트, 폴리글리세릴-10올리에이트, 소듐시트레이트, 시트릭애씨드, 트라이소듐이디티에이, 나이아신아마이드, 카프릴릭/카프릭트라이글리세라이드, 서양톱풀추출물, 딜추출물, 피버퓨추출물, 오렌지껍질오일**, 라임전초오일**, 센티드제라늄꽃오일**, 로즈마리잎오일**, 리모넨, 시트로넬올, 제라니올, 시트랄, 리날룰

*표시: Core energy formula™
+표시: belif original formula
**표시: 식물 유래 향"
"A000000233002","[민감지성피부/유분케어] 미닉 노세범 블루 캐모마일 수분 쿨링 토너 200ml","미닉","200.0","200.0","ml","24000","19200","960.0","정제수, 부틸렌글라이콜, 프로판다이올, 1,2-헥산다이올, 마트리카리아꽃수(10,780ppm), 소듐시트레이트, 에틸헥실글리세린, 시트릭애씨드, 다이소듐이디티에이, 쌀겨추출물, 메틸다이아이소프로필프로피온아마이드, 폴리글루타믹애씨드, 잔탄검, 카프릴릴글라이콜, 글루코오스, 달맞이꽃꽃추출물, 대왕송잎추출물, 당느릅나무뿌리추출물, 칡뿌리추출물, 소듐하이알루로네이트, 아이리쉬모스추출물, 하이드록시프로필트라이모늄하이알루로네이트, 하이드롤라이즈드하이알루로닉애씨드, 소듐아세틸레이티드하이알루로네이트, 하이알루로닉애씨드, 소듐하이알루로네이트크로스폴리머, 하이드롤라이즈드소듐하이알루로네이트, 포타슘하이알루로네이트"
"A000000233020","[광채부스팅] VT 피디알엔 토너 250ml","VT","250.0","250.0","ml","25000","17500","700.0","정제수, 글리세린, 부틸렌글라이콜, 다이프로필렌글라이콜, 나이아신아마이드, 1,2-헥산다이올, 베타인, 에리스리톨, 하이드록시아세토페논, 글리세릴글루코사이드, 카보머, 알지닌, 아데노신, 암모늄아크릴로일다이메틸타우레이트/브이피코폴리머, 다이소듐이디티에이, 알란토인, 판테놀, 글리세릴아크릴레이트/아크릴릭애씨드코폴리머, 글루코오스, 산양삼추출물, 소듐디엔에이(0.25ppm), 하이드로제네이티드레시틴, 병풀추출물, 세라마이드엔피, 에틸헥실글리세린, 글라이코스핑고리피드"
"A000000234358","오브제 모이스처 프로틴 장벽 토너 200ml","오브제","200.0","200.0","ml","","25000","1250.0","정제수, 메틸프로판다이올, 글리세린, 1,2-헥산다이올, 세틸에틸헥사노에이트, 카프릴릭/카프릭트라이글리세라이드, 유채씨오일, 피피지-13-데실테트라데세스-24, 우유추출물, 폴리글리세릴-10올리에이트, 포도씨오일, 마카다미아씨오일, 살구씨오일, 폴리글리세릴-2다이올리에이트, 카보머, 하이드로제네이티드레시틴, 아르간커넬오일, 알지닌, 판테놀, 향료, 세테아릴알코올, 다이소듐이디티에이, 스테아릭애씨드, 알란토인, 엑토인, 부틸렌글라이콜, 소듐하이알루로네이트, 우유단백질추출물(1,000ppb), 하이알루로닉애씨드, 하이드롤라이즈드하이알루로닉애씨드, 하이드록시프로필트라이모늄하이알루로네이트, 하이드롤라이즈드소듐하이알루로네이트, 포타슘하이알루로네이트, 귀리단백질추출물(1,000ppb), 펜틸렌글라이콜, 토코페롤, 밀크아미노산(500ppb), 소듐하이알루로네이트크로스폴리머, 소듐아세틸레이티드하이알루로네이트, 세라마이드엔피, 세라마이드이오피, 세라마이드엔에스, 세라마이드에이피, 스위트아몬드단백질(10ppb), 하이드롤라이즈드감자단백질(10ppb), 하이드롤라이즈드옥수수단백질(10ppb), 세라마이드에이에스, 돌콩단백질(10ppb)"
"A000000235207","[수분진정/모공케어] 성분에디터 그린토마토 NMN 포어 하이드로 수딩 토너 350g 기획(+120g)","성분에디터","350.0","470.0","g(약 1ml 상당으로 근사)","32000","23000","489.4","정제수, 글리세린, 다이프로필렌글라이콜, 부틸렌글라이콜, 나이아신아마이드, 토마토수(10,094 ppm), 토마토추출물(100 ppm*), 하이드록시아세토페논, 카프릴릴글라이콜, C12-13파레스-9, 1,2-헥산다이올, 아데노신, 하이드롤라이즈드스클레로튬검, 자일리톨, 글루코노락톤, 판테놀, 인도멀구슬나무잎추출물, 글리세릴글루코사이드, 인도멀구슬나무꽃추출물, 달맞이꽃꽃추출물, 대왕소나무잎추출물, 당느릅나무뿌리추출물, 칡뿌리추출물, 다이포타슘글리시리제이트, 세라마이드엔피, 알란토인, 토코페롤, 트레할로오스, 자일리틸글루코사이드, 안하이드로자일리톨, 니코틴아마이드모노뉴클레오타이드(1,000ppb), 하이드로제네이티드폴리아이소부텐, 프로판다이올, 데이지꽃추출물, 페네틸알코올, 폴리글리세릴-10라우레이트, 폴리글리세릴-10미리스테이트, 하이드로제네이티드레시틴, 아시아티코사이드, 마데카식애씨드, 아시아틱애씨드, 하이드롤라이즈드콜라겐, 하이드롤라이즈드하이알루로닉애씨드, 다이메틸실란올하이알루로네이트, 하이드롤라이즈드소듐하이알루로네이트, 포타슘하이알루로네이트, 하이알루로닉애씨드, 소듐하이알루로네이트, 소듐하이알루로네이트크로스폴리머, 하이드록시프로필트라이모늄하이알루로네이트, 소듐하이알루로네이트다이메틸실란올, 소듐아세틸레이티드하이알루로네이트, 세테아릴알코올, 다이소듐포스페이트, 포타슘포스페이트, 포타슘클로라이드, 소듐클로라이드, 병풀추출물, 지모뿌리추출물"
"A000000238511","헤라 옴므 블루 에센스 인 토너 125ML","헤라","125.0","125.0","ml","48000","38010","3040.8","정제수, 프로판다이올, 글리세린, 1,2-헥산다이올, 글리세레스-26, 베타인, 피피지-13-데실테트라데세스-24, 옥틸도데세스-16, 비스-피이지-18메틸에터다이메틸실레인, 에틸헥실글리세린, 잔탄검, 향료, 카보머, 트로메타민, 소듐메타포스페이트, 이노시톨, 엑토인, 리날룰, 헥실신남알, 알파-아이소메틸아이오논, 리모넨, 벤질살리실레이트, 하이드롤라이즈드익스텐신, 호호바씨오일, 폴리글리세릴-10라우레이트, 프로필렌글라이콜, 빌베리열매추출물, 토코페롤, 소듐하이알루로네이트, 사탕수수추출물, 부틸렌글라이콜, 하이드로제네이티드레시틴, 오렌지추출물, 레몬추출물, 설탕단풍추출물, 아크릴레이트/스테아릴메타크릴레이트코폴리머, 흰목이버섯포자낭과추출물, 하이알루로닉애씨드, 세라마이드엔피, 수용성콜라겐"
"A000000241106","[30ml추가증정/피지밸런싱] 피캄 베리어 사이클 토너 200ml 기획 (+30ml)","피캄","30.0","260.0","ml","","23000","884.6","정제수, 부틸렌글라이콜, 프로판다이올, 1,2-헥산다이올, 나이아신아마이드, 판테놀, 에틸헥실글리세린, 알란토인, 아데노신, 잔탄검, 다이소듐이디티에이, 폴리쿼터늄-51, 월계수잎추출물, 질경이추출물, 소듐하이알루로네이트, 버지니아풍년화수, 곤약뿌리추출물, 소듐구아이아줄렌설포네이트, 파파야열매추출물, 락토바실러스발효물, 밤부사불가리스추출물, 편백잎추출물, 소나무잎추출물, 측백나무추출물, 시팀우드검추출물, 병풀추출물, 티트리잎추출물, 쌀겨추출물, 아시아틱애씨드, 아시아티코사이드, 마데카식애씨드, 마데카소사이드"
"A000000242750","빌리프 프라블럼 솔루션 비건 PHA 클리어링 토너 150ml","빌리프","150.0","150.0","ml","30000","23000","1533.3","정제수, 다이프로필렌글라이콜, 프로판다이올, 1,2-헥산다이올, 글리세린, 나이아신아마이드, 4-터피네올+, 토타롤+, 시트릭애씨드, 소듐시트레이트, 소듐하이알루로네이트, 알란토인, 레몬밤꽃/잎/줄기수*, 로즈마리잎수*, 유칼립투스잎추출물*, 귤껍질추출물, 폴스애플민트잎추출물*, 로즈힙열매추출물*, 타임잎추출물*, 캐모마일꽃추출물, 글루코노락톤(1000 ppm), 베타-글루칸, 바이오사카라이드검-1, 토코페롤, 변성알코올, 부틸렌글라이콜, 소듐폴리아크릴레이트, 에틸헥실글리세린, 트라이소듐이디티에이, 피피지-13-데실테트라데세스-24, 오렌지껍질오일**, 센티드제라늄꽃오일**, 리모넨, 시트로넬올, 제라니올, 리날룰

*표시: belif original formula / +표시: Totaneol™ / **표시: 식물 유래 향"
"A000000244661","[NEW] 키엘 훼이셜 퓨얼 인비고레이팅 토닉 포 맨 250ml","키엘","250.0","250.0","ml","49000","38710","1548.4","정제수 글리세린 변성알코올 피피지-26-부테스-26 피이지-40하이드로제네이티드캐스터오일 소듐하이드록사이드 시트릭애씨드 살리실릭애씨드 스쿠알란 징크피씨에이 카페인 카프릴릭/카프릭트라이글리세라이드 부틸렌글라이콜 돌콩오일 향료 토코페롤 멘톨 빌베리열매추출물 리모넨 사탕수수추출물 아스코빌글루코사이드 펜틸렌글라이콜 하이드롤라이즈드콩단백질 오렌지추출물 레몬추출물 삼나무싹추출물 설탕단풍추출물 리날룰 밤부사 불가리스추출물"
"A000000244993","제로이드 인텐시브 크림 토너 200ml 기획 (+크림 10ml)","제로이드","200.0","210.0","ml","","32000","1523.8","● 인텐시브 크림 토너 : 정제수, 부틸렌글라이콜, 글리세린, 시어버터, 1,2-헥산다이올, 하이드로제네이티드레시틴, 폴리글리세릴-10스테아레이트, 폴리글리세릴-10베헤네이트/에이코사디오에이트, 다이프로필렌글라이콜, 판테놀, 다이포타슘글리시리제이트, 세테아릴올리베이트, 솔비탄올리베이트, 메틸카프로오일타이로지네이트, 징크글루코네이트, 미리스토일/팔미토일옥소스테아라마이드/아라카마이드엠이에이, 하이드록시아세토페논, 식물성스쿠알란, 카프릴릭/카프릭트라이글리세라이드, 솔비탄스테아레이트, 세테아릴알코올, 글리세릴스테아레이트, 카프릴릴글라이콜, 피토스테롤, 스테아릭애씨드, 잔탄검
● 인텐시브 크림 : 정제수, 프로판다이올, 카프릴릭/카프릭트라이글리세라이드, 글리세린, 식물성스쿠알란, 세테아릴알코올, 폴리글리세릴-10다이스테아레이트, 글리세릴스테아레이트, 스테아릭애씨드, 다이메티콘, 1,2-헥산다이올, 미리스토일/팔미토일옥소스테아라마이드/아라카마이드엠이에이, 피토스테롤, 토코페릴아세테이트, 카놀라오일, 올리브오일, 세틸팔미테이트, 솔비탄팔미테이트, 솔비탄올리베이트, 비사보롤, 메틸카프로오일타이로지네이트, 잔탄검, 소듐하이알루로네이트, 카보머, 알지닌, 카프릴릴글라이콜"
"A000000245813","[단독구성/보습세트] 오브제 모이스처 프로틴 토너/크림 2종 기획","오브제","","","","42000","30800","","[토너]
정제수, 메틸프로판다이올, 글리세린, 1,2-헥산다이올, 세틸에틸헥사노에이트, 카프릴릭/카프릭트라이글리세라이드, 유채씨오일, 피피지-13-데실테트라데세스-24, 우유추출물, 폴리글리세릴-10올리에이트, 포도씨오일, 마카다미아씨오일, 살구씨오일, 폴리글리세릴-2다이올리에이트, 카보머, 하이드로제네이티드레시틴, 아르간커넬오일, 알지닌, 판테놀, 향료, 세테아릴알코올, 다이소듐이디티에이, 스테아릭애씨드, 알란토인, 엑토인, 부틸렌글라이콜, 소듐하이알루로네이트, 우유단백질추출물(1,000ppb), 하이알루로닉애씨드, 하이드롤라이즈드하이알루로닉애씨드, 하이드록시프로필트라이모늄하이알루로네이트, 하이드롤라이즈드소듐하이알루로네이트, 포타슘하이알루로네이트, 귀리단백질추출물(1,000ppb), 펜틸렌글라이콜, 토코페롤, 밀크아미노산(500ppb), 소듐하이알루로네이트크로스폴리머, 소듐아세틸레이티드하이알루로네이트, 세라마이드엔피, 세라마이드이오피, 세라마이드엔에스, 세라마이드에이피, 스위트아몬드단백질(10ppb), 하이드롤라이즈드감자단백질(10ppb), 하이드롤라이즈드옥수수단백질(10ppb), 세라마이드에이에스, 돌콩단백질(10ppb)

[크림]
정제수, 글리세린, 부틸렌글라이콜, 세틸에틸헥사노에이트, 카프릴릭/카프릭트라이글리세라이드, 1,2-헥산다이올, 폴리글리세릴-3메틸글루코오스다이스테아레이트, 판테놀, 세테아릴올리베이트, 우유추출물, 솔비탄올리베이트, 베타인, 세테아릴알코올, 시메티콘, 글리세릴스테아레이트, 카보머, 트로메타민, 소듐폴리아크릴로일다이메틸타우레이트, 하이드로제네이티드폴리데센, 잔탄검, 트라이데세스-10, 알란토인, 엑토인, 포도씨오일, 하이드로제네이티드레시틴, 소듐하이알루로네이트, 우유단백질추출물(1,000ppb), 귀리단백질추출물(1,000ppb), 세라마이드엔피, 밀크아미노산, 세라마이드이오피, 세라마이드엔에스, 세라마이드에이피, 하이알루로닉애씨드, 하이드롤라이즈드하이알루로닉애씨드, 하이드록시프로필트라이모늄하이알루로네이트, 하이드롤라이즈드소듐하이알루로네이트, 포타슘하이알루로네이트, 세라마이드에이에스, 펜틸렌글라이콜, 소듐하이알루로네이트크로스폴리머, 소듐아세틸레이티드하이알루로네이트, 스위트아몬드단백질(10ppb), 하이드롤라이즈드감자단백질(10ppb), 하이드롤라이즈드옥수수단백질(10ppb), 돌콩단백질(10ppb)"
"A000000246660","[수분 진정토너] 오브제 맥스 수딩 토너 500ml","오브제","500.0","500.0","ml","","20000","400.0","정제수, 부틸렌글라이콜, 1,2-헥산다이올, 프로판다이올, 글리세린, 펜틸렌글라이콜, *락토바실러스발효용해물, 베타인, 트레할로오스, 판테놀, 에틸헥실글리세린, 알란토인, 잔탄검, 다이소듐이디티에이, 엑토인, 하이드롤라이즈드하이알루로닉애씨드, 토코페롤, 두충나무껍질추출물"
"A000000247057","[대용량]에스테덤 카밍 리하이드레이팅 로션 맥스 400ml","에스테덤","400.0","400.0","ml","","49000","1225.0","정제수, 부틸렌글라이콜, 글리세린, 펜틸렌글라이콜, 1,2-헥산다이올, 잔탄검, 카프릴릴/카프릴글루코사이드, 소듐시트레이트, 락틱애씨드, 프룩토올리고사카라이드, 만니톨, 프로필렌글라이콜, 바이오사카라이드검-1, 향료, 소듐레불리네이트, 글리세릴카프릴레이트, 카르노신, p-아니식애씨드, 다이소듐아데노신트라이포스페이트, 볼도잎추출물, 호스테일켈프추출물, 소듐클로라이드, 시트릭애씨드, 아미노에탄설피닉애씨드, 포타슘클로라이드, 소듐바이카보네이트, 다이소듐포스페이트, 마그네슘설페이트, 포타슘포스페이트, 칼슘클로라이드"
"A000000247112","[NEW/잡티토닝] 스킨앤랩 글루타치온 앰플 토너 200ml","스킨앤랩","200.0","200.0","ml","25000","21250","1062.5","정제수, 글리세린, 부틸렌글라이콜, 1,2-헥산다이올, 나이아신아마이드, 다이프로필렌글라이콜, C12-14알케스-12, 하이드록시에틸우레아, 글루타티온(3,000 ppm), 알지닌, 아크릴레이트/C10-30알킬아크릴레이트크로스폴리머, 다이페닐다이메티콘, 트라이에틸헥사노인, 포스파티딜콜린, 폴리글리세릴-10라우레이트, 잔탄검, 글리세릴아크릴레이트/아크릴릭애씨드코폴리머, 에틸헥실글리세린, 알부틴, 아데노신, 하이드로제네이티드레시틴, 폴리글리세릴-10올리에이트, 피브이엠/엠에이코폴리머, 베타인, 하이드롤라이즈드하이알루로닉애씨드, 카프릴릴글라이콜, 펜틸렌글라이콜, 프로판다이올, 아스코빅애씨드, 락토바실러스/히비스커스꽃발효여과물, 락틱애씨드, 토코페롤, 리보플라빈, 레티닐팔미테이트, 판토테닉애씨드, 나이아신, 폴릭애씨드, 티아민에이치씨엘, 카르니틴에이치씨엘, 바이오틴, 살리실릭애씨드, 트로메타민, 글라이코리피드, 글루코노락톤, 마그네슘설페이트, 망가니즈설페이트, 카프릴로일살리실릭애씨드"
"A000000248574","[NEW/미백] 설화수 자정수 150ml","설화수","150.0","150.0","ml","92000","82800","5520.0","정제수, 프로판다이올, 베타인, 나이아신아마이드, 1,2-헥산다이올, 글리세린, 글루코노락톤, 부틸렌글라이콜, 폴리아크릴레이트크로스폴리머-6, 트로메타민, 피피지-13-데실테트라데세스-24, 잔탄검, 에틸헥실글리세린, 향료, 리모넨, 만니톨, 홍삼추출물, 소듐메타포스페이트, 뽕나무잎추출물, 3-O-에틸아스코빅애씨드, 리날룰, 인삼추출물, 시트로넬올, 시트랄, 제라니올, 토코페롤"
"A000000248981","[NEW] rdrd 핑크 애플 락토 장벽 팝핑 토너 95g","rdrd","95.0","95.0","g(약 1ml 상당으로 근사)","28000","22400","2357.9","사과수 (790,083 ppm), 트라이프로필렌글라이콜, 글리세린, 프로판다이올, 부틸렌글라이콜, 1,2-헥산다이올, 락토바실러스발효물 (9,790 ppm), C12-14알케스-12, 에틸헥실글리세린, 잔탄검, 다이소듐이디티에이, 향료, 사이아노코발아민, 사과추출물 (10 ppm), 정제수, 석시닉애씨드, 세라마이드엔피, 소듐하이알루로네이트, 하이알루로닉애씨드, 소듐하이알루로네이트크로스폴리머, 하이드롤라이즈드소듐하이알루로네이트, 하이드롤라이즈드하이알루로닉애씨드, 소듐아세틸레이티드하이알루로네이트, 하이드록시프로필트라이모늄하이알루로네이트"
"A000000248983","[NEW] rdrd 그린 애플 락토 리밸런싱 팝핑 토너 95g","rdrd","95.0","95.0","g(약 1ml 상당으로 근사)","28000","22400","2357.9","사과수 (786,094 ppm), 트라이프로필렌글라이콜, 글리세린, 프로판다이올, 부틸렌글라이콜, 1,2-헥산다이올, 락토바실러스발효물 (9,790 ppm), C12-14알케스-12, 정제수, 에틸헥실글리세린, 잔탄검, 황련추출물, 치자추출물, 다이소듐이디티에이, 글루코노락톤, 향료, 사과추출물 (10 ppm), 살리실릭애씨드, 카프릴로일살리실릭애씨드, 마데카식애씨드, 아시아티코사이드, 아시아틱애씨드, 소듐하이알루로네이트, 하이알루로닉애씨드, 소듐하이알루로네이트크로스폴리머, 하이드롤라이즈드소듐하이알루로네이트, 하이드롤라이즈드하이알루로닉애씨드, 소듐아세틸레이티드하이알루로네이트, 하이드록시프로필트라이모늄하이알루로네이트"
"A000000248985","[NEW] rdrd 골드 애플 락토 흔적 팝핑 토너 95g","rdrd","95.0","95.0","g(약 1ml 상당으로 근사)","28000","22400","2357.9","사과수 (769,534 ppm), 트라이프로필렌글라이콜, 글리세린, 프로판다이올, 부틸렌글라이콜, 나이아신아마이드, 1,2-헥산다이올, 락토바실러스발효물 (9,790 ppm), C12-14알케스-12, 에틸헥실글리세린, 정제수, 잔탄검, 다이소듐이디티에이, 황련추출물, 향료, 사과추출물 (10 ppm), 소듐하이알루로네이트, 하이드로제네이티드레시틴, 폴리글리세릴-10스테아레이트, 하이알루로닉애씨드, 소듐하이알루로네이트크로스폴리머, 판테놀, 하이드롤라이즈드소듐하이알루로네이트, 하이드롤라이즈드하이알루로닉애씨드, 소듐아스코빌포스페이트, 소듐아세틸레이티드하이알루로네이트, 하이드록시프로필트라이모늄하이알루로네이트, 피리독신, 폴릭애씨드, 바이오틴, 토코페롤, 사이아노코발아민, 티아민에이치씨엘, 리보플라빈, 리놀레익애씨드, 베타-카로틴"
"A000000250143","[각질유분케어] 라로슈포제 에빠끌라 K(+) 토너 200ml 기획(+에빠끌라 폼 50ml)","라로슈포제","200.0","250.0","ml","","37000","1480.0","[에빠끌라 K(+) 토너]
정제수 변성알코올 소듐시트레이트 글리세린 부틸렌글라이콜 포타슘알룸 살리실릭애씨드 실리카 페녹시에탄올 마그네슘알루미늄실리케이트 락틱애씨드 징크글루코네이트 카퍼글루코네이트

[에빠끌라 폼]
정제수 글리세린 미리스틱애씨드 포타슘하이드록사이드 글리세릴스테아레이트에스이 스테아릭애씨드 라우릭애씨드 팔미틱애씨드 코코-글루코사이드 테트라소듐이디티에이 살리실릭애씨드 향료"
"A000000250226","[화잘먹부스팅템] 세포랩 바이오제닉 에센스 블렌디드 포뮬라 50% 30ml","세포랩","30.0","30.0","ml","14900","10500","3500.0","케리포리아 라케라타세포외소포, 미선나무수, 부틸렌글라이콜, 1,2-헥산다이올, 하이드록시아세토페논, 소듐하이알루로네이트"
"A000000251806","[미백/잡티케어] 가쉬 타겟티드 브라이트닝 겔 미스트 100ml","가쉬","100.0","100.0","ml","","38000","3800.0","정제수, 트라이프로필렌글라이콜, 프로판다이올, 글리세레스-26, 나이아신아마이드, 메틸프로판다이올, 부틸렌글라이콜, 자일리톨, 1,2-헥산다이올, 글리세린, 소듐클로라이드, 글리세레스-25피씨에이아이소스테아레이트, 하이드록시아세토페논, 젤란검, 비타민나무수, 에틸헥실글리세린, 아데노신, 비파나무잎추출물, 다이소듐이디티에이, 향료, 메틸다이아이소프로필프로피온아마이드, 스피어민트추출물, 베타-글루칸, 하이알루로닉애씨드, 하이드롤라이즈드하이알루로닉애씨드, 소듐하이알루로네이트, 옥수수커넬추출물, 프룩탄, 글루코오스, 글루타티온"
"A000000251814","[진정/흔적케어] 가쉬 타겟티드 블레미쉬 겔 미스트 100ml","가쉬","100.0","100.0","ml","","38000","3800.0","정제수, 트라이프로필렌글라이콜, 글리세레스-26, 프로판다이올, 메틸프로판다이올, 나이아신아마이드, 부틸렌글라이콜, 자일리톨, 1,2-헥산다이올, 글리세린, 소듐클로라이드, 글리세레스-25피씨에이아이소스테아레이트, 하이드록시아세토페논, 젤란검, 온천수, 에틸헥실글리세린, 아데노신, 치자추출물, 다이소듐이디티에이, 향료, 메틸다이아이소프로필프로피온아마이드, 덱스트린, 베타-글루칸, 하이알루로닉애씨드, 하이드롤라이즈드하이알루로닉애씨드, 소듐하이알루로네이트, 옥수수커넬추출물, 설퍼콜로이드, 결명자추출물, 쇠뜨기추출물, 퀼라자껍질추출물, 프룩탄, 비누풀뿌리추출물, 글루코오스, 왕질경이잎추출물, 실버위드추출물, 헤스페리딘, 석시닉애씨드"
"A000000251819","[모공결/피지케어] 가쉬 타겟티드 포어 겔 미스트 100ml","가쉬","100.0","100.0","ml","38000","26500","2650.0","정제수, 트라이프로필렌글라이콜, 글리세레스-26, 프로판다이올, 메틸프로판다이올, 나이아신아마이드, 부틸렌글라이콜, 자일리톨, 1,2-헥산다이올, 글리세린, 소듐클로라이드, 글리세레스-25피씨에이아이소스테아레이트, 하이드록시아세토페논, 젤란검, 편백수, 에틸헥실글리세린, 아데노신, 다이소듐이디티에이, 향료, 메틸다이아이소프로필프로피온아마이드, 치자추출물, 베타-글루칸, 사이아노코발아민, 덱스트린, 하이알루로닉애씨드, 하이드롤라이즈드하이알루로닉애씨드, 소듐하이알루로네이트, 옥수수커넬추출물, 아티초크잎추출물, 바이오플라보노이드, 프룩탄, 글루코오스, 사과추출물, 밤껍질추출물, 감나무잎추출물, 시트릭애씨드, 글루코노락톤, 살리실릭애씨드"
"A000000252666","크리니크 각질케어토너 1.0 200ml","크리니크","200.0","200.0","ml","43000","36550","1827.5","클래리파잉 로션 투와이스 어 데이 1.0 전성분: 정제수, 위치하젤수, 디프로필렌글라이콜, 바이오사카라이드검-1, 부틸렌글라이콜, 아세틸글루코사민, 글리세린, 슈크로오스, 살리실릭애씨드, 카페인, 소듐하이알루로네이트, 폴리소르베이트20, 트레할로스, 카프릴로일글라이신, 디소듐포스페이트, 트리소듐이디티에이, 벤조익애씨드, 페녹시에탄올 (ILN42266)제공된 성분은 동일 제품이라도 경우에 따라 변경될 수 있습니다. 최신정보는 제품 포장의 성분을 참고하시거나 본사 고객관리지원팀으로 연락 부탁 드립니다."
"A000000252670","크리니크 이븐 베터 브라이트닝 에센스 로션 175ml","크리니크","175.0","175.0","ml","72000","61200","3497.1","정제수, 글리세레스-26, 부틸렌글라이콜, 효모추출물, 아스코빌글루코사이드, 글리세린, 디메톡시톨릴프로필레조시놀, 다이포타슘글리시리제이트, 스페인감초잎추출물, 파이틱애씨드, 살리실릭애씨드, 아세틸글루코사민, 소듐하이알루로네이트, 녹차추출물, 카페인, 수크로오스, 조류추출물, 하이드롤라이즈드서양자두, 슈가켈프추출물, 당밀추출물, 솔비톨, 에틸헥실글리세린, 시트릭애씨드, 소듐하이드록사이드, 피피지-5-세테스-20, 피피지-6-데실테트라데세스-30, 카프릴릴글라이콜, 프로판다이올, 소듐시트레이트, 다이소듐이디티에이, 페녹시에탄올, 포타슘솔베이트 (ILN50385)"
"A000000252722","[NEW] 식물나라 어린녹차 촉촉 진정 젤 크림 100ml","식물나라","100.0","100.0","ml","","16800","1680.0","녹차수(50.9%),정제수,부틸렌글라이콜,글리세린,프로판다이올,1,2-헥산다이올,메틸트라이메티콘,암모늄아크릴로일다이메틸타우레이트/브이피코폴리머,알지닌,아크릴레이트/C10-30알킬아크릴레이트크로스폴리머,하이드로제네이티드폴리(C6-14올레핀),하이드록시에틸아크릴레이트/소듐아크릴로일다이메틸타우레이트코폴리머,에틸헥실글리세린,다이소듐이디티에이,다이메티콘/비닐다이메티콘크로스폴리머,향료,솔비탄아이소스테아레이트,알란토인,녹차추출물(0.001%),소듐하이알루로네이트,알로에베라잎추출물,티트리잎추출물,병풀추출물,하이드록시프로필트라이모늄하이알루로네이트,하이드롤라이즈드하이알루로닉애씨드,소듐아세틸레이티드하이알루로네이트,하이알루로닉애씨드,하이드롤라이즈드소듐하이알루로네이트,소듐하이알루로네이트크로스폴리머,포타슘하이알루로네이트,테트라메틸아세틸옥타하이드로나프탈렌,리날릴아세테이트,헥사메틸인다노피란"
"A000000254392","[NEW/버블수분] 리얼베리어 워터리 히알 버블 토너 140ml","리얼베리어","140.0","140.0","ml","24000","16900","1207.1","정제수, 다이프로필렌글라이콜, 부틸렌글라이콜, 글리세린, 1,2-헥산다이올, 폴리글리세릴-10라우레이트, 알란토인, 베타인, 하이드롤라이즈드하이알루로닉애씨드(601.5 ppm), 하이드록시아세토페논, 당귤추출물, 판테놀, 스피어민트잎오일, 글루코노락톤, 스피어민트추출물, 필리핀오렌지껍질오일, 유칼립투스잎오일, 센티드제라늄꽃오일, 타임오일, 소듐하이알루로네이트(11 ppm), 하이드로제네이티드레시틴, 시어버터, 올리브오일, 바추잎잎추출물, 다이메틸실란올하이알루로네이트(1.5 ppm), 하이드롤라이즈드소듐하이알루로네이트(1.5 ppm), 하이알루로닉애씨드(1 ppm), 포타슘하이알루로네이트(1 ppm), 하이드록시프로필트라이모늄하이알루로네이트(0.8 ppm), 소듐하이알루로네이트크로스폴리머(0.8 ppm), 소듐하이알루로네이트다이메틸실란올(0.5 ppm), 소듐아세틸레이티드하이알루로네이트(0.4 ppm), 세테아릴알코올, 칸디다 봄비콜라/글루코오스/메틸레이프씨데이트발효물, 세라마이드엔피, 글라이코리피드, 소듐파이테이트, 스테아릭애씨드, 글라이신, 미리스토일/팔미토일옥소스테아라마이드/아라카마이드엠이에이, 소듐디엔에이, 알지닌, 글루타믹애씨드, 피토스테롤,포도씨오일"
"A000000257084","[모공픽서/각질개선] 그라펜 포어올킬 미스트토너 120ml(호박스 공동개발)","그라펜","120.0","120.0","ml","22000","19500","1625.0","정제수, 나이아신아마이드, 2,3-부탄다이올, 글리세레스-26, 펜틸렌글라이콜, 메틸프로판다이올, 1,2-헥산다이올, 글리세린, 글루코노락톤, C12-14알케스-12, 부틸렌글라이콜, 소듐시트레이트, 에틸헥실글리세린, 하이드롤라이즈드하이알루로닉애씨드, 쇠비름추출물, 베타인, 시트릭애씨드, 아데노신, 다이소듐이디티에이, 판테놀, 베르가모트오일, 하이드로제네이티드레시틴, 분비나무오일, 라반딘오일, 라임전초오일, 멕시칸주니퍼오일, 병풀추출물, 무화과추출물, 센티드제라늄꽃오일, 칡뿌리추출물, 대왕소나무잎추출물, 당느릅나무뿌리추출물, 달맞이꽃꽃추출물, 광곽향오일, 리씨열매오일, 세라마이드엔피, 말토덱스트린, 스피어민트잎오일, 하이드롤라이즈드치자추출물, 살리실릭애씨드, 카프릴로일살리실릭애씨드, 카프릴로일글라이신, 다이프로필렌글라이콜, 헥실렌글라이콜, 사코신, 실론시나몬나무껍질추출물, 소듐하이알루로네이트, 워터민트추출물, 소듐아세틸레이티드하이알루로네이트, 리모넨, 리날룰"
"A000000257541","[스킨부스터/화잘먹토너] 마녀공장 글루타치온 7 다크스팟 토너 200ml","마녀공장","200.0","200.0","ml","23000","18800","940.0","정제수, 다이프로필렌글라이콜, 부틸렌글라이콜, 글리세린, **나이
아신아마이드, 1,2-헥산다이올, 폴리글리세릴-10미리스테이트,
트레할로오스, 잔탄검, 알란토인, 암모늄아크릴로일다이메틸타
우레이트/브이피코폴리머, 에틸헥실글리세린, 폴리아크릴레이
트크로스폴리머-6, 다이소듐이디티에이, 다이포타슘글리시리
제이트, 시트릭애씨드, 폴리쿼터늄-51, 소듐시트레이트, t-부틸
알코올, 황련뿌리추출물, 토코페롤, **아세틸글루코사민, **알파알부틴, 엑토인, **알부틴, **코직애씨드, 글루코노락톤, **글루
타티온(50ppb), 폴리글리세릴-10라우레이트, 포스파티딜콜린,
소듐하이알루로네이트, 카프릴릴글라이콜, 레몬추출물, 하이드
록시프로필트라이모늄하이알루로네이트, **아스코빅애씨드,
다이펩타이드-2, 아세틸헥사펩타이드-8, 카퍼트라이펩타이드-1,
하이드롤라이즈드하이알루로닉애씨드, 팔미토일펜타펩타이드-4,
소듐아세틸레이티드하이알루로네이트, 팔미토일트라이펩타이드-1,
트라이펩타이드-1, 헥사펩타이드-9, ***하이알루로닉애씨드, ***하이드롤라이즈드소듐하이알루로네이트, 노나펩타이드-1,
소듐하이알루로네이트크로스폴리머, 토코페릴아세테이트"
"A000000257591","[단독기획] 원씽 병풀추출물 150ml 더블 기획 (+병풀 수딩 마스크 2매)","원씽","150.0","300.0","ml","28000","19000","633.3","원씽 병풀추출물 150ml: 병풀잎수(94%), 부틸렌글라이콜, 1,2 -헥산다이올, 병풀추출물(1%)
원씽 병풀 수딩 마스크팩 20ml: 정제수, 부틸렌글라이콜, 글리세린, 1,2-헥산다이올, 하이드록시아세토페논, 알란토인, 병풀잎수(990ppm), 알지닌, 아크릴레이트 /C10-30알킬아크릴레이트크로스폴리머, 프로판다이올, 다이소듐이디티에이, 덱스트린, 카카오추출물, 병풀추출물(100 ppm), 판테놀, 올리브오일, 카프릴릭/카프릭트라이글리세라이드, 시어버터, 하이드로제네이티드레시틴, 스쿠알란, 소듐하이알루로네이트, 하이알루로닉애씨드, 하이드롤라이즈드소듐하이알루로네이트, 하이드롤라이즈드하이알루로닉애씨드, 다이메틸실란올하이알루로네이트, 포타슘하이알루로네이트, 소듐하이알루로네이트크로스폴리머, 하이드록시프로필트라이 모늄하이알루로네이트, 소듐하이알루로네이트다이메틸실란올, 소듐아세틸레이티드하이알루로네이트, 세라마이드엔피, 콜레스테롤, 피토스핑고신"
"A000000257653","오휘 더 퍼스트 제너츄어 포맨 스킨 리프레셔 150ml","오휘","150.0","150.0","ml","60000","51000","3400.0","정제수, 부틸렌글라이콜, 변성알코올, 메틸글루세스-20, 다이프로필렌글라이콜, 1,2-헥산다이올, 다이글리세린, 판테놀, 글라이코실트레할로오스, 피이지-40하이드로제네이티드캐스터오일, 옥틸도데세스-16, 하이드로제네이티드스타치하이드롤리세이트, 소듐시트레이트, 시트릭애씨드, 트라이소듐이디티에이, 나이아신아마이드, 세린, 알지닌, 글리세린, 하이드로제네이티드레시틴, 병풀추출물, 다이포타슘글리시리제이트, 세라마이드엔피, 올리고펩타이드-1, 올리고펩타이드-2, 올리고펩타이드-3, 카퍼트라이펩타이드-1, 올리고펩타이드-6, 올리고펩타이드-4, 향료, 리모넨, 리날룰"
"A000000257657","오휘 마이스터 포맨 하이드라 스킨 150ml","오휘","150.0","150.0","ml","55000","46750","3116.7","정제수, 부틸렌글라이콜, 다이프로필렌글라 이콜, 프로판다이올, 1,2-헥산다이올, 글리세린, 비스-피이지-18메틸에터다이메틸실레인, 세틸에틸 헥사노에이트, 판테놀, 다이펜타에리스리틸헥사 C5-9애씨드에스터, 하이드록시에틸아크릴레이트/ 소듐아크릴로일다이메틸타우레이트코폴리머, 글리 세릴스테아레이트, 세테스-20, 스테아레스-20, 아크릴레이트/C10-30알킬아크릴레이트크로스 폴리머, 트로메타민, 세테아릴알코올, 토코페롤, 트라이소듐이디티에이, 돌콩오일, 폴리솔베이트60, 솔비탄아이소스테아레이트, 글라이코스핑고리피드, 베타-글루칸, 토코페릴아세테이트, 포스포리피드, 세라마이드엔피, 콜레스테롤, 비니거, 향료, 리날룰, 리모넨, 시트로넬올, 쿠마린"
"A000000257660","오휘 마이스터 포맨 프레쉬 스킨 150ml","오휘","150.0","150.0","ml","55000","46750","3116.7","정제수, 변성알코올, 부틸렌글라이콜, 1, 2-헥산디올, 비니거, 판테놀, 베타인, 옥틸도데세 스-16, 피이지-40하이드로제네이티드캐스터오일, 소듐시트레이트, 트리소듐이디티에이, 시트릭애 씨드, 소듐폴리아크릴레이트, 향료, 리모넨, 리날 룰, 벤질벤조에이트, 시트랄, 제라니올"
"A000000258292","토리든 다이브인 저분자 히알루론산 토너 300ml","토리든","300.0","300.0","ml","","21000","700.0","정제수, 부틸렌글라이콜, 다이프로필렌글라이콜, 1,2-헥산다이올, 글리세린, 베타인, 알란토인, 판테놀, 소듐하이알루로네이트크로스폴리머, 소듐하이알루로네이트, 소듐아세틸레이티드하이알루로네이트, 하이드롤라이즈드소듐하이알루로네이트, 하이드롤라이즈드하이알루로닉애씨드(200ppm), 엑토인, 감초추출물, 2,3-부탄다이올, 쇠비름추출물, 트레할로오스, 알지닌, 펜틸렌글라이콜, 말라카이트추출물, 다이소듐이디티에이, 에틸헥실글리세린"
"A000000258293","[NEW] 토리든 다이브인 저분자 히알루론산 토너 300ml 기획 (+100ml)","토리든","300.0","400.0","ml","","21000","525.0","정제수, 부틸렌글라이콜, 다이프로필렌글라이콜, 1,2-헥산다이올, 글리세린, 베타인, 알란토인, 판테놀, 소듐하이알루로네이트크로스폴리머, 소듐하이알루로네이트, 소듐아세틸레이티드하이알루로네이트, 하이드롤라이즈드소듐하이알루로네이트, 하이드롤라이즈드하이알루로닉애씨드(200ppm), 엑토인, 감초추출물, 2,3-부탄다이올, 쇠비름추출물, 트레할로오스, 알지닌, 펜틸렌글라이콜, 말라카이트추출물, 다이소듐이디티에이, 에틸헥실글리세린"
"A000000258894","더랩바이블랑두 올리고 히알루론산 딥 토너 100ml","더랩바이블랑두","100.0","100.0","ml","12000","8900","890.0","정제수, 부틸렌글라이콜, 1,2-헥산다이올, 글리세린, 베타-글루칸, 베타인, 소듐하이알루로네이트(2,700 ppm), 판테놀, 솔비톨, 아세틸글루코사민, 글루쿠로닉애씨드, 알란토인, 토코페롤, 에틸헥실글리세린, 다이소듐이디티에이"
"A000000261635","[아티스트PICK/화잘먹 토너] 로벡틴 블루 히알루론산 프렙 부스트 토너 120ml","로벡틴","120.0","120.0","ml","","21000","1750.0","정제수, 다이프로필렌글라이콜, 글리세린, 펜틸렌글라이콜, 1,2-헥산다이올, 나이아신아마이드, 소듐하이알루로네이트(1,121ppm), 암모늄아크릴로일다이메틸타우레이트/브이피코폴리머, 폴리아크릴레이트크로스폴리머-6, 에틸헥실글리세린, 잔탄검, 아데노신, 폴리쿼터늄-51, 다이소듐이디티에이, 덱스트린, 시트릭애씨드, 부틸렌글라이콜, 글리세릴카프릴레이트, 엑토인(51ppm), 치자추출물, 바이오사카라이드검-1, 셀룰로오스, 하이드로제네이티드레시틴, 하이드록시프로필트라이모늄하이알루로네이트(10ppm), 하이드롤라이즈드하이알루로닉애씨드(1,000ppb), 소듐아세틸레이티드하이알루로네이트(1,000ppb), 판테놀, 카페인, 글리세릴글루코사이드, 하이알루로닉애씨드(250ppb), 토코페롤, 소듐하이알루로네이트크로스폴리머(100ppb), 하이드롤라이즈드소듐하이알루로네이트(100ppb), 파파야열매추출물, 포타슘하이알루로네이트(20ppb), 글라이신, 글루타믹애씨드, 알지닌"
"A000000255328","[한정기획] 아누아 어성초 77 히알루론산 수분 진정 토너 350ml 더블기획 (+어성초 크림 20ml)","아누아","350.0","370.0","ml","49000","27500","743.2","[토너] 약모밀꽃/잎/줄기수(77%), 정제수, 1,2-헥산다이올, 글리세린, 글리세레스-26, 베타인, 펜틸렌글라이콜, 소듐시트레이트, 아이소펜틸다이올, 에틸헥실글리세린, 다이포타슘글리시리제이트, 시트릭애씨드, 아크릴레이트/C10-30알킬아크릴레이트크로스폴리머, 트로메타민, 판테놀, 소듐파이테이트, 알란토인, 소듐하이알루로네이트(1.1ppm), 약모밀소포(750ppb), 하이드롤라이즈드소듐하이알루로네이트(100.1ppb), 징크피씨에이, 하이드록시프로필트라이모늄하이알루로네이트(100ppb), 락토바실러스발효물, 소듐아세틸레이티드하이알루로네이트(10ppb), 하이드롤라이즈드하이알루로닉애씨드(10ppb), 아이소쿼시트린, 쿼세틴, 하이알루로닉애씨드(2.5ppb), 소듐하이알루로네이트크로스폴리머(1ppb), 포타슘하이알루로네이트(0.2ppb)
[크림] 약모밀꽃/잎/줄기수(77%), 나이아신아마이드(1,000 ppm), 1,2-헥산다이올, 판테놀, 글리세린, 다이프로필렌글라이콜, 부틸렌글라이콜, 소듐시트레이트, 징크피씨에이(10 ppm), 프로판다이올, 트레할로오스, 정제수, 베타인, 잔탄검, 스핑고모나스발효추출물, 에틸헥실글리세린, 시트릭애씨드, 하이드록시프로필사이클로덱스트린, 아데노신, 다이소듐이디티에이, 다이포타슘글리시리제이트, 글리세릴아크릴레이트/아크릴릭애씨드코폴리머, 글루코노락톤, 도코사헥사에노익애씨드, 토코페롤, 알란토인, 피리독신에이치씨엘, 카프릴로일살리실릭애씨드, 약모밀소포, 아이소쿼시트린, 쿼세틴"
"A000000171132","[대용량, 피지/진정케어] 피캄 베리어 사이클 락토P 토너 500ml","피캄","500.0","500.0","ml","43000","23600","472.0","정제수, 부틸렌글라이콜, 프로판다이올, 1,2-헥산다이올, 나이아신 아마이드, 판테놀, 에틸헥실글리세린, 알란토인, 아데노신, 잔탄검, 다이소듐이디티에이, 폴리쿼터늄-51, 월계수잎추출물, 질경이추출물, 소듐하이알루로네이트, 버지니아풍년화수, 곤약뿌리추출물, 소듐구아 이아줄렌설포네이트, 파파야열매추출물, 락토바실러스발효물, 밤부사 불가리스추출물, 편백잎추출물, 소나무잎추출물, 측백나무추출물, 시팀 우드검추출물, 병풀추출물, 티트리잎추출물, 쌀겨추출물, 아시아틱 애씨드, 아시아티코사이드, 마데카식애씨드, 마데카소사이드"
"A000000182486","[대용량] 에스테덤 하이드라 로션 맥스 400ml","에스테덤","400.0","400.0","ml","49000","34300","857.5","정제수, 글리세린, 폴리솔베이트20, 펜틸렌글라이콜, 페녹시에탄올, 소듐시트레이트, 프룩토올리고사카라이드, 프로필렌글라이콜, 시트릭애씨드, 향료, 카르노신, 조류추출물, 다이소듐아데노신트라이포스페이트, 볼도잎추출물, 1,2-헥산다이올, 카프릴릴글라이콜, 잔탄검 (01 ES 019 V4)"
"A000000104169","크리니크 각질케어토너 3 200ml","크리니크","200.0","200.0","ml","43000","36550","1827.5","정제수, 변성알코올, 글리세린, 부틸렌글라이콜, 위치하젤, 살리실릭애씨드, 아세틸글루코사민, 소듐하이알루로네이트, 트로메타민, 비에이치티, 트레할로스, 글라이신, 디소듐이디티에이, 페녹시에탄올, 벤조페논-4, 적색201호, 등색205호, 자색401호 [ILN37368]

*제공된 성분은 동일 제품이라도 경우에 따라 변경될 수 있습니다.  최신정보는 제품 포장의 성분을 참고하시거나 본사 고객관리지원팀으로 연락 부탁 드립니다."
"A000000118247","엠브리올리스 오 드 보떼 로자멜리스 200ml","엠브리올리스","200.0","200.0","ml","32000","27200","1360.0","정제수, 다마스크장미꽃수, 글리세린, 수레국화꽃수, 비터오렌지꽃수, 버지니아풍년화잎수, 피피지-26-부테스-26, 세트리모늄브로마이드, 락틱애씨드, 피이지-40하이드로제네이티드캐스터오일, 시트릭애씨드, 향료, 소듐벤조에이트, 포타슘솔베이트, 소듐하이드록사이드"
"A000000124493","클럽맨리저브 젠트진 에프터쉐이브 50ml","클럽맨피노드","50.0","50.0","ml","","9000","1800.0","변성알코올, 정제수, 향료, 벤질벤조에이트, 시트랄, 시트로넬올, 쿠마린, 유제놀, 리모넨, 리날룰, 인도멀구슬나무꽃추출물, 인도멀구슬나무잎추출"
"A000000124508","클럽맨피노드 머스크 에프터쉐이브코롱 50ml","클럽맨피노드","50.0","50.0","ml","","9000","1800.0","변성알코올, 정제수, 향료, 벤질알코올, 벤질살리실레이트, 시트랄, 시트로넬올, 참나무이끼추출물, 제라니올, 하이드록시시트로넬알, 리모넨, 리날룰, 적색227호, 황색5호"
"A000000124511","클럽맨피노드 클래식바닐라 에프터쉐이브로션 50ml","클럽맨피노드","50.0","50.0","ml","","9000","1800.0","변성알코올,정제수,향료,시트로넬올,쿠마린,유제놀,헥실신남알,리날룰,황색4호"
"A000000124512","클럽맨피노드 클래식바닐라 에프터쉐이브로션 177ml","클럽맨피노드","177.0","177.0","ml","","20000","1129.9","변성알코올,정제수,향료,시트로넬올,쿠마린,유제놀,헥실신남알,리날룰,황색4호"
"A000000128323","닥터자르트 컨트롤에이 티트리먼트 토너 200ml (티트리 약산성 토너)","닥터자르트","200.0","200.0","ml","33000","13200","660.0","정제수, 나이아신아마이드, 프로판다이올, 펜틸렌글라이콜, 쇠비름추출물, 티트리잎추출물, 병풀추출물, 무화과추출물, 녹차추출물, 버지니아풍년화추출물, 알로에베라잎추출물, 불등가사리추출물, 캐모마일꽃추출물, 실론시나몬나무껍질추출물, 프랑스해안송껍질추출물, 티트리잎오일, 하이드로제네이티드레시틴, 잇꽃씨오일, 옥틸도데세스-16, 소듐시트레이트, 스페인감초뿌리줄기/뿌리, 시트릭애씨드, 다이소듐이디티에이, 카프릴로일글라이신, 헥실렌글라이콜, 알란토인, 사코신, 세라마이드엔피, 살리실릭애씨드, 캠퍼, 실리카, 돌콩스테롤, 리놀레익애씨드, 카프릴릭/카프릭트라이글리세라이드, 포스포리피드, 4-터피네올, 메틸메타크릴레이트크로스폴리머, 에틸헥실글리세린, 1,2-헥산다이올"
"A000000137417","비오템 옴므 티쀼르 토너 200ml","비오템","200.0","200.0","ml","77000","63910","3195.5","정제수, 변성알코올, 다이프로필렌글라이콜, 글리세린, 탤크, 메틸메타크릴레이트크로스폴리머, 씨솔트, 포타슘하이드록사이드, 징크설페이트, 사코신, 소듐시트레이트, 펄라이트, 하이드롤라이즈드알진, 비트레오스실라발효물, 시트릭애씨드, 잔탄검, 멘톨, 몬모릴로나이트, 펜틸렌글라이콜, 부틸렌글라이콜, 살리실릭애씨드, 페녹시에탄올, 향료"
"A000000151890","생블랑쉬 퓨어토너 300ml","생블랑쉬","300.0","300.0","ml","","32000","1066.7","정제수, 세틸에틸헥사노에이트, 카프릴릭/카프릭트라이글리세라이드, 부틸렌글라이콜, 1,2-헥산다이올, 스쿠알란, 글리세린, 소듐클로라이드, 하이드록시아세토페논, 잔탄검, 다이소듐이디티에이, 향료, 소듐시트레이트, 소듐하이알루로네이트, 하이드롤라이즈드콜라겐, 백미꽃추출물, 하이드록시프로필트라이모늄하이알루로네이트, 에틸헥실글리세린, 하이드로제네이티드레시틴, 소듐아세틸레이티드하이알루로네이트, 하이드롤라이즈드하이알루로닉애씨드, 글루코오스, 하이드록시프로필메틸셀룰로오스, 알지닌, 글루타티온, 시트릭애씨드, 칼슘카보네이트, 하이알루로닉애씨드, 아스코빅애씨드, 아세틸글루코사민, 올리고펩타이드-32, 올리고펩타이드-29, 소듐하이알루로네이트크로스폴리머, 하이드롤라이즈드소듐하이알루로네이트, 포타슘하이알루로네이트, 팔미토일펜타펩타이드-4,"
"A000000154375","클럽맨피노드 오리지날 에프터쉐이브로션 370ml","클럽맨피노드","370.0","370.0","ml","","29000","783.8","변성알코올, 정제수, 향료, 벤질알코올, 벤질벤조에이트, 벤질살리실레이트, 시트랄, 시트로넬올, 리모넨, 제라니올, 하이드록시시트로넬알, 리날룰, 참나무이끼추출물, 나무이끼추출물, 황색4호, 황색5호"
"A000000158369","[화해1위 3관왕] 에스네이처 아쿠아 오아시스 토너 300ml","에스네이처","300.0","300.0","ml","25000","18900","630.0","정제수, 다이프로필렌글라이콜, 부틸렌글라이콜, 글리세린, 1,2-  헥산다이올, 베타인, 판테놀, 알란토인, 파파야열매추출물, 글루코노락톤, 자일리틸글루코사이드, 안하이드로자일리톨, 자일리톨, 소듐하이알루로네이트, 글루코오스, 파파인, 하이드록시프로필트라이모늄하이알루로네이트, 소듐아세틸레이티드하이알루로네이트, 하이드롤라이즈드하이알루로닉애씨드, 하이알루로닉애씨드, 하이드롤라이즈드소듐하이알루로네이트, 소듐하이알루로네이트크로스폴리머, 포타슘하이알루로네이트, 글리세릴아크릴레이트/아크릴릭애씨드코폴리머, 피브이엠/엠에이코폴리머"
"A000000158921","빌리프 스트레스 슈터 시카 수딩 토너 200ml","빌리프","200.0","200.0","ml","38000","29200","1460.0","정제수, 다이프로필렌글라이콜, 글리세레스-26, 1,2-헥산다이올, 글리세린, 별꽃추출물*+, 레이디스맨틀잎추출물+, 쇠뜨기잎추출물+, 쐐기풀잎추출물+, 귀리커넬추출물*, 포트마리골드꽃추출물*, 개박하추출물*, 라즈베리잎추출물*, 와일드인디고뿌리추출물*, 마데카소사이드 (20 ppm), 병풀잎추출물 (10 ppm), 덱스트린, 카카오씨추출물, 부틸렌글라이콜, 솔비톨, 비스-피이지-18메틸에터다이메틸실레인, 판테놀, 피이지-40하이드로제네이티드캐스터오일, 트라이에틸헥사노인, 자일리틸글루코사이드, 락토바실러스/콩발효추출물, 페닐트라이메티콘, 아크릴레이트/C10-30알킬아크릴레이트크로스폴리머, 안하이드로자일리톨, 트로메타민, 효모/감자추출물발효여과물, 락토바실러스발효물, 울금뿌리추출물, 효모/보리씨발효여과물, 자일리톨, 라우릴다이메티콘/폴리글리세린-3크로스폴리머, 폴리메틸실세스퀴옥세인, 폴리쿼터늄-51, 알진, 글루코오스, 트라이소듐이디티에이, 에틸헥실글리세린, 바이오사카라이드검-1, 오렌지껍질오일**, 라임전초오일**, 로즈마리잎오일**, 센티드제라늄꽃오일**, 시트랄, 시트로넬올, 리모넨, 제라니올, 리날룰 (*표시: Napiers original formula, +표시: Napiers aqua formula, **표시: 식물 유래 향)"
"A000000159291","마몽드 레티놀 앰플 토너 250ml","마몽드","250.0","250.0","ml","25000","17500","700.0","정제수, 부틸렌글라이콜, 글리세린, 베타인, 하이드롤라이즈드콜라겐, 1,2-헥산다이올, 글리세릴폴리메타크릴레이트, 다이메티콘, 피피지-13-데실테트라데세스-24, 에탄올, 아크릴레이트/C10-30알킬아크릴레이트크로스폴리머, 하이드로제네이티드레시틴, 트로메타민, 에틸헥실글리세린, 아데노신,돌콩오일, 다이소듐이디티에이, 덱스트린, 향료, 잇꽃꽃추출물, 소듐하이알루로네이트, 해바라기씨오일, 소듐메틸스테아로일타우레이트, 레티놀100IU, 카카오추출물, 에칠아스코빌에텔, 비에이치티, 로얄젤리추출물, 토코페롤, 사프란암술머리추출물"
"A000000159466","닥터브로너스 로즈 발란싱 스킨 소프트너 240ml","닥터브로너스","240.0","240.0","ml","","23000","958.3","정제수, 에탄올(11.824%), 다마스크장미꽃수(4%), 알로에베라잎즙(2%), 글리세린(2%), 꿀(1%), 라벤더오일(0.4224%), 버지니아풍년화수(0.1%), 잔탄검, 호호바씨오일(0.03%), 삼씨오일(0.01%), 토코페롤, 시트랄, 유제놀, 제라니올, 리날룰, 시트로넬올, 리모넨, 쿠마린"
"A000000161314","[모공케어] 유세린 더머토클린 클래리파잉 토너 200ml","유세린","200.0","200.0","ml","","28000","1400.0","정제수, 다이프로필렌글라이콜, 글리세린, 페녹시에탄올, 1,2-헥산다이올, 글리세릴글루코사이드, 소듐시트레이트, 시트릭애씨드, 트라이소듐이디티에이, 소듐하이알루로네이트, 코카미도프로필베타인, 데실글루코사이드, 소듐클로라이드"
"A000000169999","달팡 인트랄 데일리 미셀러 토너 200ml","달팡","200.0","200.0","ml","47000","39950","1997.5","정제수,글리세레스-26,부틸렌글라이콜,비스-피이지-18메틸에터다이메틸실레인,노니열매즙,센타우리추출물,모란뿌리추출물,모노기나산사꽃추출물,마트리카리아추출물,판테놀,알테로모나스발효추출물,락토바실러스발효물,효모용해추출물,소듐하이알루로네이트,글리세린,트레할로오스,토코페릴아세테이트,카프릴릴글라이콜,피피지-26-부테스-26,폴리글리세릴-4카프레이트,피피지-6-데실테트라데세스-30,피이지-40하이드로제네이티드캐스터오일,시트릭애씨드,소듐하이드록사이드,향료,비에이치티,다이소듐이디티에이,포타슘솔베이트,소듐벤조에이트,페녹시에탄올"
"A000000170418","비오템 비오수르스 중복합성 토너 400ml","비오템","400.0","400.0","ml","79000","65570","1639.2","정제수 부틸렌글라이콜 변성알코올 글리세린 피피지-6-데실테트라데세스-30 피이지/피피지/폴리부틸렌글라이콜-8/5/3글리세린 징크글루코네이트 글라이신 메치오닌 소듐시트레이트 소듐석시네이트 알지닌 세린 만노오스 디소듐이디티에이 하이드롤라이즈드밀단백질 비트레오실라발효물 시트릭애씨드 시트룰린 락토바실러스발효물 토코페롤 포타슘소르베이트 소듐데하이드로아세테이트 페녹시에탄올 클로페네신 향료 리날룰 제라니올 알파-이소메칠이오논 하이드록시시트로넬알 시트로넬올 부틸페닐메칠프로피오날 벤질알코올 벤질살리실레이트"
"A000000173994","글로오아시스 프로바이오틱스 플러스 애프리콧 오일 밀크듀 밸런싱 토너 120ml","글로오아시스","120.0","120.0","ml","","39000","3250.0","정제수, 살구씨오일, 글리세린, 다이에톡시에틸석시네이트, 1,2-헥산다이올, 락토바실러스발효물, 부틸렌글라이콜, 하이드로제네이티드레시틴, 폴리글리세릴-10라우레이트, 프로판다이올, 에틸헥실글리세린, 아크릴레이트/C10-30알킬아크릴레이트크로스폴리머, 알지닌, 알란토인, 소듐파이테이트, 병풀추출물, 쇠비름추출물, 진흙버섯추출물, 마트리카리아꽃추출물, 보검선인장꽃추출물, 보검선인장열매추출물, 보검선인장줄기추출물, 우엉뿌리추출물, 체이스트트리추출물, 펜틸렌글라이콜, 세테아릴알코올, C14-22알코올, C12-20알킬글루코사이드, 카프릴릭/카프릭트라이글리세라이드, 폴리글리세릴-4카프레이트, 폴리글리세릴-6카프릴레이트"
"A000000174370","바이오더마 하이드라비오 토너 500ml","바이오더마","500.0","500.0","ml","","40000","800.0","정제수, 글리세린, 폴리솔베이트20, 다이소듐이디티에이, 세트리모늄브로마이드, 향료, 나이아신아마이드, 자일리톨, 알란토인, 프룩토올리고사카라이드, 만니톨, 헥실데칸올, 소듐하이드록사이드, 시트릭애씨드, 람노오스, 사과씨추출물, 유채스테롤, 토코페롤"
"A000000177757","[수딩진정] 넘버즈인 1번 진정 맑게담은 청초토너 300ml 기획 (+1번 패드 10매 증정)","넘버즈인","300.0","300.0","ml","26000","16900","563.3","정제수, 1,2-헥산다이올, 다이프로필렌글라이콜, 프로판다이올, 부틸렌글라이콜, 글리세린, 감초뿌리추출물, 약모밀추출물, 카보머, 병풀추출물, 하이드록시에틸셀룰로오스, 알지닌, 알란토인, 다이소듐이디티에이, 하수오전초추출물, 베타인, 히아신스전초추출물, 판테놀, 알바수련꽃추출물"
"A000000178075","헤라 옴므 파워부스팅 토너 150ML","헤라","150.0","150.0","ml","65000","51480","3432.0","정제수, 변성알코올, 부틸렌글라이콜, 글리세린, 나이아신아마이드, 비스-피이지-18메틸에터다이메틸실레인, 1,2-헥산다이올, 판테놀, 피이지-60하이드로제네이티드캐스터오일, 옥틸도데세스-16, 향료, 카보머, 에틸헥실글리세린, 트로메타민, 아데노신, 다이소듐이디티에이, 리모넨, 트레할로오스, 카페인, 락토바실러스발효용해물, 리날룰, 하이드롤라이즈드옥수수전분, 소나무잎추출물, 시트랄, 알파-아이소메틸아이오논, 살리실릭애씨드, 프로판다이올, 글라이콜릭애씨드, 토코페롤, 소듐하이알루로네이트, 하이드롤라이즈드하이알루로닉애씨드, 소듐하이알루로네이트크로스폴리머, 하이알루로닉애씨드, 소듐아세틸레이티드하이알루로네이트"
"A000000178514","코스톡 타임리스 에센스스킨 200ml","코스톡","200.0","200.0","ml","","33000","1650.0","정제수, 부틸렌글라이콜, 글리세린, 1,2-헥산다이올, 다이프로필렌글라이콜, 나이아신아마이드, 글리세레스-26, 아이리쉬모스추출물, 사탕수수추출물, 소듐하이알루로네이트, 카카오씨추출물, 아보카도열매추출물, 하이드롤라이즈드하이알루로닉애씨드, 하이알루로닉애씨드, 프로판다이올, 폴리글리세릴-10라우레이트, 폴리쿼터늄-51, 에틸헥실글리세린, 아데노신, 소듐파이테이트, 트로메타민, 덱스트린, 말토덱스트린, 토코페롤, 다이포타슘포스페이트, 아세틸글루타민, 소듐하이알루로네이트크로스폴리머, 하이드롤라이즈드글라이코사미노글리칸, 벤질글라이콜, 셀룰로오스검, 카보머, 잔탄검"
"A000000178990","비마이셀프 C2 워터플럼핑 토너 200ml","비마이셀프","200.0","200.0","ml","","23900","1195.0","정제수, 부틸렌글라이콜, 글리세린, 다이프로필렌글라이콜, 펜틸렌글라이콜, 마데카소사이드, 소듐하이알루로네이트, 글리세릴시트레이트/락테이트/리놀리에이트/올리에이트, 세라마이드엔피, 다이부틸아디페이트, 솔비탄올리에이트, 세테아릴 올리베이트, 하이드로제네이티드레시틴, 폴리글리세릴-10라우레이트, 베타인, 펙틴, 아크릴레이트/C10-30알킬아크릴레이트크로스폴리머, 하이드록시프로필메틸셀룰로오스, 레시틴, 해마토코쿠스 플루비알리스오일"
"A000000181193","[강력진정/산뜻보습] 닥터자르트 시카페어 인텐시브 수딩 리페어 트리트먼트 로션 150ml","닥터자르트","150.0","150.0","ml","39000","24900","1660.0","정제수, 프로판다이올, 다이프로필렌글라이콜, 1,2-헥산다이올, 글리세린, 메틸프로판다이올, 베타인, 알란토인, 판테놀, 에틸헥실글리세린, 소듐하이알루로네이트, 부틸렌글라이콜, 폴리글리세릴-4올리에이트, 병풀잎추출물, 소듐스테아로일글루타메이트, 아시아티코사이드, 마데카식애씨드, 아시아틱애씨드, 팔미토일트라이펩타이드-8, 잔탄검, 소듐서팩틴, 아이소펜틸다이올, 덱스트란, 토코페롤"
"A000000184965","[피지/진정케어] 피캄 베리어 사이클 락토P 토너200ml 기획(+화장솜 증정)","피캄","200.0","200.0","ml","23000","12900","645.0","정제수, 부틸렌글라이콜, 프로판다이올, 1,2-헥산다이올, 나이아신 아마이드, 판테놀, 에틸헥실글리세린, 알란토인, 아데노신, 잔탄검, 다이소듐이디티에이, 폴리쿼터늄-51, 월계수잎추출물, 질경이추출물, 소듐하이알루로네이트, 버지니아풍년화수, 곤약뿌리추출물, 소듐구아 이아줄렌설포네이트, 파파야열매추출물, 락토바실러스발효물, 밤부사 불가리스추출물, 편백잎추출물, 소나무잎추출물, 측백나무추출물, 시팀 우드검추출물, 병풀추출물, 티트리잎추출물, 쌀겨추출물, 아시아틱 애씨드, 아시아티코사이드, 마데카식애씨드, 마데카소사이드"
"A000000187652","헤라 옴므 에센스인스킨 125ML","헤라","125.0","125.0","ml","46000","36430","2914.4","정제수, 변성알코올, 프로판다이올, 글리세레스-26, 글리세린, 나이아신아마이드, 1,2-헥산다이올, 베타인, 카페인, 피피지-13-데실테트라데세스-24, 부틸렌글라이콜, 옥틸도데세스-16, 비스-피이지-18메틸에터다이메틸실레인, 카보머, 잔탄검, 판테놀, 향료, 트로메타민, 펜틸렌글라이콜, 에틸헥실글리세린, 다이소듐이디티에이, 아데노신, 라이신, 알지닌, 히스티딘, 글루코오스, 자일로오스, 리날룰, 헥실신남알, 복사나무잎추출물, 알파-아이소메틸아이오논, 서양톱풀추출물, 리모넨, 벤질살리실레이트, 만노오스, 소듐클로라이드, 레시틴, 토코페롤, 소듐포스페이트, 카퍼트라이펩타이드-1, 푸코오스, 포타슘클로라이드, 포타슘포스페이트, 마그네슘클로라이드, 칼슘클로라이드, 하이드롤라이즈드기장"
"A000000191894","후시다인 더마 트러블 밸런싱 토너 150ml","후시다인","150.0","150.0","ml","","25000","1666.7","정제수, 글리세린, 1,2-헥산다이올, 프로판다이올, 푸시디움 코키네움발효용해추출여과물, 알바수련꽃추출물, 프로테아제, 베타인, 스트렙토코쿠스 테르모필루스발효물, 클로렐라 불가리스추출물, 소듐하이알루로네이트, 사과즙, 삼나무잎추출물, 연꽃잎추출물, 효모발효물, 백미꽃추출물, 접시꽃추출물, 부틸렌글라이콜, 글리세레스-26, 메틸글루세스-20, 글루코오스, 프룩토올리고사카라이드, 프룩토오스, 판테놀, 에틸헥실글리세린, 만델릭애씨드, 소듐시트레이트, 소듐파이테이트, 토코페롤, 다이프로필렌글라이콜, 펜틸렌글라이콜, 카프릴릴/카프릴글루코사이드, 하이드로제네이티드레시틴, 세라마이드엔피"
"A000000199399","[속보습루틴] 더랩바이블랑두 저분자 히알루론산 딥 토너 리필캔 238ml","더랩바이블랑두","238.0","238.0","ml","21000","14700","617.6","정제수, 부틸렌글라이콜, 1,2-헥산다이올, 글리세린, 베타-글루칸, 베타인, 소듐하이알루로네이트(2,700 ppm), 판테놀, 솔비톨, 아세틸글루코사민, 글루쿠로닉애씨드, 알란토인, 토코페롤, 에틸헥실글리세린, 다이소듐이디티에이"
"A000000199669","슬로소피 뉴티놀 토너 150ml","슬로소피","150.0","150.0","ml","","38000","2533.3","정제수,다이프로필렌글라이콜,글리세레스-26,바쿠치올,엑토인,다이포타슘글리시리제이트,1,2-헥산다이올,프룩토오스,코코넛애씨드,프롤린,카보머,알지닌,프로판다이올,글리세린,소듐하이알루로네이트,윈터체리뿌리추출물,알란토인,카프릴하이드록사믹애씨드,유향나무오일,벼캘러스배양추출물,포타슘솔베이트,시트릭애씨드"
"A000000200229","케어존 리큐어 노르데나우 시카 토너 490ml","케어존","490.0","490.0","ml","30000","18000","367.3","정제수, 다이프로필렌글라이콜, 1,2-헥산다이올, 글리세린, 메틸글루세스-20, 판테놀, 다이포타슘글리시리제이트, 글리시레티닉애씨드, 스페인감초뿌리추출물, 병풀잎추출물, 부틸렌글라이콜, 아크릴레이트/C10-30알킬아크릴레이트크로스폴리머, 트라이소듐이디티에이, 트로메타민, 잔탄검, 소듐하이알루로네이트"
"A000000205340","[저자극 유분케어/1+1] 유세린 더모퓨리파이어 토너 더블 기획 (200ml+200ml)","유세린","200.0","400.0","ml","26000","24700","617.5","정제수, 변성알코올, 부틸렌글라이콜, 폴록사머124, 락틱애씨드, 피이지-40하이드로제네이티드캐스터오일, 소듐락테이트, 글리세릴카프릴레이트, 페녹시에탄올, 향료"
"A000000206409","더바디샵 티트리 스킨 클리어링 토너 250ML","더바디샵","250.0","250.0","ml","28000","26600","1064.0","정제수,변성알코올,타피오카전분,피이지-40하이드로제네이티드캐스터오일,버지니아풍년화수,페녹시에탄올,카프릴릴글라이콜,글리세린,티트리잎오일,에탄올,알란토인,호동씨오일,살리실릭애씨드,트리소듐에칠렌디아민디석시네이트,폴리메칠실세스퀴옥산,소듐하이드록사이드,리모넨,시트랄,리날룰,레몬향티트리오일,토코페롤,황색4호,카라멜,청색1호"
"A000000206424","더바디샵 티트리 래피드 액션 젤 15ML","더바디샵","15.0","15.0","ml","18000","17100","11400.0","정제수,변성알코올,글리세린,프로판디올,아크릴레이트/C10-30알킬아크릴레이트크로스폴리머,페녹시에탄올,소듐폴리아크릴레이트,호동씨오일,카프릴릴글라이콜,티트리잎오일,소듐글루코네이트,살리실릭애씨드,소듐하이드록사이드,하이드롤라이즈드알진,리모넨,시트랄,징크설페이트,리날룰,레몬향티트리오일,토코페롤,황색4호,청색1호,등색205호"
"A000000210550","[바르는각질제거제]폴라초이스 스킨퍼펙팅 바하 리퀴드 118ml 기획","폴라초이스","118.0","118.0","ml","39000","31200","2644.1","정제수, 프로필렌글라이콜, 나이아신아마이드, 펜틸렌글라이콜, 피이지/피피지-17/6코폴리머, 폴리솔베이트20, 살리실릭애씨드, 비스-피이지-18메틸에터다이메틸실레인, 글리세린, 소듐하이드록사이드, 10-하이드록시데카노익애씨드, 알란토인, 다이포타슘글리시리제이트, 테트라소듐이디티에이, 소듐하이알루로네이트, 페녹시에탄올, 카프릴릴글라이콜, 클로페네신"
"A000000211569","[단독기획] 헉슬리 컨디셔닝 에센스 토너 프리쉐이프 300ml 기획(+화장솜 40매)","헉슬리","300.0","300.0","ml","36000","20800","693.3","정제수, 락토바실러스발효물, 부틸렌글라이콜, 아이소펜틸다이올, 1,2-헥산다이올, 다이프로필렌글라이콜, 보검선인장줄기추출물, 폴리글리세릴-10라우레이트, 베타인, 보검선인장꽃추출물, 알지닌, 카보머, 에틸헥실글리세린, 아데노신, 하이드롤라이즈드스클레로튬검, 하이드롤라이즈드호호바에스터, 카카오씨추출물, 소듐파이테이트, 향료, 알란토인, 소듐시트레이트, 시트릭애씨드, 카페인, 판테놀, 바실러스발효물, 글리세린, 토코페롤, 보검선인장씨오일, 세라마이드엔피, 피토스핑고신, 하이드로제네이티드레시틴, 벤질살리실레이트, 헥실신남알"
"A000000212908","[각질쓱삭/피지케어] 비플레인 녹두 모공 클리어링 라하 토너 265ml","비플레인","265.0","265.0","ml","","24000","905.7","정제수, 글리세린, 부틸렌글라이콜, 1,2-헥산다이올, 솔비톨, 하이드록시아세토페논, 프로판다이올, 글리세레스-25피씨에이아이소스테아레이트, 에틸헥실글리세린, 소듐시트레이트, 시트릭애씨드, 다이소듐이디티에이, 메틸다이아이소프로필프로피온아마이드, 녹두추출물(200ppm), 잔탄검, 하이알루로닉애씨드, 하이드롤라이즈드하이알루로닉애씨드, 소듐하이알루로네이트, 카프릴로일살리실릭애씨드(10ppm), 글루코노락톤, 녹두씨추출물(5ppm), 글루코오스, 사과추출물, 밤껍질추출물, 감나무잎추출물, 파파인, 유채싹추출물, 브루셀스프라우트추출물, 해바라기싹추출물, 녹두싹추출물(0.1ppm), 밀싹추출물, 아세틸헥사펩타이드-8, 카퍼트라이펩타이드-1, 다이펩타이드다이아미노부티로일벤질아마이드다이아세테이트, 헥사펩타이드-9, 노나펩타이드-1, 팔미토일헥사펩타이드-12, 팔미토일펜타펩타이드-4, 팔미토일테트라펩타이드-7, 팔미토일트라이펩타이드-1, 팔미토일트라이펩타이드-5, 펜타펩타이드-3, 트라이펩타이드-1"
"A000000213950","연작 카밍 앤 컴포팅 토너 150ml","연작","150.0","150.0","ml","40000","34000","2266.7","정제수, 글리세린, 다이프로필렌글라이콜, 프로판다이올, 1,2-헥산다이올, 글루코노락톤, 트로메타민, 부틸렌글라이콜, 베타인, 황련추출물, C12-14파레스-12, 알란토인, 병풀추출물, 에틸헥실글리세린, 쇠비름추출물, 아이비고드열매추출물, 한련초추출물, 황금추출물, 다이소듐이디티에이, 호장근뿌리추출물, 카카오추출물, 녹차추출물, 스페인감초뿌리추출물, 광곽향오일, 마트리카리아꽃추출물, 황벽나무껍질추출물, 로즈마리잎추출물, 개똥쑥추출물, 황련뿌리추출물, 녹두씨추출물, 삼백초추출물, 고삼뿌리추출물, 덱스트린, 토코페롤"
"A000000214254","키엘 울트라 훼이셜 오일-프리 토너 250ml","키엘","250.0","250.0","ml","47000","37130","1485.2","정제수 글리세린 프로판디올 페녹시에탄올 프로필렌글라이콜 포타슘소르베이트 아크릴레이트/C10-30알킬아크릴레이트크로스폴리머 트리에탄올아민 시트릭애씨드 모근추출물 슈도알테로모나스발효추출물 소듐하이알루로네이트 오이즙/오이추출물 카프릴릴글라이콜 카보머"
"A000000214753","올리고더미 카렌듈라 토닝로션 500ml","올리고더미","500.0","500.0","ml","39600","35600","712.0","정제수, 부틸렌글라이콜, 나이아신아마이드, 프로필렌글라이콜, 글리세린, 에탄올, 페녹시에탄올, 피이지-60하이드로제네이티드캐스터오일, 포트마리골드추출물(500ppm), 아데노신, 시트릭애씨드, 다이소듐이디티에이, 클로페네신 , 병풀추출물, 황금추출물, 호장근뿌리추출물, 스페인감초뿌리추출물, 녹차추출물, 마트리카리아꽃추출물, 로즈마리잎추출물, 다이프로필렌글라이콜, 청색1호, 황색5호, 향료"
"A000000217325","달팡 인트랄 데일리 트리트먼트 로션 150ml (온)","달팡","150.0","150.0","ml","86000","73100","4873.3","정제수,글리세레스-26,글리세린,부틸렌글라이콜,아세틸글루코사민,하이드록시에틸우레아,스칼렛위스테리아트리꽃추출물,센타우리추출물,돌콩추출물,팔손이분홍치추출물,판테놀,마트리카리아추출물,모란뿌리추출물,모노기나산사꽃추출물,알테로모나스발효추출물,힙네아 무스키포르미스추출물,트레할로오스,효모/자일리눔/홍차발효물,락토바실러스발효물,구름버섯추출물,피타야추출물,하이드롤라이즈드쌀추출물,로즈마리잎추출물,카페인,소듐하이알루로네이트,바이오틴,포타슘글루코네이트,카프릴릴글라이콜,트라이에틸시트레이트,소듐시트레이트,피피지-5-세테스-20,피이지-60하이드로제네이티드캐스터오일,시트릭애씨드,헥실렌글라이콜,다이소듐이디티에이,소듐하이드록사이드,하이드록시에틸셀룰로오스,레시틴,향료,페녹시에탄올,소듐벤조에이트,포타슘솔베이트,적색504호,자색401호"
"A000000217777","닥터디퍼런트 스케일링 토너 (지성용) 300ml (AD)","닥터디퍼런트","300.0","300.0","ml","32000","25600","853.3","정제수, 부틸렌글라이콜,  1,2-헥산다이올, 글리세린, 소듐시트레이트, 살리실릭애씨드, 카프릴릴글라이콜, 에틸헥실글리세린, 폴리글리세릴-10라우레이트, 폴리글리세릴-4라우레이트, 다이프로필렌글라이콜, 락틱애씨드, 글라이콜릭애씨드, 하이드롤라이즈드글라이코사미노글리칸, 카프릴로일살리실릭애씨드, 징크피씨에이, 시트릭애씨드, 소듐글루코네이트, 석시닉애씨드, 글루코노락튼, 소듐클로라이드, 흰버드나무껍질추출물, 파스향나무잎추출물, 소듐하이알루로네이트, 로즈힙열매추출물"
"A000000218716","[저자극 로즈 토너+미니오일증정]눅스 베리로즈 리프레쉬 토너 200ml 기획","눅스","200.0","200.0","ml","33000","26400","1320.0","정제수, 글리세린, 펜틸렌글라이콜, 페녹시에탄올, 소듐글루코네이트, 코코-글루코사이드, 세트리모늄브로마이드, 카프릴릴/카프릴글루코사이드, 시트릭애씨드, 다마스크장미꽃추출물(30ppm), 향료"
"A000000223625","[각질쓱싹] 디오디너리 글리코릭 애시드 7% 엑스폴리에이팅 토너 240ml","디오디너리","240.0","240.0","ml","","16900","704.2","정제수, 글라이콜릭애씨드(7%), 다마스크장미꽃수, 수레국화꽃수, 알로에베라잎수, 프로판다이올, 글리세린, 트라이에탄올아민, 아미노메틸프로판올, 인삼추출물, 마운틴페퍼열매추출물, 마운틴페퍼잎추출물, 아스파틱애씨드, 알라닌, 글라이신, 세린, 발린, 아이소류신, 프롤린, 트레오닌, 히스티딘, 페닐알라닌, 글루타믹애씨드, 알지닌, 피씨에이, 소듐피씨에이, 소듐락테이트, 프룩토오스, 글루코오스, 수크로오스, 우레아, 헥실니코티네이트, 덱스트린, 시트릭애씨드, 폴리솔베이트20, 젤란검, 트라이소듐에틸렌다이아민다이석시네이트, 소듐클로라이드, 헥실렌글라이콜, 포타슘솔베이트, 소듐벤조에이트, 1,2-헥산다이올, 카프릴릴글라이콜."
"A000000223627","[각질쓱싹] 디오디너리 글리코릭 애시드 7% 엑스폴리에이팅 토너 100ml","디오디너리","100.0","100.0","ml","","11300","1130.0","정제수, 글라이콜릭애씨드(7%), 다마스크장미꽃수, 수레국화꽃수, 알로에베라잎수, 프로판다이올, 글리세린, 트라이에탄올아민, 아미노메틸프로판올, 인삼추출물, 마운틴페퍼열매추출물, 마운틴페퍼잎추출물, 아스파틱애씨드, 알라닌, 글라이신, 세린, 발린, 아이소류신, 프롤린, 트레오닌, 히스티딘, 페닐알라닌, 글루타믹애씨드, 알지닌, 피씨에이, 소듐피씨에이, 소듐락테이트, 프룩토오스, 글루코오스, 수크로오스, 우레아, 헥실니코티네이트, 덱스트린, 시트릭애씨드, 폴리솔베이트20, 젤란검, 트라이소듐에틸렌다이아민다이석시네이트, 소듐클로라이드, 헥실렌글라이콜, 포타슘솔베이트, 소듐벤조에이트, 1,2-헥산다이올, 카프릴릴글라이콜."
"A000000223783","[증정 기획] 닥터지 레드 블레미쉬 포 맨 멀티 수딩 토너 200ml 보습 기획세트 (+올인원크림 30ml)","닥터지","200.0","230.0","ml","31000","24800","1078.3","토너
정제수,프로판다이올,1,2-헥산다이올,베타인,판테놀,부틸렌글라이콜,갈락토아라비난,펜틸렌글라이콜,말토덱스트린,글리세린,알란토인,알로에베라잎추출물,다시마추출물,참마뿌리추출물,당느릅나무뿌리추출물,제비꽃꽃추출물,하이드록시페닐프로파미도벤조익애씨드,다이소듐이디티에이,소듐하이알루로네이트,구주호랑가시나무잎추출물,약모밀추출물,유럽잎갈나무목부추출물,베타-글루칸,티트리잎추출물,아스코빌팔미테이트,씨홀리추출물,서양톱풀꽃추출물,에틸헥실글리세린,병풀추출물,마데카소사이드,아시아티코사이드,아시아틱애씨드,마데카식애씨드

탄력 올인원
정제수,프로판다이올,부틸렌글라이콜다이카프릴레이트/다이카프레이트,메틸프로판다이올,트라이에틸헥사노인,나이아신아마이드,아라키딜알코올,비닐다이메티콘,판테놀,베헤닐알코올,1,2-헥산다이올,글리세릴스테아레이트에스이,폴리글리세릴-2스테아레이트,포타슘세틸포스페이트,폴리아크릴레이트크로스폴리머-6,글리세릴글루코사이드,암모늄아크릴로일다이메틸타우레이트/브이피코폴리머,글리세릴스테아레이트,세테아릴알코올,세테아릴올리베이트,아라키딜글루코사이드,스테아릴알코올,하이드로제네이티드레시틴,솔비탄올리베이트,하이드록시아세토페논,글리세린,토코페롤,글루코노락톤,프룩탄,아데노신,다이소듐이디티에이,세라마이드엔피,병풀추출물,라이소레시틴,하이드롤라이즈드감자단백질,하이드롤라이즈드스위트아몬드단백질,하이드롤라이즈드쌀단백질,콜레스테롤,팔미틱애씨드,소듐하이알루로네이트,하이드롤라이즈드콜라겐,마데카소사이드,마데카식애씨드,아시아티코사이드,아시아틱애씨드,소듐하이알루로네이트크로스폴리머,포타슘하이알루로네이트,하이드록시프로필트라이모늄하이알루로네이트,하이드롤라이즈드소듐하이알루로네이트,하이드롤라이즈드하이알루로닉애씨드,하이알루로닉애씨드,아세틸헥사펩타이드-8,소듐아세틸레이티드하이알루로네이트"
"A000000227223","브리올옴므 퍼펙트 화이트닝 토너 120ml*","브리올옴므","120.0","120.0","ml","24000","22800","1900.0","정제수, 메틸프로판다이올, 1,2-헥산다이올, 나이아신아마이드, 병풀추출물, 다시마추출물, 보검선인장줄기추출물, 한천호인추출물, 귀리커넬추출물, 아티초크잎추출물, 쇠비름추출물, 로즈마리잎추출물, 마트리카리아꽃추출물, 데이지꽃추출물, 하이드로제네이티드레시틴, 녹차수, 소듐하이알루로네이트, 글리세린, 부틸렌글라이콜, 옥틸도데세스-16, 베타인, 다이프로필렌글라이콜, 잔탄검, 카보머, 폴리리신-5, 베타-글루칸, 다이소듐이디티에이, 아데노신, 트로메타민, 펜틸렌글라이콜카프릴레이트, 하이드롤라이즈드하이알루로닉애씨드, 토코페롤, 소듐하이알루로네이트크로스폴리머, 폴리글리세릴-10스테아레이트, 메디카소사이드, 판테놀, 페네틸알코올, 하이알루로닉애씨드, 소듐아스코빌포스페이트, 토코페릴아세테이트, 하이드롤라이즈드소듐하이알루로네이트, 소듐클로라이드, 다이소듐포스페이트, 바이오틴, 타이아민에이치씨엘, 폴릭애씨드, 피리독신, 칼슘판토테네이트, 포타슘포스페이트, 사이아노코발아민, 향료, 에틸헥실글리세린, 펜틸렌글라이콜, 리모넨, 리날룰"
"A000000228073","아이디얼포맨 파워쿨링 애프터 쉐이브 2종 세트","아이디얼포맨","","","","24000","14800","","[파워쿨링 애프터 쉐이브 워터로션]
정제수,변성알코올,프로판다이올,다이프로필렌글라이콜,메틸프로판다이올,나이아신아마이드,펜틸렌글라이콜,글리세레스-26,실버위드추출물,귀리커넬추출물,아티초크잎추출물,병풀추출물,무화과추출물,알로에베라잎추출물,유칼립투스잎추출물,콘민트추출물,구주소나무싹추출물,히아신스전초추출물,하이드로제네이티드레시틴,녹차수,글리세린,C12-14파레스-12,하이드록시아세토페논,에틸헥실글리세린,부틸렌글라이콜,메틸다이아이소프로필프로피온아마이드,알지닌,카보머,아데노신,다이소듐이디티에이,폴리쿼터늄-51,소듐폴리아크릴레이트,피브이엠/엠에이코폴리머,베타-글루칸,1,2-헥산다이올,세라마이드엔피,에리스리톨,토코페롤,멘틸락테이트,글리세릴카프릴레이트,수크로오스다이스테아레이트,카프릴릭/카프릭트라이글리세라이드,하이드록시프로필사이클로덱스트린,향료,레몬그라스추출물

[파워쿨링 애프터 쉐이브 겔]
정제수,변성알코올,글리세린,1,2-헥산다이올,나이아신아마이드,부틸렌글라이콜,실버위드추출물,귀리커넬추출물,아티초크잎추출물,병풀추출물,무화과추출물,알로에베라잎추출물,유칼립투스잎추출물,콘민트추출물,워터히솝추출물,하이드로제네이티드레시틴,녹차수,자작나무수액,C12-14파레스-12,카보머,트로메타민,메틸프로판다이올,에틸헥실글리세린,메틸다이아이소프로필프로피온아마이드,아데노신,폴리쿼터늄-51,소듐폴리아크릴레이트,피브이엠/엠에이코폴리머,베타-글루칸,세라마이드엔피,에리스리톨,멘틸락테이트,프로판다이올,수크로오스다이스테아레이트,카프릴릭/카프릭트라이글리세라이드,하이드록시프로필사이클로덱스트린,향료,레몬그라스추출물"
"A000000229723","[뿌리는 진정토너]LBB 모이스처라이징 프라임 토너 100ml","LBB","100.0","100.0","ml","37000","29300","2930.0","정제수,글리세린,부틸렌글라이콜,탄제린수,1,2-헥산다이올,폴리글리세릴-4카프레이트,판테놀,알란토인,라벤더오일,카프릴릭/카프릭트라이글리세라이드,세드랏껍질오일,자몽껍질오일,필리핀오렌지전초오일"
"A000000229965","플로디카 리웨이크 모이스트 트리트먼트 150ml","플로디카","150.0","150.0","ml","","31000","2066.7","정제수, 프로판다이올, 글리세린, 나이아신아마이드, 1,2-헥산다이올, 연꽃캘러스배양추출물, 카카오씨추출물, 요엽후박나무껍질추출물, 2,3-부탄다이올, 폴리글리세릴-4카프레이트, 잔탄검, 다이포타슘글리시리제이트, 카보머, 트로메타민, 다이프로필렌글라이콜, 아데노신, 파이틱애씨드, 글리세릴글루코사이드, 덱스트린, 연꽃잎세포배양가루, 하이드록시아세토페논"
"A000000231074","[포켓몬 에디션/모공케어] 성분에디터 그린토마토 NMN 포어 하이드로 수딩 토너 350g 기획 (+120g)*","성분에디터","350.0","470.0","g(약 1ml 상당으로 근사)","32000","21500","457.4","정제수, 글리세린, 다이프로필렌글라이콜, 부틸렌글라이콜, 나이아신아마이드, 토마토수(10,094 ppm), 토마토추출물(100 ppm), 하이드록시아세토페논, 카프릴릴글라이콜, C12-13파레스-9, 1,2-헥산다이올, 아데노신, 하이드롤라이즈드스클레로튬검, 자일리톨, 글루코노락톤, 판테놀, 인도멀구슬나무잎추출물, 글리세릴글루코사이드, 인도멀구슬나무꽃추출물, 달맞이꽃꽃추출물, 대왕소나무잎추출물, 당느릅나무뿌리추출물, 칡뿌리추출물, 다이포타슘글리시리제이트, 세라마이드엔피, 알란토인, 토코페롤, 트레할로오스, 자일리틸글루코사이드, 안하이드로자일리톨, 니코틴아마이드모노뉴클레오타이드(1,000 ppb), 하이드로제네이티드폴리아이소부텐, 프로판다이올, 데이지꽃추출물, 페네틸알코올, 폴리글리세릴-10라우레이트, 폴리글리세릴-10미리스테이트, 하이드로제네이티드레시틴, 아시아티코사이드, 마데카식애씨드, 아시아틱애씨드, 하이드롤라이즈드콜라겐, 하이드롤라이즈드하이알루로닉애씨드, 다이메틸실란올하이알루로네이트, 하이드롤라이즈드소듐하이알루로네이트, 포타슘하이알루로네이트, 하이알루로닉애씨드, 소듐하이알루로네이트, 소듐하이알루로네이트크로스폴리머, 하이드록시프로필트라이모늄하이알루로네이트, 소듐하이알루로네이트다이메틸실란올, 소듐아세틸레이티드하이알루로네이트, 세테아릴알코올, 다이소듐포스페이트, 포타슘포스페이트, 포타슘클로라이드, 소듐클로라이드, 병풀추출물, 지모뿌리추출물"
"A000000233187","[한정기획/진정PDRN] 헤브블루 살몬 케어링 센텔라 토너 200ml 기획 (+센텔라앰플13ml+버블디스펜서)","헤브블루","200.0","213.0","ml","41900","26800","1258.2","[살몬 토너]
병풀잎수(828,168ppm), 정제수, 부틸렌글라이콜, 약모밀수(30,380ppm), 프로판다이올, 글리세린, 1,2-헥산다이올, 연어알추출물(1,500ppm), 알란토인, 판테놀, 에틸헥실글리세린, 소듐하이알루로네이트, 다이소듐이디티에이, 말토덱스트린, 아보카도열매추출물, 덱스트린, 카카오추출물, 쇠비름추출물, 마데카소사이드, 소듐디엔에이


[살몬 앰플]
병풀잎수(847,474ppm), 부틸렌글라이콜, 정제수, 프로판다이올, 1,2-헥산다이올, 글리세린, 베타인, 암모늄아크릴로일다이메틸타우레이트/브이피코폴리머, 연어알추출물(1,500ppm), 소듐하이알루로네이트, 카보머, 에틸헥실글리세린, 트로메타민, 다이소듐이디티에이, 말토덱스트린, 아보카도열매추출물, 덱스트린, 카카오추출물, 쇠비름추출물, 퀴노아씨추출물, 하이드롤라이즈드밀단백질, 소듐디엔에이, 마데카소사이드, 하이알루로닉애씨드, 하이드롤라이즈드하이알루로닉애씨드"
"A000000243074","[속보습/화잘먹] 라네즈 크림스킨 170ml 기획","라네즈","170.0","170.0","ml","33000","26400","1552.9","정제수, 부틸렌글라이콜, 글리세린, 메도우폼씨오일, 아이소펜틸다이올, 1,2-헥산다이올, 스쿠알란, 폴리글리세릴-10스테아레이트, 글리세릴스테아레이트시트레이트, 소듐스테아로일글루타메이트, 이눌린라우릴카바메이트, 글리세릴카프릴레이트, 에틸헥실글리세린, 프로판다이올, 다이소듐이디티에이, 카보머, 만니톨, 아크릴레이트/스테아릴메타크릴레이트코폴리머, 흰목이버섯포자낭과추출물, 하이알루로닉애씨드, 녹차추출물, 잔탄검, 세라마이드엔피(2.5ppm), 동백나무꽃추출물, 토코페롤, 아세틸테트라펩타이드-11(0.135ppm)"
"A000000243621","아누아 어성초 77 히알루론 수분 진정 토너 250ml 더블 기획","아누아","250.0","500.0","ml","","37500","750.0","약모밀꽃/잎/줄기수(77%), 정제수, 1,2-헥산다이올, 글리세린, 글리세레스-26, 베타인, 펜틸렌글라이콜, 소듐시트레이트, 아이소펜틸다이올, 에틸헥실글리세린, 다이포타슘글리시리제이트, 시트릭애씨드, 아크릴레이트/C10-30알킬아크릴레이트크로스폴리머, 트로메타민, 판테놀, 소듐파이테이트, 알란토인, 소듐하이알루로네이트, 약모밀소포, 하이드롤라이즈드소듐하이알루로네이트, 징크피씨에이, 하이드록시프로필트라이모늄하이알루로네이트, 락토바실러스발효물, 소듐아세틸레이티드하이알루로네이트, 하이드롤라이즈드하이알루로닉애씨드, 아이소쿼시트린, 쿼세틴, 하이알루로닉애씨드, 소듐하이알루로네이트크로스폴리머, 포타슘하이알루로네이트"
"A000000251196","바이오더마 세비엄 로션 200ml (2604)","바이오더마","200.0","200.0","ml","","35000","1750.0","정제수, 글리세린, 프로판다이올, 폴리솔베이트20, 살리실릭애씨드, 부틸렌글라이콜, 트라이소듐에틸렌다이아민다이석시네이트, 시트릭애씨드, 펜틸렌글라이콜, 소듐하이드록사이드, 말굽잔나비버섯추출물, 향료, 다이프로필렌글라이콜, 만니톨, 소듐메타바이설파이트, 자일리톨, 람노오스, 소듐하이알루로네이트, 잔탄검, 프로필갈레이트, 사코신, 아미노에탄설피닉애씨드 (BI 727 V2)"
"A000000255602","[NEW] 헤라 옴므 블랙 인텐스 리차징 토너 125ml","헤라","125.0","125.0","ml","70000","56700","4536.0","정제수, 변성알코올, 프로판다이올, 1,2-헥산다이올, 베타인, 나이아신아마이드, 글리세린, 피이지/피피지-17/6코폴리머, 피피지-13-데실테트라데세스-24, 글리세릴폴리메타크릴레이트, 향료, 옥틸도데세스-16, 에틸헥실글리세린, 소듐메타포스페이트, 아데노신, 덱스트린, 카카오추출물, 자일리톨, 쿠마린, 리날룰, 리모넨, 라이신, 알지닌, 히스티딘, 알파-아이소메틸아이오논, 삼나무잎추출물, 녹나무잎추출물, 글루코오스, 자일로오스, 바이오플라보노이드, 흑미추출물, 부틸렌글라이콜, 토코페롤, 만노오스, 은행나무잎추출물, 소듐클로라이드, 레시틴, 소듐포스페이트, 팔미토일펜타펩타이드-4, 포타슘클로라이드, 포타슘포스페이트, 마그네슘클로라이드, 칼슘클로라이드"
"A000000256079","[NEW/단독기획] rdrd 레드 애플 락토 진정 팝핑 토너 95g 응급진정 KIT 기획","rdrd","95.0","95.0","g(약 1ml 상당으로 근사)","28000","22400","2357.9","레드 토너
사과수 (766,202 ppm),트라이프로필렌글라이콜,글리세린,프로판다이올,부틸렌글라이콜,1,2-헥산다이올,판테놀,솔비톨,락토바실러스발효물 (9,790 ppm),C12-14알케스-12,정제수,에틸헥실글리세린,잔탄검,글루코오스,다이소듐이디티에이,사이아노코발아민,향료,사과추출물 (10 ppm),소듐하이알루로네이트,하이알루로닉애씨드,소듐하이알루로네이트크로스폴리머,하이드롤라이즈드소듐하이알루로네이트,하이드롤라이즈드하이알루로닉애씨드,소듐아세틸레이티드하이알루로네이트,하이드록시프로필트라이모늄하이알루로네이트,폴스애플민트잎추출물,녹차추출물,타임잎추출물

레드 세럼
정제수, 글리세린, 부틸렌글라이콜, 락토바실러스발효물 (48,950 ppm), 사과수 (37,240 ppm), 프로판다이올, 다이카프릴릴카보네이트, C9-12알케인, 1,2-헥산다이올, 트레할로오스, 아이소헥사데칸, 판테놀, 다이에톡시에틸석시네이트, 솔비톨, 소듐클로라이드, 소듐하이알루로네이트, 에틸헥실글리세린, 잔탄검, 칸디다 봄비콜라/글루코오스/메틸레이프씨데이트발효물, 올리브오일, 메틸다이아이소프로필프로피온아마이드, 카카오씨추출물, 덱스트린, 사이아노코발아민, 사과추출물 (51 ppm), 토코페롤, 하이알루로닉애씨드

핑크 세럼
정제수, 락토바실러스발효물 (48,950 ppm), 프로판다이올, 부틸렌글라이콜, 사과수 (37,240 ppm), 글리세린, 하이드로제네이티드폴리(C6-14올레핀), 글리세레스-26, C9-12알케인, 1,2-헥산다이올, 메틸글루세스-20, 석시닉애씨드, 다이카프릴릴카보네이트, 트로메타민, 소듐클로라이드, 에틸헥실글리세린, 잔탄검, 칸디다 봄비콜라/글루코오스/메틸레이프씨데이트발효물, 올리브오일, 소듐하이알루로네이트, 사과추출물 (51 ppm), 사이아노코발아민, 하이드로제네이티드레시틴, 폴리글리세릴-10스테아레이트, 판테놀, 소듐아스코빌포스페이트, 토코페롤, 나이아신아마이드, 하이알루로닉애씨드, 세라마이드엔피, 피리독신, 폴릭애씨드, 바이오틴, 티아민에이치씨엘, 리보플라빈, 리놀레익애씨드, 베타-카로틴

그린 세럼
정제수, 부틸렌글라이콜, 락토바실러스발효물 (48,950 ppm), 사과수 (30,070 ppm), 카프릴릭/카프릭트라이글리세라이드, 1,2-헥산다이올, 메틸프로판다이올, 스쿠알란, 씨솔트, 소듐하이알루로네이트, 알란토인, 글루코노락톤, 소듐시트레이트, 다이프로필렌글라이콜, 에틸헥실글리세린, 살리실릭애씨드, 황련뿌리추출물, 다이소듐이디티에이, 덱스트린, 베타인, 트로메타민, 카프릴로일살리실릭애씨드, 커먼자스민추출물, 흰버드나무껍질추출물, 가지열매추출물, 하이드로제네이티드레시틴, 사과추출물 (50 ppm), 치자추출물, 병풀추출물, 티트리잎추출물, 하이알루로닉애씨드, 하이드롤라이즈드하이알루로닉애씨드, 하이드롤라이즈드소듐하이알루로네이트, 하이드록시프로필트라이모늄하이알루로네이트, 포타슘하이알루로네이트, 소듐하이알루로네이트크로스폴리머, 아시아틱애씨드, 아시아티코사이드, 마데카식애씨드, 마데카소사이드, 펜틸렌글라이콜, 소듐아세틸레이티드하이알루로네이트

골드 세럼
정제수, 부틸렌글라이콜, 락토바실러스발효물 (48,950 ppm), 나이아신아마이드, 네오펜틸글라이콜다이헵타노에이트, 사과수 (30,070 ppm), 1,2-헥산다이올, 프로판다이올, 에틸헥실팔미테이트, 스쿠알란, 소듐하이알루로네이트, 씨솔트, 판테놀, 알란토인, 베타인, 토코페롤, 에틸헥실글리세린, 해바라기씨오일, 아데노신, 다이소듐이디티에이, 코직애씨드, 사과추출물 (50 ppm), 글리세린, 황련뿌리추출물, 하이드로제네이티드레시틴, 폴리글리세릴-10스테아레이트, 소듐아스코빌포스페이트, 하이알루로닉애씨드, 하이드롤라이즈드하이알루로닉애씨드, 하이드롤라이즈드소듐하이알루로네이트, 하이드록시프로필트라이모늄하이알루로네이트, 포타슘하이알루로네이트, 소듐하이알루로네이트크로스폴리머, 바이오틴, 폴릭애씨드, 피리독신, 펜틸렌글라이콜, 사이아노코발아민, 소듐아세틸레이티드하이알루로네이트, 리놀레익애씨드, 티아민에이치씨엘"
"A000000261442","블랑네이처 9배 고농축 어성초 토너 300ml 기획 (+30ml)","블랑네이처","300.0","330.0","ml","","38000","1151.5","정제수, 약모밀추출물(100,000 ppm), 부틸렌글라이콜, 1,2-헥산다이올, 나이아신아마이드, 글리세린, 판테놀, 카보머, 알지닌, 글루코노락톤, 다이포타슘글리시리제이트, 아데노신, 다이소듐이디티에이, 하이알루로닉애씨드, 녹차추출물, 병풀추출물, 파파야열매추출물, 매실추출물, 사과추출물, 포도추출물, 데실글루코사이드, 시트릭애씨드, 티트리잎추출물, 살리실릭애씨드, 에틸헥실글리세린, 병풀잎추출물, 오카무라큰실말추출물, 흰버드나무껍질추출물, 징크피씨에이, 4-터피네올, 커피콩추출물, 마데카소사이드, 마데카식애씨드, 아시아티코사이드, 아시아틱애씨드, 베르가모트잎추출물, 소나무잎추출물, 소듐디엔에이"
"A000000261666","[증정 기획] 닥터지 레드 블레미쉬 포 맨 멀티 수딩 토너 200ml 보습 기획 (+탄력 올인원30ml)","닥터지","200.0","230.0","ml","31000","24800","1078.3","[토너]
정제수,프로판다이올,1,2-헥산다이올,베타인,판테놀,부틸렌글라이콜,갈락토아라비난,펜틸렌글라이콜,말토덱스트린,글리세린,알란토인,알로에베라잎추출물,다시마추출물,참마뿌리추출물,당느릅나무뿌리추출물,제비꽃꽃추출물,하이드록시페닐프로파미도벤조익애씨드,다이소듐이디티에이,소듐하이알루로네이트,구주호랑가시나무잎추출물,약모밀추출물,유럽잎갈나무목부추출물,베타-글루칸,티트리잎추출물,아스코빌팔미테이트,씨홀리추출물,서양톱풀꽃추출물,에틸헥실글리세린,병풀추출물,마데카소사이드,아시아티코사이드,아시아틱애씨드,마데카식애씨드
[탄력 올인원]
정제수,프로판다이올,부틸렌글라이콜다이카프릴레이트/다이카프레이트,메틸프로판다이올,트라이에틸헥사노인,나이아신아마이드,아라키딜알코올,비닐다이메티콘,판테놀,베헤닐알코올,1,2-헥산다이올,글리세릴스테아레이트에스이,폴리글리세릴-2스테아레이트,포타슘세틸포스페이트,폴리아크릴레이트크로스폴리머-6,글리세릴글루코사이드,암모늄아크릴로일다이메틸타우레이트/브이피코폴리머,글리세릴스테아레이트,세테아릴알코올,세테아릴올리베이트,아라키딜글루코사이드,스테아릴알코올,하이드로제네이티드레시틴,솔비탄올리베이트,하이드록시아세토페논,글리세린,토코페롤,글루코노락톤,프룩탄,아데노신,다이소듐이디티에이,세라마이드엔피,병풀추출물,라이소레시틴,하이드롤라이즈드감자단백질,하이드롤라이즈드스위트아몬드단백질,하이드롤라이즈드쌀단백질,콜레스테롤,팔미틱애씨드,소듐하이알루로네이트,하이드롤라이즈드콜라겐,마데카소사이드,마데카식애씨드,아시아티코사이드,아시아틱애씨드,소듐하이알루로네이트크로스폴리머,포타슘하이알루로네이트,하이드록시프로필트라이모늄하이알루로네이트,하이드롤라이즈드소듐하이알루로네이트,하이드롤라이즈드하이알루로닉애씨드,하이알루로닉애씨드,아세틸헥사펩타이드-8,소듐아세틸레이티드하이알루로네이트"
