product_id,ingredient_name,rank,is_common_in_category
bodyLotionCream_01,정제수,1,True
bodyLotionCream_01,글리세린,2,True
bodyLotionCream_01,프로판다이올,3,True
bodyLotionCream_01,하이드로제네이티드쌀겨오일,4,False
bodyLotionCream_01,사이클로펜타실록세인,5,False
bodyLotionCream_01,하이드로제네이티드폴리(C6-14올레핀),6,False
bodyLotionCream_01,사이클로헥사실록세인,7,False
bodyLotionCream_01,다이메티콘,8,True
bodyLotionCream_01,세틸에틸헥사노에이트,9,False
bodyLotionCream_01,다이아이소스테아릴말레이트,10,False
bodyLotionCream_01,"1,2-헥산다이올",11,True
bodyLotionCream_01,부틸렌글라이콜,12,True
bodyLotionCream_01,하이드록시에틸아크릴레이트/소듐아크릴로일다이메틸타우레이트코폴리머,13,False
bodyLotionCream_01,C14-22알코올,14,False
bodyLotionCream_01,아라키딜알코올,15,False
bodyLotionCream_01,스테아릭애씨드,16,True
bodyLotionCream_01,글리세릴스테아레이트,17,True
bodyLotionCream_01,팔미틱애씨드,18,False
bodyLotionCream_01,베헤닐알코올,19,False
bodyLotionCream_01,C12-20알킬글루코사이드,20,False
bodyLotionCream_01,글리세릴카프릴레이트,21,False
bodyLotionCream_01,아라키딜글루코사이드,22,False
bodyLotionCream_01,인삼수,23,False
bodyLotionCream_01,다이소듐이디티에이,24,False
bodyLotionCream_01,에틸헥실글리세린,25,True
bodyLotionCream_01,솔비탄아이소스테아레이트,26,False
bodyLotionCream_01,폴리솔베이트60,27,False
bodyLotionCream_01,들깨추출물,28,False
bodyLotionCream_01,시호뿌리추출물,29,False
bodyLotionCream_01,왜당귀뿌리추출물,30,False
bodyLotionCream_01,소엽맥문동뿌리추출물,31,False
bodyLotionCream_01,하이드록시프로필비스팔미타마이드엠이에이(세라마이드PC-104,32,False
bodyLotionCream_01,만니톨,33,False
bodyLotionCream_01,글루코오스,34,False
bodyLotionCream_01,검정콩오일,35,False
bodyLotionCream_01,미리스틱애씨드,36,False
bodyLotionCream_01,아크릴레이트/암모늄메타크릴레이트코폴리머,37,False
bodyLotionCream_01,아라키딕애씨드,38,False
bodyLotionCream_01,세라마이드엔피,39,False
bodyLotionCream_01,콜레스테롤,40,False
bodyLotionCream_01,실리카,41,False
bodyLotionCream_01,피토스핑고신,42,False
bodyLotionCream_01,하이드로제네이티드레시틴,43,False
bodyLotionCream_01,토코페롤,44,False
bodyLotionCream_01,카놀라오일,45,False
bodyLotionCream_01,로즈마리잎추출물,46,False
bodyLotionCream_02,정제수,1,True
bodyLotionCream_02,다이부틸아디페이트,2,False
bodyLotionCream_02,프로판다이올,3,True
bodyLotionCream_02,에칠헥실트리아존,4,False
bodyLotionCream_02,테레프탈릴리덴디캠퍼설포닉애씨드,5,False
bodyLotionCream_02,글리세린,6,True
bodyLotionCream_02,폴리글리세릴-3다이스테아레이트,7,False
bodyLotionCream_02,트로메타민,8,False
bodyLotionCream_02,디에칠아미노하이드록시벤조일헥실벤조에이트,9,False
bodyLotionCream_02,"1,2-헥산다이올",10,True
bodyLotionCream_02,C12-15알킬벤조에이트,11,False
bodyLotionCream_02,폴리메틸실세스퀴옥세인,12,False
bodyLotionCream_02,폴리실리콘-15,13,False
bodyLotionCream_02,다이메티콘,14,True
bodyLotionCream_02,트레할로오스,15,False
bodyLotionCream_02,글리세릴스테아레이트,16,True
bodyLotionCream_02,베타인,17,False
bodyLotionCream_02,비스-에칠헥실옥시페놀메톡시페닐트리아진,18,False
bodyLotionCream_02,포타슘세틸포스페이트,19,False
bodyLotionCream_02,세테아릴알코올,20,False
bodyLotionCream_02,아크릴레이트/C10-30알킬아크릴레이트크로스폴리머,21,False
bodyLotionCream_02,폴리프로필실세스퀴옥세인,22,False
bodyLotionCream_02,하이드록시아세토페논,23,False
bodyLotionCream_02,카보머,24,False
bodyLotionCream_02,글리세릴스테아레이트시트레이트,25,False
bodyLotionCream_02,메틸프로판다이올,26,False
bodyLotionCream_02,에틸헥실글리세린,27,True
bodyLotionCream_02,폴리에터-1,28,False
bodyLotionCream_02,부틸렌글라이콜,29,True
bodyLotionCream_02,인삼수,30,False
bodyLotionCream_02,황금추출물,31,False
bodyLotionCream_02,매실추출물,32,False
bodyLotionCream_02,검정콩오일,33,False
bodyLotionCream_02,하이드로제네이티드레시틴,34,False
bodyLotionCream_02,스쿠알란,35,False
bodyLotionCream_02,마데카소사이드,36,False
bodyLotionCream_02,폴리글리세릴-10펜타스테아레이트,37,False
bodyLotionCream_02,세틸-피지하이드록시에틸팔미타마이드,38,False
bodyLotionCream_02,스테아릭애씨드,39,True
bodyLotionCream_02,만니톨,40,False
bodyLotionCream_02,세라마이드엔피,41,False
bodyLotionCream_02,피토스핑고신,42,False
bodyLotionCream_02,펜틸렌글라이콜,43,False
bodyLotionCream_02,다이포타슘글리시리제이트,44,False
bodyLotionCream_02,아크릴레이트/암모늄메타크릴레이트코폴리머,45,False
bodyLotionCream_02,콜레스테롤,46,False
bodyLotionCream_02,실리카,47,False
bodyLotionCream_02,아라키딕애씨드,48,False
bodyLotionCream_02,카놀라오일,49,False
bodyLotionCream_02,팔미틱애씨드,50,False
bodyLotionCream_02,로즈마리잎추출물,51,False
bodyLotionCream_02,올레익애씨드,52,False
bodyLotionCream_02,토코페롤,53,False
bodyLotionCream_03,정제수,1,True
bodyLotionCream_03,해바라기씨오일,2,False
bodyLotionCream_03,부틸렌글라이콜,3,True
bodyLotionCream_03,글리세레스-26,4,False
bodyLotionCream_03,나이아신아마이드,5,False
bodyLotionCream_03,시어버터,6,False
bodyLotionCream_03,폴리글리세릴-6스테아레이트,7,False
bodyLotionCream_03,"1,2-헥산다이올",8,True
bodyLotionCream_03,마카다미아씨오일,9,False
bodyLotionCream_03,프로판다이올,10,True
bodyLotionCream_03,라벤더오일,11,False
bodyLotionCream_03,아크릴레이트/C10-30알킬아크릴레이트크로스폴리머,12,False
bodyLotionCream_03,자몽껍질오일,13,False
bodyLotionCream_03,포타슘세틸포스페이트,14,False
bodyLotionCream_03,하이드로제네이티드팜글리세라이즈,15,False
bodyLotionCream_03,폴리글리세릴-6베헤네이트,16,False
bodyLotionCream_03,트로메타민,17,False
bodyLotionCream_03,에틸헥실글리세린,18,True
bodyLotionCream_03,오렌지껍질오일,19,False
bodyLotionCream_03,팔마로사오일,20,False
bodyLotionCream_03,베르가모트오일,21,False
bodyLotionCream_03,아데노신,22,False
bodyLotionCream_03,센티드제라늄꽃오일,23,False
bodyLotionCream_03,소듐하이알루로네이트,24,False
bodyLotionCream_03,발삼코파이바수지,25,False
bodyLotionCream_03,화이트참파카잎오일,26,False
bodyLotionCream_03,마트리카리아꽃오일,27,False
bodyLotionCream_03,생강오일,28,False
bodyLotionCream_03,오렌지꽃오일,29,False
bodyLotionCream_03,타임추출물,30,False
bodyLotionCream_03,살비아추출물,31,False
bodyLotionCream_03,파스향나무잎추출물,32,False
bodyLotionCream_03,지모뿌리추출물,33,False
bodyLotionCream_03,마트리카리아꽃추출물,34,False
bodyLotionCream_03,쿼세틴,35,False
bodyLotionCream_03,캠페롤,36,False
bodyLotionCream_03,카페인,37,False
bodyLotionCream_03,스위트아몬드오일,38,False
bodyLotionCream_03,블루탄지꽃오일,39,False
bodyLotionCream_03,커피콩추출물,40,False
bodyLotionCream_03,하이드롤라이즈드익스텐신,41,False
bodyLotionCream_03,시트랄,42,False
bodyLotionCream_03,제라니올,43,False
bodyLotionCream_03,리날룰,44,False
bodyLotionCream_03,시트로넬올,45,False
bodyLotionCream_03,리모넨[쿨링괄사세럼]정제수,46,False
bodyLotionCream_03,변성알코올,47,False
bodyLotionCream_03,글리세린,48,True
bodyLotionCream_03,멘톨,49,False
bodyLotionCream_03,다이프로필렌글라이콜,51,False
bodyLotionCream_03,알지닌,53,False
bodyLotionCream_03,카보머,54,False
bodyLotionCream_03,피이지-60하이드로제네이티드캐스터오일,55,False
bodyLotionCream_03,카프릴릴글라이콜,56,False
bodyLotionCream_03,세틸에틸헥사노에이트,57,False
bodyLotionCream_03,메틸다이아이소프로필프로피온아마이드,58,False
bodyLotionCream_03,캠퍼,59,False
bodyLotionCream_03,향료,60,False
bodyLotionCream_03,구기자추출물,62,False
bodyLotionCream_03,육두구커넬추출물,63,False
bodyLotionCream_03,아세틸글루코사민,67,False
bodyLotionCream_03,다이메틸설폰,68,False
bodyLotionCream_03,멘톤글리세린아세탈,69,False
bodyLotionCream_03,자일리톨,70,False
bodyLotionCream_03,개박하추출물,72,False
bodyLotionCream_03,청색1호,73,False
bodyLotionCream_03,라벤더꽃추출물,74,False
bodyLotionCream_03,치자추출물,75,False
bodyLotionCream_03,유칼립투스잎추출물,76,False
bodyLotionCream_03,페퍼민트추출물,77,False
bodyLotionCream_03,마그네슘클로라이드,78,False
bodyLotionCream_03,진주추출물,79,False
bodyLotionCream_03,포타슘클로라이드,80,False
bodyLotionCream_03,고수추출물,81,False
bodyLotionCream_03,샤프란꽃추출물,82,False
bodyLotionCream_03,소두구씨추출물,83,False
bodyLotionCream_03,회향씨추출물,85,False
bodyLotionCream_04,정제수,1,True
bodyLotionCream_04,자일리톨,2,False
bodyLotionCream_04,아이소프로필미리스테이트,3,False
bodyLotionCream_04,글리세린,4,True
bodyLotionCream_04,"1,2-헥산다이올",5,True
bodyLotionCream_04,폴리글리세릴-10다이아이소스테아레이트,6,False
bodyLotionCream_04,세테아릴알코올,7,False
bodyLotionCream_04,향료,8,False
bodyLotionCream_04,다이메티콘,9,True
bodyLotionCream_04,글리세릴스테아레이트,10,True
bodyLotionCream_04,스테아릭애씨드,11,True
bodyLotionCream_04,폴리글리세릴-3메틸글루코오스다이스테아레이트,12,False
bodyLotionCream_04,병풀잎수,13,False
bodyLotionCream_04,알란토인,14,False
bodyLotionCream_04,판테놀,15,False
bodyLotionCream_04,에틸헥실글리세린,16,True
bodyLotionCream_04,암모늄아크릴로일다이메틸타우레이트/브이피코폴리머,17,False
bodyLotionCream_04,다이소듐이디티에이,18,False
bodyLotionCream_04,잔탄검,19,False
bodyLotionCream_04,부틸렌글라이콜,20,True
bodyLotionCream_04,시트릭애씨드,21,False
bodyLotionCream_04,하이드롤라이즈드옥수수단백질,22,False
bodyLotionCream_04,하이드롤라이즈드완두콩단백질,23,False
bodyLotionCream_04,하이드롤라이즈드감자단백질,24,False
bodyLotionCream_04,하이드롤라이즈드쌀단백질,25,False
bodyLotionCream_04,하이드롤라이즈드콩단백질,26,False
bodyLotionCream_04,하이드롤라이즈드밀단백질,27,False
bodyLotionCream_04,알파-아이소메틸아이오논,28,False
bodyLotionCream_04,쿠마린,29,False
bodyLotionCream_04,벤질벤조에이트,30,False
bodyLotionCream_04,아밀신남알,31,False
bodyLotionCream_04,제라니올,32,False
bodyLotionCream_04,하이드록시시트로넬알,33,False
bodyLotionCream_04,시트로넬올,34,False
bodyLotionCream_04,유제놀,35,False
bodyLotionCream_04,리모넨,36,False
bodyLotionCream_04,리날룰,37,False
bodyLotionCream_05,정제수,1,True
bodyLotionCream_05,글리세린,2,True
bodyLotionCream_05,프로판다이올,3,True
bodyLotionCream_05,다이메티콘,4,True
bodyLotionCream_05,하이드로제네이티드쌀겨오일,5,False
bodyLotionCream_05,하이드로제네이티드폴리(C6-14올레핀),6,False
bodyLotionCream_05,세틸에틸헥사노에이트,7,False
bodyLotionCream_05,다이아이소스테아릴말레이트,8,False
bodyLotionCream_05,"1,2-헥산다이올",9,True
bodyLotionCream_05,하이드록시에틸아크릴레이트/소듐아크릴로일다이메틸타우레이트코폴리머,10,False
bodyLotionCream_05,C14-22알코올,11,False
bodyLotionCream_05,아라키딜알코올,12,False
bodyLotionCream_05,팔미틱애씨드,13,False
bodyLotionCream_05,글리세릴스테아레이트,14,True
bodyLotionCream_05,스테아릭애씨드,15,True
bodyLotionCream_05,베헤닐알코올,16,False
bodyLotionCream_05,C12-20알킬글루코사이드,17,False
bodyLotionCream_05,글리세릴카프릴레이트,18,False
bodyLotionCream_05,아라키딜글루코사이드,19,False
bodyLotionCream_05,솔비탄아이소스테아레이트,20,False
bodyLotionCream_05,에틸헥실글리세린,21,True
bodyLotionCream_05,부틸렌글라이콜,22,True
bodyLotionCream_05,소듐메타포스페이트,23,False
bodyLotionCream_05,인삼수,24,False
bodyLotionCream_05,황금추출물,25,False
bodyLotionCream_05,세틸-피지하이드록시에틸팔미타마이드(세라마이드CPP-40,26,False
bodyLotionCream_05,만니톨,27,False
bodyLotionCream_05,매실추출물,28,False
bodyLotionCream_05,하이드로제네이티드레시틴,29,False
bodyLotionCream_05,검정콩오일,30,False
bodyLotionCream_05,스쿠알란,31,False
bodyLotionCream_05,마데카소사이드,32,False
bodyLotionCream_05,폴리글리세릴-10펜타스테아레이트,33,False
bodyLotionCream_05,아크릴레이트/암모늄메타크릴레이트코폴리머,34,False
bodyLotionCream_05,세라마이드엔피,35,False
bodyLotionCream_05,토코페롤,36,False
bodyLotionCream_05,콜레스테롤,37,False
bodyLotionCream_05,피토스핑고신,38,False
bodyLotionCream_05,실리카,39,False
bodyLotionCream_05,펜틸렌글라이콜,40,False
bodyLotionCream_05,다이포타슘글리시리제이트,41,False
bodyLotionCream_05,아라키딕애씨드,42,False
bodyLotionCream_05,올레익애씨드,43,False
bodyLotionCream_05,카놀라오일,44,False
bodyLotionCream_05,로즈마리잎추출물,45,False
skinToner_01,원씽병풀추출물:병풀잎수,1,False
skinToner_01,부틸렌글라이콜,2,False
skinToner_01,"1,2-헥산다이올",3,True
skinToner_01,병풀추출물원씽병풀수딩마스크팩:정제수,4,False
skinToner_01,글리세린,6,True
skinToner_01,하이드록시아세토페논,8,False
skinToner_01,알란토인,9,False
skinToner_01,병풀잎수,10,False
skinToner_01,알지닌,11,False
skinToner_01,아크릴레이트/C10-30알킬아크릴레이트크로스폴리머,12,False
skinToner_01,프로판다이올,13,False
skinToner_01,다이소듐이디티에이,14,False
skinToner_01,덱스트린,15,False
skinToner_01,카카오추출물,16,False
skinToner_01,병풀추출물,17,False
skinToner_01,판테놀,18,False
skinToner_01,올리브오일,19,False
skinToner_01,카프릴릭/카프릭트라이글리세라이드,20,False
skinToner_01,시어버터,21,False
skinToner_01,하이드로제네이티드레시틴,22,False
skinToner_01,스쿠알란,23,False
skinToner_01,소듐하이알루로네이트,24,False
skinToner_01,하이알루로닉애씨드,25,False
skinToner_01,하이드롤라이즈드소듐하이알루로네이트,26,False
skinToner_01,하이드롤라이즈드하이알루로닉애씨드,27,False
skinToner_01,다이메틸실란올하이알루로네이트,28,False
skinToner_01,포타슘하이알루로네이트,29,False
skinToner_01,소듐하이알루로네이트크로스폴리머,30,False
skinToner_01,하이드록시프로필트라이모늄하이알루로네이트,31,False
skinToner_01,소듐하이알루로네이트다이메틸실란올,32,False
skinToner_01,소듐아세틸레이티드하이알루로네이트,33,False
skinToner_01,세라마이드엔피,34,False
skinToner_01,콜레스테롤,35,False
skinToner_01,피토스핑고신,36,False
skinToner_02,정제수,1,False
skinToner_02,프로필렌글라이콜,2,False
skinToner_02,나이아신아마이드,3,False
skinToner_02,펜틸렌글라이콜,4,False
skinToner_02,글리세린,5,True
skinToner_02,살리실릭애씨드,6,False
skinToner_02,흰버드나무껍질추출물,7,False
skinToner_02,피이지/피피지-17/6코폴리머,8,False
skinToner_02,폴리솔베이트20,9,False
skinToner_02,비스-피이지-18메틸에터다이메틸실레인,10,False
skinToner_02,소듐파이테이트,11,False
skinToner_02,10-하이드록시데카노익애씨드,12,False
skinToner_02,알란토인,13,False
skinToner_02,다이포타슘글리시리제이트,14,False
skinToner_02,카프릴릴글라이콜,15,False
skinToner_02,페녹시에탄올,16,False
skinToner_02,클로페네신,17,False
skinToner_02,소듐하이드록사이드,18,False
skinToner_02,"1,2-헥산다이올",19,True
skinToner_02,소듐하이알루로네이트,20,False
skinToner_02,비에이치티,21,False
skinToner_03,정제수,1,False
skinToner_03,부틸렌글라이콜,2,False
skinToner_03,다이프로필렌글라이콜,3,False
skinToner_03,"1,2-헥산다이올",4,True
skinToner_03,글리세린,5,True
skinToner_03,베타인,6,False
skinToner_03,알란토인,7,False
skinToner_03,판테놀,8,False
skinToner_03,소듐하이알루로네이트크로스폴리머,9,False
skinToner_03,소듐하이알루로네이트,10,False
skinToner_03,소듐아세틸레이티드하이알루로네이트,11,False
skinToner_03,하이드롤라이즈드소듐하이알루로네이트,12,False
skinToner_03,하이드롤라이즈드하이알루로닉애씨드,13,False
skinToner_03,엑토인,14,False
skinToner_03,창과감초뿌리추출물,15,False
skinToner_03,"2,3-부탄다이올",16,False
skinToner_03,쇠비름추출물,17,False
skinToner_03,트레할로오스,18,False
skinToner_03,알지닌,19,False
skinToner_03,펜틸렌글라이콜,20,False
skinToner_03,말라카이트추출물,21,False
skinToner_03,다이소듐이디티에이,22,False
skinToner_03,에틸헥실글리세린,23,False
skinToner_04,약모밀꽃/잎/줄기수,1,False
skinToner_04,정제수,2,False
skinToner_04,"1,2-헥산다이올",3,True
skinToner_04,글리세린,4,True
skinToner_04,글리세레스-26,5,False
skinToner_04,베타인,6,False
skinToner_04,펜틸렌글라이콜,7,False
skinToner_04,소듐시트레이트,8,False
skinToner_04,아이소펜틸다이올,9,False
skinToner_04,에틸헥실글리세린,10,False
skinToner_04,다이포타슘글리시리제이트,11,False
skinToner_04,시트릭애씨드,12,False
skinToner_04,아크릴레이트/C10-30알킬아크릴레이트크로스폴리머,13,False
skinToner_04,트로메타민,14,False
skinToner_04,판테놀,15,False
skinToner_04,소듐파이테이트,16,False
skinToner_04,알란토인,17,False
skinToner_04,소듐하이알루로네이트,18,False
skinToner_04,약모밀소포,19,False
skinToner_04,하이드롤라이즈드소듐하이알루로네이트,20,False
skinToner_04,징크피씨에이,21,False
skinToner_04,하이드록시프로필트라이모늄하이알루로네이트,22,False
skinToner_04,락토바실러스발효물,23,False
skinToner_04,소듐아세틸레이티드하이알루로네이트,24,False
skinToner_04,하이드롤라이즈드하이알루로닉애씨드,25,False
skinToner_04,아이소쿼시트린,26,False
skinToner_04,쿼세틴,27,False
skinToner_04,하이알루로닉애씨드,28,False
skinToner_04,소듐하이알루로네이트크로스폴리머,29,False
skinToner_04,포타슘하이알루로네이트[크림]약모밀꽃/잎/줄기수,30,False
skinToner_04,나이아신아마이드,31,False
skinToner_04,다이프로필렌글라이콜,35,False
skinToner_04,부틸렌글라이콜,36,False
skinToner_04,프로판다이올,39,False
skinToner_04,트레할로오스,40,False
skinToner_04,잔탄검,43,False
skinToner_04,스핑고모나스발효추출물,44,False
skinToner_04,하이드록시프로필사이클로덱스트린,47,False
skinToner_04,아데노신,48,False
skinToner_04,다이소듐이디티에이,49,False
skinToner_04,글리세릴아크릴레이트/아크릴릭애씨드코폴리머,51,False
skinToner_04,글루코노락톤,52,False
skinToner_04,도코사헥사에노익애씨드,53,False
skinToner_04,토코페롤,54,False
skinToner_04,피리독신에이치씨엘,56,False
skinToner_04,카프릴로일살리실릭애씨드,57,False
skinToner_05,정제수,1,False
skinToner_05,다이프로필렌글라이콜,2,False
skinToner_05,"1,2-헥산다이올",3,True
skinToner_05,부틸렌글라이콜,4,False
skinToner_05,티트리추출물,5,False
skinToner_05,티트리잎수,6,False
skinToner_05,베타인,7,False
skinToner_05,판테놀,8,False
skinToner_05,티트리잎추출물,9,False
skinToner_05,옥틸도데세스-16,10,False
skinToner_05,소듐시트레이트,11,False
skinToner_05,시트릭애씨드,12,False
skinToner_05,티트리잎오일,13,False
skinToner_05,티트리꽃/잎/줄기추출물,14,False
skinToner_05,베타인살리실레이트,15,False
skinToner_05,병풀추출물,16,False
skinToner_05,잔탄검,17,False
skinToner_06,정제수,1,False
skinToner_06,부틸렌글라이콜,2,False
skinToner_06,글리세린,3,True
skinToner_06,프로필렌글라이콜,4,False
skinToner_06,"1,2-헥산다이올",5,True
skinToner_06,글루코노락톤,6,False
skinToner_06,에틸헥실글리세린,7,False
skinToner_06,칼슘클로라이드,8,False
skinToner_06,만니톨,9,False
skinToner_06,셀룰로오스,10,False
skinToner_06,셀룰로오스검,11,False
skinToner_06,트로메타민,12,False
skinToner_06,세틸-피지하이드록시에틸팔미타마이드,13,False
skinToner_06,스테아릭애씨드,14,False
skinToner_06,젤란검,15,False
skinToner_06,소듐시트레이트,16,False
skinToner_06,소듐글루코네이트,17,False
skinToner_06,벤조익애씨드,18,False
skinToner_06,세라마이드엔피,19,False
skinToner_06,하이드로제네이티드레시틴,20,False
skinToner_06,소듐벤조에이트,21,False
skinToner_06,실리카,22,False
skinToner_06,콜레스테롤,23,False
skinToner_06,스핑고리피드,24,False
skinToner_06,소듐하이알루로네이트,25,False
skinToner_06,하이드록시프로필메틸셀룰로오스,26,False
skinToner_06,토코페롤,27,False
skinToner_07,정제수,1,False
skinToner_07,"1,2-헥산다이올",2,True
skinToner_07,다이프로필렌글라이콜,3,False
skinToner_07,프로판다이올,4,False
skinToner_07,부틸렌글라이콜,5,False
skinToner_07,글리세린,6,True
skinToner_07,감초뿌리추출물,7,False
skinToner_07,약모밀추출물,8,False
skinToner_07,카보머,9,False
skinToner_07,병풀추출물,10,False
skinToner_07,하이드록시에틸셀룰로오스,11,False
skinToner_07,알지닌,12,False
skinToner_07,알란토인,13,False
skinToner_07,다이소듐이디티에이,14,False
skinToner_07,하수오전초추출물,15,False
skinToner_07,베타인,16,False
skinToner_07,히아신스전초추출물,17,False
skinToner_07,판테놀,18,False
skinToner_07,알바수련꽃추출물,19,False
skinToner_08,정제수,1,False
skinToner_08,약모밀추출물,2,False
skinToner_08,부틸렌글라이콜,3,False
skinToner_08,"1,2-헥산다이올",4,True
skinToner_08,나이아신아마이드,5,False
skinToner_08,글리세린,6,True
skinToner_08,판테놀,7,False
skinToner_08,카보머,8,False
skinToner_08,알지닌,9,False
skinToner_08,글루코노락톤,10,False
skinToner_08,다이포타슘글리시리제이트,11,False
skinToner_08,아데노신,12,False
skinToner_08,다이소듐이디티에이,13,False
skinToner_08,하이알루로닉애씨드,14,False
skinToner_08,녹차추출물,15,False
skinToner_08,병풀추출물,16,False
skinToner_08,파파야열매추출물,17,False
skinToner_08,매실추출물,18,False
skinToner_08,사과추출물,19,False
skinToner_08,포도추출물,20,False
skinToner_08,데실글루코사이드,21,False
skinToner_08,시트릭애씨드,22,False
skinToner_08,티트리잎추출물,23,False
skinToner_08,살리실릭애씨드,24,False
skinToner_08,에틸헥실글리세린,25,False
skinToner_08,병풀잎추출물,26,False
skinToner_08,오카무라큰실말추출물,27,False
skinToner_08,흰버드나무껍질추출물,28,False
skinToner_08,징크피씨에이,29,False
skinToner_08,4-터피네올,30,False
skinToner_08,커피콩추출물,31,False
skinToner_08,마데카소사이드,32,False
skinToner_08,마데카식애씨드,33,False
skinToner_08,아시아티코사이드,34,False
skinToner_08,아시아틱애씨드,35,False
skinToner_08,베르가모트잎추출물,36,False
skinToner_08,소나무잎추출물,37,False
skinToner_08,소듐디엔에이,38,False
skinToner_09,정제수,1,False
skinToner_09,글리세린,2,True
skinToner_09,폴리솔베이트20,3,False
skinToner_09,다이소듐이디티에이,4,False
skinToner_09,세트리모늄브로마이드,5,False
skinToner_09,나이아신아마이드,6,False
skinToner_09,자일리톨,7,False
skinToner_09,알란토인,8,False
skinToner_09,프룩토올리고사카라이드,9,False
skinToner_09,만니톨,10,False
skinToner_09,헥실데칸올,11,False
skinToner_09,소듐하이드록사이드,12,False
skinToner_09,시트릭애씨드,13,False
skinToner_09,람노오스,14,False
skinToner_09,사과씨추출물,15,False
skinToner_09,유채스테롤,16,False
skinToner_09,토코페롤,17,False
skinToner_09,향료료,18,False
skinToner_10,토너정제수,1,False
skinToner_10,다이프로필렌글라이콜,2,False
skinToner_10,부틸렌글라이콜,3,False
skinToner_10,글리세린,4,True
skinToner_10,"1,2-헥산다이올",5,True
skinToner_10,베타인,6,False
skinToner_10,판테놀,7,False
skinToner_10,알란토인,8,False
skinToner_10,파파야열매추출물,9,False
skinToner_10,글루코노락톤,10,False
skinToner_10,자일리틸글루코사이드,11,False
skinToner_10,안하이드로자일리톨,12,False
skinToner_10,자일리톨,13,False
skinToner_10,소듐하이알루로네이트,14,False
skinToner_10,글루코오스,15,False
skinToner_10,파파인,16,False
skinToner_10,하이드록시프로필트라이모늄하이알루로네이트,17,False
skinToner_10,소듐아세틸레이티드하이알루로네이트,18,False
skinToner_10,하이드롤라이즈드하이알루로닉애씨드,19,False
skinToner_10,하이알루로닉애씨드,20,False
skinToner_10,하이드롤라이즈드소듐하이알루로네이트,21,False
skinToner_10,소듐하이알루로네이트크로스폴리머,22,False
skinToner_10,포타슘하이알루로네이트,23,False
skinToner_10,글리세릴아크릴레이트/아크릴릭애씨드코폴리머,24,False
skinToner_10,피브이엠/엠에이코폴리머*젤크림정제수,25,False
skinToner_10,블루아가베잎추출물,29,False
skinToner_10,알지닌,39,False
skinToner_10,메틸트라이메티콘,40,False
skinToner_10,에틸헥실글리세린,41,False
skinToner_10,암모늄아크릴로일다이메틸타우레이트/브이피코폴리머,42,False
skinToner_10,하이드록시에틸아크릴레이트/소듐아크릴로일다이메틸타우레이트코폴리머,43,False
skinToner_10,아크릴레이트/C10-30알킬아크릴레이트크로스폴리머,44,False
skinToner_10,하이드로제네이티드폴리(C6-14올레핀),45,False
skinToner_10,메틸다이아이소프로필프로피온아마이드,46,False
skinToner_10,다이메티콘/비닐다이메티콘크로스폴리머,47,False
skinToner_10,솔비탄아이소스테아레이트,48,False
skinToner_10,다이소듐이디티에이,49,False
skinToner_11,정제수,1,False
skinToner_11,부틸렌글라이콜,2,False
skinToner_11,글리세린,3,True
skinToner_11,펜틸렌글라이콜,4,False
skinToner_11,프로판다이올,5,False
skinToner_11,아이리쉬모스추출물,6,False
skinToner_11,사탕수수추출물,7,False
skinToner_11,해수,8,False
skinToner_11,"1,2-헥산다이올",9,True
skinToner_11,프로테아제,10,False
skinToner_11,베타인,11,False
skinToner_11,판테놀,12,False
skinToner_11,에틸헥실글리세린,13,False
skinToner_11,알란토인,14,False
skinToner_11,잔탄검,15,False
skinToner_11,다이소듐이디티에이,16,False
skinToner_12,정제수,1,False
skinToner_12,글리세린,2,True
skinToner_12,부틸렌글라이콜,3,False
skinToner_12,펜틸렌글라이콜,4,False
skinToner_12,베타인,5,False
skinToner_12,"1,2-헥산다이올",6,True
skinToner_12,자일리톨,7,False
skinToner_12,약모밀추출물,8,False
skinToner_12,판테놀,9,False
skinToner_12,에틸헥실글리세린,10,False
skinToner_12,소듐하이알루로네이트,11,False
skinToner_12,비피다발효용해물,12,False
skinToner_12,돌콩추출물,13,False
skinToner_12,다이소듐이디티에이,14,False
skinToner_12,하이드롤라이즈드하이알루로닉애씨드,15,False
skinToner_12,잔탄검,16,False
skinToner_12,옥탄다이올,17,False
skinToner_12,병풀추출물,18,False
skinToner_12,토코페롤,19,False
skinToner_12,허니서클꽃추출물,20,False
skinToner_12,황금추출물,21,False
skinToner_12,바이오사카라이드검-4,22,False
skinToner_12,파스향나무잎추출물,23,False
skinToner_13,정제수,1,False
skinToner_13,부틸렌글라이콜,2,False
skinToner_13,글리세린,3,True
skinToner_13,"1,2-헥산다이올",4,True
skinToner_13,나이아신아마이드,5,False
skinToner_13,판테놀,6,False
skinToner_13,자일리톨,7,False
skinToner_13,폴리글리세릴-10라우레이트,8,False
skinToner_13,프로판다이올,9,False
skinToner_13,베타인,10,False
skinToner_13,트레할로오스,11,False
skinToner_13,에틸헥실글리세린,12,False
skinToner_13,아데노신,13,False
skinToner_13,알지닌,14,False
skinToner_13,카보머,15,False
skinToner_13,다이소듐이디티에이,16,False
skinToner_13,알란토인,17,False
skinToner_13,유칼립투스잎오일,18,False
skinToner_13,락토바실러스발효용해물,19,False
skinToner_13,서양민들레잎추출물,20,False
skinToner_13,하이드롤라이즈드레시틴,21,False
skinToner_13,카프릴릴/카프릴트라이글리세라이드,22,False
skinToner_13,펜틸렌글라이콜,23,False
skinToner_13,황금추출물,24,False
skinToner_13,피토스핑고신,25,False
skinToner_13,사이클로덱스트린,26,False
skinToner_13,유칼립투스잎추출물,27,False
skinToner_13,알로에베라잎추출물,28,False
skinToner_13,레몬그라스추출물,29,False
skinToner_13,로즈힙추출물,30,False
skinToner_13,잔탄검,31,False
skinToner_13,에리스리톨,32,False
skinToner_13,하이드롤라이즈드완두콩단백질,33,False
skinToner_13,카프릴릴글라이콜,34,False
skinToner_13,폴리글리세릴-10스테아레이트,35,False
skinToner_13,스쿠알란,36,False
skinToner_13,폴라지닌,37,False
skinToner_13,세라마이드엔피,38,False
skinToner_13,스테아릭애씨드,39,False
skinToner_14,정제수,1,False
skinToner_14,부틸렌글라이콜,2,False
skinToner_14,"1,2-헥산다이올",3,True
skinToner_14,글리세린,4,True
skinToner_14,베타-글루칸,5,False
skinToner_14,베타인,6,False
skinToner_14,소듐하이알루로네이트,7,False
skinToner_14,판테놀,8,False
skinToner_14,솔비톨,9,False
skinToner_14,아세틸글루코사민,10,False
skinToner_14,글루쿠로닉애씨드,11,False
skinToner_14,알란토인,12,False
skinToner_14,토코페롤,13,False
skinToner_14,에틸헥실글리세린,14,False
skinToner_14,다이소듐이디티에이,15,False
skinToner_15,정제수,1,False
skinToner_15,부틸렌글라이콜,2,False
skinToner_15,글리세린,3,True
skinToner_15,메도우폼씨오일,4,False
skinToner_15,아이소펜틸다이올,5,False
skinToner_15,"1,2-헥산다이올",6,True
skinToner_15,스쿠알란,7,False
skinToner_15,폴리글리세릴-10스테아레이트,8,False
skinToner_15,글리세릴스테아레이트시트레이트,9,False
skinToner_15,소듐스테아로일글루타메이트,10,False
skinToner_15,이눌린라우릴카바메이트,11,False
skinToner_15,글리세릴카프릴레이트,12,False
skinToner_15,에틸헥실글리세린,13,False
skinToner_15,프로판다이올,14,False
skinToner_15,다이소듐이디티에이,15,False
skinToner_15,카보머,16,False
skinToner_15,만니톨,17,False
skinToner_15,아크릴레이트/스테아릴메타크릴레이트코폴리머,18,False
skinToner_15,흰목이버섯포자낭과추출물,19,False
skinToner_15,하이알루로닉애씨드,20,False
skinToner_15,녹차추출물,21,False
skinToner_15,잔탄검,22,False
skinToner_15,세라마이드엔피,23,False
skinToner_15,동백나무꽃추출물,24,False
skinToner_15,토코페롤,25,False
skinToner_15,아세틸테트라펩타이드-11,26,False
skinToner_16,정제수,1,False
skinToner_16,부틸렌글라이콜,2,False
skinToner_16,글리세린,3,True
skinToner_16,펜틸렌글라이콜,4,False
skinToner_16,프로판다이올,5,False
skinToner_16,사탕수수추출물,6,False
skinToner_16,자일리틸글루코사이드,7,False
skinToner_16,돌콩추출물,8,False
skinToner_16,말라카이트추출물,9,False
skinToner_16,자일리톨,10,False
skinToner_16,인도멀구슬나무잎추출물,11,False
skinToner_16,백미꽃추출물,12,False
skinToner_16,인도멀구슬나무꽃추출물,13,False
skinToner_16,아이비고드열매추출물,14,False
skinToner_16,접시꽃추출물,15,False
skinToner_16,알로에베라꽃추출물,16,False
skinToner_16,하이드롤라이즈드하이알루로닉애씨드,17,False
skinToner_16,가지열매추출물,18,False
skinToner_16,홀리바질잎추출물,19,False
skinToner_16,참산호말추출물,20,False
skinToner_16,울금뿌리추출물,21,False
skinToner_16,"1,2-헥산다이올",22,True
skinToner_16,베타인,23,False
skinToner_16,하이드록시아세토페논,24,False
skinToner_16,판테놀,25,False
skinToner_16,에틸헥실글리세린,26,False
skinToner_16,안하이드로자일리톨,27,False
skinToner_16,알란토인,28,False
skinToner_16,소듐디엔에이,29,False
skinToner_16,다이프로필렌글라이콜,30,False
skinToner_16,옥탄다이올,31,False
skinToner_16,포스파티딜콜린,32,False
skinToner_16,토코페롤,33,False
skinToner_16,하이알루로닉애씨드/하이드롤라이즈드콜라겐크로스폴리머,34,False
skinToner_16,C12-13알케스-9,35,False
skinToner_16,다이포타슘포스페이트,36,False
skinToner_16,아세틸글루타민,37,False
skinToner_16,카퍼트라이펩타이드-1,38,False
skinToner_16,셀룰로오스검,39,False
skinToner_16,다이소듐이디티에이,40,False
skinToner_16,잔탄검,41,False
skinToner_17,정제수,1,False
skinToner_17,부틸렌글라이콜,2,False
skinToner_17,글리세린,3,True
skinToner_17,펜틸렌글라이콜,4,False
skinToner_17,프로판다이올,5,False
skinToner_17,아이리쉬모스추출물,6,False
skinToner_17,사탕수수추출물,7,False
skinToner_17,해수,8,False
skinToner_17,"1,2-헥산다이올",9,True
skinToner_17,프로테아제,10,False
skinToner_17,베타인,11,False
skinToner_17,판테놀,12,False
skinToner_17,에틸헥실글리세린,13,False
skinToner_17,알란토인,14,False
skinToner_17,잔탄검,15,False
skinToner_17,다이소듐이디티에이,16,False
skinToner_18,정제수,1,False
skinToner_18,글리세린,2,True
skinToner_18,프로판다이올,3,False
skinToner_18,글리세레스-26,4,False
skinToner_18,펜틸렌글라이콜,5,False
skinToner_18,자작나무수액,6,False
skinToner_18,"1,2-헥산다이올",7,True
skinToner_18,아이리쉬모스추출물,8,False
skinToner_18,사탕수수추출물,9,False
skinToner_18,소듐하이알루로네이트,10,False
skinToner_18,하이알루로닉애씨드,11,False
skinToner_18,판테놀,12,False
skinToner_18,트로메타민,13,False
skinToner_18,다이포타슘글리시리제이트,14,False
skinToner_18,글리세릴카프릴레이트,15,False
skinToner_18,글리세릴글루코사이드,16,False
skinToner_18,부틸렌글라이콜,17,False
skinToner_18,아스코빅애씨드,18,False
skinToner_18,카보머,19,False
skinToner_18,잔탄검,20,False
skinToner_18,다이소듐이디티에이,21,False
skinToner_19,정제수,1,False
skinToner_19,부틸렌글라이콜,2,False
skinToner_19,글리세린,3,True
skinToner_19,나이아신아마이드,4,False
skinToner_19,"1,2-헥산다이올",5,True
skinToner_19,글루코노락톤,6,False
skinToner_19,트로메타민,7,False
skinToner_19,잔탄검,8,False
skinToner_19,에틸헥실글리세린,9,False
skinToner_19,레시틴,10,False
skinToner_19,소듐메타포스페이트,11,False
skinToner_19,폴리글리세릴-10올리에이트,12,False
skinToner_19,소듐하이알루로네이트,13,False
skinToner_19,3-O-에틸아스코빅애씨드,14,False
skinToner_19,징크피씨에이,15,False
skinToner_19,폴리글리세릴-4카프레이트,16,False
skinToner_19,아시아티코사이드,17,False
skinToner_19,마데카식애씨드,18,False
skinToner_19,글리세릴카프릴레이트,19,False
skinToner_19,아시아틱애씨드,20,False
skinToner_19,마데카소사이드,21,False
skinToner_19,소듐트라이메타포스페이트,22,False
skinToner_19,프로필렌글라이콜,23,False
skinToner_19,토코페롤,24,False
skinToner_19,쌀겨오일,25,False
skinToner_20,정제수,1,False
skinToner_20,부틸렌글라이콜,2,False
skinToner_20,글리세린,3,True
skinToner_20,펜틸렌글라이콜,4,False
skinToner_20,프로판다이올,5,False
skinToner_20,아이리쉬모스추출물,6,False
skinToner_20,사탕수수추출물,7,False
skinToner_20,해수,8,False
skinToner_20,"1,2-헥산다이올",9,True
skinToner_20,프로테아제,10,False
skinToner_20,베타인,11,False
skinToner_20,판테놀,12,False
skinToner_20,에틸헥실글리세린,13,False
skinToner_20,알란토인,14,False
skinToner_20,잔탄검,15,False
skinToner_20,다이소듐이디티에이,16,False
essenceSerum_01,하이드롤라이즈드하이알루로닉애씨드,1,False
essenceSerum_01,나이아신아마이드,2,False
essenceSerum_01,하이드롤라이즈드콜라겐,3,False
essenceSerum_01,소듐하이알루로네이트,4,False
essenceSerum_01,아데노신,5,False
essenceSerum_01,소듐디엔에이,6,False
essenceSerum_01,하이알루로닉애씨드,7,False
essenceSerum_01,하이드롤라이즈드소듐하이알루로네이트,8,False
essenceSerum_01,하이드록시프로필트라이모늄하이알루로네이트,9,False
essenceSerum_01,포타슘하이알루로네이트,10,False
essenceSerum_01,소듐하이알루로네이트크로스폴리머,11,False
essenceSerum_01,소듐아세틸레이티드하이알루로네이트,12,False
essenceSerum_01,시트릭애씨드*피디알엔:소듐디엔에이,13,False
essenceSerum_02,정제수,1,False
essenceSerum_02,부틸렌글라이콜,2,False
essenceSerum_02,글리세린,3,False
essenceSerum_02,"1,2-헥산다이올",4,False
essenceSerum_02,카보머,5,False
essenceSerum_02,트로메타민,6,False
essenceSerum_02,폴리글리세릴-10라우레이트,7,False
essenceSerum_02,프로판다이올,8,False
essenceSerum_02,인도멀구슬나무잎추출물,9,False
essenceSerum_02,병풀추출물,10,False
essenceSerum_02,카카오씨추출물,11,False
essenceSerum_02,에틸헥실글리세린,12,False
essenceSerum_02,불가리스쑥오일,13,False
essenceSerum_02,인도멀구슬나무꽃추출물,14,False
essenceSerum_02,덱스트린,15,False
essenceSerum_02,다이소듐이디티에이,16,False
essenceSerum_02,소듐폴리아크릴레이트,17,False
essenceSerum_02,펜틸렌글라이콜,18,False
essenceSerum_02,황련뿌리추출물,19,False
essenceSerum_02,락토바실러스발효물,20,False
essenceSerum_02,마누카잎추출물,21,False
essenceSerum_02,마데카소사이드,22,False
essenceSerum_02,데실글루코사이드,23,False
essenceSerum_02,카프릴릴글라이콜,24,False
essenceSerum_02,꿀추출물,25,False
essenceSerum_02,메도우폼씨오일,26,False
essenceSerum_02,카프릴릭/카프릭트라이글리세라이드,27,False
essenceSerum_02,올리브오일,28,False
essenceSerum_02,하이드로제네이티드레시틴,29,False
essenceSerum_02,세라마이드엔피,30,False
essenceSerum_02,피토스핑고신,31,False
essenceSerum_02,멜라토닌,32,False
essenceSerum_03,정제수,1,False
essenceSerum_03,다이프로필렌글라이콜,2,False
essenceSerum_03,프로판다이올,3,False
essenceSerum_03,아스코빅애씨드,4,False
essenceSerum_03,"2,3-부탄다이올",5,False
essenceSerum_03,글리세린,6,False
essenceSerum_03,변성알코올,7,False
essenceSerum_03,판테놀,8,False
essenceSerum_03,글라이코실트레할로오스,9,False
essenceSerum_03,하이드로제네이티드스타치하이드롤리세이트,10,False
essenceSerum_03,"1,2-헥산다이올",11,False
essenceSerum_03,솔비톨,12,False
essenceSerum_03,폴리글리세릴-10스테아레이트,13,False
essenceSerum_03,폴리글리세릴-10올리에이트,14,False
essenceSerum_03,알란토인,15,False
essenceSerum_03,마데카소사이드,16,False
essenceSerum_03,트레할로오스,17,False
essenceSerum_03,부틸렌글라이콜,18,False
essenceSerum_03,베티버뿌리오일,19,False
essenceSerum_03,덱스트린,20,False
essenceSerum_03,소듐하이알루로네이트,21,False
essenceSerum_03,잇꽃꽃추출물,22,False
essenceSerum_03,카카오씨추출물,23,False
essenceSerum_03,후추열매오일,24,False
essenceSerum_03,생강오일,25,False
essenceSerum_03,홍삼추출물,26,False
essenceSerum_03,영지버섯추출물,27,False
essenceSerum_03,토코페롤,28,False
essenceSerum_03,페룰릭애씨드,29,False
essenceSerum_03,스쿠알란,30,False
essenceSerum_03,카프릴릭/카프릭트라이글리세라이드,31,False
essenceSerum_03,세라마이드엔피,32,False
essenceSerum_03,하이드로제네이티드레시틴,33,False
essenceSerum_03,육계잎오일,34,False
essenceSerum_03,다마스크장미꽃오일,35,False
essenceSerum_03,돌콩오일,36,False
essenceSerum_03,다이소듐이디티에이,37,False
essenceSerum_03,트로메타민,38,False
essenceSerum_04,정제수,1,False
essenceSerum_04,프로판다이올,2,False
essenceSerum_04,펜틸렌글라이콜,3,False
essenceSerum_04,글리세린,4,False
essenceSerum_04,"1,2-헥산다이올",5,False
essenceSerum_04,판테놀,6,False
essenceSerum_04,메틸프로판다이올,7,False
essenceSerum_04,소듐아크릴릭애씨드/엠에이코폴리머,8,False
essenceSerum_04,부틸렌글라이콜,9,False
essenceSerum_04,참마뿌리추출물,10,False
essenceSerum_04,잔탄검,11,False
essenceSerum_04,소듐시트레이트,12,False
essenceSerum_04,에틸헥실글리세린,13,False
essenceSerum_04,소듐하이알루로네이트,14,False
essenceSerum_04,글라이코실트레할로오스,15,False
essenceSerum_04,하이드로제네이티드스타치하이드롤리세이트,16,False
essenceSerum_04,시트릭애씨드,17,False
essenceSerum_04,라피노오스,18,False
essenceSerum_04,아데노신,19,False
essenceSerum_04,레시틴,20,False
essenceSerum_04,트라이소듐에틸렌다이아민다이석시네이트,21,False
essenceSerum_04,카프릴릴글라이콜,22,False
essenceSerum_04,사카라이드아이소머레이트,23,False
essenceSerum_04,폴리쿼터늄-51,24,False
essenceSerum_04,말라카이트추출물,25,False
essenceSerum_04,알지닌,26,False
essenceSerum_04,소듐디엔에이,27,False
essenceSerum_04,갈랑가갈랑갈추출물,28,False
essenceSerum_04,바이오사카라이드검-1,29,False
essenceSerum_04,사이아노코발아민,30,False
essenceSerum_04,토코페롤,31,False
essenceSerum_04,카프릴릭/카프릭트라이글리세라이드,32,False
essenceSerum_04,하이드로제네이티드레시틴,33,False
essenceSerum_04,하이드롤라이즈드하이알루로닉애씨드하이드롤라이즈드소듐하이알루로네이트,34,False
essenceSerum_04,수크로오스라우레이트,35,False
essenceSerum_04,소듐스테아로일글루타메이트,36,False
essenceSerum_04,암모늄아크릴로일다이메틸타우레이트/브이피코폴리머,37,False
essenceSerum_04,글라이신,38,False
essenceSerum_04,세린,39,False
essenceSerum_04,히스티딘,40,False
essenceSerum_04,돌콩추출물,41,False
essenceSerum_04,라이소레시틴,42,False
essenceSerum_04,플로레틴,43,False
essenceSerum_04,테트라하이드로피페린,44,False
essenceSerum_04,다이메틸아이소소바이드,45,False
essenceSerum_04,소듐하이알루로네이트크로스폴리머,46,False
essenceSerum_04,벤질글라이콜,47,False
essenceSerum_04,하이드롤라이즈드글라이코사미노글리칸,48,False
essenceSerum_04,올레일알코올,49,False
essenceSerum_04,베타-글루칸,50,False
essenceSerum_04,하이드록시프로필트라이모늄하이알루로네이트,51,False
essenceSerum_04,하이알루로닉애씨드,52,False
essenceSerum_04,소듐아세틸레이티드하이알루로네이트,53,False
essenceSerum_05,PDRN앰플정제수,1,False
essenceSerum_05,글리세린,2,False
essenceSerum_05,다이프로필렌글라이콜,3,False
essenceSerum_05,아이소프로필미리스테이트,4,False
essenceSerum_05,글리세레스-26,5,False
essenceSerum_05,나이아신아마이드,6,False
essenceSerum_05,"1,2-헥산다이올",7,False
essenceSerum_05,소듐디엔에이,8,False
essenceSerum_05,부틸렌글라이콜,9,False
essenceSerum_05,폴리글리세린-3,10,False
essenceSerum_05,소듐아크릴레이트/소듐아크릴로일다이메틸타우레이트코폴리머,11,False
essenceSerum_05,폴리아이소부텐,12,False
essenceSerum_05,아크릴레이트/C10-30알킬아크릴레이트크로스폴리머,13,False
essenceSerum_05,이리추출물,14,False
essenceSerum_05,트로메타민,15,False
essenceSerum_05,글리세릴아크릴레이트/아크릴릭애씨드코폴리머,16,False
essenceSerum_05,피브이엠/엠에이코폴리머,17,False
essenceSerum_05,에틸헥실글리세린,18,False
essenceSerum_05,카프릴릴글라이콜,19,False
essenceSerum_05,향료,20,False
essenceSerum_05,인도멀구슬나무잎추출물,21,False
essenceSerum_05,아데노신,22,False
essenceSerum_05,카프릴릴/카프릴글루코사이드,23,False
essenceSerum_05,솔비탄올리에이트,24,False
essenceSerum_05,인도멀구슬나무꽃추출물,25,False
essenceSerum_05,소듐하이알루로네이트,26,False
essenceSerum_05,다이소듐이디티에이,27,False
essenceSerum_05,울금뿌리추출물,28,False
essenceSerum_05,사이아노코발아민,29,False
essenceSerum_05,하이드롤라이즈드콜라겐,30,False
essenceSerum_05,유비퀴논,31,False
essenceSerum_05,홀리바질잎추출물,32,False
essenceSerum_05,참산호말추출물,33,False
essenceSerum_05,팔미토일펜타펩타이드-4,34,False
essenceSerum_05,팔미토일트라이펩타이드-1,35,False
essenceSerum_05,팔미토일테트라펩타이드-7,36,False
essenceSerum_05,카퍼트라이펩타이드-1,37,False
essenceSerum_05,아세틸헥사펩타이드-8,38,False
essenceSerum_05,연어알추출물,39,False
essenceSerum_05,아텔로콜라겐,40,False
essenceSerum_06,정제수,1,False
essenceSerum_06,다이프로필렌글라이콜,2,False
essenceSerum_06,부틸렌글라이콜,3,False
essenceSerum_06,글리세레스-26,4,False
essenceSerum_06,나이아신아마이드,5,False
essenceSerum_06,글리세린,6,False
essenceSerum_06,베타인,7,False
essenceSerum_06,피토스테롤,8,False
essenceSerum_06,세라마이드엔피,9,False
essenceSerum_06,스쿠알란,10,False
essenceSerum_06,라우릭애씨드,11,False
essenceSerum_06,아라키딕애씨드,12,False
essenceSerum_06,베헤닉애씨드,13,False
essenceSerum_06,베타-글루칸,14,False
essenceSerum_06,참오동나무잎추출물,15,False
essenceSerum_06,육계나무껍질추출물,16,False
essenceSerum_06,생달나무잎추출물,17,False
essenceSerum_06,녹나무잎추출물,18,False
essenceSerum_06,월계수잎추출물,19,False
essenceSerum_06,고수추출물,20,False
essenceSerum_06,유칼립투스잎추출물,21,False
essenceSerum_06,황금추출물,22,False
essenceSerum_06,후박나무가지추출물,23,False
essenceSerum_06,"1,2-헥산다이올",24,False
essenceSerum_06,폴리글리세릴-10라우레이트,25,False
essenceSerum_06,폴리글리세릴-10미리스테이트,26,False
essenceSerum_06,하이드록시아세토페논,27,False
essenceSerum_06,판테놀,28,False
essenceSerum_06,아데노신,29,False
essenceSerum_06,다이소듐이디티에이,30,False
essenceSerum_06,소듐하이알루로네이트,31,False
essenceSerum_06,잔탄검,32,False
essenceSerum_06,소듐폴리아크릴레이트,33,False
essenceSerum_06,에틸헥실글리세린,34,False
essenceSerum_06,베르가모트오일,35,False
essenceSerum_06,라반딘오일,36,False
essenceSerum_06,오렌지껍질오일,37,False
essenceSerum_06,라벤더오일,38,False
essenceSerum_06,발삼아미리스껍질오일,39,False
essenceSerum_06,바질오일,40,False
essenceSerum_06,리모넨,41,False
essenceSerum_06,리날룰,42,False
essenceSerum_07,정제수,1,False
essenceSerum_07,에톡시다이글라이콜,2,False
essenceSerum_07,메틸프로판다이올,3,False
essenceSerum_07,메틸글루세스-20,4,False
essenceSerum_07,"1,2-헥산다이올",5,False
essenceSerum_07,나이아신아마이드,6,False
essenceSerum_07,병풀추출물,7,False
essenceSerum_07,티트리추출물,8,False
essenceSerum_07,티트리잎추출물,9,False
essenceSerum_07,티트리꽃/잎/줄기추출물,10,False
essenceSerum_07,몰로키아잎추출물,11,False
essenceSerum_07,신선초추출물,12,False
essenceSerum_07,연꽃뿌리추출물,13,False
essenceSerum_07,오크라열매추출물,14,False
essenceSerum_07,참마뿌리추출물,15,False
essenceSerum_07,하이드로제네이티드레시틴,16,False
essenceSerum_07,티트리잎수,17,False
essenceSerum_07,티트리잎오일,18,False
essenceSerum_07,옥틸도데칸올,19,False
essenceSerum_07,옥틸도데세스-16,20,False
essenceSerum_07,아시아티코사이드,21,False
essenceSerum_07,마데카식애씨드,22,False
essenceSerum_07,글라이코리피드,23,False
essenceSerum_07,아시아틱애씨드,24,False
essenceSerum_07,C12-13알케스-9,25,False
essenceSerum_07,카보머,26,False
essenceSerum_07,트로메타민,27,False
essenceSerum_07,피브이피,28,False
essenceSerum_07,소듐폴리아크릴레이트,29,False
essenceSerum_07,다이소듐이디티에이,30,False
essenceSerum_07,4-터피네올,31,False
essenceSerum_07,징크피씨에이,32,False
essenceSerum_07,에틸헥실글리세린,33,False
essenceSerum_08,정제수,1,False
essenceSerum_08,글리세린,2,False
essenceSerum_08,부틸렌글라이콜,3,False
essenceSerum_08,프로판다이올,4,False
essenceSerum_08,"1,2-헥산다이올",5,False
essenceSerum_08,나이아신아마이드,6,False
essenceSerum_08,글리세릴폴리메타크릴레이트,7,False
essenceSerum_08,판테놀,8,False
essenceSerum_08,베타인,9,False
essenceSerum_08,폴리글리세릴-10라우레이트,10,False
essenceSerum_08,아크릴레이트/C10-30알킬아크릴레이트크로스폴리머,11,False
essenceSerum_08,다이페닐다이메티콘,12,False
essenceSerum_08,트라이에틸헥사노인,13,False
essenceSerum_08,트로메타민,14,False
essenceSerum_08,마데카소사이드,15,False
essenceSerum_08,에틸헥실글리세린,16,False
essenceSerum_08,하이드로제네이티드레시틴,17,False
essenceSerum_08,잔탄검,18,False
essenceSerum_08,소듐하이알루로네이트,19,False
essenceSerum_08,병풀추출물,20,False
essenceSerum_08,아시아티코사이드,21,False
essenceSerum_08,서양배추출물,22,False
essenceSerum_08,연필향나무오일,23,False
essenceSerum_08,병풀잎추출물,24,False
essenceSerum_08,베타-글루칸,25,False
essenceSerum_08,다마스크장미꽃수,26,False
essenceSerum_08,멜론추출물,27,False
essenceSerum_08,오리스뿌리추출물,28,False
essenceSerum_08,서양송악잎/줄기추출물,29,False
essenceSerum_08,호호바씨오일,30,False
essenceSerum_08,광곽향오일,31,False
essenceSerum_08,불가리스쑥오일,32,False
essenceSerum_08,로즈마리잎오일,33,False
essenceSerum_08,토코페롤,34,False
essenceSerum_08,다이프로필렌글라이콜,35,False
essenceSerum_08,펜틸렌글라이콜,36,False
essenceSerum_08,카프릴릴/카프릴글루코사이드,37,False
essenceSerum_08,마데카식애씨드,38,False
essenceSerum_08,아시아틱애씨드,39,False
essenceSerum_08,세라마이드엔피,40,False
essenceSerum_09,정제수,1,False
essenceSerum_09,나이아신아마이드,2,False
essenceSerum_09,펜틸렌글라이콜,3,False
essenceSerum_09,징크피씨에이(징크로서,4,False
essenceSerum_09,다이메틸아이소소바이드,5,False
essenceSerum_09,타마린드씨검,6,False
essenceSerum_09,잔탄검,7,False
essenceSerum_09,아이소세테스-20,8,False
essenceSerum_09,에톡시다이글라이콜,9,False
essenceSerum_09,페녹시에탄올,10,False
essenceSerum_09,클로페네신,11,False
essenceSerum_10,정제수,1,False
essenceSerum_10,부틸렌글라이콜,2,False
essenceSerum_10,글리세린,3,False
essenceSerum_10,메틸글루세스-20,4,False
essenceSerum_10,아스코빌글루코사이드,5,False
essenceSerum_10,나이아신아마이드,6,False
essenceSerum_10,카프릴릴메티콘,7,False
essenceSerum_10,카프릴릭/카프릭트라이글리세라이드,8,False
essenceSerum_10,하이드로제네이티드폴리아이소부텐,9,False
essenceSerum_10,"1,2-헥산다이올",10,False
essenceSerum_10,트로메타민,11,False
essenceSerum_10,하이드록시에틸아크릴레이트/소듐아크릴로일다이메틸타우레이트코폴리머,12,False
essenceSerum_10,폴리솔베이트20,13,False
essenceSerum_10,폴리아크릴레이트-13,14,False
essenceSerum_10,다이메티콘,15,False
essenceSerum_10,판테놀,16,False
essenceSerum_10,소듐스테아로일글루타메이트,17,False
essenceSerum_10,소듐시트레이트,18,False
essenceSerum_10,폴리아이소부텐,19,False
essenceSerum_10,폴리아크릴레이트크로스폴리머-6,20,False
essenceSerum_10,다이메틸아이소소바이드,21,False
essenceSerum_10,락토바실러스/콩추출물발효여과물,22,False
essenceSerum_10,해바라기씨오일,23,False
essenceSerum_10,옥수수전분,24,False
essenceSerum_10,돌콩오일,25,False
essenceSerum_10,만니톨,26,False
essenceSerum_10,수크로오스,27,False
essenceSerum_10,마이크로크리스탈린셀룰로오스,28,False
essenceSerum_10,글리세릴카프릴레이트,29,False
essenceSerum_10,스핑고모나스발효추출물,30,False
essenceSerum_10,에틸헥실글리세린,31,False
essenceSerum_10,솔비탄아이소스테아레이트,32,False
essenceSerum_10,소듐메타포스페이트,33,False
essenceSerum_10,당근추출물,34,False
essenceSerum_10,아데노신,35,False
essenceSerum_10,하이드록시피나콜론레티노에이트,36,False
essenceSerum_10,시트릭애씨드,37,False
essenceSerum_10,레티놀,38,False
essenceSerum_10,티타늄디옥사이드,39,False
essenceSerum_10,황색산화철,40,False
essenceSerum_10,엑토인,41,False
essenceSerum_10,하이드로제네이티드레시틴,42,False
essenceSerum_10,아스코빅애씨드,43,False
essenceSerum_10,베타-카로틴,44,False
essenceSerum_10,토코페롤,45,False
essenceSerum_10,펜틸렌글라이콜,46,False
essenceSerum_10,프로필렌글라이콜,47,False
essenceSerum_10,소듐하이알루로네이트,48,False
essenceSerum_10,카보머,49,False
essenceSerum_10,아세틸테트라펩타이드-11,50,False
essenceSerum_10,아라비아고무나무검,51,False
essenceSerum_10,프로필렌글라이콜알지네이트[PDRN세럼]정제수,52,False
essenceSerum_10,트라이프로필렌글라이콜,56,False
essenceSerum_10,베타인,58,False
essenceSerum_10,암모늄아크릴로일다이메틸타우레이트/브이피코폴리머,61,False
essenceSerum_10,폴리메틸메타크릴레이트,64,False
essenceSerum_10,콜레스테롤,66,False
essenceSerum_10,잔탄검,68,False
essenceSerum_10,티몰트라이메톡시신나메이트,69,False
essenceSerum_10,클로렐라프로토테코이데스추출물,71,False
essenceSerum_10,소듐카보머,72,False
essenceSerum_10,아시아티코사이드,78,False
essenceSerum_10,마데카식애씨드,79,False
essenceSerum_10,아시아틱애씨드,80,False
essenceSerum_10,하이드롤라이즈드디엔에이,82,False
essenceSerum_10,3-O-에틸아스코빅애씨드,84,False
essenceSerum_10,페룰릭애씨드,85,False
essenceSerum_10,락토바실러스세포외소포,86,False
essenceSerum_10,황련뿌리추출물,88,False
essenceSerum_10,사이아노코발아민,90,False
essenceSerum_10,글루타티온,91,False
essenceSerum_10,아스코빅애씨드[3C히알루론산세럼]정제수,92,False
essenceSerum_10,메도우폼씨오일,95,False
essenceSerum_10,베헤닐알코올,97,False
essenceSerum_10,글리세릴폴리메타크릴레이트,99,False
essenceSerum_10,자일리톨,100,False
essenceSerum_10,카페인,102,False
essenceSerum_10,에리스리톨,103,False
essenceSerum_10,피토스테롤,104,False
essenceSerum_10,호호바에스터,105,False
essenceSerum_10,아라키딜알코올,109,False
essenceSerum_10,아라키딜글루코사이드,112,False
essenceSerum_10,마데카소사이드,114,False
essenceSerum_10,하이알루로닉애씨드,115,False
essenceSerum_10,세라마이드엔피,118,False
essenceSerum_10,소듐하이알루로네이트크로스폴리머-6,120,False
essenceSerum_11,정제수,1,False
essenceSerum_11,부틸렌글라이콜,2,False
essenceSerum_11,글리세린,3,False
essenceSerum_11,다이프로필렌글라이콜,4,False
essenceSerum_11,"1,2-헥산다이올",5,False
essenceSerum_11,판테놀,6,False
essenceSerum_11,소듐하이알루로네이트크로스폴리머,7,False
essenceSerum_11,하이드롤라이즈드하이알루로닉애씨드,8,False
essenceSerum_11,소듐하이알루로네이트,9,False
essenceSerum_11,소듐아세틸레이티드하이알루로네이트,10,False
essenceSerum_11,하이드롤라이즈드소듐하이알루로네이트,11,False
essenceSerum_11,알란토인,12,False
essenceSerum_11,엑토인,13,False
essenceSerum_11,창과감초뿌리추출물,14,False
essenceSerum_11,"2,3-부탄다이올",15,False
essenceSerum_11,트레할로오스,16,False
essenceSerum_11,베타인,17,False
essenceSerum_11,프로판다이올,18,False
essenceSerum_11,쇠비름추출물,19,False
essenceSerum_11,버지니아풍년화잎추출물,20,False
essenceSerum_11,마데카소사이드,21,False
essenceSerum_11,마데카식애씨드,22,False
essenceSerum_11,세라마이드엔피,23,False
essenceSerum_11,베타-글루칸,24,False
essenceSerum_11,말라카이트추출물,25,False
essenceSerum_11,콜레스테롤,26,False
essenceSerum_11,펜틸렌글라이콜,27,False
essenceSerum_11,글리세릴아크릴레이트/아크릴릭애씨드코폴리머,28,False
essenceSerum_11,피브이엠/엠에이코폴리머,29,False
essenceSerum_11,폴리글리세릴-10라우레이트,30,False
essenceSerum_11,잔탄검,31,False
essenceSerum_11,트로메타민,32,False
essenceSerum_11,카보머,33,False
essenceSerum_11,에틸헥실글리세린,34,False
essenceSerum_11,황금추출물,35,False
essenceSerum_11,모란뿌리추출물,36,False
essenceSerum_12,정제수,1,False
essenceSerum_12,메틸프로판다이올,2,False
essenceSerum_12,나이아신아마이드,3,False
essenceSerum_12,피피지-26-부테스-26,4,False
essenceSerum_12,피이지-40하이드로제네이티드캐스터오일,5,False
essenceSerum_12,소듐피씨에이,6,False
essenceSerum_12,다이소듐이디티에이,7,False
essenceSerum_12,살리실릭애씨드,8,False
essenceSerum_12,하이드록시에틸셀룰로오스,9,False
essenceSerum_12,만니톨,10,False
essenceSerum_12,소듐시트레이트,11,False
essenceSerum_12,토코페릴아세테이트,12,False
essenceSerum_12,자일리톨,13,False
essenceSerum_12,헥실데칸올,14,False
essenceSerum_12,세트리모늄브로마이드,15,False
essenceSerum_12,향료,16,False
essenceSerum_12,벤조트라이아졸릴도데실p-크레솔,17,False
essenceSerum_12,람노오스,18,False
essenceSerum_12,소듐하이드록사이드,19,False
essenceSerum_12,사과씨추출물,20,False
essenceSerum_12,유채스테롤,21,False
essenceSerum_12,토코페롤,22,False
essenceSerum_13,정제수,1,False
essenceSerum_13,글리세린,2,False
essenceSerum_13,나이아신아마이드,3,False
essenceSerum_13,트라넥사믹애씨드,4,False
essenceSerum_13,부틸렌글라이콜,5,False
essenceSerum_13,다이에톡시에틸석시네이트,6,False
essenceSerum_13,"1,2-헥산다이올",7,False
essenceSerum_13,알부틴,8,False
essenceSerum_13,펜틸렌글라이콜,9,False
essenceSerum_13,소듐하이알루로네이트,10,False
essenceSerum_13,잔탄검,11,False
essenceSerum_13,베타인살리실레이트,12,False
essenceSerum_13,알파-알부틴,13,False
essenceSerum_13,수크로오스팔미테이트,14,False
essenceSerum_13,아이비고드열매추출물,15,False
essenceSerum_13,한련초추출물,16,False
essenceSerum_13,하이드로제네이티드레시틴,17,False
essenceSerum_13,젤란검,18,False
essenceSerum_13,퀸즈랜드넛오일,19,False
essenceSerum_13,올리브오일,20,False
essenceSerum_13,호호바씨오일,21,False
essenceSerum_13,포도씨오일,22,False
essenceSerum_13,소듐파이테이트,23,False
essenceSerum_13,셀룰로오스,24,False
essenceSerum_13,카프릴릭/카프릭트라이글리세라이드,25,False
essenceSerum_13,판테놀,26,False
essenceSerum_13,사이아노코발아민,27,False
essenceSerum_13,폴리글루타믹애씨드,28,False
essenceSerum_13,3-O-에틸아스코빅애씨드,29,False
essenceSerum_13,세라마이드엔피,30,False
essenceSerum_13,덱스트린,31,False
essenceSerum_13,카카오추출물,32,False
essenceSerum_13,하이드롤라이즈드하이알루로닉애씨드,33,False
essenceSerum_13,편백잎추출물,34,False
essenceSerum_13,복사나무꽃추출물,35,False
essenceSerum_13,녹차씨오일,36,False
essenceSerum_13,아시아티코사이드,37,False
essenceSerum_13,마데카식애씨드,38,False
essenceSerum_13,아시아틱애씨드,39,False
essenceSerum_13,효모발효추출물,40,False
essenceSerum_13,병풀추출물,41,False
essenceSerum_13,쑥잎추출물,42,False
essenceSerum_13,칸디다봄비콜라/글루코오스/메틸레이프씨데이트발효물,43,False
essenceSerum_13,다이메틸실란올하이알루로네이트,44,False
essenceSerum_13,하이드롤라이즈드소듐하이알루로네이트,45,False
essenceSerum_13,하이알루로닉애씨드,46,False
essenceSerum_13,포타슘하이알루로네이트,47,False
essenceSerum_13,하이드록시프로필트라이모늄하이알루로네이트,48,False
essenceSerum_13,소듐하이알루로네이트크로스폴리머,49,False
essenceSerum_13,소듐하이알루로네이트다이메틸실란올,50,False
essenceSerum_13,소듐아세틸레이티드하이알루로네이트,51,False
essenceSerum_14,정제수,1,False
essenceSerum_14,부틸렌글라이콜,2,False
essenceSerum_14,글리세린,3,False
essenceSerum_14,메틸글루세스-20,4,False
essenceSerum_14,아스코빌글루코사이드,5,False
essenceSerum_14,나이아신아마이드,6,False
essenceSerum_14,카프릴릴메티콘,7,False
essenceSerum_14,카프릴릭/카프릭트라이글리세라이드,8,False
essenceSerum_14,하이드로제네이티드폴리아이소부텐,9,False
essenceSerum_14,"1,2-헥산다이올",10,False
essenceSerum_14,트로메타민,11,False
essenceSerum_14,하이드록시에틸아크릴레이트/소듐아크릴로일다이메틸타우레이트코폴리머,12,False
essenceSerum_14,폴리솔베이트20,13,False
essenceSerum_14,폴리아크릴레이트-13,14,False
essenceSerum_14,다이메티콘,15,False
essenceSerum_14,판테놀,16,False
essenceSerum_14,소듐스테아로일글루타메이트,17,False
essenceSerum_14,소듐시트레이트,18,False
essenceSerum_14,폴리아이소부텐,19,False
essenceSerum_14,폴리아크릴레이트크로스폴리머-6,20,False
essenceSerum_14,다이메틸아이소소바이드,21,False
essenceSerum_14,락토바실러스/콩추출물발효여과물,22,False
essenceSerum_14,해바라기씨오일,23,False
essenceSerum_14,옥수수전분,24,False
essenceSerum_14,돌콩오일,25,False
essenceSerum_14,만니톨,26,False
essenceSerum_14,수크로오스,27,False
essenceSerum_14,마이크로크리스탈린셀룰로오스,28,False
essenceSerum_14,글리세릴카프릴레이트,29,False
essenceSerum_14,스핑고모나스발효추출물,30,False
essenceSerum_14,에틸헥실글리세린,31,False
essenceSerum_14,솔비탄아이소스테아레이트,32,False
essenceSerum_14,소듐메타포스페이트,33,False
essenceSerum_14,당근추출물,34,False
essenceSerum_14,아데노신,35,False
essenceSerum_14,하이드록시피나콜론레티노에이트,36,False
essenceSerum_14,시트릭애씨드,37,False
essenceSerum_14,레티놀,38,False
essenceSerum_14,티타늄디옥사이드,39,False
essenceSerum_14,황색산화철,40,False
essenceSerum_14,엑토인,41,False
essenceSerum_14,하이드로제네이티드레시틴,42,False
essenceSerum_14,아스코빅애씨드,43,False
essenceSerum_14,베타-카로틴,44,False
essenceSerum_14,토코페롤,45,False
essenceSerum_14,펜틸렌글라이콜,46,False
essenceSerum_14,프로필렌글라이콜,47,False
essenceSerum_14,소듐하이알루로네이트,48,False
essenceSerum_14,카보머,49,False
essenceSerum_14,아세틸테트라펩타이드-11,50,False
essenceSerum_14,아라비아고무나무검,51,False
essenceSerum_14,프로필렌글라이콜알지네이트,52,False
essenceSerum_15,정제수,1,False
essenceSerum_15,글리세린,2,False
essenceSerum_15,부틸렌글라이콜,3,False
essenceSerum_15,나이아신아마이드,4,False
essenceSerum_15,병풀잎수,5,False
essenceSerum_15,다이부틸아디페이트,6,False
essenceSerum_15,"1,2-헥산다이올",7,False
essenceSerum_15,카프릴릭/카프릭트라이글리세라이드,8,False
essenceSerum_15,하이드로제네이티드레시틴,9,False
essenceSerum_15,암모늄아크릴로일다이메틸타우레이트/브이피코폴리머,10,False
essenceSerum_15,콜레스테롤,11,False
essenceSerum_15,돌콩오일,12,False
essenceSerum_15,알란토인,13,False
essenceSerum_15,토코페롤,14,False
essenceSerum_15,에틸헥실글리세린,15,False
essenceSerum_15,토코페릴아세테이트,16,False
essenceSerum_15,소듐메틸스테아로일타우레이트,17,False
essenceSerum_15,해바라기씨오일,18,False
essenceSerum_15,폴리글리세릴-6카프릴레이트,19,False
essenceSerum_15,다이메틸아이소소바이드,20,False
essenceSerum_15,아데노신,21,False
essenceSerum_15,레티놀,22,False
essenceSerum_15,당근추출물,23,False
essenceSerum_15,잔탄검,24,False
essenceSerum_15,폴리글리세릴-10라우레이트,25,False
essenceSerum_15,하이드록시피나콜론레티노에이트,26,False
essenceSerum_15,레틴알,27,False
essenceSerum_15,풀루란,28,False
essenceSerum_15,세라마이드엔피,29,False
essenceSerum_15,하이알루로닉애씨드,30,False
essenceSerum_15,베타-카로틴,31,False
essenceSerum_15,트로메타민,32,False
essenceSerum_15,병풀추출물,33,False
essenceSerum_15,글라이코프로테인,34,False
essenceSerum_15,제인,35,False
essenceSerum_15,펙틴*3XRETINOLCOMPLEX:레티놀1,36,False
essenceSerum_16,정제수,1,False
essenceSerum_16,부틸렌글라이콜,2,False
essenceSerum_16,에스에이치-올리고펩타이드-1,3,False
essenceSerum_16,에스에이치-폴리펩타이드-1,4,False
essenceSerum_16,로우스위트블루베리추출물,5,False
essenceSerum_16,레시틴,6,False
essenceSerum_16,솔비탄세스퀴올리에이트,7,False
essenceSerum_16,"1,2-헥산다이올",8,False
essenceSerum_16,카프릴릴글라이콜,9,False
essenceSerum_16,피이지-60하이드로제네이티드캐스터오일,10,False
essenceSerum_16,글리세린,11,False
essenceSerum_16,클로페네신,12,False
essenceSerum_16,구아이아줄렌,13,False
essenceSerum_16,에틸헥실글리세린,14,False
essenceSerum_16,아데노신,15,False
essenceSerum_17,아쿠아(아벤느온천수),1,False
essenceSerum_17,글리세린,2,False
essenceSerum_17,펜틸렌글라이콜,3,False
essenceSerum_17,"1,2-헥산다이올",4,False
essenceSerum_17,다이메티콘,5,False
essenceSerum_17,하이드록시에틸아크릴레이트/소듐아크릴로일다이메틸타우레이트코폴리머,6,False
essenceSerum_17,베타인,7,False
essenceSerum_17,메틸글루세스-20,8,False
essenceSerum_17,아이소세틸스테아로일스테아레이트,9,False
essenceSerum_17,트라이에틸헥사노인,10,False
essenceSerum_17,하이드로제네이티드폴리아이소부텐,11,False
essenceSerum_17,세테아릴올리베이트,12,False
essenceSerum_17,솔비탄올리베이트,13,False
essenceSerum_17,스쿠알란,14,False
essenceSerum_17,트레할로오스,15,False
essenceSerum_17,향료,16,False
essenceSerum_17,정제수,17,False
essenceSerum_17,소듐시트레이트,18,False
essenceSerum_17,피이지-7트라이메틸올프로판코코넛에터,19,False
essenceSerum_17,다이소듐이디티에이,20,False
essenceSerum_17,레시틴,21,False
essenceSerum_17,피토스테롤,22,False
essenceSerum_17,잔탄검,23,False
essenceSerum_17,솔비탄아이소스테아레이트,24,False
essenceSerum_17,시트릭애씨드,25,False
essenceSerum_17,소듐하이알루로네이트,26,False
essenceSerum_18,실리카,1,False
essenceSerum_18,다이메티콘,2,False
essenceSerum_18,옥수수전분,3,False
essenceSerum_18,알루미늄전분옥테닐석시네이트,4,False
essenceSerum_18,비닐다이메티콘/메티콘실세스퀴옥세인크로스폴리머,5,False
essenceSerum_18,마이카,6,False
essenceSerum_18,다이메티콘/비닐다이메티콘크로스폴리머,7,False
essenceSerum_18,카프릴릭/카프릭트라이글리세라이드,8,False
essenceSerum_18,옥틸도데실스테아로일스테아레이트,9,False
essenceSerum_18,칼라민,10,False
essenceSerum_18,마카다미아씨오일,11,False
essenceSerum_18,병풀추출물,12,False
essenceSerum_18,판토테닉애씨드,13,False
essenceSerum_18,징크피씨에이,14,False
essenceSerum_18,카프릴릴글라이콜,15,False
essenceSerum_18,나이아신아마이드,16,False
essenceSerum_18,에틸헥실글리세린,17,False
essenceSerum_18,다이포타슘글리시리제이트,18,False
essenceSerum_18,마데카소사이드,19,False
essenceSerum_18,토코페롤,20,False
essenceSerum_19,정제수,1,False
essenceSerum_19,글리세린,2,False
essenceSerum_19,부틸렌글라이콜,3,False
essenceSerum_19,다이프로필렌글라이콜,4,False
essenceSerum_19,펜틸렌글라이콜,5,False
essenceSerum_19,프로방스장미꽃수,6,False
essenceSerum_19,"1,2-헥산다이올",7,False
essenceSerum_19,나이아신아마이드,8,False
essenceSerum_19,다이포타슘글리시리제이트,9,False
essenceSerum_19,엑토인,10,False
essenceSerum_19,판테놀,11,False
essenceSerum_19,트록세루틴,12,False
essenceSerum_19,알지닌,13,False
essenceSerum_19,폴리글리세릴-10스테아레이트,14,False
essenceSerum_19,하이드록시에틸셀룰로오스,15,False
essenceSerum_19,폴리글리세릴-10올리에이트,16,False
essenceSerum_19,카보머,17,False
essenceSerum_19,알란토인,18,False
essenceSerum_19,이노시톨,19,False
essenceSerum_19,프로판다이올,20,False
essenceSerum_19,파이틱애씨드,21,False
essenceSerum_19,소듐하이알루로네이트,22,False
essenceSerum_19,말라카이트추출물,23,False
essenceSerum_19,베타-글루칸,24,False
essenceSerum_19,다이소듐이디티에이,25,False
essenceSerum_19,바이오사카라이드검-1,26,False
essenceSerum_19,사코신,27,False
essenceSerum_19,아세타마이드엠이에이,28,False
essenceSerum_19,치자추출물,29,False
essenceSerum_19,하이드로제네이티드레시틴,30,False
essenceSerum_19,글리시레티닉애씨드,31,False
essenceSerum_19,팔미타마이드엠이에이,32,False
essenceSerum_19,에틸헥실글리세린,33,False
essenceSerum_19,덱스트린,34,False
essenceSerum_19,다이소듐포스페이트,35,False
essenceSerum_19,폴리솔베이트60,36,False
essenceSerum_19,세라마이드엔피,37,False
essenceSerum_19,콜레스테롤,38,False
essenceSerum_19,소듐포스페이트,39,False
essenceSerum_19,팔미틱애씨드,40,False
essenceSerum_19,카프릴릭/카프릭트라이글리세라이드,41,False
essenceSerum_19,하이알루로닉애씨드,42,False
essenceSerum_19,스쿠알란,43,False
essenceSerum_19,징크피씨에이,44,False
essenceSerum_19,토코페롤,45,False
essenceSerum_19,돌콩오일,46,False
essenceSerum_20,에스네이처아쿠아스쿠알란세럼:정제수,1,False
essenceSerum_20,글리세린,2,False
essenceSerum_20,부틸렌글라이콜,3,False
essenceSerum_20,메틸프로판다이올,4,False
essenceSerum_20,"1,2-헥산다이올",5,False
essenceSerum_20,베타인,6,False
essenceSerum_20,다시마추출물,7,False
essenceSerum_20,한련초잎추출물,8,False
essenceSerum_20,버지니아풍년화추출물,9,False
essenceSerum_20,소듐하이알루로네이트,10,False
essenceSerum_20,하이드로제네이티드레시틴,11,False
essenceSerum_20,판테놀,12,False
essenceSerum_20,알란토인,13,False
essenceSerum_20,프룩토올리고사카라이드,14,False
essenceSerum_20,베타-글루칸,15,False
essenceSerum_20,하이드롤라이즈드하이알루로닉애씨드,16,False
essenceSerum_20,식물성스쿠알란,17,False
essenceSerum_20,하이드록시프로필트라이모늄하이알루로네이트,18,False
essenceSerum_20,소듐아세틸레이티드하이알루로네이트,19,False
essenceSerum_20,하이드롤라이즈드소듐하이알루로네이트,20,False
essenceSerum_20,하이알루로닉애씨드,21,False
essenceSerum_20,소듐하이알루로네이트크로스폴리머,22,False
essenceSerum_20,포타슘하이알루로네이트,23,False
essenceSerum_20,에틸헥실글리세린,24,False
essenceSerum_20,카보머,25,False
essenceSerum_20,트로메타민,26,False
essenceSerum_20,잔탄검,27,False
essenceSerum_20,다이소듐이디티에이*에스네이처아쿠아스쿠알란수분크림:정제수,28,False
essenceSerum_20,스쿠알란,29,False
essenceSerum_20,하이드롤라이즈드콜라겐,35,False
essenceSerum_20,아세틸헥사펩타이드-8,39,False
essenceSerum_20,아데노신,40,False
essenceSerum_20,아크릴레이트/C10-30알킬아크릴레이트크로스폴리머,45,False
essenceSerum_20,알지닌,46,False
essenceSerum_20,자일리틸글루코사이드,48,False
essenceSerum_20,안하이드로자일리톨,49,False
essenceSerum_20,자일리톨,50,False
essenceSerum_20,글루코오스,51,False
essenceSerum_20,암모늄아크릴로일다이메틸타우레이트/브이피코폴리머,53,False
essenceSerum_20,카프릴릴글라이콜,54,False
cream_01,정제수,1,False
cream_01,다이메티콘,2,False
cream_01,부틸렌글라이콜,3,False
cream_01,글리세린,4,False
cream_01,트라이실록세인,5,False
cream_01,트레할로오스,6,False
cream_01,수크로오스,7,False
cream_01,암모늄아크릴로일다이메틸타우레이트/브이피코폴리머,8,False
cream_01,하이드록시에틸우레아,9,False
cream_01,녹차추출물,10,False
cream_01,흰무늬엉겅퀴추출물,11,False
cream_01,만주자작나무껍질추출물,12,False
cream_01,효모용해추출물,13,False
cream_01,알로에베라잎수,14,False
cream_01,알로에베라잎추출물,15,False
cream_01,테르무스테르모필루스발효물,16,False
cream_01,카페인,17,False
cream_01,솔비톨,18,False
cream_01,팔미토일헥사펩타이드-12,19,False
cream_01,소듐하이알루로네이트,20,False
cream_01,카프릴릴글라이콜,21,False
cream_01,올레스-10,22,False
cream_01,소듐폴리아스파테이트,23,False
cream_01,알로에베라잎폴리사카라이드,24,False
cream_01,락토바실러스발효용해물,25,False
cream_01,사카라이드아이소머레이트,26,False
cream_01,하이드로제네이티드레시틴,27,False
cream_01,토코페릴아세테이트,28,False
cream_01,아크릴레이트/C10-30알킬아크릴레이트크로스폴리머,29,False
cream_01,글리세릴폴리메타크릴레이트,30,False
cream_01,트로메타민,31,False
cream_01,피이지-8,32,False
cream_01,헥실렌글라이콜,33,False
cream_01,마그네슘아스코빌포스페이트,34,False
cream_01,시트릭애씨드,35,False
cream_01,비에이치티,36,False
cream_01,다이소듐이디티에이,37,False
cream_01,소듐시트레이트,38,False
cream_01,포타슘솔베이트,39,False
cream_01,소듐벤조에이트,40,False
cream_01,페녹시에탄올,41,False
cream_01,적색504호,42,False
cream_01,황색4호,43,False
cream_02,정제수,1,False
cream_02,부틸렌글라이콜,2,False
cream_02,카프릴릭/카프릭트라이글리세라이드,3,False
cream_02,"1,2-헥산다이올",4,False
cream_02,베타인,5,False
cream_02,베헤닐알코올,6,False
cream_02,판테놀,7,False
cream_02,유칼립투스잎추출물,8,False
cream_02,폴스애플민트잎추출물,9,False
cream_02,로즈힙열매추출물,10,False
cream_02,레몬밤꽃/잎/줄기수,11,False
cream_02,타임잎추출물,12,False
cream_02,로즈마리잎수,13,False
cream_02,비터오렌지꽃오일,14,False
cream_02,토탄추출물,15,False
cream_02,양버들껍질/싹/잎/잔가지추출물,16,False
cream_02,프렌치로즈꽃추출물,17,False
cream_02,흰서양송로추출물,18,False
cream_02,자일리톨,19,False
cream_02,에리스리톨,20,False
cream_02,소듐하이알루로네이트,21,False
cream_02,카페인,22,False
cream_02,카퍼트라이펩타이드-1,23,False
cream_02,글라이신,24,False
cream_02,베타-글루칸,25,False
cream_02,나이아신아마이드,26,False
cream_02,글리세릴폴리메타크릴레이트,27,False
cream_02,트라이에틸헥사노인,28,False
cream_02,카보머,29,False
cream_02,다이메티콘,30,False
cream_02,다이실록세인,31,False
cream_02,트로메타민,32,False
cream_02,글리세린,33,False
cream_02,프로필렌글라이콜,34,False
cream_02,스테아릴다이메티콘,35,False
cream_02,락토바실러스/콩발효추출물,36,False
cream_02,C30-45알킬다이메티콘,37,False
cream_02,토코페릴아세테이트,38,False
cream_02,효모/감자추출물발효여과물,39,False
cream_02,효모/보리씨발효여과물,40,False
cream_02,트라이소듐이디티에이,41,False
cream_02,말라카이트추출물,42,False
cream_02,메틸다이아이소프로필프로피온아마이드,43,False
cream_02,오렌지껍질오일,44,False
cream_02,라임전초오일,45,False
cream_02,센티드제라늄꽃오일,46,False
cream_02,로즈마리잎오일,47,False
cream_02,리모넨,48,False
cream_02,시트로넬올,49,False
cream_02,제라니올,50,False
cream_02,시트랄,51,False
cream_02,리날룰*표시:beliforiginalformula+표시:빌리프프로프로즌콤플렉스**표시:식물유래향[증정-프로즌토너]정제수,52,False
cream_02,프로판다이올,54,False
cream_02,변성알코올,56,False
cream_02,C12-15알킬벤조에이트,57,False
cream_02,글루코노락톤,61,False
cream_02,폴리글리세릴-10스테아레이트,76,False
cream_02,폴리글리세릴-10올리에이트,77,False
cream_02,소듐시트레이트,80,False
cream_02,시트릭애씨드,81,False
cream_02,바이오사카라이드검-1,82,False
cream_02,펜틸렌글라이콜,84,False
cream_02,에틸헥실글리세린,86,False
cream_02,리날룰*표시:beliforiginalformula+표시:빌리프프로프로즌콤플렉스**표시:식물유래향[증정-프로즌세럼]정제수,97,False
cream_02,스테아릴헵타노에이트,99,False
cream_02,다이프로필렌글라이콜,101,False
cream_02,트레할로오스,102,False
cream_02,하이드롤라이즈드하이알루로닉애씨드,110,False
cream_02,하이알루로닉애씨드,111,False
cream_02,하이드롤라이즈드소듐하이알루로네이트,112,False
cream_02,하이드록시프로필트라이모늄하이알루로네이트,114,False
cream_02,소듐하이알루로네이트크로스폴리머,115,False
cream_02,소듐아세틸레이티드하이알루로네이트,116,False
cream_02,C14-22알코올,120,False
cream_02,소듐폴리아크릴레이트스타치,123,False
cream_02,C12-20알킬글루코사이드,124,False
cream_02,포타슘하이드록사이드,126,False
cream_02,다이소듐이디티에이,127,False
cream_02,소듐글루코네이트,130,False
cream_02,카프릴릴글라이콜,133,False
cream_02,아세틸헥사펩타이드-8,134,False
cream_02,리날룰*표시:beliforiginalformula+표시:빌리프프로프로즌콤플렉스**표시:식물유래향,143,False
cream_03,(크림)정제수,1,False
cream_03,글리세린,2,False
cream_03,카프릴릭/카프릭트라이글리세라이드,3,False
cream_03,세테아릴알코올,4,False
cream_03,"1,2-헥산다이올",5,False
cream_03,프로판다이올,6,False
cream_03,부틸렌글라이콜다이카프릴레이트/다이카프레이트,7,False
cream_03,폴리글리세린-3,8,False
cream_03,비닐다이메티콘,9,False
cream_03,하이드로제네이티드폴리데센,10,False
cream_03,판테놀,11,False
cream_03,스쿠알란,12,False
cream_03,세테아릴올리베이트,13,False
cream_03,솔비탄올리베이트,14,False
cream_03,글리세릴스테아레이트,15,False
cream_03,폴리아크릴레이트-13,16,False
cream_03,부틸렌글라이콜,17,False
cream_03,아크릴레이트/C10-30알킬아크릴레이트크로스폴리머,18,False
cream_03,하이드로제네이티드폴리아이소부텐,19,False
cream_03,병풀추출물,20,False
cream_03,잇꽃꽃추출물,21,False
cream_03,하이드록시에틸아크릴레이트/소듐아크릴로일다이메틸타우레이트코폴리머,22,False
cream_03,덱스트린,23,False
cream_03,알지닌,24,False
cream_03,에틸헥실글리세린,25,False
cream_03,치자추출물,26,False
cream_03,다이소듐이디티에이,27,False
cream_03,폴리글리세릴-10라우레이트,28,False
cream_03,"2,3-부탄다이올",29,False
cream_03,에틸헥실팔미테이트,30,False
cream_03,카카오씨추출물,31,False
cream_03,칸디다봄비콜라/글루코오스/메틸레이프씨데이트발효물,32,False
cream_03,솔비탄아이소스테아레이트,33,False
cream_03,불가리스쑥오일,34,False
cream_03,소듐하이알루로네이트,35,False
cream_03,라우릴글루코사이드,36,False
cream_03,올리브오일,37,False
cream_03,에톡시다이글라이콜,38,False
cream_03,하이드로제네이티드레시틴,39,False
cream_03,아시아티코사이드,40,False
cream_03,아시아틱애씨드,41,False
cream_03,마데카식애씨드,42,False
cream_03,마누카잎추출물,43,False
cream_03,꿀추출물,44,False
cream_03,락토바실러스발효물,45,False
cream_03,병풀꽃/잎/줄기추출물,46,False
cream_03,병풀뿌리추출물,47,False
cream_03,해바라기씨오일,48,False
cream_03,마데카소사이드,49,False
cream_03,멜라토닌,50,False
cream_03,셀필룸추출물,51,False
cream_03,테아닌,52,False
cream_03,소듐디엔에이(세럼)정제수,53,False
cream_03,카보머,57,False
cream_03,트로메타민,58,False
cream_03,인도멀구슬나무잎추출물,61,False
cream_03,인도멀구슬나무꽃추출물,66,False
cream_03,소듐폴리아크릴레이트,69,False
cream_03,펜틸렌글라이콜,70,False
cream_03,황련뿌리추출물,71,False
cream_03,데실글루코사이드,75,False
cream_03,카프릴릴글라이콜,76,False
cream_03,메도우폼씨오일,78,False
cream_03,세라마이드엔피,82,False
cream_03,피토스핑고신,83,False
cream_04,정제수,1,False
cream_04,스쿠알란,2,False
cream_04,글리세린,3,False
cream_04,"1,2-헥산다이올",4,False
cream_04,베타인,5,False
cream_04,판테놀,6,False
cream_04,소듐하이알루로네이트,7,False
cream_04,하이드롤라이즈드콜라겐,8,False
cream_04,하이드록시프로필트라이모늄하이알루로네이트,9,False
cream_04,하이드롤라이즈드하이알루로닉애씨드,10,False
cream_04,소듐아세틸레이티드하이알루로네이트,11,False
cream_04,아세틸헥사펩타이드-8,12,False
cream_04,아데노신,13,False
cream_04,하이알루로닉애씨드,14,False
cream_04,하이드롤라이즈드소듐하이알루로네이트,15,False
cream_04,소듐하이알루로네이트크로스폴리머,16,False
cream_04,포타슘하이알루로네이트,17,False
cream_04,아크릴레이트/C10-30알킬아크릴레이트크로스폴리머,18,False
cream_04,알지닌,19,False
cream_04,알란토인,20,False
cream_04,자일리틸글루코사이드,21,False
cream_04,안하이드로자일리톨,22,False
cream_04,자일리톨,23,False
cream_04,글루코오스,24,False
cream_04,부틸렌글라이콜,25,False
cream_04,암모늄아크릴로일다이메틸타우레이트/브이피코폴리머,26,False
cream_04,카프릴릴글라이콜,27,False
cream_05,정제수,1,False
cream_05,글리세린,2,False
cream_05,부틸렌글라이콜,3,False
cream_05,다이메티콘,4,False
cream_05,스쿠알란,5,False
cream_05,"1,2-헥산다이올",6,False
cream_05,베타인,7,False
cream_05,세테아릴알코올,8,False
cream_05,암모늄아크릴로일다이메틸타우레이트/브이피코폴리머,9,False
cream_05,하이드로제네이티드쌀겨오일,10,False
cream_05,하이드로제네이티드레시틴,11,False
cream_05,폴리글리세릴-3메틸글루코오스다이스테아레이트,12,False
cream_05,폴리아크릴레이트크로스폴리머-6,13,False
cream_05,만니톨,14,False
cream_05,세틸-피지하이드록시에틸팔미타마이드,15,False
cream_05,스테아릭애씨드,16,False
cream_05,에틸헥실글리세린,17,False
cream_05,글리세릴카프릴레이트,18,False
cream_05,프로판다이올,19,False
cream_05,글리세릴스테아레이트,20,False
cream_05,소듐메타포스페이트,21,False
cream_05,세라마이드엔피,22,False
cream_05,카보머,23,False
cream_05,팔미틱애씨드,24,False
cream_05,실리카,25,False
cream_05,징크클로라이드,26,False
cream_05,콜레스테롤,27,False
cream_05,베타-글루칸,28,False
cream_05,스핑고리피드,29,False
cream_05,소듐하이알루로네이트,30,False
cream_05,하이드록시프로필메틸셀룰로오스,31,False
cream_05,미리스틱애씨드,32,False
cream_05,프로필렌글라이콜,33,False
cream_05,라우릭애씨드,34,False
cream_05,토코페롤,35,False
cream_06,전성분정제수,1,False
cream_06,글리세린,2,False
cream_06,나이아신아마이드,3,False
cream_06,트라넥사믹애씨드,4,False
cream_06,카프릴릭/카프릭트라이글리세라이드,5,False
cream_06,다이프로필렌글라이콜,6,False
cream_06,"1,2-헥산다이올",7,False
cream_06,퀸즈랜드넛오일,8,False
cream_06,페닐트라이메티콘,9,False
cream_06,하이드로제네이티드폴리(C6-14올레핀),10,False
cream_06,다이카프릴릴에테르,11,False
cream_06,비닐다이메티콘,12,False
cream_06,세테아릴알코올,13,False
cream_06,프로판다이올,14,False
cream_06,세테아릴올리베이트,15,False
cream_06,글리세릴스테아레이트에스이,16,False
cream_06,솔비탄올리베이트,17,False
cream_06,암모늄아크릴로일다이메틸타우레이트/브이피코폴리머,18,False
cream_06,베헤닐알코올,19,False
cream_06,다이메티콘올,20,False
cream_06,세테아릴글루코사이드,21,False
cream_06,다시마추출물,22,False
cream_06,한련초잎추출물,23,False
cream_06,하이드로제네이티드레시틴,24,False
cream_06,세라마이드엔피,25,False
cream_06,베타인,26,False
cream_06,에틸헥실글리세린,27,False
cream_06,잔탄검,28,False
cream_06,비파나무잎추출물,29,False
cream_06,아데노신,30,False
cream_06,프룩토올리고사카라이드,31,False
cream_06,황련뿌리추출물,32,False
cream_06,콜레스테롤,33,False
cream_06,부틸렌글라이콜,34,False
cream_06,베타-글루칸,35,False
cream_06,스피어민트추출물,36,False
cream_06,하이드롤라이즈드하이알루로닉애씨드,37,False
cream_06,카카오씨추출물,38,False
cream_06,덱스트린,39,False
cream_06,토코페롤,40,False
cream_06,아스코빅애씨드폴리펩타이드,41,False
cream_06,글리세릴스테아레이트,42,False
cream_06,세라마이드에이에스,43,False
cream_06,세라마이드에이피,44,False
cream_06,세라마이드엔에스,45,False
cream_06,세라마이드이오피,46,False
cream_07,정제수,1,False
cream_07,부틸렌글라이콜,2,False
cream_07,글리세린,3,False
cream_07,부틸렌글라이콜다이카프릴레이트/다이카프레이트,4,False
cream_07,세틸에틸헥사노에이트,5,False
cream_07,스쿠알란,6,False
cream_07,펜타에리스리틸테트라아이소스테아레이트,7,False
cream_07,다이카프릴릴카보네이트,8,False
cream_07,베헤닐알코올,9,False
cream_07,다이메티콘,10,False
cream_07,하이드록시프로필비스팔미타마이드엠이에이,11,False
cream_07,스테아릭애씨드,12,False
cream_07,베타인,13,False
cream_07,만니톨,14,False
cream_07,C14-22알코올,15,False
cream_07,팔미틱애씨드,16,False
cream_07,하이드록시프로필비스라우라마이드엠이에이,17,False
cream_07,아라키딜알코올,18,False
cream_07,콜레스테롤,19,False
cream_07,폴리아크릴레이트-13,20,False
cream_07,C12-20알킬글루코사이드,21,False
cream_07,알란토인,22,False
cream_07,아라키딜글루코사이드,23,False
cream_07,나이아신아마이드,24,False
cream_07,세라마이드엔피,25,False
cream_07,글리세릴카프릴레이트,26,False
cream_07,에틸헥실글리세린,27,False
cream_07,하이드로제네이티드폴리아이소부텐,28,False
cream_07,카보머,29,False
cream_07,트로메타민,30,False
cream_07,다이메티콘올,31,False
cream_07,폴리글리세릴-10라우레이트,32,False
cream_07,하이드로제네이티드레시틴,33,False
cream_07,에틸헥실팔미테이트,34,False
cream_07,아크릴레이트/암모늄메타크릴레이트코폴리머,35,False
cream_07,솔비탄아이소스테아레이트,36,False
cream_07,실리카,37,False
cream_07,피토스핑고신,38,False
cream_07,스핑고리피드,39,False
cream_07,아라키딕애씨드,40,False
cream_07,토코페롤,41,False
cream_07,올레익애씨드,42,False
cream_08,정제수,1,False
cream_08,카프릴릭/카프릭트라이글리세라이드,2,False
cream_08,글리세린,3,False
cream_08,펜틸렌글라이콜,4,False
cream_08,코코넛야자오일,5,False
cream_08,하이드로제네이티드레시틴,6,False
cream_08,시어버터,7,False
cream_08,하이드록시에틸셀룰로오스,8,False
cream_08,스쿠알란,9,False
cream_08,카보머,10,False
cream_08,잔탄검,11,False
cream_08,소듐카보머,12,False
cream_08,세라마이드엔피[피지오겔DMT에센스인토너]정제수,13,False
cream_08,다이프로필렌글라이콜,14,False
cream_08,"1,2-헥산다이올",16,False
cream_08,헥실데실에틸헥사노에이트,17,False
cream_08,펜타에리스리틸테트라에틸헥사노에이트,18,False
cream_08,변성알코올,19,False
cream_08,베타인,20,False
cream_08,사이클로펜타실록세인,21,False
cream_08,아크릴레이트/C10-30알킬아크릴레이트크로스폴리머,22,False
cream_08,트로메타민,23,False
cream_08,다이메티콘,24,False
cream_08,피토스테롤,25,False
cream_08,소듐하이알루로네이트,26,False
cream_08,트라이소듐이디티에이,27,False
cream_08,세린,28,False
cream_08,소듐피씨에이,29,False
cream_08,하이드록시에틸우레아,30,False
cream_08,알지닌,31,False
cream_09,정제수하이드로제네이티드폴리아이소부텐다이메티콘글리세린시어버터판테놀옥수수전분프로판다이올부틸렌글라이콜세틸피이지/피피지-10/1다이메티콘트라이하이드록시스테아린병풀잎추출물야콘뿌리즙징크글루코네이트마데카소사이드망가니즈글루코네이트알파-글루칸올리고사카라이드실리카알루미늄하이드록사이드마그네슘설페이트만노오스카프릴로일글라이신카프릴릴글라이콜비트레오스실라발효물시트릭애씨드트라이소듐에틸렌다이아민다이석시네이트락토바실러스아세틸레이티드글라이콜스테아레이트말토덱스트린폴리글리세릴-4아이소스테아레이트토코페롤펜타에리스리틸테트라-다이-t-부틸하이드록시하이드로신나메이트티타늄디옥사이드,1,False
cream_10,정제수,1,False
cream_10,글리세린,2,False
cream_10,펜틸렌글라이콜,3,False
cream_10,카프릴릭/카프릭트라이글리세라이드,4,False
cream_10,코코-카프릴레이트/카프레이트,5,False
cream_10,세테아릴알코올,6,False
cream_10,아라키딜알코올,7,False
cream_10,스쿠알란,8,False
cream_10,메틸트라이메티콘,9,False
cream_10,판테놀,10,False
cream_10,베헤닐알코올,11,False
cream_10,시어버터,12,False
cream_10,피토스테릴/이소스테아릴/세틸/스테아릴/베헤닐다이머디리놀리에이트,13,False
cream_10,오일팜오일,14,False
cream_10,하이드록시에틸아크릴레이트/소듐아크릴로일다이메틸타우레이트코폴리머,15,False
cream_10,아라키딜글루코사이드,16,False
cream_10,"1,2-헥산다이올",17,False
cream_10,폴리아크릴레이트크로스폴리머-6,18,False
cream_10,하이드로제네이티드레시틴,19,False
cream_10,오일팜커넬오일,20,False
cream_10,베헤닉애씨드,21,False
cream_10,아이소스테아릴아이소스테아레이트,22,False
cream_10,카보머,23,False
cream_10,소듐카보머,24,False
cream_10,세라마이드엔피,25,False
cream_10,아데노신,26,False
cream_10,콜레스테롤,27,False
cream_10,소듐하이알루로네이트,28,False
cream_10,솔비탄아이소스테아레이트,29,False
cream_10,나이아신아마이드,30,False
cream_10,팔미틱애씨드,31,False
cream_10,스테아릭애씨드,32,False
cream_10,토코페롤,33,False
cream_10,"2,3-부탄다이올",34,False
cream_10,글리세릴스테아레이트,35,False
cream_10,세라마이드에이피,36,False
cream_10,세라마이드엔지,37,False
cream_10,세라마이드이오피,38,False
cream_10,다이프로필렌글라이콜,39,False
cream_10,하이알루로닉애씨드[피지오겔DMT에센스인토너]정제수,40,False
cream_10,헥실데실에틸헥사노에이트,44,False
cream_10,펜타에리스리틸테트라에틸헥사노에이트,45,False
cream_10,변성알코올,46,False
cream_10,베타인,47,False
cream_10,사이클로펜타실록세인,48,False
cream_10,아크릴레이트/C10-30알킬아크릴레이트크로스폴리머,49,False
cream_10,트로메타민,50,False
cream_10,다이메티콘,51,False
cream_10,피토스테롤,52,False
cream_10,트라이소듐이디티에이,54,False
cream_10,세린,55,False
cream_10,소듐피씨에이,56,False
cream_10,하이드록시에틸우레아,57,False
cream_10,알지닌,58,False
cream_11,정제수,1,False
cream_11,글리세린,2,False
cream_11,사이클로헥사실록세인,3,False
cream_11,하이드로제네이티드폴리데센,4,False
cream_11,다이프로필렌글라이콜,5,False
cream_11,마카다미아씨오일,6,False
cream_11,"1,2-헥산다이올",7,False
cream_11,트라이에틸헥사노인,8,False
cream_11,비스-피이지-18메틸에터다이메틸실레인,9,False
cream_11,스테아릴알코올,10,False
cream_11,글리세릴스테아레이트,11,False
cream_11,피이지-40스테아레이트,12,False
cream_11,펜타에리스리틸테트라에틸헥사노에이트,13,False
cream_11,컴프리잎추출물,14,False
cream_11,귀리커넬추출물,15,False
cream_11,포트마리골드꽃추출물,16,False
cream_11,개박하추출물,17,False
cream_11,라즈베리잎추출물,18,False
cream_11,와일드인디고뿌리추출물,19,False
cream_11,별꽃추출물,20,False
cream_11,레이디스맨틀잎추출물,21,False
cream_11,삼색제비꽃추출물,22,False
cream_11,다마스크장미꽃추출물,23,False
cream_11,메도우스위트꽃추출물,24,False
cream_11,마시멜로뿌리추출물,25,False
cream_11,아이브라이트추출물,26,False
cream_11,서양측백나무잎추출물,27,False
cream_11,서양톱풀꽃추출물,28,False
cream_11,붉은토끼풀꽃추출물,29,False
cream_11,조름나물잎추출물,30,False
cream_11,흰버드나무껍질추출물,31,False
cream_11,탱자추출물,32,False
cream_11,띠뿌리추출물,33,False
cream_11,C14-22알코올,34,False
cream_11,스쿠알란,35,False
cream_11,시어버터,36,False
cream_11,아라키딜글루코사이드,37,False
cream_11,세라마이드엔피,38,False
cream_11,콜레스테롤,39,False
cream_11,카프릴릴글라이콜,40,False
cream_11,아세틸헥사펩타이드-8,41,False
cream_11,토코페롤,42,False
cream_11,판테놀,43,False
cream_11,하이드록시에틸피페라진에탄설포닉애씨드,44,False
cream_11,우레아,45,False
cream_11,스키조사카로미세스발효여과물,46,False
cream_11,겨우살이추출물,47,False
cream_11,글라이코실트레할로오스,48,False
cream_11,락토바실러스/콩발효추출물,49,False
cream_11,스테아릭애씨드,50,False
cream_11,트로메타민,51,False
cream_11,피이지-100스테아레이트,52,False
cream_11,세테아릴올리베이트,53,False
cream_11,팔미틱애씨드,54,False
cream_11,솔비탄올리베이트,55,False
cream_11,하이드로제네이티드레시틴,56,False
cream_11,아크릴레이트/C10-30알킬아크릴레이트크로스폴리머,57,False
cream_11,다이메티콘/비닐다이메티콘크로스폴리머,58,False
cream_11,카보머,59,False
cream_11,하이드로제네이티드스타치하이드롤리세이트,60,False
cream_11,잔탄검,61,False
cream_11,트라이소듐이디티에이,62,False
cream_11,세테아릴알코올,63,False
cream_11,부틸렌글라이콜,64,False
cream_11,다이메티콘,65,False
cream_11,솔비탄스테아레이트,66,False
cream_11,오렌지껍질오일,67,False
cream_11,라임전초오일,68,False
cream_11,로즈마리잎오일,69,False
cream_11,센티드제라늄꽃오일,70,False
cream_11,리모넨,71,False
cream_11,시트로넬올,72,False
cream_11,제라니올,73,False
cream_11,시트랄,74,False
cream_11,리날룰[아쿠아밤-본품/증정]정제수,75,False
cream_11,메틸트라이메티콘,78,False
cream_11,변성알코올,79,False
cream_11,사이클로펜타실록세인,81,False
cream_11,카프릴릭/카프릭트라이글리세라이드,83,False
cream_11,피이지/피피지/폴리부틸렌글라이콜-8/5/3글리세린,84,False
cream_11,쇠뜨기잎추출물,93,False
cream_11,쐐기풀잎추출물,94,False
cream_11,소듐하이알루로네이트,95,False
cream_11,나이아신아마이드,96,False
cream_11,폴리메틸실세스퀴옥세인,97,False
cream_11,피이지-150,99,False
cream_11,펜타에리스리틸테트라아이소스테아레이트,100,False
cream_11,페닐트라이메티콘,101,False
cream_11,하이드록시에틸아크릴레이트/소듐아크릴로일다이메틸타우레이트코폴리머,102,False
cream_11,피이지-40하이드로제네이티드캐스터오일,106,False
cream_11,다이메티콘올,107,False
cream_11,폴리솔베이트60,110,False
cream_11,말라카이트추출물,113,False
cream_11,솔비탄아이소스테아레이트,119,False
cream_11,리날룰,133,False
cream_12,정제수다이카프릴릴에터판테놀글리세린펜틸렌글라이콜폴리글리세릴-6다이스테아레이트프로판다이올세틸에스터호호바에스터베헤닐알코올그린와틀꽃왁스해바라기씨왁스병풀잎추출물야콘뿌리즙솔비탄올리에이트징크글루코네이트마데카소사이드세테아릴아이소노나노에이트망가니즈글루코네이트아이소헥사데칸알파-글루칸올리고사카라이드소듐하이알루로네이트소듐스테아로일글루타메이트아데노신만노오스카퍼글루코네이트하이드록시아세토페논하이드록시프로필스타치포스페이트카프릴로일살리실릭애씨드비트레오스실라발효물시트릭애씨드트라이소듐에틸렌다이아민다이석시네이트락토바실러스말토덱스트린폴리글리세린-3폴리글리세릴-3비즈왁스폴리솔베이트80아크릴아마이드/소듐아크릴로일다이메틸타우레이트코폴리머세틸알코올토코페롤[시카에센스]정제수비피다발효용해물판테놀다이메티콘베타인글리세린부틸렌글라이콜펜틸렌글라이콜아이소프로필미리스테이트피이지/피피지/폴리부틸렌글라이콜-8/5/3글리세린소듐하이드록사이드만노오스메틸다이하이드로자스모네이트아크릴레이트/C10-30알킬아크릴레이트크로스폴리머페녹시에탄올하이드로제네이티드레시틴알파-글루칸올리고사카라이드카프릴릴글라이콜폴리솔베이트20마데카소사이드스핑고모나스발효추출물시트릭애씨드야콘뿌리즙소듐메틸스테아로일타우레이트아세틸다이펩타이드-1세틸에스터소듐벤조에이트말토덱스트린징크글루코네이트망가니즈글루코네이트소듐하이알루로네이트엑토인단삼뿌리추출물살리실로일피토스핑고신락토바실러스트라이소듐에틸렌다이아민다이석시네이트비사보롤,1,False
cream_13,정제수,1,False
cream_13,글리세린,2,False
cream_13,부틸렌글라이콜,3,False
cream_13,다이카프릴릴에터,4,False
cream_13,나이아신아마이드,5,False
cream_13,"1,2-헥산다이올",6,False
cream_13,펜틸렌글라이콜,7,False
cream_13,소듐하이알루로네이트,8,False
cream_13,병풀잎추출물,9,False
cream_13,비피다발효여과물,10,False
cream_13,락토바실러스발효물,11,False
cream_13,병풀꽃/잎/줄기추출물,12,False
cream_13,병풀뿌리추출물,13,False
cream_13,병풀추출물,14,False
cream_13,스키조사카로미세스발효여과물,15,False
cream_13,하이드로제네이티드폴리데센,16,False
cream_13,다이카프릴릴카보네이트,17,False
cream_13,하이드록시에틸아크릴레이트/소듐아크릴로일다이메틸타우레이트코폴리머,18,False
cream_13,판테놀,19,False
cream_13,아크릴레이트/C10-30알킬아크릴레이트크로스폴리머,20,False
cream_13,실리카,21,False
cream_13,트로메타민,22,False
cream_13,솔비톨,23,False
cream_13,글리세릴아크릴레이트/아크릴릭애씨드코폴리머,24,False
cream_13,에틸헥실글리세린,25,False
cream_13,트라이소듐에틸렌다이아민다이석시네이트,26,False
cream_13,알란토인,27,False
cream_13,다이프로필렌글라이콜,28,False
cream_13,토코페롤,29,False
cream_13,마데카소사이드,30,False
cream_13,폴리글리세릴-10라우레이트,31,False
cream_13,포스파티딜콜린,32,False
cream_13,하이드로제네이티드레시틴,33,False
cream_13,칼슘판토테네이트,34,False
cream_13,스쿠알란,35,False
cream_13,에리스리톨,36,False
cream_13,에틸헥실팔미테이트,37,False
cream_13,아시아티코사이드,38,False
cream_13,마데카식애씨드,39,False
cream_13,아시아틱애씨드,40,False
cream_13,트라이하이드록시스테아린,41,False
cream_13,세라마이드엔피,42,False
cream_13,다발방패버섯추출물,43,False
cream_13,잔탄검[세럼]정제수,44,False
cream_13,글리세레스-26,51,False
cream_13,하이드록시에틸셀룰로오스,52,False
cream_13,소듐폴리아크릴로일다이메틸타우레이트,54,False
cream_13,카프릴릭/카프릭트라이글리세라이드,58,False
cream_13,바이오사카라이드검-1,59,False
cream_13,다이소듐이디티에이,60,False
cream_13,베타인살리실레이트,62,False
cream_13,석시닉애씨드,63,False
cream_13,옥틸도데칸올,66,False
cream_13,글라이코리피드,73,False
cream_13,베타-글루칸,75,False
cream_13,락토바실러스/콩발효추출물,77,False
cream_13,류코노스톡/무발효여과물,78,False
cream_13,효모발효추출물,79,False
cream_13,팔미토일트라이펩타이드-5,80,False
cream_13,하이드록시프로필트라이모늄하이알루로네이트,84,False
cream_13,징크피씨에이,86,False
cream_13,헥사펩타이드-9,87,False
cream_14,정제수,1,False
cream_14,글리세린,2,False
cream_14,하이드로제네이티드폴리데센,3,False
cream_14,네오펜틸글라이콜다이카프레이트,4,False
cream_14,메틸프로판다이올,5,False
cream_14,세틸피이지/피피지-10/1다이메티콘,6,False
cream_14,나이아신아마이드,7,False
cream_14,사이클로펜타실록세인,8,False
cream_14,"1,2-헥산다이올",9,False
cream_14,다이메티콘,10,False
cream_14,트라이하이드록시스테아린,11,False
cream_14,사이클로헥사실록세인,12,False
cream_14,시어버터,13,False
cream_14,솔비탄세스퀴올리에이트,14,False
cream_14,실리카,15,False
cream_14,소듐클로라이드,16,False
cream_14,마트리카리아꽃추출물,17,False
cream_14,허니서클꽃추출물,18,False
cream_14,병풀추출물,19,False
cream_14,호장근뿌리추출물,20,False
cream_14,황금추출물,21,False
cream_14,녹차추출물,22,False
cream_14,스페인감초뿌리추출물,23,False
cream_14,로즈마리잎추출물,24,False
cream_14,유럽밤나무씨추출물,25,False
cream_14,뽕나무잎추출물,26,False
cream_14,에스에이치-올리고펩타이드-1,27,False
cream_14,에스에이치-올리고펩타이드-2,28,False
cream_14,에스에이치-폴리펩타이드-1,29,False
cream_14,에스에이치-폴리펩타이드-3,30,False
cream_14,에스에이치-폴리펩타이드-9,31,False
cream_14,에스에이치-폴리펩타이드-16,32,False
cream_14,에스에이치-폴리펩타이드-62,33,False
cream_14,에스에이치-폴리펩타이드-11,34,False
cream_14,에스에이치-폴리펩타이드-22,35,False
cream_14,에스에이치-폴리펩타이드-60,36,False
cream_14,에틸헥실글리세린,37,False
cream_14,편백수,38,False
cream_14,티타늄디옥사이드,39,False
cream_14,트라이에톡시카프릴릴실레인,40,False
cream_14,알루미늄하이드록사이드,41,False
cream_14,부틸렌글라이콜,42,False
cream_14,카프릴릴글라이콜,43,False
cream_14,스타아니스추출물,44,False
cream_14,아데노신,45,False
cream_14,다이소듐이디티에이,46,False
cream_14,라벤더오일,47,False
cream_14,리날룰,48,False
cream_15,정제수,1,False
cream_15,올리브오일,2,False
cream_15,글리세린,3,False
cream_15,펜틸렌글라이콜,4,False
cream_15,오일팜오일,5,False
cream_15,식물성오일,6,False
cream_15,하이드로제네이티드레시틴,7,False
cream_15,스쿠알란,8,False
cream_15,베타인,9,False
cream_15,팔미타마이드엠이에이,10,False
cream_15,아세타마이드엠이에이,11,False
cream_15,사코신,12,False
cream_15,하이드록시에틸셀룰로오스,13,False
cream_15,카보머,14,False
cream_15,소듐카보머,15,False
cream_15,잔탄검,16,False
cream_15,토코페롤,17,False
cream_15,다이소듐포스페이트,18,False
cream_15,소듐포스페이트[피지오겔레드수딩AI릴리프마스크]정제수,19,False
cream_15,부틸렌글라이콜,20,False
cream_15,다이프로필렌글라이콜,22,False
cream_15,"1,2-헥산다이올",23,False
cream_15,메틸프로판다이올,25,False
cream_15,판테놀,26,False
cream_15,프로판다이올,27,False
cream_15,자작나무수액,28,False
cream_15,알란토인,32,False
cream_15,다이포타슘글리시리제이트,33,False
cream_15,소듐하이알루로네이트,35,False
cream_15,베타-글루칸,36,False
cream_15,시어버터,38,False
cream_15,메도우폼씨오일,39,False
cream_15,세라마이드엔피,40,False
cream_15,카프릴릭/카프릭트라이글리세라이드,41,False
cream_15,아라키딜글루코사이드,42,False
cream_15,세테아릴알코올,43,False
cream_15,아라키딜알코올,44,False
cream_15,베헤닐알코올,45,False
cream_15,스테아릭애씨드,46,False
cream_15,팔미틱애씨드,47,False
cream_15,폴리글리세릴-10스테아레이트,48,False
cream_15,폴리글리세릴-10올리에이트,49,False
cream_15,콜레스테롤,50,False
cream_15,암모늄아크릴로일다이메틸타우레이트/베헤네스-25메타크라일레이트크로스폴리머,51,False
cream_15,다이소듐이디티에이,54,False
cream_15,트로메타민,55,False
cream_16,정제수,1,False
cream_16,프로판다이올,2,False
cream_16,카프릴릭/카프릭트라이글리세라이드,3,False
cream_16,글리세린,4,False
cream_16,식물성스쿠알란,5,False
cream_16,세테아릴알코올,6,False
cream_16,폴리글리세릴-10다이스테아레이트,7,False
cream_16,글리세릴스테아레이트,8,False
cream_16,스테아릭애씨드,9,False
cream_16,다이메티콘,10,False
cream_16,"1,2-헥산다이올",11,False
cream_16,미리스토일/팔미토일옥소스테아라마이드/아라카마이드엠이에이,12,False
cream_16,피토스테롤,13,False
cream_16,토코페릴아세테이트,14,False
cream_16,카놀라오일,15,False
cream_16,올리브오일,16,False
cream_16,세틸팔미테이트,17,False
cream_16,솔비탄팔미테이트,18,False
cream_16,솔비탄올리베이트,19,False
cream_16,비사보롤,20,False
cream_16,메틸카프로오일타이로지네이트,21,False
cream_16,잔탄검,22,False
cream_16,소듐하이알루로네이트,23,False
cream_16,카보머,24,False
cream_16,알지닌,25,False
cream_16,카프릴릴글라이콜,26,False
cream_17,정제수,1,False
cream_17,글리세린,2,False
cream_17,미네랄오일,3,False
cream_17,카프릴릭/카프릭트라이글리세라이드,4,False
cream_17,프룩토올리고사카라이드,5,False
cream_17,폴리글리세릴-4다이아이소스테아레이트/폴리하이드록시스테아레이트/세바케이트,6,False
cream_17,프로판다이올,7,False
cream_17,자일리톨,8,False
cream_17,징크스테아레이트,9,False
cream_17,소듐시트레이트,10,False
cream_17,부틸렌글라이콜,11,False
cream_17,카프릴로일글라이신,12,False
cream_17,카퍼설페이트,13,False
cream_17,소듐하이드록사이드,14,False
cream_17,소듐하이알루로네이트,15,False
cream_17,징크설페이트,16,False
cream_17,포도덩굴추출물,17,False
cream_17,라우레스-3,18,False
cream_17,아시아티코사이드,19,False
cream_17,아시아틱애씨드,20,False
cream_17,마데카식애씨드,21,False
cream_17,라미나리아오크롤레우카추출물,22,False
cream_17,하이드록시에틸셀룰로오스,23,False
cream_17,아세틸다이펩타이드-1세틸에스터,24,False
cream_17,만니톨,25,False
cream_17,람노오스,26,False
cream_17,포타슘솔베이트,27,False
cream_18,정제수,1,False
cream_18,티트리잎수,2,False
cream_18,프로판다이올,3,False
cream_18,글리세린,4,False
cream_18,"1,2-헥산다이올",5,False
cream_18,하이드로제네이티드폴리데센,6,False
cream_18,비닐다이메티콘,7,False
cream_18,C14-22알코올,8,False
cream_18,카프릴릭/카프릭트라이글리세라이드,9,False
cream_18,나이아신아마이드,10,False
cream_18,판테놀,11,False
cream_18,다이카프릴릴카보네이트,12,False
cream_18,부틸렌글라이콜,13,False
cream_18,암모늄아크릴로일다이메틸타우레이트/브이피코폴리머,14,False
cream_18,카프릴릴메티콘,15,False
cream_18,폴리메틸실세스퀴옥세인,16,False
cream_18,C12-20알킬글루코사이드,17,False
cream_18,하이드록시아세토페논,18,False
cream_18,아크릴레이트/C10-30알킬아크릴레이트크로스폴리머,19,False
cream_18,폴리쿼터늄-51,20,False
cream_18,에틸헥실글리세린,21,False
cream_18,트로메타민,22,False
cream_18,소듐하이알루로네이트,23,False
cream_18,소듐스테아로일글루타메이트,24,False
cream_18,황련뿌리추출물,25,False
cream_18,병풀잎수,26,False
cream_18,베타-글루칸,27,False
cream_18,레스베라트롤,28,False
cream_18,하이드롤라이즈드하이알루로닉애씨드,29,False
cream_18,녹차수,30,False
cream_18,토코페롤,31,False
cream_18,마데카소사이드,32,False
cream_18,소듐디엔에이,33,False
cream_18,병풀추출물,34,False
cream_18,세라마이드엔피,35,False
cream_18,탄닉애씨드,36,False
cream_18,다이소듐이디티에이,37,False
cream_18,소듐파이테이트,38,False
cream_19,정제수,1,False
cream_19,글리세린,2,False
cream_19,카프릴릭/카프릭트라이글리세라이드,3,False
cream_19,나이아신아마이드,4,False
cream_19,프로판다이올,5,False
cream_19,"1,2-헥산다이올",6,False
cream_19,하이드록시에틸아크릴레이트/소듐아크릴로일다이메틸타우레이트코폴리머,7,False
cream_19,양파추출물,8,False
cream_19,부틸렌글라이콜,9,False
cream_19,세테아릴알코올,10,False
cream_19,비닐다이메티콘,11,False
cream_19,카보머,12,False
cream_19,세테아릴올리베이트,13,False
cream_19,솔비톨,14,False
cream_19,솔비탄올리베이트,15,False
cream_19,바이오사카라이드검-1,16,False
cream_19,소듐폴리아크릴로일다이메틸타우레이트,17,False
cream_19,알지닌,18,False
cream_19,소듐아스코빌포스페이트,19,False
cream_19,글루타티온,20,False
cream_19,쿼세틴,21,False
cream_19,페룰릭애씨드,22,False
cream_19,알란토인,23,False
cream_19,판테놀,24,False
cream_19,소듐하이알루로네이트,25,False
cream_19,하이드롤라이즈드하이알루로닉애씨드,26,False
cream_19,하이알루로닉애씨드,27,False
cream_19,하이드록시프로필트라이모늄하이알루로네이트,28,False
cream_19,소듐아세틸레이티드하이알루로네이트,29,False
cream_19,마데카소사이드,30,False
cream_19,스쿠알란,31,False
cream_19,약모밀추출물,32,False
cream_19,사이아노코발아민,33,False
cream_19,솔비탄아이소스테아레이트,34,False
cream_19,하이드로제네이티드폴리데센,35,False
cream_19,에틸헥실글리세린,36,False
cream_19,시트릭애씨드,37,False
cream_19,하이드록시에틸셀룰로오스,38,False
cream_19,덱스트린,39,False
cream_19,다이소듐이디티에이,40,False
cream_19,소듐시트레이트,41,False
cream_19,트라이데세스-10,42,False
cream_19,치자추출물,43,False
cream_19,아데노신,44,False
cream_19,하이드로제네이티드레시틴,45,False
cream_19,폴리글리세릴-10스테아레이트,46,False
cream_19,펜틸렌글라이콜,47,False
cream_19,데실글루코사이드,48,False
cream_19,알지닌/라이신폴리펩타이드,49,False
cream_19,카프릴릴글라이콜[어니언패드]정제수,50,False
cream_19,트레할로오스,56,False
cream_19,소듐헤파린,60,False
cream_19,인도멀구슬나무꽃추출물,64,False
cream_19,아이비고드열매추출물,65,False
cream_19,트라넥사믹애씨드,66,False
cream_19,글루코노락톤,68,False
cream_19,베타-글루칸,69,False
cream_19,폴리솔베이트60,74,False
cream_19,다이소듐포스페이트,75,False
cream_19,소듐포스페이트,76,False
cream_20,젤크림:정제수,1,False
cream_20,글리세린,2,False
cream_20,부틸렌글라이콜,3,False
cream_20,"1,2-헥산다이올",4,False
cream_20,블루아가베잎추출물,5,False
cream_20,알란토인,6,False
cream_20,소듐하이알루로네이트,7,False
cream_20,하이드록시프로필트라이모늄하이알루로네이트,8,False
cream_20,하이드롤라이즈드하이알루로닉애씨드,9,False
cream_20,소듐아세틸레이티드하이알루로네이트,10,False
cream_20,하이알루로닉애씨드,11,False
cream_20,하이드롤라이즈드소듐하이알루로네이트,12,False
cream_20,소듐하이알루로네이트크로스폴리머,13,False
cream_20,포타슘하이알루로네이트,14,False
cream_20,알지닌,15,False
cream_20,메틸트라이메티콘,16,False
cream_20,에틸헥실글리세린,17,False
cream_20,암모늄아크릴로일다이메틸타우레이트/브이피코폴리머,18,False
cream_20,하이드록시에틸아크릴레이트/소듐아크릴로일다이메틸타우레이트코폴리머,19,False
cream_20,아크릴레이트/C10-30알킬아크릴레이트크로스폴리머,20,False
cream_20,하이드로제네이티드폴리(C6-14올레핀),21,False
cream_20,메틸다이아이소프로필프로피온아마이드,22,False
cream_20,다이메티콘/비닐다이메티콘크로스폴리머,23,False
cream_20,솔비탄아이소스테아레이트,24,False
cream_20,다이소듐이디티에이카밍패드:정제수,25,False
cream_20,프로판다이올,26,False
cream_20,판테놀,28,False
cream_20,다이프로필렌글라이콜,29,False
cream_20,글리세릴글루코사이드,30,False
cream_20,소듐피씨에이베타인,31,False
cream_20,글루코노락톤,33,False
cream_20,사카라이드아이소머레이트,36,False
cream_20,보검선인장줄기추출물,37,False
cream_20,탱자추출물,45,False
cream_20,다이포타슘글리시리제이트,46,False
cream_20,효모발효물,47,False
cream_20,락토바실러스발효물,48,False
cream_20,카프릴릴글라이콜,50,False
cream_20,트로메타민,51,False
cream_20,소듐파이테이트,53,False
cream_20,하이드록시아세토페논,54,False
cream_20,글리세릴아크릴레이트/아크릴릭애씨드코폴리머,55,False
cream_20,피브이엠/엠에이코폴리머,56,False
mistOil_01,정제수,1,True
mistOil_01,다이프로필렌글라이콜,2,False
mistOil_01,프로판다이올,3,False
mistOil_01,나이아신아마이드,4,False
mistOil_01,"1,2-헥산다이올",5,True
mistOil_01,부틸렌글라이콜,6,True
mistOil_01,글리세레스-25피씨에이아이소스테아레이트,7,False
mistOil_01,하이드록시아세토페논,8,False
mistOil_01,아크릴릭애씨드/브이피크로스폴리머,9,False
mistOil_01,알지닌,10,False
mistOil_01,에리스리톨,11,False
mistOil_01,병풀추출물,12,False
mistOil_01,자일리톨,13,False
mistOil_01,잇꽃꽃추출물,14,False
mistOil_01,황련뿌리추출물,15,False
mistOil_01,에틸헥실글리세린,16,False
mistOil_01,덱스트린,17,False
mistOil_01,치자추출물,18,False
mistOil_01,메틸다이아이소프로필프로피온아마이드,19,False
mistOil_01,글리세린,20,False
mistOil_01,옥수수커넬추출물,21,False
mistOil_01,알로에베라잎추출물,22,False
mistOil_01,레몬그라스추출물,23,False
mistOil_01,유칼립투스잎추출물,24,False
mistOil_01,콘민트추출물,25,False
mistOil_01,폴록사머407,26,False
mistOil_01,판테놀,27,False
mistOil_01,카카오씨추출물,28,False
mistOil_01,프룩탄,29,False
mistOil_01,아시아티코사이드,30,False
mistOil_01,아시아틱애씨드,31,False
mistOil_01,마데카식애씨드,32,False
mistOil_01,소듐디엔에이,33,False
mistOil_01,글루코오스,34,False
mistOil_01,마누카잎추출물,35,False
mistOil_01,꿀추출물,36,False
mistOil_01,락토바실러스발효물,37,False
mistOil_01,소듐하이알루로네이트크로스폴리머,38,False
mistOil_01,폴리글루타믹애씨드,39,False
mistOil_01,트레할로오스,40,False
mistOil_01,징크피씨에이,41,False
mistOil_01,다이메틸실란올하이알루로네이트,42,False
mistOil_01,하이드롤라이즈드하이알루로닉애씨드,43,False
mistOil_01,하이드롤라이즈드소듐하이알루로네이트,44,False
mistOil_01,하이알루로닉애씨드,45,False
mistOil_01,마데카소사이드,46,False
mistOil_01,포타슘하이알루로네이트,47,False
mistOil_01,소듐하이알루로네이트,48,False
mistOil_01,하이드록시프로필트라이모늄하이알루로네이트,49,False
mistOil_01,소듐하이알루로네이트다이메틸실란올,50,False
mistOil_01,소듐아세틸레이티드하이알루로네이트[세럼(증정)]정제수,51,False
mistOil_01,카보머,55,False
mistOil_01,트로메타민,56,False
mistOil_01,폴리글리세릴-10라우레이트,57,False
mistOil_01,인도멀구슬나무잎추출물,59,False
mistOil_01,불가리스쑥오일,63,False
mistOil_01,인도멀구슬나무꽃추출물,64,False
mistOil_01,다이소듐이디티에이,66,False
mistOil_01,소듐폴리아크릴레이트,67,False
mistOil_01,펜틸렌글라이콜,68,False
mistOil_01,데실글루코사이드,73,False
mistOil_01,카프릴릴글라이콜,74,False
mistOil_01,메도우폼씨오일,76,False
mistOil_01,카프릴릭/카프릭트라이글리세라이드,77,False
mistOil_01,올리브오일,78,False
mistOil_01,하이드로제네이티드레시틴,79,False
mistOil_01,세라마이드엔피,80,False
mistOil_01,피토스핑고신,81,False
mistOil_01,멜라토닌,82,False
mistOil_02,쌀겨수,1,False
mistOil_02,정제수,2,True
mistOil_02,트라이에틸헥사노인,3,False
mistOil_02,"1,2-헥산다이올",4,True
mistOil_02,C15-19알케인,5,False
mistOil_02,나이아신아마이드,6,False
mistOil_02,카카오추출물,7,False
mistOil_02,백미꽃추출물,8,False
mistOil_02,접시꽃추출물,9,False
mistOil_02,트라이라우레스-4포스페이트,10,False
mistOil_02,하이드로제네이티드레시틴,11,False
mistOil_02,글리세린,12,False
mistOil_02,에틸헥실글리세린,13,False
mistOil_02,프로판다이올,14,False
mistOil_02,부틸렌글라이콜,15,True
mistOil_02,소듐파이테이트,16,False
mistOil_02,시트릭애씨드,17,False
mistOil_02,펜틸렌글라이콜,18,False
mistOil_02,소듐시트레이트,19,False
mistOil_02,자일로글루칸,20,False
mistOil_02,베타-글루칸,21,False
mistOil_02,덱스트린,22,False
mistOil_02,하이드록시신나믹애씨드,23,False
mistOil_02,토코페롤,24,False
mistOil_02,루틴,25,False
mistOil_02,소듐디엔에이,26,False
mistOil_02,향료,27,False
mistOil_03,아벤느온천수(아쿠아),1,False
mistOil_04,정제수,1,True
mistOil_04,트라이에틸헥사노인,2,False
mistOil_04,나이아신아마이드,3,False
mistOil_04,"1,2-헥산다이올",4,True
mistOil_04,트라이라우레스-4포스페이트,5,False
mistOil_04,에틸헥실글리세린,6,False
mistOil_04,부틸렌글라이콜,7,True
mistOil_04,하이드로제네이티드레시틴,8,False
mistOil_04,덱스트린,9,False
mistOil_04,카카오추출물,10,False
mistOil_04,향료,11,False
mistOil_04,아데노신,12,False
mistOil_04,라벤더꽃추출물,13,False
mistOil_04,보리지추출물,14,False
mistOil_04,수레국화꽃추출물,15,False
mistOil_04,클레리추출물,16,False
mistOil_04,히아신스전초추출물,17,False
mistOil_04,마트리카리아꽃추출물,18,False
mistOil_04,하이알루로닉애씨드,19,False
mistOil_04,토코페롤,20,False
mistOil_04,리날룰,21,False
mistOil_04,리모넨,22,False
mistOil_05,정제수,1,True
mistOil_05,부틸렌글라이콜,2,True
mistOil_05,글리세레스-26,3,False
mistOil_05,에톡시다이글라이콜,4,False
mistOil_05,나이아신아마이드,5,False
mistOil_05,폴리프로필실세스퀴옥세인,6,False
mistOil_05,해바라기씨오일,7,False
mistOil_05,흰서양송로수,8,False
mistOil_05,다이프로필렌글라이콜,9,False
mistOil_05,"1,2-헥산다이올",10,True
mistOil_05,솔비톨,11,False
mistOil_05,하이드록시에틸우레아,12,False
mistOil_05,아보카도오일,13,False
mistOil_05,바질꽃/잎/줄기추출물,14,False
mistOil_05,멕시칸치아씨추출물,15,False
mistOil_05,다이펩타이드-15,16,False
mistOil_05,흰서양송로추출물,17,False
mistOil_05,베타인,18,False
mistOil_05,귀리커넬추출물,19,False
mistOil_05,다이소듐이디티에이,20,False
mistOil_05,아데노신,21,False
mistOil_05,돌콩오일,22,False
mistOil_05,알지닌,23,False
mistOil_05,카보머,24,False
mistOil_05,다이포타슘글리시리제이트,25,False
mistOil_05,하이드롤라이즈드하이알루로닉애씨드,26,False
mistOil_05,아나토씨오일,27,False
mistOil_05,글리세린,28,False
mistOil_05,소듐팔미토일프롤린,29,False
mistOil_05,데이지꽃추출물,30,False
mistOil_05,프리지아추출물,31,False
mistOil_05,약모밀추출물,32,False
mistOil_05,에델바이스추출물,33,False
mistOil_05,마돈나백합꽃추출물,34,False
mistOil_05,뽕나무껍질추출물,35,False
mistOil_05,연꽃추출물,36,False
mistOil_05,인삼추출물,37,False
mistOil_05,스노우로투스추출물,38,False
mistOil_05,비피다발효용해물,39,False
mistOil_05,포타슘솔베이트,40,False
mistOil_05,알바수련꽃추출물,41,False
mistOil_05,하이드록시아세토페논,42,False
mistOil_05,카프릴릴글라이콜,43,False
mistOil_05,토코페릴아세테이트,44,False
mistOil_05,토코페롤,45,False
mistOil_05,향료,46,False
mistOil_05,리날룰,47,False
mistOil_05,헥실신남알,48,False
mistOil_05,리모넨,49,False
mistOil_05,시트로넬올,50,False
mistOil_06,정제수,1,True
mistOil_06,다이페닐다이메티콘,2,False
mistOil_06,다이프로필렌글라이콜,3,False
mistOil_06,펜틸렌글라이콜,4,False
mistOil_06,"1,2-헥산다이올",5,True
mistOil_06,스트렙토코쿠스테르모필루스발효물,6,False
mistOil_06,캐스터오일/아이피디아이코폴리머,7,False
mistOil_06,자일리틸글루코사이드,8,False
mistOil_06,자일리톨,9,False
mistOil_06,돌콩추출물,10,False
mistOil_06,인도멀구슬나무잎추출물,11,False
mistOil_06,소듐하이알루로네이트,12,False
mistOil_06,인도멀구슬나무꽃추출물,13,False
mistOil_06,돌콩오일,14,False
mistOil_06,사과즙,15,False
mistOil_06,아이비고드열매추출물,16,False
mistOil_06,백미꽃추출물,17,False
mistOil_06,가지열매추출물,18,False
mistOil_06,알로에베라꽃추출물,19,False
mistOil_06,호호바씨오일,20,False
mistOil_06,울금뿌리추출물,21,False
mistOil_06,홀리바질잎추출물,22,False
mistOil_06,참산호말추출물,23,False
mistOil_06,해바라기씨오일,24,False
mistOil_06,접시꽃추출물,25,False
mistOil_06,당근추출물,26,False
mistOil_06,하이드롤라이즈드하이알루로닉애씨드,27,False
mistOil_06,하이알루로닉애씨드,28,False
mistOil_06,유럽밤나무씨추출물,29,False
mistOil_06,사과씨오일,30,False
mistOil_06,흑효모발효물,31,False
mistOil_06,하이드롤라이즈드콜라겐,32,False
mistOil_06,비타민나무오일,33,False
mistOil_06,호박가루,34,False
mistOil_06,칸디다봄비콜라/글루코오스/메틸레이프씨데이트발효물,35,False
mistOil_06,드럼스틱씨오일,36,False
mistOil_06,글리세레스-26,37,False
mistOil_06,프로판다이올,38,False
mistOil_06,부틸렌글라이콜,39,True
mistOil_06,판테놀,40,False
mistOil_06,카프릴릭/카프릭트라이글리세라이드,41,False
mistOil_06,소듐디엔에이,42,False
mistOil_06,하이드록시에틸우레아,43,False
mistOil_06,하이드록시아세토페논,44,False
mistOil_06,알란토인,45,False
mistOil_06,다이펩타이드-15,46,False
mistOil_06,젤란검,47,False
mistOil_06,안하이드로자일리톨,48,False
mistOil_06,칼슘클로라이드,49,False
mistOil_06,카프릴릴글라이콜,50,False
mistOil_06,아데노신,51,False
mistOil_06,피피지-13-데실테트라데세스-24,52,False
mistOil_06,글리세린,53,False
mistOil_06,소듐시트레이트,54,False
mistOil_06,시트릭애씨드,55,False
mistOil_06,토코페롤,56,False
mistOil_06,옥탄다이올,57,False
mistOil_06,에틸헥실글리세린,58,False
mistOil_06,베타-카로틴,59,False
mistOil_06,다이포타슘포스페이트,60,False
mistOil_06,아세틸글루타민,61,False
mistOil_06,아가,62,False
mistOil_06,마그네슘설페이트,63,False
mistOil_06,다이페닐실록시페닐트라이메티콘,64,False
mistOil_06,페닐트라이메티콘,65,False
mistOil_06,프로필렌글라이콜다이벤조에이트,66,False
mistOil_06,하이드로제네이티드레시틴,67,False
mistOil_06,세라마이드엔피,68,False
mistOil_06,소듐클로라이드,69,False
mistOil_06,카퍼트라이펩타이드-1,70,False
mistOil_06,셀룰로오스검,71,False
mistOil_06,소듐바이카보네이트,72,False
mistOil_06,포타슘클로라이드,73,False
mistOil_06,소듐스테아로일글루타메이트,74,False
mistOil_06,잔탄검,75,False
mistOil_07,콜라겐수,1,False
mistOil_07,아이소프로필미리스테이트,2,False
mistOil_07,글리세린,3,False
mistOil_07,나이아신아마이드,4,False
mistOil_07,"1,2-헥산다이올",5,True
mistOil_07,정제수,6,True
mistOil_07,소듐클로라이드,7,False
mistOil_07,메도우폼씨오일,8,False
mistOil_07,부틸렌글라이콜,9,True
mistOil_07,하이드록시아세토페논,10,False
mistOil_07,프로판다이올,11,False
mistOil_07,젤란검,12,False
mistOil_07,소듐디엔에이,13,False
mistOil_07,해바라기씨오일,14,False
mistOil_07,에틸헥실글리세린,15,False
mistOil_07,아데노신,16,False
mistOil_07,트라이에틸시트레이트,17,False
mistOil_07,옥수수커넬추출물,18,False
mistOil_07,알칸나뿌리추출물,19,False
mistOil_07,다이소듐이디티에이,20,False
mistOil_07,토코페롤,21,False
mistOil_07,하이알루로닉애씨드,22,False
mistOil_07,하이드롤라이즈드하이알루로닉애씨드,23,False
mistOil_07,소듐하이알루로네이트,24,False
mistOil_07,콜라겐,25,False
mistOil_07,프룩탄,26,False
mistOil_07,만주자작나무껍질/잎추출물,27,False
mistOil_07,피마자씨오일,28,False
mistOil_07,글루코오스,29,False
mistOil_07,레몬그라스잎오일,30,False
mistOil_07,스타아니스열매/씨오일,31,False
mistOil_07,스쿠알란,32,False
mistOil_07,글루타티온,33,False
mistOil_07,하이드롤라이즈드엘라스틴,34,False
mistOil_07,연어알추출물,35,False
mistOil_07,말토덱스트린,36,False
mistOil_07,카프릴릭/카프릭트라이글리세라이드,37,False
mistOil_07,하이드로제네이티드레시틴,38,False
mistOil_07,세라마이드엔피,39,False
mistOil_07,소듐시트레이트,40,False
mistOil_07,카프릴릴글라이콜,41,False
mistOil_07,소듐포스페이트,42,False
mistOil_07,시트릭애씨드,43,False
mistOil_07,진주추출물,44,False
mistOil_07,사이아노코발아민,45,False
mistOil_07,에스에이치-올리고펩타이드-1,46,False
mistOil_08,정제수,1,True
mistOil_08,카프릴릭/카프릭트라이글리세라이드,2,False
mistOil_08,부틸렌글라이콜,3,True
mistOil_08,"1,2-헥산다이올",4,True
mistOil_08,에리스리톨,5,False
mistOil_08,자일리톨,6,False
mistOil_08,알란토인,7,False
mistOil_08,소듐클로라이드,8,False
mistOil_08,트레할로오스,9,False
mistOil_08,에틸헥실글리세린,10,False
mistOil_08,카프릴릴글라이콜,11,False
mistOil_08,토코페릴아세테이트,12,False
mistOil_08,소듐시트레이트,13,False
mistOil_08,구아이아줄렌,14,False
mistOil_08,시트릭애씨드,15,False
mistOil_08,엑토인,16,False
mistOil_08,마데카소사이드,17,False
mistOil_08,로즈힙열매오일,18,False
mistOil_08,비사보롤,19,False
mistOil_08,소듐하이알루로네이트크로스폴리머,20,False
mistOil_08,에스에이치-올리고펩타이드-1,21,False
mistOil_08,에스에이치-폴리펩타이드-1,22,False
mistOil_08,월귤추출물,23,False
mistOil_08,징크피씨에이,24,False
mistOil_09,정제수,1,True
mistOil_09,글리세린,2,False
mistOil_09,트라이에틸헥사노인,3,False
mistOil_09,하이드로제네이티드폴리(C6-14올레핀),4,False
mistOil_09,부틸렌글라이콜,5,True
mistOil_09,펜틸렌글라이콜,6,False
mistOil_09,메틸프로판다이올,7,False
mistOil_09,판테놀,8,False
mistOil_09,병풀추출물,9,False
mistOil_09,베타-시토스테롤,10,False
mistOil_09,병풀잎추출물,11,False
mistOil_09,아세틸헥사펩타이드-8,12,False
mistOil_09,아스코빅애씨드폴리펩타이드,13,False
mistOil_09,아세틸옥타펩타이드-3,14,False
mistOil_09,아세틸테트라펩타이드-2,15,False
mistOil_09,아세틸테트라펩타이드-3,16,False
mistOil_09,아세틸테트라펩타이드-5,17,False
mistOil_09,아세틸테트라펩타이드-9,18,False
mistOil_09,카르노신,19,False
mistOil_09,카퍼트라이펩타이드-1,20,False
mistOil_09,노나펩타이드-1,21,False
mistOil_09,팔미토일펜타펩타이드-4,22,False
mistOil_09,팔미토일트라이펩타이드-1,23,False
mistOil_09,팔미토일트라이펩타이드-5,24,False
mistOil_09,스트렙토코쿠스테르모필루스발효물,25,False
mistOil_09,아이리쉬모스추출물,26,False
mistOil_09,사탕수수추출물,27,False
mistOil_09,사과즙,28,False
mistOil_09,칸디다봄비콜라/글루코오스/메틸레이프씨데이트발효물,29,False
mistOil_09,해바라기씨오일,30,False
mistOil_09,"1,2-헥산다이올",31,True
mistOil_09,베타인,32,False
mistOil_09,트라이라우레스-4포스페이트,33,False
mistOil_09,에틸헥실글리세린,34,False
mistOil_09,폴리쿼터늄-51,35,False
mistOil_09,소듐파이테이트,36,False
mistOil_09,시트릭애씨드,37,False
mistOil_09,토코페롤,38,False
mistOil_09,레시틴,39,False
mistOil_09,에스신,40,False
mistOil_09,다이프로필렌글라이콜,41,False
mistOil_10,정제수,1,True
mistOil_10,글리세린,2,False
mistOil_10,부틸렌글라이콜,3,True
mistOil_10,카프릴릭/카프릭트라이글리세라이드,4,False
mistOil_10,하이드로제네이티드폴리(C6-14올레핀),5,False
mistOil_10,다이메티콘,6,False
mistOil_10,세틸에틸헥사노에이트,7,False
mistOil_10,하이드록시프로필비스라우라마이드엠이에이,8,False
mistOil_10,"1,2-헥산다이올",9,True
mistOil_10,소듐서팩틴,10,False
mistOil_10,콜레스테롤,11,False
mistOil_10,글리세릴카프릴레이트,12,False
mistOil_10,디소듐디티에이,13,False
mistOil_10,에틸헥실글리세린,14,False
mistOil_10,베헤닉애씨드,15,False
mistOil_10,토코페롤,16,False
mistOil_11,정제수,1,True
mistOil_11,메틸프로판다이올,2,False
mistOil_11,부틸렌글라이콜,3,True
mistOil_11,글리세린,4,False
mistOil_11,"1,2-헥산다이올",5,True
mistOil_11,나이아신아마이드,6,False
mistOil_11,에틸헥실글리세린,7,False
mistOil_11,쇠비름추출물,8,False
mistOil_11,소듐시트레이트,9,False
mistOil_11,하이드록시아세토페논,10,False
mistOil_11,폴리쿼터늄-51,11,False
mistOil_11,시트릭애씨드,12,False
mistOil_11,다이소듐이디티에이,13,False
mistOil_11,하이드로제네이티드레시틴,14,False
mistOil_11,판테놀,15,False
mistOil_11,병풀추출물,16,False
mistOil_11,무화과추출물,17,False
mistOil_11,세라마이드엔피,18,False
mistOil_11,락토코쿠스발효용해물,19,False
mistOil_11,프룩토올리고사카라이드,20,False
mistOil_11,향부자추출물,21,False
mistOil_11,사탕무뿌리추출물,22,False
mistOil_11,징크피씨에이,23,False
mistOil_11,베툴린,24,False
mistOil_11,포타슘락테이트,25,False
mistOil_11,락틱애씨드,26,False
mistOil_11,소듐클로라이드[세럼]정제수,27,False
mistOil_11,온천수,28,False
mistOil_11,다이글리세린,30,False
mistOil_11,이눌린,32,False
mistOil_11,소듐폴리아크릴로일다이메틸타우레이트,34,False
mistOil_11,잔탄검,35,False
mistOil_11,소듐하이알루로네이트,36,False
mistOil_11,프로판다이올,37,False
mistOil_11,병풀잎추출물,38,False
mistOil_11,징크글루코네이트,40,False
mistOil_11,글루타밀아미도에틸인돌,41,False
mistOil_12,쌀겨수,1,False
mistOil_12,글리세린,2,False
mistOil_12,트라이에틸헥사노인,3,False
mistOil_12,정제수,4,True
mistOil_12,하이드로제네이티드폴리(C6-14올레핀),5,False
mistOil_12,부틸렌글라이콜,6,True
mistOil_12,메틸프로판다이올,7,False
mistOil_12,펜틸렌글라이콜,8,False
mistOil_12,"1,2-헥산다이올",9,True
mistOil_12,판테놀,10,False
mistOil_12,스트렙토코쿠스테르모필루스발효물,11,False
mistOil_12,트라이라우레스-4포스페이트,12,False
mistOil_12,에틸헥실글리세린,13,False
mistOil_12,소듐파이테이트,14,False
mistOil_12,시트릭애씨드,15,False
mistOil_12,베타인,16,False
mistOil_12,폴리쿼터늄-51,17,False
mistOil_12,사과즙,18,False
mistOil_12,쌀추출물,19,False
mistOil_12,씨솔트,20,False
mistOil_12,백미꽃추출물,21,False
mistOil_12,토코페롤,22,False
mistOil_12,아스퍼질러스발효물,23,False
mistOil_12,접시꽃추출물,24,False
mistOil_12,하이드롤라이즈드하이알루로닉애씨드,25,False
mistOil_12,하이드록시프로필트라이모늄하이알루로네이트,26,False
mistOil_12,마데카소사이드,27,False
mistOil_12,알로에베라잎수,28,False
mistOil_12,귀리커넬추출물,29,False
mistOil_12,병풀잎추출물,30,False
mistOil_12,락토바실러스발효물,31,False
mistOil_12,약모밀추출물,32,False
mistOil_12,하이알루로닉애씨드,33,False
mistOil_12,실란트라이올,34,False
mistOil_12,비피다발효추출물,35,False
mistOil_12,하이드롤라이즈드쌀단백질,36,False
mistOil_12,쌀아미노산,37,False
mistOil_13,정제수,1,True
mistOil_13,부틸렌글라이콜,2,True
mistOil_13,글리세린,3,False
mistOil_13,메틸프로판다이올,4,False
mistOil_13,폴리글리세릴-10라우레이트,5,False
mistOil_13,스쿠알란,6,False
mistOil_13,버지니아풍년화잎추출물,7,False
mistOil_13,달맞이꽃꽃추출물,8,False
mistOil_13,녹차추출물,9,False
mistOil_13,글리세릴글루코사이드,10,False
mistOil_13,"1,2-헥산다이올",11,True
mistOil_13,아데노신,12,False
mistOil_13,에틸헥실글리세린,13,False
mistOil_13,하이드로제네이티드레시틴,14,False
mistOil_13,소듐시트레이트,15,False
mistOil_13,석시닉애씨드,16,False
mistOil_13,다이소듐이디티에이,17,False
mistOil_13,잔탄검,18,False
mistOil_13,하이드록시아세토페논,19,False
mistOil_14,정제수,1,True
mistOil_14,부틸렌글라이콜,2,True
mistOil_14,나이아신아마이드,3,False
mistOil_14,글리세레스-26,4,False
mistOil_14,에톡시다이글라이콜,5,False
mistOil_14,폴리프로필실세스퀴옥세인,6,False
mistOil_14,해바라기씨오일,7,False
mistOil_14,흰서양송로수,8,False
mistOil_14,흰서양송로추출물,9,False
mistOil_14,다이펩타이드-15,10,False
mistOil_14,다이프로필렌글라이콜,11,False
mistOil_14,하이드록시에틸우레아,12,False
mistOil_14,베타인,13,False
mistOil_14,"1,2-헥산다이올",14,True
mistOil_14,카프릴릴글라이콜,15,False
mistOil_14,그롬웰뿌리추출물,16,False
mistOil_14,마카다미아씨오일,17,False
mistOil_14,아보카도오일,18,False
mistOil_14,로즈힙열매오일,19,False
mistOil_14,카프릴릭/카프릭트라이글리세라이드,20,False
mistOil_14,다이소듐이디티에이,21,False
mistOil_14,아데노신,22,False
mistOil_14,사카라이드아이소머레이트,23,False
mistOil_14,센티드제라늄꽃오일,24,False
mistOil_14,하이드록시아세토페논,25,False
mistOil_14,알지닌,26,False
mistOil_14,카보머,27,False
mistOil_14,펜타에리스리틸테트라-다이-t-부틸하이드록시하이드로신나메이트,28,False
mistOil_14,자일리틸글루코사이드,29,False
mistOil_14,아이비고드열매추출물,30,False
mistOil_14,석류추출물,31,False
mistOil_14,다이포타슘글리시리제이트,32,False
mistOil_14,자일리톨,33,False
mistOil_14,글리세린,34,False
mistOil_14,토코페릴아세테이트,35,False
mistOil_14,장미꽃오일,36,False
mistOil_14,시트릭애씨드,37,False
mistOil_14,소듐시트레이트,38,False
mistOil_14,라벤더꽃추출물,39,False
mistOil_14,로즈마리잎추출물,40,False
mistOil_14,오레가노추출물,41,False
mistOil_14,타임꽃/잎/줄기추출물,42,False
mistOil_14,마트리카리아꽃추출물,43,False
mistOil_14,포트마리골드꽃추출물,44,False
mistOil_14,녹차추출물,45,False
mistOil_14,레몬그라스추출물,46,False
mistOil_14,유칼립투스잎추출물,47,False
mistOil_14,히비스커스꽃추출물,48,False
mistOil_14,커먼자스민추출물,49,False
mistOil_14,티트리추출물,50,False
mistOil_14,레몬밤추출물,51,False
mistOil_14,페퍼민트잎추출물,52,False
mistOil_14,콜스애플민트잎추출물,53,False
mistOil_14,올리브나무잎추출물,54,False
mistOil_14,세룰라타벚나무꽃추출물,55,False
mistOil_14,살비아추출물,56,False
mistOil_14,소듐하이알루로네이트,57,False
mistOil_14,하이드록시프로필트라이모늄하이알루로네이트,58,False
mistOil_14,개똥쑥추출물,59,False
mistOil_14,연꽃추출물,60,False
mistOil_14,쌀추출물,61,False
mistOil_14,호프발효물,62,False
mistOil_14,하이드롤라이즈드하이알루로닉애씨드,63,False
mistOil_14,소듐아세틸레이티드하이알루로네이트,64,False
mistOil_14,하이알루로닉애씨드,65,False
mistOil_14,하이드롤라이즈드소듐하이알루로네이트,66,False
mistOil_14,소듐하이알루로네이트크로스폴리머,67,False
mistOil_14,포타슘하이알루로네이트,68,False
mistOil_14,향료,69,False
mistOil_14,시트로넬올,70,False
mistOil_14,리날룰,71,False
mistOil_14,제라니올,72,False
mistOil_14,리모넨,73,False
mistOil_14,헥실신남알,74,False
mistOil_14,시트랄,75,False
mistOil_15,PDRN젤리미스트콜라겐수,1,False
mistOil_15,아이소프로필미리스테이트,2,False
mistOil_15,글리세린,3,False
mistOil_15,나이아신아마이드,4,False
mistOil_15,"1,2-헥산다이올",5,True
mistOil_15,정제수,6,True
mistOil_15,소듐클로라이드,7,False
mistOil_15,메도우폼씨오일,8,False
mistOil_15,부틸렌글라이콜,9,True
mistOil_15,하이드록시아세토페논,10,False
mistOil_15,프로판다이올,11,False
mistOil_15,젤란검,12,False
mistOil_15,소듐디엔에이,13,False
mistOil_15,해바라기씨오일,14,False
mistOil_15,에틸헥실글리세린,15,False
mistOil_15,아데노신,16,False
mistOil_15,트라이에틸헥사노인,17,False
mistOil_15,옥수수커넬추출물,18,False
mistOil_15,알간나뿌리추출물,19,False
mistOil_15,다이소듐이디티에이,20,False
mistOil_15,도쿄치류,21,False
mistOil_15,하이드로제네이티드레시틴,22,False
mistOil_15,하이드롤라이즈드하이알루로닉애씨드,23,False
mistOil_15,하이드롤라이즈드콜라겐,24,False
mistOil_15,글리세릴카프릴레이트,25,False
mistOil_15,콜라겐,26,False
mistOil_15,프로판,27,False
mistOil_15,다채추출가루/잎추출물,28,False
mistOil_15,미타자씨오일,29,False
mistOil_15,올록수스,30,False
mistOil_15,카멜그라스잎추출물,31,False
mistOil_15,스타아니스열매/씨오일,32,False
mistOil_15,스쿠알란,33,False
mistOil_15,글루코오스,34,False
mistOil_15,하이드롤라이즈드엘라스틴,35,False
mistOil_15,연잎추출물,36,False
mistOil_15,말토덱스트린,37,False
mistOil_15,카프릴릭/카프릭트라이글리세라이드,38,False
mistOil_15,로즈마리잎오일,39,False
mistOil_15,판테놀,40,False
mistOil_15,소듐파이테이트,41,False
mistOil_15,소듐시트레이트,42,False
mistOil_15,카프릴릴글라이콜,43,False
mistOil_15,소듐포스페이트,44,False
mistOil_15,시트릭애씨드,45,False
mistOil_15,진주추출물,46,False
mistOil_15,사이아노코발아민,47,False
mistOil_15,에스에이치-올리고펩타이드-1**PDRN수분크림정제수,48,False
mistOil_15,글리세레스-26,49,False
mistOil_15,사이클로펜타실록세인,52,False
mistOil_15,하이드로제네이티드폴리데센,55,False
mistOil_15,아이소노닐아이소노나노에이트,56,False
mistOil_15,세테아릴올리베이트,57,False
mistOil_15,에틸헥실올리베이트,58,False
mistOil_15,솔비탄올리베이트,60,False
mistOil_15,소듐아크릴레이트코폴리머,62,False
mistOil_15,소듐폴리아크릴로일다이메틸타우레이트,63,False
mistOil_15,하이드록시에틸아크릴레이트/소듐아크릴로일다이메틸타우레이트코폴리머,64,False
mistOil_15,폴리글리세릴-4올리에이트,65,False
mistOil_15,베타인,67,False
mistOil_15,향료,69,False
mistOil_15,솔비탄아이소스테아레이트,72,False
mistOil_15,글리세릴아크릴레이트/아크릴릭애씨드코폴리머,74,False
mistOil_15,세테아릴알코올,78,False
mistOil_15,스테아릭애씨드,79,False
mistOil_15,소듐하이알루로네이트,80,False
mistOil_15,하이드록시프로필트라이모늄하이알루로네이트,81,False
mistOil_15,세라마이드엔피,82,False
mistOil_15,꿀풀추출물,83,False
mistOil_15,블래더랙추출물,84,False
mistOil_15,노니열매추출물,85,False
mistOil_15,여주열매추출물,86,False
mistOil_15,오크라열매추출물,87,False
mistOil_15,세라마이드엔에스,88,False
mistOil_15,소듐아세틸레이티드하이알루로네이트,89,False
mistOil_15,병풀잎추출물,91,False
mistOil_15,콜레스테롤,92,False
mistOil_15,피토스핑고신,93,False
mistOil_15,세라마이드에이에스,94,False
mistOil_15,세라마이드에이피,95,False
mistOil_15,하이알루로닉애씨드,96,False
mistOil_15,카퍼트라이펩타이드-1,97,False
mistOil_15,소듐하이알루로네이트크로스폴리머,98,False
mistOil_15,아세틸헥사펩타이드-8,99,False
mistOil_15,팔미토일펜타펩타이드-4,100,False
mistOil_15,하이드롤라이즈드소듐하이알루로네이트,101,False
mistOil_15,팔미토일테트라펩타이드-7,102,False
mistOil_15,팔미토일트라이펩타이드-1,103,False
mistOil_15,포타슘하이알루로네이트,104,False
mistOil_15,세라마이드이오피**PDRN앰플정제수,105,False
mistOil_15,다이프로필렌글라이콜,107,False
mistOil_15,폴리글리세린-3,114,False
mistOil_15,소듐아크릴레이트/소듐아크릴로일다이메틸타우레이트코폴리머,115,False
mistOil_15,폴리아이소부텐,116,False
mistOil_15,아크릴레이트/C10-30알킬아크릴레이트크로스폴리머,117,False
mistOil_15,이리추출물,118,False
mistOil_15,트로메타민,119,False
mistOil_15,피브이엠/엠에이코폴리머,121,False
mistOil_15,인도멀구슬나무잎추출물,125,False
mistOil_15,카프릴릴/카프릴글루코사이드,127,False
mistOil_15,솔비탄올리에이트,128,False
mistOil_15,인도멀구슬나무꽃추출물,129,False
mistOil_15,울금뿌리추출물,132,False
mistOil_15,유비퀴논,135,False
mistOil_15,홀리바질잎추출물,136,False
mistOil_15,참산호말추출물,137,False
mistOil_15,연어알추출물,143,False
mistOil_15,아텔로콜라겐,144,False
mistOil_16,정제수,1,True
mistOil_16,프로판다이올,2,False
mistOil_16,글리세린,3,False
mistOil_16,"1,2-헥산다이올",4,True
mistOil_16,다이메티콘,5,False
mistOil_16,소듐시트레이트,6,False
mistOil_16,부틸렌글라이콜,7,True
mistOil_16,베타인,8,False
mistOil_16,하이드로제네이티드레시틴,9,False
mistOil_16,솔비톨,10,False
mistOil_16,피이지-60하이드로제네이티드캐스터오일,11,False
mistOil_16,솔비탄세스퀴올리에이트,12,False
mistOil_16,시트릭애씨드,13,False
mistOil_16,센티드제라늄꽃오일,14,False
mistOil_16,펜틸렌글라이콜,15,False
mistOil_16,다이소듐이디티에이,16,False
mistOil_16,프로폴리스추출물,17,False
mistOil_16,하이알루로닉애씨드,18,False
mistOil_16,판테놀,19,False
mistOil_16,하이드록시페닐프로파미도벤조익애씨드,20,False
mistOil_16,글루코노락톤,21,False
mistOil_16,락토바이오닉애씨드,22,False
mistOil_16,판토락톤,23,False
mistOil_16,아스코빌팔미테이트,24,False
mistOil_16,시트로넬올,25,False
mistOil_16,제라니올,26,False
mistOil_16,리날룰,27,False
mistOil_17,콜라겐수,1,False
mistOil_17,글리세린,2,False
mistOil_17,프로판다이올,3,False
mistOil_17,트라이프로필렌글라이콜,4,False
mistOil_17,"1,2-헥산다이올",5,True
mistOil_17,나이아신아마이드,6,False
mistOil_17,글리세레스-26,7,False
mistOil_17,정제수,8,True
mistOil_17,소듐클로라이드,9,False
mistOil_17,하이드록시아세토페논,10,False
mistOil_17,젤란검,11,False
mistOil_17,칼슘락테이트,12,False
mistOil_17,아데노신,13,False
mistOil_17,다이소듐이디티에이,14,False
mistOil_17,갈락토미세스발효여과물,15,False
mistOil_17,사이아노코발아민,16,False
mistOil_17,치자추출물,17,False
mistOil_17,하이드롤라이즈드스클레로튬검,18,False
mistOil_17,카라기난,19,False
mistOil_17,하이드롤라이즈드하이알루로닉애씨드,20,False
mistOil_17,부틸렌글라이콜,21,True
mistOil_17,잔탄검,22,False
mistOil_17,캐롭검,23,False
mistOil_17,덱스트린,24,False
mistOil_17,수크로오스,25,False
mistOil_17,아세틸헥사펩타이드-8,26,False
mistOil_17,콜라겐추출물,27,False
mistOil_17,카퍼트라이펩타이드-1,28,False
mistOil_17,트라이펩타이드-1,29,False
mistOil_17,팔미토일트라이펩타이드-5,30,False
mistOil_17,헥사펩타이드-9,31,False
mistOil_17,팔미토일펜타펩타이드-4,32,False
mistOil_17,올리고펩타이드-1,33,False
mistOil_17,팔미토일트라이펩타이드-38,34,False
mistOil_17,펜타펩타이드-4,35,False
mistOil_17,헥사펩타이드-12,36,False
mistOil_18,전성분명,1,False
mistOil_18,비타민나무수,2,False
mistOil_18,흰서양송로수,3,False
mistOil_18,콜라겐수,4,False
mistOil_18,다이프로필렌글라이콜,5,False
mistOil_18,해바라기씨오일,6,False
mistOil_18,"1,2-헥산다이올",7,True
mistOil_18,글리세레스-26,8,False
mistOil_18,정제수,9,True
mistOil_18,나이아신아마이드,10,False
mistOil_18,폴리프로필실세스퀴옥세인,11,False
mistOil_18,흰서양송로추출물,12,False
mistOil_18,카프릴릭/카프릭트라이글리세라이드,13,False
mistOil_18,하이드록시에틸우레아,14,False
mistOil_18,부틸렌글라이콜,15,True
mistOil_18,마카다미아씨오일,16,False
mistOil_18,올리브오일,17,False
mistOil_18,베타인,18,False
mistOil_18,토코페롤,19,False
mistOil_18,동백나무씨오일,20,False
mistOil_18,아보카도오일,21,False
mistOil_18,솔비톨,22,False
mistOil_18,다이포타슘글리시리제이트,23,False
mistOil_18,다이소듐이디티에이,24,False
mistOil_18,펜타에리스리틸테트라-다이-t-부틸하이드록시하이드로신나메이트,25,False
mistOil_18,아데노신,26,False
mistOil_18,바위돌꽃뿌리추출물,27,False
mistOil_18,돌콩오일,28,False
mistOil_18,비타민나무열매오일,29,False
mistOil_18,달맞이꽃오일,30,False
mistOil_18,인도멀구슬나무꽃추출물,31,False
mistOil_18,소듐팔미토일프롤린,32,False
mistOil_18,알지닌,33,False
mistOil_18,카보머,34,False
mistOil_18,홀리바질잎추출물,35,False
mistOil_18,인도멀구슬나무잎추출물,36,False
mistOil_18,덱스트린,37,False
mistOil_18,카카오추출물,38,False
mistOil_18,아나토씨오일,39,False
mistOil_18,하이드롤라이즈드하이알루로닉애씨드,40,False
mistOil_18,아스코빅애씨드,41,False
mistOil_18,울금뿌리추출물,42,False
mistOil_18,글루타티온,43,False
mistOil_18,글루코오스,44,False
mistOil_18,만노오스,45,False
mistOil_18,참산호말추출물,46,False
mistOil_18,알바수련꽃추출물,47,False
mistOil_18,소듐하이알루로네이트,48,False
mistOil_18,하이드롤라이즈드옥수수단백질,49,False
mistOil_18,하이드롤라이즈드귀리단백질,50,False
mistOil_18,하이드롤라이즈드완두콩단백질,51,False
mistOil_18,하이드롤라이즈드쌀겨단백질,52,False
mistOil_18,하이드롤라이즈드쌀단백질,53,False
mistOil_18,하이드롤라이즈드참깨단백질,54,False
mistOil_18,하이드롤라이즈드콩단백질,55,False
mistOil_18,하이드롤라이즈드밀단백질,56,False
mistOil_18,하이드록시프로필트라이모늄하이알루로네이트,57,False
mistOil_18,소듐아세틸레이티드하이알루로네이트,58,False
mistOil_18,하이알루로닉애씨드,59,False
mistOil_18,하이드롤라이즈드소듐하이알루로네이트,60,False
mistOil_18,소듐하이알루로네이트크로스폴리머,61,False
mistOil_18,포타슘하이알루로네이트,62,False
mistOil_18,향료,63,False
mistOil_18,리날룰,64,False
mistOil_18,헥실신남알,65,False
mistOil_18,리모넨,66,False
mistOil_18,시트로넬올,67,False
mistOil_19,정제수,1,True
mistOil_19,다이페닐다이메티콘,2,False
mistOil_19,다이프로필렌글라이콜,3,False
mistOil_19,펜틸렌글라이콜,4,False
mistOil_19,"1,2-헥산다이올",5,True
mistOil_19,스트렙토코쿠스테르모필루스발효물,6,False
mistOil_19,캐스터오일/아이피디아이코폴리머,7,False
mistOil_19,자일리틸글루코사이드,8,False
mistOil_19,자일리톨,9,False
mistOil_19,돌콩추출물,10,False
mistOil_19,인도멀구슬나무잎추출물,11,False
mistOil_19,인도멀구슬나무꽃추출물,12,False
mistOil_19,소듐하이알루로네이트,13,False
mistOil_19,사과즙,14,False
mistOil_19,아이비고드열매추출물,15,False
mistOil_19,백미꽃추출물,16,False
mistOil_19,가지열매추출물,17,False
mistOil_19,알로에베라꽃추출물,18,False
mistOil_19,울금뿌리추출물,19,False
mistOil_19,홀리바질잎추출물,20,False
mistOil_19,호호바씨오일,21,False
mistOil_19,호박가루,22,False
mistOil_19,참산호말추출물,23,False
mistOil_19,해바라기씨오일,24,False
mistOil_19,접시꽃추출물,25,False
mistOil_19,드럼스틱씨오일,26,False
mistOil_19,하이드롤라이즈드하이알루로닉애씨드,27,False
mistOil_19,하이알루로닉애씨드,28,False
mistOil_19,유럽밤나무씨추출물,29,False
mistOil_19,사과씨오일,30,False
mistOil_19,흑효모발효물,31,False
mistOil_19,하이드롤라이즈드콜라겐,32,False
mistOil_19,칸디다봄비콜라/글루코오스/메틸레이프씨데이트발효물,33,False
mistOil_19,글리세레스-26,34,False
mistOil_19,프로판다이올,35,False
mistOil_19,부틸렌글라이콜,36,True
mistOil_19,판테놀,37,False
mistOil_19,카프릴릭/카프릭트라이글리세라이드,38,False
mistOil_19,소듐디엔에이,39,False
mistOil_19,하이드록시에틸우레아,40,False
mistOil_19,하이드록시아세토페논,41,False
mistOil_19,알란토인,42,False
mistOil_19,다이펩타이드-15,43,False
mistOil_19,젤란검,44,False
mistOil_19,안하이드로자일리톨,45,False
mistOil_19,칼슘클로라이드,46,False
mistOil_19,카프릴릴글라이콜,47,False
mistOil_19,글리세린,48,False
mistOil_19,소듐시트레이트,49,False
mistOil_19,시트릭애씨드,50,False
mistOil_19,토코페롤,51,False
mistOil_19,옥탄다이올,52,False
mistOil_19,에틸헥실글리세린,53,False
mistOil_19,다이페닐실록시페닐트라이메티콘,54,False
mistOil_19,페닐트라이메티콘,55,False
mistOil_19,프로필렌글라이콜다이벤조에이트,56,False
mistOil_19,다이포타슘포스페이트,57,False
mistOil_19,아세틸글루타민,58,False
mistOil_19,마그네슘설페이트,59,False
mistOil_19,하이드로제네이티드레시틴,60,False
mistOil_19,세라마이드엔피,61,False
mistOil_19,소듐클로라이드,62,False
mistOil_19,카퍼트라이펩타이드-1,63,False
mistOil_19,셀룰로오스검,64,False
mistOil_19,소듐바이카보네이트,65,False
mistOil_19,포타슘클로라이드,66,False
mistOil_19,소듐스테아로일글루타메이트,67,False
mistOil_19,잔탄검,68,False
mistOil_20,정제수,1,True
mistOil_20,메도우폼씨오일,2,False
mistOil_20,"1,2-헥산다이올",3,True
mistOil_20,메틸프로판다이올,4,False
mistOil_20,트레할로오스,5,False
mistOil_20,글리세린,6,False
mistOil_20,부틸렌글라이콜,7,True
mistOil_20,티트리잎추출물,8,False
mistOil_20,세라마이드엔피,9,False
mistOil_20,병풀추출물,10,False
mistOil_20,마데카소사이드,11,False
mistOil_20,마데카식애씨드,12,False
mistOil_20,아시아티코사이드,13,False
mistOil_20,아시아틱애씨드,14,False
mistOil_20,아세틸헥사펩타이드-8,15,False
mistOil_20,카르노신,16,False
mistOil_20,카퍼트라이펩타이드-1,17,False
mistOil_20,글루타티온,18,False
mistOil_20,아세틸테트라펩타이드-3,19,False
mistOil_20,아세틸테트라펩타이드-5,20,False
mistOil_20,팔미토일테트라펩타이드-7,21,False
mistOil_20,팔미토일트라이펩타이드-1,22,False
mistOil_20,팔미토일트라이펩타이드-5,23,False
mistOil_20,팔미토일펜타펩타이드-4,24,False
mistOil_20,라임전초오일,25,False
mistOil_20,라벤더오일,26,False
mistOil_20,하이드로제네이티드레시틴,27,False
mistOil_20,폴리글리세릴-10올리에이트,28,False
mistOil_20,폴리글리세릴-3메틸글루코오스다이스테아레이트,29,False
mistOil_20,다이소듐이디티에이,30,False
mistOil_20,옥틸도데칸올,31,False
mistOil_20,카프릴릴글라이콜,32,False
mistOil_20,에틸헥실글리세린,33,False
mistOil_20,리모넨,34,False
mistOil_20,리날룰,35,False
sheetMask_01,정제수,1,False
sheetMask_01,프로판다이올,2,False
sheetMask_01,다이프로필렌글라이콜,3,False
sheetMask_01,나이아신아마이드,4,False
sheetMask_01,글리세린,5,True
sheetMask_01,"1,2-헥산다이올",6,True
sheetMask_01,트레할로오스,7,False
sheetMask_01,하이드록시아세토페논,8,False
sheetMask_01,알지닌,9,False
sheetMask_01,카보머,10,False
sheetMask_01,폴리글리세릴-10라우레이트,11,False
sheetMask_01,에틸헥실글리세린,12,False
sheetMask_01,폴리글리세릴-4라우레이트,13,False
sheetMask_01,잔탄검,14,True
sheetMask_01,다이소듐이디티에이,15,False
sheetMask_01,옥틸도데세스-16,16,False
sheetMask_01,연필향나무오일,17,False
sheetMask_01,마데카소사이드,18,False
sheetMask_01,서양배추출물,19,False
sheetMask_01,호호바씨오일,20,False
sheetMask_01,다마스크장미꽃수,21,False
sheetMask_01,광곽향오일,22,False
sheetMask_01,글리세릴아크릴레이트/아크릴릭애씨드코폴리머,23,False
sheetMask_01,오리스뿌리추출물,24,False
sheetMask_01,멜론추출물,25,False
sheetMask_01,불가리스쑥오일,26,False
sheetMask_01,서양송악잎/줄기추출물,27,False
sheetMask_01,로즈마리잎오일,28,False
sheetMask_01,부틸렌글라이콜,29,True
sheetMask_01,해수,30,False
sheetMask_01,소듐하이알루로네이트,31,True
sheetMask_01,병풀추출물,32,False
sheetMask_01,소듐하이알루로네이트크로스폴리머,33,False
sheetMask_01,하이드롤라이즈드글라이코사미노글리칸,34,False
sheetMask_01,하이드로제네이티드레시틴,35,False
sheetMask_01,향부자추출물,36,False
sheetMask_01,벤질글라이콜,37,False
sheetMask_01,하이드롤라이즈드하이알루로닉애씨드,38,False
sheetMask_01,하이알루로닉애씨드,39,False
sheetMask_01,판테놀,40,False
sheetMask_01,세라마이드엔피[티트리]정제수,41,False
sheetMask_01,티트리추출물,45,False
sheetMask_01,메틸프로판다이올,46,False
sheetMask_01,아미노부티릭애씨드,51,False
sheetMask_01,아데노신,55,False
sheetMask_01,트루로즈오브예리코추출물,59,False
sheetMask_01,티트리잎오일,60,False
sheetMask_01,폴리쿼터늄-51,61,False
sheetMask_01,베르가모트오일,63,False
sheetMask_01,티트리잎추출물,64,False
sheetMask_01,4-터피네올,65,False
sheetMask_01,글리세릴글루코사이드,66,False
sheetMask_01,티트리꽃/잎/줄기추출물,68,False
sheetMask_01,티트리잎수,69,False
sheetMask_01,화이트티트리잎추출물,70,False
sheetMask_01,서양민들레뿌리줄기/뿌리추출물,71,False
sheetMask_01,소엽잎추출물,72,False
sheetMask_01,소두구씨오일,74,False
sheetMask_01,세라마이드엔피[세라마이드]정제수,76,False
sheetMask_01,트라이에틸헥사노인,79,False
sheetMask_01,시어버터,81,False
sheetMask_01,글리세릴스테아레이트,82,False
sheetMask_01,폴리글리세릴-3메틸글루코오스다이스테아레이트,84,False
sheetMask_01,아크릴레이트/C10-30알킬아크릴레이트크로스폴리머,88,False
sheetMask_01,향료,92,False
sheetMask_01,팔미틱애씨드,93,False
sheetMask_01,스테아릭애씨드,95,False
sheetMask_01,세라마이드엔피,96,False
sheetMask_01,글라이신,106,False
sheetMask_01,글루타믹애씨드,107,False
sheetMask_01,아스파틱애씨드,108,False
sheetMask_01,소듐폴리아크릴레이트,109,False
sheetMask_01,소듐클로라이드,110,False
sheetMask_01,엑토인,112,False
sheetMask_01,히스티딘,113,False
sheetMask_01,세린,114,False
sheetMask_01,시트릭애씨드,115,False
sheetMask_01,알라닌,116,False
sheetMask_01,프롤린,117,False
sheetMask_01,트레오닌,118,False
sheetMask_01,마그네슘클로라이드,119,False
sheetMask_01,칼슘클로라이드,120,False
sheetMask_01,세라마이드에이피,121,False
sheetMask_01,세라마이드이오피,122,False
sheetMask_01,세라마이드엔에스[비타민씨]정제수,123,False
sheetMask_01,귤껍질추출물,129,False
sheetMask_01,비타민나무추출물,130,False
sheetMask_01,하이드록시에틸우레아,137,False
sheetMask_01,3-O-에틸아스코빅애씨드,143,False
sheetMask_01,센티드제라늄꽃오일,144,False
sheetMask_01,글루코오스,145,False
sheetMask_01,시트로넬올,146,False
sheetMask_01,바이오틴,148,False
sheetMask_01,카르니틴에이치씨엘,149,False
sheetMask_01,폴릭애씨드,150,False
sheetMask_01,헤스페리딘,151,False
sheetMask_01,메나다이온,152,False
sheetMask_01,피리독신에이치씨엘,153,False
sheetMask_01,리보플라빈,154,False
sheetMask_01,티아민에이치씨엘,155,False
sheetMask_01,토코페릴아세테이트,156,False
sheetMask_01,제라니올,157,False
sheetMask_01,황련뿌리추출물,158,False
sheetMask_01,아스코빅애씨드,160,False
sheetMask_01,밤부사불가리스잎추출물,161,False
sheetMask_01,아마씨추출물,162,False
sheetMask_01,세라마이드엔피[PDRN]정제수,166,False
sheetMask_01,글리세레스-26,170,False
sheetMask_01,다마스크장미추출물,172,False
sheetMask_01,카놀라오일,178,False
sheetMask_01,해바라기씨오일,181,False
sheetMask_01,메도우폼씨오일,182,False
sheetMask_01,폴리글리세릴-10스테아레이트,185,False
sheetMask_01,하이드록시에틸셀룰로오스,187,False
sheetMask_01,아르간커넬오일,188,False
sheetMask_01,치자나무꽃추출물,190,False
sheetMask_01,락토바실러스발효물,191,False
sheetMask_01,양까막까치밥나무잎추출물,192,False
sheetMask_01,첨차잎추출물,193,False
sheetMask_01,스쿠알란,197,False
sheetMask_01,검정콩추출물,198,False
sheetMask_01,무화과추출물,199,False
sheetMask_01,밤껍질추출물,200,False
sheetMask_01,버지니아풍년화잎수,201,False
sheetMask_01,퀴노아씨추출물,202,False
sheetMask_01,소듐디엔에이,208,False
sheetMask_01,글루코노락톤,209,False
sheetMask_01,세라마이드엔피[콜라겐]정제수,210,False
sheetMask_01,하이드롤라이즈드익스텐신,215,False
sheetMask_01,베타인,220,False
sheetMask_01,스위트아몬드오일,233,False
sheetMask_01,라벤더오일,237,False
sheetMask_01,흰목이버섯폴리사카라이드,239,False
sheetMask_01,마트리카리아꽃오일,240,False
sheetMask_01,오렌지껍질오일,241,False
sheetMask_01,멕시칸주니퍼오일,244,False
sheetMask_01,엘라스틴,245,False
sheetMask_01,카프릴릭/카프릭트라이글리세라이드,247,False
sheetMask_01,아세틸헥사펩타이드-8,248,False
sheetMask_01,카퍼트라이펩타이드-1,249,False
sheetMask_01,헥사펩타이드-9,250,False
sheetMask_01,노나펩타이드-1,251,False
sheetMask_01,팔미토일펜타펩타이드-4,252,False
sheetMask_01,팔미토일테트라펩타이드-7,253,False
sheetMask_01,트라이펩타이드-1,254,False
sheetMask_01,세라마이드엔피[히알루론산]정제수,255,False
sheetMask_01,다이메틸실란올하이알루로네이트,286,False
sheetMask_01,글루타티온,288,False
sheetMask_01,하이드롤라이즈드소듐하이알루로네이트,291,False
sheetMask_01,하이드록시프로필트라이모늄하이알루로네이트,292,False
sheetMask_01,포타슘하이알루로네이트,293,False
sheetMask_01,소듐아세틸레이티드하이알루로네이트,294,False
sheetMask_01,소듐하이알루로네이트다이메틸실란올,296,False
sheetMask_01,피토스테롤,297,False
sheetMask_02,정제수,1,False
sheetMask_02,프로판다이올,2,False
sheetMask_02,다이프로필렌글라이콜,3,False
sheetMask_02,나이아신아마이드,4,False
sheetMask_02,글리세린,5,True
sheetMask_02,"1,2-헥산다이올",6,True
sheetMask_02,트레할로오스,7,False
sheetMask_02,하이드록시아세토페논,8,False
sheetMask_02,알지닌,9,False
sheetMask_02,카보머,10,False
sheetMask_02,폴리글리세릴-10라우레이트,11,False
sheetMask_02,에틸헥실글리세린,12,False
sheetMask_02,폴리글리세릴-4라우레이트,13,False
sheetMask_02,잔탄검,14,True
sheetMask_02,다이소듐이디티에이,15,False
sheetMask_02,옥틸도데세스-16,16,False
sheetMask_02,연필향나무오일,17,False
sheetMask_02,마데카소사이드,18,False
sheetMask_02,서양배추출물,19,False
sheetMask_02,호호바씨오일,20,False
sheetMask_02,다마스크장미꽃수,21,False
sheetMask_02,광곽향오일,22,False
sheetMask_02,글리세릴아크릴레이트/아크릴릭애씨드코폴리머,23,False
sheetMask_02,오리스뿌리추출물,24,False
sheetMask_02,멜론추출물,25,False
sheetMask_02,불가리스쑥오일,26,False
sheetMask_02,서양송악잎/줄기추출물,27,False
sheetMask_02,로즈마리잎오일,28,False
sheetMask_02,부틸렌글라이콜,29,True
sheetMask_02,해수,30,False
sheetMask_02,소듐하이알루로네이트,31,True
sheetMask_02,병풀추출물,32,False
sheetMask_02,소듐하이알루로네이트크로스폴리머,33,False
sheetMask_02,하이드롤라이즈드글라이코사미노글리칸,34,False
sheetMask_02,하이드로제네이티드레시틴,35,False
sheetMask_02,향부자추출물,36,False
sheetMask_02,벤질글라이콜,37,False
sheetMask_02,하이드롤라이즈드하이알루로닉애씨드,38,False
sheetMask_02,하이알루로닉애씨드,39,False
sheetMask_02,판테놀,40,False
sheetMask_02,세라마이드엔피[PDRN]정제수,41,False
sheetMask_02,글리세레스-26,45,False
sheetMask_02,다마스크장미추출물,47,False
sheetMask_02,카놀라오일,53,False
sheetMask_02,아데노신,55,False
sheetMask_02,해바라기씨오일,56,False
sheetMask_02,메도우폼씨오일,57,False
sheetMask_02,폴리글리세릴-10스테아레이트,60,False
sheetMask_02,하이드록시에틸셀룰로오스,62,False
sheetMask_02,아르간커넬오일,63,False
sheetMask_02,치자나무꽃추출물,65,False
sheetMask_02,락토바실러스발효물,66,False
sheetMask_02,양까막까치밥나무잎추출물,67,False
sheetMask_02,첨차잎추출물,68,False
sheetMask_02,센티드제라늄꽃오일,71,False
sheetMask_02,스쿠알란,72,False
sheetMask_02,검정콩추출물,73,False
sheetMask_02,무화과추출물,74,False
sheetMask_02,밤껍질추출물,75,False
sheetMask_02,버지니아풍년화잎수,76,False
sheetMask_02,퀴노아씨추출물,77,False
sheetMask_02,밤부사불가리스잎추출물,80,False
sheetMask_02,아마씨추출물,81,False
sheetMask_02,소듐디엔에이,83,False
sheetMask_02,글루코노락톤,84,False
sheetMask_02,세라마이드엔피[콜라겐]정제수,85,False
sheetMask_02,메틸프로판다이올,87,False
sheetMask_02,하이드롤라이즈드익스텐신,90,False
sheetMask_02,베타인,95,False
sheetMask_02,아미노부티릭애씨드,106,False
sheetMask_02,스위트아몬드오일,108,False
sheetMask_02,글리세릴글루코사이드,109,False
sheetMask_02,소듐폴리아크릴레이트,110,False
sheetMask_02,라벤더오일,112,False
sheetMask_02,흰목이버섯폴리사카라이드,114,False
sheetMask_02,마트리카리아꽃오일,115,False
sheetMask_02,오렌지껍질오일,116,False
sheetMask_02,소엽잎추출물,117,False
sheetMask_02,서양민들레뿌리줄기/뿌리추출물,118,False
sheetMask_02,멕시칸주니퍼오일,119,False
sheetMask_02,엘라스틴,120,False
sheetMask_02,카프릴릭/카프릭트라이글리세라이드,122,False
sheetMask_02,아세틸헥사펩타이드-8,123,False
sheetMask_02,카퍼트라이펩타이드-1,124,False
sheetMask_02,헥사펩타이드-9,125,False
sheetMask_02,노나펩타이드-1,126,False
sheetMask_02,팔미토일펜타펩타이드-4,127,False
sheetMask_02,팔미토일테트라펩타이드-7,128,False
sheetMask_02,트라이펩타이드-1,129,False
sheetMask_02,세라마이드엔피[티트리]정제수,130,False
sheetMask_02,티트리추출물,134,False
sheetMask_02,트루로즈오브예리코추출물,148,False
sheetMask_02,티트리잎오일,149,False
sheetMask_02,폴리쿼터늄-51,150,False
sheetMask_02,베르가모트오일,152,False
sheetMask_02,티트리잎추출물,153,False
sheetMask_02,4-터피네올,154,False
sheetMask_02,티트리꽃/잎/줄기추출물,157,False
sheetMask_02,티트리잎수,158,False
sheetMask_02,화이트티트리잎추출물,159,False
sheetMask_02,소두구씨오일,163,False
sheetMask_02,세라마이드엔피[히알루론산]정제수,165,False
sheetMask_02,다이메틸실란올하이알루로네이트,196,False
sheetMask_02,글루타티온,198,False
sheetMask_02,하이드롤라이즈드소듐하이알루로네이트,201,False
sheetMask_02,하이드록시프로필트라이모늄하이알루로네이트,202,False
sheetMask_02,포타슘하이알루로네이트,203,False
sheetMask_02,소듐아세틸레이티드하이알루로네이트,204,False
sheetMask_02,소듐하이알루로네이트다이메틸실란올,206,False
sheetMask_02,피토스테롤,207,False
sheetMask_02,세라마이드엔피[세라마이드]정제수,208,False
sheetMask_02,트라이에틸헥사노인,211,False
sheetMask_02,시어버터,213,False
sheetMask_02,글리세릴스테아레이트,214,False
sheetMask_02,폴리글리세릴-3메틸글루코오스다이스테아레이트,216,False
sheetMask_02,아크릴레이트/C10-30알킬아크릴레이트크로스폴리머,220,False
sheetMask_02,향료,224,False
sheetMask_02,팔미틱애씨드,225,False
sheetMask_02,스테아릭애씨드,227,False
sheetMask_02,세라마이드엔피,228,False
sheetMask_02,글라이신,238,False
sheetMask_02,글루타믹애씨드,239,False
sheetMask_02,아스파틱애씨드,240,False
sheetMask_02,소듐클로라이드,242,False
sheetMask_02,엑토인,244,False
sheetMask_02,히스티딘,245,False
sheetMask_02,세린,246,False
sheetMask_02,시트릭애씨드,247,False
sheetMask_02,알라닌,248,False
sheetMask_02,프롤린,249,False
sheetMask_02,트레오닌,250,False
sheetMask_02,마그네슘클로라이드,251,False
sheetMask_02,칼슘클로라이드,252,False
sheetMask_02,세라마이드에이피,253,False
sheetMask_02,세라마이드이오피,254,False
sheetMask_02,세라마이드엔에스[비타민씨]정제수,255,False
sheetMask_02,귤껍질추출물,261,False
sheetMask_02,비타민나무추출물,262,False
sheetMask_02,하이드록시에틸우레아,269,False
sheetMask_02,3-O-에틸아스코빅애씨드,275,False
sheetMask_02,글루코오스,277,False
sheetMask_02,시트로넬올,278,False
sheetMask_02,바이오틴,280,False
sheetMask_02,카르니틴에이치씨엘,281,False
sheetMask_02,폴릭애씨드,282,False
sheetMask_02,헤스페리딘,283,False
sheetMask_02,메나다이온,284,False
sheetMask_02,피리독신에이치씨엘,285,False
sheetMask_02,리보플라빈,286,False
sheetMask_02,티아민에이치씨엘,287,False
sheetMask_02,토코페릴아세테이트,288,False
sheetMask_02,제라니올,289,False
sheetMask_02,황련뿌리추출물,290,False
sheetMask_02,아스코빅애씨드,292,False
sheetMask_03,정제수,1,False
sheetMask_03,비피다발효여과물,2,False
sheetMask_03,프로판다이올,3,False
sheetMask_03,메틸프로판다이올,4,False
sheetMask_03,다이프로필렌글라이콜,5,False
sheetMask_03,"1,2-헥산다이올",6,True
sheetMask_03,폴리글리세릴-6다이카프레이트,7,False
sheetMask_03,락토바실러스/티트리잎추출물발효여과물,8,False
sheetMask_03,화이트티트리잎추출물,9,False
sheetMask_03,사카라이드하이드롤리세이트,10,False
sheetMask_03,에틸헥실글리세린,11,False
sheetMask_03,카보머,12,False
sheetMask_03,트로메타민,13,False
sheetMask_03,부틸렌글라이콜,14,True
sheetMask_03,잔탄검,15,True
sheetMask_03,락토바실러스발효물,16,False
sheetMask_03,알란토인,17,False
sheetMask_03,소듐하이알루로네이트,18,True
sheetMask_03,다이소듐이디티에이,19,False
sheetMask_03,글리세린,20,True
sheetMask_03,베타-글루칸,21,False
sheetMask_03,월계수잎추출물,22,False
sheetMask_03,유칼립투스잎추출물,23,False
sheetMask_03,락토바실러스발효용해물,24,False
sheetMask_03,하이드로제네이티드레시틴,25,False
sheetMask_03,폴리글리세릴-10다이스테아레이트,26,False
sheetMask_03,폴리글리세릴-10다이올리에이트,27,False
sheetMask_03,당느릅나무뿌리추출물,28,False
sheetMask_03,칡뿌리추출물,29,False
sheetMask_03,대왕소나무잎추출물,30,False
sheetMask_03,달맞이꽃꽃추출물,31,False
sheetMask_03,자일리톨,32,False
sheetMask_03,라피노오스,33,False
sheetMask_03,프룩토올리고사카라이드,34,False
sheetMask_04,정제수,1,False
sheetMask_04,부틸렌글라이콜,2,True
sheetMask_04,글리세린,3,True
sheetMask_04,나이아신아마이드,4,False
sheetMask_04,아이소펜틸다이올,5,False
sheetMask_04,"1,2-헥산다이올",6,True
sheetMask_04,하이드록시아세토페논,7,False
sheetMask_04,카보머,8,False
sheetMask_04,알지닌,9,False
sheetMask_04,알란토인,10,False
sheetMask_04,판테놀,11,False
sheetMask_04,폴리글리세릴-10라우레이트,12,False
sheetMask_04,잔탄검,13,True
sheetMask_04,아데노신,14,False
sheetMask_04,에틸헥실글리세린,15,False
sheetMask_04,다이소듐이디티에이,16,False
sheetMask_04,글리세릴아크릴레이트/아크릴릭애씨드코폴리머,17,False
sheetMask_04,폴리글루타믹애씨드,18,False
sheetMask_04,올리브오일,19,False
sheetMask_04,베르가모트오일,20,False
sheetMask_04,라벤더오일,21,False
sheetMask_04,팔마로사오일,22,False
sheetMask_04,하이드롤라이즈드콜라겐,23,False
sheetMask_04,바질오일,24,False
sheetMask_04,소듐디엔에이,25,False
sheetMask_04,레몬껍질오일,26,False
sheetMask_04,로즈마리잎오일,27,False
sheetMask_04,하이드롤라이즈드엘라스틴,28,False
sheetMask_04,개잎갈나무목부오일,29,False
sheetMask_04,자몽껍질오일,30,False
sheetMask_04,티트리잎오일,31,False
sheetMask_04,센티드제라늄꽃오일,32,False
sheetMask_04,소듐하이알루로네이트,33,True
sheetMask_04,수용성프로테오글리칸,34,False
sheetMask_05,퍼스트쿨링마스크:정제수,1,False
sheetMask_05,글리세린,2,True
sheetMask_05,메틸프로판다이올,3,False
sheetMask_05,다이프로필렌글라이콜,4,False
sheetMask_05,"1,2-헥산다이올",5,True
sheetMask_05,베타인,6,False
sheetMask_05,하이드록시아세토페논,7,False
sheetMask_05,트레할로오스,8,False
sheetMask_05,판테놀,9,False
sheetMask_05,암모늄아크릴로일다이메틸타우레이트/브이피코폴리머,10,False
sheetMask_05,폴리글리세릴-10라우레이트,11,False
sheetMask_05,메틸다이아이소프로필프로피온아마이드,12,False
sheetMask_05,아크릴레이트/C10-30알킬아크릴레이트크로스폴리머,13,False
sheetMask_05,트로메타민,14,False
sheetMask_05,향료,15,False
sheetMask_05,다이소듐이디티에이,16,False
sheetMask_05,아데노신,17,False
sheetMask_05,하이드로제네이티드레시틴,18,False
sheetMask_05,물푸레나무추출물,19,False
sheetMask_05,바질꽃/잎/줄기추출물,20,False
sheetMask_05,세라마이드엔피,21,False
sheetMask_05,수크로오스스테아레이트,22,False
sheetMask_05,부틸렌글라이콜,23,True
sheetMask_05,콜레스테롤,24,False
sheetMask_05,팔미틱애씨드,25,False
sheetMask_05,콜레스테릴마카다미에이트,26,False
sheetMask_05,스테아릭애씨드,27,False
sheetMask_05,마트리카리아추출물,28,False
sheetMask_05,피버퓨추출물,29,False
sheetMask_05,사카라이드아이소머레이트,30,False
sheetMask_05,하이드롤라이즈드루핀단백질,31,False
sheetMask_05,프랑스해안송껍질추출물,32,False
sheetMask_05,구아이아줄렌/-시카쿨링마스크:정제수,33,False
sheetMask_05,병풀추출물,36,False
sheetMask_05,영지버섯줄기추출물,37,False
sheetMask_05,다발방패버섯추출물,38,False
sheetMask_05,병풀꽃/잎/줄기추출물,39,False
sheetMask_05,병풀뿌리추출물,40,False
sheetMask_05,병풀잎추출물,41,False
sheetMask_05,소듐하이알루로네이트,42,True
sheetMask_05,글리세릴글루코사이드,51,False
sheetMask_05,알란토인,53,False
sheetMask_05,글리세릴아크릴레이트/아크릴릭애씨드코폴리머,54,False
sheetMask_05,스키조사카로미세스발효여과물,55,False
sheetMask_05,효모발효물,57,False
sheetMask_05,아시아티코사이드,58,False
sheetMask_05,마데카소사이드,59,False
sheetMask_05,마데카식애씨드,60,False
sheetMask_05,아세틸헥사펩타이드-8,61,False
sheetMask_05,아스파틱애씨드,62,False
sheetMask_05,아시아틱애씨드,63,False
sheetMask_05,펜틸렌글라이콜,65,False
sheetMask_06,정제수,1,False
sheetMask_06,판테놀,2,False
sheetMask_06,메틸프로판다이올,3,False
sheetMask_06,나이아신아마이드,4,False
sheetMask_06,글리세린,5,True
sheetMask_06,아스코빌팔미테이트,6,False
sheetMask_06,사이아노코발아민,7,False
sheetMask_06,시트릭애씨드,8,False
sheetMask_06,소듐시트레이트,9,False
sheetMask_06,글리세릴아라키도네이트,10,False
sheetMask_06,글리세릴리놀리네이트,11,False
sheetMask_06,글리세릴리놀리에이트,12,False
sheetMask_06,말토덱스트린,13,False
sheetMask_06,티아민에이치씨엘,14,False
sheetMask_06,리보플라빈,15,False
sheetMask_06,나이아신,16,False
sheetMask_06,카르니틴에이치씨엘,17,False
sheetMask_06,판토테닉애씨드,18,False
sheetMask_06,바이오틴,19,False
sheetMask_06,폴릭애씨드,20,False
sheetMask_06,아스코빅애씨드,21,False
sheetMask_06,토코페롤,22,False
sheetMask_06,소듐하이알루로네이트,23,True
sheetMask_06,만다린추출물,24,False
sheetMask_06,다이소듐이디티에이,25,False
sheetMask_06,다이포타슘글리시리제이트,26,False
sheetMask_06,아데노신,27,False
sheetMask_06,잔탄검,28,True
sheetMask_06,부틸렌글라이콜,29,True
sheetMask_06,알란토인,30,False
sheetMask_06,트레할로오스,31,False
sheetMask_06,알지닌,32,False
sheetMask_06,아크릴레이트/C10-30알킬아크릴레이트크로스폴리머,33,False
sheetMask_06,하이드록시아세토페논,34,False
sheetMask_06,"1,2-헥산다이올[바노바기비타제닉젤리마스크하이드레이팅10매]정제수",35,False
sheetMask_06,"1,2-헥산다이올",40,True
sheetMask_06,해수,46,False
sheetMask_06,아스코빌팔미테이트[바노바기비타제닉젤리마스크리프팅10매]정제수,69,False
sheetMask_06,보검선인장줄기추출물,91,False
sheetMask_06,"1,2-헥산다이올[바노바기비타제닉젤리마스크시카10매]정제수",103,False
sheetMask_06,아시아티코사이드,125,False
sheetMask_06,아시아틱애씨드,126,False
sheetMask_06,마데카식애씨드,127,False
sheetMask_06,병풀추출물,128,False
sheetMask_06,마데카소사이드,129,False
sheetMask_06,콜레스테롤,130,False
sheetMask_06,수크로오스스테아레이트,131,False
sheetMask_06,화산재,133,False
sheetMask_06,카프릴릭/카프릭트라이글리세라이드,134,False
sheetMask_06,하이드로제네이티드포스파티딜콜린,135,False
sheetMask_06,"1,2-헥산다이올[바노바기비타제닉젤리마스크리프레싱10매]정제수",146,False
sheetMask_06,알로에베라잎추출물,169,False
sheetMask_06,"1,2-헥산다이올[바노바기비타제닉젤리마스크포어타이트닝10매]정제수",180,False
sheetMask_06,에틸헥실글리세린,202,False
sheetMask_06,대왕소나무잎추출물,203,False
sheetMask_06,당느릅나무뿌리추출물,204,False
sheetMask_06,달맞이꽃꽃추출물,205,False
sheetMask_06,칡뿌리추출물,206,False
sheetMask_06,칼라민,208,False
sheetMask_06,망고스틴껍질추출물,209,False
sheetMask_06,프로필렌글라이콜,210,False
sheetMask_06,온천수,216,False
sheetMask_06,"1,2-헥산다이올[바노바기비타제닉젤리마스크바이탈라이징10매]정제수",222,False
sheetMask_06,글루타티온,240,False
sheetMask_06,페녹시에탄올,246,False
sheetMask_06,하이드롤라이즈드콜라겐,247,False
sheetMask_06,세룰라타벚나무꽃추출물,249,False
sheetMask_07,정제수,1,False
sheetMask_07,나이아신아마이드,2,False
sheetMask_07,부틸렌글라이콜,3,True
sheetMask_07,메틸프로판다이올,4,False
sheetMask_07,코코-카프릴레이트/카프레이트,5,False
sheetMask_07,다이펜타에리스리틸펜타아이소노나노에이트,6,False
sheetMask_07,베타인,7,False
sheetMask_07,암모늄아크릴로일다이메틸타우레이트/브이피코폴리머,8,False
sheetMask_07,트라넥사믹애씨드,9,False
sheetMask_07,"1,2-헥산다이올",10,True
sheetMask_07,프로판다이올,11,False
sheetMask_07,하이드록시아세토페논,12,False
sheetMask_07,아이소스테아릴알코올,13,False
sheetMask_07,세테아릴올리베이트,14,False
sheetMask_07,부틸렌글라이콜코코에이트,15,False
sheetMask_07,솔비탄올리베이트,16,False
sheetMask_07,하이드로제네이티드올리브오일불검화물,17,False
sheetMask_07,세라마이드엔피,18,False
sheetMask_07,다이프로필렌글라이콜,19,False
sheetMask_07,글리세린,20,True
sheetMask_07,잔탄검,21,True
sheetMask_07,하이드록시에틸셀룰로오스,22,False
sheetMask_07,아데노신,23,False
sheetMask_07,비파나무잎추출물,24,False
sheetMask_07,다이소듐이디티에이,25,False
sheetMask_07,소듐하이알루로네이트,26,True
sheetMask_07,하이드로제네이티드레시틴,27,False
sheetMask_07,에틸셀룰로오스,28,False
sheetMask_07,글리세릴스테아레이트,29,False
sheetMask_07,스피어민트추출물,30,False
sheetMask_07,하이드롤라이즈드하이알루로닉애씨드,31,False
sheetMask_07,콜레스테롤,32,False
sheetMask_07,세라마이드에이피,33,False
sheetMask_07,세라마이드엔에스,34,False
sheetMask_07,세라마이드에이에스,35,False
sheetMask_07,베타-글루칸,36,False
sheetMask_07,세라마이드이오피,37,False
sheetMask_08,정제수,1,False
sheetMask_08,부틸렌글라이콜,2,True
sheetMask_08,글리세린,3,True
sheetMask_08,다이프로필렌글라이콜,4,False
sheetMask_08,소듐하이알루로네이트크로스폴리머,5,False
sheetMask_08,소듐하이알루로네이트,6,True
sheetMask_08,소듐아세틸레이티드하이알루로네이트,7,False
sheetMask_08,하이드롤라이즈드소듐하이알루로네이트,8,False
sheetMask_08,하이드롤라이즈드하이알루로닉애씨드,9,False
sheetMask_08,판테놀,10,False
sheetMask_08,트레할로오스,11,False
sheetMask_08,알란토인,12,False
sheetMask_08,엑토인,13,False
sheetMask_08,창과감초뿌리추출물,14,False
sheetMask_08,마트리카리아꽃추출물,15,False
sheetMask_08,포트마리골드꽃추출물,16,False
sheetMask_08,알지닌,17,False
sheetMask_08,"2,3-부탄다이올",18,False
sheetMask_08,글리세릴아크릴레이트/아크릴릭애씨드코폴리머,19,False
sheetMask_08,피브이엠/엠에이코폴리머,20,False
sheetMask_08,사카라이드아이소머레이트,21,False
sheetMask_08,카보머,22,False
sheetMask_08,잔탄검,23,True
sheetMask_08,트로메타민,24,False
sheetMask_08,펜틸렌글라이콜,25,False
sheetMask_08,"1,2-헥산다이올",26,True
sheetMask_08,하이드록시아세토페논,27,False
sheetMask_08,트라이소듐에틸렌다이아민다이석시네이트,28,False
sheetMask_08,쇠비름추출물,29,False
sheetMask_08,말라카이트추출물,30,False
sheetMask_08,에틸헥실글리세린,31,False
sheetMask_09,정제수,1,False
sheetMask_09,메틸프로판다이올,2,False
sheetMask_09,나이아신아마이드,3,False
sheetMask_09,글리세린,4,True
sheetMask_09,"1,2-헥산다이올",5,True
sheetMask_09,부틸렌글라이콜,6,True
sheetMask_09,베타인,7,False
sheetMask_09,판테놀,8,False
sheetMask_09,알란토인,9,False
sheetMask_09,도둑놈의지팡이뿌리추출물,10,False
sheetMask_09,카보머,11,False
sheetMask_09,트레할로오스,12,False
sheetMask_09,트로메타민,13,False
sheetMask_09,에틸헥실글리세린,14,False
sheetMask_09,잔탄검,15,True
sheetMask_09,다이포타슘글리시리제이트,16,False
sheetMask_09,소듐파이테이트,17,False
sheetMask_09,인도멀구슬나무잎추출물,18,False
sheetMask_09,인도멀구슬나무꽃추출물,19,False
sheetMask_09,병풀추출물,20,False
sheetMask_09,소듐하이알루로네이트,21,True
sheetMask_09,아이비고드열매추출물,22,False
sheetMask_09,가지열매추출물,23,False
sheetMask_09,하이드롤라이즈드하이알루로닉애씨드,24,False
sheetMask_09,프로판다이올,25,False
sheetMask_09,홀리바질잎추출물,26,False
sheetMask_09,감초뿌리추출물,27,False
sheetMask_09,판토테닉애씨드,28,False
sheetMask_09,울금뿌리추출물,29,False
sheetMask_09,참산호말추출물,30,False
sheetMask_09,약모밀추출물,31,False
sheetMask_09,글리세릴올리에이트,32,False
sheetMask_09,소듐아세틸레이티드하이알루로네이트,33,False
sheetMask_09,하이드로제네이티드레시틴,34,False
sheetMask_09,라우릴글루코사이드,35,False
sheetMask_09,미리스틸글루코사이드,36,False
sheetMask_09,폴리글리세릴-6라우레이트,37,False
sheetMask_09,베타-글루칸,38,False
sheetMask_09,토코페롤,39,False
sheetMask_09,데실글루코사이드,40,False
sheetMask_09,알파-알부틴,41,False
sheetMask_09,하이알루로닉애씨드,42,False
sheetMask_09,징크피씨에이,43,False
sheetMask_09,시트릭애씨드,44,False
sheetMask_09,호호바씨오일,45,False
sheetMask_09,녹차추출물,46,False
sheetMask_09,병풀잎추출물,47,False
sheetMask_09,오카무라큰실말추출물,48,False
sheetMask_09,흰버드나무껍질추출물,49,False
sheetMask_09,커피콩추출물,50,False
sheetMask_09,베타-시토스테롤,51,False
sheetMask_09,폴리글리세릴-10스테아레이트,52,False
sheetMask_09,아시아티코사이드,53,False
sheetMask_09,마데카소사이드,54,False
sheetMask_09,아시아틱애씨드,55,False
sheetMask_09,마데카식애씨드,56,False
sheetMask_09,베르가모트잎추출물,57,False
sheetMask_09,소나무잎추출물[2번]콜라겐수,58,False
sheetMask_09,다이프로필렌글라이콜,60,False
sheetMask_09,다이메티콘,64,False
sheetMask_09,피이지-240/에이치디아이코폴리머비스-데실테트라데세스-20에터,65,False
sheetMask_09,세테아릴올리베이트,66,False
sheetMask_09,암모늄아크릴로일다이메틸타우레이트/브이피코폴리머,67,False
sheetMask_09,하이드록시에틸셀룰로오스,68,False
sheetMask_09,솔비탄올리베이트,69,False
sheetMask_09,아데노신,71,False
sheetMask_09,콜라겐,72,False
sheetMask_09,소듐디엔에이,77,False
sheetMask_09,포타슘라우레이트,78,False
sheetMask_09,비에이치티,80,False
sheetMask_09,알로에베라꽃추출물,81,False
sheetMask_09,폴리글리세릴-10올리에이트,85,False
sheetMask_09,하이드로제네이티드폴리아이소부텐,86,False
sheetMask_09,옥틸도데칸올,87,False
sheetMask_09,폴리글리세릴-10라우레이트,89,False
sheetMask_09,다마스크장미추출물,90,False
sheetMask_09,폴리락틱애씨드,91,False
sheetMask_09,트라이펩타이드-1,93,False
sheetMask_09,실리카,94,False
sheetMask_09,카퍼트라이펩타이드-1,95,False
sheetMask_09,팔미토일트라이펩타이드-1,96,False
sheetMask_09,헥사펩타이드-9,97,False
sheetMask_09,헥사펩타이드-11,98,False
sheetMask_09,아세틸테트라펩타이드-5,99,False
sheetMask_09,아세틸테트라펩타이드-2,100,False
sheetMask_09,팔미토일펜타펩타이드-4,101,False
sheetMask_09,지모뿌리추출물,102,False
sheetMask_09,팔미토일트라이펩타이드-5,103,False
sheetMask_09,다이소듐이디티에이[3번]정제수,105,False
sheetMask_09,비피다발효용해물,106,False
sheetMask_09,갈락토미세스발효여과물,107,False
sheetMask_09,메틸글루세스-20,108,False
sheetMask_09,글리세레스-26,109,False
sheetMask_09,피이지-90,112,False
sheetMask_09,페퍼민트잎추출물,114,False
sheetMask_09,버지니아풍년화추출물,115,False
sheetMask_09,마트리카리아꽃추출물,117,False
sheetMask_09,레몬그라스잎오일,118,False
sheetMask_09,솔잣나무가지/잎오일,119,False
sheetMask_09,오렌지껍질오일,120,False
sheetMask_09,라벤더오일,121,False
sheetMask_09,로즈마리잎오일,122,False
sheetMask_09,아틀라스시다나무껍질오일,123,False
sheetMask_09,알테로모나스발효추출물,124,False
sheetMask_09,염소유추출물,125,False
sheetMask_09,실크추출물,126,False
sheetMask_09,스쿠알란,127,False
sheetMask_09,폴리글리세릴-3메틸글루코오스다이스테아레이트,131,False
sheetMask_09,폴리글리세릴-3다이스테아레이트,132,False
sheetMask_09,글리세릴스테아레이트시트레이트,133,False
sheetMask_09,글리세릴스테아레이트에스이,134,False
sheetMask_09,카프릴릴글라이콜,135,False
sheetMask_09,옥틸도데세스-16,136,False
sheetMask_09,에탄올,140,False
sheetMask_09,다이소듐이디티에이,143,False
sheetMask_09,리모넨,144,False
sheetMask_09,리날룰,145,False
sheetMask_09,시트랄[4번]정제수,146,False
sheetMask_09,티트리잎추출물,149,False
sheetMask_09,다시마추출물,150,False
sheetMask_09,한련초잎추출물,151,False
sheetMask_09,베르가못잎추출물,152,False
sheetMask_09,아이슬란드이끼추출물,153,False
sheetMask_09,호장근뿌리추출물,155,False
sheetMask_09,황금추출물,156,False
sheetMask_09,당느릅나무뿌리추출물,158,False
sheetMask_09,스페인감초뿌리추출물,159,False
sheetMask_09,알로에베라잎추출물,160,False
sheetMask_09,제비꽃꽃추출물,161,False
sheetMask_09,참마뿌리추출물,162,False
sheetMask_09,로즈마리잎추출물,163,False
sheetMask_09,티트리잎오일,165,False
sheetMask_09,메틸다이아이소프로필프로피온아마이드,175,False
sheetMask_09,프룩토올리고사카라이드,177,False
sheetMask_09,하이드록시아세토페논[5번]정제수,181,False
sheetMask_09,피이지/피피지-17/6코폴리머,184,False
sheetMask_09,황련뿌리추출물,185,False
sheetMask_09,하이드록시아세토페논,187,False
sheetMask_09,하이드록시에틸우레아,188,False
sheetMask_09,아이소펜틸다이올,189,False
sheetMask_09,알지닌,192,False
sheetMask_09,소듐아스코빌포스페이트,194,False
sheetMask_09,글루타티온,195,False
sheetMask_09,피이지-60하이드로제네이티드캐스터오일,197,False
sheetMask_09,소듐폴리아크릴레이트,201,False
sheetMask_09,폴리글루타믹애씨드,207,False
sheetMask_09,프로테아제,208,False
sheetMask_09,세라마이드엔피,209,False
sheetMask_09,아스코빅애씨드,210,False
sheetMask_09,알부틴,211,False
sheetMask_09,비사보롤,212,False
sheetMask_10,정제수,1,False
sheetMask_10,다이프로필렌글라이콜,2,False
sheetMask_10,글리세린,3,True
sheetMask_10,글리세레스-26,4,False
sheetMask_10,하이드록시아세토페논,5,False
sheetMask_10,폴리글리세릴-10라우레이트,6,False
sheetMask_10,카프릴릴글라이콜,7,False
sheetMask_10,알지닌,8,False
sheetMask_10,카보머,9,False
sheetMask_10,잔탄검,10,True
sheetMask_10,"1,2-헥산다이올",11,True
sheetMask_10,에틸헥실글리세린,12,False
sheetMask_10,소듐하이알루로네이트,13,True
sheetMask_10,알란토인,14,False
sheetMask_10,판테놀,15,False
sheetMask_10,약모밀추출물,16,False
sheetMask_10,부틸렌글라이콜,17,True
sheetMask_10,다이포타슘글리시리제이트,18,False
sheetMask_10,로즈마리잎추출물,19,False
sheetMask_10,하이드로제네이티드레시틴,20,False
sheetMask_10,나이아신아마이드,21,False
sheetMask_10,판토락톤,22,False
sheetMask_10,티트리추출물,23,False
sheetMask_10,아시아티코사이드,24,False
sheetMask_10,아시아틱애씨드,25,False
sheetMask_10,마데카식애씨드,26,False
sheetMask_10,쿼세틴,27,False
sheetMask_10,바이오플라보노이드,28,False
sheetMask_10,탄닉애씨드,29,False
sheetMask_10,다이소듐이디티에이[마데카소사이드스티커]정제수,30,False
sheetMask_10,셀룰로오스검,40,False
sheetMask_10,폴리쿼터늄-51,43,False
sheetMask_10,베타인,44,False
sheetMask_10,마데카소사이드,47,False
sheetMask_10,병풀추출물,49,False
sheetMask_10,옥틸도데칸올,52,False
sheetMask_10,엑토인,55,False
sheetMask_10,세라마이드엔피,56,False
sheetMask_10,다이소듐이디티에이[밀크스티커]정제수,60,False
sheetMask_10,아이소펜틸다이올,64,False
sheetMask_10,세테아릴에틸헥사노에이트,65,False
sheetMask_10,폴리글리세릴-3메틸글루코오스다이스테아레이트,67,False
sheetMask_10,글리세릴스테아레이트에스이,70,False
sheetMask_10,네오펜틸글라이콜다이헵타노에이트,71,False
sheetMask_10,글리세릴카프릴레이트,73,False
sheetMask_10,락토바실러스/소이밀크발효여과물,74,False
sheetMask_10,트로메타민,75,False
sheetMask_10,메틸글루코오스세스퀴스테아레이트,78,False
sheetMask_10,아데노신,79,False
sheetMask_10,모란뿌리추출물,80,False
sheetMask_10,마트리카리아꽃추출물,82,False
sheetMask_10,콜라겐추출물,90,False
sheetMask_10,트라이펩타이드-1,91,False
sheetMask_10,카퍼트라이펩타이드-1,92,False
sheetMask_10,아세틸테트라펩타이드-5,93,False
sheetMask_10,아세틸테트라펩타이드-2,94,False
sheetMask_10,팔미토일펜타펩타이드-4,95,False
sheetMask_10,팔미토일트라이펩타이드-1,96,False
sheetMask_10,헥사펩타이드-9,97,False
sheetMask_10,헥사펩타이드-11,98,False
sheetMask_10,팔미토일트라이펩타이드-5,99,False
sheetMask_10,다이소듐이디티에이[비타스티커]정제수,100,False
sheetMask_10,아스코빅애씨드,116,False
sheetMask_10,자몽추출물,117,False
sheetMask_10,토코페릴아세테이트,120,False
sheetMask_10,사이아노코발아민,124,False
sheetMask_10,글루타티온,126,False
sheetMask_10,다이소듐이디티에이[수분초히알루론스티커]정제수,129,False
sheetMask_10,메틸프로판다이올,132,False
sheetMask_10,프로판다이올,134,False
sheetMask_10,글리세릴글루코사이드,135,False
sheetMask_10,자일리틸글루코사이드,144,False
sheetMask_10,안하이드로자일리톨,145,False
sheetMask_10,자일리톨,146,False
sheetMask_10,글루코오스,148,False
sheetMask_10,돌나물추출물,149,False
sheetMask_10,하이알루로닉애씨드,151,False
sheetMask_10,메틸다이아이소프로필프로피온아마이드,153,False
sheetMask_10,멘틸락테이트,154,False
sheetMask_10,소듐구아이아줄렌설포네이트,159,False
sheetMask_10,벤질글라이콜,160,False
sheetMask_10,하이드롤라이즈드글라이코사미노글리칸,161,False
sheetMask_10,소듐하이알루로네이트크로스폴리머,162,False
sheetMask_10,하이드롤라이즈드하이알루로닉애씨드,163,False
sheetMask_10,하이드록시프로필트라이모늄하이알루로네이트,167,False
sheetMask_10,소듐아세틸레이티드하이알루로네이트,168,False
sheetMask_10,다이소듐이디티에이,169,False
sheetMask_11,정제수,1,False
sheetMask_11,메틸프로판다이올,2,False
sheetMask_11,"1,2-헥산다이올",3,True
sheetMask_11,글리세린,4,True
sheetMask_11,부틸렌글라이콜,5,True
sheetMask_11,약모밀추출물,6,False
sheetMask_11,쇠비름추출물,7,False
sheetMask_11,접시꽃추출물,8,False
sheetMask_11,병풀추출물,9,False
sheetMask_11,호장근뿌리추출물,10,False
sheetMask_11,황금추출물,11,False
sheetMask_11,녹차추출물,12,False
sheetMask_11,스페인감초뿌리추출물,13,False
sheetMask_11,마트리카리아꽃추출물,14,False
sheetMask_11,로즈마리잎추출물,15,False
sheetMask_11,하이드록시에틸우레아,16,False
sheetMask_11,알란토인,17,False
sheetMask_11,트로메타민,18,False
sheetMask_11,에틸헥실글리세린,19,False
sheetMask_11,폴리글리세릴-10라우레이트,20,False
sheetMask_11,폴리글리세릴-10미리스테이트,21,False
sheetMask_11,마데카소사이드,22,False
sheetMask_11,아시아티코사이드,23,False
sheetMask_11,아시아틱애씨드,24,False
sheetMask_11,마데카식애씨드,25,False
sheetMask_11,카보머,26,False
sheetMask_11,카페인,27,False
sheetMask_11,잔탄검,28,True
sheetMask_11,다이소듐이디티에이[부활초핏]정제수,29,False
sheetMask_11,다이프로필렌글라이콜,31,False
sheetMask_11,프로판다이올,32,False
sheetMask_11,펜틸렌글라이콜,33,False
sheetMask_11,클로렐라불가리스추출물,35,False
sheetMask_11,트루로즈오브예리코추출물,37,False
sheetMask_11,락토바실러스발효물,38,False
sheetMask_11,백미꽃추출물,39,False
sheetMask_11,소듐하이알루로네이트,41,True
sheetMask_11,하이드롤라이즈드하이알루로닉애씨드,42,False
sheetMask_11,하이알루로닉애씨드,43,False
sheetMask_11,녹차씨오일,44,False
sheetMask_11,귀리커넬추출물,45,False
sheetMask_11,효모발효추출물,46,False
sheetMask_11,코코넛야자오일,47,False
sheetMask_11,유차나무씨오일,48,False
sheetMask_11,칸디다봄비콜라/글루코오스/메틸레이프씨데이트발효물,49,False
sheetMask_11,글루코오스,51,False
sheetMask_11,프룩토올리고사카라이드,52,False
sheetMask_11,프룩토오스,53,False
sheetMask_11,판테놀,54,False
sheetMask_11,다이페닐다이메티콘,55,False
sheetMask_11,트라이에틸헥사노인,57,False
sheetMask_11,카프릴릴글라이콜,58,False
sheetMask_11,아데노신,61,False
sheetMask_11,암모늄아크릴로일다이메틸타우레이트/브이피코폴리머,63,False
sheetMask_11,다이포타슘글리시리제이트,64,False
sheetMask_11,하이드로제네이티드레시틴,65,False
sheetMask_11,소듐파이테이트,66,False
sheetMask_11,토코페롤,67,False
sheetMask_11,하이드록시프로필트라이모늄하이알루로네이트,68,False
sheetMask_11,소듐아세틸레이티드하이알루로네이트,69,False
sheetMask_11,하이드롤라이즈드소듐하이알루로네이트,70,False
sheetMask_11,소듐하이알루로네이트크로스폴리머,71,False
sheetMask_11,포타슘하이알루로네이트,72,False
sheetMask_11,레시틴,73,False
sheetMask_11,세테아릴알코올[아쿠아핏]정제수,77,False
sheetMask_11,에탄올,81,False
sheetMask_11,자일리틸글루코사이드,82,False
sheetMask_11,자일리톨,84,False
sheetMask_11,흑효모발효물,86,False
sheetMask_11,아이리쉬모스추출물,87,False
sheetMask_11,스위트아몬드추출물,88,False
sheetMask_11,나이트블루밍세레우스꽃추출물,89,False
sheetMask_11,하이드롤라이즈드콜라겐,90,False
sheetMask_11,사탕수수추출물,91,False
sheetMask_11,하이드롤라이즈드콘키올린단백질,93,False
sheetMask_11,하이드록시아세토페논,97,False
sheetMask_11,콜레스-24,100,False
sheetMask_11,안하이드로자일리톨,101,False
sheetMask_11,소듐카복시메틸베타-글루칸,107,False
sheetMask_11,솔비탄라우레이트,108,False
sheetMask_11,카프릴릭/카프릭트라이글리세라이드,109,False
sheetMask_11,하이드록시에틸셀룰로오스,110,False
sheetMask_11,아세틸다이펩타이드-1세틸에스터,111,False
sheetMask_11,포스포리피드,112,False
sheetMask_11,세라마이드엔피,113,False
sheetMask_11,피토스테롤,114,False
sheetMask_11,아세틸헥사펩타이드-8,115,False
sheetMask_11,콜레스테롤,116,False
sheetMask_11,피토스핑고신,117,False
sheetMask_11,알지닌,118,False
sheetMask_11,다이소듐이디티에이[글루타치온좀핏]정제수,122,False
sheetMask_11,나이아신아마이드,125,False
sheetMask_11,녹두싹추출물,128,False
sheetMask_11,밀싹추출물,129,False
sheetMask_11,브로콜리싹추출물,130,False
sheetMask_11,사과세포배양추출물,133,False
sheetMask_11,키토산,135,False
sheetMask_11,폴리글리세린-3,136,False
sheetMask_11,소듐폴리아크릴로일다이메틸타우레이트,139,False
sheetMask_11,폴리글리세릴-10아이소스테아레이트,140,False
sheetMask_11,폴리글리세릴-10올리에이트,144,False
sheetMask_11,글루타티온,145,False
sheetMask_11,아세틸글루코사민,146,False
sheetMask_11,락틱애씨드,149,False
sheetMask_11,아스코빅애씨드,155,False
sheetMask_11,3-O-에틸아스코빅애씨드,156,False
sheetMask_11,아스코빌글루코사이드,157,False
sheetMask_11,다이소듐이디티에이*글루타치온좀(Glutathiosome):식물유래이중지질막전달체에글루타치온을담지하여만든복합체5,162,False
sheetMask_11,함유[허니핏]정제수,163,False
sheetMask_11,꿀추출물,168,False
sheetMask_11,인도멀구슬나무꽃추출물,169,False
sheetMask_11,인도멀구슬나무잎추출물,171,False
sheetMask_11,울금뿌리추출물,172,False
sheetMask_11,홀리바질잎추출물,173,False
sheetMask_11,프로폴리스추출물,175,False
sheetMask_11,카카오씨추출물,176,False
sheetMask_11,로얄젤리추출물,177,False
sheetMask_11,참산호말추출물,178,False
sheetMask_11,아보카도열매추출물,179,False
sheetMask_11,은방울수선비늘줄기추출물,180,False
sheetMask_11,베타인,181,False
sheetMask_11,덱스트린,190,False
sheetMask_11,말토덱스트린,191,False
sheetMask_11,다이소듐이디티에이,195,False
sheetMask_11,향료,196,False
sheetMask_11,벤질벤조에이트,197,False
sheetMask_12,정제수,1,False
sheetMask_12,글리세린,2,True
sheetMask_12,부틸렌글라이콜,3,True
sheetMask_12,"1,2-헥산다이올",4,True
sheetMask_12,글루코오스,5,False
sheetMask_12,폴리글리세릴-10카프릴레이트/카프레이트,6,False
sheetMask_12,트레할로오스,7,False
sheetMask_12,알로에베라잎추출물,8,False
sheetMask_12,셀룰로오스검,9,False
sheetMask_12,우레아,10,False
sheetMask_12,잔탄검,11,True
sheetMask_12,다이프로필렌글라이콜,12,False
sheetMask_12,제올라이트,13,False
sheetMask_12,토코페릴아세테이트,14,False
sheetMask_12,덱스트린,15,False
sheetMask_12,말토덱스트린,16,False
sheetMask_12,버지니아풍년화추출물,17,False
sheetMask_12,소듐하이알루로네이트,18,True
sheetMask_12,티트리추출물,19,False
sheetMask_12,글라이신,20,False
sheetMask_12,세린,21,False
sheetMask_12,글루타믹애씨드,22,False
sheetMask_12,아스파틱애씨드,23,False
sheetMask_12,류신,24,False
sheetMask_12,알라닌,25,False
sheetMask_12,라이신,26,False
sheetMask_12,알지닌,27,False
sheetMask_12,타이로신,28,False
sheetMask_12,페닐알라닌,29,False
sheetMask_12,프롤린,30,False
sheetMask_12,트레오닌,31,False
sheetMask_12,발린,32,False
sheetMask_12,아이소류신,33,False
sheetMask_12,히스티딘,34,False
sheetMask_12,시스테인,35,False
sheetMask_12,메티오닌,36,False
sheetMask_12,에틸헥실글리세린,37,False
sheetMask_12,아세틸헥사펩타이드-8,38,False
sheetMask_12,팔미토일트라이펩타이드-1,39,False
sheetMask_12,팔미토일헥사펩타이드-12,40,False
sheetMask_12,카퍼트라이펩타이드-1,41,False
sheetMask_12,트라이펩타이드-1,42,False
sheetMask_12,노나펩타이드-1,43,False
sheetMask_12,팔미토일테트라펩타이드-7,44,False
sheetMask_12,아세틸테트라펩타이드-2,45,False
sheetMask_12,팔미토일펜타펩타이드-4,46,False
sheetMask_12,팔미토일트라이펩타이드-5,47,False
sheetMask_12,헥사펩타이드-9,48,False
sheetMask_12,포도세포추출물,49,False
sheetMask_12,에스에이치-올리고펩타이드-1,50,False
sheetMask_13,정제수,1,False
sheetMask_13,부틸렌글라이콜,2,True
sheetMask_13,글리세린,3,True
sheetMask_13,나이아신아마이드,4,False
sheetMask_13,"1,2-헥산다이올",5,True
sheetMask_13,아이소펜틸다이올,6,False
sheetMask_13,트레할로오스,7,False
sheetMask_13,카보머,8,False
sheetMask_13,알지닌,9,False
sheetMask_13,프로판다이올,10,False
sheetMask_13,알란토인,11,False
sheetMask_13,판테놀,12,False
sheetMask_13,에틸헥실글리세린,13,False
sheetMask_13,폴리글리세릴-10라우레이트,14,False
sheetMask_13,잔탄검,15,True
sheetMask_13,아데노신,16,False
sheetMask_13,인도멀구슬나무잎추출물,17,False
sheetMask_13,소듐디엔에이,18,False
sheetMask_13,하이드롤라이즈드하이알루로닉애씨드,19,False
sheetMask_13,인도멀구슬나무꽃추출물,20,False
sheetMask_13,다이소듐이디티에이,21,False
sheetMask_13,글리세릴아크릴레이트/아크릴릭애씨드코폴리머,22,False
sheetMask_13,아이비고드열매추출물,23,False
sheetMask_13,가지열매추출물,24,False
sheetMask_13,글리세릴올리에이트,25,False
sheetMask_13,라우릴글루코사이드,26,False
sheetMask_13,미리스틸글루코사이드,27,False
sheetMask_13,폴리글리세릴-6라우레이트,28,False
sheetMask_13,하이드로제네이티드레시틴,29,False
sheetMask_13,홀리바질잎추출물,30,False
sheetMask_13,하이드롤라이즈드콜라겐,31,False
sheetMask_13,소듐하이알루로네이트,32,True
sheetMask_13,울금뿌리추출물,33,False
sheetMask_13,참산호말추출물,34,False
sheetMask_13,황련뿌리추출물,35,False
sheetMask_13,글루타티온,36,False
sheetMask_13,하이알루로닉애씨드,37,False
sheetMask_13,하이드롤라이즈드소듐하이알루로네이트,38,False
sheetMask_13,하이드록시프로필트라이모늄하이알루로네이트,39,False
sheetMask_13,포타슘하이알루로네이트,40,False
sheetMask_13,소듐하이알루로네이트크로스폴리머,41,False
sheetMask_13,시트릭애씨드,42,False
sheetMask_13,소듐시트레이트,43,False
sheetMask_13,펜틸렌글라이콜,44,False
sheetMask_13,소듐아세틸레이티드하이알루로네이트[어성초진정마스크-일반화장품]약모밀꽃/잎/줄기수,45,False
sheetMask_13,다이프로필렌글라이콜,48,False
sheetMask_13,글리세레스-26,49,False
sheetMask_13,폴리글리세릴-4카프레이트,55,False
sheetMask_13,폴리글리세릴-10미리스테이트,62,False
sheetMask_13,스쿠알란,63,False
sheetMask_13,시어버터,64,False
sheetMask_13,스타아니스추출물,66,False
sheetMask_13,옥틸도데칸올,67,False
sheetMask_13,버지니아풍년화추출물,68,False
sheetMask_13,글리세릴시트레이트/락테이트/리놀리에이트/올리에이트,69,False
sheetMask_13,올레일알코올,71,False
sheetMask_13,세라마이드엔피,72,False
sheetMask_13,병풀추출물,73,False
sheetMask_13,글라이코리피드,74,False
sheetMask_13,글라이코스핑고리피드,75,False
sheetMask_13,비타민나무열매추출물,76,False
sheetMask_13,올리브오일,77,False
sheetMask_13,토코페롤,78,False
sheetMask_13,마트리카리아꽃추출물,79,False
sheetMask_13,칸디다봄비콜라/글루코오스/메틸레이프씨데이트발효물,80,False
sheetMask_13,돌콩스테롤[복숭아마스크-미백기능성화장품]복숭아수,81,False
sheetMask_13,메틸프로판다이올,84,False
sheetMask_13,락토바실러스발효물,87,False
sheetMask_13,진흙버섯추출물,88,False
sheetMask_13,백미꽃추출물,89,False
sheetMask_13,접시꽃추출물,91,False
sheetMask_13,녹차씨오일,92,False
sheetMask_13,효모발효추출물,93,False
sheetMask_13,잇꽃씨오일,94,False
sheetMask_13,멕시칸치아씨오일,95,False
sheetMask_13,복사나무꽃추출물,96,False
sheetMask_13,하이드록시아세토페논,100,False
sheetMask_13,트로메타민,104,False
sheetMask_13,폴리글리세릴-10아이소스테아레이트,105,False
sheetMask_13,폴리글리세릴-10올리에이트,106,False
sheetMask_13,소듐파이테이트,107,False
sheetMask_13,사이아노코발아민,108,False
sheetMask_13,카프릴릭/카프릭트라이글리세라이드,111,False
sheetMask_13,베타인살리실레이트,112,False
sheetMask_13,리놀레익애씨드,114,False
sheetMask_13,리놀레닉애씨드,115,False
sheetMask_13,수크로오스팔미테이트,116,False
sheetMask_13,향료[카테킨마스크-일반화장품]정제수,120,False
sheetMask_13,베타인,126,False
sheetMask_13,암모늄아크릴로일다이메틸타우레이트/브이피코폴리머,128,False
sheetMask_13,옥틸도데세스-16,129,False
sheetMask_13,이노시톨,130,False
sheetMask_13,아크릴레이트/C10-30알킬아크릴레이트크로스폴리머,132,False
sheetMask_13,글리세릴글루코사이드,133,False
sheetMask_13,메틸다이아이소프로필프로피온아마이드,136,False
sheetMask_13,녹차카테킨,139,False
sheetMask_13,카페인,140,False
sheetMask_13,물푸레나무추출물,141,False
sheetMask_13,바질꽃/잎/줄기추출물,142,False
sheetMask_13,덱스트린,143,False
sheetMask_13,카카오씨추출물,144,False
sheetMask_13,다시마추출물,145,False
sheetMask_13,참마뿌리추출물,146,False
sheetMask_13,당느릅나무뿌리추출물,147,False
sheetMask_13,제비꽃꽃추출물,148,False
sheetMask_13,알로에베라잎추출물,149,False
sheetMask_13,팥추출물,151,False
sheetMask_13,에스신,152,False
sheetMask_13,당호박추출물,153,False
sheetMask_13,감나무잎추출물,154,False
sheetMask_13,포도추출물,155,False
sheetMask_13,호장근뿌리추출물,158,False
sheetMask_13,커피콩추출물,159,False
sheetMask_13,잇꽃꽃추출물,160,False
sheetMask_13,밤껍질추출물,161,False
sheetMask_13,녹차추출물,162,False
sheetMask_13,초피나무열매추출물,163,False
sheetMask_13,몰로키아잎추출물,165,False
sheetMask_13,탄닉애씨드,166,False
sheetMask_13,보리추출물,167,False
sheetMask_13,소듐아세틸레이티드하이알루로네이트,169,False
sheetMask_13,소듐팔미토일프롤린,172,False
sheetMask_13,알바수련꽃추출물[TXA세럼마스크-미백,174,False
sheetMask_13,주름개선기능성화장품]정제수,175,False
sheetMask_13,에리스리톨,180,False
sheetMask_13,프로필렌글라이콜,181,False
sheetMask_13,다이에톡시에틸석시네이트,183,False
sheetMask_13,트라넥사믹애씨드,185,False
sheetMask_13,카프릴릴글라이콜,187,False
sheetMask_13,치자추출물,193,False
sheetMask_13,스키조사카로미세스발효여과물,199,False
sheetMask_13,카카오추출물,205,False
sheetMask_13,베타-글루칸,206,False
sheetMask_13,다발방패버섯추출물,207,False
sheetMask_13,카프릴릴/카프릴글루코사이드,213,False
sheetMask_13,다이메틸실란올하이알루로네이트,214,False
sheetMask_13,소듐코코일글루타메이트,218,False
sheetMask_13,소듐하이알루로네이트다이메틸실란올,222,False
sheetMask_13,글리세릴카프릴레이트,224,False
sheetMask_13,폴리글리세릴-6올리에이트,225,False
sheetMask_13,소듐서팩틴[비타C마스크-미백,227,False
sheetMask_13,비타민나무수,229,False
sheetMask_13,다이포타슘글리시리제이트,240,False
sheetMask_13,아스코빌글루코사이드,246,False
sheetMask_13,3-O-에틸아스코빅애씨드,247,False
sheetMask_13,소듐아스코빌포스페이트,248,False
sheetMask_13,레몬껍질오일,254,False
sheetMask_13,아스코빅애씨드,258,False
sheetMask_13,코코-카프릴레이트/카프레이트,259,False
sheetMask_13,소듐서팩틴,263,False
sheetMask_13,하이드록시프로필사이클로덱스트린,264,False
sheetMask_13,콜라겐,265,False
sheetMask_13,다이펩타이드-15,266,False
sheetMask_13,폴리솔베이트20,268,False
sheetMask_13,트라이펩타이드-1,269,False
sheetMask_13,지모뿌리추출물,270,False
sheetMask_13,시스테인,271,False
sheetMask_13,티옥틱애씨드,272,False
sheetMask_13,헥사펩타이드-9,273,False
sheetMask_13,팔미토일펜타펩타이드-4,274,False
sheetMask_13,팔미토일트라이펩타이드-5,275,False
sheetMask_13,팔미토일테트라펩타이드-7,276,False
sheetMask_13,소듐아세틸에스에이치-올리고펩타이드-195에스피라이신N6-(석신이미도프로피오닐티오에틸다이팔미토일글리세로포스페이트),277,False
sheetMask_13,소듐페닐부티로일히스티디닐4-t-부틸D-페닐알라닐알지닐라이신N6-(석신이미도프로피오닐티오에틸다이팔미토일글리세로포스페이트),278,False
sheetMask_13,리모넨[레티놀마스크-일반화장품]정제수,279,False
sheetMask_13,트라이프로필렌글라이콜,283,False
sheetMask_13,메틸트라이메티콘,284,False
sheetMask_13,다이카프릴릴에터,287,False
sheetMask_13,폴리우레탄-15,294,False
sheetMask_13,펜타에리스리틸테트라-다이-t-부틸하이드록시하이드로신나메이트,300,False
sheetMask_13,올레익애씨드,306,False
sheetMask_13,레티놀,309,False
sheetMask_13,에이치디아이/트라이메틸올헥실락톤크로스폴리머,311,False
sheetMask_13,베타글루칸,313,False
sheetMask_13,폴리비닐알코올,314,False
sheetMask_13,피토스테롤,319,False
sheetMask_13,페닐프로판올,321,False
sheetMask_13,비타민나무열매오일[라이스마스크-일반화장품]쌀겨수,322,False
sheetMask_13,다이카프릴릴카보네이트,329,False
sheetMask_13,쌀추출물,330,False
sheetMask_13,쌀겨오일,341,False
sheetMask_13,스테아릭애씨드,346,False
sheetMask_13,팔미틱애씨드,347,False
sheetMask_13,하이드롤라이즈드쌀단백질,348,False
sheetMask_13,쌀단백질,349,False
sheetMask_13,락토바실러스발효여과물,352,False
sheetMask_13,콜레스테롤,354,False
sheetMask_13,글리세릴스테아레이트,355,False
sheetMask_13,피토스핑고신,356,False
sheetMask_13,아라키딕애씨드,358,False
sheetMask_13,미리스틱애씨드,359,False
sheetMask_13,세라마이드에이피,360,False
sheetMask_13,세라마이드에이에스,361,False
sheetMask_13,세라마이드이오피,362,False
sheetMask_13,세라마이드엔에스,363,False
sheetMask_13,엑토인,364,False
sheetMask_14,정제수,1,False
sheetMask_14,부틸렌글라이콜,2,True
sheetMask_14,글리세린,3,True
sheetMask_14,나이아신아마이드,4,False
sheetMask_14,"1,2-헥산다이올",5,True
sheetMask_14,아이소펜틸다이올,6,False
sheetMask_14,트레할로오스,7,False
sheetMask_14,카보머,8,False
sheetMask_14,알지닌,9,False
sheetMask_14,프로판다이올,10,False
sheetMask_14,알란토인,11,False
sheetMask_14,판테놀,12,False
sheetMask_14,에틸헥실글리세린,13,False
sheetMask_14,폴리글리세릴-10라우레이트,14,False
sheetMask_14,잔탄검,15,True
sheetMask_14,아데노신,16,False
sheetMask_14,인도멀구슬나무잎추출물,17,False
sheetMask_14,소듐디엔에이,18,False
sheetMask_14,하이드롤라이즈드하이알루로닉애씨드,19,False
sheetMask_14,인도멀구슬나무꽃추출물,20,False
sheetMask_14,다이소듐이디티에이,21,False
sheetMask_14,글리세릴아크릴레이트/아크릴릭애씨드코폴리머,22,False
sheetMask_14,아이비고드열매추출물,23,False
sheetMask_14,가지열매추출물,24,False
sheetMask_14,글리세릴올리에이트,25,False
sheetMask_14,라우릴글루코사이드,26,False
sheetMask_14,미리스틸글루코사이드,27,False
sheetMask_14,폴리글리세릴-6라우레이트,28,False
sheetMask_14,하이드로제네이티드레시틴,29,False
sheetMask_14,홀리바질잎추출물,30,False
sheetMask_14,하이드롤라이즈드콜라겐,31,False
sheetMask_14,소듐하이알루로네이트,32,True
sheetMask_14,울금뿌리추출물,33,False
sheetMask_14,참산호말추출물,34,False
sheetMask_14,황련뿌리추출물,35,False
sheetMask_14,글루타티온,36,False
sheetMask_14,하이알루로닉애씨드,37,False
sheetMask_14,하이드롤라이즈드소듐하이알루로네이트,38,False
sheetMask_14,하이드록시프로필트라이모늄하이알루로네이트,39,False
sheetMask_14,포타슘하이알루로네이트,40,False
sheetMask_14,소듐하이알루로네이트크로스폴리머,41,False
sheetMask_14,시트릭애씨드,42,False
sheetMask_14,소듐시트레이트,43,False
sheetMask_14,펜틸렌글라이콜,44,False
sheetMask_14,소듐아세틸레이티드하이알루로네이트[어성초진정마스크-일반화장품]약모밀꽃/잎/줄기수,45,False
sheetMask_14,다이프로필렌글라이콜,48,False
sheetMask_14,글리세레스-26,49,False
sheetMask_14,폴리글리세릴-4카프레이트,55,False
sheetMask_14,폴리글리세릴-10미리스테이트,62,False
sheetMask_14,스쿠알란,63,False
sheetMask_14,시어버터,64,False
sheetMask_14,스타아니스추출물,66,False
sheetMask_14,옥틸도데칸올,67,False
sheetMask_14,버지니아풍년화추출물,68,False
sheetMask_14,글리세릴시트레이트/락테이트/리놀리에이트/올리에이트,69,False
sheetMask_14,올레일알코올,71,False
sheetMask_14,세라마이드엔피,72,False
sheetMask_14,병풀추출물,73,False
sheetMask_14,글라이코리피드,74,False
sheetMask_14,글라이코스핑고리피드,75,False
sheetMask_14,비타민나무열매추출물,76,False
sheetMask_14,올리브오일,77,False
sheetMask_14,토코페롤,78,False
sheetMask_14,마트리카리아꽃추출물,79,False
sheetMask_14,칸디다봄비콜라/글루코오스/메틸레이프씨데이트발효물,80,False
sheetMask_14,돌콩스테롤[복숭아마스크-미백기능성화장품]복숭아수,81,False
sheetMask_14,메틸프로판다이올,84,False
sheetMask_14,락토바실러스발효물,87,False
sheetMask_14,진흙버섯추출물,88,False
sheetMask_14,백미꽃추출물,89,False
sheetMask_14,접시꽃추출물,91,False
sheetMask_14,녹차씨오일,92,False
sheetMask_14,효모발효추출물,93,False
sheetMask_14,잇꽃씨오일,94,False
sheetMask_14,멕시칸치아씨오일,95,False
sheetMask_14,복사나무꽃추출물,96,False
sheetMask_14,하이드록시아세토페논,100,False
sheetMask_14,트로메타민,104,False
sheetMask_14,폴리글리세릴-10아이소스테아레이트,105,False
sheetMask_14,폴리글리세릴-10올리에이트,106,False
sheetMask_14,소듐파이테이트,107,False
sheetMask_14,사이아노코발아민,108,False
sheetMask_14,카프릴릭/카프릭트라이글리세라이드,111,False
sheetMask_14,베타인살리실레이트,112,False
sheetMask_14,리놀레익애씨드,114,False
sheetMask_14,리놀레닉애씨드,115,False
sheetMask_14,수크로오스팔미테이트,116,False
sheetMask_14,향료[카테킨마스크-일반화장품]정제수,120,False
sheetMask_14,베타인,126,False
sheetMask_14,암모늄아크릴로일다이메틸타우레이트/브이피코폴리머,128,False
sheetMask_14,옥틸도데세스-16,129,False
sheetMask_14,이노시톨,130,False
sheetMask_14,아크릴레이트/C10-30알킬아크릴레이트크로스폴리머,132,False
sheetMask_14,글리세릴글루코사이드,133,False
sheetMask_14,메틸다이아이소프로필프로피온아마이드,136,False
sheetMask_14,녹차카테킨,139,False
sheetMask_14,카페인,140,False
sheetMask_14,물푸레나무추출물,141,False
sheetMask_14,바질꽃/잎/줄기추출물,142,False
sheetMask_14,덱스트린,143,False
sheetMask_14,카카오씨추출물,144,False
sheetMask_14,다시마추출물,145,False
sheetMask_14,참마뿌리추출물,146,False
sheetMask_14,당느릅나무뿌리추출물,147,False
sheetMask_14,제비꽃꽃추출물,148,False
sheetMask_14,알로에베라잎추출물,149,False
sheetMask_14,팥추출물,151,False
sheetMask_14,에스신,152,False
sheetMask_14,당호박추출물,153,False
sheetMask_14,감나무잎추출물,154,False
sheetMask_14,포도추출물,155,False
sheetMask_14,호장근뿌리추출물,158,False
sheetMask_14,커피콩추출물,159,False
sheetMask_14,잇꽃꽃추출물,160,False
sheetMask_14,밤껍질추출물,161,False
sheetMask_14,녹차추출물,162,False
sheetMask_14,초피나무열매추출물,163,False
sheetMask_14,몰로키아잎추출물,165,False
sheetMask_14,탄닉애씨드,166,False
sheetMask_14,보리추출물,167,False
sheetMask_14,소듐아세틸레이티드하이알루로네이트,169,False
sheetMask_14,소듐팔미토일프롤린,172,False
sheetMask_14,알바수련꽃추출물[TXA세럼마스크-미백,174,False
sheetMask_14,주름개선기능성화장품]정제수,175,False
sheetMask_14,에리스리톨,180,False
sheetMask_14,프로필렌글라이콜,181,False
sheetMask_14,다이에톡시에틸석시네이트,183,False
sheetMask_14,트라넥사믹애씨드,185,False
sheetMask_14,카프릴릴글라이콜,187,False
sheetMask_14,치자추출물,193,False
sheetMask_14,스키조사카로미세스발효여과물,199,False
sheetMask_14,카카오추출물,205,False
sheetMask_14,베타-글루칸,206,False
sheetMask_14,다발방패버섯추출물,207,False
sheetMask_14,카프릴릴/카프릴글루코사이드,213,False
sheetMask_14,다이메틸실란올하이알루로네이트,214,False
sheetMask_14,소듐코코일글루타메이트,218,False
sheetMask_14,소듐하이알루로네이트다이메틸실란올,222,False
sheetMask_14,글리세릴카프릴레이트,224,False
sheetMask_14,폴리글리세릴-6올리에이트,225,False
sheetMask_14,소듐서팩틴[비타C마스크-미백,227,False
sheetMask_14,비타민나무수,229,False
sheetMask_14,다이포타슘글리시리제이트,240,False
sheetMask_14,아스코빌글루코사이드,246,False
sheetMask_14,3-O-에틸아스코빅애씨드,247,False
sheetMask_14,소듐아스코빌포스페이트,248,False
sheetMask_14,레몬껍질오일,254,False
sheetMask_14,아스코빅애씨드,258,False
sheetMask_14,코코-카프릴레이트/카프레이트,259,False
sheetMask_14,소듐서팩틴,263,False
sheetMask_14,하이드록시프로필사이클로덱스트린,264,False
sheetMask_14,콜라겐,265,False
sheetMask_14,다이펩타이드-15,266,False
sheetMask_14,폴리솔베이트20,268,False
sheetMask_14,트라이펩타이드-1,269,False
sheetMask_14,지모뿌리추출물,270,False
sheetMask_14,시스테인,271,False
sheetMask_14,티옥틱애씨드,272,False
sheetMask_14,헥사펩타이드-9,273,False
sheetMask_14,팔미토일펜타펩타이드-4,274,False
sheetMask_14,팔미토일트라이펩타이드-5,275,False
sheetMask_14,팔미토일테트라펩타이드-7,276,False
sheetMask_14,소듐아세틸에스에이치-올리고펩타이드-195에스피라이신N6-(석신이미도프로피오닐티오에틸다이팔미토일글리세로포스페이트),277,False
sheetMask_14,소듐페닐부티로일히스티디닐4-t-부틸D-페닐알라닐알지닐라이신N6-(석신이미도프로피오닐티오에틸다이팔미토일글리세로포스페이트),278,False
sheetMask_14,리모넨[레티놀마스크-일반화장품]정제수,279,False
sheetMask_14,트라이프로필렌글라이콜,283,False
sheetMask_14,메틸트라이메티콘,284,False
sheetMask_14,다이카프릴릴에터,287,False
sheetMask_14,폴리우레탄-15,294,False
sheetMask_14,펜타에리스리틸테트라-다이-t-부틸하이드록시하이드로신나메이트,300,False
sheetMask_14,올레익애씨드,306,False
sheetMask_14,레티놀,309,False
sheetMask_14,에이치디아이/트라이메틸올헥실락톤크로스폴리머,311,False
sheetMask_14,베타글루칸,313,False
sheetMask_14,폴리비닐알코올,314,False
sheetMask_14,피토스테롤,319,False
sheetMask_14,페닐프로판올,321,False
sheetMask_14,비타민나무열매오일[라이스마스크-일반화장품]쌀겨수,322,False
sheetMask_14,다이카프릴릴카보네이트,329,False
sheetMask_14,쌀추출물,330,False
sheetMask_14,쌀겨오일,341,False
sheetMask_14,스테아릭애씨드,346,False
sheetMask_14,팔미틱애씨드,347,False
sheetMask_14,하이드롤라이즈드쌀단백질,348,False
sheetMask_14,쌀단백질,349,False
sheetMask_14,락토바실러스발효여과물,352,False
sheetMask_14,콜레스테롤,354,False
sheetMask_14,글리세릴스테아레이트,355,False
sheetMask_14,피토스핑고신,356,False
sheetMask_14,아라키딕애씨드,358,False
sheetMask_14,미리스틱애씨드,359,False
sheetMask_14,세라마이드에이피,360,False
sheetMask_14,세라마이드에이에스,361,False
sheetMask_14,세라마이드이오피,362,False
sheetMask_14,세라마이드엔에스,363,False
sheetMask_14,엑토인,364,False
sheetMask_15,정제수,1,False
sheetMask_15,메틸프로판다이올,2,False
sheetMask_15,나이아신아마이드,3,False
sheetMask_15,글리세린,4,True
sheetMask_15,"1,2-헥산다이올",5,True
sheetMask_15,부틸렌글라이콜,6,True
sheetMask_15,베타인,7,False
sheetMask_15,판테놀,8,False
sheetMask_15,알란토인,9,False
sheetMask_15,도둑놈의지팡이뿌리추출물,10,False
sheetMask_15,카보머,11,False
sheetMask_15,트레할로오스,12,False
sheetMask_15,트로메타민,13,False
sheetMask_15,에틸헥실글리세린,14,False
sheetMask_15,잔탄검,15,True
sheetMask_15,다이포타슘글리시리제이트,16,False
sheetMask_15,소듐파이테이트,17,False
sheetMask_15,인도멀구슬나무잎추출물,18,False
sheetMask_15,인도멀구슬나무꽃추출물,19,False
sheetMask_15,병풀추출물,20,False
sheetMask_15,소듐하이알루로네이트,21,True
sheetMask_15,아이비고드열매추출물,22,False
sheetMask_15,가지열매추출물,23,False
sheetMask_15,하이드롤라이즈드하이알루로닉애씨드,24,False
sheetMask_15,프로판다이올,25,False
sheetMask_15,홀리바질잎추출물,26,False
sheetMask_15,감초뿌리추출물,27,False
sheetMask_15,판토테닉애씨드,28,False
sheetMask_15,울금뿌리추출물,29,False
sheetMask_15,참산호말추출물,30,False
sheetMask_15,약모밀추출물,31,False
sheetMask_15,글리세릴올리에이트,32,False
sheetMask_15,소듐아세틸레이티드하이알루로네이트,33,False
sheetMask_15,하이드로제네이티드레시틴,34,False
sheetMask_15,라우릴글루코사이드,35,False
sheetMask_15,미리스틸글루코사이드,36,False
sheetMask_15,폴리글리세릴-6라우레이트,37,False
sheetMask_15,베타-글루칸,38,False
sheetMask_15,토코페롤,39,False
sheetMask_15,데실글루코사이드,40,False
sheetMask_15,알파-알부틴,41,False
sheetMask_15,하이알루로닉애씨드,42,False
sheetMask_15,징크피씨에이,43,False
sheetMask_15,시트릭애씨드,44,False
sheetMask_15,호호바씨오일,45,False
sheetMask_15,녹차추출물,46,False
sheetMask_15,병풀잎추출물,47,False
sheetMask_15,오카무라큰실말추출물,48,False
sheetMask_15,흰버드나무껍질추출물,49,False
sheetMask_15,커피콩추출물,50,False
sheetMask_15,베타-시토스테롤,51,False
sheetMask_15,폴리글리세릴-10스테아레이트,52,False
sheetMask_15,아시아티코사이드,53,False
sheetMask_15,마데카소사이드,54,False
sheetMask_15,아시아틱애씨드,55,False
sheetMask_15,마데카식애씨드,56,False
sheetMask_15,베르가모트잎추출물,57,False
sheetMask_15,소나무잎추출물[2번]콜라겐수,58,False
sheetMask_15,다이프로필렌글라이콜,60,False
sheetMask_15,다이메티콘,64,False
sheetMask_15,피이지-240/에이치디아이코폴리머비스-데실테트라데세스-20에터,65,False
sheetMask_15,세테아릴올리베이트,66,False
sheetMask_15,암모늄아크릴로일다이메틸타우레이트/브이피코폴리머,67,False
sheetMask_15,하이드록시에틸셀룰로오스,68,False
sheetMask_15,솔비탄올리베이트,69,False
sheetMask_15,아데노신,71,False
sheetMask_15,콜라겐,72,False
sheetMask_15,소듐디엔에이,77,False
sheetMask_15,포타슘라우레이트,78,False
sheetMask_15,비에이치티,80,False
sheetMask_15,알로에베라꽃추출물,81,False
sheetMask_15,폴리글리세릴-10올리에이트,85,False
sheetMask_15,하이드로제네이티드폴리아이소부텐,86,False
sheetMask_15,옥틸도데칸올,87,False
sheetMask_15,폴리글리세릴-10라우레이트,89,False
sheetMask_15,다마스크장미추출물,90,False
sheetMask_15,폴리락틱애씨드,91,False
sheetMask_15,트라이펩타이드-1,93,False
sheetMask_15,실리카,94,False
sheetMask_15,카퍼트라이펩타이드-1,95,False
sheetMask_15,팔미토일트라이펩타이드-1,96,False
sheetMask_15,헥사펩타이드-9,97,False
sheetMask_15,헥사펩타이드-11,98,False
sheetMask_15,아세틸테트라펩타이드-5,99,False
sheetMask_15,아세틸테트라펩타이드-2,100,False
sheetMask_15,팔미토일펜타펩타이드-4,101,False
sheetMask_15,지모뿌리추출물,102,False
sheetMask_15,팔미토일트라이펩타이드-5,103,False
sheetMask_15,다이소듐이디티에이[3번]정제수,105,False
sheetMask_15,비피다발효용해물,106,False
sheetMask_15,갈락토미세스발효여과물,107,False
sheetMask_15,메틸글루세스-20,108,False
sheetMask_15,글리세레스-26,109,False
sheetMask_15,피이지-90,112,False
sheetMask_15,페퍼민트잎추출물,114,False
sheetMask_15,버지니아풍년화추출물,115,False
sheetMask_15,마트리카리아꽃추출물,117,False
sheetMask_15,레몬그라스잎오일,118,False
sheetMask_15,솔잣나무가지/잎오일,119,False
sheetMask_15,오렌지껍질오일,120,False
sheetMask_15,라벤더오일,121,False
sheetMask_15,로즈마리잎오일,122,False
sheetMask_15,아틀라스시다나무껍질오일,123,False
sheetMask_15,알테로모나스발효추출물,124,False
sheetMask_15,염소유추출물,125,False
sheetMask_15,실크추출물,126,False
sheetMask_15,스쿠알란,127,False
sheetMask_15,폴리글리세릴-3메틸글루코오스다이스테아레이트,131,False
sheetMask_15,폴리글리세릴-3다이스테아레이트,132,False
sheetMask_15,글리세릴스테아레이트시트레이트,133,False
sheetMask_15,글리세릴스테아레이트에스이,134,False
sheetMask_15,카프릴릴글라이콜,135,False
sheetMask_15,옥틸도데세스-16,136,False
sheetMask_15,에탄올,140,False
sheetMask_15,다이소듐이디티에이,143,False
sheetMask_15,리모넨,144,False
sheetMask_15,리날룰,145,False
sheetMask_15,시트랄[4번]정제수,146,False
sheetMask_15,티트리잎추출물,149,False
sheetMask_15,다시마추출물,150,False
sheetMask_15,한련초잎추출물,151,False
sheetMask_15,베르가못잎추출물,152,False
sheetMask_15,아이슬란드이끼추출물,153,False
sheetMask_15,호장근뿌리추출물,155,False
sheetMask_15,황금추출물,156,False
sheetMask_15,당느릅나무뿌리추출물,158,False
sheetMask_15,스페인감초뿌리추출물,159,False
sheetMask_15,알로에베라잎추출물,160,False
sheetMask_15,제비꽃꽃추출물,161,False
sheetMask_15,참마뿌리추출물,162,False
sheetMask_15,로즈마리잎추출물,163,False
sheetMask_15,티트리잎오일,165,False
sheetMask_15,메틸다이아이소프로필프로피온아마이드,175,False
sheetMask_15,프룩토올리고사카라이드,177,False
sheetMask_15,하이드록시아세토페논[5번]정제수,181,False
sheetMask_15,피이지/피피지-17/6코폴리머,184,False
sheetMask_15,황련뿌리추출물,185,False
sheetMask_15,하이드록시아세토페논,187,False
sheetMask_15,하이드록시에틸우레아,188,False
sheetMask_15,아이소펜틸다이올,189,False
sheetMask_15,알지닌,192,False
sheetMask_15,소듐아스코빌포스페이트,194,False
sheetMask_15,글루타티온,195,False
sheetMask_15,피이지-60하이드로제네이티드캐스터오일,197,False
sheetMask_15,소듐폴리아크릴레이트,201,False
sheetMask_15,폴리글루타믹애씨드,207,False
sheetMask_15,프로테아제,208,False
sheetMask_15,세라마이드엔피,209,False
sheetMask_15,아스코빅애씨드,210,False
sheetMask_15,알부틴,211,False
sheetMask_15,비사보롤,212,False
sheetMask_16,정제수,1,False
sheetMask_16,글리세린,2,True
sheetMask_16,펜틸렌글라이콜,3,False
sheetMask_16,부틸렌글라이콜,4,True
sheetMask_16,나이아신아마이드,5,False
sheetMask_16,트라이프로필렌글라이콜,6,False
sheetMask_16,"1,2-헥산다이올",7,True
sheetMask_16,판테놀,8,False
sheetMask_16,소듐하이알루로네이트,9,True
sheetMask_16,하이드롤라이즈드해면,10,False
sheetMask_16,백미꽃추출물,11,False
sheetMask_16,하이드롤라이즈드콜라겐,12,False
sheetMask_16,접시꽃추출물,13,False
sheetMask_16,아텔로콜라겐,14,False
sheetMask_16,하이드롤라이즈드하이알루로닉애씨드,15,False
sheetMask_16,메틸프로판다이올,16,False
sheetMask_16,하이드록시에틸우레아,17,False
sheetMask_16,알란토인,18,False
sheetMask_16,다이에톡시에틸석시네이트,19,False
sheetMask_16,트로메타민,20,False
sheetMask_16,프로판다이올,21,False
sheetMask_16,에틸헥실글리세린,22,False
sheetMask_16,카프릴릴글라이콜,23,False
sheetMask_16,세틸에틸헥사노에이트,24,False
sheetMask_16,아데노신,25,False
sheetMask_16,폴리글리세릴-10아이소스테아레이트,26,False
sheetMask_16,스쿠알란,27,False
sheetMask_16,소듐파이테이트,28,False
sheetMask_16,하이드로제네이티드레시틴,29,False
sheetMask_16,폴리글리세릴-10올리에이트,30,False
sheetMask_16,카프릴릭/카프릭트라이글리세라이드,31,False
sheetMask_16,아세틸글루코사민,32,False
sheetMask_16,하이드록시아세토페논,33,False
sheetMask_16,카프릴릴/카프릴글루코사이드,34,False
sheetMask_16,베타-글루칸,35,False
sheetMask_16,소듐하이알루로네이트크로스폴리머,36,False
sheetMask_16,소듐코코일글루타메이트,37,False
sheetMask_16,글리세릴카프릴레이트,38,False
sheetMask_16,폴리글리세릴-6올리에이트,39,False
sheetMask_16,토코페롤,40,False
sheetMask_16,시트릭애씨드,41,False
sheetMask_16,소듐락테이트,42,False
sheetMask_16,소듐서팩틴,43,False
sheetMask_16,폴리솔베이트20,44,False
sheetMask_16,팔미토일트라이펩타이드-1,45,False
sheetMask_16,폴리락틱애씨드,46,False
sheetMask_16,팔미토일테트라펩타이드-7,47,False
sheetMask_16,아세틸헥사펩타이드-8,48,False
sheetMask_16,아스코빅애씨드폴리펩타이드,49,False
sheetMask_16,아세틸옥타펩타이드-3,50,False
sheetMask_16,아세틸테트라펩타이드-2,51,False
sheetMask_16,아세틸테트라펩타이드-3,52,False
sheetMask_16,아세틸테트라펩타이드-5,53,False
sheetMask_16,아세틸테트라펩타이드-9,54,False
sheetMask_16,카르노신,55,False
sheetMask_16,카퍼트라이펩타이드-1,56,False
sheetMask_16,노나펩타이드-1,57,False
sheetMask_16,팔미토일펜타펩타이드-4,58,False
sheetMask_16,팔미토일트라이펩타이드-5,59,False
sheetMask_16,카보머,60,False
sheetMask_16,카페인,61,False
sheetMask_16,잔탄검,62,True
sheetMask_17,정제수,1,False
sheetMask_17,부틸렌글라이콜,2,True
sheetMask_17,글리세린,3,True
sheetMask_17,다이프로필렌글라이콜,4,False
sheetMask_17,소듐하이알루로네이트크로스폴리머,5,False
sheetMask_17,소듐하이알루로네이트,6,True
sheetMask_17,소듐아세틸레이티드하이알루로네이트,7,False
sheetMask_17,하이드롤라이즈드소듐하이알루로네이트,8,False
sheetMask_17,하이드롤라이즈드하이알루로닉애씨드,9,False
sheetMask_17,판테놀,10,False
sheetMask_17,트레할로오스,11,False
sheetMask_17,알란토인,12,False
sheetMask_17,엑토인,13,False
sheetMask_17,창과감초뿌리추출물,14,False
sheetMask_17,마트리카리아꽃추출물,15,False
sheetMask_17,포트마리골드꽃추출물,16,False
sheetMask_17,알지닌,17,False
sheetMask_17,"2,3-부탄다이올",18,False
sheetMask_17,글리세릴아크릴레이트/아크릴릭애씨드코폴리머,19,False
sheetMask_17,피브이엠/엠에이코폴리머,20,False
sheetMask_17,사카라이드아이소머레이트,21,False
sheetMask_17,카보머,22,False
sheetMask_17,잔탄검,23,True
sheetMask_17,트로메타민,24,False
sheetMask_17,펜틸렌글라이콜,25,False
sheetMask_17,"1,2-헥산다이올",26,True
sheetMask_17,하이드록시아세토페논,27,False
sheetMask_17,트라이소듐에틸렌다이아민다이석시네이트,28,False
sheetMask_17,쇠비름추출물,29,False
sheetMask_17,말라카이트추출물,30,False
sheetMask_17,에틸헥실글리세린,31,False
sheetMask_18,STEP1메디힐히알루론산바이오세컨덤마스크정제수,1,False
sheetMask_18,부틸렌글라이콜,2,True
sheetMask_18,"1,2-헥산다이올",3,True
sheetMask_18,아이소펜틸다이올,4,False
sheetMask_18,글리세린,5,True
sheetMask_18,소듐폴리아크릴레이트,6,False
sheetMask_18,잔탄검,7,True
sheetMask_18,폴리글리세릴-10라우레이트,8,False
sheetMask_18,소듐하이알루로네이트,9,True
sheetMask_18,에틸헥실글리세린,10,False
sheetMask_18,다이소듐이디티에이,11,False
sheetMask_18,베르가모트오일,12,False
sheetMask_18,판테놀,13,False
sheetMask_18,바이오사카라이드검-1,14,False
sheetMask_18,엑토인,15,False
sheetMask_18,토코페롤,16,False
sheetMask_18,흰버드나무껍질추출물,17,False
sheetMask_18,리모넨,18,False
sheetMask_18,리날룰STEP2메디힐히알루론산바이오세컨덤앰플정제수,19,False
sheetMask_18,트레할로오스,24,False
sheetMask_18,풀루란,26,False
sheetMask_18,폴리글리세릴-10미리스테이트,27,False
sheetMask_18,알지닌,29,False
sheetMask_18,카보머,30,False
sheetMask_18,글리세릴아크릴레이트/아크릴릭애씨드코폴리머,33,False
sheetMask_18,피브이엠/엠에이코폴리머,35,False
sheetMask_18,센티드제라늄꽃오일,36,False
sheetMask_18,토코페롤[로제피디알엔바이오세컨덤]STEP1메디힐로제피디알엔바이오세컨덤마스크정제수,40,False
sheetMask_18,아데노신,48,False
sheetMask_18,라벤더오일,49,False
sheetMask_18,돌콩추출물,54,False
sheetMask_18,다마스크장미꽃오일,55,False
sheetMask_18,매듭풀추출물,56,False
sheetMask_18,레드신코나나무껍질추출물,58,False
sheetMask_18,마누카잎추출물,60,False
sheetMask_18,소듐디엔에이,61,False
sheetMask_18,리날룰,62,False
sheetMask_18,시트로넬올STEP2메디힐로제피디알엔바이오세컨덤앰플정제수,63,False
sheetMask_18,세틸에틸헥사노에이트,65,False
sheetMask_18,카프릴릭/카프릭트라이글리세라이드,67,False
sheetMask_18,글리세릴스테아레이트에스이,69,False
sheetMask_18,폴리글리세릴-10스테아레이트,70,False
sheetMask_18,폴리글리세릴-10다이스테아레이트,71,False
sheetMask_18,라우릴글루코사이드,72,False
sheetMask_18,폴리글리세릴-6라우레이트,73,False
sheetMask_18,아크릴레이트/C10-30알킬아크릴레이트크로스폴리머,74,False
sheetMask_18,소듐스테아로일글루타메이트,76,False
sheetMask_18,미리스틸글루코사이드,77,False
sheetMask_18,시트로넬올[마데카소사이드바이오세컨덤]STEP1메디힐마데카소사이드바이오세컨덤마스크정제수,94,False
sheetMask_18,나이아신아마이드,96,False
sheetMask_18,마데카소사이드,104,False
sheetMask_18,유칼립투스잎오일,105,False
sheetMask_18,알란토인,107,False
sheetMask_18,살리실릭애씨드,108,False
sheetMask_18,살비아오일,109,False
sheetMask_18,멕시칸주니퍼오일,110,False
sheetMask_18,병풀추출물,111,False
sheetMask_18,녹차추출물,113,False
sheetMask_18,티트리추출물,114,False
sheetMask_18,하이드로제네이티드레시틴STEP2메디힐마데카소사이드바이오세컨덤앰플정제수,117,False
sheetMask_18,다이프로필렌글라이콜,118,False
sheetMask_18,베타인,123,False
sheetMask_18,옥틸도데세스-16,124,False
sheetMask_18,하이드로제네이티드레시틴,142,False
sheetMask_19,퍼스트쿨링마스크:정제수,1,False
sheetMask_19,글리세린,2,True
sheetMask_19,메틸프로판다이올,3,False
sheetMask_19,다이프로필렌글라이콜,4,False
sheetMask_19,"1,2-헥산다이올",5,True
sheetMask_19,베타인,6,False
sheetMask_19,하이드록시아세토페논,7,False
sheetMask_19,트레할로오스,8,False
sheetMask_19,판테놀,9,False
sheetMask_19,암모늄아크릴로일다이메틸타우레이트/브이피코폴리머,10,False
sheetMask_19,폴리글리세릴-10라우레이트,11,False
sheetMask_19,메틸다이아이소프로필프로피온아마이드,12,False
sheetMask_19,아크릴레이트/C10-30알킬아크릴레이트크로스폴리머,13,False
sheetMask_19,트로메타민,14,False
sheetMask_19,향료,15,False
sheetMask_19,다이소듐이디티에이,16,False
sheetMask_19,아데노신,17,False
sheetMask_19,하이드로제네이티드레시틴,18,False
sheetMask_19,물푸레나무추출물,19,False
sheetMask_19,바질꽃/잎/줄기추출물,20,False
sheetMask_19,세라마이드엔피,21,False
sheetMask_19,수크로오스스테아레이트,22,False
sheetMask_19,부틸렌글라이콜,23,True
sheetMask_19,콜레스테롤,24,False
sheetMask_19,팔미틱애씨드,25,False
sheetMask_19,콜레스테릴마카다미에이트,26,False
sheetMask_19,스테아릭애씨드,27,False
sheetMask_19,마트리카리아추출물,28,False
sheetMask_19,피버퓨추출물,29,False
sheetMask_19,사카라이드아이소머레이트,30,False
sheetMask_19,하이드롤라이즈드루핀단백질,31,False
sheetMask_19,프랑스해안송껍질추출물,32,False
sheetMask_19,구아이아줄렌-시카쿨링마스크:정제수,33,False
sheetMask_19,병풀추출물,36,False
sheetMask_19,영지버섯줄기추출물,37,False
sheetMask_19,다발방패버섯추출물,38,False
sheetMask_19,병풀꽃/잎/줄기추출물,39,False
sheetMask_19,병풀뿌리추출물,40,False
sheetMask_19,병풀잎추출물,41,False
sheetMask_19,소듐하이알루로네이트,42,True
sheetMask_19,글리세릴글루코사이드,51,False
sheetMask_19,알란토인,53,False
sheetMask_19,글리세릴아크릴레이트/아크릴릭애씨드코폴리머,54,False
sheetMask_19,스키조사카로미세스발효여과물,55,False
sheetMask_19,효모발효물,57,False
sheetMask_19,아시아티코사이드,58,False
sheetMask_19,마데카소사이드,59,False
sheetMask_19,마데카식애씨드,60,False
sheetMask_19,아세틸헥사펩타이드-8,61,False
sheetMask_19,아스파틱애씨드,62,False
sheetMask_19,아시아틱애씨드,63,False
sheetMask_19,펜틸렌글라이콜-비타쿨링마스크:정제수,65,False
sheetMask_19,글리세레스-26,68,False
sheetMask_19,나이아신아마이드,69,False
sheetMask_19,황련뿌리추출물,70,False
sheetMask_19,옥틸도데세스-16,84,False
sheetMask_19,폴리아크릴레이트크로스폴리머-6,86,False
sheetMask_19,잔탄검,87,True
sheetMask_19,다이포타슘글리시리제이트,91,False
sheetMask_19,펜틸렌글라이콜,95,False
sheetMask_19,글루코노락톤,99,False
sheetMask_19,만델릭애씨드,100,False
sheetMask_19,시트릭애씨드,101,False
sheetMask_19,아스코빅애씨드,102,False
sheetMask_19,카프릴로일살리실릭애씨드,103,False
sheetMask_19,글루타티온,105,False
sheetMask_19,아스코빌글루코사이드,106,False
sheetMask_19,글라이신,108,False
sheetMask_19,글루타믹애씨드,109,False
sheetMask_19,알지닌,110,False
sheetMask_19,구아이아줄렌,115,False
sheetMask_19,살리실릭애씨드,116,False
sheetMask_20,정제수,1,False
sheetMask_20,부틸렌글라이콜,2,True
sheetMask_20,글리세린,3,True
sheetMask_20,나이아신아마이드,4,False
sheetMask_20,"1,2-헥산다이올",5,True
sheetMask_20,글루코노락톤,6,False
sheetMask_20,트로메타민,7,False
sheetMask_20,잔탄검,8,True
sheetMask_20,에틸헥실글리세린,9,False
sheetMask_20,레시틴,10,False
sheetMask_20,소듐메타포스페이트,11,False
sheetMask_20,폴리글리세릴-10올리에이트,12,False
sheetMask_20,매실추출물,13,False
sheetMask_20,소듐하이알루로네이트,14,True
sheetMask_20,3-O-에틸아스코빅애씨드,15,False
sheetMask_20,징크피씨에이,16,False
sheetMask_20,폴리글리세릴-4카프레이트,17,False
sheetMask_20,아시아티코사이드,18,False
sheetMask_20,마데카식애씨드,19,False
sheetMask_20,글리세릴카프릴레이트,20,False
sheetMask_20,아시아틱애씨드,21,False
sheetMask_20,마데카소사이드,22,False
sheetMask_20,소듐트라이메타포스페이트,23,False
sheetMask_20,토코페롤,24,False
sheetMask_20,쌀겨오일,25,False
sheetMask_21,정제수,1,False
sheetMask_21,부틸렌글라이콜,2,True
sheetMask_21,프로판다이올,3,False
sheetMask_21,"1,2-헥산다이올",4,True
sheetMask_21,글리세레스-26,5,False
sheetMask_21,메틸글루세스-20,6,False
sheetMask_21,하이드록시에틸우레아,7,False
sheetMask_21,아크릴레이트/C10-30알킬아크릴레이트크로스폴리머,8,False
sheetMask_21,알지닌,9,False
sheetMask_21,알란토인,10,False
sheetMask_21,폴리글리세릴-10라우레이트,11,False
sheetMask_21,에틸헥실글리세린,12,False
sheetMask_21,하이드록시에틸아크릴레이트/소듐아크릴로일다이메틸타우레이트코폴리머,13,False
sheetMask_21,글리세린,14,True
sheetMask_21,다이소듐이디티에이,15,False
sheetMask_21,폴리글리세릴-10미리스테이트,16,False
sheetMask_21,잔탄검,17,True
sheetMask_21,다이포타글리시리제이트,18,False
sheetMask_21,자작나무수액,19,False
sheetMask_21,페퍼민트오일,20,False
sheetMask_21,페퍼민트잎추출물,21,False
sheetMask_21,솔비탄아이소스테아레이트,22,False
sheetMask_21,데실글루코사이드,23,False
sheetMask_21,병풀추출물,24,False
sheetMask_21,파파인,25,False
sheetMask_21,글루코오스,26,False
sheetMask_21,카프릴릭/카프릭트라이글리세라이드,27,False
sheetMask_21,당느릅나무뿌리추출물,28,False
sheetMask_21,병풀잎추출물,29,False
sheetMask_21,오카무라큰실말추출물,30,False
sheetMask_21,녹차추출물,31,False
sheetMask_21,흰버드나무껍질추출물,32,False
sheetMask_21,제비꽃꽃추출물,33,False
sheetMask_21,소듐하이알루로네이트,34,True
sheetMask_21,알로에베라잎추출물,35,False
sheetMask_21,참마뿌리추출물,36,False
sheetMask_21,다시마추출물,37,False
sheetMask_21,세라마이드엔피,38,False
sheetMask_21,커피콩추출물,39,False
sheetMask_21,하이드로제네이티드레시틴,40,False
sheetMask_21,글리세릴카프릴레이트,41,False
sheetMask_21,달맞이꽃추출물,42,False
sheetMask_21,대왕소나무잎추출물,43,False
sheetMask_21,칡뿌리추출물,44,False
sheetMask_21,토코페롤,45,False
sheetMask_21,베르가모트잎추출물,46,False
sheetMask_21,하이드록시프로필트라이모늄하이알루로네이트,47,False
sheetMask_21,소나무잎추출물,48,False
sheetMask_21,소듐아세틸레이티드하이알루로네이트,49,False
sheetMask_21,하이드롤라이즈드하이알루로닉애씨드,50,False
sheetMask_21,하이알루로닉애씨드,51,False
sheetMask_21,소듐하이알루로네이트크로스폴리머,52,False
sheetMask_21,포타슘하이알루로네이트[흔적진정]정제수,53,False
sheetMask_21,나이아신아마이드,57,False
sheetMask_21,소듐폴리아크릴레이트,67,False
sheetMask_21,다이포타슘글리시리제이트,72,False
sheetMask_21,로즈마리잎오일,73,False
sheetMask_21,아스코빌글루코사이드,77,False
sheetMask_21,글루타티온,78,False
sheetMask_21,동백나무씨오일,82,False
sheetMask_21,폴리글루타믹애씨드,84,False
sheetMask_21,리놀레익애씨드,85,False
sheetMask_21,라임추출물,86,False
sheetMask_22,정제수,1,False
sheetMask_22,글리세린,2,True
sheetMask_22,부틸렌글라이콜,3,True
sheetMask_22,나이아신아마이드,4,False
sheetMask_22,프로판다이올,5,False
sheetMask_22,다이프로필렌글라이콜,6,False
sheetMask_22,"1,2-헥산다이올",7,True
sheetMask_22,글리세레스-26,8,False
sheetMask_22,하이드록시아세토페논,9,False
sheetMask_22,카보머,10,False
sheetMask_22,알지닌,11,False
sheetMask_22,카놀라오일,12,False
sheetMask_22,폴리글리세릴-10라우레이트,13,False
sheetMask_22,병풀추출물,14,False
sheetMask_22,해바라기씨오일,15,False
sheetMask_22,다이소듐이디티에이,16,False
sheetMask_22,폴리글리세릴-4라우레이트,17,False
sheetMask_22,잔탄검,18,True
sheetMask_22,메도우폼씨오일,19,False
sheetMask_22,마데카소사이드,20,False
sheetMask_22,폴리글리세릴-10스테아레이트,21,False
sheetMask_22,아르간커넬오일,22,False
sheetMask_22,연필향나무오일,23,False
sheetMask_22,서양배추출물,24,False
sheetMask_22,판토락톤,25,False
sheetMask_22,호호바씨오일,26,False
sheetMask_22,다마스크장미꽃수,27,False
sheetMask_22,광곽향오일,28,False
sheetMask_22,글리세릴글루코사이드,29,False
sheetMask_22,병풀잎추출물,30,False
sheetMask_22,아이리쉬모스추출물,31,False
sheetMask_22,오리스뿌리추출물,32,False
sheetMask_22,멜론추출물,33,False
sheetMask_22,불가리스쑥오일,34,False
sheetMask_22,서양송악잎/줄기추출물,35,False
sheetMask_22,로즈마리잎오일,36,False
sheetMask_22,흰목이버섯폴리사카라이드,37,False
sheetMask_22,밤부사불가리스잎추출물,38,False
sheetMask_22,아마씨추출물,39,False
sheetMask_22,향부자추출물,40,False
sheetMask_22,하이드로제네이티드레시틴,41,False
sheetMask_22,판테놀,42,False
sheetMask_22,판토테닉애씨드,43,False
sheetMask_22,소듐하이알루로네이트,44,True
sheetMask_22,에틸헥실글리세린,45,False
sheetMask_22,수국잎추출물,46,False
sheetMask_22,아시아틱애씨드,47,False
sheetMask_22,아시아티코사이드,48,False
sheetMask_22,마데카식애씨드[티트리]정제수,49,False
sheetMask_22,티트리추출물,54,False
sheetMask_22,티트리잎추출물,55,False
sheetMask_22,티트리꽃/잎/줄기추출물,63,False
sheetMask_22,베타인,65,False
sheetMask_22,트레할로오스,66,False
sheetMask_22,아데노신,68,False
sheetMask_22,티트리잎오일,70,False
sheetMask_22,4-터피네올,73,False
sheetMask_22,징크피씨에이,79,False
sheetMask_22,수국잎추출물[PDRN]정제수,80,False
sheetMask_22,스쿠알란,87,False
sheetMask_22,폴리글리세린-3,96,False
sheetMask_22,소듐폴리아크릴레이트,107,False
sheetMask_22,편백오일,108,False
sheetMask_22,검정콩추출물,109,False
sheetMask_22,장미추출물,110,False
sheetMask_22,다마스크장미꽃오일,111,False
sheetMask_22,덱스트린,114,False
sheetMask_22,치자추출물,115,False
sheetMask_22,사이아노코발아민,116,False
sheetMask_22,소듐디엔에이,122,False
sheetMask_22,소듐아세테이트,123,False
sheetMask_22,다이펩타이드-2,124,False
sheetMask_22,팔미토일다이펩타이드-7[비타민]정제수,125,False
sheetMask_22,토코페롤,142,False
sheetMask_22,3-O-에틸아스코빅애씨드,143,False
sheetMask_22,아스코빅애씨드,145,False
sheetMask_22,오렌지껍질추출물,146,False
sheetMask_22,황련뿌리추출물,147,False
sheetMask_22,센티드제라늄수,148,False
sheetMask_22,센티드제라늄꽃오일,153,False
sheetMask_22,유칼립투스잎수,154,False
sheetMask_22,바추잎잎추출물,158,False
sheetMask_22,갈바눔수지오일,161,False
sheetMask_22,하이알루로닉애씨드,163,False
sheetMask_22,하이드롤라이즈드하이알루로닉애씨드,164,False
sheetMask_22,하이드롤라이즈드소듐하이알루로네이트,165,False
sheetMask_22,하이드록시프로필트라이모늄하이알루로네이트,166,False
sheetMask_22,포타슘하이알루로네이트,167,False
sheetMask_22,소듐하이알루로네이트크로스폴리머,168,False
sheetMask_22,레몬씨오일,169,False
sheetMask_22,펜틸렌글라이콜,171,False
sheetMask_22,소듐아세틸레이티드하이알루로네이트,172,False
sheetMask_22,베타인살리실레이트,173,False
sheetMask_22,카프릴로일살리실릭애씨드,174,False
sheetMask_22,시트릭애씨드,175,False
sheetMask_22,락토바이오닉애씨드,176,False
sheetMask_22,다이메틸실란올하이알루로네이트,177,False
sheetMask_22,소듐하이알루로네이트다이메틸실란올[콜라겐]정제수,178,False
sheetMask_22,메틸프로판다이올,180,False
sheetMask_22,하이드롤라이즈드익스텐신,183,False
sheetMask_22,트라이에틸헥사노인,185,False
sheetMask_22,다이글리세린,186,False
sheetMask_22,카프릴릭/카프릭트라이글리세라이드,187,False
sheetMask_22,시어버터,194,False
sheetMask_22,폴리아크릴레이트-13,196,False
sheetMask_22,하이드로제네이티드폴리아이소부텐,200,False
sheetMask_22,하이드롤라이즈드옥수수전분,201,False
sheetMask_22,돌콩추출물,203,False
sheetMask_22,카라멜,204,False
sheetMask_22,스위트아몬드오일,205,False
sheetMask_22,에틸헥실팔미테이트,206,False
sheetMask_22,솔비탄아이소스테아레이트,208,False
sheetMask_22,라벤더오일,210,False
sheetMask_22,레틴알,211,False
sheetMask_22,마트리카리아꽃오일,212,False
sheetMask_22,해수,213,False
sheetMask_22,오렌지껍질오일,214,False
sheetMask_22,멕시칸주니퍼오일,215,False
sheetMask_22,레티놀,216,False
sheetMask_22,레티닐팔미테이트,217,False
sheetMask_22,소엽잎추출물,223,False
sheetMask_22,서양민들레뿌리줄기/뿌리추출물,224,False
sheetMask_22,엘라스틴,225,False
sheetMask_22,팔미토일다이펩타이드-7아세틸헥사펩타이드-8,228,False
sheetMask_22,카퍼트라이펩타이드-1,229,False
sheetMask_22,헥사펩타이드-9,230,False
sheetMask_22,노나펩타이드-1,231,False
sheetMask_22,팔미토일펜타펩타이드-4,232,False
sheetMask_22,팔미토일테트라펩타이드-7,233,False
sheetMask_22,트라이펩타이드-1,235,False
sheetMask_22,세라마이드엔피[히알루론산]정제수,236,False
sheetMask_22,옥틸도데세스-16,256,False
sheetMask_22,글루코오스,258,False
sheetMask_22,유칼립투스잎오일,259,False
sheetMask_22,베르가모트오일,261,False
sheetMask_22,글루타티온,262,False
sheetMask_22,글리세릴시트레이트/락테이트/리놀리에이트/올리에이트,265,False
sheetMask_22,폴리글리세릴-10미리스테이트,269,False
sheetMask_22,소듐하이알루로네이트다이메틸실란올,272,False
sheetMask_22,피토스테롤,280,False
sheetMask_22,글루코노락톤,281,False
sheetMask_22,세라마이드엔피,282,False
sheetMask_23,정제수,1,False
sheetMask_23,글리세린,2,True
sheetMask_23,부틸렌글라이콜,3,True
sheetMask_23,세틸에틸헥사노에이트,4,False
sheetMask_23,"1,2-헥산다이올",5,True
sheetMask_23,다이글리세린,6,False
sheetMask_23,아이리쉬모스,7,False
sheetMask_23,캐롭검,8,False
sheetMask_23,셀룰로오스검,9,False
sheetMask_23,에틸헥실올리베이트,10,False
sheetMask_23,에리스리톨,11,False
sheetMask_23,시어버터,12,False
sheetMask_23,아이리쉬모스가루,13,False
sheetMask_23,판테놀,14,False
sheetMask_23,트레할로오스,15,False
sheetMask_23,포타슘클로라이드,16,False
sheetMask_23,수크로오스,17,False
sheetMask_23,잔탄검,18,True
sheetMask_23,사카라이드아이소머레이트,19,False
sheetMask_23,폴리글리세릴-10라우레이트,20,False
sheetMask_23,글리세릴스테아레이트,21,False
sheetMask_23,알란토인,22,False
sheetMask_23,소듐아크릴레이트코폴리머,23,False
sheetMask_23,폴리글리세릴-4올리에이트,24,False
sheetMask_23,에틸헥실글리세린,25,False
sheetMask_23,덱스트린,26,False
sheetMask_23,다이소듐이디티에이,27,False
sheetMask_23,레몬밤꽃/잎/줄기수,28,False
sheetMask_23,로즈마리잎수,29,False
sheetMask_23,오렌지껍질오일,30,False
sheetMask_23,나이아신아마이드,31,False
sheetMask_23,라임전초오일,32,False
sheetMask_23,치자추출물,33,False
sheetMask_23,펜틸렌글라이콜,34,False
sheetMask_23,센티드제라늄꽃오일,35,False
sheetMask_23,로즈마리잎오일,36,False
sheetMask_23,유칼립투스잎추출물,37,False
sheetMask_23,소듐하이알루로네이트,38,True
sheetMask_23,폴스애플민트잎추출물,39,False
sheetMask_23,로즈힙열매추출물,40,False
sheetMask_23,소듐하이알루로네이트크로스폴리머,41,False
sheetMask_23,하이드롤라이즈드하이알루로닉애씨드,42,False
sheetMask_23,하이알루로닉애씨드,43,False
sheetMask_23,타임잎추출물,44,False
sheetMask_23,토코페롤,45,False
sheetMask_23,하이드롤라이즈드소듐하이알루로네이트,46,False
sheetMask_23,에스에이치-올리고펩타이드-1,47,False
sheetMask_23,비터오렌지껍질오일,48,False
sheetMask_23,리모넨*표시:beliforiginalformula+표시:식물유래향,49,False
sheetMask_24,정제수,1,False
sheetMask_24,글리세린,2,True
sheetMask_24,부틸렌글라이콜,3,True
sheetMask_24,세틸에틸헥사노에이트,4,False
sheetMask_24,나이아신아마이드,5,False
sheetMask_24,"1,2-헥산다이올",6,True
sheetMask_24,카라기난,7,False
sheetMask_24,캐롭검,8,False
sheetMask_24,카페인,9,False
sheetMask_24,아이리쉬모스가루,10,False
sheetMask_24,카프릴릭/카프릭트라이글리세라이드,11,False
sheetMask_24,에틸헥실올리베이트,12,False
sheetMask_24,셀룰로오스검,13,False
sheetMask_24,에리스리톨,14,False
sheetMask_24,포타슘클로라이드,15,False
sheetMask_24,수크로오스,16,False
sheetMask_24,잔탄검,17,True
sheetMask_24,글리세릴스테아레이트,18,False
sheetMask_24,소듐아크릴레이트코폴리머,19,False
sheetMask_24,사카라이드아이소머레이트,20,False
sheetMask_24,아이리쉬모스추출물,21,False
sheetMask_24,글루코만난,22,False
sheetMask_24,폴리글리세릴-4올리에이트,23,False
sheetMask_24,에틸헥실글리세린,24,False
sheetMask_24,덱스트린,25,False
sheetMask_24,아가,26,False
sheetMask_24,하이알루로닉애씨드,27,False
sheetMask_24,젤란검,28,False
sheetMask_24,소듐파이테이트,29,False
sheetMask_24,멘틸락테이트,30,False
sheetMask_24,시어버터,31,False
sheetMask_24,에틸멘탄카복사마이드,32,False
sheetMask_24,치자추출물,33,False
sheetMask_24,메틸다이아이소프로필프로피온아마이드,34,False
sheetMask_24,소듐하이알루로네이트,35,True
sheetMask_24,세라마이드엔피,36,False
sheetMask_24,마데카소사이드,37,False
sheetMask_24,구아이아줄렌,38,False
sheetMask_24,피토스핑고신,39,False
sheetMask_24,유비퀴논,40,False
sheetMask_24,소듐하이알루로네이트크로스폴리머-6,41,False
sheetMask_24,토코페롤,42,False
sheetMask_24,글리세릴카프릴레이트,43,False
sheetMask_24,병풀추출물,44,False
sheetMask_25,정제수,1,False
sheetMask_25,다이프로필렌글라이콜,2,False
sheetMask_25,글리세린,3,True
sheetMask_25,글리세레스-26,4,False
sheetMask_25,하이드록시아세토페논,5,False
sheetMask_25,폴리글리세릴-10라우레이트,6,False
sheetMask_25,카프릴릴글라이콜,7,False
sheetMask_25,알지닌,8,False
sheetMask_25,카보머,9,False
sheetMask_25,잔탄검,10,True
sheetMask_25,"1,2-헥산다이올",11,True
sheetMask_25,에틸헥실글리세린,12,False
sheetMask_25,소듐하이알루로네이트,13,True
sheetMask_25,알란토인,14,False
sheetMask_25,판테놀,15,False
sheetMask_25,약모밀추출물,16,False
sheetMask_25,부틸렌글라이콜,17,True
sheetMask_25,다이포타슘글리시리제이트,18,False
sheetMask_25,로즈마리잎추출물,19,False
sheetMask_25,하이드로제네이티드레시틴,20,False
sheetMask_25,나이아신아마이드,21,False
sheetMask_25,판토락톤,22,False
sheetMask_25,티트리추출물,23,False
sheetMask_25,아시아티코사이드,24,False
sheetMask_25,아시아틱애씨드,25,False
sheetMask_25,마데카식애씨드,26,False
sheetMask_25,쿼세틴,27,False
sheetMask_25,바이오플라보노이드,28,False
sheetMask_25,탄닉애씨드,29,False
sheetMask_25,다이소듐이디티에이[마데카소사이드스티커]정제수,30,False
sheetMask_25,셀룰로오스검,40,False
sheetMask_25,폴리쿼터늄-51,43,False
sheetMask_25,베타인,44,False
sheetMask_25,마데카소사이드,47,False
sheetMask_25,병풀추출물,49,False
sheetMask_25,옥틸도데칸올,52,False
sheetMask_25,엑토인,55,False
sheetMask_25,세라마이드엔피,56,False
sheetMask_25,다이소듐이디티에이[밀크스티커]정제수,60,False
sheetMask_25,아이소펜틸다이올,64,False
sheetMask_25,세테아릴에틸헥사노에이트,65,False
sheetMask_25,폴리글리세릴-3메틸글루코오스다이스테아레이트,67,False
sheetMask_25,글리세릴스테아레이트에스이,70,False
sheetMask_25,네오펜틸글라이콜다이헵타노에이트,71,False
sheetMask_25,글리세릴카프릴레이트,73,False
sheetMask_25,락토바실러스/소이밀크발효여과물,74,False
sheetMask_25,트로메타민,75,False
sheetMask_25,메틸글루코오스세스퀴스테아레이트,78,False
sheetMask_25,아데노신,79,False
sheetMask_25,모란뿌리추출물,80,False
sheetMask_25,마트리카리아꽃추출물,82,False
sheetMask_25,콜라겐추출물,90,False
sheetMask_25,트라이펩타이드-1,91,False
sheetMask_25,카퍼트라이펩타이드-1,92,False
sheetMask_25,아세틸테트라펩타이드-5,93,False
sheetMask_25,아세틸테트라펩타이드-2,94,False
sheetMask_25,팔미토일펜타펩타이드-4,95,False
sheetMask_25,팔미토일트라이펩타이드-1,96,False
sheetMask_25,헥사펩타이드-9,97,False
sheetMask_25,헥사펩타이드-11,98,False
sheetMask_25,팔미토일트라이펩타이드-5,99,False
sheetMask_25,다이소듐이디티에이[비타스티커]정제수,100,False
sheetMask_25,아스코빅애씨드,116,False
sheetMask_25,자몽추출물,117,False
sheetMask_25,토코페릴아세테이트,120,False
sheetMask_25,사이아노코발아민,124,False
sheetMask_25,글루타티온,126,False
sheetMask_25,다이소듐이디티에이[수분초히알루론스티커]정제수,129,False
sheetMask_25,메틸프로판다이올,132,False
sheetMask_25,프로판다이올,134,False
sheetMask_25,글리세릴글루코사이드,135,False
sheetMask_25,자일리틸글루코사이드,144,False
sheetMask_25,안하이드로자일리톨,145,False
sheetMask_25,자일리톨,146,False
sheetMask_25,글루코오스,148,False
sheetMask_25,돌나물추출물,149,False
sheetMask_25,하이알루로닉애씨드,151,False
sheetMask_25,메틸다이아이소프로필프로피온아마이드,153,False
sheetMask_25,멘틸락테이트,154,False
sheetMask_25,소듐구아이아줄렌설포네이트,159,False
sheetMask_25,벤질글라이콜,160,False
sheetMask_25,하이드롤라이즈드글라이코사미노글리칸,161,False
sheetMask_25,소듐하이알루로네이트크로스폴리머,162,False
sheetMask_25,하이드롤라이즈드하이알루로닉애씨드,163,False
sheetMask_25,하이드록시프로필트라이모늄하이알루로네이트,167,False
sheetMask_25,소듐아세틸레이티드하이알루로네이트,168,False
sheetMask_25,다이소듐이디티에이,169,False
sheetMask_26,정제수,1,False
sheetMask_26,메틸프로판다이올,2,False
sheetMask_26,나이아신아마이드,3,False
sheetMask_26,글리세린,4,True
sheetMask_26,"1,2-헥산다이올",5,True
sheetMask_26,부틸렌글라이콜,6,True
sheetMask_26,베타인,7,False
sheetMask_26,판테놀,8,False
sheetMask_26,알란토인,9,False
sheetMask_26,도둑놈의지팡이뿌리추출물,10,False
sheetMask_26,카보머,11,False
sheetMask_26,트레할로오스,12,False
sheetMask_26,트로메타민,13,False
sheetMask_26,에틸헥실글리세린,14,False
sheetMask_26,잔탄검,15,True
sheetMask_26,다이포타슘글리시리제이트,16,False
sheetMask_26,소듐파이테이트,17,False
sheetMask_26,인도멀구슬나무잎추출물,18,False
sheetMask_26,인도멀구슬나무꽃추출물,19,False
sheetMask_26,병풀추출물,20,False
sheetMask_26,소듐하이알루로네이트,21,True
sheetMask_26,아이비고드열매추출물,22,False
sheetMask_26,가지열매추출물,23,False
sheetMask_26,하이드롤라이즈드하이알루로닉애씨드,24,False
sheetMask_26,프로판다이올,25,False
sheetMask_26,홀리바질잎추출물,26,False
sheetMask_26,감초뿌리추출물,27,False
sheetMask_26,판토테닉애씨드,28,False
sheetMask_26,울금뿌리추출물,29,False
sheetMask_26,참산호말추출물,30,False
sheetMask_26,약모밀추출물,31,False
sheetMask_26,글리세릴올리에이트,32,False
sheetMask_26,소듐아세틸레이티드하이알루로네이트,33,False
sheetMask_26,하이드로제네이티드레시틴,34,False
sheetMask_26,라우릴글루코사이드,35,False
sheetMask_26,미리스틸글루코사이드,36,False
sheetMask_26,폴리글리세릴-6라우레이트,37,False
sheetMask_26,베타-글루칸,38,False
sheetMask_26,토코페롤,39,False
sheetMask_26,데실글루코사이드,40,False
sheetMask_26,알파-알부틴,41,False
sheetMask_26,하이알루로닉애씨드,42,False
sheetMask_26,징크피씨에이,43,False
sheetMask_26,시트릭애씨드,44,False
sheetMask_26,호호바씨오일,45,False
sheetMask_26,녹차추출물,46,False
sheetMask_26,병풀잎추출물,47,False
sheetMask_26,오카무라큰실말추출물,48,False
sheetMask_26,흰버드나무껍질추출물,49,False
sheetMask_26,커피콩추출물,50,False
sheetMask_26,베타-시토스테롤,51,False
sheetMask_26,폴리글리세릴-10스테아레이트,52,False
sheetMask_26,아시아티코사이드,53,False
sheetMask_26,마데카소사이드,54,False
sheetMask_26,아시아틱애씨드,55,False
sheetMask_26,마데카식애씨드,56,False
sheetMask_26,베르가모트잎추출물,57,False
sheetMask_26,소나무잎추출물[2번]콜라겐수,58,False
sheetMask_26,다이프로필렌글라이콜,60,False
sheetMask_26,다이메티콘,64,False
sheetMask_26,피이지-240/에이치디아이코폴리머비스-데실테트라데세스-20에터,65,False
sheetMask_26,세테아릴올리베이트,66,False
sheetMask_26,암모늄아크릴로일다이메틸타우레이트/브이피코폴리머,67,False
sheetMask_26,하이드록시에틸셀룰로오스,68,False
sheetMask_26,솔비탄올리베이트,69,False
sheetMask_26,아데노신,71,False
sheetMask_26,콜라겐,72,False
sheetMask_26,소듐디엔에이,77,False
sheetMask_26,포타슘라우레이트,78,False
sheetMask_26,비에이치티,80,False
sheetMask_26,알로에베라꽃추출물,81,False
sheetMask_26,폴리글리세릴-10올리에이트,85,False
sheetMask_26,하이드로제네이티드폴리아이소부텐,86,False
sheetMask_26,옥틸도데칸올,87,False
sheetMask_26,폴리글리세릴-10라우레이트,89,False
sheetMask_26,다마스크장미추출물,90,False
sheetMask_26,폴리락틱애씨드,91,False
sheetMask_26,트라이펩타이드-1,93,False
sheetMask_26,실리카,94,False
sheetMask_26,카퍼트라이펩타이드-1,95,False
sheetMask_26,팔미토일트라이펩타이드-1,96,False
sheetMask_26,헥사펩타이드-9,97,False
sheetMask_26,헥사펩타이드-11,98,False
sheetMask_26,아세틸테트라펩타이드-5,99,False
sheetMask_26,아세틸테트라펩타이드-2,100,False
sheetMask_26,팔미토일펜타펩타이드-4,101,False
sheetMask_26,지모뿌리추출물,102,False
sheetMask_26,팔미토일트라이펩타이드-5,103,False
sheetMask_26,다이소듐이디티에이[3번]정제수,105,False
sheetMask_26,비피다발효용해물,106,False
sheetMask_26,갈락토미세스발효여과물,107,False
sheetMask_26,메틸글루세스-20,108,False
sheetMask_26,글리세레스-26,109,False
sheetMask_26,피이지-90,112,False
sheetMask_26,페퍼민트잎추출물,114,False
sheetMask_26,버지니아풍년화추출물,115,False
sheetMask_26,마트리카리아꽃추출물,117,False
sheetMask_26,레몬그라스잎오일,118,False
sheetMask_26,솔잣나무가지/잎오일,119,False
sheetMask_26,오렌지껍질오일,120,False
sheetMask_26,라벤더오일,121,False
sheetMask_26,로즈마리잎오일,122,False
sheetMask_26,아틀라스시다나무껍질오일,123,False
sheetMask_26,알테로모나스발효추출물,124,False
sheetMask_26,염소유추출물,125,False
sheetMask_26,실크추출물,126,False
sheetMask_26,스쿠알란,127,False
sheetMask_26,폴리글리세릴-3메틸글루코오스다이스테아레이트,131,False
sheetMask_26,폴리글리세릴-3다이스테아레이트,132,False
sheetMask_26,글리세릴스테아레이트시트레이트,133,False
sheetMask_26,글리세릴스테아레이트에스이,134,False
sheetMask_26,카프릴릴글라이콜,135,False
sheetMask_26,옥틸도데세스-16,136,False
sheetMask_26,에탄올,140,False
sheetMask_26,다이소듐이디티에이,143,False
sheetMask_26,리모넨,144,False
sheetMask_26,리날룰,145,False
sheetMask_26,시트랄[4번]정제수,146,False
sheetMask_26,티트리잎추출물,149,False
sheetMask_26,다시마추출물,150,False
sheetMask_26,한련초잎추출물,151,False
sheetMask_26,베르가못잎추출물,152,False
sheetMask_26,아이슬란드이끼추출물,153,False
sheetMask_26,호장근뿌리추출물,155,False
sheetMask_26,황금추출물,156,False
sheetMask_26,당느릅나무뿌리추출물,158,False
sheetMask_26,스페인감초뿌리추출물,159,False
sheetMask_26,알로에베라잎추출물,160,False
sheetMask_26,제비꽃꽃추출물,161,False
sheetMask_26,참마뿌리추출물,162,False
sheetMask_26,로즈마리잎추출물,163,False
sheetMask_26,티트리잎오일,165,False
sheetMask_26,메틸다이아이소프로필프로피온아마이드,175,False
sheetMask_26,프룩토올리고사카라이드,177,False
sheetMask_26,하이드록시아세토페논[5번]정제수,181,False
sheetMask_26,피이지/피피지-17/6코폴리머,184,False
sheetMask_26,황련뿌리추출물,185,False
sheetMask_26,하이드록시아세토페논,187,False
sheetMask_26,하이드록시에틸우레아,188,False
sheetMask_26,아이소펜틸다이올,189,False
sheetMask_26,알지닌,192,False
sheetMask_26,소듐아스코빌포스페이트,194,False
sheetMask_26,글루타티온,195,False
sheetMask_26,피이지-60하이드로제네이티드캐스터오일,197,False
sheetMask_26,소듐폴리아크릴레이트,201,False
sheetMask_26,폴리글루타믹애씨드,207,False
sheetMask_26,프로테아제,208,False
sheetMask_26,세라마이드엔피,209,False
sheetMask_26,아스코빅애씨드,210,False
sheetMask_26,알부틴,211,False
sheetMask_26,비사보롤,212,False
sheetMask_27,정제수,1,False
sheetMask_27,글리세린,2,True
sheetMask_27,부틸렌글라이콜,3,True
sheetMask_27,나이아신아마이드,4,False
sheetMask_27,프로판다이올,5,False
sheetMask_27,다이프로필렌글라이콜,6,False
sheetMask_27,"1,2-헥산다이올",7,True
sheetMask_27,글리세레스-26,8,False
sheetMask_27,하이드록시아세토페논,9,False
sheetMask_27,카보머,10,False
sheetMask_27,알지닌,11,False
sheetMask_27,카놀라오일,12,False
sheetMask_27,폴리글리세릴-10라우레이트,13,False
sheetMask_27,병풀추출물,14,False
sheetMask_27,해바라기씨오일,15,False
sheetMask_27,다이소듐이디티에이,16,False
sheetMask_27,폴리글리세릴-4라우레이트,17,False
sheetMask_27,잔탄검,18,True
sheetMask_27,메도우폼씨오일,19,False
sheetMask_27,마데카소사이드,20,False
sheetMask_27,폴리글리세릴-10스테아레이트,21,False
sheetMask_27,아르간커넬오일,22,False
sheetMask_27,연필향나무오일,23,False
sheetMask_27,서양배추출물,24,False
sheetMask_27,판토락톤,25,False
sheetMask_27,호호바씨오일,26,False
sheetMask_27,다마스크장미꽃수,27,False
sheetMask_27,광곽향오일,28,False
sheetMask_27,글리세릴글루코사이드,29,False
sheetMask_27,병풀잎추출물,30,False
sheetMask_27,아이리쉬모스추출물,31,False
sheetMask_27,오리스뿌리추출물,32,False
sheetMask_27,멜론추출물,33,False
sheetMask_27,불가리스쑥오일,34,False
sheetMask_27,서양송악잎/줄기추출물,35,False
sheetMask_27,로즈마리잎오일,36,False
sheetMask_27,흰목이버섯폴리사카라이드,37,False
sheetMask_27,밤부사불가리스잎추출물,38,False
sheetMask_27,아마씨추출물,39,False
sheetMask_27,향부자추출물,40,False
sheetMask_27,하이드로제네이티드레시틴,41,False
sheetMask_27,판테놀,42,False
sheetMask_27,판토테닉애씨드,43,False
sheetMask_27,소듐하이알루로네이트,44,True
sheetMask_27,에틸헥실글리세린,45,False
sheetMask_27,수국잎추출물,46,False
sheetMask_27,아시아틱애씨드,47,False
sheetMask_27,아시아티코사이드,48,False
sheetMask_27,마데카식애씨드,49,False
sheetMask_28,정제수,1,False
sheetMask_28,글리세린,2,True
sheetMask_28,메틸프로판다이올,3,False
sheetMask_28,카프릴릭/카프릭트라이글리세라이드,4,False
sheetMask_28,세틸에틸헥사노에이트,5,False
sheetMask_28,다이프로필렌글라이콜,6,False
sheetMask_28,락토바실러스발효물,7,False
sheetMask_28,소듐디엔에이,8,False
sheetMask_28,하이드롤라이즈드콜라겐,9,False
sheetMask_28,아세틸다이펩타이드-1세틸에스터,10,False
sheetMask_28,다이펩타이드다이아미노부티로일벤질아마이드다이아세테이트,11,False
sheetMask_28,헥사펩타이드-2,12,False
sheetMask_28,아세틸헥사펩타이드-8,13,False
sheetMask_28,팔미토일트라이펩타이드-1,14,False
sheetMask_28,아스코빅애씨드폴리펩타이드,15,False
sheetMask_28,팔미토일테트라펩타이드-7,16,False
sheetMask_28,아세틸옥타펩타이드-3,17,False
sheetMask_28,아세틸테트라펩타이드-2,18,False
sheetMask_28,아세틸테트라펩타이드-3,19,False
sheetMask_28,아세틸테트라펩타이드-5,20,False
sheetMask_28,아세틸테트라펩타이드-9,21,False
sheetMask_28,카퍼트라이펩타이드-1,22,False
sheetMask_28,노나펩타이드-1,23,False
sheetMask_28,팔미토일펜타펩타이드-4,24,False
sheetMask_28,팔미토일트라이펩타이드-5,25,False
sheetMask_28,세라마이드엔피,26,False
sheetMask_28,암모늄아크릴로일다이메틸타우레이트/브이피코폴리머,27,False
sheetMask_28,아크릴레이트/C10-30알킬아크릴레이트크로스폴리머,28,False
sheetMask_28,아데노신,29,False
sheetMask_28,백미꽃추출물,30,False
sheetMask_28,판테놀,31,False
sheetMask_28,토코페롤,32,False
sheetMask_28,알란토인,33,False
sheetMask_28,풀루란,34,False
sheetMask_28,타피오카전분,35,False
sheetMask_28,녹두싹추출물,36,False
sheetMask_28,밀싹추출물,37,False
sheetMask_28,브로콜리싹추출물,38,False
sheetMask_28,진흙버섯추출물,39,False
sheetMask_28,접시꽃추출물,40,False
sheetMask_28,허니로커스트씨추출물,41,False
sheetMask_28,키토산,42,False
sheetMask_28,부틸렌글라이콜,43,True
sheetMask_28,하이드록시아세토페논,44,False
sheetMask_28,폴리글리세릴-6스테아레이트,45,False
sheetMask_28,세테아릴올리베이트,46,False
sheetMask_28,"1,2-헥산다이올",47,True
sheetMask_28,솔비탄올리베이트,48,False
sheetMask_28,트레할로오스,49,False
sheetMask_28,트로메타민,50,False
sheetMask_28,프로판다이올,51,False
sheetMask_28,에틸헥실글리세린,52,False
sheetMask_28,카프릴릴글라이콜,53,False
sheetMask_28,폴리글리세릴-6베헤네이트,54,False
sheetMask_28,폴리글리세릴-10아이소스테아레이트,55,False
sheetMask_28,폴리글리세릴-10올리에이트,56,False
sheetMask_28,하이드로제네이티드폴리아이소부텐,57,False
sheetMask_28,소듐파이테이트,58,False
sheetMask_28,사이아노코발아민,59,False
sheetMask_28,베타인,60,False
sheetMask_28,프룩토올리고사카라이드,61,False
sheetMask_28,베타-글루칸,62,False
sheetMask_28,프룩탄,63,False
sheetMask_28,솔비탄라우레이트,64,False
sheetMask_28,펜틸렌글라이콜,65,False
sheetMask_28,하이드록시에틸셀룰로오스,66,False
sheetMask_28,이눌린,67,False
sheetMask_28,소듐락테이트,68,False
sheetMask_28,폴리솔베이트20,69,False
sheetMask_28,글리세릴카프릴레이트,70,False
sheetMask_28,하이드로제네이티드레시틴,71,False
sheetMask_28,콜레스테롤,72,False
sheetMask_28,바이오틴,73,False
sheetMask_28,카르노신,74,False
sheetMask_28,카페인,75,False
sheetMask_28,잔탄검,76,True
sheetMask_28,카보머,77,False
sheetMask_28,향료[콜라겐리모델링세럼겔마스크]:정제수,78,False
sheetMask_28,아크릴레이트/에틸헥실아크릴레이트코폴리머,81,False
sheetMask_28,아이리쉬모스가루,83,False
sheetMask_28,캐롭검,84,False
sheetMask_28,그롬웰뿌리추출물,85,False
sheetMask_28,카카오추출물,86,False
sheetMask_28,콜라겐,88,False
sheetMask_28,콜라겐추출물,89,False
sheetMask_28,수용성콜라겐,90,False
sheetMask_28,글리세레스-26,93,False
sheetMask_28,하이드록시에틸우레아,95,False
sheetMask_28,셀룰로오스검,98,False
sheetMask_28,포타슘클로라이드,100,False
sheetMask_28,글루코만난,101,False
sheetMask_28,구아검,102,False
sheetMask_28,덱스트린,104,False
sheetMask_28,다이포타슘글리시리제이트,105,False
sheetMask_28,폴리글리세릴-10라우레이트,107,False
sheetMask_28,젤란검,109,False
sheetMask_28,아가,110,False
sheetMask_28,다이팔미토일하이드록시프롤린,111,False
sheetMask_28,글라이코젠,112,False
sheetMask_28,하이드롤라이즈드글라이코사미노글리칸,113,False
sheetMask_28,매스틱검,114,False
sheetMask_28,알지닌,115,False
sheetMask_28,하이드롤라이즈드엘라스틴,117,False
sheetMask_28,페네틸알코올,136,False
sheetMask_28,구아이아줄렌[콜라겐리모델링세럼마스크]:정제수,137,False
sheetMask_28,소듐하이알루로네이트,155,True
sheetMask_28,다이펩타이드-15,168,False
sheetMask_28,하이드롤라이즈드하이알루로닉애씨드,171,False
sheetMask_28,아세틸헥사펩타이드-1,182,False
sheetMask_28,콜라겐아미노산,183,False
sheetMask_29,정제수,1,False
sheetMask_29,나이아신아마이드,2,False
sheetMask_29,부틸렌글라이콜,3,True
sheetMask_29,글리세레스-26,4,False
sheetMask_29,메틸프로판다이올,5,False
sheetMask_29,만다린추출물,6,False
sheetMask_29,소듐하이알루로네이트,7,True
sheetMask_29,황련뿌리추출물,8,False
sheetMask_29,인도멀구슬나무꽃추출물,9,False
sheetMask_29,홀리바질잎추출물,10,False
sheetMask_29,인도멀구슬나무잎추출물,11,False
sheetMask_29,베르가모트오일,12,False
sheetMask_29,울금뿌리추출물,13,False
sheetMask_29,하이드롤라이즈드호호바에스터,14,False
sheetMask_29,참산호말추출물,15,False
sheetMask_29,백미꽃추출물,16,False
sheetMask_29,레몬껍질오일,17,False
sheetMask_29,접시꽃추출물,18,False
sheetMask_29,라벤더오일,19,False
sheetMask_29,일랑일랑꽃오일,20,False
sheetMask_29,오렌지껍질오일,21,False
sheetMask_29,유칼립투스잎추출물,22,False
sheetMask_29,흰목이버섯추출물,23,False
sheetMask_29,다이프로필렌글라이콜,24,False
sheetMask_29,하이드록시아세토페논,25,False
sheetMask_29,"1,2-헥산다이올",26,True
sheetMask_29,트로메타민,27,False
sheetMask_29,프로판다이올,28,False
sheetMask_29,카프릴릴글라이콜,29,False
sheetMask_29,에틸헥실글리세린,30,False
sheetMask_29,아데노신,31,False
sheetMask_29,암모늄아크릴로일다이메틸타우레이트/브이피코폴리머,32,False
sheetMask_29,폴리글리세릴-10아이소스테아레이트,33,False
sheetMask_29,폴리글리세릴-10올리에이트,34,False
sheetMask_29,알란토인,35,False
sheetMask_29,아스코빅애씨드,36,False
sheetMask_29,하이드록시프로필사이클로덱스트린,37,False
sheetMask_29,글리세린,38,True
sheetMask_29,글루타티온,39,False
sheetMask_29,포타슘하이드록사이드,40,False
sheetMask_29,티옥틱애씨드,41,False
sheetMask_29,3-O-에틸아스코빅애씨드,42,False
sheetMask_29,소듐아스코빌포스페이트,43,False
sheetMask_29,아스코빌글루코사이드,44,False
sheetMask_29,토코페롤,45,False
sheetMask_29,유비퀴논,46,False
sheetMask_29,카보머,47,False
sheetMask_29,잔탄검,48,True
sheetMask_29,다이소듐이디티에이,49,False
sheetMask_29,카페인,50,False
sheetMask_30,정제수,1,False
sheetMask_30,프로판다이올,2,False
sheetMask_30,다이프로필렌글라이콜,3,False
sheetMask_30,나이아신아마이드,4,False
sheetMask_30,글리세린,5,True
sheetMask_30,"1,2-헥산다이올",6,True
sheetMask_30,트레할로오스,7,False
sheetMask_30,하이드록시아세토페논,8,False
sheetMask_30,알지닌,9,False
sheetMask_30,카보머,10,False
sheetMask_30,폴리글리세릴-10라우레이트,11,False
sheetMask_30,에틸헥실글리세린,12,False
sheetMask_30,폴리글리세릴-4라우레이트,13,False
sheetMask_30,잔탄검,14,True
sheetMask_30,다이소듐이디티에이,15,False
sheetMask_30,옥틸도데세스-16,16,False
sheetMask_30,연필향나무오일,17,False
sheetMask_30,마데카소사이드,18,False
sheetMask_30,서양배추출물,19,False
sheetMask_30,호호바씨오일,20,False
sheetMask_30,다마스크장미꽃수,21,False
sheetMask_30,광곽향오일,22,False
sheetMask_30,글리세릴아크릴레이트/아크릴릭애씨드코폴리머,23,False
sheetMask_30,오리스뿌리추출물,24,False
sheetMask_30,멜론추출물,25,False
sheetMask_30,불가리스쑥오일,26,False
sheetMask_30,서양송악잎/줄기추출물,27,False
sheetMask_30,로즈마리잎오일,28,False
sheetMask_30,부틸렌글라이콜,29,True
sheetMask_30,해수,30,False
sheetMask_30,소듐하이알루로네이트,31,True
sheetMask_30,병풀추출물,32,False
sheetMask_30,소듐하이알루로네이트크로스폴리머,33,False
sheetMask_30,하이드롤라이즈드글라이코사미노글리칸,34,False
sheetMask_30,하이드로제네이티드레시틴,35,False
sheetMask_30,향부자추출물,36,False
sheetMask_30,벤질글라이콜,37,False
sheetMask_30,하이드롤라이즈드하이알루로닉애씨드,38,False
sheetMask_30,하이알루로닉애씨드,39,False
sheetMask_30,판테놀,40,False
sheetMask_30,세라마이드엔피[PDRN]정제수,41,False
sheetMask_30,글리세레스-26,45,False
sheetMask_30,다마스크장미추출물,47,False
sheetMask_30,카놀라오일,53,False
sheetMask_30,아데노신,55,False
sheetMask_30,해바라기씨오일,56,False
sheetMask_30,메도우폼씨오일,57,False
sheetMask_30,폴리글리세릴-10스테아레이트,60,False
sheetMask_30,하이드록시에틸셀룰로오스,62,False
sheetMask_30,아르간커넬오일,63,False
sheetMask_30,치자나무꽃추출물,65,False
sheetMask_30,락토바실러스발효물,66,False
sheetMask_30,양까막까치밥나무잎추출물,67,False
sheetMask_30,첨차잎추출물,68,False
sheetMask_30,센티드제라늄꽃오일,71,False
sheetMask_30,스쿠알란,72,False
sheetMask_30,검정콩추출물,73,False
sheetMask_30,무화과추출물,74,False
sheetMask_30,밤껍질추출물,75,False
sheetMask_30,버지니아풍년화잎수,76,False
sheetMask_30,퀴노아씨추출물,77,False
sheetMask_30,밤부사불가리스잎추출물,80,False
sheetMask_30,아마씨추출물,81,False
sheetMask_30,소듐디엔에이,83,False
sheetMask_30,글루코노락톤,84,False
sheetMask_30,세라마이드엔피[콜라겐]정제수,85,False
sheetMask_30,메틸프로판다이올,87,False
sheetMask_30,하이드롤라이즈드익스텐신,90,False
sheetMask_30,베타인,95,False
sheetMask_30,아미노부티릭애씨드,106,False
sheetMask_30,스위트아몬드오일,108,False
sheetMask_30,글리세릴글루코사이드,109,False
sheetMask_30,소듐폴리아크릴레이트,110,False
sheetMask_30,라벤더오일,112,False
sheetMask_30,흰목이버섯폴리사카라이드,114,False
sheetMask_30,마트리카리아꽃오일,115,False
sheetMask_30,오렌지껍질오일,116,False
sheetMask_30,소엽잎추출물,117,False
sheetMask_30,서양민들레뿌리줄기/뿌리추출물,118,False
sheetMask_30,멕시칸주니퍼오일,119,False
sheetMask_30,엘라스틴,120,False
sheetMask_30,카프릴릭/카프릭트라이글리세라이드,122,False
sheetMask_30,아세틸헥사펩타이드-8,123,False
sheetMask_30,카퍼트라이펩타이드-1,124,False
sheetMask_30,헥사펩타이드-9,125,False
sheetMask_30,노나펩타이드-1,126,False
sheetMask_30,팔미토일펜타펩타이드-4,127,False
sheetMask_30,팔미토일테트라펩타이드-7,128,False
sheetMask_30,트라이펩타이드-1,129,False
sheetMask_30,세라마이드엔피[티트리]정제수,130,False
sheetMask_30,티트리추출물,134,False
sheetMask_30,트루로즈오브예리코추출물,148,False
sheetMask_30,티트리잎오일,149,False
sheetMask_30,폴리쿼터늄-51,150,False
sheetMask_30,베르가모트오일,152,False
sheetMask_30,티트리잎추출물,153,False
sheetMask_30,4-터피네올,154,False
sheetMask_30,티트리꽃/잎/줄기추출물,157,False
sheetMask_30,티트리잎수,158,False
sheetMask_30,화이트티트리잎추출물,159,False
sheetMask_30,소두구씨오일,163,False
sheetMask_30,세라마이드엔피[히알루론산]정제수,165,False
sheetMask_30,다이메틸실란올하이알루로네이트,196,False
sheetMask_30,글루타티온,198,False
sheetMask_30,하이드롤라이즈드소듐하이알루로네이트,201,False
sheetMask_30,하이드록시프로필트라이모늄하이알루로네이트,202,False
sheetMask_30,포타슘하이알루로네이트,203,False
sheetMask_30,소듐아세틸레이티드하이알루로네이트,204,False
sheetMask_30,소듐하이알루로네이트다이메틸실란올,206,False
sheetMask_30,피토스테롤,207,False
sheetMask_30,세라마이드엔피[세라마이드]정제수,208,False
sheetMask_30,트라이에틸헥사노인,211,False
sheetMask_30,시어버터,213,False
sheetMask_30,글리세릴스테아레이트,214,False
sheetMask_30,폴리글리세릴-3메틸글루코오스다이스테아레이트,216,False
sheetMask_30,아크릴레이트/C10-30알킬아크릴레이트크로스폴리머,220,False
sheetMask_30,향료,224,False
sheetMask_30,팔미틱애씨드,225,False
sheetMask_30,스테아릭애씨드,227,False
sheetMask_30,세라마이드엔피,228,False
sheetMask_30,글라이신,238,False
sheetMask_30,글루타믹애씨드,239,False
sheetMask_30,아스파틱애씨드,240,False
sheetMask_30,소듐클로라이드,242,False
sheetMask_30,엑토인,244,False
sheetMask_30,히스티딘,245,False
sheetMask_30,세린,246,False
sheetMask_30,시트릭애씨드,247,False
sheetMask_30,알라닌,248,False
sheetMask_30,프롤린,249,False
sheetMask_30,트레오닌,250,False
sheetMask_30,마그네슘클로라이드,251,False
sheetMask_30,칼슘클로라이드,252,False
sheetMask_30,세라마이드에이피,253,False
sheetMask_30,세라마이드이오피,254,False
sheetMask_30,세라마이드엔에스[비타민씨]정제수,255,False
sheetMask_30,귤껍질추출물,261,False
sheetMask_30,비타민나무추출물,262,False
sheetMask_30,하이드록시에틸우레아,269,False
sheetMask_30,3-O-에틸아스코빅애씨드,275,False
sheetMask_30,글루코오스,277,False
sheetMask_30,시트로넬올,278,False
sheetMask_30,바이오틴,280,False
sheetMask_30,카르니틴에이치씨엘,281,False
sheetMask_30,폴릭애씨드,282,False
sheetMask_30,헤스페리딘,283,False
sheetMask_30,메나다이온,284,False
sheetMask_30,피리독신에이치씨엘,285,False
sheetMask_30,리보플라빈,286,False
sheetMask_30,티아민에이치씨엘,287,False
sheetMask_30,토코페릴아세테이트,288,False
sheetMask_30,제라니올,289,False
sheetMask_30,황련뿌리추출물,290,False
sheetMask_30,아스코빅애씨드,292,False
sunCream_01,정제수,1,False
sunCream_01,다이부틸아디페이트,2,False
sunCream_01,프로판다이올,3,False
sunCream_01,티타늄디옥사이드,4,False
sunCream_01,다이아이소부틸아디페이트,5,False
sunCream_01,부틸옥틸살리실레이트,6,False
sunCream_01,카프릴릭/카프릭트라이글리세라이드,7,False
sunCream_01,디에칠아미노하이드록시벤조일헥실벤조에이트,8,False
sunCream_01,에칠헥실트리아존,9,False
sunCream_01,다이카프릴릴카보네이트,10,False
sunCream_01,나이아신아마이드,11,False
sunCream_01,글리세린,12,False
sunCream_01,디에칠헥실부타미도트리아존,13,False
sunCream_01,"1,2-헥산다이올",14,True
sunCream_01,메틸트라이메티콘,15,False
sunCream_01,귀리커넬추출물,16,False
sunCream_01,아티초크잎추출물,17,False
sunCream_01,쌀추출물,18,False
sunCream_01,녹차수,19,False
sunCream_01,하이드로제네이티드레시틴,20,False
sunCream_01,펜틸렌글라이콜,21,False
sunCream_01,다이메티콘/비닐다이메티콘크로스폴리머,22,False
sunCream_01,폴리하이드록시스테아릭애씨드,23,False
sunCream_01,브이피/에이코신코폴리머,24,False
sunCream_01,암모늄폴리아크릴로일다이메틸타우레이트,25,False
sunCream_01,스테아릭애씨드,26,False
sunCream_01,메틸프로판다이올,27,False
sunCream_01,소듐폴리아크릴로일다이메틸타우레이트,28,False
sunCream_01,부틸렌글라이콜,29,False
sunCream_01,알루미나,30,False
sunCream_01,다이메티콘올,31,False
sunCream_01,트라이실록세인,32,False
sunCream_01,판테놀,33,False
sunCream_01,하이드록시프로필메틸셀룰로오스스테아록시에터,34,False
sunCream_01,소듐아크릴레이트/비닐알코올코폴리머,35,False
sunCream_01,에틸헥실글리세린,36,False
sunCream_01,폴리아크릴레이트크로스폴리머-6,37,False
sunCream_01,아데노신,38,False
sunCream_01,실리카,39,False
sunCream_01,소듐아크릴릭애씨드/엠에이코폴리머,40,False
sunCream_01,소듐폴리아크릴레이트,41,False
sunCream_01,잔탄검,42,False
sunCream_01,폴리쿼터늄-51,43,False
sunCream_01,베타-글루칸,44,False
sunCream_01,t-부틸알코올,45,False
sunCream_01,카프릴릴글라이콜,46,False
sunCream_01,트라이에톡시카프릴릴실레인,47,False
sunCream_01,폴리에터-1,48,False
sunCream_01,토코페롤,49,False
sunCream_01,산소,50,False
sunCream_01,향료,51,False
sunCream_01,울트라마린[생기톤업]정제수,52,False
sunCream_01,적색산화철[초록톤업]정제수,97,False
sunCream_01,동백나무씨추출물,115,False
sunCream_01,"2,3-부탄다이올",119,False
sunCream_01,라우릴락테이트,122,False
sunCream_01,폴리메틸실세스퀴옥세인,124,False
sunCream_01,셀룰로오스검,126,False
sunCream_01,코코-카프릴레이트/카프레이트,128,False
sunCream_01,소듐스테아로일글루타메이트,137,False
sunCream_01,이눌린라우릴카바메이트,142,False
sunCream_01,3-O-에틸아스코빅애씨드,146,False
sunCream_01,메틸메타크릴레이트크로스폴리머,154,False
sunCream_01,크로뮴옥사이드그린,158,False
sunCream_01,황색산화철,159,False
sunCream_01,피씨에이글리세릴올리에이트,160,False
sunCream_02,정제수,1,False
sunCream_02,다이부틸아디페이트,2,False
sunCream_02,프로판다이올,3,False
sunCream_02,디에칠아미노하이드록시벤조일헥실벤조에이트,4,False
sunCream_02,폴리메틸실세스퀴옥세인,5,False
sunCream_02,에칠헥실트리아존,6,False
sunCream_02,나이아신아마이드,7,False
sunCream_02,메칠렌비스-벤조트리아졸릴테트라메칠부틸페놀,8,False
sunCream_02,코코-카프릴레이트/카프레이트,9,False
sunCream_02,카프릴릴메티콘,10,False
sunCream_02,디에칠헥실부타미도트리아존,11,False
sunCream_02,글리세린,12,False
sunCream_02,"1,2-헥산다이올",13,True
sunCream_02,부틸렌글라이콜,14,False
sunCream_02,자작나무수액,15,False
sunCream_02,소듐하이알루로네이트,16,False
sunCream_02,하이알루로닉애씨드,17,False
sunCream_02,글리세릴글루코사이드,18,False
sunCream_02,다이포타슘글리시리제이트,19,False
sunCream_02,알란토인,20,False
sunCream_02,쇠비름추출물,21,False
sunCream_02,개똥쑥추출물,22,False
sunCream_02,구주소나무잎오일,23,False
sunCream_02,마트리카리아꽃오일,24,False
sunCream_02,아크릴레이트/C10-30알킬아크릴레이트크로스폴리머,25,False
sunCream_02,소듐스테아로일글루타메이트,26,False
sunCream_02,폴리아크릴레이트크로스폴리머-6,27,False
sunCream_02,에틸헥실글리세린,28,False
sunCream_02,아스코빅애씨드,29,False
sunCream_02,아데노신,30,False
sunCream_02,펜틸렌글라이콜,31,False
sunCream_02,베헤닐알코올,32,False
sunCream_02,폴리C10-30알킬아크릴레이트,33,False
sunCream_02,폴리글리세릴-3메틸글루코오스다이스테아레이트,34,False
sunCream_02,데실글루코사이드,35,False
sunCream_02,트로메타민,36,False
sunCream_02,잔탄검,37,False
sunCream_02,t-부틸알코올,38,False
sunCream_02,토코페롤,39,False
sunCream_02,카보머,40,False
sunCream_03,정제수,1,False
sunCream_03,사이클로펜타실록세인,2,False
sunCream_03,징크옥사이드,3,False
sunCream_03,호모살레이트,4,False
sunCream_03,에칠헥실살리실레이트,5,False
sunCream_03,폴리글리세릴-3폴리다이메틸실록시에틸다이메티콘,6,False
sunCream_03,부틸렌글라이콜다이카프릴레이트/다이카프레이트,7,False
sunCream_03,프로필헵틸카프릴레이트,8,False
sunCream_03,글리세린,9,False
sunCream_03,나이아신아마이드,10,False
sunCream_03,다이프로필렌글라이콜,11,False
sunCream_03,메틸메타크릴레이트크로스폴리머,12,False
sunCream_03,티타늄디옥사이드,13,False
sunCream_03,디에칠아미노하이드록시벤조일헥실벤조에이트,14,False
sunCream_03,부틸옥틸살리실레이트,15,False
sunCream_03,비스-에칠헥실옥시페놀메톡시페닐트리아진,16,False
sunCream_03,알로에베라잎추출물,17,False
sunCream_03,마트리카리아꽃추출물,18,False
sunCream_03,가시대나무줄기추출물,19,False
sunCream_03,멕시칸치아씨추출물,20,False
sunCream_03,병풀추출물,21,False
sunCream_03,쇠비름추출물,22,False
sunCream_03,약모밀추출물,23,False
sunCream_03,울금뿌리추출물,24,False
sunCream_03,포트마리골드꽃추출물,25,False
sunCream_03,바오밥나무씨오일,26,False
sunCream_03,소듐하이알루로네이트,27,False
sunCream_03,달맞이꽃오일,28,False
sunCream_03,다이스테아다이모늄헥토라이트,29,False
sunCream_03,마그네슘설페이트,30,False
sunCream_03,칼슘알루미늄보로실리케이트,31,False
sunCream_03,솔비탄카프릴레이트,32,False
sunCream_03,폴리글리세릴-6폴리리시놀리에이트,33,False
sunCream_03,트라이에톡시카프릴릴실레인,34,False
sunCream_03,마이카,35,False
sunCream_03,스테아릭애씨드,36,False
sunCream_03,알루미늄하이드록사이드,37,False
sunCream_03,부틸렌글라이콜,38,False
sunCream_03,글리세릴카프릴레이트,39,False
sunCream_03,아데노신,40,False
sunCream_03,프로판다이올,41,False
sunCream_03,판테놀,42,False
sunCream_03,사카라이드하이드롤리세이트,43,False
sunCream_03,드럼스틱씨오일,44,False
sunCream_03,프로필렌글라이콜,45,False
sunCream_03,토코페롤,46,False
sunCream_03,산소,47,False
sunCream_03,"1,2-헥산다이올",48,True
sunCream_03,향료,49,False
sunCream_03,에틸헥실글리세린,50,False
sunCream_03,펜틸렌글라이콜,51,False
sunCream_04,정제수,1,False
sunCream_04,다이부틸아디페이트,2,False
sunCream_04,프로판다이올,3,False
sunCream_04,폴리메틸실세스퀴옥세인,4,False
sunCream_04,다이아이소프로필세바케이트,5,False
sunCream_04,디에칠아미노하이드록시벤조일헥실벤조에이트,6,False
sunCream_04,에칠헥실트리아존,7,False
sunCream_04,메칠렌비스-벤조트리아졸릴테트라메칠부틸페놀,8,False
sunCream_04,코코-카프릴레이트/카프레이트,9,False
sunCream_04,디에칠헥실부타미도트리아존,10,False
sunCream_04,부틸렌글라이콜,11,False
sunCream_04,글리세린,12,False
sunCream_04,"1,2-헥산다이올",13,True
sunCream_04,카프릴릴메티콘,14,False
sunCream_04,약모밀추출물,15,False
sunCream_04,펜틸렌글라이콜,16,False
sunCream_04,베헤닐알코올,17,False
sunCream_04,폴리C10-30알킬아크릴레이트,18,False
sunCream_04,폴리글리세릴-3메틸글루코오스다이스테아레이트,19,False
sunCream_04,데실글루코사이드,20,False
sunCream_04,트로메타민,21,False
sunCream_04,카보머,22,False
sunCream_04,아크릴레이트/C10-30알킬아크릴레이트크로스폴리머,23,False
sunCream_04,소듐스테아로일글루타메이트,24,False
sunCream_04,폴리아크릴레이트크로스폴리머-6,25,False
sunCream_04,에틸헥실글리세린,26,False
sunCream_04,잔탄검,27,False
sunCream_04,t-부틸알코올,28,False
sunCream_04,토코페롤,29,False
sunCream_05,정제수,1,False
sunCream_05,프로판다이올,2,False
sunCream_05,부틸옥틸살리실레이트,3,False
sunCream_05,다이카프릴릴카보네이트,4,False
sunCream_05,티타늄디옥사이드,5,False
sunCream_05,다이아이소프로필세바케이트,6,False
sunCream_05,"2,3-부탄다이올",7,False
sunCream_05,디에칠아미노하이드록시벤조일헥실벤조에이트,8,False
sunCream_05,폴리실리콘-15,9,False
sunCream_05,나이아신아마이드,10,False
sunCream_05,다이부틸아디페이트,11,False
sunCream_05,에칠헥실트리아존,12,False
sunCream_05,"1,2-헥산다이올",13,True
sunCream_05,흰서양송로추출물,14,False
sunCream_05,아이비고드열매추출물,15,False
sunCream_05,한련초추출물,16,False
sunCream_05,별꽃추출물,17,False
sunCream_05,약모밀추출물,18,False
sunCream_05,쇠비름추출물,19,False
sunCream_05,바오밥나무잎추출물,20,False
sunCream_05,부들레야추출물,21,False
sunCream_05,올리브나무잎추출물,22,False
sunCream_05,타임추출물,23,False
sunCream_05,라벤더꽃추출물,24,False
sunCream_05,병풀추출물,25,False
sunCream_05,오렌지오일,26,False
sunCream_05,호호바씨오일,27,False
sunCream_05,필리핀오렌지껍질오일,28,False
sunCream_05,리씨열매오일,29,False
sunCream_05,살비아잎수,30,False
sunCream_05,수레국화꽃수,31,False
sunCream_05,펜틸렌글라이콜,32,False
sunCream_05,코코-카프릴레이트/카프레이트,33,False
sunCream_05,부틸렌글라이콜,34,False
sunCream_05,브이피/에이코신코폴리머,35,False
sunCream_05,메틸프로판다이올,36,False
sunCream_05,폴리글리세릴-2카프레이트,37,False
sunCream_05,글리세린,38,False
sunCream_05,수크로오스스테아레이트,39,False
sunCream_05,암모늄아크릴로일다이메틸타우레이트/브이피코폴리머,40,False
sunCream_05,폴리아크릴레이트크로스폴리머-6,41,False
sunCream_05,알루미나,42,False
sunCream_05,하이드록시프로필메틸셀룰로오스스테아록시에터,43,False
sunCream_05,폴리하이드록시스테아릭애씨드,44,False
sunCream_05,스테아릭애씨드,45,False
sunCream_05,에틸헥실글리세린,46,False
sunCream_05,이눌린라우릴카바메이트,47,False
sunCream_05,글리세릴카프릴레이트,48,False
sunCream_05,잔탄검,49,False
sunCream_05,트라이에톡시카프릴릴실레인,50,False
sunCream_05,아데노신,51,False
sunCream_05,스쿠알란,52,False
sunCream_05,폴리에터-1,53,False
sunCream_05,락토바실러스발효물,54,False
sunCream_05,토코페롤,55,False
sunCream_05,글루타티온,56,False
sunCream_05,알란토인,57,False
sunCream_05,판테놀,58,False
sunCream_05,타라검,59,False
sunCream_05,바이오사카라이드검-1,60,False
sunCream_05,하이드롤라이즈드하이알루로닉애씨드,61,False
sunCream_05,말토덱스트린,62,False
sunCream_05,포도주,63,False
sunCream_05,울트라마린,64,False
sunCream_05,리모넨,65,False
sunCream_05,시트랄,66,False
sunCream_06,전성분정제수,1,False
sunCream_06,다이부틸아디페이트,2,False
sunCream_06,프로판다이올,3,False
sunCream_06,부틸옥틸살리실레이트,4,False
sunCream_06,에칠헥실트리아존,5,False
sunCream_06,메틸메타크릴레이트크로스폴리머,6,False
sunCream_06,비스-에칠헥실옥시페놀메톡시페닐트리아진,7,False
sunCream_06,옥토크릴렌,8,False
sunCream_06,나이아신아마이드,9,False
sunCream_06,테레프탈릴리덴디캠퍼설포닉애씨드,10,False
sunCream_06,알지닌,11,False
sunCream_06,다이메티콘올,12,False
sunCream_06,메틸프로판다이올,13,False
sunCream_06,폴리메틸실세스퀴옥세인,14,False
sunCream_06,"1,2-헥산다이올",15,True
sunCream_06,펜틸렌글라이콜,16,False
sunCream_06,C11-13아이소알케인,17,False
sunCream_06,하이드록시에틸우레아,18,False
sunCream_06,부틸렌글라이콜,19,False
sunCream_06,베헤닐알코올,20,False
sunCream_06,폴리글리세릴-3메틸글루코오스다이스테아레이트,21,False
sunCream_06,다이프로필렌글라이콜,22,False
sunCream_06,카보머,23,False
sunCream_06,아이소도데케인,24,False
sunCream_06,폴리C10-30알킬아크릴레이트,25,False
sunCream_06,다이메티콘/비닐다이메티콘크로스폴리머,26,False
sunCream_06,폴리에터-1,27,False
sunCream_06,스핑고모나스발효추출물,28,False
sunCream_06,에틸헥실글리세린,29,False
sunCream_06,병풀잎추출물,30,False
sunCream_06,아데노신,31,False
sunCream_06,서양배추출물,32,False
sunCream_06,소듐스테아로일글루타메이트,33,False
sunCream_06,연필향나무오일,34,False
sunCream_06,마데카소사이드,35,False
sunCream_06,소듐하이알루로네이트,36,False
sunCream_06,다마스크장미꽃수,37,False
sunCream_06,멜론추출물,38,False
sunCream_06,오리스뿌리추출물,39,False
sunCream_06,서양송악잎/줄기추출물,40,False
sunCream_06,호호바씨오일,41,False
sunCream_06,광곽향오일,42,False
sunCream_06,불가리스쑥오일,43,False
sunCream_06,마이크로크리스탈린셀룰로오스,44,False
sunCream_06,로즈마리잎오일,45,False
sunCream_06,병풀추출물,46,False
sunCream_06,셀룰로오스검,47,False
sunCream_06,토코페롤,48,False
sunCream_06,하이드롤라이즈드하이알루로닉애씨드,49,False
sunCream_06,하이드롤라이즈드소듐하이알루로네이트,50,False
sunCream_06,하이드록시프로필트라이모듐하이알루로네이트,51,False
sunCream_06,사과추출물,52,False
sunCream_06,에리스리톨,53,False
sunCream_06,글리세린,54,False
sunCream_06,판테놀,55,False
sunCream_06,솔비톨,56,False
sunCream_06,보검선인장줄기추출물,57,False
sunCream_06,마데카식애씨드,58,False
sunCream_06,아시아틱애씨드,59,False
sunCream_06,아시아티코사이드,60,False
sunCream_06,스키조사카로미세스발효여과물,61,False
sunCream_06,바이오사카라이드검-4,62,False
sunCream_06,다이소듐포스페이트,63,False
sunCream_06,다발방패버섯추출물,64,False
sunCream_07,1.그린마일드업선플러스(본품+구성품)정제수,1,False
sunCream_07,징크옥사이드,2,False
sunCream_07,프로판다이올,3,False
sunCream_07,부틸옥틸살리실레이트,4,False
sunCream_07,프로필헵틸카프릴레이트,5,False
sunCream_07,코코-카프릴레이트/카프레이트,6,False
sunCream_07,사이클로헥사실록세인,7,False
sunCream_07,카프릴릴메티콘,8,False
sunCream_07,아이소도데케인,9,False
sunCream_07,폴리글리세릴-3폴리다이메틸실록시에틸다이메티콘,10,False
sunCream_07,메틸트라이메티콘,11,False
sunCream_07,메틸메타크릴레이트크로스폴리머,12,False
sunCream_07,다이스테아다이모늄헥토라이트,13,False
sunCream_07,마그네슘설페이트,14,False
sunCream_07,트라이에톡시카프릴릴실레인,15,False
sunCream_07,"1,2-헥산다이올",16,True
sunCream_07,폴리글리세릴-2다이폴리하이드록시스테아레이트,17,False
sunCream_07,라우릴폴리글리세릴-3폴리다이메틸실록시에틸다이메티콘,18,False
sunCream_07,폴리메틸실세스퀴옥세인,19,False
sunCream_07,글리세릴카프릴레이트,20,False
sunCream_07,카프릴릴글라이콜,21,False
sunCream_07,에틸헥실글리세린,22,False
sunCream_07,소듐하이알루로네이트,23,False
sunCream_07,부틸렌글라이콜,24,False
sunCream_07,토코페롤,25,False
sunCream_07,병풀추출물,26,False
sunCream_07,타라열매추출물,27,False
sunCream_07,프랑스해안송껍질추출물,28,False
sunCream_07,코토니추출물,29,False
sunCream_07,7-데하이드로콜레스테롤,30,False
sunCream_07,약모밀추출물,31,False
sunCream_07,엑토인,32,False
sunCream_07,밀몽화꽃추출물,33,False
sunCream_07,락토바실러스발효물,34,False
sunCream_07,하이드록시신나믹애씨드,35,False
sunCream_07,루틴,36,False
sunCream_08,무기자차선크림:정제수,1,False
sunCream_08,징크옥사이드,2,False
sunCream_08,부틸옥틸살리실레이트,3,False
sunCream_08,프로필헵틸카프릴레이트,4,False
sunCream_08,사이클로헥사실록세인,5,False
sunCream_08,프로판다이올,6,False
sunCream_08,다이실록세인,7,False
sunCream_08,아이소도데케인,8,False
sunCream_08,C15-19알케인,9,False
sunCream_08,카프릴릴메티콘,10,False
sunCream_08,세틸다이글리세릴트리스(트라이메틸실록시)실릴에틸다이메티콘,11,False
sunCream_08,나이아신아마이드,12,False
sunCream_08,소듐클로라이드,13,False
sunCream_08,글리세린,14,False
sunCream_08,비타민나무오일,15,False
sunCream_08,바실러스/소이빈발효추출물,16,False
sunCream_08,락토바실러스/호밀가루발효물,17,False
sunCream_08,락토바실러스/소이밀크발효여과물,18,False
sunCream_08,락토바실러스발효용해물,19,False
sunCream_08,소듐하이알루로네이트,20,False
sunCream_08,포도주,21,False
sunCream_08,병풀추출물,22,False
sunCream_08,하이알루로닉애씨드,23,False
sunCream_08,폴스애플민트잎추출물,24,False
sunCream_08,녹차추출물,25,False
sunCream_08,타임잎추출물,26,False
sunCream_08,하이드롤라이즈드하이알루로닉애씨드,27,False
sunCream_08,메틸메타크릴레이트크로스폴리머,28,False
sunCream_08,다이스테아다이모늄헥토라이트,29,False
sunCream_08,폴리글리세릴-6폴리리시놀리에이트,30,False
sunCream_08,트라이에틸헥사노인,31,False
sunCream_08,폴리메틸실세스퀴옥세인,32,False
sunCream_08,트라이에톡시카프릴릴실레인,33,False
sunCream_08,"1,2-헥산다이올",34,True
sunCream_08,폴리글리세릴-2다이폴리하이드록시스테아레이트,35,False
sunCream_08,판테놀,36,False
sunCream_08,라우릴다이메티콘/폴리글리세린-3크로스폴리머,37,False
sunCream_08,부틸렌글라이콜,38,False
sunCream_08,카프릴릴글라이콜,39,False
sunCream_08,글리세릴카프릴레이트,40,False
sunCream_08,아데노신,41,False
sunCream_08,다이프로필렌글라이콜,42,False
sunCream_08,토코페롤,43,False
sunCream_08,말토덱스트린,44,False
sunCream_08,소듐시트레이트,45,False
sunCream_08,타라검,46,False
sunCream_08,아이소말트,47,False
sunCream_08,락토바실러스,48,False
sunCream_08,하이드록시프로필트라이모늄하이알루로네이트,49,False
sunCream_08,아스코빅애씨드,50,False
sunCream_08,소듐아세틸레이티드하이알루로네이트,51,False
sunCream_08,하이드롤라이즈드소듐하이알루로네이트,52,False
sunCream_08,소듐하이알루로네이트크로스폴리머,53,False
sunCream_08,포타슘하이알루로네이트선에센스:정제수,54,False
sunCream_08,에칠헥실살리실레이트,56,False
sunCream_08,호모살레이트,57,False
sunCream_08,메틸트라이메티콘,59,False
sunCream_08,비스-에틸헥실옥시페놀메톡시페닐트라이아진,61,False
sunCream_08,메칠렌비스-벤조트리아졸릴테트라메칠부틸페놀,63,False
sunCream_08,폴리실리콘-15,64,False
sunCream_08,디에칠아미노하이드록시벤조일헥실벤조에이트,65,False
sunCream_08,펜틸렌글라이콜,67,False
sunCream_08,다이부틸아디페이트,69,False
sunCream_08,실리카,71,False
sunCream_08,베헤닐알코올,72,False
sunCream_08,폴리글리세릴-3메틸글루코오스다이스테아레이트,73,False
sunCream_08,트로메타민,74,False
sunCream_08,데실글루코사이드,75,False
sunCream_08,소듐스테아로일글루타메이트,76,False
sunCream_08,카보머,77,False
sunCream_08,브이피/에이코신코폴리머,78,False
sunCream_08,아크릴레이트/C10-30알킬아크릴레이트크로스폴리머,79,False
sunCream_08,하이드로제네이티드폴리아이소부텐,80,False
sunCream_08,폴리C10-30알킬아크릴레이트,81,False
sunCream_08,하이드로제네이티드폴리사이클로펜타다이엔,82,False
sunCream_08,에틸헥실글리세린,83,False
sunCream_08,폴리아크릴레이트크로스폴리머-6,84,False
sunCream_08,소듐폴리아크릴레이트,85,False
sunCream_08,향료,86,False
sunCream_08,프로필렌글라이콜,88,False
sunCream_08,폴리에터-1,89,False
sunCream_08,잔탄검,90,False
sunCream_08,꽃송이버섯추출물,92,False
sunCream_08,글루타티온,94,False
sunCream_08,바이오틴,95,False
sunCream_08,소듐아스코빌포스페이트,96,False
sunCream_08,우레아,97,False
sunCream_08,엑토인,99,False
sunCream_08,3-O-에틸아스코빅애씨드,100,False
sunCream_08,베툴린,101,False
sunCream_08,카놀라오일,102,False
sunCream_08,옥틸도데칸올,103,False
sunCream_08,양까막까치밥나무씨오일,105,False
sunCream_08,카프릴릭/카프릭트라이글리세라이드,106,False
sunCream_08,밀몽화꽃추출물,107,False
sunCream_08,하이드로제네이티드레시틴,108,False
sunCream_08,폴리글리세릴-10다이아이소스테아레이트,109,False
sunCream_08,비파나무잎추출물,110,False
sunCream_08,당근씨오일,111,False
sunCream_08,해바라기씨오일불검화물,112,False
sunCream_08,해바라기씨오일,113,False
sunCream_08,베타-글루칸,114,False
sunCream_08,스피어민트추출물,115,False
sunCream_08,사이아노코발아민,116,False
sunCream_08,메나다이온,117,False
sunCream_08,당근추출물,118,False
sunCream_08,토코페릴아세테이트,119,False
sunCream_08,베타-카로틴,120,False
sunCream_08,풍선덩굴꽃/잎/덩굴추출물,121,False
sunCream_08,별꽃추출물,123,False
sunCream_08,해바라기꽃추출물,124,False
sunCream_08,월귤추출물,125,False
sunCream_08,아세틸헥사펩타이드-1,126,False
sunCream_08,로즈마리잎추출물,127,False
sunCream_09,정제수,1,False
sunCream_09,다이부틸아디페이트,2,False
sunCream_09,프로판다이올,3,False
sunCream_09,부틸옥틸살리실레이트,4,False
sunCream_09,에칠헥실트리아존,5,False
sunCream_09,테레프탈릴리덴디캠퍼설포닉애씨드,6,False
sunCream_09,폴리글리세릴-3다이스테아레이트,7,False
sunCream_09,나이아신아마이드,8,False
sunCream_09,트로메타민,9,False
sunCream_09,"1,2-헥산다이올",10,True
sunCream_09,디에칠아미노하이드록시벤조일헥실벤조에이트,11,False
sunCream_09,카프릴릴메티콘,12,False
sunCream_09,펜틸렌글라이콜,13,False
sunCream_09,폴리메틸실세스퀴옥세인,14,False
sunCream_09,폴리실리콘-15,15,False
sunCream_09,다시마추출물,16,False
sunCream_09,한련초잎추출물,17,False
sunCream_09,풍선덩굴꽃/잎/덩굴추출물,18,False
sunCream_09,병풀추출물,19,False
sunCream_09,하이드로제네이티드레시틴,20,False
sunCream_09,에키움플란타기네움씨오일,21,False
sunCream_09,글리세릴스테아레이트,22,False
sunCream_09,비스-에칠헥실옥시페놀메톡시페닐트리아진,23,False
sunCream_09,세테아릴알코올,24,False
sunCream_09,카보머,25,False
sunCream_09,암모늄아크릴로일다이메틸타우레이트/브이피코폴리머,26,False
sunCream_09,글리세린,27,False
sunCream_09,다이프로필렌글라이콜,28,False
sunCream_09,글리세릴스테아레이트시트레이트,29,False
sunCream_09,아크릴레이트/C10-30알킬아크릴레이트크로스폴리머,30,False
sunCream_09,소듐스테아로일글루타메이트,31,False
sunCream_09,에틸헥실글리세린,32,False
sunCream_09,옥틸도데칸올,33,False
sunCream_09,아데노신,34,False
sunCream_09,프룩토올리고사카라이드,35,False
sunCream_09,베타-글루칸,36,False
sunCream_09,에스에이치-올리고펩타이드-1,37,False
sunCream_09,하이드롤라이즈드하이알루로닉애씨드,38,False
sunCream_09,해바라기씨오일불검화물,39,False
sunCream_09,토코페롤[보송선앰플]정제수,40,False
sunCream_09,변성알코올,44,False
sunCream_09,부틸렌글라이콜,52,False
sunCream_09,스핑고모나스발효추출물,57,False
sunCream_09,귀리커넬추출물,58,False
sunCream_09,아티초크잎추출물,59,False
sunCream_09,말라카이트추출물,60,False
sunCream_09,쇠비름추출물,62,False
sunCream_09,노니추출물,63,False
sunCream_09,약모밀추출물,64,False
sunCream_09,녹차수,65,False
sunCream_09,소듐하이알루로네이트,67,False
sunCream_09,브이피/에이코신코폴리머,69,False
sunCream_09,비스-에틸헥실옥시페놀메톡시페닐트라이아진,70,False
sunCream_09,메틸프로판다이올,72,False
sunCream_09,폴리쿼터늄-51,81,False
sunCream_09,테트라하이드록시프로필에틸렌다이아민,83,False
sunCream_09,글라이신,84,False
sunCream_09,알지닌,85,False
sunCream_09,토코페롤,86,False
sunCream_09,알란토인,87,False
sunCream_09,판테놀,88,False
sunCream_09,아시아티코사이드,89,False
sunCream_09,마데카식애씨드,90,False
sunCream_09,아시아틱애씨드,91,False
sunCream_09,향료,93,False
sunCream_09,페녹시에탄올,94,False
sunCream_10,정제수,1,False
sunCream_10,징크옥사이드,2,False
sunCream_10,사이클로헥사실록세인,3,False
sunCream_10,프로판다이올,4,False
sunCream_10,부틸옥틸살리실레이트,5,False
sunCream_10,프로필헵틸카프릴레이트,6,False
sunCream_10,아이소도데케인,7,False
sunCream_10,폴리글리세릴-3폴리다이메틸실록시에틸다이메티콘,8,False
sunCream_10,카프릴릴메티콘,9,False
sunCream_10,다이실록세인,10,False
sunCream_10,다이스테아다이모늄헥토라이트,11,False
sunCream_10,마그네슘설페이트,12,False
sunCream_10,트라이에톡시카프릴릴실레인,13,False
sunCream_10,"1,2-헥산다이올",14,True
sunCream_10,폴리메틸실세스퀴옥세인,15,False
sunCream_10,폴리글리세릴-2다이폴리하이드록시스테아레이트,16,False
sunCream_10,라우릴폴리글리세릴-3폴리다이메틸실록시에틸다이메티콘,17,False
sunCream_10,알란토인,18,False
sunCream_10,카프릴릴글라이콜,19,False
sunCream_10,글리세릴카프릴레이트,20,False
sunCream_10,에틸헥실글리세린,21,False
sunCream_10,소듐하이알루로네이트,22,False
sunCream_10,세라마이드엔피,23,False
sunCream_10,토코페롤,24,False
sunCream_10,소듐아세틸레이티드하이알루로네이트,25,False
sunCream_10,하이드롤라이즈드하이알루로닉애씨드,26,False
sunCream_11,정제수,1,False
sunCream_11,다이부틸아디페이트,2,False
sunCream_11,다이아이소프로필세바케이트,3,False
sunCream_11,C12-15알킬벤조에이트,4,False
sunCream_11,티타늄디옥사이드,5,False
sunCream_11,프로판다이올,6,False
sunCream_11,메칠렌비스-벤조트리아졸릴테트라메칠부틸페놀,7,False
sunCream_11,나이아신아마이드,8,False
sunCream_11,폴리글리세릴-3메틸글루코오스다이스테아레이트,9,False
sunCream_11,코코-카프릴레이트/카프레이트,10,False
sunCream_11,"1,2-헥산다이올",11,True
sunCream_11,에칠헥실트리아존,12,False
sunCream_11,부틸렌글라이콜,13,False
sunCream_11,디에칠아미노하이드록시벤조일헥실벤조에이트,14,False
sunCream_11,판테놀,15,False
sunCream_11,세틸포스페이트,16,False
sunCream_11,세테아릴알코올,17,False
sunCream_11,글리세릴스테아레이트,18,False
sunCream_11,폴리C10-30알킬아크릴레이트,19,False
sunCream_11,폴리하이드록시스테아릭애씨드,20,False
sunCream_11,다이메티콘,21,False
sunCream_11,데실글루코사이드,22,False
sunCream_11,암모늄폴리아크릴로일다이메틸타우레이트,23,False
sunCream_11,세테아릴올리베이트,24,False
sunCream_11,비닐다이메티콘/메티콘실세스퀴옥세인크로스폴리머,25,False
sunCream_11,솔비탄올리베이트,26,False
sunCream_11,트로메타민,27,False
sunCream_11,알루미나,28,False
sunCream_11,알루미늄스테아레이트,29,False
sunCream_11,아크릴레이트/C10-30알킬아크릴레이트크로스폴리머,30,False
sunCream_11,알란토인,31,False
sunCream_11,소듐스테아로일글루타메이트,32,False
sunCream_11,스테아릭애씨드,33,False
sunCream_11,스테아릴글리시레티네이트,34,False
sunCream_11,폴리실리콘-11,35,False
sunCream_11,폴리우레탄-15,36,False
sunCream_11,아데노신,37,False
sunCream_11,토코페롤,38,False
sunCream_11,글리세린,39,False
sunCream_11,만니톨,40,False
sunCream_11,플로레틴,41,False
sunCream_11,트라이소듐이디티에이,42,False
sunCream_11,돌콩오일,43,False
sunCream_11,잔탄검,44,False
sunCream_11,드럼스틱씨오일,45,False
sunCream_11,트라이에톡시카프릴릴실레인,46,False
sunCream_11,T-부틸알코올,47,False
sunCream_11,다이메티콘크로스폴리머,48,False
sunCream_11,콜라겐,49,False
sunCream_11,카프릴릴글라이콜,50,False
sunCream_11,크리신,51,False
sunCream_11,다마스크장미꽃추출물,52,False
sunCream_11,소듐디엔에이,53,False
sunCream_11,트라넥사믹애씨드,54,False
sunCream_11,아스코빅애씨드,55,False
sunCream_11,카프릴릭/카프릭트라이글리세라이드,56,False
sunCream_11,알루미늄하이드록사이드,57,False
sunCream_11,유비퀴논,58,False
sunCream_11,아이소프로필티타늄트라이아이소스테아레이트,59,False
sunCream_11,에틸헥실글리세린,60,False
sunCream_11,하이드로제네이티드레시틴,61,False
sunCream_11,미리스틱애씨드,62,False
sunCream_11,다이소듐이디티에이,63,False
sunCream_11,적색산화철,64,False
sunCream_11,울트라마린,65,False
sunCream_11,향료,67,False
sunCream_11,하이드록시시트로넬알,68,False
sunCream_11,리모넨,69,False
sunCream_11,리날룰,70,False
sunCream_12,정제수,1,False
sunCream_12,다이부틸아디페이트,2,False
sunCream_12,부틸옥틸살리실레이트,3,False
sunCream_12,에칠헥실트리아존,4,False
sunCream_12,나이아신아마이드,5,False
sunCream_12,드로메트리졸트리실록산,6,False
sunCream_12,폴리글리세릴-3다이스테아레이트,7,False
sunCream_12,테레프탈릴리덴디캠퍼설포닉애씨드,8,False
sunCream_12,폴리메틸실세스퀴옥세인,9,False
sunCream_12,디에칠아미노하이드록시벤조일헥실벤조에이트,10,False
sunCream_12,트로메타민,11,False
sunCream_12,"1,2-헥산다이올",12,True
sunCream_12,판테놀,13,False
sunCream_12,펜틸렌글라이콜,14,False
sunCream_12,글리세릴스테아레이트,15,False
sunCream_12,실리카,16,False
sunCream_12,카프릴릴메티콘,17,False
sunCream_12,비스-에칠헥실옥시페놀메톡시페닐트리아진,18,False
sunCream_12,프로판다이올,19,False
sunCream_12,포타슘세틸포스페이트,20,False
sunCream_12,폴리C10-30알킬아크릴레이트,21,False
sunCream_12,메틸프로판다이올,22,False
sunCream_12,카보머,23,False
sunCream_12,아크릴레이트/C10-30알킬아크릴레이트크로스폴리머,24,False
sunCream_12,에틸헥실글리세린,25,False
sunCream_12,잔탄검,26,False
sunCream_12,아데노신,27,False
sunCream_12,폴리에터-1,28,False
sunCream_12,글리세린,29,False
sunCream_12,산양삼추출물,30,False
sunCream_12,소듐하이알루로네이트,31,False
sunCream_12,하이알루로닉애씨드,32,False
sunCream_12,바이오사카라이드검-1,33,False
sunCream_12,토코페롤,34,False
sunCream_12,엑토인,35,False
sunCream_12,동백나무씨추출물,36,False
sunCream_12,3-O-에틸아스코빅애씨드,37,False
sunCream_12,징크하이드롤라이즈드하이알루로네이트,38,False
sunCream_12,소듐디엔에이,39,False
sunCream_12,시트릭애씨드,40,False
sunCream_12,밀몽화꽃추출물,41,False
sunCream_12,부틸렌글라이콜,42,False
sunCream_12,미역취추출물,43,False
sunCream_12,클로브싹추출물,44,False
sunCream_12,다이펩타이드다이아미노부티로일벤질아마이드다이아세테이트,45,False
sunCream_12,다이메틸실란올하이알루로네이트,46,False
sunCream_12,하이드롤라이즈드하이알루로닉애씨드,47,False
sunCream_12,하이드롤라이즈드소듐하이알루로네이트,48,False
sunCream_12,소듐하이알루로네이트크로스폴리머,49,False
sunCream_12,하이드록시프로필트라이모늄하이알루로네이트,50,False
sunCream_12,소듐아세틸레이티드하이알루로네이트,51,False
sunCream_12,소듐하이알루로네이트다이메틸실란올,52,False
sunCream_13,정제수,1,False
sunCream_13,다이부틸아디페이트,2,False
sunCream_13,부틸옥틸살리실레이트,3,False
sunCream_13,트라이프로필렌글라이콜,4,False
sunCream_13,에칠헥실트리아존,5,False
sunCream_13,테레프탈릴리덴디캠퍼설포닉애씨드,6,False
sunCream_13,티타늄디옥사이드,7,False
sunCream_13,나이아신아마이드,8,False
sunCream_13,트로메타민,9,False
sunCream_13,펜틸렌글라이콜,10,False
sunCream_13,"1,2-헥산다이올",11,True
sunCream_13,자작나무수액,12,False
sunCream_13,글리세린,13,False
sunCream_13,디에칠아미노하이드록시벤조일헥실벤조에이트,14,False
sunCream_13,폴리실리콘-15,15,False
sunCream_13,비스-에칠헥실옥시페놀메톡시페닐트리아진,16,False
sunCream_13,세테아릴올리베이트,17,False
sunCream_13,아이소도데케인,18,False
sunCream_13,옥틸도데칸올,19,False
sunCream_13,솔비탄올리베이트,20,False
sunCream_13,베헤닐알코올,21,False
sunCream_13,폴리C10-30알킬아크릴레이트,22,False
sunCream_13,폴리하이드록시스테아릭애씨드,23,False
sunCream_13,글리세릴스테아레이트,24,False
sunCream_13,소듐폴리아크릴로일다이메틸타우레이트,25,False
sunCream_13,폴리글리세릴-4아이소스테아레이트,26,False
sunCream_13,폴리아크릴레이트크로스폴리머-6,27,False
sunCream_13,카보머,28,False
sunCream_13,소듐스테아로일글루타메이트,29,False
sunCream_13,아이소프로필티타늄트라이아이소스테아레이트,30,False
sunCream_13,알루미늄하이드록사이드,31,False
sunCream_13,잔탄검,32,False
sunCream_13,부틸렌글라이콜,33,False
sunCream_13,에틸헥실글리세린,34,False
sunCream_13,아데노신,35,False
sunCream_13,메틸프로판다이올,36,False
sunCream_13,폴리에터-1,37,False
sunCream_13,적색산화철,38,False
sunCream_13,토코페롤,39,False
sunCream_13,글리세릴글루코사이드,40,False
sunCream_13,미네랄워터,41,False
sunCream_13,알지닌,42,False
sunCream_13,카프릴릭애씨드,43,False
sunCream_13,다이프로필렌글라이콜,44,False
sunCream_13,세테아릴알코올,45,False
sunCream_13,하이드로제네이티드레시틴,46,False
sunCream_13,소듐디엔에이,47,False
sunCream_13,베툴린,48,False
sunCream_13,소듐하이알루로네이트,49,False
sunCream_13,글라이신,50,False
sunCream_13,글루타믹애씨드,51,False
sunCream_14,1.닥터지브라이트닝업선플러스(본품+구성품)정제수,1,False
sunCream_14,사이클로펜타실록세인,2,False
sunCream_14,에칠헥실메톡시신나메이트,3,False
sunCream_14,징크옥사이드,4,False
sunCream_14,사이클로헥사실록세인,5,False
sunCream_14,에칠헥실살리실레이트,6,False
sunCream_14,부틸렌글라이콜,7,False
sunCream_14,메틸메타크릴레이트크로스폴리머,8,False
sunCream_14,폴리글리세릴-3폴리다이메틸실록시에틸다이메티콘,9,False
sunCream_14,티타늄디옥사이드,10,False
sunCream_14,다이프로필렌글라이콜,11,False
sunCream_14,에틸헥실팔미테이트,12,False
sunCream_14,나이아신아마이드,13,False
sunCream_14,비닐다이메티콘/메티콘실세스퀴옥세인크로스폴리머,14,False
sunCream_14,솔비탄아이소스테아레이트,15,False
sunCream_14,다이메티콘/비닐다이메티콘크로스폴리머,16,False
sunCream_14,카프릴릴메티콘,17,False
sunCream_14,다이메티콘,18,False
sunCream_14,다이스테아다이모늄헥토라이트,19,False
sunCream_14,폴리메틸실세스퀴옥세인,20,False
sunCream_14,프랑스해안송껍질추출물,21,False
sunCream_14,타라열매추출물,22,False
sunCream_14,코토니추출물,23,False
sunCream_14,포도씨오일,24,False
sunCream_14,밀몽화꽃추출물,25,False
sunCream_14,감나무잎추출물,26,False
sunCream_14,녹차추출물,27,False
sunCream_14,마그네슘설페이트,28,False
sunCream_14,C30-45알킬세테아릴다이메티콘크로스폴리머,29,False
sunCream_14,알루미늄하이드록사이드,30,False
sunCream_14,스테아릭애씨드,31,False
sunCream_14,카프릴릴글라이콜,32,False
sunCream_14,글리세릴카프릴레이트,33,False
sunCream_14,폴리메틸메타크릴레이트,34,False
sunCream_14,트라이에톡시카프릴릴실레인,35,False
sunCream_14,"1,2-헥산다이올",36,True
sunCream_14,프로판다이올,37,False
sunCream_14,다이소듐이디티에이,38,False
sunCream_14,폴리비닐알코올,39,False
sunCream_14,황색산화철,40,False
sunCream_14,적색산화철,41,False
sunCream_15,정제수,1,False
sunCream_15,사이클로펜타실록세인,2,False
sunCream_15,에칠헥실메톡시신나메이트,3,False
sunCream_15,에칠헥실살리실레이트,4,False
sunCream_15,징크옥사이드,5,False
sunCream_15,사이클로헥사실록세인,6,False
sunCream_15,부틸렌글라이콜,7,False
sunCream_15,피이지-10다이메티콘,8,False
sunCream_15,티타늄디옥사이드,9,False
sunCream_15,메틸메타크릴레이트크로스폴리머,10,False
sunCream_15,다이프로필렌글라이콜,11,False
sunCream_15,에틸헥실팔미테이트,12,False
sunCream_15,다이메티콘/비닐다이메티콘크로스폴리머,13,False
sunCream_15,센티드제라늄꽃오일,14,False
sunCream_15,해수,15,False
sunCream_15,녹차추출물,16,False
sunCream_15,프랑스해안송껍질추출물,17,False
sunCream_15,포도씨추출물,18,False
sunCream_15,쇠비름추출물,19,False
sunCream_15,진주가루,20,False
sunCream_15,토르말린,21,False
sunCream_15,카프릴릴메티콘,22,False
sunCream_15,세틸피이지/피피지-10/1다이메티콘,23,False
sunCream_15,다이카프릴릴카보네이트,24,False
sunCream_15,마그네슘설페이트,25,False
sunCream_15,폴리메틸실세스퀴옥세인,26,False
sunCream_15,다이스테아다이모늄헥토라이트,27,False
sunCream_15,이소아밀p-메톡시신나메이트,28,False
sunCream_15,비닐다이메티콘/메티콘실세스퀴옥세인크로스폴리머,29,False
sunCream_15,C30-45알킬세테아릴다이메티콘크로스폴리머,30,False
sunCream_15,알루미늄하이드록사이드,31,False
sunCream_15,스테아릭애씨드,32,False
sunCream_15,글리세릴카프릴레이트,33,False
sunCream_15,다이메티콘,34,False
sunCream_15,카프릴릴글라이콜,35,False
sunCream_15,하이드록시아파타이트,36,False
sunCream_15,판테놀,37,False
sunCream_15,트라이에톡시카프릴릴실레인,38,False
sunCream_15,몬모릴로나이트,39,False
sunCream_15,바이오사카라이드검-4,40,False
sunCream_15,티옥틱애씨드,41,False
sunCream_15,유비퀴논,42,False
sunCream_15,"1,2-헥산다이올",43,True
sunCream_15,페녹시에탄올,44,False
sunCream_15,시트로넬올,45,False
sunCream_15,제라니올,46,False
sunCream_15,시트랄,47,False
sunCream_15,황색산화철,48,False
sunCream_15,적색산화철,49,False
sunCream_16,정제수,1,False
sunCream_16,프로판다이올,2,False
sunCream_16,나이아신아마이드,3,False
sunCream_16,다이부틸아디페이트,4,False
sunCream_16,폴리메틸실세스퀴옥세인,5,False
sunCream_16,다이아이소프로필세바케이트,6,False
sunCream_16,디에칠아미노하이드록시벤조일헥실벤조에이트,7,False
sunCream_16,에칠헥실트리아존,8,False
sunCream_16,메칠렌비스-벤조트리아졸릴테트라메칠부틸페놀,9,False
sunCream_16,코코-카프릴레이트/카프레이트,10,False
sunCream_16,디에칠헥실부타미도트리아존,11,False
sunCream_16,"1,2-헥산다이올",12,True
sunCream_16,부틸렌글라이콜,13,False
sunCream_16,카프릴릴메티콘,14,False
sunCream_16,트라넥사믹애씨드,15,False
sunCream_16,펜틸렌글라이콜,16,False
sunCream_16,베헤닐알코올,17,False
sunCream_16,폴리C10-30알킬아크릴레이트,18,False
sunCream_16,글리세린,19,False
sunCream_16,폴리글리세릴-3메틸글루코오스다이스테아레이트,20,False
sunCream_16,데실글루코사이드,21,False
sunCream_16,트로메타민,22,False
sunCream_16,카보머,23,False
sunCream_16,아크릴레이트/C10-30알킬아크릴레이트크로스폴리머,24,False
sunCream_16,판테놀,25,False
sunCream_16,소듐스테아로일글루타메이트,26,False
sunCream_16,폴리아크릴레이트크로스폴리머-6,27,False
sunCream_16,에틸헥실글리세린,28,False
sunCream_16,아데노신,29,False
sunCream_16,잔탄검,30,False
sunCream_16,토코페롤,31,False
sunCream_16,비파나무잎추출물,32,False
sunCream_16,폴리글리세릴-4아이소스테아레이트,33,False
sunCream_16,카프릴릭/카프릭트라이글리세라이드,34,False
sunCream_16,시트릭애씨드,35,False
sunCream_16,스피어민트추출물,36,False
sunCream_16,다이스테아다이모늄헥토라이트,37,False
sunCream_16,쿼세틴,38,False
sunCream_17,정제수,1,False
sunCream_17,다이부틸아디페이트,2,False
sunCream_17,프로판다이올,3,False
sunCream_17,디에칠아미노하이드록시벤조일헥실벤조에이트,4,False
sunCream_17,폴리메틸실세스퀴옥세인,5,False
sunCream_17,에칠헥실트리아존,6,False
sunCream_17,메칠렌비스-벤조트리아졸릴테트라메칠부틸페놀,7,False
sunCream_17,나이아신아마이드,8,False
sunCream_17,코코-카프릴레이트/카프레이트,9,False
sunCream_17,카프릴릴메티콘,10,False
sunCream_17,디에칠헥실부타미도트리아존,11,False
sunCream_17,글리세린,12,False
sunCream_17,"1,2-헥산다이올",13,True
sunCream_17,부틸렌글라이콜,14,False
sunCream_17,펜틸렌글라이콜,15,False
sunCream_17,베헤닐알코올,16,False
sunCream_17,폴리C10-30알킬아크릴레이트,17,False
sunCream_17,폴리글리세릴-3메틸글루코오스다이스테아레이트,18,False
sunCream_17,데실글루코사이드,19,False
sunCream_17,트로메타민,20,False
sunCream_17,카보머,21,False
sunCream_17,아크릴레이트/C10-30알킬아크릴레이트크로스폴리머,22,False
sunCream_17,소듐스테아로일글루타메이트,23,False
sunCream_17,폴리아크릴레이트크로스폴리머-6,24,False
sunCream_17,에틸헥실글리세린,25,False
sunCream_17,아데노신,26,False
sunCream_17,잔탄검,27,False
sunCream_17,병풀추출물,28,False
sunCream_17,t-부틸알코올,29,False
sunCream_17,소듐하이알루로네이트,30,False
sunCream_17,자작나무껍질추출물,31,False
sunCream_17,토코페롤,32,False
sunCream_17,하이드롤라이즈드하이알루로닉애씨드,33,False
sunCream_17,녹차추출물,34,False
sunCream_17,은행나무잎추출물,35,False
sunCream_17,브로콜리싹추출물,36,False
sunCream_17,동백나무잎추출물,37,False
sunCream_17,로켓잎추출물,38,False
sunCream_17,자주개자리추출물,39,False
sunCream_17,밀싹추출물,40,False
sunCream_17,이노시톨,41,False
sunCream_17,하이알루로닉애씨드,42,False
sunCream_18,병풀잎수,1,False
sunCream_18,징크옥사이드,2,False
sunCream_18,C9-12알케인,3,False
sunCream_18,카프릴릴메티콘,4,False
sunCream_18,프로판다이올,5,False
sunCream_18,부틸옥틸살리실레이트,6,False
sunCream_18,다이실록세인,7,False
sunCream_18,트라이메틸실록시실리케이트,8,False
sunCream_18,폴리글리세릴-3폴리다이메틸실록시에틸다이메티콘,9,False
sunCream_18,나이아신아마이드,10,False
sunCream_18,프로필렌글라이콜다이벤조에이트,11,False
sunCream_18,프로필헵틸카프릴레이트,12,False
sunCream_18,티타늄디옥사이드,13,False
sunCream_18,"1,2-헥산다이올",14,True
sunCream_18,라우릴폴리글리세릴-3폴리다이메틸실록시에틸다이메티콘,15,False
sunCream_18,다이스테아다이모늄헥토라이트,16,False
sunCream_18,트라이에톡시카프릴릴실레인,17,False
sunCream_18,마그네슘설페이트,18,False
sunCream_18,폴리글리세릴-2다이폴리하이드록시스테아레이트,19,False
sunCream_18,글리세릴카프릴레이트,20,False
sunCream_18,메틸메타크릴레이트크로스폴리머,21,False
sunCream_18,아이소도데케인,22,False
sunCream_18,옥틸도데칸올,23,False
sunCream_18,카프릴릴글라이콜,24,False
sunCream_18,알루미늄하이드록사이드,25,False
sunCream_18,아데노신,26,False
sunCream_18,폴리글리세릴-4아이소스테아레이트,27,False
sunCream_18,아이소프로필티타늄트라이아이소스테아레이트,28,False
sunCream_18,토코페롤,29,False
sunCream_18,정제수,30,False
sunCream_18,판테놀,31,False
sunCream_18,펜틸렌글라이콜,32,False
sunCream_18,바이오틴,33,False
sunCream_18,마그네슘피씨에이,34,False
sunCream_18,판토테닉애씨드,35,False
sunCream_18,징크피씨에이,36,False
sunCream_18,칼슘판토테네이트,37,False
sunCream_18,글리세린,38,False
sunCream_18,카프릴릭/카프릭트라이글리세라이드,39,False
sunCream_18,폴리글리세릴-6카프릴레이트,40,False
sunCream_18,폴리글리세릴-4카프레이트,41,False
sunCream_18,하이드로제네이티드레시틴,42,False
sunCream_18,폴리글리세릴-10스테아레이트,43,False
sunCream_18,마데카식애씨드,44,False
sunCream_18,아시아티코사이드,45,False
sunCream_18,세라마이드엔피,46,False
sunCream_18,마데카소사이드,47,False
sunCream_18,아시아틱애씨드,48,False
sunCream_18,콜레스테롤,49,False
sunCream_18,스테아릭애씨드,50,False
sunCream_18,마이카,51,False
sunCream_18,황색산화철,52,False
sunCream_18,적색산화철,53,False
sunCream_18,흑색산화철[02글로우]병풀잎수,54,False
sunCream_18,다이프로필렌글라이콜,55,False
sunCream_18,호모살레이트,57,False
sunCream_18,다이글리세린,59,False
sunCream_18,변성알코올,60,False
sunCream_18,에칠헥실살리실레이트,61,False
sunCream_18,부틸렌글라이콜,62,False
sunCream_18,다이부틸아디페이트,63,False
sunCream_18,디에칠아미노하이드록시벤조일헥실벤조에이트,64,False
sunCream_18,다이페닐실록시페닐트라이메티콘,65,False
sunCream_18,비스-에칠헥실옥시페놀메톡시페닐트리아진,68,False
sunCream_18,폴리글리세릴-10에이코산다이오에이트/테트라데칸다이오에이트,69,False
sunCream_18,폴리솔베이트80,70,False
sunCream_18,폴리글리세릴-3메틸글루코오스다이스테아레이트,73,False
sunCream_18,바륨설페이트,74,False
sunCream_18,베헤닐알코올,75,False
sunCream_18,폴리C10-30알킬아크릴레이트,78,False
sunCream_18,폴리아크릴레이트크로스폴리머-6,79,False
sunCream_18,폴리우레탄-15,80,False
sunCream_18,합성플루오르플로고파이트,81,False
sunCream_18,소듐폴리아크릴로일다이메틸타우레이트,85,False
sunCream_18,에틸헥실글리세린,89,False
sunCream_18,암모늄아크릴로일다이메틸타우레이트/베헤네스-25메타크라일레이트크로스폴리머,90,False
sunCream_18,향료,91,False
sunCream_18,스페인감초뿌리수,92,False
sunCream_18,소듐스테아로일글루타메이트,93,False
sunCream_18,트라이소듐에틸렌다이아민다이석시네이트,94,False
sunCream_18,시트릭애씨드,96,False
sunCream_18,하이드록시에틸아크릴레이트/소듐아크릴로일다이메틸타우레이트코폴리머,98,False
sunCream_18,스쿠알란,99,False
sunCream_18,흑색산화철,101,False
sunCream_18,녹차추출물,102,False
sunCream_18,폴리솔베이트60,104,False
sunCream_18,틴옥사이드,106,False
sunCream_18,솔비탄아이소스테아레이트,107,False
sunCream_18,데실글루코사이드,109,False
sunCream_18,베타-글루칸,110,False
sunCream_18,다이메틸실란올하이알루로네이트,111,False
sunCream_18,하이드롤라이즈드하이알루로닉애씨드,112,False
sunCream_18,하이드롤라이즈드소듐하이알루로네이트,113,False
sunCream_18,하이알루로닉애씨드,114,False
sunCream_18,소듐하이알루로네이트,115,False
sunCream_18,하이드록시프로필트라이모늄하이알루로네이트,116,False
sunCream_18,소듐하이알루로네이트크로스폴리머,117,False
sunCream_18,소듐하이알루로네이트다이메틸실란올,118,False
sunCream_18,소듐아세틸레이티드하이알루로네이트,119,False
sunCream_18,티트리잎추출물,120,False
sunCream_18,약모밀추출물,121,False
sunCream_19,정제수,1,False
sunCream_19,다이부틸아디페이트,2,False
sunCream_19,프로판다이올,3,False
sunCream_19,티타늄디옥사이드,4,False
sunCream_19,카프릴릭/카프릭트라이글리세라이드,5,False
sunCream_19,C12-15알킬벤조에이트,6,False
sunCream_19,디에칠아미노하이드록시벤조일헥실벤조에이트,7,False
sunCream_19,카프릴릴메티콘,8,False
sunCream_19,에칠헥실트리아존,9,False
sunCream_19,나이아신아마이드,10,False
sunCream_19,글리세린,11,False
sunCream_19,디에칠헥실부타미도트리아존,12,False
sunCream_19,"1,2-헥산다이올",13,True
sunCream_19,펜틸렌글라이콜,14,False
sunCream_19,쇠비름추출물,15,False
sunCream_19,분홍바늘꽃꽃/잎/줄기추출물,16,False
sunCream_19,페루기네움철쭉추출물,17,False
sunCream_19,병풀추출물,18,False
sunCream_19,복사나무꽃추출물,19,False
sunCream_19,복숭아추출물,20,False
sunCream_19,세룰라타벚나무꽃추출물,21,False
sunCream_19,알로에베라잎추출물,22,False
sunCream_19,약모밀추출물,23,False
sunCream_19,흰서양송로추출물,24,False
sunCream_19,오렌지오일,25,False
sunCream_19,필리핀오렌지껍질오일,26,False
sunCream_19,소듐하이알루로네이트,27,False
sunCream_19,리씨열매오일,28,False
sunCream_19,다마스크장미꽃수,29,False
sunCream_19,자작나무수액,30,False
sunCream_19,판테놀,31,False
sunCream_19,폴리하이드록시스테아릭애씨드,32,False
sunCream_19,다이메티콘/비닐다이메티콘크로스폴리머,33,False
sunCream_19,브이피/에이코신코폴리머,34,False
sunCream_19,다이메티콘올,35,False
sunCream_19,트라이실록세인,36,False
sunCream_19,코코-카프릴레이트/카프레이트,37,False
sunCream_19,스테아릭애씨드,38,False
sunCream_19,소듐폴리아크릴로일다이메틸타우레이트,39,False
sunCream_19,암모늄폴리아크릴로일다이메틸타우레이트,40,False
sunCream_19,알루미나,41,False
sunCream_19,하이드록시프로필메틸셀룰로오스스테아록시에터,42,False
sunCream_19,다이카프릴릴카보네이트,43,False
sunCream_19,잔탄검,44,False
sunCream_19,에틸헥실글리세린,45,False
sunCream_19,아데노신,46,False
sunCream_19,소듐폴리아크릴레이트,47,False
sunCream_19,트라이에톡시카프릴릴실레인,48,False
sunCream_19,t-부틸알코올,49,False
sunCream_19,피브이엠/엠에이코폴리머,50,False
sunCream_19,폴리에터-1,51,False
sunCream_19,하이드롤라이즈드하이알루로닉애씨드,52,False
sunCream_19,알란토인,53,False
sunCream_19,부틸렌글라이콜,54,False
sunCream_19,토코페롤,55,False
sunCream_19,다이소듐포스페이트,56,False
sunCream_19,시트릭애씨드,57,False
sunCream_19,카프릴릴글라이콜,58,False
sunCream_19,황색산화철,59,False
sunCream_19,적색산화철,60,False
sunCream_19,리모넨,61,False
sunCream_19,시트랄,62,False
sunCream_20,정제수,1,False
sunCream_20,트라이프로필렌글라이콜,2,False
sunCream_20,사이클로펜타실록세인,3,False
sunCream_20,다이부틸아디페이트,4,False
sunCream_20,다이아이소프로필아디페이트,5,False
sunCream_20,에칠헥실트리아존,6,False
sunCream_20,비스-에칠헥실옥시페놀메톡시페닐트리아진,7,False
sunCream_20,옥토크릴렌,8,False
sunCream_20,나이아신아마이드,9,False
sunCream_20,폴리메틸실세스퀴옥세인,10,False
sunCream_20,테레프탈릴리덴디캠퍼설포닉애씨드,11,False
sunCream_20,세테아릴알코올,12,False
sunCream_20,트로메타민,13,False
sunCream_20,"1,2-헥산다이올",14,True
sunCream_20,알로에베라잎추출물,15,False
sunCream_20,소듐하이알루로네이트,16,False
sunCream_20,다이메티콘,17,False
sunCream_20,펜틸렌글라이콜,18,False
sunCream_20,C13-15알케인,19,False
sunCream_20,하이드록시에틸우레아,20,False
sunCream_20,C13-16아이소알케인,21,False
sunCream_20,소듐폴리아크릴로일다이메틸타우레이트,22,False
sunCream_20,다이메티콘/비닐다이메티콘크로스폴리머,23,False
sunCream_20,세테아릴올리베이트,24,False
sunCream_20,폴리C10-30알킬아크릴레이트,25,False
sunCream_20,솔비탄올리베이트,26,False
sunCream_20,소듐스테아로일글루타메이트,27,False
sunCream_20,부틸렌글라이콜,28,False
sunCream_20,폴리글리세릴-10미리스테이트,29,False
sunCream_20,다이메티콘올,30,False
sunCream_20,글리세릴글루코사이드,31,False
sunCream_20,메틸프로판다이올,32,False
sunCream_20,에틸헥실글리세린,33,False
sunCream_20,폴리아크릴레이트크로스폴리머-6,34,False
sunCream_20,폴리에터-1,35,False
sunCream_20,아데노신,36,False
sunCream_20,글리세린,37,False
sunCream_20,알지닌,38,False
sunCream_20,토코페롤,39,False
sunCream_20,카보머,40,False
sunCream_20,향료[클렌징폼]정제수,41,False
sunCream_20,미리스틱애씨드,43,False
sunCream_20,포타슘하이드록사이드,44,False
sunCream_20,코코-글루코사이드,45,False
sunCream_20,라우릭애씨드,46,False
sunCream_20,팔미틱애씨드,48,False
sunCream_20,스테아릭애씨드,49,False
sunCream_20,글리세릴스테아레이트,50,False
sunCream_20,탄산수,51,False
sunCream_20,당느릅나무뿌리추출물,52,False
sunCream_20,줄맨드라미씨추출물,53,False
sunCream_20,무화과추출물,54,False
sunCream_20,병풀추출물,55,False
sunCream_20,페퍼민트오일,56,False
sunCream_20,하이드로제네이티드레시틴,57,False
sunCream_20,만니톨,60,False
sunCream_20,다이소듐이디티에이,61,False
sunCream_20,피이지-14M,62,False
sunCream_20,마이크로크리스탈린셀룰로오스,63,False
sunCream_20,수크로오스,65,False
sunCream_20,멘톨,67,False
sunCream_20,에틸멘탄카복사마이드,68,False
sunCream_20,옥수수전분,69,False
sunCream_20,하이드록시프로필메틸셀룰로오스,70,False
sunCream_20,실리카,71,False
sunCream_20,비에이치티,72,False
sunCream_20,세라마이드엔피,73,False
sunCream_20,향료,74,False
sunCream_20,울트라마린,75,False
sunCream_21,정제수,1,False
sunCream_21,징크옥사이드,2,False
sunCream_21,사이클로헥사실록세인,3,False
sunCream_21,부틸옥틸살리실레이트,4,False
sunCream_21,프로판다이올,5,False
sunCream_21,프로필헵틸카프릴레이트,6,False
sunCream_21,아이소도데케인,7,False
sunCream_21,폴리글리세릴-3폴리다이메틸실록시에틸다이메티콘,8,False
sunCream_21,다이카프릴릴카보네이트,9,False
sunCream_21,카프릴릴메티콘,10,False
sunCream_21,소듐하이알루로네이트,11,False
sunCream_21,다이스테아다이모늄헥토라이트,12,False
sunCream_21,마그네슘설페이트,13,False
sunCream_21,메틸메타크릴레이트크로스폴리머,14,False
sunCream_21,트라이에톡시카프릴릴실레인,15,False
sunCream_21,"1,2-헥산다이올",16,True
sunCream_21,폴리글리세릴-2다이폴리하이드록시스테아레이트,17,False
sunCream_21,폴리메틸실세스퀴옥세인,18,False
sunCream_21,라우릴폴리글리세릴-3폴리다이메틸실록시에틸다이메티콘,19,False
sunCream_21,글리세릴카프릴레이트,20,False
sunCream_21,카프릴릴글라이콜,21,False
sunCream_21,에틸헥실글리세린,22,False
sunCream_21,토코페롤,23,False
sunCream_21,미리스토일/팔미토일옥소스테아라마이드/아라카마이드엠이에이,24,False
sunCream_21,스쿠알란,25,False
sunCream_21,판테놀,26,False
sunCream_21,펜틸렌글라이콜,27,False
sunCream_21,마데카소사이드,28,False
sunCream_22,다이메티콘,1,False
sunCream_22,정제수,2,False
sunCream_22,징크옥사이드,3,False
sunCream_22,에탄올,4,False
sunCream_22,다이아이소프로필세바케이트,5,False
sunCream_22,아이소도데케인,6,False
sunCream_22,옥토크릴렌,7,False
sunCream_22,에칠헥실살리실레이트,8,False
sunCream_22,C12-15알킬벤조에이트,9,False
sunCream_22,피이지/피피지-9/2다이메틸에터,10,False
sunCream_22,옥수수전분,11,False
sunCream_22,탤크,12,False
sunCream_22,실리카,13,False
sunCream_22,아이소프로필미리스테이트,14,False
sunCream_22,디에칠아미노하이드록시벤조일헥실벤조에이트,15,False
sunCream_22,티타늄디옥사이드,16,False
sunCream_22,피이지-9폴리다이메틸실록시에틸다이메티콘,17,False
sunCream_22,덱스트린팔미테이트,18,False
sunCream_22,글리세린,19,False
sunCream_22,호모살레이트,20,False
sunCream_22,에칠헥실트리아존,21,False
sunCream_22,비스-에칠헥실옥시페놀메톡시페닐트리아진,22,False
sunCream_22,다이스테아다이모늄헥토라이트,23,False
sunCream_22,피이지-10다이메티콘,24,False
sunCream_22,아이소스테아릭애씨드,25,False
sunCream_22,트라이에톡시카프릴릴실레인,26,False
sunCream_22,폴리글리세릴-6폴리리시놀리에이트,27,False
sunCream_22,소듐클로라이드,28,False
sunCream_22,알루미늄하이드록사이드,29,False
sunCream_22,스테아릭애씨드,30,False
sunCream_22,트라이소듐이디티에이,31,False
sunCream_22,피이지-6,32,False
sunCream_22,향료,33,False
sunCream_22,토코페롤,34,False
sunCream_22,비에이치티,35,False
sunCream_22,부틸렌글라이콜,36,False
sunCream_22,비스-부틸다이메티콘폴리글리세릴-3,37,False
sunCream_22,피이지/피피지-14/7다이메틸에터,38,False
sunCream_22,소듐메타바이설파이트,39,False
sunCream_22,트라이메틸실록시실리케이트,40,False
sunCream_22,다이포타슘글리시리제이트,41,False
sunCream_22,녹차추출물,42,False
sunCream_22,토멘틸뿌리추출물,43,False
sunCream_22,귤껍질추출물,44,False
sunCream_22,소듐아세틸레이티드하이알루로네이트,45,False
sunCream_22,합성플루오르플로고파이트,46,False
sunCream_22,라우릴베타인,47,False
sunCream_22,수용성콜라겐,48,False
sunCream_22,페녹시에탄올,49,False
sunCream_22,소듐벤조에이트,50,False
sunCream_22,시트로넬올,51,False
sunCream_22,제라니올,52,False
sunCream_22,헥실신남알,53,False
sunCream_22,리모넨,54,False
sunCream_22,리날룰,55,False
sunCream_23,정제수,1,False
sunCream_23,다이부틸아디페이트,2,False
sunCream_23,프로판다이올,3,False
sunCream_23,부틸옥틸살리실레이트,4,False
sunCream_23,에칠헥실트리아존,5,False
sunCream_23,나이아신아마이드,6,False
sunCream_23,카프릴릴메티콘,7,False
sunCream_23,드로메트리졸트리실록산,8,False
sunCream_23,테레프탈릴리덴디캠퍼설포닉애씨드,9,False
sunCream_23,폴리글리세릴-3다이스테아레이트,10,False
sunCream_23,"1,2-헥산다이올",11,True
sunCream_23,디에칠아미노하이드록시벤조일헥실벤조에이트,12,False
sunCream_23,트로메타민,13,False
sunCream_23,펜틸렌글라이콜,14,False
sunCream_23,세테아릴알코올,15,False
sunCream_23,폴리메틸실세스퀴옥세인,16,False
sunCream_23,비스-에칠헥실옥시페놀메톡시페닐트리아진,17,False
sunCream_23,글리세릴스테아레이트,18,False
sunCream_23,포타슘세틸포스페이트,19,False
sunCream_23,폴리C10-30알킬아크릴레이트,20,False
sunCream_23,메틸프로판다이올,21,False
sunCream_23,카보머,22,False
sunCream_23,폴리글리세릴-3메틸글루코오스다이스테아레이트,23,False
sunCream_23,메틸다이아이소프로필프로피온아마이드,24,False
sunCream_23,에틸헥실글리세린,25,False
sunCream_23,글리세릴스테아레이트시트레이트,26,False
sunCream_23,암모늄아크릴로일다이메틸타우레이트/브이피코폴리머,27,False
sunCream_23,아크릴레이트/C10-30알킬아크릴레이트크로스폴리머,28,False
sunCream_23,아데노신,29,False
sunCream_23,폴리에터-1,30,False
sunCream_23,크로뮴옥사이드그린,31,False
sunCream_23,폴리글리세릴-3폴리다이메틸실록시에틸다이메티콘,32,False
sunCream_23,프로필헵틸카프릴레이트,33,False
sunCream_23,하이드롤라이즈드하이알루로닉애씨드,34,False
sunCream_23,트라이에톡시카프릴릴실레인,35,False
sunCream_23,바이오사카라이드검-1,36,False
sunCream_23,부틸렌글라이콜,37,False
sunCream_23,토코페롤,38,False
sunCream_23,글리세린,39,False
sunCream_23,녹두씨추출물,40,False
sunCream_23,다시마추출물,41,False
sunCream_23,녹두추출물,42,False
sunCream_23,알로에베라잎추출물,43,False
sunCream_23,참마뿌리추출물,44,False
sunCream_23,당느릅나무뿌리추출물,45,False
sunCream_23,제비꽃꽃추출물,46,False
sunCream_23,녹두싹추출물,47,False
sunCream_24,정제수,1,False
sunCream_24,징크옥사이드,2,False
sunCream_24,사이클로헥사실록세인,3,False
sunCream_24,부틸옥틸살리실레이트,4,False
sunCream_24,프로판다이올,5,False
sunCream_24,카프릴릴메티콘,6,False
sunCream_24,메틸트라이메티콘,7,False
sunCream_24,폴리글리세릴-3폴리다이메틸실록시에틸다이메티콘,8,False
sunCream_24,프로필헵틸카프릴레이트,9,False
sunCream_24,티타늄디옥사이드,10,False
sunCream_24,나이아신아마이드,11,False
sunCream_24,다이페닐실록시페닐트라이메티콘,12,False
sunCream_24,메틸메타크릴레이트크로스폴리머,13,False
sunCream_24,트라이메틸실록시실리케이트,14,False
sunCream_24,트라이에톡시카프릴릴실레인,15,False
sunCream_24,다이스테아다이모늄헥토라이트,16,False
sunCream_24,마그네슘설페이트,17,False
sunCream_24,라우릴폴리글리세릴-3폴리다이메틸실록시에틸다이메티콘,18,False
sunCream_24,"1,2-헥산다이올",19,True
sunCream_24,폴리글리세릴-2다이폴리하이드록시스테아레이트,20,False
sunCream_24,황색산화철,21,False
sunCream_24,카프릴릴글라이콜,22,False
sunCream_24,글리세릴카프릴레이트,23,False
sunCream_24,에틸헥실글리세린,24,False
sunCream_24,알루미늄하이드록사이드,25,False
sunCream_24,적색산화철,26,False
sunCream_24,아데노신,27,False
sunCream_24,흑색산화철,28,False
sunCream_24,토코페롤,29,False
sunCream_24,합성플루오르플로고파이트,30,False
sunCream_24,부틸렌글라이콜,31,False
sunCream_24,글리세린,32,False
sunCream_24,콜라겐추출물,33,False
sunCream_24,하이드롤라이즈드콜라겐,34,False
sunCream_24,우엉뿌리추출물,35,False
sunCream_24,아마씨추출물,36,False
sunCream_24,알로에베라잎추출물,37,False
sunCream_24,오크라열매추출물,38,False
sunCream_24,다이메틸실란올하이알루로네이트,39,False
sunCream_24,하이드롤라이즈드하이알루로닉애씨드,40,False
sunCream_24,하이드롤라이즈드소듐하이알루로네이트,41,False
sunCream_24,소듐하이알루로네이트,42,False
sunCream_24,하이알루로닉애씨드,43,False
sunCream_24,포타슘하이알루로네이트,44,False
sunCream_24,소듐하이알루로네이트크로스폴리머,45,False
sunCream_24,하이드록시프로필트라이모늄하이알루로네이트,46,False
sunCream_24,소듐하이알루로네이트다이메틸실란올,47,False
sunCream_24,소듐아세틸레이티드하이알루로네이트,48,False
sunCream_24,트라이펩타이드-1,49,False
sunCream_24,아세틸헥사펩타이드-8,50,False
sunCream_24,카퍼트라이펩타이드-1,51,False
sunCream_24,팔미토일펜타펩타이드-4,52,False
sunCream_24,헥사펩타이드-9,53,False
sunCream_25,정제수,1,False
sunCream_25,사이클로펜타실록세인,2,False
sunCream_25,티타늄디옥사이드,3,False
sunCream_25,에칠헥실메톡시신나메이트,4,False
sunCream_25,다이프로필렌글라이콜,5,False
sunCream_25,세틸에틸헥사노에이트,6,False
sunCream_25,세틸피이지/피피지-10/1다이메티콘,7,False
sunCream_25,부틸렌글라이콜,8,False
sunCream_25,에칠헥실살리실레이트,9,False
sunCream_25,실리카,10,False
sunCream_25,"1,2-헥산다이올",11,True
sunCream_25,카프릴릴메티콘,12,False
sunCream_25,나이아신아마이드,13,False
sunCream_25,옥토크릴렌,14,False
sunCream_25,라우릴피이지-9폴리다이메틸실록시에틸다이메티콘,15,False
sunCream_25,사이클로헥사실록세인,16,False
sunCream_25,글리세린,17,False
sunCream_25,비스-에칠헥실옥시페놀메톡시페닐트리아진,18,False
sunCream_25,다이스테아다이모늄헥토라이트,19,False
sunCream_25,폴리페닐실세스퀴옥세인,20,False
sunCream_25,소듐클로라이드,21,False
sunCream_25,카나우바왁스,22,False
sunCream_25,황색산화철,23,False
sunCream_25,트라이메틸실록시실리케이트,24,False
sunCream_25,스테아릭애씨드,25,False
sunCream_25,아크릴레이트/스테아릴아크릴레이트/다이메티콘메타크릴레이트코폴리머,26,False
sunCream_25,다이아이소스테아릴말레이트,27,False
sunCream_25,팔미틱애씨드,28,False
sunCream_25,알루미늄하이드록사이드,29,False
sunCream_25,글리세릴카프릴레이트,30,False
sunCream_25,적색산화철,31,False
sunCream_25,트라이에톡시카프릴릴실레인,32,False
sunCream_25,향료,33,False
sunCream_25,흑색산화철,34,False
sunCream_25,알란토인,35,False
sunCream_25,다이메티콘/비닐다이메티콘크로스폴리머,36,False
sunCream_25,아데노신,37,False
sunCream_25,다이메티콘,38,False
sunCream_25,다이소듐이디티에이,39,False
sunCream_25,소듐하이알루로네이트,40,False
sunCream_25,글루타티온,41,False
sunCream_25,토코페롤,42,False
sunCream_25,하이드롤라이즈드콜라겐,43,False
sunCream_25,카프릴릭/카프릭트라이글리세라이드,44,False
sunCream_25,에탄올,45,False
sunCream_25,약모밀추출물,46,False
sunCream_25,하이드로제네이티드레시틴,47,False
sunCream_25,복사나무꽃추출물,48,False
sunCream_25,소듐스테아로일글루타메이트,49,False
sunCream_25,하이알루로닉애씨드,50,False
sunCream_25,아스코빅애씨드,51,False
sunCream_26,정제수,1,False
sunCream_26,다이부틸아디페이트,2,False
sunCream_26,변성알코올,3,False
sunCream_26,부틸옥틸살리실레이트,4,False
sunCream_26,실리카,5,False
sunCream_26,다이프로필렌글라이콜,6,False
sunCream_26,에칠헥실트리아존,7,False
sunCream_26,비스-에칠헥실옥시페놀메톡시페닐트리아진,8,False
sunCream_26,옥토크릴렌,9,False
sunCream_26,프로판다이올,10,False
sunCream_26,나이아신아마이드,11,False
sunCream_26,에리스리톨,12,False
sunCream_26,테레프탈릴리덴디캠퍼설포닉애씨드,13,False
sunCream_26,펜틸렌글라이콜,14,False
sunCream_26,메틸프로판다이올,15,False
sunCream_26,트로메타민,16,False
sunCream_26,스핑고모나스발효추출물,17,False
sunCream_26,스키조사카로미세스발효여과물,18,False
sunCream_26,로즈마리잎수,19,False
sunCream_26,병풀추출물,20,False
sunCream_26,흰목이버섯추출물,21,False
sunCream_26,녹차추출물,22,False
sunCream_26,폴스애플민트잎추출물,23,False
sunCream_26,타임잎추출물,24,False
sunCream_26,소듐하이알루로네이트,25,False
sunCream_26,폴리메틸실세스퀴옥세인,26,False
sunCream_26,"1,2-헥산다이올",27,True
sunCream_26,부틸렌글라이콜,28,False
sunCream_26,하이드록시에틸우레아,29,False
sunCream_26,폴리글리세릴-3메틸글루코오스다이스테아레이트,30,False
sunCream_26,스테아릴헵타노에이트,31,False
sunCream_26,다이메티콘올,32,False
sunCream_26,폴리C10-30알킬아크릴레이트,33,False
sunCream_26,마이크로크리스탈린셀룰로오스,34,False
sunCream_26,폴리에터-1,35,False
sunCream_26,에틸헥실글리세린,36,False
sunCream_26,아데노신,37,False
sunCream_26,소듐스테아로일글루타메이트,38,False
sunCream_26,메틸다이아이소프로필프로피온아마이드,39,False
sunCream_26,셀룰로오스검,40,False
sunCream_26,다발방패버섯추출물,41,False
sunCream_26,토코페롤,42,False
sunCream_26,글리세린,43,False
sunCream_26,소듐클로라이드,44,False
sunCream_26,소듐바이카보네이트,45,False
sunCream_26,칼슘클로라이드,46,False
sunCream_26,포타슘클로라이드,47,False
sunCream_26,글라이신,48,False
sunCream_26,알지닌,49,False
sunCream_26,글루타믹애씨드,50,False
sunCream_26,베헤닐알코올,51,False
sunCream_26,카보머,52,False
sunCream_26,향료,53,False
sunCream_27,정제수,1,False
sunCream_27,티타늄디옥사이드,2,False
sunCream_27,부틸렌글라이콜,3,False
sunCream_27,다이메티콘,4,False
sunCream_27,나이아신아마이드,5,False
sunCream_27,소듐아크릴레이트/소듐아크릴로일다이메틸타우레이트코폴리머,6,False
sunCream_27,글리세린,7,False
sunCream_27,C12-15알킬벤조에이트,8,False
sunCream_27,아이소헥사데칸,9,False
sunCream_27,향료,10,False
sunCream_27,페녹시에탄올,11,False
sunCream_27,알루미늄하이드록사이드,12,False
sunCream_27,폴리솔베이트80,13,False
sunCream_27,클로페네신,14,False
sunCream_27,스테아릭애씨드,15,False
sunCream_27,솔비탄올리에이트,16,False
sunCream_27,아데노신,17,False
sunCream_27,트라이에톡시카프릴릴실레인,18,False
sunCream_27,녹차수,19,False
sunCream_27,병풀추출물,20,False
sunCream_27,알로에베라잎추출물,21,False
sunCream_27,"1,2-헥산다이올",22,True
sunCream_28,정제수,1,False
sunCream_28,다이부틸아디페이트,2,False
sunCream_28,프로판다이올,3,False
sunCream_28,디에칠아미노하이드록시벤조일헥실벤조에이트,4,False
sunCream_28,폴리메틸실세스퀴옥세인,5,False
sunCream_28,에칠헥실트리아존,6,False
sunCream_28,나이아신아마이드,7,False
sunCream_28,메칠렌비스-벤조트리아졸릴테트라메칠부틸페놀,8,False
sunCream_28,코코-카프릴레이트/카프레이트,9,False
sunCream_28,카프릴릴메티콘,10,False
sunCream_28,디에칠헥실부타미도트리아존,11,False
sunCream_28,글리세린,12,False
sunCream_28,부틸렌글라이콜,13,False
sunCream_28,"1,2-헥산다이올",14,True
sunCream_28,펜틸렌글라이콜,15,False
sunCream_28,베헤닐알코올,16,False
sunCream_28,폴리C10-30알킬아크릴레이트,17,False
sunCream_28,폴리글리세릴-3메틸글루코오스다이스테아레이트,18,False
sunCream_28,데실글루코사이드,19,False
sunCream_28,트로메타민,20,False
sunCream_28,카보머,21,False
sunCream_28,아크릴레이트/C10-30알킬아크릴레이트크로스폴리머,22,False
sunCream_28,소듐스테아로일글루타메이트,23,False
sunCream_28,폴리아크릴레이트크로스폴리머-6,24,False
sunCream_28,에틸헥실글리세린,25,False
sunCream_28,아데노신,26,False
sunCream_28,잔탄검,27,False
sunCream_28,베르가모트오일,28,False
sunCream_28,t-부틸알코올,29,False
sunCream_28,토코페롤,30,False
sunCream_28,비타민나무열매추출물,31,False
sunCream_28,아스코빅애씨드,32,False
sunCream_28,당근추출물,33,False
sunCream_28,로즈힙열매추출물,34,False
sunCream_28,사과추출물,35,False
sunCream_28,살구즙,36,False
sunCream_28,드럼스틱씨오일,37,False
sunCream_28,세라마이드엔피,38,False
sunCream_28,피토스핑고신,39,False
sunCream_28,하이드로제네이티드레시틴,40,False
sunCream_28,케이프알로에잎추출물,41,False
sunCream_28,사철쑥추출물,42,False
sunCream_29,정제수,1,False
sunCream_29,프로판다이올,2,False
sunCream_29,다이부틸아디페이트,3,False
sunCream_29,티타늄디옥사이드,4,False
sunCream_29,비스-에칠헥실옥시페놀메톡시페닐트리아진,5,False
sunCream_29,부틸렌글라이콜,6,False
sunCream_29,디에칠아미노하이드록시벤조일헥실벤조에이트,7,False
sunCream_29,메틸트라이메티콘,8,False
sunCream_29,부틸옥틸살리실레이트,9,False
sunCream_29,나이아신아마이드,10,False
sunCream_29,페네틸벤조에이트,11,False
sunCream_29,아이소노닐아이소노나노에이트,12,False
sunCream_29,폴리메틸실세스퀴옥세인,13,False
sunCream_29,"1,2-헥산다이올",14,True
sunCream_29,자작나무수액,15,False
sunCream_29,소듐하이알루로네이트,16,False
sunCream_29,하이알루로닉애씨드,17,False
sunCream_29,글리세릴글루코사이드,18,False
sunCream_29,개똥쑥추출물,19,False
sunCream_29,마트리카리아꽃오일,20,False
sunCream_29,구주소나무잎오일,21,False
sunCream_29,알란토인,22,False
sunCream_29,다이포타슘글리시리제이트,23,False
sunCream_29,판테놀,24,False
sunCream_29,녹차씨오일,25,False
sunCream_29,효모발효추출물,26,False
sunCream_29,칸디다봄비콜라/글루코오스/메틸레이프씨데이트발효물,27,False
sunCream_29,에칠헥실트리아존,28,False
sunCream_29,펜틸렌글라이콜,29,False
sunCream_29,폴리글리세릴-3메틸글루코오스다이스테아레이트,30,False
sunCream_29,폴리실리콘-15,31,False
sunCream_29,스테아릭애씨드,32,False
sunCream_29,팔미틱애씨드,33,False
sunCream_29,폴리하이드록시스테아릭애씨드,34,False
sunCream_29,포타슘세틸포스페이트,35,False
sunCream_29,알루미늄하이드록사이드,36,False
sunCream_29,글리세릴스테아레이트,37,False
sunCream_29,하이드록시아세토페논,38,False
sunCream_29,폴리C10-30알킬아크릴레이트,39,False
sunCream_29,아이소도데케인,40,False
sunCream_29,옥틸도데칸올,41,False
sunCream_29,아크릴레이트/C10-30알킬아크릴레이트크로스폴리머,42,False
sunCream_29,하이드록시에틸아크릴레이트/소듐아크릴로일다이메틸타우레이트코폴리머,43,False
sunCream_29,트로메타민,44,False
sunCream_29,하이드로제네이티드레시틴,45,False
sunCream_29,비닐다이메티콘/메티콘실세스퀴옥세인크로스폴리머,46,False
sunCream_29,폴리글리세릴-4아이소스테아레이트,47,False
sunCream_29,폴리글리세릴-2다이폴리하이드록시스테아레이트,48,False
sunCream_29,아이소프로필티타늄트라이아이소스테아레이트,49,False
sunCream_29,아데노신,50,False
sunCream_29,소듐폴리아크릴레이트,51,False
sunCream_29,솔비탄아이소스테아레이트,52,False
sunCream_29,폴리메틸메타크릴레이트,53,False
sunCream_29,글리세릴카프릴레이트,54,False
sunCream_29,글리세린,55,False
sunCream_29,아스코빅애씨드,56,False
sunCream_29,C12-16알코올,57,False
sunCream_29,세테아릴알코올,58,False
sunCream_29,다이소듐이디티에이,59,False
sunCream_29,황색산화철,60,False
sunCream_29,적색산화철,61,False
sunCream_29,흑색산화철,62,False
sunCream_30,정제수,1,False
sunCream_30,다이부틸아디페이트,2,False
sunCream_30,프로판다이올,3,False
sunCream_30,에칠헥실트리아존,4,False
sunCream_30,테레프탈릴리덴디캠퍼설포닉애씨드,5,False
sunCream_30,나이아신아마이드,6,False
sunCream_30,옥틸도데칸올,7,False
sunCream_30,트로메타민,8,False
sunCream_30,폴리글리세릴-3다이스테아레이트,9,False
sunCream_30,세테아릴알코올,10,False
sunCream_30,판테놀,11,False
sunCream_30,"1,2-헥산다이올",12,True
sunCream_30,펜틸렌글라이콜,13,False
sunCream_30,폴리실리콘-15,14,False
sunCream_30,카프릴릴메티콘,15,False
sunCream_30,디에칠아미노하이드록시벤조일헥실벤조에이트,16,False
sunCream_30,폴리메틸실세스퀴옥세인,17,False
sunCream_30,글리세릴스테아레이트,18,False
sunCream_30,포타슘세틸포스페이트,19,False
sunCream_30,비스-에칠헥실옥시페놀메톡시페닐트리아진,20,False
sunCream_30,메틸프로판다이올,21,False
sunCream_30,에키움플란타기네움씨오일,22,False
sunCream_30,카보머,23,False
sunCream_30,글리세릴스테아레이트시트레이트,24,False
sunCream_30,아크릴레이트/C10-30알킬아크릴레이트크로스폴리머,25,False
sunCream_30,에틸헥실글리세린,26,False
sunCream_30,암모늄아크릴로일다이메틸타우레이트/브이피코폴리머,27,False
sunCream_30,아데노신,28,False
sunCream_30,부틸렌글라이콜,29,False
sunCream_30,풍선덩굴꽃/잎/덩굴추출물,30,False
sunCream_30,해바라기씨오일불검화물,31,False
sunCream_30,폴리에터-1,32,False
sunCream_30,약모밀추출물,33,False
sunCream_30,노니열매추출물,34,False
sunCream_30,토코페롤,35,False
sunCream_30,쑥잎추출물,36,False
sunCream_30,병풀꽃/잎/줄기추출물,37,False
sunCream_30,아티초크잎추출물,38,False
sunCream_30,바이오사카라이드검-1,39,False
sunCream_30,병풀뿌리추출물,40,False
sunCream_30,병풀추출물,41,False
sunCream_30,병풀잎추출물,42,False
sunCream_30,효모발효물,43,False
sunCream_30,복사나무꽃추출물,44,False
sunCream_30,물냉이추출물,45,False
sunCream_30,7-데하이드로콜레스테롤,46,False
sunCream_30,엑토인,47,False
sunCream_30,아시아티코사이드,48,False
sunCream_30,타라열매추출물,49,False
sunCream_30,마데카소사이드,50,False
sunCream_30,코토니추출물,51,False
sunCream_30,락토바실러스발효물,52,False
sunCream_30,밀몽화꽃추출물,53,False
sunCream_30,프랑스해안송껍질추출물,54,False
sunCream_30,마데카식애씨드,55,False
sunCream_30,아시아틱애씨드,56,False
pi_cream_A000000229498,정제수,1,False
pi_cream_A000000229498,다이메티콘,2,False
pi_cream_A000000229498,부틸렌글라이콜,3,False
pi_cream_A000000229498,글리세린,4,False
pi_cream_A000000229498,트라이실록세인,5,False
pi_cream_A000000229498,트레할로오스,6,False
pi_cream_A000000229498,수크로오스,7,False
pi_cream_A000000229498,암모늄아크릴로일다이메틸타우레이트/브이피코폴리머,8,False
pi_cream_A000000229498,하이드록시에틸우레아,9,False
pi_cream_A000000229498,녹차추출물,10,False
pi_cream_A000000229498,흰무늬엉겅퀴추출물,11,False
pi_cream_A000000229498,만주자작나무껍질추출물,12,False
pi_cream_A000000229498,효모용해추출물,13,False
pi_cream_A000000229498,알로에베라잎수,14,False
pi_cream_A000000229498,알로에베라잎추출물,15,False
pi_cream_A000000229498,테르무스테르모필루스발효물,16,False
pi_cream_A000000229498,카페인,17,False
pi_cream_A000000229498,솔비톨,18,False
pi_cream_A000000229498,팔미토일헥사펩타이드-12,19,False
pi_cream_A000000229498,소듐하이알루로네이트,20,False
pi_cream_A000000229498,카프릴릴글라이콜,21,False
pi_cream_A000000229498,올레스-10,22,False
pi_cream_A000000229498,소듐폴리아스파테이트,23,False
pi_cream_A000000229498,알로에베라잎폴리사카라이드,24,False
pi_cream_A000000229498,락토바실러스발효용해물,25,False
pi_cream_A000000229498,사카라이드아이소머레이트,26,False
pi_cream_A000000229498,하이드로제네이티드레시틴,27,False
pi_cream_A000000229498,토코페릴아세테이트,28,False
pi_cream_A000000229498,아크릴레이트/C10-30알킬아크릴레이트크로스폴리머,29,False
pi_cream_A000000229498,글리세릴폴리메타크릴레이트,30,False
pi_cream_A000000229498,트로메타민,31,False
pi_cream_A000000229498,피이지-8,32,False
pi_cream_A000000229498,헥실렌글라이콜,33,False
pi_cream_A000000229498,마그네슘아스코빌포스페이트,34,False
pi_cream_A000000229498,시트릭애씨드,35,False
pi_cream_A000000229498,비에이치티,36,False
pi_cream_A000000229498,다이소듐이디티에이,37,False
pi_cream_A000000229498,소듐시트레이트,38,False
pi_cream_A000000229498,포타슘솔베이트,39,False
pi_cream_A000000229498,소듐벤조에이트,40,False
pi_cream_A000000229498,페녹시에탄올,41,False
pi_cream_A000000229498,적색504호,42,False
pi_cream_A000000229498,황색4호,43,False
pi_cream_A000000224581,정제수,1,False
pi_cream_A000000224581,부틸렌글라이콜,2,False
pi_cream_A000000224581,카프릴릭/카프릭트라이글리세라이드,3,False
pi_cream_A000000224581,"1,2-헥산다이올",4,False
pi_cream_A000000224581,베타인,5,False
pi_cream_A000000224581,베헤닐알코올,6,False
pi_cream_A000000224581,판테놀,7,False
pi_cream_A000000224581,유칼립투스잎추출물,8,False
pi_cream_A000000224581,폴스애플민트잎추출물,9,False
pi_cream_A000000224581,로즈힙열매추출물,10,False
pi_cream_A000000224581,레몬밤꽃/잎/줄기수,11,False
pi_cream_A000000224581,타임잎추출물,12,False
pi_cream_A000000224581,로즈마리잎수,13,False
pi_cream_A000000224581,비터오렌지꽃오일,14,False
pi_cream_A000000224581,토탄추출물,15,False
pi_cream_A000000224581,양버들껍질/싹/잎/잔가지추출물,16,False
pi_cream_A000000224581,프렌치로즈꽃추출물,17,False
pi_cream_A000000224581,흰서양송로추출물,18,False
pi_cream_A000000224581,자일리톨,19,False
pi_cream_A000000224581,에리스리톨,20,False
pi_cream_A000000224581,소듐하이알루로네이트,21,False
pi_cream_A000000224581,카페인,22,False
pi_cream_A000000224581,카퍼트라이펩타이드-1,23,False
pi_cream_A000000224581,글라이신,24,False
pi_cream_A000000224581,베타-글루칸,25,False
pi_cream_A000000224581,나이아신아마이드,26,False
pi_cream_A000000224581,글리세릴폴리메타크릴레이트,27,False
pi_cream_A000000224581,트라이에틸헥사노인,28,False
pi_cream_A000000224581,카보머,29,False
pi_cream_A000000224581,다이메티콘,30,False
pi_cream_A000000224581,다이실록세인,31,False
pi_cream_A000000224581,트로메타민,32,False
pi_cream_A000000224581,글리세린,33,False
pi_cream_A000000224581,프로필렌글라이콜,34,False
pi_cream_A000000224581,스테아릴다이메티콘,35,False
pi_cream_A000000224581,락토바실러스/콩발효추출물,36,False
pi_cream_A000000224581,C30-45알킬다이메티콘,37,False
pi_cream_A000000224581,토코페릴아세테이트,38,False
pi_cream_A000000224581,효모/감자추출물발효여과물,39,False
pi_cream_A000000224581,효모/보리씨발효여과물,40,False
pi_cream_A000000224581,트라이소듐이디티에이,41,False
pi_cream_A000000224581,말라카이트추출물,42,False
pi_cream_A000000224581,메틸다이아이소프로필프로피온아마이드,43,False
pi_cream_A000000224581,오렌지껍질오일,44,False
pi_cream_A000000224581,라임전초오일,45,False
pi_cream_A000000224581,센티드제라늄꽃오일,46,False
pi_cream_A000000224581,로즈마리잎오일,47,False
pi_cream_A000000224581,리모넨,48,False
pi_cream_A000000224581,시트로넬올,49,False
pi_cream_A000000224581,제라니올,50,False
pi_cream_A000000224581,시트랄,51,False
pi_cream_A000000224581,리날룰*표시:beliforiginalformula+표시:빌리프프로프로즌콤플렉스**표시:식물유래향[증정-프로즌토너]정제수,52,False
pi_cream_A000000224581,프로판다이올,54,False
pi_cream_A000000224581,변성알코올,56,False
pi_cream_A000000224581,C12-15알킬벤조에이트,57,False
pi_cream_A000000224581,글루코노락톤,61,False
pi_cream_A000000224581,폴리글리세릴-10스테아레이트,76,False
pi_cream_A000000224581,폴리글리세릴-10올리에이트,77,False
pi_cream_A000000224581,소듐시트레이트,80,False
pi_cream_A000000224581,시트릭애씨드,81,False
pi_cream_A000000224581,바이오사카라이드검-1,82,False
pi_cream_A000000224581,펜틸렌글라이콜,84,False
pi_cream_A000000224581,에틸헥실글리세린,86,False
pi_cream_A000000224581,리날룰*표시:beliforiginalformula+표시:빌리프프로프로즌콤플렉스**표시:식물유래향[증정-프로즌세럼]정제수,97,False
pi_cream_A000000224581,스테아릴헵타노에이트,99,False
pi_cream_A000000224581,다이프로필렌글라이콜,101,False
pi_cream_A000000224581,트레할로오스,102,False
pi_cream_A000000224581,하이드롤라이즈드하이알루로닉애씨드,110,False
pi_cream_A000000224581,하이알루로닉애씨드,111,False
pi_cream_A000000224581,하이드롤라이즈드소듐하이알루로네이트,112,False
pi_cream_A000000224581,하이드록시프로필트라이모늄하이알루로네이트,114,False
pi_cream_A000000224581,소듐하이알루로네이트크로스폴리머,115,False
pi_cream_A000000224581,소듐아세틸레이티드하이알루로네이트,116,False
pi_cream_A000000224581,C14-22알코올,120,False
pi_cream_A000000224581,소듐폴리아크릴레이트스타치,123,False
pi_cream_A000000224581,C12-20알킬글루코사이드,124,False
pi_cream_A000000224581,포타슘하이드록사이드,126,False
pi_cream_A000000224581,다이소듐이디티에이,127,False
pi_cream_A000000224581,소듐글루코네이트,130,False
pi_cream_A000000224581,카프릴릴글라이콜,133,False
pi_cream_A000000224581,아세틸헥사펩타이드-8,134,False
pi_cream_A000000224581,리날룰*표시:beliforiginalformula+표시:빌리프프로프로즌콤플렉스**표시:식물유래향,143,False
pi_cream_A000000211213,정제수,1,False
pi_cream_A000000211213,글리세린,2,False
pi_cream_A000000211213,사이클로헥사실록세인,3,False
pi_cream_A000000211213,하이드로제네이티드폴리데센,4,False
pi_cream_A000000211213,다이프로필렌글라이콜,5,False
pi_cream_A000000211213,마카다미아씨오일,6,False
pi_cream_A000000211213,"1,2-헥산다이올",7,False
pi_cream_A000000211213,트라이에틸헥사노인,8,False
pi_cream_A000000211213,비스-피이지-18메틸에터다이메틸실레인,9,False
pi_cream_A000000211213,스테아릴알코올,10,False
pi_cream_A000000211213,글리세릴스테아레이트,11,False
pi_cream_A000000211213,피이지-40스테아레이트,12,False
pi_cream_A000000211213,펜타에리스리틸테트라에틸헥사노에이트,13,False
pi_cream_A000000211213,컴프리잎추출물,14,False
pi_cream_A000000211213,귀리커넬추출물,15,False
pi_cream_A000000211213,포트마리골드꽃추출물,16,False
pi_cream_A000000211213,개박하추출물,17,False
pi_cream_A000000211213,라즈베리잎추출물,18,False
pi_cream_A000000211213,와일드인디고뿌리추출물,19,False
pi_cream_A000000211213,별꽃추출물,20,False
pi_cream_A000000211213,레이디스맨틀잎추출물,21,False
pi_cream_A000000211213,삼색제비꽃추출물,22,False
pi_cream_A000000211213,다마스크장미꽃추출물,23,False
pi_cream_A000000211213,메도우스위트꽃추출물,24,False
pi_cream_A000000211213,마시멜로뿌리추출물,25,False
pi_cream_A000000211213,아이브라이트추출물,26,False
pi_cream_A000000211213,서양측백나무잎추출물,27,False
pi_cream_A000000211213,서양톱풀꽃추출물,28,False
pi_cream_A000000211213,붉은토끼풀꽃추출물,29,False
pi_cream_A000000211213,조름나물잎추출물,30,False
pi_cream_A000000211213,흰버드나무껍질추출물,31,False
pi_cream_A000000211213,탱자추출물,32,False
pi_cream_A000000211213,띠뿌리추출물,33,False
pi_cream_A000000211213,C14-22알코올,34,False
pi_cream_A000000211213,스쿠알란,35,False
pi_cream_A000000211213,시어버터,36,False
pi_cream_A000000211213,아라키딜글루코사이드,37,False
pi_cream_A000000211213,세라마이드엔피,38,False
pi_cream_A000000211213,콜레스테롤,39,False
pi_cream_A000000211213,카프릴릴글라이콜,40,False
pi_cream_A000000211213,아세틸헥사펩타이드-8,41,False
pi_cream_A000000211213,토코페롤,42,False
pi_cream_A000000211213,판테놀,43,False
pi_cream_A000000211213,하이드록시에틸피페라진에탄설포닉애씨드,44,False
pi_cream_A000000211213,우레아,45,False
pi_cream_A000000211213,스키조사카로미세스발효여과물,46,False
pi_cream_A000000211213,겨우살이추출물,47,False
pi_cream_A000000211213,글라이코실트레할로오스,48,False
pi_cream_A000000211213,락토바실러스/콩발효추출물,49,False
pi_cream_A000000211213,스테아릭애씨드,50,False
pi_cream_A000000211213,트로메타민,51,False
pi_cream_A000000211213,피이지-100스테아레이트,52,False
pi_cream_A000000211213,세테아릴올리베이트,53,False
pi_cream_A000000211213,팔미틱애씨드,54,False
pi_cream_A000000211213,솔비탄올리베이트,55,False
pi_cream_A000000211213,하이드로제네이티드레시틴,56,False
pi_cream_A000000211213,아크릴레이트/C10-30알킬아크릴레이트크로스폴리머,57,False
pi_cream_A000000211213,다이메티콘/비닐다이메티콘크로스폴리머,58,False
pi_cream_A000000211213,카보머,59,False
pi_cream_A000000211213,하이드로제네이티드스타치하이드롤리세이트,60,False
pi_cream_A000000211213,잔탄검,61,False
pi_cream_A000000211213,트라이소듐이디티에이,62,False
pi_cream_A000000211213,세테아릴알코올,63,False
pi_cream_A000000211213,부틸렌글라이콜,64,False
pi_cream_A000000211213,다이메티콘,65,False
pi_cream_A000000211213,솔비탄스테아레이트,66,False
pi_cream_A000000211213,오렌지껍질오일,67,False
pi_cream_A000000211213,라임전초오일,68,False
pi_cream_A000000211213,로즈마리잎오일,69,False
pi_cream_A000000211213,센티드제라늄꽃오일,70,False
pi_cream_A000000211213,리모넨,71,False
pi_cream_A000000211213,시트로넬올,72,False
pi_cream_A000000211213,제라니올,73,False
pi_cream_A000000211213,시트랄,74,False
pi_cream_A000000211213,리날룰[아쿠아밤-본품/증정]정제수,75,False
pi_cream_A000000211213,메틸트라이메티콘,78,False
pi_cream_A000000211213,변성알코올,79,False
pi_cream_A000000211213,사이클로펜타실록세인,81,False
pi_cream_A000000211213,카프릴릭/카프릭트라이글리세라이드,83,False
pi_cream_A000000211213,피이지/피피지/폴리부틸렌글라이콜-8/5/3글리세린,84,False
pi_cream_A000000211213,쇠뜨기잎추출물,93,False
pi_cream_A000000211213,쐐기풀잎추출물,94,False
pi_cream_A000000211213,소듐하이알루로네이트,95,False
pi_cream_A000000211213,나이아신아마이드,96,False
pi_cream_A000000211213,폴리메틸실세스퀴옥세인,97,False
pi_cream_A000000211213,피이지-150,99,False
pi_cream_A000000211213,펜타에리스리틸테트라아이소스테아레이트,100,False
pi_cream_A000000211213,페닐트라이메티콘,101,False
pi_cream_A000000211213,하이드록시에틸아크릴레이트/소듐아크릴로일다이메틸타우레이트코폴리머,102,False
pi_cream_A000000211213,피이지-40하이드로제네이티드캐스터오일,106,False
pi_cream_A000000211213,다이메티콘올,107,False
pi_cream_A000000211213,폴리솔베이트60,110,False
pi_cream_A000000211213,말라카이트추출물,113,False
pi_cream_A000000211213,솔비탄아이소스테아레이트,119,False
pi_cream_A000000211213,리날룰,133,False
pi_cream_A000000259494,(크림)정제수,1,False
pi_cream_A000000259494,글리세린,2,False
pi_cream_A000000259494,카프릴릭/카프릭트라이글리세라이드,3,False
pi_cream_A000000259494,세테아릴알코올,4,False
pi_cream_A000000259494,"1,2-헥산다이올",5,False
pi_cream_A000000259494,프로판다이올,6,False
pi_cream_A000000259494,부틸렌글라이콜다이카프릴레이트/다이카프레이트,7,False
pi_cream_A000000259494,폴리글리세린-3,8,False
pi_cream_A000000259494,비닐다이메티콘,9,False
pi_cream_A000000259494,하이드로제네이티드폴리데센,10,False
pi_cream_A000000259494,판테놀,11,False
pi_cream_A000000259494,스쿠알란,12,False
pi_cream_A000000259494,세테아릴올리베이트,13,False
pi_cream_A000000259494,솔비탄올리베이트,14,False
pi_cream_A000000259494,글리세릴스테아레이트,15,False
pi_cream_A000000259494,폴리아크릴레이트-13,16,False
pi_cream_A000000259494,부틸렌글라이콜,17,False
pi_cream_A000000259494,아크릴레이트/C10-30알킬아크릴레이트크로스폴리머,18,False
pi_cream_A000000259494,하이드로제네이티드폴리아이소부텐,19,False
pi_cream_A000000259494,병풀추출물,20,False
pi_cream_A000000259494,잇꽃꽃추출물,21,False
pi_cream_A000000259494,하이드록시에틸아크릴레이트/소듐아크릴로일다이메틸타우레이트코폴리머,22,False
pi_cream_A000000259494,덱스트린,23,False
pi_cream_A000000259494,알지닌,24,False
pi_cream_A000000259494,에틸헥실글리세린,25,False
pi_cream_A000000259494,치자추출물,26,False
pi_cream_A000000259494,다이소듐이디티에이,27,False
pi_cream_A000000259494,폴리글리세릴-10라우레이트,28,False
pi_cream_A000000259494,"2,3-부탄다이올",29,False
pi_cream_A000000259494,에틸헥실팔미테이트,30,False
pi_cream_A000000259494,카카오씨추출물,31,False
pi_cream_A000000259494,칸디다봄비콜라/글루코오스/메틸레이프씨데이트발효물,32,False
pi_cream_A000000259494,솔비탄아이소스테아레이트,33,False
pi_cream_A000000259494,불가리스쑥오일,34,False
pi_cream_A000000259494,소듐하이알루로네이트,35,False
pi_cream_A000000259494,라우릴글루코사이드,36,False
pi_cream_A000000259494,올리브오일,37,False
pi_cream_A000000259494,에톡시다이글라이콜,38,False
pi_cream_A000000259494,하이드로제네이티드레시틴,39,False
pi_cream_A000000259494,아시아티코사이드,40,False
pi_cream_A000000259494,아시아틱애씨드,41,False
pi_cream_A000000259494,마데카식애씨드,42,False
pi_cream_A000000259494,마누카잎추출물,43,False
pi_cream_A000000259494,꿀추출물,44,False
pi_cream_A000000259494,락토바실러스발효물,45,False
pi_cream_A000000259494,병풀꽃/잎/줄기추출물,46,False
pi_cream_A000000259494,병풀뿌리추출물,47,False
pi_cream_A000000259494,해바라기씨오일,48,False
pi_cream_A000000259494,마데카소사이드,49,False
pi_cream_A000000259494,멜라토닌,50,False
pi_cream_A000000259494,셀필룸추출물,51,False
pi_cream_A000000259494,테아닌,52,False
pi_cream_A000000259494,소듐디엔에이(세럼)정제수,53,False
pi_cream_A000000259494,카보머,57,False
pi_cream_A000000259494,트로메타민,58,False
pi_cream_A000000259494,인도멀구슬나무잎추출물,61,False
pi_cream_A000000259494,인도멀구슬나무꽃추출물,66,False
pi_cream_A000000259494,소듐폴리아크릴레이트,69,False
pi_cream_A000000259494,펜틸렌글라이콜,70,False
pi_cream_A000000259494,황련뿌리추출물,71,False
pi_cream_A000000259494,데실글루코사이드,75,False
pi_cream_A000000259494,카프릴릴글라이콜,76,False
pi_cream_A000000259494,메도우폼씨오일,78,False
pi_cream_A000000259494,세라마이드엔피,82,False
pi_cream_A000000259494,피토스핑고신,83,False
pi_cream_A000000230799,정제수,1,False
pi_cream_A000000230799,부틸렌글라이콜,2,False
pi_cream_A000000230799,글리세린,3,False
pi_cream_A000000230799,"1,2-헥산다이올",4,False
pi_cream_A000000230799,마카다미아씨오일,5,False
pi_cream_A000000230799,하이드로제네이티드폴리(C6-14올레핀),6,False
pi_cream_A000000230799,다이카프릴릴카보네이트,7,False
pi_cream_A000000230799,알지닌,8,False
pi_cream_A000000230799,아크릴레이트/C10-30알킬아크릴레이트크로스폴리머,9,False
pi_cream_A000000230799,글리세릴카프릴레이트,10,False
pi_cream_A000000230799,세테아릴올리베이트,11,False
pi_cream_A000000230799,스쿠알란,12,False
pi_cream_A000000230799,솔비탄올리베이트,13,False
pi_cream_A000000230799,하이드록시에틸아크릴레이트/소듐아크릴로일다이메틸타우레이트코폴리머,14,False
pi_cream_A000000230799,해바라기씨오일,15,False
pi_cream_A000000230799,알란토인,16,False
pi_cream_A000000230799,완두콩추출물,17,False
pi_cream_A000000230799,약모밀추출물,18,False
pi_cream_A000000230799,토코페롤,19,False
pi_cream_A000000230799,향료,20,False
pi_cream_A000000230799,에난티아클로란타껍질추출물,21,False
pi_cream_A000000230799,다이포타슘글리시리제이트,22,False
pi_cream_A000000230799,아데노신,23,False
pi_cream_A000000230799,소듐글루코네이트,24,False
pi_cream_A000000230799,시트릭애씨드,25,False
pi_cream_A000000230799,블랙체리열매추출물,26,False
pi_cream_A000000230799,펜틸렌글라이콜,27,False
pi_cream_A000000230799,하이드롤라이즈드콜라겐,28,False
pi_cream_A000000230799,올레아놀릭애씨드,29,False
pi_cream_A000000192782,정제수,1,False
pi_cream_A000000192782,스쿠알란,2,False
pi_cream_A000000192782,글리세린,3,False
pi_cream_A000000192782,"1,2-헥산다이올",4,False
pi_cream_A000000192782,베타인,5,False
pi_cream_A000000192782,판테놀,6,False
pi_cream_A000000192782,소듐하이알루로네이트,7,False
pi_cream_A000000192782,하이드롤라이즈드콜라겐,8,False
pi_cream_A000000192782,하이드록시프로필트라이모늄하이알루로네이트,9,False
pi_cream_A000000192782,하이드롤라이즈드하이알루로닉애씨드,10,False
pi_cream_A000000192782,소듐아세틸레이티드하이알루로네이트,11,False
pi_cream_A000000192782,아세틸헥사펩타이드-8,12,False
pi_cream_A000000192782,아데노신,13,False
pi_cream_A000000192782,하이알루로닉애씨드,14,False
pi_cream_A000000192782,하이드롤라이즈드소듐하이알루로네이트,15,False
pi_cream_A000000192782,소듐하이알루로네이트크로스폴리머,16,False
pi_cream_A000000192782,포타슘하이알루로네이트,17,False
pi_cream_A000000192782,아크릴레이트/C10-30알킬아크릴레이트크로스폴리머,18,False
pi_cream_A000000192782,알지닌,19,False
pi_cream_A000000192782,알란토인,20,False
pi_cream_A000000192782,자일리틸글루코사이드,21,False
pi_cream_A000000192782,안하이드로자일리톨,22,False
pi_cream_A000000192782,자일리톨,23,False
pi_cream_A000000192782,글루코오스,24,False
pi_cream_A000000192782,부틸렌글라이콜,25,False
pi_cream_A000000192782,암모늄아크릴로일다이메틸타우레이트/브이피코폴리머,26,False
pi_cream_A000000192782,카프릴릴글라이콜,27,False
pi_cream_A000000198320,정제수,1,False
pi_cream_A000000198320,부틸렌글라이콜,2,False
pi_cream_A000000198320,글리세린,3,False
pi_cream_A000000198320,부틸렌글라이콜다이카프릴레이트/다이카프레이트,4,False
pi_cream_A000000198320,세틸에틸헥사노에이트,5,False
pi_cream_A000000198320,스쿠알란,6,False
pi_cream_A000000198320,펜타에리스리틸테트라아이소스테아레이트,7,False
pi_cream_A000000198320,다이카프릴릴카보네이트,8,False
pi_cream_A000000198320,베헤닐알코올,9,False
pi_cream_A000000198320,다이메티콘,10,False
pi_cream_A000000198320,하이드록시프로필비스팔미타마이드엠이에이,11,False
pi_cream_A000000198320,스테아릭애씨드,12,False
pi_cream_A000000198320,베타인,13,False
pi_cream_A000000198320,만니톨,14,False
pi_cream_A000000198320,C14-22알코올,15,False
pi_cream_A000000198320,팔미틱애씨드,16,False
pi_cream_A000000198320,하이드록시프로필비스라우라마이드엠이에이,17,False
pi_cream_A000000198320,아라키딜알코올,18,False
pi_cream_A000000198320,콜레스테롤,19,False
pi_cream_A000000198320,폴리아크릴레이트-13,20,False
pi_cream_A000000198320,C12-20알킬글루코사이드,21,False
pi_cream_A000000198320,알란토인,22,False
pi_cream_A000000198320,아라키딜글루코사이드,23,False
pi_cream_A000000198320,나이아신아마이드,24,False
pi_cream_A000000198320,세라마이드엔피,25,False
pi_cream_A000000198320,글리세릴카프릴레이트,26,False
pi_cream_A000000198320,에틸헥실글리세린,27,False
pi_cream_A000000198320,하이드로제네이티드폴리아이소부텐,28,False
pi_cream_A000000198320,카보머,29,False
pi_cream_A000000198320,트로메타민,30,False
pi_cream_A000000198320,다이메티콘올,31,False
pi_cream_A000000198320,폴리글리세릴-10라우레이트,32,False
pi_cream_A000000198320,하이드로제네이티드레시틴,33,False
pi_cream_A000000198320,에틸헥실팔미테이트,34,False
pi_cream_A000000198320,아크릴레이트/암모늄메타크릴레이트코폴리머,35,False
pi_cream_A000000198320,솔비탄아이소스테아레이트,36,False
pi_cream_A000000198320,실리카,37,False
pi_cream_A000000198320,피토스핑고신,38,False
pi_cream_A000000198320,스핑고리피드,39,False
pi_cream_A000000198320,아라키딕애씨드,40,False
pi_cream_A000000198320,토코페롤,41,False
pi_cream_A000000198320,올레익애씨드,42,False
pi_cream_A000000258834,정제수,1,False
pi_cream_A000000258834,글리세린,2,False
pi_cream_A000000258834,부틸렌글라이콜,3,False
pi_cream_A000000258834,다이메티콘,4,False
pi_cream_A000000258834,스쿠알란,5,False
pi_cream_A000000258834,"1,2-헥산다이올",6,False
pi_cream_A000000258834,베타인,7,False
pi_cream_A000000258834,세테아릴알코올,8,False
pi_cream_A000000258834,암모늄아크릴로일다이메틸타우레이트/브이피코폴리머,9,False
pi_cream_A000000258834,하이드로제네이티드쌀겨오일,10,False
pi_cream_A000000258834,하이드로제네이티드레시틴,11,False
pi_cream_A000000258834,폴리글리세릴-3메틸글루코오스다이스테아레이트,12,False
pi_cream_A000000258834,폴리아크릴레이트크로스폴리머-6,13,False
pi_cream_A000000258834,만니톨,14,False
pi_cream_A000000258834,세틸-피지하이드록시에틸팔미타마이드,15,False
pi_cream_A000000258834,스테아릭애씨드,16,False
pi_cream_A000000258834,에틸헥실글리세린,17,False
pi_cream_A000000258834,글리세릴카프릴레이트,18,False
pi_cream_A000000258834,프로판다이올,19,False
pi_cream_A000000258834,글리세릴스테아레이트,20,False
pi_cream_A000000258834,소듐메타포스페이트,21,False
pi_cream_A000000258834,세라마이드엔피,22,False
pi_cream_A000000258834,카보머,23,False
pi_cream_A000000258834,팔미틱애씨드,24,False
pi_cream_A000000258834,실리카,25,False
pi_cream_A000000258834,징크클로라이드,26,False
pi_cream_A000000258834,콜레스테롤,27,False
pi_cream_A000000258834,베타-글루칸,28,False
pi_cream_A000000258834,스핑고리피드,29,False
pi_cream_A000000258834,소듐하이알루로네이트,30,False
pi_cream_A000000258834,하이드록시프로필메틸셀룰로오스,31,False
pi_cream_A000000258834,미리스틱애씨드,32,False
pi_cream_A000000258834,프로필렌글라이콜,33,False
pi_cream_A000000258834,라우릭애씨드,34,False
pi_cream_A000000258834,토코페롤,35,False
pi_cream_A000000253592,전성분정제수,1,False
pi_cream_A000000253592,글리세린,2,False
pi_cream_A000000253592,나이아신아마이드,3,False
pi_cream_A000000253592,트라넥사믹애씨드,4,False
pi_cream_A000000253592,카프릴릭/카프릭트라이글리세라이드,5,False
pi_cream_A000000253592,다이프로필렌글라이콜,6,False
pi_cream_A000000253592,"1,2-헥산다이올",7,False
pi_cream_A000000253592,퀸즈랜드넛오일,8,False
pi_cream_A000000253592,페닐트라이메티콘,9,False
pi_cream_A000000253592,하이드로제네이티드폴리(C6-14올레핀),10,False
pi_cream_A000000253592,다이카프릴릴에테르,11,False
pi_cream_A000000253592,비닐다이메티콘,12,False
pi_cream_A000000253592,세테아릴알코올,13,False
pi_cream_A000000253592,프로판다이올,14,False
pi_cream_A000000253592,세테아릴올리베이트,15,False
pi_cream_A000000253592,글리세릴스테아레이트에스이,16,False
pi_cream_A000000253592,솔비탄올리베이트,17,False
pi_cream_A000000253592,암모늄아크릴로일다이메틸타우레이트/브이피코폴리머,18,False
pi_cream_A000000253592,베헤닐알코올,19,False
pi_cream_A000000253592,다이메티콘올,20,False
pi_cream_A000000253592,세테아릴글루코사이드,21,False
pi_cream_A000000253592,다시마추출물,22,False
pi_cream_A000000253592,한련초잎추출물,23,False
pi_cream_A000000253592,하이드로제네이티드레시틴,24,False
pi_cream_A000000253592,세라마이드엔피,25,False
pi_cream_A000000253592,베타인,26,False
pi_cream_A000000253592,에틸헥실글리세린,27,False
pi_cream_A000000253592,잔탄검,28,False
pi_cream_A000000253592,비파나무잎추출물,29,False
pi_cream_A000000253592,아데노신,30,False
pi_cream_A000000253592,프룩토올리고사카라이드,31,False
pi_cream_A000000253592,황련뿌리추출물,32,False
pi_cream_A000000253592,콜레스테롤,33,False
pi_cream_A000000253592,부틸렌글라이콜,34,False
pi_cream_A000000253592,베타-글루칸,35,False
pi_cream_A000000253592,스피어민트추출물,36,False
pi_cream_A000000253592,하이드롤라이즈드하이알루로닉애씨드,37,False
pi_cream_A000000253592,카카오씨추출물,38,False
pi_cream_A000000253592,덱스트린,39,False
pi_cream_A000000253592,토코페롤,40,False
pi_cream_A000000253592,아스코빅애씨드폴리펩타이드,41,False
pi_cream_A000000253592,글리세릴스테아레이트,42,False
pi_cream_A000000253592,세라마이드에이에스,43,False
pi_cream_A000000253592,세라마이드에이피,44,False
pi_cream_A000000253592,세라마이드엔에스,45,False
pi_cream_A000000253592,세라마이드이오피,46,False
pi_cream_A000000206904,정제수하이드로제네이티드폴리아이소부텐다이메티콘글리세린시어버터판테놀옥수수전분프로판다이올부틸렌글라이콜세틸피이지/피피지-10/1다이메티콘트라이하이드록시스테아린병풀잎추출물야콘뿌리즙징크글루코네이트마데카소사이드망가니즈글루코네이트알파-글루칸올리고사카라이드실리카알루미늄하이드록사이드마그네슘설페이트만노오스카프릴로일글라이신카프릴릴글라이콜비트레오스실라발효물시트릭애씨드트라이소듐에틸렌다이아민다이석시네이트락토바실러스아세틸레이티드글라이콜스테아레이트말토덱스트린폴리글리세릴-4아이소스테아레이트토코페롤펜타에리스리틸테트라-다이-t-부틸하이드록시하이드로신나메이트티타늄디옥사이드,1,False
pi_cream_A000000257827,정제수다이카프릴릴에터판테놀글리세린펜틸렌글라이콜폴리글리세릴-6다이스테아레이트프로판다이올세틸에스터호호바에스터베헤닐알코올그린와틀꽃왁스해바라기씨왁스병풀잎추출물야콘뿌리즙솔비탄올리에이트징크글루코네이트마데카소사이드세테아릴아이소노나노에이트망가니즈글루코네이트아이소헥사데칸알파-글루칸올리고사카라이드소듐하이알루로네이트소듐스테아로일글루타메이트아데노신만노오스카퍼글루코네이트하이드록시아세토페논하이드록시프로필스타치포스페이트카프릴로일살리실릭애씨드비트레오스실라발효물시트릭애씨드트라이소듐에틸렌다이아민다이석시네이트락토바실러스말토덱스트린폴리글리세린-3폴리글리세릴-3비즈왁스폴리솔베이트80아크릴아마이드/소듐아크릴로일다이메틸타우레이트코폴리머세틸알코올토코페롤[시카에센스]정제수비피다발효용해물판테놀다이메티콘베타인글리세린부틸렌글라이콜펜틸렌글라이콜아이소프로필미리스테이트피이지/피피지/폴리부틸렌글라이콜-8/5/3글리세린소듐하이드록사이드만노오스메틸다이하이드로자스모네이트아크릴레이트/C10-30알킬아크릴레이트크로스폴리머페녹시에탄올하이드로제네이티드레시틴알파-글루칸올리고사카라이드카프릴릴글라이콜폴리솔베이트20마데카소사이드스핑고모나스발효추출물시트릭애씨드야콘뿌리즙소듐메틸스테아로일타우레이트아세틸다이펩타이드-1세틸에스터소듐벤조에이트말토덱스트린징크글루코네이트망가니즈글루코네이트소듐하이알루로네이트엑토인단삼뿌리추출물살리실로일피토스핑고신락토바실러스트라이소듐에틸렌다이아민다이석시네이트비사보롤,1,False
pi_cream_A000000255752,정제수,1,False
pi_cream_A000000255752,글리세린,2,False
pi_cream_A000000255752,부틸렌글라이콜,3,False
pi_cream_A000000255752,다이카프릴릴에터,4,False
pi_cream_A000000255752,나이아신아마이드,5,False
pi_cream_A000000255752,"1,2-헥산다이올",6,False
pi_cream_A000000255752,펜틸렌글라이콜,7,False
pi_cream_A000000255752,소듐하이알루로네이트,8,False
pi_cream_A000000255752,병풀잎추출물,9,False
pi_cream_A000000255752,비피다발효여과물,10,False
pi_cream_A000000255752,락토바실러스발효물,11,False
pi_cream_A000000255752,병풀꽃/잎/줄기추출물,12,False
pi_cream_A000000255752,병풀뿌리추출물,13,False
pi_cream_A000000255752,병풀추출물,14,False
pi_cream_A000000255752,스키조사카로미세스발효여과물,15,False
pi_cream_A000000255752,하이드로제네이티드폴리데센,16,False
pi_cream_A000000255752,다이카프릴릴카보네이트,17,False
pi_cream_A000000255752,하이드록시에틸아크릴레이트/소듐아크릴로일다이메틸타우레이트코폴리머,18,False
pi_cream_A000000255752,판테놀,19,False
pi_cream_A000000255752,아크릴레이트/C10-30알킬아크릴레이트크로스폴리머,20,False
pi_cream_A000000255752,실리카,21,False
pi_cream_A000000255752,트로메타민,22,False
pi_cream_A000000255752,솔비톨,23,False
pi_cream_A000000255752,글리세릴아크릴레이트/아크릴릭애씨드코폴리머,24,False
pi_cream_A000000255752,에틸헥실글리세린,25,False
pi_cream_A000000255752,트라이소듐에틸렌다이아민다이석시네이트,26,False
pi_cream_A000000255752,알란토인,27,False
pi_cream_A000000255752,다이프로필렌글라이콜,28,False
pi_cream_A000000255752,토코페롤,29,False
pi_cream_A000000255752,마데카소사이드,30,False
pi_cream_A000000255752,폴리글리세릴-10라우레이트,31,False
pi_cream_A000000255752,포스파티딜콜린,32,False
pi_cream_A000000255752,하이드로제네이티드레시틴,33,False
pi_cream_A000000255752,칼슘판토테네이트,34,False
pi_cream_A000000255752,스쿠알란,35,False
pi_cream_A000000255752,에리스리톨,36,False
pi_cream_A000000255752,에틸헥실팔미테이트,37,False
pi_cream_A000000255752,아시아티코사이드,38,False
pi_cream_A000000255752,마데카식애씨드,39,False
pi_cream_A000000255752,아시아틱애씨드,40,False
pi_cream_A000000255752,트라이하이드록시스테아린,41,False
pi_cream_A000000255752,세라마이드엔피,42,False
pi_cream_A000000255752,다발방패버섯추출물,43,False
pi_cream_A000000255752,잔탄검[세럼]정제수,44,False
pi_cream_A000000255752,글리세레스-26,51,False
pi_cream_A000000255752,하이드록시에틸셀룰로오스,52,False
pi_cream_A000000255752,소듐폴리아크릴로일다이메틸타우레이트,54,False
pi_cream_A000000255752,카프릴릭/카프릭트라이글리세라이드,58,False
pi_cream_A000000255752,바이오사카라이드검-1,59,False
pi_cream_A000000255752,다이소듐이디티에이,60,False
pi_cream_A000000255752,베타인살리실레이트,62,False
pi_cream_A000000255752,석시닉애씨드,63,False
pi_cream_A000000255752,옥틸도데칸올,66,False
pi_cream_A000000255752,글라이코리피드,73,False
pi_cream_A000000255752,베타-글루칸,75,False
pi_cream_A000000255752,락토바실러스/콩발효추출물,77,False
pi_cream_A000000255752,류코노스톡/무발효여과물,78,False
pi_cream_A000000255752,효모발효추출물,79,False
pi_cream_A000000255752,팔미토일트라이펩타이드-5,80,False
pi_cream_A000000255752,하이드록시프로필트라이모늄하이알루로네이트,84,False
pi_cream_A000000255752,징크피씨에이,86,False
pi_cream_A000000255752,헥사펩타이드-9,87,False
pi_cream_A000000134691,정제수,1,False
pi_cream_A000000134691,글리세린,2,False
pi_cream_A000000134691,미네랄오일,3,False
pi_cream_A000000134691,카프릴릭/카프릭트라이글리세라이드,4,False
pi_cream_A000000134691,프룩토올리고사카라이드,5,False
pi_cream_A000000134691,폴리글리세릴-4다이아이소스테아레이트/폴리하이드록시스테아레이트/세바케이트,6,False
pi_cream_A000000134691,프로판다이올,7,False
pi_cream_A000000134691,자일리톨,8,False
pi_cream_A000000134691,징크스테아레이트,9,False
pi_cream_A000000134691,소듐시트레이트,10,False
pi_cream_A000000134691,부틸렌글라이콜,11,False
pi_cream_A000000134691,카프릴로일글라이신,12,False
pi_cream_A000000134691,카퍼설페이트,13,False
pi_cream_A000000134691,소듐하이드록사이드,14,False
pi_cream_A000000134691,소듐하이알루로네이트,15,False
pi_cream_A000000134691,징크설페이트,16,False
pi_cream_A000000134691,포도덩굴추출물,17,False
pi_cream_A000000134691,라우레스-3,18,False
pi_cream_A000000134691,아시아티코사이드,19,False
pi_cream_A000000134691,아시아틱애씨드,20,False
pi_cream_A000000134691,마데카식애씨드,21,False
pi_cream_A000000134691,라미나리아오크롤레우카추출물,22,False
pi_cream_A000000134691,하이드록시에틸셀룰로오스,23,False
pi_cream_A000000134691,아세틸다이펩타이드-1세틸에스터,24,False
pi_cream_A000000134691,만니톨,25,False
pi_cream_A000000134691,람노오스,26,False
pi_cream_A000000134691,포타슘솔베이트,27,False
pi_cream_A000000246297,정제수,1,False
pi_cream_A000000246297,글리세린,2,False
pi_cream_A000000246297,하이드로제네이티드폴리데센,3,False
pi_cream_A000000246297,네오펜틸글라이콜다이카프레이트,4,False
pi_cream_A000000246297,메틸프로판다이올,5,False
pi_cream_A000000246297,세틸피이지/피피지-10/1다이메티콘,6,False
pi_cream_A000000246297,나이아신아마이드,7,False
pi_cream_A000000246297,사이클로펜타실록세인,8,False
pi_cream_A000000246297,"1,2-헥산다이올",9,False
pi_cream_A000000246297,다이메티콘,10,False
pi_cream_A000000246297,트라이하이드록시스테아린,11,False
pi_cream_A000000246297,사이클로헥사실록세인,12,False
pi_cream_A000000246297,시어버터,13,False
pi_cream_A000000246297,솔비탄세스퀴올리에이트,14,False
pi_cream_A000000246297,실리카,15,False
pi_cream_A000000246297,소듐클로라이드,16,False
pi_cream_A000000246297,마트리카리아꽃추출물,17,False
pi_cream_A000000246297,허니서클꽃추출물,18,False
pi_cream_A000000246297,병풀추출물,19,False
pi_cream_A000000246297,호장근뿌리추출물,20,False
pi_cream_A000000246297,황금추출물,21,False
pi_cream_A000000246297,녹차추출물,22,False
pi_cream_A000000246297,스페인감초뿌리추출물,23,False
pi_cream_A000000246297,로즈마리잎추출물,24,False
pi_cream_A000000246297,유럽밤나무씨추출물,25,False
pi_cream_A000000246297,뽕나무잎추출물,26,False
pi_cream_A000000246297,에스에이치-올리고펩타이드-1,27,False
pi_cream_A000000246297,에스에이치-올리고펩타이드-2,28,False
pi_cream_A000000246297,에스에이치-폴리펩타이드-1,29,False
pi_cream_A000000246297,에스에이치-폴리펩타이드-3,30,False
pi_cream_A000000246297,에스에이치-폴리펩타이드-9,31,False
pi_cream_A000000246297,에스에이치-폴리펩타이드-16,32,False
pi_cream_A000000246297,에스에이치-폴리펩타이드-62,33,False
pi_cream_A000000246297,에스에이치-폴리펩타이드-11,34,False
pi_cream_A000000246297,에스에이치-폴리펩타이드-22,35,False
pi_cream_A000000246297,에스에이치-폴리펩타이드-60,36,False
pi_cream_A000000246297,에틸헥실글리세린,37,False
pi_cream_A000000246297,편백수,38,False
pi_cream_A000000246297,티타늄디옥사이드,39,False
pi_cream_A000000246297,트라이에톡시카프릴릴실레인,40,False
pi_cream_A000000246297,알루미늄하이드록사이드,41,False
pi_cream_A000000246297,부틸렌글라이콜,42,False
pi_cream_A000000246297,카프릴릴글라이콜,43,False
pi_cream_A000000246297,스타아니스추출물,44,False
pi_cream_A000000246297,아데노신,45,False
pi_cream_A000000246297,다이소듐이디티에이,46,False
pi_cream_A000000246297,라벤더오일,47,False
pi_cream_A000000246297,리날룰,48,False
pi_cream_A000000245087,정제수,1,False
pi_cream_A000000245087,티트리잎수,2,False
pi_cream_A000000245087,프로판다이올,3,False
pi_cream_A000000245087,글리세린,4,False
pi_cream_A000000245087,"1,2-헥산다이올",5,False
pi_cream_A000000245087,하이드로제네이티드폴리데센,6,False
pi_cream_A000000245087,비닐다이메티콘,7,False
pi_cream_A000000245087,C14-22알코올,8,False
pi_cream_A000000245087,카프릴릭/카프릭트라이글리세라이드,9,False
pi_cream_A000000245087,나이아신아마이드,10,False
pi_cream_A000000245087,판테놀,11,False
pi_cream_A000000245087,다이카프릴릴카보네이트,12,False
pi_cream_A000000245087,부틸렌글라이콜,13,False
pi_cream_A000000245087,암모늄아크릴로일다이메틸타우레이트/브이피코폴리머,14,False
pi_cream_A000000245087,카프릴릴메티콘,15,False
pi_cream_A000000245087,폴리메틸실세스퀴옥세인,16,False
pi_cream_A000000245087,C12-20알킬글루코사이드,17,False
pi_cream_A000000245087,하이드록시아세토페논,18,False
pi_cream_A000000245087,아크릴레이트/C10-30알킬아크릴레이트크로스폴리머,19,False
pi_cream_A000000245087,폴리쿼터늄-51,20,False
pi_cream_A000000245087,에틸헥실글리세린,21,False
pi_cream_A000000245087,트로메타민,22,False
pi_cream_A000000245087,소듐하이알루로네이트,23,False
pi_cream_A000000245087,소듐스테아로일글루타메이트,24,False
pi_cream_A000000245087,황련뿌리추출물,25,False
pi_cream_A000000245087,병풀잎수,26,False
pi_cream_A000000245087,베타-글루칸,27,False
pi_cream_A000000245087,레스베라트롤,28,False
pi_cream_A000000245087,하이드롤라이즈드하이알루로닉애씨드,29,False
pi_cream_A000000245087,녹차수,30,False
pi_cream_A000000245087,토코페롤,31,False
pi_cream_A000000245087,마데카소사이드,32,False
pi_cream_A000000245087,소듐디엔에이,33,False
pi_cream_A000000245087,병풀추출물,34,False
pi_cream_A000000245087,세라마이드엔피,35,False
pi_cream_A000000245087,탄닉애씨드,36,False
pi_cream_A000000245087,다이소듐이디티에이,37,False
pi_cream_A000000245087,소듐파이테이트,38,False
pi_cream_A000000247776,정제수,1,False
pi_cream_A000000247776,글리세린,2,False
pi_cream_A000000247776,카프릴릭/카프릭트라이글리세라이드,3,False
pi_cream_A000000247776,나이아신아마이드,4,False
pi_cream_A000000247776,프로판다이올,5,False
pi_cream_A000000247776,"1,2-헥산다이올",6,False
pi_cream_A000000247776,하이드록시에틸아크릴레이트/소듐아크릴로일다이메틸타우레이트코폴리머,7,False
pi_cream_A000000247776,양파추출물,8,False
pi_cream_A000000247776,부틸렌글라이콜,9,False
pi_cream_A000000247776,세테아릴알코올,10,False
pi_cream_A000000247776,비닐다이메티콘,11,False
pi_cream_A000000247776,카보머,12,False
pi_cream_A000000247776,세테아릴올리베이트,13,False
pi_cream_A000000247776,솔비톨,14,False
pi_cream_A000000247776,솔비탄올리베이트,15,False
pi_cream_A000000247776,바이오사카라이드검-1,16,False
pi_cream_A000000247776,소듐폴리아크릴로일다이메틸타우레이트,17,False
pi_cream_A000000247776,알지닌,18,False
pi_cream_A000000247776,소듐아스코빌포스페이트,19,False
pi_cream_A000000247776,글루타티온,20,False
pi_cream_A000000247776,쿼세틴,21,False
pi_cream_A000000247776,페룰릭애씨드,22,False
pi_cream_A000000247776,알란토인,23,False
pi_cream_A000000247776,판테놀,24,False
pi_cream_A000000247776,소듐하이알루로네이트,25,False
pi_cream_A000000247776,하이드롤라이즈드하이알루로닉애씨드,26,False
pi_cream_A000000247776,하이알루로닉애씨드,27,False
pi_cream_A000000247776,하이드록시프로필트라이모늄하이알루로네이트,28,False
pi_cream_A000000247776,소듐아세틸레이티드하이알루로네이트,29,False
pi_cream_A000000247776,마데카소사이드,30,False
pi_cream_A000000247776,스쿠알란,31,False
pi_cream_A000000247776,약모밀추출물,32,False
pi_cream_A000000247776,사이아노코발아민,33,False
pi_cream_A000000247776,솔비탄아이소스테아레이트,34,False
pi_cream_A000000247776,하이드로제네이티드폴리데센,35,False
pi_cream_A000000247776,에틸헥실글리세린,36,False
pi_cream_A000000247776,시트릭애씨드,37,False
pi_cream_A000000247776,하이드록시에틸셀룰로오스,38,False
pi_cream_A000000247776,덱스트린,39,False
pi_cream_A000000247776,다이소듐이디티에이,40,False
pi_cream_A000000247776,소듐시트레이트,41,False
pi_cream_A000000247776,트라이데세스-10,42,False
pi_cream_A000000247776,치자추출물,43,False
pi_cream_A000000247776,아데노신,44,False
pi_cream_A000000247776,하이드로제네이티드레시틴,45,False
pi_cream_A000000247776,폴리글리세릴-10스테아레이트,46,False
pi_cream_A000000247776,펜틸렌글라이콜,47,False
pi_cream_A000000247776,데실글루코사이드,48,False
pi_cream_A000000247776,알지닌/라이신폴리펩타이드,49,False
pi_cream_A000000247776,카프릴릴글라이콜[어니언패드]정제수,50,False
pi_cream_A000000247776,트레할로오스,56,False
pi_cream_A000000247776,소듐헤파린,60,False
pi_cream_A000000247776,인도멀구슬나무꽃추출물,64,False
pi_cream_A000000247776,아이비고드열매추출물,65,False
pi_cream_A000000247776,트라넥사믹애씨드,66,False
pi_cream_A000000247776,글루코노락톤,68,False
pi_cream_A000000247776,베타-글루칸,69,False
pi_cream_A000000247776,폴리솔베이트60,74,False
pi_cream_A000000247776,다이소듐포스페이트,75,False
pi_cream_A000000247776,소듐포스페이트,76,False
pi_cream_A000000231892,정제수,1,False
pi_cream_A000000231892,스쿠알란,2,False
pi_cream_A000000231892,글리세린,3,False
pi_cream_A000000231892,나이아신아마이드,4,False
pi_cream_A000000231892,펜틸렌글라이콜,5,False
pi_cream_A000000231892,"1,2-헥산다이올",6,False
pi_cream_A000000231892,소듐디엔에이,7,False
pi_cream_A000000231892,하이드롤라이즈드콜라겐,8,False
pi_cream_A000000231892,소듐하이알루로네이트,9,False
pi_cream_A000000231892,인도멀구슬나무잎추출물,10,False
pi_cream_A000000231892,하이드롤라이즈드하이알루로닉애씨드,11,False
pi_cream_A000000231892,인도멀구슬나무꽃추출물,12,False
pi_cream_A000000231892,아이비고드열매추출물,13,False
pi_cream_A000000231892,하이알루로닉애씨드,14,False
pi_cream_A000000231892,알로에베라꽃추출물,15,False
pi_cream_A000000231892,가지열매추출물,16,False
pi_cream_A000000231892,홀리바질잎추출물,17,False
pi_cream_A000000231892,참산호말추출물,18,False
pi_cream_A000000231892,울금뿌리추출물,19,False
pi_cream_A000000231892,병풀잎추출물,20,False
pi_cream_A000000231892,다이페닐실록시페닐트라이메티콘,21,False
pi_cream_A000000231892,피씨에이다이메티콘,22,False
pi_cream_A000000231892,부틸렌글라이콜,23,False
pi_cream_A000000231892,프로판다이올,24,False
pi_cream_A000000231892,암모늄아크릴로일다이메틸타우레이트/브이피코폴리머,25,False
pi_cream_A000000231892,다이글리세린,26,False
pi_cream_A000000231892,하이드록시에틸아크릴레이트/소듐아크릴로일다이메틸타우레이트코폴리머,27,False
pi_cream_A000000231892,아크릴레이트/C10-30알킬아크릴레이트크로스폴리머,28,False
pi_cream_A000000231892,C12-20알킬글루코사이드,29,False
pi_cream_A000000231892,메틸프로판다이올,30,False
pi_cream_A000000231892,에틸헥실글리세린,31,False
pi_cream_A000000231892,아데노신,32,False
pi_cream_A000000231892,소듐파이테이트,33,False
pi_cream_A000000231892,아미노메틸프로판다이올,34,False
pi_cream_A000000231892,피브이엠/엠에이코폴리머,35,False
pi_cream_A000000231892,마데카소사이드,36,False
pi_cream_A000000231892,C12-13알케스-9,37,False
pi_cream_A000000231892,다이메틸실란올하이알루로네이트,38,False
pi_cream_A000000231892,하이드롤라이즈드소듐하이알루로네이트,39,False
pi_cream_A000000231892,아시아티코사이드,40,False
pi_cream_A000000231892,포타슘하이알루로네이트,41,False
pi_cream_A000000231892,하이드록시프로필트라이모늄하이알루로네이트,42,False
pi_cream_A000000231892,소듐하이알루로네이트크로스폴리머,43,False
pi_cream_A000000231892,소듐하이알루로네이트다이메틸실란올,44,False
pi_cream_A000000231892,소듐아세틸레이티드하이알루로네이트,45,False
pi_cream_A000000231892,베헤닐알코올,46,False
pi_cream_A000000231892,C14-22알코올,47,False
pi_cream_A000000231892,카보머,48,False
pi_cream_A000000202893,젤크림:정제수,1,False
pi_cream_A000000202893,글리세린,2,False
pi_cream_A000000202893,부틸렌글라이콜,3,False
pi_cream_A000000202893,"1,2-헥산다이올",4,False
pi_cream_A000000202893,블루아가베잎추출물,5,False
pi_cream_A000000202893,알란토인,6,False
pi_cream_A000000202893,소듐하이알루로네이트,7,False
pi_cream_A000000202893,하이드록시프로필트라이모늄하이알루로네이트,8,False
pi_cream_A000000202893,하이드롤라이즈드하이알루로닉애씨드,9,False
pi_cream_A000000202893,소듐아세틸레이티드하이알루로네이트,10,False
pi_cream_A000000202893,하이알루로닉애씨드,11,False
pi_cream_A000000202893,하이드롤라이즈드소듐하이알루로네이트,12,False
pi_cream_A000000202893,소듐하이알루로네이트크로스폴리머,13,False
pi_cream_A000000202893,포타슘하이알루로네이트,14,False
pi_cream_A000000202893,알지닌,15,False
pi_cream_A000000202893,메틸트라이메티콘,16,False
pi_cream_A000000202893,에틸헥실글리세린,17,False
pi_cream_A000000202893,암모늄아크릴로일다이메틸타우레이트/브이피코폴리머,18,False
pi_cream_A000000202893,하이드록시에틸아크릴레이트/소듐아크릴로일다이메틸타우레이트코폴리머,19,False
pi_cream_A000000202893,아크릴레이트/C10-30알킬아크릴레이트크로스폴리머,20,False
pi_cream_A000000202893,하이드로제네이티드폴리(C6-14올레핀),21,False
pi_cream_A000000202893,메틸다이아이소프로필프로피온아마이드,22,False
pi_cream_A000000202893,다이메티콘/비닐다이메티콘크로스폴리머,23,False
pi_cream_A000000202893,솔비탄아이소스테아레이트,24,False
pi_cream_A000000202893,다이소듐이디티에이카밍패드:정제수,25,False
pi_cream_A000000202893,프로판다이올,26,False
pi_cream_A000000202893,판테놀,28,False
pi_cream_A000000202893,다이프로필렌글라이콜,29,False
pi_cream_A000000202893,글리세릴글루코사이드,30,False
pi_cream_A000000202893,소듐피씨에이베타인,31,False
pi_cream_A000000202893,글루코노락톤,33,False
pi_cream_A000000202893,사카라이드아이소머레이트,36,False
pi_cream_A000000202893,보검선인장줄기추출물,37,False
pi_cream_A000000202893,탱자추출물,45,False
pi_cream_A000000202893,다이포타슘글리시리제이트,46,False
pi_cream_A000000202893,효모발효물,47,False
pi_cream_A000000202893,락토바실러스발효물,48,False
pi_cream_A000000202893,카프릴릴글라이콜,50,False
pi_cream_A000000202893,트로메타민,51,False
pi_cream_A000000202893,소듐파이테이트,53,False
pi_cream_A000000202893,하이드록시아세토페논,54,False
pi_cream_A000000202893,글리세릴아크릴레이트/아크릴릭애씨드코폴리머,55,False
pi_cream_A000000202893,피브이엠/엠에이코폴리머,56,False
pi_cream_A000000199701,정제수,1,False
pi_cream_A000000199701,락토바실러스발효용해물,2,False
pi_cream_A000000199701,글리세린,3,False
pi_cream_A000000199701,다이프로필렌글라이콜,4,False
pi_cream_A000000199701,카프릴릭/카프릭트라이글리세라이드,5,False
pi_cream_A000000199701,세테아릴알코올,6,False
pi_cream_A000000199701,메도우폼씨오일,7,False
pi_cream_A000000199701,글리세레스-26,8,False
pi_cream_A000000199701,비닐다이메티콘,9,False
pi_cream_A000000199701,하이드로제네이티드폴리(C6-14올레핀),10,False
pi_cream_A000000199701,하이드로제네이티드폴리데센,11,False
pi_cream_A000000199701,폴리글리세릴-3메틸글루코오스다이스테아레이트,12,False
pi_cream_A000000199701,글리세릴스테아레이트,13,False
pi_cream_A000000199701,베타인,14,False
pi_cream_A000000199701,폴리글리세린-3,15,False
pi_cream_A000000199701,"1,2-헥산다이올",16,False
pi_cream_A000000199701,세테아릴올리베이트,17,False
pi_cream_A000000199701,펜틸렌글라이콜,18,False
pi_cream_A000000199701,피토스테릴/베헤닐/옥틸도데실라우로일글루타메이트,19,False
pi_cream_A000000199701,락토바실러스발효물,20,False
pi_cream_A000000199701,프룩토올리고사카라이드,21,False
pi_cream_A000000199701,프룩탄,22,False
pi_cream_A000000199701,이눌린,23,False
pi_cream_A000000199701,판테놀,24,False
pi_cream_A000000199701,베타-글루칸,25,False
pi_cream_A000000199701,아데노신,26,False
pi_cream_A000000199701,사포닌,27,False
pi_cream_A000000199701,수용성프로테오글리칸,28,False
pi_cream_A000000199701,노나펩타이드-1,29,False
pi_cream_A000000199701,아세틸테트라펩타이드-9,30,False
pi_cream_A000000199701,아세틸테트라펩타이드-5,31,False
pi_cream_A000000199701,아세틸헥사펩타이드-1,32,False
pi_cream_A000000199701,아세틸헥사펩타이드-8,33,False
pi_cream_A000000199701,팔미토일트라이펩타이드-8,34,False
pi_cream_A000000199701,다이펩타이드다이아미노부티로일벤질아마이드다이아세테이트,35,False
pi_cream_A000000199701,카퍼트라이펩타이드-1,36,False
pi_cream_A000000199701,트라이펩타이드-1,37,False
pi_cream_A000000199701,팔미토일테트라펩타이드-7,38,False
pi_cream_A000000199701,팔미토일트라이펩타이드-1,39,False
pi_cream_A000000199701,팔미토일트라이펩타이드-5,40,False
pi_cream_A000000199701,팔미토일펜타펩타이드-4,41,False
pi_cream_A000000199701,팔미토일헥사펩타이드-12,42,False
pi_cream_A000000199701,펜타펩타이드-3,43,False
pi_cream_A000000199701,헥사펩타이드-9,44,False
pi_cream_A000000199701,올리고펩타이드-2,45,False
pi_cream_A000000199701,맥아추출물,46,False
pi_cream_A000000199701,참마뿌리추출물,47,False
pi_cream_A000000199701,오일팜오일,48,False
pi_cream_A000000199701,베헤닐알코올,49,False
pi_cream_A000000199701,솔비탄올리베이트,50,False
pi_cream_A000000199701,시어버터,51,False
pi_cream_A000000199701,다이펜타에리스리틸헥사하이드록시스테아레이트/헥사스테아레이트/헥사로지네이트,52,False
pi_cream_A000000199701,하이드로제네이티드유채씨오일,53,False
pi_cream_A000000199701,하이드록시아세토페논,54,False
pi_cream_A000000199701,소듐폴리아크릴레이트,55,False
pi_cream_A000000199701,하이드롤라이즈드호호바에스터,56,False
pi_cream_A000000199701,피이지-100스테아레이트,57,False
pi_cream_A000000199701,에틸헥실글리세린,58,False
pi_cream_A000000199701,아크릴레이트/C10-30알킬아크릴레이트크로스폴리머,59,False
pi_cream_A000000199701,잔탄검,60,False
pi_cream_A000000199701,트로메타민,61,False
pi_cream_A000000199701,부틸렌글라이콜,62,False
pi_cream_A000000199701,말토덱스트린,63,False
pi_cream_A000000199701,사이아노코발아민,64,False
pi_cream_A000000199701,세틸에틸헥사노에이트,65,False
pi_cream_A000000199701,프로판다이올,66,False
pi_cream_A000000199701,세테아릴글루코사이드,67,False
pi_cream_A000000199701,알진,68,False
pi_cream_A000000199701,소듐스테아로일글루타메이트,69,False
pi_cream_A000000199701,토코페롤,70,False
pi_cream_A000000199701,바이오사카라이드검-4,71,False
pi_cream_A000000199701,미네랄솔트,72,False
pi_cream_A000000199701,하이드롤라이즈드옥수수전분,73,False
pi_cream_A000000199701,소듐포스페이트,74,False
pi_cream_A000000199701,카프릴릴글라이콜,75,False
pi_cream_A000000199701,수크로오스,76,False
pi_cream_A000000199701,덱스트란,77,False
pi_cream_A000000199701,다이소듐포스페이트,78,False
pi_cream_A000000199701,향료,79,False
pi_cream_A000000239660,정제수,1,False
pi_cream_A000000239660,카프릴릭/카프릭트라이글리세라이드,2,False
pi_cream_A000000239660,글리세린,3,False
pi_cream_A000000239660,펜틸렌글라이콜,4,False
pi_cream_A000000239660,코코넛야자오일,5,False
pi_cream_A000000239660,하이드로제네이티드레시틴,6,False
pi_cream_A000000239660,시어버터,7,False
pi_cream_A000000239660,하이드록시에틸셀룰로오스,8,False
pi_cream_A000000239660,스쿠알란,9,False
pi_cream_A000000239660,카보머,10,False
pi_cream_A000000239660,잔탄검,11,False
pi_cream_A000000239660,소듐카보머,12,False
pi_cream_A000000239660,세라마이드엔피[피지오겔DMT에센스인토너]정제수,13,False
pi_cream_A000000239660,다이프로필렌글라이콜,14,False
pi_cream_A000000239660,"1,2-헥산다이올",16,False
pi_cream_A000000239660,헥실데실에틸헥사노에이트,17,False
pi_cream_A000000239660,펜타에리스리틸테트라에틸헥사노에이트,18,False
pi_cream_A000000239660,변성알코올,19,False
pi_cream_A000000239660,베타인,20,False
pi_cream_A000000239660,사이클로펜타실록세인,21,False
pi_cream_A000000239660,아크릴레이트/C10-30알킬아크릴레이트크로스폴리머,22,False
pi_cream_A000000239660,트로메타민,23,False
pi_cream_A000000239660,다이메티콘,24,False
pi_cream_A000000239660,피토스테롤,25,False
pi_cream_A000000239660,소듐하이알루로네이트,26,False
pi_cream_A000000239660,트라이소듐이디티에이,27,False
pi_cream_A000000239660,세린,28,False
pi_cream_A000000239660,소듐피씨에이,29,False
pi_cream_A000000239660,하이드록시에틸우레아,30,False
pi_cream_A000000239660,알지닌,31,False
pi_cream_A000000254747,정제수,1,False
pi_cream_A000000254747,글리세린,2,False
pi_cream_A000000254747,부틸렌글라이콜,3,False
pi_cream_A000000254747,다이메티콘,4,False
pi_cream_A000000254747,스쿠알란,5,False
pi_cream_A000000254747,"1,2-헥산다이올",6,False
pi_cream_A000000254747,베타인,7,False
pi_cream_A000000254747,세테아릴알코올,8,False
pi_cream_A000000254747,암모늄아크릴로일다이메틸타우레이트/브이피코폴리머,9,False
pi_cream_A000000254747,하이드로제네이티드쌀겨오일,10,False
pi_cream_A000000254747,하이드로제네이티드레시틴,11,False
pi_cream_A000000254747,폴리글리세릴-3메틸글루코오스다이스테아레이트,12,False
pi_cream_A000000254747,폴리아크릴레이트크로스폴리머-6,13,False
pi_cream_A000000254747,만니톨,14,False
pi_cream_A000000254747,세틸-피지하이드록시에틸팔미타마이드,15,False
pi_cream_A000000254747,스테아릭애씨드,16,False
pi_cream_A000000254747,에틸헥실글리세린,17,False
pi_cream_A000000254747,글리세릴카프릴레이트,18,False
pi_cream_A000000254747,프로판다이올,19,False
pi_cream_A000000254747,글리세릴스테아레이트,20,False
pi_cream_A000000254747,소듐메타포스페이트,21,False
pi_cream_A000000254747,세라마이드엔피,22,False
pi_cream_A000000254747,카보머,23,False
pi_cream_A000000254747,팔미틱애씨드,24,False
pi_cream_A000000254747,실리카,25,False
pi_cream_A000000254747,징크클로라이드,26,False
pi_cream_A000000254747,콜레스테롤,27,False
pi_cream_A000000254747,베타-글루칸,28,False
pi_cream_A000000254747,스핑고리피드,29,False
pi_cream_A000000254747,소듐하이알루로네이트,30,False
pi_cream_A000000254747,하이드록시프로필메틸셀룰로오스,31,False
pi_cream_A000000254747,미리스틱애씨드,32,False
pi_cream_A000000254747,프로필렌글라이콜,33,False
pi_cream_A000000254747,라우릭애씨드,34,False
pi_cream_A000000254747,토코페롤,35,False
pi_cream_A000000231590,정제수,1,False
pi_cream_A000000231590,프로판다이올,2,False
pi_cream_A000000231590,카프릴릭/카프릭트라이글리세라이드,3,False
pi_cream_A000000231590,글리세린,4,False
pi_cream_A000000231590,식물성스쿠알란,5,False
pi_cream_A000000231590,세테아릴알코올,6,False
pi_cream_A000000231590,폴리글리세릴-10다이스테아레이트,7,False
pi_cream_A000000231590,글리세릴스테아레이트,8,False
pi_cream_A000000231590,스테아릭애씨드,9,False
pi_cream_A000000231590,다이메티콘,10,False
pi_cream_A000000231590,"1,2-헥산다이올",11,False
pi_cream_A000000231590,미리스토일/팔미토일옥소스테아라마이드/아라카마이드엠이에이,12,False
pi_cream_A000000231590,피토스테롤,13,False
pi_cream_A000000231590,토코페릴아세테이트,14,False
pi_cream_A000000231590,카놀라오일,15,False
pi_cream_A000000231590,올리브오일,16,False
pi_cream_A000000231590,세틸팔미테이트,17,False
pi_cream_A000000231590,솔비탄팔미테이트,18,False
pi_cream_A000000231590,솔비탄올리베이트,19,False
pi_cream_A000000231590,비사보롤,20,False
pi_cream_A000000231590,메틸카프로오일타이로지네이트,21,False
pi_cream_A000000231590,잔탄검,22,False
pi_cream_A000000231590,소듐하이알루로네이트,23,False
pi_cream_A000000231590,카보머,24,False
pi_cream_A000000231590,알지닌,25,False
pi_cream_A000000231590,카프릴릴글라이콜,26,False
pi_cream_A000000258294,정제수,1,False
pi_cream_A000000258294,부틸렌글라이콜,2,False
pi_cream_A000000258294,글리세린,3,False
pi_cream_A000000258294,"1,2-헥산다이올",4,False
pi_cream_A000000258294,하이드로제네이티드다이데센,5,False
pi_cream_A000000258294,카프릴릭/카프릭트라이글리세라이드,6,False
pi_cream_A000000258294,판테놀,7,False
pi_cream_A000000258294,소듐하이알루로네이트,8,False
pi_cream_A000000258294,소듐하이알루로네이트크로스폴리머,9,False
pi_cream_A000000258294,하이드롤라이즈드소듐하이알루로네이트,10,False
pi_cream_A000000258294,소듐아세틸레이티드하이알루로네이트,11,False
pi_cream_A000000258294,하이드롤라이즈드하이알루로닉애씨드,12,False
pi_cream_A000000258294,알란토인,13,False
pi_cream_A000000258294,엑토인,14,False
pi_cream_A000000258294,창과감초뿌리추출물,15,False
pi_cream_A000000258294,트레할로오스,16,False
pi_cream_A000000258294,버지니아풍년화추출물,17,False
pi_cream_A000000258294,글리세릴아크릴레이트/아크릴릭애씨드코폴리머,18,False
pi_cream_A000000258294,피브이엠/엠에이코폴리머,19,False
pi_cream_A000000258294,하이드록시에틸아크릴레이트/소듐아크릴로일다이메틸타우레이트코폴리머,20,False
pi_cream_A000000258294,"2,3-부탄다이올",21,False
pi_cream_A000000258294,세테아릴알코올,22,False
pi_cream_A000000258294,C14-22알코올,23,False
pi_cream_A000000258294,C12-20알킬글루코사이드,24,False
pi_cream_A000000258294,펜틸렌글라이콜,25,False
pi_cream_A000000258294,솔비탄아이소스테아레이트,26,False
pi_cream_A000000258294,카프릴릴메티콘,27,False
pi_cream_A000000258294,클레리추출물,28,False
pi_cream_A000000258294,라벤더꽃추출물,29,False
pi_cream_A000000258294,히아신스전초추출물,30,False
pi_cream_A000000258294,마트리카리아꽃추출물,31,False
pi_cream_A000000258294,수레국화꽃추출물,32,False
pi_cream_A000000258294,보리지추출물,33,False
pi_cream_A000000258294,다이소듐이디티에이,34,False
pi_cream_A000000258294,카보머,35,False
pi_cream_A000000258294,트로메타민,36,False
pi_cream_A000000258294,잔탄검,37,False
pi_cream_A000000258294,글루타티온,38,False
pi_cream_A000000258294,말라카이트추출물,39,False
pi_cream_A000000258294,글루코닉애씨드,40,False
pi_cream_A000000258294,에틸헥실글리세린,41,False
pi_cream_A000000248826,정제수,1,False
pi_cream_A000000248826,글리세린,2,False
pi_cream_A000000248826,나이아신아마이드,3,False
pi_cream_A000000248826,메틸프로판다이올,4,False
pi_cream_A000000248826,프로판다이올,5,False
pi_cream_A000000248826,"1,2-헥산다이올",6,False
pi_cream_A000000248826,다이프로필렌글라이콜,7,False
pi_cream_A000000248826,카프릴릭/카프릭트라이글리세라이드,8,False
pi_cream_A000000248826,부틸렌글라이콜,9,False
pi_cream_A000000248826,글리세레스-26,10,False
pi_cream_A000000248826,알지닌,11,False
pi_cream_A000000248826,카보머,12,False
pi_cream_A000000248826,세테아릴알코올,13,False
pi_cream_A000000248826,세테아릴올리베이트,14,False
pi_cream_A000000248826,에틸헥실팔미테이트,15,False
pi_cream_A000000248826,솔비탄올리베이트,16,False
pi_cream_A000000248826,스쿠알란,17,False
pi_cream_A000000248826,암모늄아크릴로일다이메틸타우레이트/브이피코폴리머,18,False
pi_cream_A000000248826,시메티콘,19,False
pi_cream_A000000248826,에틸헥실글리세린,20,False
pi_cream_A000000248826,그롬웰뿌리추출물,21,False
pi_cream_A000000248826,아데노신,22,False
pi_cream_A000000248826,해바라기씨오일,23,False
pi_cream_A000000248826,폴리아크릴레이트-13,24,False
pi_cream_A000000248826,소듐디엔에이,25,False
pi_cream_A000000248826,다이소듐이디티에이,26,False
pi_cream_A000000248826,폴리아이소부텐,27,False
pi_cream_A000000248826,글리세릴스테아레이트,28,False
pi_cream_A000000248826,하이드롤라이즈드스클레로튬검,29,False
pi_cream_A000000248826,서양배추출물,30,False
pi_cream_A000000248826,알간나무커넬오일,31,False
pi_cream_A000000248826,다마스크장미꽃수,32,False
pi_cream_A000000248826,오리스뿌리추출물,33,False
pi_cream_A000000248826,폴리솔베이트20,34,False
pi_cream_A000000248826,멜론추출물,35,False
pi_cream_A000000248826,솔비탄아이소스테아레이트,36,False
pi_cream_A000000248826,서양송악잎/줄기추출물,37,False
pi_cream_A000000248826,글루타티온,38,False
pi_cream_A000000248826,소듐하이알루로네이트,39,False
pi_cream_A000000248826,옥틸도데칸올,40,False
pi_cream_A000000248826,연어알추출물,41,False
pi_cream_A000000248826,하이드록시프로필트라이모늄하이알루로네이트,42,False
pi_cream_A000000248826,토코페롤,43,False
pi_cream_A000000248826,하이드로제네이티드레시틴,44,False
pi_cream_A000000248826,세라마이드엔피,45,False
pi_cream_A000000248826,사이아노코발아민,46,False
pi_cream_A000000248826,티옥틱애씨드,47,False
pi_cream_A000000248826,소듐아세틸레이티드하이알루로네이트,48,False
pi_cream_A000000248826,하이드롤라이즈드콜라겐추출물,49,False
pi_cream_A000000248826,하이드롤라이즈드하이알루로닉애씨드,50,False
pi_cream_A000000248826,아세틸헥사펩타이드-8,51,False
pi_cream_A000000248826,카퍼트라이펩타이드-1,52,False
pi_cream_A000000248826,카프릴릴글라이콜,53,False
pi_cream_A000000248826,하이알루로닉애씨드,54,False
pi_cream_A000000248826,팔미토일펜타펩타이드-4,55,False
pi_cream_A000000248826,팔미토일헥사펩타이드-12,56,False
pi_cream_A000000248826,소듐하이알루로네이트크로스폴리머,57,False
pi_cream_A000000248826,하이드롤라이즈드소듐하이알루로네이트,58,False
pi_cream_A000000248826,포타슘하이알루로네이트,59,False
pi_cream_A000000250472,정제수,1,False
pi_cream_A000000250472,글리세린,2,False
pi_cream_A000000250472,부틸렌글라이콜,3,False
pi_cream_A000000250472,에틸헥실스테아레이트,4,False
pi_cream_A000000250472,나이아신아마이드,5,False
pi_cream_A000000250472,"1,2-헥산다이올",6,False
pi_cream_A000000250472,다이메티콘,7,False
pi_cream_A000000250472,다이에톡시에틸석시네이트,8,False
pi_cream_A000000250472,글루코노락톤,9,False
pi_cream_A000000250472,세테아릴올리베이트,10,False
pi_cream_A000000250472,폴리아크릴레이트크로스폴리머-6,11,False
pi_cream_A000000250472,판테놀,12,False
pi_cream_A000000250472,폴리글리세릴-10베헤네이트/에이코사디오에이트,13,False
pi_cream_A000000250472,폴리메틸실세스퀴옥세인,14,False
pi_cream_A000000250472,솔비탄올리베이트,15,False
pi_cream_A000000250472,하이드로제네이티드레시틴,16,False
pi_cream_A000000250472,트로메타민,17,False
pi_cream_A000000250472,세테아릴알코올,18,False
pi_cream_A000000250472,하이드록시에틸아크릴레이트/소듐아크릴로일다이메틸타우레이트코폴리머,19,False
pi_cream_A000000250472,소듐폴리아크릴로일다이메틸타우레이트,20,False
pi_cream_A000000250472,아크릴레이트/C10-30알킬아크릴레이트크로스폴리머,21,False
pi_cream_A000000250472,에틸헥실글리세린,22,False
pi_cream_A000000250472,잔탄검,23,False
pi_cream_A000000250472,세테아릴글루코사이드,24,False
pi_cream_A000000250472,소듐글루코네이트,25,False
pi_cream_A000000250472,아시아티코사이드,26,False
pi_cream_A000000250472,솔비탄아이소스테아레이트,27,False
pi_cream_A000000250472,마데카식애씨드,28,False
pi_cream_A000000250472,아시아틱애씨드,29,False
pi_cream_A000000250472,소듐하이알루로네이트,30,False
pi_cream_A000000250472,3-O-에틸아스코빅애씨드,31,False
pi_cream_A000000250472,징크피씨에이,32,False
pi_cream_A000000250472,글리세릴카프릴레이트,33,False
pi_cream_A000000250472,마데카소사이드,34,False
pi_cream_A000000250472,소듐트라이메타포스페이트,35,False
pi_cream_A000000250472,헥사펩타이드-9,36,False
pi_cream_A000000255729,정제수,1,False
pi_cream_A000000255729,카프릴릭/카프릭트라이글리세라이드,2,False
pi_cream_A000000255729,락토바실러스발효물,3,False
pi_cream_A000000255729,나이아신아마이드,4,False
pi_cream_A000000255729,프로판다이올,5,False
pi_cream_A000000255729,아이소프로필미리스테이트,6,False
pi_cream_A000000255729,팔미틱애씨드,7,False
pi_cream_A000000255729,페닐트라이메티콘,8,False
pi_cream_A000000255729,스테아릴알코올,9,False
pi_cream_A000000255729,스테아릭애씨드,10,False
pi_cream_A000000255729,세테아릴올리베이트,11,False
pi_cream_A000000255729,글리세릴스테아레이트,12,False
pi_cream_A000000255729,"1,2-헥산다이올",13,False
pi_cream_A000000255729,솔비탄올리베이트,14,False
pi_cream_A000000255729,부틸렌글라이콜,15,False
pi_cream_A000000255729,세테아릴알코올,16,False
pi_cream_A000000255729,하이드록시아세토페논,17,False
pi_cream_A000000255729,펜틸렌글라이콜,18,False
pi_cream_A000000255729,알지닌,19,False
pi_cream_A000000255729,카보머,20,False
pi_cream_A000000255729,다이소듐이디티에이,21,False
pi_cream_A000000255729,카프릴릴글라이콜,22,False
pi_cream_A000000255729,글리세린,23,False
pi_cream_A000000255729,다이메틸설폰,24,False
pi_cream_A000000255729,다이포타슘글리시리제이트,25,False
pi_cream_A000000255729,석시닉애씨드,26,False
pi_cream_A000000255729,징크피씨에이,27,False
pi_cream_A000000255729,라우릴글루코사이드,28,False
pi_cream_A000000255729,하이드로제네이티드레시틴,29,False
pi_cream_A000000255729,소나무잎추출물,30,False
pi_cream_A000000255729,도둑놈의지팡이뿌리추출물,31,False
pi_cream_A000000255729,탱자추출물,32,False
pi_cream_A000000255729,삼백초잎/뿌리추출물,33,False
pi_cream_A000000255729,육계나무껍질추출물[아크네프로겔제]정제수,34,False
pi_cream_A000000255729,변성알코올,36,False
pi_cream_A000000255729,에톡시다이글라이콜,37,False
pi_cream_A000000255729,폴리아크릴레이트크로스폴리머-6,39,False
pi_cream_A000000255729,살리실릭애씨드,40,False
pi_cream_A000000255729,소듐폴리아크릴로일다이메틸타우레이트,41,False
pi_cream_A000000255729,트로메타민,42,False
pi_cream_A000000255729,암모늄아크릴로일다이메틸타우레이트/브이피코폴리머,43,False
pi_cream_A000000255729,베타인,44,False
pi_cream_A000000255729,하이드록시에틸셀룰로오스,45,False
pi_cream_A000000255729,에틸헥실글리세린,47,False
pi_cream_A000000255729,글라이콜릭애씨드,51,False
pi_cream_A000000255729,다이소듐포스페이트,53,False
pi_cream_A000000255729,폴리솔베이트60,54,False
pi_cream_A000000255729,소듐포스페이트,56,False
pi_cream_A000000255729,토코페롤,58,False
pi_cream_A000000255729,티트리잎오일,64,False
pi_cream_A000000255729,육계나무껍질추출물,69,False
pi_cream_A000000231589,정제수,1,False
pi_cream_A000000231589,글리세린,2,False
pi_cream_A000000231589,프로판다이올,3,False
pi_cream_A000000231589,카프릴릭/카프릭트라이글리세라이드,4,False
pi_cream_A000000231589,솔비탄스테아레이트,5,False
pi_cream_A000000231589,세테아릴알코올,6,False
pi_cream_A000000231589,잇꽃씨오일,7,False
pi_cream_A000000231589,글리세릴스테아레이트,8,False
pi_cream_A000000231589,스테아릭애씨드,9,False
pi_cream_A000000231589,다이메티콘,10,False
pi_cream_A000000231589,미리스토일/팔미토일옥소스테아라마이드/아라카마이드엠이에이,11,False
pi_cream_A000000231589,메틸카프로오일타이로지네이트,12,False
pi_cream_A000000231589,피토스테롤,13,False
pi_cream_A000000231589,토코페릴아세테이트,14,False
pi_cream_A000000231589,비사보롤,15,False
pi_cream_A000000231589,잔탄검,16,False
pi_cream_A000000231589,소듐하이알루로네이트,17,False
pi_cream_A000000231589,카보머,18,False
pi_cream_A000000231589,알지닌,19,False
pi_cream_A000000231589,"1,2-헥산다이올",20,False
pi_cream_A000000231589,카프릴릴글라이콜,21,False
pi_cream_A000000231589,트로폴론,22,False
pi_cream_A000000214168,정제수글리세린다이메티콘스쿠알란비스-피이지-18메틸에터다이메틸실레인수크로오스스테아레이트스테아릴알코올피이지-8스테아레이트미리스틸미리스테이트살구씨오일페녹시에탄올아보카도오일글리세릴스테아레이트세틸알코올쌀겨오일올리브오일클로페네신스테아릭애씨드팔미틱애씨드카보머아크릴레이트/C10-30알킬아크릴레이트크로스폴리머트라이소듐에틸렌다이아민다이석시네이트스위트아몬드오일잔탄검에틸헥실글리세린소듐하이드록사이드토코페롤돌콩오일슈도알테로모나스발효추출물미리스틱애씨드하이드록시팔미토일스핑가닌살리실릭애씨드해바라기씨오일로즈마리잎추출물시트릭애씨드,1,False
pi_cream_A000000255827,1.멜라셋기미토닝크림정제수,1,False
pi_cream_A000000255827,세틸에틸헥사노에이트,2,False
pi_cream_A000000255827,글리세린,3,False
pi_cream_A000000255827,알부틴,4,False
pi_cream_A000000255827,부틸렌글라이콜,5,False
pi_cream_A000000255827,"1,2-헥산다이올",6,False
pi_cream_A000000255827,알파-알부틴,7,False
pi_cream_A000000255827,다이메티콘,8,False
pi_cream_A000000255827,세테아릴알코올,9,False
pi_cream_A000000255827,다이카프릴릴카보네이트,10,False
pi_cream_A000000255827,베타인,11,False
pi_cream_A000000255827,세테아릴올리베이트,12,False
pi_cream_A000000255827,메틸트라이메티콘,13,False
pi_cream_A000000255827,솔비탄올리베이트,14,False
pi_cream_A000000255827,폴리솔베이트60,15,False
pi_cream_A000000255827,폴리아크릴레이트-13,16,False
pi_cream_A000000255827,피이지-100스테아레이트,17,False
pi_cream_A000000255827,글리세릴스테아레이트,18,False
pi_cream_A000000255827,솔비탄세스퀴올리에이트,19,False
pi_cream_A000000255827,카보머,20,False
pi_cream_A000000255827,트로메타민,21,False
pi_cream_A000000255827,폴리아이소부텐,22,False
pi_cream_A000000255827,다이메티콘/비닐다이메티콘크로스폴리머,23,False
pi_cream_A000000255827,하이드로제네이티드레시틴,24,False
pi_cream_A000000255827,토코페롤,25,False
pi_cream_A000000255827,판테놀,26,False
pi_cream_A000000255827,프로판다이올,27,False
pi_cream_A000000255827,스핑고모나스발효추출물,28,False
pi_cream_A000000255827,에틸헥실글리세린,29,False
pi_cream_A000000255827,폴리솔베이트20,30,False
pi_cream_A000000255827,솔비탄아이소스테아레이트,31,False
pi_cream_A000000255827,다이소듐이디티에이,32,False
pi_cream_A000000255827,나이아신아마이드,33,False
pi_cream_A000000255827,트라넥사믹애씨드,34,False
pi_cream_A000000255827,폴리글리세릴-10올리에이트,35,False
pi_cream_A000000255827,레시틴,36,False
pi_cream_A000000255827,엑토인,37,False
pi_cream_A000000255827,폴리글리세릴-10라우레이트,38,False
pi_cream_A000000255827,폴리글리세릴-4카프레이트,39,False
pi_cream_A000000255827,바쿠치올,40,False
pi_cream_A000000255827,마데카식애씨드,41,False
pi_cream_A000000255827,비파나무잎추출물,42,False
pi_cream_A000000255827,아시아티코사이드,43,False
pi_cream_A000000255827,비타민나무열매추출물,44,False
pi_cream_A000000255827,아시아틱애씨드,45,False
pi_cream_A000000255827,스피어민트추출물,46,False
pi_cream_A000000255827,폴리글리세릴-10스테아레이트,47,False
pi_cream_A000000255827,소듐아스코빌포스페이트,48,False
pi_cream_A000000255827,피리독신,49,False
pi_cream_A000000255827,바이오틴,50,False
pi_cream_A000000255827,사이아노코발아민,51,False
pi_cream_A000000255827,티아민에이치씨엘,52,False
pi_cream_A000000255827,리보플라빈,53,False
pi_cream_A000000255827,베타-카로틴2.멜라셋기미토닝스팟패치스타이렌/아이소프렌코폴리머,54,False
pi_cream_A000000255827,셀룰로오스검,55,False
pi_cream_A000000255827,하이드로제네이티드폴리(C6-20올레핀),56,False
pi_cream_A000000255827,마그네슘아스코빌포스페이트,60,False
pi_cream_A000000255827,마데카소사이드,62,False
pi_cream_A000000255827,아데노신,63,False
pi_cream_A000000255827,병풀추출물,64,False
pi_cream_A000000255721,정제수,1,False
pi_cream_A000000255721,부틸렌글라이콜,2,False
pi_cream_A000000255721,카프릴릭/카프릭트라이글리세라이드,3,False
pi_cream_A000000255721,나이아신아마이드,4,False
pi_cream_A000000255721,트라이프로필렌글라이콜,5,False
pi_cream_A000000255721,트라넥사믹애씨드,6,False
pi_cream_A000000255721,프로판다이올,7,False
pi_cream_A000000255721,네오펜틸글라이콜다이헵타노에이트,8,False
pi_cream_A000000255721,세테아릴알코올,9,False
pi_cream_A000000255721,비닐다이메티콘,10,False
pi_cream_A000000255721,글리세릴스테아레이트,11,False
pi_cream_A000000255721,"1,2-헥산다이올",12,False
pi_cream_A000000255721,폴리글리세릴-2스테아레이트,13,False
pi_cream_A000000255721,베헤닐알코올,14,False
pi_cream_A000000255721,스테아릴알코올,15,False
pi_cream_A000000255721,아크릴레이트/C10-30알킬아크릴레이트크로스폴리머,16,False
pi_cream_A000000255721,알파-알부틴,17,False
pi_cream_A000000255721,카프릴릴글라이콜,18,False
pi_cream_A000000255721,하이드록시에틸아크릴레이트/소듐아크릴로일다이메틸타우레이트코폴리머,19,False
pi_cream_A000000255721,알지닌,20,False
pi_cream_A000000255721,글루타티온,21,False
pi_cream_A000000255721,해바라기씨오일,22,False
pi_cream_A000000255721,토코페롤,23,False
pi_cream_A000000255721,다이소듐이디티에이,24,False
pi_cream_A000000255721,아데노신,25,False
pi_cream_A000000255721,글리세린,26,False
pi_cream_A000000255721,솔비탄아이소스테아레이트,27,False
pi_cream_A000000255721,세틸팔미테이트,28,False
pi_cream_A000000255721,알부틴,29,False
pi_cream_A000000255721,올리브오일,30,False
pi_cream_A000000255721,폴리글리세릴-3메틸글루코오스다이스테아레이트,31,False
pi_cream_A000000255721,폴리글리세릴-10라우레이트,32,False
pi_cream_A000000255721,베타인,33,False
pi_cream_A000000255721,판테놀,34,False
pi_cream_A000000255721,코직애씨드,35,False
pi_cream_A000000255721,포스파티딜콜린,36,False
pi_cream_A000000255721,세라마이드엔피,37,False
pi_cream_A000000255721,콜레스테롤,38,False
pi_cream_A000000255721,세라마이드에이피,39,False
pi_cream_A000000255721,하이드로제네이티드레시틴,40,False
pi_cream_A000000255721,아스코빌팔미테이트,41,False
pi_cream_A000000255721,시어버터,42,False
pi_cream_A000000255721,하이드록시데실유비퀴논,43,False
pi_cream_A000000255721,칸디다봄비콜라/글루코오스/메틸레이프씨데이트발효물,44,False
pi_cream_A000000255721,글라이코리피드,45,False
pi_cream_A000000255721,헥실레조시놀,46,False
pi_cream_A000000255244,정제수,1,False
pi_cream_A000000255244,글리세린,2,False
pi_cream_A000000255244,아이소노닐아이소노나노에이트,3,False
pi_cream_A000000255244,아이소도데케인,4,False
pi_cream_A000000255244,"1,2-헥산다이올",5,False
pi_cream_A000000255244,펜틸렌글라이콜,6,False
pi_cream_A000000255244,폴리데센,7,False
pi_cream_A000000255244,자작나무수액,8,False
pi_cream_A000000255244,호호바에스터,9,False
pi_cream_A000000255244,판테놀,10,False
pi_cream_A000000255244,글리세릴글루코사이드,11,False
pi_cream_A000000255244,아라비아고무나무검,12,False
pi_cream_A000000255244,하이드롤라이즈드오크라추출물,13,False
pi_cream_A000000255244,소듐하이알루로네이트,14,False
pi_cream_A000000255244,하이알루로닉애씨드,15,False
pi_cream_A000000255244,화이트루핀씨추출물,16,False
pi_cream_A000000255244,드럼스틱씨추출물,17,False
pi_cream_A000000255244,인도멀구슬나무잎추출물,18,False
pi_cream_A000000255244,인도멀구슬나무꽃추출물,19,False
pi_cream_A000000255244,아이비고드열매추출물,20,False
pi_cream_A000000255244,알로에베라꽃추출물,21,False
pi_cream_A000000255244,가지열매추출물,22,False
pi_cream_A000000255244,홀리바질잎추출물,23,False
pi_cream_A000000255244,참산호말추출물,24,False
pi_cream_A000000255244,울금뿌리추출물,25,False
pi_cream_A000000255244,아스코빅애씨드,26,False
pi_cream_A000000255244,펜타에리스리틸테트라에틸헥사노에이트,27,False
pi_cream_A000000255244,암모늄아크릴로일다이메틸타우레이트/브이피코폴리머,28,False
pi_cream_A000000255244,폴리글리세릴-3메틸글루코오스다이스테아레이트,29,False
pi_cream_A000000255244,아크릴레이트/C10-30알킬아크릴레이트크로스폴리머,30,False
pi_cream_A000000255244,트로메타민,31,False
pi_cream_A000000255244,글리세릴아크릴레이트/아크릴릭애씨드코폴리머,32,False
pi_cream_A000000255244,에틸헥실글리세린,33,False
pi_cream_A000000255244,아가,34,False
pi_cream_A000000255244,다이포타슘글리시리제이트,35,False
pi_cream_A000000255244,글리세릴카프릴레이트,36,False
pi_cream_A000000255244,부틸렌글라이콜,37,False
pi_cream_A000000255244,다이소듐이디티에이,38,False
pi_cream_A000000255981,핌프로브크림:정제수,1,False
pi_cream_A000000255981,글리세린,2,False
pi_cream_A000000255981,카프릴릭/카프릭트라이글리세라이드,3,False
pi_cream_A000000255981,호호바씨오일,4,False
pi_cream_A000000255981,세테아릴알코올,5,False
pi_cream_A000000255981,솔비탄스테아레이트,6,False
pi_cream_A000000255981,"1,2-헥산다이올",7,False
pi_cream_A000000255981,스테아릭애씨드,8,False
pi_cream_A000000255981,미리스토일/팔미토일옥소스테아라마이드/아라카마이드엠이에이,9,False
pi_cream_A000000255981,글리세릴스테아레이트,10,False
pi_cream_A000000255981,다이메티콘,11,False
pi_cream_A000000255981,폴리글리세릴-6다이스테아레이트,12,False
pi_cream_A000000255981,피토스테롤,13,False
pi_cream_A000000255981,토코페릴아세테이트,14,False
pi_cream_A000000255981,카보머,15,False
pi_cream_A000000255981,호호바에스터,16,False
pi_cream_A000000255981,올레아마이드엠이에이,17,False
pi_cream_A000000255981,아크릴레이트/C10-30알킬아크릴레이트크로스폴리머,18,False
pi_cream_A000000255981,폴리글리세릴-3비즈왁스,19,False
pi_cream_A000000255981,세틸알코올,20,False
pi_cream_A000000255981,암모늄아크릴로일다이메틸타우레이트/브이피코폴리머,21,False
pi_cream_A000000255981,소듐하이알루로네이트,22,False
pi_cream_A000000255981,잔탄검,23,False
pi_cream_A000000255981,카프릴릴글라이콜●젤클렌저:정제수,24,False
pi_cream_A000000255981,데실글루코사이드,25,False
pi_cream_A000000255981,아이소펜틸다이올,27,False
pi_cream_A000000255981,라우릴하이드록시설테인,28,False
pi_cream_A000000255981,포타슘코코일글루타메이트,29,False
pi_cream_A000000255981,소듐메틸코코일타우레이트,30,False
pi_cream_A000000255981,소듐클로라이드,31,False
pi_cream_A000000255981,살리실릭애씨드,34,False
pi_cream_A000000255981,하이드록시아세토페논,35,False
pi_cream_A000000255981,소듐락테이트,36,False
pi_cream_A000000255981,소듐글루코네이트,37,False
pi_cream_A000000255981,판테놀,38,False
pi_cream_A000000255981,o-사이멘-5-올,39,False
pi_cream_A000000255981,다이소듐이디티에이,40,False
pi_cream_A000000255981,징크피씨에이,41,False
pi_cream_A000000226553,정제수,1,False
pi_cream_A000000226553,부틸렌글라이콜,2,False
pi_cream_A000000226553,스쿠알란,3,False
pi_cream_A000000226553,티트리잎수,4,False
pi_cream_A000000226553,프로판다이올,5,False
pi_cream_A000000226553,"1,2-헥산다이올",6,False
pi_cream_A000000226553,나이아신아마이드,7,False
pi_cream_A000000226553,펜틸렌글라이콜,8,False
pi_cream_A000000226553,폴리글리세릴-3메틸글루코오스다이스테아레이트,9,False
pi_cream_A000000226553,다이글리세린,10,False
pi_cream_A000000226553,티트리추출물,11,False
pi_cream_A000000226553,티트리잎추출물,12,False
pi_cream_A000000226553,병풀추출물,13,False
pi_cream_A000000226553,티트리꽃/잎/줄기추출물,14,False
pi_cream_A000000226553,티트리잎오일,15,False
pi_cream_A000000226553,하이드록시에틸아크릴레이트/소듐아크릴로일다이메틸타우레이트코폴리머,16,False
pi_cream_A000000226553,폴리메틸실세스퀴옥세인,17,False
pi_cream_A000000226553,아크릴레이트/C10-30알킬아크릴레이트크로스폴리머,18,False
pi_cream_A000000226553,트로메타민,19,False
pi_cream_A000000226553,솔비탄아이소스테아레이트,20,False
pi_cream_A000000226553,마데카소사이드,21,False
pi_cream_A000000226553,토코페롤,22,False
pi_cream_A000000226553,에틸헥실글리세린,23,False
pi_cream_A000000244987,정제수,1,False
pi_cream_A000000244987,글리세린,2,False
pi_cream_A000000244987,스쿠알란,3,False
pi_cream_A000000244987,카프릴릭/카프릭트라이글리세라이드,4,False
pi_cream_A000000244987,하이드로제네이티드폴리(C6-14올레핀),5,False
pi_cream_A000000244987,다이글리세린,6,False
pi_cream_A000000244987,하이드로제네이티드폴리데센,7,False
pi_cream_A000000244987,나이아신아마이드,8,False
pi_cream_A000000244987,메틸프로판다이올,9,False
pi_cream_A000000244987,펜틸렌글라이콜,10,False
pi_cream_A000000244987,암모늄아크릴로일다이메틸타우레이트/브이피코폴리머,11,False
pi_cream_A000000244987,"1,2-헥산다이올",12,False
pi_cream_A000000244987,판테놀,13,False
pi_cream_A000000244987,세테아릴올리베이트,14,False
pi_cream_A000000244987,하이드록시아세토페논,15,False
pi_cream_A000000244987,아크릴레이트/C10-30알킬아크릴레이트크로스폴리머,16,False
pi_cream_A000000244987,아미노메틸프로판다이올,17,False
pi_cream_A000000244987,솔비탄올리베이트,18,False
pi_cream_A000000244987,하이드록시에틸아크릴레이트/소듐아크릴로일다이메틸타우레이트코폴리머,19,False
pi_cream_A000000244987,해바라기씨오일,20,False
pi_cream_A000000244987,피토스테롤,21,False
pi_cream_A000000244987,마데카소사이드,22,False
pi_cream_A000000244987,하이드로제네이티드폴리아이소부텐,23,False
pi_cream_A000000244987,서양배추출물,24,False
pi_cream_A000000244987,아라키딜알코올,25,False
pi_cream_A000000244987,연필향나무오일,26,False
pi_cream_A000000244987,알란토인,27,False
pi_cream_A000000244987,에틸헥실글리세린,28,False
pi_cream_A000000244987,하이드로제네이티드레시틴,29,False
pi_cream_A000000244987,아데노신,30,False
pi_cream_A000000244987,다마스크장미꽃수,31,False
pi_cream_A000000244987,스테아릭애씨드,32,False
pi_cream_A000000244987,베헤닐알코올,33,False
pi_cream_A000000244987,멜론추출물,34,False
pi_cream_A000000244987,오리스뿌리추출물,35,False
pi_cream_A000000244987,아라키딜글루코사이드,36,False
pi_cream_A000000244987,호호바씨오일,37,False
pi_cream_A000000244987,서양송악잎/줄기추출물,38,False
pi_cream_A000000244987,소듐파이테이트,39,False
pi_cream_A000000244987,부틸렌글라이콜,40,False
pi_cream_A000000244987,광곽향오일,41,False
pi_cream_A000000244987,솔비탄아이소스테아레이트,42,False
pi_cream_A000000244987,하이알루로닉애씨드,43,False
pi_cream_A000000244987,세테아릴알코올,44,False
pi_cream_A000000244987,세라마이드엔피,45,False
pi_cream_A000000244987,불가리스쑥오일,46,False
pi_cream_A000000244987,로즈마리잎오일,47,False
pi_cream_A000000244987,포타슘세틸포스페이트,48,False
pi_cream_A000000244987,카프릴릴글라이콜,49,False
pi_cream_A000000244987,병풀추출물,50,False
pi_cream_A000000244987,베타-글루칸,51,False
pi_cream_A000000244987,글리세릴스테아레이트,52,False
pi_cream_A000000244987,돌콩추출물,53,False
pi_cream_A000000244987,토코페롤,54,False
pi_cream_A000000244987,팔미틱애씨드,55,False
pi_cream_A000000244987,카프릴릴/카프릴글루코사이드,56,False
pi_cream_A000000244987,병풀잎추출물,57,False
pi_cream_A000000174316,정제수,1,False
pi_cream_A000000174316,하이드로제네이티드폴리아이소부텐,2,False
pi_cream_A000000174316,다이메티콘,3,False
pi_cream_A000000174316,글리세린,4,False
pi_cream_A000000174316,시어버터,5,False
pi_cream_A000000174316,판테놀,6,False
pi_cream_A000000174316,옥수수전분,7,False
pi_cream_A000000174316,프로판다이올,8,False
pi_cream_A000000174316,부틸렌글라이콜,9,False
pi_cream_A000000174316,세틸피이지/피피지-10/1다이메티콘,10,False
pi_cream_A000000174316,트라이하이드록시스테아린,11,False
pi_cream_A000000174316,병풀잎추출물,12,False
pi_cream_A000000174316,야콘뿌리즙,13,False
pi_cream_A000000174316,징크글루코네이트,14,False
pi_cream_A000000174316,마데카소사이드,15,False
pi_cream_A000000174316,망가니즈글루코네이트,16,False
pi_cream_A000000174316,알파-글루칸올리고사카라이드,17,False
pi_cream_A000000174316,실리카,18,False
pi_cream_A000000174316,알루미늄하이드록사이드,19,False
pi_cream_A000000174316,마그네슘설페이트,20,False
pi_cream_A000000174316,만노오스,21,False
pi_cream_A000000174316,카프릴로일글라이신,22,False
pi_cream_A000000174316,카프릴릴글라이콜,23,False
pi_cream_A000000174316,비트레오스실라발효물,24,False
pi_cream_A000000174316,시트릭애씨드,25,False
pi_cream_A000000174316,트라이소듐에틸렌다이아민다이석시네이트,26,False
pi_cream_A000000174316,락토바실러스,27,False
pi_cream_A000000174316,아세틸레이티드글라이콜스테아레이트,28,False
pi_cream_A000000174316,말토덱스트린,29,False
pi_cream_A000000174316,폴리글리세릴-4아이소스테아레이트,30,False
pi_cream_A000000174316,토코페롤,31,False
pi_cream_A000000174316,펜타에리스리틸테트라-다이-t-부틸하이드록시하이드로신나메이트,32,False
pi_cream_A000000174316,티타늄디옥사이드,33,False
pi_cream_A000000258831,정제수,1,False
pi_cream_A000000258831,올리브오일,2,False
pi_cream_A000000258831,글리세린,3,False
pi_cream_A000000258831,펜틸렌글라이콜,4,False
pi_cream_A000000258831,오일팜오일,5,False
pi_cream_A000000258831,식물성오일,6,False
pi_cream_A000000258831,하이드로제네이티드레시틴,7,False
pi_cream_A000000258831,스쿠알란,8,False
pi_cream_A000000258831,베타인,9,False
pi_cream_A000000258831,팔미타마이드엠이에이,10,False
pi_cream_A000000258831,아세타마이드엠이에이,11,False
pi_cream_A000000258831,사코신,12,False
pi_cream_A000000258831,하이드록시에틸셀룰로오스,13,False
pi_cream_A000000258831,카보머,14,False
pi_cream_A000000258831,소듐카보머,15,False
pi_cream_A000000258831,잔탄검,16,False
pi_cream_A000000258831,토코페롤,17,False
pi_cream_A000000258831,다이소듐포스페이트,18,False
pi_cream_A000000258831,소듐포스페이트[피지오겔레드수딩AI릴리프마스크]정제수,19,False
pi_cream_A000000258831,부틸렌글라이콜,20,False
pi_cream_A000000258831,다이프로필렌글라이콜,22,False
pi_cream_A000000258831,"1,2-헥산다이올",23,False
pi_cream_A000000258831,메틸프로판다이올,25,False
pi_cream_A000000258831,판테놀,26,False
pi_cream_A000000258831,프로판다이올,27,False
pi_cream_A000000258831,자작나무수액,28,False
pi_cream_A000000258831,알란토인,32,False
pi_cream_A000000258831,다이포타슘글리시리제이트,33,False
pi_cream_A000000258831,소듐하이알루로네이트,35,False
pi_cream_A000000258831,베타-글루칸,36,False
pi_cream_A000000258831,시어버터,38,False
pi_cream_A000000258831,메도우폼씨오일,39,False
pi_cream_A000000258831,세라마이드엔피,40,False
pi_cream_A000000258831,카프릴릭/카프릭트라이글리세라이드,41,False
pi_cream_A000000258831,아라키딜글루코사이드,42,False
pi_cream_A000000258831,세테아릴알코올,43,False
pi_cream_A000000258831,아라키딜알코올,44,False
pi_cream_A000000258831,베헤닐알코올,45,False
pi_cream_A000000258831,스테아릭애씨드,46,False
pi_cream_A000000258831,팔미틱애씨드,47,False
pi_cream_A000000258831,폴리글리세릴-10스테아레이트,48,False
pi_cream_A000000258831,폴리글리세릴-10올리에이트,49,False
pi_cream_A000000258831,콜레스테롤,50,False
pi_cream_A000000258831,암모늄아크릴로일다이메틸타우레이트/베헤네스-25메타크라일레이트크로스폴리머,51,False
pi_cream_A000000258831,다이소듐이디티에이,54,False
pi_cream_A000000258831,트로메타민,55,False
pi_cream_A000000257543,정제수,1,False
pi_cream_A000000257543,글리세린,2,False
pi_cream_A000000257543,부틸렌글라이콜,3,False
pi_cream_A000000257543,다이카프릴릴에터,4,False
pi_cream_A000000257543,나이아신아마이드,5,False
pi_cream_A000000257543,"1,2-헥산다이올",6,False
pi_cream_A000000257543,펜틸렌글라이콜,7,False
pi_cream_A000000257543,소듐하이알루로네이트,8,False
pi_cream_A000000257543,병풀잎추출물,9,False
pi_cream_A000000257543,비피다발효여과물,10,False
pi_cream_A000000257543,락토바실러스발효물,11,False
pi_cream_A000000257543,병풀꽃/잎/줄기추출물,12,False
pi_cream_A000000257543,병풀뿌리추출물,13,False
pi_cream_A000000257543,병풀추출물,14,False
pi_cream_A000000257543,스키조사카로미세스발효여과물,15,False
pi_cream_A000000257543,하이드로제네이티드폴리데센,16,False
pi_cream_A000000257543,다이카프릴릴카보네이트,17,False
pi_cream_A000000257543,하이드록시에틸아크릴레이트/소듐아크릴로일다이메틸타우레이트코폴리머,18,False
pi_cream_A000000257543,판테놀,19,False
pi_cream_A000000257543,아크릴레이트/C10-30알킬아크릴레이트크로스폴리머,20,False
pi_cream_A000000257543,실리카,21,False
pi_cream_A000000257543,트로메타민,22,False
pi_cream_A000000257543,솔비톨,23,False
pi_cream_A000000257543,글리세릴아크릴레이트/아크릴릭애씨드코폴리머,24,False
pi_cream_A000000257543,에틸헥실글리세린,25,False
pi_cream_A000000257543,트라이소듐에틸렌다이아민다이석시네이트,26,False
pi_cream_A000000257543,알란토인,27,False
pi_cream_A000000257543,다이프로필렌글라이콜,28,False
pi_cream_A000000257543,토코페롤,29,False
pi_cream_A000000257543,마데카소사이드,30,False
pi_cream_A000000257543,폴리글리세릴-10라우레이트,31,False
pi_cream_A000000257543,포스파티딜콜린,32,False
pi_cream_A000000257543,하이드로제네이티드레시틴,33,False
pi_cream_A000000257543,칼슘판토테네이트,34,False
pi_cream_A000000257543,스쿠알란,35,False
pi_cream_A000000257543,에리스리톨,36,False
pi_cream_A000000257543,에틸헥실팔미테이트,37,False
pi_cream_A000000257543,아시아티코사이드,38,False
pi_cream_A000000257543,마데카식애씨드,39,False
pi_cream_A000000257543,아시아틱애씨드,40,False
pi_cream_A000000257543,트라이하이드록시스테아린,41,False
pi_cream_A000000257543,세라마이드엔피,42,False
pi_cream_A000000257543,다발방패버섯추출물,43,False
pi_cream_A000000257543,잔탄검[세럼]정제수,44,False
pi_cream_A000000257543,글리세레스-26,51,False
pi_cream_A000000257543,하이드록시에틸셀룰로오스,52,False
pi_cream_A000000257543,소듐폴리아크릴로일다이메틸타우레이트,54,False
pi_cream_A000000257543,카프릴릭/카프릭트라이글리세라이드,58,False
pi_cream_A000000257543,바이오사카라이드검-1,59,False
pi_cream_A000000257543,다이소듐이디티에이,60,False
pi_cream_A000000257543,베타인살리실레이트,62,False
pi_cream_A000000257543,석시닉애씨드,63,False
pi_cream_A000000257543,옥틸도데칸올,66,False
pi_cream_A000000257543,글라이코리피드,73,False
pi_cream_A000000257543,베타-글루칸,75,False
pi_cream_A000000257543,락토바실러스/콩발효추출물,77,False
pi_cream_A000000257543,류코노스톡/무발효여과물,78,False
pi_cream_A000000257543,효모발효추출물,79,False
pi_cream_A000000257543,팔미토일트라이펩타이드-5,80,False
pi_cream_A000000257543,하이드록시프로필트라이모늄하이알루로네이트,84,False
pi_cream_A000000257543,징크피씨에이,86,False
pi_cream_A000000257543,헥사펩타이드-9,87,False
pi_cream_A000000258830,정제수,1,False
pi_cream_A000000258830,글리세린,2,False
pi_cream_A000000258830,펜틸렌글라이콜,3,False
pi_cream_A000000258830,카프릴릭/카프릭트라이글리세라이드,4,False
pi_cream_A000000258830,코코-카프릴레이트/카프레이트,5,False
pi_cream_A000000258830,세테아릴알코올,6,False
pi_cream_A000000258830,아라키딜알코올,7,False
pi_cream_A000000258830,스쿠알란,8,False
pi_cream_A000000258830,메틸트라이메티콘,9,False
pi_cream_A000000258830,판테놀,10,False
pi_cream_A000000258830,베헤닐알코올,11,False
pi_cream_A000000258830,시어버터,12,False
pi_cream_A000000258830,피토스테릴/이소스테아릴/세틸/스테아릴/베헤닐다이머디리놀리에이트,13,False
pi_cream_A000000258830,오일팜오일,14,False
pi_cream_A000000258830,하이드록시에틸아크릴레이트/소듐아크릴로일다이메틸타우레이트코폴리머,15,False
pi_cream_A000000258830,아라키딜글루코사이드,16,False
pi_cream_A000000258830,"1,2-헥산다이올",17,False
pi_cream_A000000258830,폴리아크릴레이트크로스폴리머-6,18,False
pi_cream_A000000258830,하이드로제네이티드레시틴,19,False
pi_cream_A000000258830,오일팜커넬오일,20,False
pi_cream_A000000258830,베헤닉애씨드,21,False
pi_cream_A000000258830,아이소스테아릴아이소스테아레이트,22,False
pi_cream_A000000258830,카보머,23,False
pi_cream_A000000258830,소듐카보머,24,False
pi_cream_A000000258830,세라마이드엔피,25,False
pi_cream_A000000258830,아데노신,26,False
pi_cream_A000000258830,콜레스테롤,27,False
pi_cream_A000000258830,소듐하이알루로네이트,28,False
pi_cream_A000000258830,솔비탄아이소스테아레이트,29,False
pi_cream_A000000258830,나이아신아마이드,30,False
pi_cream_A000000258830,팔미틱애씨드,31,False
pi_cream_A000000258830,스테아릭애씨드,32,False
pi_cream_A000000258830,토코페롤,33,False
pi_cream_A000000258830,"2,3-부탄다이올",34,False
pi_cream_A000000258830,글리세릴스테아레이트,35,False
pi_cream_A000000258830,세라마이드에이피,36,False
pi_cream_A000000258830,세라마이드엔지,37,False
pi_cream_A000000258830,세라마이드이오피,38,False
pi_cream_A000000258830,다이프로필렌글라이콜,39,False
pi_cream_A000000258830,하이알루로닉애씨드[피지오겔DMT에센스인토너]정제수,40,False
pi_cream_A000000258830,헥실데실에틸헥사노에이트,44,False
pi_cream_A000000258830,펜타에리스리틸테트라에틸헥사노에이트,45,False
pi_cream_A000000258830,변성알코올,46,False
pi_cream_A000000258830,베타인,47,False
pi_cream_A000000258830,사이클로펜타실록세인,48,False
pi_cream_A000000258830,아크릴레이트/C10-30알킬아크릴레이트크로스폴리머,49,False
pi_cream_A000000258830,트로메타민,50,False
pi_cream_A000000258830,다이메티콘,51,False
pi_cream_A000000258830,피토스테롤,52,False
pi_cream_A000000258830,트라이소듐이디티에이,54,False
pi_cream_A000000258830,세린,55,False
pi_cream_A000000258830,소듐피씨에이,56,False
pi_cream_A000000258830,하이드록시에틸우레아,57,False
pi_cream_A000000258830,알지닌,58,False
pi_cream_A000000251494,정제수,1,False
pi_cream_A000000251494,다이프로필렌글라이콜,2,False
pi_cream_A000000251494,나이아신아마이드,3,False
pi_cream_A000000251494,하이드로제네이티드폴리아이소부텐,4,False
pi_cream_A000000251494,헥실데실에틸헥사노에이트,5,False
pi_cream_A000000251494,판테놀,6,False
pi_cream_A000000251494,프로판다이올,7,False
pi_cream_A000000251494,트라넥사믹애씨드,8,False
pi_cream_A000000251494,글리세린,9,False
pi_cream_A000000251494,트라이에틸헥사노인,10,False
pi_cream_A000000251494,"1,2-헥산다이올",11,False
pi_cream_A000000251494,세테아릴알코올,12,False
pi_cream_A000000251494,C14-22알코올,13,False
pi_cream_A000000251494,글리세릴스테아레이트,14,False
pi_cream_A000000251494,펜타에리스리틸테트라에틸헥사노에이트,15,False
pi_cream_A000000251494,만델릭애씨드,16,False
pi_cream_A000000251494,글루타믹애씨드,17,False
pi_cream_A000000251494,유비퀴논,18,False
pi_cream_A000000251494,하이드록시데실유비퀴논,19,False
pi_cream_A000000251494,바쿠치올,20,False
pi_cream_A000000251494,비사보롤,21,False
pi_cream_A000000251494,크리신,22,False
pi_cream_A000000251494,에피갈로카테킨갈레이트,23,False
pi_cream_A000000251494,헥실레조시놀,24,False
pi_cream_A000000251494,하이드록시에틸우레아,25,False
pi_cream_A000000251494,폴리다틴,26,False
pi_cream_A000000251494,다이메티콘,27,False
pi_cream_A000000251494,아스코빌글루코사이드,28,False
pi_cream_A000000251494,세테아릴올리베이트,29,False
pi_cream_A000000251494,피이지-100스테아레이트,30,False
pi_cream_A000000251494,세린,31,False
pi_cream_A000000251494,솔비탄올리베이트,32,False
pi_cream_A000000251494,C12-20알킬글루코사이드,33,False
pi_cream_A000000251494,실리카,34,False
pi_cream_A000000251494,암모늄아크릴로일다이메틸타우레이트/브이피코폴리머,35,False
pi_cream_A000000251494,아라키딜알코올,36,False
pi_cream_A000000251494,베헤닐알코올,37,False
pi_cream_A000000251494,포타슘하이드록사이드,38,False
pi_cream_A000000251494,알란토인,39,False
pi_cream_A000000251494,폴리메틸실세스퀴옥세인,40,False
pi_cream_A000000251494,소듐파이루베이트,41,False
pi_cream_A000000251494,트레할로오스,42,False
pi_cream_A000000251494,아라키딜글루코사이드,43,False
pi_cream_A000000251494,다이메티콘올,44,False
pi_cream_A000000251494,카보머,45,False
pi_cream_A000000251494,알지닌,46,False
pi_cream_A000000251494,소듐메타바이설파이트,47,False
pi_cream_A000000251494,잔탄검,48,False
pi_cream_A000000251494,아데노신,49,False
pi_cream_A000000251494,토코페롤,50,False
pi_cream_A000000251494,카프릴릭/카프릭트라이글리세라이드,51,False
pi_cream_A000000251494,트라이소듐이디티에이,52,False
pi_cream_A000000251494,부틸렌글라이콜,53,False
pi_cream_A000000251494,돌콩오일,54,False
pi_cream_A000000251494,티타늄디옥사이드,55,False
pi_cream_A000000251494,마이카,56,False
pi_cream_A000000251494,하이드로제네이티드레시틴,57,False
pi_cream_A000000251494,적색산화철,58,False
pi_cream_A000000251494,폴리글리세릴-10올리에이트,59,False
pi_cream_A000000251494,시스테인에이치씨엘,60,False
pi_cream_A000000251494,베타-글루칸,61,False
pi_cream_A000000251494,만니톨,62,False
pi_cream_A000000251494,수크로오스,63,False
pi_cream_A000000251494,왜당귀뿌리추출물,64,False
pi_cream_A000000251494,삽주뿌리줄기추출물,65,False
pi_cream_A000000251494,스페인감초뿌리추출물,66,False
pi_cream_A000000251494,작약뿌리추출물,67,False
pi_cream_A000000251494,모란뿌리추출물,68,False
pi_cream_A000000251494,피씨에이,69,False
pi_cream_A000000251494,질경이추출물,70,False
pi_cream_A000000251494,복숭아씨추출물,71,False
pi_cream_A000000251494,황금추출물,72,False
pi_cream_A000000251494,시트룰린,73,False
pi_cream_A000000251494,글라이코젠,74,False
pi_cream_A000000251494,히스티딘에이치씨엘,75,False
pi_cream_A000000251494,알라닌,76,False
pi_cream_A000000251494,트레오닌,77,False
pi_cream_A000000251494,라이신에이치씨엘,78,False
pi_cream_A000000251494,향료,79,False
pi_cream_A000000251494,벤질벤조에이트,80,False
pi_cream_A000000251494,리날룰,81,False
pi_cream_A000000251494,하이드록시시트로넬알,82,False
pi_cream_A000000251494,리모넨,83,False
pi_cream_A000000251494,헥실신남알,84,False
pi_cream_A000000251494,시트로넬올,85,False
pi_cream_A000000206053,정제수,1,False
pi_cream_A000000206053,부틸렌글라이콜,2,False
pi_cream_A000000206053,글리세린,3,False
pi_cream_A000000206053,나이아신아마이드,4,False
pi_cream_A000000206053,세틸에틸헥사노에이트,5,False
pi_cream_A000000206053,다이카프릴릴카보네이트,6,False
pi_cream_A000000206053,"1,2-헥산다이올",7,False
pi_cream_A000000206053,펜틸렌글라이콜,8,False
pi_cream_A000000206053,비닐다이메티콘,9,False
pi_cream_A000000206053,병풀추출물,10,False
pi_cream_A000000206053,클로렐라불가리스추출물,11,False
pi_cream_A000000206053,도둑놈의지팡이뿌리추출물,12,False
pi_cream_A000000206053,인도멀구슬나무잎추출물,13,False
pi_cream_A000000206053,인도멀구슬나무꽃추출물,14,False
pi_cream_A000000206053,아이비고드열매추출물,15,False
pi_cream_A000000206053,홀리바질잎추출물,16,False
pi_cream_A000000206053,울금뿌리추출물,17,False
pi_cream_A000000206053,알로에베라꽃추출물,18,False
pi_cream_A000000206053,가지열매추출물,19,False
pi_cream_A000000206053,참산호말추출물,20,False
pi_cream_A000000206053,녹차추출물,21,False
pi_cream_A000000206053,병풀잎추출물,22,False
pi_cream_A000000206053,오카무라큰실말추출물,23,False
pi_cream_A000000206053,흰버드나무껍질추출물,24,False
pi_cream_A000000206053,약모밀추출물,25,False
pi_cream_A000000206053,커피콩추출물,26,False
pi_cream_A000000206053,베르가모트잎추출물,27,False
pi_cream_A000000206053,소나무잎추출물,28,False
pi_cream_A000000206053,알파-알부틴,29,False
pi_cream_A000000206053,아르간커넬오일,30,False
pi_cream_A000000206053,참깨오일,31,False
pi_cream_A000000206053,사발팜열매추출물,32,False
pi_cream_A000000206053,스페인감초뿌리추출물,33,False
pi_cream_A000000206053,카프릴릴메티콘,34,False
pi_cream_A000000206053,에리스리톨,35,False
pi_cream_A000000206053,판테놀,36,False
pi_cream_A000000206053,하이드록시에틸아크릴레이트/소듐아크릴로일다이메틸타우레이트코폴리머,37,False
pi_cream_A000000206053,다이메티콘올,38,False
pi_cream_A000000206053,폴리메틸실세스퀴옥세인,39,False
pi_cream_A000000206053,아크릴레이트/C10-30알킬아크릴레이트크로스폴리머,40,False
pi_cream_A000000206053,글루코오스,41,False
pi_cream_A000000206053,트로메타민,42,False
pi_cream_A000000206053,실리카,43,False
pi_cream_A000000206053,프룩토올리고사카라이드,44,False
pi_cream_A000000206053,프룩토오스,45,False
pi_cream_A000000206053,에틸헥실글리세린,46,False
pi_cream_A000000206053,소듐파이테이트,47,False
pi_cream_A000000206053,글리세릴아크릴레이트/아크릴릭애씨드코폴리머,48,False
pi_cream_A000000206053,카프릴릭/카프릭트라이글리세라이드,49,False
pi_cream_A000000206053,하이드로제네이티드레시틴,50,False
pi_cream_A000000206053,토코페롤,51,False
pi_cream_A000000206053,데실글루코사이드,52,False
pi_cream_A000000206053,판토테닉애씨드,53,False
pi_cream_A000000206053,폴리글리세릴-4카프레이트,54,False
pi_cream_A000000206053,폴리글리세릴-6카프릴레이트,55,False
pi_cream_A000000206053,징크피씨에이,56,False
pi_cream_A000000206053,메틸다이아이소프로필프로피온아마이드,57,False
pi_cream_A000000206053,베타-시토스테롤,58,False
pi_cream_A000000206053,잔탄검,59,False
pi_cream_A000000222882,정제수,1,False
pi_cream_A000000222882,글리세린,2,False
pi_cream_A000000222882,부틸렌글라이콜,3,False
pi_cream_A000000222882,다이카프릴릴에터,4,False
pi_cream_A000000222882,황해쑥잎수,5,False
pi_cream_A000000222882,메틸트라이메티콘,6,False
pi_cream_A000000222882,나이아신아마이드,7,False
pi_cream_A000000222882,비스-하이드록시에톡시프로필다이메티콘,8,False
pi_cream_A000000222882,"1,2-헥산다이올",9,False
pi_cream_A000000222882,C14-22알코올,10,False
pi_cream_A000000222882,세틸에틸헥사노에이트,11,False
pi_cream_A000000222882,판테놀,12,False
pi_cream_A000000222882,글리세릴스테아레이트시트레이트,13,False
pi_cream_A000000222882,하이드로제네이티드폴리(C6-14올레핀),14,False
pi_cream_A000000222882,하이드록시에틸아크릴레이트/소듐아크릴로일다이메틸타우레이트코폴리머,15,False
pi_cream_A000000222882,스테아릭애씨드,16,False
pi_cream_A000000222882,암모늄아크릴로일다이메틸타우레이트/브이피코폴리머,17,False
pi_cream_A000000222882,글리세릴폴리메타크릴레이트,18,False
pi_cream_A000000222882,글리세릴스테아레이트,19,False
pi_cream_A000000222882,폴리메틸실세스퀴옥세인,20,False
pi_cream_A000000222882,팔미틱애씨드,21,False
pi_cream_A000000222882,아라키딜알코올,22,False
pi_cream_A000000222882,C12-20알킬글루코사이드,23,False
pi_cream_A000000222882,향료,24,False
pi_cream_A000000222882,글리세릴카프릴레이트,25,False
pi_cream_A000000222882,베헤닐알코올,26,False
pi_cream_A000000222882,"2,3-부탄다이올",27,False
pi_cream_A000000222882,아라키딜글루코사이드,28,False
pi_cream_A000000222882,에틸헥실글리세린,29,False
pi_cream_A000000222882,다이소듐이디티에이,30,False
pi_cream_A000000222882,솔비탄아이소스테아레이트,31,False
pi_cream_A000000222882,프로판다이올,32,False
pi_cream_A000000222882,레시틴,33,False
pi_cream_A000000222882,락토바실러스발효물,34,False
pi_cream_A000000222882,글루코오스,35,False
pi_cream_A000000222882,토코페롤,36,False
pi_cream_A000000222882,이눌린라우릴카바메이트,37,False
pi_cream_A000000222882,황해쑥잎추출물,38,False
pi_cream_A000000222882,병풀꽃/잎/줄기추출물,39,False
pi_cream_A000000232304,정제수,1,False
pi_cream_A000000232304,글리세린,2,False
pi_cream_A000000232304,메도우폼씨오일,3,False
pi_cream_A000000232304,카프릴릭/카프릭트라이글리세라이드,4,False
pi_cream_A000000232304,비닐다이메티콘,5,False
pi_cream_A000000232304,다이글리세린,6,False
pi_cream_A000000232304,폴리글리세릴-3다이스테아레이트,7,False
pi_cream_A000000232304,세테아릴알코올,8,False
pi_cream_A000000232304,"1,2-헥산다이올",9,False
pi_cream_A000000232304,펜틸렌글라이콜,10,False
pi_cream_A000000232304,클로렐라불가리스추출물,11,False
pi_cream_A000000232304,소듐헤파린,12,False
pi_cream_A000000232304,쑥잎추출물,13,False
pi_cream_A000000232304,병풀추출물,14,False
pi_cream_A000000232304,펜타에리스리틸테트라에틸헥사노에이트,15,False
pi_cream_A000000232304,하이드로제네이티드쌀겨오일,16,False
pi_cream_A000000232304,하이드로제네이티드레시틴,17,False
pi_cream_A000000232304,세테아릴올리베이트,18,False
pi_cream_A000000232304,소듐스테아로일글루타메이트,19,False
pi_cream_A000000232304,하이드록시에틸아크릴레이트/소듐아크릴로일다이메틸타우레이트코폴리머,20,False
pi_cream_A000000232304,폴리글리세릴-2스테아레이트,21,False
pi_cream_A000000232304,암모늄아크릴로일다이메틸타우레이트/브이피코폴리머,22,False
pi_cream_A000000232304,아이소도데케인,23,False
pi_cream_A000000232304,하이드록시아세토페논,24,False
pi_cream_A000000232304,아크릴레이트/C10-30알킬아크릴레이트크로스폴리머,25,False
pi_cream_A000000232304,글루코오스,26,False
pi_cream_A000000232304,솔비탄올리베이트,27,False
pi_cream_A000000232304,글리세릴스테아레이트,28,False
pi_cream_A000000232304,판테놀,29,False
pi_cream_A000000232304,글리세릴스테아레이트시트레이트,30,False
pi_cream_A000000232304,부틸렌글라이콜,31,False
pi_cream_A000000232304,프룩토올리고사카라이드,32,False
pi_cream_A000000232304,프룩토오스,33,False
pi_cream_A000000232304,스테아릭애씨드,34,False
pi_cream_A000000232304,석시닉애씨드,35,False
pi_cream_A000000232304,다이메티콘/비닐다이메티콘크로스폴리머,36,False
pi_cream_A000000232304,비닐다이메티콘/메티콘실세스퀴옥세인크로스폴리머,37,False
pi_cream_A000000232304,소듐파이테이트,38,False
pi_cream_A000000232304,솔비탄아이소스테아레이트,39,False
pi_cream_A000000232304,폴리글리세릴-10스테아레이트,40,False
pi_cream_A000000232304,다이프로필렌글라이콜,41,False
pi_cream_A000000232304,세라마이드엔피,42,False
pi_cream_A000000232304,알란토인,43,False
pi_cream_A000000232304,베타-글루칸,44,False
pi_cream_A000000232304,폴리글리세릴-10라우레이트,45,False
pi_cream_A000000232304,세라마이드엔에스,46,False
pi_cream_A000000232304,콜레스테롤,47,False
pi_cream_A000000232304,에틸헥실글리세린,48,False
pi_cream_A000000232304,피토스핑고신,49,False
pi_cream_A000000232304,세라마이드에이피,50,False
pi_cream_A000000232304,세라마이드에이에스,51,False
pi_cream_A000000232304,스쿠알란,52,False
pi_cream_A000000232304,세라마이드이오피,53,False
pi_cream_A000000232304,카프릴릴/카프릴글루코사이드,54,False
pi_cream_A000000232304,스테아릴알코올,55,False
pi_cream_A000000232304,잔탄검,56,False
pi_cream_A000000192405,정제수,1,False
pi_cream_A000000192405,글리세린,2,False
pi_cream_A000000192405,부틸렌글라이콜,3,False
pi_cream_A000000192405,다이프로필렌글라이콜,4,False
pi_cream_A000000192405,사이클로펜타실록세인,5,False
pi_cream_A000000192405,세테아릴올리베이트,6,False
pi_cream_A000000192405,세테아릴알코올,7,False
pi_cream_A000000192405,시어버터,8,False
pi_cream_A000000192405,트레할로오스,9,False
pi_cream_A000000192405,소듐하이알루로네이트크로스폴리머,10,False
pi_cream_A000000192405,하이알루로닉애씨드,11,False
pi_cream_A000000192405,소듐하이알루로네이트,12,False
pi_cream_A000000192405,하이드롤라이즈드하이알루로닉애씨드,13,False
pi_cream_A000000192405,하이드롤라이즈드글라이코사미노글리칸,14,False
pi_cream_A000000192405,하이드로제네이티드레시틴,15,False
pi_cream_A000000192405,매실추출물,16,False
pi_cream_A000000192405,허니서클꽃추출물,17,False
pi_cream_A000000192405,황금추출물,18,False
pi_cream_A000000192405,티트리잎추출물,19,False
pi_cream_A000000192405,세라마이드엔피,20,False
pi_cream_A000000192405,병풀추출물,21,False
pi_cream_A000000192405,마데카소사이드,22,False
pi_cream_A000000192405,마데카식애씨드,23,False
pi_cream_A000000192405,아시아티코사이드,24,False
pi_cream_A000000192405,아시아틱애씨드,25,False
pi_cream_A000000192405,카르노신,26,False
pi_cream_A000000192405,글루타티온,27,False
pi_cream_A000000192405,아세틸헥사펩타이드-8,28,False
pi_cream_A000000192405,카퍼트라이펩타이드-1,29,False
pi_cream_A000000192405,아세틸테트라펩타이드-3,30,False
pi_cream_A000000192405,아세틸테트라펩타이드-5,31,False
pi_cream_A000000192405,팔미토일테트라펩타이드-7,32,False
pi_cream_A000000192405,팔미토일트라이펩타이드-1,33,False
pi_cream_A000000192405,팔미토일트라이펩타이드-5,34,False
pi_cream_A000000192405,팔미토일펜타펩타이드-4,35,False
pi_cream_A000000192405,"1,2-헥산다이올",36,False
pi_cream_A000000192405,다이메티콘,37,False
pi_cream_A000000192405,솔비탄올리베이트,38,False
pi_cream_A000000192405,암모늄아크릴로일다이메틸타우레이트/브이피코폴리머,39,False
pi_cream_A000000192405,글리세릴스테아레이트,40,False
pi_cream_A000000192405,폴리글리세릴-3메틸글루코오스다이스테아레이트,41,False
pi_cream_A000000192405,펜틸렌글라이콜,42,False
pi_cream_A000000192405,소듐아크릴레이트/소듐아크릴로일다이메틸타우레이트코폴리머,43,False
pi_cream_A000000192405,카프릴릴글라이콜,44,False
pi_cream_A000000192405,아이소헥사데칸,45,False
pi_cream_A000000192405,알란토인,46,False
pi_cream_A000000192405,폴리솔베이트80,47,False
pi_cream_A000000192405,잔탄검,48,False
pi_cream_A000000192405,판테놀,49,False
pi_cream_A000000192405,프로판다이올,50,False
pi_cream_A000000192405,옥틸도데칸올,51,False
pi_cream_A000000192405,솔비탄올리에이트,52,False
pi_cream_A000000192405,다이소듐이디티에이,53,False
pi_cream_A000000192405,아디픽애씨드,54,False
pi_cream_A000000192405,에틸헥실글리세린,55,False
pi_cream_A000000192405,벤질글라이콜,56,False
pi_cream_A000000192405,라즈베리케톤,57,False
pi_cream_A000000178512,하이드롤라이즈드하이알루로닉애씨드,1,False
pi_cream_A000000178512,정제수,2,False
pi_cream_A000000178512,글리세린,3,False
pi_cream_A000000178512,세테아릴알코올,4,False
pi_cream_A000000178512,펜틸렌글라이콜,5,False
pi_cream_A000000178512,카프릴릭/카프릭트라이글리세라이드,6,False
pi_cream_A000000178512,스쿠알란,7,False
pi_cream_A000000178512,프로판다이올,8,False
pi_cream_A000000178512,베타인,9,False
pi_cream_A000000178512,세테아릴올리베이트,10,False
pi_cream_A000000178512,비닐다이메티콘,11,False
pi_cream_A000000178512,코코-카프릴레이트/카프레이트,12,False
pi_cream_A000000178512,아이소프로필미리스테이트,13,False
pi_cream_A000000178512,시어버터,14,False
pi_cream_A000000178512,폴리글리세릴-4카프레이트,15,False
pi_cream_A000000178512,판테놀,16,False
pi_cream_A000000178512,옥틸도데칸올,17,False
pi_cream_A000000178512,알란토인,18,False
pi_cream_A000000178512,부틸렌글라이콜,19,False
pi_cream_A000000178512,글라이신,20,False
pi_cream_A000000178512,알지닌,21,False
pi_cream_A000000178512,히스티딘,22,False
pi_cream_A000000178512,세린,23,False
pi_cream_A000000178512,토코페롤,24,False
pi_cream_A000000178512,벤질글라이콜,25,False
pi_cream_A000000178512,소듐스테아로일글루타메이트,26,False
pi_cream_A000000178512,하이드롤라이즈드글라이코사미노글리칸,27,False
pi_cream_A000000178512,아데노신,28,False
pi_cream_A000000178512,소듐하이알루로네이트,29,False
pi_cream_A000000178512,소듐하이알루로네이트크로스폴리머,30,False
pi_cream_A000000178512,하이드록시프로필트라이모늄하이알루로네이트,31,False
pi_cream_A000000178512,하이알루로닉애씨드,32,False
pi_cream_A000000178512,소듐아세틸레이티드하이알루로네이트,33,False
pi_cream_A000000178512,나이아신아마이드,34,False
pi_cream_A000000178512,세라마이드엔피,35,False
pi_cream_A000000178512,스트렙토코쿠스테르모필루스발효물,36,False
pi_cream_A000000178512,다이포타슘글리시리제이트,37,False
pi_cream_A000000178512,콜레스테롤,38,False
pi_cream_A000000178512,솔비탄올리베이트,39,False
pi_cream_A000000178512,수크로오스라우레이트,40,False
pi_cream_A000000178512,비즈왁스,41,False
pi_cream_A000000178512,팔미틱애씨드,42,False
pi_cream_A000000178512,스테아릭애씨드,43,False
pi_cream_A000000178512,하이드로제네이티드레시틴,44,False
pi_cream_A000000178512,라이소레시틴,45,False
pi_cream_A000000178512,폴리글리세릴-3폴리리시놀리에이트,46,False
pi_cream_A000000178512,카보머,47,False
pi_cream_A000000178512,잔탄검,48,False
pi_cream_A000000178512,트라이하이드록시스테아린,49,False
pi_cream_A000000178512,인도멀구슬나무잎추출물,50,False
pi_cream_A000000178512,인도멀구슬나무꽃추출물,51,False
pi_cream_A000000178512,아이비고드열매추출물,52,False
pi_cream_A000000178512,가지열매추출물,53,False
pi_cream_A000000178512,홀리바질잎추출물,54,False
pi_cream_A000000178512,울금뿌리추출물,55,False
pi_cream_A000000178512,참산호말추출물,56,False
pi_cream_A000000178512,하수오뿌리추출물,57,False
pi_cream_A000000178512,스타아니스추출물,58,False
pi_cream_A000000178512,에틸헥실글리세린,59,False
pi_cream_A000000178512,카프릴릴글라이콜,60,False
pi_cream_A000000178512,"1,2-헥산다이올",61,False
pi_cream_A000000178512,시트릭애씨드,62,False
pi_cream_A000000178512,다이소듐이디티에이,63,False
pi_cream_A000000228257,비타민나무수,1,False
pi_cream_A000000228257,트라넥사믹애씨드,2,False
pi_cream_A000000228257,옥틸도데칸올,3,False
pi_cream_A000000228257,다이프로필렌글라이콜,4,False
pi_cream_A000000228257,글리세린,5,False
pi_cream_A000000228257,"1,2-헥산다이올",6,False
pi_cream_A000000228257,부틸렌글라이콜,7,False
pi_cream_A000000228257,나이아신아마이드,8,False
pi_cream_A000000228257,해바라기씨오일,9,False
pi_cream_A000000228257,카프릴릴메티콘,10,False
pi_cream_A000000228257,세테아릴올리베이트,11,False
pi_cream_A000000228257,솔비탄올리베이트,12,False
pi_cream_A000000228257,폴리메틸실세스퀴옥세인,13,False
pi_cream_A000000228257,폴리글리세릴-10베헤네이트/에이코사디오에이트,14,False
pi_cream_A000000228257,암모늄아크릴로일다이메틸타우레이트/브이피코폴리머,15,False
pi_cream_A000000228257,하이드록시에틸아크릴레이트/소듐아크릴로일다이메틸타우레이트코폴리머,16,False
pi_cream_A000000228257,돌콩오일,17,False
pi_cream_A000000228257,한련초추출물,18,False
pi_cream_A000000228257,에틸헥실글리세린,19,False
pi_cream_A000000228257,정제수,20,False
pi_cream_A000000228257,잔탄검,21,False
pi_cream_A000000228257,솔비탄아이소스테아레이트,22,False
pi_cream_A000000228257,향료,23,False
pi_cream_A000000228257,다이소듐이디티에이,24,False
pi_cream_A000000228257,인도멀구슬나무잎추출물,25,False
pi_cream_A000000228257,아나토씨오일,26,False
pi_cream_A000000228257,드럼스틱씨오일,27,False
pi_cream_A000000228257,토코페롤,28,False
pi_cream_A000000222703,정제수,1,False
pi_cream_A000000222703,스쿠알란,2,False
pi_cream_A000000222703,글리세린,3,False
pi_cream_A000000222703,나이아신아마이드,4,False
pi_cream_A000000222703,펜틸렌글라이콜,5,False
pi_cream_A000000222703,"1,2-헥산다이올",6,False
pi_cream_A000000222703,소듐디엔에이,7,False
pi_cream_A000000222703,하이드롤라이즈드콜라겐,8,False
pi_cream_A000000222703,소듐하이알루로네이트,9,False
pi_cream_A000000222703,인도멀구슬나무잎추출물,10,False
pi_cream_A000000222703,하이드롤라이즈드하이알루로닉애씨드,11,False
pi_cream_A000000222703,인도멀구슬나무꽃추출물,12,False
pi_cream_A000000222703,아이비고드열매추출물,13,False
pi_cream_A000000222703,하이알루로닉애씨드,14,False
pi_cream_A000000222703,알로에베라꽃추출물,15,False
pi_cream_A000000222703,가지열매추출물,16,False
pi_cream_A000000222703,홀리바질잎추출물,17,False
pi_cream_A000000222703,참산호말추출물,18,False
pi_cream_A000000222703,울금뿌리추출물,19,False
pi_cream_A000000222703,병풀잎추출물,20,False
pi_cream_A000000222703,다이페닐실록시페닐트라이메티콘,21,False
pi_cream_A000000222703,피씨에이다이메티콘,22,False
pi_cream_A000000222703,부틸렌글라이콜,23,False
pi_cream_A000000222703,프로판다이올,24,False
pi_cream_A000000222703,암모늄아크릴로일다이메틸타우레이트/브이피코폴리머,25,False
pi_cream_A000000222703,다이글리세린,26,False
pi_cream_A000000222703,하이드록시에틸아크릴레이트/소듐아크릴로일다이메틸타우레이트코폴리머,27,False
pi_cream_A000000222703,아크릴레이트/C10-30알킬아크릴레이트크로스폴리머,28,False
pi_cream_A000000222703,C12-20알킬글루코사이드,29,False
pi_cream_A000000222703,메틸프로판다이올,30,False
pi_cream_A000000222703,에틸헥실글리세린,31,False
pi_cream_A000000222703,아데노신,32,False
pi_cream_A000000222703,소듐파이테이트,33,False
pi_cream_A000000222703,아미노메틸프로판다이올,34,False
pi_cream_A000000222703,피브이엠/엠에이코폴리머,35,False
pi_cream_A000000222703,마데카소사이드,36,False
pi_cream_A000000222703,C12-13알케스-9,37,False
pi_cream_A000000222703,다이메틸실란올하이알루로네이트,38,False
pi_cream_A000000222703,하이드롤라이즈드소듐하이알루로네이트,39,False
pi_cream_A000000222703,아시아티코사이드,40,False
pi_cream_A000000222703,포타슘하이알루로네이트,41,False
pi_cream_A000000222703,하이드록시프로필트라이모늄하이알루로네이트,42,False
pi_cream_A000000222703,소듐하이알루로네이트크로스폴리머,43,False
pi_cream_A000000222703,소듐하이알루로네이트다이메틸실란올,44,False
pi_cream_A000000222703,소듐아세틸레이티드하이알루로네이트,45,False
pi_cream_A000000222703,베헤닐알코올,46,False
pi_cream_A000000222703,C14-22알코올,47,False
pi_cream_A000000222703,카보머,48,False
pi_cream_A000000248200,정제수,1,False
pi_cream_A000000248200,글리세린,2,False
pi_cream_A000000248200,시어버터,3,False
pi_cream_A000000248200,아이소프로필팔미테이트,4,False
pi_cream_A000000248200,판테놀,5,False
pi_cream_A000000248200,스테아릴알코올,6,False
pi_cream_A000000248200,글리세릴스테아레이트시트레이트,7,False
pi_cream_A000000248200,옥틸도데칸올,8,False
pi_cream_A000000248200,하이드로제네이티드코코-글리세라이즈,9,False
pi_cream_A000000248200,카프릴릭/카프릭트라이글리세라이드,10,False
pi_cream_A000000248200,세틸알코올,11,False
pi_cream_A000000248200,부틸렌글라이콜,12,False
pi_cream_A000000248200,하이드록시프로필스타치포스페이트,13,False
pi_cream_A000000248200,베헤닐알코올,14,False
pi_cream_A000000248200,다이메티콘,15,False
pi_cream_A000000248200,토코페롤,16,False
pi_cream_A000000248200,다이스타치포스페이트,17,False
pi_cream_A000000248200,"1,2-헥산다이올",18,False
pi_cream_A000000248200,향료,19,False
pi_cream_A000000248200,페녹시에탄올,20,False
pi_cream_A000000248200,소듐하이알루로네이트,21,False
pi_cream_A000000248200,카프릴릴글라이콜,22,False
pi_cream_A000000248200,트라이소듐이디티에이,23,False
pi_cream_A000000248200,잔탄검,24,False
pi_cream_A000000248200,글리시레티닉애씨드,25,False
pi_cream_A000000248200,돌콩배아추출물,26,False
pi_cream_A000000248200,판토락톤,27,False
pi_cream_A000000248200,시트릭애씨드,28,False
pi_cream_A000000247726,정제수,1,False
pi_cream_A000000247726,프로판다이올,2,False
pi_cream_A000000247726,글리세린,3,False
pi_cream_A000000247726,글리세릴글루코사이드,4,False
pi_cream_A000000247726,"1,2-헥산다이올",5,False
pi_cream_A000000247726,카프릴릭/카프릭트라이글리세라이드,6,False
pi_cream_A000000247726,하이드로제네이티드폴리데센,7,False
pi_cream_A000000247726,나이아신아마이드,8,False
pi_cream_A000000247726,부틸렌글라이콜,9,False
pi_cream_A000000247726,솔비톨,10,False
pi_cream_A000000247726,세테아릴올리베이트,11,False
pi_cream_A000000247726,비닐다이메티콘,12,False
pi_cream_A000000247726,솔비탄올리베이트,13,False
pi_cream_A000000247726,카보머,14,False
pi_cream_A000000247726,칸디다봄비콜라/글루코오스/메틸레이프씨데이트발효물,15,False
pi_cream_A000000247726,해바라기씨오일,16,False
pi_cream_A000000247726,아시아티코사이드,17,False
pi_cream_A000000247726,아시아틱애씨드,18,False
pi_cream_A000000247726,마데카식애씨드,19,False
pi_cream_A000000247726,하이알루로닉애씨드,20,False
pi_cream_A000000247726,하이드롤라이즈드하이알루로닉애씨드,21,False
pi_cream_A000000247726,소듐하이알루로네이트,22,False
pi_cream_A000000247726,다이프로필렌글라이콜,23,False
pi_cream_A000000247726,글리세릴스테아레이트에스이,24,False
pi_cream_A000000247726,하이드로제네이티드레시틴,25,False
pi_cream_A000000247726,트로메타민,26,False
pi_cream_A000000247726,에틸헥실글리세린,27,False
pi_cream_A000000247726,아데노신,28,False
pi_cream_A000000247726,다이소듐이디티에이,29,False
pi_cream_A000000247726,에톡시다이글라이콜*[NMN퍼밍엑스퍼트앰플/증정]정제수,30,False
pi_cream_A000000247726,스쿠알란,33,False
pi_cream_A000000247726,펜타에리스리틸테트라에틸헥사노에이트,34,False
pi_cream_A000000247726,메틸트라이메티콘,35,False
pi_cream_A000000247726,베타인,38,False
pi_cream_A000000247726,니코틴아마이드모노뉴클레오타이드,39,False
pi_cream_A000000247726,메틸프로판다이올,40,False
pi_cream_A000000247726,폴리솔베이트60,41,False
pi_cream_A000000247726,글리세릴스테아레이트,42,False
pi_cream_A000000247726,폴리메틸실세스퀴옥세인,44,False
pi_cream_A000000247726,아라키딜알코올,45,False
pi_cream_A000000247726,C14-22알코올,46,False
pi_cream_A000000247726,베헤닐알코올,48,False
pi_cream_A000000247726,알지닌,49,False
pi_cream_A000000247726,하이드로제네이티드캐스터오일/세바식애씨드코폴리머,50,False
pi_cream_A000000247726,아라키딜글루코사이드,51,False
pi_cream_A000000247726,C12-20알킬글루코사이드,53,False
pi_cream_A000000247726,니코틴아마이드아데닌다이뉴클레오타이드,54,False
pi_cream_A000000247726,알란토인,55,False
pi_cream_A000000247726,판테놀,56,False
pi_cream_A000000247726,카프릴하이드록사믹애씨드,57,False
pi_cream_A000000247726,소듐아크릴레이트/소듐아크릴로일다이메틸타우레이트코폴리머,58,False
pi_cream_A000000247726,폴리아이소부텐,59,False
pi_cream_A000000247726,인도멀구슬나무꽃추출물,61,False
pi_cream_A000000247726,홀리바질잎추출물,63,False
pi_cream_A000000247726,덱스트린,64,False
pi_cream_A000000247726,카카오추출물,65,False
pi_cream_A000000247726,인도멀구슬나무잎추출물,67,False
pi_cream_A000000247726,레몬밤잎추출물,68,False
pi_cream_A000000247726,울금뿌리추출물,69,False
pi_cream_A000000247726,레스베라트롤,70,False
pi_cream_A000000247726,참산호말추출물,72,False
pi_cream_A000000247726,폴리쿼터늄-51,73,False
pi_cream_A000000247726,카프릴릴/카프릴글루코사이드,74,False
pi_cream_A000000247726,솔비탄올리에이트,75,False
pi_cream_A000000247726,소듐아세틸레이티드하이알루로네이트,77,False
pi_cream_A000000247726,폴리솔베이트20,78,False
pi_cream_A000000247726,트라이펩타이드-1,79,False
pi_cream_A000000247726,헥사펩타이드-9,80,False
pi_cream_A000000247726,팔미토일트라이펩타이드-5,81,False
pi_cream_A000000247726,팔미토일펜타펩타이드-4,82,False
pi_cream_A000000247726,팔미토일테트라펩타이드-7,83,False
pi_cream_A000000255499,레몬수,1,False
pi_cream_A000000255499,정제수,2,False
pi_cream_A000000255499,다이프로필렌글라이콜,3,False
pi_cream_A000000255499,트라넥사믹애씨드,4,False
pi_cream_A000000255499,글리세린,5,False
pi_cream_A000000255499,올리브오일,6,False
pi_cream_A000000255499,나이아신아마이드,7,False
pi_cream_A000000255499,"1,2-헥산다이올",8,False
pi_cream_A000000255499,폴리솔베이트60,9,False
pi_cream_A000000255499,트라이에틸헥사노인,10,False
pi_cream_A000000255499,스테아릭애씨드,11,False
pi_cream_A000000255499,티타늄디옥사이드,12,False
pi_cream_A000000255499,카프릴릭/카프릭트라이글리세라이드,13,False
pi_cream_A000000255499,세테아릴알코올,14,False
pi_cream_A000000255499,잇꽃씨오일,15,False
pi_cream_A000000255499,다이메티콘,16,False
pi_cream_A000000255499,수크로오스테트라아이소스테아레이트,17,False
pi_cream_A000000255499,글리세릴스테아레이트,18,False
pi_cream_A000000255499,알부틴,19,False
pi_cream_A000000255499,아크릴레이트/C10-30알킬아크릴레이트크로스폴리머,20,False
pi_cream_A000000255499,폴리글리세릴-4아이소스테아레이트,21,False
pi_cream_A000000255499,폴리글리세릴-4카프레이트,22,False
pi_cream_A000000255499,소듐폴리아크릴로일다이메틸타우레이트,23,False
pi_cream_A000000255499,알지닌,24,False
pi_cream_A000000255499,알란토인,25,False
pi_cream_A000000255499,비사보롤,26,False
pi_cream_A000000255499,하이드록시아세토페논,27,False
pi_cream_A000000255499,하이드로제네이티드폴리데센,28,False
pi_cream_A000000255499,글루코오스,29,False
pi_cream_A000000255499,아데노신,30,False
pi_cream_A000000255499,트라이에톡시카프릴릴실레인,31,False
pi_cream_A000000255499,알루미늄하이드록사이드,32,False
pi_cream_A000000255499,부틸렌글라이콜,33,False
pi_cream_A000000255499,카프릴릴글라이콜,34,False
pi_cream_A000000255499,타마린드씨검,35,False
pi_cream_A000000255499,소듐폴리글루타메이트,36,False
pi_cream_A000000255499,소듐하이알루로네이트,37,False
pi_cream_A000000255499,폴릭애씨드,38,False
pi_cream_A000000255499,아라키딕애씨드,39,False
pi_cream_A000000255499,팔미틱애씨드,40,False
pi_cream_A000000255499,하이드로제네이티드레시틴,41,False
pi_cream_A000000255499,트라이데세스-10,42,False
pi_cream_A000000255499,살리실릭애씨드,43,False
pi_cream_A000000255499,아스코빅애씨드,44,False
pi_cream_A000000255499,올레익애씨드,45,False
pi_cream_A000000255499,하이드록시데실유비퀴논,46,False
pi_cream_A000000255499,베타-글루칸,47,False
pi_cream_A000000255499,에틸헥실글리세린,48,False
pi_cream_A000000255499,디엔에이,49,False
pi_cream_A000000255499,페녹시에탄올,50,False
pi_cream_A000000255499,마카다미아씨추출물,51,False
pi_cream_A000000255499,블랙커민씨추출물,52,False
pi_cream_A000000255499,멕시칸치아씨추출물,53,False
pi_cream_A000000255499,드럼스틱씨추출물,54,False
pi_cream_A000000255499,잇꽃씨추출물,55,False
pi_cream_A000000255499,마데카소사이드,56,False
pi_cream_A000000255499,아시아티코사이드,57,False
pi_cream_A000000255499,아시아틱애씨드,58,False
pi_cream_A000000255499,마데카식애씨드,59,False
pi_cream_A000000255499,카보머,60,False
pi_cream_A000000255499,포타슘솔베이트,61,False
pi_cream_A000000255499,소듐메타바이설파이트,62,False
pi_cream_A000000255499,바이오틴,63,False
pi_toner_A000000245794,정제수,1,False
pi_toner_A000000245794,프로필렌글라이콜,2,False
pi_toner_A000000245794,나이아신아마이드,3,False
pi_toner_A000000245794,펜틸렌글라이콜,4,False
pi_toner_A000000245794,글리세린,5,False
pi_toner_A000000245794,살리실릭애씨드,6,False
pi_toner_A000000245794,흰버드나무껍질추출물,7,False
pi_toner_A000000245794,피이지/피피지-17/6코폴리머,8,False
pi_toner_A000000245794,폴리솔베이트20,9,False
pi_toner_A000000245794,비스-피이지-18메틸에터다이메틸실레인,10,False
pi_toner_A000000245794,소듐파이테이트,11,False
pi_toner_A000000245794,10-하이드록시데카노익애씨드,12,False
pi_toner_A000000245794,알란토인,13,False
pi_toner_A000000245794,다이포타슘글리시리제이트,14,False
pi_toner_A000000245794,카프릴릴글라이콜,15,False
pi_toner_A000000245794,페녹시에탄올,16,False
pi_toner_A000000245794,클로페네신,17,False
pi_toner_A000000245794,소듐하이드록사이드,18,False
pi_toner_A000000245794,"1,2-헥산다이올",19,False
pi_toner_A000000245794,소듐하이알루로네이트,20,False
pi_toner_A000000245794,비에이치티,21,False
pi_toner_A000000256045,정제수,1,False
pi_toner_A000000256045,부틸렌글라이콜,2,False
pi_toner_A000000256045,다이프로필렌글라이콜,3,False
pi_toner_A000000256045,"1,2-헥산다이올",4,False
pi_toner_A000000256045,글리세린,5,False
pi_toner_A000000256045,베타인,6,False
pi_toner_A000000256045,알란토인,7,False
pi_toner_A000000256045,판테놀,8,False
pi_toner_A000000256045,소듐하이알루로네이트크로스폴리머,9,False
pi_toner_A000000256045,소듐하이알루로네이트,10,False
pi_toner_A000000256045,소듐아세틸레이티드하이알루로네이트,11,False
pi_toner_A000000256045,하이드롤라이즈드소듐하이알루로네이트,12,False
pi_toner_A000000256045,하이드롤라이즈드하이알루로닉애씨드,13,False
pi_toner_A000000256045,엑토인,14,False
pi_toner_A000000256045,창과감초뿌리추출물,15,False
pi_toner_A000000256045,"2,3-부탄다이올",16,False
pi_toner_A000000256045,쇠비름추출물,17,False
pi_toner_A000000256045,트레할로오스,18,False
pi_toner_A000000256045,알지닌,19,False
pi_toner_A000000256045,펜틸렌글라이콜,20,False
pi_toner_A000000256045,말라카이트추출물,21,False
pi_toner_A000000256045,다이소듐이디티에이,22,False
pi_toner_A000000256045,에틸헥실글리세린,23,False
pi_toner_A000000189181,정제수,1,False
pi_toner_A000000189181,다이프로필렌글라이콜,2,False
pi_toner_A000000189181,"1,2-헥산다이올",3,False
pi_toner_A000000189181,부틸렌글라이콜,4,False
pi_toner_A000000189181,티트리추출물,5,False
pi_toner_A000000189181,티트리잎수,6,False
pi_toner_A000000189181,베타인,7,False
pi_toner_A000000189181,판테놀,8,False
pi_toner_A000000189181,티트리잎추출물,9,False
pi_toner_A000000189181,옥틸도데세스-16,10,False
pi_toner_A000000189181,소듐시트레이트,11,False
pi_toner_A000000189181,시트릭애씨드,12,False
pi_toner_A000000189181,티트리잎오일,13,False
pi_toner_A000000189181,티트리꽃/잎/줄기추출물,14,False
pi_toner_A000000189181,베타인살리실레이트,15,False
pi_toner_A000000189181,병풀추출물,16,False
pi_toner_A000000189181,잔탄검,17,False
pi_toner_A000000258833,정제수,1,False
pi_toner_A000000258833,부틸렌글라이콜,2,False
pi_toner_A000000258833,글리세린,3,False
pi_toner_A000000258833,프로필렌글라이콜,4,False
pi_toner_A000000258833,"1,2-헥산다이올",5,False
pi_toner_A000000258833,글루코노락톤,6,False
pi_toner_A000000258833,에틸헥실글리세린,7,False
pi_toner_A000000258833,칼슘클로라이드,8,False
pi_toner_A000000258833,만니톨,9,False
pi_toner_A000000258833,셀룰로오스,10,False
pi_toner_A000000258833,셀룰로오스검,11,False
pi_toner_A000000258833,트로메타민,12,False
pi_toner_A000000258833,세틸-피지하이드록시에틸팔미타마이드,13,False
pi_toner_A000000258833,스테아릭애씨드,14,False
pi_toner_A000000258833,젤란검,15,False
pi_toner_A000000258833,소듐시트레이트,16,False
pi_toner_A000000258833,소듐글루코네이트,17,False
pi_toner_A000000258833,벤조익애씨드,18,False
pi_toner_A000000258833,세라마이드엔피,19,False
pi_toner_A000000258833,하이드로제네이티드레시틴,20,False
pi_toner_A000000258833,소듐벤조에이트,21,False
pi_toner_A000000258833,실리카,22,False
pi_toner_A000000258833,콜레스테롤,23,False
pi_toner_A000000258833,스핑고리피드,24,False
pi_toner_A000000258833,소듐하이알루로네이트,25,False
pi_toner_A000000258833,하이드록시프로필메틸셀룰로오스,26,False
pi_toner_A000000258833,토코페롤,27,False
pi_toner_A000000255328,약모밀꽃/잎/줄기수,1,False
pi_toner_A000000255328,정제수,2,False
pi_toner_A000000255328,"1,2-헥산다이올",3,False
pi_toner_A000000255328,글리세린,4,False
pi_toner_A000000255328,글리세레스-26,5,False
pi_toner_A000000255328,베타인,6,False
pi_toner_A000000255328,펜틸렌글라이콜,7,False
pi_toner_A000000255328,소듐시트레이트,8,False
pi_toner_A000000255328,아이소펜틸다이올,9,False
pi_toner_A000000255328,에틸헥실글리세린,10,False
pi_toner_A000000255328,다이포타슘글리시리제이트,11,False
pi_toner_A000000255328,시트릭애씨드,12,False
pi_toner_A000000255328,아크릴레이트/C10-30알킬아크릴레이트크로스폴리머,13,False
pi_toner_A000000255328,트로메타민,14,False
pi_toner_A000000255328,판테놀,15,False
pi_toner_A000000255328,소듐파이테이트,16,False
pi_toner_A000000255328,알란토인,17,False
pi_toner_A000000255328,소듐하이알루로네이트,18,False
pi_toner_A000000255328,약모밀소포,19,False
pi_toner_A000000255328,하이드롤라이즈드소듐하이알루로네이트,20,False
pi_toner_A000000255328,징크피씨에이,21,False
pi_toner_A000000255328,하이드록시프로필트라이모늄하이알루로네이트,22,False
pi_toner_A000000255328,락토바실러스발효물,23,False
pi_toner_A000000255328,소듐아세틸레이티드하이알루로네이트,24,False
pi_toner_A000000255328,하이드롤라이즈드하이알루로닉애씨드,25,False
pi_toner_A000000255328,아이소쿼시트린,26,False
pi_toner_A000000255328,쿼세틴,27,False
pi_toner_A000000255328,하이알루로닉애씨드,28,False
pi_toner_A000000255328,소듐하이알루로네이트크로스폴리머,29,False
pi_toner_A000000255328,포타슘하이알루로네이트[크림]약모밀꽃/잎/줄기수,30,False
pi_toner_A000000255328,나이아신아마이드,31,False
pi_toner_A000000255328,다이프로필렌글라이콜,35,False
pi_toner_A000000255328,부틸렌글라이콜,36,False
pi_toner_A000000255328,프로판다이올,39,False
pi_toner_A000000255328,트레할로오스,40,False
pi_toner_A000000255328,잔탄검,43,False
pi_toner_A000000255328,스핑고모나스발효추출물,44,False
pi_toner_A000000255328,하이드록시프로필사이클로덱스트린,47,False
pi_toner_A000000255328,아데노신,48,False
pi_toner_A000000255328,다이소듐이디티에이,49,False
pi_toner_A000000255328,글리세릴아크릴레이트/아크릴릭애씨드코폴리머,51,False
pi_toner_A000000255328,글루코노락톤,52,False
pi_toner_A000000255328,도코사헥사에노익애씨드,53,False
pi_toner_A000000255328,토코페롤,54,False
pi_toner_A000000255328,피리독신에이치씨엘,56,False
pi_toner_A000000255328,카프릴로일살리실릭애씨드,57,False
pi_toner_A000000190395,정제수,1,False
pi_toner_A000000190395,"1,2-헥산다이올",2,False
pi_toner_A000000190395,다이프로필렌글라이콜,3,False
pi_toner_A000000190395,프로판다이올,4,False
pi_toner_A000000190395,부틸렌글라이콜,5,False
pi_toner_A000000190395,글리세린,6,False
pi_toner_A000000190395,감초뿌리추출물,7,False
pi_toner_A000000190395,약모밀추출물,8,False
pi_toner_A000000190395,카보머,9,False
pi_toner_A000000190395,병풀추출물,10,False
pi_toner_A000000190395,하이드록시에틸셀룰로오스,11,False
pi_toner_A000000190395,알지닌,12,False
pi_toner_A000000190395,알란토인,13,False
pi_toner_A000000190395,다이소듐이디티에이,14,False
pi_toner_A000000190395,하수오전초추출물,15,False
pi_toner_A000000190395,베타인,16,False
pi_toner_A000000190395,히아신스전초추출물,17,False
pi_toner_A000000190395,판테놀,18,False
pi_toner_A000000190395,알바수련꽃추출물,19,False
pi_toner_A000000255246,정제수,1,False
pi_toner_A000000255246,부틸렌글라이콜,2,False
pi_toner_A000000255246,글리세린,3,False
pi_toner_A000000255246,펜틸렌글라이콜,4,False
pi_toner_A000000255246,프로판다이올,5,False
pi_toner_A000000255246,아이리쉬모스추출물,6,False
pi_toner_A000000255246,사탕수수추출물,7,False
pi_toner_A000000255246,해수,8,False
pi_toner_A000000255246,"1,2-헥산다이올",9,False
pi_toner_A000000255246,프로테아제,10,False
pi_toner_A000000255246,베타인,11,False
pi_toner_A000000255246,판테놀,12,False
pi_toner_A000000255246,에틸헥실글리세린,13,False
pi_toner_A000000255246,알란토인,14,False
pi_toner_A000000255246,잔탄검,15,False
pi_toner_A000000255246,다이소듐이디티에이,16,False
pi_toner_A000000255290,정제수,1,False
pi_toner_A000000255290,약모밀추출물,2,False
pi_toner_A000000255290,부틸렌글라이콜,3,False
pi_toner_A000000255290,"1,2-헥산다이올",4,False
pi_toner_A000000255290,나이아신아마이드,5,False
pi_toner_A000000255290,글리세린,6,False
pi_toner_A000000255290,판테놀,7,False
pi_toner_A000000255290,카보머,8,False
pi_toner_A000000255290,알지닌,9,False
pi_toner_A000000255290,글루코노락톤,10,False
pi_toner_A000000255290,다이포타슘글리시리제이트,11,False
pi_toner_A000000255290,아데노신,12,False
pi_toner_A000000255290,다이소듐이디티에이,13,False
pi_toner_A000000255290,하이알루로닉애씨드,14,False
pi_toner_A000000255290,녹차추출물,15,False
pi_toner_A000000255290,병풀추출물,16,False
pi_toner_A000000255290,파파야열매추출물,17,False
pi_toner_A000000255290,매실추출물,18,False
pi_toner_A000000255290,사과추출물,19,False
pi_toner_A000000255290,포도추출물,20,False
pi_toner_A000000255290,데실글루코사이드,21,False
pi_toner_A000000255290,시트릭애씨드,22,False
pi_toner_A000000255290,티트리잎추출물,23,False
pi_toner_A000000255290,살리실릭애씨드,24,False
pi_toner_A000000255290,에틸헥실글리세린,25,False
pi_toner_A000000255290,병풀잎추출물,26,False
pi_toner_A000000255290,오카무라큰실말추출물,27,False
pi_toner_A000000255290,흰버드나무껍질추출물,28,False
pi_toner_A000000255290,징크피씨에이,29,False
pi_toner_A000000255290,4-터피네올,30,False
pi_toner_A000000255290,커피콩추출물,31,False
pi_toner_A000000255290,마데카소사이드,32,False
pi_toner_A000000255290,마데카식애씨드,33,False
pi_toner_A000000255290,아시아티코사이드,34,False
pi_toner_A000000255290,아시아틱애씨드,35,False
pi_toner_A000000255290,베르가모트잎추출물,36,False
pi_toner_A000000255290,소나무잎추출물,37,False
pi_toner_A000000255290,소듐디엔에이,38,False
pi_toner_A000000004434,정제수,1,False
pi_toner_A000000004434,글리세린,2,False
pi_toner_A000000004434,폴리솔베이트20,3,False
pi_toner_A000000004434,다이소듐이디티에이,4,False
pi_toner_A000000004434,세트리모늄브로마이드,5,False
pi_toner_A000000004434,나이아신아마이드,6,False
pi_toner_A000000004434,자일리톨,7,False
pi_toner_A000000004434,알란토인,8,False
pi_toner_A000000004434,프룩토올리고사카라이드,9,False
pi_toner_A000000004434,만니톨,10,False
pi_toner_A000000004434,헥실데칸올,11,False
pi_toner_A000000004434,소듐하이드록사이드,12,False
pi_toner_A000000004434,시트릭애씨드,13,False
pi_toner_A000000004434,람노오스,14,False
pi_toner_A000000004434,사과씨추출물,15,False
pi_toner_A000000004434,유채스테롤,16,False
pi_toner_A000000004434,토코페롤,17,False
pi_toner_A000000004434,향료료,18,False
pi_toner_A000000213171,토너정제수,1,False
pi_toner_A000000213171,다이프로필렌글라이콜,2,False
pi_toner_A000000213171,부틸렌글라이콜,3,False
pi_toner_A000000213171,글리세린,4,False
pi_toner_A000000213171,"1,2-헥산다이올",5,False
pi_toner_A000000213171,베타인,6,False
pi_toner_A000000213171,판테놀,7,False
pi_toner_A000000213171,알란토인,8,False
pi_toner_A000000213171,파파야열매추출물,9,False
pi_toner_A000000213171,글루코노락톤,10,False
pi_toner_A000000213171,자일리틸글루코사이드,11,False
pi_toner_A000000213171,안하이드로자일리톨,12,False
pi_toner_A000000213171,자일리톨,13,False
pi_toner_A000000213171,소듐하이알루로네이트,14,False
pi_toner_A000000213171,글루코오스,15,False
pi_toner_A000000213171,파파인,16,False
pi_toner_A000000213171,하이드록시프로필트라이모늄하이알루로네이트,17,False
pi_toner_A000000213171,소듐아세틸레이티드하이알루로네이트,18,False
pi_toner_A000000213171,하이드롤라이즈드하이알루로닉애씨드,19,False
pi_toner_A000000213171,하이알루로닉애씨드,20,False
pi_toner_A000000213171,하이드롤라이즈드소듐하이알루로네이트,21,False
pi_toner_A000000213171,소듐하이알루로네이트크로스폴리머,22,False
pi_toner_A000000213171,포타슘하이알루로네이트,23,False
pi_toner_A000000213171,글리세릴아크릴레이트/아크릴릭애씨드코폴리머,24,False
pi_toner_A000000213171,피브이엠/엠에이코폴리머*젤크림정제수,25,False
pi_toner_A000000213171,블루아가베잎추출물,29,False
pi_toner_A000000213171,알지닌,39,False
pi_toner_A000000213171,메틸트라이메티콘,40,False
pi_toner_A000000213171,에틸헥실글리세린,41,False
pi_toner_A000000213171,암모늄아크릴로일다이메틸타우레이트/브이피코폴리머,42,False
pi_toner_A000000213171,하이드록시에틸아크릴레이트/소듐아크릴로일다이메틸타우레이트코폴리머,43,False
pi_toner_A000000213171,아크릴레이트/C10-30알킬아크릴레이트크로스폴리머,44,False
pi_toner_A000000213171,하이드로제네이티드폴리(C6-14올레핀),45,False
pi_toner_A000000213171,메틸다이아이소프로필프로피온아마이드,46,False
pi_toner_A000000213171,다이메티콘/비닐다이메티콘크로스폴리머,47,False
pi_toner_A000000213171,솔비탄아이소스테아레이트,48,False
pi_toner_A000000213171,다이소듐이디티에이,49,False
pi_toner_A000000146589,정제수,1,False
pi_toner_A000000146589,글리세린,2,False
pi_toner_A000000146589,부틸렌글라이콜,3,False
pi_toner_A000000146589,펜틸렌글라이콜,4,False
pi_toner_A000000146589,베타인,5,False
pi_toner_A000000146589,"1,2-헥산다이올",6,False
pi_toner_A000000146589,자일리톨,7,False
pi_toner_A000000146589,약모밀추출물,8,False
pi_toner_A000000146589,판테놀,9,False
pi_toner_A000000146589,에틸헥실글리세린,10,False
pi_toner_A000000146589,소듐하이알루로네이트,11,False
pi_toner_A000000146589,비피다발효용해물,12,False
pi_toner_A000000146589,돌콩추출물,13,False
pi_toner_A000000146589,다이소듐이디티에이,14,False
pi_toner_A000000146589,하이드롤라이즈드하이알루로닉애씨드,15,False
pi_toner_A000000146589,잔탄검,16,False
pi_toner_A000000146589,옥탄다이올,17,False
pi_toner_A000000146589,병풀추출물,18,False
pi_toner_A000000146589,토코페롤,19,False
pi_toner_A000000146589,허니서클꽃추출물,20,False
pi_toner_A000000146589,황금추출물,21,False
pi_toner_A000000146589,바이오사카라이드검-4,22,False
pi_toner_A000000146589,파스향나무잎추출물,23,False
pi_toner_A000000207054,정제수,1,False
pi_toner_A000000207054,부틸렌글라이콜,2,False
pi_toner_A000000207054,"1,2-헥산다이올",3,False
pi_toner_A000000207054,글리세린,4,False
pi_toner_A000000207054,베타-글루칸,5,False
pi_toner_A000000207054,베타인,6,False
pi_toner_A000000207054,소듐하이알루로네이트,7,False
pi_toner_A000000207054,판테놀,8,False
pi_toner_A000000207054,솔비톨,9,False
pi_toner_A000000207054,아세틸글루코사민,10,False
pi_toner_A000000207054,글루쿠로닉애씨드,11,False
pi_toner_A000000207054,알란토인,12,False
pi_toner_A000000207054,토코페롤,13,False
pi_toner_A000000207054,에틸헥실글리세린,14,False
pi_toner_A000000207054,다이소듐이디티에이,15,False
pi_toner_A000000211003,정제수,1,False
pi_toner_A000000211003,부틸렌글라이콜,2,False
pi_toner_A000000211003,글리세린,3,False
pi_toner_A000000211003,메도우폼씨오일,4,False
pi_toner_A000000211003,아이소펜틸다이올,5,False
pi_toner_A000000211003,"1,2-헥산다이올",6,False
pi_toner_A000000211003,스쿠알란,7,False
pi_toner_A000000211003,폴리글리세릴-10스테아레이트,8,False
pi_toner_A000000211003,글리세릴스테아레이트시트레이트,9,False
pi_toner_A000000211003,소듐스테아로일글루타메이트,10,False
pi_toner_A000000211003,이눌린라우릴카바메이트,11,False
pi_toner_A000000211003,글리세릴카프릴레이트,12,False
pi_toner_A000000211003,에틸헥실글리세린,13,False
pi_toner_A000000211003,프로판다이올,14,False
pi_toner_A000000211003,다이소듐이디티에이,15,False
pi_toner_A000000211003,카보머,16,False
pi_toner_A000000211003,만니톨,17,False
pi_toner_A000000211003,아크릴레이트/스테아릴메타크릴레이트코폴리머,18,False
pi_toner_A000000211003,흰목이버섯포자낭과추출물,19,False
pi_toner_A000000211003,하이알루로닉애씨드,20,False
pi_toner_A000000211003,녹차추출물,21,False
pi_toner_A000000211003,잔탄검,22,False
pi_toner_A000000211003,세라마이드엔피,23,False
pi_toner_A000000211003,동백나무꽃추출물,24,False
pi_toner_A000000211003,토코페롤,25,False
pi_toner_A000000211003,아세틸테트라펩타이드-11,26,False
pi_toner_A000000229456,정제수,1,False
pi_toner_A000000229456,부틸렌글라이콜,2,False
pi_toner_A000000229456,글리세린,3,False
pi_toner_A000000229456,"1,2-헥산다이올",4,False
pi_toner_A000000229456,나이아신아마이드,5,False
pi_toner_A000000229456,판테놀,6,False
pi_toner_A000000229456,자일리톨,7,False
pi_toner_A000000229456,폴리글리세릴-10라우레이트,8,False
pi_toner_A000000229456,프로판다이올,9,False
pi_toner_A000000229456,베타인,10,False
pi_toner_A000000229456,트레할로오스,11,False
pi_toner_A000000229456,에틸헥실글리세린,12,False
pi_toner_A000000229456,아데노신,13,False
pi_toner_A000000229456,알지닌,14,False
pi_toner_A000000229456,카보머,15,False
pi_toner_A000000229456,다이소듐이디티에이,16,False
pi_toner_A000000229456,알란토인,17,False
pi_toner_A000000229456,유칼립투스잎오일,18,False
pi_toner_A000000229456,락토바실러스발효용해물,19,False
pi_toner_A000000229456,서양민들레잎추출물,20,False
pi_toner_A000000229456,하이드롤라이즈드레시틴,21,False
pi_toner_A000000229456,카프릴릴/카프릴트라이글리세라이드,22,False
pi_toner_A000000229456,펜틸렌글라이콜,23,False
pi_toner_A000000229456,황금추출물,24,False
pi_toner_A000000229456,피토스핑고신,25,False
pi_toner_A000000229456,사이클로덱스트린,26,False
pi_toner_A000000229456,유칼립투스잎추출물,27,False
pi_toner_A000000229456,알로에베라잎추출물,28,False
pi_toner_A000000229456,레몬그라스추출물,29,False
pi_toner_A000000229456,로즈힙추출물,30,False
pi_toner_A000000229456,잔탄검,31,False
pi_toner_A000000229456,에리스리톨,32,False
pi_toner_A000000229456,하이드롤라이즈드완두콩단백질,33,False
pi_toner_A000000229456,카프릴릴글라이콜,34,False
pi_toner_A000000229456,폴리글리세릴-10스테아레이트,35,False
pi_toner_A000000229456,스쿠알란,36,False
pi_toner_A000000229456,폴라지닌,37,False
pi_toner_A000000229456,세라마이드엔피,38,False
pi_toner_A000000229456,스테아릭애씨드,39,False
pi_toner_A000000157178,정제수,1,False
pi_toner_A000000157178,글리세린,2,False
pi_toner_A000000157178,프로판다이올,3,False
pi_toner_A000000157178,글리세레스-26,4,False
pi_toner_A000000157178,펜틸렌글라이콜,5,False
pi_toner_A000000157178,자작나무수액,6,False
pi_toner_A000000157178,"1,2-헥산다이올",7,False
pi_toner_A000000157178,아이리쉬모스추출물,8,False
pi_toner_A000000157178,사탕수수추출물,9,False
pi_toner_A000000157178,소듐하이알루로네이트,10,False
pi_toner_A000000157178,하이알루로닉애씨드,11,False
pi_toner_A000000157178,판테놀,12,False
pi_toner_A000000157178,트로메타민,13,False
pi_toner_A000000157178,다이포타슘글리시리제이트,14,False
pi_toner_A000000157178,글리세릴카프릴레이트,15,False
pi_toner_A000000157178,글리세릴글루코사이드,16,False
pi_toner_A000000157178,부틸렌글라이콜,17,False
pi_toner_A000000157178,아스코빅애씨드,18,False
pi_toner_A000000157178,카보머,19,False
pi_toner_A000000157178,잔탄검,20,False
pi_toner_A000000157178,다이소듐이디티에이,21,False
pi_toner_A000000137180,정제수,1,False
pi_toner_A000000137180,부틸렌글라이콜,2,False
pi_toner_A000000137180,글리세린,3,False
pi_toner_A000000137180,펜틸렌글라이콜,4,False
pi_toner_A000000137180,프로판다이올,5,False
pi_toner_A000000137180,아이리쉬모스추출물,6,False
pi_toner_A000000137180,사탕수수추출물,7,False
pi_toner_A000000137180,해수,8,False
pi_toner_A000000137180,"1,2-헥산다이올",9,False
pi_toner_A000000137180,프로테아제,10,False
pi_toner_A000000137180,베타인,11,False
pi_toner_A000000137180,판테놀,12,False
pi_toner_A000000137180,에틸헥실글리세린,13,False
pi_toner_A000000137180,알란토인,14,False
pi_toner_A000000137180,잔탄검,15,False
pi_toner_A000000137180,다이소듐이디티에이,16,False
pi_toner_A000000231891,정제수,1,False
pi_toner_A000000231891,부틸렌글라이콜,2,False
pi_toner_A000000231891,글리세린,3,False
pi_toner_A000000231891,펜틸렌글라이콜,4,False
pi_toner_A000000231891,프로판다이올,5,False
pi_toner_A000000231891,사탕수수추출물,6,False
pi_toner_A000000231891,자일리틸글루코사이드,7,False
pi_toner_A000000231891,돌콩추출물,8,False
pi_toner_A000000231891,말라카이트추출물,9,False
pi_toner_A000000231891,자일리톨,10,False
pi_toner_A000000231891,인도멀구슬나무잎추출물,11,False
pi_toner_A000000231891,백미꽃추출물,12,False
pi_toner_A000000231891,인도멀구슬나무꽃추출물,13,False
pi_toner_A000000231891,아이비고드열매추출물,14,False
pi_toner_A000000231891,접시꽃추출물,15,False
pi_toner_A000000231891,알로에베라꽃추출물,16,False
pi_toner_A000000231891,하이드롤라이즈드하이알루로닉애씨드,17,False
pi_toner_A000000231891,가지열매추출물,18,False
pi_toner_A000000231891,홀리바질잎추출물,19,False
pi_toner_A000000231891,참산호말추출물,20,False
pi_toner_A000000231891,울금뿌리추출물,21,False
pi_toner_A000000231891,"1,2-헥산다이올",22,False
pi_toner_A000000231891,베타인,23,False
pi_toner_A000000231891,하이드록시아세토페논,24,False
pi_toner_A000000231891,판테놀,25,False
pi_toner_A000000231891,에틸헥실글리세린,26,False
pi_toner_A000000231891,안하이드로자일리톨,27,False
pi_toner_A000000231891,알란토인,28,False
pi_toner_A000000231891,소듐디엔에이,29,False
pi_toner_A000000231891,다이프로필렌글라이콜,30,False
pi_toner_A000000231891,옥탄다이올,31,False
pi_toner_A000000231891,포스파티딜콜린,32,False
pi_toner_A000000231891,토코페롤,33,False
pi_toner_A000000231891,하이알루로닉애씨드/하이드롤라이즈드콜라겐크로스폴리머,34,False
pi_toner_A000000231891,C12-13알케스-9,35,False
pi_toner_A000000231891,다이포타슘포스페이트,36,False
pi_toner_A000000231891,아세틸글루타민,37,False
pi_toner_A000000231891,카퍼트라이펩타이드-1,38,False
pi_toner_A000000231891,셀룰로오스검,39,False
pi_toner_A000000231891,다이소듐이디티에이,40,False
pi_toner_A000000231891,잔탄검,41,False
pi_toner_A000000218549,정제수,1,False
pi_toner_A000000218549,부틸렌글라이콜,2,False
pi_toner_A000000218549,글리세린,3,False
pi_toner_A000000218549,나이아신아마이드,4,False
pi_toner_A000000218549,"1,2-헥산다이올",5,False
pi_toner_A000000218549,글루코노락톤,6,False
pi_toner_A000000218549,트로메타민,7,False
pi_toner_A000000218549,잔탄검,8,False
pi_toner_A000000218549,에틸헥실글리세린,9,False
pi_toner_A000000218549,레시틴,10,False
pi_toner_A000000218549,소듐메타포스페이트,11,False
pi_toner_A000000218549,폴리글리세릴-10올리에이트,12,False
pi_toner_A000000218549,소듐하이알루로네이트,13,False
pi_toner_A000000218549,3-O-에틸아스코빅애씨드,14,False
pi_toner_A000000218549,징크피씨에이,15,False
pi_toner_A000000218549,폴리글리세릴-4카프레이트,16,False
pi_toner_A000000218549,아시아티코사이드,17,False
pi_toner_A000000218549,마데카식애씨드,18,False
pi_toner_A000000218549,글리세릴카프릴레이트,19,False
pi_toner_A000000218549,아시아틱애씨드,20,False
pi_toner_A000000218549,마데카소사이드,21,False
pi_toner_A000000218549,소듐트라이메타포스페이트,22,False
pi_toner_A000000218549,프로필렌글라이콜,23,False
pi_toner_A000000218549,토코페롤,24,False
pi_toner_A000000218549,쌀겨오일,25,False
pi_toner_A000000159921,정제수글리세린프로판다이올판테놀펜틸렌글라이콜소듐시트레이트만노오스마데카소사이드망가니즈글루코네이트소듐클로라이드코코-베타인카퍼글루코네이트카프릴릴글라이콜시트릭애씨드트라이소듐에틸렌다이아민다이석시네이트,1,False
pi_toner_A000000188990,정제수,1,False
pi_toner_A000000188990,다이프로필렌글라이콜,2,False
pi_toner_A000000188990,"1,2-헥산다이올",3,False
pi_toner_A000000188990,부틸렌글라이콜,4,False
pi_toner_A000000188990,티트리추출물,5,False
pi_toner_A000000188990,티트리잎수,6,False
pi_toner_A000000188990,베타인,7,False
pi_toner_A000000188990,판테놀,8,False
pi_toner_A000000188990,티트리잎추출물,9,False
pi_toner_A000000188990,옥틸도데세스-16,10,False
pi_toner_A000000188990,소듐시트레이트,11,False
pi_toner_A000000188990,시트릭애씨드,12,False
pi_toner_A000000188990,티트리잎오일,13,False
pi_toner_A000000188990,티트리꽃/잎/줄기추출물,14,False
pi_toner_A000000188990,베타인살리실레이트,15,False
pi_toner_A000000188990,병풀추출물,16,False
pi_toner_A000000188990,잔탄검/[크림]정제수,17,False
pi_toner_A000000188990,스쿠알란,19,False
pi_toner_A000000188990,프로판다이올,21,False
pi_toner_A000000188990,나이아신아마이드,23,False
pi_toner_A000000188990,펜틸렌글라이콜,24,False
pi_toner_A000000188990,폴리글리세릴-3메틸글루코오스다이스테아레이트,25,False
pi_toner_A000000188990,다이글리세린,26,False
pi_toner_A000000188990,하이드록시에틸아크릴레이트/소듐아크릴로일다이메틸타우레이트코폴리머,32,False
pi_toner_A000000188990,폴리메틸실세스퀴옥세인,33,False
pi_toner_A000000188990,아크릴레이트/C10-30알킬아크릴레이트크로스폴리머,34,False
pi_toner_A000000188990,트로메타민,35,False
pi_toner_A000000188990,솔비탄아이소스테아레이트,36,False
pi_toner_A000000188990,마데카소사이드,37,False
pi_toner_A000000188990,토코페롤,38,False
pi_toner_A000000188990,에틸헥실글리세린,39,False
pi_toner_A000000246774,정제수,1,False
pi_toner_A000000246774,부틸렌글라이콜,2,False
pi_toner_A000000246774,글리세린,3,False
pi_toner_A000000246774,펜틸렌글라이콜,4,False
pi_toner_A000000246774,프로판다이올,5,False
pi_toner_A000000246774,아이리쉬모스추출물,6,False
pi_toner_A000000246774,사탕수수추출물,7,False
pi_toner_A000000246774,해수,8,False
pi_toner_A000000246774,"1,2-헥산다이올",9,False
pi_toner_A000000246774,프로테아제,10,False
pi_toner_A000000246774,베타인,11,False
pi_toner_A000000246774,판테놀,12,False
pi_toner_A000000246774,에틸헥실글리세린,13,False
pi_toner_A000000246774,알란토인,14,False
pi_toner_A000000246774,잔탄검,15,False
pi_toner_A000000246774,다이소듐이디티에이,16,False
pi_toner_A000000258792,정제수,1,False
pi_toner_A000000258792,다이프로필렌글라이콜,2,False
pi_toner_A000000258792,글리세린,3,False
pi_toner_A000000258792,펜타에리스리틸테트라아이소스테아레이트,4,False
pi_toner_A000000258792,프로판다이올,5,False
pi_toner_A000000258792,폴리글리세린-3,6,False
pi_toner_A000000258792,마카다미아씨오일,7,False
pi_toner_A000000258792,하이드록시아세토페논,8,False
pi_toner_A000000258792,하이드록시에틸아크릴레이트/소듐아크릴로일다이메틸타우레이트코폴리머,9,False
pi_toner_A000000258792,하이드로제네이티드폴리(C6-14올레핀),10,False
pi_toner_A000000258792,하이드로제네이티드폴리데센,11,False
pi_toner_A000000258792,에틸헥실글리세린,12,False
pi_toner_A000000258792,알란토인,13,False
pi_toner_A000000258792,스타이렌/브이피코폴리머,14,False
pi_toner_A000000258792,판테놀,15,False
pi_toner_A000000258792,아크릴레이트/C10-30알킬아크릴레이트크로스폴리머,16,False
pi_toner_A000000258792,트로메타민,17,False
pi_toner_A000000258792,리모넨,18,False
pi_toner_A000000258792,소듐파이테이트,19,False
pi_toner_A000000258792,리날룰,20,False
pi_toner_A000000258792,폴리솔베이트60,21,False
pi_toner_A000000258792,솔비탄아이소스테아레이트,22,False
pi_toner_A000000258792,라반딘오일,23,False
pi_toner_A000000258792,센티드제라늄꽃오일,24,False
pi_toner_A000000258792,멕시칸주니퍼오일,25,False
pi_toner_A000000258792,아이소펜틸다이올,26,False
pi_toner_A000000258792,라벤더오일,27,False
pi_toner_A000000258792,부틸렌글라이콜,28,False
pi_toner_A000000258792,병풀추출물,29,False
pi_toner_A000000258792,레몬껍질오일,30,False
pi_toner_A000000258792,폴리글리세릴-4올리에이트,31,False
pi_toner_A000000258792,세라마이드엔피,32,False
pi_toner_A000000258792,수크로오스팔미테이트,33,False
pi_toner_A000000258792,"1,2-헥산다이올[세라마이드모찌수분크림]정제수",34,False
pi_toner_A000000258792,다이글리세린,36,False
pi_toner_A000000258792,에틸헥실팔미테이트,37,False
pi_toner_A000000258792,베헤닐알코올,38,False
pi_toner_A000000258792,피토스테릴/옥틸도데실라우로일글루타메이트,39,False
pi_toner_A000000258792,소듐폴리아크릴레이트,40,False
pi_toner_A000000258792,스테아릴알코올,41,False
pi_toner_A000000258792,에틸헥실스테아레이트,42,False
pi_toner_A000000258792,폴리글리세릴-10라우레이트,43,False
pi_toner_A000000258792,카보머,46,False
pi_toner_A000000258792,잔탄검,50,False
pi_toner_A000000258792,트라이데세스-6,51,False
pi_toner_A000000258792,다이소듐이디티에이,55,False
pi_toner_A000000258792,하이드로제네이티드레시틴,56,False
pi_toner_A000000258792,쇠비름추출물,59,False
pi_toner_A000000258792,체이스트트리추출물,60,False
pi_toner_A000000258792,마트리카리아꽃추출물,61,False
pi_toner_A000000258792,"1,2-헥산다이올",62,False
pi_toner_A000000258792,만주자작나무수액,64,False
pi_toner_A000000258792,아사이팜열매추출물,65,False
pi_toner_A000000258792,보검선인장줄기추출물,66,False
pi_toner_A000000258792,구아바잎추출물,67,False
pi_toner_A000000258792,소듐하이알루로네이트,68,False
pi_toner_A000000258792,알로에베라잎추출물,69,False
pi_toner_A000000258792,시트랄,70,False
pi_toner_A000000189488,정제수,1,False
pi_toner_A000000189488,부틸렌글라이콜,2,False
pi_toner_A000000189488,"1,2-헥산다이올",3,False
pi_toner_A000000189488,글리세린,4,False
pi_toner_A000000189488,베타-글루칸,5,False
pi_toner_A000000189488,베타인,6,False
pi_toner_A000000189488,소듐하이알루로네이트,7,False
pi_toner_A000000189488,판테놀,8,False
pi_toner_A000000189488,솔비톨,9,False
pi_toner_A000000189488,아세틸글루코사민,10,False
pi_toner_A000000189488,글루쿠로닉애씨드,11,False
pi_toner_A000000189488,알란토인,12,False
pi_toner_A000000189488,토코페롤,13,False
pi_toner_A000000189488,에틸헥실글리세린,14,False
pi_toner_A000000189488,다이소듐이디티에이,15,False
pi_toner_A000000222849,정제수,1,False
pi_toner_A000000222849,부틸렌글라이콜,2,False
pi_toner_A000000222849,글리세린,3,False
pi_toner_A000000222849,"1,2-헥산다이올",4,False
pi_toner_A000000222849,에리스리톨,5,False
pi_toner_A000000222849,자일리톨,6,False
pi_toner_A000000222849,트레할로오스,7,False
pi_toner_A000000222849,알지닌,8,False
pi_toner_A000000222849,카보머,9,False
pi_toner_A000000222849,에틸헥실글리세린,10,False
pi_toner_A000000222849,하이드롤라이즈드스클레로튬검,11,False
pi_toner_A000000222849,다이소듐이디티에이,12,False
pi_toner_A000000222849,카프릴릭/카프릭트라이글리세라이드,13,False
pi_toner_A000000222849,시어버터,14,False
pi_toner_A000000222849,올리브오일,15,False
pi_toner_A000000222849,하이드로제네이티드레시틴,16,False
pi_toner_A000000222849,스쿠알란,17,False
pi_toner_A000000222849,글리세릴글루코사이드,18,False
pi_toner_A000000222849,프로판다이올,19,False
pi_toner_A000000222849,콜레스테롤,20,False
pi_toner_A000000222849,세라마이드엔피,21,False
pi_toner_A000000222849,피토스핑고신,22,False
pi_toner_A000000222849,토코페롤,23,False
pi_toner_A000000222849,판테놀,24,False
pi_toner_A000000222849,글루코오스,25,False
pi_toner_A000000222849,벤질글라이콜,26,False
pi_toner_A000000222849,하이드롤라이즈드글라이코사미노글리칸,27,False
pi_toner_A000000222849,하이드록시프로필트라이모늄하이알루로네이트,28,False
pi_toner_A000000222849,소듐하이알루로네이트크로스폴리머,29,False
pi_toner_A000000222849,시스테인,30,False
pi_toner_A000000222849,글루타믹애씨드,31,False
pi_toner_A000000222849,류신,32,False
pi_toner_A000000222849,세린,33,False
pi_toner_A000000222849,아스파틱애씨드,34,False
pi_toner_A000000222849,글루타민,35,False
pi_toner_A000000222849,알라닌,36,False
pi_toner_A000000222849,트레오닌,37,False
pi_toner_A000000222849,트립토판,38,False
pi_toner_A000000222849,발린,39,False
pi_toner_A000000222849,라이신,40,False
pi_toner_A000000222849,글라이신,41,False
pi_toner_A000000222849,소듐하이알루로네이트,42,False
pi_toner_A000000222849,하이드롤라이즈드하이알루로닉애씨드,43,False
pi_toner_A000000222849,메티오닌,44,False
pi_toner_A000000222849,프롤린,45,False
pi_toner_A000000222849,히스티딘,46,False
pi_toner_A000000222849,아이소류신,47,False
pi_toner_A000000222849,페닐알라닌,48,False
pi_toner_A000000222849,아스파라진,49,False
pi_toner_A000000222849,타이로신,50,False
pi_toner_A000000222849,하이알루로닉애씨드,51,False
pi_toner_A000000222849,소듐아세틸레이티드하이알루로네이트,52,False
pi_toner_A000000222849,마그네슘피씨에이,53,False
pi_toner_A000000222849,소듐락테이트,54,False
pi_toner_A000000222849,카퍼트라이펩타이드-1,55,False
pi_toner_A000000222849,수크로오스,56,False
pi_toner_A000000222849,우레아,57,False
pi_toner_A000000222849,칼슘클로라이드,58,False
pi_toner_A000000222849,포타슘하이드록사이드,59,False
pi_toner_A000000222849,오르니틴,60,False
pi_toner_A000000222849,씨솔트,61,False
pi_toner_A000000222849,마그네슘클로라이드,62,False
pi_toner_A000000222849,다이포타슘포스페이트,63,False
pi_toner_A000000222849,마그네슘시트레이트,64,False
pi_toner_A000000222849,글루코사민에이치씨엘,65,False
pi_toner_A000000222849,1-메틸하이단토인-2-이미드,66,False
pi_toner_A000000222849,시트룰린,67,False
pi_toner_A000000222849,우릭애씨드,68,False
pi_toner_A000000222849,타우린,69,False
pi_toner_A000000222849,포믹애씨드,70,False
pi_toner_A000000222849,암모니아,71,False
pi_toner_A000000223425,정제수,1,False
pi_toner_A000000223425,비타민나무수,2,False
pi_toner_A000000223425,다이프로필렌글라이콜,3,False
pi_toner_A000000223425,글리세레스-26,4,False
pi_toner_A000000223425,"1,2-헥산다이올",5,False
pi_toner_A000000223425,나이아신아마이드,6,False
pi_toner_A000000223425,글리세린,7,False
pi_toner_A000000223425,메틸글루세스-20,8,False
pi_toner_A000000223425,폴리글리세릴-10라우레이트,9,False
pi_toner_A000000223425,세테아릴알코올,10,False
pi_toner_A000000223425,베타인,11,False
pi_toner_A000000223425,트로메타민,12,False
pi_toner_A000000223425,아크릴레이트/C10-30알킬아크릴레이트크로스폴리머,13,False
pi_toner_A000000223425,에틸헥실글리세린,14,False
pi_toner_A000000223425,아데노신,15,False
pi_toner_A000000223425,인도멀구슬나무꽃추출물,16,False
pi_toner_A000000223425,홀리바질잎추출물,17,False
pi_toner_A000000223425,인도멀구슬나무잎추출물,18,False
pi_toner_A000000223425,소듐하이알루로네이트,19,False
pi_toner_A000000223425,판테놀,20,False
pi_toner_A000000223425,하이드롤라이즈드하이알루로닉애씨드,21,False
pi_toner_A000000223425,병풀추출물,22,False
pi_toner_A000000223425,콜라겐추출물,23,False
pi_toner_A000000223425,부틸렌글라이콜,24,False
pi_toner_A000000223425,울금뿌리추출물,25,False
pi_toner_A000000223425,참산호말추출물,26,False
pi_toner_A000000223425,카카오추출물,27,False
pi_toner_A000000223425,덱스트린,28,False
pi_toner_A000000223425,스키조사카로미세스발효여과물,29,False
pi_toner_A000000223425,폴리쿼터늄-51,30,False
pi_toner_A000000223425,하이드로제네이티드레시틴,31,False
pi_toner_A000000223425,글루타티온,32,False
pi_toner_A000000223425,아이비고드열매추출물,33,False
pi_toner_A000000223425,흰서양송로추출물,34,False
pi_toner_A000000223425,아마씨추출물,35,False
pi_toner_A000000223425,아보카도오일,36,False
pi_toner_A000000223425,올리브오일,37,False
pi_toner_A000000223425,달맞이꽃오일,38,False
pi_toner_A000000223425,알바수련꽃추출물,39,False
pi_toner_A000000223425,사과추출물,40,False
pi_toner_A000000223425,마카다미아씨오일,41,False
pi_toner_A000000223425,비타민나무열매오일,42,False
pi_toner_A000000223425,해바라기씨오일,43,False
pi_toner_A000000223425,돌콩오일,44,False
pi_toner_A000000223425,세라마이드엔피,45,False
pi_toner_A000000223425,동백나무씨오일,46,False
pi_toner_A000000223425,레몬머틀잎오일,47,False
pi_toner_A000000223425,아스코빅애씨드,48,False
pi_toner_A000000223425,하이드롤라이즈드콩단백질,49,False
pi_toner_A000000223425,하이드롤라이즈드쌀단백질,50,False
pi_toner_A000000223425,하이드롤라이즈드감자단백질,51,False
pi_toner_A000000223425,하이드롤라이즈드완두콩단백질,52,False
pi_toner_A000000223425,하이드롤라이즈드루핀단백질,53,False
pi_toner_A000000223425,하이드롤라이즈드귀리단백질,54,False
pi_toner_A000000223425,하이드롤라이즈드옥수수단백질,55,False
pi_toner_A000000223425,하이드롤라이즈드밀단백질,56,False
pi_toner_A000000223425,하이드롤라이즈드스위트아몬드단백질,57,False
pi_toner_A000000223425,하이드롤라이즈드보리단백질,58,False
pi_toner_A000000223425,하이드롤라이즈드식물성단백질,59,False
pi_toner_A000000223425,하이드롤라이즈드호호바단백질,60,False
pi_toner_A000000223425,글라이코프로테인,61,False
pi_toner_A000000223425,만노오스,62,False
pi_toner_A000000223425,글루쿠로닉애씨드,63,False
pi_toner_A000000223425,글루코오스,64,False
pi_toner_A000000223425,토코페롤,65,False
pi_toner_A000000223425,향료,66,False
pi_toner_A000000223425,리모넨,67,False
pi_toner_A000000223425,헥실신남알,68,False
pi_toner_A000000223425,리날룰,69,False
pi_toner_A000000248498,약모밀꽃/잎/줄기수,1,False
pi_toner_A000000248498,정제수,2,False
pi_toner_A000000248498,"1,2-헥산다이올",3,False
pi_toner_A000000248498,글리세린,4,False
pi_toner_A000000248498,글리세레스-26,5,False
pi_toner_A000000248498,베타인,6,False
pi_toner_A000000248498,펜틸렌글라이콜,7,False
pi_toner_A000000248498,소듐시트레이트,8,False
pi_toner_A000000248498,아이소펜틸다이올,9,False
pi_toner_A000000248498,에틸헥실글리세린,10,False
pi_toner_A000000248498,다이포타슘글리시리제이트,11,False
pi_toner_A000000248498,시트릭애씨드,12,False
pi_toner_A000000248498,아크릴레이트/C10-30알킬아크릴레이트크로스폴리머,13,False
pi_toner_A000000248498,트로메타민,14,False
pi_toner_A000000248498,판테놀,15,False
pi_toner_A000000248498,소듐파이테이트,16,False
pi_toner_A000000248498,알란토인,17,False
pi_toner_A000000248498,소듐하이알루로네이트,18,False
pi_toner_A000000248498,약모밀소포,19,False
pi_toner_A000000248498,하이드롤라이즈드소듐하이알루로네이트,20,False
pi_toner_A000000248498,징크피씨에이,21,False
pi_toner_A000000248498,하이드록시프로필트라이모늄하이알루로네이트,22,False
pi_toner_A000000248498,락토바실러스발효물,23,False
pi_toner_A000000248498,소듐아세틸레이티드하이알루로네이트,24,False
pi_toner_A000000248498,하이드롤라이즈드하이알루로닉애씨드,25,False
pi_toner_A000000248498,아이소쿼시트린,26,False
pi_toner_A000000248498,쿼세틴,27,False
pi_toner_A000000248498,하이알루로닉애씨드,28,False
pi_toner_A000000248498,소듐하이알루로네이트크로스폴리머,29,False
pi_toner_A000000248498,포타슘하이알루로네이트,30,False
pi_toner_A000000252322,전성분정제수,1,False
pi_toner_A000000252322,편백수,2,False
pi_toner_A000000252322,프로판다이올,3,False
pi_toner_A000000252322,부틸렌글라이콜,4,False
pi_toner_A000000252322,글리세린,5,False
pi_toner_A000000252322,"1,2-헥산다이올",6,False
pi_toner_A000000252322,나이아신아마이드,7,False
pi_toner_A000000252322,에리스리톨,8,False
pi_toner_A000000252322,펜틸렌글라이콜,9,False
pi_toner_A000000252322,스트렙토코쿠스테르모필루스발효물,10,False
pi_toner_A000000252322,스키조사카로미세스발효여과물,11,False
pi_toner_A000000252322,옥수수전분,12,False
pi_toner_A000000252322,사과즙,13,False
pi_toner_A000000252322,백미꽃추출물,14,False
pi_toner_A000000252322,병풀잎추출물,15,False
pi_toner_A000000252322,비피다발효여과물,16,False
pi_toner_A000000252322,락토바실러스발효물,17,False
pi_toner_A000000252322,병풀꽃/잎/줄기추출물,18,False
pi_toner_A000000252322,병풀뿌리추출물,19,False
pi_toner_A000000252322,접시꽃추출물,20,False
pi_toner_A000000252322,페퍼민트잎수,21,False
pi_toner_A000000252322,병풀추출물,22,False
pi_toner_A000000252322,판테놀,23,False
pi_toner_A000000252322,젤란검,24,False
pi_toner_A000000252322,알란토인,25,False
pi_toner_A000000252322,베타인,26,False
pi_toner_A000000252322,하이드록시아세토페논,27,False
pi_toner_A000000252322,칼슘클로라이드,28,False
pi_toner_A000000252322,소듐클로라이드,29,False
pi_toner_A000000252322,아데노신,30,False
pi_toner_A000000252322,데하이드로잔탄검,31,False
pi_toner_A000000252322,만델릭애씨드,32,False
pi_toner_A000000252322,트레할로오스,33,False
pi_toner_A000000252322,셀룰로오스검,34,False
pi_toner_A000000252322,소듐시트레이트,35,False
pi_toner_A000000252322,메틸다이아이소프로필프로피온아마이드,36,False
pi_toner_A000000252322,세라마이드엔피,37,False
pi_toner_A000000252322,솔비톨,38,False
pi_toner_A000000252322,스테아릭애씨드,39,False
pi_toner_A000000252322,하이드로제네이티드레시틴,40,False
pi_toner_A000000252322,실리카,41,False
pi_toner_A000000252322,에틸헥실글리세린,42,False
pi_toner_A000000252322,다발방패버섯추출물,43,False
pi_toner_A000000252322,베타-글루칸,44,False
pi_toner_A000000252322,마데카소사이드,45,False
pi_toner_A000000252322,아시아티코사이드,46,False
pi_toner_A000000252322,마데카식애씨드,47,False
pi_toner_A000000252322,아시아틱애씨드,48,False
pi_toner_A000000199824,정제수,1,False
pi_toner_A000000199824,다이프로필렌글라이콜,2,False
pi_toner_A000000199824,나이아신아마이드,3,False
pi_toner_A000000199824,변성알코올,4,False
pi_toner_A000000199824,부틸렌글라이콜,5,False
pi_toner_A000000199824,글리세린,6,False
pi_toner_A000000199824,버지니아풍년화수,7,False
pi_toner_A000000199824,베타인,8,False
pi_toner_A000000199824,아세틸글루코사민,9,False
pi_toner_A000000199824,소듐하이알루로네이트,10,False
pi_toner_A000000199824,트레할로오스,11,False
pi_toner_A000000199824,카페인,12,False
pi_toner_A000000199824,레스베라트롤,13,False
pi_toner_A000000199824,살리실릭애씨드,14,False
pi_toner_A000000199824,카프릴릴글라이콜,15,False
pi_toner_A000000199824,폴리솔베이트20,16,False
pi_toner_A000000199824,에탄올,17,False
pi_toner_A000000199824,다이소듐이디티에이,18,False
pi_toner_A000000199824,프로필렌글라이콜카프릴레이트,19,False
pi_toner_A000000199824,다이소듐포스페이트,20,False
pi_toner_A000000199824,소듐포스페이트,21,False
pi_toner_A000000199824,향료,22,False
pi_toner_A000000199824,페녹시에탄올,23,False
pi_toner_A000000199824,포타슘솔베이트*제공된성분은동일제품이라도경우에따라변경될수있습니다.최신정보는제품포장의성분을참고하시거나본사고객관리지원팀으로연락부탁드립니다,24,False
pi_toner_A000000224583,정제수,1,False
pi_toner_A000000224583,글리세린,2,False
pi_toner_A000000224583,프로판다이올,3,False
pi_toner_A000000224583,부틸렌글라이콜,4,False
pi_toner_A000000224583,변성알코올,5,False
pi_toner_A000000224583,C12-15알킬벤조에이트,6,False
pi_toner_A000000224583,"1,2-헥산다이올",7,False
pi_toner_A000000224583,판테놀,8,False
pi_toner_A000000224583,자일리톨,9,False
pi_toner_A000000224583,글루코노락톤,10,False
pi_toner_A000000224583,소듐하이알루로네이트,11,False
pi_toner_A000000224583,레몬밤꽃/잎/줄기수,12,False
pi_toner_A000000224583,로즈마리잎수,13,False
pi_toner_A000000224583,나이아신아마이드,14,False
pi_toner_A000000224583,유칼립투스잎추출물,15,False
pi_toner_A000000224583,폴스애플민트잎추출물,16,False
pi_toner_A000000224583,로즈힙열매추출물,17,False
pi_toner_A000000224583,타임잎추출물,18,False
pi_toner_A000000224583,토탄추출물,19,False
pi_toner_A000000224583,양버들껍질/싹/잎/잔가지추출물,20,False
pi_toner_A000000224583,프렌치로즈꽃추출물,21,False
pi_toner_A000000224583,흰서양송로추출물,22,False
pi_toner_A000000224583,비터오렌지꽃오일,23,False
pi_toner_A000000224583,카퍼트라이펩타이드-1,24,False
pi_toner_A000000224583,폴리글리세릴-10스테아레이트,25,False
pi_toner_A000000224583,폴리글리세릴-10올리에이트,26,False
pi_toner_A000000224583,카프릴릭/카프릭트라이글리세라이드,27,False
pi_toner_A000000224583,말라카이트추출물,28,False
pi_toner_A000000224583,소듐시트레이트,29,False
pi_toner_A000000224583,시트릭애씨드,30,False
pi_toner_A000000224583,바이오사카라이드검-1,31,False
pi_toner_A000000224583,카페인,32,False
pi_toner_A000000224583,펜틸렌글라이콜,33,False
pi_toner_A000000224583,에리스리톨,34,False
pi_toner_A000000224583,에틸헥실글리세린,35,False
pi_toner_A000000224583,글라이신,36,False
pi_toner_A000000224583,메틸다이아이소프로필프로피온아마이드,37,False
pi_toner_A000000224583,로즈마리잎오일,38,False
pi_toner_A000000224583,오렌지껍질오일,39,False
pi_toner_A000000224583,라임전초오일,40,False
pi_toner_A000000224583,센티드제라늄꽃오일,41,False
pi_toner_A000000224583,리모넨,42,False
pi_toner_A000000224583,시트로넬올,43,False
pi_toner_A000000224583,제라니올,44,False
pi_toner_A000000224583,시트랄,45,False
pi_toner_A000000224583,리날룰*표시:beliforiginalformula+표시:빌리프프로프로즌콤플렉스**표시:식물유래향[증정-프로즌크림]정제수,46,False
pi_toner_A000000224583,베타인,50,False
pi_toner_A000000224583,베헤닐알코올,51,False
pi_toner_A000000224583,베타-글루칸,70,False
pi_toner_A000000224583,글리세릴폴리메타크릴레이트,72,False
pi_toner_A000000224583,트라이에틸헥사노인,73,False
pi_toner_A000000224583,카보머,74,False
pi_toner_A000000224583,다이메티콘,75,False
pi_toner_A000000224583,다이실록세인,76,False
pi_toner_A000000224583,트로메타민,77,False
pi_toner_A000000224583,프로필렌글라이콜,79,False
pi_toner_A000000224583,스테아릴다이메티콘,80,False
pi_toner_A000000224583,락토바실러스/콩발효추출물,81,False
pi_toner_A000000224583,C30-45알킬다이메티콘,82,False
pi_toner_A000000224583,토코페릴아세테이트,83,False
pi_toner_A000000224583,효모/감자추출물발효여과물,84,False
pi_toner_A000000224583,효모/보리씨발효여과물,85,False
pi_toner_A000000224583,트라이소듐이디티에이,86,False
pi_toner_A000000224583,리날룰*표시:beliforiginalformula+표시:빌리프프로프로즌콤플렉스**표시:식물유래향,97,False
pi_toner_A000000146262,정제수,1,False
pi_toner_A000000146262,부틸렌글라이콜,2,False
pi_toner_A000000146262,펜틸렌글라이콜,3,False
pi_toner_A000000146262,피피지-10메틸글루코오스에터,4,False
pi_toner_A000000146262,다이프로필렌글라이콜,5,False
pi_toner_A000000146262,다이글리세린,6,False
pi_toner_A000000146262,하이드록시에틸우레아,7,False
pi_toner_A000000146262,솔비톨,8,False
pi_toner_A000000146262,카보머,9,False
pi_toner_A000000146262,페녹시에탄올,10,False
pi_toner_A000000146262,글라이코실트레할로오스,11,False
pi_toner_A000000146262,다이소듐석시네이트,12,False
pi_toner_A000000146262,프로판다이올,13,False
pi_toner_A000000146262,소듐하이알루로네이트,14,False
pi_toner_A000000146262,자일리틸글루코사이드,15,False
pi_toner_A000000146262,하이드로제네이티드스타치하이드롤리세이트,16,False
pi_toner_A000000146262,안하이드로자일리톨,17,False
pi_toner_A000000146262,포타슘하이드록사이드,18,False
pi_toner_A000000146262,아이소펜틸다이올,19,False
pi_toner_A000000146262,다이소듐이디티에이,20,False
pi_toner_A000000146262,석시닉애씨드,21,False
pi_toner_A000000146262,자일리톨,22,False
pi_toner_A000000146262,카프릴하이드록사믹애씨드,23,False
pi_toner_A000000146262,잔탄검,24,False
pi_toner_A000000146262,폴리쿼터늄-51,25,False
pi_toner_A000000146262,하이드롤라이즈드하이알루로닉애씨드,26,False
pi_toner_A000000146262,C12-13알킬글리세릴하이드롤라이즈드하이알루로네이트,27,False
pi_toner_A000000146262,소듐아세틸레이티드하이알루로네이트,28,False
pi_toner_A000000146262,하이드롤라이즈드소듐하이알루로네이트,29,False
pi_toner_A000000146262,락토코쿠스/하이알루로닉애씨드발효여과물,30,False
pi_toner_A000000146262,하이드록시프로필트라이모늄하이알루로네이트,31,False
pi_toner_A000000146262,아파노테케사크룸엑소폴리사카라이즈,32,False
pi_toner_A000000146262,소듐하이알루로네이트크로스폴리머,33,False
pi_toner_A000000139348,정제수글리세린다이프로필렌글라이콜부틸렌글라이콜프로필렌글라이콜펜틸렌글라이콜나이아신아마이드카프릴릴글라이콜시트릭애씨드잔탄검,1,False
pi_toner_A000000206025,정제수,1,False
pi_toner_A000000206025,온천수,2,False
pi_toner_A000000206025,글리세린,3,False
pi_toner_A000000206025,부틸렌글라이콜,4,False
pi_toner_A000000206025,페녹시에탄올,5,False
pi_toner_A000000206025,소듐하이알루로네이트,6,False
pi_toner_A000000206025,피브이피,7,False
pi_toner_A000000206025,벤조익애씨드,8,False
pi_toner_A000000206025,트로메타민,9,False
pi_toner_A000000243679,정제수,1,False
pi_toner_A000000243679,다이프로필렌글라이콜,2,False
pi_toner_A000000243679,글리세린,3,False
pi_toner_A000000243679,"1,2-헥산다이올",4,False
pi_toner_A000000243679,헥실데실에틸헥사노에이트,5,False
pi_toner_A000000243679,펜타에리스리틸테트라에틸헥사노에이트,6,False
pi_toner_A000000243679,변성알코올,7,False
pi_toner_A000000243679,베타인,8,False
pi_toner_A000000243679,사이클로펜타실록세인,9,False
pi_toner_A000000243679,아크릴레이트/C10-30알킬아크릴레이트크로스폴리머,10,False
pi_toner_A000000243679,트로메타민,11,False
pi_toner_A000000243679,다이메티콘,12,False
pi_toner_A000000243679,피토스테롤,13,False
pi_toner_A000000243679,소듐하이알루로네이트,14,False
pi_toner_A000000243679,트라이소듐이디티에이,15,False
pi_toner_A000000243679,세린,16,False
pi_toner_A000000243679,소듐피씨에이,17,False
pi_toner_A000000243679,하이드록시에틸우레아,18,False
pi_toner_A000000243679,알지닌,19,False
pi_toner_A000000243679,카프릴릭/카프릭트라이글리세라이드,20,False
pi_toner_A000000243679,스쿠알란,21,False
pi_toner_A000000249581,정제수,1,False
pi_toner_A000000249581,메틸프로판다이올,2,False
pi_toner_A000000249581,"1,2-헥산다이올",3,False
pi_toner_A000000249581,글리세린,4,False
pi_toner_A000000249581,카프릴로일살리실릭애씨드,5,False
pi_toner_A000000249581,글라이콜릭애씨드,6,False
pi_toner_A000000249581,락틱애씨드,7,False
pi_toner_A000000249581,시트릭애씨드,8,False
pi_toner_A000000249581,판테놀,9,False
pi_toner_A000000249581,하이드롤라이즈드하이알루로닉애씨드,10,False
pi_toner_A000000249581,베타인,11,False
pi_toner_A000000249581,징크피씨에이,12,False
pi_toner_A000000249581,소듐시트레이트,13,False
pi_toner_A000000249581,미리스토일/팔미토일옥소스테아라마이드/아라카마이드엠이에이,14,False
pi_toner_A000000249581,다이소듐이디티에이,15,False
pi_toner_A000000210924,정제수,1,False
pi_toner_A000000210924,부틸렌글라이콜,2,False
pi_toner_A000000210924,글리세린,3,False
pi_toner_A000000210924,나이아신아마이드,4,False
pi_toner_A000000210924,"1,2-헥산다이올",5,False
pi_toner_A000000210924,병풀잎추출물,6,False
pi_toner_A000000210924,트레할로오스,7,False
pi_toner_A000000210924,알란토인,8,False
pi_toner_A000000210924,에스에이치-올리고펩타이드-23에스피,9,False
pi_toner_A000000210924,마데카소사이드,10,False
pi_toner_A000000210924,아시아티코사이드,11,False
pi_toner_A000000210924,마데카식애씨드,12,False
pi_toner_A000000210924,아시아틱애씨드,13,False
pi_toner_A000000210924,씨대퍼딜추출물,14,False
pi_toner_A000000210924,소듐하이알루로네이트,15,False
pi_toner_A000000210924,하이드롤라이즈드하이알루로닉애씨드,16,False
pi_toner_A000000210924,하이드롤라이즈드소듐하이알루로네이트,17,False
pi_toner_A000000210924,하이알루로닉애씨드,18,False
pi_toner_A000000210924,하이드록시프로필트라이모늄하이알루로네이트,19,False
pi_toner_A000000210924,포타슘하이알루로네이트,20,False
pi_toner_A000000210924,펜틸렌글라이콜,21,False
pi_toner_A000000210924,소듐하이알루로네이트크로스폴리머,22,False
pi_toner_A000000210924,소듐아세틸레이티드하이알루로네이트,23,False
pi_toner_A000000210924,세라마이드엔피,24,False
pi_toner_A000000210924,마카다미아씨오일,25,False
pi_toner_A000000210924,카프릴릭/카프릭트라이글리세라이드,26,False
pi_toner_A000000210924,콜레스테롤,27,False
pi_toner_A000000210924,유채스테롤,28,False
pi_toner_A000000210924,하이드로제네이티드레시틴,29,False
pi_toner_A000000210924,판테놀,30,False
pi_toner_A000000210924,다이포타슘글리시리제이트,31,False
pi_toner_A000000210924,스타아니스추출물,32,False
pi_toner_A000000210924,아데노신,33,False
pi_toner_A000000210924,셀룰로오스검,34,False
pi_toner_A000000210924,잔탄검,35,False
pi_toner_A000000210924,이눌린,36,False
pi_toner_A000000210924,셀룰로오스,37,False
pi_toner_A000000210924,글루코오스,38,False
pi_toner_A000000210924,프룩토오스,39,False
pi_toner_A000000210924,하이드록시에틸아크릴레이트/소듐아크릴로일다이메틸타우레이트코폴리머,40,False
pi_toner_A000000210924,시트릭애씨드,41,False
pi_toner_A000000210924,하이드록시아세토페논,42,False
pi_toner_A000000210924,에틸헥실글리세린,43,False
pi_toner_A000000210924,카프릴릴글라이콜,44,False
pi_toner_A000000210924,다이소듐이디티에이,45,False
pi_toner_A000000214672,정제수,1,False
pi_toner_A000000214672,글리세린,2,False
pi_toner_A000000214672,부틸렌글라이콜,3,False
pi_toner_A000000214672,"1,2-헥산다이올",4,False
pi_toner_A000000214672,솔비톨,5,False
pi_toner_A000000214672,하이드록시아세토페논,6,False
pi_toner_A000000214672,프로판다이올,7,False
pi_toner_A000000214672,글리세레스-25피씨에이아이소스테아레이트,8,False
pi_toner_A000000214672,에틸헥실글리세린,9,False
pi_toner_A000000214672,소듐시트레이트,10,False
pi_toner_A000000214672,시트릭애씨드,11,False
pi_toner_A000000214672,다이소듐이디티에이,12,False
pi_toner_A000000214672,메틸다이아이소프로필프로피온아마이드,13,False
pi_toner_A000000214672,녹두추출물,14,False
pi_toner_A000000214672,잔탄검,15,False
pi_toner_A000000214672,하이알루로닉애씨드,16,False
pi_toner_A000000214672,하이드롤라이즈드하이알루로닉애씨드,17,False
pi_toner_A000000214672,소듐하이알루로네이트,18,False
pi_toner_A000000214672,카프릴로일살리실릭애씨드,19,False
pi_toner_A000000214672,글루코노락톤,20,False
pi_toner_A000000214672,녹두씨추출물,21,False
pi_toner_A000000214672,글루코오스,22,False
pi_toner_A000000214672,사과추출물,23,False
pi_toner_A000000214672,밤껍질추출물,24,False
pi_toner_A000000214672,감나무잎추출물,25,False
pi_toner_A000000214672,파파인,26,False
pi_toner_A000000214672,서양유채싹추출물,27,False
pi_toner_A000000214672,브루셀스프라우트추출물,28,False
pi_toner_A000000214672,해바라기싹추출물,29,False
pi_toner_A000000214672,녹두싹추출물,30,False
pi_toner_A000000214672,밀싹추출물,31,False
pi_toner_A000000214672,아세틸헥사펩타이드-8,32,False
pi_toner_A000000214672,카퍼트라이펩타이드-1,33,False
pi_toner_A000000214672,다이펩타이드다이아미노부티로일벤질아마이드다이아세테이트,34,False
pi_toner_A000000214672,헥사펩타이드-9,35,False
pi_toner_A000000214672,노나펩타이드-1,36,False
pi_toner_A000000214672,팔미토일헥사펩타이드-12,37,False
pi_toner_A000000214672,팔미토일펜타펩타이드-4,38,False
pi_toner_A000000214672,팔미토일테트라펩타이드-7,39,False
pi_toner_A000000214672,팔미토일트라이펩타이드-1,40,False
pi_toner_A000000214672,팔미토일트라이펩타이드-5,41,False
pi_toner_A000000214672,펜타펩타이드-3,42,False
pi_toner_A000000214672,트라이펩타이드-1,43,False
pi_toner_A000000188874,하이드롤라이즈드하이알루로닉애씨드,1,False
pi_toner_A000000188874,글리세린,2,False
pi_toner_A000000188874,프로판다이올,3,False
pi_toner_A000000188874,하이드로제네이티드레시틴,4,False
pi_toner_A000000188874,소듐하이알루로네이트,5,False
pi_toner_A000000188874,"1,2-헥산다이올",6,False
pi_toner_A000000188874,알지닌,7,False
pi_toner_A000000188874,벤질글라이콜,8,False
pi_toner_A000000188874,베타인,9,False
pi_toner_A000000188874,부틸렌글라이콜,10,False
pi_toner_A000000188874,카프릴릴/카프릭트라이글리세라이드,11,False
pi_toner_A000000188874,시트릭애씨드,12,False
pi_toner_A000000188874,다이메틸실란올하이알루로네이트,13,False
pi_toner_A000000188874,다이소듐이디티에이,14,False
pi_toner_A000000188874,에틸헥실글리세린,15,False
pi_toner_A000000188874,글라이신,16,False
pi_toner_A000000188874,히스티딘,17,False
pi_toner_A000000188874,하이알루로닉애씨드,18,False
pi_toner_A000000188874,하이드롤라이즈드글라이코사미노글리칸,19,False
pi_toner_A000000188874,하이드롤라이즈드소듐하이알루로네이트,20,False
pi_toner_A000000188874,하이드록시프로필트라이모늄하이알루로네이트,21,False
pi_toner_A000000188874,라이소레시틴,22,False
pi_toner_A000000188874,포타슘하이알루로네이트,23,False
pi_toner_A000000188874,세린,24,False
pi_toner_A000000188874,소듐아세틸레이티드하이알루로네이트,25,False
pi_toner_A000000188874,소듐시트레이트,26,False
pi_toner_A000000188874,소듐하이알루로네이트크로스폴리머,27,False
pi_toner_A000000188874,소듐하이알루로네이트다이메틸실란올,28,False
pi_toner_A000000188874,소듐피씨에이,29,False
pi_toner_A000000188874,소듐스테아로일글루타메이트,30,False
pi_toner_A000000188874,수크로오스라우레이트,31,False
pi_toner_A000000188874,토코페롤,32,False
pi_toner_A000000188874,정제수,33,False
pi_toner_A000000188874,잔탄검,34,False
pi_toner_A000000183751,정제수,1,False
pi_toner_A000000183751,부틸렌글라이콜,2,False
pi_toner_A000000183751,베타인,3,False
pi_toner_A000000183751,글리세린,4,False
pi_toner_A000000183751,황해쑥잎수,5,False
pi_toner_A000000183751,"1,2-헥산다이올",6,False
pi_toner_A000000183751,판테놀,7,False
pi_toner_A000000183751,피피지-13-데실테트라데세스-24,8,False
pi_toner_A000000183751,"2,3-부탄다이올",9,False
pi_toner_A000000183751,향료,10,False
pi_toner_A000000183751,에틸헥실글리세린,11,False
pi_toner_A000000183751,잔탄검,12,False
pi_toner_A000000183751,다이소듐이디티에이,13,False
pi_toner_A000000183751,프로판다이올,14,False
pi_toner_A000000183751,레시틴,15,False
pi_toner_A000000183751,락토바실러스발효물,16,False
pi_toner_A000000183751,이눌린라우릴카바메이트,17,False
pi_toner_A000000183751,황해쑥잎추출물,18,False
pi_toner_A000000183751,토코페롤,19,False
pi_toner_A000000183751,병풀꽃/잎/줄기추출물,20,False
pi_toner_A000000170638,티트리잎추출물,1,False
pi_toner_A000000170638,부틸렌글라이콜,2,False
pi_toner_A000000170638,나이아신아마이드,3,False
pi_toner_A000000170638,다이프로필렌글라이콜,4,False
pi_toner_A000000170638,다이메틸이미다졸리디논쌀전분,5,False
pi_toner_A000000170638,글리세린,6,False
pi_toner_A000000170638,트레할로오스,7,False
pi_toner_A000000170638,베타인,8,False
pi_toner_A000000170638,자몽추출물,9,False
pi_toner_A000000170638,유자추출물,10,False
pi_toner_A000000170638,유칼립투스잎추출물,11,False
pi_toner_A000000170638,클로브꽃추출물,12,False
pi_toner_A000000170638,고삼추출물,13,False
pi_toner_A000000170638,알란토인,14,False
pi_toner_A000000170638,티트리잎오일,15,False
pi_toner_A000000170638,피피지-26-부테스-26,16,False
pi_toner_A000000170638,피이지-40하이드로제네이티드캐스터오일,17,False
pi_toner_A000000170638,"1,2-헥산다이올",18,False
pi_toner_A000000170638,카프릴릴글라이콜,19,False
pi_toner_A000000170638,아데노신,20,False
pi_toner_A000000170638,스타아니스추출물,21,False
pi_toner_A000000170638,다이포타슘글리시리제이트,22,False
pi_toner_A000000170638,시트릭애씨드,23,False
pi_toner_A000000170638,멘톡시프로판다이올,24,False
pi_toner_A000000170638,슈가켈프추출물,25,False
pi_toner_A000000170638,버지니아풍년화잎수,26,False
pi_toner_A000000170638,알로에베라잎추출물,27,False
pi_toner_A000000170638,병풀추출물,28,False
pi_toner_A000000170638,카페인,29,False
pi_toner_A000000170638,토코페릴아세테이트,30,False
pi_toner_A000000170638,다이소듐이디티에이,31,False
pi_toner_A000000137445,정제수,1,False
pi_toner_A000000137445,변성알코올,2,False
pi_toner_A000000137445,글리세린,3,False
pi_toner_A000000137445,부틸렌글라이콜,4,False
pi_toner_A000000137445,다이메티콘,5,False
pi_toner_A000000137445,아이소도데케인,6,False
pi_toner_A000000137445,펜타에리스리틸테트라에틸헥사노에이트,7,False
pi_toner_A000000137445,페녹시에탄올,8,False
pi_toner_A000000137445,향료,9,False
pi_toner_A000000137445,헥실렌글라이콜,10,False
pi_toner_A000000137445,아크릴레이트/C10-30알킬아크릴레이트크로스폴리머,11,False
pi_toner_A000000137445,토코페릴아세테이트,12,False
pi_toner_A000000137445,트라이에탄올아민,13,False
pi_toner_A000000137445,판테놀,14,False
pi_toner_A000000137445,프룩토오스,15,False
pi_toner_A000000137445,비에이치티,16,False
pi_toner_A000000137445,글루코오스,17,False
pi_toner_A000000137445,다이메티콘올,18,False
pi_toner_A000000137445,바이오사카라이드검-1,19,False
pi_toner_A000000137445,아스코빌글루코사이드,20,False
pi_toner_A000000137445,멘톡시프로판다이올,21,False
pi_toner_A000000137445,패션프룻씨오일,22,False
pi_toner_A000000137445,살구씨오일,23,False
pi_toner_A000000137445,옥수수오일,24,False
pi_toner_A000000137445,비트레오스실라발효물,25,False
pi_toner_A000000137445,쌀겨오일,26,False
pi_toner_A000000137445,리날룰,27,False
pi_toner_A000000137445,리모넨,28,False
pi_toner_A000000137445,우레아,29,False
pi_toner_A000000137445,마그네슘피씨에이포타슘피씨에이,30,False
pi_toner_A000000137445,징크피씨에이,31,False
pi_toner_A000000137445,2-올레아미도-1,32,False
pi_toner_A000000137445,3-옥타데칸디올,33,False
pi_toner_A000000137445,부틸페닐메틸프로피오날,34,False
pi_toner_A000000137445,벤질살리실레이트,35,False
pi_toner_A000000137445,덱스트린,36,False
pi_toner_A000000137445,쿠마린,37,False
pi_toner_A000000137445,시트로넬올,38,False
pi_toner_A000000137445,하이드록시이소헥실3-사이클로헥센카복스알데하이드카퍼피씨에이,39,False
pi_toner_A000000137445,아스파틱애씨드,40,False
pi_toner_A000000137445,알라닌,41,False
pi_toner_A000000137445,망가니즈글루코네이트,42,False
pi_toner_A000000137445,헥실니코티네이트,43,False
pi_toner_A000000137445,글루타믹애씨드,44,False
pi_toner_A000000137445,수크로오스,45,False
pi_toner_A000000211164,정제수,1,False
pi_toner_A000000211164,다이프로필렌글라이콜,2,False
pi_toner_A000000211164,글리세린,3,False
pi_toner_A000000211164,나이아신아마이드,4,False
pi_toner_A000000211164,"1,2-헥산다이올",5,False
pi_toner_A000000211164,부틸렌글라이콜,6,False
pi_toner_A000000211164,폴리글리세린-3,7,False
pi_toner_A000000211164,비타민나무수,8,False
pi_toner_A000000211164,아크릴레이트/C10-30알킬아크릴레이트크로스폴리머,9,False
pi_toner_A000000211164,트로메타민,10,False
pi_toner_A000000211164,에리스리톨,11,False
pi_toner_A000000211164,펜틸렌글라이콜,12,False
pi_toner_A000000211164,3-O-에틸아스코빅애씨드,13,False
pi_toner_A000000211164,에틸헥실글리세린,14,False
pi_toner_A000000211164,폴리글리세릴-4카프레이트,15,False
pi_toner_A000000211164,아데노신,16,False
pi_toner_A000000211164,글루타티온,17,False
pi_toner_A000000211164,하이드로제네이티드레시틴,18,False
pi_toner_A000000211164,다이소듐이디티에이,19,False
pi_toner_A000000211164,마데카소사이드,20,False
pi_toner_A000000211164,황련뿌리추출물,21,False
pi_toner_A000000211164,데실글루코사이드,22,False
pi_toner_A000000211164,카프릴릴글라이콜,23,False
pi_toner_A000000211164,세라마이드엔피,24,False
pi_toner_A000000211164,아스코빅애씨드,25,False
pi_toner_A000000211164,비사보롤,26,False
pi_toner_A000000211164,판테놀,27,False
pi_toner_A000000211164,토코페롤,28,False
pi_toner_A000000211164,알부틴,29,False
pi_toner_A000000211164,아세틸헥사펩타이드-8,30,False
pi_toner_A000000211164,헥사펩타이드-9,31,False
pi_toner_A000000211164,노나펩타이드-1,32,False
pi_toner_A000000211164,팔미토일펜타펩타이드-4,33,False
pi_toner_A000000211164,팔미토일트라이펩타이드-1,34,False
pi_toner_A000000211164,팔미토일테트라펩타이드-7,35,False
pi_toner_A000000132162,정제수,1,False
pi_toner_A000000132162,부틸렌글라이콜,2,False
pi_toner_A000000132162,글리세린,3,False
pi_toner_A000000132162,펜틸렌글라이콜,4,False
pi_toner_A000000132162,프로판다이올,5,False
pi_toner_A000000132162,아이리쉬모스추출물,6,False
pi_toner_A000000132162,사탕수수추출물,7,False
pi_toner_A000000132162,해수,8,False
pi_toner_A000000132162,"1,2-헥산다이올",9,False
pi_toner_A000000132162,프로테아제,10,False
pi_toner_A000000132162,베타인,11,False
pi_toner_A000000132162,판테놀,12,False
pi_toner_A000000132162,에틸헥실글리세린,13,False
pi_toner_A000000132162,알란토인,14,False
pi_toner_A000000132162,잔탄검,15,False
pi_toner_A000000132162,다이소듐이디티에이,16,False
pi_toner_A000000139347,정제수글리세린다이프로필렌글라이콜부틸렌글라이콜프로필렌글라이콜펜틸렌글라이콜나이아신아마이드카프릴릴글라이콜시트릭애씨드잔탄검,1,False
pi_toner_A000000257591,원씽병풀추출물:병풀잎수,1,False
pi_toner_A000000257591,부틸렌글라이콜,2,False
pi_toner_A000000257591,"1,2-헥산다이올",3,False
pi_toner_A000000257591,병풀추출물원씽병풀수딩마스크팩:정제수,4,False
pi_toner_A000000257591,글리세린,6,False
pi_toner_A000000257591,하이드록시아세토페논,8,False
pi_toner_A000000257591,알란토인,9,False
pi_toner_A000000257591,병풀잎수,10,False
pi_toner_A000000257591,알지닌,11,False
pi_toner_A000000257591,아크릴레이트/C10-30알킬아크릴레이트크로스폴리머,12,False
pi_toner_A000000257591,프로판다이올,13,False
pi_toner_A000000257591,다이소듐이디티에이,14,False
pi_toner_A000000257591,덱스트린,15,False
pi_toner_A000000257591,카카오추출물,16,False
pi_toner_A000000257591,병풀추출물,17,False
pi_toner_A000000257591,판테놀,18,False
pi_toner_A000000257591,올리브오일,19,False
pi_toner_A000000257591,카프릴릭/카프릭트라이글리세라이드,20,False
pi_toner_A000000257591,시어버터,21,False
pi_toner_A000000257591,하이드로제네이티드레시틴,22,False
pi_toner_A000000257591,스쿠알란,23,False
pi_toner_A000000257591,소듐하이알루로네이트,24,False
pi_toner_A000000257591,하이알루로닉애씨드,25,False
pi_toner_A000000257591,하이드롤라이즈드소듐하이알루로네이트,26,False
pi_toner_A000000257591,하이드롤라이즈드하이알루로닉애씨드,27,False
pi_toner_A000000257591,다이메틸실란올하이알루로네이트,28,False
pi_toner_A000000257591,포타슘하이알루로네이트,29,False
pi_toner_A000000257591,소듐하이알루로네이트크로스폴리머,30,False
pi_toner_A000000257591,하이드록시프로필트라이모늄하이알루로네이트,31,False
pi_toner_A000000257591,소듐하이알루로네이트다이메틸실란올,32,False
pi_toner_A000000257591,소듐아세틸레이티드하이알루로네이트,33,False
pi_toner_A000000257591,세라마이드엔피,34,False
pi_toner_A000000257591,콜레스테롤,35,False
pi_toner_A000000257591,피토스핑고신,36,False
pi_toner_A000000203171,정제수,1,False
pi_toner_A000000203171,부틸렌글라이콜,2,False
pi_toner_A000000203171,글리세린,3,False
pi_toner_A000000203171,"1,2-헥산다이올",4,False
pi_toner_A000000203171,녹차수,5,False
pi_toner_A000000203171,베타인,6,False
pi_toner_A000000203171,카보머,7,False
pi_toner_A000000203171,트로메타민,8,False
pi_toner_A000000203171,에틸헥실글리세린,9,False
pi_toner_A000000203171,카카오씨추출물,10,False
pi_toner_A000000203171,소듐파이테이트,11,False
pi_toner_A000000203171,황련뿌리추출물,12,False
pi_toner_A000000203171,보검선인장줄기추출물,13,False
pi_toner_A000000203171,소나무잎추출물,14,False
pi_toner_A000000203171,트루로즈오브예리코추출물,15,False
pi_toner_A000000203171,토코페롤,16,False
pi_toner_A000000203171,돌나물추출물,17,False
pi_toner_A000000250711,비피다발효용해물,1,False
pi_toner_A000000250711,갈락토미세스발효여과물,2,False
pi_toner_A000000250711,정제수,3,False
pi_toner_A000000250711,부틸렌글라이콜,4,False
pi_toner_A000000250711,다이글리세린,5,False
pi_toner_A000000250711,나이아신아마이드,6,False
pi_toner_A000000250711,펜틸렌글라이콜,7,False
pi_toner_A000000250711,"1,2-헥산다이올",8,False
pi_toner_A000000250711,글리세린,9,False
pi_toner_A000000250711,소듐하이알루로네이트,10,False
pi_toner_A000000250711,황련뿌리추출물,11,False
pi_toner_A000000250711,백미꽃추출물,12,False
pi_toner_A000000250711,접시꽃추출물,13,False
pi_toner_A000000250711,붉은토끼풀꽃추출물,14,False
pi_toner_A000000250711,하이알루로닉애씨드,15,False
pi_toner_A000000250711,하이드롤라이즈드하이알루로닉애씨드,16,False
pi_toner_A000000250711,다이프로필렌글라이콜,17,False
pi_toner_A000000250711,메틸프로판다이올,18,False
pi_toner_A000000250711,라피노오스,19,False
pi_toner_A000000250711,합성왁스,20,False
pi_toner_A000000250711,프로판다이올,21,False
pi_toner_A000000250711,스쿠알란,22,False
pi_toner_A000000250711,아데노신,23,False
pi_toner_A000000250711,하이드로제네이티드레시틴,24,False
pi_toner_A000000250711,알란토인,25,False
pi_toner_A000000250711,폴리글리세릴-10스테아레이트,26,False
pi_toner_A000000250711,판테놀,27,False
pi_toner_A000000250711,다이포타슘글리시리제이트,28,False
pi_toner_A000000250711,세라마이드엔피,29,False
pi_toner_A000000250711,콜레스테롤,30,False
pi_toner_A000000250711,스테아릭애씨드,31,False
pi_toner_A000000250711,에틸헥실글리세린,32,False
pi_toner_A000000250711,팔미틱애씨드,33,False
pi_toner_A000000250711,코직애씨드,34,False
pi_toner_A000000250711,토코페롤,35,False
pi_toner_A000000250711,아이소펜틸다이올,36,False
pi_toner_A000000250711,바쿠치올,37,False
pi_toner_A000000250711,하이드록시에틸셀룰로오스,38,False
pi_toner_A000000250711,에틸헥실팔미테이트,39,False
pi_toner_A000000250711,세틸에틸헥사노에이트,40,False
pi_toner_A000000250711,폴리글리세릴-10올리에이트,41,False
pi_toner_A000000250711,다이소듐이디티에이,42,False
pi_toner_A000000250711,잔탄검,43,False
pi_toner_A000000250711,카라멜,44,False
pi_toner_A000000256752,정제수,1,False
pi_toner_A000000256752,메틸프로판다이올,2,False
pi_toner_A000000256752,"1,2-헥산다이올",3,False
pi_toner_A000000256752,해수,4,False
pi_toner_A000000256752,글리세린,5,False
pi_toner_A000000256752,베타인,6,False
pi_toner_A000000256752,알란토인,7,False
pi_toner_A000000256752,부틸렌글라이콜,8,False
pi_toner_A000000256752,카프릴릴글라이콜,9,False
pi_toner_A000000256752,에틸헥실글리세린,10,False
pi_toner_A000000256752,판테놀,11,False
pi_toner_A000000256752,잔탄검,12,False
pi_toner_A000000256752,말라카이트추출물,13,False
pi_toner_A000000256752,다이소듐이디티에이,14,False
pi_toner_A000000256752,하이드롤라이즈드하이알루로닉애씨드,15,False
pi_toner_A000000256752,펜틸렌글라이콜,16,False
pi_toner_A000000256752,자일리틸글루코사이드,17,False
pi_toner_A000000256752,안하이드로자일리톨,18,False
pi_toner_A000000256752,소듐하이알루로네이트,19,False
pi_toner_A000000256752,자일리톨,20,False
pi_toner_A000000256752,포타슘하이알루로네이트,21,False
pi_toner_A000000256752,글루코오스,22,False
pi_toner_A000000256752,다이메틸실란올하이알루로네이트,23,False
pi_toner_A000000256752,소듐아세틸레이티드하이알루로네이트,24,False
pi_toner_A000000256752,소듐하이알루로네이트크로스폴리머,25,False
pi_toner_A000000256752,하이드록시프로필트라이모늄하이알루로네이트,26,False
pi_toner_A000000256752,하이드롤라이즈드소듐하이알루로네이트,27,False
pi_toner_A000000256752,하이드롤라이즈드칼슘하이알루로네이트,28,False
pi_toner_A000000256752,하이알루로닉애씨드,29,False
pi_toner_A000000256752,버지니아풍년화추출물,30,False
pi_toner_A000000256752,소듐설페이티드하이알루로네이트,31,False
pi_toner_A000000256752,편백잎추출물,32,False
pi_toner_A000000256752,소듐스테아로일하이알루로네이트,33,False
pi_toner_A000000256752,소듐올레오일하이알루로네이트히아루론산총량,34,False
pi_toner_A000000243855,정제수,1,False
pi_toner_A000000243855,프로필렌글라이콜,2,False
pi_toner_A000000243855,나이아신아마이드,3,False
pi_toner_A000000243855,펜틸렌글라이콜,4,False
pi_toner_A000000243855,글리세린,5,False
pi_toner_A000000243855,살리실릭애씨드,6,False
pi_toner_A000000243855,흰버드나무껍질추출물,7,False
pi_toner_A000000243855,피이지/피피지-17/6코폴리머,8,False
pi_toner_A000000243855,폴리솔베이트20,9,False
pi_toner_A000000243855,비스-피이지-18메틸에터다이메틸실레인,10,False
pi_toner_A000000243855,소듐파이테이트,11,False
pi_toner_A000000243855,10-하이드록시데카노익애씨드,12,False
pi_toner_A000000243855,알란토인,13,False
pi_toner_A000000243855,다이포타슘글리시리제이트,14,False
pi_toner_A000000243855,카프릴릴글라이콜,15,False
pi_toner_A000000243855,페녹시에탄올,16,False
pi_toner_A000000243855,클로페네신,17,False
pi_toner_A000000243855,소듐하이드록사이드,18,False
pi_toner_A000000243855,"1,2-헥산다이올",19,False
pi_toner_A000000243855,소듐하이알루로네이트,20,False
pi_toner_A000000243855,비에이치티,21,False
pi_toner_A000000124507,변성알코올,1,False
pi_toner_A000000124507,정제수,2,False
pi_toner_A000000124507,향료,3,False
pi_toner_A000000124507,벤질알코올,4,False
pi_toner_A000000124507,벤질벤조에이트,5,False
pi_toner_A000000124507,벤질살리실레이트,6,False
pi_toner_A000000124507,시트랄,7,False
pi_toner_A000000124507,시트로넬올,8,False
pi_toner_A000000124507,리모넨,9,False
pi_toner_A000000124507,제라니올,10,False
pi_toner_A000000124507,하이드록시시트로넬알,11,False
pi_toner_A000000124507,리날룰,12,False
pi_toner_A000000124507,참나무이끼추출물,13,False
pi_toner_A000000124507,나무이끼추출물,14,False
pi_toner_A000000124507,황색4호,15,False
pi_toner_A000000124507,황색5호,16,False
pi_toner_A000000210415,살몬케어링센텔라토너병풀잎수,1,False
pi_toner_A000000210415,정제수,2,False
pi_toner_A000000210415,부틸렌글라이콜,3,False
pi_toner_A000000210415,약모밀수,4,False
pi_toner_A000000210415,프로판다이올,5,False
pi_toner_A000000210415,글리세린,6,False
pi_toner_A000000210415,"1,2-헥산다이올",7,False
pi_toner_A000000210415,연어알추출물,8,False
pi_toner_A000000210415,알란토인,9,False
pi_toner_A000000210415,판테놀,10,False
pi_toner_A000000210415,에틸헥실글리세린,11,False
pi_toner_A000000210415,소듐하이알루로네이트,12,False
pi_toner_A000000210415,다이소듐이디티에이,13,False
pi_toner_A000000210415,말토덱스트린,14,False
pi_toner_A000000210415,아보카도열매추출물,15,False
pi_toner_A000000210415,덱스트린,16,False
pi_toner_A000000210415,카카오추출물,17,False
pi_toner_A000000210415,쇠비름추출물,18,False
pi_toner_A000000210415,마데카소사이드,19,False
pi_toner_A000000210415,소듐디엔에이이살몬케어링센텔라크림병풀잎수,20,False
pi_toner_A000000210415,카프릴릭/카프릭트라이글리세라이드,23,False
pi_toner_A000000210415,하이드로제네이티드폴리(C6-14올레핀),24,False
pi_toner_A000000210415,다이프로필렌글라이콜,27,False
pi_toner_A000000210415,펜타에리스리틸테트라에틸헥사노에이트,28,False
pi_toner_A000000210415,사이클로헥사실록세인,30,False
pi_toner_A000000210415,해바라기씨오일,31,False
pi_toner_A000000210415,세테아릴올리베이트,32,False
pi_toner_A000000210415,솔비탄올리베이트,33,False
pi_toner_A000000210415,암모늄아크릴로일다이메틸타우레이트/브이피코폴리머,34,False
pi_toner_A000000210415,아크릴레이트/C10-30알킬아크릴레이트크로스폴리머,35,False
pi_toner_A000000210415,트로메타민,36,False
pi_toner_A000000210415,소듐폴리아크릴레이트,38,False
pi_toner_A000000210415,베타인,39,False
pi_toner_A000000210415,녹차수,41,False
pi_toner_A000000210415,잔탄검,44,False
pi_toner_A000000210415,아데노신,45,False
pi_toner_A000000210415,하이드롤라이즈드콜라겐,49,False
pi_toner_A000000210415,토코페롤,51,False
pi_toner_A000000210415,하이알루로닉애씨드,52,False
pi_toner_A000000210415,소듐디엔에이,54,False
pi_toner_A000000210415,하이드롤라이즈드하이알루로닉애씨드,57,False
pi_serum_A000000222698,하이드롤라이즈드하이알루로닉애씨드,1,False
pi_serum_A000000222698,나이아신아마이드,2,False
pi_serum_A000000222698,하이드롤라이즈드콜라겐,3,False
pi_serum_A000000222698,소듐하이알루로네이트,4,False
pi_serum_A000000222698,아데노신,5,False
pi_serum_A000000222698,소듐디엔에이,6,False
pi_serum_A000000222698,하이알루로닉애씨드,7,False
pi_serum_A000000222698,하이드롤라이즈드소듐하이알루로네이트,8,False
pi_serum_A000000222698,하이드록시프로필트라이모늄하이알루로네이트,9,False
pi_serum_A000000222698,포타슘하이알루로네이트,10,False
pi_serum_A000000222698,소듐하이알루로네이트크로스폴리머,11,False
pi_serum_A000000222698,소듐아세틸레이티드하이알루로네이트,12,False
pi_serum_A000000222698,시트릭애씨드*피디알엔:소듐디엔에이,13,False
pi_serum_A000000259488,정제수,1,False
pi_serum_A000000259488,부틸렌글라이콜,2,False
pi_serum_A000000259488,글리세린,3,False
pi_serum_A000000259488,"1,2-헥산다이올",4,False
pi_serum_A000000259488,카보머,5,False
pi_serum_A000000259488,트로메타민,6,False
pi_serum_A000000259488,폴리글리세릴-10라우레이트,7,False
pi_serum_A000000259488,프로판다이올,8,False
pi_serum_A000000259488,인도멀구슬나무잎추출물,9,False
pi_serum_A000000259488,병풀추출물,10,False
pi_serum_A000000259488,카카오씨추출물,11,False
pi_serum_A000000259488,에틸헥실글리세린,12,False
pi_serum_A000000259488,불가리스쑥오일,13,False
pi_serum_A000000259488,인도멀구슬나무꽃추출물,14,False
pi_serum_A000000259488,덱스트린,15,False
pi_serum_A000000259488,다이소듐이디티에이,16,False
pi_serum_A000000259488,소듐폴리아크릴레이트,17,False
pi_serum_A000000259488,펜틸렌글라이콜,18,False
pi_serum_A000000259488,황련뿌리추출물,19,False
pi_serum_A000000259488,락토바실러스발효물,20,False
pi_serum_A000000259488,마누카잎추출물,21,False
pi_serum_A000000259488,마데카소사이드,22,False
pi_serum_A000000259488,데실글루코사이드,23,False
pi_serum_A000000259488,카프릴릴글라이콜,24,False
pi_serum_A000000259488,꿀추출물,25,False
pi_serum_A000000259488,메도우폼씨오일,26,False
pi_serum_A000000259488,카프릴릭/카프릭트라이글리세라이드,27,False
pi_serum_A000000259488,올리브오일,28,False
pi_serum_A000000259488,하이드로제네이티드레시틴,29,False
pi_serum_A000000259488,세라마이드엔피,30,False
pi_serum_A000000259488,피토스핑고신,31,False
pi_serum_A000000259488,멜라토닌,32,False
pi_serum_A000000231885,정제수,1,False
pi_serum_A000000231885,프로판다이올,2,False
pi_serum_A000000231885,펜틸렌글라이콜,3,False
pi_serum_A000000231885,글리세린,4,False
pi_serum_A000000231885,"1,2-헥산다이올",5,False
pi_serum_A000000231885,판테놀,6,False
pi_serum_A000000231885,메틸프로판다이올,7,False
pi_serum_A000000231885,소듐아크릴릭애씨드/엠에이코폴리머,8,False
pi_serum_A000000231885,부틸렌글라이콜,9,False
pi_serum_A000000231885,참마뿌리추출물,10,False
pi_serum_A000000231885,잔탄검,11,False
pi_serum_A000000231885,소듐시트레이트,12,False
pi_serum_A000000231885,에틸헥실글리세린,13,False
pi_serum_A000000231885,소듐하이알루로네이트,14,False
pi_serum_A000000231885,글라이코실트레할로오스,15,False
pi_serum_A000000231885,하이드로제네이티드스타치하이드롤리세이트,16,False
pi_serum_A000000231885,시트릭애씨드,17,False
pi_serum_A000000231885,라피노오스,18,False
pi_serum_A000000231885,아데노신,19,False
pi_serum_A000000231885,레시틴,20,False
pi_serum_A000000231885,트라이소듐에틸렌다이아민다이석시네이트,21,False
pi_serum_A000000231885,카프릴릴글라이콜,22,False
pi_serum_A000000231885,사카라이드아이소머레이트,23,False
pi_serum_A000000231885,폴리쿼터늄-51,24,False
pi_serum_A000000231885,말라카이트추출물,25,False
pi_serum_A000000231885,알지닌,26,False
pi_serum_A000000231885,소듐디엔에이,27,False
pi_serum_A000000231885,갈랑가갈랑갈추출물,28,False
pi_serum_A000000231885,바이오사카라이드검-1,29,False
pi_serum_A000000231885,사이아노코발아민,30,False
pi_serum_A000000231885,토코페롤,31,False
pi_serum_A000000231885,카프릴릭/카프릭트라이글리세라이드,32,False
pi_serum_A000000231885,하이드로제네이티드레시틴,33,False
pi_serum_A000000231885,하이드롤라이즈드하이알루로닉애씨드하이드롤라이즈드소듐하이알루로네이트,34,False
pi_serum_A000000231885,수크로오스라우레이트,35,False
pi_serum_A000000231885,소듐스테아로일글루타메이트,36,False
pi_serum_A000000231885,암모늄아크릴로일다이메틸타우레이트/브이피코폴리머,37,False
pi_serum_A000000231885,글라이신,38,False
pi_serum_A000000231885,세린,39,False
pi_serum_A000000231885,히스티딘,40,False
pi_serum_A000000231885,돌콩추출물,41,False
pi_serum_A000000231885,라이소레시틴,42,False
pi_serum_A000000231885,플로레틴,43,False
pi_serum_A000000231885,테트라하이드로피페린,44,False
pi_serum_A000000231885,다이메틸아이소소바이드,45,False
pi_serum_A000000231885,소듐하이알루로네이트크로스폴리머,46,False
pi_serum_A000000231885,벤질글라이콜,47,False
pi_serum_A000000231885,하이드롤라이즈드글라이코사미노글리칸,48,False
pi_serum_A000000231885,올레일알코올,49,False
pi_serum_A000000231885,베타-글루칸,50,False
pi_serum_A000000231885,하이드록시프로필트라이모늄하이알루로네이트,51,False
pi_serum_A000000231885,하이알루로닉애씨드,52,False
pi_serum_A000000231885,소듐아세틸레이티드하이알루로네이트,53,False
pi_serum_A000000224494,정제수,1,False
pi_serum_A000000224494,다이프로필렌글라이콜,2,False
pi_serum_A000000224494,부틸렌글라이콜,3,False
pi_serum_A000000224494,글리세레스-26,4,False
pi_serum_A000000224494,나이아신아마이드,5,False
pi_serum_A000000224494,글리세린,6,False
pi_serum_A000000224494,베타인,7,False
pi_serum_A000000224494,피토스테롤,8,False
pi_serum_A000000224494,세라마이드엔피,9,False
pi_serum_A000000224494,스쿠알란,10,False
pi_serum_A000000224494,라우릭애씨드,11,False
pi_serum_A000000224494,아라키딕애씨드,12,False
pi_serum_A000000224494,베헤닉애씨드,13,False
pi_serum_A000000224494,베타-글루칸,14,False
pi_serum_A000000224494,참오동나무잎추출물,15,False
pi_serum_A000000224494,육계나무껍질추출물,16,False
pi_serum_A000000224494,생달나무잎추출물,17,False
pi_serum_A000000224494,녹나무잎추출물,18,False
pi_serum_A000000224494,월계수잎추출물,19,False
pi_serum_A000000224494,고수추출물,20,False
pi_serum_A000000224494,유칼립투스잎추출물,21,False
pi_serum_A000000224494,황금추출물,22,False
pi_serum_A000000224494,후박나무가지추출물,23,False
pi_serum_A000000224494,"1,2-헥산다이올",24,False
pi_serum_A000000224494,폴리글리세릴-10라우레이트,25,False
pi_serum_A000000224494,폴리글리세릴-10미리스테이트,26,False
pi_serum_A000000224494,하이드록시아세토페논,27,False
pi_serum_A000000224494,판테놀,28,False
pi_serum_A000000224494,아데노신,29,False
pi_serum_A000000224494,다이소듐이디티에이,30,False
pi_serum_A000000224494,소듐하이알루로네이트,31,False
pi_serum_A000000224494,잔탄검,32,False
pi_serum_A000000224494,소듐폴리아크릴레이트,33,False
pi_serum_A000000224494,에틸헥실글리세린,34,False
pi_serum_A000000224494,베르가모트오일,35,False
pi_serum_A000000224494,라반딘오일,36,False
pi_serum_A000000224494,오렌지껍질오일,37,False
pi_serum_A000000224494,라벤더오일,38,False
pi_serum_A000000224494,발삼아미리스껍질오일,39,False
pi_serum_A000000224494,바질오일,40,False
pi_serum_A000000224494,리모넨,41,False
pi_serum_A000000224494,리날룰,42,False
pi_serum_A000000258649,토마토수,1,False
pi_serum_A000000258649,정제수,2,False
pi_serum_A000000258649,부틸렌글라이콜,3,False
pi_serum_A000000258649,글리세린,4,False
pi_serum_A000000258649,자일리톨,5,False
pi_serum_A000000258649,"1,2-헥산다이올",6,False
pi_serum_A000000258649,다이프로필렌글라이콜,7,False
pi_serum_A000000258649,나이아신아마이드,8,False
pi_serum_A000000258649,니코틴아마이드모노뉴클레오타이드,9,False
pi_serum_A000000258649,트레할로오스,10,False
pi_serum_A000000258649,잔탄검,11,False
pi_serum_A000000258649,카보머,12,False
pi_serum_A000000258649,페닐트라이메티콘,13,False
pi_serum_A000000258649,트로메타민,14,False
pi_serum_A000000258649,알란토인,15,False
pi_serum_A000000258649,C12-13알케스-9,16,False
pi_serum_A000000258649,폴리메틸실세스퀴옥세인,17,False
pi_serum_A000000258649,소듐시트레이트,18,False
pi_serum_A000000258649,에틸헥실글리세린,19,False
pi_serum_A000000258649,잇꽃꽃추출물,20,False
pi_serum_A000000258649,메틸다이하이드로자스모네이트,21,False
pi_serum_A000000258649,다이포타슘글리시리제이트,22,False
pi_serum_A000000258649,아데노신,23,False
pi_serum_A000000258649,다이소듐이디티에이,24,False
pi_serum_A000000258649,치자추출물,25,False
pi_serum_A000000258649,덱스트린,26,False
pi_serum_A000000258649,토마토추출물,27,False
pi_serum_A000000258649,에틸렌브라실레이트,28,False
pi_serum_A000000258649,글루코노락톤,29,False
pi_serum_A000000258649,판테놀,30,False
pi_serum_A000000258649,2-t-부틸사이클로헥실아세테이트,31,False
pi_serum_A000000258649,칡뿌리추출물,32,False
pi_serum_A000000258649,달맞이꽃꽃추출물,33,False
pi_serum_A000000258649,대왕소나무잎추출물,34,False
pi_serum_A000000258649,당느릅나무뿌리추출물,35,False
pi_serum_A000000258649,피브로넥틴,36,False
pi_serum_A000000258649,니코틴아마이드아데닌다이뉴클레오타이드,37,False
pi_serum_A000000258649,소듐하이알루로네이트,38,False
pi_serum_A000000258649,아데노신트라이포스페이트,39,False
pi_serum_A000000258649,하이드로제네이티드레시틴,40,False
pi_serum_A000000258649,하이드롤라이즈드하이알루로닉애씨드,41,False
pi_serum_A000000258649,하이알루로닉애씨드,42,False
pi_serum_A000000258649,소듐하이알루로네이트크로스폴리머,43,False
pi_serum_A000000258649,하이드록시프로필트라이모늄하이알루로네이트,44,False
pi_serum_A000000258649,하이드로제네이티드폴리아이소부텐,45,False
pi_serum_A000000258649,벤질글라이콜,46,False
pi_serum_A000000258649,세라마이드엔피,47,False
pi_serum_A000000258649,토코페롤,48,False
pi_serum_A000000258649,하이드롤라이즈드엘라스틴,49,False
pi_serum_A000000258649,폴리글리세릴-10라우레이트,50,False
pi_serum_A000000258649,데이지꽃추출물,51,False
pi_serum_A000000258649,수용성프로테오글리칸,52,False
pi_serum_A000000258649,유채스테롤,53,False
pi_serum_A000000258649,토마토즙,54,False
pi_serum_A000000258649,토마토열매/잎/줄기추출물,55,False
pi_serum_A000000258649,페네틸알코올,56,False
pi_serum_A000000258649,하이드롤라이즈드콜라겐,57,False
pi_serum_A000000258649,라즈베리케톤,58,False
pi_serum_A000000258649,피토스테릴/베헤닐/옥틸도데실라우로일글루타메이트,59,False
pi_serum_A000000258649,콜레스테롤,60,False
pi_serum_A000000258649,라이소레시틴,61,False
pi_serum_A000000258649,올레익애씨드,62,False
pi_serum_A000000258649,글라이코사미노글리칸,63,False
pi_serum_A000000258649,소듐클로라이드,64,False
pi_serum_A000000258649,포타슘포스페이트,65,False
pi_serum_A000000258649,포타슘클로라이드,66,False
pi_serum_A000000258649,다이소듐포스페이트,67,False
pi_serum_A000000258649,하이드롤라이즈드식물성단백질,68,False
pi_serum_A000000258649,지모뿌리추출물,69,False
pi_serum_A000000258649,라이코펜,70,False
pi_serum_A000000258649,콜라겐추출물,71,False
pi_serum_A000000258649,리날릴아세테이트,72,False
pi_serum_A000000258649,에틸리날룰,73,False
pi_serum_A000000258649,유칼립톨,74,False
pi_serum_A000000258649,메틸렌다이옥시페닐메틸프로판알,75,False
pi_serum_A000000258649,헥세닐아세테이트,76,False
pi_serum_A000000258649,"2,4-다이메틸-3-사이클로헥신카복스알데하이드",77,False
pi_serum_A000000258649,3-헥센올,78,False
pi_serum_A000000255620,PDRN앰플정제수,1,False
pi_serum_A000000255620,글리세린,2,False
pi_serum_A000000255620,다이프로필렌글라이콜,3,False
pi_serum_A000000255620,아이소프로필미리스테이트,4,False
pi_serum_A000000255620,글리세레스-26,5,False
pi_serum_A000000255620,나이아신아마이드,6,False
pi_serum_A000000255620,"1,2-헥산다이올",7,False
pi_serum_A000000255620,소듐디엔에이,8,False
pi_serum_A000000255620,부틸렌글라이콜,9,False
pi_serum_A000000255620,폴리글리세린-3,10,False
pi_serum_A000000255620,소듐아크릴레이트/소듐아크릴로일다이메틸타우레이트코폴리머,11,False
pi_serum_A000000255620,폴리아이소부텐,12,False
pi_serum_A000000255620,아크릴레이트/C10-30알킬아크릴레이트크로스폴리머,13,False
pi_serum_A000000255620,이리추출물,14,False
pi_serum_A000000255620,트로메타민,15,False
pi_serum_A000000255620,글리세릴아크릴레이트/아크릴릭애씨드코폴리머,16,False
pi_serum_A000000255620,피브이엠/엠에이코폴리머,17,False
pi_serum_A000000255620,에틸헥실글리세린,18,False
pi_serum_A000000255620,카프릴릴글라이콜,19,False
pi_serum_A000000255620,향료,20,False
pi_serum_A000000255620,인도멀구슬나무잎추출물,21,False
pi_serum_A000000255620,아데노신,22,False
pi_serum_A000000255620,카프릴릴/카프릴글루코사이드,23,False
pi_serum_A000000255620,솔비탄올리에이트,24,False
pi_serum_A000000255620,인도멀구슬나무꽃추출물,25,False
pi_serum_A000000255620,소듐하이알루로네이트,26,False
pi_serum_A000000255620,다이소듐이디티에이,27,False
pi_serum_A000000255620,울금뿌리추출물,28,False
pi_serum_A000000255620,사이아노코발아민,29,False
pi_serum_A000000255620,하이드롤라이즈드콜라겐,30,False
pi_serum_A000000255620,유비퀴논,31,False
pi_serum_A000000255620,홀리바질잎추출물,32,False
pi_serum_A000000255620,참산호말추출물,33,False
pi_serum_A000000255620,팔미토일펜타펩타이드-4,34,False
pi_serum_A000000255620,팔미토일트라이펩타이드-1,35,False
pi_serum_A000000255620,팔미토일테트라펩타이드-7,36,False
pi_serum_A000000255620,카퍼트라이펩타이드-1,37,False
pi_serum_A000000255620,아세틸헥사펩타이드-8,38,False
pi_serum_A000000255620,연어알추출물,39,False
pi_serum_A000000255620,아텔로콜라겐,40,False
pi_serum_A000000200646,정제수,1,False
pi_serum_A000000200646,에톡시다이글라이콜,2,False
pi_serum_A000000200646,메틸프로판다이올,3,False
pi_serum_A000000200646,메틸글루세스-20,4,False
pi_serum_A000000200646,"1,2-헥산다이올",5,False
pi_serum_A000000200646,나이아신아마이드,6,False
pi_serum_A000000200646,병풀추출물,7,False
pi_serum_A000000200646,티트리추출물,8,False
pi_serum_A000000200646,티트리잎추출물,9,False
pi_serum_A000000200646,티트리꽃/잎/줄기추출물,10,False
pi_serum_A000000200646,몰로키아잎추출물,11,False
pi_serum_A000000200646,신선초추출물,12,False
pi_serum_A000000200646,연꽃뿌리추출물,13,False
pi_serum_A000000200646,오크라열매추출물,14,False
pi_serum_A000000200646,참마뿌리추출물,15,False
pi_serum_A000000200646,하이드로제네이티드레시틴,16,False
pi_serum_A000000200646,티트리잎수,17,False
pi_serum_A000000200646,티트리잎오일,18,False
pi_serum_A000000200646,옥틸도데칸올,19,False
pi_serum_A000000200646,옥틸도데세스-16,20,False
pi_serum_A000000200646,아시아티코사이드,21,False
pi_serum_A000000200646,마데카식애씨드,22,False
pi_serum_A000000200646,글라이코리피드,23,False
pi_serum_A000000200646,아시아틱애씨드,24,False
pi_serum_A000000200646,C12-13알케스-9,25,False
pi_serum_A000000200646,카보머,26,False
pi_serum_A000000200646,트로메타민,27,False
pi_serum_A000000200646,피브이피,28,False
pi_serum_A000000200646,소듐폴리아크릴레이트,29,False
pi_serum_A000000200646,다이소듐이디티에이,30,False
pi_serum_A000000200646,4-터피네올,31,False
pi_serum_A000000200646,징크피씨에이,32,False
pi_serum_A000000200646,에틸헥실글리세린,33,False
pi_serum_A000000243677,정제수,1,False
pi_serum_A000000243677,다이프로필렌글라이콜,2,False
pi_serum_A000000243677,프로판다이올,3,False
pi_serum_A000000243677,아스코빅애씨드,4,False
pi_serum_A000000243677,"2,3-부탄다이올",5,False
pi_serum_A000000243677,글리세린,6,False
pi_serum_A000000243677,변성알코올,7,False
pi_serum_A000000243677,판테놀,8,False
pi_serum_A000000243677,글라이코실트레할로오스,9,False
pi_serum_A000000243677,하이드로제네이티드스타치하이드롤리세이트,10,False
pi_serum_A000000243677,"1,2-헥산다이올",11,False
pi_serum_A000000243677,솔비톨,12,False
pi_serum_A000000243677,폴리글리세릴-10스테아레이트,13,False
pi_serum_A000000243677,폴리글리세릴-10올리에이트,14,False
pi_serum_A000000243677,알란토인,15,False
pi_serum_A000000243677,마데카소사이드,16,False
pi_serum_A000000243677,트레할로오스,17,False
pi_serum_A000000243677,부틸렌글라이콜,18,False
pi_serum_A000000243677,베티버뿌리오일,19,False
pi_serum_A000000243677,덱스트린,20,False
pi_serum_A000000243677,소듐하이알루로네이트,21,False
pi_serum_A000000243677,잇꽃꽃추출물,22,False
pi_serum_A000000243677,카카오씨추출물,23,False
pi_serum_A000000243677,후추열매오일,24,False
pi_serum_A000000243677,생강오일,25,False
pi_serum_A000000243677,홍삼추출물,26,False
pi_serum_A000000243677,영지버섯추출물,27,False
pi_serum_A000000243677,토코페롤,28,False
pi_serum_A000000243677,페룰릭애씨드,29,False
pi_serum_A000000243677,스쿠알란,30,False
pi_serum_A000000243677,카프릴릭/카프릭트라이글리세라이드,31,False
pi_serum_A000000243677,세라마이드엔피,32,False
pi_serum_A000000243677,하이드로제네이티드레시틴,33,False
pi_serum_A000000243677,육계잎오일,34,False
pi_serum_A000000243677,다마스크장미꽃오일,35,False
pi_serum_A000000243677,돌콩오일,36,False
pi_serum_A000000243677,다이소듐이디티에이,37,False
pi_serum_A000000243677,트로메타민,38,False
pi_serum_A000000237634,정제수,1,False
pi_serum_A000000237634,부틸렌글라이콜,2,False
pi_serum_A000000237634,글리세린,3,False
pi_serum_A000000237634,메틸글루세스-20,4,False
pi_serum_A000000237634,아스코빌글루코사이드,5,False
pi_serum_A000000237634,나이아신아마이드,6,False
pi_serum_A000000237634,카프릴릴메티콘,7,False
pi_serum_A000000237634,카프릴릭/카프릭트라이글리세라이드,8,False
pi_serum_A000000237634,하이드로제네이티드폴리아이소부텐,9,False
pi_serum_A000000237634,"1,2-헥산다이올",10,False
pi_serum_A000000237634,트로메타민,11,False
pi_serum_A000000237634,하이드록시에틸아크릴레이트/소듐아크릴로일다이메틸타우레이트코폴리머,12,False
pi_serum_A000000237634,폴리솔베이트20,13,False
pi_serum_A000000237634,폴리아크릴레이트-13,14,False
pi_serum_A000000237634,다이메티콘,15,False
pi_serum_A000000237634,판테놀,16,False
pi_serum_A000000237634,소듐스테아로일글루타메이트,17,False
pi_serum_A000000237634,소듐시트레이트,18,False
pi_serum_A000000237634,폴리아이소부텐,19,False
pi_serum_A000000237634,폴리아크릴레이트크로스폴리머-6,20,False
pi_serum_A000000237634,다이메틸아이소소바이드,21,False
pi_serum_A000000237634,락토바실러스/콩추출물발효여과물,22,False
pi_serum_A000000237634,해바라기씨오일,23,False
pi_serum_A000000237634,옥수수전분,24,False
pi_serum_A000000237634,돌콩오일,25,False
pi_serum_A000000237634,만니톨,26,False
pi_serum_A000000237634,수크로오스,27,False
pi_serum_A000000237634,마이크로크리스탈린셀룰로오스,28,False
pi_serum_A000000237634,글리세릴카프릴레이트,29,False
pi_serum_A000000237634,스핑고모나스발효추출물,30,False
pi_serum_A000000237634,에틸헥실글리세린,31,False
pi_serum_A000000237634,솔비탄아이소스테아레이트,32,False
pi_serum_A000000237634,소듐메타포스페이트,33,False
pi_serum_A000000237634,당근추출물,34,False
pi_serum_A000000237634,아데노신,35,False
pi_serum_A000000237634,하이드록시피나콜론레티노에이트,36,False
pi_serum_A000000237634,시트릭애씨드,37,False
pi_serum_A000000237634,레티놀,38,False
pi_serum_A000000237634,티타늄디옥사이드,39,False
pi_serum_A000000237634,황색산화철,40,False
pi_serum_A000000237634,엑토인,41,False
pi_serum_A000000237634,하이드로제네이티드레시틴,42,False
pi_serum_A000000237634,아스코빅애씨드,43,False
pi_serum_A000000237634,베타-카로틴,44,False
pi_serum_A000000237634,토코페롤,45,False
pi_serum_A000000237634,펜틸렌글라이콜,46,False
pi_serum_A000000237634,프로필렌글라이콜,47,False
pi_serum_A000000237634,소듐하이알루로네이트,48,False
pi_serum_A000000237634,카보머,49,False
pi_serum_A000000237634,아세틸테트라펩타이드-11,50,False
pi_serum_A000000237634,아라비아고무나무검,51,False
pi_serum_A000000237634,프로필렌글라이콜알지네이트[PDRN세럼]정제수,52,False
pi_serum_A000000237634,트라이프로필렌글라이콜,56,False
pi_serum_A000000237634,베타인,58,False
pi_serum_A000000237634,암모늄아크릴로일다이메틸타우레이트/브이피코폴리머,61,False
pi_serum_A000000237634,폴리메틸메타크릴레이트,64,False
pi_serum_A000000237634,콜레스테롤,66,False
pi_serum_A000000237634,잔탄검,68,False
pi_serum_A000000237634,티몰트라이메톡시신나메이트,69,False
pi_serum_A000000237634,클로렐라프로토테코이데스추출물,71,False
pi_serum_A000000237634,소듐카보머,72,False
pi_serum_A000000237634,아시아티코사이드,78,False
pi_serum_A000000237634,마데카식애씨드,79,False
pi_serum_A000000237634,아시아틱애씨드,80,False
pi_serum_A000000237634,하이드롤라이즈드디엔에이,82,False
pi_serum_A000000237634,3-O-에틸아스코빅애씨드,84,False
pi_serum_A000000237634,페룰릭애씨드,85,False
pi_serum_A000000237634,락토바실러스세포외소포,86,False
pi_serum_A000000237634,황련뿌리추출물,88,False
pi_serum_A000000237634,사이아노코발아민,90,False
pi_serum_A000000237634,글루타티온,91,False
pi_serum_A000000237634,아스코빅애씨드[3C히알루론산세럼]정제수,92,False
pi_serum_A000000237634,메도우폼씨오일,95,False
pi_serum_A000000237634,베헤닐알코올,97,False
pi_serum_A000000237634,글리세릴폴리메타크릴레이트,99,False
pi_serum_A000000237634,자일리톨,100,False
pi_serum_A000000237634,카페인,102,False
pi_serum_A000000237634,에리스리톨,103,False
pi_serum_A000000237634,피토스테롤,104,False
pi_serum_A000000237634,호호바에스터,105,False
pi_serum_A000000237634,아라키딜알코올,109,False
pi_serum_A000000237634,아라키딜글루코사이드,112,False
pi_serum_A000000237634,마데카소사이드,114,False
pi_serum_A000000237634,하이알루로닉애씨드,115,False
pi_serum_A000000237634,세라마이드엔피,118,False
pi_serum_A000000237634,소듐하이알루로네이트크로스폴리머-6,120,False
pi_serum_A000000211119,정제수,1,False
pi_serum_A000000211119,글리세린,2,False
pi_serum_A000000211119,부틸렌글라이콜,3,False
pi_serum_A000000211119,프로판다이올,4,False
pi_serum_A000000211119,"1,2-헥산다이올",5,False
pi_serum_A000000211119,나이아신아마이드,6,False
pi_serum_A000000211119,글리세릴폴리메타크릴레이트,7,False
pi_serum_A000000211119,판테놀,8,False
pi_serum_A000000211119,베타인,9,False
pi_serum_A000000211119,폴리글리세릴-10라우레이트,10,False
pi_serum_A000000211119,아크릴레이트/C10-30알킬아크릴레이트크로스폴리머,11,False
pi_serum_A000000211119,다이페닐다이메티콘,12,False
pi_serum_A000000211119,트라이에틸헥사노인,13,False
pi_serum_A000000211119,트로메타민,14,False
pi_serum_A000000211119,마데카소사이드,15,False
pi_serum_A000000211119,에틸헥실글리세린,16,False
pi_serum_A000000211119,하이드로제네이티드레시틴,17,False
pi_serum_A000000211119,잔탄검,18,False
pi_serum_A000000211119,소듐하이알루로네이트,19,False
pi_serum_A000000211119,병풀추출물,20,False
pi_serum_A000000211119,아시아티코사이드,21,False
pi_serum_A000000211119,서양배추출물,22,False
pi_serum_A000000211119,연필향나무오일,23,False
pi_serum_A000000211119,병풀잎추출물,24,False
pi_serum_A000000211119,베타-글루칸,25,False
pi_serum_A000000211119,다마스크장미꽃수,26,False
pi_serum_A000000211119,멜론추출물,27,False
pi_serum_A000000211119,오리스뿌리추출물,28,False
pi_serum_A000000211119,서양송악잎/줄기추출물,29,False
pi_serum_A000000211119,호호바씨오일,30,False
pi_serum_A000000211119,광곽향오일,31,False
pi_serum_A000000211119,불가리스쑥오일,32,False
pi_serum_A000000211119,로즈마리잎오일,33,False
pi_serum_A000000211119,토코페롤,34,False
pi_serum_A000000211119,다이프로필렌글라이콜,35,False
pi_serum_A000000211119,펜틸렌글라이콜,36,False
pi_serum_A000000211119,카프릴릴/카프릴글루코사이드,37,False
pi_serum_A000000211119,마데카식애씨드,38,False
pi_serum_A000000211119,아시아틱애씨드,39,False
pi_serum_A000000211119,세라마이드엔피,40,False
pi_serum_A000000158615,정제수,1,False
pi_serum_A000000158615,나이아신아마이드,2,False
pi_serum_A000000158615,펜틸렌글라이콜,3,False
pi_serum_A000000158615,징크피씨에이(징크로서,4,False
pi_serum_A000000158615,다이메틸아이소소바이드,5,False
pi_serum_A000000158615,타마린드씨검,6,False
pi_serum_A000000158615,잔탄검,7,False
pi_serum_A000000158615,아이소세테스-20,8,False
pi_serum_A000000158615,에톡시다이글라이콜,9,False
pi_serum_A000000158615,페녹시에탄올,10,False
pi_serum_A000000158615,클로페네신,11,False
pi_serum_A000000258291,정제수,1,False
pi_serum_A000000258291,부틸렌글라이콜,2,False
pi_serum_A000000258291,글리세린,3,False
pi_serum_A000000258291,다이프로필렌글라이콜,4,False
pi_serum_A000000258291,"1,2-헥산다이올",5,False
pi_serum_A000000258291,판테놀,6,False
pi_serum_A000000258291,소듐하이알루로네이트크로스폴리머,7,False
pi_serum_A000000258291,하이드롤라이즈드하이알루로닉애씨드,8,False
pi_serum_A000000258291,소듐하이알루로네이트,9,False
pi_serum_A000000258291,소듐아세틸레이티드하이알루로네이트,10,False
pi_serum_A000000258291,하이드롤라이즈드소듐하이알루로네이트,11,False
pi_serum_A000000258291,알란토인,12,False
pi_serum_A000000258291,엑토인,13,False
pi_serum_A000000258291,창과감초뿌리추출물,14,False
pi_serum_A000000258291,"2,3-부탄다이올",15,False
pi_serum_A000000258291,트레할로오스,16,False
pi_serum_A000000258291,베타인,17,False
pi_serum_A000000258291,프로판다이올,18,False
pi_serum_A000000258291,쇠비름추출물,19,False
pi_serum_A000000258291,버지니아풍년화잎추출물,20,False
pi_serum_A000000258291,마데카소사이드,21,False
pi_serum_A000000258291,마데카식애씨드,22,False
pi_serum_A000000258291,세라마이드엔피,23,False
pi_serum_A000000258291,베타-글루칸,24,False
pi_serum_A000000258291,말라카이트추출물,25,False
pi_serum_A000000258291,콜레스테롤,26,False
pi_serum_A000000258291,펜틸렌글라이콜,27,False
pi_serum_A000000258291,글리세릴아크릴레이트/아크릴릭애씨드코폴리머,28,False
pi_serum_A000000258291,피브이엠/엠에이코폴리머,29,False
pi_serum_A000000258291,폴리글리세릴-10라우레이트,30,False
pi_serum_A000000258291,잔탄검,31,False
pi_serum_A000000258291,트로메타민,32,False
pi_serum_A000000258291,카보머,33,False
pi_serum_A000000258291,에틸헥실글리세린,34,False
pi_serum_A000000258291,황금추출물,35,False
pi_serum_A000000258291,모란뿌리추출물,36,False
pi_serum_A000000258878,정제수,1,False
pi_serum_A000000258878,다이프로필렌글라이콜,2,False
pi_serum_A000000258878,글리세린,3,False
pi_serum_A000000258878,펜틸렌글라이콜,4,False
pi_serum_A000000258878,"1,2-헥산다이올",5,False
pi_serum_A000000258878,나이아신아마이드,6,False
pi_serum_A000000258878,아세틸헥사펩타이드-8,7,False
pi_serum_A000000258878,카퍼트라이펩타이드-1,8,False
pi_serum_A000000258878,에스에이치-폴리펩타이드-121,9,False
pi_serum_A000000258878,다이펩타이드다이아미노부티로일벤질아마이드다이아세테이트,10,False
pi_serum_A000000258878,올리고펩타이드-68,11,False
pi_serum_A000000258878,팔미토일트라이펩타이드-8,12,False
pi_serum_A000000258878,알란토인,13,False
pi_serum_A000000258878,소듐하이알루로네이트,14,False
pi_serum_A000000258878,아세틸글루코사민,15,False
pi_serum_A000000258878,세린,16,False
pi_serum_A000000258878,알라닌,17,False
pi_serum_A000000258878,글라이신,18,False
pi_serum_A000000258878,트레오닌,19,False
pi_serum_A000000258878,알지닌,20,False
pi_serum_A000000258878,프롤린,21,False
pi_serum_A000000258878,베타인,22,False
pi_serum_A000000258878,소듐피씨에이,23,False
pi_serum_A000000258878,소듐락테이트,24,False
pi_serum_A000000258878,피씨에이,25,False
pi_serum_A000000258878,글루타믹애씨드,26,False
pi_serum_A000000258878,라이신에이치씨엘,27,False
pi_serum_A000000258878,토코페롤,28,False
pi_serum_A000000258878,덱스트란,29,False
pi_serum_A000000258878,돌콩오일,30,False
pi_serum_A000000258878,하이드로제네이티드레시틴,31,False
pi_serum_A000000258878,암모늄아크릴로일다이메틸타우레이트/브이피코폴리머,32,False
pi_serum_A000000258878,폴리아크릴레이트크로스폴리머-6,33,False
pi_serum_A000000258878,부틸렌글라이콜,34,False
pi_serum_A000000258878,잔탄검,35,False
pi_serum_A000000258878,에틸헥실글리세린,36,False
pi_serum_A000000258878,아데노신,37,False
pi_serum_A000000258878,폴리쿼터늄-51,38,False
pi_serum_A000000258878,다이소듐이디티에이,39,False
pi_serum_A000000258878,시트릭애씨드,40,False
pi_serum_A000000258878,카프릴릴글라이콜,41,False
pi_serum_A000000258878,t-부틸알코올,42,False
pi_serum_A000000258878,포타슘솔베이트,43,False
pi_serum_A000000258878,소듐올리에이트,44,False
pi_serum_A000000255227,정제수,1,False
pi_serum_A000000255227,메틸프로판다이올,2,False
pi_serum_A000000255227,나이아신아마이드,3,False
pi_serum_A000000255227,피피지-26-부테스-26,4,False
pi_serum_A000000255227,피이지-40하이드로제네이티드캐스터오일,5,False
pi_serum_A000000255227,소듐피씨에이,6,False
pi_serum_A000000255227,다이소듐이디티에이,7,False
pi_serum_A000000255227,살리실릭애씨드,8,False
pi_serum_A000000255227,하이드록시에틸셀룰로오스,9,False
pi_serum_A000000255227,만니톨,10,False
pi_serum_A000000255227,소듐시트레이트,11,False
pi_serum_A000000255227,토코페릴아세테이트,12,False
pi_serum_A000000255227,자일리톨,13,False
pi_serum_A000000255227,헥실데칸올,14,False
pi_serum_A000000255227,세트리모늄브로마이드,15,False
pi_serum_A000000255227,향료,16,False
pi_serum_A000000255227,벤조트라이아졸릴도데실p-크레솔,17,False
pi_serum_A000000255227,람노오스,18,False
pi_serum_A000000255227,소듐하이드록사이드,19,False
pi_serum_A000000255227,사과씨추출물,20,False
pi_serum_A000000255227,유채스테롤,21,False
pi_serum_A000000255227,토코페롤,22,False
pi_serum_A000000231822,실리카,1,False
pi_serum_A000000231822,다이메티콘,2,False
pi_serum_A000000231822,옥수수전분,3,False
pi_serum_A000000231822,알루미늄전분옥테닐석시네이트,4,False
pi_serum_A000000231822,비닐다이메티콘/메티콘실세스퀴옥세인크로스폴리머,5,False
pi_serum_A000000231822,마이카,6,False
pi_serum_A000000231822,다이메티콘/비닐다이메티콘크로스폴리머,7,False
pi_serum_A000000231822,카프릴릭/카프릭트라이글리세라이드,8,False
pi_serum_A000000231822,옥틸도데실스테아로일스테아레이트,9,False
pi_serum_A000000231822,칼라민,10,False
pi_serum_A000000231822,마카다미아씨오일,11,False
pi_serum_A000000231822,병풀추출물,12,False
pi_serum_A000000231822,판토테닉애씨드,13,False
pi_serum_A000000231822,징크피씨에이,14,False
pi_serum_A000000231822,카프릴릴글라이콜,15,False
pi_serum_A000000231822,나이아신아마이드,16,False
pi_serum_A000000231822,에틸헥실글리세린,17,False
pi_serum_A000000231822,다이포타슘글리시리제이트,18,False
pi_serum_A000000231822,마데카소사이드,19,False
pi_serum_A000000231822,토코페롤,20,False
pi_serum_A000000255701,정제수,1,False
pi_serum_A000000255701,부틸렌글라이콜,2,False
pi_serum_A000000255701,에스에이치-올리고펩타이드-1,3,False
pi_serum_A000000255701,에스에이치-폴리펩타이드-1,4,False
pi_serum_A000000255701,로우스위트블루베리추출물,5,False
pi_serum_A000000255701,레시틴,6,False
pi_serum_A000000255701,솔비탄세스퀴올리에이트,7,False
pi_serum_A000000255701,"1,2-헥산다이올",8,False
pi_serum_A000000255701,카프릴릴글라이콜,9,False
pi_serum_A000000255701,피이지-60하이드로제네이티드캐스터오일,10,False
pi_serum_A000000255701,글리세린,11,False
pi_serum_A000000255701,클로페네신,12,False
pi_serum_A000000255701,구아이아줄렌,13,False
pi_serum_A000000255701,에틸헥실글리세린,14,False
pi_serum_A000000255701,아데노신,15,False
pi_serum_A000000259069,아쿠아(아벤느온천수),1,False
pi_serum_A000000259069,글리세린,2,False
pi_serum_A000000259069,펜틸렌글라이콜,3,False
pi_serum_A000000259069,"1,2-헥산다이올",4,False
pi_serum_A000000259069,다이메티콘,5,False
pi_serum_A000000259069,하이드록시에틸아크릴레이트/소듐아크릴로일다이메틸타우레이트코폴리머,6,False
pi_serum_A000000259069,베타인,7,False
pi_serum_A000000259069,메틸글루세스-20,8,False
pi_serum_A000000259069,아이소세틸스테아로일스테아레이트,9,False
pi_serum_A000000259069,트라이에틸헥사노인,10,False
pi_serum_A000000259069,하이드로제네이티드폴리아이소부텐,11,False
pi_serum_A000000259069,세테아릴올리베이트,12,False
pi_serum_A000000259069,솔비탄올리베이트,13,False
pi_serum_A000000259069,스쿠알란,14,False
pi_serum_A000000259069,트레할로오스,15,False
pi_serum_A000000259069,향료,16,False
pi_serum_A000000259069,정제수,17,False
pi_serum_A000000259069,소듐시트레이트,18,False
pi_serum_A000000259069,피이지-7트라이메틸올프로판코코넛에터,19,False
pi_serum_A000000259069,다이소듐이디티에이,20,False
pi_serum_A000000259069,레시틴,21,False
pi_serum_A000000259069,피토스테롤,22,False
pi_serum_A000000259069,잔탄검,23,False
pi_serum_A000000259069,솔비탄아이소스테아레이트,24,False
pi_serum_A000000259069,시트릭애씨드,25,False
pi_serum_A000000259069,소듐하이알루로네이트,26,False
pi_serum_A000000258877,정제수,1,False
pi_serum_A000000258877,글리세린,2,False
pi_serum_A000000258877,부틸렌글라이콜,3,False
pi_serum_A000000258877,나이아신아마이드,4,False
pi_serum_A000000258877,병풀잎수,5,False
pi_serum_A000000258877,다이부틸아디페이트,6,False
pi_serum_A000000258877,"1,2-헥산다이올",7,False
pi_serum_A000000258877,카프릴릭/카프릭트라이글리세라이드,8,False
pi_serum_A000000258877,하이드로제네이티드레시틴,9,False
pi_serum_A000000258877,암모늄아크릴로일다이메틸타우레이트/브이피코폴리머,10,False
pi_serum_A000000258877,콜레스테롤,11,False
pi_serum_A000000258877,돌콩오일,12,False
pi_serum_A000000258877,알란토인,13,False
pi_serum_A000000258877,토코페롤,14,False
pi_serum_A000000258877,에틸헥실글리세린,15,False
pi_serum_A000000258877,토코페릴아세테이트,16,False
pi_serum_A000000258877,소듐메틸스테아로일타우레이트,17,False
pi_serum_A000000258877,해바라기씨오일,18,False
pi_serum_A000000258877,폴리글리세릴-6카프릴레이트,19,False
pi_serum_A000000258877,다이메틸아이소소바이드,20,False
pi_serum_A000000258877,아데노신,21,False
pi_serum_A000000258877,레티놀,22,False
pi_serum_A000000258877,당근추출물,23,False
pi_serum_A000000258877,잔탄검,24,False
pi_serum_A000000258877,폴리글리세릴-10라우레이트,25,False
pi_serum_A000000258877,하이드록시피나콜론레티노에이트,26,False
pi_serum_A000000258877,레틴알,27,False
pi_serum_A000000258877,풀루란,28,False
pi_serum_A000000258877,세라마이드엔피,29,False
pi_serum_A000000258877,하이알루로닉애씨드,30,False
pi_serum_A000000258877,베타-카로틴,31,False
pi_serum_A000000258877,트로메타민,32,False
pi_serum_A000000258877,병풀추출물,33,False
pi_serum_A000000258877,글라이코프로테인,34,False
pi_serum_A000000258877,제인,35,False
pi_serum_A000000258877,펙틴*3XRETINOLCOMPLEX:레티놀1,36,False
pi_serum_A000000258824,정제수,1,False
pi_serum_A000000258824,부틸렌글라이콜,2,False
pi_serum_A000000258824,글리세린,3,False
pi_serum_A000000258824,나이아신아마이드,4,False
pi_serum_A000000258824,프로판다이올,5,False
pi_serum_A000000258824,"1,2-헥산다이올",6,False
pi_serum_A000000258824,팔미토일트라이펩타이드-5,7,False
pi_serum_A000000258824,헥사펩타이드-9,8,False
pi_serum_A000000258824,올리고펩타이드-1,9,False
pi_serum_A000000258824,에스알-(올리고펩타이드-91클로스트리듐보툴리눔폴리펩타이드-1),10,False
pi_serum_A000000258824,소듐하이알루로네이트,11,False
pi_serum_A000000258824,소듐디엔에이,12,False
pi_serum_A000000258824,말라카이트추출물,13,False
pi_serum_A000000258824,스키조사카로미세스발효여과물,14,False
pi_serum_A000000258824,아크릴레이트/C10-30알킬아크릴레이트크로스폴리머,15,False
pi_serum_A000000258824,트로메타민,16,False
pi_serum_A000000258824,폴리아크릴레이트크로스폴리머-6,17,False
pi_serum_A000000258824,에리스리톨,18,False
pi_serum_A000000258824,카프릴릭/카프릭트라이글리세라이드,19,False
pi_serum_A000000258824,에틸헥실글리세린,20,False
pi_serum_A000000258824,아데노신,21,False
pi_serum_A000000258824,글리세릴폴리아크릴레이트,22,False
pi_serum_A000000258824,하이드로제네이티드레시틴,23,False
pi_serum_A000000258824,소듐파이테이트,24,False
pi_serum_A000000258824,세라마이드엔피,25,False
pi_serum_A000000258824,베타-글루칸,26,False
pi_serum_A000000258824,다발방패버섯추출물,27,False
pi_serum_A000000258824,토코페롤,28,False
pi_serum_A000000258824,레시틴,29,False
pi_serum_A000000258824,폴리솔베이트20,30,False
pi_serum_A000000258824,소듐아스코빌포스페이트,31,False
pi_serum_A000000258824,글라이신,32,False
pi_serum_A000000258824,알지닌,33,False
pi_serum_A000000258824,글루타믹애씨드,34,False
pi_serum_A000000258824,다이소듐이디티에이,35,False
pi_serum_A000000258824,아이리쉬모스가루,36,False
pi_serum_A000000258824,울트라마린,37,False
pi_serum_A000000258824,티타늄디옥사이드,38,False
pi_serum_A000000258824,흑색산화철,39,False
pi_serum_A000000258824,아가,40,False
pi_serum_A000000231293,정제수,1,False
pi_serum_A000000231293,부틸렌글라이콜,2,False
pi_serum_A000000231293,글리세린,3,False
pi_serum_A000000231293,메틸글루세스-20,4,False
pi_serum_A000000231293,아스코빌글루코사이드,5,False
pi_serum_A000000231293,나이아신아마이드,6,False
pi_serum_A000000231293,카프릴릴메티콘,7,False
pi_serum_A000000231293,카프릴릭/카프릭트라이글리세라이드,8,False
pi_serum_A000000231293,하이드로제네이티드폴리아이소부텐,9,False
pi_serum_A000000231293,"1,2-헥산다이올",10,False
pi_serum_A000000231293,트로메타민,11,False
pi_serum_A000000231293,하이드록시에틸아크릴레이트/소듐아크릴로일다이메틸타우레이트코폴리머,12,False
pi_serum_A000000231293,폴리솔베이트20,13,False
pi_serum_A000000231293,폴리아크릴레이트-13,14,False
pi_serum_A000000231293,다이메티콘,15,False
pi_serum_A000000231293,판테놀,16,False
pi_serum_A000000231293,소듐스테아로일글루타메이트,17,False
pi_serum_A000000231293,소듐시트레이트,18,False
pi_serum_A000000231293,폴리아이소부텐,19,False
pi_serum_A000000231293,폴리아크릴레이트크로스폴리머-6,20,False
pi_serum_A000000231293,다이메틸아이소소바이드,21,False
pi_serum_A000000231293,락토바실러스/콩추출물발효여과물,22,False
pi_serum_A000000231293,해바라기씨오일,23,False
pi_serum_A000000231293,옥수수전분,24,False
pi_serum_A000000231293,돌콩오일,25,False
pi_serum_A000000231293,만니톨,26,False
pi_serum_A000000231293,수크로오스,27,False
pi_serum_A000000231293,마이크로크리스탈린셀룰로오스,28,False
pi_serum_A000000231293,글리세릴카프릴레이트,29,False
pi_serum_A000000231293,스핑고모나스발효추출물,30,False
pi_serum_A000000231293,에틸헥실글리세린,31,False
pi_serum_A000000231293,솔비탄아이소스테아레이트,32,False
pi_serum_A000000231293,소듐메타포스페이트,33,False
pi_serum_A000000231293,당근추출물,34,False
pi_serum_A000000231293,아데노신,35,False
pi_serum_A000000231293,하이드록시피나콜론레티노에이트,36,False
pi_serum_A000000231293,시트릭애씨드,37,False
pi_serum_A000000231293,레티놀,38,False
pi_serum_A000000231293,티타늄디옥사이드,39,False
pi_serum_A000000231293,황색산화철,40,False
pi_serum_A000000231293,엑토인,41,False
pi_serum_A000000231293,하이드로제네이티드레시틴,42,False
pi_serum_A000000231293,아스코빅애씨드,43,False
pi_serum_A000000231293,베타-카로틴,44,False
pi_serum_A000000231293,토코페롤,45,False
pi_serum_A000000231293,펜틸렌글라이콜,46,False
pi_serum_A000000231293,프로필렌글라이콜,47,False
pi_serum_A000000231293,소듐하이알루로네이트,48,False
pi_serum_A000000231293,카보머,49,False
pi_serum_A000000231293,아세틸테트라펩타이드-11,50,False
pi_serum_A000000231293,아라비아고무나무검,51,False
pi_serum_A000000231293,프로필렌글라이콜알지네이트,52,False
pi_serum_A000000250199,정제수,1,False
pi_serum_A000000250199,부틸렌글라이콜,2,False
pi_serum_A000000250199,글리세린,3,False
pi_serum_A000000250199,카프릴릭/카프릭트라이글리세라이드,4,False
pi_serum_A000000250199,세테아릴알코올,5,False
pi_serum_A000000250199,나이아신아마이드,6,False
pi_serum_A000000250199,다이아이소스테아릴말레이트,7,False
pi_serum_A000000250199,"1,2-헥산다이올",8,False
pi_serum_A000000250199,폴리프로필실세스퀴옥세인,9,False
pi_serum_A000000250199,판테놀,10,False
pi_serum_A000000250199,세테아릴올리베이트,11,False
pi_serum_A000000250199,세테아릴글루코사이드,12,False
pi_serum_A000000250199,솔비탄올리베이트,13,False
pi_serum_A000000250199,하이드록시에틸아크릴레이트/소듐아크릴로일다이메틸타우레이트코폴리머,14,False
pi_serum_A000000250199,레시틴,15,False
pi_serum_A000000250199,카보머,16,False
pi_serum_A000000250199,알지닌,17,False
pi_serum_A000000250199,다이메티콘/비닐다이메티콘크로스폴리머,18,False
pi_serum_A000000250199,토코페롤,19,False
pi_serum_A000000250199,레틴알,20,False
pi_serum_A000000250199,잔탄검,21,False
pi_serum_A000000250199,에틸헥실글리세린,22,False
pi_serum_A000000250199,아데노신,23,False
pi_serum_A000000250199,솔비탄아이소스테아레이트,24,False
pi_serum_A000000250199,소듐락테이트,25,False
pi_serum_A000000250199,하이드롤라이즈드해면,26,False
pi_serum_A000000250199,다이소듐이디티에이,27,False
pi_serum_A000000250199,폴리솔베이트20,28,False
pi_serum_A000000250199,아스코빅애씨드,29,False
pi_serum_A000000250199,글루코오스,30,False
pi_serum_A000000250199,팔미토일트라이펩타이드-1,31,False
pi_serum_A000000250199,팔미토일테트라펩타이드-7,32,False
pi_serum_A000000226201,정제수,1,False
pi_serum_A000000226201,글리세린,2,False
pi_serum_A000000226201,나이아신아마이드,3,False
pi_serum_A000000226201,트라넥사믹애씨드,4,False
pi_serum_A000000226201,부틸렌글라이콜,5,False
pi_serum_A000000226201,다이에톡시에틸석시네이트,6,False
pi_serum_A000000226201,"1,2-헥산다이올",7,False
pi_serum_A000000226201,알부틴,8,False
pi_serum_A000000226201,펜틸렌글라이콜,9,False
pi_serum_A000000226201,소듐하이알루로네이트,10,False
pi_serum_A000000226201,잔탄검,11,False
pi_serum_A000000226201,베타인살리실레이트,12,False
pi_serum_A000000226201,알파-알부틴,13,False
pi_serum_A000000226201,수크로오스팔미테이트,14,False
pi_serum_A000000226201,아이비고드열매추출물,15,False
pi_serum_A000000226201,한련초추출물,16,False
pi_serum_A000000226201,하이드로제네이티드레시틴,17,False
pi_serum_A000000226201,젤란검,18,False
pi_serum_A000000226201,퀸즈랜드넛오일,19,False
pi_serum_A000000226201,올리브오일,20,False
pi_serum_A000000226201,호호바씨오일,21,False
pi_serum_A000000226201,포도씨오일,22,False
pi_serum_A000000226201,소듐파이테이트,23,False
pi_serum_A000000226201,셀룰로오스,24,False
pi_serum_A000000226201,카프릴릭/카프릭트라이글리세라이드,25,False
pi_serum_A000000226201,판테놀,26,False
pi_serum_A000000226201,사이아노코발아민,27,False
pi_serum_A000000226201,폴리글루타믹애씨드,28,False
pi_serum_A000000226201,3-O-에틸아스코빅애씨드,29,False
pi_serum_A000000226201,세라마이드엔피,30,False
pi_serum_A000000226201,덱스트린,31,False
pi_serum_A000000226201,카카오추출물,32,False
pi_serum_A000000226201,하이드롤라이즈드하이알루로닉애씨드,33,False
pi_serum_A000000226201,편백잎추출물,34,False
pi_serum_A000000226201,복사나무꽃추출물,35,False
pi_serum_A000000226201,녹차씨오일,36,False
pi_serum_A000000226201,아시아티코사이드,37,False
pi_serum_A000000226201,마데카식애씨드,38,False
pi_serum_A000000226201,아시아틱애씨드,39,False
pi_serum_A000000226201,효모발효추출물,40,False
pi_serum_A000000226201,병풀추출물,41,False
pi_serum_A000000226201,쑥잎추출물,42,False
pi_serum_A000000226201,칸디다봄비콜라/글루코오스/메틸레이프씨데이트발효물,43,False
pi_serum_A000000226201,다이메틸실란올하이알루로네이트,44,False
pi_serum_A000000226201,하이드롤라이즈드소듐하이알루로네이트,45,False
pi_serum_A000000226201,하이알루로닉애씨드,46,False
pi_serum_A000000226201,포타슘하이알루로네이트,47,False
pi_serum_A000000226201,하이드록시프로필트라이모늄하이알루로네이트,48,False
pi_serum_A000000226201,소듐하이알루로네이트크로스폴리머,49,False
pi_serum_A000000226201,소듐하이알루로네이트다이메틸실란올,50,False
pi_serum_A000000226201,소듐아세틸레이티드하이알루로네이트,51,False
pi_serum_A000000189837,정제수,1,False
pi_serum_A000000189837,부틸렌글라이콜,2,False
pi_serum_A000000189837,나이아신아마이드,3,False
pi_serum_A000000189837,판테놀,4,False
pi_serum_A000000189837,트라넥사믹애씨드,5,False
pi_serum_A000000189837,"1,2-헥산다이올",6,False
pi_serum_A000000189837,네오펜틸글라이콜다이카프레이트,7,False
pi_serum_A000000189837,카프릴릭/카프릭트라이글리세라이드,8,False
pi_serum_A000000189837,솔비톨,9,False
pi_serum_A000000189837,월귤추출물,10,False
pi_serum_A000000189837,아이리쉬모스추출물,11,False
pi_serum_A000000189837,시어버터,12,False
pi_serum_A000000189837,사탕수수추출물,13,False
pi_serum_A000000189837,알파-알부틴,14,False
pi_serum_A000000189837,비피다발효용해물,15,False
pi_serum_A000000189837,소듐하이알루로네이트,16,False
pi_serum_A000000189837,인도멀구슬나무꽃추출물,17,False
pi_serum_A000000189837,홀리바질잎추출물,18,False
pi_serum_A000000189837,인도멀구슬나무잎추출물,19,False
pi_serum_A000000189837,울금뿌리추출물,20,False
pi_serum_A000000189837,참산호말추출물,21,False
pi_serum_A000000189837,흰목이버섯추출물,22,False
pi_serum_A000000189837,펜틸렌글라이콜,23,False
pi_serum_A000000189837,글리세린,24,False
pi_serum_A000000189837,3-O-에틸아스코빅애씨드,25,False
pi_serum_A000000189837,비사보롤,26,False
pi_serum_A000000189837,트로메타민,27,False
pi_serum_A000000189837,에틸헥실글리세린,28,False
pi_serum_A000000189837,아데노신,29,False
pi_serum_A000000189837,하이드로제네이티드레시틴,30,False
pi_serum_A000000189837,알란토인,31,False
pi_serum_A000000189837,글루타티온,32,False
pi_serum_A000000189837,세라마이드엔피,33,False
pi_serum_A000000189837,베타-글루칸,34,False
pi_serum_A000000189837,다이포타슘글리시리제이트,35,False
pi_serum_A000000189837,토코페롤,36,False
pi_serum_A000000189837,아스코빅애씨드,37,False
pi_serum_A000000189837,아스코빌글루코사이드,38,False
pi_serum_A000000189837,토코페릴아세테이트,39,False
pi_serum_A000000189837,하이드록시프로필사이클로덱스트린,40,False
pi_serum_A000000189837,유비퀴논,41,False
pi_serum_A000000189837,티옥틱애씨드,42,False
pi_serum_A000000189837,포타슘하이드록사이드,43,False
pi_serum_A000000189837,베헤닐알코올,44,False
pi_serum_A000000189837,카보머,45,False
pi_serum_A000000189837,잔탄검,46,False
pi_serum_A000000189837,다이소듐이디티에이,47,False
pi_serum_A000000207225,정제수,1,False
pi_serum_A000000207225,부틸렌글라이콜,2,False
pi_serum_A000000207225,나이아신아마이드,3,False
pi_serum_A000000207225,글리세린,4,False
pi_serum_A000000207225,다이프로필렌글라이콜,5,False
pi_serum_A000000207225,"1,2-헥산다이올",6,False
pi_serum_A000000207225,판테놀,7,False
pi_serum_A000000207225,도둑놈의지팡이뿌리추출물,8,False
pi_serum_A000000207225,아크릴레이트/C10-30알킬아크릴레이트크로스폴리머,9,False
pi_serum_A000000207225,프로판다이올,10,False
pi_serum_A000000207225,다이에톡시에틸석시네이트,11,False
pi_serum_A000000207225,트로메타민,12,False
pi_serum_A000000207225,하이드로제네이티드레시틴,13,False
pi_serum_A000000207225,암모늄아크릴로일다이메틸타우레이트/브이피코폴리머,14,False
pi_serum_A000000207225,베타인,15,False
pi_serum_A000000207225,판토테닉애씨드,16,False
pi_serum_A000000207225,트레할로오스,17,False
pi_serum_A000000207225,에틸헥실글리세린,18,False
pi_serum_A000000207225,글리세릴올리에이트,19,False
pi_serum_A000000207225,소듐파이테이트,20,False
pi_serum_A000000207225,알란토인,21,False
pi_serum_A000000207225,알파-알부틴,22,False
pi_serum_A000000207225,약모밀추출물,23,False
pi_serum_A000000207225,라우릴글루코사이드,24,False
pi_serum_A000000207225,미리스틸글루코사이드,25,False
pi_serum_A000000207225,폴리글리세릴-6라우레이트,26,False
pi_serum_A000000207225,징크피씨에이,27,False
pi_serum_A000000207225,인도멀구슬나무잎추출물,28,False
pi_serum_A000000207225,토코페롤,29,False
pi_serum_A000000207225,감초뿌리추출물,30,False
pi_serum_A000000207225,인도멀구슬나무꽃추출물,31,False
pi_serum_A000000207225,아이비고드열매추출물,32,False
pi_serum_A000000207225,병풀추출물,33,False
pi_serum_A000000207225,소듐하이알루로네이트,34,False
pi_serum_A000000207225,시트릭애씨드,35,False
pi_serum_A000000207225,가지열매추출물,36,False
pi_serum_A000000207225,베타-글루칸,37,False
pi_serum_A000000207225,홀리바질잎추출물,38,False
pi_serum_A000000207225,하이알루로닉애씨드,39,False
pi_serum_A000000207225,데실글루코사이드,40,False
pi_serum_A000000207225,울금뿌리추출물,41,False
pi_serum_A000000207225,참산호말추출물,42,False
pi_serum_A000000207225,다이포타슘글리시리제이트,43,False
pi_serum_A000000207225,하이드롤라이즈드하이알루로닉애씨드,44,False
pi_serum_A000000207225,호호바씨오일,45,False
pi_serum_A000000207225,녹차추출물,46,False
pi_serum_A000000207225,병풀잎추출물,47,False
pi_serum_A000000207225,오카무라큰실말추출물,48,False
pi_serum_A000000207225,흰버드나무껍질추출물,49,False
pi_serum_A000000207225,소듐아세틸레이티드하이알루로네이트,50,False
pi_serum_A000000207225,커피콩추출물,51,False
pi_serum_A000000207225,베타-시토스테롤,52,False
pi_serum_A000000207225,폴리글리세릴-10스테아레이트,53,False
pi_serum_A000000207225,베르가모트잎추출물,54,False
pi_serum_A000000207225,소나무잎추출물,55,False
pi_serum_A000000225217,다마스크장미꽃수,1,False
pi_serum_A000000225217,나이아신아마이드,2,False
pi_serum_A000000225217,글리세린,3,False
pi_serum_A000000225217,부틸렌글라이콜,4,False
pi_serum_A000000225217,"1,2-헥산다이올",5,False
pi_serum_A000000225217,아크릴레이트/C10-30알킬아크릴레이트크로스폴리머,6,False
pi_serum_A000000225217,에틸헥실글리세린,7,False
pi_serum_A000000225217,트로메타민,8,False
pi_serum_A000000225217,잔탄검,9,False
pi_serum_A000000225217,다이소듐이디티에이,10,False
pi_serum_A000000188004,에스네이처아쿠아스쿠알란세럼:정제수,1,False
pi_serum_A000000188004,글리세린,2,False
pi_serum_A000000188004,부틸렌글라이콜,3,False
pi_serum_A000000188004,메틸프로판다이올,4,False
pi_serum_A000000188004,"1,2-헥산다이올",5,False
pi_serum_A000000188004,베타인,6,False
pi_serum_A000000188004,다시마추출물,7,False
pi_serum_A000000188004,한련초잎추출물,8,False
pi_serum_A000000188004,버지니아풍년화추출물,9,False
pi_serum_A000000188004,소듐하이알루로네이트,10,False
pi_serum_A000000188004,하이드로제네이티드레시틴,11,False
pi_serum_A000000188004,판테놀,12,False
pi_serum_A000000188004,알란토인,13,False
pi_serum_A000000188004,프룩토올리고사카라이드,14,False
pi_serum_A000000188004,베타-글루칸,15,False
pi_serum_A000000188004,하이드롤라이즈드하이알루로닉애씨드,16,False
pi_serum_A000000188004,식물성스쿠알란,17,False
pi_serum_A000000188004,하이드록시프로필트라이모늄하이알루로네이트,18,False
pi_serum_A000000188004,소듐아세틸레이티드하이알루로네이트,19,False
pi_serum_A000000188004,하이드롤라이즈드소듐하이알루로네이트,20,False
pi_serum_A000000188004,하이알루로닉애씨드,21,False
pi_serum_A000000188004,소듐하이알루로네이트크로스폴리머,22,False
pi_serum_A000000188004,포타슘하이알루로네이트,23,False
pi_serum_A000000188004,에틸헥실글리세린,24,False
pi_serum_A000000188004,카보머,25,False
pi_serum_A000000188004,트로메타민,26,False
pi_serum_A000000188004,잔탄검,27,False
pi_serum_A000000188004,다이소듐이디티에이*에스네이처아쿠아스쿠알란수분크림:정제수,28,False
pi_serum_A000000188004,스쿠알란,29,False
pi_serum_A000000188004,하이드롤라이즈드콜라겐,35,False
pi_serum_A000000188004,아세틸헥사펩타이드-8,39,False
pi_serum_A000000188004,아데노신,40,False
pi_serum_A000000188004,아크릴레이트/C10-30알킬아크릴레이트크로스폴리머,45,False
pi_serum_A000000188004,알지닌,46,False
pi_serum_A000000188004,자일리틸글루코사이드,48,False
pi_serum_A000000188004,안하이드로자일리톨,49,False
pi_serum_A000000188004,자일리톨,50,False
pi_serum_A000000188004,글루코오스,51,False
pi_serum_A000000188004,암모늄아크릴로일다이메틸타우레이트/브이피코폴리머,53,False
pi_serum_A000000188004,카프릴릴글라이콜,54,False
pi_serum_A000000254661,정제수,1,False
pi_serum_A000000254661,글리세린,2,False
pi_serum_A000000254661,메틸프로판다이올,3,False
pi_serum_A000000254661,3-O-에틸아스코빅애씨드,4,False
pi_serum_A000000254661,부틸렌글라이콜,5,False
pi_serum_A000000254661,카프릴릭/카프릭트라이글리세라이드,6,False
pi_serum_A000000254661,"1,2-헥산다이올",7,False
pi_serum_A000000254661,나이아신아마이드,8,False
pi_serum_A000000254661,세틸에틸헥사노에이트,9,False
pi_serum_A000000254661,세테아릴올리베이트,10,False
pi_serum_A000000254661,폴리글리세릴-3메틸글루코오스다이스테아레이트,11,False
pi_serum_A000000254661,다이아이소스테아릴말레이트,12,False
pi_serum_A000000254661,소듐폴리아크릴레이트,13,False
pi_serum_A000000254661,아크릴레이트/C10-30알킬아크릴레이트크로스폴리머,14,False
pi_serum_A000000254661,솔비탄올리베이트,15,False
pi_serum_A000000254661,알지닌,16,False
pi_serum_A000000254661,치자추출물,17,False
pi_serum_A000000254661,잔탄검,18,False
pi_serum_A000000254661,에틸헥실글리세린,19,False
pi_serum_A000000254661,덱스트린,20,False
pi_serum_A000000254661,아데노신,21,False
pi_serum_A000000254661,알란토인,22,False
pi_serum_A000000254661,아스코빅애씨드,23,False
pi_serum_A000000254661,글루타티온,24,False
pi_serum_A000000254661,판테놀,25,False
pi_serum_A000000254661,피리독신,26,False
pi_serum_A000000254661,토코페롤,27,False
pi_serum_A000000254661,아스코빌글루코사이드,28,False
pi_serum_A000000254661,소듐아스코빌포스페이트,29,False
pi_serum_A000000232436,정제수,1,False
pi_serum_A000000232436,"1,2-헥산다이올",2,False
pi_serum_A000000232436,나이아신아마이드,3,False
pi_serum_A000000232436,프로판다이올,4,False
pi_serum_A000000232436,다이프로필렌글라이콜,5,False
pi_serum_A000000232436,부틸렌글라이콜,6,False
pi_serum_A000000232436,글리세린,7,False
pi_serum_A000000232436,베타인,8,False
pi_serum_A000000232436,다이에톡시에틸석시네이트,9,False
pi_serum_A000000232436,약모밀추출물,10,False
pi_serum_A000000232436,카프릴릭/카프릭트라이글리세라이드,11,False
pi_serum_A000000232436,아이소노닐아이소노나노에이트,12,False
pi_serum_A000000232436,아이리쉬모스추출물,13,False
pi_serum_A000000232436,판테놀,14,False
pi_serum_A000000232436,글루코오스,15,False
pi_serum_A000000232436,클로렐라불가리스추출물,16,False
pi_serum_A000000232436,사탕수수추출물,17,False
pi_serum_A000000232436,암모늄아크릴로일다이메틸타우레이트/브이피코폴리머,18,False
pi_serum_A000000232436,카보머,19,False
pi_serum_A000000232436,프룩토오스,20,False
pi_serum_A000000232436,프룩토올리고사카라이드,21,False
pi_serum_A000000232436,트로메타민,22,False
pi_serum_A000000232436,펜틸렌글라이콜,23,False
pi_serum_A000000232436,에틸헥실글리세린,24,False
pi_serum_A000000232436,잔탄검,25,False
pi_serum_A000000232436,캐스터오일/아이피디아이코폴리머,26,False
pi_serum_A000000232436,마데카소사이드,27,False
pi_serum_A000000232436,석시닉애씨드,28,False
pi_serum_A000000232436,알란토인,29,False
pi_serum_A000000232436,소듐파이테이트,30,False
pi_serum_A000000232436,인도멀구슬나무잎추출물,31,False
pi_serum_A000000232436,바이오사카라이드검-1,32,False
pi_serum_A000000232436,인도멀구슬나무꽃추출물,33,False
pi_serum_A000000232436,아이비고드열매추출물,34,False
pi_serum_A000000232436,알지닌,35,False
pi_serum_A000000232436,베타-글루칸,36,False
pi_serum_A000000232436,호박가루,37,False
pi_serum_A000000232436,가지열매추출물,38,False
pi_serum_A000000232436,울금뿌리추출물,39,False
pi_serum_A000000232436,홀리바질잎추출물,40,False
pi_serum_A000000232436,아모다이메티콘,41,False
pi_serum_A000000232436,참산호말추출물,42,False
pi_serum_A000000232436,드럼스틱씨오일,43,False
pi_serum_A000000232436,토코페롤,44,False
pi_serum_A000000232436,엑토인,45,False
pi_serum_A000000232436,아시아티코사이드,46,False
pi_serum_A000000232436,마데카식애씨드,47,False
pi_serum_A000000232436,아시아틱애씨드,48,False
pi_serum_A000000232436,사과추출물,49,False
pi_serum_A000000232436,4-터피네올,50,False
pi_serum_A000000232436,솔비톨,51,False
pi_serum_A000000256047,정제수,1,False
pi_serum_A000000256047,부틸렌글라이콜,2,False
pi_serum_A000000256047,글리세린,3,False
pi_serum_A000000256047,다이프로필렌글라이콜,4,False
pi_serum_A000000256047,"1,2-헥산다이올",5,False
pi_serum_A000000256047,판테놀,6,False
pi_serum_A000000256047,소듐하이알루로네이트크로스폴리머,7,False
pi_serum_A000000256047,하이드롤라이즈드하이알루로닉애씨드,8,False
pi_serum_A000000256047,소듐하이알루로네이트,9,False
pi_serum_A000000256047,소듐아세틸레이티드하이알루로네이트,10,False
pi_serum_A000000256047,하이드롤라이즈드소듐하이알루로네이트,11,False
pi_serum_A000000256047,알란토인,12,False
pi_serum_A000000256047,엑토인,13,False
pi_serum_A000000256047,창과감초뿌리추출물,14,False
pi_serum_A000000256047,"2,3-부탄다이올",15,False
pi_serum_A000000256047,트레할로오스,16,False
pi_serum_A000000256047,베타인,17,False
pi_serum_A000000256047,프로판다이올,18,False
pi_serum_A000000256047,쇠비름추출물,19,False
pi_serum_A000000256047,버지니아풍년화잎추출물,20,False
pi_serum_A000000256047,마데카소사이드,21,False
pi_serum_A000000256047,마데카식애씨드,22,False
pi_serum_A000000256047,세라마이드엔피,23,False
pi_serum_A000000256047,베타-글루칸,24,False
pi_serum_A000000256047,말라카이트추출물,25,False
pi_serum_A000000256047,콜레스테롤,26,False
pi_serum_A000000256047,펜틸렌글라이콜,27,False
pi_serum_A000000256047,글리세릴아크릴레이트/아크릴릭애씨드코폴리머,28,False
pi_serum_A000000256047,피브이엠/엠에이코폴리머,29,False
pi_serum_A000000256047,폴리글리세릴-10라우레이트,30,False
pi_serum_A000000256047,잔탄검,31,False
pi_serum_A000000256047,트로메타민,32,False
pi_serum_A000000256047,카보머,33,False
pi_serum_A000000256047,에틸헥실글리세린,34,False
pi_serum_A000000256047,황금추출물,35,False
pi_serum_A000000256047,모란뿌리추출물[밸런스풀시카컨트롤세럼]정제수,36,False
pi_serum_A000000256047,펜타에리스리틸테트라에틸헥사노에이트,38,False
pi_serum_A000000256047,메틸프로판다이올,40,False
pi_serum_A000000256047,병풀추출물,42,False
pi_serum_A000000256047,아시아티코사이드,44,False
pi_serum_A000000256047,아시아틱애씨드,45,False
pi_serum_A000000256047,포트마리골드꽃추출물,51,False
pi_serum_A000000256047,마트리카리아꽃추출물,52,False
pi_serum_A000000256047,쓴풀추출물,53,False
pi_serum_A000000256047,푸른연꽃추출물,54,False
pi_serum_A000000256047,락토바실러스발효물,55,False
pi_serum_A000000256047,백미꽃추출물,56,False
pi_serum_A000000256047,접시꽃추출물,57,False
pi_serum_A000000256047,글리세릴스테아레이트,59,False
pi_serum_A000000256047,옥탄다이올,60,False
pi_serum_A000000256047,세테아릴알코올,61,False
pi_serum_A000000256047,호호바에스터,62,False
pi_serum_A000000256047,폴리글리세릴-3메틸글루코오스다이스테아레이트,64,False
pi_serum_A000000256047,소듐다이라우미도글루타미드라이신,65,False
pi_serum_A000000256047,하이드록시에틸아크릴레이트/소듐아크릴로일다이메틸타우레이트코폴리머,66,False
pi_serum_A000000256047,솔비탄세스퀴올리에이트,67,False
pi_serum_A000000256047,실리카,69,False
pi_serum_A000000256047,토코페롤,70,False
pi_serum_A000000256047,카프릴릴글라이콜,71,False
pi_serum_A000000256047,다이포타슘글리시리제이트,72,False
pi_serum_A000000256047,시트릭애씨드,73,False
pi_serum_A000000256047,에틸헥실글리세린[다이브인모이스처선크림]정제수,75,False
pi_serum_A000000256047,아이소노닐아이소노나노에이트,76,False
pi_serum_A000000256047,부틸옥틸살리실레이트,78,False
pi_serum_A000000256047,에칠헥실트리아존,79,False
pi_serum_A000000256047,다이부틸아디페이트,80,False
pi_serum_A000000256047,폴리메틸실세스퀴옥세인,81,False
pi_serum_A000000256047,디에칠아미노하이드록시벤조일헥실벤조에이트,82,False
pi_serum_A000000256047,나이아신아마이드,83,False
pi_serum_A000000256047,드로메트리졸트리실록산,84,False
pi_serum_A000000256047,메칠렌비스-벤조트리아졸릴테트라메칠부틸페놀,85,False
pi_serum_A000000256047,하이알루로닉애씨드,90,False
pi_serum_A000000256047,포타슘하이알루로네이트,95,False
pi_serum_A000000256047,다이메틸실란올하이알루로네이트,96,False
pi_serum_A000000256047,하이드록시프로필트라이모늄하이알루로네이트,97,False
pi_serum_A000000256047,소듐하이알루로네이트다이메틸실란올,98,False
pi_serum_A000000256047,아데노신,101,False
pi_serum_A000000256047,베헤닐알코올,107,False
pi_serum_A000000256047,데실글루코사이드,108,False
pi_serum_A000000256047,카프릴릴메티콘,109,False
pi_serum_A000000256047,하이드로제네이티드캐스터오일/세바식애씨드코폴리머,110,False
pi_serum_A000000256047,호호바씨오일,112,False
pi_serum_A000000256047,글리세레스-26,113,False
pi_serum_A000000256047,아크릴레이트/C10-30알킬아크릴레이트크로스폴리머,114,False
pi_serum_A000000256047,폴리글리세릴-6다이스테아레이트,115,False
pi_serum_A000000256047,폴리아크릴레이트크로스폴리머-6,116,False
pi_serum_A000000256047,트라이메틸실록시실리케이트,117,False
pi_serum_A000000256047,칸데릴라/호호바/쌀겨폴리글리세릴-3에스터,119,False
pi_serum_A000000256047,소듐스테아로일글루타메이트,120,False
pi_serum_A000000256047,덱스트린,121,False
pi_serum_A000000256047,치자추출물,124,False
pi_serum_A000000256047,녹차추출물,125,False
pi_serum_A000000256047,버지니아풍년화추출물,126,False
pi_serum_A000000183707,정제수,1,False
pi_serum_A000000183707,피이지-6,2,False
pi_serum_A000000183707,글리세린,3,False
pi_serum_A000000183707,서양산딸기잎추출물,4,False
pi_serum_A000000183707,소듐하이알루로네이트,5,False
pi_serum_A000000183707,다이프로필렌글라이콜,6,False
pi_serum_A000000183707,부틸렌글라이콜,7,False
pi_serum_A000000183707,나이아신아마이드,8,False
pi_serum_A000000183707,"1,2-헥산다이올",9,False
pi_serum_A000000183707,제로틴/하이드롤라이즈드디엔에이,10,False
pi_serum_A000000183707,로우스위트베리추출물,11,False
pi_serum_A000000183707,알로에베라잎즙,12,False
pi_serum_A000000183707,카보머,13,False
pi_serum_A000000183707,포트마리골드꽃추출물,14,False
pi_serum_A000000183707,검은뽕나무열매추출물,15,False
pi_serum_A000000183707,스페인감초뿌리추출물,16,False
pi_serum_A000000183707,스쿠알란,17,False
pi_serum_A000000183707,하이드롤라이즈드디엔에이,18,False
pi_serum_A000000183707,잔탄검,19,False
pi_serum_A000000183707,하이드로제네이티드레시틴,20,False
pi_serum_A000000183707,카프릴릴글라이콜,21,False
pi_serum_A000000183707,에틸헥실글리세린,22,False
pi_serum_A000000183707,폴리솔베이트20,23,False
pi_serum_A000000183707,헥실렌글라이콜,24,False
pi_serum_A000000183707,세라마이드엔피,25,False
pi_serum_A000000183707,아데노신,26,False
pi_serum_A000000183707,우레아,27,False
pi_serum_A000000183707,트레할로오스,28,False
pi_serum_A000000183707,펜틸렌글라이콜,29,False
pi_serum_A000000183707,알부틴,30,False
pi_serum_A000000183707,토코페릴아세테이트,31,False
pi_serum_A000000183707,비사보롤,32,False
pi_serum_A000000183707,콜레스테롤,33,False
pi_serum_A000000183707,세린,34,False
pi_serum_A000000183707,이눌린라우릴카바메이트,35,False
pi_serum_A000000183707,알진,36,False
pi_serum_A000000183707,다이소듐포스페이트,37,False
pi_serum_A000000183707,글리세릴폴리아크릴레이트,38,False
pi_serum_A000000183707,풀루란,39,False
pi_serum_A000000183707,포타슘포스페이트,40,False
pi_serum_A000000250531,정제수,1,False
pi_serum_A000000250531,쑥추출물,2,False
pi_serum_A000000250531,부틸렌글라이콜,3,False
pi_serum_A000000250531,글리세린,4,False
pi_serum_A000000250531,"1,2-헥산다이올",5,False
pi_serum_A000000250531,소듐하이알루로네이트,6,False
pi_serum_A000000250531,에틸헥실글리세린,7,False
pi_serum_A000000250531,프로판다이올,8,False
pi_serum_A000000250531,폴리글리세릴-10라우레이트,9,False
pi_serum_A000000219609,정제수,1,False
pi_serum_A000000219609,글리세린,2,False
pi_serum_A000000219609,다이프로필렌글라이콜,3,False
pi_serum_A000000219609,판테놀,4,False
pi_serum_A000000219609,"1,2-헥산다이올",5,False
pi_serum_A000000219609,펜틸렌글라이콜,6,False
pi_serum_A000000219609,소듐하이알루로네이트,7,False
pi_serum_A000000219609,다이에톡시에틸석시네이트,8,False
pi_serum_A000000219609,하이드록시에틸우레아,9,False
pi_serum_A000000219609,아크릴레이트/C10-30알킬아크릴레이트크로스폴리머,10,False
pi_serum_A000000219609,암모늄아크릴로일다이메틸타우레이트/브이피코폴리머,11,False
pi_serum_A000000219609,트로메타민,12,False
pi_serum_A000000219609,알란토인,13,False
pi_serum_A000000219609,하이드록시아세토페논,14,False
pi_serum_A000000219609,에틸헥실글리세린,15,False
pi_serum_A000000219609,폴리글리세릴-10라우레이트,16,False
pi_serum_A000000219609,석시닉애씨드,17,False
pi_serum_A000000219609,잔탄검,18,False
pi_serum_A000000219609,소듐헤파린,19,False
pi_serum_A000000219609,쑥잎추출물,20,False
pi_serum_A000000219609,병풀추출물,21,False
pi_serum_A000000219609,사과추출물,22,False
pi_serum_A000000219609,토코페롤,23,False
pi_serum_A000000219609,카프릴릴/카프릴글루코사이드,24,False
pi_serum_A000000219609,하이드로제네이티드레시틴,25,False
pi_serum_A000000219609,세라마이드엔피,26,False
pi_serum_A000000260600,정제수,1,False
pi_serum_A000000260600,다이프로필렌글라이콜,2,False
pi_serum_A000000260600,부틸렌글라이콜,3,False
pi_serum_A000000260600,글리세레스-26,4,False
pi_serum_A000000260600,나이아신아마이드,5,False
pi_serum_A000000260600,글리세린,6,False
pi_serum_A000000260600,베타인,7,False
pi_serum_A000000260600,피토스테롤,8,False
pi_serum_A000000260600,세라마이드엔피,9,False
pi_serum_A000000260600,스쿠알란,10,False
pi_serum_A000000260600,라우릭애씨드,11,False
pi_serum_A000000260600,아라키딕애씨드,12,False
pi_serum_A000000260600,베헤닉애씨드,13,False
pi_serum_A000000260600,베타-글루칸,14,False
pi_serum_A000000260600,참오동나무잎추출물,15,False
pi_serum_A000000260600,육계나무껍질추출물,16,False
pi_serum_A000000260600,생달나무잎추출물,17,False
pi_serum_A000000260600,녹나무잎추출물,18,False
pi_serum_A000000260600,월계수잎추출물,19,False
pi_serum_A000000260600,고수추출물,20,False
pi_serum_A000000260600,유칼립투스잎추출물,21,False
pi_serum_A000000260600,황금추출물,22,False
pi_serum_A000000260600,후박나무가지추출물,23,False
pi_serum_A000000260600,"1,2-헥산다이올",24,False
pi_serum_A000000260600,폴리글리세릴-10라우레이트,25,False
pi_serum_A000000260600,폴리글리세릴-10미리스테이트,26,False
pi_serum_A000000260600,하이드록시아세토페논,27,False
pi_serum_A000000260600,판테놀,28,False
pi_serum_A000000260600,아데노신,29,False
pi_serum_A000000260600,다이소듐이디티에이,30,False
pi_serum_A000000260600,소듐하이알루로네이트,31,False
pi_serum_A000000260600,잔탄검,32,False
pi_serum_A000000260600,소듐폴리아크릴레이트,33,False
pi_serum_A000000260600,에틸헥실글리세린,34,False
pi_serum_A000000260600,베르가모트오일,35,False
pi_serum_A000000260600,라반딘오일,36,False
pi_serum_A000000260600,오렌지껍질오일,37,False
pi_serum_A000000260600,라벤더오일,38,False
pi_serum_A000000260600,발삼아미리스껍질오일,39,False
pi_serum_A000000260600,바질오일,40,False
pi_serum_A000000260600,리모넨,41,False
pi_serum_A000000260600,리날룰,42,False
pi_serum_A000000217326,정제수,1,False
pi_serum_A000000217326,부틸렌글라이콜,2,False
pi_serum_A000000217326,글리세린,3,False
pi_serum_A000000217326,나이아신아마이드,4,False
pi_serum_A000000217326,"1,2-헥산다이올",5,False
pi_serum_A000000217326,베타인,6,False
pi_serum_A000000217326,판테놀,7,False
pi_serum_A000000217326,카보머,8,False
pi_serum_A000000217326,에틸헥실글리세린,9,False
pi_serum_A000000217326,소듐하이알루로네이트,10,False
pi_serum_A000000217326,3-O-에틸아스코빅애씨드,11,False
pi_serum_A000000217326,셀룰로오스검,12,False
pi_serum_A000000217326,트로메타민,13,False
pi_serum_A000000217326,소듐트라이메타포스페이트,14,False
pi_serum_A000000217326,다이포타슘글리시리제이트,15,False
pi_serum_A000000217326,프로판다이올,16,False
pi_serum_A000000217326,아데노신,17,False
pi_serum_A000000217326,하이드록시프로필비스팔미타마이드엠이에이,18,False
pi_serum_A000000217326,소듐메타포스페이트,19,False
pi_serum_A000000217326,글리세릴카프릴레이트,20,False
pi_serum_A000000217326,포타슘하이드록사이드,21,False
pi_serum_A000000217326,소듐락테이트,22,False
pi_serum_A000000217326,바이오사카라이드검-1,23,False
pi_serum_A000000217326,카프릴릭/카프릭트라이글리세라이드,24,False
pi_serum_A000000217326,펜틸렌글라이콜,25,False
pi_serum_A000000217326,시트릭애씨드,26,False
pi_serum_A000000217326,하이드록시에틸우레아,27,False
pi_serum_A000000217326,폴리글리세릴-10스테아레이트,28,False
pi_serum_A000000217326,콜레스테롤,29,False
pi_serum_A000000217326,프로필렌글라이콜,30,False
pi_serum_A000000217326,포타슘세틸포스페이트,31,False
pi_serum_A000000217326,토코페롤,32,False
pi_serum_A000000217326,세라마이드엔피,33,False
pi_serum_A000000217326,만니톨,34,False
pi_serum_A000000217326,스테아릭애씨드,35,False
pi_serum_A000000217326,실리카,36,False
pi_serum_A000000217326,아크릴레이트/암모늄메타크릴레이트코폴리머,37,False
pi_serum_A000000217326,하이드로제네이티드레시틴,38,False
pi_serum_A000000217326,팔미틱애씨드,39,False
pi_serum_A000000217326,올레익애씨드,40,False
pi_serum_A000000217326,아라키딕애씨드,41,False
pi_serum_A000000217326,스핑고리피드,42,False
pi_serum_A000000230206,정제수,1,False
pi_serum_A000000230206,프로판다이올,2,False
pi_serum_A000000230206,"1,2-헥산다이올",3,False
pi_serum_A000000230206,글리세린,4,False
pi_serum_A000000230206,3-O-에틸아스코빅애씨드,5,False
pi_serum_A000000230206,부틸렌글라이콜,6,False
pi_serum_A000000230206,락토바실러스발효용해물,7,False
pi_serum_A000000230206,스쿠알란,8,False
pi_serum_A000000230206,해바라기씨오일,9,False
pi_serum_A000000230206,덱스트린,10,False
pi_serum_A000000230206,아크릴레이트/C10-30알킬아크릴레이트크로스폴리머,11,False
pi_serum_A000000230206,카프릴릭/카프릭트라이글리세라이드,12,False
pi_serum_A000000230206,트로메타민,13,False
pi_serum_A000000230206,잔탄검,14,False
pi_serum_A000000230206,글루코노락톤,15,False
pi_serum_A000000230206,만다린껍질추출물,16,False
pi_serum_A000000230206,판테놀,17,False
pi_serum_A000000230206,나이아신아마이드,18,False
pi_serum_A000000230206,알란토인,19,False
pi_serum_A000000230206,당근추출물,20,False
pi_serum_A000000230206,하이알루로닉애씨드,21,False
pi_serum_A000000230206,펜틸렌글라이콜,22,False
pi_serum_A000000230206,소듐메타포스페이트,23,False
pi_serum_A000000230206,실리카다이메틸실릴레이트,24,False
pi_serum_A000000230206,사이클로덱스트린,25,False
pi_serum_A000000230206,토코페롤,26,False
pi_serum_A000000230206,에틸헥실글리세린,27,False
pi_serum_A000000230206,마데카소사이드,28,False
pi_serum_A000000230206,하이드로제네이티드폴리(C6-20올레핀),29,False
pi_serum_A000000230206,프로테아제,30,False
pi_serum_A000000230206,아스코빌테트라이소팔미테이트,31,False
pi_serum_A000000230206,글루타티온,32,False
pi_serum_A000000230206,서양톱풀추출물,33,False
pi_serum_A000000230206,에이치디아이/트라이메틸올헥실락톤크로스폴리머,34,False
pi_serum_A000000230206,베타-카로틴,35,False
pi_serum_A000000230206,페룰릭애씨드,36,False
pi_serum_A000000229221,정제수비피다발효용해물글리세린펜틸렌글라이콜다이메티콘부틸렌글라이콜옥틸도데칸올만노오스소듐하이알루로네이트하이드록시아세토페논카프릴릴글라이콜암모늄폴리아크릴로일다이메틸타우레이트알파-글루칸올리고사카라이드다이포타슘글리시리제이트테트라소듐글루타메이트다이아세테이트효모추출물소듐카복시메틸베타-글루칸아데노신잔탄검야콘뿌리즙소듐벤조에이트말토덱스트린시트릭애씨드아세틱애씨드락틱애씨드향료살리실로일피토스핑고신락토바실러스,1,False
pi_serum_A000000229790,정제수,1,False
pi_serum_A000000229790,만다린추출물,2,False
pi_serum_A000000229790,부틸렌글라이콜,3,False
pi_serum_A000000229790,나이아신아마이드,4,False
pi_serum_A000000229790,다이프로필렌글라이콜,5,False
pi_serum_A000000229790,메틸글루세스-20,6,False
pi_serum_A000000229790,"1,2-헥산다이올",7,False
pi_serum_A000000229790,글리세레스-26,8,False
pi_serum_A000000229790,암모늄아크릴로일다이메틸타우레이트/브이피코폴리머,9,False
pi_serum_A000000229790,판테놀,10,False
pi_serum_A000000229790,아이리쉬모스추출물,11,False
pi_serum_A000000229790,글리세린,12,False
pi_serum_A000000229790,콜레스-24,13,False
pi_serum_A000000229790,사탕수수추출물,14,False
pi_serum_A000000229790,카보머,15,False
pi_serum_A000000229790,트로메타민,16,False
pi_serum_A000000229790,폴리글리세릴-10라우레이트,17,False
pi_serum_A000000229790,에틸헥실글리세린,18,False
pi_serum_A000000229790,소듐하이알루로네이트,19,False
pi_serum_A000000229790,알란토인,20,False
pi_serum_A000000229790,아데노신,21,False
pi_serum_A000000229790,토코페릴아세테이트,22,False
pi_serum_A000000229790,하이드로제네이티드레시틴,23,False
pi_serum_A000000229790,하이드롤라이즈드호호바에스터,24,False
pi_serum_A000000229790,소듐파이테이트,25,False
pi_serum_A000000229790,잔탄검,26,False
pi_serum_A000000229790,인도멀구슬나무꽃추출물,27,False
pi_serum_A000000229790,홀리바질잎추출물,28,False
pi_serum_A000000229790,베르가모트오일,29,False
pi_serum_A000000229790,인도멀구슬나무잎추출물,30,False
pi_serum_A000000229790,아스코빌글루코사이드,31,False
pi_serum_A000000229790,다이포타슘글리시리제이트,32,False
pi_serum_A000000229790,울금뿌리추출물,33,False
pi_serum_A000000229790,참산호말추출물,34,False
pi_serum_A000000229790,라벤더오일,35,False
pi_serum_A000000229790,아스코빅애씨드,36,False
pi_serum_A000000229790,레몬껍질오일,37,False
pi_serum_A000000229790,오렌지껍질오일,38,False
pi_serum_A000000229790,유칼립투스잎추출물,39,False
pi_serum_A000000229790,일랑일랑꽃오일,40,False
pi_serum_A000000229790,3-O-에틸아스코빅애씨드,41,False
pi_serum_A000000229790,소듐아스코빌포스페이트,42,False
pi_serum_A000000229790,감초뿌리추출물,43,False
pi_serum_A000000229790,마데카소사이드,44,False
pi_serum_A000000229790,녹차추출물,45,False
pi_serum_A000000229790,말토덱스트린,46,False
pi_serum_A000000229790,스키산드라스페난테라열매추출물,47,False
pi_serum_A000000229790,마트리카리아꽃추출물,48,False
pi_serum_A000000229790,토코페롤,49,False
pi_serum_A000000229790,로즈마리잎추출물,50,False
pi_serum_A000000229790,아시아티코사이드,51,False
pi_serum_A000000229790,호장근뿌리추출물,52,False
pi_serum_A000000229790,병풀잎추출물,53,False
pi_serum_A000000229790,하이드록시프로필사이클로덱스트린,54,False
pi_serum_A000000229790,병풀추출물,55,False
pi_serum_A000000229790,흰목이버섯추출물,56,False
pi_serum_A000000229790,글루타티온,57,False
pi_serum_A000000229790,포타슘하이드록사이드,58,False
pi_serum_A000000229790,티옥틱애씨드,59,False
pi_serum_A000000229790,다이소듐이디티에이,60,False
pi_serum_A000000229790,유비퀴논,61,False
pi_serum_A000000229790,리모넨,62,False
pi_serum_A000000229790,리날룰,63,False
pi_serum_A000000258676,실크수,1,False
pi_serum_A000000258676,부틸렌글라이콜,2,False
pi_serum_A000000258676,정제수,3,False
pi_serum_A000000258676,글리세린,4,False
pi_serum_A000000258676,메틸프로판다이올,5,False
pi_serum_A000000258676,"1,2-헥산다이올",6,False
pi_serum_A000000258676,나이아신아마이드,7,False
pi_serum_A000000258676,카보머,8,False
pi_serum_A000000258676,트로메타민,9,False
pi_serum_A000000258676,피피지-13-데실테트라데세스-24,10,False
pi_serum_A000000258676,프로판다이올,11,False
pi_serum_A000000258676,아데노신,12,False
pi_serum_A000000258676,아이리쉬모스가루,13,False
pi_serum_A000000258676,아가,14,False
pi_serum_A000000258676,하이드록시에틸셀룰로오스,15,False
pi_serum_A000000258676,다이소듐이디티에이,16,False
pi_serum_A000000258676,아크릴레이트/C10-30알킬아크릴레이트크로스폴리머,17,False
pi_serum_A000000258676,합성플루오르플로고파이트,18,False
pi_serum_A000000258676,돌콩펩타이드,19,False
pi_serum_A000000258676,베타인,20,False
pi_serum_A000000258676,판테놀,21,False
pi_serum_A000000258676,티타늄디옥사이드,22,False
pi_serum_A000000258676,적색산화철,23,False
pi_serum_A000000258676,마이카,24,False
pi_serum_A000000258676,젤란검,25,False
pi_serum_A000000258676,마그네슘아스코빌포스페이트,26,False
pi_serum_A000000258676,병풀추출물,27,False
pi_serum_A000000258676,하이드롤라이즈드콜라겐,28,False
pi_serum_A000000258676,약모밀추출물,29,False
pi_serum_A000000258676,틴옥사이드,30,False
pi_serum_A000000258676,에틸헥실글리세린,31,False
pi_serum_A000000258676,스쿠알란,32,False
pi_serum_A000000258676,하이드로제네이티드폴리아이소부텐,33,False
pi_serum_A000000258676,벤질글라이콜,34,False
pi_serum_A000000258676,레시틴,35,False
pi_serum_A000000258676,하이드롤라이즈드글라이코사미노글리칸,36,False
pi_serum_A000000258676,소듐하이알루로네이트,37,False
pi_serum_A000000258676,카프릴릴글라이콜,38,False
pi_serum_A000000258676,하이드로제네이티드레시틴,39,False
pi_serum_A000000258676,에스에이치-폴리펩타이드-121,40,False
pi_serum_A000000258676,카프릴릭/카프릭트라이글리세라이드,41,False
pi_serum_A000000258676,소듐팔미토일사코시네이트,42,False
pi_serum_A000000258676,토코페롤,43,False
pi_serum_A000000258676,카페오일헥사펩타이드-65,44,False
pi_serum_A000000258676,소듐하이알루로네이트크로스폴리머,45,False
pi_serum_A000000258676,아세틸글루타민,46,False
pi_serum_A000000258676,헵타소듐헥사카복시메틸다이펩타이드-12,47,False
pi_serum_A000000258676,하이드롤라이즈드하이알루로닉애씨드,48,False
pi_serum_A000000258676,바실러스/폴릭애씨드/돌콩발효추출물,49,False
pi_serum_A000000258676,금,50,False
pi_serum_A000000258676,소듐포스페이트,51,False
pi_serum_A000000258676,콜라겐,52,False
pi_serum_A000000258676,미리스토일펜타펩타이드-17,53,False
pi_serum_A000000258676,미리스토일펜타펩타이드-4,54,False
pi_serum_A000000258676,에스에이치-폴리펩타이드-123,55,False
pi_serum_A000000258676,하이드록시프로필트라이모늄하이알루로네이트,56,False
pi_serum_A000000258676,덱스트란,57,False
pi_serum_A000000258676,벤조익애씨드,58,False
pi_serum_A000000258676,소듐벤조에이트,59,False
pi_serum_A000000258676,하이드롤라이즈드엘라스틴,60,False
pi_serum_A000000258676,팔미토일펜타펩타이드-5,61,False
pi_serum_A000000258676,아세틸테트라펩타이드-3,62,False
pi_serum_A000000258676,카퍼트라이펩타이드-1,63,False
pi_serum_A000000258676,팔미토일펜타펩타이드-4,64,False
pi_serum_A000000258676,아세틸헥사펩타이드-8,65,False
pi_serum_A000000258676,팔미토일테트라펩타이드-7,66,False
pi_serum_A000000258676,에스에이치-데카펩타이드-7,67,False
pi_serum_A000000258676,에스에이치-옥타펩타이드-4,68,False
pi_serum_A000000258676,에스에이치-올리고펩타이드-9,69,False
pi_serum_A000000258676,에스에이치-펜타펩타이드-19,70,False
pi_serum_A000000258676,팔미토일트라이펩타이드-1,71,False
pi_serum_A000000258676,트라이펩타이드-32,72,False
pi_serum_A000000258676,에스알-(올리고펩타이드-91클로스트리듐보툴리눔폴리펩타이드-1),73,False
pi_serum_A000000258676,에스에이치-올리고펩타이드-1,74,False
pi_serum_A000000258676,에스에이치-폴리펩타이드-1,75,False
pi_serum_A000000258676,에스에이치-올리고펩타이드-2,76,False
pi_serum_A000000258676,에스에이치-폴리펩타이드-11,77,False
pi_serum_A000000258676,에스에이치-폴리펩타이드-9,78,False
pi_serum_A000000258676,에스에이치-폴리펩타이드-16,79,False
pi_serum_A000000258676,에스에이치-폴리펩타이드-22,80,False
pi_serum_A000000258676,에스에이치-폴리펩타이드-3,81,False
pi_serum_A000000258676,에스에이치-폴리펩타이드-19,82,False
pi_serum_A000000258676,에스에이치-폴리펩타이드-62,83,False
pi_serum_A000000258676,붉은토끼풀꽃추출물,84,False
pi_serum_A000000258676,하이알루로닉애씨드,85,False
pi_serum_A000000258676,지모뿌리추출물,86,False
pi_serum_A000000258676,소듐아세틸레이티드하이알루로네이트,87,False
pi_serum_A000000250773,비피다발효용해물,1,False
pi_serum_A000000250773,갈락토미세스발효여과물,2,False
pi_serum_A000000250773,부틸렌글라이콜,3,False
pi_serum_A000000250773,메틸글루세스-20,4,False
pi_serum_A000000250773,정제수,5,False
pi_serum_A000000250773,나이아신아마이드,6,False
pi_serum_A000000250773,피이지-90,7,False
pi_serum_A000000250773,"1,2-헥산다이올",8,False
pi_serum_A000000250773,글리세린,9,False
pi_serum_A000000250773,스쿠알란,10,False
pi_serum_A000000250773,알테로모나스발효추출물,11,False
pi_serum_A000000250773,실크추출물,12,False
pi_serum_A000000250773,염소유추출물,13,False
pi_serum_A000000250773,락토바실러스발효용해물,14,False
pi_serum_A000000250773,바쿠치올,15,False
pi_serum_A000000250773,하이드로제네이티드레시틴,16,False
pi_serum_A000000250773,소듐하이알루로네이트,17,False
pi_serum_A000000250773,판테놀,18,False
pi_serum_A000000250773,아데노신,19,False
pi_serum_A000000250773,글리세레스-26,20,False
pi_serum_A000000250773,잔탄검,21,False
pi_serum_A000000250773,다이포타슘글리시리제이트,22,False
pi_serum_A000000250773,코직애씨드,23,False
pi_serum_A000000250773,폴리글리세릴-3다이스테아레이트,24,False
pi_serum_A000000250773,글리세릴스테아레이트에스이,25,False
pi_serum_A000000250773,글리세릴스테아레이트시트레이트,26,False
pi_serum_A000000250773,폴리글리세릴-3메틸글루코오스다이스테아레이트,27,False
pi_serum_A000000250773,카보머,28,False
pi_serum_A000000250773,트로메타민,29,False
pi_serum_A000000250773,알란토인,30,False
pi_serum_A000000250773,에틸헥실글리세린,31,False
pi_serum_A000000250773,카프릴릴글라이콜,32,False
pi_serum_A000000250773,트로폴론,33,False
pi_serum_A000000250773,다이소듐이디티에이,34,False
pi_serum_A000000219717,정제수,1,False
pi_serum_A000000219717,글리세린,2,False
pi_serum_A000000219717,다이프로필렌글라이콜,3,False
pi_serum_A000000219717,판테놀,4,False
pi_serum_A000000219717,"1,2-헥산다이올",5,False
pi_serum_A000000219717,펜틸렌글라이콜,6,False
pi_serum_A000000219717,소듐하이알루로네이트,7,False
pi_serum_A000000219717,다이에톡시에틸석시네이트,8,False
pi_serum_A000000219717,하이드록시에틸우레아,9,False
pi_serum_A000000219717,아크릴레이트/C10-30알킬아크릴레이트크로스폴리머,10,False
pi_serum_A000000219717,암모늄아크릴로일다이메틸타우레이트/브이피코폴리머,11,False
pi_serum_A000000219717,트로메타민,12,False
pi_serum_A000000219717,알란토인,13,False
pi_serum_A000000219717,하이드록시아세토페논,14,False
pi_serum_A000000219717,에틸헥실글리세린,15,False
pi_serum_A000000219717,폴리글리세릴-10라우레이트,16,False
pi_serum_A000000219717,석시닉애씨드,17,False
pi_serum_A000000219717,잔탄검,18,False
pi_serum_A000000219717,소듐헤파린,19,False
pi_serum_A000000219717,쑥잎추출물,20,False
pi_serum_A000000219717,병풀추출물,21,False
pi_serum_A000000219717,사과추출물,22,False
pi_serum_A000000219717,토코페롤,23,False
pi_serum_A000000219717,카프릴릴/카프릴글루코사이드,24,False
pi_serum_A000000219717,하이드로제네이티드레시틴,25,False
pi_serum_A000000219717,세라마이드엔피,26,False
pi_serum_A000000184060,정제수,1,False
pi_serum_A000000184060,부틸렌글라이콜,2,False
pi_serum_A000000184060,스쿠알란,3,False
pi_serum_A000000184060,메틸트라이메티콘,4,False
pi_serum_A000000184060,글리세린,5,False
pi_serum_A000000184060,비스-하이드록시에톡시프로필다이메티콘,6,False
pi_serum_A000000184060,"1,2-헥산다이올",7,False
pi_serum_A000000184060,락토바실러스발효용해물,8,False
pi_serum_A000000184060,C14-22알코올,9,False
pi_serum_A000000184060,시어버터,10,False
pi_serum_A000000184060,팔미틱애씨드,11,False
pi_serum_A000000184060,해바라기씨오일,12,False
pi_serum_A000000184060,스테아릭애씨드,13,False
pi_serum_A000000184060,글리세릴스테아레이트,14,False
pi_serum_A000000184060,피이지-100스테아레이트,15,False
pi_serum_A000000184060,하이드록시에틸아크릴레이트/소듐아크릴로일다이메틸타우레이트코폴리머,16,False
pi_serum_A000000184060,다이메틸아이소소바이드,17,False
pi_serum_A000000184060,C12-20알킬글루코사이드,18,False
pi_serum_A000000184060,돌콩오일,19,False
pi_serum_A000000184060,카보머,20,False
pi_serum_A000000184060,만니톨,21,False
pi_serum_A000000184060,당근추출물,22,False
pi_serum_A000000184060,글리세릴카프릴레이트,23,False
pi_serum_A000000184060,트로메타민,24,False
pi_serum_A000000184060,다이소듐이디티에이,25,False
pi_serum_A000000184060,코질메틸렌다이옥시신나메이트,26,False
pi_serum_A000000184060,에틸헥실글리세린,27,False
pi_serum_A000000184060,펜틸렌글라이콜,28,False
pi_serum_A000000184060,잔탄검,29,False
pi_serum_A000000184060,마데카소사이드,30,False
pi_serum_A000000184060,하이드록시피나콜론레티노에이트,31,False
pi_serum_A000000184060,솔비탄아이소스테아레이트,32,False
pi_serum_A000000184060,레티놀,33,False
pi_serum_A000000184060,트레할로오스,34,False
pi_serum_A000000184060,베타-카로틴,35,False
pi_serum_A000000184060,토코페롤,36,False
pi_serum_A000000184060,비에이치티,37,False
pi_serum_A000000184060,아라비아고무나무검,38,False
pi_serum_A000000184060,아세틸테트라펩타이드-11,39,False
pi_serum_A000000184060,하이드로제네이티드포스파티딜콜린,40,False
pi_serum_A000000184060,편백잎추출물,41,False
pi_serum_A000000184060,데카펩타이드-4,42,False
pi_serum_A000000184060,소듐올리에이트,43,False
pi_serum_A000000184060,프로필렌글라이콜알지네이트,44,False
pi_serum_A000000184060,벼에스에이치-올리고펩타이드-1*레티놀함량,45,False
pi_serum_A000000188065,정제수,1,False
pi_serum_A000000188065,나이아신아마이드,2,False
pi_serum_A000000188065,펜틸렌글라이콜,3,False
pi_serum_A000000188065,징크피씨에이,4,False
pi_serum_A000000188065,다이메틸아이소소바이드,5,False
pi_serum_A000000188065,타마린드씨검,6,False
pi_serum_A000000188065,잔탄검,7,False
pi_serum_A000000188065,아이소세테스-20,8,False
pi_serum_A000000188065,에톡시다이글라이콜,9,False
pi_serum_A000000188065,페녹시에탄올,10,False
pi_serum_A000000188065,클로페네신,11,False
pi_serum_A000000250225,케리포리아라케라타세포외소포,1,False
pi_serum_A000000250225,미선나무수,2,False
pi_serum_A000000250225,부틸렌글라이콜,3,False
pi_serum_A000000250225,"1,2-헥산다이올",4,False
pi_serum_A000000250225,하이드록시아세토페논,5,False
pi_serum_A000000250225,소듐하이알루로네이트,6,False
pi_serum_A000000252982,정제수,1,False
pi_serum_A000000252982,부틸렌글라이콜,2,False
pi_serum_A000000252982,다이프로필렌글라이콜,3,False
pi_serum_A000000252982,나이아신아마이드,4,False
pi_serum_A000000252982,"1,2-헥산다이올",5,False
pi_serum_A000000252982,글리세린,6,False
pi_serum_A000000252982,판테놀,7,False
pi_serum_A000000252982,글리세레스-26,8,False
pi_serum_A000000252982,하이드록시에틸셀룰로오스,9,False
pi_serum_A000000252982,에리스리톨,10,False
pi_serum_A000000252982,소듐폴리아크릴로일다이메틸타우레이트,11,False
pi_serum_A000000252982,소듐하이알루로네이트,12,False
pi_serum_A000000252982,알란토인,13,False
pi_serum_A000000252982,에틸헥실글리세린,14,False
pi_serum_A000000252982,카프릴릭/카프릭트라이글리세라이드,15,False
pi_serum_A000000252982,바이오사카라이드검-1,16,False
pi_serum_A000000252982,다이소듐이디티에이,17,False
pi_serum_A000000252982,하이드로제네이티드레시틴,18,False
pi_serum_A000000252982,베타인살리실레이트,19,False
pi_serum_A000000252982,석시닉애씨드,20,False
pi_serum_A000000252982,트로메타민,21,False
pi_serum_A000000252982,스키조사카로미세스발효여과물,22,False
pi_serum_A000000252982,옥틸도데칸올,23,False
pi_serum_A000000252982,폴리글리세릴-10라우레이트,24,False
pi_serum_A000000252982,포스파티딜콜린,25,False
pi_serum_A000000252982,아시아티코사이드,26,False
pi_serum_A000000252982,병풀잎추출물,27,False
pi_serum_A000000252982,마데카식애씨드,28,False
pi_serum_A000000252982,아시아틱애씨드,29,False
pi_serum_A000000252982,글라이코리피드,30,False
pi_serum_A000000252982,세라마이드엔피,31,False
pi_serum_A000000252982,베타-글루칸,32,False
pi_serum_A000000252982,락토바실러스발효물,33,False
pi_serum_A000000252982,락토바실러스/콩발효추출물,34,False
pi_serum_A000000252982,류코노스톡/무발효여과물,35,False
pi_serum_A000000252982,효모발효추출물,36,False
pi_serum_A000000252982,팔미토일트라이펩타이드-5,37,False
pi_serum_A000000252982,다발방패버섯추출물,38,False
pi_serum_A000000252982,마데카소사이드,39,False
pi_serum_A000000252982,병풀추출물,40,False
pi_serum_A000000252982,하이드록시프로필트라이모늄하이알루로네이트,41,False
pi_serum_A000000252982,토코페롤,42,False
pi_serum_A000000252982,징크피씨에이,43,False
pi_serum_A000000252982,헥사펩타이드-9,44,False
pi_serum_A000000259223,다마스크장미꽃수,1,False
pi_serum_A000000259223,나이아신아마이드,2,False
pi_serum_A000000259223,글리세린,3,False
pi_serum_A000000259223,부틸렌글라이콜,4,False
pi_serum_A000000259223,"1,2-헥산다이올",5,False
pi_serum_A000000259223,아크릴레이트/C10-30알킬아크릴레이트크로스폴리머,6,False
pi_serum_A000000259223,에틸헥실글리세린,7,False
pi_serum_A000000259223,트로메타민,8,False
pi_serum_A000000259223,잔탄검,9,False
pi_serum_A000000259223,다이소듐이디티에이,10,False
pi_serum_A000000255834,정제수글리세린변성알코올프로필렌글라이콜판테놀펜틸렌글라이콜다이메티콘피이지-6카프릴릭/카프릭글리세라이즈갈랑가갈랑갈잎추출물칼슘클로라이드글리세릴아이소스테아레이트마데카소사이드피피지-6-데실테트라데세스-30소듐아세틸레이티드하이알루로네이트소듐하이알루로네이트알진아데노신암모늄폴리아크릴로일다이메틸타우레이트프로판다이올하이드롤라이즈드하이알루로닉애씨드하이드록시아세토페논카프릴릭/카프릭트라이글리세라이드카프릴릴글라이콜시트릭애씨드트라이소듐에틸렌다이아민다이석시네이트아세틸글루코사민잔탄검부틸렌글라이콜1,1,False
pi_serum_A000000255834,2-헥산다이올토코페롤페녹시에탄올향료[히알루크림]정제수글리세린아이소헥사데칸프로판다이올변성알코올아이소프로필아이소스테아레이트판테놀다이메티콘옥틸도데칸올베헤닐알코올세틸알코올갈랑가갈랑갈잎추출물스테아릭애씨드칼슘클로라이드세테아릴알코올세테아릴글루코사이드피이지-100스테아레이트소듐하이알루로네이트소듐하이드록사이드알진실리카미리스틱애씨드셀룰로오스팔미틱애씨드아데노신암모늄폴리아크릴로일다이메틸타우레이트다이소듐스테아로일글루타메이트엑토인하이드롤라이즈드하이알루로닉애씨드하이드록시아세토페논카프릴릭/카프릭트라이글리세라이드카프릴로일살리실릭애씨드시트릭애씨드라우레스-7트라이소듐에틸렌다이아민다이석시네이트아세틸글루코사민잔탄검펜틸렌글라이콜파이틱애씨드폴리아크릴아마이드폴리엡실론-라이신부틸렌글라이콜1,2,False
pi_serum_A000000255834,2-헥산다이올C13-14아이소알케인페녹시에탄올향료,3,False
pi_serum_A000000159468,정제수,1,False
pi_serum_A000000159468,아스코빅애씨드,2,False
pi_serum_A000000159468,에톡시다이글라이콜,3,False
pi_serum_A000000159468,프로판다이올,4,False
pi_serum_A000000159468,부틸렌글라이콜,5,False
pi_serum_A000000159468,"1,2-헥산다이올",6,False
pi_serum_A000000159468,알부틴,7,False
pi_serum_A000000159468,다이프로필렌글라이콜,8,False
pi_serum_A000000159468,브로콜리추출물,9,False
pi_serum_A000000159468,울금뿌리추출물,10,False
pi_serum_A000000159468,얼룩파인애플추출물,11,False
pi_serum_A000000159468,살비아오일,12,False
pi_serum_A000000159468,불가리스쑥오일,13,False
pi_serum_A000000159468,소듐하이알루로네이트,14,False
pi_serum_A000000159468,바질오일,15,False
pi_serum_A000000159468,황기뿌리추출물,16,False
pi_serum_A000000159468,콥티스뿌리추출물,17,False
pi_serum_A000000159468,황벽나무껍질추출물,18,False
pi_serum_A000000159468,황금추출물,19,False
pi_serum_A000000159468,트로메타민,20,False
pi_serum_A000000159468,콜레스-24,21,False
pi_serum_A000000159468,페룰릭애씨드,22,False
pi_serum_A000000159468,글리세린,23,False
pi_serum_A000000159468,토코페롤,24,False
pi_serum_A000000159468,글루코실루틴,25,False
pi_serum_A000000159468,판테놀,26,False
pi_serum_A000000159468,폴리글리세릴-10올리에이트,27,False
pi_serum_A000000159468,셀룰로오스검,28,False
pi_serum_A000000159468,하이드로제네이티드레시틴,29,False
pi_serum_A000000159468,에틸헥실글리세린,30,False
pi_serum_A000000159468,아데노신,31,False
pi_serum_A000000159468,소듐파이테이트,32,False
pi_serum_A000000159468,피브이피,33,False
pi_serum_A000000159468,풀러린,34,False
pi_serum_A000000159468,글루코노락톤,35,False
pi_serum_A000000159468,유비퀴논,36,False
pi_serum_A000000255684,정제수,1,False
pi_serum_A000000255684,메틸프로판다이올,2,False
pi_serum_A000000255684,글리세린,3,False
pi_serum_A000000255684,프로판다이올,4,False
pi_serum_A000000255684,나이아신아마이드,5,False
pi_serum_A000000255684,트로메타민,6,False
pi_serum_A000000255684,"1,2-헥산다이올",7,False
pi_serum_A000000255684,폴리글리세린-3,8,False
pi_serum_A000000255684,락틱애씨드,9,False
pi_serum_A000000255684,다이메티콘,10,False
pi_serum_A000000255684,글루코노락톤,11,False
pi_serum_A000000255684,살리실릭애씨드,12,False
pi_serum_A000000255684,하이드록시에틸셀룰로오스,13,False
pi_serum_A000000255684,소듐폴리아크릴로일다이메틸타우레이트,14,False
pi_serum_A000000255684,레시틴,15,False
pi_serum_A000000255684,C12-14알케스-12,16,False
pi_serum_A000000255684,알란토인,17,False
pi_serum_A000000255684,시트릭애씨드,18,False
pi_serum_A000000255684,에틸헥실글리세린,19,False
pi_serum_A000000255684,아데노신,20,False
pi_serum_A000000255684,부틸렌글라이콜,21,False
pi_serum_A000000255684,덱스트린,22,False
pi_serum_A000000255684,글라이콜릭애씨드,23,False
pi_serum_A000000255684,소듐시트레이트,24,False
pi_serum_A000000255684,치자추출물,25,False
pi_serum_A000000255684,트라이소듐포스페이트,26,False
pi_serum_A000000255684,카프릴로일살리실릭애씨드,27,False
pi_serum_A000000255684,물망초꽃/잎/줄기추출물,28,False
pi_serum_A000000255684,원추리꽃추출물,29,False
pi_serum_A000000255684,별꽃추출물,30,False
pi_serum_A000000255684,락토바실러스발효용해물,31,False
pi_serum_A000000255684,서양민들레잎추출물,32,False
pi_serum_A000000255684,락토바실러스발효물,33,False
pi_serum_A000000255684,카프릴릭/카프릭트라이글리세라이드,34,False
pi_serum_A000000255684,솔비탄라우레이트,35,False
pi_serum_A000000255684,세틸팔미테이트,36,False
pi_serum_A000000255684,솔비탄스테아레이트,37,False
pi_serum_A000000255684,폴리솔베이트80,38,False
pi_serum_A000000255684,카프릴릴글라이콜,39,False
pi_serum_A000000255684,아세틸글루타민,40,False
pi_serum_A000000255684,아세틸다이펩타이드-1세틸에스터,41,False
pi_serum_A000000255684,바실러스/소이빈발효추출물,42,False
pi_serum_A000000255684,소듐벤조에이트,43,False
pi_serum_A000000255684,당느릅나무뿌리추출물,44,False
pi_serum_A000000255684,칡뿌리추출물,45,False
pi_serum_A000000255684,대왕소나무잎추출물,46,False
pi_serum_A000000255684,달맞이꽃꽃추출물,47,False
pi_serum_A000000255684,하이드로제네이티드레시틴,48,False
pi_serum_A000000255684,팔미토일트라이펩타이드-5,49,False
pi_serum_A000000255684,아세틸헥사펩타이드-1,50,False
pi_serum_A000000255684,토코페롤,51,False
pi_serum_A000000255684,아세틸옥타펩타이드-3,52,False
pi_serum_A000000255684,소듐하이알루로네이트,53,False
pi_serum_A000000255684,팔미토일테트라펩타이드-10,54,False
pi_serum_A000000255684,폴릭애씨드,55,False
pi_serum_A000000255684,카퍼트라이펩타이드-1,56,False
pi_serum_A000000255684,올리고펩타이드-3,57,False
pi_serum_A000000255684,올리고펩타이드-2,58,False
pi_serum_A000000255684,올리고펩타이드-1,59,False
pi_serum_A000000255684,헥사펩타이드-11,60,False
pi_serum_A000000232212,정제수,1,False
pi_serum_A000000232212,다이프로필렌글라이콜,2,False
pi_serum_A000000232212,글리세린,3,False
pi_serum_A000000232212,나이아신아마이드,4,False
pi_serum_A000000232212,부틸렌글라이콜,5,False
pi_serum_A000000232212,마카다미아씨오일,6,False
pi_serum_A000000232212,"1,2-헥산다이올",7,False
pi_serum_A000000232212,에틸헥실팔미테이트,8,False
pi_serum_A000000232212,소듐아크릴레이트/소듐아크릴로일다이메틸타우레이트코폴리머,9,False
pi_serum_A000000232212,폴리아이소부텐,10,False
pi_serum_A000000232212,실리카,11,False
pi_serum_A000000232212,글리세레스-26,12,False
pi_serum_A000000232212,에틸헥실글리세린,13,False
pi_serum_A000000232212,카프릴릴글라이콜,14,False
pi_serum_A000000232212,아데노신,15,False
pi_serum_A000000232212,소듐폴리아크릴레이트,16,False
pi_serum_A000000232212,소듐하이알루로네이트,17,False
pi_serum_A000000232212,병풀추출물,18,False
pi_serum_A000000232212,카프릴릴/카프릴글루코사이드,19,False
pi_serum_A000000232212,솔비탄올리에이트,20,False
pi_serum_A000000232212,잔탄검,21,False
pi_serum_A000000232212,프로폴리스추출물,22,False
pi_serum_A000000232212,아시아티코사이드,23,False
pi_serum_A000000232212,마데카소사이드,24,False
pi_serum_A000000232212,마데카식애씨드,25,False
pi_serum_A000000232212,아시아틱애씨드,26,False
pi_serum_A000000232212,글라이신,27,False
pi_serum_A000000232212,세린,28,False
pi_serum_A000000232212,글루타믹애씨드,29,False
pi_serum_A000000232212,아스파틱애씨드,30,False
pi_serum_A000000232212,류신,31,False
pi_serum_A000000232212,알라닌,32,False
pi_serum_A000000232212,라이신,33,False
pi_serum_A000000232212,알지닌,34,False
pi_serum_A000000232212,타이로신,35,False
pi_serum_A000000232212,페닐알라닌,36,False
pi_serum_A000000232212,트레오닌,37,False
pi_serum_A000000232212,프롤린,38,False
pi_serum_A000000232212,발린,39,False
pi_serum_A000000232212,아이소류신,40,False
pi_serum_A000000232212,히스티딘,41,False
pi_serum_A000000232212,메티오닌,42,False
pi_serum_A000000232212,시스테인,43,False
pi_serum_A000000241852,에스티로더갈색병:정제수,1,False
pi_serum_A000000241852,비피다발효용해물,2,False
pi_serum_A000000241852,피이지-8,3,False
pi_serum_A000000241852,프로판다이올,4,False
pi_serum_A000000241852,비스-피이지-18메틸에터다이메틸실레인,5,False
pi_serum_A000000241852,메틸글루세스-20,6,False
pi_serum_A000000241852,글리세레스-26,7,False
pi_serum_A000000241852,피이지-75,8,False
pi_serum_A000000241852,부틸렌글라이콜,9,False
pi_serum_A000000241852,바오밥나무씨추출물,10,False
pi_serum_A000000241852,트라이펩타이드-32,11,False
pi_serum_A000000241852,소듐하이알루로네이트,12,False
pi_serum_A000000241852,효모추출물,13,False
pi_serum_A000000241852,락토바실러스발효물,14,False
pi_serum_A000000241852,비터콜라씨추출물,15,False
pi_serum_A000000241852,마트리카리아꽃추출물,16,False
pi_serum_A000000241852,하이드롤라이즈드알진,17,False
pi_serum_A000000241852,판테틴,18,False
pi_serum_A000000241852,카페인,19,False
pi_serum_A000000241852,레시틴,20,False
pi_serum_A000000241852,소듐알엔에이,21,False
pi_serum_A000000241852,비사보롤,22,False
pi_serum_A000000241852,스쿠알란,23,False
pi_serum_A000000241852,글리세린,24,False
pi_serum_A000000241852,올레스-3포스페이트,25,False
pi_serum_A000000241852,카프릴릴글라이콜,26,False
pi_serum_A000000241852,올레스-3,27,False
pi_serum_A000000241852,올레스-5,28,False
pi_serum_A000000241852,콜레스-24,29,False
pi_serum_A000000241852,하이드로제네이티드레시틴,30,False
pi_serum_A000000241852,호호바왁스피이지-120에스터,31,False
pi_serum_A000000241852,세테스-24,32,False
pi_serum_A000000241852,토코페릴아세테이트,33,False
pi_serum_A000000241852,카보머,34,False
pi_serum_A000000241852,트라이에탄올아민,35,False
pi_serum_A000000241852,테트라소듐이디티에이,36,False
pi_serum_A000000241852,비에이치티,37,False
pi_serum_A000000241852,잔탄검,38,False
pi_serum_A000000241852,포타슘솔베이트,39,False
pi_serum_A000000241852,다이소듐이디티에이,40,False
pi_serum_A000000241852,페녹시에탄올,41,False
pi_serum_A000000241852,적색504호,42,False
pi_serum_A000000241852,황색4호[ILN47580,43,False
pi_suncream_A000000217330,정제수,1,False
pi_suncream_A000000217330,다이부틸아디페이트,2,False
pi_suncream_A000000217330,프로판다이올,3,False
pi_suncream_A000000217330,티타늄디옥사이드,4,False
pi_suncream_A000000217330,다이아이소부틸아디페이트,5,False
pi_suncream_A000000217330,부틸옥틸살리실레이트,6,False
pi_suncream_A000000217330,카프릴릭/카프릭트라이글리세라이드,7,False
pi_suncream_A000000217330,디에칠아미노하이드록시벤조일헥실벤조에이트,8,False
pi_suncream_A000000217330,에칠헥실트리아존,9,False
pi_suncream_A000000217330,다이카프릴릴카보네이트,10,False
pi_suncream_A000000217330,나이아신아마이드,11,False
pi_suncream_A000000217330,글리세린,12,False
pi_suncream_A000000217330,디에칠헥실부타미도트리아존,13,False
pi_suncream_A000000217330,"1,2-헥산다이올",14,False
pi_suncream_A000000217330,메틸트라이메티콘,15,False
pi_suncream_A000000217330,귀리커넬추출물,16,False
pi_suncream_A000000217330,아티초크잎추출물,17,False
pi_suncream_A000000217330,쌀추출물,18,False
pi_suncream_A000000217330,녹차수,19,False
pi_suncream_A000000217330,하이드로제네이티드레시틴,20,False
pi_suncream_A000000217330,펜틸렌글라이콜,21,False
pi_suncream_A000000217330,다이메티콘/비닐다이메티콘크로스폴리머,22,False
pi_suncream_A000000217330,폴리하이드록시스테아릭애씨드,23,False
pi_suncream_A000000217330,브이피/에이코신코폴리머,24,False
pi_suncream_A000000217330,암모늄폴리아크릴로일다이메틸타우레이트,25,False
pi_suncream_A000000217330,스테아릭애씨드,26,False
pi_suncream_A000000217330,메틸프로판다이올,27,False
pi_suncream_A000000217330,소듐폴리아크릴로일다이메틸타우레이트,28,False
pi_suncream_A000000217330,부틸렌글라이콜,29,False
pi_suncream_A000000217330,알루미나,30,False
pi_suncream_A000000217330,다이메티콘올,31,False
pi_suncream_A000000217330,트라이실록세인,32,False
pi_suncream_A000000217330,판테놀,33,False
pi_suncream_A000000217330,하이드록시프로필메틸셀룰로오스스테아록시에터,34,False
pi_suncream_A000000217330,소듐아크릴레이트/비닐알코올코폴리머,35,False
pi_suncream_A000000217330,에틸헥실글리세린,36,False
pi_suncream_A000000217330,폴리아크릴레이트크로스폴리머-6,37,False
pi_suncream_A000000217330,아데노신,38,False
pi_suncream_A000000217330,실리카,39,False
pi_suncream_A000000217330,소듐아크릴릭애씨드/엠에이코폴리머,40,False
pi_suncream_A000000217330,소듐폴리아크릴레이트,41,False
pi_suncream_A000000217330,잔탄검,42,False
pi_suncream_A000000217330,폴리쿼터늄-51,43,False
pi_suncream_A000000217330,베타-글루칸,44,False
pi_suncream_A000000217330,t-부틸알코올,45,False
pi_suncream_A000000217330,카프릴릴글라이콜,46,False
pi_suncream_A000000217330,트라이에톡시카프릴릴실레인,47,False
pi_suncream_A000000217330,폴리에터-1,48,False
pi_suncream_A000000217330,토코페롤,49,False
pi_suncream_A000000217330,산소,50,False
pi_suncream_A000000217330,향료,51,False
pi_suncream_A000000217330,울트라마린[생기톤업]정제수,52,False
pi_suncream_A000000217330,적색산화철[초록톤업]정제수,97,False
pi_suncream_A000000217330,동백나무씨추출물,115,False
pi_suncream_A000000217330,"2,3-부탄다이올",119,False
pi_suncream_A000000217330,라우릴락테이트,122,False
pi_suncream_A000000217330,폴리메틸실세스퀴옥세인,124,False
pi_suncream_A000000217330,셀룰로오스검,126,False
pi_suncream_A000000217330,코코-카프릴레이트/카프레이트,128,False
pi_suncream_A000000217330,소듐스테아로일글루타메이트,137,False
pi_suncream_A000000217330,이눌린라우릴카바메이트,142,False
pi_suncream_A000000217330,3-O-에틸아스코빅애씨드,146,False
pi_suncream_A000000217330,메틸메타크릴레이트크로스폴리머,154,False
pi_suncream_A000000217330,크로뮴옥사이드그린,158,False
pi_suncream_A000000217330,황색산화철,159,False
pi_suncream_A000000217330,피씨에이글리세릴올리에이트,160,False
pi_suncream_A000000171650,정제수,1,False
pi_suncream_A000000171650,다이부틸아디페이트,2,False
pi_suncream_A000000171650,프로판다이올,3,False
pi_suncream_A000000171650,디에칠아미노하이드록시벤조일헥실벤조에이트,4,False
pi_suncream_A000000171650,폴리메틸실세스퀴옥세인,5,False
pi_suncream_A000000171650,에칠헥실트리아존,6,False
pi_suncream_A000000171650,나이아신아마이드,7,False
pi_suncream_A000000171650,메칠렌비스-벤조트리아졸릴테트라메칠부틸페놀,8,False
pi_suncream_A000000171650,코코-카프릴레이트/카프레이트,9,False
pi_suncream_A000000171650,카프릴릴메티콘,10,False
pi_suncream_A000000171650,디에칠헥실부타미도트리아존,11,False
pi_suncream_A000000171650,글리세린,12,False
pi_suncream_A000000171650,"1,2-헥산다이올",13,False
pi_suncream_A000000171650,부틸렌글라이콜,14,False
pi_suncream_A000000171650,자작나무수액,15,False
pi_suncream_A000000171650,소듐하이알루로네이트,16,False
pi_suncream_A000000171650,하이알루로닉애씨드,17,False
pi_suncream_A000000171650,글리세릴글루코사이드,18,False
pi_suncream_A000000171650,다이포타슘글리시리제이트,19,False
pi_suncream_A000000171650,알란토인,20,False
pi_suncream_A000000171650,쇠비름추출물,21,False
pi_suncream_A000000171650,개똥쑥추출물,22,False
pi_suncream_A000000171650,구주소나무잎오일,23,False
pi_suncream_A000000171650,마트리카리아꽃오일,24,False
pi_suncream_A000000171650,아크릴레이트/C10-30알킬아크릴레이트크로스폴리머,25,False
pi_suncream_A000000171650,소듐스테아로일글루타메이트,26,False
pi_suncream_A000000171650,폴리아크릴레이트크로스폴리머-6,27,False
pi_suncream_A000000171650,에틸헥실글리세린,28,False
pi_suncream_A000000171650,아스코빅애씨드,29,False
pi_suncream_A000000171650,아데노신,30,False
pi_suncream_A000000171650,펜틸렌글라이콜,31,False
pi_suncream_A000000171650,베헤닐알코올,32,False
pi_suncream_A000000171650,폴리C10-30알킬아크릴레이트,33,False
pi_suncream_A000000171650,폴리글리세릴-3메틸글루코오스다이스테아레이트,34,False
pi_suncream_A000000171650,데실글루코사이드,35,False
pi_suncream_A000000171650,트로메타민,36,False
pi_suncream_A000000171650,잔탄검,37,False
pi_suncream_A000000171650,t-부틸알코올,38,False
pi_suncream_A000000171650,토코페롤,39,False
pi_suncream_A000000171650,카보머,40,False
pi_suncream_A000000151904,정제수,1,False
pi_suncream_A000000151904,사이클로펜타실록세인,2,False
pi_suncream_A000000151904,징크옥사이드,3,False
pi_suncream_A000000151904,호모살레이트,4,False
pi_suncream_A000000151904,에칠헥실살리실레이트,5,False
pi_suncream_A000000151904,폴리글리세릴-3폴리다이메틸실록시에틸다이메티콘,6,False
pi_suncream_A000000151904,부틸렌글라이콜다이카프릴레이트/다이카프레이트,7,False
pi_suncream_A000000151904,프로필헵틸카프릴레이트,8,False
pi_suncream_A000000151904,글리세린,9,False
pi_suncream_A000000151904,나이아신아마이드,10,False
pi_suncream_A000000151904,다이프로필렌글라이콜,11,False
pi_suncream_A000000151904,메틸메타크릴레이트크로스폴리머,12,False
pi_suncream_A000000151904,티타늄디옥사이드,13,False
pi_suncream_A000000151904,디에칠아미노하이드록시벤조일헥실벤조에이트,14,False
pi_suncream_A000000151904,부틸옥틸살리실레이트,15,False
pi_suncream_A000000151904,비스-에칠헥실옥시페놀메톡시페닐트리아진,16,False
pi_suncream_A000000151904,알로에베라잎추출물,17,False
pi_suncream_A000000151904,마트리카리아꽃추출물,18,False
pi_suncream_A000000151904,가시대나무줄기추출물,19,False
pi_suncream_A000000151904,멕시칸치아씨추출물,20,False
pi_suncream_A000000151904,병풀추출물,21,False
pi_suncream_A000000151904,쇠비름추출물,22,False
pi_suncream_A000000151904,약모밀추출물,23,False
pi_suncream_A000000151904,울금뿌리추출물,24,False
pi_suncream_A000000151904,포트마리골드꽃추출물,25,False
pi_suncream_A000000151904,바오밥나무씨오일,26,False
pi_suncream_A000000151904,소듐하이알루로네이트,27,False
pi_suncream_A000000151904,달맞이꽃오일,28,False
pi_suncream_A000000151904,다이스테아다이모늄헥토라이트,29,False
pi_suncream_A000000151904,마그네슘설페이트,30,False
pi_suncream_A000000151904,칼슘알루미늄보로실리케이트,31,False
pi_suncream_A000000151904,솔비탄카프릴레이트,32,False
pi_suncream_A000000151904,폴리글리세릴-6폴리리시놀리에이트,33,False
pi_suncream_A000000151904,트라이에톡시카프릴릴실레인,34,False
pi_suncream_A000000151904,마이카,35,False
pi_suncream_A000000151904,스테아릭애씨드,36,False
pi_suncream_A000000151904,알루미늄하이드록사이드,37,False
pi_suncream_A000000151904,부틸렌글라이콜,38,False
pi_suncream_A000000151904,글리세릴카프릴레이트,39,False
pi_suncream_A000000151904,아데노신,40,False
pi_suncream_A000000151904,프로판다이올,41,False
pi_suncream_A000000151904,판테놀,42,False
pi_suncream_A000000151904,사카라이드하이드롤리세이트,43,False
pi_suncream_A000000151904,드럼스틱씨오일,44,False
pi_suncream_A000000151904,프로필렌글라이콜,45,False
pi_suncream_A000000151904,토코페롤,46,False
pi_suncream_A000000151904,산소,47,False
pi_suncream_A000000151904,"1,2-헥산다이올",48,False
pi_suncream_A000000151904,향료,49,False
pi_suncream_A000000151904,에틸헥실글리세린,50,False
pi_suncream_A000000151904,펜틸렌글라이콜,51,False
pi_suncream_A000000200614,정제수,1,False
pi_suncream_A000000200614,프로판다이올,2,False
pi_suncream_A000000200614,부틸옥틸살리실레이트,3,False
pi_suncream_A000000200614,다이카프릴릴카보네이트,4,False
pi_suncream_A000000200614,티타늄디옥사이드,5,False
pi_suncream_A000000200614,다이아이소프로필세바케이트,6,False
pi_suncream_A000000200614,"2,3-부탄다이올",7,False
pi_suncream_A000000200614,디에칠아미노하이드록시벤조일헥실벤조에이트,8,False
pi_suncream_A000000200614,폴리실리콘-15,9,False
pi_suncream_A000000200614,나이아신아마이드,10,False
pi_suncream_A000000200614,다이부틸아디페이트,11,False
pi_suncream_A000000200614,에칠헥실트리아존,12,False
pi_suncream_A000000200614,"1,2-헥산다이올",13,False
pi_suncream_A000000200614,흰서양송로추출물,14,False
pi_suncream_A000000200614,아이비고드열매추출물,15,False
pi_suncream_A000000200614,한련초추출물,16,False
pi_suncream_A000000200614,별꽃추출물,17,False
pi_suncream_A000000200614,약모밀추출물,18,False
pi_suncream_A000000200614,쇠비름추출물,19,False
pi_suncream_A000000200614,바오밥나무잎추출물,20,False
pi_suncream_A000000200614,부들레야추출물,21,False
pi_suncream_A000000200614,올리브나무잎추출물,22,False
pi_suncream_A000000200614,타임추출물,23,False
pi_suncream_A000000200614,라벤더꽃추출물,24,False
pi_suncream_A000000200614,병풀추출물,25,False
pi_suncream_A000000200614,오렌지오일,26,False
pi_suncream_A000000200614,호호바씨오일,27,False
pi_suncream_A000000200614,필리핀오렌지껍질오일,28,False
pi_suncream_A000000200614,리씨열매오일,29,False
pi_suncream_A000000200614,살비아잎수,30,False
pi_suncream_A000000200614,수레국화꽃수,31,False
pi_suncream_A000000200614,펜틸렌글라이콜,32,False
pi_suncream_A000000200614,코코-카프릴레이트/카프레이트,33,False
pi_suncream_A000000200614,부틸렌글라이콜,34,False
pi_suncream_A000000200614,브이피/에이코신코폴리머,35,False
pi_suncream_A000000200614,메틸프로판다이올,36,False
pi_suncream_A000000200614,폴리글리세릴-2카프레이트,37,False
pi_suncream_A000000200614,글리세린,38,False
pi_suncream_A000000200614,수크로오스스테아레이트,39,False
pi_suncream_A000000200614,암모늄아크릴로일다이메틸타우레이트/브이피코폴리머,40,False
pi_suncream_A000000200614,폴리아크릴레이트크로스폴리머-6,41,False
pi_suncream_A000000200614,알루미나,42,False
pi_suncream_A000000200614,하이드록시프로필메틸셀룰로오스스테아록시에터,43,False
pi_suncream_A000000200614,폴리하이드록시스테아릭애씨드,44,False
pi_suncream_A000000200614,스테아릭애씨드,45,False
pi_suncream_A000000200614,에틸헥실글리세린,46,False
pi_suncream_A000000200614,이눌린라우릴카바메이트,47,False
pi_suncream_A000000200614,글리세릴카프릴레이트,48,False
pi_suncream_A000000200614,잔탄검,49,False
pi_suncream_A000000200614,트라이에톡시카프릴릴실레인,50,False
pi_suncream_A000000200614,아데노신,51,False
pi_suncream_A000000200614,스쿠알란,52,False
pi_suncream_A000000200614,폴리에터-1,53,False
pi_suncream_A000000200614,락토바실러스발효물,54,False
pi_suncream_A000000200614,토코페롤,55,False
pi_suncream_A000000200614,글루타티온,56,False
pi_suncream_A000000200614,알란토인,57,False
pi_suncream_A000000200614,판테놀,58,False
pi_suncream_A000000200614,타라검,59,False
pi_suncream_A000000200614,바이오사카라이드검-1,60,False
pi_suncream_A000000200614,하이드롤라이즈드하이알루로닉애씨드,61,False
pi_suncream_A000000200614,말토덱스트린,62,False
pi_suncream_A000000200614,포도주,63,False
pi_suncream_A000000200614,울트라마린,64,False
pi_suncream_A000000200614,리모넨,65,False
pi_suncream_A000000200614,시트랄,66,False
pi_suncream_A000000219553,정제수,1,False
pi_suncream_A000000219553,다이부틸아디페이트,2,False
pi_suncream_A000000219553,프로판다이올,3,False
pi_suncream_A000000219553,폴리메틸실세스퀴옥세인,4,False
pi_suncream_A000000219553,다이아이소프로필세바케이트,5,False
pi_suncream_A000000219553,디에칠아미노하이드록시벤조일헥실벤조에이트,6,False
pi_suncream_A000000219553,에칠헥실트리아존,7,False
pi_suncream_A000000219553,메칠렌비스-벤조트리아졸릴테트라메칠부틸페놀,8,False
pi_suncream_A000000219553,코코-카프릴레이트/카프레이트,9,False
pi_suncream_A000000219553,디에칠헥실부타미도트리아존,10,False
pi_suncream_A000000219553,부틸렌글라이콜,11,False
pi_suncream_A000000219553,글리세린,12,False
pi_suncream_A000000219553,"1,2-헥산다이올",13,False
pi_suncream_A000000219553,카프릴릴메티콘,14,False
pi_suncream_A000000219553,약모밀추출물,15,False
pi_suncream_A000000219553,펜틸렌글라이콜,16,False
pi_suncream_A000000219553,베헤닐알코올,17,False
pi_suncream_A000000219553,폴리C10-30알킬아크릴레이트,18,False
pi_suncream_A000000219553,폴리글리세릴-3메틸글루코오스다이스테아레이트,19,False
pi_suncream_A000000219553,데실글루코사이드,20,False
pi_suncream_A000000219553,트로메타민,21,False
pi_suncream_A000000219553,카보머,22,False
pi_suncream_A000000219553,아크릴레이트/C10-30알킬아크릴레이트크로스폴리머,23,False
pi_suncream_A000000219553,소듐스테아로일글루타메이트,24,False
pi_suncream_A000000219553,폴리아크릴레이트크로스폴리머-6,25,False
pi_suncream_A000000219553,에틸헥실글리세린,26,False
pi_suncream_A000000219553,잔탄검,27,False
pi_suncream_A000000219553,t-부틸알코올,28,False
pi_suncream_A000000219553,토코페롤,29,False
pi_suncream_A000000259586,전성분정제수,1,False
pi_suncream_A000000259586,다이부틸아디페이트,2,False
pi_suncream_A000000259586,프로판다이올,3,False
pi_suncream_A000000259586,부틸옥틸살리실레이트,4,False
pi_suncream_A000000259586,에칠헥실트리아존,5,False
pi_suncream_A000000259586,메틸메타크릴레이트크로스폴리머,6,False
pi_suncream_A000000259586,비스-에칠헥실옥시페놀메톡시페닐트리아진,7,False
pi_suncream_A000000259586,옥토크릴렌,8,False
pi_suncream_A000000259586,나이아신아마이드,9,False
pi_suncream_A000000259586,테레프탈릴리덴디캠퍼설포닉애씨드,10,False
pi_suncream_A000000259586,알지닌,11,False
pi_suncream_A000000259586,다이메티콘올,12,False
pi_suncream_A000000259586,메틸프로판다이올,13,False
pi_suncream_A000000259586,폴리메틸실세스퀴옥세인,14,False
pi_suncream_A000000259586,"1,2-헥산다이올",15,False
pi_suncream_A000000259586,펜틸렌글라이콜,16,False
pi_suncream_A000000259586,C11-13아이소알케인,17,False
pi_suncream_A000000259586,하이드록시에틸우레아,18,False
pi_suncream_A000000259586,부틸렌글라이콜,19,False
pi_suncream_A000000259586,베헤닐알코올,20,False
pi_suncream_A000000259586,폴리글리세릴-3메틸글루코오스다이스테아레이트,21,False
pi_suncream_A000000259586,다이프로필렌글라이콜,22,False
pi_suncream_A000000259586,카보머,23,False
pi_suncream_A000000259586,아이소도데케인,24,False
pi_suncream_A000000259586,폴리C10-30알킬아크릴레이트,25,False
pi_suncream_A000000259586,다이메티콘/비닐다이메티콘크로스폴리머,26,False
pi_suncream_A000000259586,폴리에터-1,27,False
pi_suncream_A000000259586,스핑고모나스발효추출물,28,False
pi_suncream_A000000259586,에틸헥실글리세린,29,False
pi_suncream_A000000259586,병풀잎추출물,30,False
pi_suncream_A000000259586,아데노신,31,False
pi_suncream_A000000259586,서양배추출물,32,False
pi_suncream_A000000259586,소듐스테아로일글루타메이트,33,False
pi_suncream_A000000259586,연필향나무오일,34,False
pi_suncream_A000000259586,마데카소사이드,35,False
pi_suncream_A000000259586,소듐하이알루로네이트,36,False
pi_suncream_A000000259586,다마스크장미꽃수,37,False
pi_suncream_A000000259586,멜론추출물,38,False
pi_suncream_A000000259586,오리스뿌리추출물,39,False
pi_suncream_A000000259586,서양송악잎/줄기추출물,40,False
pi_suncream_A000000259586,호호바씨오일,41,False
pi_suncream_A000000259586,광곽향오일,42,False
pi_suncream_A000000259586,불가리스쑥오일,43,False
pi_suncream_A000000259586,마이크로크리스탈린셀룰로오스,44,False
pi_suncream_A000000259586,로즈마리잎오일,45,False
pi_suncream_A000000259586,병풀추출물,46,False
pi_suncream_A000000259586,셀룰로오스검,47,False
pi_suncream_A000000259586,토코페롤,48,False
pi_suncream_A000000259586,하이드롤라이즈드하이알루로닉애씨드,49,False
pi_suncream_A000000259586,하이드롤라이즈드소듐하이알루로네이트,50,False
pi_suncream_A000000259586,하이드록시프로필트라이모듐하이알루로네이트,51,False
pi_suncream_A000000259586,사과추출물,52,False
pi_suncream_A000000259586,에리스리톨,53,False
pi_suncream_A000000259586,글리세린,54,False
pi_suncream_A000000259586,판테놀,55,False
pi_suncream_A000000259586,솔비톨,56,False
pi_suncream_A000000259586,보검선인장줄기추출물,57,False
pi_suncream_A000000259586,마데카식애씨드,58,False
pi_suncream_A000000259586,아시아틱애씨드,59,False
pi_suncream_A000000259586,아시아티코사이드,60,False
pi_suncream_A000000259586,스키조사카로미세스발효여과물,61,False
pi_suncream_A000000259586,바이오사카라이드검-4,62,False
pi_suncream_A000000259586,다이소듐포스페이트,63,False
pi_suncream_A000000259586,다발방패버섯추출물,64,False
pi_suncream_A000000257674,정제수,1,False
pi_suncream_A000000257674,다이부틸아디페이트,2,False
pi_suncream_A000000257674,다이아이소프로필세바케이트,3,False
pi_suncream_A000000257674,C12-15알킬벤조에이트,4,False
pi_suncream_A000000257674,티타늄디옥사이드,5,False
pi_suncream_A000000257674,프로판다이올,6,False
pi_suncream_A000000257674,메칠렌비스-벤조트리아졸릴테트라메칠부틸페놀,7,False
pi_suncream_A000000257674,나이아신아마이드,8,False
pi_suncream_A000000257674,폴리글리세릴-3메틸글루코오스다이스테아레이트,9,False
pi_suncream_A000000257674,코코-카프릴레이트/카프레이트,10,False
pi_suncream_A000000257674,"1,2-헥산다이올",11,False
pi_suncream_A000000257674,에칠헥실트리아존,12,False
pi_suncream_A000000257674,부틸렌글라이콜,13,False
pi_suncream_A000000257674,디에칠아미노하이드록시벤조일헥실벤조에이트,14,False
pi_suncream_A000000257674,판테놀,15,False
pi_suncream_A000000257674,세틸포스페이트,16,False
pi_suncream_A000000257674,세테아릴알코올,17,False
pi_suncream_A000000257674,글리세릴스테아레이트,18,False
pi_suncream_A000000257674,폴리C10-30알킬아크릴레이트,19,False
pi_suncream_A000000257674,폴리하이드록시스테아릭애씨드,20,False
pi_suncream_A000000257674,다이메티콘,21,False
pi_suncream_A000000257674,데실글루코사이드,22,False
pi_suncream_A000000257674,암모늄폴리아크릴로일다이메틸타우레이트,23,False
pi_suncream_A000000257674,세테아릴올리베이트,24,False
pi_suncream_A000000257674,비닐다이메티콘/메티콘실세스퀴옥세인크로스폴리머,25,False
pi_suncream_A000000257674,솔비탄올리베이트,26,False
pi_suncream_A000000257674,트로메타민,27,False
pi_suncream_A000000257674,알루미나,28,False
pi_suncream_A000000257674,알루미늄스테아레이트,29,False
pi_suncream_A000000257674,아크릴레이트/C10-30알킬아크릴레이트크로스폴리머,30,False
pi_suncream_A000000257674,알란토인,31,False
pi_suncream_A000000257674,소듐스테아로일글루타메이트,32,False
pi_suncream_A000000257674,스테아릭애씨드,33,False
pi_suncream_A000000257674,스테아릴글리시레티네이트,34,False
pi_suncream_A000000257674,폴리실리콘-11,35,False
pi_suncream_A000000257674,폴리우레탄-15,36,False
pi_suncream_A000000257674,아데노신,37,False
pi_suncream_A000000257674,토코페롤,38,False
pi_suncream_A000000257674,글리세린,39,False
pi_suncream_A000000257674,만니톨,40,False
pi_suncream_A000000257674,플로레틴,41,False
pi_suncream_A000000257674,트라이소듐이디티에이,42,False
pi_suncream_A000000257674,돌콩오일,43,False
pi_suncream_A000000257674,잔탄검,44,False
pi_suncream_A000000257674,드럼스틱씨오일,45,False
pi_suncream_A000000257674,트라이에톡시카프릴릴실레인,46,False
pi_suncream_A000000257674,T-부틸알코올,47,False
pi_suncream_A000000257674,다이메티콘크로스폴리머,48,False
pi_suncream_A000000257674,콜라겐,49,False
pi_suncream_A000000257674,카프릴릴글라이콜,50,False
pi_suncream_A000000257674,크리신,51,False
pi_suncream_A000000257674,다마스크장미꽃추출물,52,False
pi_suncream_A000000257674,소듐디엔에이,53,False
pi_suncream_A000000257674,트라넥사믹애씨드,54,False
pi_suncream_A000000257674,아스코빅애씨드,55,False
pi_suncream_A000000257674,카프릴릭/카프릭트라이글리세라이드,56,False
pi_suncream_A000000257674,알루미늄하이드록사이드,57,False
pi_suncream_A000000257674,유비퀴논,58,False
pi_suncream_A000000257674,아이소프로필티타늄트라이아이소스테아레이트,59,False
pi_suncream_A000000257674,에틸헥실글리세린,60,False
pi_suncream_A000000257674,하이드로제네이티드레시틴,61,False
pi_suncream_A000000257674,미리스틱애씨드,62,False
pi_suncream_A000000257674,다이소듐이디티에이,63,False
pi_suncream_A000000257674,적색산화철,64,False
pi_suncream_A000000257674,울트라마린,65,False
pi_suncream_A000000257674,향료,67,False
pi_suncream_A000000257674,하이드록시시트로넬알,68,False
pi_suncream_A000000257674,리모넨,69,False
pi_suncream_A000000257674,리날룰,70,False
pi_suncream_A000000180162,1.그린마일드업선플러스(본품+구성품)정제수,1,False
pi_suncream_A000000180162,징크옥사이드,2,False
pi_suncream_A000000180162,프로판다이올,3,False
pi_suncream_A000000180162,부틸옥틸살리실레이트,4,False
pi_suncream_A000000180162,프로필헵틸카프릴레이트,5,False
pi_suncream_A000000180162,코코-카프릴레이트/카프레이트,6,False
pi_suncream_A000000180162,사이클로헥사실록세인,7,False
pi_suncream_A000000180162,카프릴릴메티콘,8,False
pi_suncream_A000000180162,아이소도데케인,9,False
pi_suncream_A000000180162,폴리글리세릴-3폴리다이메틸실록시에틸다이메티콘,10,False
pi_suncream_A000000180162,메틸트라이메티콘,11,False
pi_suncream_A000000180162,메틸메타크릴레이트크로스폴리머,12,False
pi_suncream_A000000180162,다이스테아다이모늄헥토라이트,13,False
pi_suncream_A000000180162,마그네슘설페이트,14,False
pi_suncream_A000000180162,트라이에톡시카프릴릴실레인,15,False
pi_suncream_A000000180162,"1,2-헥산다이올",16,False
pi_suncream_A000000180162,폴리글리세릴-2다이폴리하이드록시스테아레이트,17,False
pi_suncream_A000000180162,라우릴폴리글리세릴-3폴리다이메틸실록시에틸다이메티콘,18,False
pi_suncream_A000000180162,폴리메틸실세스퀴옥세인,19,False
pi_suncream_A000000180162,글리세릴카프릴레이트,20,False
pi_suncream_A000000180162,카프릴릴글라이콜,21,False
pi_suncream_A000000180162,에틸헥실글리세린,22,False
pi_suncream_A000000180162,소듐하이알루로네이트,23,False
pi_suncream_A000000180162,부틸렌글라이콜,24,False
pi_suncream_A000000180162,토코페롤,25,False
pi_suncream_A000000180162,병풀추출물,26,False
pi_suncream_A000000180162,타라열매추출물,27,False
pi_suncream_A000000180162,프랑스해안송껍질추출물,28,False
pi_suncream_A000000180162,코토니추출물,29,False
pi_suncream_A000000180162,7-데하이드로콜레스테롤,30,False
pi_suncream_A000000180162,약모밀추출물,31,False
pi_suncream_A000000180162,엑토인,32,False
pi_suncream_A000000180162,밀몽화꽃추출물,33,False
pi_suncream_A000000180162,락토바실러스발효물,34,False
pi_suncream_A000000180162,하이드록시신나믹애씨드,35,False
pi_suncream_A000000180162,루틴,36,False
pi_suncream_A000000225003,무기자차선크림:정제수,1,False
pi_suncream_A000000225003,징크옥사이드,2,False
pi_suncream_A000000225003,부틸옥틸살리실레이트,3,False
pi_suncream_A000000225003,프로필헵틸카프릴레이트,4,False
pi_suncream_A000000225003,사이클로헥사실록세인,5,False
pi_suncream_A000000225003,프로판다이올,6,False
pi_suncream_A000000225003,다이실록세인,7,False
pi_suncream_A000000225003,아이소도데케인,8,False
pi_suncream_A000000225003,C15-19알케인,9,False
pi_suncream_A000000225003,카프릴릴메티콘,10,False
pi_suncream_A000000225003,세틸다이글리세릴트리스(트라이메틸실록시)실릴에틸다이메티콘,11,False
pi_suncream_A000000225003,나이아신아마이드,12,False
pi_suncream_A000000225003,소듐클로라이드,13,False
pi_suncream_A000000225003,글리세린,14,False
pi_suncream_A000000225003,비타민나무오일,15,False
pi_suncream_A000000225003,바실러스/소이빈발효추출물,16,False
pi_suncream_A000000225003,락토바실러스/호밀가루발효물,17,False
pi_suncream_A000000225003,락토바실러스/소이밀크발효여과물,18,False
pi_suncream_A000000225003,락토바실러스발효용해물,19,False
pi_suncream_A000000225003,소듐하이알루로네이트,20,False
pi_suncream_A000000225003,포도주,21,False
pi_suncream_A000000225003,병풀추출물,22,False
pi_suncream_A000000225003,하이알루로닉애씨드,23,False
pi_suncream_A000000225003,폴스애플민트잎추출물,24,False
pi_suncream_A000000225003,녹차추출물,25,False
pi_suncream_A000000225003,타임잎추출물,26,False
pi_suncream_A000000225003,하이드롤라이즈드하이알루로닉애씨드,27,False
pi_suncream_A000000225003,메틸메타크릴레이트크로스폴리머,28,False
pi_suncream_A000000225003,다이스테아다이모늄헥토라이트,29,False
pi_suncream_A000000225003,폴리글리세릴-6폴리리시놀리에이트,30,False
pi_suncream_A000000225003,트라이에틸헥사노인,31,False
pi_suncream_A000000225003,폴리메틸실세스퀴옥세인,32,False
pi_suncream_A000000225003,트라이에톡시카프릴릴실레인,33,False
pi_suncream_A000000225003,"1,2-헥산다이올",34,False
pi_suncream_A000000225003,폴리글리세릴-2다이폴리하이드록시스테아레이트,35,False
pi_suncream_A000000225003,판테놀,36,False
pi_suncream_A000000225003,라우릴다이메티콘/폴리글리세린-3크로스폴리머,37,False
pi_suncream_A000000225003,부틸렌글라이콜,38,False
pi_suncream_A000000225003,카프릴릴글라이콜,39,False
pi_suncream_A000000225003,글리세릴카프릴레이트,40,False
pi_suncream_A000000225003,아데노신,41,False
pi_suncream_A000000225003,다이프로필렌글라이콜,42,False
pi_suncream_A000000225003,토코페롤,43,False
pi_suncream_A000000225003,말토덱스트린,44,False
pi_suncream_A000000225003,소듐시트레이트,45,False
pi_suncream_A000000225003,타라검,46,False
pi_suncream_A000000225003,아이소말트,47,False
pi_suncream_A000000225003,락토바실러스,48,False
pi_suncream_A000000225003,하이드록시프로필트라이모늄하이알루로네이트,49,False
pi_suncream_A000000225003,아스코빅애씨드,50,False
pi_suncream_A000000225003,소듐아세틸레이티드하이알루로네이트,51,False
pi_suncream_A000000225003,하이드롤라이즈드소듐하이알루로네이트,52,False
pi_suncream_A000000225003,소듐하이알루로네이트크로스폴리머,53,False
pi_suncream_A000000225003,포타슘하이알루로네이트선에센스:정제수,54,False
pi_suncream_A000000225003,에칠헥실살리실레이트,56,False
pi_suncream_A000000225003,호모살레이트,57,False
pi_suncream_A000000225003,메틸트라이메티콘,59,False
pi_suncream_A000000225003,비스-에틸헥실옥시페놀메톡시페닐트라이아진,61,False
pi_suncream_A000000225003,메칠렌비스-벤조트리아졸릴테트라메칠부틸페놀,63,False
pi_suncream_A000000225003,폴리실리콘-15,64,False
pi_suncream_A000000225003,디에칠아미노하이드록시벤조일헥실벤조에이트,65,False
pi_suncream_A000000225003,펜틸렌글라이콜,67,False
pi_suncream_A000000225003,다이부틸아디페이트,69,False
pi_suncream_A000000225003,실리카,71,False
pi_suncream_A000000225003,베헤닐알코올,72,False
pi_suncream_A000000225003,폴리글리세릴-3메틸글루코오스다이스테아레이트,73,False
pi_suncream_A000000225003,트로메타민,74,False
pi_suncream_A000000225003,데실글루코사이드,75,False
pi_suncream_A000000225003,소듐스테아로일글루타메이트,76,False
pi_suncream_A000000225003,카보머,77,False
pi_suncream_A000000225003,브이피/에이코신코폴리머,78,False
pi_suncream_A000000225003,아크릴레이트/C10-30알킬아크릴레이트크로스폴리머,79,False
pi_suncream_A000000225003,하이드로제네이티드폴리아이소부텐,80,False
pi_suncream_A000000225003,폴리C10-30알킬아크릴레이트,81,False
pi_suncream_A000000225003,하이드로제네이티드폴리사이클로펜타다이엔,82,False
pi_suncream_A000000225003,에틸헥실글리세린,83,False
pi_suncream_A000000225003,폴리아크릴레이트크로스폴리머-6,84,False
pi_suncream_A000000225003,소듐폴리아크릴레이트,85,False
pi_suncream_A000000225003,향료,86,False
pi_suncream_A000000225003,프로필렌글라이콜,88,False
pi_suncream_A000000225003,폴리에터-1,89,False
pi_suncream_A000000225003,잔탄검,90,False
pi_suncream_A000000225003,꽃송이버섯추출물,92,False
pi_suncream_A000000225003,글루타티온,94,False
pi_suncream_A000000225003,바이오틴,95,False
pi_suncream_A000000225003,소듐아스코빌포스페이트,96,False
pi_suncream_A000000225003,우레아,97,False
pi_suncream_A000000225003,엑토인,99,False
pi_suncream_A000000225003,3-O-에틸아스코빅애씨드,100,False
pi_suncream_A000000225003,베툴린,101,False
pi_suncream_A000000225003,카놀라오일,102,False
pi_suncream_A000000225003,옥틸도데칸올,103,False
pi_suncream_A000000225003,양까막까치밥나무씨오일,105,False
pi_suncream_A000000225003,카프릴릭/카프릭트라이글리세라이드,106,False
pi_suncream_A000000225003,밀몽화꽃추출물,107,False
pi_suncream_A000000225003,하이드로제네이티드레시틴,108,False
pi_suncream_A000000225003,폴리글리세릴-10다이아이소스테아레이트,109,False
pi_suncream_A000000225003,비파나무잎추출물,110,False
pi_suncream_A000000225003,당근씨오일,111,False
pi_suncream_A000000225003,해바라기씨오일불검화물,112,False
pi_suncream_A000000225003,해바라기씨오일,113,False
pi_suncream_A000000225003,베타-글루칸,114,False
pi_suncream_A000000225003,스피어민트추출물,115,False
pi_suncream_A000000225003,사이아노코발아민,116,False
pi_suncream_A000000225003,메나다이온,117,False
pi_suncream_A000000225003,당근추출물,118,False
pi_suncream_A000000225003,토코페릴아세테이트,119,False
pi_suncream_A000000225003,베타-카로틴,120,False
pi_suncream_A000000225003,풍선덩굴꽃/잎/덩굴추출물,121,False
pi_suncream_A000000225003,별꽃추출물,123,False
pi_suncream_A000000225003,해바라기꽃추출물,124,False
pi_suncream_A000000225003,월귤추출물,125,False
pi_suncream_A000000225003,아세틸헥사펩타이드-1,126,False
pi_suncream_A000000225003,로즈마리잎추출물,127,False
pi_suncream_A000000209372,정제수,1,False
pi_suncream_A000000209372,다이부틸아디페이트,2,False
pi_suncream_A000000209372,프로판다이올,3,False
pi_suncream_A000000209372,부틸옥틸살리실레이트,4,False
pi_suncream_A000000209372,에칠헥실트리아존,5,False
pi_suncream_A000000209372,테레프탈릴리덴디캠퍼설포닉애씨드,6,False
pi_suncream_A000000209372,폴리글리세릴-3다이스테아레이트,7,False
pi_suncream_A000000209372,나이아신아마이드,8,False
pi_suncream_A000000209372,트로메타민,9,False
pi_suncream_A000000209372,"1,2-헥산다이올",10,False
pi_suncream_A000000209372,디에칠아미노하이드록시벤조일헥실벤조에이트,11,False
pi_suncream_A000000209372,카프릴릴메티콘,12,False
pi_suncream_A000000209372,펜틸렌글라이콜,13,False
pi_suncream_A000000209372,폴리메틸실세스퀴옥세인,14,False
pi_suncream_A000000209372,폴리실리콘-15,15,False
pi_suncream_A000000209372,다시마추출물,16,False
pi_suncream_A000000209372,한련초잎추출물,17,False
pi_suncream_A000000209372,풍선덩굴꽃/잎/덩굴추출물,18,False
pi_suncream_A000000209372,병풀추출물,19,False
pi_suncream_A000000209372,하이드로제네이티드레시틴,20,False
pi_suncream_A000000209372,에키움플란타기네움씨오일,21,False
pi_suncream_A000000209372,글리세릴스테아레이트,22,False
pi_suncream_A000000209372,비스-에칠헥실옥시페놀메톡시페닐트리아진,23,False
pi_suncream_A000000209372,세테아릴알코올,24,False
pi_suncream_A000000209372,카보머,25,False
pi_suncream_A000000209372,암모늄아크릴로일다이메틸타우레이트/브이피코폴리머,26,False
pi_suncream_A000000209372,글리세린,27,False
pi_suncream_A000000209372,다이프로필렌글라이콜,28,False
pi_suncream_A000000209372,글리세릴스테아레이트시트레이트,29,False
pi_suncream_A000000209372,아크릴레이트/C10-30알킬아크릴레이트크로스폴리머,30,False
pi_suncream_A000000209372,소듐스테아로일글루타메이트,31,False
pi_suncream_A000000209372,에틸헥실글리세린,32,False
pi_suncream_A000000209372,옥틸도데칸올,33,False
pi_suncream_A000000209372,아데노신,34,False
pi_suncream_A000000209372,프룩토올리고사카라이드,35,False
pi_suncream_A000000209372,베타-글루칸,36,False
pi_suncream_A000000209372,에스에이치-올리고펩타이드-1,37,False
pi_suncream_A000000209372,하이드롤라이즈드하이알루로닉애씨드,38,False
pi_suncream_A000000209372,해바라기씨오일불검화물,39,False
pi_suncream_A000000209372,토코페롤[보송선앰플]정제수,40,False
pi_suncream_A000000209372,변성알코올,44,False
pi_suncream_A000000209372,부틸렌글라이콜,52,False
pi_suncream_A000000209372,스핑고모나스발효추출물,57,False
pi_suncream_A000000209372,귀리커넬추출물,58,False
pi_suncream_A000000209372,아티초크잎추출물,59,False
pi_suncream_A000000209372,말라카이트추출물,60,False
pi_suncream_A000000209372,쇠비름추출물,62,False
pi_suncream_A000000209372,노니추출물,63,False
pi_suncream_A000000209372,약모밀추출물,64,False
pi_suncream_A000000209372,녹차수,65,False
pi_suncream_A000000209372,소듐하이알루로네이트,67,False
pi_suncream_A000000209372,브이피/에이코신코폴리머,69,False
pi_suncream_A000000209372,비스-에틸헥실옥시페놀메톡시페닐트라이아진,70,False
pi_suncream_A000000209372,메틸프로판다이올,72,False
pi_suncream_A000000209372,폴리쿼터늄-51,81,False
pi_suncream_A000000209372,테트라하이드록시프로필에틸렌다이아민,83,False
pi_suncream_A000000209372,글라이신,84,False
pi_suncream_A000000209372,알지닌,85,False
pi_suncream_A000000209372,토코페롤,86,False
pi_suncream_A000000209372,알란토인,87,False
pi_suncream_A000000209372,판테놀,88,False
pi_suncream_A000000209372,아시아티코사이드,89,False
pi_suncream_A000000209372,마데카식애씨드,90,False
pi_suncream_A000000209372,아시아틱애씨드,91,False
pi_suncream_A000000209372,향료,93,False
pi_suncream_A000000209372,페녹시에탄올,94,False
pi_suncream_A000000206826,정제수,1,False
pi_suncream_A000000206826,징크옥사이드,2,False
pi_suncream_A000000206826,사이클로헥사실록세인,3,False
pi_suncream_A000000206826,프로판다이올,4,False
pi_suncream_A000000206826,부틸옥틸살리실레이트,5,False
pi_suncream_A000000206826,프로필헵틸카프릴레이트,6,False
pi_suncream_A000000206826,아이소도데케인,7,False
pi_suncream_A000000206826,폴리글리세릴-3폴리다이메틸실록시에틸다이메티콘,8,False
pi_suncream_A000000206826,카프릴릴메티콘,9,False
pi_suncream_A000000206826,다이실록세인,10,False
pi_suncream_A000000206826,다이스테아다이모늄헥토라이트,11,False
pi_suncream_A000000206826,마그네슘설페이트,12,False
pi_suncream_A000000206826,트라이에톡시카프릴릴실레인,13,False
pi_suncream_A000000206826,"1,2-헥산다이올",14,False
pi_suncream_A000000206826,폴리메틸실세스퀴옥세인,15,False
pi_suncream_A000000206826,폴리글리세릴-2다이폴리하이드록시스테아레이트,16,False
pi_suncream_A000000206826,라우릴폴리글리세릴-3폴리다이메틸실록시에틸다이메티콘,17,False
pi_suncream_A000000206826,알란토인,18,False
pi_suncream_A000000206826,카프릴릴글라이콜,19,False
pi_suncream_A000000206826,글리세릴카프릴레이트,20,False
pi_suncream_A000000206826,에틸헥실글리세린,21,False
pi_suncream_A000000206826,소듐하이알루로네이트,22,False
pi_suncream_A000000206826,세라마이드엔피,23,False
pi_suncream_A000000206826,토코페롤,24,False
pi_suncream_A000000206826,소듐아세틸레이티드하이알루로네이트,25,False
pi_suncream_A000000206826,하이드롤라이즈드하이알루로닉애씨드,26,False
pi_suncream_A000000257580,정제수,1,False
pi_suncream_A000000257580,다이부틸아디페이트,2,False
pi_suncream_A000000257580,부틸옥틸살리실레이트,3,False
pi_suncream_A000000257580,에칠헥실트리아존,4,False
pi_suncream_A000000257580,나이아신아마이드,5,False
pi_suncream_A000000257580,드로메트리졸트리실록산,6,False
pi_suncream_A000000257580,폴리글리세릴-3다이스테아레이트,7,False
pi_suncream_A000000257580,테레프탈릴리덴디캠퍼설포닉애씨드,8,False
pi_suncream_A000000257580,폴리메틸실세스퀴옥세인,9,False
pi_suncream_A000000257580,디에칠아미노하이드록시벤조일헥실벤조에이트,10,False
pi_suncream_A000000257580,트로메타민,11,False
pi_suncream_A000000257580,"1,2-헥산다이올",12,False
pi_suncream_A000000257580,판테놀,13,False
pi_suncream_A000000257580,펜틸렌글라이콜,14,False
pi_suncream_A000000257580,글리세릴스테아레이트,15,False
pi_suncream_A000000257580,실리카,16,False
pi_suncream_A000000257580,카프릴릴메티콘,17,False
pi_suncream_A000000257580,비스-에칠헥실옥시페놀메톡시페닐트리아진,18,False
pi_suncream_A000000257580,프로판다이올,19,False
pi_suncream_A000000257580,포타슘세틸포스페이트,20,False
pi_suncream_A000000257580,폴리C10-30알킬아크릴레이트,21,False
pi_suncream_A000000257580,메틸프로판다이올,22,False
pi_suncream_A000000257580,카보머,23,False
pi_suncream_A000000257580,아크릴레이트/C10-30알킬아크릴레이트크로스폴리머,24,False
pi_suncream_A000000257580,에틸헥실글리세린,25,False
pi_suncream_A000000257580,잔탄검,26,False
pi_suncream_A000000257580,아데노신,27,False
pi_suncream_A000000257580,폴리에터-1,28,False
pi_suncream_A000000257580,글리세린,29,False
pi_suncream_A000000257580,산양삼추출물,30,False
pi_suncream_A000000257580,소듐하이알루로네이트,31,False
pi_suncream_A000000257580,하이알루로닉애씨드,32,False
pi_suncream_A000000257580,바이오사카라이드검-1,33,False
pi_suncream_A000000257580,토코페롤,34,False
pi_suncream_A000000257580,엑토인,35,False
pi_suncream_A000000257580,동백나무씨추출물,36,False
pi_suncream_A000000257580,3-O-에틸아스코빅애씨드,37,False
pi_suncream_A000000257580,징크하이드롤라이즈드하이알루로네이트,38,False
pi_suncream_A000000257580,소듐디엔에이,39,False
pi_suncream_A000000257580,시트릭애씨드,40,False
pi_suncream_A000000257580,밀몽화꽃추출물,41,False
pi_suncream_A000000257580,부틸렌글라이콜,42,False
pi_suncream_A000000257580,미역취추출물,43,False
pi_suncream_A000000257580,클로브싹추출물,44,False
pi_suncream_A000000257580,다이펩타이드다이아미노부티로일벤질아마이드다이아세테이트,45,False
pi_suncream_A000000257580,다이메틸실란올하이알루로네이트,46,False
pi_suncream_A000000257580,하이드롤라이즈드하이알루로닉애씨드,47,False
pi_suncream_A000000257580,하이드롤라이즈드소듐하이알루로네이트,48,False
pi_suncream_A000000257580,소듐하이알루로네이트크로스폴리머,49,False
pi_suncream_A000000257580,하이드록시프로필트라이모늄하이알루로네이트,50,False
pi_suncream_A000000257580,소듐아세틸레이티드하이알루로네이트,51,False
pi_suncream_A000000257580,소듐하이알루로네이트다이메틸실란올,52,False
pi_suncream_A000000254726,정제수,1,False
pi_suncream_A000000254726,프로판다이올,2,False
pi_suncream_A000000254726,나이아신아마이드,3,False
pi_suncream_A000000254726,다이부틸아디페이트,4,False
pi_suncream_A000000254726,폴리메틸실세스퀴옥세인,5,False
pi_suncream_A000000254726,다이아이소프로필세바케이트,6,False
pi_suncream_A000000254726,디에칠아미노하이드록시벤조일헥실벤조에이트,7,False
pi_suncream_A000000254726,에칠헥실트리아존,8,False
pi_suncream_A000000254726,메칠렌비스-벤조트리아졸릴테트라메칠부틸페놀,9,False
pi_suncream_A000000254726,코코-카프릴레이트/카프레이트,10,False
pi_suncream_A000000254726,디에칠헥실부타미도트리아존,11,False
pi_suncream_A000000254726,"1,2-헥산다이올",12,False
pi_suncream_A000000254726,부틸렌글라이콜,13,False
pi_suncream_A000000254726,카프릴릴메티콘,14,False
pi_suncream_A000000254726,트라넥사믹애씨드,15,False
pi_suncream_A000000254726,펜틸렌글라이콜,16,False
pi_suncream_A000000254726,베헤닐알코올,17,False
pi_suncream_A000000254726,폴리C10-30알킬아크릴레이트,18,False
pi_suncream_A000000254726,글리세린,19,False
pi_suncream_A000000254726,폴리글리세릴-3메틸글루코오스다이스테아레이트,20,False
pi_suncream_A000000254726,데실글루코사이드,21,False
pi_suncream_A000000254726,트로메타민,22,False
pi_suncream_A000000254726,카보머,23,False
pi_suncream_A000000254726,아크릴레이트/C10-30알킬아크릴레이트크로스폴리머,24,False
pi_suncream_A000000254726,판테놀,25,False
pi_suncream_A000000254726,소듐스테아로일글루타메이트,26,False
pi_suncream_A000000254726,폴리아크릴레이트크로스폴리머-6,27,False
pi_suncream_A000000254726,에틸헥실글리세린,28,False
pi_suncream_A000000254726,아데노신,29,False
pi_suncream_A000000254726,잔탄검,30,False
pi_suncream_A000000254726,토코페롤,31,False
pi_suncream_A000000254726,비파나무잎추출물,32,False
pi_suncream_A000000254726,폴리글리세릴-4아이소스테아레이트,33,False
pi_suncream_A000000254726,카프릴릭/카프릭트라이글리세라이드,34,False
pi_suncream_A000000254726,시트릭애씨드,35,False
pi_suncream_A000000254726,스피어민트추출물,36,False
pi_suncream_A000000254726,다이스테아다이모늄헥토라이트,37,False
pi_suncream_A000000254726,쿼세틴,38,False
pi_suncream_A000000259610,정제수,1,False
pi_suncream_A000000259610,다이부틸아디페이트,2,False
pi_suncream_A000000259610,부틸옥틸살리실레이트,3,False
pi_suncream_A000000259610,트라이프로필렌글라이콜,4,False
pi_suncream_A000000259610,에칠헥실트리아존,5,False
pi_suncream_A000000259610,테레프탈릴리덴디캠퍼설포닉애씨드,6,False
pi_suncream_A000000259610,티타늄디옥사이드,7,False
pi_suncream_A000000259610,나이아신아마이드,8,False
pi_suncream_A000000259610,트로메타민,9,False
pi_suncream_A000000259610,펜틸렌글라이콜,10,False
pi_suncream_A000000259610,"1,2-헥산다이올",11,False
pi_suncream_A000000259610,자작나무수액,12,False
pi_suncream_A000000259610,글리세린,13,False
pi_suncream_A000000259610,디에칠아미노하이드록시벤조일헥실벤조에이트,14,False
pi_suncream_A000000259610,폴리실리콘-15,15,False
pi_suncream_A000000259610,비스-에칠헥실옥시페놀메톡시페닐트리아진,16,False
pi_suncream_A000000259610,세테아릴올리베이트,17,False
pi_suncream_A000000259610,아이소도데케인,18,False
pi_suncream_A000000259610,옥틸도데칸올,19,False
pi_suncream_A000000259610,솔비탄올리베이트,20,False
pi_suncream_A000000259610,베헤닐알코올,21,False
pi_suncream_A000000259610,폴리C10-30알킬아크릴레이트,22,False
pi_suncream_A000000259610,폴리하이드록시스테아릭애씨드,23,False
pi_suncream_A000000259610,글리세릴스테아레이트,24,False
pi_suncream_A000000259610,소듐폴리아크릴로일다이메틸타우레이트,25,False
pi_suncream_A000000259610,폴리글리세릴-4아이소스테아레이트,26,False
pi_suncream_A000000259610,폴리아크릴레이트크로스폴리머-6,27,False
pi_suncream_A000000259610,카보머,28,False
pi_suncream_A000000259610,소듐스테아로일글루타메이트,29,False
pi_suncream_A000000259610,아이소프로필티타늄트라이아이소스테아레이트,30,False
pi_suncream_A000000259610,알루미늄하이드록사이드,31,False
pi_suncream_A000000259610,잔탄검,32,False
pi_suncream_A000000259610,부틸렌글라이콜,33,False
pi_suncream_A000000259610,에틸헥실글리세린,34,False
pi_suncream_A000000259610,아데노신,35,False
pi_suncream_A000000259610,메틸프로판다이올,36,False
pi_suncream_A000000259610,폴리에터-1,37,False
pi_suncream_A000000259610,적색산화철,38,False
pi_suncream_A000000259610,토코페롤,39,False
pi_suncream_A000000259610,글리세릴글루코사이드,40,False
pi_suncream_A000000259610,미네랄워터,41,False
pi_suncream_A000000259610,알지닌,42,False
pi_suncream_A000000259610,카프릴릭애씨드,43,False
pi_suncream_A000000259610,다이프로필렌글라이콜,44,False
pi_suncream_A000000259610,세테아릴알코올,45,False
pi_suncream_A000000259610,하이드로제네이티드레시틴,46,False
pi_suncream_A000000259610,소듐디엔에이,47,False
pi_suncream_A000000259610,베툴린,48,False
pi_suncream_A000000259610,소듐하이알루로네이트,49,False
pi_suncream_A000000259610,글라이신,50,False
pi_suncream_A000000259610,글루타믹애씨드,51,False
pi_suncream_A000000215559,정제수,1,False
pi_suncream_A000000215559,다이부틸아디페이트,2,False
pi_suncream_A000000215559,프로판다이올,3,False
pi_suncream_A000000215559,디에칠아미노하이드록시벤조일헥실벤조에이트,4,False
pi_suncream_A000000215559,폴리메틸실세스퀴옥세인,5,False
pi_suncream_A000000215559,에칠헥실트리아존,6,False
pi_suncream_A000000215559,메칠렌비스-벤조트리아졸릴테트라메칠부틸페놀,7,False
pi_suncream_A000000215559,나이아신아마이드,8,False
pi_suncream_A000000215559,코코-카프릴레이트/카프레이트,9,False
pi_suncream_A000000215559,카프릴릴메티콘,10,False
pi_suncream_A000000215559,디에칠헥실부타미도트리아존,11,False
pi_suncream_A000000215559,글리세린,12,False
pi_suncream_A000000215559,"1,2-헥산다이올",13,False
pi_suncream_A000000215559,부틸렌글라이콜,14,False
pi_suncream_A000000215559,펜틸렌글라이콜,15,False
pi_suncream_A000000215559,베헤닐알코올,16,False
pi_suncream_A000000215559,폴리C10-30알킬아크릴레이트,17,False
pi_suncream_A000000215559,폴리글리세릴-3메틸글루코오스다이스테아레이트,18,False
pi_suncream_A000000215559,데실글루코사이드,19,False
pi_suncream_A000000215559,트로메타민,20,False
pi_suncream_A000000215559,카보머,21,False
pi_suncream_A000000215559,아크릴레이트/C10-30알킬아크릴레이트크로스폴리머,22,False
pi_suncream_A000000215559,소듐스테아로일글루타메이트,23,False
pi_suncream_A000000215559,폴리아크릴레이트크로스폴리머-6,24,False
pi_suncream_A000000215559,에틸헥실글리세린,25,False
pi_suncream_A000000215559,아데노신,26,False
pi_suncream_A000000215559,잔탄검,27,False
pi_suncream_A000000215559,병풀추출물,28,False
pi_suncream_A000000215559,t-부틸알코올,29,False
pi_suncream_A000000215559,소듐하이알루로네이트,30,False
pi_suncream_A000000215559,자작나무껍질추출물,31,False
pi_suncream_A000000215559,토코페롤,32,False
pi_suncream_A000000215559,하이드롤라이즈드하이알루로닉애씨드,33,False
pi_suncream_A000000215559,녹차추출물,34,False
pi_suncream_A000000215559,은행나무잎추출물,35,False
pi_suncream_A000000215559,브로콜리싹추출물,36,False
pi_suncream_A000000215559,동백나무잎추출물,37,False
pi_suncream_A000000215559,로켓잎추출물,38,False
pi_suncream_A000000215559,자주개자리추출물,39,False
pi_suncream_A000000215559,밀싹추출물,40,False
pi_suncream_A000000215559,이노시톨,41,False
pi_suncream_A000000215559,하이알루로닉애씨드,42,False
pi_suncream_A000000224140,정제수,1,False
pi_suncream_A000000224140,사이클로펜타실록세인,2,False
pi_suncream_A000000224140,에칠헥실메톡시신나메이트,3,False
pi_suncream_A000000224140,에칠헥실살리실레이트,4,False
pi_suncream_A000000224140,징크옥사이드,5,False
pi_suncream_A000000224140,사이클로헥사실록세인,6,False
pi_suncream_A000000224140,부틸렌글라이콜,7,False
pi_suncream_A000000224140,피이지-10다이메티콘,8,False
pi_suncream_A000000224140,티타늄디옥사이드,9,False
pi_suncream_A000000224140,메틸메타크릴레이트크로스폴리머,10,False
pi_suncream_A000000224140,다이프로필렌글라이콜,11,False
pi_suncream_A000000224140,에틸헥실팔미테이트,12,False
pi_suncream_A000000224140,다이메티콘/비닐다이메티콘크로스폴리머,13,False
pi_suncream_A000000224140,센티드제라늄꽃오일,14,False
pi_suncream_A000000224140,해수,15,False
pi_suncream_A000000224140,녹차추출물,16,False
pi_suncream_A000000224140,프랑스해안송껍질추출물,17,False
pi_suncream_A000000224140,포도씨추출물,18,False
pi_suncream_A000000224140,쇠비름추출물,19,False
pi_suncream_A000000224140,진주가루,20,False
pi_suncream_A000000224140,토르말린,21,False
pi_suncream_A000000224140,카프릴릴메티콘,22,False
pi_suncream_A000000224140,세틸피이지/피피지-10/1다이메티콘,23,False
pi_suncream_A000000224140,다이카프릴릴카보네이트,24,False
pi_suncream_A000000224140,마그네슘설페이트,25,False
pi_suncream_A000000224140,폴리메틸실세스퀴옥세인,26,False
pi_suncream_A000000224140,다이스테아다이모늄헥토라이트,27,False
pi_suncream_A000000224140,이소아밀p-메톡시신나메이트,28,False
pi_suncream_A000000224140,비닐다이메티콘/메티콘실세스퀴옥세인크로스폴리머,29,False
pi_suncream_A000000224140,C30-45알킬세테아릴다이메티콘크로스폴리머,30,False
pi_suncream_A000000224140,알루미늄하이드록사이드,31,False
pi_suncream_A000000224140,스테아릭애씨드,32,False
pi_suncream_A000000224140,글리세릴카프릴레이트,33,False
pi_suncream_A000000224140,다이메티콘,34,False
pi_suncream_A000000224140,카프릴릴글라이콜,35,False
pi_suncream_A000000224140,하이드록시아파타이트,36,False
pi_suncream_A000000224140,판테놀,37,False
pi_suncream_A000000224140,트라이에톡시카프릴릴실레인,38,False
pi_suncream_A000000224140,몬모릴로나이트,39,False
pi_suncream_A000000224140,바이오사카라이드검-4,40,False
pi_suncream_A000000224140,티옥틱애씨드,41,False
pi_suncream_A000000224140,유비퀴논,42,False
pi_suncream_A000000224140,"1,2-헥산다이올",43,False
pi_suncream_A000000224140,페녹시에탄올,44,False
pi_suncream_A000000224140,시트로넬올,45,False
pi_suncream_A000000224140,제라니올,46,False
pi_suncream_A000000224140,시트랄,47,False
pi_suncream_A000000224140,황색산화철,48,False
pi_suncream_A000000224140,적색산화철,49,False
pi_suncream_A000000180158,1.닥터지브라이트닝업선플러스(본품+구성품)정제수,1,False
pi_suncream_A000000180158,사이클로펜타실록세인,2,False
pi_suncream_A000000180158,에칠헥실메톡시신나메이트,3,False
pi_suncream_A000000180158,징크옥사이드,4,False
pi_suncream_A000000180158,사이클로헥사실록세인,5,False
pi_suncream_A000000180158,에칠헥실살리실레이트,6,False
pi_suncream_A000000180158,부틸렌글라이콜,7,False
pi_suncream_A000000180158,메틸메타크릴레이트크로스폴리머,8,False
pi_suncream_A000000180158,폴리글리세릴-3폴리다이메틸실록시에틸다이메티콘,9,False
pi_suncream_A000000180158,티타늄디옥사이드,10,False
pi_suncream_A000000180158,다이프로필렌글라이콜,11,False
pi_suncream_A000000180158,에틸헥실팔미테이트,12,False
pi_suncream_A000000180158,나이아신아마이드,13,False
pi_suncream_A000000180158,비닐다이메티콘/메티콘실세스퀴옥세인크로스폴리머,14,False
pi_suncream_A000000180158,솔비탄아이소스테아레이트,15,False
pi_suncream_A000000180158,다이메티콘/비닐다이메티콘크로스폴리머,16,False
pi_suncream_A000000180158,카프릴릴메티콘,17,False
pi_suncream_A000000180158,다이메티콘,18,False
pi_suncream_A000000180158,다이스테아다이모늄헥토라이트,19,False
pi_suncream_A000000180158,폴리메틸실세스퀴옥세인,20,False
pi_suncream_A000000180158,프랑스해안송껍질추출물,21,False
pi_suncream_A000000180158,타라열매추출물,22,False
pi_suncream_A000000180158,코토니추출물,23,False
pi_suncream_A000000180158,포도씨오일,24,False
pi_suncream_A000000180158,밀몽화꽃추출물,25,False
pi_suncream_A000000180158,감나무잎추출물,26,False
pi_suncream_A000000180158,녹차추출물,27,False
pi_suncream_A000000180158,마그네슘설페이트,28,False
pi_suncream_A000000180158,C30-45알킬세테아릴다이메티콘크로스폴리머,29,False
pi_suncream_A000000180158,알루미늄하이드록사이드,30,False
pi_suncream_A000000180158,스테아릭애씨드,31,False
pi_suncream_A000000180158,카프릴릴글라이콜,32,False
pi_suncream_A000000180158,글리세릴카프릴레이트,33,False
pi_suncream_A000000180158,폴리메틸메타크릴레이트,34,False
pi_suncream_A000000180158,트라이에톡시카프릴릴실레인,35,False
pi_suncream_A000000180158,"1,2-헥산다이올",36,False
pi_suncream_A000000180158,프로판다이올,37,False
pi_suncream_A000000180158,다이소듐이디티에이,38,False
pi_suncream_A000000180158,폴리비닐알코올,39,False
pi_suncream_A000000180158,황색산화철,40,False
pi_suncream_A000000180158,적색산화철,41,False
pi_suncream_A000000257097,병풀잎수,1,False
pi_suncream_A000000257097,징크옥사이드,2,False
pi_suncream_A000000257097,C9-12알케인,3,False
pi_suncream_A000000257097,카프릴릴메티콘,4,False
pi_suncream_A000000257097,프로판다이올,5,False
pi_suncream_A000000257097,부틸옥틸살리실레이트,6,False
pi_suncream_A000000257097,다이실록세인,7,False
pi_suncream_A000000257097,트라이메틸실록시실리케이트,8,False
pi_suncream_A000000257097,폴리글리세릴-3폴리다이메틸실록시에틸다이메티콘,9,False
pi_suncream_A000000257097,나이아신아마이드,10,False
pi_suncream_A000000257097,프로필렌글라이콜다이벤조에이트,11,False
pi_suncream_A000000257097,프로필헵틸카프릴레이트,12,False
pi_suncream_A000000257097,티타늄디옥사이드,13,False
pi_suncream_A000000257097,"1,2-헥산다이올",14,False
pi_suncream_A000000257097,라우릴폴리글리세릴-3폴리다이메틸실록시에틸다이메티콘,15,False
pi_suncream_A000000257097,다이스테아다이모늄헥토라이트,16,False
pi_suncream_A000000257097,트라이에톡시카프릴릴실레인,17,False
pi_suncream_A000000257097,마그네슘설페이트,18,False
pi_suncream_A000000257097,폴리글리세릴-2다이폴리하이드록시스테아레이트,19,False
pi_suncream_A000000257097,글리세릴카프릴레이트,20,False
pi_suncream_A000000257097,메틸메타크릴레이트크로스폴리머,21,False
pi_suncream_A000000257097,아이소도데케인,22,False
pi_suncream_A000000257097,옥틸도데칸올,23,False
pi_suncream_A000000257097,카프릴릴글라이콜,24,False
pi_suncream_A000000257097,알루미늄하이드록사이드,25,False
pi_suncream_A000000257097,아데노신,26,False
pi_suncream_A000000257097,폴리글리세릴-4아이소스테아레이트,27,False
pi_suncream_A000000257097,아이소프로필티타늄트라이아이소스테아레이트,28,False
pi_suncream_A000000257097,토코페롤,29,False
pi_suncream_A000000257097,정제수,30,False
pi_suncream_A000000257097,판테놀,31,False
pi_suncream_A000000257097,펜틸렌글라이콜,32,False
pi_suncream_A000000257097,바이오틴,33,False
pi_suncream_A000000257097,마그네슘피씨에이,34,False
pi_suncream_A000000257097,판토테닉애씨드,35,False
pi_suncream_A000000257097,징크피씨에이,36,False
pi_suncream_A000000257097,칼슘판토테네이트,37,False
pi_suncream_A000000257097,글리세린,38,False
pi_suncream_A000000257097,카프릴릭/카프릭트라이글리세라이드,39,False
pi_suncream_A000000257097,폴리글리세릴-6카프릴레이트,40,False
pi_suncream_A000000257097,폴리글리세릴-4카프레이트,41,False
pi_suncream_A000000257097,하이드로제네이티드레시틴,42,False
pi_suncream_A000000257097,폴리글리세릴-10스테아레이트,43,False
pi_suncream_A000000257097,마데카식애씨드,44,False
pi_suncream_A000000257097,아시아티코사이드,45,False
pi_suncream_A000000257097,세라마이드엔피,46,False
pi_suncream_A000000257097,마데카소사이드,47,False
pi_suncream_A000000257097,아시아틱애씨드,48,False
pi_suncream_A000000257097,콜레스테롤,49,False
pi_suncream_A000000257097,스테아릭애씨드,50,False
pi_suncream_A000000257097,마이카,51,False
pi_suncream_A000000257097,황색산화철,52,False
pi_suncream_A000000257097,적색산화철,53,False
pi_suncream_A000000257097,흑색산화철[02글로우]병풀잎수,54,False
pi_suncream_A000000257097,다이프로필렌글라이콜,55,False
pi_suncream_A000000257097,호모살레이트,57,False
pi_suncream_A000000257097,다이글리세린,59,False
pi_suncream_A000000257097,변성알코올,60,False
pi_suncream_A000000257097,에칠헥실살리실레이트,61,False
pi_suncream_A000000257097,부틸렌글라이콜,62,False
pi_suncream_A000000257097,다이부틸아디페이트,63,False
pi_suncream_A000000257097,디에칠아미노하이드록시벤조일헥실벤조에이트,64,False
pi_suncream_A000000257097,다이페닐실록시페닐트라이메티콘,65,False
pi_suncream_A000000257097,비스-에칠헥실옥시페놀메톡시페닐트리아진,68,False
pi_suncream_A000000257097,폴리글리세릴-10에이코산다이오에이트/테트라데칸다이오에이트,69,False
pi_suncream_A000000257097,폴리솔베이트80,70,False
pi_suncream_A000000257097,폴리글리세릴-3메틸글루코오스다이스테아레이트,73,False
pi_suncream_A000000257097,바륨설페이트,74,False
pi_suncream_A000000257097,베헤닐알코올,75,False
pi_suncream_A000000257097,폴리C10-30알킬아크릴레이트,78,False
pi_suncream_A000000257097,폴리아크릴레이트크로스폴리머-6,79,False
pi_suncream_A000000257097,폴리우레탄-15,80,False
pi_suncream_A000000257097,합성플루오르플로고파이트,81,False
pi_suncream_A000000257097,소듐폴리아크릴로일다이메틸타우레이트,85,False
pi_suncream_A000000257097,에틸헥실글리세린,89,False
pi_suncream_A000000257097,암모늄아크릴로일다이메틸타우레이트/베헤네스-25메타크라일레이트크로스폴리머,90,False
pi_suncream_A000000257097,향료,91,False
pi_suncream_A000000257097,스페인감초뿌리수,92,False
pi_suncream_A000000257097,소듐스테아로일글루타메이트,93,False
pi_suncream_A000000257097,트라이소듐에틸렌다이아민다이석시네이트,94,False
pi_suncream_A000000257097,시트릭애씨드,96,False
pi_suncream_A000000257097,하이드록시에틸아크릴레이트/소듐아크릴로일다이메틸타우레이트코폴리머,98,False
pi_suncream_A000000257097,스쿠알란,99,False
pi_suncream_A000000257097,흑색산화철,101,False
pi_suncream_A000000257097,녹차추출물,102,False
pi_suncream_A000000257097,폴리솔베이트60,104,False
pi_suncream_A000000257097,틴옥사이드,106,False
pi_suncream_A000000257097,솔비탄아이소스테아레이트,107,False
pi_suncream_A000000257097,데실글루코사이드,109,False
pi_suncream_A000000257097,베타-글루칸,110,False
pi_suncream_A000000257097,다이메틸실란올하이알루로네이트,111,False
pi_suncream_A000000257097,하이드롤라이즈드하이알루로닉애씨드,112,False
pi_suncream_A000000257097,하이드롤라이즈드소듐하이알루로네이트,113,False
pi_suncream_A000000257097,하이알루로닉애씨드,114,False
pi_suncream_A000000257097,소듐하이알루로네이트,115,False
pi_suncream_A000000257097,하이드록시프로필트라이모늄하이알루로네이트,116,False
pi_suncream_A000000257097,소듐하이알루로네이트크로스폴리머,117,False
pi_suncream_A000000257097,소듐하이알루로네이트다이메틸실란올,118,False
pi_suncream_A000000257097,소듐아세틸레이티드하이알루로네이트,119,False
pi_suncream_A000000257097,티트리잎추출물,120,False
pi_suncream_A000000257097,약모밀추출물,121,False
pi_suncream_A000000255386,정제수,1,False
pi_suncream_A000000255386,다이부틸아디페이트,2,False
pi_suncream_A000000255386,프로판다이올,3,False
pi_suncream_A000000255386,티타늄디옥사이드,4,False
pi_suncream_A000000255386,카프릴릭/카프릭트라이글리세라이드,5,False
pi_suncream_A000000255386,C12-15알킬벤조에이트,6,False
pi_suncream_A000000255386,디에칠아미노하이드록시벤조일헥실벤조에이트,7,False
pi_suncream_A000000255386,카프릴릴메티콘,8,False
pi_suncream_A000000255386,에칠헥실트리아존,9,False
pi_suncream_A000000255386,나이아신아마이드,10,False
pi_suncream_A000000255386,글리세린,11,False
pi_suncream_A000000255386,디에칠헥실부타미도트리아존,12,False
pi_suncream_A000000255386,"1,2-헥산다이올",13,False
pi_suncream_A000000255386,펜틸렌글라이콜,14,False
pi_suncream_A000000255386,쇠비름추출물,15,False
pi_suncream_A000000255386,분홍바늘꽃꽃/잎/줄기추출물,16,False
pi_suncream_A000000255386,페루기네움철쭉추출물,17,False
pi_suncream_A000000255386,병풀추출물,18,False
pi_suncream_A000000255386,복사나무꽃추출물,19,False
pi_suncream_A000000255386,복숭아추출물,20,False
pi_suncream_A000000255386,세룰라타벚나무꽃추출물,21,False
pi_suncream_A000000255386,알로에베라잎추출물,22,False
pi_suncream_A000000255386,약모밀추출물,23,False
pi_suncream_A000000255386,흰서양송로추출물,24,False
pi_suncream_A000000255386,오렌지오일,25,False
pi_suncream_A000000255386,필리핀오렌지껍질오일,26,False
pi_suncream_A000000255386,소듐하이알루로네이트,27,False
pi_suncream_A000000255386,리씨열매오일,28,False
pi_suncream_A000000255386,다마스크장미꽃수,29,False
pi_suncream_A000000255386,자작나무수액,30,False
pi_suncream_A000000255386,판테놀,31,False
pi_suncream_A000000255386,폴리하이드록시스테아릭애씨드,32,False
pi_suncream_A000000255386,다이메티콘/비닐다이메티콘크로스폴리머,33,False
pi_suncream_A000000255386,브이피/에이코신코폴리머,34,False
pi_suncream_A000000255386,다이메티콘올,35,False
pi_suncream_A000000255386,트라이실록세인,36,False
pi_suncream_A000000255386,코코-카프릴레이트/카프레이트,37,False
pi_suncream_A000000255386,스테아릭애씨드,38,False
pi_suncream_A000000255386,소듐폴리아크릴로일다이메틸타우레이트,39,False
pi_suncream_A000000255386,암모늄폴리아크릴로일다이메틸타우레이트,40,False
pi_suncream_A000000255386,알루미나,41,False
pi_suncream_A000000255386,하이드록시프로필메틸셀룰로오스스테아록시에터,42,False
pi_suncream_A000000255386,다이카프릴릴카보네이트,43,False
pi_suncream_A000000255386,잔탄검,44,False
pi_suncream_A000000255386,에틸헥실글리세린,45,False
pi_suncream_A000000255386,아데노신,46,False
pi_suncream_A000000255386,소듐폴리아크릴레이트,47,False
pi_suncream_A000000255386,트라이에톡시카프릴릴실레인,48,False
pi_suncream_A000000255386,t-부틸알코올,49,False
pi_suncream_A000000255386,피브이엠/엠에이코폴리머,50,False
pi_suncream_A000000255386,폴리에터-1,51,False
pi_suncream_A000000255386,하이드롤라이즈드하이알루로닉애씨드,52,False
pi_suncream_A000000255386,알란토인,53,False
pi_suncream_A000000255386,부틸렌글라이콜,54,False
pi_suncream_A000000255386,토코페롤,55,False
pi_suncream_A000000255386,다이소듐포스페이트,56,False
pi_suncream_A000000255386,시트릭애씨드,57,False
pi_suncream_A000000255386,카프릴릴글라이콜,58,False
pi_suncream_A000000255386,황색산화철,59,False
pi_suncream_A000000255386,적색산화철,60,False
pi_suncream_A000000255386,리모넨,61,False
pi_suncream_A000000255386,시트랄,62,False
pi_suncream_A000000249452,정제수,1,False
pi_suncream_A000000249452,징크옥사이드,2,False
pi_suncream_A000000249452,다이아이소프로필세바케이트,3,False
pi_suncream_A000000249452,에탄올,4,False
pi_suncream_A000000249452,실리카,5,False
pi_suncream_A000000249452,에칠헥실살리실레이트,6,False
pi_suncream_A000000249452,부틸렌글라이콜,7,False
pi_suncream_A000000249452,에칠헥실트리아존,8,False
pi_suncream_A000000249452,디에칠아미노하이드록시벤조일헥실벤조에이트,9,False
pi_suncream_A000000249452,네오펜틸글라이콜다이카프레이트,10,False
pi_suncream_A000000249452,C12-15알킬벤조에이트,11,False
pi_suncream_A000000249452,소듐아크릴레이트/소듐아크릴로일다이메틸타우레이트코폴리머,12,False
pi_suncream_A000000249452,트라이에톡시카프릴릴실레인,13,False
pi_suncream_A000000249452,덱스트린팔미테이트,14,False
pi_suncream_A000000249452,비스-에칠헥실옥시페놀메톡시페닐트리아진,15,False
pi_suncream_A000000249452,아이소헥사데칸,16,False
pi_suncream_A000000249452,폴리솔베이트80,17,False
pi_suncream_A000000249452,다이메티콘,18,False
pi_suncream_A000000249452,향료,19,False
pi_suncream_A000000249452,솔비탄올리에이트,20,False
pi_suncream_A000000249452,폴리실리콘-9,21,False
pi_suncream_A000000249452,다이소듐이디티에이,22,False
pi_suncream_A000000249452,소듐하이알루로네이트,23,False
pi_suncream_A000000249452,유칼립투스잎추출물,24,False
pi_suncream_A000000249452,메틸파라벤,25,False
pi_suncream_A000000249452,리날룰,26,False
pi_suncream_A000000249452,헥실신남알,27,False
pi_suncream_A000000249452,시트로넬올,28,False
pi_suncream_A000000223906,정제수,1,False
pi_suncream_A000000223906,트라이프로필렌글라이콜,2,False
pi_suncream_A000000223906,사이클로펜타실록세인,3,False
pi_suncream_A000000223906,다이부틸아디페이트,4,False
pi_suncream_A000000223906,다이아이소프로필아디페이트,5,False
pi_suncream_A000000223906,에칠헥실트리아존,6,False
pi_suncream_A000000223906,비스-에칠헥실옥시페놀메톡시페닐트리아진,7,False
pi_suncream_A000000223906,옥토크릴렌,8,False
pi_suncream_A000000223906,나이아신아마이드,9,False
pi_suncream_A000000223906,폴리메틸실세스퀴옥세인,10,False
pi_suncream_A000000223906,테레프탈릴리덴디캠퍼설포닉애씨드,11,False
pi_suncream_A000000223906,세테아릴알코올,12,False
pi_suncream_A000000223906,트로메타민,13,False
pi_suncream_A000000223906,"1,2-헥산다이올",14,False
pi_suncream_A000000223906,알로에베라잎추출물,15,False
pi_suncream_A000000223906,소듐하이알루로네이트,16,False
pi_suncream_A000000223906,다이메티콘,17,False
pi_suncream_A000000223906,펜틸렌글라이콜,18,False
pi_suncream_A000000223906,C13-15알케인,19,False
pi_suncream_A000000223906,하이드록시에틸우레아,20,False
pi_suncream_A000000223906,C13-16아이소알케인,21,False
pi_suncream_A000000223906,소듐폴리아크릴로일다이메틸타우레이트,22,False
pi_suncream_A000000223906,다이메티콘/비닐다이메티콘크로스폴리머,23,False
pi_suncream_A000000223906,세테아릴올리베이트,24,False
pi_suncream_A000000223906,폴리C10-30알킬아크릴레이트,25,False
pi_suncream_A000000223906,솔비탄올리베이트,26,False
pi_suncream_A000000223906,소듐스테아로일글루타메이트,27,False
pi_suncream_A000000223906,부틸렌글라이콜,28,False
pi_suncream_A000000223906,폴리글리세릴-10미리스테이트,29,False
pi_suncream_A000000223906,다이메티콘올,30,False
pi_suncream_A000000223906,글리세릴글루코사이드,31,False
pi_suncream_A000000223906,메틸프로판다이올,32,False
pi_suncream_A000000223906,에틸헥실글리세린,33,False
pi_suncream_A000000223906,폴리아크릴레이트크로스폴리머-6,34,False
pi_suncream_A000000223906,폴리에터-1,35,False
pi_suncream_A000000223906,아데노신,36,False
pi_suncream_A000000223906,글리세린,37,False
pi_suncream_A000000223906,알지닌,38,False
pi_suncream_A000000223906,토코페롤,39,False
pi_suncream_A000000223906,카보머,40,False
pi_suncream_A000000223906,향료[클렌징폼]정제수,41,False
pi_suncream_A000000223906,미리스틱애씨드,43,False
pi_suncream_A000000223906,포타슘하이드록사이드,44,False
pi_suncream_A000000223906,코코-글루코사이드,45,False
pi_suncream_A000000223906,라우릭애씨드,46,False
pi_suncream_A000000223906,팔미틱애씨드,48,False
pi_suncream_A000000223906,스테아릭애씨드,49,False
pi_suncream_A000000223906,글리세릴스테아레이트,50,False
pi_suncream_A000000223906,탄산수,51,False
pi_suncream_A000000223906,당느릅나무뿌리추출물,52,False
pi_suncream_A000000223906,줄맨드라미씨추출물,53,False
pi_suncream_A000000223906,무화과추출물,54,False
pi_suncream_A000000223906,병풀추출물,55,False
pi_suncream_A000000223906,페퍼민트오일,56,False
pi_suncream_A000000223906,하이드로제네이티드레시틴,57,False
pi_suncream_A000000223906,만니톨,60,False
pi_suncream_A000000223906,다이소듐이디티에이,61,False
pi_suncream_A000000223906,피이지-14M,62,False
pi_suncream_A000000223906,마이크로크리스탈린셀룰로오스,63,False
pi_suncream_A000000223906,수크로오스,65,False
pi_suncream_A000000223906,멘톨,67,False
pi_suncream_A000000223906,에틸멘탄카복사마이드,68,False
pi_suncream_A000000223906,옥수수전분,69,False
pi_suncream_A000000223906,하이드록시프로필메틸셀룰로오스,70,False
pi_suncream_A000000223906,실리카,71,False
pi_suncream_A000000223906,비에이치티,72,False
pi_suncream_A000000223906,세라마이드엔피,73,False
pi_suncream_A000000223906,향료,74,False
pi_suncream_A000000223906,울트라마린,75,False
pi_suncream_A000000253724,정제수,1,False
pi_suncream_A000000253724,징크옥사이드,2,False
pi_suncream_A000000253724,사이클로헥사실록세인,3,False
pi_suncream_A000000253724,부틸옥틸살리실레이트,4,False
pi_suncream_A000000253724,프로판다이올,5,False
pi_suncream_A000000253724,프로필헵틸카프릴레이트,6,False
pi_suncream_A000000253724,아이소도데케인,7,False
pi_suncream_A000000253724,폴리글리세릴-3폴리다이메틸실록시에틸다이메티콘,8,False
pi_suncream_A000000253724,다이카프릴릴카보네이트,9,False
pi_suncream_A000000253724,카프릴릴메티콘,10,False
pi_suncream_A000000253724,소듐하이알루로네이트,11,False
pi_suncream_A000000253724,다이스테아다이모늄헥토라이트,12,False
pi_suncream_A000000253724,마그네슘설페이트,13,False
pi_suncream_A000000253724,메틸메타크릴레이트크로스폴리머,14,False
pi_suncream_A000000253724,트라이에톡시카프릴릴실레인,15,False
pi_suncream_A000000253724,"1,2-헥산다이올",16,False
pi_suncream_A000000253724,폴리글리세릴-2다이폴리하이드록시스테아레이트,17,False
pi_suncream_A000000253724,폴리메틸실세스퀴옥세인,18,False
pi_suncream_A000000253724,라우릴폴리글리세릴-3폴리다이메틸실록시에틸다이메티콘,19,False
pi_suncream_A000000253724,글리세릴카프릴레이트,20,False
pi_suncream_A000000253724,카프릴릴글라이콜,21,False
pi_suncream_A000000253724,에틸헥실글리세린,22,False
pi_suncream_A000000253724,토코페롤,23,False
pi_suncream_A000000253724,미리스토일/팔미토일옥소스테아라마이드/아라카마이드엠이에이,24,False
pi_suncream_A000000253724,스쿠알란,25,False
pi_suncream_A000000253724,판테놀,26,False
pi_suncream_A000000253724,펜틸렌글라이콜,27,False
pi_suncream_A000000253724,마데카소사이드,28,False
pi_suncream_A000000248280,다이메티콘,1,False
pi_suncream_A000000248280,정제수,2,False
pi_suncream_A000000248280,징크옥사이드,3,False
pi_suncream_A000000248280,에탄올,4,False
pi_suncream_A000000248280,다이아이소프로필세바케이트,5,False
pi_suncream_A000000248280,아이소도데케인,6,False
pi_suncream_A000000248280,옥토크릴렌,7,False
pi_suncream_A000000248280,에칠헥실살리실레이트,8,False
pi_suncream_A000000248280,C12-15알킬벤조에이트,9,False
pi_suncream_A000000248280,피이지/피피지-9/2다이메틸에터,10,False
pi_suncream_A000000248280,옥수수전분,11,False
pi_suncream_A000000248280,탤크,12,False
pi_suncream_A000000248280,실리카,13,False
pi_suncream_A000000248280,아이소프로필미리스테이트,14,False
pi_suncream_A000000248280,디에칠아미노하이드록시벤조일헥실벤조에이트,15,False
pi_suncream_A000000248280,티타늄디옥사이드,16,False
pi_suncream_A000000248280,피이지-9폴리다이메틸실록시에틸다이메티콘,17,False
pi_suncream_A000000248280,덱스트린팔미테이트,18,False
pi_suncream_A000000248280,글리세린,19,False
pi_suncream_A000000248280,호모살레이트,20,False
pi_suncream_A000000248280,에칠헥실트리아존,21,False
pi_suncream_A000000248280,비스-에칠헥실옥시페놀메톡시페닐트리아진,22,False
pi_suncream_A000000248280,다이스테아다이모늄헥토라이트,23,False
pi_suncream_A000000248280,피이지-10다이메티콘,24,False
pi_suncream_A000000248280,아이소스테아릭애씨드,25,False
pi_suncream_A000000248280,트라이에톡시카프릴릴실레인,26,False
pi_suncream_A000000248280,폴리글리세릴-6폴리리시놀리에이트,27,False
pi_suncream_A000000248280,소듐클로라이드,28,False
pi_suncream_A000000248280,알루미늄하이드록사이드,29,False
pi_suncream_A000000248280,스테아릭애씨드,30,False
pi_suncream_A000000248280,트라이소듐이디티에이,31,False
pi_suncream_A000000248280,피이지-6,32,False
pi_suncream_A000000248280,향료,33,False
pi_suncream_A000000248280,토코페롤,34,False
pi_suncream_A000000248280,비에이치티,35,False
pi_suncream_A000000248280,부틸렌글라이콜,36,False
pi_suncream_A000000248280,비스-부틸다이메티콘폴리글리세릴-3,37,False
pi_suncream_A000000248280,피이지/피피지-14/7다이메틸에터,38,False
pi_suncream_A000000248280,소듐메타바이설파이트,39,False
pi_suncream_A000000248280,트라이메틸실록시실리케이트,40,False
pi_suncream_A000000248280,다이포타슘글리시리제이트,41,False
pi_suncream_A000000248280,녹차추출물,42,False
pi_suncream_A000000248280,토멘틸뿌리추출물,43,False
pi_suncream_A000000248280,귤껍질추출물,44,False
pi_suncream_A000000248280,소듐아세틸레이티드하이알루로네이트,45,False
pi_suncream_A000000248280,합성플루오르플로고파이트,46,False
pi_suncream_A000000248280,라우릴베타인,47,False
pi_suncream_A000000248280,수용성콜라겐,48,False
pi_suncream_A000000248280,페녹시에탄올,49,False
pi_suncream_A000000248280,소듐벤조에이트,50,False
pi_suncream_A000000248280,시트로넬올,51,False
pi_suncream_A000000248280,제라니올,52,False
pi_suncream_A000000248280,헥실신남알,53,False
pi_suncream_A000000248280,리모넨,54,False
pi_suncream_A000000248280,리날룰,55,False
pi_suncream_A000000249802,정제수,1,False
pi_suncream_A000000249802,다이부틸아디페이트,2,False
pi_suncream_A000000249802,프로판다이올,3,False
pi_suncream_A000000249802,부틸옥틸살리실레이트,4,False
pi_suncream_A000000249802,에칠헥실트리아존,5,False
pi_suncream_A000000249802,나이아신아마이드,6,False
pi_suncream_A000000249802,카프릴릴메티콘,7,False
pi_suncream_A000000249802,드로메트리졸트리실록산,8,False
pi_suncream_A000000249802,테레프탈릴리덴디캠퍼설포닉애씨드,9,False
pi_suncream_A000000249802,폴리글리세릴-3다이스테아레이트,10,False
pi_suncream_A000000249802,"1,2-헥산다이올",11,False
pi_suncream_A000000249802,디에칠아미노하이드록시벤조일헥실벤조에이트,12,False
pi_suncream_A000000249802,트로메타민,13,False
pi_suncream_A000000249802,펜틸렌글라이콜,14,False
pi_suncream_A000000249802,세테아릴알코올,15,False
pi_suncream_A000000249802,폴리메틸실세스퀴옥세인,16,False
pi_suncream_A000000249802,비스-에칠헥실옥시페놀메톡시페닐트리아진,17,False
pi_suncream_A000000249802,글리세릴스테아레이트,18,False
pi_suncream_A000000249802,포타슘세틸포스페이트,19,False
pi_suncream_A000000249802,폴리C10-30알킬아크릴레이트,20,False
pi_suncream_A000000249802,메틸프로판다이올,21,False
pi_suncream_A000000249802,카보머,22,False
pi_suncream_A000000249802,폴리글리세릴-3메틸글루코오스다이스테아레이트,23,False
pi_suncream_A000000249802,메틸다이아이소프로필프로피온아마이드,24,False
pi_suncream_A000000249802,에틸헥실글리세린,25,False
pi_suncream_A000000249802,글리세릴스테아레이트시트레이트,26,False
pi_suncream_A000000249802,암모늄아크릴로일다이메틸타우레이트/브이피코폴리머,27,False
pi_suncream_A000000249802,아크릴레이트/C10-30알킬아크릴레이트크로스폴리머,28,False
pi_suncream_A000000249802,아데노신,29,False
pi_suncream_A000000249802,폴리에터-1,30,False
pi_suncream_A000000249802,크로뮴옥사이드그린,31,False
pi_suncream_A000000249802,폴리글리세릴-3폴리다이메틸실록시에틸다이메티콘,32,False
pi_suncream_A000000249802,프로필헵틸카프릴레이트,33,False
pi_suncream_A000000249802,하이드롤라이즈드하이알루로닉애씨드,34,False
pi_suncream_A000000249802,트라이에톡시카프릴릴실레인,35,False
pi_suncream_A000000249802,바이오사카라이드검-1,36,False
pi_suncream_A000000249802,부틸렌글라이콜,37,False
pi_suncream_A000000249802,토코페롤,38,False
pi_suncream_A000000249802,글리세린,39,False
pi_suncream_A000000249802,녹두씨추출물,40,False
pi_suncream_A000000249802,다시마추출물,41,False
pi_suncream_A000000249802,녹두추출물,42,False
pi_suncream_A000000249802,알로에베라잎추출물,43,False
pi_suncream_A000000249802,참마뿌리추출물,44,False
pi_suncream_A000000249802,당느릅나무뿌리추출물,45,False
pi_suncream_A000000249802,제비꽃꽃추출물,46,False
pi_suncream_A000000249802,녹두싹추출물,47,False
pi_suncream_A000000235912,정제수,1,False
pi_suncream_A000000235912,징크옥사이드,2,False
pi_suncream_A000000235912,사이클로헥사실록세인,3,False
pi_suncream_A000000235912,부틸옥틸살리실레이트,4,False
pi_suncream_A000000235912,프로판다이올,5,False
pi_suncream_A000000235912,카프릴릴메티콘,6,False
pi_suncream_A000000235912,메틸트라이메티콘,7,False
pi_suncream_A000000235912,폴리글리세릴-3폴리다이메틸실록시에틸다이메티콘,8,False
pi_suncream_A000000235912,프로필헵틸카프릴레이트,9,False
pi_suncream_A000000235912,티타늄디옥사이드,10,False
pi_suncream_A000000235912,나이아신아마이드,11,False
pi_suncream_A000000235912,다이페닐실록시페닐트라이메티콘,12,False
pi_suncream_A000000235912,메틸메타크릴레이트크로스폴리머,13,False
pi_suncream_A000000235912,트라이메틸실록시실리케이트,14,False
pi_suncream_A000000235912,트라이에톡시카프릴릴실레인,15,False
pi_suncream_A000000235912,다이스테아다이모늄헥토라이트,16,False
pi_suncream_A000000235912,마그네슘설페이트,17,False
pi_suncream_A000000235912,라우릴폴리글리세릴-3폴리다이메틸실록시에틸다이메티콘,18,False
pi_suncream_A000000235912,"1,2-헥산다이올",19,False
pi_suncream_A000000235912,폴리글리세릴-2다이폴리하이드록시스테아레이트,20,False
pi_suncream_A000000235912,황색산화철,21,False
pi_suncream_A000000235912,카프릴릴글라이콜,22,False
pi_suncream_A000000235912,글리세릴카프릴레이트,23,False
pi_suncream_A000000235912,에틸헥실글리세린,24,False
pi_suncream_A000000235912,알루미늄하이드록사이드,25,False
pi_suncream_A000000235912,적색산화철,26,False
pi_suncream_A000000235912,아데노신,27,False
pi_suncream_A000000235912,흑색산화철,28,False
pi_suncream_A000000235912,토코페롤,29,False
pi_suncream_A000000235912,합성플루오르플로고파이트,30,False
pi_suncream_A000000235912,부틸렌글라이콜,31,False
pi_suncream_A000000235912,글리세린,32,False
pi_suncream_A000000235912,콜라겐추출물,33,False
pi_suncream_A000000235912,하이드롤라이즈드콜라겐,34,False
pi_suncream_A000000235912,우엉뿌리추출물,35,False
pi_suncream_A000000235912,아마씨추출물,36,False
pi_suncream_A000000235912,알로에베라잎추출물,37,False
pi_suncream_A000000235912,오크라열매추출물,38,False
pi_suncream_A000000235912,다이메틸실란올하이알루로네이트,39,False
pi_suncream_A000000235912,하이드롤라이즈드하이알루로닉애씨드,40,False
pi_suncream_A000000235912,하이드롤라이즈드소듐하이알루로네이트,41,False
pi_suncream_A000000235912,소듐하이알루로네이트,42,False
pi_suncream_A000000235912,하이알루로닉애씨드,43,False
pi_suncream_A000000235912,포타슘하이알루로네이트,44,False
pi_suncream_A000000235912,소듐하이알루로네이트크로스폴리머,45,False
pi_suncream_A000000235912,하이드록시프로필트라이모늄하이알루로네이트,46,False
pi_suncream_A000000235912,소듐하이알루로네이트다이메틸실란올,47,False
pi_suncream_A000000235912,소듐아세틸레이티드하이알루로네이트,48,False
pi_suncream_A000000235912,트라이펩타이드-1,49,False
pi_suncream_A000000235912,아세틸헥사펩타이드-8,50,False
pi_suncream_A000000235912,카퍼트라이펩타이드-1,51,False
pi_suncream_A000000235912,팔미토일펜타펩타이드-4,52,False
pi_suncream_A000000235912,헥사펩타이드-9,53,False
pi_suncream_A000000223207,정제수,1,False
pi_suncream_A000000223207,다이부틸아디페이트,2,False
pi_suncream_A000000223207,프로판다이올,3,False
pi_suncream_A000000223207,디에칠아미노하이드록시벤조일헥실벤조에이트,4,False
pi_suncream_A000000223207,폴리메틸실세스퀴옥세인,5,False
pi_suncream_A000000223207,에칠헥실트리아존,6,False
pi_suncream_A000000223207,나이아신아마이드,7,False
pi_suncream_A000000223207,메칠렌비스-벤조트리아졸릴테트라메칠부틸페놀,8,False
pi_suncream_A000000223207,코코-카프릴레이트/카프레이트,9,False
pi_suncream_A000000223207,카프릴릴메티콘,10,False
pi_suncream_A000000223207,디에칠헥실부타미도트리아존,11,False
pi_suncream_A000000223207,글리세린,12,False
pi_suncream_A000000223207,부틸렌글라이콜,13,False
pi_suncream_A000000223207,"1,2-헥산다이올",14,False
pi_suncream_A000000223207,펜틸렌글라이콜,15,False
pi_suncream_A000000223207,베헤닐알코올,16,False
pi_suncream_A000000223207,폴리C10-30알킬아크릴레이트,17,False
pi_suncream_A000000223207,폴리글리세릴-3메틸글루코오스다이스테아레이트,18,False
pi_suncream_A000000223207,데실글루코사이드,19,False
pi_suncream_A000000223207,트로메타민,20,False
pi_suncream_A000000223207,카보머,21,False
pi_suncream_A000000223207,아크릴레이트/C10-30알킬아크릴레이트크로스폴리머,22,False
pi_suncream_A000000223207,소듐스테아로일글루타메이트,23,False
pi_suncream_A000000223207,폴리아크릴레이트크로스폴리머-6,24,False
pi_suncream_A000000223207,에틸헥실글리세린,25,False
pi_suncream_A000000223207,아데노신,26,False
pi_suncream_A000000223207,잔탄검,27,False
pi_suncream_A000000223207,베르가모트오일,28,False
pi_suncream_A000000223207,t-부틸알코올,29,False
pi_suncream_A000000223207,토코페롤,30,False
pi_suncream_A000000223207,비타민나무열매추출물,31,False
pi_suncream_A000000223207,아스코빅애씨드,32,False
pi_suncream_A000000223207,당근추출물,33,False
pi_suncream_A000000223207,로즈힙열매추출물,34,False
pi_suncream_A000000223207,사과추출물,35,False
pi_suncream_A000000223207,살구즙,36,False
pi_suncream_A000000223207,드럼스틱씨오일,37,False
pi_suncream_A000000223207,세라마이드엔피,38,False
pi_suncream_A000000223207,피토스핑고신,39,False
pi_suncream_A000000223207,하이드로제네이티드레시틴,40,False
pi_suncream_A000000223207,케이프알로에잎추출물,41,False
pi_suncream_A000000223207,사철쑥추출물,42,False
pi_suncream_A000000186166,정제수,1,False
pi_suncream_A000000186166,프로판다이올,2,False
pi_suncream_A000000186166,다이부틸아디페이트,3,False
pi_suncream_A000000186166,티타늄디옥사이드,4,False
pi_suncream_A000000186166,비스-에칠헥실옥시페놀메톡시페닐트리아진,5,False
pi_suncream_A000000186166,부틸렌글라이콜,6,False
pi_suncream_A000000186166,디에칠아미노하이드록시벤조일헥실벤조에이트,7,False
pi_suncream_A000000186166,메틸트라이메티콘,8,False
pi_suncream_A000000186166,부틸옥틸살리실레이트,9,False
pi_suncream_A000000186166,나이아신아마이드,10,False
pi_suncream_A000000186166,페네틸벤조에이트,11,False
pi_suncream_A000000186166,아이소노닐아이소노나노에이트,12,False
pi_suncream_A000000186166,폴리메틸실세스퀴옥세인,13,False
pi_suncream_A000000186166,"1,2-헥산다이올",14,False
pi_suncream_A000000186166,자작나무수액,15,False
pi_suncream_A000000186166,소듐하이알루로네이트,16,False
pi_suncream_A000000186166,하이알루로닉애씨드,17,False
pi_suncream_A000000186166,글리세릴글루코사이드,18,False
pi_suncream_A000000186166,개똥쑥추출물,19,False
pi_suncream_A000000186166,마트리카리아꽃오일,20,False
pi_suncream_A000000186166,구주소나무잎오일,21,False
pi_suncream_A000000186166,알란토인,22,False
pi_suncream_A000000186166,다이포타슘글리시리제이트,23,False
pi_suncream_A000000186166,판테놀,24,False
pi_suncream_A000000186166,녹차씨오일,25,False
pi_suncream_A000000186166,효모발효추출물,26,False
pi_suncream_A000000186166,칸디다봄비콜라/글루코오스/메틸레이프씨데이트발효물,27,False
pi_suncream_A000000186166,에칠헥실트리아존,28,False
pi_suncream_A000000186166,펜틸렌글라이콜,29,False
pi_suncream_A000000186166,폴리글리세릴-3메틸글루코오스다이스테아레이트,30,False
pi_suncream_A000000186166,폴리실리콘-15,31,False
pi_suncream_A000000186166,스테아릭애씨드,32,False
pi_suncream_A000000186166,팔미틱애씨드,33,False
pi_suncream_A000000186166,폴리하이드록시스테아릭애씨드,34,False
pi_suncream_A000000186166,포타슘세틸포스페이트,35,False
pi_suncream_A000000186166,알루미늄하이드록사이드,36,False
pi_suncream_A000000186166,글리세릴스테아레이트,37,False
pi_suncream_A000000186166,하이드록시아세토페논,38,False
pi_suncream_A000000186166,폴리C10-30알킬아크릴레이트,39,False
pi_suncream_A000000186166,아이소도데케인,40,False
pi_suncream_A000000186166,옥틸도데칸올,41,False
pi_suncream_A000000186166,아크릴레이트/C10-30알킬아크릴레이트크로스폴리머,42,False
pi_suncream_A000000186166,하이드록시에틸아크릴레이트/소듐아크릴로일다이메틸타우레이트코폴리머,43,False
pi_suncream_A000000186166,트로메타민,44,False
pi_suncream_A000000186166,하이드로제네이티드레시틴,45,False
pi_suncream_A000000186166,비닐다이메티콘/메티콘실세스퀴옥세인크로스폴리머,46,False
pi_suncream_A000000186166,폴리글리세릴-4아이소스테아레이트,47,False
pi_suncream_A000000186166,폴리글리세릴-2다이폴리하이드록시스테아레이트,48,False
pi_suncream_A000000186166,아이소프로필티타늄트라이아이소스테아레이트,49,False
pi_suncream_A000000186166,아데노신,50,False
pi_suncream_A000000186166,소듐폴리아크릴레이트,51,False
pi_suncream_A000000186166,솔비탄아이소스테아레이트,52,False
pi_suncream_A000000186166,폴리메틸메타크릴레이트,53,False
pi_suncream_A000000186166,글리세릴카프릴레이트,54,False
pi_suncream_A000000186166,글리세린,55,False
pi_suncream_A000000186166,아스코빅애씨드,56,False
pi_suncream_A000000186166,C12-16알코올,57,False
pi_suncream_A000000186166,세테아릴알코올,58,False
pi_suncream_A000000186166,다이소듐이디티에이,59,False
pi_suncream_A000000186166,황색산화철,60,False
pi_suncream_A000000186166,적색산화철,61,False
pi_suncream_A000000186166,흑색산화철,62,False
pi_suncream_A000000232053,정제수,1,False
pi_suncream_A000000232053,사이클로펜타실록세인,2,False
pi_suncream_A000000232053,티타늄디옥사이드,3,False
pi_suncream_A000000232053,에칠헥실메톡시신나메이트,4,False
pi_suncream_A000000232053,다이프로필렌글라이콜,5,False
pi_suncream_A000000232053,세틸에틸헥사노에이트,6,False
pi_suncream_A000000232053,세틸피이지/피피지-10/1다이메티콘,7,False
pi_suncream_A000000232053,부틸렌글라이콜,8,False
pi_suncream_A000000232053,에칠헥실살리실레이트,9,False
pi_suncream_A000000232053,실리카,10,False
pi_suncream_A000000232053,"1,2-헥산다이올",11,False
pi_suncream_A000000232053,카프릴릴메티콘,12,False
pi_suncream_A000000232053,나이아신아마이드,13,False
pi_suncream_A000000232053,옥토크릴렌,14,False
pi_suncream_A000000232053,라우릴피이지-9폴리다이메틸실록시에틸다이메티콘,15,False
pi_suncream_A000000232053,사이클로헥사실록세인,16,False
pi_suncream_A000000232053,글리세린,17,False
pi_suncream_A000000232053,비스-에칠헥실옥시페놀메톡시페닐트리아진,18,False
pi_suncream_A000000232053,다이스테아다이모늄헥토라이트,19,False
pi_suncream_A000000232053,폴리페닐실세스퀴옥세인,20,False
pi_suncream_A000000232053,소듐클로라이드,21,False
pi_suncream_A000000232053,카나우바왁스,22,False
pi_suncream_A000000232053,황색산화철,23,False
pi_suncream_A000000232053,트라이메틸실록시실리케이트,24,False
pi_suncream_A000000232053,스테아릭애씨드,25,False
pi_suncream_A000000232053,아크릴레이트/스테아릴아크릴레이트/다이메티콘메타크릴레이트코폴리머,26,False
pi_suncream_A000000232053,다이아이소스테아릴말레이트,27,False
pi_suncream_A000000232053,팔미틱애씨드,28,False
pi_suncream_A000000232053,알루미늄하이드록사이드,29,False
pi_suncream_A000000232053,글리세릴카프릴레이트,30,False
pi_suncream_A000000232053,적색산화철,31,False
pi_suncream_A000000232053,트라이에톡시카프릴릴실레인,32,False
pi_suncream_A000000232053,향료,33,False
pi_suncream_A000000232053,흑색산화철,34,False
pi_suncream_A000000232053,알란토인,35,False
pi_suncream_A000000232053,다이메티콘/비닐다이메티콘크로스폴리머,36,False
pi_suncream_A000000232053,아데노신,37,False
pi_suncream_A000000232053,다이메티콘,38,False
pi_suncream_A000000232053,다이소듐이디티에이,39,False
pi_suncream_A000000232053,소듐하이알루로네이트,40,False
pi_suncream_A000000232053,글루타티온,41,False
pi_suncream_A000000232053,토코페롤,42,False
pi_suncream_A000000232053,하이드롤라이즈드콜라겐,43,False
pi_suncream_A000000232053,카프릴릭/카프릭트라이글리세라이드,44,False
pi_suncream_A000000232053,에탄올,45,False
pi_suncream_A000000232053,약모밀추출물,46,False
pi_suncream_A000000232053,하이드로제네이티드레시틴,47,False
pi_suncream_A000000232053,복사나무꽃추출물,48,False
pi_suncream_A000000232053,소듐스테아로일글루타메이트,49,False
pi_suncream_A000000232053,하이알루로닉애씨드,50,False
pi_suncream_A000000232053,아스코빅애씨드,51,False
pi_suncream_A000000259556,정제수,1,False
pi_suncream_A000000259556,다이부틸아디페이트,2,False
pi_suncream_A000000259556,변성알코올,3,False
pi_suncream_A000000259556,부틸옥틸살리실레이트,4,False
pi_suncream_A000000259556,실리카,5,False
pi_suncream_A000000259556,다이프로필렌글라이콜,6,False
pi_suncream_A000000259556,에칠헥실트리아존,7,False
pi_suncream_A000000259556,비스-에칠헥실옥시페놀메톡시페닐트리아진,8,False
pi_suncream_A000000259556,옥토크릴렌,9,False
pi_suncream_A000000259556,프로판다이올,10,False
pi_suncream_A000000259556,나이아신아마이드,11,False
pi_suncream_A000000259556,에리스리톨,12,False
pi_suncream_A000000259556,테레프탈릴리덴디캠퍼설포닉애씨드,13,False
pi_suncream_A000000259556,펜틸렌글라이콜,14,False
pi_suncream_A000000259556,메틸프로판다이올,15,False
pi_suncream_A000000259556,트로메타민,16,False
pi_suncream_A000000259556,스핑고모나스발효추출물,17,False
pi_suncream_A000000259556,스키조사카로미세스발효여과물,18,False
pi_suncream_A000000259556,로즈마리잎수,19,False
pi_suncream_A000000259556,병풀추출물,20,False
pi_suncream_A000000259556,흰목이버섯추출물,21,False
pi_suncream_A000000259556,녹차추출물,22,False
pi_suncream_A000000259556,폴스애플민트잎추출물,23,False
pi_suncream_A000000259556,타임잎추출물,24,False
pi_suncream_A000000259556,소듐하이알루로네이트,25,False
pi_suncream_A000000259556,폴리메틸실세스퀴옥세인,26,False
pi_suncream_A000000259556,"1,2-헥산다이올",27,False
pi_suncream_A000000259556,부틸렌글라이콜,28,False
pi_suncream_A000000259556,하이드록시에틸우레아,29,False
pi_suncream_A000000259556,폴리글리세릴-3메틸글루코오스다이스테아레이트,30,False
pi_suncream_A000000259556,스테아릴헵타노에이트,31,False
pi_suncream_A000000259556,다이메티콘올,32,False
pi_suncream_A000000259556,폴리C10-30알킬아크릴레이트,33,False
pi_suncream_A000000259556,마이크로크리스탈린셀룰로오스,34,False
pi_suncream_A000000259556,폴리에터-1,35,False
pi_suncream_A000000259556,에틸헥실글리세린,36,False
pi_suncream_A000000259556,아데노신,37,False
pi_suncream_A000000259556,소듐스테아로일글루타메이트,38,False
pi_suncream_A000000259556,메틸다이아이소프로필프로피온아마이드,39,False
pi_suncream_A000000259556,셀룰로오스검,40,False
pi_suncream_A000000259556,다발방패버섯추출물,41,False
pi_suncream_A000000259556,토코페롤,42,False
pi_suncream_A000000259556,글리세린,43,False
pi_suncream_A000000259556,소듐클로라이드,44,False
pi_suncream_A000000259556,소듐바이카보네이트,45,False
pi_suncream_A000000259556,칼슘클로라이드,46,False
pi_suncream_A000000259556,포타슘클로라이드,47,False
pi_suncream_A000000259556,글라이신,48,False
pi_suncream_A000000259556,알지닌,49,False
pi_suncream_A000000259556,글루타믹애씨드,50,False
pi_suncream_A000000259556,베헤닐알코올,51,False
pi_suncream_A000000259556,카보머,52,False
pi_suncream_A000000259556,향료,53,False
pi_suncream_A000000219383,정제수,1,False
pi_suncream_A000000219383,아이소노닐아이소노나노에이트,2,False
pi_suncream_A000000219383,프로판다이올,3,False
pi_suncream_A000000219383,부틸옥틸살리실레이트,4,False
pi_suncream_A000000219383,에칠헥실트리아존,5,False
pi_suncream_A000000219383,다이부틸아디페이트,6,False
pi_suncream_A000000219383,폴리메틸실세스퀴옥세인,7,False
pi_suncream_A000000219383,디에칠아미노하이드록시벤조일헥실벤조에이트,8,False
pi_suncream_A000000219383,나이아신아마이드,9,False
pi_suncream_A000000219383,드로메트리졸트리실록산,10,False
pi_suncream_A000000219383,메칠렌비스-벤조트리아졸릴테트라메칠부틸페놀,11,False
pi_suncream_A000000219383,"1,2-헥산다이올",12,False
pi_suncream_A000000219383,펜틸렌글라이콜,13,False
pi_suncream_A000000219383,판테놀,14,False
pi_suncream_A000000219383,소듐하이알루로네이트,15,False
pi_suncream_A000000219383,하이알루로닉애씨드,16,False
pi_suncream_A000000219383,하이드롤라이즈드소듐하이알루로네이트,17,False
pi_suncream_A000000219383,하이드롤라이즈드하이알루로닉애씨드,18,False
pi_suncream_A000000219383,소듐아세틸레이티드하이알루로네이트,19,False
pi_suncream_A000000219383,소듐하이알루로네이트크로스폴리머,20,False
pi_suncream_A000000219383,포타슘하이알루로네이트,21,False
pi_suncream_A000000219383,다이메틸실란올하이알루로네이트,22,False
pi_suncream_A000000219383,하이드록시프로필트라이모늄하이알루로네이트,23,False
pi_suncream_A000000219383,소듐하이알루로네이트다이메틸실란올,24,False
pi_suncream_A000000219383,알란토인,25,False
pi_suncream_A000000219383,글리세린,26,False
pi_suncream_A000000219383,아데노신,27,False
pi_suncream_A000000219383,세라마이드엔피,28,False
pi_suncream_A000000219383,토코페롤,29,False
pi_suncream_A000000219383,트레할로오스,30,False
pi_suncream_A000000219383,부틸렌글라이콜,31,False
pi_suncream_A000000219383,폴리글리세릴-3메틸글루코오스다이스테아레이트,32,False
pi_suncream_A000000219383,베헤닐알코올,33,False
pi_suncream_A000000219383,데실글루코사이드,34,False
pi_suncream_A000000219383,카프릴릴메티콘,35,False
pi_suncream_A000000219383,하이드로제네이티드캐스터오일/세바식애씨드코폴리머,36,False
pi_suncream_A000000219383,카보머,37,False
pi_suncream_A000000219383,호호바씨오일,38,False
pi_suncream_A000000219383,글리세레스-26,39,False
pi_suncream_A000000219383,아크릴레이트/C10-30알킬아크릴레이트크로스폴리머,40,False
pi_suncream_A000000219383,폴리글리세릴-6다이스테아레이트,41,False
pi_suncream_A000000219383,폴리아크릴레이트크로스폴리머-6,42,False
pi_suncream_A000000219383,트라이메틸실록시실리케이트,43,False
pi_suncream_A000000219383,에틸헥실글리세린,44,False
pi_suncream_A000000219383,칸데릴라/호호바/쌀겨폴리글리세릴-3에스터,45,False
pi_suncream_A000000219383,소듐스테아로일글루타메이트,46,False
pi_suncream_A000000219383,덱스트린,47,False
pi_suncream_A000000219383,트로메타민,48,False
pi_suncream_A000000219383,잔탄검,49,False
pi_suncream_A000000219383,치자추출물,50,False
pi_suncream_A000000219383,녹차추출물,51,False
pi_suncream_A000000219383,버지니아풍년화추출물,52,False
pi_suncream_A000000219383,쇠비름추출물,53,False
pi_suncream_A000000219383,마트리카리아꽃추출물,54,False
pi_suncream_A000000219383,말라카이트추출물,55,False
pi_suncream_A000000233802,정제수,1,False
pi_suncream_A000000233802,티타늄디옥사이드,2,False
pi_suncream_A000000233802,부틸렌글라이콜,3,False
pi_suncream_A000000233802,다이메티콘,4,False
pi_suncream_A000000233802,나이아신아마이드,5,False
pi_suncream_A000000233802,소듐아크릴레이트/소듐아크릴로일다이메틸타우레이트코폴리머,6,False
pi_suncream_A000000233802,글리세린,7,False
pi_suncream_A000000233802,C12-15알킬벤조에이트,8,False
pi_suncream_A000000233802,아이소헥사데칸,9,False
pi_suncream_A000000233802,향료,10,False
pi_suncream_A000000233802,페녹시에탄올,11,False
pi_suncream_A000000233802,알루미늄하이드록사이드,12,False
pi_suncream_A000000233802,폴리솔베이트80,13,False
pi_suncream_A000000233802,클로페네신,14,False
pi_suncream_A000000233802,스테아릭애씨드,15,False
pi_suncream_A000000233802,솔비탄올리에이트,16,False
pi_suncream_A000000233802,아데노신,17,False
pi_suncream_A000000233802,트라이에톡시카프릴릴실레인,18,False
pi_suncream_A000000233802,녹차수,19,False
pi_suncream_A000000233802,병풀추출물,20,False
pi_suncream_A000000233802,알로에베라잎추출물,21,False
pi_suncream_A000000233802,"1,2-헥산다이올",22,False
pi_suncream_A000000221882,정제수,1,False
pi_suncream_A000000221882,징크옥사이드,2,False
pi_suncream_A000000221882,부틸옥틸살리실레이트,3,False
pi_suncream_A000000221882,아이소프로필미리스테이트,4,False
pi_suncream_A000000221882,프로판다이올,5,False
pi_suncream_A000000221882,아이소도데케인,6,False
pi_suncream_A000000221882,트라이실록세인,7,False
pi_suncream_A000000221882,나이아신아마이드,8,False
pi_suncream_A000000221882,세틸다이글리세릴트리스(트라이메틸실록시)실릴에틸다이메티콘,9,False
pi_suncream_A000000221882,카프릴릴메티콘,10,False
pi_suncream_A000000221882,소듐클로라이드,11,False
pi_suncream_A000000221882,소듐하이알루로네이트,12,False
pi_suncream_A000000221882,알로에베라잎추출물,13,False
pi_suncream_A000000221882,트라이에틸헥사노인,14,False
pi_suncream_A000000221882,다이스테아다이모늄헥토라이트,15,False
pi_suncream_A000000221882,폴리메틸실세스퀴옥세인,16,False
pi_suncream_A000000221882,트라이에톡시카프릴릴실레인,17,False
pi_suncream_A000000221882,글리세린,18,False
pi_suncream_A000000221882,"1,2-헥산다이올",19,False
pi_suncream_A000000221882,다이펜타에리스리틸트라이-폴리하이드록시스테아레이트,20,False
pi_suncream_A000000221882,C30-45알킬세테아릴다이메티콘크로스폴리머,21,False
pi_suncream_A000000221882,폴리글리세릴-2다이폴리하이드록시스테아레이트,22,False
pi_suncream_A000000221882,라우릴다이메티콘/폴리글리세린-3크로스폴리머,23,False
pi_suncream_A000000221882,하이드록시아세토페논,24,False
pi_suncream_A000000221882,메틸메타크릴레이트크로스폴리머,25,False
pi_suncream_A000000221882,글리세릴글루코사이드,26,False
pi_suncream_A000000221882,마그네슘설페이트,27,False
pi_suncream_A000000221882,아데노신,28,False
pi_suncream_A000000221882,다이프로필렌글라이콜,29,False
pi_suncream_A000000221882,판테놀,30,False
pi_suncream_A000000221882,소듐시트레이트,31,False
pi_suncream_A000000221882,토코페롤,32,False
pi_suncream_A000000221882,부틸렌글라이콜,33,False
pi_suncream_A000000221882,향료,34,False
pi_suncream_A000000200635,정제수,1,False
pi_suncream_A000000200635,다이부틸아디페이트,2,False
pi_suncream_A000000200635,프로판다이올,3,False
pi_suncream_A000000200635,에칠헥실트리아존,4,False
pi_suncream_A000000200635,테레프탈릴리덴디캠퍼설포닉애씨드,5,False
pi_suncream_A000000200635,나이아신아마이드,6,False
pi_suncream_A000000200635,옥틸도데칸올,7,False
pi_suncream_A000000200635,트로메타민,8,False
pi_suncream_A000000200635,폴리글리세릴-3다이스테아레이트,9,False
pi_suncream_A000000200635,세테아릴알코올,10,False
pi_suncream_A000000200635,판테놀,11,False
pi_suncream_A000000200635,"1,2-헥산다이올",12,False
pi_suncream_A000000200635,펜틸렌글라이콜,13,False
pi_suncream_A000000200635,폴리실리콘-15,14,False
pi_suncream_A000000200635,카프릴릴메티콘,15,False
pi_suncream_A000000200635,디에칠아미노하이드록시벤조일헥실벤조에이트,16,False
pi_suncream_A000000200635,폴리메틸실세스퀴옥세인,17,False
pi_suncream_A000000200635,글리세릴스테아레이트,18,False
pi_suncream_A000000200635,포타슘세틸포스페이트,19,False
pi_suncream_A000000200635,비스-에칠헥실옥시페놀메톡시페닐트리아진,20,False
pi_suncream_A000000200635,메틸프로판다이올,21,False
pi_suncream_A000000200635,에키움플란타기네움씨오일,22,False
pi_suncream_A000000200635,카보머,23,False
pi_suncream_A000000200635,글리세릴스테아레이트시트레이트,24,False
pi_suncream_A000000200635,아크릴레이트/C10-30알킬아크릴레이트크로스폴리머,25,False
pi_suncream_A000000200635,에틸헥실글리세린,26,False
pi_suncream_A000000200635,암모늄아크릴로일다이메틸타우레이트/브이피코폴리머,27,False
pi_suncream_A000000200635,아데노신,28,False
pi_suncream_A000000200635,부틸렌글라이콜,29,False
pi_suncream_A000000200635,풍선덩굴꽃/잎/덩굴추출물,30,False
pi_suncream_A000000200635,해바라기씨오일불검화물,31,False
pi_suncream_A000000200635,폴리에터-1,32,False
pi_suncream_A000000200635,약모밀추출물,33,False
pi_suncream_A000000200635,노니열매추출물,34,False
pi_suncream_A000000200635,토코페롤,35,False
pi_suncream_A000000200635,쑥잎추출물,36,False
pi_suncream_A000000200635,병풀꽃/잎/줄기추출물,37,False
pi_suncream_A000000200635,아티초크잎추출물,38,False
pi_suncream_A000000200635,바이오사카라이드검-1,39,False
pi_suncream_A000000200635,병풀뿌리추출물,40,False
pi_suncream_A000000200635,병풀추출물,41,False
pi_suncream_A000000200635,병풀잎추출물,42,False
pi_suncream_A000000200635,효모발효물,43,False
pi_suncream_A000000200635,복사나무꽃추출물,44,False
pi_suncream_A000000200635,물냉이추출물,45,False
pi_suncream_A000000200635,7-데하이드로콜레스테롤,46,False
pi_suncream_A000000200635,엑토인,47,False
pi_suncream_A000000200635,아시아티코사이드,48,False
pi_suncream_A000000200635,타라열매추출물,49,False
pi_suncream_A000000200635,마데카소사이드,50,False
pi_suncream_A000000200635,코토니추출물,51,False
pi_suncream_A000000200635,락토바실러스발효물,52,False
pi_suncream_A000000200635,밀몽화꽃추출물,53,False
pi_suncream_A000000200635,프랑스해안송껍질추출물,54,False
pi_suncream_A000000200635,마데카식애씨드,55,False
pi_suncream_A000000200635,아시아틱애씨드,56,False
pi_suncream_A000000247241,정제수,1,False
pi_suncream_A000000247241,징크옥사이드,2,False
pi_suncream_A000000247241,아이소도데케인,3,False
pi_suncream_A000000247241,부틸렌글라이콜다이카프릴레이트/다이카프레이트,4,False
pi_suncream_A000000247241,티타늄디옥사이드,5,False
pi_suncream_A000000247241,글리세린,6,False
pi_suncream_A000000247241,다이카프릴릴에터,7,False
pi_suncream_A000000247241,세틸다이글리세릴트리스(트라이메틸실록시)실릴에틸다이메티콘,8,False
pi_suncream_A000000247241,C12-15알킬벤조에이트,9,False
pi_suncream_A000000247241,카프릴릴메티콘,10,False
pi_suncream_A000000247241,메틸메타크릴레이트크로스폴리머,11,False
pi_suncream_A000000247241,폴리메틸실세스퀴옥세인,12,False
pi_suncream_A000000247241,다이스테아다이모늄헥토라이트,14,False
pi_suncream_A000000247241,마그네슘설페이트,15,False
pi_suncream_A000000247241,아이소프로필미리스테이트,16,False
pi_suncream_A000000247241,"1,2-헥산다이올",17,False
pi_suncream_A000000247241,트라이에톡시카프릴릴실레인,18,False
pi_suncream_A000000247241,페닐트라이메티콘,19,False
pi_suncream_A000000247241,알루미늄하이드록사이드,20,False
pi_suncream_A000000247241,스테아릭애씨드,21,False
pi_suncream_A000000247241,아크릴레이트/다이메티콘코폴리머,22,False
pi_suncream_A000000247241,부틸렌글라이콜,23,False
pi_suncream_A000000247241,카프릴릴글라이콜,24,False
pi_suncream_A000000247241,글리세릴카프릴레이트,25,False
pi_suncream_A000000247241,황색산화철,26,False
pi_suncream_A000000247241,에틸헥실글리세린,27,False
pi_suncream_A000000247241,적색산화철,28,False
pi_suncream_A000000247241,마이카,29,False
pi_suncream_A000000247241,칡뿌리추출물,30,False
pi_suncream_A000000247241,당느릅나무뿌리추출물,31,False
pi_suncream_A000000247241,달맞이꽃추출물,32,False
pi_suncream_A000000247241,대왕소나무잎추출물,33,False
pi_suncream_A000000247241,흑색산화철,34,False
pi_suncream_A000000247241,토코페롤,35,False
pi_suncream_A000000247241,합성플루오르플로고파이트,36,False
pi_suncream_A000000247241,매실나무꽃추출물,37,False
pi_suncream_A000000252919,유비데아로지글로우정제수아이소프로필미리스테이트글리세린티타늄디옥사이드에칠헥실트리아존변성알코올프로판다이올트라이에탄올아민비스-에칠헥실옥시페놀메톡시페닐트리아진부틸메톡시디벤조일메탄테레프탈릴리덴디캠퍼설포닉애씨드마이카페닐벤즈이미다졸설포닉애씨드스테아릭애씨드펜틸렌글라이콜실리카포타슘세틸포스페이트아크릴아마이드/소듐아크릴로일다이메틸타우레이트코폴리머알루미늄하이드록사이드아스코빌글루코사이드바륨설페이트카프릴로일살리실릭애씨드카프릴릴글라이콜카보머세틸알코올적색산화철황색산화철티타늄디옥사이드시트릭애씨드디에칠아미노하이드록시벤조일헥실벤조에이트드로메트리졸트리실록산글리세릴스테아레이트돌콩오일하이드록시아세토페논아이소헥사데칸레시틴미리스틱애씨드팔미틱애씨드피이지-100스테아레이트폴리솔베이트80풀루란스클레로튬검소듐클로라이드소듐코코일사코시네이트솔비탄올리에이트토코페롤트라이소듐에틸렌다이아민다이석시네이트트로메타민잔탄검-멜라B3세럼정제수다이메티콘나이아신아마이드글리세린프로필렌글라이콜폴리실리콘-11실리카비스-피이지/피피지-16/16피이지/피피지-16/16다이메티콘레인보우랙추출물2-머캅토니코티노일글라이신피이지-20메틸글루코오스세스퀴스테아레이트소듐하이알루로네이트소듐하이드록사이드소듐티오설페이트카르노신폴록사머338암모늄폴리아크릴로일다이메틸타우레이트다이포타슘글리시리제이트카프릴릭/카프릭트라이글리세라이드카프릴로일살리실릭애씨드카프릴릴글라이콜시트릭애씨드트라이소듐에틸렌다이아민다이석시네이트잔탄검펜틸렌글라이콜옥틸도데칸올레티닐팔미테이트토코페롤펜타에리스리틸테트라-다이-t-부틸하이드록시하이드로신나메이트페녹시에탄올적색227호향료,1,False
pi_suncream_A000000249451,정제수,1,False
pi_suncream_A000000249451,에탄올,2,False
pi_suncream_A000000249451,다이아이소프로필세바케이트,3,False
pi_suncream_A000000249451,에칠헥실살리실레이트,4,False
pi_suncream_A000000249451,실리카,5,False
pi_suncream_A000000249451,에칠헥실트리아존,6,False
pi_suncream_A000000249451,다이프로필렌글라이콜,7,False
pi_suncream_A000000249451,부틸메톡시디벤조일메탄,8,False
pi_suncream_A000000249451,디에칠아미노하이드록시벤조일헥실벤조에이트,9,False
pi_suncream_A000000249451,비스-에칠헥실옥시페놀메톡시페닐트리아진,10,False
pi_suncream_A000000249451,C12-15알킬벤조에이트,11,False
pi_suncream_A000000249451,덱스트린팔미테이트,12,False
pi_suncream_A000000249451,아이소프로필팔미테이트,13,False
pi_suncream_A000000249451,부틸렌글라이콜,14,False
pi_suncream_A000000249451,자일리톨,15,False
pi_suncream_A000000249451,페녹시에탄올,16,False
pi_suncream_A000000249451,솔비탄다이스테아레이트,17,False
pi_suncream_A000000249451,아크릴레이트/C10-30알킬아크릴레이트크로스폴리머,18,False
pi_suncream_A000000249451,글리세린,19,False
pi_suncream_A000000249451,프로판다이올,20,False
pi_suncream_A000000249451,하이드록시에틸아크릴레이트/소듐아크릴로일다이메틸타우레이트코폴리머,21,False
pi_suncream_A000000249451,글리세릴베헤네이트,22,False
pi_suncream_A000000249451,아이소헥사데칸,23,False
pi_suncream_A000000249451,포타슘하이드록사이드,24,False
pi_suncream_A000000249451,세틸알코올,25,False
pi_suncream_A000000249451,폴리실리콘-9,26,False
pi_suncream_A000000249451,향료,27,False
pi_suncream_A000000249451,스테아로일글루타믹애씨드,28,False
pi_suncream_A000000249451,폴리솔베이트60,29,False
pi_suncream_A000000249451,알지닌,30,False
pi_suncream_A000000249451,다이소듐이디티에이,31,False
pi_suncream_A000000249451,솔비탄아이소스테아레이트,32,False
pi_suncream_A000000249451,아스코빌글루코사이드,33,False
pi_suncream_A000000249451,소듐하이알루로네이트,34,False
pi_suncream_A000000249451,메틸파라벤,35,False
pi_suncream_A000000249451,리날룰,36,False
pi_suncream_A000000249451,벤질살리실레이트,37,False
pi_suncream_A000000240562,정제수,1,False
pi_suncream_A000000240562,쌀겨수,2,False
pi_suncream_A000000240562,부틸옥틸살리실레이트,3,False
pi_suncream_A000000240562,프로판다이올,4,False
pi_suncream_A000000240562,에칠헥실트리아존,5,False
pi_suncream_A000000240562,다이부틸아디페이트,6,False
pi_suncream_A000000240562,폴리글리세릴-3다이스테아레이트,7,False
pi_suncream_A000000240562,나이아신아마이드,8,False
pi_suncream_A000000240562,카프릴릴메티콘,9,False
pi_suncream_A000000240562,드로메트리졸트리실록산,10,False
pi_suncream_A000000240562,다이아이소프로필세바케이트,11,False
pi_suncream_A000000240562,테레프탈릴리덴디캠퍼설포닉애씨드,12,False
pi_suncream_A000000240562,"2,3-부탄다이올",13,False
pi_suncream_A000000240562,디에칠아미노하이드록시벤조일헥실벤조에이트,14,False
pi_suncream_A000000240562,트로메타민,15,False
pi_suncream_A000000240562,"1,2-헥산다이올",16,False
pi_suncream_A000000240562,펜틸렌글라이콜,17,False
pi_suncream_A000000240562,메틸메타크릴레이트크로스폴리머,18,False
pi_suncream_A000000240562,비스-에칠헥실옥시페놀메톡시페닐트리아진,19,False
pi_suncream_A000000240562,세테아릴알코올,20,False
pi_suncream_A000000240562,소듐폴리아크릴로일다이메틸타우레이트,21,False
pi_suncream_A000000240562,글리세릴스테아레이트,22,False
pi_suncream_A000000240562,포타슘세틸포스페이트,23,False
pi_suncream_A000000240562,글리세린,24,False
pi_suncream_A000000240562,부틸렌글라이콜,25,False
pi_suncream_A000000240562,폴리C10-30알킬아크릴레이트,26,False
pi_suncream_A000000240562,이눌린라우릴카바메이트,27,False
pi_suncream_A000000240562,글리세릴스테아레이트시트레이트,28,False
pi_suncream_A000000240562,암모늄아크릴로일다이메틸타우레이트/브이피코폴리머,29,False
pi_suncream_A000000240562,에틸헥실글리세린,30,False
pi_suncream_A000000240562,코코넛야자오일,31,False
pi_suncream_A000000240562,소듐하이알루로네이트,32,False
pi_suncream_A000000240562,아데노신,33,False
pi_suncream_A000000240562,수베르참나무껍질추출물,34,False
pi_suncream_A000000240562,잔탄검,35,False
pi_suncream_A000000240562,참나무뿌리추출물,36,False
pi_suncream_A000000240562,스키조사카로미세스발효여과물,37,False
pi_suncream_A000000240562,삼나무잎추출물,38,False
pi_suncream_A000000240562,연꽃잎추출물,39,False
pi_suncream_A000000240562,토코페롤,40,False
pi_suncream_A000000240562,쌀겨오일,41,False
pi_suncream_A000000240562,세라마이드엔피,42,False
pi_suncream_A000000240562,피토스핑고신,43,False
pi_suncream_A000000240562,하이드로제네이티드레시틴,44,False
pi_suncream_A000000240562,소듐파이테이트,45,False
pi_suncream_A000000240562,다이메틸실란올하이알루로네이트,46,False
pi_suncream_A000000240562,하이드롤라이즈드하이알루로닉애씨드,47,False
pi_suncream_A000000240562,하이드롤라이즈드소듐하이알루로네이트,48,False
pi_suncream_A000000240562,하이알루로닉애씨드,49,False
pi_suncream_A000000240562,포타슘하이알루로네이트,50,False
pi_suncream_A000000240562,소듐하이알루로네이트크로스폴리머,51,False
pi_suncream_A000000240562,하이드록시프로필트라이모늄하이알루로네이트,52,False
pi_suncream_A000000240562,소듐디엔에이,53,False
pi_suncream_A000000240562,소듐하이알루로네이트다이메틸실란올,54,False
pi_suncream_A000000240562,소듐아세틸레이티드하이알루로네이트,55,False
pi_suncream_A000000219554,정제수,1,False
pi_suncream_A000000219554,징크옥사이드,2,False
pi_suncream_A000000219554,부틸옥틸살리실레이트,3,False
pi_suncream_A000000219554,사이클로헥사실록세인,4,False
pi_suncream_A000000219554,카프릴릴메티콘,5,False
pi_suncream_A000000219554,프로판다이올,6,False
pi_suncream_A000000219554,프로필헵틸카프릴레이트,7,False
pi_suncream_A000000219554,메틸트라이메티콘,8,False
pi_suncream_A000000219554,폴리글리세릴-3폴리다이메틸실록시에틸다이메티콘,9,False
pi_suncream_A000000219554,메틸메타크릴레이트크로스폴리머,10,False
pi_suncream_A000000219554,약모밀추출물,11,False
pi_suncream_A000000219554,올리브오일,12,False
pi_suncream_A000000219554,소듐하이알루로네이트,13,False
pi_suncream_A000000219554,분비나무오일,14,False
pi_suncream_A000000219554,로즈마리잎오일,15,False
pi_suncream_A000000219554,클레리오일,16,False
pi_suncream_A000000219554,센티드제라늄꽃오일,17,False
pi_suncream_A000000219554,클로브잎오일,18,False
pi_suncream_A000000219554,광곽향오일,19,False
pi_suncream_A000000219554,마트리카리아꽃오일,20,False
pi_suncream_A000000219554,멕시칸주니퍼오일,21,False
pi_suncream_A000000219554,라우릴폴리글리세릴-3폴리다이메틸실록시에틸다이메티콘,23,False
pi_suncream_A000000219554,다이스테아다이모늄헥토라이트,24,False
pi_suncream_A000000219554,마그네슘설페이트,25,False
pi_suncream_A000000219554,폴리글리세릴-2다이폴리하이드록시스테아레이트,26,False
pi_suncream_A000000219554,트라이에톡시카프릴릴실레인,27,False
pi_suncream_A000000219554,"1,2-헥산다이올",28,False
pi_suncream_A000000219554,트라이메틸실록시실리케이트,29,False
pi_suncream_A000000219554,폴리메틸실세스퀴옥세인,30,False
pi_suncream_A000000219554,다이메티콘/비닐다이메티콘크로스폴리머,31,False
pi_suncream_A000000219554,부틸렌글라이콜,32,False
pi_suncream_A000000219554,글리세릴카프릴레이트,33,False
pi_suncream_A000000219554,카프릴릴글라이콜,34,False
pi_suncream_A000000219554,다이메티콘올,35,False
pi_suncream_A000000219554,트라이실록세인,36,False
pi_suncream_A000000219554,에틸헥실글리세린,37,False
pi_suncream_A000000219554,펜틸렌글라이콜,38,False
pi_suncream_A000000219554,마그네슘아스파테이트,39,False
pi_suncream_A000000219554,징크글루코네이트,40,False
pi_suncream_A000000219554,토코페롤,41,False
pi_suncream_A000000219554,카퍼글루코네이트,42,False
pi_suncream_A000000219554,마데카소사이드,43,False
pi_suncream_A000000219554,징크락테이트,44,False
pi_suncream_A000000219554,판테놀,45,False
pi_suncream_A000000219554,옥타데케인,46,False
pi_suncream_A000000219554,락틱애씨드/글라이콜릭애씨드코폴리머,47,False
pi_suncream_A000000219554,다이메틸실란올하이알루로네이트,48,False
pi_suncream_A000000219554,소듐아세틸레이티드하이알루로네이트,49,False
pi_suncream_A000000219554,소듐하이알루로네이트다이메틸실란올,50,False
pi_suncream_A000000219554,소듐하이알루로네이트크로스폴리머,51,False
pi_suncream_A000000219554,잔탄검,52,False
pi_suncream_A000000219554,포타슘하이알루로네이트,53,False
pi_suncream_A000000219554,하이드록시프로필트라이모늄하이알루로네이트,54,False
pi_suncream_A000000219554,하이드롤라이즈드소듐하이알루로네이트,55,False
pi_suncream_A000000219554,하이드롤라이즈드하이알루로닉애씨드,56,False
pi_suncream_A000000219554,하이알루로닉애씨드,57,False
pi_suncream_A000000169499,정제수,1,False
pi_suncream_A000000169499,다이부틸아디페이트,2,False
pi_suncream_A000000169499,프로판다이올,3,False
pi_suncream_A000000169499,디에칠아미노하이드록시벤조일헥실벤조에이트,4,False
pi_suncream_A000000169499,폴리메틸실세스퀴옥세인,5,False
pi_suncream_A000000169499,에칠헥실트리아존,6,False
pi_suncream_A000000169499,메칠렌비스-벤조트리아졸릴테트라메칠부틸페놀,7,False
pi_suncream_A000000169499,나이아신아마이드,8,False
pi_suncream_A000000169499,코코-카프릴레이트/카프레이트,9,False
pi_suncream_A000000169499,카프릴릴메티콘,10,False
pi_suncream_A000000169499,디에칠헥실부타미도트리아존,11,False
pi_suncream_A000000169499,글리세린,12,False
pi_suncream_A000000169499,"1,2-헥산다이올",13,False
pi_suncream_A000000169499,부틸렌글라이콜,14,False
pi_suncream_A000000169499,펜틸렌글라이콜,15,False
pi_suncream_A000000169499,베헤닐알코올,16,False
pi_suncream_A000000169499,폴리C10-30알킬아크릴레이트,17,False
pi_suncream_A000000169499,폴리글리세릴-3메틸글루코오스다이스테아레이트,18,False
pi_suncream_A000000169499,데실글루코사이드,19,False
pi_suncream_A000000169499,트로메타민,20,False
pi_suncream_A000000169499,카보머,21,False
pi_suncream_A000000169499,아크릴레이트/C10-30알킬아크릴레이트크로스폴리머,22,False
pi_suncream_A000000169499,소듐스테아로일글루타메이트,23,False
pi_suncream_A000000169499,폴리아크릴레이트크로스폴리머-6,24,False
pi_suncream_A000000169499,에틸헥실글리세린,25,False
pi_suncream_A000000169499,아데노신,26,False
pi_suncream_A000000169499,잔탄검,27,False
pi_suncream_A000000169499,병풀추출물,28,False
pi_suncream_A000000169499,t-부틸알코올,29,False
pi_suncream_A000000169499,소듐하이알루로네이트,30,False
pi_suncream_A000000169499,자작나무껍질추출물,31,False
pi_suncream_A000000169499,토코페롤,32,False
pi_suncream_A000000169499,하이드롤라이즈드하이알루로닉애씨드,33,False
pi_suncream_A000000169499,녹차추출물,34,False
pi_suncream_A000000169499,은행나무잎추출물,35,False
pi_suncream_A000000169499,브로콜리싹추출물,36,False
pi_suncream_A000000169499,동백나무잎추출물,37,False
pi_suncream_A000000169499,로켓잎추출물,38,False
pi_suncream_A000000169499,자주개자리추출물,39,False
pi_suncream_A000000169499,밀싹추출물,40,False
pi_suncream_A000000169499,이노시톨,41,False
pi_suncream_A000000169499,하이알루로닉애씨드,42,False
pi_suncream_A000000219556,정제수,1,False
pi_suncream_A000000219556,다이부틸아디페이트,2,False
pi_suncream_A000000219556,다이프로필렌글라이콜,3,False
pi_suncream_A000000219556,티타늄디옥사이드,4,False
pi_suncream_A000000219556,프로판다이올,5,False
pi_suncream_A000000219556,아이소노닐아이소노나노에이트,6,False
pi_suncream_A000000219556,코코-카프릴레이트/카프레이트,7,False
pi_suncream_A000000219556,디에칠아미노하이드록시벤조일헥실벤조에이트,8,False
pi_suncream_A000000219556,다이아이소프로필세바케이트,9,False
pi_suncream_A000000219556,메틸트라이메티콘,10,False
pi_suncream_A000000219556,나이아신아마이드,11,False
pi_suncream_A000000219556,"1,2-헥산다이올",12,False
pi_suncream_A000000219556,어성초추출물(=약모밀추출물,13,False
pi_suncream_A000000219556,아틀라스시다나무껍질오일,14,False
pi_suncream_A000000219556,로즈마리잎오일,15,False
pi_suncream_A000000219556,올리브오일,16,False
pi_suncream_A000000219556,불가리스쑥오일,17,False
pi_suncream_A000000219556,클레리오일,18,False
pi_suncream_A000000219556,두송열매오일,19,False
pi_suncream_A000000219556,갈바눔수지오일,20,False
pi_suncream_A000000219556,하이드롤라이즈드하이알루로닉애씨드,21,False
pi_suncream_A000000219556,하이알루로닉애씨드,22,False
pi_suncream_A000000219556,소듐하이알루로네이트,23,False
pi_suncream_A000000219556,비스-에칠헥실옥시페놀메톡시페닐트리아진,24,False
pi_suncream_A000000219556,에칠헥실트리아존,25,False
pi_suncream_A000000219556,펜틸렌글라이콜,26,False
pi_suncream_A000000219556,폴리실리콘-15,27,False
pi_suncream_A000000219556,테레프탈릴리덴디캠퍼설포닉애씨드,28,False
pi_suncream_A000000219556,포타슘세틸포스페이트,29,False
pi_suncream_A000000219556,소듐폴리아크릴로일다이메틸타우레이트,30,False
pi_suncream_A000000219556,폴리하이드록시스테아릭애씨드,31,False
pi_suncream_A000000219556,트로메타민,32,False
pi_suncream_A000000219556,알루미늄하이드록사이드,33,False
pi_suncream_A000000219556,하이드록시에틸아크릴레이트/소듐아크릴로일다이메틸타우레이트코폴리머,34,False
pi_suncream_A000000219556,스테아릭애씨드,35,False
pi_suncream_A000000219556,아이소도데케인,36,False
pi_suncream_A000000219556,옥틸도데칸올,37,False
pi_suncream_A000000219556,암모늄폴리아크릴로일다이메틸타우레이트,38,False
pi_suncream_A000000219556,폴리글리세릴-4아이소스테아레이트,39,False
pi_suncream_A000000219556,폴리글리세릴-2다이폴리하이드록시스테아레이트,40,False
pi_suncream_A000000219556,에틸헥실글리세린,41,False
pi_suncream_A000000219556,아데노신,42,False
pi_suncream_A000000219556,아이소프로필티타늄트라이아이소스테아레이트,43,False
pi_suncream_A000000219556,소듐폴리아크릴레이트,44,False
pi_suncream_A000000219556,부틸렌글라이콜,45,False
pi_suncream_A000000219556,하이드록시프로필메틸셀룰로오스스테아록시에터,46,False
pi_suncream_A000000219556,에리스리톨,47,False
pi_suncream_A000000219556,솔비톨,48,False
pi_suncream_A000000219556,토코페롤,49,False
pi_suncream_A000000219556,판테놀,50,False
pi_suncream_A000000219556,글루타티온,51,False
pi_suncream_A000000219556,다이메틸실란올하이알루로네이트,52,False
pi_suncream_A000000219556,하이드롤라이즈드소듐하이알루로네이트,53,False
pi_suncream_A000000219556,포타슘하이알루로네이트,54,False
pi_suncream_A000000219556,하이드록시프로필트라이모늄하이알루로네이트,55,False
pi_suncream_A000000219556,소듐하이알루로네이트크로스폴리머,56,False
pi_suncream_A000000219556,소듐하이알루로네이트다이메틸실란올,57,False
pi_suncream_A000000219556,소듐아세틸레이티드하이알루로네이트,58,False
pi_suncream_A000000219556,베헤닐알코올,59,False
pi_suncream_A000000219556,다이소듐이디티에이,60,False
pi_suncream_A000000219556,황색산화철,61,False
pi_suncream_A000000219556,적색산화철,62,False
pi_suncream_A000000246715,정제수,1,False
pi_suncream_A000000246715,다이부틸아디페이트,2,False
pi_suncream_A000000246715,프로판다이올,3,False
pi_suncream_A000000246715,C12-15알킬벤조에이트,4,False
pi_suncream_A000000246715,에칠헥실살리실레이트,5,False
pi_suncream_A000000246715,에칠헥실트리아존,6,False
pi_suncream_A000000246715,티타늄디옥사이드,7,False
pi_suncream_A000000246715,"1,2-헥산다이올",8,False
pi_suncream_A000000246715,비스-에칠헥실옥시페놀메톡시페닐트리아진,9,False
pi_suncream_A000000246715,디에칠아미노하이드록시벤조일헥실벤조에이트,10,False
pi_suncream_A000000246715,폴리메틸실세스퀴옥세인,11,False
pi_suncream_A000000246715,다이메티콘,12,False
pi_suncream_A000000246715,암모늄아크릴로일다이메틸타우레이트/브이피코폴리머,13,False
pi_suncream_A000000246715,알루미늄스테아레이트,14,False
pi_suncream_A000000246715,알루미나,15,False
pi_suncream_A000000246715,폴리하이드록시스테아릭애씨드,16,False
pi_suncream_A000000246715,소듐스테아로일글루타메이트,17,False
pi_suncream_A000000246715,폴리아크릴레이트크로스폴리머-6,18,False
pi_suncream_A000000246715,판테놀,19,False
pi_suncream_A000000246715,에틸헥실글리세린,20,False
pi_suncream_A000000246715,메틸프로판다이올,21,False
pi_suncream_A000000246715,폴리에터-1,22,False
pi_suncream_A000000246715,잔탄검,23,False
pi_suncream_A000000246715,아크릴레이트/C10-30알킬아크릴레이트크로스폴리머,24,False
pi_suncream_A000000246715,아데노신,25,False
pi_suncream_A000000246715,글리세린,26,False
pi_suncream_A000000246715,부틸렌글라이콜,27,False
pi_suncream_A000000246715,다이프로필렌글라이콜,28,False
pi_suncream_A000000246715,t-부틸알코올,29,False
pi_suncream_A000000246715,하이드로제네이티드레시틴,30,False
pi_suncream_A000000246715,락토바실러스발효용해물,31,False
pi_suncream_A000000246715,세테아릴올리베이트,32,False
pi_suncream_A000000246715,솔비탄올리베이트,33,False
pi_suncream_A000000246715,엑토인,34,False
pi_suncream_A000000246715,치커리뿌리추출물,35,False
pi_suncream_A000000246715,서양민들레뿌리줄기/뿌리추출물,36,False
pi_suncream_A000000246715,비피다발효용해물,37,False
pi_suncream_A000000246715,커피콩추출물,38,False
pi_suncream_A000000246715,하이드롤라이즈드익스텐신,39,False
pi_suncream_A000000246715,소듐하이알루로네이트,40,False
pi_suncream_A000000246715,하이알루로닉애씨드,41,False
pi_suncream_A000000246715,하이드롤라이즈드하이알루로닉애씨드,42,False
pi_suncream_A000000246715,하이드롤라이즈드소듐하이알루로네이트,43,False
pi_suncream_A000000246715,하이드록시프로필트라이모늄하이알루로네이트,44,False
pi_suncream_A000000246715,포타슘하이알루로네이트,45,False
pi_suncream_A000000246715,소듐하이알루로네이트크로스폴리머,46,False
pi_suncream_A000000246715,펜틸렌글라이콜,47,False
pi_suncream_A000000246715,소듐아세틸레이티드하이알루로네이트,48,False
pi_suncream_A000000010461,정제수에칠헥실메톡시신나메이트드로메트리졸트리실록산글리세린프로필렌글라이콜디메치콘티타늄디옥사이드변성알코올펜틸렌글라이콜티타늄디옥사이드테레프탈릴리덴디캠퍼설포닉애씨드디에칠아미노하이드록시벤조일헥실벤조에이트트리에탄올아민비스-에칠헥실옥시페놀메톡시페닐트리아진스테아릭애씨드포타슘세틸포스페이트알루미늄하이드록사이드부틸렌글라이콜쉐어버터씨드케이크추출물카프릴릴글라이콜카보머세틸알코올적색산화철/황색산화철디소듐이디티에이글리세릴스테아레이트팔미틱애씨드피이지-100스테아레이트페녹시에탄올소듐코코일사코시네이트토코페롤트로메타민잔탄검,1,False
pi_suncream_A000000257268,정제수,1,False
pi_suncream_A000000257268,다이부틸아디페이트,2,False
pi_suncream_A000000257268,프로판다이올,3,False
pi_suncream_A000000257268,부틸옥틸살리실레이트,4,False
pi_suncream_A000000257268,디에칠아미노하이드록시벤조일헥실벤조에이트,5,False
pi_suncream_A000000257268,폴리실리콘-15,6,False
pi_suncream_A000000257268,비스-에칠헥실옥시페놀메톡시페닐트리아진,7,False
pi_suncream_A000000257268,나이아신아마이드,8,False
pi_suncream_A000000257268,다이아이소부틸아디페이트,9,False
pi_suncream_A000000257268,티타늄디옥사이드,10,False
pi_suncream_A000000257268,에칠헥실트리아존,11,False
pi_suncream_A000000257268,폴리글리세릴-3다이스테아레이트,12,False
pi_suncream_A000000257268,트리스-바이페닐트라이아진,13,False
pi_suncream_A000000257268,부틸렌글라이콜,14,False
pi_suncream_A000000257268,"1,2-헥산다이올",15,False
pi_suncream_A000000257268,스쿠알란,16,False
pi_suncream_A000000257268,세테아릴알코올,17,False
pi_suncream_A000000257268,펜틸렌글라이콜,18,False
pi_suncream_A000000257268,카프릴릴메티콘,19,False
pi_suncream_A000000257268,다이에틸헥실석시네이트,20,False
pi_suncream_A000000257268,다이메티콘/비닐다이메티콘크로스폴리머,21,False
pi_suncream_A000000257268,폴리하이드록시스테아릭애씨드,22,False
pi_suncream_A000000257268,코코-카프릴레이트/카프레이트,23,False
pi_suncream_A000000257268,폴리C10-30알킬아크릴레이트,24,False
pi_suncream_A000000257268,실리카,25,False
pi_suncream_A000000257268,암모늄아크릴로일다이메틸타우레이트/브이피코폴리머,26,False
pi_suncream_A000000257268,포타슘세틸포스페이트,27,False
pi_suncream_A000000257268,하이드로제네이티드캐스터오일다이머다이리놀레에이트,28,False
pi_suncream_A000000257268,데실글루코사이드,29,False
pi_suncream_A000000257268,울트라마린,30,False
pi_suncream_A000000257268,다이카프릴릴카보네이트,31,False
pi_suncream_A000000257268,아크릴레이트/C10-30알킬아크릴레이트크로스폴리머,32,False
pi_suncream_A000000257268,트로메타민,33,False
pi_suncream_A000000257268,네오펜틸글라이콜다이에틸헥사노에이트,34,False
pi_suncream_A000000257268,세틸알코올,35,False
pi_suncream_A000000257268,에틸헥실글리세린,36,False
pi_suncream_A000000257268,폴리아크릴레이트크로스폴리머-6,37,False
pi_suncream_A000000257268,트라이에톡시카프릴릴실레인,38,False
pi_suncream_A000000257268,알루미늄하이드록사이드,39,False
pi_suncream_A000000257268,향료,40,False
pi_suncream_A000000257268,하이드로제네이티드캐스터오일/세바식애씨드코폴리머,41,False
pi_suncream_A000000257268,아데노신,42,False
pi_suncream_A000000257268,하이드롤라이즈드하이알루로닉애씨드,43,False
pi_suncream_A000000257268,폴리우레탄-15,44,False
pi_suncream_A000000257268,다이소듐포스페이트,45,False
pi_suncream_A000000257268,카올린,46,False
pi_suncream_A000000257268,잔탄검,47,False
pi_suncream_A000000257268,병풀추출물,48,False
pi_suncream_A000000257268,소듐디엔에이,49,False
pi_suncream_A000000257268,토코페롤,50,False
pi_suncream_A000000257268,로우스위트블루베리추출물,51,False
pi_suncream_A000000202446,정제수,1,False
pi_suncream_A000000202446,다이부틸아디페이트,2,False
pi_suncream_A000000202446,프로판다이올,3,False
pi_suncream_A000000202446,티타늄디옥사이드,4,False
pi_suncream_A000000202446,다이아이소부틸아디페이트,5,False
pi_suncream_A000000202446,부틸옥틸살리실레이트,6,False
pi_suncream_A000000202446,카프릴릭/카프릭트라이글리세라이드,7,False
pi_suncream_A000000202446,디에칠아미노하이드록시벤조일헥실벤조에이트,8,False
pi_suncream_A000000202446,에칠헥실트리아존,9,False
pi_suncream_A000000202446,다이카프릴릴카보네이트,10,False
pi_suncream_A000000202446,나이아신아마이드,11,False
pi_suncream_A000000202446,메틸트라이메티콘,12,False
pi_suncream_A000000202446,글리세린,13,False
pi_suncream_A000000202446,다이메티콘/비닐다이메티콘크로스폴리머,14,False
pi_suncream_A000000202446,디에칠헥실부타미도트리아존,15,False
pi_suncream_A000000202446,"1,2-헥산다이올",16,False
pi_suncream_A000000202446,쌀추출물,17,False
pi_suncream_A000000202446,펜틸렌글라이콜,18,False
pi_suncream_A000000202446,폴리하이드록시스테아릭애씨드,19,False
pi_suncream_A000000202446,암모늄폴리아크릴로일다이메틸타우레이트,20,False
pi_suncream_A000000202446,스테아릭애씨드,21,False
pi_suncream_A000000202446,부틸렌글라이콜,22,False
pi_suncream_A000000202446,브이피/에이코신코폴리머,23,False
pi_suncream_A000000202446,소듐폴리아크릴로일다이메틸타우레이트,24,False
pi_suncream_A000000202446,다이메티콘올,25,False
pi_suncream_A000000202446,트라이실록세인,26,False
pi_suncream_A000000202446,알루미나,27,False
pi_suncream_A000000202446,판테놀,28,False
pi_suncream_A000000202446,하이드록시프로필메틸셀룰로오스스테아록시에터,29,False
pi_suncream_A000000202446,실리카,30,False
pi_suncream_A000000202446,소듐아크릴레이트/비닐알코올코폴리머,31,False
pi_suncream_A000000202446,에틸헥실글리세린,32,False
pi_suncream_A000000202446,폴리아크릴레이트크로스폴리머-6,33,False
pi_suncream_A000000202446,아데노신,34,False
pi_suncream_A000000202446,소듐폴리아크릴레이트,35,False
pi_suncream_A000000202446,소듐아크릴릭애씨드/엠에이코폴리머,36,False
pi_suncream_A000000202446,잔탄검,37,False
pi_suncream_A000000202446,t-부틸알코올,38,False
pi_suncream_A000000202446,카프릴릴글라이콜,39,False
pi_suncream_A000000202446,폴리에터-1,40,False
pi_suncream_A000000202446,토코페롤,41,False
pi_suncream_A000000202446,트라이에톡시카프릴릴실레인,42,False
pi_suncream_A000000202446,메틸프로판다이올,43,False
pi_suncream_A000000202446,산소,44,False
pi_suncream_A000000202446,향료,45,False
pi_suncream_A000000202446,적색산화철,46,False
pi_suncream_A000000200647,정제수,1,False
pi_suncream_A000000200647,징크옥사이드,2,False
pi_suncream_A000000200647,부틸옥틸살리실레이트,3,False
pi_suncream_A000000200647,프로필헵틸카프릴레이트,4,False
pi_suncream_A000000200647,사이클로헥사실록세인,5,False
pi_suncream_A000000200647,프로판다이올,6,False
pi_suncream_A000000200647,다이실록세인,7,False
pi_suncream_A000000200647,아이소도데케인,8,False
pi_suncream_A000000200647,C15-19알케인,9,False
pi_suncream_A000000200647,카프릴릴메티콘,10,False
pi_suncream_A000000200647,세틸다이글리세릴트리스(트라이메틸실록시)실릴에틸다이메티콘,11,False
pi_suncream_A000000200647,나이아신아마이드,12,False
pi_suncream_A000000200647,소듐클로라이드,13,False
pi_suncream_A000000200647,글리세린,14,False
pi_suncream_A000000200647,비타민나무오일,15,False
pi_suncream_A000000200647,바실러스/소이빈발효추출물,16,False
pi_suncream_A000000200647,락토바실러스/호밀가루발효물,17,False
pi_suncream_A000000200647,락토바실러스/소이밀크발효여과물,18,False
pi_suncream_A000000200647,락토바실러스발효용해물,19,False
pi_suncream_A000000200647,소듐하이알루로네이트,20,False
pi_suncream_A000000200647,포도주,21,False
pi_suncream_A000000200647,병풀추출물,22,False
pi_suncream_A000000200647,하이알루로닉애씨드,23,False
pi_suncream_A000000200647,폴스애플민트잎추출물,24,False
pi_suncream_A000000200647,녹차추출물,25,False
pi_suncream_A000000200647,타임잎추출물,26,False
pi_suncream_A000000200647,하이드롤라이즈드하이알루로닉애씨드,27,False
pi_suncream_A000000200647,메틸메타크릴레이트크로스폴리머,28,False
pi_suncream_A000000200647,다이스테아다이모늄헥토라이트,29,False
pi_suncream_A000000200647,폴리글리세릴-6폴리리시놀리에이트,30,False
pi_suncream_A000000200647,트라이에틸헥사노인,31,False
pi_suncream_A000000200647,폴리메틸실세스퀴옥세인,32,False
pi_suncream_A000000200647,트라이에톡시카프릴릴실레인,33,False
pi_suncream_A000000200647,"1,2-헥산다이올",34,False
pi_suncream_A000000200647,폴리글리세릴-2다이폴리하이드록시스테아레이트,35,False
pi_suncream_A000000200647,판테놀,36,False
pi_suncream_A000000200647,라우릴다이메티콘/폴리글리세린-3크로스폴리머,37,False
pi_suncream_A000000200647,부틸렌글라이콜,38,False
pi_suncream_A000000200647,카프릴릴글라이콜,39,False
pi_suncream_A000000200647,글리세릴카프릴레이트,40,False
pi_suncream_A000000200647,아데노신,41,False
pi_suncream_A000000200647,다이프로필렌글라이콜,42,False
pi_suncream_A000000200647,토코페롤,43,False
pi_suncream_A000000200647,말토덱스트린,44,False
pi_suncream_A000000200647,소듐시트레이트,45,False
pi_suncream_A000000200647,타라검,46,False
pi_suncream_A000000200647,아이소말트,47,False
pi_suncream_A000000200647,락토바실러스,48,False
pi_suncream_A000000200647,하이드록시프로필트라이모늄하이알루로네이트,49,False
pi_suncream_A000000200647,아스코빅애씨드,50,False
pi_suncream_A000000200647,소듐아세틸레이티드하이알루로네이트,51,False
pi_suncream_A000000200647,하이드롤라이즈드소듐하이알루로네이트,52,False
pi_suncream_A000000200647,소듐하이알루로네이트크로스폴리머,53,False
pi_suncream_A000000200647,포타슘하이알루로네이트,54,False
pi_suncream_A000000248590,정제수,1,False
pi_suncream_A000000248590,에칠헥실메톡시신나메이트,2,False
pi_suncream_A000000248590,글리세린,3,False
pi_suncream_A000000248590,부틸렌글라이콜,4,False
pi_suncream_A000000248590,디에칠아미노하이드록시벤조일헥실벤조에이트,5,False
pi_suncream_A000000248590,다이부틸아디페이트,6,False
pi_suncream_A000000248590,티타늄디옥사이드,7,False
pi_suncream_A000000248590,비스-에칠헥실옥시페놀메톡시페닐트리아진,8,False
pi_suncream_A000000248590,메틸트라이메티콘,9,False
pi_suncream_A000000248590,C12-15알킬벤조에이트,10,False
pi_suncream_A000000248590,다이메티콘,11,False
pi_suncream_A000000248590,실리카,12,False
pi_suncream_A000000248590,나이아신아마이드,14,False
pi_suncream_A000000248590,트라이실록세인,15,False
pi_suncream_A000000248590,"1,2-헥산다이올",16,False
pi_suncream_A000000248590,세테아릴알코올,17,False
pi_suncream_A000000248590,폴리C10-30알킬아크릴레이트,18,False
pi_suncream_A000000248590,하이드록시에틸아크릴레이트/소듐아크릴로일다이메틸타우레이트코폴리머,19,False
pi_suncream_A000000248590,알루미늄스테아레이트,20,False
pi_suncream_A000000248590,알루미나,21,False
pi_suncream_A000000248590,스테아릭애씨드,22,False
pi_suncream_A000000248590,폴리하이드록시스테아릭애씨드,23,False
pi_suncream_A000000248590,폴리메틸메타크릴레이트,24,False
pi_suncream_A000000248590,아크릴레이트/C10-30알킬아크릴레이트크로스폴리머,25,False
pi_suncream_A000000248590,소듐폴리아크릴로일다이메틸타우레이트,26,False
pi_suncream_A000000248590,글리세릴스테아레이트,27,False
pi_suncream_A000000248590,하이드로제네이티드레시틴,28,False
pi_suncream_A000000248590,카프릴릴글라이콜,29,False
pi_suncream_A000000248590,티몰트라이메톡시신나메이트,30,False
pi_suncream_A000000248590,트로메타민,31,False
pi_suncream_A000000248590,폴리글리세릴-3메틸글루코오스다이스테아레이트,32,False
pi_suncream_A000000248590,팔미틱애씨드,33,False
pi_suncream_A000000248590,다이소듐이디티에이,34,False
pi_suncream_A000000248590,에틸헥실글리세린,35,False
pi_suncream_A000000248590,아데노신,36,False
pi_suncream_A000000248590,알루미늄하이드록사이드,37,False
pi_suncream_A000000248590,적색산화철,38,False
pi_suncream_A000000248590,솔비탄아이소스테아레이트,39,False
pi_suncream_A000000248590,트라이에톡시카프릴릴실레인,40,False
pi_suncream_A000000248590,황색산화철,41,False
pi_suncream_A000000248590,토코페릴아세테이트,42,False
pi_suncream_A000000248590,3-O-에틸아스코빅애씨드,43,False
pi_suncream_A000000248590,락토바실러스/부레옥잠발효물,44,False
pi_suncream_A000000248590,만니톨,45,False
pi_suncream_A000000248590,프로판다이올,46,False
pi_suncream_A000000248590,에틸헥실팔미테이트,47,False
pi_suncream_A000000248590,비에이치티,48,False
pi_suncream_A000000248590,펜틸렌글라이콜,49,False
pi_suncream_A000000248590,미리스틱애씨드,50,False
pi_suncream_A000000248590,페녹시에탄올,51,False
pi_suncream_A000000248590,라우릭애씨드,52,False
pi_suncream_A000000248590,소듐데하이드로아세테이트,53,False
pi_suncream_A000000248590,카보머,54,False
pi_suncream_A000000248590,소듐시트레이트,55,False
pi_suncream_A000000248590,포타슘솔베이트,56,False
pi_suncream_A000000248590,토코페롤,57,False
pi_suncream_A000000248590,메톡시피이지-114/폴리엡실론카프로락톤,58,False
pi_suncream_A000000248590,복사나무잎추출물,59,False
pi_suncream_A000000248590,해바라기씨오일,60,False
pi_suncream_A000000248590,라이신,61,False
pi_suncream_A000000248590,알지닌,62,False
pi_suncream_A000000248590,히스티딘,63,False
pi_suncream_A000000248590,시트릭애씨드,64,False
pi_suncream_A000000248590,베타-카로틴,65,False
pi_suncream_A000000248590,글루코오스,66,False
pi_suncream_A000000248590,자일로오스,67,False
pi_suncream_A000000248590,디엔에이,68,False
pi_suncream_A000000248590,바이오틴,69,False
pi_suncream_A000000248590,만노오스,70,False
pi_suncream_A000000248590,소듐클로라이드,71,False
pi_suncream_A000000248590,레시틴,72,False
pi_suncream_A000000248590,하이드로제네이티드포스파티딜콜린,73,False
pi_suncream_A000000248590,카퍼트라이펩타이드-1,74,False
pi_suncream_A000000248590,소듐포스페이트,75,False
pi_suncream_A000000248590,덱스트린,76,False
pi_suncream_A000000248590,하이드롤라이즈드오크라추출물,77,False
pi_suncream_A000000248590,콜레스테롤,78,False
pi_suncream_A000000248590,푸코오스,79,False
pi_suncream_A000000248590,다이팔미토일하이드록시프롤린,80,False
pi_suncream_A000000248590,아크릴레이트/스테아릴메타크릴레이트코폴리머,81,False
pi_suncream_A000000248590,포타슘클로라이드,82,False
pi_suncream_A000000248590,포타슘포스페이트,83,False
pi_suncream_A000000248590,마그네슘클로라이드,84,False
pi_suncream_A000000248590,하이드롤라이즈드기장,85,False
pi_suncream_A000000248590,칼슘클로라이드[라벤더]정제수,86,False
pi_suncream_A000000248590,카프릴릭/카프릭트라이글리세라이드,87,False
pi_suncream_A000000248590,트레할로오스,93,False
pi_suncream_A000000248590,시어버터,94,False
pi_suncream_A000000248590,판테놀,95,False
pi_suncream_A000000248590,돌콩오일,96,False
pi_suncream_A000000248590,암모늄아크릴로일다이메틸타우레이트/브이피코폴리머,97,False
pi_suncream_A000000248590,글리세릴폴리메타크릴레이트,98,False
pi_suncream_A000000248590,카르노신,99,False
pi_suncream_A000000248590,폴리실리콘-11,100,False
pi_suncream_A000000248590,폴리글리세릴-10스테아레이트,104,False
pi_suncream_A000000248590,쌀겨왁스,105,False
pi_suncream_A000000248590,향료,108,False
pi_suncream_A000000248590,소듐설파이트,109,False
pi_suncream_A000000248590,당근추출물,112,False
pi_suncream_A000000248590,레티놀,113,False
pi_suncream_A000000248590,알란토인,114,False
pi_suncream_A000000248590,글리세릴카프릴레이트,115,False
pi_suncream_A000000248590,소듐메타포스페이트,118,False
pi_suncream_A000000248590,소듐하이알루로네이트,126,False
pi_suncream_A000000248590,하이드롤라이즈드식물성단백질,128,False
pi_suncream_A000000248590,잔탄검,129,False
pi_suncream_A000000248590,하이드롤라이즈드하이알루로닉애씨드,131,False
pi_suncream_A000000248590,소듐하이알루로네이트크로스폴리머,133,False
pi_suncream_A000000248590,하이알루로닉애씨드,134,False
pi_suncream_A000000248590,소듐아세틸레이티드하이알루로네이트,135,False
pi_suncream_A000000248590,수용성콜라겐[프레쉬]정제수,136,False
pi_suncream_A000000248590,다이에틸헥실석시네이트,137,False
pi_suncream_A000000248590,드로메트리졸트리실록산,139,False
pi_suncream_A000000248590,에칠헥실트리아존,140,False
pi_suncream_A000000248590,테레프탈릴리덴디캠퍼설포닉애씨드,143,False
pi_suncream_A000000248590,베헤닐알코올,145,False
pi_suncream_A000000248590,페닐트라이메티콘,149,False
pi_suncream_A000000248590,카프릴릴메티콘,150,False
pi_suncream_A000000248590,폴리아크릴레이트크로스폴리머-6,151,False
pi_suncream_A000000248590,아라키딜알코올,152,False
pi_suncream_A000000248590,포타슘세틸포스페이트,153,False
pi_suncream_A000000248590,아라키딜글루코사이드,158,False
pi_suncream_A000000248590,이노시톨,162,False
pi_suncream_A000000248590,마데카소사이드,163,False
pi_suncream_A000000248590,비터오렌지꽃추출물,168,False
pi_suncream_A000000248590,소듐아세틸레이티드하이알루로네이트[멀티디펜스]정제수,179,False
pi_suncream_A000000248590,다이페닐실록시페닐트라이메티콘,189,False
pi_suncream_A000000248590,피이지-100스테아레이트,190,False
pi_suncream_A000000248590,C14-22알코올,195,False
pi_suncream_A000000248590,폴리아크릴레이트-13,197,False
pi_suncream_A000000248590,다이메티콘/비닐다이메티콘크로스폴리머,202,False
pi_suncream_A000000248590,C12-20알킬글루코사이드,205,False
pi_suncream_A000000248590,폴리아이소부텐,206,False
pi_suncream_A000000248590,C12-15알코올,207,False
pi_suncream_A000000248590,폴리솔베이트20,213,False
pi_suncream_A000000248590,리모넨,222,False
pi_suncream_A000000248590,리날룰,223,False
pi_suncream_A000000248590,모란추출물,226,False
pi_suncream_A000000248590,작약뿌리추출물,228,False
pi_suncream_A000000248590,작약꽃추출물,242,False
pi_suncream_A000000248590,칼슘클로라이드[익스트림포스레포츠]정제수,263,False
pi_suncream_A000000248590,사이클로펜타실록세인,273,False
pi_suncream_A000000248590,사이클로헥사실록세인,275,False
pi_suncream_A000000248590,폴리아크릴릭애씨드,286,False
pi_suncream_A000000248590,버지니아풍년화잎수,291,False
pi_suncream_A000000248590,칼슘판테테인설포네이트,292,False
pi_suncream_A000000248590,피이지-60하이드로제네이티드캐스터오일,298,False
pi_suncream_A000000248590,쇠비름추출물,304,False
pi_suncream_A000000248590,아스코빅애씨드,307,False
pi_suncream_A000000248590,카페익애씨드,308,False
pi_suncream_A000000248590,유비퀴논,309,False
pi_suncream_A000000248590,아크릴레이트/암모늄메타크릴레이트코폴리머,310,False
pi_suncream_A000000248590,카카오추출물,313,False
pi_suncream_A000000248590,에탄올,321,False
pi_suncream_A000000248590,소듐벤조에이트,324,False
pi_suncream_A000000248590,징크디엔에이,329,False
pi_suncream_A000000248590,콜레스테릴헥실다이카바메이트풀루란,339,False
pi_suncream_A000000188876,정제수,1,False
pi_suncream_A000000188876,쌀추출물,2,False
pi_suncream_A000000188876,다이부틸아디페이트,3,False
pi_suncream_A000000188876,프로판다이올,4,False
pi_suncream_A000000188876,디에칠아미노하이드록시벤조일헥실벤조에이트,5,False
pi_suncream_A000000188876,폴리메틸실세스퀴옥세인,6,False
pi_suncream_A000000188876,에칠헥실트리아존,7,False
pi_suncream_A000000188876,나이아신아마이드,8,False
pi_suncream_A000000188876,메칠렌비스-벤조트리아졸릴테트라메칠부틸페놀,9,False
pi_suncream_A000000188876,코코-카프릴레이트/카프레이트,10,False
pi_suncream_A000000188876,카프릴릴메티콘,11,False
pi_suncream_A000000188876,디에칠헥실부타미도트리아존,12,False
pi_suncream_A000000188876,글리세린,13,False
pi_suncream_A000000188876,부틸렌글라이콜,14,False
pi_suncream_A000000188876,쌀배아추출물,15,False
pi_suncream_A000000188876,녹차추출물,16,False
pi_suncream_A000000188876,락토바실러스/호박발효추출물,17,False
pi_suncream_A000000188876,바실러스/소이빈발효추출물,18,False
pi_suncream_A000000188876,사탕수수추출물,19,False
pi_suncream_A000000188876,자이언트켈프추출물,20,False
pi_suncream_A000000188876,코코넛야자열매추출물,21,False
pi_suncream_A000000188876,홍삼추출물,22,False
pi_suncream_A000000188876,홍차추출물,23,False
pi_suncream_A000000188876,모나스커스/쌀발효물,24,False
pi_suncream_A000000188876,펜틸렌글라이콜,25,False
pi_suncream_A000000188876,베헤닐알코올,26,False
pi_suncream_A000000188876,폴리C10-30알킬아크릴레이트,27,False
pi_suncream_A000000188876,폴리글리세릴-3메틸글루코오스다이스테아레이트,28,False
pi_suncream_A000000188876,데실글루코사이드,29,False
pi_suncream_A000000188876,트로메타민,30,False
pi_suncream_A000000188876,카보머,31,False
pi_suncream_A000000188876,아크릴레이트/C10-30알킬아크릴레이트크로스폴리머,32,False
pi_suncream_A000000188876,"1,2-헥산다이올",33,False
pi_suncream_A000000188876,소듐스테아로일글루타메이트,34,False
pi_suncream_A000000188876,폴리아크릴레이트크로스폴리머-6,35,False
pi_suncream_A000000188876,에틸헥실글리세린,36,False
pi_suncream_A000000188876,아데노신,37,False
pi_suncream_A000000188876,잔탄검,38,False
pi_suncream_A000000188876,토코페롤,39,False
pi_suncream_A000000188876,락토바실러스/쌀발효물,40,False
pi_suncream_A000000188876,아스퍼질러스발효물,41,False
pi_suncream_A000000188876,효모/쌀발효여과물,42,False
pi_suncream_A000000248226,정제수,1,False
pi_suncream_A000000248226,다이부틸아디페이트,2,False
pi_suncream_A000000248226,프로판다이올,3,False
pi_suncream_A000000248226,티타늄디옥사이드,4,False
pi_suncream_A000000248226,비스-에칠헥실옥시페놀메톡시페닐트리아진,5,False
pi_suncream_A000000248226,디에칠아미노하이드록시벤조일헥실벤조에이트,6,False
pi_suncream_A000000248226,에칠헥실트리아존,7,False
pi_suncream_A000000248226,폴리실리콘-15,8,False
pi_suncream_A000000248226,나이아신아마이드,9,False
pi_suncream_A000000248226,코코-카프릴레이트/카프레이트,10,False
pi_suncream_A000000248226,다이아이소프로필세바케이트,11,False
pi_suncream_A000000248226,폴리메틸실세스퀴옥세인,12,False
pi_suncream_A000000248226,부틸렌글라이콜,13,False
pi_suncream_A000000248226,"1,2-헥산다이올",14,False
pi_suncream_A000000248226,글리세린,15,False
pi_suncream_A000000248226,메칠렌비스-벤조트리아졸릴테트라메칠부틸페놀,16,False
pi_suncream_A000000248226,펜틸렌글라이콜,17,False
pi_suncream_A000000248226,아이소도데케인,18,False
pi_suncream_A000000248226,옥틸도데칸올,19,False
pi_suncream_A000000248226,포타슘세틸포스페이트,20,False
pi_suncream_A000000248226,베헤닐알코올,21,False
pi_suncream_A000000248226,폴리아크릴레이트크로스폴리머-6,22,False
pi_suncream_A000000248226,폴리글리세릴-3메틸글루코오스다이스테아레이트,23,False
pi_suncream_A000000248226,폴리C10-30알킬아크릴레이트,24,False
pi_suncream_A000000248226,트로메타민,25,False
pi_suncream_A000000248226,폴리글리세릴-4아이소스테아레이트,26,False
pi_suncream_A000000248226,황색산화철,27,False
pi_suncream_A000000248226,카보머,28,False
pi_suncream_A000000248226,데실글루코사이드,29,False
pi_suncream_A000000248226,아이소프로필티타늄트라이아이소스테아레이트,30,False
pi_suncream_A000000248226,알루미늄하이드록사이드,31,False
pi_suncream_A000000248226,아크릴레이트/C10-30알킬아크릴레이트크로스폴리머,32,False
pi_suncream_A000000248226,마이카,33,False
pi_suncream_A000000248226,폴리에스터-1,34,False
pi_suncream_A000000248226,소듐스테아로일글루타메이트,35,False
pi_suncream_A000000248226,에틸헥실글리세린,36,False
pi_suncream_A000000248226,적색산화철,37,False
pi_suncream_A000000248226,아데노신,38,False
pi_suncream_A000000248226,흑색산화철,39,False
pi_suncream_A000000248226,글루타티온,40,False
pi_suncream_A000000248226,실리카다이메틸실릴레이트,41,False
pi_suncream_A000000248226,잔탄검,42,False
pi_suncream_A000000248226,토코페롤,43,False
pi_suncream_A000000248226,알란토인,44,False
pi_suncream_A000000248226,사과세포배양추출물,45,False
pi_suncream_A000000248226,다이프로필렌글라이콜,46,False
pi_suncream_A000000248226,베타-글루칸,47,False
pi_suncream_A000000248226,하이드로제네이티드레시틴,48,False
pi_suncream_A000000248226,콜레스테롤,49,False
pi_suncream_A000000248226,키토산,50,False
pi_suncream_A000000248226,아스코빅애씨드,51,False
pi_suncream_A000000248226,3-O-에틸아스코빅애씨드,52,False
pi_suncream_A000000248226,아스코빌글루코사이드,53,False
pi_suncream_A000000248226,세라마이드엔피*글루타치온좀(Glutathiosome):식물유래이중지질막전달체에글루타치온을담지하여만든복합체30,54,False
pi_suncream_A000000248226,함유,55,False
pi_suncream_A000000163503,1.자작나무무기자차선크림(본품)정제수,1,False
pi_suncream_A000000163503,징크옥사이드,2,False
pi_suncream_A000000163503,사이클로헥사실록세인,3,False
pi_suncream_A000000163503,부틸옥틸살리실레이트,4,False
pi_suncream_A000000163503,프로판다이올,5,False
pi_suncream_A000000163503,프로필헵틸카프릴레이트,6,False
pi_suncream_A000000163503,아이소도데케인,7,False
pi_suncream_A000000163503,카프릴릴메티콘,8,False
pi_suncream_A000000163503,폴리글리세릴-3폴리다이메틸실록시에틸다이메티콘,9,False
pi_suncream_A000000163503,메틸메타크릴레이트크로스폴리머,10,False
pi_suncream_A000000163503,메틸트라이메티콘,11,False
pi_suncream_A000000163503,자작나무수액,12,False
pi_suncream_A000000163503,삼나무잎추출물,13,False
pi_suncream_A000000163503,연꽃잎추출물,14,False
pi_suncream_A000000163503,스키조사카로미세스발효여과물,15,False
pi_suncream_A000000163503,글리세릴글루코사이드,16,False
pi_suncream_A000000163503,소듐하이알루로네이트,17,False
pi_suncream_A000000163503,하이알루로닉애씨드,18,False
pi_suncream_A000000163503,글리세린,19,False
pi_suncream_A000000163503,부틸렌글라이콜,20,False
pi_suncream_A000000163503,트라이에톡시카프릴릴실레인,21,False
pi_suncream_A000000163503,개똥쑥추출물,22,False
pi_suncream_A000000163503,마트리카리아꽃오일,23,False
pi_suncream_A000000163503,구주소나무잎오일,24,False
pi_suncream_A000000163503,에틸헥실글리세린,25,False
pi_suncream_A000000163503,아스코빅애씨드,26,False
pi_suncream_A000000163503,토코페롤,27,False
pi_suncream_A000000163503,글리세릴카프릴레이트,28,False
pi_suncream_A000000163503,카프릴릴글라이콜,29,False
pi_suncream_A000000163503,폴리메틸실세스퀴옥세인,30,False
pi_suncream_A000000163503,라우릴폴리글리세릴-3폴리다이메틸실록시에틸다이메티콘,31,False
pi_suncream_A000000163503,"1,2-헥산다이올",32,False
pi_suncream_A000000163503,폴리글리세릴-2다이폴리하이드록시스테아레이트,33,False
pi_suncream_A000000163503,다이스테아다이모늄헥토라이트,34,False
pi_suncream_A000000163503,마그네슘설페이트2.자작나무수분클렌저(증정품)정제수,35,False
pi_suncream_A000000163503,소듐코코일알라니네이트,37,False
pi_suncream_A000000163503,라우릴하이드록시설테인,38,False
pi_suncream_A000000163503,다이소듐코코암포다이아세테이트,39,False
pi_suncream_A000000163503,소듐메틸코코일타우레이트,40,False
pi_suncream_A000000163503,아크릴레이트/C10-30알킬아크릴레이트크로스폴리머,41,False
pi_suncream_A000000163503,소듐클로라이드,46,False
pi_suncream_A000000163503,퀼라자껍질추출물,53,False
pi_suncream_A000000163503,코코-글루코사이드,55,False
pi_suncream_A000000163503,소듐코코일이세티오네이트,57,False
pi_suncream_A000000163503,헥실렌글라이콜,58,False
pi_suncream_A000000163503,시트릭애씨드,59,False
pi_suncream_A000000163503,다이소듐이디티에이,60,False
pi_suncream_A000000206827,정제수,1,False
pi_suncream_A000000206827,부틸렌글라이콜,2,False
pi_suncream_A000000206827,글리세린,3,False
pi_suncream_A000000206827,디에칠아미노하이드록시벤조일헥실벤조에이트,4,False
pi_suncream_A000000206827,호모살레이트,5,False
pi_suncream_A000000206827,에칠헥실살리실레이트,6,False
pi_suncream_A000000206827,메틸트라이메티콘,7,False
pi_suncream_A000000206827,부틸옥틸살리실레이트,8,False
pi_suncream_A000000206827,티타늄디옥사이드,9,False
pi_suncream_A000000206827,C12-15알킬벤조에이트,10,False
pi_suncream_A000000206827,비스-에칠헥실옥시페놀메톡시페닐트리아진,11,False
pi_suncream_A000000206827,폴리실리콘-15,12,False
pi_suncream_A000000206827,"1,2-헥산다이올",14,False
pi_suncream_A000000206827,세테아릴알코올,15,False
pi_suncream_A000000206827,실리카,16,False
pi_suncream_A000000206827,폴리C10-30알킬아크릴레이트,17,False
pi_suncream_A000000206827,하이드록시에틸아크릴레이트/소듐아크릴로일다이메틸타우레이트코폴리머,18,False
pi_suncream_A000000206827,알루미늄스테아레이트,19,False
pi_suncream_A000000206827,알루미나,20,False
pi_suncream_A000000206827,스테아릭애씨드,21,False
pi_suncream_A000000206827,폴리하이드록시스테아릭애씨드,22,False
pi_suncream_A000000206827,아크릴레이트/C10-30알킬아크릴레이트크로스폴리머,23,False
pi_suncream_A000000206827,알란토인,24,False
pi_suncream_A000000206827,글리세릴스테아레이트,25,False
pi_suncream_A000000206827,하이드로제네이티드레시틴,26,False
pi_suncream_A000000206827,카프릴릴글라이콜,27,False
pi_suncream_A000000206827,에틸헥실글리세린,28,False
pi_suncream_A000000206827,트로메타민,29,False
pi_suncream_A000000206827,알루미늄하이드록사이드,30,False
pi_suncream_A000000206827,폴리글리세릴-3메틸글루코오스다이스테아레이트,31,False
pi_suncream_A000000206827,팔미틱애씨드,32,False
pi_suncream_A000000206827,다이소듐이디티에이,33,False
pi_suncream_A000000206827,트라이에톡시카프릴릴실레인,34,False
pi_suncream_A000000206827,솔비탄아이소스테아레이트,35,False
pi_suncream_A000000206827,적색산화철,36,False
pi_suncream_A000000206827,하이드롤라이즈드하이알루로닉애씨드,37,False
pi_suncream_A000000206827,세라마이드엔피,38,False
pi_suncream_A000000206827,황색산화철,39,False
pi_suncream_A000000206827,미리스틱애씨드,40,False
pi_suncream_A000000206827,라우릭애씨드,41,False
pi_suncream_A000000206827,토코페롤,42,False
pi_lotion_A000000237493,정제수,1,False
pi_lotion_A000000237493,글리세린,2,False
pi_lotion_A000000237493,판테놀,3,False
pi_lotion_A000000237493,프로판다이올,4,False
pi_lotion_A000000237493,"1,2-헥산다이올",5,False
pi_lotion_A000000237493,다이프로필렌글라이콜,6,False
pi_lotion_A000000237493,하이드로제네이티드폴리데센,7,False
pi_lotion_A000000237493,퀸즈랜드넛오일,8,False
pi_lotion_A000000237493,나이아신아마이드,9,False
pi_lotion_A000000237493,카카두플럼추출물,10,False
pi_lotion_A000000237493,스쿠알란,11,False
pi_lotion_A000000237493,세테아릴올리베이트,12,False
pi_lotion_A000000237493,부틸렌글라이콜,13,False
pi_lotion_A000000237493,세테아릴알코올,14,False
pi_lotion_A000000237493,글리세릴스테아레이트,15,False
pi_lotion_A000000237493,솔비탄올리베이트,16,False
pi_lotion_A000000237493,카보머,17,False
pi_lotion_A000000237493,트로메타민,18,False
pi_lotion_A000000237493,하이드록시에틸아크릴레이트/소듐아크릴로일다이메틸타우레이트코폴리머,19,False
pi_lotion_A000000237493,카프릴릭/카프릭트라이글리세라이드,20,False
pi_lotion_A000000237493,토코페롤,21,False
pi_lotion_A000000237493,해바라기씨오일,22,False
pi_lotion_A000000237493,에틸헥실글리세린,23,False
pi_lotion_A000000237493,하이드로제네이티드레시틴,24,False
pi_lotion_A000000237493,락토바실러스/인삼뿌리발효여과물,25,False
pi_lotion_A000000237493,효모/감자추출물발효여과물,26,False
pi_lotion_A000000237493,아데노신,27,False
pi_lotion_A000000237493,락토바실러스/콩발효추출물,28,False
pi_lotion_A000000237493,락토바실러스/쌀발효물,29,False
pi_lotion_A000000237493,효모/율무씨발효여과물,30,False
pi_lotion_A000000237493,다이소듐이디티에이,31,False
pi_lotion_A000000237493,시어버터,32,False
pi_lotion_A000000237493,솔비탄아이소스테아레이트,33,False
pi_lotion_A000000237493,베타인,34,False
pi_lotion_A000000237493,세라마이드엔피,35,False
pi_lotion_A000000237493,하이알루로닉애씨드,36,False
pi_lotion_A000000237493,하이드롤라이즈드하이알루로닉애씨드,37,False
pi_lotion_A000000237493,소듐하이알루로네이트,38,False
pi_lotion_A000000237493,펜틸렌글라이콜,39,False
pi_lotion_A000000237493,마데카소사이드,40,False
pi_lotion_A000000237493,콜레스테롤,41,False
pi_lotion_A000000237493,세라마이드에이피,42,False
pi_lotion_A000000237493,세라마이드엔에스,43,False
pi_lotion_A000000237493,세라마이드에이에스,44,False
pi_lotion_A000000237493,데실글루코사이드,45,False
pi_lotion_A000000237493,유칼립투스잎추출물,46,False
pi_lotion_A000000237493,카프릴릴글라이콜,47,False
pi_lotion_A000000237493,병풀추출물,48,False
pi_lotion_A000000237493,아시아티코사이드,49,False
pi_lotion_A000000237493,아시아틱애씨드,50,False
pi_lotion_A000000237493,마데카식애씨드,51,False
pi_lotion_A000000237493,피토스핑고신,52,False
pi_lotion_A000000237493,세라마이드이오피,53,False
pi_lotion_A000000222834,정제수,1,False
pi_lotion_A000000222834,부틸렌글라이콜,2,False
pi_lotion_A000000222834,글리세린,3,False
pi_lotion_A000000222834,다이메티콘,4,False
pi_lotion_A000000222834,스쿠알란,5,False
pi_lotion_A000000222834,펜타에리스리틸테트라아이소스테아레이트,6,False
pi_lotion_A000000222834,베타인,7,False
pi_lotion_A000000222834,폴리글리세릴-3메틸글루코오스다이스테아레이트,8,False
pi_lotion_A000000222834,부틸렌글라이콜다이카프릴레이트/다이카프레이트,9,False
pi_lotion_A000000222834,카프릴릭/카프릭트라이글리세라이드,10,False
pi_lotion_A000000222834,팔미틱애씨드,11,False
pi_lotion_A000000222834,"1,2-헥산다이올",12,False
pi_lotion_A000000222834,스테아릭애씨드,13,False
pi_lotion_A000000222834,하이드록시에틸아크릴레이트/소듐아크릴로일다이메틸타우레이트코폴리머,14,False
pi_lotion_A000000222834,글리세릴스테아레이트,15,False
pi_lotion_A000000222834,하이드록시프로필비스팔미타마이드엠이에이,16,False
pi_lotion_A000000222834,글리세릴스테아레이트시트레이트,17,False
pi_lotion_A000000222834,콜레스테롤,18,False
pi_lotion_A000000222834,나이아신아마이드,19,False
pi_lotion_A000000222834,다이메티콘올,20,False
pi_lotion_A000000222834,하이드록시프로필비스라우라마이드엠이에이,21,False
pi_lotion_A000000222834,베헤닐알코올,22,False
pi_lotion_A000000222834,글리세릴카프릴레이트,23,False
pi_lotion_A000000222834,카보머,24,False
pi_lotion_A000000222834,다이소듐이디티에이,25,False
pi_lotion_A000000222834,에틸헥실글리세린,26,False
pi_lotion_A000000222834,트로메타민,27,False
pi_lotion_A000000222834,솔비탄아이소스테아레이트,28,False
pi_lotion_A000000222834,피토스핑고신,29,False
pi_lotion_A000000222834,만니톨,30,False
pi_lotion_A000000222834,세라마이드엔피,31,False
pi_lotion_A000000222834,토코페롤,32,False
pi_lotion_A000000222834,하이드로제네이티드레시틴,33,False
pi_lotion_A000000222834,아크릴레이트/암모늄메타크릴레이트코폴리머,34,False
pi_lotion_A000000222834,실리카,35,False
pi_lotion_A000000222834,스핑고리피드,36,False
pi_lotion_A000000222834,아라키딕애씨드,37,False
pi_lotion_A000000222834,올레익애씨드,38,False
pi_lotion_A000000258468,정제수,1,False
pi_lotion_A000000258468,글리세린,2,False
pi_lotion_A000000258468,카프릴릭/카프릭트라이글리세라이드,3,False
pi_lotion_A000000258468,부틸렌글라이콜,4,False
pi_lotion_A000000258468,"1,2-헥산다이올",5,False
pi_lotion_A000000258468,나이아신아마이드,6,False
pi_lotion_A000000258468,캐스터오일/아이피디아이코폴리머,7,False
pi_lotion_A000000258468,폴리글리세린-3,8,False
pi_lotion_A000000258468,판테놀,9,False
pi_lotion_A000000258468,세테아릴알코올,10,False
pi_lotion_A000000258468,카보머,11,False
pi_lotion_A000000258468,암모늄아크릴로일다이메틸타우레이트/브이피코폴리머,12,False
pi_lotion_A000000258468,트로메타민,13,False
pi_lotion_A000000258468,에틸헥실글리세린,14,False
pi_lotion_A000000258468,아데노신,15,False
pi_lotion_A000000258468,바쿠치올,16,False
pi_lotion_A000000258468,구아이아줄렌,17,False
pi_lotion_A000000258468,흰무늬엉겅퀴씨추출물,18,False
pi_lotion_A000000258468,엑토인,19,False
pi_lotion_A000000258468,하이드로제네이티드레시틴,20,False
pi_lotion_A000000258468,폴리글리세릴-10미리스테이트,21,False
pi_lotion_A000000258468,소듐클로라이드,22,False
pi_lotion_A000000258468,프로판다이올,23,False
pi_lotion_A000000258468,소듐디엔에이,24,False
pi_lotion_A000000258468,락토바실러스발효용해물,25,False
pi_lotion_A000000258468,폴리글리세릴-10라우레이트,26,False
pi_lotion_A000000258468,벤질글라이콜,27,False
pi_lotion_A000000258468,하이드롤라이즈드글라이코사미노글리칸,28,False
pi_lotion_A000000258468,소듐하이알루로네이트,29,False
pi_lotion_A000000258468,소듐하이알루로네이트크로스폴리머,30,False
pi_lotion_A000000258468,하이드롤라이즈드하이알루로닉애씨드,31,False
pi_lotion_A000000258468,하이드록시프로필트라이모늄하이알루로네이트,32,False
pi_lotion_A000000258468,헥사펩타이드-9,33,False
pi_lotion_A000000258468,아세틸테트라펩타이드-5,34,False
pi_lotion_A000000258468,헥사펩타이드-11,35,False
pi_lotion_A000000258468,아세틸테트라펩타이드-2,36,False
pi_lotion_A000000258468,팔미토일펜타펩타이드-4,37,False
pi_lotion_A000000258468,트라이펩타이드-1,38,False
pi_lotion_A000000258468,카퍼트라이펩타이드-1,39,False
pi_lotion_A000000258468,아세틸헥사펩타이드-8,40,False
pi_lotion_A000000258468,팔미토일테트라펩타이드-7,41,False
pi_lotion_A000000258468,하이알루로닉애씨드,42,False
pi_lotion_A000000258468,콜라겐추출물,43,False
pi_lotion_A000000258468,알라닌/히스티딘/라이신폴리펩타이드카퍼에이치씨엘,44,False
pi_lotion_A000000258468,트라이펩타이드-32,45,False
pi_lotion_A000000258468,소듐아세틸레이티드하이알루로네이트,46,False
pi_lotion_A000000258468,다이소듐이디티에이,47,False
pi_lotion_A000000243499,정제수,1,False
pi_lotion_A000000243499,프로판다이올,2,False
pi_lotion_A000000243499,글리세린,3,False
pi_lotion_A000000243499,카프릴릭/카프릭트라이글리세라이드,4,False
pi_lotion_A000000243499,부틸렌글라이콜,5,False
pi_lotion_A000000243499,세틸에틸헥사노에이트,6,False
pi_lotion_A000000243499,페닐트라이메티콘,7,False
pi_lotion_A000000243499,"1,2-헥산다이올",8,False
pi_lotion_A000000243499,폴리솔베이트60,9,False
pi_lotion_A000000243499,알지닌,10,False
pi_lotion_A000000243499,카보머,11,False
pi_lotion_A000000243499,하이드록시에틸우레아,12,False
pi_lotion_A000000243499,하이드록시아세토페논,13,False
pi_lotion_A000000243499,황련뿌리추출물,14,False
pi_lotion_A000000243499,에틸헥실글리세린,15,False
pi_lotion_A000000243499,호호바씨오일,16,False
pi_lotion_A000000243499,판테놀,17,False
pi_lotion_A000000243499,칸디다봄비콜라/글루코오스/메틸레이프씨데이트발효물,18,False
pi_lotion_A000000243499,해바라기씨오일,19,False
pi_lotion_A000000243499,다이프로필렌글라이콜,20,False
pi_lotion_A000000243499,소듐하이알루로네이트,21,False
pi_lotion_A000000243499,하이알루로닉애씨드,22,False
pi_lotion_A000000243499,하이드롤라이즈드하이알루로닉애씨드,23,False
pi_lotion_A000000243499,세라마이드엔피,24,False
pi_lotion_A000000243499,하이드로제네이티드레시틴,25,False
pi_lotion_A000000243499,하이드롤라이즈드콜라겐,26,False
pi_lotion_A000000243499,펜틸렌글라이콜,27,False
pi_lotion_A000000243499,에톡시다이글라이콜,28,False
pi_lotion_A000000243499,레시틴,29,False
pi_lotion_A000000243499,소듐하이알루로네이트크로스폴리머,30,False
pi_lotion_A000000243499,아세틸글루타민,31,False
pi_lotion_A000000243499,보리지추출물,32,False
pi_lotion_A000000243499,몰로키아잎추출물,33,False
pi_lotion_A000000243499,당근추출물,34,False
pi_lotion_A000000243499,마테잎추출물,35,False
pi_lotion_A000000243499,마데카소사이드,36,False
pi_lotion_A000000243499,판토테닉애씨드,37,False
pi_lotion_A000000243499,데실글루코사이드,38,False
pi_lotion_A000000243499,아시아티코사이드,39,False
pi_lotion_A000000243499,바실러스/소이빈발효추출물,40,False
pi_lotion_A000000243499,아시아틱애씨드,41,False
pi_lotion_A000000243499,카프릴릴글라이콜,42,False
pi_lotion_A000000243499,마데카식애씨드,43,False
pi_lotion_A000000243499,폴리글루타믹애씨드,44,False
pi_lotion_A000000243499,자일로오스,45,False
pi_lotion_A000000243499,폴릭애씨드,46,False
pi_lotion_A000000243499,병풀추출물,47,False
pi_lotion_A000000243499,헥사펩타이드-11,48,False
pi_lotion_A000000243499,올리고펩타이드-1,49,False
pi_lotion_A000000243499,올리고펩타이드-2,50,False
pi_lotion_A000000243499,올리고펩타이드-3,51,False
pi_lotion_A000000243499,아세틸헥사펩타이드-8,52,False
pi_lotion_A000000243499,귀리펩타이드,53,False
pi_lotion_A000000243499,카퍼트라이펩타이드-1,54,False
pi_lotion_A000000243499,팔미토일헥사펩타이드-12,55,False
pi_lotion_A000000243499,팔미토일펜타펩타이드-4,56,False
pi_lotion_A000000243499,팔미토일테트라펩타이드-7,57,False
pi_lotion_A000000243499,팔미토일트라이펩타이드-1,58,False
pi_lotion_A000000243499,트라이펩타이드-1,59,False
pi_lotion_A000000137488,올인원:정제수페퍼민트잎수변성알코올프로필렌글라이콜글리세린부틸렌글라이콜피이지-20피이지-8피피지-6-데실테트라데세스-30비스-피이지-18메틸에터다이메틸실레인카보머페녹시에탄올향료프로판다이올에틸헥실글리세린포타슘하이드록사이드멘톨아데노신알지닌시트릭애씨드살리실릭애씨드리날룰리모넨알테로모나스발효추출물비트레오스실라발효물벤질살리실레이트하이드록시시트로넬알시트로넬올쿠마린토코페롤올인원스틱:정제수다이카프릴릴카보네이트부틸렌글라이콜아이소데실네오펜타노에이트합성왁스다이메티콘마이크로크리스탈린왁스글리세린나이아신아마이드라우릴피이지-8다이메티콘소듐클로라이드다이프로필렌글라이콜1,1,False
pi_lotion_A000000137488,2-헥산다이올카프릴릭/카프릭트라이글리세라이드솔비탄세스퀴올리에이트글리세릴카프릴레이트다이메티콘/피이지-10/15크로스폴리머토코페롤멘톨멘틸락테이트향료스테아랄코늄헥토라이트소듐하이알루로네이트세라마이드엔피프로필렌카보네이트아데노신비트레오스실라발효물티타늄디옥사이드리날룰리모넨크로뮴옥사이드그린울트라마린소듐시트레이트벤질살리실레이트하이드록시시트로넬알시트로넬올트라이에톡시카프릴릴실레인알루미늄하이드록사이드아쿠아피트니스샤워젤:정제수소듐라우레스설페이트하이드로제네이티드스타치하이드롤리세이트수크로오스코코-베타인소듐클로라이드향료시트릭애씨드해수소듐하이드록사이드비트레오스실라발효물헥실렌글라이콜시트랄황색4호청색1호페녹시에탄올살리실릭애씨드소듐벤조에이트,2,False
pi_lotion_A000000228952,정제수,1,False
pi_lotion_A000000228952,글리세린,2,False
pi_lotion_A000000228952,나이아신아마이드,3,False
pi_lotion_A000000228952,프로판다이올,4,False
pi_lotion_A000000228952,"1,2-헥산다이올",5,False
pi_lotion_A000000228952,베타인,6,False
pi_lotion_A000000228952,판테놀,7,False
pi_lotion_A000000228952,병풀추출물,8,False
pi_lotion_A000000228952,아시아티코사이드,9,False
pi_lotion_A000000228952,마데카식애씨드,10,False
pi_lotion_A000000228952,아시아틱애씨드,11,False
pi_lotion_A000000228952,마데카소사이드,12,False
pi_lotion_A000000228952,아데노신,13,False
pi_lotion_A000000228952,알란토인,14,False
pi_lotion_A000000228952,쓴풀추출물,15,False
pi_lotion_A000000228952,푸른연꽃추출물,16,False
pi_lotion_A000000228952,락토바실러스발효물,17,False
pi_lotion_A000000228952,접시꽃추출물,18,False
pi_lotion_A000000228952,알지닌,19,False
pi_lotion_A000000228952,칼슘판토테네이트,20,False
pi_lotion_A000000228952,징크피씨에이,21,False
pi_lotion_A000000228952,팔미토일다이펩타이드-7,22,False
pi_lotion_A000000228952,아세틸헥사펩타이드-8,23,False
pi_lotion_A000000228952,히비스커스꽃추출물,24,False
pi_lotion_A000000228952,참마뿌리추출물,25,False
pi_lotion_A000000228952,제비꽃꽃추출물,26,False
pi_lotion_A000000228952,콘민트추출물,27,False
pi_lotion_A000000228952,글리세릴글루코사이드,28,False
pi_lotion_A000000228952,폴리글리세린-3,29,False
pi_lotion_A000000228952,다이포타슘글리시리제이트,30,False
pi_lotion_A000000228952,카르노신,31,False
pi_lotion_A000000228952,하이드록시에틸아크릴레이트/소듐아크릴로일다이메틸타우레이트코폴리머,32,False
pi_lotion_A000000228952,암모늄아크릴로일다이메틸타우레이트/브이피코폴리머,33,False
pi_lotion_A000000228952,아크릴레이트/C10-30알킬아크릴레이트크로스폴리머,34,False
pi_lotion_A000000228952,솔비탄아이소스테아레이트,35,False
pi_lotion_A000000228952,"2,3-부탄다이올",36,False
pi_lotion_A000000228952,아이소펜틸다이올,37,False
pi_lotion_A000000228952,폴리글리세릴-4올리에이트,38,False
pi_lotion_A000000228952,옥틸도데칸올,39,False
pi_lotion_A000000228952,페닐트라이메티콘,40,False
pi_lotion_A000000228952,카프릴로일살리실릭애씨드,41,False
pi_lotion_A000000228952,글루코닉애씨드,42,False
pi_lotion_A000000228952,비닐다이메티콘,43,False
pi_lotion_A000000228952,카프릴릴메티콘,44,False
pi_lotion_A000000228952,폴리실리콘-11,45,False
pi_lotion_A000000228952,소듐스테아로일글루타메이트,46,False
pi_lotion_A000000228952,소듐서팩틴,47,False
pi_lotion_A000000228952,소듐아세테이트,48,False
pi_lotion_A000000228952,솔비탄스테아레이트,49,False
pi_lotion_A000000228952,피토스테롤,50,False
pi_lotion_A000000228952,카보머,51,False
pi_lotion_A000000228952,에틸헥실글리세린,52,False
pi_lotion_A000000228952,콥티스뿌리추출물,53,False
pi_lotion_A000000228952,말라카이트추출물,54,False
pi_lotion_A000000228228,정제수,1,False
pi_lotion_A000000228228,글리세린,2,False
pi_lotion_A000000228228,에틸헥실스테아레이트,3,False
pi_lotion_A000000228228,"1,2-헥산다이올",4,False
pi_lotion_A000000228228,메틸프로판다이올,5,False
pi_lotion_A000000228228,나이아신아마이드,6,False
pi_lotion_A000000228228,메틸트라이메티콘,7,False
pi_lotion_A000000228228,변성알코올,8,False
pi_lotion_A000000228228,폴리글리세릴-3다이스테아레이트,9,False
pi_lotion_A000000228228,베타인,10,False
pi_lotion_A000000228228,세테아릴알코올,11,False
pi_lotion_A000000228228,판테놀,12,False
pi_lotion_A000000228228,다시마추출물,13,False
pi_lotion_A000000228228,한련초잎추출물,14,False
pi_lotion_A000000228228,콜라겐추출물,15,False
pi_lotion_A000000228228,소듐하이알루로네이트,16,False
pi_lotion_A000000228228,하이드로제네이티드레시틴,17,False
pi_lotion_A000000228228,글리세릴스테아레이트,18,False
pi_lotion_A000000228228,카보머,19,False
pi_lotion_A000000228228,다이프로필렌글라이콜,20,False
pi_lotion_A000000228228,알지닌,21,False
pi_lotion_A000000228228,글리세릴스테아레이트시트레이트,22,False
pi_lotion_A000000228228,에틸헥실글리세린,23,False
pi_lotion_A000000228228,소듐스테아로일글루타메이트,24,False
pi_lotion_A000000228228,아데노신,25,False
pi_lotion_A000000228228,스키조사카로미세스발효여과물,26,False
pi_lotion_A000000228228,다이소듐이디티에이,27,False
pi_lotion_A000000228228,프룩토올리고사카라이드,28,False
pi_lotion_A000000228228,부틸렌글라이콜,29,False
pi_lotion_A000000228228,베타-글루칸,30,False
pi_lotion_A000000228228,하이드롤라이즈드하이알루로닉애씨드,31,False
pi_lotion_A000000228228,카프릴릭/카프릭트라이글리세라이드,32,False
pi_lotion_A000000228228,레티놀,33,False
pi_lotion_A000000228228,에이치디아이/트라이메틸올헥실락톤크로스폴리머,34,False
pi_lotion_A000000228228,하이드롤라이즈드엘라스틴,35,False
pi_lotion_A000000228228,폴리비닐알코올,36,False
pi_lotion_A000000228228,토코페롤,37,False
pi_lotion_A000000228228,카프릴릴글라이콜,38,False
pi_lotion_A000000228228,아세틸테트라펩타이드-5,39,False
pi_lotion_A000000228228,잔탄검,40,False
pi_lotion_A000000228228,페닐프로판올,41,False
pi_lotion_A000000228228,향료,42,False
pi_lotion_A000000161508,정제수,1,False
pi_lotion_A000000161508,글리세린,2,False
pi_lotion_A000000161508,퀸즈랜드넛오일,3,False
pi_lotion_A000000161508,"1,2-헥산다이올",4,False
pi_lotion_A000000161508,펜틸렌글라이콜,5,False
pi_lotion_A000000161508,아이리쉬모스추출물,6,False
pi_lotion_A000000161508,사탕수수추출물,7,False
pi_lotion_A000000161508,해수,8,False
pi_lotion_A000000161508,하이알루로닉애씨드,9,False
pi_lotion_A000000161508,하이드롤라이즈드하이알루로닉애씨드,10,False
pi_lotion_A000000161508,소듐하이알루로네이트,11,False
pi_lotion_A000000161508,판테놀,12,False
pi_lotion_A000000161508,스쿠알란,13,False
pi_lotion_A000000161508,부틸렌글라이콜,14,False
pi_lotion_A000000161508,폴리글리세릴-3메틸글루코오스다이스테아레이트,15,False
pi_lotion_A000000161508,글리세릴스테아레이트,16,False
pi_lotion_A000000161508,하이드로제네이티드폴리데센,17,False
pi_lotion_A000000161508,하이드록시에틸아크릴레이트/소듐아크릴로일다이메틸타우레이트코폴리머,18,False
pi_lotion_A000000161508,호호바에스터,19,False
pi_lotion_A000000161508,카프릴릴글라이콜,20,False
pi_lotion_A000000161508,트로메타민,21,False
pi_lotion_A000000161508,소듐파이테이트,22,False
pi_lotion_A000000161508,토코페롤,23,False
pi_lotion_A000000161508,소듐카복시메틸베타-글루칸,24,False
pi_lotion_A000000161508,에틸헥실글리세린,25,False
pi_lotion_A000000161508,세테아릴알코올,26,False
pi_lotion_A000000161508,카보머,27,False
pi_lotion_A000000250298,정제수,1,False
pi_lotion_A000000250298,다이프로필렌글라이콜,2,False
pi_lotion_A000000250298,메틸프로판다이올,3,False
pi_lotion_A000000250298,"1,2-헥산다이올",4,False
pi_lotion_A000000250298,글리세레스-26,5,False
pi_lotion_A000000250298,나이아신아마이드,6,False
pi_lotion_A000000250298,사이클로헥사실록세인,7,False
pi_lotion_A000000250298,글리세린,8,False
pi_lotion_A000000250298,카프릴릭/카프릭트라이글리세라이드,9,False
pi_lotion_A000000250298,다시마추출물,10,False
pi_lotion_A000000250298,한련초잎추출물,11,False
pi_lotion_A000000250298,실버위드추출물,12,False
pi_lotion_A000000250298,귀리커넬추출물,13,False
pi_lotion_A000000250298,아티초크잎추출물,14,False
pi_lotion_A000000250298,목면꽃추출물,15,False
pi_lotion_A000000250298,감나무잎추출물,16,False
pi_lotion_A000000250298,포도추출물,17,False
pi_lotion_A000000250298,잇꽃꽃추출물,18,False
pi_lotion_A000000250298,커피콩추출물,19,False
pi_lotion_A000000250298,호장근뿌리추출물,20,False
pi_lotion_A000000250298,녹차추출물,21,False
pi_lotion_A000000250298,밤껍질추출물,22,False
pi_lotion_A000000250298,초피나무열매추출물,23,False
pi_lotion_A000000250298,하이드로제네이티드레시틴,24,False
pi_lotion_A000000250298,녹차수,25,False
pi_lotion_A000000250298,소듐하이알루로네이트,26,False
pi_lotion_A000000250298,암모늄아크릴로일다이메틸타우레이트/브이피코폴리머,27,False
pi_lotion_A000000250298,아크릴레이트/C10-30알킬아크릴레이트크로스폴리머,28,False
pi_lotion_A000000250298,트로메타민,29,False
pi_lotion_A000000250298,에틸헥실글리세린,30,False
pi_lotion_A000000250298,글리세릴폴리메타크릴레이트,31,False
pi_lotion_A000000250298,아데노신,32,False
pi_lotion_A000000250298,프룩토올리고사카라이드,33,False
pi_lotion_A000000250298,베타-글루칸,34,False
pi_lotion_A000000250298,폴리쿼터늄-51,35,False
pi_lotion_A000000250298,하이드롤라이즈드하이알루로닉애씨드,36,False
pi_lotion_A000000250298,부틸렌글라이콜,37,False
pi_lotion_A000000250298,락토바실러스발효물,38,False
pi_lotion_A000000250298,토코페롤,39,False
pi_lotion_A000000250298,카프릴릴글라이콜,40,False
pi_lotion_A000000250298,프로판다이올,41,False
pi_lotion_A000000250298,하이드롤라이즈드소듐하이알루로네이트,42,False
pi_lotion_A000000250298,수크로오스다이스테아레이트,43,False
pi_lotion_A000000250298,하이드록시프로필사이클로덱스트린,44,False
pi_lotion_A000000250298,향료,45,False
pi_lotion_A000000230522,정제수,1,False
pi_lotion_A000000230522,글리세린,2,False
pi_lotion_A000000230522,부틸렌글라이콜,3,False
pi_lotion_A000000230522,카프릴릭/카프릭트라이글리세라이드,4,False
pi_lotion_A000000230522,"1,2-헥산다이올",5,False
pi_lotion_A000000230522,판테놀,6,False
pi_lotion_A000000230522,아데노신,7,False
pi_lotion_A000000230522,소듐하이알루로네이트,8,False
pi_lotion_A000000230522,하이드롤라이즈드하이알루로닉애씨드,9,False
pi_lotion_A000000230522,소듐아세틸레이티드하이알루로네이트,10,False
pi_lotion_A000000230522,소듐하이알루로네이트크로스폴리머,11,False
pi_lotion_A000000230522,하이드롤라이즈드소듐하이알루로네이트,12,False
pi_lotion_A000000230522,알란토인,13,False
pi_lotion_A000000230522,징크피씨에이,14,False
pi_lotion_A000000230522,글리세레스-26,15,False
pi_lotion_A000000230522,펜틸렌글라이콜,16,False
pi_lotion_A000000230522,"2,3-부탄다이올",17,False
pi_lotion_A000000230522,우레아,18,False
pi_lotion_A000000230522,트로메타민,19,False
pi_lotion_A000000230522,하이드록시에틸아크릴레이트/소듐아크릴로일다이메틸타우레이트코폴리머,20,False
pi_lotion_A000000230522,하이드록시에틸우레아,21,False
pi_lotion_A000000230522,C12-20알킬글루코사이드,22,False
pi_lotion_A000000230522,잔탄검,23,False
pi_lotion_A000000230522,다이소듐이디티에이,24,False
pi_lotion_A000000230522,아크릴레이트/C10-30알킬아크릴레이트크로스폴리머,25,False
pi_lotion_A000000230522,글리세릴아크릴레이트/아크릴릭애씨드코폴리머,26,False
pi_lotion_A000000230522,피브이엠/엠에이코폴리머,27,False
pi_lotion_A000000230522,솔비탄아이소스테아레이트,28,False
pi_lotion_A000000230522,소듐아세테이트,29,False
pi_lotion_A000000230522,비닐다이메티콘,30,False
pi_lotion_A000000230522,C14-22알코올,31,False
pi_lotion_A000000230522,다이펩타이드-2,32,False
pi_lotion_A000000230522,글루코오스,33,False
pi_lotion_A000000230522,에틸헥실글리세린,34,False
pi_lotion_A000000225493,정제수,1,False
pi_lotion_A000000225493,다이메티콘,2,False
pi_lotion_A000000225493,글리세린,3,False
pi_lotion_A000000225493,부틸렌글라이콜,4,False
pi_lotion_A000000225493,폴리실리콘-11,5,False
pi_lotion_A000000225493,폴리솔베이트40,6,False
pi_lotion_A000000225493,수크로오스,7,False
pi_lotion_A000000225493,실리카,8,False
pi_lotion_A000000225493,폴리아크릴레이트크로스폴리머-6,9,False
pi_lotion_A000000225493,베타인,10,False
pi_lotion_A000000225493,아세틸글루코사민,11,False
pi_lotion_A000000225493,비닐다이메티콘/메티콘실세스퀴옥세인크로스폴리머,12,False
pi_lotion_A000000225493,창과감초뿌리추출물,13,False
pi_lotion_A000000225493,사발팜열매추출물,14,False
pi_lotion_A000000225493,슈가켈프추출물,15,False
pi_lotion_A000000225493,살리실릭애씨드,16,False
pi_lotion_A000000225493,조류추출물,17,False
pi_lotion_A000000225493,락토바실러스발효물,18,False
pi_lotion_A000000225493,소듐하이알루로네이트,19,False
pi_lotion_A000000225493,카페인,20,False
pi_lotion_A000000225493,비사보롤,21,False
pi_lotion_A000000225493,트레할로오스,22,False
pi_lotion_A000000225493,오이열매추출물,23,False
pi_lotion_A000000225493,돌콩추출물,24,False
pi_lotion_A000000225493,사과추출물,25,False
pi_lotion_A000000225493,구름버섯추출물,26,False
pi_lotion_A000000225493,황금추출물,27,False
pi_lotion_A000000225493,시트릭애씨드,28,False
pi_lotion_A000000225493,징크피씨에이,29,False
pi_lotion_A000000225493,소듐설파이트,30,False
pi_lotion_A000000225493,소듐메타바이설파이트,31,False
pi_lotion_A000000225493,소듐시트레이트,32,False
pi_lotion_A000000225493,다이소듐이디티에이,33,False
pi_lotion_A000000225493,페녹시에탄올,34,False
pi_lotion_A000000225493,포타슘솔베이트,35,False
pi_lotion_A000000225493,카프릴릴글라이콜,36,False
pi_lotion_A000000225493,소듐하이드록사이드,37,False
pi_lotion_A000000225493,미리스틸알코올,38,False
pi_lotion_A000000225493,세틸알코올,39,False
pi_lotion_A000000225493,피이지/피피지-18/18다이메티콘,40,False
pi_lotion_A000000225493,피이지-10다이메티콘,41,False
pi_lotion_A000000225493,향료,42,False
pi_lotion_A000000225493,적색504호,43,False
pi_lotion_A000000225493,황색4호,44,False
pi_lotion_A000000225493,청색1호제공된성분은동일제품이라도경우에따라변경될수있습니다.최신정보는제품포장의성분을참고하시거나본사고객관리지원팀으로연락부탁드립니다,45,False
pi_lotion_A000000223781,정제수,1,False
pi_lotion_A000000223781,나이아신아마이드,2,False
pi_lotion_A000000223781,카프릴릴메티콘,3,False
pi_lotion_A000000223781,메틸프로판다이올,4,False
pi_lotion_A000000223781,아이소도데케인,5,False
pi_lotion_A000000223781,"1,2-헥산다이올",6,False
pi_lotion_A000000223781,다이프로필렌글라이콜,7,False
pi_lotion_A000000223781,프로판다이올,8,False
pi_lotion_A000000223781,글리세린,9,False
pi_lotion_A000000223781,카프릴릭/카프릭트라이글리세라이드,10,False
pi_lotion_A000000223781,하이드로제네이티드폴리(C6-14올레핀),11,False
pi_lotion_A000000223781,폴리글리세릴-2스테아레이트,12,False
pi_lotion_A000000223781,C14-22알코올,13,False
pi_lotion_A000000223781,다이메티콘/비닐다이메티콘크로스폴리머,14,False
pi_lotion_A000000223781,글리세릴스테아레이트,15,False
pi_lotion_A000000223781,C12-16알코올,16,False
pi_lotion_A000000223781,부틸렌글라이콜,17,False
pi_lotion_A000000223781,스테아릴알코올,18,False
pi_lotion_A000000223781,소듐폴리아크릴로일다이메틸타우레이트,19,False
pi_lotion_A000000223781,아크릴레이트/C10-30알킬아크릴레이트크로스폴리머,20,False
pi_lotion_A000000223781,암모늄아크릴로일다이메틸타우레이트/브이피코폴리머,21,False
pi_lotion_A000000223781,팔미틱애씨드,22,False
pi_lotion_A000000223781,하이드로제네이티드레시틴,23,False
pi_lotion_A000000223781,C12-20알킬글루코사이드,24,False
pi_lotion_A000000223781,소듐하이알루로네이트,25,False
pi_lotion_A000000223781,아데노신,26,False
pi_lotion_A000000223781,트로메타민,27,False
pi_lotion_A000000223781,병풀추출물,28,False
pi_lotion_A000000223781,잔탄검,29,False
pi_lotion_A000000223781,호장근뿌리추출물,30,False
pi_lotion_A000000223781,황금추출물,31,False
pi_lotion_A000000223781,다이소듐이디티에이,32,False
pi_lotion_A000000223781,녹차추출물,33,False
pi_lotion_A000000223781,스페인감초뿌리추출물,34,False
pi_lotion_A000000223781,로즈마리잎추출물,35,False
pi_lotion_A000000223781,마트리카리아꽃추출물,36,False
pi_lotion_A000000223781,글루코노락톤,37,False
pi_lotion_A000000223781,마데카소사이드,38,False
pi_lotion_A000000223781,말토덱스트린,39,False
pi_lotion_A000000223781,세라마이드엔피,40,False
pi_lotion_A000000223781,티트리잎오일,41,False
pi_lotion_A000000223781,화이트티트리잎추출물,42,False
pi_lotion_A000000223781,스키산드라스페난테라열매추출물,43,False
pi_lotion_A000000223781,아보카도열매추출물,44,False
pi_lotion_A000000223781,아시아티코사이드,45,False
pi_lotion_A000000223781,마데카식애씨드,46,False
pi_lotion_A000000223781,아시아틱애씨드,47,False
pi_lotion_A000000223781,다시마추출물,48,False
pi_lotion_A000000223781,당느릅나무뿌리추출물,49,False
pi_lotion_A000000223781,알로에베라잎추출물,50,False
pi_lotion_A000000223781,제비꽃꽃추출물,51,False
pi_lotion_A000000223781,참마뿌리추출물,52,False
pi_lotion_A000000248426,약모밀꽃/잎/줄기수,1,False
pi_lotion_A000000248426,글리세린,2,False
pi_lotion_A000000248426,에틸헥실스테아레이트,3,False
pi_lotion_A000000248426,"1,2-헥산다이올",4,False
pi_lotion_A000000248426,글리세릴스테아레이트시트레이트,5,False
pi_lotion_A000000248426,메틸프로판다이올,6,False
pi_lotion_A000000248426,백미꽃추출물,7,False
pi_lotion_A000000248426,접시꽃추출물,8,False
pi_lotion_A000000248426,메틸트라이메티콘,9,False
pi_lotion_A000000248426,펜틸렌글라이콜,10,False
pi_lotion_A000000248426,하이드로제네이티드폴리(C6-14올레핀),11,False
pi_lotion_A000000248426,부틸렌글라이콜,12,False
pi_lotion_A000000248426,정제수,13,False
pi_lotion_A000000248426,암모늄아크릴로일다이메틸타우레이트/브이피코폴리머,14,False
pi_lotion_A000000248426,글리세릴스테아레이트,15,False
pi_lotion_A000000248426,폴리글리세릴-3다이스테아레이트,16,False
pi_lotion_A000000248426,베타인,17,False
pi_lotion_A000000248426,글리세릴글루코사이드,18,False
pi_lotion_A000000248426,하이드로제네이티드레시틴,19,False
pi_lotion_A000000248426,트로메타민,20,False
pi_lotion_A000000248426,소듐스테아로일글루타메이트,21,False
pi_lotion_A000000248426,에틸헥실글리세린,22,False
pi_lotion_A000000248426,다이포타슘글리시리제이트,23,False
pi_lotion_A000000248426,소듐파이테이트,24,False
pi_lotion_A000000248426,베타-글루칸,25,False
pi_lotion_A000000248426,토코페롤,26,False
pi_lotion_A000000248426,하이드롤라이즈드하이알루로닉애씨드,27,False
pi_lotion_A000000248426,하이알루로닉애씨드,28,False
pi_lotion_A000000248426,소듐하이알루로네이트,29,False
pi_lotion_A000000248426,다이메틸실란올하이알루로네이트,30,False
pi_lotion_A000000248426,하이드롤라이즈드소듐하이알루로네이트,31,False
pi_lotion_A000000248426,포타슘하이알루로네이트,32,False
pi_lotion_A000000248426,하이드록시프로필트라이모늄하이알루로네이트,33,False
pi_lotion_A000000248426,소듐하이알루로네이트크로스폴리머,34,False
pi_lotion_A000000248426,소듐하이알루로네이트다이메틸실란올,35,False
pi_lotion_A000000248426,소듐아세틸레이티드하이알루로네이트,36,False
pi_lotion_A000000248426,판테놀,37,False
pi_lotion_A000000248426,쿼세틴,38,False
pi_lotion_A000000248426,아이소쿼시트린,39,False
pi_lotion_A000000248426,약모밀소포,40,False
pi_lotion_A000000248426,카보머,41,False
pi_lotion_A000000235496,로션:정제수,1,False
pi_lotion_A000000235496,미네랄오일,2,False
pi_lotion_A000000235496,글리세린,3,False
pi_lotion_A000000235496,페트롤라툼,4,False
pi_lotion_A000000235496,스테아릭애씨드,5,False
pi_lotion_A000000235496,글리세릴스테아레이트,6,False
pi_lotion_A000000235496,참깨오일,7,False
pi_lotion_A000000235496,우레아,8,False
pi_lotion_A000000235496,라놀린알코올,9,False
pi_lotion_A000000235496,트라이에탄올아민,10,False
pi_lotion_A000000235496,보리추출물,11,False
pi_lotion_A000000235496,오이추출물,12,False
pi_lotion_A000000235496,해바라기씨드케이크,13,False
pi_lotion_A000000235496,프로필렌글라이콜다이카프레이트,14,False
pi_lotion_A000000235496,소듐하이알루로네이트,15,False
pi_lotion_A000000235496,부틸렌글라이콜,16,False
pi_lotion_A000000235496,펜틸렌글라이콜,17,False
pi_lotion_A000000235496,트라이소듐이디티에이,18,False
pi_lotion_A000000235496,페녹시에탄올,19,False
pi_lotion_A000000235496,황색5호,20,False
pi_lotion_A000000235496,황색4호,21,False
pi_lotion_A000000235496,적색227호[iln39477]제공된성분은동일제품이라도경우에따라변경될수있습니다.최신정보는제품포장의성분을참고하시거나본사고객관리지원팀으로연락부탁드립니다.젤:제수,22,False
pi_lotion_A000000235496,다이메티콘,23,False
pi_lotion_A000000235496,아이소도데케인,24,False
pi_lotion_A000000235496,비스-피이지-18메틸에터다이메틸실레인,26,False
pi_lotion_A000000235496,슈가켈프추출물,28,False
pi_lotion_A000000235496,호장근추출물,29,False
pi_lotion_A000000235496,효모용해추출물,30,False
pi_lotion_A000000235496,카페인,34,False
pi_lotion_A000000235496,트레할로오스,35,False
pi_lotion_A000000235496,토코페릴아세테이트,37,False
pi_lotion_A000000235496,폴리실리콘-11,38,False
pi_lotion_A000000235496,실리카,39,False
pi_lotion_A000000235496,올레스-10,41,False
pi_lotion_A000000235496,락토바실러스발효물,42,False
pi_lotion_A000000235496,라우레스-23,43,False
pi_lotion_A000000235496,라우레스-4,44,False
pi_lotion_A000000235496,암모늄아크릴로일다이메틸타우레이트/브이피코폴리머,45,False
pi_lotion_A000000235496,카보머,46,False
pi_lotion_A000000235496,카프릴릴글라이콜,47,False
pi_lotion_A000000235496,헥실렌글라이콜,48,False
pi_lotion_A000000235496,트로메타민,49,False
pi_lotion_A000000235496,다이소듐이디티에이,50,False
pi_lotion_A000000235496,적색504호,53,False
pi_lotion_A000000235496,황색5호[iln41195]제공된성분은동일제품이라도경우에따라변경될수있습니다.최신정보는제품포장의성분을참고하시거나본사고객관리지원팀으로연락부탁드립니다,54,False
pi_lotion_A000000230537,정제수,1,False
pi_lotion_A000000230537,버지니아풍년화수,2,False
pi_lotion_A000000230537,글리세린,3,False
pi_lotion_A000000230537,나이아신아마이드,4,False
pi_lotion_A000000230537,아이소도데케인,5,False
pi_lotion_A000000230537,하이드로제네이티드폴리데센,6,False
pi_lotion_A000000230537,아데노신,7,False
pi_lotion_A000000230537,병풀추출물,8,False
pi_lotion_A000000230537,무화과추출물,9,False
pi_lotion_A000000230537,카우슬립추출물,10,False
pi_lotion_A000000230537,베타-글루칸,11,False
pi_lotion_A000000230537,세라마이드엔피,12,False
pi_lotion_A000000230537,판테놀,13,False
pi_lotion_A000000230537,바쿠치올,14,False
pi_lotion_A000000230537,티트리잎수,15,False
pi_lotion_A000000230537,토코페롤,16,False
pi_lotion_A000000230537,엑토인,17,False
pi_lotion_A000000230537,4-터피네올,18,False
pi_lotion_A000000230537,에난티아클로란타껍질추출물,19,False
pi_lotion_A000000230537,아시아티코사이드,20,False
pi_lotion_A000000230537,마데카식애씨드,21,False
pi_lotion_A000000230537,아시아틱애씨드,22,False
pi_lotion_A000000230537,티트리잎오일,23,False
pi_lotion_A000000230537,티트리추출물,24,False
pi_lotion_A000000230537,올레아놀릭애씨드,25,False
pi_lotion_A000000230537,암모늄아크릴로일다이메틸타우레이트/브이피코폴리머,26,False
pi_lotion_A000000230537,폴리글리세릴-3메틸글루코오스다이스테아레이트,27,False
pi_lotion_A000000230537,메틸프로판다이올,28,False
pi_lotion_A000000230537,하이드록시아세토페논,29,False
pi_lotion_A000000230537,아크릴레이트/C10-30알킬아크릴레이트크로스폴리머,30,False
pi_lotion_A000000230537,알지닌,31,False
pi_lotion_A000000230537,에틸헥실글리세린,32,False
pi_lotion_A000000230537,부틸렌글라이콜,33,False
pi_lotion_A000000230537,다이소듐이디티에이,34,False
pi_lotion_A000000230537,수크로오스,35,False
pi_lotion_A000000230537,하이드로제네이티드레시틴,36,False
pi_lotion_A000000230537,"1,2-헥산다이올",37,False
pi_lotion_A000000230537,향료,38,False
pi_lotion_A000000223483,피지오겔아쿠아포맨오일컷올인원정제수,1,False
pi_lotion_A000000223483,글리세린,2,False
pi_lotion_A000000223483,변성알코올,3,False
pi_lotion_A000000223483,스테아릴헵타노에이트,4,False
pi_lotion_A000000223483,"1,2-헥산다이올",5,False
pi_lotion_A000000223483,다이프로필렌글라이콜,6,False
pi_lotion_A000000223483,나이아신아마이드,7,False
pi_lotion_A000000223483,트레할로오스,8,False
pi_lotion_A000000223483,다이메티콘,9,False
pi_lotion_A000000223483,빙하수,10,False
pi_lotion_A000000223483,판테놀,11,False
pi_lotion_A000000223483,실리카,12,False
pi_lotion_A000000223483,소듐카보머,13,False
pi_lotion_A000000223483,폴리글리세릴-10스테아레이트,14,False
pi_lotion_A000000223483,C14-22알코올,15,False
pi_lotion_A000000223483,폴리글리세릴-10올리에이트,16,False
pi_lotion_A000000223483,부틸렌글라이콜,17,False
pi_lotion_A000000223483,C12-20알킬글루코사이드,18,False
pi_lotion_A000000223483,타우린,19,False
pi_lotion_A000000223483,트로메타민,20,False
pi_lotion_A000000223483,아데노신,21,False
pi_lotion_A000000223483,말라카이트추출물,22,False
pi_lotion_A000000223483,카보머,23,False
pi_lotion_A000000223483,다이소듐이디티에이,24,False
pi_lotion_A000000223483,4-터피네올,25,False
pi_lotion_A000000223483,하이드롤라이즈드하이알루로닉애씨드,26,False
pi_lotion_A000000223483,소듐하이알루로네이트,27,False
pi_lotion_A000000223483,카르니틴,28,False
pi_lotion_A000000223483,알지닌,29,False
pi_lotion_A000000223483,하이알루로닉애씨드,30,False
pi_lotion_A000000223483,하이드롤라이즈드소듐하이알루로네이트,31,False
pi_lotion_A000000223483,하이드록시프로필트라이모늄하이알루로네이트,32,False
pi_lotion_A000000223483,소듐아세틸레이티드하이알루로네이트,33,False
pi_lotion_A000000223483,펜틸렌글라이콜,34,False
pi_lotion_A000000223483,에틸헥실글리세린,35,False
pi_lotion_A000000223483,소듐하이알루로네이트크로스폴리머피지오겔아쿠아포맨오일컷올인원정제수,36,False
pi_lotion_A000000223483,소듐하이알루로네이트크로스폴리머피지오겔레드수딩시카밸런스플러스에이씨폼살리실릭애씨드,71,False
pi_lotion_A000000223483,마데카소사이드,72,False
pi_lotion_A000000223483,아시아코사이드,73,False
pi_lotion_A000000223483,마데카식애씨드,74,False
pi_lotion_A000000223483,아시아틱애씨드,75,False
pi_lotion_A000000184697,정제수,1,False
pi_lotion_A000000184697,글리세린,2,False
pi_lotion_A000000184697,베타인,3,False
pi_lotion_A000000184697,변성알코올,4,False
pi_lotion_A000000184697,다이프로필렌글라이콜,5,False
pi_lotion_A000000184697,사이클로펜타실록세인,6,False
pi_lotion_A000000184697,나이아신아마이드,7,False
pi_lotion_A000000184697,"1,2-헥산다이올",8,False
pi_lotion_A000000184697,실리카,9,False
pi_lotion_A000000184697,사이클로헥사실록세인,10,False
pi_lotion_A000000184697,세테아릴알코올,11,False
pi_lotion_A000000184697,다이메티콘올,12,False
pi_lotion_A000000184697,아크릴레이트/C10-30알킬아크릴레이트크로스폴리머,13,False
pi_lotion_A000000184697,글리세릴스테아레이트,14,False
pi_lotion_A000000184697,트로메타민,15,False
pi_lotion_A000000184697,향료,16,False
pi_lotion_A000000184697,하이드로제네이티드레시틴,17,False
pi_lotion_A000000184697,토코페롤,18,False
pi_lotion_A000000184697,글리세릴카프릴레이트,19,False
pi_lotion_A000000184697,프로판다이올,20,False
pi_lotion_A000000184697,스테아릭애씨드,21,False
pi_lotion_A000000184697,폴리글리세릴-3메틸글루코오스다이스테아레이트,22,False
pi_lotion_A000000184697,팔미틱애씨드,23,False
pi_lotion_A000000184697,에틸헥실글리세린,24,False
pi_lotion_A000000184697,멘톡시프로판다이올,25,False
pi_lotion_A000000184697,아데노신,26,False
pi_lotion_A000000184697,펜틸렌글라이콜,27,False
pi_lotion_A000000184697,덱스트린,28,False
pi_lotion_A000000184697,다이소듐이디티에이,29,False
pi_lotion_A000000184697,페퍼민트추출물,30,False
pi_lotion_A000000184697,바이오사카라이드검-1,31,False
pi_lotion_A000000184697,맥주효모추출물,32,False
pi_lotion_A000000184697,미리스틱애씨드,33,False
pi_lotion_A000000184697,라우릭애씨드,34,False
pi_lotion_A000000006565,정제수,1,False
pi_lotion_A000000006565,글리세린,2,False
pi_lotion_A000000006565,하이드로제네이티드폴리(C6-12올레핀),3,False
pi_lotion_A000000006565,에탄올,4,False
pi_lotion_A000000006565,폴리글리세릴-10아이소스테아레이트,5,False
pi_lotion_A000000006565,아데노신포스페이트,6,False
pi_lotion_A000000006565,하이드록시프로필사이클로덱스트린,7,False
pi_lotion_A000000006565,아크릴레이트/C10-30알킬아크릴레이트크로스폴리머,8,False
pi_lotion_A000000006565,부틸렌글라이콜,9,False
pi_lotion_A000000006565,글리세릴카프릴레이트,10,False
pi_lotion_A000000006565,폴리글리세릴-10스테아레이트,11,False
pi_lotion_A000000006565,소듐아이소스테아로일락테이트,12,False
pi_lotion_A000000006565,소듐락테이트,13,False
pi_lotion_A000000006565,소듐하이드록사이드,14,False
pi_lotion_A000000006565,클로브꽃추출물,15,False
pi_lotion_A000000006565,사철쑥꽃추출물,16,False
pi_lotion_A000000006565,스타아니스열매/씨오일,17,False
pi_lotion_A000000006565,서양측백나무잎오일,18,False
pi_lotion_A000000006565,아틀라스시다나무껍질오일,19,False
pi_lotion_A000000006565,라반딘오일,20,False
pi_lotion_A000000006565,라임전초오일,21,False
pi_lotion_A000000006565,페퍼민트오일,22,False
pi_lotion_A000000006565,구주소나무잎오일,23,False
pi_lotion_A000000006565,로즈마리잎오일,24,False
pi_lotion_A000000006565,터펜틴,25,False
pi_lotion_A000000006565,리날룰,26,False
pi_lotion_A000000006565,리모넨,27,False
pi_lotion_A000000209419,정제수,1,False
pi_lotion_A000000209419,글리세린,2,False
pi_lotion_A000000209419,카프릴릭/카프릭트라이글리세라이드,3,False
pi_lotion_A000000209419,프로판다이올,4,False
pi_lotion_A000000209419,세테아릴알코올,5,False
pi_lotion_A000000209419,올리브오일,6,False
pi_lotion_A000000209419,솔비탄스테아레이트,7,False
pi_lotion_A000000209419,식물성스쿠알란,8,False
pi_lotion_A000000209419,다이메티콘,9,False
pi_lotion_A000000209419,스테아릭애씨드,10,False
pi_lotion_A000000209419,"1,2-헥산다이올",11,False
pi_lotion_A000000209419,폴리글리세릴-3메틸글루코오스다이스테아레이트,12,False
pi_lotion_A000000209419,미리스토일/팔미토일옥소스테아라마이드/아라카마이드엠이에이,13,False
pi_lotion_A000000209419,메틸카프로오일타이로지네이트,14,False
pi_lotion_A000000209419,세틸팔미테이트,15,False
pi_lotion_A000000209419,솔비탄팔미테이트,16,False
pi_lotion_A000000209419,솔비탄올리베이트,17,False
pi_lotion_A000000209419,글리세릴스테아레이트,18,False
pi_lotion_A000000209419,카놀라오일,19,False
pi_lotion_A000000209419,피토스테롤,20,False
pi_lotion_A000000209419,토코페릴아세테이트,21,False
pi_lotion_A000000209419,비사보롤,22,False
pi_lotion_A000000209419,잔탄검,23,False
pi_lotion_A000000209419,카보머,24,False
pi_lotion_A000000209419,알지닌,25,False
pi_lotion_A000000209419,소듐하이알루로네이트,26,False
pi_lotion_A000000209419,글리세릴스테아레이트에스이,27,False
pi_lotion_A000000209419,메틸글루코오스세스퀴스테아레이트,28,False
pi_lotion_A000000209419,카프릴릴글라이콜,29,False
pi_lotion_A000000209419,다이소듐이디티에이,30,False
pi_lotion_A000000185235,정제수,1,False
pi_lotion_A000000185235,부틸렌글라이콜,2,False
pi_lotion_A000000185235,베타인,3,False
pi_lotion_A000000185235,카프릴릴메티콘,4,False
pi_lotion_A000000185235,나이아신아마이드,5,False
pi_lotion_A000000185235,실리카,6,False
pi_lotion_A000000185235,메틸트라이메티콘,7,False
pi_lotion_A000000185235,"1,2-헥산다이올",8,False
pi_lotion_A000000185235,에리스리톨,9,False
pi_lotion_A000000185235,스테아릴다이메티콘,10,False
pi_lotion_A000000185235,소듐아크릴레이트코폴리머,11,False
pi_lotion_A000000185235,하이드록시아세토페논,12,False
pi_lotion_A000000185235,카보머,13,False
pi_lotion_A000000185235,알지닌,14,False
pi_lotion_A000000185235,암모늄아크릴로일다이메틸타우레이트/브이피코폴리머,15,False
pi_lotion_A000000185235,옥타데센,16,False
pi_lotion_A000000185235,폴리아크릴레이트-13,17,False
pi_lotion_A000000185235,에틸헥실글리세린,18,False
pi_lotion_A000000185235,사과추출물,19,False
pi_lotion_A000000185235,글루코노락톤,20,False
pi_lotion_A000000185235,아데노신,21,False
pi_lotion_A000000185235,하이드로제네이티드폴리아이소부텐,22,False
pi_lotion_A000000185235,레시틴,23,False
pi_lotion_A000000185235,다이소듐이디티에이,24,False
pi_lotion_A000000185235,커피콩추출물,25,False
pi_lotion_A000000185235,폴리글리세릴-10라우레이트,26,False
pi_lotion_A000000185235,병풀추출물,27,False
pi_lotion_A000000185235,에틸헥실팔미테이트,28,False
pi_lotion_A000000185235,솔비탄아이소스테아레이트,29,False
pi_lotion_A000000185235,메도우스위트꽃추출물,30,False
pi_lotion_A000000185235,사탕무뿌리추출물,31,False
pi_lotion_A000000185235,레몬추출물,32,False
pi_lotion_A000000185235,녹차추출물,33,False
pi_lotion_A000000185235,하이드롤라이즈드하이알루로닉애씨드,34,False
pi_lotion_A000000185235,다이프로필렌글라이콜,35,False
pi_lotion_A000000185235,하이드로제네이티드레시틴,36,False
pi_lotion_A000000185235,토코페롤,37,False
pi_lotion_A000000185235,판테놀,38,False
pi_lotion_A000000185235,수크로오스다이스테아레이트,39,False
pi_lotion_A000000185235,세라마이드엔피,40,False
pi_lotion_A000000185235,마데카소사이드,41,False
pi_lotion_A000000185235,아시아티코사이드,42,False
pi_lotion_A000000185235,마데카식애씨드,43,False
pi_lotion_A000000185235,아시아틱애씨드,44,False
pi_lotion_A000000198321,정제수,1,False
pi_lotion_A000000198321,부틸렌글라이콜,2,False
pi_lotion_A000000198321,글리세린,3,False
pi_lotion_A000000198321,다이메티콘,4,False
pi_lotion_A000000198321,스쿠알란,5,False
pi_lotion_A000000198321,펜타에리스리틸테트라아이소스테아레이트,6,False
pi_lotion_A000000198321,베타인,7,False
pi_lotion_A000000198321,폴리글리세릴-3메틸글루코오스다이스테아레이트,8,False
pi_lotion_A000000198321,부틸렌글라이콜다이카프릴레이트/다이카프레이트,9,False
pi_lotion_A000000198321,카프릴릭/카프릭트라이글리세라이드,10,False
pi_lotion_A000000198321,팔미틱애씨드,11,False
pi_lotion_A000000198321,"1,2-헥산다이올",12,False
pi_lotion_A000000198321,스테아릭애씨드,13,False
pi_lotion_A000000198321,하이드록시에틸아크릴레이트/소듐아크릴로일다이메틸타우레이트코폴리머,14,False
pi_lotion_A000000198321,글리세릴스테아레이트,15,False
pi_lotion_A000000198321,하이드록시프로필비스팔미타마이드엠이에이,16,False
pi_lotion_A000000198321,글리세릴스테아레이트시트레이트,17,False
pi_lotion_A000000198321,콜레스테롤,18,False
pi_lotion_A000000198321,나이아신아마이드,19,False
pi_lotion_A000000198321,다이메티콘올,20,False
pi_lotion_A000000198321,하이드록시프로필비스라우라마이드엠이에이,21,False
pi_lotion_A000000198321,베헤닐알코올,22,False
pi_lotion_A000000198321,글리세릴카프릴레이트,23,False
pi_lotion_A000000198321,카보머,24,False
pi_lotion_A000000198321,다이소듐이디티에이,25,False
pi_lotion_A000000198321,에틸헥실글리세린,26,False
pi_lotion_A000000198321,트로메타민,27,False
pi_lotion_A000000198321,솔비탄아이소스테아레이트,28,False
pi_lotion_A000000198321,피토스핑고신,29,False
pi_lotion_A000000198321,만니톨,30,False
pi_lotion_A000000198321,세라마이드엔피,31,False
pi_lotion_A000000198321,토코페롤,32,False
pi_lotion_A000000198321,하이드로제네이티드레시틴,33,False
pi_lotion_A000000198321,아크릴레이트/암모늄메타크릴레이트코폴리머,34,False
pi_lotion_A000000198321,실리카,35,False
pi_lotion_A000000198321,스핑고리피드,36,False
pi_lotion_A000000198321,아라키딕애씨드,37,False
pi_lotion_A000000198321,올레익애씨드,38,False
pi_lotion_A000000209904,정제수,1,False
pi_lotion_A000000209904,글리세린,2,False
pi_lotion_A000000209904,프로판다이올,3,False
pi_lotion_A000000209904,카프릴릭/카프릭트라이글리세라이드,4,False
pi_lotion_A000000209904,솔비탄스테아레이트,5,False
pi_lotion_A000000209904,세테아릴알코올,6,False
pi_lotion_A000000209904,잇꽃씨오일,7,False
pi_lotion_A000000209904,글리세릴스테아레이트,8,False
pi_lotion_A000000209904,다이메티콘,9,False
pi_lotion_A000000209904,스테아릭애씨드,10,False
pi_lotion_A000000209904,미리스토일/팔미토일옥소스테아라마이드/아라카마이드엠이에이,11,False
pi_lotion_A000000209904,메틸카프로오일타이로지네이트,12,False
pi_lotion_A000000209904,피토스테롤,13,False
pi_lotion_A000000209904,토코페릴아세테이트,14,False
pi_lotion_A000000209904,비사보롤,15,False
pi_lotion_A000000209904,잔탄검,16,False
pi_lotion_A000000209904,소듐하이알루로네이트,17,False
pi_lotion_A000000209904,카보머,18,False
pi_lotion_A000000209904,알지닌,19,False
pi_lotion_A000000209904,"1,2-헥산다이올",20,False
pi_lotion_A000000209904,카프릴릴글라이콜,21,False
pi_lotion_A000000209904,트로폴론,22,False
pi_lotion_A000000178076,정제수,1,False
pi_lotion_A000000178076,부틸렌글라이콜,2,False
pi_lotion_A000000178076,변성알코올,3,False
pi_lotion_A000000178076,메틸트라이메티콘,4,False
pi_lotion_A000000178076,하이드로제네이티드폴리(C6-14올레핀),5,False
pi_lotion_A000000178076,글리세린,6,False
pi_lotion_A000000178076,부틸렌글라이콜다이카프릴레이트/다이카프레이트,7,False
pi_lotion_A000000178076,세틸에틸헥사노에이트,8,False
pi_lotion_A000000178076,나이아신아마이드,9,False
pi_lotion_A000000178076,폴리글리세릴-3메틸글루코오스다이스테아레이트,10,False
pi_lotion_A000000178076,"1,2-헥산다이올",11,False
pi_lotion_A000000178076,다이메티콘,12,False
pi_lotion_A000000178076,하이드로제네이티드식물성오일,13,False
pi_lotion_A000000178076,실리카,14,False
pi_lotion_A000000178076,카페인,15,False
pi_lotion_A000000178076,메도우폼씨오일,16,False
pi_lotion_A000000178076,베헤닐알코올,17,False
pi_lotion_A000000178076,향료,18,False
pi_lotion_A000000178076,폴리아크릴레이트-13,19,False
pi_lotion_A000000178076,글리세릴스테아레이트,20,False
pi_lotion_A000000178076,피이지-100스테아레이트,21,False
pi_lotion_A000000178076,카보머,22,False
pi_lotion_A000000178076,폴리실리콘-11,23,False
pi_lotion_A000000178076,트로메타민,24,False
pi_lotion_A000000178076,세테아릴알코올,25,False
pi_lotion_A000000178076,글리세릴카프릴레이트,26,False
pi_lotion_A000000178076,소듐스테아로일글루타메이트,27,False
pi_lotion_A000000178076,폴리아이소부텐,28,False
pi_lotion_A000000178076,다이소듐이디티에이,29,False
pi_lotion_A000000178076,에틸헥실글리세린,30,False
pi_lotion_A000000178076,아데노신,31,False
pi_lotion_A000000178076,리모넨,32,False
pi_lotion_A000000178076,폴리솔베이트20,33,False
pi_lotion_A000000178076,솔비탄아이소스테아레이트,34,False
pi_lotion_A000000178076,리날룰,35,False
pi_lotion_A000000178076,레시틴,36,False
pi_lotion_A000000178076,시트랄,37,False
pi_lotion_A000000178076,하이드롤라이즈드옥수수전분,38,False
pi_lotion_A000000178076,소나무잎추출물,39,False
pi_lotion_A000000178076,알파-아이소메틸아이오논,40,False
pi_lotion_A000000178076,프로판다이올,41,False
pi_lotion_A000000178076,하이드롤라이즈드루핀단백질,42,False
pi_lotion_A000000178076,소듐하이알루로네이트,43,False
pi_lotion_A000000178076,카프릴릴글라이콜,44,False
pi_lotion_A000000178076,토코페롤,45,False
pi_lotion_A000000178076,하이드롤라이즈드하이알루로닉애씨드,46,False
pi_lotion_A000000178076,아세틸헵타펩타이드-4,47,False
pi_lotion_A000000178076,소듐하이알루로네이트크로스폴리머,48,False
pi_lotion_A000000178076,하이알루로닉애씨드,49,False
pi_lotion_A000000178076,아세틸헥사펩타이드-8,50,False
pi_lotion_A000000178076,소듐하이드록사이드,51,False
pi_lotion_A000000178076,소듐아세틸레이티드하이알루로네이트,52,False
pi_lotion_A000000178076,아세틸옥타펩타이드-3,53,False
pi_lotion_A000000183744,정제수,1,False
pi_lotion_A000000183744,프로판다이올,2,False
pi_lotion_A000000183744,글리세린,3,False
pi_lotion_A000000183744,메틸트라이메티콘,4,False
pi_lotion_A000000183744,황해쑥잎수,5,False
pi_lotion_A000000183744,"1,2-헥산다이올",6,False
pi_lotion_A000000183744,피씨에이다이메티콘,7,False
pi_lotion_A000000183744,천궁수,8,False
pi_lotion_A000000183744,왜당귀뿌리수,9,False
pi_lotion_A000000183744,실리카,10,False
pi_lotion_A000000183744,판테놀,11,False
pi_lotion_A000000183744,부틸렌글라이콜,12,False
pi_lotion_A000000183744,폴리메틸실세스퀴옥세인,13,False
pi_lotion_A000000183744,암모늄아크릴로일다이메틸타우레이트/브이피코폴리머,14,False
pi_lotion_A000000183744,폴리글리세릴-6카프릴레이트,15,False
pi_lotion_A000000183744,폴리글리세릴-4카프레이트,16,False
pi_lotion_A000000183744,아크릴레이트/C10-30알킬아크릴레이트크로스폴리머,17,False
pi_lotion_A000000183744,트로메타민,18,False
pi_lotion_A000000183744,잔탄검,19,False
pi_lotion_A000000183744,글리세릴카프릴레이트,20,False
pi_lotion_A000000183744,향료,21,False
pi_lotion_A000000183744,"2,3-부탄다이올",22,False
pi_lotion_A000000183744,에틸헥실글리세린,23,False
pi_lotion_A000000183744,다이소듐이디티에이,24,False
pi_lotion_A000000183744,레시틴,25,False
pi_lotion_A000000183744,락토바실러스발효물,26,False
pi_lotion_A000000183744,이눌린라우릴카바메이트,27,False
pi_lotion_A000000183744,황해쑥잎추출물,28,False
pi_lotion_A000000183744,병풀꽃/잎/줄기추출물,29,False
pi_lotion_A000000183744,토코페롤,30,False
pi_lotion_A000000006564,정제수,1,False
pi_lotion_A000000006564,에탄올,2,False
pi_lotion_A000000006564,펜틸렌글라이콜,3,False
pi_lotion_A000000006564,글리세린,4,False
pi_lotion_A000000006564,베타인,5,False
pi_lotion_A000000006564,피이지-6,6,False
pi_lotion_A000000006564,피이지-32,7,False
pi_lotion_A000000006564,아데노신포스페이트,8,False
pi_lotion_A000000006564,소듐하이드록사이드,9,False
pi_lotion_A000000006564,소듐다이라우미도글루타미드라이신,10,False
pi_lotion_A000000006564,피피지-6-데실테트라데세스-30,11,False
pi_lotion_A000000006564,알진,12,False
pi_lotion_A000000006564,시트릭애씨드,13,False
pi_lotion_A000000006564,소듐하이알루로네이트,14,False
pi_lotion_A000000006564,스타아니스열매/씨오일,15,False
pi_lotion_A000000006564,서양측백나무잎오일,16,False
pi_lotion_A000000006564,아틀라스시다나무껍질오일,17,False
pi_lotion_A000000006564,라반딘오일,18,False
pi_lotion_A000000006564,라임전초오일,19,False
pi_lotion_A000000006564,페퍼민트오일,20,False
pi_lotion_A000000006564,구주소나무잎오일,21,False
pi_lotion_A000000006564,로즈마리잎오일,22,False
pi_lotion_A000000006564,페녹시에탄올,23,False
pi_lotion_A000000006564,터펜틴,24,False
pi_lotion_A000000006564,리날룰,25,False
pi_lotion_A000000104173,정제수,1,False
pi_lotion_A000000104173,미네랄오일,2,False
pi_lotion_A000000104173,글리세린,3,False
pi_lotion_A000000104173,페트롤라툼,4,False
pi_lotion_A000000104173,스테아릭애씨드,5,False
pi_lotion_A000000104173,글리세릴스테아레이트,6,False
pi_lotion_A000000104173,참깨오일,7,False
pi_lotion_A000000104173,우레아,8,False
pi_lotion_A000000104173,라놀린알코올,9,False
pi_lotion_A000000104173,트라이에탄올아민,10,False
pi_lotion_A000000104173,보리추출물,11,False
pi_lotion_A000000104173,오이추출물,12,False
pi_lotion_A000000104173,해바라기씨드케이크,13,False
pi_lotion_A000000104173,프로필렌글라이콜다이카프레이트,14,False
pi_lotion_A000000104173,소듐하이알루로네이트,15,False
pi_lotion_A000000104173,부틸렌글라이콜,16,False
pi_lotion_A000000104173,펜틸렌글라이콜,17,False
pi_lotion_A000000104173,트라이소듐이디티에이,18,False
pi_lotion_A000000104173,페녹시에탄올,19,False
pi_lotion_A000000104173,황색5호,20,False
pi_lotion_A000000104173,황색4호,21,False
pi_lotion_A000000104173,적색227호[ILN39477]*제공된성분은동일제품이라도경우에따라변경될수있습니다.최신정보는제품포장의성분을참고하시거나본사고객관리지원팀으로연락부탁드립니다,22,False
pi_lotion_A000000229488,정제수,1,False
pi_lotion_A000000229488,부틸렌글라이콜,2,False
pi_lotion_A000000229488,글리세린,3,False
pi_lotion_A000000229488,하이드로제네이티드폴리아이소부텐,4,False
pi_lotion_A000000229488,하이드로제네이티드폴리(C6-14올레핀),5,False
pi_lotion_A000000229488,다이아이소스테아릴말레이트,6,False
pi_lotion_A000000229488,나이아신아마이드,7,False
pi_lotion_A000000229488,C14-22알코올,8,False
pi_lotion_A000000229488,페닐트라이메티콘,9,False
pi_lotion_A000000229488,피씨에이다이메티콘,10,False
pi_lotion_A000000229488,"1,2-헥산다이올",11,False
pi_lotion_A000000229488,비스-하이드록시에톡시프로필다이메티콘,12,False
pi_lotion_A000000229488,글리세릴스테아레이트시트레이트,13,False
pi_lotion_A000000229488,판테놀,14,False
pi_lotion_A000000229488,프로판다이올,15,False
pi_lotion_A000000229488,하이드로제네이티드식물성오일,16,False
pi_lotion_A000000229488,C12-20알킬글루코사이드,17,False
pi_lotion_A000000229488,글리세릴스테아레이트,18,False
pi_lotion_A000000229488,세테아릴알코올,19,False
pi_lotion_A000000229488,알란토인,20,False
pi_lotion_A000000229488,카보머,21,False
pi_lotion_A000000229488,잔탄검,22,False
pi_lotion_A000000229488,글리세릴카프릴레이트,23,False
pi_lotion_A000000229488,만니톨,24,False
pi_lotion_A000000229488,트로메타민,25,False
pi_lotion_A000000229488,클로렐라프로토테코이데스추출물,26,False
pi_lotion_A000000229488,에틸헥실글리세린,27,False
pi_lotion_A000000229488,소듐메타포스페이트,28,False
pi_lotion_A000000229488,아데노신,29,False
pi_lotion_A000000229488,덱스트린,30,False
pi_lotion_A000000229488,카카오추출물,31,False
pi_lotion_A000000229488,하이드롤라이즈드디엔에이,32,False
pi_lotion_A000000229488,하이알루로닉애씨드,33,False
pi_lotion_A000000229488,베타-글루칸,34,False
pi_lotion_A000000229488,레시틴,35,False
pi_lotion_A000000229488,양파추출물,36,False
pi_lotion_A000000229488,토코페롤,37,False
pi_lotion_A000000229488,아세틸테트라펩타이드-11,38,False
pi_lotion_A000000223427,비타민나무수,1,False
pi_lotion_A000000223427,부틸렌글라이콜,2,False
pi_lotion_A000000223427,글리세린,3,False
pi_lotion_A000000223427,다이글리세린,4,False
pi_lotion_A000000223427,프로판다이올,5,False
pi_lotion_A000000223427,코코-카프릴레이트/카프레이트,6,False
pi_lotion_A000000223427,나이아신아마이드,7,False
pi_lotion_A000000223427,정제수,8,False
pi_lotion_A000000223427,"1,2-헥산다이올",9,False
pi_lotion_A000000223427,카프릴릴메티콘,10,False
pi_lotion_A000000223427,호호바에스터,11,False
pi_lotion_A000000223427,펜타에리스리틸테트라에틸헥사노에이트,12,False
pi_lotion_A000000223427,펜틸렌글라이콜,13,False
pi_lotion_A000000223427,퀸즈랜드넛오일,14,False
pi_lotion_A000000223427,비타민나무오일,15,False
pi_lotion_A000000223427,돌콩추출물,16,False
pi_lotion_A000000223427,흰서양송로추출물,17,False
pi_lotion_A000000223427,달맞이꽃오일,18,False
pi_lotion_A000000223427,하이드롤라이즈드하이알루로닉애씨드,19,False
pi_lotion_A000000223427,동백나무씨오일,20,False
pi_lotion_A000000223427,해바라기씨오일,21,False
pi_lotion_A000000223427,올리브오일,22,False
pi_lotion_A000000223427,아보카도오일,23,False
pi_lotion_A000000223427,돌콩오일,24,False
pi_lotion_A000000223427,병풀추출물,25,False
pi_lotion_A000000223427,비타민나무열매오일,26,False
pi_lotion_A000000223427,하이드롤라이즈드완두콩단백질,27,False
pi_lotion_A000000223427,하이드롤라이즈드감자단백질,28,False
pi_lotion_A000000223427,하이드롤라이즈드쌀단백질,29,False
pi_lotion_A000000223427,하이드롤라이즈드콩단백질,30,False
pi_lotion_A000000223427,하이드롤라이즈드옥수수단백질,31,False
pi_lotion_A000000223427,하이드롤라이즈드귀리단백질,32,False
pi_lotion_A000000223427,당근추출물,33,False
pi_lotion_A000000223427,하이드롤라이즈드스위트아몬드단백질,34,False
pi_lotion_A000000223427,하이드롤라이즈드밀단백질,35,False
pi_lotion_A000000223427,하이알루로닉애씨드,36,False
pi_lotion_A000000223427,하이드롤라이즈드호호바단백질,37,False
pi_lotion_A000000223427,하이드롤라이즈드식물성단백질,38,False
pi_lotion_A000000223427,소듐하이알루로네이트,39,False
pi_lotion_A000000223427,콜라겐추출물,40,False
pi_lotion_A000000223427,카프릴릭/카프릭/미리스틱/스테아릭트라이글리세라이드,41,False
pi_lotion_A000000223427,폴리글리세릴-3메틸글루코오스다이스테아레이트,42,False
pi_lotion_A000000223427,하이드로제네이티드쌀겨오일,43,False
pi_lotion_A000000223427,비스-다이글리세릴폴리아실아디페이트-2,44,False
pi_lotion_A000000223427,글리세릴스테아레이트,45,False
pi_lotion_A000000223427,판테놀,46,False
pi_lotion_A000000223427,하이드록시에틸아크릴레이트/소듐아크릴로일다이메틸타우레이트코폴리머,47,False
pi_lotion_A000000223427,카프릴릭/카프릭트라이글리세라이드,48,False
pi_lotion_A000000223427,카프릴릴글라이콜,49,False
pi_lotion_A000000223427,트로메타민,50,False
pi_lotion_A000000223427,하이드로제네이티드레시틴,51,False
pi_lotion_A000000223427,아크릴레이트/C10-30알킬아크릴레이트크로스폴리머,52,False
pi_lotion_A000000223427,아데노신,53,False
pi_lotion_A000000223427,폴리글리세릴-10스테아레이트,54,False
pi_lotion_A000000223427,소듐파이테이트,55,False
pi_lotion_A000000223427,아스코빅애씨드,56,False
pi_lotion_A000000223427,글루타티온,57,False
pi_lotion_A000000223427,토코페롤,58,False
pi_lotion_A000000223427,폴리글리세릴-10라우레이트,59,False
pi_lotion_A000000223427,세라마이드엔피,60,False
pi_lotion_A000000223427,하이드롤라이즈드루핀단백질,61,False
pi_lotion_A000000223427,베타-카로틴,62,False
pi_lotion_A000000223427,하이드롤라이즈드보리단백질,63,False
pi_lotion_A000000223427,다이메틸실란올하이알루로네이트,64,False
pi_lotion_A000000223427,하이드롤라이즈드소듐하이알루로네이트,65,False
pi_lotion_A000000223427,옥탄다이올,66,False
pi_lotion_A000000223427,글라이코프로테인,67,False
pi_lotion_A000000223427,포타슘하이알루로네이트,68,False
pi_lotion_A000000223427,하이드록시프로필트라이모늄하이알루로네이트,69,False
pi_lotion_A000000223427,소듐하이알루로네이트크로스폴리머,70,False
pi_lotion_A000000223427,소듐하이알루로네이트다이메틸실란올,71,False
pi_lotion_A000000223427,소듐아세틸레이티드하이알루로네이트,72,False
pi_lotion_A000000223427,글루코오스,73,False
pi_lotion_A000000223427,만노오스,74,False
pi_lotion_A000000223427,세테아릴알코올,75,False
pi_lotion_A000000223427,카보머,76,False
pi_lotion_A000000223427,잔탄검,77,False
pi_lotion_A000000223427,향료,78,False
pi_lotion_A000000223427,리모넨,79,False
pi_lotion_A000000223427,리날룰,80,False
pi_lotion_A000000223427,헥실신남알,81,False
pi_lotion_A000000223427,시트로넬올,82,False
pi_lotion_A000000223427,시트랄,83,False
pi_lotion_A000000203992,정제수,1,False
pi_lotion_A000000203992,글리세린,2,False
pi_lotion_A000000203992,"1,2-헥산다이올",3,False
pi_lotion_A000000203992,다이프로필렌글라이콜,4,False
pi_lotion_A000000203992,에틸아이소스테아레이트,5,False
pi_lotion_A000000203992,글리세레스-26,6,False
pi_lotion_A000000203992,나이아신아마이드,7,False
pi_lotion_A000000203992,비스-피이지-18메틸에터다이메틸실레인,8,False
pi_lotion_A000000203992,하이드로제네이티드폴리데센,9,False
pi_lotion_A000000203992,아크릴레이트/C10-30알킬아크릴레이트크로스폴리머,10,False
pi_lotion_A000000203992,트로메타민,11,False
pi_lotion_A000000203992,마카뿌리추출물,12,False
pi_lotion_A000000203992,잔탄검,13,False
pi_lotion_A000000203992,변성알코올,14,False
pi_lotion_A000000203992,아데노신,15,False
pi_lotion_A000000203992,트라이소듐이디티에이,16,False
pi_lotion_A000000203992,솔비톨,17,False
pi_lotion_A000000203992,귤껍질추출물,18,False
pi_lotion_A000000203992,조류추출물,19,False
pi_lotion_A000000203992,페녹시에탄올,20,False
pi_lotion_A000000203992,포타슘솔베이트,21,False
pi_lotion_A000000203992,향료,22,False
pi_lotion_A000000203992,리날룰,23,False
pi_lotion_A000000203992,리모넨,24,False
pi_lotion_A000000203992,벤질벤조에이트,25,False
pi_lotion_A000000203992,알파-아이소메틸아이오논,26,False
pi_lotion_A000000199154,정제수,1,False
pi_lotion_A000000199154,부틸렌글라이콜,2,False
pi_lotion_A000000199154,글리세린,3,False
pi_lotion_A000000199154,"1,2-헥산다이올",4,False
pi_lotion_A000000199154,다이프로필렌글라이콜,5,False
pi_lotion_A000000199154,하이알루로닉애씨드,6,False
pi_lotion_A000000199154,하이드롤라이즈드하이알루로닉애씨드,7,False
pi_lotion_A000000199154,소듐하이알루로네이트,8,False
pi_lotion_A000000199154,하이드롤라이즈드치자추출물,9,False
pi_lotion_A000000199154,하이드롤라이즈드맥아추출물,10,False
pi_lotion_A000000199154,하이드롤라이즈드삼색제비꽃추출물,11,False
pi_lotion_A000000199154,인도멀구슬나무잎추출물,12,False
pi_lotion_A000000199154,인도멀구슬나무꽃추출물,13,False
pi_lotion_A000000199154,카카오씨추출물,14,False
pi_lotion_A000000199154,녹차추출물,15,False
pi_lotion_A000000199154,오카무라큰실말추출물,16,False
pi_lotion_A000000199154,흰버드나무껍질추출물,17,False
pi_lotion_A000000199154,커피콩추출물,18,False
pi_lotion_A000000199154,베르가모트잎추출물,19,False
pi_lotion_A000000199154,소나무잎추출물,20,False
pi_lotion_A000000199154,데실글루코사이드,21,False
pi_lotion_A000000199154,에틸헥실글리세린,22,False
pi_lotion_A000000199154,카프릴로일살리실릭애씨드,23,False
pi_lotion_A000000199154,병풀잎추출물,24,False
pi_lotion_A000000199154,프로판다이올,25,False
pi_lotion_A000000199154,감자꽃추출물,26,False
pi_lotion_A000000199154,병풀추출물,27,False
pi_lotion_A000000199154,글라이코프로테인,28,False
pi_lotion_A000000199154,아시아티코사이드,29,False
pi_lotion_A000000199154,아시아틱애씨드,30,False
pi_lotion_A000000199154,마데카소사이드,31,False
pi_lotion_A000000199154,마데카식애씨드,32,False
pi_lotion_A000000199154,덱스트린,33,False
pi_lotion_A000000199154,하이드로제네이티드레시틴,34,False
pi_lotion_A000000199154,에틸헥실팔미테이트,35,False
pi_lotion_A000000199154,세틸에틸헥사노에이트,36,False
pi_lotion_A000000199154,트로메타민,37,False
pi_lotion_A000000199154,폴리글리세릴-10올리에이트,38,False
pi_lotion_A000000199154,다이소듐이디티에이,39,False
pi_lotion_A000000199154,카보머,40,False
pi_lotion_B000000234131,정제수,1,False
pi_lotion_B000000234131,글리세린,2,False
pi_lotion_B000000234131,베타인,3,False
pi_lotion_B000000234131,변성알코올,4,False
pi_lotion_B000000234131,다이프로필렌글라이콜,5,False
pi_lotion_B000000234131,"1,2-헥산다이올",6,False
pi_lotion_B000000234131,메틸트라이메티콘,7,False
pi_lotion_B000000234131,나이아신아마이드,8,False
pi_lotion_B000000234131,사이클로펜타실록세인,9,False
pi_lotion_B000000234131,실리카,10,False
pi_lotion_B000000234131,세테아릴알코올,11,False
pi_lotion_B000000234131,판테놀,12,False
pi_lotion_B000000234131,다이메티콘올,13,False
pi_lotion_B000000234131,아크릴레이트/C10-30알킬아크릴레이트크로스폴리머,14,False
pi_lotion_B000000234131,글리세릴스테아레이트,15,False
pi_lotion_B000000234131,프로판다이올,16,False
pi_lotion_B000000234131,트로메타민,17,False
pi_lotion_B000000234131,하이드로제네이티드레시틴,18,False
pi_lotion_B000000234131,해수,19,False
pi_lotion_B000000234131,글리세릴카프릴레이트,20,False
pi_lotion_B000000234131,향료,21,False
pi_lotion_B000000234131,스테아릭애씨드,22,False
pi_lotion_B000000234131,폴리글리세릴-3메틸글루코오스다이스테아레이트,23,False
pi_lotion_B000000234131,팔미틱애씨드,24,False
pi_lotion_B000000234131,에틸헥실글리세린,25,False
pi_lotion_B000000234131,멘톡시프로판다이올,26,False
pi_lotion_B000000234131,아데노신,27,False
pi_lotion_B000000234131,다이소듐이디티에이,28,False
pi_lotion_B000000234131,바이오사카라이드검-1,29,False
pi_lotion_B000000234131,펜틸렌글라이콜,30,False
pi_lotion_B000000234131,리모넨,31,False
pi_lotion_B000000234131,리날룰,32,False
pi_lotion_B000000234131,미리스틱애씨드,33,False
pi_lotion_B000000234131,부틸렌글라이콜,34,False
pi_lotion_B000000234131,라우릭애씨드,35,False
pi_lotion_B000000234131,사철쑥추출물,36,False
pi_lotion_B000000234131,카프릴릴글라이콜,37,False
pi_lotion_B000000234131,메톡시피이지-114/폴리엡실론카프로락톤,38,False
pi_lotion_B000000234131,토코페롤,39,False
pi_lotion_B000000234131,하이드록시에틸아크릴레이트/소듐아크릴로일다이메틸타우레이트코폴리머,40,False
pi_lotion_B000000234131,아크릴레이트/스테아릴메타크릴레이트코폴리머,41,False
pi_lotion_B000000234131,흰목이버섯포자낭과추출물,42,False
pi_lotion_B000000234131,하이알루로닉애씨드,43,False
pi_lotion_B000000234131,아세틸헵타펩타이드-4,44,False
pi_lotion_B000000234131,복사나무잎추출물,45,False
pi_lotion_B000000234131,잔탄검,46,False
pi_lotion_B000000234131,페녹시에탄올,47,False
pi_lotion_B000000234131,아세틸헥사펩타이드-8,48,False
pi_lotion_B000000234131,라이신,49,False
pi_lotion_B000000234131,알지닌,50,False
pi_lotion_B000000234131,히스티딘,51,False
pi_lotion_B000000234131,세라마이드엔피,52,False
pi_lotion_B000000234131,소듐하이드록사이드,53,False
pi_lotion_B000000234131,글루코오스,54,False
pi_lotion_B000000234131,자일로오스,55,False
pi_lotion_B000000234131,아세틸옥타펩타이드-3,56,False
pi_lotion_B000000234131,하이드로제네이티드포스파티딜콜린,57,False
pi_lotion_B000000234131,소듐클로라이드,58,False
pi_lotion_B000000234131,덱스트린,59,False
pi_lotion_B000000234131,하이드롤라이즈드오크라추출물,60,False
pi_lotion_B000000234131,콜레스테롤,61,False
pi_lotion_B000000234131,만노오스,62,False
pi_lotion_B000000234131,다이팔미토일하이드록시프롤린,63,False
pi_lotion_B000000234131,레시틴,64,False
pi_lotion_B000000234131,칼슘클로라이드,65,False
pi_lotion_B000000234131,카퍼트라이펩타이드-1,66,False
pi_lotion_B000000234131,포타슘클로라이드,67,False
pi_lotion_B000000234131,소듐포스페이트,68,False
pi_lotion_B000000234131,포타슘포스페이트,69,False
pi_lotion_B000000234131,마그네슘클로라이드,70,False
pi_lotion_B000000234131,푸코오스,71,False
pi_lotion_B000000234131,하이드롤라이즈드기장,72,False
pi_lotion_A000000167411,정제수,1,False
pi_lotion_A000000167411,글리세린,2,False
pi_lotion_A000000167411,베타인,3,False
pi_lotion_A000000167411,변성알코올,4,False
pi_lotion_A000000167411,다이프로필렌글라이콜,5,False
pi_lotion_A000000167411,"1,2-헥산다이올",6,False
pi_lotion_A000000167411,메틸트라이메티콘,7,False
pi_lotion_A000000167411,나이아신아마이드,8,False
pi_lotion_A000000167411,사이클로펜타실록세인,9,False
pi_lotion_A000000167411,실리카,10,False
pi_lotion_A000000167411,세테아릴알코올,11,False
pi_lotion_A000000167411,판테놀,12,False
pi_lotion_A000000167411,다이메티콘올,13,False
pi_lotion_A000000167411,아크릴레이트/C10-30알킬아크릴레이트크로스폴리머,14,False
pi_lotion_A000000167411,글리세릴스테아레이트,15,False
pi_lotion_A000000167411,프로판다이올,16,False
pi_lotion_A000000167411,트로메타민,17,False
pi_lotion_A000000167411,하이드로제네이티드레시틴,18,False
pi_lotion_A000000167411,해수,19,False
pi_lotion_A000000167411,글리세릴카프릴레이트,20,False
pi_lotion_A000000167411,향료,21,False
pi_lotion_A000000167411,스테아릭애씨드,22,False
pi_lotion_A000000167411,폴리글리세릴-3메틸글루코오스다이스테아레이트,23,False
pi_lotion_A000000167411,팔미틱애씨드,24,False
pi_lotion_A000000167411,에틸헥실글리세린,25,False
pi_lotion_A000000167411,멘톡시프로판다이올,26,False
pi_lotion_A000000167411,아데노신,27,False
pi_lotion_A000000167411,다이소듐이디티에이,28,False
pi_lotion_A000000167411,바이오사카라이드검-1,29,False
pi_lotion_A000000167411,펜틸렌글라이콜,30,False
pi_lotion_A000000167411,리모넨,31,False
pi_lotion_A000000167411,리날룰,32,False
pi_lotion_A000000167411,미리스틱애씨드,33,False
pi_lotion_A000000167411,부틸렌글라이콜,34,False
pi_lotion_A000000167411,라우릭애씨드,35,False
pi_lotion_A000000167411,사철쑥추출물,36,False
pi_lotion_A000000167411,카프릴릴글라이콜,37,False
pi_lotion_A000000167411,메톡시피이지-114/폴리엡실론카프로락톤,38,False
pi_lotion_A000000167411,토코페롤,39,False
pi_lotion_A000000167411,하이드록시에틸아크릴레이트/소듐아크릴로일다이메틸타우레이트코폴리머,40,False
pi_lotion_A000000167411,아크릴레이트/스테아릴메타크릴레이트코폴리머,41,False
pi_lotion_A000000167411,흰목이버섯포자낭과추출물,42,False
pi_lotion_A000000167411,하이알루로닉애씨드,43,False
pi_lotion_A000000167411,아세틸헵타펩타이드-4,44,False
pi_lotion_A000000167411,복사나무잎추출물,45,False
pi_lotion_A000000167411,잔탄검,46,False
pi_lotion_A000000167411,페녹시에탄올,47,False
pi_lotion_A000000167411,아세틸헥사펩타이드-8,48,False
pi_lotion_A000000167411,라이신,49,False
pi_lotion_A000000167411,알지닌,50,False
pi_lotion_A000000167411,히스티딘,51,False
pi_lotion_A000000167411,세라마이드엔피,52,False
pi_lotion_A000000167411,소듐하이드록사이드,53,False
pi_lotion_A000000167411,글루코오스,54,False
pi_lotion_A000000167411,자일로오스,55,False
pi_lotion_A000000167411,아세틸옥타펩타이드-3,56,False
pi_lotion_A000000167411,하이드로제네이티드포스파티딜콜린,57,False
pi_lotion_A000000167411,소듐클로라이드,58,False
pi_lotion_A000000167411,덱스트린,59,False
pi_lotion_A000000167411,하이드롤라이즈드오크라추출물,60,False
pi_lotion_A000000167411,콜레스테롤,61,False
pi_lotion_A000000167411,만노오스,62,False
pi_lotion_A000000167411,다이팔미토일하이드록시프롤린,63,False
pi_lotion_A000000167411,레시틴,64,False
pi_lotion_A000000167411,칼슘클로라이드,65,False
pi_lotion_A000000167411,카퍼트라이펩타이드-1,66,False
pi_lotion_A000000167411,포타슘클로라이드,67,False
pi_lotion_A000000167411,소듐포스페이트,68,False
pi_lotion_A000000167411,포타슘포스페이트,69,False
pi_lotion_A000000167411,마그네슘클로라이드,70,False
pi_lotion_A000000167411,푸코오스,71,False
pi_lotion_A000000167411,하이드롤라이즈드기장,72,False
pi_lotion_A000000261984,정제수,1,False
pi_lotion_A000000261984,글리세린,2,False
pi_lotion_A000000261984,변성알코올,3,False
pi_lotion_A000000261984,프로판다이올,4,False
pi_lotion_A000000261984,베타인,5,False
pi_lotion_A000000261984,다이프로필렌글라이콜,6,False
pi_lotion_A000000261984,나이아신아마이드,7,False
pi_lotion_A000000261984,메틸프로판다이올,8,False
pi_lotion_A000000261984,C9-12알케인,9,False
pi_lotion_A000000261984,메틸트라이메티콘,10,False
pi_lotion_A000000261984,펜틸렌글라이콜,11,False
pi_lotion_A000000261984,세테아릴알코올,12,False
pi_lotion_A000000261984,실리카,13,False
pi_lotion_A000000261984,글리세릴스테아레이트,14,False
pi_lotion_A000000261984,비닐다이메티콘,15,False
pi_lotion_A000000261984,카프릴릴글라이콜,16,False
pi_lotion_A000000261984,하이드록시에틸아크릴레이트/소듐아크릴로일다이메틸타우레이트코폴리머,17,False
pi_lotion_A000000261984,판테놀,18,False
pi_lotion_A000000261984,솔비톨,19,False
pi_lotion_A000000261984,다이메티콘올,20,False
pi_lotion_A000000261984,아크릴레이트/C10-30알킬아크릴레이트크로스폴리머,21,False
pi_lotion_A000000261984,하이드로제네이티드레시틴,22,False
pi_lotion_A000000261984,트로메타민,23,False
pi_lotion_A000000261984,아데노신,24,False
pi_lotion_A000000261984,팔미틱애씨드,25,False
pi_lotion_A000000261984,스테아릭애씨드,26,False
pi_lotion_A000000261984,소듐파이테이트,27,False
pi_lotion_A000000261984,폴리솔베이트60,28,False
pi_lotion_A000000261984,솔비탄아이소스테아레이트,29,False
pi_lotion_A000000261984,부틸렌글라이콜,30,False
pi_lotion_A000000261984,"1,2-헥산다이올",31,False
pi_lotion_A000000261984,소듐하이알루로네이트,32,False
pi_lotion_A000000261984,에틸헥실글리세린,33,False
pi_lotion_A000000261984,글라이신,34,False
pi_lotion_A000000261984,알지닌,35,False
pi_lotion_A000000261984,글루타믹애씨드,36,False
pi_lotion_A000000183230,정제수,1,False
pi_lotion_A000000183230,다이프로필렌글라이콜,2,False
pi_lotion_A000000183230,카프릴릴메티콘,3,False
pi_lotion_A000000183230,하이드로제네이티드폴리(C6-14올레핀),4,False
pi_lotion_A000000183230,메틸프로판다이올,5,False
pi_lotion_A000000183230,"1,2-헥산다이올",6,False
pi_lotion_A000000183230,카프릴릭/카프릭트라이글리세라이드,7,False
pi_lotion_A000000183230,글리세린,8,False
pi_lotion_A000000183230,해수,9,False
pi_lotion_A000000183230,부틸렌글라이콜,10,False
pi_lotion_A000000183230,하이드로제네이티드레시틴,11,False
pi_lotion_A000000183230,토코페롤,12,False
pi_lotion_A000000183230,연꽃꽃추출물,13,False
pi_lotion_A000000183230,효모발효물,14,False
pi_lotion_A000000183230,개똥쑥추출물,15,False
pi_lotion_A000000183230,쌀추출물,16,False
pi_lotion_A000000183230,판테놀,17,False
pi_lotion_A000000183230,소듐폴리아크릴로일다이메틸타우레이트,18,False
pi_lotion_A000000183230,팔미틱애씨드,19,False
pi_lotion_A000000183230,소듐하이알루로네이트,20,False
pi_lotion_A000000183230,하이드롤라이즈드하이알루로닉애씨드,21,False
pi_lotion_A000000183230,소듐아세틸레이티드하이알루로네이트,22,False
pi_lotion_A000000183230,에틸헥실글리세린,23,False
pi_lotion_A000000183230,폴리글리세릴-2스테아레이트,24,False
pi_lotion_A000000183230,C14-22알코올,25,False
pi_lotion_A000000183230,글루코오스,26,False
pi_lotion_A000000183230,글루코노락톤,27,False
pi_lotion_A000000183230,아크릴레이트/C10-30알킬아크릴레이트크로스폴리머,28,False
pi_lotion_A000000183230,글리세릴스테아레이트,29,False
pi_lotion_A000000183230,C12-16알코올,30,False
pi_lotion_A000000183230,암모늄아크릴로일다이메틸타우레이트/브이피코폴리머,31,False
pi_lotion_A000000183230,C12-20알킬글루코사이드,32,False
pi_lotion_A000000183230,카프릴릴글라이콜,33,False
pi_lotion_A000000183230,스테아릴알코올,34,False
pi_lotion_A000000183230,잔탄검,35,False
pi_lotion_A000000183230,트로메타민,36,False
pi_lotion_A000000183230,다이소듐이디티에이,37,False
pi_lotion_A000000212251,정제수,1,False
pi_lotion_A000000212251,프로판다이올,2,False
pi_lotion_A000000212251,메틸메타크릴레이트크로스폴리머,3,False
pi_lotion_A000000212251,나이아신아마이드,4,False
pi_lotion_A000000212251,"1,2-헥산다이올",5,False
pi_lotion_A000000212251,카우슬립추출물,6,False
pi_lotion_A000000212251,녹차추출물,7,False
pi_lotion_A000000212251,티트리추출물,8,False
pi_lotion_A000000212251,달맞이꽃꽃추출물,9,False
pi_lotion_A000000212251,당느릅나무뿌리추출물,10,False
pi_lotion_A000000212251,대왕소나무잎추출물,11,False
pi_lotion_A000000212251,칡뿌리추출물,12,False
pi_lotion_A000000212251,에난티아클로란타껍질추출물,13,False
pi_lotion_A000000212251,녹차수,14,False
pi_lotion_A000000212251,티트리잎수,15,False
pi_lotion_A000000212251,티트리잎오일,16,False
pi_lotion_A000000212251,옥틸도데칸올,17,False
pi_lotion_A000000212251,하이드록시에틸아크릴레이트/소듐아크릴로일다이메틸타우레이트코폴리머,18,False
pi_lotion_A000000212251,메틸프로판다이올,19,False
pi_lotion_A000000212251,아크릴레이트/C10-30알킬아크릴레이트크로스폴리머,20,False
pi_lotion_A000000212251,트로메타민,21,False
pi_lotion_A000000212251,하이드록시아세토페논,22,False
pi_lotion_A000000212251,폴리에스터-5,23,False
pi_lotion_A000000212251,바쿠치올,24,False
pi_lotion_A000000212251,에틸헥실글리세린,25,False
pi_lotion_A000000212251,수크로오스,26,False
pi_lotion_A000000212251,아데노신,27,False
pi_lotion_A000000212251,솔비탄아이소스테아레이트,28,False
pi_lotion_A000000212251,판테놀,29,False
pi_lotion_A000000212251,부틸렌글라이콜,30,False
pi_lotion_A000000212251,토코페롤,31,False
pi_lotion_A000000212251,시트릭애씨드,32,False
pi_lotion_A000000212251,에피갈로카테킨갈레이트,33,False
pi_lotion_A000000212251,올레아놀릭애씨드,34,False
pi_lotion_A000000197739,정제수,1,False
pi_lotion_A000000197739,부틸렌글라이콜,2,False
pi_lotion_A000000197739,아이소노닐아이소노나노에이트,3,False
pi_lotion_A000000197739,베타인,4,False
pi_lotion_A000000197739,"1,2-헥산다이올",5,False
pi_lotion_A000000197739,다이프로필렌글라이콜,6,False
pi_lotion_A000000197739,달맞이꽃꽃추출물,7,False
pi_lotion_A000000197739,대왕소나무잎추출물,8,False
pi_lotion_A000000197739,칡뿌리추출물,9,False
pi_lotion_A000000197739,당느릅나무뿌리추출물,10,False
pi_lotion_A000000197739,녹차추출물,11,False
pi_lotion_A000000197739,병풀잎추출물,12,False
pi_lotion_A000000197739,오카무라큰실말추출물,13,False
pi_lotion_A000000197739,흰버드나무껍질추출물,14,False
pi_lotion_A000000197739,커피콩추출물,15,False
pi_lotion_A000000197739,베르가모트잎추출물,16,False
pi_lotion_A000000197739,소나무잎추출물,17,False
pi_lotion_A000000197739,소듐하이알루로네이트,18,False
pi_lotion_A000000197739,하이드롤라이즈드하이알루로닉애씨드,19,False
pi_lotion_A000000197739,소듐아세틸레이티드하이알루로네이트,20,False
pi_lotion_A000000197739,글리세린,21,False
pi_lotion_A000000197739,에틸헥실글리세린,22,False
pi_lotion_A000000197739,알란토인,23,False
pi_lotion_A000000197739,판테놀,24,False
pi_lotion_A000000197739,해수,25,False
pi_lotion_A000000197739,데실글루코사이드,26,False
pi_lotion_A000000197739,카프릴로일살리실릭애씨드,27,False
pi_lotion_A000000197739,글루코노락톤,28,False
pi_lotion_A000000197739,글리세릴글루코사이드,29,False
pi_lotion_A000000197739,실리카,30,False
pi_lotion_A000000197739,암모늄아크릴로일다이메틸타우레이트/브이피코폴리머,31,False
pi_lotion_A000000197739,솔비탄아이소스테아레이트,32,False
pi_lotion_A000000197739,하이드록시에틸아크릴레이트/소듐아크릴로일다이메틸타우레이트코폴리머,33,False
pi_lotion_A000000197739,알지닌,34,False
pi_lotion_A000000197739,베르가모트오일,35,False
pi_lotion_A000000197739,살비아오일,36,False
pi_lotion_A000000197739,다이소듐이디티에이,37,False
pi_lotion_A000000197739,카보머,38,False
pi_lotion_A000000250632,로션:정제수,1,False
pi_lotion_A000000250632,글리세린,2,False
pi_lotion_A000000250632,카프릴릭/카프릭트라이글리세라이드,3,False
pi_lotion_A000000250632,프로판다이올,4,False
pi_lotion_A000000250632,세테아릴알코올,5,False
pi_lotion_A000000250632,올리브오일,6,False
pi_lotion_A000000250632,솔비탄스테아레이트,7,False
pi_lotion_A000000250632,식물성스쿠알란,8,False
pi_lotion_A000000250632,다이메티콘,9,False
pi_lotion_A000000250632,스테아릭애씨드,10,False
pi_lotion_A000000250632,"1,2-헥산다이올",11,False
pi_lotion_A000000250632,폴리글리세릴-3메틸글루코오스다이스테아레이트,12,False
pi_lotion_A000000250632,미리스토일/팔미토일옥소스테아라마이드/아라카마이드엠이에이,13,False
pi_lotion_A000000250632,메틸카프로오일타이로지네이트,14,False
pi_lotion_A000000250632,세틸팔미테이트,15,False
pi_lotion_A000000250632,솔비탄팔미테이트,16,False
pi_lotion_A000000250632,솔비탄올리베이트,17,False
pi_lotion_A000000250632,글리세릴스테아레이트,18,False
pi_lotion_A000000250632,카놀라오일,19,False
pi_lotion_A000000250632,피토스테롤,20,False
pi_lotion_A000000250632,토코페릴아세테이트,21,False
pi_lotion_A000000250632,비사보롤,22,False
pi_lotion_A000000250632,잔탄검,23,False
pi_lotion_A000000250632,카보머,24,False
pi_lotion_A000000250632,알지닌,25,False
pi_lotion_A000000250632,소듐하이알루로네이트,26,False
pi_lotion_A000000250632,글리세릴스테아레이트에스이,27,False
pi_lotion_A000000250632,메틸글루코오스세스퀴스테아레이트,28,False
pi_lotion_A000000250632,카프릴릴글라이콜,29,False
pi_lotion_A000000250632,다이소듐이디티에이●크림토너:정제수,30,False
pi_lotion_A000000250632,부틸렌글라이콜,31,False
pi_lotion_A000000250632,시어버터,33,False
pi_lotion_A000000250632,하이드로제네이티드레시틴,35,False
pi_lotion_A000000250632,폴리글리세릴-10스테아레이트,36,False
pi_lotion_A000000250632,폴리글리세릴-10베헤네이트/에이코사디오에이트,37,False
pi_lotion_A000000250632,다이프로필렌글라이콜,38,False
pi_lotion_A000000250632,판테놀,39,False
pi_lotion_A000000250632,다이포타슘글리시리제이트,40,False
pi_lotion_A000000250632,세테아릴올리베이트,41,False
pi_lotion_A000000250632,징크글루코네이트,44,False
pi_lotion_A000000250632,하이드록시아세토페논,46,False
pi_lotion_A000000242173,스키조사카로미세스발효여과물,1,False
pi_lotion_A000000242173,글리세린,2,False
pi_lotion_A000000242173,부틸렌글라이콜,3,False
pi_lotion_A000000242173,프로판다이올,4,False
pi_lotion_A000000242173,변성알코올,5,False
pi_lotion_A000000242173,베타인,6,False
pi_lotion_A000000242173,나이아신아마이드,7,False
pi_lotion_A000000242173,"1,2-헥산다이올",8,False
pi_lotion_A000000242173,정제수,9,False
pi_lotion_A000000242173,판테놀,10,False
pi_lotion_A000000242173,트로메타민,11,False
pi_lotion_A000000242173,아크릴레이트/C10-30알킬아크릴레이트크로스폴리머,12,False
pi_lotion_A000000242173,카보머,13,False
pi_lotion_A000000242173,글리세릴카프릴레이트,14,False
pi_lotion_A000000242173,클로렐라프로토테코이데스추출물,15,False
pi_lotion_A000000242173,에틸헥실글리세린,16,False
pi_lotion_A000000242173,아데노신,17,False
pi_lotion_A000000242173,프로필렌글라이콜,18,False
pi_lotion_A000000242173,소듐글루코네이트,19,False
pi_lotion_A000000242173,다이소듐이디티에이,20,False
pi_lotion_A000000242173,소듐하이알로네이트,21,False
pi_lotion_A000000242173,하이드롤라이즈드디엔에이,22,False
pi_lotion_A000000242173,향료,23,False
pi_lotion_A000000242173,리모넨,24,False
pi_lotion_A000000242173,토코페롤,25,False
pi_lotion_A000000242173,헥사펩타이드-9,26,False
pi_lotion_A000000203247,정제수,1,False
pi_lotion_A000000203247,락토바실러스발효용해물,2,False
pi_lotion_A000000203247,부틸렌글라이콜,3,False
pi_lotion_A000000203247,글리세린,4,False
pi_lotion_A000000203247,"1,2-헥산다이올",5,False
pi_lotion_A000000203247,옥틸도데실미리스테이트,6,False
pi_lotion_A000000203247,카프릴릴메티콘,7,False
pi_lotion_A000000203247,하이드로제네이티드폴리(C6-14올레핀),8,False
pi_lotion_A000000203247,베타인,9,False
pi_lotion_A000000203247,락토바실러스발효물,10,False
pi_lotion_A000000203247,프룩토올리고사카라이드,11,False
pi_lotion_A000000203247,프룩탄,12,False
pi_lotion_A000000203247,이눌린,13,False
pi_lotion_A000000203247,판테놀,14,False
pi_lotion_A000000203247,베타-글루칸,15,False
pi_lotion_A000000203247,아데노신,16,False
pi_lotion_A000000203247,사포닌,17,False
pi_lotion_A000000203247,수용성프로테오글리칸,18,False
pi_lotion_A000000203247,노나펩타이드-1,19,False
pi_lotion_A000000203247,아세틸테트라펩타이드-9,20,False
pi_lotion_A000000203247,아세틸테트라펩타이드-5,21,False
pi_lotion_A000000203247,아세틸헥사펩타이드-1,22,False
pi_lotion_A000000203247,아세틸헥사펩타이드-8,23,False
pi_lotion_A000000203247,팔미토일트라이펩타이드-8,24,False
pi_lotion_A000000203247,다이펩타이드다이아미노부티로일벤질아마이드다이아세테이트,25,False
pi_lotion_A000000203247,카퍼트라이펩타이드-1,26,False
pi_lotion_A000000203247,트라이펩타이드-1,27,False
pi_lotion_A000000203247,팔미토일테트라펩타이드-7,28,False
pi_lotion_A000000203247,팔미토일트라이펩타이드-1,29,False
pi_lotion_A000000203247,팔미토일트라이펩타이드-5,30,False
pi_lotion_A000000203247,팔미토일펜타펩타이드-4,31,False
pi_lotion_A000000203247,팔미토일헥사펩타이드-12,32,False
pi_lotion_A000000203247,펜타펩타이드-3,33,False
pi_lotion_A000000203247,헥사펩타이드-9,34,False
pi_lotion_A000000203247,올리고펩타이드-2,35,False
pi_lotion_A000000203247,참마뿌리추출물,36,False
pi_lotion_A000000203247,펜틸렌글라이콜,37,False
pi_lotion_A000000203247,폴리글리세릴-3메틸글루코오스다이스테아레이트,38,False
pi_lotion_A000000203247,글리세릴스테아레이트,39,False
pi_lotion_A000000203247,세틸에틸헥사노에이트,40,False
pi_lotion_A000000203247,비스-다이글리세릴폴리아실아디페이트-2,41,False
pi_lotion_A000000203247,카프릴릭/카프릭트라이글리세라이드,42,False
pi_lotion_A000000203247,비닐다이메티콘,43,False
pi_lotion_A000000203247,하이드록시에틸아크릴레이트/소듐아크릴로일다이메틸타우레이트코폴리머,44,False
pi_lotion_A000000203247,팔미틱애씨드,45,False
pi_lotion_A000000203247,스테아릭애씨드,46,False
pi_lotion_A000000203247,다이메티콘올,47,False
pi_lotion_A000000203247,에틸헥실글리세린,48,False
pi_lotion_A000000203247,카보머,49,False
pi_lotion_A000000203247,잔탄검,50,False
pi_lotion_A000000203247,하이드로제네이티드유채씨오일,51,False
pi_lotion_A000000203247,트로메타민,52,False
pi_lotion_A000000203247,솔비탄아이소스테아레이트,53,False
pi_lotion_A000000203247,말토덱스트린,54,False
pi_lotion_A000000203247,프로판다이올,55,False
pi_lotion_A000000203247,알진,56,False
pi_lotion_A000000203247,바이오사카라이드검-4,57,False
pi_lotion_A000000203247,세테아릴글루코사이드,58,False
pi_lotion_A000000203247,세테아릴알코올,59,False
pi_lotion_A000000203247,소듐폴리아크릴레이트,60,False
pi_lotion_A000000203247,소듐스테아로일글루타메이트,61,False
pi_lotion_A000000203247,토코페롤,62,False
pi_lotion_A000000203247,미네랄솔트,63,False
pi_lotion_A000000203247,하이드롤라이즈드옥수수전분,64,False
pi_lotion_A000000203247,소듐포스페이트,65,False
pi_lotion_A000000203247,카프릴릴글라이콜,66,False
pi_lotion_A000000203247,수크로오스,67,False
pi_lotion_A000000203247,덱스트란,68,False
pi_lotion_A000000203247,다이소듐포스페이트,69,False
pi_lotion_A000000203247,향료,70,False
pi_lotion_A000000121268,정제수,1,False
pi_lotion_A000000121268,프로판다이올,2,False
pi_lotion_A000000121268,펜틸렌글라이콜,3,False
pi_lotion_A000000121268,비닐다이메티콘,4,False
pi_lotion_A000000121268,글리세린,5,False
pi_lotion_A000000121268,세틸에틸헥사노에이트,6,False
pi_lotion_A000000121268,알바수련꽃추출물,7,False
pi_lotion_A000000121268,알로에베라잎즙,8,False
pi_lotion_A000000121268,부틸렌글라이콜,9,False
pi_lotion_A000000121268,마데카소사이드,10,False
pi_lotion_A000000121268,세테아릴올리베이트,11,False
pi_lotion_A000000121268,카보머,12,False
pi_lotion_A000000121268,솔비탄올리베이트,13,False
pi_lotion_A000000121268,트로메타민,14,False
pi_lotion_A000000121268,소듐하이알루로네이트,15,False
pi_lotion_A000000200886,정제수,1,False
pi_lotion_A000000200886,다이프로필렌글라이콜,2,False
pi_lotion_A000000200886,글리세린,3,False
pi_lotion_A000000200886,나이아신아마이드,4,False
pi_lotion_A000000200886,"1,2-헥산다이올",5,False
pi_lotion_A000000200886,폴리메틸실세스퀴옥세인,6,False
pi_lotion_A000000200886,베타인,7,False
pi_lotion_A000000200886,C15-19알케인,8,False
pi_lotion_A000000200886,판테놀,9,False
pi_lotion_A000000200886,소듐하이알루로네이트,10,False
pi_lotion_A000000200886,하이드롤라이즈드하이알루로닉애씨드,11,False
pi_lotion_A000000200886,슈도알테로모나스발효추출물,12,False
pi_lotion_A000000200886,포도덩굴수액,13,False
pi_lotion_A000000200886,가시대나무수액,14,False
pi_lotion_A000000200886,자작나무수액,15,False
pi_lotion_A000000200886,하늘타리뿌리추출물,16,False
pi_lotion_A000000200886,개똥쑥추출물,17,False
pi_lotion_A000000200886,님잎추출물,18,False
pi_lotion_A000000200886,녹차추출물,19,False
pi_lotion_A000000200886,카프릴릴글라이콜,20,False
pi_lotion_A000000200886,다이카프릴릴에터,21,False
pi_lotion_A000000200886,다이카프릴릴카보네이트,22,False
pi_lotion_A000000200886,카프릴릭/카프릭트라이글리세라이드,23,False
pi_lotion_A000000200886,펜타에리스리틸테트라에틸헥사노에이트,24,False
pi_lotion_A000000200886,펜타에리스리틸테트라아이소스테아레이트,25,False
pi_lotion_A000000200886,폴리글리세릴-10스테아레이트,26,False
pi_lotion_A000000200886,폴리글리세릴-10올리에이트,27,False
pi_lotion_A000000200886,카보머,28,False
pi_lotion_A000000200886,아크릴레이트/C10-30알킬아크릴레이트크로스폴리머,29,False
pi_lotion_A000000200886,암모늄아크릴로일다이메틸타우레이트/브이피코폴리머,30,False
pi_lotion_A000000200886,아데노신,31,False
pi_lotion_A000000200886,토코페롤,32,False
pi_lotion_A000000200886,트라이소듐이디티에이,33,False
pi_lotion_A000000200886,트로메타민,34,False
pi_lotion_A000000184664,정제수,1,False
pi_lotion_A000000184664,부틸렌글라이콜,2,False
pi_lotion_A000000184664,세틸에틸헥사노에이트,3,False
pi_lotion_A000000184664,글리세린,4,False
pi_lotion_A000000184664,펜타에리스리틸테트라에틸헥사노에이트,5,False
pi_lotion_A000000184664,변성알코올,6,False
pi_lotion_A000000184664,폴리글리세릴-3다이스테아레이트,7,False
pi_lotion_A000000184664,"1,2-헥산다이올",8,False
pi_lotion_A000000184664,글리세릴스테아레이트시트레이트,9,False
pi_lotion_A000000184664,세테아릴알코올,10,False
pi_lotion_A000000184664,페닐트라이메티콘,11,False
pi_lotion_A000000184664,비스-하이드록시에톡시프로필다이메티콘,12,False
pi_lotion_A000000184664,글리세릴스테아레이트,13,False
pi_lotion_A000000184664,카보머,14,False
pi_lotion_A000000184664,트로메타민,15,False
pi_lotion_A000000184664,하이드록시에틸아크릴레이트/소듐아크릴로일다이메틸타우레이트코폴리머,16,False
pi_lotion_A000000184664,향료,17,False
pi_lotion_A000000184664,잔탄검,18,False
pi_lotion_A000000184664,카프릴릴글라이콜,19,False
pi_lotion_A000000184664,글리세릴카프릴레이트,20,False
pi_lotion_A000000184664,스키조사카로미세스발효여과물,21,False
pi_lotion_A000000184664,프로판다이올,22,False
pi_lotion_A000000184664,다이소듐이디티에이,23,False
pi_lotion_A000000184664,아데노신,24,False
pi_lotion_A000000184664,타우린,25,False
pi_lotion_A000000184664,솔비탄아이소스테아레이트,26,False
pi_lotion_A000000184664,낫토검,27,False
pi_lotion_A000000184664,돌콩추출물,28,False
pi_lotion_A000000184664,에틸헥실글리세린,29,False
pi_lotion_A000000184664,토코페롤,30,False
pi_lotion_A000000149211,정제수,1,False
pi_lotion_A000000149211,글리세린,2,False
pi_lotion_A000000149211,메틸프로판다이올,3,False
pi_lotion_A000000149211,"1,2-헥산다이올",4,False
pi_lotion_A000000149211,나이아신아마이드,5,False
pi_lotion_A000000149211,다이메티콘,6,False
pi_lotion_A000000149211,카바카바잎/뿌리/줄기추출물,7,False
pi_lotion_A000000149211,참마뿌리추출물,8,False
pi_lotion_A000000149211,녹차추출물,9,False
pi_lotion_A000000149211,검정콩추출물,10,False
pi_lotion_A000000149211,마트리카리아꽃/잎추출물,11,False
pi_lotion_A000000149211,서양산딸기추출물,12,False
pi_lotion_A000000149211,병풀추출물,13,False
pi_lotion_A000000149211,락토바실러스/콩발효추출물,14,False
pi_lotion_A000000149211,약모밀추출물,15,False
pi_lotion_A000000149211,원지뿌리추출물,16,False
pi_lotion_A000000149211,도라지뿌리추출물,17,False
pi_lotion_A000000149211,흰목이버섯추출물,18,False
pi_lotion_A000000149211,은행나무잎추출물,19,False
pi_lotion_A000000149211,동백나무잎추출물,20,False
pi_lotion_A000000149211,로켓잎추출물,21,False
pi_lotion_A000000149211,밀싹추출물,22,False
pi_lotion_A000000149211,브로콜리싹추출물,23,False
pi_lotion_A000000149211,자주개자리추출물,24,False
pi_lotion_A000000149211,검은깨추출물,25,False
pi_lotion_A000000149211,율무씨추출물,26,False
pi_lotion_A000000149211,흑미추출물,27,False
pi_lotion_A000000149211,콘민트잎추출물,28,False
pi_lotion_A000000149211,파스향나무잎추출물,29,False
pi_lotion_A000000149211,스페인감초뿌리추출물,30,False
pi_lotion_A000000149211,작약뿌리추출물,31,False
pi_lotion_A000000149211,천궁뿌리추출물,32,False
pi_lotion_A000000149211,칡뿌리추출물,33,False
pi_lotion_A000000149211,쇠비름추출물,34,False
pi_lotion_A000000149211,수용성콜라겐,35,False
pi_lotion_A000000149211,수레국화꽃수,36,False
pi_lotion_A000000149211,푸른연꽃수,37,False
pi_lotion_A000000149211,하이드로제네이티드레시틴,38,False
pi_lotion_A000000149211,소듐하이알루로네이트,39,False
pi_lotion_A000000149211,알로에베라잎즙,40,False
pi_lotion_A000000149211,스키조사카로미세스발효여과물,41,False
pi_lotion_A000000149211,다이메티콘/비닐다이메티콘크로스폴리머,42,False
pi_lotion_A000000149211,암모늄아크릴로일다이메틸타우레이트/브이피코폴리머,43,False
pi_lotion_A000000149211,다이페닐다이메티콘,44,False
pi_lotion_A000000149211,트라이에틸헥사노인,45,False
pi_lotion_A000000149211,부틸렌글라이콜,46,False
pi_lotion_A000000149211,시어버터,47,False
pi_lotion_A000000149211,글라이코실트레할로오스,48,False
pi_lotion_A000000149211,폴리글리세릴-10미리스테이트,49,False
pi_lotion_A000000149211,폴리글리세릴-10올리에이트,50,False
pi_lotion_A000000149211,하이드로제네이티드스타치하이드롤리세이트,51,False
pi_lotion_A000000149211,라피노오스,52,False
pi_lotion_A000000149211,아데노신,53,False
pi_lotion_A000000149211,아크릴레이트/C10-30알킬아크릴레이트크로스폴리머,54,False
pi_lotion_A000000149211,실리카,55,False
pi_lotion_A000000149211,다이소듐이디티에이,56,False
pi_lotion_A000000149211,트로메타민,57,False
pi_lotion_A000000149211,레시틴,58,False
pi_lotion_A000000149211,크레아틴,59,False
pi_lotion_A000000149211,하이드롤라이즈드루핀단백질,60,False
pi_lotion_A000000149211,하이드롤라이즈드하이알루로닉애씨드,61,False
pi_lotion_A000000149211,폴리쿼터늄-51,62,False
pi_lotion_A000000149211,시트릭애씨드,63,False
pi_lotion_A000000149211,바이오사카라이드검-1,64,False
pi_lotion_A000000149211,잔탄검,65,False
pi_lotion_A000000149211,소르빅애씨드,66,False
pi_lotion_A000000149211,향료,67,False
pi_lotion_A000000149211,에틸헥실글리세린,68,False
pi_lotion_A000000149211,페녹시에탄올,69,False
pi_lotion_A000000145835,알로에베라잎추출물,1,False
pi_lotion_A000000145835,부틸렌글라이콜,2,False
pi_lotion_A000000145835,병풀추출물,3,False
pi_lotion_A000000145835,글리세린,4,False
pi_lotion_A000000145835,나이아신아마이드,5,False
pi_lotion_A000000145835,카프릴릭/카프릭트라이글리세라이드,6,False
pi_lotion_A000000145835,C13-15알케인,7,False
pi_lotion_A000000145835,베타인,8,False
pi_lotion_A000000145835,세테아릴올리베이트,9,False
pi_lotion_A000000145835,솔비탄올리베이트,10,False
pi_lotion_A000000145835,세테아릴알코올,11,False
pi_lotion_A000000145835,스쿠알란,12,False
pi_lotion_A000000145835,프로판다이올,13,False
pi_lotion_A000000145835,녹차추출물,14,False
pi_lotion_A000000145835,베타-글루칸,15,False
pi_lotion_A000000145835,시트릭애씨드,16,False
pi_lotion_A000000145835,마카다미아씨오일,17,False
pi_lotion_A000000145835,하이드로제네이티드레시틴,18,False
pi_lotion_A000000145835,폴리글리세릴-10올리에이트,19,False
pi_lotion_A000000145835,다이프로필렌글라이콜,20,False
pi_lotion_A000000145835,아시아티코사이드,21,False
pi_lotion_A000000145835,마데카식애씨드,22,False
pi_lotion_A000000145835,아시아틱애씨드,23,False
pi_lotion_A000000145835,세라마이드엔피,24,False
pi_lotion_A000000145835,피버퓨추출물,25,False
pi_lotion_A000000145835,하이드롤라이즈드타피오카덩이줄기추출물,26,False
pi_lotion_A000000145835,여주열매추출물,27,False
pi_lotion_A000000145835,락토바실러스발효물,28,False
pi_lotion_A000000145835,망고추출물,29,False
pi_lotion_A000000145835,얼룩파인애플추출물,30,False
pi_lotion_A000000145835,실리카,31,False
pi_lotion_A000000145835,암모늄폴리아크릴로일다이메틸타우레이트,32,False
pi_lotion_A000000145835,판테놀,33,False
pi_lotion_A000000145835,잔탄검,34,False
pi_lotion_A000000145835,다이소듐이디티에이,35,False
pi_lotion_A000000145835,다이포타슘글리시리제이트,36,False
pi_lotion_A000000145835,알란토인,37,False
pi_lotion_A000000145835,"1,2-헥산다이올",38,False
pi_lotion_A000000145835,하이드록시아세토페논,39,False
pi_lotion_A000000145835,에틸헥실글리세린,40,False
pi_lotion_A000000207111,정제수,1,False
pi_lotion_A000000207111,글리세린,2,False
pi_lotion_A000000207111,부틸렌글라이콜,3,False
pi_lotion_A000000207111,카프릴릭/카프릭트라이글리세라이드,4,False
pi_lotion_A000000207111,"1,2-헥산다이올",5,False
pi_lotion_A000000207111,판테놀,6,False
pi_lotion_A000000207111,아데노신,7,False
pi_lotion_A000000207111,소듐하이알루로네이트,8,False
pi_lotion_A000000207111,하이드롤라이즈드하이알루로닉애씨드,9,False
pi_lotion_A000000207111,소듐아세틸레이티드하이알루로네이트,10,False
pi_lotion_A000000207111,소듐하이알루로네이트크로스폴리머,11,False
pi_lotion_A000000207111,하이드롤라이즈드소듐하이알루로네이트,12,False
pi_lotion_A000000207111,알란토인,13,False
pi_lotion_A000000207111,징크피씨에이,14,False
pi_lotion_A000000207111,글리세레스-26,15,False
pi_lotion_A000000207111,펜틸렌글라이콜,16,False
pi_lotion_A000000207111,"2,3-부탄다이올",17,False
pi_lotion_A000000207111,우레아,18,False
pi_lotion_A000000207111,트로메타민,19,False
pi_lotion_A000000207111,하이드록시에틸아크릴레이트/소듐아크릴로일다이메틸타우레이트코폴리머,20,False
pi_lotion_A000000207111,하이드록시에틸우레아,21,False
pi_lotion_A000000207111,C12-20알킬글루코사이드,22,False
pi_lotion_A000000207111,잔탄검,23,False
pi_lotion_A000000207111,다이소듐이디티에이,24,False
pi_lotion_A000000207111,아크릴레이트/C10-30알킬아크릴레이트크로스폴리머,25,False
pi_lotion_A000000207111,글리세릴아크릴레이트/아크릴릭애씨드코폴리머,26,False
pi_lotion_A000000207111,피브이엠/엠에이코폴리머,27,False
pi_lotion_A000000207111,솔비탄아이소스테아레이트,28,False
pi_lotion_A000000207111,소듐아세테이트,29,False
pi_lotion_A000000207111,비닐다이메티콘,30,False
pi_lotion_A000000207111,C14-22알코올,31,False
pi_lotion_A000000207111,다이펩타이드-2,32,False
pi_lotion_A000000207111,글루코오스,33,False
pi_lotion_A000000207111,에틸헥실글리세린,34,False
pi_lotion_A000000117541,우르오스올인원스킨밀크정제수,1,False
pi_lotion_A000000117541,글리세린,2,False
pi_lotion_A000000117541,하이드로제네이티드폴리(C6-12올레핀),3,False
pi_lotion_A000000117541,에탄올,4,False
pi_lotion_A000000117541,폴리글리세릴-10아이소스테아레이트,5,False
pi_lotion_A000000117541,아데노신포스페이트,6,False
pi_lotion_A000000117541,하이드록시프로필사이클로덱스트린,7,False
pi_lotion_A000000117541,아크릴레이트/C10-30알킬아크릴레이트크로스폴리머,8,False
pi_lotion_A000000117541,부틸렌글라이콜,9,False
pi_lotion_A000000117541,글리세릴카프릴레이트,10,False
pi_lotion_A000000117541,폴리글리세릴-10스테아레이트,11,False
pi_lotion_A000000117541,소듐아이소스테아로일락테이트,12,False
pi_lotion_A000000117541,소듐락테이트,13,False
pi_lotion_A000000117541,소듐하이드록사이드,14,False
pi_lotion_A000000117541,클로브꽃추출물,15,False
pi_lotion_A000000117541,사철쑥꽃추출물,16,False
pi_lotion_A000000117541,스타아니스열매/씨오일,17,False
pi_lotion_A000000117541,서양측백나무잎오일,18,False
pi_lotion_A000000117541,아틀라스시다나무껍질오일,19,False
pi_lotion_A000000117541,라반딘오일,20,False
pi_lotion_A000000117541,라임전초오일,21,False
pi_lotion_A000000117541,페퍼민트오일,22,False
pi_lotion_A000000117541,구주소나무잎오일,23,False
pi_lotion_A000000117541,로즈마리잎오일,24,False
pi_lotion_A000000117541,터펜틴,25,False
pi_lotion_A000000117541,리날룰,26,False
pi_lotion_A000000117541,리모넨■우르오스올인원스킨로션정제수,27,False
pi_lotion_A000000117541,펜틸렌글라이콜,29,False
pi_lotion_A000000117541,베타인,31,False
pi_lotion_A000000117541,피이지-6,32,False
pi_lotion_A000000117541,피이지-32,33,False
pi_lotion_A000000117541,소듐다이라우미도글루타미드라이신,36,False
pi_lotion_A000000117541,피피지-6-데실테트라데세스-30,37,False
pi_lotion_A000000117541,알진,38,False
pi_lotion_A000000117541,시트릭애씨드,39,False
pi_lotion_A000000117541,소듐하이알루로네이트,40,False
pi_lotion_A000000117541,페녹시에탄올,49,False
pi_lotion_A000000223782,정제수,1,False
pi_lotion_A000000223782,프로판다이올,2,False
pi_lotion_A000000223782,부틸렌글라이콜다이카프릴레이트/다이카프레이트,3,False
pi_lotion_A000000223782,메틸프로판다이올,4,False
pi_lotion_A000000223782,트라이에틸헥사노인,5,False
pi_lotion_A000000223782,나이아신아마이드,6,False
pi_lotion_A000000223782,아라키딜알코올,7,False
pi_lotion_A000000223782,비닐다이메티콘,8,False
pi_lotion_A000000223782,판테놀,9,False
pi_lotion_A000000223782,베헤닐알코올,10,False
pi_lotion_A000000223782,"1,2-헥산다이올",11,False
pi_lotion_A000000223782,글리세릴스테아레이트에스이,12,False
pi_lotion_A000000223782,폴리글리세릴-2스테아레이트,13,False
pi_lotion_A000000223782,포타슘세틸포스페이트,14,False
pi_lotion_A000000223782,폴리아크릴레이트크로스폴리머-6,15,False
pi_lotion_A000000223782,글리세릴글루코사이드,16,False
pi_lotion_A000000223782,암모늄아크릴로일다이메틸타우레이트/브이피코폴리머,17,False
pi_lotion_A000000223782,글리세릴스테아레이트,18,False
pi_lotion_A000000223782,세테아릴알코올,19,False
pi_lotion_A000000223782,세테아릴올리베이트,20,False
pi_lotion_A000000223782,아라키딜글루코사이드,21,False
pi_lotion_A000000223782,스테아릴알코올,22,False
pi_lotion_A000000223782,하이드로제네이티드레시틴,23,False
pi_lotion_A000000223782,솔비탄올리베이트,24,False
pi_lotion_A000000223782,하이드록시아세토페논,25,False
pi_lotion_A000000223782,글리세린,26,False
pi_lotion_A000000223782,토코페롤,27,False
pi_lotion_A000000223782,글루코노락톤,28,False
pi_lotion_A000000223782,프룩탄,29,False
pi_lotion_A000000223782,아데노신,30,False
pi_lotion_A000000223782,다이소듐이디티에이,31,False
pi_lotion_A000000223782,세라마이드엔피,32,False
pi_lotion_A000000223782,병풀추출물,33,False
pi_lotion_A000000223782,라이소레시틴,34,False
pi_lotion_A000000223782,하이드롤라이즈드감자단백질,35,False
pi_lotion_A000000223782,하이드롤라이즈드스위트아몬드단백질,36,False
pi_lotion_A000000223782,하이드롤라이즈드쌀단백질,37,False
pi_lotion_A000000223782,콜레스테롤,38,False
pi_lotion_A000000223782,팔미틱애씨드,39,False
pi_lotion_A000000223782,소듐하이알루로네이트,40,False
pi_lotion_A000000223782,하이드롤라이즈드콜라겐,41,False
pi_lotion_A000000223782,마데카소사이드,42,False
pi_lotion_A000000223782,마데카식애씨드,43,False
pi_lotion_A000000223782,아시아티코사이드,44,False
pi_lotion_A000000223782,아시아틱애씨드,45,False
pi_lotion_A000000223782,소듐하이알루로네이트크로스폴리머,46,False
pi_lotion_A000000223782,포타슘하이알루로네이트,47,False
pi_lotion_A000000223782,하이드록시프로필트라이모늄하이알루로네이트,48,False
pi_lotion_A000000223782,하이드롤라이즈드소듐하이알루로네이트,49,False
pi_lotion_A000000223782,하이드롤라이즈드하이알루로닉애씨드,50,False
pi_lotion_A000000223782,하이알루로닉애씨드,51,False
pi_lotion_A000000223782,아세틸헥사펩타이드-8,52,False
pi_lotion_A000000223782,소듐아세틸레이티드하이알루로네이트,53,False
pi_lotion_A000000206692,정제수,1,False
pi_lotion_A000000206692,부틸렌글라이콜,2,False
pi_lotion_A000000206692,글리세린,3,False
pi_lotion_A000000206692,"1,2-헥산다이올",4,False
pi_lotion_A000000206692,판테놀,5,False
pi_lotion_A000000206692,소듐하이알루로네이트,6,False
pi_lotion_A000000206692,하이드롤라이즈드하이알루로닉애씨드,7,False
pi_lotion_A000000206692,소듐아세틸레이티드하이알루로네이트,8,False
pi_lotion_A000000206692,소듐하이알루로네이트크로스폴리머,9,False
pi_lotion_A000000206692,하이드롤라이즈드소듐하이알루로네이트,10,False
pi_lotion_A000000206692,알란토인,11,False
pi_lotion_A000000206692,징크피씨에이,12,False
pi_lotion_A000000206692,에리스리톨,13,False
pi_lotion_A000000206692,자일리톨,14,False
pi_lotion_A000000206692,인도멀구슬나무잎추출물,15,False
pi_lotion_A000000206692,인도멀구슬나무꽃추출물,16,False
pi_lotion_A000000206692,아이비고드열매추출물,17,False
pi_lotion_A000000206692,가지열매추출물,18,False
pi_lotion_A000000206692,베타인,19,False
pi_lotion_A000000206692,우레아,20,False
pi_lotion_A000000206692,트로메타민,21,False
pi_lotion_A000000206692,펜틸렌글라이콜,22,False
pi_lotion_A000000206692,세틸에틸헥사노에이트,23,False
pi_lotion_A000000206692,카프릴릭/카프릭트라이글리세라이드,24,False
pi_lotion_A000000206692,세테아릴알코올,25,False
pi_lotion_A000000206692,소듐폴리아크릴레이트,26,False
pi_lotion_A000000206692,아크릴레이트/C10-30알킬아크릴레이트크로스폴리머,27,False
pi_lotion_A000000206692,하이드록시에틸아크릴레이트/소듐아크릴로일다이메틸타우레이트코폴리머,28,False
pi_lotion_A000000206692,에틸헥실글리세린,29,False
pi_lotion_A000000206692,글리세릴아크릴레이트/아크릴릭애씨드코폴리머,30,False
pi_lotion_A000000206692,C12-20알킬글루코사이드,31,False
pi_lotion_A000000206692,피브이엠/엠에이코폴리머,32,False
pi_lotion_A000000206692,C14-22알코올,33,False
pi_lotion_A000000206692,다이소듐이디티에이,34,False
pi_lotion_A000000206692,잔탄검,35,False
pi_lotion_A000000206692,"2,3-부탄다이올",36,False
pi_lotion_A000000206692,솔비탄아이소스테아레이트,37,False
pi_lotion_A000000206692,글루코오스,38,False
pi_lotion_A000000206692,말라카이트추출물,39,False
pi_lotion_A000000206692,알로에베라꽃추출물,40,False
pi_lotion_A000000206692,홀리바질잎추출물,41,False
pi_lotion_A000000206692,울금뿌리추출물,42,False
pi_lotion_A000000206692,참산호말추출물,43,False
pi_lotion_A000000247595,정제수,1,False
pi_lotion_A000000247595,세틸에틸헥사노에이트,2,False
pi_lotion_A000000247595,글리세린,3,False
pi_lotion_A000000247595,나이아신아마이드,4,False
pi_lotion_A000000247595,프로판다이올,5,False
pi_lotion_A000000247595,세테아릴알코올,6,False
pi_lotion_A000000247595,폴리글리세린-3,7,False
pi_lotion_A000000247595,다이프로필렌글라이콜,8,False
pi_lotion_A000000247595,다이메티콘,9,False
pi_lotion_A000000247595,하이드록시아세토페논,10,False
pi_lotion_A000000247595,카프릴릴글라이콜,11,False
pi_lotion_A000000247595,하이드록시에틸아크릴레이트/소듐아크릴로일다이메틸타우레이트코폴리머,12,False
pi_lotion_A000000247595,올레익애씨드,13,False
pi_lotion_A000000247595,아데노신,14,False
pi_lotion_A000000247595,다이소듐이디티에이,15,False
pi_lotion_A000000247595,솔비탄아이소스테아레이트,16,False
pi_lotion_A000000247595,우유추출물,17,False
pi_lotion_A000000247595,하이드로제네이티드레시틴,18,False
pi_lotion_A000000247595,부틸렌글라이콜,19,False
pi_lotion_A000000247595,스테아릭애씨드,20,False
pi_lotion_A000000247595,다이포타슘글리시리제이트,21,False
pi_lotion_A000000247595,"1,2-헥산다이올",22,False
pi_lotion_A000000247595,우유단백질추출물,23,False
pi_lotion_A000000247595,귀리단백질추출물,24,False
pi_lotion_A000000247595,세라마이드엔피,25,False
pi_lotion_A000000247595,밀크아미노산,26,False
pi_lotion_A000000247595,세라마이드엔에스,27,False
pi_lotion_A000000247595,콜레스테롤,28,False
pi_lotion_A000000247595,피토스핑고신,29,False
pi_lotion_A000000247595,세라마이드에이피,30,False
pi_lotion_A000000247595,세라마이드에이에스,31,False
pi_lotion_A000000247595,스위트아몬드단백질,32,False
pi_lotion_A000000247595,하이드롤라이즈드감자단백질,33,False
pi_lotion_A000000247595,하이드롤라이즈드옥수수단백질,34,False
pi_lotion_A000000247595,돌콩단백질,35,False
pi_lotion_A000000247595,세라마이드이오피[포어제로올인원]정제수,36,False
pi_lotion_A000000247595,버지니아풍년화수,37,False
pi_lotion_A000000247595,아이소도데케인,40,False
pi_lotion_A000000247595,하이드로제네이티드폴리데센,41,False
pi_lotion_A000000247595,병풀추출물,43,False
pi_lotion_A000000247595,무화과추출물,44,False
pi_lotion_A000000247595,카우슬립추출물,45,False
pi_lotion_A000000247595,베타-글루칸,46,False
pi_lotion_A000000247595,판테놀,48,False
pi_lotion_A000000247595,바쿠치올,49,False
pi_lotion_A000000247595,티트리잎수,50,False
pi_lotion_A000000247595,토코페롤,51,False
pi_lotion_A000000247595,엑토인,52,False
pi_lotion_A000000247595,4-터피네올,53,False
pi_lotion_A000000247595,에난티아클로란타껍질추출물,54,False
pi_lotion_A000000247595,아시아티코사이드,55,False
pi_lotion_A000000247595,마데카식애씨드,56,False
pi_lotion_A000000247595,아시아틱애씨드,57,False
pi_lotion_A000000247595,티트리잎오일,58,False
pi_lotion_A000000247595,티트리추출물,59,False
pi_lotion_A000000247595,올레아놀릭애씨드,60,False
pi_lotion_A000000247595,암모늄아크릴로일다이메틸타우레이트/브이피코폴리머,61,False
pi_lotion_A000000247595,폴리글리세릴-3메틸글루코오스다이스테아레이트,62,False
pi_lotion_A000000247595,메틸프로판다이올,63,False
pi_lotion_A000000247595,아크릴레이트/C10-30알킬아크릴레이트크로스폴리머,65,False
pi_lotion_A000000247595,알지닌,66,False
pi_lotion_A000000247595,에틸헥실글리세린,67,False
pi_lotion_A000000247595,수크로오스,70,False
pi_lotion_A000000247595,향료[비타올인원]정제수,73,False
pi_lotion_A000000247595,아이소프로필미리스테이트,75,False
pi_lotion_A000000247595,글리세릴스테아레이트,82,False
pi_lotion_A000000247595,하이드록시에틸우레아,83,False
pi_lotion_A000000247595,서양유채씨오일,87,False
pi_lotion_A000000247595,폴리글리세릴-10올리에이트,89,False
pi_lotion_A000000247595,포도씨오일,90,False
pi_lotion_A000000247595,소듐폴리아크릴로일다이메틸타우레이트,91,False
pi_lotion_A000000247595,마카다미아씨오일,92,False
pi_lotion_A000000247595,살구씨오일,93,False
pi_lotion_A000000247595,폴리글리세릴-2다이올리에이트,94,False
pi_lotion_A000000247595,향료,95,False
pi_lotion_A000000247595,카프릴릭/카프릭트라이글리세라이드,96,False
pi_lotion_A000000247595,아르간커넬오일,99,False
pi_lotion_A000000247595,아가,100,False
pi_lotion_A000000247595,트라이데세스-10,104,False
pi_lotion_A000000247595,펜틸렌글라이콜,105,False
pi_lotion_A000000247595,매실추출물,106,False
pi_lotion_A000000247595,사과추출물,107,False
pi_lotion_A000000247595,파파야열매추출물,108,False
pi_lotion_A000000247595,포도추출물,109,False
pi_lotion_A000000247595,아스코빅애씨드,110,False
pi_lotion_A000000247595,황색산화철,111,False
pi_lotion_A000000247595,마데카소사이드,112,False
pi_lotion_A000000247595,폴리글리세릴-10미리스테이트,113,False
pi_lotion_A000000247595,알부틴,114,False
pi_lotion_A000000247595,적색산화철,115,False
pi_lotion_A000000247595,데실글루코사이드,116,False
pi_lotion_A000000252600,정제수,1,False
pi_lotion_A000000252600,부틸렌글라이콜,2,False
pi_lotion_A000000252600,글리세린,3,False
pi_lotion_A000000252600,스쿠알란,4,False
pi_lotion_A000000252600,"1,2-헥산다이올",5,False
pi_lotion_A000000252600,트라이에틸헥사노인,6,False
pi_lotion_A000000252600,호호바씨오일,7,False
pi_lotion_A000000252600,판테놀,8,False
pi_lotion_A000000252600,폴리글리세릴-10스테아레이트,9,False
pi_lotion_A000000252600,펜틸렌글라이콜,10,False
pi_lotion_A000000252600,글리세릴스테아레이트,11,False
pi_lotion_A000000252600,하이드로제네이티드레시틴,12,False
pi_lotion_A000000252600,하이드로제네이티드폴리데센,13,False
pi_lotion_A000000252600,알지닌,14,False
pi_lotion_A000000252600,카보머,15,False
pi_lotion_A000000252600,하이드록시에틸셀룰로오스,16,False
pi_lotion_A000000252600,에틸헥실글리세린,17,False
pi_lotion_A000000252600,메틸다이아이소프로필프로피온아마이드,18,False
pi_lotion_A000000252600,다이소듐이디티에이,19,False
pi_lotion_A000000252600,엑토인,20,False
pi_lotion_A000000252600,베타인,21,False
pi_lotion_A000000252600,락토바실러스발효용해물,22,False
pi_lotion_A000000252600,프로판다이올,23,False
pi_lotion_A000000252600,칸디다봄비콜라/글루코오스/메틸레이프씨데이트발효물,24,False
pi_lotion_A000000252600,사카라이드아이소머레이트,25,False
pi_lotion_A000000252600,다이프로필렌글라이콜,26,False
pi_lotion_A000000252600,스위트아몬드열매추출물,27,False
pi_lotion_A000000252600,빌베리열매추출물,28,False
pi_lotion_A000000252600,흰목이버섯추출물,29,False
pi_lotion_A000000252600,타히보껍질추출물,30,False
pi_lotion_A000000252600,해바라기씨오일,31,False
pi_lotion_A000000252600,칡뿌리추출물,32,False
pi_lotion_A000000252600,카르노신,33,False
pi_lotion_A000000252600,"2,3-부탄다이올",34,False
pi_lotion_A000000252600,포트마리골드꽃추출물,35,False
pi_lotion_A000000252600,시트릭애씨드,36,False
pi_lotion_A000000252600,소듐시트레이트,37,False
pi_lotion_A000000252600,갈대추출물,38,False
pi_lotion_A000000252600,하이드롤라이즈드하이알루로닉애씨드,39,False
pi_lotion_A000000252600,다이메틸실란올하이알루로네이트,40,False
pi_lotion_A000000252600,하이드롤라이즈드소듐하이알루로네이트,41,False
pi_lotion_A000000252600,글라이코리피드,42,False
pi_lotion_A000000252600,소듐하이알루로네이트,43,False
pi_lotion_A000000252600,붉은토끼풀추출물,44,False
pi_lotion_A000000252600,하이알루로닉애씨드,45,False
pi_lotion_A000000252600,무화과추출물,46,False
pi_lotion_A000000252600,하이드록시프로필트라이모늄하이알루로네이트,47,False
pi_lotion_A000000252600,소듐하이알루로네이트크로스폴리머,48,False
pi_lotion_A000000252600,소듐하이알루로네이트다이메틸실란올,49,False
pi_lotion_A000000252600,밀배아추출물,50,False
pi_lotion_A000000252600,소듐아세틸레이티드하이알루로네이트,51,False
pi_lotion_A000000252600,아세틸테트라펩타이드-2,52,False
pi_lotion_A000000252600,병풀잎추출물,53,False
pi_lotion_A000000252600,아세틸헥사펩타이드-8,54,False
pi_lotion_A000000252600,아스코빅애씨드폴리펩타이드,55,False
pi_lotion_A000000252600,카퍼트라이펩타이드-1,56,False
pi_lotion_A000000252600,아세틸테트라펩타이드-3,57,False
pi_lotion_A000000252600,팔미토일트라이펩타이드-5,58,False
pi_lotion_A000000252600,아세틸테트라펩타이드-5,59,False
pi_lotion_A000000252600,아세틸테트라펩타이드-9,60,False
pi_lotion_A000000252600,아세틸옥타펩타이드-3,61,False
pi_lotion_A000000252600,팔미토일펜타펩타이드-4,62,False
pi_lotion_A000000252600,팔미토일트라이펩타이드-1,63,False
pi_lotion_A000000252600,노나펩타이드-1,64,False
pi_essence_A000000250225,케리포리아라케라타세포외소포,1,False
pi_essence_A000000250225,미선나무수,2,False
pi_essence_A000000250225,부틸렌글라이콜,3,False
pi_essence_A000000250225,"1,2-헥산다이올",4,False
pi_essence_A000000250225,하이드록시아세토페논,5,False
pi_essence_A000000250225,소듐하이알루로네이트,6,False
pi_essence_A000000255227,정제수,1,False
pi_essence_A000000255227,메틸프로판다이올,2,False
pi_essence_A000000255227,나이아신아마이드,3,False
pi_essence_A000000255227,피피지-26-부테스-26,4,False
pi_essence_A000000255227,피이지-40하이드로제네이티드캐스터오일,5,False
pi_essence_A000000255227,소듐피씨에이,6,False
pi_essence_A000000255227,다이소듐이디티에이,7,False
pi_essence_A000000255227,살리실릭애씨드,8,False
pi_essence_A000000255227,하이드록시에틸셀룰로오스,9,False
pi_essence_A000000255227,만니톨,10,False
pi_essence_A000000255227,소듐시트레이트,11,False
pi_essence_A000000255227,토코페릴아세테이트,12,False
pi_essence_A000000255227,자일리톨,13,False
pi_essence_A000000255227,헥실데칸올,14,False
pi_essence_A000000255227,세트리모늄브로마이드,15,False
pi_essence_A000000255227,향료,16,False
pi_essence_A000000255227,벤조트라이아졸릴도데실p-크레솔,17,False
pi_essence_A000000255227,람노오스,18,False
pi_essence_A000000255227,소듐하이드록사이드,19,False
pi_essence_A000000255227,사과씨추출물,20,False
pi_essence_A000000255227,유채스테롤,21,False
pi_essence_A000000255227,토코페롤,22,False
pi_essence_A000000259069,아쿠아(아벤느온천수),1,False
pi_essence_A000000259069,글리세린,2,False
pi_essence_A000000259069,펜틸렌글라이콜,3,False
pi_essence_A000000259069,"1,2-헥산다이올",4,False
pi_essence_A000000259069,다이메티콘,5,False
pi_essence_A000000259069,하이드록시에틸아크릴레이트/소듐아크릴로일다이메틸타우레이트코폴리머,6,False
pi_essence_A000000259069,베타인,7,False
pi_essence_A000000259069,메틸글루세스-20,8,False
pi_essence_A000000259069,아이소세틸스테아로일스테아레이트,9,False
pi_essence_A000000259069,트라이에틸헥사노인,10,False
pi_essence_A000000259069,하이드로제네이티드폴리아이소부텐,11,False
pi_essence_A000000259069,세테아릴올리베이트,12,False
pi_essence_A000000259069,솔비탄올리베이트,13,False
pi_essence_A000000259069,스쿠알란,14,False
pi_essence_A000000259069,트레할로오스,15,False
pi_essence_A000000259069,향료,16,False
pi_essence_A000000259069,정제수,17,False
pi_essence_A000000259069,소듐시트레이트,18,False
pi_essence_A000000259069,피이지-7트라이메틸올프로판코코넛에터,19,False
pi_essence_A000000259069,다이소듐이디티에이,20,False
pi_essence_A000000259069,레시틴,21,False
pi_essence_A000000259069,피토스테롤,22,False
pi_essence_A000000259069,잔탄검,23,False
pi_essence_A000000259069,솔비탄아이소스테아레이트,24,False
pi_essence_A000000259069,시트릭애씨드,25,False
pi_essence_A000000259069,소듐하이알루로네이트,26,False
pi_essence_A000000229481,정제수,1,False
pi_essence_A000000229481,아이소프로필미리스테이트,2,False
pi_essence_A000000229481,카프릴릭/카프릭트라이글리세라이드,3,False
pi_essence_A000000229481,세틸에틸헥사노에이트,4,False
pi_essence_A000000229481,글리세린,5,False
pi_essence_A000000229481,프로판다이올,6,False
pi_essence_A000000229481,나이아신아마이드,7,False
pi_essence_A000000229481,폴리글리세릴-2다이폴리하이드록시스테아레이트,8,False
pi_essence_A000000229481,피이지-30다이폴리하이드록시스테아레이트,9,False
pi_essence_A000000229481,폴리글리세릴-3다이아이소스테아레이트,10,False
pi_essence_A000000229481,"1,2-헥산다이올",11,False
pi_essence_A000000229481,토코페롤,12,False
pi_essence_A000000229481,하이드록시아세토페논,13,False
pi_essence_A000000229481,해바라기씨오일,14,False
pi_essence_A000000229481,아크릴레이트/C10-30알킬아크릴레이트크로스폴리머,15,False
pi_essence_A000000229481,알지닌,16,False
pi_essence_A000000229481,아데노신,17,False
pi_essence_A000000229481,세라마이드엔피,18,False
pi_essence_A000000229481,바오밥나무씨오일,19,False
pi_essence_A000000229481,다이소듐이디티에이,20,False
pi_essence_A000000229481,하이드로제네이티드레시틴,21,False
pi_essence_A000000229481,알란토인,22,False
pi_essence_A000000229481,스쿠알란,23,False
pi_essence_A000000229481,판테놀,24,False
pi_essence_A000000229481,폴리글루쿠로닉애씨드,25,False
pi_essence_A000000229481,세라마이드엔에스,26,False
pi_essence_A000000229481,세라마이드에이에스,27,False
pi_essence_A000000229481,세라마이드이오피,28,False
pi_essence_A000000229481,세라마이드에이피,29,False
pi_essence_A000000229481,산양삼추출물,30,False
pi_essence_A000000229481,소듐디엔에이,31,False
pi_essence_A000000232212,정제수,1,False
pi_essence_A000000232212,다이프로필렌글라이콜,2,False
pi_essence_A000000232212,글리세린,3,False
pi_essence_A000000232212,나이아신아마이드,4,False
pi_essence_A000000232212,부틸렌글라이콜,5,False
pi_essence_A000000232212,마카다미아씨오일,6,False
pi_essence_A000000232212,"1,2-헥산다이올",7,False
pi_essence_A000000232212,에틸헥실팔미테이트,8,False
pi_essence_A000000232212,소듐아크릴레이트/소듐아크릴로일다이메틸타우레이트코폴리머,9,False
pi_essence_A000000232212,폴리아이소부텐,10,False
pi_essence_A000000232212,실리카,11,False
pi_essence_A000000232212,글리세레스-26,12,False
pi_essence_A000000232212,에틸헥실글리세린,13,False
pi_essence_A000000232212,카프릴릴글라이콜,14,False
pi_essence_A000000232212,아데노신,15,False
pi_essence_A000000232212,소듐폴리아크릴레이트,16,False
pi_essence_A000000232212,소듐하이알루로네이트,17,False
pi_essence_A000000232212,병풀추출물,18,False
pi_essence_A000000232212,카프릴릴/카프릴글루코사이드,19,False
pi_essence_A000000232212,솔비탄올리에이트,20,False
pi_essence_A000000232212,잔탄검,21,False
pi_essence_A000000232212,프로폴리스추출물,22,False
pi_essence_A000000232212,아시아티코사이드,23,False
pi_essence_A000000232212,마데카소사이드,24,False
pi_essence_A000000232212,마데카식애씨드,25,False
pi_essence_A000000232212,아시아틱애씨드,26,False
pi_essence_A000000232212,글라이신,27,False
pi_essence_A000000232212,세린,28,False
pi_essence_A000000232212,글루타믹애씨드,29,False
pi_essence_A000000232212,아스파틱애씨드,30,False
pi_essence_A000000232212,류신,31,False
pi_essence_A000000232212,알라닌,32,False
pi_essence_A000000232212,라이신,33,False
pi_essence_A000000232212,알지닌,34,False
pi_essence_A000000232212,타이로신,35,False
pi_essence_A000000232212,페닐알라닌,36,False
pi_essence_A000000232212,트레오닌,37,False
pi_essence_A000000232212,프롤린,38,False
pi_essence_A000000232212,발린,39,False
pi_essence_A000000232212,아이소류신,40,False
pi_essence_A000000232212,히스티딘,41,False
pi_essence_A000000232212,메티오닌,42,False
pi_essence_A000000232212,시스테인,43,False
pi_essence_A000000210068,정제수,1,False
pi_essence_A000000210068,다이프로필렌글라이콜,2,False
pi_essence_A000000210068,글리세린,3,False
pi_essence_A000000210068,나이아신아마이드,4,False
pi_essence_A000000210068,부틸렌글라이콜,5,False
pi_essence_A000000210068,마카다미아씨오일,6,False
pi_essence_A000000210068,"1,2-헥산다이올",7,False
pi_essence_A000000210068,에틸헥실팔미테이트,8,False
pi_essence_A000000210068,실리카,9,False
pi_essence_A000000210068,소듐아크릴레이트/소듐아크릴로일다이메틸타우레이트코폴리머,10,False
pi_essence_A000000210068,폴리아이소부텐,11,False
pi_essence_A000000210068,글리세레스-26,12,False
pi_essence_A000000210068,에틸헥실글리세린,13,False
pi_essence_A000000210068,카프릴릴글라이콜,14,False
pi_essence_A000000210068,아데노신,15,False
pi_essence_A000000210068,소듐폴리아크릴레이트,16,False
pi_essence_A000000210068,병풀추출물,17,False
pi_essence_A000000210068,소듐하이알루로네이트,18,False
pi_essence_A000000210068,카프릴릴/카프릴글루코사이드,19,False
pi_essence_A000000210068,솔비탄올리에이트,20,False
pi_essence_A000000210068,잔탄검,21,False
pi_essence_A000000210068,프로폴리스추출물,22,False
pi_essence_A000000210068,아시아티코사이드,23,False
pi_essence_A000000210068,마데카소사이드,24,False
pi_essence_A000000210068,마데카식애씨드,25,False
pi_essence_A000000210068,아시아틱애씨드,26,False
pi_essence_A000000210068,글라이신,27,False
pi_essence_A000000210068,세린,28,False
pi_essence_A000000210068,글루타믹애씨드,29,False
pi_essence_A000000210068,아스파틱애씨드,30,False
pi_essence_A000000210068,류신,31,False
pi_essence_A000000210068,알라닌,32,False
pi_essence_A000000210068,라이신,33,False
pi_essence_A000000210068,알지닌,34,False
pi_essence_A000000210068,타이로신,35,False
pi_essence_A000000210068,페닐알라닌,36,False
pi_essence_A000000210068,트레오닌,37,False
pi_essence_A000000210068,프롤린,38,False
pi_essence_A000000210068,발린,39,False
pi_essence_A000000210068,아이소류신,40,False
pi_essence_A000000210068,히스티딘,41,False
pi_essence_A000000210068,메티오닌,42,False
pi_essence_A000000210068,시스테인,43,False
pi_essence_A000000200604,정제수글리세린다이메티콘아이소세틸스테아레이트나이아신아마이드아이소프로필라우로일사코시네이트실리카암모늄폴리아크릴로일다이메틸타우레이트쌀전분석류과피추출물포타슘세틸포스페이트솔비탄올리에이트징크피씨에이글리세릴스테아레이트에스이아이소헥사데칸소듐하이드록사이드미리스틸미리스테이트2-올레아미도-1,1,False
pi_essence_A000000200604,3-옥타데칸다이올만노오스폴록사머338카프릴로일살리실릭애씨드카프릴릴글라이콜비트레오스실라발효물시트릭애씨드트라이소듐에틸렌다이아민다이석시네이트말토덱스트린잔탄검펜틸렌글라이콜폴리솔베이트80아크릴아마이드/소듐아크릴로일다이메틸타우레이트코폴리머살리실릭애씨드피록톤올아민향료,2,False
pi_essence_A000000231779,정제수비피다발효용해물판테놀다이메티콘베타인글리세린부틸렌글라이콜펜틸렌글라이콜아이소프로필미리스테이트피이지/피피지/폴리부틸렌글라이콜-8/5/3글리세린소듐하이드록사이드만노오스메틸다이하이드로자스모네이트아크릴레이트/C10-30알킬아크릴레이트크로스폴리머페녹시에탄올하이드로제네이티드레시틴알파-글루칸올리고사카라이드카프릴릴글라이콜폴리솔베이트20마데카소사이드스핑고모나스발효추출물시트릭애씨드야콘뿌리즙소듐메틸스테아로일타우레이트아세틸다이펩타이드-1세틸에스터소듐벤조에이트말토덱스트린징크글루코네이트망가니즈글루코네이트소듐하이알루로네이트엑토인단삼뿌리추출물살리실로일피토스핑고신락토바실러스트라이소듐에틸렌다이아민다이석시네이트비사보롤,1,False
pi_essence_A000000219274,정제수,1,False
pi_essence_A000000219274,부틸렌글라이콜,2,False
pi_essence_A000000219274,변성알코올,3,False
pi_essence_A000000219274,글리세린,4,False
pi_essence_A000000219274,글리세릴글루코사이드,5,False
pi_essence_A000000219274,판테놀,6,False
pi_essence_A000000219274,피이지-40하이드로제네이티드캐스터오일,7,False
pi_essence_A000000219274,카르니틴,8,False
pi_essence_A000000219274,페녹시에탄올,9,False
pi_essence_A000000219274,"1,2-헥산다이올",10,False
pi_essence_A000000219274,하이드록시아세토페논,11,False
pi_essence_A000000219274,향료,12,False
pi_essence_A000000219274,해바라기씨오일,13,False
pi_essence_A000000219274,토코페롤,14,False
pi_essence_A000000219274,소듐하이알루로네이트,15,False
pi_essence_A000000219274,가르시니아열매추출물,16,False
pi_essence_A000000219274,엑토인,17,False
pi_essence_A000000219274,3-O-에틸아스코빅애씨드,18,False
pi_essence_A000000219274,아이소부틸아미도티아졸릴레조시놀,19,False
pi_essence_A000000219274,트라이소듐에틸렌다이아민다이석시네이트,20,False
pi_essence_A000000219274,시트릭애씨드,21,False
pi_essence_A000000219274,소듐시트레이트,22,False
pi_essence_A000000226086,정제수,1,False
pi_essence_A000000226086,메틸프로판다이올,2,False
pi_essence_A000000226086,나이아신아마이드,3,False
pi_essence_A000000226086,피피지-26-부테스-26,4,False
pi_essence_A000000226086,피이지-40하이드로제네이티드캐스터오일,5,False
pi_essence_A000000226086,소듐피씨에이,6,False
pi_essence_A000000226086,다이소듐이디티에이,7,False
pi_essence_A000000226086,살리실릭애씨드,8,False
pi_essence_A000000226086,하이드록시에틸셀룰로오스,9,False
pi_essence_A000000226086,만니톨,10,False
pi_essence_A000000226086,소듐시트레이트,11,False
pi_essence_A000000226086,토코페릴아세테이트,12,False
pi_essence_A000000226086,자일리톨,13,False
pi_essence_A000000226086,헥실데칸올,14,False
pi_essence_A000000226086,세트리모늄브로마이드,15,False
pi_essence_A000000226086,향료,16,False
pi_essence_A000000226086,벤조트라이아졸릴도데실p-크레솔,17,False
pi_essence_A000000226086,람노오스,18,False
pi_essence_A000000226086,소듐하이드록사이드,19,False
pi_essence_A000000226086,사과씨추출물,20,False
pi_essence_A000000226086,유채스테롤,21,False
pi_essence_A000000226086,토코페롤,22,False
pi_essence_A000000103391,달팽이점액여과물,1,False
pi_essence_A000000103391,베타인,2,False
pi_essence_A000000103391,부틸렌글라이콜,3,False
pi_essence_A000000103391,"1,2-헥산다이올",4,False
pi_essence_A000000103391,소듐폴리아크릴레이트,5,False
pi_essence_A000000103391,페녹시에탄올,6,False
pi_essence_A000000103391,소듐하이알루로네이트,7,False
pi_essence_A000000103391,알란토인,8,False
pi_essence_A000000103391,에틸헥산다이올,9,False
pi_essence_A000000103391,카보머,10,False
pi_essence_A000000103391,판테놀,11,False
pi_essence_A000000103391,알지닌,12,False
pi_essence_A000000189544,정제수,1,False
pi_essence_A000000189544,다이프로필렌글라이콜,2,False
pi_essence_A000000189544,글리세린,3,False
pi_essence_A000000189544,나이아신아마이드,4,False
pi_essence_A000000189544,부틸렌글라이콜,5,False
pi_essence_A000000189544,마카다미아씨오일,6,False
pi_essence_A000000189544,"1,2-헥산다이올",7,False
pi_essence_A000000189544,에틸헥실팔미테이트,8,False
pi_essence_A000000189544,실리카,9,False
pi_essence_A000000189544,소듐아크릴레이트/소듐아크릴로일다이메틸타우레이트코폴리머,10,False
pi_essence_A000000189544,폴리아이소부텐,11,False
pi_essence_A000000189544,글리세레스-26,12,False
pi_essence_A000000189544,에틸헥실글리세린,13,False
pi_essence_A000000189544,카프릴릴글라이콜,14,False
pi_essence_A000000189544,아데노신,15,False
pi_essence_A000000189544,소듐폴리아크릴레이트,16,False
pi_essence_A000000189544,병풀추출물,17,False
pi_essence_A000000189544,소듐하이알루로네이트,18,False
pi_essence_A000000189544,카프릴릴/카프릴글루코사이드,19,False
pi_essence_A000000189544,솔비탄올리에이트,20,False
pi_essence_A000000189544,잔탄검,21,False
pi_essence_A000000189544,프로폴리스추출물,22,False
pi_essence_A000000189544,아시아티코사이드,23,False
pi_essence_A000000189544,마데카소사이드,24,False
pi_essence_A000000189544,마데카식애씨드,25,False
pi_essence_A000000189544,아시아틱애씨드,26,False
pi_essence_A000000189544,글라이신,27,False
pi_essence_A000000189544,세린,28,False
pi_essence_A000000189544,글루타믹애씨드,29,False
pi_essence_A000000189544,아스파틱애씨드,30,False
pi_essence_A000000189544,류신,31,False
pi_essence_A000000189544,알라닌,32,False
pi_essence_A000000189544,라이신,33,False
pi_essence_A000000189544,알지닌,34,False
pi_essence_A000000189544,타이로신,35,False
pi_essence_A000000189544,페닐알라닌,36,False
pi_essence_A000000189544,트레오닌,37,False
pi_essence_A000000189544,프롤린,38,False
pi_essence_A000000189544,발린,39,False
pi_essence_A000000189544,아이소류신,40,False
pi_essence_A000000189544,히스티딘,41,False
pi_essence_A000000189544,메티오닌,42,False
pi_essence_A000000189544,시스테인,43,False
pi_essence_A000000190700,정제수,1,False
pi_essence_A000000190700,글리세린,2,False
pi_essence_A000000190700,메틸글루세스-20,3,False
pi_essence_A000000190700,펜틸렌글라이콜,4,False
pi_essence_A000000190700,부틸렌글라이콜,5,False
pi_essence_A000000190700,나이아신아마이드,6,False
pi_essence_A000000190700,솔비톨,7,False
pi_essence_A000000190700,아데노신,8,False
pi_essence_A000000190700,카페인,9,False
pi_essence_A000000190700,소듐하이알루로네이트,10,False
pi_essence_A000000190700,알란토인,11,False
pi_essence_A000000190700,판테놀,12,False
pi_essence_A000000190700,알지닌,13,False
pi_essence_A000000190700,하이알루로닉애씨드,14,False
pi_essence_A000000190700,스페인감초뿌리추출물,15,False
pi_essence_A000000190700,마트리카리아꽃추출물,16,False
pi_essence_A000000190700,병풀추출물,17,False
pi_essence_A000000190700,돌콩싹추출물,18,False
pi_essence_A000000190700,파파야열매추출물,19,False
pi_essence_A000000190700,"1,2-헥산다이올",20,False
pi_essence_A000000190700,소듐피씨에이,21,False
pi_essence_A000000190700,아크릴레이트/C10-30알킬아크릴레이트크로스폴리머,22,False
pi_essence_A000000190700,하이드록시에틸셀룰로오스,23,False
pi_essence_A000000190700,트레할로오스,24,False
pi_essence_A000000190700,소듐폴리글루타메이트,25,False
pi_essence_A000000190700,하이드록시프로필트라이모늄하이알루로네이트,26,False
pi_essence_A000000190700,하이드롤라이즈드하이알루로닉애씨드,27,False
pi_essence_A000000190700,소듐아세틸레이티드하이알루로네이트,28,False
pi_essence_A000000190700,포타슘하이알루로네이트,29,False
pi_essence_A000000190700,소듐하이알루로네이트크로스폴리머,30,False
pi_essence_A000000190700,다이소듐이디티에이,31,False
pi_essence_A000000223489,정제수,1,False
pi_essence_A000000223489,변성알코올,2,False
pi_essence_A000000223489,부틸렌글라이콜,3,False
pi_essence_A000000223489,베타인,4,False
pi_essence_A000000223489,"1,2-헥산다이올",5,False
pi_essence_A000000223489,비스-피이지-18메틸에터다이메틸실레인,6,False
pi_essence_A000000223489,글리세릴폴리메타크릴레이트,7,False
pi_essence_A000000223489,프로판다이올,8,False
pi_essence_A000000223489,카보머,9,False
pi_essence_A000000223489,피피지-13-데실테트라데세스-24,10,False
pi_essence_A000000223489,트로메타민,11,False
pi_essence_A000000223489,글리세릴카프릴레이트,12,False
pi_essence_A000000223489,황금추출물,13,False
pi_essence_A000000223489,에틸헥실글리세린,14,False
pi_essence_A000000223489,향료,15,False
pi_essence_A000000223489,아데노신,16,False
pi_essence_A000000223489,리모넨,17,False
pi_essence_A000000223489,덱스트린,18,False
pi_essence_A000000223489,카카오추출물,19,False
pi_essence_A000000223489,메틸트라이메티콘,20,False
pi_essence_A000000223489,다이소듐이디티에이,21,False
pi_essence_A000000223489,잔탄검,22,False
pi_essence_A000000223489,셀룰로오스검,23,False
pi_essence_A000000223489,카라기난,24,False
pi_essence_A000000223489,꿀,25,False
pi_essence_A000000223489,마데카소사이드,26,False
pi_essence_A000000223489,지황뿌리추출물,27,False
pi_essence_A000000223489,펜틸렌글라이콜,28,False
pi_essence_A000000223489,다이포타슘글리시리제이트,29,False
pi_essence_A000000223489,3-O-에틸아스코빅애씨드,30,False
pi_essence_A000000223489,타우린,31,False
pi_essence_A000000223489,소엽맥문동뿌리추출물,32,False
pi_essence_A000000223489,작약뿌리추출물,33,False
pi_essence_A000000223489,마돈나백합비늘줄기추출물,34,False
pi_essence_A000000223489,리날룰,35,False
pi_essence_A000000223489,둥굴레뿌리줄기추출물,36,False
pi_essence_A000000223489,바이오사카라이드검-1,37,False
pi_essence_A000000223489,프로필렌글라이콜,38,False
pi_essence_A000000223489,인삼추출물,39,False
pi_essence_A000000223489,연꽃추출물,40,False
pi_essence_A000000223489,낫토검,41,False
pi_essence_A000000223489,대추추출물,42,False
pi_essence_A000000223489,호두추출물,43,False
pi_essence_A000000223489,매실추출물,44,False
pi_essence_A000000223489,시트로넬올,45,False
pi_essence_A000000223489,시트랄,46,False
pi_essence_A000000223489,제라니올,47,False
pi_essence_A000000223489,하이드로제네이티드레시틴,48,False
pi_essence_A000000223489,토코페롤,49,False
pi_essence_A000000223489,시트릭애씨드,50,False
pi_essence_A000000233009,정제수,1,False
pi_essence_A000000233009,락토바실러스발효용해물,2,False
pi_essence_A000000233009,프로판다이올,3,False
pi_essence_A000000233009,부틸렌글라이콜,4,False
pi_essence_A000000233009,글리세린,5,False
pi_essence_A000000233009,"1,2-헥산다이올",6,False
pi_essence_A000000233009,"2,3-부탄다이올",7,False
pi_essence_A000000233009,판테놀,8,False
pi_essence_A000000233009,하이드로제네이티드레시틴,9,False
pi_essence_A000000233009,하이드록시프롤린,10,False
pi_essence_A000000233009,수크로오스스테아레이트,11,False
pi_essence_A000000233009,세테아릴알코올,12,False
pi_essence_A000000233009,세린,13,False
pi_essence_A000000233009,세라마이드엔피,14,False
pi_essence_A000000233009,나이아신아마이드,15,False
pi_essence_A000000233009,트로메타민,16,False
pi_essence_A000000233009,비니거,17,False
pi_essence_A000000233009,아크릴레이트/C10-30알킬아크릴레이트크로스폴리머,18,False
pi_essence_A000000233009,콜레스테롤,19,False
pi_essence_A000000233009,메도우스위트추출물,20,False
pi_essence_A000000233009,폴리쿼터늄-51,21,False
pi_essence_A000000233009,라우릴다이메티콘/폴리글리세린-3크로스폴리머,22,False
pi_essence_A000000233009,다이프로필렌글라이콜,23,False
pi_essence_A000000233009,하이드록시에틸셀룰로오스,24,False
pi_essence_A000000233009,폴리메틸실세스퀴옥세인,25,False
pi_essence_A000000233009,글리세릴스테아레이트,26,False
pi_essence_A000000233009,알란토인,27,False
pi_essence_A000000233009,리놀레익애씨드,28,False
pi_essence_A000000233009,팔미틱애씨드,29,False
pi_essence_A000000233009,타히티바닐라추출물,30,False
pi_essence_A000000233009,아이소스테아릭애씨드,31,False
pi_essence_A000000233009,세라마이드에이피,32,False
pi_essence_A000000233009,세라마이드엔지,33,False
pi_essence_A000000233009,다이소듐포스페이트,34,False
pi_essence_A000000233009,효모폴리펩타이드,35,False
pi_essence_A000000233009,소듐포스페이트,36,False
pi_essence_A000000233009,락토바실러스/배즙발효여과물,37,False
pi_essence_A000000233009,효모/보리씨발효여과물,38,False
pi_essence_A000000233009,수박추출물,39,False
pi_essence_A000000233009,무추출물,40,False
pi_essence_A000000233009,락토바실러스/인삼뿌리발효여과물,41,False
pi_essence_A000000233009,락토바실러스/콩발효추출물,42,False
pi_essence_A000000233009,락토바실러스/부레옥잠발효물,43,False
pi_essence_A000000233009,모나스커스/쌀발효물,44,False
pi_essence_A000000233009,효모/포도발효추출물,45,False
pi_essence_A000000233009,효모/감자추출물발효여과물,46,False
pi_essence_A000000233009,효모/자일리눔/홍차발효물,47,False
pi_essence_A000000233009,세라마이드이오피,48,False
pi_essence_A000000233009,단풍나무잎추출물,49,False
pi_essence_A000000233009,창포뿌리추출물,50,False
pi_essence_A000000233009,개다래추출물,51,False
pi_essence_A000000233009,으름덩굴추출물,52,False
pi_essence_A000000233009,양파추출물,53,False
pi_essence_A000000233009,마늘추출물,54,False
pi_essence_A000000233009,지모뿌리추출물,55,False
pi_essence_A000000233009,쑥잎추출물,56,False
pi_essence_A000000233009,사탕무뿌리추출물,57,False
pi_essence_A000000233009,양배추추출물,58,False
pi_essence_A000000233009,순무잎추출물,59,False
pi_essence_A000000233009,동백나무잎추출물,60,False
pi_essence_A000000233009,파파야열매추출물,61,False
pi_essence_A000000233009,잇꽃꽃추출물,62,False
pi_essence_A000000233009,결명씨추출물,63,False
pi_essence_A000000233009,병풀추출물,64,False
pi_essence_A000000233009,모과추출물,65,False
pi_essence_A000000233009,치커리뿌리추출물,66,False
pi_essence_A000000233009,베르가모트잎추출물,67,False
pi_essence_A000000233009,유자추출물,68,False
pi_essence_A000000233009,귤껍질추출물,69,False
pi_essence_A000000233009,더덕뿌리추출물,70,False
pi_essence_A000000233009,쿠네아타산사열매추출물,71,False
pi_essence_A000000233009,오이열매추출물,72,False
pi_essence_A000000233009,울금뿌리추출물,73,False
pi_essence_A000000233009,당근추출물,74,False
pi_essence_A000000233009,감추출물,75,False
pi_essence_A000000233009,쇠뜨기추출물,76,False
pi_essence_A000000233009,비파나무잎추출물,77,False
pi_essence_A000000233009,무화과추출물,78,False
pi_essence_A000000233009,허브로버트추출물,79,False
pi_essence_A000000233009,긴병꽃풀추출물,80,False
pi_essence_A000000233009,스페인감초뿌리추출물,81,False
pi_essence_A000000233009,잎새버섯자실체추출물,82,False
pi_essence_A000000233009,해바라기씨추출물,83,False
pi_essence_A000000233009,원추리꽃추출물,84,False
pi_essence_A000000233009,고구마뿌리추출물,85,False
pi_essence_A000000233009,표고버섯추출물,86,False
pi_essence_A000000233009,레몬버베나잎추출물,87,False
pi_essence_A000000233009,허니서클꽃추출물,88,False
pi_essence_A000000233009,구기자추출물,89,False
pi_essence_A000000233009,레몬밤추출물,90,False
pi_essence_A000000233009,페퍼민트꽃/잎/줄기추출물,91,False
pi_essence_A000000233009,산뽕나무잎추출물,92,False
pi_essence_A000000233009,바나나추출물,93,False
pi_essence_A000000233009,연꽃뿌리추출물,94,False
pi_essence_A000000233009,바질잎추출물,95,False
pi_essence_A000000233009,기장추출물,96,False
pi_essence_A000000233009,소엽잎추출물,97,False
pi_essence_A000000233009,팥추출물,98,False
pi_essence_A000000233009,왕질경이씨추출물,99,False
pi_essence_A000000233009,도라지뿌리추출물,100,False
pi_essence_A000000233009,쇠비름추출물,101,False
pi_essence_A000000233009,살구추출물,102,False
pi_essence_A000000233009,복숭아추출물,103,False
pi_essence_A000000233009,자두추출물,104,False
pi_essence_A000000233009,사과추출물,105,False
pi_essence_A000000233009,지황뿌리추출물,106,False
pi_essence_A000000233009,로즈마리잎추출물,107,False
pi_essence_A000000233009,라즈베리추출물,108,False
pi_essence_A000000233009,살비아잎추출물,109,False
pi_essence_A000000233009,얼룩조릿대잎추출물,110,False
pi_essence_A000000233009,형개추출물,111,False
pi_essence_A000000233009,검은깨추출물,112,False
pi_essence_A000000233009,시금치추출물,113,False
pi_essence_A000000233009,서양민들레잎추출물,114,False
pi_essence_A000000233009,타임잎추출물,115,False
pi_essence_A000000233009,하늘타리뿌리추출물,116,False
pi_essence_A000000233009,미역추출물,117,False
pi_essence_A000000233009,생강추출물,118,False
pi_essence_A000000233009,마트리카리아꽃추출물,119,False
pi_essence_A000000233009,은행추출물,120,False
pi_essence_A000000233009,약모밀추출물,121,False
pi_essence_A000000233009,락토바실러스/호밀가루발효물,122,False
pi_essence_A000000233009,락토바실러스/고추냉이뿌리발효추출물,123,False
pi_essence_A000000233009,라임전초오일,124,False
pi_essence_A000000233009,베르가모트오일,125,False
pi_essence_A000000233009,라벤더오일,126,False
pi_essence_A000000233009,센티드제라늄꽃오일,127,False
pi_essence_A000000233009,마트리카리아꽃오일,128,False
pi_essence_A000000233009,리모넨,129,False
pi_essence_A000000233009,리날룰,130,False
pi_essence_A000000233009,시트로넬올,131,False
pi_essence_A000000233009,시트랄,132,False
pi_essence_A000000233009,제라니올,133,False
pi_essence_A000000188233,정제수,1,False
pi_essence_A000000188233,글리세린,2,False
pi_essence_A000000188233,변성알코올,3,False
pi_essence_A000000188233,다이프로필렌글라이콜,4,False
pi_essence_A000000188233,부틸렌글라이콜,5,False
pi_essence_A000000188233,"1,2-헥산다이올",6,False
pi_essence_A000000188233,트레할로오스,7,False
pi_essence_A000000188233,바위손추출물,8,False
pi_essence_A000000188233,귀리커넬추출물,9,False
pi_essence_A000000188233,포트마리골드꽃추출물,10,False
pi_essence_A000000188233,개박하추출물,11,False
pi_essence_A000000188233,라즈베리잎추출물,12,False
pi_essence_A000000188233,와일드인디고뿌리추출물,13,False
pi_essence_A000000188233,별꽃추출물,14,False
pi_essence_A000000188233,레이디스맨틀잎추출물,15,False
pi_essence_A000000188233,삼색제비꽃추출물,16,False
pi_essence_A000000188233,다마스크장미꽃추출물,17,False
pi_essence_A000000188233,메도우스위트꽃추출물,18,False
pi_essence_A000000188233,마시멜로뿌리추출물,19,False
pi_essence_A000000188233,베타인,20,False
pi_essence_A000000188233,판테놀,21,False
pi_essence_A000000188233,아이리쉬모스추출물,22,False
pi_essence_A000000188233,암모늄아크릴로일다이메틸타우레이트/브이피코폴리머,23,False
pi_essence_A000000188233,피이지-40하이드로제네이티드캐스터오일,24,False
pi_essence_A000000188233,옥틸도데세스-16,25,False
pi_essence_A000000188233,카보머,26,False
pi_essence_A000000188233,글리세릴아크릴레이트/아크릴릭애씨드코폴리머,27,False
pi_essence_A000000188233,소듐폴리아크릴레이트,28,False
pi_essence_A000000188233,트로메타민,29,False
pi_essence_A000000188233,트라이소듐이디티에이,30,False
pi_essence_A000000188233,오렌지껍질오일,31,False
pi_essence_A000000188233,라임전초오일,32,False
pi_essence_A000000188233,로즈마리잎오일,33,False
pi_essence_A000000188233,센티드제라늄꽃오일,34,False
pi_essence_A000000188233,리모넨,35,False
pi_essence_A000000188233,시트로넬올,36,False
pi_essence_A000000188233,제라니올,37,False
pi_essence_A000000188233,시트랄,38,False
pi_essence_A000000188233,리날룰*표시:부활초계열추출물+표시:Napiersoriginalformula**표시:Napiersmoistureformula++표시:식물유래향,39,False
pi_essence_A000000236552,정제수,1,False
pi_essence_A000000236552,프로판다이올,2,False
pi_essence_A000000236552,다이프로필렌글라이콜,3,False
pi_essence_A000000236552,글리세린,4,False
pi_essence_A000000236552,나이아신아마이드,5,False
pi_essence_A000000236552,"1,2-헥산다이올",6,False
pi_essence_A000000236552,펜틸렌글라이콜,7,False
pi_essence_A000000236552,약모밀추출물,8,False
pi_essence_A000000236552,엑토인,9,False
pi_essence_A000000236552,아크릴레이트/C10-30알킬아크릴레이트크로스폴리머,10,False
pi_essence_A000000236552,마데카소사이드,11,False
pi_essence_A000000236552,부틸렌글라이콜,12,False
pi_essence_A000000236552,판테놀,13,False
pi_essence_A000000236552,알란토인,14,False
pi_essence_A000000236552,트로메타민,15,False
pi_essence_A000000236552,에틸헥실글리세린,16,False
pi_essence_A000000236552,구주호랑가시나무잎추출물,17,False
pi_essence_A000000236552,다이소듐이디티에이,18,False
pi_essence_A000000236552,시어버터,19,False
pi_essence_A000000236552,올리브오일,20,False
pi_essence_A000000236552,카프릴릭/카프릭트라이글리세라이드,21,False
pi_essence_A000000236552,스쿠알란,22,False
pi_essence_A000000236552,하이드로제네이티드레시틴,23,False
pi_essence_A000000236552,병풀추출물,24,False
pi_essence_A000000236552,베타-글루칸,25,False
pi_essence_A000000236552,데실글루코사이드,26,False
pi_essence_A000000236552,폴리글리세릴-10라우레이트,27,False
pi_essence_A000000236552,케이프알로에잎추출물,28,False
pi_essence_A000000236552,소나무잎추출물,29,False
pi_essence_A000000236552,쇠비름추출물,30,False
pi_essence_A000000236552,해안에린지움추출물,31,False
pi_essence_A000000236552,유자추출물,32,False
pi_essence_A000000236552,개똥쑥추출물,33,False
pi_essence_A000000236552,서양톱풀꽃추출물,34,False
pi_essence_A000000236552,콜레스테롤,35,False
pi_essence_A000000236552,세라마이드엔피,36,False
pi_essence_A000000236552,피토스핑고신,37,False
pi_essence_A000000236552,토코페롤,38,False
pi_essence_A000000236552,아시아티코사이드,39,False
pi_essence_A000000236552,마데카식애씨드,40,False
pi_essence_A000000236552,아시아틱애씨드,41,False
pi_essence_A000000174751,정제수,1,False
pi_essence_A000000174751,글리세린,2,False
pi_essence_A000000174751,부틸렌글라이콜,3,False
pi_essence_A000000174751,"1,2-헥산다이올",4,False
pi_essence_A000000174751,카프릴릭/카프릭트라이글리세라이드,5,False
pi_essence_A000000174751,판테놀,6,False
pi_essence_A000000174751,세라마이드엔피,7,False
pi_essence_A000000174751,세라마이드엔에스,8,False
pi_essence_A000000174751,세라마이드에이에스,9,False
pi_essence_A000000174751,세라마이드이오피,10,False
pi_essence_A000000174751,세라마이드에이피,11,False
pi_essence_A000000174751,마트리카리아잎추출물,12,False
pi_essence_A000000174751,녹차추출물,13,False
pi_essence_A000000174751,타임추출물,14,False
pi_essence_A000000174751,폴스애플민트잎추출물,15,False
pi_essence_A000000174751,알란토인,16,False
pi_essence_A000000174751,소듐하이알루로네이트,17,False
pi_essence_A000000174751,트레할로오스,18,False
pi_essence_A000000174751,수크로오스,19,False
pi_essence_A000000174751,콜레스테롤,20,False
pi_essence_A000000174751,글리세레스-26,21,False
pi_essence_A000000174751,C14-22알코올,22,False
pi_essence_A000000174751,C12-20알킬글루코사이드,23,False
pi_essence_A000000174751,피브이엠/엠에이코폴리머,24,False
pi_essence_A000000174751,아크릴레이트/C10-30알킬아크릴레이트크로스폴리머,25,False
pi_essence_A000000174751,글리세릴아크릴레이트/아크릴릭애씨드코폴리머,26,False
pi_essence_A000000174751,하이드로제네이티드레시틴,27,False
pi_essence_A000000174751,트로메타민,28,False
pi_essence_A000000174751,토코페롤,29,False
pi_essence_A000000174751,잇꽃꽃추출물,30,False
pi_essence_A000000174751,바오밥나무씨오일,31,False
pi_essence_A000000174751,잔탄검,32,False
pi_essence_A000000174751,스테아릭애씨드,33,False
pi_essence_A000000174751,다이소듐이디티에이,34,False
pi_essence_A000000174751,에틸헥실글리세린,35,False
pi_essence_A000000251229,정제수,1,False
pi_essence_A000000251229,메틸프로판다이올,2,False
pi_essence_A000000251229,나이아신아마이드,3,False
pi_essence_A000000251229,피피지-26-부테스-26,4,False
pi_essence_A000000251229,피이지-40하이드로제네이티드캐스터오일,5,False
pi_essence_A000000251229,소듐피씨에이,6,False
pi_essence_A000000251229,다이소듐이디티에이,7,False
pi_essence_A000000251229,살리실릭애씨드,8,False
pi_essence_A000000251229,하이드록시에틸셀룰로오스,9,False
pi_essence_A000000251229,만니톨,10,False
pi_essence_A000000251229,소듐시트레이트,11,False
pi_essence_A000000251229,토코페릴아세테이트,12,False
pi_essence_A000000251229,자일리톨,13,False
pi_essence_A000000251229,헥실데칸올,14,False
pi_essence_A000000251229,세트리모늄브로마이드,15,False
pi_essence_A000000251229,향료,16,False
pi_essence_A000000251229,벤조트라이아졸릴도데실p-크레솔,17,False
pi_essence_A000000251229,람노오스,18,False
pi_essence_A000000251229,소듐하이드록사이드,19,False
pi_essence_A000000251229,사과씨추출물,20,False
pi_essence_A000000251229,유채스테롤,21,False
pi_essence_A000000251229,토코페롤,22,False
pi_essence_A000000254757,퍼스트에센스정제수,1,False
pi_essence_A000000254757,프로판다이올,2,False
pi_essence_A000000254757,글리세린,3,False
pi_essence_A000000254757,나이아신아마이드,4,False
pi_essence_A000000254757,펜틸렌글라이콜,5,False
pi_essence_A000000254757,"1,2-헥산다이올",6,False
pi_essence_A000000254757,스핑고모나스발효추출물,7,False
pi_essence_A000000254757,댑싸리추출물,8,False
pi_essence_A000000254757,하이드롤라이즈드해면,9,False
pi_essence_A000000254757,백미꽃추출물,10,False
pi_essence_A000000254757,접시꽃추출물,11,False
pi_essence_A000000254757,하이드롤라이즈드콜라겐,12,False
pi_essence_A000000254757,하이드롤라이즈드하이알루로닉애씨드,13,False
pi_essence_A000000254757,아텔로콜라겐,14,False
pi_essence_A000000254757,다이에톡시에틸석시네이트,15,False
pi_essence_A000000254757,글루코노락톤,16,False
pi_essence_A000000254757,트라이프로필렌글라이콜,17,False
pi_essence_A000000254757,폴리아크릴레이트크로스폴리머-6,18,False
pi_essence_A000000254757,트로메타민,19,False
pi_essence_A000000254757,하이드록시에틸셀룰로오스,20,False
pi_essence_A000000254757,에틸헥실글리세린,21,False
pi_essence_A000000254757,아데노신,22,False
pi_essence_A000000254757,소듐시트레이트,23,False
pi_essence_A000000254757,시트릭애씨드,24,False
pi_essence_A000000254757,판테놀,25,False
pi_essence_A000000254757,부틸렌글라이콜,26,False
pi_essence_A000000254757,바이오사카라이드검-1,27,False
pi_essence_A000000254757,베타-글루칸,28,False
pi_essence_A000000254757,토코페롤,29,False
pi_essence_A000000254757,카프릴로일살리실릭애씨드,30,False
pi_essence_A000000254757,살리실릭애씨드,31,False
pi_essence_A000000254757,소듐락테이트,32,False
pi_essence_A000000254757,글라이콜릭애씨드,33,False
pi_essence_A000000254757,파이틱애씨드,34,False
pi_essence_A000000254757,폴리솔베이트20,35,False
pi_essence_A000000254757,폴리락틱애씨드,36,False
pi_essence_A000000254757,팔미토일트라이펩타이드-1,37,False
pi_essence_A000000254757,팔미토일테트라펩타이드-7,38,False
pi_essence_A000000254757,아세틸헥사펩타이드-8,39,False
pi_essence_A000000254757,아스코빅애씨드폴리펩타이드,40,False
pi_essence_A000000254757,아세틸옥타펩타이드-3,41,False
pi_essence_A000000254757,아세틸테트라펩타이드-2,42,False
pi_essence_A000000254757,아세틸테트라펩타이드-3,43,False
pi_essence_A000000254757,아세틸테트라펩타이드-5,44,False
pi_essence_A000000254757,아세틸테트라펩타이드-9,45,False
pi_essence_A000000254757,카르노신,46,False
pi_essence_A000000254757,카퍼트라이펩타이드-1,47,False
pi_essence_A000000254757,노나펩타이드-1,48,False
pi_essence_A000000254757,팔미토일펜타펩타이드-4,49,False
pi_essence_A000000254757,팔미토일트라이펩타이드-5,50,False
pi_essence_A000000254757,다이소듐이디티에이,51,False
pi_essence_A000000254757,카보머*크림정제수,52,False
pi_essence_A000000254757,카프릴릭/카프릭트라이글리세라이드,57,False
pi_essence_A000000254757,세테아릴알코올,60,False
pi_essence_A000000254757,트라이메틸펜타페닐트라이실록세인,61,False
pi_essence_A000000254757,세테아릴올리베이트,62,False
pi_essence_A000000254757,해마토코쿠스플루비알리스오일,65,False
pi_essence_A000000254757,칸디다봄비콜라/글루코오스/메틸레이프씨데이트발효물,66,False
pi_essence_A000000254757,살구씨오일,67,False
pi_essence_A000000254757,다이메티콘,69,False
pi_essence_A000000254757,솔비탄올리베이트,70,False
pi_essence_A000000254757,글리세릴스테아레이트,71,False
pi_essence_A000000254757,팔미틱애씨드,73,False
pi_essence_A000000254757,스테아릭애씨드,74,False
pi_essence_A000000254757,암모늄아크릴로일다이메틸타우레이트/브이피코폴리머,79,False
pi_essence_A000000254757,에피갈로카테킨갈레이트,80,False
pi_essence_A000000254757,레스베라트롤,81,False
pi_essence_A000000254757,아스타잔틴,83,False
pi_essence_A000000254757,쿼세틴,84,False
pi_essence_A000000254757,카보머,98,False
pi_essence_A000000254757,잔탄검,99,False
pi_essence_A000000188947,정제수,1,False
pi_essence_A000000188947,글리세린,2,False
pi_essence_A000000188947,부틸렌글라이콜,3,False
pi_essence_A000000188947,만니톨,4,False
pi_essence_A000000188947,나이아신아마이드,5,False
pi_essence_A000000188947,"1,2-헥산다이올",6,False
pi_essence_A000000188947,하이드록시프로필스타치포스페이트,7,False
pi_essence_A000000188947,쌀발효여과물,8,False
pi_essence_A000000188947,카보머,9,False
pi_essence_A000000188947,피피지-13-데실테트라데세스-24,10,False
pi_essence_A000000188947,합성왁스,11,False
pi_essence_A000000188947,트로메타민,12,False
pi_essence_A000000188947,식물성스쿠알란,13,False
pi_essence_A000000188947,카프릴릴글라이콜,14,False
pi_essence_A000000188947,에틸헥실글리세린,15,False
pi_essence_A000000188947,아데노신,16,False
pi_essence_A000000188947,하이드로제네이티드레시틴,17,False
pi_essence_A000000188947,향료,18,False
pi_essence_A000000188947,판테놀,19,False
pi_essence_A000000188947,폴리글리세릴-10스테아레이트,20,False
pi_essence_A000000188947,다이소듐이디티에이,21,False
pi_essence_A000000188947,락토바실러스발효물,22,False
pi_essence_A000000188947,세라마이드엔피,23,False
pi_essence_A000000188947,콜레스테롤,24,False
pi_essence_A000000188947,스테아릭애씨드,25,False
pi_essence_A000000188947,하이드롤라이즈드익스텐신,26,False
pi_essence_A000000188947,호호바씨오일,27,False
pi_essence_A000000188947,폴리글리세릴-10라우레이트,28,False
pi_essence_A000000188947,팔미틱애씨드,29,False
pi_essence_A000000188947,토코페롤,30,False
pi_essence_A000000250531,정제수,1,False
pi_essence_A000000250531,쑥추출물,2,False
pi_essence_A000000250531,부틸렌글라이콜,3,False
pi_essence_A000000250531,글리세린,4,False
pi_essence_A000000250531,"1,2-헥산다이올",5,False
pi_essence_A000000250531,소듐하이알루로네이트,6,False
pi_essence_A000000250531,에틸헥실글리세린,7,False
pi_essence_A000000250531,프로판다이올,8,False
pi_essence_A000000250531,폴리글리세릴-10라우레이트,9,False
pi_essence_A000000209586,정제수,1,False
pi_essence_A000000209586,트라넥사믹애씨드,2,False
pi_essence_A000000209586,글리세린,3,False
pi_essence_A000000209586,나이아신아마이드,4,False
pi_essence_A000000209586,"1,2-헥산다이올",5,False
pi_essence_A000000209586,알란토인,6,False
pi_essence_A000000209586,잔탄검,7,False
pi_essence_A000000209586,아크릴레이트/C10-30알킬아크릴레이트크로스폴리머,8,False
pi_essence_A000000209586,에틸헥실글리세린,9,False
pi_essence_A000000209586,카보머,10,False
pi_essence_A000000209586,다이포타슘글리시리제이트,11,False
pi_essence_A000000209586,아데노신,12,False
pi_essence_A000000209586,다이소듐이디티에이,13,False
pi_essence_A000000209586,소듐하이알루로네이트,14,False
pi_essence_A000000209586,하이드로제네이티드레시틴,15,False
pi_essence_A000000209586,마카다미아씨오일,16,False
pi_essence_A000000209586,스쿠알란,17,False
pi_essence_A000000209586,글루타티온,18,False
pi_essence_A000000209586,하이드롤라이즈드하이알루로닉애씨드,19,False
pi_essence_A000000209586,글리시리직애씨드,20,False
pi_essence_A000000209586,세라마이드엔피,21,False
pi_essence_A000000209586,스테아릭애씨드,22,False
pi_essence_A000000209586,콜레스테롤,23,False
pi_essence_A000000243681,피지오겔레드수딩AI리페어크림정제수,1,False
pi_essence_A000000243681,올리브오일,2,False
pi_essence_A000000243681,글리세린,3,False
pi_essence_A000000243681,펜틸렌글라이콜,4,False
pi_essence_A000000243681,오일팜오일,5,False
pi_essence_A000000243681,식물성오일,6,False
pi_essence_A000000243681,하이드로제네이티드레시틴,7,False
pi_essence_A000000243681,스쿠알란,8,False
pi_essence_A000000243681,베타인,9,False
pi_essence_A000000243681,팔미타마이드엠이에이,10,False
pi_essence_A000000243681,아세타마이드엠이에이,11,False
pi_essence_A000000243681,사코신,12,False
pi_essence_A000000243681,하이드록시에틸셀룰로오스,13,False
pi_essence_A000000243681,카보머,14,False
pi_essence_A000000243681,소듐카보머,15,False
pi_essence_A000000243681,잔탄검,16,False
pi_essence_A000000243681,토코페롤,17,False
pi_essence_A000000243681,다이소듐포스페이트,18,False
pi_essence_A000000243681,소듐포스페이트피지오겔레드수딩AI리페어에센스정제수,19,False
pi_essence_A000000243681,부틸렌글라이콜,21,False
pi_essence_A000000243681,다이프로필렌글라이콜,22,False
pi_essence_A000000243681,프로판다이올,24,False
pi_essence_A000000243681,알로에베라잎즙,25,False
pi_essence_A000000243681,나이아신아마이드,26,False
pi_essence_A000000243681,"1,2-헥산다이올",27,False
pi_essence_A000000243681,판테놀,29,False
pi_essence_A000000243681,폴리글리세릴-10스테아레이트,30,False
pi_essence_A000000243681,폴리글리세릴-10올리에이트,31,False
pi_essence_A000000243681,트록세루틴,32,False
pi_essence_A000000243681,아데노신,34,False
pi_essence_A000000243681,시트릭애씨드,36,False
pi_essence_A000000243681,소듐시트레이트,37,False
pi_essence_A000000243681,트라이소듐이디티에이,38,False
pi_essence_A000000243681,트로메타민,39,False
pi_essence_A000000243681,베타-글루칸,41,False
pi_essence_A000000243681,알로에베라잎폴리사카라이드,43,False
pi_essence_A000000243681,카프릴릭/카프릭트라이글리세라이드,45,False
pi_essence_A000000243681,세라마이드엔피,46,False
pi_essence_A000000254058,정제수,1,False
pi_essence_A000000254058,다이프로필렌글라이콜,2,False
pi_essence_A000000254058,글리세린,3,False
pi_essence_A000000254058,나이아신아마이드,4,False
pi_essence_A000000254058,부틸렌글라이콜,5,False
pi_essence_A000000254058,마카다미아씨오일,6,False
pi_essence_A000000254058,"1,2-헥산다이올",7,False
pi_essence_A000000254058,에틸헥실팔미테이트,8,False
pi_essence_A000000254058,소듐아크릴레이트/소듐아크릴로일다이메틸타우레이트코폴리머,9,False
pi_essence_A000000254058,폴리아이소부텐,10,False
pi_essence_A000000254058,실리카,11,False
pi_essence_A000000254058,글리세레스-26,12,False
pi_essence_A000000254058,에틸헥실글리세린,13,False
pi_essence_A000000254058,카프릴릴글라이콜,14,False
pi_essence_A000000254058,아데노신,15,False
pi_essence_A000000254058,소듐폴리아크릴레이트,16,False
pi_essence_A000000254058,소듐하이알루로네이트,17,False
pi_essence_A000000254058,병풀추출물,18,False
pi_essence_A000000254058,카프릴릴/카프릴글루코사이드,19,False
pi_essence_A000000254058,솔비탄올리에이트,20,False
pi_essence_A000000254058,잔탄검,21,False
pi_essence_A000000254058,프로폴리스추출물,22,False
pi_essence_A000000254058,아시아티코사이드,23,False
pi_essence_A000000254058,마데카소사이드,24,False
pi_essence_A000000254058,마데카식애씨드,25,False
pi_essence_A000000254058,아시아틱애씨드,26,False
pi_essence_A000000254058,글라이신,27,False
pi_essence_A000000254058,세린,28,False
pi_essence_A000000254058,글루타믹애씨드,29,False
pi_essence_A000000254058,아스파틱애씨드,30,False
pi_essence_A000000254058,류신,31,False
pi_essence_A000000254058,알라닌,32,False
pi_essence_A000000254058,라이신,33,False
pi_essence_A000000254058,알지닌,34,False
pi_essence_A000000254058,타이로신,35,False
pi_essence_A000000254058,페닐알라닌,36,False
pi_essence_A000000254058,트레오닌,37,False
pi_essence_A000000254058,프롤린,38,False
pi_essence_A000000254058,발린,39,False
pi_essence_A000000254058,아이소류신,40,False
pi_essence_A000000254058,히스티딘,41,False
pi_essence_A000000254058,메티오닌,42,False
pi_essence_A000000254058,시스테인,43,False
pi_essence_A000000184772,정제수,1,False
pi_essence_A000000184772,글리세린,2,False
pi_essence_A000000184772,메틸프로판다이올,3,False
pi_essence_A000000184772,펜틸렌글라이콜,4,False
pi_essence_A000000184772,"1,2-헥산다이올",5,False
pi_essence_A000000184772,글리세릴글루코사이드,6,False
pi_essence_A000000184772,사카라이드아이소머레이트,7,False
pi_essence_A000000184772,폴리글리세린-3,8,False
pi_essence_A000000184772,소듐하이알루로네이트,9,False
pi_essence_A000000184772,하이드롤라이즈드식물성단백질,10,False
pi_essence_A000000184772,에틸헥실글리세린,11,False
pi_essence_A000000184772,알란토인,12,False
pi_essence_A000000184772,시트릭애씨드,13,False
pi_essence_A000000184772,잔탄검,14,False
pi_essence_A000000184772,말토덱스트린,15,False
pi_essence_A000000184772,소듐시트레이트,16,False
pi_essence_A000000011100,정제수,1,False
pi_essence_A000000011100,글리세린,2,False
pi_essence_A000000011100,사이클로메티콘,3,False
pi_essence_A000000011100,사이클로펜타실록세인,4,False
pi_essence_A000000011100,피이지-10다이메티콘/비닐다이메티콘크로스폴리머,5,False
pi_essence_A000000011100,펜틸렌글라이콜,6,False
pi_essence_A000000011100,카바카바잎/뿌리/줄기추출물,7,False
pi_essence_A000000011100,당느릅나무뿌리추출물,8,False
pi_essence_A000000011100,줄맨드라미씨추출물,9,False
pi_essence_A000000011100,로즈마리잎추출물,10,False
pi_essence_A000000011100,아라비아고무나무꽃/줄기추출물,11,False
pi_essence_A000000011100,마트리카리아꽃추출물,12,False
pi_essence_A000000011100,쇠비름추출물,13,False
pi_essence_A000000011100,칡뿌리추출물,14,False
pi_essence_A000000011100,스페인감초뿌리추출물,15,False
pi_essence_A000000011100,작약뿌리추출물,16,False
pi_essence_A000000011100,천궁뿌리추출물,17,False
pi_essence_A000000011100,알로에베라잎즙,18,False
pi_essence_A000000011100,수용성콜라겐,19,False
pi_essence_A000000011100,소듐하이알루로네이트,20,False
pi_essence_A000000011100,하이드로제네이티드레시틴,21,False
pi_essence_A000000011100,카보머,22,False
pi_essence_A000000011100,트로메타민,23,False
pi_essence_A000000011100,다이메티콘/비닐다이메티콘크로스폴리머,24,False
pi_essence_A000000011100,바이오사카라이드검-1,25,False
pi_essence_A000000011100,잔탄검,26,False
pi_essence_A000000011100,향료,27,False
pi_essence_A000000011100,페녹시에탄올,28,False
pi_essence_A000000011100,에틸헥실글리세린,29,False
pi_essence_A000000011100,부틸페닐메틸프로피오날,30,False
pi_essence_A000000011100,리날룰,31,False
pi_essence_A000000011100,헥실신남알,32,False
pi_essence_A000000011100,리모넨,33,False
pi_essence_A000000158309,정제수,1,False
pi_essence_A000000158309,부틸렌글라이콜,2,False
pi_essence_A000000158309,병풀추출물100,3,False
pi_essence_A000000158311,갈락토미세스발효여과물,1,False
pi_essence_A000000158312,정제수,1,False
pi_essence_A000000158312,부틸렌글라이콜,2,False
pi_essence_A000000158312,비피다발효추출물100,3,False
pi_essence_A000000158312,글리세린,4,False
pi_essence_A000000158929,정제수,1,False
pi_essence_A000000158929,글리세린,2,False
pi_essence_A000000158929,변성알코올,3,False
pi_essence_A000000158929,다이프로필렌글라이콜,4,False
pi_essence_A000000158929,부틸렌글라이콜,5,False
pi_essence_A000000158929,"1,2-헥산다이올",6,False
pi_essence_A000000158929,트레할로오스,7,False
pi_essence_A000000158929,바위손추출물,8,False
pi_essence_A000000158929,귀리커넬추출물,9,False
pi_essence_A000000158929,포트마리골드꽃추출물,10,False
pi_essence_A000000158929,개박하추출물,11,False
pi_essence_A000000158929,라즈베리잎추출물,12,False
pi_essence_A000000158929,와일드인디고뿌리추출물,13,False
pi_essence_A000000158929,별꽃추출물,14,False
pi_essence_A000000158929,레이디스맨틀잎추출물,15,False
pi_essence_A000000158929,삼색제비꽃추출물,16,False
pi_essence_A000000158929,다마스크장미꽃추출물,17,False
pi_essence_A000000158929,메도우스위트꽃추출물,18,False
pi_essence_A000000158929,마시멜로뿌리추출물,19,False
pi_essence_A000000158929,베타인,20,False
pi_essence_A000000158929,판테놀,21,False
pi_essence_A000000158929,아이리쉬모스추출물,22,False
pi_essence_A000000158929,암모늄아크릴로일다이메틸타우레이트/브이피코폴리머,23,False
pi_essence_A000000158929,피이지-40하이드로제네이티드캐스터오일,24,False
pi_essence_A000000158929,옥틸도데세스-16,25,False
pi_essence_A000000158929,카보머,26,False
pi_essence_A000000158929,글리세릴아크릴레이트/아크릴릭애씨드코폴리머,27,False
pi_essence_A000000158929,소듐폴리아크릴레이트,28,False
pi_essence_A000000158929,트로메타민,29,False
pi_essence_A000000158929,트라이소듐이디티에이,30,False
pi_essence_A000000158929,오렌지껍질오일,31,False
pi_essence_A000000158929,라임전초오일,32,False
pi_essence_A000000158929,로즈마리잎오일,33,False
pi_essence_A000000158929,센티드제라늄꽃오일,34,False
pi_essence_A000000158929,리모넨,35,False
pi_essence_A000000158929,시트로넬올,36,False
pi_essence_A000000158929,제라니올,37,False
pi_essence_A000000158929,시트랄,38,False
pi_essence_A000000158929,"리날룰(*표시:부활초추출물,+표시:Napiersoriginalformula,**표시:Napiersmoistureformula,++표시:식물유래향)",39,False
pi_essence_A000000163763,병풀추출물,1,False
pi_essence_A000000163763,글리세린,2,False
pi_essence_A000000163763,정제수,3,False
pi_essence_A000000163763,프로판다이올,4,False
pi_essence_A000000163763,"1,2-헥산다이올",5,False
pi_essence_A000000163763,부틸렌글라이콜,6,False
pi_essence_A000000163763,알란토인,7,False
pi_essence_A000000163763,에틸헥실글리세린,8,False
pi_essence_A000000163763,잔탄검,9,False
pi_essence_A000000163763,소듐시트레이트,10,False
pi_essence_A000000163763,시트릭애씨드,11,False
pi_essence_A000000163763,마데카소사이드,12,False
pi_essence_A000000163763,아시아티코사이드,13,False
pi_essence_A000000163763,아시아틱애씨드,14,False
pi_essence_A000000163763,마데카식애씨드,15,False
pi_essence_A000000168272,정제수,1,False
pi_essence_A000000168272,글리세린,2,False
pi_essence_A000000168272,"1,2-헥산다이올",3,False
pi_essence_A000000168272,나이아신아마이드,4,False
pi_essence_A000000168272,베타인,5,False
pi_essence_A000000168272,부틸렌글라이콜,6,False
pi_essence_A000000168272,판테놀,7,False
pi_essence_A000000168272,글리세레스-25피씨에이아이소스테아레이트,8,False
pi_essence_A000000168272,잔탄검,9,False
pi_essence_A000000168272,다이포타슘글리시리제이트,10,False
pi_essence_A000000168272,맥아추출물,11,False
pi_essence_A000000168272,자몽껍질오일,12,False
pi_essence_A000000168272,소듐하이알루로네이트,13,False
pi_essence_A000000168272,카프릴릭/카프릭트라이글리세라이드,14,False
pi_essence_A000000168272,하이드롤라이즈드하이알루로닉애씨드,15,False
pi_essence_A000000168272,베타-글루칸,16,False
pi_essence_A000000168272,진흙버섯추출물,17,False
pi_essence_A000000168272,카프릴릴글라이콜,18,False
pi_essence_A000000168272,오렌지껍질오일,19,False
pi_essence_A000000168272,소듐아세틸레이티드하이알루로네이트,20,False
pi_essence_A000000168272,멕시칸주니퍼오일,21,False
pi_essence_A000000168272,고수열매오일,22,False
pi_essence_A000000168272,스피어민트잎오일,23,False
pi_essence_A000000168272,락토바실러스/쌀발효물,24,False
pi_essence_A000000168272,페퍼민트잎추출물,25,False
pi_essence_A000000168272,노니열매추출물,26,False
pi_essence_A000000168272,매실추출물,27,False
pi_essence_A000000168272,사막장미잎세포추출물,28,False
pi_essence_A000000168272,오이열매추출물,29,False
pi_essence_A000000168272,병풀추출물,30,False
pi_essence_A000000168272,녹차추출물,31,False
pi_essence_A000000168272,키위추출물,32,False
pi_essence_A000000168272,알로에잎추출물,33,False
pi_essence_A000000168272,카룸페트로셀리눔추출물,34,False
pi_essence_A000000168272,케일잎추출물,35,False
pi_essence_A000000168272,바오밥나무씨추출물,36,False
pi_essence_A000000168272,티트리추출물,37,False
pi_essence_A000000168272,아티초크잎추출물,38,False
pi_essence_A000000168272,오죽잎추출물,39,False
pi_essence_A000000168272,브루셀스프라우트추출물,40,False
pi_essence_A000000168272,멜론추출물,41,False
pi_essence_A000000168272,라임추출물,42,False
pi_essence_A000000168272,효모베타-글루칸,43,False
pi_essence_A000000168272,다시마추출물,44,False
pi_essence_A000000168272,리모넨,45,False
pi_essence_A000000169035,락토바실러스/콩발효추출물,1,False
pi_essence_A000000169035,락토바실러스/석류발효추출물,2,False
pi_essence_A000000169035,효모/보리씨발효추출물,3,False
pi_essence_A000000169035,락토바실러스/배즙발효여과물[미니순디병풀에센스]정제수,4,False
pi_essence_A000000169035,부틸렌글라이콜,5,False
pi_essence_A000000169035,병풀추출물100,6,False
pi_essence_A000000172209,만주자작나무수액,1,False
pi_essence_A000000172209,부틸렌글라이콜,2,False
pi_essence_A000000172209,글리세레스-26,3,False
pi_essence_A000000172209,글리세린,4,False
pi_essence_A000000172209,"1,2-헥산다이올",5,False
pi_essence_A000000172209,에탄올,6,False
pi_essence_A000000172209,에틸헥실글리세린,7,False
pi_essence_A000000172209,정제수,8,False
pi_essence_A000000172209,아데노신,9,False
pi_essence_A000000172209,소듐하이알루로네이트,10,False
pi_essence_A000000172209,향료,11,False
pi_essence_A000000172209,카프릴로일살리실릭애씨드,12,False
pi_essence_A000000172209,잔탄검,13,False
pi_essence_A000000172209,소듐파이테이트,14,False
pi_essence_A000000172993,에키네시아추출물,1,False
pi_essence_A000000172993,부틸렌글라이콜,2,False
pi_essence_A000000172993,글리세린,3,False
pi_essence_A000000172993,나이아신아마이드,4,False
pi_essence_A000000172993,꿀추출물,5,False
pi_essence_A000000172993,병풀추출물,6,False
pi_essence_A000000172993,프로폴리스추출물,7,False
pi_essence_A000000172993,마카뿌리추출물,8,False
pi_essence_A000000172993,정제수,9,False
pi_essence_A000000172993,"1,2-헥산다이올",10,False
pi_essence_A000000172993,암모늄아크릴로일다이메틸타우레이트/브이피코폴리머,11,False
pi_essence_A000000172993,C12-13알케스-9,12,False
pi_essence_A000000172993,소듐하이알루로네이트,13,False
pi_essence_A000000172993,하이드롤라이즈드하이알루로닉애씨드,14,False
pi_essence_A000000172993,하이알루로닉애씨드,15,False
pi_essence_A000000172993,카보머,16,False
pi_essence_A000000172993,에틸헥실글리세린,17,False
pi_essence_A000000172993,트로메타민,18,False
pi_essence_A000000172993,덱스트린,19,False
pi_essence_A000000172993,폴리글루타믹애씨드,20,False
pi_essence_A000000172993,아데노신,21,False
pi_essence_A000000172993,잔탄검,22,False
pi_essence_A000000172993,글리세릴글루코사이드,23,False
pi_essence_A000000172993,카카오추출물,24,False
pi_essence_A000000172993,황련뿌리추출물,25,False
pi_essence_A000000172993,소듐폴리감마-글루타메이트,26,False
pi_essence_A000000172993,흰목이버섯폴리사카라이드,27,False
pi_essence_A000000172993,불등가사리추출물,28,False
pi_essence_A000000172993,겔리듐카르틸라기네움추출물,29,False
pi_essence_A000000172993,다이소듐이디티에이[퓨리파잉-2제]에키네시아추출물,30,False
pi_essence_A000000172993,세테아릴에틸헥사노에이트,32,False
pi_essence_A000000172993,세틸에틸헥사노에이트,33,False
pi_essence_A000000172993,카놀라오일,36,False
pi_essence_A000000172993,하이드로제네이티드식물성오일,37,False
pi_essence_A000000172993,베헤닐알코올,38,False
pi_essence_A000000172993,밤껍질추출물,41,False
pi_essence_A000000172993,흰버드나무껍질추출물,42,False
pi_essence_A000000172993,토마토추출물,43,False
pi_essence_A000000172993,달맞이꽃꽃추출물,44,False
pi_essence_A000000172993,칡뿌리추출물,45,False
pi_essence_A000000172993,당느릅나무뿌리추출물,46,False
pi_essence_A000000172993,하이드록시에틸아크릴레이트/소듐아크릴로일다이메틸타우레이트코폴리머,47,False
pi_essence_A000000172993,대왕소나무잎추출물,48,False
pi_essence_A000000172993,율무씨추출물,49,False
pi_essence_A000000172993,세테아릴알코올,51,False
pi_essence_A000000172993,스테아릭애씨드,52,False
pi_essence_A000000172993,글루코오스,55,False
pi_essence_A000000172993,폴리글리세릴-3메틸글루코오스다이스테아레이트,57,False
pi_essence_A000000172993,솔비탄아이소스테아레이트,58,False
pi_essence_A000000172993,글리세릴스테아레이트에스이,59,False
pi_essence_A000000172993,메틸글루코오스세스퀴스테아레이트,62,False
pi_essence_A000000172993,시트릭애씨드,68,False
pi_essence_A000000172993,다이소듐이디티에이,69,False
pi_essence_A000000174304,정제수,1,False
pi_essence_A000000174304,온천수,2,False
pi_essence_A000000174304,다이글리세린,3,False
pi_essence_A000000174304,"1,2-헥산다이올",4,False
pi_essence_A000000174304,자귀나무껍질추출물,5,False
pi_essence_A000000174304,글리세린,6,False
pi_essence_A000000174304,자일리틸글루코사이드,7,False
pi_essence_A000000174304,안하이드로자일리톨,8,False
pi_essence_A000000174304,이눌린,9,False
pi_essence_A000000174304,피이지-80글리세릴코코에이트,10,False
pi_essence_A000000174304,자일리톨,11,False
pi_essence_A000000174304,소듐하이알루로네이트,12,False
pi_essence_A000000174304,칼슘글루코네이트,13,False
pi_essence_A000000174304,글루코오스,14,False
pi_essence_A000000174304,잔탄검,15,False
pi_essence_A000000174304,폴리쿼터늄-51,16,False
pi_essence_A000000174304,마그네슘글루코네이트,17,False
pi_essence_A000000174304,소듐벤조에이트,18,False
pi_essence_A000000174304,시트릭애씨드,19,False
pi_essence_A000000174304,향료*100,20,False
pi_essence_A000000176954,정제수,1,False
pi_essence_A000000176954,비피다발효용해물,2,False
pi_essence_A000000176954,프로판다이올,3,False
pi_essence_A000000176954,피이지-75,4,False
pi_essence_A000000176954,락토바실러스발효물,5,False
pi_essence_A000000176954,아세틸헥사펩타이드-8,6,False
pi_essence_A000000176954,아세틸글루코사민,7,False
pi_essence_A000000176954,소듐하이알루로네이트,8,False
pi_essence_A000000176954,마트리카리아꽃추출물,9,False
pi_essence_A000000176954,카페인,10,False
pi_essence_A000000176954,다이포타슘글리시리제이트,11,False
pi_essence_A000000176954,하이드롤라이즈드쌀추출물,12,False
pi_essence_A000000176954,베타인,13,False
pi_essence_A000000176954,말토덱스트린,14,False
pi_essence_A000000176954,카보머,15,False
pi_essence_A000000176954,트로메타민,16,False
pi_essence_A000000176954,시트릭애씨드,17,False
pi_essence_A000000176954,트레할로오스,18,False
pi_essence_A000000176954,부틸렌글라이콜,19,False
pi_essence_A000000176954,카프릴릴글라이콜,20,False
pi_essence_A000000176954,피피지-5-세테스-20,21,False
pi_essence_A000000176954,펜틸렌글라이콜,22,False
pi_essence_A000000176954,다이소듐이디티에이,23,False
pi_essence_A000000176954,소듐시트레이트,24,False
pi_essence_A000000176954,페녹시에탄올,25,False
pi_essence_A000000176954,포타슘솔베이트[ILN49455]제공된성분은동일제품이라도경우에따라변경될수있습니다.최신정보는제품포장의성분을참고하시거나본사고객관리지원팀으로연락부탁드립니다,26,False
pi_essence_A000000182613,정제수,1,False
pi_essence_A000000182613,글리세린,2,False
pi_essence_A000000182613,변성알코올,3,False
pi_essence_A000000182613,다이프로필렌글라이콜,4,False
pi_essence_A000000182613,부틸렌글라이콜,5,False
pi_essence_A000000182613,"1,2-헥산다이올",6,False
pi_essence_A000000182613,트레할로오스,7,False
pi_essence_A000000182613,바위손추출물,8,False
pi_essence_A000000182613,귀리커넬추출물,9,False
pi_essence_A000000182613,포트마리골드꽃추출물,10,False
pi_essence_A000000182613,개박하추출물,11,False
pi_essence_A000000182613,라즈베리잎추출물,12,False
pi_essence_A000000182613,와일드인디고뿌리추출물,13,False
pi_essence_A000000182613,별꽃추출물,14,False
pi_essence_A000000182613,레이디스맨틀잎추출물,15,False
pi_essence_A000000182613,삼색제비꽃추출물,16,False
pi_essence_A000000182613,다마스크장미꽃추출물,17,False
pi_essence_A000000182613,메도우스위트꽃추출물,18,False
pi_essence_A000000182613,마시멜로뿌리추출물,19,False
pi_essence_A000000182613,베타인,20,False
pi_essence_A000000182613,판테놀,21,False
pi_essence_A000000182613,아이리쉬모스추출물,22,False
pi_essence_A000000182613,암모늄아크릴로일다이메틸타우레이트/브이피코폴리머,23,False
pi_essence_A000000182613,피이지-40하이드로제네이티드캐스터오일,24,False
pi_essence_A000000182613,옥틸도데세스-16,25,False
pi_essence_A000000182613,카보머,26,False
pi_essence_A000000182613,글리세릴아크릴레이트/아크릴릭애씨드코폴리머,27,False
pi_essence_A000000182613,소듐폴리아크릴레이트,28,False
pi_essence_A000000182613,트로메타민,29,False
pi_essence_A000000182613,트라이소듐이디티에이,30,False
pi_essence_A000000182613,오렌지껍질오일,31,False
pi_essence_A000000182613,라임전초오일,32,False
pi_essence_A000000182613,로즈마리잎오일,33,False
pi_essence_A000000182613,센티드제라늄꽃오일,34,False
pi_essence_A000000182613,리모넨,35,False
pi_essence_A000000182613,시트로넬올,36,False
pi_essence_A000000182613,제라니올,37,False
pi_essence_A000000182613,시트랄,38,False
pi_essence_A000000182613,"리날룰(*표시:부활초추출물,+표시:Napiersoriginalformula,**표시:Napiersmoistureformula,++표시:식물유래향)",39,False
pi_essence_A000000184662,스키조사카로미세스발효여과물,1,False
pi_essence_A000000184662,프로판다이올,2,False
pi_essence_A000000184662,글리세린,3,False
pi_essence_A000000184662,변성알코올,4,False
pi_essence_A000000184662,부틸렌글라이콜,5,False
pi_essence_A000000184662,나이아신아마이드,6,False
pi_essence_A000000184662,"1,2-헥산다이올",7,False
pi_essence_A000000184662,다이에톡시에틸석시네이트,8,False
pi_essence_A000000184662,베타인,9,False
pi_essence_A000000184662,피피지-13-데실테트라데세스-24,10,False
pi_essence_A000000184662,소듐파이루베이트,11,False
pi_essence_A000000184662,에틸헥실글리세린,12,False
pi_essence_A000000184662,아데노신,13,False
pi_essence_A000000184662,덱스트린,14,False
pi_essence_A000000184662,향료,15,False
pi_essence_A000000184662,다이소듐이디티에이,16,False
pi_essence_A000000184662,타우린,17,False
pi_essence_A000000184662,맥주효모추출물,18,False
pi_essence_A000000184662,정제수,19,False
pi_essence_A000000184662,펜틸렌글라이콜,20,False
pi_essence_A000000184662,페퍼민트추출물,21,False
pi_essence_A000000189953,정제수,1,False
pi_essence_A000000189953,다이프로필렌글라이콜,2,False
pi_essence_A000000189953,프로판다이올,3,False
pi_essence_A000000189953,글리세린,4,False
pi_essence_A000000189953,트레할로오스,5,False
pi_essence_A000000189953,변성알코올,6,False
pi_essence_A000000189953,판테놀,7,False
pi_essence_A000000189953,에칠아스코빌에텔(3-O-에틸아스코빅애씨드),8,False
pi_essence_A000000189953,글라이코실트레할로오스,9,False
pi_essence_A000000189953,페룰릭애씨드,10,False
pi_essence_A000000189953,토코페롤,11,False
pi_essence_A000000189953,소듐하이알루로네이트,12,False
pi_essence_A000000189953,세라마이드엔피,13,False
pi_essence_A000000189953,스쿠알란,14,False
pi_essence_A000000189953,돌콩오일,15,False
pi_essence_A000000189953,다마스크장미꽃오일,16,False
pi_essence_A000000189953,베티버뿌리오일,17,False
pi_essence_A000000189953,육계잎오일,18,False
pi_essence_A000000189953,생강오일,19,False
pi_essence_A000000189953,후추열매오일,20,False
pi_essence_A000000189953,"1,2-헥산다이올",21,False
pi_essence_A000000189953,잇꽃꽃추출물,22,False
pi_essence_A000000189953,카카오씨추출물,23,False
pi_essence_A000000189953,솔비톨,24,False
pi_essence_A000000189953,알란토인,25,False
pi_essence_A000000189953,덱스트린,26,False
pi_essence_A000000189953,다이글리세린,27,False
pi_essence_A000000189953,소듐시트레이트,28,False
pi_essence_A000000189953,시트릭애씨드,29,False
pi_essence_A000000189953,하이드로제네이티드스타치하이드롤리세이트,30,False
pi_essence_A000000189953,다이에톡시에틸석시네이트,31,False
pi_essence_A000000189953,폴리글리세릴-10스테아레이트,32,False
pi_essence_A000000189953,폴리글리세릴-10올리에이트,33,False
pi_essence_A000000189953,카프릴릭/카프릭트라이글리세라이드,34,False
pi_essence_A000000189953,하이드로제네이티드레시틴,35,False
pi_essence_A000000189953,다이소듐이디티에이,36,False
pi_essence_A000000190691,정제수,1,False
pi_essence_A000000190691,글리세린,2,False
pi_essence_A000000190691,부틸렌글라이콜,3,False
pi_essence_A000000190691,다이프로필렌글라이콜,4,False
pi_essence_A000000190691,"1,2-헥산다이올",5,False
pi_essence_A000000190691,쇠비름추출물,6,False
pi_essence_A000000190691,프로폴리스추출물,7,False
pi_essence_A000000190691,카보머,8,False
pi_essence_A000000190691,알지닌,9,False
pi_essence_A000000190691,로얄젤리추출물,10,False
pi_essence_A000000190691,락토바실러스발효물,11,False
pi_essence_A000000190691,효모발효물,12,False
pi_essence_A000000190691,꿀추출물,13,False
pi_essence_A000000190691,펜틸렌글라이콜,14,False
pi_essence_A000000190691,소듐하이알루로네이트,15,False
pi_essence_A000000190691,하이드록시에틸셀룰로오스,16,False
pi_essence_A000000190691,다이소듐이디티에이,17,False
pi_essence_A000000190691,에틸헥실글리세린,18,False
pi_essence_A000000190691,베타-글루칸,19,False
pi_essence_A000000190691,카프릴릴글라이콜,20,False
pi_essence_A000000192301,정제수,1,False
pi_essence_A000000192301,글리세린,2,False
pi_essence_A000000192301,프로판다이올,3,False
pi_essence_A000000192301,메틸프로판다이올,4,False
pi_essence_A000000192301,카프릴릭/카프릭트라이글리세라이드,5,False
pi_essence_A000000192301,부틸렌글라이콜,6,False
pi_essence_A000000192301,펜타에리스리틸테트라에틸헥사노에이트,7,False
pi_essence_A000000192301,세틸에틸헥사노에이트,8,False
pi_essence_A000000192301,글리세레스-26,9,False
pi_essence_A000000192301,시어버터,10,False
pi_essence_A000000192301,마카다미아씨오일,11,False
pi_essence_A000000192301,나이아신아마이드,12,False
pi_essence_A000000192301,실리카,13,False
pi_essence_A000000192301,폴리글리세릴-3메틸글루코오스다이스테아레이트,14,False
pi_essence_A000000192301,세테아릴알코올,15,False
pi_essence_A000000192301,스테아릭애씨드,16,False
pi_essence_A000000192301,"1,2-헥산다이올",17,False
pi_essence_A000000192301,C12-16알코올,18,False
pi_essence_A000000192301,소듐아크릴레이트/소듐아크릴로일다이메틸타우레이트코폴리머,19,False
pi_essence_A000000192301,폴리아이소부텐,20,False
pi_essence_A000000192301,하이드로제네이티드레시틴,21,False
pi_essence_A000000192301,팔미틱애씨드,22,False
pi_essence_A000000192301,알지닌,23,False
pi_essence_A000000192301,세테아릴글루코사이드,24,False
pi_essence_A000000192301,카보머,25,False
pi_essence_A000000192301,에틸헥실글리세린,26,False
pi_essence_A000000192301,카프릴릴글라이콜,27,False
pi_essence_A000000192301,병풀추출물,28,False
pi_essence_A000000192301,아데노신,29,False
pi_essence_A000000192301,카프릴릴/카프릴글루코사이드,30,False
pi_essence_A000000192301,솔비탄올리에이트,31,False
pi_essence_A000000192301,토코페릴아세테이트,32,False
pi_essence_A000000192301,다이소듐이디티에이,33,False
pi_essence_A000000192301,소듐하이알루로네이트,34,False
pi_essence_A000000192301,아크릴레이트/C10-30알킬아크릴레이트크로스폴리머,35,False
pi_essence_A000000192301,글루코오스,36,False
pi_essence_A000000192301,프로폴리스추출물,37,False
pi_essence_A000000192301,아시아티코사이드,38,False
pi_essence_A000000192301,하이드롤라이즈드엘라스틴,39,False
pi_essence_A000000192301,마데카소사이드,40,False
pi_essence_A000000192301,마데카식애씨드,41,False
pi_essence_A000000192301,아시아틱애씨드,42,False
pi_essence_A000000192301,글라이신,43,False
pi_essence_A000000192301,세린,44,False
pi_essence_A000000192301,글루타믹애씨드,45,False
pi_essence_A000000192301,아스파틱애씨드,46,False
pi_essence_A000000192301,류신,47,False
pi_essence_A000000192301,알라닌,48,False
pi_essence_A000000192301,라이신,49,False
pi_essence_A000000192301,타이로신,50,False
pi_essence_A000000192301,페닐알라닌,51,False
pi_essence_A000000192301,트레오닌,52,False
pi_essence_A000000192301,프롤린,53,False
pi_essence_A000000192301,발린,54,False
pi_essence_A000000192301,아이소류신,55,False
pi_essence_A000000192301,세라마이드엔피,56,False
pi_essence_A000000192301,히스티딘,57,False
pi_essence_A000000192301,메티오닌,58,False
pi_essence_A000000192301,시스테인,59,False
pi_essence_A000000192301,글라이코스핑고리피드,60,False
pi_essence_A000000199977,정제수,1,False
pi_essence_A000000199977,다이프로필렌글라이콜,2,False
pi_essence_A000000199977,글리세린,3,False
pi_essence_A000000199977,나이아신아마이드,4,False
pi_essence_A000000199977,부틸렌글라이콜,5,False
pi_essence_A000000199977,마카다미아씨오일,6,False
pi_essence_A000000199977,"1,2-헥산다이올",7,False
pi_essence_A000000199977,에틸헥실팔미테이트,8,False
pi_essence_A000000199977,소듐폴리아크릴레이트,9,False
pi_essence_A000000199977,소듐아크릴레이트/소듐아크릴로일다이메틸타우레이트코폴리머,10,False
pi_essence_A000000199977,폴리아이소부텐,11,False
pi_essence_A000000199977,글리세레스-26,12,False
pi_essence_A000000199977,실리카,13,False
pi_essence_A000000199977,에틸헥실글리세린,14,False
pi_essence_A000000199977,카프릴릴글라이콜,15,False
pi_essence_A000000199977,아데노신,16,False
pi_essence_A000000199977,소듐하이알루로네이트,17,False
pi_essence_A000000199977,카프릴릴/카프릴글루코사이드,18,False
pi_essence_A000000199977,솔비탄올리에이트,19,False
pi_essence_A000000199977,병풀추출물,20,False
pi_essence_A000000199977,글리세릴글루코사이드,21,False
pi_essence_A000000199977,잔탄검,22,False
pi_essence_A000000199977,알로에베라잎추출물,23,False
pi_essence_A000000199977,글루코오스,24,False
pi_essence_A000000199977,아스타잔틴,25,False
pi_essence_A000000199977,프로폴리스추출물,26,False
pi_essence_A000000199977,아시아티코사이드,27,False
pi_essence_A000000199977,마데카소사이드,28,False
pi_essence_A000000199977,마데카식애씨드,29,False
pi_essence_A000000199977,아시아틱애씨드,30,False
pi_essence_A000000199981,정제수,1,False
pi_essence_A000000199981,메틸프로판다이올,2,False
pi_essence_A000000199981,프로판다이올,3,False
pi_essence_A000000199981,카프릴릭/카프릭트라이글리세라이드,4,False
pi_essence_A000000199981,부틸렌글라이콜,5,False
pi_essence_A000000199981,글리세린,6,False
pi_essence_A000000199981,펜타에리스리틸테트라에틸헥사노에이트,7,False
pi_essence_A000000199981,시어버터,8,False
pi_essence_A000000199981,실리카,9,False
pi_essence_A000000199981,나이아신아마이드,10,False
pi_essence_A000000199981,마카다미아씨오일,11,False
pi_essence_A000000199981,세테아릴알코올,12,False
pi_essence_A000000199981,폴리글리세릴-3메틸글루코오스다이스테아레이트,13,False
pi_essence_A000000199981,"1,2-헥산다이올",14,False
pi_essence_A000000199981,팔미틱애씨드,15,False
pi_essence_A000000199981,C12-16알코올,16,False
pi_essence_A000000199981,암모늄아크릴로일다이메틸타우레이트/브이피코폴리머,17,False
pi_essence_A000000199981,스테아릭애씨드,18,False
pi_essence_A000000199981,소듐아크릴레이트/소듐아크릴로일다이메틸타우레이트코폴리머,19,False
pi_essence_A000000199981,하이드로제네이티드레시틴,20,False
pi_essence_A000000199981,폴리아이소부텐,21,False
pi_essence_A000000199981,세테아릴글루코사이드,22,False
pi_essence_A000000199981,에틸헥실글리세린,23,False
pi_essence_A000000199981,카프릴릴글라이콜,24,False
pi_essence_A000000199981,아데노신,25,False
pi_essence_A000000199981,병풀추출물,26,False
pi_essence_A000000199981,카프릴릴/카프릴글루코사이드,27,False
pi_essence_A000000199981,솔비탄올리에이트,28,False
pi_essence_A000000199981,다이소듐이디티에이,29,False
pi_essence_A000000199981,토코페릴아세테이트,30,False
pi_essence_A000000199981,소듐하이알루로네이트,31,False
pi_essence_A000000199981,금,32,False
pi_essence_A000000199981,하이드롤라이즈드엘라스틴,33,False
pi_essence_A000000199981,홍삼추출물,34,False
pi_essence_A000000199981,글라이신,35,False
pi_essence_A000000199981,세린,36,False
pi_essence_A000000199981,글루타믹애씨드,37,False
pi_essence_A000000199981,프로폴리스추출물,38,False
pi_essence_A000000199981,수용성프로테오글리칸,39,False
pi_essence_A000000199981,아스파틱애씨드,40,False
pi_essence_A000000199981,류신,41,False
pi_essence_A000000199981,아시아티코사이드,42,False
pi_essence_A000000199981,알라닌,43,False
pi_essence_A000000199981,라이신,44,False
pi_essence_A000000199981,알지닌,45,False
pi_essence_A000000199981,타이로신,46,False
pi_essence_A000000199981,페닐알라닌,47,False
pi_essence_A000000199981,마데카소사이드,48,False
pi_essence_A000000199981,마데카식애씨드,49,False
pi_essence_A000000199981,아시아틱애씨드,50,False
pi_essence_A000000199981,트레오닌,51,False
pi_essence_A000000199981,프롤린,52,False
pi_essence_A000000199981,발린,53,False
pi_essence_A000000199981,아이소류신,54,False
pi_essence_A000000199981,세라마이드엔피,55,False
pi_essence_A000000199981,히스티딘,56,False
pi_essence_A000000199981,메티오닌,57,False
pi_essence_A000000199981,시스테인,58,False
pi_essence_A000000199981,글라이코스핑고리피드,59,False
pi_essence_A000000202437,정제수,1,False
pi_essence_A000000202437,아이소프로필미리스테이트,2,False
pi_essence_A000000202437,산양삼추출물,3,False
pi_essence_A000000202437,카프릴릭/카프릭트라이글리세라이드,4,False
pi_essence_A000000202437,세틸에틸헥사노에이트,5,False
pi_essence_A000000202437,글리세린,6,False
pi_essence_A000000202437,프로판다이올,7,False
pi_essence_A000000202437,나이아신아마이드,8,False
pi_essence_A000000202437,폴리글리세릴-2다이폴리하이드록시스테아레이트,9,False
pi_essence_A000000202437,피이지-30다이폴리하이드록시스테아레이트,10,False
pi_essence_A000000202437,폴리글리세릴-3다이아이소스테아레이트,11,False
pi_essence_A000000202437,"1,2-헥산다이올",12,False
pi_essence_A000000202437,토코페롤,13,False
pi_essence_A000000202437,하이드록시아세토페논,14,False
pi_essence_A000000202437,해바라기씨오일,15,False
pi_essence_A000000202437,아크릴레이트/C10-30알킬아크릴레이트크로스폴리머,16,False
pi_essence_A000000202437,알지닌,17,False
pi_essence_A000000202437,아데노신,18,False
pi_essence_A000000202437,세라마이드엔피,19,False
pi_essence_A000000202437,바오밥나무씨오일,20,False
pi_essence_A000000202437,다이소듐이디티에이,21,False
pi_essence_A000000202437,하이드로제네이티드레시틴,22,False
pi_essence_A000000202437,알란토인,23,False
pi_essence_A000000202437,스쿠알란,24,False
pi_essence_A000000202437,판테놀,25,False
pi_essence_A000000202437,폴리글루쿠로닉애씨드,26,False
pi_essence_A000000202437,세라마이드엔에스,27,False
pi_essence_A000000202437,세라마이드에이에스,28,False
pi_essence_A000000202437,세라마이드이오피,29,False
pi_essence_A000000202437,세라마이드에이피,30,False
pi_essence_A000000202437,소듐디엔에이,31,False
pi_essence_A000000202905,정제수,1,False
pi_essence_A000000202905,프로판다이올,2,False
pi_essence_A000000202905,부틸렌글라이콜,3,False
pi_essence_A000000202905,나이아신아마이드,4,False
pi_essence_A000000202905,메틸프로판다이올,5,False
pi_essence_A000000202905,펜틸렌글라이콜,6,False
pi_essence_A000000202905,"1,2-헥산다이올",7,False
pi_essence_A000000202905,아이소펜틸다이올,8,False
pi_essence_A000000202905,옥틸도데세스-16,9,False
pi_essence_A000000202905,알파-알부틴,10,False
pi_essence_A000000202905,글리세릴글루코사이드,11,False
pi_essence_A000000202905,글리세린,12,False
pi_essence_A000000202905,카보머,13,False
pi_essence_A000000202905,아데노신,14,False
pi_essence_A000000202905,암모늄아크릴로일다이메틸타우레이트/브이피코폴리머,15,False
pi_essence_A000000202905,토코페롤,16,False
pi_essence_A000000202905,판테놀,17,False
pi_essence_A000000202905,윈터체리뿌리추출물,18,False
pi_essence_A000000202905,트로메타민,19,False
pi_essence_A000000202905,병풀잎추출물,20,False
pi_essence_A000000202920,정제수,1,False
pi_essence_A000000202920,다이프로필렌글라이콜,2,False
pi_essence_A000000202920,글리세린,3,False
pi_essence_A000000202920,나이아신아마이드,4,False
pi_essence_A000000202920,폴리글리세린-3,5,False
pi_essence_A000000202920,카프릴릭/카프릭트라이글리세라이드,6,False
pi_essence_A000000202920,"1,2-헥산다이올",7,False
pi_essence_A000000202920,베타인,8,False
pi_essence_A000000202920,소듐카보머,9,False
pi_essence_A000000202920,암모늄아크릴로일다이메틸타우레이트/브이피코폴리머,10,False
pi_essence_A000000202920,실리카,11,False
pi_essence_A000000202920,에틸헥실글리세린,12,False
pi_essence_A000000202920,아크릴레이트/C10-30알킬아크릴레이트크로스폴리머,13,False
pi_essence_A000000202920,C12-14알케스-12,14,False
pi_essence_A000000202920,하이드록시에틸셀룰로오스,15,False
pi_essence_A000000202920,하이드록시아세토페논,16,False
pi_essence_A000000202920,카프릴릴글라이콜,17,False
pi_essence_A000000202920,아데노신,18,False
pi_essence_A000000202920,트로메타민,19,False
pi_essence_A000000202920,부틸렌글라이콜,20,False
pi_essence_A000000202920,인도멀구슬나무잎추출물,21,False
pi_essence_A000000202920,다이소듐이디티에이,22,False
pi_essence_A000000202920,인도멀구슬나무꽃추출물,23,False
pi_essence_A000000202920,구아검,24,False
pi_essence_A000000202920,울금뿌리추출물,25,False
pi_essence_A000000202920,아가,26,False
pi_essence_A000000202920,잔탄검,27,False
pi_essence_A000000202920,유비퀴논,28,False
pi_essence_A000000202920,병풀추출물,29,False
pi_essence_A000000202920,홀리바질잎추출물,30,False
pi_essence_A000000202920,토코페롤,31,False
pi_essence_A000000202920,아스코빅애씨드,32,False
pi_essence_A000000202920,하이드로제네이티드폴리데센,33,False
pi_essence_A000000202920,비타민나무열매오일,34,False
pi_essence_A000000202920,글루타티온,35,False
pi_essence_A000000202920,비타민나무수,36,False
pi_essence_A000000202920,프로판다이올,37,False
pi_essence_A000000202920,참산호말추출물,38,False
pi_essence_A000000202920,폴리글리세릴-10라우레이트,39,False
pi_essence_A000000202920,아스타잔틴,40,False
pi_essence_A000000202920,하이드로제네이티드포스파티딜콜린,41,False
pi_essence_A000000202920,다이소듐포스페이트,42,False
pi_essence_A000000202920,폴리솔베이트60,43,False
pi_essence_A000000202920,레티닐팔미테이트,44,False
pi_essence_A000000202920,비파나무잎추출물,45,False
pi_essence_A000000202920,소듐포스페이트,46,False
pi_essence_A000000202920,소듐라우로일글루타메이트,47,False
pi_essence_A000000202920,스피어민트추출물,48,False
pi_essence_A000000202920,소듐하이알루로네이트,49,False
pi_essence_A000000202920,프로폴리스추출물,50,False
pi_essence_A000000202920,페룰릭애씨드,51,False
pi_essence_A000000202920,아시아티코사이드,52,False
pi_essence_A000000202920,아시아틱애씨드,53,False
pi_essence_A000000202920,마데카식애씨드,54,False
pi_essence_A000000202920,마데카소사이드,55,False
pi_essence_A000000202923,정제수,1,False
pi_essence_A000000202923,다이프로필렌글라이콜,2,False
pi_essence_A000000202923,글리세린,3,False
pi_essence_A000000202923,나이아신아마이드,4,False
pi_essence_A000000202923,부틸렌글라이콜,5,False
pi_essence_A000000202923,마카다미아씨오일,6,False
pi_essence_A000000202923,다이메틸아이소소바이드,7,False
pi_essence_A000000202923,"1,2-헥산다이올",8,False
pi_essence_A000000202923,에틸헥실팔미테이트,9,False
pi_essence_A000000202923,소듐폴리아크릴레이트,10,False
pi_essence_A000000202923,소듐아크릴레이트/소듐아크릴로일다이메틸타우레이트코폴리머,11,False
pi_essence_A000000202923,글리세릴스테아레이트,12,False
pi_essence_A000000202923,폴리글리세릴-6스테아레이트,13,False
pi_essence_A000000202923,폴리아이소부텐,14,False
pi_essence_A000000202923,실리카,15,False
pi_essence_A000000202923,하이드록시피나콜론레티노에이트,16,False
pi_essence_A000000202923,알란토인,17,False
pi_essence_A000000202923,글리세레스-26,18,False
pi_essence_A000000202923,에틸헥실글리세린,19,False
pi_essence_A000000202923,카프릴릴글라이콜,20,False
pi_essence_A000000202923,잔탄검,21,False
pi_essence_A000000202923,다이포타슘글리시리제이트,22,False
pi_essence_A000000202923,아데노신,23,False
pi_essence_A000000202923,카프릴릴/카프릴글루코사이드,24,False
pi_essence_A000000202923,솔비탄올리에이트,25,False
pi_essence_A000000202923,폴리글리세릴-6베헤네이트,26,False
pi_essence_A000000202923,소듐하이알루로네이트,27,False
pi_essence_A000000202923,레시틴,28,False
pi_essence_A000000202923,폴리솔베이트20,29,False
pi_essence_A000000202923,병풀추출물,30,False
pi_essence_A000000202923,레티놀,31,False
pi_essence_A000000202923,바쿠치올,32,False
pi_essence_A000000202923,해바라기씨오일,33,False
pi_essence_A000000202923,베타-카로틴,34,False
pi_essence_A000000202923,프로폴리스추출물,35,False
pi_essence_A000000202923,감나무잎추출물,36,False
pi_essence_A000000202923,포도추출물,37,False
pi_essence_A000000202923,커피콩추출물,38,False
pi_essence_A000000202923,잇꽃꽃추출물,39,False
pi_essence_A000000202923,호장근뿌리추출물,40,False
pi_essence_A000000202923,아시아티코사이드,41,False
pi_essence_A000000202923,밤껍질추출물,42,False
pi_essence_A000000202923,녹차추출물,43,False
pi_essence_A000000202923,초피나무열매추출물,44,False
pi_essence_A000000202923,마데카소사이드,45,False
pi_essence_A000000202923,마데카식애씨드,46,False
pi_essence_A000000202923,아시아틱애씨드,47,False
pi_essence_A000000204366,에센스:정제수,1,False
pi_essence_A000000204366,락토바실러스발효용해물,2,False
pi_essence_A000000204366,프로판다이올,3,False
pi_essence_A000000204366,부틸렌글라이콜,4,False
pi_essence_A000000204366,글리세린,5,False
pi_essence_A000000204366,"1,2-헥산다이올",6,False
pi_essence_A000000204366,"2,3-부탄다이올",7,False
pi_essence_A000000204366,판테놀,8,False
pi_essence_A000000204366,하이드로제네이티드레시틴,9,False
pi_essence_A000000204366,하이드록시프롤린,10,False
pi_essence_A000000204366,수크로오스스테아레이트,11,False
pi_essence_A000000204366,세테아릴알코올,12,False
pi_essence_A000000204366,세린,13,False
pi_essence_A000000204366,세라마이드엔피,14,False
pi_essence_A000000204366,나이아신아마이드,15,False
pi_essence_A000000204366,트로메타민,16,False
pi_essence_A000000204366,비니거,17,False
pi_essence_A000000204366,아크릴레이트/C10-30알킬아크릴레이트크로스폴리머,18,False
pi_essence_A000000204366,콜레스테롤,19,False
pi_essence_A000000204366,메도우스위트추출물,20,False
pi_essence_A000000204366,폴리쿼터늄-51,21,False
pi_essence_A000000204366,라우릴다이메티콘/폴리글리세린-3크로스폴리머,22,False
pi_essence_A000000204366,다이프로필렌글라이콜,23,False
pi_essence_A000000204366,하이드록시에틸셀룰로오스,24,False
pi_essence_A000000204366,폴리메틸실세스퀴옥세인,25,False
pi_essence_A000000204366,글리세릴스테아레이트,26,False
pi_essence_A000000204366,알란토인,27,False
pi_essence_A000000204366,리놀레익애씨드,28,False
pi_essence_A000000204366,팔미틱애씨드,29,False
pi_essence_A000000204366,타히티바닐라추출물,30,False
pi_essence_A000000204366,아이소스테아릭애씨드,31,False
pi_essence_A000000204366,세라마이드에이피,32,False
pi_essence_A000000204366,세라마이드엔지,33,False
pi_essence_A000000204366,다이소듐포스페이트,34,False
pi_essence_A000000204366,효모폴리펩타이드,35,False
pi_essence_A000000204366,소듐포스페이트,36,False
pi_essence_A000000204366,락토바실러스/배즙발효여과물,37,False
pi_essence_A000000204366,효모/보리씨발효여과물,38,False
pi_essence_A000000204366,수박추출물,39,False
pi_essence_A000000204366,무추출물,40,False
pi_essence_A000000204366,락토바실러스/인삼뿌리발효여과물,41,False
pi_essence_A000000204366,락토바실러스/콩발효추출물,42,False
pi_essence_A000000204366,락토바실러스/부레옥잠발효물,43,False
pi_essence_A000000204366,모나스커스/쌀발효물,44,False
pi_essence_A000000204366,효모/포도발효추출물,45,False
pi_essence_A000000204366,효모/감자추출물발효여과물,46,False
pi_essence_A000000204366,효모/자일리눔/홍차발효물,47,False
pi_essence_A000000204366,세라마이드이오피,48,False
pi_essence_A000000204366,단풍나무잎추출물,49,False
pi_essence_A000000204366,창포뿌리추출물,50,False
pi_essence_A000000204366,개다래추출물,51,False
pi_essence_A000000204366,으름덩굴추출물,52,False
pi_essence_A000000204366,양파추출물,53,False
pi_essence_A000000204366,마늘추출물,54,False
pi_essence_A000000204366,지모뿌리추출물,55,False
pi_essence_A000000204366,쑥잎추출물,56,False
pi_essence_A000000204366,사탕무뿌리추출물,57,False
pi_essence_A000000204366,양배추추출물,58,False
pi_essence_A000000204366,순무잎추출물,59,False
pi_essence_A000000204366,동백나무잎추출물,60,False
pi_essence_A000000204366,파파야열매추출물,61,False
pi_essence_A000000204366,잇꽃꽃추출물,62,False
pi_essence_A000000204366,결명씨추출물,63,False
pi_essence_A000000204366,병풀추출물,64,False
pi_essence_A000000204366,모과추출물,65,False
pi_essence_A000000204366,치커리뿌리추출물,66,False
pi_essence_A000000204366,베르가모트잎추출물,67,False
pi_essence_A000000204366,유자추출물,68,False
pi_essence_A000000204366,귤껍질추출물,69,False
pi_essence_A000000204366,더덕뿌리추출물,70,False
pi_essence_A000000204366,쿠네아타산사열매추출물,71,False
pi_essence_A000000204366,오이열매추출물,72,False
pi_essence_A000000204366,울금뿌리추출물,73,False
pi_essence_A000000204366,당근추출물,74,False
pi_essence_A000000204366,감추출물,75,False
pi_essence_A000000204366,쇠뜨기추출물,76,False
pi_essence_A000000204366,비파나무잎추출물,77,False
pi_essence_A000000204366,무화과추출물,78,False
pi_essence_A000000204366,허브로버트추출물,79,False
pi_essence_A000000204366,긴병꽃풀추출물,80,False
pi_essence_A000000204366,스페인감초뿌리추출물,81,False
pi_essence_A000000204366,잎새버섯자실체추출물,82,False
pi_essence_A000000204366,해바라기씨추출물,83,False
pi_essence_A000000204366,원추리꽃추출물,84,False
pi_essence_A000000204366,고구마뿌리추출물,85,False
pi_essence_A000000204366,표고버섯추출물,86,False
pi_essence_A000000204366,레몬버베나잎추출물,87,False
pi_essence_A000000204366,허니서클꽃추출물,88,False
pi_essence_A000000204366,구기자추출물,89,False
pi_essence_A000000204366,레몬밤추출물,90,False
pi_essence_A000000204366,페퍼민트꽃/잎/줄기추출물,91,False
pi_essence_A000000204366,산뽕나무잎추출물,92,False
pi_essence_A000000204366,바나나추출물,93,False
pi_essence_A000000204366,연꽃뿌리추출물,94,False
pi_essence_A000000204366,바질잎추출물,95,False
pi_essence_A000000204366,기장추출물,96,False
pi_essence_A000000204366,소엽잎추출물,97,False
pi_essence_A000000204366,팥추출물,98,False
pi_essence_A000000204366,왕질경이씨추출물,99,False
pi_essence_A000000204366,도라지뿌리추출물,100,False
pi_essence_A000000204366,쇠비름추출물,101,False
pi_essence_A000000204366,살구추출물,102,False
pi_essence_A000000204366,복숭아추출물,103,False
pi_essence_A000000204366,자두추출물,104,False
pi_essence_A000000204366,사과추출물,105,False
pi_essence_A000000204366,지황뿌리추출물,106,False
pi_essence_A000000204366,로즈마리잎추출물,107,False
pi_essence_A000000204366,라즈베리추출물,108,False
pi_essence_A000000204366,살비아잎추출물,109,False
pi_essence_A000000204366,얼룩조릿대잎추출물,110,False
pi_essence_A000000204366,형개추출물,111,False
pi_essence_A000000204366,검은깨추출물,112,False
pi_essence_A000000204366,시금치추출물,113,False
pi_essence_A000000204366,서양민들레잎추출물,114,False
pi_essence_A000000204366,타임잎추출물,115,False
pi_essence_A000000204366,하늘타리뿌리추출물,116,False
pi_essence_A000000204366,미역추출물,117,False
pi_essence_A000000204366,생강추출물,118,False
pi_essence_A000000204366,마트리카리아꽃추출물,119,False
pi_essence_A000000204366,은행추출물,120,False
pi_essence_A000000204366,약모밀추출물,121,False
pi_essence_A000000204366,락토바실러스/호밀가루발효물,122,False
pi_essence_A000000204366,락토바실러스/고추냉이뿌리발효추출물,123,False
pi_essence_A000000204366,라임전초오일,124,False
pi_essence_A000000204366,베르가모트오일,125,False
pi_essence_A000000204366,라벤더오일,126,False
pi_essence_A000000204366,센티드제라늄꽃오일,127,False
pi_essence_A000000204366,마트리카리아꽃오일,128,False
pi_essence_A000000204366,리모넨,129,False
pi_essence_A000000204366,리날룰,130,False
pi_essence_A000000204366,시트로넬올,131,False
pi_essence_A000000204366,시트랄,132,False
pi_essence_A000000204366,제라니올세럼:정제수,133,False
pi_essence_A000000204366,카프릴릭/카프릭트라이글리세라이드,137,False
pi_essence_A000000204366,다이메티콘,138,False
pi_essence_A000000204366,해바라기씨오일,139,False
pi_essence_A000000204366,변성알코올,140,False
pi_essence_A000000204366,스쿠알란,143,False
pi_essence_A000000204366,카보머,144,False
pi_essence_A000000204366,폴리우레탄-15,145,False
pi_essence_A000000204366,폴리글리세릴-10스테아레이트,146,False
pi_essence_A000000204366,폴리아크릴레이트-13,147,False
pi_essence_A000000204366,폴리글리세릴-10올리에이트,148,False
pi_essence_A000000204366,메틸메타크릴레이트크로스폴리머,150,False
pi_essence_A000000204366,소듐폴리아크릴레이트,151,False
pi_essence_A000000204366,알지닌,152,False
pi_essence_A000000204366,하이드로제네이티드폴리아이소부텐,154,False
pi_essence_A000000204366,포스포리피드,155,False
pi_essence_A000000204366,아데노신,156,False
pi_essence_A000000204366,토코페롤,157,False
pi_essence_A000000204366,다이메티콘/비닐다이메티콘크로스폴리머,158,False
pi_essence_A000000204366,펜틸렌글라이콜,160,False
pi_essence_A000000204366,폴리글리세릴-10라우레이트,161,False
pi_essence_A000000204366,에틸헥실팔미테이트,162,False
pi_essence_A000000204366,다이소듐이디티에이,163,False
pi_essence_A000000204366,소듐하이드록사이드,164,False
pi_essence_A000000204366,아모다이메티콘,165,False
pi_essence_A000000204366,덱스트린,166,False
pi_essence_A000000204366,솔비탄아이소스테아레이트,167,False
pi_essence_A000000204366,에틸헥실글리세린,168,False
pi_essence_A000000204366,카카오씨추출물,171,False
pi_essence_A000000204366,포도주추출물,172,False
pi_essence_A000000204366,다마스크장미꽃오일,174,False
pi_essence_A000000204366,일랑일랑꽃오일,175,False
pi_essence_A000000204366,제라니올,178,False
pi_essence_A000000204366,벤질벤조에이트,181,False
pi_essence_A000000204366,벤질살리실레이트,182,False
pi_essence_A000000204366,파네솔크림:정제수,183,False
pi_essence_A000000204366,코코-카프릴레이트/카프레이트,187,False
pi_essence_A000000204366,트레할로오스,188,False
pi_essence_A000000204366,메도우폼씨오일,189,False
pi_essence_A000000204366,C13-15알케인,191,False
pi_essence_A000000204366,피토스테릴/이소스테아릴/세틸/스테아릴/베헤닐다이머디리놀리에이트,194,False
pi_essence_A000000204366,베헤닐알코올,195,False
pi_essence_A000000204366,C14-22알코올,196,False
pi_essence_A000000204366,글리세릴베헤네이트,197,False
pi_essence_A000000204366,메틸트라이메티콘,199,False
pi_essence_A000000204366,미리스틸미리스테이트,200,False
pi_essence_A000000204366,폴리글리세릴-3메틸글루코오스다이스테아레이트,201,False
pi_essence_A000000204366,트라이에틸헥사노인,202,False
pi_essence_A000000204366,레시틴,203,False
pi_essence_A000000204366,C12-20알킬글루코사이드,205,False
pi_essence_A000000204366,C30-45알킬다이메티콘,206,False
pi_essence_A000000204366,잔탄검,211,False
pi_essence_A000000204366,스클레로튬검,215,False
pi_essence_A000000204366,암모늄폴리아크릴로일다이메틸타우레이트,216,False
pi_essence_A000000204366,풀루란,217,False
pi_essence_A000000204366,실리카,220,False
pi_essence_A000000204366,벤질알코올,235,False
pi_essence_A000000204366,파네솔,237,False
pi_ampoule_A000000243677,정제수,1,False
pi_ampoule_A000000243677,다이프로필렌글라이콜,2,False
pi_ampoule_A000000243677,프로판다이올,3,False
pi_ampoule_A000000243677,아스코빅애씨드,4,False
pi_ampoule_A000000243677,"2,3-부탄다이올",5,False
pi_ampoule_A000000243677,글리세린,6,True
pi_ampoule_A000000243677,변성알코올,7,False
pi_ampoule_A000000243677,판테놀,8,False
pi_ampoule_A000000243677,글라이코실트레할로오스,9,False
pi_ampoule_A000000243677,하이드로제네이티드스타치하이드롤리세이트,10,False
pi_ampoule_A000000243677,"1,2-헥산다이올",11,True
pi_ampoule_A000000243677,솔비톨,12,False
pi_ampoule_A000000243677,폴리글리세릴-10스테아레이트,13,False
pi_ampoule_A000000243677,폴리글리세릴-10올리에이트,14,False
pi_ampoule_A000000243677,알란토인,15,False
pi_ampoule_A000000243677,마데카소사이드,16,False
pi_ampoule_A000000243677,트레할로오스,17,False
pi_ampoule_A000000243677,부틸렌글라이콜,18,False
pi_ampoule_A000000243677,베티버뿌리오일,19,False
pi_ampoule_A000000243677,덱스트린,20,False
pi_ampoule_A000000243677,소듐하이알루로네이트,21,False
pi_ampoule_A000000243677,잇꽃꽃추출물,22,False
pi_ampoule_A000000243677,카카오씨추출물,23,False
pi_ampoule_A000000243677,후추열매오일,24,False
pi_ampoule_A000000243677,생강오일,25,False
pi_ampoule_A000000243677,홍삼추출물,26,False
pi_ampoule_A000000243677,영지버섯추출물,27,False
pi_ampoule_A000000243677,토코페롤,28,False
pi_ampoule_A000000243677,페룰릭애씨드,29,False
pi_ampoule_A000000243677,스쿠알란,30,False
pi_ampoule_A000000243677,카프릴릭/카프릭트라이글리세라이드,31,False
pi_ampoule_A000000243677,세라마이드엔피,32,False
pi_ampoule_A000000243677,하이드로제네이티드레시틴,33,False
pi_ampoule_A000000243677,육계잎오일,34,False
pi_ampoule_A000000243677,다마스크장미꽃오일,35,False
pi_ampoule_A000000243677,돌콩오일,36,False
pi_ampoule_A000000243677,다이소듐이디티에이,37,False
pi_ampoule_A000000243677,트로메타민,38,False
pi_ampoule_A000000261321,정제수,1,False
pi_ampoule_A000000261321,나이아신아마이드,2,False
pi_ampoule_A000000261321,트라넥사믹애씨드,3,False
pi_ampoule_A000000261321,프로판다이올,4,False
pi_ampoule_A000000261321,베타인,5,False
pi_ampoule_A000000261321,"1,2-헥산다이올",6,True
pi_ampoule_A000000261321,글라이콜릭애씨드,7,False
pi_ampoule_A000000261321,비스-에톡시다이글라이콜사이클로헥산1,8,False
pi_ampoule_A000000261321,4-다이카복실레이트,9,False
pi_ampoule_A000000261321,부틸렌글라이콜,10,False
pi_ampoule_A000000261321,다이메티콘,11,False
pi_ampoule_A000000261321,글리세린,12,True
pi_ampoule_A000000261321,판테놀,13,False
pi_ampoule_A000000261321,잔탄검,14,False
pi_ampoule_A000000261321,아이리쉬모스추출물,15,False
pi_ampoule_A000000261321,펜틸렌글라이콜,16,False
pi_ampoule_A000000261321,폴리다틴,17,False
pi_ampoule_A000000261321,하이드로제네이티드레시틴,18,False
pi_ampoule_A000000261321,코직애씨드,19,False
pi_ampoule_A000000261321,소듐디엔에이,20,False
pi_ampoule_A000000261321,아데노신,21,False
pi_ampoule_A000000261321,하이드록시페닐프로파미도벤조익애씨드,22,False
pi_ampoule_A000000261321,트라이소듐이디티에이,23,False
pi_ampoule_A000000261321,사이아노코발아민,24,False
pi_ampoule_A000000261321,글루타티온,25,False
pi_ampoule_A000000261321,소듐클로라이드,26,False
pi_ampoule_A000000261321,소듐바이카보네이트,27,False
pi_ampoule_A000000261321,글루코오스,28,False
pi_ampoule_A000000261321,포타슘클로라이드,29,False
pi_ampoule_A000000261321,아스코빌팔미테이트,30,False
pi_ampoule_A000000261321,소듐하이알루로네이트,31,False
pi_ampoule_A000000261321,알지닌,32,False
pi_ampoule_A000000261321,알지닌/라이신폴리펩타이드,33,False
pi_ampoule_A000000261321,소듐포스페이트,34,False
pi_ampoule_A000000261321,라이신에이치씨엘,35,False
pi_ampoule_A000000261321,소듐파이루베이트,36,False
pi_ampoule_A000000261321,아이소류신,37,False
pi_ampoule_A000000261321,류신,38,False
pi_ampoule_A000000261321,타이로신,39,False
pi_ampoule_A000000261321,트레오닌,40,False
pi_ampoule_A000000261321,발린,41,False
pi_ampoule_A000000261321,알지닌에이치씨엘,42,False
pi_ampoule_A000000261321,아스코빅애씨드,43,False
pi_ampoule_A000000261321,페닐알라닌,44,False
pi_ampoule_A000000261321,시스틴,45,False
pi_ampoule_A000000261321,석시닉애씨드,46,False
pi_ampoule_A000000261321,칼슘클로라이드,47,False
pi_ampoule_A000000261321,히스티딘에이치씨엘,48,False
pi_ampoule_A000000261321,세린,49,False
pi_ampoule_A000000261321,글라이신,50,False
pi_ampoule_A000000261321,메티오닌,51,False
pi_ampoule_A000000261321,모란가지/꽃/잎추출물,52,False
pi_ampoule_A000000261321,트립토판,53,False
pi_ampoule_A000000261321,이노시톨,54,False
pi_ampoule_A000000261321,폴릭애씨드,55,False
pi_ampoule_A000000261321,피리독신에이치씨엘,56,False
pi_ampoule_A000000261321,티아민에이치씨엘,57,False
pi_ampoule_A000000261321,소르빅애씨드,58,False
pi_ampoule_A000000261321,리보플라빈,59,False
pi_ampoule_A000000231885,정제수,1,False
pi_ampoule_A000000231885,프로판다이올,2,False
pi_ampoule_A000000231885,펜틸렌글라이콜,3,False
pi_ampoule_A000000231885,글리세린,4,True
pi_ampoule_A000000231885,"1,2-헥산다이올",5,True
pi_ampoule_A000000231885,판테놀,6,False
pi_ampoule_A000000231885,메틸프로판다이올,7,False
pi_ampoule_A000000231885,소듐아크릴릭애씨드/엠에이코폴리머,8,False
pi_ampoule_A000000231885,부틸렌글라이콜,9,False
pi_ampoule_A000000231885,참마뿌리추출물,10,False
pi_ampoule_A000000231885,잔탄검,11,False
pi_ampoule_A000000231885,소듐시트레이트,12,False
pi_ampoule_A000000231885,에틸헥실글리세린,13,False
pi_ampoule_A000000231885,소듐하이알루로네이트,14,False
pi_ampoule_A000000231885,글라이코실트레할로오스,15,False
pi_ampoule_A000000231885,하이드로제네이티드스타치하이드롤리세이트,16,False
pi_ampoule_A000000231885,시트릭애씨드,17,False
pi_ampoule_A000000231885,라피노오스,18,False
pi_ampoule_A000000231885,아데노신,19,False
pi_ampoule_A000000231885,레시틴,20,False
pi_ampoule_A000000231885,트라이소듐에틸렌다이아민다이석시네이트,21,False
pi_ampoule_A000000231885,카프릴릴글라이콜,22,False
pi_ampoule_A000000231885,사카라이드아이소머레이트,23,False
pi_ampoule_A000000231885,폴리쿼터늄-51,24,False
pi_ampoule_A000000231885,말라카이트추출물,25,False
pi_ampoule_A000000231885,알지닌,26,False
pi_ampoule_A000000231885,소듐디엔에이,27,False
pi_ampoule_A000000231885,갈랑가갈랑갈추출물,28,False
pi_ampoule_A000000231885,바이오사카라이드검-1,29,False
pi_ampoule_A000000231885,사이아노코발아민,30,False
pi_ampoule_A000000231885,토코페롤,31,False
pi_ampoule_A000000231885,카프릴릭/카프릭트라이글리세라이드,32,False
pi_ampoule_A000000231885,하이드로제네이티드레시틴,33,False
pi_ampoule_A000000231885,하이드롤라이즈드하이알루로닉애씨드하이드롤라이즈드소듐하이알루로네이트,34,False
pi_ampoule_A000000231885,수크로오스라우레이트,35,False
pi_ampoule_A000000231885,소듐스테아로일글루타메이트,36,False
pi_ampoule_A000000231885,암모늄아크릴로일다이메틸타우레이트/브이피코폴리머,37,False
pi_ampoule_A000000231885,글라이신,38,False
pi_ampoule_A000000231885,세린,39,False
pi_ampoule_A000000231885,히스티딘,40,False
pi_ampoule_A000000231885,돌콩추출물,41,False
pi_ampoule_A000000231885,라이소레시틴,42,False
pi_ampoule_A000000231885,플로레틴,43,False
pi_ampoule_A000000231885,테트라하이드로피페린,44,False
pi_ampoule_A000000231885,다이메틸아이소소바이드,45,False
pi_ampoule_A000000231885,소듐하이알루로네이트크로스폴리머,46,False
pi_ampoule_A000000231885,벤질글라이콜,47,False
pi_ampoule_A000000231885,하이드롤라이즈드글라이코사미노글리칸,48,False
pi_ampoule_A000000231885,올레일알코올,49,False
pi_ampoule_A000000231885,베타-글루칸,50,False
pi_ampoule_A000000231885,하이드록시프로필트라이모늄하이알루로네이트,51,False
pi_ampoule_A000000231885,하이알루로닉애씨드,52,False
pi_ampoule_A000000231885,소듐아세틸레이티드하이알루로네이트,53,False
pi_ampoule_A000000224494,정제수,1,False
pi_ampoule_A000000224494,다이프로필렌글라이콜,2,False
pi_ampoule_A000000224494,부틸렌글라이콜,3,False
pi_ampoule_A000000224494,글리세레스-26,4,False
pi_ampoule_A000000224494,나이아신아마이드,5,False
pi_ampoule_A000000224494,글리세린,6,True
pi_ampoule_A000000224494,베타인,7,False
pi_ampoule_A000000224494,피토스테롤,8,False
pi_ampoule_A000000224494,세라마이드엔피,9,False
pi_ampoule_A000000224494,스쿠알란,10,False
pi_ampoule_A000000224494,라우릭애씨드,11,False
pi_ampoule_A000000224494,아라키딕애씨드,12,False
pi_ampoule_A000000224494,베헤닉애씨드,13,False
pi_ampoule_A000000224494,베타-글루칸,14,False
pi_ampoule_A000000224494,참오동나무잎추출물,15,False
pi_ampoule_A000000224494,육계나무껍질추출물,16,False
pi_ampoule_A000000224494,생달나무잎추출물,17,False
pi_ampoule_A000000224494,녹나무잎추출물,18,False
pi_ampoule_A000000224494,월계수잎추출물,19,False
pi_ampoule_A000000224494,고수추출물,20,False
pi_ampoule_A000000224494,유칼립투스잎추출물,21,False
pi_ampoule_A000000224494,황금추출물,22,False
pi_ampoule_A000000224494,후박나무가지추출물,23,False
pi_ampoule_A000000224494,"1,2-헥산다이올",24,True
pi_ampoule_A000000224494,폴리글리세릴-10라우레이트,25,False
pi_ampoule_A000000224494,폴리글리세릴-10미리스테이트,26,False
pi_ampoule_A000000224494,하이드록시아세토페논,27,False
pi_ampoule_A000000224494,판테놀,28,False
pi_ampoule_A000000224494,아데노신,29,False
pi_ampoule_A000000224494,다이소듐이디티에이,30,False
pi_ampoule_A000000224494,소듐하이알루로네이트,31,False
pi_ampoule_A000000224494,잔탄검,32,False
pi_ampoule_A000000224494,소듐폴리아크릴레이트,33,False
pi_ampoule_A000000224494,에틸헥실글리세린,34,False
pi_ampoule_A000000224494,베르가모트오일,35,False
pi_ampoule_A000000224494,라반딘오일,36,False
pi_ampoule_A000000224494,오렌지껍질오일,37,False
pi_ampoule_A000000224494,라벤더오일,38,False
pi_ampoule_A000000224494,발삼아미리스껍질오일,39,False
pi_ampoule_A000000224494,바질오일,40,False
pi_ampoule_A000000224494,리모넨,41,False
pi_ampoule_A000000224494,리날룰,42,False
pi_ampoule_A000000255620,PDRN앰플정제수,1,False
pi_ampoule_A000000255620,글리세린,2,True
pi_ampoule_A000000255620,다이프로필렌글라이콜,3,False
pi_ampoule_A000000255620,아이소프로필미리스테이트,4,False
pi_ampoule_A000000255620,글리세레스-26,5,False
pi_ampoule_A000000255620,나이아신아마이드,6,False
pi_ampoule_A000000255620,"1,2-헥산다이올",7,True
pi_ampoule_A000000255620,소듐디엔에이,8,False
pi_ampoule_A000000255620,부틸렌글라이콜,9,False
pi_ampoule_A000000255620,폴리글리세린-3,10,False
pi_ampoule_A000000255620,소듐아크릴레이트/소듐아크릴로일다이메틸타우레이트코폴리머,11,False
pi_ampoule_A000000255620,폴리아이소부텐,12,False
pi_ampoule_A000000255620,아크릴레이트/C10-30알킬아크릴레이트크로스폴리머,13,False
pi_ampoule_A000000255620,이리추출물,14,False
pi_ampoule_A000000255620,트로메타민,15,False
pi_ampoule_A000000255620,글리세릴아크릴레이트/아크릴릭애씨드코폴리머,16,False
pi_ampoule_A000000255620,피브이엠/엠에이코폴리머,17,False
pi_ampoule_A000000255620,에틸헥실글리세린,18,False
pi_ampoule_A000000255620,카프릴릴글라이콜,19,False
pi_ampoule_A000000255620,향료,20,False
pi_ampoule_A000000255620,인도멀구슬나무잎추출물,21,False
pi_ampoule_A000000255620,아데노신,22,False
pi_ampoule_A000000255620,카프릴릴/카프릴글루코사이드,23,False
pi_ampoule_A000000255620,솔비탄올리에이트,24,False
pi_ampoule_A000000255620,인도멀구슬나무꽃추출물,25,False
pi_ampoule_A000000255620,소듐하이알루로네이트,26,False
pi_ampoule_A000000255620,다이소듐이디티에이,27,False
pi_ampoule_A000000255620,울금뿌리추출물,28,False
pi_ampoule_A000000255620,사이아노코발아민,29,False
pi_ampoule_A000000255620,하이드롤라이즈드콜라겐,30,False
pi_ampoule_A000000255620,유비퀴논,31,False
pi_ampoule_A000000255620,홀리바질잎추출물,32,False
pi_ampoule_A000000255620,참산호말추출물,33,False
pi_ampoule_A000000255620,팔미토일펜타펩타이드-4,34,False
pi_ampoule_A000000255620,팔미토일트라이펩타이드-1,35,False
pi_ampoule_A000000255620,팔미토일테트라펩타이드-7,36,False
pi_ampoule_A000000255620,카퍼트라이펩타이드-1,37,False
pi_ampoule_A000000255620,아세틸헥사펩타이드-8,38,False
pi_ampoule_A000000255620,연어알추출물,39,False
pi_ampoule_A000000255620,아텔로콜라겐,40,False
pi_ampoule_A000000258877,정제수,1,False
pi_ampoule_A000000258877,글리세린,2,True
pi_ampoule_A000000258877,부틸렌글라이콜,3,False
pi_ampoule_A000000258877,나이아신아마이드,4,False
pi_ampoule_A000000258877,병풀잎수,5,False
pi_ampoule_A000000258877,다이부틸아디페이트,6,False
pi_ampoule_A000000258877,"1,2-헥산다이올",7,True
pi_ampoule_A000000258877,카프릴릭/카프릭트라이글리세라이드,8,False
pi_ampoule_A000000258877,하이드로제네이티드레시틴,9,False
pi_ampoule_A000000258877,암모늄아크릴로일다이메틸타우레이트/브이피코폴리머,10,False
pi_ampoule_A000000258877,콜레스테롤,11,False
pi_ampoule_A000000258877,돌콩오일,12,False
pi_ampoule_A000000258877,알란토인,13,False
pi_ampoule_A000000258877,토코페롤,14,False
pi_ampoule_A000000258877,에틸헥실글리세린,15,False
pi_ampoule_A000000258877,토코페릴아세테이트,16,False
pi_ampoule_A000000258877,소듐메틸스테아로일타우레이트,17,False
pi_ampoule_A000000258877,해바라기씨오일,18,False
pi_ampoule_A000000258877,폴리글리세릴-6카프릴레이트,19,False
pi_ampoule_A000000258877,다이메틸아이소소바이드,20,False
pi_ampoule_A000000258877,아데노신,21,False
pi_ampoule_A000000258877,레티놀,22,False
pi_ampoule_A000000258877,당근추출물,23,False
pi_ampoule_A000000258877,잔탄검,24,False
pi_ampoule_A000000258877,폴리글리세릴-10라우레이트,25,False
pi_ampoule_A000000258877,하이드록시피나콜론레티노에이트,26,False
pi_ampoule_A000000258877,레틴알,27,False
pi_ampoule_A000000258877,풀루란,28,False
pi_ampoule_A000000258877,세라마이드엔피,29,False
pi_ampoule_A000000258877,하이알루로닉애씨드,30,False
pi_ampoule_A000000258877,베타-카로틴,31,False
pi_ampoule_A000000258877,트로메타민,32,False
pi_ampoule_A000000258877,병풀추출물,33,False
pi_ampoule_A000000258877,글라이코프로테인,34,False
pi_ampoule_A000000258877,제인,35,False
pi_ampoule_A000000258877,펙틴*3XRETINOLCOMPLEX:레티놀1,36,False
pi_ampoule_A000000217326,정제수,1,False
pi_ampoule_A000000217326,부틸렌글라이콜,2,False
pi_ampoule_A000000217326,글리세린,3,True
pi_ampoule_A000000217326,나이아신아마이드,4,False
pi_ampoule_A000000217326,"1,2-헥산다이올",5,True
pi_ampoule_A000000217326,베타인,6,False
pi_ampoule_A000000217326,판테놀,7,False
pi_ampoule_A000000217326,카보머,8,False
pi_ampoule_A000000217326,에틸헥실글리세린,9,False
pi_ampoule_A000000217326,소듐하이알루로네이트,10,False
pi_ampoule_A000000217326,3-O-에틸아스코빅애씨드,11,False
pi_ampoule_A000000217326,셀룰로오스검,12,False
pi_ampoule_A000000217326,트로메타민,13,False
pi_ampoule_A000000217326,소듐트라이메타포스페이트,14,False
pi_ampoule_A000000217326,다이포타슘글리시리제이트,15,False
pi_ampoule_A000000217326,프로판다이올,16,False
pi_ampoule_A000000217326,아데노신,17,False
pi_ampoule_A000000217326,하이드록시프로필비스팔미타마이드엠이에이,18,False
pi_ampoule_A000000217326,소듐메타포스페이트,19,False
pi_ampoule_A000000217326,글리세릴카프릴레이트,20,False
pi_ampoule_A000000217326,포타슘하이드록사이드,21,False
pi_ampoule_A000000217326,소듐락테이트,22,False
pi_ampoule_A000000217326,바이오사카라이드검-1,23,False
pi_ampoule_A000000217326,카프릴릭/카프릭트라이글리세라이드,24,False
pi_ampoule_A000000217326,펜틸렌글라이콜,25,False
pi_ampoule_A000000217326,시트릭애씨드,26,False
pi_ampoule_A000000217326,하이드록시에틸우레아,27,False
pi_ampoule_A000000217326,폴리글리세릴-10스테아레이트,28,False
pi_ampoule_A000000217326,콜레스테롤,29,False
pi_ampoule_A000000217326,프로필렌글라이콜,30,False
pi_ampoule_A000000217326,포타슘세틸포스페이트,31,False
pi_ampoule_A000000217326,토코페롤,32,False
pi_ampoule_A000000217326,세라마이드엔피,33,False
pi_ampoule_A000000217326,만니톨,34,False
pi_ampoule_A000000217326,스테아릭애씨드,35,False
pi_ampoule_A000000217326,실리카,36,False
pi_ampoule_A000000217326,아크릴레이트/암모늄메타크릴레이트코폴리머,37,False
pi_ampoule_A000000217326,하이드로제네이티드레시틴,38,False
pi_ampoule_A000000217326,팔미틱애씨드,39,False
pi_ampoule_A000000217326,올레익애씨드,40,False
pi_ampoule_A000000217326,아라키딕애씨드,41,False
pi_ampoule_A000000217326,스핑고리피드,42,False
pi_ampoule_A000000252119,정제수,1,False
pi_ampoule_A000000252119,프로판다이올,2,False
pi_ampoule_A000000252119,판테놀,3,False
pi_ampoule_A000000252119,부틸렌글라이콜,4,False
pi_ampoule_A000000252119,메틸프로판다이올,5,False
pi_ampoule_A000000252119,글리세린,6,True
pi_ampoule_A000000252119,"1,2-헥산다이올",7,True
pi_ampoule_A000000252119,"2,3-부탄다이올",8,False
pi_ampoule_A000000252119,나이아신아마이드,9,False
pi_ampoule_A000000252119,카카두플럼추출물,10,False
pi_ampoule_A000000252119,다이프로필렌글라이콜,11,False
pi_ampoule_A000000252119,옥틸도데세스-16,12,False
pi_ampoule_A000000252119,하이드록시에틸셀룰로오스,13,False
pi_ampoule_A000000252119,라피노오스,14,False
pi_ampoule_A000000252119,에틸헥실글리세린,15,False
pi_ampoule_A000000252119,카보머,16,False
pi_ampoule_A000000252119,아데노신,17,False
pi_ampoule_A000000252119,프룩토올리고사카라이드,18,False
pi_ampoule_A000000252119,다이소듐이디티에이,19,False
pi_ampoule_A000000252119,트로메타민,20,False
pi_ampoule_A000000252119,불가리스쑥오일,21,False
pi_ampoule_A000000252119,베타-글루칸,22,False
pi_ampoule_A000000252119,하이드로제네이티드레시틴,23,False
pi_ampoule_A000000252119,소듐하이알루로네이트,24,False
pi_ampoule_A000000252119,하이드롤라이즈드하이알루로닉애씨드,25,False
pi_ampoule_A000000252119,한련초잎추출물,26,False
pi_ampoule_A000000252119,다시마추출물,27,False
pi_ampoule_A000000252119,토코페롤,28,False
pi_ampoule_A000000189837,정제수,1,False
pi_ampoule_A000000189837,부틸렌글라이콜,2,False
pi_ampoule_A000000189837,나이아신아마이드,3,False
pi_ampoule_A000000189837,판테놀,4,False
pi_ampoule_A000000189837,트라넥사믹애씨드,5,False
pi_ampoule_A000000189837,"1,2-헥산다이올",6,True
pi_ampoule_A000000189837,네오펜틸글라이콜다이카프레이트,7,False
pi_ampoule_A000000189837,카프릴릭/카프릭트라이글리세라이드,8,False
pi_ampoule_A000000189837,솔비톨,9,False
pi_ampoule_A000000189837,월귤추출물,10,False
pi_ampoule_A000000189837,아이리쉬모스추출물,11,False
pi_ampoule_A000000189837,시어버터,12,False
pi_ampoule_A000000189837,사탕수수추출물,13,False
pi_ampoule_A000000189837,알파-알부틴,14,False
pi_ampoule_A000000189837,비피다발효용해물,15,False
pi_ampoule_A000000189837,소듐하이알루로네이트,16,False
pi_ampoule_A000000189837,인도멀구슬나무꽃추출물,17,False
pi_ampoule_A000000189837,홀리바질잎추출물,18,False
pi_ampoule_A000000189837,인도멀구슬나무잎추출물,19,False
pi_ampoule_A000000189837,울금뿌리추출물,20,False
pi_ampoule_A000000189837,참산호말추출물,21,False
pi_ampoule_A000000189837,흰목이버섯추출물,22,False
pi_ampoule_A000000189837,펜틸렌글라이콜,23,False
pi_ampoule_A000000189837,글리세린,24,True
pi_ampoule_A000000189837,3-O-에틸아스코빅애씨드,25,False
pi_ampoule_A000000189837,비사보롤,26,False
pi_ampoule_A000000189837,트로메타민,27,False
pi_ampoule_A000000189837,에틸헥실글리세린,28,False
pi_ampoule_A000000189837,아데노신,29,False
pi_ampoule_A000000189837,하이드로제네이티드레시틴,30,False
pi_ampoule_A000000189837,알란토인,31,False
pi_ampoule_A000000189837,글루타티온,32,False
pi_ampoule_A000000189837,세라마이드엔피,33,False
pi_ampoule_A000000189837,베타-글루칸,34,False
pi_ampoule_A000000189837,다이포타슘글리시리제이트,35,False
pi_ampoule_A000000189837,토코페롤,36,False
pi_ampoule_A000000189837,아스코빅애씨드,37,False
pi_ampoule_A000000189837,아스코빌글루코사이드,38,False
pi_ampoule_A000000189837,토코페릴아세테이트,39,False
pi_ampoule_A000000189837,하이드록시프로필사이클로덱스트린,40,False
pi_ampoule_A000000189837,유비퀴논,41,False
pi_ampoule_A000000189837,티옥틱애씨드,42,False
pi_ampoule_A000000189837,포타슘하이드록사이드,43,False
pi_ampoule_A000000189837,베헤닐알코올,44,False
pi_ampoule_A000000189837,카보머,45,False
pi_ampoule_A000000189837,잔탄검,46,False
pi_ampoule_A000000189837,다이소듐이디티에이,47,False
pi_ampoule_A000000230854,정제수,1,False
pi_ampoule_A000000230854,부틸렌글라이콜,2,False
pi_ampoule_A000000230854,나이아신아마이드,3,False
pi_ampoule_A000000230854,글리세린,4,True
pi_ampoule_A000000230854,하이드로제네이티드폴리데센,5,False
pi_ampoule_A000000230854,다이프로필렌글라이콜,6,False
pi_ampoule_A000000230854,옥틸도데칸올,7,False
pi_ampoule_A000000230854,프로판다이올,8,False
pi_ampoule_A000000230854,"1,2-헥산다이올",9,True
pi_ampoule_A000000230854,락토바실러스발효물,10,False
pi_ampoule_A000000230854,세테아릴올리베이트,11,False
pi_ampoule_A000000230854,하이드록시아세토페논,12,False
pi_ampoule_A000000230854,솔비탄올리베이트,13,False
pi_ampoule_A000000230854,카보머,14,False
pi_ampoule_A000000230854,트로메타민,15,False
pi_ampoule_A000000230854,아이비고드열매추출물,16,False
pi_ampoule_A000000230854,한련초추출물,17,False
pi_ampoule_A000000230854,펜틸렌글라이콜,18,False
pi_ampoule_A000000230854,에틸헥실글리세린,19,False
pi_ampoule_A000000230854,아크릴레이트/C10-30알킬아크릴레이트크로스폴리머,20,False
pi_ampoule_A000000230854,아데노신,21,False
pi_ampoule_A000000230854,비파나무잎추출물,22,False
pi_ampoule_A000000230854,다이소듐이디티에이,23,False
pi_ampoule_A000000230854,마데카소사이드,24,False
pi_ampoule_A000000230854,인도멀구슬나무꽃추출물,25,False
pi_ampoule_A000000230854,홀리바질잎추출물,26,False
pi_ampoule_A000000230854,데실글루코사이드,27,False
pi_ampoule_A000000230854,서인도체리열매추출물,28,False
pi_ampoule_A000000230854,스피어민트추출물,29,False
pi_ampoule_A000000230854,티옥틱애씨드,30,False
pi_ampoule_A000000230854,인도멀구슬나무잎추출물,31,False
pi_ampoule_A000000230854,판테놀,32,False
pi_ampoule_A000000230854,카프릴릴글라이콜,33,False
pi_ampoule_A000000230854,울금뿌리추출물,34,False
pi_ampoule_A000000230854,참산호말추출물,35,False
pi_ampoule_A000000230854,소듐하이알루로네이트,36,False
pi_ampoule_A000000230854,하이알루로닉애씨드,37,False
pi_ampoule_A000000230854,하이드롤라이즈드하이알루로닉애씨드,38,False
pi_ampoule_A000000230854,글루타티온,39,False
pi_ampoule_A000000230854,카프릴릭/카프릭트라이글리세라이드,40,False
pi_ampoule_A000000230854,하이드로제네이티드레시틴,41,False
pi_ampoule_A000000230854,아스코빅애씨드,42,False
pi_ampoule_A000000230854,브로멜라인,43,False
pi_ampoule_A000000230854,에피갈로카테킨갈레이트,44,False
pi_ampoule_A000000230854,헤스페리딘,45,False
pi_ampoule_A000000230854,토코페롤,46,False
pi_ampoule_A000000230854,해바라기씨오일,47,False
pi_ampoule_A000000230854,비타민나무열매추출물,48,False
pi_ampoule_A000000230854,폴리글리세릴-10올리에이트,49,False
pi_ampoule_A000000230854,소듐디엔에이,50,False
pi_ampoule_A000000230854,아세틸헥사펩타이드-8,51,False
pi_ampoule_A000000230854,하이드록시데실유비퀴논,52,False
pi_ampoule_A000000260600,정제수,1,False
pi_ampoule_A000000260600,다이프로필렌글라이콜,2,False
pi_ampoule_A000000260600,부틸렌글라이콜,3,False
pi_ampoule_A000000260600,글리세레스-26,4,False
pi_ampoule_A000000260600,나이아신아마이드,5,False
pi_ampoule_A000000260600,글리세린,6,True
pi_ampoule_A000000260600,베타인,7,False
pi_ampoule_A000000260600,피토스테롤,8,False
pi_ampoule_A000000260600,세라마이드엔피,9,False
pi_ampoule_A000000260600,스쿠알란,10,False
pi_ampoule_A000000260600,라우릭애씨드,11,False
pi_ampoule_A000000260600,아라키딕애씨드,12,False
pi_ampoule_A000000260600,베헤닉애씨드,13,False
pi_ampoule_A000000260600,베타-글루칸,14,False
pi_ampoule_A000000260600,참오동나무잎추출물,15,False
pi_ampoule_A000000260600,육계나무껍질추출물,16,False
pi_ampoule_A000000260600,생달나무잎추출물,17,False
pi_ampoule_A000000260600,녹나무잎추출물,18,False
pi_ampoule_A000000260600,월계수잎추출물,19,False
pi_ampoule_A000000260600,고수추출물,20,False
pi_ampoule_A000000260600,유칼립투스잎추출물,21,False
pi_ampoule_A000000260600,황금추출물,22,False
pi_ampoule_A000000260600,후박나무가지추출물,23,False
pi_ampoule_A000000260600,"1,2-헥산다이올",24,True
pi_ampoule_A000000260600,폴리글리세릴-10라우레이트,25,False
pi_ampoule_A000000260600,폴리글리세릴-10미리스테이트,26,False
pi_ampoule_A000000260600,하이드록시아세토페논,27,False
pi_ampoule_A000000260600,판테놀,28,False
pi_ampoule_A000000260600,아데노신,29,False
pi_ampoule_A000000260600,다이소듐이디티에이,30,False
pi_ampoule_A000000260600,소듐하이알루로네이트,31,False
pi_ampoule_A000000260600,잔탄검,32,False
pi_ampoule_A000000260600,소듐폴리아크릴레이트,33,False
pi_ampoule_A000000260600,에틸헥실글리세린,34,False
pi_ampoule_A000000260600,베르가모트오일,35,False
pi_ampoule_A000000260600,라반딘오일,36,False
pi_ampoule_A000000260600,오렌지껍질오일,37,False
pi_ampoule_A000000260600,라벤더오일,38,False
pi_ampoule_A000000260600,발삼아미리스껍질오일,39,False
pi_ampoule_A000000260600,바질오일,40,False
pi_ampoule_A000000260600,리모넨,41,False
pi_ampoule_A000000260600,리날룰,42,False
pi_ampoule_A000000183707,정제수,1,False
pi_ampoule_A000000183707,피이지-6,2,False
pi_ampoule_A000000183707,글리세린,3,True
pi_ampoule_A000000183707,서양산딸기잎추출물,4,False
pi_ampoule_A000000183707,소듐하이알루로네이트,5,False
pi_ampoule_A000000183707,다이프로필렌글라이콜,6,False
pi_ampoule_A000000183707,부틸렌글라이콜,7,False
pi_ampoule_A000000183707,나이아신아마이드,8,False
pi_ampoule_A000000183707,"1,2-헥산다이올",9,True
pi_ampoule_A000000183707,제로틴/하이드롤라이즈드디엔에이,10,False
pi_ampoule_A000000183707,로우스위트베리추출물,11,False
pi_ampoule_A000000183707,알로에베라잎즙,12,False
pi_ampoule_A000000183707,카보머,13,False
pi_ampoule_A000000183707,포트마리골드꽃추출물,14,False
pi_ampoule_A000000183707,검은뽕나무열매추출물,15,False
pi_ampoule_A000000183707,스페인감초뿌리추출물,16,False
pi_ampoule_A000000183707,스쿠알란,17,False
pi_ampoule_A000000183707,하이드롤라이즈드디엔에이,18,False
pi_ampoule_A000000183707,잔탄검,19,False
pi_ampoule_A000000183707,하이드로제네이티드레시틴,20,False
pi_ampoule_A000000183707,카프릴릴글라이콜,21,False
pi_ampoule_A000000183707,에틸헥실글리세린,22,False
pi_ampoule_A000000183707,폴리솔베이트20,23,False
pi_ampoule_A000000183707,헥실렌글라이콜,24,False
pi_ampoule_A000000183707,세라마이드엔피,25,False
pi_ampoule_A000000183707,아데노신,26,False
pi_ampoule_A000000183707,우레아,27,False
pi_ampoule_A000000183707,트레할로오스,28,False
pi_ampoule_A000000183707,펜틸렌글라이콜,29,False
pi_ampoule_A000000183707,알부틴,30,False
pi_ampoule_A000000183707,토코페릴아세테이트,31,False
pi_ampoule_A000000183707,비사보롤,32,False
pi_ampoule_A000000183707,콜레스테롤,33,False
pi_ampoule_A000000183707,세린,34,False
pi_ampoule_A000000183707,이눌린라우릴카바메이트,35,False
pi_ampoule_A000000183707,알진,36,False
pi_ampoule_A000000183707,다이소듐포스페이트,37,False
pi_ampoule_A000000183707,글리세릴폴리아크릴레이트,38,False
pi_ampoule_A000000183707,풀루란,39,False
pi_ampoule_A000000183707,포타슘포스페이트,40,False
pi_ampoule_A000000258676,실크수,1,False
pi_ampoule_A000000258676,부틸렌글라이콜,2,False
pi_ampoule_A000000258676,정제수,3,False
pi_ampoule_A000000258676,글리세린,4,True
pi_ampoule_A000000258676,메틸프로판다이올,5,False
pi_ampoule_A000000258676,"1,2-헥산다이올",6,True
pi_ampoule_A000000258676,나이아신아마이드,7,False
pi_ampoule_A000000258676,카보머,8,False
pi_ampoule_A000000258676,트로메타민,9,False
pi_ampoule_A000000258676,피피지-13-데실테트라데세스-24,10,False
pi_ampoule_A000000258676,프로판다이올,11,False
pi_ampoule_A000000258676,아데노신,12,False
pi_ampoule_A000000258676,아이리쉬모스가루,13,False
pi_ampoule_A000000258676,아가,14,False
pi_ampoule_A000000258676,하이드록시에틸셀룰로오스,15,False
pi_ampoule_A000000258676,다이소듐이디티에이,16,False
pi_ampoule_A000000258676,아크릴레이트/C10-30알킬아크릴레이트크로스폴리머,17,False
pi_ampoule_A000000258676,합성플루오르플로고파이트,18,False
pi_ampoule_A000000258676,돌콩펩타이드,19,False
pi_ampoule_A000000258676,베타인,20,False
pi_ampoule_A000000258676,판테놀,21,False
pi_ampoule_A000000258676,티타늄디옥사이드,22,False
pi_ampoule_A000000258676,적색산화철,23,False
pi_ampoule_A000000258676,마이카,24,False
pi_ampoule_A000000258676,젤란검,25,False
pi_ampoule_A000000258676,마그네슘아스코빌포스페이트,26,False
pi_ampoule_A000000258676,병풀추출물,27,False
pi_ampoule_A000000258676,하이드롤라이즈드콜라겐,28,False
pi_ampoule_A000000258676,약모밀추출물,29,False
pi_ampoule_A000000258676,틴옥사이드,30,False
pi_ampoule_A000000258676,에틸헥실글리세린,31,False
pi_ampoule_A000000258676,스쿠알란,32,False
pi_ampoule_A000000258676,하이드로제네이티드폴리아이소부텐,33,False
pi_ampoule_A000000258676,벤질글라이콜,34,False
pi_ampoule_A000000258676,레시틴,35,False
pi_ampoule_A000000258676,하이드롤라이즈드글라이코사미노글리칸,36,False
pi_ampoule_A000000258676,소듐하이알루로네이트,37,False
pi_ampoule_A000000258676,카프릴릴글라이콜,38,False
pi_ampoule_A000000258676,하이드로제네이티드레시틴,39,False
pi_ampoule_A000000258676,에스에이치-폴리펩타이드-121,40,False
pi_ampoule_A000000258676,카프릴릭/카프릭트라이글리세라이드,41,False
pi_ampoule_A000000258676,소듐팔미토일사코시네이트,42,False
pi_ampoule_A000000258676,토코페롤,43,False
pi_ampoule_A000000258676,카페오일헥사펩타이드-65,44,False
pi_ampoule_A000000258676,소듐하이알루로네이트크로스폴리머,45,False
pi_ampoule_A000000258676,아세틸글루타민,46,False
pi_ampoule_A000000258676,헵타소듐헥사카복시메틸다이펩타이드-12,47,False
pi_ampoule_A000000258676,하이드롤라이즈드하이알루로닉애씨드,48,False
pi_ampoule_A000000258676,바실러스/폴릭애씨드/돌콩발효추출물,49,False
pi_ampoule_A000000258676,금,50,False
pi_ampoule_A000000258676,소듐포스페이트,51,False
pi_ampoule_A000000258676,콜라겐,52,False
pi_ampoule_A000000258676,미리스토일펜타펩타이드-17,53,False
pi_ampoule_A000000258676,미리스토일펜타펩타이드-4,54,False
pi_ampoule_A000000258676,에스에이치-폴리펩타이드-123,55,False
pi_ampoule_A000000258676,하이드록시프로필트라이모늄하이알루로네이트,56,False
pi_ampoule_A000000258676,덱스트란,57,False
pi_ampoule_A000000258676,벤조익애씨드,58,False
pi_ampoule_A000000258676,소듐벤조에이트,59,False
pi_ampoule_A000000258676,하이드롤라이즈드엘라스틴,60,False
pi_ampoule_A000000258676,팔미토일펜타펩타이드-5,61,False
pi_ampoule_A000000258676,아세틸테트라펩타이드-3,62,False
pi_ampoule_A000000258676,카퍼트라이펩타이드-1,63,False
pi_ampoule_A000000258676,팔미토일펜타펩타이드-4,64,False
pi_ampoule_A000000258676,아세틸헥사펩타이드-8,65,False
pi_ampoule_A000000258676,팔미토일테트라펩타이드-7,66,False
pi_ampoule_A000000258676,에스에이치-데카펩타이드-7,67,False
pi_ampoule_A000000258676,에스에이치-옥타펩타이드-4,68,False
pi_ampoule_A000000258676,에스에이치-올리고펩타이드-9,69,False
pi_ampoule_A000000258676,에스에이치-펜타펩타이드-19,70,False
pi_ampoule_A000000258676,팔미토일트라이펩타이드-1,71,False
pi_ampoule_A000000258676,트라이펩타이드-32,72,False
pi_ampoule_A000000258676,에스알-(올리고펩타이드-91클로스트리듐보툴리눔폴리펩타이드-1),73,False
pi_ampoule_A000000258676,에스에이치-올리고펩타이드-1,74,False
pi_ampoule_A000000258676,에스에이치-폴리펩타이드-1,75,False
pi_ampoule_A000000258676,에스에이치-올리고펩타이드-2,76,False
pi_ampoule_A000000258676,에스에이치-폴리펩타이드-11,77,False
pi_ampoule_A000000258676,에스에이치-폴리펩타이드-9,78,False
pi_ampoule_A000000258676,에스에이치-폴리펩타이드-16,79,False
pi_ampoule_A000000258676,에스에이치-폴리펩타이드-22,80,False
pi_ampoule_A000000258676,에스에이치-폴리펩타이드-3,81,False
pi_ampoule_A000000258676,에스에이치-폴리펩타이드-19,82,False
pi_ampoule_A000000258676,에스에이치-폴리펩타이드-62,83,False
pi_ampoule_A000000258676,붉은토끼풀꽃추출물,84,False
pi_ampoule_A000000258676,하이알루로닉애씨드,85,False
pi_ampoule_A000000258676,지모뿌리추출물,86,False
pi_ampoule_A000000258676,소듐아세틸레이티드하이알루로네이트,87,False
pi_ampoule_A000000235178,토마토수,1,False
pi_ampoule_A000000235178,정제수,2,False
pi_ampoule_A000000235178,부틸렌글라이콜,3,False
pi_ampoule_A000000235178,글리세린,4,True
pi_ampoule_A000000235178,자일리톨,5,False
pi_ampoule_A000000235178,"1,2-헥산다이올",6,True
pi_ampoule_A000000235178,다이프로필렌글라이콜,7,False
pi_ampoule_A000000235178,나이아신아마이드,8,False
pi_ampoule_A000000235178,니코틴아마이드모노뉴클레오타이드,9,False
pi_ampoule_A000000235178,트레할로오스,10,False
pi_ampoule_A000000235178,잔탄검,11,False
pi_ampoule_A000000235178,카보머,12,False
pi_ampoule_A000000235178,페닐트라이메티콘,13,False
pi_ampoule_A000000235178,트로메타민,14,False
pi_ampoule_A000000235178,알란토인,15,False
pi_ampoule_A000000235178,C12-13알케스-9,16,False
pi_ampoule_A000000235178,폴리메틸실세스퀴옥세인,17,False
pi_ampoule_A000000235178,소듐시트레이트,18,False
pi_ampoule_A000000235178,에틸헥실글리세린,19,False
pi_ampoule_A000000235178,잇꽃꽃추출물,20,False
pi_ampoule_A000000235178,메틸다이하이드로자스모네이트,21,False
pi_ampoule_A000000235178,다이포타슘글리시리제이트,22,False
pi_ampoule_A000000235178,아데노신,23,False
pi_ampoule_A000000235178,다이소듐이디티에이,24,False
pi_ampoule_A000000235178,치자추출물,25,False
pi_ampoule_A000000235178,덱스트린,26,False
pi_ampoule_A000000235178,토마토추출물,27,False
pi_ampoule_A000000235178,에틸렌브라실레이트,28,False
pi_ampoule_A000000235178,글루코노락톤,29,False
pi_ampoule_A000000235178,판테놀,30,False
pi_ampoule_A000000235178,2-t-부틸사이클로헥실아세테이트,31,False
pi_ampoule_A000000235178,칡뿌리추출물,32,False
pi_ampoule_A000000235178,달맞이꽃꽃추출물,33,False
pi_ampoule_A000000235178,대왕소나무잎추출물,34,False
pi_ampoule_A000000235178,당느릅나무뿌리추출물,35,False
pi_ampoule_A000000235178,피브로넥틴,36,False
pi_ampoule_A000000235178,니코틴아마이드아데닌다이뉴클레오타이드,37,False
pi_ampoule_A000000235178,소듐하이알루로네이트,38,False
pi_ampoule_A000000235178,아데노신트라이포스페이트,39,False
pi_ampoule_A000000235178,하이드로제네이티드레시틴,40,False
pi_ampoule_A000000235178,하이드롤라이즈드하이알루로닉애씨드,41,False
pi_ampoule_A000000235178,하이알루로닉애씨드,42,False
pi_ampoule_A000000235178,소듐하이알루로네이트크로스폴리머,43,False
pi_ampoule_A000000235178,하이드록시프로필트라이모늄하이알루로네이트,44,False
pi_ampoule_A000000235178,하이드로제네이티드폴리아이소부텐,45,False
pi_ampoule_A000000235178,벤질글라이콜,46,False
pi_ampoule_A000000235178,세라마이드엔피,47,False
pi_ampoule_A000000235178,토코페롤,48,False
pi_ampoule_A000000235178,하이드롤라이즈드엘라스틴,49,False
pi_ampoule_A000000235178,폴리글리세릴-10라우레이트,50,False
pi_ampoule_A000000235178,데이지꽃추출물,51,False
pi_ampoule_A000000235178,수용성프로테오글리칸,52,False
pi_ampoule_A000000235178,유채스테롤,53,False
pi_ampoule_A000000235178,토마토즙,54,False
pi_ampoule_A000000235178,토마토열매/잎/줄기추출물,55,False
pi_ampoule_A000000235178,페네틸알코올,56,False
pi_ampoule_A000000235178,하이드롤라이즈드콜라겐,57,False
pi_ampoule_A000000235178,라즈베리케톤,58,False
pi_ampoule_A000000235178,피토스테릴/베헤닐/옥틸도데실라우로일글루타메이트,59,False
pi_ampoule_A000000235178,콜레스테롤,60,False
pi_ampoule_A000000235178,라이소레시틴,61,False
pi_ampoule_A000000235178,올레익애씨드,62,False
pi_ampoule_A000000235178,글라이코사미노글리칸,63,False
pi_ampoule_A000000235178,소듐클로라이드,64,False
pi_ampoule_A000000235178,포타슘포스페이트,65,False
pi_ampoule_A000000235178,포타슘클로라이드,66,False
pi_ampoule_A000000235178,다이소듐포스페이트,67,False
pi_ampoule_A000000235178,하이드롤라이즈드식물성단백질,68,False
pi_ampoule_A000000235178,지모뿌리추출물,69,False
pi_ampoule_A000000235178,라이코펜,70,False
pi_ampoule_A000000235178,콜라겐추출물,71,False
pi_ampoule_A000000235178,리날릴아세테이트,72,False
pi_ampoule_A000000235178,에틸리날룰,73,False
pi_ampoule_A000000235178,유칼립톨,74,False
pi_ampoule_A000000235178,메틸렌다이옥시페닐메틸프로판알,75,False
pi_ampoule_A000000235178,헥세닐아세테이트,76,False
pi_ampoule_A000000235178,"2,4-다이메틸-3-사이클로헥신카복스알데하이드",77,False
pi_ampoule_A000000235178,3-헥센올,78,False
pi_ampoule_A000000255242,정제수,1,False
pi_ampoule_A000000255242,부틸렌글라이콜,2,False
pi_ampoule_A000000255242,다이프로필렌글라이콜,3,False
pi_ampoule_A000000255242,글리세레스-26,4,False
pi_ampoule_A000000255242,글리세린,5,True
pi_ampoule_A000000255242,소나무잎추출물,6,False
pi_ampoule_A000000255242,"1,2-헥산다이올",7,True
pi_ampoule_A000000255242,프로판다이올,8,False
pi_ampoule_A000000255242,하이알루로닉애씨드,9,False
pi_ampoule_A000000255242,하이드롤라이즈드하이알루로닉애씨드,10,False
pi_ampoule_A000000255242,소듐하이알루로네이트,11,False
pi_ampoule_A000000255242,에틸헥실글리세린,12,False
pi_ampoule_A000000255242,병풀추출물,13,False
pi_ampoule_A000000255242,인도멀구슬나무잎추출물,14,False
pi_ampoule_A000000255242,황련뿌리추출물,15,False
pi_ampoule_A000000255242,인도멀구슬나무꽃추출물,16,False
pi_ampoule_A000000255242,하이드록시아세토페논,17,False
pi_ampoule_A000000255242,글라이코프로테인,18,False
pi_ampoule_A000000255242,소듐시트레이트,19,False
pi_ampoule_A000000255242,카프릴로일살리실릭애씨드,20,False
pi_ampoule_A000000255242,아시아티코사이드,21,False
pi_ampoule_A000000255242,아시아틱애씨드,22,False
pi_ampoule_A000000255242,마데카소사이드,23,False
pi_ampoule_A000000255242,마데카식애씨드,24,False
pi_ampoule_A000000255242,다이소듐이디티에이,25,False
pi_ampoule_A000000255242,잔탄검,26,False
pi_ampoule_A000000255242,카보머,27,False
pi_ampoule_A000000255242,트로메타민,28,False
pi_ampoule_A000000255242,시트릭애씨드,29,False
pi_ampoule_A000000258649,토마토수,1,False
pi_ampoule_A000000258649,정제수,2,False
pi_ampoule_A000000258649,부틸렌글라이콜,3,False
pi_ampoule_A000000258649,글리세린,4,True
pi_ampoule_A000000258649,자일리톨,5,False
pi_ampoule_A000000258649,"1,2-헥산다이올",6,True
pi_ampoule_A000000258649,다이프로필렌글라이콜,7,False
pi_ampoule_A000000258649,나이아신아마이드,8,False
pi_ampoule_A000000258649,니코틴아마이드모노뉴클레오타이드,9,False
pi_ampoule_A000000258649,트레할로오스,10,False
pi_ampoule_A000000258649,잔탄검,11,False
pi_ampoule_A000000258649,카보머,12,False
pi_ampoule_A000000258649,페닐트라이메티콘,13,False
pi_ampoule_A000000258649,트로메타민,14,False
pi_ampoule_A000000258649,알란토인,15,False
pi_ampoule_A000000258649,C12-13알케스-9,16,False
pi_ampoule_A000000258649,폴리메틸실세스퀴옥세인,17,False
pi_ampoule_A000000258649,소듐시트레이트,18,False
pi_ampoule_A000000258649,에틸헥실글리세린,19,False
pi_ampoule_A000000258649,잇꽃꽃추출물,20,False
pi_ampoule_A000000258649,메틸다이하이드로자스모네이트,21,False
pi_ampoule_A000000258649,다이포타슘글리시리제이트,22,False
pi_ampoule_A000000258649,아데노신,23,False
pi_ampoule_A000000258649,다이소듐이디티에이,24,False
pi_ampoule_A000000258649,치자추출물,25,False
pi_ampoule_A000000258649,덱스트린,26,False
pi_ampoule_A000000258649,토마토추출물,27,False
pi_ampoule_A000000258649,에틸렌브라실레이트,28,False
pi_ampoule_A000000258649,글루코노락톤,29,False
pi_ampoule_A000000258649,판테놀,30,False
pi_ampoule_A000000258649,2-t-부틸사이클로헥실아세테이트,31,False
pi_ampoule_A000000258649,칡뿌리추출물,32,False
pi_ampoule_A000000258649,달맞이꽃꽃추출물,33,False
pi_ampoule_A000000258649,대왕소나무잎추출물,34,False
pi_ampoule_A000000258649,당느릅나무뿌리추출물,35,False
pi_ampoule_A000000258649,피브로넥틴,36,False
pi_ampoule_A000000258649,니코틴아마이드아데닌다이뉴클레오타이드,37,False
pi_ampoule_A000000258649,소듐하이알루로네이트,38,False
pi_ampoule_A000000258649,아데노신트라이포스페이트,39,False
pi_ampoule_A000000258649,하이드로제네이티드레시틴,40,False
pi_ampoule_A000000258649,하이드롤라이즈드하이알루로닉애씨드,41,False
pi_ampoule_A000000258649,하이알루로닉애씨드,42,False
pi_ampoule_A000000258649,소듐하이알루로네이트크로스폴리머,43,False
pi_ampoule_A000000258649,하이드록시프로필트라이모늄하이알루로네이트,44,False
pi_ampoule_A000000258649,하이드로제네이티드폴리아이소부텐,45,False
pi_ampoule_A000000258649,벤질글라이콜,46,False
pi_ampoule_A000000258649,세라마이드엔피,47,False
pi_ampoule_A000000258649,토코페롤,48,False
pi_ampoule_A000000258649,하이드롤라이즈드엘라스틴,49,False
pi_ampoule_A000000258649,폴리글리세릴-10라우레이트,50,False
pi_ampoule_A000000258649,데이지꽃추출물,51,False
pi_ampoule_A000000258649,수용성프로테오글리칸,52,False
pi_ampoule_A000000258649,유채스테롤,53,False
pi_ampoule_A000000258649,토마토즙,54,False
pi_ampoule_A000000258649,토마토열매/잎/줄기추출물,55,False
pi_ampoule_A000000258649,페네틸알코올,56,False
pi_ampoule_A000000258649,하이드롤라이즈드콜라겐,57,False
pi_ampoule_A000000258649,라즈베리케톤,58,False
pi_ampoule_A000000258649,피토스테릴/베헤닐/옥틸도데실라우로일글루타메이트,59,False
pi_ampoule_A000000258649,콜레스테롤,60,False
pi_ampoule_A000000258649,라이소레시틴,61,False
pi_ampoule_A000000258649,올레익애씨드,62,False
pi_ampoule_A000000258649,글라이코사미노글리칸,63,False
pi_ampoule_A000000258649,소듐클로라이드,64,False
pi_ampoule_A000000258649,포타슘포스페이트,65,False
pi_ampoule_A000000258649,포타슘클로라이드,66,False
pi_ampoule_A000000258649,다이소듐포스페이트,67,False
pi_ampoule_A000000258649,하이드롤라이즈드식물성단백질,68,False
pi_ampoule_A000000258649,지모뿌리추출물,69,False
pi_ampoule_A000000258649,라이코펜,70,False
pi_ampoule_A000000258649,콜라겐추출물,71,False
pi_ampoule_A000000258649,리날릴아세테이트,72,False
pi_ampoule_A000000258649,에틸리날룰,73,False
pi_ampoule_A000000258649,유칼립톨,74,False
pi_ampoule_A000000258649,메틸렌다이옥시페닐메틸프로판알,75,False
pi_ampoule_A000000258649,헥세닐아세테이트,76,False
pi_ampoule_A000000258649,"2,4-다이메틸-3-사이클로헥신카복스알데하이드",77,False
pi_ampoule_A000000258649,3-헥센올,78,False
pi_ampoule_A000000214675,정제수,1,False
pi_ampoule_A000000214675,부틸렌글라이콜,2,False
pi_ampoule_A000000214675,에스에이치-올리고펩타이드-1,3,False
pi_ampoule_A000000214675,에스에이치-폴리펩타이드-1,4,False
pi_ampoule_A000000214675,로우스위트블루베리추출물,5,False
pi_ampoule_A000000214675,레시틴,6,False
pi_ampoule_A000000214675,솔비탄세스퀴올리에이트,7,False
pi_ampoule_A000000214675,"1,2-헥산다이올",8,True
pi_ampoule_A000000214675,카프릴릴글라이콜,9,False
pi_ampoule_A000000214675,피이지-60하이드로제네이티드캐스터오일,10,False
pi_ampoule_A000000214675,글리세린,11,True
pi_ampoule_A000000214675,클로페네신,12,False
pi_ampoule_A000000214675,구아이아줄렌,13,False
pi_ampoule_A000000214675,에틸헥실글리세린,14,False
pi_ampoule_A000000214675,아데노신,15,False
pi_ampoule_A000000203971,정제수,1,False
pi_ampoule_A000000203971,부틸렌글라이콜,2,False
pi_ampoule_A000000203971,프로판다이올,3,False
pi_ampoule_A000000203971,글리세린,4,True
pi_ampoule_A000000203971,"1,2-헥산다이올",5,True
pi_ampoule_A000000203971,노니열매추출물,6,False
pi_ampoule_A000000203971,소듐폴리아크릴로일다이메틸타우레이트,7,False
pi_ampoule_A000000203971,다이에톡시에틸석시네이트,8,False
pi_ampoule_A000000203971,알란토인,9,False
pi_ampoule_A000000203971,옥틸도데세스-16,10,False
pi_ampoule_A000000203971,다이프로필렌글라이콜,11,False
pi_ampoule_A000000203971,인도멀구슬나무잎추출물,12,False
pi_ampoule_A000000203971,소듐하이알루로네이트,13,False
pi_ampoule_A000000203971,에틸헥실글리세린,14,False
pi_ampoule_A000000203971,아데노신,15,False
pi_ampoule_A000000203971,다이소듐이디티에이,16,False
pi_ampoule_A000000203971,판테놀,17,False
pi_ampoule_A000000203971,글리세릴폴리메타크릴레이트,18,False
pi_ampoule_A000000203971,인도멀구슬나무꽃추출물,19,False
pi_ampoule_A000000203971,노니씨오일,20,False
pi_ampoule_A000000203971,하이드로제네이티드레시틴,21,False
pi_ampoule_A000000203971,카카오씨추출물,22,False
pi_ampoule_A000000203971,로즈마리잎오일,23,False
pi_ampoule_A000000203971,덱스트린,24,False
pi_ampoule_A000000203971,세테아릴올리베이트,25,False
pi_ampoule_A000000203971,솔비탄올리베이트,26,False
pi_ampoule_A000000203971,수크로오스팔미테이트,27,False
pi_ampoule_A000000203971,만다린껍질추출물,28,False
pi_ampoule_A000000203971,올리브오일,29,False
pi_ampoule_A000000203971,퀸즈랜드넛오일,30,False
pi_ampoule_A000000203971,포도씨오일,31,False
pi_ampoule_A000000203971,호호바씨오일,32,False
pi_ampoule_A000000203971,수용성콜라겐,33,False
pi_ampoule_A000000203971,토코페롤,34,False
pi_ampoule_A000000166013,정제수변성알코올글리세린프로판다이올나이아신아마이드락틱애씨드하이드록시에틸피페라진에탄설포닉애씨드하이드록시아세토페논소듐하이드록사이드하이드록시프로필구아살리실릭애씨드파이틱애씨드,1,False
pi_ampoule_A000000144177,감초뿌리추출물,1,False
pi_ampoule_A000000144177,비타민나무수,2,False
pi_ampoule_A000000144177,글리세린,3,True
pi_ampoule_A000000144177,메틸프로판다이올,4,False
pi_ampoule_A000000144177,부틸렌글라이콜,5,False
pi_ampoule_A000000144177,나이아신아마이드,6,False
pi_ampoule_A000000144177,다이에톡시에틸석시네이트,7,False
pi_ampoule_A000000144177,"1,2-헥산다이올",8,True
pi_ampoule_A000000144177,토코페릴아세테이트,9,False
pi_ampoule_A000000144177,정제수,10,False
pi_ampoule_A000000144177,에칠아스코빌에텔,11,False
pi_ampoule_A000000144177,비피다발효용해물,12,False
pi_ampoule_A000000144177,트라넥사믹애씨드,13,False
pi_ampoule_A000000144177,알부틴,14,False
pi_ampoule_A000000144177,아스코빅애씨드,15,False
pi_ampoule_A000000144177,아스코빌글루코사이드,16,False
pi_ampoule_A000000144177,하이드롤라이즈드콜라겐,17,False
pi_ampoule_A000000144177,세라마이드엔피,18,False
pi_ampoule_A000000144177,풀러린,19,False
pi_ampoule_A000000144177,팔미토일트라이펩타이드-5,20,False
pi_ampoule_A000000144177,아세틸헥사펩타이드-8,21,False
pi_ampoule_A000000144177,하이알루로닉애씨드,22,False
pi_ampoule_A000000144177,소듐하이알루로네이트,23,False
pi_ampoule_A000000144177,하이드롤라이즈드하이알루로닉애씨드,24,False
pi_ampoule_A000000144177,글리세릴글루코사이드,25,False
pi_ampoule_A000000144177,토코페롤,26,False
pi_ampoule_A000000144177,알란토인,27,False
pi_ampoule_A000000144177,당근추출물,28,False
pi_ampoule_A000000144177,베타-카로틴,29,False
pi_ampoule_A000000144177,라우다이모늄하이드록시프로필하이드롤라이즈드밀단백질,30,False
pi_ampoule_A000000144177,하이드로제네이티드레시틴,31,False
pi_ampoule_A000000144177,판테놀,32,False
pi_ampoule_A000000144177,클로렐라불가리스추출물,33,False
pi_ampoule_A000000144177,돌콩오일,34,False
pi_ampoule_A000000144177,유칼립투스잎오일,35,False
pi_ampoule_A000000144177,라벤더오일,36,False
pi_ampoule_A000000144177,오렌지껍질오일,37,False
pi_ampoule_A000000144177,왕귤껍질오일,38,False
pi_ampoule_A000000144177,소듐폴리아크릴로일다이메틸타우레이트,39,False
pi_ampoule_A000000144177,글루코오스,40,False
pi_ampoule_A000000144177,카프릴릭/카프릭트라이글리세라이드,41,False
pi_ampoule_A000000144177,프룩토올리고사카라이드,42,False
pi_ampoule_A000000144177,프룩토오스,43,False
pi_ampoule_A000000144177,아데노신,44,False
pi_ampoule_A000000144177,에틸헥실글리세린,45,False
pi_ampoule_A000000144177,시트릭애씨드,46,False
pi_ampoule_A000000144177,폴리쿼터늄-51,47,False
pi_ampoule_A000000144177,소듐파이테이트,48,False
pi_ampoule_A000000144177,소듐시트레이트,49,False
pi_ampoule_A000000144177,카프릴릴글라이콜,50,False
pi_ampoule_A000000144177,다이프로필렌글라이콜,51,False
pi_ampoule_A000000144177,펜틸렌글라이콜,52,False
pi_ampoule_A000000144177,피브이피,53,False
pi_ampoule_A000000144177,피토스테롤,54,False
pi_ampoule_A000000144177,잔탄검,55,False
pi_ampoule_A000000144177,리모넨,56,False
pi_ampoule_A000000144177,리날룰,57,False
pi_ampoule_A000000231884,정제수,1,False
pi_ampoule_A000000231884,프로판다이올,2,False
pi_ampoule_A000000231884,펜틸렌글라이콜,3,False
pi_ampoule_A000000231884,글리세린,4,True
pi_ampoule_A000000231884,"1,2-헥산다이올",5,True
pi_ampoule_A000000231884,판테놀,6,False
pi_ampoule_A000000231884,메틸프로판다이올,7,False
pi_ampoule_A000000231884,소듐아크릴릭애씨드/엠에이코폴리머,8,False
pi_ampoule_A000000231884,부틸렌글라이콜,9,False
pi_ampoule_A000000231884,참마뿌리추출물,10,False
pi_ampoule_A000000231884,잔탄검,11,False
pi_ampoule_A000000231884,소듐시트레이트,12,False
pi_ampoule_A000000231884,에틸헥실글리세린,13,False
pi_ampoule_A000000231884,소듐하이알루로네이트,14,False
pi_ampoule_A000000231884,글라이코실트레할로오스,15,False
pi_ampoule_A000000231884,하이드로제네이티드스타치하이드롤리세이트,16,False
pi_ampoule_A000000231884,시트릭애씨드,17,False
pi_ampoule_A000000231884,라피노오스,18,False
pi_ampoule_A000000231884,아데노신,19,False
pi_ampoule_A000000231884,레시틴,20,False
pi_ampoule_A000000231884,트라이소듐에틸렌다이아민다이석시네이트,21,False
pi_ampoule_A000000231884,카프릴릴글라이콜,22,False
pi_ampoule_A000000231884,사카라이드아이소머레이트,23,False
pi_ampoule_A000000231884,폴리쿼터늄-51,24,False
pi_ampoule_A000000231884,말라카이트추출물,25,False
pi_ampoule_A000000231884,알지닌,26,False
pi_ampoule_A000000231884,소듐디엔에이,27,False
pi_ampoule_A000000231884,갈랑가갈랑갈추출물,28,False
pi_ampoule_A000000231884,바이오사카라이드검-1,29,False
pi_ampoule_A000000231884,사이아노코발아민,30,False
pi_ampoule_A000000231884,토코페롤,31,False
pi_ampoule_A000000231884,카프릴릭/카프릭트라이글리세라이드,32,False
pi_ampoule_A000000231884,하이드로제네이티드레시틴,33,False
pi_ampoule_A000000231884,하이드롤라이즈드하이알루로닉애씨드하이드롤라이즈드소듐하이알루로네이트,34,False
pi_ampoule_A000000231884,수크로오스라우레이트,35,False
pi_ampoule_A000000231884,소듐스테아로일글루타메이트,36,False
pi_ampoule_A000000231884,암모늄아크릴로일다이메틸타우레이트/브이피코폴리머,37,False
pi_ampoule_A000000231884,글라이신,38,False
pi_ampoule_A000000231884,세린,39,False
pi_ampoule_A000000231884,히스티딘,40,False
pi_ampoule_A000000231884,돌콩추출물,41,False
pi_ampoule_A000000231884,라이소레시틴,42,False
pi_ampoule_A000000231884,플로레틴,43,False
pi_ampoule_A000000231884,테트라하이드로피페린,44,False
pi_ampoule_A000000231884,다이메틸아이소소바이드,45,False
pi_ampoule_A000000231884,소듐하이알루로네이트크로스폴리머,46,False
pi_ampoule_A000000231884,벤질글라이콜,47,False
pi_ampoule_A000000231884,하이드롤라이즈드글라이코사미노글리칸,48,False
pi_ampoule_A000000231884,올레일알코올,49,False
pi_ampoule_A000000231884,베타-글루칸,50,False
pi_ampoule_A000000231884,하이드록시프로필트라이모늄하이알루로네이트,51,False
pi_ampoule_A000000231884,하이알루로닉애씨드,52,False
pi_ampoule_A000000231884,소듐아세틸레이티드하이알루로네이트[웰라쥬리얼히알루로닉원데이키트]1)웰라쥬리얼에이치에이하이드레이트캡슐소듐하이알루로네이트,53,False
pi_ampoule_A000000231884,알진,54,False
pi_ampoule_A000000231884,하이드록시프로필사이클로덱스트린2)웰라쥬리얼에이치에이하이드레이트솔루션정제수,55,False
pi_ampoule_A000000231884,다이프로필렌글라이콜,57,False
pi_ampoule_A000000231884,글리세레스-26,60,False
pi_ampoule_A000000231884,C12-14알케스-12,63,False
pi_ampoule_A000000231884,인도멀구슬나무잎추출물,65,False
pi_ampoule_A000000231884,인도멀구슬나무꽃추출물,66,False
pi_ampoule_A000000231884,아이비고드열매추출물,70,False
pi_ampoule_A000000231884,다이소듐이디티에이,71,False
pi_ampoule_A000000231884,라벤더오일,72,False
pi_ampoule_A000000231884,가지열매추출물,74,False
pi_ampoule_A000000231884,알로에베라꽃추출물,75,False
pi_ampoule_A000000231884,홀리바질잎추출물,77,False
pi_ampoule_A000000231884,멕시칸치아씨추출물,79,False
pi_ampoule_A000000231884,병풀추출물,80,False
pi_ampoule_A000000231884,약모밀추출물,81,False
pi_ampoule_A000000231884,울금뿌리추출물,82,False
pi_ampoule_A000000231884,참산호말추출물,83,False
pi_ampoule_A000000231884,아세틸글루타민,84,False
pi_ampoule_A000000231884,소듐피씨에이,92,False
pi_ampoule_A000000231884,올레익애씨드,93,False
pi_ampoule_A000000231884,세라마이드엔피,96,False
pi_ampoule_A000000231884,하이드롤라이즈드하이알루로닉애씨드,100,False
pi_ampoule_A000000231884,소듐아세틸레이티드하이알루로네이트,103,False
pi_ampoule_A000000231884,리날룰,104,False
pi_ampoule_A000000222837,정제수,1,False
pi_ampoule_A000000222837,부틸렌글라이콜,2,False
pi_ampoule_A000000222837,글리세린,3,True
pi_ampoule_A000000222837,스쿠알란,4,False
pi_ampoule_A000000222837,"1,2-헥산다이올",5,True
pi_ampoule_A000000222837,아크릴레이트/C10-30알킬아크릴레이트크로스폴리머,6,False
pi_ampoule_A000000222837,카보머,7,False
pi_ampoule_A000000222837,트로메타민,8,False
pi_ampoule_A000000222837,글리세릴카프릴레이트,9,False
pi_ampoule_A000000222837,에틸헥실글리세린,10,False
pi_ampoule_A000000222837,다이소듐이디티에이,11,False
pi_ampoule_A000000222837,낫토검,12,False
pi_ampoule_A000000222837,스테아릭애씨드,13,False
pi_ampoule_A000000222837,하이드록시프로필비스팔미타마이드엠이에이,14,False
pi_ampoule_A000000222837,만니톨,15,False
pi_ampoule_A000000222837,피씨에이,16,False
pi_ampoule_A000000222837,락틱애씨드,17,False
pi_ampoule_A000000222837,글루코오스,18,False
pi_ampoule_A000000222837,글라이신,19,False
pi_ampoule_A000000222837,우레아,20,False
pi_ampoule_A000000222837,소듐글리세로포스페이트,21,False
pi_ampoule_A000000222837,세린,22,False
pi_ampoule_A000000222837,글루타믹애씨드,23,False
pi_ampoule_A000000222837,토코페롤,24,False
pi_ampoule_A000000222837,아크릴레이트/암모늄메타크릴레이트코폴리머,25,False
pi_ampoule_A000000222837,포타슘마그네슘아스파테이트,26,False
pi_ampoule_A000000222837,아스파틱애씨드,27,False
pi_ampoule_A000000222837,류신,28,False
pi_ampoule_A000000222837,소듐클로라이드,29,False
pi_ampoule_A000000222837,알라닌,30,False
pi_ampoule_A000000222837,라이신,31,False
pi_ampoule_A000000222837,알지닌,32,False
pi_ampoule_A000000222837,칼슘글루코네이트,33,False
pi_ampoule_A000000222837,마그네슘글루코네이트,34,False
pi_ampoule_A000000222837,타이로신,35,False
pi_ampoule_A000000222837,페닐알라닌,36,False
pi_ampoule_A000000222837,프롤린,37,False
pi_ampoule_A000000222837,트레오닌,38,False
pi_ampoule_A000000222837,발린,39,False
pi_ampoule_A000000222837,아이소류신,40,False
pi_ampoule_A000000222837,시트릭애씨드,41,False
pi_ampoule_A000000222837,콜레스테롤,42,False
pi_ampoule_A000000222837,히스티딘,43,False
pi_ampoule_A000000222837,실리카,44,False
pi_ampoule_A000000222837,아세틸글루코사민,45,False
pi_ampoule_A000000222837,크레아틴,46,False
pi_ampoule_A000000222837,우릭애씨드,47,False
pi_ampoule_A000000222837,시스테인,48,False
pi_ampoule_A000000222837,메티오닌,49,False
pi_ampoule_A000000254773,앰플정제수,1,False
pi_ampoule_A000000254773,부틸렌글라이콜,2,False
pi_ampoule_A000000254773,글리세린,3,True
pi_ampoule_A000000254773,"1,2-헥산다이올",4,True
pi_ampoule_A000000254773,나이아신아마이드,5,False
pi_ampoule_A000000254773,자일리틸글루코사이드,6,False
pi_ampoule_A000000254773,흑효모발효물,7,False
pi_ampoule_A000000254773,자일리톨,8,False
pi_ampoule_A000000254773,자일로오스,9,False
pi_ampoule_A000000254773,소듐하이알루로네이트,10,False
pi_ampoule_A000000254773,하이드롤라이즈드하이알루로닉애씨드,11,False
pi_ampoule_A000000254773,하이드롤라이즈드해면,12,False
pi_ampoule_A000000254773,하이알루로닉애씨드,13,False
pi_ampoule_A000000254773,하이드롤라이즈드콜라겐,14,False
pi_ampoule_A000000254773,아텔로콜라겐,15,False
pi_ampoule_A000000254773,판테놀,16,False
pi_ampoule_A000000254773,베타인,17,False
pi_ampoule_A000000254773,펜틸렌글라이콜,18,False
pi_ampoule_A000000254773,하이드록시에틸우레아,19,False
pi_ampoule_A000000254773,트로메타민,20,False
pi_ampoule_A000000254773,다이페닐다이메티콘,21,False
pi_ampoule_A000000254773,트라이에틸헥사노인,22,False
pi_ampoule_A000000254773,에틸헥실글리세린,23,False
pi_ampoule_A000000254773,폴리락틱애씨드,24,False
pi_ampoule_A000000254773,아데노신,25,False
pi_ampoule_A000000254773,셀룰로오스검,26,False
pi_ampoule_A000000254773,다이포타슘글리시리제이트,27,False
pi_ampoule_A000000254773,안하이드로자일리톨,28,False
pi_ampoule_A000000254773,프로판다이올,29,False
pi_ampoule_A000000254773,하이드로제네이티드레시틴,30,False
pi_ampoule_A000000254773,바이오사카라이드검-1,31,False
pi_ampoule_A000000254773,시트릭애씨드,32,False
pi_ampoule_A000000254773,소듐하이알루로네이트크로스폴리머,33,False
pi_ampoule_A000000254773,소듐파이테이트,34,False
pi_ampoule_A000000254773,글리세릴아크릴레이트/아크릴릭애씨드코폴리머,35,False
pi_ampoule_A000000254773,하이드롤라이즈드글라이코사미노글리칸,36,False
pi_ampoule_A000000254773,베타-글루칸,37,False
pi_ampoule_A000000254773,벤질글라이콜,38,False
pi_ampoule_A000000254773,팔미토일트라이펩타이드-5,39,False
pi_ampoule_A000000254773,토코페롤,40,False
pi_ampoule_A000000254773,아세틸헥사펩타이드-8,41,False
pi_ampoule_A000000254773,카퍼트라이펩타이드-1,42,False
pi_ampoule_A000000254773,팔미토일펜타펩타이드-4,43,False
pi_ampoule_A000000254773,소듐락테이트,44,False
pi_ampoule_A000000254773,스쿠알란,45,False
pi_ampoule_A000000254773,폴리솔베이트20,46,False
pi_ampoule_A000000254773,팔미토일트라이펩타이드-1,47,False
pi_ampoule_A000000254773,팔미토일테트라펩타이드-7,48,False
pi_ampoule_A000000254773,아세틸테트라펩타이드-5,49,False
pi_ampoule_A000000254773,아스코빅애씨드폴리펩타이드,50,False
pi_ampoule_A000000254773,아세틸옥타펩타이드-3,51,False
pi_ampoule_A000000254773,아세틸테트라펩타이드-2,52,False
pi_ampoule_A000000254773,아세틸테트라펩타이드-3,53,False
pi_ampoule_A000000254773,아세틸테트라펩타이드-9,54,False
pi_ampoule_A000000254773,카르노신,55,False
pi_ampoule_A000000254773,노나펩타이드-1,56,False
pi_ampoule_A000000254773,카보머*크림정제수,57,False
pi_ampoule_A000000254773,카프릴릭/카프릭트라이글리세라이드,62,False
pi_ampoule_A000000254773,세테아릴알코올,65,False
pi_ampoule_A000000254773,트라이메틸펜타페닐트라이실록세인,66,False
pi_ampoule_A000000254773,세테아릴올리베이트,67,False
pi_ampoule_A000000254773,해마토코쿠스플루비알리스오일,70,False
pi_ampoule_A000000254773,칸디다봄비콜라/글루코오스/메틸레이프씨데이트발효물,71,False
pi_ampoule_A000000254773,살구씨오일,72,False
pi_ampoule_A000000254773,다이메티콘,74,False
pi_ampoule_A000000254773,솔비탄올리베이트,75,False
pi_ampoule_A000000254773,글리세릴스테아레이트,76,False
pi_ampoule_A000000254773,팔미틱애씨드,78,False
pi_ampoule_A000000254773,스테아릭애씨드,79,False
pi_ampoule_A000000254773,암모늄아크릴로일다이메틸타우레이트/브이피코폴리머,84,False
pi_ampoule_A000000254773,에피갈로카테킨갈레이트,85,False
pi_ampoule_A000000254773,레스베라트롤,86,False
pi_ampoule_A000000254773,아스타잔틴,88,False
pi_ampoule_A000000254773,쿼세틴,89,False
pi_ampoule_A000000254773,카보머,103,False
pi_ampoule_A000000254773,잔탄검,104,False
pi_ampoule_A000000203876,정제수,1,False
pi_ampoule_A000000203876,글리세린,2,True
pi_ampoule_A000000203876,메틸프로판다이올,3,False
pi_ampoule_A000000203876,부틸렌글라이콜,4,False
pi_ampoule_A000000203876,글리세레스-26,5,False
pi_ampoule_A000000203876,"1,2-헥산다이올",6,True
pi_ampoule_A000000203876,나이아신아마이드,7,False
pi_ampoule_A000000203876,베타인,8,False
pi_ampoule_A000000203876,에탄올,9,False
pi_ampoule_A000000203876,트레할로오스,10,False
pi_ampoule_A000000203876,병풀추출물,11,False
pi_ampoule_A000000203876,무화과추출물,12,False
pi_ampoule_A000000203876,소엽맥문동뿌리추출물,13,False
pi_ampoule_A000000203876,노티드랙추출물,14,False
pi_ampoule_A000000203876,엘더꽃추출물,15,False
pi_ampoule_A000000203876,월귤잎추출물,16,False
pi_ampoule_A000000203876,오레가노잎추출물,17,False
pi_ampoule_A000000203876,편백잎추출물,18,False
pi_ampoule_A000000203876,흰버드나무껍질추출물,19,False
pi_ampoule_A000000203876,에델바이스꽃/잎추출물,20,False
pi_ampoule_A000000203876,락토바실러스/콩발효추출물,21,False
pi_ampoule_A000000203876,쇠비름추출물,22,False
pi_ampoule_A000000203876,육계나무껍질추출물,23,False
pi_ampoule_A000000203876,황금추출물,24,False
pi_ampoule_A000000203876,당아욱꽃/잎/줄기추출물,25,False
pi_ampoule_A000000203876,레이디스맨틀꽃/잎/줄기추출물,26,False
pi_ampoule_A000000203876,페루기네움철쭉추출물,27,False
pi_ampoule_A000000203876,레몬밤잎추출물,28,False
pi_ampoule_A000000203876,페퍼민트잎추출물,29,False
pi_ampoule_A000000203876,서양톱풀꽃/잎/줄기추출물,30,False
pi_ampoule_A000000203876,스피드웰꽃/잎/줄기추출물,31,False
pi_ampoule_A000000203876,카우슬립꽃추출물,32,False
pi_ampoule_A000000203876,하이드로제네이티드레시틴,33,False
pi_ampoule_A000000203876,소듐하이알루로네이트,34,False
pi_ampoule_A000000203876,폴리글리세릴-10라우레이트,35,False
pi_ampoule_A000000203876,판테놀,36,False
pi_ampoule_A000000203876,카보머,37,False
pi_ampoule_A000000203876,트로메타민,38,False
pi_ampoule_A000000203876,셀룰로오스검,39,False
pi_ampoule_A000000203876,글리세릴폴리메타크릴레이트,40,False
pi_ampoule_A000000203876,아데노신,41,False
pi_ampoule_A000000203876,다이소듐이디티에이,42,False
pi_ampoule_A000000203876,카라멜,43,False
pi_ampoule_A000000203876,세라마이드엔피,44,False
pi_ampoule_A000000203876,프로필렌글라이콜,45,False
pi_ampoule_A000000203876,말토덱스트린,46,False
pi_ampoule_A000000203876,아라비아고무나무검,47,False
pi_ampoule_A000000203876,시트릭애씨드,48,False
pi_ampoule_A000000203876,화산재,49,False
pi_ampoule_A000000203876,토코페롤,50,False
pi_ampoule_A000000203876,다이소듐포스페이트,51,False
pi_ampoule_A000000203876,피토스핑고신,52,False
pi_ampoule_A000000203876,향료,53,False
pi_ampoule_A000000203876,펜틸렌글라이콜,54,False
pi_ampoule_A000000203876,카프릴릴글라이콜,55,False
pi_ampoule_A000000203876,에틸헥실글리세린,56,False
pi_ampoule_A000000203876,소듐벤조에이트,57,False
pi_ampoule_A000000203876,포타슘솔베이트,58,False
pi_ampoule_A000000203876,리날룰,59,False
pi_ampoule_A000000243435,PDRN앰플정제수,1,False
pi_ampoule_A000000243435,글리세린,2,True
pi_ampoule_A000000243435,다이프로필렌글라이콜,3,False
pi_ampoule_A000000243435,아이소프로필미리스테이트,4,False
pi_ampoule_A000000243435,글리세레스-26,5,False
pi_ampoule_A000000243435,나이아신아마이드,6,False
pi_ampoule_A000000243435,"1,2-헥산다이올",7,True
pi_ampoule_A000000243435,소듐디엔에이,8,False
pi_ampoule_A000000243435,부틸렌글라이콜,9,False
pi_ampoule_A000000243435,폴리글리세린-3,10,False
pi_ampoule_A000000243435,소듐아크릴레이트/소듐아크릴로일다이메틸타우레이트코폴리머,11,False
pi_ampoule_A000000243435,폴리아이소부텐,12,False
pi_ampoule_A000000243435,아크릴레이트/C10-30알킬아크릴레이트크로스폴리머,13,False
pi_ampoule_A000000243435,이리추출물,14,False
pi_ampoule_A000000243435,트로메타민,15,False
pi_ampoule_A000000243435,글리세릴아크릴레이트/아크릴릭애씨드코폴리머,16,False
pi_ampoule_A000000243435,피브이엠/엠에이코폴리머,17,False
pi_ampoule_A000000243435,에틸헥실글리세린,18,False
pi_ampoule_A000000243435,카프릴릴글라이콜,19,False
pi_ampoule_A000000243435,향료,20,False
pi_ampoule_A000000243435,인도멀구슬나무잎추출물,21,False
pi_ampoule_A000000243435,아데노신,22,False
pi_ampoule_A000000243435,카프릴릴/카프릴글루코사이드,23,False
pi_ampoule_A000000243435,솔비탄올리에이트,24,False
pi_ampoule_A000000243435,인도멀구슬나무꽃추출물,25,False
pi_ampoule_A000000243435,소듐하이알루로네이트,26,False
pi_ampoule_A000000243435,다이소듐이디티에이,27,False
pi_ampoule_A000000243435,울금뿌리추출물,28,False
pi_ampoule_A000000243435,사이아노코발아민,29,False
pi_ampoule_A000000243435,하이드롤라이즈드콜라겐,30,False
pi_ampoule_A000000243435,유비퀴논,31,False
pi_ampoule_A000000243435,홀리바질잎추출물,32,False
pi_ampoule_A000000243435,참산호말추출물,33,False
pi_ampoule_A000000243435,팔미토일펜타펩타이드-4,34,False
pi_ampoule_A000000243435,팔미토일트라이펩타이드-1,35,False
pi_ampoule_A000000243435,팔미토일테트라펩타이드-7,36,False
pi_ampoule_A000000243435,카퍼트라이펩타이드-1,37,False
pi_ampoule_A000000243435,아세틸헥사펩타이드-8,38,False
pi_ampoule_A000000243435,연어알추출물,39,False
pi_ampoule_A000000243435,아텔로콜라겐**PDRN앰플정제수,40,False
pi_ampoule_A000000243435,아텔로콜라겐**PDRN수분크림정제수,79,False
pi_ampoule_A000000243435,카프릴릭/카프릭트라이글리세라이드,82,False
pi_ampoule_A000000243435,사이클로펜타실록세인,83,False
pi_ampoule_A000000243435,하이드로제네이티드폴리데센,86,False
pi_ampoule_A000000243435,아이소노닐아이소노나노에이트,87,False
pi_ampoule_A000000243435,세테아릴올리베이트,88,False
pi_ampoule_A000000243435,에틸헥실올리베이트,89,False
pi_ampoule_A000000243435,솔비탄올리베이트,91,False
pi_ampoule_A000000243435,소듐아크릴레이트코폴리머,93,False
pi_ampoule_A000000243435,소듐폴리아크릴로일다이메틸타우레이트,94,False
pi_ampoule_A000000243435,하이드록시에틸아크릴레이트/소듐아크릴로일다이메틸타우레이트코폴리머,95,False
pi_ampoule_A000000243435,폴리글리세릴-4올리에이트,96,False
pi_ampoule_A000000243435,베타인,98,False
pi_ampoule_A000000243435,판테놀,99,False
pi_ampoule_A000000243435,솔비탄아이소스테아레이트,103,False
pi_ampoule_A000000243435,메도우폼씨오일,104,False
pi_ampoule_A000000243435,시트릭애씨드,106,False
pi_ampoule_A000000243435,하이드로제네이티드레시틴,108,False
pi_ampoule_A000000243435,세테아릴알코올,109,False
pi_ampoule_A000000243435,스테아릭애씨드,110,False
pi_ampoule_A000000243435,하이드록시프로필트라이모늄하이알루로네이트,112,False
pi_ampoule_A000000243435,세라마이드엔피,113,False
pi_ampoule_A000000243435,꿀풀추출물,114,False
pi_ampoule_A000000243435,블래더랙추출물,115,False
pi_ampoule_A000000243435,노니열매추출물,116,False
pi_ampoule_A000000243435,여주열매추출물,117,False
pi_ampoule_A000000243435,오크라열매추출물,118,False
pi_ampoule_A000000243435,세라마이드엔에스,119,False
pi_ampoule_A000000243435,소듐아세틸레이티드하이알루로네이트,120,False
pi_ampoule_A000000243435,하이드롤라이즈드하이알루로닉애씨드,121,False
pi_ampoule_A000000243435,병풀잎추출물,122,False
pi_ampoule_A000000243435,콜레스테롤,123,False
pi_ampoule_A000000243435,피토스핑고신,124,False
pi_ampoule_A000000243435,세라마이드에이에스,125,False
pi_ampoule_A000000243435,세라마이드에이피,126,False
pi_ampoule_A000000243435,하이알루로닉애씨드,127,False
pi_ampoule_A000000243435,소듐하이알루로네이트크로스폴리머,129,False
pi_ampoule_A000000243435,하이드롤라이즈드소듐하이알루로네이트,132,False
pi_ampoule_A000000243435,포타슘하이알루로네이트,135,False
pi_ampoule_A000000243435,세라마이드이오피,136,False
pi_ampoule_A000000242720,정제수,1,False
pi_ampoule_A000000242720,부틸렌글라이콜,2,False
pi_ampoule_A000000242720,글리세린,3,True
pi_ampoule_A000000242720,"1,2-헥산다이올",4,True
pi_ampoule_A000000242720,폴리솔베이트20,5,False
pi_ampoule_A000000242720,도둑놈의지팡이뿌리추출물,6,False
pi_ampoule_A000000242720,띠뿌리추출물,7,False
pi_ampoule_A000000242720,하이드록시에틸셀룰로오스,8,False
pi_ampoule_A000000242720,프로폴리스추출물,9,False
pi_ampoule_A000000242720,알지닌,10,False
pi_ampoule_A000000242720,카보머,11,False
pi_ampoule_A000000242720,알란토인,12,False
pi_ampoule_A000000242720,마데카소사이드,13,False
pi_ampoule_A000000242720,더덕뿌리추출물,14,False
pi_ampoule_A000000242720,무화과추출물,15,False
pi_ampoule_A000000242720,레몬밤잎추출물,16,False
pi_ampoule_A000000242720,석류추출물,17,False
pi_ampoule_A000000242720,펜틸렌글라이콜,18,False
pi_ampoule_A000000242720,소듐하이알루로네이트,19,False
pi_ampoule_A000000242720,다이소듐이디티에이,20,False
pi_ampoule_A000000242720,센티드제라늄꽃오일,21,False
pi_ampoule_A000000242720,베타-글루칸,22,False
pi_ampoule_A000000242720,카프릴릴글라이콜,23,False
pi_ampoule_A000000242720,소듐시트레이트,24,False
pi_ampoule_A000000242720,하이드록시페닐프로파미도벤조익애씨드,25,False
pi_ampoule_A000000242720,꿀추출물,26,False
pi_ampoule_A000000242720,소듐락테이트,27,False
pi_ampoule_A000000242720,다이소듐포스페이트,28,False
pi_ampoule_A000000242720,폴리솔베이트60,29,False
pi_ampoule_A000000242720,아크릴레이트/C10-30알킬아크릴레이트크로스폴리머,30,False
pi_ampoule_A000000242720,시트릭애씨드,31,False
pi_ampoule_A000000242720,소듐포스페이트,32,False
pi_ampoule_A000000242720,아스코빌팔미테이트,33,False
pi_ampoule_A000000242720,바이오틴,34,False
pi_ampoule_A000000242720,팔미토일트라이펩타이드-1,35,False
pi_ampoule_A000000242720,팔미토일테트라펩타이드-7,36,False
pi_ampoule_A000000242720,시트로넬올,37,False
pi_ampoule_A000000242720,제라니올,38,False
pi_ampoule_A000000213267,정제수,1,False
pi_ampoule_A000000213267,프로판다이올,2,False
pi_ampoule_A000000213267,글리세린,3,True
pi_ampoule_A000000213267,"1,2-헥산다이올",4,True
pi_ampoule_A000000213267,클로렐라불가리스추출물,5,False
pi_ampoule_A000000213267,소듐하이알루로네이트,6,False
pi_ampoule_A000000213267,락토바실러스발효용해물,7,False
pi_ampoule_A000000213267,판테놀,8,False
pi_ampoule_A000000213267,글라이코실트레할로오스,9,False
pi_ampoule_A000000213267,글루코오스,10,False
pi_ampoule_A000000213267,부틸렌글라이콜,11,False
pi_ampoule_A000000213267,하이드로제네이티드스타치하이드롤리세이트,12,False
pi_ampoule_A000000213267,프룩토올리고사카라이드,13,False
pi_ampoule_A000000213267,프룩토오스,14,False
pi_ampoule_A000000213267,폴리쿼터늄-51,15,False
pi_ampoule_A000000213267,글리세릴글루코사이드,16,False
pi_ampoule_A000000213267,사카라이드아이소머레이트,17,False
pi_ampoule_A000000213267,에틸헥실글리세린,18,False
pi_ampoule_A000000213267,아크릴레이트/C10-30알킬아크릴레이트크로스폴리머,19,False
pi_ampoule_A000000213267,알란토인,20,False
pi_ampoule_A000000213267,하이드록시프로필트라이모늄하이알루로네이트,21,False
pi_ampoule_A000000213267,트로메타민,22,False
pi_ampoule_A000000213267,덱스트린,23,False
pi_ampoule_A000000213267,소듐파이테이트,24,False
pi_ampoule_A000000213267,소듐클로라이드,25,False
pi_ampoule_A000000213267,베타-글루칸,26,False
pi_ampoule_A000000213267,글리세릴아크릴레이트/아크릴릭애씨드코폴리머,27,False
pi_ampoule_A000000213267,사이아노코발아민,28,False
pi_ampoule_A000000213267,시트릭애씨드,29,False
pi_ampoule_A000000213267,소듐시트레이트,30,False
pi_ampoule_A000000213267,소듐바이카보네이트,31,False
pi_ampoule_A000000213267,칼슘클로라이드,32,False
pi_ampoule_A000000213267,포타슘클로라이드,33,False
pi_ampoule_A000000213267,토코페롤,34,False
pi_ampoule_A000000213267,잔탄검,35,False
pi_ampoule_A000000213267,치자추출물,36,False
pi_ampoule_A000000166599,정제수,1,False
pi_ampoule_A000000166599,부틸렌글라이콜,2,False
pi_ampoule_A000000166599,비피다발효용해물,3,False
pi_ampoule_A000000166599,글리세린,4,True
pi_ampoule_A000000166599,나이아신아마이드,5,False
pi_ampoule_A000000166599,"1,2-헥산다이올",6,True
pi_ampoule_A000000166599,펜틸렌글라이콜,7,False
pi_ampoule_A000000166599,스쿠알란,8,False
pi_ampoule_A000000166599,폴리글리세릴-10라우레이트,9,False
pi_ampoule_A000000166599,비피다발효여과물,10,False
pi_ampoule_A000000166599,락토바실러스발효용해물,11,False
pi_ampoule_A000000166599,락토코쿠스발효용해물,12,False
pi_ampoule_A000000166599,스키조사카로미세스발효여과물,13,False
pi_ampoule_A000000166599,카보머,14,False
pi_ampoule_A000000166599,하이드로제네이티드레시틴,15,False
pi_ampoule_A000000166599,트로메타민,16,False
pi_ampoule_A000000166599,잔탄검,17,False
pi_ampoule_A000000166599,프로판다이올,18,False
pi_ampoule_A000000166599,에틸헥실글리세린,19,False
pi_ampoule_A000000166599,아데노신,20,False
pi_ampoule_A000000166599,덱스트린,21,False
pi_ampoule_A000000166599,카카오씨추출물,22,False
pi_ampoule_A000000166599,소듐하이알루로네이트,23,False
pi_ampoule_A000000166599,소듐파이테이트,24,False
pi_ampoule_A000000166599,락토바실러스/호박열매발효여과물,25,False
pi_ampoule_A000000166599,쿠티박테리움그라눌로숨발효추출여과물,26,False
pi_ampoule_A000000166599,카페인,27,False
pi_ampoule_A000000166599,에델바이스캘러스배양추출물,28,False
pi_ampoule_A000000166599,꽈리꽃받침추출물,29,False
pi_ampoule_A000000166599,하이드롤라이즈드알진,30,False
pi_ampoule_A000000166599,흑효모발효물,31,False
pi_ampoule_A000000166599,에피갈로카테킨갈레이트,32,False
pi_ampoule_A000000166599,벤질글라이콜,33,False
pi_ampoule_A000000166599,하이드롤라이즈드글라이코사미노글리칸,34,False
pi_ampoule_A000000166599,아시아티코사이드,35,False
pi_ampoule_A000000166599,아시아틱애씨드,36,False
pi_ampoule_A000000166599,마데카식애씨드,37,False
pi_ampoule_A000000166599,하이드록시프로필트라이모늄하이알루로네이트,38,False
pi_ampoule_A000000166599,소듐하이알루로네이트크로스폴리머,39,False
pi_ampoule_A000000166599,하이드롤라이즈드하이알루로닉애씨드,40,False
pi_ampoule_A000000166599,소듐아세틸레이티드하이알루로네이트,41,False
pi_ampoule_A000000166599,하이알루로닉애씨드,42,False
pi_ampoule_A000000166599,카퍼트라이펩타이드-1,43,False
pi_ampoule_A000000166599,하이드롤라이즈드소듐하이알루로네이트,44,False
pi_ampoule_A000000166599,아세틸헥사펩타이드-8,45,False
pi_ampoule_A000000166599,포타슘하이알루로네이트,46,False
pi_ampoule_A000000200310,정제수,1,False
pi_ampoule_A000000200310,프로판다이올,2,False
pi_ampoule_A000000200310,글리세린,3,True
pi_ampoule_A000000200310,나이아신아마이드,4,False
pi_ampoule_A000000200310,3-O-에틸아스코빅애씨드,5,False
pi_ampoule_A000000200310,"1,2-헥산다이올",6,True
pi_ampoule_A000000200310,아이소프로필미리스테이트,7,False
pi_ampoule_A000000200310,베타인,8,False
pi_ampoule_A000000200310,에리스리톨,9,False
pi_ampoule_A000000200310,아데노신,10,False
pi_ampoule_A000000200310,알란토인,11,False
pi_ampoule_A000000200310,토코페롤,12,False
pi_ampoule_A000000200310,판테놀,13,False
pi_ampoule_A000000200310,아스코빅애씨드,14,False
pi_ampoule_A000000200310,소듐아스코빌포스페이트,15,False
pi_ampoule_A000000200310,아스코빌글루코사이드,16,False
pi_ampoule_A000000200310,아스코빌팔미테이트,17,False
pi_ampoule_A000000200310,에틸헥실글리세린,18,False
pi_ampoule_A000000200310,카프릴릴글라이콜,19,False
pi_ampoule_A000000200310,잔탄검,20,False
pi_ampoule_A000000200310,참산호말추출물,21,False
pi_ampoule_A000000200310,감태추출물,22,False
pi_ampoule_A000000200310,개청각추출물,23,False
pi_ampoule_A000000200310,겔리듐카르틸라기네움추출물,24,False
pi_ampoule_A000000200310,톳추출물,25,False
pi_ampoule_A000000200310,옥틸도데칸올,26,False
pi_ampoule_A000000200310,아크릴레이트/C10-30알킬아크릴레이트크로스폴리머,27,False
pi_ampoule_A000000200310,트로메타민,28,False
pi_ampoule_A000000200310,다이소듐이디티에이,29,False
pi_ampoule_A000000200310,메틸프로판다이올,30,False
pi_ampoule_A000000200310,페룰릭애씨드,31,False
pi_ampoule_A000000200310,홀리바질잎추출물,32,False
pi_ampoule_A000000200310,부틸렌글라이콜,33,False
pi_ampoule_A000000200310,하이드로제네이티드레시틴,34,False
pi_ampoule_A000000200310,베르가모트오일,35,False
pi_ampoule_A000000200310,인도멀구슬나무잎추출물,36,False
pi_ampoule_A000000200310,인도멀구슬나무꽃추출물,37,False
pi_ampoule_A000000200310,울금뿌리추출물,38,False
pi_ampoule_A000000242719,정제수,1,False
pi_ampoule_A000000242719,글리세린,2,True
pi_ampoule_A000000242719,다이프로필렌글라이콜,3,False
pi_ampoule_A000000242719,피이지/피피지/폴리부틸렌글라이콜-8/5/3글리세린,4,False
pi_ampoule_A000000242719,나이아신아마이드,5,False
pi_ampoule_A000000242719,비스-피이지-18메틸에터다이메틸실레인,6,False
pi_ampoule_A000000242719,부틸렌글라이콜,7,False
pi_ampoule_A000000242719,"1,2-헥산다이올",8,True
pi_ampoule_A000000242719,피이지-7글리세릴코코에이트,9,False
pi_ampoule_A000000242719,다이메티콘,10,False
pi_ampoule_A000000242719,베타인,11,False
pi_ampoule_A000000242719,호호바왁스피이지-120에스터,12,False
pi_ampoule_A000000242719,메틸프로판다이올,13,False
pi_ampoule_A000000242719,판테놀,14,False
pi_ampoule_A000000242719,피이지/피피지-17/6코폴리머,15,False
pi_ampoule_A000000242719,소듐디엔에이,16,False
pi_ampoule_A000000242719,락토바실러스발효용해물,17,False
pi_ampoule_A000000242719,폴리메틸실세스퀴옥세인,18,False
pi_ampoule_A000000242719,트라이에틸헥사노인,19,False
pi_ampoule_A000000242719,소듐아크릴레이트/비닐알코올코폴리머,20,False
pi_ampoule_A000000242719,하이드로제네이티드레시틴,21,False
pi_ampoule_A000000242719,소듐폴리아크릴레이트,22,False
pi_ampoule_A000000242719,락토바실러스/콩발효추출물,23,False
pi_ampoule_A000000242719,아이리쉬모스추출물,24,False
pi_ampoule_A000000242719,세라마이드엔피,25,False
pi_ampoule_A000000242719,아크릴레이트/C10-30알킬아크릴레이트크로스폴리머,26,False
pi_ampoule_A000000242719,C14-22알코올,27,False
pi_ampoule_A000000242719,스쿠알란,28,False
pi_ampoule_A000000242719,트로메타민,29,False
pi_ampoule_A000000242719,효모/감자추출물발효여과물,30,False
pi_ampoule_A000000242719,소듐아크릴릭애씨드/엠에이코폴리머,31,False
pi_ampoule_A000000242719,효모/보리씨발효여과물,32,False
pi_ampoule_A000000242719,수크로오스스테아레이트,33,False
pi_ampoule_A000000242719,로즈마리잎오일,34,False
pi_ampoule_A000000242719,C18-21알케인,35,False
pi_ampoule_A000000242719,마카다미아씨오일,36,False
pi_ampoule_A000000242719,폴리글리세릴-10스테아레이트,37,False
pi_ampoule_A000000242719,스테아릭애씨드,38,False
pi_ampoule_A000000242719,폴리글리세릴-10올리에이트,39,False
pi_ampoule_A000000242719,글리세릴아크릴레이트/아크릴릭애씨드코폴리머,40,False
pi_ampoule_A000000242719,아데노신,41,False
pi_ampoule_A000000242719,아라키딜글루코사이드,42,False
pi_ampoule_A000000242719,시어버터,43,False
pi_ampoule_A000000242719,토코페롤,44,False
pi_ampoule_A000000242719,팔미틱애씨드,45,False
pi_ampoule_A000000242719,클레리오일,46,False
pi_ampoule_A000000242719,소듐하이알루로네이트,47,False
pi_ampoule_A000000242719,트라이소듐이디티에이,48,False
pi_ampoule_A000000242719,돌콩오일,49,False
pi_ampoule_A000000242719,트라이데세스-6,50,False
pi_ampoule_A000000242719,콜레스테롤,51,False
pi_ampoule_A000000242719,글리세릴스테아레이트,52,False
pi_ampoule_A000000242719,트록세루틴,53,False
pi_ampoule_A000000242719,베타-글루칸,54,False
pi_ampoule_A000000242719,카보머,55,False
pi_ampoule_A000000242719,피이지-100스테아레이트,56,False
pi_ampoule_A000000242719,알지닌,57,False
pi_ampoule_A000000242719,글루타믹애씨드,58,False
pi_ampoule_A000000242719,멕시칸주니퍼오일,59,False
pi_ampoule_A000000242719,글라이코스핑고리피드,60,False
pi_ampoule_A000000242719,리날룰,61,False
pi_ampoule_A000000242719,리모넨,62,False
pi_ampoule_A000000239791,정제수,1,False
pi_ampoule_A000000239791,율무씨수,2,False
pi_ampoule_A000000239791,메틸프로판다이올,3,False
pi_ampoule_A000000239791,나이아신아마이드,4,False
pi_ampoule_A000000239791,프로판다이올,5,False
pi_ampoule_A000000239791,글리세린,6,True
pi_ampoule_A000000239791,"1,2-헥산다이올",7,True
pi_ampoule_A000000239791,하이드록시에틸아크릴레이트/소듐아크릴로일다이메틸타우레이트코폴리머,8,False
pi_ampoule_A000000239791,옥틸도데칸올,9,False
pi_ampoule_A000000239791,판테놀,10,False
pi_ampoule_A000000239791,에틸헥실글리세린,11,False
pi_ampoule_A000000239791,C12-14알케스-12,12,False
pi_ampoule_A000000239791,암모늄아크릴로일다이메틸타우레이트/브이피코폴리머,13,False
pi_ampoule_A000000239791,팔미틱애씨드,14,False
pi_ampoule_A000000239791,잔탄검,15,False
pi_ampoule_A000000239791,스테아릭애씨드,16,False
pi_ampoule_A000000239791,솔비탄아이소스테아레이트,17,False
pi_ampoule_A000000239791,다이소듐이디티에이,18,False
pi_ampoule_A000000239791,시트릭애씨드,19,False
pi_ampoule_A000000239791,글루코오스,20,False
pi_ampoule_A000000239791,율무씨추출물,21,False
pi_ampoule_A000000239791,하이드록시신나믹애씨드,22,False
pi_ampoule_A000000239791,루틴,23,False
pi_ampoule_A000000242563,전성분실크수,1,False
pi_ampoule_A000000242563,부틸렌글라이콜,2,False
pi_ampoule_A000000242563,정제수,3,False
pi_ampoule_A000000242563,글리세린,4,True
pi_ampoule_A000000242563,메틸프로판다이올,5,False
pi_ampoule_A000000242563,"1,2-헥산다이올",6,True
pi_ampoule_A000000242563,나이아신아마이드,7,False
pi_ampoule_A000000242563,카보머,8,False
pi_ampoule_A000000242563,트로메타민,9,False
pi_ampoule_A000000242563,피피지-13-데실테트라데세스-24,10,False
pi_ampoule_A000000242563,프로판다이올,11,False
pi_ampoule_A000000242563,아데노신,12,False
pi_ampoule_A000000242563,아이리쉬모스가루,13,False
pi_ampoule_A000000242563,아가,14,False
pi_ampoule_A000000242563,하이드록시에틸셀룰로오스,15,False
pi_ampoule_A000000242563,다이소듐이디티에이,16,False
pi_ampoule_A000000242563,아크릴레이트/C10-30알킬아크릴레이트크로스폴리머,17,False
pi_ampoule_A000000242563,합성플루오르플로고파이트,18,False
pi_ampoule_A000000242563,돌콩펩타이드,19,False
pi_ampoule_A000000242563,베타인,20,False
pi_ampoule_A000000242563,판테놀,21,False
pi_ampoule_A000000242563,티타늄디옥사이드,22,False
pi_ampoule_A000000242563,적색산화철,23,False
pi_ampoule_A000000242563,마이카,24,False
pi_ampoule_A000000242563,젤란검,25,False
pi_ampoule_A000000242563,마그네슘아스코빌포스페이트,26,False
pi_ampoule_A000000242563,병풀추출물,27,False
pi_ampoule_A000000242563,하이드롤라이즈드콜라겐,28,False
pi_ampoule_A000000242563,약모밀추출물,29,False
pi_ampoule_A000000242563,틴옥사이드,30,False
pi_ampoule_A000000242563,에틸헥실글리세린,31,False
pi_ampoule_A000000242563,스쿠알란,32,False
pi_ampoule_A000000242563,하이드로제네이티드폴리아이소부텐,33,False
pi_ampoule_A000000242563,벤질글라이콜,34,False
pi_ampoule_A000000242563,레시틴,35,False
pi_ampoule_A000000242563,하이드롤라이즈드글라이코사미노글리칸,36,False
pi_ampoule_A000000242563,소듐하이알루로네이트,37,False
pi_ampoule_A000000242563,카프릴릴글라이콜,38,False
pi_ampoule_A000000242563,하이드로제네이티드레시틴,39,False
pi_ampoule_A000000242563,에스에이치-폴리펩타이드-121,40,False
pi_ampoule_A000000242563,카프릴릭/카프릭트라이글리세라이드,41,False
pi_ampoule_A000000242563,소듐팔미토일사코시네이트,42,False
pi_ampoule_A000000242563,토코페롤,43,False
pi_ampoule_A000000242563,카페오일헥사펩타이드-65,44,False
pi_ampoule_A000000242563,소듐하이알루로네이트크로스폴리머,45,False
pi_ampoule_A000000242563,아세틸글루타민,46,False
pi_ampoule_A000000242563,헵타소듐헥사카복시메틸다이펩타이드-12,47,False
pi_ampoule_A000000242563,하이드롤라이즈드하이알루로닉애씨드,48,False
pi_ampoule_A000000242563,바실러스/폴릭애씨드/돌콩발효추출물,49,False
pi_ampoule_A000000242563,금,50,False
pi_ampoule_A000000242563,소듐포스페이트,51,False
pi_ampoule_A000000242563,콜라겐,52,False
pi_ampoule_A000000242563,미리스토일펜타펩타이드-17,53,False
pi_ampoule_A000000242563,미리스토일펜타펩타이드-4,54,False
pi_ampoule_A000000242563,에스에이치-폴리펩타이드-123,55,False
pi_ampoule_A000000242563,하이드록시프로필트라이모늄하이알루로네이트,56,False
pi_ampoule_A000000242563,덱스트란,57,False
pi_ampoule_A000000242563,벤조익애씨드,58,False
pi_ampoule_A000000242563,소듐벤조에이트,59,False
pi_ampoule_A000000242563,하이드롤라이즈드엘라스틴,60,False
pi_ampoule_A000000242563,팔미토일펜타펩타이드-5,61,False
pi_ampoule_A000000242563,아세틸테트라펩타이드-3,62,False
pi_ampoule_A000000242563,카퍼트라이펩타이드-1,63,False
pi_ampoule_A000000242563,팔미토일펜타펩타이드-4,64,False
pi_ampoule_A000000242563,아세틸헥사펩타이드-8,65,False
pi_ampoule_A000000242563,팔미토일테트라펩타이드-7,66,False
pi_ampoule_A000000242563,에스에이치-데카펩타이드-7,67,False
pi_ampoule_A000000242563,에스에이치-옥타펩타이드-4,68,False
pi_ampoule_A000000242563,에스에이치-올리고펩타이드-9,69,False
pi_ampoule_A000000242563,에스에이치-펜타펩타이드-19,70,False
pi_ampoule_A000000242563,팔미토일트라이펩타이드-1,71,False
pi_ampoule_A000000242563,트라이펩타이드-32,72,False
pi_ampoule_A000000242563,에스알-(올리고펩타이드-91클로스트리듐보툴리눔폴리펩타이드-1),73,False
pi_ampoule_A000000242563,에스에이치-올리고펩타이드-1,74,False
pi_ampoule_A000000242563,에스에이치-폴리펩타이드-1,75,False
pi_ampoule_A000000242563,에스에이치-올리고펩타이드-2,76,False
pi_ampoule_A000000242563,에스에이치-폴리펩타이드-11,77,False
pi_ampoule_A000000242563,에스에이치-폴리펩타이드-9,78,False
pi_ampoule_A000000242563,에스에이치-폴리펩타이드-16,79,False
pi_ampoule_A000000242563,에스에이치-폴리펩타이드-22,80,False
pi_ampoule_A000000242563,에스에이치-폴리펩타이드-3,81,False
pi_ampoule_A000000242563,에스에이치-폴리펩타이드-19,82,False
pi_ampoule_A000000242563,에스에이치-폴리펩타이드-62,83,False
pi_ampoule_A000000242563,붉은토끼풀꽃추출물,84,False
pi_ampoule_A000000242563,하이알루로닉애씨드,85,False
pi_ampoule_A000000242563,지모뿌리추출물,86,False
pi_ampoule_A000000242563,소듐아세틸레이티드하이알루로네이트,87,False
pi_ampoule_A000000255430,정제수,1,False
pi_ampoule_A000000255430,글리세린,2,True
pi_ampoule_A000000255430,부틸렌글라이콜,3,False
pi_ampoule_A000000255430,병풀추출물,4,False
pi_ampoule_A000000255430,"1,2-헥산다이올",5,True
pi_ampoule_A000000255430,셀룰로오스검,6,False
pi_ampoule_A000000255430,에틸헥실글리세린,7,False
pi_ampoule_A000000210195,정제수,1,False
pi_ampoule_A000000210195,프로판다이올,2,False
pi_ampoule_A000000210195,부틸렌글라이콜,3,False
pi_ampoule_A000000210195,나이아신아마이드,4,False
pi_ampoule_A000000210195,트라넥사믹애씨드,5,False
pi_ampoule_A000000210195,글리세린,6,True
pi_ampoule_A000000210195,"1,2-헥산다이올",7,True
pi_ampoule_A000000210195,소듐헤파린,8,False
pi_ampoule_A000000210195,소듐하이알루로네이트,9,False
pi_ampoule_A000000210195,알파-알부틴,10,False
pi_ampoule_A000000210195,판테놀,11,False
pi_ampoule_A000000210195,티트리추출물,12,False
pi_ampoule_A000000210195,마데카식애씨드,13,False
pi_ampoule_A000000210195,덱스판테놀,14,False
pi_ampoule_A000000210195,아시아티코사이드,15,False
pi_ampoule_A000000210195,아시아틱애씨드,16,False
pi_ampoule_A000000210195,알란토인,17,False
pi_ampoule_A000000210195,하이드로제네이티드레시틴,18,False
pi_ampoule_A000000210195,암모늄아크릴로일다이메틸타우레이트/브이피코폴리머,19,False
pi_ampoule_A000000210195,아크릴레이트/C10-30알킬아크릴레이트크로스폴리머,20,False
pi_ampoule_A000000210195,트로메타민,21,False
pi_ampoule_A000000210195,에틸헥실글리세린,22,False
pi_ampoule_A000000210195,다이소듐이디티에이,23,False
pi_ampoule_A000000188968,정제수,1,False
pi_ampoule_A000000188968,글리세린,2,True
pi_ampoule_A000000188968,메틸프로판다이올,3,False
pi_ampoule_A000000188968,부틸렌글라이콜,4,False
pi_ampoule_A000000188968,글리세레스-26,5,False
pi_ampoule_A000000188968,"1,2-헥산다이올",6,True
pi_ampoule_A000000188968,나이아신아마이드,7,False
pi_ampoule_A000000188968,베타인,8,False
pi_ampoule_A000000188968,에탄올,9,False
pi_ampoule_A000000188968,트레할로오스,10,False
pi_ampoule_A000000188968,병풀추출물,11,False
pi_ampoule_A000000188968,무화과추출물,12,False
pi_ampoule_A000000188968,소엽맥문동뿌리추출물,13,False
pi_ampoule_A000000188968,노티드랙추출물,14,False
pi_ampoule_A000000188968,엘더꽃추출물,15,False
pi_ampoule_A000000188968,월귤잎추출물,16,False
pi_ampoule_A000000188968,오레가노잎추출물,17,False
pi_ampoule_A000000188968,편백잎추출물,18,False
pi_ampoule_A000000188968,흰버드나무껍질추출물,19,False
pi_ampoule_A000000188968,에델바이스꽃/잎추출물,20,False
pi_ampoule_A000000188968,락토바실러스/콩발효추출물,21,False
pi_ampoule_A000000188968,쇠비름추출물,22,False
pi_ampoule_A000000188968,육계나무껍질추출물,23,False
pi_ampoule_A000000188968,황금추출물,24,False
pi_ampoule_A000000188968,당아욱꽃/잎/줄기추출물,25,False
pi_ampoule_A000000188968,레이디스맨틀꽃/잎/줄기추출물,26,False
pi_ampoule_A000000188968,페루기네움철쭉추출물,27,False
pi_ampoule_A000000188968,레몬밤잎추출물,28,False
pi_ampoule_A000000188968,페퍼민트잎추출물,29,False
pi_ampoule_A000000188968,서양톱풀꽃/잎/줄기추출물,30,False
pi_ampoule_A000000188968,스피드웰꽃/잎/줄기추출물,31,False
pi_ampoule_A000000188968,카우슬립꽃추출물,32,False
pi_ampoule_A000000188968,하이드로제네이티드레시틴,33,False
pi_ampoule_A000000188968,소듐하이알루로네이트,34,False
pi_ampoule_A000000188968,폴리글리세릴-10라우레이트,35,False
pi_ampoule_A000000188968,판테놀,36,False
pi_ampoule_A000000188968,카보머,37,False
pi_ampoule_A000000188968,트로메타민,38,False
pi_ampoule_A000000188968,셀룰로오스검,39,False
pi_ampoule_A000000188968,글리세릴폴리메타크릴레이트,40,False
pi_ampoule_A000000188968,아데노신,41,False
pi_ampoule_A000000188968,다이소듐이디티에이,42,False
pi_ampoule_A000000188968,카라멜,43,False
pi_ampoule_A000000188968,세라마이드엔피,44,False
pi_ampoule_A000000188968,프로필렌글라이콜,45,False
pi_ampoule_A000000188968,말토덱스트린,46,False
pi_ampoule_A000000188968,아라비아고무나무검,47,False
pi_ampoule_A000000188968,시트릭애씨드,48,False
pi_ampoule_A000000188968,화산재,49,False
pi_ampoule_A000000188968,토코페롤,50,False
pi_ampoule_A000000188968,다이소듐포스페이트,51,False
pi_ampoule_A000000188968,피토스핑고신,52,False
pi_ampoule_A000000188968,향료,53,False
pi_ampoule_A000000188968,펜틸렌글라이콜,54,False
pi_ampoule_A000000188968,카프릴릴글라이콜,55,False
pi_ampoule_A000000188968,에틸헥실글리세린,56,False
pi_ampoule_A000000188968,소듐벤조에이트,57,False
pi_ampoule_A000000188968,포타슘솔베이트,58,False
pi_ampoule_A000000188968,리날룰,59,False
pi_ampoule_A000000212948,효모/헥사펩타이드-11발효여과추출물,1,False
pi_ampoule_A000000212948,프로판다이올,2,False
pi_ampoule_A000000212948,글리세린,3,True
pi_ampoule_A000000212948,"1,2-헥산다이올",4,True
pi_ampoule_A000000212948,베타인,5,False
pi_ampoule_A000000212948,정제수,6,False
pi_ampoule_A000000212948,하이드롤라이즈드콜라겐,7,False
pi_ampoule_A000000212948,카르니틴,8,False
pi_ampoule_A000000212948,아데노신,9,False
pi_ampoule_A000000212948,메틸글루세스-20,10,False
pi_ampoule_A000000212948,부틸렌글라이콜,11,False
pi_ampoule_A000000212948,에틸헥실글리세린,12,False
pi_ampoule_A000000212948,팔미토일트라이펩타이드-5,13,False
pi_ampoule_A000000212948,잔탄검,14,False
pi_ampoule_A000000217422,정제수,1,False
pi_ampoule_A000000217422,부틸렌글라이콜,2,False
pi_ampoule_A000000217422,글리세린,3,True
pi_ampoule_A000000217422,글루타티온,4,False
pi_ampoule_A000000217422,"1,2-헥산다이올",5,True
pi_ampoule_A000000217422,나이아신아마이드,6,False
pi_ampoule_A000000217422,베타인,7,False
pi_ampoule_A000000217422,트라넥사믹애씨드,8,False
pi_ampoule_A000000217422,시스테인,9,False
pi_ampoule_A000000217422,글라이신,10,False
pi_ampoule_A000000217422,토코페롤,11,False
pi_ampoule_A000000217422,판테놀,12,False
pi_ampoule_A000000217422,카르니틴,13,False
pi_ampoule_A000000217422,에틸헥실글리세린,14,False
pi_ampoule_A000000217422,소듐시트레이트,15,False
pi_ampoule_A000000217422,시트릭애씨드,16,False
pi_ampoule_A000000217422,하이드로제네이티드레시틴,17,False
pi_ampoule_A000000217422,콜레스테롤,18,False
pi_ampoule_A000000217422,다이포타슘글리시리제이트,19,False
pi_ampoule_A000000217422,소듐코코일이세티오네이트,20,False
pi_ampoule_A000000217422,잔탄검,21,False
pi_ampoule_A000000189171,정제수,1,False
pi_ampoule_A000000189171,나이아신아마이드,2,False
pi_ampoule_A000000189171,아세틸글루코사민,3,False
pi_ampoule_A000000189171,아스코빌글루코사이드,4,False
pi_ampoule_A000000189171,부틸렌글라이콜,5,False
pi_ampoule_A000000189171,포스포리피드,6,False
pi_ampoule_A000000189171,소듐하이알루로네이트,7,False
pi_ampoule_A000000189171,알란토인,8,False
pi_ampoule_A000000189171,레드호그위드뿌리추출물,9,False
pi_ampoule_A000000189171,글리세린,10,True
pi_ampoule_A000000189171,다이포타슘글리시리제이트,11,False
pi_ampoule_A000000189171,스페인감초뿌리추출물,12,False
pi_ampoule_A000000189171,에피갈로카테킨갈레이트,13,False
pi_ampoule_A000000189171,베타-글루칸,14,False
pi_ampoule_A000000189171,판테놀,15,False
pi_ampoule_A000000189171,카르노신,16,False
pi_ampoule_A000000189171,제니스테인,17,False
pi_ampoule_A000000189171,시트릭애씨드,18,False
pi_ampoule_A000000189171,소듐시트레이트,19,False
pi_ampoule_A000000189171,소듐하이드록사이드,20,False
pi_ampoule_A000000189171,잔탄검,21,False
pi_ampoule_A000000189171,에틸헥실글리세린,22,False
pi_ampoule_A000000189171,폴리솔베이트20,23,False
pi_ampoule_A000000189171,트라이소듐에틸렌다이아민다이석시네이트,24,False
pi_ampoule_A000000189171,펜틸렌글라이콜,25,False
pi_ampoule_A000000189171,카프릴릴글라이콜,26,False
pi_ampoule_A000000189171,페녹시에탄올​[증정품]정제수,27,False
pi_ampoule_A000000189171,프로필렌글라이콜,28,False
pi_ampoule_A000000189171,살리실릭애씨드,32,False
pi_ampoule_A000000189171,흰버드나무껍질추출물,33,False
pi_ampoule_A000000189171,피이지/피피지-17/6코폴리머,34,False
pi_ampoule_A000000189171,비스-피이지-18메틸에터다이메틸실레인,36,False
pi_ampoule_A000000189171,소듐파이테이트,37,False
pi_ampoule_A000000189171,10-하이드록시데카노익애씨드,38,False
pi_ampoule_A000000189171,페녹시에탄올,42,False
pi_ampoule_A000000189171,클로페네신,43,False
pi_ampoule_A000000189171,"1,2-헥산다이올",45,True
pi_ampoule_A000000189171,비에이치티,47,False
pi_ampoule_A000000180410,정제수,1,False
pi_ampoule_A000000180410,부틸렌글라이콜,2,False
pi_ampoule_A000000180410,글리세린,3,True
pi_ampoule_A000000180410,프로판다이올,4,False
pi_ampoule_A000000180410,다이글리세린,5,False
pi_ampoule_A000000180410,베타-글루칸,6,False
pi_ampoule_A000000180410,"1,2-헥산다이올",7,True
pi_ampoule_A000000180410,나이아신아마이드,8,False
pi_ampoule_A000000180410,베타인,9,False
pi_ampoule_A000000180410,메틸글루세스-20,10,False
pi_ampoule_A000000180410,트레할로오스,11,False
pi_ampoule_A000000180410,옥틸도데칸올,12,False
pi_ampoule_A000000180410,아데노신,13,False
pi_ampoule_A000000180410,당개나리열매추출물,14,False
pi_ampoule_A000000180410,하이드로제네이티드레시틴,15,False
pi_ampoule_A000000180410,세라마이드엔피,16,False
pi_ampoule_A000000180410,알지닌,17,False
pi_ampoule_A000000180410,알란토인,18,False
pi_ampoule_A000000180410,유채스테롤,19,False
pi_ampoule_A000000180410,콜레스테롤,20,False
pi_ampoule_A000000180410,세라마이드엔지,21,False
pi_ampoule_A000000180410,세라마이드이오피,22,False
pi_ampoule_A000000180410,자일리틸글루코사이드,23,False
pi_ampoule_A000000180410,하이드록시에틸아크릴레이트/소듐아크릴로일다이메틸타우레이트코폴리머,24,False
pi_ampoule_A000000180410,안하이드로자일리톨,25,False
pi_ampoule_A000000180410,잔탄검,26,False
pi_ampoule_A000000180410,카보머,27,False
pi_ampoule_A000000180410,자일리톨,28,False
pi_ampoule_A000000180410,카프릴릴글라이콜,29,False
pi_ampoule_A000000180410,마카다미아씨오일,30,False
pi_ampoule_A000000180410,카프릴릭/카프릭트라이글리세라이드,31,False
pi_ampoule_A000000180410,피토스테릴/베헤닐/옥틸도데실라우로일글루타메이트,32,False
pi_ampoule_A000000180410,폴리글리세릴-10올리에이트,33,False
pi_ampoule_A000000180410,세틸포스페이트,34,False
pi_ampoule_A000000180410,다이소듐이디티에이,35,False
pi_ampoule_A000000198339,락토바실러스발효용해물,1,False
pi_ampoule_A000000198339,정제수,2,False
pi_ampoule_A000000198339,아이소펜틸다이올,3,False
pi_ampoule_A000000198339,글리세린,4,True
pi_ampoule_A000000198339,카프릴릭/카프릭트라이글리세라이드,5,False
pi_ampoule_A000000198339,폴리글리세린-3,6,False
pi_ampoule_A000000198339,"1,2-헥산다이올",7,True
pi_ampoule_A000000198339,세틸에틸헥사노에이트,8,False
pi_ampoule_A000000198339,락토바실러스발효물,9,False
pi_ampoule_A000000198339,프룩토올리고사카라이드,10,False
pi_ampoule_A000000198339,프룩탄,11,False
pi_ampoule_A000000198339,이눌린,12,False
pi_ampoule_A000000198339,판테놀,13,False
pi_ampoule_A000000198339,베타인,14,False
pi_ampoule_A000000198339,베타-글루칸,15,False
pi_ampoule_A000000198339,아데노신,16,False
pi_ampoule_A000000198339,사포닌,17,False
pi_ampoule_A000000198339,수용성프로테오글리칸,18,False
pi_ampoule_A000000198339,노나펩타이드-1,19,False
pi_ampoule_A000000198339,아세틸테트라펩타이드-9,20,False
pi_ampoule_A000000198339,아세틸테트라펩타이드-5,21,False
pi_ampoule_A000000198339,아세틸헥사펩타이드-1,22,False
pi_ampoule_A000000198339,아세틸헥사펩타이드-8,23,False
pi_ampoule_A000000198339,팔미토일트라이펩타이드-8,24,False
pi_ampoule_A000000198339,다이펩타이드다이아미노부티로일벤질아마이드다이아세테이트,25,False
pi_ampoule_A000000198339,카퍼트라이펩타이드-1,26,False
pi_ampoule_A000000198339,트라이펩타이드-1,27,False
pi_ampoule_A000000198339,팔미토일테트라펩타이드-7,28,False
pi_ampoule_A000000198339,팔미토일트라이펩타이드-1,29,False
pi_ampoule_A000000198339,팔미토일트라이펩타이드-5,30,False
pi_ampoule_A000000198339,팔미토일펜타펩타이드-4,31,False
pi_ampoule_A000000198339,팔미토일헥사펩타이드-12,32,False
pi_ampoule_A000000198339,펜타펩타이드-3,33,False
pi_ampoule_A000000198339,헥사펩타이드-9,34,False
pi_ampoule_A000000198339,올리고펩타이드-2,35,False
pi_ampoule_A000000198339,글리세릴시트레이트/락테이트/리놀리에이트/올리에이트,36,False
pi_ampoule_A000000198339,맥아추출물,37,False
pi_ampoule_A000000198339,참마뿌리추출물,38,False
pi_ampoule_A000000198339,오일팜오일,39,False
pi_ampoule_A000000198339,하이드록시에틸아크릴레이트/소듐아크릴로일다이메틸타우레이트코폴리머,40,False
pi_ampoule_A000000198339,폴리아크릴레이트크로스폴리머-6,41,False
pi_ampoule_A000000198339,말토덱스트린,42,False
pi_ampoule_A000000198339,에틸헥실글리세린,43,False
pi_ampoule_A000000198339,프로판다이올,44,False
pi_ampoule_A000000198339,글리세릴폴리메타크릴레이트,45,False
pi_ampoule_A000000198339,소듐폴리아크릴레이트,46,False
pi_ampoule_A000000198339,솔비탄아이소스테아레이트,47,False
pi_ampoule_A000000198339,알진,48,False
pi_ampoule_A000000198339,바이오사카라이드검-4,49,False
pi_ampoule_A000000198339,사이아노코발아민,50,False
pi_ampoule_A000000198339,세테아릴글루코사이드,51,False
pi_ampoule_A000000198339,세테아릴알코올,52,False
pi_ampoule_A000000198339,부틸렌글라이콜,53,False
pi_ampoule_A000000198339,소듐스테아로일글루타메이트,54,False
pi_ampoule_A000000198339,토코페롤,55,False
pi_ampoule_A000000198339,잔탄검,56,False
pi_ampoule_A000000198339,하이드롤라이즈드옥수수전분,57,False
pi_ampoule_A000000198339,수크로오스,58,False
pi_ampoule_A000000198339,소듐포스페이트,59,False
pi_ampoule_A000000198339,카프릴릴글라이콜,60,False
pi_ampoule_A000000198339,미네랄솔트,61,False
pi_ampoule_A000000198339,덱스트란,62,False
pi_ampoule_A000000198339,다이소듐포스페이트,63,False
pi_ampoule_A000000198339,향료,64,False
pi_ampoule_A000000219108,코코넛워터,1,False
pi_ampoule_A000000219108,부틸렌글라이콜,2,False
pi_ampoule_A000000219108,다이프로필렌글라이콜,3,False
pi_ampoule_A000000219108,글리세린,4,True
pi_ampoule_A000000219108,"1,2-헥산다이올",5,True
pi_ampoule_A000000219108,정제수,6,False
pi_ampoule_A000000219108,베타인,7,False
pi_ampoule_A000000219108,카보머,8,False
pi_ampoule_A000000219108,알지닌,9,False
pi_ampoule_A000000219108,암모늄아크릴로일다이메틸타우레이트/브이피코폴리머,10,False
pi_ampoule_A000000219108,잔탄검,11,False
pi_ampoule_A000000219108,에틸헥실글리세린,12,False
pi_ampoule_A000000219108,드럼스틱씨추출물,13,False
pi_ampoule_A000000219108,다이소듐이디티에이,14,False
pi_ampoule_A000000219108,다이포타슘글리시리제이트,15,False
pi_ampoule_A000000219108,풀루란,16,False
pi_ampoule_A000000219108,프룩토올리고사카라이드,17,False
pi_ampoule_A000000219108,소듐하이알루로네이트,18,False
pi_ampoule_A000000219108,베타-글루칸,19,False
pi_ampoule_A000000219108,말토덱스트린,20,False
pi_ampoule_A000000219108,하이드롤라이즈드소듐하이알루로네이트,21,False
pi_ampoule_A000000219108,매스틱검,22,False
pi_ampoule_A000000219108,글리세릴글루코사이드,23,False
pi_ampoule_A000000219108,글라이신,24,False
pi_ampoule_A000000219108,글루타믹애씨드,25,False
pi_ampoule_A000000219108,류신,26,False
pi_ampoule_A000000219108,메티오닌,27,False
pi_ampoule_A000000219108,발린,28,False
pi_ampoule_A000000219108,세린,29,False
pi_ampoule_A000000219108,아스파틱애씨드,30,False
pi_ampoule_A000000219108,아이소류신,31,False
pi_ampoule_A000000219108,알라닌,32,False
pi_ampoule_A000000219108,오르니틴,33,False
pi_ampoule_A000000219108,타우린,34,False
pi_ampoule_A000000219108,페닐알라닌,35,False
pi_ampoule_A000000219108,프롤린,36,False
pi_ampoule_A000000219108,히스티딘,37,False
pi_ampoule_A000000219108,병풀추출물,38,False
pi_ampoule_A000000219108,하이드로제네이티드레시틴,39,False
pi_ampoule_A000000219108,소듐하이알루로네이트크로스폴리머,40,False
pi_ampoule_A000000219108,포타슘하이알루로네이트,41,False
pi_ampoule_A000000219108,하이드록시프로필트라이모늄하이알루로네이트,42,False
pi_ampoule_A000000219108,하이드롤라이즈드하이알루로닉애씨드,43,False
pi_ampoule_A000000219108,하이알루로닉애씨드,44,False
pi_ampoule_A000000219108,락토바실러스발효물,45,False
pi_ampoule_A000000219108,마데카식애씨드,46,False
pi_ampoule_A000000219108,아시아티코사이드,47,False
pi_ampoule_A000000219108,아시아틱애씨드,48,False
pi_ampoule_A000000219108,카프릴릭/카프릭트라이글리세라이드,49,False
pi_ampoule_A000000219108,펜틸렌글라이콜,50,False
pi_ampoule_A000000219108,소듐아세틸레이티드하이알루로네이트,51,False
pi_ampoule_A000000197362,정제수,1,False
pi_ampoule_A000000197362,부틸렌글라이콜,2,False
pi_ampoule_A000000197362,글리세린,3,True
pi_ampoule_A000000197362,펜틸렌글라이콜,4,False
pi_ampoule_A000000197362,메틸프로판다이올,5,False
pi_ampoule_A000000197362,"1,2-헥산다이올",6,True
pi_ampoule_A000000197362,자작나무수액,7,False
pi_ampoule_A000000197362,자일리틸글루코사이드,8,False
pi_ampoule_A000000197362,클로렐라불가리스추출물,9,False
pi_ampoule_A000000197362,자일리톨,10,False
pi_ampoule_A000000197362,락토바실러스발효물,11,False
pi_ampoule_A000000197362,울금뿌리추출물,12,False
pi_ampoule_A000000197362,하이드롤라이즈드하이알루로닉애씨드,13,False
pi_ampoule_A000000197362,하이알루로닉애씨드,14,False
pi_ampoule_A000000197362,소듐하이알루로네이트,15,False
pi_ampoule_A000000197362,안하이드로자일리톨,16,False
pi_ampoule_A000000197362,글루코오스,17,False
pi_ampoule_A000000197362,프룩토올리고사카라이드,18,False
pi_ampoule_A000000197362,프룩토오스,19,False
pi_ampoule_A000000197362,암모늄아크릴로일다이메틸타우레이트/브이피코폴리머,20,False
pi_ampoule_A000000197362,에틸헥실글리세린,21,False
pi_ampoule_A000000197362,다이포타슘글리시리제이트,22,False
pi_ampoule_A000000197362,덱스트린,23,False
pi_ampoule_A000000197362,베타-글루칸,24,False
pi_ampoule_A000000197362,글리세릴글루코사이드,25,False
pi_ampoule_A000000197362,토코페롤,26,False
pi_ampoule_A000000197362,다이프로필렌글라이콜,27,False
pi_ampoule_A000000197362,다이메틸실란올하이알루로네이트,28,False
pi_ampoule_A000000197362,하이드롤라이즈드소듐하이알루로네이트,29,False
pi_ampoule_A000000197362,포타슘하이알루로네이트,30,False
pi_ampoule_A000000197362,하이드록시프로필트라이모늄하이알루로네이트,31,False
pi_ampoule_A000000197362,소듐하이알루로네이트크로스폴리머,32,False
pi_ampoule_A000000197362,소듐하이알루로네이트다이메틸실란올,33,False
pi_ampoule_A000000197362,소듐아세틸레이티드하이알루로네이트,34,False
pi_ampoule_A000000197362,카프릴릴/카프릴글루코사이드,35,False
pi_ampoule_A000000197362,하이드로제네이티드레시틴,36,False
pi_ampoule_A000000197362,세라마이드엔피,37,False
pi_ampoule_A000000197362,잔탄검,38,False
pi_ampoule_A000000197362,치자추출물[구성품:자작나무수분크림]정제수,39,False
pi_ampoule_A000000197362,아이소노닐아이소노나노에이트,41,False
pi_ampoule_A000000197362,아이소도데케인,42,False
pi_ampoule_A000000197362,폴리데센,45,False
pi_ampoule_A000000197362,호호바에스터,47,False
pi_ampoule_A000000197362,판테놀,48,False
pi_ampoule_A000000197362,아라비아고무나무검,50,False
pi_ampoule_A000000197362,하이드롤라이즈드오크라추출물,51,False
pi_ampoule_A000000197362,화이트루핀씨추출물,54,False
pi_ampoule_A000000197362,드럼스틱씨추출물,55,False
pi_ampoule_A000000197362,인도멀구슬나무잎추출물,56,False
pi_ampoule_A000000197362,인도멀구슬나무꽃추출물,57,False
pi_ampoule_A000000197362,아이비고드열매추출물,58,False
pi_ampoule_A000000197362,알로에베라꽃추출물,59,False
pi_ampoule_A000000197362,가지열매추출물,60,False
pi_ampoule_A000000197362,홀리바질잎추출물,61,False
pi_ampoule_A000000197362,참산호말추출물,62,False
pi_ampoule_A000000197362,아스코빅애씨드,64,False
pi_ampoule_A000000197362,펜타에리스리틸테트라에틸헥사노에이트,65,False
pi_ampoule_A000000197362,폴리글리세릴-3메틸글루코오스다이스테아레이트,67,False
pi_ampoule_A000000197362,아크릴레이트/C10-30알킬아크릴레이트크로스폴리머,68,False
pi_ampoule_A000000197362,트로메타민,69,False
pi_ampoule_A000000197362,글리세릴아크릴레이트/아크릴릭애씨드코폴리머,70,False
pi_ampoule_A000000197362,아가,72,False
pi_ampoule_A000000197362,글리세릴카프릴레이트,74,False
pi_ampoule_A000000197362,다이소듐이디티에이,76,False
pi_ampoule_A000000216520,정제수,1,False
pi_ampoule_A000000216520,피이지-6,2,False
pi_ampoule_A000000216520,글리세린,3,True
pi_ampoule_A000000216520,서양산딸기잎추출물,4,False
pi_ampoule_A000000216520,소듐하이알루로네이트,5,False
pi_ampoule_A000000216520,다이프로필렌글라이콜,6,False
pi_ampoule_A000000216520,부틸렌글라이콜,7,False
pi_ampoule_A000000216520,나이아신아마이드,8,False
pi_ampoule_A000000216520,"1,2-헥산다이올",9,True
pi_ampoule_A000000216520,제로틴/하이드롤라이즈드디엔에이,10,False
pi_ampoule_A000000216520,로우스위트베리추출물,11,False
pi_ampoule_A000000216520,알로에베라잎즙,12,False
pi_ampoule_A000000216520,카보머,13,False
pi_ampoule_A000000216520,포트마리골드꽃추출물,14,False
pi_ampoule_A000000216520,검은뽕나무열매추출물,15,False
pi_ampoule_A000000216520,스페인감초뿌리추출물,16,False
pi_ampoule_A000000216520,스쿠알란,17,False
pi_ampoule_A000000216520,하이드롤라이즈드디엔에이,18,False
pi_ampoule_A000000216520,잔탄검,19,False
pi_ampoule_A000000216520,하이드로제네이티드레시틴,20,False
pi_ampoule_A000000216520,카프릴릴글라이콜,21,False
pi_ampoule_A000000216520,에틸헥실글리세린,22,False
pi_ampoule_A000000216520,폴리솔베이트20,23,False
pi_ampoule_A000000216520,헥실렌글라이콜,24,False
pi_ampoule_A000000216520,세라마이드엔피,25,False
pi_ampoule_A000000216520,아데노신,26,False
pi_ampoule_A000000216520,우레아,27,False
pi_ampoule_A000000216520,트레할로오스,28,False
pi_ampoule_A000000216520,펜틸렌글라이콜,29,False
pi_ampoule_A000000216520,알부틴,30,False
pi_ampoule_A000000216520,토코페릴아세테이트,31,False
pi_ampoule_A000000216520,비사보롤,32,False
pi_ampoule_A000000216520,콜레스테롤,33,False
pi_ampoule_A000000216520,세린,34,False
pi_ampoule_A000000216520,이눌린라우릴카바메이트,35,False
pi_ampoule_A000000216520,알진,36,False
pi_ampoule_A000000216520,다이소듐포스페이트,37,False
pi_ampoule_A000000216520,글리세릴폴리아크릴레이트,38,False
pi_ampoule_A000000216520,풀루란,39,False
pi_ampoule_A000000216520,포타슘포스페이트,40,False
pi_ampoule_A000000256153,본품:정제수,1,False
pi_ampoule_A000000256153,부틸렌글라이콜,2,False
pi_ampoule_A000000256153,프로판다이올,3,False
pi_ampoule_A000000256153,다이프로필렌글라이콜,4,False
pi_ampoule_A000000256153,글리세린,5,True
pi_ampoule_A000000256153,글리세레스-26,6,False
pi_ampoule_A000000256153,"1,2-헥산다이올",7,True
pi_ampoule_A000000256153,판테놀,8,False
pi_ampoule_A000000256153,카보머,9,False
pi_ampoule_A000000256153,트로메타민,10,False
pi_ampoule_A000000256153,알란토인,11,False
pi_ampoule_A000000256153,폴리글리세릴-10라우레이트,12,False
pi_ampoule_A000000256153,병풀잎추출물,13,False
pi_ampoule_A000000256153,소듐하이알루로네이트,14,False
pi_ampoule_A000000256153,에틸헥실글리세린,15,False
pi_ampoule_A000000256153,아데노신,16,False
pi_ampoule_A000000256153,병풀추출물,17,False
pi_ampoule_A000000256153,다이소듐이디티에이,18,False
pi_ampoule_A000000256153,다이포타슘글리시리제이트,19,False
pi_ampoule_A000000256153,베타인,20,False
pi_ampoule_A000000256153,하이드롤라이즈드하이알루로닉애씨드,21,False
pi_ampoule_A000000256153,소듐하이알루로네이트크로스폴리머,22,False
pi_ampoule_A000000256153,포타슘하이알루로네이트,23,False
pi_ampoule_A000000256153,하이드록시프로필트라이모늄하이알루로네이트,24,False
pi_ampoule_A000000256153,하이드롤라이즈드소듐하이알루로네이트,25,False
pi_ampoule_A000000256153,하이알루로닉애씨드,26,False
pi_ampoule_A000000256153,구아바잎추출물,27,False
pi_ampoule_A000000256153,마데카소사이드,28,False
pi_ampoule_A000000256153,제주조릿대추출물,29,False
pi_ampoule_A000000256153,폴리글루타믹애씨드,30,False
pi_ampoule_A000000256153,아시아티코사이드,31,False
pi_ampoule_A000000256153,마데카식애씨드,32,False
pi_ampoule_A000000256153,보검선인장줄기추출물,33,False
pi_ampoule_A000000256153,아시아틱애씨드,34,False
pi_ampoule_A000000256153,펜틸렌글라이콜,35,False
pi_ampoule_A000000256153,스쿠알란,36,False
pi_ampoule_A000000256153,소듐아세틸레이티드하이알루로네이트,37,False
pi_ampoule_A000000256153,서양민들레꽃/잎/줄기추출물,38,False
pi_ampoule_A000000256153,카프릴릭/카프릭트라이글리세라이드,39,False
pi_ampoule_A000000256153,세라마이드엔피,40,False
pi_ampoule_A000000256153,하이드로제네이티드레시틴패드:정제수,41,False
pi_ampoule_A000000256153,메틸프로판다이올,44,False
pi_ampoule_A000000256153,트레할로오스,46,False
pi_ampoule_A000000256153,소듐시트레이트,48,False
pi_ampoule_A000000256153,시트릭애씨드,52,False
pi_ampoule_A000000256153,소듐파이테이트,54,False
pi_ampoule_A000000256153,잔탄검,55,False
pi_ampoule_A000000256153,하이드롤라이즈드식물성단백질,56,False
pi_ampoule_A000000256153,녹차카테킨,57,False
pi_ampoule_A000000256153,약모밀추출물,59,False
pi_ampoule_A000000256153,다마스크장미꽃추출물,60,False
pi_ampoule_A000000256153,멕시칸치아씨추출물,61,False
pi_ampoule_A000000256153,편백수,62,False
pi_ampoule_A000000256153,카프릴릴글라이콜,64,False
pi_ampoule_A000000256153,글루코노락톤,65,False
pi_ampoule_A000000256153,카페인,66,False
pi_ampoule_A000000256153,소듐디엔에이,75,False
pi_ampoule_A000000258824,정제수,1,False
pi_ampoule_A000000258824,부틸렌글라이콜,2,False
pi_ampoule_A000000258824,글리세린,3,True
pi_ampoule_A000000258824,나이아신아마이드,4,False
pi_ampoule_A000000258824,프로판다이올,5,False
pi_ampoule_A000000258824,"1,2-헥산다이올",6,True
pi_ampoule_A000000258824,팔미토일트라이펩타이드-5,7,False
pi_ampoule_A000000258824,헥사펩타이드-9,8,False
pi_ampoule_A000000258824,올리고펩타이드-1,9,False
pi_ampoule_A000000258824,에스알-(올리고펩타이드-91클로스트리듐보툴리눔폴리펩타이드-1),10,False
pi_ampoule_A000000258824,소듐하이알루로네이트,11,False
pi_ampoule_A000000258824,소듐디엔에이,12,False
pi_ampoule_A000000258824,말라카이트추출물,13,False
pi_ampoule_A000000258824,스키조사카로미세스발효여과물,14,False
pi_ampoule_A000000258824,아크릴레이트/C10-30알킬아크릴레이트크로스폴리머,15,False
pi_ampoule_A000000258824,트로메타민,16,False
pi_ampoule_A000000258824,폴리아크릴레이트크로스폴리머-6,17,False
pi_ampoule_A000000258824,에리스리톨,18,False
pi_ampoule_A000000258824,카프릴릭/카프릭트라이글리세라이드,19,False
pi_ampoule_A000000258824,에틸헥실글리세린,20,False
pi_ampoule_A000000258824,아데노신,21,False
pi_ampoule_A000000258824,글리세릴폴리아크릴레이트,22,False
pi_ampoule_A000000258824,하이드로제네이티드레시틴,23,False
pi_ampoule_A000000258824,소듐파이테이트,24,False
pi_ampoule_A000000258824,세라마이드엔피,25,False
pi_ampoule_A000000258824,베타-글루칸,26,False
pi_ampoule_A000000258824,다발방패버섯추출물,27,False
pi_ampoule_A000000258824,토코페롤,28,False
pi_ampoule_A000000258824,레시틴,29,False
pi_ampoule_A000000258824,폴리솔베이트20,30,False
pi_ampoule_A000000258824,소듐아스코빌포스페이트,31,False
pi_ampoule_A000000258824,글라이신,32,False
pi_ampoule_A000000258824,알지닌,33,False
pi_ampoule_A000000258824,글루타믹애씨드,34,False
pi_ampoule_A000000258824,다이소듐이디티에이,35,False
pi_ampoule_A000000258824,아이리쉬모스가루,36,False
pi_ampoule_A000000258824,울트라마린,37,False
pi_ampoule_A000000258824,티타늄디옥사이드,38,False
pi_ampoule_A000000258824,흑색산화철,39,False
pi_ampoule_A000000258824,아가,40,False
pi_ampoule_A000000210343,정제수,1,False
pi_ampoule_A000000210343,비타민나무수,2,False
pi_ampoule_A000000210343,부틸렌글라이콜,3,False
pi_ampoule_A000000210343,나이아신아마이드,4,False
pi_ampoule_A000000210343,프로판다이올,5,False
pi_ampoule_A000000210343,글리세린,6,True
pi_ampoule_A000000210343,"1,2-헥산다이올",7,True
pi_ampoule_A000000210343,다이프로필렌글라이콜,8,False
pi_ampoule_A000000210343,에톡시다이글라이콜,9,False
pi_ampoule_A000000210343,메틸프로판다이올,10,False
pi_ampoule_A000000210343,소듐폴리아크릴로일다이메틸타우레이트,11,False
pi_ampoule_A000000210343,펜틸렌글라이콜,12,False
pi_ampoule_A000000210343,카보머,13,False
pi_ampoule_A000000210343,3-O-에틸아스코빅애씨드,14,False
pi_ampoule_A000000210343,에리스리톨,15,False
pi_ampoule_A000000210343,알부틴,16,False
pi_ampoule_A000000210343,트로메타민,17,False
pi_ampoule_A000000210343,에틸헥실글리세린,18,False
pi_ampoule_A000000210343,페룰릭애씨드,19,False
pi_ampoule_A000000210343,판테놀,20,False
pi_ampoule_A000000210343,글리세릴아크릴레이트/아크릴릭애씨드코폴리머,21,False
pi_ampoule_A000000210343,아데노신,22,False
pi_ampoule_A000000210343,시트릭애씨드,23,False
pi_ampoule_A000000210343,다이포타슘글리시리제이트,24,False
pi_ampoule_A000000210343,인도멀구슬나무꽃추출물,25,False
pi_ampoule_A000000210343,홀리바질잎추출물,26,False
pi_ampoule_A000000210343,인도멀구슬나무잎추출물,27,False
pi_ampoule_A000000210343,소듐하이알루로네이트,28,False
pi_ampoule_A000000210343,소듐파이테이트,29,False
pi_ampoule_A000000210343,울금뿌리추출물,30,False
pi_ampoule_A000000210343,참산호말추출물,31,False
pi_ampoule_A000000210343,베타-글루칸,32,False
pi_ampoule_A000000210343,비타민나무열매추출물,33,False
pi_ampoule_A000000210343,녹차추출물,34,False
pi_ampoule_A000000210343,폴스애플민트잎추출물,35,False
pi_ampoule_A000000210343,타임잎추출물,36,False
pi_ampoule_A000000210343,토코페롤,37,False
pi_ampoule_A000000210343,보리지씨오일,38,False
pi_ampoule_A000000210343,알지닌,39,False
pi_ampoule_A000000210343,덱스트린,40,False
pi_ampoule_A000000210343,레시틴,41,False
pi_ampoule_A000000210343,4-부틸레조시놀,42,False
pi_ampoule_A000000210343,리놀레닉애씨드,43,False
pi_ampoule_A000000210343,아스코빅애씨드,44,False
pi_ampoule_A000000210343,바이오틴,45,False
pi_ampoule_A000000210343,사이아노코발아민,46,False
pi_ampoule_A000000210343,폴릭애씨드,47,False
pi_ampoule_A000000210343,판토테닉애씨드,48,False
pi_ampoule_A000000210343,피리독신,49,False
pi_ampoule_A000000210343,티아민에이치씨엘,50,False
pi_ampoule_A000000245091,정제수,1,False
pi_ampoule_A000000245091,부틸렌글라이콜,2,False
pi_ampoule_A000000245091,글리세린,3,True
pi_ampoule_A000000245091,나이아신아마이드,4,False
pi_ampoule_A000000245091,"1,2-헥산다이올",5,True
pi_ampoule_A000000245091,베타인,6,False
pi_ampoule_A000000245091,판테놀,7,False
pi_ampoule_A000000245091,카보머,8,False
pi_ampoule_A000000245091,에틸헥실글리세린,9,False
pi_ampoule_A000000245091,소듐하이알루로네이트,10,False
pi_ampoule_A000000245091,3-O-에틸아스코빅애씨드,11,False
pi_ampoule_A000000245091,셀룰로오스검,12,False
pi_ampoule_A000000245091,트로메타민,13,False
pi_ampoule_A000000245091,소듐트라이메타포스페이트,14,False
pi_ampoule_A000000245091,다이포타슘글리시리제이트,15,False
pi_ampoule_A000000245091,프로판다이올,16,False
pi_ampoule_A000000245091,아데노신,17,False
pi_ampoule_A000000245091,하이드록시프로필비스팔미타마이드엠이에이,18,False
pi_ampoule_A000000245091,소듐메타포스페이트,19,False
pi_ampoule_A000000245091,글리세릴카프릴레이트,20,False
pi_ampoule_A000000245091,포타슘하이드록사이드,21,False
pi_ampoule_A000000245091,소듐락테이트,22,False
pi_ampoule_A000000245091,바이오사카라이드검-1,23,False
pi_ampoule_A000000245091,카프릴릭/카프릭트라이글리세라이드,24,False
pi_ampoule_A000000245091,펜틸렌글라이콜,25,False
pi_ampoule_A000000245091,시트릭애씨드,26,False
pi_ampoule_A000000245091,하이드록시에틸우레아,27,False
pi_ampoule_A000000245091,폴리글리세릴-10스테아레이트,28,False
pi_ampoule_A000000245091,콜레스테롤,29,False
pi_ampoule_A000000245091,프로필렌글라이콜,30,False
pi_ampoule_A000000245091,포타슘세틸포스페이트,31,False
pi_ampoule_A000000245091,토코페롤,32,False
pi_ampoule_A000000245091,세라마이드엔피,33,False
pi_ampoule_A000000245091,만니톨,34,False
pi_ampoule_A000000245091,스테아릭애씨드,35,False
pi_ampoule_A000000245091,실리카,36,False
pi_ampoule_A000000245091,아크릴레이트/암모늄메타크릴레이트코폴리머,37,False
pi_ampoule_A000000245091,하이드로제네이티드레시틴,38,False
pi_ampoule_A000000245091,팔미틱애씨드,39,False
pi_ampoule_A000000245091,올레익애씨드,40,False
pi_ampoule_A000000245091,아라키딕애씨드,41,False
pi_ampoule_A000000245091,스핑고리피드,42,False
pi_ampoule_A000000223335,온천수,1,False
pi_ampoule_A000000223335,글리세린,2,True
pi_ampoule_A000000223335,펜틸렌글라이콜,3,False
pi_ampoule_A000000223335,프로판다이올,4,False
pi_ampoule_A000000223335,"1,2-헥산다이올",5,True
pi_ampoule_A000000223335,판테놀,6,False
pi_ampoule_A000000223335,4-t-부틸사이클로헥산올,7,False
pi_ampoule_A000000223335,옥틸도데칸올,8,False
pi_ampoule_A000000223335,판토락톤,9,False
pi_ampoule_A000000223335,베타인,10,False
pi_ampoule_A000000223335,시트릭애씨드,11,False
pi_ampoule_A000000223335,하이드록시에틸아크릴레이트/소듐아크릴로일다이메틸타우레이트코폴리머,12,False
pi_ampoule_A000000223335,폴리솔베이트60,13,False
pi_ampoule_A000000223335,소듐시트레이트,14,False
pi_ampoule_A000000223335,솔비탄아이소스테아레이트,15,False
pi_ampoule_A000000223335,정제수,16,False
pi_ampoule_A000000223335,잔탄검,17,False
pi_ampoule_A000000250593,정제수,1,False
pi_ampoule_A000000250593,글리세린,2,True
pi_ampoule_A000000250593,다이프로필렌글라이콜,3,False
pi_ampoule_A000000250593,글리세레스-26,4,False
pi_ampoule_A000000250593,프로판다이올,5,False
pi_ampoule_A000000250593,빙하수,6,False
pi_ampoule_A000000250593,"2,3-부탄다이올",7,False
pi_ampoule_A000000250593,"1,2-헥산다이올",8,True
pi_ampoule_A000000250593,나이아신아마이드,9,False
pi_ampoule_A000000250593,카프릴릭/카프릭트라이글리세라이드,10,False
pi_ampoule_A000000250593,메틸글루세스-20,11,False
pi_ampoule_A000000250593,옥틸도데세스-16,12,False
pi_ampoule_A000000250593,다이페닐다이메티콘,13,False
pi_ampoule_A000000250593,부틸렌글라이콜,14,False
pi_ampoule_A000000250593,트라이에틸헥사노인,15,False
pi_ampoule_A000000250593,메틸프로판다이올,16,False
pi_ampoule_A000000250593,카보머,17,False
pi_ampoule_A000000250593,트로메타민,18,False
pi_ampoule_A000000250593,하이드로제네이티드레시틴,19,False
pi_ampoule_A000000250593,암모늄아크릴로일다이메틸타우레이트/브이피코폴리머,20,False
pi_ampoule_A000000250593,메틸다이아이소프로필프로피온아마이드,21,False
pi_ampoule_A000000250593,에틸헥실글리세린,22,False
pi_ampoule_A000000250593,폴리글리세릴-10올리에이트,23,False
pi_ampoule_A000000250593,하이드록시아세토페논,24,False
pi_ampoule_A000000250593,실버위드추출물,25,False
pi_ampoule_A000000250593,아데노신,26,False
pi_ampoule_A000000250593,폴리쿼터늄-51,27,False
pi_ampoule_A000000250593,귀리커넬추출물,28,False
pi_ampoule_A000000250593,아티초크잎추출물,29,False
pi_ampoule_A000000250593,베타-글루칸,30,False
pi_ampoule_A000000250593,글리세릴폴리메타크릴레이트,31,False
pi_ampoule_A000000250593,다이소듐이디티에이,32,False
pi_ampoule_A000000250593,녹차수,33,False
pi_ampoule_A000000250593,병풀추출물,34,False
pi_ampoule_A000000250593,무화과추출물,35,False
pi_ampoule_A000000250593,글리세릴카프릴레이트,36,False
pi_ampoule_A000000250593,스키조사카로미세스발효여과물,37,False
pi_ampoule_A000000250593,매듭풀추출물,38,False
pi_ampoule_A000000250593,말토덱스트린,39,False
pi_ampoule_A000000250593,세라마이드엔피,40,False
pi_ampoule_A000000250593,레드신코나나무껍질추출물,41,False
pi_ampoule_A000000250593,하이드롤라이즈드치자추출물,42,False
pi_ampoule_A000000250593,구기자추출물,43,False
pi_ampoule_A000000250593,육두구커넬추출물,44,False
pi_ampoule_A000000250593,마누카잎추출물,45,False
pi_ampoule_A000000250593,다발방패버섯추출물,46,False
pi_ampoule_A000000250593,소듐하이알루로네이트크로스폴리머,47,False
pi_ampoule_A000000250593,카프릴릴글라이콜,48,False
pi_ampoule_A000000250593,카페인,49,False
pi_ampoule_A000000250593,아세틸헥사펩타이드-8,50,False
pi_ampoule_A000000250593,카퍼트라이펩타이드-1,51,False
pi_ampoule_A000000250593,트라이펩타이드-1,52,False
pi_ampoule_A000000250593,팔미토일펜타펩타이드-4,53,False
pi_ampoule_A000000250593,헥사펩타이드-9,54,False
pi_ampoule_A000000250593,수크로오스다이스테아레이트,55,False
pi_ampoule_A000000250593,하이드록시프로필사이클로덱스트린,56,False
pi_ampoule_A000000161581,정제수,1,False
pi_ampoule_A000000161581,글리세린,2,True
pi_ampoule_A000000161581,부틸렌글라이콜,3,False
pi_ampoule_A000000161581,병풀추출물,4,False
pi_ampoule_A000000161581,"1,2-헥산다이올",5,True
pi_ampoule_A000000161581,셀룰로오스검,6,False
pi_ampoule_A000000161581,에틸헥실글리세린,7,False
pi_mist_A000000255680,콜라겐수,1,False
pi_mist_A000000255680,아이소프로필미리스테이트,2,False
pi_mist_A000000255680,글리세린,3,False
pi_mist_A000000255680,나이아신아마이드,4,False
pi_mist_A000000255680,"1,2-헥산다이올",5,False
pi_mist_A000000255680,정제수,6,False
pi_mist_A000000255680,소듐클로라이드,7,False
pi_mist_A000000255680,메도우폼씨오일,8,False
pi_mist_A000000255680,부틸렌글라이콜,9,False
pi_mist_A000000255680,하이드록시아세토페논,10,False
pi_mist_A000000255680,프로판다이올,11,False
pi_mist_A000000255680,젤란검,12,False
pi_mist_A000000255680,소듐디엔에이,13,False
pi_mist_A000000255680,해바라기씨오일,14,False
pi_mist_A000000255680,에틸헥실글리세린,15,False
pi_mist_A000000255680,아데노신,16,False
pi_mist_A000000255680,트라이에틸시트레이트,17,False
pi_mist_A000000255680,옥수수커넬추출물,18,False
pi_mist_A000000255680,알칸나뿌리추출물,19,False
pi_mist_A000000255680,다이소듐이디티에이,20,False
pi_mist_A000000255680,토코페롤,21,False
pi_mist_A000000255680,하이알루로닉애씨드,22,False
pi_mist_A000000255680,하이드롤라이즈드하이알루로닉애씨드,23,False
pi_mist_A000000255680,소듐하이알루로네이트,24,False
pi_mist_A000000255680,콜라겐,25,False
pi_mist_A000000255680,프룩탄,26,False
pi_mist_A000000255680,만주자작나무껍질/잎추출물,27,False
pi_mist_A000000255680,피마자씨오일,28,False
pi_mist_A000000255680,글루코오스,29,False
pi_mist_A000000255680,레몬그라스잎오일,30,False
pi_mist_A000000255680,스타아니스열매/씨오일,31,False
pi_mist_A000000255680,스쿠알란,32,False
pi_mist_A000000255680,글루타티온,33,False
pi_mist_A000000255680,하이드롤라이즈드엘라스틴,34,False
pi_mist_A000000255680,연어알추출물,35,False
pi_mist_A000000255680,말토덱스트린,36,False
pi_mist_A000000255680,카프릴릭/카프릭트라이글리세라이드,37,False
pi_mist_A000000255680,하이드로제네이티드레시틴,38,False
pi_mist_A000000255680,세라마이드엔피,39,False
pi_mist_A000000255680,소듐시트레이트,40,False
pi_mist_A000000255680,카프릴릴글라이콜,41,False
pi_mist_A000000255680,소듐포스페이트,42,False
pi_mist_A000000255680,시트릭애씨드,43,False
pi_mist_A000000255680,진주추출물,44,False
pi_mist_A000000255680,사이아노코발아민,45,False
pi_mist_A000000255680,에스에이치-올리고펩타이드-1,46,False
pi_mist_A000000259555,정제수,1,False
pi_mist_A000000259555,부틸렌글라이콜,2,False
pi_mist_A000000259555,글리세레스-26,3,False
pi_mist_A000000259555,에톡시다이글라이콜,4,False
pi_mist_A000000259555,나이아신아마이드,5,False
pi_mist_A000000259555,폴리프로필실세스퀴옥세인,6,False
pi_mist_A000000259555,해바라기씨오일,7,False
pi_mist_A000000259555,흰서양송로수,8,False
pi_mist_A000000259555,다이프로필렌글라이콜,9,False
pi_mist_A000000259555,"1,2-헥산다이올",10,False
pi_mist_A000000259555,솔비톨,11,False
pi_mist_A000000259555,하이드록시에틸우레아,12,False
pi_mist_A000000259555,아보카도오일,13,False
pi_mist_A000000259555,바질꽃/잎/줄기추출물,14,False
pi_mist_A000000259555,멕시칸치아씨추출물,15,False
pi_mist_A000000259555,다이펩타이드-15,16,False
pi_mist_A000000259555,흰서양송로추출물,17,False
pi_mist_A000000259555,베타인,18,False
pi_mist_A000000259555,귀리커넬추출물,19,False
pi_mist_A000000259555,다이소듐이디티에이,20,False
pi_mist_A000000259555,아데노신,21,False
pi_mist_A000000259555,돌콩오일,22,False
pi_mist_A000000259555,알지닌,23,False
pi_mist_A000000259555,카보머,24,False
pi_mist_A000000259555,다이포타슘글리시리제이트,25,False
pi_mist_A000000259555,하이드롤라이즈드하이알루로닉애씨드,26,False
pi_mist_A000000259555,아나토씨오일,27,False
pi_mist_A000000259555,글리세린,28,False
pi_mist_A000000259555,소듐팔미토일프롤린,29,False
pi_mist_A000000259555,데이지꽃추출물,30,False
pi_mist_A000000259555,프리지아추출물,31,False
pi_mist_A000000259555,약모밀추출물,32,False
pi_mist_A000000259555,에델바이스추출물,33,False
pi_mist_A000000259555,마돈나백합꽃추출물,34,False
pi_mist_A000000259555,뽕나무껍질추출물,35,False
pi_mist_A000000259555,연꽃추출물,36,False
pi_mist_A000000259555,인삼추출물,37,False
pi_mist_A000000259555,스노우로투스추출물,38,False
pi_mist_A000000259555,비피다발효용해물,39,False
pi_mist_A000000259555,포타슘솔베이트,40,False
pi_mist_A000000259555,알바수련꽃추출물,41,False
pi_mist_A000000259555,하이드록시아세토페논,42,False
pi_mist_A000000259555,카프릴릴글라이콜,43,False
pi_mist_A000000259555,토코페릴아세테이트,44,False
pi_mist_A000000259555,토코페롤,45,False
pi_mist_A000000259555,향료,46,False
pi_mist_A000000259555,리날룰,47,False
pi_mist_A000000259555,헥실신남알,48,False
pi_mist_A000000259555,리모넨,49,False
pi_mist_A000000259555,시트로넬올,50,False
pi_mist_A000000189004,정제수,1,False
pi_mist_A000000189004,글리세린,2,False
pi_mist_A000000189004,트라이에틸헥사노인,3,False
pi_mist_A000000189004,하이드로제네이티드폴리(C6-14올레핀),4,False
pi_mist_A000000189004,부틸렌글라이콜,5,False
pi_mist_A000000189004,펜틸렌글라이콜,6,False
pi_mist_A000000189004,메틸프로판다이올,7,False
pi_mist_A000000189004,판테놀,8,False
pi_mist_A000000189004,병풀추출물,9,False
pi_mist_A000000189004,베타-시토스테롤,10,False
pi_mist_A000000189004,병풀잎추출물,11,False
pi_mist_A000000189004,아세틸헥사펩타이드-8,12,False
pi_mist_A000000189004,아스코빅애씨드폴리펩타이드,13,False
pi_mist_A000000189004,아세틸옥타펩타이드-3,14,False
pi_mist_A000000189004,아세틸테트라펩타이드-2,15,False
pi_mist_A000000189004,아세틸테트라펩타이드-3,16,False
pi_mist_A000000189004,아세틸테트라펩타이드-5,17,False
pi_mist_A000000189004,아세틸테트라펩타이드-9,18,False
pi_mist_A000000189004,카르노신,19,False
pi_mist_A000000189004,카퍼트라이펩타이드-1,20,False
pi_mist_A000000189004,노나펩타이드-1,21,False
pi_mist_A000000189004,팔미토일펜타펩타이드-4,22,False
pi_mist_A000000189004,팔미토일트라이펩타이드-1,23,False
pi_mist_A000000189004,팔미토일트라이펩타이드-5,24,False
pi_mist_A000000189004,스트렙토코쿠스테르모필루스발효물,25,False
pi_mist_A000000189004,아이리쉬모스추출물,26,False
pi_mist_A000000189004,사탕수수추출물,27,False
pi_mist_A000000189004,사과즙,28,False
pi_mist_A000000189004,칸디다봄비콜라/글루코오스/메틸레이프씨데이트발효물,29,False
pi_mist_A000000189004,해바라기씨오일,30,False
pi_mist_A000000189004,"1,2-헥산다이올",31,False
pi_mist_A000000189004,베타인,32,False
pi_mist_A000000189004,트라이라우레스-4포스페이트,33,False
pi_mist_A000000189004,에틸헥실글리세린,34,False
pi_mist_A000000189004,폴리쿼터늄-51,35,False
pi_mist_A000000189004,소듐파이테이트,36,False
pi_mist_A000000189004,시트릭애씨드,37,False
pi_mist_A000000189004,토코페롤,38,False
pi_mist_A000000189004,레시틴,39,False
pi_mist_A000000189004,에스신,40,False
pi_mist_A000000189004,다이프로필렌글라이콜,41,False
pi_mist_A000000247773,정제수,1,False
pi_mist_A000000247773,다이페닐다이메티콘,2,False
pi_mist_A000000247773,다이프로필렌글라이콜,3,False
pi_mist_A000000247773,펜틸렌글라이콜,4,False
pi_mist_A000000247773,"1,2-헥산다이올",5,False
pi_mist_A000000247773,스트렙토코쿠스테르모필루스발효물,6,False
pi_mist_A000000247773,캐스터오일/아이피디아이코폴리머,7,False
pi_mist_A000000247773,자일리틸글루코사이드,8,False
pi_mist_A000000247773,자일리톨,9,False
pi_mist_A000000247773,돌콩추출물,10,False
pi_mist_A000000247773,인도멀구슬나무잎추출물,11,False
pi_mist_A000000247773,소듐하이알루로네이트,12,False
pi_mist_A000000247773,인도멀구슬나무꽃추출물,13,False
pi_mist_A000000247773,돌콩오일,14,False
pi_mist_A000000247773,사과즙,15,False
pi_mist_A000000247773,아이비고드열매추출물,16,False
pi_mist_A000000247773,백미꽃추출물,17,False
pi_mist_A000000247773,가지열매추출물,18,False
pi_mist_A000000247773,알로에베라꽃추출물,19,False
pi_mist_A000000247773,호호바씨오일,20,False
pi_mist_A000000247773,울금뿌리추출물,21,False
pi_mist_A000000247773,홀리바질잎추출물,22,False
pi_mist_A000000247773,참산호말추출물,23,False
pi_mist_A000000247773,해바라기씨오일,24,False
pi_mist_A000000247773,접시꽃추출물,25,False
pi_mist_A000000247773,당근추출물,26,False
pi_mist_A000000247773,하이드롤라이즈드하이알루로닉애씨드,27,False
pi_mist_A000000247773,하이알루로닉애씨드,28,False
pi_mist_A000000247773,유럽밤나무씨추출물,29,False
pi_mist_A000000247773,사과씨오일,30,False
pi_mist_A000000247773,흑효모발효물,31,False
pi_mist_A000000247773,하이드롤라이즈드콜라겐,32,False
pi_mist_A000000247773,비타민나무오일,33,False
pi_mist_A000000247773,호박가루,34,False
pi_mist_A000000247773,칸디다봄비콜라/글루코오스/메틸레이프씨데이트발효물,35,False
pi_mist_A000000247773,드럼스틱씨오일,36,False
pi_mist_A000000247773,글리세레스-26,37,False
pi_mist_A000000247773,프로판다이올,38,False
pi_mist_A000000247773,부틸렌글라이콜,39,False
pi_mist_A000000247773,판테놀,40,False
pi_mist_A000000247773,카프릴릭/카프릭트라이글리세라이드,41,False
pi_mist_A000000247773,소듐디엔에이,42,False
pi_mist_A000000247773,하이드록시에틸우레아,43,False
pi_mist_A000000247773,하이드록시아세토페논,44,False
pi_mist_A000000247773,알란토인,45,False
pi_mist_A000000247773,다이펩타이드-15,46,False
pi_mist_A000000247773,젤란검,47,False
pi_mist_A000000247773,안하이드로자일리톨,48,False
pi_mist_A000000247773,칼슘클로라이드,49,False
pi_mist_A000000247773,카프릴릴글라이콜,50,False
pi_mist_A000000247773,아데노신,51,False
pi_mist_A000000247773,피피지-13-데실테트라데세스-24,52,False
pi_mist_A000000247773,글리세린,53,False
pi_mist_A000000247773,소듐시트레이트,54,False
pi_mist_A000000247773,시트릭애씨드,55,False
pi_mist_A000000247773,토코페롤,56,False
pi_mist_A000000247773,옥탄다이올,57,False
pi_mist_A000000247773,에틸헥실글리세린,58,False
pi_mist_A000000247773,베타-카로틴,59,False
pi_mist_A000000247773,다이포타슘포스페이트,60,False
pi_mist_A000000247773,아세틸글루타민,61,False
pi_mist_A000000247773,아가,62,False
pi_mist_A000000247773,마그네슘설페이트,63,False
pi_mist_A000000247773,다이페닐실록시페닐트라이메티콘,64,False
pi_mist_A000000247773,페닐트라이메티콘,65,False
pi_mist_A000000247773,프로필렌글라이콜다이벤조에이트,66,False
pi_mist_A000000247773,하이드로제네이티드레시틴,67,False
pi_mist_A000000247773,세라마이드엔피,68,False
pi_mist_A000000247773,소듐클로라이드,69,False
pi_mist_A000000247773,카퍼트라이펩타이드-1,70,False
pi_mist_A000000247773,셀룰로오스검,71,False
pi_mist_A000000247773,소듐바이카보네이트,72,False
pi_mist_A000000247773,포타슘클로라이드,73,False
pi_mist_A000000247773,소듐스테아로일글루타메이트,74,False
pi_mist_A000000247773,잔탄검,75,False
pi_mist_A000000259319,정제수,1,False
pi_mist_A000000259319,카프릴릭/카프릭트라이글리세라이드,2,False
pi_mist_A000000259319,부틸렌글라이콜,3,False
pi_mist_A000000259319,"1,2-헥산다이올",4,False
pi_mist_A000000259319,에리스리톨,5,False
pi_mist_A000000259319,자일리톨,6,False
pi_mist_A000000259319,알란토인,7,False
pi_mist_A000000259319,소듐클로라이드,8,False
pi_mist_A000000259319,트레할로오스,9,False
pi_mist_A000000259319,에틸헥실글리세린,10,False
pi_mist_A000000259319,카프릴릴글라이콜,11,False
pi_mist_A000000259319,토코페릴아세테이트,12,False
pi_mist_A000000259319,소듐시트레이트,13,False
pi_mist_A000000259319,구아이아줄렌,14,False
pi_mist_A000000259319,시트릭애씨드,15,False
pi_mist_A000000259319,엑토인,16,False
pi_mist_A000000259319,마데카소사이드,17,False
pi_mist_A000000259319,로즈힙열매오일,18,False
pi_mist_A000000259319,비사보롤,19,False
pi_mist_A000000259319,소듐하이알루로네이트크로스폴리머,20,False
pi_mist_A000000259319,에스에이치-올리고펩타이드-1,21,False
pi_mist_A000000259319,에스에이치-폴리펩타이드-1,22,False
pi_mist_A000000259319,월귤추출물,23,False
pi_mist_A000000259319,징크피씨에이,24,False
pi_mist_A000000166510,정제수,1,False
pi_mist_A000000166510,프로판다이올,2,False
pi_mist_A000000166510,글리세린,3,False
pi_mist_A000000166510,"1,2-헥산다이올",4,False
pi_mist_A000000166510,다이메티콘,5,False
pi_mist_A000000166510,소듐시트레이트,6,False
pi_mist_A000000166510,부틸렌글라이콜,7,False
pi_mist_A000000166510,베타인,8,False
pi_mist_A000000166510,하이드로제네이티드레시틴,9,False
pi_mist_A000000166510,솔비톨,10,False
pi_mist_A000000166510,피이지-60하이드로제네이티드캐스터오일,11,False
pi_mist_A000000166510,솔비탄세스퀴올리에이트,12,False
pi_mist_A000000166510,시트릭애씨드,13,False
pi_mist_A000000166510,센티드제라늄꽃오일,14,False
pi_mist_A000000166510,펜틸렌글라이콜,15,False
pi_mist_A000000166510,다이소듐이디티에이,16,False
pi_mist_A000000166510,프로폴리스추출물,17,False
pi_mist_A000000166510,하이알루로닉애씨드,18,False
pi_mist_A000000166510,판테놀,19,False
pi_mist_A000000166510,하이드록시페닐프로파미도벤조익애씨드,20,False
pi_mist_A000000166510,글루코노락톤,21,False
pi_mist_A000000166510,락토바이오닉애씨드,22,False
pi_mist_A000000166510,판토락톤,23,False
pi_mist_A000000166510,아스코빌팔미테이트,24,False
pi_mist_A000000166510,시트로넬올,25,False
pi_mist_A000000166510,제라니올,26,False
pi_mist_A000000166510,리날룰,27,False
pi_mist_A000000254446,정제수,1,False
pi_mist_A000000254446,펜틸렌글라이콜,2,False
pi_mist_A000000254446,부틸렌글라이콜,3,False
pi_mist_A000000254446,글리세린,4,False
pi_mist_A000000254446,프로판다이올,5,False
pi_mist_A000000254446,락토바실러스발효물,6,False
pi_mist_A000000254446,하이드롤라이즈드콜라겐,7,False
pi_mist_A000000254446,병풀추출물,8,False
pi_mist_A000000254446,백미꽃추출물,9,False
pi_mist_A000000254446,콜라겐추출물,10,False
pi_mist_A000000254446,아텔로콜라겐,11,False
pi_mist_A000000254446,접시꽃추출물,12,False
pi_mist_A000000254446,수용성콜라겐,13,False
pi_mist_A000000254446,소듐하이알루로네이트,14,False
pi_mist_A000000254446,콜라겐,15,False
pi_mist_A000000254446,흰목이버섯추출물,16,False
pi_mist_A000000254446,히비스커스꽃추출물,17,False
pi_mist_A000000254446,하이드롤라이즈드하이알루로닉애씨드,18,False
pi_mist_A000000254446,하이알루로닉애씨드,19,False
pi_mist_A000000254446,글리세레스-26,20,False
pi_mist_A000000254446,칼슘락테이트,21,False
pi_mist_A000000254446,판테놀,22,False
pi_mist_A000000254446,소듐디엔에이,23,False
pi_mist_A000000254446,젤란검,24,False
pi_mist_A000000254446,하이드록시아세토페논,25,False
pi_mist_A000000254446,"1,2-헥산다이올",26,False
pi_mist_A000000254446,에틸헥실글리세린,27,False
pi_mist_A000000254446,아가,28,False
pi_mist_A000000254446,아데노신,29,False
pi_mist_A000000254446,소듐시트레이트,30,False
pi_mist_A000000254446,알란토인,31,False
pi_mist_A000000254446,시트릭애씨드,32,False
pi_mist_A000000254446,베타-글루칸,33,False
pi_mist_A000000254446,사이아노코발아민,34,False
pi_mist_A000000254446,베타인,35,False
pi_mist_A000000254446,알지닌,36,False
pi_mist_A000000254446,프룩토올리고사카라이드,37,False
pi_mist_A000000254446,토코페롤,38,False
pi_mist_A000000254446,프룩탄,39,False
pi_mist_A000000254446,이눌린,40,False
pi_mist_A000000254446,글루코노락톤,41,False
pi_mist_A000000254446,락토바이오닉애씨드,42,False
pi_mist_A000000254446,하이드록시프로필사이클로덱스트린,43,False
pi_mist_A000000254446,티옥틱애씨드,44,False
pi_mist_A000000254446,셀룰로오스,45,False
pi_mist_A000000254446,벤질글라이콜,46,False
pi_mist_A000000254446,하이드롤라이즈드글라이코사미노글리칸,47,False
pi_mist_A000000254446,카프릴릴글라이콜,48,False
pi_mist_A000000254446,포타슘하이드록사이드,49,False
pi_mist_A000000254446,셀룰로오스검,50,False
pi_mist_A000000254446,글라이신,51,False
pi_mist_A000000254446,트라이펩타이드-10시트룰린,52,False
pi_mist_A000000254446,세린,53,False
pi_mist_A000000254446,글루타믹애씨드,54,False
pi_mist_A000000254446,하이드롤라이즈드디엔에이,55,False
pi_mist_A000000254446,하이드롤라이즈드엘라스틴,56,False
pi_mist_A000000254446,소듐하이알루로네이트크로스폴리머,57,False
pi_mist_A000000254446,탄닉애씨드,58,False
pi_mist_A000000254446,프롤린,59,False
pi_mist_A000000254446,아스파틱애씨드,60,False
pi_mist_A000000254446,류신,61,False
pi_mist_A000000254446,알라닌,62,False
pi_mist_A000000254446,라이신,63,False
pi_mist_A000000254446,타이로신,64,False
pi_mist_A000000254446,트레오닌,65,False
pi_mist_A000000254446,발린,66,False
pi_mist_A000000254446,아이소류신,67,False
pi_mist_A000000254446,카퍼트라이펩타이드-1,68,False
pi_mist_A000000254446,히스티딘,69,False
pi_mist_A000000254446,하이드록시프로필트라이모늄하이알루로네이트,70,False
pi_mist_A000000254446,팔미토일펜타펩타이드-4,71,False
pi_mist_A000000254446,아세틸헥사펩타이드-8,72,False
pi_mist_A000000254446,아세틸테트라펩타이드-5,73,False
pi_mist_A000000254446,팔미토일테트라펩타이드-7,74,False
pi_mist_A000000254446,팔미토일트라이펩타이드-1,75,False
pi_mist_A000000254446,페닐알라닌,76,False
pi_mist_A000000254446,소듐아세틸레이티드하이알루로네이트,77,False
pi_mist_A000000254446,시스테인,78,False
pi_mist_A000000254446,메티오닌[겔마스크]정제수,79,False
pi_mist_A000000254446,메틸프로판다이올,81,False
pi_mist_A000000254446,아크릴레이트/에틸헥실아크릴레이트코폴리머,82,False
pi_mist_A000000254446,아이리쉬모스가루,84,False
pi_mist_A000000254446,캐롭검,85,False
pi_mist_A000000254446,그롬웰뿌리추출물,86,False
pi_mist_A000000254446,카카오추출물,87,False
pi_mist_A000000254446,하이드록시에틸우레아,96,False
pi_mist_A000000254446,카프릴릭/카프릭트라이글리세라이드,97,False
pi_mist_A000000254446,포타슘클로라이드,101,False
pi_mist_A000000254446,글루코만난,102,False
pi_mist_A000000254446,구아검,103,False
pi_mist_A000000254446,덱스트린,105,False
pi_mist_A000000254446,다이포타슘글리시리제이트,106,False
pi_mist_A000000254446,트레할로오스,107,False
pi_mist_A000000254446,폴리글리세릴-10라우레이트,108,False
pi_mist_A000000254446,다이팔미토일하이드록시프롤린,112,False
pi_mist_A000000254446,글라이코젠,113,False
pi_mist_A000000254446,매스틱검,115,False
pi_mist_A000000254446,하이드로제네이티드레시틴,117,False
pi_mist_A000000254446,아스코빅애씨드폴리펩타이드,122,False
pi_mist_A000000254446,아세틸옥타펩타이드-3,125,False
pi_mist_A000000254446,아세틸테트라펩타이드-2,126,False
pi_mist_A000000254446,아세틸테트라펩타이드-3,127,False
pi_mist_A000000254446,아세틸테트라펩타이드-9,129,False
pi_mist_A000000254446,카르노신,130,False
pi_mist_A000000254446,노나펩타이드-1,132,False
pi_mist_A000000254446,팔미토일트라이펩타이드-5,135,False
pi_mist_A000000254446,잔탄검,136,False
pi_mist_A000000254446,페네틸알코올,137,False
pi_mist_A000000254446,구아이아줄렌,138,False
pi_mist_A000000259222,콜라겐수,1,False
pi_mist_A000000259222,글리세린,2,False
pi_mist_A000000259222,프로판다이올,3,False
pi_mist_A000000259222,트라이프로필렌글라이콜,4,False
pi_mist_A000000259222,"1,2-헥산다이올",5,False
pi_mist_A000000259222,나이아신아마이드,6,False
pi_mist_A000000259222,글리세레스-26,7,False
pi_mist_A000000259222,정제수,8,False
pi_mist_A000000259222,소듐클로라이드,9,False
pi_mist_A000000259222,하이드록시아세토페논,10,False
pi_mist_A000000259222,젤란검,11,False
pi_mist_A000000259222,칼슘락테이트,12,False
pi_mist_A000000259222,아데노신,13,False
pi_mist_A000000259222,다이소듐이디티에이,14,False
pi_mist_A000000259222,갈락토미세스발효여과물,15,False
pi_mist_A000000259222,사이아노코발아민,16,False
pi_mist_A000000259222,치자추출물,17,False
pi_mist_A000000259222,하이드롤라이즈드스클레로튬검,18,False
pi_mist_A000000259222,카라기난,19,False
pi_mist_A000000259222,하이드롤라이즈드하이알루로닉애씨드,20,False
pi_mist_A000000259222,부틸렌글라이콜,21,False
pi_mist_A000000259222,잔탄검,22,False
pi_mist_A000000259222,캐롭검,23,False
pi_mist_A000000259222,덱스트린,24,False
pi_mist_A000000259222,수크로오스,25,False
pi_mist_A000000259222,아세틸헥사펩타이드-8,26,False
pi_mist_A000000259222,콜라겐추출물,27,False
pi_mist_A000000259222,카퍼트라이펩타이드-1,28,False
pi_mist_A000000259222,트라이펩타이드-1,29,False
pi_mist_A000000259222,팔미토일트라이펩타이드-5,30,False
pi_mist_A000000259222,헥사펩타이드-9,31,False
pi_mist_A000000259222,팔미토일펜타펩타이드-4,32,False
pi_mist_A000000259222,올리고펩타이드-1,33,False
pi_mist_A000000259222,팔미토일트라이펩타이드-38,34,False
pi_mist_A000000259222,펜타펩타이드-4,35,False
pi_mist_A000000259222,헥사펩타이드-12,36,False
pi_mist_A000000220688,정제수,1,False
pi_mist_A000000220688,프로판다이올,2,False
pi_mist_A000000220688,부틸렌글라이콜,3,False
pi_mist_A000000220688,황해쑥잎수,4,False
pi_mist_A000000220688,자일리톨,5,False
pi_mist_A000000220688,펜틸렌글라이콜,6,False
pi_mist_A000000220688,카프릴릭/카프릭트라이글리세라이드,7,False
pi_mist_A000000220688,피피지-13-데실테트라데세스-24,8,False
pi_mist_A000000220688,글리세릴카프릴레이트,9,False
pi_mist_A000000220688,향료,10,False
pi_mist_A000000220688,"2,3-부탄다이올",11,False
pi_mist_A000000220688,에틸헥실글리세린,12,False
pi_mist_A000000220688,소듐메타포스페이트,13,False
pi_mist_A000000220688,"1,2-헥산다이올",14,False
pi_mist_A000000220688,글루코노락톤,15,False
pi_mist_A000000220688,레시틴,16,False
pi_mist_A000000220688,락토바실러스발효물,17,False
pi_mist_A000000220688,글리세린,18,False
pi_mist_A000000220688,이눌린라우릴카바메이트,19,False
pi_mist_A000000220688,살리실릭애씨드,20,False
pi_mist_A000000220688,황해쑥잎추출물,21,False
pi_mist_A000000220688,병풀꽃/잎/줄기추출물,22,False
pi_mist_A000000220688,토코페롤,23,False
pi_mist_A000000220688,소듐하이알루로네이트,24,False
pi_mist_A000000220688,하이드롤라이즈드하이알루로닉애씨드,25,False
pi_mist_A000000220688,소듐하이알루로네이트크로스폴리머,26,False
pi_mist_A000000220688,하이알루로닉애씨드,27,False
pi_mist_A000000220688,소듐아세틸레이티드하이알루로네이트,28,False
pi_mist_A000000259123,빙하수,1,False
pi_mist_A000000259123,다이프로필렌글라이콜,2,False
pi_mist_A000000259123,세틸에틸헥사노에이트,3,False
pi_mist_A000000259123,정제수,4,False
pi_mist_A000000259123,"1,2-헥산다이올",5,False
pi_mist_A000000259123,나이아신아마이드,6,False
pi_mist_A000000259123,글리세레스-26,7,False
pi_mist_A000000259123,흰서양송로추출물,8,False
pi_mist_A000000259123,부틸렌글라이콜,9,False
pi_mist_A000000259123,하이드록시에틸우레아,10,False
pi_mist_A000000259123,아보카도오일,11,False
pi_mist_A000000259123,폴리프로필실세스퀴옥세인,12,False
pi_mist_A000000259123,베타인,13,False
pi_mist_A000000259123,카프릴릭/카프릭트라이글리세라이드,14,False
pi_mist_A000000259123,토코페롤,15,False
pi_mist_A000000259123,콜라겐추출물,16,False
pi_mist_A000000259123,다이포타슘글리시리제이트,17,False
pi_mist_A000000259123,다이소듐이디티에이,18,False
pi_mist_A000000259123,아데노신,19,False
pi_mist_A000000259123,사카라이드아이소머레이트,20,False
pi_mist_A000000259123,글리세린,21,False
pi_mist_A000000259123,오크라열매추출물,22,False
pi_mist_A000000259123,펜타에리스리틸테트라-다이-t-부틸하이드록시하이드로신나메이트,23,False
pi_mist_A000000259123,인도멀구슬나무잎추출물,24,False
pi_mist_A000000259123,인도멀구슬나무꽃추출물,25,False
pi_mist_A000000259123,아크릴레이트/C10-30알킬아크릴레이트크로스폴리머,26,False
pi_mist_A000000259123,알지닌,27,False
pi_mist_A000000259123,아이비고드열매추출물,28,False
pi_mist_A000000259123,감나무잎추출물,29,False
pi_mist_A000000259123,에틸헥실글리세린,30,False
pi_mist_A000000259123,블루탄지꽃오일,31,False
pi_mist_A000000259123,포도추출물,32,False
pi_mist_A000000259123,알로에베라꽃추출물,33,False
pi_mist_A000000259123,가지열매추출물,34,False
pi_mist_A000000259123,잇꽃꽃추출물,35,False
pi_mist_A000000259123,커피콩추출물,36,False
pi_mist_A000000259123,호장근뿌리추출물,37,False
pi_mist_A000000259123,녹차추출물,38,False
pi_mist_A000000259123,밤껍질추출물,39,False
pi_mist_A000000259123,초피나무열매추출물,40,False
pi_mist_A000000259123,소듐팔미토일프롤린,41,False
pi_mist_A000000259123,호호바씨오일,42,False
pi_mist_A000000259123,시트릭애씨드,43,False
pi_mist_A000000259123,소듐시트레이트,44,False
pi_mist_A000000259123,참산호말추출물,45,False
pi_mist_A000000259123,울금뿌리추출물,46,False
pi_mist_A000000259123,홀리바질잎추출물,47,False
pi_mist_A000000259123,개똥쑥추출물,48,False
pi_mist_A000000259123,연꽃추출물,49,False
pi_mist_A000000259123,쌀추출물,50,False
pi_mist_A000000259123,효모발효물,51,False
pi_mist_A000000259123,글루코오스,52,False
pi_mist_A000000259123,만노오스,53,False
pi_mist_A000000259123,소듐하이알루로네이트,54,False
pi_mist_A000000259123,알바수련꽃추출물,55,False
pi_mist_A000000259123,하이드록시프로필트라이모늄하이알루로네이트,56,False
pi_mist_A000000259123,하이드롤라이즈드하이알루로닉애씨드,57,False
pi_mist_A000000259123,소듐아세틸레이티드하이알루로네이트,58,False
pi_mist_A000000259123,하이알루로닉애씨드,59,False
pi_mist_A000000259123,하이드롤라이즈드소듐하이알루로네이트,60,False
pi_mist_A000000259123,소듐하이알루로네이트크로스폴리머,61,False
pi_mist_A000000259123,포타슘하이알루로네이트,62,False
pi_mist_A000000259123,향료,63,False
pi_mist_A000000251062,쌀겨수,1,False
pi_mist_A000000251062,글리세린,2,False
pi_mist_A000000251062,트라이에틸헥사노인,3,False
pi_mist_A000000251062,정제수,4,False
pi_mist_A000000251062,하이드로제네이티드폴리(C6-14올레핀),5,False
pi_mist_A000000251062,부틸렌글라이콜,6,False
pi_mist_A000000251062,메틸프로판다이올,7,False
pi_mist_A000000251062,펜틸렌글라이콜,8,False
pi_mist_A000000251062,"1,2-헥산다이올",9,False
pi_mist_A000000251062,판테놀,10,False
pi_mist_A000000251062,스트렙토코쿠스테르모필루스발효물,11,False
pi_mist_A000000251062,트라이라우레스-4포스페이트,12,False
pi_mist_A000000251062,에틸헥실글리세린,13,False
pi_mist_A000000251062,소듐파이테이트,14,False
pi_mist_A000000251062,시트릭애씨드,15,False
pi_mist_A000000251062,베타인,16,False
pi_mist_A000000251062,폴리쿼터늄-51,17,False
pi_mist_A000000251062,사과즙,18,False
pi_mist_A000000251062,쌀추출물,19,False
pi_mist_A000000251062,씨솔트,20,False
pi_mist_A000000251062,백미꽃추출물,21,False
pi_mist_A000000251062,토코페롤,22,False
pi_mist_A000000251062,아스퍼질러스발효물,23,False
pi_mist_A000000251062,접시꽃추출물,24,False
pi_mist_A000000251062,하이드롤라이즈드하이알루로닉애씨드,25,False
pi_mist_A000000251062,하이드록시프로필트라이모늄하이알루로네이트,26,False
pi_mist_A000000251062,마데카소사이드,27,False
pi_mist_A000000251062,알로에베라잎수,28,False
pi_mist_A000000251062,귀리커넬추출물,29,False
pi_mist_A000000251062,병풀잎추출물,30,False
pi_mist_A000000251062,락토바실러스발효물,31,False
pi_mist_A000000251062,약모밀추출물,32,False
pi_mist_A000000251062,하이알루로닉애씨드,33,False
pi_mist_A000000251062,실란트라이올,34,False
pi_mist_A000000251062,비피다발효추출물,35,False
pi_mist_A000000251062,하이드롤라이즈드쌀단백질,36,False
pi_mist_A000000251062,쌀아미노산,37,False
pi_mist_A000000254684,정제수,1,False
pi_mist_A000000254684,글리세린,2,False
pi_mist_A000000254684,프로판다이올,3,False
pi_mist_A000000254684,부틸렌글라이콜,4,False
pi_mist_A000000254684,오레가노잎추출물,5,False
pi_mist_A000000254684,"1,2-헥산다이올",6,False
pi_mist_A000000254684,편백잎추출물,7,False
pi_mist_A000000254684,해수,8,False
pi_mist_A000000254684,젤란검,9,False
pi_mist_A000000254684,칼슘락테이트,10,False
pi_mist_A000000254684,에틸헥실글리세린,11,False
pi_mist_A000000254684,다이소듐이디티에이,12,False
pi_mist_A000000254684,다이포타슘글리시리제이트,13,False
pi_mist_A000000254684,다이프로필렌글라이콜,14,False
pi_mist_A000000254684,락토바실러스발효용해물,15,False
pi_mist_A000000254684,락토코쿠스발효용해물,16,False
pi_mist_A000000254684,비피다발효용해물,17,False
pi_mist_A000000254684,토코페롤,18,False
pi_mist_A000000254684,엑토인,19,False
pi_mist_A000000254684,서양민들레잎추출물,20,False
pi_mist_A000000227144,병풀잎수,1,False
pi_mist_A000000227144,블랙체리열매추출물,2,False
pi_mist_A000000227144,펜틸렌글라이콜,3,False
pi_mist_A000000227144,부틸렌글라이콜,4,False
pi_mist_A000000227144,글리세린,5,False
pi_mist_A000000227144,"1,2-헥산다이올",6,False
pi_mist_A000000227144,메틸프로판다이올,7,False
pi_mist_A000000227144,아이소펜틸다이올,8,False
pi_mist_A000000227144,정제수,9,False
pi_mist_A000000227144,하이드록시아세토페논,10,False
pi_mist_A000000227144,메도우폼씨오일,11,False
pi_mist_A000000227144,카놀라오일,12,False
pi_mist_A000000227144,하이드로제네이티드레시틴,13,False
pi_mist_A000000227144,해바라기씨오일,14,False
pi_mist_A000000227144,아르간커넬오일,15,False
pi_mist_A000000227144,알란토인,16,False
pi_mist_A000000227144,폴리글리세릴-10스테아레이트,17,False
pi_mist_A000000227144,트레할로오스,18,False
pi_mist_A000000227144,아데노신,19,False
pi_mist_A000000227144,폴리글리세릴-10라우레이트,20,False
pi_mist_A000000227144,에난티아클로란타껍질추출물,21,False
pi_mist_A000000227144,소듐글루코네이트,22,False
pi_mist_A000000227144,폴리글리세릴-10미리스테이트,23,False
pi_mist_A000000227144,향료,24,False
pi_mist_A000000227144,하이드롤라이즈드하이알루로닉애씨드,25,False
pi_mist_A000000227144,하이드롤라이즈드콜라겐,26,False
pi_mist_A000000227144,병풀추출물,27,False
pi_mist_A000000227144,치자추출물,28,False
pi_mist_A000000227144,올레아놀릭애씨드,29,False
pi_mist_A000000259179,정제수,1,False
pi_mist_A000000259179,메틸프로판다이올,2,False
pi_mist_A000000259179,부틸렌글라이콜,3,False
pi_mist_A000000259179,글리세린,4,False
pi_mist_A000000259179,"1,2-헥산다이올",5,False
pi_mist_A000000259179,나이아신아마이드,6,False
pi_mist_A000000259179,에틸헥실글리세린,7,False
pi_mist_A000000259179,쇠비름추출물,8,False
pi_mist_A000000259179,소듐시트레이트,9,False
pi_mist_A000000259179,하이드록시아세토페논,10,False
pi_mist_A000000259179,폴리쿼터늄-51,11,False
pi_mist_A000000259179,시트릭애씨드,12,False
pi_mist_A000000259179,다이소듐이디티에이,13,False
pi_mist_A000000259179,하이드로제네이티드레시틴,14,False
pi_mist_A000000259179,판테놀,15,False
pi_mist_A000000259179,병풀추출물,16,False
pi_mist_A000000259179,무화과추출물,17,False
pi_mist_A000000259179,세라마이드엔피,18,False
pi_mist_A000000259179,락토코쿠스발효용해물,19,False
pi_mist_A000000259179,프룩토올리고사카라이드,20,False
pi_mist_A000000259179,향부자추출물,21,False
pi_mist_A000000259179,사탕무뿌리추출물,22,False
pi_mist_A000000259179,징크피씨에이,23,False
pi_mist_A000000259179,베툴린,24,False
pi_mist_A000000259179,포타슘락테이트,25,False
pi_mist_A000000259179,락틱애씨드,26,False
pi_mist_A000000259179,소듐클로라이드[세럼]정제수,27,False
pi_mist_A000000259179,온천수,28,False
pi_mist_A000000259179,다이글리세린,30,False
pi_mist_A000000259179,이눌린,32,False
pi_mist_A000000259179,소듐폴리아크릴로일다이메틸타우레이트,34,False
pi_mist_A000000259179,잔탄검,35,False
pi_mist_A000000259179,소듐하이알루로네이트,36,False
pi_mist_A000000259179,프로판다이올,37,False
pi_mist_A000000259179,병풀잎추출물,38,False
pi_mist_A000000259179,징크글루코네이트,40,False
pi_mist_A000000259179,글루타밀아미도에틸인돌,41,False
pi_mist_A000000241879,전성분명,1,False
pi_mist_A000000241879,비타민나무수,2,False
pi_mist_A000000241879,흰서양송로수,3,False
pi_mist_A000000241879,콜라겐수,4,False
pi_mist_A000000241879,다이프로필렌글라이콜,5,False
pi_mist_A000000241879,해바라기씨오일,6,False
pi_mist_A000000241879,"1,2-헥산다이올",7,False
pi_mist_A000000241879,글리세레스-26,8,False
pi_mist_A000000241879,정제수,9,False
pi_mist_A000000241879,나이아신아마이드,10,False
pi_mist_A000000241879,폴리프로필실세스퀴옥세인,11,False
pi_mist_A000000241879,흰서양송로추출물,12,False
pi_mist_A000000241879,카프릴릭/카프릭트라이글리세라이드,13,False
pi_mist_A000000241879,하이드록시에틸우레아,14,False
pi_mist_A000000241879,부틸렌글라이콜,15,False
pi_mist_A000000241879,마카다미아씨오일,16,False
pi_mist_A000000241879,올리브오일,17,False
pi_mist_A000000241879,베타인,18,False
pi_mist_A000000241879,토코페롤,19,False
pi_mist_A000000241879,동백나무씨오일,20,False
pi_mist_A000000241879,아보카도오일,21,False
pi_mist_A000000241879,솔비톨,22,False
pi_mist_A000000241879,다이포타슘글리시리제이트,23,False
pi_mist_A000000241879,다이소듐이디티에이,24,False
pi_mist_A000000241879,펜타에리스리틸테트라-다이-t-부틸하이드록시하이드로신나메이트,25,False
pi_mist_A000000241879,아데노신,26,False
pi_mist_A000000241879,바위돌꽃뿌리추출물,27,False
pi_mist_A000000241879,돌콩오일,28,False
pi_mist_A000000241879,비타민나무열매오일,29,False
pi_mist_A000000241879,달맞이꽃오일,30,False
pi_mist_A000000241879,인도멀구슬나무꽃추출물,31,False
pi_mist_A000000241879,소듐팔미토일프롤린,32,False
pi_mist_A000000241879,알지닌,33,False
pi_mist_A000000241879,카보머,34,False
pi_mist_A000000241879,홀리바질잎추출물,35,False
pi_mist_A000000241879,인도멀구슬나무잎추출물,36,False
pi_mist_A000000241879,덱스트린,37,False
pi_mist_A000000241879,카카오추출물,38,False
pi_mist_A000000241879,아나토씨오일,39,False
pi_mist_A000000241879,하이드롤라이즈드하이알루로닉애씨드,40,False
pi_mist_A000000241879,아스코빅애씨드,41,False
pi_mist_A000000241879,울금뿌리추출물,42,False
pi_mist_A000000241879,글루타티온,43,False
pi_mist_A000000241879,글루코오스,44,False
pi_mist_A000000241879,만노오스,45,False
pi_mist_A000000241879,참산호말추출물,46,False
pi_mist_A000000241879,알바수련꽃추출물,47,False
pi_mist_A000000241879,소듐하이알루로네이트,48,False
pi_mist_A000000241879,하이드롤라이즈드옥수수단백질,49,False
pi_mist_A000000241879,하이드롤라이즈드귀리단백질,50,False
pi_mist_A000000241879,하이드롤라이즈드완두콩단백질,51,False
pi_mist_A000000241879,하이드롤라이즈드쌀겨단백질,52,False
pi_mist_A000000241879,하이드롤라이즈드쌀단백질,53,False
pi_mist_A000000241879,하이드롤라이즈드참깨단백질,54,False
pi_mist_A000000241879,하이드롤라이즈드콩단백질,55,False
pi_mist_A000000241879,하이드롤라이즈드밀단백질,56,False
pi_mist_A000000241879,하이드록시프로필트라이모늄하이알루로네이트,57,False
pi_mist_A000000241879,소듐아세틸레이티드하이알루로네이트,58,False
pi_mist_A000000241879,하이알루로닉애씨드,59,False
pi_mist_A000000241879,하이드롤라이즈드소듐하이알루로네이트,60,False
pi_mist_A000000241879,소듐하이알루로네이트크로스폴리머,61,False
pi_mist_A000000241879,포타슘하이알루로네이트,62,False
pi_mist_A000000241879,향료,63,False
pi_mist_A000000241879,리날룰,64,False
pi_mist_A000000241879,헥실신남알,65,False
pi_mist_A000000241879,리모넨,66,False
pi_mist_A000000241879,시트로넬올,67,False
pi_mist_A000000130138,정제수,1,False
pi_mist_A000000130138,글리세린,2,False
pi_mist_A000000130138,부틸렌글라이콜,3,False
pi_mist_A000000130138,카프릴릭/카프릭트라이글리세라이드,4,False
pi_mist_A000000130138,하이드로제네이티드폴리(C6-14올레핀),5,False
pi_mist_A000000130138,다이메티콘,6,False
pi_mist_A000000130138,세틸에틸헥사노에이트,7,False
pi_mist_A000000130138,하이드록시프로필비스라우라마이드엠이에이,8,False
pi_mist_A000000130138,"1,2-헥산다이올",9,False
pi_mist_A000000130138,소듐서팩틴,10,False
pi_mist_A000000130138,콜레스테롤,11,False
pi_mist_A000000130138,글리세릴카프릴레이트,12,False
pi_mist_A000000130138,디소듐디티에이,13,False
pi_mist_A000000130138,에틸헥실글리세린,14,False
pi_mist_A000000130138,베헤닉애씨드,15,False
pi_mist_A000000130138,토코페롤,16,False
pi_mist_A000000259499,정제수,1,False
pi_mist_A000000259499,다이프로필렌글라이콜,2,False
pi_mist_A000000259499,프로판다이올,3,False
pi_mist_A000000259499,나이아신아마이드,4,False
pi_mist_A000000259499,"1,2-헥산다이올",5,False
pi_mist_A000000259499,부틸렌글라이콜,6,False
pi_mist_A000000259499,글리세레스-25피씨에이아이소스테아레이트,7,False
pi_mist_A000000259499,하이드록시아세토페논,8,False
pi_mist_A000000259499,아크릴릭애씨드/브이피크로스폴리머,9,False
pi_mist_A000000259499,알지닌,10,False
pi_mist_A000000259499,에리스리톨,11,False
pi_mist_A000000259499,병풀추출물,12,False
pi_mist_A000000259499,자일리톨,13,False
pi_mist_A000000259499,잇꽃꽃추출물,14,False
pi_mist_A000000259499,황련뿌리추출물,15,False
pi_mist_A000000259499,에틸헥실글리세린,16,False
pi_mist_A000000259499,덱스트린,17,False
pi_mist_A000000259499,치자추출물,18,False
pi_mist_A000000259499,메틸다이아이소프로필프로피온아마이드,19,False
pi_mist_A000000259499,글리세린,20,False
pi_mist_A000000259499,옥수수커넬추출물,21,False
pi_mist_A000000259499,알로에베라잎추출물,22,False
pi_mist_A000000259499,레몬그라스추출물,23,False
pi_mist_A000000259499,유칼립투스잎추출물,24,False
pi_mist_A000000259499,콘민트추출물,25,False
pi_mist_A000000259499,폴록사머407,26,False
pi_mist_A000000259499,판테놀,27,False
pi_mist_A000000259499,카카오씨추출물,28,False
pi_mist_A000000259499,프룩탄,29,False
pi_mist_A000000259499,아시아티코사이드,30,False
pi_mist_A000000259499,아시아틱애씨드,31,False
pi_mist_A000000259499,마데카식애씨드,32,False
pi_mist_A000000259499,소듐디엔에이,33,False
pi_mist_A000000259499,글루코오스,34,False
pi_mist_A000000259499,마누카잎추출물,35,False
pi_mist_A000000259499,꿀추출물,36,False
pi_mist_A000000259499,락토바실러스발효물,37,False
pi_mist_A000000259499,소듐하이알루로네이트크로스폴리머,38,False
pi_mist_A000000259499,폴리글루타믹애씨드,39,False
pi_mist_A000000259499,트레할로오스,40,False
pi_mist_A000000259499,징크피씨에이,41,False
pi_mist_A000000259499,다이메틸실란올하이알루로네이트,42,False
pi_mist_A000000259499,하이드롤라이즈드하이알루로닉애씨드,43,False
pi_mist_A000000259499,하이드롤라이즈드소듐하이알루로네이트,44,False
pi_mist_A000000259499,하이알루로닉애씨드,45,False
pi_mist_A000000259499,마데카소사이드,46,False
pi_mist_A000000259499,포타슘하이알루로네이트,47,False
pi_mist_A000000259499,소듐하이알루로네이트,48,False
pi_mist_A000000259499,하이드록시프로필트라이모늄하이알루로네이트,49,False
pi_mist_A000000259499,소듐하이알루로네이트다이메틸실란올,50,False
pi_mist_A000000259499,소듐아세틸레이티드하이알루로네이트[세럼(증정)]정제수,51,False
pi_mist_A000000259499,카보머,55,False
pi_mist_A000000259499,트로메타민,56,False
pi_mist_A000000259499,폴리글리세릴-10라우레이트,57,False
pi_mist_A000000259499,인도멀구슬나무잎추출물,59,False
pi_mist_A000000259499,불가리스쑥오일,63,False
pi_mist_A000000259499,인도멀구슬나무꽃추출물,64,False
pi_mist_A000000259499,다이소듐이디티에이,66,False
pi_mist_A000000259499,소듐폴리아크릴레이트,67,False
pi_mist_A000000259499,펜틸렌글라이콜,68,False
pi_mist_A000000259499,데실글루코사이드,73,False
pi_mist_A000000259499,카프릴릴글라이콜,74,False
pi_mist_A000000259499,메도우폼씨오일,76,False
pi_mist_A000000259499,카프릴릭/카프릭트라이글리세라이드,77,False
pi_mist_A000000259499,올리브오일,78,False
pi_mist_A000000259499,하이드로제네이티드레시틴,79,False
pi_mist_A000000259499,세라마이드엔피,80,False
pi_mist_A000000259499,피토스핑고신,81,False
pi_mist_A000000259499,멜라토닌,82,False
pi_mist_A000000257433,콜라겐수,1,False
pi_mist_A000000257433,정제수,2,False
pi_mist_A000000257433,부틸렌글라이콜,3,False
pi_mist_A000000257433,프로판다이올,4,False
pi_mist_A000000257433,나이아신아마이드,5,False
pi_mist_A000000257433,"1,2-헥산다이올",6,False
pi_mist_A000000257433,다이프로필렌글라이콜,7,False
pi_mist_A000000257433,글라이콜다이스테아레이트,8,False
pi_mist_A000000257433,하이드록시아세토페논,9,False
pi_mist_A000000257433,카프릴릴글라이콜,10,False
pi_mist_A000000257433,글리세린,11,False
pi_mist_A000000257433,하이드록시에틸우레아,12,False
pi_mist_A000000257433,메틸프로판다이올,13,False
pi_mist_A000000257433,C12-13알케스-9,14,False
pi_mist_A000000257433,스테아레스-4,15,False
pi_mist_A000000257433,에틸헥실글리세린,16,False
pi_mist_A000000257433,실크추출물,17,False
pi_mist_A000000257433,하이드롤라이즈드익스텐신,18,False
pi_mist_A000000257433,하이드롤라이즈드실크,19,False
pi_mist_A000000257433,하이드롤라이즈드엘라스틴,20,False
pi_mist_A000000257433,하이드롤라이즈드콜라겐,21,False
pi_mist_A000000257433,콜라겐추출물,22,False
pi_mist_A000000257433,커피콩추출물,23,False
pi_mist_A000000257433,드럼스틱씨추출물,24,False
pi_mist_A000000257433,아데노신,25,False
pi_mist_A000000257433,잔탄검,26,False
pi_mist_A000000257433,판테놀,27,False
pi_mist_A000000257433,소듐벤조에이트,28,False
pi_mist_A000000257433,스테아레스-30,29,False
pi_mist_A000000257433,하이드롤라이즈드콩단백질,30,False
pi_mist_A000000257433,다이포타슘글리시리제이트,31,False
pi_mist_A000000257433,소듐하이알루로네이트,32,False
pi_mist_A000000257433,실크아미노산,33,False
pi_mist_A000000257433,아스코빌프로필하이알루로네이트,34,False
pi_mist_A000000257433,하이드롤라이즈드콜라겐추출물,35,False
pi_mist_A000000257433,카페오일헥사펩타이드-65,36,False
pi_mist_A000000257433,카퍼트라이펩타이드-1,37,False
pi_mist_A000000257433,팔미토일테트라펩타이드-7,38,False
pi_mist_A000000257433,팔미토일트라이펩타이드-1,39,False
pi_mist_A000000257433,팔미토일펜타펩타이드-4,40,False
pi_mist_A000000257433,프롤린,41,False
pi_mist_A000000257433,아이소류신,42,False
pi_mist_A000000257433,아스파틱애씨드,43,False
pi_mist_A000000257433,알라닌,44,False
pi_mist_A000000257433,알지닌,45,False
pi_mist_A000000257433,세린,46,False
pi_mist_A000000257433,발린,47,False
pi_mist_A000000257433,류신,48,False
pi_mist_A000000257433,메티오닌,49,False
pi_mist_A000000257433,글루타믹애씨드,50,False
pi_mist_A000000257433,글라이신,51,False
pi_mist_A000000257433,히스티딘,52,False
pi_mist_A000000257433,타우린,53,False
pi_mist_A000000257433,오르니틴,54,False
pi_mist_A000000257433,페닐알라닌,55,False
pi_mist_A000000257433,라벤더오일,56,False
pi_mist_A000000257433,리날룰,57,False
pi_mist_A000000213148,정제수,1,False
pi_mist_A000000213148,부틸렌글라이콜,2,False
pi_mist_A000000213148,글리세린,3,False
pi_mist_A000000213148,메틸프로판다이올,4,False
pi_mist_A000000213148,폴리글리세릴-10라우레이트,5,False
pi_mist_A000000213148,스쿠알란,6,False
pi_mist_A000000213148,버지니아풍년화잎추출물,7,False
pi_mist_A000000213148,달맞이꽃꽃추출물,8,False
pi_mist_A000000213148,녹차추출물,9,False
pi_mist_A000000213148,글리세릴글루코사이드,10,False
pi_mist_A000000213148,"1,2-헥산다이올",11,False
pi_mist_A000000213148,아데노신,12,False
pi_mist_A000000213148,에틸헥실글리세린,13,False
pi_mist_A000000213148,하이드로제네이티드레시틴,14,False
pi_mist_A000000213148,소듐시트레이트,15,False
pi_mist_A000000213148,석시닉애씨드,16,False
pi_mist_A000000213148,다이소듐이디티에이,17,False
pi_mist_A000000213148,잔탄검,18,False
pi_mist_A000000213148,하이드록시아세토페논,19,False
pi_mist_A000000154819,정제수,1,False
pi_mist_A000000154819,프로판다이올,2,False
pi_mist_A000000154819,글리세린,3,False
pi_mist_A000000154819,"1,2-헥산다이올",4,False
pi_mist_A000000154819,다이메티콘,5,False
pi_mist_A000000154819,소듐시트레이트,6,False
pi_mist_A000000154819,부틸렌글라이콜,7,False
pi_mist_A000000154819,베타인,8,False
pi_mist_A000000154819,하이드로제네이티드레시틴,9,False
pi_mist_A000000154819,솔비톨,10,False
pi_mist_A000000154819,피이지-60하이드로제네이티드캐스터오일,11,False
pi_mist_A000000154819,솔비탄세스퀴올리에이트,12,False
pi_mist_A000000154819,시트릭애씨드,13,False
pi_mist_A000000154819,센티드제라늄꽃오일,14,False
pi_mist_A000000154819,펜틸렌글라이콜,15,False
pi_mist_A000000154819,다이소듐이디티에이,16,False
pi_mist_A000000154819,프로폴리스추출물,17,False
pi_mist_A000000154819,하이알루로닉애씨드,18,False
pi_mist_A000000154819,판테놀,19,False
pi_mist_A000000154819,하이드록시페닐프로파미도벤조익애씨드,20,False
pi_mist_A000000154819,글루코노락톤,21,False
pi_mist_A000000154819,락토바이오닉애씨드,22,False
pi_mist_A000000154819,판토락톤,23,False
pi_mist_A000000154819,아스코빌팔미테이트,24,False
pi_mist_A000000154819,시트로넬올,25,False
pi_mist_A000000154819,제라니올,26,False
pi_mist_A000000154819,리날룰,27,False
pi_mist_A000000260349,정제수,1,False
pi_mist_A000000260349,프로판다이올,2,False
pi_mist_A000000260349,"2,3-부탄다이올",3,False
pi_mist_A000000260349,글리세린,4,False
pi_mist_A000000260349,베타인,5,False
pi_mist_A000000260349,나이아신아마이드,6,False
pi_mist_A000000260349,세라마이드엔피,7,False
pi_mist_A000000260349,하이드롤라이즈드디엔에이,8,False
pi_mist_A000000260349,판테놀,9,False
pi_mist_A000000260349,병풀추출물,10,False
pi_mist_A000000260349,다이포타슘글리시리제이트,11,False
pi_mist_A000000260349,마데카식애씨드,12,False
pi_mist_A000000260349,아시아틱애씨드,13,False
pi_mist_A000000260349,아시아티코사이드,14,False
pi_mist_A000000260349,마데카소사이드,15,False
pi_mist_A000000260349,에스에이치-올리고펩타이드-1,16,False
pi_mist_A000000260349,옥틸도데칸올,17,False
pi_mist_A000000260349,다이프로필렌글라이콜,18,False
pi_mist_A000000260349,하이드록시아세토페논,19,False
pi_mist_A000000260349,하이드로제네이티드레시틴,20,False
pi_mist_A000000260349,카프릴릴글라이콜,21,False
pi_mist_A000000260349,다이소듐이디티에이,22,False
pi_mist_A000000260349,"1,2-헥산다이올",23,False
pi_mist_A000000243502,정제수,1,False
pi_mist_A000000243502,글리세린,2,False
pi_mist_A000000243502,트라이에틸헥사노인,3,False
pi_mist_A000000243502,하이드로제네이티드폴리(C6-14올레핀),4,False
pi_mist_A000000243502,다이프로필렌글라이콜,5,False
pi_mist_A000000243502,트라이라우레스-4포스페이트,6,False
pi_mist_A000000243502,판테놀,7,False
pi_mist_A000000243502,하이드록시아세토페논,8,False
pi_mist_A000000243502,부틸렌글라이콜,9,False
pi_mist_A000000243502,과라나씨추출물,10,False
pi_mist_A000000243502,도둑놈의지팡이뿌리추출물,11,False
pi_mist_A000000243502,울금뿌리추출물,12,False
pi_mist_A000000243502,메틸다이아이소프로필프로피온아마이드,13,False
pi_mist_A000000243502,에틸헥실글리세린,14,False
pi_mist_A000000243502,"1,2-헥산다이올",15,False
pi_mist_A000000243502,다이소듐이디티에이,16,False
pi_mist_A000000243502,티트리잎오일,17,False
pi_mist_A000000243502,글루타티온,18,False
pi_mist_A000000243502,하이드로제네이티드레시틴,19,False
pi_mist_A000000243502,세테아릴알코올,20,False
pi_mist_A000000243502,카프릴릴글라이콜,21,False
pi_mist_A000000243502,스테아릭애씨드,22,False
pi_mist_A000000243502,폴리글리세릴-10라우레이트,23,False
pi_mist_A000000243502,소듐하이알루로네이트,24,False
pi_mist_A000000243502,세라마이드엔피,25,False
pi_mist_A000000243502,소듐하이알루로네이트크로스폴리머,26,False
pi_mist_A000000243502,포타슘하이알루로네이트,27,False
pi_mist_A000000243502,하이드록시프로필트라이모늄하이알루로네이트,28,False
pi_mist_A000000243502,하이드롤라이즈드소듐하이알루로네이트,29,False
pi_mist_A000000243502,하이드롤라이즈드하이알루로닉애씨드,30,False
pi_mist_A000000243502,하이알루로닉애씨드,31,False
pi_mist_A000000243502,세라마이드엔에스,32,False
pi_mist_A000000243502,세라마이드에이에스,33,False
pi_mist_A000000243502,세라마이드에이피,34,False
pi_mist_A000000243502,카퍼트라이펩타이드-1,35,False
pi_mist_A000000243502,트라이펩타이드-1,36,False
pi_mist_A000000243502,팔미토일트라이펩타이드-1,37,False
pi_mist_A000000243502,팔미토일펜타펩타이드-4,38,False
pi_mist_A000000243502,헥사펩타이드-11,39,False
pi_mist_A000000243502,헥사펩타이드-9,40,False
pi_mist_A000000243502,펜틸렌글라이콜,41,False
pi_mist_A000000243502,소듐아세틸레이티드하이알루로네이트,42,False
pi_mist_A000000243502,세라마이드이오피,43,False
pi_mist_A000000243502,병풀추출물,44,False
pi_mist_A000000244836,정제수,1,False
pi_mist_A000000244836,트라이에틸헥사노인,2,False
pi_mist_A000000244836,나이아신아마이드,3,False
pi_mist_A000000244836,"1,2-헥산다이올",4,False
pi_mist_A000000244836,트라이라우레스-4포스페이트,5,False
pi_mist_A000000244836,에틸헥실글리세린,6,False
pi_mist_A000000244836,부틸렌글라이콜,7,False
pi_mist_A000000244836,하이드로제네이티드레시틴,8,False
pi_mist_A000000244836,덱스트린,9,False
pi_mist_A000000244836,카카오추출물,10,False
pi_mist_A000000244836,향료,11,False
pi_mist_A000000244836,아데노신,12,False
pi_mist_A000000244836,라벤더꽃추출물,13,False
pi_mist_A000000244836,보리지추출물,14,False
pi_mist_A000000244836,수레국화꽃추출물,15,False
pi_mist_A000000244836,클레리추출물,16,False
pi_mist_A000000244836,히아신스전초추출물,17,False
pi_mist_A000000244836,마트리카리아꽃추출물,18,False
pi_mist_A000000244836,하이알루로닉애씨드,19,False
pi_mist_A000000244836,토코페롤,20,False
pi_mist_A000000244836,리날룰,21,False
pi_mist_A000000244836,리모넨,22,False
pi_mist_A000000254068,정제수,1,False
pi_mist_A000000254068,메틸프로판다이올,2,False
pi_mist_A000000254068,메도우폼씨오일,3,False
pi_mist_A000000254068,나이아신아마이드,4,False
pi_mist_A000000254068,부틸렌글라이콜,5,False
pi_mist_A000000254068,글리세린,6,False
pi_mist_A000000254068,트라이에틸헥사노인,7,False
pi_mist_A000000254068,폴리글리세린-3,8,False
pi_mist_A000000254068,다이프로필렌글라이콜,9,False
pi_mist_A000000254068,"1,2-헥산다이올",10,False
pi_mist_A000000254068,하이드록시아세토페논,11,False
pi_mist_A000000254068,소듐시트레이트,12,False
pi_mist_A000000254068,폴리글리세릴-10미리스테이트,13,False
pi_mist_A000000254068,에틸헥실글리세린,14,False
pi_mist_A000000254068,시트릭애씨드,15,False
pi_mist_A000000254068,아데노신,16,False
pi_mist_A000000254068,소듐파이테이트,17,False
pi_mist_A000000254068,판테놀,18,False
pi_mist_A000000254068,알란토인,19,False
pi_mist_A000000254068,다이소듐이디티에이,20,False
pi_mist_A000000254068,스쿠알란,21,False
pi_mist_A000000254068,카프릴릭/카프릭트라이글리세라이드,22,False
pi_mist_A000000254068,세라마이드엔피,23,False
pi_mist_A000000254068,바오밥나무씨오일,24,False
pi_mist_A000000254068,하이드로제네이티드레시틴,25,False
pi_mist_A000000254068,폴리글루쿠로닉애씨드,26,False
pi_mist_A000000254068,토코페롤,27,False
pi_mist_A000000254068,소듐하이알루로네이트,28,False
pi_mist_A000000254068,세라마이드에이에스,29,False
pi_mist_A000000254068,세라마이드엔에스,30,False
pi_mist_A000000254068,세라마이드에이피,31,False
pi_mist_A000000254068,세라마이드이오피,32,False
pi_mist_A000000254068,산양삼추출물,33,False
pi_mist_A000000254068,소듐디엔에이,34,False
pi_mist_A000000014686,정제수,1,False
pi_mist_A000000014686,소듐클로라이드,2,False
pi_mist_A000000014686,징크설페이트,3,False
pi_mist_A000000240453,정제수,1,False
pi_mist_A000000240453,부틸렌글라이콜,2,False
pi_mist_A000000240453,글리세린,3,False
pi_mist_A000000240453,메틸프로판다이올,4,False
pi_mist_A000000240453,폴리글리세릴-10라우레이트,5,False
pi_mist_A000000240453,스쿠알란,6,False
pi_mist_A000000240453,버지니아풍년화잎추출물,7,False
pi_mist_A000000240453,달맞이꽃꽃추출물,8,False
pi_mist_A000000240453,녹차추출물,9,False
pi_mist_A000000240453,글리세릴글루코사이드,10,False
pi_mist_A000000240453,"1,2-헥산다이올",11,False
pi_mist_A000000240453,아데노신,12,False
pi_mist_A000000240453,에틸헥실글리세린,13,False
pi_mist_A000000240453,하이드로제네이티드레시틴,14,False
pi_mist_A000000240453,소듐시트레이트,15,False
pi_mist_A000000240453,석시닉애씨드,16,False
pi_mist_A000000240453,다이소듐이디티에이,17,False
pi_mist_A000000240453,잔탄검,18,False
pi_mist_A000000240453,하이드록시아세토페논,19,False
pi_mist_A000000245184,정제수,1,False
pi_mist_A000000245184,프로판다이올,2,False
pi_mist_A000000245184,비피다발효용해물,3,False
pi_mist_A000000245184,락토바실러스발효용해물,4,False
pi_mist_A000000245184,다이프로필렌글라이콜,5,False
pi_mist_A000000245184,펜틸렌글라이콜,6,False
pi_mist_A000000245184,부틸렌글라이콜,7,False
pi_mist_A000000245184,락토코쿠스발효용해물,8,False
pi_mist_A000000245184,피키아발효용해여과물,9,False
pi_mist_A000000245184,효모발효용해여과물,10,False
pi_mist_A000000245184,"1,2-헥산다이올",11,False
pi_mist_A000000245184,베타인,12,False
pi_mist_A000000245184,초유,13,False
pi_mist_A000000245184,클로렐라불가리스추출물,14,False
pi_mist_A000000245184,자일리톨,15,False
pi_mist_A000000245184,백미꽃추출물,16,False
pi_mist_A000000245184,접시꽃추출물,17,False
pi_mist_A000000245184,하이알루로닉애씨드,18,False
pi_mist_A000000245184,우유지질,19,False
pi_mist_A000000245184,판테놀,20,False
pi_mist_A000000245184,글루코오스,21,False
pi_mist_A000000245184,글리세린,22,False
pi_mist_A000000245184,프룩토올리고사카라이드,23,False
pi_mist_A000000245184,프룩토오스,24,False
pi_mist_A000000245184,에틸헥실글리세린,25,False
pi_mist_A000000245184,다이페닐다이메티콘,26,False
pi_mist_A000000245184,아데노신,27,False
pi_mist_A000000245184,트라이에틸헥사노인,28,False
pi_mist_A000000245184,소듐시트레이트,29,False
pi_mist_A000000245184,소듐파이테이트,30,False
pi_mist_A000000245184,시트릭애씨드,31,False
pi_mist_A000000245184,하이드로제네이티드레시틴,32,False
pi_mist_A000000245184,베타-글루칸,33,False
pi_mist_A000000245184,토코페롤,34,False
pi_mist_A000000245184,마그네슘클로라이드,35,False
pi_mist_A000000245184,테트라데실아미노부티로일발릴아미노부티릭우레아트라이플루오로아세테이트,36,False
pi_mist_A000000248819,정제수,1,False
pi_mist_A000000248819,글리세린,2,False
pi_mist_A000000248819,프로판다이올,3,False
pi_mist_A000000248819,오레가노잎추출물,4,False
pi_mist_A000000248819,폴리글리세린-3,5,False
pi_mist_A000000248819,나이아신아마이드,6,False
pi_mist_A000000248819,"1,2-헥산다이올",7,False
pi_mist_A000000248819,편백잎추출물,8,False
pi_mist_A000000248819,해수,9,False
pi_mist_A000000248819,칼슘락테이트,10,False
pi_mist_A000000248819,젤란검,11,False
pi_mist_A000000248819,에틸헥실글리세린,12,False
pi_mist_A000000248819,다이소듐이디티에이,13,False
pi_mist_A000000248819,부틸렌글라이콜,14,False
pi_mist_A000000248819,소듐디엔에이,15,False
pi_mist_A000000248819,카프릴릴글라이콜,16,False
pi_mist_A000000248819,토코페롤,17,False
pi_mist_A000000248819,글라이신,18,False
pi_mist_A000000248819,세린,19,False
pi_mist_A000000248819,글루타믹애씨드,20,False
pi_mist_A000000248819,소듐하이알루로네이트,21,False
pi_mist_A000000248819,솔비탄라우레이트,22,False
pi_mist_A000000248819,하이드롤라이즈드콜라겐,23,False
pi_mist_A000000248819,아스파틱애씨드,24,False
pi_mist_A000000248819,류신,25,False
pi_mist_A000000248819,알라닌,26,False
pi_mist_A000000248819,라이신,27,False
pi_mist_A000000248819,알지닌,28,False
pi_mist_A000000248819,타이로신,29,False
pi_mist_A000000248819,페닐알라닌,30,False
pi_mist_A000000248819,프롤린,31,False
pi_mist_A000000248819,발린,32,False
pi_mist_A000000248819,트레오닌,33,False
pi_mist_A000000248819,아이소류신,34,False
pi_mist_A000000248819,하이드록시에틸셀룰로오스,35,False
pi_mist_A000000248819,아세틸다이펩타이드-1세틸에스터,36,False
pi_mist_A000000248819,히스티딘,37,False
pi_mist_A000000248819,메티오닌,38,False
pi_mist_A000000248819,시스테인,39,False
pi_mist_A000000248819,엘라스틴,40,False
pi_mist_A000000248819,콜라겐추출물,41,False
pi_mist_A000000248819,하이드록시프로필트라이모늄하이알루로네이트,42,False
pi_mist_A000000248819,하이드롤라이즈드엘라스틴,43,False
pi_mist_A000000248819,수용성엘라스틴,44,False
pi_mist_A000000248819,폴리글루타믹애씨드,45,False
pi_mist_A000000248819,아세틸헥사펩타이드-1,46,False
pi_mist_A000000248819,팔미토일트라이펩타이드-5,47,False
pi_mist_A000000248819,하이드롤라이즈드하이알루로닉애씨드,48,False
pi_mist_A000000248819,소듐아세틸레이티드하이알루로네이트,49,False
pi_mist_A000000248819,하이알루로닉애씨드,50,False
pi_mist_A000000248819,아세틸옥타펩타이드-3,51,False
pi_mist_A000000248819,하이드롤라이즈드소듐하이알루로네이트,52,False
pi_mist_A000000248819,소듐하이알루로네이트크로스폴리머,53,False
pi_mist_A000000248819,포타슘하이알루로네이트,54,False
pi_mist_A000000010498,아벤느온천수(아쿠아),1,False
pi_mist_A000000237453,시트릭애씨드,1,False
pi_mist_A000000237453,토코페롤,2,False
pi_mist_A000000237453,소듐하이알루로네이트,3,False
pi_mist_A000000237453,하이드롤라이즈드하이알루로닉애씨드,4,False
pi_mist_A000000237453,하이알루로닉애씨드,5,False
pi_mist_A000000237453,소듐디엔에이,6,False
pi_mist_A000000243432,정제수,1,False
pi_mist_A000000243432,메틸프로판다이올,2,False
pi_mist_A000000243432,메도우폼씨오일,3,False
pi_mist_A000000243432,나이아신아마이드,4,False
pi_mist_A000000243432,부틸렌글라이콜,5,False
pi_mist_A000000243432,글리세린,6,False
pi_mist_A000000243432,트라이에틸헥사노인,7,False
pi_mist_A000000243432,폴리글리세린-3,8,False
pi_mist_A000000243432,다이프로필렌글라이콜,9,False
pi_mist_A000000243432,"1,2-헥산다이올",10,False
pi_mist_A000000243432,하이드록시아세토페논,11,False
pi_mist_A000000243432,소듐시트레이트,12,False
pi_mist_A000000243432,폴리글리세릴-10미리스테이트,13,False
pi_mist_A000000243432,에틸헥실글리세린,14,False
pi_mist_A000000243432,시트릭애씨드,15,False
pi_mist_A000000243432,아데노신,16,False
pi_mist_A000000243432,소듐파이테이트,17,False
pi_mist_A000000243432,판테놀,18,False
pi_mist_A000000243432,알란토인,19,False
pi_mist_A000000243432,다이소듐이디티에이,20,False
pi_mist_A000000243432,스쿠알란,21,False
pi_mist_A000000243432,카프릴릭/카프릭트라이글리세라이드,22,False
pi_mist_A000000243432,세라마이드엔피,23,False
pi_mist_A000000243432,바오밥나무씨오일,24,False
pi_mist_A000000243432,하이드로제네이티드레시틴,25,False
pi_mist_A000000243432,폴리글루쿠로닉애씨드,26,False
pi_mist_A000000243432,토코페롤,27,False
pi_mist_A000000243432,소듐하이알루로네이트,28,False
pi_mist_A000000243432,세라마이드에이에스,29,False
pi_mist_A000000243432,세라마이드엔에스,30,False
pi_mist_A000000243432,세라마이드에이피,31,False
pi_mist_A000000243432,세라마이드이오피,32,False
pi_mist_A000000243432,산양삼추출물,33,False
pi_mist_A000000243432,소듐디엔에이,34,False
pi_mist_A000000213916,정제수,1,False
pi_mist_A000000213916,메도우폼씨오일,2,False
pi_mist_A000000213916,"1,2-헥산다이올",3,False
pi_mist_A000000213916,메틸프로판다이올,4,False
pi_mist_A000000213916,트레할로오스,5,False
pi_mist_A000000213916,글리세린,6,False
pi_mist_A000000213916,부틸렌글라이콜,7,False
pi_mist_A000000213916,티트리잎추출물,8,False
pi_mist_A000000213916,세라마이드엔피,9,False
pi_mist_A000000213916,병풀추출물,10,False
pi_mist_A000000213916,마데카소사이드,11,False
pi_mist_A000000213916,마데카식애씨드,12,False
pi_mist_A000000213916,아시아티코사이드,13,False
pi_mist_A000000213916,아시아틱애씨드,14,False
pi_mist_A000000213916,아세틸헥사펩타이드-8,15,False
pi_mist_A000000213916,카르노신,16,False
pi_mist_A000000213916,카퍼트라이펩타이드-1,17,False
pi_mist_A000000213916,글루타티온,18,False
pi_mist_A000000213916,아세틸테트라펩타이드-3,19,False
pi_mist_A000000213916,아세틸테트라펩타이드-5,20,False
pi_mist_A000000213916,팔미토일테트라펩타이드-7,21,False
pi_mist_A000000213916,팔미토일트라이펩타이드-1,22,False
pi_mist_A000000213916,팔미토일트라이펩타이드-5,23,False
pi_mist_A000000213916,팔미토일펜타펩타이드-4,24,False
pi_mist_A000000213916,라임전초오일,25,False
pi_mist_A000000213916,라벤더오일,26,False
pi_mist_A000000213916,하이드로제네이티드레시틴,27,False
pi_mist_A000000213916,폴리글리세릴-10올리에이트,28,False
pi_mist_A000000213916,폴리글리세릴-3메틸글루코오스다이스테아레이트,29,False
pi_mist_A000000213916,다이소듐이디티에이,30,False
pi_mist_A000000213916,옥틸도데칸올,31,False
pi_mist_A000000213916,카프릴릴글라이콜,32,False
pi_mist_A000000213916,에틸헥실글리세린,33,False
pi_mist_A000000213916,리모넨,34,False
pi_mist_A000000213916,리날룰,35,False
pi_mist_A000000232220,PDRN젤리미스트콜라겐수,1,False
pi_mist_A000000232220,아이소프로필미리스테이트,2,False
pi_mist_A000000232220,글리세린,3,False
pi_mist_A000000232220,나이아신아마이드,4,False
pi_mist_A000000232220,"1,2-헥산다이올",5,False
pi_mist_A000000232220,정제수,6,False
pi_mist_A000000232220,소듐클로라이드,7,False
pi_mist_A000000232220,메도우폼씨오일,8,False
pi_mist_A000000232220,부틸렌글라이콜,9,False
pi_mist_A000000232220,하이드록시아세토페논,10,False
pi_mist_A000000232220,프로판다이올,11,False
pi_mist_A000000232220,젤란검,12,False
pi_mist_A000000232220,소듐디엔에이,13,False
pi_mist_A000000232220,해바라기씨오일,14,False
pi_mist_A000000232220,에틸헥실글리세린,15,False
pi_mist_A000000232220,아데노신,16,False
pi_mist_A000000232220,트라이에틸헥사노인,17,False
pi_mist_A000000232220,옥수수커넬추출물,18,False
pi_mist_A000000232220,알간나뿌리추출물,19,False
pi_mist_A000000232220,다이소듐이디티에이,20,False
pi_mist_A000000232220,도쿄치류,21,False
pi_mist_A000000232220,하이드로제네이티드레시틴,22,False
pi_mist_A000000232220,하이드롤라이즈드하이알루로닉애씨드,23,False
pi_mist_A000000232220,하이드롤라이즈드콜라겐,24,False
pi_mist_A000000232220,글리세릴카프릴레이트,25,False
pi_mist_A000000232220,콜라겐,26,False
pi_mist_A000000232220,프로판,27,False
pi_mist_A000000232220,다채추출가루/잎추출물,28,False
pi_mist_A000000232220,미타자씨오일,29,False
pi_mist_A000000232220,올록수스,30,False
pi_mist_A000000232220,카멜그라스잎추출물,31,False
pi_mist_A000000232220,스타아니스열매/씨오일,32,False
pi_mist_A000000232220,스쿠알란,33,False
pi_mist_A000000232220,글루코오스,34,False
pi_mist_A000000232220,하이드롤라이즈드엘라스틴,35,False
pi_mist_A000000232220,연잎추출물,36,False
pi_mist_A000000232220,말토덱스트린,37,False
pi_mist_A000000232220,카프릴릭/카프릭트라이글리세라이드,38,False
pi_mist_A000000232220,로즈마리잎오일,39,False
pi_mist_A000000232220,판테놀,40,False
pi_mist_A000000232220,소듐파이테이트,41,False
pi_mist_A000000232220,소듐시트레이트,42,False
pi_mist_A000000232220,카프릴릴글라이콜,43,False
pi_mist_A000000232220,소듐포스페이트,44,False
pi_mist_A000000232220,시트릭애씨드,45,False
pi_mist_A000000232220,진주추출물,46,False
pi_mist_A000000232220,사이아노코발아민,47,False
pi_mist_A000000232220,에스에이치-올리고펩타이드-1**PDRN수분크림정제수,48,False
pi_mist_A000000232220,글리세레스-26,49,False
pi_mist_A000000232220,사이클로펜타실록세인,52,False
pi_mist_A000000232220,하이드로제네이티드폴리데센,55,False
pi_mist_A000000232220,아이소노닐아이소노나노에이트,56,False
pi_mist_A000000232220,세테아릴올리베이트,57,False
pi_mist_A000000232220,에틸헥실올리베이트,58,False
pi_mist_A000000232220,솔비탄올리베이트,60,False
pi_mist_A000000232220,소듐아크릴레이트코폴리머,62,False
pi_mist_A000000232220,소듐폴리아크릴로일다이메틸타우레이트,63,False
pi_mist_A000000232220,하이드록시에틸아크릴레이트/소듐아크릴로일다이메틸타우레이트코폴리머,64,False
pi_mist_A000000232220,폴리글리세릴-4올리에이트,65,False
pi_mist_A000000232220,베타인,67,False
pi_mist_A000000232220,향료,69,False
pi_mist_A000000232220,솔비탄아이소스테아레이트,72,False
pi_mist_A000000232220,글리세릴아크릴레이트/아크릴릭애씨드코폴리머,74,False
pi_mist_A000000232220,세테아릴알코올,78,False
pi_mist_A000000232220,스테아릭애씨드,79,False
pi_mist_A000000232220,소듐하이알루로네이트,80,False
pi_mist_A000000232220,하이드록시프로필트라이모늄하이알루로네이트,81,False
pi_mist_A000000232220,세라마이드엔피,82,False
pi_mist_A000000232220,꿀풀추출물,83,False
pi_mist_A000000232220,블래더랙추출물,84,False
pi_mist_A000000232220,노니열매추출물,85,False
pi_mist_A000000232220,여주열매추출물,86,False
pi_mist_A000000232220,오크라열매추출물,87,False
pi_mist_A000000232220,세라마이드엔에스,88,False
pi_mist_A000000232220,소듐아세틸레이티드하이알루로네이트,89,False
pi_mist_A000000232220,병풀잎추출물,91,False
pi_mist_A000000232220,콜레스테롤,92,False
pi_mist_A000000232220,피토스핑고신,93,False
pi_mist_A000000232220,세라마이드에이에스,94,False
pi_mist_A000000232220,세라마이드에이피,95,False
pi_mist_A000000232220,하이알루로닉애씨드,96,False
pi_mist_A000000232220,카퍼트라이펩타이드-1,97,False
pi_mist_A000000232220,소듐하이알루로네이트크로스폴리머,98,False
pi_mist_A000000232220,아세틸헥사펩타이드-8,99,False
pi_mist_A000000232220,팔미토일펜타펩타이드-4,100,False
pi_mist_A000000232220,하이드롤라이즈드소듐하이알루로네이트,101,False
pi_mist_A000000232220,팔미토일테트라펩타이드-7,102,False
pi_mist_A000000232220,팔미토일트라이펩타이드-1,103,False
pi_mist_A000000232220,포타슘하이알루로네이트,104,False
pi_mist_A000000232220,세라마이드이오피**PDRN앰플정제수,105,False
pi_mist_A000000232220,다이프로필렌글라이콜,107,False
pi_mist_A000000232220,폴리글리세린-3,114,False
pi_mist_A000000232220,소듐아크릴레이트/소듐아크릴로일다이메틸타우레이트코폴리머,115,False
pi_mist_A000000232220,폴리아이소부텐,116,False
pi_mist_A000000232220,아크릴레이트/C10-30알킬아크릴레이트크로스폴리머,117,False
pi_mist_A000000232220,이리추출물,118,False
pi_mist_A000000232220,트로메타민,119,False
pi_mist_A000000232220,피브이엠/엠에이코폴리머,121,False
pi_mist_A000000232220,인도멀구슬나무잎추출물,125,False
pi_mist_A000000232220,카프릴릴/카프릴글루코사이드,127,False
pi_mist_A000000232220,솔비탄올리에이트,128,False
pi_mist_A000000232220,인도멀구슬나무꽃추출물,129,False
pi_mist_A000000232220,울금뿌리추출물,132,False
pi_mist_A000000232220,유비퀴논,135,False
pi_mist_A000000232220,홀리바질잎추출물,136,False
pi_mist_A000000232220,참산호말추출물,137,False
pi_mist_A000000232220,연어알추출물,143,False
pi_mist_A000000232220,아텔로콜라겐,144,False
pi_mist_A000000233578,콜라겐수,1,False
pi_mist_A000000233578,정제수,2,False
pi_mist_A000000233578,글리세린,3,False
pi_mist_A000000233578,"1,2-헥산다이올",4,False
pi_mist_A000000233578,나이아신아마이드,5,False
pi_mist_A000000233578,폴리글리세린-3,6,False
pi_mist_A000000233578,마데카소사이드,7,False
pi_mist_A000000233578,아시아티코사이드,8,False
pi_mist_A000000233578,말토덱스트린,9,False
pi_mist_A000000233578,병풀추출물,10,False
pi_mist_A000000233578,백미꽃추출물,11,False
pi_mist_A000000233578,무화과추출물,12,False
pi_mist_A000000233578,석류추출물,13,False
pi_mist_A000000233578,뽕나무열매추출물,14,False
pi_mist_A000000233578,은행추출물,15,False
pi_mist_A000000233578,락토바실러스/콜라겐발효여과물,16,False
pi_mist_A000000233578,하이드롤라이즈드콜라겐,17,False
pi_mist_A000000233578,소듐디엔에이,18,False
pi_mist_A000000233578,수용성콜라겐,19,False
pi_mist_A000000233578,콜라겐,20,False
pi_mist_A000000233578,콜라겐아미노산,21,False
pi_mist_A000000233578,알로에베라잎추출물,22,False
pi_mist_A000000233578,하이드로제네이티드레시틴,23,False
pi_mist_A000000233578,유청여과물,24,False
pi_mist_A000000233578,프룩탄,25,False
pi_mist_A000000233578,아텔로콜라겐,26,False
pi_mist_A000000233578,데사미도콜라겐,27,False
pi_mist_A000000233578,소듐아스코빌포스페이트,28,False
pi_mist_A000000233578,프로콜라겐,29,False
pi_mist_A000000233578,헥사펩타이드-9,30,False
pi_mist_A000000233578,아세틸헥사펩타이드-8,31,False
pi_mist_A000000233578,우유엑소좀,32,False
pi_mist_A000000233578,황련뿌리추출물,33,False
pi_mist_A000000233578,트라이펩타이드-1,34,False
pi_mist_A000000233578,트라이펩타이드-29,35,False
pi_mist_A000000233578,바이오틴,36,False
pi_mist_A000000233578,아스코빅애씨드,37,False
pi_mist_A000000233578,리보플라빈,38,False
pi_mist_A000000233578,티아민에이치씨엘,39,False
pi_mist_A000000233578,폴릭애씨드,40,False
pi_mist_A000000233578,피리독신,41,False
pi_mist_A000000233578,아데노신,42,False
pi_mist_A000000233578,망고씨버터,43,False
pi_mist_A000000233578,야자씨버터,44,False
pi_mist_A000000233578,쿠푸아수씨버터,45,False
pi_mist_A000000233578,소듐서팩틴,46,False
pi_mist_A000000233578,부틸렌글라이콜,47,False
pi_mist_A000000233578,마카다미아씨오일,48,False
pi_mist_A000000233578,카프릴릭/카프릭트라이글리세라이드,49,False
pi_mist_A000000233578,시어버터,50,False
pi_mist_A000000233578,프로판다이올,51,False
pi_mist_A000000233578,펜틸렌글라이콜,52,False
pi_mist_A000000233578,소듐팔미토일사코시네이트,53,False
pi_mist_A000000233578,아이소펜틸다이올,54,False
pi_mist_A000000233578,젤란검,55,False
pi_mist_A000000233578,칼슘락테이트,56,False
pi_mist_A000000233578,사이아노코발아민,57,False
pi_mist_A000000233578,폴리글리세릴-10라우레이트,58,False
pi_mist_A000000233578,이눌린라우릴카바메이트,59,False
pi_mist_A000000233578,카프릴릴글라이콜,60,False
pi_mist_A000000233578,에틸헥실글리세린,61,False
pi_mist_A000000233578,향료,62,False
pi_mist_A000000200724,온천수,1,False
pi_mist_A000000115500,정제수,1,False
pi_mist_A000000115500,프로판다이올,2,False
pi_mist_A000000115500,아이리쉬모스추출물,3,False
pi_mist_A000000115500,사탕수수추출물,4,False
pi_mist_A000000115500,라벤더오일,5,False
pi_mist_A000000115500,로즈마리잎오일,6,False
pi_mist_A000000115500,왕귤껍질오일,7,False
pi_mist_A000000115500,마트리카리아꽃오일,8,False
pi_mist_A000000115500,해수,9,False
pi_mist_A000000115500,초피나무열매추출물,10,False
pi_mist_A000000115500,서양톱풀추출물,11,False
pi_mist_A000000115500,레이디스맨틀추출물,12,False
pi_mist_A000000115500,트루로즈오브예리코추출물,13,False
pi_mist_A000000115500,당아욱추출물,14,False
pi_mist_A000000115500,레몬밤잎추출물,15,False
pi_mist_A000000115500,페퍼민트잎추출물,16,False
pi_mist_A000000115500,카우슬립추출물,17,False
pi_mist_A000000115500,스피드웰추출물,18,False
pi_mist_A000000115500,약모밀추출물,19,False
pi_mist_A000000115500,병풀추출물,20,False
pi_mist_A000000115500,락토바실러스발효물,21,False
pi_mist_A000000115500,제충국꽃추출물,22,False
pi_mist_A000000115500,레몬유칼립투스오일,23,False
pi_mist_A000000115500,마데카소사이드,24,False
pi_mist_A000000115500,글리세린,25,False
pi_mist_A000000115500,부틸렌글라이콜,26,False
pi_mist_A000000115500,폴리글리세릴-2올리에이트,27,False
pi_mist_A000000115500,피이지-60하이드로제네이티드캐스터오일,28,False
pi_mist_A000000115500,다이프로필렌글라이콜,29,False
pi_mist_A000000115500,옥틸도데세스-16,30,False
pi_mist_A000000115500,다이포타슘글리시리제이트,31,False
pi_mist_A000000115500,에틸헥실글리세린,32,False
pi_mist_A000000115500,소듐시트레이트,33,False
pi_mist_A000000115500,시트릭애씨드,34,False
pi_mist_A000000115500,판테놀,35,False
pi_mist_A000000115500,아시아티코사이드,36,False
pi_mist_A000000115500,소듐피씨에이,37,False
pi_mist_A000000115500,아시아틱애씨드,38,False
pi_mist_A000000115500,하이드로제네이티드레시틴,39,False
pi_mist_A000000115500,마데카식애씨드,40,False
pi_mist_A000000115500,마그네슘피씨에이,41,False
pi_mist_A000000115500,"1,2-헥산다이올",42,False
pi_mist_A000000115500,징크피씨에이,43,False
pi_mist_A000000115500,피이지-40하이드로제네이티드캐스터오일,44,False
pi_mist_A000000115500,망가니즈피씨에이,45,False
pi_mist_A000000115500,소듐하이알루로네이트,46,False
pi_mist_A000000115500,다이소듐이디티에이,47,False
pi_mist_A000000115500,페녹시에탄올,48,False
pi_mist_A000000115500,포타슘솔베이트,49,False
pi_mist_A000000115500,리모넨,50,False
pi_mist_A000000115500,리날룰*제공된성분은동일제품이라도경우에따라변경될수있습니다.최신정보는제품포장의성분을참고하시거나닥터자르트고객만족센터(1544-5453)으로연락부탁드립니다,51,False
pi_mist_A000000117163,정제수,1,False
pi_mist_A000000117163,프로판다이올,2,False
pi_mist_A000000117163,"1,2-헥산다이올",3,False
pi_mist_A000000117163,카프릴릭/카프릭트라이글리세라이드,4,False
pi_mist_A000000117163,폴리글리세릴-10라우레이트,5,False
pi_mist_A000000117163,솔비탄세스퀴올리에이트,6,False
pi_mist_A000000117163,소듐하이알루로네이트,7,False
pi_mist_A000000117163,에틸헥실글리세린,8,False
pi_mist_A000000117163,펜틸렌글라이콜,9,False
pi_mist_A000000117163,트레할로오스,10,False
pi_mist_A000000117163,병풀추출물,11,False
pi_mist_A000000117163,베타인,12,False
pi_mist_A000000117163,베타-글루칸,13,False
pi_mist_A000000117163,소듐피씨에이,14,False
pi_mist_A000000117163,포도즙추출물,15,False
pi_mist_A000000117163,소듐하이알루로네이트크로스폴리머,16,False
pi_mist_A000000117163,하이드롤라이즈드하이알루로닉애씨드,17,False
pi_mist_A000000117163,자일리틸글루코사이드,18,False
pi_mist_A000000117163,안하이드로자일리톨,19,False
pi_mist_A000000117163,하이알루로닉애씨드,20,False
pi_mist_A000000117163,"하이드롤라이즈드소듐하이알루로네이트,)",21,False
pi_mist_A000000117163,센티드제라늄꽃오일,22,False
pi_mist_A000000117163,알란토인,23,False
pi_mist_A000000117163,자일리톨,24,False
pi_mist_A000000117163,시트로넬올,25,False
pi_mist_A000000117163,리날룰,26,False
pi_mist_A000000117163,리모넨,27,False
pi_mist_A000000117163,제라니올,28,False
pi_mist_A000000117163,시트랄*히아루론산솔루션함유,29,False
pi_mist_A000000252899,정제수,1,False
pi_mist_A000000252899,글리세린,2,False
pi_mist_A000000252899,트라이에틸헥사노인,3,False
pi_mist_A000000252899,하이드로제네이티드폴리(C6-14올레핀),4,False
pi_mist_A000000252899,다이프로필렌글라이콜,5,False
pi_mist_A000000252899,트라이라우레스-4포스페이트,6,False
pi_mist_A000000252899,판테놀,7,False
pi_mist_A000000252899,하이드록시아세토페논,8,False
pi_mist_A000000252899,부틸렌글라이콜,9,False
pi_mist_A000000252899,과라나씨추출물,10,False
pi_mist_A000000252899,도둑놈의지팡이뿌리추출물,11,False
pi_mist_A000000252899,울금뿌리추출물,12,False
pi_mist_A000000252899,메틸다이아이소프로필프로피온아마이드,13,False
pi_mist_A000000252899,에틸헥실글리세린,14,False
pi_mist_A000000252899,"1,2-헥산다이올",15,False
pi_mist_A000000252899,다이소듐이디티에이,16,False
pi_mist_A000000252899,티트리잎오일,17,False
pi_mist_A000000252899,글루타티온,18,False
pi_mist_A000000252899,하이드로제네이티드레시틴,19,False
pi_mist_A000000252899,세테아릴알코올,20,False
pi_mist_A000000252899,카프릴릴글라이콜,21,False
pi_mist_A000000252899,스테아릭애씨드,22,False
pi_mist_A000000252899,폴리글리세릴-10라우레이트,23,False
pi_mist_A000000252899,소듐하이알루로네이트,24,False
pi_mist_A000000252899,세라마이드엔피,25,False
pi_mist_A000000252899,소듐하이알루로네이트크로스폴리머,26,False
pi_mist_A000000252899,포타슘하이알루로네이트,27,False
pi_mist_A000000252899,하이드록시프로필트라이모늄하이알루로네이트,28,False
pi_mist_A000000252899,하이드롤라이즈드소듐하이알루로네이트,29,False
pi_mist_A000000252899,하이드롤라이즈드하이알루로닉애씨드,30,False
pi_mist_A000000252899,하이알루로닉애씨드,31,False
pi_mist_A000000252899,세라마이드엔에스,32,False
pi_mist_A000000252899,세라마이드에이에스,33,False
pi_mist_A000000252899,세라마이드에이피,34,False
pi_mist_A000000252899,카퍼트라이펩타이드-1,35,False
pi_mist_A000000252899,트라이펩타이드-1,36,False
pi_mist_A000000252899,팔미토일트라이펩타이드-1,37,False
pi_mist_A000000252899,팔미토일펜타펩타이드-4,38,False
pi_mist_A000000252899,헥사펩타이드-11,39,False
pi_mist_A000000252899,헥사펩타이드-9,40,False
pi_mist_A000000252899,펜틸렌글라이콜,41,False
pi_mist_A000000252899,소듐아세틸레이티드하이알루로네이트,42,False
pi_mist_A000000252899,세라마이드이오피,43,False
pi_mist_A000000252899,병풀추출물,44,False
pi_mist_A000000001588,천연빙하수,1,False
pi_mist_A000000002326,온천수,1,False
pi_mist_A000000010485,정제수,1,False
pi_mist_A000000010507,아벤느온천수(아쿠아),1,False
pi_mist_A000000014357,온천수,1,False
pi_mist_A000000014358,온천수,1,False
pi_mist_A000000014960,천연빙하수,1,False
pi_mist_A000000016694,아벤느온천수(아쿠아),1,False
pi_mist_A000000016697,아벤느온천수(아쿠아),1,False
pi_mist_A000000016698,아벤느온천수(아쿠아),1,False
pi_mist_A000000104159,정제수,1,False
pi_mist_A000000104159,다이프로필렌글라이콜,2,False
pi_mist_A000000104159,부틸렌글라이콜,3,False
pi_mist_A000000104159,글리세린,4,False
pi_mist_A000000104159,알로에베라잎수,5,False
pi_mist_A000000104159,병풀추출물,6,False
pi_mist_A000000104159,효모용해추출물,7,False
pi_mist_A000000104159,효모추출물,8,False
pi_mist_A000000104159,카페인,9,False
pi_mist_A000000104159,캐모마일,10,False
pi_mist_A000000104159,트레할로오스,11,False
pi_mist_A000000104159,토코페릴아세테이트,12,False
pi_mist_A000000104159,수크로오스,13,False
pi_mist_A000000104159,솔비톨,14,False
pi_mist_A000000104159,다이소듐이디티에이,15,False
pi_mist_A000000104159,포타슘솔베이트,16,False
pi_mist_A000000104159,클로페네신,17,False
pi_mist_A000000104159,페녹시에탄올[ILN28954]*제공된성분은동일제품이라도경우에따라변경될수있습니다.최신정보는제품포장의성분을참고하시거나본사고객관리지원팀으로연락부탁드립니다,18,False
pi_mist_A000000149221,알로에베라잎추출물,1,False
pi_mist_A000000149221,사과추출물,2,False
pi_mist_A000000149221,토마토열매/잎/줄기추출물,3,False
pi_mist_A000000149221,호호바씨오일,4,False
pi_mist_A000000149221,매실수,5,False
pi_mist_A000000149221,녹차추출물,6,False
pi_mist_A000000149221,알파-비사보롤,7,False
pi_mist_A000000149221,황금추출물,8,False
pi_mist_A000000149221,모란뿌리추출물,9,False
pi_mist_A000000149221,스페인감초뿌리추출물,10,False
pi_mist_A000000149221,밤부사불가리스잎/줄기추출물,11,False
pi_mist_A000000149221,모하비유카뿌리추출물,12,False
pi_mist_A000000149221,은행나무잎추출물,13,False
pi_mist_A000000149221,그롬웰뿌리추출물,14,False
pi_mist_A000000149221,베르가모트오일,15,False
pi_mist_A000000149221,로즈우드오일,16,False
pi_mist_A000000149221,카프릴릭/카프릭트라이글리세라이드,17,False
pi_mist_A000000149221,웨스트오스트레일리아산달우드목부오일,18,False
pi_mist_A000000149221,라벤더오일,19,False
pi_mist_A000000149221,다마스크장미꽃오일,20,False
pi_mist_A000000149221,제라니올,21,False
pi_mist_A000000149221,파네솔,22,False
pi_mist_A000000149221,리날룰,23,False
pi_mist_A000000149221,시트로넬올,24,False
