product_id,category,product_name,brand_name,manufacturer,brand,manufacturer_confidence,goods_no,data_source,ml_display,ml_estimated_total,volume_unit,price_regular,price_sale,price_per_10ml,raw_ingredient_text
bodyLotionCream_01,bodyLotionCream,[5년연속1위] 일리윤 세라마이드 아토 로션기획(600ML+600ML),일리윤,(주)코스비전,(주)아모레퍼시픽,high,,olive_crwl_products,,,,,,,"정제수, 글리세린, 프로판다이올, 하이드로제네이티드쌀겨오일, 사이클로펜타실록세인, 하이드로제네이티드폴리(C6-14올레핀), 사이클로헥사실록세인, 다이메티콘, 세틸에틸헥사노에이트, 다이아이소스테아릴말레이트, 1,2-헥산다이올, 부틸렌글라이콜, 하이드록시에틸아크릴레이트/소듐아크릴로일다이메틸타우레이트코폴리머, C14-22알코올, 아라키딜알코올, 스테아릭애씨드, 글리세릴스테아레이트, 팔미틱애씨드, 베헤닐알코올, C12-20알킬글루코사이드,. 글리세릴카프릴레이트, 아라키딜글루코사이드, 인삼수, 다이소듐이디티에이, 에틸헥실글리세린, 솔비탄아이소스테아레이트, 폴리솔베이트60, 들깨추출물, 시호뿌리추출물, 왜당귀뿌리추출물, 소엽맥문동뿌리추출물, 하이드록시프로필비스팔미타마이드엠이에이(세라마이드 PC-104 65.5ppm), 만니톨, 글루코오스, 검정콩오일, 미리스틱애씨드, 아크릴레이트/암모늄메타크릴레이트코폴리머, 아라키딕애씨드, 세라마이드엔피(4ppm), 콜레스테롤, 실리카, 피토스핑고신, 하이드로제네이티드레시틴, 토코페롤, 카놀라오일, 로즈마리잎추출물"
bodyLotionCream_02,bodyLotionCream,[7월 올영픽/NEW]일리윤 세라마이드 아토 선로션 330ml,일리윤,(주)씨엔에프,(주)아모레퍼시픽,high,,olive_crwl_products,,,,,,,"정제수, 다이부틸아디페이트, 프로판다이올, 에칠헥실트리아존, 테레프탈릴리덴디캠퍼설포닉애씨드, 글리세린, 폴리글리세릴-3다이스테아레이트, 트로메타민, 디에칠아미노하이드록시벤조일헥실벤조에이트, 1,2-헥산다이올, C12-15알킬벤조에이트, 폴리메틸실세스퀴옥세인, 폴리실리콘-15, 다이메티콘, 트레할로오스, 글리세릴스테아레이트, 베타인, 비스-에칠헥실옥시페놀메톡시페닐트리아진, 포타슘세틸포스페이트, 세테아릴알코올, 아크릴레이트/C10-30알킬아크릴레이트크로스폴리머, 폴리프로필실세스퀴옥세인, 하이드록시아세토페논, 카보머, 글리세릴스테아레이트시트레이트, 메틸프로판다이올, 에틸헥실글리세린, 폴리에터-1, 부틸렌글라이콜, 인삼수, 황금추출물, 매실추출물, 검정콩오일, 하이드로제네이티드레시틴, 스쿠알란, 마데카소사이드, 폴리글리세릴-10펜타스테아레이트, 세틸-피지하이드록시에틸팔미타마이드, 스테아릭애씨드, 만니톨, 세라마이드엔피, 피토스핑고신, 펜틸렌글라이콜, 다이포타슘글리시리제이트, 아크릴레이트/암모늄메타크릴레이트코폴리머, 콜레스테롤, 실리카, 아라키딕애씨드, 카놀라오일, 팔미틱애씨드, 로즈마리잎추출물, 올레익애씨드, 토코페롤"
bodyLotionCream_03,bodyLotionCream,[7월 올영픽/심으뜸PICK]넛세린 아로마 넛 괄사 세럼 단품/기획 4종 택1,넛세린,"㈜그린코스, ㈜씨아이티",㈜지니씨앤씨,high,,olive_crwl_products,,,,,,,"[슬림핏 괄사 세럼]
정제수, 해바라기씨오일(18 %), 부틸렌글라이콜, 글리세레스-26, 나이아신아마이드, 시어버터, 폴리글리세릴-6스테아레이트, 1,2-헥산다이올, 마카다미아씨오일(1 %), 프로판다이올, 라벤더오일(4,000 ppm), 아크릴레이트/C10-30알킬아크릴레이트크로스폴리머, 자몽껍질오일(3,000 ppm), 포타슘세틸포스페이트, 하이드로제네이티드팜글리세라이즈, 폴리글리세릴-6베헤네이트, 트로메타민, 에틸헥실글리세린, 오렌지껍질오일(900 ppm), 팔마로사오일(800 ppm), 베르가모트오일(500 ppm), 아데노신, 센티드제라늄꽃오일(400 ppm), 소듐하이알루로네이트, 발삼코파이바수지(200 ppm), 화이트참파카잎오일(100 ppm), 캐모마일꽃오일(60 ppm), 생강오일(20 ppm), 오렌지꽃오일(20ppm), 타임추출물(10 ppm), 살비아추출물(10 ppm), 파스향나무잎추출물(10 ppm), 지모뿌리추출물(10 ppm), 마트리카리아꽃추출물(10 ppm), 쿼세틴, 캠페롤, 카페인, 스위트아몬드오일(330 ppb), 블루탄지꽃오일(0.1 ppm), 커피콩추출물, 하이드롤라이즈드익스텐신, 시트랄, 제라니올, 리날룰, 시트로넬올, 리모넨

[쿨링 괄사 세럼]
정제수,변성알코올,글리세린,멘톨,나이아신아마이드,다이프로필렌글라이콜,1,2-헥산다이올,알지닌,카보머,피이지-60하이드로제네이티드캐스터오일,카프릴릴글라이콜,세틸에틸헥사노에이트,메틸다이아이소프로필프로피온아마이드,캠퍼,향료,아데노신,구기자추출물,육두구추출물,해바라기씨오일(34ppm),마카다미아씨오일(33ppm),스위트아몬드오일(33ppm),아세틸글루코사민,다이메틸설폰,멘톤글리세린아세탈,자일리톨,부틸렌글라이콜,개박하추출물,청색1호,라벤더꽃추출물,치자추출물,유칼립투스잎추출물,페퍼민트추출물,마그네슘클로라이드,진주추출물,포타슘클로라이드,고수추출물,샤프란꽃추출물,소두구씨추출물,에틸헥실글리세린,회향씨추출물"
bodyLotionCream_04,bodyLotionCream,[5초뿌리는바디로션] 히든 퍼퓸 스프레이 바디로션 기획/단품 10종,히든,(주)비앤비코리아,(주)이삼오구,high,,olive_crwl_products,,,,,,,"정제수, 자일리톨, 아이소프로필미리스테이트, 글리세린, 1,2-헥산다이올, 폴리글리세릴-10다이아이소스테아레이트, 세테아릴알코올, 향료, 다이메티콘, 글리세릴스테아레이트, 스테아릭애씨드, 폴리글리세릴-3메틸글루코오스다이스테아레이트, 병풀잎수, 알란토인, 판테놀, 에틸헥실글리세린, 암모늄아크릴로일다이메틸타우레이트/브이피코폴리머, 다이소듐이디티에이, 잔탄검, 부틸렌글라이콜, 시트릭애씨드, 하이드롤라이즈드옥수수단백질, 하이드롤라이즈드완두콩단백질, 하이드롤라이즈드감자단백질, 하이드롤라이즈드쌀단백질, 하이드롤라이즈드콩단백질, 하이드롤라이즈드밀단백질, 알파-아이소메틸아이오논, 쿠마린, 벤질벤조에이트, 아밀신남알, 제라니올, 하이드록시시트로넬알, 시트로넬올, 유제놀, 리모넨, 리날룰"
bodyLotionCream_05,bodyLotionCream,일리윤 세라마이드 아토 로션 (600ml/600ml기획),일리윤,(주)아모레퍼시픽,,확인 필요,,olive_crwl_products,,,,,,,"정제수, 글리세린, 프로판다이올, 다이메티콘, 하이드로제네이티드쌀겨오일, 하이드로제네이티드폴리(C6-14올레핀), 세틸에틸헥사노에이트, 다이아이소스테아릴말레이트, 1,2-헥산다이올, 하이드록시에틸아크릴레이트/소듐아크릴로일다이메틸타우레이트코폴리머, C14-22알코올, 아라키딜알코올, 팔미틱애씨드, 글리세릴스테아레이트, 스테아릭애씨드, 베헤닐알코올, C12-20알킬글루코사이드, 글리세릴카프릴레이트, 아라키딜글루코사이드, 솔비탄아이소스테아레이트, 에틸헥실글리세린, 부틸렌글라이콜, 소듐메타포스페이트, 인삼수, 황금추출물, 세틸-피지하이드록시에틸팔미타마이드(세라마이드 CPP-40 65.5ppm), 만니톨, 매실추출물, 하이드로제네이티드레시틴, 검정콩오일, 스쿠알란, 마데카소사이드, 폴리글리세릴-10펜타스테아레이트, 아크릴레이트/암모늄메타크릴레이트코폴리머, 세라마이드엔피(4.04ppm), 토코페롤, 콜레스테롤, 피토스핑고신, 실리카, 펜틸렌글라이콜, 다이포타슘글리시리제이트, 아라키딕애씨드, 올레익애씨드, 카놀라오일, 로즈마리잎추출물"
skinToner_01,skinToner,[단독기획] 원씽 병풀추출물 150ml 더블 기획 (+병풀 수딩 마스크 2매),원씽,(주)바이온셀,(주)원씽,high,,olive_crwl_products,,,,,,,"원씽 병풀추출물 150ml: 병풀잎수(94%), 부틸렌글라이콜, 1,2 -헥산다이올, 병풀추출물(1%)
원씽 병풀 수딩 마스크팩 20ml: 정제수, 부틸렌글라이콜, 글리세린, 1,2-헥산다이올, 하이드록시아세토페논, 알란토인, 병풀잎수(990ppm), 알지닌, 아크릴레이트 /C10-30알킬아크릴레이트크로스폴리머, 프로판다이올, 다이소듐이디티에이, 덱스트린, 카카오추출물, 병풀추출물(100 ppm), 판테놀, 올리브오일, 카프릴릭/카프릭트라이글리세라이드, 시어버터, 하이드로제네이티드레시틴, 스쿠알란, 소듐하이알루로네이트, 하이알루로닉애씨드, 하이드롤라이즈드소듐하이알루로네이트, 하이드롤라이즈드하이알루로닉애씨드, 다이메틸실란올하이알루로네이트, 포타슘하이알루로네이트, 소듐하이알루로네이트크로스폴리머, 하이드록시프로필트라이 모늄하이알루로네이트, 소듐하이알루로네이트다이메틸실란올, 소듐아세틸레이티드하이알루로네이트, 세라마이드엔피, 콜레스테롤, 피토스핑고신"
skinToner_02,skinToner,[화잘먹/단독기획] 폴라초이스 바하 리퀴드 엑스폴리언트 118ml 기획 (+바하 리퀴드 30ml),폴라초이스,(주)잉글우드랩코리아,폴라초이스 코리아,high,,olive_crwl_products,,,,,,,"정제수, 프로필렌글라이콜, 나이아신아마이드, 펜틸렌글라이콜, 글리세린, 살리실릭애씨드(0.5%), 흰버드나무껍질추출물(0.5%), 피이지/피피지-17/6코폴리머, 폴리솔베이트20, 비스-피이지-18메틸에터다이메틸실레인, 소듐파이테이트, 10-하이드록시데카노익애씨드, 알란토인, 다이포타슘글리시리제이트, 카프릴릴글라이콜, 페녹시에탄올, 클로페네신, 소듐하이드록사이드, 1,2-헥산다이올, 소듐하이알루로네이트, 비에이치티"
skinToner_03,skinToner,[NEW] 토리든 다이브인 저분자 히알루론산 토너 500ml 기획 (+늘어나는 화장솜 60매),토리든,㈜에이텍,㈜토리든,high,,olive_crwl_products,,,,,,,"정제수, 부틸렌글라이콜, 다이프로필렌글라이콜, 1,2-헥산다이올, 글리세린, 베타인, 알란토인, 판테놀, 소듐하이알루로네이트크로스폴리머, 소듐하이알루로네이트, 소듐아세틸레이티드하이알루로네이트, 하이드롤라이즈드소듐하이알루로네이트, 하이드롤라이즈드하이알루로닉애씨드(200ppm), 엑토인, 감초추출물, 2,3-부탄다이올, 쇠비름추출물, 트레할로오스, 알지닌, 펜틸렌글라이콜, 말라카이트추출물, 다이소듐이디티에이, 에틸헥실글리세린"
skinToner_04,skinToner,[한정기획] 아누아 어성초 77 히알루론산 수분 진정 토너 350ml 더블기획 (+어성초 크림 20ml),아누아,한국콜마(주),㈜더파운더즈,high,,olive_crwl_products,,,,,,,"[토너] 약모밀꽃/잎/줄기수(77%), 정제수, 1,2-헥산다이올, 글리세린, 글리세레스-26, 베타인, 펜틸렌글라이콜, 소듐시트레이트, 아이소펜틸다이올, 에틸헥실글리세린, 다이포타슘글리시리제이트, 시트릭애씨드, 아크릴레이트/C10-30알킬아크릴레이트크로스폴리머, 트로메타민, 판테놀, 소듐파이테이트, 알란토인, 소듐하이알루로네이트(1.1ppm), 약모밀소포(750ppb), 하이드롤라이즈드소듐하이알루로네이트(100.1ppb), 징크피씨에이, 하이드록시프로필트라이모늄하이알루로네이트(100ppb), 락토바실러스발효물, 소듐아세틸레이티드하이알루로네이트(10ppb), 하이드롤라이즈드하이알루로닉애씨드(10ppb), 아이소쿼시트린, 쿼세틴, 하이알루로닉애씨드(2.5ppb), 소듐하이알루로네이트크로스폴리머(1ppb), 포타슘하이알루로네이트(0.2ppb)
[크림] 약모밀꽃/잎/줄기수(77%), 나이아신아마이드(1,000 ppm), 1,2-헥산다이올, 판테놀, 글리세린, 다이프로필렌글라이콜, 부틸렌글라이콜, 소듐시트레이트, 징크피씨에이(10 ppm), 프로판다이올, 트레할로오스, 정제수, 베타인, 잔탄검, 스핑고모나스발효추출물, 에틸헥실글리세린, 시트릭애씨드, 하이드록시프로필사이클로덱스트린, 아데노신, 다이소듐이디티에이, 다이포타슘글리시리제이트, 글리세릴아크릴레이트/아크릴릭애씨드코폴리머, 글루코노락톤, 도코사헥사에노익애씨드, 토코페롤, 알란토인, 피리독신에이치씨엘, 카프릴로일살리실릭애씨드, 약모밀소포, 아이소쿼시트린, 쿼세틴"
skinToner_05,skinToner,[수부지토너]브링그린 티트리 시카 수딩 토너 (500ml/250ml),브링그린,코스맥스(주),씨제이올리브영주식회사,high,,olive_crwl_products,,,,,,,"정제수, 다이프로필렌글라이콜, 1,2-헥산다이올, 부틸렌글라이콜, 티트리추출물, 티트리잎수, 베타인, 판테놀, 티트리잎추출물, 옥틸도데세스-16, 소듐시트레이트, 시트릭애씨드, 티트리잎오일, 티트리꽃/잎/줄기추출물, 베타인살리실레이트, 병풀추출물, 잔탄검"
skinToner_06,skinToner,[7월 올영픽] 에스트라 아토베리어365 캡슐토너 300ml 기획 (+수딩크림 30ml+세라-히알 앰플 7ml),에스트라,(주)코스비전,(주)아모레퍼시픽,high,A000000258833,olive_crwl_products,,,,,,,"정제수, 부틸렌글라이콜, 글리세린, 프로필렌글라이콜, 1,2-헥산다이올, 글루코노락톤, 에틸헥실글리세린, 칼슘클로라이드, 만니톨, 셀룰로오스, 셀룰로오스검, 트로메타민, 세틸-피지하이드록시에틸팔미타마이드, 스테아릭애씨드, 젤란검, 소듐시트레이트, 소듐글루코네이트, 벤조익애씨드, 세라마이드엔피, 하이드로제네이티드레시틴, 소듐벤조에이트, 실리카, 콜레스테롤, 스핑고리피드, 소듐하이알루로네이트, 하이드록시프로필메틸셀룰로오스, 토코페롤"
skinToner_07,skinToner,[쿨링진정]넘버즈인 1번 진정 맑게담은 청초토너 300ml 리필기획(+300ml 증정),넘버즈인,(주)씨엔에프,(주)비나우,high,A000000190395,olive_crwl_products,,,,,,,"정제수, 1,2-헥산다이올, 다이프로필렌글라이콜, 프로판다이올, 부틸렌글라이콜, 글리세린, 감초뿌리추출물, 약모밀추출물, 카보머, 병풀추출물, 하이드록시에틸셀룰로오스, 알지닌, 알란토인, 다이소듐이디티에이, 하수오전초추출물, 베타인, 히아신스전초추출물, 판테놀, 알바수련꽃추출물"
skinToner_08,skinToner,[1만5천원 사은품 한정수량][쿨링진정/대용량]블랑네이처 9배 고농축 어성초 토너 300ml,블랑네이처,"(주)에이텍, 주식회사 피츠",,확인 필요,A000000255290,olive_crwl_products,,,,,,,"정제수, 약모밀추출물(100,000 ppm), 부틸렌글라이콜, 1,2-헥산다이올, 나이아신아마이드, 글리세린, 판테놀, 카보머, 알지닌, 글루코노락톤, 다이포타슘글리시리제이트, 아데노신, 다이소듐이디티에이, 하이알루로닉애씨드, 녹차추출물, 병풀추출물, 파파야열매추출물, 매실추출물, 사과추출물, 포도추출물, 데실글루코사이드, 시트릭애씨드, 티트리잎추출물, 살리실릭애씨드, 에틸헥실글리세린, 병풀잎추출물, 오카무라큰실말추출물, 흰버드나무껍질추출물, 징크피씨에이, 4-터피네올, 커피콩추출물, 마데카소사이드, 마데카식애씨드, 아시아티코사이드, 아시아틱애씨드, 베르가모트잎추출물, 소나무잎추출물, 소듐디엔에이"
skinToner_09,skinToner,바이오더마 하이드라비오 토너 250ml,바이오더마,나오스 (NAOS),나오스코리아 (유) 서울시 강남구 테헤란로 407,high,A000000004434,olive_crwl_products,,,,,,,"정제수, 글리세린, 폴리솔베이트20, 다이소듐이디티에이, 세트리모늄브로마이드, 나이아신아마이드, 자일리톨, 알란토인, 프룩토올리고사카라이드, 만니톨, 헥실데칸올, 소듐하이드록사이드, 시트릭애씨드, 람노오스, 사과씨추출물, 유채스테롤, 토코페롤, 향료료"
skinToner_10,skinToner,[속촉촉 진정토너] 에스네이처 아쿠아 오아시스 토너 300ml 기획 (+젤크림 30ml),에스네이처,"(주)바이오코스텍, (주)씨엔에프, 에스네이처",,확인 필요,A000000213171,olive_crwl_products,,,,,,,"*토너
정제수, 다이프로필렌글라이콜, 부틸렌글라이콜, 글리세린, 1,2-헥산다이올, 베타인, 판테놀, 알란토인, 파파야열매추출물, 글루코노락톤, 자일리틸글루코사이드, 안하이드로자일리톨, 자일리톨, 소듐하이알루로네이트, 글루코오스, 파파인, 하이드록시프로필트라이모늄하이알루로네이트, 소듐아세틸레이티드하이알루로네이트, 하이드롤라이즈드하이알루로닉애씨드, 하이알루로닉애씨드, 하이드롤라이즈드소듐하이알루로네이트, 소듐하이알루로네이트크로스폴리머, 포타슘하이알루로네이트, 글리세릴아크릴레이트/아크릴릭애씨드코폴리머, 피브이엠/엠에이코폴리머

*젤크림
정제수, 글리세린, 부틸렌글라이콜, 1,2-헥산다이올, 블루아가베잎추출물, 알란토인, 소듐하이알루로네이트, 하이드록시프로필트라이모늄하이알루로네이트, 하이드롤라이즈드하이알루로닉애씨드, 소듐아세틸레이티드하이알루로네이트, 하이알루로닉애씨드, 하이드롤라이즈드소듐하이알루로네이트, 소듐하이알루로네이트크로스폴리머, 포타슘하이알루로네이트, 알지닌, 메틸트라이메티콘, 에틸헥실글리세린, 암모늄아크릴로일다이메틸타우레이트/브이피코폴리머, 하이드록시에틸아크릴레이트/소듐아크릴로일다이메틸타우레이트코폴리머, 아크릴레이트/C10-30알킬아크릴레이트크로스폴리머, 하이드로제네이티드폴리(C6-14올레핀), 메틸다이아이소프로필프로피온아마이드, 다이메티콘/비닐다이메티콘크로스폴리머, 솔비탄아이소스테아레이트, 다이소듐이디티에이"
skinToner_11,skinToner,[미스트형/1등토너] 라운드랩 1025 독도 토너 300ml 1+1 기획 (+늘어나는 스킨패드 30매),라운드랩,서린컴퍼니(주),서린컴퍼니(주),high,A000000255246,olive_crwl_products,,,,,,,"정제수, 부틸렌글라이콜, 글리세린, 펜틸렌글라이콜, 프로판다이올, 아이리쉬모스추출물, 사탕수수추출물, 해수, 1,2-헥산다이올, 프로테아제, 베타인, 판테놀, 에틸헥실글리세린, 알란토인, 잔탄검, 다이소듐이디티에이"
skinToner_12,skinToner,[수분진정] 아비브 어성초 카밍 토너 스킨부스터 200ml,아비브,코스맥스,(주)포컴퍼니,high,A000000146589,olive_crwl_products,,,,,,,"정제수, 글리세린, 부틸렌글라이콜, 펜틸렌글라이콜, 베타인, 1,2-헥산다이올, 자일리톨, 약모밀추출물(3,500 ppm), 판테놀, 에틸헥실글리세린, 소듐하이알루로네이트, 비피다발효용해물, 돌콩추출물, 다이소듐이디티에이, 하이드롤라이즈드하이알루로닉애씨드, 잔탄검, 옥탄다이올, 병풀추출물, 토코페롤, 인동덩굴꽃추출물, 황금추출물, 바이오사카라이드검-4, 파스향나무잎추출물"
skinToner_13,skinToner,[쿨링진정] 셀라딕스 트러블 쿨 카밍 131 토너 300ml,셀라딕스,(주)그린코스,㈜이삼오구,high,A000000229456,olive_crwl_products,,,,,,,"정제수, 부틸렌글라이콜, 글리세린, 1,2-헥산다이올, 나이아신아마이드, 판테놀, 자일리톨, 폴리글리세릴-10라우레이트, 프로판다이올, 베타인, 트레할로오스, 에틸헥실글리세린, 아데노신, 알지닌, 카보머, 다이소듐이디티에이, 알란토인, 유칼립투스잎오일, 락토바실러스발효용해물, 서양민들레잎추출물, 하이드롤라이즈드레시틴, 카프릴릴/카프릴트라이글리세라이드, 펜틸렌글라이콜, 황금추출물, 피토스핑고신, 사이클로덱스트린, 유칼립투스잎추출물, 알로에베라잎추출물, 레몬그라스추출물, 로즈힙추출물, 잔탄검, 에리스리톨, 하이드롤라이즈드완두콩단백질, 카프릴릴글라이콜, 폴리글리세릴-10스테아레이트, 스쿠알란, 폴라지닌, 세라마이드엔피, 스테아릭애씨드"
skinToner_14,skinToner,[대용량/속보습폭발] 더랩바이블랑두 올리고 히알루론산 딥 토너 500ml 대용량 기획 (+100ml),더랩바이블랑두,코스맥스㈜,㈜에런케이,high,A000000207054,olive_crwl_products,,,,,,,"정제수, 부틸렌글라이콜, 1,2-헥산다이올, 글리세린, 베타-글루칸, 베타인, 소듐하이알루로네이트(2,700 ppm), 판테놀, 솔비톨, 아세틸글루코사민, 글루쿠로닉애씨드, 알란토인, 토코페롤, 에틸헥실글리세린, 다이소듐이디티에이"
skinToner_15,skinToner,[1등 속보습] 라네즈 크림스킨 170ml 단품기획 (+50ml),라네즈,㈜아모레퍼시픽,,확인 필요,A000000211003,olive_crwl_products,,,,,,,"정제수, 부틸렌글라이콜, 글리세린, 메도우폼씨오일, 아이소펜틸다이올, 1,2-헥산다이올, 스쿠알란, 폴리글리세릴-10스테아레이트, 글리세릴스테아레이트시트레이트, 소듐스테아로일글루타메이트, 이눌린라우릴카바메이트, 글리세릴카프릴레이트, 에틸헥실글리세린, 프로판다이올, 다이소듐이디티에이, 카보머, 만니톨, 아크릴레이트/스테아릴메타크릴레이트코폴리머, 흰목이버섯포자낭과추출물, 하이알루로닉애씨드, 녹차추출물, 잔탄검, 세라마이드엔피, 동백나무꽃추출물, 토코페롤, 아세틸테트라펩타이드-11"
skinToner_16,skinToner,[수지 PICK] 아누아 피디알엔 100 히알루론산 부스터 토너 250ml 기획 (+40ml),아누아,코스맥스,㈜더파운더즈,high,A000000231891,olive_crwl_products,,,,,,,"정제수, 부틸렌글라이콜, 글리세린, 펜틸렌글라이콜, 프로판다이올, 사탕수수추출물, 자일리틸글루코사이드, 돌콩추출물, 말라카이트추출물, 자일리톨, 인도멀구슬나무잎추출물, 백미꽃추출물, 인도멀구슬나무꽃추출물, 아이비고드열매추출물, 접시꽃추출물, 알로에베라꽃추출물, 하이드롤라이즈드하이알루로닉애씨드, 가지열매추출물, 홀리바질잎추출물, 참산호말추출물, 울금뿌리추출물, 1,2-헥산다이올, 베타인, 하이드록시아세토페논,판테놀, 에틸헥실글리세린, 안하이드로자일리톨, 알란토인, 소듐디엔에이, 다이프로필렌글라이콜, 옥탄다이올, 포스파티딜콜린, 토코페롤, 하이알루로닉애씨드/하이드롤라이즈드콜라겐크로스폴리머, C12-13알케스-9, 다이포타슘포스페이트, 아세틸글루타민, 카퍼트라이펩타이드-1, 셀룰로오스검, 다이소듐이디티에이, 잔탄검"
skinToner_17,skinToner,[1등토너] 라운드랩 1025 독도 토너 500ml 기획 (+100ml),라운드랩,(주)코스맥스,서린컴퍼니㈜,high,A000000137180,olive_crwl_products,,,,,,,"정제수, 부틸렌글라이콜, 글리세린, 펜틸렌글라이콜, 프로판다이올, 아이리쉬모스추출물, 사탕수수추출물, 해수, 1,2-헥산다이올, 프로테아제, 베타인, 판테놀, 에틸헥실글리세린, 알란토인, 잔탄검, 다이소듐이디티에이"
skinToner_18,skinToner,[수분생기] 라운드랩 자작나무 수분 토너 1+1 기획 (300ml+300ml),라운드랩,서린컴퍼니㈜,서린컴퍼니㈜,high,A000000157178,olive_crwl_products,,,,,,,"정제수, 글리세린, 프로판다이올, 글리세레스-26, 펜틸렌글라이콜, 자작나무수액(10,000ppm), 1,2-헥산다이올, 아이리쉬모스추출물, 사탕수수추출물, 소듐하이알루로네이트, 하이알루로닉애씨드, 판테놀, 트로메타민, 다이포타슘글리시리제이트, 글리세릴카프릴레이트, 글리세릴글루코사이드, 부틸렌글라이콜, 아스코빅애씨드, 카보머, 잔탄검, 다이소듐이디티에이"
skinToner_19,skinToner,에스트라 에이시카365 수분토너 pH4.5 200ml,에스트라,(주)코스비전,(주)아모레퍼시픽,high,A000000218549,olive_crwl_products,,,,,,,"정제수, 부틸렌글라이콜, 글리세린, 나이아신아마이드, 1,2-헥산다이올, 글루코노락톤, 트로메타민, 잔탄검, 에틸헥실글리세린, 레시틴, 소듐메타포스페이트, 폴리글리세릴-10올리에이트, 소듐하이알루로네이트, 3-O-에틸아스코빅애씨드, 징크피씨에이, 폴리글리세릴-4카프레이트, 아시아티코사이드, 마데카식애씨드, 글리세릴카프릴레이트, 아시아틱애씨드, 마데카소사이드, 소듐트라이메타포스페이트, 프로필렌글라이콜, 토코페롤, 쌀겨오일"
skinToner_20,skinToner,[더블기획/1등토너] 라운드랩 1025 독도 토너 300ml 더블 기획 (+말랑키링),라운드랩,코스맥스(주),서린컴퍼니㈜,high,A000000246774,olive_crwl_products,,,,,,,"정제수, 부틸렌글라이콜, 글리세린, 펜틸렌글라이콜, 프로판다이올, 아이리쉬모스추출물, 사탕수수추출물, 해수, 1,2-헥산다이올, 프로테아제, 베타인, 판테놀, 에틸헥실글리세린, 알란토인, 잔탄검, 다이소듐이디티에이"
essenceSerum_01,essenceSerum,[수지세럼] 아누아 피디알엔 히알루론산 캡슐 100 세럼 30mL 기획 (+30mL 리필팩),아누아,㈜씨엔에프,㈜더파운더즈,high,A000000222698,olive_crwl_products,,,,,,,"하이드롤라이즈드하이알루로닉애씨드(29,049ppm), 나이아신아마이드, 하이드롤라이즈드콜라겐, 소듐하이알루로 네이트(800ppm), 아데노신, 소듐디엔에이(100ppm), 하이알 루로닉애씨드(30ppm), 하이드롤라이즈드소듐하이알루로네이 트(30ppm), 하이드록시프로필트라이모늄하이알루로네이트 (30ppm), 포타슘하이알루로네이트(30ppm), 소듐하이알루 로네이트크로스폴리머(30ppm), 소듐아세틸레이티드하이알 루로네이트(1ppm), 시트릭애씨드
* 피디알엔: 소듐디엔에이"
essenceSerum_02,essenceSerum,[7월올영픽/최초대용량] 파넬 시카마누 92세럼 50ml 더블기획 (총 100ml),파넬,(주)코스메카코리아,(주)일레븐코퍼레이션,high,A000000259488,olive_crwl_products,,,,,,,"정제수, 부틸렌글라이콜, 글리세린, 1,2-헥산다이올, 카보머, 트로메타민, 폴리글리세릴-10라우레이트, 프로판다이올, 인도멀구슬나무잎추출물, 병풀추출물(744ppm), 카카오씨추출물, 에틸헥실글리세린, 불가리스쑥오일, 인도멀구슬나무꽃추출물, 덱스트린, 다이소듐이디티에이, 소듐폴리아크릴레이트, 펜틸렌글라이콜, 황련뿌리추출물, 락토바실러스발효물, 마누카잎추출물(20ppm), 마데카소사이드(20ppm), 데실글루코사이드, 카프릴릴글라이콜, 꿀추출물(900ppb), 메도우폼씨오일, 카프릴릭/카프릭트라이글리세라이드, 올리브오일, 하이드로제네이티드레시틴, 세라마이드엔피, 피토스핑고신, 멜라토닌"
essenceSerum_03,essenceSerum,[7월올영픽/재구매율1위] 피지오겔 데일리뮨 앰플 20ml+20ml 기획,피지오겔,,엘지생활건강(주),확인 필요,A000000243677,olive_crwl_products,,,,,,,"정제수, 다이프로필렌글라이콜, 프로판다이올, 아스코빅애씨드, 2,3-부탄다이올, 글리세린, 변성알코올, 판테놀, 글라이코실트레할로오스, 하이드로제네이티드스타치하이드롤리세이트, 1,2-헥산다이올, 솔비톨, 폴리글리세릴-10스테아레이트, 폴리글리세릴-10올리에이트, 알란토인, 마데카소사이드, 트레할로오스, 부틸렌글라이콜, 베티버뿌리오일, 덱스트린, 소듐하이알루로네이트, 잇꽃꽃추출물, 카카오씨추출물, 후추열매오일, 생강오일, 홍삼추출물, 영지버섯추출물, 토코페롤, 페룰릭애씨드, 스쿠알란, 카프릴릭/카프릭트라이글리세라이드, 세라마이드엔피, 하이드로제네이티드레시틴, 육계잎오일, 다마스크장미꽃오일, 돌콩오일, 다이소듐이디티에이, 트로메타민"
essenceSerum_04,essenceSerum,[속건조필수템] 웰라쥬 리얼 히알루로닉 블루 100 앰플 75ml 2입 기획,웰라쥬,한국콜마㈜,휴젤㈜,high,A000000231885,olive_crwl_products,,,,,,,"정제수, 프로판다이올, 펜틸렌글라이콜, 글리세린, 1,2-헥산다이올, 판테놀, 메틸프로판다이올, 소듐아크릴릭애씨드/엠에이코폴리머, 부틸렌글라이콜, 참마뿌리추출물, 잔탄검, 소듐시트레이트, 에틸헥실글리세린, 소듐하이알루로네이트(1,000ppm), 글라이코실트레할로오스, 하이드로제네이티드스타치하이드롤리세이트, 시트릭애씨드, 라피노오스, 아데노신, 레시틴, 트라이소듐에틸렌다이아민다이석시네이트, 카프릴릴글라이콜, 사카라이드아이소머레이트, 폴리쿼터늄-51, 말라카이트추출물, 알지닌, 소듐디엔에이, 갈랑가갈랑갈추출물, 바이오사카라이드검-1, 사이아노코발아민, 토코페롤, 카프릴릭/카프릭트라이글리세라이드, 하이드로제네이티드레시틴, 하이드롤라이즈드하이알루로닉애씨드(0.100052ppm) 하이드롤라이즈드소듐하이알루로네이트(0.1ppm), 수크로오스라우레이트, 소듐스테아로일글루타메이트, 암모늄아크릴로일다이메틸타우레이트/브이피코폴리머, 글라이신, 세린, 히스티딘, 돌콩추출물, 라이소레시틴, 플로레틴, 테트라하이드로피페린, 다이메틸아이소소바이드, 소듐하이알루로네이트크로스폴리머(2.08ppb), 벤질글라이콜, 하이드롤라이즈드글라이코사미노글리칸, 올레일알코올, 베타-글루칸, 하이드록시프로필트라이모늄하이알루로네이트(0.012ppb), 하이알루로닉애씨드(0.001ppb), 소듐아세틸레이티드하이알루로네이트(0.0002ppb)"
essenceSerum_05,essenceSerum,[1등미백앰플]메디큐브 PDRN 핑크 펩타이드 앰플 30ml 리필기획(+리필팩50ml+거울키링),메디큐브,(주)아이큐어,주식회사 에이피알,high,A000000255620,olive_crwl_products,,,,,,,"**PDRN 앰플 30ml
정제수,글리세린,다이프로필렌글라이콜,아이소프로필미리스테이트,글리세레스-26,나이아신아마이드,1,2-헥산다이올,소듐디엔에이,부틸렌글라이콜,폴리글리세린-3,소듐아크릴레이트/소듐아크릴로일다이메틸타우레이트코폴리머,폴리아이소부텐,아크릴레이트/C10-30알킬아크릴레이트크로스폴리머,이리추출물,트로메타민,글리세릴아크릴레이트/아크릴릭애씨드코폴리머,피브이엠/엠에이코폴리머,에틸헥실글리세린,카프릴릴글라이콜,향료,인도멀구슬나무잎추출물,아데노신,카프릴릴/카프릴글루코사이드,솔비탄올리에이트,인도멀구슬나무꽃추출물,소듐하이알루로네이트,다이소듐이디티에이,울금뿌리추출물,사이아노코발아민,하이드롤라이즈드콜라겐,유비퀴논,홀리바질잎추출물,참산호말추출물,팔미토일펜타펩타이드-4,팔미토일트라이펩타이드-1,팔미토일테트라펩타이드-7,카퍼트라이펩타이드-1,아세틸헥사펩타이드-8,연어알추출물,아텔로콜라겐"
essenceSerum_06,essenceSerum,[조유리 PICK/트러블1등] 셀라딕스 트러블 세범 리밸런싱 131 앰플 30ml,셀라딕스,(주)나투젠,(주)이삼오구,high,A000000224494,olive_crwl_products,,,,,,,"정제수,다이프로필렌글라이콜,부틸렌글라이콜,글리세레스-26,나이아신아마이드,글리세린,베타인,피토스테롤,세라마이드엔피,스쿠알란,라우릭애씨드,아라키딕애씨드,베헤닉애씨드,베타-글루칸,참오동나무잎추출물,육계나무껍질추출물,생달나무잎추출물,녹나무잎추출물,월계수잎추출물,고수추출물,유칼립투스잎추출물,황금추출물,후박나무가지추출물,1,2-헥산다이올,폴리글리세릴-10라우레이트,폴리글리세릴-10미리스테이트,하이드록시아세토페논,판테놀,아데노신,다이소듐이디티에이,소듐하이알루로네이트,잔탄검,소듐폴리아크릴레이트,에틸헥실글리세린,베르가모트오일,라반딘오일,오렌지껍질오일,라벤더오일,발삼아미리스껍질오일,바질오일,리모넨,리날룰"
essenceSerum_07,essenceSerum,[7월올영픽/3일진정세럼]브링그린 징크테카 트러블 세럼 대용량 기획,브링그린,한국콜마(주),씨제이올리브영주식회사,high,A000000200646,olive_crwl_products,,,,,,,"정제수, 에톡시다이글라이콜, 메틸프로판다이올, 메틸글루세스-20, 1,2-헥산다이올, 나이아신아마이드, 병풀추출물, 티트리추출물, 티트리잎추출물, 티트리꽃/잎/줄기추출물, 몰로키아잎추출물**, 신선초추출물**, 연꽃뿌리추출물**, 오크라열매추출물**, 참마뿌리추출물**, 하이드로제네이티드레시틴, 티트리잎수, 티트리잎오일, 옥틸도데칸올, 옥틸도데세스-16, 아시아티코사이드*(4,800ppm), 마데카식애씨드*(3,600ppm), 글라이코리피드, 아시아틱애씨드*(3,600ppm), C12-13알케스-9, 카보머, 트로메타민, 피브이피, 소듐폴리아크릴레이트, 다이소듐이디티에이, 4-터피네올, 징크피씨에이(1ppm), 에틸헥실글리세린"
essenceSerum_08,essenceSerum,[장도연 PICK] 메디힐 마데카소사이드 흔적 리페어 세럼 40+40ml,메디힐,코스맥스㈜,엘앤피코스메틱㈜,high,A000000211119,olive_crwl_products,,,,,,,"정제수, 글리세린, 부틸렌글라이콜, 프로판다이올, 1,2-헥산다이올, 나이아신아마이드, 글리세릴폴리메타크릴레이트, 판테놀, 베타인, 폴리글리세릴-10라우레이트, 아크릴레이트/C10-30알킬아크릴레이트크로스폴리머, 다이페닐다이메티콘, 트라이에틸헥사노인, 트로메타민, 마데카소사이드(540 ppm), 에틸헥실글리세린, 하이드로제네이티드레시틴, 잔탄검, 소듐하이알루로네이트, 병풀추출물(51 ppm), 아시아티코사이드(39 ppm), 서양배추출물, 연필향나무오일, 병풀잎추출물(21 ppm), 베타-글루칸, 다마스크장미꽃수, 멜론추출물, 오리스뿌리추출물, 서양송악잎/줄기추출물, 호호바씨오일, 광곽향오일, 불가리스쑥오일, 로즈마리잎오일, 토코페롤, 다이프로필렌글라이콜, 펜틸렌글라이콜, 카프릴릴/카프릴글루코사이드, 마데카식애씨드(0.00004 ppm), 아시아틱애씨드(0.00003 ppm), 세라마이드엔피"
essenceSerum_09,essenceSerum,[트러블모공] 디오디너리 나이아신아마이드 10% + 징크 1% 60ml,디오디너리,데시엠뷰티그룹INC,데시엠아시아퍼시픽㈜,high,A000000158615,olive_crwl_products,,,,,,,"정제수, 나이아신아마이드(10%), 펜틸렌글라이콜, 징크피씨에이(징크로서,1%), 다이메틸아이소소바이드, 타마린드씨검, 잔탄검, 아이소세테스-20, 에톡시다이글라이콜, 페녹시에탄올, 클로페네신"
essenceSerum_10,essenceSerum,[7월올영픽] 프리메라 세럼 3종 기획 (비타티놀/3C히알루론산/PDRN) 택1,프리메라,㈜아모레퍼시픽,㈜아모레퍼시픽,high,A000000237634,olive_crwl_products,,,,,,,"[비타티놀세럼]
정제수, 부틸렌글라이콜, 글리세린, 메틸글루세스-20, 아스코빌글루코사이드, 나이아신아마이드, 카프릴릴메티콘, 카프릴릭/카프릭트라이글리세라이드, 하이드로제네이티드폴리아이소부텐, 1,2-헥산다이올, 트로메타민, 하이드록시에틸아크릴레이트/소듐아크릴로일다이메틸타우레이트코폴리머, 폴리솔베이트20, 폴리아크릴레이트-13, 다이메티콘, 판테놀, 소듐스테아로일글루타메이트, 소듐시트레이트, 폴리아이소부텐, 폴리아크릴레이트크로스폴리머-6, 다이메틸아이소소바이드, 락토바실러스/콩추출물발효여과물, 해바라기씨오일, 옥수수전분, 돌콩오일, 만니톨, 수크로오스, 마이크로크리스탈린셀룰로오스, 글리세릴카프릴레이트, 스핑고모나스발효추출물, 에틸헥실글리세린, 솔비탄아이소스테아레이트, 소듐메타포스페이트, 당근추출물, 아데노신, 하이드록시피나콜론레티노에이트, 시트릭애씨드, 레티놀, 티타늄디옥사이드 (CI 77891), 황색산화철, 엑토인, 하이드로제네이티드레시틴, 아스코빅애씨드, 베타-카로틴, 토코페롤, 펜틸렌글라이콜, 프로필렌글라이콜, 소듐하이알루로네이트, 카보머, 아세틸테트라펩타이드-11, 아라비아고무나무검, 프로필렌글라이콜알지네이트
[PDRN세럼]
정제수, 부틸렌글라이콜, 나이아신아마이드, 글리세린, 트라이프로필렌글라이콜, 다이메틸아이소소바이드, 베타인, 판테놀, 1,2-헥산다이올, 암모늄아크릴로일다이메틸타우레이트/브이피코폴리머, 하이드록시에틸아크릴레이트/소듐아크릴로일다이메틸타우레이트코폴리머, 하이드로제네이티드레시틴, 폴리메틸메타크릴레이트, 락토바실러스/콩추출물발효여과물, 콜레스테롤, 에틸헥실글리세린, 잔탄검, 티몰트라이메톡시신나메이트, 옥수수전분, 클로렐라 프로토테코이데스추출물, 소듐카보머, 만니톨, 수크로오스, 마이크로크리스탈린셀룰로오스, 소듐메타포스페이트, 아데노신, 아시아티코사이드, 마데카식애씨드, 아시아틱애씨드, 솔비탄아이소스테아레이트, 하이드롤라이즈드디엔에이, 토코페롤, 3-O-에틸아스코빅애씨드, 페룰릭애씨드, 락토바실러스세포외소포, 티타늄디옥사이드 (CI 77891), 황련뿌리추출물, 황색산화철, 사이아노코발아민, 글루타티온, 아스코빅애씨드
[3C히알루론산세럼]
정제수, 부틸렌글라이콜, 글리세린,메도우폼씨오일, 나이아신아마이드, 베헤닐알코올, 1,2-헥산다이올, 글리세릴폴리메타크릴레이트,자일리톨, 베타인, 카페인, 에리스리톨, 피토스테롤, 호호바에스터, 카보머,락토바실러스/콩추출물발효여과물, 트로메타민, 아라키딜알코올, 글리세릴카프릴레이트, 에틸헥실글리세린, 아라키딜글루코사이드, 소듐메타포스페이트, 마데카소사이드, 하이알루로닉애씨드 (100PPM), 프로필렌글라이콜, 소듐하이알루로네이트, 세라마이드엔피, 토코페롤, 소듐하이알루로네이트크로스폴리머-6"
essenceSerum_11,essenceSerum,[NEW/1등수분세럼] 토리든 다이브인 저분자 히알루론산 세럼 50ml 리필 기획(+리필 50ml),토리든,주식회사 정코스,㈜토리든,high,A000000258291,olive_crwl_products,,,,,,,"정제수, 부틸렌글라이콜, 글리세린, 다이프로필렌글라이콜, 1,2-헥산다이올, 판테놀, 소듐하이알루로네이트크로스폴리머, 하이드롤라이즈드하이알루로닉애씨드(1,000ppm), 소듐하이알루로네이트, 소듐아세틸레이티드하이알루로네이트, 하이드롤라이즈드소듐하이알루로네이트, 알란토인, 엑토인, 감초추출물, 2,3-부탄다이올, 트레할로오스, 베타인, 프로판다이올, 쇠비름추출물, 버지니아풍년화잎추출물, 마데카소사이드, 마데카식애씨드, 세라마이드엔피, 베타-글루칸, 말라카이트추출물, 콜레스테롤, 펜틸렌글라이콜, 글리세릴아크릴레이트/아크릴릭애씨드코폴리머, 피브이엠/엠에이코폴리머, 폴리글리세릴-10라우레이트, 잔탄검, 트로메타민, 카보머, 에틸헥실글리세린, 황금추출물, 모란뿌리추출물"
essenceSerum_12,essenceSerum,바이오더마 하이드라비오 에센스로션 200ml 2입 기획 (+미스트펌프 증정),바이오더마,나오스 (NAOS),나오스코리아 (유) 서울시 강남구 테헤란로 407,high,A000000255227,olive_crwl_products,,,,,,,"정제수, 메틸프로판다이올, 나이아신아마이드, 피피지-26-부테스-26, 피이지-40하이드로제네이티드캐스터오일, 소듐피씨에이, 다이소듐이디티에이, 살리실릭애씨드, 하이드록시에틸셀룰로오스, 만니톨, 소듐시트레이트, 토코페릴아세테이트, 자일리톨, 헥실데칸올, 세트리모늄브로마이드, 향료, 벤조트라이아졸릴도데실p-크레솔, 람노오스, 소듐하이드록사이드, 사과씨추출물, 유채스테롤, 토코페롤"
essenceSerum_13,essenceSerum,[단독기획] 아누아 TXA 나이아신 흔적 세럼 30ml 2입,아누아,코스맥스,㈜더파운더즈,high,A000000226201,olive_crwl_products,,,,,,,"정제수, 글리세린, 나이아신아마이드(10%), 트라넥사믹애씨드(4%), 부틸렌글라이콜, 다이에톡시에틸석시네이트, 1,2-헥산다이올, 알부틴, 펜틸렌글라이콜, 소듐하이알루로네이트, 잔탄검, 베타인살리실레이트, 알파-알부틴, 수크로오스팔미테이트, 아이비고드열매추출물, 한련초추출물, 하이드로제네이티드레시틴, 젤란검, 퀸즈랜드넛오일, 올리브오일, 호호바씨오일, 포도씨오일, 소듐파이테이트, 셀룰로오스, 카프릴릭/카프릭트라이글리세라이드, 판테놀, 사이아노코발아민, 폴리글루타믹애씨드, 3-O-에틸아스코빅애씨드, 세라마이드엔피, 덱스트린, 카카오추출물, 하이드롤라이즈드하이알루로닉애씨드, 편백잎추출물, 복사나무꽃추출물, 녹차씨오일, 아시아티코사이드, 마데카식애씨드, 아시아틱애씨드, 효모발효추출물, 병풀추출물, 쑥잎추출물, 칸디다 봄비콜라/글루코오스/메틸레이프씨데이트발효물, 다이메틸실란올하이알루로네이트, 하이드롤라이즈드소듐하이알루로네이트, 하이알루로닉애씨드, 포타슘하이알루로네이트, 하이드록시프로필트라이모늄하이알루로네이트, 소듐하이알루로네이트크로스폴리머, 소듐하이알루로네이트다이메틸실란올, 소듐아세틸레이티드하이알루로네이트"
essenceSerum_14,essenceSerum,[7월올영픽/탄력광채] 프리메라 비타티놀 바운시 리프트 세럼 25g 기획/단품,프리메라,㈜ 코스비전,㈜아모레퍼시픽,high,A000000231293,olive_crwl_products,,,,,,,"정제수, 부틸렌글라이콜, 글리세린, 메틸글루세스-20, 아스코빌글루코사이드, 나이아신아마이드, 카프릴릴메티콘, 카프릴릭/카프릭트라이글리세라이드, 하이드로제네이티드폴리아이소부텐, 1,2-헥산다이올, 트로메타민, 하이드록시에틸아크릴레이트/소듐아크릴로일다이메틸타우레이트코폴리머, 폴리솔베이트20, 폴리아크릴레이트-13, 다이메티콘, 판테놀, 소듐스테아로일글루타메이트, 소듐시트레이트, 폴리아이소부텐, 폴리아크릴레이트크로스폴리머-6, 다이메틸아이소소바이드, 락토바실러스/콩추출물발효여과물, 해바라기씨오일, 옥수수전분, 돌콩오일, 만니톨, 수크로오스, 마이크로크리스탈린셀룰로오스, 글리세릴카프릴레이트, 스핑고모나스발효추출물, 에틸헥실글리세린, 솔비탄아이소스테아레이트, 소듐메타포스페이트, 당근추출물, 아데노신, 하이드록시피나콜론레티노에이트, 시트릭애씨드, 레티놀, 티타늄디옥사이드 (CI 77891), 황색산화철, 엑토인, 하이드로제네이티드레시틴, 아스코빅애씨드, 베타-카로틴, 토코페롤, 펜틸렌글라이콜, 프로필렌글라이콜, 소듐하이알루로네이트, 카보머, 아세틸테트라펩타이드-11, 아라비아고무나무검, 프로필렌글라이콜알지네이트"
essenceSerum_15,essenceSerum,[1+1] 이니스프리 레티놀 시카 모공 흔적 앰플 30ml 리필기획(+30ml 리필),이니스프리,㈜코스비전,㈜이니스프리,high,A000000258877,olive_crwl_products,,,,,,,"정제수, 글리세린, 부틸렌글라이콜, 나이아신아마이드, 병풀잎수(17712ppm), 다이부틸아디페이트, 1,2-헥산다이올, 카프릴릭/카프릭트라이글리세라이드, 하이드로제네이티드레시틴, 암모늄아크릴로일다이메틸타우레이트/브이피코폴리머, 콜레스테롤, 돌콩오일, 알란토인, 토코페롤, 에틸헥실글리세린, 토코페릴아세테이트, 소듐메틸스테아로일타우레이트, 해바라기씨오일, 폴리글리세릴-6카프릴레이트, 다이메틸아이소소바이드, 아데노신, 레티놀(1,000IU/g), 당근추출물, 잔탄검, 폴리글리세릴-10라우레이트, 하이드록시피나콜론레티노에이트, 레틴알, 풀루란, 세라마이드엔피, 하이알루로닉애씨드,베타-카로틴, 트로메타민, 병풀추출물(1ppm), 글라이코프로테인, 제인, 펙틴*3X RETINOL COMPLEX 1% : 레티놀 1,000IU/g, 레틴알 0.005%, 하이드록시피나콜론레티노에이트 0.005%"
essenceSerum_16,essenceSerum,[코난 콜라보/진정1등] 클레어스 블루 유스 액티베이팅 드롭 50ml 한정기획 (+명탐정 코난 키링 랜덤 증정),디어클레어스,이스터너생명과학(주),위시컴퍼니 (주),high,A000000255701,olive_crwl_products,,,,,,,"정제수, 부틸렌글라이콜, 에스에이치-올리 고펩타이드-1, 에스에이치-폴리펩타이드-1, 로우스 위트블루베리추출물, 레시틴, 솔비탄세스퀴올리에이 트, 1,2-헥산다이올, 카프릴릴글라이콜, 피이지-60 하이드로제네이티드캐스터오일, 글리세린, 클로페네 신, 구아이아줄렌, 에틸헥실글리세린, 아데노신"
essenceSerum_17,essenceSerum,[미피 파우치 증정/7월 올영픽] 아벤느 이드랑스 에센스 인 로션 200ml 기획 (+100ml*2 + 미피 파우치),아벤느,피에르파브르더모코스메틱,피에르파브르더모코스메틱코리아(유),high,A000000259069,olive_crwl_products,,,,,,,"아쿠아(아벤느 온천수), 글리세린, 펜틸렌글라이콜, 1,2-헥산다이올, 다이메티콘, 하이드록시에틸아크릴레이트/소듐아크릴로일다이메틸타우레이트코폴리머, 베타인, 메틸글루세스-20, 아이소세틸스테아로일스테아레이트, 트라이에틸헥사노인, 하이드로제네이티드폴리아이소부텐, 세테아릴올리베이트, 솔비탄올리베이트, 스쿠알란, 트레할로오스, 향료, 정제수, 소듐시트레이트, 피이지-7트라이메틸올프로판코코넛에터, 다이소듐이디티에이, 레시틴, 피토스테롤, 잔탄검, 솔비탄아이소스테아레이트, 시트릭애씨드, 소듐하이알루로네이트"
essenceSerum_18,essenceSerum,넘버즈인 1번 판토텐산 스킨케어100 블러파우더 기획 (+퍼프 1개),넘버즈인,코스맥스(주),(주)비나우,high,A000000231822,olive_crwl_products,,,,,,,"실리카, 다이메티콘, 옥수수전분, 알루미늄전분옥테닐석시네이트, 비닐다이메티콘/메티콘실세스퀴옥세인크로스폴리머, 마이카, 다이메티콘/비닐다이메티콘크로스폴리머, 카프릴릭/카프릭트라이글리세라이드, 옥틸도데실스테아로일스테아레이트, 칼라민, 마카다미아씨오일, 병풀추출물, 판토테닉애씨드, 징크피씨에이, 카프릴릴글라이콜, 나이아신아마이드, 에틸헥실글리세린, 다이포타슘글리시리제이트, 마데카소사이드, 토코페롤"
essenceSerum_19,essenceSerum,[7월올영픽/붉은기진압] 피지오겔 레드수딩 로자테카 레드니스 리듀싱 세럼 30ml 기획(+15ml),피지오겔,(주)엘지생활건강,,확인 필요,A000000258832,olive_crwl_products,,,,,,,"정제수, 글리세린, 부틸렌글라이콜, 다이프로필렌글라이콜, 펜틸렌글라이콜, 프로방스장미꽃수, 1,2-헥산다이올, 나이아신아마이드, 다이포타슘글리시리제이트, 엑토인, 판테놀, 트록세루틴, 알지닌, 폴리글리세릴-10스테아레이트, 하이드록시에틸셀룰로오스, 폴리글리세릴-10올리에이트, 카보머, 알란토인, 이노시톨, 프로판다이올, 파이틱애씨드, 소듐하이알루로네이트, 말라카이트추출물, 베타-글루칸, 다이소듐이디티에이, 바이오사카라이드검-1, 사코신, 아세타마이드엠이에이, 치자추출물, 하이드로제네이티드레시틴, 글리시레티닉애씨드, 팔미타마이드엠이에이, 에틸헥실글리세린, 덱스트린, 다이소듐포스페이트, 폴리솔베이트60, 세라마이드엔피, 콜레스테롤, 소듐포스페이트, 팔미틱애씨드, 카프릴릭/카프릭트라이글리세라이드, 하이알루로닉애씨드, 스쿠알란, 징크피씨에이, 토코페롤, 돌콩오일"
essenceSerum_20,essenceSerum,[1등 화잘먹물먹세럼] 에스네이처 아쿠아 스쿠알란 세럼 50ml 기획(+50ml 리필+수분크림 10ml),에스네이처,(주)바이오코스텍,에스네이처,high,A000000188004,olive_crwl_products,,,,,,,"* 에스네이처 아쿠아 스쿠알란 세럼 : 정제수, 글리세린, 부틸렌글라이콜, 메틸프로판다이올, 1,2-헥산다이올, 베타인, 다시마추출물, 한련초잎추출물, 버지니아풍년화추출물, 소듐하이알루로네이트, 하이드로제네이티드레시틴, 판테놀, 알란토인, 프룩토올리고사카라이드, 베타-글루칸, 하이드롤라이즈드하이알루로닉애씨드, 식물성스쿠알란(1ppm), 하이드록시프로필트라이모늄하이알루로네이트, 소듐아세틸레이티드하이알루로네이트, 하이드롤라이즈드소듐하이알루로네이트, 하이알루로닉애씨드, 소듐하이알루로네이트크로스폴리머, 포타슘하이알루로네이트, 에틸헥실글리세린, 카보머, 트로메타민, 잔탄검, 다이소듐이디티에이

* 에스네이처 아쿠아 스쿠알란 수분크림 : 정제수, 스쿠알란(150,000ppm), 글리세린, 1,2-헥산다이올, 베타인, 판테놀, 소듐하이알루로네이트, 하이드롤라이즈드콜라겐, 하이드록시프로필트라이모늄하이알루로네이트, 하이드롤라이즈드하이알루로닉애씨드, 소듐아세틸레이티드하이알루로네이트, 아세틸헥사펩타이드-8, 아데노신, 하이알루로닉애씨드, 하이드롤라이즈드소듐하이알루로네이트, 소듐하이알루로네이트크로스폴리머, 포타슘하이알루로네이트, 아크릴레이트/C10-30알킬아크릴레이트크로스폴리머, 알지닌, 알란토인, 자일리틸글루코사이드, 안하이드로자일리톨, 자일리톨, 글루코오스, 부틸렌글라이콜, 암모늄아크릴로일다이메틸타우레이트/브이피코폴리머, 카프릴릴글라이콜"
cream_01,cream,[김고은PICK] [1+1] 크리니크 쏙보습크림 50ml 기획/단품,크리니크,크리니크,이엘씨에이(유),high,A000000229498,olive_crwl_products,,,,,,,"모이스춰 써지 100시간 오토-리플레니싱 하이드레이터 전성분 :정제수,다이메티콘,부틸렌글라이콜,글리세린,트라이실록세인,트레할로오스,수크로오스,암모늄아크릴로일다이메틸타우레이트/브이피코폴리머,하이드록시에틸우레아,녹차추출물,흰무늬엉겅퀴추출물,만주자작나무껍질추출물,효모용해추출물,알로에베라잎수,알로에베라잎추출물,테르무스 테르모필루스발효물,카페인,솔비톨,팔미토일헥사펩타이드-12,소듐하이알루로네이트,카프릴릴글라이콜,올레스-10,소듐폴리아스파테이트,알로에베라잎폴리사카라이드,락토바실러스발효용해물,사카라이드아이소머레이트,하이드로제네이티드레시틴,토코페릴아세테이트,아크릴레이트/C10-30알킬아크릴레이트크로스폴리머,글리세릴폴리메타크릴레이트,트로메타민,피이지-8,헥실렌글라이콜,마그네슘아스코빌포스페이트,시트릭애씨드,비에이치티,다이소듐이디티에이,소듐시트레이트,포타슘솔베이트,소듐벤조에이트,페녹시에탄올,적색504호,황색4호iln48715/iln48715"
cream_02,cream,[7월올영픽/쿨링진정크림] 빌리프 프로즌 크림 50ml 1+1 기획(+손거울 증정) / 아모밤 30ml 1+1 기획,빌리프,엘지생활건강,엘지생활건강,high,A000000224581,olive_crwl_products,,,,,,,"[본품/증정 동일 - 프로즌 크림]
정제수, 부틸렌글라이콜, 카프릴릭/카프릭트라이글리세라이드, 1,2-헥산다이올, 베타인, 베헤닐알코올, 판테놀, 유칼립투스잎추출물*+, 폴스애플민트잎추출물*, 로즈힙열매추출물*, 레몬밤꽃/잎/줄기수*, 타임잎추출물*, 로즈마리잎수*, 비터오렌지꽃오일+, 토탄추출물+, 양버들껍질/싹/잎/잔가지추출물+, 프렌치로즈꽃추출물+, 흰서양송로추출물+, 자일리톨, 에리스리톨, 소듐하이알루로네이트, 카페인, 카퍼트라이펩타이드-1, 글라이신, 베타-글루칸, 나이아신아마이드, 글리세릴폴리메타크릴레이트, 트라이에틸헥사노인, 카보머, 다이메티콘, 다이실록세인, 트로메타민, 글리세린, 프로필렌글라이콜, 스테아릴다이메티콘, 락토바실러스/콩발효추출물, C30-45알킬다이메티콘, 토코페릴아세테이트, 효모/감자추출물발효여과물, 효모/보리씨발효여과물, 트라이소듐이디티에이, 말라카이트추출물, 메틸다이아이소프로필프로피온아마이드, 오렌지껍질오일**, 라임전초오일**, 센티드제라늄꽃오일**, 로즈마리잎오일**, 리모넨, 시트로넬올, 제라니올, 시트랄, 리날룰
*표시: belif original formula
+표시: 빌리프 프로 프로즌 콤플렉스
**표시: 식물 유래 향

[증정 - 프로즌 토너]
정제수, 글리세린, 프로판다이올, 부틸렌글라이콜, 변성알코올, C12-15알킬벤조에이트, 1,2-헥산다이올, 판테놀, 자일리톨, 글루코노락톤, 소듐하이알루로네이트, 레몬밤꽃/잎/줄기수*, 로즈마리잎수*, 나이아신아마이드, 유칼립투스잎추출물*+, 폴스애플민트잎추출물*, 로즈힙열매추출물*, 타임잎추출물*, 토탄추출물+, 양버들껍질/싹/잎/잔가지추출물+, 프렌치로즈꽃추출물+, 흰서양송로추출물+, 비터오렌지꽃오일+, 카퍼트라이펩타이드-1, 폴리글리세릴-10스테아레이트, 폴리글리세릴-10올리에이트, 카프릴릭/카프릭트라이글리세라이드, 말라카이트추출물, 소듐시트레이트, 시트릭애씨드, 바이오사카라이드검-1, 카페인, 펜틸렌글라이콜, 에리스리톨, 에틸헥실글리세린, 글라이신, 메틸다이아이소프로필프로피온아마이드, 로즈마리잎오일**, 오렌지껍질오일**, 라임전초오일**, 센티드제라늄꽃오일**, 리모넨, 시트로넬올, 제라니올, 시트랄, 리날룰
*표시: belif original formula
+표시: 빌리프 프로 프로즌 콤플렉스
**표시: 식물 유래 향

[증정 - 프로즌 세럼]
정제수, 변성알코올, 스테아릴헵타노에이트, 1,2-헥산다이올, 다이프로필렌글라이콜, 트레할로오스, 다이메티콘, 유칼립투스잎추출물*, 폴스애플민트잎추출물*, 로즈힙열매추출물*, 레몬밤꽃/잎/줄기수*, 로즈마리잎수*, 타임잎추출물*, 하이드롤라이즈드하이알루로닉애씨드(0.01%), 하이알루로닉애씨드(0.001%), 하이드롤라이즈드소듐하이알루로네이트(0.001%), 소듐하이알루로네이트(0.01%), 하이드록시프로필트라이모늄하이알루로네이트(0.001%), 소듐하이알루로네이트크로스폴리머(0.000001%), 소듐아세틸레이티드하이알루로네이트(0.001%), 카페인, 판테놀, 폴리글리세릴-10스테아레이트, C14-22알코올, 폴리글리세릴-10올리에이트, 카보머, 소듐폴리아크릴레이트스타치, C12-20알킬글루코사이드, 말라카이트추출물, 포타슘하이드록사이드, 다이소듐이디티에이, 나이아신아마이드, 베타인, 소듐글루코네이트, 펜틸렌글라이콜, 에틸헥실글리세린, 카프릴릴글라이콜, 아세틸헥사펩타이드-8, 로즈마리잎오일+, 라임전초오일+, 센티드제라늄꽃오일+, 오렌지껍질오일+, 리모넨, 시트로넬올, 제라니올, 시트랄, 리날룰
*표시: belif original formula
+표시: 빌리프 프로 프로즌 콤플렉스
**표시: 식물 유래 향"
cream_03,cream,[7월올영픽/1등진정] 파넬 시카마누 레드 리페어 크림 50ml 더블기획 (+세럼 15ml),파넬,(크림)주식회사 정코스,(주)일레븐코퍼레이션,high,A000000259494,olive_crwl_products,,,,,,,"(크림)
정제수, 글리세린, 카프릴릭/카프릭트라이글리세라이드, 세테아릴알코올, 1,2-헥산다이올, 프로판다이올, 부틸렌글라이콜다이카프릴레이트/다이카프레이트, 폴리글리세린-3, 비닐다이메티콘, 하이드로제네이티드폴리데센, 판테놀, 스쿠알란, 세테아릴올리베이트, 솔비탄올리베이트, 글리세릴스테아레이트, 폴리아크릴레이트-13, 부틸렌글라이콜, 아크릴레이트/C10-30알킬아크릴레이트크로스폴리머, 하이드로제네이티드폴리아이소부텐, 병풀추출물(1,025 ppm), 잇꽃꽃추출물, 하이드록시에틸아크릴레이트/소듐아크릴로일다이메틸타우레이트코폴리머, 덱스트린, 알지닌, 에틸헥실글리세린, 치자추출물, 다이소듐이디티에이, 폴리글리세릴-10라우레이트, 2,3-부탄다이올, 에틸헥실팔미테이트, 카카오씨추출물, 칸디다 봄비콜라/글루코오스/메틸레이프씨데이트발효물, 솔비탄아이소스테아레이트, 불가리스쑥오일, 소듐하이알루로네이트, 라우릴글루코사이드, 올리브오일, 에톡시다이글라이콜, 하이드로제네이티드레시틴, 아시아티코사이드(42 ppm), 아시아틱애씨드(31.5 ppm), 마데카식애씨드(31.43 ppm), 마누카잎추출물(25 ppm), 꿀추출물(20 ppm), 락토바실러스발효물, 병풀꽃/잎/줄기추출물(10 ppm), 병풀뿌리추출물(10 ppm), 해바라기씨오일, 마데카소사이드(1.07 ppm), 멜라토닌, 셀필룸추출물, 테아닌, 소듐디엔에이

(세럼)
정제수, 부틸렌글라이콜, 글리세린, 1,2-헥산다이올, 카보머, 트로메타민, 폴리글리세릴-10라우레이트, 프로판다이올, 인도멀구슬나무잎추출물, 병풀추출물(744ppm), 카카오씨추출물, 에틸헥실글리세린, 불가리스쑥오일, 인도멀구슬나무꽃추출물, 덱스트린, 다이소듐이디티에이, 소듐폴리아크릴레이트, 펜틸렌글라이콜, 황련뿌리추출물, 락토바실러스발효물, 마누카잎추출물(20ppm), 마데카소사이드(20ppm), 데실글루코사이드, 카프릴릴글라이콜, 꿀추출물(900ppb), 메도우폼씨오일, 카프릴릭/카프릭트라이글리세라이드, 올리브오일, 하이드로제네이티드레시틴, 세라마이드엔피, 피토스핑고신, 멜라토닌"
cream_04,cream,[1+1/1등 모공 수분천재크림] 에스네이처 아쿠아 스쿠알란 수분크림 60ml 더블기획,에스네이처,(주)바이오코스텍,에스네이처,high,A000000192782,olive_crwl_products,,,,,,,"정제수, 스쿠알란(150,000ppm), 글리세린, 1,2-헥산다이올, 베타인, 판테놀, 소듐하이알루로네이트, 하이드롤라이즈드콜라겐, 하이드록시프로필트라이모늄하이알루로네이트, 하이드롤라이즈드하이알루로닉애씨드, 소듐아세틸레이티드하이알루로네이트, 아세틸헥사펩타이드-8, 아데노신, 하이알루로닉애씨드, 하이드롤라이즈드소듐하이알루로네이트, 소듐하이알루로네이트크로스폴리머, 포타슘하이알루로네이트, 아크릴레이트/C10-30알킬아크릴레이트크로스폴리머, 알지닌, 알란토인, 자일리틸글루코사이드, 안하이드로자일리톨, 자일리톨, 글루코오스, 부틸렌글라이콜, 암모늄아크릴로일다이메틸타우레이트/브이피코폴리머, 카프릴릴글라이콜"
cream_05,cream,[7월 올영픽] 에스트라 아토베리어365 하이드로 수딩크림 80ml 기획 (+수딩크림 10ml+클렌징폼 30g),에스트라,(주)코스비전,(주)아모레퍼시픽,high,A000000258834,olive_crwl_products,,,,,,,"정제수, 글리세린, 부틸렌글라이콜, 다이메티콘, 스쿠알란, 1,2-헥산다이올, 베타인, 세테아릴알코올, 암모늄아크릴로일다이메틸타우레이트/브이피코폴리머, 하이드로제네이티드쌀겨오일, 하이드로제네이티드레시틴, 폴리글리세릴-3메틸글루코오스다이스테아레이트, 폴리아크릴레이트크로스폴리머-6, 만니톨, 세틸-피지하이드록시에틸팔미타마이드, 스테아릭애씨드, 에틸헥실글리세린, 글리세릴카프릴레이트, 프로판다이올, 글리세릴스테아레이트, 소듐메타포스페이트, 세라마이드엔피, 카보머, 팔미틱애씨드, 실리카, 징크클로라이드, 콜레스테롤, 베타-글루칸, 스핑고리피드, 소듐하이알루로네이트, 하이드록시프로필메틸셀룰로오스, 미리스틱애씨드, 프로필렌글라이콜, 라우릭애씨드, 토코페롤"
cream_06,cream,"[흔적,기미,미백/TXA] 셀리맥스 트라넥삼산 잡티 크림 35ml 기획 (+14ml)",셀리맥스,"한국콜마(주), (주)앱솔브랩",,확인 필요,A000000253592,olive_crwl_products,,,,,,,"전성분 정제수, 글리세린, 나이아신아마이드, 트라넥사믹애씨드, 카프릴릭/카프릭트라이글리세라이드, 다이프로필렌글라이콜, 1,2-헥산다이올, 퀸즈랜드넛오일, 페닐트라이메티콘, 하이드로제네이티드폴리(C6-14올레핀), 다이카프릴릴에테르, 비닐다이메티콘, 세테아릴알코올, 프로판다이올, 세테아릴올리베이트, 글리세릴스테아레이트에스이, 솔비탄올리베이트, 암모늄아크릴로일다이메틸타우레이트/브이피코폴리머, 베헤닐알코올, 다이메티콘올, 세테아릴글루코사이드, 다시마추출물, 한련초잎추출물, 하이드로제네이티드레시틴, 세라마이드엔피, 베타인, 에틸헥실글리세린, 잔탄검, 비파나무잎추출물, 아데노신, 프룩토올리고사카라이드, 황련뿌리추출물, 콜레스테롤, 부틸렌글라이콜, 베타-글루칸, 스피어민트추출물, 하이드롤라이즈드하이알루로닉애씨드, 카카오씨추출물, 덱스트린, 토코페롤, 아스코빅애씨드폴리펩타이드, 글리세릴스테아레이트, 세라마이드에이에스, 세라마이드에이피, 세라마이드엔에스, 세라마이드이오피"
cream_07,cream,[올영 어워즈 1등 크림] 에스트라 아토베리어365 크림 80ml,에스트라,(주)코스비전,(주)아모레퍼시픽,high,A000000198320,olive_crwl_products,,,,,,,"정제수, 부틸렌글라이콜, 글리세린, 부틸렌글라이콜다이카프릴레이트/다이카프레이트, 세틸에틸헥사노에이트, 스쿠알란, 펜타에리스리틸테트라아이소스테아레이트, 다이카프릴릴카보네이트, 베헤닐알코올, 다이메티콘, 하이드록시프로필비스팔미타마이드엠이에이, 스테아릭애씨드, 베타인, 만니톨, C14-22알코올, 팔미틱애씨드, 하이드록시프로필비스라우라마이드엠이에이, 아라키딜알코올, 콜레스테롤, 폴리아크릴레이트-13, C12-20알킬글루코사이드, 알란토인, 아라키딜글루코사이드, 나이아신아마이드, 세라마이드엔피, 글리세릴카프릴레이트, 에틸헥실글리세린, 하이드로제네이티드폴리아이소부텐, 카보머, 트로메타민, 다이메티콘올, 폴리글리세릴-10라우레이트, 하이드로제네이티드레시틴, 에틸헥실팔미테이트, 아크릴레이트/암모늄메타크릴레이트코폴리머, 솔비탄아이소스테아레이트, 실리카, 피토스핑고신, 스핑고리피드, 아라키딕애씨드, 토코페롤, 올레익애씨드"
cream_08,cream,피지오겔 DMT 페이셜 보습 장벽 크림 150ml 기획(+토너 50ml),피지오겔,(주)엘지생활건강,(주)엘지생활건강,high,A000000239660,olive_crwl_products,,,,,,,"[피지오겔 DMT 페이셜 크림]
정제수, 카프릴릭/카프릭트라이글리세라이드, 글리세린, 펜틸렌글라이콜, 코코넛야자오일, 하이드로제네이티드레시틴, 시어버터, 하이드록시에틸셀룰로오스, 스쿠알란, 카보머, 잔탄검, 소듐카보머, 세라마이드엔피
[피지오겔 DMT 에센스 인 토너]
정제수, 다이프로필렌글라이콜, 글리세린, 1,2-헥산다이올, 헥실데실에틸헥사노에이트, 펜타에리스리틸테트라에틸헥사노에이트, 변성알코올, 베타인, 사이클로펜타실록세인, 아크릴레이트/C10-30알킬아크릴레이트크로스폴리머, 트로메타민, 다이메티콘, 피토스테롤, 소듐하이알루로네이트, 트라이소듐이디티에이, 세린, 소듐피씨에이, 하이드록시에틸우레아, 알지닌, 카프릴릭/카프릭트라이글리세라이드, 스쿠알란"
cream_09,cream,[손상장벽집중케어] 라로슈포제 시카플라스트 밤 B5+ 100ml 기획 (+3ml 추가증정),라로슈포제,프랑스 라로슈포제사,엘오케이 유한회사,high,A000000206904,olive_crwl_products,,,,,,,정제수 하이드로제네이티드폴리아이소부텐 다이메티콘 글리세린 시어버터 판테놀 옥수수전분 프로판다이올 부틸렌글라이콜 세틸피이지/피피지-10/1다이메티콘 트라이하이드록시스테아린 병풀잎추출물 야콘뿌리즙 징크글루코네이트 마데카소사이드 망가니즈글루코네이트 알파-글루칸올리고사카라이드 실리카 알루미늄하이드록사이드 마그네슘설페이트 만노오스 카프릴로일글라이신 카프릴릴글라이콜 비트레오스실라발효물 시트릭애씨드 트라이소듐에틸렌다이아민다이석시네이트 락토바실러스 아세틸레이티드글라이콜스테아레이트 말토덱스트린 폴리글리세릴-4아이소스테아레이트 토코페롤 펜타에리스리틸테트라-다이-t-부틸하이드록시하이드로신나메이트 티타늄디옥사이드
cream_10,cream,[7월올영픽/화잘먹크림] 피지오겔 DMT 리제너러티브 크림 100ml 기획(+토너 50ml),피지오겔,엘지생활건강,,확인 필요,A000000258830,olive_crwl_products,,,,,,,"[피지오겔 DMT 리제너러티브 크림]
정제수, 글리세린, 펜틸렌글라이콜, 카프릴릭/카프릭트라이글리세라이드, 코코-카프릴레이트/카프레이트, 세테아릴알코올, 아라키딜알코올, 스쿠알란, 메틸트라이메티콘, 판테놀, 베헤닐알코올, 시어버터, 피토스테릴/이소스테아릴/세틸/스테아릴/베헤닐다이머디리놀리에이트, 오일팜오일, 하이드록시에틸아크릴레이트/소듐아크릴로일다이메틸타우레이트코폴리머, 아라키딜글루코사이드, 1,2-헥산다이올, 폴리아크릴레이트크로스폴리머-6, 하이드로제네이티드레시틴, 오일팜커넬오일, 베헤닉애씨드, 아이소스테아릴아이소스테아레이트, 카보머, 소듐카보머, 세라마이드엔피, 아데노신, 콜레스테롤, 소듐하이알루로네이트, 솔비탄아이소스테아레이트, 나이아신아마이드, 팔미틱애씨드, 스테아릭애씨드, 토코페롤, 2,3-부탄다이올, 글리세릴스테아레이트, 세라마이드에이피, 세라마이드엔지, 세라마이드이오피, 다이프로필렌글라이콜, 하이알루로닉애씨드

[피지오겔 DMT 에센스 인 토너]
정제수, 다이프로필렌글라이콜, 글리세린, 1,2-헥산다이올, 헥실데실에틸헥사노에이트, 펜타에리스리틸테트라에틸헥사노에이트, 변성알코올, 베타인, 사이클로펜타실록세인, 아크릴레이트/C10-30알킬아크릴레이트크로스폴리머, 트로메타민, 다이메티콘,피토스테롤, 소듐하이알루로네이트, 트라이소듐이디티에이, 세린, 소듐피씨에이, 하이드록시에틸우레아, 알지닌, 카프릴릭/카프릭트라이글리세라이드, 스쿠알란"
cream_11,cream,[수분보습폭탄] 빌리프 아쿠아 밤 / 모이스춰라이징 밤 30ml 1+1 기획,빌리프,엘지생활건강,엘지생활건강,high,A000000211213,olive_crwl_products,,,,,,,"[모이스처라이징 밤-본품/증정]
정제수, 글리세린, 사이클로헥사실록세인, 하이드로제네이티드폴리데센, 다이프로필렌글라이콜, 마카다미아씨오일, 1,2-헥산다이올, 트라이에틸헥사노인, 비스-피이지-18메틸에터다이메틸실레인, 스테아릴알코올, 글리세릴스테아레이트, 피이지-40스테아레이트, 펜타에리스리틸테트라에틸헥사노에이트, 컴프리잎추출물, 귀리커넬추출물*, 포트마리골드꽃추출물*, 개박하추출물*, 라즈베리잎추출물*, 와일드인디고뿌리추출물*, 별꽃추출물*, 레이디스맨틀잎추출물+, 삼색제비꽃추출물+, 다마스크장미꽃추출물+, 메도우스위트꽃추출물+, 마시멜로뿌리추출물+, 아이브라이트추출물, 서양측백나무잎추출물, 서양톱풀꽃추출물, 붉은토끼풀꽃추출물, 조름나물잎추출물, 흰버드나무껍질추출물, 탱자추출물, 띠뿌리추출물, C14-22알코올, 스쿠알란, 시어버터, 아라키딜글루코사이드, 세라마이드엔피, 콜레스테롤, 카프릴릴글라이콜, 아세틸헥사펩타이드-8, 토코페롤, 판테놀, 하이드록시에틸피페라진에탄설포닉애씨드, 우레아, 효모발효여과물, 겨우살이추출물, 글라이코실트레할로오스, 락토바실러스/콩발효추출물, 스테아릭애씨드, 트로메타민, 피이지-100스테아레이트, 세테아릴올리베이트, 팔미틱애씨드, 솔비탄올리베이트, 하이드로제네이티드레시틴, 아크릴레이트/C10-30알킬아크릴레이트크로스폴리머, 다이메티콘/비닐다이메티콘크로스폴리머, 카보머, 하이드로제네이티드스타치하이드롤리세이트, 잔탄검, 트라이소듐이디티에이, 세테아릴알코올, 부틸렌글라이콜, 다이메티콘, 솔비탄스테아레이트, 오렌지껍질오일**, 라임전초오일**, 로즈마리잎오일**, 센티드제라늄꽃오일**, 리모넨, 시트로넬올, 제라니올, 시트랄, 리날룰

[아쿠아 밤-본품/증정]
정제수, 다이프로필렌글라이콜, 글리세린, 메틸트라이메티콘, 변성알코올, 다이메티콘, 사이클로펜타실록세인, 1,2-헥산다이올, 카프릴릭/카프릭트라이글리세라이드, 피이지/피피지/폴리부틸렌글라이콜-8/5/3글리세린, 펜타에리스리틸테트라에틸헥사노에이트, 귀리커넬추출물*, 포트마리골드꽃추출물*, 개박하추출물*, 라즈베리잎추출물*, 와일드인디고뿌리추출물*, 별꽃추출물*+, 레이디스맨틀잎추출물+, 쇠뜨기잎추출물+, 쐐기풀잎추출물+, 소듐하이알루로네이트, 나이아신아마이드, 폴리메틸실세스퀴옥세인, 판테놀, 피이지-150, 펜타에리스리틸테트라아이소스테아레이트, 페닐트라이메티콘, 하이드록시에틸아크릴레이트/소듐아크릴로일다이메틸타우레이트코폴리머, 카보머, 트로메타민, 스쿠알란, 피이지-40하이드로제네이티드캐스터오일, 다이메티콘올, 아크릴레이트/C10-30알킬아크릴레이트크로스폴리머, C14-22알코올, 폴리솔베이트60, 부틸렌글라이콜, 마카다미아씨오일, 말라카이트추출물, 트라이에틸헥사노인, 트라이소듐이디티에이, 아라키딜글루코사이드, 시어버터, 하이드로제네이티드레시틴, 솔비탄아이소스테아레이트, 글리세릴스테아레이트, 스테아릭애씨드, 세라마이드엔피, 콜레스테롤, 피이지-100스테아레이트, 로즈마리잎오일**, 라임전초오일**, 센티드제라늄꽃오일**, 오렌지껍질오일**, 시트랄, 시트로넬올, 리모넨, 제라니올, 리날룰"
cream_12,cream,[7월 올영픽] 라로슈포제 시카플라스트 멀티 리페어 크림 100ml (+시카에센스 7.5ml),라로슈포제,프랑스 라로슈포제사,엘오케이 유한회사,high,A000000257827,olive_crwl_products,,,,,,,"[시카플라스트 멀티 리페어 크림]
정제수 다이카프릴릴에터 판테놀 글리세린 펜틸렌글라이콜 폴리글리세릴-6다이스테아레이트 프로판다이올 세틸에스터 호호바에스터 베헤닐알코올 그린와틀꽃왁스 해바라기씨왁스 병풀잎추출물 야콘뿌리즙 솔비탄올리에이트 징크글루코네이트 마데카소사이드 세테아릴아이소노나노에이트 망가니즈글루코네이트 아이소헥사데칸 알파-글루칸올리고사카라이드 소듐하이알루로네이트 소듐스테아로일글루타메이트 아데노신 만노오스 카퍼글루코네이트 하이드록시아세토페논 하이드록시프로필스타치포스페이트 카프릴로일살리실릭애씨드 비트레오스실라발효물 시트릭애씨드 트라이소듐에틸렌다이아민다이석시네이트 락토바실러스 말토덱스트린 폴리글리세린-3 폴리글리세릴-3비즈왁스 폴리솔베이트80 아크릴아마이드/소듐아크릴로일다이메틸타우레이트코폴리머 세틸알코올 토코페롤

[시카에센스]
정제수 비피다발효용해물 판테놀 다이메티콘 베타인 글리세린 부틸렌글라이콜 펜틸렌글라이콜 아이소프로필미리스테이트 피이지/피피지/폴리부틸렌글라이콜-8/5/3글리세린 소듐하이드록사이드 만노오스 메틸다이하이드로자스모네이트 아크릴레이트/C10-30알킬아크릴레이트크로스폴리머 페녹시에탄올 하이드로제네이티드레시틴 알파-글루칸올리고사카라이드 카프릴릴글라이콜 폴리솔베이트20 마데카소사이드 스핑고모나스발효추출물 시트릭애씨드 야콘뿌리즙 소듐메틸스테아로일타우레이트 아세틸다이펩타이드-1세틸에스터 소듐벤조에이트 말토덱스트린 징크글루코네이트 망가니즈글루코네이트 소듐하이알루로네이트 엑토인 단삼뿌리추출물 살리실로일피토스핑고신 락토바실러스 트라이소듐에틸렌다이아민다이석시네이트 비사보롤"
cream_13,cream,[7월올영픽] 닥터지 레드블레미쉬 클리어 수딩크림 EX 70ml기획 (+30ml+세럼10ml*2ea),닥터지,코스맥스(주),엘오케이(유),high,A000000255752,olive_crwl_products,,,,,,,"[크림] 
정제수, 글리세린, 부틸렌글라이콜, 다이카프릴릴에터, 나이아신아마이드, 1,2-헥산다이올, 펜틸렌글라이콜, 소듐하이알루로네이트, 병풀잎추출물, 비피다발효여과물, 락토바실러스발효물, 병풀꽃/잎/줄기추출물, 병풀뿌리추출물, 병풀추출물, 효모발효여과물, 하이드로제네이티드폴리데센, 다이카프릴릴카보네이트, 하이드록시에틸아크릴레이트/소듐아크릴로일다이메틸타우레이트코폴리머, 판테놀, 아크릴레이트/C10-30알킬아크릴레이트크로스폴리머, 실리카, 트로메타민, 솔비톨, 글리세릴아크릴레이트/아크릴릭애씨드코폴리머, 에틸헥실글리세린, 트라이소듐에틸렌다이아민다이석시네이트, 알란토인, 다이프로필렌글라이콜, 토코페롤, 마데카소사이드, 폴리글리세릴-10라우레이트, 포스파티딜콜린, 하이드로제네이티드레시틴, 칼슘판토테네이트, 스쿠알란, 에리스리톨, 에틸헥실팔미테이트, 아시아티코사이드, 마데카식애씨드, 아시아틱애씨드, 트라이하이드록시스테아린, 세라마이드엔피, 다발방패버섯추출물, 잔탄검
[세럼]
정제수, 부틸렌글라이콜, 다이프로필렌글라이콜, 나이아신아마이드, 1,2-헥산다이올, 글리세린, 판테놀, 글리세레스-26, 하이드록시에틸셀룰로오스, 에리스리톨, 소듐폴리아크릴로일다이메틸타우레이트, 소듐하이알루로네이트(1,100 ppm), 알란토인, 에틸헥실글리세린, 카프릴릭/카프릭트라이글리세라이드, 바이오사카라이드검-1, 다이소듐이디티에이, 하이드로제네이티드레시틴, 베타인살리실레이트, 석시닉애씨드, 트로메타민, 효모발효여과물, 옥틸도데칸올, 폴리글리세릴-10라우레이트, 포스파티딜콜린, 아시아티코사이드(48 ppm), 병풀잎추출물(40 ppm), 마데카식애씨드(36 ppm), 아시아틱애씨드(36 ppm), 글라이코리피드, 세라마이드엔피, 베타-글루칸, 락토바실러스발효물, 락토바실러스/콩발효추출물, 류코노스톡/무발효여과물, 효모발효추출물, 팔미토일트라이펩타이드-5, 다발방패버섯추출물, 마데카소사이드(3.6 ppm), 병풀추출물(3.4 ppm), 하이드록시프로필트라이모늄하이알루로네이트(1 ppm), 토코페롤, 징크피씨에이, 헥사펩타이드-9"
cream_14,cream,[광채/기미] 코페르 큐리페어 멜라크림 21ml 기획(+4ml),코페르,"(주)쵸이스코스메틱, (주)베스트이노베이션",,확인 필요,A000000246297,olive_crwl_products,,,,,,,"정제수, 글리세린, 하이드로제네이티드폴리데센, 네오펜틸글라이콜다이카프레이트, 메틸프로판다이올, 세틸피이지/피피지-10/1다이메티콘, 나이아신아마이드, 사이클로펜타실록세인, 1,2-헥산다이올, 다이메티콘, 트라이하이드록시스테아린, 사이클로헥사실록세인, 시어버터, 솔비탄세스퀴올리에이트, 실리카, 소듐클로라이드, 마트리카리아꽃추출물, 인동덩굴꽃추출물, 병풀추출물, 호장근뿌리추출물, 황금추출물, 녹차추출물, 스페인감초뿌리추출물, 로즈마리잎추출물, 유럽밤나무씨추출물, 뽕나무잎추출물, 에스에이치-올리고펩타이드-1, 에스에이치-올리고펩타이드-2, 에스에이치-폴리펩타이드-1, 에스에이치-폴리펩타이드-3, 에스에이치-폴리펩타이드-9, 에스에이치-폴리펩타이드-16, 에스에이치-폴리펩타이드-62, 에스에이치-폴리펩타이드-11, 에스에이치-폴리펩타이드-22, 에스에이치-폴리펩타이드-60, 에틸헥실글리세린, 편백수, 티타늄디옥사이드, 트라이에톡시카프릴릴실레인, 알루미늄하이드록사이드, 부틸렌글라이콜, 카프릴릴글라이콜, 스타아니스추출물, 아데노신, 다이소듐이디티에이, 라벤더오일, 리날룰"
cream_15,cream,[7월올영픽/손상장벽리페어] 피지오겔 레드수딩 AI 리페어 크림 100m 기획(+30ml+마스크 2매),피지오겔,(주)엘지생활건강,,확인 필요,A000000258831,olive_crwl_products,,,,,,,"[피지오겔 레드수딩 AI 리페어 크림]
정제수, 올리브오일, 글리세린, 펜틸렌글라이콜, 오일팜오일, 식물성오일, 하이드로제네이티드레시틴, 스쿠알란, 베타인, 팔미타마이드엠이에이, 아세타마이드엠이에이, 사코신,하이드록시에틸셀룰로오스, 카보머, 소듐카보머, 잔탄검, 토코페롤, 다이소듐포스페이트, 소듐포스페이트

[피지오겔 레드수딩 AI 릴리프 마스크]
정제수, 부틸렌글라이콜, 글리세린, 다이프로필렌글라이콜, 1,2-헥산다이올, 베타인, 메틸프로판다이올, 판테놀, 프로판다이올, 자작나무수액, 팔미타마이드엠이에이, 아세타마이드엠이에이, 사코신, 알란토인, 다이포타슘글리시리제이트, 하이드로제네이티드레시틴, 소듐하이알루로네이트, 베타-글루칸, 스쿠알란, 시어버터, 메도우폼씨오일, 세라마이드엔피, 카프릴릭/카프릭트라이글리세라이드, 아라키딜글루코사이드, 세테아릴알코올, 아라키딜알코올, 베헤닐알코올, 스테아릭애씨드, 팔미틱애씨드, 폴리글리세릴-10스테아레이트, 폴리글리세릴-10올리에이트, 콜레스테롤, 암모늄아크릴로일다이메틸타우레이트/베헤네스-25메타크라일레이트크로스폴리머, 카보머, 잔탄검, 다이소듐이디티에이, 트로메타민"
cream_16,cream,[대용량] 제로이드 인텐시브 크림 80ml 기획 (+50ml),제로이드,㈜네오팜,㈜네오팜,high,A000000231590,olive_crwl_products,,,,,,,"정제수, 프로판다이올, 카프릴릭/카프릭트라이글리세라이드, 글리세린, 식물성스쿠알란, 세테아릴알코올, 폴리글리세릴-10다이스테아레이트, 글리
세릴스테아레이트, 스테아릭애씨드, 다이메티콘, 1,2-헥산다이올, 미리스토일/팔미토일옥소스테아라마이드/아라카마이드엠이에이, 피토스테롤, 토코페릴
아세테이트, 카놀라오일, 올리브오일, 세틸팔미테이트, 솔비탄팔미테이트, 솔비탄올리베이트, 비사보롤, 메틸카프로오일타이로지네이트, 잔탄검, 소듐하이
알루로네이트, 카보머, 알지닌, 카프릴릴글라이콜"
cream_17,cream,바이오더마 시카비오 포마드 100ml(리페어 리치 밤),바이오더마,나오스 (NAOS),나오스코리아 (유) 서울시 강남구 테헤란로 407,high,A000000134691,olive_crwl_products,,,,,,,"정제수, 글리세린, 미네랄오일, 카프릴릭/카프릭트라이글리세라이드, 프룩토올리고사카라이드, 폴리글리세릴-4다이아이소스테아레이트/폴리하이드록시스테아레이트/세바케이트, 프로판다이올, 자일리톨, 징크스테아레이트, 소듐시트레이트, 부틸렌글라이콜, 카프릴로일글라이신, 카퍼설페이트, 소듐하이드록사이드, 소듐하이알루로네이트, 징크설페이트, 포도덩굴추출물, 라우레스-3, 아시아티코사이드, 아시아틱애씨드, 마데카식애씨드, 라미나리아 오크롤레우카추출물, 하이드록시에틸셀룰로오스, 아세틸다이펩타이드-1세틸에스터, 만니톨, 람노오스, 포타슘솔베이트 (0.003%)"
cream_18,cream,[장원영PICK] 닥터엘시아 345 릴리프 크림 50ml 기획 (+10ml*2ea+튜브링거),닥터엘시아,한국콜마(주),(주)더퓨어랩,high,A000000245087,olive_crwl_products,,,,,,,"정제수, 티트리잎수, 프로판다이올, 글리세린, 1,2-헥산다이올, 하이드로제네이티드폴리데센, 비닐다이메티콘, C14-22알코올, 카프릴릭/카프릭트라이글리세라이드, 나이아신아마이드, 판테놀, 다이카프릴릴카보네이트, 부틸렌글라이콜, 암모늄아크릴로일다이메틸타우레이트/브이피코폴리머, 카프릴릴메티콘, 폴리메틸실세스퀴옥세인, C12-20알킬글루코사이드, 하이드록시아세토페논, 아크릴레이트/C10-30알킬아크릴레이트크로스폴리머, 폴리쿼터늄-51, 에틸헥실글리세린, 트로메타민, 소듐하이알루로네이트, 소듐스테아로일글루타메이트, 황련뿌리추출물, 병풀잎수, 베타-글루칸, 레스베라트롤, 하이드롤라이즈드하이알루로닉애씨드, 녹차수, 토코페롤, 마데카소사이드, 소듐디엔에이, 병풀추출물, 세라마이드엔피, 탄닉애씨드, 다이소듐이디티에이, 소듐파이테이트"
cream_19,cream,"[NCT 재민PICK] 이즈앤트리 어니언 뉴페어 겔크림 플러스 50ml 기획 (+겔크림 플러스 20ml, 패드 2매)",이즈앤트리,(주)코스메카코리아,(주)이즈앤트리,high,A000000247776,olive_crwl_products,,,,,,,"[어니언 겔크림 플러스]
정제수, 글리세린, 카프릴릭/카프릭트라이글리세라이드, 나이아신아마이드, 프로판다이올, 1,2-헥산다이올, 하이드록시에틸아크릴레이트/소듐아크릴로일다이메틸타우레이트코폴리머, 양파추출물(10,100 ppm), 부틸렌글라이콜, 세테아릴알코올, 비닐다이메티콘, 카보머, 세테아릴올리베이트, 솔비톨, 솔비탄올리베이트, 바이오사카라이드검-1, 소듐폴리아크릴로일다이메틸타우레이트, 알지닌, 소듐아스코빌포스페이트, 글루타티온, 쿼세틴, 페룰릭애씨드, 알란토인, 판테놀, 소듐하이알루로네이트, 하이드롤라이즈드하이알루로닉애씨드, 하이알루로닉애씨드, 하이드록시프로필트라이모늄하이알루로네이트, 소듐아세틸레이티드하이알루로네이트, 마데카소사이드, 스쿠알란, 약모밀추출물, 사이아노코발아민, 솔비탄아이소스테아레이트, 하이드로제네이티드폴리데센, 에틸헥실글리세린, 시트릭애씨드, 하이드록시에틸셀룰로오스, 덱스트린, 다이소듐이디티에이, 소듐시트레이트, 트라이데세스-10, 치자추출물, 아데노신, 하이드로제네이티드레시틴, 폴리글리세릴-10스테아레이트, 펜틸렌글라이콜, 데실글루코사이드, 알지닌/라이신폴리펩타이드, 카프릴릴글라이콜
[어니언 패드]
정제수, 부틸렌글라이콜, 글리세린, 1, 2-헥산다이올, 나이아신아마이드, 양파추출물(843ppm), 트레할로오스, 약모밀추출물, 판테놀, 알란토인, 소듐헤파린, 소듐하이알루로네이트, 하이드롤라이즈드하이알루로닉애씨드, 소듐아세틸레이티드하이알루로네이트, 인도멀구슬나무꽃추출물, 아이비고드열매추출물, 트라넥사믹애씨드, 소듐아스코빌포스페이트, 글루코노락톤, 베타-글루칸, 하이드록시에틸셀룰로오스, 아데노신, 시트릭애씨드, 에틸헥실글리세린, 폴리솔베이트60, 다이소듐포스페이트, 소듐포스페이트"
cream_20,cream,[수분충전/쿨링진정] 에스네이처 아쿠아 오아시스 수분 젤크림 90ml 기획 (+카밍패드 2매),에스네이처,"[젤크림](주)씨엔에프, [카밍패드](주)엔코스",에스네이처,high,A000000202893,olive_crwl_products,,,,,,,"젤크림 : 정제수, 글리세린, 부틸렌글라이콜, 1,2-헥산다이올, 블루아가베잎추출물, 알란토인, 소듐하이알루로네이트, 하이드록시프로필트라이모늄하이알루로네이트, 하이드롤라이즈드하이알루로닉애씨드, 소듐아세틸레이티드하이알루로네이트, 하이알루로닉애씨드, 하이드롤라이즈드소듐하이알루로네이트, 소듐하이알루로네이트크로스폴리머, 포타슘하이알루로네이트, 알지닌, 메틸트라이메티콘, 에틸헥실글리세린, 암모늄아크릴로일다이메틸타우레이트/브이피코폴리머, 하이드록시에틸아크릴레이트/소듐아크릴로일다이메틸타우레이트코폴리머, 아크릴레이트/C10-30알킬아크릴레이트크로스폴리머, 하이드로제네이티드폴리(C6-14올레핀), 메틸다이아이소프로필프로피온아마이드, 다이메티콘/비닐다이메티콘크로스폴리머, 솔비탄아이소스테아레이트, 다이소듐이디티에이

카밍패드 : 정제수, 프로판다이올, 부틸렌글라이콜, 판테놀(30,000ppm), 다이프로필렌글라이콜, 글리세릴글루코사이드, 소듐피씨에이 베타인, 알란토인(1,500ppm), 글루코노락톤, 글리세린, 소듐하이알루로네이트, 사카라이드아이소머레이트, 보검선인장줄기추출물, 하이드록시프로필트라이모늄하이알루로네이트, 하이드롤라이즈드하이알루로닉애씨드, 소듐아세틸레이티드하이알루로네이트, 하이알루로닉애씨드, 하이드롤라이즈드소듐하이알루로네이트, 소듐하이알루로네이트크로스폴리머, 포타슘하이알루로네이트, 탱자추출물, 다이포타슘글리시리제이트, 효모발효물, 락토바실러스발효물, 에틸헥실글리세린, 카프릴릴글라이콜, 트로메타민, 1,2-헥산다이올, 소듐파이테이트, 하이드록시아세토페논, 글리세릴아크릴레이트/아크릴릭애씨드코폴리머, 피브이엠/엠에이코폴리머"
mistOil_01,mistOil,[7월올영픽/쿨링진정] 파넬 시카마누 세럼 미스트 100g 기획 (+세럼 15ml),파넬,(주)코스메카코리아,(주)일레븐코퍼레이션,high,A000000259499,olive_crwl_products,,,,,,,"[세럼미스트]
정제수, 다이프로필렌글라이콜, 프로판다이올, 나이아신아마이드, 1,2-헥산다이올, 부틸렌글라이콜, 글리세레스-25피씨에이아이소스테아레이트, 하이드록시아세토페논, 아크릴릭애씨드/브이피크로스폴리머, 알지닌, 에리스리톨, 병풀추출물(1,005ppm), 자일리톨, 잇꽃꽃추출물, 황련뿌리추출물, 에틸헥실글리세린, 덱스트린, 치자추출물, 메틸다이아이소프로필프로피온아마이드, 글리세린, 옥수수커넬추출물, 알로에베라잎추출물, 레몬그라스추출물, 유칼립투스잎추출물, 콘민트추출물, 폴록사머407, 판테놀, 카카오씨추출물, 프룩탄, 아시아티코사이드(4,000ppb), 아시아틱애씨드(3,000ppb), 마데카식애씨드(3,000ppb), 소듐디엔에이, 글루코오스, 마누카잎추출물(2,500ppb), 꿀추출물(2,000ppb), 락토바실러스발효물, 소듐하이알루로네이트크로스폴리머, 폴리글루타믹애씨드, 트레할로오스, 징크피씨에이, 다이메틸실란올하이알루로네이트, 하이드롤라이즈드하이알루로닉애씨드, 하이드롤라이즈드소듐하이알루로네이트, 하이알루로닉애씨드, 마데카소사이드(100ppb), 포타슘하이알루로네이트, 소듐하이알루로네이트, 하이드록시프로필트라이모늄하이알루로네이트, 소듐하이알루로네이트다이메틸실란올, 소듐아세틸레이티드하이알루로네이트

[세럼(증정)]
정제수, 부틸렌글라이콜, 글리세린, 1,2-헥산다이올, 카보머, 트로메타민, 폴리글리세릴-10라우레이트, 프로판다이올, 인도멀구슬나무잎추출물, 병풀추출물(744ppm), 카카오씨추출물, 에틸헥실글리세린, 불가리스쑥오일, 인도멀구슬나무꽃추출물, 덱스트린, 다이소듐이디티에이, 소듐폴리아크릴레이트, 펜틸렌글라이콜, 황련뿌리추출물, 락토바실러스발효물, 마누카잎추출물(20ppm), 마데카소사이드(20ppm), 데실글루코사이드, 카프릴릴글라이콜, 꿀추출물(900ppb), 메도우폼씨오일, 카프릴릭/카프릭트라이글리세라이드, 올리브오일, 하이드로제네이티드레시틴, 세라마이드엔피, 피토스핑고신, 멜라토닌"
mistOil_02,mistOil,모토몬트 라이스 듀이 페이셜 미스트 100ml,모토몬트,코스맥스(주),하이템포왈츠주식회사,high,A000000260415,olive_crwl_products,,,,,,,"쌀겨수 (43.4%), 정제수, 트라이에틸헥사노인, 1,2-헥산다이올, C15-19알케인, 나이아신아마이드, 카카오추출물, 백미꽃추출물, 접시꽃추출물, 트라이라우레스-4포스페이트, 하이드로제네이티드레시틴, 글리세린, 에틸헥실글리세린, 프로판다이올, 부틸렌글라이콜, 소듐파이테이트, 시트릭애씨드, 펜틸렌글라이콜, 소듐시트레이트, 자일로글루칸, 베타-글루칸, 덱스트린, 하이드록시신나믹애씨드, 토코페롤, 루틴, 소듐디엔에이 , 향료"
mistOil_03,mistOil,[미피 네임택 증정/7월 올영픽] 아벤느 오 떼르말 300ml 2입 기획 (+150ml +미피 네임택),아벤느,피에르파브르더모코스메틱,피에르파브르더모코스메틱코리아(유),high,A000000259067,olive_crwl_products,,,,,,,아벤느 온천수(아쿠아)
mistOil_04,mistOil,[화잘먹] 모토몬트 애프터눈 페이셜 미스트 100ml,모토몬트,(주)나우코스,와디즈엑스(주),high,A000000244836,olive_crwl_products,,,,,,,"정제수, 트라이에틸헥사노인, 나이아신아마이드, 1,2-헥산다이올, 트라이라우레스-4포스페이트, 에틸헥실글리세린, 부틸렌글라이콜, 하이드로제네이티드레시틴, 덱스트린, 카카오추출물, 향료, 아데노신, 라벤더꽃추출물, 보리지추출물, 수레국화꽃추출물, 클레리추출물, 히아신스전초추출물, 마트리카리아꽃추출물, 하이알루로닉애씨드, 토코페롤, 리날룰, 리모넨"
mistOil_05,mistOil,[26년 신형/보습광채] 달바 퍼스트 스프레이 세럼 펩타이드 100ml 더블기획,달바,(주)비앤비코리아,주식회사 달바글로벌,high,A000000259555,olive_crwl_products,,,,,,,"정제수, 부틸렌글라이콜, 글리세레스-26, 에톡시다이글라이콜, 나이아신아마이드, 폴리프로필실세스퀴옥세인, 해바라기씨오일, 흰서양송로수, 다이프로필렌글라이콜, 1,2-헥산다이올, 솔비톨, 하이드록시에틸우레아, 아보카도오일, 바질꽃/잎/줄기추출물, 멕시칸치아씨추출물, 다이펩타이드-15, 흰서양송로추출물, 베타인, 귀리커넬추출물, 다이소듐이디티에이, 아데노신, 돌콩오일, 알지닌, 카보머, 다이포타슘글리시리제이트, 하이드롤라이즈드하이알루로닉애씨드, 아나토씨오일, 글리세린, 소듐팔미토일프롤린, 데이지꽃추출물, 프리지아추출물, 약모밀추출물, 에델바이스추출물, 마돈나백합꽃추출물, 뽕나무껍질추출물, 연꽃추출물, 인삼추출물, 스노우로투스추출물, 비피다발효용해물, 포타슘솔베이트, 알바수련꽃추출물, 하이드록시아세토페논, 카프릴릴글라이콜, 토코페릴아세테이트, 토코페롤, 향료, 리날룰, 헥실신남알, 리모넨, 시트로넬올"
mistOil_06,mistOil,[수지 PICK/한정기획] 아누아 피디알엔 히알루론산 수분 캡슐 미스트 100ml 2입 기획,아누아,㈜코스맥스,㈜더파운더즈,high,A000000247773,olive_crwl_products,,,,,,,"정제수, 다이페닐다이메티콘, 다이프로필렌글라이콜, 펜틸렌글라이콜, 1,2-헥산다이올, 스트렙토코쿠스 테르모필루스발효물, 캐스터오일/아이피디아이코폴리머, 자일리틸글루코사이드, 자일리톨, 돌콩추출물, 인도멀구슬나무잎추출물, 소듐하이알루로네이트(100ppm), 인도멀구슬나무꽃추출물, 돌콩오일, 사과즙, 아이비고드열매추출물, 백미꽃추출물, 가지열매추출물, 알로에베라꽃추출물, 호호바씨오일, 울금뿌리추출물, 홀리바질잎추출물, 참산호말추출물, 해바라기씨오일, 접시꽃추출물, 당근추출물, 하이드롤라이즈드하이알루로닉애씨드(0.01ppm), 하이알루로닉애씨드(0.01ppm), 유럽밤나무씨추출물, 사과씨오일, 흑효모발효물, 하이드롤라이즈드콜라겐, 비타민나무오일, 호박가루, 칸디다 봄비콜라/글루코오스/메틸레이프씨데이트발효물, 드럼스틱씨오일, 글리세레스-26, 프로판다이올, 부틸렌글라이콜, 판테놀, 카프릴릭/카프릭트라이글리세라이드, 소듐디엔에이(2,000ppm), 하이드록시에틸우레아, 하이드록시아세토페논, 알란토인, 다이펩타이드-15, 젤란검, 안하이드로자일리톨, 칼슘클로라이드, 카프릴릴글라이콜, 아데노신, 피피지-13-데실테트라데세스-24, 글리세린, 소듐시트레이트, 시트릭애씨드, 토코페롤, 옥탄다이올, 에틸헥실글리세린, 베타-카로틴, 다이포타슘포스페이트, 아세틸글루타민, 아가, 마그네슘설페이트, 다이페닐실록시페닐트라이메티콘, 페닐트라이메티콘, 프로필렌글라이콜다이벤조에이트, 하이드로제네이티드레시틴, 세라마이드엔피, 소듐클로라이드, 카퍼트라이펩타이드-1, 셀룰로오스검, 소듐바이카보네이트, 포타슘클로라이드, 소듐스테아로일글루타메이트, 잔탄검"
mistOil_07,mistOil,[청담샵화잘먹] 메디큐브 PDRN 핑크 콜라겐 글로우 젤리 미스트 100ml 더블기획(+미스트 공병키링),메디큐브,(주)코스메카코리아,주식회사 에이피알,high,A000000255680,olive_crwl_products,,,,,,,"콜라겐수(80.9%), 아이소프로필미리스테이트, 글리세린, 나이아신아마이드, 1,2-헥산다이올, 정제수, 소듐클로라이드, 메도우폼씨오일, 부틸렌글라이콜, 하이드록시아세토페논, 프로판다이올, 젤란검, 소듐디엔에이(1,081ppm), 해바라기씨오일, 에틸헥실글리세린, 아데노신, 트라이에틸시트레이트, 옥수수커넬추출물, 알칸나뿌리추출물, 다이소듐이디티에이, 토코페롤, 하이알루로닉애씨드, 하이드롤라이즈드하이알루로닉애씨드, 소듐하이알루로네이트, 콜라겐(10.8ppm), 프룩탄, 만주자작나무껍질/잎추출물, 피마자씨오일, 글루코오스, 레몬그라스잎오일, 스타아니스열매/씨오일, 스쿠알란, 글루타티온, 하이드롤라이즈드엘라스틴, 연어알추출물, 말토덱스트린, 카프릴릭/카프릭트라이글리세라이드, 하이드로제네이티드레시틴, 세라마이드엔피, 소듐시트레이트, 카프릴릴글라이콜, 소듐포스페이트, 시트릭애씨드, 진주추출물, 사이아노코발아민, 에스에이치-올리고펩타이드-1"
mistOil_08,mistOil,[NEW / 수부지추천] 클레어스 블루 EGF 카밍 미스트 100ml,디어클레어스,아이큐어(주),위시컴퍼니(주),high,A000000259319,olive_crwl_products,,,,,,,"정제수, 카프릴릭/카프릭트라이글리세라이드, 부틸렌글라이콜, 1,2-헥산다이올, 에리스리톨, 자일리톨, 알란토인, 소듐클로라이드, 트레할로오스, 에틸헥실글리세린, 카프릴릴글라이콜, 토코페릴아세테이트, 소듐시트레이트, 구아이아줄렌(300ppm), 시트릭애씨드, 엑토인(100ppm), 마데카소사이드(100ppm), 로즈힙열매오일, 비사보롤, 소듐하이알루로네이트크로스폴리머, 에스에이치-올리고펩타이드-1(5ppm), 에스에이치-폴리펩타이드-1(5ppm), 월귤추출물, 징크피씨에이"
mistOil_09,mistOil,[재구매율1위] 바이오힐보 판테셀 리페어시카 크림미스트 [기내용/더블/대용량],바이오힐보,코스맥스㈜,코스맥스㈜,high,A000000189004,olive_crwl_products,,,,,,,"정제수, 글리세린, 트라이에틸헥사노인, 하이드로제네이티드폴리(C6-14올레핀), 부틸렌글라이콜, 펜틸렌글라이콜, 메틸프로판다이올, 판테놀(1%), 병풀추출물, 베타-시토스테롤, 병풀잎추출물, 아세틸헥사펩타이드-8, 아스코빅애씨드폴리펩타이드, 아세틸옥타펩타이드-3, 아세틸테트라펩타이드-2, 아세틸테트라펩타이드-3, 아세틸테트라펩타이드-5, 아세틸테트라펩타이드-9, 카르노신, 카퍼트라이펩타이드-1, 노나펩타이드-1, 팔미토일펜타펩타이드-4, 팔미토일트라이펩타이드-1, 팔미토일트라이펩타이드-5, 스트렙토코쿠스 테르모필루스발효물, 아이리쉬모스추출물, 사탕수수추출물, 사과즙, 칸디다 봄비콜라/글루코오스/메틸레이프씨데이트발효물, 해바라기씨오일, 1,2-헥산다이올, 베타인, 트라이라우레스-4포스페이트, 에틸헥실글리세린, 폴리쿼터늄-51, 소듐파이테이트, 시트릭애씨드, 토코페롤, 레시틴, 에스신, 다이프로필렌글라이콜"
mistOil_10,mistOil,에스트라 아토베리어365 크림미스트 120ml,에스트라,(주)아모레퍼시픽,(주)아모레퍼시픽,high,A000000130138,olive_crwl_products,,,,,,,"정제수, 글리세린, 부틸렌글라이콜, 카프릴릭/카프릭트리글리세라이드, 하이드로제네이티드폴리(C6-14올레핀),디메치콘, 세틸에칠헥사노에이트, 하이드록시프로필비스라우라마이드엠이에이(10,000 ppm), 1,2-헥산디올, 소듐서팩틴, 콜레스테롤, 글리세릴카프릴레이트, 디소듐디티
에이, 에칠헥실글리세린, 베헤닉애씨드, 토코페롤"
mistOil_11,mistOil,[7월올영픽/토너미스트] 유리아쥬 시카 데일리 마이크로 리페어링 미스트 120ml기획(+미스트 50ml+세럼 1ml),유리아쥬,17,(주)케이엔유,high,A000000259179,olive_crwl_products,,,,,,,"[미스트]
정제수, 메틸프로판다이올, 부틸렌글라이콜, 글리세린, 1,2-헥산다이올, 나이아신아마이드, 에틸헥실글리세린, 쇠비름추출물, 소듐시트레이트, 하이드록시아세토페논, 폴리쿼터늄-51, 시트릭애씨드, 다이소듐이디티에이, 하이드로제네이티드레시틴, 판테놀, 병풀추출물, 무화과추출물, 세라마이드엔피, 락토코쿠스발효용해물, 프룩토올리고사카라이드, 향부자추출물, 사탕무뿌리추출물, 징크피씨에이, 베툴린, 포타슘락테이트, 락틱애씨드, 소듐클로라이드

[세럼]
정제수,온천수*,글리세린,다이글리세린,1,2-헥산다이올,이눌린,판테놀,소듐폴리아크릴로일다이메틸타우레이트,잔탄검,소듐하이알루로네이트,프로판다이올,병풀잎추출물,시트릭애씨드,징크글루코네이트,글루타밀아미도에틸인돌"
mistOil_12,mistOil,닥터엘시아 345 릴리프 크림 미스트 100ml 기획 (+60ml),닥터엘시아,코스맥스(주),(주)더퓨어랩,high,A000000251062,olive_crwl_products,,,,,,,"쌀겨수, 글리세린, 트라이에틸헥사노인, 정제수, 하이드로제네이티드폴리(C6-14올레핀), 부틸렌글라이콜, 메틸프로판다이올, 펜틸렌글라이콜, 1,2-헥산다이올, 판테놀, 스트렙토코쿠스 테르모필루스발효물, 트라이라우레스-4포스페이트, 에틸헥실글리세린, 소듐파이테이트, 시트릭애씨드, 베타인, 폴리쿼터늄-51, 사과즙, 쌀추출물, 씨솔트, 백미꽃추출물, 토코페롤, 아스퍼질러스발효물, 접시꽃추출물, 하이드롤라이즈드하이알루로닉애씨드, 하이드록시프로필트라이모늄하이알루로네이트, 마데카소사이드, 알로에베라잎수, 귀리커넬추출물, 병풀잎추출물, 락토바실러스발효물, 약모밀추출물, 하이알루로닉애씨드, 실란트라이올, 비피다발효추출물, 하이드롤라이즈드쌀단백질, 쌀아미노산"
mistOil_13,mistOil,[1초 수분결 미스트] 에스네이처 아쿠아 스쿠알란 미스트 100ml 더블기획,에스네이처,(주)씨엔에프,에스네이처,high,A000000240453,olive_crwl_products,,,,,,,"정제수, 부틸렌글라이콜, 글리세린, 메틸프로판다이올, 폴리글리세릴-10라우레이트, 스쿠알란(10,000ppm), 버지니아풍년화잎추출물, 달맞이꽃꽃추출물, 녹차추출물, 글리세릴글루코사이드, 1,2-헥산다이올, 아데노신, 에틸헥실글리세린, 하이드로제네이티드레시틴, 소듐시트레이트, 석시닉애씨드, 다이소듐이디티에이, 잔탄검, 하이드록시아세토페논"
mistOil_14,mistOil,[26년 신형/진정결광] 달바 바이탈 스프레이 세럼 나이아신아마이드 5퍼센트 100ml 더블기획,달바,(주)비앤비코리아,(주)달바글로벌,high,A000000260054,olive_crwl_products,,,,,,,"정제수, 부틸렌글라이콜, 나이아신아마이드, 글리세레스-26, 에톡시다이글라이콜, 폴리프로필실세스퀴옥세인, 해바라기씨오일, 흰서양송로수, 흰서양송로추출물, 다이펩타이드-15, 다이프로필렌글라이콜, 하이드록시에틸우레아, 베타인, 1,2-헥산다이올, 카프릴릴글라이콜, 지치뿌리추출물, 마카다미아씨오일, 아보카도오일, 로즈힙열매오일, 카프릴릭/카프릭트라이글리세라이드, 다이소듐이디티에이, 아데노신, 사카라이드아이소머레이트, 센티드제라늄꽃오일, 하이드록시아세토페논, 알지닌, 카보머, 펜타에리스리틸테트라-다이-t-부틸하이드록시하이드로신나메이트, 자일리틸글루코사이드, 아이비고드열매추출물, 석류추출물, 다이포타슘글리시리제이트, 자일리톨, 글리세린, 토코페릴아세테이트, 장미꽃오일, 시트릭애씨드, 소듐시트레이트, 라벤더꽃추출물, 로즈마리잎추출물, 오레가노추출물, 타임꽃/잎/줄기추출물, 캐모마일꽃추출물, 포트마리골드꽃추출물, 녹차추출물, 레몬그라스추출물, 유칼립투스잎추출물, 히비스커스꽃추출물, 커먼자스민추출물, 티트리추출물, 레몬밤추출물, 페퍼민트잎추출물, 콜스애플민트잎추출물, 올리브나무잎추출물, 세룰라타벚나무꽃추출물, 살비아추출물, 소듐하이알루로네이트, 하이드록시프로필트라이모늄하이알루로네이트, 개똥쑥추출물, 연꽃추출물, 쌀추출물, 호프발효물, 하이드롤라이즈드하이알루로닉애씨드, 소듐아세틸레이티드하이알루로네이트, 하이알루로닉애씨드, 하이드롤라이즈드소듐하이알루로네이트, 소듐하이알루로네이트크로스폴리머, 포타슘하이알루로네이트, 향료, 시트로넬올, 리날룰, 제라니올, 리모넨, 헥실신남알, 시트랄"
mistOil_15,mistOil,[화잘먹미스트/탱글젤리광] 메디큐브 PDRN 핑크 콜라겐 젤리 미스트 100ml 기획 (+앰플5ml+크림10ml),메디큐브,(주)코스메카코리아,주식회사 에이피알,high,A000000232220,olive_crwl_products,,,,,,,"**PDRN 젤리 미스트
콜라겐수(80.9%), 아이소프로필미리스테이트, 글리세린, 나이아신아마이드, 1,2-헥산다이올, 정제수, 소듐클로라이드, 메도우폼씨오일, 부틸렌글라이콜, 하이드록시아세토페논, 프로판다이올, 젤란검, 소듐디엔에이(1,081ppm), 해바라기씨오일, 에틸헥실글리세린, 아데노신, 트라이에틸헥사노인, 옥수수커넬추출물, 알간나뿌리추출물, 다이소듐이디티에이, 도쿄치류, 하이드로제네이티드레시틴, 하이드롤라이즈드하이알루로닉애씨드, 하이드롤라이즈드콜라겐, 글리세릴카프릴레이트, 콜라겐(10.8ppm), 프로판, 다채추출가루/잎추출물, 미타자씨오일, 올록수스, 레몬그라스잎추출물, 스타아니스열매/씨오일, 스쿠알란, 글루코오스, 하이드롤라이즈드엘라스틴, 연잎추출물, 말토덱스트린, 카프릴릭/카프릭트라이글리세라이드, 로즈마리잎오일, 판테놀, 소듐파이테이트, 소듐시트레이트, 카프릴릴글라이콜, 소듐포스페이트, 시트릭애씨드, 진주추출물, 사이아노코발아민, 에스에이치-올리고펩타이드-1

**PDRN 수분크림
정제수, 글리세레스-26, 부틸렌글라이콜, 카프릴릭/카프릭트라이글리세라이드, 사이클로펜타실록세인, 1,2-헥산다이올, 나이아신아마이드, 하이드로제네이티드폴리데센, 아이소노닐아이소노나노에이트, 세테아릴올리베이트, 에틸헥실올리베이트, 글리세린, 솔비탄올리베이트, 소듐디엔에이(5,000PPM), 소듐아크릴레이트코폴리머, 소듐폴리아크릴로일다이메틸타우레 이트, 하이드록시에틸아크릴레이트/소듐아크릴로일다이메틸타우레이트코폴리머, 폴리글리세릴-4올리에이트, 다이소듐이디티에이, 베타인, 판테놀, 향료, 에틸헥실글리세린, 아데노신, 솔비탄아이소스테아레이트, 메도우폼씨오일, 글리세릴아크릴레이트/아크릴릭애씨드코폴리머, 시트릭애씨드, 사이아노코발아민, 하이드로제네이티드레시틴, 세테아릴알코올, 스테아릭애씨드, 소듐하이알루로네이트(1.02PPM), 하이드록시프로필트라이모늄하이알루로네이트(0.1PPM), 세라마이드엔피, 꿀풀추출물, 블래더랙추출물, 노니열매추출물, 여주열매추출물, 오크라열매추출물, 세라마이드엔에스, 소듐아세틸레이티드하이알루로네이트(0.01PPM), 하이드롤라이즈드하이알루로닉애씨드(0.01PPM), 병풀잎추출물, 콜레스테롤, 피토스핑고신, 세라마이드에이에스, 세라마이드에이피, 하이알루로닉애씨드(0.0025PPM), 카퍼트라이펩타이드-1, 소듐하이알루로네이트크로스폴리머(0.001PPM), 아세틸헥사펩타이드-8, 팔미토일펜타펩타이드-4, 하이드롤라이즈드소듐하이알루로네이트(0.001PPM), 팔미토일테트라펩타이드-7, 팔미토일트라이펩타이드-1, 포타슘하이알루로네이트(0.0002PPM), 세라마이드이오피

**PDRN 앰플
 정제수,글리세린,다이프로필렌글라이콜,아이소프로필미리스테이트,글리세레스-26,나이아신아마이드,1,2-헥산다이올,소듐디엔에이,부틸렌글라이콜,폴리글리세린-3,소듐아크릴레이트/소듐아크릴로일다이메틸타우레이트코폴리머,폴리아이소부텐,아크릴레이트/C10-30알킬아크릴레이트크로스폴리머,이리추출물,트로메타민,글리세릴아크릴레이트/아크릴릭애씨드코폴리머,피브이엠/엠에이코폴리머,에틸헥실글리세린,카프릴릴글라이콜,향료,인도멀구슬나무잎추출물,아데노신,카프릴릴/카프릴글루코사이드,솔비탄올리에이트,인도멀구슬나무꽃추출물,소듐하이알루로네이트,다이소듐이디티에이,울금뿌리추출물,사이아노코발아민,하이드롤라이즈드콜라겐,유비퀴논,홀리바질잎추출물,참산호말추출물,팔미토일펜타펩타이드-4,팔미토일트라이펩타이드-1,팔미토일테트라펩타이드-7,카퍼트라이펩타이드-1,아세틸헥사펩타이드-8,연어알추출물,아텔로콜라겐"
mistOil_16,mistOil,[보습광채/안개분사]차앤박 프로폴리스 에너지 앰플 미스트 250ml,차앤박,(주)LG생활건강,(주)LG생활건강,high,A000000166510,olive_crwl_products,,,,,,,"정제수, 프로판다이올, 글리세린, 1,2-헥산다이올, 다이메티콘, 소듐시트레이트, 부틸렌글라이콜, 베타인, 하이드로제네이티드레시틴, 솔비톨, 피이지-60하이드로제네이티드캐스터오일, 솔비탄세스퀴올리에이트, 시트릭애씨드, 센티드제라늄꽃오일, 펜틸렌글라이콜, 다이소듐이디티에이, 프로폴리스추출물(200ppm), 하이알루로닉애씨드, 판테놀, 하이드록시페닐프로파미도벤조익애씨드, 글루코노락톤, 락토바이오닉애씨드, 판토락톤, 아스코빌팔미테이트, 시트로넬올, 제라니올, 리날룰"
mistOil_17,mistOil,[7월 올영픽/화잘먹 쿨링 미스트] 바이오던스 콜라겐 펩타이드 젤리 세럼 미스트 50ml 기획(+퍼글러 미스트 파우치),바이오던스,(주)나우코스,(주)뷰티셀렉션,high,A000000259222,olive_crwl_products,,,,,,,"콜라겐수(770,965ppm), 글리세린, 프로판다이올, 트라이프로필렌글라이콜, 1,2-헥산다이올, 나이아신아마이드, 글리세레스-26, 정제수, 소듐클로라이드, 하이드록시아세토페논, 젤란검, 칼슘락테이트, 아데노신, 다이소듐이디티에이, 갈락토미세스발효여과물, 사이아노코발아민, 치자추출물, 하이드롤라이즈드스클레로튬검, 카라기난, 하이드롤라이즈드하이알루로닉애씨드, 부틸렌글라이콜, 잔탄검, 캐롭검, 덱스트린, 수크로오스, 아세틸헥사펩타이드-8(1,000ppb), 콜라겐추출물(100ppb), 카퍼트라이펩타이드-1(0.1ppb), 트라이펩타이드-1(0.1ppb), 팔미토일트라이펩타이드-5(0.1ppb), 헥사펩타이드-9(0.1ppb), 팔미토일펜타펩타이드-4(0.1ppb), 올리고펩타이드-1(0.1ppb),팔미토일트라이펩타이드-38(0.1ppb), 펜타펩타이드-4(0.1ppb), 헥사펩타이드-12(0.1ppb)"
mistOil_18,mistOil,[미백탄력/비타VER] 달바 비타 토닝 안티에이징 스프레이 세럼 8퍼센트 70ml,달바,(주)비앤비코리아,주식회사 달바글로벌,high,A000000241879,olive_crwl_products,,,,,,,"전성분명,비타민나무수,흰서양송로수,콜라겐수,다이프로필렌글라이콜,해바라기씨오일,1,2-헥산다이올,글리세레스-26,정제수,나이아신아마이드,폴리프로필실세스퀴옥세인,흰서양송로추출물,카프릴릭/카프릭트라이글리세라이드,하이드록시에틸우레아,부틸렌글라이콜,마카다미아씨오일,올리브오일,베타인,토코페롤,동백나무씨오일,아보카도오일,솔비톨,다이포타슘글리시리제이트,다이소듐이디티에이,펜타에리스리틸테트라-다이-t-부틸하이드록시하이드로신나메이트,아데노신,바위돌꽃뿌리추출물,돌콩오일,비타민나무열매오일,달맞이꽃오일,인도멀구슬나무꽃추출물,소듐팔미토일프롤린,알지닌,카보머,홀리바질잎추출물,인도멀구슬나무잎추출물,덱스트린,카카오추출물,아나토씨오일,하이드롤라이즈드하이알루로닉애씨드,아스코빅애씨드,울금뿌리추출물,글루타티온,글루코오스,만노오스,참산호말추출물,알바수련꽃추출물,소듐하이알루로네이트,하이드롤라이즈드옥수수단백질,하이드롤라이즈드귀리단백질,하이드롤라이즈드완두콩단백질,하이드롤라이즈드쌀겨단백질,하이드롤라이즈드쌀단백질,하이드롤라이즈드참깨단백질,하이드롤라이즈드콩단백질,하이드롤라이즈드밀단백질,하이드록시프로필트라이모늄하이알루로네이트,소듐아세틸레이티드하이알루로네이트,하이알루로닉애씨드,하이드롤라이즈드소듐하이알루로네이트,소듐하이알루로네이트크로스폴리머,포타슘하이알루로네이트,향료,리날룰,헥실신남알,리모넨,시트로넬올"
mistOil_19,mistOil,[수지 PICK] 아누아 피디알엔 히알루론산 수분 캡슐 미스트 100ml,아누아,㈜코스맥스,㈜더파운더즈,high,A000000237449,olive_crwl_products,,,,,,,"정제수, 다이페닐다이메티콘, 다이프로필렌글라이콜, 펜틸렌글라이콜, 1,2-헥산다이올, 스트렙토코쿠스 테르모필루스발효물, 캐스터오일/아이피디아이코폴리머, 자일리틸글루코사이드, 자일리톨, 돌콩추출물, 인도멀구슬나무잎추출물, 인도멀구슬나무꽃추출물, 소듐하이알루로네이트 (100ppm), 사과즙, 아이비고드열매추출물, 백미꽃추출물, 가지열매추출물, 알로에베라꽃추출물, 울금뿌리추출물, 홀리바질잎추출물, 호호바씨오일, 호박가루, 참산호말추출물, 해바라기씨오일, 접시꽃추출물, 드럼스틱씨오일, 하이드롤라이즈드하이알루로닉애씨드 (0.01ppm), 하이알루로닉애씨드 (0.01ppm), 유럽밤나무씨추출물, 사과씨오일, 흑효모발효물, 하이드롤라이즈드콜라겐, 칸디다 봄비콜라/글루코오스/메틸레이프씨데이트발효물, 글리세레스-26, 프로판다이올, 부틸렌글라이콜, 판테놀, 카프릴릭/카프릭트라이글리세라이드, 소듐디엔에이 (2,000ppm), 하이드록시에틸우레아, 하이드록시아세토페논, 알란토인, 다이펩타이드-15, 젤란검, 안하이드로자일리톨, 칼슘클로라이드, 카프릴릴글라이콜, 글리세린, 소듐시트레이트, 시트릭애씨드, 토코페롤, 옥탄다이올, 에틸헥실글리세린, 다이페닐실록시페닐트라이메티콘, 페닐트라이메티콘, 프로필렌글라이콜다이벤조에이트, 다이포타슘포스페이트, 아세틸글루타민, 마그네슘설페이트, 하이드로제네이티드레시틴, 세라마이드엔피, 소듐클로라이드, 카퍼트라이펩타이드-1, 셀룰로오스검, 소듐바이카보네이트, 포타슘클로라이드, 소듐스테아로일글루타메이트, 잔탄검"
mistOil_20,mistOil,[아이돌광채] 더하르나이 시카이드 크림 미스트 120ml (안개분사 화잘먹 미스트),더하르나이,"(주)예그리나, 리애드코퍼레이션㈜",,확인 필요,A000000213916,olive_crwl_products,,,,,,,"정제수, 메도우폼씨오일, 1,2-헥산다이올, 메틸프로판다이올, 트레할로오스, 글리세린, 부틸렌글라이콜, 티트리잎추출물, 세라마이드엔피, 병풀추출물(2ppm), 마데카소사이드(0.02ppm), 마데카식애씨드(0.02ppm), 아시아티코사이드(0.02ppm), 아시아틱애씨드(0.02ppm), 아세틸헥사펩타이드-8, 카르노신, 카퍼트라이펩타이드-1, 글루타티온, 아세틸테트라펩타이드-3, 아세틸테트라펩타이드-5, 팔미토일테트라펩타이드-7, 팔미토일트라이펩타이드-1, 팔미토일트라이펩타이드-5, 팔미토일펜타펩타이드-4, 라임전초오일, 라벤더오일, 하이드로제네이티드레시틴, 폴리글리세릴-10올리에이트, 폴리글리세릴-3메틸글루코오스다이스테아레이트, 다이소듐이디티에이, 옥틸도데칸올, 카프릴릴글라이콜, 에틸헥실글리세린, 리모넨, 리날룰"
sheetMask_01,sheetMask,[15년 연속 1위] 메디힐 에센셜 마스크팩 10/10+1매 기획 7종 골라담기,메디힐,"㈜엘에스, ㈜이미인, ㈜코스맥스",엘앤피코스메틱㈜,high,A000000223414,olive_crwl_products,,,,,,,"[마데카소사이드] 정제수, 프로판다이올, 다이프로필렌글라이콜, 나이아신아마이드, 글리세린, 1,2-헥산다이올, 트레할로오스, 하이드록시아세토페논, 알지닌, 카보머, 폴리글리세릴-10라우레이트, 에틸헥실글리세린, 폴리글리세릴-4라우레이트, 잔탄검, 다이소듐이디티에이, 옥틸도데세스-16, 연필향나무오일, 마데카소사이드, 서양배추출물, 호호바씨오일, 다마스크장미꽃수, 광곽향오일, 글리세릴아크릴레이트/아크릴릭애씨드코폴리머, 오리스뿌리추출물, 멜론추출물, 불가리스쑥오일, 서양송악잎/줄기추출물, 로즈마리잎오일, 부틸렌글라이콜, 해수, 소듐하이알루로네이트, 병풀추출물, 소듐하이알루로네이트크로스폴리머, 하이드롤라이즈드글라이코사미노글리칸, 하이드로제네이티드레시틴, 향부자추출물, 벤질글라이콜, 하이드롤라이즈드하이알루로닉애씨드, 하이알루로닉애씨드, 판테놀, 세라마이드엔피

[티트리] 정제수, 글리세린, 다이프로필렌글라이콜, 1,2-헥산다이올, 티트리추출물, 메틸프로판다이올, 프로판다이올, 하이드록시아세토페논, 알지닌, 카보머, 아미노부티릭애씨드, 부틸렌글라이콜, 잔탄검, 폴리글리세릴-10라우레이트, 아데노신, 폴리글리세릴-4라우레이트, 해수, 다이소듐이디티에이, 트루로즈오브예리코추출물, 티트리잎오일, 폴리쿼터늄-51, 하이드로제네이티드레시틴, 베르가모트오일, 티트리잎추출물, 4-터피네올, 글리세릴글루코사이드, 트레할로오스, 티트리꽃/잎/줄기추출물, 티트리잎수, 화이트티트리잎추출물, 서양민들레뿌리줄기/뿌리추출물, 소엽잎추출물, 향부자추출물, 소두구씨오일, 판테놀, 세라마이드엔피

[세라마이드] 정제수, 글리세린, 다이프로필렌글라이콜, 트라이에틸헥사노인, 프로판다이올, 시어버터, 글리세릴스테아레이트, 1,2-헥산다이올, 폴리글리세릴-3메틸글루코오스다이스테아레이트, 하이드록시아세토페논, 알지닌, 폴리글리세릴-10라우레이트, 아크릴레이트/C10-30알킬아크릴레이트크로스폴리머, 폴리글리세릴-4라우레이트, 잔탄검, 에틸헥실글리세린, 향료, 팔미틱애씨드, 카보머, 스테아릭애씨드, 세라마이드엔피, 아데노신, 다이소듐이디티에이, 서양배추출물, 부틸렌글라이콜, 다마스크장미꽃수, 판테놀, 오리스뿌리추출물, 멜론추출물, 서양송악잎/줄기추출물, 글라이신, 글루타믹애씨드, 아스파틱애씨드, 소듐폴리아크릴레이트, 소듐클로라이드, 향부자추출물, 엑토인, 히스티딘, 세린, 시트릭애씨드, 알라닌, 프롤린, 트레오닌, 마그네슘클로라이드, 칼슘클로라이드, 세라마이드에이피, 세라마이드이오피, 세라마이드엔에스

[비타민씨] 정제수, 프로판다이올, 나이아신아마이드(30,000 ppm), 글리세린, 1,2-헥산다이올, 다이프로필렌글라이콜, 귤껍질추출물(2,000 ppm), 비타민나무추출물(2,000 ppm), 하이드록시아세토페논, 글리세릴글루코사이드, 알지닌, 카보머, 판테놀(1,300 ppm), 아미노부티릭애씨드, 하이드록시에틸우레아, 폴리글리세릴-10라우레이트, 잔탄검, 다이소듐이디티에이, 부틸렌글라이콜, 글리세릴아크릴레이트/아크릴릭애씨드코폴리머, 3-O-에틸아스코빅애씨드(50 ppm), 센티드제라늄꽃오일, 글루코오스, 시트로넬올, 해수, 바이오틴(24 ppm), 카르니틴에이치씨엘(24 ppm), 폴릭애씨드(24 ppm), 헤스페리딘(24 ppm), 메나다이온(24 ppm), 피리독신에이치씨엘(24 ppm), 리보플라빈(24 ppm), 티아민에이치씨엘(24 ppm), 토코페릴아세테이트(24 ppm), 제라니올, 황련추출물, 하이드로제네이티드레시틴, 아스코빅애씨드(5,000 ppb), 밤부사 불가리스잎추출물, 아마씨추출물, 향부자추출물, 에틸헥실글리세린, 소듐하이알루로네이트, 세라마이드엔피

[PDRN] 정제수, 글리세린, 프로판다이올, 부틸렌글라이콜, 글리세레스-26, 1,2-헥산다이올, 다마스크장미추출물, 잔탄검, 카보머, 판테놀, 알지닌, 하이드록시아세토페논, 카놀라오일, 폴리글리세릴-10라우레이트, 아데노신, 해바라기씨오일, 메도우폼씨오일, 다이프로필렌글라이콜, 폴리글리세릴-4라우레이트, 폴리글리세릴-10스테아레이트, 다이소듐이디티에이, 하이드록시에틸셀룰로오스, 아르간커넬오일, 다마스크장미꽃수, 치자나무꽃추출물, 락토바실러스발효물, 양까막까치밥나무잎추출물, 첨차잎추출물, 해수, 서양송악잎/줄기추출물, 센티드제라늄꽃오일, 스쿠알란, 검정콩추출물, 무화과추출물, 밤껍질추출물, 버지니아풍년화잎수, 퀴노아씨추출물, 하이드로제네이티드레시틴, 향부자추출물, 밤부사 불가리스잎추출물, 아마씨추출물, 에틸헥실글리세린, 소듐디엔에이, 글루코노락톤, 세라마이드엔피

[콜라겐] 정제수, 글리세린, 메틸프로판다이올, 프로판다이올, 1,2-헥산다이올, 하이드롤라이즈드익스텐신, 하이드록시아세토페논, 카보머, 알지닌, 잔탄검, 베타인, 트레할로오스, 아데노신, 폴리글리세릴-10라우레이트, 해수, 다이프로필렌글라이콜, 폴리글리세릴-4라우레이트, 다이소듐이디티에이, 옥틸도데세스-16, 소듐하이알루로네이트, 판테놀, 아미노부티릭애씨드, 부틸렌글라이콜, 스위트아몬드오일, 글리세릴글루코사이드, 소듐폴리아크릴레이트, 센티드제라늄꽃오일, 라벤더오일, 하이드로제네이티드레시틴, 흰목이버섯폴리사카라이드, 캐모마일꽃오일, 오렌지껍질오일, 소엽잎추출물, 서양민들레뿌리줄기/뿌리추출물, 멕시칸주니퍼오일, 엘라스틴, 향부자추출물, 카프릴릭/카프릭트라이글리세라이드, 아세틸헥사펩타이드-8, 카퍼트라이펩타이드-1, 헥사펩타이드-9, 노나펩타이드-1, 팔미토일펜타펩타이드-4, 팔미토일테트라펩타이드-7, 트라이펩타이드-1, 세라마이드엔피

[히알루론산] 정제수, 글리세린, 다이프로필렌글라이콜, 부틸렌글라이콜, 나이아신아마이드, 1,2-헥산다이올, 판테놀, 소듐하이알루로네이트, 알지닌, 카보머, 하이드록시아세토페논, 아미노부티릭애씨드, 잔탄검, 아데노신, 해수, 폴리글리세릴-10라우레이트, 다이소듐이디티에이, 서양배추출물, 폴리글리세릴-4라우레이트, 다마스크장미꽃수, 옥틸도데세스-16, 오리스뿌리추출물, 폴리쿼터늄-51, 멜론추출물, 서양송악잎/줄기추출물, 하이드로제네이티드레시틴, 향부자추출물, 소엽잎추출물, 서양민들레뿌리줄기/뿌리추출물, 스쿠알란, 카프릴릭/카프릭트라이글리세라이드, 다이메틸실란올하이알루로네이트, 글루코노락톤, 글루타티온, 하이알루로닉애씨드, 하이드롤라이즈드하이알루로닉애씨드, 하이드롤라이즈드소듐하이알루로네이트, 하이드록시프로필트라이모늄하이알루로네이트, 포타슘하이알루로네이트, 소듐아세틸레이티드하이알루로네이트, 소듐하이알루로네이트크로스폴리머, 소듐하이알루로네이트다이메틸실란올, 피토스테롤, 세라마이드엔피"
sheetMask_02,sheetMask,[15년연속 1위] 메디힐 에센셜 마스크팩 1매 고기능 7종 골라담기,메디힐,"엘에스㈜, 이미인㈜, 코스맥스㈜",엘앤피코스메틱㈜,high,A000000217620,olive_crwl_products,,,,,,,"[마데카소사이드] 정제수, 프로판다이올, 다이프로필렌글라이콜, 나이아신아마이드, 글리세린, 1,2-헥산다이올, 트레할로오스, 하이드록시아세토페논, 알지닌, 카보머, 폴리글리세릴-10라우레이트, 에틸헥실글리세린, 폴리글리세릴-4라우레이트, 잔탄검, 다이소듐이디티에이, 옥틸도데세스-16, 연필향나무오일, 마데카소사이드, 서양배추출물, 호호바씨오일, 다마스크장미꽃수, 광곽향오일, 글리세릴아크릴레이트/아크릴릭애씨드코폴리머, 오리스뿌리추출물, 멜론추출물, 불가리스쑥오일, 서양송악잎/줄기추출물, 로즈마리잎오일, 부틸렌글라이콜, 해수, 소듐하이알루로네이트, 병풀추출물, 소듐하이알루로네이트크로스폴리머, 하이드롤라이즈드글라이코사미노글리칸, 하이드로제네이티드레시틴, 향부자추출물, 벤질글라이콜, 하이드롤라이즈드하이알루로닉애씨드, 하이알루로닉애씨드, 판테놀, 세라마이드엔피

[PDRN] 정제수, 글리세린, 프로판다이올, 부틸렌글라이콜, 글리세레스-26, 1,2-헥산다이올, 다마스크장미추출물, 잔탄검, 카보머, 판테놀, 알지닌, 하이드록시아세토페논, 카놀라오일, 폴리글리세릴-10라우레이트, 아데노신, 해바라기씨오일, 메도우폼씨오일, 다이프로필렌글라이콜, 폴리글리세릴-4라우레이트, 폴리글리세릴-10스테아레이트, 다이소듐이디티에이, 하이드록시에틸셀룰로오스, 아르간커넬오일, 다마스크장미꽃수, 치자나무꽃추출물, 락토바실러스발효물, 양까막까치밥나무잎추출물, 첨차잎추출물, 해수, 서양송악잎/줄기추출물, 센티드제라늄꽃오일, 스쿠알란, 검정콩추출물, 무화과추출물, 밤껍질추출물, 버지니아풍년화잎수, 퀴노아씨추출물, 하이드로제네이티드레시틴, 향부자추출물, 밤부사 불가리스잎추출물, 아마씨추출물, 에틸헥실글리세린, 소듐디엔에이, 글루코노락톤, 세라마이드엔피

[콜라겐] 정제수, 글리세린, 메틸프로판다이올, 프로판다이올, 1,2-헥산다이올, 하이드롤라이즈드익스텐신, 하이드록시아세토페논, 카보머, 알지닌, 잔탄검, 베타인, 트레할로오스, 아데노신, 폴리글리세릴-10라우레이트, 해수, 다이프로필렌글라이콜, 폴리글리세릴-4라우레이트, 다이소듐이디티에이, 옥틸도데세스-16, 소듐하이알루로네이트, 판테놀, 아미노부티릭애씨드, 부틸렌글라이콜, 스위트아몬드오일, 글리세릴글루코사이드, 소듐폴리아크릴레이트, 센티드제라늄꽃오일, 라벤더오일, 하이드로제네이티드레시틴, 흰목이버섯폴리사카라이드, 캐모마일꽃오일, 오렌지껍질오일, 소엽잎추출물, 서양민들레뿌리줄기/뿌리추출물, 멕시칸주니퍼오일, 엘라스틴, 향부자추출물, 카프릴릭/카프릭트라이글리세라이드, 아세틸헥사펩타이드-8, 카퍼트라이펩타이드-1, 헥사펩타이드-9, 노나펩타이드-1, 팔미토일펜타펩타이드-4, 팔미토일테트라펩타이드-7, 트라이펩타이드-1, 세라마이드엔피


[티트리] 정제수, 글리세린, 다이프로필렌글라이콜, 1,2-헥산다이올, 티트리추출물, 메틸프로판다이올, 프로판다이올, 하이드록시아세토페논, 알지닌, 카보머, 아미노부티릭애씨드, 부틸렌글라이콜, 잔탄검, 폴리글리세릴-10라우레이트, 아데노신, 폴리글리세릴-4라우레이트, 해수, 다이소듐이디티에이, 트루로즈오브예리코추출물, 티트리잎오일, 폴리쿼터늄-51, 하이드로제네이티드레시틴, 베르가모트오일, 티트리잎추출물, 4-터피네올, 글리세릴글루코사이드, 트레할로오스, 티트리꽃/잎/줄기추출물, 티트리잎수, 화이트티트리잎추출물, 서양민들레뿌리줄기/뿌리추출물, 소엽잎추출물, 향부자추출물, 소두구씨오일, 판테놀, 세라마이드엔피

[히알루론산] 정제수, 글리세린, 다이프로필렌글라이콜, 부틸렌글라이콜, 나이아신아마이드, 1,2-헥산다이올, 판테놀, 소듐하이알루로네이트, 알지닌, 카보머, 하이드록시아세토페논, 아미노부티릭애씨드, 잔탄검, 아데노신, 해수, 폴리글리세릴-10라우레이트, 다이소듐이디티에이, 서양배추출물, 폴리글리세릴-4라우레이트, 다마스크장미꽃수, 옥틸도데세스-16, 오리스뿌리추출물, 폴리쿼터늄-51, 멜론추출물, 서양송악잎/줄기추출물, 하이드로제네이티드레시틴, 향부자추출물, 소엽잎추출물, 서양민들레뿌리줄기/뿌리추출물, 스쿠알란, 카프릴릭/카프릭트라이글리세라이드, 다이메틸실란올하이알루로네이트, 글루코노락톤, 글루타티온, 하이알루로닉애씨드, 하이드롤라이즈드하이알루로닉애씨드, 하이드롤라이즈드소듐하이알루로네이트, 하이드록시프로필트라이모늄하이알루로네이트, 포타슘하이알루로네이트, 소듐아세틸레이티드하이알루로네이트, 소듐하이알루로네이트크로스폴리머, 소듐하이알루로네이트다이메틸실란올, 피토스테롤, 세라마이드엔피

[세라마이드] 정제수, 글리세린, 다이프로필렌글라이콜, 트라이에틸헥사노인, 프로판다이올, 시어버터, 글리세릴스테아레이트, 1,2-헥산다이올, 폴리글리세릴-3메틸글루코오스다이스테아레이트, 하이드록시아세토페논, 알지닌, 폴리글리세릴-10라우레이트, 아크릴레이트/C10-30알킬아크릴레이트크로스폴리머, 폴리글리세릴-4라우레이트, 잔탄검, 에틸헥실글리세린, 향료, 팔미틱애씨드, 카보머, 스테아릭애씨드, 세라마이드엔피, 아데노신, 다이소듐이디티에이, 서양배추출물, 부틸렌글라이콜, 다마스크장미꽃수, 판테놀, 오리스뿌리추출물, 멜론추출물, 서양송악잎/줄기추출물, 글라이신, 글루타믹애씨드, 아스파틱애씨드, 소듐폴리아크릴레이트, 소듐클로라이드, 향부자추출물, 엑토인, 히스티딘, 세린, 시트릭애씨드, 알라닌, 프롤린, 트레오닌, 마그네슘클로라이드, 칼슘클로라이드, 세라마이드에이피, 세라마이드이오피, 세라마이드엔에스

[비타민씨] 정제수, 프로판다이올, 나이아신아마이드(30,000 ppm), 글리세린, 1,2-헥산다이올, 다이프로필렌글라이콜, 귤껍질추출물(2,000 ppm), 비타민나무추출물(2,000 ppm), 하이드록시아세토페논, 글리세릴글루코사이드, 알지닌, 카보머, 판테놀(1,300 ppm), 아미노부티릭애씨드, 하이드록시에틸우레아, 폴리글리세릴-10라우레이트, 잔탄검, 다이소듐이디티에이, 부틸렌글라이콜, 글리세릴아크릴레이트/아크릴릭애씨드코폴리머, 3-O-에틸아스코빅애씨드(50 ppm), 센티드제라늄꽃오일, 글루코오스, 시트로넬올, 해수, 바이오틴(24 ppm), 카르니틴에이치씨엘(24 ppm), 폴릭애씨드(24 ppm), 헤스페리딘(24 ppm), 메나다이온(24 ppm), 피리독신에이치씨엘(24 ppm), 리보플라빈(24 ppm), 티아민에이치씨엘(24 ppm), 토코페릴아세테이트(24 ppm), 제라니올, 황련추출물, 하이드로제네이티드레시틴, 아스코빅애씨드(5,000 ppb), 밤부사 불가리스잎추출물, 아마씨추출물, 향부자추출물, 에틸헥실글리세린, 소듐하이알루로네이트, 세라마이드엔피"
sheetMask_03,sheetMask,[트러블흡착/최예나PICK] 이옴 트러블 패치 마스크 3매,이옴,㈜노디너리,뉴셀렉트 주식회사,high,A000000248829,olive_crwl_products,,,,,,,"정제수, 비피다발효여과물, 프로판다이올, 메틸프로판다이올, 다이프로필렌글라이콜, 1,2-헥산다이올, 폴리글리세릴-6다이카프레이트, 락토바실러스/티트리잎추출물발효여과물, 화이트티트리잎추출물, 사카라이드하이드롤리세이트, 에틸헥실글리세린, 카보머, 트로메타민, 부틸렌글라이콜, 잔탄검, 락토바실러스발효물, 알란토인, 소듐하이알루로네이트, 다이소듐이디티에이, 글리세린, 베타-글루칸, 월계수잎추출물, 유칼립투스잎추출물, 락토바실러스발효용해물, 하이드로제네이티드레시틴, 폴리글리세릴-10다이스테아레이트, 폴리글리세릴-10다이올리에이트, 
당느릅나무뿌리추출물, 칡뿌리추출물, 대왕소나무잎추출물, 달맞이꽃꽃추출물, 자일리톨, 라피노오스, 프룩토올리고사카라이드"
sheetMask_04,sheetMask,[70만장완판/5분겔팩] 디어소녀 수분폭발 젤리찰떡팩 10매,디어소녀,"(주)씨앤에프, 큐어라벨(주)",,확인 필요,A000000259786,olive_crwl_products,,,,,,,"정제수, 부틸렌글라이콜, 글리세린, 나이아신아마이드, 아이소펜틸다이올, 1,2-헥산다이올, 하이드록시아세토페논, 카보머, 알지닌, 알란토인, 판테놀, 폴리글리세릴-10라우레이트, 잔탄검, 아데노신, 에틸헥실글리세린, 다이소듐이디티에이, 글리세릴아크릴레이트/아크릴릭애씨드코폴리머, 폴리글루타믹애씨드, 올리브오일, 베르가모트오일, 라벤더오일, 팔마로사오일, 하이드롤라이즈드콜라겐, 바질오일, 소듐디엔에이, 레몬껍질오일, 로즈마리잎오일, 하이드롤라이즈드엘라스틴, 개잎갈나무목부오일, 자몽껍질오일, 티트리잎오일, 센티드제라늄꽃오일, 소듐하이알루로네이트, 수용성프로테오글리칸"
sheetMask_05,sheetMask,[핑구 콜라보] 셀퓨전씨 포스트 알파 퍼스트 쿨링 마스크 5+3매 기획,셀퓨전씨,한국콜마(주),(주)씨엠에스랩,high,A000000255607,olive_crwl_products,,,,,,,"- 퍼스트 쿨링 마스크 : 정제수, 글리세린, 메틸프로판다이올, 다이프로필렌글라이콜, 1,2-헥산다이올, 베타인, 하이드록시아세토페논, 트레할로오스, 판테놀, 암모늄아크릴로일다이메틸타우레이트/브이피코폴리머, 폴리글리세릴-10라우레이트, 메틸다이아이소프로필프로피온아마이드, 아크릴레이트/C10-30알킬아크릴레이트크로스폴리머, 트로메타민, 향료, 다이소듐이디티에이, 아데노신, 하이드로제네이티드레시틴, 물푸레나무추출물, 바질꽃/잎/줄기추출물, 세라마이드엔피, 수크로오스스테아레이트, 부틸렌글라이콜, 콜레스테롤, 팔미틱애씨드, 콜레스테릴마카다미에이트, 스테아릭애씨드, 마트리카리아추출물, 피버퓨추출물, 사카라이드아이소머레이트, 하이드롤라이즈드루핀단백질, 프랑스해안송껍질추출물, 구아이아줄렌  / -시카 쿨링 마스크 : 정제수, 글리세린, 1,2-헥산다이올, 병풀추출물, 영지버섯줄기추출물, 다발방패버섯추출물, 병풀꽃/잎/줄기추출물, 병풀뿌리추출물, 병풀잎추출물, 소듐하이알루로네이트, 베타인, 트레할로오스, 암모늄아크릴로일다이메틸타우레이트/브이피코폴리머, 판테놀, 폴리글리세릴-10라우레이트, 아크릴레이트/C10-30알킬아크릴레이트크로스폴리머, 메틸다이아이소프로필프로피온아마이드, 트로메타민, 글리세릴글루코사이드, 다이소듐이디티에이, 알란토인, 글리세릴아크릴레이트/아크릴릭애씨드코폴리머, 효모발효여과물, 부틸렌글라이콜, 효모발효물, 아시아티코사이드, 마데카소사이드, 마데카식애씨드, 아세틸헥사펩타이드-8, 아스파틱애씨드, 아시아틱애씨드, 하이드록시아세토페논, 펜틸렌글라이콜"
sheetMask_06,sheetMask,[안소희PICK]바노바기 비타 제닉 젤리 마스크 10매 7종 택 1,바노바기,씨앤텍㈜,㈜바노바기,high,A000000240465,olive_crwl_products,,,,,,,"[바노바기 비타 제닉 젤리 마스크 화이트닝 10매]
정제수, 판테놀 (30,000 ppm), 메틸프로판다이올, 나이아신아마이드 (20,000 ppm), 글리세린, 아스코빌팔미테이트 (0.045 ppb), 사이아노코발아민 (0.1 ppb), 시트릭애씨드, 소듐시트레이트, 글리세릴아라키도네이트 (9.955 ppb), 글리세릴리놀리네이트 (15 ppb), 글리세릴리놀리에이트 (75 ppb), 말토덱스트린, 티아민에이치씨엘 (0.1 ppm), 리보플라빈 (0.1 ppm), 나이아신 (0.1 ppm), 카르니틴에이치씨엘 (0.1 ppm), 판토테닉애씨드 (0.1 ppm), 바이오틴 (0.1 ppm), 폴릭애씨드 (0.1 ppm), 아스코빅애씨드 (0.1 ppm), 토코페롤 (0.1 ppm), 소듐하이알루로네이트, 만다린추출물, 다이소듐이디티에이, 다이포타슘글리시리제이트, 아데노신, 잔탄검, 부틸렌글라이콜, 알란토인, 트레할로오스, 알지닌, 아크릴레이트/C10-30알킬아크릴레이트크로스폴리머, 하이드록시아세토페논, 1,2-헥산다이올

[바노바기 비타 제닉 젤리 마스크 하이드레이팅 10매]
정제수, 판테놀 (30,000 ppm), 메틸프로판다이올, 글리세린, 나이아신아마이드 (20,000 ppm), 1,2-헥산다이올, 하이드록시아세토페논, 아크릴레이트/C10-30알킬아크릴레이트크로스폴리머, 알지닌, 알란토인, 트레할로오스, 해수, 잔탄검, 아데노신, 다이포타슘글리시리제이트, 부틸렌글라이콜, 다이소듐이디티에이, 소듐하이알루로네이트, 티아민에이치씨엘 (0.1 ppm), 리보플라빈 (0.1 ppm), 나이아신 (0.1 ppm), 카르니틴에이치씨엘 (0.1 ppm), 판토테닉애씨드 (0.1 ppm), 바이오틴 (0.1 ppm), 폴릭애씨드 (0.1 ppm), 아스코빅애씨드 (0.1 ppm), 토코페롤 (0.1 ppm), 말토덱스트린, 글리세릴리놀리에이트 (75 ppb), 글리세릴리놀리네이트 (15 ppb), 글리세릴아라키도네이트 (9.955 ppb), 소듐시트레이트, 시트릭애씨드, 사이아노코발아민 (0.1 ppb), 아스코빌팔미테이트 (0.045 ppb)

[바노바기 비타 제닉 젤리 마스크 리프팅 10매]
정제수, 판테놀 (30,000 ppm), 메틸프로판다이올, 나이아신아마이드 (20,000 ppm), 글리세린, 아스코빌팔미테이트 (0.045 ppb), 사이아노코발아민 (0.1 ppb), 시트릭애씨드, 소듐시트레이트, 글리세릴아라키도네이트 (9.955 ppb), 글리세릴리놀리네이트 (15 ppb), 글리세릴리놀리에이트 (75 ppb), 말토덱스트린, 티아민에이치씨엘 (0.1 ppm), 리보플라빈 (0.1 ppm), 나이아신 (0.1 ppm), 카르니틴에이치씨엘 (0.1 ppm), 판토테닉애씨드 (0.1 ppm), 바이오틴 (0.1 ppm), 폴릭애씨드 (0.1 ppm), 아스코빅애씨드 (0.1 ppm), 토코페롤 (0.1 ppm), 보검선인장줄기추출물, 소듐하이알루로네이트, 다이소듐이디티에이,  다이포타슘글리시리제이트, 부틸렌글라이콜, 아데노신, 잔탄검,  알란토인, 트레할로오스, 알지닌, 아크릴레이트/C10-30알킬아크릴레이트크로스폴리머, 하이드록시아세토페논, 1,2-헥산다이올

[바노바기 비타 제닉 젤리 마스크 시카 10매]
정제수, 판테놀 (30,000 ppm), 메틸프로판다이올, 글리세린, 나이아신아마이드 (20,000 ppm), 아스코빌팔미테이트 (0.045 ppb), 사이아노코발아민 (0.1 ppb), 시트릭애씨드, 소듐시트레이트, 글리세릴아라키도네이트 (9.955 ppb), 글리세릴리놀리네이트 (15 ppb), 글리세릴리놀리에이트 (75 ppb), 말토덱스트린, 폴릭애씨드 (0.1 ppm), 판토테닉애씨드 (0.1 ppm), 티아민에이치씨엘 (0.1 ppm), 토코페롤 (0.1 ppm), 카르니틴에이치씨엘 (0.1 ppm), 아스코빅애씨드 (0.1 ppm), 바이오틴 (0.1 ppm), 리보플라빈 (0.1 ppm), 나이아신 (0.1 ppm), 아시아티코사이드 (4 ppm), 아시아틱애씨드 (3 ppm), 마데카식애씨드 (3 ppm), 병풀추출물 (2 ppm), 마데카소사이드 (1 ppm),  콜레스테롤,  수크로오스스테아레이트, 소듐하이알루로네이트, 화산재, 카프릴릭/카프릭트라이글리세라이드, 하이드로제네이티드포스파티딜콜린, 다이소듐이디티에이, 다이포타슘글리시리제이트, 부틸렌글라이콜, 아데노신, 잔탄검, 트레할로오스, 알란토인, 알지닌, 아크릴레이트/C10-30알킬아크릴레이트크로스폴리머, 하이드록시아세토페논, 1,2-헥산다이올

[바노바기 비타 제닉 젤리 마스크 리프레싱 10매]
정제수, 판테놀 (30,000 ppm), 메틸프로판다이올, 나이아신아마이드 (20,000 ppm), 글리세린, 아스코빌팔미테이트 (0.045 ppb), 사이아노코발아민 (0.1 ppb), 시트릭애씨드, 소듐시트레이트, 글리세릴아라키도네이트 (9.955 ppb), 글리세릴리놀리네이트 (15 ppb), 글리세릴리놀리에이트 (75 ppb), 말토덱스트린, 티아민에이치씨엘 (0.1 ppm), 리보플라빈 (0.1 ppm), 나이아신 (0.1 ppm), 카르니틴에이치씨엘 (0.1 ppm), 판토테닉애씨드 (0.1 ppm), 바이오틴 (0.1 ppm), 폴릭애씨드 (0.1 ppm), 아스코빅애씨드 (0.1 ppm), 토코페롤 (0.1 ppm), 소듐하이알루로네이트, 알로에베라잎추출물, 다이소듐이디티에이, 다이포타슘글리시리제이트, 부틸렌글라이콜, 아데노신, 잔탄검, 알란토인, 트레할로오스, 알지닌, 아크릴레이트/C10-30알킬아크릴레이트크로스폴리머, 하이드록시아세토페논, 1,2-헥산다이올

[바노바기 비타 제닉 젤리 마스크 포어타이트닝 10매]
정제수, 판테놀 (30,000 ppm), 메틸프로판다이올, 나이아신아마이드 (20,000 ppm), 글리세린, 아스코빌팔미테이트 (0.045 ppb), 사이아노코발아민 (0.1 ppb), 시트릭애씨드, 소듐시트레이트, 글리세릴아라키도네이트 (9.955 ppb), 글리세릴리놀리네이트 (15 ppb), 글리세릴리놀리에이트 (75 ppb), 말토덱스트린, 티아민에이치씨엘 (0.1 ppm), 리보플라빈 (0.1 ppm), 나이아신 (0.1 ppm), 카르니틴에이치씨엘 (0.1 ppm), 판토테닉애씨드 (0.1 ppm), 바이오틴 (0.1 ppm), 폴릭애씨드 (0.1 ppm), 아스코빅애씨드 (0.1 ppm), 토코페롤 (0.1 ppm), 에틸헥실글리세린, 대왕소나무잎추출물, 당느릅나무뿌리추출물, 달맞이꽃꽃추출물, 칡뿌리추출물, 소듐하이알루로네이트, 칼라민, 망고스틴껍질추출물, 프로필렌글라이콜, 다이소듐이디티에이, 다이포타슘글리시리제이트, 아데노신, 잔탄검, 부틸렌글라이콜, 온천수, 알란토인, 트레할로오스, 알지닌, 아크릴레이트/C10-30알킬아크릴레이트크로스폴리머, 하이드록시아세토페논, 1,2-헥산다이올

[바노바기 비타 제닉 젤리 마스크 바이탈라이징 10매]
정제수, 판테놀 (30,000 ppm), 메틸프로판다이올, 나이아신아마이드 (20,000 ppm), 글리세린, 아스코빌팔미테이트 (0.045 ppb), 사이아노코발아민 (0.1 ppb), 시트릭애씨드, 소듐시트레이트, 글리세릴아라키도네이트 (9.955 ppb), 글리세릴리놀리네이트 (15 ppb), 글리세릴리놀리에이트 (75 ppb), 말토덱스트린, 토코페롤 (0.1 ppm), 티아민에이치씨엘 (0.1 ppm), 리보플라빈 (0.1 ppm), 판토테닉애씨드 (0.1 ppm), 나이아신 (0.1 ppm), 글루타티온, 폴릭애씨드 (0.1 ppm), 에틸헥실글리세린, 카르니틴에이치씨엘 (0.1 ppm), 바이오틴 (0.1 ppm), 아스코빅애씨드 (0.1 ppm), 페녹시에탄올, 하이드롤라이즈드콜라겐, 소듐하이알루로네이트, 세룰라타벚나무꽃추출물, 다이소듐이디티에이, 다이포타슘글리시리제이트, 아데노신, 잔탄검, 트레할로오스, 알란토인, 부틸렌글라이콜, 알지닌, 아크릴레이트/C10-30알킬아크릴레이트크로스폴리머, 하이드록시아세토페논, 1,2-헥산다이올"
sheetMask_07,sheetMask,[잡티미백/TXA] 셀리맥스 트라넥삼산 브라이트닝 크림 랩핑 마스크 5매 기획 (+1매),셀리맥스,"한국콜마(주), (주)앱솔브랩",,확인 필요,A000000240462,olive_crwl_products,,,,,,,"정제수, 나이아신아마이드, 부틸렌글라이콜, 메틸프로판다이올, 코코-카프릴레이트/카프레이트, 다이펜타에리스리틸펜타아이소노나노에이트, 베타인, 암모늄아크릴로일다이메틸타우레이트/브이피코폴리머, 트라넥사믹애씨드, 1,2-헥산다이올, 프로판다이올, 하이드록시아세토페논, 아이소스테아릴알코올, 세테아릴올리베이트, 부틸렌글라이콜코코에이트, 솔비탄올리베이트, 하이드로제네이티드올리브오일불검화물, 세라마이드엔피, 다이프로필렌글라이콜, 글리세린, 잔탄검, 하이드록시에틸셀룰로오스, 아데노신, 비파나무잎추출물, 다이소듐이디티에이, 소듐하이알루로네이트, 하이드로제네이티드레시틴, 에틸셀룰로오스, 글리세릴스테아레이트, 스피어민트추출물, 하이드롤라이즈드하이알루로닉애씨드, 콜레스테롤, 세라마이드에이피, 세라마이드엔에스, 세라마이드에이에스, 베타-글루칸, 세라마이드이오피"
sheetMask_08,sheetMask,토리든 마스크 시트 1매 4종 택 1(수분/진정/브라이트닝/모공)(AD),토리든,제이에셀 주식회사,㈜토리든,high,A000000257738,olive_crwl_products,,,,,,,"정제수, 부틸렌글라이콜, 글리세린, 다이프로필렌글라이콜, 소듐하이알루로네이트크로스폴리머, 소듐하이알루로네이트, 소듐아세틸레이티드하이알루로네이트, 하이드롤라이즈드소듐하이알루로네이트, 하이드롤라이즈드하이알루로닉애씨드(300ppm), 판테놀, 트레할로오스, 알란토인, 엑토인, 감초추출물, 마트리카리아꽃추출물, 포트마리골드꽃추출물, 알지닌, 2,3-부탄다이올, 글리세릴아크릴레이트/아크릴릭애씨드코폴리머, 피브이엠/엠에이코폴리머, 사카라이드아이소머레이트, 카보머, 잔탄검, 트로메타민, 펜틸렌글라이콜, 1,2-헥산다이올, 하이드록시아세토페논, 트라이소듐에틸렌다이아민다이석시네이트, 쇠비름추출물, 말라카이트추출물, 에틸헥실글리세린"
sheetMask_09,sheetMask,[5매] 넘버즈인 1번~5번 마스크팩 5매 기획 5종 중 택 1,넘버즈인,"[1번] 씨엔에프(주), [2번](주)이미인, [3번] 삼성메디코스(주), [4번] 한국콜마(주), [5번] (주)씨엔에프",(주)비나우,high,A000000166626,olive_crwl_products,,,,,,,"[1번] 정제수,메틸프로판다이올,나이아신아마이드,글리세린,1,2-헥산다이올,부틸렌글라이콜,베타인,판테놀,알란토인,도둑놈의지팡이뿌리추출물,카보머,트레할로오스,트로메타민,에틸헥실글리세린,잔탄검,다이포타슘글리시리제이트,소듐파이테이트,인도멀구슬나무잎추출물,인도멀구슬나무꽃추출물,병풀추출물,소듐하이알루로네이트,아이비고드열매추출물,가지열매추출물,하이드롤라이즈드하이알루로닉애씨드,프로판다이올,홀리바질잎추출물,감초뿌리추출물,판토테닉애씨드,울금뿌리추출물,참산호말추출물,약모밀추출물,글리세릴올리에이트,소듐아세틸레이티드하이알루로네이트,하이드로제네이티드레시틴,라우릴글루코사이드,미리스틸글루코사이드,폴리글리세릴-6라우레이트,베타-글루칸,토코페롤,데실글루코사이드,알파-알부틴,하이알루로닉애씨드,징크피씨에이,시트릭애씨드,호호바씨오일,녹차추출물,병풀잎추출물,오카무라큰실말추출물,흰버드나무껍질추출물,커피콩추출물,베타-시토스테롤,폴리글리세릴-10스테아레이트,아시아티코사이드,마데카소사이드,아시아틱애씨드,마데카식애씨드,베르가모트잎추출물,소나무잎추출물


[2번] 콜라겐수,정제수,다이프로필렌글라이콜,부틸렌글라이콜,나이아신아마이드,1,2-헥산다이올,다이메티콘,피이지-240/에이치디아이코폴리머비스-데실테트라데세스-20에터,세테아릴올리베이트,암모늄아크릴로일다이메틸타우레이트/브이피코폴리머,하이드록시에틸셀룰로오스,솔비탄올리베이트,에틸헥실글리세린,아데노신,콜라겐,인도멀구슬나무꽃추출물,아이비고드열매추출물,인도멀구슬나무잎추출물,가지열매추출물,소듐디엔에이,포타슘라우레이트 ,글리세린,비에이치티,알로에베라꽃추출물,홀리바질잎추출물,참산호말추출물,울금뿌리추출물,폴리글리세릴-10올리에이트,하이드로제네이티드폴리아이소부텐,옥틸도데칸올,하이드로제네이티드레시틴,폴리글리세릴-10라우레이트,다마스크장미추출물,폴리락틱애씨드,하이알루로닉애씨드,트라이펩타이드-1,실리카,카퍼트라이펩타이드-1,팔미토일트라이펩타이드-1,헥사펩타이드-9,헥사펩타이드-11,아세틸테트라펩타이드-5,아세틸테트라펩타이드-2,팔미토일펜타펩타이드-4,지모뿌리추출물,팔미토일트라이펩타이드-5,토코페롤,다이소듐이디티에이

[3번] 정제수, 비피다발효용해물, 갈락토미세스발효여과물, 메틸글루세스-20, 글리세레스-26, 글리세린, 나이아신아마이드, 피이지-90, 1,2-헥산다이올, 페퍼민트잎추출물, 버지니아풍년화추출물, 녹차추출물, 캐모마일꽃추출물, 레몬그라스잎오일, 솔잣나무가지/잎오일, 오렌지껍질오일, 라벤더오일, 로즈마리잎오일, 아틀라스시다나무껍질오일, 알테로모나스발효추출물, 염소유추출물, 실크추출물, 스쿠알란, 소듐하이알루로네이트, 판테놀, 부틸렌글라이콜, 폴리글리세릴-3메틸글루코오스다이스테아레이트, 폴리글리세릴-3다이스테아레이트, 글리세릴스테아레이트시트레이트, 글리세릴스테아레이트에스이, 카프릴릴글라이콜, 옥틸도데세스-16, 잔탄검, 카보머, 트로메타민, 에탄올, 에틸헥실글리세린, 아데노신, 다이소듐이디티에이, 리모넨, 리날룰, 시트랄

[4번] 정제수, 메틸프로판다이올, 다이프로필렌글라이콜, 티트리잎추출물, 다시마추출물, 한련초잎추출물, 베르가못잎추출물, 아이슬란드이끼추출물, 병풀추출물, 호장근뿌리추출물, 황금추출물, 녹차추출물, 당느릅나무뿌리추출물, 스페인감초뿌리추출물, 알로에베라잎추출물, 제비꽃꽃추출물, 참마뿌리추출물, 로즈마리잎추출물, 마트리카리아꽃추출물, 티트리잎오일, 하이드로제네이티드레시틴, 옥틸도데세스-16, 판테놀, 카보머, 트로메타민, 부틸렌글라이콜, 잔탄검, 아데노신, 다이소듐이디티에이, 메틸다이아이소프로필프로피온아마이드, 글리세린, 프룩토올리고사카라이드, 베타-글루칸, 하이드롤라이즈드하이알루로닉애씨드, 1,2-헥산다이올, 하이드록시아세토페논

[5번] 정제수, 메틸프로판다이올, 나이아신아마이드, 피이지/피피지-17/6코폴리머, 황련뿌리추출물, 1,2-헥산다이올, 하이드록시아세토페논, 하이드록시에틸우레아, 아이소펜틸다이올, 메틸글루세스-20, 카보머, 알지닌, 알란토인, 소듐아스코빌포스페이트, 글루타티온, 하이드로제네이티드레시틴, 피이지-60하이드로제네이티드캐스터오일, 잔탄검, 아데노신, 에틸헥실글리세린, 소듐폴리아크릴레이트, 부틸렌글라이콜, 병풀추출물, 다이소듐이디티에이, 하이드록시에틸셀룰로오스, 메틸다이아이소프로필프로피온아마이드, 폴리글루타믹애씨드, 프로테아제, 세라마이드엔피, 아스코빅애씨드, 알부틴, 비사보롤, 하이알루로닉애씨드"
sheetMask_10,sheetMask,[1매/5종] 아비브 껌딱지 시트 마스크 스티커 1매 (어성초/수분초/마데카소사이드/콜라겐밀크/비타),아비브,(주)이미인,(주)포컴퍼니,high,A000000188019,olive_crwl_products,,,,,,,"[어성초스티커]
정제수, 다이프로필렌글라이콜, 글리세린, 글리세레스-26, 하이드록시아세토페논, 폴리글리세릴-10라우레이트, 카프릴릴글라이콜, 알지닌, 카보머, 잔탄검, 1,2-헥산다이올, 에틸헥실글리세린, 소듐하이알루로네이트, 알란토인, 판테놀, 약모밀추출물(60 ppm), 부틸렌글라이콜, 다이포타슘글리시리제이트, 로즈마리잎추출물, 하이드로제네이티드레시틴, 나이아신아마이드, 판토락톤, 티트리추출물, 아시아티코사이드, 아시아틱애씨드, 마데카식애씨드, 쿼세틴, 바이오플라보노이드, 탄닉애씨드, 다이소듐이디티에이
[마데카소사이드스티커]
정제수, 다이프로필렌글라이콜, 부틸렌글라이콜, 글리세린, 하이드록시아세토페논, 카프릴릴글라이콜, 폴리글리세릴-10라우레이트, 알지닌, 카보머, 에틸헥실글리세린, 셀룰로오스검, 1,2-헥산다이올, 알란토인, 폴리쿼터늄-51, 베타인, 소듐하이알루로네이트, 판테놀, 마데카소사이드(50 ppm), 다이포타슘글리시리제이트, 병풀추출물, 로즈마리잎추출물, 하이드로제네이티드레시틴, 옥틸도데칸올, 나이아신아마이드, 판토락톤, 엑토인, 세라마이드엔피, 아시아티코사이드, 아시아틱애씨드, 마데카식애씨드, 다이소듐이디티에이
[밀크스티커]
정제수, 다이프로필렌글라이콜, 나이아신아마이드, 글리세린, 아이소펜틸다이올, 세테아릴에틸헥사노에이트, 부틸렌글라이콜, 폴리글리세릴-3메틸글루코오스다이스테아레이트, 판테놀, 1,2-헥산다이올, 글리세릴스테아레이트에스이, 네오펜틸글라이콜다이헵타노에이트, 카보머, 글리세릴카프릴레이트, 락토바실러스/소이밀크발효여과물(980 ppm), 트로메타민, 잔탄검, 에틸헥실글리세린, 메틸글루코오스세스퀴스테아레이트, 아데노신, 모란뿌리추출물, 병풀추출물, 마트리카리아꽃추출물, 판토락톤, 로즈마리잎추출물, 하이드로제네이티드레시틴, 아시아티코사이드, 아시아틱애씨드, 마데카식애씨드, 폴리글리세릴-10라우레이트, 콜라겐추출물(10 ppb), 트라이펩타이드-1, 카퍼트라이펩타이드-1, 아세틸테트라펩타이드-5, 아세틸테트라펩타이드-2, 팔미토일펜타펩타이드-4, 팔미토일트라이펩타이드-1, 헥사펩타이드-9, 헥사펩타이드-11, 팔미토일트라이펩타이드-5, 다이소듐이디티에이
[비타스티커]
정제수, 다이프로필렌글라이콜, 글리세린, 나이아신아마이드, 글리세레스-26, 하이드록시아세토페논, 폴리글리세릴-10라우레이트, 카프릴릴글라이콜, 알지닌, 카보머, 잔탄검, 에틸헥실글리세린, 1,2-헥산다이올, 부틸렌글라이콜, 알란토인, 소듐하이알루로네이트, 아스코빅애씨드(100 ppm), 자몽추출물, 판테놀, 다이포타슘글리시리제이트, 토코페릴아세테이트(10 ppm), 로즈마리잎추출물, 하이드로제네이티드레시틴, 판토락톤, 사이아노코발아민(1 ppm), 아시아티코사이드, 글루타티온, 아시아틱애씨드, 마데카식애씨드, 다이소듐이디티에이
[수분초히알루론스티커]
정제수, 다이프로필렌글라이콜, 부틸렌글라이콜, 메틸프로판다이올, 글리세린, 프로판다이올, 글리세릴글루코사이드, 하이드록시아세토페논, 폴리글리세릴-10라우레이트, 카프릴릴글라이콜, 알지닌, 카보머, 1,2-헥산다이올, 에틸헥실글리세린, 셀룰로오스검, 자일리틸글루코사이드, 안하이드로자일리톨, 자일리톨, 소듐하이알루로네이트(100 ppm), 글루코오스, 돌나물추출물(100 ppm), 판테놀, 하이알루로닉애씨드(10 ppm), 다이포타슘글리시리제이트, 메틸다이아이소프로필프로피온아마이드, 멘틸락테이트, 로즈마리잎추출물, 하이드로제네이티드레시틴, 나이아신아마이드, 판토락톤, 소듐구아이아줄렌설포네이트, 벤질글라이콜, 하이드롤라이즈드글라이코사미노글리칸(0.56 ppm), 소듐하이알루로네이트크로스폴리머(0.1 ppm), 하이드롤라이즈드하이알루로닉애씨드(0.052 ppm), 아시아티코사이드, 아시아틱애씨드, 마데카식애씨드, 하이드록시프로필트라이모늄하이알루로네이트(0.012 ppm), 소듐아세틸레이티드하이알루로네이트(0.0002 ppm), 다이소듐이디티에이"
sheetMask_11,sheetMask,[10매/5종] 아비브 약산성 pH 시트 마스크 핏 10매 (어성초/부활초/아쿠아/글루타치온좀/허니),아비브,코스맥스,(주)포컴퍼니,high,A000000120938,olive_crwl_products,,,,,,,"[어성초핏 ]
정제수, 메틸프로판다이올, 1,2-헥산다이올, 글리세린, 부틸렌글라이콜, 약모밀추출물(8,900 ppm), 쇠비름추출물, 접시꽃추출물, 병풀추출물, 호장근뿌리추출물, 황금추출물, 녹차추출물, 스페인감초뿌리추출물, 마트리카리아꽃추출물, 로즈마리잎추출물, 하이드록시에틸우레아, 알란토인, 트로메타민, 에틸헥실글리세린, 폴리글리세릴-10라우레이트, 폴리글리세릴-10미리스테이트, 마데카소사이드, 아시아티코사이드, 아시아틱애씨드, 마데카식애씨드, 카보머, 카페인, 잔탄검, 다이소듐이디티에이
[부활초핏]
정제수, 글리세린, 다이프로필렌글라이콜, 프로판다이올, 펜틸렌글라이콜, 1,2-헥산다이올, 클로렐라 불가리스추출물, 쇠비름추출물, 트루로즈오브예리코추출물(1,200 ppm), 락토바실러스발효물, 백미꽃추출물, 접시꽃추출물, 소듐하이알루로네이트, 하이드롤라이즈드하이알루로닉애씨드, 하이알루로닉애씨드, 녹차씨오일, 귀리커넬추출물, 효모발효추출물, 코코넛야자오일, 유차나무씨오일, 칸디다 봄비콜라/글루코오스/메틸레이프씨데이트발효물, 부틸렌글라이콜, 글루코오스, 프룩토올리고사카라이드, 프룩토오스, 판테놀, 다이페닐다이메티콘, 알란토인, 트라이에틸헥사노인, 카프릴릴글라이콜, 폴리글리세릴-10라우레이트, 에틸헥실글리세린, 아데노신, 트로메타민, 암모늄아크릴로일다이메틸타우레이트/브이피코폴리머, 다이포타슘글리시리제이트, 하이드로제네이티드레시틴, 소듐파이테이트, 토코페롤, 하이드록시프로필트라이모늄하이알루로네이트, 소듐아세틸레이티드하이알루로네이트, 하이드롤라이즈드소듐하이알루로네이트, 소듐하이알루로네이트크로스폴리머, 포타슘하이알루로네이트, 레시틴, 카보머, 카페인, 잔탄검, 세테아릴알코올
[아쿠아핏]
정제수, 메틸프로판다이올, 글리세린, 부틸렌글라이콜, 에탄올, 자일리틸글루코사이드, 소듐하이알루로네이트, 자일리톨, 접시꽃추출물, 흑효모발효물, 아이리쉬모스추출물, 스위트아몬드추출물, 나이트블루밍세레우스꽃추출물, 하이드롤라이즈드콜라겐, 사탕수수추출물, 트루로즈오브예리코추출물, 하이드롤라이즈드콘키올린단백질, 락토바실러스발효물, 하이알루로닉애씨드, 하이드롤라이즈드하이알루로닉애씨드, 하이드록시아세토페논, 하이드록시에틸우레아, 알란토인, 콜레스-24, 안하이드로자일리톨, 트로메타민, 1,2-헥산다이올, 카프릴릴글라이콜, 에틸헥실글리세린, 글루코오스, 소듐카복시메틸베타-글루칸, 솔비탄라우레이트, 카프릴릭/카프릭트라이글리세라이드, 하이드록시에틸셀룰로오스, 아세틸다이펩타이드-1세틸에스터, 포스포리피드, 세라마이드엔피, 피토스테롤, 아세틸헥사펩타이드-8, 콜레스테롤, 피토스핑고신, 알지닌, 카보머, 카페인, 잔탄검, 다이소듐이디티에이
[글루타치온좀핏]
정제수*, 메틸프로판다이올, 글리세린, 나이아신아마이드 (30,000ppm), 부틸렌글라이콜*, 1,2-헥산다이올*, 녹두싹추출물, 밀싹추출물, 브로콜리싹추출물, 백미꽃추출물, 접시꽃추출물, 사과세포배양추출물*, 병풀추출물, 키토산, 폴리글리세린-3, 프로판다이올, 알란토인, 소듐폴리아크릴로일다이메틸타우레이트, 폴리글리세릴-10아이소스테아레이트, 카프릴릴글라이콜, 에틸헥실글리세린*, 트로메타민, 폴리글리세릴-10올리에이트, 글루타티온 (25ppm)*, 아세틸글루코사민, 판테놀, 토코페롤, 락틱애씨드, 펜틸렌글라이콜, 다이프로필렌글라이콜, 마데카소사이드, 하이드로제네이티드레시틴, 콜레스테롤, 아스코빅애씨드, 3-O-에틸아스코빅애씨드, 아스코빌글루코사이드, 세라마이드엔피, 카페인, 카보머, 잔탄검, 다이소듐이디티에이
*글루타치온좀(Glutathiosome) : 식물 유래 이중 지질막 전달체에 글루타치온을 담지하여 만든 복합체 5,000 ppm 함유
[허니핏]
정제수, 글리세린, 폴리글리세린-3, 부틸렌글라이콜, 다이프로필렌글라이콜, 꿀추출물(1,000 ppm), 인도멀구슬나무꽃추출물, 흑효모발효물, 인도멀구슬나무잎추출물, 울금뿌리추출물, 홀리바질잎추출물, 접시꽃추출물, 프로폴리스추출물, 카카오씨추출물, 로얄젤리추출물, 참산호말추출물, 아보카도열매추출물, 은방울수선비늘줄기추출물, 베타인, 하이드록시아세토페논, 콜레스-24, 알란토인, 트로메타민, 카프릴릴글라이콜, 에틸헥실글리세린, 1,2-헥산다이올, 판테놀, 덱스트린, 말토덱스트린, 카보머, 카페인, 잔탄검, 다이소듐이디티에이, 향료, 벤질벤조에이트"
sheetMask_12,sheetMask,[100만장 돌파/단독기획] 프롬리에 EGF 피지팩 하이퍼 액티브 모공 피지 마스크 4+1 증정,프롬리에,(주)이시스코스메틱,이닛컴퍼니 주식회사,high,A000000254427,olive_crwl_products,,,,,,,"정제수, 글리세린, 부틸렌글라이콜, 1,2-헥산다이올, 글루코오스, 폴리글리세릴-10카프릴레이트/카프레이트, 트레할로오스, 알로에베라잎추출물, 셀룰로오스검, 우레아, 잔탄검, 다이프로필렌글라이콜, 제올라이트, 토코페릴아세테이트, 덱스트린, 말토덱스트린, 버지니아풍년화추출물, 소듐하이알루로네이트, 티트리추출물, 글라이신, 세린, 글루타믹애씨드, 아스파틱애씨드, 류신, 알라닌, 라이신, 알지닌, 타이로신, 페닐알라닌, 프롤린, 트레오닌, 발린, 아이소류신, 히스티딘, 시스테인, 메티오닌, 에틸헥실글리세린, 아세틸헥사펩타이드-8, 팔미토일트라이펩타이드-1, 팔미토일헥사펩타이드-12, 카퍼트라이펩타이드-1, 트라이펩타이드-1, 노나펩타이드-1, 팔미토일테트라펩타이드-7, 아세틸테트라펩타이드-2, 팔미토일펜타펩타이드-4, 팔미토일트라이펩타이드-5, 헥사펩타이드-9, 포도세포추출물, 에스에이치-올리고펩타이드-1"
sheetMask_13,sheetMask,[수지pick/단독기획] 아누아 데일리케어 마스크팩 5매 기획 8종(+1매 or +2매 추가 증정),아누아,씨엔에프,[화장품책임판매업자] 주식회사 더파운더즈,high,A000000231836,olive_crwl_products,,,,,,,"[피디알엔 마스크 - 미백, 주름개선 기능성 화장품]
정제수, 부틸렌글라이콜, 글리세린, 나이아신아마이드, 1,2-헥산다이올, 아이소펜틸다이올, 트레할로오스, 카보머, 알지닌, 프로판다이올, 알란토인, 판테놀, 에틸헥실글리세린, 폴리글리세릴-10라우레이트, 잔탄검, 아데노신, 인도멀구슬나무잎추출물, 소듐디엔에이, 하이드롤라이즈드하이알루로닉애씨드, 인도멀구슬나무꽃추출물, 다이소듐이디티에이, 글리세릴아크릴레이트/아크릴릭애씨드코폴리머, 아이비고드열매추출물, 가지열매추출물, 글리세릴올리에이트, 라우릴글루코사이드, 미리스틸글루코사이드, 폴리글리세릴-6라우레이트, 하이드로제네이티드레시틴, 홀리바질잎추출물, 하이드롤라이즈드콜라겐, 소듐하이알루로네이트, 울금뿌리추출물, 참산호말추출물, 황련뿌리추출물, 글루타티온, 하이알루로닉애씨드, 하이드롤라이즈드소듐하이알루로네이트, 하이드록시프로필트라이모늄하이알루로네이트, 포타슘하이알루로네이트, 소듐하이알루로네이트크로스폴리머, 시트릭애씨드, 소듐시트레이트, 펜틸렌글라이콜, 소듐아세틸레이티드하이알루로네이트

[어성초 진정 마스크 - 일반화장품]
약모밀꽃/잎/줄기수(77%),글리세린,정제수,다이프로필렌글라이콜,글리세레스-26,1,2-헥산다이올,프로판다이올,알지닌,알란토인,카보머,폴리글리세릴-4카프레이트,잔탄검,에틸헥실글리세린,다이소듐이디티에이,부틸렌글라이콜,소듐하이알루로네이트,폴리글리세릴-10라우레이트,폴리글리세릴-10미리스테이트,스쿠알란,시어버터,하이드로제네이티드레시틴,스타아니스추출물,옥틸도데칸올,버지니아풍년화추출물,글리세릴시트레이트/락테이트/리놀리에이트/올리에이트,글리세릴올리에이트,올레일알코올,세라마이드엔피,병풀추출물,글라이코리피드,글라이코스핑고리피드,비타민나무열매추출물,올리브오일,토코페롤,마트리카리아꽃추출물,칸디다 봄비콜라/글루코오스/메틸레이프씨데이트발효물,돌콩스테롤

[복숭아 마스크 - 미백 기능성 화장품]
복숭아수(70%), 정제수, 글리세린, 메틸프로판다이올, 나이아신아마이드, 1,2-헥산다이올, 락토바실러스발효물, 진흙버섯추출물, 백미꽃추출물, 하이드롤라이즈드하이알루로닉애씨드, 접시꽃추출물, 녹차씨오일, 효모발효추출물, 잇꽃씨오일, 멕시칸치아씨오일, 복사나무꽃추출물, 칸디다 봄비콜라/글루코오스/메틸레이프씨데이트발효물, 하이알루로닉애씨드, 소듐하이알루로네이트, 하이드록시아세토페논, 프로판다이올, 부틸렌글라이콜, 알란토인, 트로메타민, 폴리글리세릴-10아이소스테아레이트, 폴리글리세릴-10올리에이트, 소듐파이테이트, 사이아노코발아민, 에틸헥실글리세린, 판테놀, 카프릴릭/카프릭트라이글리세라이드, 베타인살리실레이트, 하이드로제네이티드레시틴, 리놀레익애씨드, 리놀레닉애씨드, 수크로오스팔미테이트, 세라마이드엔피, 카보머, 잔탄검, 향료

[카테킨 마스크 - 일반화장품]
정제수, 다이프로필렌글라이콜, 메틸프로판다이올, 1,2-헥산다이올, 트레할로오스, 하이드록시아세토페논, 베타인, 글리세린, 암모늄아크릴로일다이메틸타우레이트/브이피코폴리머, 옥틸도데세스-16, 이노시톨, 부틸렌글라이콜, 아크릴레이트/C10-30알킬아크릴레이트크로스폴리머, 글리세릴글루코사이드, 트로메타민, 황련뿌리추출물, 메틸다이아이소프로필프로피온아마이드, 다이소듐이디티에이, 하이드로제네이티드레시틴, 녹차카테킨, 카페인, 물푸레나무추출물, 바질꽃/잎/줄기추출물, 덱스트린, 카카오씨추출물, 다시마추출물, 참마뿌리추출물, 당느릅나무뿌리추출물, 제비꽃꽃추출물, 알로에베라잎추출물, 하이드롤라이즈드소듐하이알루로네이트, 팥추출물, 에스신, 당호박추출물, 감나무잎추출물, 포도추출물, 에틸헥실글리세린, 소듐하이알루로네이트, 호장근뿌리추출물, 커피콩추출물, 잇꽃꽃추출물, 밤껍질추출물, 녹차추출물, 초피나무열매추출물, 하이드록시프로필트라이모늄하이알루로네이트, 몰로키아잎추출물, 탄닉애씨드, 보리추출물, 하이드롤라이즈드하이알루로닉애씨드, 소듐아세틸레이티드하이알루로네이트, 하이알루로닉애씨드, 소듐하이알루로네이트크로스폴리머, 소듐팔미토일프롤린, 포타슘하이알루로네이트, 알바수련꽃추출물

[TXA 세럼 마스크 - 미백, 주름개선 기능성 화장품]
정제수, 글리세린, 나이아신아마이드(5%), 프로판다이올, 부틸렌글라이콜, 에리스리톨, 프로필렌글라이콜, 하이드록시아세토페논, 다이에톡시에틸석시네이트, 베타인살리실레이트, 트라넥사믹애씨드(1,000ppm), 잔탄검, 카프릴릴글라이콜, 폴리글리세릴-10 아이소스테아레이트, 에틸헥실글리세린, 카보머, 아데노신, 트로메타민, 치자추출물, 펜틸렌글라이콜, 폴리글리세릴-10 올리에이트, 덱스트린, 메틸다이아이소프로필프로피온아마이드, 소듐파이테이트, 효모발효여과물, 1,2-헥산다이올, 카프릴릭/카프릭트라이글리세라이드, 판테놀, 사이아노코발아민, 하이드로제네이티드레시틴, 카카오추출물, 베타-글루칸, 다발방패버섯추출물, 세라마이드엔피, 백미꽃추출물, 접시꽃추출물, 토코페롤, 하이드롤라이즈드하이알루로닉애씨드, 카프릴릴/카프릴글루코사이드, 다이메틸실란올하이알루로네이트, 하이드롤라이즈드소듐하이알루로네이트, 하이알루로닉애씨드, 포타슘하이알루로네이트, 소듐코코일글루타메이트, 소듐하이알루로네이트, 하이드록시프로필트라이모늄하이알루로네이트, 소듐하이알루로네이트크로스폴리머, 소듐하이알루로네이트다이메틸실란올, 소듐아세틸레이티드하이알루로네이트, 글리세릴카프릴레이트, 폴리글리세릴-6 올리에이트, 시트릭애씨드, 소듐서팩틴

[비타C 마스크 - 미백, 주름개선 기능성 화장품]
정제수, 비타민나무수, 부틸렌글라이콜, 프로판다이올, 글리세린, 나이아신아마이드, 1,2-헥산다이올, 아이소펜틸다이올, 트레할로오스, 알지닌, 카보머, 알란토인, 다이포타슘글리시리제이트, 판테놀, 폴리글리세릴-10라우레이트, 잔탄검, 에틸헥실글리세린, 아데노신, 아스코빌글루코사이드(350ppm), 3-O-에틸아스코빅애씨드(330ppm), 소듐아스코빌포스페이트(330ppm), 다이소듐이디티에이, 글리세릴아크릴레이트/아크릴릭애씨드코폴리머, 인도멀구슬나무꽃추출물, 홀리바질잎추출물, 인도멀구슬나무잎추출물, 레몬껍질오일, 울금뿌리추출물, 참산호말추출물, 글루타티온, 아스코빅애씨드(10ppm) , 코코-카프릴레이트/카프레이트, 하이드로제네이티드레시틴, 펜틸렌글라이콜, 폴리글리세릴-10올리에이트, 소듐서팩틴, 하이드록시프로필사이클로덱스트린, 콜라겐, 다이펩타이드-15, 탄닉애씨드, 폴리솔베이트20, 트라이펩타이드-1, 지모뿌리추출물, 시스테인, 티옥틱애씨드, 헥사펩타이드-9, 팔미토일펜타펩타이드-4, 팔미토일트라이 펩타이드-5, 팔미토일테트라펩타이드-7, 소듐아세틸에스에이치-올리고펩타이드-195에스피라이신N6-(석신이미도프로피오닐티오에틸 다이팔미토일글리세로포스페이트), 소듐페닐부티로일히스티디닐4-t-부틸D-페닐알라닐알지닐라이신N6-(석신이미도프로피오닐티오 에틸다이팔미토일글리세로포스페이트), 리모넨

[레티놀 마스크 - 일반화장품]
정제수, 나이아신아마이드(5%), 부틸렌글라이콜, 메틸프로판다이올, 트라이프로필렌글라이콜, 메틸트라이메티콘, 글리세린, 글리세레스-26, 다이카프릴릴에터, 1,2-헥산다이올, 옥틸도데세스-16, 하이드록시아세토페논, 트레할로오스, 암모늄아크릴로일다이메틸타우레이트/브이피코폴리머, 다이포타슘글리시리제이트, 폴리우레탄-15, 펜틸렌글라이콜, 아크릴레이트/C10-30알킬아크릴레이트크로스폴리머, 글리세릴글루코사이드, 황련뿌리추출물, 잔탄검, 펜타에리스리틸테트라-다이-t-부틸하이드록시하이드로신나메이트, 아데노신, 트로메타민, 다이소듐이디티에이, 알란토인, 판테놀, 올레익애씨드, 글리세릴아크릴레이트/아크릴릭애씨드코폴리머, 하이드로제네이티드레시틴, 레티놀(17ppm), 카프릴릭/카프릭트라이글리세라이드, 에이치디아이/트라이메틸올헥실락톤크로스폴리머, 토코페롤, 베타글루칸, 폴리비닐알코올, 세라마이드엔피, 소듐하이알루로네이트, 시어버터, 옥틸도데칸올, 피토스테롤, 카프릴릴글라이콜, 페닐프로판올, 비타민나무열매오일

[라이스 마스크 - 일반화장품]
쌀겨수(70%), 정제수, 다이프로필렌글라이콜, 메틸프로판다이올, 글리세린, 1,2-헥산다이올, 글리세레스-26, 다이카프릴릴카보네 이트, 쌀추출물(3,610ppm), 옥틸도데세스-16, 부틸렌글라이콜, 하이드록시아세토페논, 아크릴레이트/C10-30알킬아크릴레이트크로스 폴리머, 암모늄아크릴로일다이메틸타우레이트/브이피코폴리머, 베타인, 트로메타민, 잔탄검, 알란토인, 다이소듐이디티에이, 쌀겨오일 (99ppm), 스쿠알란, 토코페롤, 에틸헥실글리세린, 소듐하이알루로네이트, 스테아릭애씨드, 팔미틱애씨드, 하이드롤라이즈드쌀단백질 (300ppb), 쌀단백질(300ppb), 세라마이드엔피, 하이드롤라이즈드하이알루로닉애씨드, 락토바실러스발효여과물, 하이드로제네이티 드레시틴, 콜레스테롤, 글리세릴스테아레이트, 피토스핑고신, 소듐아세틸레이티드하이알루로네이트, 아라키딕애씨드, 미리스틱애씨드, 세라마이드에이피, 세라마이드에이에스, 세라마이드이오피, 세라마이드엔에스, 엑토인"
sheetMask_14,sheetMask,[수지pick]아누아 데일리케어 마스크팩 8종(1매),아누아,씨엔에프,[화장품책임판매업자] 주식회사 더파운더즈,high,A000000211128,olive_crwl_products,,,,,,,"[피디알엔 마스크 - 미백, 주름개선 기능성 화장품]
정제수, 부틸렌글라이콜, 글리세린, 나이아신아마이드, 1,2-헥산다이올, 아이소펜틸다이올, 트레할로오스, 카보머, 알지닌, 프로판다이올, 알란토인, 판테놀, 에틸헥실글리세린, 폴리글리세릴-10라우레이트, 잔탄검, 아데노신, 인도멀구슬나무잎추출물, 소듐디엔에이, 하이드롤라이즈드하이알루로닉애씨드, 인도멀구슬나무꽃추출물, 다이소듐이디티에이, 글리세릴아크릴레이트/아크릴릭애씨드코폴리머, 아이비고드열매추출물, 가지열매추출물, 글리세릴올리에이트, 라우릴글루코사이드, 미리스틸글루코사이드, 폴리글리세릴-6라우레이트, 하이드로제네이티드레시틴, 홀리바질잎추출물, 하이드롤라이즈드콜라겐, 소듐하이알루로네이트, 울금뿌리추출물, 참산호말추출물, 황련뿌리추출물, 글루타티온, 하이알루로닉애씨드, 하이드롤라이즈드소듐하이알루로네이트, 하이드록시프로필트라이모늄하이알루로네이트, 포타슘하이알루로네이트, 소듐하이알루로네이트크로스폴리머, 시트릭애씨드, 소듐시트레이트, 펜틸렌글라이콜, 소듐아세틸레이티드하이알루로네이트

[어성초 진정 마스크 - 일반화장품]
약모밀꽃/잎/줄기수(77%),글리세린,정제수,다이프로필렌글라이콜,글리세레스-26,1,2-헥산다이올,프로판다이올,알지닌,알란토인,카보머,폴리글리세릴-4카프레이트,잔탄검,에틸헥실글리세린,다이소듐이디티에이,부틸렌글라이콜,소듐하이알루로네이트,폴리글리세릴-10라우레이트,폴리글리세릴-10미리스테이트,스쿠알란,시어버터,하이드로제네이티드레시틴,스타아니스추출물,옥틸도데칸올,버지니아풍년화추출물,글리세릴시트레이트/락테이트/리놀리에이트/올리에이트,글리세릴올리에이트,올레일알코올,세라마이드엔피,병풀추출물,글라이코리피드,글라이코스핑고리피드,비타민나무열매추출물,올리브오일,토코페롤,마트리카리아꽃추출물,칸디다 봄비콜라/글루코오스/메틸레이프씨데이트발효물,돌콩스테롤

[복숭아 마스크 - 미백 기능성 화장품]
복숭아수(70%), 정제수, 글리세린, 메틸프로판다이올, 나이아신아마이드, 1,2-헥산다이올, 락토바실러스발효물, 진흙버섯추출물, 백미꽃추출물, 하이드롤라이즈드하이알루로닉애씨드, 접시꽃추출물, 녹차씨오일, 효모발효추출물, 잇꽃씨오일, 멕시칸치아씨오일, 복사나무꽃추출물, 칸디다 봄비콜라/글루코오스/메틸레이프씨데이트발효물, 하이알루로닉애씨드, 소듐하이알루로네이트, 하이드록시아세토페논, 프로판다이올, 부틸렌글라이콜, 알란토인, 트로메타민, 폴리글리세릴-10아이소스테아레이트, 폴리글리세릴-10올리에이트, 소듐파이테이트, 사이아노코발아민, 에틸헥실글리세린, 판테놀, 카프릴릭/카프릭트라이글리세라이드, 베타인살리실레이트, 하이드로제네이티드레시틴, 리놀레익애씨드, 리놀레닉애씨드, 수크로오스팔미테이트, 세라마이드엔피, 카보머, 잔탄검, 향료

[카테킨 마스크 - 일반화장품]
정제수, 다이프로필렌글라이콜, 메틸프로판다이올, 1,2-헥산다이올, 트레할로오스, 하이드록시아세토페논, 베타인, 글리세린, 암모늄아크릴로일다이메틸타우레이트/브이피코폴리머, 옥틸도데세스-16, 이노시톨, 부틸렌글라이콜, 아크릴레이트/C10-30알킬아크릴레이트크로스폴리머, 글리세릴글루코사이드, 트로메타민, 황련뿌리추출물, 메틸다이아이소프로필프로피온아마이드, 다이소듐이디티에이, 하이드로제네이티드레시틴, 녹차카테킨, 카페인, 물푸레나무추출물, 바질꽃/잎/줄기추출물, 덱스트린, 카카오씨추출물, 다시마추출물, 참마뿌리추출물, 당느릅나무뿌리추출물, 제비꽃꽃추출물, 알로에베라잎추출물, 하이드롤라이즈드소듐하이알루로네이트, 팥추출물, 에스신, 당호박추출물, 감나무잎추출물, 포도추출물, 에틸헥실글리세린, 소듐하이알루로네이트, 호장근뿌리추출물, 커피콩추출물, 잇꽃꽃추출물, 밤껍질추출물, 녹차추출물, 초피나무열매추출물, 하이드록시프로필트라이모늄하이알루로네이트, 몰로키아잎추출물, 탄닉애씨드, 보리추출물, 하이드롤라이즈드하이알루로닉애씨드, 소듐아세틸레이티드하이알루로네이트, 하이알루로닉애씨드, 소듐하이알루로네이트크로스폴리머, 소듐팔미토일프롤린, 포타슘하이알루로네이트, 알바수련꽃추출물

[TXA 세럼 마스크 - 미백, 주름개선 기능성 화장품]
정제수, 글리세린, 나이아신아마이드(5%), 프로판다이올, 부틸렌글라이콜, 에리스리톨, 프로필렌글라이콜, 하이드록시아세토페논, 다이에톡시에틸석시네이트, 베타인살리실레이트, 트라넥사믹애씨드(1,000ppm), 잔탄검, 카프릴릴글라이콜, 폴리글리세릴-10 아이소스테아레이트, 에틸헥실글리세린, 카보머, 아데노신, 트로메타민, 치자추출물, 펜틸렌글라이콜, 폴리글리세릴-10 올리에이트, 덱스트린, 메틸다이아이소프로필프로피온아마이드, 소듐파이테이트, 효모발효여과물, 1,2-헥산다이올, 카프릴릭/카프릭트라이글리세라이드, 판테놀, 사이아노코발아민, 하이드로제네이티드레시틴, 카카오추출물, 베타-글루칸, 다발방패버섯추출물, 세라마이드엔피, 백미꽃추출물, 접시꽃추출물, 토코페롤, 하이드롤라이즈드하이알루로닉애씨드, 카프릴릴/카프릴글루코사이드, 다이메틸실란올하이알루로네이트, 하이드롤라이즈드소듐하이알루로네이트, 하이알루로닉애씨드, 포타슘하이알루로네이트, 소듐코코일글루타메이트, 소듐하이알루로네이트, 하이드록시프로필트라이모늄하이알루로네이트, 소듐하이알루로네이트크로스폴리머, 소듐하이알루로네이트다이메틸실란올, 소듐아세틸레이티드하이알루로네이트, 글리세릴카프릴레이트, 폴리글리세릴-6 올리에이트, 시트릭애씨드, 소듐서팩틴

[비타C 마스크 - 미백, 주름개선 기능성 화장품]
정제수, 비타민나무수, 부틸렌글라이콜, 프로판다이올, 글리세린, 나이아신아마이드, 1,2-헥산다이올, 아이소펜틸다이올, 트레할로오스, 알지닌, 카보머, 알란토인, 다이포타슘글리시리제이트, 판테놀, 폴리글리세릴-10라우레이트, 잔탄검, 에틸헥실글리세린, 아데노신, 아스코빌글루코사이드(350ppm), 3-O-에틸아스코빅애씨드(330ppm), 소듐아스코빌포스페이트(330ppm), 다이소듐이디티에이, 글리세릴아크릴레이트/아크릴릭애씨드코폴리머, 인도멀구슬나무꽃추출물, 홀리바질잎추출물, 인도멀구슬나무잎추출물, 레몬껍질오일, 울금뿌리추출물, 참산호말추출물, 글루타티온, 아스코빅애씨드(10ppm) , 코코-카프릴레이트/카프레이트, 하이드로제네이티드레시틴, 펜틸렌글라이콜, 폴리글리세릴-10올리에이트, 소듐서팩틴, 하이드록시프로필사이클로덱스트린, 콜라겐, 다이펩타이드-15, 탄닉애씨드, 폴리솔베이트20, 트라이펩타이드-1, 지모뿌리추출물, 시스테인, 티옥틱애씨드, 헥사펩타이드-9, 팔미토일펜타펩타이드-4, 팔미토일트라이 펩타이드-5, 팔미토일테트라펩타이드-7, 소듐아세틸에스에이치-올리고펩타이드-195에스피라이신N6-(석신이미도프로피오닐티오에틸 다이팔미토일글리세로포스페이트), 소듐페닐부티로일히스티디닐4-t-부틸D-페닐알라닐알지닐라이신N6-(석신이미도프로피오닐티오 에틸다이팔미토일글리세로포스페이트), 리모넨

[레티놀 마스크 - 일반화장품]
정제수, 나이아신아마이드(5%), 부틸렌글라이콜, 메틸프로판다이올, 트라이프로필렌글라이콜, 메틸트라이메티콘, 글리세린, 글리세레스-26, 다이카프릴릴에터, 1,2-헥산다이올, 옥틸도데세스-16, 하이드록시아세토페논, 트레할로오스, 암모늄아크릴로일다이메틸타우레이트/브이피코폴리머, 다이포타슘글리시리제이트, 폴리우레탄-15, 펜틸렌글라이콜, 아크릴레이트/C10-30알킬아크릴레이트크로스폴리머, 글리세릴글루코사이드, 황련뿌리추출물, 잔탄검, 펜타에리스리틸테트라-다이-t-부틸하이드록시하이드로신나메이트, 아데노신, 트로메타민, 다이소듐이디티에이, 알란토인, 판테놀, 올레익애씨드, 글리세릴아크릴레이트/아크릴릭애씨드코폴리머, 하이드로제네이티드레시틴, 레티놀(17ppm), 카프릴릭/카프릭트라이글리세라이드, 에이치디아이/트라이메틸올헥실락톤크로스폴리머, 토코페롤, 베타글루칸, 폴리비닐알코올, 세라마이드엔피, 소듐하이알루로네이트, 시어버터, 옥틸도데칸올, 피토스테롤, 카프릴릴글라이콜, 페닐프로판올, 비타민나무열매오일

[라이스 마스크 - 일반화장품]
쌀겨수(70%), 정제수, 다이프로필렌글라이콜, 메틸프로판다이올, 글리세린, 1,2-헥산다이올, 글리세레스-26, 다이카프릴릴카보네 이트, 쌀추출물(3,610ppm), 옥틸도데세스-16, 부틸렌글라이콜, 하이드록시아세토페논, 아크릴레이트/C10-30알킬아크릴레이트크로스 폴리머, 암모늄아크릴로일다이메틸타우레이트/브이피코폴리머, 베타인, 트로메타민, 잔탄검, 알란토인, 다이소듐이디티에이, 쌀겨오일 (99ppm), 스쿠알란, 토코페롤, 에틸헥실글리세린, 소듐하이알루로네이트, 스테아릭애씨드, 팔미틱애씨드, 하이드롤라이즈드쌀단백질 (300ppb), 쌀단백질(300ppb), 세라마이드엔피, 하이드롤라이즈드하이알루로닉애씨드, 락토바실러스발효여과물, 하이드로제네이티 드레시틴, 콜레스테롤, 글리세릴스테아레이트, 피토스핑고신, 소듐아세틸레이티드하이알루로네이트, 아라키딕애씨드, 미리스틱애씨드, 세라마이드에이피, 세라마이드에이에스, 세라마이드이오피, 세라마이드엔에스, 엑토인"
sheetMask_15,sheetMask,[1매] 넘버즈인 1번~5번 마스크팩 5종 중 택 1,넘버즈인,"[1번] 씨엔에프(주), [2번](주)이미인, [3번] 삼성메디코스(주), [4번] 한국콜마(주), [5번] (주)씨엔에프",(주)비나우,high,A000000160901,olive_crwl_products,,,,,,,"[1번] 정제수, 메틸프로판다이올, 나이아신아마이드, 글리세린, 1,2-헥산다이올, 부틸렌글라이콜, 베타인, 판테놀, 알란토인, 도둑놈의 지팡이뿌리추출물, 카보머, 트레할로오스, 트로메타민, 에틸헥실글리세린,잔탄검, 다이포타슘글리시리제이트, 소듐파이테이트, 인도멀구슬나무잎추출물, 인도멀구슬나무꽃추출물, 병풀추출물, 소듐하이알루로네이트(100ppm), 아이비고드열매추출물, 가지열매추출물, 하이드롤라이즈드하이알루로닉애씨드(10ppm), 프로판다이올, 홀리바질잎추출물, 감초뿌리추출물, 판토테닉애씨드(5ppm), 울금뿌리추출물, 참산호말추출물, 약모밀추출물, 글리세릴올리에이트, 소듐아세틸레이 티드하이알루로네이트(1ppm), 하이드로제네이티드레시틴, 라우릴글루코사이드, 미리스틸글루코사이드, 폴리글리세릴-6라우레이트, 베타-글루칸, 토코페롤, 데실글루코사이드, 알파-알부틴, 하이알루로닉애씨드(100 ppb), 징크피씨에이, 시트릭애씨드, 호호바씨오일, 녹차추출물, 병풀잎추출물, 오카무라큰실말추출물, 흰버드나무껍질추출물, 커피콩추출물, 베타-시토스테롤, 폴리글리세릴-10스테아레이트, 아시아티코사이드, 마데카소사이드, 아시아틱애씨드, 마데카식애씨드, 베르가모트잎추출물, 소나무잎추출물


[2번] 콜라겐수(656,600 ppm), 정제수, 다이프로필렌글라이콜, 부틸렌글라이콜, 나이아신아마이드, 1,2-헥산다이올, 다이메티콘, 피이지-240/에이치디아이코폴리머 비스-데실테트라데세스-20에터, 세테아릴올리베이트, 암모늄아크릴로일다이메틸타우레이트/브이피코폴리머, 하이드록시에틸셀룰로오스, 솔비탄올리베이트, 에틸헥실글리세린, 아데노신, 콜라겐(100 ppm), 인도멀구슬나무꽃추출물, 아이비고드열매추출물, 인도멀구슬나무잎추출물, 가지열매추출물, 소듐디엔에이 (10.1 ppm), 포타슘라우레이트, 글리세린, 비에이치티, 알로에베라꽃추출물, 홀리바질잎추출물, 참산호말추출물, 울금뿌리추출물, 폴리글리세릴-10올리에이트, 하이드로제네이티드폴리아이소부텐, 옥틸도데칸올, 하이드로제네이티드레시틴, 폴리글리세릴-10라우레이트, 다마스크장미추출물(0.1 ppm), 폴리락틱애씨드, 하이알루로닉애씨드, 트라이펩타이드-1, 실리카, 카퍼트라이펩타이드-1, 팔미토일트라이펩타이드-1, 헥사펩타이드-9, 헥사펩타이드-11, 아세틸테트라펩타 이드-5, 아세틸테트라펩타이드-2, 팔미토일펜타펩타이드-4, 지모뿌리추출물, 팔미토일트라이펩타이드-5, 토코페롤, 다이소듐이디티에이

[3번] 정제수, 비피다발효용해물(20%), 갈락토미세스발효여과물(9%), 메틸글루세스-20, 글리세레스-26, 글리세린, 나이아신아마이드, 피이지-90, 1,2-헥산다이올, 페퍼민트잎추출물, 버지니아풍년화추출물, 녹차추출물, 캐모마일꽃추출물, 레몬그라스잎오일, 솔잣나무가지/잎오일, 오렌지 껍질오일, 라벤더오일, 로즈마리잎오일, 아틀라스시다나무껍질오일, 알테로모나스발효추출물, 염소유추출물, 실크추출물, 스쿠알란, 소듐하 이알루로네이트, 판테놀, 부틸렌글라이콜, 폴리글리세릴-3메틸글루코오스다이 스테아레이트, 폴리글리세릴-3다이스테아레이트, 글리세릴스 테아레이트시트레이트, 글리세릴스테아레이트에스이, 카프릴릴 글라이콜, 옥틸도데세스-16, 잔탄검, 카보머, 트로메타민, 에탄올, 에틸헥실글 리세린, 아데노신, 다이소듐이디티에이, 리모넨, 리날룰, 시트랄

[4번] 정제수, 메틸프로판다이올, 다이프로필렌글라이콜, 티트리잎추출물, 다시마추출물, 한련초잎추출물, 베르가못잎추출물, 아이슬란드이끼추출물, 병풀추출물, 호장근뿌리추출물, 황금추출물, 녹차추출물, 당느릅나무뿌리추출물, 스페인감초뿌리추출물, 알로에베라잎추출물, 제비꽃꽃추출물, 참마뿌리추출물, 로즈마리잎추출물, 마트리카리아꽃추출물, 티트리잎오일, 하이드로제네이티드레시틴, 옥틸도데세스-16, 판테놀, 카보머, 트로 메타민, 부틸렌글라이콜, 잔탄검, 아데노신, 다이소듐이디티에이, 메틸다이아이소프로필프로피온아마이드, 글리세린, 프룩토올리고사카라이드, 베타-글루칸, 하이드롤라이즈드하이알루로닉애씨드, 1,2-헥산다이올, 하이드록시아세토페논

[5번] 정제수, 메틸프로판다이올, 나이아신아마이드(50,000ppm), 피이지/피피지-17/6코폴리머, 황련뿌리추출물, 1,2-헥산다이올, 하이드록시아세토 페논, 하이드록시에틸우레아, 아이소펜틸다이올, 메틸글루세스-20, 카보머, 알지닌, 알란토인, 소듐아스코빌포스페이트(1,000ppm), 글루타티온 (500ppm), 하이드로제네이티드레시틴, 피이지-60하이드로제네이티드캐스터오일, 잔탄검, 아데노신, 에틸헥실글리세린, 소듐폴리아크릴레이트, 부틸렌글라이콜, 병풀추출물, 다이소듐이디티에이, 하이드록시에틸셀룰로오스, 메틸다이아이소프로필프로피온아마이드, 폴리글루타믹애씨드, 프로테아제, 세라마이드엔피, 아스코빅애씨드(10,000ppb), 알부틴, 비사보롤, 하이알루로닉애씨드"
sheetMask_16,sheetMask,쥬베룩 PDLLA 콜라겐 부스팅 마스크 4매,쥬베룩,"코스맥스(주), 주식회사 바임",,확인 필요,A000000253919,olive_crwl_products,,,,,,,"정제수, 글리세린, 펜틸렌글라이콜, 부틸렌글라이콜, 나이아신아마이드, 트라이프로필렌글라이콜, 1,2-헥산다이올, 판테놀, 소듐하이알루로네이트, 하이드롤라이즈드해면, 백미꽃추출물, 하이드롤라이즈드콜라겐(10000ppb), 접시꽃추출물, 아텔로콜라겐(10ppb), 하이드롤라이즈드하이알루로닉애씨드, 메틸프로판다이올, 하이드록시에틸우레아, 알란토인, 다이에톡시에틸석시네이트, 트로메타민, 프로판다이올, 에틸헥실글리세린, 카프릴릴글라이콜, 세틸에틸헥사노에이트, 아데노신, 폴리글리세릴-10아이소스테아레이트, 스쿠알란, 소듐파이테이트, 하이드로제네이티드레시틴, 폴리글리세릴-10올리에이트, 카프릴릭/카프릭트라이글리세라이드, 아세틸글루코사민, 하이드록시아세토페논, 카프릴릴/카프릴글루코사이드, 베타-글루칸, 소듐하이알루로네이트크로스폴리머, 소듐코코일글루타메이트, 글리세릴카프릴레이트, 폴리글리세릴-6올리에이트, 토코페롤, 시트릭애씨드, 소듐락테이트, 소듐서팩틴, 폴리솔베이트20, 팔미토일트라이펩타이드-1, 폴리락틱애씨드(1ppb), 팔미토일테트라펩타이드-7, 아세틸헥사펩타이드-8, 아스코빅애씨드폴리펩타이드, 아세틸옥타펩타이드-3, 아세틸테트라펩타이드-2, 아세틸테트라펩타이드-3, 아세틸테트라펩타이드-5, 아세틸테트라펩타이드-9, 카르노신, 카퍼트라이펩타이드-1, 노나펩타이드-1, 팔미토일펜타펩타이드-4, 팔미토일트라이펩타이드-5, 카보머, 카페인, 잔탄검"
sheetMask_17,sheetMask,[1등마스크] 토리든 시트 마스크 10매 4종(수분/진정/브라이트닝/모공),토리든,제이에셀 주식회사,㈜토리든,high,A000000255859,olive_crwl_products,,,,,,,"정제수, 부틸렌글라이콜, 글리세린, 다이프로필렌글라이콜, 소듐하이알루로네이트크로스폴리머, 소듐하이알루로네이트, 소듐아세틸레이티드하이알루로네이트, 하이드롤라이즈드소듐하이알루로네이트, 하이드롤라이즈드하이알루로닉애씨드, 판테놀, 트레할로오스, 알란토인, 엑토인, 감초추출물, 마트리카리아꽃추출물, 포트마리골드꽃추출물, 알지닌, 2,3-부탄다이올, 글리세릴아크릴레이트/아크릴릭애씨드코폴리머, 피브이엠/엠에이코폴리머, 사카라이드아이소머레이트, 카보머, 잔탄검, 트로메타민, 펜틸렌글라이콜, 1,2-헥산다이올, 하이드록시아세토페논, 트라이소듐에틸렌다이아민다이석시네이트, 쇠비름추출물, 말라카이트추출물, 에틸헥실글리세린"
sheetMask_18,sheetMask,"[피지흡착/모공쿨링] 메디힐 바이오 세컨덤 마스크 1매 3종 (마데카소사이드, PDRN, 히알루론산)",메디힐,㈜엔코스,엘앤피코스메틱㈜,high,A000000229375,olive_crwl_products,,,,,,,"[히알루론산 바이오 세컨덤]
STEP 1 메디힐 히알루론산 바이오 세컨덤 마스크
정제수, 부틸렌글라이콜, 1,2-헥산다이올, 아이소펜틸다이올, 글리세린, 소듐폴리아크릴레이트, 잔탄검, 폴리글리세릴-10라우레이트, 소듐하이알루로네이트(720 ppm), 에틸헥실글리세린, 다이소듐이디티에이, 베르가모트오일, 판테놀, 바이오사카라이드검-1, 엑토인, 토코페롤, 흰버드나무껍질추출물, *리모넨, *리날룰
STEP 2 메디힐 히알루론산 바이오 세컨덤 앰플
정제수, 부틸렌글라이콜, 아이소펜틸다이올, 글리세린, 1,2-헥산다이올, 트레할로오스, 소듐폴리아크릴레이트, 풀루란, 폴리글리세릴-10미리스테이트, 소듐하이알루로네이트(720 ppm), 알지닌, 카보머, 에틸헥실글리세린, 다이소듐이디티에이, 글리세릴아크릴레이트/아크릴릭애씨드코폴리머, 바이오사카라이드검-1, 피브이엠/엠에이코폴리머, 센티드제라늄꽃오일, 흰버드나무껍질추출물, 판테놀, 엑토인, 토코페롤

[로제 피디알엔 바이오 세컨덤]
STEP 1 메디힐 로제 피디알엔 바이오 세컨덤 마스크
정제수, 부틸렌글라이콜, 1,2-헥산다이올, 글리세린, 소듐폴리아크릴레이트, 잔탄검, 폴리글리세릴-10라우레이트, 에틸헥실글리세린, 아데노신, 라벤더오일, 다이소듐이디티에이, 센티드제라늄꽃오일, 소듐하이알루로네이트, 엑토인, 돌콩추출물, 다마스크장미꽃오일(3 ppm), 매듭풀추출물, 토코페롤, 레드신코나나무껍질추출물, 흰버드나무껍질추출물, 마누카잎추출물, 소듐디엔에이(35 ppb), *리날룰, *시트로넬올
STEP 2 메디힐 로제 피디알엔 바이오 세컨덤 앰플
정제수, 글리세린, 세틸에틸헥사노에이트, 부틸렌글라이콜, 카프릴릭/카프릭트라이글리세라이드, 1,2-헥산다이올, 글리세릴스테아레이트에스이, 폴리글리세릴-10스테아레이트, 폴리글리세릴-10다이스테아레이트, 라우릴글루코사이드, 폴리글리세릴-6라우레이트, 아크릴레이트/C10-30알킬아크릴레이트크로스폴리머, 알지닌, 소듐스테아로일글루타메이트, 미리스틸글루코사이드, 에틸헥실글리세린, 아데노신, 다이소듐이디티에이, 라벤더오일, 글리세릴아크릴레이트/아크릴릭애씨드코폴리머, 센티드제라늄꽃오일, 돌콩추출물, 다마스크장미꽃오일(3 ppm), 흰버드나무껍질추출물, 엑토인, 매듭풀추출물, 토코페롤, 레드신코나나무껍질추출물, 마누카잎추출물, 소듐디엔에이(35 ppb), *리날룰, *시트로넬올

[마데카소사이드 바이오 세컨덤]
STEP 1 메디힐 마데카소사이드 바이오 세컨덤 마스크
정제수, 부틸렌글라이콜, 나이아신아마이드, 1,2-헥산다이올, 글리세린, 소듐폴리아크릴레이트, 잔탄검, 폴리글리세릴-10라우레이트, 에틸헥실글리세린, 다이소듐이디티에이, 마데카소사이드(30 ppm), 유칼립투스잎오일, 엑토인, 알란토인, 살리실릭애씨드, 살비아오일, 멕시칸주니퍼오일, 병풀추출물, 토코페롤, 녹차추출물, 티트리추출물, 소듐하이알루로네이트, 흰버드나무껍질추출물, 하이드로제네이티드레시틴
STEP 2 메디힐 마데카소사이드 바이오 세컨덤 앰플
정제수, 다이프로필렌글라이콜, 글리세린, 부틸렌글라이콜, 나이아신아마이드, 1,2-헥산다이올, 베타인, 옥틸도데세스-16, 카보머, 알지닌, 잔탄검, 에틸헥실글리세린, 폴리글리세릴-10미리스테이트, 다이소듐이디티에이, 글리세릴아크릴레이트/아크릴릭애씨드코폴리머, 바이오사카라이드검-1, 피브이엠/엠에이코폴리머, 마데카소사이드(30 ppm), 유칼립투스잎오일, 살비아오일, 멕시칸주니퍼오일, 흰버드나무껍질추출물, 엑토인, 병풀추출물, 토코페롤, 하이드로제네이티드레시틴"
sheetMask_19,sheetMask,[급속쿨링/열감케어] 셀퓨전씨 포스트 알파 쿨링 마스크 1P (퍼스트 쿨링/시카 쿨링/비타 쿨링),셀퓨전씨,한국콜마(주),(주)씨엠에스랩,high,A000000114176,olive_crwl_products,,,,,,,"- 퍼스트 쿨링 마스크:  정제수, 글리세린, 메틸프로판다이올, 다이프로필렌글라이콜, 1,2-헥산다이올, 베타인, 하이드록시아세토페논, 트레할로오스, 판테놀, 암모늄아크릴로일다이메틸타우레이트/브이피코폴리머, 폴리글리세릴-10라우레이트, 메틸다이아이소프로필프로피온아마이드, 아크릴레이트/C10-30알킬아크릴레이트크로스폴리머, 트로메타민, 향료, 다이소듐이디티에이, 아데노신, 하이드로제네이티드레시틴, 물푸레나무추출물, 바질꽃/잎/줄기추출물, 세라마이드엔피, 수크로오스스테아레이트, 부틸렌글라이콜, 콜레스테롤, 팔미틱애씨드, 콜레스테릴마카다미에이트, 스테아릭애씨드, 마트리카리아추출물, 피버퓨추출물, 사카라이드아이소머레이트, 하이드롤라이즈드루핀단백질, 프랑스해안송껍질추출물, 구아이아줄렌

-시카 쿨링 마스크 : 정제수, 글리세린, 1,2-헥산다이올, 병풀추출물, 영지버섯줄기추출물, 다발방패버섯추출물, 병풀꽃/잎/줄기추출물, 병풀뿌리추출물, 병풀잎추출물, 소듐하이알루로네이트, 베타인, 트레할로오스, 암모늄아크릴로일다이메틸타우레이트/브이피코폴리머, 판테놀, 폴리글리세릴-10라우레이트, 아크릴레이트/C10-30알킬아크릴레이트크로스폴리머, 메틸다이아이소프로필프로피온아마이드, 트로메타민, 글리세릴글루코사이드, 다이소듐이디티에이, 알란토인, 글리세릴아크릴레이트/아크릴릭애씨드코폴리머, 효모발효여과물, 부틸렌글라이콜, 효모발효물, 아시아티코사이드, 마데카소사이드, 마데카식애씨드, 아세틸헥사펩타이드-8, 아스파틱애씨드, 아시아틱애씨드, 하이드록시아세토페논, 펜틸렌글라이콜

- 비타 쿨링 마스크 : 정제수, 부틸렌글라이콜, 글리세린, 글리세레스-26, 나이아신아마이드, 황련뿌리추출물, 영지버섯줄기추출물, 다발방패버섯추출물, 병풀꽃/잎/줄기추출물, 병풀뿌리추출물, 병풀잎추출물, 병풀추출물, 마트리카리아추출물, 피버퓨추출물, 프랑스해안송껍질추출물, 소듐하이알루로네이트, 1,2-헥산다이올, 하이드록시아세토페논, 암모늄아크릴로일다이메틸타우레이트/브이피코폴리머, 옥틸도데세스-16, 트레할로오스, 폴리아크릴레이트크로스폴리머-6, 잔탄검, 메틸다이아이소프로필프로피온아마이드, 글리세릴글루코사이드, 다이소듐이디티에이, 다이포타슘글리시리제이트, 아크릴레이트/C10-30알킬아크릴레이트크로스폴리머, 알란토인, 판테놀, 펜틸렌글라이콜, 효모발효여과물, 글리세릴아크릴레이트/아크릴릭애씨드코폴리머, 마데카소사이드, 글루코노락톤, 만델릭애씨드, 시트릭애씨드, *아스코빅애씨드, 카프릴로일살리실릭애씨드, 효모발효물, 글루타티온, 아스코빌글루코사이드, 아시아티코사이드, 글라이신, 글루타믹애씨드, 알지닌, 마데카식애씨드, 아스파틱애씨드, 아시아틱애씨드, 아세틸헥사펩타이드-8, 구아이아줄렌, 살리실릭애씨드"
sheetMask_20,sheetMask,[7월 올영픽] 에스트라 에이시카365 수딩 리페어 마스크 pH4.5 5매입,에스트라,(주)코스비전,(주)아모레퍼시픽,high,A000000250485,olive_crwl_products,,,,,,,"정제수, 부틸렌글라이콜, 글리세린, 나이아신아마이드, 1,2-헥산다이올, 글루코노락톤, 트로메타민, 잔탄검, 에틸헥실글리세린, 레시틴, 소듐메타포스페이트, 폴리글리세릴-10올리에이트, 매실추출물, 소듐하이알루로네이트, 3-O-에틸아스코빅애씨드, 징크피씨에이, 폴리글리세릴-4카프레이트, 아시아티코사이드, 마데카식애씨드, 글리세릴카프릴레이트, 아시아틱애씨드, 마데카소사이드, 소듐트라이메타포스페이트, 토코페롤, 쌀겨오일"
sheetMask_21,sheetMask,[1일1팩/밀착진정] 듀이트리 AC 딥 진정 마스크 10매 (열감/흔적),듀이트리,(주)엔코스,(주)듀이트리,high,A000000211187,olive_crwl_products,,,,,,,"[열감진정]
정제수,부틸렌글라이콜,프로판다이올,1,2-헥산다이올,글리세레스-26,메틸글루세스-20,하이드록시에틸우레아,아크릴레이트/C10-30알킬아크릴레이트크로스폴리머,알지닌,알란토인,폴리글리세릴-10라우레이트,에틸헥실글리세린,하이드록시에틸아크릴레이트/소듐아크릴로일다이메틸타우레이트코폴리머,글리세린,다이소듐이디티에이,폴리글리세릴-10미리스테이트,잔탄검,다이포타글리시리제이트,자작나무수액,페퍼민트오일,페퍼민트잎추출물,솔비탄아이소스테아레이트,데실글루코사이드,병풀추출물,파파인,글루코오스,카프릴릭/카프릭트라이글리세라이드,당느릅나무뿌리추출물,병풀잎추출물,오카무라큰실말추출물,녹차추출물,흰버드나무껍질추출물,제비꽃꽃추출물,소듐하이알루로네이트,알로에베라잎추출물,참마뿌리추출물,다시마추출물,세라마이드엔피,커피콩추출물,하이드로제네이티드레시틴,글리세릴카프릴레이트,달맞이꽃추출물,대왕소나무잎추출물,칡뿌리추출물,토코페롤,베르가모트잎추출물,하이드록시프로필트라이모늄하이알루로네이트,소나무잎추출물,소듐아세틸레이티드하이알루로네이트,하이드롤라이즈드하이알루로닉애씨드,하이알루로닉애씨드,소듐하이알루로네이트크로스폴리머,포타슘하이알루로네이트
[흔적진정]
정제수,부틸렌글라이콜,프로판다이올,1,2-헥산다이올,나이아신아마이드,하이드록시에틸우레아,메틸글루세스-20,글리세레스-26,아크릴레이트/C10-30알킬아크릴레이트크로스폴리머,폴리글리세릴-10라우레이트,알지닌,알란토인,글리세린,에틸헥실글리세린,소듐폴리아크릴레이트,폴리글리세릴-10미리스테이트,다이소듐이디티에이,소듐하이알루로네이트,자작나무수액,다이포타슘글리시리제이트,로즈마리잎오일,페퍼민트잎추출물,페퍼민트오일,카프릴릭/카프릭트라이글리세라이드,아스코빌글루코사이드,글루타티온,병풀추출물,세라마이드엔피,하이드로제네이티드레시틴,동백나무씨오일,파파인,폴리글루타믹애씨드,리놀레익애씨드,라임추출물,토코페롤"
sheetMask_22,sheetMask,[장도연 PICK/초밀착 세럼팩] 메디힐 랩핑 세럼 마스크 10매 6종,메디힐,"㈜엘에스화장품, 주식회사 씨엔에프",엘앤피코스메틱㈜,high,A000000229695,olive_crwl_products,,,,,,,"[마데카소사이드] 정제수, 글리세린, 부틸렌글라이콜, 나이아신아마이드, 프로판다이올, 다이프로필렌글라이콜, 1,2-헥산다이올, 글리세레스-26, 하이드록시아세토페논, 카보머, 알지닌, 카놀라오일, 폴리글리세릴-10라우레이트, 병풀추출물, 해바라기씨오일, 다이소듐이디티에이, 폴리글리세릴-4라우레이트, 잔탄검, 메도우폼씨오일, 마데카소사이드, 폴리글리세릴-10스테아레이트, 아르간커넬오일, 연필향나무오일, 서양배추출물, 판토락톤, 호호바씨오일, 다마스크장미꽃수, 광곽향오일, 글리세릴글루코사이드, 병풀잎추출물, 아이리쉬모스추출물, 오리스뿌리추출물, 멜론추출물, 불가리스쑥오일, 서양송악잎/줄기추출물, 로즈마리잎오일, 흰목이버섯폴리사카라이드, 밤부사 불가리스잎추출물, 아마씨추출물, 향부자추출물, 하이드로제네이티드레시틴, 판테놀, 판토테닉애씨드, 소듐하이알루로네이트, 에틸헥실글리세린, 수국잎추출물, 아시아틱애씨드, 아시아티코사이드, 마데카식애씨드 

[티트리] 정제수, 다이프로필렌글라이콜, 프로판다이올, 글리세린, 글리세레스-26, 티트리추출물, 티트리잎추출물, 1,2-헥산다이올, 소듐하이알루로네이트, 하이드록시아세토페논, 알지닌, 카보머, 폴리글리세릴-10라우레이트, 에틸헥실글리세린, 티트리꽃/잎/줄기추출물, 폴리글리세릴-4라우레이트, 베타인, 트레할로오스, 잔탄검, 아데노신, 다이소듐이디티에이, 티트리잎오일, 부틸렌글라이콜, 하이드로제네이티드레시틴, 4-터피네올, 흰목이버섯폴리사카라이드, 밤부사 불가리스잎추출물, 아마씨추출물, 아이리쉬모스추출물, 향부자추출물, 징크피씨에이, 수국잎추출물 

[PDRN] 정제수, 글리세린, 다이프로필렌글라이콜, 부틸렌글라이콜, 나이아신아마이드, 글리세레스-26, 프로판다이올, 스쿠알란, 다마스크장미꽃수, 1,2-헥산다이올, 하이드록시아세토페논, 폴리글리세릴-10라우레이트, 카보머, 알지닌, 카놀라오일, 판테놀, 폴리글리세린-3, 해바라기씨오일, 에틸헥실글리세린, 메도우폼씨오일, 폴리글리세릴-10스테아레이트, 하이드로제네이티드레시틴, 아데노신, 잔탄검, 아르간커넬오일, 폴리글리세릴-4라우레이트, 다이소듐이디티에이, 소듐폴리아크릴레이트, 편백오일, 검정콩추출물, 장미추출물, 다마스크장미꽃오일, 판토락톤, 글리세릴글루코사이드, 덱스트린, 치자추출물, 사이아노코발아민, 흰목이버섯폴리사카라이드, 밤부사 불가리스잎추출물, 아마씨추출물, 판토테닉애씨드, 소듐하이알루로네이트, 소듐디엔에이, 소듐아세테이트, 다이펩타이드-2, 팔미토일다이펩타이드-7   

[비타민] 정제수, 나이아신아마이드, 글리세린, 다이프로필렌글라이콜, 프로판다이올, 부틸렌글라이콜, 1,2-헥산다이올, 판테놀, 하이드록시아세토페논, 알지닌, 카보머, 폴리글리세릴-10라우레이트, 폴리글리세릴-4라우레이트, 판토락톤, 아데노신, 잔탄검, 다이소듐이디티에이, 토코페롤, 3-O-에틸아스코빅애씨드, 글리세릴글루코사이드, 아스코빅애씨드, 오렌지껍질추출물, 황련추출물, 센티드제라늄수, 다마스크장미꽃수, 흰목이버섯폴리사카라이드, 밤부사 불가리스잎추출물, 아마씨추출물, 센티드제라늄꽃오일, 유칼립투스잎수, 소듐하이알루로네이트, 향부자추출물, 판토테닉애씨드, 바추잎잎추출물, 에틸헥실글리세린, 아이리쉬모스추출물, 갈바눔수지오일, 하이드로제네이티드레시틴, 하이알루로닉애씨드, 하이드롤라이즈드하이알루로닉애씨드, 하이드롤라이즈드소듐하이알루로네이트, 하이드록시프로필트라이모늄하이알루로네이트, 포타슘하이알루로네이트, 소듐하이알루로네이트크로스폴리머, 레몬씨오일, 수국잎추출물, 펜틸렌글라이콜, 소듐아세틸레이티드하이알루로네이트, 베타인살리실레이트, 카프릴로일살리실릭애씨드, 시트릭애씨드, 락토바이오닉애씨드, 다이메틸실란올하이알루로네이트, 소듐하이알루로네이트다이메틸실란올 

[콜라겐] 정제수, 글리세린, 메틸프로판다이올, 부틸렌글라이콜, 나이아신아마이드, 하이드롤라이즈드익스텐신, 1,2-헥산다이올, 트라이에틸헥사노인, 다이글리세린, 카프릴릭/카프릭트라이글리세라이드, 하이드록시아세토페논, 카보머, 프로판다이올, 알지닌, 잔탄검, 다이프로필렌글라이콜, 시어버터, 폴리글리세릴-10라우레이트, 폴리아크릴레이트-13, 아데노신, 다이소듐이디티에이, 하이드로제네이티드레시틴, 하이드로제네이티드폴리아이소부텐, 하이드롤라이즈드옥수수전분, 폴리글리세릴-10스테아레이트, 돌콩추출물, 카라멜, 스위트아몬드오일, 에틸헥실팔미테이트, 센티드제라늄꽃오일, 솔비탄아이소스테아레이트, 아이리쉬모스추출물, 라벤더오일, 레틴알, 캐모마일꽃오일, 해수, 오렌지껍질오일, 멕시칸주니퍼오일, 레티놀, 레티닐팔미테이트, 글리세릴글루코사이드, 향부자추출물, 흰목이버섯폴리사카라이드, 소듐하이알루로네이트, 소듐아세테이트, 소엽잎추출물, 서양민들레뿌리줄기/뿌리추출물, 엘라스틴, 수국잎추출물, 다이펩타이드-2, 팔미토일다이펩타이드-7 아세틸헥사펩타이드-8, 카퍼트라이펩타이드-1, 헥사펩타이드-9, 노나펩타이드-1, 팔미토일펜타펩타이드-4, 팔미토일테트라펩타이드-7, 판테놀, 트라이펩타이드-1, 세라마이드엔피  

[히알루론산] 정제수,글리세린,프로판다이올,나이아신아마이드,1,2-헥산다이올,부틸렌글라이콜,다이프로필렌글라이콜,소듐하이알루로네이트(10,100 ppm),폴리글리세린-3,글리세릴글루코사이드,판테놀,하이드록시아세토페논,알지닌,카보머,아데노신,아이리쉬모스추출물,폴리글리세릴-10라우레이트,잔탄검,폴리글리세릴-4라우레이트,다이소듐이디티에이,옥틸도데세스-16,스쿠알란,글루코오스,유칼립투스잎오일,해수,베르가모트오일,글루타티온,하이드로제네이티드레시틴,향부자추출물,글리세릴시트레이트/락테이트/리놀리에이트/올리에이트,서양민들레뿌리줄기/뿌리추출물,소엽잎추출물,수국잎추출물,폴리글리세릴-10미리스테이트,다이메틸실란올하이알루로네이트(10 ppb),소듐아세틸레이티드하이알루로네이트(10 ppb),소듐하이알루로네이트다이메틸실란올(10 ppb),소듐하이알루로네이트크로스폴리머(10 ppb),카프릴릭/카프릭트라이글리세라이드,포타슘하이알루로네이트(10 ppb),하이드록시프로필트라이모늄하이알루로네이트(10 ppb),하이드롤라이즈드소듐하이알루로네이트(10 ppb),하이드롤라이즈드하이알루로닉애씨드(10 ppb),하이알루로닉애씨드(10 ppb),피토스테롤,글루코노락톤,세라마이드엔피"
sheetMask_23,sheetMask,[NEW/속수분장벽] 빌리프 아쿠아 밤 판테놀 이지에프 수딩 배리어 겔 마스크 3매 기획(+1매 증정) / 1매 단품,빌리프,(주)엔코스,엘지생활건강,high,A000000255523,olive_crwl_products,,,,,,,"정제수, 글리세린, 부틸렌글라이콜, 세틸에틸헥사노에이트, 1,2-헥산다이올, 다이글리세린, 아이리쉬모스, 캐롭검, 셀룰로오스검, 에틸헥실올리베이트, 에리스리톨, 시어버터, 아이리쉬모스가루, 판테놀 (2,000ppm), 트레할로오스, 포타슘클로라이드, 수크로오스, 잔탄검, 사카라이드아이소머레이트, 폴리글리세릴-10라우레이트, 글리세릴스테아레이트, 알란토인, 소듐아크릴레이트코폴리머, 폴리글리세릴-4올리에이트, 에틸헥실글리세린, 덱스트린, 다이소듐이디티에이, 레몬밤꽃/잎/줄기수*, 로즈마리잎수*, 오렌지껍질오일+, 나이아신아마이드, 라임전초오일+, 치자추출물, 펜틸렌글라이콜, 센티드제라늄꽃오일+, 로즈마리잎오일+, 유칼립투스잎추출물*, 소듐하이알루로네이트, 폴스애플민트잎추출물*, 로즈힙열매추출물*, 소듐하이알루로네이트크로스폴리머, 하이드롤라이즈드하이알루로닉애씨드, 하이알루로닉애씨드, 타임잎추출물*, 토코페롤, 하이드롤라이즈드소듐하이알루로네이트, 에스에이치-올리고펩타이드-1 (0.01ppb), 비터오렌지껍질오일, 리모넨

* 표시: belif original formula
+ 표시: 식물 유래 향"
sheetMask_24,sheetMask,[7월올영픽/쿨링붓기완화] 프리메라 3C히알루론산 메가-샷 겔마스크 4+1매 기획/단품,프리메라,㈜아모레퍼시픽,㈜아모레퍼시픽,high,A000000259699,olive_crwl_products,,,,,,,"정제수, 글리세린, 부틸렌글라이콜, 세틸에틸헥사노에이트, 나이아신아마이드, 1,2-헥산다이올, 카라기난, 캐롭검, 카페인, 아이리쉬모스가루,카프릴릭/카프릭트라이글리세라이드, 에틸헥실올리베이트, 셀룰로오스검, 에리스리톨, 포타슘클로라이드, 수크로오스, 잔탄검, 글리세릴스테아레이트, 소듐아크릴레이트코폴리머, 사카라이드아이소머레이트, 아이리쉬모스추출물, 글루코만난, 폴리글리세릴-4올리에이트, 에틸헥실글리세린, 덱스트린, 아가, 하이알루로닉애씨드(100ppm), 젤란검, 소듐파이테이트, 멘틸락테이트, 시어버터, 에틸멘탄카복사마이드,치자추출물, 메틸다이아이소프로필프로피온아마이드, 소듐하이알루로네이트, 세라마이드엔피, 마데카소사이드, 구아이아줄렌, 피토스핑고신, 유비퀴논, 소듐하이알루로네이트크로스폴리머-6, 토코페롤, 글리세릴카프릴레이트, 병풀추출물"
sheetMask_25,sheetMask,[10매/5종] 아비브 껌딱지 시트 마스크 스티커 10매 (어성초/수분초/마데카소사이드/콜라겐밀크/비타),아비브,(주)이미인,(주)포컴퍼니,high,A000000188024,olive_crwl_products,,,,,,,"[어성초스티커]
정제수, 다이프로필렌글라이콜, 글리세린, 글리세레스-26, 하이드록시아세토페논, 폴리글리세릴-10라우레이트, 카프릴릴글라이콜, 알지닌, 카보머, 잔탄검, 1,2-헥산다이올, 에틸헥실글리세린, 소듐하이알루로네이트, 알란토인, 판테놀, 약모밀추출물(60 ppm), 부틸렌글라이콜, 다이포타슘글리시리제이트, 로즈마리잎추출물, 하이드로제네이티드레시틴, 나이아신아마이드, 판토락톤, 티트리추출물, 아시아티코사이드, 아시아틱애씨드, 마데카식애씨드, 쿼세틴, 바이오플라보노이드, 탄닉애씨드, 다이소듐이디티에이
[마데카소사이드스티커]
정제수, 다이프로필렌글라이콜, 부틸렌글라이콜, 글리세린, 하이드록시아세토페논, 카프릴릴글라이콜, 폴리글리세릴-10라우레이트, 알지닌, 카보머, 에틸헥실글리세린, 셀룰로오스검, 1,2-헥산다이올, 알란토인, 폴리쿼터늄-51, 베타인, 소듐하이알루로네이트, 판테놀, 마데카소사이드(50 ppm), 다이포타슘글리시리제이트, 병풀추출물, 로즈마리잎추출물, 하이드로제네이티드레시틴, 옥틸도데칸올, 나이아신아마이드, 판토락톤, 엑토인, 세라마이드엔피, 아시아티코사이드, 아시아틱애씨드, 마데카식애씨드, 다이소듐이디티에이
[밀크스티커]
정제수, 다이프로필렌글라이콜, 나이아신아마이드, 글리세린, 아이소펜틸다이올, 세테아릴에틸헥사노에이트, 부틸렌글라이콜, 폴리글리세릴-3메틸글루코오스다이스테아레이트, 판테놀, 1,2-헥산다이올, 글리세릴스테아레이트에스이, 네오펜틸글라이콜다이헵타노에이트, 카보머, 글리세릴카프릴레이트, 락토바실러스/소이밀크발효여과물(980 ppm), 트로메타민, 잔탄검, 에틸헥실글리세린, 메틸글루코오스세스퀴스테아레이트, 아데노신, 모란뿌리추출물, 병풀추출물, 마트리카리아꽃추출물, 판토락톤, 로즈마리잎추출물, 하이드로제네이티드레시틴, 아시아티코사이드, 아시아틱애씨드, 마데카식애씨드, 폴리글리세릴-10라우레이트, 콜라겐추출물(10 ppb), 트라이펩타이드-1, 카퍼트라이펩타이드-1, 아세틸테트라펩타이드-5, 아세틸테트라펩타이드-2, 팔미토일펜타펩타이드-4, 팔미토일트라이펩타이드-1, 헥사펩타이드-9, 헥사펩타이드-11, 팔미토일트라이펩타이드-5, 다이소듐이디티에이
[비타스티커]
정제수, 다이프로필렌글라이콜, 글리세린, 나이아신아마이드, 글리세레스-26, 하이드록시아세토페논, 폴리글리세릴-10라우레이트, 카프릴릴글라이콜, 알지닌, 카보머, 잔탄검, 에틸헥실글리세린, 1,2-헥산다이올, 부틸렌글라이콜, 알란토인, 소듐하이알루로네이트, 아스코빅애씨드(100 ppm), 자몽추출물, 판테놀, 다이포타슘글리시리제이트, 토코페릴아세테이트(10 ppm), 로즈마리잎추출물, 하이드로제네이티드레시틴, 판토락톤, 사이아노코발아민(1 ppm), 아시아티코사이드, 글루타티온, 아시아틱애씨드, 마데카식애씨드, 다이소듐이디티에이
[수분초히알루론스티커]
정제수, 다이프로필렌글라이콜, 부틸렌글라이콜, 메틸프로판다이올, 글리세린, 프로판다이올, 글리세릴글루코사이드, 하이드록시아세토페논, 폴리글리세릴-10라우레이트, 카프릴릴글라이콜, 알지닌, 카보머, 1,2-헥산다이올, 에틸헥실글리세린, 셀룰로오스검, 자일리틸글루코사이드, 안하이드로자일리톨, 자일리톨, 소듐하이알루로네이트(100 ppm), 글루코오스, 돌나물추출물(100 ppm), 판테놀, 하이알루로닉애씨드(10 ppm), 다이포타슘글리시리제이트, 메틸다이아이소프로필프로피온아마이드, 멘틸락테이트, 로즈마리잎추출물, 하이드로제네이티드레시틴, 나이아신아마이드, 판토락톤, 소듐구아이아줄렌설포네이트, 벤질글라이콜, 하이드롤라이즈드글라이코사미노글리칸(0.56 ppm), 소듐하이알루로네이트크로스폴리머(0.1 ppm), 하이드롤라이즈드하이알루로닉애씨드(0.052 ppm), 아시아티코사이드, 아시아틱애씨드, 마데카식애씨드, 하이드록시프로필트라이모늄하이알루로네이트(0.012 ppm), 소듐아세틸레이티드하이알루로네이트(0.0002 ppm), 다이소듐이디티에이"
sheetMask_26,sheetMask,[10매] 넘버즈인 마스크팩 10매 기획 5종 중 택 1,넘버즈인,"[1번] 씨엔에프(주), [2번](주)이미인, [3번] 삼성메디코스(주), [4번] 한국콜마(주), [5번] (주)씨엔에프",(주)비나우,high,A000000205979,olive_crwl_products,,,,,,,"[1번] 정제수,메틸프로판다이올,나이아신아마이드,글리세린,1,2-헥산다이올,부틸렌글라이콜,베타인,판테놀,알란토인,도둑놈의지팡이뿌리추출물,카보머,트레할로오스,트로메타민,에틸헥실글리세린,잔탄검,다이포타슘글리시리제이트,소듐파이테이트,인도멀구슬나무잎추출물,인도멀구슬나무꽃추출물,병풀추출물,소듐하이알루로네이트,아이비고드열매추출물,가지열매추출물,하이드롤라이즈드하이알루로닉애씨드,프로판다이올,홀리바질잎추출물,감초뿌리추출물,판토테닉애씨드,울금뿌리추출물,참산호말추출물,약모밀추출물,글리세릴올리에이트,소듐아세틸레이티드하이알루로네이트,하이드로제네이티드레시틴,라우릴글루코사이드,미리스틸글루코사이드,폴리글리세릴-6라우레이트,베타-글루칸,토코페롤,데실글루코사이드,알파-알부틴,하이알루로닉애씨드,징크피씨에이,시트릭애씨드,호호바씨오일,녹차추출물,병풀잎추출물,오카무라큰실말추출물,흰버드나무껍질추출물,커피콩추출물,베타-시토스테롤,폴리글리세릴-10스테아레이트,아시아티코사이드,마데카소사이드,아시아틱애씨드,마데카식애씨드,베르가모트잎추출물,소나무잎추출물


[2번] 콜라겐수,정제수,다이프로필렌글라이콜,부틸렌글라이콜,나이아신아마이드,1,2-헥산다이올,다이메티콘,피이지-240/에이치디아이코폴리머비스-데실테트라데세스-20에터,세테아릴올리베이트,암모늄아크릴로일다이메틸타우레이트/브이피코폴리머,하이드록시에틸셀룰로오스,솔비탄올리베이트,에틸헥실글리세린,아데노신,콜라겐,인도멀구슬나무꽃추출물,아이비고드열매추출물,인도멀구슬나무잎추출물,가지열매추출물,소듐디엔에이,포타슘라우레이트 ,글리세린,비에이치티,알로에베라꽃추출물,홀리바질잎추출물,참산호말추출물,울금뿌리추출물,폴리글리세릴-10올리에이트,하이드로제네이티드폴리아이소부텐,옥틸도데칸올,하이드로제네이티드레시틴,폴리글리세릴-10라우레이트,다마스크장미추출물,폴리락틱애씨드,하이알루로닉애씨드,트라이펩타이드-1,실리카,카퍼트라이펩타이드-1,팔미토일트라이펩타이드-1,헥사펩타이드-9,헥사펩타이드-11,아세틸테트라펩타이드-5,아세틸테트라펩타이드-2,팔미토일펜타펩타이드-4,지모뿌리추출물,팔미토일트라이펩타이드-5,토코페롤,다이소듐이디티에이

[3번] 정제수, 비피다발효용해물, 갈락토미세스발효여과물, 메틸글루세스-20, 글리세레스-26, 글리세린, 나이아신아마이드, 피이지-90, 1,2-헥산다이올, 페퍼민트잎추출물, 버지니아풍년화추출물, 녹차추출물, 캐모마일꽃추출물, 레몬그라스잎오일, 솔잣나무가지/잎오일, 오렌지껍질오일, 라벤더오일, 로즈마리잎오일, 아틀라스시다나무껍질오일, 알테로모나스발효추출물, 염소유추출물, 실크추출물, 스쿠알란, 소듐하이알루로네이트, 판테놀, 부틸렌글라이콜, 폴리글리세릴-3메틸글루코오스다이스테아레이트, 폴리글리세릴-3다이스테아레이트, 글리세릴스테아레이트시트레이트, 글리세릴스테아레이트에스이, 카프릴릴글라이콜, 옥틸도데세스-16, 잔탄검, 카보머, 트로메타민, 에탄올, 에틸헥실글리세린, 아데노신, 다이소듐이디티에이, 리모넨, 리날룰, 시트랄

[4번] 정제수, 메틸프로판다이올, 다이프로필렌글라이콜, 티트리잎추출물, 다시마추출물, 한련초잎추출물, 베르가못잎추출물, 아이슬란드이끼추출물, 병풀추출물, 호장근뿌리추출물, 황금추출물, 녹차추출물, 당느릅나무뿌리추출물, 스페인감초뿌리추출물, 알로에베라잎추출물, 제비꽃꽃추출물, 참마뿌리추출물, 로즈마리잎추출물, 마트리카리아꽃추출물, 티트리잎오일, 하이드로제네이티드레시틴, 옥틸도데세스-16, 판테놀, 카보머, 트로메타민, 부틸렌글라이콜, 잔탄검, 아데노신, 다이소듐이디티에이, 메틸다이아이소프로필프로피온아마이드, 글리세린, 프룩토올리고사카라이드, 베타-글루칸, 하이드롤라이즈드하이알루로닉애씨드, 1,2-헥산다이올, 하이드록시아세토페논

[5번] 정제수, 메틸프로판다이올, 나이아신아마이드, 피이지/피피지-17/6코폴리머, 황련뿌리추출물, 1,2-헥산다이올, 하이드록시아세토페논, 하이드록시에틸우레아, 아이소펜틸다이올, 메틸글루세스-20, 카보머, 알지닌, 알란토인, 소듐아스코빌포스페이트, 글루타티온, 하이드로제네이티드레시틴, 피이지-60하이드로제네이티드캐스터오일, 잔탄검, 아데노신, 에틸헥실글리세린, 소듐폴리아크릴레이트, 부틸렌글라이콜, 병풀추출물, 다이소듐이디티에이, 하이드록시에틸셀룰로오스, 메틸다이아이소프로필프로피온아마이드, 폴리글루타믹애씨드, 프로테아제, 세라마이드엔피, 아스코빅애씨드, 알부틴, 비사보롤, 하이알루로닉애씨드"
sheetMask_27,sheetMask,[초밀착 세럼팩] 메디힐 랩핑 세럼 마스크 1매 6종,메디힐,㈜엘에스화장품,엘앤피코스메틱㈜,high,A000000229694,olive_crwl_products,,,,,,,"정제수, 글리세린, 부틸렌글라이콜, 나이아신아마이드, 프로판다이올, 다이프로필렌글라이콜, 1,2-헥산다이올, 글리세레스-26, 하이드록시아세토페논, 카보머, 알지닌, 카놀라오일, 폴리글리세릴-10라우레이트, 병풀추출물, 해바라기씨오일, 다이소듐이디티에이, 폴리글리세릴-4라우레이트, 잔탄검, 메도우폼씨오일, 마데카소사이드, 폴리글리세릴-10스테아레이트, 아르간커넬오일, 연필향나무오일, 서양배추출물, 판토락톤, 호호바씨오일, 다마스크장미꽃수, 광곽향오일, 글리세릴글루코사이드, 병풀잎추출물, 아이리쉬모스추출물, 오리스뿌리추출물, 멜론추출물, 불가리스쑥오일, 서양송악잎/줄기추출물, 로즈마리잎오일, 흰목이버섯폴리사카라이드, 밤부사 불가리스잎추출물, 아마씨추출물, 향부자추출물, 하이드로제네이티드레시틴, 판테놀, 판토테닉애씨드, 소듐하이알루로네이트, 에틸헥실글리세린, 수국잎추출물, 아시아틱애씨드, 아시아티코사이드, 마데카식애씨드"
sheetMask_28,sheetMask,[1등마스크|콜라겐&탄력] 바이오힐보 프로바이오덤 마스크팩 대용량 기획 3종,바이오힐보,"㈜코바스, 코스맥스㈜","㈜코바스, 코스맥스㈜",high,A000000226508,olive_crwl_products,,,,,,,"[3D 리프팅 크림 마스크] : 정제수, 글리세린, 메틸프로판다이올, 카프릴릭/카프릭트라이글리세라이드, 세틸에틸헥사노에이트, 다이프로필렌글라이콜, 락토바실러스발효물, 소듐디엔에이, 하이드롤라이즈드콜라겐, 아세틸다이펩타이드-1세틸에스터, 다이펩타이드다이아미노부티로일벤질아마이드다이아세테이트, 헥사펩타이드-2, 아세틸헥사펩타이드-8, 팔미토일트라이펩타이드-1, 아스코빅애씨드폴리펩타이드, 팔미토일테트라펩타이드-7, 아세틸옥타펩타이드-3, 아세틸테트라펩타이드-2, 아세틸테트라펩타이드-3, 아세틸테트라펩타이드-5, 아세틸테트라펩타이드-9, 카퍼트라이펩타이드-1, 노나펩타이드-1, 팔미토일펜타펩타이드-4, 팔미토일트라이펩타이드-5, 세라마이드엔피, 암모늄아크릴로일다이메틸타우레이트/브이피코폴리머, 아크릴레이트/C10-30알킬아크릴레이트크로스폴리머, 아데노신, 백미꽃추출물, 판테놀, 토코페롤, 알란토인, 풀루란, 타피오카전분, 녹두싹추출물, 밀싹추출물, 브로콜리싹추출물, 진흙버섯추출물, 접시꽃추출물, 허니로커스트씨추출물, 키토산, 부틸렌글라이콜, 하이드록시아세토페논, 폴리글리세릴-6스테아레이트, 세테아릴올리베이트, 1,2-헥산다이올, 솔비탄올리베이트, 트레할로오스, 트로메타민, 프로판다이올, 에틸헥실글리세린, 카프릴릴글라이콜, 폴리글리세릴-6베헤네이트, 폴리글리세릴-10아이소스테아레이트, 폴리글리세릴-10올리에이트, 하이드로제네이티드폴리아이소부텐, 소듐파이테이트, 사이아노코발아민, 베타인, 프룩토올리고사카라이드, 베타-글루칸, 프룩탄, 솔비탄라우레이트, 펜틸렌글라이콜, 하이드록시에틸셀룰로오스, 이눌린, 소듐락테이트, 폴리솔베이트20, 글리세릴카프릴레이트, 하이드로제네이티드레시틴, 콜레스테롤, 바이오틴, 카르노신, 카페인, 잔탄검, 카보머, 향료 

[콜라겐 리모델링 세럼 겔 마스크] : 정제수, 글리세린, 메틸프로판다이올, 아크릴레이트/에틸헥실아크릴레이트코폴리머, 1,2-헥산다이올, 아이리쉬모스가루, 캐롭검, 지치뿌리추출물, 카카오추출물, 락토바실러스발효물, 콜라겐, 콜라겐추출물, 수용성콜라겐, 베타인, 부틸렌글라이콜, 글리세레스-26, 하이드록시아세토페논, 하이드록시에틸우레아, 카프릴릭/카프릭트라이글리세라이드, 알란토인, 셀룰로오스검, 판테놀, 포타슘클로라이드, 글루코만난, 구아검, 에틸헥실글리세린, 덱스트린, 다이포타슘글리시리제이트, 트레할로오스, 폴리글리세릴-10라우레이트, 프로판다이올, 젤란검, 아가, 다이팔미토일하이드록시프롤린, 글라이코젠, 하이드롤라이즈드글라이코사미노글리칸, 매스틱검, 알지닌, 하이드로제네이티드레시틴, 하이드롤라이즈드엘라스틴, 프룩토올리고사카라이드, 아세틸헥사펩타이드-8, 베타-글루칸, 아스코빅애씨드폴리펩타이드, 프룩탄, 이눌린, 아세틸옥타펩타이드-3, 아세틸테트라펩타이드-2, 아세틸테트라펩타이드-3, 아세틸테트라펩타이드-5, 아세틸테트라펩타이드-9, 카르노신, 카퍼트라이펩타이드-1, 노나펩타이드-1, 팔미토일펜타펩타이드-4, 팔미토일트라이펩타이드-1, 팔미토일트라이펩타이드-5, 잔탄검, 페네틸알코올, 구아이아줄렌

[콜라겐 리모델링 세럼 마스크] : 정제수, 메틸프로판다이올, 글리세린, 부틸렌글라이콜, 하이드록시아세토페논, 판테놀, 카보머, 프로판다이올, 알란토인, 트로메타민, 폴리글리세릴-10아이소스테아레이트, 카프릴릴글라이콜, 에틸헥실글리세린, 아데노신, 잔탄검, 폴리글리세릴-10올리에이트, 소듐파이테이트, 1,2-헥산다이올, 소듐하이알루로네이트, 베타인, 다이포타슘글리시리제이트, 트레할로오스, 사이아노코발아민, 백미꽃추출물, 락토바실러스발효물, 접시꽃추출물, 토코페롤, 콜라겐(0.04ppm), 콜라겐추출물(0.04ppm), 알지닌, 수용성콜라겐(0.02ppm), 다이펩타이드-15, 다이프로필렌글라이콜, 프룩토올리고사카라이드, 하이드롤라이즈드하이알루로닉애씨드, 하이드롤라이즈드글라이코사미노글리칸, 펜틸렌글라이콜, 베타-글루칸, 프룩탄, 하이드로제네이티드레시틴, 콜레스테롤, 하이드롤라이즈드콜라겐(0.01ppb), 이눌린, 세라마이드엔피, 하이드롤라이즈드엘라스틴, 아세틸헥사펩타이드-1, 콜라겐아미노산(0.000001ppb)"
sheetMask_29,sheetMask,[잡티톤업/미백] 구달 청귤 비타C 잡티케어 세럼마스크 알파 9매 기획 (+1매),구달,코스맥스㈜,㈜클리오,high,A000000229774,olive_crwl_products,,,,,,,"정제수,나이아신아마이드,부틸렌글라이콜,글리세레스-26,메틸프로판다이올,탄제린추출물,소듐하이알루로네이트,황련뿌리추출물,인도멀구슬나무꽃추출물,홀리바질잎추출물,인도멀구슬나무잎추출물,베르가모트오일,울금뿌리추출물,하이드롤라이즈드호호바에스터,참산호말추출물,백미꽃추출물,레몬껍질오일,접시꽃추출물,라벤더오일,일랑일랑꽃오일,오렌지껍질오일,유칼립투스잎추출물,흰목이버섯추출물,다이프로필렌글라이콜,하이드록시아세토페논,1,2-헥산다이올,트로메타민,프로판다이올,카프릴릴글라이콜,에틸헥실글리세린,아데노신,암모늄아크릴로일다이메틸타우레이트/브이피코폴리머,폴리글리세릴-10아이소스테아레이트,폴리글리세릴-10올리에이트,알란토인,아스코빅애씨드,하이드록시프로필사이클로덱스트린,글리세린,글루타티온,포타슘하이드록사이드,티옥틱애씨드,3-O-에틸아스코빅애씨드,소듐아스코빌포스페이트,아스코빌글루코사이드,토코페롤,유비퀴논,카보머,잔탄검,다이소듐이디티에이,카페인"
sheetMask_30,sheetMask,[15년연속 1위/4매] 메디힐 에센셜 마스크팩 고기능 7종 골라담기,메디힐,"㈜엘에스, ㈜이미인, ㈜코스맥스",엘앤피코스메틱㈜,high,A000000208231,olive_crwl_products,,,,,,,"[마데카소사이드] 정제수, 프로판다이올, 다이프로필렌글라이콜, 나이아신아마이드, 글리세린, 1,2-헥산다이올, 트레할로오스, 하이드록시아세토페논, 알지닌, 카보머, 폴리글리세릴-10라우레이트, 에틸헥실글리세린, 폴리글리세릴-4라우레이트, 잔탄검, 다이소듐이디티에이, 옥틸도데세스-16, 연필향나무오일, 마데카소사이드, 서양배추출물, 호호바씨오일, 다마스크장미꽃수, 광곽향오일, 글리세릴아크릴레이트/아크릴릭애씨드코폴리머, 오리스뿌리추출물, 멜론추출물, 불가리스쑥오일, 서양송악잎/줄기추출물, 로즈마리잎오일, 부틸렌글라이콜, 해수, 소듐하이알루로네이트, 병풀추출물, 소듐하이알루로네이트크로스폴리머, 하이드롤라이즈드글라이코사미노글리칸, 하이드로제네이티드레시틴, 향부자추출물, 벤질글라이콜, 하이드롤라이즈드하이알루로닉애씨드, 하이알루로닉애씨드, 판테놀, 세라마이드엔피

[PDRN] 정제수, 글리세린, 프로판다이올, 부틸렌글라이콜, 글리세레스-26, 1,2-헥산다이올, 다마스크장미추출물, 잔탄검, 카보머, 판테놀, 알지닌, 하이드록시아세토페논, 카놀라오일, 폴리글리세릴-10라우레이트, 아데노신, 해바라기씨오일, 메도우폼씨오일, 다이프로필렌글라이콜, 폴리글리세릴-4라우레이트, 폴리글리세릴-10스테아레이트, 다이소듐이디티에이, 하이드록시에틸셀룰로오스, 아르간커넬오일, 다마스크장미꽃수, 치자나무꽃추출물, 락토바실러스발효물, 양까막까치밥나무잎추출물, 첨차잎추출물, 해수, 서양송악잎/줄기추출물, 센티드제라늄꽃오일, 스쿠알란, 검정콩추출물, 무화과추출물, 밤껍질추출물, 버지니아풍년화잎수, 퀴노아씨추출물, 하이드로제네이티드레시틴, 향부자추출물, 밤부사 불가리스잎추출물, 아마씨추출물, 에틸헥실글리세린, 소듐디엔에이, 글루코노락톤, 세라마이드엔피 

[콜라겐] 정제수, 글리세린, 메틸프로판다이올, 프로판다이올, 1,2-헥산다이올, 하이드롤라이즈드익스텐신, 하이드록시아세토페논, 카보머, 알지닌, 잔탄검, 베타인, 트레할로오스, 아데노신, 폴리글리세릴-10라우레이트, 해수, 다이프로필렌글라이콜, 폴리글리세릴-4라우레이트, 다이소듐이디티에이, 옥틸도데세스-16, 소듐하이알루로네이트, 판테놀, 아미노부티릭애씨드, 부틸렌글라이콜, 스위트아몬드오일, 글리세릴글루코사이드, 소듐폴리아크릴레이트, 센티드제라늄꽃오일, 라벤더오일, 하이드로제네이티드레시틴, 흰목이버섯폴리사카라이드, 캐모마일꽃오일, 오렌지껍질오일, 소엽잎추출물, 서양민들레뿌리줄기/뿌리추출물, 멕시칸주니퍼오일, 엘라스틴, 향부자추출물, 카프릴릭/카프릭트라이글리세라이드, 아세틸헥사펩타이드-8, 카퍼트라이펩타이드-1, 헥사펩타이드-9, 노나펩타이드-1, 팔미토일펜타펩타이드-4, 팔미토일테트라펩타이드-7, 트라이펩타이드-1, 세라마이드엔피

[티트리] 정제수, 글리세린, 다이프로필렌글라이콜, 1,2-헥산다이올, 티트리추출물, 메틸프로판다이올, 프로판다이올, 하이드록시아세토페논, 알지닌, 카보머, 아미노부티릭애씨드, 부틸렌글라이콜, 잔탄검, 폴리글리세릴-10라우레이트, 아데노신, 폴리글리세릴-4라우레이트, 해수, 다이소듐이디티에이, 트루로즈오브예리코추출물, 티트리잎오일, 폴리쿼터늄-51, 하이드로제네이티드레시틴, 베르가모트오일, 티트리잎추출물, 4-터피네올, 글리세릴글루코사이드, 트레할로오스, 티트리꽃/잎/줄기추출물, 티트리잎수, 화이트티트리잎추출물, 서양민들레뿌리줄기/뿌리추출물, 소엽잎추출물, 향부자추출물, 소두구씨오일, 판테놀, 세라마이드엔피

[히알루론산] 정제수, 글리세린, 다이프로필렌글라이콜, 부틸렌글라이콜, 나이아신아마이드, 1,2-헥산다이올, 판테놀, 소듐하이알루로네이트, 알지닌, 카보머, 하이드록시아세토페논, 아미노부티릭애씨드, 잔탄검, 아데노신, 해수, 폴리글리세릴-10라우레이트, 다이소듐이디티에이, 서양배추출물, 폴리글리세릴-4라우레이트, 다마스크장미꽃수, 옥틸도데세스-16, 오리스뿌리추출물, 폴리쿼터늄-51, 멜론추출물, 서양송악잎/줄기추출물, 하이드로제네이티드레시틴, 향부자추출물, 소엽잎추출물, 서양민들레뿌리줄기/뿌리추출물, 스쿠알란, 카프릴릭/카프릭트라이글리세라이드, 다이메틸실란올하이알루로네이트, 글루코노락톤, 글루타티온, 하이알루로닉애씨드, 하이드롤라이즈드하이알루로닉애씨드, 하이드롤라이즈드소듐하이알루로네이트, 하이드록시프로필트라이모늄하이알루로네이트, 포타슘하이알루로네이트, 소듐아세틸레이티드하이알루로네이트, 소듐하이알루로네이트크로스폴리머, 소듐하이알루로네이트다이메틸실란올, 피토스테롤, 세라마이드엔피

[세라마이드] 정제수, 글리세린, 다이프로필렌글라이콜, 트라이에틸헥사노인, 프로판다이올, 시어버터, 글리세릴스테아레이트, 1,2-헥산다이올, 폴리글리세릴-3메틸글루코오스다이스테아레이트, 하이드록시아세토페논, 알지닌, 폴리글리세릴-10라우레이트, 아크릴레이트/C10-30알킬아크릴레이트크로스폴리머, 폴리글리세릴-4라우레이트, 잔탄검, 에틸헥실글리세린, 향료, 팔미틱애씨드, 카보머, 스테아릭애씨드, 세라마이드엔피, 아데노신, 다이소듐이디티에이, 서양배추출물, 부틸렌글라이콜, 다마스크장미꽃수, 판테놀, 오리스뿌리추출물, 멜론추출물, 서양송악잎/줄기추출물, 글라이신, 글루타믹애씨드, 아스파틱애씨드, 소듐폴리아크릴레이트, 소듐클로라이드, 향부자추출물, 엑토인, 히스티딘, 세린, 시트릭애씨드, 알라닌, 프롤린, 트레오닌, 마그네슘클로라이드, 칼슘클로라이드, 세라마이드에이피, 세라마이드이오피, 세라마이드엔에스

[비타민씨] 정제수, 프로판다이올, 나이아신아마이드(30,000 ppm), 글리세린, 1,2-헥산다이올, 다이프로필렌글라이콜, 귤껍질추출물(2,000 ppm), 비타민나무추출물(2,000 ppm), 하이드록시아세토페논, 글리세릴글루코사이드, 알지닌, 카보머, 판테놀(1,300 ppm), 아미노부티릭애씨드, 하이드록시에틸우레아, 폴리글리세릴-10라우레이트, 잔탄검, 다이소듐이디티에이, 부틸렌글라이콜, 글리세릴아크릴레이트/아크릴릭애씨드코폴리머, 3-O-에틸아스코빅애씨드(50 ppm), 센티드제라늄꽃오일, 글루코오스, 시트로넬올, 해수, 바이오틴(24 ppm), 카르니틴에이치씨엘(24 ppm), 폴릭애씨드(24 ppm), 헤스페리딘(24 ppm), 메나다이온(24 ppm), 피리독신에이치씨엘(24 ppm), 리보플라빈(24 ppm), 티아민에이치씨엘(24 ppm), 토코페릴아세테이트(24 ppm), 제라니올, 황련추출물, 하이드로제네이티드레시틴, 아스코빅애씨드(5,000 ppb), 밤부사 불가리스잎추출물, 아마씨추출물, 향부자추출물, 에틸헥실글리세린, 소듐하이알루로네이트, 세라마이드엔피"
sunCream_01,sunCream,"[파데프리] 식물나라 뽀얀쌀 수분 선크림 100ml 단품 3종(생기,보라,초록)",식물나라,씨제이올리브영 주식회사,씨제이올리브영 주식회사,high,A000000217330,olive_crwl_products,,,,,,,"[보라 톤업]정제수,다이부틸아디페이트,프로판다이올,티타늄디옥사이드,디이소부틸아디페이트,부틸옥틸살리실레이트,카프릴릭/카프릭트라이글리세라이드,디에칠아미노하이드록시벤조일헥실벤조에이트,에칠헥실트리아존,다이카프릴릴카보네이트,나이아신아마이드,글리세린,디에칠헥실부타미도트리아존,1,2-헥산다이올,메틸트라이메티콘,귀리커넬추출물,아티초크잎추출물,쌀추출물,녹차수,하이드로제네이티드레시틴,펜틸렌글라이콜,다이메티콘/비닐다이메티콘크로스폴리머,폴리하이드록시스테아릭애씨드,브이피/에이코신코폴리머,암모늄폴리아크릴로일다이메틸타우레이트,스테아릭애씨드,메틸프로판다이올,소듐폴리아크릴로일다이메틸타우레이트,부틸렌글라이콜,알루미나,다이메티콘올,트라이실록세인,판테놀,하이드록시프로필메틸셀룰로오스스테아록시에터,소듐아크릴레이트/비닐알코올코폴리머,에틸헥실글리세린,폴리아크릴레이트크로스폴리머-6,아데노신,실리카,소듐아크릴릭애씨드/엠에이코폴리머,소듐폴리아크릴레이트,잔탄검,폴리쿼터늄-51,베타-글루칸,t-부틸알코올,카프릴릴글라이콜,트라이에톡시카프릴릴실레인,폴리에터-1,토코페롤,산소,향료,울트라마린
[생기톤업]정제수,다이부틸아디페이트,프로판다이올,티타늄디옥사이드,디이소부틸아디페이트,부틸옥틸살리실레이트,카프릴릭/카프릭트라이글리세라이드,디에칠아미노하이드록시벤조일헥실벤조에이트,에칠헥실트리아존,다이카프릴릴카보네이트,나이아신아마이드,메틸트라이메티콘,글리세린,다이메티콘/비닐다이메티콘크로스폴리머,디에칠헥실부타미도트리아존,1,2-헥산다이올,쌀추출물,펜틸렌글라이콜,폴리하이드록시스테아릭애씨드,암모늄폴리아크릴로일다이메틸타우레이트,스테아릭애씨드,부틸렌글라이콜,브이피/에이코신코폴리머,소듐폴리아크릴로일다이메틸타우레이트,다이메티콘올,트라이실록세인,알루미나,판테놀,하이드록시프로필메틸셀룰로오스스테아록시에터,실리카,소듐아크릴레이트/비닐알코올코폴리머,에틸헥실글리세린,폴리아크릴레이트크로스폴리머-6,아데노신,소듐폴리아크릴레이트,소듐아크릴릭애씨드/엠에이코폴리머,잔탄검,t-부틸알코올,카프릴릴글라이콜,폴리에터-1,토코페롤,트라이에톡시카프릴릴실레인,메틸프로판다이올,산소,향료,적색산화철
[초록톤업]
정제수, 부틸옥틸살리실레이트, 티타늄디옥사이드, 다이부틸아디페이트, 디이소부틸아디페이트, 카프릴릭/카프릭트라이글리세라이드, 디에칠아미노하이드록시벤조일헥실벤조에이트, 에칠헥실트리아존, 글리세린, 다이카프릴릴카보네이트, 나이아신아마이드, 메틸트라이메티콘, 1,2-헥산다이올, 디에칠헥실부타미도트리아존, 펜틸렌글라이콜, 프로판다이올, 귀리커넬추출물, 아티초크잎추출물, 동백나무씨추출물, 쌀추출물, 녹차수, 하이드로제네이티드레시틴, 2,3-부탄다이올, 실리카, 다이메티콘/비닐다이메티콘크로스폴리머, 라우릴락테이트, 브이피/에이코신코폴리머, 폴리메틸실세스퀴옥세인, 폴리하이드록시스테아릭애씨드, 셀룰로오스검, 암모늄폴리아크릴로일다이메틸타우레이트, 코코-카프릴레이트/카프레이트, 스테아릭애씨드, 메틸프로판다이올, 소듐폴리아크릴로일다이메틸타우레이트, 부틸렌글라이콜, 알루미나, 하이드록시프로필메틸셀룰로오스스테아록시에터, 에틸헥실글리세린, 판테놀, 소듐스테아로일글루타메이트, 폴리아크릴레이트크로스폴리머-6, 소듐아크릴레이트/비닐알코올코폴리머, 다이메티콘올, 트라이실록세인, 이눌린라우릴카바메이트, 아데노신, 소듐아크릴릭애씨드/엠에이코폴리머, 소듐폴리아크릴레이트, 3-O-에틸아스코빅애씨드, 잔탄검, 폴리쿼터늄-51, 트라이에톡시카프릴릴실레인, 베타-글루칸, t-부틸알코올, 카프릴릴글라이콜, 폴리에터-1, 메틸메타크릴레이트크로스폴리머, 토코페롤, 산소, 향료, 크로뮴옥사이드그린, 황색산화철, 피씨에이글리세릴올리에이트"
sunCream_02,sunCream,[1+1/수분썬] 라운드랩 자작나무 수분 선크림 50ml 더블 기획,라운드랩,서린컴퍼니㈜,서린컴퍼니㈜,high,A000000171650,olive_crwl_products,,,,,,,"정제수, 다이부틸아디페이트, 프로판다이올, 디에칠아미노하이드록시벤조일헥실벤조에이트, 폴리메틸실세스퀴옥세인, 에칠헥실트리아존, 나이아신아마이드, 메칠렌비스-벤조트리아졸릴테트라메칠부틸페놀, 코코-카프릴레이트/카프레이트, 카프릴릴메티콘, 디에칠헥실부타미도트리아존, 글리세린, 1,2-헥산다이올, 부틸렌글라이콜, 자작나무수액(1,425ppm), 소듐하이알루로네이트, 하이알루로닉애씨드, 글리세릴글루코사이드, 다이포타슘글리시리제이트, 알란토인, 쇠비름추출물, 개똥쑥추출물, 구주소나무잎오일, 캐모마일꽃오일, 아크릴레이트/C10-30알킬아크릴레이트크로스폴리머, 소듐스테아로일글루타메이트, 폴리아크릴레이트크로스폴리머-6, 에틸헥실글리세린, 아스코빅애씨드, 아데노신, 펜틸렌글라이콜, 베헤닐알코올, 폴리C10-30알킬아크릴레이트, 폴리글리세릴-3메틸글루코오스다이스테아레이트, 데실글루코사이드, 트로메타민, 잔탄검, t-부틸알코올, 토코페롤, 카보머"
sunCream_03,sunCream,[5중프루프] 식물나라 워터프루프 선 크림 100mL,식물나라,한국콜마,씨제이올리브영 주식회사,high,A000000151904,olive_crwl_products,,,,,,,"정제수, 사이클로펜타실록세인, 징크옥사이드, 호모살레이트, 에칠헥실살리실레이트, 폴리글리세릴-3폴리다이메틸실록시에틸다이메티콘, 부틸렌글라이콜다이카프릴레이트/다이카프레이트, 프로필헵틸카프릴레이트, 글리세린, 나이아신아마이드, 다이프로필렌글라이콜, 메틸메타크릴레이트크로스폴리머, 티타늄디옥사이드, 디에칠아미노하이드록시벤조일헥실벤조에이트, 부틸옥틸살리실레이트, 비스-에칠헥실옥시페놀메톡시페닐트리아진, 알로에베라잎추출물, 캐모마일꽃추출물, 가시대나무줄기추출물, 멕시칸치아씨추출물, 병풀추출물, 쇠비름추출물, 약모밀추출물, 울금뿌리추출물, 포트마리골드꽃추출물, 바오밥나무씨오일, 소듐하이알루로네이트, 달맞이꽃오일, 다이스테아다이모늄헥토라이트, 마그네슘설페이트, 칼슘알루미늄보로실리케이트, 솔비탄카프릴레이트, 폴리글리세릴-6폴리리시놀리에이트, 트라이에톡시카프릴릴실레인, 마이카, 스테아릭애씨드, 알루미늄하이드록사이드, 부틸렌글라이콜, 글리세릴카프릴레이트, 아데노신, 프로판다이올, 판테놀, 사카라이드하이드롤리세이트, 드럼스틱씨오일, 프로필렌글라이콜, 토코페롤, 산소, 1,2-헥산다이올, 향료, 에틸헥실글리세린, 펜틸렌글라이콜"
sunCream_04,sunCream,[1등 선크림/화잘먹] 구달 맑은 어성초 진정 수분 선크림 50ml 1+1 기획,구달,"한국콜마, (주)클리오",,확인 필요,A000000219553,olive_crwl_products,,,,,,,"정제수, 다이부틸아디페이트, 프로판다이올, 폴리메틸실세스퀴옥세인, 다이아이소프로필세바케이트, 디에칠아미노하이드록시벤조일헥실벤조에이트, 에칠헥실트리아존, 메칠렌비스-벤조트리아졸릴테트라메칠부틸페놀, 코코-카프릴레이트/카프레이트, 디에칠헥실부타미도트리아존, 부틸렌글라이콜, 글리세린, 1,2-헥산다이올, 카프릴릴메티콘, 약모밀추출물, 펜틸렌글라이콜, 베헤닐알코올, 폴리C10-30알킬아크릴레이트, 폴리글리세릴-3메틸글루코오스다이스테아레이트, 데실글루코사이드, 트로메타민, 카보머, 아크릴레이트/C10-30알킬아크릴레이트크로스폴리머, 소듐스테아로일글루타메이트, 폴리아크릴레이트크로스폴리머-6, 에틸헥실글리세린, 잔탄검, t-부틸알코올, 토코페롤"
sunCream_05,sunCream,[쿨톤보정] 달바 퍼플 톤업 선크림 듀오 기획 (50ml+50ml),달바,"(주)한국콜마, (주)비모뉴먼트",,확인 필요,A000000200614,olive_crwl_products,,,,,,,"정제수, 프로판다이올, 부틸옥틸살리실레이트, 다이카프릴릴카보네이트, 티타늄디옥사이드, 다이아이소프로필세바케이트, 2,3-부탄다이올, 
디에칠아미노하이드록시벤조일헥실벤조에이트, 폴리실리콘-15, 나이아신아마이드, 다이부틸아디페이트, 에칠헥실트리아존, 1,2-헥산다이올, 흰서양송로추출물, 아이비고드열매추출물, 한련초추출물, 별꽃추출물, 약모밀추출물, 쇠비름추출물, 바오밥나무잎추출물, 부들레야추출물, 올리브나무잎추출물, 타임추출물, 라벤더꽃추출물, 병풀추출물, 오렌지오일, 호호바씨오일, 필리핀오렌지껍질오일, 리씨열매오일, 살비아잎수, 수레국화꽃수, 펜틸렌글라이콜, 코코-카프릴레이트/카프레이트, 부틸렌글라이콜, 브이피/에이코신코폴리머, 메틸프로판다이올, 폴리글리세릴-2카프레이트, 글리세린, 수크로오스스테아레이트, 암모늄아크릴로일다이메틸타우레이트/브이피코폴리머, 폴리아크릴레이트크로스폴리머-6, 알루미나, 하이드록시프로필메틸셀룰로오스스테아록시에터, 폴리하이드록시스테아릭애씨드, 스테아릭애씨드, 에틸헥실글리세린, 이눌린라우릴카바메이트, 글리세릴카프릴레이트, 잔탄검, 트라이에톡시카프릴릴실레인, 아데노신, 스쿠알란, 폴리에터-1, 락토바실러스발효물, 토코페롤, 글루타티온, 알란토인, 판테놀, 타라검, 바이오사카라이드검-1, 하이드롤라이즈드하이알루로닉애씨드, 말토덱스트린, 포도주, 울트라마린, 리모넨, 시트랄"
sunCream_06,sunCream,[7월 올영픽/마스코트 파우치 증정] 메디힐 마데카소사이드 수분 선세럼 흔적 리페어 50g +50g 더블기획,메디힐,코스맥스㈜,엘앤피코스메틱㈜,high,A000000259586,olive_crwl_products,,,,,,,"전성분 정제수, 다이부틸아디페이트, 프로판다이올, 부틸옥틸살리실레이트, 에칠헥실트리아존, 메틸메타크릴레이트크로스 폴리머, 비스-에칠헥실옥시페놀메톡시페닐트리아진, 옥토크릴렌, 나이아신아마이드, 테레프탈릴리덴디캠퍼설포닉애씨드, 알지닌, 다이메티콘올, 메틸프로판다이올, 폴리메틸실세스퀴옥세인, 1,2-헥산다이올, 펜틸렌글라이콜, C11-13아이소알케인, 하이드록시에틸우레아, 부틸렌글라이콜, 베헤닐알코올, 폴리글리세릴-3메틸글루코오스다이스테아레이트, 다이프로필렌 글라이콜, 카보머, 아이소도데케인, 폴리C10-30알킬아크릴레이트, 다이메티콘/비닐다이메티콘크로스폴리머, 폴리에터-1, 스핑고모나스발효추출물, 에틸헥실글리세린, 병풀잎추출물(407 ppm), 아데노신, 서양배추출물, 소듐스테아로일글루타 메이트, 연필향나무오일, 마데카소사이드(200 ppm), 소듐하이알루로네이트, 다마스크장미꽃수, 멜론추출물, 오리스뿌리 추출물, 서양송악잎/줄기추출물, 호호바씨오일, 광곽향오일, 불가리스쑥오일, 마이크로크리스탈린셀룰로오스, 로즈마리잎 오일, 병풀추출물(4 ppm), 셀룰로오스검, 토코페롤, 하이드롤라이즈드하이알루로닉애씨드, 하이드롤라이즈드소듐하이알 루로네이트, 하이드록시프로필트라이모듐하이알루로네이트, 사과추출물, 에리스리톨, 글리세린, 판테놀, 솔비톨, 보검선인 장줄기추출물, 마데카식애씨드(0.04 ppb), 아시아틱애씨드(0.03 ppb), 아시아티코사이드(0.03 ppb), 효모발효여과물,
바이오사카라이드검-4, 다이소듐포스페이트, 다발방패버섯추출물"
sunCream_07,sunCream,[7월올영픽/무기자차] 닥터지 그린 마일드 업 선 플러스50ml 기획 (50ml+50ml+10ml) (선크림),닥터지,한국콜마(주),엘오케이(유),high,A000000180162,olive_crwl_products,,,,,,,"1. 그린마일드 업 선 플러스 50ml(본품+구성품)
정제수, 징크옥사이드, 프로판다이올, 부틸옥틸살리실레이트, 프로필헵틸카프릴레이트, 코코-카프릴레이트/카프레이트, 사이클로헥사실록세인, 카프릴릴메티콘, 아이소도데케인, 폴리글리세릴-3폴리다이메틸실록시에틸다이메티콘, 메틸트라이메티콘, 메틸메타크릴레이트크로스폴리머, 다이스테아다이모늄헥토라이트, 마그네슘설페이트, 트라이에톡시카프릴릴실레인, 1,2-헥산다이올, 폴리글리세릴-2다이폴리하이드록시스테아레이트, 라우릴폴리글리세릴-3폴리다이메틸실록시에틸다이메티콘, 폴리메틸실세스퀴옥세인, 글리세릴카프릴레이트, 카프릴릴글라이콜, 에틸헥실글리세린, 소듐하이알루로네이트, 부틸렌글라이콜, 토코페롤, 병풀추출물, 타라열매추출물, 프랑스해안송껍질추출물, 코토니추출물, 7-데하이드로콜레스테롤, 약모밀추출물, 엑토인, 밀몽화꽃추출물, 락토바실러스발효물, 하이드록시신나믹애씨드, 루틴"
sunCream_08,sunCream,[폼폼푸린 콜라보] 아떼 선 케어 골라담기 (수분촉촉 선에센스EX / 비건안심무기자차),아떼,"무기자차,톤업선에센_코스맥스(주)",㈜엘에프(LF corp),high,A000000225003,olive_crwl_products,,,,,,,"무기자차 선크림: 정제수, 징크옥사이드, 부틸옥틸살리실레이트, 프로필헵틸카프릴레이트, 사이클로헥사실록세인, 프로판다이올, 다이실록세인, 아이소도데케인, C15-19알케인, 카프릴릴메티콘, 세틸다이글리세릴트리스(트라이메틸실록시)실릴에틸다이메티콘, 나이아신아마이드, 소듐클로라이드, 글리세린, 비타민나무오일, 바실러스/소이빈발효추출물, 락토바실러스/호밀가루발효물, 락토바실러스/소이밀크발효여과물, 락토바실러스발효용해물, 소듐하이알루로네이트, 포도주, 병풀추출물, 하이알루로닉애씨드, 애플민트잎추출물, 녹차추출물, 타임잎추출물, 하이드롤라이즈드하이알루로닉애씨드, 메틸메타크릴레이트크로스폴리머, 다이스테아다이모늄헥토라이트, 폴리글리세릴-6폴리리시놀리에이트, 트라이에틸헥사노인, 폴리메틸실세스퀴옥세인, 트라이에톡시카프릴릴실레인, 1,2-헥산다이올, 폴리글리세릴-2다이폴리하이드록시스테아레이트, 판테놀, 라우릴다이메티콘/폴리글리세린-3크로스폴리머, 부틸렌글라이콜, 카프릴릴글라이콜, 글리세릴카프릴레이트, 아데노신, 다이프로필렌글라이콜, 토코페롤, 말토덱스트린, 소듐시트레이트, 타라검, 아이소말트, 락토바실러스, 하이드록시프로필트라이모늄하이알루로네이트, 아스코빅애씨드, 소듐아세틸레이티드하이알루로네이트, 하이드롤라이즈드소듐하이알루로네이트, 소듐하이알루로네이트크로스폴리머, 포타슘하이알루로네이트

선에센스: 정제수, 프로판다이올, 에칠헥실살리실레이트, 호모살레이트, 나이아신아마이드, 메틸트라이메티콘, 부틸옥틸살리실레이트, 비스-에틸헥실옥시페놀메톡시페닐트라이아진, 폴리메틸실세스퀴옥세인, 메칠렌비스-벤조트리아졸릴테트라메칠부틸페놀, 폴리실리콘-15, 디에칠아미노하이드록시벤조일헥실벤조에이트, 1,2-헥산다이올, 펜틸렌글라이콜, 카프릴릴메티콘, 다이부틸아디페이트, 글리세린, 실리카, 베헤닐알코올, 폴리글리세릴-3메틸글루코오스다이스테아레이트, 트로메타민, 데실글루코사이드, 소듐스테아로일글루타메이트, 카보머, 브이피/에이코신코폴리머, 아크릴레이트/C10-30알킬아크릴레이트크로스폴리머, 하이드로제네이티드폴리아이소부텐, 폴리C10-30알킬아크릴레이트, 하이드로제네이티드폴리사이클로펜타다이엔, 에틸헥실글리세린, 폴리아크릴레이트크로스폴리머-6, 소듐폴리아크릴레이트, 향료, 아데노신, 프로필렌글라이콜, 폴리에터-1, 잔탄검, 소듐하이알루로네이트, 꽃송이버섯추출물, 토코페롤, 글루타티온, 바이오틴, 소듐아스코빌포스페이트, 우레아, 판테놀, 엑토인, 3-O-에틸아스코빅애씨드, 베툴린, 카놀라오일, 옥틸도데칸올, 부틸렌글라이콜, 양까막까치밥나무씨오일, 카프릴릭/카프릭트라이글리세라이드, 밀몽화꽃추출물, 하이드로제네이티드레시틴, 폴리글리세릴-10다이아이소스테아레이트, 비파나무잎추출물, 당근씨오일, 해바라기씨오일불검화물, 해바라기씨오일, 베타-글루칸, 스피어민트추출물, 사이아노코발아민, 메나다이온, 당근추출물, 토코페릴아세테이트, 베타-카로틴, 풍선덩굴꽃/잎/덩굴추출물, 카프릴릴글라이콜, 별꽃추출물, 해바라기꽃추출물, 월귤추출물, 아세틸헥사펩타이드-1, 로즈마리잎추출물"
sunCream_09,sunCream,[청담샵PICK/원조화잘먹]프롬리에 EGF 워터 화잘먹 선앰플 56ml+30ml 기획/워터키링기획/단품,프롬리에,한국콜마,이닛컴퍼니 주식회사,high,A000000209372,olive_crwl_products,,,,,,,"[워터선앰플] 정제수, 다이부틸아디페이트, 프로판다이올, 부틸옥틸살리실레이트, 에칠헥실트리아존, 테레프탈릴리덴디캠퍼설포닉애씨드, 폴리글리세릴-3다이스테아레이트, 나이아신아마이드, 트로메타민, 1,2-헥산다이올, 디에칠아미노하이드록시벤조일헥실벤조에이트, 카프릴릴메티콘, 펜틸렌글라이콜, 폴리메틸실세스퀴옥세인, 폴리실리콘-15, 다시마추출물, 한련초잎추출물, 풍선덩굴꽃/잎/덩굴추출물, 병풀추출물, 하이드로제네이티드레시틴, 에키움플란타기네움씨오일, 글리세릴스테아레이트, 비스-에칠헥실옥시페놀메톡시페닐트리아진, 세테아릴알코올, 카보머, 암모늄아크릴로일다이메틸타우레이트/브이피코폴리머, 글리세린, 다이프로필렌글라이콜, 글리세릴스테아레이트시트레이트, 아크릴레이트/C10-30알킬아크릴레이트크로스폴리머, 소듐스테아로일글루타메이트, 에틸헥실글리세린, 옥틸도데칸올, 아데노신, 프룩토올리고사카라이드, 베타-글루칸, 에스에이치-올리고펩타이드-1, 하이드롤라이즈드하이알루로닉애씨드, 해바라기씨오일불검화물, 토코페롤

[보송선앰플] 정제수,다이부틸아디페이트,부틸옥틸살리실레이트,프로판다이올,변성알코올,에칠헥실트리아존,테레프탈릴리덴디캠퍼설포닉애씨드,폴리메틸실세스퀴옥세인,폴리글리세릴-3다이스테아레이트,나이아신아마이드,트로메타민,1,2-헥산다이올,부틸렌글라이콜,디에칠아미노하이드록시벤조일헥실벤조에이트,카프릴릴메티콘,펜틸렌글라이콜,폴리실리콘-15,스핑고모나스발효추출물,귀리커넬추출물,아티초크잎추출물,말라카이트추출물,병풀추출물,쇠비름추출물,노니추출물,약모밀추출물,녹차수,하이드로제네이티드레시틴,소듐하이알루로네이트,글리세릴스테아레이트,브이피/에이코신코폴리머,비스-에틸헥실옥시페놀메톡시페닐트라이아진,세테아릴알코올,메틸프로판다이올,글리세린,암모늄아크릴로일다이메틸타우레이트/브이피코폴 리머,카보머,글리세릴스테아레이트시트레이트,아크릴레이트/C10-30알킬아크릴레이트크로스폴리머,에틸헥실글리세린,소듐스테아로일글루타메이트,아데노신,폴리쿼터늄-51,베타-글루칸,테트라하이드록시프로필에틸렌다이아민,글라이신,알지닌,토코페롤,알란토인,판테놀,아시아티코사이드,마데카식애씨드,아시아틱애씨드,에스에이치-올리고펩타이드-1,향료,페녹시에탄올"
sunCream_10,sunCream,[7월 올영픽] (50%용량증정) 에스트라 더마UV365 장벽수분 무기자차 선크림 40ml+20ml,에스트라,(주)한국콜마,(주)아모레퍼시픽,high,A000000206826,olive_crwl_products,,,,,,,"정제수, 징크옥사이드, 사이클로헥사실록세인, 프로판다이올, 부틸옥틸살리실레이트, 프로필헵틸카프릴레이트, 아이소도데케인, 폴리글리세릴-3폴리다이메틸실록시에틸다이메티콘, 카프릴릴메티콘, 다이실록세인, 다이스테아다이모늄헥토라이트, 마그네슘설페이트, 트라이에톡시카프릴릴실레인, 1,2-헥산다이올, 폴리메틸실세스퀴옥세인, 폴리글리세릴-2다이폴리하이드록시스테아레이트, 라우릴폴리글리세릴-3폴리다이메틸실록시에틸다이메티콘, 알란토인, 카프릴릴글라이콜, 글리세릴카프릴레이트, 에틸헥실글리세린, 소듐하이알루로네이트, 세라마이드엔피, 토코페롤, 소듐아세틸레이티드하이알루로네이트, 하이드롤라이즈드하이알루로닉애씨드"
sunCream_11,sunCream,[NEW] 오휘 데이쉴드 다크스팟 콜라겐 톤업 선 30ml/50ml,오휘,엘지생활건강,엘지생활건강,high,A000000257674,olive_crwl_products,,,,,,,"정제수, 다이부틸아디페이트, 다이아이소프로필세바케이트, C12-15알킬벤조에이트, 티타늄디옥사이드, 프로판다이올, 메칠렌비스-벤조트리아졸릴테트라메칠부틸페놀, 나이아신아마이드, 폴리글리세릴-3메틸글루코오스다이스테아레이트, 코코-카프릴레이트/카프레이트, 1,2-헥산다이올, 에칠헥실트리아존, 부틸렌글라이콜, 디에칠아미노하이드록시벤조일헥실벤조에이트, 판테놀, 세틸포스페이트, 세테아릴알코올, 글리세릴스테아레이트, 폴리C10-30알킬아크릴레이트, 폴리하이드록시스테아릭애씨드, 다이메티콘, 데실글루코사이드, 암모늄폴리아크릴로일다이메틸타우레이트, 세테아릴올리베이트, 비닐다이메티콘/메티콘실세스퀴옥세인크로스폴리머, 솔비탄올리베이트, 트로메타민, 알루미나, 알루미늄스테아레이트, 아크릴레이트/C10-30알킬아크릴레이트크로스폴리머, 알란토인, 소듐스테아로일글루타메이트, 스테아릭애씨드, 스테아릴글리시레티네이트, 폴리실리콘-11, 폴리우레탄-15, 아데노신, 토코페롤, 글리세린, 만니톨, 플로레틴, 트라이소듐이디티에이, 돌콩오일, 잔탄검, 드럼스틱씨오일, 트라이에톡시카프릴릴실레인, T-부틸알코올, 다이메티콘크로스폴리머, 콜라겐(15ppm), 카프릴릴글라이콜, 크리신, 다마스크장미꽃추출물, 소듐디엔에이, 트라넥사믹애씨드, 아스코빅애씨드, 카프릴릭/카프릭트라이글리세라이드, 알루미늄하이드록사이드, 유비퀴논, 아이소프로필티타늄트라이아이소스테아레이트, 에틸헥실글리세린, 하이드로제네이티드레시틴, 미리스틱애씨드, 다이소듐이디티에이, 적색산화철, 울트라마린, 티타늄디옥사이드(CI 77891), 향료, 하이드록시시트로넬알, 리모넨, 리날룰"
sunCream_12,sunCream,[1등선크림/끈적임ZERO] VT 피디알엔 에어 클라우드 선스크린 50ml,VT,한국콜마(주),(주)브이티코스메틱,high,A000000257580,olive_crwl_products,,,,,,,"정제수, 다이부틸아디페이트, 부틸옥틸살리실레이트, 에칠헥실트리아존, 나이아신아마이드, 드로메트리졸트리실록산, 폴리글리세릴-3다이스테아레이트, 테레프탈릴리덴디캠퍼설포닉애씨드, 폴리메틸실세스퀴옥세인, 디에칠아미노하이드록시벤조일헥실벤조에이트, 트로메타민, 1,2-헥산다이올, 판테놀, 펜틸렌글라이콜, 글리세릴스테아레이트, 실리카, 카프릴릴메티콘, 비스-에칠헥실옥시페놀메톡시페닐트리아진, 프로판다이올, 포타슘세틸포스페이트, 폴리C10-30알킬아크릴레이트, 메틸프로판다이올, 카보머, 아크릴레이트/C10-30알킬아크릴레이트크로스폴리머, 에틸헥실글리세린, 잔탄검, 아데노신, 폴리에터-1, 글리세린, 산양삼추출물, 소듐하이알루로네이트, 하이알루로닉애씨드, 바이오사카라이드검-1, 토코페롤, 엑토인, 동백나무씨추출물, 3-O-에틸아스코빅애씨드, 징크하이드롤라이즈드하이알루로네이트, 소듐디엔에이(0.25ppm), 시트릭애씨드, 밀몽화꽃추출물, 부틸렌글라이콜, 미역취추출물, 클로브싹추출물, 다이펩타이드다이아미노부티로일벤질아마이드다이아세테이트, 다이메틸실란올하이알루로네이트, 하이드롤라이즈드하이알루로닉애씨드, 하이드롤라이즈드소듐하이알루로네이트, 소듐하이알루로네이트크로스폴리머, 하이드록시프로필트라이모늄하이알루로네이트, 소듐아세틸레이티드하이알루로네이트, 소듐하이알루로네이트다이메틸실란올"
sunCream_13,sunCream,[NEW/7/29(수) 하루특가] 라운드랩 자작나무 수분 톤업 선세럼 50ml 기획(+클렌저 20ml),라운드랩,코스맥스(주),서린컴퍼니(주),high,A000000259610,olive_crwl_products,,,,,,,"정제수, 다이부틸아디페이트, 부틸옥틸살리실레이트, 트라이프로필렌글라이콜, 에칠헥실트리아존, 테레프탈릴리덴디캠퍼설포닉애씨드, 티타늄디옥사이드 (CI 77891), 나이아신아마이드, 트로메타민, 펜틸렌글라이콜, 1,2-헥산다이올, 자작나무수액(10,230ppm), 글리세린, 디에칠아미노하이드록시벤조일헥실벤조에이트, 폴리실리콘-15, 비스-에칠헥실옥시페놀메톡시페닐트리아진, 세테아릴올리베이트, 아이소도데케인, 옥틸도데칸올, 솔비탄올리베이트, 베헤닐알코올, 폴리C10-30알킬아크릴레이트, 폴리하이드록시스테아릭애씨드, 글리세릴스테아레이트, 소듐폴리아크릴로일다이메틸타우레이트, 폴리글리세릴-4아이소스테아레이트, 폴리아크릴레이트크로스폴리머-6, 카보머, 소듐스테아로일글루타메이트, 아이소프로필티타늄트라이아이소스테아레이트, 알루미늄하이드록사이드, 잔탄검, 부틸렌글라이콜, 에틸헥실글리세린, 아데노신, 메틸프로판다이올, 폴리에터-1, 적색산화철 (CI 77491), 토코페롤, 글리세릴글루코사이드, 미네랄워터, 알지닌, 카프릴릭애씨드, 다이프로필렌글라이콜, 세테아릴알코올, 하이드로제네이티드레시틴, 소듐디엔에이, 베툴린, 소듐하이알루로네이트, 글라이신, 글루타믹애씨드"
sunCream_14,sunCream,[7월올영픽][보송톤업/파데프리] 닥터지 브라이트닝 업 선 플러스 50+50+10ml 증정기획 (선크림),닥터지,코스맥스(주),엘오케이(유),high,A000000180158,olive_crwl_products,,,,,,,"1. 닥터지 브라이트닝 업 선 플러스 50ml(본품+구성품)
정제수, 사이클로펜타실록세인, 에칠헥실메톡시신나메이트, 징크옥사이드 (CI 77947), 사이클로헥사실록세인, 에칠헥실살리실레이트, 부틸렌글라이콜, 메틸메타크릴레이트크로스폴리머, 폴리글리세릴-3폴리다이메틸실록시에틸다이메티콘, 티타늄디옥사이드 (CI 77891), 다이프로필렌글라이콜, 에틸헥실팔미테이트, 나이아신아마이드, 비닐다이메티콘/메티콘실세스퀴옥세인크로스폴리머, 솔비탄아이소스테아레이트, 다이메티콘/비닐다이메티콘크로스폴리머, 카프릴릴메티콘, 다이메티콘, 다이스테아다이모늄헥토라이트, 폴리메틸실세스퀴옥세인, 프랑스해안송껍질추출물, 타라열매추출물, 코토니추출물, 포도씨오일, 밀몽화꽃추출물, 감나무잎추출물, 녹차추출물, 마그네슘설페이트, C30-45알킬세테아릴다이메티콘크로스폴리머, 알루미늄하이드록사이드, 스테아릭애씨드, 카프릴릴글라이콜, 글리세릴카프릴레이트, 폴리메틸메타크릴레이트, 트라이에톡시카프릴릴실레인, 1,2-헥산다이올, 프로판다이올, 다이소듐이디티에이, 폴리비닐알코올, 황색산화철 (CI 77492), 적색산화철 (CI 77491)"
sunCream_15,sunCream,[보송핑크톤업] 차앤박 애프터레이 톤업 프로텍션 선 50ml 더블기획,차앤박,코스맥스(주),(주)엘지생활건강,high,A000000224140,olive_crwl_products,,,,,,,"정제수, 사이클로펜타실록세인, 에칠헥실메톡시신나메이트, 에칠헥실살리실레이트, 징크옥사이드 (CI 77947), 사이클로헥사실록세인, 부틸렌글라이콜, 피이지-10다이메티콘, 티타늄디옥사이드 (CI 77891), 메틸메타크릴레이트크로스폴리머, 다이프로필렌글라이콜, 에틸헥실팔미테이트, 다이메티콘/비닐다이메티콘크로스폴리머, 센티드제라늄꽃오일, 해수, 녹차추출물, 프랑스해안송껍질추출물, 포도씨추출물, 쇠비름추출물, 진주가루, 토르말린, 카프릴릴메티콘, 세틸피이지/피피지-10/1다이메티콘, 다이카프릴릴카보네이트, 마그네슘설페이트, 폴리메틸실세스퀴옥세인, 다이스테아다이모늄헥토라이트, 이소아밀p-메톡시신나메이트, 비닐다이메티콘/메티콘실세스퀴옥세인크로스폴리머, C30-45알킬세테아릴다이메티콘크로스폴리머, 알루미늄하이드록사이드, 스테아릭애씨드, 글리세릴카프릴레이트, 다이메티콘, 카프릴릴글라이콜, 하이드록시아파타이트, 판테놀, 트라이에톡시카프릴릴실레인, 몬모릴로나이트, 바이오사카라이드검-4, 티옥틱애씨드, 유비퀴논, 1,2-헥산다이올, 페녹시에탄올, 시트로넬올, 제라니올, 시트랄, 황색산화철 (CI 77492), 적색산화철 (CI 77491)"
sunCream_16,sunCream,[1+1/TXA/화잘먹] 셀리맥스 트라넥삼산 브라이트닝 잡티 선크림 50ml 더블 기획,셀리맥스,"한국콜마(주), (주)앱솔브랩",,확인 필요,A000000254726,olive_crwl_products,,,,,,,"정제수, 프로판다이올, 나이아신아마이드, 다이부틸아디페이트, 폴리메틸실세스퀴옥세인, 다이아이소프로필세바케이트, 디에칠아미노하이드록시벤조일헥실벤조에이트, 에칠헥실트리아존, 메칠렌비스•벤조트리아졸릴테트라메칠부틸페놀, 코코•카프릴레이트/카프레이트, 디에칠헥실부타미도트리아존, 1,2•헥산다이올, 부틸렌글라이콜, 카프릴릴메티콘, 트라넥사믹애씨드, 펜틸렌글라이콜, 베헤닐알코올, 폴리C10•30알킬아크릴레이트, 글리세린, 폴리글리세릴•3메틸글루코오스다이스테아레이트, 데실글루코사이드, 트로메타민, 카보머, 아크릴레이트/C10•30알킬아크릴레이트크로스폴리머, 판테놀, 소듐스테아로일글루타메이트, 폴리아크릴레이트크로스폴리머•6, 에틸헥실글리세린, 아데노신,잔탄검, 토코페롤, 비파나무잎추출물, 폴리글리세릴•4아이소스테아레이트, 카프릴릭/카프릭트라이글리세라이드, 시트릭애씨드, 스피어민트추출물,  다이스테아다이모늄헥토라이트, 쿼세틴"
sunCream_17,sunCream,[2입 기획] 스킨1004 마다가스카르 센텔라 히알루-시카 워터핏 선세럼 50ml 더블기획,스킨1004,한국콜마(주),(주)크레이버코퍼레이션,high,A000000215559,olive_crwl_products,,,,,,,"정제수, 다이부틸아디페이트, 프로판다이올, 디에칠아미노하이드록시벤조일헥실벤조에이트, 폴리메틸실세스퀴옥세인, 에칠헥실트리아존, 메칠렌비스-벤조트리아졸릴테트라메칠부틸페놀, 나이아신아마이드, 코코-카프릴레이트/카프레이트, 카프릴릴메티콘, 디에칠헥실부타미도트리아존, 글리세린, 1,2-헥산다이올, 부틸렌글라이콜, 펜틸렌글라이콜, 베헤닐알코올, 폴리C10-30알킬아크릴레이트, 폴리글리세릴-3메틸글루코오스다이스테아레이트, 데실글루코사이드, 트로메타민, 카보머, 아크릴레이트/C10-30알킬아크릴레이트크로스폴리머, 소듐스테아로일글루타메이트, 폴리아크릴레이트크로스폴리머-6, 에틸헥실글리세린, 아데노신, 잔탄검, 병풀추출물, t-부틸알코올, 소듐하이알루로네이트, 자작나무껍질추출물, 토코페롤, 하이드롤라이즈드하이알루로닉애씨드, 녹차추출물, 은행나무잎추출물, 브로콜리싹추출물, 동백나무잎추출물, 로켓잎추출물, 자주개자리추출물, 밀싹추출물, 이노시톨, 하이알루로닉애씨드"
sunCream_18,sunCream,[파데프리] 넘버즈인 3번 도자기결 톤업베이지 선크림 50ml 더블기획 2종 (블러/글로우),넘버즈인,"[01 블러] 코스맥스(주), [02 글로우] (주) 코스메카코리아",(주)비나우,high,A000000257097,olive_crwl_products,,,,,,,"[01 블러] 병풀잎수, 징크옥사이드(CI 77947), C9-12알케인, 카프릴릴메티콘, 프로판다이올, 부틸옥틸살리실레이트, 다이실록세인, 트라이메틸실록시실리케이트, 폴리글리세릴-3폴리다이메틸실록시에틸다이메티콘, 나이아신아마이드, 프로필렌글라이콜다이벤조에이트, 프로필헵틸카프릴레이트, 티타늄디옥사이드(CI 77891), 1,2-헥산다이올, 라우릴폴리글리세릴-3폴리다이메틸실록시에틸다이메티콘, 다이스테아다이모늄헥토라이트, 트라이에톡시카프릴릴실레인, 마그네슘설페이트, 폴리글리세릴-2다이폴리하이드록시스테아레이트, 글리세릴카프릴레이트, 메틸메타크릴레이트크로스폴리머, 아이소도데케인, 옥틸도데칸올, 카프릴릴글라이콜, 알루미늄하이드록사이드, 아데노신, 폴리글리세릴-4아이소스테아레이트, 아이소프로필티타늄트라이아이소스테아레이트, 토코페롤, 정제수, 판테놀, 펜틸렌글라이콜, 바이오틴, 마그네슘피씨에이, 판토테닉애씨드, 징크피씨에이, 칼슘판토테네이트, 글리세린, 카프릴릭/카프릭트라이글리세라이드, 폴리글리세릴-6카프릴레이트, 폴리글리세릴-4카프레이트, 하이드로제네이티드레시틴, 폴리글리세릴-10스테아레이트, 마데카식애씨드, 아시아티코사이드, 세라마이드엔피, 마데카소사이드, 아시아틱애씨드, 콜레스테롤, 스테아릭애씨드, 마이카(CI 77019), 황색산화철(CI 77492), 적색산화철(CI 77491), 흑색산화철(CI 77499)

[02 글로우] 병풀잎수, 다이프로필렌글라이콜, 티타늄디옥사이드, 호모살레이트, 글리세린, 다이글리세린, 변성알코올, 에칠헥실살리실레이트, 부틸렌글라이콜, 다이부틸아디페이트, 디에칠아미노하이드록시벤조일헥실벤조에이트, 다이페닐실록시페닐트라이메티콘, 나이아신아마이드, 정제수, 비스-에칠헥실옥시페놀메톡시페닐트리아진, 폴리글리세릴-10에이코산다이오에이트/테트라데칸다이오에이트, 폴리솔베이트80, 프로판다이올, 알루미늄하이드록사이드, 폴리글리세릴-3메틸글루코오스다이스테아레이트, 바륨설페이트, 베헤닐알코올, 스테아릭애씨드, 판테놀, 폴리C10-30알킬아크릴레이트, 폴리아크릴레이트크로스폴리머-6, 폴리우레탄-15, 합성플루오르플로고파이트, 카프릴릴글라이콜, 1,2-헥산다이올, 황색산화철, 소듐폴리아크릴로일다이메틸타우레이트, 글리세릴카프릴레이트, 트라이에톡시카프릴릴실레인, 하이드로제네이티드레시틴, 에틸헥실글리세린, 암모늄아크릴로일다이메틸타우레이트/베헤네스-25메타크라일레이트크로스폴리머, 향료, 스페인감초뿌리수, 소듐스테아로일글루타메이트, 트라이소듐에틸렌다이아민다이석시네이트, 적색산화철, 시트릭애씨드, 아데노신, 하이드록시에틸아크릴레이트/소듐아크릴로일다이메틸타우레이트코폴리머, 스쿠알란, 카프릴릭/카프릭트라이글리세라이드, 흑색산화철, 녹차추출물, 세라마이드엔피, 폴리솔베이트60, 펜틸렌글라이콜, 틴옥사이드, 솔비탄아이소스테아레이트, 마데카소사이드, 데실글루코사이드, 베타-글루칸, 다이메틸실란올하이알루로네이트, 하이드롤라이즈드하이알루로닉애씨드, 하이드롤라이즈드소듐하이알루로네이트, 하이알루로닉애씨드, 소듐하이알루로네이트, 하이드록시프로필트라이모늄하이알루로네이트, 소듐하이알루로네이트크로스폴리머, 소듐하이알루로네이트다이메틸실란올, 소듐아세틸레이티드하이알루로네이트, 티트리잎추출물, 약모밀추출물"
sunCream_19,sunCream,[생기톤업] 달바 핑크 톤업 선크림 65ml + 65ml 대용량 기획세트,달바,한국콜마,(주)달바글로벌,high,A000000255386,olive_crwl_products,,,,,,,"정제수, 다이부틸아디페이트, 프로판다이올, 티타늄디옥사이드, 카프릴릭/카프릭트라이글리세라이드, C12-15알킬벤조에이트, 디에칠아미노하이드록시벤조일헥실벤조에이트, 카프릴릴메티콘, 에칠헥실트리아존, 나이아신아마이드, 글리세린, 디에칠헥실부타미도트리아존, 1,2-헥산다이올, 펜틸렌글라이콜, 쇠비름추출물, 분홍바늘꽃꽃/잎/줄기추출물, 페루기네움철쭉추출물, 병풀추출물, 복사나무꽃추출물, 복숭아추출물, 세룰라타벚나무꽃추출물, 알로에베라잎추출물, 약모밀추출물, 흰서양송로추출물, 오렌지오일, 필리핀오렌지껍질오일, 소듐하이알루로네이트, 리씨열매오일, 다마스크장미꽃수, 자작나무수액, 판테놀, 폴리하이드록시스테아릭애씨드, 다이메티콘/비닐다이메티콘크로스폴리머, 브이피/에이코신코폴리머, 다이메티콘올, 트라이실록세인, 코코-카프릴레이트/카프레이트, 스테아릭애씨드, 소듐폴리아크릴로일다이메틸타우레이트, 암모늄폴리아크릴로일다이메틸타우레이트, 알루미나, 하이드록시프로필메틸셀룰로오스스테아록시에터, 다이카프릴릴카보네이트, 잔탄검, 에틸헥실글리세린, 아데노신, 소듐폴리아크릴레이트, 트라이에톡시카프릴릴실레인, t-부틸알코올, 피브이엠/엠에이코폴리머, 폴리에터-1, 하이드롤라이즈드하이알루로닉애씨드, 알란토인, 부틸렌글라이콜, 토코페롤, 다이소듐포스페이트, 시트릭애씨드, 카프릴릴글라이콜, 황색산화철, 적색산화철, 리모넨, 시트랄"
sunCream_20,sunCream,식물나라 가벼운 수분 선 젤 60ml 단품/2입/대용량/트래블키트,식물나라,씨제이올리브영 주식회사,씨제이올리브영 주식회사,high,A000000223906,olive_crwl_products,,,,,,,"[선젤] 정제수, 트라이프로필렌글라이콜, 사이클로펜타실록세인, 다이부틸아디페이트, 다이아이소프로필아디페이트, 에칠헥실트리아존, 비스-에칠헥실옥시페놀메톡시페닐트리아진, 옥토크릴렌, 나이아신아마이드, 폴리메틸실세스퀴옥세인, 테레프탈릴리덴디캠퍼설포닉애씨드, 세테아릴알코올, 트로메타민, 1,2-헥산다이올, 알로에베라잎추출물, 소듐하이알루로네이트, 다이메티콘, 펜틸렌글라이콜, C13-15알케인, 하이드록시에틸우레아, C13-16아이소알케인, 소듐폴리아크릴로일다이메틸타우레이트, 다이메티콘/비닐다이메티콘크로스폴리머, 세테아릴올리베이트, 폴리C10-30알킬아크릴레이트, 솔비탄올리베이트, 소듐스테아로일글루타메이트, 부틸렌글라이콜, 폴리글리세릴-10미리스테이트, 다이메티콘올, 글리세릴글루코사이드, 메틸프로판다이올, 에틸헥실글리세린, 폴리아크릴레이트크로스폴리머-6, 폴리에터-1, 아데노신, 글리세린, 알지닌, 토코페롤, 카보머, 향료
[클렌징폼]
정제수, 글리세린, 미리스틱애씨드, 포타슘하이드록사이드, 코코-글루코사이드, 라우릭애씨드, 메틸프로판다이올, 팔미틱애씨드, 스테아릭애씨드, 글리세릴스테아레이트, 탄산수(9,750ppm), 당느릅나무뿌리추출물, 줄맨드라미씨추출물, 무화과추출물, 병풀추출물, 페퍼민트오일, 하이드로제네이티드레시틴, 솔비탄올리베이트, 에틸헥실글리세린, 만니톨, 다이소듐이디티에이, 피이지-14M, 마이크로크리스탈린셀룰로오스, 부틸렌글라이콜, 수크로오스, 1,2-헥산다이올, 멘톨, 에틸멘탄카복사마이드, 옥수수전분, 하이드록시프로필메틸셀룰로오스, 실리카, 비에이치티, 세라마이드엔피, 향료, 울트라마린"
sunCream_21,sunCream,[2입 기획][민감피부 추천 무기자차] 제로이드 데일리 선크림 기획 (50ml+50ml),제로이드,한국콜마㈜,㈜네오팜,high,A000000253724,olive_crwl_products,,,,,,,"정제수, 징크옥사이드, 사이클로헥사실록세인, 부틸옥틸살리실레이트, 프로판다이올, 프로필헵틸카프릴레이트, 아이소도데케인, 폴리글리세릴-3폴리다이메틸실록시에틸다이메티콘, 다이카프릴릴카보네이트, 카프릴릴메티콘, 소듐하이알루로네이트, 다이스테아다이모늄헥토라이트, 마그네슘설페이트, 메틸메타크릴레이트크로스폴리머, 트라이에톡시카프릴릴실레인, 1,2-헥산다이올, 폴리글리세릴-2다이폴리하이드록시스테아레이트, 폴리메틸실세스퀴옥세인, 라우릴폴리글리세릴-3폴리다이메틸실록시에틸다이메티콘, 글리세릴카프릴레이트, 카프릴릴글라이콜, 에틸헥실글리세린, 토코페롤, 미리스토일/팔미토일옥소스테아라마이드/아라카마이드엠이에이, 스쿠알란, 판테놀, 펜틸렌글라이콜, 마데카소사이드"
sunCream_22,sunCream,[아시아No.1선크림] 아넷사 퍼펙트 UV 선스크린 스킨케어 밀크 60ML 기획세트,아넷사,,(주)한국시세이도,확인 필요,A000000248280,olive_crwl_products,,,,,,,"다이메티콘, 정제수, 징크옥사이드, 에탄올, 다이아이소프로필세바케이트, 아이소도데케인, 옥토크릴렌, 에칠헥실살리실레이트, C12-15알킬벤조에이트, 피이지/피피지-9/2다이메틸에터, 옥수수전분, 탤크, 실리카, 아이소프로필미리스테이트, 디에칠아미노하이드록시벤조일헥실벤조에이트, 티타늄디옥사이드, 피이지-9폴리다이메틸실록시에틸다이메티콘, 덱스트린팔미테이트, 글리세린, 호모살레이트, 에칠헥실트리아존, 비스-에칠헥실옥시페놀메톡시페닐트리아진, 다이스테아다이모늄헥토라이트, 피이지-10다이메티콘, 아이소스테아릭애씨드, 트라이에톡시카프릴릴실레인, 폴리글리세릴-6폴리리시놀리에이트, 소듐클로라이드, 알루미늄하이드록사이드, 스테아릭애씨드, 트라이소듐이디티에이, 피이지-6, 향료, 토코페롤, 비에이치티, 부틸렌글라이콜, 비스-부틸다이메티콘폴리글리세릴-3, 피이지/피피지-14/7다이메틸에터, 소듐메타바이설파이트, 트라이메틸실록시실리케이트, 다이포타슘글리시리제이트, 녹차추출물, 토멘틸뿌리추출물, 귤껍질추출물, 소듐아세틸레이티드하이알루로네이트, 합성플루오르플로고파이트, 라우릴베타인, 수용성콜라겐, 페녹시에탄올, 소듐벤조에이트, 시트로넬올, 제라니올, 헥실신남알, 리모넨, 리날룰"
sunCream_23,sunCream,[7월올영픽/총110ml] 비플레인 녹두 쿨링 수분 선크림 50ml 1+1 기획 (+10ml),비플레인,한국콜마(주),해당없음,high,A000000249802,olive_crwl_products,,,,,,,"정제수, 다이부틸아디페이트, 프로판다이올, 부틸옥틸살리실레이트, 에칠헥실트리아존, 나이아신아마이드, 카프릴릴메티콘, 드로메트리졸트리실록산, 테레프탈릴리덴디캠퍼설포닉애씨드, 폴리글리세릴-3다이스테아레이트, 1,2-헥산다이올, 디에칠아미노하이드록시벤조일헥실벤조에이트, 트로메타민, 펜틸렌글라이콜, 세테아릴알코올, 폴리메틸실세스퀴옥세인, 비스-에칠헥실옥시페놀메톡시페닐트리아진, 글리세릴스테아레이트, 포타슘세틸포스페이트, 폴리C10-30알킬아크릴레이트, 메틸프로판다이올, 카보머, 폴리글리세릴-3메틸글루코오스다이스테아레이트, 메틸다이아이소프로필프로피온아마이드, 에틸헥실글리세린, 글리세릴스테아레이트시트레이트, 암모늄아크릴로일다이메틸타우레이트/브이피코폴리머, 아크릴레이트/C10-30알킬아크릴레이트크로스폴리머, 아데노신, 폴리에터-1, 크로뮴옥사이드그린, 폴리글리세릴-3폴리다이메틸실록시에틸다이메티콘, 프로필헵틸카프릴레이트, 하이드롤라이즈드하이알루로닉애씨드, 트라이에톡시카프릴릴실레인, 바이오사카라이드검-1, 부틸렌글라이콜, 토코페롤, 글리세린, 녹두씨추출물, 다시마추출물, 녹두추출물, 알로에베라잎추출물, 참마뿌리추출물, 당느릅나무뿌리추출물, 제비꽃꽃추출물, 녹두싹추출물"
sunCream_24,sunCream,[간편 베이스/잡티커버] 스타라이크 파데프리 톤업 선크림 50ml 단품/기획 (+퍼프 증정),스타라이크,한국콜마(주),(주)스타라이크,high,A000000235912,olive_crwl_products,,,,,,,"정제수, 징크옥사이드, 사이클로헥사실록세인, 부틸옥틸살리실레이트, 프로판다이올, 카프릴릴메티콘, 메틸트라이메티콘, 폴리글리세릴-3폴리다이메틸실록시에틸다이메티콘, 프로필헵틸카프릴레이트, 티타늄디옥사이드, 나이아신아마이드, 다이페닐실록시페닐트라이메티콘, 메틸메타크릴레이트크로스폴리머, 트라이메틸실록시실리케이트, 트라이에톡시카프릴릴실레인, 다이스테아다이모늄헥토라이트, 마그네슘설페이트, 라우릴폴리글리세릴-3폴리다이메틸실록시에틸다이메티콘, 1,2-헥산다이올, 폴리글리세릴-2다이폴리하이드록시스테아레이트, 황색산화철, 카프릴릴글라이콜, 글리세릴카프릴레이트, 에틸헥실글리세린, 알루미늄하이드록사이드, 적색산화철, 아데노신, 흑색산화철, 토코페롤, 합성플루오르플로고파이트, 부틸렌글라이콜, 글리세린, 콜라겐추출물, 하이드롤라이즈드콜라겐, 우엉뿌리추출물, 아마씨추출물, 알로에베라잎추출물, 오크라열매추출물, 다이메틸실란올하이알루로네이트, 하이드롤라이즈드하이알루로닉애씨드, 하이드롤라이즈드소듐하이알루로네이트, 소듐하이알루로네이트, 하이알루로닉애씨드, 포타슘하이알루로네이트, 소듐하이알루로네이트크로스폴리머, 하이드록시프로필트라이모늄하이알루로네이트, 소듐하이알루로네이트다이메틸실란올, 소듐아세틸레이티드하이알루로네이트, 트라이펩타이드-1, 아세틸헥사펩타이드-8, 카퍼트라이펩타이드-1, 팔미토일펜타펩타이드-4, 헥사펩타이드-9"
sunCream_25,sunCream,[리뷰이벤트/파데프리/톤업선크림]체이싱래빗 올어바웃글로우 커버크림 35g기획(단품/대왕퍼프),체이싱래빗,그린코스㈜,㈜잇츠한불,high,A000000232053,olive_crwl_products,,,,,,,"정제수, 사이클로펜타실록세인, 티타늄디옥사이드, 에칠헥실메톡시신나메이트, 다이프로필렌글라이콜, 세틸에틸헥사노에이트, 세틸피이지/피피지-10/1다이메티콘, 부틸렌글라이콜, 에칠헥실살리실레이트, 실리카, 1,2-헥산다이올, 카프릴릴메티콘, 나이아신아마이드, 옥토크릴렌, 라우릴피이지-9폴리다이메틸실록시에틸다이메티콘, 사이클로헥사실록세인, 글리세린, 비스-에칠헥실옥시페놀메톡시페닐트리아진, 다이스테아다이모늄헥토라이트, 폴리페닐실세스퀴옥세인, 소듐클로라이드, 카나우바왁스, 황색산화철, 트라이메틸실록시실리케이트, 스테아릭애씨드, 아크릴레이트/스테아릴아크릴레이트/다이메티콘메타크릴레이트코폴리머, 다이아이소스테아릴말레이트, 팔미틱애씨드, 알루미늄하이드록사이드, 글리세릴카프릴레이트, 적색산화철, 트라이에톡시카프릴릴실레인, 향료, 흑색산화철, 알란토인, 다이메티콘/비닐다이메티콘크로스폴리머, 아데노신, 다이메티콘, 다이소듐이디티에이, 소듐하이알루로네이트, 글루타티온, 토코페롤, 하이드롤라이즈드콜라겐, 카프릴릭/카프릭트라이글리세라이드, 에탄올, 약모밀추출물, 하이드로제네이티드레시틴, 복사나무꽃추출물, 소듐스테아로일글루타메이트, 하이알루로닉애씨드, 아스코빅애씨드"
sunCream_26,sunCream,[7월올영픽 수분즉각충전쿨링썬] 셀퓨전씨 아쿠아티카 쿨링 썬스크린 35ml 트리플 기획,셀퓨전씨,코스맥스㈜,㈜씨엠에스랩,high,A000000259556,olive_crwl_products,,,,,,,"정제수, 다이부틸아디페이트, 변성알코올, 부틸옥틸살리실레이트, 실리카, 다이프로필렌글라이콜, 에칠헥실트리아존, 비스-에칠헥실옥시페놀메톡시페닐트리아진, 옥토크릴렌, 프로판다이올, 나이아신아마이드, 에리스리톨, 테레프탈릴리덴디캠퍼설포닉애씨드, 펜틸렌글라이콜, 메틸프로판다이올, 트로메타민, 스핑고모나스발효추출물, 효모발효여과물, 로즈마리잎수, 병풀추출물, 흰목이버섯추출물, 녹차추출물, 폴스애플민트잎추출물, 타임잎추출물, 소듐하이알루로네이트, 폴리메틸실세스퀴옥세인, 1,2-헥산다이올, 부틸렌글라이콜, 하이드록시에틸우레아, 폴리글리세릴-3메틸글루코오스다이스테아레이트, 스테아릴헵타노에이트, 다이메티콘올, 폴리C10-30알킬아크릴레이트, 마이크로크리스탈린셀룰로오스, 폴리에터-1, 에틸헥실글리세린, 아데노신, 소듐스테아로일글루타메이트, 메틸다이아이소프로필프로피온아마이드, 셀룰로오스검, 다발방패버섯추출물, 토코페롤, 글리세린, 소듐클로라이드, 소듐바이카보네이트, 칼슘클로라이드, 포타슘클로라이드, 글라이신, 알지닌, 글루타믹애씨드, 베헤닐알코올, 카보머, 향료"
sunCream_27,sunCream,텐제로 알로에 유브이 톤업 바디 선크림 150g,텐제로,(주)비앤비코리아  인천광역시 서구 도담로  176-4,(주)아트페이스  서울특별시  중구 당충단로 247,high,A000000233802,olive_crwl_products,,,,,,,"정제수, 티타늄디옥사이드, 부틸렌글라이콜, 다이메티콘, 나이아신아마이드, 소듐아크릴레이트/소듐아크릴로일다이메틸타우레이트코폴리머, 글리세린, C12-15알킬벤조에이트, 아이소헥사데칸, 향료, 페녹시에탄올, 알루미늄하이드록사이드, 폴리솔베이트80, 클로페네신, 스테아릭애씨드, 솔비탄올리에이트, 아데노신, 트라이에톡시카프릴릴실레인, 녹차수, 병풀추출물, 알로에베라잎추출물(2ppm), 1,2-헥산다이올"
sunCream_28,sunCream,[이사배PICK]AHC 마스터즈 아쿠아리치 선크림 50ml 1+1 기획,AHC,(주)한국콜마,(주)카버코리아,high,A000000223207,olive_crwl_products,,,,,,,"정제수, 다이부틸아디페이트, 프로판다이올, 디에칠아미노하이드록시벤조일헥실벤조에이트, 폴리메틸실세스퀴옥세인, 에칠헥실트리아존, 나이아신아마이드, 메칠렌비스-벤조트리아졸릴테트라메칠부틸페놀, 코코-카프릴레이트/카프레이트, 카프릴릴메티콘, 디에칠헥실부타미도트리아존, 글리세린, 부틸렌글라이콜, 1,2-헥산다이올, 펜틸렌글라이콜, 베헤닐알코올, 폴리C10-30알킬아크릴레이트, 폴리글리세릴-3메틸글루코오스다이스테아레이트, 데실글루코사이드, 트로메타민, 카보머, 아크릴레이트/C10-30알킬아크릴레이트크로스폴리머, 소듐스테아로일글루타메이트, 폴리아크릴레이트크로스폴리머-6, 에틸헥실글리세린, 아데노신, 잔탄검, 베르가모트오일, t-부틸알코올, 토코페롤, 비타민나무열매추출물, 아스코빅애씨드, 당근추출물, 로즈힙열매추출물, 사과추출물, 살구즙, 드럼스틱씨오일, 세라마이드엔피, 피토스핑고신, 하이드로제네이티드레시틴, 케이프알로에잎추출물, 사철쑥추출물"
sunCream_29,sunCream,[1+1] 라운드랩 자작나무 수분 톤업 선크림 50ml 1+1 기획,라운드랩,코스맥스(주),서린컴퍼니(주),high,A000000186166,olive_crwl_products,,,,,,,"정제수, 프로판다이올, 다이부틸아디페이트, 티타늄디옥사이드 (CI 77891), 비스-에칠헥실옥시페놀메톡시페닐트리아진, 부틸렌글라이콜, 디에칠아미노하이드록시벤조일헥실벤조에이트, 메틸트라이메티콘, 부틸옥틸살리실레이트, 나이아신아마이드, 페네틸벤조에이트, 아이소노닐아이소노나노에이트, 폴리메틸실세스퀴옥세인, 1,2-헥산다이올, 자작나무수액, 소듐하이알루로네이트, 하이알루로닉애씨드, 글리세릴글루코사이드, 개똥쑥추출물, 캐모마일꽃오일, 구주소나무잎오일, 알란토인, 다이포타슘글리시리제이트, 판테놀, 녹차씨오일, 효모발효추출물, 칸디다 봄비콜라/글루코오스/메틸레이프씨데이트발효물, 에칠헥실트리아존, 펜틸렌글라이콜, 폴리글리세릴-3메틸글루코오스다이스테아레이트, 폴리실리콘-15, 스테아릭애씨드, 팔미틱애씨드, 폴리하이드록시스테아릭애씨드, 포타슘세틸포스페이트, 알루미늄하이드록사이드, 글리세릴스테아레이트, 하이드록시아세토페논, 폴리C10-30알킬아크릴레이트, 아이소도데케인, 옥틸도데칸올, 아크릴레이트/C10-30알킬아크릴레이트크로스폴리머, 하이드록시에틸아크릴레이트/소듐아크릴로일다이메틸타우레이트코폴리머, 트로메타민, 하이드로제네이티드레시틴, 비닐다이메티콘/메티콘실세스퀴옥세인크로스폴리머, 폴리글리세릴-4아이소스테아레이트, 폴리글리세릴-2다이폴리하이드록시스테아레이트, 아이소프로필티타늄트라이아이소스테아레이트, 아데노신, 소듐폴리아크릴레이트, 솔비탄아이소스테아레이트, 폴리메틸메타크릴레이트, 글리세릴카프릴레이트, 글리세린, 아스코빅애씨드, C12-16알코올, 세테아릴알코올, 다이소듐이디티에이, 황색산화철 (CI 77492), 적색산화철 (CI 77491), 흑색산화철 (CI 77499)"
sunCream_30,sunCream,[7월올영픽/쿨링수분] 닥터지 레드 블레미쉬 수딩 업 선 50+50+10ml 증정기획 (선크림),닥터지,,엘오케이(유),확인 필요,A000000200635,olive_crwl_products,,,,,,,"정제수, 다이부틸아디페이트, 프로판다이올, 에칠헥실트리아존, 테레프탈릴리덴디캠퍼설포닉애씨드, 나이아신아마이드, 옥틸도데칸올, 트로메타민, 폴리글리세릴-3다이스테아레이트, 세테아릴알코올, 판테놀, 1,2-헥산다이올, 펜틸렌글라이콜, 폴리실리콘-15, 카프릴릴메티콘, 디에칠아미노하이드록시벤조일헥실벤조에이트, 폴리메틸실세스퀴옥세인, 글리세릴스테아레이트, 포타슘세틸포스페이트, 비스-에칠헥실옥시페놀메톡시페닐트리아진, 메틸프로판다이올, 에키움 플란타기네움씨오일, 카보머, 글리세릴스테아레이트시트레이트, 아크릴레이트/C10-30알킬아크릴레이트크로스폴리머, 에틸헥실글리세린, 암모늄아크릴로일다이메틸타우레이트/브이피코폴리머, 아데노신, 부틸렌글라이콜, 풍선덩굴꽃/잎/덩굴추출물, 해바라기씨오일불검화물, 폴리에터-1, 약모밀추출물, 노니열매추출물, 토코페롤, 쑥잎추출물, 병풀꽃/잎/줄기추출물, 아티초크잎추출물, 바이오사카라이드검-1, 병풀뿌리추출물, 병풀추출물, 병풀잎추출물, 효모발효물, 복사나무꽃추출물, 물냉이추출물, 7-데하이드로콜레스테롤, 엑토인, 아시아티코사이드, 타라열매추출물, 마데카소사이드, 코토니추출물, 락토바실러스발효물, 밀몽화꽃추출물, 프랑스해안송껍질추출물, 마데카식애씨드, 아시아틱애씨드"
pi_cream_A000000229498,cream,[김고은PICK] [1+1] 크리니크 쏙보습크림 50ml 기획/단품,크리니크,,,,A000000229498,olive_crwl_price_ingredient,50.0,100.0,ml,49000.0,41650.0,4165.0,"모이스춰 써지 100시간 오토-리플레니싱 하이드레이터 전성분 :정제수,다이메티콘,부틸렌글라이콜,글리세린,트라이실록세인,트레할로오스,수크로오스,암모늄아크릴로일다이메틸타우레이트/브이피코폴리머,하이드록시에틸우레아,녹차추출물,흰무늬엉겅퀴추출물,만주자작나무껍질추출물,효모용해추출물,알로에베라잎수,알로에베라잎추출물,테르무스 테르모필루스발효물,카페인,솔비톨,팔미토일헥사펩타이드-12,소듐하이알루로네이트,카프릴릴글라이콜,올레스-10,소듐폴리아스파테이트,알로에베라잎폴리사카라이드,락토바실러스발효용해물,사카라이드아이소머레이트,하이드로제네이티드레시틴,토코페릴아세테이트,아크릴레이트/C10-30알킬아크릴레이트크로스폴리머,글리세릴폴리메타크릴레이트,트로메타민,피이지-8,헥실렌글라이콜,마그네슘아스코빌포스페이트,시트릭애씨드,비에이치티,다이소듐이디티에이,소듐시트레이트,포타슘솔베이트,소듐벤조에이트,페녹시에탄올,적색504호,황색4호iln48715/iln48715"
pi_cream_A000000224581,cream,[7월올영픽/쿨링진정크림] 빌리프 프로즌 크림 50ml 1+1 기획(+손거울 증정) / 아모밤 30ml 1+1 기획,빌리프,,,,A000000224581,olive_crwl_price_ingredient,50.0,80.0,ml,33000.0,24750.0,3093.8,"[본품/증정 동일 - 프로즌 크림]
정제수, 부틸렌글라이콜, 카프릴릭/카프릭트라이글리세라이드, 1,2-헥산다이올, 베타인, 베헤닐알코올, 판테놀, 유칼립투스잎추출물*+, 폴스애플민트잎추출물*, 로즈힙열매추출물*, 레몬밤꽃/잎/줄기수*, 타임잎추출물*, 로즈마리잎수*, 비터오렌지꽃오일+, 토탄추출물+, 양버들껍질/싹/잎/잔가지추출물+, 프렌치로즈꽃추출물+, 흰서양송로추출물+, 자일리톨, 에리스리톨, 소듐하이알루로네이트, 카페인, 카퍼트라이펩타이드-1, 글라이신, 베타-글루칸, 나이아신아마이드, 글리세릴폴리메타크릴레이트, 트라이에틸헥사노인, 카보머, 다이메티콘, 다이실록세인, 트로메타민, 글리세린, 프로필렌글라이콜, 스테아릴다이메티콘, 락토바실러스/콩발효추출물, C30-45알킬다이메티콘, 토코페릴아세테이트, 효모/감자추출물발효여과물, 효모/보리씨발효여과물, 트라이소듐이디티에이, 말라카이트추출물, 메틸다이아이소프로필프로피온아마이드, 오렌지껍질오일**, 라임전초오일**, 센티드제라늄꽃오일**, 로즈마리잎오일**, 리모넨, 시트로넬올, 제라니올, 시트랄, 리날룰
*표시: belif original formula
+표시: 빌리프 프로 프로즌 콤플렉스
**표시: 식물 유래 향

[증정 - 프로즌 토너]
정제수, 글리세린, 프로판다이올, 부틸렌글라이콜, 변성알코올, C12-15알킬벤조에이트, 1,2-헥산다이올, 판테놀, 자일리톨, 글루코노락톤, 소듐하이알루로네이트, 레몬밤꽃/잎/줄기수*, 로즈마리잎수*, 나이아신아마이드, 유칼립투스잎추출물*+, 폴스애플민트잎추출물*, 로즈힙열매추출물*, 타임잎추출물*, 토탄추출물+, 양버들껍질/싹/잎/잔가지추출물+, 프렌치로즈꽃추출물+, 흰서양송로추출물+, 비터오렌지꽃오일+, 카퍼트라이펩타이드-1, 폴리글리세릴-10스테아레이트, 폴리글리세릴-10올리에이트, 카프릴릭/카프릭트라이글리세라이드, 말라카이트추출물, 소듐시트레이트, 시트릭애씨드, 바이오사카라이드검-1, 카페인, 펜틸렌글라이콜, 에리스리톨, 에틸헥실글리세린, 글라이신, 메틸다이아이소프로필프로피온아마이드, 로즈마리잎오일**, 오렌지껍질오일**, 라임전초오일**, 센티드제라늄꽃오일**, 리모넨, 시트로넬올, 제라니올, 시트랄, 리날룰
*표시: belif original formula
+표시: 빌리프 프로 프로즌 콤플렉스
**표시: 식물 유래 향

[증정 - 프로즌 세럼]
정제수, 변성알코올, 스테아릴헵타노에이트, 1,2-헥산다이올, 다이프로필렌글라이콜, 트레할로오스, 다이메티콘, 유칼립투스잎추출물*, 폴스애플민트잎추출물*, 로즈힙열매추출물*, 레몬밤꽃/잎/줄기수*, 로즈마리잎수*, 타임잎추출물*, 하이드롤라이즈드하이알루로닉애씨드(0.01%), 하이알루로닉애씨드(0.001%), 하이드롤라이즈드소듐하이알루로네이트(0.001%), 소듐하이알루로네이트(0.01%), 하이드록시프로필트라이모늄하이알루로네이트(0.001%), 소듐하이알루로네이트크로스폴리머(0.000001%), 소듐아세틸레이티드하이알루로네이트(0.001%), 카페인, 판테놀, 폴리글리세릴-10스테아레이트, C14-22알코올, 폴리글리세릴-10올리에이트, 카보머, 소듐폴리아크릴레이트스타치, C12-20알킬글루코사이드, 말라카이트추출물, 포타슘하이드록사이드, 다이소듐이디티에이, 나이아신아마이드, 베타인, 소듐글루코네이트, 펜틸렌글라이콜, 에틸헥실글리세린, 카프릴릴글라이콜, 아세틸헥사펩타이드-8, 로즈마리잎오일+, 라임전초오일+, 센티드제라늄꽃오일+, 오렌지껍질오일+, 리모넨, 시트로넬올, 제라니올, 시트랄, 리날룰
*표시: belif original formula
+표시: 빌리프 프로 프로즌 콤플렉스
**표시: 식물 유래 향"
pi_cream_A000000211213,cream,[수분보습폭탄] 빌리프 아쿠아 밤 / 모이스춰라이징 밤 30ml 1+1 기획,빌리프,,,,A000000211213,olive_crwl_price_ingredient,30.0,60.0,ml,33000.0,24750.0,4125.0,"[모이스처라이징 밤-본품/증정]
정제수, 글리세린, 사이클로헥사실록세인, 하이드로제네이티드폴리데센, 다이프로필렌글라이콜, 마카다미아씨오일, 1,2-헥산다이올, 트라이에틸헥사노인, 비스-피이지-18메틸에터다이메틸실레인, 스테아릴알코올, 글리세릴스테아레이트, 피이지-40스테아레이트, 펜타에리스리틸테트라에틸헥사노에이트, 컴프리잎추출물, 귀리커넬추출물*, 포트마리골드꽃추출물*, 개박하추출물*, 라즈베리잎추출물*, 와일드인디고뿌리추출물*, 별꽃추출물*, 레이디스맨틀잎추출물+, 삼색제비꽃추출물+, 다마스크장미꽃추출물+, 메도우스위트꽃추출물+, 마시멜로뿌리추출물+, 아이브라이트추출물, 서양측백나무잎추출물, 서양톱풀꽃추출물, 붉은토끼풀꽃추출물, 조름나물잎추출물, 흰버드나무껍질추출물, 탱자추출물, 띠뿌리추출물, C14-22알코올, 스쿠알란, 시어버터, 아라키딜글루코사이드, 세라마이드엔피, 콜레스테롤, 카프릴릴글라이콜, 아세틸헥사펩타이드-8, 토코페롤, 판테놀, 하이드록시에틸피페라진에탄설포닉애씨드, 우레아, 효모발효여과물, 겨우살이추출물, 글라이코실트레할로오스, 락토바실러스/콩발효추출물, 스테아릭애씨드, 트로메타민, 피이지-100스테아레이트, 세테아릴올리베이트, 팔미틱애씨드, 솔비탄올리베이트, 하이드로제네이티드레시틴, 아크릴레이트/C10-30알킬아크릴레이트크로스폴리머, 다이메티콘/비닐다이메티콘크로스폴리머, 카보머, 하이드로제네이티드스타치하이드롤리세이트, 잔탄검, 트라이소듐이디티에이, 세테아릴알코올, 부틸렌글라이콜, 다이메티콘, 솔비탄스테아레이트, 오렌지껍질오일**, 라임전초오일**, 로즈마리잎오일**, 센티드제라늄꽃오일**, 리모넨, 시트로넬올, 제라니올, 시트랄, 리날룰

[아쿠아 밤-본품/증정]
정제수, 다이프로필렌글라이콜, 글리세린, 메틸트라이메티콘, 변성알코올, 다이메티콘, 사이클로펜타실록세인, 1,2-헥산다이올, 카프릴릭/카프릭트라이글리세라이드, 피이지/피피지/폴리부틸렌글라이콜-8/5/3글리세린, 펜타에리스리틸테트라에틸헥사노에이트, 귀리커넬추출물*, 포트마리골드꽃추출물*, 개박하추출물*, 라즈베리잎추출물*, 와일드인디고뿌리추출물*, 별꽃추출물*+, 레이디스맨틀잎추출물+, 쇠뜨기잎추출물+, 쐐기풀잎추출물+, 소듐하이알루로네이트, 나이아신아마이드, 폴리메틸실세스퀴옥세인, 판테놀, 피이지-150, 펜타에리스리틸테트라아이소스테아레이트, 페닐트라이메티콘, 하이드록시에틸아크릴레이트/소듐아크릴로일다이메틸타우레이트코폴리머, 카보머, 트로메타민, 스쿠알란, 피이지-40하이드로제네이티드캐스터오일, 다이메티콘올, 아크릴레이트/C10-30알킬아크릴레이트크로스폴리머, C14-22알코올, 폴리솔베이트60, 부틸렌글라이콜, 마카다미아씨오일, 말라카이트추출물, 트라이에틸헥사노인, 트라이소듐이디티에이, 아라키딜글루코사이드, 시어버터, 하이드로제네이티드레시틴, 솔비탄아이소스테아레이트, 글리세릴스테아레이트, 스테아릭애씨드, 세라마이드엔피, 콜레스테롤, 피이지-100스테아레이트, 로즈마리잎오일**, 라임전초오일**, 센티드제라늄꽃오일**, 오렌지껍질오일**, 시트랄, 시트로넬올, 리모넨, 제라니올, 리날룰"
pi_cream_A000000259494,cream,[7월올영픽/1등진정] 파넬 시카마누 레드 리페어 크림 50ml 더블기획 (+세럼 15ml),파넬,,,,A000000259494,olive_crwl_price_ingredient,50.0,65.0,ml,40000.0,26900.0,4138.5,"(크림)
정제수, 글리세린, 카프릴릭/카프릭트라이글리세라이드, 세테아릴알코올, 1,2-헥산다이올, 프로판다이올, 부틸렌글라이콜다이카프릴레이트/다이카프레이트, 폴리글리세린-3, 비닐다이메티콘, 하이드로제네이티드폴리데센, 판테놀, 스쿠알란, 세테아릴올리베이트, 솔비탄올리베이트, 글리세릴스테아레이트, 폴리아크릴레이트-13, 부틸렌글라이콜, 아크릴레이트/C10-30알킬아크릴레이트크로스폴리머, 하이드로제네이티드폴리아이소부텐, 병풀추출물(1,025 ppm), 잇꽃꽃추출물, 하이드록시에틸아크릴레이트/소듐아크릴로일다이메틸타우레이트코폴리머, 덱스트린, 알지닌, 에틸헥실글리세린, 치자추출물, 다이소듐이디티에이, 폴리글리세릴-10라우레이트, 2,3-부탄다이올, 에틸헥실팔미테이트, 카카오씨추출물, 칸디다 봄비콜라/글루코오스/메틸레이프씨데이트발효물, 솔비탄아이소스테아레이트, 불가리스쑥오일, 소듐하이알루로네이트, 라우릴글루코사이드, 올리브오일, 에톡시다이글라이콜, 하이드로제네이티드레시틴, 아시아티코사이드(42 ppm), 아시아틱애씨드(31.5 ppm), 마데카식애씨드(31.43 ppm), 마누카잎추출물(25 ppm), 꿀추출물(20 ppm), 락토바실러스발효물, 병풀꽃/잎/줄기추출물(10 ppm), 병풀뿌리추출물(10 ppm), 해바라기씨오일, 마데카소사이드(1.07 ppm), 멜라토닌, 셀필룸추출물, 테아닌, 소듐디엔에이

(세럼)
정제수, 부틸렌글라이콜, 글리세린, 1,2-헥산다이올, 카보머, 트로메타민, 폴리글리세릴-10라우레이트, 프로판다이올, 인도멀구슬나무잎추출물, 병풀추출물(744ppm), 카카오씨추출물, 에틸헥실글리세린, 불가리스쑥오일, 인도멀구슬나무꽃추출물, 덱스트린, 다이소듐이디티에이, 소듐폴리아크릴레이트, 펜틸렌글라이콜, 황련뿌리추출물, 락토바실러스발효물, 마누카잎추출물(20ppm), 마데카소사이드(20ppm), 데실글루코사이드, 카프릴릴글라이콜, 꿀추출물(900ppb), 메도우폼씨오일, 카프릴릭/카프릭트라이글리세라이드, 올리브오일, 하이드로제네이티드레시틴, 세라마이드엔피, 피토스핑고신, 멜라토닌"
pi_cream_A000000230799,cream,[모공천재/화잘먹] 오드로이 모공수축 크림 모공요철 케어 100ml 더블기획 (+미스트앰플 30ml),오드로이,,,,A000000230799,olive_crwl_price_ingredient,100.0,130.0,ml,56000.0,36800.0,2830.8,"정제수, 부틸렌글라이콜, 글리세린, 1,2-헥산다이올, 마카다미아씨오일, 하이드로제네이티드폴리(C6-14올레핀), 다이카프릴릴카보네이트, 알지닌, 아크릴레이트/C10-30알킬아크릴레이트크로스폴리머, 글리세릴카프릴레이트, 세테아릴올리베이트, 스쿠알란, 솔비탄올리베이트, 하이드록시에틸아크릴레이트/소듐아크릴로일다이메틸타우레이트코폴리머, 해바라기씨오일, 알란토인, 완두콩추출물, 약모밀추출물, 토코페롤, 향료, 에난티아 클로란타껍질추출물, 다이포타슘글리시리제이트, 아데노신, 소듐글루코네이트, 시트릭애씨드, 블랙체리열매추출물, 펜틸렌글라이콜, 하이드롤라이즈드콜라겐, 올레아놀릭애씨드"
pi_cream_A000000192782,cream,[1+1/1등 모공 수분천재크림] 에스네이처 아쿠아 스쿠알란 수분크림 60ml 더블기획,에스네이처,,,,A000000192782,olive_crwl_price_ingredient,60.0,120.0,ml,43000.0,23500.0,1958.3,"정제수, 스쿠알란(150,000ppm), 글리세린, 1,2-헥산다이올, 베타인, 판테놀, 소듐하이알루로네이트, 하이드롤라이즈드콜라겐, 하이드록시프로필트라이모늄하이알루로네이트, 하이드롤라이즈드하이알루로닉애씨드, 소듐아세틸레이티드하이알루로네이트, 아세틸헥사펩타이드-8, 아데노신, 하이알루로닉애씨드, 하이드롤라이즈드소듐하이알루로네이트, 소듐하이알루로네이트크로스폴리머, 포타슘하이알루로네이트, 아크릴레이트/C10-30알킬아크릴레이트크로스폴리머, 알지닌, 알란토인, 자일리틸글루코사이드, 안하이드로자일리톨, 자일리톨, 글루코오스, 부틸렌글라이콜, 암모늄아크릴로일다이메틸타우레이트/브이피코폴리머, 카프릴릴글라이콜"
pi_cream_A000000198320,cream,[올영 어워즈 1등 크림] 에스트라 아토베리어365 크림 80ml,에스트라,,,,A000000198320,olive_crwl_price_ingredient,80.0,80.0,ml,33000.0,29700.0,3712.5,"정제수, 부틸렌글라이콜, 글리세린, 부틸렌글라이콜다이카프릴레이트/다이카프레이트, 세틸에틸헥사노에이트, 스쿠알란, 펜타에리스리틸테트라아이소스테아레이트, 다이카프릴릴카보네이트, 베헤닐알코올, 다이메티콘, 하이드록시프로필비스팔미타마이드엠이에이, 스테아릭애씨드, 베타인, 만니톨, C14-22알코올, 팔미틱애씨드, 하이드록시프로필비스라우라마이드엠이에이, 아라키딜알코올, 콜레스테롤, 폴리아크릴레이트-13, C12-20알킬글루코사이드, 알란토인, 아라키딜글루코사이드, 나이아신아마이드, 세라마이드엔피, 글리세릴카프릴레이트, 에틸헥실글리세린, 하이드로제네이티드폴리아이소부텐, 카보머, 트로메타민, 다이메티콘올, 폴리글리세릴-10라우레이트, 하이드로제네이티드레시틴, 에틸헥실팔미테이트, 아크릴레이트/암모늄메타크릴레이트코폴리머, 솔비탄아이소스테아레이트, 실리카, 피토스핑고신, 스핑고리피드, 아라키딕애씨드, 토코페롤, 올레익애씨드"
pi_cream_A000000258834,cream,[7월 올영픽] 에스트라 아토베리어365 하이드로 수딩크림 80ml 기획 (+수딩크림 10ml+클렌징폼 30g),에스트라,,,,A000000258834,olive_crwl_price_ingredient,80.0,90.0,ml,33000.0,26400.0,2933.3,"정제수, 글리세린, 부틸렌글라이콜, 다이메티콘, 스쿠알란, 1,2-헥산다이올, 베타인, 세테아릴알코올, 암모늄아크릴로일다이메틸타우레이트/브이피코폴리머, 하이드로제네이티드쌀겨오일, 하이드로제네이티드레시틴, 폴리글리세릴-3메틸글루코오스다이스테아레이트, 폴리아크릴레이트크로스폴리머-6, 만니톨, 세틸-피지하이드록시에틸팔미타마이드, 스테아릭애씨드, 에틸헥실글리세린, 글리세릴카프릴레이트, 프로판다이올, 글리세릴스테아레이트, 소듐메타포스페이트, 세라마이드엔피, 카보머, 팔미틱애씨드, 실리카, 징크클로라이드, 콜레스테롤, 베타-글루칸, 스핑고리피드, 소듐하이알루로네이트, 하이드록시프로필메틸셀룰로오스, 미리스틱애씨드, 프로필렌글라이콜, 라우릭애씨드, 토코페롤"
pi_cream_A000000253592,cream,"[흔적,기미,미백/TXA] 셀리맥스 트라넥삼산 잡티 크림 35ml 기획 (+14ml)",셀리맥스,,,,A000000253592,olive_crwl_price_ingredient,35.0,49.0,ml,35000.0,21900.0,4469.4,"전성분 정제수, 글리세린, 나이아신아마이드, 트라넥사믹애씨드, 카프릴릭/카프릭트라이글리세라이드, 다이프로필렌글라이콜, 1,2-헥산다이올, 퀸즈랜드넛오일, 페닐트라이메티콘, 하이드로제네이티드폴리(C6-14올레핀), 다이카프릴릴에테르, 비닐다이메티콘, 세테아릴알코올, 프로판다이올, 세테아릴올리베이트, 글리세릴스테아레이트에스이, 솔비탄올리베이트, 암모늄아크릴로일다이메틸타우레이트/브이피코폴리머, 베헤닐알코올, 다이메티콘올, 세테아릴글루코사이드, 다시마추출물, 한련초잎추출물, 하이드로제네이티드레시틴, 세라마이드엔피, 베타인, 에틸헥실글리세린, 잔탄검, 비파나무잎추출물, 아데노신, 프룩토올리고사카라이드, 황련뿌리추출물, 콜레스테롤, 부틸렌글라이콜, 베타-글루칸, 스피어민트추출물, 하이드롤라이즈드하이알루로닉애씨드, 카카오씨추출물, 덱스트린, 토코페롤, 아스코빅애씨드폴리펩타이드, 글리세릴스테아레이트, 세라마이드에이에스, 세라마이드에이피, 세라마이드엔에스, 세라마이드이오피"
pi_cream_A000000206904,cream,[손상장벽집중케어] 라로슈포제 시카플라스트 밤 B5+ 100ml 기획 (+3ml 추가증정),라로슈포제,,,,A000000206904,olive_crwl_price_ingredient,5.0,108.0,ml,41000.0,36900.0,3416.7,정제수 하이드로제네이티드폴리아이소부텐 다이메티콘 글리세린 시어버터 판테놀 옥수수전분 프로판다이올 부틸렌글라이콜 세틸피이지/피피지-10/1다이메티콘 트라이하이드록시스테아린 병풀잎추출물 야콘뿌리즙 징크글루코네이트 마데카소사이드 망가니즈글루코네이트 알파-글루칸올리고사카라이드 실리카 알루미늄하이드록사이드 마그네슘설페이트 만노오스 카프릴로일글라이신 카프릴릴글라이콜 비트레오스실라발효물 시트릭애씨드 트라이소듐에틸렌다이아민다이석시네이트 락토바실러스 아세틸레이티드글라이콜스테아레이트 말토덱스트린 폴리글리세릴-4아이소스테아레이트 토코페롤 펜타에리스리틸테트라-다이-t-부틸하이드록시하이드로신나메이트 티타늄디옥사이드
pi_cream_A000000257827,cream,[7월 올영픽] 라로슈포제 시카플라스트 멀티 리페어 크림 100ml (+시카에센스 7.5ml),라로슈포제,,,,A000000257827,olive_crwl_price_ingredient,100.0,107.5,ml,52000.0,41600.0,3869.8,"[시카플라스트 멀티 리페어 크림]
정제수 다이카프릴릴에터 판테놀 글리세린 펜틸렌글라이콜 폴리글리세릴-6다이스테아레이트 프로판다이올 세틸에스터 호호바에스터 베헤닐알코올 그린와틀꽃왁스 해바라기씨왁스 병풀잎추출물 야콘뿌리즙 솔비탄올리에이트 징크글루코네이트 마데카소사이드 세테아릴아이소노나노에이트 망가니즈글루코네이트 아이소헥사데칸 알파-글루칸올리고사카라이드 소듐하이알루로네이트 소듐스테아로일글루타메이트 아데노신 만노오스 카퍼글루코네이트 하이드록시아세토페논 하이드록시프로필스타치포스페이트 카프릴로일살리실릭애씨드 비트레오스실라발효물 시트릭애씨드 트라이소듐에틸렌다이아민다이석시네이트 락토바실러스 말토덱스트린 폴리글리세린-3 폴리글리세릴-3비즈왁스 폴리솔베이트80 아크릴아마이드/소듐아크릴로일다이메틸타우레이트코폴리머 세틸알코올 토코페롤

[시카에센스]
정제수 비피다발효용해물 판테놀 다이메티콘 베타인 글리세린 부틸렌글라이콜 펜틸렌글라이콜 아이소프로필미리스테이트 피이지/피피지/폴리부틸렌글라이콜-8/5/3글리세린 소듐하이드록사이드 만노오스 메틸다이하이드로자스모네이트 아크릴레이트/C10-30알킬아크릴레이트크로스폴리머 페녹시에탄올 하이드로제네이티드레시틴 알파-글루칸올리고사카라이드 카프릴릴글라이콜 폴리솔베이트20 마데카소사이드 스핑고모나스발효추출물 시트릭애씨드 야콘뿌리즙 소듐메틸스테아로일타우레이트 아세틸다이펩타이드-1세틸에스터 소듐벤조에이트 말토덱스트린 징크글루코네이트 망가니즈글루코네이트 소듐하이알루로네이트 엑토인 단삼뿌리추출물 살리실로일피토스핑고신 락토바실러스 트라이소듐에틸렌다이아민다이석시네이트 비사보롤"
pi_cream_A000000255752,cream,[7월올영픽] 닥터지 레드블레미쉬 클리어 수딩크림 EX 70ml기획 (+30ml+세럼10ml*2ea),닥터지,,,,A000000255752,olive_crwl_price_ingredient,70.0,110.0,ml,38000.0,26600.0,2418.2,"[크림] 
정제수, 글리세린, 부틸렌글라이콜, 다이카프릴릴에터, 나이아신아마이드, 1,2-헥산다이올, 펜틸렌글라이콜, 소듐하이알루로네이트, 병풀잎추출물, 비피다발효여과물, 락토바실러스발효물, 병풀꽃/잎/줄기추출물, 병풀뿌리추출물, 병풀추출물, 효모발효여과물, 하이드로제네이티드폴리데센, 다이카프릴릴카보네이트, 하이드록시에틸아크릴레이트/소듐아크릴로일다이메틸타우레이트코폴리머, 판테놀, 아크릴레이트/C10-30알킬아크릴레이트크로스폴리머, 실리카, 트로메타민, 솔비톨, 글리세릴아크릴레이트/아크릴릭애씨드코폴리머, 에틸헥실글리세린, 트라이소듐에틸렌다이아민다이석시네이트, 알란토인, 다이프로필렌글라이콜, 토코페롤, 마데카소사이드, 폴리글리세릴-10라우레이트, 포스파티딜콜린, 하이드로제네이티드레시틴, 칼슘판토테네이트, 스쿠알란, 에리스리톨, 에틸헥실팔미테이트, 아시아티코사이드, 마데카식애씨드, 아시아틱애씨드, 트라이하이드록시스테아린, 세라마이드엔피, 다발방패버섯추출물, 잔탄검
[세럼]
정제수, 부틸렌글라이콜, 다이프로필렌글라이콜, 나이아신아마이드, 1,2-헥산다이올, 글리세린, 판테놀, 글리세레스-26, 하이드록시에틸셀룰로오스, 에리스리톨, 소듐폴리아크릴로일다이메틸타우레이트, 소듐하이알루로네이트(1,100 ppm), 알란토인, 에틸헥실글리세린, 카프릴릭/카프릭트라이글리세라이드, 바이오사카라이드검-1, 다이소듐이디티에이, 하이드로제네이티드레시틴, 베타인살리실레이트, 석시닉애씨드, 트로메타민, 효모발효여과물, 옥틸도데칸올, 폴리글리세릴-10라우레이트, 포스파티딜콜린, 아시아티코사이드(48 ppm), 병풀잎추출물(40 ppm), 마데카식애씨드(36 ppm), 아시아틱애씨드(36 ppm), 글라이코리피드, 세라마이드엔피, 베타-글루칸, 락토바실러스발효물, 락토바실러스/콩발효추출물, 류코노스톡/무발효여과물, 효모발효추출물, 팔미토일트라이펩타이드-5, 다발방패버섯추출물, 마데카소사이드(3.6 ppm), 병풀추출물(3.4 ppm), 하이드록시프로필트라이모늄하이알루로네이트(1 ppm), 토코페롤, 징크피씨에이, 헥사펩타이드-9"
pi_cream_A000000134691,cream,바이오더마 시카비오 포마드 100ml(리페어 리치 밤),바이오더마,,,,A000000134691,olive_crwl_price_ingredient,100.0,100.0,ml,40000.0,29450.0,2945.0,"정제수, 글리세린, 미네랄오일, 카프릴릭/카프릭트라이글리세라이드, 프룩토올리고사카라이드, 폴리글리세릴-4다이아이소스테아레이트/폴리하이드록시스테아레이트/세바케이트, 프로판다이올, 자일리톨, 징크스테아레이트, 소듐시트레이트, 부틸렌글라이콜, 카프릴로일글라이신, 카퍼설페이트, 소듐하이드록사이드, 소듐하이알루로네이트, 징크설페이트, 포도덩굴추출물, 라우레스-3, 아시아티코사이드, 아시아틱애씨드, 마데카식애씨드, 라미나리아 오크롤레우카추출물, 하이드록시에틸셀룰로오스, 아세틸다이펩타이드-1세틸에스터, 만니톨, 람노오스, 포타슘솔베이트 (0.003%)"
pi_cream_A000000246297,cream,[광채/기미] 코페르 큐리페어 멜라크림 21ml 기획(+4ml),코페르,,,,A000000246297,olive_crwl_price_ingredient,21.0,25.0,ml,35700.0,28800.0,11520.0,"정제수, 글리세린, 하이드로제네이티드폴리데센, 네오펜틸글라이콜다이카프레이트, 메틸프로판다이올, 세틸피이지/피피지-10/1다이메티콘, 나이아신아마이드, 사이클로펜타실록세인, 1,2-헥산다이올, 다이메티콘, 트라이하이드록시스테아린, 사이클로헥사실록세인, 시어버터, 솔비탄세스퀴올리에이트, 실리카, 소듐클로라이드, 마트리카리아꽃추출물, 인동덩굴꽃추출물, 병풀추출물, 호장근뿌리추출물, 황금추출물, 녹차추출물, 스페인감초뿌리추출물, 로즈마리잎추출물, 유럽밤나무씨추출물, 뽕나무잎추출물, 에스에이치-올리고펩타이드-1, 에스에이치-올리고펩타이드-2, 에스에이치-폴리펩타이드-1, 에스에이치-폴리펩타이드-3, 에스에이치-폴리펩타이드-9, 에스에이치-폴리펩타이드-16, 에스에이치-폴리펩타이드-62, 에스에이치-폴리펩타이드-11, 에스에이치-폴리펩타이드-22, 에스에이치-폴리펩타이드-60, 에틸헥실글리세린, 편백수, 티타늄디옥사이드, 트라이에톡시카프릴릴실레인, 알루미늄하이드록사이드, 부틸렌글라이콜, 카프릴릴글라이콜, 스타아니스추출물, 아데노신, 다이소듐이디티에이, 라벤더오일, 리날룰"
pi_cream_A000000245087,cream,[장원영PICK] 닥터엘시아 345 릴리프 크림 50ml 기획 (+10ml*2ea+튜브링거),닥터엘시아,,,,A000000245087,olive_crwl_price_ingredient,50.0,60.0,ml,29000.0,24500.0,4083.3,"정제수, 티트리잎수, 프로판다이올, 글리세린, 1,2-헥산다이올, 하이드로제네이티드폴리데센, 비닐다이메티콘, C14-22알코올, 카프릴릭/카프릭트라이글리세라이드, 나이아신아마이드, 판테놀, 다이카프릴릴카보네이트, 부틸렌글라이콜, 암모늄아크릴로일다이메틸타우레이트/브이피코폴리머, 카프릴릴메티콘, 폴리메틸실세스퀴옥세인, C12-20알킬글루코사이드, 하이드록시아세토페논, 아크릴레이트/C10-30알킬아크릴레이트크로스폴리머, 폴리쿼터늄-51, 에틸헥실글리세린, 트로메타민, 소듐하이알루로네이트, 소듐스테아로일글루타메이트, 황련뿌리추출물, 병풀잎수, 베타-글루칸, 레스베라트롤, 하이드롤라이즈드하이알루로닉애씨드, 녹차수, 토코페롤, 마데카소사이드, 소듐디엔에이, 병풀추출물, 세라마이드엔피, 탄닉애씨드, 다이소듐이디티에이, 소듐파이테이트"
pi_cream_A000000247776,cream,"[NCT 재민PICK] 이즈앤트리 어니언 뉴페어 겔크림 플러스 50ml 기획 (+겔크림 플러스 20ml, 패드 2매)",이즈앤트리,,,,A000000247776,olive_crwl_price_ingredient,50.0,70.0,ml,32000.0,22400.0,3200.0,"[어니언 겔크림 플러스]
정제수, 글리세린, 카프릴릭/카프릭트라이글리세라이드, 나이아신아마이드, 프로판다이올, 1,2-헥산다이올, 하이드록시에틸아크릴레이트/소듐아크릴로일다이메틸타우레이트코폴리머, 양파추출물(10,100 ppm), 부틸렌글라이콜, 세테아릴알코올, 비닐다이메티콘, 카보머, 세테아릴올리베이트, 솔비톨, 솔비탄올리베이트, 바이오사카라이드검-1, 소듐폴리아크릴로일다이메틸타우레이트, 알지닌, 소듐아스코빌포스페이트, 글루타티온, 쿼세틴, 페룰릭애씨드, 알란토인, 판테놀, 소듐하이알루로네이트, 하이드롤라이즈드하이알루로닉애씨드, 하이알루로닉애씨드, 하이드록시프로필트라이모늄하이알루로네이트, 소듐아세틸레이티드하이알루로네이트, 마데카소사이드, 스쿠알란, 약모밀추출물, 사이아노코발아민, 솔비탄아이소스테아레이트, 하이드로제네이티드폴리데센, 에틸헥실글리세린, 시트릭애씨드, 하이드록시에틸셀룰로오스, 덱스트린, 다이소듐이디티에이, 소듐시트레이트, 트라이데세스-10, 치자추출물, 아데노신, 하이드로제네이티드레시틴, 폴리글리세릴-10스테아레이트, 펜틸렌글라이콜, 데실글루코사이드, 알지닌/라이신폴리펩타이드, 카프릴릴글라이콜
[어니언 패드]
정제수, 부틸렌글라이콜, 글리세린, 1, 2-헥산다이올, 나이아신아마이드, 양파추출물(843ppm), 트레할로오스, 약모밀추출물, 판테놀, 알란토인, 소듐헤파린, 소듐하이알루로네이트, 하이드롤라이즈드하이알루로닉애씨드, 소듐아세틸레이티드하이알루로네이트, 인도멀구슬나무꽃추출물, 아이비고드열매추출물, 트라넥사믹애씨드, 소듐아스코빌포스페이트, 글루코노락톤, 베타-글루칸, 하이드록시에틸셀룰로오스, 아데노신, 시트릭애씨드, 에틸헥실글리세린, 폴리솔베이트60, 다이소듐포스페이트, 소듐포스페이트"
pi_cream_A000000231892,cream,[수지 PICK/단독기획] 아누아 피디알엔 히알루론산 100 수분 크림 60mL 2입 기획,아누아,,,,A000000231892,olive_crwl_price_ingredient,60.0,120.0,ml,64000.0,29500.0,2458.3,"정제수, 스쿠알란, 글리세린, 나이아신아마이드, 펜틸렌글라이콜, 1,2-헥산다이올, 소듐디엔에이(1,000ppm), 하이드롤라이즈드콜라겐(1,000ppm), 소듐하이알루로네이트(600ppm), 인도멀구슬나무잎추출물, 하이드롤라이즈드하이알루로닉애씨드(300ppm), 인도멀구슬나무꽃추출물, 아이비고드열매추출물, 하이알루로닉애씨드(100ppm), 알로에베라꽃추출물, 가지열매추출물, 홀리바질잎추출물, 참산호말추출물, 울금뿌리추출물, 병풀잎추출물, 다이페닐실록시페닐트라이메티콘, 피씨에이다이메티콘, 부틸렌글라이콜, 프로판다이올, 암모늄아크릴로일다이메틸타우레이트/브이피코폴리머, 다이글리세린, 하이드록시에틸아크릴레이트/소듐아크릴로일다이메틸타우레이트코폴리머, 아크릴레이트/C10-30알킬아크릴레이트크로스폴리머, C12-20알킬글루코사이드, 메틸프로판다이올, 에틸헥실글리세린, 아데노신, 소듐파이테이트, 아미노메틸프로판다이올, 피브이엠/엠에이코폴리머, 마데카소사이드, C12-13알케스-9, 다이메틸실란올하이알루로네이트(750ppb), 하이드롤라이즈드소듐하이알루로네이트(750ppb), 아시아티코사이드, 포타슘하이알루로네이트(500ppb), 하이드록시프로필트라이모늄하이알루로네이트(400ppb), 소듐하이알루로네이트크로스폴리머(400ppb), 소듐하이알루로네이트다이메틸실란올(250ppb), 소듐아세틸레이티드하이알루로네이트(200ppb), 베헤닐알코올, C14-22알코올, 카보머"
pi_cream_A000000202893,cream,[수분충전/쿨링진정] 에스네이처 아쿠아 오아시스 수분 젤크림 90ml 기획 (+카밍패드 2매),에스네이처,,,,A000000202893,olive_crwl_price_ingredient,90.0,90.0,ml,34000.0,22900.0,2544.4,"젤크림 : 정제수, 글리세린, 부틸렌글라이콜, 1,2-헥산다이올, 블루아가베잎추출물, 알란토인, 소듐하이알루로네이트, 하이드록시프로필트라이모늄하이알루로네이트, 하이드롤라이즈드하이알루로닉애씨드, 소듐아세틸레이티드하이알루로네이트, 하이알루로닉애씨드, 하이드롤라이즈드소듐하이알루로네이트, 소듐하이알루로네이트크로스폴리머, 포타슘하이알루로네이트, 알지닌, 메틸트라이메티콘, 에틸헥실글리세린, 암모늄아크릴로일다이메틸타우레이트/브이피코폴리머, 하이드록시에틸아크릴레이트/소듐아크릴로일다이메틸타우레이트코폴리머, 아크릴레이트/C10-30알킬아크릴레이트크로스폴리머, 하이드로제네이티드폴리(C6-14올레핀), 메틸다이아이소프로필프로피온아마이드, 다이메티콘/비닐다이메티콘크로스폴리머, 솔비탄아이소스테아레이트, 다이소듐이디티에이

카밍패드 : 정제수, 프로판다이올, 부틸렌글라이콜, 판테놀(30,000ppm), 다이프로필렌글라이콜, 글리세릴글루코사이드, 소듐피씨에이 베타인, 알란토인(1,500ppm), 글루코노락톤, 글리세린, 소듐하이알루로네이트, 사카라이드아이소머레이트, 보검선인장줄기추출물, 하이드록시프로필트라이모늄하이알루로네이트, 하이드롤라이즈드하이알루로닉애씨드, 소듐아세틸레이티드하이알루로네이트, 하이알루로닉애씨드, 하이드롤라이즈드소듐하이알루로네이트, 소듐하이알루로네이트크로스폴리머, 포타슘하이알루로네이트, 탱자추출물, 다이포타슘글리시리제이트, 효모발효물, 락토바실러스발효물, 에틸헥실글리세린, 카프릴릴글라이콜, 트로메타민, 1,2-헥산다이올, 소듐파이테이트, 하이드록시아세토페논, 글리세릴아크릴레이트/아크릴릭애씨드코폴리머, 피브이엠/엠에이코폴리머"
pi_cream_A000000199701,cream,[카디비PICK|탄력보습] 바이오힐보 프로바이오덤 3D리프팅 크림 50ml [단품/기획],바이오힐보,,,,A000000199701,olive_crwl_price_ingredient,50.0,50.0,ml,70200.0,39900.0,7980.0,"정제수, 락토바실러스발효용해물, 글리세린, 다이프로필렌글라이콜, 카프릴릭/카프릭트라이글리세라이드, 세테아릴알코올, 메도우폼씨오일, 글리세레스-26, 비닐다이메티콘, 하이드로제네이티드폴리(C6-14올레핀), 하이드로제네이티드폴리데센, 폴리글리세릴-3메틸글루코오스다이스테아레이트, 글리세릴스테아레이트, 베타인, 폴리글리세린-3, 1,2-헥산다이올, 세테아릴올리베이트, 펜틸렌글라이콜, 피토스테릴/베헤닐/옥틸도데실라우로일글루타메이트, 락토바실러스발효물, 프룩토올리고사카라이드, 프룩탄, 이눌린, 판테놀, 베타-글루칸, 아데노신, 사포닌, 수용성프로테오글리칸, 노나펩타이드-1, 아세틸테트라펩타이드-9, 아세틸테트라펩타이드-5, 아세틸헥사펩타이드-1, 아세틸헥사펩타이드-8, 팔미토일트라이펩타이드-8, 다이펩타이드다이아미노부티로일벤질아마이드다이아세테이트, 카퍼트라이펩타이드-1, 트라이펩타이드-1, 팔미토일테트라펩타이드-7, 팔미토일트라이펩타이드-1, 팔미토일트라이펩타이드-5, 팔미토일펜타펩타이드-4, 팔미토일헥사펩타이드-12, 펜타펩타이드-3, 헥사펩타이드-9, 올리고펩타이드-2, 맥아추출물, 참마뿌리추출물, 오일팜오일, 베헤닐알코올, 솔비탄올리베이트, 시어버터, 다이펜타에리스리틸헥사하이드록시스테아레이트/헥사스테아레이트/헥사로지네이트, 하이드로제네이티드채종유, 하이드록시아세토페논, 소듐폴리아크릴레이트, 하이드롤라이즈드호호바에스터, 피이지-100스테아레이트, 에틸헥실글리세린, 아크릴레이트/C10-30알킬아크릴레이트크로스폴리머, 잔탄검, 트로메타민, 부틸렌글라이콜, 말토덱스트린, 사이아노코발아민, 세틸에틸헥사노에이트, 프로판다이올, 세테아릴글루코사이드, 알진, 소듐스테아로일글루타메이트, 토코페롤, 바이오사카라이드검-4, 미네랄솔트, 하이드롤라이즈드옥수수전분, 소듐포스페이트, 카프릴릴글라이콜, 수크로오스, 덱스트란, 다이소듐포스페이트, 향료"
pi_cream_A000000239660,cream,피지오겔 DMT 페이셜 보습 장벽 크림 150ml 기획(+토너 50ml),피지오겔,,,,A000000239660,olive_crwl_price_ingredient,150.0,200.0,ml,47500.0,23900.0,1195.0,"[피지오겔 DMT 페이셜 크림]
정제수, 카프릴릭/카프릭트라이글리세라이드, 글리세린, 펜틸렌글라이콜, 코코넛야자오일, 하이드로제네이티드레시틴, 시어버터, 하이드록시에틸셀룰로오스, 스쿠알란, 카보머, 잔탄검, 소듐카보머, 세라마이드엔피
[피지오겔 DMT 에센스 인 토너]
정제수, 다이프로필렌글라이콜, 글리세린, 1,2-헥산다이올, 헥실데실에틸헥사노에이트, 펜타에리스리틸테트라에틸헥사노에이트, 변성알코올, 베타인, 사이클로펜타실록세인, 아크릴레이트/C10-30알킬아크릴레이트크로스폴리머, 트로메타민, 다이메티콘, 피토스테롤, 소듐하이알루로네이트, 트라이소듐이디티에이, 세린, 소듐피씨에이, 하이드록시에틸우레아, 알지닌, 카프릴릭/카프릭트라이글리세라이드, 스쿠알란"
pi_cream_A000000254747,cream,에스트라 아토베리어365 하이드로 수딩크림 80ml 기획(토너25ml+클렌징폼30g),에스트라,,,,A000000254747,olive_crwl_price_ingredient,80.0,105.0,ml,33000.0,26400.0,2514.3,"정제수, 글리세린, 부틸렌글라이콜, 다이메티콘, 스쿠알란, 1,2-헥산다이올, 베타인, 세테아릴알코올, 암모늄아크릴로일다이메틸타우레이트/브이피코폴리머, 하이드로제네이티드쌀겨오일, 하이드로제네이티드레시틴, 폴리글리세릴-3메틸글루코오스다이스테아레이트, 폴리아크릴레이트크로스폴리머-6, 만니톨, 세틸-피지하이드록시에틸팔미타마이드, 스테아릭애씨드, 에틸헥실글리세린, 글리세릴카프릴레이트, 프로판다이올, 글리세릴스테아레이트, 소듐메타포스페이트, 세라마이드엔피, 카보머, 팔미틱애씨드, 실리카, 징크클로라이드, 콜레스테롤, 베타-글루칸, 스핑고리피드, 소듐하이알루로네이트, 하이드록시프로필메틸셀룰로오스, 미리스틱애씨드, 프로필렌글라이콜, 라우릭애씨드, 토코페롤"
pi_cream_A000000231590,cream,[대용량] 제로이드 인텐시브 크림 80ml 기획 (+50ml),제로이드,,,,A000000231590,olive_crwl_price_ingredient,80.0,130.0,ml,40000.0,36000.0,2769.2,"정제수, 프로판다이올, 카프릴릭/카프릭트라이글리세라이드, 글리세린, 식물성스쿠알란, 세테아릴알코올, 폴리글리세릴-10다이스테아레이트, 글리
세릴스테아레이트, 스테아릭애씨드, 다이메티콘, 1,2-헥산다이올, 미리스토일/팔미토일옥소스테아라마이드/아라카마이드엠이에이, 피토스테롤, 토코페릴
아세테이트, 카놀라오일, 올리브오일, 세틸팔미테이트, 솔비탄팔미테이트, 솔비탄올리베이트, 비사보롤, 메틸카프로오일타이로지네이트, 잔탄검, 소듐하이
알루로네이트, 카보머, 알지닌, 카프릴릴글라이콜"
pi_cream_A000000258294,cream,토리든 다이브인 저분자 히알루론산 수딩 크림 100ml 2입 기획,토리든,,,,A000000258294,olive_crwl_price_ingredient,100.0,200.0,ml,42000.0,29400.0,1470.0,"정제수, 부틸렌글라이콜, 글리세린, 1,2-헥산다이올, 하이드로제네이티드다이데센, 카프릴릭/카프릭트라이글리세라이드, 판테놀, 소듐하이알루로네이트, 소듐하이알루로네이트크로스폴리머, 하이드롤라이즈드소듐하이알루로네이트, 소듐아세틸레이티드하이알루로네이트, 하이드롤라이즈드하이알루로닉애씨드(500ppm), 알란토인, 엑토인, 감초추출물, 트레할로오스, 버지니아풍년화추출물, 글리세릴아크릴레이트/아크릴릭애씨드코폴리머, 피브이엠/엠에이코폴리머, 하이드록시에틸아크릴레이트/소듐아크릴로일다이메틸타우레이트코폴리머, 2,3-부탄다이올, 세테아릴알코올, C14-22알코올, C12-20알킬글루코사이드, 펜틸렌글라이콜, 솔비탄아이소스테아레이트, 카프릴릴메티콘, 클레리추출물, 라벤더꽃추출물, 히아신스전초추출물, 마트리카리아꽃추출물, 수레국화꽃추출물, 보리지추출물, 다이소듐이디티에이, 카보머, 트로메타민, 잔탄검, 글루타티온, 말라카이트추출물, 글루코닉애씨드, 에틸헥실글리세린"
pi_cream_A000000248826,cream,[여배우광채크림] 메디큐브 PDRN 핑크 콜라겐 캡슐크림 55g 기획 (+4.5g*2ea),메디큐브,,,,A000000248826,olive_crwl_price_ingredient,55.0,59.5,g(약 1ml 상당으로 근사),33300.0,23500.0,3949.6,"정제수, 글리세린, 나이아신아마이드, 메틸프로판다이올, 프로판다이올, 1,2-헥산다이올, 다이프로필렌글라이콜, 카프릴릭/카프릭트라이글리세라이드, 부틸렌글라이콜, 글리세레스-26, 알지닌, 카보머, 세테아릴알코올, 세테아릴올리베이트, 에틸헥실팔미테이트, 솔비탄올리베이트, 스쿠알란, 암모늄아크릴로일다이메틸타우레이트/브이피코폴리머, 시메티콘, 에틸헥실글리세린, 지치뿌리추출물, 아데노신, 해바라기씨오일, 폴리아크릴레이트-13, 소듐디엔에이(200ppm), 다이소듐이디티에이, 폴리아이소부텐, 글리세릴스테아레이트, 하이드롤라이즈드스클레로튬검, 서양배추출물, 알간나무커넬오일, 다마스크장미꽃수, 오리스뿌리추출물, 폴리솔베이트20, 멜론추출물, 솔비탄아이소스테아레이트, 서양송악잎/줄기추출물, 글루타티온, 소듐하이알루로네이트, 옥틸도데칸올, 연어알추출물, 하이드록시프로필트라이모늄하이알루로네이트, 토코페롤, 하이드로제네이티드레시틴, 세라마이드엔피, 사이아노코발아민, 티옥틱애씨드, 소듐아세틸레이티드하이알루로네이트, 하이드롤라이즈드콜라겐추출물(0.1ppm), 하이드롤라이즈드하이알루로닉애씨드, 아세틸헥사펩타이드-8, 카퍼트라이펩타이드-1, 카프릴릴글라이콜, 하이알루로닉애씨드, 팔미토일펜타펩타이드-4, 팔미토일헥사펩타이드-12, 소듐하이알루로네이트크로스폴리머, 하이드롤라이즈드소듐하이알루로네이트, 포타슘하이알루로네이트"
pi_cream_A000000250472,cream,[7월 올영픽] 에스트라 에이시카365 리페어 크림 pH4.5 60ml (+크림 20ml+마스크 2매),에스트라,,,,A000000250472,olive_crwl_price_ingredient,60.0,80.0,ml,30000.0,21000.0,2625.0,"정제수, 글리세린, 부틸렌글라이콜, 에틸헥실스테아레이트, 나이아신아마이드, 1,2-헥산다이올, 다이메티콘, 다이에톡시에틸석시네이트, 글루코노락톤, 세테아릴올리베이트, 폴리아크릴레이트크로스폴리머-6, 판테놀, 폴리글리세릴-10베헤네이트/에이코사디오에이트, 폴리메틸실세스퀴옥세인, 솔비탄올리베이트, 하이드로제네이티드레시틴, 트로메타민, 세테아릴알코올, 하이드록시에틸아크릴레이트/소듐아크릴로일다이메틸타우레이트코폴리머, 소듐폴리아크릴로일다이메틸타우레이트, 아크릴레이트/C10-30알킬아크릴레이트크로스폴리머, 에틸헥실글리세린, 잔탄검, 세테아릴글루코사이드, 소듐글루코네이트, 아시아티코사이드, 솔비탄아이소스테아레이트, 마데카식애씨드, 아시아틱애씨드, 소듐하이알루로네이트, 3-O-에틸아스코빅애씨드, 징크피씨에이, 글리세릴카프릴레이트, 마데카소사이드, 소듐트라이메타포스페이트, 헥사펩타이드-9"
pi_cream_A000000255729,cream,(하루특가)[단독기획] 동아제약 아크네 프로 크림제 30ml 기획(+3ml+겔제3ml),동아제약,,,,A000000255729,olive_crwl_price_ingredient,30.0,36.0,ml,35000.0,21150.0,5875.0,"[아크네 프로 크림제 30ml + 3ml] 정제수, 카프릴릭/카프릭트라이글리세라이드, 락토바실러스발효물, 나이아신아마이드, 프로판다이올, 아이소프로필미리스테이트, 팔미틱애씨드, 페닐트라이메티콘, 스테아릴알코올, 스테아릭애씨드, 세테아릴올리베이트, 글리세릴스테아레이트, 1,2-헥산다이올, 솔비탄올리베이트, 부틸렌글라이콜, 세테아릴알코올, 하이드록시아세토페논, 펜틸렌글라이콜, 알지닌, 카보머, 다이소듐이디티에이, 카프릴릴글라이콜, 글리세린, 다이메틸설폰, 다이포타슘글리시리제이트, 석시닉애씨드, 징크피씨에이, 라우릴글루코사이드, 하이드로제네이티드레시틴, 소나무잎추출물, 도둑놈의지팡이뿌리추출물, 탱자추출물, 삼백초잎/뿌리추출물, 육계나무껍질추출물

[아크네 프로 겔제 3ml]	정제수, 프로판다이올, 변성알코올, 에톡시다이글라이콜, 1,2-헥산다이올, 폴리아크릴레이트크로스폴리머-6, 살리실릭애씨드, 소듐폴리아크릴로일다이메틸타우레이트, 트로메타민, 암모늄아크릴로일다이메틸타우레이트/브이피코폴리머, 베타인, 하이드록시에틸셀룰로오스, 락토바실러스발효물, 에틸헥실글리세린, 다이소듐이디티에이, 부틸렌글라이콜, 펜틸렌글라이콜, 글라이콜릭애씨드, 글리세린, 다이소듐포스페이트, 폴리솔베이트60, 카프릴릴글라이콜, 소듐포스페이트, 라우릴글루코사이드, 토코페롤, 카프릴릭/카프릭트라이글리세라이드, 하이드로제네이티드레시틴, 소나무잎추출물, 다이메틸설폰, 다이포타슘글리시리제이트, 티트리잎오일, 석시닉애씨드, 도둑놈의지팡이뿌리추출물, 탱자추출물, 삼백초잎/뿌리추출물, 육계나무껍질추출물"
pi_cream_A000000231589,cream,[대용량] 제로이드 수딩 크림 80ml 기획 (+50ml),제로이드,,,,A000000231589,olive_crwl_price_ingredient,80.0,130.0,ml,,38000.0,2923.1,"정제수, 글리세린, 프로판다이올, 카프릴릭/카프릭트라이글리세라이드, 솔비탄스테아레이트, 세테아릴알코올, 잇꽃씨오일, 글리세릴스테아레이트,
스테아릭애씨드, 다이메티콘, 미리스토일/팔미토일옥소스테아라마이드/아라카마이드엠이에이, 메틸카프로오일타이로지네이트, 피토스테롤, 토코페릴아세테
이트, 비사보롤, 잔탄검, 소듐하이알루로네이트, 카보머, 알지닌, 1,2-헥산다이올, 카프릴릴글라이콜, 트로폴론"
pi_cream_A000000214168,cream,[7월 올영픽/NO.1 국민수분크림] 키엘 울트라 훼이셜 크림 50ml 기획/단품,키엘,,,,A000000214168,olive_crwl_price_ingredient,50.0,50.0,ml,49000.0,37240.0,7448.0,정제수 글리세린 다이메티콘 스쿠알란 비스-피이지-18메틸에터다이메틸실레인 수크로오스스테아레이트 스테아릴알코올 피이지-8스테아레이트 미리스틸미리스테이트 살구씨오일 페녹시에탄올 아보카도오일 글리세릴스테아레이트 세틸알코올 쌀겨오일 올리브오일 클로페네신 스테아릭애씨드 팔미틱애씨드 카보머 아크릴레이트/C10-30알킬아크릴레이트크로스폴리머 트라이소듐에틸렌다이아민다이석시네이트 스위트아몬드오일 잔탄검 에틸헥실글리세린 소듐하이드록사이드 토코페롤 돌콩오일 슈도알테로모나스발효추출물 미리스틱애씨드 하이드록시팔미토일스핑가닌 살리실릭애씨드 해바라기씨오일 로즈마리잎추출물 시트릭애씨드
pi_cream_A000000255827,cream,[기미톤업/색소침착] 동국제약 멜라-셋 기미 토닝 크림 35g 더블 기획(+기미 와이드 패치 2매입*2ea),동국제약,,,,A000000255827,olive_crwl_price_ingredient,35.0,70.0,g(약 1ml 상당으로 근사),72000.0,35900.0,5128.6,"1. 멜라셋 기미 토닝 크림
정제수, 세틸에틸헥사노에이트, 글리세린, 알부틴, 부틸렌글라이콜, 1,2-헥산다이올, 알파-알부틴, 다이메티콘, 세테아릴알코올, 다이카프릴릴카보네이트, 베타인, 세테아릴올리베이트, 메틸트라이메티콘, 솔비탄올리베이트, 폴리솔베이트60, 폴리아크릴레이트-13, 피이지-100스테아레이트, 글리세릴스테아레이트, 솔비탄세스퀴올리에이트, 카보머, 트로메타민, 폴리아이소부텐, 다이메티콘/비닐다이메티콘크로스폴리머, 하이드로제네이티드레시틴, 토코페롤, 판테놀, 프로판다이올, 스핑고모나스발효추출물, 에틸헥실글리세린, 폴리솔베이트20, 솔비탄아이소스테아레이트, 다이소듐이디티에이, 나이아신아마이드, 트라넥사믹애씨드, 폴리글리세릴-10올리에이트, 레시틴, 엑토인, 폴리글리세릴-10라우레이트, 폴리글리세릴-4카프레이트, 바쿠치올, 마데카식애씨드, 비파나무잎추출물, 아시아티코사이드, 비타민나무열매추출물, 아시아틱애씨드, 스피어민트추출물, 폴리글리세릴-10스테아레이트, 소듐아스코빌포스페이트, 피리독신, 바이오틴, 사이아노코발아민, 티아민에이치씨엘, 리보플라빈, 베타-카로틴

2. 멜라셋 기미 토닝 스팟 패치
스타이렌/아이소프렌코폴리머, 셀룰로오스검, 하이드로제네이티드폴리(C6-20올레핀), 폴리아이소부텐, 나이아신아마이드, 트라넥사믹애씨드, 마그네슘아스코빌포스페이트, 바쿠치올, 마데카소사이드, 아데노신, 병풀추출물"
pi_cream_A000000255721,cream,[단독기획] 동아제약 색소침착 프로 크림제 40ml 기획(+5ml*2),동아제약,,,,A000000255721,olive_crwl_price_ingredient,40.0,45.0,ml,39000.0,27930.0,6206.7,"정제수, 부틸렌글라이콜, 카프릴릭/카프릭트라이글리세라이드, 나이아신아마이드, 트라이프로필렌글라이콜, 트라넥사믹애씨드, 프로판다이올, 네오펜틸글라이콜다이헵타노에이트, 세테아릴알코올, 비닐다이메티콘, 글리세릴스테아레이트, 1,2-헥산다이올, 폴리글리세릴-2스테아레이트, 베헤닐알코올, 스테아릴알코올, 아크릴레이트/C10-30알킬아크릴레이트크로스폴리머, 알파-알부틴, 카프릴릴글라이콜, 하이드록시에틸아크릴레이트/소듐아크릴로일다이메틸타우레이트코폴리머, 알지닌, 글루타티온, 해바라기씨오일, 토코페롤, 다이소듐이디티에이, 아데노신, 글리세린, 솔비탄아이소스테아레이트, 세틸팔미테이트, 알부틴, 올리브오일, 폴리글리세릴-3메틸글루코오스다이스테아레이트, 폴리글리세릴-10라우레이트, 베타인, 판테놀, 코직애씨드, 포스파티딜콜린, 세라마이드엔피, 콜레스테롤, 세라마이드에이피, 하이드로제네이티드레시틴, 아스코빌팔미테이트, 시어버터, 하이드록시데실유비퀴논, 칸디다 봄비콜라/글루코오스/메틸레이프씨데이트발효물, 글라이코리피드, 헥실레조시놀"
pi_cream_A000000255244,cream,[총200ml/대용량] 라운드랩 자작나무 수분 크림 80ml+80ml 더블 기획 (+40ml),라운드랩,,,,A000000255244,olive_crwl_price_ingredient,200.0,200.0,ml,44000.0,25900.0,1295.0,"정제수, 글리세린, 아이소노닐아이소노나노에이트, 아이소도데케인, 1,2-헥산다이올, 펜틸렌글라이콜, 폴리데센, 자작나무수액(10,000ppm), 호호바에스터, 판테놀, 글리세릴글루코사이드, 아라비아고무나무검, 하이드롤라이즈드오크라추출물, 소듐하이알루로네이트, 하이알루로닉애씨드, 화이트루핀씨추출물, 드럼스틱씨추출물, 인도멀구슬나무잎추출물, 인도멀구슬나무꽃추출물, 아이비고드열매추출물, 알로에베라꽃추출물, 가지열매추출물, 홀리바질잎추출물, 참산호말추출물, 울금뿌리추출물, 아스코빅애씨드, 펜타에리스리틸테트라에틸헥사노에이트, 암모늄아크릴로일다이메틸타우레이트/브이피코폴리머, 폴리글리세릴-3메틸글루코오스다이스테아레이트, 아크릴레이트/C10-30알킬아크릴레이트크로스폴리머, 트로메타민, 글리세릴아크릴레이트/아크릴릭애씨드코폴리머, 에틸헥실글리세린, 아가, 다이포타슘글리시리제이트, 글리세릴카프릴레이트, 부틸렌글라이콜, 다이소듐이디티에이"
pi_cream_A000000255981,cream,[트러블피부 추천] 제로이드 핌프로브 레드 컨트롤 크림 pH4 80ml 기획 (+ 젤클렌저 25ml),제로이드,,,,A000000255981,olive_crwl_price_ingredient,80.0,105.0,ml,,33000.0,3142.9,"●핌프로브 크림 : 정제수, 글리세린, 카프릴릭/카프릭트라이글리세라이드, 호호바씨오일, 세테아릴알코올, 솔비탄스테아레이트, 1,2-헥산다이올, 스테아릭애씨드, 미리스토일/팔미토일옥소스테아라마이드/아라카마이드엠이에이, 글리세릴스테아레이트, 다이메티콘, 폴리글리세릴-6다이스테아레이트, 피토스테롤, 토코페릴아세테이트, 카보머, 호호바에스터, 올레아마이드엠이에이, 아크릴레이트/C10-30알킬아크릴레이트크로스폴리머, 폴리글리세릴-3비즈왁스, 세틸알코올, 암모늄아크릴로일다이메틸타우레이트/브이피코폴리머, 소듐하이알루로네이트, 잔탄검, 카프릴릴글라이콜 ● 젤 클렌저 : 정제수, 데실글루코사이드, 글리세린, 아이소펜틸다이올, 라우릴하이드록시설테인, 포타슘코코일글루타메이트, 소듐메틸코코일타우레이트, 소듐클로라이드, 1,2-헥산다이올, 잔탄검, 살리실릭애씨드, 하이드록시아세토페논, 소듐락테이트, 소듐글루코네이트, 판테놀, o-사이멘-5-올, 다이소듐이디티에이, 징크피씨에이, 미리스토일/팔미토일옥소스테아라마이드/아라카마이드엠이에이"
pi_cream_A000000249659,cream,[손상장벽MD] 동국제약 마데카셀 베리어 엠디 크림 70g,동국제약,,,,A000000249659,olive_crwl_price_ingredient,70.0,70.0,g(약 1ml 상당으로 근사),39000.0,21700.0,3100.0,
pi_cream_A000000226553,cream,[수부지크림/유수분밸런스] 브링그린 티트리 시카 수딩 크림 플러스 100ml (2입/단품),브링그린,,,,A000000226553,olive_crwl_price_ingredient,100.0,200.0,ml,,34200.0,1710.0,"정제수, 부틸렌글라이콜, 스쿠알란, 티트리잎수, 프로판다이올, 1,2-헥산다이올, 나이아신아마이드, 펜틸렌글라이콜, 폴리글리세릴-3메틸글루코오스다이스테아레이트, 다이글리세린, 티트리추출물, 티트리잎추출물, 병풀추출물, 티트리꽃/잎/줄기추출물, 티트리잎오일, 하이드록시에틸아크릴레이트/소듐아크릴로일다이메틸타우레이트코폴리머, 폴리메틸실세스퀴옥세인, 아크릴레이트/C10-30알킬아크릴레이트크로스폴리머, 트로메타민, 솔비탄아이소스테아레이트, 마데카소사이드, 토코페롤, 에틸헥실글리세린"
pi_cream_A000000244987,cream,[1+1/수분흔적크림] 메디힐 마데카소사이드 더마 크림 50+50ml 더블 기획,메디힐,,,,A000000244987,olive_crwl_price_ingredient,50.0,100.0,ml,39000.0,24900.0,2490.0,"정제수, 글리세린, 스쿠알란, 카프릴릭/카프릭트라이글리세라이드, 하이드로제네이티드폴리(C6-14올레핀), 다이글리세린, 하이드로제네이티드폴리데센, 나이아신아마이드, 메틸프로판다이올, 펜틸렌글라이콜, 암모늄아크릴로일다이메틸타우레이트/브이피코폴리머, 1,2-헥산다이올, 판테놀, 세테아릴올리베이트, 하이드록시아세토페논, 아크릴레이트/C10-30알킬아크릴레이트크로스폴리머, 아미노메틸프로판다이올, 솔비탄올리베이트, 하이드록시에틸아크릴레이트/소듐아크릴로일다이메틸타우레이트코폴리머, 해바라기씨오일, 피토스테롤, 마데카소사이드(1,000ppm), 하이드로제네이티드폴리아이소부텐, 서양배추출물, 아라키딜알코올, 연필향나무오일, 알란토인, 에틸헥실글리세린, 하이드로제네이티드레시틴, 아데노신, 다마스크장미꽃수, 스테아릭애씨드, 베헤닐알코올, 멜론추출물, 오리스뿌리추출물, 아라키딜글루코사이드, 호호바씨오일, 서양송악잎/줄기추출물, 소듐파이테이트, 부틸렌글라이콜, 광곽향오일, 솔비탄아이소스테아레이트, 하이알루로닉애씨드, 세테아릴알코올, 세라마이드엔피, 불가리스쑥오일, 로즈마리잎오일, 포타슘세틸포스페이트, 카프릴릴글라이콜, 병풀추출물, 베타-글루칸, 글리세릴스테아레이트, 돌콩추출물, 토코페롤, 팔미틱애씨드, 카프릴릴/카프릴글루코사이드, 병풀잎추출물"
pi_cream_A000000174316,cream,[시카입문추천] 라로슈포제 시카플라스트 밤B5+ 40ml,라로슈포제,,,,A000000174316,olive_crwl_price_ingredient,5.0,45.0,ml,,27000.0,6000.0,"정제수, 하이드로제네이티드폴리아이소부텐, 다이메티콘, 글리세린, 시어버터, 판테놀, 옥수수전분, 프로판다이올, 부틸렌글라이콜, 세틸피이지/피피지-10/1다이메티콘, 트라이하이드록시스테아린, 병풀잎추출물, 야콘뿌리즙, 징크글루코네이트, 마데카소사이드, 망가니즈글루코네이트, 알파-글루칸올리고사카라이드, 실리카, 알루미늄하이드록사이드, 마그네슘설페이트, 만노오스, 카프릴로일글라이신, 카프릴릴글라이콜, 비트레오스실라발효물, 시트릭애씨드, 트라이소듐에틸렌다이아민다이석시네이트, 락토바실러스, 아세틸레이티드글라이콜스테아레이트, 말토덱스트린, 폴리글리세릴-4아이소스테아레이트, 토코페롤, 펜타에리스리틸테트라-다이-t-부틸하이드록시하이드로신나메이트, 티타늄디옥사이드"
pi_cream_A000000258831,cream,[7월올영픽/손상장벽리페어] 피지오겔 레드수딩 AI 리페어 크림 100m 기획(+30ml+마스크 2매),피지오겔,,,,A000000258831,olive_crwl_price_ingredient,30.0,30.0,ml,39500.0,27500.0,9166.7,"[피지오겔 레드수딩 AI 리페어 크림]
정제수, 올리브오일, 글리세린, 펜틸렌글라이콜, 오일팜오일, 식물성오일, 하이드로제네이티드레시틴, 스쿠알란, 베타인, 팔미타마이드엠이에이, 아세타마이드엠이에이, 사코신,하이드록시에틸셀룰로오스, 카보머, 소듐카보머, 잔탄검, 토코페롤, 다이소듐포스페이트, 소듐포스페이트

[피지오겔 레드수딩 AI 릴리프 마스크]
정제수, 부틸렌글라이콜, 글리세린, 다이프로필렌글라이콜, 1,2-헥산다이올, 베타인, 메틸프로판다이올, 판테놀, 프로판다이올, 자작나무수액, 팔미타마이드엠이에이, 아세타마이드엠이에이, 사코신, 알란토인, 다이포타슘글리시리제이트, 하이드로제네이티드레시틴, 소듐하이알루로네이트, 베타-글루칸, 스쿠알란, 시어버터, 메도우폼씨오일, 세라마이드엔피, 카프릴릭/카프릭트라이글리세라이드, 아라키딜글루코사이드, 세테아릴알코올, 아라키딜알코올, 베헤닐알코올, 스테아릭애씨드, 팔미틱애씨드, 폴리글리세릴-10스테아레이트, 폴리글리세릴-10올리에이트, 콜레스테롤, 암모늄아크릴로일다이메틸타우레이트/베헤네스-25메타크라일레이트크로스폴리머, 카보머, 잔탄검, 다이소듐이디티에이, 트로메타민"
pi_cream_A000000257543,cream,[튜브타입/단독기획] 닥터지 레드 블레미쉬 클리어 수딩크림 EX 70ml 튜브 기획 (+30ml+세럼10ml*2ea),닥터지,,,,A000000257543,olive_crwl_price_ingredient,70.0,110.0,ml,38000.0,26600.0,2418.2,"[크림]
정제수, 글리세린, 부틸렌글라이콜, 다이카프릴릴에터, 나이아신아마이드, 1,2-헥산다이올, 펜틸렌글라이콜, 소듐하이알루로네이트, 병풀잎추출물, 비피다발효여과물, 락토바실러스발효물, 병풀꽃/잎/줄기추출물, 병풀뿌리추출물, 병풀추출물, 효모발효여과물, 하이드로제네이티드폴리데센, 다이카프릴릴카보네이트, 하이드록시에틸아크릴레이트/소듐아크릴로일다이메틸타우레이트코폴리머, 판테놀, 아크릴레이트/C10-30알킬아크릴레이트크로스폴리머, 실리카, 트로메타민, 솔비톨, 글리세릴아크릴레이트/아크릴릭애씨드코폴리머, 에틸헥실글리세린, 트라이소듐에틸렌다이아민다이석시네이트, 알란토인, 다이프로필렌글라이콜, 토코페롤, 마데카소사이드, 폴리글리세릴-10라우레이트, 포스파티딜콜린, 하이드로제네이티드레시틴, 칼슘판토테네이트, 스쿠알란, 에리스리톨, 에틸헥실팔미테이트, 아시아티코사이드, 마데카식애씨드, 아시아틱애씨드, 트라이하이드록시스테아린, 세라마이드엔피, 다발방패버섯추출물, 잔탄검 
[세럼]
정제수, 부틸렌글라이콜, 다이프로필렌글라이콜, 나이아신아마이드, 1,2-헥산다이올, 글리세린, 판테놀, 글리세레스-26, 하이드록시에틸셀룰로오스, 에리스리톨, 소듐폴리아크릴로일다이메틸타우레이트, 소듐하이알루로네이트(1,100 ppm), 알란토인, 에틸헥실글리세린, 카프릴릭/카프릭트라이글리세라이드, 바이오사카라이드검-1, 다이소듐이디티에이, 하이드로제네이티드레시틴, 베타인살리실레이트, 석시닉애씨드, 트로메타민, 효모발효여과물, 옥틸도데칸올, 폴리글리세릴-10라우레이트, 포스파티딜콜린, 아시아티코사이드(48 ppm), 병풀잎추출물(40 ppm), 마데카식애씨드(36 ppm), 아시아틱애씨드(36 ppm), 글라이코리피드, 세라마이드엔피, 베타-글루칸, 락토바실러스발효물, 락토바실러스/콩발효추출물, 류코노스톡/무발효여과물, 효모발효추출물, 팔미토일트라이펩타이드-5, 다발방패버섯추출물, 마데카소사이드(3.6 ppm), 병풀추출물(3.4 ppm), 하이드록시프로필트라이모늄하이알루로네이트(1 ppm), 토코페롤, 징크피씨에이, 헥사펩타이드-9"
pi_cream_A000000258830,cream,[7월올영픽/화잘먹크림] 피지오겔 DMT 리제너러티브 크림 100ml 기획(+토너 50ml),피지오겔,,,,A000000258830,olive_crwl_price_ingredient,100.0,150.0,ml,31500.0,21500.0,1433.3,"[피지오겔 DMT 리제너러티브 크림]
정제수, 글리세린, 펜틸렌글라이콜, 카프릴릭/카프릭트라이글리세라이드, 코코-카프릴레이트/카프레이트, 세테아릴알코올, 아라키딜알코올, 스쿠알란, 메틸트라이메티콘, 판테놀, 베헤닐알코올, 시어버터, 피토스테릴/이소스테아릴/세틸/스테아릴/베헤닐다이머디리놀리에이트, 오일팜오일, 하이드록시에틸아크릴레이트/소듐아크릴로일다이메틸타우레이트코폴리머, 아라키딜글루코사이드, 1,2-헥산다이올, 폴리아크릴레이트크로스폴리머-6, 하이드로제네이티드레시틴, 오일팜커넬오일, 베헤닉애씨드, 아이소스테아릴아이소스테아레이트, 카보머, 소듐카보머, 세라마이드엔피, 아데노신, 콜레스테롤, 소듐하이알루로네이트, 솔비탄아이소스테아레이트, 나이아신아마이드, 팔미틱애씨드, 스테아릭애씨드, 토코페롤, 2,3-부탄다이올, 글리세릴스테아레이트, 세라마이드에이피, 세라마이드엔지, 세라마이드이오피, 다이프로필렌글라이콜, 하이알루로닉애씨드

[피지오겔 DMT 에센스 인 토너]
정제수, 다이프로필렌글라이콜, 글리세린, 1,2-헥산다이올, 헥실데실에틸헥사노에이트, 펜타에리스리틸테트라에틸헥사노에이트, 변성알코올, 베타인, 사이클로펜타실록세인, 아크릴레이트/C10-30알킬아크릴레이트크로스폴리머, 트로메타민, 다이메티콘,피토스테롤, 소듐하이알루로네이트, 트라이소듐이디티에이, 세린, 소듐피씨에이, 하이드록시에틸우레아, 알지닌, 카프릴릭/카프릭트라이글리세라이드, 스쿠알란"
pi_cream_A000000251494,cream,[태극제약]도미나스 크림 Rx 30ml 기획 (+7ml),도미나스,,,,A000000251494,olive_crwl_price_ingredient,30.0,37.0,ml,46000.0,33900.0,9162.2,"정제수, 다이프로필렌글라이콜, 나이아신아마이드, 하이드로제네이티드폴리아이소부텐, 헥실데실에틸헥사노에이트, 판테놀, 프로판다이올, 트라넥사믹애씨드, 글리세린, 트라이에틸헥사노인, 1,2-헥산다이올, 세테아릴알코올, C14-22알코올, 글리세릴스테아레이트, 펜타에리스리틸테트라에틸헥사노에이트, 만델릭애씨드, 글루타믹애씨드, 유비퀴논, 하이드록시데실유비퀴논, 바쿠치올, 비사보롤, 크리신, 에피갈로카테킨갈레이트, 헥실레조시놀, 하이드록시에틸우레아, 폴리다틴, 다이메티콘, 아스코빌글루코사이드, 세테아릴올리베이트, 피이지-100스테아레이트, 세린, 솔비탄올리베이트, C12-20알킬글루코사이드, 실리카, 암모늄아크릴로일다이메틸타우레이트/브이피코폴리머, 아라키딜알코올, 베헤닐알코올, 포타슘하이드록사이드, 알란토인, 폴리메틸실세스퀴옥세인, 소듐파이루베이트, 트레할로오스, 아라키딜글루코사이드, 다이메티콘올, 카보머, 알지닌, 소듐메타바이설파이트, 잔탄검, 아데노신, 토코페롤, 카프릴릭/카프릭트라이글리세라이드, 트라이소듐이디티에이, 부틸렌글라이콜, 돌콩오일, 티타늄디옥사이드(CI 77891), 마이카, 하이드로제네이티드레시틴, 적색산화철, 폴리글리세릴-10올리에이트, 시스테인에이치씨엘, 베타-글루칸, 만니톨, 수크로오스, 왜당귀뿌리추출물, 삽주뿌리줄기추출물, 스페인감초뿌리추출물, 작약뿌리추출물, 모란뿌리추출물, 피씨에이, 질경이추출물, 복숭아씨추출물, 황금추출물, 시트룰린, 글라이코젠, 히스티딘에이치씨엘, 알라닌, 트레오닌, 라이신에이치씨엘, 향료, 벤질벤조에이트, 리날룰, 하이드록시시트로넬알, 리모넨, 헥실신남알, 시트로넬올"
pi_cream_A000000206053,cream,[수딩진정] 넘버즈인 1번 판토텐산 액티브 수딩크림 80ml 1+1 기획,넘버즈인,,,,A000000206053,olive_crwl_price_ingredient,80.0,160.0,ml,40000.0,28000.0,1750.0,"정제수, 부틸렌글라이콜, 글리세린, 나이아신아마이드, 세틸에틸헥사노에이트, 다이카프릴릴카보네이트, 1,2-헥산다이올, 펜틸렌글라이콜, 비닐다이메티콘, 병풀추출물, 클로렐라 불가리스추출물, 도둑놈의지팡이뿌리추출물, 인도멀구슬나무잎추출물, 인도멀구슬나무꽃추출물, 아이비고드열매추출물, 홀리바질잎추출물, 울금뿌리추출물, 알로에베라꽃추출물, 가지열매추출물, 참산호말추출물, 녹차추출물, 병풀잎추출물, 오카무라큰실말추출물, 흰버드나무껍질추출물, 약모밀추출물, 커피콩추출물, 베르가모트잎추출물, 소나무잎추출물, 알파-알부틴, 아르간커넬오일, 참깨오일, 사발팜열매추출물, 스페인감초뿌리추출물, 카프릴릴메티콘, 에리스리톨, 판테놀, 하이드록시에틸아크릴레이트/소듐아크릴로일다이메틸타우레이트코폴리머, 다이메티콘올, 폴리메틸실세스퀴옥세인, 아크릴레이트/C10-30알킬아크릴레이트크로스폴리머, 글루코오스, 트로메타민, 실리카, 프룩토올리고사카라이드, 프룩토오스, 에틸헥실글리세린, 소듐파이테이트, 글리세릴아크릴레이트/아크릴릭애씨드코폴리머, 카프릴릭/카프릭트라이글리세라이드, 하이드로제네이티드레시틴, 토코페롤, 데실글루코사이드, 판토테닉애씨드, 폴리글리세릴-4카프레이트, 폴리글리세릴-6카프릴레이트, 징크피씨에이, 메틸다이아이소프로필프로피온아마이드, 베타-시토스테롤, 잔탄검"
pi_cream_A000000222882,cream,[1+1] 한율 트러블 진정 쑥시카 수분 크림 기획 (55ml+55ml),한율,,,,A000000222882,olive_crwl_price_ingredient,55.0,110.0,ml,38000.0,27300.0,2481.8,"정제수, 글리세린, 부틸렌글라이콜, 다이카프릴릴에터, 황해쑥잎수(35,724ppm),
메틸트라이메티콘, 나이아신아마이드, 비스-하이드록시에톡시프로필다이
메티콘, 1,2-헥산다이올, C14-22알코올, 세틸에틸헥사노에이트, 판테놀(5,000
ppm), 글리세릴스테아레이트시트레이트, 하이드로제네이티드폴리(C6-14
올레핀), 하이드록시에틸아크릴레이트/소듐아크릴로일다이메틸타우레이트코
폴리머, 스테아릭애씨드, 암모늄아크릴로일다이메틸타우레이트/브이피코폴리머,
글리세릴폴리메타크릴레이트, 글리세릴스테아레이트, 폴리메틸실세스퀴옥세인,
팔미틱애씨드, 아라키딜알코올, C12-20알킬글루코사이드, 향료, 글리세릴카프
릴레이트, 베헤닐알코올, 2,3-부탄다이올, 아라키딜글루코사이드, 에틸헥실글리
세린, 다이소듐이디티에이, 솔비탄아이소스테아레이트, 프로판다이올, 레시틴,
락토바실러스발효물, 글루코오스, 토코페롤, 이눌린라우릴카바메이트, 황해쑥
잎추출물(10 ppm), 병풀꽃/잎/줄기추출물"
pi_cream_A000000232304,cream,[대용량] 파티온 노스카나인 트러블 크림 75ml 기획(+5ml),파티온,,,,A000000232304,olive_crwl_price_ingredient,75.0,80.0,ml,45000.0,32000.0,4000.0,"정제수, 글리세린, 메도우폼씨오일, 카프릴릭/카프릭트라이글리세라이드, 비닐다이메티콘, 다이글리세린, 폴리글리세릴-3다이스테아레이트, 세테아릴알코올, 1,2-헥산다이올, 펜틸렌글라이콜, 클로렐라 불가리스추출물, 소듐헤파린, 쑥잎추출물, 병풀추출물, 펜타에리스리틸테트라에틸헥사노에이트, 하이드로제네이티드쌀겨오일, 하이드로제네이티드레시틴, 세테아릴올리베이트, 소듐스테아로일글루타메이트, 하이드록시에틸아크릴레이트/소듐아크릴로일다이메틸타우레이트코폴리머, 폴리글리세릴-2스테아레이트, 암모늄아크릴로일다이메틸타우레이트/브이피코폴리머, 아이소도데케인, 하이드록시아세토페논, 아크릴레이트/C10-30알킬아크릴레이트크로스폴리머, 글루코오스, 솔비탄올리베이트, 글리세릴스테아레이트, 판테놀, 글리세릴스테아레이트시트레이트, 부틸렌글라이콜, 프룩토올리고사카라이드, 프룩토오스, 스테아릭애씨드, 석시닉애씨드, 다이메티콘/비닐다이메티콘크로스폴리머, 비닐다이메티콘/메티콘실세스퀴옥세인크로스폴리머, 소듐파이테이트, 솔비탄아이소스테아레이트, 폴리글리세릴-10스테아레이트, 다이프로필렌글라이콜, 세라마이드엔피, 알란토인, 베타-글루칸, 폴리글리세릴-10라우레이트, 세라마이드엔에스, 콜레스테롤, 에틸헥실글리세린, 피토스핑고신, 세라마이드에이피, 세라마이드에이에스, 스쿠알란, 세라마이드이오피, 카프릴릴/카프릴글루코사이드, 스테아릴알코올, 잔탄검"
pi_cream_A000000192405,cream,[1회사용 장벽개선] 더하르나이 시카이드 크림 100ml+30ml 기획,더하르나이,,,,A000000192405,olive_crwl_price_ingredient,100.0,130.0,ml,29000.0,23200.0,1784.6,"정제수, 글리세린, 부틸렌글라이콜, 다이프로필렌글라이콜, 사이클로펜타실록세인, 세테아릴올리베이트, 세테아릴알코올, 시어버터, 트레할로오스, 소듐하이알루로네이트크로스폴리머, 하이알루로닉애씨드, 소듐하이알루로네이트, 하이드롤라이즈드하이알루로닉애씨드, 하이드롤라이즈드글라이코사미노글리칸, 하이드로제네이티드레시틴, 매실추출물, 인동덩굴꽃추출물, 황금추출물, 티트리잎추출물, 세라마이드엔피, 병풀추출물, 마데카소사이드, 마데카식애씨드, 아시아티코사이드, 아시아틱애씨드, 카르노신, 글루타티온, 아세틸헥사펩타이드-8, 카퍼트라이펩타이드-1, 아세틸테트라펩타이드-3, 아세틸테트라펩타이드-5, 팔미토일테트라펩타이드-7, 팔미토일트라이펩타이드-1, 팔미토일트라이펩타이드-5, 팔미토일펜타펩타이드-4, 1,2-헥산다이올, 다이메티콘, 솔비탄올리베이트, 암모늄아크릴로일다이메틸타우레이트/브이피코폴리머, 글리세릴스테아레이트, 폴리글리세릴-3메틸글루코오스다이스테아레이트, 펜틸렌글라이콜, 소듐아크릴레이트/소듐아크릴로일다이메틸타우레이트코폴리머, 카프릴릴글라이콜, 아이소헥사데칸, 알란토인, 폴리솔베이트80, 잔탄검, 판테놀, 프로판다이올, 옥틸도데칸올, 솔비탄올리에이트, 다이소듐이디티에이, 아디픽애씨드, 에틸헥실글리세린, 벤질글라이콜, 라즈베리케톤"
pi_cream_A000000178512,cream,[화잘먹크림] 웰라쥬 리얼 히알루로닉 100 크림 50ml 더블 기획,웰라쥬,,,,A000000178512,olive_crwl_price_ingredient,50.0,100.0,ml,39000.0,25900.0,2590.0,"'하이드롤라이즈드하이알루로닉애씨드(500,000ppm), 정제수, 글리세린, 세테아릴알코올, 펜틸렌글라이콜, 카프릴릭/카프릭트라이글리세라이드, 스쿠알란 , 프로판다이올, 베타인 , 세테아릴올리베이트, 비닐다이메티콘, 코코-카프릴레이트/카프레이트, 아이소프로필미리스테이트, 시어버터, 폴리글리세릴-4카프레이트, 판테놀, 옥틸도데칸올, 알란토인, 부틸렌글라이콜, 글라이신, 알지닌, 히스티딘, 세린, 토코페롤, 벤질글라이콜 , 소듐스테아로일글루타메이트, 하이드롤라이즈드글라이코사미노글리칸, 아데노신, 소듐하이알루로네이트(100ppm), 소듐하이알루로네이트크로스폴리머(3.5ppb), 하이드록시프로필트라이모늄하이알루로네이트(0.42ppb), 하이알루로닉애씨드(0.035ppb), 소듐아세틸레이티드하이알루로네이트(0.007ppb), 나이아신아마이드, 세라마이드엔피, 스트렙토코쿠스 테르모필루스발효물, 다이포타슘글리시리제이트, 콜레스테롤, 솔비탄올리베이트, 수크로오스라우레이트, 비즈왁스, 팔미틱애씨드, 스테아릭애씨드, 하이드로제네이티드레시틴, 리솔레시틴, 폴리글리세릴-3폴리리시놀리에이트, 카보머, 잔탄검 , 트라이하이드록시스테아린, 인도멀구슬나무잎추출물, 인도멀구슬나무꽃추출물, 아이비고드열매추출물, 가지열매추출물, 홀리바질잎추출물, 울금뿌리추출물, 참산호말추출물, 하수오뿌리추출물, 스타아니스추출물, 에틸헥실글리세린, 카프릴릴글라이콜, 1,2-헥산다이올, 시트릭애씨드, 다이소듐이디티에이"
pi_cream_A000000228257,cream,더마팩토리 트라넥삼산 6% 크림 30ml,더마팩토리,,,,A000000228257,olive_crwl_price_ingredient,30.0,30.0,ml,,8000.0,2666.7,"비타민나무수, 트라넥사믹애씨드, 옥틸도데칸올, 다이프로필렌글라이콜, 글리세린, 1,2-헥산다이올, 부틸렌글라이콜, 나이아신아마이드, 해바라기씨오일, 카프릴릴메티콘, 세테아릴올리베이트, 솔비탄올리베이트, 폴리메틸실세스퀴옥세인, 폴리글리세릴-10베헤네이트/에이코사디오에이트, 암모늄아크릴로일다이메틸타우레이트/브이피코폴리머, 하이드록시에틸아크릴레이트/소듐아크릴로일다이메틸타우레이트코폴리머, 돌콩오일, 한련초추출물, 에틸헥실글리세린, 정제수, 잔탄검, 솔비탄아이소스테아레이트, 향료, 다이소듐이디티에이, 인도멀구슬나무잎추출물, 아나토씨오일, 드럼스틱씨오일, 토코페롤"
pi_cream_A000000222703,cream,[수지 PICK / 수분광채크림] 아누아 피디알엔 히알루론산 100 수분 크림 60mL 기획 (+30mL),아누아,,,,A000000222703,olive_crwl_price_ingredient,60.0,90.0,ml,32000.0,19500.0,2166.7,"정제수, 스쿠알란, 글리세린, 나이아신아마이드, 펜틸렌글라이콜, 1,2-헥산다이올, 소듐디엔에이, 하이드롤라이즈드콜라겐, 소듐하이알루로네이트, 인도멀구슬나무잎추출물, 하이드롤라이즈드하이알루로닉애씨드, 인도멀구슬나무꽃추출물, 아이비고드열매추출물, 하이알루로닉애씨드, 알로에베라꽃추출물, 가지열매추출물, 홀리바질잎추출물, 참산호말추출물, 울금뿌리추출물, 병풀잎추출물, 다이페닐실록시페닐트라이메티콘, 피씨에이다이메티콘, 부틸렌글라이콜, 프로판다이올, 암모늄아크릴로일다이메틸타우레이트/브이피코폴리머, 다이글리세린, 하이드록시에틸아크릴레이트/소듐아크릴로일다이메틸타우레이트코폴리머, 아크릴레이트/C10-30알킬아크릴레이트크로스폴리머, C12-20알킬글루코사이드, 메틸프로판다이올, 에틸헥실글리세린, 아데노신, 소듐파이테이트, 아미노메틸프로판다이올, 피브이엠/엠에이코폴리머, 마데카소사이드, C12-13알케스-9, 다이메틸실란올하이알루로네이트, 하이드롤라이즈드소듐하이알루로네이트, 아시아티코사이드, 포타슘하이알루로네이트, 하이드록시프로필트라이모늄하이알루로네이트, 소듐하이알루로네이트크로스폴리머, 소듐하이알루로네이트다이메틸실란올, 소듐아세틸레이티드하이알루로네이트, 베헤닐알코올, C14-22알코올, 카보머"
pi_cream_A000000248200,cream,[2700만개 판매] 유세린 하이알루론 3X 나이트크림 50ml 기획 (+나이트크림7ml*2),유세린,,,,A000000248200,olive_crwl_price_ingredient,50.0,57.0,ml,68000.0,36900.0,6473.7,"정제수,글리세린,시어버터,아이소프로필팔미테이트,판테놀,스테아릴알코올,글리세릴스테아레이트시트레이트,옥틸도데칸올,하이드로제네이티드코코-글리세라이즈,카프릴릭/카프릭트라이글리세라이드,세틸알코올,부틸렌글라이콜,하이드록시프로필스타치포스페이트,베헤닐알코올,다이메티콘,토코페롤,다이스타치포스페이트,1,2-헥산다이올,향료,페녹시에탄올,소듐하이알루로네이트(0.25%),카프릴릴글라이콜,트라이소듐이디티에이,잔탄검,글리시레티닉애씨드,돌콩배아추출물,판토락톤,시트릭애씨드"
pi_cream_A000000247726,cream,[한정기획] 메이크프렘 인테카 수딩크림 70ml 기획 (+크림 31ml*2+NMN 앰플 7ml),메이크프렘,,,,A000000247726,olive_crwl_price_ingredient,70.0,108.0,ml,29000.0,18900.0,1750.0,"[인테카 수딩 크림 / 본품]
정제수, 프로판다이올, 글리세린, 글리세릴글루코사이드, 1,2-헥산다이올, 카프릴릭/카프릭트라이글리세라이드, 하이드로제네이티드폴리데센, 나이아신아마이드, 부틸렌글라이콜, 솔비톨, 세테아릴올리베이트, 비닐다이메티콘, 솔비탄올리베이트, 카보머, 칸디다 봄비콜라/글루코오스/메틸레이프씨데이트발효물*, 해바라기씨오일*, 아시아티코사이드*, 아시아틱애씨드*, 마데카식애씨드*, 하이알루로닉애씨드, 하이드롤라이즈드하이알루로닉애씨드, 소듐하이알루로네이트, 다이프로필렌글라이콜*, 글리세릴스테아레이트에스이, 하이드로제네이티드레시틴, 트로메타민, 에틸헥실글리세린, 아데노신, 다이소듐이디티에이, 에톡시다이글라이콜*

[NMN 퍼밍 엑스퍼트 앰플 / 증정]
정제수, 글리세린, 다이프로필렌글라이콜, 스쿠알란, 펜타에리스리틸테트라에틸헥사노에이트, 메틸트라이메티콘, 나이아신아마이드, 부틸렌글라이콜, 베타인, 니코틴아마이드모노뉴클레오타이드(10,000ppm), 메틸프로판다이올, 폴리솔베이트60, 글리세릴스테아레이트, 글리세릴스테아레이트에스이, 폴리메틸실세스퀴옥세인, 아라키딜알코올, C14-22알코올, 카보머, 베헤닐알코올, 알지닌, 하이드로제네이티드캐스터오일/세바식애씨드코폴리머, 아라키딜글루코사이드, 에틸헥실글리세린, C12-20알킬글루코사이드, 니코틴아마이드아데닌다이뉴클레오타이드, 알란토인, 판테놀, 카프릴하이드록사믹애씨드, 소듐아크릴레이트/소듐아크릴로일다이메틸타우레이트코폴리머, 폴리아이소부텐, 아데노신, 인도멀구슬나무꽃추출물, 1,2-헥산다이올, 홀리바질잎추출물, 덱스트린, 카카오추출물, 다이소듐이디티에이, 인도멀구슬나무잎추출물, 레몬밤잎추출물, 울금뿌리추출물, 레스베라트롤, 소듐하이알루로네이트, 참산호말추출물, 폴리쿼터늄-51, 카프릴릴/카프릴글루코사이드, 솔비탄올리에이트, 하이드롤라이즈드하이알루로닉애씨드, 소듐아세틸레이티드하이알루로네이트, 폴리솔베이트20, 트라이펩타이드-1, 헥사펩타이드 -9, 팔미토일트라이펩타이드-5, 팔미토일펜타펩타이드-4, 팔미토일테트라펩타이드-7"
pi_cream_A000000255499,cream,[2주만에기미감소16%] 쿠피 멜라스마 클리어 트라넥삼산 레몬수 기미크림 50ml,쿠피,,,,A000000255499,olive_crwl_price_ingredient,50.0,50.0,ml,32000.0,25600.0,5120.0,"레몬수, 정제수, 다이프로필렌글라이콜, 트라넥사믹애씨드, 글리세린, 올리브오일, 나이아신아마이드, 1,2-헥산다이올, 폴리솔 베이트60, 트라이에틸헥사노인, 스테아릭애씨드, 티타늄디옥사 이드, 카프릴릭/카프릭트라이글리세라이드, 세테아릴알코올, 잇꽃씨 오일, 다이메티콘, 수크로오스테트라아이소스테아레이트, 글리세릴 스테아레이트, 알부틴, 아크릴레이트/C10-30알킬아크릴레이트 크로스폴리머, 폴리글리세릴-4아이소스테아레이트, 폴리글리세릴-4카프레이트, 소듐폴리아크릴로일다이메틸타우레이트, 알지닌, 알란토인, 비사보롤, 하이드록시아세토페논, 하이드로제네이티드 폴리데센, 글루코오스, 아데노신, 트라이에톡시카프릴릴실레인, 알루미늄하이드록사이드, 부틸렌글라이콜, 카프릴릴글라이콜, 타마 린드씨검, 소듐폴리글루타메이트, 소듐하이알루로네이트, 폴릭애씨드, 아라키딕애씨드, 팔미틱애씨드, 하이드로제네이티드레시틴, 트라이데세스-10, 살리실릭애씨드, 아스코빅애씨드, 올레익애씨드, 하이드록시데실유비퀴논, 베타-글루칸, 에틸헥실글리세린, 디엔에이, 페녹시에탄올, 마카다미아씨추출물, 블랙커민씨추출물, 멕시칸치아씨추출물, 드럼스틱씨추출물, 잇꽃씨추출물, 마데카소사이드, 아시아티코사이드, 아시아틱애씨드, 마데카식애씨드, 카보머, 포타슘 솔베이트, 소듐메타바이설파이트, 바이오틴"
pi_toner_A000000245794,toner,[화잘먹/단독기획] 폴라초이스 바하 리퀴드 엑스폴리언트 118ml 기획 (+바하 리퀴드 30ml),폴라초이스,,,,A000000245794,olive_crwl_price_ingredient,118.0,148.0,ml,39000.0,29640.0,2002.7,"정제수, 프로필렌글라이콜, 나이아신아마이드, 펜틸렌글라이콜, 글리세린, 살리실릭애씨드(0.5%), 흰버드나무껍질추출물(0.5%), 피이지/피피지-17/6코폴리머, 폴리솔베이트20, 비스-피이지-18메틸에터다이메틸실레인, 소듐파이테이트, 10-하이드록시데카노익애씨드, 알란토인, 다이포타슘글리시리제이트, 카프릴릴글라이콜, 페녹시에탄올, 클로페네신, 소듐하이드록사이드, 1,2-헥산다이올, 소듐하이알루로네이트, 비에이치티"
pi_toner_A000000256045,toner,[NEW] 토리든 다이브인 저분자 히알루론산 토너 500ml 기획 (+늘어나는 화장솜 60매),토리든,,,,A000000256045,olive_crwl_price_ingredient,500.0,500.0,ml,29000.0,19800.0,396.0,"정제수, 부틸렌글라이콜, 다이프로필렌글라이콜, 1,2-헥산다이올, 글리세린, 베타인, 알란토인, 판테놀, 소듐하이알루로네이트크로스폴리머, 소듐하이알루로네이트, 소듐아세틸레이티드하이알루로네이트, 하이드롤라이즈드소듐하이알루로네이트, 하이드롤라이즈드하이알루로닉애씨드(200ppm), 엑토인, 감초추출물, 2,3-부탄다이올, 쇠비름추출물, 트레할로오스, 알지닌, 펜틸렌글라이콜, 말라카이트추출물, 다이소듐이디티에이, 에틸헥실글리세린"
pi_toner_A000000189181,toner,[수부지토너]브링그린 티트리 시카 수딩 토너 (500ml/250ml),브링그린,,,,A000000189181,olive_crwl_price_ingredient,500.0,750.0,ml,15000.0,11900.0,158.7,"정제수, 다이프로필렌글라이콜, 1,2-헥산다이올, 부틸렌글라이콜, 티트리추출물, 티트리잎수, 베타인, 판테놀, 티트리잎추출물, 옥틸도데세스-16, 소듐시트레이트, 시트릭애씨드, 티트리잎오일, 티트리꽃/잎/줄기추출물, 베타인살리실레이트, 병풀추출물, 잔탄검"
pi_toner_A000000258833,toner,[7월 올영픽] 에스트라 아토베리어365 캡슐토너 300ml 기획 (+수딩크림 30ml+세라-히알 앰플 7ml),에스트라,,,,A000000258833,olive_crwl_price_ingredient,300.0,337.0,ml,30000.0,24000.0,712.2,"정제수, 부틸렌글라이콜, 글리세린, 프로필렌글라이콜, 1,2-헥산다이올, 글루코노락톤, 에틸헥실글리세린, 칼슘클로라이드, 만니톨, 셀룰로오스, 셀룰로오스검, 트로메타민, 세틸-피지하이드록시에틸팔미타마이드, 스테아릭애씨드, 젤란검, 소듐시트레이트, 소듐글루코네이트, 벤조익애씨드, 세라마이드엔피, 하이드로제네이티드레시틴, 소듐벤조에이트, 실리카, 콜레스테롤, 스핑고리피드, 소듐하이알루로네이트, 하이드록시프로필메틸셀룰로오스, 토코페롤"
pi_toner_A000000255328,toner,[한정기획] 아누아 어성초 77 히알루론산 수분 진정 토너 350ml 더블기획 (+어성초 크림 20ml),아누아,,,,A000000255328,olive_crwl_price_ingredient,350.0,370.0,ml,49000.0,27500.0,743.2,"[토너] 약모밀꽃/잎/줄기수(77%), 정제수, 1,2-헥산다이올, 글리세린, 글리세레스-26, 베타인, 펜틸렌글라이콜, 소듐시트레이트, 아이소펜틸다이올, 에틸헥실글리세린, 다이포타슘글리시리제이트, 시트릭애씨드, 아크릴레이트/C10-30알킬아크릴레이트크로스폴리머, 트로메타민, 판테놀, 소듐파이테이트, 알란토인, 소듐하이알루로네이트(1.1ppm), 약모밀소포(750ppb), 하이드롤라이즈드소듐하이알루로네이트(100.1ppb), 징크피씨에이, 하이드록시프로필트라이모늄하이알루로네이트(100ppb), 락토바실러스발효물, 소듐아세틸레이티드하이알루로네이트(10ppb), 하이드롤라이즈드하이알루로닉애씨드(10ppb), 아이소쿼시트린, 쿼세틴, 하이알루로닉애씨드(2.5ppb), 소듐하이알루로네이트크로스폴리머(1ppb), 포타슘하이알루로네이트(0.2ppb)
[크림] 약모밀꽃/잎/줄기수(77%), 나이아신아마이드(1,000 ppm), 1,2-헥산다이올, 판테놀, 글리세린, 다이프로필렌글라이콜, 부틸렌글라이콜, 소듐시트레이트, 징크피씨에이(10 ppm), 프로판다이올, 트레할로오스, 정제수, 베타인, 잔탄검, 스핑고모나스발효추출물, 에틸헥실글리세린, 시트릭애씨드, 하이드록시프로필사이클로덱스트린, 아데노신, 다이소듐이디티에이, 다이포타슘글리시리제이트, 글리세릴아크릴레이트/아크릴릭애씨드코폴리머, 글루코노락톤, 도코사헥사에노익애씨드, 토코페롤, 알란토인, 피리독신에이치씨엘, 카프릴로일살리실릭애씨드, 약모밀소포, 아이소쿼시트린, 쿼세틴"
pi_toner_A000000190395,toner,[쿨링진정]넘버즈인 1번 진정 맑게담은 청초토너 300ml 리필기획(+300ml 증정),넘버즈인,,,,A000000190395,olive_crwl_price_ingredient,300.0,600.0,ml,40000.0,28000.0,466.7,"정제수, 1,2-헥산다이올, 다이프로필렌글라이콜, 프로판다이올, 부틸렌글라이콜, 글리세린, 감초뿌리추출물, 약모밀추출물, 카보머, 병풀추출물, 하이드록시에틸셀룰로오스, 알지닌, 알란토인, 다이소듐이디티에이, 하수오전초추출물, 베타인, 히아신스전초추출물, 판테놀, 알바수련꽃추출물"
pi_toner_A000000255246,toner,[미스트형/1등토너] 라운드랩 1025 독도 토너 300ml 1+1 기획 (+늘어나는 스킨패드 30매),라운드랩,,,,A000000255246,olive_crwl_price_ingredient,300.0,600.0,ml,29800.0,25900.0,431.7,"정제수, 부틸렌글라이콜, 글리세린, 펜틸렌글라이콜, 프로판다이올, 아이리쉬모스추출물, 사탕수수추출물, 해수, 1,2-헥산다이올, 프로테아제, 베타인, 판테놀, 에틸헥실글리세린, 알란토인, 잔탄검, 다이소듐이디티에이"
pi_toner_A000000255290,toner,[쿨링진정/대용량]블랑네이처 9배 고농축 어성초 토너 300ml,블랑네이처,,,,A000000255290,olive_crwl_price_ingredient,300.0,300.0,ml,38000.0,23900.0,796.7,"정제수, 약모밀추출물(100,000 ppm), 부틸렌글라이콜, 1,2-헥산다이올, 나이아신아마이드, 글리세린, 판테놀, 카보머, 알지닌, 글루코노락톤, 다이포타슘글리시리제이트, 아데노신, 다이소듐이디티에이, 하이알루로닉애씨드, 녹차추출물, 병풀추출물, 파파야열매추출물, 매실추출물, 사과추출물, 포도추출물, 데실글루코사이드, 시트릭애씨드, 티트리잎추출물, 살리실릭애씨드, 에틸헥실글리세린, 병풀잎추출물, 오카무라큰실말추출물, 흰버드나무껍질추출물, 징크피씨에이, 4-터피네올, 커피콩추출물, 마데카소사이드, 마데카식애씨드, 아시아티코사이드, 아시아틱애씨드, 베르가모트잎추출물, 소나무잎추출물, 소듐디엔에이"
pi_toner_A000000004434,toner,바이오더마 하이드라비오 토너 250ml,바이오더마,,,,A000000004434,olive_crwl_price_ingredient,250.0,250.0,ml,29500.0,19200.0,768.0,"정제수, 글리세린, 폴리솔베이트20, 다이소듐이디티에이, 세트리모늄브로마이드, 나이아신아마이드, 자일리톨, 알란토인, 프룩토올리고사카라이드, 만니톨, 헥실데칸올, 소듐하이드록사이드, 시트릭애씨드, 람노오스, 사과씨추출물, 유채스테롤, 토코페롤, 향료료"
pi_toner_A000000213171,toner,[속촉촉 진정토너] 에스네이처 아쿠아 오아시스 토너 300ml 기획 (+젤크림 30ml),에스네이처,,,,A000000213171,olive_crwl_price_ingredient,300.0,330.0,ml,25000.0,18900.0,572.7,"*토너
정제수, 다이프로필렌글라이콜, 부틸렌글라이콜, 글리세린, 1,2-헥산다이올, 베타인, 판테놀, 알란토인, 파파야열매추출물, 글루코노락톤, 자일리틸글루코사이드, 안하이드로자일리톨, 자일리톨, 소듐하이알루로네이트, 글루코오스, 파파인, 하이드록시프로필트라이모늄하이알루로네이트, 소듐아세틸레이티드하이알루로네이트, 하이드롤라이즈드하이알루로닉애씨드, 하이알루로닉애씨드, 하이드롤라이즈드소듐하이알루로네이트, 소듐하이알루로네이트크로스폴리머, 포타슘하이알루로네이트, 글리세릴아크릴레이트/아크릴릭애씨드코폴리머, 피브이엠/엠에이코폴리머

*젤크림
정제수, 글리세린, 부틸렌글라이콜, 1,2-헥산다이올, 블루아가베잎추출물, 알란토인, 소듐하이알루로네이트, 하이드록시프로필트라이모늄하이알루로네이트, 하이드롤라이즈드하이알루로닉애씨드, 소듐아세틸레이티드하이알루로네이트, 하이알루로닉애씨드, 하이드롤라이즈드소듐하이알루로네이트, 소듐하이알루로네이트크로스폴리머, 포타슘하이알루로네이트, 알지닌, 메틸트라이메티콘, 에틸헥실글리세린, 암모늄아크릴로일다이메틸타우레이트/브이피코폴리머, 하이드록시에틸아크릴레이트/소듐아크릴로일다이메틸타우레이트코폴리머, 아크릴레이트/C10-30알킬아크릴레이트크로스폴리머, 하이드로제네이티드폴리(C6-14올레핀), 메틸다이아이소프로필프로피온아마이드, 다이메티콘/비닐다이메티콘크로스폴리머, 솔비탄아이소스테아레이트, 다이소듐이디티에이"
pi_toner_A000000146589,toner,[수분진정] 아비브 어성초 카밍 토너 스킨부스터 200ml,아비브,,,,A000000146589,olive_crwl_price_ingredient,200.0,200.0,ml,23000.0,16100.0,805.0,"정제수, 글리세린, 부틸렌글라이콜, 펜틸렌글라이콜, 베타인, 1,2-헥산다이올, 자일리톨, 약모밀추출물(3,500 ppm), 판테놀, 에틸헥실글리세린, 소듐하이알루로네이트, 비피다발효용해물, 돌콩추출물, 다이소듐이디티에이, 하이드롤라이즈드하이알루로닉애씨드, 잔탄검, 옥탄다이올, 병풀추출물, 토코페롤, 인동덩굴꽃추출물, 황금추출물, 바이오사카라이드검-4, 파스향나무잎추출물"
pi_toner_A000000207054,toner,[대용량/속보습폭발] 더랩바이블랑두 올리고 히알루론산 딥 토너 500ml 대용량 기획 (+100ml),더랩바이블랑두,,,,A000000207054,olive_crwl_price_ingredient,500.0,600.0,ml,37000.0,28900.0,481.7,"정제수, 부틸렌글라이콜, 1,2-헥산다이올, 글리세린, 베타-글루칸, 베타인, 소듐하이알루로네이트(2,700 ppm), 판테놀, 솔비톨, 아세틸글루코사민, 글루쿠로닉애씨드, 알란토인, 토코페롤, 에틸헥실글리세린, 다이소듐이디티에이"
pi_toner_A000000211003,toner,[1등 속보습] 라네즈 크림스킨 170ml 단품기획 (+50ml),라네즈,,,,A000000211003,olive_crwl_price_ingredient,170.0,220.0,ml,33000.0,23760.0,1080.0,"정제수, 부틸렌글라이콜, 글리세린, 메도우폼씨오일, 아이소펜틸다이올, 1,2-헥산다이올, 스쿠알란, 폴리글리세릴-10스테아레이트, 글리세릴스테아레이트시트레이트, 소듐스테아로일글루타메이트, 이눌린라우릴카바메이트, 글리세릴카프릴레이트, 에틸헥실글리세린, 프로판다이올, 다이소듐이디티에이, 카보머, 만니톨, 아크릴레이트/스테아릴메타크릴레이트코폴리머, 흰목이버섯포자낭과추출물, 하이알루로닉애씨드, 녹차추출물, 잔탄검, 세라마이드엔피, 동백나무꽃추출물, 토코페롤, 아세틸테트라펩타이드-11"
pi_toner_A000000229456,toner,[쿨링진정] 셀라딕스 트러블 쿨 카밍 131 토너 300ml,셀라딕스,,,,A000000229456,olive_crwl_price_ingredient,300.0,300.0,ml,18300.0,16470.0,549.0,"정제수, 부틸렌글라이콜, 글리세린, 1,2-헥산다이올, 나이아신아마이드, 판테놀, 자일리톨, 폴리글리세릴-10라우레이트, 프로판다이올, 베타인, 트레할로오스, 에틸헥실글리세린, 아데노신, 알지닌, 카보머, 다이소듐이디티에이, 알란토인, 유칼립투스잎오일, 락토바실러스발효용해물, 서양민들레잎추출물, 하이드롤라이즈드레시틴, 카프릴릴/카프릴트라이글리세라이드, 펜틸렌글라이콜, 황금추출물, 피토스핑고신, 사이클로덱스트린, 유칼립투스잎추출물, 알로에베라잎추출물, 레몬그라스추출물, 로즈힙추출물, 잔탄검, 에리스리톨, 하이드롤라이즈드완두콩단백질, 카프릴릴글라이콜, 폴리글리세릴-10스테아레이트, 스쿠알란, 폴라지닌, 세라마이드엔피, 스테아릭애씨드"
pi_toner_A000000157178,toner,[수분생기] 라운드랩 자작나무 수분 토너 1+1 기획 (300ml+300ml),라운드랩,,,,A000000157178,olive_crwl_price_ingredient,300.0,600.0,ml,24000.0,23800.0,396.7,"정제수, 글리세린, 프로판다이올, 글리세레스-26, 펜틸렌글라이콜, 자작나무수액(10,000ppm), 1,2-헥산다이올, 아이리쉬모스추출물, 사탕수수추출물, 소듐하이알루로네이트, 하이알루로닉애씨드, 판테놀, 트로메타민, 다이포타슘글리시리제이트, 글리세릴카프릴레이트, 글리세릴글루코사이드, 부틸렌글라이콜, 아스코빅애씨드, 카보머, 잔탄검, 다이소듐이디티에이"
pi_toner_A000000137180,toner,[1등토너] 라운드랩 1025 독도 토너 500ml 기획 (+100ml),라운드랩,,,,A000000137180,olive_crwl_price_ingredient,500.0,600.0,ml,30000.0,27000.0,450.0,"정제수, 부틸렌글라이콜, 글리세린, 펜틸렌글라이콜, 프로판다이올, 아이리쉬모스추출물, 사탕수수추출물, 해수, 1,2-헥산다이올, 프로테아제, 베타인, 판테놀, 에틸헥실글리세린, 알란토인, 잔탄검, 다이소듐이디티에이"
pi_toner_A000000231891,toner,[수지 PICK] 아누아 피디알엔 100 히알루론산 부스터 토너 250ml 기획 (+40ml),아누아,,,,A000000231891,olive_crwl_price_ingredient,250.0,290.0,ml,25000.0,16900.0,582.8,"정제수, 부틸렌글라이콜, 글리세린, 펜틸렌글라이콜, 프로판다이올, 사탕수수추출물, 자일리틸글루코사이드, 돌콩추출물, 말라카이트추출물, 자일리톨, 인도멀구슬나무잎추출물, 백미꽃추출물, 인도멀구슬나무꽃추출물, 아이비고드열매추출물, 접시꽃추출물, 알로에베라꽃추출물, 하이드롤라이즈드하이알루로닉애씨드, 가지열매추출물, 홀리바질잎추출물, 참산호말추출물, 울금뿌리추출물, 1,2-헥산다이올, 베타인, 하이드록시아세토페논,판테놀, 에틸헥실글리세린, 안하이드로자일리톨, 알란토인, 소듐디엔에이, 다이프로필렌글라이콜, 옥탄다이올, 포스파티딜콜린, 토코페롤, 하이알루로닉애씨드/하이드롤라이즈드콜라겐크로스폴리머, C12-13알케스-9, 다이포타슘포스페이트, 아세틸글루타민, 카퍼트라이펩타이드-1, 셀룰로오스검, 다이소듐이디티에이, 잔탄검"
pi_toner_A000000218549,toner,에스트라 에이시카365 수분토너 pH4.5 200ml,에스트라,,,,A000000218549,olive_crwl_price_ingredient,200.0,200.0,ml,28000.0,23800.0,1190.0,"정제수, 부틸렌글라이콜, 글리세린, 나이아신아마이드, 1,2-헥산다이올, 글루코노락톤, 트로메타민, 잔탄검, 에틸헥실글리세린, 레시틴, 소듐메타포스페이트, 폴리글리세릴-10올리에이트, 소듐하이알루로네이트, 3-O-에틸아스코빅애씨드, 징크피씨에이, 폴리글리세릴-4카프레이트, 아시아티코사이드, 마데카식애씨드, 글리세릴카프릴레이트, 아시아틱애씨드, 마데카소사이드, 소듐트라이메타포스페이트, 프로필렌글라이콜, 토코페롤, 쌀겨오일"
pi_toner_A000000159921,toner,라로슈포제 시카플라스트 로션 B5 판테놀 시카에센스 토너 200ml,라로슈포제,,,,A000000159921,olive_crwl_price_ingredient,200.0,200.0,ml,37000.0,33300.0,1665.0,정제수 글리세린 프로판다이올 판테놀 펜틸렌글라이콜 소듐시트레이트 만노오스 마데카소사이드 망가니즈글루코네이트 소듐클로라이드 코코-베타인 카퍼글루코네이트 카프릴릴글라이콜 시트릭애씨드 트라이소듐에틸렌다이아민다이석시네이트
pi_toner_A000000188990,toner,[온라인단독/진정SET] 브링그린 티트리 시카 수딩 토너&크림 (세트/기획),브링그린,,,,A000000188990,olive_crwl_price_ingredient,,,,34000.0,20500.0,,"[토너] 정제수, 다이프로필렌글라이콜, 1,2-헥산다이올, 부틸렌글라이콜, 티트리추출물, 티트리잎수, 베타인, 판테놀, 티트리잎추출물, 옥틸도데세스-16, 소듐시트레이트, 시트릭애씨드, 티트리잎오일, 티트리꽃/잎/줄기추출물, 베타인살리실레이트, 병풀추출물, 잔탄검 

 / [크림] 
정제수, 부틸렌글라이콜, 스쿠알란, 티트리잎수, 프로판다이올, 1,2-헥산다이올, 나이아신아마이드, 펜틸렌글라이콜, 폴리글리세릴-3메틸글루코오스다이스테아레이트, 다이글리세린, 티트리추출물, 티트리잎추출물, 병풀추출물, 티트리꽃/잎/줄기추출물, 티트리잎오일, 하이드록시에틸아크릴레이트/소듐아크릴로일다이메틸타우레이트코폴리머, 폴리메틸실세스퀴옥세인, 아크릴레이트/C10-30알킬아크릴레이트크로스폴리머, 트로메타민, 솔비탄아이소스테아레이트, 마데카소사이드, 토코페롤, 에틸헥실글리세린"
pi_toner_A000000246774,toner,[더블기획/1등토너] 라운드랩 1025 독도 토너 300ml 더블 기획 (+말랑키링),라운드랩,,,,A000000246774,olive_crwl_price_ingredient,300.0,600.0,ml,41000.0,28000.0,466.7,"정제수, 부틸렌글라이콜, 글리세린, 펜틸렌글라이콜, 프로판다이올, 아이리쉬모스추출물, 사탕수수추출물, 해수, 1,2-헥산다이올, 프로테아제, 베타인, 판테놀, 에틸헥실글리세린, 알란토인, 잔탄검, 다이소듐이디티에이"
pi_toner_A000000258792,toner,[리뉴얼] 토니모리 세라마이드 모찌 토너 500ml 기획 (+100ml + 크림 30ml),토니모리,,,,A000000258792,olive_crwl_price_ingredient,500.0,630.0,ml,18000.0,13500.0,214.3,"[세라마이드 모찌 토너] 정제수, 다이프로필렌글라이콜, 글리세린, 펜타에리스리틸테트라아이소스테아레이트, 프로판다이올, 폴리글리세린-3, 마카다미아씨오일, 하이드록시아세토페논, 하이드록시에틸아크릴레이트/소듐아크릴로일다이메틸타우레이트코폴리머, 하이드로제네이티드폴리(C6-14올레핀), 하이드로제네이티드폴리데센, 에틸헥실글리세린, 알란토인, 스타이렌/브이피코폴리머, 판테놀, 아크릴레이트/C10-30알킬아크릴레이트크로스폴리머, 트로메타민, *리모넨, 소듐파이테이트, *리날룰, 폴리솔베이트60, 솔비탄아이소스테아레이트, 라반딘오일, 센티드제라늄꽃오일, 멕시칸주니퍼오일, 아이소펜틸다이올, 라벤더오일, 부틸렌글라이콜, 병풀추출물, 레몬껍질오일, 폴리글리세릴-4올리에이트, 세라마이드엔피(5,000 ppb), 수크로오스팔미테이트, 1,2-헥산다이올 

[세라마이드 모찌 수분 크림] 정제수, 글리세린, 다이글리세린, 에틸헥실팔미테이트, 베헤닐알코올, 피토스테릴/옥틸도데실라우로일글루타메이트, 소듐폴리아크릴레이트, 스테아릴알코올, 에틸헥실스테아레이트, 폴리글리세릴-10라우레이트, 하이드록시아세토페논, 부틸렌글라이콜, 카보머, 트로메타민, 레몬껍질오일, 에틸헥실글리세린, 잔탄검, 트라이데세스-6, 라반딘오일, 멕시칸주니퍼오일, 센티드제라늄꽃오일, 다이소듐이디티에이, 하이드로제네이티드레시틴, 병풀추출물, 라벤더오일, 쇠비름추출물, 체이스트트리추출물, 마트리카리아꽃추출물, 1,2-헥산다이올, 세라마이드엔피(5,000 ppb), 만주자작나무수액, 아사이팜열매추출물, 보검선인장줄기추출물, 구아바잎추출물, 소듐하이알루로네이트, 알로에베라잎추출물, 시트랄, 리모넨, 리날룰"
pi_toner_A000000189488,toner,[속보습루틴] 더랩바이블랑두 저분자 히알루론산 딥 토너 200ml + 50ml 기획,더랩바이블랑두,,,,A000000189488,olive_crwl_price_ingredient,200.0,250.0,ml,23000.0,15990.0,639.6,"정제수, 부틸렌글라이콜, 1,2-헥산다이올, 글리세린, 베타-글루칸, 베타인, 소듐하이알루로네이트(2,700 ppm), 판테놀, 솔비톨, 아세틸글루코사민, 글루쿠로닉애씨드, 알란토인, 토코페롤, 에틸헥실글리세린, 다이소듐이디티에이"
pi_toner_A000000222849,toner,[속건조해결] 파티온 포도당 하이드로 에센스토너 300ml 더블 기획(2개입),파티온,,,,A000000222849,olive_crwl_price_ingredient,300.0,600.0,ml,32000.0,24900.0,415.0,"정제수, 부틸렌글라이콜, 글리세린, 1,2-헥산다이올, 에리스리톨, 자일리톨, 트레할로오스, 알지닌, 카보머, 에틸헥실글리세린, 하이드롤라이즈드스클레로튬검, 다이소듐이디티에이, 카프릴릭/카프릭트라이글리세라이드, 시어버터, 올리브오일, 하이드로제네이티드레시틴, 스쿠알란, 글리세릴글루코사이드, 프로판다이올, 콜레스테롤, 세라마이드엔피, 피토스핑고신, 토코페롤, 판테놀, 글루코오스(100 ppb), 벤질글라이콜, 하이드롤라이즈드글라이코사미노글리칸, 하이드록시프로필트라이모늄하이알루로네이트, 소듐하이알루로네이트크로스폴리머, 시스테인, 글루타믹애씨드, 류신, 세린, 아스파틱애씨드, 글루타민, 알라닌, 트레오닌, 트립토판, 발린, 라이신, 글라이신, 소듐하이알루로네이트, 하이드롤라이즈드하이알루로닉애씨드, 메티오닌, 프롤린, 히스티딘, 아이소류신, 페닐알라닌, 아스파라진, 타이로신, 하이알루로닉애씨드, 소듐아세틸레이티드하이알루로네이트, 마그네슘피씨에이, 소듐락테이트, 카퍼트라이펩타이드-1, 수크로오스, 우레아, 칼슘클로라이드, 포타슘하이드록사이드, 오르니틴, 씨솔트, 마그네슘클로라이드, 다이포타슘포스페이트, 마그네슘시트레이트, 글루코사민에이치씨엘, 1-메틸하이단토인-2-이미드, 시트룰린, 우릭애씨드, 타우린, 포믹애씨드, 암모니아"
pi_toner_A000000223425,toner,[미백/잡티케어] 달바 비타 토닝 세럼 토너 180ml,달바,,,,A000000223425,olive_crwl_price_ingredient,180.0,180.0,ml,29900.0,20900.0,1161.1,"정제수, 비타민나무수(117,600ppm), 다이프로필렌글라이콜, 글리세레스-26, 1,2-헥산다이올, 나이아신아마이드(20,000ppm), 글리세린, 메틸글루세스-20, 폴리글리세릴-10라우레이트, 세테아릴알코올, 베타인, 트로메타민, 아크릴레이트/C10-30알킬아크릴레이트크로스폴리머, 에틸헥실글리세린, 아데노신, 인도멀구슬나무꽃추출물, 홀리바질잎추출물, 인도멀구슬나무잎추출물, 소듐하이알루로네이트, 판테놀(100ppm), 하이드롤라이즈드하이알루로닉애씨드, 병풀추출물, 콜라겐추출물, 부틸렌글라이콜, 울금뿌리추출물, 참산호말추출물, 카카오추출물, 덱스트린, 효모발효여과물, 폴리쿼터늄-51, 하이드로제네이티드레시틴, 글루타티온, 아이비고드열매추출물, 흰서양송로추출물, 아마씨추출물, 아보카도오일, 올리브오일, 달맞이꽃오일, 알바수련꽃추출물, 사과추출물, 마카다미아씨오일, 비타민나무열매오일, 해바라기씨오일, 돌콩오일, 세라마이드엔피, 동백나무씨오일, 레몬머틀잎오일, 아스코빅애씨드(1,000ppb), 하이드롤라이즈드콩단백질, 하이드롤라이즈드쌀단백질, 하이드롤라이즈드감자단백질, 하이드롤라이즈드완두콩단백질, 하이드롤라이즈드루핀단백질, 하이드롤라이즈드귀리단백질, 하이드롤라이즈드옥수수단백질, 하이드롤라이즈드밀단백질, 하이드롤라이즈드스위트아몬드단백질, 하이드롤라이즈드보리단백질, 하이드롤라이즈드식물성단백질, 하이드롤라이즈드호호바단백질, 글라이코프로테인, 만노오스, 글루쿠로닉애씨드, 글루코오스, 토코페롤(0.003ppm), 향료, 리모넨, 헥실신남알, 리날룰"
pi_toner_A000000248498,toner,[단독기획] 아누아 어성초 77 히알루론산 수분 진정 토너 350ml 리필 기획세트 (+350ml 리필팩),아누아,,,,A000000248498,olive_crwl_price_ingredient,350.0,700.0,ml,49000.0,27500.0,392.9,"약모밀꽃/잎/줄기수(77%), 정제수, 1,2-헥산다이올, 글리세린, 글리세레스-26, 베타인, 펜틸렌글라이콜, 소듐시트레이트, 아이소펜틸다이올, 에틸헥실글리세린, 다이포타슘글리시리제이트, 시트릭애씨드, 아크릴레이트/C10-30알킬아크릴레이트크로스폴리머, 트로메타민, 판테놀, 소듐파이테이트, 알란토인, 소듐하이알루로네이트(1.1ppm), 약모밀소포(750ppb), 하이드롤라이즈드소듐하이알루로네이트(100.1ppb), 징크피씨에이, 하이드록시프로필트라이모늄하이알루로네이트(100ppb), 락토바실러스발효물, 소듐아세틸레이티드하이알루로네이트(10ppb), 하이드롤라이즈드하이알루로닉애씨드(10ppb), 아이소쿼시트린, 쿼세틴, 하이알루로닉애씨드(2.5ppb), 소듐하이알루로네이트크로스폴리머(1ppb), 포타슘하이알루로네이트(0.2ppb)"
pi_toner_A000000252322,toner,[NEW/미니어처증정] 닥터지 레드 블레미쉬 10-시카 캡슐 수딩 토너 300ml 기획 (+100ml),닥터지,,,,A000000252322,olive_crwl_price_ingredient,300.0,400.0,ml,30000.0,19200.0,480.0,"전성분 정제수, 편백수, 프로판다이올, 부틸렌글라이콜, 글리세린, 1,2-헥산다이올, 나이아신아마이드, 에리스리톨, 펜틸렌글라이콜, 스트렙토코쿠스테르모필루스발효물, 효모발효여과물, 옥수수전분, 사과즙, 백미꽃추출물, 병풀잎추출물(2.1ppm), 비피다발효여과물, 락토바실러스발효물, 병풀꽃/잎/줄기추출물(1.0ppm), 병풀뿌리 추출물(1.0ppm), 접시꽃추출물, 페퍼민트잎수, 병풀추출물(0.02ppm), 판테놀,젤란검, 알란토인, 베타인, 하이드록시아세토페논, 칼슘클로 라이드,소듐클로라이드, 아데노신, 데하이드로잔탄검, 만델릭애씨드, 트레할로오스, 셀룰로오스검, 소듐시트레이트, 메틸다이아이소프로필 프로피온아마이드,세라마이드엔피, 솔비톨, 스테아릭애씨드, 하이 드로제네이티드레시틴,실리카, 에틸헥실글리세린, 다발방패버섯추출물, 베타-글루칸, 마데카소사이드(0.18ppm), 아시아티코사이드(0.002ppm), 마데카식애씨드(0.002ppm), 아시아틱애씨드(0.0008ppm)"
pi_toner_A000000199824,toner,랩시리즈 데일리 레스큐 워터로션 200ml 단품/기획 (+60ml 추가증정),랩시리즈,,,,A000000199824,olive_crwl_price_ingredient,200.0,260.0,ml,62000.0,52700.0,2026.9,"정제수,다이프로필렌글라이콜,나이아신아마이드,변성알코올,부틸렌글라이콜,글리세린,버지니아풍년화수,베타인,아세틸글루코사민,소듐하이알루로네이트,트레할로오스,카페인,레스베라트롤,살리실릭애씨드,카프릴릴글라이콜,폴리솔베이트20,에탄올,다이소듐이디티에이,프로필렌글라이콜카프릴레이트,다이소듐포스페이트,소듐포스페이트,향료,페녹시에탄올,포타슘솔베이트　*제공된 성분은 동일 제품이라도 경우에 따라 변경될 수 있습니다. 최신정보는 제품 포장의 성분을 참고하시거나 본사 고객관리지원팀으로 연락 부탁 드립니다."
pi_toner_A000000224583,toner,"[쿨링결광토너] 빌리프 아쿠아 밤 프로즌 토너 300ml 기획 (+토너 50ml, 크림 9ml 증정)",빌리프,,,,A000000224583,olive_crwl_price_ingredient,300.0,359.0,ml,33000.0,25100.0,699.2,"[본품/증정 동일 - 프로즌 토너]
정제수, 글리세린, 프로판다이올, 부틸렌글라이콜, 변성알코올, C12-15알킬벤조에이트, 1,2-헥산다이올, 판테놀, 자일리톨, 글루코노락톤, 소듐하이알루로네이트, 레몬밤꽃/잎/줄기수*, 로즈마리잎수*, 나이아신아마이드, 유칼립투스잎추출물*+, 폴스애플민트잎추출물*, 로즈힙열매추출물*, 타임잎추출물*, 토탄추출물+, 양버들껍질/싹/잎/잔가지추출물+, 프렌치로즈꽃추출물+, 흰서양송로추출물+, 비터오렌지꽃오일+, 카퍼트라이펩타이드-1, 폴리글리세릴-10스테아레이트, 폴리글리세릴-10올리에이트, 카프릴릭/카프릭트라이글리세라이드, 말라카이트추출물, 소듐시트레이트, 시트릭애씨드, 바이오사카라이드검-1, 카페인, 펜틸렌글라이콜, 에리스리톨, 에틸헥실글리세린, 글라이신, 메틸다이아이소프로필프로피온아마이드, 로즈마리잎오일**, 오렌지껍질오일**, 라임전초오일**, 센티드제라늄꽃오일**, 리모넨, 시트로넬올, 제라니올, 시트랄, 리날룰
*표시: belif original formula
+표시: 빌리프 프로 프로즌 콤플렉스
**표시: 식물 유래 향

[증정 - 프로즌 크림]
정제수, 부틸렌글라이콜, 카프릴릭/카프릭트라이글리세라이드, 1,2-헥산다이올, 베타인, 베헤닐알코올, 판테놀, 유칼립투스잎추출물*+, 폴스애플민트잎추출물*, 로즈힙열매추출물*, 레몬밤꽃/잎/줄기수*, 타임잎추출물*, 로즈마리잎수*, 비터오렌지꽃오일+, 토탄추출물+, 양버들껍질/싹/잎/잔가지추출물+, 프렌치로즈꽃추출물+, 흰서양송로추출물+, 자일리톨, 에리스리톨, 소듐하이알루로네이트, 카페인, 카퍼트라이펩타이드-1, 글라이신, 베타-글루칸, 나이아신아마이드, 글리세릴폴리메타크릴레이트, 트라이에틸헥사노인, 카보머, 다이메티콘, 다이실록세인, 트로메타민, 글리세린, 프로필렌글라이콜, 스테아릴다이메티콘, 락토바실러스/콩발효추출물, C30-45알킬다이메티콘, 토코페릴아세테이트, 효모/감자추출물발효여과물, 효모/보리씨발효여과물, 트라이소듐이디티에이, 말라카이트추출물, 메틸다이아이소프로필프로피온아마이드, 오렌지껍질오일**, 라임전초오일**, 센티드제라늄꽃오일**, 로즈마리잎오일**, 리모넨, 시트로넬올, 제라니올, 시트랄, 리날룰
*표시: belif original formula
+표시: 빌리프 프로 프로즌 콤플렉스
**표시: 식물 유래 향"
pi_toner_A000000146262,toner,[8종히알루론산] 하다라보 고쿠쥰 프리미엄 로션 170mL,하다라보,,,,A000000146262,olive_crwl_price_ingredient,170.0,170.0,ml,20000.0,14000.0,823.5,"정제수, 부틸렌글라이콜, 펜틸렌글라이콜, 피피지-10메틸글루코오스에터, 다이프로필렌글라이콜, 다이글리세린, 하이드록시에틸우레아, 솔비톨, 카보머, 페녹시에탄올, 글라이코실트레할로오스, 다이소듐석시네이트, 프로판다이올, 소듐하이알루로네이트, 자일리틸글루코사이드, 하이드로제네이티드스타치하이드롤리세이트, 안하이드로자일리톨, 포타슘하이드록사이드, 아이소펜틸다이올, 다이소듐이디티에이, 석시닉애씨드, 자일리톨, 카프릴하이드록사믹애씨드, 잔탄검, 폴리쿼터늄-51, 하이드롤라이즈드하이알루로닉애씨드, C12-13알킬글리세릴하이드롤라이즈드하이알루로네이트, 소듐아세틸레이티드하이알루로네이트, 하이드롤라이즈드소듐하이알루로네이트, 락토코쿠스/하이알루로닉애씨드발효여과물, 하이드록시프로필트라이모늄하이알루로네이트, 아파노테케 사크룸엑소폴리사카라이즈, 소듐하이알루로네이트크로스폴리머"
pi_toner_A000000139348,toner,[대용량/속건조토너] 라로슈포제 똘러리앙 울트라 로션 400ML,라로슈포제,,,,A000000139348,olive_crwl_price_ingredient,400.0,400.0,ml,,50000.0,1250.0,정제수 글리세린 다이프로필렌글라이콜 부틸렌글라이콜 프로필렌글라이콜 펜틸렌글라이콜 나이아신아마이드 카프릴릴글라이콜 시트릭애씨드 잔탄검
pi_toner_A000000206025,toner,[온라인몰 단독기획]유리아쥬 제모스 토너 500ml 2입 기획,유리아쥬,,,,A000000206025,olive_crwl_price_ingredient,500.0,1000.0,ml,76000.0,45600.0,456.0,"정제수, 온천수, 글리세린, 부틸렌글라이콜, 페녹시에탄올, 소듐하이알루로네이트, 피브이피, 벤조익애씨드, 트로메타민"
pi_toner_A000000243679,toner,피지오겔 DMT 에센스 인 토너 200ml (+토너 50ml),피지오겔,,,,A000000243679,olive_crwl_price_ingredient,200.0,250.0,ml,30000.0,21600.0,864.0,"정제수, 다이프로필렌글라이콜, 글리세린, 1,2-헥산다이올, 헥실데실에틸헥사노에이트, 펜타에리스리틸테트라에틸헥사노에이트, 변성알코올, 베타인, 사이클로펜타실록세인, 아크릴레이트/C10-30알킬아크릴레이트크로스폴리머, 트로메타민, 다이메티콘, 피토스테롤, 소듐하이알루로네이트, 트라이소듐이디티에이, 세린, 소듐피씨에이, 하이드록시에틸우레아, 알지닌, 카프릴릭/카프릭트라이글리세라이드, 스쿠알란"
pi_toner_A000000249581,toner,[저자극 각질 케어] 제로이드 핌프로브 토너 200ml,제로이드,,,,A000000249581,olive_crwl_price_ingredient,200.0,200.0,ml,,33000.0,1650.0,"정제수, 메틸프로판다이올, 1,2-헥산다이올, 글리세린, 카프릴로일살리실릭애씨드, 글라이콜릭애씨드, 락틱애씨드, 시트릭애씨드, 판테놀, 하이드롤라이즈드하이알루로닉애씨드, 베타인, 징크피씨에이, 소듐시트레이트, 미리스토일/팔미토일옥소스테아라마이드/아라카마이드엠이에이, 다이소듐이디티에이"
pi_toner_A000000210924,toner,[단독기획]인터미션 레스트업 세럼스킨 290ml,인터미션,,,,A000000210924,olive_crwl_price_ingredient,290.0,290.0,ml,27200.0,23100.0,796.6,"정제수, 부틸렌글라이콜, 글리세린, 나이아신아마이드, 1,2-헥산다이올, 병풀잎추출물, 트레할로오스, 알란토인, 에스에이치-올리고펩타이드-23에스피, 마데카소사이드, 아시아티코사이드, 마데카식애씨드, 아시아틱애씨드, 씨대퍼딜추출물, 소듐하이알루로네이트, 하이드롤라이즈드하이알루로닉애씨드, 하이드롤라이즈드소듐하이알루로네이트, 하이알루로닉애씨드, 하이드록시프로필트라이모늄하이알루로네이트, 포타슘하이알루로네이트, 펜틸렌글라이콜, 소듐하이알루로네이트크로스폴리머, 소듐아세틸레이티드하이알루로네이트, 세라마이드엔피, 마카다미아씨오일, 카프릴릭/카프릭트라이글리세라이드, 콜레스테롤, 유채스테롤, 하이드로제네이티드레시틴, 판테놀, 다이포타슘글리시리제이트, 스타아니스추출물, 아데노신, 셀룰로오스검, 잔탄검, 이눌린, 셀룰로오스, 글루코오스, 프룩토오스, 하이드록시에틸아크릴레이트/소듐아크릴로일다이메틸타우레이트코폴리머, 시트릭애씨드, 하이드록시아세토페논, 에틸헥실글리세린, 카프릴릴글라이콜, 다이소듐이디티에이"
pi_toner_A000000214672,toner,[1+1/피지케어] 비플레인 녹두 모공 클리어링 라하 토너 265ml 기획 (+265ml 리필팩),비플레인,,,,A000000214672,olive_crwl_price_ingredient,265.0,530.0,ml,24000.0,22800.0,430.2,"정제수, 글리세린, 부틸렌글라이콜, 1,2-헥산다이올, 솔비톨, 하이드록시아세토페논, 프로판다이올, 글리세레스-25피씨에이아이소스테아레이트, 에틸헥실글리세린, 소듐시트레이트, 시트릭애씨드, 다이소듐이디티에이, 메틸다이아이소프로필프로피온아마이드, 녹두추출물(200ppm), 잔탄검, 하이알루로닉애씨드, 하이드롤라이즈드하이알루로닉애씨드, 소듐하이알루로네이트, 카프릴로일살리실릭애씨드(10ppm), 글루코노락톤, 녹두씨추출물(5ppm), 글루코오스, 사과추출물, 밤껍질추출물, 감나무잎추출물, 파파인, 유채싹추출물, 브루셀스프라우트추출물, 해바라기싹추출물, 녹두싹추출물(0.1ppm), 밀싹추출물, 아세틸헥사펩타이드-8, 카퍼트라이펩타이드-1, 다이펩타이드다이아미노부티로일벤질아마이드다이아세테이트, 헥사펩타이드-9, 노나펩타이드-1, 팔미토일헥사펩타이드-12, 팔미토일펜타펩타이드-4, 팔미토일테트라펩타이드-7, 팔미토일트라이펩타이드-1, 팔미토일트라이펩타이드-5, 펜타펩타이드-3, 트라이펩타이드-1"
pi_toner_A000000188874,toner,[첫수분토너/대용량] 웰라쥬 리얼 히알루로닉 100 토너 300ml 기획 (+화장솜 60매),웰라쥬,,,,A000000188874,olive_crwl_price_ingredient,300.0,300.0,ml,,28000.0,933.3,"하이드롤라이즈드하이알루로닉애씨드(932601.50052ppm), 글리세린, 프로판다이올, 하이드로제네이티드레시틴, 소듐하이알루로네이트(1.0052ppm), 1,2-헥산다이올, 알지닌, 벤질글라이콜, 베타인, 부틸렌글라이콜, 카프릴릴/카프릭트라이글리세라이드, 시트릭애씨드, 다이메틸실란올하이알루로네이트, 다이소듐이디티에이, 에틸헥실글리세린, 글라이신, 히스티딘, 하이알루로닉애씨드(1.00001ppm), 하이드롤라이즈드글라이코사미노글리칸(0.0056ppm), 하이드롤라이즈드소듐하이알루로네이트(1.5ppm), 하이드록시프로필트라이모늄하이알루로네이트(0.80012ppm), 라이소레시틴, 포타슘하이알루로네이트, 세린, 소듐아세틸레이티드하이알루로네이트(0.400002ppm), 소듐시트레이트, 소듐하이알루로네이트크로스폴리머(0.801ppm), 소듐하이알루로네이트다이메틸실란올, 소듐피씨에이, 소듐스테아로일글루타메이트, 수크로오스라우레이트, 토코페롤, 정제수, 잔탄검"
pi_toner_A000000183751,toner,[시카보다 4배*강한] 한율 어린쑥 수분진정 토너 150ml,한율,,,,A000000183751,olive_crwl_price_ingredient,150.0,150.0,ml,27000.0,21600.0,1440.0,"정제수, 부틸렌글라이콜, 베타인, 글리세린, 황해쑥잎수(18,944 ppm), 1,2-헥산다이올, 판테놀(5,000 ppm), 피피지-13-데실테트라데세스-24, 2,3-부탄다이올, 향료, 에틸헥실글리세린, 잔탄검, 다이소듐이디티에이, 프로판다이올, 레시틴, 락토바실러스발효물, 이눌린라우릴카바메이트, 황해쑥잎추출물(10 ppm), 토코페롤, 병풀꽃/잎/줄기추출물"
pi_toner_A000000170638,toner,에센허브 티트리 90 카밍 토너 320ml,에센허브,,,,A000000170638,olive_crwl_price_ingredient,320.0,320.0,ml,,21000.0,656.2,"티트리잎추출물, 부틸렌글라이콜, 나이아신아마이드, 디프로필렌글라이콜, 디메칠이미다졸리디논쌀전분, 글리세린, 트레할로스, 베타인, 자몽추출물, 유자추출물, 유칼립투스잎추출물, 클로브꽃추출물, 고삼추출물, 알란토인, 티트리잎오일, 피피지-26-부테스-26, 피이지-40하이드로제네이티드캐스터오일, 1,2-헥산디올, 카프릴릴글라이콜, 아데노신, 팔각회향추출물, 디포타슘글리시리제이트, 시트릭애씨드, 멘톡시프로판디올, 슈가켈프추출물, 위치하젤잎수, 알로에베라잎추출물, 병풀추출물, 카페인, 토코페릴아세테이트, 디소듐이디티에이"
pi_toner_A000000137445,toner,비오템 옴므 아쿠아파워 토너 200ml,비오템,,,,A000000137445,olive_crwl_price_ingredient,200.0,200.0,ml,63000.0,52290.0,2614.5,"정제수, 변성알코올, 글리세린, 부틸렌글라이콜, 디메치콘, 이소도데칸, 펜타에리스리틸테트라에칠헥사노에이트, 페녹시에탄올, 향료, 헥실렌글라이콜, 아크릴레이트/C10-30알킬아크릴레이트크로스폴리머, 토코페릴아세테이트, 트리에탄올아민, 판테놀, 프룩토오스, 비에이치티, 글루코오스, 디메치콘올, 바이오사카라이드검-1, 아스코빌글루코사이드, 멘톡시프로판디올, 과물시계꽃씨오일, 행인오일, 옥수수오일, 비트레오실라발효물, 쌀겨오일, 리날룰, 리모넨, 우레아, 마그네슘피씨에이 포타슘피씨에이, 징크피씨에이, 2-올레아미도-1,3-옥타데칸디올, 부틸페닐메칠프로피오날, 벤질살리실레이트, 덱스트린, 쿠마린, 시트로넬올, 하이드록시이소헥실3-사이클로헥센카복스알데하이드 카퍼피씨에이, 아스파틱애씨드, 알라닌, 망가니즈글루코네이트, 헥실니코티네이트, 글루타믹애씨드, 슈크로오스"
pi_toner_A000000211164,toner,[흔적미백] 넘버즈인 5번 글루타치온씨 비타수액 에센셜 토너 200ml 리필 기획(+200ml 리필),넘버즈인,,,,A000000211164,olive_crwl_price_ingredient,200.0,400.0,ml,36000.0,24900.0,622.5,"정제수,다이프로필렌글라이콜,글리세린,나이아신아마이드,1,2-헥산다이올,부틸렌글라이콜,폴리글리세린-3,비타민나무수,아크릴레이트/C10-30알킬아크릴레이트크로스폴리머,트로메타민,에리스리톨,펜틸렌글라이콜,3-O-에틸아스코빅애씨드,에틸헥실글리세린,폴리글리세릴-4카프레이트,아데노신,글루타티온,하이드로제네이티드레시틴,다이소듐이디티에이,마데카소사이드,황련뿌리추출물,데실글루코사이드,카프릴릴글라이콜,세라마이드엔피,아스코빅애씨드,비사보롤,판테놀,토코페롤,알부틴,아세틸헥사펩타이드-8,헥사펩타이드-9,노나펩타이드-1,팔미토일펜타펩타이드-4,팔미토일트라이펩타이드-1,팔미토일테트라펩타이드-7"
pi_toner_A000000132162,toner,[1등토너] 라운드랩 1025 독도 토너 200ml 기획 (+50ml),라운드랩,,,,A000000132162,olive_crwl_price_ingredient,200.0,250.0,ml,15000.0,13500.0,540.0,"정제수, 부틸렌글라이콜, 글리세린, 펜틸렌글라이콜, 프로판다이올, 아이리쉬모스추출물, 사탕수수추출물, 해수, 1,2-헥산다이올, 프로테아제, 베타인, 판테놀, 에틸헥실글리세린, 알란토인, 잔탄검, 다이소듐이디티에이"
pi_toner_A000000139347,toner,라로슈포제 똘러리앙 울트라 로션 200ML,라로슈포제,,,,A000000139347,olive_crwl_price_ingredient,200.0,200.0,ml,,33000.0,1650.0,정제수 글리세린 다이프로필렌글라이콜 부틸렌글라이콜 프로필렌글라이콜 펜틸렌글라이콜 나이아신아마이드 카프릴릴글라이콜 시트릭애씨드 잔탄검
pi_toner_A000000257591,toner,[단독기획] 원씽 병풀추출물 150ml 더블 기획 (+병풀 수딩 마스크 2매),원씽,,,,A000000257591,olive_crwl_price_ingredient,150.0,300.0,ml,28000.0,19000.0,633.3,"원씽 병풀추출물 150ml: 병풀잎수(94%), 부틸렌글라이콜, 1,2 -헥산다이올, 병풀추출물(1%)
원씽 병풀 수딩 마스크팩 20ml: 정제수, 부틸렌글라이콜, 글리세린, 1,2-헥산다이올, 하이드록시아세토페논, 알란토인, 병풀잎수(990ppm), 알지닌, 아크릴레이트 /C10-30알킬아크릴레이트크로스폴리머, 프로판다이올, 다이소듐이디티에이, 덱스트린, 카카오추출물, 병풀추출물(100 ppm), 판테놀, 올리브오일, 카프릴릭/카프릭트라이글리세라이드, 시어버터, 하이드로제네이티드레시틴, 스쿠알란, 소듐하이알루로네이트, 하이알루로닉애씨드, 하이드롤라이즈드소듐하이알루로네이트, 하이드롤라이즈드하이알루로닉애씨드, 다이메틸실란올하이알루로네이트, 포타슘하이알루로네이트, 소듐하이알루로네이트크로스폴리머, 하이드록시프로필트라이 모늄하이알루로네이트, 소듐하이알루로네이트다이메틸실란올, 소듐아세틸레이티드하이알루로네이트, 세라마이드엔피, 콜레스테롤, 피토스핑고신"
pi_toner_A000000203171,toner,식물나라 어린녹차 촉촉 진정토너 500mL,식물나라,,,,A000000203171,olive_crwl_price_ingredient,500.0,500.0,ml,15800.0,10800.0,216.0,"정제수, 부틸렌글라이콜, 글리세린, 1,2-헥산다이올, 녹차수, 베타인, 카보머, 트로메타민, 에틸헥실글리세린, 카카오씨추출물, 소듐파이테이트, 황련뿌리추출물, 보검선인장줄기추출물, 소나무잎추출물, 트루로즈오브예리코추출물, 토코페롤, 돌나물추출물"
pi_toner_A000000250711,toner,[화잘먹] 넘버즈인 3번 보들보들 퍼스트 결부스팅 토너 200ml 기획 (+50ml),넘버즈인,,,,A000000250711,olive_crwl_price_ingredient,200.0,250.0,ml,24000.0,18000.0,720.0,"비피다발효용해물, 갈락토미세스발효여과물, 정제수, 부틸렌글라이콜, 다이글리세린, 나이아신아마이드, 펜틸렌글라이콜, 1,2-헥산다이올, 글리세린, 소듐하이알루로네이트, 황련추출물, 백미꽃추출물, 접시꽃추출물, 붉은토끼풀꽃추출물, 하이알루로닉애씨드, 하이드롤라이즈드하이알루로닉애씨드, 다이프로필렌글라이콜, 메틸프로판다이올, 라피노오스, 합성왁스, 프로판다이올, 스쿠알란, 아데노신, 하이드로제네이티드레시틴, 알란토인, 폴리글리세릴-10스테아레이트, 판테놀, 다이포타슘글리시리제이트, 세라마이드엔피, 콜레스테롤, 스테아릭애씨드, 에틸헥실글리세린, 팔미틱애씨드, 코직애씨드, 토코페롤, 아이소펜틸다이올, 바쿠치올, 하이드록시에틸셀룰로오스, 에틸헥실팔미테이트, 세틸에틸헥사노에이트, 폴리글리세릴-10올리에이트, 다이소듐이디티에이, 잔탄검, 카라멜"
pi_toner_A000000256752,toner,이즈앤트리 초저분자 히아루론산 토너 300ml 리필기획 (+200ml 리필 + 미스트 펌프 + 늘어나는 화장솜),이즈앤트리,,,,A000000256752,olive_crwl_price_ingredient,300.0,500.0,ml,33500.0,22500.0,450.0,"정제수, 메틸프로판다이올, 1,2-헥산다이올, 해수, 글리세린, 베타인, 알란토인, 부틸렌글라이콜, 카프릴릴글라이콜, 에틸헥실글리세린, 판테놀, 잔탄검, 말라카이트추출물, 다이소듐이디티에이, 하이드롤라이즈드하이알루로닉애씨드, 펜틸렌글라이콜, 자일리틸글루코사이드, 안하이드로자일리톨, 소듐하이알루로네이트, 자일리톨, 포타슘하이알루로네이트, 글루코오스, 다이메틸실란올하이알루로네이트, 소듐아세틸레이티드하이알루로네이트, 소듐하이알루로네이트크로스폴리머, 하이드록시프로필트라이모늄하이알루로네이트, 하이드롤라이즈드소듐하이알루로네이트, 하이드롤라이즈드칼슘하이알루로네이트, 하이알루로닉애씨드, 버지니아풍년화추출물, 소듐설페이티드하이알루로네이트, 편백잎추출물, 소듐스테아로일하이알루로네이트, 소듐올레오일하이알루로네이트

히아루론산 총량 140ppm*"
pi_toner_A000000243855,toner,[화잘먹/각질제거부스터]폴라초이스 스킨퍼펙팅 바하 리퀴드 엑스폴리언트 118ml,폴라초이스,,,,A000000243855,olive_crwl_price_ingredient,118.0,118.0,ml,39000.0,29250.0,2478.8,"정제수, 프로필렌글라이콜, 나이아신아마이드, 펜틸렌글라이콜, 글리세린, 살리실릭애씨드(0.5%), 흰버드나무껍질추출물(0.5%), 피이지/피피지-17/6코폴리머, 폴리솔베이트20, 비스-피이지-18메틸에터다이메틸실레인, 소듐파이테이트, 10-하이드록시데카노익애씨드, 알란토인, 다이포타슘글리시리제이트, 카프릴릴글라이콜, 페녹시에탄올, 클로페네신, 소듐하이드록사이드, 1,2-헥산다이올, 소듐하이알루로네이트, 비에이치티"
pi_toner_A000000124507,toner,클럽맨피노드 오리지날 에프터쉐이브로션 177ml,클럽맨피노드,,,,A000000124507,olive_crwl_price_ingredient,177.0,177.0,ml,,20000.0,1129.9,"변성알코올, 정제수, 향료, 벤질알코올, 벤질벤조에이트, 벤질살리실레이트, 시트랄, 시트로넬올, 리모넨, 제라니올, 하이드록시시트로넬알, 리날룰, 참나무이끼추출물, 나무이끼추출물, 황색4호, 황색5호"
pi_toner_A000000210415,toner,[증정기획 진정PDRN] 헤브블루 살몬 PDRN 센텔라 토너 200ml 기획 (+연어 크림 20ml),헤브블루,,,,A000000210415,olive_crwl_price_ingredient,200.0,220.0,ml,41900.0,26800.0,1218.2,"살몬 케어링 센텔라 토너
병풀잎수(828,168ppm), 정제수, 부틸렌글라이콜, 약모밀수(30,380ppm), 프로판다이올, 글리세린, 1,2-헥산다이올, 연어알추출물(1,500ppm), 알란토인, 판테놀, 에틸헥실글리세린, 소듐하이알루로네이트, 다이소듐이디티에이, 말토덱스트린, 아보카도열매추출물, 덱스트린, 카카오추출물, 쇠비름추출물, 마데카소사이드, 소듐디엔에이이

살몬 케어링 센텔라 크림
병풀잎수(625,219ppm), 부틸렌글라이콜, 글리세린, 카프릴릭/카프릭트라이글리세라이드, 하이드로제네이티드폴리(C6-14올레핀), 정제수, 프로판다이올, 다이프로필렌글라이콜, 펜타에리스리틸테트라에틸헥사 노에이트, 1,2-헥산다이올, 사이클로헥사실록세인, 해바라기씨오일, 세테아릴올리베이트, 솔비탄올리베이트, 암모늄아크릴로일다이메틸타우레이트/브이피코폴리머, 아크릴레이트/C10-30알킬아크릴레이트크로스폴리머, 트로메타민, 연어알추출물(1,500ppm), 소듐폴리아크릴레이트, 베타인, 판테놀, 녹차수, 소듐하이알루로네이트, 에틸헥실글리세린, 잔탄검, 아데노신, 다이소듐이디티에이, 덱스트린, 쇠비름추출물, 하이드롤라이즈드콜라겐, 카카오추출물, 토코페롤, 하이알루로닉애씨드, 마데카소사이드, 소듐디엔에이, 말토덱스트린, 아보카도열매추출물, 하이드롤라이즈드하이알루로닉애씨드"
pi_serum_A000000222698,serum,[수지세럼] 아누아 피디알엔 히알루론산 캡슐 100 세럼 30mL 기획 (+30mL 리필팩),아누아,,,,A000000222698,olive_crwl_price_ingredient,30.0,60.0,ml,58500.0,27500.0,4583.3,"하이드롤라이즈드하이알루로닉애씨드(29,049ppm), 나이아신아마이드, 하이드롤라이즈드콜라겐, 소듐하이알루로 네이트(800ppm), 아데노신, 소듐디엔에이(100ppm), 하이알 루로닉애씨드(30ppm), 하이드롤라이즈드소듐하이알루로네이 트(30ppm), 하이드록시프로필트라이모늄하이알루로네이트 (30ppm), 포타슘하이알루로네이트(30ppm), 소듐하이알루 로네이트크로스폴리머(30ppm), 소듐아세틸레이티드하이알 루로네이트(1ppm), 시트릭애씨드
* 피디알엔: 소듐디엔에이"
pi_serum_A000000259488,serum,[7월올영픽/최초대용량] 파넬 시카마누 92세럼 50ml 더블기획 (총 100ml),파넬,,,,A000000259488,olive_crwl_price_ingredient,50.0,100.0,ml,52000.0,29900.0,2990.0,"정제수, 부틸렌글라이콜, 글리세린, 1,2-헥산다이올, 카보머, 트로메타민, 폴리글리세릴-10라우레이트, 프로판다이올, 인도멀구슬나무잎추출물, 병풀추출물(744ppm), 카카오씨추출물, 에틸헥실글리세린, 불가리스쑥오일, 인도멀구슬나무꽃추출물, 덱스트린, 다이소듐이디티에이, 소듐폴리아크릴레이트, 펜틸렌글라이콜, 황련뿌리추출물, 락토바실러스발효물, 마누카잎추출물(20ppm), 마데카소사이드(20ppm), 데실글루코사이드, 카프릴릴글라이콜, 꿀추출물(900ppb), 메도우폼씨오일, 카프릴릭/카프릭트라이글리세라이드, 올리브오일, 하이드로제네이티드레시틴, 세라마이드엔피, 피토스핑고신, 멜라토닌"
pi_serum_A000000231885,serum,[속건조필수템] 웰라쥬 리얼 히알루로닉 블루 100 앰플 75ml 2입 기획,웰라쥬,,,,A000000231885,olive_crwl_price_ingredient,75.0,150.0,ml,50000.0,29900.0,1993.3,"정제수, 프로판다이올, 펜틸렌글라이콜, 글리세린, 1,2-헥산다이올, 판테놀, 메틸프로판다이올, 소듐아크릴릭애씨드/엠에이코폴리머, 부틸렌글라이콜, 참마뿌리추출물, 잔탄검, 소듐시트레이트, 에틸헥실글리세린, 소듐하이알루로네이트(1,000ppm), 글라이코실트레할로오스, 하이드로제네이티드스타치하이드롤리세이트, 시트릭애씨드, 라피노오스, 아데노신, 레시틴, 트라이소듐에틸렌다이아민다이석시네이트, 카프릴릴글라이콜, 사카라이드아이소머레이트, 폴리쿼터늄-51, 말라카이트추출물, 알지닌, 소듐디엔에이, 갈랑가갈랑갈추출물, 바이오사카라이드검-1, 사이아노코발아민, 토코페롤, 카프릴릭/카프릭트라이글리세라이드, 하이드로제네이티드레시틴, 하이드롤라이즈드하이알루로닉애씨드(0.100052ppm) 하이드롤라이즈드소듐하이알루로네이트(0.1ppm), 수크로오스라우레이트, 소듐스테아로일글루타메이트, 암모늄아크릴로일다이메틸타우레이트/브이피코폴리머, 글라이신, 세린, 히스티딘, 돌콩추출물, 라이소레시틴, 플로레틴, 테트라하이드로피페린, 다이메틸아이소소바이드, 소듐하이알루로네이트크로스폴리머(2.08ppb), 벤질글라이콜, 하이드롤라이즈드글라이코사미노글리칸, 올레일알코올, 베타-글루칸, 하이드록시프로필트라이모늄하이알루로네이트(0.012ppb), 하이알루로닉애씨드(0.001ppb), 소듐아세틸레이티드하이알루로네이트(0.0002ppb)"
pi_serum_A000000224494,serum,[조유리 PICK/트러블1등] 셀라딕스 트러블 세범 리밸런싱 131 앰플 30ml,셀라딕스,,,,A000000224494,olive_crwl_price_ingredient,30.0,30.0,ml,28900.0,25400.0,8466.7,"정제수,다이프로필렌글라이콜,부틸렌글라이콜,글리세레스-26,나이아신아마이드,글리세린,베타인,피토스테롤,세라마이드엔피,스쿠알란,라우릭애씨드,아라키딕애씨드,베헤닉애씨드,베타-글루칸,참오동나무잎추출물,육계나무껍질추출물,생달나무잎추출물,녹나무잎추출물,월계수잎추출물,고수추출물,유칼립투스잎추출물,황금추출물,후박나무가지추출물,1,2-헥산다이올,폴리글리세릴-10라우레이트,폴리글리세릴-10미리스테이트,하이드록시아세토페논,판테놀,아데노신,다이소듐이디티에이,소듐하이알루로네이트,잔탄검,소듐폴리아크릴레이트,에틸헥실글리세린,베르가모트오일,라반딘오일,오렌지껍질오일,라벤더오일,발삼아미리스껍질오일,바질오일,리모넨,리날룰"
pi_serum_A000000258649,serum,[7월올영픽/곰돌이푸콜라보] 성분에디터 그린토마토 NMN 포어 리프팅 앰플 40ml 더블 기획 (+히퍼 랜덤 1종),성분에디터,,,,A000000258649,olive_crwl_price_ingredient,40.0,80.0,ml,36000.0,19800.0,2475.0,"토마토수(680,000 ppm), 정제수, 부틸렌글라이콜, 글리세린, 자일리톨, 1,2-헥산다이올, 다이프로 필렌글라이콜, 나이아신아마이드, 니코틴아마이드모노뉴클레오타이드(10,000 ppm),트레할로오스, 잔탄검, 카보머, 페닐트라이메티콘, 트로메타민, 알란토인, C12-13알케스-9, 폴리메틸실세스퀴옥세인, 소듐시트레이트, 에틸헥실글리세린, 잇꽃꽃추출물, 메틸다이하이드로자스모네이트, 다이포타슘글리시리제이트, 아데노신, 다이소듐이디티에이, 치자추출물, 덱스트린, 토마토추출물(400 ppm), 에틸렌브라
실레이트, 글루코노락톤, 판테놀, 2-t-부틸사이클로헥실아세테이트, 칡뿌리추출물, 달맞이꽃꽃추출물, 대왕소나무잎추출물, 당느릅나무뿌리추출물, 피브로넥틴, 니코틴아마 이드아데닌다이뉴클레오타이드, 소듐하이알루로네이트, 아데노신트라이포스페이트,하이드로제네이티드레시틴, 하이드롤라이즈드하이알루로닉애씨드, 하이알루로닉애씨드, 소듐하이알루로네이트크로스폴리머, 하이드록시프로필트라이모늄하이알루로네이트, 하이드로제네이티드폴리아이소부텐, 벤질글라이콜, 세라마이드엔피, 토코페롤, 하이드롤라이즈드엘라스틴, 폴리글리세릴-10라우레이트, 데이지꽃추
출물, 수용성프로테오글리칸, 유채스테롤, 토마토즙(0.1 ppm), 토마토열매/잎/줄기추출물(0.1 ppm), 페네틸알코올, 하이드롤라이
즈드콜라겐, 라즈베리케톤, 피토스테릴/베헤닐/옥틸도데실라우로일글루타메이트, 콜레스테롤, 라이소레시틴, 올레익애씨드, 글라이코사미노글리칸, 소듐클로라이드, 포타슘포스페이트, 포타슘클로라이드, 다이소듐포스페이트, 하이드롤라이즈드식물성단백질, 지모뿌리추출물, 라이코펜, 콜라겐추출물, 리날릴아세테이트, 에틸리날룰, 유칼립톨, 메틸렌다이옥시페닐메틸프로판알, 헥세닐아세테이트, 2,4-다이 메틸-3-사이클로헥신카복스알데하이드, 3-헥센올"
pi_serum_A000000255620,serum,[1등미백앰플]메디큐브 PDRN 핑크 펩타이드 앰플 30ml 리필기획(+리필팩50ml+거울키링),메디큐브,,,,A000000255620,olive_crwl_price_ingredient,30.0,80.0,ml,46000.0,24500.0,3062.5,"**PDRN 앰플 30ml
정제수,글리세린,다이프로필렌글라이콜,아이소프로필미리스테이트,글리세레스-26,나이아신아마이드,1,2-헥산다이올,소듐디엔에이,부틸렌글라이콜,폴리글리세린-3,소듐아크릴레이트/소듐아크릴로일다이메틸타우레이트코폴리머,폴리아이소부텐,아크릴레이트/C10-30알킬아크릴레이트크로스폴리머,이리추출물,트로메타민,글리세릴아크릴레이트/아크릴릭애씨드코폴리머,피브이엠/엠에이코폴리머,에틸헥실글리세린,카프릴릴글라이콜,향료,인도멀구슬나무잎추출물,아데노신,카프릴릴/카프릴글루코사이드,솔비탄올리에이트,인도멀구슬나무꽃추출물,소듐하이알루로네이트,다이소듐이디티에이,울금뿌리추출물,사이아노코발아민,하이드롤라이즈드콜라겐,유비퀴논,홀리바질잎추출물,참산호말추출물,팔미토일펜타펩타이드-4,팔미토일트라이펩타이드-1,팔미토일테트라펩타이드-7,카퍼트라이펩타이드-1,아세틸헥사펩타이드-8,연어알추출물,아텔로콜라겐"
pi_serum_A000000200646,serum,[7월올영픽/3일진정세럼]브링그린 징크테카 트러블 세럼 대용량 기획,브링그린,,,,A000000200646,olive_crwl_price_ingredient,,,,56100.0,29800.0,,"정제수, 에톡시다이글라이콜, 메틸프로판다이올, 메틸글루세스-20, 1,2-헥산다이올, 나이아신아마이드, 병풀추출물, 티트리추출물, 티트리잎추출물, 티트리꽃/잎/줄기추출물, 몰로키아잎추출물**, 신선초추출물**, 연꽃뿌리추출물**, 오크라열매추출물**, 참마뿌리추출물**, 하이드로제네이티드레시틴, 티트리잎수, 티트리잎오일, 옥틸도데칸올, 옥틸도데세스-16, 아시아티코사이드*(4,800ppm), 마데카식애씨드*(3,600ppm), 글라이코리피드, 아시아틱애씨드*(3,600ppm), C12-13알케스-9, 카보머, 트로메타민, 피브이피, 소듐폴리아크릴레이트, 다이소듐이디티에이, 4-터피네올, 징크피씨에이(1ppm), 에틸헥실글리세린"
pi_serum_A000000243677,serum,[7월올영픽/재구매율1위] 피지오겔 데일리뮨 앰플 20ml+20ml 기획,피지오겔,,,,A000000243677,olive_crwl_price_ingredient,20.0,40.0,ml,78000.0,54000.0,13500.0,"정제수, 다이프로필렌글라이콜, 프로판다이올, 아스코빅애씨드, 2,3-부탄다이올, 글리세린, 변성알코올, 판테놀, 글라이코실트레할로오스, 하이드로제네이티드스타치하이드롤리세이트, 1,2-헥산다이올, 솔비톨, 폴리글리세릴-10스테아레이트, 폴리글리세릴-10올리에이트, 알란토인, 마데카소사이드, 트레할로오스, 부틸렌글라이콜, 베티버뿌리오일, 덱스트린, 소듐하이알루로네이트, 잇꽃꽃추출물, 카카오씨추출물, 후추열매오일, 생강오일, 홍삼추출물, 영지버섯추출물, 토코페롤, 페룰릭애씨드, 스쿠알란, 카프릴릭/카프릭트라이글리세라이드, 세라마이드엔피, 하이드로제네이티드레시틴, 육계잎오일, 다마스크장미꽃오일, 돌콩오일, 다이소듐이디티에이, 트로메타민"
pi_serum_A000000237634,serum,[7월올영픽] 프리메라 세럼 3종 기획 (비타티놀/3C히알루론산/PDRN) 택1,프리메라,,,,A000000237634,olive_crwl_price_ingredient,,,,32500.0,23200.0,,"[비타티놀세럼]
정제수, 부틸렌글라이콜, 글리세린, 메틸글루세스-20, 아스코빌글루코사이드, 나이아신아마이드, 카프릴릴메티콘, 카프릴릭/카프릭트라이글리세라이드, 하이드로제네이티드폴리아이소부텐, 1,2-헥산다이올, 트로메타민, 하이드록시에틸아크릴레이트/소듐아크릴로일다이메틸타우레이트코폴리머, 폴리솔베이트20, 폴리아크릴레이트-13, 다이메티콘, 판테놀, 소듐스테아로일글루타메이트, 소듐시트레이트, 폴리아이소부텐, 폴리아크릴레이트크로스폴리머-6, 다이메틸아이소소바이드, 락토바실러스/콩추출물발효여과물, 해바라기씨오일, 옥수수전분, 돌콩오일, 만니톨, 수크로오스, 마이크로크리스탈린셀룰로오스, 글리세릴카프릴레이트, 스핑고모나스발효추출물, 에틸헥실글리세린, 솔비탄아이소스테아레이트, 소듐메타포스페이트, 당근추출물, 아데노신, 하이드록시피나콜론레티노에이트, 시트릭애씨드, 레티놀, 티타늄디옥사이드 (CI 77891), 황색산화철, 엑토인, 하이드로제네이티드레시틴, 아스코빅애씨드, 베타-카로틴, 토코페롤, 펜틸렌글라이콜, 프로필렌글라이콜, 소듐하이알루로네이트, 카보머, 아세틸테트라펩타이드-11, 아라비아고무나무검, 프로필렌글라이콜알지네이트
[PDRN세럼]
정제수, 부틸렌글라이콜, 나이아신아마이드, 글리세린, 트라이프로필렌글라이콜, 다이메틸아이소소바이드, 베타인, 판테놀, 1,2-헥산다이올, 암모늄아크릴로일다이메틸타우레이트/브이피코폴리머, 하이드록시에틸아크릴레이트/소듐아크릴로일다이메틸타우레이트코폴리머, 하이드로제네이티드레시틴, 폴리메틸메타크릴레이트, 락토바실러스/콩추출물발효여과물, 콜레스테롤, 에틸헥실글리세린, 잔탄검, 티몰트라이메톡시신나메이트, 옥수수전분, 클로렐라 프로토테코이데스추출물, 소듐카보머, 만니톨, 수크로오스, 마이크로크리스탈린셀룰로오스, 소듐메타포스페이트, 아데노신, 아시아티코사이드, 마데카식애씨드, 아시아틱애씨드, 솔비탄아이소스테아레이트, 하이드롤라이즈드디엔에이, 토코페롤, 3-O-에틸아스코빅애씨드, 페룰릭애씨드, 락토바실러스세포외소포, 티타늄디옥사이드 (CI 77891), 황련뿌리추출물, 황색산화철, 사이아노코발아민, 글루타티온, 아스코빅애씨드
[3C히알루론산세럼]
정제수, 부틸렌글라이콜, 글리세린,메도우폼씨오일, 나이아신아마이드, 베헤닐알코올, 1,2-헥산다이올, 글리세릴폴리메타크릴레이트,자일리톨, 베타인, 카페인, 에리스리톨, 피토스테롤, 호호바에스터, 카보머,락토바실러스/콩추출물발효여과물, 트로메타민, 아라키딜알코올, 글리세릴카프릴레이트, 에틸헥실글리세린, 아라키딜글루코사이드, 소듐메타포스페이트, 마데카소사이드, 하이알루로닉애씨드 (100PPM), 프로필렌글라이콜, 소듐하이알루로네이트, 세라마이드엔피, 토코페롤, 소듐하이알루로네이트크로스폴리머-6"
pi_serum_A000000211119,serum,[장도연 PICK] 메디힐 마데카소사이드 흔적 리페어 세럼 40+40ml,메디힐,,,,A000000211119,olive_crwl_price_ingredient,40.0,80.0,ml,36900.0,22900.0,2862.5,"정제수, 글리세린, 부틸렌글라이콜, 프로판다이올, 1,2-헥산다이올, 나이아신아마이드, 글리세릴폴리메타크릴레이트, 판테놀, 베타인, 폴리글리세릴-10라우레이트, 아크릴레이트/C10-30알킬아크릴레이트크로스폴리머, 다이페닐다이메티콘, 트라이에틸헥사노인, 트로메타민, 마데카소사이드(540 ppm), 에틸헥실글리세린, 하이드로제네이티드레시틴, 잔탄검, 소듐하이알루로네이트, 병풀추출물(51 ppm), 아시아티코사이드(39 ppm), 서양배추출물, 연필향나무오일, 병풀잎추출물(21 ppm), 베타-글루칸, 다마스크장미꽃수, 멜론추출물, 오리스뿌리추출물, 서양송악잎/줄기추출물, 호호바씨오일, 광곽향오일, 불가리스쑥오일, 로즈마리잎오일, 토코페롤, 다이프로필렌글라이콜, 펜틸렌글라이콜, 카프릴릴/카프릴글루코사이드, 마데카식애씨드(0.00004 ppm), 아시아틱애씨드(0.00003 ppm), 세라마이드엔피"
pi_serum_A000000158615,serum,[트러블모공] 디오디너리 나이아신아마이드 10% + 징크 1% 60ml,디오디너리,,,,A000000158615,olive_crwl_price_ingredient,60.0,60.0,ml,,15700.0,2616.7,"정제수, 나이아신아마이드(10%), 펜틸렌글라이콜, 징크피씨에이(징크로서,1%), 다이메틸아이소소바이드, 타마린드씨검, 잔탄검, 아이소세테스-20, 에톡시다이글라이콜, 페녹시에탄올, 클로페네신"
pi_serum_A000000258291,serum,[NEW/1등수분세럼] 토리든 다이브인 저분자 히알루론산 세럼 50ml 리필 기획(+리필 50ml),토리든,,,,A000000258291,olive_crwl_price_ingredient,50.0,100.0,ml,,36000.0,3600.0,"정제수, 부틸렌글라이콜, 글리세린, 다이프로필렌글라이콜, 1,2-헥산다이올, 판테놀, 소듐하이알루로네이트크로스폴리머, 하이드롤라이즈드하이알루로닉애씨드(1,000ppm), 소듐하이알루로네이트, 소듐아세틸레이티드하이알루로네이트, 하이드롤라이즈드소듐하이알루로네이트, 알란토인, 엑토인, 감초추출물, 2,3-부탄다이올, 트레할로오스, 베타인, 프로판다이올, 쇠비름추출물, 버지니아풍년화잎추출물, 마데카소사이드, 마데카식애씨드, 세라마이드엔피, 베타-글루칸, 말라카이트추출물, 콜레스테롤, 펜틸렌글라이콜, 글리세릴아크릴레이트/아크릴릭애씨드코폴리머, 피브이엠/엠에이코폴리머, 폴리글리세릴-10라우레이트, 잔탄검, 트로메타민, 카보머, 에틸헥실글리세린, 황금추출물, 모란뿌리추출물"
pi_serum_A000000258878,serum,[7월 올영픽/가나디 콜라보] 코스알엑스 더 6 펩타이드 화잘먹 세럼 150ml 더블 기획 (+피규어 굿즈),코스알엑스,,,,A000000258878,olive_crwl_price_ingredient,150.0,300.0,ml,46000.0,27100.0,903.3,"정제수, 다이프로필렌글라이콜, 글리세린, 펜틸렌글라이콜, 1,2-헥산다이올, 나이아신아마이드, 아세틸헥사펩타이드-8(5 ppm), 카퍼트라이펩타이드-1(5 ppm), 에스에이치-폴리펩타이드-121(1.98 ppm), 다이펩타이드다이아미노부티로일벤질아마이드다이아세테이트(0.3 ppm), 올리고펩타이드-68(0.095 ppm), 팔미토일트라이펩타이드-8(0.02ppm), 알란토인, 소듐하이알루로네이트, 아세틸글루코사민, 세린, 알라닌, 글라이신, 트레오닌, 알지닌, 프롤린, 베타인, 소듐피씨에이, 소듐락테이트, 피씨에이, 글루타믹애씨드, 라이신에이치씨엘, 토코페롤, 덱스트란, 돌콩오일, 하이드로제네이티드레시틴, 암모늄아크릴로일다이메틸타우레이트/브이피코폴 리머, 폴리아크릴레이트크로스폴리머-6, 부틸렌글라이콜, 잔탄검, 에틸헥실글리세린, 아데노신, 폴리쿼터늄-51, 다이소듐이디티에이, 시트릭애씨드, 카프릴릴글라이콜, t-부틸알코올, 포타슘솔베이트, 소듐올리에이트"
pi_serum_A000000255227,serum,바이오더마 하이드라비오 에센스로션 200ml 2입 기획 (+미스트펌프 증정),바이오더마,,,,A000000255227,olive_crwl_price_ingredient,200.0,400.0,ml,59000.0,45410.0,1135.2,"정제수, 메틸프로판다이올, 나이아신아마이드, 피피지-26-부테스-26, 피이지-40하이드로제네이티드캐스터오일, 소듐피씨에이, 다이소듐이디티에이, 살리실릭애씨드, 하이드록시에틸셀룰로오스, 만니톨, 소듐시트레이트, 토코페릴아세테이트, 자일리톨, 헥실데칸올, 세트리모늄브로마이드, 향료, 벤조트라이아졸릴도데실p-크레솔, 람노오스, 소듐하이드록사이드, 사과씨추출물, 유채스테롤, 토코페롤"
pi_serum_A000000231822,serum,넘버즈인 1번 판토텐산 스킨케어100 블러파우더 기획 (+퍼프 1개),넘버즈인,,,,A000000231822,olive_crwl_price_ingredient,,,,22000.0,15400.0,,"실리카, 다이메티콘, 옥수수전분, 알루미늄전분옥테닐석시네이트, 비닐다이메티콘/메티콘실세스퀴옥세인크로스폴리머, 마이카, 다이메티콘/비닐다이메티콘크로스폴리머, 카프릴릭/카프릭트라이글리세라이드, 옥틸도데실스테아로일스테아레이트, 칼라민, 마카다미아씨오일, 병풀추출물, 판토테닉애씨드, 징크피씨에이, 카프릴릴글라이콜, 나이아신아마이드, 에틸헥실글리세린, 다이포타슘글리시리제이트, 마데카소사이드, 토코페롤"
pi_serum_A000000255701,serum,[코난 콜라보/진정1등] 클레어스 블루 유스 액티베이팅 드롭 50ml 한정기획 (+명탐정 코난 키링 랜덤 증정),디어클레어스,,,,A000000255701,olive_crwl_price_ingredient,50.0,50.0,ml,52500.0,36800.0,7360.0,"정제수, 부틸렌글라이콜, 에스에이치-올리 고펩타이드-1, 에스에이치-폴리펩타이드-1, 로우스 위트블루베리추출물, 레시틴, 솔비탄세스퀴올리에이 트, 1,2-헥산다이올, 카프릴릴글라이콜, 피이지-60 하이드로제네이티드캐스터오일, 글리세린, 클로페네 신, 구아이아줄렌, 에틸헥실글리세린, 아데노신"
pi_serum_A000000259069,serum,[미피 파우치 증정/7월 올영픽] 아벤느 이드랑스 에센스 인 로션 200ml 기획 (+100ml*2 + 미피 파우치),아벤느,,,,A000000259069,olive_crwl_price_ingredient,200.0,300.0,ml,45000.0,28900.0,963.3,"아쿠아(아벤느 온천수), 글리세린, 펜틸렌글라이콜, 1,2-헥산다이올, 다이메티콘, 하이드록시에틸아크릴레이트/소듐아크릴로일다이메틸타우레이트코폴리머, 베타인, 메틸글루세스-20, 아이소세틸스테아로일스테아레이트, 트라이에틸헥사노인, 하이드로제네이티드폴리아이소부텐, 세테아릴올리베이트, 솔비탄올리베이트, 스쿠알란, 트레할로오스, 향료, 정제수, 소듐시트레이트, 피이지-7트라이메틸올프로판코코넛에터, 다이소듐이디티에이, 레시틴, 피토스테롤, 잔탄검, 솔비탄아이소스테아레이트, 시트릭애씨드, 소듐하이알루로네이트"
pi_serum_A000000258877,serum,[1+1] 이니스프리 레티놀 시카 모공 흔적 앰플 30ml 리필기획(+30ml 리필),이니스프리,,,,A000000258877,olive_crwl_price_ingredient,30.0,60.0,ml,48000.0,29200.0,4866.7,"정제수, 글리세린, 부틸렌글라이콜, 나이아신아마이드, 병풀잎수(17712ppm), 다이부틸아디페이트, 1,2-헥산다이올, 카프릴릭/카프릭트라이글리세라이드, 하이드로제네이티드레시틴, 암모늄아크릴로일다이메틸타우레이트/브이피코폴리머, 콜레스테롤, 돌콩오일, 알란토인, 토코페롤, 에틸헥실글리세린, 토코페릴아세테이트, 소듐메틸스테아로일타우레이트, 해바라기씨오일, 폴리글리세릴-6카프릴레이트, 다이메틸아이소소바이드, 아데노신, 레티놀(1,000IU/g), 당근추출물, 잔탄검, 폴리글리세릴-10라우레이트, 하이드록시피나콜론레티노에이트, 레틴알, 풀루란, 세라마이드엔피, 하이알루로닉애씨드,베타-카로틴, 트로메타민, 병풀추출물(1ppm), 글라이코프로테인, 제인, 펙틴*3X RETINOL COMPLEX 1% : 레티놀 1,000IU/g, 레틴알 0.005%, 하이드록시피나콜론레티노에이트 0.005%"
pi_serum_A000000258824,serum,[짱구 콜라보] 일소 펩타이드 3엑스 모공톡스 탄력 앰플 30ml 기획 (+맥세이프 카드지갑),일소,,,,A000000258824,olive_crwl_price_ingredient,30.0,30.0,ml,28000.0,19900.0,6633.3,"정제수, 부틸렌글라이콜, 글리세린, 나이아신아마이드, 프로판다이올, 1,2-헥산다이올, 팔미토일트라이펩타이드-5, 헥사펩타이드-9, 올리고펩타이드-1, 에스알-(올리고펩타이드-91클로스트리듐보툴리눔폴리펩타이드-1), 소듐하이알루로네이트, 소듐디엔에이, 말라카이트추출물, 효모발효여과물, 아크릴레이트/C10-30알킬아크릴레이트크로스폴리머, 트로메타민, 폴리아크릴레이트크로스폴리머-6, 에리스리톨, 카프릴릭/카프릭트라이글리세라이드, 에틸헥실글리세린, 아데노신, 글리세릴폴리아크릴레이트, 하이드로제네이티드레시틴, 소듐파이테이트, 세라마이드엔피, 베타-글루칸, 다발방패버섯추출물, 토코페롤, 레시틴, 폴리솔베이트20, 소듐아스코빌포스페이트, 글라이신, 알지닌, 글루타믹애씨드, 다이소듐이디티에이, 아이리쉬모스가루, 울트라마린 (CI 77007), 티타늄디옥사이드 (CI 77891), 흑색산화철 (CI 77499), 아가"
pi_serum_A000000231293,serum,[7월올영픽/탄력광채] 프리메라 비타티놀 바운시 리프트 세럼 25g 기획/단품,프리메라,,,,A000000231293,olive_crwl_price_ingredient,25.0,25.0,g(약 1ml 상당으로 근사),32500.0,23200.0,9280.0,"정제수, 부틸렌글라이콜, 글리세린, 메틸글루세스-20, 아스코빌글루코사이드, 나이아신아마이드, 카프릴릴메티콘, 카프릴릭/카프릭트라이글리세라이드, 하이드로제네이티드폴리아이소부텐, 1,2-헥산다이올, 트로메타민, 하이드록시에틸아크릴레이트/소듐아크릴로일다이메틸타우레이트코폴리머, 폴리솔베이트20, 폴리아크릴레이트-13, 다이메티콘, 판테놀, 소듐스테아로일글루타메이트, 소듐시트레이트, 폴리아이소부텐, 폴리아크릴레이트크로스폴리머-6, 다이메틸아이소소바이드, 락토바실러스/콩추출물발효여과물, 해바라기씨오일, 옥수수전분, 돌콩오일, 만니톨, 수크로오스, 마이크로크리스탈린셀룰로오스, 글리세릴카프릴레이트, 스핑고모나스발효추출물, 에틸헥실글리세린, 솔비탄아이소스테아레이트, 소듐메타포스페이트, 당근추출물, 아데노신, 하이드록시피나콜론레티노에이트, 시트릭애씨드, 레티놀, 티타늄디옥사이드 (CI 77891), 황색산화철, 엑토인, 하이드로제네이티드레시틴, 아스코빅애씨드, 베타-카로틴, 토코페롤, 펜틸렌글라이콜, 프로필렌글라이콜, 소듐하이알루로네이트, 카보머, 아세틸테트라펩타이드-11, 아라비아고무나무검, 프로필렌글라이콜알지네이트"
pi_serum_A000000250199,serum,[단독기획/모공탄력] 셀리맥스 더 비타 A 레티날 샷 타이트닝 부스터 15ml 기획(+3ml),셀리맥스,,,,A000000250199,olive_crwl_price_ingredient,15.0,18.0,ml,30000.0,23100.0,12833.3,"정제수, 부틸렌글라이콜, 글리세린, 카프릴릭/카프릭트라이글리세라이드, 세테아릴알코올, 나이아신아마이드, 다이아이소스테아릴말레이트, 1,2-헥산다이올, 폴리프로필실세스퀴옥세인, 판테놀, 세테아릴올리베이트, 세테아릴글루코사이드, 솔비탄올리베이트, 하이드록시에틸아크릴레이트/소듐아크릴로일다이메틸타우레이트코폴리머, 레시틴, 카보머, 알지닌, 다이메티콘/비닐다이메티콘크로스폴리머, 토코페롤, 레틴알(0.1%), 잔탄검, 에틸헥실글리세린, 아데노신, 솔비탄아이소스테아레이트, 소듐락테이트, 하이드롤라이즈드해면, 다이소듐이디티에이, 폴리솔베이트20, 아스코빅애씨드, 글루코오스, 팔미토일트라이펩타이드-1, 팔미토일테트라펩타이드-7"
pi_serum_A000000226201,serum,[단독기획] 아누아 TXA 나이아신 흔적 세럼 30ml 2입,아누아,,,,A000000226201,olive_crwl_price_ingredient,30.0,60.0,ml,64000.0,27500.0,4583.3,"정제수, 글리세린, 나이아신아마이드(10%), 트라넥사믹애씨드(4%), 부틸렌글라이콜, 다이에톡시에틸석시네이트, 1,2-헥산다이올, 알부틴, 펜틸렌글라이콜, 소듐하이알루로네이트, 잔탄검, 베타인살리실레이트, 알파-알부틴, 수크로오스팔미테이트, 아이비고드열매추출물, 한련초추출물, 하이드로제네이티드레시틴, 젤란검, 퀸즈랜드넛오일, 올리브오일, 호호바씨오일, 포도씨오일, 소듐파이테이트, 셀룰로오스, 카프릴릭/카프릭트라이글리세라이드, 판테놀, 사이아노코발아민, 폴리글루타믹애씨드, 3-O-에틸아스코빅애씨드, 세라마이드엔피, 덱스트린, 카카오추출물, 하이드롤라이즈드하이알루로닉애씨드, 편백잎추출물, 복사나무꽃추출물, 녹차씨오일, 아시아티코사이드, 마데카식애씨드, 아시아틱애씨드, 효모발효추출물, 병풀추출물, 쑥잎추출물, 칸디다 봄비콜라/글루코오스/메틸레이프씨데이트발효물, 다이메틸실란올하이알루로네이트, 하이드롤라이즈드소듐하이알루로네이트, 하이알루로닉애씨드, 포타슘하이알루로네이트, 하이드록시프로필트라이모늄하이알루로네이트, 소듐하이알루로네이트크로스폴리머, 소듐하이알루로네이트다이메틸실란올, 소듐아세틸레이티드하이알루로네이트"
pi_serum_A000000189837,serum,[흔적미백] 넘버즈인 5번 글루타치온C 흔적 앰플 30ml+30ml 듀오기획,넘버즈인,,,,A000000189837,olive_crwl_price_ingredient,30.0,60.0,ml,46000.0,29900.0,4983.3,"정제수, 부틸렌글라이콜, 나이아신아마이드(50,000 ppm), 판테놀(50,000 ppm), 트라넥사믹애씨드(40,000 ppm), 1,2-헥산다이올, 네오펜틸글라이콜다이카프레이트, 카프릴릭/카프릭트라이글리세라이드, 솔비톨, 월귤추출물, 아이리쉬모스추출물, 시어버터, 사탕수수추출물, 알파-알부틴, 비피다발효용해물, 소듐하이알루로네이트, 인도멀구슬나무꽃추출물, 홀리바질잎추출물, 인도멀구슬나무잎추출물, 울금뿌리추출물, 참산호말추출물, 흰목이버섯추출물, 펜틸렌글라이콜, 글리세린, 3-O-에틸아스코빅애씨드(2,000 ppm), 비사보롤, 트로메타민, 에틸헥실글리세린, 아데노신, 하이드로제네이티드레시틴, 알란토인, 글루타티온(100 ppm), 세라마이드엔피, 베타-글루칸, 다이포타슘글리시리제이트, 토코페롤, 아스코빅애씨드(1 ppb), 아스코빌글루코사이드(1 ppb), 토코페릴아세테이트, 하이드록시프로필사이클로덱스트린, 유비퀴논, 티옥틱애씨드, 포타슘하이드록사이드, 베헤닐알코올, 카보머, 잔탄검, 다이소듐이디티에이"
pi_serum_A000000207225,serum,[수분진정] 넘버즈인 1번 판토텐산 액티브업 수딩세럼 50ml 리필기획 (50ml+50ml),넘버즈인,,,,A000000207225,olive_crwl_price_ingredient,50.0,150.0,ml,38000.0,26600.0,1773.3,"정제수,부틸렌글라이콜,나이아신아마이드,글리세린,다이프로필렌글라이콜,1,2-헥산다이올,판테놀,도둑놈의지팡이뿌리추출물,아크릴레이트/C10-30알킬아크릴레이트크로스폴리머,프로판다이올,다이에톡시에틸석시네이트,트로메타민,하이드로제네이티드레시틴,암모늄아크릴로일다이메틸타우레이트/브이피코폴리머,베타인,판토테닉애씨드,트레할로오스,에틸헥실글리세린,글리세릴올리에이트,소듐파이테이트,알란토인,알파-알부틴,약모밀추출물,라우릴글루코사이드,미리스틸글루코사이드,폴리글리세릴-6라우레이트,징크피씨에이,인도멀구슬나무잎추출물,토코페롤,감초뿌리추출물,인도멀구슬나무꽃추출물,아이비고드열매추출물,병풀추출물,소듐하이알루로네이트,시트릭애씨드,가지열매추출물,베타-글루칸,홀리바질잎추출물,하이알루로닉애씨드,데실글루코사이드,울금뿌리추출물,참산호말추출물,다이포타슘글리시리제이트,하이드롤라이즈드하이알루로닉애씨드,호호바씨오일,녹차추출물,병풀잎추출물,오카무라큰실말추출물,흰버드나무껍질추출물,소듐아세틸레이티드하이알루로네이트,커피콩추출물,베타-시토스테롤,폴리글리세릴-10스테아레이트,베르가모트잎추출물,소나무잎추출물"
pi_serum_A000000225217,serum,더마팩토리 나이아신아마이드 20% 세럼 30ml,더마팩토리,,,,A000000225217,olive_crwl_price_ingredient,30.0,30.0,ml,6000.0,5700.0,1900.0,"다마스크장미꽃수, 나이아신아마이드, 글리세린, 부틸렌글라이콜, 1,2-헥산다이올, 아크릴레이트/C10-30알킬아크릴레이트크로스폴리머, 에틸헥실글리세린, 트로메타민, 잔탄검, 다이소듐이디티에이"
pi_serum_A000000188004,serum,[1등 화잘먹물먹세럼] 에스네이처 아쿠아 스쿠알란 세럼 50ml 기획(+50ml 리필+수분크림 10ml),에스네이처,,,,A000000188004,olive_crwl_price_ingredient,50.0,110.0,ml,35000.0,22900.0,2081.8,"* 에스네이처 아쿠아 스쿠알란 세럼 : 정제수, 글리세린, 부틸렌글라이콜, 메틸프로판다이올, 1,2-헥산다이올, 베타인, 다시마추출물, 한련초잎추출물, 버지니아풍년화추출물, 소듐하이알루로네이트, 하이드로제네이티드레시틴, 판테놀, 알란토인, 프룩토올리고사카라이드, 베타-글루칸, 하이드롤라이즈드하이알루로닉애씨드, 식물성스쿠알란(1ppm), 하이드록시프로필트라이모늄하이알루로네이트, 소듐아세틸레이티드하이알루로네이트, 하이드롤라이즈드소듐하이알루로네이트, 하이알루로닉애씨드, 소듐하이알루로네이트크로스폴리머, 포타슘하이알루로네이트, 에틸헥실글리세린, 카보머, 트로메타민, 잔탄검, 다이소듐이디티에이

* 에스네이처 아쿠아 스쿠알란 수분크림 : 정제수, 스쿠알란(150,000ppm), 글리세린, 1,2-헥산다이올, 베타인, 판테놀, 소듐하이알루로네이트, 하이드롤라이즈드콜라겐, 하이드록시프로필트라이모늄하이알루로네이트, 하이드롤라이즈드하이알루로닉애씨드, 소듐아세틸레이티드하이알루로네이트, 아세틸헥사펩타이드-8, 아데노신, 하이알루로닉애씨드, 하이드롤라이즈드소듐하이알루로네이트, 소듐하이알루로네이트크로스폴리머, 포타슘하이알루로네이트, 아크릴레이트/C10-30알킬아크릴레이트크로스폴리머, 알지닌, 알란토인, 자일리틸글루코사이드, 안하이드로자일리톨, 자일리톨, 글루코오스, 부틸렌글라이콜, 암모늄아크릴로일다이메틸타우레이트/브이피코폴리머, 카프릴릴글라이콜"
pi_serum_A000000254661,serum,[30ml+30ml / 강력토닝케어] 아렌시아 비타민 C 부스터 샷 30ml 더블기획,아렌시아,,,,A000000254661,olive_crwl_price_ingredient,30.0,90.0,ml,46500.0,27900.0,3100.0,"정제수, 글리세린, 메틸프로판다이올, 3-O-에틸아스코빅애씨드(50,000ppm), 부틸렌글라이콜, 카프릴릭/카프릭트라이글리세라이드, 1,2-헥산다이올, 나이아신아마이드, 세틸에틸헥사노에이트, 세테아릴 올리베이트, 폴리글리세릴-3메틸글루코오스다이스테아레이트, 다이아이소스테아릴말레이트, 소듐폴리아크릴레이트, 아크릴레이트/C10-30알킬아크릴레이트크로스폴리머, 솔비탄올리베이트, 알지닌, 치자추출물, 잔탄검, 에틸헥실글리세린, 덱스트린, 아데노신, 알란토인, 아스코빅애씨드(10ppm), 글루타티온, 판테놀, 피리독신, 토코페롤, 아스코빌글루코사이드, 소듐아스코빌포스페이트"
pi_serum_A000000232436,serum,아비브 어성초 테카 캡슐 세럼 카밍 드롭 50ml 더블 기획,아비브,,,,A000000232436,olive_crwl_price_ingredient,50.0,100.0,ml,48000.0,29800.0,2980.0,"정제수, 1,2-헥산다이올, 나이아신아마이드, 프로판다이올, 다이프로필렌글라이콜, 부틸렌글라이콜, 글리세린, 베타인, 다이에톡시에틸석시네이트, 약모밀추출물(8,015 ppm), 카프릴릭/카프릭트라이글리세라이드, 아이소노닐아이소노나노에이트, 아이리쉬모스추출물, 판테놀, 글루코오스, 클로렐라 불가리스추출물, 사탕수수추출물, 암모늄아크릴로일다이메틸타우레이트/브이피코폴리머, 카보머, 프룩토오스, 프룩토올리고사카라이드, 트로메타민, 펜틸렌글라이콜, 에틸헥실글리세린, 잔탄검, 캐스터오일/아이피디아이코폴리머, 마데카소사이드, 석시닉애씨드, 알란토인, 소듐파이테이트, 인도멀구슬나무잎추출물, 바이오사카라이드검-1, 인도멀구슬나무꽃추출물, 아이비고드열매추출물, 알지닌, 베타-글루칸, 호박가루, 가지열매추출물, 울금뿌리추출물, 홀리바질잎추출물, 아모다이메티콘, 참산호말추출물, 드럼스틱씨오일, 토코페롤, 엑토인, 아시아티코사이드(0.082 ppm), 마데카식애씨드(0.068 ppm), 아시아틱애씨드(0.05 ppm), 사과추출물, 4-터피네올, 솔비톨"
pi_serum_A000000256047,serum,[NEW] 토리든 다이브인 저분자 히알루론산 세럼 50ml 더블 기획 (밸풀 세럼 20ml+선크림 20ml),토리든,,,,A000000256047,olive_crwl_price_ingredient,50.0,90.0,ml,38000.0,28500.0,3166.7,"[다이브인 세럼]
정제수, 부틸렌글라이콜, 글리세린, 다이프로필렌글라이콜, 1,2-헥산다이올, 판테놀, 소듐하이알루로네이트크로스폴리머, 하이드롤라이즈드하이알루로닉애씨드(1,000ppm), 소듐하이알루로네이트, 소듐아세틸레이티드하이알루로네이트, 하이드롤라이즈드소듐하이알루로네이트, 알란토인, 엑토인, 감초추출물, 2,3-부탄다이올, 트레할로오스, 베타인, 프로판다이올, 쇠비름추출물, 버지니아풍년화잎추출물, 마데카소사이드, 마데카식애씨드, 세라마이드엔피, 베타-글루칸, 말라카이트추출물, 콜레스테롤, 펜틸렌글라이콜, 글리세릴아크릴레이트/아크릴릭애씨드코폴리머, 피브이엠/엠에이코폴리머, 폴리글리세릴-10라우레이트, 잔탄검, 트로메타민, 카보머, 에틸헥실글리세린, 황금추출물, 모란뿌리추출물

[밸런스풀 시카 컨트롤 세럼] 
정제수, 글리세린, 펜타에리스리틸테트라에틸헥사노에이트, 다이프로필렌글라이콜, 메틸프로판다이올, 1,2-헥산다이올, 병풀추출물(10,000ppm), 마데카소사이드, 아시아티코사이드, 아시아틱애씨드, 마데카식애씨드, 판테놀, 알란토인, 소듐하이알루로네이트, 트레할로오스, 포트마리골드꽃추출물, 마트리카리아꽃추출물, 쓴풀추출물, 푸른연꽃추출물, 락토바실러스발효물, 백미꽃추출물, 접시꽃추출물, 부틸렌글라이콜, 글리세릴스테아레이트, 옥탄다이올, 세테아릴알코올, 호호바에스터, 펜틸렌글라이콜, 폴리글리세릴-3메틸글루코오스다이스테아레이트, 소듐다이라우미도글루타미드라이신, 하이드록시에틸아크릴레이트/소듐아크릴로일다이메틸타우레이트코폴리머, 솔비탄세스퀴올리에이트, 트로메타민, 실리카, 토코페롤, 카프릴릴글라이콜, 다이포타슘글리시리제이트, 시트릭애씨드, 카보머, 에틸헥실글리세린

[다이브인 모이스처 선크림]
정제수, 아이소노닐아이소노나노에이트, 프로판다이올, 부틸옥틸살리실레이트, 에칠헥실트리아존, 다이부틸아디페이트, 폴리메틸실세스퀴옥세인, 디에칠아미노하이드록시벤조일헥실벤조에이트, 나이아신아마이드, 드로메트리졸트리실록산, 메칠렌비스-벤조트리아졸릴테트라메칠부틸페놀, 1,2-헥산다이올, 펜틸렌글라이콜, 판테놀(5,025ppm), 소듐하이알루로네이트, 하이알루로닉애씨드, 하이드롤라이즈드소듐하이알루로네이트, 하이드롤라이즈드하이알루로닉애씨드, 소듐아세틸레이티드하이알루로네이트, 소듐하이알루로네이트크로스폴리머, 포타슘하이알루로네이트, 다이메틸실란올하이알루로네이트, 하이드록시프로필트라이모늄하이알루로네이트, 소듐하이알루로네이트다이메틸실란올, 알란토인, 글리세린, 아데노신, 세라마이드엔피, 토코페롤, 트레할로오스, 부틸렌글라이콜, 폴리글리세릴-3메틸글루코오스다이스테아레이트, 베헤닐알코올, 데실글루코사이드, 카프릴릴메티콘, 하이드로제네이티드캐스터오일/세바식애씨드코폴리머, 카보머, 호호바씨오일, 글리세레스-26, 아크릴레이트/C10-30알킬아크릴레이트크로스폴리머, 폴리글리세릴-6다이스테아레이트, 폴리아크릴레이트크로스폴리머-6, 트라이메틸실록시실리케이트, 에틸헥실글리세린, 칸데릴라/호호바/쌀겨폴리글리세릴-3에스터, 소듐스테아로일글루타메이트, 덱스트린, 트로메타민, 잔탄검, 치자추출물, 녹차추출물, 버지니아풍년화추출물, 쇠비름추출물, 캐모마일꽃추출물, 말라카이트추출물"
pi_serum_A000000183707,serum,[한정수량/오리지널 c-PDRN] 리쥬란 힐러 턴오버 앰플 듀얼 이펙트 30ml 기획(+7ml),리쥬란,,,,A000000183707,olive_crwl_price_ingredient,30.0,37.0,ml,59000.0,48000.0,12973.0,"정제수, 피이지-6, 글리세린, 서양산딸기잎추출물, 소듐하이알루로네이트, 다이프로필렌글라이콜, 부틸렌글라이콜, 나이아신아마이드, 1,2-헥산다이올, 제로틴/하이드롤라이즈드디엔에이, 로우스위트베리추출물, 알로에베라잎즙, 카보머, 포트마리골드꽃추출물, 검은뽕나무열매추출물, 스페인감초뿌리추출물, 스쿠알란, 하이드롤라이즈드디엔에이, 잔탄검, 하이드로제네이티드레시틴, 카프릴릴글라이콜, 에틸헥실글리세린, 폴리솔베이트20, 헥실렌글라이콜, 세라마이드엔피, 아데노신, 우레아, 트레할로스, 펜틸렌글라이콜, 알부틴, 토코페릴아세테이트, 비사보롤, 콜레스테롤, 세린, 이눌린라우릴카바메이트, 알진, 다이소듐포스페이트, 글리세릴폴리아크릴레이트, 풀루란, 포타슘포스페이트"
pi_serum_A000000250531,serum,[단독기획] 아임프롬 머그워트 에센스 150ml 1+1,아임프롬,,,,A000000250531,olive_crwl_price_ingredient,150.0,300.0,ml,36000.0,30600.0,1020.0,"정제수, 쑥추출물(400,036 ppm), 부틸렌글라이콜, 글리세린, 1,2-헥산다이올, 소듐하이알루로네이트, 에틸헥실글리세린, 프로판다이올, 폴리글리세릴-10라우레이트"
pi_serum_A000000219609,serum,[대용량] 파티온 노스카나인 트러블 세럼 50ml 리필 기획(+리필40ml+크림10ml),파티온,,,,A000000219609,olive_crwl_price_ingredient,50.0,100.0,ml,54000.0,33900.0,3390.0,"정제수, 글리세린, 다이프로필렌글라이콜, 판테놀, 1,2-헥산다이올, 펜틸렌글라이콜, 소듐하이알루로네이트, 다이에톡시에틸석시네이트, 하이드록시에틸우레아, 아크릴레이트/C10-30알킬아크릴레이트크로스폴리머, 암모늄아크릴로일다이메틸타우레이트/브이피코폴리머, 트로메타민, 알란토인, 하이드록시아세토페논, 에틸헥실글리세린, 폴리글리세릴-10라우레이트, 석시닉애씨드, 잔탄검, 소듐헤파린, 쑥잎추출물, 병풀추출물, 사과추출물, 토코페롤, 카프릴릴/카프릴글루코사이드, 하이드로제네이티드레시틴, 세라마이드엔피"
pi_serum_A000000260600,serum,셀라딕스 세범 리밸런싱 RX 131 앰플 30ml 기획 (+미니언즈 키링) (미니언즈 콜라보),셀라딕스,,,,A000000260600,olive_crwl_price_ingredient,30.0,30.0,ml,,28900.0,9633.3,"정제수, 다이프로필렌글라이콜, 부틸렌글라이콜, 글리세레스 -26, 나이아신아마이드, 글리세린,베타인, 피토스테롤, 세라마이드엔피, 스쿠알란, 라우릭애씨드, 아라키딕애씨드, 베헤닉애씨드, 베타-글루칸, 참오동나무잎추출물, 육계나무껍질추출물, 생달나무잎추출물, 녹나무잎추출물, 월계수잎추출물, 고수추출물, 유칼립투스잎추출물, 황금추출물, 후박나무가지추출물, 1,2-헥산다이올, 폴리글리세릴-10라우레이트, 폴리글리세릴-10미리스테이트,하이드록시아세토페논, 판테놀, 아데노신, 다이소듐이디티에이, 소듐하이알루로네이트, 잔탄검, 소듐폴리아크릴레이트, 에틸헥실글리세린, 베르가모트오일, 라반딘오일, 오렌지껍질오일, 라벤더오일, 발삼아미리스껍질오일, 바질오일, 리모넨, 리날룰"
pi_serum_A000000217326,serum,[7월 올영픽] (50%용량증정) 에스트라 아토베리어365 세라-히알 속수분 앰플 30ml 기획 (+15ml),에스트라,,,,A000000217326,olive_crwl_price_ingredient,30.0,45.0,ml,33000.0,24400.0,5422.2,"정제수, 부틸렌글라이콜, 글리세린, 나이아신아마이드, 1,2-헥산다이올, 베타인, 판테놀, 카보머, 에틸헥실글리세린, 소듐하이알루로네이트, 3-O-에틸아스코빅애씨드, 셀룰로오스검, 트로메타민, 소듐트라이메타포스페이트, 다이포타슘글리시리제이트, 프로판다이올, 아데노신, 하이드록시프로필비스팔미타마이드엠이에이, 소듐메타포스페이트, 글리세릴카프릴레이트, 포타슘하이드록사이드, 소듐락테이트, 바이오사카라이드검-1, 카프릴릭/카프릭트라이글리세라이드, 펜틸렌글라이콜, 시트릭애씨드, 하이드록시에틸우레아, 폴리글리세릴-10스테아레이트, 콜레스테롤, 프로필렌글라이콜, 포타슘세틸포스페이트, 토코페롤, 세라마이드엔피, 만니톨, 스테아릭애씨드, 실리카, 아크릴레이트/암모늄메타크릴레이트코폴리머, 하이드로제네이티드레시틴, 팔미틱애씨드, 올레익애씨드, 아라키딕애씨드, 스핑고리피드"
pi_serum_A000000230206,serum,[1+1] 이니스프리 비타민C 캡슐 세럼 30ml 더블 기획,이니스프리,,,,A000000230206,olive_crwl_price_ingredient,30.0,60.0,ml,49000.0,28910.0,4818.3,"정제수, 프로판다이올, 1,2-헥산다이올, 글리세린, 3-O-
에틸아스코빅애씨드(20,000 ppm), 부틸렌글라이콜, 락토바실러스발효용해물, 스쿠알란, 해바라기씨오일, 덱스트린, 아크릴레이트/C10-30알킬아크릴레이트크로스폴리머, 카프릴릭/카프릭트라이글리세라이드, 트로메타민, 잔탄검, 글루코노락톤, 만다린껍질추출물, 판테놀, 나이아신아마이드, 알란토인, 당근추출물,하이알루로닉애씨드, 펜틸렌글라이콜, 소듐메타포스페이트, 실리카다이메틸실릴레이트, 사이클로덱스트린, 토코페롤, 에틸헥실글리세린, 마데카소사이드, 하이드로제네이티드폴리(C6-20올레핀), 프로테아제(150 ppm), 아스코빌테트라이소팔미테이트(100 ppm), 글루타티온, 서양톱풀추출물, 에이치디아이/트라이메틸올헥실락톤크로스폴리머, 베타-카로틴, 페룰릭애씨드"
pi_serum_A000000229221,serum,[7월올영픽/탄력밀도세럼] 랑콤 제니피끄 세럼 기획/단품 (20ml/30ml/50ml),랑콤,,,,A000000229221,olive_crwl_price_ingredient,20.0,100.0,ml,55000.0,44880.0,4488.0,정제수 비피다발효용해물 글리세린 펜틸렌글라이콜 다이메티콘 부틸렌글라이콜 옥틸도데칸올 만노오스 소듐하이알루로네이트 하이드록시아세토페논 카프릴릴글라이콜 암모늄폴리아크릴로일다이메틸타우레이트 알파-글루칸올리고사카라이드 다이포타슘글리시리제이트 테트라소듐글루타메이트다이아세테이트 효모추출물 소듐카복시메틸베타-글루칸 아데노신 잔탄검 야콘뿌리즙 소듐벤조에이트 말토덱스트린 시트릭애씨드 아세틱애씨드 락틱애씨드 향료 살리실로일피토스핑고신 락토바실러스
pi_serum_A000000229790,serum,[잡티이별] 구달 청귤 비타C 잡티케어 세럼 알파 50ml 기획 (+35ml 미니어처),구달,,,,A000000229790,olive_crwl_price_ingredient,50.0,85.0,ml,43000.0,29900.0,3517.6,"정제수,탄제린추출물,부틸렌글라이콜,나이아신아마이드,다이프로필렌글라이콜,메틸글루세스-20,1,2-헥산다이올,글리세레스-26,암모늄아크릴로일다이메틸타우레이트/브이피코폴리머,판테놀,아이리쉬모스추출물,글리세린,콜레스-24,사탕수수추출물,카보머,트로메타민,폴리글리세릴-10라우레이트,에틸헥실글리세린,소듐하이알루로네이트,알란토인,아데노신,토코페릴아세테이트,하이드로제네이티드레시틴,하이드롤라이즈드호호바에스터,소듐파이테이트,잔탄검,인도멀구슬나무꽃추출물,홀리바질잎추출물,베르가모트오일,인도멀구슬나무잎추출물,아스코빌글루코사이드,다이포타슘글리시리제이트,울금뿌리추출물,참산호말추출물,라벤더오일,아스코빅애씨드,레몬껍질오일,오렌지껍질오일,유칼립투스잎추출물,일랑일랑꽃오일,3-O-에틸아스코빅애씨드,소듐아스코빌포스페이트,감초뿌리추출물,마데카소사이드,녹차추출물,말토덱스트린,스키산드라 스페난테라열매추출물,캐모마일꽃추출물,토코페롤,로즈마리잎추출물,아시아티코사이드,호장근뿌리추출물,병풀잎추출물,하이드록시프로필사이클로덱스트린,병풀추출물,흰목이버섯추출물,글루타티온,포타슘하이드록사이드,티옥틱애씨드,다이소듐이디티에이,유비퀴논,리모넨,리날룰"
pi_serum_A000000258676,serum,[7월올영픽/곰돌이푸콜라보] 성분에디터 실크펩타이드 EGF 하트핏 볼륨 리프팅 앰플 40ml 더블기획 (+파우치 증정),성분에디터,,,,A000000258676,olive_crwl_price_ingredient,40.0,80.0,ml,43000.0,22900.0,2862.5,"실크수(69.9%), 부틸렌글라이콜, 정제수, 글리세린, 메틸프로판다이올, 1,2-헥산다이올, 나이아신아마이드, 카보머, 트로메타민, 피피지-13-데실테트라데세스-24, 프로판다이올, 아데노신, 아이리쉬모스가루,아가, 하이드록시에틸셀룰로오스, 다이소듐이디티에이, 아크릴레이트/C10-30알킬아크릴레이트크로스폴리머, 합성플루오르플로고파이트,
돌콩펩타이드(100 ppm), 베타인, 판테놀, 티타늄디옥사이드, 적색산화철, 마이카, 젤란검, 마그네슘아스코빌포스페이트, 병풀추출물, 하이드
롤라이즈드콜라겐, 약모밀추출물, 틴옥사이드, 에틸헥실글리세린, 스쿠알란, 하이드로제네이티드폴리아이소부텐, 벤질글라이콜, 레시틴, 하이드롤라이즈드글라이코사미노글리칸, 소듐하이알루로네이트, 카프릴릴글라이콜, 하이드로제네이티드레시틴, 에스에이치-폴리펩타이드-121(204ppb), 카프릴릭/카프릭트라이글리세라이드, 소듐팔미토일사코시네이트,토코페롤, 카페오일헥사펩타이드-65(104 ppb),소듐하이알루로네이트크로스폴리머, 아세틸글루타민, 헵타소듐헥사카복시메틸다이펩타이드-12(54 ppb), 하이드롤라이즈드하이알루로닉애씨드, 바실러스/폴릭애씨드/돌콩발효추출물, 금, 소듐포스페이트, 콜라겐, 미리스토일펜타펩타이드
-17(14 ppb), 미리스토일펜타펩타이드-4(14 ppb), 에스에이치-폴리펩타이드-123(14 ppb), 하이드록시프로필트라이모늄하이알루로네이트, 덱스
트란, 벤조익애씨드, 소듐벤조에이트, 하이드롤라이즈드엘라스틴, 팔미토일펜타펩타이드-5(9 ppb), 아세틸테트라펩타이드-3(7 ppb), 카퍼트라
이펩타이드-1(6 ppb), 팔미토일펜타펩타이드-4(5 ppb), 아세틸헥사펩타이드-8(5 ppb), 팔미토일테트라펩타이드-7(4 ppb), 에스에이치-데카펩타이드-7(4 ppb), 에스에이치-옥타펩타이드-4(4 ppb), 에스에이치-올리고펩타이드-9(4 ppb), 에스에이치-펜타펩타이드-19(4 ppb), 팔미토일트라이펩타이드-1(4 ppb), 트라이펩타이드-32(4 ppb), 에스알-(올리고펩타이드-91클로스트리듐보툴리눔폴리펩타이드-1)(4 ppb), 에스에이치-올리고펩타이드-1(4 ppb), 에스에이치-폴리펩타이드-1(4 ppb),
에스에이치-올리고펩타이드-2(4 ppb), 에스에이치-폴리펩타이드-11(4ppb), 에스에이치-폴리펩타이드-9(4 ppb), 에스에이치-폴리펩타이드-16(4 ppb), 에스에이치-폴리펩타이드-22(4 ppb), 에스에이치-폴리펩타이드-3(4 ppb), 에스에이치-폴리펩타이드-19(4 ppb), 에스에이치-폴리펩타이드-62(4 ppb), 붉은토끼풀꽃추출물, 하이알루로닉
애씨드, 지모뿌리추출물, 소듐아세틸레이티드하이알루로네이트"
pi_serum_A000000250773,serum,[화잘먹] 넘버즈인 3번 보들보들 모공결 세럼 30ml 더블 기획,넘버즈인,,,,A000000250773,olive_crwl_price_ingredient,30.0,60.0,ml,42000.0,26400.0,4400.0,"비피다발효용해물, 갈락토미세스발효여과물, 부틸렌글라이콜, 메틸글루세스-20, 정제수, 나이아신아마이드, 피이지-90, 1,2-헥산다이올, 글리세린, 스쿠알란, 알테로모나스발효추출물, 실크추출물, 염소유추출물, 락토바실러스발효용해물, 바쿠치올, 하이드로제네이티드레시틴, 소듐하이알루로네이트, 판테놀, 아데노신, 글리세레스-26, 잔탄검, 다이포타슘글리시리제이트, 코직애씨드, 폴리글리세릴-3다이스테아레이트, 글리세릴스테아레이트에스이, 글리세릴스테아레이트시트레이트, 폴리글리세릴-3메틸글루코오스다이스테아레이트, 카보머, 트로메타민, 알란토인, 에틸헥실글리세린, 카프릴릴글라이콜, 트로폴론, 다이소듐이디티에이"
pi_serum_A000000219717,serum,[트러블1등/단독기획] 파티온 노스카나인 트러블 세럼 50ml 기획(+15ml+마스크 1매),파티온,,,,A000000219717,olive_crwl_price_ingredient,50.0,65.0,ml,38000.0,27900.0,4292.3,"정제수, 글리세린, 다이프로필렌글라이콜, 판테놀, 1,2-헥산다이올, 펜틸렌글라이콜, 소듐하이알루로네이트, 다이에톡시에틸석시네이트, 하이드록시에틸우레아, 아크릴레이트/C10-30알킬아크릴레이트크로스폴리머, 암모늄아크릴로일다이메틸타우레이트/브이피코폴리머, 트로메타민, 알란토인, 하이드록시아세토페논, 에틸헥실글리세린, 폴리글리세릴-10라우레이트, 석시닉애씨드, 잔탄검, 소듐헤파린, 쑥잎추출물, 병풀추출물, 사과추출물, 토코페롤, 카프릴릴/카프릴글루코사이드, 하이드로제네이티드레시틴, 세라마이드엔피"
pi_serum_A000000184060,serum,[1등레티놀] 아이오페 레티놀 슈퍼 바운스 세럼 30ml 기획 (+세럼 10ml+바이오에센스48ml),아이오페,,,,A000000184060,olive_crwl_price_ingredient,30.0,88.0,ml,50000.0,42500.0,4829.5,"정제수, 부틸렌글라이콜, 스쿠알란, 메틸트라이메티콘, 글리세린, 비스-하이드록시에톡시프로필다이메티콘, 1,2-헥산다이올, 락토바실러스발효용해물, C14-22알코올, 시어버터, 팔미틱애씨드, 해바라기씨오일, 스테아릭애씨드, 글리세릴스테아레이트, 피이지-100스테아레이트, 하이드록시에틸아크릴레이트/소듐아크릴로일다이메틸타우레이트코폴리머, 다이메틸아이소소바이드, C12-20알킬글루코사이드, 돌콩오일, 카보머, 만니톨, 당근추출물, 글리세릴카프릴레이트, 트로메타민, 다이소듐이디티에이, 코질메틸렌다이옥시신나메이트, 에틸헥실글리세린, 펜틸렌글라이콜, 잔탄검, 마데카소사이드, 하이드록시피나콜론레티노에이트, 솔비탄아이소스테아레이트, 레티놀, 트레할로오스, 베타-카로틴, 토코페롤, 비에이치티, 아라비아고무나무검, 아세틸테트라펩타이드-11, 하이드로제네이티드포스파티딜콜린, 편백잎추출물, 데카펩타이드-4, 소듐올리에이트, 프로필렌글라이콜알지네이트, 벼에스에이치-올리고펩타이드-1   * 레티놀 함량 509 IU/g"
pi_serum_A000000188065,serum,[단독/대용량] 디오디너리 나이아신아마이드 10% + 징크 1% 120ml,디오디너리,,,,A000000188065,olive_crwl_price_ingredient,120.0,120.0,ml,,28900.0,2408.3,"정제수, 나이아신아마이드, 펜틸렌글라이콜, 징크피씨에이, 다이메틸아이소소바이드, 타마린드씨검, 잔탄검, 아이소세테스-20, 에톡시다이글라이콜, 페녹시에탄올, 클로페네신."
pi_serum_A000000250225,serum,[7월 올영픽/화잘먹부스팅템] 세포랩 바이오제닉 에센스 블렌디드 포뮬라 50% (100ml /30ml),세포랩,,,,A000000250225,olive_crwl_price_ingredient,100.0,130.0,ml,46000.0,31000.0,2384.6,"케리포리아 라케라타세포외소포, 미선나무수, 부틸렌글라이콜, 1,2-헥산다이올, 하이드록시아세토페논, 소듐하이알루로네이트"
pi_serum_A000000252982,serum,[7월올영픽/1+1/수분진정] 닥터지 레드블레미쉬 클리어 히알시카수딩세럼 50ml기획 (+50ml리필),닥터지,,,,A000000252982,olive_crwl_price_ingredient,50.0,100.0,ml,40000.0,22900.0,2290.0,"정제수, 부틸렌글라이콜, 다이프로필렌글라이콜, 나이아신아마이드, 1,2-헥산다이올, 글리세린, 판테놀, 글리세레스-26, 하이드록시에틸셀룰로오스, 에리스리톨, 소듐폴리아크릴로일다이메틸타우레이트, 소듐하이알루로네이트(1,100 ppm), 알란토인, 에틸헥실글리세린, 카프릴릭/카프릭트라이글리세라이드, 바이오사카라이드검-1, 다이소듐이디티에이, 하이드로제네이티드레시틴, 베타인살리실레이트, 석시닉애씨드, 트로메타민, 효모발효여과물, 옥틸도데칸올, 폴리글리세릴-10라우레이트, 포스파티딜콜린, 아시아티코사이드(48 ppm), 병풀잎추출물(40 ppm), 마데카식애씨드(36 ppm), 아시아틱애씨드(36 ppm), 글라이코리피드, 세라마이드엔피, 베타-글루칸, 락토바실러스발효물, 락토바실러스/콩발효추출물, 류코노스톡/무발효여과물, 효모발효추출물, 팔미토일트라이펩타이드-5, 다발방패버섯추출물, 마데카소사이드(3.6 ppm), 병풀추출물(3.4 ppm), 하이드록시프로필트라이모늄하이알루로네이트(1 ppm), 토코페롤, 징크피씨에이, 헥사펩타이드-9"
pi_serum_A000000259223,serum,더마팩토리 나이아신아마이드 20% 세럼 80ml (한글에디션),더마팩토리,,,,A000000259223,olive_crwl_price_ingredient,80.0,80.0,ml,14000.0,12600.0,1575.0,"다마스크장미꽃수(64.5%), 나이아신아마이드(20%), 글리세린, 부틸렌글라이콜, 1,2-헥산다이올, 아크릴레이트/C10-30알킬아크릴레이트크로스폴리머, 에틸헥실글리세린, 트로메타민, 잔탄검, 다이소듐이디티에이"
pi_serum_A000000255834,serum,[7월 올영픽/온라인추가증정] 라로슈포제 히알루 B5 수분탄력 세럼 30ml 기획 (+10ml+히알루크림 3ml),라로슈포제,,,,A000000255834,olive_crwl_price_ingredient,30.0,43.0,ml,59000.0,47200.0,10976.7,"[히알루 세럼] 
정제수 글리세린 변성알코올 프로필렌글라이콜 판테놀 펜틸렌글라이콜 다이메티콘 피이지-6카프릴릭/카프릭글리세라이즈 갈랑가갈랑갈잎추출물 칼슘클로라이드 글리세릴아이소스테아레이트 마데카소사이드 피피지-6-데실테트라데세스-30 소듐아세틸레이티드하이알루로네이트(0.01%) 소듐하이알루로네이트(0.2004%) 알진 아데노신 암모늄폴리아크릴로일다이메틸타우레이트 프로판다이올 하이드롤라이즈드하이알루로닉애씨드(0.1208%) 하이드록시아세토페논 카프릴릭/카프릭트라이글리세라이드 카프릴릴글라이콜 시트릭애씨드 트라이소듐에틸렌다이아민다이석시네이트 아세틸글루코사민 잔탄검 부틸렌글라이콜 1,2-헥산다이올 토코페롤 페녹시에탄올 향료

[히알루 크림]
정제수 글리세린 아이소헥사데칸 프로판다이올 변성알코올 아이소프로필아이소스테아레이트 판테놀 다이메티콘 옥틸도데칸올 베헤닐알코올 세틸알코올 갈랑가갈랑갈잎추출물 스테아릭애씨드 칼슘클로라이드 세테아릴알코올 세테아릴글루코사이드 피이지-100스테아레이트 소듐하이알루로네이트(0.2004%) 소듐하이드록사이드 알진 실리카 미리스틱애씨드 셀룰로오스 팔미틱애씨드 아데노신 암모늄폴리아크릴로일다이메틸타우레이트 다이소듐스테아로일글루타메이트 엑토인 하이드롤라이즈드하이알루로닉애씨드(0.0208%) 하이드록시아세토페논 카프릴릭/카프릭트라이글리세라이드 카프릴로일살리실릭애씨드 시트릭애씨드 라우레스-7 트라이소듐에틸렌다이아민다이석시네이트 아세틸글루코사민 잔탄검 펜틸렌글라이콜 파이틱애씨드 폴리아크릴아마이드 폴리엡실론-라이신 부틸렌글라이콜 1,2-헥산다이올 C13-14아이소알케인 페녹시에탄올 향료"
pi_serum_A000000159468,serum,[잡티톤업/비타민C세럼] 닥터디퍼런트 CEQ 안티옥시던트 세럼 15ml,닥터디퍼런트,,,,A000000159468,olive_crwl_price_ingredient,15.0,15.0,ml,42000.0,35700.0,23800.0,"정제수, 아스코빅애씨드(15%), 에톡시다이글라이콜, 프로판다이올, 부틸렌글라이콜, 1,2-헥산다이올, 알부틴, 다이프로필렌글라이콜, 브로콜리추출물, 울금뿌리추출물, 얼룩파인애플추출물, 살비아오일, 불가리스쑥오일, 소듐하이알루로네이트, 바질오일, 황기뿌리추출물, 콥티스뿌리추출물, 황벽나무껍질추출물, 황금추출물, 트로메타민, 콜레스-24, 페룰릭애씨드, 글리세린, 토코페롤(1,000.25 ppm), 글루코실루틴, 판테놀, 폴리글리세릴 -10올리에이트, 셀룰로오스검, 하이드로제네이티드레시틴,  에틸헥실글리세린, 아데노신, 소듐파이테이트, 피브이피, 풀러린, 글루코노락톤, 유비퀴논 (0.1ppm)"
pi_serum_A000000255684,serum,[모공탄력]메디큐브 제로 모공 원데이 펩타이드 세럼 한교동 리필기획 (본품+리필팩50ml+한교동 거울키링),메디큐브,,,,A000000255684,olive_crwl_price_ingredient,50.0,50.0,ml,46000.0,24400.0,4880.0,"정제수, 메틸프로판다이올, 글리세린, 프로판다 이올, 나이아신아마이드, 트로메타민, 1,2-헥산다이올, 폴리글리세린-3, 락틱애씨드, 다이메티콘, 글루코노락톤, 살리실릭애씨드, 하이드록시에틸셀룰로오스, 소듐폴리 아크릴로일다이메틸타우레이트, 레시틴, C12-14알케스 -12, 알란토인, 시트릭애씨드, 에틸헥실글리세린, 아데노신, 부틸렌글라이콜, 덱스트린, 글라이콜릭애씨드, 소듐시트레이트, 치자추출물, 트라이소듐포스페이트, 카프릴로일살리실릭애씨드, 물망초꽃/잎/줄기추출물, 원추 리꽃추출물, 별꽃추출물, 락토바실러스발효용해물, 서양민들레잎추출물, 락토바실러스발효물, 카프릴릭/카프릭트라이글리세라이드, 솔비탄라우레이트, 세틸팔미테이트, 솔비탄스테아레이트, 폴리솔베이트80, 카프릴릴 글라이콜, 아세틸글루타민, 아세틸다이펩타이드-1세틸에스터(8ppb), 바실러스/소이빈발효추출물, 소듐벤조에이트, 당느릅나무뿌리추출물, 칡뿌리추출물, 대왕소나무잎추출물, 달맞이꽃꽃추출물, 하이드로제네이티드레시틴, 팔미토일트라이펩타이드-5(1.1ppb), 아세틸헥 사펩타이드-1(1ppb), 토코페롤, 아세틸옥타펩타이드-3 (0.5ppb), 소듐하이알루로네이트, 팔미토일테트라펩타이드-10(0.2ppb), 폴릭애씨드, 카퍼트라이펩타이드-1 (0.05ppb), 올리고펩타이드-3(0.002ppb), 올리고펩타이드-2(0.002ppb), 올리고펩타이드-1(0.002ppb), 헥사펩타이드-11(0.002ppb)"
pi_serum_A000000232212,serum,[1등모공에센스] VT 리들샷 100 에센스 30ml 더블 기획(+피디알엔 에센스 100 1.5ml*3ea),VT,,,,A000000232212,olive_crwl_price_ingredient,30.0,31.5,ml,31500.0,22000.0,6984.1,"정제수, 다이프로필렌글라이콜, 글리세린, 나이아신아마이드, 부틸렌글라이콜, 마카다미아씨오일, 1,2-헥산다이올, 에틸헥실팔미테이트, 소듐아크릴레이트/소듐아크릴로일다이메틸타우레이트코폴리머, 폴리아이소부텐, 실리카, 글리세레스-26, 에틸헥실글리세린, 카프릴릴글라이콜, 아데노신, 소듐폴리아크릴레이트, 소듐하이알루로네이트, 병풀추출물, 카프릴릴/카프릴글루코사이드, 솔비탄올리에이트, 잔탄검, 프로폴리스추출물, 아시아티코사이드, 마데카소사이드, 마데카식애씨드, 아시아틱애씨드, 글라이신, 세린, 글루타믹애씨드, 아스파틱애씨드, 류신, 알라닌, 라이신, 알지닌, 타이로신, 페닐알라닌, 트레오닌, 프롤린, 발린, 아이소류신, 히스티딘, 메티오닌, 시스테인"
pi_serum_A000000241852,serum,[피부노화개선] 에스티로더 갈색병 세럼 30ml 기획/단품,에스티로더,,,,A000000241852,olive_crwl_price_ingredient,30.0,30.0,ml,127000.0,107950.0,35983.3,"* 에스티로더 갈색병 : 정제수,비피다발효용해물,피이지-8,프로판다이올,비스-피이지-18메틸에터다이메틸실레인,메틸글루세스-20,글리세레스-26,피이지-75,부틸렌글라이콜,바오밥나무씨추출물,트리펩타이드-32,소듐하이알루로네이트,효모추출물,락토바실러스발효물,콜라나무씨추출물,캐모마일꽃추출물,하이드롤라이즈드알진,판테틴,카페인,레시틴,소듐알엔에이,비사보롤,스쿠알란,글리세린,올레스-3포스페이트,카프릴릴글라이콜,올레스-3,올레스-5,콜레스-24,하이드로제네이티드레시틴,호호바왁스피이지-120에스터,세테스-24,토코페릴아세테이트,카보머,트라이에탄올아민,테트라소듐이디티에이,비에이치티,잔탄검,포타슘솔베이트,다이소듐이디티에이,페녹시에탄올,적색504호,황색4호[ILN47580]"
pi_suncream_A000000217330,suncream,"[파데프리] 식물나라 뽀얀쌀 수분 선크림 100ml 단품 3종(생기,보라,초록)",식물나라,,,,A000000217330,olive_crwl_price_ingredient,100.0,100.0,ml,18500.0,9800.0,980.0,"[보라 톤업]정제수,다이부틸아디페이트,프로판다이올,티타늄디옥사이드,디이소부틸아디페이트,부틸옥틸살리실레이트,카프릴릭/카프릭트라이글리세라이드,디에칠아미노하이드록시벤조일헥실벤조에이트,에칠헥실트리아존,다이카프릴릴카보네이트,나이아신아마이드,글리세린,디에칠헥실부타미도트리아존,1,2-헥산다이올,메틸트라이메티콘,귀리커넬추출물,아티초크잎추출물,쌀추출물,녹차수,하이드로제네이티드레시틴,펜틸렌글라이콜,다이메티콘/비닐다이메티콘크로스폴리머,폴리하이드록시스테아릭애씨드,브이피/에이코신코폴리머,암모늄폴리아크릴로일다이메틸타우레이트,스테아릭애씨드,메틸프로판다이올,소듐폴리아크릴로일다이메틸타우레이트,부틸렌글라이콜,알루미나,다이메티콘올,트라이실록세인,판테놀,하이드록시프로필메틸셀룰로오스스테아록시에터,소듐아크릴레이트/비닐알코올코폴리머,에틸헥실글리세린,폴리아크릴레이트크로스폴리머-6,아데노신,실리카,소듐아크릴릭애씨드/엠에이코폴리머,소듐폴리아크릴레이트,잔탄검,폴리쿼터늄-51,베타-글루칸,t-부틸알코올,카프릴릴글라이콜,트라이에톡시카프릴릴실레인,폴리에터-1,토코페롤,산소,향료,울트라마린
[생기톤업]정제수,다이부틸아디페이트,프로판다이올,티타늄디옥사이드,디이소부틸아디페이트,부틸옥틸살리실레이트,카프릴릭/카프릭트라이글리세라이드,디에칠아미노하이드록시벤조일헥실벤조에이트,에칠헥실트리아존,다이카프릴릴카보네이트,나이아신아마이드,메틸트라이메티콘,글리세린,다이메티콘/비닐다이메티콘크로스폴리머,디에칠헥실부타미도트리아존,1,2-헥산다이올,쌀추출물,펜틸렌글라이콜,폴리하이드록시스테아릭애씨드,암모늄폴리아크릴로일다이메틸타우레이트,스테아릭애씨드,부틸렌글라이콜,브이피/에이코신코폴리머,소듐폴리아크릴로일다이메틸타우레이트,다이메티콘올,트라이실록세인,알루미나,판테놀,하이드록시프로필메틸셀룰로오스스테아록시에터,실리카,소듐아크릴레이트/비닐알코올코폴리머,에틸헥실글리세린,폴리아크릴레이트크로스폴리머-6,아데노신,소듐폴리아크릴레이트,소듐아크릴릭애씨드/엠에이코폴리머,잔탄검,t-부틸알코올,카프릴릴글라이콜,폴리에터-1,토코페롤,트라이에톡시카프릴릴실레인,메틸프로판다이올,산소,향료,적색산화철
[초록톤업]
정제수, 부틸옥틸살리실레이트, 티타늄디옥사이드, 다이부틸아디페이트, 디이소부틸아디페이트, 카프릴릭/카프릭트라이글리세라이드, 디에칠아미노하이드록시벤조일헥실벤조에이트, 에칠헥실트리아존, 글리세린, 다이카프릴릴카보네이트, 나이아신아마이드, 메틸트라이메티콘, 1,2-헥산다이올, 디에칠헥실부타미도트리아존, 펜틸렌글라이콜, 프로판다이올, 귀리커넬추출물, 아티초크잎추출물, 동백나무씨추출물, 쌀추출물, 녹차수, 하이드로제네이티드레시틴, 2,3-부탄다이올, 실리카, 다이메티콘/비닐다이메티콘크로스폴리머, 라우릴락테이트, 브이피/에이코신코폴리머, 폴리메틸실세스퀴옥세인, 폴리하이드록시스테아릭애씨드, 셀룰로오스검, 암모늄폴리아크릴로일다이메틸타우레이트, 코코-카프릴레이트/카프레이트, 스테아릭애씨드, 메틸프로판다이올, 소듐폴리아크릴로일다이메틸타우레이트, 부틸렌글라이콜, 알루미나, 하이드록시프로필메틸셀룰로오스스테아록시에터, 에틸헥실글리세린, 판테놀, 소듐스테아로일글루타메이트, 폴리아크릴레이트크로스폴리머-6, 소듐아크릴레이트/비닐알코올코폴리머, 다이메티콘올, 트라이실록세인, 이눌린라우릴카바메이트, 아데노신, 소듐아크릴릭애씨드/엠에이코폴리머, 소듐폴리아크릴레이트, 3-O-에틸아스코빅애씨드, 잔탄검, 폴리쿼터늄-51, 트라이에톡시카프릴릴실레인, 베타-글루칸, t-부틸알코올, 카프릴릴글라이콜, 폴리에터-1, 메틸메타크릴레이트크로스폴리머, 토코페롤, 산소, 향료, 크로뮴옥사이드그린, 황색산화철, 피씨에이글리세릴올리에이트"
pi_suncream_A000000171650,suncream,[1+1/수분썬] 라운드랩 자작나무 수분 선크림 50ml 더블 기획,라운드랩,,,,A000000171650,olive_crwl_price_ingredient,50.0,100.0,ml,37500.0,24500.0,2450.0,"정제수, 다이부틸아디페이트, 프로판다이올, 디에칠아미노하이드록시벤조일헥실벤조에이트, 폴리메틸실세스퀴옥세인, 에칠헥실트리아존, 나이아신아마이드, 메칠렌비스-벤조트리아졸릴테트라메칠부틸페놀, 코코-카프릴레이트/카프레이트, 카프릴릴메티콘, 디에칠헥실부타미도트리아존, 글리세린, 1,2-헥산다이올, 부틸렌글라이콜, 자작나무수액(1,425ppm), 소듐하이알루로네이트, 하이알루로닉애씨드, 글리세릴글루코사이드, 다이포타슘글리시리제이트, 알란토인, 쇠비름추출물, 개똥쑥추출물, 구주소나무잎오일, 캐모마일꽃오일, 아크릴레이트/C10-30알킬아크릴레이트크로스폴리머, 소듐스테아로일글루타메이트, 폴리아크릴레이트크로스폴리머-6, 에틸헥실글리세린, 아스코빅애씨드, 아데노신, 펜틸렌글라이콜, 베헤닐알코올, 폴리C10-30알킬아크릴레이트, 폴리글리세릴-3메틸글루코오스다이스테아레이트, 데실글루코사이드, 트로메타민, 잔탄검, t-부틸알코올, 토코페롤, 카보머"
pi_suncream_A000000151904,suncream,[5중프루프] 식물나라 워터프루프 선 크림 100mL,식물나라,,,,A000000151904,olive_crwl_price_ingredient,100.0,100.0,ml,19000.0,10800.0,1080.0,"정제수, 사이클로펜타실록세인, 징크옥사이드, 호모살레이트, 에칠헥실살리실레이트, 폴리글리세릴-3폴리다이메틸실록시에틸다이메티콘, 부틸렌글라이콜다이카프릴레이트/다이카프레이트, 프로필헵틸카프릴레이트, 글리세린, 나이아신아마이드, 다이프로필렌글라이콜, 메틸메타크릴레이트크로스폴리머, 티타늄디옥사이드, 디에칠아미노하이드록시벤조일헥실벤조에이트, 부틸옥틸살리실레이트, 비스-에칠헥실옥시페놀메톡시페닐트리아진, 알로에베라잎추출물, 캐모마일꽃추출물, 가시대나무줄기추출물, 멕시칸치아씨추출물, 병풀추출물, 쇠비름추출물, 약모밀추출물, 울금뿌리추출물, 포트마리골드꽃추출물, 바오밥나무씨오일, 소듐하이알루로네이트, 달맞이꽃오일, 다이스테아다이모늄헥토라이트, 마그네슘설페이트, 칼슘알루미늄보로실리케이트, 솔비탄카프릴레이트, 폴리글리세릴-6폴리리시놀리에이트, 트라이에톡시카프릴릴실레인, 마이카, 스테아릭애씨드, 알루미늄하이드록사이드, 부틸렌글라이콜, 글리세릴카프릴레이트, 아데노신, 프로판다이올, 판테놀, 사카라이드하이드롤리세이트, 드럼스틱씨오일, 프로필렌글라이콜, 토코페롤, 산소, 1,2-헥산다이올, 향료, 에틸헥실글리세린, 펜틸렌글라이콜"
pi_suncream_A000000200614,suncream,[쿨톤보정] 달바 퍼플 톤업 선크림 듀오 기획 (50ml+50ml),달바,,,,A000000200614,olive_crwl_price_ingredient,50.0,100.0,ml,51000.0,35700.0,3570.0,"정제수, 프로판다이올, 부틸옥틸살리실레이트, 다이카프릴릴카보네이트, 티타늄디옥사이드, 다이아이소프로필세바케이트, 2,3-부탄다이올, 
디에칠아미노하이드록시벤조일헥실벤조에이트, 폴리실리콘-15, 나이아신아마이드, 다이부틸아디페이트, 에칠헥실트리아존, 1,2-헥산다이올, 흰서양송로추출물, 아이비고드열매추출물, 한련초추출물, 별꽃추출물, 약모밀추출물, 쇠비름추출물, 바오밥나무잎추출물, 부들레야추출물, 올리브나무잎추출물, 타임추출물, 라벤더꽃추출물, 병풀추출물, 오렌지오일, 호호바씨오일, 필리핀오렌지껍질오일, 리씨열매오일, 살비아잎수, 수레국화꽃수, 펜틸렌글라이콜, 코코-카프릴레이트/카프레이트, 부틸렌글라이콜, 브이피/에이코신코폴리머, 메틸프로판다이올, 폴리글리세릴-2카프레이트, 글리세린, 수크로오스스테아레이트, 암모늄아크릴로일다이메틸타우레이트/브이피코폴리머, 폴리아크릴레이트크로스폴리머-6, 알루미나, 하이드록시프로필메틸셀룰로오스스테아록시에터, 폴리하이드록시스테아릭애씨드, 스테아릭애씨드, 에틸헥실글리세린, 이눌린라우릴카바메이트, 글리세릴카프릴레이트, 잔탄검, 트라이에톡시카프릴릴실레인, 아데노신, 스쿠알란, 폴리에터-1, 락토바실러스발효물, 토코페롤, 글루타티온, 알란토인, 판테놀, 타라검, 바이오사카라이드검-1, 하이드롤라이즈드하이알루로닉애씨드, 말토덱스트린, 포도주, 울트라마린, 리모넨, 시트랄"
pi_suncream_A000000219553,suncream,[1등 선크림/화잘먹] 구달 맑은 어성초 진정 수분 선크림 50ml 1+1 기획,구달,,,,A000000219553,olive_crwl_price_ingredient,50.0,100.0,ml,22000.0,17900.0,1790.0,"정제수, 다이부틸아디페이트, 프로판다이올, 폴리메틸실세스퀴옥세인, 다이아이소프로필세바케이트, 디에칠아미노하이드록시벤조일헥실벤조에이트, 에칠헥실트리아존, 메칠렌비스-벤조트리아졸릴테트라메칠부틸페놀, 코코-카프릴레이트/카프레이트, 디에칠헥실부타미도트리아존, 부틸렌글라이콜, 글리세린, 1,2-헥산다이올, 카프릴릴메티콘, 약모밀추출물, 펜틸렌글라이콜, 베헤닐알코올, 폴리C10-30알킬아크릴레이트, 폴리글리세릴-3메틸글루코오스다이스테아레이트, 데실글루코사이드, 트로메타민, 카보머, 아크릴레이트/C10-30알킬아크릴레이트크로스폴리머, 소듐스테아로일글루타메이트, 폴리아크릴레이트크로스폴리머-6, 에틸헥실글리세린, 잔탄검, t-부틸알코올, 토코페롤"
pi_suncream_A000000259586,suncream,[7월 올영픽/마스코트 파우치 증정] 메디힐 마데카소사이드 수분 선세럼 흔적 리페어 50g +50g 더블기획,메디힐,,,,A000000259586,olive_crwl_price_ingredient,50.0,100.0,g(약 1ml 상당으로 근사),34900.0,22900.0,2290.0,"전성분 정제수, 다이부틸아디페이트, 프로판다이올, 부틸옥틸살리실레이트, 에칠헥실트리아존, 메틸메타크릴레이트크로스 폴리머, 비스-에칠헥실옥시페놀메톡시페닐트리아진, 옥토크릴렌, 나이아신아마이드, 테레프탈릴리덴디캠퍼설포닉애씨드, 알지닌, 다이메티콘올, 메틸프로판다이올, 폴리메틸실세스퀴옥세인, 1,2-헥산다이올, 펜틸렌글라이콜, C11-13아이소알케인, 하이드록시에틸우레아, 부틸렌글라이콜, 베헤닐알코올, 폴리글리세릴-3메틸글루코오스다이스테아레이트, 다이프로필렌 글라이콜, 카보머, 아이소도데케인, 폴리C10-30알킬아크릴레이트, 다이메티콘/비닐다이메티콘크로스폴리머, 폴리에터-1, 스핑고모나스발효추출물, 에틸헥실글리세린, 병풀잎추출물(407 ppm), 아데노신, 서양배추출물, 소듐스테아로일글루타 메이트, 연필향나무오일, 마데카소사이드(200 ppm), 소듐하이알루로네이트, 다마스크장미꽃수, 멜론추출물, 오리스뿌리 추출물, 서양송악잎/줄기추출물, 호호바씨오일, 광곽향오일, 불가리스쑥오일, 마이크로크리스탈린셀룰로오스, 로즈마리잎 오일, 병풀추출물(4 ppm), 셀룰로오스검, 토코페롤, 하이드롤라이즈드하이알루로닉애씨드, 하이드롤라이즈드소듐하이알 루로네이트, 하이드록시프로필트라이모듐하이알루로네이트, 사과추출물, 에리스리톨, 글리세린, 판테놀, 솔비톨, 보검선인 장줄기추출물, 마데카식애씨드(0.04 ppb), 아시아틱애씨드(0.03 ppb), 아시아티코사이드(0.03 ppb), 효모발효여과물,
바이오사카라이드검-4, 다이소듐포스페이트, 다발방패버섯추출물"
pi_suncream_A000000257674,suncream,[NEW] 오휘 데이쉴드 다크스팟 콜라겐 톤업 선 30ml/50ml,오휘,,,,A000000257674,olive_crwl_price_ingredient,30.0,80.0,ml,48000.0,40800.0,5100.0,"정제수, 다이부틸아디페이트, 다이아이소프로필세바케이트, C12-15알킬벤조에이트, 티타늄디옥사이드, 프로판다이올, 메칠렌비스-벤조트리아졸릴테트라메칠부틸페놀, 나이아신아마이드, 폴리글리세릴-3메틸글루코오스다이스테아레이트, 코코-카프릴레이트/카프레이트, 1,2-헥산다이올, 에칠헥실트리아존, 부틸렌글라이콜, 디에칠아미노하이드록시벤조일헥실벤조에이트, 판테놀, 세틸포스페이트, 세테아릴알코올, 글리세릴스테아레이트, 폴리C10-30알킬아크릴레이트, 폴리하이드록시스테아릭애씨드, 다이메티콘, 데실글루코사이드, 암모늄폴리아크릴로일다이메틸타우레이트, 세테아릴올리베이트, 비닐다이메티콘/메티콘실세스퀴옥세인크로스폴리머, 솔비탄올리베이트, 트로메타민, 알루미나, 알루미늄스테아레이트, 아크릴레이트/C10-30알킬아크릴레이트크로스폴리머, 알란토인, 소듐스테아로일글루타메이트, 스테아릭애씨드, 스테아릴글리시레티네이트, 폴리실리콘-11, 폴리우레탄-15, 아데노신, 토코페롤, 글리세린, 만니톨, 플로레틴, 트라이소듐이디티에이, 돌콩오일, 잔탄검, 드럼스틱씨오일, 트라이에톡시카프릴릴실레인, T-부틸알코올, 다이메티콘크로스폴리머, 콜라겐(15ppm), 카프릴릴글라이콜, 크리신, 다마스크장미꽃추출물, 소듐디엔에이, 트라넥사믹애씨드, 아스코빅애씨드, 카프릴릭/카프릭트라이글리세라이드, 알루미늄하이드록사이드, 유비퀴논, 아이소프로필티타늄트라이아이소스테아레이트, 에틸헥실글리세린, 하이드로제네이티드레시틴, 미리스틱애씨드, 다이소듐이디티에이, 적색산화철, 울트라마린, 티타늄디옥사이드(CI 77891), 향료, 하이드록시시트로넬알, 리모넨, 리날룰"
pi_suncream_A000000180162,suncream,[7월올영픽/무기자차] 닥터지 그린 마일드 업 선 플러스50ml 기획 (50ml+50ml+10ml) (선크림),닥터지,,,,A000000180162,olive_crwl_price_ingredient,50.0,160.0,ml,29000.0,24800.0,1550.0,"1. 그린마일드 업 선 플러스 50ml(본품+구성품)
정제수, 징크옥사이드, 프로판다이올, 부틸옥틸살리실레이트, 프로필헵틸카프릴레이트, 코코-카프릴레이트/카프레이트, 사이클로헥사실록세인, 카프릴릴메티콘, 아이소도데케인, 폴리글리세릴-3폴리다이메틸실록시에틸다이메티콘, 메틸트라이메티콘, 메틸메타크릴레이트크로스폴리머, 다이스테아다이모늄헥토라이트, 마그네슘설페이트, 트라이에톡시카프릴릴실레인, 1,2-헥산다이올, 폴리글리세릴-2다이폴리하이드록시스테아레이트, 라우릴폴리글리세릴-3폴리다이메틸실록시에틸다이메티콘, 폴리메틸실세스퀴옥세인, 글리세릴카프릴레이트, 카프릴릴글라이콜, 에틸헥실글리세린, 소듐하이알루로네이트, 부틸렌글라이콜, 토코페롤, 병풀추출물, 타라열매추출물, 프랑스해안송껍질추출물, 코토니추출물, 7-데하이드로콜레스테롤, 약모밀추출물, 엑토인, 밀몽화꽃추출물, 락토바실러스발효물, 하이드록시신나믹애씨드, 루틴"
pi_suncream_A000000225003,suncream,[폼폼푸린 콜라보] 아떼 선 케어 골라담기 (수분촉촉 선에센스EX / 비건안심무기자차),아떼,,,,A000000225003,olive_crwl_price_ingredient,,,,34000.0,21900.0,,"무기자차 선크림: 정제수, 징크옥사이드, 부틸옥틸살리실레이트, 프로필헵틸카프릴레이트, 사이클로헥사실록세인, 프로판다이올, 다이실록세인, 아이소도데케인, C15-19알케인, 카프릴릴메티콘, 세틸다이글리세릴트리스(트라이메틸실록시)실릴에틸다이메티콘, 나이아신아마이드, 소듐클로라이드, 글리세린, 비타민나무오일, 바실러스/소이빈발효추출물, 락토바실러스/호밀가루발효물, 락토바실러스/소이밀크발효여과물, 락토바실러스발효용해물, 소듐하이알루로네이트, 포도주, 병풀추출물, 하이알루로닉애씨드, 애플민트잎추출물, 녹차추출물, 타임잎추출물, 하이드롤라이즈드하이알루로닉애씨드, 메틸메타크릴레이트크로스폴리머, 다이스테아다이모늄헥토라이트, 폴리글리세릴-6폴리리시놀리에이트, 트라이에틸헥사노인, 폴리메틸실세스퀴옥세인, 트라이에톡시카프릴릴실레인, 1,2-헥산다이올, 폴리글리세릴-2다이폴리하이드록시스테아레이트, 판테놀, 라우릴다이메티콘/폴리글리세린-3크로스폴리머, 부틸렌글라이콜, 카프릴릴글라이콜, 글리세릴카프릴레이트, 아데노신, 다이프로필렌글라이콜, 토코페롤, 말토덱스트린, 소듐시트레이트, 타라검, 아이소말트, 락토바실러스, 하이드록시프로필트라이모늄하이알루로네이트, 아스코빅애씨드, 소듐아세틸레이티드하이알루로네이트, 하이드롤라이즈드소듐하이알루로네이트, 소듐하이알루로네이트크로스폴리머, 포타슘하이알루로네이트

선에센스: 정제수, 프로판다이올, 에칠헥실살리실레이트, 호모살레이트, 나이아신아마이드, 메틸트라이메티콘, 부틸옥틸살리실레이트, 비스-에틸헥실옥시페놀메톡시페닐트라이아진, 폴리메틸실세스퀴옥세인, 메칠렌비스-벤조트리아졸릴테트라메칠부틸페놀, 폴리실리콘-15, 디에칠아미노하이드록시벤조일헥실벤조에이트, 1,2-헥산다이올, 펜틸렌글라이콜, 카프릴릴메티콘, 다이부틸아디페이트, 글리세린, 실리카, 베헤닐알코올, 폴리글리세릴-3메틸글루코오스다이스테아레이트, 트로메타민, 데실글루코사이드, 소듐스테아로일글루타메이트, 카보머, 브이피/에이코신코폴리머, 아크릴레이트/C10-30알킬아크릴레이트크로스폴리머, 하이드로제네이티드폴리아이소부텐, 폴리C10-30알킬아크릴레이트, 하이드로제네이티드폴리사이클로펜타다이엔, 에틸헥실글리세린, 폴리아크릴레이트크로스폴리머-6, 소듐폴리아크릴레이트, 향료, 아데노신, 프로필렌글라이콜, 폴리에터-1, 잔탄검, 소듐하이알루로네이트, 꽃송이버섯추출물, 토코페롤, 글루타티온, 바이오틴, 소듐아스코빌포스페이트, 우레아, 판테놀, 엑토인, 3-O-에틸아스코빅애씨드, 베툴린, 카놀라오일, 옥틸도데칸올, 부틸렌글라이콜, 양까막까치밥나무씨오일, 카프릴릭/카프릭트라이글리세라이드, 밀몽화꽃추출물, 하이드로제네이티드레시틴, 폴리글리세릴-10다이아이소스테아레이트, 비파나무잎추출물, 당근씨오일, 해바라기씨오일불검화물, 해바라기씨오일, 베타-글루칸, 스피어민트추출물, 사이아노코발아민, 메나다이온, 당근추출물, 토코페릴아세테이트, 베타-카로틴, 풍선덩굴꽃/잎/덩굴추출물, 카프릴릴글라이콜, 별꽃추출물, 해바라기꽃추출물, 월귤추출물, 아세틸헥사펩타이드-1, 로즈마리잎추출물"
pi_suncream_A000000209372,suncream,[청담샵PICK/원조화잘먹]프롬리에 EGF 워터 화잘먹 선앰플 56ml+30ml 기획/워터키링기획/단품,프롬리에,,,,A000000209372,olive_crwl_price_ingredient,56.0,86.0,ml,33000.0,18900.0,2197.7,"[워터선앰플] 정제수, 다이부틸아디페이트, 프로판다이올, 부틸옥틸살리실레이트, 에칠헥실트리아존, 테레프탈릴리덴디캠퍼설포닉애씨드, 폴리글리세릴-3다이스테아레이트, 나이아신아마이드, 트로메타민, 1,2-헥산다이올, 디에칠아미노하이드록시벤조일헥실벤조에이트, 카프릴릴메티콘, 펜틸렌글라이콜, 폴리메틸실세스퀴옥세인, 폴리실리콘-15, 다시마추출물, 한련초잎추출물, 풍선덩굴꽃/잎/덩굴추출물, 병풀추출물, 하이드로제네이티드레시틴, 에키움플란타기네움씨오일, 글리세릴스테아레이트, 비스-에칠헥실옥시페놀메톡시페닐트리아진, 세테아릴알코올, 카보머, 암모늄아크릴로일다이메틸타우레이트/브이피코폴리머, 글리세린, 다이프로필렌글라이콜, 글리세릴스테아레이트시트레이트, 아크릴레이트/C10-30알킬아크릴레이트크로스폴리머, 소듐스테아로일글루타메이트, 에틸헥실글리세린, 옥틸도데칸올, 아데노신, 프룩토올리고사카라이드, 베타-글루칸, 에스에이치-올리고펩타이드-1, 하이드롤라이즈드하이알루로닉애씨드, 해바라기씨오일불검화물, 토코페롤

[보송선앰플] 정제수,다이부틸아디페이트,부틸옥틸살리실레이트,프로판다이올,변성알코올,에칠헥실트리아존,테레프탈릴리덴디캠퍼설포닉애씨드,폴리메틸실세스퀴옥세인,폴리글리세릴-3다이스테아레이트,나이아신아마이드,트로메타민,1,2-헥산다이올,부틸렌글라이콜,디에칠아미노하이드록시벤조일헥실벤조에이트,카프릴릴메티콘,펜틸렌글라이콜,폴리실리콘-15,스핑고모나스발효추출물,귀리커넬추출물,아티초크잎추출물,말라카이트추출물,병풀추출물,쇠비름추출물,노니추출물,약모밀추출물,녹차수,하이드로제네이티드레시틴,소듐하이알루로네이트,글리세릴스테아레이트,브이피/에이코신코폴리머,비스-에틸헥실옥시페놀메톡시페닐트라이아진,세테아릴알코올,메틸프로판다이올,글리세린,암모늄아크릴로일다이메틸타우레이트/브이피코폴 리머,카보머,글리세릴스테아레이트시트레이트,아크릴레이트/C10-30알킬아크릴레이트크로스폴리머,에틸헥실글리세린,소듐스테아로일글루타메이트,아데노신,폴리쿼터늄-51,베타-글루칸,테트라하이드록시프로필에틸렌다이아민,글라이신,알지닌,토코페롤,알란토인,판테놀,아시아티코사이드,마데카식애씨드,아시아틱애씨드,에스에이치-올리고펩타이드-1,향료,페녹시에탄올"
pi_suncream_A000000206826,suncream,[7월 올영픽] (50%용량증정) 에스트라 더마UV365 장벽수분 무기자차 선크림 40ml+20ml,에스트라,,,,A000000206826,olive_crwl_price_ingredient,40.0,60.0,ml,31000.0,21700.0,3616.7,"정제수, 징크옥사이드, 사이클로헥사실록세인, 프로판다이올, 부틸옥틸살리실레이트, 프로필헵틸카프릴레이트, 아이소도데케인, 폴리글리세릴-3폴리다이메틸실록시에틸다이메티콘, 카프릴릴메티콘, 다이실록세인, 다이스테아다이모늄헥토라이트, 마그네슘설페이트, 트라이에톡시카프릴릴실레인, 1,2-헥산다이올, 폴리메틸실세스퀴옥세인, 폴리글리세릴-2다이폴리하이드록시스테아레이트, 라우릴폴리글리세릴-3폴리다이메틸실록시에틸다이메티콘, 알란토인, 카프릴릴글라이콜, 글리세릴카프릴레이트, 에틸헥실글리세린, 소듐하이알루로네이트, 세라마이드엔피, 토코페롤, 소듐아세틸레이티드하이알루로네이트, 하이드롤라이즈드하이알루로닉애씨드"
pi_suncream_A000000257580,suncream,[1등선크림/끈적임ZERO] VT 피디알엔 에어 클라우드 선스크린 50ml,VT,,,,A000000257580,olive_crwl_price_ingredient,50.0,50.0,ml,26000.0,17500.0,3500.0,"정제수, 다이부틸아디페이트, 부틸옥틸살리실레이트, 에칠헥실트리아존, 나이아신아마이드, 드로메트리졸트리실록산, 폴리글리세릴-3다이스테아레이트, 테레프탈릴리덴디캠퍼설포닉애씨드, 폴리메틸실세스퀴옥세인, 디에칠아미노하이드록시벤조일헥실벤조에이트, 트로메타민, 1,2-헥산다이올, 판테놀, 펜틸렌글라이콜, 글리세릴스테아레이트, 실리카, 카프릴릴메티콘, 비스-에칠헥실옥시페놀메톡시페닐트리아진, 프로판다이올, 포타슘세틸포스페이트, 폴리C10-30알킬아크릴레이트, 메틸프로판다이올, 카보머, 아크릴레이트/C10-30알킬아크릴레이트크로스폴리머, 에틸헥실글리세린, 잔탄검, 아데노신, 폴리에터-1, 글리세린, 산양삼추출물, 소듐하이알루로네이트, 하이알루로닉애씨드, 바이오사카라이드검-1, 토코페롤, 엑토인, 동백나무씨추출물, 3-O-에틸아스코빅애씨드, 징크하이드롤라이즈드하이알루로네이트, 소듐디엔에이(0.25ppm), 시트릭애씨드, 밀몽화꽃추출물, 부틸렌글라이콜, 미역취추출물, 클로브싹추출물, 다이펩타이드다이아미노부티로일벤질아마이드다이아세테이트, 다이메틸실란올하이알루로네이트, 하이드롤라이즈드하이알루로닉애씨드, 하이드롤라이즈드소듐하이알루로네이트, 소듐하이알루로네이트크로스폴리머, 하이드록시프로필트라이모늄하이알루로네이트, 소듐아세틸레이티드하이알루로네이트, 소듐하이알루로네이트다이메틸실란올"
pi_suncream_A000000254726,suncream,[1+1/TXA/화잘먹] 셀리맥스 트라넥삼산 브라이트닝 잡티 선크림 50ml 더블 기획,셀리맥스,,,,A000000254726,olive_crwl_price_ingredient,50.0,100.0,ml,27500.0,22900.0,2290.0,"정제수, 프로판다이올, 나이아신아마이드, 다이부틸아디페이트, 폴리메틸실세스퀴옥세인, 다이아이소프로필세바케이트, 디에칠아미노하이드록시벤조일헥실벤조에이트, 에칠헥실트리아존, 메칠렌비스•벤조트리아졸릴테트라메칠부틸페놀, 코코•카프릴레이트/카프레이트, 디에칠헥실부타미도트리아존, 1,2•헥산다이올, 부틸렌글라이콜, 카프릴릴메티콘, 트라넥사믹애씨드, 펜틸렌글라이콜, 베헤닐알코올, 폴리C10•30알킬아크릴레이트, 글리세린, 폴리글리세릴•3메틸글루코오스다이스테아레이트, 데실글루코사이드, 트로메타민, 카보머, 아크릴레이트/C10•30알킬아크릴레이트크로스폴리머, 판테놀, 소듐스테아로일글루타메이트, 폴리아크릴레이트크로스폴리머•6, 에틸헥실글리세린, 아데노신,잔탄검, 토코페롤, 비파나무잎추출물, 폴리글리세릴•4아이소스테아레이트, 카프릴릭/카프릭트라이글리세라이드, 시트릭애씨드, 스피어민트추출물,  다이스테아다이모늄헥토라이트, 쿼세틴"
pi_suncream_A000000259610,suncream,[NEW/7/29(수) 하루특가] 라운드랩 자작나무 수분 톤업 선세럼 50ml 기획(+클렌저 20ml),라운드랩,,,,A000000259610,olive_crwl_price_ingredient,50.0,70.0,ml,27000.0,15750.0,2250.0,"정제수, 다이부틸아디페이트, 부틸옥틸살리실레이트, 트라이프로필렌글라이콜, 에칠헥실트리아존, 테레프탈릴리덴디캠퍼설포닉애씨드, 티타늄디옥사이드 (CI 77891), 나이아신아마이드, 트로메타민, 펜틸렌글라이콜, 1,2-헥산다이올, 자작나무수액(10,230ppm), 글리세린, 디에칠아미노하이드록시벤조일헥실벤조에이트, 폴리실리콘-15, 비스-에칠헥실옥시페놀메톡시페닐트리아진, 세테아릴올리베이트, 아이소도데케인, 옥틸도데칸올, 솔비탄올리베이트, 베헤닐알코올, 폴리C10-30알킬아크릴레이트, 폴리하이드록시스테아릭애씨드, 글리세릴스테아레이트, 소듐폴리아크릴로일다이메틸타우레이트, 폴리글리세릴-4아이소스테아레이트, 폴리아크릴레이트크로스폴리머-6, 카보머, 소듐스테아로일글루타메이트, 아이소프로필티타늄트라이아이소스테아레이트, 알루미늄하이드록사이드, 잔탄검, 부틸렌글라이콜, 에틸헥실글리세린, 아데노신, 메틸프로판다이올, 폴리에터-1, 적색산화철 (CI 77491), 토코페롤, 글리세릴글루코사이드, 미네랄워터, 알지닌, 카프릴릭애씨드, 다이프로필렌글라이콜, 세테아릴알코올, 하이드로제네이티드레시틴, 소듐디엔에이, 베툴린, 소듐하이알루로네이트, 글라이신, 글루타믹애씨드"
pi_suncream_A000000215559,suncream,[2입 기획] 스킨1004 마다가스카르 센텔라 히알루-시카 워터핏 선세럼 50ml 더블기획,스킨1004,,,,A000000215559,olive_crwl_price_ingredient,50.0,100.0,ml,35000.0,28000.0,2800.0,"정제수, 다이부틸아디페이트, 프로판다이올, 디에칠아미노하이드록시벤조일헥실벤조에이트, 폴리메틸실세스퀴옥세인, 에칠헥실트리아존, 메칠렌비스-벤조트리아졸릴테트라메칠부틸페놀, 나이아신아마이드, 코코-카프릴레이트/카프레이트, 카프릴릴메티콘, 디에칠헥실부타미도트리아존, 글리세린, 1,2-헥산다이올, 부틸렌글라이콜, 펜틸렌글라이콜, 베헤닐알코올, 폴리C10-30알킬아크릴레이트, 폴리글리세릴-3메틸글루코오스다이스테아레이트, 데실글루코사이드, 트로메타민, 카보머, 아크릴레이트/C10-30알킬아크릴레이트크로스폴리머, 소듐스테아로일글루타메이트, 폴리아크릴레이트크로스폴리머-6, 에틸헥실글리세린, 아데노신, 잔탄검, 병풀추출물, t-부틸알코올, 소듐하이알루로네이트, 자작나무껍질추출물, 토코페롤, 하이드롤라이즈드하이알루로닉애씨드, 녹차추출물, 은행나무잎추출물, 브로콜리싹추출물, 동백나무잎추출물, 로켓잎추출물, 자주개자리추출물, 밀싹추출물, 이노시톨, 하이알루로닉애씨드"
pi_suncream_A000000224140,suncream,[보송핑크톤업] 차앤박 애프터레이 톤업 프로텍션 선 50ml 더블기획,차앤박,,,,A000000224140,olive_crwl_price_ingredient,50.0,100.0,ml,30000.0,22950.0,2295.0,"정제수, 사이클로펜타실록세인, 에칠헥실메톡시신나메이트, 에칠헥실살리실레이트, 징크옥사이드 (CI 77947), 사이클로헥사실록세인, 부틸렌글라이콜, 피이지-10다이메티콘, 티타늄디옥사이드 (CI 77891), 메틸메타크릴레이트크로스폴리머, 다이프로필렌글라이콜, 에틸헥실팔미테이트, 다이메티콘/비닐다이메티콘크로스폴리머, 센티드제라늄꽃오일, 해수, 녹차추출물, 프랑스해안송껍질추출물, 포도씨추출물, 쇠비름추출물, 진주가루, 토르말린, 카프릴릴메티콘, 세틸피이지/피피지-10/1다이메티콘, 다이카프릴릴카보네이트, 마그네슘설페이트, 폴리메틸실세스퀴옥세인, 다이스테아다이모늄헥토라이트, 이소아밀p-메톡시신나메이트, 비닐다이메티콘/메티콘실세스퀴옥세인크로스폴리머, C30-45알킬세테아릴다이메티콘크로스폴리머, 알루미늄하이드록사이드, 스테아릭애씨드, 글리세릴카프릴레이트, 다이메티콘, 카프릴릴글라이콜, 하이드록시아파타이트, 판테놀, 트라이에톡시카프릴릴실레인, 몬모릴로나이트, 바이오사카라이드검-4, 티옥틱애씨드, 유비퀴논, 1,2-헥산다이올, 페녹시에탄올, 시트로넬올, 제라니올, 시트랄, 황색산화철 (CI 77492), 적색산화철 (CI 77491)"
pi_suncream_A000000180158,suncream,[7월올영픽][보송톤업/파데프리] 닥터지 브라이트닝 업 선 플러스 50+50+10ml 증정기획 (선크림),닥터지,,,,A000000180158,olive_crwl_price_ingredient,50.0,110.0,ml,32000.0,25600.0,2327.3,"1. 닥터지 브라이트닝 업 선 플러스 50ml(본품+구성품)
정제수, 사이클로펜타실록세인, 에칠헥실메톡시신나메이트, 징크옥사이드 (CI 77947), 사이클로헥사실록세인, 에칠헥실살리실레이트, 부틸렌글라이콜, 메틸메타크릴레이트크로스폴리머, 폴리글리세릴-3폴리다이메틸실록시에틸다이메티콘, 티타늄디옥사이드 (CI 77891), 다이프로필렌글라이콜, 에틸헥실팔미테이트, 나이아신아마이드, 비닐다이메티콘/메티콘실세스퀴옥세인크로스폴리머, 솔비탄아이소스테아레이트, 다이메티콘/비닐다이메티콘크로스폴리머, 카프릴릴메티콘, 다이메티콘, 다이스테아다이모늄헥토라이트, 폴리메틸실세스퀴옥세인, 프랑스해안송껍질추출물, 타라열매추출물, 코토니추출물, 포도씨오일, 밀몽화꽃추출물, 감나무잎추출물, 녹차추출물, 마그네슘설페이트, C30-45알킬세테아릴다이메티콘크로스폴리머, 알루미늄하이드록사이드, 스테아릭애씨드, 카프릴릴글라이콜, 글리세릴카프릴레이트, 폴리메틸메타크릴레이트, 트라이에톡시카프릴릴실레인, 1,2-헥산다이올, 프로판다이올, 다이소듐이디티에이, 폴리비닐알코올, 황색산화철 (CI 77492), 적색산화철 (CI 77491)"
pi_suncream_A000000257097,suncream,[파데프리] 넘버즈인 3번 도자기결 톤업베이지 선크림 50ml 더블기획 2종 (블러/글로우),넘버즈인,,,,A000000257097,olive_crwl_price_ingredient,50.0,100.0,ml,39000.0,27900.0,2790.0,"[01 블러] 병풀잎수, 징크옥사이드(CI 77947), C9-12알케인, 카프릴릴메티콘, 프로판다이올, 부틸옥틸살리실레이트, 다이실록세인, 트라이메틸실록시실리케이트, 폴리글리세릴-3폴리다이메틸실록시에틸다이메티콘, 나이아신아마이드, 프로필렌글라이콜다이벤조에이트, 프로필헵틸카프릴레이트, 티타늄디옥사이드(CI 77891), 1,2-헥산다이올, 라우릴폴리글리세릴-3폴리다이메틸실록시에틸다이메티콘, 다이스테아다이모늄헥토라이트, 트라이에톡시카프릴릴실레인, 마그네슘설페이트, 폴리글리세릴-2다이폴리하이드록시스테아레이트, 글리세릴카프릴레이트, 메틸메타크릴레이트크로스폴리머, 아이소도데케인, 옥틸도데칸올, 카프릴릴글라이콜, 알루미늄하이드록사이드, 아데노신, 폴리글리세릴-4아이소스테아레이트, 아이소프로필티타늄트라이아이소스테아레이트, 토코페롤, 정제수, 판테놀, 펜틸렌글라이콜, 바이오틴, 마그네슘피씨에이, 판토테닉애씨드, 징크피씨에이, 칼슘판토테네이트, 글리세린, 카프릴릭/카프릭트라이글리세라이드, 폴리글리세릴-6카프릴레이트, 폴리글리세릴-4카프레이트, 하이드로제네이티드레시틴, 폴리글리세릴-10스테아레이트, 마데카식애씨드, 아시아티코사이드, 세라마이드엔피, 마데카소사이드, 아시아틱애씨드, 콜레스테롤, 스테아릭애씨드, 마이카(CI 77019), 황색산화철(CI 77492), 적색산화철(CI 77491), 흑색산화철(CI 77499)

[02 글로우] 병풀잎수, 다이프로필렌글라이콜, 티타늄디옥사이드, 호모살레이트, 글리세린, 다이글리세린, 변성알코올, 에칠헥실살리실레이트, 부틸렌글라이콜, 다이부틸아디페이트, 디에칠아미노하이드록시벤조일헥실벤조에이트, 다이페닐실록시페닐트라이메티콘, 나이아신아마이드, 정제수, 비스-에칠헥실옥시페놀메톡시페닐트리아진, 폴리글리세릴-10에이코산다이오에이트/테트라데칸다이오에이트, 폴리솔베이트80, 프로판다이올, 알루미늄하이드록사이드, 폴리글리세릴-3메틸글루코오스다이스테아레이트, 바륨설페이트, 베헤닐알코올, 스테아릭애씨드, 판테놀, 폴리C10-30알킬아크릴레이트, 폴리아크릴레이트크로스폴리머-6, 폴리우레탄-15, 합성플루오르플로고파이트, 카프릴릴글라이콜, 1,2-헥산다이올, 황색산화철, 소듐폴리아크릴로일다이메틸타우레이트, 글리세릴카프릴레이트, 트라이에톡시카프릴릴실레인, 하이드로제네이티드레시틴, 에틸헥실글리세린, 암모늄아크릴로일다이메틸타우레이트/베헤네스-25메타크라일레이트크로스폴리머, 향료, 스페인감초뿌리수, 소듐스테아로일글루타메이트, 트라이소듐에틸렌다이아민다이석시네이트, 적색산화철, 시트릭애씨드, 아데노신, 하이드록시에틸아크릴레이트/소듐아크릴로일다이메틸타우레이트코폴리머, 스쿠알란, 카프릴릭/카프릭트라이글리세라이드, 흑색산화철, 녹차추출물, 세라마이드엔피, 폴리솔베이트60, 펜틸렌글라이콜, 틴옥사이드, 솔비탄아이소스테아레이트, 마데카소사이드, 데실글루코사이드, 베타-글루칸, 다이메틸실란올하이알루로네이트, 하이드롤라이즈드하이알루로닉애씨드, 하이드롤라이즈드소듐하이알루로네이트, 하이알루로닉애씨드, 소듐하이알루로네이트, 하이드록시프로필트라이모늄하이알루로네이트, 소듐하이알루로네이트크로스폴리머, 소듐하이알루로네이트다이메틸실란올, 소듐아세틸레이티드하이알루로네이트, 티트리잎추출물, 약모밀추출물"
pi_suncream_A000000255386,suncream,[생기톤업] 달바 핑크 톤업 선크림 65ml + 65ml 대용량 기획세트,달바,,,,A000000255386,olive_crwl_price_ingredient,65.0,130.0,ml,65000.0,41900.0,3223.1,"정제수, 다이부틸아디페이트, 프로판다이올, 티타늄디옥사이드, 카프릴릭/카프릭트라이글리세라이드, C12-15알킬벤조에이트, 디에칠아미노하이드록시벤조일헥실벤조에이트, 카프릴릴메티콘, 에칠헥실트리아존, 나이아신아마이드, 글리세린, 디에칠헥실부타미도트리아존, 1,2-헥산다이올, 펜틸렌글라이콜, 쇠비름추출물, 분홍바늘꽃꽃/잎/줄기추출물, 페루기네움철쭉추출물, 병풀추출물, 복사나무꽃추출물, 복숭아추출물, 세룰라타벚나무꽃추출물, 알로에베라잎추출물, 약모밀추출물, 흰서양송로추출물, 오렌지오일, 필리핀오렌지껍질오일, 소듐하이알루로네이트, 리씨열매오일, 다마스크장미꽃수, 자작나무수액, 판테놀, 폴리하이드록시스테아릭애씨드, 다이메티콘/비닐다이메티콘크로스폴리머, 브이피/에이코신코폴리머, 다이메티콘올, 트라이실록세인, 코코-카프릴레이트/카프레이트, 스테아릭애씨드, 소듐폴리아크릴로일다이메틸타우레이트, 암모늄폴리아크릴로일다이메틸타우레이트, 알루미나, 하이드록시프로필메틸셀룰로오스스테아록시에터, 다이카프릴릴카보네이트, 잔탄검, 에틸헥실글리세린, 아데노신, 소듐폴리아크릴레이트, 트라이에톡시카프릴릴실레인, t-부틸알코올, 피브이엠/엠에이코폴리머, 폴리에터-1, 하이드롤라이즈드하이알루로닉애씨드, 알란토인, 부틸렌글라이콜, 토코페롤, 다이소듐포스페이트, 시트릭애씨드, 카프릴릴글라이콜, 황색산화철, 적색산화철, 리모넨, 시트랄"
pi_suncream_A000000249452,suncream,[여름필수템]비오레 UV 아쿠아 리치 워터리 에센스 익스트림 프로텍션 50g,비오레,,,,A000000249452,olive_crwl_price_ingredient,50.0,50.0,g(약 1ml 상당으로 근사),20000.0,16000.0,3200.0,"정제수,징크옥사이드,다이아이소프로필세바케이트,에탄올,실리카,에칠헥실살리실레이트,부틸렌글라이콜,에칠헥실트리아존,디에칠아미노하이드록시벤조일헥실벤조에이트,네오펜틸글라이콜다이카프레이트,C12-15알킬벤조에이트,소듐아크릴레이트/소듐아크릴로일다이메틸타우레이트코폴리머,트라이에톡시카프릴릴실레인,덱스트린팔미테이트,비스-에칠헥실옥시페놀메톡시페닐트리아진,아이소헥사데칸,폴리솔베이트80,다이메티콘,향료,솔비탄올리에이트,폴리실리콘-9,다이소듐이디티에이,소듐하이알루로네이트,유칼립투스잎추출물,메틸파라벤,리날룰,헥실신남알,시트로넬올"
pi_suncream_A000000223906,suncream,식물나라 가벼운 수분 선 젤 60ml 단품/2입/대용량/트래블키트,식물나라,,,,A000000223906,olive_crwl_price_ingredient,60.0,120.0,ml,9800.0,6500.0,541.7,"[선젤] 정제수, 트라이프로필렌글라이콜, 사이클로펜타실록세인, 다이부틸아디페이트, 다이아이소프로필아디페이트, 에칠헥실트리아존, 비스-에칠헥실옥시페놀메톡시페닐트리아진, 옥토크릴렌, 나이아신아마이드, 폴리메틸실세스퀴옥세인, 테레프탈릴리덴디캠퍼설포닉애씨드, 세테아릴알코올, 트로메타민, 1,2-헥산다이올, 알로에베라잎추출물, 소듐하이알루로네이트, 다이메티콘, 펜틸렌글라이콜, C13-15알케인, 하이드록시에틸우레아, C13-16아이소알케인, 소듐폴리아크릴로일다이메틸타우레이트, 다이메티콘/비닐다이메티콘크로스폴리머, 세테아릴올리베이트, 폴리C10-30알킬아크릴레이트, 솔비탄올리베이트, 소듐스테아로일글루타메이트, 부틸렌글라이콜, 폴리글리세릴-10미리스테이트, 다이메티콘올, 글리세릴글루코사이드, 메틸프로판다이올, 에틸헥실글리세린, 폴리아크릴레이트크로스폴리머-6, 폴리에터-1, 아데노신, 글리세린, 알지닌, 토코페롤, 카보머, 향료
[클렌징폼]
정제수, 글리세린, 미리스틱애씨드, 포타슘하이드록사이드, 코코-글루코사이드, 라우릭애씨드, 메틸프로판다이올, 팔미틱애씨드, 스테아릭애씨드, 글리세릴스테아레이트, 탄산수(9,750ppm), 당느릅나무뿌리추출물, 줄맨드라미씨추출물, 무화과추출물, 병풀추출물, 페퍼민트오일, 하이드로제네이티드레시틴, 솔비탄올리베이트, 에틸헥실글리세린, 만니톨, 다이소듐이디티에이, 피이지-14M, 마이크로크리스탈린셀룰로오스, 부틸렌글라이콜, 수크로오스, 1,2-헥산다이올, 멘톨, 에틸멘탄카복사마이드, 옥수수전분, 하이드록시프로필메틸셀룰로오스, 실리카, 비에이치티, 세라마이드엔피, 향료, 울트라마린"
pi_suncream_A000000253724,suncream,[2입 기획][민감피부 추천 무기자차] 제로이드 데일리 선크림 기획 (50ml+50ml),제로이드,,,,A000000253724,olive_crwl_price_ingredient,50.0,100.0,ml,64000.0,39900.0,3990.0,"정제수, 징크옥사이드, 사이클로헥사실록세인, 부틸옥틸살리실레이트, 프로판다이올, 프로필헵틸카프릴레이트, 아이소도데케인, 폴리글리세릴-3폴리다이메틸실록시에틸다이메티콘, 다이카프릴릴카보네이트, 카프릴릴메티콘, 소듐하이알루로네이트, 다이스테아다이모늄헥토라이트, 마그네슘설페이트, 메틸메타크릴레이트크로스폴리머, 트라이에톡시카프릴릴실레인, 1,2-헥산다이올, 폴리글리세릴-2다이폴리하이드록시스테아레이트, 폴리메틸실세스퀴옥세인, 라우릴폴리글리세릴-3폴리다이메틸실록시에틸다이메티콘, 글리세릴카프릴레이트, 카프릴릴글라이콜, 에틸헥실글리세린, 토코페롤, 미리스토일/팔미토일옥소스테아라마이드/아라카마이드엠이에이, 스쿠알란, 판테놀, 펜틸렌글라이콜, 마데카소사이드"
pi_suncream_A000000248280,suncream,[아시아No.1선크림] 아넷사 퍼펙트 UV 선스크린 스킨케어 밀크 60ML 기획세트,아넷사,,,,A000000248280,olive_crwl_price_ingredient,60.0,60.0,ml,37000.0,29880.0,4980.0,"다이메티콘, 정제수, 징크옥사이드, 에탄올, 다이아이소프로필세바케이트, 아이소도데케인, 옥토크릴렌, 에칠헥실살리실레이트, C12-15알킬벤조에이트, 피이지/피피지-9/2다이메틸에터, 옥수수전분, 탤크, 실리카, 아이소프로필미리스테이트, 디에칠아미노하이드록시벤조일헥실벤조에이트, 티타늄디옥사이드, 피이지-9폴리다이메틸실록시에틸다이메티콘, 덱스트린팔미테이트, 글리세린, 호모살레이트, 에칠헥실트리아존, 비스-에칠헥실옥시페놀메톡시페닐트리아진, 다이스테아다이모늄헥토라이트, 피이지-10다이메티콘, 아이소스테아릭애씨드, 트라이에톡시카프릴릴실레인, 폴리글리세릴-6폴리리시놀리에이트, 소듐클로라이드, 알루미늄하이드록사이드, 스테아릭애씨드, 트라이소듐이디티에이, 피이지-6, 향료, 토코페롤, 비에이치티, 부틸렌글라이콜, 비스-부틸다이메티콘폴리글리세릴-3, 피이지/피피지-14/7다이메틸에터, 소듐메타바이설파이트, 트라이메틸실록시실리케이트, 다이포타슘글리시리제이트, 녹차추출물, 토멘틸뿌리추출물, 귤껍질추출물, 소듐아세틸레이티드하이알루로네이트, 합성플루오르플로고파이트, 라우릴베타인, 수용성콜라겐, 페녹시에탄올, 소듐벤조에이트, 시트로넬올, 제라니올, 헥실신남알, 리모넨, 리날룰"
pi_suncream_A000000249802,suncream,[7월올영픽/총110ml] 비플레인 녹두 쿨링 수분 선크림 50ml 1+1 기획 (+10ml),비플레인,,,,A000000249802,olive_crwl_price_ingredient,110.0,110.0,ml,,25000.0,2272.7,"정제수, 다이부틸아디페이트, 프로판다이올, 부틸옥틸살리실레이트, 에칠헥실트리아존, 나이아신아마이드, 카프릴릴메티콘, 드로메트리졸트리실록산, 테레프탈릴리덴디캠퍼설포닉애씨드, 폴리글리세릴-3다이스테아레이트, 1,2-헥산다이올, 디에칠아미노하이드록시벤조일헥실벤조에이트, 트로메타민, 펜틸렌글라이콜, 세테아릴알코올, 폴리메틸실세스퀴옥세인, 비스-에칠헥실옥시페놀메톡시페닐트리아진, 글리세릴스테아레이트, 포타슘세틸포스페이트, 폴리C10-30알킬아크릴레이트, 메틸프로판다이올, 카보머, 폴리글리세릴-3메틸글루코오스다이스테아레이트, 메틸다이아이소프로필프로피온아마이드, 에틸헥실글리세린, 글리세릴스테아레이트시트레이트, 암모늄아크릴로일다이메틸타우레이트/브이피코폴리머, 아크릴레이트/C10-30알킬아크릴레이트크로스폴리머, 아데노신, 폴리에터-1, 크로뮴옥사이드그린, 폴리글리세릴-3폴리다이메틸실록시에틸다이메티콘, 프로필헵틸카프릴레이트, 하이드롤라이즈드하이알루로닉애씨드, 트라이에톡시카프릴릴실레인, 바이오사카라이드검-1, 부틸렌글라이콜, 토코페롤, 글리세린, 녹두씨추출물, 다시마추출물, 녹두추출물, 알로에베라잎추출물, 참마뿌리추출물, 당느릅나무뿌리추출물, 제비꽃꽃추출물, 녹두싹추출물"
pi_suncream_A000000235912,suncream,[간편 베이스/잡티커버] 스타라이크 파데프리 톤업 선크림 50ml 단품/기획 (+퍼프 증정),스타라이크,,,,A000000235912,olive_crwl_price_ingredient,50.0,50.0,ml,24000.0,14400.0,2880.0,"정제수, 징크옥사이드, 사이클로헥사실록세인, 부틸옥틸살리실레이트, 프로판다이올, 카프릴릴메티콘, 메틸트라이메티콘, 폴리글리세릴-3폴리다이메틸실록시에틸다이메티콘, 프로필헵틸카프릴레이트, 티타늄디옥사이드, 나이아신아마이드, 다이페닐실록시페닐트라이메티콘, 메틸메타크릴레이트크로스폴리머, 트라이메틸실록시실리케이트, 트라이에톡시카프릴릴실레인, 다이스테아다이모늄헥토라이트, 마그네슘설페이트, 라우릴폴리글리세릴-3폴리다이메틸실록시에틸다이메티콘, 1,2-헥산다이올, 폴리글리세릴-2다이폴리하이드록시스테아레이트, 황색산화철, 카프릴릴글라이콜, 글리세릴카프릴레이트, 에틸헥실글리세린, 알루미늄하이드록사이드, 적색산화철, 아데노신, 흑색산화철, 토코페롤, 합성플루오르플로고파이트, 부틸렌글라이콜, 글리세린, 콜라겐추출물, 하이드롤라이즈드콜라겐, 우엉뿌리추출물, 아마씨추출물, 알로에베라잎추출물, 오크라열매추출물, 다이메틸실란올하이알루로네이트, 하이드롤라이즈드하이알루로닉애씨드, 하이드롤라이즈드소듐하이알루로네이트, 소듐하이알루로네이트, 하이알루로닉애씨드, 포타슘하이알루로네이트, 소듐하이알루로네이트크로스폴리머, 하이드록시프로필트라이모늄하이알루로네이트, 소듐하이알루로네이트다이메틸실란올, 소듐아세틸레이티드하이알루로네이트, 트라이펩타이드-1, 아세틸헥사펩타이드-8, 카퍼트라이펩타이드-1, 팔미토일펜타펩타이드-4, 헥사펩타이드-9"
pi_suncream_A000000223207,suncream,[이사배PICK]AHC 마스터즈 아쿠아리치 선크림 50ml 1+1 기획,AHC,,,,A000000223207,olive_crwl_price_ingredient,50.0,100.0,ml,,27900.0,2790.0,"정제수, 다이부틸아디페이트, 프로판다이올, 디에칠아미노하이드록시벤조일헥실벤조에이트, 폴리메틸실세스퀴옥세인, 에칠헥실트리아존, 나이아신아마이드, 메칠렌비스-벤조트리아졸릴테트라메칠부틸페놀, 코코-카프릴레이트/카프레이트, 카프릴릴메티콘, 디에칠헥실부타미도트리아존, 글리세린, 부틸렌글라이콜, 1,2-헥산다이올, 펜틸렌글라이콜, 베헤닐알코올, 폴리C10-30알킬아크릴레이트, 폴리글리세릴-3메틸글루코오스다이스테아레이트, 데실글루코사이드, 트로메타민, 카보머, 아크릴레이트/C10-30알킬아크릴레이트크로스폴리머, 소듐스테아로일글루타메이트, 폴리아크릴레이트크로스폴리머-6, 에틸헥실글리세린, 아데노신, 잔탄검, 베르가모트오일, t-부틸알코올, 토코페롤, 비타민나무열매추출물, 아스코빅애씨드, 당근추출물, 로즈힙열매추출물, 사과추출물, 살구즙, 드럼스틱씨오일, 세라마이드엔피, 피토스핑고신, 하이드로제네이티드레시틴, 케이프알로에잎추출물, 사철쑥추출물"
pi_suncream_A000000186166,suncream,[1+1] 라운드랩 자작나무 수분 톤업 선크림 50ml 1+1 기획,라운드랩,,,,A000000186166,olive_crwl_price_ingredient,50.0,100.0,ml,25000.0,24500.0,2450.0,"정제수, 프로판다이올, 다이부틸아디페이트, 티타늄디옥사이드 (CI 77891), 비스-에칠헥실옥시페놀메톡시페닐트리아진, 부틸렌글라이콜, 디에칠아미노하이드록시벤조일헥실벤조에이트, 메틸트라이메티콘, 부틸옥틸살리실레이트, 나이아신아마이드, 페네틸벤조에이트, 아이소노닐아이소노나노에이트, 폴리메틸실세스퀴옥세인, 1,2-헥산다이올, 자작나무수액, 소듐하이알루로네이트, 하이알루로닉애씨드, 글리세릴글루코사이드, 개똥쑥추출물, 캐모마일꽃오일, 구주소나무잎오일, 알란토인, 다이포타슘글리시리제이트, 판테놀, 녹차씨오일, 효모발효추출물, 칸디다 봄비콜라/글루코오스/메틸레이프씨데이트발효물, 에칠헥실트리아존, 펜틸렌글라이콜, 폴리글리세릴-3메틸글루코오스다이스테아레이트, 폴리실리콘-15, 스테아릭애씨드, 팔미틱애씨드, 폴리하이드록시스테아릭애씨드, 포타슘세틸포스페이트, 알루미늄하이드록사이드, 글리세릴스테아레이트, 하이드록시아세토페논, 폴리C10-30알킬아크릴레이트, 아이소도데케인, 옥틸도데칸올, 아크릴레이트/C10-30알킬아크릴레이트크로스폴리머, 하이드록시에틸아크릴레이트/소듐아크릴로일다이메틸타우레이트코폴리머, 트로메타민, 하이드로제네이티드레시틴, 비닐다이메티콘/메티콘실세스퀴옥세인크로스폴리머, 폴리글리세릴-4아이소스테아레이트, 폴리글리세릴-2다이폴리하이드록시스테아레이트, 아이소프로필티타늄트라이아이소스테아레이트, 아데노신, 소듐폴리아크릴레이트, 솔비탄아이소스테아레이트, 폴리메틸메타크릴레이트, 글리세릴카프릴레이트, 글리세린, 아스코빅애씨드, C12-16알코올, 세테아릴알코올, 다이소듐이디티에이, 황색산화철 (CI 77492), 적색산화철 (CI 77491), 흑색산화철 (CI 77499)"
pi_suncream_A000000232053,suncream,[리뷰이벤트/파데프리/톤업선크림]체이싱래빗 올어바웃글로우 커버크림 35g기획(단품/대왕퍼프),체이싱래빗,,,,A000000232053,olive_crwl_price_ingredient,35.0,35.0,g(약 1ml 상당으로 근사),20000.0,13600.0,3885.7,"정제수, 사이클로펜타실록세인, 티타늄디옥사이드, 에칠헥실메톡시신나메이트, 다이프로필렌글라이콜, 세틸에틸헥사노에이트, 세틸피이지/피피지-10/1다이메티콘, 부틸렌글라이콜, 에칠헥실살리실레이트, 실리카, 1,2-헥산다이올, 카프릴릴메티콘, 나이아신아마이드, 옥토크릴렌, 라우릴피이지-9폴리다이메틸실록시에틸다이메티콘, 사이클로헥사실록세인, 글리세린, 비스-에칠헥실옥시페놀메톡시페닐트리아진, 다이스테아다이모늄헥토라이트, 폴리페닐실세스퀴옥세인, 소듐클로라이드, 카나우바왁스, 황색산화철, 트라이메틸실록시실리케이트, 스테아릭애씨드, 아크릴레이트/스테아릴아크릴레이트/다이메티콘메타크릴레이트코폴리머, 다이아이소스테아릴말레이트, 팔미틱애씨드, 알루미늄하이드록사이드, 글리세릴카프릴레이트, 적색산화철, 트라이에톡시카프릴릴실레인, 향료, 흑색산화철, 알란토인, 다이메티콘/비닐다이메티콘크로스폴리머, 아데노신, 다이메티콘, 다이소듐이디티에이, 소듐하이알루로네이트, 글루타티온, 토코페롤, 하이드롤라이즈드콜라겐, 카프릴릭/카프릭트라이글리세라이드, 에탄올, 약모밀추출물, 하이드로제네이티드레시틴, 복사나무꽃추출물, 소듐스테아로일글루타메이트, 하이알루로닉애씨드, 아스코빅애씨드"
pi_suncream_A000000259556,suncream,[7월올영픽 수분즉각충전쿨링썬] 셀퓨전씨 아쿠아티카 쿨링 썬스크린 35ml 트리플 기획,셀퓨전씨,,,,A000000259556,olive_crwl_price_ingredient,35.0,105.0,ml,27900.0,22300.0,2123.8,"정제수, 다이부틸아디페이트, 변성알코올, 부틸옥틸살리실레이트, 실리카, 다이프로필렌글라이콜, 에칠헥실트리아존, 비스-에칠헥실옥시페놀메톡시페닐트리아진, 옥토크릴렌, 프로판다이올, 나이아신아마이드, 에리스리톨, 테레프탈릴리덴디캠퍼설포닉애씨드, 펜틸렌글라이콜, 메틸프로판다이올, 트로메타민, 스핑고모나스발효추출물, 효모발효여과물, 로즈마리잎수, 병풀추출물, 흰목이버섯추출물, 녹차추출물, 폴스애플민트잎추출물, 타임잎추출물, 소듐하이알루로네이트, 폴리메틸실세스퀴옥세인, 1,2-헥산다이올, 부틸렌글라이콜, 하이드록시에틸우레아, 폴리글리세릴-3메틸글루코오스다이스테아레이트, 스테아릴헵타노에이트, 다이메티콘올, 폴리C10-30알킬아크릴레이트, 마이크로크리스탈린셀룰로오스, 폴리에터-1, 에틸헥실글리세린, 아데노신, 소듐스테아로일글루타메이트, 메틸다이아이소프로필프로피온아마이드, 셀룰로오스검, 다발방패버섯추출물, 토코페롤, 글리세린, 소듐클로라이드, 소듐바이카보네이트, 칼슘클로라이드, 포타슘클로라이드, 글라이신, 알지닌, 글루타믹애씨드, 베헤닐알코올, 카보머, 향료"
pi_suncream_A000000219383,suncream,[물막선크림] 토리든 다이브인 모이스처 선크림 60ml 1+1 기획,토리든,,,,A000000219383,olive_crwl_price_ingredient,60.0,120.0,ml,25000.0,19900.0,1658.3,"정제수, 아이소노닐아이소노나노에이트, 프로판다이올, 부틸옥틸살리실레이트, 에칠헥실트리아존, 다이부틸아디페이트, 폴리메틸실세스퀴옥세인, 디에칠아미노하이드록시벤조일헥실벤조에이트, 나이아신아마이드, 드로메트리졸트리실록산, 메칠렌비스-벤조트리아졸릴테트라메칠부틸페놀, 1,2-헥산다이올, 펜틸렌글라이콜, 판테놀(5,025ppm), 소듐하이알루로네이트, 하이알루로닉애씨드, 하이드롤라이즈드소듐하이알루로네이트, 하이드롤라이즈드하이알루로닉애씨드, 소듐아세틸레이티드하이알루로네이트, 소듐하이알루로네이트크로스폴리머, 포타슘하이알루로네이트, 다이메틸실란올하이알루로네이트, 하이드록시프로필트라이모늄하이알루로네이트, 소듐하이알루로네이트다이메틸실란올, 알란토인, 글리세린, 아데노신, 세라마이드엔피, 토코페롤, 트레할로오스, 부틸렌글라이콜, 폴리글리세릴-3메틸글루코오스다이스테아레이트, 베헤닐알코올, 데실글루코사이드, 카프릴릴메티콘, 하이드로제네이티드캐스터오일/세바식애씨드코폴리머, 카보머, 호호바씨오일, 글리세레스-26, 아크릴레이트/C10-30알킬아크릴레이트크로스폴리머, 폴리글리세릴-6다이스테아레이트, 폴리아크릴레이트크로스폴리머-6, 트라이메틸실록시실리케이트, 에틸헥실글리세린, 칸데릴라/호호바/쌀겨폴리글리세릴-3에스터, 소듐스테아로일글루타메이트, 덱스트린, 트로메타민, 잔탄검, 치자추출물, 녹차추출물, 버지니아풍년화추출물, 쇠비름추출물, 캐모마일꽃추출물, 말라카이트추출물"
pi_suncream_A000000233802,suncream,텐제로 알로에 유브이 톤업 바디 선크림 150g,텐제로,,,,A000000233802,olive_crwl_price_ingredient,150.0,150.0,g(약 1ml 상당으로 근사),30000.0,13900.0,926.7,"정제수, 티타늄디옥사이드, 부틸렌글라이콜, 다이메티콘, 나이아신아마이드, 소듐아크릴레이트/소듐아크릴로일다이메틸타우레이트코폴리머, 글리세린, C12-15알킬벤조에이트, 아이소헥사데칸, 향료, 페녹시에탄올, 알루미늄하이드록사이드, 폴리솔베이트80, 클로페네신, 스테아릭애씨드, 솔비탄올리에이트, 아데노신, 트라이에톡시카프릴릴실레인, 녹차수, 병풀추출물, 알로에베라잎추출물(2ppm), 1,2-헥산다이올"
pi_suncream_A000000221882,suncream,[순한무기자차]식물나라 페이스 앤 바디 저자극 선 크림 150ml,식물나라,,,,A000000221882,olive_crwl_price_ingredient,150.0,150.0,ml,19800.0,12800.0,853.3,"정제수, 징크옥사이드 (CI 77947), 부틸옥틸살리실레이트, 아이소프로필미리스테이트, 프로판다이올, 아이소도데케인, 트라이실록세인, 나이아신아마이드, 세틸다이글리세릴트리스(트라이메틸실록시)실릴에틸다이메티콘, 카프릴릴메티콘, 소듐클로라이드, 소듐하이알루로네이트, 알로에베라잎추출물, 트라이에틸헥사노인, 다이스테아다이모늄헥토라이트, 폴리메틸실세스퀴옥세인, 트라이에톡시카프릴릴실레인, 글리세린, 1,2-헥산다이올, 다이펜타에리스리틸트라이-폴리하이드록시스테아레이트, C30-45알킬세테아릴다이메티콘크로스폴리머, 폴리글리세릴-2다이폴리하이드록시스테아레이트, 라우릴다이메티콘/폴리글리세린-3크로스폴리머, 하이드록시아세토페논, 메틸메타크릴레이트크로스폴리머, 글리세릴글루코사이드, 마그네슘설페이트, 아데노신, 다이프로필렌글라이콜, 판테놀, 소듐시트레이트, 토코페롤, 부틸렌글라이콜, 향료"
pi_suncream_A000000200635,suncream,[7월올영픽/쿨링수분] 닥터지 레드 블레미쉬 수딩 업 선 50+50+10ml 증정기획 (선크림),닥터지,,,,A000000200635,olive_crwl_price_ingredient,50.0,110.0,ml,29000.0,19900.0,1809.1,"정제수, 다이부틸아디페이트, 프로판다이올, 에칠헥실트리아존, 테레프탈릴리덴디캠퍼설포닉애씨드, 나이아신아마이드, 옥틸도데칸올, 트로메타민, 폴리글리세릴-3다이스테아레이트, 세테아릴알코올, 판테놀, 1,2-헥산다이올, 펜틸렌글라이콜, 폴리실리콘-15, 카프릴릴메티콘, 디에칠아미노하이드록시벤조일헥실벤조에이트, 폴리메틸실세스퀴옥세인, 글리세릴스테아레이트, 포타슘세틸포스페이트, 비스-에칠헥실옥시페놀메톡시페닐트리아진, 메틸프로판다이올, 에키움 플란타기네움씨오일, 카보머, 글리세릴스테아레이트시트레이트, 아크릴레이트/C10-30알킬아크릴레이트크로스폴리머, 에틸헥실글리세린, 암모늄아크릴로일다이메틸타우레이트/브이피코폴리머, 아데노신, 부틸렌글라이콜, 풍선덩굴꽃/잎/덩굴추출물, 해바라기씨오일불검화물, 폴리에터-1, 약모밀추출물, 노니열매추출물, 토코페롤, 쑥잎추출물, 병풀꽃/잎/줄기추출물, 아티초크잎추출물, 바이오사카라이드검-1, 병풀뿌리추출물, 병풀추출물, 병풀잎추출물, 효모발효물, 복사나무꽃추출물, 물냉이추출물, 7-데하이드로콜레스테롤, 엑토인, 아시아티코사이드, 타라열매추출물, 마데카소사이드, 코토니추출물, 락토바실러스발효물, 밀몽화꽃추출물, 프랑스해안송껍질추출물, 마데카식애씨드, 아시아틱애씨드"
pi_suncream_A000000247241,suncream,[1+1/보송톤업선] 이니스프리 데일리 유브이 톤업 노세범 선크림 50ml 더블 기획,이니스프리,,,,A000000247241,olive_crwl_price_ingredient,50.0,100.0,ml,25000.0,19800.0,1980.0,"정제수, 징크옥사이드, 아이소도데케인, 부틸렌글라이콜다이카프릴레이트/다이카프레이트, 티타늄디옥사이드, 글리세린, 다이카프릴릴에터, 세틸다이글리세릴트리스(트라이메틸실록시)실릴에틸다이메티콘, C12-15알킬벤조에이트, 카프릴릴메티콘, 메틸메타크릴레이트크로스폴리머, 폴리메틸실세스퀴옥세인, 티타늄디옥사이드 (CI 77891), 다이스테아다이모늄헥토라이트, 마그네슘설페이트, 아이소프로필미리스테이트, 1,2-헥산다이올, 트라이에톡시카프릴릴실레인, 페닐트라이메티콘, 알루미늄하이드록사이드, 스테아릭애씨드, 아크릴레이트/다이메티콘코폴리머, 부틸렌글라이콜, 카프릴릴글라이콜, 글리세릴카프릴레이트, 황색산화철, 에틸헥실글리세린, 적색산화철, 마이카, 칡뿌리추출물, 당느릅나무뿌리추출물, 달맞이꽃추출물, 대왕소나무잎추출물, 흑색산화철, 토코페롤, 합성플루오르플로고파이트, 매실나무꽃추출물"
pi_suncream_A000000252919,suncream,[7월 올영픽] 라로슈포제 유비데아 안뗄리오스 톤업 로지 글로우 30ml 기획 (+멜라B3세럼 3ml*2ea),라로슈포제,,,,A000000252919,olive_crwl_price_ingredient,30.0,33.0,ml,38000.0,30400.0,9212.1,"- 유비데아 로지 글로우 30ml
정제수 아이소프로필미리스테이트 글리세린 티타늄디옥사이드 에칠헥실트리아존 변성알코올 프로판다이올 트라이에탄올아민 비스-에칠헥실옥시페놀메톡시페닐트리아진 부틸메톡시디벤조일메탄 테레프탈릴리덴디캠퍼설포닉애씨드 마이카 페닐벤즈이미다졸설포닉애씨드 스테아릭애씨드 펜틸렌글라이콜 실리카 포타슘세틸포스페이트 아크릴아마이드/소듐아크릴로일다이메틸타우레이트코폴리머 알루미늄하이드록사이드 아스코빌글루코사이드 바륨설페이트 카프릴로일살리실릭애씨드 카프릴릴글라이콜 카보머 세틸알코올 적색산화철 황색산화철 티타늄디옥사이드 시트릭애씨드 디에칠아미노하이드록시벤조일헥실벤조에이트 드로메트리졸트리실록산 글리세릴스테아레이트 돌콩오일 하이드록시아세토페논 아이소헥사데칸 레시틴 미리스틱애씨드 팔미틱애씨드 피이지-100스테아레이트 폴리솔베이트80 풀루란 스클레로튬검 소듐클로라이드 소듐코코일사코시네이트 솔비탄올리에이트 토코페롤 트라이소듐에틸렌다이아민다이석시네이트 트로메타민 잔탄검

-멜라B3 세럼 3ml
정제수 다이메티콘 나이아신아마이드 글리세린 프로필렌글라이콜 폴리실리콘-11 실리카 비스-피이지/피피지-16/16피이지/피피지-16/16다이메티콘 레인보우랙추출물 2-머캅토니코티노일글라이신 피이지-20메틸글루코오스세스퀴스테아레이트 소듐하이알루로네이트 소듐하이드록사이드 소듐티오설페이트 카르노신 폴록사머338 암모늄폴리아크릴로일다이메틸타우레이트 다이포타슘글리시리제이트 카프릴릭/카프릭트라이글리세라이드 카프릴로일살리실릭애씨드 카프릴릴글라이콜 시트릭애씨드 트라이소듐에틸렌다이아민다이석시네이트 잔탄검 펜틸렌글라이콜 옥틸도데칸올 레티닐팔미테이트 토코페롤 펜타에리스리틸테트라-다이-t-부틸하이드록시하이드로신나메이트 페녹시에탄올 적색227호 향료"
pi_suncream_A000000249451,suncream,[올영단독]비오레 UV 아쿠아 리치 워터리 에센스 50g 단품/더블기획추가20g증정,비오레,,,,A000000249451,olive_crwl_price_ingredient,50.0,70.0,g(약 1ml 상당으로 근사),18000.0,13900.0,1985.7,"정제수,에탄올,다이아이소프로필세바케이트,에칠헥실살리실레이트,실리카,에칠헥실트리아존,다이프로필렌글라이콜,부틸메톡시디벤조일메탄,디에칠아미노하이드록시벤조일헥실벤조에이트,비스-에칠헥실옥시페놀메톡시페닐트리아진,C12-15알킬벤조에이트,덱스트린팔미테이트,아이소프로필팔미테이트,부틸렌글라이콜,자일리톨,페녹시에탄올,솔비탄다이스테아레이트,아크릴레이트/C10-30알킬아크릴레이트크로스폴리머,글리세린,프로판다이올,하이드록시에틸아크릴레이트/소듐아크릴로일다이메틸타우레이트코폴리머,글리세릴베헤네이트,아이소헥사데칸,포타슘하이드록사이드,세틸알코올,폴리실리콘-9,향료,스테아로일글루타믹애씨드,폴리솔베이트60,알지닌,다이소듐이디티에이,솔비탄아이소스테아레이트,아스코빌글루코사이드,소듐하이알루로네이트,메틸파라벤,리날룰,벤질살리실레이트"
pi_suncream_A000000240562,suncream,[레이PICK/수분코팅] 풀리 쌀 세라 수분 선크림 50ml (단품/기획),풀리,,,,A000000240562,olive_crwl_price_ingredient,50.0,50.0,ml,23000.0,18400.0,3680.0,"정제수, 쌀겨수(50,000PPM), 부틸옥틸살리실레이트, 프로판다이올, 에칠헥실트리아존, 다이부틸아디페이트, 폴리글리세릴-3다이스테아레이트, 나이아신아마이드, 카프릴릴메티콘, 드로메트리졸트리실록산, 다이아이소프로필세바케이트, 테레프탈릴리덴디캠퍼설포닉애씨드, 2,3-부탄다이올, 디에칠아미노하이드록시벤조일헥실벤조에이트, 트로메타민, 1,2-헥산다이올, 펜틸렌글라이콜, 메틸메타크릴레이트크로스폴리머, 비스-에칠헥실옥시페놀메톡시페닐트리아진, 세테아릴알코올, 소듐폴리아크릴로일다이메틸타우레이트, 글리세릴스테아레이트, 포타슘세틸포스페이트, 글리세린, 부틸렌글라이콜, 폴리C10-30알킬아크릴레이트, 이눌린라우릴카바메이트, 글리세릴스테아레이트시트레이트, 암모늄아크릴로일다이메틸타우레이트/브이피코폴리머, 에틸헥실글리세린, 코코넛야자오일, 소듐하이알루로네이트, 아데노신, 수베르참나무껍질추출물, 잔탄검, 참나무뿌리추출물, 효모발효여과물, 삼나무잎추출물, 연꽃잎추출물, 토코페롤, 쌀겨오일(170 PPB), 세라마이드엔피(40 PPB), 피토스핑고신, 하이드로제네이티드레시틴, 소듐파이테이트, 다이메틸실란올하이알루로네이트, 하이드롤라이즈드하이알루로닉애씨드, 하이드롤라이즈드소듐하이알루로네이트, 하이알루로닉애씨드, 포타슘하이알루로네이트, 소듐하이알루로네이트크로스폴리머, 하이드록시프로필트라이모늄하이알루로네이트, 소듐디엔에이, 소듐하이알루로네이트다이메틸실란올, 소듐아세틸레이티드하이알루로네이트"
pi_suncream_A000000219554,suncream,구달 맑은 어성초 진정 무기자차 선크림 50ml 1+1 기획,구달,,,,A000000219554,olive_crwl_price_ingredient,50.0,100.0,ml,22000.0,17900.0,1790.0,"정제수, 징크옥사이드, 부틸옥틸살리실레이트, 사이클로헥사실록세인, 카프릴릴메티콘, 프로판다이올, 프로필헵틸카프릴레이트, 메틸트라이메티콘, 폴리글리세릴-3폴리다이메틸실록시에틸다이메티콘, 메틸메타크릴레이트크로스폴리머, 약모밀추출물, 올리브오일, 소듐하이알루로네이트, 분비나무오일, 로즈마리잎오일, 클레리오일, 센티드제라늄꽃오일, 클로브잎오일, 광곽향오일, 마트리카리아꽃오일, 멕시칸주니퍼오일, 캐모마일꽃오일, 라우릴폴리글리세릴-3폴리다이메틸실록시에틸다이메티콘, 다이스테아다이모늄헥토라이트, 마그네슘설페이트, 폴리글리세릴-2다이폴리하이드록시스테아레이트, 트라이에톡시카프릴릴실레인, 1,2-헥산다이올, 트라이메틸실록시실리케이트, 폴리메틸실세스퀴옥세인, 다이메티콘/비닐다이메티콘크로스폴리머, 부틸렌글라이콜, 글리세릴카프릴레이트, 카프릴릴글라이콜, 다이메티콘올, 트라이실록세인, 에틸헥실글리세린, 펜틸렌글라이콜, 마그네슘아스파테이트, 징크글루코네이트, 토코페롤, 카퍼글루코네이트, 마데카소사이드, 징크락테이트, 판테놀, 옥타데케인, 락틱애씨드/글라이콜릭애씨드코폴리머, 다이메틸실란올하이알루로네이트, 소듐아세틸레이티드하이알루로네이트, 소듐하이알루로네이트다이메틸실란올, 소듐하이알루로네이트크로스폴리머, 잔탄검, 포타슘하이알루로네이트, 하이드록시프로필트라이모늄하이알루로네이트, 하이드롤라이즈드소듐하이알루로네이트, 하이드롤라이즈드하이알루로닉애씨드, 하이알루로닉애씨드"
pi_suncream_A000000169499,suncream,[수분 선크림][누적판매1700만개]스킨1004 마다가스카르 센텔라 히알루-시카 워터핏 선세럼 50ml,스킨1004,,,,A000000169499,olive_crwl_price_ingredient,50.0,50.0,ml,20000.0,17600.0,3520.0,"정제수, 다이부틸아디페이트, 프로판다이올, 디에칠아미노하이드록시벤조일헥실벤조에이트, 폴리메틸실세스퀴옥세인, 에칠헥실트리아존, 메칠렌비스-벤조트리아졸릴테트라메칠부틸페놀, 나이아신아마이드, 코코-카프릴레이트/카프레이트, 카프릴릴메티콘, 디에칠헥실부타미도트리아존, 글리세린, 1,2-헥산다이올, 부틸렌글라이콜, 펜틸렌글라이콜, 베헤닐알코올, 폴리C10-30알킬아크릴레이트, 폴리글리세릴-3메틸글루코오스다이스테아레이트, 데실글루코사이드, 트로메타민, 카보머, 아크릴레이트/C10-30알킬아크릴레이트크로스폴리머, 소듐스테아로일글루타메이트, 폴리아크릴레이트크로스폴리머-6, 에틸헥실글리세린, 아데노신, 잔탄검, 병풀추출물, t-부틸알코올, 소듐하이알루로네이트, 자작나무껍질추출물, 토코페롤, 하이드롤라이즈드하이알루로닉애씨드, 녹차추출물, 은행나무잎추출물, 브로콜리싹추출물, 동백나무잎추출물, 로켓잎추출물, 자주개자리추출물, 밀싹추출물, 이노시톨, 하이알루로닉애씨드"
pi_suncream_A000000219556,suncream,[핑크톤업] 구달 맑은 어성초 진정 수분 톤업 선크림 50ml 1+1 기획,구달,,,,A000000219556,olive_crwl_price_ingredient,50.0,100.0,ml,22000.0,18900.0,1890.0,"정제수, 다이부틸아디페이트, 다이프로필렌글라이콜, 티타늄디옥사이드 (CI 77891), 프로판다이올, 아이소노닐아이소노나노에이트, 코코-카프릴레이트/카프레이트, 디에칠아미노하이드록시벤조일헥실벤조에이트, 다이아이소프로필세바케이트, 메틸트라이메티콘, 나이아신아마이드, 1,2-헥산다이올, 어성초추출물(=약모밀추출물, 100ppm), 아틀라스시다나무껍질오일, 로즈마리잎오일, 올리브오일, 불가리스쑥오일, 클레리오일, 두송열매오일, 갈바눔수지오일, 하이드롤라이즈드하이알루로닉애씨드, 하이알루로닉애씨드, 소듐하이알루로네이트, 비스-에칠헥실옥시페놀메톡시페닐트리아진, 에칠헥실트리아존, 펜틸렌글라이콜, 폴리실리콘-15, 테레프탈릴리덴디캠퍼설포닉애씨드, 포타슘세틸포스페이트, 소듐폴리아크릴로일다이메틸타우레이트, 폴리하이드록시스테아릭애씨드, 트로메타민, 알루미늄하이드록사이드, 하이드록시에틸아크릴레이트/소듐아크릴로일다이메틸타우레이트코폴리머, 스테아릭애씨드, 아이소도데케인, 옥틸도데칸올, 암모늄폴리아크릴로일다이메틸타우레이트, 폴리글리세릴-4아이소스테아레이트, 폴리글리세릴-2다이폴리하이드록시스테아레이트, 에틸헥실글리세린, 아데노신, 아이소프로필티타늄트라이아이소스테아레이트, 소듐폴리아크릴레이트, 부틸렌글라이콜, 하이드록시프로필메틸셀룰로오스스테아록시에터, 에리스리톨, 솔비톨, 토코페롤, 판테놀, 글루타티온, 다이메틸실란올하이알루로네이트, 하이드롤라이즈드소듐하이알루로네이트, 포타슘하이알루로네이트, 하이드록시프로필트라이모늄하이알루로네이트, 소듐하이알루로네이트크로스폴리머, 소듐하이알루로네이트다이메틸실란올, 소듐아세틸레이티드하이알루로네이트, 베헤닐알코올, 다이소듐이디티에이, 황색산화철 (CI 77492), 적색산화철 (CI 77491)"
pi_suncream_A000000246715,suncream,[수분 선크림] 오브제 맥스 워터풀 선크림 300ml,오브제,,,,A000000246715,olive_crwl_price_ingredient,300.0,300.0,ml,31500.0,21900.0,730.0,"정제수, 다이부틸아디페이트, 프로판다이올, C12-15알킬벤조에이트, 에칠헥실살리실레이트, 에칠헥실트리아존, 티타늄디옥사이드, 1,2-헥산다이올, 비스-에칠헥실옥시페놀메톡시페닐트리아진, 디에칠아미노하이드록시벤조일헥실벤조에이트, 폴리메틸실세스퀴옥세인, 다이메티콘, 암모늄아크릴로일다이메틸타우레이트/브이피코폴리머, 알루미늄스테아레이트, 알루미나, 폴리하이드록시스테아릭애씨드, 소듐스테아로일글루타메이트, 폴리아크릴레이트크로스폴리머-6, 판테놀, 에틸헥실글리세린, 메틸프로판다이올, 폴리에터-1, 잔탄검, 아크릴레이트/C10-30알킬아크릴레이트크로스폴리머, 아데노신, 글리세린, 부틸렌글라이콜, 다이프로필렌글라이콜, t-부틸알코올, 하이드로제네이티드레시틴, *락토바실러스발효용해물, 세테아릴올리베이트, 솔비탄올리베이트, 엑토인, 치커리뿌리추출물, 서양민들레뿌리줄기/뿌리추출물, 비피다발효용해물, 커피콩추출물, 하이드롤라이즈드익스텐신, 소듐하이알루로네이트, 하이알루로닉애씨드, 하이드롤라이즈드하이알루로닉애씨드, 하이드롤라이즈드소듐하이알루로네이트, 하이드록시프로필트라이모늄하이알루로네이트, 포타슘하이알루로네이트, 소듐하이알루로네이트크로스폴리머, 펜틸렌글라이콜, 소듐아세틸레이티드하이알루로네이트"
pi_suncream_A000000010461,suncream,[베이지커버톤업] 라로슈포제 유비데아 안뗄리오스 틴티드 크림,라로슈포제,,,,A000000010461,olive_crwl_price_ingredient,,,,38000.0,30400.0,,정제수 에칠헥실메톡시신나메이트 드로메트리졸트리실록산 글리세린 프로필렌글라이콜 디메치콘 티타늄디옥사이드 변성알코올 펜틸렌글라이콜 티타늄디옥사이드 테레프탈릴리덴디캠퍼설포닉애씨드 디에칠아미노하이드록시벤조일헥실벤조에이트 트리에탄올아민 비스-에칠헥실옥시페놀메톡시페닐트리아진 스테아릭애씨드 포타슘세틸포스페이트 알루미늄하이드록사이드 부틸렌글라이콜 쉐어버터씨드케이크추출물 카프릴릴글라이콜 카보머 세틸알코올 적색산화철/황색산화철 디소듐이디티에이 글리세릴스테아레이트 팔미틱애씨드 피이지-100스테아레이트 페녹시에탄올 소듐코코일사코시네이트 토코페롤 트로메타민 잔탄검
pi_suncream_A000000257268,suncream,[혜림쌤PICK/파데프리] 라네즈 워터뱅크 블루 톤업 선크림 50ml 기획 (+25ml),라네즈,,,,A000000257268,olive_crwl_price_ingredient,50.0,75.0,ml,28000.0,20160.0,2688.0,"정제수, 다이부틸아디페이트, 프로판다이올, 부틸옥틸살리실레이트, 디에칠아미노하이드록시벤조일헥실벤조에이트, 폴리실리콘-15, 비스-에칠헥실옥시페놀메톡시페닐트리아진, 나이아신아마이드, 다이아이소부틸아디페이트, 티타늄디옥사이드(CI 77891), 에칠헥실트리아존, 폴리글리세릴-3다이스테아레이트, 트리스-바이페닐트라이아진, 부틸렌글라이콜, 1,2-헥산다이올, 스쿠알란, 세테아릴알코올, 펜틸렌글라이콜, 카프릴릴메티콘, 다이에틸헥실석시네이트, 다이메티콘/비닐다이메티콘크로스폴리머, 폴리하이드록시스테아릭애씨드, 코코-카프릴레이트/카프레이트, 폴리C10-30알킬아크릴레이트, 실리카, 암모늄아크릴로일다이메틸타우레이트/브이피코폴리머, 포타슘세틸포스페이트, 하이드로제네이티드캐스터오일다이머다이리놀레에이트, 데실글루코사이드, 울트라마린, 다이카프릴릴카보네이트, 아크릴레이트/C10-30알킬아크릴레이트크로스폴리머, 트로메타민, 네오펜틸글라이콜다이에틸헥사노에이트, 세틸알코올, 에틸헥실글리세린, 폴리아크릴레이트크로스폴리머-6, 트라이에톡시카프릴릴실레인, 알루미늄하이드록사이드, 향료, 하이드로제네이티드캐스터오일/세바식애씨드코폴리머, 아데노신, 하이드롤라이즈드하이알루로닉애씨드, 폴리우레탄-15, 다이소듐포스페이트, 카올린, 잔탄검, 병풀추출물, 소듐디엔에이, 토코페롤, 로우스위트블루베리추출물"
pi_suncream_A000000202446,suncream,"[파데프리] 식물나라 뽀얀쌀 생기 톤업 수분 선 크림 100mL 단품 3종 (생기,보라,초록)",식물나라,,,,A000000202446,olive_crwl_price_ingredient,100.0,100.0,ml,18500.0,9800.0,980.0,"정제수,다이부틸아디페이트,프로판다이올,티타늄디옥사이드,디이소부틸아디페이트,부틸옥틸살리실레이트,카프릴릭/카프릭트라이글리세라이드,디에칠아미노하이드록시벤조일헥실벤조에이트,에칠헥실트리아존,다이카프릴릴카보네이트,나이아신아마이드,메틸트라이메티콘,글리세린,다이메티콘/비닐다이메티콘크로스폴리머,디에칠헥실부타미도트리아존,1,2-헥산다이올,쌀추출물,펜틸렌글라이콜,폴리하이드록시스테아릭애씨드,암모늄폴리아크릴로일다이메틸타우레이트,스테아릭애씨드,부틸렌글라이콜,브이피/에이코신코폴리머,소듐폴리아크릴로일다이메틸타우레이트,다이메티콘올,트라이실록세인,알루미나,판테놀,하이드록시프로필메틸셀룰로오스스테아록시에터,실리카,소듐아크릴레이트/비닐알코올코폴리머,에틸헥실글리세린,폴리아크릴레이트크로스폴리머-6,아데노신,소듐폴리아크릴레이트,소듐아크릴릭애씨드/엠에이코폴리머,잔탄검,t-부틸알코올,카프릴릴글라이콜,폴리에터-1,토코페롤,트라이에톡시카프릴릴실레인,메틸프로판다이올,산소,향료,적색산화철"
pi_suncream_A000000200647,suncream,[폼폼푸린 콜라보/말랑이&35ml 증정] 아떼 무기자차 선크림 50ml 기획/단품,아떼,,,,A000000200647,olive_crwl_price_ingredient,35.0,85.0,ml,34000.0,21900.0,2576.5,"정제수, 징크옥사이드 (CI 77947), 부틸옥틸살리실레이트, 프로필헵틸카프릴레이트, 사이클로헥사실록세인, 프로판다이올, 다이실록세인, 아이소도데케인, C15-19알케인, 카프릴릴메티콘, 세틸다이글리세릴트리스(트라이메틸실록시)실릴에틸다이메티콘, 나이아신아마이드, 소듐클로라이드, 글리세린, 비타민나무오일, 바실러스/소이빈발효추출물, 락토바실러스/호밀가루발효물, 락토바실러스/소이밀크발효여과물, 락토바실러스발효용해물, 소듐하이알루로네이트, 포도주, 병풀추출물, 하이알루로닉애씨드, 폴스애플민트잎추출물, 녹차추출물, 타임잎추출물, 하이드롤라이즈드하이알루로닉애씨드, 메틸메타크릴레이트크로스폴리머, 다이스테아다이모늄헥토라이트, 폴리글리세릴-6폴리리시놀리에이트, 트라이에틸헥사노인, 폴리메틸실세스퀴옥세인, 트라이에톡시카프릴릴실레인, 1,2-헥산다이올, 폴리글리세릴-2다이폴리하이드록시스테아레이트, 판테놀, 라우릴다이메티콘/폴리글리세린-3크로스폴리머, 부틸렌글라이콜, 카프릴릴글라이콜, 글리세릴카프릴레이트, 아데노신, 다이프로필렌글라이콜, 토코페롤, 말토덱스트린, 소듐시트레이트, 타라검, 아이소말트, 락토바실러스, 하이드록시프로필트라이모늄하이알루로네이트, 아스코빅애씨드, 소듐아세틸레이티드하이알루로네이트, 하이드롤라이즈드소듐하이알루로네이트, 소듐하이알루로네이트크로스폴리머, 포타슘하이알루로네이트"
pi_suncream_A000000248590,suncream,[7월올영픽] 헤라 UV프로텍터 6종 기획/단품,헤라,,,,A000000248590,olive_crwl_price_ingredient,,,,40000.0,32400.0,,"[톤업]
정제수, 에칠헥실메톡시신나메이트, 글리세린, 부틸렌글라이콜, 디에칠아미노하이드록시벤조일헥실벤조에이트, 다이부틸아디페이트, 티타늄디옥사이드, 비스-에칠헥실옥시페놀메톡시페닐트리아진, 메틸트라이메티콘, C12-15알킬벤조에이트, 다이메티콘, 실리카, 티타늄디옥사이드 (CI 77891), 나이아신아마이드, 트라이실록세인, 1,2-헥산다이올, 세테아릴알코올, 폴리C10-30알킬아크릴레이트, 하이드록시에틸아크릴레이트/소듐아크릴로일다이메틸타우레이트코폴리머, 알루미늄스테아레이트, 알루미나, 스테아릭애씨드, 폴리하이드록시스테아릭애씨드, 폴리메틸메타크릴레이트, 아크릴레이트/C10-30알킬아크릴레이트크로스폴리머, 소듐폴리아크릴로일다이메틸타우레이트, 글리세릴스테아레이트, 하이드로제네이티드레시틴, 카프릴릴글라이콜, 티몰트라이메톡시신나메이트, 트로메타민, 폴리글리세릴-3메틸글루코오스다이스테아레이트, 팔미틱애씨드, 다이소듐이디티에이, 에틸헥실글리세린, 아데노신, 알루미늄하이드록사이드, 적색산화철, 솔비탄아이소스테아레이트, 트라이에톡시카프릴릴실레인, 황색산화철, 토코페릴아세테이트, 3-O-에틸아스코빅애씨드, 락토바실러스/부레옥잠발효물, 만니톨, 프로판다이올, 에틸헥실팔미테이트, 비에이치티, 펜틸렌글라이콜, 미리스틱애씨드, 페녹시에탄올, 라우릭애씨드, 소듐데하이드로아세테이트, 카보머, 소듐시트레이트, 포타슘솔베이트, 토코페롤, 메톡시피이지-114/폴리엡실론카프로락톤, 복사나무잎추출물, 해바라기씨오일, 라이신, 알지닌, 히스티딘, 시트릭애씨드, 베타-카로틴, 글루코오스, 자일로오스, 디엔에이, 바이오틴, 만노오스, 소듐클로라이드, 레시틴, 하이드로제네이티드포스파티딜콜린, 카퍼트라이펩타이드-1, 소듐포스페이트, 덱스트린, 하이드롤라이즈드오크라추출물, 콜레스테롤, 푸코오스, 다이팔미토일하이드록시프롤린, 아크릴레이트/스테아릴메타크릴레이트코폴리머, 포타슘클로라이드, 포타슘포스페이트, 마그네슘클로라이드, 하이드롤라이즈드기장, 칼슘클로라이드

[라벤더] 
정제수, 카프릴릭/카프릭트라이글리세라이드, 부틸렌글라이콜, 글리세린, 다이메티콘, 토코페롤, 토코페릴아세테이트, 트레할로오스, 시어버터, 판테놀, 돌콩오일, 암모늄아크릴로일다이메틸타우레이트/브이피코폴리머, 글리세릴폴리메타크릴레이트, 카르노신, 폴리실리콘-11, 해바라기씨오일, 하이드록시에틸아크릴레이트/소듐아크릴로일다이메틸타우레이트코폴리머, 하이드로제네이티드레시틴, 폴리글리세릴-10스테아레이트, 쌀겨왁스, 세테아릴알코올, 카보머, 향료, 소듐설파이트, 나이아신아마이드, 트로메타민, 당근추출물, 레티놀(0.1%), 알란토인, 글리세릴카프릴레이트, 글리세릴스테아레이트, 에틸헥실글리세린, 소듐메타포스페이트, 아데노신, 스테아릭애씨드, 폴리글리세릴-3메틸글루코오스다이스테아레이트, 팔미틱애씨드, 솔비탄아이소스테아레이트, 프로판다이올, 1,2-헥산다이올, 소듐하이알루로네이트, 베타-카로틴, 하이드롤라이즈드식물성단백질, 잔탄검, 미리스틱애씨드, 하이드롤라이즈드하이알루로닉애씨드, 라우릭애씨드, 소듐하이알루로네이트크로스폴리머, 하이알루로닉애씨드, 소듐아세틸레이티드하이알루로네이트, 수용성콜라겐
[프레쉬]
정제수, 다이에틸헥실석시네이트, 프로판다이올, 드로메트리졸트리실록산, 에칠헥실트리아존, 나이아신아마이드, 디에칠아미노하이드록시벤조일헥실벤조에이트, 테레프탈릴리덴디캠퍼설포닉애씨드, 1,2-헥산다이올, 베헤닐알코올, C12-15알킬벤조에이트, 소듐폴리아크릴로일다이메틸타우레이트, 트로메타민, 페닐트라이메티콘, 카프릴릴메티콘, 폴리아크릴레이트크로스폴리머-6, 아라키딜알코올, 포타슘세틸포스페이트, 향료, 토코페릴아세테이트, 카프릴릴글라이콜, 에틸헥실글리세린, 아라키딜글루코사이드, 부틸렌글라이콜, 아데노신, 알란토인, 이노시톨, 마데카소사이드, 펜틸렌글라이콜, 3-O-에틸아스코빅애씨드, 소듐메타포스페이트, 에틸헥실팔미테이트, 비터오렌지꽃추출물, 소듐하이알루로네이트, 카보머, 토코페롤, 하이드롤라이즈드식물성단백질, 하이드롤라이즈드하이알루로닉애씨드, 해바라기씨오일, 소듐하이알루로네이트크로스폴리머, 베타-카로틴, 하이알루로닉애씨드, 디엔에이, 소듐아세틸레이티드하이알루로네이트
[멀티디펜스]
정제수, C12-15알킬벤조에이트, 에칠헥실메톡시신나메이트, 프로판다이올, 부틸렌글라이콜, 비스-에칠헥실옥시페놀메톡시페닐트리아진, 디에칠아미노하이드록시벤조일헥실벤조에이트, 티타늄디옥사이드, 다이메티콘, 나이아신아마이드, 다이페닐실록시페닐트라이메티콘, 피이지-100스테아레이트, 트라이실록세인, 1,2-헥산다이올, 실리카, 세테아릴알코올, C14-22알코올, 글리세릴스테아레이트, 폴리아크릴레이트-13, 알루미늄스테아레이트, 알루미나, 암모늄아크릴로일다이메틸타우레이트/브이피코폴리머, 폴리하이드록시스테아릭애씨드, 다이메티콘/비닐다이메티콘크로스폴리머, 메톡시피이지-114/폴리엡실론카프로락톤, 스테아릭애씨드, C12-20알킬글루코사이드, 폴리아이소부텐, C12-15알코올, 향료, 글리세릴카프릴레이트, 다이소듐이디티에이, 에틸헥실글리세린, 아데노신, 폴리솔베이트20, 솔비탄아이소스테아레이트, 글리세린, 토코페릴아세테이트, 3-O-에틸아스코빅애씨드, 락토바실러스/부레옥잠발효물, 만니톨, 에틸헥실팔미테이트, 비에이치티, 리모넨, 리날룰, 펜틸렌글라이콜, 글루코오스, 모란추출물, 페녹시에탄올, 작약뿌리추출물, 소듐데하이드로아세테이트, 카보머, 소듐시트레이트, 포타슘솔베이트, 토코페롤, 하이드록시에틸아크릴레이트/소듐아크릴로일다이메틸타우레이트코폴리머, 카프릴릴글라이콜, 복사나무잎추출물, 해바라기씨오일, 라이신, 알지닌, 히스티딘, 시트릭애씨드, 작약꽃추출물, 베타-카로틴, 자일로오스, 디엔에이, 바이오틴, 만노오스, 소듐클로라이드, 레시틴, 하이드로제네이티드포스파티딜콜린, 카퍼트라이펩타이드-1, 소듐포스페이트, 덱스트린, 하이드롤라이즈드오크라추출물, 콜레스테롤, 푸코오스, 다이팔미토일하이드록시프롤린, 아크릴레이트/스테아릴메타크릴레이트코폴리머, 포타슘클로라이드, 포타슘포스페이트, 마그네슘클로라이드, 하이드롤라이즈드기장, 칼슘클로라이드

[익스트림포스 레포츠]
정제수, C12-15알킬벤조에이트, 에칠헥실메톡시신나메이트, 부틸렌글라이콜, 프로판다이올, 비스-에칠헥실옥시페놀메톡시페닐트리아진, 디에칠아미노하이드록시벤조일헥실벤조에이트, 티타늄디옥사이드, 다이메티콘, 트라이실록세인, 사이클로펜타실록세인, 실리카, 사이클로헥사실록세인, 폴리아크릴레이트-13, 알루미늄스테아레이트, 폴리아이소부텐, 폴리하이드록시스테아릭애씨드, 다이메티콘/비닐다이메티콘크로스폴리머, 알루미나, 스테아릭애씨드, 페녹시에탄올, C12-15알코올, 향료, 폴리아크릴릭애씨드, 다이소듐이디티에이, 에틸헥실글리세린, 폴리솔베이트20, 솔비탄아이소스테아레이트, 버지니아풍년화잎수, 칼슘판테테인설포네이트, 암모늄아크릴로일다이메틸타우레이트/브이피코폴리머, 비에이치티, 리모넨, 리날룰, 토코페롤, 피이지-60하이드로제네이티드캐스터오일, 잔탄검, 글리세린, 락토바실러스/부레옥잠발효물, 에틸헥실팔미테이트, 메톡시피이지-114/폴리엡실론카프로락톤, 쇠비름추출물, 만니톨, 펜틸렌글라이콜, 아스코빅애씨드, 카페익애씨드, 유비퀴논, 아크릴레이트/암모늄메타크릴레이트코폴리머, 카프릴릴글라이콜, 하이드록시에틸아크릴레이트/소듐아크릴로일다이메틸타우레이트코폴리머, 카카오추출물, 1,2-헥산다이올, 토코페릴아세테이트, 카보머, 복사나무잎추출물, 시트릭애씨드, 소듐데하이드로아세테이트, 레시틴, 에탄올, 포타슘솔베이트, 소듐시트레이트, 소듐벤조에이트, 티타늄디옥사이드 (CI 77891), 해바라기씨오일, 베타-카로틴, 하이드롤라이즈드기장, 징크디엔에이, 디엔에이, 하이드로제네이티드포스파티딜콜린, 바이오틴, 덱스트린, 하이드롤라이즈드오크라추출물, 콜레스테롤, 다이팔미토일하이드록시프롤린, 아크릴레이트/스테아릴메타크릴레이트코폴리머, 카퍼트라이펩타이드-1, 콜레스테릴헥실다이카바메이트풀루란"
pi_suncream_A000000188876,suncream,[화잘먹/쌀알춘식이스트레스볼] 조선미녀 맑은쌀 선크림 50ml 2입 기획,조선미녀,,,,A000000188876,olive_crwl_price_ingredient,50.0,100.0,ml,30000.0,26000.0,2600.0,"정제수, 쌀추출물(30 %), 다이부틸아디페이트, 프로판다이올, 디에칠아미노하이드록시벤조일헥실벤조에이트, 폴리메틸실세스퀴옥세인, 에칠헥실트리아존, 나이아신아마이드,메칠렌비스-벤조트리아졸릴테트라메칠부틸페놀, 코코-카프릴레이트/카프레이트, 카프릴릴메티콘, 디에칠헥실부타미도트리아존, 글리세린, 부틸렌글라이콜, 쌀배아추출물(1,000 ppm), 녹차추출물, 락토바실러스/호박발효추출물, 바실러스/소이빈발효추출물, 사탕수수추출물, 자이언트켈프추출물, 코코넛야자열매추출물, 홍삼추출물,홍차추출물,모나스커스/쌀발효물(0.12 ppm),펜틸렌글라이콜, 베헤닐알코올, 폴리C10-30알킬아크릴레이트, 폴리글리세릴-3메틸글루코오스다이스테아레이트, 데실글루코사이드, 트로메타민, 카보머, 아크릴레이트/C10-30알킬아크릴레이트크로스폴리머, 1,2-헥산다이올, 소듐스테아로일글루타메이트, 폴리아크릴레이트크로스폴리머-6, 에틸헥실글리세린, 아데노신, 잔탄검, 토코페롤, 락토바실러스/쌀발효물(0.12 ppm), 아스퍼질러스발효물, 효모/쌀발효여과물(0.12 ppm)"
pi_suncream_A000000248226,suncream,[1+1/파데프리톤업] 아비브 글루타치온좀 CC 선크림 토닝 튜브 50ml 더블 기획,아비브,,,,A000000248226,olive_crwl_price_ingredient,50.0,100.0,ml,37000.0,25900.0,2590.0,"정제수*, 다이부틸아디페이트, 프로판다이올, 티타늄디옥사이드 (CI 77891), 비스-에칠헥실옥시페놀메톡시페닐트리아진, 디에칠아미노하이드록시벤조일헥실벤조에이트, 에칠헥실트리아존, 폴리실리콘-15, 나이아신아마이드, 코코-카프릴레이트/카프레이트, 다이아이소프로필세바케이트, 폴리메틸실세스퀴옥세인, 부틸렌글라이콜*, 1,2-헥산다이올*, 글리세린, 메칠렌비스-벤조트리아졸릴테트라메칠부틸페놀, 펜틸렌글라이콜, 아이소도데케인, 옥틸도데칸올, 포타슘세틸포스페이트, 베헤닐알코올, 폴리아크릴레이트크로스폴리머-6, 폴리글리세릴-3메틸글루코오스다이스테아레이트, 폴리C10-30알킬아크릴레이트, 트로메타민, 폴리글리세릴-4아이소스테아레이트, 황색산화철 (CI 77492), 카보머, 데실글루코사이드, 아이소프로필티타늄트라이아이소스테아레이트, 알루미늄하이드록사이드, 아크릴레이트/C10-30알킬아크릴레이트크로스폴리머, 마이카 (CI 77019), 폴리에스터-1, 소듐스테아로일글루타메이트, 에틸헥실글리세린*, 적색산화철 (CI 77491), 아데노신, 흑색산화철 (CI 77499), 글루타티온(150 ppm)*, 실리카다이메틸실릴레이트, 잔탄검, 토코페롤, 알란토인, 사과세포배양추출물*, 다이프로필렌글라이콜, 베타-글루칸, 하이드로제네이티드레시틴, 콜레스테롤, 키토산, 아스코빅애씨드, 3-O-에틸아스코빅애씨드, 아스코빌글루코사이드, 세라마이드엔피
*글루타치온좀(Glutathiosome) : 식물 유래 이중 지질막 전달체에 글루타치온을 담지하여 만든 복합체 30,000 ppm 함유"
pi_suncream_A000000163503,suncream,[저자극/안심자차] 라운드랩 자작나무 무기자차 선크림 50ml 기획 (+클렌저20ml),라운드랩,,,,A000000163503,olive_crwl_price_ingredient,50.0,70.0,ml,25000.0,17500.0,2500.0,"1. 자작나무 무기자차 선크림 50ml (본품)
정제수, 징크옥사이드, 사이클로헥사실록세인, 부틸옥틸살리실레이트, 프로판다이올, 프로필헵틸카프릴레이트, 아이소도데케인, 카프릴릴메티콘, 폴리글리세릴-3폴리다이메틸실록시에틸다이메티콘, 메틸메타크릴레이트크로스폴리머, 메틸트라이메티콘, 자작나무수액 (1,045ppm), 삼나무잎추출물, 연꽃잎추출물, 효모발효여과물, 글리세릴글루코사이드, 소듐하이알루로네이트, 하이알루로닉애씨드, 글리세린, 부틸렌글라이콜, 트라이에톡시카프릴릴실레인, 개똥쑥추출물, 캐모마일꽃오일, 구주소나무잎오일, 에틸헥실글리세린, 아스코빅애씨드, 토코페롤, 글리세릴카프릴레이트, 카프릴릴글라이콜, 폴리메틸실세스퀴옥세인, 라우릴폴리글리세릴-3폴리다이메틸실록시에틸다이메티콘, 1,2-헥산다이올, 폴리글리세릴-2다이폴리하이드록시스테아레이트, 다이스테아다이모늄헥토라이트, 마그네슘설페이트

2. 자작나무 수분 클렌저 20ml (증정품)
정제수, 글리세린, 소듐코코일알라니네이트, 라우릴하이드록시설테인, 다이소듐코코암포다이아세테이트, 소듐메틸코코일타우레이트, 아크릴레이트/C10-30알킬아크릴레이트크로스폴리머, 자작나무수액(10,000ppm), 부틸렌글라이콜, 소듐하이알루로네이트, 하이알루로닉애씨드, 소듐클로라이드, 글리세릴글루코사이드, 아스코빅애씨드, 1,2-헥산다이올, 개똥쑥추출물, 캐모마일꽃오일, 구주소나무잎오일, 퀼라자껍질추출물, 카프릴릴글라이콜, 코코-글루코사이드, 글리세릴카프릴레이트, 소듐코코일이세티오네이트, 헥실렌글라이콜, 시트릭애씨드, 다이소듐이디티에이"
pi_suncream_A000000206827,suncream,에스트라 더마UV365 레드진정 톤업 선크림 40ml 기획 (+무기자차 선크림 20ml),에스트라,,,,A000000206827,olive_crwl_price_ingredient,40.0,60.0,ml,31000.0,24800.0,4133.3,"정제수, 부틸렌글라이콜, 글리세린, 디에칠아미노하이드록시벤조일헥실벤조에이트, 호모살레이트, 에칠헥실살리실레이트, 메틸트라이메티콘, 부틸옥틸살리실레이트, 티타늄디옥사이드, C12-15알킬벤조에이트, 비스-에칠헥실옥시페놀메톡시페닐트리아진, 폴리실리콘-15, 티타늄디옥사이드 (CI 77891), 1,2-헥산다이올, 세테아릴알코올, 실리카, 폴리C10-30알킬아크릴레이트, 하이드록시에틸아크릴레이트/소듐아크릴로일다이메틸타우레이트코폴리머, 알루미늄스테아레이트, 알루미나, 스테아릭애씨드, 폴리하이드록시스테아릭애씨드, 아크릴레이트/C10-30알킬아크릴레이트크로스폴리머, 알란토인, 글리세릴스테아레이트, 하이드로제네이티드레시틴, 카프릴릴글라이콜, 에틸헥실글리세린, 트로메타민, 알루미늄하이드록사이드, 폴리글리세릴-3메틸글루코오스다이스테아레이트, 팔미틱애씨드, 다이소듐이디티에이, 트라이에톡시카프릴릴실레인, 솔비탄아이소스테아레이트, 적색산화철, 하이드롤라이즈드하이알루로닉애씨드, 세라마이드엔피, 황색산화철, 미리스틱애씨드, 라우릭애씨드, 토코페롤"
pi_lotion_A000000237493,lotion,[장벽로션/화잘먹로션] 코스노리 판테놀 베리어 에멀전 150ml,코스노리,,,,A000000237493,olive_crwl_price_ingredient,150.0,150.0,ml,24000.0,16800.0,1120.0,"정제수, 글리세린, 판테놀 5%, 프로판다이올, 1,2-헥산다이올, 다이프로필렌글라이콜, 하이드로제네이티드폴리데센, 퀸즈랜드넛오일, 나이아신아마이드, 카카두플럼추출물, 스쿠알란, 세테아릴올리베이트, 부틸렌글라이콜, 세테아릴알코올, 글리세릴스테아레이트, 솔비탄올리베이트, 카보머, 트로메타민, 하이드록시에틸아크릴레이트/소듐아크릴로일다이메틸타우레이트코폴리머, 카프릴릭/카프릭트라이글리세라이드, 토코페롤, 해바라기씨오일, 에틸헥실글리세린, 하이드로제네이티드레시틴, 락토바실러스/인삼뿌리발효여과물, 효모/감자추출물발효여과물, 아데노신, 락토바실러스/콩발효추출물, 락토바실러스/쌀발효물, 효모/율무씨발효여과물, 다이소듐이디티에이, 시어버터, 솔비탄아이소스테아레이트, 베타인, 세라마이드엔피, 하이알루로닉애씨드, 하이드롤라이즈드하이알루로닉애씨드, 소듐하이알루로네이트, 펜틸렌글라이콜, 마데카소사이드, 콜레스테롤, 세라마이드에이피, 세라마이드엔에스, 세라마이드에이에스, 데실글루코사이드, 유칼립투스잎추출물, 카프릴릴글라이콜, 병풀추출물, 아시아티코사이드, 아시아틱애씨드, 마데카식애씨드, 피토스핑고신, 세라마이드이오피"
pi_lotion_A000000222834,lotion,에스트라 아토베리어365 로션 150ml 기획 (하이드로에센스 25ml+세라-히알 앰플 7ml),에스트라,,,,A000000222834,olive_crwl_price_ingredient,150.0,182.0,ml,33000.0,29700.0,1631.9,"정제수, 부틸렌글라이콜, 글리세린, 다이메티콘, 스쿠알란, 펜타에리스리틸테트라아이소스테아레이트, 베타인, 폴리글리세릴-3메틸글루코오스다이스테아레이트, 부틸렌글라이콜다이카프릴레이트/다이카프레이트, 카프릴릭/카프릭트라이글리세라이드, 팔미틱애씨드, 1,2-헥산다이올, 스테아릭애씨드, 하이드록시에틸아크릴레이트/소듐아크릴로일다이메틸타우레이트코폴리머, 글리세릴스테아레이트, 하이드록시프로필비스팔미타마이드엠이에이, 글리세릴스테아레이트시트레이트, 콜레스테롤, 나이아신아마이드, 다이메티콘올, 하이드록시프로필비스라우라마이드엠이에이, 베헤닐알코올, 글리세릴카프릴레이트, 카보머, 다이소듐이디티에이, 에틸헥실글리세린, 트로메타민, 솔비탄아이소스테아레이트, 피토스핑고신, 만니톨, 세라마이드엔피, 토코페롤, 하이드로제네이티드레시틴, 아크릴레이트/암모늄메타크릴레이트코폴리머, 실리카, 스핑고리피드, 아라키딕애씨드, 올레익애씨드"
pi_lotion_A000000258468,lotion,[NEW] 온그리디언츠 바쿠글로우 캡슐 로션 150ml,온그리디언츠,,,,A000000258468,olive_crwl_price_ingredient,150.0,150.0,ml,28000.0,23900.0,1593.3,"정제수, 글리세린, 카프릴릭/카프릭트라이글리세라이드, 부틸렌글라이콜, 1,2-헥산다이올, 나이아신아마이드, 캐스터오일/아이피디아이코폴리머, 폴리글리세린-3, 판테놀, 세테아릴알코올, 카보머, 암모늄아크릴로일다이메틸타우레이트/브이피코폴리머, 트로메타민, 에틸헥실글리세린, 아데노신, 바쿠치올, 구아이아줄렌, 흰무늬엉겅퀴씨추출물, 엑토인, 하이드로제네이티드레시틴, 폴리글리세릴-10미리스테이트, 소듐클로라이드, 프로판다이올, 소듐디엔에이, 락토바실러스발효용해물, 폴리글리세릴-10라우레이트, 벤질글라이콜, 하이드롤라이즈드글라이코사미노글리칸, 소듐하이알루로네이트, 소듐하이알루로네이트크로스폴리머, 하이드롤라이즈드하이알루로닉애씨드, 하이드록시프로필트라이모늄하이알루로네이트, 헥사펩타이드-9, 아세틸테트라펩타이드-5, 헥사펩타이드-11, 아세틸테트라펩타이드-2, 팔미토일펜타펩타이드-4, 트라이펩타이드-1, 카퍼트라이펩타이드-1, 아세틸헥사펩타이드-8, 팔미토일테트라펩타이드-7, 하이알루로닉애씨드, 콜라겐추출물, 알라닌/히스티딘/라이신폴리펩타이드카퍼에이치씨엘, 트라이펩타이드-32, 소듐아세틸레이티드하이알루로네이트, 다이소듐이디티에이"
pi_lotion_A000000243499,lotion,[1등 속광로션/단독기획] 온그리디언츠 스킨 베리어 카밍 로션 이엑스 220ml 기획 (+80ml),온그리디언츠,,,,A000000243499,olive_crwl_price_ingredient,220.0,300.0,ml,39900.0,30510.0,1017.0,"정제수, 프로판다이올, 글리세린, 카프릴릭/카프릭트라이글리세라이드, 부틸렌글라이콜, 세틸에틸헥사노에이트, 페닐트라이메티콘, 1,2-헥산다이올, 폴리솔베이트60, 알지닌, 카보머, 하이드록시에틸우레아, 하이드록시아세토페논, 황련뿌리추출물, 에틸헥실글리세린, 호호바씨오일, 판테놀, 칸디다봄비콜라/글루코오스/메틸레이프씨데이트발효물, 해바라기씨오일, 다이프로필렌글라이콜, 소듐하이알루로네이트, 하이알루로닉애씨드, 하이드롤라이즈드하이알루로닉애씨드, 세라마이드엔피, 하이드로제네이티드레시틴, 하이드롤라이즈드콜라겐, 펜틸렌글라이콜, 에톡시다이글라이콜, 레시틴, 소듐하이알루로네이트크로스폴리머, 아세틸글루타민, 보리지추출물, 몰로키아잎추출물, 당근추출물, 마테잎추출물, 마데카소사이드, 판토테닉애씨드, 데실글루코사이드, 아시아티코사이드, 바실러스/소이빈발효추출물, 아시아틱애씨드, 카프릴릴글라이콜, 마데카식애씨드, 폴리글루타믹애씨드, 자일로오스, 폴릭애씨드, 병풀추출물, 헥사펩타이드-11, 올리고펩타이드-1, 올리고펩타이드-2, 올리고펩타이드-3, 아세틸헥사펩타이드-8, 귀리펩타이드, 카퍼트라이펩타이드-1, 팔미토일헥사펩타이드-12, 팔미토일펜타펩타이드-4, 팔미토일테트라펩타이드-7, 팔미토일트라이펩타이드-1, 트라이펩타이드-1"
pi_lotion_A000000137488,lotion,[7월올영픽] 비오템옴므 아쿠아파워 올인원 50ml 트래블 기획/200ml,비오템,,,,A000000137488,olive_crwl_price_ingredient,50.0,250.0,ml,30000.0,20400.0,816.0,"올인원 : 정제수 페퍼민트잎수 변성알코올 프로필렌글라이콜 글리세린 부틸렌글라이콜 피이지-20 피이지-8 피피지-6-데실테트라데세스-30 비스-피이지-18메틸에터다이메틸실레인 카보머 페녹시에탄올 향료 프로판다이올 에틸헥실글리세린 포타슘하이드록사이드 멘톨 아데노신 알지닌 시트릭애씨드 살리실릭애씨드 리날룰 리모넨 알테로모나스발효추출물 비트레오스실라발효물 벤질살리실레이트 하이드록시시트로넬알 시트로넬올 쿠마린 토코페롤
올인원 스틱: 정제수 다이카프릴릴카보네이트 부틸렌글라이콜 아이소데실네오펜타노에이트 합성왁스 다이메티콘 마이크로크리스탈린왁스 글리세린 나이아신아마이드 라우릴피이지-8다이메티콘 소듐클로라이드 다이프로필렌글라이콜 1,2-헥산다이올 카프릴릭/카프릭트라이글리세라이드 솔비탄세스퀴올리에이트 글리세릴카프릴레이트 다이메티콘/피이지-10/15크로스폴리머 토코페롤 멘톨 멘틸락테이트 향료 스테아랄코늄헥토라이트 소듐하이알루로네이트 세라마이드엔피 프로필렌카보네이트 아데노신 비트레오스실라발효물 티타늄디옥사이드 리날룰 리모넨 크로뮴옥사이드그린 울트라마린 소듐시트레이트 벤질살리실레이트 하이드록시시트로넬알 시트로넬올 트라이에톡시카프릴릴실레인 알루미늄하이드록사이드
아쿠아피트니스 샤워젤: 정제수 소듐라우레스설페이트 하이드로제네이티드스타치하이드롤리세이트 수크로오스 코코-베타인 소듐클로라이드 향료 시트릭애씨드 해수 소듐하이드록사이드 비트레오스실라발효물 헥실렌글라이콜 시트랄 황색4호 청색1호 페녹시에탄올 살리실릭애씨드 소듐벤조에이트"
pi_lotion_A000000228952,lotion,[7월 올영픽] 토리든 밸런스풀 포맨 시카 프레쉬 올인원 200g 기획(+밸런스풀 올인원 20g),토리든,,,,A000000228952,olive_crwl_price_ingredient,200.0,220.0,g(약 1ml 상당으로 근사),25000.0,18240.0,829.1,"정제수, 글리세린, 나이아신아마이드, 프로판다이올, 1,2-헥산다이올, 베타인, 판테놀(2000ppm), 병풀추출물(502ppm), 아시아티코사이드, 마데카식애씨드, 아시아틱애씨드, 마데카소사이드, 아데노신, 알란토인, 쓴풀추출물, 푸른연꽃추출물, 락토바실러스발효물, 접시꽃추출물, 알지닌, 칼슘판토테네이트, 징크피씨에이, 팔미토일다이펩타이드-7, 아세틸헥사펩타이드-8, 히비스커스꽃추출물, 참마뿌리추출물, 제비꽃꽃추출물, 박하추출물, 글리세릴글루코사이드, 폴리글리세린-3, 다이포타슘글리시리제이트, 카르노신, 하이드록시에틸아크릴레이트/소듐아크릴로일다이메틸타우레이트코폴리머, 암모늄아크릴로일다이메틸타우레이트/브이피코폴리머, 아크릴레이트/C10-30알킬아크릴레이트크로스폴리머, 솔비탄아이소스테아레이트, 2,3-부탄다이올, 아이소펜틸다이올, 폴리글리세릴-4올리에이트, 옥틸도데칸올, 페닐트라이메티콘, 카프릴로일살리실릭애씨드, 글루코닉애씨드, 비닐다이메티콘, 카프릴릴메티콘, 폴리실리콘-11, 소듐스테아로일글루타메이트, 소듐서팩틴, 소듐아세테이트, 솔비탄스테아레이트, 피토스테롤, 카보머, 에틸헥실글리세린, 콥티스뿌리추출물, 말라카이트추출물"
pi_lotion_A000000228228,lotion,[7년 연속 1위] 아이디얼포맨 퍼펙트 올인원 150ml 단품/기획,아이디얼포맨,,,,A000000228228,olive_crwl_price_ingredient,150.0,150.0,ml,28000.0,22800.0,1520.0,"[퍼펙트올인원] 정제수,글리세린,에틸헥실스테아레이트,1,2-헥산다이올,메틸프로판다이올,나이아신아마이드,메틸트라이메티콘,변성알코올,폴리글리세릴-3다이스테아레이트,베타인,세테아릴알코올,판테놀,다시마추출물,한련초잎추출물,콜라겐추출물,소듐하이알루로네이트,하이드로제네이티드레시틴,글리세릴스테아레이트,카보머,다이프로필렌글라이콜,알지닌,글리세릴스테아레이트시트레이트,에틸헥실글리세린,소듐스테아로일글루타메이트,아데노신,스키조사카로미세스발효여과물,다이소듐이디티에이,프룩토올리고사카라이드,부틸렌글라이콜,베타-글루칸,하이드롤라이즈드하이알루로닉애씨드,카프릴릭/카프릭트라이글리세라이드,레티놀,에이치디아이/트라이메틸올헥실락톤크로스폴리머,하이드롤라이즈드엘라스틴,폴리비닐알코올,토코페롤,카프릴릴글라이콜,아세틸테트라펩타이드-5,잔탄검,페닐프로판올,향료"
pi_lotion_A000000161508,lotion,[대용량] 라운드랩 1025 독도 로션 400ml,라운드랩,,,,A000000161508,olive_crwl_price_ingredient,400.0,400.0,ml,39000.0,27300.0,682.5,"정제수, 글리세린, 퀸즈랜드넛오일, 1,2-헥산다이올, 펜틸렌글라이콜, 아이리쉬모스추출물, 사탕수수추출물, 해수, 하이알루로닉애씨드, 하이드롤라이즈드하이알루로닉애씨드, 소듐하이알루로네이트, 판테놀, 스쿠알란, 부틸렌글라이콜, 폴리글리세릴-3메틸글루코오스다이스테아레이트, 글리세릴스테아레이트, 하이드로제네이티드폴리데센, 하이드록시에틸아크릴레이트/소듐아크릴로일다이메틸타우레이트코폴리머, 호호바에스터, 카프릴릴글라이콜, 트로메타민, 소듐파이테이트, 토코페롤, 소듐카복시메틸베타-글루칸, 에틸헥실글리세린, 세테아릴알코올, 카보머"
pi_lotion_A000000250298,lotion,[7월올영픽]아이디얼포맨 프레시 올인원 150ml 단품/1+1 기획,아이디얼포맨,,,,A000000250298,olive_crwl_price_ingredient,150.0,300.0,ml,26000.0,14800.0,493.3,"정제수,다이프로필렌글라이콜,메틸프로판다이올,1,2-헥산다이올,글리세레스-26,나이아신아마이드,사이클로헥사실록세인,글리세린,카프릴릭/카프릭트라이글리세라이드,다시마추출물,한련초잎추출물,실버위드추출물,귀리커넬추출물,아티초크잎추출물,목면꽃추출물,감나무잎추출물,포도추출물,잇꽃꽃추출물,커피콩추출물,호장근뿌리추출물,녹차추출물,밤껍질추출물,초피나무열매추출물,하이드로제네이티드레시틴,녹차수,소듐하이알루로네이트,암모늄아크릴로일다이메틸타우레이트/브이피코폴리머,아크릴레이트/C10-30알킬아크릴레이트크로스폴리머,트로메타민,에틸헥실글리세린,글리세릴폴리메타크릴레이트,아데노신,프룩토올리고사카라이드,베타-글루칸,폴리쿼터늄-51,하이드롤라이즈드하이알루로닉애씨드,부틸렌글라이콜,락토바실러스발효물,토코페롤,카프릴릴글라이콜,프로판다이올,하이드롤라이즈드소듐하이알루로네이트,수크로오스다이스테아레이트,하이드록시프로필사이클로덱스트린,향료"
pi_lotion_A000000230522,lotion,[단독기획] 토리든 다이브인 포맨 저분자 히알루론산 올인원 200g 더블 기획,토리든,,,,A000000230522,olive_crwl_price_ingredient,200.0,400.0,g(약 1ml 상당으로 근사),38000.0,29900.0,747.5,"정제수, 글리세린, 부틸렌글라이콜, 카프릴릭/카프릭트라이글리세라이드, 1,2-헥산다이올, 판테놀, 아데노신, 소듐하이알루로네이트, 하이드롤라이즈드하이알루로닉애씨드, 소듐아세틸레이티드하이알루로네이트, 소듐하이알루로네이트크로스폴리머, 하이드롤라이즈드소듐하이알루로네이트, 알란토인, 징크피씨에이, 글리세레스-26, 펜틸렌글라이콜, 2,3-부탄다이올, 우레아, 트로메타민, 하이드록시에틸아크릴레이트/소듐아크릴로일다이메틸타우레이트코폴리머, 하이드록시에틸우레아, C12-20알킬글루코사이드, 잔탄검, 다이소듐이디티에이, 아크릴레이트/C10-30알킬아크릴레이트크로스폴리머, 글리세릴아크릴레이트/아크릴릭애씨드코폴리머, 피브이엠/엠에이코폴리머, 솔비탄아이소스테아레이트, 소듐아세테이트, 비닐다이메티콘, C14-22알코올, 다이펩타이드-2, 글루코오스, 에틸헥실글리세린"
pi_lotion_A000000225493,lotion,랩시리즈 클리어 LS 리서페이싱 & 매티파잉 라이트웨이트 에멀전 50ml,랩시리즈,,,,A000000225493,olive_crwl_price_ingredient,50.0,50.0,ml,74000.0,62900.0,12580.0,"정제수,다이메티콘,글리세린,부틸렌글라이콜,폴리실리콘-11,폴리솔베이트40,수크로오스,실리카,폴리아크릴레이트크로스폴리머-6,베타인,아세틸글루코사민,비닐다이메티콘/메티콘실세스퀴옥세인크로스폴리머,창과감초뿌리추출물,사발팜열매추출물,슈가켈프추출물,살리실릭애씨드,조류추출물,락토바실러스발효물,소듐하이알루로네이트,카페인,비사보롤,트레할로오스,오이열매추출물,돌콩추출물,사과추출물,구름버섯추출물,황금추출물,시트릭애씨드,징크피씨에이,소듐설파이트,소듐메타바이설파이트,소듐시트레이트,다이소듐이디티에이,페녹시에탄올,포타슘솔베이트,카프릴릴글라이콜,소듐하이드록사이드,미리스틸알코올,세틸알코올,피이지/피피지-18/18다이메티콘,피이지-10다이메티콘,향료,적색504호,황색4호,청색1호  

제공된 성분은 동일 제품이라도 경우에 따라 변경될 수 있습니다. 최신정보는 제품 포장의 성분을 참고하시거나 본사 고객관리지원팀으로 연락 부탁 드립니다."
pi_lotion_A000000223781,lotion,[트러블/면도후] 닥터지 레드 블레미쉬 포 맨 진정 올인원 150ml 2종 (단품/증정 기획),닥터지,,,,A000000223781,olive_crwl_price_ingredient,150.0,150.0,ml,32000.0,24000.0,1600.0,"정제수, 나이아신아마이드, 카프릴릴메티콘, 메틸프로판다이올, 아이소도데케인, 1,2-헥산다이올, 다이프로필렌글라이콜, 프로판다이올, 글리세린, 카프릴릭/카프릭트라이글리세라이드, 하이드로제네이티드폴리(C6-14올레핀), 폴리글리세릴-2스테아레이트, C14-22알코올, 다이메티콘/비닐다이메티콘크로스폴리머, 글리세릴스테아레이트, C12-16알코올, 부틸렌글라이콜, 스테아릴알코올, 소듐폴리아크릴로일다이메틸타우레이트, 아크릴레이트/C10-30알킬아크릴레이트크로스폴리머, 암모늄아크릴로일다이메틸타우레이트/브이피코폴리머, 팔미틱애씨드, 하이드로제네이티드레시틴, C12-20알킬글루코사이드, 소듐하이알루로네이트, 아데노신, 트로메타민, 병풀추출물, 잔탄검, 호장근뿌리추출물, 황금추출물, 다이소듐이디티에이, 녹차추출물, 스페인감초뿌리추출물, 로즈마리잎추출물, 마트리카리아꽃추출물, 글루코노락톤, 마데카소사이드, 말토덱스트린, 세라마이드엔피, 티트리잎오일, 화이트티트리잎추출물, 스키산드라 스페난테라열매추출물, 아보카도열매추출물, 아시아티코사이드, 마데카식애씨드, 아시아틱애씨드, 다시마추출물, 당느릅나무뿌리추출물, 알로에베라잎추출물, 제비꽃꽃추출물, 참마뿌리추출물"
pi_lotion_A000000248426,lotion,[NEW/리뉴얼] 아누아 어성초 77 히알루론산 수분 진정 로션 200ml,아누아,,,,A000000248426,olive_crwl_price_ingredient,200.0,200.0,ml,28000.0,21900.0,1095.0,"약모밀꽃/잎/줄기수(77%), 글리세린, 에틸헥실스테아레이트, 1,2-헥산다이올, 글리세릴스테아레이트시트레이트, 메틸프로판다이올, 백미꽃추출물, 접시꽃추출물, 메틸트라이메티콘, 펜틸렌글라이콜, 하이드로제네이티드폴리(C6-14올레핀), 부틸렌글라이콜, 정제수, 암모늄아크릴로일다이메틸타우레이트/브이피코폴리머, 글리세릴스테아레이트, 폴리글리세릴-3다이스테아레이트, 베타인, 글리세릴글루코사이드, 하이드로제네이티드레시틴, 트로메타민, 소듐스테아로일글루타메이트, 에틸헥실글리세린, 다이포타슘글리시리제이트, 소듐파이테이트, 베타-글루칸, 토코페롤, 하이드롤라이즈드하이알루로닉애씨드(1.5ppb), 하이알루로닉애씨드(1ppb), 소듐하이알루로네이트(1ppb), 다이메틸실란올하이알루로네이트(1.5ppb), 하이드롤라이즈드소듐하이알루로네이트(1.5ppb), 포타슘하이알루로네이트(1ppb), 하이드록시프로필트라이모늄하이알루로네이트(0.8ppb), 소듐하이알루로네이트크로스폴리머(0.8ppb), 소듐하이알루로네이트다이메틸실란올(0.5ppb), 소듐아세틸레이티드하이알루로네이트(0.4ppb), 판테놀, 쿼세틴, 아이소쿼시트린, 약모밀소포(0.1ppb), 카보머"
pi_lotion_A000000235496,lotion,크리니크 노란에센스로션&젤 125ml (피부타입별 선택),크리니크,,,,A000000235496,olive_crwl_price_ingredient,125.0,125.0,ml,58000.0,46400.0,3712.0,"로션 : 정제수, 미네랄오일, 글리세린, 페트롤라툼, 스테아릭애씨드, 글리세릴스테아레이트, 참깨오일, 우레아, 라놀린알코올, 트리에탄올아민, 보리추출물, 오이추출물, 해바라기씨드케이크, 프로필렌글라이콜디카프레이트, 소듐하이알루로네이트, 부틸렌글라이콜, 펜틸렌글라이콜, 트리소듐이디티에이, 페녹시에탄올, 황색5호, 황색4호, 적색227호 [iln39477]제공된 성분은 동일 제품이라도 경우에 따라 변경될 수 있습니다. 최신정보는 제품 포장의 성분을 참고하시거나 본사 고객관리지원팀으로 연락 부탁 드립니다. 
젤 : 제수, 디메치콘, 이소도데칸, 부틸렌글라이콜, 비스-피이지-18메칠에텔디메칠실란, 글리세린, 슈가켈프추출물, 호장근추출물, 효모용해추출물, 오이추출물, 보리추출물, 해바라기씨드케이크, 카페인, 트레할로스, 소듐하이알루로네이트, 토코페릴아세테이트, 폴리실리콘-11, 실리카, 프로필렌글라이콜디카프레이트, 올레스-10, 락토바실러스발효물, 라우레스-23, 라우레스-4, 암모늄아크릴로일디메칠타우레이트/브이피코폴리머, 카보머, 카프릴릴글라이콜, 헥실렌글라이콜, 트로메타민, 디소듐이디티에이, 페녹시에탄올, 황색4호, 적색504호, 황색5호 [iln41195]제공된 성분은 동일 제품이라도 경우에 따라 변경될 수 있습니다. 최신정보는 제품 포장의 성분을 참고하시거나 본사 고객관리지원팀으로 연락 부탁 드립니다."
pi_lotion_A000000230537,lotion,[7월올영픽/미피 랜덤파우치 증정] 오브제 포어 제로 프레쉬 올인원 150ml 단품/기획,오브제,,,,A000000230537,olive_crwl_price_ingredient,150.0,150.0,ml,28000.0,20900.0,1393.3,"정제수, 버지니아풍년화수, 글리세린, 나이아신아마이드, 아이소도데케인, 하이드로제네이티드폴리데센, 아데노신, 병풀추출물, 무화과추출물, 카우슬립추출물, 베타-글루칸, 세라마이드엔피, 판테놀, 바쿠치올, 티트리잎수, 토코페롤, 엑토인, 4-터피네올, 에난티아 클로란타껍질추출물, 아시아티코사이드, 마데카식애씨드, 아시아틱애씨드, 티트리잎오일, 티트리추출물, 올레아놀릭애씨드, 암모늄아크릴로일다이메틸타우레이트/브이피코폴리머, 폴리글리세릴-3메틸글루코오스다이스테아레이트, 메틸프로판다이올, 하이드록시아세토페논, 아크릴레이트/C10-30알킬아크릴레이트크로스폴리머, 알지닌, 에틸헥실글리세린, 부틸렌글라이콜, 다이소듐이디티에이, 수크로오스, 하이드로제네이티드레시틴, 1,2-헥산다이올, 향료"
pi_lotion_A000000223483,lotion,피지오겔 아쿠아 포맨 오일컷 올인원 100ml (단품/기획),피지오겔,,,,A000000223483,olive_crwl_price_ingredient,100.0,100.0,ml,39900.0,24900.0,2490.0,"피지오겔 아쿠아 포맨 오일컷 올인원 100ml
정제수, 글리세린, 변성알코올, 스테아릴헵타노에이트, 1,2-헥산다이올, 다이프로필렌글라이콜, 나이아신아마이드, 트레할로오스, 다이메티콘, 빙하수, 판테놀, 실리카, 소듐카보머, 폴리글리세릴-10스테아레이트, C14-22알코올, 폴리글리세릴-10올리에이트, 부틸렌글라이콜, C12-20알킬글루코사이드, 타우린, 트로메타민, 아데노신, 말라카이트추출물, 카보머, 다이소듐이디티에이, 4-터피네올, 하이드롤라이즈드하이알루로닉애씨드, 소듐하이알루로네이트, 카르니틴, 알지닌, 하이알루로닉애씨드, 하이드롤라이즈드소듐하이알루로네이트, 하이드록시프로필트라이모늄하이알루로네이트, 소듐아세틸레이티드하이알루로네이트, 펜틸렌글라이콜, 에틸헥실글리세린, 소듐하이알루로네이트크로스폴리머

피지오겔 아쿠아 포맨 오일컷 올인원 30ml
정제수, 글리세린, 변성알코올, 스테아릴헵타노에이트, 1,2-헥산다이올, 다이프로필렌글라이콜, 나이아신아마이드, 트레할로오스, 다이메티콘, 빙하수, 판테놀, 실리카, 소듐카보머, 폴리글리세릴-10스테아레이트, C14-22알코올, 폴리글리세릴-10올리에이트, 부틸렌글라이콜, C12-20알킬글루코사이드, 타우린, 트로메타민, 아데노신, 말라카이트추출물, 카보머, 다이소듐이디티에이, 4-터피네올, 하이드롤라이즈드하이알루로닉애씨드, 소듐하이알루로네이트, 카르니틴, 알지닌, 하이알루로닉애씨드, 하이드롤라이즈드소듐하이알루로네이트, 하이드록시프로필트라이모늄하이알루로네이트, 소듐아세틸레이티드하이알루로네이트, 펜틸렌글라이콜, 에틸헥실글리세린, 소듐하이알루로네이트크로스폴리머

피지오겔 레드수딩 시카밸런스 플러스 에이씨 폼
살리실릭애씨드,마데카소사이드(0.1PPM),아시아코사이드(0.04PPM),마데카식애씨드(0.035PPM),아시아틱애씨드(0.025PPM),"
pi_lotion_A000000184697,lotion,[10년 연속 1위] 아이오페 맨 올데이 퍼펙트 올인원 120ml 기획 (+30ml),아이오페,,,,A000000184697,olive_crwl_price_ingredient,120.0,150.0,ml,,38000.0,2533.3,"정제수, 글리세린, 베타인, 변성알코올, 다이프로필렌글라
이콜, 사이클로펜타실록세인, 나이아신아마이드, 1,2-헥산
다이올, 실리카, 사이클로헥사실록세인, 세테아릴알코올,
다이메티콘올, 아크릴레이트/C10-30알킬아크릴레이트
크로스폴리머, 글리세릴스테아레이트, 트로메타민, 향료,
하이드로제네이티드레시틴, 토코페롤, 글리세릴카프릴레
이트, 프로판다이올, 스테아릭애씨드, 폴리글리세릴-3메
틸글루코오스다이스테아레이트, 팔미틱애씨드, 에틸헥실
글리세린, 멘톡시프로판다이올, 아데노신, 펜틸렌글라이
콜, 덱스트린, 다이소듐이디티에이, 페퍼민트추출물, 바이
오사카라이드검-1, 맥주효모추출물, 미리스틱애씨드, 라
우릭애씨드"
pi_lotion_A000000006565,lotion,우르오스 올인원 스킨밀크 200ml,우르오스,,,,A000000006565,olive_crwl_price_ingredient,200.0,200.0,ml,29700.0,23700.0,1185.0,"■ 정제수, 글리세린, 하이드로제네이티드폴리(C6-12올레핀), 에탄올, 폴리글리세릴-10아이소스테아레이트, 아데노신포스페이트, 하이드록시프로필사이클로덱스트린, 아크릴레이트/C10-30알킬아크릴레이트크로스폴리머, 부틸렌글라이콜, 글리세릴카프릴레이트, 폴리글리세릴-10스테아레이트, 소듐아이소스테아로일락테이트, 소듐락테이트, 소듐하이드록사이드, 클로브꽃추출물, 사철쑥꽃추출물, 스타아니스열매/씨오일, 서양측백나무잎오일, 아틀라스시다나무껍질오일, 라반딘오일, 라임전초오일, 페퍼민트오일, 구주소나무잎오일, 로즈마리잎오일, 터펜틴, 리날룰, 리모넨"
pi_lotion_A000000209419,lotion,제로이드 인텐시브 로션 160ml,제로이드,,,,A000000209419,olive_crwl_price_ingredient,160.0,160.0,ml,,32000.0,2000.0,"정제수, 글리세린, 카프릴릭/카프릭트라이글리세라이드, 프로판다이올, 세테아릴알코올, 올리브오일, 솔비탄스테아레이트, 식물성스쿠알란, 다이메티콘, 스테아릭애씨드, 1,2-헥산다이올, 폴리글리세릴-3메틸글루코오스다이스테아레이트, 미리스토일/팔미토일옥소스테아라마이드/아라카마이드엠이에이, 메틸카프로오일타이로지네이트, 세틸팔미테이트, 솔비탄팔미테이트, 솔비탄올리베이트, 글리세릴스테아레이트, 카놀라오일, 피토스테롤, 토코페릴아세테이트, 비사보롤, 잔탄검, 카보머, 알지닌, 소듐하이알루로네이트, 글리세릴스테아레이트에스이, 메틸글루코오스세스퀴스테아레이트, 카프릴릴글라이콜, 다이소듐이디티에이"
pi_lotion_A000000185235,lotion,[지성/증정 기획] 닥터지 레드 블레미쉬 포 맨 올인원 오일컷 로션 150ml (150+30 기획/150 단품),닥터지,,,,A000000185235,olive_crwl_price_ingredient,150.0,150.0,ml,32000.0,20300.0,1353.3,"정제수, 부틸렌글라이콜, 베타인, 카프릴릴메티콘, 나이아신아마이드, 실리카, 메틸트라이메티콘, 1,2-헥산다이올, 에리스리톨, 스테아릴다이메티콘, 소듐아크릴레이트코폴리머, 하이드록시아세토페논, 카보머, 알지닌, 암모늄아크릴로일다이메틸타우레이트/브이피코폴리머, 옥타데센, 폴리아크릴레이트-13, 에틸헥실글리세린, 사과추출물, 글루코노락톤, 아데노신, 하이드로제네이티드폴리아이소부텐, 레시틴, 다이소듐이디티에이, 커피콩추출물, 폴리글리세릴-10라우레이트, 병풀추출물, 에틸헥실팔미테이트, 솔비탄아이소스테아레이트, 메도우스위트꽃추출물, 사탕무뿌리추출물, 레몬추출물, 녹차추출물, 하이드롤라이즈드하이알루로닉애씨드, 다이프로필렌글라이콜, 하이드로제네이티드레시틴, 토코페롤, 판테놀, 수크로오스다이스테아레이트, 세라마이드엔피, 마데카소사이드, 아시아티코사이드, 마데카식애씨드, 아시아틱애씨드"
pi_lotion_A000000198321,lotion,에스트라 아토베리어365 로션 150ml,에스트라,,,,A000000198321,olive_crwl_price_ingredient,150.0,150.0,ml,33000.0,29700.0,1980.0,"정제수, 부틸렌글라이콜, 글리세린, 다이메티콘, 스쿠알란, 펜타에리스리틸테트라아이소스테아레이트, 베타인, 폴리글리세릴-3메틸글루코오스다이스테아레이트, 부틸렌글라이콜다이카프릴레이트/다이카프레이트, 카프릴릭/카프릭트라이글리세라이드, 팔미틱애씨드, 1,2-헥산다이올, 스테아릭애씨드, 하이드록시에틸아크릴레이트/소듐아크릴로일다이메틸타우레이트코폴리머, 글리세릴스테아레이트, 하이드록시프로필비스팔미타마이드엠이에이, 글리세릴스테아레이트시트레이트, 콜레스테롤, 나이아신아마이드, 다이메티콘올, 하이드록시프로필비스라우라마이드엠이에이, 베헤닐알코올, 글리세릴카프릴레이트, 카보머, 다이소듐이디티에이, 에틸헥실글리세린, 트로메타민, 솔비탄아이소스테아레이트, 피토스핑고신, 만니톨, 세라마이드엔피, 토코페롤, 하이드로제네이티드레시틴, 아크릴레이트/암모늄메타크릴레이트코폴리머, 실리카, 스핑고리피드, 아라키딕애씨드, 올레익애씨드"
pi_lotion_A000000209904,lotion,제로이드 수딩 로션 160ml,제로이드,,,,A000000209904,olive_crwl_price_ingredient,160.0,160.0,ml,30000.0,27000.0,1687.5,"정제수, 글리세린, 프로판다이올, 카프릴릭/카프릭트라이글리세라이드, 솔비탄스테아레이트, 세테아릴알코올 ,잇꽃씨오일, 글리세릴스테아레이트, 다이메티콘, 스테아릭애씨드, 미리스토일/팔미토일옥소스테아라마이드/아라카마이드엠이에이, 메틸카프로오일타이로지네이트, 피토스테롤, 토코페릴아세테이트, 비사보롤, 잔탄검, 소듐하이알루로네이트, 카보머, 알지닌, 1,2-헥산다이올, 카프릴릴글라이콜, 트로폴론"
pi_lotion_A000000178076,lotion,헤라 옴므 파워부스팅 모이스춰라이저 110ML,헤라,,,,A000000178076,olive_crwl_price_ingredient,110.0,110.0,ml,69000.0,54640.0,4967.3,"정제수, 부틸렌글라이콜, 변성알코올, 메틸트라이메티콘, 하이드로제네이티드폴리(C6-14올레핀), 글리세린, 부틸렌글라이콜다이카프릴레이트/다이카프레이트, 세틸에틸헥사노에이트, 나이아신아마이드, 폴리글리세릴-3메틸글루코오스다이스테아레이트, 1,2-헥산다이올, 다이메티콘, 하이드로제네이티드식물성오일, 실리카, 카페인, 메도우폼씨오일, 베헤닐알코올, 향료, 폴리아크릴레이트-13, 글리세릴스테아레이트, 피이지-100스테아레이트, 카보머, 폴리실리콘-11, 트로메타민, 세테아릴알코올, 글리세릴카프릴레이트, 소듐스테아로일글루타메이트, 폴리아이소부텐, 다이소듐이디티에이, 에틸헥실글리세린, 아데노신, 리모넨, 폴리솔베이트20, 솔비탄아이소스테아레이트, 리날룰, 레시틴, 시트랄, 하이드롤라이즈드옥수수전분, 소나무잎추출물, 알파-아이소메틸아이오논, 프로판다이올, 하이드롤라이즈드루핀단백질, 소듐하이알루로네이트, 카프릴릴글라이콜, 토코페롤, 하이드롤라이즈드하이알루로닉애씨드, 아세틸헵타펩타이드-4, 소듐하이알루로네이트크로스폴리머, 하이알루로닉애씨드, 아세틸헥사펩타이드-8, 소듐하이드록사이드, 소듐아세틸레이티드하이알루로네이트, 아세틸옥타펩타이드-3"
pi_lotion_A000000183744,lotion,[시카보다 4배*강한] 한율 어린쑥 수분진정 플루이드 125ml,한율,,,,A000000183744,olive_crwl_price_ingredient,125.0,125.0,ml,32000.0,25600.0,2048.0,"정제수, 프로판다이올, 글리세린, 메틸트라이메티콘, 황해쑥잎수(18,944 ppm), 1,2-헥산다이올, 피씨에이다이메티콘, 천궁수, 왜당귀뿌리수, 실리카, 판테놀(5,000 ppm), 부틸렌글라이콜, 폴리메틸실세스퀴옥세인, 암모늄아크릴로일다이메틸타우레이트/브이피코폴리머, 폴리글리세릴-6카프릴레이트, 폴리글리세릴-4카프레이트, 아크릴레이트/C10-30알킬아크릴레이트크로스폴리머, 트로메타민, 잔탄검, 글리세릴카프릴레이트, 향료, 2,3-부탄다이올, 에틸헥실글리세린, 다이소듐이디티에이, 레시틴, 락토바실러스발효물, 이눌린라우릴카바메이트, 황해쑥잎추출물(10 ppm), 병풀꽃/잎/줄기추출물, 토코페롤"
pi_lotion_A000000006564,lotion,우르오스 올인원 스킨로션 200ml,우르오스,,,,A000000006564,olive_crwl_price_ingredient,200.0,200.0,ml,29700.0,23700.0,1185.0,"■ 정제수, 에탄올, 펜틸렌글라이콜, 글리세린, 베타인, 피이지-6, 피이지-32, 아데노신포스페이트, 소듐하이드록사이드, 소듐다이라우미도글루타미드라이신, 피피지-6-데실테트라데세스-30, 알진, 시트릭애씨드, 소듐하이알루로네이트, 스타아니스열매/씨오일, 서양측백나무잎오일, 아틀라스시다나무껍질오일, 라반딘오일, 라임전초오일, 페퍼민트오일, 구주소나무잎오일, 로즈마리잎오일, 페녹시에탄올, 터펜틴, 리날룰"
pi_lotion_A000000104173,lotion,크리니크 노란에센스로션 125ml,크리니크,,,,A000000104173,olive_crwl_price_ingredient,125.0,125.0,ml,58000.0,46400.0,3712.0,"정제수 , 미네랄오일 , 글리세린 , 페트롤라툼 , 스테아릭애씨드 , 글리세릴스테아레이트 , 참깨오일 , 우레아 , 라놀린알코올 , 트리에탄올아민 , 보리추출물 , 오이추출물 , 해바라기씨드케이크 , 프로필렌글라이콜디카프레이트 , 소듐하이알루로네이트 , 부틸렌글라이콜 , 펜틸렌글라이콜 , 트리소듐이디티에이 , 페녹시에탄올 , 황색5호 , 황색4호 , 적색227호 [ILN39477]

*제공된 성분은 동일 제품이라도 경우에 따라 변경될 수 있습니다.  최신정보는 제품 포장의 성분을 참고하시거나 본사 고객관리지원팀으로 연락 부탁 드립니다."
pi_lotion_A000000229488,lotion,[NEW] 아이오페 XMD 스템3 클리니컬 리커버리 에멀전 130ml,아이오페,,,,A000000229488,olive_crwl_price_ingredient,130.0,130.0,ml,48000.0,43200.0,3323.1,"정제수, 부틸렌글라이콜, 글리세린, 하이드로제네이티드폴리아이소부텐, 하이드로제네이티드폴리(C6-14올레핀), 다이아이소스테아릴말레이트, 나이아신아마이드, C14-22알코올, 페닐트라이메티콘, 피씨에이다이메티콘, 1,2-헥산다이올, 비스-하이드록시에톡시프로필다이메티콘, 글리세릴스테아레이트시트레이트, 판테놀, 프로판다이올, 하이드로제네이티드식물성오일, C12-20알킬글루코사이드, 글리세릴스테아레이트, 세테아릴알코올, 알란토인, 카보머, 잔탄검, 글리세릴카프릴레이트, 만니톨, 트로메타민, 클로렐라 프로토테코이데스추출물, 에틸헥실글리세린, 소듐메타포스페이트, 아데노신, 덱스트린, 카카오추출물, 하이드롤라이즈드디엔에이, 하이알루로닉애씨드, 베타-글루칸, 레시틴, 양파추출물, 토코페롤, 아세틸테트라펩타이드-11"
pi_lotion_A000000223427,lotion,[미백/잡티케어] 달바 비타 토닝 세럼 로션 100ml,달바,,,,A000000223427,olive_crwl_price_ingredient,100.0,100.0,ml,,42000.0,4200.0,"비타민나무수(596,692ppm), 부틸렌글라이콜, 글리세린, 다이글리세린, 프로판다이올, 코코-카프릴레이트/카프레이트, 나이아신아마이드(20,000ppm), 정제수, 1,2-헥산다이올, 카프릴릴메티콘, 호호바에스터, 펜타에리스리틸테트라에틸헥사노에이트, 펜틸렌글라이콜, 퀸즈랜드넛오일, 비타민나무오일(4,000ppm), 돌콩추출물, 흰서양송로추출물, 달맞이꽃오일, 하이드롤라이즈드하이알루로닉애씨드, 동백나무씨오일, 해바라기씨오일, 올리브오일, 아보카도오일, 돌콩오일, 병풀추출물, 비타민나무열매오일(0.0005ppm), 하이드롤라이즈드완두콩단백질, 하이드롤라이즈드감자단백질, 하이드롤라이즈드쌀단백질, 하이드롤라이즈드콩단백질, 하이드롤라이즈드옥수수단백질, 하이드롤라이즈드귀리단백질, 당근추출물, 하이드롤라이즈드스위트아몬드단백질, 하이드롤라이즈드밀단백질, 하이알루로닉애씨드, 하이드롤라이즈드호호바단백질, 하이드롤라이즈드식물성단백질, 소듐하이알루로네이트, 콜라겐추출물, 카프릴릭/카프릭/미리스틱/스테아릭트라이글리세라이드, 폴리글리세릴-3메틸글루코오스다이스테아레이트, 하이드로제네이티드쌀겨오일, 비스-다이글리세릴폴리아실아디페이트-2, 글리세릴스테아레이트, 판테놀(5,000ppm), 하이드록시에틸아크릴레이트/소듐아크릴로일다이메틸타우레이트코폴리머, 카프릴릭/카프릭트라이글리세라이드, 카프릴릴글라이콜, 트로메타민, 하이드로제네이티드레시틴, 아크릴레이트/C10-30알킬아크릴레이트크로스폴리머, 아데노신, 폴리글리세릴-10스테아레이트, 소듐파이테이트, 아스코빅애씨드(10,000ppb), 글루타티온, 토코페롤(9ppm), 폴리글리세릴-10라우레이트, 세라마이드엔피, 하이드롤라이즈드루핀단백질, 베타-카로틴, 하이드롤라이즈드보리단백질, 다이메틸실란올하이알루로네이트, 하이드롤라이즈드소듐하이알루로네이트, 옥탄다이올, 글라이코프로테인, 포타슘하이알루로네이트, 하이드록시프로필트라이모늄하이알루로네이트, 소듐하이알루로네이트크로스폴리머, 소듐하이알루로네이트다이메틸실란올, 소듐아세틸레이티드하이알루로네이트, 글루코오스, 만노오스, 세테아릴알코올, 카보머, 잔탄검, 향료, 리모넨, 리날룰, 헥실신남알, 시트로넬올, 시트랄"
pi_lotion_A000000203992,lotion,라끄베르 옴므 리차지 올인원 에센스 150ml 1+1 기획,라끄베르,,,,A000000203992,olive_crwl_price_ingredient,150.0,300.0,ml,29000.0,19900.0,663.3,"정제수, 글리세린, 1,2-헥산다이올, 다이프로필렌글라이콜, 에틸아이소스테아레이트, 글리세레스-26, 나이아신아마이드, 비스-피이지-18메틸에터다이메틸실레인, 하이드로제네이티드폴리데센, 아크릴레이트/C10-30알킬아크릴레이트크로스폴리머, 트로메타민, 마카뿌리추출물, 잔탄검, 변성알코올, 아데노신, 트라이소듐이디티에이, 솔비톨, 귤껍질추출물, 조류추출물, 페녹시에탄올, 포타슘솔베이트, 향료, 리날룰, 리모넨, 벤질벤조에이트, 알파-아이소메틸아이오논"
pi_lotion_A000000199154,lotion,[민감진정/화해1위] 라운드랩 포 맨 소나무 진정 시카 로션 200ml,라운드랩,,,,A000000199154,olive_crwl_price_ingredient,200.0,200.0,ml,25000.0,18500.0,925.0,"정제수,부틸렌글라이콜,글리세린,1,2-헥산다이올,다이프로필렌글라이콜,하이알루로닉애씨드,하이드롤라이즈드하이알루로닉애씨드,소듐하이알루로네이트,하이드롤라이즈드치자추출물,하이드롤라이즈드맥아추출물,하이드롤라이즈드삼색제비꽃추출물,인도멀구슬나무잎추출물,인도멀구슬나무꽃추출물,카카오씨추출물,녹차추출물,오카무라큰실말추출물,흰버드나무껍질추출물,커피콩추출물,베르가모트잎추출물,소나무잎추출물(1000.61ppm),데실글루코사이드,에틸헥실글리세린,카프릴로일살리실릭애씨드,병풀잎추출물(10.6ppm),프로판다이올,감자꽃추출물,병풀추출물(0.01ppm),글라이코프로테인(0.0002ppm),아시아티코사이드(0.00001ppm),아시아틱애씨드(0.00001ppm),마데카소사이드(0.00001ppm),마데카식애씨드(0.00001ppm),덱스트린,하이드로제네이티드레시틴,에틸헥실팔미테이트,세틸에틸헥사노에이트,트로메타민,폴리글리세릴-10올리에이트,다이소듐이디티에이,카보머"
pi_lotion_B000000234131,lotion,[단독기프트/업체배송] 헤라 옴므 올인원 스킨 하이드로 트리트먼트 150ml 단품/기획,헤라,,,,B000000234131,olive_crwl_price_ingredient,150.0,150.0,ml,48000.0,38400.0,2560.0,"정제수, 글리세린, 베타인, 변성알코올, 다이프로필렌글라이콜, 1,2-헥산다이올, 메틸트라이메티콘, 나이아신아마이드, 사이클로펜타실록세인, 실리카, 세테아릴알코올, 판테놀, 다이메티콘올, 아크릴레이트/C10-30알킬아크릴레이트크로스폴리머, 글리세릴스테아레이트, 프로판다이올, 트로메타민, 하이드로제네이티드레시틴, 해수, 글리세릴카프릴레이트, 향료, 스테아릭애씨드, 폴리글리세릴-3메틸글루코오스다이스테아레이트, 팔미틱애씨드, 에틸헥실글리세린, 멘톡시프로판다이올, 아데노신, 다이소듐이디티에이, 바이오사카라이드검-1, 펜틸렌글라이콜, 리모넨, 리날룰, 미리스틱애씨드, 부틸렌글라이콜, 라우릭애씨드, 사철쑥추출물, 카프릴릴글라이콜, 메톡시피이지-114/폴리엡실론카프로락톤, 토코페롤, 하이드록시에틸아크릴레이트/소듐아크릴로일다이메틸타우레이트코폴리머, 아크릴레이트/스테아릴메타크릴레이트코폴리머, 흰목이버섯포자낭과추출물, 하이알루로닉애씨드, 아세틸헵타펩타이드-4, 복사나무잎추출물, 잔탄검, 페녹시에탄올, 아세틸헥사펩타이드-8, 라이신, 알지닌, 히스티딘, 세라마이드엔피, 소듐하이드록사이드, 글루코오스, 자일로오스, 아세틸옥타펩타이드-3, 하이드로제네이티드포스파티딜콜린, 소듐클로라이드, 덱스트린, 하이드롤라이즈드오크라추출물, 콜레스테롤, 만노오스, 다이팔미토일하이드록시프롤린, 레시틴, 칼슘클로라이드, 카퍼트라이펩타이드-1, 포타슘클로라이드, 소듐포스페이트, 포타슘포스페이트, 마그네슘클로라이드, 푸코오스, 하이드롤라이즈드기장"
pi_lotion_A000000167411,lotion,헤라 옴므 올인원 스킨 하이드로 트리트먼트 150ML,헤라,,,,A000000167411,olive_crwl_price_ingredient,150.0,150.0,ml,48000.0,38010.0,2534.0,"정제수, 글리세린, 베타인, 변성알코올, 다이프로필렌글라이콜, 1,2-헥산다이올, 메틸트라이메티콘, 나이아신아마이드, 사이클로펜타실록세인, 실리카, 세테아릴알코올, 판테놀, 다이메티콘올, 아크릴레이트/C10-30알킬아크릴레이트크로스폴리머, 글리세릴스테아레이트, 프로판다이올, 트로메타민, 하이드로제네이티드레시틴, 해수, 글리세릴카프릴레이트, 향료, 스테아릭애씨드, 폴리글리세릴-3메틸글루코오스다이스테아레이트, 팔미틱애씨드, 에틸헥실글리세린, 멘톡시프로판다이올, 아데노신, 다이소듐이디티에이, 바이오사카라이드검-1, 펜틸렌글라이콜, 리모넨, 리날룰, 미리스틱애씨드, 부틸렌글라이콜, 라우릭애씨드, 사철쑥추출물, 카프릴릴글라이콜, 메톡시피이지-114/폴리엡실론카프로락톤, 토코페롤, 하이드록시에틸아크릴레이트/소듐아크릴로일다이메틸타우레이트코폴리머, 아크릴레이트/스테아릴메타크릴레이트코폴리머, 흰목이버섯포자낭과추출물, 하이알루로닉애씨드, 아세틸헵타펩타이드-4, 복사나무잎추출물, 잔탄검, 페녹시에탄올, 아세틸헥사펩타이드-8, 라이신, 알지닌, 히스티딘, 세라마이드엔피, 소듐하이드록사이드, 글루코오스, 자일로오스, 아세틸옥타펩타이드-3, 하이드로제네이티드포스파티딜콜린, 소듐클로라이드, 덱스트린, 하이드롤라이즈드오크라추출물, 콜레스테롤, 만노오스, 다이팔미토일하이드록시프롤린, 레시틴, 칼슘클로라이드, 카퍼트라이펩타이드-1, 포타슘클로라이드, 소듐포스페이트, 포타슘포스페이트, 마그네슘클로라이드, 푸코오스, 하이드롤라이즈드기장"
pi_lotion_A000000261984,lotion,AHC 프로샷 온리 포맨 노세범 트러블 올인원 기획(120ml+120ml),AHC,,,,A000000261984,olive_crwl_price_ingredient,120.0,240.0,ml,,38000.0,1583.3,"정제수, 글리세린, 변성알코올, 프로판다이올, 베타인, 다이프로필렌글라이콜, 나이아신아마이드, 메틸프로판다이올, C9-12알
케인, 메틸트라이메티콘, 펜틸렌글라이콜, 세테아릴알코올, 실리카, 글리세릴스테아레이트, 비닐다이메티콘, 카프릴릴글라이콜,
하이드록시에틸아크릴레이트/소듐아크릴로일다이메틸타우레이트코폴리머, 판테놀, 솔비톨, 다이메티콘올, 아크릴레이트/
C10-30알킬아크릴레이트크로스폴리머, 하이드로제네이티드레시틴, 트로메타민, 아데노신, 팔미틱애씨드, 스테아릭애씨드,
소듐파이테이트, 폴리솔베이트60, 솔비탄아이소스테아레이트, 부틸렌글라이콜,1,2-헥산다이올, 소듐하이알루로네이트, 에틸
헥실글리세린, 글라이신, 알지닌, 글루타믹애씨드"
pi_lotion_A000000183230,lotion,[건성피부/보습케어] 라운드랩 포 맨 1025 독도 올인원 플루이드 200ml,라운드랩,,,,A000000183230,olive_crwl_price_ingredient,200.0,200.0,ml,24000.0,17900.0,895.0,"정제수, 다이프로필렌글라이콜 , 카프릴릴메티콘, 하이드로제네이티드폴리(C6-14올레핀), 메틸프로판다이올, 1,2-헥산다이올, 카프릴릭/카프릭트라이글리세라이드, 글리세린, 해수, 부틸렌글라이콜, 하이드로제네이티드레시틴, 토코페롤, 연꽃꽃추출물, 효모발효물, 개똥쑥추출물, 쌀추출물, 판테놀, 소듐폴리아크릴로일다이메틸타우레이트, 팔미틱애씨드, 소듐하이알루로네이트, 하이드롤라이즈드하이알루로닉애씨드, 소듐아세틸레이티드하이알루로네이트, 에틸헥실글리세린, 폴리글리세릴-2스테아레이트, C14-22알코올, 글루코오스, 글루코노락톤, 아크릴레이트/C10-30알킬아크릴레이트크로스폴리머, 글리세릴스테아레이트, C12-16알코올, 암모늄아크릴로일다이메틸타우레이트/브이피코폴리머, C12-20알킬글루코사이드, 카프릴릴글라이콜, 스테아릴알코올, 잔탄검, 트로메타민, 다이소듐이디티에이+"
pi_lotion_A000000212251,lotion,오브제 포어 제로 오일 컨트롤 로션 70ml,오브제,,,,A000000212251,olive_crwl_price_ingredient,70.0,70.0,ml,23000.0,17800.0,2542.9,"정제수, 프로판다이올, 메틸메타크릴레이트크로스폴리머, 나이아신아마이드, 1,2-헥산다이올, 카우슬립추출물, 녹차추출물, 티트리추출물, 달맞이꽃꽃추출물, 당느릅나무뿌리추출물, 대왕소나무잎추출물, 칡뿌리추출물, 에난티아 클로란타껍질추출물, 녹차수, 티트리잎수, 티트리잎오일, 옥틸도데칸올, 하이드록시에틸아크릴레이트/소듐아크릴로일다이메틸타우레이트코폴리머, 메틸프로판다이올, 아크릴레이트/C10-30알킬아크릴레이트크로스폴리머, 트로메타민, 하이드록시아세토페논, 폴리에스터-5, 바쿠치올, 에틸헥실글리세린, 수크로오스, 아데노신, 솔비탄아이소스테아레이트, 판테놀, 부틸렌글라이콜, 토코페롤, 시트릭애씨드, 에피갈로카테킨갈레이트, 올레아놀릭애씨드"
pi_lotion_A000000197739,lotion,[지성피부/유분케어] 라운드랩 포 맨 1025 독도 올인원 젤로션 200ml+200ml,라운드랩,,,,A000000197739,olive_crwl_price_ingredient,200.0,400.0,ml,43000.0,33000.0,825.0,"정제수, 부틸렌글라이콜, 아이소노닐아이소노나노에이트, 베타인, 1,2-헥산다이올, 다이프로필렌글라이콜, 달맞이꽃꽃추출물, 대왕소나무잎추출물, 칡뿌리추출물, 당느릅나무뿌리추출물, 녹차추출물, 병풀잎추출물, 오카무라큰실말추출물, 흰버드나무껍질추출물, 커피콩추출물, 베르가모트잎추출물, 소나무잎추출물, 소듐하이알루로네이트, 하이드롤라이즈드하이알루로닉애씨드, 소듐아세틸레이티드하이알루로네이트, 글리세린, 에틸헥실글리세린, 알란토인, 판테놀, 해수, 데실글루코사이드, 카프릴로일살리실릭애씨드, 글루코노락톤, 글리세릴글루코사이드, 실리카, 암모늄아크릴로일다이메틸타우레이트/브이피코폴리머, 솔비탄아이소스테아레이트, 하이드록시에틸아크릴레이트/소듐아크릴로일다이메틸타우레이트코폴리머, 알지닌, 베르가모트오일, 살비아오일, 다이소듐이디티에이, 카보머"
pi_lotion_A000000250632,lotion,제로이드 인텐시브 로션 160ml 기획 (+크림 토너 25ml),제로이드,,,,A000000250632,olive_crwl_price_ingredient,160.0,185.0,ml,,32000.0,1729.7,"● 로션 : 정제수, 글리세린, 카프릴릭/카프릭트라이글리세라이드, 프로판다이올, 세테아릴알코올, 올리브오일, 솔비탄스테아레이트, 식물성스쿠알란, 다이메티콘, 스테아릭애씨드, 1,2-헥산다이올, 폴리글리세릴-3메틸글루코오스다이스테아레이트, 미리스토일/팔미토일옥소스테아라마이드/아라카마이드엠이에이, 메틸카프로오일타이로지네이트, 세틸팔미테이트, 솔비탄팔미테이트, 솔비탄올리베이트, 글리세릴스테아레이트, 카놀라오일, 피토스테롤, 토코페릴아세테이트, 비사보롤, 잔탄검, 카보머, 알지닌, 소듐하이알루로네이트, 글리세릴스테아레이트에스이, 메틸글루코오스세스퀴스테아레이트, 카프릴릴글라이콜, 다이소듐이디티에이

● 크림 토너 : 정제수, 부틸렌글라이콜, 글리세린, 시어버터, 1,2-헥산다이올, 하이드로제네이티드레시틴, 폴리글리세릴-10스테아레이트, 폴리글리세릴-10베헤네이트/에이코사디오에이트, 다이프로필렌글라이콜, 판테놀, 다이포타슘글리시리제이트, 세테아릴올리베이트, 솔비탄올리베이트, 메틸카프로오일타이로지네이트, 징크글루코네이트, 미리스토일/팔미토일옥소스테아라마이드/아라카마이드엠이에이, 하이드록시아세토페논, 식물성스쿠알란, 카프릴릭/카프릭트라이글리세라이드, 솔비탄스테아레이트, 세테아릴알코올, 글리세릴스테아레이트, 카프릴릴글라이콜, 피토스테롤, 스테아릭애씨드, 잔탄검"
pi_lotion_A000000242173,lotion,[맨PDRN]아이오페 XMD 클리니컬 리커버리 올인원 포맨 기획 120g(+30g),아이오페,,,,A000000242173,olive_crwl_price_ingredient,120.0,150.0,g(약 1ml 상당으로 근사),42000.0,29400.0,1960.0,"효모발효여과물@글리세린@부틸렌글라이콜@프로판다이올@변성알코올@베타인@나이아신아마이드@1,2-헥산다이올@정제수@판테놀@트로메타민@ 아크릴레이트/C10-30알킬아크릴레이트크로스폴리머@카보머@글리세릴카프릴레이트@클로렐라 프로토테코이데스추출물@에틸헥실글리세린@아데노신@프로필렌글라이콜@소듐글루코네이트@다이소듐이디티에이@소듐하이알로네이트@하이드롤라이즈드디엔에이@향료@리모넨@토코페롤@헥사펩타이드-9"
pi_lotion_A000000203247,lotion,[탄력에멀전] 바이오힐보 프로바이오덤 3D 리프팅 에멀전 150ml,바이오힐보,,,,A000000203247,olive_crwl_price_ingredient,150.0,150.0,ml,,29000.0,1933.3,"정제수, 락토바실러스발효용해물, 부틸렌글라이콜, 글리세린, 1,2-헥산다이올, 옥틸도데실미리스테이트, 카프릴릴메티콘, 하이드로제네이티드폴리(C6-14올레핀), 베타인, 락토바실러스발효물, 프룩토올리고사카라이드, 프룩탄, 이눌린, 판테놀, 베타-글루칸, 아데노신, 사포닌, 수용성프로테오글리칸, 노나펩타이드-1, 아세틸테트라펩타이드-9, 아세틸테트라펩타이드-5, 아세틸헥사펩타이드-1, 아세틸헥사펩타이드-8, 팔미토일트라이펩타이드-8, 다이펩타이드다이아미노부티로일벤질아마이드다이아세테이트, 카퍼트라이펩타이드-1, 트라이펩타이드-1, 팔미토일테트라펩타이드-7, 팔미토일트라이펩타이드-1, 팔미토일트라이펩타이드-5, 팔미토일펜타펩타이드-4, 팔미토일헥사펩타이드-12, 펜타펩타이드-3, 헥사펩타이드-9, 올리고펩타이드-2, 참마뿌리추출물, 펜틸렌글라이콜, 폴리글리세릴-3메틸글루코오스다이스테아레이트, 글리세릴스테아레이트, 세틸에틸헥사노에이트, 비스-다이글리세릴폴리아실아디페이트-2, 카프릴릭/카프릭트라이글리세라이드, 비닐다이메티콘, 하이드록시에틸아크릴레이트/소듐아크릴로일다이메틸타우레이트코폴리머, 팔미틱애씨드, 스테아릭애씨드, 다이메티콘올, 에틸헥실글리세린, 카보머, 잔탄검, 하이드로제네이티드채종유, 트로메타민, 솔비탄아이소스테아레이트, 말토덱스트린, 프로판다이올, 알진, 바이오사카라이드검-4, 세테아릴글루코사이드, 세테아릴알코올, 소듐폴리아크릴레이트, 소듐스테아로일글루타메이트, 토코페롤, 미네랄솔트, 하이드롤라이즈드옥수수전분, 소듐포스페이트, 카프릴릴글라이콜, 수크로오스, 덱스트란, 다이소듐포스페이트, 향료"
pi_lotion_A000000121268,lotion,싸이닉 더 심플 데일리 로션 145ml,싸이닉,,,,A000000121268,olive_crwl_price_ingredient,145.0,145.0,ml,18000.0,7900.0,544.8,"정제수, 프로판다이올, 펜틸렌글라이콜, 비닐다이메티콘, 글리세린, 세틸에칠헥사노에이트, 알바수련꽃추출물, 알로에베라잎즙, 부틸렌글라이콜, 마데카소사이드, 세테아릴올리베이트, 카보머, 솔비탄올리베이트, 트로메타민, 소듐하이알루로네이트"
pi_lotion_A000000200886,lotion,비욘드 엔젤아쿠아 포맨 올인원 에센스 더블기획 (200mlX2입)(비건),비욘드,,,,A000000200886,olive_crwl_price_ingredient,200.0,400.0,ml,,27000.0,675.0,"정제수, 다이프로필렌글라이콜, 글리세린, 나이아신아마이드, 1,2-헥산다이올, 폴리메틸실세스퀴옥세인, 베타인, C15-19알케인, 판테놀, 소듐하이알루로네이트, 하이드롤라이즈드하이알루로닉애씨드, 슈도알테로모나스발효추출물, 포도덩굴수액, 가시대나무수액, 자작나무수액, 하늘타리뿌리추출물, 개똥쑥추출물, 님잎추출물, 녹차추출물, 카프릴릴글라이콜, 다이카프릴릴에터, 다이카프릴릴카보네이트, 카프릴릭/카프릭트라이글리세라이드, 펜타에리스리틸테트라에틸헥사노에이트, 펜타에리스리틸테트라아이소스테아레이트, 폴리글리세릴-10스테아레이트, 폴리글리세릴-10올리에이트, 카보머, 아크릴레이트/C10-30알킬아크릴레이트크로스폴리머, 암모늄아크릴로일다이메틸타우레이트/브이피코폴리머, 아데노신, 토코페롤, 트라이소듐이디티에이, 트로메타민"
pi_lotion_A000000184664,lotion,아이오페 맨 안티에이징 에멀젼EX 120ml,아이오페,,,,A000000184664,olive_crwl_price_ingredient,120.0,120.0,ml,36000.0,25200.0,2100.0,"정제수, 부틸렌글라이콜, 세틸에틸헥사노에이트, 글리세린, 펜타에리스리틸테트라에틸헥사노에이트, 변성알코올, 폴리글리세릴-3다이스테아레이트, 1,2-헥산다이올, 글리세릴스테아레이트시트레이트, 세테아릴알코올, 페닐트라이메티콘, 비스-하이드록시에톡시프로필다이메티콘, 글리세릴스테아레이트, 카보머, 트로메타민, 하이드록시에틸아크릴레이트/소듐아크릴로일다이메틸타우레이트코폴리머, 향료, 잔탄검, 카프릴릴글라이콜, 글리세릴카프릴레이트, 효모발효여과물, 프로판다이올, 다이소듐이디티에이, 아데노신, 타우린, 솔비탄아이소스테아레이트, 낫토검, 돌콩추출물, 에틸헥실글리세린, 토코페롤"
pi_lotion_A000000149211,lotion,[수분탄력] AHC 온리포맨 올인원 에센스 더블 기획 (120ml+120ml),AHC,,,,A000000149211,olive_crwl_price_ingredient,120.0,240.0,ml,38000.0,24900.0,1037.5,"정제수, 글리세린, 메틸프로판다이올, 1,2-헥산다이올, 나이아신아마이드, 다이메티콘, 카바카바잎/뿌리/줄기추출물, 참마뿌리추출물, 녹차추출물, 검정콩추출물, 마트리카리아꽃/잎추출물, 서양산딸기추출물, 병풀추출물, 락토바실러스/콩발효추출물, 약모밀추출물, 원지뿌리추출물, 도라지뿌리추출물, 흰목이버섯추출물, 은행나무잎추출물, 동백나무잎추출물, 로켓잎추출물, 밀싹추출물, 브로콜리싹추출물, 자주개자리추출물, 검은깨추출물, 율무씨추출물, 흑미추출물, 콘민트잎추출물, 파스향나무잎추출물, 스페인감초뿌리추출물, 작약뿌리추출물, 천궁뿌리추출물, 칡뿌리추출물, 쇠비름추출물, 수용성콜라겐, 수레국화꽃수, 푸른연꽃수, 하이드로제네이티드레시틴, 소듐하이알루로네이트, 알로에베라잎즙, 효모발효여과물, 다이메티콘/비닐다이메티콘크로스폴리머, 암모늄아크릴로일다이메틸타우레이트/브이피코폴리머, 다이페닐다이메티콘, 트라이에틸헥사노인, 부틸렌글라이콜, 시어버터, 글라이코실트레할로오스, 폴리글리세릴-10미리스테이트, 폴리글리세릴-10올리에이트, 하이드로제네이티드스타치하이드롤리세이트, 라피노오스, 아데노신, 아크릴레이트/C10-30알킬아크릴레이트크로스폴리머, 실리카, 다이소듐이디티에이, 트로메타민, 레시틴, 크레아틴, 하이드롤라이즈드루핀단백질, 하이드롤라이즈드하이알루로닉애씨드, 폴리쿼터늄-51, 시트릭애씨드, 바이오사카라이드검-1, 잔탄검, 소르빅애씨드, 향료, 에틸헥실글리세린, 페녹시에탄올"
pi_lotion_A000000145835,lotion,플리프 시카-알로에 카밍 올인원 로션 200ml (트러블 피부용),플리프,,,,A000000145835,olive_crwl_price_ingredient,200.0,200.0,ml,,24000.0,1200.0,"알로에베라잎추출물(77%), 부틸렌글라이콜, 병풀추출물(3%), 글리세린, 나이아신아마이드, 카프릴 릭/카프릭트라이글리세라이드, C13-15알케인, 베타 인, 세테아릴올리베이트, 솔비탄올리베이트, 세테아릴 알코올, 스쿠알란, 프로판다이올, 녹차추출물, 베타-글 루칸, 시트릭애씨드, 마카다미아씨오일, 하이드로제네 이티드레시틴, 폴리글리세릴-10올리에이트, 다이프로 필렌글라이콜, 아시아티코사이드, 마데카식애씨드, 아 시아틱애씨드, 세라마이드엔피, 피버퓨추출물, 하이드 롤라이즈드타피오카덩이줄기추출물, 여주열매추출물, 락토바실러스발효물, 망고추출물, 얼룩파인애플추출물, 실리카, 암모늄폴리아크릴로일다이메틸타우레이트, 판 테놀, 잔탄검, 다이소듐이디티에이, 다이포타슘글리시 리제이트, 알란토인, 1,2-헥산다이올, 하이드록시아세 토페논, 에틸헥실글리세린"
pi_lotion_A000000207111,lotion,토리든 다이브인 포맨 저분자 히알루론산 올인원 200g 단품/기획 (+올인원 20g),토리든,,,,A000000207111,olive_crwl_price_ingredient,200.0,220.0,g(약 1ml 상당으로 근사),,24000.0,1090.9,"정제수, 글리세린, 부틸렌글라이콜, 카프릴릭/카프릭트라이글리세라이드, 1,2-헥산다이올, 판테놀, 아데노신, 소듐하이알루로네이트, 하이드롤라이즈드하이알루로닉애씨드, 소듐아세틸레이티드하이알루로네이트, 소듐하이알루로네이트크로스폴리머, 하이드롤라이즈드소듐하이알루로네이트, 알란토인, 징크피씨에이, 글리세레스-26, 펜틸렌글라이콜, 2,3-부탄다이올, 우레아, 트로메타민, 하이드록시에틸아크릴레이트/소듐아크릴로일다이메틸타우레이트코폴리머, 하이드록시에틸우레아, C12-20알킬글루코사이드, 잔탄검, 다이소듐이디티에이, 아크릴레이트/C10-30알킬아크릴레이트크로스폴리머, 글리세릴아크릴레이트/아크릴릭애씨드코폴리머, 피브이엠/엠에이코폴리머, 솔비탄아이소스테아레이트, 소듐아세테이트, 비닐다이메티콘, C14-22알코올, 다이펩타이드-2, 글루코오스, 에틸헥실글리세린"
pi_lotion_A000000117541,lotion,[베스트 올인원]우르오스 올인원 200ml 2종 택 1,우르오스,,,,A000000117541,olive_crwl_price_ingredient,200.0,200.0,ml,29700.0,23700.0,1185.0,"■ 우르오스 올인원 스킨밀크 200ml
정제수, 글리세린, 하이드로제네이티드폴리(C6-12올레핀), 에탄올, 폴리글리세릴-10아이소스테아레이트, 아데노신포스페이트, 하이드록시프로필사이클로덱스트린, 아크릴레이트/C10-30알킬아크릴레이트크로스폴리머, 부틸렌글라이콜, 글리세릴카프릴레이트, 폴리글리세릴-10스테아레이트, 소듐아이소스테아로일락테이트, 소듐락테이트, 소듐하이드록사이드, 클로브꽃추출물, 사철쑥꽃추출물, 스타아니스열매/씨오일, 서양측백나무잎오일, 아틀라스시다나무껍질오일, 라반딘오일, 라임전초오일, 페퍼민트오일, 구주소나무잎오일, 로즈마리잎오일, 터펜틴, 리날룰, 리모넨

■ 우르오스 올인원 스킨로션 200ml	
정제수, 에탄올, 펜틸렌글라이콜, 글리세린, 베타인, 피이지-6, 피이지-32, 아데노신포스페이트, 소듐하이드록사이드, 소듐다이라우미도글루타미드라이신, 피피지-6-데실테트라데세스-30, 알진, 시트릭애씨드, 소듐하이알루로네이트, 스타아니스열매/씨오일, 서양측백나무잎오일, 아틀라스시다나무껍질오일, 라반딘오일, 라임전초오일, 페퍼민트오일, 구주소나무잎오일, 로즈마리잎오일, 페녹시에탄올, 터펜틴, 리날룰"
pi_lotion_A000000223782,lotion,[리뉴얼/펩타이드/속보습] 닥터지 레드 블레미쉬 포 맨 탄력 올인원 2종 택 1 (단품/증정 기획),닥터지,,,,A000000223782,olive_crwl_price_ingredient,,,,32000.0,22200.0,,"정제수, 프로판다이올, 부틸렌글라이콜다이카프릴레이트 /다이카프레이트, 메틸프로판다이올, 트라이에틸헥사노인, 나이아 신아마이드, 아라키딜알코올, 비닐다이메티콘, 판테놀, 베헤닐알코올, 1,2-헥산다이올, 글리세릴스테아레이트에스이, 폴리글리세릴-2 스테아레이트, 포타슘세틸포스페이트, 폴리아크릴레이트크로스 폴리머 -6, 글리세릴글루코사이드, 암모늄아크릴로일다이메틸타 우레이트/브이피코폴리머, 글리세릴스테아레이트, 세테아릴알코 올, 세테아릴올리베이트, 아라키딜글루코사이드, 스테아릴알코올, 하이드로제네이티드레시틴, 솔비탄올리베이트, 하이드록시아세토 페논, 글리세린, 토코페롤, 글루코노락톤, 프룩탄, 아데노신, 다이소 듐이디티에이, 세라마이드엔피, 병풀추출물, 라이소레시틴, 하이드 롤라이즈드감자단백질, 하이드롤라이즈드스위트아몬드단백질, 하 이드롤라이즈드쌀단백질, 콜레스테롤, 팔미틱애씨드, 소듐하이알 루로네이트, 하이드롤라이즈드콜라겐, 마데카소사이드, 마데카식 애씨드, 아시아티코사이드, 아시아틱애씨드, 소듐하이알루로네이 트크로스폴리머, 포타슘하이알루로네이트, 하이드록시프로필트라이 모늄하이알루로네이트, 하이드롤라이즈드소듐하이알루로네이트, 하이드롤라이즈드하이알루로닉애씨드, 하이알루로닉애씨드, 아세틸헥사펩타이드-8, 소듐아세틸레이티드하이알루로네이트"
pi_lotion_A000000206692,lotion,토리든 다이브인 포맨 저분자 히알루론산 젤 로션 200ml,토리든,,,,A000000206692,olive_crwl_price_ingredient,200.0,200.0,ml,,22000.0,1100.0,"정제수, 부틸렌글라이콜, 글리세린, 1,2-헥산다이올, 판테놀, 소듐하이알루로네이트, 하이드롤라이즈드하이알루로닉애씨드(110ppm), 소듐아세틸레이티드하이알루로네이트, 소듐하이알루로네이트크로스폴리머, 하이드롤라이즈드소듐하이알루로네이트, 알란토인, 징크피씨에이, 에리스리톨, 자일리톨, 인도멀구슬나무잎추출물, 인도멀구슬나무꽃추출물, 아이비고드열매추출물, 가지열매추출물, 베타인, 우레아, 트로메타민, 펜틸렌글라이콜, 세틸에틸헥사노에이트, 카프릴릭/카프릭트라이글리세라이드, 세테아릴알코올, 소듐폴리아크릴레이트, 아크릴레이트/C10-30알킬아크릴레이트크로스폴리머, 하이드록시에틸아크릴레이트/소듐아크릴로일다이메틸타우레이트코폴리머, 에틸헥실글리세린, 글리세릴아크릴레이트/아크릴릭애씨드코폴리머, C12-20알킬글루코사이드, 피브이엠/엠에이코폴리머, C14-22알코올, 다이소듐이디티에이, 잔탄검, 2,3-부탄다이올, 솔비탄아이소스테아레이트, 글루코오스, 말라카이트추출물, 알로에베라꽃추출물, 홀리바질잎추출물, 울금뿌리추출물, 참산호말추출물"
pi_lotion_A000000247595,lotion,[덱스PICK/1등올인원] 오브제 올인원 3종 (보습/모공/브라이트닝),오브제,,,,A000000247595,olive_crwl_price_ingredient,,,,28000.0,20900.0,,"[프로틴올인원]정제수, 세틸에틸헥사노에이트, 글리세린, 나이아신아마이드, 프로판다이올, 세테아릴알코올, 폴리글리세린-3, 다이프로필렌글라이콜, 다이메티콘, 하이드록시아세토페논, 카프릴릴글라이콜, 하이드록시에틸아크릴레이트/소듐아크릴로일다이메틸타우레이트코폴리머, 올레익애씨드, 아데노신, 다이소듐이디티에이, 솔비탄아이소스테아레이트, 우유추출물, 하이드로제네이티드레시틴, 부틸렌글라이콜, 스테아릭애씨드, 다이포타슘글리시리제이트, 1,2-헥산다이올, 우유단백질추출물(1,000ppb), 귀리단백질추출물(1,000ppb), 세라마이드엔피, 밀크아미노산, 세라마이드엔에스, 콜레스테롤, 피토스핑고신, 세라마이드에이피, 세라마이드에이에스, 스위트아몬드단백질(10ppb), 하이드롤라이즈드감자단백질(10ppb), 하이드롤라이즈드옥수수단백질(10ppb), 돌콩단백질(10ppb), 세라마이드이오피 [포어제로올인원] 정제수, 버지니아풍년화수, 글리세린, 나이아신아마이드, 아이소도데케인, 하이드로제네이티드폴리데센, 아데노신, 병풀추출물, 무화과추출물, 카우슬립추출물, 베타-글루칸, 세라마이드엔피, 판테놀, 바쿠치올, 티트리잎수, 토코페롤, 엑토인, 4-터피네올, 에난티아 클로란타껍질추출물, 아시아티코사이드, 마데카식애씨드, 아시아틱애씨드, 티트리잎오일, 티트리추출물, 올레아놀릭애씨드, 암모늄아크릴로일다이메틸타우레이트/브이피코폴리머, 폴리글리세릴-3메틸글루코오스다이스테아레이트, 메틸프로판다이올, 하이드록시아세토페논, 아크릴레이트/C10-30알킬아크릴레이트크로스폴리머, 알지닌, 에틸헥실글리세린, 부틸렌글라이콜, 다이소듐이디티에이, 수크로오스, 하이드로제네이티드레시틴, 1,2-헥산다이올, 향료 [비타올인원] 정제수, 나이아신아마이드(50,000 ppm), 아이소프로필미리스테이트, 글리세린, 세테아릴알코올, 1,2-헥산다이올, 부틸렌글라이콜, 다이메티콘, 판테놀(5,000 ppm), 글리세릴스테아레이트, 하이드록시에틸우레아, 아크릴레이트/C10-30알킬아크릴레이트크로스폴리머, 알지닌, 세틸에틸헥사노에이트, 유채씨오일, 에틸헥실글리세린, 폴리글리세릴-10올리에이트, 포도씨오일, 소듐폴리아크릴로일다이메틸타우레이트, 마카다미아씨오일, 살구씨오일, 폴리글리세릴-2다이올리에이트, 향료, 카프릴릭/카프릭트라이글리세라이드, 하이드로제네이티드폴리데센, 다이소듐이디티에이, 아르간커넬오일, 아가, 세라마이드엔피, 암모늄아크릴로일다이메틸타우레이트/브이피코폴리머, 하이드로제네이티드레시틴, 트라이데세스-10, 펜틸렌글라이콜, 매실추출물, 사과추출물, 파파야열매추출물, 포도추출물, 아스코빅애씨드(20 ppm), 황색산화철, 마데카소사이드, 폴리글리세릴-10미리스테이트, 알부틴, 적색산화철, 데실글루코사이드, 카프릴릴글라이콜, 토코페롤(0.25ppm)"
pi_lotion_A000000252600,lotion,[화잘먹프렙] 바이오힐보 판테셀 리페어시카 수분 로션 100mL,바이오힐보,,,,A000000252600,olive_crwl_price_ingredient,100.0,100.0,ml,,20000.0,2000.0,"정제수, 부틸렌글라이콜, 글리세린, 스쿠알란, 1,2-헥산다이올, 트라이에틸헥사노인, 호호바씨오일, 판테놀(1%), 폴리글리세릴-10스테아레이트, 펜틸렌글라이콜, 글리세릴스테아레이트, 하이드로제네이티드레시틴, 하이드로제네이티드폴리데센, 알지닌, 카보머, 하이드록시에틸셀룰로오스, 에틸헥실글리세린, 메틸다이아이소프로필프로피온아마이드, 다이소듐이디티에이, 엑토인, 베타인, 락토바실러스발효용해물, 프로판다이올, 칸디다 봄비콜라/글루코오스/메틸레이프씨데이트발효물, 사카라이드아이소머레이트, 다이프로필렌글라이콜, 스위트아몬드열매추출물, 빌베리열매추출물, 흰목이버섯추출물, 타히보껍질추출물, 해바라기씨오일, 칡뿌리추출물, 카르노신, 2,3-부탄다이올, 포트마리골드꽃추출물, 시트릭애씨드, 소듐시트레이트, 갈대추출물, 하이드롤라이즈드하이알루로닉애씨드, 다이메틸실란올하이알루로네이트, 하이드롤라이즈드소듐하이알루로네이트, 글라이코리피드, 소듐하이알루로네이트, 붉은토끼풀추출물, 하이알루로닉애씨드, 무화과추출물, 하이드록시프로필트라이모늄하이알루로네이트, 소듐하이알루로네이트크로스폴리머, 소듐하이알루로네이트다이메틸실란올, 밀배아추출물, 소듐아세틸레이티드하이알루로네이트, 아세틸테트라펩타이드-2, 병풀잎추출물, 아세틸헥사펩타이드-8, 아스코빅애씨드폴리펩타이드, 카퍼트라이펩타이드-1, 아세틸테트라펩타이드-3, 팔미토일트라이펩타이드-5, 아세틸테트라펩타이드-5, 아세틸테트라펩타이드-9, 아세틸옥타펩타이드-3, 팔미토일펜타펩타이드-4, 팔미토일트라이펩타이드-1, 노나펩타이드-1"
pi_essence_A000000250225,essence,[7월 올영픽/화잘먹부스팅템] 세포랩 바이오제닉 에센스 블렌디드 포뮬라 50% (100ml /30ml),세포랩,,,,A000000250225,olive_crwl_price_ingredient,100.0,130.0,ml,46000.0,31000.0,2384.6,"케리포리아 라케라타세포외소포, 미선나무수, 부틸렌글라이콜, 1,2-헥산다이올, 하이드록시아세토페논, 소듐하이알루로네이트"
pi_essence_A000000255227,essence,바이오더마 하이드라비오 에센스로션 200ml 2입 기획 (+미스트펌프 증정),바이오더마,,,,A000000255227,olive_crwl_price_ingredient,200.0,400.0,ml,59000.0,45410.0,1135.2,"정제수, 메틸프로판다이올, 나이아신아마이드, 피피지-26-부테스-26, 피이지-40하이드로제네이티드캐스터오일, 소듐피씨에이, 다이소듐이디티에이, 살리실릭애씨드, 하이드록시에틸셀룰로오스, 만니톨, 소듐시트레이트, 토코페릴아세테이트, 자일리톨, 헥실데칸올, 세트리모늄브로마이드, 향료, 벤조트라이아졸릴도데실p-크레솔, 람노오스, 소듐하이드록사이드, 사과씨추출물, 유채스테롤, 토코페롤"
pi_essence_A000000259069,essence,[미피 파우치 증정/7월 올영픽] 아벤느 이드랑스 에센스 인 로션 200ml 기획 (+100ml*2 + 미피 파우치),아벤느,,,,A000000259069,olive_crwl_price_ingredient,200.0,300.0,ml,45000.0,28900.0,963.3,"아쿠아(아벤느 온천수), 글리세린, 펜틸렌글라이콜, 1,2-헥산다이올, 다이메티콘, 하이드록시에틸아크릴레이트/소듐아크릴로일다이메틸타우레이트코폴리머, 베타인, 메틸글루세스-20, 아이소세틸스테아로일스테아레이트, 트라이에틸헥사노인, 하이드로제네이티드폴리아이소부텐, 세테아릴올리베이트, 솔비탄올리베이트, 스쿠알란, 트레할로오스, 향료, 정제수, 소듐시트레이트, 피이지-7트라이메틸올프로판코코넛에터, 다이소듐이디티에이, 레시틴, 피토스테롤, 잔탄검, 솔비탄아이소스테아레이트, 시트릭애씨드, 소듐하이알루로네이트"
pi_essence_A000000229481,essence,[수분광채] VT PDRN 에센스 30ml 기획 2종 (택 1),VT,,,,A000000229481,olive_crwl_price_ingredient,30.0,30.0,ml,45000.0,19900.0,6633.3,"정제수, 아이소프로필미리스테이트, 카프릴릭/카프릭트라이글리세라이드, 세틸에틸헥사노에이트, 글리세린, 프로판다이올, 나이아신아마이드, 폴리글리세릴-2다이폴리하이드록시스테아레이트, 피이지-30다이폴리하이드록시스테아레이트, 폴리글리세릴-3다이아이소스테아레이트, 1,2-헥산다이올, 토코페롤, 하이드록시아세토페논, 해바라기씨오일, 아크릴레이트/C10-30알킬아크릴레이트크로스폴리머, 알지닌, 아데노신, 세라마이드엔피, 바오밥나무씨오일, 다이소듐이디티에이, 하이드로제네이티드레시틴, 알란토인, 스쿠알란, 판테놀, 폴리글루쿠로닉애씨드, 세라마이드엔에스, 세라마이드에이에스, 세라마이드이오피, 세라마이드에이피, 산양삼추출물, 소듐디엔에이(0.5ppm)"
pi_essence_A000000232212,essence,[1등모공에센스] VT 리들샷 100 에센스 30ml 더블 기획(+피디알엔 에센스 100 1.5ml*3ea),VT,,,,A000000232212,olive_crwl_price_ingredient,30.0,31.5,ml,31500.0,22000.0,6984.1,"정제수, 다이프로필렌글라이콜, 글리세린, 나이아신아마이드, 부틸렌글라이콜, 마카다미아씨오일, 1,2-헥산다이올, 에틸헥실팔미테이트, 소듐아크릴레이트/소듐아크릴로일다이메틸타우레이트코폴리머, 폴리아이소부텐, 실리카, 글리세레스-26, 에틸헥실글리세린, 카프릴릴글라이콜, 아데노신, 소듐폴리아크릴레이트, 소듐하이알루로네이트, 병풀추출물, 카프릴릴/카프릴글루코사이드, 솔비탄올리에이트, 잔탄검, 프로폴리스추출물, 아시아티코사이드, 마데카소사이드, 마데카식애씨드, 아시아틱애씨드, 글라이신, 세린, 글루타믹애씨드, 아스파틱애씨드, 류신, 알라닌, 라이신, 알지닌, 타이로신, 페닐알라닌, 트레오닌, 프롤린, 발린, 아이소류신, 히스티딘, 메티오닌, 시스테인"
pi_essence_A000000210068,essence,[깐달걀/화잘먹] VT 리들샷 300 에센스 30ml 기획 (+리들샷 300 파우치 1ml*3ea),VT,,,,A000000210068,olive_crwl_price_ingredient,30.0,31.0,ml,24900.0,18500.0,5967.7,"정제수, 다이프로필렌글라이콜, 글리세린, 나이아신아마이드, 부틸렌글라이콜, 마카다미아씨오일, 1,2-헥산다이올, 에틸헥실팔미테이트, 실리카, 소듐아크릴레이트/소듐아크릴로일다이메틸타우레이트코폴리머, 폴리아이소부텐, 글리세레스-26, 에틸헥실글리세린, 카프릴릴글라이콜, 아데노신, 소듐폴리아크릴레이트, 병풀추출물, 소듐하이알루로네이트, 카프릴릴/카프릴글루코사이드, 솔비탄올리에이트, 잔탄검, 프로폴리스추출물, 아시아티코사이드, 마데카소사이드, 마데카식애씨드, 아시아틱애씨드, 글라이신, 세린, 글루타믹애씨드, 아스파틱애씨드, 류신, 알라닌, 라이신, 알지닌, 타이로신, 페닐알라닌, 트레오닌, 프롤린, 발린, 아이소류신, 히스티딘, 메티오닌, 시스테인"
pi_essence_A000000200604,essence,[피지각질케어] 라로슈포제 에빠끌라 듀오+M 트러블 에센스 40ml,라로슈포제,,,,A000000200604,olive_crwl_price_ingredient,40.0,40.0,ml,35000.0,31500.0,7875.0,"정제수 글리세린 다이메티콘 아이소세틸스테아레이트 나이아신아마이드 아이소프로필라우로일사코시네이트 실리카 암모늄폴리아크릴로일다이메틸타우레이트 쌀전분 석류과피추출물 포타슘세틸포스페이트 솔비탄올리에이트 징크피씨에이 글리세릴스테아레이트에스이 아이소헥사데칸 소듐하이드록사이드 미리스틸미리스테이트 2-올레아미도-1,3-옥타데칸다이올 만노오스 폴록사머338 카프릴로일살리실릭애씨드 카프릴릴글라이콜 비트레오스실라발효물 시트릭애씨드 트라이소듐에틸렌다이아민다이석시네이트 말토덱스트린 잔탄검 펜틸렌글라이콜 폴리솔베이트80 아크릴아마이드/소듐아크릴로일다이메틸타우레이트코폴리머 살리실릭애씨드 피록톤올아민 향료"
pi_essence_A000000231779,essence,[7월 올영픽/본품 50%용량 추가 증정] 라로슈포제 시카플라스트 리페어 에센스 30ml 기획 (+7.5ml*2ea),라로슈포제,,,,A000000231779,olive_crwl_price_ingredient,30.0,37.5,ml,55000.0,44000.0,11733.3,정제수 비피다발효용해물 판테놀 다이메티콘 베타인 글리세린 부틸렌글라이콜 펜틸렌글라이콜 아이소프로필미리스테이트 피이지/피피지/폴리부틸렌글라이콜-8/5/3글리세린 소듐하이드록사이드 만노오스 메틸다이하이드로자스모네이트 아크릴레이트/C10-30알킬아크릴레이트크로스폴리머 페녹시에탄올 하이드로제네이티드레시틴 알파-글루칸올리고사카라이드 카프릴릴글라이콜 폴리솔베이트20 마데카소사이드 스핑고모나스발효추출물 시트릭애씨드 야콘뿌리즙 소듐메틸스테아로일타우레이트 아세틸다이펩타이드-1세틸에스터 소듐벤조에이트 말토덱스트린 징크글루코네이트 망가니즈글루코네이트 소듐하이알루로네이트 엑토인 단삼뿌리추출물 살리실로일피토스핑고신 락토바실러스 트라이소듐에틸렌다이아민다이석시네이트 비사보롤
pi_essence_A000000219274,essence,[리뉴얼] 유세린 하이알루론 부스팅 에센스 100ml,유세린,,,,A000000219274,olive_crwl_price_ingredient,100.0,100.0,ml,52000.0,38900.0,3890.0,"정제수, 부틸렌글라이콜, 변성알코올, 글리세린, 글리세릴글루코사이드, 판테놀, 피이지-40하이드로제네이티드캐스터오일, 카르니틴, 페녹시에탄올, 1,2-헥산다이올, 하이드록시아세토페논, 향료, 해바라기씨오일, 토코페롤, 소듐하이알루로네이트(0.12%), 가르시니아열매추출물, 엑토인, 3-O-에틸아스코빅애씨드, 아이소부틸아미도티아졸릴레조시놀, 트라이소듐에틸렌다이아민다이석시네이트, 시트릭애씨드, 소듐시트레이트"
pi_essence_A000000226086,essence,바이오더마 하이드라비오 에센스로션 200ml 기획(+안개분사 미스트 증정),바이오더마,,,,A000000226086,olive_crwl_price_ingredient,200.0,200.0,ml,,38000.0,1900.0,"정제수, 메틸프로판다이올, 나이아신아마이드, 피피지-26-부테스-26, 피이지-40하이드로제네이티드캐스터오일, 소듐피씨에이, 다이소듐이디티에이, 살리실릭애씨드, 하이드록시에틸셀룰로오스, 만니톨, 소듐시트레이트, 토코페릴아세테이트, 자일리톨, 헥실데칸올, 세트리모늄브로마이드, 향료, 벤조트라이아졸릴도데실p-크레솔, 람노오스, 소듐하이드록사이드, 사과씨추출물, 유채스테롤, 토코페롤"
pi_essence_A000000103391,essence,[보습광채] 코스알엑스 어드벤스드 스네일 96 뮤신 파워 에센스 100ml,코스알엑스,,,,A000000103391,olive_crwl_price_ingredient,100.0,100.0,ml,,23000.0,2300.0,"달팽이점액여과물, 베타인, 부틸렌글라이콜, 1,2-헥산다이올, 소듐폴리아크릴레이트, 페녹시에탄올, 소듐하이알루로네이트, 알란토인, 에틸헥산다이올, 카보머, 판테놀, 알지닌"
pi_essence_A000000189544,essence,[매끈결에센스] VT 리들샷 300 에센스 50ml,VT,,,,A000000189544,olive_crwl_price_ingredient,50.0,50.0,ml,43000.0,29000.0,5800.0,"정제수, 다이프로필렌글라이콜, 글리세린, 나이아신아마이드, 부틸렌글라이콜, 마카다미아씨오일, 1,2-헥산다이올, 에틸헥실팔미테이트, 실리카, 소듐아크릴레이트/소듐아크릴로일다이메틸타우레이트코폴리머, 폴리아이소부텐, 글리세레스-26, 에틸헥실글리세린, 카프릴릴글라이콜, 아데노신, 소듐폴리아크릴레이트, 병풀추출물, 소듐하이알루로네이트, 카프릴릴/카프릴글루코사이드, 솔비탄올리에이트, 잔탄검, 프로폴리스추출물, 아시아티코사이드, 마데카소사이드, 마데카식애씨드, 아시아틱애씨드, 글라이신, 세린, 글루타믹애씨드, 아스파틱애씨드, 류신, 알라닌, 라이신, 알지닌, 타이로신, 페닐알라닌, 트레오닌, 프롤린, 발린, 아이소류신, 히스티딘, 메티오닌, 시스테인"
pi_essence_A000000190700,essence,[역대급 이벤트/SNS대란템] 로벡틴 히알루론산 에센스 180ml 리필기획(+리필 120ml),로벡틴,,,,A000000190700,olive_crwl_price_ingredient,180.0,300.0,ml,32000.0,18700.0,623.3,"정제수, 글리세린, 메틸글루세스-20, 펜틸렌글라이콜, 부틸렌글라이콜, 나이아신아마이드, 솔비톨, 아데노신, 카페인, 소듐하이알루로네이트, 알란토인, 판테놀, 알지닌, 하이알루로닉애씨드, 스페인감초뿌리추출물, 마트리카리아꽃추출물, 병풀추출물, 돌콩싹추출물, 파파야열매추출물, 1,2-헥산다이올, 소듐피씨에이, 아크릴레이트/C10-30알킬아크릴레이트크로스폴리머, 하이드록시에틸셀룰로오스, 트레할로오스, 소듐폴리글루타메이트, 하이드록시프로필트라이모늄하이알루로네이트, 하이드롤라이즈드하이알루로닉애씨드, 소듐아세틸레이티드하이알루로네이트, 포타슘하이알루로네이트, 소듐하이알루로네이트크로스폴리머, 다이소듐이디티에이"
pi_essence_A000000223489,essence,[윤빛광채] 설화수 윤조에센스 기획(30ml/60ml),설화수,,,,A000000223489,olive_crwl_price_ingredient,30.0,90.0,ml,55000.0,49500.0,5500.0,"정제수, 변성알코올, 부틸렌글라이콜, 베타인, 1,2-헥산다이올, 비스-피이지-18메틸에터다이메틸실레인, 글리세릴폴리메타크릴레이트, 프로판다이올, 카보머, 피피지-13-데실테트라데세스-24, 트로메타민, 글리세릴카프릴레이트, 황금추출물, 에틸헥실글리세린, 향료, 아데노신, 리모넨, 덱스트린, 카카오추출물, 메틸트라이메티콘, 다이소듐이디티에이, 잔탄검, 셀룰로오스검, 카라기난, 꿀, 마데카소사이드, 지황뿌리추출물, 펜틸렌글라이콜, 다이포타슘글리시리제이트, 3-O-에틸아스코빅애씨드, 타우린, 소엽맥문동뿌리추출물, 작약뿌리추출물, 마돈나백합비늘줄기추출물, 리날룰, 둥굴레뿌리줄기추출물, 바이오사카라이드검-1, 프로필렌글라이콜, 인삼추출물, 연꽃추출물, 낫토검, 대추추출물, 호두추출물, 매실추출물, 시트로넬올, 시트랄, 제라니올, 하이드로제네이티드레시틴, 토코페롤, 시트릭애씨드"
pi_essence_A000000233009,essence,[피부장벽강화] 숨37 시크릿 에센스 50ml+50ml 리필 기획,숨37,,,,A000000233009,olive_crwl_price_ingredient,50.0,100.0,ml,64000.0,49500.0,4950.0,"정제수*, 락토바실러스발효용해물*, 프로판다이올, 부틸렌글라이콜*, 글리세린, 1,2-헥산다이올*, 2,3-부탄다이올+, 판테놀, 하이드로제네이티드레시틴+, 하이드록시프롤린, 수크로오스스테아레이트+, 세테아릴알코올, 세린, 세라마이드엔피+, 나이아신아마이드, 트로메타민, 비니거*, 아크릴레이트/C10-30알킬아크릴레이트크로스폴리머, 콜레스테롤+, 메도우스위트추출물, 폴리쿼터늄-51, 라우릴다이메티콘/폴리글리세린-3크로스폴리머, 다이프로필렌글라이콜, 하이드록시에틸셀룰로오스, 폴리메틸실세스퀴옥세인, 글리세릴스테아레이트+, 알란토인, 리놀레익애씨드+, 팔미틱애씨드+, 타히티바닐라추출물, 아이소스테아릭애씨드, 세라마이드에이피+, 세라마이드엔지+, 다이소듐포스페이트, 효모폴리펩타이드, 소듐포스페이트, 락토바실러스/배즙발효여과물*, 효모/보리씨발효여과물*, 수박추출물*, 무추출물*, 락토바실러스/인삼뿌리발효여과물*, 락토바실러스/콩발효추출물*, 락토바실러스/부레옥잠발효물*, 모나스커스/쌀발효물*, 효모/포도발효추출물*, 효모/감자추출물발효여과물*, 효모/자일리눔/홍차발효물*, 세라마이드이오피+, 단풍나무잎추출물*, 창포뿌리추출물*, 개다래추출물*, 으름덩굴추출물*, 양파추출물*, 마늘추출물*, 지모뿌리추출물*, 쑥잎추출물*, 사탕무뿌리추출물*, 양배추추출물*, 순무잎추출물*, 동백나무잎추출물*, 파파야열매추출물*, 잇꽃꽃추출물*, 결명씨추출물*, 병풀추출물*, 모과추출물*, 치커리뿌리추출물*, 베르가모트잎추출물*, 유자추출물*, 귤껍질추출물*, 더덕뿌리추출물*, 쿠네아타산사열매추출물*, 오이열매추출물*, 울금뿌리추출물*, 당근추출물*, 감추출물*, 쇠뜨기추출물*, 비파나무잎추출물*, 무화과추출물*, 허브로버트추출물*, 긴병꽃풀추출물*, 스페인감초뿌리추출물*, 잎새버섯자실체추출물*, 해바라기씨추출물*, 원추리꽃추출물*, 고구마뿌리추출물*, 표고버섯추출물*, 레몬버베나잎추출물*, 인동덩굴꽃추출물*, 구기자추출물*, 레몬밤추출물*, 페퍼민트꽃/잎/줄기추출물*, 산뽕나무잎추출물*, 바나나추출물*, 연꽃뿌리추출물*, 바질잎추출물*, 기장추출물*, 소엽잎추출물*, 팥추출물*, 왕질경이씨추출물*, 도라지뿌리추출물*, 쇠비름추출물*, 살구추출물*, 복숭아추출물*, 자두추출물*, 사과추출물*, 지황뿌리추출물*, 로즈마리잎추출물*, 라즈베리추출물*, 살비아잎추출물*, 얼룩조릿대잎추출물*, 형개추출물*, 검은깨추출물*, 시금치추출물*, 서양민들레잎추출물*, 타임잎추출물*, 하늘타리뿌리추출물*, 미역추출물*, 생강추출물*, 마트리카리아꽃추출물*, 은행추출물*, 약모밀추출물*, 락토바실러스/호밀가루발효물*, 락토바실러스/고추냉이뿌리발효추출물*, 라임전초오일, 베르가모트오일, 라벤더오일, 센티드제라늄꽃오일, 캐모마일꽃오일, 리모넨, 리날룰, 시트로넬올, 시트랄, 제라니올"
pi_essence_A000000188233,essence,[수분잠금/워터젤에센스] 빌리프 뉴메로 10 에센스 125ml 단품/기획(+35ml 추가 증정),빌리프,,,,A000000188233,olive_crwl_price_ingredient,125.0,160.0,ml,61000.0,46900.0,2931.2,"정제수, 글리세린, 변성알코올, 다이프로필렌글라이콜, 부틸렌글라이콜, 1,2-헥산다이올, 트레할로오스, 바위손추출물*, 귀리커넬추출물+, 포트마리골드꽃추출물+, 개박하추출물+, 라즈베리잎추출물+, 와일드인디고뿌리추출물+, 별꽃추출물+, 레이디스맨틀잎추출물**, 삼색제비꽃추출물**, 다마스크장미꽃추출물**, 메도우스위트꽃추출물**, 마시멜로뿌리추출물**, 베타인, 판테놀, 아이리쉬모스추출물, 암모늄아크릴로일다이메틸타우레이트/브이피코폴리머, 피이지-40하이드로제네이티드캐스터오일, 옥틸도데세스-16, 카보머, 글리세릴아크릴레이트/아크릴릭애씨드코폴리머, 소듐폴리아크릴레이트, 트로메타민, 트라이소듐이디티에이, 오렌지껍질오일++, 라임전초오일++, 로즈마리잎오일++, 센티드제라늄꽃오일++, 리모넨, 시트로넬올, 제라니올, 시트랄, 리날룰
*표시 : 부활초 계열 추출물
+표시 : Napiers original formula
**표시 : Napiers moisture formula
++표시 : 식물 유래 향"
pi_essence_A000000236552,essence,[진정수분/대용량] 닥터지 레드블레미쉬 클리어 수딩 액티브 에센스 80ml,닥터지,,,,A000000236552,olive_crwl_price_ingredient,80.0,80.0,ml,,40000.0,5000.0,"정제수, 프로판다이올, 다이프로필렌글라이콜, 글리세린, 나이아신아마이드, 1,2-헥산다이올, 펜틸렌글라이콜, 약모밀추출물, 엑토인, 아크릴레이트/C10-30알킬아크릴레이트크로스폴리머, 마데카소사이드, 부틸렌글라이콜, 판테놀, 알란토인, 트로메타민, 에틸헥실글리세린, 구주호랑가시나무잎추출물, 다이소듐이디티에이, 시어버터, 올리브오일, 카프릴릭/카프릭트라이글리세라이드, 스쿠알란, 하이드로제네이티드레시틴, 병풀추출물, 베타-글루칸, 데실글루코사이드, 폴리글리세릴-10라우레이트, 케이프알로에잎추출물, 소나무잎추출물, 쇠비름추출물, 씨홀리추출물, 유자추출물, 개똥쑥추출물, 서양톱풀꽃추출물, 콜레스테롤, 세라마이드엔피, 피토스핑고신, 토코페롤, 아시아티코사이드, 마데카식애씨드, 아시아틱애씨드"
pi_essence_A000000174751,essence,토리든 솔리드인 세라마이드 올데이 에센스 100ml,토리든,,,,A000000174751,olive_crwl_price_ingredient,100.0,100.0,ml,26000.0,18200.0,1820.0,"정제수, 글리세린, 부틸렌글라이콜, 1,2-헥산다이올, 카프릴릭/카프릭트라이글리세라이드, 판테놀, 세라마이드엔피, 세라마이드엔에스, 세라마이드에이에스, 세라마이드이오피, 세라마이드에이피, 마트리카리아잎추출물, 녹차추출물, 타임추출물, 애플민트잎추출물, 알란토인, 소듐하이알루로네이트, 트레할로오스, 수크로오스, 콜레스테롤, 글리세레스-26, C14-22알코올, C12-20알킬글루코사이드, 피브이엠/엠에이코폴리머, 아크릴레이트/C10-30알킬아크릴레이트크로스폴리머, 글리세릴아크릴레이트/아크릴릭애씨드코폴리머, 하이드로제네이티드레시틴, 트로메타민, 토코페롤, 잇꽃꽃추출물, 바오밥나무씨오일, 잔탄검, 스테아릭애씨드, 다이소듐이디티에이, 에틸헥실글리세린"
pi_essence_A000000251229,essence,바이오더마 하이드라비오 에센스로션 200ml 기획 (+스트레치 화장솜),바이오더마,,,,A000000251229,olive_crwl_price_ingredient,200.0,200.0,ml,,38000.0,1900.0,"정제수, 메틸프로판다이올, 나이아신아마이드, 피피지-26-부테스-26, 피이지-40하이드로제네이티드캐스터오일, 소듐피씨에이, 다이소듐이디티에이, 살리실릭애씨드, 하이드록시에틸셀룰로오스, 만니톨, 소듐시트레이트, 토코페릴아세테이트, 자일리톨, 헥실데칸올, 세트리모늄브로마이드, 향료, 벤조트라이아졸릴도데실p-크레솔, 람노오스, 소듐하이드록사이드, 사과씨추출물, 유채스테롤, 토코페롤"
pi_essence_A000000254757,essence,쥬베룩 PDLLA 리파이닝 퍼스트 에센스 150ml (+프로텍팅 크림 5ml) (2604),쥬베룩,,,,A000000254757,olive_crwl_price_ingredient,150.0,155.0,ml,39000.0,34300.0,2212.9,"* 퍼스트 에센스
정제수, 프로판다이올, 글리세린, 나이아신아마이드, 펜틸렌글라이콜, 1,2-헥산다이올, 스핑고모나스발효추출물, 댑싸리추출물, 하이드롤라이즈드해면, 백미꽃추출물, 접시꽃추출물, 하이드롤라이즈드콜라겐(10ppb), 하이드롤라이즈드하이알루로닉애씨드, 아텔로콜라겐(0.1ppb), 다이에톡시에틸석시네이트, 글루코노락톤, 트라이프로필렌글라이콜, 폴리아크릴레이트크로스폴리머-6, 트로메타민, 하이드록시에틸셀룰로오스, 에틸헥실글리세린, 아데노신, 소듐시트레이트, 시트릭애씨드, 판테놀, 부틸렌글라이콜, 바이오사카라이드검-1, 베타-글루칸, 토코페롤, 카프릴로일살리실릭애씨드, 살리실릭애씨드, 소듐락테이트, 글라이콜릭애씨드, 파이틱애씨드, 폴리솔베이트20, 폴리락틱애씨드(1ppb), 팔미토일트라이펩타이드-1, 팔미토일테트라펩타이드-7, 아세틸헥사펩타이드-8, 아스코빅애씨드폴리펩타이드, 아세틸옥타펩타이드-3, 아세틸테트라펩타이드-2, 아세틸테트라펩타이드-3, 아세틸테트라펩타이드-5, 아세틸테트라펩타이드-9, 카르노신, 카퍼트라이펩타이드-1, 노나펩타이드-1, 팔미토일펜타펩타이드-4, 팔미토일트라이펩타이드-5, 다이소듐이디티에이, 카보머

* 크림
정제수, 글리세린, 프로판다이올, 판테놀, 펜틸렌글라이콜, 카프릴릭/카프릭트라이글리세라이드, 나이아신아마이드, 1,2-헥산다이올, 세테아릴알코올, 트라이메틸펜타페닐트라이실록세인, 세테아릴올리베이트, 하이드롤라이즈드콜라겐(1ppb), 하이드롤라이즈드하이알루로닉애씨드, 해마토코쿠스 플루비알리스오일, 칸디다 봄비콜라/글루코오스/메틸레이프씨데이트발효물, 살구씨오일, 아텔로콜라겐(0.01ppb), 다이메티콘, 솔비탄올리베이트, 글리세릴스테아레이트, 트로메타민, 팔미틱애씨드, 스테아릭애씨드, 에틸헥실글리세린, 아데노신, 폴리락틱애씨드(10,000ppb), 토코페롤, 암모늄아크릴로일다이메틸타우레이트/브이피코폴리머, 에피갈로카테킨갈레이트, 레스베라트롤, 부틸렌글라이콜, 아스타잔틴, 쿼세틴, 아세틸헥사펩타이드-8, 아스코빅애씨드폴리펩타이드, 아세틸옥타펩타이드-3, 아세틸테트라펩타이드-2, 아세틸테트라펩타이드-3, 아세틸테트라펩타이드-5, 아세틸테트라펩타이드-9, 카르노신, 카퍼트라이펩타이드-1, 노나펩타이드-1, 팔미토일펜타펩타이드-4, 팔미토일트라이펩타이드-1, 팔미토일트라이펩타이드-5, 카보머, 잔탄검"
pi_essence_A000000188947,essence,한율 빨간쌀 에센스 150ml(+40ml)기획,한율,,,,A000000188947,olive_crwl_price_ingredient,150.0,190.0,ml,40000.0,34000.0,1789.5,"정제수, 글리세린, 부틸렌글라이콜, 만니톨, 나이아신아마이드, 1,2-헥산다이올, 하이드록시프로필스타치포스페이트, 쌀발효여과물, 카보머, 피피지-13-데실테트라데세스-24, 합성왁스, 트로메타민, 식물성스쿠알란, 카프릴릴글라이콜, 에틸헥실글리세린,아데노신, 하이드로제네이티드레시틴, 향료, 판테놀, 폴리글리세릴-10스테아레이트, 다이소듐이디티에이, 락토바실러스발효물, 세라마이드엔피, 콜레스테롤, 스테아릭애씨드, 하이드롤라이즈드익스텐신, 호호바씨오일, 폴리글리세릴-10라우레이트, 팔미틱애씨드, 토코페롤"
pi_essence_A000000250531,essence,[단독기획] 아임프롬 머그워트 에센스 150ml 1+1,아임프롬,,,,A000000250531,olive_crwl_price_ingredient,150.0,300.0,ml,36000.0,30600.0,1020.0,"정제수, 쑥추출물(400,036 ppm), 부틸렌글라이콜, 글리세린, 1,2-헥산다이올, 소듐하이알루로네이트, 에틸헥실글리세린, 프로판다이올, 폴리글리세릴-10라우레이트"
pi_essence_A000000209586,essence,[리들샷 꿀조합] VT 티엑스토닝 에센스 2000샷 30ml,VT,,,,A000000209586,olive_crwl_price_ingredient,30.0,30.0,ml,32000.0,28800.0,9600.0,"정제수, 트라넥사믹애씨드, 글리세린, 나이아신아마이드, 1,2-헥산다이올, 알란토인, 잔탄검, 아크릴레이트/C10-30알킬아크릴레이트크로스폴리머, 에틸헥실글리세린, 카보머, 다이포타슘글리시리제이트, 아데노신, 다이소듐이디티에이, 소듐하이알루로네이트, 하이드로제네이티드레시틴, 마카다미아씨오일, 스쿠알란, 글루타티온, 하이드롤라이즈드하이알루로닉애씨드, 글리시리직애씨드, 세라마이드엔피, 스테아릭애씨드, 콜레스테롤"
pi_essence_A000000243681,essence,피지오겔 레드수딩 AI 리페어 에센스 200ml 기획(+로션 50ml),피지오겔,,,,A000000243681,olive_crwl_price_ingredient,200.0,250.0,ml,31000.0,24900.0,996.0,"피지오겔 레드수딩 AI 리페어 크림
정제수, 올리브오일, 글리세린, 펜틸렌글라이콜, 오일팜오일, 식물성오일, 하이드로제네이티드레시틴, 스쿠알란, 베타인, 팔미타마이드엠이에이, 아세타마이드엠이에이, 사코신, 하이드록시에틸셀룰로오스, 카보머, 소듐카보머, 잔탄검, 토코페롤, 다이소듐포스페이트, 소듐포스페이트

피지오겔 레드수딩 AI 리페어 에센스
정제수@글리세린@부틸렌글라이콜@다이프로필렌글라이콜@펜틸렌글라이콜@프로판다이올@알로에베라잎즙@나이아신아마이드@1,2-헥산다이올@베타인@판테놀@폴리글리세릴-10스테아레이트@폴리글리세릴-10올리에이트@트록세루틴@잔탄검@아데노신@아세타마이드엠이에이@시트릭애씨드@소듐시트레이트@트라이소듐이디티에이@트로메타민@사코신@베타-글루칸@팔미타마이드엠이에이@알로에베라잎폴리사카라이드@스쿠알란@카프릴릭/카프릭트라이글리세라이드@세라마이드엔피@하이드로제네이티드레시틴"
pi_essence_A000000254058,essence,[포켓몬 에디션]VT 리들샷100 에센스 50ml기획 (리들샷300 1ml+PDRN에센스1.5ml+포켓몬아크릴포스트잇),VT,,,,A000000254058,olive_crwl_price_ingredient,50.0,52.5,ml,32000.0,20900.0,3981.0,"정제수, 다이프로필렌글라이콜, 글리세린, 나이아신아마이드, 부틸렌글라이콜, 마카다미아씨오일, 1,2-헥산다이올, 에틸헥실팔미테이트, 소듐아크릴레이트/소듐아크릴로일다이메틸타우레이트코폴리머, 폴리아이소부텐, 실리카, 글리세레스-26, 에틸헥실글리세린, 카프릴릴글라이콜, 아데노신, 소듐폴리아크릴레이트, 소듐하이알루로네이트, 병풀추출물, 카프릴릴/카프릴글루코사이드, 솔비탄올리에이트, 잔탄검, 프로폴리스추출물, 아시아티코사이드, 마데카소사이드, 마데카식애씨드, 아시아틱애씨드, 글라이신, 세린, 글루타믹애씨드, 아스파틱애씨드, 류신, 알라닌, 라이신, 알지닌, 타이로신, 페닐알라닌, 트레오닌, 프롤린, 발린, 아이소류신, 히스티딘, 메티오닌, 시스테인"
pi_essence_A000000184772,essence,[워터젤리/수분에센스]닥터자르트 바이탈 하이드라 솔루션 하이드로 플럼프 트리트먼트 에센스 150ml,닥터자르트,,,,A000000184772,olive_crwl_price_ingredient,150.0,150.0,ml,36000.0,17900.0,1193.3,"정제수, 글리세린, 메틸프로판다이올, 펜틸렌글라이콜, 1,2-헥산다이올, 글리세릴글루코사이드, 사카라이드아이소머레이트, 폴리글리세린-3, 소듐하이알루로네이트, 하이드롤라이즈드식물성단백질, 에틸헥실글리세린, 알란토인, 시트릭애씨드, 잔탄검, 말토덱스트린, 소듐시트레이트"
pi_essence_A000000011100,essence,엠도씨 워터드롭 스킨 에센스 100ml,엠도씨,,,,A000000011100,olive_crwl_price_ingredient,100.0,100.0,ml,20000.0,16000.0,1600.0,"정제수,글리세린,사이클로메티콘,사이클로펜타실록세인,피이지-10다이메티콘/비닐다이메티콘크로스폴리머,펜틸렌글라이콜,카바카바잎/뿌리/줄기추출물,당느릅나무뿌리추출물,줄맨드라미씨추출물,로즈마리잎추출물,아라비아고무나무꽃/줄기추출물,마트리카리아꽃추출물,쇠비름추출물,칡뿌리추출물,스페인감초뿌리추출물,작약뿌리추출물,천궁뿌리추출물,알로에베라잎즙,수용성콜라겐,소듐하이알루로네이트,하이드로제네이티드레시틴,카보머,트로메타민,다이메티콘/비닐다이메티콘크로스폴리머,바이오사카라이드검-1,잔탄검,향료,페녹시에탄올,에틸헥실글리세린,부틸페닐메틸프로피오날,리날룰,헥실신남알,리모넨"
pi_essence_A000000158309,essence,믹순 순디 병풀 에센스 100ml,믹순,,,,A000000158309,olive_crwl_price_ingredient,100.0,100.0,ml,,32000.0,3200.0,"정제수,부틸렌글라이콜, 병풀추출물 100,000ppm"
pi_essence_A000000158311,essence,믹순 갈락토미세스 발효 에센스 100ml,믹순,,,,A000000158311,olive_crwl_price_ingredient,100.0,100.0,ml,,32000.0,3200.0,갈락토미세스발효여과물 100%
pi_essence_A000000158312,essence,믹순 비피다 발효 에센스 100ml,믹순,,,,A000000158312,olive_crwl_price_ingredient,100.0,100.0,ml,,32000.0,3200.0,"정제수,부틸렌글라이콜, 비피다발효추출물 100,000ppm, 글리세린"
pi_essence_A000000158929,essence,[수분잠금/워터젤에센스] 빌리프 뉴메로 10 에센스 75ml,빌리프,,,,A000000158929,olive_crwl_price_ingredient,75.0,75.0,ml,39000.0,29900.0,3986.7,"정제수, 글리세린, 변성알코올, 다이프로필렌글라이콜, 부틸렌글라이콜, 1,2-헥산다이올, 트레할로오스, 바위손추출물*, 귀리커넬추출물+, 포트마리골드꽃추출물+, 개박하추출물+, 라즈베리잎추출물+, 와일드인디고뿌리추출물+, 별꽃추출물+, 레이디스맨틀잎추출물**, 삼색제비꽃추출물**, 다마스크장미꽃추출물**, 메도우스위트꽃추출물**, 마시멜로뿌리추출물**, 베타인, 판테놀, 아이리쉬모스추출물, 암모늄아크릴로일다이메틸타우레이트/브이피코폴리머, 피이지-40하이드로제네이티드캐스터오일, 옥틸도데세스-16, 카보머, 글리세릴아크릴레이트/아크릴릭애씨드코폴리머, 소듐폴리아크릴레이트, 트로메타민, 트라이소듐이디티에이, 오렌지껍질오일++, 라임전초오일++, 로즈마리잎오일++, 센티드제라늄꽃오일++, 리모넨, 시트로넬올, 제라니올, 시트랄, 리날룰 (*표시: 부활초 추출물, +표시: Napiers original formula, **표시: Napiers moisture formula, ++표시: 식물 유래 향)"
pi_essence_A000000163763,essence,[디렉터파이 MADE] 더파이 시카알란 퍼스트 에센스 150ml,더파이에센셜,,,,A000000163763,olive_crwl_price_ingredient,150.0,150.0,ml,34000.0,27200.0,1813.3,"병풀추출물(80%), 글리세린, 정제수, 프로판다이올, 1,2-헥산다이올, 부틸렌글라이콜, 알란토인(3000ppm), 에틸헥실글리세린, 잔탄검, 소듐시트레이트, 시트릭애씨드, 마데카소사이드(30ppm), 아시아티코사이드(20ppm), 아시아틱애씨드(2ppm), 마데카식애씨드(2ppm)"
pi_essence_A000000168272,essence,미구하라 울트라 화이트닝 퍼스트 에센스 오리진 120ml,미구하라,,,,A000000168272,olive_crwl_price_ingredient,120.0,120.0,ml,39000.0,33150.0,2762.5,"정제수, 글리세린, 1,2-헥산다이올, 나이아신아마이드, 베타인, 부틸렌글라이콜, 판테놀, 글리세레스-25피씨에이아이소스테아레이트, 잔탄검, 다이포타슘글리시리제이트, 맥아추출물, 자몽껍질오일, 소듐하이알루로네이트, 카프릴릭/카프릭트라이글리세라이드, 하이드롤라이즈드하이알루로닉애씨드, 베타-글루칸, 진흙버섯추출물, 카프릴릴글라이콜, 오렌지껍질오일, 소듐아세틸레이티드하이알루로네이트, 멕시칸주니퍼오일, 고수열매오일, 스피어민트잎오일, 락토바실러스/쌀발효물, 페퍼민트잎추출물, 노니열매추출물, 매실추출물, 사막장미잎세포추출물, 오이열매추출물, 병풀추출물, 녹차추출물, 키위추출물, 알로에잎추출물, 카룸 페트로셀리눔추출물, 케일잎추출물, 바오밥나무씨추출물, 티트리추출물, 아티초크잎추출물, 오죽잎추출물, 브루셀스프라우트추출물, 멜론추출물, 라임추출물, 효모베타-글루칸, 다시마추출물, 리모넨"
pi_essence_A000000169035,essence,[올리브영 단독기획] 믹순 콩 에센스 50ml 기획 (+병풀 에센스 20ml),믹순,,,,A000000169035,olive_crwl_price_ingredient,50.0,70.0,ml,,35000.0,5000.0,"[콩 에센스]
락토바실러스/콩발효추출물, 락토바실러스/석류발효추출물, 효모/보리씨발효추출물, 락토바실러스/배즙발효여과물

[미니 순디 병풀 에센스]
정제수,부틸렌글라이콜, 병풀추출물 100,000ppm"
pi_essence_A000000172209,essence,수페 버치 리치 오리진 에센스 150ml,수페,,,,A000000172209,olive_crwl_price_ingredient,150.0,150.0,ml,,30000.0,2000.0,"만주자작나무수액(81.7908%), 부틸렌글라이콜, 글리세레스-26, 글리세린, 1,2-헥산다이올, 에탄올, 에틸헥실글리세린, 정제수, 아데노신, 소듐하이알루로네이트, 향료, 카프릴로일살리실릭애씨드, 잔탄검, 소듐파이테이트"
pi_essence_A000000172993,essence,[덱스 PICK]오브제 올인원 더블 에센스 100ml,오브제,,,,A000000172993,olive_crwl_price_ingredient,100.0,200.0,ml,28900.0,26000.0,1300.0,"[수딩-1제]
에키네시아추출물,부틸렌글라이콜,글리세린,나이아신아마이드,꿀추출물,병풀추출물,프로폴리스추출물,마카뿌리추출물,정제수,1,2-헥산다이올,암모늄아크릴로일다이메틸타우레이트/브이피코폴리머,C12-13알케스-9,소듐하이알루로네이트,하이드롤라이즈드하이알루로닉애씨드,하이알루로닉애씨드,카보머,에틸헥실글리세린,트로메타민,덱스트린,폴리글루타믹애씨드,아데노신,잔탄검,글리세릴글루코사이드,카카오추출물,황련뿌리추출물,소듐폴리감마-글루타메이트,흰목이버섯폴리사카라이드,불등가사리추출물,겔리듐 카르틸라기네움추출물,다이소듐이디티에이

[퓨리파잉-2제]
에키네시아추출물,부틸렌글라이콜,세테아릴에틸헥사노에이트,세틸에틸헥사노에이트,글리세린,나이아신아마이드,카놀라오일,하이드로제네이티드식물성오일,베헤닐알코올,1,2-헥산다이올,정제수,밤껍질추출물,흰버드나무껍질추출물,토마토추출물,달맞이꽃꽃추출물,칡뿌리추출물,당느릅나무뿌리추출물,하이드록시에틸아크릴레이트/소듐아크릴로일다이메틸타우레이트코폴리머
,대왕송잎추출물,율무씨추출물,암모늄아크릴로일다이메틸타우레이트/브이피코폴리머,세테아릴알코올,스테아릭애씨드,에틸헥실글리세린,덱스트린,글루코오스,아데노신,폴리글리세릴-3메틸글루코오스다이스테아레이트,솔비탄아이소스테아레이트,글리세릴스테아레이트에스이,글리세릴글루코사이드,카카오추출물,메틸글루코오스세스퀴스테아레이트,황련뿌리추출물,흰목이버섯폴리사카라이드,소듐폴리감마-글루타메이트,불등가사리추출물,겔리듐 카르틸라기네움추출물,시트릭애씨드,다이소듐이디티에이"
pi_essence_A000000174304,essence,[수분탄력에센스] 유리아쥬 글로우업 오 에센스 100ml,유리아쥬,,,,A000000174304,olive_crwl_price_ingredient,100.0,100.0,ml,38000.0,28800.0,2880.0,"정제수,온천수*,다이글리세린,1,2-헥산다이올,자귀나무껍질추출물,글리세린,자일리틸글루코사이드,안하이드로자일리톨,이눌린,피이지-80글리세릴코코에이트,자일리톨,소듐하이알루로네이트,칼슘글루코네이트,글루코오스,잔탄검,폴리쿼터늄-51,마그네슘글루코네이트,소듐벤조에이트,시트릭애씨드,향료 *100,000ppm"
pi_essence_A000000176954,essence,에스티 로더 마이크로 에센스 트리트먼트 로션 100ml,에스티로더,,,,A000000176954,olive_crwl_price_ingredient,100.0,100.0,ml,99000.0,84150.0,8415.0,"정제수,비피다발효용해물,프로판다이올,피이지-75,락토바실러스발효물,아세틸헥사펩타이드-8,아세틸글루코사민,소듐하이알루로네이트,캐모마일꽃추출물,카페인,다이포타슘글리시리제이트,하이드롤라이즈드쌀추출물,베타인,말토덱스트린,카보머,트로메타민,시트릭애씨드,트레할로오스,부틸렌글라이콜,카프릴릴글라이콜,피피지-5-세테스-20,펜틸렌글라이콜,다이소듐이디티에이,소듐시트레이트,페녹시에탄올,포타슘솔베이트 [ILN49455] 제공된 성분은 동일 제품이라도 경우에 따라 변경될 수 있습니다. 최신정보는 제품 포장의 성분을 참고하시거나 본사 고객관리지원팀으로 연락 부탁 드립니다."
pi_essence_A000000182613,essence,[수분잠금/워터젤에센스] 빌리프 뉴메로 10 에센스 50ml,빌리프,,,,A000000182613,olive_crwl_price_ingredient,50.0,50.0,ml,29000.0,22200.0,4440.0,"정제수, 글리세린, 변성알코올, 다이프로필렌글라이콜, 부틸렌글라이콜, 1,2-헥산다이올, 트레할로오스, 바위손추출물*, 귀리커넬추출물+, 포트마리골드꽃추출물+, 개박하추출물+, 라즈베리잎추출물+, 와일드인디고뿌리추출물+, 별꽃추출물+, 레이디스맨틀잎추출물**, 삼색제비꽃추출물**, 다마스크장미꽃추출물**, 메도우스위트꽃추출물**, 마시멜로뿌리추출물**, 베타인, 판테놀, 아이리쉬모스추출물, 암모늄아크릴로일다이메틸타우레이트/브이피코폴리머, 피이지-40하이드로제네이티드캐스터오일, 옥틸도데세스-16, 카보머, 글리세릴아크릴레이트/아크릴릭애씨드코폴리머, 소듐폴리아크릴레이트, 트로메타민, 트라이소듐이디티에이, 오렌지껍질오일++, 라임전초오일++, 로즈마리잎오일++, 센티드제라늄꽃오일++, 리모넨, 시트로넬올, 제라니올, 시트랄, 리날룰 (*표시: 부활초 추출물, +표시: Napiers original formula, **표시: Napiers moisture formula, ++표시: 식물 유래 향)"
pi_essence_A000000184662,essence,아이오페 맨 바이오 컨디셔닝 에센스 145ml,아이오페,,,,A000000184662,olive_crwl_price_ingredient,145.0,145.0,ml,42000.0,29400.0,2027.6,"효모발효여과물, 프로판다이올, 글리세린, 변성알코올, 부틸렌글라이콜, 나이아신아마이드, 1,2-헥산다이올, 다이에톡시에틸석시네이트, 베타인, 피피지-13-데실테트라데세스-24, 소듐파이루베이트, 에틸헥실글리세린, 아데노신, 덱스트린, 향료, 다이소듐이디티에이, 타우린, 맥주효모추출물, 정제수, 펜틸렌글라이콜, 페퍼민트추출물"
pi_essence_A000000189953,essence,피지오겔 사이언수티컬즈 데일리뮨 글로우 에센스 100ML,피지오겔,,,,A000000189953,olive_crwl_price_ingredient,100.0,100.0,ml,60000.0,54000.0,5400.0,"""정제수, 다이프로필렌글라이콜, 프로판다이올, 글리세린, 트레할로오스, 변성알코올, 판테놀, 에칠아스코빌에텔(3-O-에틸아스코빅애씨드), 글라이코실트레할로오스, 페룰릭애씨드, 토코페롤, 소듐하이알루로네이트, 세라마이드엔피, 스쿠알란, 돌콩오일, 다마스크장미꽃오일, 베티버뿌리오일, 육계잎오일, 생강오일, 후추열매오일, 1,2-헥산다이올, 잇꽃꽃추출물, 카카오씨추출물, 솔비톨, 알란토인, 덱스트린, 다이글리세린, 소듐시트레이트, 시트릭애씨드, 하이드로제네이티드스타치하이드롤리세이트, 다이에톡시에틸석시네이트, 폴리글리세릴-10스테아레이트, 폴리글리세릴-10올리에이트, 카프릴릭/카프릭트라이글리세라이드, 하이드로제네이티드레시틴, 다이소듐이디티에이"
pi_essence_A000000190691,essence,[속보습+피부장벽+트러블케어] 스킨푸드 로열허니 프로폴리스 인리치 에센스 리필기획(50ml+50ml),스킨푸드,,,,A000000190691,olive_crwl_price_ingredient,50.0,100.0,ml,,32000.0,3200.0,"정제수, 글리세린, 부틸렌글라이콜, 다이프로필렌글라이콜, 1,2-헥산다이올, 쇠비름추출물, 프로폴리스추출물(6,316 ppm), 카보머, 알지닌, 로얄젤리추출물(1,000 ppm), 락토바실러스발효물, 효모발효물, 꿀추출물(500 ppm), 펜틸렌글라이콜, 소듐하이알루로네이트, 하이드록시에틸셀룰로오스, 다이소듐이디티에이, 에틸헥실글리세린, 베타-글루칸, 카프릴릴글라이콜."
pi_essence_A000000192301,essence,[모공케어] VT 리들샷 700 에센스 30ml,VT,,,,A000000192301,olive_crwl_price_ingredient,30.0,30.0,ml,58000.0,44600.0,14866.7,"정제수, 글리세린, 프로판다이올, 메틸프로판다이올, 카프릴릭/카프릭트라이글
리세라이드, 부틸렌글라이콜, 펜타에리스리틸테트라에틸헥사노에이트, 세틸에
틸헥사노에이트, 글리세레스-26, 시어버터, 마카다미아씨오일, 나이아신아마이
드, 실리카, 폴리글리세릴-3메틸글루코오스다이스테아레이트, 세테아릴알코올, 
스테아릭애씨드, 1,2-헥산다이올, C12-16알코올, 소듐아크릴레이트/소듐아크릴
로일다이메틸타우레이트코폴리머, 폴리아이소부텐, 하이드로제네이티드레시틴, 
팔미틱애씨드, 알지닌, 세테아릴글루코사이드, 카보머, 에틸헥실글리세린, 카프
릴릴글라이콜, 병풀추출물, 아데노신, 카프릴릴/카프릴글루코사이드, 솔비탄올
리에이트, 토코페릴아세테이트, 다이소듐이디티에이, 소듐하이알루로네이트, 아
크릴레이트/C10-30알킬아크릴레이트크로스폴리머, 글루코오스, 프로폴리스추출
물, 아시아티코사이드, 하이드롤라이즈드엘라스틴, 마데카소사이드, 마데카식애
씨드, 아시아틱애씨드, 글라이신, 세린, 글루타믹애씨드, 아스파틱애씨드, 류신, 
알라닌, 라이신, 타이로신, 페닐알라닌, 트레오닌, 프롤린, 발린, 아이소류신, 세
라마이드엔피, 히스티딘, 메티오닌, 시스테인, 글라이코스핑고리피드"
pi_essence_A000000199977,essence,[모공케어] VT 마일드 리들샷 50 에센스 50ml,VT,,,,A000000199977,olive_crwl_price_ingredient,50.0,50.0,ml,27000.0,24300.0,4860.0,"정제수, 다이프로필렌글라이콜, 글리세린, 나이아신아마이드, 부틸렌글라이콜, 마카다미아씨오일, 1,2-헥산다이올, 에틸헥실팔미테이트, 소듐폴리아크릴레이트, 소듐아크릴레이트/소듐아크릴로일다이메틸타우레이트코폴리머, 폴리아이소부텐, 글리세레스-26, 실리카, 에틸헥실글리세린, 카프릴릴글라이콜, 아데노신, 소듐하이알루로네이트, 카프릴릴/카프릴글루코사이드, 솔비탄올리에이트, 병풀추출물, 글리세릴글루코사이드, 잔탄검, 알로에베라잎추출물, 글루코오스, 아스타잔틴, 프로폴리스추출물, 아시아티코사이드, 마데카소사이드, 마데카식애씨드, 아시아틱애씨드"
pi_essence_A000000199981,essence,[모공스팟케어] VT 리들샷 1000 에센스 15ml,VT,,,,A000000199981,olive_crwl_price_ingredient,15.0,15.0,ml,63000.0,50400.0,33600.0,"정제수, 메틸프로판다이올, 프로판다이올, 카프릴릭/카프릭트라이글리세라이드, 부틸렌글라이콜, 글리세린, 펜타에리스리틸테트라에틸헥사노에이트, 시어버터, 실리카, 나이아신아마이드, 마카다미아씨오일, 세테아릴알코올, 폴리글리세릴-3메틸글루코오스다이스테아레이트, 1,2-헥산다이올, 팔미틱애씨드, C12-16알코올, 암모늄아크릴로일다이메틸타우레이트/브이피코폴리머, 스테아릭애씨드, 소듐아크릴레이트/소듐아크릴로일다이메틸타우레이트코폴리머, 하이드로제네이티드레시틴, 폴리아이소부텐, 세테아릴글루코사이드, 에틸헥실글리세린, 카프릴릴글라이콜, 아데노신, 병풀추출물, 카프릴릴/카프릴글루코사이드, 솔비탄올리에이트, 다이소듐이디티에이, 토코페릴아세테이트, 소듐하이알루로네이트, 금, 하이드롤라이즈드엘라스틴, 홍삼추출물, 글라이신, 세린, 글루타믹애씨드, 프로폴리스추출물, 수용성프로테오글리칸, 아스파틱애씨드, 류신, 아시아티코사이드, 알라닌, 라이신, 알지닌, 타이로신, 페닐알라닌, 마데카소사이드, 마데카식애씨드, 아시아틱애씨드, 트레오닌, 프롤린, 발린, 아이소류신, 세라마이드엔피, 히스티딘, 메티오닌, 시스테인, 글라이코스핑고리피드"
pi_essence_A000000202437,essence,[수분광채] VT 피디알엔 에센스 100 30ml,VT,,,,A000000202437,olive_crwl_price_ingredient,30.0,30.0,ml,45000.0,19900.0,6633.3,"정제수, 아이소프로필미리스테이트, 산양삼추출물, 카프릴릭/카프릭트라이글리세라이드, 세틸에틸헥사노에이트, 글리세린, 프로판다이올, 나이아신아마이드, 폴리글리세릴-2다이폴리하이드록시스테아레이트, 피이지-30다이폴리하이드록시스테아레이트, 폴리글리세릴-3다이아이소스테아레이트, 1,2-헥산다이올, 토코페롤, 하이드록시아세토페논, 해바라기씨오일, 아크릴레이트/C10-30알킬아크릴레이트크로스폴리머, 알지닌, 아데노신, 세라마이드엔피, 바오밥나무씨오일, 다이소듐이디티에이, 하이드로제네이티드레시틴, 알란토인, 스쿠알란, 판테놀, 폴리글루쿠로닉애씨드, 세라마이드엔에스, 세라마이드에이에스, 세라마이드이오피, 세라마이드에이피, 소듐디엔에이"
pi_essence_A000000202905,essence,[항산화/광채케어]주미소 안티옥시던트 글로우 수분광채 에센스 40ml,주미소,,,,A000000202905,olive_crwl_price_ingredient,40.0,40.0,ml,,32000.0,8000.0,"정제수, 프로판다이올, 부틸렌글라이콜, 나이아신아마이드, 메틸프로판다이올, 펜틸렌글라이콜, 1,2-헥산다이올, 아이소펜틸다이올, 옥틸도데세스-16, 알파-알부틴, 글리세릴글루코사이드, 글리세린, 카보머, 아데노신, 암모늄아크릴로일다이메틸타우레이트/브이피코폴리머, 토코페롤, 판테놀, 윈터체리뿌리추출물, 트로메타민, 병풀잎추출물"
pi_essence_A000000202920,essence,[미백집중] VT 비타-라이트 리들샷 100 에센스 50ml,VT,,,,A000000202920,olive_crwl_price_ingredient,50.0,50.0,ml,48000.0,36900.0,7380.0,"정제수, 다이프로필렌글라이콜, 글리세린, 나이아신아마이드, 폴리글리세린-3, 카프릴릭/카프릭트라이글리세라이드, 1,2-헥산다이올, 베타인, 소듐카보머, 암모늄아크릴로일다이메틸타우레이트/브이피코폴리머, 실리카, 에틸헥실글리세린, 아크릴레이트/C10-30알킬아크릴레이트크로스폴리머, C12-14알케스-12, 하이드록시에틸셀룰로오스, 하이드록시아세토페논, 카프릴릴글라이콜, 아데노신, 트로메타민, 부틸렌글라이콜, 인도멀구슬나무잎추출물, 다이소듐이디티에이, 인도멀구슬나무꽃추출물, 구아검, 울금뿌리추출물, 아가, 잔탄검, 유비퀴논, 병풀추출물, 홀리바질잎추출물, 토코페롤, 아스코빅애씨드, 하이드로제네이티드폴리데센, 비타민나무열매오일, 글루타티온, 비타민나무수, 프로판다이올, 참산호말추출물, 폴리글리세릴-10 라우레이트, 아스타잔틴, 하이드로제네이티드포스파티딜콜린, 다이소듐포스페이트, 폴리솔베이트60, 레티닐팔미테이트, 비파나무잎추출물, 소듐포스페이트, 소듐라우로일글루타메이트, 스피어민트추출물, 소듐하이알루로네이트, 프로폴리스추출물, 페룰릭애씨드, 아시아티코사이드, 아시아틱애씨드, 마데카식애씨드, 마데카소사이드"
pi_essence_A000000202923,essence,[모공집중] VT 레티-에이 리들샷 100 에센스 50ml,VT,,,,A000000202923,olive_crwl_price_ingredient,50.0,50.0,ml,48000.0,36900.0,7380.0,"정제수, 다이프로필렌글라이콜, 글리세린, 나이아신아마이드, 부틸렌글라이콜, 마카다미아씨오일, 다이메틸아이소소바이드, 1,2-헥산다이올, 에틸헥실팔미테이트, 소듐폴리아크릴레이트, 소듐아크릴레이트/소듐아크릴로일다이메틸타우레이트코폴리머, 글리세릴스테아레이트, 폴리글리세릴-6스테아레이트, 폴리아이소부텐, 실리카, 하이드록시피나콜론레티노에이트, 알란토인, 글리세레스-26, 에틸헥실글리세린, 카프릴릴글라이콜, 잔탄검, 다이포타슘글리시리제이트, 아데노신, 카프릴릴/카프릴글루코사이드, 솔비탄올리에이트, 폴리글리세릴-6베헤네이트, 소듐하이알루로네이트, 레시틴, 폴리솔베이트20, 병풀추출물, 레티놀, 바쿠치올, 해바라기씨오일, 베타-카로틴, 프로폴리스추출물, 감나무잎추출물, 포도추출물, 커피콩추출물, 잇꽃꽃추출물, 호장근뿌리추출물, 아시아티코사이드, 밤껍질추출물, 녹차추출물, 초피나무열매추출물, 마데카소사이드, 마데카식애씨드, 아시아틱애씨드"
pi_essence_A000000204366,essence,[피부장벽강화] 숨37 시크릿 에센스 기획 (30ml/45ml/50ml/80ml 기획),숨37,,,,A000000204366,olive_crwl_price_ingredient,30.0,205.0,ml,32000.0,23900.0,1165.9,"에센스: 정제수*, 락토바실러스발효용해물*, 프로판다이올, 부틸렌글라이콜*, 글리세린, 1,2-헥산다이올*, 2,3-부탄다이올+, 판테놀, 하이드로제네이티드레시틴+, 하이드록시프롤린, 수크로오스스테아레이트+, 세테아릴알코올, 세린, 세라마이드엔피+, 나이아신아마이드, 트로메타민, 비니거*, 아크릴레이트/C10-30알킬아크릴레이트크로스폴리머, 콜레스테롤+, 메도우스위트추출물, 폴리쿼터늄-51, 라우릴다이메티콘/폴리글리세린-3크로스폴리머, 다이프로필렌글라이콜, 하이드록시에틸셀룰로오스, 폴리메틸실세스퀴옥세인, 글리세릴스테아레이트+, 알란토인, 리놀레익애씨드+, 팔미틱애씨드+, 타히티바닐라추출물, 아이소스테아릭애씨드, 세라마이드에이피+, 세라마이드엔지+, 다이소듐포스페이트, 효모폴리펩타이드, 소듐포스페이트, 락토바실러스/배즙발효여과물*, 효모/보리씨발효여과물*, 수박추출물*, 무추출물*, 락토바실러스/인삼뿌리발효여과물*, 락토바실러스/콩발효추출물*, 락토바실러스/부레옥잠발효물*, 모나스커스/쌀발효물*, 효모/포도발효추출물*, 효모/감자추출물발효여과물*, 효모/자일리눔/홍차발효물*, 세라마이드이오피+, 단풍나무잎추출물*, 창포뿌리추출물*, 개다래추출물*, 으름덩굴추출물*, 양파추출물*, 마늘추출물*, 지모뿌리추출물*, 쑥잎추출물*, 사탕무뿌리추출물*, 양배추추출물*, 순무잎추출물*, 동백나무잎추출물*, 파파야열매추출물*, 잇꽃꽃추출물*, 결명씨추출물*, 병풀추출물*, 모과추출물*, 치커리뿌리추출물*, 베르가모트잎추출물*, 유자추출물*, 귤껍질추출물*, 더덕뿌리추출물*, 쿠네아타산사열매추출물*, 오이열매추출물*, 울금뿌리추출물*, 당근추출물*, 감추출물*, 쇠뜨기추출물*, 비파나무잎추출물*, 무화과추출물*, 허브로버트추출물*, 긴병꽃풀추출물*, 스페인감초뿌리추출물*, 잎새버섯자실체추출물*, 해바라기씨추출물*, 원추리꽃추출물*, 고구마뿌리추출물*, 표고버섯추출물*, 레몬버베나잎추출물*, 인동덩굴꽃추출물*, 구기자추출물*, 레몬밤추출물*, 페퍼민트꽃/잎/줄기추출물*, 산뽕나무잎추출물*, 바나나추출물*, 연꽃뿌리추출물*, 바질잎추출물*, 기장추출물*, 소엽잎추출물*, 팥추출물*, 왕질경이씨추출물*, 도라지뿌리추출물*, 쇠비름추출물*, 살구추출물*, 복숭아추출물*, 자두추출물*, 사과추출물*, 지황뿌리추출물*, 로즈마리잎추출물*, 라즈베리추출물*, 살비아잎추출물*, 얼룩조릿대잎추출물*, 형개추출물*, 검은깨추출물*, 시금치추출물*, 서양민들레잎추출물*, 타임잎추출물*, 하늘타리뿌리추출물*, 미역추출물*, 생강추출물*, 마트리카리아꽃추출물*, 은행추출물*, 약모밀추출물*, 락토바실러스/호밀가루발효물*, 락토바실러스/고추냉이뿌리발효추출물*, 라임전초오일, 베르가모트오일, 라벤더오일, 센티드제라늄꽃오일, 캐모마일꽃오일, 리모넨, 리날룰, 시트로넬올, 시트랄, 제라니올

세럼: 정제수, 2,3-부탄다이올, 글리세린, 1,2-헥산다이올, 카프릴릭/카프릭트라이글리세라이드, 다이메티콘, 해바라기씨오일, 변성알코올, 판테놀, 하이드로제네이티드레시틴, 스쿠알란, 카보머, 폴리우레탄-15, 폴리글리세릴-10스테아레이트, 폴리아크릴레이트-13, 폴리글리세릴-10올리에이트, 부틸렌글라이콜, 메틸메타크릴레이트크로스폴리머, 소듐폴리아크릴레이트, 알지닌, 비니거, 하이드로제네이티드폴리아이소부텐, 포스포리피드, 아데노신, 토코페롤, 다이메티콘/비닐다이메티콘크로스폴리머, 아크릴레이트/C10-30알킬아크릴레이트크로스폴리머, 펜틸렌글라이콜, 폴리글리세릴-10라우레이트, 에틸헥실팔미테이트, 다이소듐이디티에이, 소듐하이드록사이드, 아모다이메티콘, 덱스트린, 솔비탄아이소스테아레이트, 에틸헥실글리세린, 잇꽃꽃추출물, 효모폴리펩타이드, 카카오씨추출물, 포도주추출물, 베르가모트오일, 다마스크장미꽃오일, 일랑일랑꽃오일, 리날룰, 리모넨, 제라니올, 시트로넬올, 시트랄, 벤질벤조에이트, 벤질살리실레이트, 파네솔

크림: 정제수, 글리세린, 2,3-부탄다이올, 스쿠알란, 코코-카프릴레이트/카프레이트, 트레할로오스, 메도우폼씨오일, 1,2-헥산다이올, C13-15알케인, 카프릴릭/카프릭트라이글리세라이드, 판테놀, 피토스테릴/이소스테아릴/세틸/스테아릴/베헤닐다이머디리놀리에이트, 베헤닐알코올, C14-22알코올, 글리세릴베헤네이트, 세테아릴알코올, 메틸트라이메티콘, 미리스틸미리스테이트, 폴리글리세릴-3메틸글루코오스다이스테아레이트, 트라이에틸헥사노인, 레시틴, 다이메티콘, C12-20알킬글루코사이드, C30-45알킬다이메티콘, 폴리우레탄-15, 폴리아크릴레이트-13, 부틸렌글라이콜, 세라마이드엔피, 잔탄검, 비니거, 하이드로제네이티드폴리아이소부텐, 아데노신, 스클레로튬검, 암모늄폴리아크릴로일다이메틸타우레이트, 풀루란, 폴리글리세릴-10라우레이트, 에틸헥실팔미테이트, 실리카, 솔비탄아이소스테아레이트, 토코페롤, 해바라기씨오일, 효모폴리펩타이드, 포도주추출물, 베르가모트오일, 다마스크장미꽃오일, 일랑일랑꽃오일, 리날룰, 리모넨, 제라니올, 시트로넬올, 시트랄, 벤질벤조에이트, 벤질알코올, 벤질살리실레이트, 파네솔"
pi_ampoule_A000000243677,ampoule,[7월올영픽/재구매율1위] 피지오겔 데일리뮨 앰플 20ml+20ml 기획,피지오겔,,,,A000000243677,olive_crwl_price_ingredient,20.0,40.0,ml,78000.0,54000.0,13500.0,"정제수, 다이프로필렌글라이콜, 프로판다이올, 아스코빅애씨드, 2,3-부탄다이올, 글리세린, 변성알코올, 판테놀, 글라이코실트레할로오스, 하이드로제네이티드스타치하이드롤리세이트, 1,2-헥산다이올, 솔비톨, 폴리글리세릴-10스테아레이트, 폴리글리세릴-10올리에이트, 알란토인, 마데카소사이드, 트레할로오스, 부틸렌글라이콜, 베티버뿌리오일, 덱스트린, 소듐하이알루로네이트, 잇꽃꽃추출물, 카카오씨추출물, 후추열매오일, 생강오일, 홍삼추출물, 영지버섯추출물, 토코페롤, 페룰릭애씨드, 스쿠알란, 카프릴릭/카프릭트라이글리세라이드, 세라마이드엔피, 하이드로제네이티드레시틴, 육계잎오일, 다마스크장미꽃오일, 돌콩오일, 다이소듐이디티에이, 트로메타민"
pi_ampoule_A000000261321,ampoule,차앤박 더마앤서 브라이트닝 부스터 TXA-PDRN 앰플 30ml,차앤박,,,,A000000261321,olive_crwl_price_ingredient,30.0,30.0,ml,,42000.0,14000.0,"정제수, 나이아신아마이드, 트라넥사믹애씨드 (10%), 프로판다이올, 베타인, 1,2-헥산다이올, 글라이콜릭애씨드, 비스-에톡시다이글라이콜사이클로헥산1,4-다이카복실레이트, 부틸렌글라이콜, 다이메티콘, 글리세린, 판테놀, 잔탄검, 아이리쉬모스추출물, 펜틸렌글라이콜, 폴리다틴, 하이드로제네이티드레시틴, 코직애씨드, 소듐디엔에이 (0.1%), 아데노신, 하이드록시페닐프로파미도벤조익애씨드, 트라이소듐이디티에이, 사이아노코발아민, 글루타티온, 소듐클로라이드, 소듐바이카보네이트, 글루코오스, 포타슘클로라이드, 아스코빌팔미테이트, 소듐하이알루로네이트, 알지닌, 알지닌/라이신폴리펩타이드, 소듐포스페이트, 라이신에이치씨엘, 소듐파이루베이트, 아이소류신, 류신, 타이로신, 트레오닌, 발린, 알지닌에이치씨엘, 아스코빅애씨드, 페닐알라닌, 시스틴, 석시닉애씨드, 칼슘클로라이드, 히스티딘에이치씨엘, 세린, 글라이신, 메티오닌, 모란가지/꽃/잎추출물, 트립토판, 이노시톨, 폴릭애씨드, 피리독신에이치씨엘, 티아민에이치씨엘, 소르빅애씨드, 리보플라빈"
pi_ampoule_A000000231885,ampoule,[속건조필수템] 웰라쥬 리얼 히알루로닉 블루 100 앰플 75ml 2입 기획,웰라쥬,,,,A000000231885,olive_crwl_price_ingredient,75.0,150.0,ml,50000.0,29900.0,1993.3,"정제수, 프로판다이올, 펜틸렌글라이콜, 글리세린, 1,2-헥산다이올, 판테놀, 메틸프로판다이올, 소듐아크릴릭애씨드/엠에이코폴리머, 부틸렌글라이콜, 참마뿌리추출물, 잔탄검, 소듐시트레이트, 에틸헥실글리세린, 소듐하이알루로네이트(1,000ppm), 글라이코실트레할로오스, 하이드로제네이티드스타치하이드롤리세이트, 시트릭애씨드, 라피노오스, 아데노신, 레시틴, 트라이소듐에틸렌다이아민다이석시네이트, 카프릴릴글라이콜, 사카라이드아이소머레이트, 폴리쿼터늄-51, 말라카이트추출물, 알지닌, 소듐디엔에이, 갈랑가갈랑갈추출물, 바이오사카라이드검-1, 사이아노코발아민, 토코페롤, 카프릴릭/카프릭트라이글리세라이드, 하이드로제네이티드레시틴, 하이드롤라이즈드하이알루로닉애씨드(0.100052ppm) 하이드롤라이즈드소듐하이알루로네이트(0.1ppm), 수크로오스라우레이트, 소듐스테아로일글루타메이트, 암모늄아크릴로일다이메틸타우레이트/브이피코폴리머, 글라이신, 세린, 히스티딘, 돌콩추출물, 라이소레시틴, 플로레틴, 테트라하이드로피페린, 다이메틸아이소소바이드, 소듐하이알루로네이트크로스폴리머(2.08ppb), 벤질글라이콜, 하이드롤라이즈드글라이코사미노글리칸, 올레일알코올, 베타-글루칸, 하이드록시프로필트라이모늄하이알루로네이트(0.012ppb), 하이알루로닉애씨드(0.001ppb), 소듐아세틸레이티드하이알루로네이트(0.0002ppb)"
pi_ampoule_A000000224494,ampoule,[조유리 PICK/트러블1등] 셀라딕스 트러블 세범 리밸런싱 131 앰플 30ml,셀라딕스,,,,A000000224494,olive_crwl_price_ingredient,30.0,30.0,ml,28900.0,25400.0,8466.7,"정제수,다이프로필렌글라이콜,부틸렌글라이콜,글리세레스-26,나이아신아마이드,글리세린,베타인,피토스테롤,세라마이드엔피,스쿠알란,라우릭애씨드,아라키딕애씨드,베헤닉애씨드,베타-글루칸,참오동나무잎추출물,육계나무껍질추출물,생달나무잎추출물,녹나무잎추출물,월계수잎추출물,고수추출물,유칼립투스잎추출물,황금추출물,후박나무가지추출물,1,2-헥산다이올,폴리글리세릴-10라우레이트,폴리글리세릴-10미리스테이트,하이드록시아세토페논,판테놀,아데노신,다이소듐이디티에이,소듐하이알루로네이트,잔탄검,소듐폴리아크릴레이트,에틸헥실글리세린,베르가모트오일,라반딘오일,오렌지껍질오일,라벤더오일,발삼아미리스껍질오일,바질오일,리모넨,리날룰"
pi_ampoule_A000000255620,ampoule,[1등미백앰플]메디큐브 PDRN 핑크 펩타이드 앰플 30ml 리필기획(+리필팩50ml+거울키링),메디큐브,,,,A000000255620,olive_crwl_price_ingredient,30.0,80.0,ml,46000.0,24500.0,3062.5,"**PDRN 앰플 30ml
정제수,글리세린,다이프로필렌글라이콜,아이소프로필미리스테이트,글리세레스-26,나이아신아마이드,1,2-헥산다이올,소듐디엔에이,부틸렌글라이콜,폴리글리세린-3,소듐아크릴레이트/소듐아크릴로일다이메틸타우레이트코폴리머,폴리아이소부텐,아크릴레이트/C10-30알킬아크릴레이트크로스폴리머,이리추출물,트로메타민,글리세릴아크릴레이트/아크릴릭애씨드코폴리머,피브이엠/엠에이코폴리머,에틸헥실글리세린,카프릴릴글라이콜,향료,인도멀구슬나무잎추출물,아데노신,카프릴릴/카프릴글루코사이드,솔비탄올리에이트,인도멀구슬나무꽃추출물,소듐하이알루로네이트,다이소듐이디티에이,울금뿌리추출물,사이아노코발아민,하이드롤라이즈드콜라겐,유비퀴논,홀리바질잎추출물,참산호말추출물,팔미토일펜타펩타이드-4,팔미토일트라이펩타이드-1,팔미토일테트라펩타이드-7,카퍼트라이펩타이드-1,아세틸헥사펩타이드-8,연어알추출물,아텔로콜라겐"
pi_ampoule_A000000258877,ampoule,[1+1] 이니스프리 레티놀 시카 모공 흔적 앰플 30ml 리필기획(+30ml 리필),이니스프리,,,,A000000258877,olive_crwl_price_ingredient,30.0,60.0,ml,48000.0,29200.0,4866.7,"정제수, 글리세린, 부틸렌글라이콜, 나이아신아마이드, 병풀잎수(17712ppm), 다이부틸아디페이트, 1,2-헥산다이올, 카프릴릭/카프릭트라이글리세라이드, 하이드로제네이티드레시틴, 암모늄아크릴로일다이메틸타우레이트/브이피코폴리머, 콜레스테롤, 돌콩오일, 알란토인, 토코페롤, 에틸헥실글리세린, 토코페릴아세테이트, 소듐메틸스테아로일타우레이트, 해바라기씨오일, 폴리글리세릴-6카프릴레이트, 다이메틸아이소소바이드, 아데노신, 레티놀(1,000IU/g), 당근추출물, 잔탄검, 폴리글리세릴-10라우레이트, 하이드록시피나콜론레티노에이트, 레틴알, 풀루란, 세라마이드엔피, 하이알루로닉애씨드,베타-카로틴, 트로메타민, 병풀추출물(1ppm), 글라이코프로테인, 제인, 펙틴*3X RETINOL COMPLEX 1% : 레티놀 1,000IU/g, 레틴알 0.005%, 하이드록시피나콜론레티노에이트 0.005%"
pi_ampoule_A000000217326,ampoule,[7월 올영픽] (50%용량증정) 에스트라 아토베리어365 세라-히알 속수분 앰플 30ml 기획 (+15ml),에스트라,,,,A000000217326,olive_crwl_price_ingredient,30.0,45.0,ml,33000.0,24400.0,5422.2,"정제수, 부틸렌글라이콜, 글리세린, 나이아신아마이드, 1,2-헥산다이올, 베타인, 판테놀, 카보머, 에틸헥실글리세린, 소듐하이알루로네이트, 3-O-에틸아스코빅애씨드, 셀룰로오스검, 트로메타민, 소듐트라이메타포스페이트, 다이포타슘글리시리제이트, 프로판다이올, 아데노신, 하이드록시프로필비스팔미타마이드엠이에이, 소듐메타포스페이트, 글리세릴카프릴레이트, 포타슘하이드록사이드, 소듐락테이트, 바이오사카라이드검-1, 카프릴릭/카프릭트라이글리세라이드, 펜틸렌글라이콜, 시트릭애씨드, 하이드록시에틸우레아, 폴리글리세릴-10스테아레이트, 콜레스테롤, 프로필렌글라이콜, 포타슘세틸포스페이트, 토코페롤, 세라마이드엔피, 만니톨, 스테아릭애씨드, 실리카, 아크릴레이트/암모늄메타크릴레이트코폴리머, 하이드로제네이티드레시틴, 팔미틱애씨드, 올레익애씨드, 아라키딕애씨드, 스핑고리피드"
pi_ampoule_A000000252119,ampoule,[NEW/장벽앰플] 코스노리 판테놀 베리어 앰플 10 50ml,코스노리,,,,A000000252119,olive_crwl_price_ingredient,50.0,50.0,ml,24000.0,16800.0,3360.0,"정제수, 프로판다이올, 판테놀, 부틸렌글라이콜, 메틸프로판다이올, 글리세린, 1,2-헥산다이올, 2,3-부탄다이올, 나이아신아마이드, 카카두플럼추출물, 다이프로필렌글라이콜, 옥틸도데세스-16, 하이드록시에틸셀룰로오스, 라피노오스, 에틸헥실글리세린, 카보머, 아데노신, 프룩토올리고사카라이드, 다이소듐이디티에이, 트로메타민, 불가리스쑥오일, 베타-글루칸, 하이드로제네이티드레시틴, 소듐하이알루로네이트, 하이드롤라이즈드하이알루로닉애씨드, 한련초잎추출물, 다시마추출물, 토코페롤"
pi_ampoule_A000000189837,ampoule,[흔적미백] 넘버즈인 5번 글루타치온C 흔적 앰플 30ml+30ml 듀오기획,넘버즈인,,,,A000000189837,olive_crwl_price_ingredient,30.0,60.0,ml,46000.0,29900.0,4983.3,"정제수, 부틸렌글라이콜, 나이아신아마이드(50,000 ppm), 판테놀(50,000 ppm), 트라넥사믹애씨드(40,000 ppm), 1,2-헥산다이올, 네오펜틸글라이콜다이카프레이트, 카프릴릭/카프릭트라이글리세라이드, 솔비톨, 월귤추출물, 아이리쉬모스추출물, 시어버터, 사탕수수추출물, 알파-알부틴, 비피다발효용해물, 소듐하이알루로네이트, 인도멀구슬나무꽃추출물, 홀리바질잎추출물, 인도멀구슬나무잎추출물, 울금뿌리추출물, 참산호말추출물, 흰목이버섯추출물, 펜틸렌글라이콜, 글리세린, 3-O-에틸아스코빅애씨드(2,000 ppm), 비사보롤, 트로메타민, 에틸헥실글리세린, 아데노신, 하이드로제네이티드레시틴, 알란토인, 글루타티온(100 ppm), 세라마이드엔피, 베타-글루칸, 다이포타슘글리시리제이트, 토코페롤, 아스코빅애씨드(1 ppb), 아스코빌글루코사이드(1 ppb), 토코페릴아세테이트, 하이드록시프로필사이클로덱스트린, 유비퀴논, 티옥틱애씨드, 포타슘하이드록사이드, 베헤닐알코올, 카보머, 잔탄검, 다이소듐이디티에이"
pi_ampoule_A000000230854,ampoule,[나이아신아마이드] 리덴스 톤앤스팟 코렉터 앰플 30ml 더블기획,리덴스,,,,A000000230854,olive_crwl_price_ingredient,30.0,60.0,ml,39900.0,22020.0,3670.0,"정제수, 부틸렌글라이콜, 나이아신아마이드, 글리세린, 하이드로제네이티드폴리데센, 다이프로필렌글라이콜, 옥틸도데칸올, 프로판다이올, 1,2-헥산다이올, 락토바실러스발효물, 세테아릴올리베이트, 하이드록시아세토페논, 솔비탄올리베이트, 카보머, 트로메타민, 아이비고드열매추출물, 한련초추출물, 펜틸렌글라이콜, 에틸헥실글리세린, 아크릴레이트/C10-30알킬아크릴레이트크로스폴리머, 아데노신, 비파나무잎추출물, 다이소듐이디티에이, 마데카소사이드, 인도멀구슬나무꽃추출물, 홀리바질잎추출물, 데실글루코사이드, 서인도체리열매추출물, 스피어민트추출물, 티옥틱애씨드, 인도멀구슬나무잎추출물, 판테놀, 카프릴릴글라이콜, 울금뿌리추출물, 참산호말추출물, 소듐하이알루로네이트, 하이알루로닉애씨드, 하이드롤라이즈드하이알루로닉애씨드, 글루타티온, 카프릴릭/카프릭트라이글리세라이드, 하이드로제네이티드레시틴, 아스코빅애씨드, 브로멜라인, 에피갈로카테킨갈레이트, 헤스페리딘, 토코페롤, 해바라기씨오일, 비타민나무열매추출물, 폴리글리세릴-10올리에이트, 소듐디엔에이, 아세틸헥사펩타이드-8, 하이드록시데실유비퀴논"
pi_ampoule_A000000260600,ampoule,셀라딕스 세범 리밸런싱 RX 131 앰플 30ml 기획 (+미니언즈 키링) (미니언즈 콜라보),셀라딕스,,,,A000000260600,olive_crwl_price_ingredient,30.0,30.0,ml,,28900.0,9633.3,"정제수, 다이프로필렌글라이콜, 부틸렌글라이콜, 글리세레스 -26, 나이아신아마이드, 글리세린,베타인, 피토스테롤, 세라마이드엔피, 스쿠알란, 라우릭애씨드, 아라키딕애씨드, 베헤닉애씨드, 베타-글루칸, 참오동나무잎추출물, 육계나무껍질추출물, 생달나무잎추출물, 녹나무잎추출물, 월계수잎추출물, 고수추출물, 유칼립투스잎추출물, 황금추출물, 후박나무가지추출물, 1,2-헥산다이올, 폴리글리세릴-10라우레이트, 폴리글리세릴-10미리스테이트,하이드록시아세토페논, 판테놀, 아데노신, 다이소듐이디티에이, 소듐하이알루로네이트, 잔탄검, 소듐폴리아크릴레이트, 에틸헥실글리세린, 베르가모트오일, 라반딘오일, 오렌지껍질오일, 라벤더오일, 발삼아미리스껍질오일, 바질오일, 리모넨, 리날룰"
pi_ampoule_A000000183707,ampoule,[한정수량/오리지널 c-PDRN] 리쥬란 힐러 턴오버 앰플 듀얼 이펙트 30ml 기획(+7ml),리쥬란,,,,A000000183707,olive_crwl_price_ingredient,30.0,37.0,ml,59000.0,48000.0,12973.0,"정제수, 피이지-6, 글리세린, 서양산딸기잎추출물, 소듐하이알루로네이트, 다이프로필렌글라이콜, 부틸렌글라이콜, 나이아신아마이드, 1,2-헥산다이올, 제로틴/하이드롤라이즈드디엔에이, 로우스위트베리추출물, 알로에베라잎즙, 카보머, 포트마리골드꽃추출물, 검은뽕나무열매추출물, 스페인감초뿌리추출물, 스쿠알란, 하이드롤라이즈드디엔에이, 잔탄검, 하이드로제네이티드레시틴, 카프릴릴글라이콜, 에틸헥실글리세린, 폴리솔베이트20, 헥실렌글라이콜, 세라마이드엔피, 아데노신, 우레아, 트레할로스, 펜틸렌글라이콜, 알부틴, 토코페릴아세테이트, 비사보롤, 콜레스테롤, 세린, 이눌린라우릴카바메이트, 알진, 다이소듐포스페이트, 글리세릴폴리아크릴레이트, 풀루란, 포타슘포스페이트"
pi_ampoule_A000000258676,ampoule,[7월올영픽/곰돌이푸콜라보] 성분에디터 실크펩타이드 EGF 하트핏 볼륨 리프팅 앰플 40ml 더블기획 (+파우치 증정),성분에디터,,,,A000000258676,olive_crwl_price_ingredient,40.0,80.0,ml,43000.0,22900.0,2862.5,"실크수(69.9%), 부틸렌글라이콜, 정제수, 글리세린, 메틸프로판다이올, 1,2-헥산다이올, 나이아신아마이드, 카보머, 트로메타민, 피피지-13-데실테트라데세스-24, 프로판다이올, 아데노신, 아이리쉬모스가루,아가, 하이드록시에틸셀룰로오스, 다이소듐이디티에이, 아크릴레이트/C10-30알킬아크릴레이트크로스폴리머, 합성플루오르플로고파이트,
돌콩펩타이드(100 ppm), 베타인, 판테놀, 티타늄디옥사이드, 적색산화철, 마이카, 젤란검, 마그네슘아스코빌포스페이트, 병풀추출물, 하이드
롤라이즈드콜라겐, 약모밀추출물, 틴옥사이드, 에틸헥실글리세린, 스쿠알란, 하이드로제네이티드폴리아이소부텐, 벤질글라이콜, 레시틴, 하이드롤라이즈드글라이코사미노글리칸, 소듐하이알루로네이트, 카프릴릴글라이콜, 하이드로제네이티드레시틴, 에스에이치-폴리펩타이드-121(204ppb), 카프릴릭/카프릭트라이글리세라이드, 소듐팔미토일사코시네이트,토코페롤, 카페오일헥사펩타이드-65(104 ppb),소듐하이알루로네이트크로스폴리머, 아세틸글루타민, 헵타소듐헥사카복시메틸다이펩타이드-12(54 ppb), 하이드롤라이즈드하이알루로닉애씨드, 바실러스/폴릭애씨드/돌콩발효추출물, 금, 소듐포스페이트, 콜라겐, 미리스토일펜타펩타이드
-17(14 ppb), 미리스토일펜타펩타이드-4(14 ppb), 에스에이치-폴리펩타이드-123(14 ppb), 하이드록시프로필트라이모늄하이알루로네이트, 덱스
트란, 벤조익애씨드, 소듐벤조에이트, 하이드롤라이즈드엘라스틴, 팔미토일펜타펩타이드-5(9 ppb), 아세틸테트라펩타이드-3(7 ppb), 카퍼트라
이펩타이드-1(6 ppb), 팔미토일펜타펩타이드-4(5 ppb), 아세틸헥사펩타이드-8(5 ppb), 팔미토일테트라펩타이드-7(4 ppb), 에스에이치-데카펩타이드-7(4 ppb), 에스에이치-옥타펩타이드-4(4 ppb), 에스에이치-올리고펩타이드-9(4 ppb), 에스에이치-펜타펩타이드-19(4 ppb), 팔미토일트라이펩타이드-1(4 ppb), 트라이펩타이드-32(4 ppb), 에스알-(올리고펩타이드-91클로스트리듐보툴리눔폴리펩타이드-1)(4 ppb), 에스에이치-올리고펩타이드-1(4 ppb), 에스에이치-폴리펩타이드-1(4 ppb),
에스에이치-올리고펩타이드-2(4 ppb), 에스에이치-폴리펩타이드-11(4ppb), 에스에이치-폴리펩타이드-9(4 ppb), 에스에이치-폴리펩타이드-16(4 ppb), 에스에이치-폴리펩타이드-22(4 ppb), 에스에이치-폴리펩타이드-3(4 ppb), 에스에이치-폴리펩타이드-19(4 ppb), 에스에이치-폴리펩타이드-62(4 ppb), 붉은토끼풀꽃추출물, 하이알루로닉
애씨드, 지모뿌리추출물, 소듐아세틸레이티드하이알루로네이트"
pi_ampoule_A000000235178,ampoule,[1등모공앰플] 성분에디터 그린토마토 NMN 포어 리프팅 앰플 40ml 더블기획,성분에디터,,,,A000000235178,olive_crwl_price_ingredient,40.0,80.0,ml,36000.0,19800.0,2475.0,"토마토수(680,000 ppm), 정제수, 부틸렌글라이콜, 글리세린, 자일리톨, 1,2-헥산다이올, 다이프로필렌글라이콜, 나이아신아마이드, 니코틴아마이드모노뉴클레오타이드(10,000 ppm), 트레할로오스, 잔탄검, 카보머, 페닐트라이메티콘, 트로메타민, 알란토인, C12-13알케스-9, 폴리메틸실세스퀴옥세인, 소듐시트레이트, 에틸헥실글리세린, 잇꽃꽃추출물, 메틸다이하이드로자스모네이트, 다이포타슘글리시리제이트, 아데노신, 다이소듐이디티에이, 치자추출물, 덱스트린, 토마토추출물(200 ppm), 에틸렌브라실레이트, 글루코노락톤, 판테놀, 2-t-부틸사이클로헥실아세테이트, 칡뿌리추출물, 달맞이꽃꽃추출물, 대왕소나무잎추출물, 당느릅나무뿌리추출물, 피브로넥틴, 니코틴아마이드아데닌다이뉴클레오타이드, 소듐하이알루로네이트, 아데노신트라이포스페이트, 하이드로제네이티드레시틴, 하이드롤라이즈드하이알루로닉애씨드, 하이알루로닉애씨드, 소듐하이알루로네이트크로스폴리머, 하이드록시프로필트라이모늄하이알루로네이트, 하이드로제네이티드폴리아이소부텐, 벤질글라이콜, 세라마이드엔피, 토코페롤, 하이드롤라이즈드엘라스틴, 폴리글리세릴-10라우레이트, 데이지꽃추출물, 수용성프로테오글리칸, 유채스테롤, 토마토즙(0.1 ppm), 토마토열매/잎/줄기추출물(0.1 ppm), 페네틸알코올, 하이드롤라이즈드콜라겐, 라즈베리케톤, 피토스테릴/베헤닐/옥틸도데실라우로일글루타메이트, 콜레스테롤, 라이소레시틴, 올레익애씨드, 글라이코사미노글리칸, 소듐클로라이드, 포타슘포스페이트, 포타슘클로라이드, 다이소듐포스페이트, 하이드롤라이즈드식물성단백질, 지모뿌리추출물, 라이코펜, 콜라겐추출물, 리날릴아세테이트, 에틸리날룰, 유칼립톨, 메틸렌다이옥시페닐메틸프로판알, 헥세닐아세테이트, 2,4-다이메틸-3-사이클로헥신카복스알데하이드, 3-헥센올"
pi_ampoule_A000000255242,ampoule,[최초트리플/집중진정] 라운드랩 소나무 진정 시카 앰플 30ml 트리플 기획,라운드랩,,,,A000000255242,olive_crwl_price_ingredient,30.0,90.0,ml,49900.0,29900.0,3322.2,"정제수, 부틸렌글라이콜, 다이프로필렌글라이콜, 글리세레스-26, 글리세린, 소나무잎추출물(10,022ppm), 1,2-헥산다이올, 프로판다이올, 하이알루로닉애씨드, 하이드롤라이즈드하이알루로닉애씨드, 소듐하이알루로네이트, 에틸헥실글리세린, 병풀추출물(111.22ppm), 인도멀구슬나무잎추출물, 황련뿌리추출물, 인도멀구슬나무꽃추출물, 하이드록시아세토페논, 글라이코프로테인(2.0044ppm), 소듐시트레이트, 카프릴로일살리실릭애씨드, 아시아티코사이드(0.1002ppm), 아시아틱애씨드(0.1002ppm), 마데카소사이드(0.1002ppm), 마데카식애씨드(0.1002ppm), 다이소듐이디티에이, 잔탄검, 카보머, 트로메타민, 시트릭애씨드"
pi_ampoule_A000000258649,ampoule,[7월올영픽/곰돌이푸콜라보] 성분에디터 그린토마토 NMN 포어 리프팅 앰플 40ml 더블 기획 (+히퍼 랜덤 1종),성분에디터,,,,A000000258649,olive_crwl_price_ingredient,40.0,80.0,ml,36000.0,19800.0,2475.0,"토마토수(680,000 ppm), 정제수, 부틸렌글라이콜, 글리세린, 자일리톨, 1,2-헥산다이올, 다이프로 필렌글라이콜, 나이아신아마이드, 니코틴아마이드모노뉴클레오타이드(10,000 ppm),트레할로오스, 잔탄검, 카보머, 페닐트라이메티콘, 트로메타민, 알란토인, C12-13알케스-9, 폴리메틸실세스퀴옥세인, 소듐시트레이트, 에틸헥실글리세린, 잇꽃꽃추출물, 메틸다이하이드로자스모네이트, 다이포타슘글리시리제이트, 아데노신, 다이소듐이디티에이, 치자추출물, 덱스트린, 토마토추출물(400 ppm), 에틸렌브라
실레이트, 글루코노락톤, 판테놀, 2-t-부틸사이클로헥실아세테이트, 칡뿌리추출물, 달맞이꽃꽃추출물, 대왕소나무잎추출물, 당느릅나무뿌리추출물, 피브로넥틴, 니코틴아마 이드아데닌다이뉴클레오타이드, 소듐하이알루로네이트, 아데노신트라이포스페이트,하이드로제네이티드레시틴, 하이드롤라이즈드하이알루로닉애씨드, 하이알루로닉애씨드, 소듐하이알루로네이트크로스폴리머, 하이드록시프로필트라이모늄하이알루로네이트, 하이드로제네이티드폴리아이소부텐, 벤질글라이콜, 세라마이드엔피, 토코페롤, 하이드롤라이즈드엘라스틴, 폴리글리세릴-10라우레이트, 데이지꽃추
출물, 수용성프로테오글리칸, 유채스테롤, 토마토즙(0.1 ppm), 토마토열매/잎/줄기추출물(0.1 ppm), 페네틸알코올, 하이드롤라이
즈드콜라겐, 라즈베리케톤, 피토스테릴/베헤닐/옥틸도데실라우로일글루타메이트, 콜레스테롤, 라이소레시틴, 올레익애씨드, 글라이코사미노글리칸, 소듐클로라이드, 포타슘포스페이트, 포타슘클로라이드, 다이소듐포스페이트, 하이드롤라이즈드식물성단백질, 지모뿌리추출물, 라이코펜, 콜라겐추출물, 리날릴아세테이트, 에틸리날룰, 유칼립톨, 메틸렌다이옥시페닐메틸프로판알, 헥세닐아세테이트, 2,4-다이 메틸-3-사이클로헥신카복스알데하이드, 3-헥센올"
pi_ampoule_A000000214675,ampoule,[EGF최대함량/1등진정앰플] 클레어스 블루 유스 액티베이팅 드롭 50ml,디어클레어스,,,,A000000214675,olive_crwl_price_ingredient,50.0,50.0,ml,52500.0,39000.0,7800.0,"정제수, 부틸렌글라이콜, 에스에이치-올리 고펩타이드-1, 에스에이치-폴리펩타이드-1, 로우스 위트블루베리추출물, 레시틴, 솔비탄세스퀴올리에이 트, 1,2-헥산다이올, 카프릴릴글라이콜, 피이지-60 하이드로제네이티드캐스터오일, 글리세린, 클로페네 신, 구아이아줄렌, 에틸헥실글리세린, 아데노신"
pi_ampoule_A000000203971,ampoule,[속보습/속광/진정] 셀리맥스 더 리얼 노니 에너지 앰플 80ml 기획(+10ml),셀리맥스,,,,A000000203971,olive_crwl_price_ingredient,80.0,90.0,ml,33000.0,29700.0,3300.0,"정제수, 부틸렌글라이콜, 프로판다이올, 글리세린, 1,2-헥산다이올, 노니열매추출물(0.7%), 소듐폴리아크릴로일다이메틸타우레이트, 다이에톡시에틸석시네이트, 알란토인, 옥틸도데세스-16, 다이프로필렌글라이콜, 인도멀구슬나무잎추출물, 소듐하이알루로네이트, 에틸헥실글리세린, 아데노신, 다이소듐이디티에이, 판테놀, 글리세릴폴리메타크릴레이트, 인도멀구슬나무꽃추출물, 노니씨오일(200ppm), 하이드로제네이티드레시틴, 카카오씨추출물, 로즈마리잎오일, 덱스트린, 세테아릴올리베이트, 솔비탄올리베이트, 수크로오스팔미테이트, 만다린껍질추출물, 올리브오일, 퀸즈랜드넛오일, 포도씨오일, 호호바씨오일, 수용성콜라겐, 토코페롤"
pi_ampoule_A000000166013,ampoule,[모공결데일리앰플] 라로슈포제 에빠끌라 울트라 컨센트레이티드 세럼 30ml,라로슈포제,,,,A000000166013,olive_crwl_price_ingredient,30.0,30.0,ml,51000.0,45900.0,15300.0,정제수 변성알코올 글리세린 프로판다이올 나이아신아마이드 락틱애씨드 하이드록시에틸피페라진에탄설포닉애씨드 하이드록시아세토페논 소듐하이드록사이드 하이드록시프로필구아 살리실릭애씨드 파이틱애씨드
pi_ampoule_A000000144177,ampoule,미샤 비타씨플러스 잡티씨 탄력 앰플 40ml,미샤,,,,A000000144177,olive_crwl_price_ingredient,40.0,40.0,ml,28000.0,18620.0,4655.0,"감초뿌리추출물,비타민나무수(24.48%)*,글리세린,메틸프로판다이올,부틸렌글라이콜,나이아신아마이드*,다이에톡시에틸석시네이트,1,2-헥산다이올*, 토코페릴아세테이트,정제수*,에칠아스코빌에텔(15,000ppm)*,비피다발효용해물,트라넥사믹애씨드*,알부틴*,아스코빅애씨드(1.0005ppb)*,아스코빌글루코사이드(0.00025ppb)*,하이드롤라이즈드콜라겐*,세라마이드엔피*,풀러린,팔미토일트라이펩타이드-5,아세틸헥사펩타이드-8, 하이알루로닉애씨드,소듐하이알루로네이트,하이드롤라이즈드하이알루로닉애씨드, 글리세릴글루코사이드, 토코페롤,알란토인,당근추출물,베타-카로틴,라우다이모늄하이드록시프로필하이드롤라이즈드밀단백질*,하이드로제네이티드레시틴*,판테놀,클로렐라 불가리스추출물,돌콩오일,유칼립투스잎오일,라벤더오일,오렌지껍질오일,왕귤껍질오일,소듐폴리아크릴로일다이메틸타우레이트,글루코오스,카프릴릭/카프릭트라이글리세라이드,프룩토올리고사카라이드,프룩토오스,아데노신,에틸헥실글리세린*,시트릭애씨드,폴리쿼터늄-51,소듐파이테이트,소듐시트레이트,카프릴릴글라이콜,다이프로필렌글라이콜*,펜틸렌글라이콜*,피브이피,피토스테롤*,잔탄검,리모넨,리날룰"
pi_ampoule_A000000231884,ampoule,[속건조필수템] 웰라쥬 리얼 히알루로닉 블루 100 앰플 100ml 기획 (+원데이키트2ea),웰라쥬,,,,A000000231884,olive_crwl_price_ingredient,100.0,100.0,ml,30000.0,24000.0,2400.0,"[웰라쥬 리얼 히알루로닉 블루 100 앰플]
정제수, 프로판다이올, 펜틸렌글라이콜, 글리세린, 1,2-헥산다이올, 판테놀, 메틸프로판다이올, 소듐아크릴릭애씨드/엠에이코폴리머, 부틸렌글라이콜, 참마뿌리추출물, 잔탄검, 소듐시트레이트, 에틸헥실글리세린, 소듐하이알루로네이트(1,000ppm), 글라이코실트레할로오스, 하이드로제네이티드스타치하이드롤리세이트, 시트릭애씨드, 라피노오스, 아데노신, 레시틴, 트라이소듐에틸렌다이아민다이석시네이트, 카프릴릴글라이콜, 사카라이드아이소머레이트, 폴리쿼터늄-51, 말라카이트추출물, 알지닌, 소듐디엔에이, 갈랑가갈랑갈추출물, 바이오사카라이드검-1, 사이아노코발아민, 토코페롤, 카프릴릭/카프릭트라이글리세라이드, 하이드로제네이티드레시틴, 하이드롤라이즈드하이알루로닉애씨드(0.100052ppm) 하이드롤라이즈드소듐하이알루로네이트(0.1ppm), 수크로오스라우레이트, 소듐스테아로일글루타메이트, 암모늄아크릴로일다이메틸타우레이트/브이피코폴리머, 글라이신, 세린, 히스티딘, 돌콩추출물, 라이소레시틴, 플로레틴, 테트라하이드로피페린, 다이메틸아이소소바이드, 소듐하이알루로네이트크로스폴리머(2.08ppb), 벤질글라이콜, 하이드롤라이즈드글라이코사미노글리칸, 올레일알코올, 베타-글루칸, 하이드록시프로필트라이모늄하이알루로네이트(0.012ppb), 하이알루로닉애씨드(0.001ppb), 소듐아세틸레이티드하이알루로네이트(0.0002ppb)

[웰라쥬 리얼 히알루로닉 원데이 키트]
1)웰라쥬 리얼 에이치에이 하이드레이트 캡슐
소듐하이알루로네이트(90.95%), 알진, 하이드록시프로필사이클로덱스트린

2)웰라쥬 리얼 에이치에이 하이드레이트 솔루션
정제수, 프로판다이올, 다이프로필렌글라이콜, 메틸프로판다이올, 글리세린, 글리세레스-26, 1,2-헥산다이올, 펜틸렌글라이콜, C12-14파레스-12, 소듐시트레이트, 인도멀구슬나무잎추출물, 인도멀구슬나무꽃추출물, 에틸헥실글리세린, 시트릭애씨드, 아데노신, 아이비고드열매추출물, 다이소듐이디티에이, 라벤더오일, 소듐하이알루로네이트(100ppm), 가지열매추출물, 알로에베라꽃추출물, 카프릴릭/카프릭트라이글리세라이드, 홀리바질잎추출물, 글라이코실트레할로오스, 멕시칸치아씨추출물, 병풀추출물, 약모밀추출물, 울금뿌리추출물, 참산호말추출물, 아세틸글루타민, 하이드로제네이티드레시틴, 소듐스테아로일글루타메이트, 수크로오스라우레이트, 세린, 글라이신, 알지닌, 히스티딘, 소듐피씨에이, 올레익애씨드, 리솔레시틴, 토코페롤, 세라마이드엔피, 벤질글라이콜, 하이드롤라이즈드글라이코사미노글리칸(28ppb), 소듐하이알루로네이트크로스폴리머(5ppb), 하이드롤라이즈드하이알루로닉애씨드(2.6ppb), 하이드록시프로필트라이모늄하이알루로네이트(0.6ppb), 하이알루로닉애씨드(0.05ppb), 소듐아세틸레이티드하이알루로네이트(0.01ppb), 리날룰"
pi_ampoule_A000000222837,ampoule,에스트라 아토베리어365 하이드로에센스 200ml (+크림 10ml+앰플 10ml),에스트라,,,,A000000222837,olive_crwl_price_ingredient,200.0,220.0,ml,32000.0,28800.0,1309.1,"정제수, 부틸렌글라이콜, 글리세린, 스쿠알란, 1,2-헥산다이올, 아크릴레이트/C10-30알킬아크릴레이트크로스폴리머, 카보머, 트로메타민, 글리세릴카프릴레이트, 에틸헥실글리세린, 다이소듐이디티에이, 낫토검, 스테아릭애씨드, 하이드록시프로필비스팔미타마이드엠이에이, 만니톨, 피씨에이, 락틱애씨드, 글루코오스, 글라이신, 우레아, 소듐글리세로포스페이트, 세린, 글루타믹애씨드, 토코페롤, 아크릴레이트/암모늄메타크릴레이트코폴리머, 포타슘마그네슘아스파테이트, 아스파틱애씨드, 류신, 소듐클로라이드, 알라닌, 라이신, 알지닌, 칼슘글루코네이트, 마그네슘글루코네이트, 타이로신, 페닐알라닌, 프롤린, 트레오닌, 발린, 아이소류신, 시트릭애씨드, 콜레스테롤, 히스티딘, 실리카, 아세틸글루코사민, 크레아틴, 우릭애씨드, 시스테인, 메티오닌"
pi_ampoule_A000000254773,ampoule,쥬베룩 PDLLA 콜라겐 부스팅 앰플 20g (+프로텍팅 크림 2ml*5EA) (2604),쥬베룩,,,,A000000254773,olive_crwl_price_ingredient,2.0,2.0,ml,62000.0,55700.0,278500.0,"* 앰플
정제수, 부틸렌글라이콜, 글리세린, 1,2-헥산다이올, 나이아신아마이드, 자일리틸글루코사이드, 흑효모발효물, 자일리톨, 자일로오스, 소듐하이알루로네이트, 하이드롤라이즈드하이알루로닉애씨드, 하이드롤라이즈드해면, 하이알루로닉애씨드, 하이드롤라이즈드콜라겐(99.95ppb), 아텔로콜라겐(0.9995ppb), 판테놀, 베타인, 펜틸렌글라이콜, 하이드록시에틸우레아, 트로메타민, 다이페닐다이메티콘, 트라이에틸헥사노인, 에틸헥실글리세린, 폴리락틱애씨드(500,000ppb), 아데노신, 셀룰로오스검, 다이포타슘글리시리제이트, 안하이드로자일리톨, 프로판다이올, 하이드로제네이티드레시틴, 바이오사카라이드검-1, 시트릭애씨드, 소듐하이알루로네이트크로스폴리머, 소듐파이테이트, 글리세릴아크릴레이트/아크릴릭애씨드코폴리머, 하이드롤라이즈드글라이코사미노글리칸, 베타-글루칸, 벤질글라이콜, 팔미토일트라이펩타이드-5, 토코페롤, 아세틸헥사펩타이드-8, 카퍼트라이펩타이드-1, 팔미토일펜타펩타이드-4, 소듐락테이트, 스쿠알란, 폴리솔베이트20, 팔미토일트라이펩타이드-1, 팔미토일테트라펩타이드-7, 아세틸테트라펩타이드-5, 아스코빅애씨드폴리펩타이드, 아세틸옥타펩타이드-3, 아세틸테트라펩타이드-2, 아세틸테트라펩타이드-3, 아세틸테트라펩타이드-9, 카르노신, 노나펩타이드-1, 카보머

* 크림 
정제수, 글리세린, 프로판다이올, 판테놀, 펜틸렌글라이콜, 카프릴릭/카프릭트라이글리세라이드, 나이아신아마이드, 1,2-헥산다이올, 세테아릴알코올, 트라이메틸펜타페닐트라이실록세인, 세테아릴올리베이트, 하이드롤라이즈드콜라겐(1ppb), 하이드롤라이즈드하이알루로닉애씨드, 해마토코쿠스 플루비알리스오일, 칸디다 봄비콜라/글루코오스/메틸레이프씨데이트발효물, 살구씨오일, 아텔로콜라겐(0.01ppb), 다이메티콘, 솔비탄올리베이트, 글리세릴스테아레이트, 트로메타민, 팔미틱애씨드, 스테아릭애씨드, 에틸헥실글리세린, 아데노신, 폴리락틱애씨드(10,000ppb), 토코페롤, 암모늄아크릴로일다이메틸타우레이트/브이피코폴리머, 에피갈로카테킨갈레이트, 레스베라트롤, 부틸렌글라이콜, 아스타잔틴, 쿼세틴, 아세틸헥사펩타이드-8, 아스코빅애씨드폴리펩타이드, 아세틸옥타펩타이드-3, 아세틸테트라펩타이드-2, 아세틸테트라펩타이드-3, 아세틸테트라펩타이드-5, 아세틸테트라펩타이드-9, 카르노신, 카퍼트라이펩타이드-1, 노나펩타이드-1, 팔미토일펜타펩타이드-4, 팔미토일트라이펩타이드-1, 팔미토일트라이펩타이드-5, 카보머, 잔탄검"
pi_ampoule_A000000203876,ampoule,[1등 모공앰플] 디마르3 시그니처 에스투드 프로텍터 모공 앰플 30ml,디마르3,,,,A000000203876,olive_crwl_price_ingredient,30.0,30.0,ml,35000.0,19900.0,6633.3,"정제수, 글리세린, 메틸프로판다이올, 부틸렌글라이콜, 글리세레스-26, 1,2-헥산다이올, 나이아신아마이드, 베타인, 에탄올, 트레할로오스, 병풀추출물, 무화과추출물, 소엽맥문동뿌리추출물, 노티드랙추출물, 엘더꽃추출물, 월귤잎추출물, 오레가노잎추출물, 편백잎추출물, 흰버드나무껍질추출물, 에델바이스꽃/잎추출물, 락토바실러스/콩발효추출물, 쇠비름추출물, 육계나무껍질추출물, 황금추출물, 당아욱꽃/잎/줄기추출물, 레이디스맨틀꽃/잎/줄기추출물, 페루기네움철쭉추출물, 레몬밤잎추출물, 페퍼민트잎추출물, 서양톱풀꽃/잎/줄기추출물, 스피드웰꽃/잎/줄기추출물, 카우슬립꽃추출물, 하이드로제네이티드레시틴, 소듐하이알루로네이트, 폴리글리세릴-10라우레이트, 판테놀, 카보머, 트로메타민, 셀룰로오스검, 글리세릴폴리메타크릴레이트, 아데노신, 다이소듐이디티에이, 카라멜, 세라마이드엔피, 프로필렌글라이콜, 말토덱스트린, 아라비아고무나무검, 시트릭애씨드, 화산재, 토코페롤, 다이소듐포스페이트, 피토스핑고신, 향료, 펜틸렌글라이콜, 카프릴릴글라이콜, 에틸헥실글리세린, 소듐벤조에이트, 포타슘솔베이트, 리날룰"
pi_ampoule_A000000243435,ampoule,[연어PDRN/미백천재앰플] 메디큐브 PDRN 핑크 펩타이드 앰플 30ml 기획(앰플10ml+수분크림 10ml),메디큐브,,,,A000000243435,olive_crwl_price_ingredient,30.0,50.0,ml,24800.0,19900.0,3980.0,"**PDRN 앰플 30ml
정제수,글리세린,다이프로필렌글라이콜,아이소프로필미리스테이트,글리세레스-26,나이아신아마이드,1,2-헥산다이올,소듐디엔에이,부틸렌글라이콜,폴리글리세린-3,소듐아크릴레이트/소듐아크릴로일다이메틸타우레이트코폴리머,폴리아이소부텐,아크릴레이트/C10-30알킬아크릴레이트크로스폴리머,이리추출물,트로메타민,글리세릴아크릴레이트/아크릴릭애씨드코폴리머,피브이엠/엠에이코폴리머,에틸헥실글리세린,카프릴릴글라이콜,향료,인도멀구슬나무잎추출물,아데노신,카프릴릴/카프릴글루코사이드,솔비탄올리에이트,인도멀구슬나무꽃추출물,소듐하이알루로네이트,다이소듐이디티에이,울금뿌리추출물,사이아노코발아민,하이드롤라이즈드콜라겐,유비퀴논,홀리바질잎추출물,참산호말추출물,팔미토일펜타펩타이드-4,팔미토일트라이펩타이드-1,팔미토일테트라펩타이드-7,카퍼트라이펩타이드-1,아세틸헥사펩타이드-8,연어알추출물,아텔로콜라겐

**PDRN 앰플 10ml
정제수,글리세린,다이프로필렌글라이콜,아이소프로필미리스테이트,글리세레스-26,나이아신아마이드,1,2-헥산다이올,소듐디엔에이,부틸렌글라이콜,폴리글리세린-3,소듐아크릴레이트/소듐아크릴로일다이메틸타우레이트코폴리머,폴리아이소부텐,아크릴레이트/C10-30알킬아크릴레이트크로스폴리머,이리추출물,트로메타민,글리세릴아크릴레이트/아크릴릭애씨드코폴리머,피브이엠/엠에이코폴리머,에틸헥실글리세린,카프릴릴글라이콜,향료,인도멀구슬나무잎추출물,아데노신,카프릴릴/카프릴글루코사이드,솔비탄올리에이트,인도멀구슬나무꽃추출물,소듐하이알루로네이트,다이소듐이디티에이,울금뿌리추출물,사이아노코발아민,하이드롤라이즈드콜라겐,유비퀴논,홀리바질잎추출물,참산호말추출물,팔미토일펜타펩타이드-4,팔미토일트라이펩타이드-1,팔미토일테트라펩타이드-7,카퍼트라이펩타이드-1,아세틸헥사펩타이드-8,연어알추출물,아텔로콜라겐

**PDRN 수분크림 10ml
정제수, 글리세레스-26, 부틸렌글라이콜, 카프릴릭/카프릭트라이글리세라이드, 사이클로펜타실록세인, 1,2-헥산다이올, 나이아신아마이드, 하이드로제네이티드폴리데센, 아이소노닐아이소노나노에이트, 세테아릴올리베이트, 에틸헥실올리베이트, 글리세린, 솔비탄올리베이트, 소듐디엔에이(5,000PPM), 소듐아크릴레이트코폴리머, 소듐폴리아크릴로일다이메틸타우레 이트, 하이드록시에틸아크릴레이트/소듐아크릴로일다이메틸타우레이트코폴리머, 폴리글리세릴-4올리에이트, 다이소듐이디티에이, 베타인, 판테놀, 향료, 에틸헥실글리세린, 아데노신, 솔비탄아이소스테아레이트, 메도우폼씨오일, 글리세릴아크릴레이트/아크릴릭애씨드코폴리머, 시트릭애씨드, 사이아노코발아민, 하이드로제네이티드레시틴, 세테아릴알코올, 스테아릭애씨드, 소듐하이알루로네이트(1.02PPM), 하이드록시프로필트라이모늄하이알루로네이트(0.1PPM), 세라마이드엔피, 꿀풀추출물, 블래더랙추출물, 노니열매추출물, 여주열매추출물, 오크라열매추출물, 세라마이드엔에스, 소듐아세틸레이티드하이알루로네이트(0.01PPM), 하이드롤라이즈드하이알루로닉애씨드(0.01PPM), 병풀잎추출물, 콜레스테롤, 피토스핑고신, 세라마이드에이에스, 세라마이드에이피, 하이알루로닉애씨드(0.0025PPM), 카퍼트라이펩타이드-1, 소듐하이알루로네이트크로스폴리머(0.001PPM), 아세틸헥사펩타이드-8, 팔미토일펜타펩타이드-4, 하이드롤라이즈드소듐하이알루로네이트(0.001PPM), 팔미토일테트라펩타이드-7, 팔미토일트라이펩타이드-1, 포타슘하이알루로네이트(0.0002PPM), 세라마이드이오피"
pi_ampoule_A000000242720,ampoule,[보습광채/화잘먹앰플] 차앤박 프로폴리스 에너지 액티브 앰플 30ml 2입 기획 (+15ml),차앤박,,,,A000000242720,olive_crwl_price_ingredient,30.0,45.0,ml,52000.0,28900.0,6422.2,"정제수, 부틸렌글라이콜, 글리세린, 1,2-헥산다이올, 폴리솔베이트20, 도둑놈의지팡이뿌리추출물 , 띠뿌리추출물, 하이드록시에틸셀룰로오스, 프로폴리스추출물(1932ppm), 알지닌, 카보머, 알란토인, 마데카소사이드, 더덕뿌리추출물, 무화과추출물, 레몬밤잎추출물, 석류추출물, 펜틸렌글라이콜, 소듐하이알루로네이트, 다이소듐이디티에이, 센티드제라늄꽃오일, 베타-글루칸, 카프릴릴글라이콜, 소듐시트레이트, 하이드록시페닐프로파미도벤조익애씨드, 꿀추출물, 소듐락테이트, 다이소듐포스페이트, 폴리솔베이트60, 아크릴레이트/C10-30알킬아크릴레이트크로스폴리머, 시트릭애씨드, 소듐포스페이트,아스코빌팔미테이트, 바이오틴, 팔미토일트라이펩타이드-1, 팔미토일테트라펩타이드-7, 시트로넬올, 제라니올"
pi_ampoule_A000000213267,ampoule,[올영단독/속보습케어] 스킨앤랩 베리어덤 링거 앰플70ml(+70ml) 더블기획,스킨앤랩,,,,A000000213267,olive_crwl_price_ingredient,70.0,140.0,ml,40000.0,28000.0,2000.0,"정제수, 프로판다이올, 글리세린, 1,2-헥산다이올, 클로렐라 불가리스추출물, 소듐하이알루로네이트, 락토바실러스발효용해물, 판테놀, 글라이코실트레할로오스, 글루코오스, 부틸렌글라이콜, 하이드로제네이티드스타치하이드롤리세이트, 프룩토올리고사카라이드, 프룩토오스, 폴리쿼터늄-51, 글리세릴글루코사이드, 사카라이드아이소머레이트, 에틸헥실글리세린, 아크릴레이트/C10-30알킬아크릴레이트크로스폴리머, 알란토인, 하이드록시프로필트라이모늄하이알루로네이트, 트로메타민, 덱스트린, 소듐파이테이트, 소듐클로라이드, 베타-글루칸, 글리세릴아크릴레이트/아크릴릭애씨드코폴리머, 사이아노코발아민, 시트릭애씨드, 소듐시트레이트, 소듐바이카보네이트, 칼슘클로라이드, 포타슘클로라이드, 토코페롤, 잔탄검, 치자추출물"
pi_ampoule_A000000166599,ampoule,[장벽부스터/더블기획] 마녀공장 비피다 바이옴 콤플렉스 앰플 30ml 2입 기획,마녀공장,,,,A000000166599,olive_crwl_price_ingredient,30.0,60.0,ml,43000.0,26900.0,4483.3,"정제수, 부틸렌글라이콜, 비피다발효용해물(3%), 글리세린, 나이아신아마이드, 1,2-헥산다이올, 펜틸렌글라이콜, 스쿠알란, 폴리글리세릴-10라우레이트, 비피다발효여과물(2,046ppm), 락토바실러스발효용해물, 락토코쿠스발효용해물, 효모발효여과물, 카보머, 하이드로제네이티드레시틴, 트로메타민, 잔탄검, 프로판다이올, 에틸헥실글리세린, 아데노신, 덱스트린, 카카오씨추출물, 소듐하이알루로네이트, 소듐파이테이트, 락토바실러스/호박열매발효여과물, 쿠티박테리움 그라눌로숨발효추출여과물(5ppm), 카페인, 에델바이스캘러스배양추출물, 꽈리꽃받침추출물, 하이드롤라이즈드알진, 흑효모발효물, 에피갈로카테킨갈레이트, 벤질글라이콜, 하이드롤라이즈드글라이코사미노글리칸, 아시아티코사이드, 아시아틱애씨드, 마데카식애씨드, 하이드록시프로필트라이모늄하이알루로네이트, 소듐하이알루로네이트크로스폴리머, 하이드롤라이즈드하이알루로닉애씨드, 소듐아세틸레이티드하이알루로네이트, 하이알루로닉애씨드, 카퍼트라이펩타이드-1, 하이드롤라이즈드소듐하이알루로네이트, 아세틸헥사펩타이드-8, 포타슘하이알루로네이트"
pi_ampoule_A000000200310,ampoule,토리든 셀메이징 비타C 브라이트닝 앰플 30ml,토리든,,,,A000000200310,olive_crwl_price_ingredient,30.0,30.0,ml,,26000.0,8666.7,"정제수, 프로판다이올, 글리세린, 나이아신아
마이드, 3-O-에틸아스코빅애씨드(19,950ppm), 1,2-
헥산다이올, 아이소프로필미리스테이트, 베타인, 에
리스리톨, 아데노신, 알란토인, 토코페롤, 판테놀, 아스
코빅애씨드, 소듐아스코빌포스페이트, 아스코빌글
루코사이드, 아스코빌팔미테이트, 에틸헥실글리세린,
카프릴릴글라이콜, 잔탄검, 참산호말추출물, 감태추
출물, 개청각추출물, 겔리듐 카르틸라기네움추출물,
톳추출물, 옥틸도데칸올, 아크릴레이트/C10-30알킬
아크릴레이트크로스폴리머, 트로메타민, 다이소듐
이디티에이, 메틸프로판다이올, 페룰릭애씨드, 홀리
바질잎추출물, 부틸렌글라이콜, 하이드로제네이티
드레시틴, 베르가모트오일, 인도멀구슬나무잎추출물,
인도멀구슬나무꽃추출물, 울금뿌리추출물"
pi_ampoule_A000000242719,ampoule,[탄력콜라겐UP/1+1] 차앤박 더마앤서 액티브 부스트 PDRN 앰플 30ml 더블기획,차앤박,,,,A000000242719,olive_crwl_price_ingredient,30.0,60.0,ml,45000.0,25900.0,4316.7,"정제수, 글리세린, 다이프로필렌글라이콜, 피이지/피피지/폴리부틸렌글라이콜-8/5/3글리세린, 나이아신아마이드, 비스-피이지-18메틸에터다이메틸실레인, 부틸렌글라이콜, 1,2-헥산다이올, 피이지-7글리세릴코코에이트, 다이메티콘, 베타인, 호호바왁스피이지-120에스터, 메틸프로판다이올, 판테놀, 피이지/피피지-17/6코폴리머, 소듐디엔에이, 락토바실러스발효용해물, 폴리메틸실세스퀴옥세인, 트라이에틸헥사노인, 소듐아크릴레이트/비닐알코올코폴리머, 하이드로제네이티드레시틴, 소듐폴리아크릴레이트, 락토바실러스/콩발효추출물, 아이리쉬모스추출물, 세라마이드엔피, 아크릴레이트/C10-30알킬아크릴레이트크로스폴리머, C14-22알코올, 스쿠알란, 트로메타민, 효모/감자추출물발효여과물, 소듐아크릴릭애씨드/엠에이코폴리머, 효모/보리씨발효여과물, 수크로오스스테아레이트, 로즈마리잎오일, C18-21알케인, 마카다미아씨오일, 폴리글리세릴-10스테아레이트, 스테아릭애씨드, 폴리글리세릴-10올리에이트, 글리세릴아크릴레이트/아크릴릭애씨드코폴리머, 아데노신, 아라키딜글루코사이드, 시어버터, 토코페롤, 팔미틱애씨드, 클레리오일, 소듐하이알루로네이트, 트라이소듐이디티에이, 돌콩오일, 트라이데세스-6, 콜레스테롤, 글리세릴스테아레이트, 트록세루틴, 베타-글루칸, 카보머, 피이지-100스테아레이트, 알지닌, 글루타믹애씨드, 멕시칸주니퍼오일, 글라이코스핑고리피드, 리날룰, 리모넨"
pi_ampoule_A000000239791,ampoule,[쫀쫀모공/NEW] 리터니티 율무 모공 앰플 40ml,리터니티,,,,A000000239791,olive_crwl_price_ingredient,40.0,40.0,ml,41000.0,37900.0,9475.0,"정제수, 율무씨수(122,500ppm), 메틸프로판다이올, 나이아신아마이드, 프로판다이올, 글리세린, 1,2-헥산다이올, 하이드록시에틸아크릴레이트/소듐아크릴로일다이메틸타우레이트코폴리머, 옥틸도데칸올, 판테놀, 에틸헥실글리세린, C12-14알케스-12, 암모늄아크릴로일다이메틸타우레이트/브이피코폴리머, 팔미틱애씨드, 잔탄검, 스테아릭애씨드, 솔비탄아이소스테아레이트, 다이소듐이디티에이, 시트릭애씨드, 글루코오스, 율무씨추출물(10ppm), 하이드록시신나믹애씨드, 루틴"
pi_ampoule_A000000242563,ampoule,[산리오 콜라보/물광리프팅]성분에디터 실크펩타이드 EGF 하트핏 볼륨 리프팅 앰플 40ml 더블기획 (+산리오 파우치),성분에디터,,,,A000000242563,olive_crwl_price_ingredient,40.0,80.0,ml,43000.0,22900.0,2862.5,"전성분 실크수(69.9%), 부틸렌글라이콜, 정제수, 글리세린, 메틸프로판다이올,1,2-헥산다이올, 나이아신아마이드, 카보머, 트로메타민, 피피지-13-데실테트라데세스-24, 프로판다이올, 아데노신, 아이리쉬모스가루,아가, 하이드록시에틸셀룰로오스, 다이소듐이디티에이, 아크릴레이트/C10-30알킬아크릴레이트크로스폴리머, 합성플루오르플로고파이트, 돌콩펩타이드(100 ppm), 베타인, 판테놀,티타늄디옥사이드, 적색산화철, 마이카, 젤란검, 마그네슘아스코빌포스페이트,병풀추출물, 하이드롤라이즈드콜라겐, 약모밀추출물, 틴옥사이드, 에틸헥실글리세린, 스쿠알란, 하이드로제네이티드폴리아이소부텐, 벤질글라이콜, 레시틴, 하이드롤라이즈드글라이코사미노글리칸, 소듐하이알루로네이트, 카프릴릴글라이콜, 하이드로제네이티드레시틴, 에스에이치-폴리펩타이드-121(204 ppb), 카프릴릭/카프릭트라이글리세라이드, 소듐팔미토일사코시네이트, 토코페롤, 카페오일헥사펩타이드-65(104 ppb),소듐하이알루로네이트크로스폴리머, 아세틸글루타민, 헵타소듐헥사카복시메틸다이펩타이드-12(54 ppb), 하이드롤라이즈드하이알루로닉애씨드, 바실러스/폴릭애씨드/돌콩발효추출물, 금, 소듐포스페이트, 콜라겐, 미리스토일펜타펩타이드-17(14 ppb), 미리스토일펜타펩타이드-4(14 ppb), 에스에이치-폴리펩타이드-123(14 ppb), 하이드록시프로필트라이모늄하이알루로네이트, 덱스트란, 벤조익애씨드, 소듐벤조에이트, 하이드롤라이즈드엘라스틴, 팔미토일펜타펩타이드-5(9 ppb), 아세틸테트라펩타이드-3(7ppb), 카퍼트라이펩타이드-1(6 ppb), 팔미토일펜타펩타이드-4(5 ppb), 아세틸헥사펩타이드-8(5 ppb), 팔미토일테트라펩타이드-7(4 ppb), 에스에이치-데카펩타이드-7(4 ppb), 에스에이치-옥타펩타이드-4(4 ppb), 에스에이치-올리고펩타이드-9(4 ppb), 에스에이치-펜타펩타이드-19(4 ppb), 팔미토일트라이펩타이드-1(4 ppb), 트라이펩타이드-32(4 ppb), 에스알-(올리고펩타이드-91클로스트리듐보툴리눔폴리펩타이드-1)(4 ppb), 에스에이치-올리고펩타이드-1(4 ppb), 에스에이치-폴리펩타이드-1(4 ppb), 에스에이치-올리고펩타이드-2(4 ppb), 에스에이치-폴리펩타이드-11(4 ppb), 에스에이치-폴리펩타이드-9(4 ppb), 에스에이치-폴리펩타이드-16(4 ppb), 에스에이치-폴리펩타이드-22(4 ppb), 에스에이치-폴리펩타이드-3(4 ppb), 에스에이치-폴리펩타이드-19(4ppb), 에스에이치-폴리펩타이드-62(4 ppb), 붉은토끼풀꽃추출물, 하이알루로닉애씨드, 지모뿌리추출물, 소듐아세틸레이티드하이알루로네이트"
pi_ampoule_A000000255430,ampoule,[대용량]스킨1004 마다가스카르 센텔라 앰플 100ml,스킨1004,,,,A000000255430,olive_crwl_price_ingredient,100.0,100.0,ml,26000.0,22100.0,2210.0,"정제수, 글리세린, 부틸렌글라이콜, 병풀추출물, 1,2-헥산다이올, 셀룰로오스검, 에틸헥실글리세린"
pi_ampoule_A000000210195,ampoule,[색소침착/미백] 마일드랩 딥 멜라케어 앰플 30ml,마일드랩,,,,A000000210195,olive_crwl_price_ingredient,30.0,30.0,ml,26000.0,19500.0,6500.0,"정제수, 프로판다이올, 부틸렌글라이콜, 나이아신아마이드(30,000ppm), 트라넥사믹애씨드(20,000ppm), 글리세린, 1,2-헥산다이올, 소듐헤파린, 소듐하이알루로네이트, 알파-알부틴(5,000ppm), 판테놀, 티트리추출물, 마데카식애씨드, 덱스판테놀, 아시아티코사이드, 아시아틱애씨드, 알란토인, 하이드로제네이티드레시틴, 암모늄아크릴로일다이메틸타우레이트/브이피코폴리머, 아크릴레이트/C10-30알킬아크릴레이트크로스폴리머, 트로메타민, 에틸헥실글리세린, 다이소듐이디티에이"
pi_ampoule_A000000188968,ampoule,[1등 모공앰플] 디마르3 시그니처 에스투드 프로텍터 대용량 모공 앰플 170ml,디마르3,,,,A000000188968,olive_crwl_price_ingredient,170.0,170.0,ml,59900.0,58100.0,3417.6,"정제수, 글리세린, 메틸프로판다이올, 부틸렌글라이콜, 글리세레스-26, 1,2-헥산다이올, 나이아신아마이드, 베타인, 에탄올, 트레할로오스, 병풀추출물, 무화과추출물, 소엽맥문동뿌리추출물, 노티드랙추출물, 엘더꽃추출물, 월귤잎추출물, 오레가노잎추출물, 편백잎추출물, 흰버드나무껍질추출물, 에델바이스꽃/잎추출물, 락토바실러스/콩발효추출물, 쇠비름추출물, 육계나무껍질추출물, 황금추출물, 당아욱꽃/잎/줄기추출물, 레이디스맨틀꽃/잎/줄기추출물, 페루기네움철쭉추출물, 레몬밤잎추출물, 페퍼민트잎추출물, 서양톱풀꽃/잎/줄기추출물, 스피드웰꽃/잎/줄기추출물, 카우슬립꽃추출물, 하이드로제네이티드레시틴, 소듐하이알루로네이트, 폴리글리세릴-10라우레이트, 판테놀, 카보머, 트로메타민, 셀룰로오스검, 글리세릴폴리메타크릴레이트, 아데노신, 다이소듐이디티에이, 카라멜, 세라마이드엔피, 프로필렌글라이콜, 말토덱스트린, 아라비아고무나무검, 시트릭애씨드, 화산재, 토코페롤, 다이소듐포스페이트, 피토스핑고신, 향료, 펜틸렌글라이콜, 카프릴릴글라이콜, 에틸헥실글리세린, 소듐벤조에이트, 포타슘솔베이트, 리날룰"
pi_ampoule_A000000212948,ampoule,[주름리프팅] 퍼셀 82% 하이-도즈 펩타이드 콜라겐 앰플 20ml,퍼셀,,,,A000000212948,olive_crwl_price_ingredient,20.0,20.0,ml,,28000.0,14000.0,"효모/헥사펩타이드-11발효여과추출물(82%), 프로 판다이올, 글리세린, 1,2-헥산다이올, 베타인, 정제수, 하이드롤라이즈드콜라겐, 카르니틴, 아데노신, 메틸글 루세스-20, 부틸렌글라이콜, 에틸헥실글리세린, 팔미 토일트라이펩타이드-5(27.5ppm), 잔탄검"
pi_ampoule_A000000217422,ampoule,[잡티톤업/글루타치온] 퍼셀 880억/mL 글루타치온 플렉서블 리포좀 톤업앰플 20ml 기획 (+7ml),퍼셀,,,,A000000217422,olive_crwl_price_ingredient,20.0,27.0,ml,,28000.0,10370.4,"정제수, 부틸렌글라이콜, 글리세린, 글루타티온(50,000ppm), 1,2-헥산다이올, 나이아신아마이드, 베타인, 트라넥사믹애씨드, 시스테인, 글라이신, 토코페롤, 판테놀, 카르니틴, 에틸헥실글리세린, 소듐시트레이트, 시트릭애씨드, 하이드로제네이티드레시틴, 콜레스테롤, 다이포타슘글리시리제이트, 소듐코코일이세티오네이트, 잔탄검"
pi_ampoule_A000000189171,ampoule,[모공컨트롤샷]폴라초이스 10% 나이아신아마이드 부스터 앰플 20ml 기획(+각질제거제 30ml 증정),폴라초이스,,,,A000000189171,olive_crwl_price_ingredient,20.0,50.0,ml,77000.0,55440.0,11088.0,"[본품] 정제수, 나이아신아마이드(10%), 아세틸글루코사민, 아스코빌글루코사이드, 부틸렌글라이콜, 포스포리피드, 소듐하이알루로네이트, 알란토인, 레드호그위드뿌리추출물, 글리세린, 다이포타슘글리시리제이트, 스페인감초뿌리추출물, 에피갈로카테킨갈레이트, 베타-글루칸, 판테놀, 카르노신, 제니스테인, 시트릭애씨드, 소듐시트레이트, 소듐하이드록사이드, 잔탄검, 에틸헥실글리세린, 폴리솔베이트20, 트라이소듐에틸렌다이아민다이석시네이트, 펜틸렌글라이콜, 카프릴릴글라이콜, 페녹시에탄올​
[증정품] 정제수, 프로필렌글라이콜, 나이아신아마이드, 펜틸렌글라이콜, 글리세린, 살리실릭애씨드(0.5%), 흰버드나무껍질추출물(0.5%), 피이지/피피지-17/6코폴리머, 폴리솔베이트20, 비스-피이지-18메틸에터다이메틸실레인, 소듐파이테이트, 10-하이드록시데카노익애씨드, 알란토인, 다이포타슘글리시리제이트, 카프릴릴글라이콜, 페녹시에탄올, 클로페네신, 소듐하이드록사이드, 1,2-헥산다이올, 소듐하이알루로네이트, 비에이치티​"
pi_ampoule_A000000180410,ampoule,[재구매1위] 앰플엔 세라마이드샷 화잘먹 보습장벽앰플 100ml기획(+10ml),앰플엔,,,,A000000180410,olive_crwl_price_ingredient,100.0,110.0,ml,18900.0,17000.0,1545.5,"정제수, 부틸렌글라이콜, 글리세린, 프로판다이올, 다이글리세린, 베타-글루칸, 1,2-헥산다이올, 나이아신아마이드, 베타인, 메틸글루세스-20, 트레할로오스, 옥틸도데칸올, 아데노신, 연교추출물, 하이드로제네이티드레시틴, 세라마이드3, 알지닌, 알란토인, 유채스테롤, 콜레스테롤, 세라마이드2, 세라마이드1, 자일리틸글루코사이드, 하이드록시에틸아크릴레이트/소듐아크릴로일다이메틸타우레이트코폴리머, 무수자일리톨, 잔탄검, 카보머, 자일리톨, 카프릴릴글라이콜, 마카다미아씨오일, 카프릴릭/카프릭트라이글리세라이드, 피토스테릴/베헤닐/옥틸도데실라우로일글루타메이트, 폴리글리세릴-10올리에이트, 세틸포스페이트, 다이소듐이디티에이"
pi_ampoule_A000000198339,ampoule,[쫀쫀탄력|속보습] 바이오힐 보 프로바이오덤 3D 리프팅 앰플 30ml [단품/증정기획],바이오힐보,,,,A000000198339,olive_crwl_price_ingredient,30.0,30.0,ml,35000.0,26200.0,8733.3,"락토바실러스발효용해물, 정제수, 아이소펜틸다이올, 글리세린, 카프릴릭/카프릭트라이글리세라이드, 폴리글리세린-3, 1,2-헥산다이올, 세틸에틸헥사노에이트, 락토바실러스발효물, 프룩토올리고사카라이드, 프룩탄, 이눌린, 판테놀, 베타인, 베타-글루칸, 아데노신, 사포닌, 수용성프로테오글리칸, 노나펩타이드-1, 아세틸테트라펩타이드-9, 아세틸테트라펩타이드-5, 아세틸헥사펩타이드-1, 아세틸헥사펩타이드-8, 팔미토일트라이펩타이드-8, 다이펩타이드다이아미노부티로일벤질아마이드다이아세테이트, 카퍼트라이펩타이드-1, 트라이펩타이드-1, 팔미토일테트라펩타이드-7, 팔미토일트라이펩타이드-1, 팔미토일트라이펩타이드-5, 팔미토일펜타펩타이드-4, 팔미토일헥사펩타이드-12, 펜타펩타이드-3, 헥사펩타이드-9, 올리고펩타이드-2, 글리세릴시트레이트/락테이트/리놀리에이트/올리에이트, 맥아추출물, 참마뿌리추출물, 오일팜오일, 하이드록시에틸아크릴레이트/소듐아크릴로일다이메틸타우레이트코폴리머, 폴리아크릴레이트크로스폴리머-6, 말토덱스트린, 에틸헥실글리세린, 프로판다이올, 글리세릴폴리메타크릴레이트, 소듐폴리아크릴레이트, 솔비탄아이소스테아레이트, 알진, 바이오사카라이드검-4, 사이아노코발아민, 세테아릴글루코사이드, 세테아릴알코올, 부틸렌글라이콜, 소듐스테아로일글루타메이트, 토코페롤, 잔탄검, 하이드롤라이즈드옥수수전분, 수크로오스, 소듐포스페이트, 카프릴릴글라이콜, 미네랄솔트, 덱스트란, 다이소듐포스페이트, 향료"
pi_ampoule_A000000219108,ampoule,[수쫀광/화잘먹 위시앰플] 나인위시스 하이드라 수분 앰플 나노 플러스 50ml 리필 기획 (+50ml 리필),나인위시스,,,,A000000219108,olive_crwl_price_ingredient,50.0,100.0,ml,,24500.0,2450.0,"코코넛워터, 부틸렌글라이콜, 다이프로필렌글라이콜, 글리세린, 1,2-헥산다이올, 정제수, 베타인, 카보머, 알지닌, 암모늄아크릴로일다이메틸타우레이트/브이피코폴리머, 잔탄검, 에틸헥실글리세린, 드럼스틱씨추출물, 다이소듐이디티에이, 다이포타슘글리시리제이트, 풀루란, 프룩토올리고사카라이드, 소듐하이알루로네이트, 베타-글루칸, 말토덱스트린, 하이드롤라이즈드소듐하이알루로네이트, 매스틱검, 글리세릴글루코사이드, 글라이신, 글루타믹애씨드, 류신, 메티오닌, 발린, 세린, 아스파틱애씨드, 아이소류신, 알라닌, 오르니틴, 타우린, 페닐알라닌, 프롤린, 히스티딘, 병풀추출물, 하이드로제네이티드레시틴, 소듐하이알루로네이트크로스폴리머, 포타슘하이알루로네이트, 하이드록시프로필트라이모늄하이알루로네이트, 하이드롤라이즈드하이알루로닉애씨드, 하이알루로닉애씨드, 락토바실러스발효물, 마데카식애씨드, 아시아티코사이드, 아시아틱애씨드, 카프릴릭/카프릭트라이글리세라이드, 펜틸렌글라이콜, 소듐아세틸레이티드하이알루로네이트"
pi_ampoule_A000000197362,ampoule,[속수분앰플] 라운드랩 자작나무 수분 앰플 50ml 기획 (+크림 20ml),라운드랩,,,,A000000197362,olive_crwl_price_ingredient,50.0,70.0,ml,28000.0,15600.0,2228.6,"[본품: 자작나무 수분 앰플]
정제수,부틸렌글라이콜,글리세린,펜틸렌글라이콜,메틸프로판다이올,1,2-헥산다이올,자작나무수액(10,230ppm),자일리틸글루코사이드,클로렐라 불가리스추출물,자일리톨,락토바실러스발효물,울금뿌리추출물,하이드롤라이즈드하이알루로닉애씨드,하이알루로닉애씨드,소듐하이알루로네이트,안하이드로자일리톨,글루코오스,프룩토올리고사카라이드,프룩토오스,암모늄아크릴로일다이메틸타우레이트/브이피코폴리머,에틸헥실글리세린,다이포타슘글리시리제이트,덱스트린,베타-글루칸,글리세릴글루코사이드,토코페롤,다이프로필렌글라이콜,다이메틸실란올하이알루로네이트,하이드롤라이즈드소듐하이알루로네이트,포타슘하이알루로네이트,하이드록시프로필트라이모늄하이알루로네이트,소듐하이알루로네이트크로스폴리머,소듐하이알루로네이트다이메틸실란올,소듐아세틸레이티드하이알루로네이트,카프릴릴/카프릴글루코사이드,하이드로제네이티드레시틴,세라마이드엔피,잔탄검,치자추출물

[구성품: 자작나무 수분 크림]
정제수, 글리세린, 아이소노닐아이소노나노에이트, 아이소도데케인, 1,2-헥산다이올, 펜틸렌글라이콜, 폴리데센, 자작나무수액(10,000ppm), 호호바에스터, 판테놀, 글리세릴글루코사이드, 아라비아고무나무검, 하이드롤라이즈드오크라추출물, 소듐하이알루로네이트, 하이알루로닉애씨드, 화이트루핀씨추출물, 드럼스틱씨추출물, 인도멀구슬나무잎추출물, 인도멀구슬나무꽃추출물, 아이비고드열매추출물, 알로에베라꽃추출물, 가지열매추출물, 홀리바질잎추출물, 참산호말추출물, 울금뿌리추출물, 아스코빅애씨드, 펜타에리스리틸테트라에틸헥사노에이트, 암모늄아크릴로일다이메틸타우레이트/브이피코폴리머, 폴리글리세릴-3메틸글루코오스다이스테아레이트, 아크릴레이트/C10-30알킬아크릴레이트크로스폴리머, 트로메타민, 글리세릴아크릴레이트/아크릴릭애씨드코폴리머, 에틸헥실글리세린, 아가, 다이포타슘글리시리제이트, 글리세릴카프릴레이트, 부틸렌글라이콜, 다이소듐이디티에이"
pi_ampoule_A000000216520,ampoule,리쥬란 힐러 턴오버 앰플 듀얼 이펙트 10ml 더블 한정기획 (+8ml),리쥬란,,,,A000000216520,olive_crwl_price_ingredient,10.0,18.0,ml,,50000.0,27777.8,"정제수, 피이지-6, 글리세린, 서양산딸기잎추출물, 소듐하이알루로네이트, 다이프로필렌글라이콜, 부틸렌글라이콜, 나이아신아마이드, 1,2-헥산다이올, 제로틴/하이드롤라이즈드디엔에이, 로우스위트베리추출물, 알로에베라잎즙, 카보머, 포트마리골드꽃추출물, 검은뽕나무열매추출물, 스페인감초뿌리추출물, 스쿠알란, 하이드롤라이즈드디엔에이, 잔탄검, 하이드로제네이티드레시틴, 카프릴릴글라이콜, 에틸헥실글리세린, 폴리솔베이트20, 헥실렌글라이콜, 세라마이드엔피, 아데노신, 우레아, 트레할로스, 펜틸렌글라이콜, 알부틴, 토코페릴아세테이트, 비사보롤, 콜레스테롤, 세린, 이눌린라우릴카바메이트, 알진, 다이소듐포스페이트, 글리세릴폴리아크릴레이트, 풀루란, 포타슘포스페이트"
pi_ampoule_A000000256153,ampoule,"[부루부루도그 콜라보] 오어스 히알루론시카 7초 세럼 인 앰플 105ml 기획 (+애착베개키링,치크팩2p)",오어스,,,,A000000256153,olive_crwl_price_ingredient,105.0,105.0,ml,27000.0,21600.0,2057.1,"본품 : 정제수, 부틸렌글라이콜, 프로판다이올, 다이프로필렌글라이콜, 글리세린, 글리세레스-26, 1,2-헥산다이올, 판테놀, 카보머, 트로메타민, 알란토인, 폴리글리세릴-10라우레이트,  병풀잎추출물, 소듐하이알루로네이트, 에틸헥실글리세린, 아데노신, 병풀추출물, 다이소듐이디티에이, 다이포타슘글리시리제이트, 베타인, 하이드롤라이즈드하이알루로닉애씨드, 소듐하이알루로네이트크로스폴리머, 포타슘하이알루로네이트,  하이드록시프로필트라이모늄하이알루로네이트,  하이드롤라이즈드소듐하이알루로네이트, 하이알루로닉애씨드, 구아바잎추출물, 마데카소사이드, 제주조릿대추출물, 폴리글루타믹애씨드, 아시아티코사이드, 마데카식애씨드, 보검선인장줄기추출물, 아시아틱애씨드, 펜틸렌글라이콜, 스쿠알란, 소듐아세틸레이티드하이알루로네이트, 서양민들레꽃/잎/줄기추출물, 카프릴릭/카프릭트라이글리세라이드, 세라마이드엔피, 하이드로제네이티드레시틴


패드:정제수, 글리세린, 프로판다이올, 메틸프로판다이올, 1,2-헥산다이올, 트레할로오스, 부틸렌글라이콜, 소듐시트레이트, 알란토인, 에틸헥실글리세린, 다이포타슘글리시리제이트, 시트릭애씨드, 아데노신, 소듐파이테이트, 잔탄검, 하이드롤라이즈드식물성단백질, 녹차카테킨(30ppm), 병풀추출물, 약모밀추출물, 다마스크장미꽃추출물, 멕시칸치아씨추출물, 편백수, 소듐하이알루로네이트, 카프릴릴글라이콜, 글루코노락톤, 카페인, 소듐하이알루로네이트크로스폴리머, 포타슘하이알루로네이트, 하이드록시프로필트라이모늄하이알루로네이트, 하이드롤라이즈드소듐하이알루로네이트, 하이드롤라이즈드하이알루로닉애씨드, 하이알루로닉애씨드, 펜틸렌글라이콜, 소듐아세틸레이티드하이알루로네이트, 소듐디엔에이(0.005ppm)"
pi_ampoule_A000000258824,ampoule,[짱구 콜라보] 일소 펩타이드 3엑스 모공톡스 탄력 앰플 30ml 기획 (+맥세이프 카드지갑),일소,,,,A000000258824,olive_crwl_price_ingredient,30.0,30.0,ml,28000.0,19900.0,6633.3,"정제수, 부틸렌글라이콜, 글리세린, 나이아신아마이드, 프로판다이올, 1,2-헥산다이올, 팔미토일트라이펩타이드-5, 헥사펩타이드-9, 올리고펩타이드-1, 에스알-(올리고펩타이드-91클로스트리듐보툴리눔폴리펩타이드-1), 소듐하이알루로네이트, 소듐디엔에이, 말라카이트추출물, 효모발효여과물, 아크릴레이트/C10-30알킬아크릴레이트크로스폴리머, 트로메타민, 폴리아크릴레이트크로스폴리머-6, 에리스리톨, 카프릴릭/카프릭트라이글리세라이드, 에틸헥실글리세린, 아데노신, 글리세릴폴리아크릴레이트, 하이드로제네이티드레시틴, 소듐파이테이트, 세라마이드엔피, 베타-글루칸, 다발방패버섯추출물, 토코페롤, 레시틴, 폴리솔베이트20, 소듐아스코빌포스페이트, 글라이신, 알지닌, 글루타믹애씨드, 다이소듐이디티에이, 아이리쉬모스가루, 울트라마린 (CI 77007), 티타늄디옥사이드 (CI 77891), 흑색산화철 (CI 77499), 아가"
pi_ampoule_A000000210343,ampoule,[3일 잡티흔적케어 / 비타민C앰플] 로벡틴 비타 다크 스팟 세럼 30ml,로벡틴,,,,A000000210343,olive_crwl_price_ingredient,30.0,30.0,ml,32000.0,19840.0,6613.3,"정제수,  비타민나무수,  부틸렌글라이콜,  나이아신아마이드, 프로판다이올, 글리세린, 1, 2-헥산다이올, 다이프로필렌글라이콜, 에톡시다이글라이콜, 메틸프로판다이올, 소듐폴리아크릴로일다이메틸타우레이트, 펜틸렌글라이콜, 카보머, 3-O-에틸아스코빅애씨드, 에리스리톨, 알부틴, 트로메타민, 에틸헥실글리세린, 페룰릭애씨드, 판테놀, 글리세릴아크릴레이트/아크릴릭애씨드코폴리머, 아데노신, 시트릭애씨드, 다이포타슘글리시리제이트, 인도멀구슬나무꽃추출물, 홀리바질잎추출물, 인도멀구슬나무잎추출물, 소듐하이알루로네이트, 소듐파이테이트, 울금뿌리추출물, 참산호말추출물, 베타-글루칸, 비타민나무열매추출물, 녹차추출물, 폴스애플민트잎추출물, 타임잎추출물, 토코페롤,  보리지씨오일,  알지닌,  덱스트린,  레시틴,  4-부틸레조시놀,  리놀레닉애씨드,  아스코빅애씨드,  바이오틴,  사이아노코발아민,  폴릭애씨드,  판토테닉애씨드,  피리독신,  티아민에이치씨엘"
pi_ampoule_A000000245091,ampoule,에스트라 아토베리어365 세라-히알 속수분 앰플 30ml+30ml 리필 기획,에스트라,,,,A000000245091,olive_crwl_price_ingredient,30.0,60.0,ml,47500.0,40370.0,6728.3,"정제수, 부틸렌글라이콜, 글리세린, 나이아신아마이드, 1,2-헥산다이올, 베타인, 판테놀, 카보머, 에틸헥실글리세린, 소듐하이알루로네이트, 3-O-에틸아스코빅애씨드, 셀룰로오스검, 트로메타민, 소듐트라이메타포스페이트, 다이포타슘글리시리제이트, 프로판다이올, 아데노신, 하이드록시프로필비스팔미타마이드엠이에이, 소듐메타포스페이트, 글리세릴카프릴레이트, 포타슘하이드록사이드, 소듐락테이트, 바이오사카라이드검-1, 카프릴릭/카프릭트라이글리세라이드, 펜틸렌글라이콜, 시트릭애씨드, 하이드록시에틸우레아, 폴리글리세릴-10스테아레이트, 콜레스테롤, 프로필렌글라이콜, 포타슘세틸포스페이트, 토코페롤, 세라마이드엔피, 만니톨, 스테아릭애씨드, 실리카, 아크릴레이트/암모늄메타크릴레이트코폴리머, 하이드로제네이티드레시틴, 팔미틱애씨드, 올레익애씨드, 아라키딕애씨드, 스핑고리피드"
pi_ampoule_A000000223335,ampoule,[장벽앰플] 아벤느 시칼파트+ 인텐스 세럼 30ml 기획 (+에센스인로션25ml+클렌징젤15ml+블레미쉬크림2ml),아벤느,,,,A000000223335,olive_crwl_price_ingredient,30.0,72.0,ml,52000.0,39900.0,5541.7,"온천수,글리세린,펜틸렌글라이콜,프로판다이올,1,2-헥산다이올,판테놀,4-t-부틸사이클로헥산올,옥틸도데칸올,판토락톤,베타인,시트릭애씨드,하이드록시에틸아크릴레이트/소듐아크릴로일다이메틸타우레이트코폴리머,폴리솔베이트60,소듐시트레이트,솔비탄아이소스테아레이트,정제수,잔탄검"
pi_ampoule_A000000250593,ampoule,[핑구콜라보] 셀퓨전씨 포스트 알파 쿨링 펩타이드 앰플 30ml 기획 (+앰플 10ml),셀퓨전씨,,,,A000000250593,olive_crwl_price_ingredient,30.0,40.0,ml,28000.0,18900.0,4725.0,"정제수, 글리세린, 다이프로필렌글라이콜, 글리세레스-26, 프로판다이올, 빙하수, 2,3-부탄다이올, 1,2-헥산다이올, 나이아신아마이드, 카프릴릭/카프릭트라이글리세라이드, 메틸글루세스-20, 옥틸도데세스-16, 다이페닐다이메티콘, 부틸렌글라이콜, 트라이에틸헥사노인, 메틸프로판다이올, 카보머, 트로메타민, 하이드로제네이티드레시틴, 암모늄아크릴로일다이메틸타우레이트/브이피코폴리머, 메틸다이아이소프로필프로피온아마이드, 에틸헥실글리세린, 폴리글리세릴-10올리에이트, 하이드록시아세토페논, 실버위드추출물, 아데노신, 폴리쿼터늄-51, 귀리커넬추출물, 아티초크잎추출물, 베타-글루칸, 글리세릴폴리메타크릴레이트, 다이소듐이디티에이, 녹차수, 병풀추출물, 무화과추출물, 글리세릴카프릴레이트, 효모발효여과물, 매듭풀추출물, 말토덱스트린, 세라마이드엔피, 레드신코나나무껍질추출물, 하이드롤라이즈드치자추출물, 구기자추출물, 육두구추출물, 마누카잎추출물, 다발방패버섯추출물, 소듐하이알루로네이트크로스폴리머, 카프릴릴글라이콜, 카페인,*아세틸헥사펩타이드-8(75ppb), *카퍼트라이펩타이드-1(75ppb), *트라이펩타이드-1(50ppb), *팔미토일펜타펩타이드-4(25ppb), *헥사펩타이드-9(25ppb), 수크로오스다이스테아레이트, 하이드록시프로필사이클로덱스트린"
pi_ampoule_A000000161581,ampoule,[누적판매 1700만]스킨1004 마다가스카르 센텔라 앰플 55ml,스킨1004,,,,A000000161581,olive_crwl_price_ingredient,55.0,55.0,ml,,18000.0,3272.7,"정제수, 글리세린, 부틸렌글라이콜, 병풀추출물, 1,2-헥산다이올, 셀룰로오스검, 에틸헥실글리세린"
pi_mist_A000000255680,mist,[청담샵화잘먹] 메디큐브 PDRN 핑크 콜라겐 글로우 젤리 미스트 100ml 더블기획(+미스트 공병키링),메디큐브,,,,A000000255680,olive_crwl_price_ingredient,100.0,200.0,ml,47800.0,29700.0,1485.0,"콜라겐수(80.9%), 아이소프로필미리스테이트, 글리세린, 나이아신아마이드, 1,2-헥산다이올, 정제수, 소듐클로라이드, 메도우폼씨오일, 부틸렌글라이콜, 하이드록시아세토페논, 프로판다이올, 젤란검, 소듐디엔에이(1,081ppm), 해바라기씨오일, 에틸헥실글리세린, 아데노신, 트라이에틸시트레이트, 옥수수커넬추출물, 알칸나뿌리추출물, 다이소듐이디티에이, 토코페롤, 하이알루로닉애씨드, 하이드롤라이즈드하이알루로닉애씨드, 소듐하이알루로네이트, 콜라겐(10.8ppm), 프룩탄, 만주자작나무껍질/잎추출물, 피마자씨오일, 글루코오스, 레몬그라스잎오일, 스타아니스열매/씨오일, 스쿠알란, 글루타티온, 하이드롤라이즈드엘라스틴, 연어알추출물, 말토덱스트린, 카프릴릭/카프릭트라이글리세라이드, 하이드로제네이티드레시틴, 세라마이드엔피, 소듐시트레이트, 카프릴릴글라이콜, 소듐포스페이트, 시트릭애씨드, 진주추출물, 사이아노코발아민, 에스에이치-올리고펩타이드-1"
pi_mist_A000000259555,mist,[26년 신형/보습광채] 달바 퍼스트 스프레이 세럼 펩타이드 100ml 더블기획,달바,,,,A000000259555,olive_crwl_price_ingredient,100.0,200.0,ml,59800.0,37200.0,1860.0,"정제수, 부틸렌글라이콜, 글리세레스-26, 에톡시다이글라이콜, 나이아신아마이드, 폴리프로필실세스퀴옥세인, 해바라기씨오일, 흰서양송로수, 다이프로필렌글라이콜, 1,2-헥산다이올, 솔비톨, 하이드록시에틸우레아, 아보카도오일, 바질꽃/잎/줄기추출물, 멕시칸치아씨추출물, 다이펩타이드-15, 흰서양송로추출물, 베타인, 귀리커넬추출물, 다이소듐이디티에이, 아데노신, 돌콩오일, 알지닌, 카보머, 다이포타슘글리시리제이트, 하이드롤라이즈드하이알루로닉애씨드, 아나토씨오일, 글리세린, 소듐팔미토일프롤린, 데이지꽃추출물, 프리지아추출물, 약모밀추출물, 에델바이스추출물, 마돈나백합꽃추출물, 뽕나무껍질추출물, 연꽃추출물, 인삼추출물, 스노우로투스추출물, 비피다발효용해물, 포타슘솔베이트, 알바수련꽃추출물, 하이드록시아세토페논, 카프릴릴글라이콜, 토코페릴아세테이트, 토코페롤, 향료, 리날룰, 헥실신남알, 리모넨, 시트로넬올"
pi_mist_A000000189004,mist,[재구매율1위] 바이오힐보 판테셀 리페어시카 크림미스트 [기내용/더블/대용량],바이오힐보,,,,A000000189004,olive_crwl_price_ingredient,,,,9000.0,7000.0,,"정제수, 글리세린, 트라이에틸헥사노인, 하이드로제네이티드폴리(C6-14올레핀), 부틸렌글라이콜, 펜틸렌글라이콜, 메틸프로판다이올, 판테놀(1%), 병풀추출물, 베타-시토스테롤, 병풀잎추출물, 아세틸헥사펩타이드-8, 아스코빅애씨드폴리펩타이드, 아세틸옥타펩타이드-3, 아세틸테트라펩타이드-2, 아세틸테트라펩타이드-3, 아세틸테트라펩타이드-5, 아세틸테트라펩타이드-9, 카르노신, 카퍼트라이펩타이드-1, 노나펩타이드-1, 팔미토일펜타펩타이드-4, 팔미토일트라이펩타이드-1, 팔미토일트라이펩타이드-5, 스트렙토코쿠스 테르모필루스발효물, 아이리쉬모스추출물, 사탕수수추출물, 사과즙, 칸디다 봄비콜라/글루코오스/메틸레이프씨데이트발효물, 해바라기씨오일, 1,2-헥산다이올, 베타인, 트라이라우레스-4포스페이트, 에틸헥실글리세린, 폴리쿼터늄-51, 소듐파이테이트, 시트릭애씨드, 토코페롤, 레시틴, 에스신, 다이프로필렌글라이콜"
pi_mist_A000000247773,mist,[수지 PICK/한정기획] 아누아 피디알엔 히알루론산 수분 캡슐 미스트 100ml 2입 기획,아누아,,,,A000000247773,olive_crwl_price_ingredient,100.0,200.0,ml,70000.0,31900.0,1595.0,"정제수, 다이페닐다이메티콘, 다이프로필렌글라이콜, 펜틸렌글라이콜, 1,2-헥산다이올, 스트렙토코쿠스 테르모필루스발효물, 캐스터오일/아이피디아이코폴리머, 자일리틸글루코사이드, 자일리톨, 돌콩추출물, 인도멀구슬나무잎추출물, 소듐하이알루로네이트(100ppm), 인도멀구슬나무꽃추출물, 돌콩오일, 사과즙, 아이비고드열매추출물, 백미꽃추출물, 가지열매추출물, 알로에베라꽃추출물, 호호바씨오일, 울금뿌리추출물, 홀리바질잎추출물, 참산호말추출물, 해바라기씨오일, 접시꽃추출물, 당근추출물, 하이드롤라이즈드하이알루로닉애씨드(0.01ppm), 하이알루로닉애씨드(0.01ppm), 유럽밤나무씨추출물, 사과씨오일, 흑효모발효물, 하이드롤라이즈드콜라겐, 비타민나무오일, 호박가루, 칸디다 봄비콜라/글루코오스/메틸레이프씨데이트발효물, 드럼스틱씨오일, 글리세레스-26, 프로판다이올, 부틸렌글라이콜, 판테놀, 카프릴릭/카프릭트라이글리세라이드, 소듐디엔에이(2,000ppm), 하이드록시에틸우레아, 하이드록시아세토페논, 알란토인, 다이펩타이드-15, 젤란검, 안하이드로자일리톨, 칼슘클로라이드, 카프릴릴글라이콜, 아데노신, 피피지-13-데실테트라데세스-24, 글리세린, 소듐시트레이트, 시트릭애씨드, 토코페롤, 옥탄다이올, 에틸헥실글리세린, 베타-카로틴, 다이포타슘포스페이트, 아세틸글루타민, 아가, 마그네슘설페이트, 다이페닐실록시페닐트라이메티콘, 페닐트라이메티콘, 프로필렌글라이콜다이벤조에이트, 하이드로제네이티드레시틴, 세라마이드엔피, 소듐클로라이드, 카퍼트라이펩타이드-1, 셀룰로오스검, 소듐바이카보네이트, 포타슘클로라이드, 소듐스테아로일글루타메이트, 잔탄검"
pi_mist_A000000259319,mist,[NEW / 수부지추천] 클레어스 블루 EGF 카밍 미스트 100ml,디어클레어스,,,,A000000259319,olive_crwl_price_ingredient,100.0,100.0,ml,29900.0,19900.0,1990.0,"정제수, 카프릴릭/카프릭트라이글리세라이드, 부틸렌글라이콜, 1,2-헥산다이올, 에리스리톨, 자일리톨, 알란토인, 소듐클로라이드, 트레할로오스, 에틸헥실글리세린, 카프릴릴글라이콜, 토코페릴아세테이트, 소듐시트레이트, 구아이아줄렌(300ppm), 시트릭애씨드, 엑토인(100ppm), 마데카소사이드(100ppm), 로즈힙열매오일, 비사보롤, 소듐하이알루로네이트크로스폴리머, 에스에이치-올리고펩타이드-1(5ppm), 에스에이치-폴리펩타이드-1(5ppm), 월귤추출물, 징크피씨에이"
pi_mist_A000000166510,mist,[보습광채/안개분사]차앤박 프로폴리스 에너지 앰플 미스트 250ml,차앤박,,,,A000000166510,olive_crwl_price_ingredient,250.0,250.0,ml,27500.0,12900.0,516.0,"정제수, 프로판다이올, 글리세린, 1,2-헥산다이올, 다이메티콘, 소듐시트레이트, 부틸렌글라이콜, 베타인, 하이드로제네이티드레시틴, 솔비톨, 피이지-60하이드로제네이티드캐스터오일, 솔비탄세스퀴올리에이트, 시트릭애씨드, 센티드제라늄꽃오일, 펜틸렌글라이콜, 다이소듐이디티에이, 프로폴리스추출물(200ppm), 하이알루로닉애씨드, 판테놀, 하이드록시페닐프로파미도벤조익애씨드, 글루코노락톤, 락토바이오닉애씨드, 판토락톤, 아스코빌팔미테이트, 시트로넬올, 제라니올, 리날룰"
pi_mist_A000000254446,mist,[3초화잘먹|PDRN] 바이오힐보 프로바이오덤 콜라겐 리모델링 세럼 겔 미스트 (미니/증정기획),바이오힐보,,,,A000000254446,olive_crwl_price_ingredient,,,,26000.0,16900.0,,"[겔미스트]
정제수, 펜틸렌글라이콜, 부틸렌글라이콜, 글리세린, 프로판다이올, 락토바실러스발효물, 하이드롤라이즈드콜라겐, 병풀추출물, 백미꽃추출물, 콜라겐추출물, 아텔로콜라겐, 접시꽃추출물, 수용성콜라겐, 소듐하이알루로네이트, 콜라겐, 흰목이버섯추출물, 히비스커스꽃추출물, 하이드롤라이즈드하이알루로닉애씨드, 하이알루로닉애씨드, 글리세레스-26, 칼슘락테이트, 판테놀, 소듐디엔에이, 젤란검, 하이드록시아세토페논, 1,2-헥산다이올, 에틸헥실글리세린, 아가, 아데노신, 소듐시트레이트, 알란토인, 시트릭애씨드, 베타-글루칸, 사이아노코발아민, 베타인, 알지닌, 프룩토올리고사카라이드, 토코페롤, 프룩탄, 이눌린, 글루코노락톤, 락토바이오닉애씨드, 하이드록시프로필사이클로덱스트린, 티옥틱애씨드, 셀룰로오스, 벤질글라이콜, 하이드롤라이즈드글라이코사미노글리칸, 카프릴릴글라이콜, 포타슘하이드록사이드, 셀룰로오스검, 글라이신, 트라이펩타이드-10시트룰린, 세린, 글루타믹애씨드, 하이드롤라이즈드디엔에이, 하이드롤라이즈드엘라스틴, 소듐하이알루로네이트크로스폴리머, 탄닉애씨드, 프롤린, 아스파틱애씨드, 류신, 알라닌, 라이신, 타이로신, 트레오닌, 발린, 아이소류신, 카퍼트라이펩타이드-1, 히스티딘, 하이드록시프로필트라이모늄하이알루로네이트, 팔미토일펜타펩타이드-4, 아세틸헥사펩타이드-8, 아세틸테트라펩타이드-5, 팔미토일테트라펩타이드-7, 팔미토일트라이펩타이드-1, 페닐알라닌, 소듐아세틸레이티드하이알루로네이트, 시스테인, 메티오닌

[겔마스크]
정제수, 글리세린, 메틸프로판다이올, 아크릴레이트/에틸헥실아크릴레이트코폴리머, 1,2-헥산다이올, 아이리쉬모스가루, 캐롭검, 지치뿌리추출물, 카카오추출물, 락토바실러스발효물, 콜라겐, 콜라겐추출물, 수용성콜라겐, 베타인, 부틸렌글라이콜, 글리세레스-26, 하이드록시아세토페논, 하이드록시에틸우레아, 카프릴릭/카프릭트라이글리세라이드, 알란토인, 셀룰로오스검, 판테놀, 포타슘클로라이드, 글루코만난, 구아검, 에틸헥실글리세린, 덱스트린, 다이포타슘글리시리제이트, 트레할로오스, 폴리글리세릴-10라우레이트, 프로판다이올, 젤란검, 아가, 다이팔미토일하이드록시프롤린, 글라이코젠, 하이드롤라이즈드글라이코사미노글리칸, 매스틱검, 알지닌, 하이드로제네이티드레시틴, 하이드롤라이즈드엘라스틴, 프룩토올리고사카라이드, 아세틸헥사펩타이드-8, 베타-글루칸, 아스코빅애씨드폴리펩타이드, 프룩탄, 이눌린, 아세틸옥타펩타이드-3, 아세틸테트라펩타이드-2, 아세틸테트라펩타이드-3, 아세틸테트라펩타이드-5, 아세틸테트라펩타이드-9, 카르노신, 카퍼트라이펩타이드-1, 노나펩타이드-1, 팔미토일펜타펩타이드-4, 팔미토일트라이펩타이드-1, 팔미토일트라이펩타이드-5, 잔탄검, 페네틸알코올, 구아이아줄렌"
pi_mist_A000000259222,mist,[7월 올영픽/화잘먹 쿨링 미스트] 바이오던스 콜라겐 펩타이드 젤리 세럼 미스트 50ml 기획(+퍼글러 미스트 파우치),바이오던스,,,,A000000259222,olive_crwl_price_ingredient,50.0,50.0,ml,19000.0,16200.0,3240.0,"콜라겐수(770,965ppm), 글리세린, 프로판다이올, 트라이프로필렌글라이콜, 1,2-헥산다이올, 나이아신아마이드, 글리세레스-26, 정제수, 소듐클로라이드, 하이드록시아세토페논, 젤란검, 칼슘락테이트, 아데노신, 다이소듐이디티에이, 갈락토미세스발효여과물, 사이아노코발아민, 치자추출물, 하이드롤라이즈드스클레로튬검, 카라기난, 하이드롤라이즈드하이알루로닉애씨드, 부틸렌글라이콜, 잔탄검, 캐롭검, 덱스트린, 수크로오스, 아세틸헥사펩타이드-8(1,000ppb), 콜라겐추출물(100ppb), 카퍼트라이펩타이드-1(0.1ppb), 트라이펩타이드-1(0.1ppb), 팔미토일트라이펩타이드-5(0.1ppb), 헥사펩타이드-9(0.1ppb), 팔미토일펜타펩타이드-4(0.1ppb), 올리고펩타이드-1(0.1ppb),팔미토일트라이펩타이드-38(0.1ppb), 펜타펩타이드-4(0.1ppb), 헥사펩타이드-12(0.1ppb)"
pi_mist_A000000220688,mist,[수부지/안개분사] 한율 어린쑥 트러블 진정 미스트 120ml 리필 기획 (+어린쑥 미스트 120ml 리필),한율,,,,A000000220688,olive_crwl_price_ingredient,120.0,240.0,ml,25000.0,19400.0,808.3,"정제수, 프로판다이올, 부틸렌글라이콜, 황해쑥잎수(17,590ppm), 자일리톨, 펜틸렌글라이콜, 카프릴릭/카프릭트라이글리세라이드, 피피지-13-데실테트라데세스-24, 글리세릴카프릴레이트, 향료, 2,3-부탄다이올, 에틸헥실글리세린, 소듐메타포스페이트, 1,2-헥산다이올, 글루코노락톤, 레시틴, 락토바실러스발효물, 글리세린, 이눌린라우릴카바메이트, 살리실릭애씨드, 황해쑥잎추출물(10ppm), 병풀꽃/잎/줄기추출물, 토코페롤, 소듐하이알루로네이트, 하이드롤라이즈드하이알루로닉애씨드, 소듐하이알루로네이트크로스폴리머, 하이알루로닉애씨드, 소듐아세틸레이티드하이알루로네이트"
pi_mist_A000000259123,mist,[쿨링탄력] 달바 리프레쉬 아쿠아 스프레이 세럼 100ml,달바,,,,A000000259123,olive_crwl_price_ingredient,100.0,100.0,ml,29900.0,23500.0,2350.0,"빙하수(800,000ppm), 다이프로필렌글라이콜, 세틸에틸헥사노에이트, 정제수, 1,2-헥산다이올, 나이아신아마이드, 글리세레스-26, 흰서양송로추출물(207ppm), 부틸렌글라이콜, 하이드록시에틸우레아, 아보카도오일, 폴리프로필실세스퀴옥세인, 베타인, 카프릴릭/카프릭트라이글리세라이드, 토코페롤, 콜라겐추출물, 다이포타슘글리시리제이트, 다이소듐이디티에이, 아데노신, 사카라이드아이소머레이트, 글리세린, 오크라열매추출물, 펜타에리스리틸테트라-다이-t-부틸하이드록시하이드로신나메이트, 인도멀구슬나무잎추출물, 인도멀구슬나무꽃추출물, 아크릴레이트/C10-30알킬아크릴레이트크로스폴리머, 알지닌, 아이비고드열매추출물, 감나무잎추출물, 에틸헥실글리세린, 블루탄지꽃오일, 포도추출물, 알로에베라꽃추출물, 가지열매추출물, 잇꽃꽃추출물, 커피콩추출물, 호장근뿌리추출물, 녹차추출물, 밤껍질추출물, 초피나무열매추출물, 소듐팔미토일프롤린, 호호바씨오일, 시트릭애씨드, 소듐시트레이트, 참산호말추출물, 울금뿌리추출물, 홀리바질잎추출물, 개똥쑥추출물, 연꽃추출물, 쌀추출물, 효모발효물, 글루코오스, 만노오스, 소듐하이알루로네이트, 알바수련꽃추출물, 하이드록시프로필트라이모늄하이알루로네이트, 하이드롤라이즈드하이알루로닉애씨드, 소듐아세틸레이티드하이알루로네이트, 하이알루로닉애씨드, 하이드롤라이즈드소듐하이알루로네이트, 소듐하이알루로네이트크로스폴리머, 포타슘하이알루로네이트, 향료"
pi_mist_A000000251062,mist,닥터엘시아 345 릴리프 크림 미스트 100ml 기획 (+60ml),닥터엘시아,,,,A000000251062,olive_crwl_price_ingredient,100.0,160.0,ml,36900.0,27900.0,1743.8,"쌀겨수, 글리세린, 트라이에틸헥사노인, 정제수, 하이드로제네이티드폴리(C6-14올레핀), 부틸렌글라이콜, 메틸프로판다이올, 펜틸렌글라이콜, 1,2-헥산다이올, 판테놀, 스트렙토코쿠스 테르모필루스발효물, 트라이라우레스-4포스페이트, 에틸헥실글리세린, 소듐파이테이트, 시트릭애씨드, 베타인, 폴리쿼터늄-51, 사과즙, 쌀추출물, 씨솔트, 백미꽃추출물, 토코페롤, 아스퍼질러스발효물, 접시꽃추출물, 하이드롤라이즈드하이알루로닉애씨드, 하이드록시프로필트라이모늄하이알루로네이트, 마데카소사이드, 알로에베라잎수, 귀리커넬추출물, 병풀잎추출물, 락토바실러스발효물, 약모밀추출물, 하이알루로닉애씨드, 실란트라이올, 비피다발효추출물, 하이드롤라이즈드쌀단백질, 쌀아미노산"
pi_mist_A000000254684,mist,[서예지 PICK] 런드리유 카밍 고체 미스트 100+100g 더블 기획,런드리유,,,,A000000254684,olive_crwl_price_ingredient,100.0,200.0,g(약 1ml 상당으로 근사),42000.0,26500.0,1325.0,"정제수, 글리세린, 프로판다이올, 부틸렌글라이콜, 오레가노잎추출물, 1,2-헥산다이올, 편백잎추출물, 해수, 젤란검, 칼슘락테이트, 에틸헥실글리세린, 다이소듐이디티에이, 다이포타슘글리시리제이트, 다이프로필렌글라이콜, 락토바실러스발효용해물, 락토코쿠스발효용해물, 비피다발효용해물, 토코페롤, 엑토인, 서양민들레잎추출물"
pi_mist_A000000227144,mist,[화잘먹미스트] 오드로이 모공수축 시카 83.7 콜라겐 미스트 앰플 로프디 100ml,오드로이,,,,A000000227144,olive_crwl_price_ingredient,100.0,100.0,ml,23500.0,19270.0,1927.0,"병풀잎수(83.70412%), 블랙체리열매추출물, 펜틸렌글라이콜, 부틸렌글라이콜, 글리세린, 1,2-헥산다이올, 메틸프로판다이올, 아이소펜틸다이올, 정제수, 하이드록시아세토페논, 메도우폼씨오일, 카놀라오일, 하이드로제네이티드레시틴, 해바라기씨오일, 아르간커넬오일, 알란토인, 폴리글리세릴-10스테아레이트, 트레할로오스, 아데노신, 폴리글리세릴-10라우레이트, 에난티아 클로란타껍질추출물, 소듐글루코네이트, 폴리글리세릴-10미리스테이트, 향료, 하이드롤라이즈드하이알루로닉애씨드, 하이드롤라이즈드콜라겐(0.01%), 병풀추출물(0.0098%), 치자추출물, 올레아놀릭애씨드"
pi_mist_A000000259179,mist,[7월올영픽/토너미스트] 유리아쥬 시카 데일리 마이크로 리페어링 미스트 120ml기획(+미스트 50ml+세럼 1ml),유리아쥬,,,,A000000259179,olive_crwl_price_ingredient,120.0,171.0,ml,34000.0,25700.0,1502.9,"[미스트]
정제수, 메틸프로판다이올, 부틸렌글라이콜, 글리세린, 1,2-헥산다이올, 나이아신아마이드, 에틸헥실글리세린, 쇠비름추출물, 소듐시트레이트, 하이드록시아세토페논, 폴리쿼터늄-51, 시트릭애씨드, 다이소듐이디티에이, 하이드로제네이티드레시틴, 판테놀, 병풀추출물, 무화과추출물, 세라마이드엔피, 락토코쿠스발효용해물, 프룩토올리고사카라이드, 향부자추출물, 사탕무뿌리추출물, 징크피씨에이, 베툴린, 포타슘락테이트, 락틱애씨드, 소듐클로라이드

[세럼]
정제수,온천수*,글리세린,다이글리세린,1,2-헥산다이올,이눌린,판테놀,소듐폴리아크릴로일다이메틸타우레이트,잔탄검,소듐하이알루로네이트,프로판다이올,병풀잎추출물,시트릭애씨드,징크글루코네이트,글루타밀아미도에틸인돌"
pi_mist_A000000241879,mist,[미백탄력/비타VER] 달바 비타 토닝 안티에이징 스프레이 세럼 8퍼센트 70ml,달바,,,,A000000241879,olive_crwl_price_ingredient,70.0,70.0,ml,38000.0,23900.0,3414.3,"전성분명,비타민나무수,흰서양송로수,콜라겐수,다이프로필렌글라이콜,해바라기씨오일,1,2-헥산다이올,글리세레스-26,정제수,나이아신아마이드,폴리프로필실세스퀴옥세인,흰서양송로추출물,카프릴릭/카프릭트라이글리세라이드,하이드록시에틸우레아,부틸렌글라이콜,마카다미아씨오일,올리브오일,베타인,토코페롤,동백나무씨오일,아보카도오일,솔비톨,다이포타슘글리시리제이트,다이소듐이디티에이,펜타에리스리틸테트라-다이-t-부틸하이드록시하이드로신나메이트,아데노신,바위돌꽃뿌리추출물,돌콩오일,비타민나무열매오일,달맞이꽃오일,인도멀구슬나무꽃추출물,소듐팔미토일프롤린,알지닌,카보머,홀리바질잎추출물,인도멀구슬나무잎추출물,덱스트린,카카오추출물,아나토씨오일,하이드롤라이즈드하이알루로닉애씨드,아스코빅애씨드,울금뿌리추출물,글루타티온,글루코오스,만노오스,참산호말추출물,알바수련꽃추출물,소듐하이알루로네이트,하이드롤라이즈드옥수수단백질,하이드롤라이즈드귀리단백질,하이드롤라이즈드완두콩단백질,하이드롤라이즈드쌀겨단백질,하이드롤라이즈드쌀단백질,하이드롤라이즈드참깨단백질,하이드롤라이즈드콩단백질,하이드롤라이즈드밀단백질,하이드록시프로필트라이모늄하이알루로네이트,소듐아세틸레이티드하이알루로네이트,하이알루로닉애씨드,하이드롤라이즈드소듐하이알루로네이트,소듐하이알루로네이트크로스폴리머,포타슘하이알루로네이트,향료,리날룰,헥실신남알,리모넨,시트로넬올"
pi_mist_A000000130138,mist,에스트라 아토베리어365 크림미스트 120ml,에스트라,,,,A000000130138,olive_crwl_price_ingredient,120.0,120.0,ml,23000.0,20700.0,1725.0,"정제수, 글리세린, 부틸렌글라이콜, 카프릴릭/카프릭트리글리세라이드, 하이드로제네이티드폴리(C6-14올레핀),디메치콘, 세틸에칠헥사노에이트, 하이드록시프로필비스라우라마이드엠이에이(10,000 ppm), 1,2-헥산디올, 소듐서팩틴, 콜레스테롤, 글리세릴카프릴레이트, 디소듐디티
에이, 에칠헥실글리세린, 베헤닉애씨드, 토코페롤"
pi_mist_A000000259499,mist,[7월올영픽/쿨링진정] 파넬 시카마누 세럼 미스트 100g 기획 (+세럼 15ml),파넬,,,,A000000259499,olive_crwl_price_ingredient,15.0,15.0,ml,27000.0,19900.0,13266.7,"[세럼미스트]
정제수, 다이프로필렌글라이콜, 프로판다이올, 나이아신아마이드, 1,2-헥산다이올, 부틸렌글라이콜, 글리세레스-25피씨에이아이소스테아레이트, 하이드록시아세토페논, 아크릴릭애씨드/브이피크로스폴리머, 알지닌, 에리스리톨, 병풀추출물(1,005ppm), 자일리톨, 잇꽃꽃추출물, 황련뿌리추출물, 에틸헥실글리세린, 덱스트린, 치자추출물, 메틸다이아이소프로필프로피온아마이드, 글리세린, 옥수수커넬추출물, 알로에베라잎추출물, 레몬그라스추출물, 유칼립투스잎추출물, 콘민트추출물, 폴록사머407, 판테놀, 카카오씨추출물, 프룩탄, 아시아티코사이드(4,000ppb), 아시아틱애씨드(3,000ppb), 마데카식애씨드(3,000ppb), 소듐디엔에이, 글루코오스, 마누카잎추출물(2,500ppb), 꿀추출물(2,000ppb), 락토바실러스발효물, 소듐하이알루로네이트크로스폴리머, 폴리글루타믹애씨드, 트레할로오스, 징크피씨에이, 다이메틸실란올하이알루로네이트, 하이드롤라이즈드하이알루로닉애씨드, 하이드롤라이즈드소듐하이알루로네이트, 하이알루로닉애씨드, 마데카소사이드(100ppb), 포타슘하이알루로네이트, 소듐하이알루로네이트, 하이드록시프로필트라이모늄하이알루로네이트, 소듐하이알루로네이트다이메틸실란올, 소듐아세틸레이티드하이알루로네이트

[세럼(증정)]
정제수, 부틸렌글라이콜, 글리세린, 1,2-헥산다이올, 카보머, 트로메타민, 폴리글리세릴-10라우레이트, 프로판다이올, 인도멀구슬나무잎추출물, 병풀추출물(744ppm), 카카오씨추출물, 에틸헥실글리세린, 불가리스쑥오일, 인도멀구슬나무꽃추출물, 덱스트린, 다이소듐이디티에이, 소듐폴리아크릴레이트, 펜틸렌글라이콜, 황련뿌리추출물, 락토바실러스발효물, 마누카잎추출물(20ppm), 마데카소사이드(20ppm), 데실글루코사이드, 카프릴릴글라이콜, 꿀추출물(900ppb), 메도우폼씨오일, 카프릴릭/카프릭트라이글리세라이드, 올리브오일, 하이드로제네이티드레시틴, 세라마이드엔피, 피토스핑고신, 멜라토닌"
pi_mist_A000000257433,mist,[1초미스트/화잘먹/단독기획] 밀리밀리 500달톤 프로틴 콜라겐 미스트 55ml*2 더블기획,밀리밀리,,,,A000000257433,olive_crwl_price_ingredient,55.0,110.0,ml,28500.0,19800.0,1800.0,"콜라겐수(430,980ppm), 정제수, 부틸렌글라이콜, 프로판다이올, 나이아신아마이드, 1,2-헥산다이올, 다이프로필렌글라이콜, 글라이콜다이스테아레이트, 하이드록시아세토페논, 카프릴릴글라이콜, 글리세린, 하이드록시에틸우레아, 
메틸프로판다이올, C12-13파레스-9, 스테아레스-4, 에틸헥실글리세린, 실크추출물(500ppm), 하이드롤라이즈드익스텐신(150ppm), 하이드롤라이즈드실크(100ppm), 하이드롤라이즈드엘라스틴(100ppm), 하이드롤라이즈드콜라겐(100ppm), 콜라겐추출물(0.01ppm), 커피콩추출물, 드럼스틱씨추출물, 아데노신, 잔탄검, 판테놀, 소듐벤조에이트, 스테아레스-30, 하이드롤라이즈드콩단백질(30ppm), 다이포타슘글리시리제이트, 소듐하이알루로네이트, 실크아미노산(3ppm), 아스코빌프로필하이알루로네이트, 하이드롤라이즈드콜라겐추출물(1ppm), 카페오일헥사펩타이드-65(0.1ppm), 카퍼트라이펩타이드-1(0.1ppm), 팔미토일테트라펩타이드-7(0.05ppm), 팔미토일트라이펩타이드-1(0.01ppm), 팔미토일펜타펩타이드-4(0.005ppm), 프롤린(0.01ppm), 아이소류
신(0.01ppm), 아스파틱애씨드(0.01ppm), 알라닌(0.01ppm), 알지닌(0.01ppm), 세린(0.01ppm), 발린(0.01ppm), 류신(0.01ppm), 메티오닌(0.01ppm), 글루타믹애씨드(0.01ppm), 글라이신(0.01ppm), 히스티딘(0.01ppm), 타우린(0.01ppm), 오르니틴(0.01ppm), 페닐알라닌(0.01ppm), 라벤더오일,리날룰"
pi_mist_A000000213148,mist,[1초 수분결 미스트] 에스네이처 아쿠아 스쿠알란 미스트 100ml,에스네이처,,,,A000000213148,olive_crwl_price_ingredient,100.0,100.0,ml,27000.0,19500.0,1950.0,"정제수, 부틸렌글라이콜, 글리세린, 메틸프로판다이올, 폴리글리세릴-10라우레이트, 스쿠알란(10,000ppm), 버지니아풍년화잎추출물, 달맞이꽃꽃추출물, 녹차추출물, 글리세릴글루코사이드, 1,2-헥산다이올, 아데노신, 에틸헥실글리세린, 하이드로제네이티드레시틴, 소듐시트레이트, 석시닉애씨드, 다이소듐이디티에이, 잔탄검, 하이드록시아세토페논"
pi_mist_A000000154819,mist,[보습광채/안개분사]차앤박 프로폴리스 에너지 앰플 미스트 100ml,차앤박,,,,A000000154819,olive_crwl_price_ingredient,100.0,100.0,ml,17500.0,9900.0,990.0,"정제수, 프로판다이올, 글리세린, 1,2-헥산다이올, 다이메티콘, 소듐시트레이트, 부틸렌글라이콜, 베타인, 하이드로제네이티드레시틴, 솔비톨, 피이지-60하이드로제네이티드캐스터오일, 솔비탄세스퀴올리에이트, 시트릭애씨드, 센티드제라늄꽃오일, 펜틸렌글라이콜, 다이소듐이디티에이, 프로폴리스추출물(200ppm), 하이알루로닉애씨드, 판테놀, 하이드록시페닐프로파미도벤조익애씨드, 글루코노락톤, 락토바이오닉애씨드, 판토락톤, 아스코빌팔미테이트, 시트로넬올, 제라니올, 리날룰"
pi_mist_A000000260349,mist,[붉은기 2배 방어_수분 레이어링]리쥬덱스 더마 리페어링 크림 미스트 100ml,리쥬덱스,,,,A000000260349,olive_crwl_price_ingredient,100.0,100.0,ml,,25000.0,2500.0,"'정제수, 프로판다이올, 2,3-부탄다이올, 글리세린, 베타인, 나이아신아마이드, 세라마이드엔피, 하이드롤라이즈드디엔에이, 판테놀, 병풀추출물, 다이포타슘글리시리제이트, 마데카식애씨드, 아시아틱애씨드, 아시아티코사이드, 마데카소사이드, 에스에이치-올리고펩타이드-1, 옥틸도데칸올, 다이프로필렌글라이콜, 하이드록시아세토페논, 하이드로제네이티드레시틴, 카프릴릴글라이콜, 다이소듐이디티에이, 1,2-헥산다이올"
pi_mist_A000000243502,mist,[3초광 미스트/수분 속광] 온그리디언츠 스킨 베리어 속광 미스트 100ml 기획 (+50ml),온그리디언츠,,,,A000000243502,olive_crwl_price_ingredient,100.0,150.0,ml,25000.0,21500.0,1433.3,"정제수, 글리세린, 트라이에틸헥사노인, 하이드로제네이티드폴리(C6-14올레핀), 다이프로필렌글라이콜, 트라이라우레스-4 포스페이트, 판테놀, 하이드록시아세토페논, 부틸렌글라이콜, 과라나씨추출물, 도둑놈의지팡이뿌리추출물, 울금뿌리추출물, 메틸다이아이소프로필프로피온아마이드, 에틸헥실글리세린, 1,2-헥산다이올, 다이소듐이디티에이, 티트리잎오일, 글루타티온, 하이드로제네이티드레시틴, 세테아릴알코올, 카프릴릴글라이콜, 스테아릭애씨드, 폴리글리세릴-10라우레이트, 소듐하이알루로네이트, 세라마이드엔피, 소듐하이알루로네이트크로스폴리머, 포타슘하이알루로네이트, 하이드록시프로필트라이모늄하이알루로네이트, 하이드롤라 이즈드소듐하이알루로네이트, 하이드롤라이즈드하이알루로닉애씨드, 하이알루로닉애씨드, 세라마이드엔에스, 세라마이드에이에스, 세라마이드에이피, 카퍼트라이펩타이드-1, 트라이펩타이드-1, 팔미토일트라이펩타이드-1, 팔미토일펜타펩타이드-4, 헥사펩타이드-11, 헥사펩타이드-9, 펜틸렌글라이콜, 소듐아세틸레이티드하이알루로네이트, 세라마이드이오피, 병풀추출물"
pi_mist_A000000244836,mist,[화잘먹] 모토몬트 애프터눈 페이셜 미스트 100ml,모토몬트,,,,A000000244836,olive_crwl_price_ingredient,100.0,100.0,ml,28900.0,20810.0,2081.0,"정제수, 트라이에틸헥사노인, 나이아신아마이드, 1,2-헥산다이올, 트라이라우레스-4포스페이트, 에틸헥실글리세린, 부틸렌글라이콜, 하이드로제네이티드레시틴, 덱스트린, 카카오추출물, 향료, 아데노신, 라벤더꽃추출물, 보리지추출물, 수레국화꽃추출물, 클레리추출물, 히아신스전초추출물, 마트리카리아꽃추출물, 하이알루로닉애씨드, 토코페롤, 리날룰, 리모넨"
pi_mist_A000000254068,mist,[포켓몬 에디션] VT 피디알엔 글로우 앰플 미스트 100ml 더블 기획 (+포켓몬 티 코스터),VT,,,,A000000254068,olive_crwl_price_ingredient,100.0,200.0,ml,44500.0,35900.0,1795.0,"정제수, 메틸프로판다이올, 메도우폼씨오일, 나이아신아마이드, 부틸렌글라이콜, 글리세린, 트라이에틸헥사노인, 폴리글리세린-3, 다이프로필렌글라이콜, 1,2-헥산다이올, 하이드록시아세토페논, 소듐시트레이트, 폴리글리세릴-10미리스테이트, 에틸헥실글리세린, 시트릭애씨드, 아데노신, 소듐파이테이트, 판테놀, 알란토인, 다이소듐이디티에이, 스쿠알란, 카프릴릭/카프릭트라이글리세라이드, 세라마이드엔피, 바오밥나무씨오일, 하이드로제네이티드레시틴, 폴리글루쿠로닉애씨드, 토코페롤, 소듐하이알루로네이트, 세라마이드에이에스, 세라마이드엔에스, 세라마이드에이피, 세라마이드이오피, 산양삼추출물, 소듐디엔에이(0.5ppb)"
pi_mist_A000000014686,mist,[기름종이미스트] 라로슈포제 세로징크 세범 컨트롤 토닝 미스트 150ml,라로슈포제,,,,A000000014686,olive_crwl_price_ingredient,150.0,150.0,ml,17000.0,15300.0,1020.0,"정제수, 소듐클로라이드, 징크설페이트"
pi_mist_A000000240453,mist,[1초 수분결 미스트] 에스네이처 아쿠아 스쿠알란 미스트 100ml 더블기획,에스네이처,,,,A000000240453,olive_crwl_price_ingredient,100.0,200.0,ml,48000.0,30240.0,1512.0,"정제수, 부틸렌글라이콜, 글리세린, 메틸프로판다이올, 폴리글리세릴-10라우레이트, 스쿠알란(10,000ppm), 버지니아풍년화잎추출물, 달맞이꽃꽃추출물, 녹차추출물, 글리세릴글루코사이드, 1,2-헥산다이올, 아데노신, 에틸헥실글리세린, 하이드로제네이티드레시틴, 소듐시트레이트, 석시닉애씨드, 다이소듐이디티에이, 잔탄검, 하이드록시아세토페논"
pi_mist_A000000245184,mist,[한정에디션] 퍼셀 247 초유 포어 디펜스 장벽강화 미스트 핑크 55ml,퍼셀,,,,A000000245184,olive_crwl_price_ingredient,55.0,55.0,ml,32000.0,27200.0,4945.5,"정제수, 프로판다이올, 비피다발효용해물(3.6%), 락토바실러스발효용해물(3.6%), 다이프로필렌글라이콜, 펜틸렌글라이콜, 부틸렌글라이콜, 락토코쿠스발효용해물, 피키아발효용해여과물, 효모발효용해여과물, 1,2-헥산다이올, 베타인, 초유(7,500ppm), 클로렐라 불가리스추출물, 자일리톨, 백미꽃추출물, 접시꽃추출물, 하이알루로닉애씨드, 우유지질, 판테놀, 글루코오스, 글리세린, 프룩토올리고사카라이드, 프룩토오스, 에틸헥실글리세린, 다이페닐다이메티콘, 아데노신, 트라이에틸헥사노인, 소듐시트레이트, 소듐파이테이트, 시트릭애씨드, 하이드로제네이티드레시틴, 베타-글루칸, 토코페롤, 마그네슘클로라이드, 테트라데실아미노부티로일발릴아미노부티릭우레아트라이플루오로아세테이트"
pi_mist_A000000248819,mist,[수분광채/PDRN] 런드리유 PDRN 고체미스트 100g+30g 기획,런드리유,,,,A000000248819,olive_crwl_price_ingredient,100.0,130.0,g(약 1ml 상당으로 근사),32000.0,27200.0,2092.3,"정제수, 글리세린, 프로판다이올, 오레가노잎추출물, 폴리글리세린-3, 나이아신아마이드, 1,2-헥산다이올, 편백잎추출물, 해수, 칼슘락테이트, 젤란검, 에틸헥실글리세린, 다이소듐이디티에이, 부틸렌글라이콜, 소듐디엔에이(1,000ppb), 카프릴릴글라이콜, 토코페롤, 글라이신, 세린, 글루타믹애씨드, 소듐하이알루로네이트, 솔비탄라우레이트, 하이드롤라이즈드콜라겐, 아스파틱애씨드, 류신, 알라닌, 라이신, 알지닌, 타이로신, 페닐알라닌, 프롤린, 발린, 트레오닌, 아이소류신, 하이드록시에틸셀룰로오스, 아세틸다이펩타이드-1세틸에스터, 히스티딘, 메티오닌, 시스테인, 엘라스틴, 콜라겐추출물, 하이드록시프로필트라이모늄하이알루로네이트, 하이드롤라이즈드엘라스틴, 수용성엘라스틴, 폴리글루타믹애씨드, 아세틸헥사펩타이드-1, 팔미토일트라이펩타이드-5, 하이드롤라이즈드하이알루로닉애씨드, 소듐아세틸레이티드하이알루로네이트, 하이알루로닉애씨드, 아세틸옥타펩타이드-3, 하이드롤라이즈드소듐하이알루로네이트, 소듐하이알루로네이트크로스폴리머, 포타슘하이알루로네이트"
pi_mist_A000000010498,mist,[1등 미스트] 아벤느 오 떼르말 미스트 300ml 2입 기획,아벤느,,,,A000000010498,olive_crwl_price_ingredient,300.0,600.0,ml,37000.0,26900.0,448.3,아벤느 온천수(아쿠아)
pi_mist_A000000237453,mist,[수지 PICK] 아누아 피디알엔 히알루론산 수분 캡슐 미스트 30ml,아누아,,,,A000000237453,olive_crwl_price_ingredient,30.0,30.0,ml,20000.0,12500.0,4166.7,"시트릭애씨드, 토코페롤, 소듐하이알루로네이트 (100ppm), 하이드롤라이즈드하이알루로닉애씨드 (0.01ppm), 하이알루로닉애씨드 (0.01ppm), 소듐디엔에이 (2,000ppm)"
pi_mist_A000000243432,mist,[화잘먹] VT 피디알엔 글로우 앰플 미스트 100ml 기획 (+피디알엔 에센스 15ml+리들샷 1ml*3개),VT,,,,A000000243432,olive_crwl_price_ingredient,100.0,116.0,ml,32000.0,21500.0,1853.4,"정제수, 메틸프로판다이올, 메도우폼씨오일, 나이아신아마이드, 부틸렌글라이콜, 글리세린, 트라이에틸헥사노인, 폴리글리세린-3, 다이프로필렌글라이콜, 1,2-헥산다이올, 하이드록시아세토페논, 소듐시트레이트, 폴리글리세릴-10미리스테이트, 에틸헥실글리세린, 시트릭애씨드, 아데노신, 소듐파이테이트, 판테놀, 알란토인, 다이소듐이디티에이, 스쿠알란, 카프릴릭/카프릭트라이글리세라이드, 세라마이드엔피, 바오밥나무씨오일, 하이드로제네이티드레시틴, 폴리글루쿠로닉애씨드, 토코페롤, 소듐하이알루로네이트, 세라마이드에이에스, 세라마이드엔에스, 세라마이드에이피, 세라마이드이오피, 산양삼추출물, 소듐디엔에이 (0.5ppb)"
pi_mist_A000000213916,mist,[아이돌광채] 더하르나이 시카이드 크림 미스트 120ml (안개분사 화잘먹 미스트),더하르나이,,,,A000000213916,olive_crwl_price_ingredient,120.0,120.0,ml,26000.0,20800.0,1733.3,"정제수, 메도우폼씨오일, 1,2-헥산다이올, 메틸프로판다이올, 트레할로오스, 글리세린, 부틸렌글라이콜, 티트리잎추출물, 세라마이드엔피, 병풀추출물(2ppm), 마데카소사이드(0.02ppm), 마데카식애씨드(0.02ppm), 아시아티코사이드(0.02ppm), 아시아틱애씨드(0.02ppm), 아세틸헥사펩타이드-8, 카르노신, 카퍼트라이펩타이드-1, 글루타티온, 아세틸테트라펩타이드-3, 아세틸테트라펩타이드-5, 팔미토일테트라펩타이드-7, 팔미토일트라이펩타이드-1, 팔미토일트라이펩타이드-5, 팔미토일펜타펩타이드-4, 라임전초오일, 라벤더오일, 하이드로제네이티드레시틴, 폴리글리세릴-10올리에이트, 폴리글리세릴-3메틸글루코오스다이스테아레이트, 다이소듐이디티에이, 옥틸도데칸올, 카프릴릴글라이콜, 에틸헥실글리세린, 리모넨, 리날룰"
pi_mist_A000000232220,mist,[화잘먹미스트/탱글젤리광] 메디큐브 PDRN 핑크 콜라겐 젤리 미스트 100ml 기획 (+앰플5ml+크림10ml),메디큐브,,,,A000000232220,olive_crwl_price_ingredient,100.0,115.0,ml,27800.0,19900.0,1730.4,"**PDRN 젤리 미스트
콜라겐수(80.9%), 아이소프로필미리스테이트, 글리세린, 나이아신아마이드, 1,2-헥산다이올, 정제수, 소듐클로라이드, 메도우폼씨오일, 부틸렌글라이콜, 하이드록시아세토페논, 프로판다이올, 젤란검, 소듐디엔에이(1,081ppm), 해바라기씨오일, 에틸헥실글리세린, 아데노신, 트라이에틸헥사노인, 옥수수커넬추출물, 알간나뿌리추출물, 다이소듐이디티에이, 도쿄치류, 하이드로제네이티드레시틴, 하이드롤라이즈드하이알루로닉애씨드, 하이드롤라이즈드콜라겐, 글리세릴카프릴레이트, 콜라겐(10.8ppm), 프로판, 다채추출가루/잎추출물, 미타자씨오일, 올록수스, 레몬그라스잎추출물, 스타아니스열매/씨오일, 스쿠알란, 글루코오스, 하이드롤라이즈드엘라스틴, 연잎추출물, 말토덱스트린, 카프릴릭/카프릭트라이글리세라이드, 로즈마리잎오일, 판테놀, 소듐파이테이트, 소듐시트레이트, 카프릴릴글라이콜, 소듐포스페이트, 시트릭애씨드, 진주추출물, 사이아노코발아민, 에스에이치-올리고펩타이드-1

**PDRN 수분크림
정제수, 글리세레스-26, 부틸렌글라이콜, 카프릴릭/카프릭트라이글리세라이드, 사이클로펜타실록세인, 1,2-헥산다이올, 나이아신아마이드, 하이드로제네이티드폴리데센, 아이소노닐아이소노나노에이트, 세테아릴올리베이트, 에틸헥실올리베이트, 글리세린, 솔비탄올리베이트, 소듐디엔에이(5,000PPM), 소듐아크릴레이트코폴리머, 소듐폴리아크릴로일다이메틸타우레 이트, 하이드록시에틸아크릴레이트/소듐아크릴로일다이메틸타우레이트코폴리머, 폴리글리세릴-4올리에이트, 다이소듐이디티에이, 베타인, 판테놀, 향료, 에틸헥실글리세린, 아데노신, 솔비탄아이소스테아레이트, 메도우폼씨오일, 글리세릴아크릴레이트/아크릴릭애씨드코폴리머, 시트릭애씨드, 사이아노코발아민, 하이드로제네이티드레시틴, 세테아릴알코올, 스테아릭애씨드, 소듐하이알루로네이트(1.02PPM), 하이드록시프로필트라이모늄하이알루로네이트(0.1PPM), 세라마이드엔피, 꿀풀추출물, 블래더랙추출물, 노니열매추출물, 여주열매추출물, 오크라열매추출물, 세라마이드엔에스, 소듐아세틸레이티드하이알루로네이트(0.01PPM), 하이드롤라이즈드하이알루로닉애씨드(0.01PPM), 병풀잎추출물, 콜레스테롤, 피토스핑고신, 세라마이드에이에스, 세라마이드에이피, 하이알루로닉애씨드(0.0025PPM), 카퍼트라이펩타이드-1, 소듐하이알루로네이트크로스폴리머(0.001PPM), 아세틸헥사펩타이드-8, 팔미토일펜타펩타이드-4, 하이드롤라이즈드소듐하이알루로네이트(0.001PPM), 팔미토일테트라펩타이드-7, 팔미토일트라이펩타이드-1, 포타슘하이알루로네이트(0.0002PPM), 세라마이드이오피

**PDRN 앰플
 정제수,글리세린,다이프로필렌글라이콜,아이소프로필미리스테이트,글리세레스-26,나이아신아마이드,1,2-헥산다이올,소듐디엔에이,부틸렌글라이콜,폴리글리세린-3,소듐아크릴레이트/소듐아크릴로일다이메틸타우레이트코폴리머,폴리아이소부텐,아크릴레이트/C10-30알킬아크릴레이트크로스폴리머,이리추출물,트로메타민,글리세릴아크릴레이트/아크릴릭애씨드코폴리머,피브이엠/엠에이코폴리머,에틸헥실글리세린,카프릴릴글라이콜,향료,인도멀구슬나무잎추출물,아데노신,카프릴릴/카프릴글루코사이드,솔비탄올리에이트,인도멀구슬나무꽃추출물,소듐하이알루로네이트,다이소듐이디티에이,울금뿌리추출물,사이아노코발아민,하이드롤라이즈드콜라겐,유비퀴논,홀리바질잎추출물,참산호말추출물,팔미토일펜타펩타이드-4,팔미토일트라이펩타이드-1,팔미토일테트라펩타이드-7,카퍼트라이펩타이드-1,아세틸헥사펩타이드-8,연어알추출물,아텔로콜라겐"
pi_mist_A000000233578,mist,[겉쫀속촉/화잘먹] 웰더마 PDRN 엑소좀 젤리 겔 미스트 100ml,웰더마,,,,A000000233578,olive_crwl_price_ingredient,100.0,100.0,ml,25000.0,18900.0,1890.0,"콜라겐수,정제수,글리세린,1,2-헥산다이올,나이아신아마이드,폴리글리세린-3,마데카소사이드,아시아티코사이드,말토덱스트린,병풀추출물,백미꽃추출물,무화과추출물,석류추출물,뽕나무열매추출물,은행추출물,락토바실러스/콜라겐발효여과물,하이드롤라이즈드콜라겐,소듐디엔에이,수용성콜라겐,콜라겐,콜라겐아미노산,알로에베라잎추출물,하이드로제네이티드레시틴,유청여과물,프룩탄,아텔로콜라겐,데사미도콜라겐,소듐아스코빌포스페이트,프로콜라겐,헥사펩타이드-9,아세틸헥사펩타이드-8,우유엑소좀,황련뿌리추출물,트라이펩타이드-1,트라이펩타이드-29,바이오틴,아스코빅애씨드,리보플라빈,티아민에이치씨엘,폴릭애씨드,피리독신,아데노신,망고씨버터,야자씨버터,쿠푸아수씨버터,소듐서팩틴,부틸렌글라이콜,마카다미아씨오일,카프릴릭/카프릭트라이글리세라이드,시어버터,프로판다이올,펜틸렌글라이콜,소듐팔미토일사코시네이트,아이소펜틸다이올,젤란검,칼슘락테이트,사이아노코발아민,폴리글리세릴-10라우레이트,이눌린라우릴카바메이트,카프릴릴글라이콜,에틸헥실글리세린,향료"
pi_mist_A000000200724,mist,[1+1/1등 미스트]아벤느 오떼르말 미스트 50ml 2입 기획,아벤느,,,,A000000200724,olive_crwl_price_ingredient,50.0,100.0,ml,20000.0,17500.0,1750.0,온천수
pi_mist_A000000115500,mist,[강력진정/산뜻보습] 닥터자르트 시카페어 페이셜 카밍 미스트 150ml,닥터자르트,,,,A000000115500,olive_crwl_price_ingredient,150.0,150.0,ml,22000.0,9900.0,660.0,"정제수, 프로판디올, 카라기난추출물, 사탕수수추출물, 라벤더오일, 로즈마리잎오일, 왕귤껍질오일, 캐모마일꽃오일, 해수, 초피나무열매추출물, 서양톱풀추출물, 성모초추출물, 트루로즈오브예리코추출물, 말로우추출물, 레몬밤잎추출물, 페퍼민트잎추출물, 카우슬립추출물, 꼬리풀추출물, 어성초추출물, 병풀추출물, 락토바실러스발효물, 제충국꽃추출물, 레몬유칼립투스오일, 마데카소사이드, 글리세린, 부틸렌글라이콜, 폴리글리세릴-2올리에이트, 피이지-60하이드로제네이티드캐스터오일, 디프로필렌글라이콜, 옥틸도데세스-16, 디포타슘글리시리제이트, 에칠헥실글리세린, 소듐시트레이트, 시트릭애씨드, 판테놀, 아시아티코사이드, 소듐피씨에이, 아시아틱애씨드, 하이드로제네이티드레시틴, 마데카식애씨드, 마그네슘피씨에이, 1,2-헥산디올, 징크피씨에이, 피이지-40하이드로제네이티드캐스터오일, 망가니즈피씨에이, 소듐하이알루로네이트, 디소듐이디티에이, 페녹시에탄올, 포타슘소르베이트, 리모넨, 리날룰

* 제공된 성분은 동일 제품이라도 경우에 따라 변경될 수 있습니다. 최신정보는 제품 포장의 성분을 참고하시거나 닥터자르트 고객만족센터(1544-5453)으로 연락 부탁 드립니다."
pi_mist_A000000117163,mist,이즈앤트리 히아루론산 워터 미스트,이즈앤트리,,,,A000000117163,olive_crwl_price_ingredient,,,,16500.0,9900.0,,"정제수, 프로판다이올,1,2-헥산다이올,카프릴릭/카프릭트라이글리세라이드,폴리글리세릴-10라우레이트,솔비탄세스퀴올리에이트,소듐하이알루로네이트(1,100ppm),에틸헥실글리세린,펜틸렌글라이콜,트레할로오스,병풀추출물,베타인,베타-글루칸,소듐피씨에이,포도즙추출물,소듐하이알루로네이트크로스폴리머(100ppm),하이드롤라이즈드하이알루로닉애씨드(100ppm),자일리틸글루코사이드,안하이드로자일리톨,하이알루로닉애씨드(10ppm),하이드롤라이즈드소듐하이알루로네이트(10ppm,),센티드제라늄꽃오일,알란토인,자일리톨,시트로넬올,리날룰,리모넨,제라니올,시트랄
*히아루론산 1%솔루션 10%함유"
pi_mist_A000000252899,mist,[키링 미스트/단독 선런칭] 온그리디언츠 스킨 베리어 속광 미스트 50ml (하트 에디션),온그리디언츠,,,,A000000252899,olive_crwl_price_ingredient,50.0,50.0,ml,15000.0,9900.0,1980.0,"정제수, 글리세린, 트라이에틸헥사노인, 하이드로제네이티드폴리(C6-14올레핀), 다이프로필렌글라이콜, 트라이라우레스-4포스페이트, 판테놀, 하이드록시아세토페논, 부틸렌글라이콜, 과라나씨추출물, 도둑놈의지팡이뿌리추출물, 울금뿌리추출물, 메틸다이아이소프로필프로피온아마이드, 에틸헥실글리세린, 1,2-헥산다이올, 다이소듐이디티에이, 티트리잎오일, 글루타티온, 하이드로제네이티드레시틴, 세테아릴알코올, 카프릴릴글라이콜, 스테아릭애씨드, 폴리글리세릴-10라우레이트, 소듐하이알루로네이트, 세라마이드엔피, 소듐하이알루로네이트크로스폴리머, 포타슘하이알루로네이트, 하이드록시프로필트라이모늄하이알루로네이트, 하이드롤라이즈드소듐하이알루로네이트, 하이드롤라이즈드하이알루로닉애씨드, 하이알루로닉애씨드, 세라마이드엔에스, 세라마이드에이에스, 세라마이드에이피, 카퍼트라이펩타이드-1, 트라이펩타이드-1, 팔미토일트라이펩타이드-1, 팔미토일펜타펩타이드-4, 헥사펩타이드-11, 헥사펩타이드-9, 펜틸렌글라이콜, 소듐아세틸레이티드하이알루로네이트, 세라마이드이오피, 병풀추출물"
pi_mist_A000000001588,mist,에비앙 브뤼미자뙤르 페이셜미스트 50ml,에비앙,,,,A000000001588,olive_crwl_price_ingredient,50.0,50.0,ml,7000.0,5600.0,1120.0,천연빙하수
pi_mist_A000000002326,mist,[3중장벽강화 미스트] 유리아쥬 오떼르말 50ml(N),유리아쥬,,,,A000000002326,olive_crwl_price_ingredient,50.0,50.0,ml,8000.0,6400.0,1280.0,온천수
pi_mist_A000000010485,mist,[온천수미스트] 라로슈포제 오떼르말 온천수 미스트 150ml,라로슈포제,,,,A000000010485,olive_crwl_price_ingredient,150.0,150.0,ml,23000.0,20700.0,1380.0,정제수
pi_mist_A000000010507,mist,[1+1/1등 미스트]아벤느 오 떼르말 미스트 150ml 2입 기획,아벤느,,,,A000000010507,olive_crwl_price_ingredient,150.0,300.0,ml,,28000.0,933.3,아벤느 온천수(아쿠아)
pi_mist_A000000014357,mist,[3중장벽강화 미스트] 유리아쥬 오떼르말 더블 기획 (150ml+150ml),유리아쥬,,,,A000000014357,olive_crwl_price_ingredient,150.0,300.0,ml,,24000.0,800.0,온천수
pi_mist_A000000014358,mist,[3중장벽강화 미스트] 유리아쥬 리페어링 떼르말 워터 300ml 더블기획 (300ml+300ml),유리아쥬,,,,A000000014358,olive_crwl_price_ingredient,300.0,900.0,ml,31500.0,22900.0,254.4,온천수 100%
pi_mist_A000000014960,mist,에비앙 브뤼미자뙤르 페이셜 스프레이 300ml,에비앙,,,,A000000014960,olive_crwl_price_ingredient,300.0,300.0,ml,16000.0,14400.0,480.0,천연빙하수
pi_mist_A000000016694,mist,[1등 미스트] 아벤느 오 떼르말 미스트 50ml,아벤느,,,,A000000016694,olive_crwl_price_ingredient,50.0,50.0,ml,,11000.0,2200.0,아벤느 온천수(아쿠아)
pi_mist_A000000016697,mist,[1등 미스트] 아벤느 오떼르말 미스트 300ml,아벤느,,,,A000000016697,olive_crwl_price_ingredient,300.0,300.0,ml,,27000.0,900.0,아벤느 온천수(아쿠아)
pi_mist_A000000016698,mist,[1등 미스트] 아벤느 오 떼르말 150ml,아벤느,,,,A000000016698,olive_crwl_price_ingredient,150.0,150.0,ml,21000.0,14500.0,966.7,아벤느 온천수(아쿠아)
pi_mist_A000000104159,mist,크리니크 모이스춰 써지 페이스 스프레이 125ml,크리니크,,,,A000000104159,olive_crwl_price_ingredient,125.0,125.0,ml,38000.0,32300.0,2584.0,"정제수, 디프로필렌글라이콜, 부틸렌글라이콜, 글리세린, 알로에베라잎수, 병풀추출물, 효모용해추출물, 효모추출물, 카페인, 캐모마일, 트레할로스, 토코페릴아세테이트, 슈크로오스, 소르비톨, 디소듐이디티에이, 포타슘소르베이트, 클로페네신, 페녹시에탄올 [ILN28954]

*제공된 성분은 동일 제품이라도 경우에 따라 변경될 수 있습니다.  최신정보는 제품 포장의 성분을 참고하시거나 본사 고객관리지원팀으로 연락 부탁 드립니다."
pi_mist_A000000149221,mist,오우썸 리하이드레이팅 더블 미스트 세럼 120ml (2102),오우썸,,,,A000000149221,olive_crwl_price_ingredient,120.0,240.0,ml,18500.0,11000.0,458.3,"알로에베라잎추출물,사과추출물, 토마토열매/잎/줄기추출물,호호바씨오일,매실수,녹차추출물, 알파-비사보롤,황금추출물, 모란뿌리추출물,스페인감초뿌리추출물,밤부사 불가리스잎/줄기추출물,모하비유카뿌리추출물, 은행나무잎추출물,지치뿌리추출물, 베르가모트오일,로즈우드오일, 카프릴릭/카프릭트리글리세라이드, 웨스트오스트레일리아산달우드목부오일, 라벤더오일, 다마스크장미꽃오일,제라니올,파네솔,리날룰,시트로넬올"
