"goods_no","product_name","brand_name","ml_표시용량","ml_추정총용량","용량_단위","price_regular","price_sale","price_per_10ml","ingredient"
"A000000243677","[7월올영픽/재구매율1위] 피지오겔 데일리뮨 앰플 20ml+20ml 기획","피지오겔","20.0","40.0","ml","78000","54000","13500.0","정제수, 다이프로필렌글라이콜, 프로판다이올, 아스코빅애씨드, 2,3-부탄다이올, 글리세린, 변성알코올, 판테놀, 글라이코실트레할로오스, 하이드로제네이티드스타치하이드롤리세이트, 1,2-헥산다이올, 솔비톨, 폴리글리세릴-10스테아레이트, 폴리글리세릴-10올리에이트, 알란토인, 마데카소사이드, 트레할로오스, 부틸렌글라이콜, 베티버뿌리오일, 덱스트린, 소듐하이알루로네이트, 잇꽃꽃추출물, 카카오씨추출물, 후추열매오일, 생강오일, 홍삼추출물, 영지버섯추출물, 토코페롤, 페룰릭애씨드, 스쿠알란, 카프릴릭/카프릭트라이글리세라이드, 세라마이드엔피, 하이드로제네이티드레시틴, 육계잎오일, 다마스크장미꽃오일, 돌콩오일, 다이소듐이디티에이, 트로메타민"
"A000000259605","[7/30 하루특가/대용량리필] 메디큐브 제로 모공 원데이 펩타이드 세럼 30ml 리필기획 (+리필팩 50ml)","메디큐브","30.0","80.0","ml","46000","23900","2987.5","정제수, 메틸프로판다이올, 글리세린, 프로판다 이올, 나이아신아마이드, 트로메타민, 1,2-헥산다이올, 폴리글리세린-3, 락틱애씨드, 다이메티콘, 글루코노락톤, 살리실릭애씨드, 하이드록시에틸셀룰로오스, 소듐폴리 아크릴로일다이메틸타우레이트, 레시틴, C12-14알케스 -12, 알란토인, 시트릭애씨드, 에틸헥실글리세린, 아데노신, 부틸렌글라이콜, 덱스트린, 글라이콜릭애씨드, 소듐시트레이트, 치자추출물, 트라이소듐포스페이트, 카프릴로일살리실릭애씨드, 물망초꽃/잎/줄기추출물, 원추 리꽃추출물, 별꽃추출물, 락토바실러스발효용해물, 서양민들레잎추출물, 락토바실러스발효물, 카프릴릭/카프릭트라이글리세라이드, 솔비탄라우레이트, 세틸팔미테이트, 솔비탄스테아레이트, 폴리솔베이트80, 카프릴릴 글라이콜, 아세틸글루타민, 아세틸다이펩타이드-1세틸에스터(8ppb), 바실러스/소이빈발효추출물, 소듐벤조에이트, 당느릅나무뿌리추출물, 칡뿌리추출물, 대왕소나무잎추출물, 달맞이꽃꽃추출물, 하이드로제네이티드레시틴, 팔미토일트라이펩타이드-5(1.1ppb), 아세틸헥 사펩타이드-1(1ppb), 토코페롤, 아세틸옥타펩타이드-3 (0.5ppb), 소듐하이알루로네이트, 팔미토일테트라펩타이드-10(0.2ppb), 폴릭애씨드, 카퍼트라이펩타이드-1 (0.05ppb), 올리고펩타이드-3(0.002ppb), 올리고펩타이드-2(0.002ppb), 올리고펩타이드-1(0.002ppb), 헥사펩타이드-11(0.002ppb)"
"A000000231885","[속건조필수템] 웰라쥬 리얼 히알루로닉 블루 100 앰플 75ml 2입 기획","웰라쥬","75.0","150.0","ml","50000","29900","1993.3","정제수, 프로판다이올, 펜틸렌글라이콜, 글리세린, 1,2-헥산다이올, 판테놀, 메틸프로판다이올, 소듐아크릴릭애씨드/엠에이코폴리머, 부틸렌글라이콜, 참마뿌리추출물, 잔탄검, 소듐시트레이트, 에틸헥실글리세린, 소듐하이알루로네이트(1,000ppm), 글라이코실트레할로오스, 하이드로제네이티드스타치하이드롤리세이트, 시트릭애씨드, 라피노오스, 아데노신, 레시틴, 트라이소듐에틸렌다이아민다이석시네이트, 카프릴릴글라이콜, 사카라이드아이소머레이트, 폴리쿼터늄-51, 말라카이트추출물, 알지닌, 소듐디엔에이, 갈랑가갈랑갈추출물, 바이오사카라이드검-1, 사이아노코발아민, 토코페롤, 카프릴릭/카프릭트라이글리세라이드, 하이드로제네이티드레시틴, 하이드롤라이즈드하이알루로닉애씨드(0.100052ppm) 하이드롤라이즈드소듐하이알루로네이트(0.1ppm), 수크로오스라우레이트, 소듐스테아로일글루타메이트, 암모늄아크릴로일다이메틸타우레이트/브이피코폴리머, 글라이신, 세린, 히스티딘, 돌콩추출물, 라이소레시틴, 플로레틴, 테트라하이드로피페린, 다이메틸아이소소바이드, 소듐하이알루로네이트크로스폴리머(2.08ppb), 벤질글라이콜, 하이드롤라이즈드글라이코사미노글리칸, 올레일알코올, 베타-글루칸, 하이드록시프로필트라이모늄하이알루로네이트(0.012ppb), 하이알루로닉애씨드(0.001ppb), 소듐아세틸레이티드하이알루로네이트(0.0002ppb)"
"A000000226515","[7월올영픽/3일진정세럼]브링그린 징크테카 트러블 세럼 대용량 기획","브링그린","","","","56100","27500","","""■ [징크테카세럼] 정제수, 에톡시다이글라이콜, 메틸프로판다이올, 메틸글루세스-20, 1,2-헥산다이올, 나이아신아마이드, 병풀추출물, 티트리추출물, 티트리잎추출물, 티트리꽃/잎/줄기추출물, 몰로키아잎추출물**, 신선초추출물**, 연꽃뿌리추출물**, 오크라열매추출물**, 참마뿌리추출물**, 하이드로제네이티드레시틴, 티트리잎수, 티트리잎오일, 옥틸도데칸올, 옥틸도데세스-16, 아시아티코사이드*(4,800ppm), 마데카식애씨드*(3,600ppm), 글라이코리피드, 아시아틱애씨드*(3,600ppm), C12-13알케스-9, 카보머, 트로메타민, 피브이피, 소듐폴리아크릴레이트, 다이소듐이디티에이, 4-터피네올, 징크피씨에이(1ppm), 에틸헥실글리세린
[S.O.S 카밍젤] 정제수, 글리세린, 다이프로필렌글라이콜, 실리카, 에톡시다이글라이콜, 1,2-헥산다이올, 트로메타민, 카보머, 판테놀, 글라이콜릭애씨드, 옥틸도데칸올, 아시아티코사이드, 살리실릭애씨드, 하이드로제네이티드레시틴, 글라이코리피드, 마데카식애씨드, 아시아틱애씨드, 에틸헥실글리세린, C12-13알케스-9, 부틸렌글라이콜, 병풀추출물, 무화과추출물, 락토코쿠스발효용해물, 세라마이드엔피, 프룩토올리고사카라이드, 향부자추출물, 징크피씨에이, 소듐클로라이드"""
"A000000224494","[조유리 PICK/트러블1등] 셀라딕스 트러블 세범 리밸런싱 131 앰플 30ml","셀라딕스","30.0","30.0","ml","28900","25400","8466.7","정제수,다이프로필렌글라이콜,부틸렌글라이콜,글리세레스-26,나이아신아마이드,글리세린,베타인,피토스테롤,세라마이드엔피,스쿠알란,라우릭애씨드,아라키딕애씨드,베헤닉애씨드,베타-글루칸,참오동나무잎추출물,육계나무껍질추출물,생달나무잎추출물,녹나무잎추출물,월계수잎추출물,고수추출물,유칼립투스잎추출물,황금추출물,후박나무가지추출물,1,2-헥산다이올,폴리글리세릴-10라우레이트,폴리글리세릴-10미리스테이트,하이드록시아세토페논,판테놀,아데노신,다이소듐이디티에이,소듐하이알루로네이트,잔탄검,소듐폴리아크릴레이트,에틸헥실글리세린,베르가모트오일,라반딘오일,오렌지껍질오일,라벤더오일,발삼아미리스껍질오일,바질오일,리모넨,리날룰"
"A000000222698","[수지세럼] 아누아 피디알엔 히알루론산 캡슐 100 세럼 30mL 기획 (+30mL 리필팩)","아누아","30.0","60.0","ml","58500","27500","4583.3","하이드롤라이즈드하이알루로닉애씨드(29,049ppm), 나이아신아마이드, 하이드롤라이즈드콜라겐, 소듐하이알루로 네이트(800ppm), 아데노신, 소듐디엔에이(100ppm), 하이알 루로닉애씨드(30ppm), 하이드롤라이즈드소듐하이알루로네이 트(30ppm), 하이드록시프로필트라이모늄하이알루로네이트 (30ppm), 포타슘하이알루로네이트(30ppm), 소듐하이알루 로네이트크로스폴리머(30ppm), 소듐아세틸레이티드하이알 루로네이트(1ppm), 시트릭애씨드
* 피디알엔: 소듐디엔에이"
"A000000255620","[1등미백앰플]메디큐브 PDRN 핑크 펩타이드 앰플 30ml 리필기획(+리필팩50ml+거울키링)","메디큐브","30.0","80.0","ml","46000","24500","3062.5","**PDRN 앰플 30ml
정제수,글리세린,다이프로필렌글라이콜,아이소프로필미리스테이트,글리세레스-26,나이아신아마이드,1,2-헥산다이올,소듐디엔에이,부틸렌글라이콜,폴리글리세린-3,소듐아크릴레이트/소듐아크릴로일다이메틸타우레이트코폴리머,폴리아이소부텐,아크릴레이트/C10-30알킬아크릴레이트크로스폴리머,이리추출물,트로메타민,글리세릴아크릴레이트/아크릴릭애씨드코폴리머,피브이엠/엠에이코폴리머,에틸헥실글리세린,카프릴릴글라이콜,향료,인도멀구슬나무잎추출물,아데노신,카프릴릴/카프릴글루코사이드,솔비탄올리에이트,인도멀구슬나무꽃추출물,소듐하이알루로네이트,다이소듐이디티에이,울금뿌리추출물,사이아노코발아민,하이드롤라이즈드콜라겐,유비퀴논,홀리바질잎추출물,참산호말추출물,팔미토일펜타펩타이드-4,팔미토일트라이펩타이드-1,팔미토일테트라펩타이드-7,카퍼트라이펩타이드-1,아세틸헥사펩타이드-8,연어알추출물,아텔로콜라겐"
"A000000211119","[장도연 PICK] 메디힐 마데카소사이드 흔적 리페어 세럼 40+40ml","메디힐","40.0","80.0","ml","36900","22900","2862.5","정제수, 글리세린, 부틸렌글라이콜, 프로판다이올, 1,2-헥산다이올, 나이아신아마이드, 글리세릴폴리메타크릴레이트, 판테놀, 베타인, 폴리글리세릴-10라우레이트, 아크릴레이트/C10-30알킬아크릴레이트크로스폴리머, 다이페닐다이메티콘, 트라이에틸헥사노인, 트로메타민, 마데카소사이드(540 ppm), 에틸헥실글리세린, 하이드로제네이티드레시틴, 잔탄검, 소듐하이알루로네이트, 병풀추출물(51 ppm), 아시아티코사이드(39 ppm), 서양배추출물, 연필향나무오일, 병풀잎추출물(21 ppm), 베타-글루칸, 다마스크장미꽃수, 멜론추출물, 오리스뿌리추출물, 서양송악잎/줄기추출물, 호호바씨오일, 광곽향오일, 불가리스쑥오일, 로즈마리잎오일, 토코페롤, 다이프로필렌글라이콜, 펜틸렌글라이콜, 카프릴릴/카프릴글루코사이드, 마데카식애씨드(0.00004 ppm), 아시아틱애씨드(0.00003 ppm), 세라마이드엔피"
"A000000258676","[7월올영픽/곰돌이푸콜라보] 성분에디터 실크펩타이드 EGF 하트핏 볼륨 리프팅 앰플 40ml 더블기획 (+파우치 증정)","성분에디터","40.0","80.0","ml","43000","22900","2862.5","실크수(69.9%), 부틸렌글라이콜, 정제수, 글리세린, 메틸프로판다이올, 1,2-헥산다이올, 나이아신아마이드, 카보머, 트로메타민, 피피지-13-데실테트라데세스-24, 프로판다이올, 아데노신, 아이리쉬모스가루,아가, 하이드록시에틸셀룰로오스, 다이소듐이디티에이, 아크릴레이트/C10-30알킬아크릴레이트크로스폴리머, 합성플루오르플로고파이트,
돌콩펩타이드(100 ppm), 베타인, 판테놀, 티타늄디옥사이드, 적색산화철, 마이카, 젤란검, 마그네슘아스코빌포스페이트, 병풀추출물, 하이드
롤라이즈드콜라겐, 약모밀추출물, 틴옥사이드, 에틸헥실글리세린, 스쿠알란, 하이드로제네이티드폴리아이소부텐, 벤질글라이콜, 레시틴, 하이드롤라이즈드글라이코사미노글리칸, 소듐하이알루로네이트, 카프릴릴글라이콜, 하이드로제네이티드레시틴, 에스에이치-폴리펩타이드-121(204ppb), 카프릴릭/카프릭트라이글리세라이드, 소듐팔미토일사코시네이트,토코페롤, 카페오일헥사펩타이드-65(104 ppb),소듐하이알루로네이트크로스폴리머, 아세틸글루타민, 헵타소듐헥사카복시메틸다이펩타이드-12(54 ppb), 하이드롤라이즈드하이알루로닉애씨드, 바실러스/폴릭애씨드/돌콩발효추출물, 금, 소듐포스페이트, 콜라겐, 미리스토일펜타펩타이드
-17(14 ppb), 미리스토일펜타펩타이드-4(14 ppb), 에스에이치-폴리펩타이드-123(14 ppb), 하이드록시프로필트라이모늄하이알루로네이트, 덱스
트란, 벤조익애씨드, 소듐벤조에이트, 하이드롤라이즈드엘라스틴, 팔미토일펜타펩타이드-5(9 ppb), 아세틸테트라펩타이드-3(7 ppb), 카퍼트라
이펩타이드-1(6 ppb), 팔미토일펜타펩타이드-4(5 ppb), 아세틸헥사펩타이드-8(5 ppb), 팔미토일테트라펩타이드-7(4 ppb), 에스에이치-데카펩타이드-7(4 ppb), 에스에이치-옥타펩타이드-4(4 ppb), 에스에이치-올리고펩타이드-9(4 ppb), 에스에이치-펜타펩타이드-19(4 ppb), 팔미토일트라이펩타이드-1(4 ppb), 트라이펩타이드-32(4 ppb), 에스알-(올리고펩타이드-91클로스트리듐보툴리눔폴리펩타이드-1)(4 ppb), 에스에이치-올리고펩타이드-1(4 ppb), 에스에이치-폴리펩타이드-1(4 ppb),
에스에이치-올리고펩타이드-2(4 ppb), 에스에이치-폴리펩타이드-11(4ppb), 에스에이치-폴리펩타이드-9(4 ppb), 에스에이치-폴리펩타이드-16(4 ppb), 에스에이치-폴리펩타이드-22(4 ppb), 에스에이치-폴리펩타이드-3(4 ppb), 에스에이치-폴리펩타이드-19(4 ppb), 에스에이치-폴리펩타이드-62(4 ppb), 붉은토끼풀꽃추출물, 하이알루로닉
애씨드, 지모뿌리추출물, 소듐아세틸레이티드하이알루로네이트"
"A000000200646","[7월올영픽/3일진정세럼]브링그린 징크테카 트러블 세럼 대용량 기획","브링그린","","","","56100","27500","","정제수, 에톡시다이글라이콜, 메틸프로판다이올, 메틸글루세스-20, 1,2-헥산다이올, 나이아신아마이드, 병풀추출물, 티트리추출물, 티트리잎추출물, 티트리꽃/잎/줄기추출물, 몰로키아잎추출물**, 신선초추출물**, 연꽃뿌리추출물**, 오크라열매추출물**, 참마뿌리추출물**, 하이드로제네이티드레시틴, 티트리잎수, 티트리잎오일, 옥틸도데칸올, 옥틸도데세스-16, 아시아티코사이드*(4,800ppm), 마데카식애씨드*(3,600ppm), 글라이코리피드, 아시아틱애씨드*(3,600ppm), C12-13알케스-9, 카보머, 트로메타민, 피브이피, 소듐폴리아크릴레이트, 다이소듐이디티에이, 4-터피네올, 징크피씨에이(1ppm), 에틸헥실글리세린"
"A000000226201","[단독기획] 아누아 TXA 나이아신 흔적 세럼 30ml 2입","아누아","30.0","60.0","ml","64000","27500","4583.3","정제수, 글리세린, 나이아신아마이드(10%), 트라넥사믹애씨드(4%), 부틸렌글라이콜, 다이에톡시에틸석시네이트, 1,2-헥산다이올, 알부틴, 펜틸렌글라이콜, 소듐하이알루로네이트, 잔탄검, 베타인살리실레이트, 알파-알부틴, 수크로오스팔미테이트, 아이비고드열매추출물, 한련초추출물, 하이드로제네이티드레시틴, 젤란검, 퀸즈랜드넛오일, 올리브오일, 호호바씨오일, 포도씨오일, 소듐파이테이트, 셀룰로오스, 카프릴릭/카프릭트라이글리세라이드, 판테놀, 사이아노코발아민, 폴리글루타믹애씨드, 3-O-에틸아스코빅애씨드, 세라마이드엔피, 덱스트린, 카카오추출물, 하이드롤라이즈드하이알루로닉애씨드, 편백잎추출물, 복사나무꽃추출물, 녹차씨오일, 아시아티코사이드, 마데카식애씨드, 아시아틱애씨드, 효모발효추출물, 병풀추출물, 쑥잎추출물, 칸디다 봄비콜라/글루코오스/메틸레이프씨데이트발효물, 다이메틸실란올하이알루로네이트, 하이드롤라이즈드소듐하이알루로네이트, 하이알루로닉애씨드, 포타슘하이알루로네이트, 하이드록시프로필트라이모늄하이알루로네이트, 소듐하이알루로네이트크로스폴리머, 소듐하이알루로네이트다이메틸실란올, 소듐아세틸레이티드하이알루로네이트"
"A000000255227","바이오더마 하이드라비오 에센스로션 200ml 2입 기획 (+미스트펌프 증정)","바이오더마","200.0","400.0","ml","59000","45410","1135.2","정제수, 메틸프로판다이올, 나이아신아마이드, 피피지-26-부테스-26, 피이지-40하이드로제네이티드캐스터오일, 소듐피씨에이, 다이소듐이디티에이, 살리실릭애씨드, 하이드록시에틸셀룰로오스, 만니톨, 소듐시트레이트, 토코페릴아세테이트, 자일리톨, 헥실데칸올, 세트리모늄브로마이드, 향료, 벤조트라이아졸릴도데실p-크레솔, 람노오스, 소듐하이드록사이드, 사과씨추출물, 유채스테롤, 토코페롤"
"A000000158615","[트러블모공] 디오디너리 나이아신아마이드 10% + 징크 1% 60ml","디오디너리","60.0","60.0","ml","","15700","2616.7","정제수, 나이아신아마이드(10%), 펜틸렌글라이콜, 징크피씨에이(징크로서,1%), 다이메틸아이소소바이드, 타마린드씨검, 잔탄검, 아이소세테스-20, 에톡시다이글라이콜, 페녹시에탄올, 클로페네신"
"A000000258291","[NEW/1등수분세럼] 토리든 다이브인 저분자 히알루론산 세럼 50ml 리필 기획(+리필 50ml)","토리든","50.0","100.0","ml","","36000","3600.0","정제수, 부틸렌글라이콜, 글리세린, 다이프로필렌글라이콜, 1,2-헥산다이올, 판테놀, 소듐하이알루로네이트크로스폴리머, 하이드롤라이즈드하이알루로닉애씨드(1,000ppm), 소듐하이알루로네이트, 소듐아세틸레이티드하이알루로네이트, 하이드롤라이즈드소듐하이알루로네이트, 알란토인, 엑토인, 감초추출물, 2,3-부탄다이올, 트레할로오스, 베타인, 프로판다이올, 쇠비름추출물, 버지니아풍년화잎추출물, 마데카소사이드, 마데카식애씨드, 세라마이드엔피, 베타-글루칸, 말라카이트추출물, 콜레스테롤, 펜틸렌글라이콜, 글리세릴아크릴레이트/아크릴릭애씨드코폴리머, 피브이엠/엠에이코폴리머, 폴리글리세릴-10라우레이트, 잔탄검, 트로메타민, 카보머, 에틸헥실글리세린, 황금추출물, 모란뿌리추출물"
"A000000254661","[30ml+30ml / 강력토닝케어] 아렌시아 비타민 C 부스터 샷 30ml 더블기획","아렌시아","30.0","90.0","ml","46500","27900","3100.0","정제수, 글리세린, 메틸프로판다이올, 3-O-에틸아스코빅애씨드(50,000ppm), 부틸렌글라이콜, 카프릴릭/카프릭트라이글리세라이드, 1,2-헥산다이올, 나이아신아마이드, 세틸에틸헥사노에이트, 세테아릴 올리베이트, 폴리글리세릴-3메틸글루코오스다이스테아레이트, 다이아이소스테아릴말레이트, 소듐폴리아크릴레이트, 아크릴레이트/C10-30알킬아크릴레이트크로스폴리머, 솔비탄올리베이트, 알지닌, 치자추출물, 잔탄검, 에틸헥실글리세린, 덱스트린, 아데노신, 알란토인, 아스코빅애씨드(10ppm), 글루타티온, 판테놀, 피리독신, 토코페롤, 아스코빌글루코사이드, 소듐아스코빌포스페이트"
"A000000261321","차앤박 더마앤서 브라이트닝 부스터 TXA-PDRN 앰플 30ml","차앤박","30.0","30.0","ml","","42000","14000.0","정제수, 나이아신아마이드, 트라넥사믹애씨드 (10%), 프로판다이올, 베타인, 1,2-헥산다이올, 글라이콜릭애씨드, 비스-에톡시다이글라이콜사이클로헥산1,4-다이카복실레이트, 부틸렌글라이콜, 다이메티콘, 글리세린, 판테놀, 잔탄검, 아이리쉬모스추출물, 펜틸렌글라이콜, 폴리다틴, 하이드로제네이티드레시틴, 코직애씨드, 소듐디엔에이 (0.1%), 아데노신, 하이드록시페닐프로파미도벤조익애씨드, 트라이소듐이디티에이, 사이아노코발아민, 글루타티온, 소듐클로라이드, 소듐바이카보네이트, 글루코오스, 포타슘클로라이드, 아스코빌팔미테이트, 소듐하이알루로네이트, 알지닌, 알지닌/라이신폴리펩타이드, 소듐포스페이트, 라이신에이치씨엘, 소듐파이루베이트, 아이소류신, 류신, 타이로신, 트레오닌, 발린, 알지닌에이치씨엘, 아스코빅애씨드, 페닐알라닌, 시스틴, 석시닉애씨드, 칼슘클로라이드, 히스티딘에이치씨엘, 세린, 글라이신, 메티오닌, 모란가지/꽃/잎추출물, 트립토판, 이노시톨, 폴릭애씨드, 피리독신에이치씨엘, 티아민에이치씨엘, 소르빅애씨드, 리보플라빈"
"A000000258877","[1+1] 이니스프리 레티놀 시카 모공 흔적 앰플 30ml 리필기획(+30ml 리필)","이니스프리","30.0","60.0","ml","48000","29200","4866.7","정제수, 글리세린, 부틸렌글라이콜, 나이아신아마이드, 병풀잎수(17712ppm), 다이부틸아디페이트, 1,2-헥산다이올, 카프릴릭/카프릭트라이글리세라이드, 하이드로제네이티드레시틴, 암모늄아크릴로일다이메틸타우레이트/브이피코폴리머, 콜레스테롤, 돌콩오일, 알란토인, 토코페롤, 에틸헥실글리세린, 토코페릴아세테이트, 소듐메틸스테아로일타우레이트, 해바라기씨오일, 폴리글리세릴-6카프릴레이트, 다이메틸아이소소바이드, 아데노신, 레티놀(1,000IU/g), 당근추출물, 잔탄검, 폴리글리세릴-10라우레이트, 하이드록시피나콜론레티노에이트, 레틴알, 풀루란, 세라마이드엔피, 하이알루로닉애씨드,베타-카로틴, 트로메타민, 병풀추출물(1ppm), 글라이코프로테인, 제인, 펙틴*3X RETINOL COMPLEX 1% : 레티놀 1,000IU/g, 레틴알 0.005%, 하이드록시피나콜론레티노에이트 0.005%"
"A000000219609","[대용량] 파티온 노스카나인 트러블 세럼 50ml 리필 기획(+리필40ml+크림10ml)","파티온","50.0","100.0","ml","54000","33900","3390.0","정제수, 글리세린, 다이프로필렌글라이콜, 판테놀, 1,2-헥산다이올, 펜틸렌글라이콜, 소듐하이알루로네이트, 다이에톡시에틸석시네이트, 하이드록시에틸우레아, 아크릴레이트/C10-30알킬아크릴레이트크로스폴리머, 암모늄아크릴로일다이메틸타우레이트/브이피코폴리머, 트로메타민, 알란토인, 하이드록시아세토페논, 에틸헥실글리세린, 폴리글리세릴-10라우레이트, 석시닉애씨드, 잔탄검, 소듐헤파린, 쑥잎추출물, 병풀추출물, 사과추출물, 토코페롤, 카프릴릴/카프릴글루코사이드, 하이드로제네이티드레시틴, 세라마이드엔피"
"A000000231822","넘버즈인 1번 판토텐산 스킨케어100 블러파우더 기획 (+퍼프 1개)","넘버즈인","","","","22000","15400","","실리카, 다이메티콘, 옥수수전분, 알루미늄전분옥테닐석시네이트, 비닐다이메티콘/메티콘실세스퀴옥세인크로스폴리머, 마이카, 다이메티콘/비닐다이메티콘크로스폴리머, 카프릴릭/카프릭트라이글리세라이드, 옥틸도데실스테아로일스테아레이트, 칼라민, 마카다미아씨오일, 병풀추출물, 판토테닉애씨드, 징크피씨에이, 카프릴릴글라이콜, 나이아신아마이드, 에틸헥실글리세린, 다이포타슘글리시리제이트, 마데카소사이드, 토코페롤"
"A000000189837","[흔적미백] 넘버즈인 5번 글루타치온C 흔적 앰플 30ml+30ml 듀오기획","넘버즈인","30.0","60.0","ml","46000","29900","4983.3","정제수, 부틸렌글라이콜, 나이아신아마이드(50,000 ppm), 판테놀(50,000 ppm), 트라넥사믹애씨드(40,000 ppm), 1,2-헥산다이올, 네오펜틸글라이콜다이카프레이트, 카프릴릭/카프릭트라이글리세라이드, 솔비톨, 월귤추출물, 아이리쉬모스추출물, 시어버터, 사탕수수추출물, 알파-알부틴, 비피다발효용해물, 소듐하이알루로네이트, 인도멀구슬나무꽃추출물, 홀리바질잎추출물, 인도멀구슬나무잎추출물, 울금뿌리추출물, 참산호말추출물, 흰목이버섯추출물, 펜틸렌글라이콜, 글리세린, 3-O-에틸아스코빅애씨드(2,000 ppm), 비사보롤, 트로메타민, 에틸헥실글리세린, 아데노신, 하이드로제네이티드레시틴, 알란토인, 글루타티온(100 ppm), 세라마이드엔피, 베타-글루칸, 다이포타슘글리시리제이트, 토코페롤, 아스코빅애씨드(1 ppb), 아스코빌글루코사이드(1 ppb), 토코페릴아세테이트, 하이드록시프로필사이클로덱스트린, 유비퀴논, 티옥틱애씨드, 포타슘하이드록사이드, 베헤닐알코올, 카보머, 잔탄검, 다이소듐이디티에이"
"A000000253729","[7/30 하루특가/글로벌 대란템] 유세린 티아미돌 부스터 세럼 30ml","유세린","30.0","30.0","ml","69000","37900","12633.3","정제수,변성알코올,부틸렌글라이콜,글리세린,아이소프로필팔미테이트,세테아릴아이소노나노에이트,다이아이소프로필아디페이트,프로필헵틸카프릴레이트,다이스타치포스페이트,세테아릴알코올,하이드록시프로필스타치포스페이트,글리세릴스테아레이트,소듐하이알루로네이트,페녹시에탄올,향료,다이메티콘,토코페롤,에틸헥실글리세린,트라이소듐이디티에이,데하이드로잔탄검,소듐스테아로일글루타메이트,아이소부틸아미도티아졸릴레조시놀,잔탄검,소듐아스코빌포스페이트,젤란검,글루코실루틴,시트릭애씨드,창과감초뿌리추출물,아이소쿼시트린,소듐클로라이드"
"A000000225217","더마팩토리 나이아신아마이드 20% 세럼 30ml","더마팩토리","30.0","30.0","ml","6000","5700","1900.0","다마스크장미꽃수, 나이아신아마이드, 글리세린, 부틸렌글라이콜, 1,2-헥산다이올, 아크릴레이트/C10-30알킬아크릴레이트크로스폴리머, 에틸헥실글리세린, 트로메타민, 잔탄검, 다이소듐이디티에이"
"A000000207225","[수분진정] 넘버즈인 1번 판토텐산 액티브업 수딩세럼 50ml 리필기획 (50ml+50ml)","넘버즈인","50.0","150.0","ml","38000","26600","1773.3","정제수,부틸렌글라이콜,나이아신아마이드,글리세린,다이프로필렌글라이콜,1,2-헥산다이올,판테놀,도둑놈의지팡이뿌리추출물,아크릴레이트/C10-30알킬아크릴레이트크로스폴리머,프로판다이올,다이에톡시에틸석시네이트,트로메타민,하이드로제네이티드레시틴,암모늄아크릴로일다이메틸타우레이트/브이피코폴리머,베타인,판토테닉애씨드,트레할로오스,에틸헥실글리세린,글리세릴올리에이트,소듐파이테이트,알란토인,알파-알부틴,약모밀추출물,라우릴글루코사이드,미리스틸글루코사이드,폴리글리세릴-6라우레이트,징크피씨에이,인도멀구슬나무잎추출물,토코페롤,감초뿌리추출물,인도멀구슬나무꽃추출물,아이비고드열매추출물,병풀추출물,소듐하이알루로네이트,시트릭애씨드,가지열매추출물,베타-글루칸,홀리바질잎추출물,하이알루로닉애씨드,데실글루코사이드,울금뿌리추출물,참산호말추출물,다이포타슘글리시리제이트,하이드롤라이즈드하이알루로닉애씨드,호호바씨오일,녹차추출물,병풀잎추출물,오카무라큰실말추출물,흰버드나무껍질추출물,소듐아세틸레이티드하이알루로네이트,커피콩추출물,베타-시토스테롤,폴리글리세릴-10스테아레이트,베르가모트잎추출물,소나무잎추출물"
"A000000252128","[재입고 완료/글로벌 대란템] 유세린 티아미돌 부스터 세럼 30ml 기획 (+마스크팩 1매+페이스쿨러)","유세린","30.0","30.0","ml","69000","40900","13633.3","[유세린 이븐래디언스 브라이트닝 부스터 세럼]
정제수,변성알코올,부틸렌글라이콜,글리세린,아이소프로필팔미테이트,세테아릴아이소노나노에이트,다이아이소프로필아디페이트,프로필헵틸카프릴레이트,다이스타치포스페이트,세테아릴알코올,하이드록시프로필스타치포스페이트,글리세릴스테아레이트,소듐하이알루로네이트,페녹시에탄올,향료,다이메티콘,토코페롤,에틸헥실글리세린,트라이소듐이디티에이,데하이드로잔탄검,소듐스테아로일글루타메이트,아이소부틸아미도티아졸릴레조시놀,잔탄검,소듐아스코빌포스페이트,젤란검,글루코실루틴,시트릭애씨드,창과감초뿌리추출물,아이소쿼시트린,소듐클로라이드

[유세린 울트라 센시티브 리페어 수퍼 수르스 마스크]
정제수,부틸렌글라이콜,글리세린,다이프로필렌글라이콜,판테놀,1,2-헥산다이올,프로판다이올,하이드록시아세토페논,폴리솔베이트20,카보머,알지닌,펜틸렌글라이콜,알란토인,4-t-부틸사이클로헥산올,에틸헥실글리세린,하이드록시에틸셀룰로오스,다이소듐이디티에이,하이알루로닉애씨드,하이드롤라이즈드하이알루로닉애씨드,소듐하이산알루로네이트,폴리솔베이드60,다이소듐포스페이트,소듐포스페이트,병풀뿌리추출물,프랑스해안송껍질추출물,병풀추출물,병풀잎추출물,아시아틱애씨드,아시아티코사이드,마데카식-애씨드,마데카소사이드

[페이스 쿨러]
재질: ABS+알루미늄"
"A000000250199","[단독기획/모공탄력] 셀리맥스 더 비타 A 레티날 샷 타이트닝 부스터 15ml 기획(+3ml)","셀리맥스","15.0","18.0","ml","30000","23100","12833.3","정제수, 부틸렌글라이콜, 글리세린, 카프릴릭/카프릭트라이글리세라이드, 세테아릴알코올, 나이아신아마이드, 다이아이소스테아릴말레이트, 1,2-헥산다이올, 폴리프로필실세스퀴옥세인, 판테놀, 세테아릴올리베이트, 세테아릴글루코사이드, 솔비탄올리베이트, 하이드록시에틸아크릴레이트/소듐아크릴로일다이메틸타우레이트코폴리머, 레시틴, 카보머, 알지닌, 다이메티콘/비닐다이메티콘크로스폴리머, 토코페롤, 레틴알(0.1%), 잔탄검, 에틸헥실글리세린, 아데노신, 솔비탄아이소스테아레이트, 소듐락테이트, 하이드롤라이즈드해면, 다이소듐이디티에이, 폴리솔베이트20, 아스코빅애씨드, 글루코오스, 팔미토일트라이펩타이드-1, 팔미토일테트라펩타이드-7"
"A000000230206","[1+1] 이니스프리 비타민C 캡슐 세럼 30ml 더블 기획","이니스프리","30.0","60.0","ml","49000","28910","4818.3","정제수, 프로판다이올, 1,2-헥산다이올, 글리세린, 3-O-
에틸아스코빅애씨드(20,000 ppm), 부틸렌글라이콜, 락토바실러스발효용해물, 스쿠알란, 해바라기씨오일, 덱스트린, 아크릴레이트/C10-30알킬아크릴레이트크로스폴리머, 카프릴릭/카프릭트라이글리세라이드, 트로메타민, 잔탄검, 글루코노락톤, 만다린껍질추출물, 판테놀, 나이아신아마이드, 알란토인, 당근추출물,하이알루로닉애씨드, 펜틸렌글라이콜, 소듐메타포스페이트, 실리카다이메틸실릴레이트, 사이클로덱스트린, 토코페롤, 에틸헥실글리세린, 마데카소사이드, 하이드로제네이티드폴리(C6-20올레핀), 프로테아제(150 ppm), 아스코빌테트라이소팔미테이트(100 ppm), 글루타티온, 서양톱풀추출물, 에이치디아이/트라이메틸올헥실락톤크로스폴리머, 베타-카로틴, 페룰릭애씨드"
"A000000258832","[7월올영픽/붉은기진압] 피지오겔 레드수딩 로자테카 레드니스 리듀싱 세럼 30ml 기획(+15ml)","피지오겔","30.0","45.0","ml","35000","28000","6222.2","정제수, 글리세린, 부틸렌글라이콜, 다이프로필렌글라이콜, 펜틸렌글라이콜, 프로방스장미꽃수, 1,2-헥산다이올, 나이아신아마이드, 다이포타슘글리시리제이트, 엑토인, 판테놀, 트록세루틴, 알지닌, 폴리글리세릴-10스테아레이트, 하이드록시에틸셀룰로오스, 폴리글리세릴-10올리에이트, 카보머, 알란토인, 이노시톨, 프로판다이올, 파이틱애씨드, 소듐하이알루로네이트, 말라카이트추출물, 베타-글루칸, 다이소듐이디티에이, 바이오사카라이드검-1, 사코신, 아세타마이드엠이에이, 치자추출물, 하이드로제네이티드레시틴, 글리시레티닉애씨드, 팔미타마이드엠이에이, 에틸헥실글리세린, 덱스트린, 다이소듐포스페이트, 폴리솔베이트60, 세라마이드엔피, 콜레스테롤, 소듐포스페이트, 팔미틱애씨드, 카프릴릭/카프릭트라이글리세라이드, 하이알루로닉애씨드, 스쿠알란, 징크피씨에이, 토코페롤, 돌콩오일"
"A000000188004","[1등 화잘먹물먹세럼] 에스네이처 아쿠아 스쿠알란 세럼 50ml 기획(+50ml 리필+수분크림 10ml)","에스네이처","50.0","110.0","ml","35000","22900","2081.8","* 에스네이처 아쿠아 스쿠알란 세럼 : 정제수, 글리세린, 부틸렌글라이콜, 메틸프로판다이올, 1,2-헥산다이올, 베타인, 다시마추출물, 한련초잎추출물, 버지니아풍년화추출물, 소듐하이알루로네이트, 하이드로제네이티드레시틴, 판테놀, 알란토인, 프룩토올리고사카라이드, 베타-글루칸, 하이드롤라이즈드하이알루로닉애씨드, 식물성스쿠알란(1ppm), 하이드록시프로필트라이모늄하이알루로네이트, 소듐아세틸레이티드하이알루로네이트, 하이드롤라이즈드소듐하이알루로네이트, 하이알루로닉애씨드, 소듐하이알루로네이트크로스폴리머, 포타슘하이알루로네이트, 에틸헥실글리세린, 카보머, 트로메타민, 잔탄검, 다이소듐이디티에이

* 에스네이처 아쿠아 스쿠알란 수분크림 : 정제수, 스쿠알란(150,000ppm), 글리세린, 1,2-헥산다이올, 베타인, 판테놀, 소듐하이알루로네이트, 하이드롤라이즈드콜라겐, 하이드록시프로필트라이모늄하이알루로네이트, 하이드롤라이즈드하이알루로닉애씨드, 소듐아세틸레이티드하이알루로네이트, 아세틸헥사펩타이드-8, 아데노신, 하이알루로닉애씨드, 하이드롤라이즈드소듐하이알루로네이트, 소듐하이알루로네이트크로스폴리머, 포타슘하이알루로네이트, 아크릴레이트/C10-30알킬아크릴레이트크로스폴리머, 알지닌, 알란토인, 자일리틸글루코사이드, 안하이드로자일리톨, 자일리톨, 글루코오스, 부틸렌글라이콜, 암모늄아크릴로일다이메틸타우레이트/브이피코폴리머, 카프릴릴글라이콜"
"A000000250225","[7월 올영픽/화잘먹부스팅템] 세포랩 바이오제닉 에센스 블렌디드 포뮬라 50% (100ml /30ml)","세포랩","100.0","130.0","ml","46000","31000","2384.6","케리포리아 라케라타세포외소포, 미선나무수, 부틸렌글라이콜, 1,2-헥산다이올, 하이드록시아세토페논, 소듐하이알루로네이트"
"A000000259069","[미피 파우치 증정/7월 올영픽] 아벤느 이드랑스 에센스 인 로션 200ml 기획 (+100ml*2 + 미피 파우치)","아벤느","200.0","300.0","ml","45000","28900","963.3","아쿠아(아벤느 온천수), 글리세린, 펜틸렌글라이콜, 1,2-헥산다이올, 다이메티콘, 하이드록시에틸아크릴레이트/소듐아크릴로일다이메틸타우레이트코폴리머, 베타인, 메틸글루세스-20, 아이소세틸스테아로일스테아레이트, 트라이에틸헥사노인, 하이드로제네이티드폴리아이소부텐, 세테아릴올리베이트, 솔비탄올리베이트, 스쿠알란, 트레할로오스, 향료, 정제수, 소듐시트레이트, 피이지-7트라이메틸올프로판코코넛에터, 다이소듐이디티에이, 레시틴, 피토스테롤, 잔탄검, 솔비탄아이소스테아레이트, 시트릭애씨드, 소듐하이알루로네이트"
"A000000209515","[흔적미백] 메디큐브 연어 PDRN 핑크 앰플 30ml","메디큐브","30.0","30.0","ml","24800","19900","6633.3","정제수,글리세린,다이프로필렌글라이콜,아이소프로필미리스테이트,글리세레스-26,나이아신아마이드,1,2-헥산다이올,소듐디엔에이,부틸렌글라이콜,폴리글리세린-3,소듐아크릴레이트/소듐아크릴로일다이메틸타우레이트코폴리머,폴리아이소부텐,아크릴레이트/C10-30알킬아크릴레이트크로스폴리머,이리추출물,트로메타민,글리세릴아크릴레이트/아크릴릭애씨드코폴리머,피브이엠/엠에이코폴리머,에틸헥실글리세린,카프릴릴글라이콜,향료,인도멀구슬나무잎추출물,아데노신,카프릴릴/카프릴글루코사이드,솔비탄올리에이트,인도멀구슬나무꽃추출물,소듐하이알루로네이트,다이소듐이디티에이,울금뿌리추출물,사이아노코발아민,하이드롤라이즈드콜라겐,유비퀴논,홀리바질잎추출물,참산호말추출물,팔미토일펜타펩타이드-4,팔미토일트라이펩타이드-1,팔미토일테트라펩타이드-7,카퍼트라이펩타이드-1,아세틸헥사펩타이드-8,연어알추출물,아텔로콜라겐"
"A000000255701","[코난 콜라보/진정1등] 클레어스 블루 유스 액티베이팅 드롭 50ml 한정기획 (+명탐정 코난 키링 랜덤 증정)","디어클레어스","50.0","50.0","ml","52500","36800","7360.0","정제수, 부틸렌글라이콜, 에스에이치-올리 고펩타이드-1, 에스에이치-폴리펩타이드-1, 로우스 위트블루베리추출물, 레시틴, 솔비탄세스퀴올리에이 트, 1,2-헥산다이올, 카프릴릴글라이콜, 피이지-60 하이드로제네이티드캐스터오일, 글리세린, 클로페네 신, 구아이아줄렌, 에틸헥실글리세린, 아데노신"
"A000000232436","아비브 어성초 테카 캡슐 세럼 카밍 드롭 50ml 더블 기획","아비브","50.0","100.0","ml","48000","29800","2980.0","정제수, 1,2-헥산다이올, 나이아신아마이드, 프로판다이올, 다이프로필렌글라이콜, 부틸렌글라이콜, 글리세린, 베타인, 다이에톡시에틸석시네이트, 약모밀추출물(8,015 ppm), 카프릴릭/카프릭트라이글리세라이드, 아이소노닐아이소노나노에이트, 아이리쉬모스추출물, 판테놀, 글루코오스, 클로렐라 불가리스추출물, 사탕수수추출물, 암모늄아크릴로일다이메틸타우레이트/브이피코폴리머, 카보머, 프룩토오스, 프룩토올리고사카라이드, 트로메타민, 펜틸렌글라이콜, 에틸헥실글리세린, 잔탄검, 캐스터오일/아이피디아이코폴리머, 마데카소사이드, 석시닉애씨드, 알란토인, 소듐파이테이트, 인도멀구슬나무잎추출물, 바이오사카라이드검-1, 인도멀구슬나무꽃추출물, 아이비고드열매추출물, 알지닌, 베타-글루칸, 호박가루, 가지열매추출물, 울금뿌리추출물, 홀리바질잎추출물, 아모다이메티콘, 참산호말추출물, 드럼스틱씨오일, 토코페롤, 엑토인, 아시아티코사이드(0.082 ppm), 마데카식애씨드(0.068 ppm), 아시아틱애씨드(0.05 ppm), 사과추출물, 4-터피네올, 솔비톨"
"A000000250773","[화잘먹] 넘버즈인 3번 보들보들 모공결 세럼 30ml 더블 기획","넘버즈인","30.0","60.0","ml","42000","26400","4400.0","비피다발효용해물, 갈락토미세스발효여과물, 부틸렌글라이콜, 메틸글루세스-20, 정제수, 나이아신아마이드, 피이지-90, 1,2-헥산다이올, 글리세린, 스쿠알란, 알테로모나스발효추출물, 실크추출물, 염소유추출물, 락토바실러스발효용해물, 바쿠치올, 하이드로제네이티드레시틴, 소듐하이알루로네이트, 판테놀, 아데노신, 글리세레스-26, 잔탄검, 다이포타슘글리시리제이트, 코직애씨드, 폴리글리세릴-3다이스테아레이트, 글리세릴스테아레이트에스이, 글리세릴스테아레이트시트레이트, 폴리글리세릴-3메틸글루코오스다이스테아레이트, 카보머, 트로메타민, 알란토인, 에틸헥실글리세린, 카프릴릴글라이콜, 트로폴론, 다이소듐이디티에이"
"A000000241852","[피부노화개선] 에스티로더 갈색병 세럼 30ml 기획/단품","에스티로더","30.0","30.0","ml","127000","106680","35560.0","* 에스티로더 갈색병 : 정제수,비피다발효용해물,피이지-8,프로판다이올,비스-피이지-18메틸에터다이메틸실레인,메틸글루세스-20,글리세레스-26,피이지-75,부틸렌글라이콜,바오밥나무씨추출물,트리펩타이드-32,소듐하이알루로네이트,효모추출물,락토바실러스발효물,콜라나무씨추출물,캐모마일꽃추출물,하이드롤라이즈드알진,판테틴,카페인,레시틴,소듐알엔에이,비사보롤,스쿠알란,글리세린,올레스-3포스페이트,카프릴릴글라이콜,올레스-3,올레스-5,콜레스-24,하이드로제네이티드레시틴,호호바왁스피이지-120에스터,세테스-24,토코페릴아세테이트,카보머,트라이에탄올아민,테트라소듐이디티에이,비에이치티,잔탄검,포타슘솔베이트,다이소듐이디티에이,페녹시에탄올,적색504호,황색4호[ILN47580]"
"A000000217326","[7월 올영픽] (50%용량증정) 에스트라 아토베리어365 세라-히알 속수분 앰플 30ml 기획 (+15ml)","에스트라","30.0","45.0","ml","33000","24400","5422.2","정제수, 부틸렌글라이콜, 글리세린, 나이아신아마이드, 1,2-헥산다이올, 베타인, 판테놀, 카보머, 에틸헥실글리세린, 소듐하이알루로네이트, 3-O-에틸아스코빅애씨드, 셀룰로오스검, 트로메타민, 소듐트라이메타포스페이트, 다이포타슘글리시리제이트, 프로판다이올, 아데노신, 하이드록시프로필비스팔미타마이드엠이에이, 소듐메타포스페이트, 글리세릴카프릴레이트, 포타슘하이드록사이드, 소듐락테이트, 바이오사카라이드검-1, 카프릴릭/카프릭트라이글리세라이드, 펜틸렌글라이콜, 시트릭애씨드, 하이드록시에틸우레아, 폴리글리세릴-10스테아레이트, 콜레스테롤, 프로필렌글라이콜, 포타슘세틸포스페이트, 토코페롤, 세라마이드엔피, 만니톨, 스테아릭애씨드, 실리카, 아크릴레이트/암모늄메타크릴레이트코폴리머, 하이드로제네이티드레시틴, 팔미틱애씨드, 올레익애씨드, 아라키딕애씨드, 스핑고리피드"
"A000000229790","[잡티이별] 구달 청귤 비타C 잡티케어 세럼 알파 50ml 기획 (+35ml 미니어처)","구달","50.0","85.0","ml","43000","29900","3517.6","정제수,탄제린추출물,부틸렌글라이콜,나이아신아마이드,다이프로필렌글라이콜,메틸글루세스-20,1,2-헥산다이올,글리세레스-26,암모늄아크릴로일다이메틸타우레이트/브이피코폴리머,판테놀,아이리쉬모스추출물,글리세린,콜레스-24,사탕수수추출물,카보머,트로메타민,폴리글리세릴-10라우레이트,에틸헥실글리세린,소듐하이알루로네이트,알란토인,아데노신,토코페릴아세테이트,하이드로제네이티드레시틴,하이드롤라이즈드호호바에스터,소듐파이테이트,잔탄검,인도멀구슬나무꽃추출물,홀리바질잎추출물,베르가모트오일,인도멀구슬나무잎추출물,아스코빌글루코사이드,다이포타슘글리시리제이트,울금뿌리추출물,참산호말추출물,라벤더오일,아스코빅애씨드,레몬껍질오일,오렌지껍질오일,유칼립투스잎추출물,일랑일랑꽃오일,3-O-에틸아스코빅애씨드,소듐아스코빌포스페이트,감초뿌리추출물,마데카소사이드,녹차추출물,말토덱스트린,스키산드라 스페난테라열매추출물,캐모마일꽃추출물,토코페롤,로즈마리잎추출물,아시아티코사이드,호장근뿌리추출물,병풀잎추출물,하이드록시프로필사이클로덱스트린,병풀추출물,흰목이버섯추출물,글루타티온,포타슘하이드록사이드,티옥틱애씨드,다이소듐이디티에이,유비퀴논,리모넨,리날룰"
"A000000184060","[1등레티놀] 아이오페 레티놀 슈퍼 바운스 세럼 30ml 기획 (+세럼 10ml+바이오에센스48ml)","아이오페","30.0","88.0","ml","50000","42500","4829.5","정제수, 부틸렌글라이콜, 스쿠알란, 메틸트라이메티콘, 글리세린, 비스-하이드록시에톡시프로필다이메티콘, 1,2-헥산다이올, 락토바실러스발효용해물, C14-22알코올, 시어버터, 팔미틱애씨드, 해바라기씨오일, 스테아릭애씨드, 글리세릴스테아레이트, 피이지-100스테아레이트, 하이드록시에틸아크릴레이트/소듐아크릴로일다이메틸타우레이트코폴리머, 다이메틸아이소소바이드, C12-20알킬글루코사이드, 돌콩오일, 카보머, 만니톨, 당근추출물, 글리세릴카프릴레이트, 트로메타민, 다이소듐이디티에이, 코질메틸렌다이옥시신나메이트, 에틸헥실글리세린, 펜틸렌글라이콜, 잔탄검, 마데카소사이드, 하이드록시피나콜론레티노에이트, 솔비탄아이소스테아레이트, 레티놀, 트레할로오스, 베타-카로틴, 토코페롤, 비에이치티, 아라비아고무나무검, 아세틸테트라펩타이드-11, 하이드로제네이티드포스파티딜콜린, 편백잎추출물, 데카펩타이드-4, 소듐올리에이트, 프로필렌글라이콜알지네이트, 벼에스에이치-올리고펩타이드-1   * 레티놀 함량 509 IU/g"
"A000000219717","[트러블1등/단독기획] 파티온 노스카나인 트러블 세럼 50ml 기획(+15ml+마스크 1매)","파티온","50.0","65.0","ml","38000","26500","4076.9","정제수, 글리세린, 다이프로필렌글라이콜, 판테놀, 1,2-헥산다이올, 펜틸렌글라이콜, 소듐하이알루로네이트, 다이에톡시에틸석시네이트, 하이드록시에틸우레아, 아크릴레이트/C10-30알킬아크릴레이트크로스폴리머, 암모늄아크릴로일다이메틸타우레이트/브이피코폴리머, 트로메타민, 알란토인, 하이드록시아세토페논, 에틸헥실글리세린, 폴리글리세릴-10라우레이트, 석시닉애씨드, 잔탄검, 소듐헤파린, 쑥잎추출물, 병풀추출물, 사과추출물, 토코페롤, 카프릴릴/카프릴글루코사이드, 하이드로제네이티드레시틴, 세라마이드엔피"
"A000000232179","[장도연 PICK] 메디힐 PDRN 모공 탄력 세럼 40+40ml 더블 기획","메디힐","40.0","80.0","ml","36900","22900","2862.5","(로즈성분* 표시) 정제수, 부틸렌글라이콜, 글리세린, 아이소펜틸다이올, 1,2-헥산다이올, 세틸에틸헥사노에이트, 나이아신아마이드, *다마스크장미꽃수, 아이리쉬모스추출물, 사탕수수추출물, 편백오일, 장미꽃오일, 소듐하이알루로네이트, *장미추출물, 카프릴릭/카프릭트라이글리세라이드, 프로판다이올, 스쿠알란, 베타인, 판테놀, 폴리아크릴레이트크로스폴리머-6, 하이드록시에틸아크릴레이트/소듐아크릴로일다이메틸타우레이트코폴리머, 소듐스테아로일글루타메이트, 소듐폴리아크릴레이트, 하이드로제네이티드레시틴, 세테아릴글루코사이드, 에틸헥실글리세린, 아데노신, 시트릭애씨드, 솔비탄아이소스테아레이트, 소듐파이테이트, 덱스트린, 베타-글루칸, 다이프로필렌글라이콜, 사이아노코발아민, 펜틸렌글라이콜, 소듐디엔에이(1ppm), 토코페롤, 카프릴릴/카프릴글루코사이드, 세라마이드엔피, 올리고펩타이드-1, 세테아릴알코올, 잔탄검, 치자추출물"
"A000000231293","[7월올영픽/탄력광채] 프리메라 비타티놀 바운시 리프트 세럼 25g 기획/단품","프리메라","25.0","25.0","g(약 1ml 상당으로 근사)","32500","23500","9400.0","정제수, 부틸렌글라이콜, 글리세린, 메틸글루세스-20, 아스코빌글루코사이드, 나이아신아마이드, 카프릴릴메티콘, 카프릴릭/카프릭트라이글리세라이드, 하이드로제네이티드폴리아이소부텐, 1,2-헥산다이올, 트로메타민, 하이드록시에틸아크릴레이트/소듐아크릴로일다이메틸타우레이트코폴리머, 폴리솔베이트20, 폴리아크릴레이트-13, 다이메티콘, 판테놀, 소듐스테아로일글루타메이트, 소듐시트레이트, 폴리아이소부텐, 폴리아크릴레이트크로스폴리머-6, 다이메틸아이소소바이드, 락토바실러스/콩추출물발효여과물, 해바라기씨오일, 옥수수전분, 돌콩오일, 만니톨, 수크로오스, 마이크로크리스탈린셀룰로오스, 글리세릴카프릴레이트, 스핑고모나스발효추출물, 에틸헥실글리세린, 솔비탄아이소스테아레이트, 소듐메타포스페이트, 당근추출물, 아데노신, 하이드록시피나콜론레티노에이트, 시트릭애씨드, 레티놀, 티타늄디옥사이드 (CI 77891), 황색산화철, 엑토인, 하이드로제네이티드레시틴, 아스코빅애씨드, 베타-카로틴, 토코페롤, 펜틸렌글라이콜, 프로필렌글라이콜, 소듐하이알루로네이트, 카보머, 아세틸테트라펩타이드-11, 아라비아고무나무검, 프로필렌글라이콜알지네이트"
"A000000232212","[1등모공에센스] VT 리들샷 100 에센스 30ml 더블 기획(+피디알엔 에센스 100 1.5ml*3ea)","VT","30.0","31.5","ml","31500","22000","6984.1","정제수, 다이프로필렌글라이콜, 글리세린, 나이아신아마이드, 부틸렌글라이콜, 마카다미아씨오일, 1,2-헥산다이올, 에틸헥실팔미테이트, 소듐아크릴레이트/소듐아크릴로일다이메틸타우레이트코폴리머, 폴리아이소부텐, 실리카, 글리세레스-26, 에틸헥실글리세린, 카프릴릴글라이콜, 아데노신, 소듐폴리아크릴레이트, 소듐하이알루로네이트, 병풀추출물, 카프릴릴/카프릴글루코사이드, 솔비탄올리에이트, 잔탄검, 프로폴리스추출물, 아시아티코사이드, 마데카소사이드, 마데카식애씨드, 아시아틱애씨드, 글라이신, 세린, 글루타믹애씨드, 아스파틱애씨드, 류신, 알라닌, 라이신, 알지닌, 타이로신, 페닐알라닌, 트레오닌, 프롤린, 발린, 아이소류신, 히스티딘, 메티오닌, 시스테인"
"A000000258649","[7월올영픽/곰돌이푸콜라보] 성분에디터 그린토마토 NMN 포어 리프팅 앰플 40ml 더블 기획 (+히퍼 랜덤 1종)","성분에디터","40.0","80.0","ml","36000","19800","2475.0","토마토수(680,000 ppm), 정제수, 부틸렌글라이콜, 글리세린, 자일리톨, 1,2-헥산다이올, 다이프로 필렌글라이콜, 나이아신아마이드, 니코틴아마이드모노뉴클레오타이드(10,000 ppm),트레할로오스, 잔탄검, 카보머, 페닐트라이메티콘, 트로메타민, 알란토인, C12-13알케스-9, 폴리메틸실세스퀴옥세인, 소듐시트레이트, 에틸헥실글리세린, 잇꽃꽃추출물, 메틸다이하이드로자스모네이트, 다이포타슘글리시리제이트, 아데노신, 다이소듐이디티에이, 치자추출물, 덱스트린, 토마토추출물(400 ppm), 에틸렌브라
실레이트, 글루코노락톤, 판테놀, 2-t-부틸사이클로헥실아세테이트, 칡뿌리추출물, 달맞이꽃꽃추출물, 대왕소나무잎추출물, 당느릅나무뿌리추출물, 피브로넥틴, 니코틴아마 이드아데닌다이뉴클레오타이드, 소듐하이알루로네이트, 아데노신트라이포스페이트,하이드로제네이티드레시틴, 하이드롤라이즈드하이알루로닉애씨드, 하이알루로닉애씨드, 소듐하이알루로네이트크로스폴리머, 하이드록시프로필트라이모늄하이알루로네이트, 하이드로제네이티드폴리아이소부텐, 벤질글라이콜, 세라마이드엔피, 토코페롤, 하이드롤라이즈드엘라스틴, 폴리글리세릴-10라우레이트, 데이지꽃추
출물, 수용성프로테오글리칸, 유채스테롤, 토마토즙(0.1 ppm), 토마토열매/잎/줄기추출물(0.1 ppm), 페네틸알코올, 하이드롤라이
즈드콜라겐, 라즈베리케톤, 피토스테릴/베헤닐/옥틸도데실라우로일글루타메이트, 콜레스테롤, 라이소레시틴, 올레익애씨드, 글라이코사미노글리칸, 소듐클로라이드, 포타슘포스페이트, 포타슘클로라이드, 다이소듐포스페이트, 하이드롤라이즈드식물성단백질, 지모뿌리추출물, 라이코펜, 콜라겐추출물, 리날릴아세테이트, 에틸리날룰, 유칼립톨, 메틸렌다이옥시페닐메틸프로판알, 헥세닐아세테이트, 2,4-다이 메틸-3-사이클로헥신카복스알데하이드, 3-헥센올"
"A000000159468","[잡티톤업/비타민C세럼] 닥터디퍼런트 CEQ 안티옥시던트 세럼 15ml","닥터디퍼런트","15.0","15.0","ml","42000","35700","23800.0","정제수, 아스코빅애씨드(15%), 에톡시다이글라이콜, 프로판다이올, 부틸렌글라이콜, 1,2-헥산다이올, 알부틴, 다이프로필렌글라이콜, 브로콜리추출물, 울금뿌리추출물, 얼룩파인애플추출물, 살비아오일, 불가리스쑥오일, 소듐하이알루로네이트, 바질오일, 황기뿌리추출물, 콥티스뿌리추출물, 황벽나무껍질추출물, 황금추출물, 트로메타민, 콜레스-24, 페룰릭애씨드, 글리세린, 토코페롤(1,000.25 ppm), 글루코실루틴, 판테놀, 폴리글리세릴 -10올리에이트, 셀룰로오스검, 하이드로제네이티드레시틴,  에틸헥실글리세린, 아데노신, 소듐파이테이트, 피브이피, 풀러린, 글루코노락톤, 유비퀴논 (0.1ppm)"
"A000000183707","[한정수량/오리지널 c-PDRN] 리쥬란 힐러 턴오버 앰플 듀얼 이펙트 30ml 기획(+7ml)","리쥬란","30.0","37.0","ml","59000","48000","12973.0","정제수, 피이지-6, 글리세린, 서양산딸기잎추출물, 소듐하이알루로네이트, 다이프로필렌글라이콜, 부틸렌글라이콜, 나이아신아마이드, 1,2-헥산다이올, 제로틴/하이드롤라이즈드디엔에이, 로우스위트베리추출물, 알로에베라잎즙, 카보머, 포트마리골드꽃추출물, 검은뽕나무열매추출물, 스페인감초뿌리추출물, 스쿠알란, 하이드롤라이즈드디엔에이, 잔탄검, 하이드로제네이티드레시틴, 카프릴릴글라이콜, 에틸헥실글리세린, 폴리솔베이트20, 헥실렌글라이콜, 세라마이드엔피, 아데노신, 우레아, 트레할로스, 펜틸렌글라이콜, 알부틴, 토코페릴아세테이트, 비사보롤, 콜레스테롤, 세린, 이눌린라우릴카바메이트, 알진, 다이소듐포스페이트, 글리세릴폴리아크릴레이트, 풀루란, 포타슘포스페이트"
"A000000250346","[파워물광] 아이오페 XMD 스템3 클리니컬 리커버리 세럼 23ml 기획 (+세럼 15ml+크림 5ml)","아이오페","23.0","43.0","ml","47000","39900","9279.1","정제수, 부틸렌글라이콜, 글리세린, 다이프로필렌글라이콜, 나이아신아마이드, 베타인, 카프릴릭/카프릭트라이글리세라이드, 1,2-헥산다이올, 다이메티콘, 암모늄아크릴로일다이메틸타우레이트/브이피코폴리머, 폴리글리세릴-6카프릴레이트, 폴리글리세릴-4카프레이트, 프로판다이올, 하이드로제네이티드레시틴, 알란토인, 에탄올, 아시아티코사이드, 소듐메틸스테아로일타우레이트, 마데카식애씨드, 콜레스테롤, 만니톨, 클로렐라 프로토테코이데스추출물, 아시아틱애씨드,에틸헥실글리세린, 아데노신, 하이드롤라이즈드디엔에이, 덱스트린, 하이알루로닉애씨드, 카카오추출물, 양파추출물,아세틸테트라펩타이드-11, 토코페롤*PDRN: 0.015%"
"A000000222839","에스트라 에이시카365 흔적진정세럼 pH4.5 40ml 기획 (+세럼 20ml+크림 1ml)","에스트라","40.0","61.0","ml","38000","32300","5295.1","정제수, 글리세린, 부틸렌글라이콜, 다이프로필렌글라이콜, 베타인, 나이아신아마이드, 글루코노락톤, 1,2-헥산다이올, 다이에톡시에틸석시네이트, 트로메타민, 수크로오스스테아레이트, 스쿠알란, 하이드로제네이티드레시틴, 폴리글리세릴-10스테아레이트, 폴리글리세릴-10라우레이트, 카보머, 카프릴릴메티콘, 폴리아크릴레이트크로스폴리머-6, 에틸헥실글리세린, 콜레스테롤, 잔탄검, 아시아티코사이드, 마데카식애씨드, 아시아틱애씨드, 소듐하이알루로네이트, 셀룰로오스검, 3-O-에틸아스코빅애씨드, 징크피씨에이, 소듐글루코네이트, 글리세릴카프릴레이트, 마데카소사이드, 소듐트라이메타포스페이트"
"A000000259488","[7월올영픽/최초대용량] 파넬 시카마누 92세럼 50ml 더블기획 (총 100ml)","파넬","50.0","100.0","ml","52000","29900","2990.0","정제수, 부틸렌글라이콜, 글리세린, 1,2-헥산다이올, 카보머, 트로메타민, 폴리글리세릴-10라우레이트, 프로판다이올, 인도멀구슬나무잎추출물, 병풀추출물(744ppm), 카카오씨추출물, 에틸헥실글리세린, 불가리스쑥오일, 인도멀구슬나무꽃추출물, 덱스트린, 다이소듐이디티에이, 소듐폴리아크릴레이트, 펜틸렌글라이콜, 황련뿌리추출물, 락토바실러스발효물, 마누카잎추출물(20ppm), 마데카소사이드(20ppm), 데실글루코사이드, 카프릴릴글라이콜, 꿀추출물(900ppb), 메도우폼씨오일, 카프릴릭/카프릭트라이글리세라이드, 올리브오일, 하이드로제네이티드레시틴, 세라마이드엔피, 피토스핑고신, 멜라토닌"
"A000000188065","[단독/대용량] 디오디너리 나이아신아마이드 10% + 징크 1% 120ml","디오디너리","120.0","120.0","ml","","28900","2408.3","정제수, 나이아신아마이드, 펜틸렌글라이콜, 징크피씨에이, 다이메틸아이소소바이드, 타마린드씨검, 잔탄검, 아이소세테스-20, 에톡시다이글라이콜, 페녹시에탄올, 클로페네신."
"A000000128529","닥터자르트 컨트롤에이 티트리먼트 수딩 스팟 15ml 단품/기획(+면봉증정)","닥터자르트","15.0","15.0","ml","23000","9900","6600.0","""에탄올, 티트리잎추출물, 칼라민, 글리세린, 징크옥사이드, 티타늄디옥사이드, 나이아신아마이드, 다이메틸설폰, 녹차추출물, 
버지니아풍년화추출물, 불등가사리추출물, 캐모마일꽃추출물, 병풀추출물, 무화과추출물, 다시마추출물, 한련초잎추출물, 스페인감초뿌리추출물, 작약뿌리추출물, 천궁뿌리추출물, 칡뿌리추출물, 쇠비름추출물, 프랑스해안송껍질추출물, 실론시나몬나무껍질추출물, 알로에베라잎수, 티트리잎오일, 하이드로제네이티드레시틴, 잇꽃씨오일, 수용성콜라겐, 알로에베라잎즙, 소듐하이알루로네이트, 정제수, 살리실릭애씨드, 설퍼클로이드, 부틸렌글라이콜, 다이프로필렌글라이콜, 알란토인, 캠퍼, 프룩토올리고사카라이드, 레시틴, 베타-글루칸, 잔탄검, 하이드롤라이즈드하이알루로닉애씨드, 세라마이드엔피, 실리카, 돌콩스테롤, 리놀레익애씨드, 카프릴로일글라이신, 카프릴릭/카프릭트라이글리세라이드, 포스포리피드, 헥실렌글라이콜, 사코신, 4-터피네올, 메틸메타크릴레이트, 피이지-40하이드로제네이티드캐스터오일, 1,2-헥산다이올"""
"A000000203971","[속보습/속광/진정] 셀리맥스 더 리얼 노니 에너지 앰플 80ml 기획(+10ml)","셀리맥스","80.0","90.0","ml","33000","29700","3300.0","정제수, 부틸렌글라이콜, 프로판다이올, 글리세린, 1,2-헥산다이올, 노니열매추출물(0.7%), 소듐폴리아크릴로일다이메틸타우레이트, 다이에톡시에틸석시네이트, 알란토인, 옥틸도데세스-16, 다이프로필렌글라이콜, 인도멀구슬나무잎추출물, 소듐하이알루로네이트, 에틸헥실글리세린, 아데노신, 다이소듐이디티에이, 판테놀, 글리세릴폴리메타크릴레이트, 인도멀구슬나무꽃추출물, 노니씨오일(200ppm), 하이드로제네이티드레시틴, 카카오씨추출물, 로즈마리잎오일, 덱스트린, 세테아릴올리베이트, 솔비탄올리베이트, 수크로오스팔미테이트, 만다린껍질추출물, 올리브오일, 퀸즈랜드넛오일, 포도씨오일, 호호바씨오일, 수용성콜라겐, 토코페롤"
"A000000255430","[대용량]스킨1004 마다가스카르 센텔라 앰플 100ml","스킨1004","100.0","100.0","ml","26000","22100","2210.0","정제수, 글리세린, 부틸렌글라이콜, 병풀추출물, 1,2-헥산다이올, 셀룰로오스검, 에틸헥실글리세린"
"A000000230854","[나이아신아마이드] 리덴스 톤앤스팟 코렉터 앰플 30ml 더블기획","리덴스","30.0","60.0","ml","39900","22020","3670.0","정제수, 부틸렌글라이콜, 나이아신아마이드, 글리세린, 하이드로제네이티드폴리데센, 다이프로필렌글라이콜, 옥틸도데칸올, 프로판다이올, 1,2-헥산다이올, 락토바실러스발효물, 세테아릴올리베이트, 하이드록시아세토페논, 솔비탄올리베이트, 카보머, 트로메타민, 아이비고드열매추출물, 한련초추출물, 펜틸렌글라이콜, 에틸헥실글리세린, 아크릴레이트/C10-30알킬아크릴레이트크로스폴리머, 아데노신, 비파나무잎추출물, 다이소듐이디티에이, 마데카소사이드, 인도멀구슬나무꽃추출물, 홀리바질잎추출물, 데실글루코사이드, 서인도체리열매추출물, 스피어민트추출물, 티옥틱애씨드, 인도멀구슬나무잎추출물, 판테놀, 카프릴릴글라이콜, 울금뿌리추출물, 참산호말추출물, 소듐하이알루로네이트, 하이알루로닉애씨드, 하이드롤라이즈드하이알루로닉애씨드, 글루타티온, 카프릴릭/카프릭트라이글리세라이드, 하이드로제네이티드레시틴, 아스코빅애씨드, 브로멜라인, 에피갈로카테킨갈레이트, 헤스페리딘, 토코페롤, 해바라기씨오일, 비타민나무열매추출물, 폴리글리세릴-10올리에이트, 소듐디엔에이, 아세틸헥사펩타이드-8, 하이드록시데실유비퀴논"
"A000000259221","[7월 올영픽/퍼글러 키링 증정] 바이오던스 포어 퍼펙팅 콜라겐 펩타이드 세럼 30ml 리필기획(+퍼글러 인형 키링)","바이오던스","30.0","30.0","ml","58500","27900","9300.0","콜라겐수(781,963ppm), 정제수, 글리세린, 트라이프로필렌글라이콜, 1,2-헥산다이올, 나이아신아마이드, 트레할로오스, 소듐폴리아크릴로일다이메틸타우레이트, 부틸렌글라이콜, 알란토인, 폴리글리세릴-10라우레이트, 소듐폴리아크릴레이트, 에틸헥실글리세린, 하이드롤라이즈드하이알루로닉애씨드, 아데노신, 잔탄검, 폴리쿼터늄-51, 다이소듐이디티에이, 글리세릴아크릴레이트/아크릴릭애씨드코폴리머, 카프릴릴글라이콜, 피브이엠/엠에이코폴리머, 사이아노코발아민, 황련뿌리추출물, 소듐하이알루로네이트, 하이드록시프로필트라이모늄하이알루로네이트, 토코페롤, 프로판다이올, 사카라이드아이소머레이트, 소듐아세틸레이티드하이알루로네이트, 콜라겐추출물(100ppb), 하이알루로닉애씨드, 하이드롤라이즈드소듐하이알루로네이트, 소듐하이알루로네이트크로스폴리머, 알지닉애씨드, 실란트라이올, 포타슘하이알루로네이트, 하이드롤라이즈드엘라스틴, 엘라스틴, 수용성엘라스틴, 트라이펩타이드-1(0.1ppb), 아세틸헥사펩타이드-8(0.1ppb), 카퍼트라이펩타이드-1(0.1ppb), 팔미토일트라이펩타이드-5(0.1ppb), 에스에이치-올리고펩타이드-1(0.1ppb), 펜타펩타이드-4(0.1ppb), 팔미토일트라이펩타이드-38(0.1ppb), 헥사펩타이드-9(0.1ppb), 헥사펩타이드-12(0.1ppb), 팔미토일펜타펩타이드-4(0.1ppb)"
"A000000229481","[수분광채] VT PDRN 에센스 30ml 기획 2종 (택 1)","VT","30.0","30.0","ml","45000","19900","6633.3","정제수, 아이소프로필미리스테이트, 카프릴릭/카프릭트라이글리세라이드, 세틸에틸헥사노에이트, 글리세린, 프로판다이올, 나이아신아마이드, 폴리글리세릴-2다이폴리하이드록시스테아레이트, 피이지-30다이폴리하이드록시스테아레이트, 폴리글리세릴-3다이아이소스테아레이트, 1,2-헥산다이올, 토코페롤, 하이드록시아세토페논, 해바라기씨오일, 아크릴레이트/C10-30알킬아크릴레이트크로스폴리머, 알지닌, 아데노신, 세라마이드엔피, 바오밥나무씨오일, 다이소듐이디티에이, 하이드로제네이티드레시틴, 알란토인, 스쿠알란, 판테놀, 폴리글루쿠로닉애씨드, 세라마이드엔에스, 세라마이드에이에스, 세라마이드이오피, 세라마이드에이피, 산양삼추출물, 소듐디엔에이(0.5ppm)"
"A000000209559","[총40ml/장벽강화세럼] 퍼셀 20억/mL 픽셀바이옴 유산균 원액 20ml 더블 기획","퍼셀","40.0","40.0","ml","56000","36000","9000.0","비피다발효용해물(45%), 락토바실러스발효용해물(45%), 부틸렌글라이콜, 1,2-헥산다이올, 에틸헥실글리세린"
"A000000259697","[7월올영픽/쿨링붓기세럼] 프리메라 3C히알루론산 하이드레이션 써지 세럼 기획 (25g+20g)","프리메라","25.0","45.0","g(약 1ml 상당으로 근사)","24000","17900","3977.8","정제수, 부틸렌글라이콜, 글리세린,메도우폼씨오일, 나이아신아마이드, 베헤닐알코올, 1,2-헥산다이올, 글리세릴폴리메타크릴레이트,자일리톨, 베타인, 카페인, 에리스리톨, 피토스테롤, 호호바에스터, 카보머,락토바실러스/콩추출물발효여과물, 트로메타민, 아라키딜알코올, 글리세릴카프릴레이트, 에틸헥실글리세린, 아라키딜글루코사이드, 소듐메타포스페이트, 마데카소사이드, 하이알루로닉애씨드 (100PPM), 프로필렌글라이콜, 소듐하이알루로네이트, 세라마이드엔피, 토코페롤, 소듐하이알루로네이트크로스폴리머-6"
"A000000233390","[모공고민] 바이오힐보 프로바이오덤 콜라겐 리모델링 세럼 30ml 더블기획","바이오힐보","30.0","60.0","ml","49500","28900","4816.7","[콜라겐 세럼] 
정제수, 락토바실러스발효용해물, 프로판다이올, 글리세린, 메틸프로판다이올, 1,2-헥산다이올, 락토바실러스발효물, 콜라겐(20 ppm), 콜라겐추출물(20 ppm), 실버위드추출물, 귀리커넬추출물, 아티초크잎추출물, 병풀추출물, 향부자추출물, 달맞이꽃꽃추출물, 당느릅나무뿌리추출물, 대왕소나무잎추출물, 칡뿌리추출물, 하이드로제네이티드레시틴, 녹차수, 피토스테롤, 아라키딜알코올, 암모늄아크릴로일다이메틸타우레이트/브이피코폴리머, 하이드록시에틸아크릴레이트/소듐아크릴로일다이메틸타우레이트코폴리머, 스테아릭애씨드, 판테놀, 베헤닐알코올, 에틸헥실글리세린, 카보머, 아라키딜글루코사이드, 카프릴릭/카프릭트라이글리세라이드, 트로메타민, 아데노신, 폴리아크릴레이트크로스폴리머-6, 폴리쿼터늄-51, 부틸렌글라이콜, 베타-글루칸, 글리세릴폴리메타크릴레이트, 세테아릴알코올, 세라마이드엔피, 락토코쿠스발효용해물, 솔비탄아이소스테아레이트, 프룩토올리고사카라이드, 글라이코사미노글리칸, 글루코노락톤, 카프릴로일살리실릭애씨드, 하이드롤라이즈드엘라스틴, 베타인, 사이아노코발아민, 토코페롤, 소듐클로라이드, 노나펩타이드-1, 다이펩타이드다이아미노부티로일벤질아마이드다이아세테이트, 아세틸헥사펩타이드-8, 잔탄검, 카퍼트라이펩타이드-1, 탄닉애씨드, 트라이펩타이드-1, 팔미토일테트라펩타이드-7, 팔미토일트라이펩타이드-1, 팔미토일트라이펩타이드-5, 팔미토일펜타펩타이드-4, 팔미토일헥사펩타이드-12, 펜타펩타이드-3, 헥사펩타이드-9, 프룩탄, 수크로오스다이스테아레이트, 이눌린, 하이드록시프로필사이클로덱스트린, 향료

[앞볼 필름]
앞볼 필름 콜라겐(79.32%), 하이드롤라이즈드콜라겐(20.58%), 소듐하이알루로네이트, 락토바실러스발효물, 부틸렌글라이콜, 1,2-헥산다이올, 판테놀, 글라이코사미노글리칸, 수용성콜라겐(0.0001%), 에스에이치-폴리펩타이드-121, 글리세린, 하이드롤라이즈드엘라스틴, 글루코오스, 만노오스, 락토바실러스발효용해물, 에틸헥실글리세린, 베타인, 아세틸헥사펩타이드-8, 프룩토올리고사카라이드, 갈로일펜타펩타이드-33, 노나펩타이드-11, 니코티노일트라이펩타이드-47, 베타-글루칸, 카퍼트라이펩타이드-1, 카페오일트라이펩타이드-1, 에스에이치-데카펩타이드-7, 에스에이치-옥타펩타이드-4, 에스에이치-올리고펩타이드-9, 에스에이치-펜타펩타이드-19, 트라이펩타이드-31, 트라이펩타이드-55, 프룩탄, 이눌린 

[콜라겐 미스트] 콜라겐워터 91 미스트 콜라겐수(91.8%), 글리세린, 1,2-헥산다이올, 부틸렌글라이콜, 베타인, 트레할로오스, 카보머, 아데노신, 트로메타민, 정제수, 하이드롤라이즈드스클레로튬검, 락토바실러스발효물, 판테놀, 토코페롤, 트라이펩타이드-1, 팔미토일테트라펩타이드-7, 팔미토일트라이펩타이드-1, 팔미토일트라이펩타이드-5, 노나펩타이드-1, 팔미토일펜타펩타이드-4, 팔미토일헥사펩타이드-12, 헥사펩타이드-9, 프룩토올리고사카라이드, 카퍼트라이펩타이드-1, 아세틸헥사펩타이드-8, 아세틸테트라펩타이드-2, 베타-글루칸, 프룩탄, 이눌린, 다이소듐이디티에이, 에틸헥실글리세린"
"A000000254723","아이오페 레티놀 레티젝션 세럼 30ml 기획 (+15ml)","아이오페","30.0","45.0","ml","59000","49900","11088.9","정제수, 부틸렌글라이콜, 글리세린, 카프릴릭/카프릭트라이글리세라이드, 칼슘알루미늄보로실리케이트, 다이메티콘, 나이아신아마이드, 시어버터, 판테놀, C14-22알코올, 세테아릴알코올, 토코페롤, 토코페릴아세테이트, 폴리글리세릴-3다이스테아레이트, 글리세릴스테아레이트, 해바라기씨오일, 팔미틱애씨드, 스테아릭애씨드, 돌콩오일, C12-20알킬글루코사이드, 다이메틸아이소소바이드, 카보머, 소듐설파이트, 당근추출물, 알란토인, 글리세릴카프릴레이트, 트로메타민, 펜틸렌글라이콜, 소듐메타포스페이트, 코질메틸렌다이옥시신나메이트, 에틸헥실글리세린, 아데노신, 레티놀, 글리세릴스테아레이트시트레이트, 하이드록시피나콜론레티노에이트, 베타-카로틴, 아라비아고무나무검, 비에이치티, 프로필렌글라이콜알지네이트 (순수 레티놀 함량 880IU)"
"A000000222837","에스트라 아토베리어365 하이드로에센스 200ml (+크림 10ml+앰플 10ml)","에스트라","200.0","220.0","ml","32000","28800","1309.1","정제수, 부틸렌글라이콜, 글리세린, 스쿠알란, 1,2-헥산다이올, 아크릴레이트/C10-30알킬아크릴레이트크로스폴리머, 카보머, 트로메타민, 글리세릴카프릴레이트, 에틸헥실글리세린, 다이소듐이디티에이, 낫토검, 스테아릭애씨드, 하이드록시프로필비스팔미타마이드엠이에이, 만니톨, 피씨에이, 락틱애씨드, 글루코오스, 글라이신, 우레아, 소듐글리세로포스페이트, 세린, 글루타믹애씨드, 토코페롤, 아크릴레이트/암모늄메타크릴레이트코폴리머, 포타슘마그네슘아스파테이트, 아스파틱애씨드, 류신, 소듐클로라이드, 알라닌, 라이신, 알지닌, 칼슘글루코네이트, 마그네슘글루코네이트, 타이로신, 페닐알라닌, 프롤린, 트레오닌, 발린, 아이소류신, 시트릭애씨드, 콜레스테롤, 히스티딘, 실리카, 아세틸글루코사민, 크레아틴, 우릭애씨드, 시스테인, 메티오닌"
"A000000235051","코스알엑스 어드밴스드 더 비타민C 23 세럼 20g","코스알엑스","20.0","20.0","g(약 1ml 상당으로 근사)","25000","21200","10600.0","정제수, 아스코빅애씨드(23%), 부틸렌글라이콜, 다이메티콘, 판테놀, 3-O-에틸아스코빅애씨드, 스쿠알란, 소듐하이드록사이드, 카페인, 소듐하이알루로네이트, 소듐메타포스페이트, 아데노신, 아세틸글루코사민, 치자추출물, 알란토인, 덱스트린, 토코트라이엔올, 토코페롤, 오일팜오일, 알지닌, 나이아신아마이드, 펜틸렌글라이콜, 글루타티온, 해바라기씨오일, 메틸트라이메티콘, 잇꽃씨오일, 동백나무씨오일, 당근추출물, 스페인감초뿌리추출물, 베타-카로틴"
"A000000248500","[박희선 PICK/단독기획] 아누아 어성초 77 B3 징크 트러블 세럼 30ml 더블 기획","아누아","30.0","60.0","ml","48000","27500","4583.3","약모밀꽃/잎/줄기수(77%), 나이아신아마이드(5%), 1,2-헥산다이올, 판테놀, 글리세린, 다이프로필렌글라이콜, 부틸렌글라이콜, 소듐시트레이트, 징크피씨에이(1%), 프로판다이올, 트레할로오스, 정제수, 베타인, 잔탄검, 스핑고모나스발효추출물, 에틸헥실글리세린, 시트릭애씨드, 하이드록시프로필사이클로덱스트린, 아데노신, 다이소듐이디티에이, 다이포타슘글리시리제이트, 글리세릴아크릴레이트/아크릴릭애씨드코폴리머, 글루코노락톤, 도코사헥사에노익애씨드, 토코페롤, 알란토인, 피리독신에이치씨엘, 카프릴로일살리실릭애씨드, 약모밀소포(1.5ppb), 아이소쿼시트린, 쿼세틴"
"A000000258878","[7월 올영픽/가나디 콜라보] 코스알엑스 더 6 펩타이드 화잘먹 세럼 150ml 더블 기획 (+피규어 굿즈)","코스알엑스","150.0","300.0","ml","46000","27100","903.3","정제수, 다이프로필렌글라이콜, 글리세린, 펜틸렌글라이콜, 1,2-헥산다이올, 나이아신아마이드, 아세틸헥사펩타이드-8(5 ppm), 카퍼트라이펩타이드-1(5 ppm), 에스에이치-폴리펩타이드-121(1.98 ppm), 다이펩타이드다이아미노부티로일벤질아마이드다이아세테이트(0.3 ppm), 올리고펩타이드-68(0.095 ppm), 팔미토일트라이펩타이드-8(0.02ppm), 알란토인, 소듐하이알루로네이트, 아세틸글루코사민, 세린, 알라닌, 글라이신, 트레오닌, 알지닌, 프롤린, 베타인, 소듐피씨에이, 소듐락테이트, 피씨에이, 글루타믹애씨드, 라이신에이치씨엘, 토코페롤, 덱스트란, 돌콩오일, 하이드로제네이티드레시틴, 암모늄아크릴로일다이메틸타우레이트/브이피코폴 리머, 폴리아크릴레이트크로스폴리머-6, 부틸렌글라이콜, 잔탄검, 에틸헥실글리세린, 아데노신, 폴리쿼터늄-51, 다이소듐이디티에이, 시트릭애씨드, 카프릴릴글라이콜, t-부틸알코올, 포타슘솔베이트, 소듐올리에이트"
"A000000260600","셀라딕스 세범 리밸런싱 RX 131 앰플 30ml 기획 (+미니언즈 키링) (미니언즈 콜라보)","셀라딕스","30.0","30.0","ml","","28900","9633.3","정제수, 다이프로필렌글라이콜, 부틸렌글라이콜, 글리세레스 -26, 나이아신아마이드, 글리세린,베타인, 피토스테롤, 세라마이드엔피, 스쿠알란, 라우릭애씨드, 아라키딕애씨드, 베헤닉애씨드, 베타-글루칸, 참오동나무잎추출물, 육계나무껍질추출물, 생달나무잎추출물, 녹나무잎추출물, 월계수잎추출물, 고수추출물, 유칼립투스잎추출물, 황금추출물, 후박나무가지추출물, 1,2-헥산다이올, 폴리글리세릴-10라우레이트, 폴리글리세릴-10미리스테이트,하이드록시아세토페논, 판테놀, 아데노신, 다이소듐이디티에이, 소듐하이알루로네이트, 잔탄검, 소듐폴리아크릴레이트, 에틸헥실글리세린, 베르가모트오일, 라반딘오일, 오렌지껍질오일, 라벤더오일, 발삼아미리스껍질오일, 바질오일, 리모넨, 리날룰"
"A000000211052","[단독기획] 아누아 복숭아 70 나이아신아마이드 세럼 30ml 2입","아누아","30.0","60.0","ml","54000","25000","4166.7","복숭아수(70%), 글리세린, 나이아신아마이드(5%), 부틸렌글라이콜, 다이에톡시에틸석시네이트, 정제수, 1,2-헥산다이올, 락토바실러스발효물, 소듐하이알루로네이트, 스핑고모나스발효추출물, 알파-알부틴, 인도멀구슬나무꽃추출물, 홀리바질잎추출물, 인도멀구슬나무잎추출물, 잇꽃씨오일, 멕시칸치아씨오일, 울금뿌리추출물, 참산호말추출물, 하이드롤라이즈드하이알루로닉애씨드, 편백잎추출물, 복사나무꽃추출물, 녹차씨오일, 효모발효추출물, 병풀추출물, 쑥잎추출물, 칸디다 봄비콜라/글루코오스/메틸레이프씨데이트발효물, 펜틸렌글라이콜, 폴리글리세릴-10라우레이트, 베타인살리실레이트, 소듐파이테이트, 셀룰로오스, 카프릴릭/카프릭트라이글리세라이드, 하이드로제네이티드레시틴, 판테놀, 폴리글루타믹애씨드, 리놀레익애씨드, 리놀레닉애씨드, 폴리글리세릴-10올리에이트, 수크로오스팔미테이트, 사이아노코발아민, 3-O-에틸아스코빅애씨드, 세라마이드엔피, 아시아티코사이드, 마데카식애씨드, 아시아틱애씨드, 잔탄검, 향료"
"A000000255834","[7월 올영픽/온라인추가증정] 라로슈포제 히알루 B5 수분탄력 세럼 30ml 기획 (+10ml+히알루크림 3ml)","라로슈포제","30.0","43.0","ml","59000","47200","10976.7","[히알루 세럼] 
정제수 글리세린 변성알코올 프로필렌글라이콜 판테놀 펜틸렌글라이콜 다이메티콘 피이지-6카프릴릭/카프릭글리세라이즈 갈랑가갈랑갈잎추출물 칼슘클로라이드 글리세릴아이소스테아레이트 마데카소사이드 피피지-6-데실테트라데세스-30 소듐아세틸레이티드하이알루로네이트(0.01%) 소듐하이알루로네이트(0.2004%) 알진 아데노신 암모늄폴리아크릴로일다이메틸타우레이트 프로판다이올 하이드롤라이즈드하이알루로닉애씨드(0.1208%) 하이드록시아세토페논 카프릴릭/카프릭트라이글리세라이드 카프릴릴글라이콜 시트릭애씨드 트라이소듐에틸렌다이아민다이석시네이트 아세틸글루코사민 잔탄검 부틸렌글라이콜 1,2-헥산다이올 토코페롤 페녹시에탄올 향료

[히알루 크림]
정제수 글리세린 아이소헥사데칸 프로판다이올 변성알코올 아이소프로필아이소스테아레이트 판테놀 다이메티콘 옥틸도데칸올 베헤닐알코올 세틸알코올 갈랑가갈랑갈잎추출물 스테아릭애씨드 칼슘클로라이드 세테아릴알코올 세테아릴글루코사이드 피이지-100스테아레이트 소듐하이알루로네이트(0.2004%) 소듐하이드록사이드 알진 실리카 미리스틱애씨드 셀룰로오스 팔미틱애씨드 아데노신 암모늄폴리아크릴로일다이메틸타우레이트 다이소듐스테아로일글루타메이트 엑토인 하이드롤라이즈드하이알루로닉애씨드(0.0208%) 하이드록시아세토페논 카프릴릭/카프릭트라이글리세라이드 카프릴로일살리실릭애씨드 시트릭애씨드 라우레스-7 트라이소듐에틸렌다이아민다이석시네이트 아세틸글루코사민 잔탄검 펜틸렌글라이콜 파이틱애씨드 폴리아크릴아마이드 폴리엡실론-라이신 부틸렌글라이콜 1,2-헥산다이올 C13-14아이소알케인 페녹시에탄올 향료"
"A000000215561","[1등세럼/주름탄력개선]유세린 에피셀린 세럼 30ml","유세린","30.0","30.0","ml","69000","39900","13300.0","정제수,변성알코올,글리세린,부틸렌글라이콜,피마자씨오일,옥틸도데칸올,글리세릴스테아레이트시트레이트,다이부틸아디페이트 ,세테아릴알코올,프로필헵틸카프릴레이트,다이스타치포스페이트,글리세릴스테아레이트,라우로일라이신,페녹시에탄올,향료,트라이소듐에틸렌다이아민다이석시네이트,석시노글리칸,에틸헥실글리세린,소듐하이알루로네이트(0.235%), 시트릭애씨드,다이하이드로미리세틴(0.15%),소듐메타바이설파이트, 다이에틸헥실시링질리덴말로네이트,글리시레티닉애씨드,잔탄검,돌콩배아추출물,젤란검,카프릴릭/카프릭트라이글리세라이드,토코페롤,소듐하이드록사이드"
"A000000255684","[모공탄력]메디큐브 제로 모공 원데이 펩타이드 세럼 한교동 리필기획 (본품+리필팩50ml+한교동 거울키링)","메디큐브","50.0","50.0","ml","46000","23900","4780.0","정제수, 메틸프로판다이올, 글리세린, 프로판다 이올, 나이아신아마이드, 트로메타민, 1,2-헥산다이올, 폴리글리세린-3, 락틱애씨드, 다이메티콘, 글루코노락톤, 살리실릭애씨드, 하이드록시에틸셀룰로오스, 소듐폴리 아크릴로일다이메틸타우레이트, 레시틴, C12-14알케스 -12, 알란토인, 시트릭애씨드, 에틸헥실글리세린, 아데노신, 부틸렌글라이콜, 덱스트린, 글라이콜릭애씨드, 소듐시트레이트, 치자추출물, 트라이소듐포스페이트, 카프릴로일살리실릭애씨드, 물망초꽃/잎/줄기추출물, 원추 리꽃추출물, 별꽃추출물, 락토바실러스발효용해물, 서양민들레잎추출물, 락토바실러스발효물, 카프릴릭/카프릭트라이글리세라이드, 솔비탄라우레이트, 세틸팔미테이트, 솔비탄스테아레이트, 폴리솔베이트80, 카프릴릴 글라이콜, 아세틸글루타민, 아세틸다이펩타이드-1세틸에스터(8ppb), 바실러스/소이빈발효추출물, 소듐벤조에이트, 당느릅나무뿌리추출물, 칡뿌리추출물, 대왕소나무잎추출물, 달맞이꽃꽃추출물, 하이드로제네이티드레시틴, 팔미토일트라이펩타이드-5(1.1ppb), 아세틸헥 사펩타이드-1(1ppb), 토코페롤, 아세틸옥타펩타이드-3 (0.5ppb), 소듐하이알루로네이트, 팔미토일테트라펩타이드-10(0.2ppb), 폴릭애씨드, 카퍼트라이펩타이드-1 (0.05ppb), 올리고펩타이드-3(0.002ppb), 올리고펩타이드-2(0.002ppb), 올리고펩타이드-1(0.002ppb), 헥사펩타이드-11(0.002ppb)"
"A000000254543","닥터엘시아 345 릴리프 세럼 30ml","닥터엘시아","30.0","30.0","ml","21000","15750","5250.0","정제수,자작나무수액,프로판다이올,티트리잎수,다이프로필렌글라이콜,부틸렌글라이콜,글리세린,나이아신아마이드,판테놀,1,2-헥산다이올,카프릴릭/카프릭트라이글리세라이드,하이드로제네이티드폴리데센,C14-22알코올,하이드록시아세토페논,아크릴레이트/C10-30알킬아크릴레이트크로스폴리머,C12-20알킬글루코사이드,트로메타민,글리세릴카프릴레이트,에틸헥실글리세린,잔탄검,펜틸렌글라이콜,다이소듐이디티에이,카프릴릴글라이콜,녹차수,하이드롤라이즈드하이알루로닉애씨드,하이알루로닉애씨드,소듐하이알루로네이트,폴록사머407,소듐하이알루로네이트크로스폴리머,하이드로제네이티드레시틴,마데카소사이드,판토테닉애씨드,폴리글루타믹애씨드,데실글루코사이드,아시아티코사이드,베타-글루칸,아시아틱애씨드,마데카식애씨드,소듐파이테이트,소듐디엔에이,세라마이드엔피,알루미늄/마그네슘하이드록사이드스테아레이트,병풀추출물,콜레스테롤,라이소레시틴,포스파티딜콜린,자일로오스,하이드록시프로필사이클로덱스트린,탄닉애씨드,레스베라트롤"
"A000000255242","[최초트리플/집중진정] 라운드랩 소나무 진정 시카 앰플 30ml 트리플 기획","라운드랩","30.0","90.0","ml","49900","29900","3322.2","정제수, 부틸렌글라이콜, 다이프로필렌글라이콜, 글리세레스-26, 글리세린, 소나무잎추출물(10,022ppm), 1,2-헥산다이올, 프로판다이올, 하이알루로닉애씨드, 하이드롤라이즈드하이알루로닉애씨드, 소듐하이알루로네이트, 에틸헥실글리세린, 병풀추출물(111.22ppm), 인도멀구슬나무잎추출물, 황련뿌리추출물, 인도멀구슬나무꽃추출물, 하이드록시아세토페논, 글라이코프로테인(2.0044ppm), 소듐시트레이트, 카프릴로일살리실릭애씨드, 아시아티코사이드(0.1002ppm), 아시아틱애씨드(0.1002ppm), 마데카소사이드(0.1002ppm), 마데카식애씨드(0.1002ppm), 다이소듐이디티에이, 잔탄검, 카보머, 트로메타민, 시트릭애씨드"
"A000000254722","아이오페 레티놀 슈퍼 바운스 세럼 30ml 기획 (+15ml)","아이오페","30.0","45.0","ml","50000","42500","9444.4","정제수, 부틸렌글라이콜, 스쿠알란, 메틸트라이메티콘, 글리세린, 비스-하이드록시에톡시프로필다이메티콘, 1,2-헥산다이올, 락토바실러스발효용해물, C14-22알코올, 시어버터, 팔미틱애씨드, 해바라기씨오일, 스테아릭애씨드, 글리세릴스테아레이트, 피이지-100스테아레이트, 하이드록시에틸아크릴레이트/소듐아크릴로일다이메틸타우레이트코폴리머, 다이메틸아이소소바이드, C12-20알킬글루코사이드, 돌콩오일, 카보머, 만니톨, 당근추출물, 글리세릴카프릴레이트, 트로메타민, 다이소듐이디티에이, 코질메틸렌다이옥시신나메이트, 에틸헥실글리세린, 펜틸렌글라이콜, 잔탄검, 마데카소사이드, 하이드록시피나콜론레티노에이트, 솔비탄아이소스테아레이트, 레티놀, 트레할로오스, 베타-카로틴, 토코페롤, 비에이치티, 아라비아고무나무검, 아세틸테트라펩타이드-11, 하이드로제네이티드포스파티딜콜린, 편백잎추출물, 데카펩타이드-4, 소듐올리에이트, 프로필렌글라이콜알지네이트, 벼에스에이치-올리고펩타이드-1   * 레티놀 함량 509 IU/g"
"A000000254065","[포켓몬 에디션] VT 피디알엔 에센스 100 30ml 더블 기획 (+포켓몬 장바구니 키링)","VT","30.0","60.0","ml","67500","36960","6160.0","정제수, 아이소프로필미리스테이트, 카프릴릭/카프릭트라이글리세라이드, 세틸에틸헥사노에이트, 글리세린, 프로판다이올, 나이아신아마이드, 폴리글리세릴-2다이폴리하이드록시스테아레이트, 피이지-30다이폴리하이드록시스테아레이트, 폴리글리세릴-3다이아이소스테아레이트, 1,2-헥산다이올, 토코페롤, 하이드록시아세토페논, 해바라기씨오일, 아크릴레이트/C10-30알킬아크릴레이트크로스폴리머, 알지닌, 아데노신, 세라마이드엔피, 바오밥나무씨오일, 다이소듐이디티에이, 하이드로제네이티드레시틴, 알란토인, 스쿠알란, 판테놀, 폴리글루쿠로닉애씨드, 세라마이드엔에스, 세라마이드에이에스, 세라마이드이오피, 세라마이드에이피, 산양삼추출물, 소듐디엔에이(0.5ppm)"
"A000000243435","[연어PDRN/미백천재앰플] 메디큐브 PDRN 핑크 펩타이드 앰플 30ml 기획(앰플10ml+수분크림 10ml)","메디큐브","30.0","50.0","ml","24800","19900","3980.0","**PDRN 앰플 30ml
정제수,글리세린,다이프로필렌글라이콜,아이소프로필미리스테이트,글리세레스-26,나이아신아마이드,1,2-헥산다이올,소듐디엔에이,부틸렌글라이콜,폴리글리세린-3,소듐아크릴레이트/소듐아크릴로일다이메틸타우레이트코폴리머,폴리아이소부텐,아크릴레이트/C10-30알킬아크릴레이트크로스폴리머,이리추출물,트로메타민,글리세릴아크릴레이트/아크릴릭애씨드코폴리머,피브이엠/엠에이코폴리머,에틸헥실글리세린,카프릴릴글라이콜,향료,인도멀구슬나무잎추출물,아데노신,카프릴릴/카프릴글루코사이드,솔비탄올리에이트,인도멀구슬나무꽃추출물,소듐하이알루로네이트,다이소듐이디티에이,울금뿌리추출물,사이아노코발아민,하이드롤라이즈드콜라겐,유비퀴논,홀리바질잎추출물,참산호말추출물,팔미토일펜타펩타이드-4,팔미토일트라이펩타이드-1,팔미토일테트라펩타이드-7,카퍼트라이펩타이드-1,아세틸헥사펩타이드-8,연어알추출물,아텔로콜라겐

**PDRN 앰플 10ml
정제수,글리세린,다이프로필렌글라이콜,아이소프로필미리스테이트,글리세레스-26,나이아신아마이드,1,2-헥산다이올,소듐디엔에이,부틸렌글라이콜,폴리글리세린-3,소듐아크릴레이트/소듐아크릴로일다이메틸타우레이트코폴리머,폴리아이소부텐,아크릴레이트/C10-30알킬아크릴레이트크로스폴리머,이리추출물,트로메타민,글리세릴아크릴레이트/아크릴릭애씨드코폴리머,피브이엠/엠에이코폴리머,에틸헥실글리세린,카프릴릴글라이콜,향료,인도멀구슬나무잎추출물,아데노신,카프릴릴/카프릴글루코사이드,솔비탄올리에이트,인도멀구슬나무꽃추출물,소듐하이알루로네이트,다이소듐이디티에이,울금뿌리추출물,사이아노코발아민,하이드롤라이즈드콜라겐,유비퀴논,홀리바질잎추출물,참산호말추출물,팔미토일펜타펩타이드-4,팔미토일트라이펩타이드-1,팔미토일테트라펩타이드-7,카퍼트라이펩타이드-1,아세틸헥사펩타이드-8,연어알추출물,아텔로콜라겐

**PDRN 수분크림 10ml
정제수, 글리세레스-26, 부틸렌글라이콜, 카프릴릭/카프릭트라이글리세라이드, 사이클로펜타실록세인, 1,2-헥산다이올, 나이아신아마이드, 하이드로제네이티드폴리데센, 아이소노닐아이소노나노에이트, 세테아릴올리베이트, 에틸헥실올리베이트, 글리세린, 솔비탄올리베이트, 소듐디엔에이(5,000PPM), 소듐아크릴레이트코폴리머, 소듐폴리아크릴로일다이메틸타우레 이트, 하이드록시에틸아크릴레이트/소듐아크릴로일다이메틸타우레이트코폴리머, 폴리글리세릴-4올리에이트, 다이소듐이디티에이, 베타인, 판테놀, 향료, 에틸헥실글리세린, 아데노신, 솔비탄아이소스테아레이트, 메도우폼씨오일, 글리세릴아크릴레이트/아크릴릭애씨드코폴리머, 시트릭애씨드, 사이아노코발아민, 하이드로제네이티드레시틴, 세테아릴알코올, 스테아릭애씨드, 소듐하이알루로네이트(1.02PPM), 하이드록시프로필트라이모늄하이알루로네이트(0.1PPM), 세라마이드엔피, 꿀풀추출물, 블래더랙추출물, 노니열매추출물, 여주열매추출물, 오크라열매추출물, 세라마이드엔에스, 소듐아세틸레이티드하이알루로네이트(0.01PPM), 하이드롤라이즈드하이알루로닉애씨드(0.01PPM), 병풀잎추출물, 콜레스테롤, 피토스핑고신, 세라마이드에이에스, 세라마이드에이피, 하이알루로닉애씨드(0.0025PPM), 카퍼트라이펩타이드-1, 소듐하이알루로네이트크로스폴리머(0.001PPM), 아세틸헥사펩타이드-8, 팔미토일펜타펩타이드-4, 하이드롤라이즈드소듐하이알루로네이트(0.001PPM), 팔미토일테트라펩타이드-7, 팔미토일트라이펩타이드-1, 포타슘하이알루로네이트(0.0002PPM), 세라마이드이오피"
"A000000251844","[2중보습/수분진정] 프리메이 진정한 수분 세럼 50ml (+진정한 수분 크림 30ml)","프리메이","50.0","80.0","ml","14000","11900","1487.5","프리메이 진정한 수분 세럼 : 정제수, 부틸렌글라이콜, 다이프로필렌글라이콜, 글리세린, 글리세레스-26, 1,2-헥산다이올, 밤부사 불가리스추출물, 베타인, 암모늄폴리아크릴로일다이메틸타우레이트, 하이드록시아세토페논, 판테놀, 글리세릴아크릴레이트/아크릴릭애씨드코폴리머, 약모밀추출물, 판토락톤, 폴리글리세릴-10라우레이트, 프로판다이올, 아데노신, 에틸헥실글리세린, 잔탄검, 하이드록시에틸우레아, 다이소듐이디티에이, 소듐하이알루로네이트, 서양배추출물, 다마스크장미꽃수, 폴리쿼터늄-51, 오리스뿌리추출물, 멜론추출물, 서양송악잎/줄기추출물, 살비아오일, 판토테닉애씨드, 하이드로제네이티드레시틴, 소듐아세틸레이티드하이알루로네이트, 포타슘하이알루로네이트, 하이드록시프로필트라이모늄하이알루로네이트, 하이드롤라이즈드하이알루로닉애씨드, 하이알루로닉애씨드, 말라카이트추출물, 황련추출물

프리메이 진정한 수분 크림 : 정제수, 다이프로필렌글라이콜, 글리세린, 카프릴릭/카프릭트라이글리세라이드, 메틸트라이메티콘, 세틸에틸헥사노에이트, 폴리글리세릴-3메틸글루코오스다이스테아레이트, 메도우폼씨오일, 밤부사 불가리스추출물, 베타인, 하이드로제네이티드폴리아이소부텐, 세테아릴알코올, 폴리글리세릴-3스테아레이트, 글리세릴스테아레이트, 1,2-헥산다이올, 트레할로오스, 판테놀, 알지닌, 카보머, 카프릴릴글라이콜, 하이드록시아세토페논, 하이드로제네이티드식물성글리세라이즈, 폴리글리세릴-10라우레이트, 아미노부티릭애씨드, 폴리글리세릴-4라우레이트, 소듐스테아로일락틸레이트, 에틸헥실글리세린, 부틸렌글라이콜, 약모밀추출물, 판토락톤, 아데노신, 서양배추출물, 트라이소듐에틸렌다이아민다이석시네이트, 다마스크장미꽃수, 글리세릴글루코사이드, 살비아오일, 오리스뿌리추출물, 멜론추출물, 서양송악잎/줄기추출물, 흰목이버섯폴리사카라이드, 향부자추출물, 판토테닉애씨드, 서양민들레뿌리줄기/뿌리추출물, 소엽잎추출물, 소듐하이알루로네이트, 마그네슘피씨에이, 소듐피씨에이, 칼슘피씨에이"
"A000000252982","[7월올영픽/1+1/수분진정] 닥터지 레드블레미쉬 클리어 히알시카수딩세럼 50ml기획 (+50ml리필)","닥터지","50.0","100.0","ml","40000","22900","2290.0","정제수, 부틸렌글라이콜, 다이프로필렌글라이콜, 나이아신아마이드, 1,2-헥산다이올, 글리세린, 판테놀, 글리세레스-26, 하이드록시에틸셀룰로오스, 에리스리톨, 소듐폴리아크릴로일다이메틸타우레이트, 소듐하이알루로네이트(1,100 ppm), 알란토인, 에틸헥실글리세린, 카프릴릭/카프릭트라이글리세라이드, 바이오사카라이드검-1, 다이소듐이디티에이, 하이드로제네이티드레시틴, 베타인살리실레이트, 석시닉애씨드, 트로메타민, 효모발효여과물, 옥틸도데칸올, 폴리글리세릴-10라우레이트, 포스파티딜콜린, 아시아티코사이드(48 ppm), 병풀잎추출물(40 ppm), 마데카식애씨드(36 ppm), 아시아틱애씨드(36 ppm), 글라이코리피드, 세라마이드엔피, 베타-글루칸, 락토바실러스발효물, 락토바실러스/콩발효추출물, 류코노스톡/무발효여과물, 효모발효추출물, 팔미토일트라이펩타이드-5, 다발방패버섯추출물, 마데카소사이드(3.6 ppm), 병풀추출물(3.4 ppm), 하이드록시프로필트라이모늄하이알루로네이트(1 ppm), 토코페롤, 징크피씨에이, 헥사펩타이드-9"
"A000000258879","[7월 올영픽/가나디 콜라보]코스알엑스 더 블루 펩타이드 결광 세럼 50ml 기획 (+키캡 키링)","코스알엑스","50.0","50.0","ml","28000","18900","3780.0","정제수, 부틸렌글라이콜, 글리세린, 다이프로필렌글라이콜, 나이아신아마이드, 1,2-헥산다이올, 베타인, 다이에톡시에틸석시네이트, 암모늄아크릴로일다이메틸타우레이트/브이피코폴리머, 다이메티콘, 카퍼트라이펩타이드-1(0.5%), 폴리글리세릴-6카프릴레이트, 폴리글리세릴-4카프레이트, 바쿠치올(0.25%), 하이드로제네이티드레시틴, 에탄올, 소듐메틸스테아로일타우레이트, 에틸헥실글리세린, 하이드록시프로필스타치포스페이트, 다이소듐이디티에이, 아데노신, 카프릴릴글라이콜, 토코페롤, 다이펩타이드다이아미노부티로일벤질아마이드다이아세테이트(0.5 ppm), 아세틸헥사펩타이드-1(0.1 ppm), 아세틸헵타펩타이드-4(0.0457 ppm), 판테놀, 이노시톨, 아세틸헥사펩타이드-8(0.004 ppm), 소듐하이드록사이드, 프로판다이올, 베타-글루칸, 소듐하이알루로네이트, 하이알루로닉애씨드, 소듐하이알루로네이트크로스폴리머, 하이드롤라이즈드콜라겐, 하이드롤라이즈드하이알루로닉애씨드, 소듐아세틸레이티드하이알루로네이트, 아세틸옥타펩타이드-3(0.0003 ppm)"
"A000000231779","[7월 올영픽/본품 50%용량 추가 증정] 라로슈포제 시카플라스트 리페어 에센스 30ml 기획 (+7.5ml*2ea)","라로슈포제","30.0","37.5","ml","55000","44000","11733.3","정제수 비피다발효용해물 판테놀 다이메티콘 베타인 글리세린 부틸렌글라이콜 펜틸렌글라이콜 아이소프로필미리스테이트 피이지/피피지/폴리부틸렌글라이콜-8/5/3글리세린 소듐하이드록사이드 만노오스 메틸다이하이드로자스모네이트 아크릴레이트/C10-30알킬아크릴레이트크로스폴리머 페녹시에탄올 하이드로제네이티드레시틴 알파-글루칸올리고사카라이드 카프릴릴글라이콜 폴리솔베이트20 마데카소사이드 스핑고모나스발효추출물 시트릭애씨드 야콘뿌리즙 소듐메틸스테아로일타우레이트 아세틸다이펩타이드-1세틸에스터 소듐벤조에이트 말토덱스트린 징크글루코네이트 망가니즈글루코네이트 소듐하이알루로네이트 엑토인 단삼뿌리추출물 살리실로일피토스핑고신 락토바실러스 트라이소듐에틸렌다이아민다이석시네이트 비사보롤"
"A000000200604","[피지각질케어] 라로슈포제 에빠끌라 듀오+M 트러블 에센스 40ml","라로슈포제","40.0","40.0","ml","35000","31500","7875.0","정제수 글리세린 다이메티콘 아이소세틸스테아레이트 나이아신아마이드 아이소프로필라우로일사코시네이트 실리카 암모늄폴리아크릴로일다이메틸타우레이트 쌀전분 석류과피추출물 포타슘세틸포스페이트 솔비탄올리에이트 징크피씨에이 글리세릴스테아레이트에스이 아이소헥사데칸 소듐하이드록사이드 미리스틸미리스테이트 2-올레아미도-1,3-옥타데칸다이올 만노오스 폴록사머338 카프릴로일살리실릭애씨드 카프릴릴글라이콜 비트레오스실라발효물 시트릭애씨드 트라이소듐에틸렌다이아민다이석시네이트 말토덱스트린 잔탄검 펜틸렌글라이콜 폴리솔베이트80 아크릴아마이드/소듐아크릴로일다이메틸타우레이트코폴리머 살리실릭애씨드 피록톤올아민 향료"
"A000000236420","[스피큘 레티놀] 아이오페 레티놀 레티젝션 세럼 30ml +25ml 기획","아이오페","30.0","55.0","ml","59000","49900","9072.7","정제수, 부틸렌글라이콜, 글리세린, 카프릴릭/카프릭트라이글리세라이드, 칼슘알루미늄보로실리케이트, 다이메티콘, 나이아신아마이드, 시어버터, 판테놀, C14-22알코올, 세테아릴알코올, 토코페롤, 토코페릴아세테이트, 폴리글리세릴-3다이스테아레이트, 글리세릴스테아레이트, 해바라기씨오일, 팔미틱애씨드, 스테아릭애씨드, 돌콩오일, C12-20알킬글루코사이드, 다이메틸아이소소바이드, 카보머, 소듐설파이트, 당근추출물, 알란토인, 글리세릴카프릴레이트, 트로메타민, 펜틸렌글라이콜, 소듐메타포스페이트, 코질메틸렌다이옥시신나메이트, 에틸헥실글리세린, 아데노신, 레티놀, 글리세릴스테아레이트시트레이트, 하이드록시피나콜론레티노에이트, 베타-카로틴, 아라비아고무나무검, 비에이치티, 프로필렌글라이콜알지네이트 (순수레티놀 함량 880IU)"
"A000000248589","[화잘먹] 톤28 해남404 글로우 크림앤세럼 50ml","톤28","50.0","50.0","ml","33600","23500","4700.0","정제수, 코코-카프릴레이트/카프레이트, 프로판다이올,스쿠알란, 글리세린, 병풀추출물, 나이아신아마이드, 펜틸렌글라이콜, 1,2-헥산다이올, 폴리글리세릴-10라우레이트, 부틸렌글라이콜, 트라이소듐에틸렌다이아민다이석시네이트, 하이드록시에틸셀룰로오스, 에틸헥실글리세린, 잔탄검, 카프릴릴글라이콜, 아데노신, 말라카이트추출물, 녹차추출물, 카프릴릭/카프릭트라이글리세라이드, 황련뿌리추출물, 알지닌, 덱스트린, 카카오추출물, 소듐하이알루로네이트, 폴리글리세릴-3메틸글루코오스다이스테아레이트, 하이드로제네이티드레시틴, 소듐디엔에이, 다이소듐포스페이트, 폴리솔베이트60, 병풀잎수, 소듐포스페이트, 판테놀, 세라마이드엔피, 스테아릭애씨드, 콜레스테롤, 락토바실러스/쌀발효물, 락토바실러스/콩발효추출물,효모/율무씨발효여과물, 효모/감자추출물발효여과물, 락토바실러스/인삼뿌리발효여과물, 바실러스/쌀겨추출물/콩추출물발효여과물,효모/쌀겨발효물, 하이드로제네이티드포스파티딜콜린, 수크로오스스테아레이트, 세테아릴알코올, 아세틸헥사펩타이드-8, 병풀잎추출물, 병풀뿌리추출물, 병풀잎/줄기추출물, 마데카소사이드, 아시아티코사이드, 마데카식애씨드,아시아틱애씨드, 병풀잎/줄기가루"
"A000000233771","[우즈PICK][1+1] 한율 어린쑥 속수분 쑥히알 세럼 40ml 리필 기획 (+40ml 리필)","한율","40.0","80.0","ml","35000","25500","3187.5","""정제수, 부틸렌글라이콜, 글리세린, 1,2-헥산다이올, 소듐아크릴레이트크로스폴리머-2,
황해쑥잎수(10,554 ppm), 자일리톨, 다이에톡시에틸석시네이트, 아이소펜틸다이올, 피피지-13
-데실테트라데세스-24, 암모늄아크릴로일다이메틸타우레이트/베헤네스-25메타크라일레이트
크로스폴리머, 베타인, 스핑고모나스발효추출물, 세라마이드엔피, 아라키딜알코올, 에틸헥실
글리세린, 향료, 스테아릭애씨드, 피토스테롤, 베헤닐알코올, 아라키딜글루코사이드, 소듐메타
포스페이트, 하이드로제네이티드레시틴, 알지닌, 아스파틱애씨드, 글루타믹애씨드, 하이알루로닉
애씨드(100 ppm), 이노시톨, 세테아릴알코올, 락토바실러스발효물, 말토덱스트린, 하이드롤
라이즈드치자추출물, 프로필렌글라이콜, 소듐하이알루로네이트(1.5 ppm), 토코페롤"""
"A000000190700","[역대급 이벤트/SNS대란템] 로벡틴 히알루론산 에센스 180ml 리필기획(+리필 120ml)","로벡틴","180.0","300.0","ml","32000","18700","623.3","정제수, 글리세린, 메틸글루세스-20, 펜틸렌글라이콜, 부틸렌글라이콜, 나이아신아마이드, 솔비톨, 아데노신, 카페인, 소듐하이알루로네이트, 알란토인, 판테놀, 알지닌, 하이알루로닉애씨드, 스페인감초뿌리추출물, 마트리카리아꽃추출물, 병풀추출물, 돌콩싹추출물, 파파야열매추출물, 1,2-헥산다이올, 소듐피씨에이, 아크릴레이트/C10-30알킬아크릴레이트크로스폴리머, 하이드록시에틸셀룰로오스, 트레할로오스, 소듐폴리글루타메이트, 하이드록시프로필트라이모늄하이알루로네이트, 하이드롤라이즈드하이알루로닉애씨드, 소듐아세틸레이티드하이알루로네이트, 포타슘하이알루로네이트, 소듐하이알루로네이트크로스폴리머, 다이소듐이디티에이"
"A000000210068","[깐달걀/화잘먹] VT 리들샷 300 에센스 30ml 기획 (+리들샷 300 파우치 1ml*3ea)","VT","30.0","31.0","ml","24900","18500","5967.7","정제수, 다이프로필렌글라이콜, 글리세린, 나이아신아마이드, 부틸렌글라이콜, 마카다미아씨오일, 1,2-헥산다이올, 에틸헥실팔미테이트, 실리카, 소듐아크릴레이트/소듐아크릴로일다이메틸타우레이트코폴리머, 폴리아이소부텐, 글리세레스-26, 에틸헥실글리세린, 카프릴릴글라이콜, 아데노신, 소듐폴리아크릴레이트, 병풀추출물, 소듐하이알루로네이트, 카프릴릴/카프릴글루코사이드, 솔비탄올리에이트, 잔탄검, 프로폴리스추출물, 아시아티코사이드, 마데카소사이드, 마데카식애씨드, 아시아틱애씨드, 글라이신, 세린, 글루타믹애씨드, 아스파틱애씨드, 류신, 알라닌, 라이신, 알지닌, 타이로신, 페닐알라닌, 트레오닌, 프롤린, 발린, 아이소류신, 히스티딘, 메티오닌, 시스테인"
"A000000258297","[NEW] 토리든 다이브인 저분자 히알루론산 세럼 50ml 기획 (+멀티 패드 10매)","토리든","50.0","50.0","ml","","22000","4400.0","정제수, 부틸렌글라이콜, 글리세린, 다이프로필렌글라이콜, 1,2-헥산다이올, 판테놀, 소듐하이알루로네이트크로스폴리머, 하이드롤라이즈드하이알루로닉애씨드(1,000ppm), 소듐하이알루로네이트, 소듐아세틸레이티드하이알루로네이트, 하이드롤라이즈드소듐하이알루로네이트, 알란토인, 엑토인, 감초추출물, 2,3-부탄다이올, 트레할로오스, 베타인, 프로판다이올, 쇠비름추출물, 버지니아풍년화잎추출물, 마데카소사이드, 마데카식애씨드, 세라마이드엔피, 베타-글루칸, 말라카이트추출물, 콜레스테롤, 펜틸렌글라이콜, 글리세릴아크릴레이트/아크릴릭애씨드코폴리머, 피브이엠/엠에이코폴리머, 폴리글리세릴-10라우레이트, 잔탄검, 트로메타민, 카보머, 에틸헥실글리세린, 황금추출물, 모란뿌리추출물"
"A000000235178","[1등모공앰플] 성분에디터 그린토마토 NMN 포어 리프팅 앰플 40ml 더블기획","성분에디터","40.0","80.0","ml","36000","19800","2475.0","토마토수(680,000 ppm), 정제수, 부틸렌글라이콜, 글리세린, 자일리톨, 1,2-헥산다이올, 다이프로필렌글라이콜, 나이아신아마이드, 니코틴아마이드모노뉴클레오타이드(10,000 ppm), 트레할로오스, 잔탄검, 카보머, 페닐트라이메티콘, 트로메타민, 알란토인, C12-13알케스-9, 폴리메틸실세스퀴옥세인, 소듐시트레이트, 에틸헥실글리세린, 잇꽃꽃추출물, 메틸다이하이드로자스모네이트, 다이포타슘글리시리제이트, 아데노신, 다이소듐이디티에이, 치자추출물, 덱스트린, 토마토추출물(200 ppm), 에틸렌브라실레이트, 글루코노락톤, 판테놀, 2-t-부틸사이클로헥실아세테이트, 칡뿌리추출물, 달맞이꽃꽃추출물, 대왕소나무잎추출물, 당느릅나무뿌리추출물, 피브로넥틴, 니코틴아마이드아데닌다이뉴클레오타이드, 소듐하이알루로네이트, 아데노신트라이포스페이트, 하이드로제네이티드레시틴, 하이드롤라이즈드하이알루로닉애씨드, 하이알루로닉애씨드, 소듐하이알루로네이트크로스폴리머, 하이드록시프로필트라이모늄하이알루로네이트, 하이드로제네이티드폴리아이소부텐, 벤질글라이콜, 세라마이드엔피, 토코페롤, 하이드롤라이즈드엘라스틴, 폴리글리세릴-10라우레이트, 데이지꽃추출물, 수용성프로테오글리칸, 유채스테롤, 토마토즙(0.1 ppm), 토마토열매/잎/줄기추출물(0.1 ppm), 페네틸알코올, 하이드롤라이즈드콜라겐, 라즈베리케톤, 피토스테릴/베헤닐/옥틸도데실라우로일글루타메이트, 콜레스테롤, 라이소레시틴, 올레익애씨드, 글라이코사미노글리칸, 소듐클로라이드, 포타슘포스페이트, 포타슘클로라이드, 다이소듐포스페이트, 하이드롤라이즈드식물성단백질, 지모뿌리추출물, 라이코펜, 콜라겐추출물, 리날릴아세테이트, 에틸리날룰, 유칼립톨, 메틸렌다이옥시페닐메틸프로판알, 헥세닐아세테이트, 2,4-다이메틸-3-사이클로헥신카복스알데하이드, 3-헥센올"
"A000000204071","[속보습] 코스알엑스 더 6 펩타이드 스킨 부스터 세럼 150ml 기획 (+30mL)","코스알엑스","150.0","180.0","ml","23000","19500","1083.3","정제수, 다이프로필렌글라이콜, 글리세린, 펜틸렌글라이콜, 1,2-헥산다이올, 나이아신아마이드, 아세틸헥사펩타이드-8(5 ppm), 카퍼트라이펩타이드-1(5 ppm), 에스에이치-폴리펩타이드-121(1.98 ppm), 다이펩타이드다이아미노부티로일벤질아마이드다이아세테이트(0.3 ppm), 올리고펩타이드-68(0.095 ppm), 팔미토일트라이펩타이드-8(0.02ppm), 알란토인, 소듐하이알루로네이트, 아세틸글루코사민, 세린, 알라닌, 글라이신, 트레오닌, 알지닌, 프롤린, 베타인, 소듐피씨에이, 소듐락테이트, 피씨에이, 글루타믹애씨드, 라이신에이치씨엘, 토코페롤, 덱스트란, 돌콩오일, 하이드로제네이티드레시틴, 암모늄아크릴로일다이메틸타우레이트/브이피코폴 리머, 폴리아크릴레이트크로스폴리머-6, 부틸렌글라이콜, 잔탄검, 에틸헥실글리세린, 아데노신, 폴리쿼터늄-51, 다이소듐이디티에이, 시트릭애씨드, 카프릴릴글라이콜, t-부틸알코올, 포타슘솔베이트, 소듐올리에이트"
"A000000180410","[재구매1위] 앰플엔 세라마이드샷 화잘먹 보습장벽앰플 100ml기획(+10ml)","앰플엔","100.0","110.0","ml","18900","17000","1545.5","정제수, 부틸렌글라이콜, 글리세린, 프로판다이올, 다이글리세린, 베타-글루칸, 1,2-헥산다이올, 나이아신아마이드, 베타인, 메틸글루세스-20, 트레할로오스, 옥틸도데칸올, 아데노신, 연교추출물, 하이드로제네이티드레시틴, 세라마이드3, 알지닌, 알란토인, 유채스테롤, 콜레스테롤, 세라마이드2, 세라마이드1, 자일리틸글루코사이드, 하이드록시에틸아크릴레이트/소듐아크릴로일다이메틸타우레이트코폴리머, 무수자일리톨, 잔탄검, 카보머, 자일리톨, 카프릴릴글라이콜, 마카다미아씨오일, 카프릴릭/카프릭트라이글리세라이드, 피토스테릴/베헤닐/옥틸도데실라우로일글루타메이트, 폴리글리세릴-10올리에이트, 세틸포스페이트, 다이소듐이디티에이"
"A000000159467","[잡티톤업/비타민C세럼] 닥터디퍼런트 씨이큐 안티옥시던트 세럼 15ml 2개입","닥터디퍼런트","15.0","30.0","ml","80000","72000","24000.0","정제수, 아스코빅애씨드(15%), 에톡시다이글라이콜, 프로판다이올, 부틸렌글라이콜, 1,2-헥산다이올, 알부틴, 다이프로필렌글라이콜, 브로콜리추출물, 울금뿌리추출물, 얼룩파인애플추출물, 살비아오일, 불가리스쑥오일, 소듐하이알루로네이트, 바질오일, 황기뿌리추출물, 콥티스뿌리추출물, 황벽나무껍질추출물, 황금추출물, 트로메타민, 콜레스-24, 페룰릭애씨드, 글리세린, 토코페롤(1,000.25 ppm), 글루코실루틴, 판테놀, 폴리글리세릴 -10올리에이트, 셀룰로오스검, 하이드로제네이티드레시틴,  에틸헥실글리세린, 아데노신, 소듐파이테이트, 피브이피, 풀러린, 글루코노락톤, 유비퀴논 (0.1ppm)"
"A000000231894","[수지세럼] 아누아 피디알엔 히알루론산 캡슐 100 세럼 30mL 기획세트 (+크림 30ml)","아누아","30.0","60.0","ml","39000","22500","3750.0","[피디알엔 세럼]
하이드롤라이즈드하이알루로닉애씨드(29,049ppm), 나이아신아마이드, 하이드롤라이즈드콜라겐, 소듐하이알루로 네이트(800ppm), 아데노신, 소듐디엔에이(100ppm), 하이알 루로닉애씨드(30ppm), 하이드롤라이즈드소듐하이알루로네이 트(30ppm), 하이드록시프로필트라이모늄하이알루로네이트 (30ppm), 포타슘하이알루로네이트(30ppm), 소듐하이알루 로네이트크로스폴리머(30ppm), 소듐아세틸레이티드하이알 루로네이트(1ppm), 시트릭애씨드
* 피디알엔: 소듐디엔에이

[피디알엔 크림]
소듐디엔에이, 하이드롤라이즈드콜라겐, 소듐하이알루로네이트, 하이드롤라이즈드하이알루로닉애씨드, 하이알루로닉애씨드, 다이메틸실란올하이알루로네이트, 하이드롤라이즈드소듐하이알루로네이트, 포타슘하이알루로네이트, 하이드록시프로필트라이모늄하이알루로네이트, 소듐하이알루로네이트크로스폴리머, 소듐하이알루로네이트다이메틸실란올, 소듐아세틸레이티드하이알루로네이트"
"A000000219550","[채서안PICK/3일잡티세럼] 아비브 글루타치온좀 잡티 세럼 비타 드롭 50ml 기획 (+20ml)","아비브","50.0","70.0","ml","32000","22400","3200.0","정제수, 부틸렌글라이콜, 나이아신아마이드(50,000ppm), 1,2-헥산다이올, 옥수수전분, 아이리쉬모스추출물, 클로렐라 불가리스추출물, 사탕수수추출물, 병풀잎추출물, 키토산, 사과세포배양추출물, 폴리아크릴레이트크로스폴리머-6, 베타인, 글루코오스, 아크릴레이트/C10-30알킬아크릴레이트크로스폴리머, 트로메타민, 아세틸글루코사민(1,000ppm), 프룩토올리고사카라이드, 프룩토오스, 글리세린, 펜틸렌글라이콜, 에틸헥실글리세린*, 알란토인, 다이프로필렌글라이콜, 아데노신, 글루타티온(250 ppm), 마데카소사이드, 하이드록시프로필메틸셀룰로오스, 하이드로제네이티드레시틴, 베타-글루칸, 콜레스테롤, 아시아티코사이드, 아스코빅애씨드(1,000ppb), 3-O-에틸아스코빅애씨드(500 ppb), 아스코빌글루코사이드(500 ppb), 세라마이드엔피, 토코페롤(250 ppb), 페룰릭애씨드, 락틱애씨드, 다이소듐이디티에이, 카보머, 적색산화철(CI 77491)"
"A000000189544","[매끈결에센스] VT 리들샷 300 에센스 50ml","VT","50.0","50.0","ml","43000","29000","5800.0","정제수, 다이프로필렌글라이콜, 글리세린, 나이아신아마이드, 부틸렌글라이콜, 마카다미아씨오일, 1,2-헥산다이올, 에틸헥실팔미테이트, 실리카, 소듐아크릴레이트/소듐아크릴로일다이메틸타우레이트코폴리머, 폴리아이소부텐, 글리세레스-26, 에틸헥실글리세린, 카프릴릴글라이콜, 아데노신, 소듐폴리아크릴레이트, 병풀추출물, 소듐하이알루로네이트, 카프릴릴/카프릴글루코사이드, 솔비탄올리에이트, 잔탄검, 프로폴리스추출물, 아시아티코사이드, 마데카소사이드, 마데카식애씨드, 아시아틱애씨드, 글라이신, 세린, 글루타믹애씨드, 아스파틱애씨드, 류신, 알라닌, 라이신, 알지닌, 타이로신, 페닐알라닌, 트레오닌, 프롤린, 발린, 아이소류신, 히스티딘, 메티오닌, 시스테인"
"A000000255719","[단독기획] 동아제약 색소침착 프로 액제 30ml 기획(+크림제5ml)","동아제약","30.0","35.0","ml","35000","24700","7057.1","정제수, C13-15알케인, 트라넥사믹애씨드, 나이아신아마이드, 글리세린, 세틸에틸헥사노에이트, 스쿠알란, 트라이프로필렌글라이콜, 1,2-헥산다이올, 부틸렌글라이콜, 트라이라우레스-4포스페이트, 글루타티온, 하이드록시아세토페논, 알지닌, 하이드록시에틸우레아, 에틸헥실글리세린, 소듐하이알루로네이트, 아데노신, 해바라기씨오일, 토코페롤, 다이소듐이디티에이, 잔탄검, 알란토인, 알부틴, 세틸팔미테이트, 시트릭애씨드, 글루코노락톤, 올리브오일, 폴리글리세릴-3메틸글루코오스다이스테아레이트, 폴리글리세릴-10라우레이트, 세테아릴알코올, 베타인, 카프릴로일살리실릭애씨드, 코직애씨드, 포스파티딜콜린, 세라마이드엔피, 콜레스테롤, 세라마이드에이피, 하이드록시데실유비퀴논, 아스코빌팔미테이트, 헥실레조시놀"
"A000000255686","[청담샵화잘먹] 메디큐브 PDRN 핑크 콜라겐 버블 세럼 95ml 기획(+젤리브러쉬)","메디큐브","95.0","95.0","ml","28500","24400","2568.4","정제수, 나이아신아마이드, 해바라기씨오일, 글리세린, 하이드로제네이티드폴리(C6-14올레핀), C12-14알케스-12, 1,2-헥산다이올, 프로판다이올, 아이소도데케인, 에틸헥실팔미테이트, 세틸에틸헥사노에이트, 에틸헥실글리세린, 암모늄아크릴로일다이메틸타우레이트/브이피코폴리머, 트라이에틸시트레이트, 아데노신, 토코페롤, 다이소듐이디티에이, 사이아노코발아민, 콜라겐, 만주자작나무껍질/잎추출물, 소듐디엔에이, 피마자씨오일, 스타아니스열매/씨오일, 레몬그라스잎오일, 콜라겐추출물, 잔탄검, 레티놀, 판테놀, 하이드롤라이즈드콜라겐, 부틸렌글라이콜, 카프릴릭/카프릭트라이글리세라이드, 세라마이드엔피, 하이드로제네이티드레시틴, 소듐하이알루로네이트, 하이알루로닉애씨드, 소듐하이알루로네이트크로스폴리머, 세린, 우유단백질추출물, 하이드롤라이즈드소듐하이알루로네이트, 하이드롤라이즈드하이알루로닉애씨드, 글루타믹애씨드, 아스파틱애씨드, 소듐아세틸레이티드하이알루로네이트, 하이드록시프로필트라이모늄하이알루로네이트"
"A000000231884","[속건조필수템] 웰라쥬 리얼 히알루로닉 블루 100 앰플 100ml 기획 (+원데이키트2ea)","웰라쥬","100.0","100.0","ml","30000","24000","2400.0","[웰라쥬 리얼 히알루로닉 블루 100 앰플]
정제수, 프로판다이올, 펜틸렌글라이콜, 글리세린, 1,2-헥산다이올, 판테놀, 메틸프로판다이올, 소듐아크릴릭애씨드/엠에이코폴리머, 부틸렌글라이콜, 참마뿌리추출물, 잔탄검, 소듐시트레이트, 에틸헥실글리세린, 소듐하이알루로네이트(1,000ppm), 글라이코실트레할로오스, 하이드로제네이티드스타치하이드롤리세이트, 시트릭애씨드, 라피노오스, 아데노신, 레시틴, 트라이소듐에틸렌다이아민다이석시네이트, 카프릴릴글라이콜, 사카라이드아이소머레이트, 폴리쿼터늄-51, 말라카이트추출물, 알지닌, 소듐디엔에이, 갈랑가갈랑갈추출물, 바이오사카라이드검-1, 사이아노코발아민, 토코페롤, 카프릴릭/카프릭트라이글리세라이드, 하이드로제네이티드레시틴, 하이드롤라이즈드하이알루로닉애씨드(0.100052ppm) 하이드롤라이즈드소듐하이알루로네이트(0.1ppm), 수크로오스라우레이트, 소듐스테아로일글루타메이트, 암모늄아크릴로일다이메틸타우레이트/브이피코폴리머, 글라이신, 세린, 히스티딘, 돌콩추출물, 라이소레시틴, 플로레틴, 테트라하이드로피페린, 다이메틸아이소소바이드, 소듐하이알루로네이트크로스폴리머(2.08ppb), 벤질글라이콜, 하이드롤라이즈드글라이코사미노글리칸, 올레일알코올, 베타-글루칸, 하이드록시프로필트라이모늄하이알루로네이트(0.012ppb), 하이알루로닉애씨드(0.001ppb), 소듐아세틸레이티드하이알루로네이트(0.0002ppb)

[웰라쥬 리얼 히알루로닉 원데이 키트]
1)웰라쥬 리얼 에이치에이 하이드레이트 캡슐
소듐하이알루로네이트(90.95%), 알진, 하이드록시프로필사이클로덱스트린

2)웰라쥬 리얼 에이치에이 하이드레이트 솔루션
정제수, 프로판다이올, 다이프로필렌글라이콜, 메틸프로판다이올, 글리세린, 글리세레스-26, 1,2-헥산다이올, 펜틸렌글라이콜, C12-14파레스-12, 소듐시트레이트, 인도멀구슬나무잎추출물, 인도멀구슬나무꽃추출물, 에틸헥실글리세린, 시트릭애씨드, 아데노신, 아이비고드열매추출물, 다이소듐이디티에이, 라벤더오일, 소듐하이알루로네이트(100ppm), 가지열매추출물, 알로에베라꽃추출물, 카프릴릭/카프릭트라이글리세라이드, 홀리바질잎추출물, 글라이코실트레할로오스, 멕시칸치아씨추출물, 병풀추출물, 약모밀추출물, 울금뿌리추출물, 참산호말추출물, 아세틸글루타민, 하이드로제네이티드레시틴, 소듐스테아로일글루타메이트, 수크로오스라우레이트, 세린, 글라이신, 알지닌, 히스티딘, 소듐피씨에이, 올레익애씨드, 리솔레시틴, 토코페롤, 세라마이드엔피, 벤질글라이콜, 하이드롤라이즈드글라이코사미노글리칸(28ppb), 소듐하이알루로네이트크로스폴리머(5ppb), 하이드롤라이즈드하이알루로닉애씨드(2.6ppb), 하이드록시프로필트라이모늄하이알루로네이트(0.6ppb), 하이알루로닉애씨드(0.05ppb), 소듐아세틸레이티드하이알루로네이트(0.01ppb), 리날룰"
"A000000214675","[EGF최대함량/1등진정앰플] 클레어스 블루 유스 액티베이팅 드롭 50ml","디어클레어스","50.0","50.0","ml","52500","39000","7800.0","정제수, 부틸렌글라이콜, 에스에이치-올리 고펩타이드-1, 에스에이치-폴리펩타이드-1, 로우스 위트블루베리추출물, 레시틴, 솔비탄세스퀴올리에이 트, 1,2-헥산다이올, 카프릴릴글라이콜, 피이지-60 하이드로제네이티드캐스터오일, 글리세린, 클로페네 신, 구아이아줄렌, 에틸헥실글리세린, 아데노신"
"A000000188206","[노화케어] 디오디너리 멀티-펩타이드 + 카퍼 펩타이즈 1% 세럼 30ml","디오디너리","30.0","30.0","ml","","48600","16200.0","정제수, 글리세린, 락토코쿠스발효용해물, 카퍼트라이펩타이드-1(1％), 아세틸헥사펩타이드-8, 펜타펩타이드-18, 팔미토일트라이펩타이드-1, 팔미토일테트라펩타이드-7, 팔미토일트라이펩타이드-38, 다이펩타이드다이아미노부티로일벤질아마이드다이아세테이트, 아세틸알지닐트립토필다이페닐글라이신, 소듐하이알루로네이트크로스폴리머, 소듐하이알루로네이트, 알란토인, 글라이신, 알라닌, 세린, 발린, 아이소류신, 프롤린, 트레오닌, 히스티딘, 페닐알라닌, 알지닌, 아스파틱애씨드, 트레할로오스, 프룩토오스, 글루코오스, 말토스, 우레아, 소듐피씨에이, 피씨에이, 소듐락테이트, 시트릭애씨드, 하이드록시프로필사이클로덱스트린, 소듐클로라이드, 소듐하이드록하이드, 부틸렌글라이콜, 펜틸렌글라이콜, 아라비아고무나무검, 잔탄검, 카보머, 폴리솔베이트20, 다이메팉아이소소바이드, 소듐벤조에이트, 카프릴릴글라이콜, 에틸헥실글리세린, 페녹시에탄올, 클로페네신"
"A000000255852","[1+1/속보습 진정세럼] 레이어랩 니오좀 판테놀 5% 세럼 30ml+30ml 더블 기획","레이어랩","30.0","60.0","ml","52000","37900","6316.7","미네랄워터(44.6%), 글리세린, 부틸렌글라이콜, 정제수, 판테놀(5%), 나이아신아마이드(4%), 다이프로필렌글라이콜, 1,2-헥산다이올, 알로에베라잎추출물, 베타-시토스테롤, 세라마이드엔피, 콜레스테롤, 알란토인, 피토스핑고신, 베타-글루칸, 마데카소사이드, 아시아티코사이드, 아시아틱애씨드, 마데카식애씨드, 스쿠알란, 시어버터, 카프릴릭/카프릭트라이글리세라이드, 하이드로제네이티드레시틴, 솔비톨, 올리브오일, 암모늄아크릴로일다이메틸타우레이트/브이피코폴리머, 폴리그리세릴-10라우레이트, 카보머, 하이드록시아세토페논, 트로메타민, 락토바실러스발효물, 글리세릴아크릴레이트/아크릴릭애씨드코폴리머, 에틸헥실글리세린, 잔탄검, 아데노신, 다이소듐이디티에이, 세테아릴올리베이트, 솔비탄올리베이트, 호호바씨오일, 폴리그리세릴-10스테아레이트"
"A000000206547","[반쪽모공/리필기획] 한율 보들은행잎 모공핏 세럼 기획 40ml 기획","한율","40.0","40.0","ml","39000","31200","7800.0","정제수, 나이아신아마이드, 글리세린, 베타인, 글루코노락톤, 부틸렌글라이콜, 다이프로필렌글라이콜, 시트릭
애씨드, 다이메틸아이소소바이드, 트로메타민, 카페인, 다이에톡시에틸석시네이트, 살리실릭애씨드, 폴리글리세릴
-10라우레이트, 1,2-헥산다이올, 펙틴, 피피지-13-데실테트라데세스-24, 향료, 에틸헥실글리세린, 타우린, 소듐
메타포스페이트, 아데노신, 카프릴릴글라이콜, 칼슘클로라이드, 락토바실러스발효물, 황련뿌리추출물, 은행나무잎
추출물(40ppm), 아세틸테트라펩타이드-2, 토코페롤, 풀루란, 제인"
"A000000259297","아비브 히알루로닉 붐 세럼 워터드롭 50ml 더블 기획","아비브","50.0","100.0","ml","48000","26400","2640.0","정제수, 1,2-헥산다이올, 네오펜틸글라이콜다이카프레이트, 카프릴릭/카프릭트라이글리세라이드, 베헤닐알코올, 카보머, 트로메타민, 소듐하이알루로네이트(1,240 ppm), 글리세린, 부틸렌글라이콜, 에틸헥실글리세린, 아라비아고무나무검, 덱스트린, 잔탄검, 글리세릴글루코사이드, 치자추출물, 백미꽃추출물, 베타-글루칸, 하이알루로닉애씨드/폴리아이소프로필아크릴아마이드코폴리머(20 ppm), 접시꽃추출물, 글루코오스, 아세틸글루코사민, 엑토인, 판테놀, 토코페롤, 하이드로제네이티드레시틴, 세라마이드엔피, 수용성콜라겐, 자일로글루칸"
"A000000192699","메디힐 비타민씨 브라이트닝 세럼 40ml","메디힐","40.0","40.0","ml","22000","14600","3650.0","정제수, 글리세린, 부틸렌글라이콜, 베타인, 나이아신아마이드(30,000 ppm), 1,2-헥산다이올, 메틸프로판다이올, 인도멀구슬나무꽃추출물, 홀리바질잎추출물, 인도멀구슬나무잎추출물, 울금뿌리추출물, 참산호말추출물, 소듐하이알루로네이트, 하이드롤라이즈드하이알루로닉애씨드, 카카오추출물, 하이알루로닉애씨드, 판테놀(5,000 ppm), 폴리글리세릴-10라우레이트, 하이드로제네이티드레시틴, 암모늄아크릴로일다이메틸타우레이트/브이피코폴리머, 트로메타민, 카프릴릭/카프릭트라이글리세라이드, 에틸헥실글리세린, 프로판다이올, 아데노신, 소듐하이알루로네이트크로스폴리머, 토코페롤(200 ppm), 폴리글리세릴-10올리에이트, 하이드롤라이즈드글라이코사미노글리칸, 3-O-에틸아스코빅애씨드(100 ppm), 소듐파이테이트, 아스코빅애씨드(50 ppm), 세라마이드엔피, 벤질글라이콜, 베타-글루칸, 덱스트린, 카프릴로일살리실릭애씨드, 글루코노락톤, 카보머, 잔탄검, 향료"
"A000000242719","[탄력콜라겐UP/1+1] 차앤박 더마앤서 액티브 부스트 PDRN 앰플 30ml 더블기획","차앤박","30.0","60.0","ml","45000","25900","4316.7","정제수, 글리세린, 다이프로필렌글라이콜, 피이지/피피지/폴리부틸렌글라이콜-8/5/3글리세린, 나이아신아마이드, 비스-피이지-18메틸에터다이메틸실레인, 부틸렌글라이콜, 1,2-헥산다이올, 피이지-7글리세릴코코에이트, 다이메티콘, 베타인, 호호바왁스피이지-120에스터, 메틸프로판다이올, 판테놀, 피이지/피피지-17/6코폴리머, 소듐디엔에이, 락토바실러스발효용해물, 폴리메틸실세스퀴옥세인, 트라이에틸헥사노인, 소듐아크릴레이트/비닐알코올코폴리머, 하이드로제네이티드레시틴, 소듐폴리아크릴레이트, 락토바실러스/콩발효추출물, 아이리쉬모스추출물, 세라마이드엔피, 아크릴레이트/C10-30알킬아크릴레이트크로스폴리머, C14-22알코올, 스쿠알란, 트로메타민, 효모/감자추출물발효여과물, 소듐아크릴릭애씨드/엠에이코폴리머, 효모/보리씨발효여과물, 수크로오스스테아레이트, 로즈마리잎오일, C18-21알케인, 마카다미아씨오일, 폴리글리세릴-10스테아레이트, 스테아릭애씨드, 폴리글리세릴-10올리에이트, 글리세릴아크릴레이트/아크릴릭애씨드코폴리머, 아데노신, 아라키딜글루코사이드, 시어버터, 토코페롤, 팔미틱애씨드, 클레리오일, 소듐하이알루로네이트, 트라이소듐이디티에이, 돌콩오일, 트라이데세스-6, 콜레스테롤, 글리세릴스테아레이트, 트록세루틴, 베타-글루칸, 카보머, 피이지-100스테아레이트, 알지닌, 글루타믹애씨드, 멕시칸주니퍼오일, 글라이코스핑고리피드, 리날룰, 리모넨"
"A000000149966","[중강도] 디오디너리 레티놀 0.5% 인 스쿠알란 30ml","디오디너리","30.0","30.0","ml","","14200","4733.3","스쿠알란,카프릴릭/카프릭트라이글리세라이드,호호바씨오일,레티놀(0.5%),토마추출물,로즈마리잎추출물,하이드록시메톡시페닐데카논,비에이치티"
"A000000224023","[모공/탄력/결] 셀리맥스 더 비타 A 레티놀 샷 타이트닝 세럼 30ml","셀리맥스","30.0","30.0","ml","32000","25100","8366.7","정제수, 메틸프로판다이올, 글리세린, 1,2-헥산다이올, 카프릴릭/카프릭트라이글리세라이드, 판테놀, 폴리프로필실세스퀴옥세인, C14-22알코올, 글리세릴스테아레이트, 암모늄아크릴로일다이메틸타우레이트/브이피코폴리머, 하이드롤라이즈드해면, 해바라기씨오일, 아크릴레이트/C10-30알킬아크릴레이트크로스폴리머, 토코페롤, 레티놀(0.1%), 알란토인, 알지닌, 운데케인, 잔탄검, 에틸헥실글리세린, C12-20알킬글루코사이드, 라우릴글루코사이드, 폴리글리세릴-6라우레이트, 아데노신, 트라이데케인, 다이소듐이디티에이, 당근추출물, 미리스틸글루코사이드, 글리세릴아크릴레이트/아크릴릭애씨드코폴리머, 피브이엠/엠에이코폴리머, 부틸렌글라이콜, 베타-카로틴, 글루코오스, 트라이펩타이드-1, 팔미토일트라이펩타이드-1, 노나펩타이드-1, 헥사펩타이드-9, 다이펩타이드-2, 카퍼트라이펩타이드-1, 아세틸테트라펩타이드-5, 아세틸헥사펩타이드-8, 팔미토일펜타펩타이드-4"
"A000000242720","[보습광채/화잘먹앰플] 차앤박 프로폴리스 에너지 액티브 앰플 30ml 2입 기획 (+15ml)","차앤박","30.0","45.0","ml","52000","28900","6422.2","정제수, 부틸렌글라이콜, 글리세린, 1,2-헥산다이올, 폴리솔베이트20, 도둑놈의지팡이뿌리추출물 , 띠뿌리추출물, 하이드록시에틸셀룰로오스, 프로폴리스추출물(1932ppm), 알지닌, 카보머, 알란토인, 마데카소사이드, 더덕뿌리추출물, 무화과추출물, 레몬밤잎추출물, 석류추출물, 펜틸렌글라이콜, 소듐하이알루로네이트, 다이소듐이디티에이, 센티드제라늄꽃오일, 베타-글루칸, 카프릴릴글라이콜, 소듐시트레이트, 하이드록시페닐프로파미도벤조익애씨드, 꿀추출물, 소듐락테이트, 다이소듐포스페이트, 폴리솔베이트60, 아크릴레이트/C10-30알킬아크릴레이트크로스폴리머, 시트릭애씨드, 소듐포스페이트,아스코빌팔미테이트, 바이오틴, 팔미토일트라이펩타이드-1, 팔미토일테트라펩타이드-7, 시트로넬올, 제라니올"
"A000000258743","[양의지PICK/담곰이 에디션] 더마토리 히알샷 베리어 앰플 비5 50ml 리필기획 (+50ml 리필 + 지갑 파우치)","더마토리","50.0","100.0","ml","35000","24500","2450.0","정제수, 글리세레스-26, 부틸렌글라이콜, 1,2-헥산다이올, 나이아신아마이드, 글리세린, 다이에톡시에틸석시네이트, 프로판다이올, 다시마추출물, 한련초잎추출물, 카바카바잎/뿌리/줄기추출물, 병풀추출물, 인삼열매추출물, 소듐하이알루로네이트(2,400ppm), 하이드로제네이티드레시틴, 락토바실러스발효물(9,790ppm), 하이드록시에틸우레아, 암모늄아크릴로일다이메틸타우레이트/브이피코폴리머, 다이프로필렌글라이콜, 베타인, 옥틸도데세스-16, 메틸프로판다이올, 잔탄검, 판테놀(1,000ppm), 에틸헥실글리세린, 아데노신, 카보머, 프룩토올리고사카라이드, 베타-글루칸, 다이소듐이디티에이, 알란토인, 트로메타민, 폴리쿼터늄-51, 하이드롤라이즈드하이알루로닉애씨드(60,000ppb), 하이드롤라이즈드소듐하이알루로네이트(10,000ppb), 토코페롤, 스쿠알란, 향료"
"A000000261847","[NEW/집중케어]브링그린 징크테카 트러블 스팟젤 15ml","브링그린","15.0","15.0","ml","9800","7600","5066.7","정제수, 글리세린, 다이프로필렌글라이콜, 실리카, 에톡시다이글라이콜, 1,2-헥산다이올, 나이아신아마이드, 트로메타민, 카보머, 판테놀,글라이콜릭애씨드, 옥틸도데칸올, 아시아티코사이드#(2,000ppm), 살리실릭애씨드, 하이드로제네이티드레시틴, 글라이코리피드, 마데카식애씨드#(1,500ppm), 아시아틱애씨드#(1,500ppm), 에틸헥실글리세린, C12-13알케스-9, 부틸렌글라이콜, 병풀추출물, 무화과추출물, 락토코쿠스발효용해물, 세라마이드엔피, 징크피씨에이#(10ppm), 프룩토올리고사카라이드,향부자추출물, 소듐클로라이드, 마카다미아씨오일, 피토스핑고신, 참마뿌리추출물, 몰로키아잎추출물, 연꽃뿌리추출물, 오크라열매추출물, 신선초추출물"
"A000000258824","[짱구 콜라보] 일소 펩타이드 3엑스 모공톡스 탄력 앰플 30ml 기획 (+맥세이프 카드지갑)","일소","30.0","30.0","ml","28000","19900","6633.3","정제수, 부틸렌글라이콜, 글리세린, 나이아신아마이드, 프로판다이올, 1,2-헥산다이올, 팔미토일트라이펩타이드-5, 헥사펩타이드-9, 올리고펩타이드-1, 에스알-(올리고펩타이드-91클로스트리듐보툴리눔폴리펩타이드-1), 소듐하이알루로네이트, 소듐디엔에이, 말라카이트추출물, 효모발효여과물, 아크릴레이트/C10-30알킬아크릴레이트크로스폴리머, 트로메타민, 폴리아크릴레이트크로스폴리머-6, 에리스리톨, 카프릴릭/카프릭트라이글리세라이드, 에틸헥실글리세린, 아데노신, 글리세릴폴리아크릴레이트, 하이드로제네이티드레시틴, 소듐파이테이트, 세라마이드엔피, 베타-글루칸, 다발방패버섯추출물, 토코페롤, 레시틴, 폴리솔베이트20, 소듐아스코빌포스페이트, 글라이신, 알지닌, 글루타믹애씨드, 다이소듐이디티에이, 아이리쉬모스가루, 울트라마린 (CI 77007), 티타늄디옥사이드 (CI 77891), 흑색산화철 (CI 77499), 아가"
"A000000189171","[모공컨트롤샷]폴라초이스 10% 나이아신아마이드 부스터 앰플 20ml 기획(+각질제거제 30ml 증정)","폴라초이스","20.0","50.0","ml","77000","55440","11088.0","[본품] 정제수, 나이아신아마이드(10%), 아세틸글루코사민, 아스코빌글루코사이드, 부틸렌글라이콜, 포스포리피드, 소듐하이알루로네이트, 알란토인, 레드호그위드뿌리추출물, 글리세린, 다이포타슘글리시리제이트, 스페인감초뿌리추출물, 에피갈로카테킨갈레이트, 베타-글루칸, 판테놀, 카르노신, 제니스테인, 시트릭애씨드, 소듐시트레이트, 소듐하이드록사이드, 잔탄검, 에틸헥실글리세린, 폴리솔베이트20, 트라이소듐에틸렌다이아민다이석시네이트, 펜틸렌글라이콜, 카프릴릴글라이콜, 페녹시에탄올​
[증정품] 정제수, 프로필렌글라이콜, 나이아신아마이드, 펜틸렌글라이콜, 글리세린, 살리실릭애씨드(0.5%), 흰버드나무껍질추출물(0.5%), 피이지/피피지-17/6코폴리머, 폴리솔베이트20, 비스-피이지-18메틸에터다이메틸실레인, 소듐파이테이트, 10-하이드록시데카노익애씨드, 알란토인, 다이포타슘글리시리제이트, 카프릴릴글라이콜, 페녹시에탄올, 클로페네신, 소듐하이드록사이드, 1,2-헥산다이올, 소듐하이알루로네이트, 비에이치티​"
"A000000222797","[흔적케어] 코스알엑스 더 알파 - 알부틴 세럼 50ml (펩타이드세럼 30ml증정)","코스알엑스","50.0","80.0","ml","23000","19500","2437.5","정제수, 프로판다이올, 글리세린, 나이아신아마이드, 트라넥사믹애씨드, 아세틸글루코사민, 알파-알부틴(2%), 1,2-헥산다이올, 다이메티콘, 다이메틸아이소소바이드, 다이에톡시에틸석시네이트, 부틸렌글라이콜, 시트릭애씨드, 에탄올, 소듐폴리아크릴로일다이메틸타우레이트, 하이드로제네이티드레시틴, 잔탄검, 소듐메타바이설파이트, 다이소듐이디티에이, 에틸헥실글리세린, 덱스트린, 카카오추출물, 소듐시트레이트, 마데카소사이드, 소듐메틸스테아로일타우레이트, 소듐하이알루로네이트, 토코페롤, 하이드롤라이즈드하이알루로닉애씨드, 소듐하이알루로네이트크로스폴리머, 하이알루로닉애씨드, 페룰릭애씨드, 스페인감초뿌리추출물, 판테놀, 알지닌, 메틸트라이메티콘, 알란토인, 글루타티온, 소듐아세틸레이티드하이알루로네이트"
"A000000219274","[리뉴얼] 유세린 하이알루론 부스팅 에센스 100ml","유세린","100.0","100.0","ml","52000","38900","3890.0","정제수, 부틸렌글라이콜, 변성알코올, 글리세린, 글리세릴글루코사이드, 판테놀, 피이지-40하이드로제네이티드캐스터오일, 카르니틴, 페녹시에탄올, 1,2-헥산다이올, 하이드록시아세토페논, 향료, 해바라기씨오일, 토코페롤, 소듐하이알루로네이트(0.12%), 가르시니아열매추출물, 엑토인, 3-O-에틸아스코빅애씨드, 아이소부틸아미도티아졸릴레조시놀, 트라이소듐에틸렌다이아민다이석시네이트, 시트릭애씨드, 소듐시트레이트"
"A000000229220","랑콤 제니피끄 세럼 50ml 단품/리필","랑콤","50.0","50.0","ml","200000","159360","31872.0","정제수 비피다발효용해물 글리세린 펜틸렌글라이콜 다이메티콘 부틸렌글라이콜 옥틸도데칸올 만노오스 소듐하이알루로네이트 하이드록시아세토페논 카프릴릴글라이콜 암모늄폴리아크릴로일다이메틸타우레이트 알파-글루칸올리고사카라이드 다이포타슘글리시리제이트 테트라소듐글루타메이트다이아세테이트 효모추출물 소듐카복시메틸베타-글루칸 아데노신 잔탄검 야콘뿌리즙 소듐벤조에이트 말토덱스트린 시트릭애씨드 아세틱애씨드 락틱애씨드 향료 살리실로일피토스핑고신 락토바실러스"
"A000000226086","바이오더마 하이드라비오 에센스로션 200ml 기획(+안개분사 미스트 증정)","바이오더마","200.0","200.0","ml","","38000","1900.0","정제수, 메틸프로판다이올, 나이아신아마이드, 피피지-26-부테스-26, 피이지-40하이드로제네이티드캐스터오일, 소듐피씨에이, 다이소듐이디티에이, 살리실릭애씨드, 하이드록시에틸셀룰로오스, 만니톨, 소듐시트레이트, 토코페릴아세테이트, 자일리톨, 헥실데칸올, 세트리모늄브로마이드, 향료, 벤조트라이아졸릴도데실p-크레솔, 람노오스, 소듐하이드록사이드, 사과씨추출물, 유채스테롤, 토코페롤"
"A000000219108","[수쫀광/화잘먹 위시앰플] 나인위시스 하이드라 수분 앰플 나노 플러스 50ml 리필 기획 (+50ml 리필)","나인위시스","50.0","100.0","ml","","24500","2450.0","코코넛워터, 부틸렌글라이콜, 다이프로필렌글라이콜, 글리세린, 1,2-헥산다이올, 정제수, 베타인, 카보머, 알지닌, 암모늄아크릴로일다이메틸타우레이트/브이피코폴리머, 잔탄검, 에틸헥실글리세린, 드럼스틱씨추출물, 다이소듐이디티에이, 다이포타슘글리시리제이트, 풀루란, 프룩토올리고사카라이드, 소듐하이알루로네이트, 베타-글루칸, 말토덱스트린, 하이드롤라이즈드소듐하이알루로네이트, 매스틱검, 글리세릴글루코사이드, 글라이신, 글루타믹애씨드, 류신, 메티오닌, 발린, 세린, 아스파틱애씨드, 아이소류신, 알라닌, 오르니틴, 타우린, 페닐알라닌, 프롤린, 히스티딘, 병풀추출물, 하이드로제네이티드레시틴, 소듐하이알루로네이트크로스폴리머, 포타슘하이알루로네이트, 하이드록시프로필트라이모늄하이알루로네이트, 하이드롤라이즈드하이알루로닉애씨드, 하이알루로닉애씨드, 락토바실러스발효물, 마데카식애씨드, 아시아티코사이드, 아시아틱애씨드, 카프릴릭/카프릭트라이글리세라이드, 펜틸렌글라이콜, 소듐아세틸레이티드하이알루로네이트"
"A000000218340","프리메라 오가니언스 워터리 에센스 250ml+150ml 리필기획/단품","프리메라","250.0","400.0","ml","34000","23800","595.0","정제수, 프로판다이올, 부틸렌글라이콜, 글리세린, 1,2-헥산다이올, 피피지-13-데실테트라데세스-24, 다이소듐이디티에이, 에틸헥실글리세린, 덱스트린, 카카오추출물, 에탄올, 하이알루로닉애씨드, 황금추출물, 약모밀추출물, 글루코노락톤, 사철쑥추출물, 토코페롤"
"A000000203876","[1등 모공앰플] 디마르3 시그니처 에스투드 프로텍터 모공 앰플 30ml","디마르3","30.0","30.0","ml","35000","19900","6633.3","정제수, 글리세린, 메틸프로판다이올, 부틸렌글라이콜, 글리세레스-26, 1,2-헥산다이올, 나이아신아마이드, 베타인, 에탄올, 트레할로오스, 병풀추출물, 무화과추출물, 소엽맥문동뿌리추출물, 노티드랙추출물, 엘더꽃추출물, 월귤잎추출물, 오레가노잎추출물, 편백잎추출물, 흰버드나무껍질추출물, 에델바이스꽃/잎추출물, 락토바실러스/콩발효추출물, 쇠비름추출물, 육계나무껍질추출물, 황금추출물, 당아욱꽃/잎/줄기추출물, 레이디스맨틀꽃/잎/줄기추출물, 페루기네움철쭉추출물, 레몬밤잎추출물, 페퍼민트잎추출물, 서양톱풀꽃/잎/줄기추출물, 스피드웰꽃/잎/줄기추출물, 카우슬립꽃추출물, 하이드로제네이티드레시틴, 소듐하이알루로네이트, 폴리글리세릴-10라우레이트, 판테놀, 카보머, 트로메타민, 셀룰로오스검, 글리세릴폴리메타크릴레이트, 아데노신, 다이소듐이디티에이, 카라멜, 세라마이드엔피, 프로필렌글라이콜, 말토덱스트린, 아라비아고무나무검, 시트릭애씨드, 화산재, 토코페롤, 다이소듐포스페이트, 피토스핑고신, 향료, 펜틸렌글라이콜, 카프릴릴글라이콜, 에틸헥실글리세린, 소듐벤조에이트, 포타슘솔베이트, 리날룰"
"A000000184133","[트러블세럼] 에스트라 테라크네365 액티브 세럼 30ml","에스트라","30.0","30.0","ml","42000","35700","11900.0","정제수, 부틸렌글라이콜, 글리세린, 변성알코올, 나이아신아마이드, 1,2-헥산다이올, 실리카, 다이에톡시에틸석시네이트, 해바라기씨오일, 하이드록시에틸아크릴레이트/소듐아크릴로일다이메틸타우레이트코폴리머, 암모늄아크릴로일다이메틸타우레이트/브이피코폴리머, 트로메타민, 살리실릭애씨드, 잔탄검, 다이포타슘글리시리제이트, 글리세릴카프릴레이트, 락틱애씨드, 다이소듐이디티에이, 멘톡시프로판다이올, 에틸헥실글리세린, 솔비탄아이소스테아레이트, 화이트루핀씨추출물, 시트릭애씨드, 징크클로라이드, 징크피씨에이, 글라이콜릭애씨드, 아시아티코사이드, 초피나무열매오일, 마데카식애씨드, 아시아틱애씨드, 토코페롤"
"A000000208860","[증정기획/장벽강화세럼] 퍼셀 20억/mL 픽셀바이옴 유산균 원액 20ml 기획 (+7ml)","퍼셀","20.0","27.0","ml","","28000","10370.4","비피다발효용해물(45%), 락토바실러스발효용해물(45%), 부틸렌글라이콜, 1,2-헥산다이올, 에틸헥실글리세린"
"A000000242563","[산리오 콜라보/물광리프팅]성분에디터 실크펩타이드 EGF 하트핏 볼륨 리프팅 앰플 40ml 더블기획 (+산리오 파우치)","성분에디터","40.0","80.0","ml","43000","22900","2862.5","전성분 실크수(69.9%), 부틸렌글라이콜, 정제수, 글리세린, 메틸프로판다이올,1,2-헥산다이올, 나이아신아마이드, 카보머, 트로메타민, 피피지-13-데실테트라데세스-24, 프로판다이올, 아데노신, 아이리쉬모스가루,아가, 하이드록시에틸셀룰로오스, 다이소듐이디티에이, 아크릴레이트/C10-30알킬아크릴레이트크로스폴리머, 합성플루오르플로고파이트, 돌콩펩타이드(100 ppm), 베타인, 판테놀,티타늄디옥사이드, 적색산화철, 마이카, 젤란검, 마그네슘아스코빌포스페이트,병풀추출물, 하이드롤라이즈드콜라겐, 약모밀추출물, 틴옥사이드, 에틸헥실글리세린, 스쿠알란, 하이드로제네이티드폴리아이소부텐, 벤질글라이콜, 레시틴, 하이드롤라이즈드글라이코사미노글리칸, 소듐하이알루로네이트, 카프릴릴글라이콜, 하이드로제네이티드레시틴, 에스에이치-폴리펩타이드-121(204 ppb), 카프릴릭/카프릭트라이글리세라이드, 소듐팔미토일사코시네이트, 토코페롤, 카페오일헥사펩타이드-65(104 ppb),소듐하이알루로네이트크로스폴리머, 아세틸글루타민, 헵타소듐헥사카복시메틸다이펩타이드-12(54 ppb), 하이드롤라이즈드하이알루로닉애씨드, 바실러스/폴릭애씨드/돌콩발효추출물, 금, 소듐포스페이트, 콜라겐, 미리스토일펜타펩타이드-17(14 ppb), 미리스토일펜타펩타이드-4(14 ppb), 에스에이치-폴리펩타이드-123(14 ppb), 하이드록시프로필트라이모늄하이알루로네이트, 덱스트란, 벤조익애씨드, 소듐벤조에이트, 하이드롤라이즈드엘라스틴, 팔미토일펜타펩타이드-5(9 ppb), 아세틸테트라펩타이드-3(7ppb), 카퍼트라이펩타이드-1(6 ppb), 팔미토일펜타펩타이드-4(5 ppb), 아세틸헥사펩타이드-8(5 ppb), 팔미토일테트라펩타이드-7(4 ppb), 에스에이치-데카펩타이드-7(4 ppb), 에스에이치-옥타펩타이드-4(4 ppb), 에스에이치-올리고펩타이드-9(4 ppb), 에스에이치-펜타펩타이드-19(4 ppb), 팔미토일트라이펩타이드-1(4 ppb), 트라이펩타이드-32(4 ppb), 에스알-(올리고펩타이드-91클로스트리듐보툴리눔폴리펩타이드-1)(4 ppb), 에스에이치-올리고펩타이드-1(4 ppb), 에스에이치-폴리펩타이드-1(4 ppb), 에스에이치-올리고펩타이드-2(4 ppb), 에스에이치-폴리펩타이드-11(4 ppb), 에스에이치-폴리펩타이드-9(4 ppb), 에스에이치-폴리펩타이드-16(4 ppb), 에스에이치-폴리펩타이드-22(4 ppb), 에스에이치-폴리펩타이드-3(4 ppb), 에스에이치-폴리펩타이드-19(4ppb), 에스에이치-폴리펩타이드-62(4 ppb), 붉은토끼풀꽃추출물, 하이알루로닉애씨드, 지모뿌리추출물, 소듐아세틸레이티드하이알루로네이트"
"A000000258445","[대용량/장벽강화세럼] 퍼셀 20억/mL 픽셀바이옴 원액 55ml","퍼셀","55.0","55.0","ml","59000","47200","8581.8","비피다발효용해물(45%), 락토바실러스발효용해물(45%), 부틸렌글라이콜, 1,2-헥산다이올, 에틸헥실글리세린"
"A000000250253","[대용량/흔적리셋] 아이소이 브라이트닝 카밍 스팟 세럼 35ml 리필 기획(+35ml)","아이소이","35.0","70.0","ml","37500","22500","3214.3","정제수, 다마스크장미꽃수, 병풀잎수, 글리세린, 부틸렌글라이콜, 나이아신아마이드, 베타인, 판테놀, 알란토인, 알지닌, 카보머, 포트마리골드꽃추출물, 황금추출물, 모란뿌리추출물, 스페인감초뿌리추출물, 마데카소사이드, 로즈마리잎오일, 글루타티온, 다마스크장미꽃추출물, 1,2-헥산다이올"
"A000000166013","[모공결데일리앰플] 라로슈포제 에빠끌라 울트라 컨센트레이티드 세럼 30ml","라로슈포제","30.0","30.0","ml","51000","45900","15300.0","정제수 변성알코올 글리세린 프로판다이올 나이아신아마이드 락틱애씨드 하이드록시에틸피페라진에탄설포닉애씨드 하이드록시아세토페논 소듐하이드록사이드 하이드록시프로필구아 살리실릭애씨드 파이틱애씨드"
"A000000166599","[장벽부스터/더블기획] 마녀공장 비피다 바이옴 콤플렉스 앰플 30ml 2입 기획","마녀공장","30.0","60.0","ml","43000","26900","4483.3","정제수, 부틸렌글라이콜, 비피다발효용해물(3%), 글리세린, 나이아신아마이드, 1,2-헥산다이올, 펜틸렌글라이콜, 스쿠알란, 폴리글리세릴-10라우레이트, 비피다발효여과물(2,046ppm), 락토바실러스발효용해물, 락토코쿠스발효용해물, 효모발효여과물, 카보머, 하이드로제네이티드레시틴, 트로메타민, 잔탄검, 프로판다이올, 에틸헥실글리세린, 아데노신, 덱스트린, 카카오씨추출물, 소듐하이알루로네이트, 소듐파이테이트, 락토바실러스/호박열매발효여과물, 쿠티박테리움 그라눌로숨발효추출여과물(5ppm), 카페인, 에델바이스캘러스배양추출물, 꽈리꽃받침추출물, 하이드롤라이즈드알진, 흑효모발효물, 에피갈로카테킨갈레이트, 벤질글라이콜, 하이드롤라이즈드글라이코사미노글리칸, 아시아티코사이드, 아시아틱애씨드, 마데카식애씨드, 하이드록시프로필트라이모늄하이알루로네이트, 소듐하이알루로네이트크로스폴리머, 하이드롤라이즈드하이알루로닉애씨드, 소듐아세틸레이티드하이알루로네이트, 하이알루로닉애씨드, 카퍼트라이펩타이드-1, 하이드롤라이즈드소듐하이알루로네이트, 아세틸헥사펩타이드-8, 포타슘하이알루로네이트"
"A000000184064","[파격한정구성] 넘버즈인 5번 글루타치온C 흔적 앰플 30ml 기획(+패드 6매 증정)","넘버즈인","30.0","30.0","ml","28000","18500","6166.7","정제수, 부틸렌글라이콜, 나이아신아마이드(50,000 ppm), 판테놀(50,000 ppm), 트라넥사믹애씨드(40,000 ppm), 1,2-헥산다이올, 네오펜틸글라이콜다이카프레이트, 카프릴릭/카프릭트라이글리세라이드, 솔비톨, 월귤추출물, 아이리쉬모스추출물, 시어버터, 사탕수수추출물, 알파-알부틴, 비피다발효용해물, 소듐하이알루로네이트, 인도멀구슬나무꽃추출물, 홀리바질잎추출물, 인도멀구슬나무잎추출물, 울금뿌리추출물, 참산호말추출물, 흰목이버섯추출물, 펜틸렌글라이콜, 글리세린, 3-O-에틸아스코빅애씨드(2,000 ppm), 비사보롤, 트로메타민, 에틸헥실글리세린, 아데노신, 하이드로제네이티드레시틴, 알란토인, 글루타티온(100 ppm), 세라마이드엔피, 베타-글루칸, 다이포타슘글리시리제이트, 토코페롤, 아스코빅애씨드(1 ppb), 아스코빌글루코사이드(1 ppb), 토코페릴아세테이트, 하이드록시프로필사이클로덱스트린, 유비퀴논, 티옥틱애씨드, 포타슘하이드록사이드, 베헤닐알코올, 카보머, 잔탄검, 다이소듐이디티에이"
"A000000229221","[7월올영픽/탄력밀도세럼] 랑콤 제니피끄 세럼 기획/단품 (20ml/30ml/50ml)","랑콤","20.0","100.0","ml","55000","44880","4488.0","정제수 비피다발효용해물 글리세린 펜틸렌글라이콜 다이메티콘 부틸렌글라이콜 옥틸도데칸올 만노오스 소듐하이알루로네이트 하이드록시아세토페논 카프릴릴글라이콜 암모늄폴리아크릴로일다이메틸타우레이트 알파-글루칸올리고사카라이드 다이포타슘글리시리제이트 테트라소듐글루타메이트다이아세테이트 효모추출물 소듐카복시메틸베타-글루칸 아데노신 잔탄검 야콘뿌리즙 소듐벤조에이트 말토덱스트린 시트릭애씨드 아세틱애씨드 락틱애씨드 향료 살리실로일피토스핑고신 락토바실러스"
"A000000210407","[유리숍PICK/단독기획] 폴라초이스 클리니컬 나이아신아마이드 20% 트리트먼트 20ml (+바하리퀴드 30ml)","폴라초이스","20.0","50.0","ml","85000","68000","13600.0","정제수, 나이아신아마이드(20%), 펜틸렌글라이콜, 글리세린, 부틸렌글라이콜, 아세틸글루코사민, 아스코빌글루코사이드, 스페인감초뿌리추출물, 메도우스위트추출물, 쇠비름추출물, 동백나무꽃추출물, 에피갈로카테킨갈레이트, 레드호그위드뿌리추출물, 녹차추출물, 알란토인, 레시틴, 풀루란, 판테놀, 실리카, 잔탄검, 스클레로튬검, 프로판다이올, 소듐파이테이트, 소듐하이드록사이드, 에틸헥실글리세린, 페녹시에탄올"
"A000000231908","이지듀 DW-EGF 비타민C 부스팅 앰플25 13g 기획(+기미 크림*2매 증정)","이지듀","13.0","13.0","g(약 1ml 상당으로 근사)","39000","31900","24538.5","정제수, 아스코빅애씨드(230,000ppm), 프로판다이올, 다이프로필렌글라이콜, 메틸프로판다이올, 트로메타민, 에칠아스코빌에텔(20,000ppm), 1,2-헥산다이올, 소듐하이알루로네이트, 진흙버섯추출물, 솔비톨, 페룰릭애씨드, 글리세린, 콜레스-24, 글루코실루틴, 토코페롤, 판테놀, 폴리글리세릴-10올리에이트, 부틸렌글라이콜, 하이드로제네이티드레시틴, 에틸헥실글리세린, 알란토인, 다이포타슘글리시리제이트, 아데노신, 셀룰로오스검, 소듐파이테이트 카프릴릭/카프릭트라이글리세라이드 베타-글루칸, 소듐스테아로일글루타메이트, 소듐아스코빌포스페이트, 아스코빌글루코사이드, 글루타티온, 트라넥사믹애씨드, 에스에이치-올리고펩타이드-1(0.1ppm), 아스코빌테트라이소팔미테이트, 에탄올, 다이소듐이디티에이"
"A000000149970","[고강도] 디오디너리 레티놀 1% 인 스쿠알란 30ml","디오디너리","30.0","30.0","ml","","15000","5000.0","스쿠알란,카프릴릭/카프릭트라이글리세라이드,호호바씨오일,레티놀(1%),토마추출물,로즈마리잎추출물,하이드록시메톡시페닐데카논,비에이치티"
"A000000250104","이지듀 EGFx 다운타임 세럼 40ml 기획(+오인트 겔 5ml)","이지듀","40.0","45.0","ml","34000","24900","5533.3","스트렙토코쿠스 테르모필루스발효추출여과물, 프로판다이올, 글리세린, 정제수, 1,2-헥산다이올, 다이프로필렌글라이콜, 나이아신아마이드, 트레할로오스, 글리세릴폴리메타크릴레이트, 다이에톡시에틸석시네이트, 판테놀, 암모늄아크릴로일다이메틸타우레이트/브이피코폴리머, 카보머, 트로메타민, 잔탄검, 에틸헥실글리세린, 카프릴릭/카프릭트라이글리세라이드, 아데노신, 에탄올, 부틸렌글라이콜, 소듐하이알루로네이트, 폴리글리세릴-10올리에이트, 하이드로제네이티드레시틴, 베타-글루칸, 니코틴아마이드아데닌다이뉴클레오타이드, 니코틴아마이드모노뉴클레오타이드, 백미꽃추출물, 소듐스테아로일글루타메이트, 아데노신트라이포스페이트, 다이소듐이디티에이, 소듐아스코빌포스페이트, 접시꽃추출물, 엑토인, 에스에이치-올리고펩타이드-1(1ppm), 하이드롤라이즈드콜라겐, 소듐클로라이드, 라우로일라이신, 소듐락테이트, 토코페롤, 세라마이드엔피, 하이드롤라이즈드엘라스틴, 콜레스테롤, 하이드롤라이즈드하이알루로닉애씨드,스테아릭애씨드, 퀸즈랜드넛오일, 스쿠알란, 알루미늄수크로 오스옥타설페이트, 유채스테롤, 피토스테릴/베헤닐/옥틸도데실라우로일글루타메이트, 포타슘클로라이드, 칼슘클로라이드, 소듐서팩틴, 메틸글루카민, 셀룰로오스, 마그네슘클로라이드"
"A000000216511","[대용량+크림증정] 넘버즈인 1번 판토텐산 수딩세럼 80ml 기획 (+크림 15ml)","넘버즈인","80.0","95.0","ml","35000","24500","2578.9","[본품]
정제수,부틸렌글라이콜,나이아신아마이드,글리세린,다이프로필렌글라이콜,1,2-헥산다이올,판테놀,도둑놈의지팡이뿌리추출물,아크릴레이트/C10-30알킬아크릴레이트크로스폴리머,프로판다이올,다이에톡시에틸석시네이트,트로메타민,하이드로제네이티드레시틴,암모늄아크릴로일다이메틸타우레이트/브이피코폴리머,베타인,판토테닉애씨드,트레할로오스,에틸헥실글리세린,글리세릴올리에이트,소듐파이테이트,알란토인,알파-알부틴,약모밀추출물,라우릴글루코사이드,미리스틸글루코사이드,폴리글리세릴-6라우레이트,징크피씨에이,인도멀구슬나무잎추출물,토코페롤,감초뿌리추출물,인도멀구슬나무꽃추출물,아이비고드열매추출물,병풀추출물,소듐하이알루로네이트,시트릭애씨드,가지열매추출물,베타-글루칸,홀리바질잎추출물,하이알루로닉애씨드,데실글루코사이드,울금뿌리추출물,참산호말추출물,다이포타슘글리시리제이트,하이드롤라이즈드하이알루로닉애씨드,호호바씨오일,녹차추출물,병풀잎추출물,오카무라큰실말추출물,흰버드나무껍질추출물,소듐아세틸레이티드하이알루로네이트,커피콩추출물,베타-시토스테롤,폴리글리세릴-10스테아레이트,베르가모트잎추출물,소나무잎추출물

[증정]
정제수, 부틸렌글라이콜, 글리세린, 나이아신아마이드, 세틸에틸헥사노에이트, 다이카프릴릴카보네이트, 1,2-헥산다이올, 펜틸렌글라이콜, 비닐다이메티콘, 병풀추출물, 클로렐라 불가리스추출물, 도둑놈의지팡이뿌리추출물, 인도멀구슬나무잎추출물, 인도멀구슬나무꽃추출물, 아이비고드열매추출물, 홀리바질잎추출물, 울금뿌리추출물, 알로에베라꽃추출물, 가지열매추출물, 참산호말추출물, 녹차추출물, 병풀잎추출물, 오카무라큰실말추출물, 흰버드나무껍질추출물, 약모밀추출물, 커피콩추출물, 베르가모트잎추출물, 소나무잎추출물, 알파-알부틴, 아르간커넬오일, 참깨오일, 사발팜열매추출물, 스페인감초뿌리추출물, 카프릴릴메티콘, 에리스리톨, 판테놀, 하이드록시에틸아크릴레이트/소듐아크릴로일다이메틸타우레이트코폴리머, 다이메티콘올, 폴리메틸실세스퀴옥세인, 아크릴레이트/C10-30알킬아크릴레이트크로스폴리머, 글루코오스, 트로메타민, 실리카, 프룩토올리고사카라이드, 프룩토오스, 에틸헥실글리세린, 소듐파이테이트, 글리세릴아크릴레이트/아크릴릭애씨드코폴리머, 카프릴릭/카프릭트라이글리세라이드, 하이드로제네이티드레시틴, 토코페롤, 데실글루코사이드, 판토테닉애씨드, 폴리글리세릴-4카프레이트, 폴리글리세릴-6카프릴레이트, 징크피씨에이, 메틸다이아이소프로필프로피온아마이드, 베타-시토스테롤, 잔탄검"
"A000000260015","키엘 울트라 퓨어 세럼 30ml 2종 (나이아신아마이드/히알루로닉애씨드)","키엘","30.0","30.0","ml","49000","24260","8086.7","[울트라 퓨어 하이-포텐시 세럼 1.5% 히알루로닉애씨드] 정제수 글리세린 소듐하이알루로네이트 페녹시에탄올 클로페네신 테트라소듐글루타메이트다이아세테이트 시트릭애씨드 // [울트라 퓨어 하이-포텐시 세럼 5.0% 나이아신아마이드] 정제수 나이아신아마이드 글리세린 프로판다이올 메틸글루세스-20 하이드록시아세토페논 소듐하이알루로네이트 카프릴릴글라이콜 카보머 소듐하이드록사이드 // [울트라 퓨어 하이-포텐시 세럼 9.8% 글라이콜릭애씨드] 정제수 글라이콜릭애씨드 글리세린 변성알코올 소듐하이드록사이드 소듐하이알루로네이트 하이드록시에틸셀룰로오스"
"A000000159280","차앤박(CNP) 프로폴리스 트리트먼트 앰플 에센스 기획(150ml+50ml)","차앤박","150.0","200.0","ml","42000","30400","1520.0","정제수, 부틸렌글라이콜, 다이프로필렌글라이콜, 글리세레스-26, 1,2-헥산다이올, 메틸글루세스-20, 판테놀, 글리세린, 베타인, 도둑놈의지팡이뿌리추출물, 하이드로제네이티드레시틴, 피이지/피피지-17/6코폴리머, 수크로오스스테아레이트, 세테아릴알코올, 나이아신아마이드, 프로폴리스추출물(1000ppm), 세린, 콜레스테롤, 아크릴레이트/C10-30알킬아크릴레이트크로스폴리머, 트로메타민, 세라마이드엔피, 토코페롤, 폴리쿼터늄-51, 라우릴다이메티콘/폴리글리세린-3크로스폴리머, 폴리메틸실세스퀴옥세인, 하이드록시에틸셀룰로오스, 돌콩오일, 리놀레익애씨드, 팔미틱애씨드, 센티드제라늄꽃오일, 덱스트린, 카카오씨추출물, 황련뿌리추출물, 꿀추출물, 약모밀추출물, 은행추출물, 소듐하이알루로네이트, 마데카소사이드, 시트로넬올, 제라니올, 리날룰"
"B000000248711","[업체배송] 설화수 윤조에센스 6세대 90ml 기획(+에센스90ml+클렌징폼50ml+에센스8ml+자음생크림5ml)","설화수","90.0","243.0","ml","140000","126000","5185.2","정제수, 변성알코올, 부틸렌글라이콜, 베타인, 1,2-헥산다이올, 비스-피이지-18메틸에터다이메틸실레인, 글리세릴폴리메타크릴레이트, 프로판다이올, 카보머, 피피지-13-데실테트라데세스-24, 트로메타민, 글리세릴카프릴레이트, 황금추출물, 에틸헥실글리세린, 향료, 아데노신, 리모넨, 덱스트린, 카카오추출물, 메틸트라이메티콘, 다이소듐이디티에이, 잔탄검, 셀룰로오스검, 카라기난, 꿀, 마데카소사이드, 지황뿌리추출물, 펜틸렌글라이콜, 다이포타슘글리시리제이트, 3-O-에틸아스코빅애씨드, 타우린, 소엽맥문동뿌리추출물, 작약뿌리추출물, 마돈나백합비늘줄기추출물, 리날룰, 둥굴레뿌리줄기추출물, 바이오사카라이드검-1, 프로필렌글라이콜, 인삼추출물, 연꽃추출물, 낫토검, 대추추출물, 호두추출물, 매실추출물, 시트로넬올, 시트랄, 제라니올, 하이드로제네이티드레시틴, 토코페롤, 시트릭애씨드"
"A000000189054","에스트라 리제덤365 모공탄력 캡슐세럼 30ml","에스트라","30.0","30.0","ml","48000","40800","13600.0","정제수, 부틸렌글라이콜, 나이아신아마이드, 글리세린, 다이메티콘, 1,2-헥산다이올, 하이드로제네이티드폴리데센, 스테아릭애씨드, 하이드록시프로필비스팔미타마이드엠이에이, 만니톨, 다이메티콘/비닐다이메티콘크로스폴리머, 폴리메틸메타크릴레이트, 카보머, 티몰트라이메톡시신나메이트, 소듐하이알루로네이트, 잔탄검, 글리세릴카프릴레이트, 소듐스테아로일글루타메이트, 소듐폴리아크릴로일다이메틸타우레이트, 아크릴레이트/암모늄메타크릴레이트코폴리머, 다이소듐이디티에이, 에틸헥실글리세린, 아데노신, 트로메타민, 콜레스테롤, 덱스트린, 카카오추출물, 실리카, 올레아놀릭애씨드, 3-O-에틸아스코빅애씨드, 하이드롤라이즈드익스텐신, 호호바씨오일, 폴리글리세릴-10라우레이트, 토코페롤, 하이드로제네이티드레시틴"
"A000000180890","[트러블피지완화] 코스알엑스 더 나이아신아마이드 15 세럼 20ml","코스알엑스","20.0","20.0","ml","23000","19500","9750.0","정제수,펜틸렌글라이콜,나이아신아마이드,부틸렌글라이콜,아세틸글루코사민,1,2-헥산다이올,징크피씨에이,트레할로오스,잔탄검,풀루란,알란토인,에틸헥실글리세린,소듐파이테이트,시트릭애씨드,토코페롤"
"A000000203925","[기미잡티광채세럼] 라로슈포제 멜라B3 세럼 30ml","라로슈포제","30.0","30.0","ml","68000","61200","20400.0","'정제수 다이메티콘 나이아신아마이드 글리세린 프로필렌글라이콜 폴리실리콘-11 실리카 비스-피이지/피피지-16/16피이지/피피지-16/16다이메티콘 레인보우랙추출물 2-머캅토니코티노일글라이신 피이지-20메틸글루코오스세스퀴스테아레이트 소듐하이알루로네이트 소듐하이드록사이드 소듐티오설페이트 카르노신 폴록사머338 암모늄폴리아크릴로일다이메틸타우레이트 다이포타슘글리시리제이트 카프릴릭/카프릭트라이글리세라이드 카프릴로일살리실릭애씨드 카프릴릴글라이콜 시트릭애씨드 트라이소듐에틸렌다이아민다이석시네이트 잔탄검 펜틸렌글라이콜 옥틸도데칸올 레티닐팔미테이트 토코페롤 펜타에리스리틸테트라-다이-t-부틸하이드록시하이드로신나메이트 페녹시에탄올 적색227호 향료"
"A000000199206","바이오더마 하이드라비오 히알루+ 세럼 30ml","바이오더마","30.0","30.0","ml","52000","39520","13173.3","정제수, 부틸렌글라이콜, 글리세린, 프로판다이올, 펜틸렌글라이콜, 나이아신아마이드, 폴리솔베이트20, 잔탄검, 하이드롤라이즈드하이알루로닉애씨드, 프룩토올리고사카라이드, 소듐시트레이트, 시트릭애씨드, 카르노신, 아데노신, 향료, 사카라이드아이소머레이트, 소듐하이알루로네이트, 볼도잎추출물, 헥실데칸올, 1,2-헥산다이올, 카프릴릴글라이콜, 사과씨추출물, 유채스테롤, 토코페롤"
"A000000256388","[모공앰플] 아벤느 히알루론 액티브 B3 안티에이징 세럼 30ml 기획 (+괄사+크림 2ml*2)","아벤느","30.0","32.0","ml","55000","39520","12350.0","온천수(아벤느 온천수), 나이아신아마이드(6%), 글리세린, 펜틸렌글라이콜, 소듐하이알루로네이트(1.5%), 아데노신, 
시트릭애씨드, 소듐벤조에이트"
"A000000238406","[품절대란/수부지 화잘먹 세럼] 믹순 히알레배 포어 버블 세럼 70ml","믹순","70.0","70.0","ml","14900","9600","1371.4","정제수, 1,2-헥산다이올, 나이아신아마이드, 프로판다이올, 트레할로오스, 판테놀, 폴리글루타믹애씨드, 코코-글루코사이드, 알란토인, 버지니아풍년화수, 소듐시트레이트, 에틸헥실글리세린, 다이포타슘글리시리제이트, 아데노신, 글리세린, 시트릭애씨드, 부틸렌글라이콜, 소듐파이테이트, 하이드록시에틸셀룰로오스, 바실러스발효물, 병풀캘러스세포외소포, 풀루란, 소듐하이알루로네이트(1,000ppb), 메틸프로판다이올, 폴리글리세릴-4카프레이트, 글라이신, 글루코노락톤, 카프릴로일살리실릭애씨드, 트로메타민, 글루타믹애씨드, 알지닌, 벤질글라이콜, 세틸에틸헥사노에이트, 소듐하이알루로네이트크로스폴리머(1ppb), 세테아릴올리베이트, 솔비탄올리베이트"
"A000000249153","[NCT 재민PICK] 이즈앤트리 어니언 뉴페어 앰플 플러스 50ml 기획 (+겔크림 플러스 20ml)","이즈앤트리","50.0","70.0","ml","24000","15900","2271.4","[어니언 앰플 플러스]
정제수, 프로판다이올, 나이아신아마이드, 펜틸렌글라이콜, 글리세린, 판테놀, 1,2-헥산다이올, 메틸프로판다이올, 베타인, 부틸렌글라이콜, 아크릴레이트/C10-30알킬아크릴레이트크로스폴리머, 알지닌, 양파추출물(1,00 ppm), 알란토인, 마데카소사이드, 스쿠알란, 약모밀추출물, 소듐하이알루로네이트, 하이드롤라이즈드하이알루로닉애씨드, 소듐아세틸레이티드하이알루로네이트, 쿼세틴, 페룰릭애씨드, 글루타티온, 소듐아스코빌포스페이트, 에틸헥실글리세린, 잔탄검, 사이아노코발아민, 토코페롤, 아데노신, 병풀추출물, 무화과추출물, 세라마이드엔피, 하이드로제네이티드레시틴, 글리세릴아크릴레이트/아크릴릭애씨드코폴리머, 다이포타슘글리시리제이트, 말토덱스트린, 하이드롤라이즈드치자추출물, 폴리글리세릴-10스테아레이트, 카프릴릭/카프릭트라이글리세라이드, 알지닌/라이신폴리펩타이드, 폴리글리세릴-10라우레이트

[어니언 겔크림 플러스]
정제수, 글리세린, 카프릴릭/카프릭트라이글리세라이드, 나이아신아마이드, 프로판다이올, 1,2-헥산다이올, 하이드록시에틸아크릴레이트/소듐아크릴로일다이메틸타우레이트코폴리머, 양파추출물(10,100 ppm), 부틸렌글라이콜, 세테아릴알코올, 비닐다이메티콘, 카보머, 세테아릴올리베이트, 솔비톨, 솔비탄올리베이트, 바이오사카라이드검-1, 소듐폴리아크릴로일다이메틸타우레이트, 알지닌, 소듐아스코빌포스페이트, 글루타티온, 쿼세틴, 페룰릭애씨드, 알란토인, 판테놀, 소듐하이알루로네이트, 하이드롤라이즈드하이알루로닉애씨드, 하이알루로닉애씨드, 하이드록시프로필트라이모늄하이알루로네이트, 소듐아세틸레이티드하이알루로네이트, 마데카소사이드, 스쿠알란, 약모밀추출물, 사이아노코발아민, 솔비탄아이소스테아레이트, 하이드로제네이티드폴리데센, 에틸헥실글리세린, 시트릭애씨드, 하이드록시에틸셀룰로오스, 덱스트린, 다이소듐이디티에이, 소듐시트레이트, 트라이데세스-10, 치자추출물, 아데노신, 하이드로제네이티드레시틴, 폴리글리세릴-10스테아레이트, 펜틸렌글라이콜, 데실글루코사이드, 알지닌/라이신폴리펩타이드, 카프릴릴글라이콜"
"A000000247185","[시카PDRN/장벽앰플] 듀이트리 AC 딥 장벽 진정 보습 앰플 60ml","듀이트리","60.0","60.0","ml","32000","18720","3120.0","정제수, 부틸렌글라이콜, 글리세린, 판테놀, 나이아신아마이드, 1,2-헥산다이올, 마카다미아씨오일, 펜틸렌글라이콜, 병풀추출물, 페퍼민트잎추출물, 소듐디엔에이, 돌콩펩타이드, 팔미토일헥사펩타이드-12, 리놀레닉애씨드, 리놀레익애씨드, 올레익애씨드, 스쿠알란, 자작나무수액, 해바라기씨오일, 세라마이드엔피, 잇꽃씨오일, 폴리글리세릴-10올리에이트, 멕시칸치아씨오일, 콜레스테롤, 세틸에틸헥사노에이트, 귀리커넬추출물, 하이드롤라이즈드하이알루로닉애씨드, 유채스테롤, 폴리글리세릴-3메틸글루코오스다이스테아레이트, 글리세릴스테아레이트, 하이드로제네이티드폴리데센, 호호바에스터, 하이드록시에틸아크릴레이트/소듐아크릴로일다이메틸타우레이트코폴리머, 카보머, 폴리쿼터늄-51, 에틸헥실글리세린, 아데노신, 알지닌, 카카오씨추출물, 솔비탄아이소스테아레이트, 소듐하이알루로네이트, 소듐파이테이트, 황련뿌리추출물, 토코페롤, 칸디다 봄비콜라/글루코오스/메틸레이프씨데이트발효물, 다이프로필렌글라이콜, 하이드로제네이티드레시틴, 카프릴릴글라이콜, 세테아릴알코올, 스테아릭애씨드"
"A000000212009","[기미잡티 에센스/대용량]LBB 골드렐라 펩타이드 28 안티 멜라닌 에센스 150ml","LBB","150.0","150.0","ml","48000","38400","2560.0","정제수,글리세린,부틸렌글라이콜,나이아신아마이드,메틸글루세스-20,1,2-헥산다이올,탄제린열매수,베타인,소듐폴리아크릴로일다이메틸타우레이트,C12-14알케스-12,트레할로오스,에틸헥실글리세린,라벤더오일,말토덱스트린,아데노신,인도멀구슬나무잎추출물,카프릴릭,카프릭트라이글리세라이드,인도멀구슬나무꽃추출물,울금뿌리추출물,클로렐라발효물,세드랏껍질오일,자몽껍질오일,카카오추출물,덱스트린,필리핀오렌지전초오일,홀리바질잎추출물,참산호말추출물,하이드록시데실유비퀴논,폴리글리세릴-10올리에이트,하이드로제네이티드레시틴,토코페롤"
"A000000213267","[올영단독/속보습케어] 스킨앤랩 베리어덤 링거 앰플70ml(+70ml) 더블기획","스킨앤랩","70.0","140.0","ml","40000","28000","2000.0","정제수, 프로판다이올, 글리세린, 1,2-헥산다이올, 클로렐라 불가리스추출물, 소듐하이알루로네이트, 락토바실러스발효용해물, 판테놀, 글라이코실트레할로오스, 글루코오스, 부틸렌글라이콜, 하이드로제네이티드스타치하이드롤리세이트, 프룩토올리고사카라이드, 프룩토오스, 폴리쿼터늄-51, 글리세릴글루코사이드, 사카라이드아이소머레이트, 에틸헥실글리세린, 아크릴레이트/C10-30알킬아크릴레이트크로스폴리머, 알란토인, 하이드록시프로필트라이모늄하이알루로네이트, 트로메타민, 덱스트린, 소듐파이테이트, 소듐클로라이드, 베타-글루칸, 글리세릴아크릴레이트/아크릴릭애씨드코폴리머, 사이아노코발아민, 시트릭애씨드, 소듐시트레이트, 소듐바이카보네이트, 칼슘클로라이드, 포타슘클로라이드, 토코페롤, 잔탄검, 치자추출물"
"A000000217422","[잡티톤업/글루타치온] 퍼셀 880억/mL 글루타치온 플렉서블 리포좀 톤업앰플 20ml 기획 (+7ml)","퍼셀","20.0","27.0","ml","","28000","10370.4","정제수, 부틸렌글라이콜, 글리세린, 글루타티온(50,000ppm), 1,2-헥산다이올, 나이아신아마이드, 베타인, 트라넥사믹애씨드, 시스테인, 글라이신, 토코페롤, 판테놀, 카르니틴, 에틸헥실글리세린, 소듐시트레이트, 시트릭애씨드, 하이드로제네이티드레시틴, 콜레스테롤, 다이포타슘글리시리제이트, 소듐코코일이세티오네이트, 잔탄검"
"A000000199281","[6주모공세럼] 유세린 하이알루론 3X 컨센트레이트 5ml*6","유세린","5.0","5.0","ml","67900","36900","73800.0","정제수,글리세린,세테아릴알코올,변성알코올,코코-카프릴레이트/카프레이트,카프릴릭/카프릭트라이글리세라이드,다이카프릴릴카보네이트,프로필헵틸카프릴레이트,소듐하이알루로네이트(0.5075%),페녹시에탄올,향료,카보머,에틸헥실글리세린,소듐하이드록사이드,돌콩배아추출물,글리시레티닉애씨드,소듐스테아로일글루타메이트,토코페롤,소듐클로라이드,펜타에리스리틸테트라-다이-t-부틸하이드록시하이드로신나메이트"
"A000000211372","[속보습]코스알엑스 더 6 펩타이드 스킨 부스터 세럼 더블기획","코스알엑스","","","","46000","27100","","정제수, 다이프로필렌글라이콜, 글리세린, 펜틸렌글라이콜, 1,2-헥산다이올, 나이아신아마이드, 아세틸헥사펩타이드-8(5 ppm), 카퍼트라이펩타이드-1(5 ppm), 에스에이치-폴리펩타이드-121(1.98 ppm), 다이펩타이드다이아미노부티로일벤질아마이드다이아세테이트(0.3 ppm), 올리고펩타이드-68(0.095 ppm), 팔미토일트라이펩타이드-8(0.02ppm), 알란토인, 소듐하이알루로네이트, 아세틸글루코사민, 세린, 알라닌, 글라이신, 트레오닌, 알지닌, 프롤린, 베타인, 소듐피씨에이, 소듐락테이트, 피씨에이, 글루타믹애씨드, 라이신에이치씨엘, 토코페롤, 덱스트란, 돌콩오일, 하이드로제네이티드레시틴, 암모늄아크릴로일다이메틸타우레이트/브이피코폴 리머, 폴리아크릴레이트크로스폴리머-6, 부틸렌글라이콜, 잔탄검, 에틸헥실글리세린, 아데노신, 폴리쿼터늄-51, 다이소듐이디티에이, 시트릭애씨드, 카프릴릴글라이콜, t-부틸알코올, 포타슘솔베이트, 소듐올리에이트"
"A000000254773","쥬베룩 PDLLA 콜라겐 부스팅 앰플 20g (+프로텍팅 크림 2ml*5EA) (2604)","쥬베룩","2.0","2.0","ml","62000","55700","278500.0","* 앰플
정제수, 부틸렌글라이콜, 글리세린, 1,2-헥산다이올, 나이아신아마이드, 자일리틸글루코사이드, 흑효모발효물, 자일리톨, 자일로오스, 소듐하이알루로네이트, 하이드롤라이즈드하이알루로닉애씨드, 하이드롤라이즈드해면, 하이알루로닉애씨드, 하이드롤라이즈드콜라겐(99.95ppb), 아텔로콜라겐(0.9995ppb), 판테놀, 베타인, 펜틸렌글라이콜, 하이드록시에틸우레아, 트로메타민, 다이페닐다이메티콘, 트라이에틸헥사노인, 에틸헥실글리세린, 폴리락틱애씨드(500,000ppb), 아데노신, 셀룰로오스검, 다이포타슘글리시리제이트, 안하이드로자일리톨, 프로판다이올, 하이드로제네이티드레시틴, 바이오사카라이드검-1, 시트릭애씨드, 소듐하이알루로네이트크로스폴리머, 소듐파이테이트, 글리세릴아크릴레이트/아크릴릭애씨드코폴리머, 하이드롤라이즈드글라이코사미노글리칸, 베타-글루칸, 벤질글라이콜, 팔미토일트라이펩타이드-5, 토코페롤, 아세틸헥사펩타이드-8, 카퍼트라이펩타이드-1, 팔미토일펜타펩타이드-4, 소듐락테이트, 스쿠알란, 폴리솔베이트20, 팔미토일트라이펩타이드-1, 팔미토일테트라펩타이드-7, 아세틸테트라펩타이드-5, 아스코빅애씨드폴리펩타이드, 아세틸옥타펩타이드-3, 아세틸테트라펩타이드-2, 아세틸테트라펩타이드-3, 아세틸테트라펩타이드-9, 카르노신, 노나펩타이드-1, 카보머

* 크림 
정제수, 글리세린, 프로판다이올, 판테놀, 펜틸렌글라이콜, 카프릴릭/카프릭트라이글리세라이드, 나이아신아마이드, 1,2-헥산다이올, 세테아릴알코올, 트라이메틸펜타페닐트라이실록세인, 세테아릴올리베이트, 하이드롤라이즈드콜라겐(1ppb), 하이드롤라이즈드하이알루로닉애씨드, 해마토코쿠스 플루비알리스오일, 칸디다 봄비콜라/글루코오스/메틸레이프씨데이트발효물, 살구씨오일, 아텔로콜라겐(0.01ppb), 다이메티콘, 솔비탄올리베이트, 글리세릴스테아레이트, 트로메타민, 팔미틱애씨드, 스테아릭애씨드, 에틸헥실글리세린, 아데노신, 폴리락틱애씨드(10,000ppb), 토코페롤, 암모늄아크릴로일다이메틸타우레이트/브이피코폴리머, 에피갈로카테킨갈레이트, 레스베라트롤, 부틸렌글라이콜, 아스타잔틴, 쿼세틴, 아세틸헥사펩타이드-8, 아스코빅애씨드폴리펩타이드, 아세틸옥타펩타이드-3, 아세틸테트라펩타이드-2, 아세틸테트라펩타이드-3, 아세틸테트라펩타이드-5, 아세틸테트라펩타이드-9, 카르노신, 카퍼트라이펩타이드-1, 노나펩타이드-1, 팔미토일펜타펩타이드-4, 팔미토일트라이펩타이드-1, 팔미토일트라이펩타이드-5, 카보머, 잔탄검"
"A000000228804","[단독기획] 토리든 밸런스풀 시카 컨트롤 세럼 50ml 기획 (+크림 20ml)","토리든","50.0","70.0","ml","23000","17250","2464.3","정제수, 글리세린, 프로판다이올, 다이프로필렌글라이콜, 나이아신아마이드, 1,2-헥산다이올, 판테놀(11,000ppm), 병풀추출물, 마데카식애씨드, 아시아티코사이드(3,610ppb), 아시아틱애씨드, 마데카소사이드, 알란토인, 쓴풀추출물, 푸른연꽃추출물, 락토바실러스발효물, 접시꽃추출물, 소듐하이알루로네이트, 하이드롤라이즈드하이알루로닉애씨드, 하이알루로닉애씨드, 하이드록시프로필트라이모늄하이알루로네이트, 포타슘하이알루로네이트, 소듐하이알루로네이트크로스폴리머, 소듐아세틸레이티드하이알루로네이트, 징크하이드롤라이즈드하이알루로네이트, 칼슘판토테네이트, 석시닉애씨드, 글루코닉애씨드, 카프릴로일살리실릭애씨드, 징크피씨에이, 팔미토일다이펩타이드-7, 다이펩타이드-2, 다이포타슘글리시리제이트, 펜틸렌글라이콜, 소듐스테아로일글루타메이트, 아세틸글루코사민, 글리세릴글루코사이드, 아이소펜틸다이올, 2,3-부탄다이올, 옥틸도데칸올, 글리세릴아크릴레이트/아크릴릭애씨드코폴리머, 피브이엠/엠에이코폴리머, 카프로익애씨드, 폴리글리세릴-4올리에이트, 솔비탄스테아레이트, 폴리글리세린-3, 피토스테롤, 소듐서팩틴, 카보머, 잔탄검, 트로메타민, 소듐아세테이트, 에틸헥실글리세린, 콥티스뿌리추출물, 말라카이트추출물"
"A000000198835","[모공탄력]테라로직 레티놀 안티링클3D 모공 앰플 30ml","테라로직","30.0","30.0","ml","48000","35900","11966.7","정제수,글리세린,부틸렌글라이콜,1,2-헥산다이올,메틸글루세스-20,베타인,판테놀,C12-14알케스-12,트레할로오스,레티닐팔미테이트,,카보머,트로메타민,녹두씨추출물, 에틸헥실글리세린,잔탄검,하이드로제네이티드레시틴,맥아추출물,아데노신, 카프릴릭/카프릭트라이글리세라이드,콜레스테롤,폴리솔베이트 20,레시틴,레티놀,폴리카프로락톤,달맞이꽃추출물,당느릅나무뿌리추출물,대왕송잎추출물, 칡뿌리추출물,세라마이드엔피,소듐마그네슘실리케이트, 비에이치티,귀리가루추출물, 유비퀴논, 소듐하이알루로네이트,락토바실러스발효물,당근추출물,쌀추출물,콩추출물, 퀴노아씨추출물,홍삼추출물, 향료"
"A000000202462","[겉속보습] 빌리프 슈퍼드랍스 멀티7 히알루론 더블보습 세럼 30ml 단품/기획 (+30ml 리필 증정)","빌리프","30.0","60.0","ml","34000","26100","4350.0","정제수,글리세린,부틸렌글라이콜,다이프로필렌글라이콜,프로판다이올,2,3-부탄다이올,1,2-헥산다이올,판테놀,베타인,아이소펜틸다이올,폴리글리세릴-10스테아레이트,폴리글리세릴-10올리에이트,카보머,알란토인,트레할로오스,암모늄폴리아크릴로일다이메틸타우레이트,트로메타민,효모발효여과물,겨우살이추출물,락토바실러스/콩발효추출물,소듐하이알루로네이트(0.03%),잔탄검,띠뿌리추출물,소듐글루코네이트,말라카이트추출물,피브이엠/엠에이코폴리머,글리세릴아크릴레이트/아크릴릭애씨드코폴리머,하이드롤라이즈드하이알루로닉애씨드(0.01%),레몬밤꽃/잎/줄기수*,로즈마리잎수*,타임잎추출물*,유칼립투스잎추출물*,하이알루로닉애씨드(0.001%),하이드롤라이즈드소듐하이알루로네이트(0.001%),하이드록시프로필트라이모늄하이알루로네이트(0.001%),소듐아세틸레이티드하이알루로네이트(0.001%),베타-글루칸,폴스애플민트잎추출물*,로즈힙열매추출물*,펜틸렌글라이콜,에틸헥실글리세린,소듐하이알루로네이트크로스폴리머(0.00005%),오렌지껍질오일+,라임전초오일+,센티드제라늄꽃오일+,로즈마리잎오일+,리모넨,시트로넬올,제라니올,시트랄,리날룰
*표시: belif original formula
+표시: 식물 유래 향"
"A000000249803","[총100ml 대용량] 비플레인 녹두 모공 타이트업 세럼 50ml 1+1 기획","비플레인","100.0","100.0","ml","34000","25900","2590.0","정제수, 글리세린, 다이프로필렌글라이콜, 나이아신아마이드, 자일리톨, 1,2-헥산다이올, 부틸렌글라이콜, 하이드록시아세토페논, 아크릴레이트/C10-30알킬아크릴레이트크로스폴리머, 녹두추출물(2,000ppm), 트로메타민, 에틸헥실글리세린, 하이드롤라이즈드치자추출물, 하이드롤라이즈드맥아추출물, 하이드롤라이즈드삼색제비꽃추출물, 멘톡시프로판다이올, 아데노신, 트라이소듐에틸렌다이아민다이석시네이트, 펜틸렌글라이콜, 글리세릴글루코사이드, 석류나무꽃추출물, 덱스트린, 하이알루로닉애씨드, 치자추출물, 녹두씨추출물(5ppm), 얼룩파인애플추출물, 사과추출물, 복숭아추출물, 로우스위트블루베리추출물, 글라이코젠, 아세틸헥사펩타이드-8"
"A000000254757","쥬베룩 PDLLA 리파이닝 퍼스트 에센스 150ml (+프로텍팅 크림 5ml) (2604)","쥬베룩","150.0","155.0","ml","39000","34300","2212.9","* 퍼스트 에센스
정제수, 프로판다이올, 글리세린, 나이아신아마이드, 펜틸렌글라이콜, 1,2-헥산다이올, 스핑고모나스발효추출물, 댑싸리추출물, 하이드롤라이즈드해면, 백미꽃추출물, 접시꽃추출물, 하이드롤라이즈드콜라겐(10ppb), 하이드롤라이즈드하이알루로닉애씨드, 아텔로콜라겐(0.1ppb), 다이에톡시에틸석시네이트, 글루코노락톤, 트라이프로필렌글라이콜, 폴리아크릴레이트크로스폴리머-6, 트로메타민, 하이드록시에틸셀룰로오스, 에틸헥실글리세린, 아데노신, 소듐시트레이트, 시트릭애씨드, 판테놀, 부틸렌글라이콜, 바이오사카라이드검-1, 베타-글루칸, 토코페롤, 카프릴로일살리실릭애씨드, 살리실릭애씨드, 소듐락테이트, 글라이콜릭애씨드, 파이틱애씨드, 폴리솔베이트20, 폴리락틱애씨드(1ppb), 팔미토일트라이펩타이드-1, 팔미토일테트라펩타이드-7, 아세틸헥사펩타이드-8, 아스코빅애씨드폴리펩타이드, 아세틸옥타펩타이드-3, 아세틸테트라펩타이드-2, 아세틸테트라펩타이드-3, 아세틸테트라펩타이드-5, 아세틸테트라펩타이드-9, 카르노신, 카퍼트라이펩타이드-1, 노나펩타이드-1, 팔미토일펜타펩타이드-4, 팔미토일트라이펩타이드-5, 다이소듐이디티에이, 카보머

* 크림
정제수, 글리세린, 프로판다이올, 판테놀, 펜틸렌글라이콜, 카프릴릭/카프릭트라이글리세라이드, 나이아신아마이드, 1,2-헥산다이올, 세테아릴알코올, 트라이메틸펜타페닐트라이실록세인, 세테아릴올리베이트, 하이드롤라이즈드콜라겐(1ppb), 하이드롤라이즈드하이알루로닉애씨드, 해마토코쿠스 플루비알리스오일, 칸디다 봄비콜라/글루코오스/메틸레이프씨데이트발효물, 살구씨오일, 아텔로콜라겐(0.01ppb), 다이메티콘, 솔비탄올리베이트, 글리세릴스테아레이트, 트로메타민, 팔미틱애씨드, 스테아릭애씨드, 에틸헥실글리세린, 아데노신, 폴리락틱애씨드(10,000ppb), 토코페롤, 암모늄아크릴로일다이메틸타우레이트/브이피코폴리머, 에피갈로카테킨갈레이트, 레스베라트롤, 부틸렌글라이콜, 아스타잔틴, 쿼세틴, 아세틸헥사펩타이드-8, 아스코빅애씨드폴리펩타이드, 아세틸옥타펩타이드-3, 아세틸테트라펩타이드-2, 아세틸테트라펩타이드-3, 아세틸테트라펩타이드-5, 아세틸테트라펩타이드-9, 카르노신, 카퍼트라이펩타이드-1, 노나펩타이드-1, 팔미토일펜타펩타이드-4, 팔미토일트라이펩타이드-1, 팔미토일트라이펩타이드-5, 카보머, 잔탄검"
"A000000156871","[응급스팟] 아이소이 아크니닥터 1st 스피디 스팟14ml 기획 (+응급진정패드4매)","아이소이","14.0","14.0","ml","24800","19800","14142.9","정제수, 에탄올, 부틸렌글라이콜, 잔탄검, 폴리글리세릴-10라우레이트, 글리세린, 다마스크장미꽃오일(불가리아 공인), 카프릴릭/카프릭트라이글리세라이드, 티트리잎오일, 흰버드나무잎추출물, 올리브나무잎추출물, 스페인감초뿌리추출물, 쇠뜨기추출물, 유채추출물, 약모밀추출물, 병풀추출물, 베타-글루칸, 밤껍질추출물, 붉나무충영추출물, 황금추출물, 모란뿌리추출물, 시트로넬올, 제라니올"
"A000000240991","어나더페이스 펩타테놀10 베리어 세럼 40ml 리필기획세트 (+40ml리필)","어나더페이스","40.0","80.0","ml","","33000","4125.0","정제수, 프로판다이올, 판테놀 (100,000ppm), 글리세린, 글리세레스-26, 나이아신아마이드, 1,2-헥산다이올, 폴리글리세릴-10라우레이트, 다이에톡시에틸석시네이트, 하이드록시아세토페논, 카보머, 하이드록시에틸아크릴레이트/소듐아크릴로일다이메틸타우레이트코폴리머, 트로메타민, 잔탄검, 알란토인, 아데노신, 덱스트린, 다이소듐이디티에이, 솔비탄아이소스테아레이트, 카프릴릴/카프릴글루코사이드, 부틸렌글라이콜, 글루타티온, 치자추출물, 사발팜열매추출물, 알지닌, 카퍼트라이펩타이드-1 (100ppb), 바이오틴, 시스테인, 글루타믹애씨드, 에틸헥실글리세린, 에스에이치-데카펩타이드-7 (5ppb), 에스에이치-옥타펩타이드-4 (5ppb),에스에이치-올리고펩타이드-9 (5ppb), 에스에이치-펜타펩타이드-19 (5ppb), 아연, 향료"
"A000000216520","리쥬란 힐러 턴오버 앰플 듀얼 이펙트 10ml 더블 한정기획 (+8ml)","리쥬란","10.0","18.0","ml","","50000","27777.8","정제수, 피이지-6, 글리세린, 서양산딸기잎추출물, 소듐하이알루로네이트, 다이프로필렌글라이콜, 부틸렌글라이콜, 나이아신아마이드, 1,2-헥산다이올, 제로틴/하이드롤라이즈드디엔에이, 로우스위트베리추출물, 알로에베라잎즙, 카보머, 포트마리골드꽃추출물, 검은뽕나무열매추출물, 스페인감초뿌리추출물, 스쿠알란, 하이드롤라이즈드디엔에이, 잔탄검, 하이드로제네이티드레시틴, 카프릴릴글라이콜, 에틸헥실글리세린, 폴리솔베이트20, 헥실렌글라이콜, 세라마이드엔피, 아데노신, 우레아, 트레할로스, 펜틸렌글라이콜, 알부틴, 토코페릴아세테이트, 비사보롤, 콜레스테롤, 세린, 이눌린라우릴카바메이트, 알진, 다이소듐포스페이트, 글리세릴폴리아크릴레이트, 풀루란, 포타슘포스페이트"
"A000000254209","[기미잡티세럼] 레이어랩 기미흔적 클리어 세럼 30ml","레이어랩","30.0","30.0","ml","47000","32800","10933.3","정제수, 나이아신아마이드(7%), 글리세레스-26, 프로판다이올, 다이프로필렌글라이콜, 트라넥사믹애씨드(3%), 1,2-헥산다이올, 아스코빌글루코사이드(2%), 펜틸렌글라이콜, 글리세린, 에칠아스코빌에텔(1%), 소듐파이테이트, 토코페롤, 카르노신, 베타-글루칸, 황련뿌리추출물, 소듐시트레이트, 하이드록시아세토페논, 하이드록시에틸셀룰로오스, 에틸헥실글리세린, 부틸렌글라이콜, 아데노신, 잔탄검, 시트릭애씨드, 카프릴릴글라이콜"
"A000000199982","[화해1위/트러블] 웰라쥬 리얼 시카 카밍 95 트러블 앰플 50ml","웰라쥬","50.0","50.0","ml","","24000","4800.0","정제수, 부틸렌글라이콜, 1,2-헥산다이올, 나이아신아마이드, 다이프로필렌글라이콜, 글리세린, 다이메틸설폰, 하이드로제네이티드레시틴, 소듐하이알루로네이트, 알란토인, 바이오사카라이드검-1, 다이소듐이디티에이, 에틸헥실글리세린, 글루코노락톤, 락토바실러스발효물, 레시틴, 마데카소사이드, 판테놀, 펜틸렌글라이콜, 폴리글리세릴-10라우레이트, 폴리글리세릴-5폴리리시놀리에이트, 프로판다이올, 살리실릭애씨드, 소듐폴리아크릴로일다이메틸타우레이트, 소듐스테아로일글루타메이트"
"A000000249421","[화해1등/100ml대용량] 마몽드 카밍샷 아줄렌 흔적수분앰플 50ml 더블기획","마몽드","100.0","150.0","ml","36000","32400","2160.0","정제수, 글리세린, 나이아신아마이드(4%), 프로판다이올, 1,2-헥산다이올, 베타인, 실리카, 피피지-13-데실테트라데세스-24, 마트리카리아꽃수, 카프릴릭/카프릭트라이글리세라이드, 카보머, 아가, 트로메타민, 에틸헥실글리세린, 소듐메타포스페이트, 멘톡시프로판다이올, 부틸렌글라이콜, 구아이아줄렌(100ppm), 향료, 토코페롤"
"A000000235050","[리뉴얼] 코스알엑스 어드밴스드 더 비타민C 23 세럼 20g 2입","코스알엑스","20.0","40.0","g(약 1ml 상당으로 근사)","","49000","12250.0","정제수, 아스코빅애씨드(23%), 부틸렌글라이콜, 다이메티콘, 판테놀, 3-O-에틸아스코빅애씨드, 스쿠알란, 소듐하이드록사이드, 카페인, 소듐하이알루로네이트, 소듐메타포스페이트, 아데노신, 아세틸글루코사민, 치자추출물, 알란토인, 덱스트린, 토코트라이엔올, 토코페롤, 오일팜오일, 알지닌, 나이아신아마이드, 펜틸렌글라이콜, 글루타티온, 해바라기씨오일, 메틸트라이메티콘, 잇꽃씨오일, 동백나무씨오일, 당근추출물, 스페인감초뿌리추출물, 베타-카로틴"
"A000000257152","[슈링크홈콜라보|디바이스] 바이오힐보 프로바이오덤 콜라겐 세럼 30ml 슈링크홈기획(+콜라겐겔마스크)","바이오힐보","30.0","30.0","ml","157700","99500","33166.7","[세럼] 정제수, 락토바실러스발효용해물, 프로판다이올, 글리세린, 메틸프로판다이올, 1,2-헥산다이올, 락토바실러스발효물, 콜라겐(20 ppm), 콜라겐추출물(20 ppm), 실버위드추출물, 귀리커넬추출물, 아티초크잎추출물, 병풀추출물, 향부자추출물, 달맞이꽃꽃추출물, 당느릅나무뿌리추출물, 대왕소나무잎추출물, 칡뿌리추출물, 하이드로제네이티드레시틴, 녹차수, 피토스테롤, 아라키딜알코올, 암모늄아크릴로일다이메틸타우레이트/브이피코폴리머, 하이드록시에틸아크릴레이트/소듐아크릴로일다이메틸타우레이트코폴리머, 스테아릭애씨드, 판테놀, 베헤닐알코올, 에틸헥실글리세린, 카보머, 아라키딜글루코사이드, 카프릴릭/카프릭트라이글리세라이드, 트로메타민, 아데노신, 폴리아크릴레이트크로스폴리머-6, 폴리쿼터늄-51, 부틸렌글라이콜, 베타-글루칸, 글리세릴폴리메타크릴레이트, 세테아릴알코올, 세라마이드엔피, 락토코쿠스발효용해물, 솔비탄아이소스테아레이트, 프룩토올리고사카라이드, 글라이코사미노글리칸, 글루코노락톤, 카프릴로일살리실릭애씨드, 하이드롤라이즈드엘라스틴, 베타인, 사이아노코발아민, 토코페롤, 소듐클로라이드, 노나펩타이드-1, 다이펩타이드다이아미노부티로일벤질아마이드다이아세테이트, 아세틸헥사펩타이드-8, 잔탄검, 카퍼트라이펩타이드-1, 탄닉애씨드, 트라이펩타이드-1, 팔미토일테트라펩타이드-7, 팔미토일트라이펩타이드-1, 팔미토일트라이펩타이드-5, 팔미토일펜타펩타이드-4, 팔미토일헥사펩타이드-12, 펜타펩타이드-3, 헥사펩타이드-9, 프룩탄, 수크로오스다이스테아레이트, 이눌린, 하이드록시프로필사이클로덱스트린, 향료 

[겔 마스크] 정제수, 글리세린, 메틸프로판다이올, 아크릴레이트/에틸헥실아크릴레이트코폴리머, 1,2-헥산다이올, 아이리쉬모스가루, 캐롭검, 지치뿌리추출물, 카카오추출물, 락토바실러스발효물, 콜라겐, 콜라겐추출물, 수용성콜라겐, 베타인, 부틸렌글라이콜, 글리세레스-26, 하이드록시아세토페논, 하이드록시에틸우레아, 카프릴릭/카프릭트라이글리세라이드, 알란토인, 셀룰로오스검, 판테놀, 포타슘클로라이드, 글루코만난, 구아검, 에틸헥실글리세린, 덱스트린, 다이포타슘글리시리제이트, 트레할로오스, 폴리글리세릴-10라우레이트, 프로판다이올, 젤란검, 아가, 다이팔미토일하이드록시프롤린, 글라이코젠, 하이드롤라이즈드글라이코사미노글리칸, 매스틱검, 알지닌, 하이드로제네이티드레시틴, 하이드롤라이즈드엘라스틴, 프룩토올리고사카라이드, 아세틸헥사펩타이드-8, 베타-글루칸, 아스코빅애씨드폴리펩타이드, 프룩탄, 이눌린, 아세틸옥타펩타이드-3, 아세틸테트라펩타이드-2, 아세틸테트라펩타이드-3, 아세틸테트라펩타이드-5, 아세틸테트라펩타이드-9, 카르노신, 카퍼트라이펩타이드-1, 노나펩타이드-1, 팔미토일펜타펩타이드-4, 팔미토일트라이펩타이드-1, 팔미토일트라이펩타이드-5, 잔탄검, 페네틸알코올, 구아이아줄렌"
"A000000103391","[보습광채] 코스알엑스 어드벤스드 스네일 96 뮤신 파워 에센스 100ml","코스알엑스","100.0","100.0","ml","","23000","2300.0","달팽이점액여과물, 베타인, 부틸렌글라이콜, 1,2-헥산다이올, 소듐폴리아크릴레이트, 페녹시에탄올, 소듐하이알루로네이트, 알란토인, 에틸헥산다이올, 카보머, 판테놀, 알지닌"
"A000000188233","[수분잠금/워터젤에센스] 빌리프 뉴메로 10 에센스 125ml 단품/기획(+35ml 추가 증정)","빌리프","125.0","160.0","ml","61000","46900","2931.2","정제수, 글리세린, 변성알코올, 다이프로필렌글라이콜, 부틸렌글라이콜, 1,2-헥산다이올, 트레할로오스, 바위손추출물*, 귀리커넬추출물+, 포트마리골드꽃추출물+, 개박하추출물+, 라즈베리잎추출물+, 와일드인디고뿌리추출물+, 별꽃추출물+, 레이디스맨틀잎추출물**, 삼색제비꽃추출물**, 다마스크장미꽃추출물**, 메도우스위트꽃추출물**, 마시멜로뿌리추출물**, 베타인, 판테놀, 아이리쉬모스추출물, 암모늄아크릴로일다이메틸타우레이트/브이피코폴리머, 피이지-40하이드로제네이티드캐스터오일, 옥틸도데세스-16, 카보머, 글리세릴아크릴레이트/아크릴릭애씨드코폴리머, 소듐폴리아크릴레이트, 트로메타민, 트라이소듐이디티에이, 오렌지껍질오일++, 라임전초오일++, 로즈마리잎오일++, 센티드제라늄꽃오일++, 리모넨, 시트로넬올, 제라니올, 시트랄, 리날룰
*표시 : 부활초 계열 추출물
+표시 : Napiers original formula
**표시 : Napiers moisture formula
++표시 : 식물 유래 향"
"A000000204633","설화수 윤조에센스 단품/기획","설화수","","","","140000","126000","","정제수, 변성알코올, 부틸렌글라이콜, 베타인, 1,2-헥산다이올, 비스-피이지-18메틸에터다이메틸실레인, 글리세릴폴리메타크릴레이트, 프로판다이올, 카보머, 피피지-13-데실테트라데세스-24, 트로메타민, 글리세릴카프릴레이트, 황금추출물, 에틸헥실글리세린, 향료, 아데노신, 리모넨, 덱스트린, 카카오추출물, 메틸트라이메티콘, 다이소듐이디티에이, 잔탄검, 셀룰로오스검, 카라기난, 꿀, 마데카소사이드, 지황뿌리추출물, 펜틸렌글라이콜, 다이포타슘글리시리제이트, 3-O-에틸아스코빅애씨드, 타우린, 소엽맥문동뿌리추출물, 작약뿌리추출물, 마돈나백합비늘줄기추출물, 리날룰, 둥굴레뿌리줄기추출물, 바이오사카라이드검-1, 프로필렌글라이콜, 인삼추출물, 연꽃추출물, 낫토검, 대추추출물, 호두추출물, 매실추출물, 시트로넬올, 시트랄, 제라니올, 하이드로제네이티드레시틴, 토코페롤, 시트릭애씨드"
"A000000005336","바이오더마 하이드라비오 세럼 40ml","바이오더마","40.0","40.0","ml","42000","30000","7500.0","정제수, 글리세린, 자일리톨, 소듐폴리아크릴레이트, 다이메티콘, 사이클로펜타실록세인, 페녹시에탄올, 클로페네신, 트라이데세스-6, 다이소듐이디티에이, 나이아신아마이드, 피이지/피피지-18/18다이메티콘, 프룩토올리고사카라이드, 만니톨, 소듐하이알루로네이트, 헥실데칸올, 카프릴릭/카프릭트라이글리세라이드, 람노오스, 라미나리아 오크롤레우카추출물, 사과씨추출물, 유채스테롤, 토코페롤, 향료 ※제공된 성분은 동일 제품이라도 경우에 따라 변경될 수 있습니다. 최신정보는 제품 포장의 성분을 참고하시거나 본사 고객센터(02-523-7676)으로 연락 부탁 드립니다"
"A000000207141","피지오겔 레드수딩 시카밸런스 포어컨트롤 세럼 50ml","피지오겔","50.0","50.0","ml","39500","29900","5980.0","정제수@다이프로필렌글라이콜@글리세린@1,2-헥산다이올@나이아신아마이드@판테놀@C15-19알케인@세린@암모늄아크릴로일다이메틸타우레이트/브이피코폴리머@트라이에틸헥사노인@운데케인@카르니틴@트로메타민@부틸렌글라이콜@아크릴레이트/C10-30알킬아크릴레이트크로스폴리머@코코-카프릴레이트/카프레이트@카프릴릭/카프릭트라이글리세라이드@아스코빌글루코사이드@살리실릭애씨드@스클레로튬검@트라이데케인@세테아릴알코올@리놀레익애씨드@아라키딜알코올@스쿠알란@베헤닐알코올@시어버터@피토스테릴/이소스테아릴/세틸/스테아릴/베헤닐다이머디리놀리에이트@마데카소사이드(250 ppm)@리놀레닉애씨드@프로판다이올@트라이소듐이디티에이@아라키딜글루코사이드@알지닌@하이드로제네이티드레시틴@하이드롤라이즈드하이알루로닉애씨드@사코신@실리카@소듐하이알루로네이트@아세타마이드엠이에이@시트릭애씨드@베타-글루칸@다이메티콘@세라마이드엔피@콜레스테롤@토코페롤@카보머@팔미틱애씨드@스테아릭애씨드@잔탄검@팔미타마이드엠이에이@아시아티코사이드(0.4 ppm)@마데카식애씨드(0.35 ppm)@아시아틱애씨드(0.25 ppm)"
"A000000230654","구달 청귤 비타C 잡티케어 세럼 알파 50ml 리필 기획 (+크림 10ml)","구달","50.0","60.0","ml","43000","29900","4983.3","정제수,탄제린추출물,부틸렌글라이콜,나이아신아마이드,다이프로필렌글라이콜,메틸글루세스-20,1,2-헥산다이올,글리세레스-26,암모늄아크릴로일다이메틸타우레이트/브이피코폴리머,판테놀,아이리쉬모스추출물,글리세린,콜레스-24,사탕수수추출물,카보머,트로메타민,폴리글리세릴-10라우레이트,에틸헥실글리세린,소듐하이알루로네이트,알란토인,아데노신,토코페릴아세테이트,하이드로제네이티드레시틴,하이드롤라이즈드호호바에스터,소듐파이테이트,잔탄검,인도멀구슬나무꽃추출물,홀리바질잎추출물,베르가모트오일,인도멀구슬나무잎추출물,아스코빌글루코사이드,다이포타슘글리시리제이트,울금뿌리추출물,참산호말추출물,라벤더오일,아스코빅애씨드,레몬껍질오일,오렌지껍질오일,유칼립투스잎추출물,일랑일랑꽃오일,3-O-에틸아스코빅애씨드,소듐아스코빌포스페이트,감초뿌리추출물,마데카소사이드,녹차추출물,말토덱스트린,스키산드라 스페난테라열매추출물,캐모마일꽃추출물,토코페롤,로즈마리잎추출물,아시아티코사이드,호장근뿌리추출물,병풀잎추출물,하이드록시프로필사이클로덱스트린,병풀추출물,흰목이버섯추출물,글루타티온,포타슘하이드록사이드,티옥틱애씨드,다이소듐이디티에이,유비퀴논,리모넨,리날룰"
"A000000205644","메디힐 티트리 진정 수분 세럼 40ml","메디힐","40.0","40.0","ml","","22000","5500.0","정제수, 글리세린, 부틸렌글라이콜, 2,3-부탄다이올, 메틸프로판다이올, 1,2-헥산다이올, 티트리잎수(19,400 ppm), 판테놀, C12-14알케스-12, 소듐하이알루로네이트(2,800 ppm), 카보머, 트로메타민, 암모늄아크릴로일다이메틸타우레이트/브이피코폴리머, 에틸헥실글리세린, 알란토인, 티트리잎오일(300 ppm), 잔탄검, 티트리추출물(100 ppm), 티트리잎추출물(100  ppm), 베타-글루칸, 토코페롤, 4-터피네올, 징크피씨에이, 다이프로필렌글라이콜, 펜틸렌글라이콜, 카프릴릴/카프릴글루코사이드, 하이드로제네이티드레시틴, 세라마이드엔피"
"A000000211479","[화잘먹세럼] 아비브 부활초 비피다 세럼 퍼밍 드롭 50ml 더블 기획","아비브","50.0","100.0","ml","48000","29800","2980.0","정제수, 부틸렌글라이콜, 글리세린, 카프릴릭/카프릭트라이글리세라이드, 1,2-헥산다이올, 나이아신아마이드, 메틸프로판다이올, 트루로즈오브예리코추출물(2,072 ppm), 마카다미아씨오일, 메도우폼씨오일, 락토바실러스발효물, 시어버터, 퀸즈랜드넛오일, 올리브오일, 호호바씨오일, 포도씨오일, 소듐하이알루로네이트, 카카오추출물, 비피다발효여과물(28.5 ppm), 비피다발효용해물(13 ppm), 수용성콜라겐, 판테놀, 펜틸렌글라이콜, 소듐폴리아크릴로일다이메틸타우레이트, 하이드로제네이티드레시틴, 스쿠알란, 하이드로제네이티드폴리데센, 수크로오스팔미테이트, 트라이아이소스테아린, 트로메타민, 프로판다이올, 에틸헥실글리세린, 아데노신, 소듐다이라우미도글루타미드라이신, 글루코실루틴, 세라마이드엔피, 폴리글리세릴-10라우레이트, 폴리글리세릴-3메틸글루코오스다이스테아레이트, 덱스트린, 베타-글루칸, 소듐아스코빌포스페이트, 토코페롤, 바쿠치올, 트레할로오스, 다이프로필렌글라이콜, 피토스핑고신, 옥틸도데칸올, 포스파티딜콜린, 아시아티코사이드, 아시아틱애씨드, 글라이코리피드, 마데카식애씨드, 팔미토일트라이펩타이드-5, 솔비톨, 카보머, 잔탄검"
"A000000237409","[1+1한정기획] 바이오던스 포어 퍼펙팅 콜라겐 펩타이드 세럼 30ml 더블 기획","바이오던스","30.0","60.0","ml","64000","29800","4966.7","콜라겐수, 정제수, 글리세린, 트라이프로필렌글라이콜, 1,2-헥산다이올, 나이아신아마이드, 트레할로오스, 소듐폴리아크릴로일다이메틸타우레이트, 부틸렌글라이콜, 알란토인, 폴리글리세릴-10라우레이트, 소듐폴리아크릴레이트, 에틸헥실글리세린, 하이드롤라이즈드하이알루로닉애씨드, 아데노신, 잔탄검, 폴리쿼터늄-51, 다이소듐이디티에이, 글리세릴아크릴레이트/아크릴릭애씨드코폴리머, 카프릴릴글라이콜, 피브이엠/엠에이코폴리머, 사이아노코발아민, 황련뿌리추출물, 소듐하이알루로네이트,하이드록시프로필트라이모늄하이알루로네이트, 토코페롤, 프로판다이올, 사카라이드아이소머레이트, 소듐아세틸레이티드하이알루로네이트, 콜라겐추출물, 하이알루로닉애씨드, 하이드롤라이즈드소듐하이알루로네이트, 소듐하이알루로네이트크로스폴리머, 알지닉애씨드, 실란트라이올, 포타슘하이알루로네이트, 하이드롤라이즈드엘라스틴, 엘라스틴, 수용성엘라스틴, 트라이펩타이드-1, 아세틸헥사펩타이드-8, 카퍼트라이펩타이드-1, 팔미토일트라이펩타이드-5, 에스에이치-올리고펩타이드-1, 펜타펩타이드-4, 팔미토일트라이펩타이드-38, 헥사펩타이드-9, 헥사펩타이드-12, 팔미토일펜타펩타이드-4"
"A000000231545","[7일잡티샷/아이돌광채세럼] 비긴스 바이 정샘물 나이아신아마이드10 흔적세럼 리필기획","비긴스 바이 정샘물","","","","42000","29400","","정제수, 나이아신아마이드, 프로판다이올, 부틸렌글라이콜, 1,2-헥산다이올, 알파-알부틴, 글리세린, 에칠아스코빌에텔, 비타민나무수, 글루타티온(100ppm), 구아바열매추출물(100ppm), 소듐하이알루로네이트, 아데노신, 병풀잎추출물, 판테놀, 알란토인, 마데카소사이드, 아시아티코사이드, 토코페롤, 하이드로제네이티드레시틴, 펜틸렌글라이콜, 글리세릴폴리메타크릴레이트, 폴리글리세릴-10라우레이트, 아크릴레이트/C10-30알킬아크릴레이트크로스폴리머, 트로메타민, 하이드롤라이즈드스클레로튬검, 에틸헥실글리세린, 사이아노코발아민, 잔탄검, 클레리오일, 필리핀오렌지껍질오일, 광곽향오일, 리모넨"
"A000000231832","[우즈PICK][유분잡는수분] 한율 쑥히알 세럼 40ml 기획(+7ml)","한율","40.0","47.0","ml","28000","21500","4574.5","""정제수, 부틸렌글라이콜, 글리세린, 1,2-헥산다이올, 소듐아크릴레이트크로스폴리머-2,
황해쑥잎수(10,554 ppm), 자일리톨, 다이에톡시에틸석시네이트, 아이소펜틸다이올, 피피지-13
-데실테트라데세스-24, 암모늄아크릴로일다이메틸타우레이트/베헤네스-25메타크라일레이트
크로스폴리머, 베타인, 스핑고모나스발효추출물, 세라마이드엔피, 아라키딜알코올, 에틸헥실
글리세린, 향료, 스테아릭애씨드, 피토스테롤, 베헤닐알코올, 아라키딜글루코사이드, 소듐메타
포스페이트, 하이드로제네이티드레시틴, 알지닌, 아스파틱애씨드, 글루타믹애씨드, 하이알루로닉
애씨드(100 ppm), 이노시톨, 세테아릴알코올, 락토바실러스발효물, 말토덱스트린, 하이드롤
라이즈드치자추출물, 프로필렌글라이콜, 소듐하이알루로네이트(1.5 ppm), 토코페롤"""
"A000000235338","[원조버블세럼] 디마프 히어로 마이 퍼스트 세럼 a.k.a 만능기초 155ml","디마프","155.0","155.0","ml","34000","28900","1864.5","정제수, 메틸프로판다이올, 글리세린, 부틸렌글라이콜, 마카다미아씨오일, 호호바씨오일, 다이프로필렌글라이콜, 1,2-헥산다이올, 달맞이꽃꽃추출물, 소듐하이알루로네이트, 하이알루로닉애씨드, C12-14알케스-12, 네오펜틸글라이콜다이카프레이트, 베타인, 판테놀, 자일리톨, 세라마이드엔피, 알란토인, 암모늄아크릴로일다이메틸타우레이트/브이피코폴리머, 카보머, 알지닌, 카프릴릴글라이콜, 스타아니스추출물, 에틸헥실글리세린, 다이소듐이디티에이"
"A000000203639","[7일잡티개선] 앰플엔 블레미샷 잡티앰플 50ml 1+1 단독기획","앰플엔","50.0","100.0","ml","36000","28800","2880.0","정제수, 나이아신아마이드, 글리세린, 다이프로필렌글라이콜, 카프릴릭/카프릭트라이글리세라이드, 글루코놀락톤, 프로판다이올, 아스코빌테트라이소팔미테이트, 아데노신, 카프릴로일살리실릭애씨드, 판테놀, 비파나무잎추출물, 마데카소사이드, 스피어민트추출물, 비타민나무열매추출물, 흑효모발효물, 헥실레조시놀, 베타인, 세테아릴 올리베이트, 하이드록시에틸아크릴레이트/소듐아크릴로일다이메틸타우레이트코폴리머, 폴리아크릴레이트크로스폴리머-6, 솔비탄올리베이트, 카프릴릴글라이콜, 잔탄검, 트로메타민, 아크릴레이트/C10-30알킬아크릴레이트크로스폴리머, 1,2-헥산다이올, 글루코실루틴, 다이소듐이디티에이, 에틸헥실글리세린"
"A000000210343","[3일 잡티흔적케어 / 비타민C앰플] 로벡틴 비타 다크 스팟 세럼 30ml","로벡틴","30.0","30.0","ml","32000","19840","6613.3","정제수,  비타민나무수,  부틸렌글라이콜,  나이아신아마이드, 프로판다이올, 글리세린, 1, 2-헥산다이올, 다이프로필렌글라이콜, 에톡시다이글라이콜, 메틸프로판다이올, 소듐폴리아크릴로일다이메틸타우레이트, 펜틸렌글라이콜, 카보머, 3-O-에틸아스코빅애씨드, 에리스리톨, 알부틴, 트로메타민, 에틸헥실글리세린, 페룰릭애씨드, 판테놀, 글리세릴아크릴레이트/아크릴릭애씨드코폴리머, 아데노신, 시트릭애씨드, 다이포타슘글리시리제이트, 인도멀구슬나무꽃추출물, 홀리바질잎추출물, 인도멀구슬나무잎추출물, 소듐하이알루로네이트, 소듐파이테이트, 울금뿌리추출물, 참산호말추출물, 베타-글루칸, 비타민나무열매추출물, 녹차추출물, 폴스애플민트잎추출물, 타임잎추출물, 토코페롤,  보리지씨오일,  알지닌,  덱스트린,  레시틴,  4-부틸레조시놀,  리놀레닉애씨드,  아스코빅애씨드,  바이오틴,  사이아노코발아민,  폴릭애씨드,  판토테닉애씨드,  피리독신,  티아민에이치씨엘"
"A000000189769","[모공플럼핑 수분앰플] 메디필 히알루론산 레이어 물톡스 앰플 더블 기획 30ml+30ml","메디필","30.0","60.0","ml","34000","19800","3300.0","정제수, 프로판다이올, 글리세린, 다이프로필렌글라이콜, 메틸프로판다이올, 1,2-헥산다이올, 나이아신아마이드, 다시마추출물, 한련초잎추출물, 병풀뿌리추출물, 에난티아 클로란타껍질추출물, 지모뿌리추출물, 소듐하이알루로네이트(500.1 ppm), 하이드로제네이티드레시틴, 알란토인, 카보머, 엑토인, 판테놀, 아데노신, 다이소듐이디티에이, 프룩토올리고사카라이드, 자일리톨, 부틸렌글라이콜, 베타-글루칸, 자일리틸글루코사이드, 하이드롤라이즈드하이알루로닉애씨드(30 ppm), 안하이드로자일리톨, 콜라겐, 류코노스톡/무발효여과물, 수크로오스팔미테이트, 스쿠알란, 폴리글루타믹애씨드, 글리세릴리놀리에이트, 하이드로제네이티드폴리아이소부텐, 글리세릴글루코사이드, 토코페롤, 올레아놀릭애씨드, 세라마이드엔피, 글라이신, 글루타믹애씨드, 알지닌, 하이드록시프로필사이클로덱스트린, 카프릴릭/카프릭트라이글리세라이드, 수크로오스다이스테아레이트, 피토스핑고신, 에틸헥실글리세린, 쌀겨오일, 해바라기씨오일, 트로메타민"
"A000000219677","[고순도PDRN/디바이스 시너지템][NEW]메디큐브 에이지알 PDRN 부스터젤 300ml","메디큐브 에이지알","300.0","300.0","ml","18600","15500","516.7","정제수, 글리세린, 나이아신아마이드, 카보머, 클로페네신, 포타슘하이드록사이드, 아크릴레이트/C10-30알킬아크릴레이트크로스폴리머, 에틸헥실글리세린, 아데노신, 다이소듐이디티에이, 소듐디엔에이(10ppm), 다이프로필렌글라이콜, 부틸렌글라이콜, 1,2-헥산다이올, 펜틸렌글라이콜, 오크라열매추출물, 수크로오스, 산뽕나무잎추출물, 유자껍질추출물, 베타인, 밤껍질추출물, 메밀씨추출물, 딸기추출물, 캐슈추출물, 드럼스틱씨추출물, 아세틸헥사펩타이드-8, 카퍼트라이펩타이드-1, 아세틸테트라펩타이드-5, 팔미토일펜타펩타이드-4, 헥사펩타이드-9, 팔미토일헥사펩타이드-12, 팔미토일트라이펩타이드-5"
"A000000252735","[물광 에센스]에스테덤 셀룰러워터 에센스 125ml 기획 (+버블 펌프 50ml)","에스테덤","125.0","175.0","ml","59000","39800","2274.3","정제수, 부틸렌글라이콜, 메틸프로판다이올, 피이지-7글리세릴코코에이트, 펜틸렌글라이콜, 피이지-40하이드로제네이티드캐스터오일, 소듐시트레이트, 소듐하이알루로네이트, 시트릭애씨드, 1,2-헥산다이올, 카프릴릴글라이콜, 카르노신, 소듐클로라이드, 잔탄검, 효모추출물, 헥실데칸올, 향료, 프로필렌글라이콜, 아미노에탄설피닉애씨드, 아데노신, 포타슘클로라이드, 소듐바이카보네이트, 다이소듐포스페이트, 마그네슘설페이트 , 포타슘포스페이트, 다이소듐아데노신트라이포스페이트, 호스테일켈프추출물, 리날룰, 사과씨추출물, 유채스테롤, 칼슘클로라이드, 토코페롤"
"A000000200310","토리든 셀메이징 비타C 브라이트닝 앰플 30ml","토리든","30.0","30.0","ml","","26000","8666.7","정제수, 프로판다이올, 글리세린, 나이아신아
마이드, 3-O-에틸아스코빅애씨드(19,950ppm), 1,2-
헥산다이올, 아이소프로필미리스테이트, 베타인, 에
리스리톨, 아데노신, 알란토인, 토코페롤, 판테놀, 아스
코빅애씨드, 소듐아스코빌포스페이트, 아스코빌글
루코사이드, 아스코빌팔미테이트, 에틸헥실글리세린,
카프릴릴글라이콜, 잔탄검, 참산호말추출물, 감태추
출물, 개청각추출물, 겔리듐 카르틸라기네움추출물,
톳추출물, 옥틸도데칸올, 아크릴레이트/C10-30알킬
아크릴레이트크로스폴리머, 트로메타민, 다이소듐
이디티에이, 메틸프로판다이올, 페룰릭애씨드, 홀리
바질잎추출물, 부틸렌글라이콜, 하이드로제네이티
드레시틴, 베르가모트오일, 인도멀구슬나무잎추출물,
인도멀구슬나무꽃추출물, 울금뿌리추출물"
"A000000224329","[쿨링수분진정] 닥터지 레드 블레미쉬 클리어 히알 시카 수딩 세럼 50ml 2종(20ml 증정기획, 단품]","닥터지","50.0","70.0","ml","33000","19000","2714.3","정제수, 부틸렌글라이콜, 다이프로필렌글라이콜, 나이아신아마이드, 1,2-헥산다이올, 글리세린, 판테놀, 글리세레스-26, 하이드록시에틸셀룰로오스, 에리스리톨, 소듐폴리아크릴로일다이메틸타우레이트, 소듐하이알루로네이트(1,100 ppm), 알란토인, 에틸헥실글리세린, 카프릴릭/카프릭트라이글리세라이드, 바이오사카라이드검-1, 다이소듐이디티에이, 하이드로제네이티드레시틴, 베타인살리실레이트, 석시닉애씨드, 트로메타민, 효모발효여과물, 옥틸도데칸올, 폴리글리세릴-10라우레이트, 포스파티딜콜린, 아시아티코사이드(48 ppm), 병풀잎추출물(40 ppm), 마데카식애씨드(36 ppm), 아시아틱애씨드(36 ppm), 글라이코리피드, 세라마이드엔피, 베타-글루칸, 락토바실러스발효물, 락토바실러스/콩발효추출물, 류코노스톡/무발효여과물, 효모발효추출물, 팔미토일트라이펩타이드-5, 다발방패버섯추출물, 마데카소사이드(3.6 ppm), 병풀추출물(3.4 ppm), 하이드록시프로필트라이모늄하이알루로네이트(1 ppm), 토코페롤, 징크피씨에이, 헥사펩타이드-9"
"A000000250593","[핑구콜라보] 셀퓨전씨 포스트 알파 쿨링 펩타이드 앰플 30ml 기획 (+앰플 10ml)","셀퓨전씨","30.0","40.0","ml","28000","18900","4725.0","정제수, 글리세린, 다이프로필렌글라이콜, 글리세레스-26, 프로판다이올, 빙하수, 2,3-부탄다이올, 1,2-헥산다이올, 나이아신아마이드, 카프릴릭/카프릭트라이글리세라이드, 메틸글루세스-20, 옥틸도데세스-16, 다이페닐다이메티콘, 부틸렌글라이콜, 트라이에틸헥사노인, 메틸프로판다이올, 카보머, 트로메타민, 하이드로제네이티드레시틴, 암모늄아크릴로일다이메틸타우레이트/브이피코폴리머, 메틸다이아이소프로필프로피온아마이드, 에틸헥실글리세린, 폴리글리세릴-10올리에이트, 하이드록시아세토페논, 실버위드추출물, 아데노신, 폴리쿼터늄-51, 귀리커넬추출물, 아티초크잎추출물, 베타-글루칸, 글리세릴폴리메타크릴레이트, 다이소듐이디티에이, 녹차수, 병풀추출물, 무화과추출물, 글리세릴카프릴레이트, 효모발효여과물, 매듭풀추출물, 말토덱스트린, 세라마이드엔피, 레드신코나나무껍질추출물, 하이드롤라이즈드치자추출물, 구기자추출물, 육두구추출물, 마누카잎추출물, 다발방패버섯추출물, 소듐하이알루로네이트크로스폴리머, 카프릴릴글라이콜, 카페인,*아세틸헥사펩타이드-8(75ppb), *카퍼트라이펩타이드-1(75ppb), *트라이펩타이드-1(50ppb), *팔미토일펜타펩타이드-4(25ppb), *헥사펩타이드-9(25ppb), 수크로오스다이스테아레이트, 하이드록시프로필사이클로덱스트린"
"A000000144177","미샤 비타씨플러스 잡티씨 탄력 앰플 40ml","미샤","40.0","40.0","ml","28000","18620","4655.0","감초뿌리추출물,비타민나무수(24.48%)*,글리세린,메틸프로판다이올,부틸렌글라이콜,나이아신아마이드*,다이에톡시에틸석시네이트,1,2-헥산다이올*, 토코페릴아세테이트,정제수*,에칠아스코빌에텔(15,000ppm)*,비피다발효용해물,트라넥사믹애씨드*,알부틴*,아스코빅애씨드(1.0005ppb)*,아스코빌글루코사이드(0.00025ppb)*,하이드롤라이즈드콜라겐*,세라마이드엔피*,풀러린,팔미토일트라이펩타이드-5,아세틸헥사펩타이드-8, 하이알루로닉애씨드,소듐하이알루로네이트,하이드롤라이즈드하이알루로닉애씨드, 글리세릴글루코사이드, 토코페롤,알란토인,당근추출물,베타-카로틴,라우다이모늄하이드록시프로필하이드롤라이즈드밀단백질*,하이드로제네이티드레시틴*,판테놀,클로렐라 불가리스추출물,돌콩오일,유칼립투스잎오일,라벤더오일,오렌지껍질오일,왕귤껍질오일,소듐폴리아크릴로일다이메틸타우레이트,글루코오스,카프릴릭/카프릭트라이글리세라이드,프룩토올리고사카라이드,프룩토오스,아데노신,에틸헥실글리세린*,시트릭애씨드,폴리쿼터늄-51,소듐파이테이트,소듐시트레이트,카프릴릴글라이콜,다이프로필렌글라이콜*,펜틸렌글라이콜*,피브이피,피토스테롤*,잔탄검,리모넨,리날룰"
"A000000237634","[7월올영픽] 프리메라 세럼 3종 기획 (비타티놀/3C히알루론산/PDRN) 택1","프리메라","","","","32500","23500","","[비타티놀세럼]
정제수, 부틸렌글라이콜, 글리세린, 메틸글루세스-20, 아스코빌글루코사이드, 나이아신아마이드, 카프릴릴메티콘, 카프릴릭/카프릭트라이글리세라이드, 하이드로제네이티드폴리아이소부텐, 1,2-헥산다이올, 트로메타민, 하이드록시에틸아크릴레이트/소듐아크릴로일다이메틸타우레이트코폴리머, 폴리솔베이트20, 폴리아크릴레이트-13, 다이메티콘, 판테놀, 소듐스테아로일글루타메이트, 소듐시트레이트, 폴리아이소부텐, 폴리아크릴레이트크로스폴리머-6, 다이메틸아이소소바이드, 락토바실러스/콩추출물발효여과물, 해바라기씨오일, 옥수수전분, 돌콩오일, 만니톨, 수크로오스, 마이크로크리스탈린셀룰로오스, 글리세릴카프릴레이트, 스핑고모나스발효추출물, 에틸헥실글리세린, 솔비탄아이소스테아레이트, 소듐메타포스페이트, 당근추출물, 아데노신, 하이드록시피나콜론레티노에이트, 시트릭애씨드, 레티놀, 티타늄디옥사이드 (CI 77891), 황색산화철, 엑토인, 하이드로제네이티드레시틴, 아스코빅애씨드, 베타-카로틴, 토코페롤, 펜틸렌글라이콜, 프로필렌글라이콜, 소듐하이알루로네이트, 카보머, 아세틸테트라펩타이드-11, 아라비아고무나무검, 프로필렌글라이콜알지네이트
[PDRN세럼]
정제수, 부틸렌글라이콜, 나이아신아마이드, 글리세린, 트라이프로필렌글라이콜, 다이메틸아이소소바이드, 베타인, 판테놀, 1,2-헥산다이올, 암모늄아크릴로일다이메틸타우레이트/브이피코폴리머, 하이드록시에틸아크릴레이트/소듐아크릴로일다이메틸타우레이트코폴리머, 하이드로제네이티드레시틴, 폴리메틸메타크릴레이트, 락토바실러스/콩추출물발효여과물, 콜레스테롤, 에틸헥실글리세린, 잔탄검, 티몰트라이메톡시신나메이트, 옥수수전분, 클로렐라 프로토테코이데스추출물, 소듐카보머, 만니톨, 수크로오스, 마이크로크리스탈린셀룰로오스, 소듐메타포스페이트, 아데노신, 아시아티코사이드, 마데카식애씨드, 아시아틱애씨드, 솔비탄아이소스테아레이트, 하이드롤라이즈드디엔에이, 토코페롤, 3-O-에틸아스코빅애씨드, 페룰릭애씨드, 락토바실러스세포외소포, 티타늄디옥사이드 (CI 77891), 황련뿌리추출물, 황색산화철, 사이아노코발아민, 글루타티온, 아스코빅애씨드
[3C히알루론산세럼]
정제수, 부틸렌글라이콜, 글리세린,메도우폼씨오일, 나이아신아마이드, 베헤닐알코올, 1,2-헥산다이올, 글리세릴폴리메타크릴레이트,자일리톨, 베타인, 카페인, 에리스리톨, 피토스테롤, 호호바에스터, 카보머,락토바실러스/콩추출물발효여과물, 트로메타민, 아라키딜알코올, 글리세릴카프릴레이트, 에틸헥실글리세린, 아라키딜글루코사이드, 소듐메타포스페이트, 마데카소사이드, 하이알루로닉애씨드 (100PPM), 프로필렌글라이콜, 소듐하이알루로네이트, 세라마이드엔피, 토코페롤, 소듐하이알루로네이트크로스폴리머-6"
"A000000200328","[수분보습] 디오디너리 히알루로닉 애시드 2% + B5 60ml","디오디너리","60.0","60.0","ml","","25000","4166.7","정제수, 소듐하이알루로네이트(2%), 프로판다이올, 펜틸렌글라이콜, 하이드롤라이즈드하이알루로닉애씨드, 소듐하이알루로네이트크로스폴리머, 포스포리피드, 스핑고리피드, 판테놀, 안펠티옵시스 콩킨나추출물, 글리세린, 폴리솔베이트20, 시트릭애씨드, 소듐시트레이트, p-아니식애씨드, 토코페롤, 트라이소듐에틸렌다이아민다이석시네이트, 카프릴릴글라이콜, 에톡시다이글라이콜, 에틸헥실글리세린, 헥실렌글라이콜,페녹시에탄올, 클로페네신"
"A000000251276","[거울키링 증정] 아벤느 이드랑스 에센스-인-로션 200ml 2입 기획","아벤느","200.0","400.0","ml","51000","37900","947.5","아쿠아(아벤느 온천수), 글리세린, 펜틸렌글라이콜, 1,2-헥산다이올, 다이메티콘, 하이드록시에틸아크릴레이트/소듐아크릴로일다이메틸타우레이트코폴리머, 베타인, 메틸글루세스-20, 아이소세틸스테아로일스테아레이트, 트라이에틸헥사노인, 하이드로제네이티드폴리아이소부텐, 세테아릴올리베이트, 솔비탄올리베이트, 스쿠알란, 트레할로오스, 향료, 정제수, 소듐시트레이트, 피이지-7트라이메틸올프로판코코넛에터, 다이소듐이디티에이, 레시틴, 피토스테롤, 잔탄검, 솔비탄아이소스테아레이트, 시트릭애씨드, 소듐하이알루로네이트"
"A000000202469","[쾌속수분/리필기획] 더마토리 히알샷 베리어 B5 앰플 50ml 리필기획(+50ml 리필)","더마토리","50.0","100.0","ml","35000","24500","2450.0","정제수, 글리세레스-26, 부틸렌글라이콜, 1,2-헥산다이올, 나이아신아마이드, 글리세린, 다이에톡시에틸석시네이트, 프로판다이올, 다시마추출물, 한련초잎추출물, 카바카바잎/뿌리/줄기추출물, 병풀추출물, 인삼열매추출물, 소듐하이알루로네이트(2,400ppm), 하이드로제네이티드레시틴, 락토바실러스발효물(9,790ppm), 하이드록시에틸우레아, 암모늄아크릴로일다이메틸타우레이트/브이피코폴리머, 다이프로필렌글라이콜, 베타인, 옥틸도데세스-16, 메틸프로판다이올, 잔탄검, 판테놀(1,000ppm), 에틸헥실글리세린, 아데노신, 카보머, 프룩토올리고사카라이드, 베타-글루칸, 다이소듐이디티에이, 알란토인, 트로메타민, 폴리쿼터늄-51, 하이드롤라이즈드하이알루로닉애씨드(60,000ppb), 하이드롤라이즈드소듐하이알루로네이트(10,000ppb), 토코페롤, 스쿠알란, 향료"
"A000000233336","[즉각쿨링/SOS진정세럼] 션리 다시마 그리너리 세럼35ml","션리","35.0","35.0","ml","30000","24000","6857.1","정제수, 다시마즙 (20%), 글리세린, 부틸렌글라이콜, 1,2-헥산다이올, 나이아신아마이드, 메틸프로판다이올, 메틸글루세스-20, 소듐카보머, 프로판다이올, 폴리글리세릴-10라우레이트, 알란토인, 글리세릴아크릴레이트/아크릴릭애씨드코폴리머, 세틸에틸헥사노에이트, 세테아릴알코올, 에틸헥실글리세린, 다이포타슘글리시리제이트, 잔탄검, 아데노신, 폴리솔베이트60, 카프릴릴/카프릭트라이글리세라이드, 글리세릴스테아레이트, 향료, 인도멀구슬나무잎추출물, 스테아릭애씨드, 세테아릴올리베이트, 소듐아크릴레이트/소듐아크릴로일다이메틸타우레이트코폴리머, 다이소듐이디티에이, 솔비탄올리베이트, 시메티콘, 사이클로펜타실록세인, 아이소헥사데칸, 인도멀구슬나무꽃추출물, 카보머, 알지닌, 폴리솔베이트80, 솔비톨, 솔비탄올리에이트, 조류추출물, 다시마추출물 (0.0002%), 락토바실러스발효물, 톳추출물, 겔리듐 카르틸라기네움추출물, 수용성콜라겐, 하이드롤라이즈드콜라겐, 아텔로콜라겐"
"A000000256049","[코르티스PICK] 토리든 밸런스풀 시카 컨트롤 세럼 50ml 더블기획 (+20ml)","토리든","50.0","70.0","ml","34000","23800","3400.0","정제수, 글리세린, 프로판다이올, 다이프로필렌글라이콜, 나이아신아마이드, 1,2-헥산다이올, 판테놀(11,000ppm), 병풀추출물, 마데카식애씨드, 아시아티코사이드(3,610ppb), 아시아틱애씨드, 마데카소사이드, 알란토인, 쓴풀추출물, 푸른연꽃추출물, 락토바실러스발효물, 접시꽃추출물, 소듐하이알루로네이트, 하이드롤라이즈드하이알루로닉애씨드, 하이알루로닉애씨드, 하이드록시프로필트라이모늄하이알루로네이트, 포타슘하이알루로네이트, 소듐하이알루로네이트크로스폴리머, 소듐아세틸레이티드하이알루로네이트, 징크하이드롤라이즈드하이알루로네이트, 칼슘판토테네이트, 석시닉애씨드, 글루코닉애씨드, 카프릴로일살리실릭애씨드, 징크피씨에이, 팔미토일다이펩타이드-7, 다이펩타이드-2, 다이포타슘글리시리제이트, 펜틸렌글라이콜, 소듐스테아로일글루타메이트, 아세틸글루코사민, 글리세릴글루코사이드, 아이소펜틸다이올, 2,3-부탄다이올, 옥틸도데칸올, 글리세릴아크릴레이트/아크릴릭애씨드코폴리머, 피브이엠/엠에이코폴리머, 카프로익애씨드, 폴리글리세릴-4올리에이트, 솔비탄스테아레이트, 폴리글리세린-3, 피토스테롤, 소듐서팩틴, 카보머, 잔탄검, 트로메타민, 소듐아세테이트, 에틸헥실글리세린, 콥티스뿌리추출물, 말라카이트추출물"
"A000000211084","[보습개선/진정]반코르 바쿠치올 5000ppm 모공결 주름결 세럼 슬로우에이징","반코르","","","","27500","23380","","정제수, 레몬수, 글리세린, 카프릴릭/카프릭트라이글리세라이드, 코코-카프릴레이트/카프레이트, 퀸즈랜드넛오일, 세테아릴알코올, 아라키딜알코올, 세테아릴올리베이트, 베타인, 올리브오일, 해바라기씨오일, 알파-비사보롤, 바쿠치올(5,000ppm), 백미꽃추출물, 베헤닐알코올, 솔비탄올리베이트, 아라키딜글루코사이드, 부틸렌글라이콜, 잔탄검, 트레할로오스, 트로메타민, 아데노신, 비닐다이메티콘, 아크릴레이트/C10-30알킬아크릴레이트크로스폴리머, 펜틸렌글라이콜, 카프릴릴글라이콜, 하이드록시아세토페논, 1,2-헥산다이올"
"A000000258469","[NEW/레오제이 공동개발] 헤브블루 살몬 케어링 센텔라 버블 토너-센스 95ml 기획(+센텔라 크림 20ml*2ea)","헤브블루","95.0","115.0","ml","35900","23300","2026.1","[살몬 케어링 센텔라 버블 토너-센스 95ml]
병풀잎수(519,400 PPM), 정제수, C13-15알케인, 카프릴릭/카프릭트라이글리세라이드, 부틸렌글라이콜, 스쿠알란, 1,2-헥산다이올, 폴리글리세린-3, 글리세린, 트라이라우레스-4포스페이트, 연어알추출물(1,500 PPM), 에틸헥실글리세린, 해바라기씨오일, 소듐하이알루로네이트, 토코페롤, 하이드록시아세토페논, 다이소듐이디티에이, 알란토인, 알로에베라잎추출물, 레몬그라스추출물, 유칼립투스잎추출물, 콘민트추출물, 판테놀, 소듐디엔에이, 마데카소사이드, 멘틸락테이트, 에틸멘탄카복사마이드, 에리스리톨, 메틸다이아이소프로필프로피온아마이드, 프로폴리스추출물, 아시아티코사이드, 병풀잎추출물

[살몬 케어링 센텔라 크림 20ml]
병풀잎수(625,219ppm), 부틸렌글라이콜, 글리세린, 카프릴릭/카프릭트라이글리세라이드, 하이드로제네이티드폴리(C6-14올레핀), 정제수, 프로판다이올, 다이프로필렌글라이콜, 펜타에리스리틸테트라에틸헥사노에이트, 1,2-헥산다이올, 사이클로헥사실록세인, 해바라기씨오일, 세테아릴올리베이트, 솔비탄올리베이트, 암모늄아크릴로일다이메틸타우레이트/브이피코폴리머, 아크릴레이트/C10-30알킬아크릴레이트크로스폴리머, 트로메타민, 연어알추출물(1,500ppm), 소듐폴리아크릴레이트, 베타인, 판테놀, 녹차수, 소듐하이알루로네이트, 에틸헥실글리세린, 잔탄검, 아데노신, 다이소듐이디티에이, 덱스트린, 쇠비름추출물, 하이드롤라이즈드콜라겐, 카카오추출물, 토코페롤, 하이알루로닉애씨드, 마데카소사이드, 소듐디엔에이, 말토덱스트린, 아보카도열매추출물, 하이드롤라이즈드하이알루로닉애씨드"
"A000000169035","[올리브영 단독기획] 믹순 콩 에센스 50ml 기획 (+병풀 에센스 20ml)","믹순","50.0","70.0","ml","","35000","5000.0","[콩 에센스]
락토바실러스/콩발효추출물, 락토바실러스/석류발효추출물, 효모/보리씨발효추출물, 락토바실러스/배즙발효여과물

[미니 순디 병풀 에센스]
정제수,부틸렌글라이콜, 병풀추출물 100,000ppm"
"A000000247239","[화잘먹/속보습] 이니스프리 그린티 세라마이드 밀크 에센스 160ml 기획 (+25ml)","이니스프리","160.0","185.0","ml","22000","16500","891.9","정제수, 글리세린, 부틸렌글라이콜, 프로판다이올, 하이드로제네이티드쌀겨오일, 베타인, 1,2-헥산다이올, 만니톨, 폴리글리세린-3, 피피지-13-데실테트라데세스-24, 하이드로제네이티드레시틴, 펜틸렌글라이콜, 글리세릴카프릴레이트, 잔탄검, 카보머, 에틸헥실글리세린, 카프릴릭/카프릭트라이글리세라이드, 소듐스테아로일글루타메이트, 트로메타민, 하이드록시에틸아크릴레이트/소듐아크릴로일다이메틸타우레이트코폴리머, 소듐메타포스페이트, 나이아신아마이드, 폴리글리세릴-10스테아레이트, 솔비탄아이소스테아레이트, 하이알루로닉애씨드, 세라마이드엔피(10 ppm), 피토스테롤, 녹차씨오일(5 ppm), 토코페롤, 소듐하이알루로네이트, 녹차추출물(0.5 ppm), 카프릴릴글라이콜, 프로필렌글라이콜, 글리세릴올리에이트, 레시틴, 라우릴글루코사이드, 하이드롤라이즈드하이알루로닉애씨드, 폴리글리세릴-6라우레이트, 미리스틸글루코사이드, 소듐하이알루로네이트크로스폴리머, 소듐트라이메타포스페이트, 소듐아세틸레이티드하이알루로네이트, 아세틸테트라펩타이드-2"
"A000000249735","[데일리기미톤업] 동국제약 멜라-셋 기미 토닝 크리미 에센스 100ml","동국제약","100.0","100.0","ml","38000","21850","2185.0","정제수, 프로판다이올, 세틸에틸헥사노에이트, 부틸렌글라이콜, 알부틴, 1,2-헥산다이올, 판테놀, 페닐트라이메티콘, 폴리글리세릴-3메틸글루코오스다이스테아레이트, 글리세릴스테아레이트, 하이드록시아세토페논, 폴리메틸실세스퀴옥세인, 카보머, 알지닌, C12-16알코올, 알란토인, 포타슘세틸포스페이트, 하이드로제네이티드레시틴, 글리세린, 다이프로필렌글라이콜, 에틸헥실글리세린, 팔미틱애씨드, 잔탄검, 다이포타슘글리시리제이트, 다이소듐이디티에이, 시트릭애씨드, 트라넥사믹애씨드, 폴리글리세릴-10올리에이트, 아시아티코사이드, 마데카식애씨드, 아시아틱애씨드, 알파-알부틴, 엑토인, 마그네슘아스코빌포스페이트, 비타민나무열매추출물, 카프릴릭/카프릭트라이글리세라이드, 포스포릭애씨드, 아스코빅애씨드, 토코페롤, 글루타티온, 아스타잔틴"
"A000000259189","[7월 올영픽] 유리아쥬 시카 데일리 인텐스 리페어 세럼 30ml 한정기획 (+미스트 50ml)","유리아쥬","30.0","80.0","ml","44000","33500","4187.5","[세럼]
정제수,온천수*,글리세린,다이글리세린,1,2-헥산다이올,이눌린,판테놀,소듐폴리아크릴로일다이메틸타우레이트,잔탄검,소듐하이알루로네이트,프로판다이올,병풀잎추출물,시트릭애씨드,징크글루코네이트,글루타밀아미도에틸인돌

[미스트]
정제수, 메틸프로판다이올, 부틸렌글라이콜, 글리세린, 1,2-헥산다이올, 나이아신아마이드, 에틸헥실글리세린, 쇠비름추출물, 소듐시트레이트, 하이드록시아세토페논, 폴리쿼터늄-51, 시트릭애씨드, 다이소듐이디티에이, 하이드로제네이티드레시틴, 판테놀, 병풀추출물, 무화과추출물, 세라마이드엔피, 락토코쿠스발효용해물, 프룩토올리고사카라이드, 향부자추출물, 사탕무뿌리추출물, 징크피씨에이, 베툴린, 포타슘락테이트, 락틱애씨드, 소듐클로라이드"
"A000000153893","[속보습/100시간] 아이소이 모이스춰닥터 장수진 수분앰플 40ml","아이소이","40.0","40.0","ml","27000","21600","5400.0","정제수,글리세린,베타인,트레할로오스,스쿠알란,카프릴릭/카프릭트라이글리세라이드,판테놀,소듐하이알루로네이트,하이드롤라이즈드하이알루로닉애씨드,하이알루로닉애씨드,소듐하이알루로네이트크로스폴리머,하이드롤라이즈드글라이코사미노글리칸,티트리잎추출물,쇠비름추출물,약모밀추출물,흰버드나무껍질추출물,오레가노잎추출물,편백잎추출물,락토바실러스/콩발효추출물,육계나무껍질추출물,알지닌,카보머,마카다미아씨오일,피토스핑고신,세라마이드엔피,잔탄검,자몽껍질오일,솔비탄세스퀴올리에이트,부틸렌글라이콜,1,2-헥산다이올,프로판다이올,포트마리골드꽃추출물,황금추출물,모란뿌리추출물,스페인감초뿌리추출물,하이드로제네이티드레시틴,리모넨"
"A000000236324","러븀 그린 시트러스 비타민 씨 세럼 플러스 30ml","러븀","30.0","30.0","ml","28000","21300","7100.0","유자수(500,000ppm), 나이아신아마이드(160,000ppm), 정제수, 프로판다이올, 부틸렌글라이콜, 변성알코올, 1,2-헥산다이올, 트라넥사믹애씨드(20,000ppm), 아데노신, 카페인, 에톡시다이글라이콜, 펜틸렌글라이콜, 하이드록시에틸셀룰로오스, 덱스트린, 치자추출물, 잇꽃꽃추출물, 에틸헥실글리세린, 징크피씨에이, 아스코빅애씨드(10ppm), 소듐파이테이트, 다이소듐포스페이트, 폴리솔베이트60, 소듐포스페이트, 판테놀, 레몬추출물(0.4ppm), 유자추출물(0.37ppm), 라임추출물(0.3ppm), 사과추출물(0.1ppm), 유자껍질추출물(0.02ppm), 유자씨추출물(0.01ppm), 티아민에이치씨엘, 피리독신, 바이오틴, 사이아노코발아민, 리보플라빈, 폴릭애씨드, 메나다이온, 바이오플라보노이드, 토코페릴아세테이트, 글루타티온"
"A000000219548","아비브 어성초 테카 캡슐 세럼 카밍드롭 50+20ml 기획","아비브","50.0","70.0","ml","","32000","4571.4","정제수, 1,2-헥산다이올, 나이아신아마이드, 프로판다이올, 다이프로필렌글라이콜, 부틸렌글라이콜, 글리세린, 베타인, 다이에톡시에틸석시네이트, 약모밀추출물(8,015 ppm), 카프릴릭/카프릭트라이글리세라이드, 아이소노닐아이소노나노에이트, 아이리쉬모스추출물, 판테놀, 글루코오스, 클로렐라 불가리스추출물, 사탕수수추출물, 암모늄아크릴로일다이메틸타우레이트/브이피코폴리머, 카보머, 프룩토오스, 프룩토올리고사카라이드, 트로메타민, 펜틸렌글라이콜, 에틸헥실글리세린, 잔탄검, 캐스터오일/아이피디아이코폴리머, 마데카소사이드, 석시닉애씨드, 알란토인, 소듐파이테이트, 인도멀구슬나무잎추출물, 바이오사카라이드검-1, 인도멀구슬나무꽃추출물, 아이비고드열매추출물, 알지닌, 베타-글루칸, 호박가루, 가지열매추출물, 울금뿌리추출물, 홀리바질잎추출물, 아모다이메티콘, 참산호말추출물, 드럼스틱씨오일, 토코페롤, 엑토인, 아시아티코사이드(0.082 ppm), 마데카식애씨드(0.068 ppm), 아시아틱애씨드(0.05 ppm), 사과추출물, 4-터피네올, 솔비톨"
"A000000257798","[7월 올영픽/화잘먹부스팅템] 세포랩 바이오제닉 에센스 블렌디드 포뮬라 50% 100ml","세포랩","100.0","100.0","ml","46000","31000","3100.0","50%(30ml/100ml): 케리포리아 라케라타세포외소포, 미선나무수, 부틸렌글라이콜, 1,2-헥산다이올, 하이드록시아세토페논, 소듐하이알루로네이트"
"A000000252606","[리뉴얼/NEW] 메디큐브 제로 모공 원데이 펩타이드 세럼 30ml","메디큐브","30.0","30.0","ml","24800","19900","6633.3","정제수, 메틸프로판다이올, 글리세린, 프로판다 이올, 나이아신아마이드, 트로메타민, 1,2-헥산다이올, 폴리글리세린-3, 락틱애씨드, 다이메티콘, 글루코노락톤, 살리실릭애씨드, 하이드록시에틸셀룰로오스, 소듐폴리 아크릴로일다이메틸타우레이트, 레시틴, C12-14알케스 -12, 알란토인, 시트릭애씨드, 에틸헥실글리세린, 아데노신, 부틸렌글라이콜, 덱스트린, 글라이콜릭애씨드, 소듐시트레이트, 치자추출물, 트라이소듐포스페이트, 카프릴로일살리실릭애씨드, 물망초꽃/잎/줄기추출물, 원추 리꽃추출물, 별꽃추출물, 락토바실러스발효용해물, 서양민들레잎추출물, 락토바실러스발효물, 카프릴릭/카프릭트라이글리세라이드, 솔비탄라우레이트, 세틸팔미테이트, 솔비탄스테아레이트, 폴리솔베이트80, 카프릴릴 글라이콜, 아세틸글루타민, 아세틸다이펩타이드-1세틸에스터(8ppb), 바실러스/소이빈발효추출물, 소듐벤조에이트, 당느릅나무뿌리추출물, 칡뿌리추출물, 대왕소나무잎추출물, 달맞이꽃꽃추출물, 하이드로제네이티드레시틴, 팔미토일트라이펩타이드-5(1.1ppb), 아세틸헥 사펩타이드-1(1ppb), 토코페롤, 아세틸옥타펩타이드-3 (0.5ppb), 소듐하이알루로네이트, 팔미토일테트라펩타이드-10(0.2ppb), 폴릭애씨드, 카퍼트라이펩타이드-1 (0.05ppb), 올리고펩타이드-3(0.002ppb), 올리고펩타이드-2(0.002ppb), 올리고펩타이드-1(0.002ppb), 헥사펩타이드-11(0.002ppb)"
"A000000250531","[단독기획] 아임프롬 머그워트 에센스 150ml 1+1","아임프롬","150.0","300.0","ml","36000","30600","1020.0","정제수, 쑥추출물(400,036 ppm), 부틸렌글라이콜, 글리세린, 1,2-헥산다이올, 소듐하이알루로네이트, 에틸헥실글리세린, 프로판다이올, 폴리글리세릴-10라우레이트"
"A000000257200","[NEW/리뷰이벤트] 비욘드 엔젤 아쿠아 이온 히알루 10% 수분 가득 진정 앰플 50ml 1+1 기획","비욘드","50.0","100.0","ml","28000","19800","1980.0","정제수, 하이드롤라이즈드하이알루로닉애씨드*(10.0207 %), 부틸렌글라이콜, 글리세린, 다이프로필렌글라이콜, 프로판다이올, 1,2-헥산다이올, 베타인, 판테놀, 하이드록시에틸우레아, 카보머, 알란토인, 트레할로오스, 트로메타민, 암모늄폴리아크릴로일다이메틸타우레이트, 소듐하이알루로네이트*(300.01 ppm), 잔탄검, 트라이소듐이디티에이, 트라이소듐에틸렌다이아민다이석시네이트, 에틸헥실글리세린, 말라카이트추출물, 알지닌, 글리세릴아크릴레이트/아크릴릭애씨드코폴리머, 징크피씨에이, 베타-글루칸, 피브이엠/엠에이코폴리머, 글리세릴리놀리에이트, 수크로오스팔미테이트, 해바라기씨오일, 페러스설페이트*(0.1 ppm), 하이알루로닉애씨드*(0.1 ppm), 하이드롤라이즈드소듐하이알루로네이트*(0.1 ppm), 하이드록시프로필트라이모늄하이알루로네이트*(0.1 ppm), 망가니즈설페이트*(0.1 ppm), 소듐아세틸레이티드하이알루로네이트*(0.1 ppm), 소듐글루코네이트*(0.1 ppm), 토코페롤, 글라이신, 펜틸렌글라이콜, 마그네슘설페이트*(0.00475 ppm), 징크글루코네이트*(0.00475 ppm), 칼슘글루코네이트*(0.0005 ppm), 카퍼글루코네이트*(0.0005 ppm), 카퍼트라이펩타이드-1, 소듐하이알루로네이트크로스폴리머*(0.0001 ppm)
*이온 히알루™"
"A000000204306","[수딩진정] 넘버즈인 1번 판토텐산 액티브업 수딩세럼 50ml","넘버즈인","50.0","50.0","ml","30000","19500","3900.0","정제수, 부틸렌글라이콜, 나이아신아마이드, 글리세린, 다이프로필렌글라이콜, 1,2-헥산다이올, 판테놀, 도둑놈의지팡이뿌리추출물, 아크릴레이트/C10-30알킬아크릴레이트크로스폴리머, 프로판다이올, 다이에톡시에틸석시네이트, 트로메타민, 하이드로제네이티드레시틴, 암모늄아크릴로일다이메틸타우레이트/브이피코폴리머, 베타인, 판토테닉애씨드, 트레할로오스, 에틸헥실글리세린, 글리세릴올리에이트, 소듐파이테이트, 알란토인, 알파-알부틴, 약모밀추출물, 라우릴글루코사이드, 미리스틸글루코사이드, 폴리글리세릴-6라우레이트, 징크피씨에이, 인도멀구슬나무잎추출물, 토코페롤, 감초뿌리추출물, 인도멀구슬나무꽃추출물, 아이비고드열매추출물, 병풀추출물, 소듐하이알루로네이트, 시트릭애씨드, 가지열매추출물, 베타-글루칸, 홀리바질잎추출물, 하이알루로닉애씨드, 데실글루코사이드, 울금뿌리추출물, 참산호말추출물, 다이포타슘글리시리제이트, 하이드롤라이즈드하이알루로닉애씨드, 호호바씨오일, 녹차추출물, 병풀잎추출물, 오카무라큰실말추출물, 흰버드나무껍질추출물, 소듐아세틸레이티드하이알루로네이트, 커피콩추출물, 베타-시토스테롤, 폴리글리세릴-10스테아레이트, 베르가모트잎추출물, 소나무잎추출물"
"A000000210195","[색소침착/미백] 마일드랩 딥 멜라케어 앰플 30ml","마일드랩","30.0","30.0","ml","26000","19500","6500.0","정제수, 프로판다이올, 부틸렌글라이콜, 나이아신아마이드(30,000ppm), 트라넥사믹애씨드(20,000ppm), 글리세린, 1,2-헥산다이올, 소듐헤파린, 소듐하이알루로네이트, 알파-알부틴(5,000ppm), 판테놀, 티트리추출물, 마데카식애씨드, 덱스판테놀, 아시아티코사이드, 아시아틱애씨드, 알란토인, 하이드로제네이티드레시틴, 암모늄아크릴로일다이메틸타우레이트/브이피코폴리머, 아크릴레이트/C10-30알킬아크릴레이트크로스폴리머, 트로메타민, 에틸헥실글리세린, 다이소듐이디티에이"
"A000000218587","[한정기획/강력진정세럼] 닥터자르트 시카페어 인텐시브 수딩 리페어 세럼 30ml 1+1 기획","닥터자르트","30.0","60.0","ml","49000","29900","4983.3","정제수, 글리세린, 부틸렌글라이콜, 프로판다이올, 메틸글루세스-20, 에톡시다이글라이콜, 베타인, 알란토인, 옥틸도데칸올, 에틸헥실글리세린, 아시아티코사이드, 마데카식애씨드, 글라이코리피드, 아시아틱애씨드, 폴리글리세릴-4올리에이트, 병풀잎추출물, 소듐스테아로일글루타메이트, 팔미토일트라이펩타이드-8, 1,2-헥산다이올, 아이소펜틸다이올, 카보머, 잔탄검, 트로메타민, 폴리글리세릴-10라우레이트, 하이드로제네이티드레시틴, C12-13알케스-9, 소듐서팩틴, 덱스트란, 황색4호 (CI 19140), 청색1호 (CI 42090)"
"A000000219714","[단독기획/대용량] 파티온 노스카나인 트러블 모공탄력 세럼 50ml 기획(+5ml+크림 5ml)","파티온","50.0","60.0","ml","39200","29800","4966.7","정제수, 프로판다이올, 글리세린, 다이프로필렌글라이콜, 펜틸렌글라이콜, 나이아신아마이드, 솔비톨, 베타인, 판테놀, 자일리틸글루코사이드, 폴리글리세릴-10라우레이트, 클로렐라 불가리스추출물, 글루코오스, 트레할로오스, 부틸렌글라이콜, 카보머, 소듐폴리아크릴로일다이메틸타우레이트, 알란토인, 프룩토올리고사카라이드, 프룩토오스, 하이드로제네이티드레시틴, 트로메타민, 글리세릴글루코사이드, 세틸팔미테이트, 에틸헥실글리세린, 카페인, 다이포타슘글리시리제이트, 소듐폴리아크릴레이트, 아데노신, 1,2-헥산다이올, 안하이드로자일리톨, 자일리톨, 자일로오스, 글리세릴아크릴레이트/아크릴릭애씨드코폴리머, 올리브오일, 폴리글리세릴-3메틸글루코오스다이스테아레이트, 소듐하이알루로네이트, 소듐파이테이트, 세테아릴알코올, 베타-글루칸, 포스파티딜콜린, 카프릴릴글라이콜, 사과추출물, 세라마이드엔피, 콜레스테롤, 세라마이드에이피, 레틴알, 팔미토일펜타펩타이드-4, 하이드록시아세토페논, 소듐헤파린, 토코페롤, 쑥잎추출물"
"A000000254656","[30ml+30ml / 집중탄력케어] 아렌시아 레틴알 부스터 샷 30ml 더블기획","아렌시아","30.0","90.0","ml","46500","29500","3277.8","정제수, 글리세린, 메틸프로판다이올, 부틸렌글라이콜, 카프릴릭/카프릭트라이글리세라이드, 1,2-헥산다이올, 나이아신아마이드, 세틸에틸헥사노에이트, 세테아릴올리베이트, 폴리글리세릴-3메틸글루코오스다이스테아레이트, 다이아이소스테아릴말레이트, 소듐폴리아크릴레이트, 솔비탄올리베이트, 아크릴레이트/C10-30알킬아크릴레이트크로스폴리머, 알지닌, 마카다미아씨오일, 하이드로제네이티드레시틴, 에틸헥실글리세린, 아데노신, 치자추출물, 잔탄검, 콜레스테롤, 폴리글리세릴-10라우레이트, 알란토인, 레틴알(200ppm), 실리카, 유채스테롤, 덱스트린, 판테놀, 토코페롤, 알루미늄/마그네슘하이드록사이드스테아레이트, 포타슘세틸포스페이트, 펜타에리스리틸테트라-다이-t-부틸하이드록시하이드로신나메이트, 카페인, 다이소듐이디티에이, 엑토인, 바쿠치올, 세라마이드엔피, 병풀추출물, 글라이코스핑고리피드, 팔미토일펜타펩타이드-4, 헥사펩타이드-2, 헥사펩타이드-9, 트라이펩타이드-1, 펜타펩타이드-3, 팔미토일트라이펩타이드-1, 팔미토일트라이펩타이드-5, 아세틸헥사펩타이드-8, 카퍼트라이펩타이드-1"
"A000000232910","[쫀득속광] 이니스프리 레티놀 그린티 PDRN 앰플 25ml 기획","이니스프리","25.0","25.0","ml","40000","28800","11520.0","락토바실러스발효용해물(56.88%), 글리세린, 프로판다이올, 정제수, 다이프로필렌글라이콜, 부틸렌글라이콜, 나이아신아마이드, 1,2-헥산다이올, 스쿠알란, 글리세릴폴리메타크릴레이트, 다이메틸아이소소바이드, 메틸트라이메티콘, 세테아릴알코올, 하이드록시에틸우레아, 암모늄아크릴로일다이메틸타우레이트/브이피코폴리머, 해바라기씨오일, 돌콩오일, 알란토인, 글리세릴스테아레이트, 잔탄검, 토코페롤, 토코페릴아세테이트, 펜틸렌글라이콜, 다이포타슘글리시리제이트, 소듐스테아로일글루타메이트, 하이드로제네이티드레시틴, 당근추출물, 하이드록시피나콜론레티노에이트, 스테아릭애씨드, 폴리글리세릴-3메틸글루코오스다이스테아레이트, 소듐폴리아크릴레이트, 소듐메타포스페이트, 코질메틸렌다이옥시신나메이트, 팔미틱애씨드, 에틸헥실글리세린, 아데노신, 레티놀 (1,000IU/g), 소듐하이알루로네이트, 하이알루로닉애씨드, 하이드롤라이즈드식물성단백질, 서양톱풀추출물, 베타-카로틴, 미리스틱애씨드, 라우릭애씨드, 풀루란, 제인, 녹차추출물, 펙 틴, 시트릭애씨드"
"A000000219106","[수쫀광/화잘먹 위시앰플] 나인위시스 하이드라 수분 앰플 나노 플러스 50ml","나인위시스","50.0","50.0","ml","19500","13600","2720.0","코코넛워터, 부틸렌글라이콜, 다이프로필렌글라이콜, 글리세린, 1,2-헥산다이올, 정제수, 베타인, 카보머, 알지닌, 암모늄아크릴로일다이메틸타우레이트/브이피코폴리머, 잔탄검, 에틸헥실글리세린, 드럼스틱씨추출물, 다이소듐이디티에이, 다이포타슘글리시리제이트, 풀루란, 프룩토올리고사카라이드, 소듐하이알루로네이트, 베타-글루칸, 말토덱스트린, 하이드롤라이즈드소듐하이알루로네이트, 매스틱검, 글리세릴글루코사이드, 글라이신, 글루타믹애씨드, 류신, 메티오닌, 발린, 세린, 아스파틱애씨드, 아이소류신, 알라닌, 오르니틴, 타우린, 페닐알라닌, 프롤린, 히스티딘, 병풀추출물, 하이드로제네이티드레시틴, 소듐하이알루로네이트크로스폴리머, 포타슘하이알루로네이트, 하이드록시프로필트라이모늄하이알루로네이트, 하이드롤라이즈드하이알루로닉애씨드, 하이알루로닉애씨드, 락토바실러스발효물, 마데카식애씨드, 아시아티코사이드, 아시아틱애씨드, 카프릴릭/카프릭트라이글리세라이드, 펜틸렌글라이콜, 소듐아세틸레이티드하이알루로네이트"
"A000000214195","[잡티토닝/광채] 아렌시아 홀리 히솝 세럼 30 50g 기획 (+스파츌라 팩브러쉬)","아렌시아","50.0","50.0","g(약 1ml 상당으로 근사)","42000","28600","5720.0","정제수, 부틸렌글라이콜, 프로판다이올, 글리세린, 1,2-헥산다이올, 나이아신아마이드, 메틸프로판다이올, 암모늄아크릴로일다이메틸타우레이트/브이피코폴리머, 아크릴레이트/C10-30알킬아크릴레이트크로스폴리머, 알지닌, 덱스트린, 에틸헥실글리세린, 글리세릴아크릴레이트/아크릴릭애씨드코폴리머, 아데노신, 피브이엠/엠에이코폴리머, 치자추출물, 소듐하이알루로네이트, 히솝추출물, 3-O-에틸아스코빅애씨드, 소듐아스코빌포스페이트, 아스코빅애씨드, 아스코빌글루코사이드, 토코페롤, 판테놀, 피리독신, 아마씨추출물, 쌀추출물, 하이드로제네이티드레시틴, 세라마이드엔피, 글라이코스핑고리피드, 소듐하이알루로네이트크로스폴리머, 포타슘하이알루로네이트, 하이드록시프로필트라이모늄하이알루로네이트, 하이드롤라이즈드소듐하이알루로네이트, 하이드롤라이즈드하이알루로닉애씨드, 하이알루로닉애씨드, 펜틸렌글라이콜, 소듐아세틸레이티드하이알루로네이트"
"A000000207544","[트러블흔적/단독기획] 파티온 노스카나인 트러블 흔적 앰플 30ml 기획 (+트러블 세럼 15ml)","파티온","30.0","45.0","ml","34000","28400","6311.1","정제수, 메틸프로판다이올, 나이아신아마이드, 폴리글리세린-3 ,글리세린, 1,2-헥산다이올, 에리스리톨, 판테놀, 부틸렌글라이콜, 글리세레스-26, 트라넥사믹애씨드, 펜틸렌글라이콜, 자일리톨, 다이프로필렌글라이콜, 알란토인, 클로렐라 불가리스추출물, 다이에톡시에틸석시네이트, 글루코오스, 옥틸도데세스-16, 인도멀구슬나무잎추출물, 하이드록시아세토페논, 암모늄아크릴로일다이메틸타우레이트/브이피코폴리머, 하이드록시에틸우레아, 소듐폴리아크릴레이트, 프룩토올리고사카라이드, 프룩토오스, 징크피씨에이, 폴리글리세릴-10라우레이트, 인도멀구슬나무꽃추출물, 에틸헥실글리세린, 알파-알부틴, 다이포타슘글리시리제이트, 소듐헤파린, 메틸다이아이소프로필프로피온아마이드, 덱스트린, 카카오추출물, 홀리바질잎추출물, 소듐하이알루로네이트, 울금뿌리추출물, 참산호말추출물, 베타-글루칸, 쑥잎추출물, 토코페롤, 카페인, 페룰릭애씨드, 글루타티온, 인디안구스베리열매추출물, 호동씨오일, 포도세포추출물, 당호박추출물, 하이드로제네이티드레시틴, 폴리글리세릴-10스테아레이트, 카카두플럼추출물, 케이프알로에잎추출물, 밤부사 불가리스수, 소듐아스코빌포스페이트, 토코페릴아세테이트, 글리세릴아라키도네이트, 글리세릴리놀리네이트, 바이오틴, 레티닐팔미테이트"
"A000000188968","[1등 모공앰플] 디마르3 시그니처 에스투드 프로텍터 대용량 모공 앰플 170ml","디마르3","170.0","170.0","ml","59900","58100","3417.6","정제수, 글리세린, 메틸프로판다이올, 부틸렌글라이콜, 글리세레스-26, 1,2-헥산다이올, 나이아신아마이드, 베타인, 에탄올, 트레할로오스, 병풀추출물, 무화과추출물, 소엽맥문동뿌리추출물, 노티드랙추출물, 엘더꽃추출물, 월귤잎추출물, 오레가노잎추출물, 편백잎추출물, 흰버드나무껍질추출물, 에델바이스꽃/잎추출물, 락토바실러스/콩발효추출물, 쇠비름추출물, 육계나무껍질추출물, 황금추출물, 당아욱꽃/잎/줄기추출물, 레이디스맨틀꽃/잎/줄기추출물, 페루기네움철쭉추출물, 레몬밤잎추출물, 페퍼민트잎추출물, 서양톱풀꽃/잎/줄기추출물, 스피드웰꽃/잎/줄기추출물, 카우슬립꽃추출물, 하이드로제네이티드레시틴, 소듐하이알루로네이트, 폴리글리세릴-10라우레이트, 판테놀, 카보머, 트로메타민, 셀룰로오스검, 글리세릴폴리메타크릴레이트, 아데노신, 다이소듐이디티에이, 카라멜, 세라마이드엔피, 프로필렌글라이콜, 말토덱스트린, 아라비아고무나무검, 시트릭애씨드, 화산재, 토코페롤, 다이소듐포스페이트, 피토스핑고신, 향료, 펜틸렌글라이콜, 카프릴릴글라이콜, 에틸헥실글리세린, 소듐벤조에이트, 포타슘솔베이트, 리날룰"
"A000000212948","[주름리프팅] 퍼셀 82% 하이-도즈 펩타이드 콜라겐 앰플 20ml","퍼셀","20.0","20.0","ml","","28000","14000.0","효모/헥사펩타이드-11발효여과추출물(82%), 프로 판다이올, 글리세린, 1,2-헥산다이올, 베타인, 정제수, 하이드롤라이즈드콜라겐, 카르니틴, 아데노신, 메틸글 루세스-20, 부틸렌글라이콜, 에틸헥실글리세린, 팔미 토일트라이펩타이드-5(27.5ppm), 잔탄검"
"A000000259164","[잡티청소] 라운드랩 비타 나이아신 잡티 세럼 30ml 기획 (+1.5mlx3매)","라운드랩","30.0","31.5","ml","28000","17900","5682.5","비타민나무수(733,630ppm), 나이아신아마이드(50,000ppm), 프로판다이올, 부틸렌글라이콜, 1,2-헥산다이올, 아이소펜틸다이올, 정제수, 글리세린, 판테놀(11,250ppm), 트라넥사믹애씨드, 비타민나무열매추출물(3,862ppm), 병풀추출물, 쇠비름추출물, 로즈마리잎추출물, 마트리카리아꽃추출물, 무화과추출물, 하이드로제네이티드레시틴, 해바라기씨오일, 카프릴릭/카프릭트라이글리세라이드, 에틸헥실글리세린, 아데노신, 글루타티온, 3-O-에틸아스코빅애씨드(107ppm), 하이드록시데실유비퀴논, 세라마이드엔피, 비사보롤, 카보머, 아크릴레이트/C10-30알킬아크릴레이트크로스폴리머, 다이소듐이디티에이, 소듐폴리아크릴레이트, 피브이엠/엠에이코폴리머, 구아검, 아가, 트로메타민, 잔탄검, 토코페롤(2ppm), 크산토필"
"A000000163763","[디렉터파이 MADE] 더파이 시카알란 퍼스트 에센스 150ml","더파이에센셜","150.0","150.0","ml","34000","27200","1813.3","병풀추출물(80%), 글리세린, 정제수, 프로판다이올, 1,2-헥산다이올, 부틸렌글라이콜, 알란토인(3000ppm), 에틸헥실글리세린, 잔탄검, 소듐시트레이트, 시트릭애씨드, 마데카소사이드(30ppm), 아시아티코사이드(20ppm), 아시아틱애씨드(2ppm), 마데카식애씨드(2ppm)"
"A000000186997","[화해어워드 1위/모공앰플] 닥터오라클 레티노타이트닝 비타민A 레티놀 앰플 50ml","닥터오라클","50.0","50.0","ml","34000","27200","5440.0","정제수, 부틸렌글라이콜, 하이드로제네이티드폴리(C6-14올레핀), 1,2-헥산다이올, 나이아신아마이드, 세틸에틸헥사노에이트, 펜타에리스리틸테트라에틸헥사노에이트, 하이드록시피나콜론레티노에이트(1,000ppm), 아데노신, 판테놀, 알란토인, 소듐하이알루로네이트, 하이드롤라이즈드글라이코사미노글리칸, 다이포타슘글리시리제이트, 병풀추출물, 녹차추출물, 마트리카리아꽃/잎추출물, 버지니아풍년화잎추출물, 베타인, 토코페롤, 글리세린, 하이드로제네이티드식물성오일, 카보머, 판토락톤, 에틸헥실글리세린, 글리세릴스테아레이트, 폴리글리세릴-3메틸글루코오스다이스테아레이트, 스테아릭애씨드, 세테아릴알코올, 베헤닐알코올, 트로메타민, 다이메틸아이소소바이드, 다이소듐이디티에이, 다이메티콘, 향료"
"A000000254331","쥬베룩 PDLLA 콜라겐 부스팅 앰플 20g","쥬베룩","20.0","20.0","g(약 1ml 상당으로 근사)","62000","55700","27850.0","정제수, 부틸렌글라이콜, 글리세린, 1,2-헥산다이올, 나이아신아마이드, 자일리틸글루코사이드, 흑효모발효물, 자일리톨, 자일로오스, 소듐하이알루로네이트, 하이드롤라이즈드하이알루로닉애씨드, 하이드롤라이즈드해면, 하이알루로닉애씨드, 하이드롤라이즈드콜라겐(99.95ppb), 아텔로콜라겐(0.9995ppb), 판테놀, 베타인, 펜틸렌글라이콜, 하이드록시에틸우레아, 트로메타민, 다이페닐다이메티콘, 트라이에틸헥사노인, 에틸헥실글리세린, 폴리락틱애씨드(500,000ppb), 아데노신, 셀룰로오스검, 다이포타슘글리시리제이트, 안하이드로자일리톨, 프로판다이올, 하이드로제네이티드레시틴, 바이오사카라이드검-1, 시트릭애씨드, 소듐하이알루로네이트크로스폴리머, 소듐파이테이트, 글리세릴아크릴레이트/아크릴릭애씨드코폴리머, 하이드롤라이즈드글라이코사미노글리칸, 베타-글루칸, 벤질글라이콜, 팔미토일트라이펩타이드-5, 토코페롤, 아세틸헥사펩타이드-8, 카퍼트라이펩타이드-1, 팔미토일펜타펩타이드-4, 소듐락테이트, 스쿠알란, 폴리솔베이트20, 팔미토일트라이펩타이드-1, 팔미토일테트라펩타이드-7, 아세틸테트라펩타이드-5, 아스코빅애씨드폴리펩타이드, 아세틸옥타펩타이드-3, 아세틸테트라펩타이드-2, 아세틸테트라펩타이드-3, 아세틸테트라펩타이드-9, 카르노신, 노나펩타이드-1, 카보머"
"A000000228888","토리든 밸런스풀 시카 컨트롤 세럼 50ml","토리든","50.0","50.0","ml","23000","17250","3450.0","정제수, 글리세린, 프로판다이올, 다이프로필렌글라이콜, 나이아신아마이드, 1,2-헥산다이올, 판테놀(11,000ppm), 병풀추출물, 마데카식애씨드, 아시아티코사이드(3,610ppb), 아시아틱애씨드, 마데카소사이드, 알란토인, 쓴풀추출물, 푸른연꽃추출물, 락토바실러스발효물, 접시꽃추출물, 소듐하이알루로네이트, 하이드롤라이즈드하이알루로닉애씨드, 하이알루로닉애씨드, 하이드록시프로필트라이모늄하이알루로네이트, 포타슘하이알루로네이트, 소듐하이알루로네이트크로스폴리머, 소듐아세틸레이티드하이알루로네이트, 징크하이드롤라이즈드하이알루로네이트, 칼슘판토테네이트, 석시닉애씨드, 글루코닉애씨드, 카프릴로일살리실릭애씨드, 징크피씨에이, 팔미토일다이펩타이드-7, 다이펩타이드-2, 다이포타슘글리시리제이트, 펜틸렌글라이콜, 소듐스테아로일글루타메이트, 아세틸글루코사민, 글리세릴글루코사이드, 아이소펜틸다이올, 2,3-부탄다이올, 옥틸도데칸올, 글리세릴아크릴레이트/아크릴릭애씨드코폴리머, 피브이엠/엠에이코폴리머, 카프로익애씨드, 폴리글리세릴-4올리에이트, 솔비탄스테아레이트, 폴리글리세린-3, 피토스테롤, 소듐서팩틴, 카보머, 잔탄검, 트로메타민, 소듐아세테이트, 에틸헥실글리세린, 콥티스뿌리추출물, 말라카이트추출물"
"A000000156315","[온라인 단독기획]바이오더마 하이드라비오 세럼 더블기획(40ml+40ml)","바이오더마","40.0","80.0","ml","","54600","6825.0","정제수, 글리세린, 자일리톨, 소듐폴리아크릴레이트, 다이메티콘, 사이클로펜타실록세인, 페녹시에탄올, 클로페네신, 트라이데세스-6, 다이소듐이디티에이, 향료, 나이아신아마이드, 피이지/피피지-18/18다이메티콘, 프룩토올리고사카라이드, 만니톨, 소듐하이알루로네이트, 헥실데칸올, 카프릴릭/카프릭트라이글리세라이드, 람노오스, 라미나리아 오크롤레우카추출물, 사과씨추출물, 유채스테롤, 토코페롤"
"A000000189953","피지오겔 사이언수티컬즈 데일리뮨 글로우 에센스 100ML","피지오겔","100.0","100.0","ml","60000","54000","5400.0","""정제수, 다이프로필렌글라이콜, 프로판다이올, 글리세린, 트레할로오스, 변성알코올, 판테놀, 에칠아스코빌에텔(3-O-에틸아스코빅애씨드), 글라이코실트레할로오스, 페룰릭애씨드, 토코페롤, 소듐하이알루로네이트, 세라마이드엔피, 스쿠알란, 돌콩오일, 다마스크장미꽃오일, 베티버뿌리오일, 육계잎오일, 생강오일, 후추열매오일, 1,2-헥산다이올, 잇꽃꽃추출물, 카카오씨추출물, 솔비톨, 알란토인, 덱스트린, 다이글리세린, 소듐시트레이트, 시트릭애씨드, 하이드로제네이티드스타치하이드롤리세이트, 다이에톡시에틸석시네이트, 폴리글리세릴-10스테아레이트, 폴리글리세릴-10올리에이트, 카프릴릭/카프릭트라이글리세라이드, 하이드로제네이티드레시틴, 다이소듐이디티에이"
"A000000198339","[쫀쫀탄력|속보습] 바이오힐 보 프로바이오덤 3D 리프팅 앰플 30ml [단품/증정기획]","바이오힐보","30.0","30.0","ml","35000","26200","8733.3","락토바실러스발효용해물, 정제수, 아이소펜틸다이올, 글리세린, 카프릴릭/카프릭트라이글리세라이드, 폴리글리세린-3, 1,2-헥산다이올, 세틸에틸헥사노에이트, 락토바실러스발효물, 프룩토올리고사카라이드, 프룩탄, 이눌린, 판테놀, 베타인, 베타-글루칸, 아데노신, 사포닌, 수용성프로테오글리칸, 노나펩타이드-1, 아세틸테트라펩타이드-9, 아세틸테트라펩타이드-5, 아세틸헥사펩타이드-1, 아세틸헥사펩타이드-8, 팔미토일트라이펩타이드-8, 다이펩타이드다이아미노부티로일벤질아마이드다이아세테이트, 카퍼트라이펩타이드-1, 트라이펩타이드-1, 팔미토일테트라펩타이드-7, 팔미토일트라이펩타이드-1, 팔미토일트라이펩타이드-5, 팔미토일펜타펩타이드-4, 팔미토일헥사펩타이드-12, 펜타펩타이드-3, 헥사펩타이드-9, 올리고펩타이드-2, 글리세릴시트레이트/락테이트/리놀리에이트/올리에이트, 맥아추출물, 참마뿌리추출물, 오일팜오일, 하이드록시에틸아크릴레이트/소듐아크릴로일다이메틸타우레이트코폴리머, 폴리아크릴레이트크로스폴리머-6, 말토덱스트린, 에틸헥실글리세린, 프로판다이올, 글리세릴폴리메타크릴레이트, 소듐폴리아크릴레이트, 솔비탄아이소스테아레이트, 알진, 바이오사카라이드검-4, 사이아노코발아민, 세테아릴글루코사이드, 세테아릴알코올, 부틸렌글라이콜, 소듐스테아로일글루타메이트, 토코페롤, 잔탄검, 하이드롤라이즈드옥수수전분, 수크로오스, 소듐포스페이트, 카프릴릴글라이콜, 미네랄솔트, 덱스트란, 다이소듐포스페이트, 향료"
"A000000261746","[업그레이드 수분진정세럼] 메디힐 티트리 더마 세럼 50mL","메디힐","50.0","50.0","ml","","26000","5200.0","정제수, 글리세린, 메틸프로판다이올, 프로판다이올, 부틸렌글라이콜, 티트리잎수(38,800 ppm), 아이소펜틸다이올, 1,2-헥산다이올, 베타인, 판테놀, 소듐하이알루로네이트, 폴리글리세릴-10라우레이트, 아크릴레이트/C10-30알킬아크릴레이트크로스폴리머, 트로메타민, 카프릴릭/카프릭트라이글리세라이드, 에틸헥실글리세린, 폴리아크릴레이트크로스폴리머-6, 티트리잎오일(300 ppm), 하이드로제네이티드레시틴, 잔탄검, 글리세릴폴리아크릴레이트, 티트리잎추출물(100 ppm), 티트리추출물(90 ppm), 세라마이드엔피, 4-터피네올(20 ppm), 베타-글루칸, 징크피씨에이, 토코페롤, 다이프로필렌글라이콜, 펜틸렌글라이콜, 카프릴릴/카프릴글루코사이드"
"A000000218444","[피지&모공 7일케어] 비욘드 엔젤 티트리올 10% 트러블 앰플 50ml","비욘드","50.0","50.0","ml","27000","16800","3360.0","[본품-앰플] 정제수, 녹차수(9.98906 %), 변성알코올, 글리세린, 프로판다이올, 1,2-헥산다이올, 나이아신아마이드, 하이드록시에틸피페라진에탄설포닉애씨드, 판테놀, 트로메타민, 락틱애씨드, 하이드록시프로필구아, 다이포타슘글리시리제이트, 폴리글리세린-3, 부틸렌글라이콜, 글라이콜릭애씨드, 트라이소듐이디티에이, 비니거, 4-터피네올(109.3 ppm) , 카르니틴, 만델릭애씨드, 전호추출물, 시트릭애씨드, 프랑스해안송껍질추출물(0.1 ppm)

[증정-클렌징폼] 정제수, 글리세린, 미리스틱애씨드, 스테아릭애씨드, 라우릭애씨드, 포타슘코코일글리시네이트, 포타슘하이드록사이드, 글라이콜다이스테아레이트, 아크릴레이트코폴리머, 부틸렌글라이콜, 다이소듐코코암포다이아세테이트, 녹차수(0.97 %), 라우릴하이드록시설테인, 소듐클로라이드, 변성알코올, 글리세릴스테아레이트, 하이드레이티드실리카, 살리실릭애씨드, 로즈마리잎오일, 폴리쿼터늄-7, 폴리쿼터늄-22, 소듐글루코네이트, 헥실렌글라이콜, 1,2-헥산다이올, 멕시칸주니퍼오일, 카르니틴, 만델릭애씨드, 전호추출물, 4-터피네올(1 ppm), 프랑스해안송껍질추출물(0.1 ppm), 리모넨"
"A000000244411","[나이아신아마이드10%] 프리메라 PDRN-나이아10 토닝 글로우 세럼 30g 기획/단품","프리메라","30.0","30.0","g(약 1ml 상당으로 근사)","36000","25900","8633.3","정제수, 부틸렌글라이콜, 나이아신아마이드, 글리세린, 트라이프로필렌글라이콜, 다이메틸아이소소바이드, 베타인, 판테놀, 1,2-헥산다이올, 암모늄아크릴로일다이메틸타우레이트/브이피코폴리머, 하이드록시에틸아크릴레이트/소듐아크릴로일다이메틸타우레이트코폴리머, 하이드로제네이티드레시틴, 폴리메틸메타크릴레이트, 락토바실러스/콩추출물발효여과물, 콜레스테롤, 에틸헥실글리세린, 잔탄검, 티몰트라이메톡시신나메이트, 옥수수전분, 클로렐라 프로토테코이데스추출물, 소듐카보머, 만니톨, 수크로오스, 마이크로크리스탈린셀룰로오스, 소듐메타포스페이트, 아데노신, 아시아티코사이드, 마데카식애씨드, 아시아틱애씨드, 솔비탄아이소스테아레이트, 하이드롤라이즈드디엔에이, 토코페롤, 3-O-에틸아스코빅애씨드, 페룰릭애씨드, 락토바실러스세포외소포, 티타늄디옥사이드 (CI 77891), 황련뿌리추출물, 황색산화철, 사이아노코발아민, 글루타티온, 아스코빅애씨드"
"A000000141333","[노화케어] 디오디너리 매트릭실 10% + HA","디오디너리","","","","","16600","","정제수, 글리세린, 부틸렌글라이콜, 팔미토일트라이펩타이드-1, 팔미토일테트라펩타이드-7, 팔미토일트라이펩타이드-38, 소듐하이알루로네이트, 하이드록시프로필사이클로덱스트린, 피피지-26-부테스-26, 피이지-40하이드로제네이티드캐스터오일, 폴리아크릴레이트크로스폴리머-6, 트라이소듐에틸렌다이아민다이석시네이트, 카보머, 폴리솔베이트20, 에톡시다이글라이콜, 페녹시에탄올, 클로페네신"
"A000000243681","피지오겔 레드수딩 AI 리페어 에센스 200ml 기획(+로션 50ml)","피지오겔","200.0","250.0","ml","31000","24900","996.0","피지오겔 레드수딩 AI 리페어 크림
정제수, 올리브오일, 글리세린, 펜틸렌글라이콜, 오일팜오일, 식물성오일, 하이드로제네이티드레시틴, 스쿠알란, 베타인, 팔미타마이드엠이에이, 아세타마이드엠이에이, 사코신, 하이드록시에틸셀룰로오스, 카보머, 소듐카보머, 잔탄검, 토코페롤, 다이소듐포스페이트, 소듐포스페이트

피지오겔 레드수딩 AI 리페어 에센스
정제수@글리세린@부틸렌글라이콜@다이프로필렌글라이콜@펜틸렌글라이콜@프로판다이올@알로에베라잎즙@나이아신아마이드@1,2-헥산다이올@베타인@판테놀@폴리글리세릴-10스테아레이트@폴리글리세릴-10올리에이트@트록세루틴@잔탄검@아데노신@아세타마이드엠이에이@시트릭애씨드@소듐시트레이트@트라이소듐이디티에이@트로메타민@사코신@베타-글루칸@팔미타마이드엠이에이@알로에베라잎폴리사카라이드@스쿠알란@카프릴릭/카프릭트라이글리세라이드@세라마이드엔피@하이드로제네이티드레시틴"
"A000000251364","[윈터PICK/ 1등모공앰플/유리알결광세럼] AHC 프로샷 포어이레이저 세럼 30ml 기획 (+10ml)","AHC","30.0","40.0","ml","27800","24900","6225.0","정제수, 나이아신아마이드, 프로판다이올, 부틸렌글라이콜, 메틸글루세스-20, 메틸프로판다이올, 글리세린, 1,2-헥산다이올, 다이프로필렌글라이콜, 판테놀, 펜틸렌글라이콜, 솔비톨, 자일리틸글루코사이드, 폴리글리세릴-10라우레이트, C12-14알케스-12, 피피지-13-데실테트라데세스-24, 소듐폴리아크릴로일다이메틸타우레이트, 다이메틸아이소소바이드, 아크릴레이트/C10-30알킬아크릴레이트크로스폴리머, 호노키올, 하이드롤라이즈드해면, 에틸헥실글리세린, 알란토인, 향료, 아데노신, 트로메타민, 안하이드로자일리톨, 알지닌, 하이드록시피나콜론레티노에이트, 자일리톨, 자일로오스, 소듐하이알루로네이트, 사이아노코발아민, 글리세릴아크릴레이트/아크릴릭애씨드코폴리머, 카프릴릭/카프릭트라이글리세라이드, 글루타민, 글라이신, 소듐파이테이트, 하이드로제네이티드레시틴, 베타-글루칸, 시스틴, 세라마이드엔피, 글루타티온, 마카다미아씨오일, 레티놀, 유채스테롤, 콜레스테롤, 피토스테릴/베헤닐/옥틸도데실라우로일글루타메이트, 토코페릴아세테이트, 알루미늄/마그네슘하이드록사이드스테아레이트, 펜타에리스리틸테트라-다이-t-부틸하이드록시하이드로신나메이트, 토코페롤, 포타슘세틸포스페이트, 소듐스테아로일글루타메이트, 다이에틸헥실시링질리덴말로네이트, 트리스(테트라메틸하이드록시피페리딘올)시트레이트, 키토산, 하이드롤라이즈드하이알루로닉애씨드, 하이드록시프로필트라이모늄하이알루로네이트, 소듐아세틸레이티드하이알루로네이트, 소듐하이알루로네이트크로스폴리머"
"A000000257096","넘버즈인 3번 보들보들 모공결 세럼 30ml","넘버즈인","30.0","30.0","ml","28000","15900","5300.0","비피다발효용해물, 갈락토미세스발효여과물, 부틸렌글라이콜, 메틸글루세스-20, 정제수, 나이아신아마이드, 피이지-90, 1,2-헥산다이올, 글리세린, 스쿠알란, 알테로모나스발효추출물, 실크추출물, 염소유추출물, 락토바실러스발효용해물, 바쿠치올, 하이드로제네이티드레시틴, 소듐하이알루로네이트, 판테놀, 아데노신, 글리세레스-26, 잔탄검, 다이포타슘글리시리제이트, 코직애씨드, 폴리글리세릴-3다이스테아레이트, 글리세릴스테아레이트에스이, 글리세릴스테아레이트시트레이트, 폴리글리세릴-3메틸글루코오스다이스테아레이트, 카보머, 트로메타민, 알란토인, 에틸헥실글리세린, 카프릴릴글라이콜, 트로폴론, 다이소듐이디티에이"
"A000000241358","[레오제이 셀렉션] 라씨엘르 신선초 진정에이징 워터 세럼 30ml","라씨엘르","30.0","30.0","ml","35000","24500","8166.7","병풀잎수(385,200ppm), 정제수, 부틸렌글라이콜, 글리세린, 펜틸렌글라이콜, 프로판다이올, 바쿠치올(5,000ppm), 글리세릴글루코사이드, 호호바씨오일(2,000ppm), 카프릴릴글라이콜, 동백나무씨오일(2,000ppm), 카프릴릴/카프릴글루코사이드, 잔탄검, 신선초잎/줄기추출물(1,250 ppm), 알지닌,글리세릴스테아레이트시트레이트, 폴리글리세릴-4카프레이트, 폴리글리세릴-6카프릴레이트, 소듐하이알루로네이트, 소듐아니세이트, 아데노신, 폴리글리세릴-10미리스테이트, 인도멀구슬나무잎추출물, 인도멀구슬나무꽃추출물, 마데카소사이드, 아시아티코사이드, 아이비고드열매추출물, 가지열매추출물, 아시아틱애씨드, 마데카식애씨드, 참산호말추출물, 울금뿌리추출물, 홀리바질잎추출물, 로즈우드오일, 로즈마리잎오일, 리날룰"
"A000000149953","[항산화] 디오디너리 레스베라트롤 3% + 페룰릭 애시드 3% 30ml","디오디너리","30.0","30.0","ml","","15800","5266.7","프로판다이올, 레스베라트롤(3%), 페룰릭애시드(3%)"
"A000000251222","바이오더마 세비엄 세럼 30ml 기획 (+센시비오 H2O 5ml*2) (2604)","바이오더마","30.0","35.0","ml","","50000","14285.7","정제수, 부틸렌글라이콜, 글리세린, 프로판다이올, 아세틸글루코사민, 펜틸렌글라이콜, 살리실릭애씨드, 잔탄검, 폴리솔베이트20, 소듐시트레이트, 하이드롤라이즈드하이알루로닉애씨드, 만니톨, 소듐하이드록사이드, 프로필갈레이트, 소듐메타바이설파이트, 향료, 아미노에탄설피닉애씨드 (BI 2068 V1)"
"A000000197362","[속수분앰플] 라운드랩 자작나무 수분 앰플 50ml 기획 (+크림 20ml)","라운드랩","50.0","70.0","ml","28000","15600","2228.6","[본품: 자작나무 수분 앰플]
정제수,부틸렌글라이콜,글리세린,펜틸렌글라이콜,메틸프로판다이올,1,2-헥산다이올,자작나무수액(10,230ppm),자일리틸글루코사이드,클로렐라 불가리스추출물,자일리톨,락토바실러스발효물,울금뿌리추출물,하이드롤라이즈드하이알루로닉애씨드,하이알루로닉애씨드,소듐하이알루로네이트,안하이드로자일리톨,글루코오스,프룩토올리고사카라이드,프룩토오스,암모늄아크릴로일다이메틸타우레이트/브이피코폴리머,에틸헥실글리세린,다이포타슘글리시리제이트,덱스트린,베타-글루칸,글리세릴글루코사이드,토코페롤,다이프로필렌글라이콜,다이메틸실란올하이알루로네이트,하이드롤라이즈드소듐하이알루로네이트,포타슘하이알루로네이트,하이드록시프로필트라이모늄하이알루로네이트,소듐하이알루로네이트크로스폴리머,소듐하이알루로네이트다이메틸실란올,소듐아세틸레이티드하이알루로네이트,카프릴릴/카프릴글루코사이드,하이드로제네이티드레시틴,세라마이드엔피,잔탄검,치자추출물

[구성품: 자작나무 수분 크림]
정제수, 글리세린, 아이소노닐아이소노나노에이트, 아이소도데케인, 1,2-헥산다이올, 펜틸렌글라이콜, 폴리데센, 자작나무수액(10,000ppm), 호호바에스터, 판테놀, 글리세릴글루코사이드, 아라비아고무나무검, 하이드롤라이즈드오크라추출물, 소듐하이알루로네이트, 하이알루로닉애씨드, 화이트루핀씨추출물, 드럼스틱씨추출물, 인도멀구슬나무잎추출물, 인도멀구슬나무꽃추출물, 아이비고드열매추출물, 알로에베라꽃추출물, 가지열매추출물, 홀리바질잎추출물, 참산호말추출물, 울금뿌리추출물, 아스코빅애씨드, 펜타에리스리틸테트라에틸헥사노에이트, 암모늄아크릴로일다이메틸타우레이트/브이피코폴리머, 폴리글리세릴-3메틸글루코오스다이스테아레이트, 아크릴레이트/C10-30알킬아크릴레이트크로스폴리머, 트로메타민, 글리세릴아크릴레이트/아크릴릭애씨드코폴리머, 에틸헥실글리세린, 아가, 다이포타슘글리시리제이트, 글리세릴카프릴레이트, 부틸렌글라이콜, 다이소듐이디티에이"
"A000000233009","[피부장벽강화] 숨37 시크릿 에센스 50ml+50ml 리필 기획","숨37","50.0","100.0","ml","64000","49500","4950.0","정제수*, 락토바실러스발효용해물*, 프로판다이올, 부틸렌글라이콜*, 글리세린, 1,2-헥산다이올*, 2,3-부탄다이올+, 판테놀, 하이드로제네이티드레시틴+, 하이드록시프롤린, 수크로오스스테아레이트+, 세테아릴알코올, 세린, 세라마이드엔피+, 나이아신아마이드, 트로메타민, 비니거*, 아크릴레이트/C10-30알킬아크릴레이트크로스폴리머, 콜레스테롤+, 메도우스위트추출물, 폴리쿼터늄-51, 라우릴다이메티콘/폴리글리세린-3크로스폴리머, 다이프로필렌글라이콜, 하이드록시에틸셀룰로오스, 폴리메틸실세스퀴옥세인, 글리세릴스테아레이트+, 알란토인, 리놀레익애씨드+, 팔미틱애씨드+, 타히티바닐라추출물, 아이소스테아릭애씨드, 세라마이드에이피+, 세라마이드엔지+, 다이소듐포스페이트, 효모폴리펩타이드, 소듐포스페이트, 락토바실러스/배즙발효여과물*, 효모/보리씨발효여과물*, 수박추출물*, 무추출물*, 락토바실러스/인삼뿌리발효여과물*, 락토바실러스/콩발효추출물*, 락토바실러스/부레옥잠발효물*, 모나스커스/쌀발효물*, 효모/포도발효추출물*, 효모/감자추출물발효여과물*, 효모/자일리눔/홍차발효물*, 세라마이드이오피+, 단풍나무잎추출물*, 창포뿌리추출물*, 개다래추출물*, 으름덩굴추출물*, 양파추출물*, 마늘추출물*, 지모뿌리추출물*, 쑥잎추출물*, 사탕무뿌리추출물*, 양배추추출물*, 순무잎추출물*, 동백나무잎추출물*, 파파야열매추출물*, 잇꽃꽃추출물*, 결명씨추출물*, 병풀추출물*, 모과추출물*, 치커리뿌리추출물*, 베르가모트잎추출물*, 유자추출물*, 귤껍질추출물*, 더덕뿌리추출물*, 쿠네아타산사열매추출물*, 오이열매추출물*, 울금뿌리추출물*, 당근추출물*, 감추출물*, 쇠뜨기추출물*, 비파나무잎추출물*, 무화과추출물*, 허브로버트추출물*, 긴병꽃풀추출물*, 스페인감초뿌리추출물*, 잎새버섯자실체추출물*, 해바라기씨추출물*, 원추리꽃추출물*, 고구마뿌리추출물*, 표고버섯추출물*, 레몬버베나잎추출물*, 인동덩굴꽃추출물*, 구기자추출물*, 레몬밤추출물*, 페퍼민트꽃/잎/줄기추출물*, 산뽕나무잎추출물*, 바나나추출물*, 연꽃뿌리추출물*, 바질잎추출물*, 기장추출물*, 소엽잎추출물*, 팥추출물*, 왕질경이씨추출물*, 도라지뿌리추출물*, 쇠비름추출물*, 살구추출물*, 복숭아추출물*, 자두추출물*, 사과추출물*, 지황뿌리추출물*, 로즈마리잎추출물*, 라즈베리추출물*, 살비아잎추출물*, 얼룩조릿대잎추출물*, 형개추출물*, 검은깨추출물*, 시금치추출물*, 서양민들레잎추출물*, 타임잎추출물*, 하늘타리뿌리추출물*, 미역추출물*, 생강추출물*, 마트리카리아꽃추출물*, 은행추출물*, 약모밀추출물*, 락토바실러스/호밀가루발효물*, 락토바실러스/고추냉이뿌리발효추출물*, 라임전초오일, 베르가모트오일, 라벤더오일, 센티드제라늄꽃오일, 캐모마일꽃오일, 리모넨, 리날룰, 시트로넬올, 시트랄, 제라니올"
"A000000254337","메이크프렘 NMN 퍼밍 엑스퍼트 앰플 50ml 기획 (+20ml)","메이크프렘","50.0","70.0","ml","34000","23800","3400.0","정제수, 글리세린, 다이프로필렌글라이콜, 스쿠알란, 펜타에리스리틸테트라에틸헥사노에이트, 메틸트라이메티콘, 나이아신아마이드, 부틸렌글라이콜, 베타인, 니코틴아마이드모노뉴클레오타이드(10,000ppm), 메틸프로판다이올, 폴리솔베이트60, 글리세릴스테아레이트, 글리세릴스테아레이트에스이, 폴리메틸실세스퀴옥세인, 아라키딜알코올, C14-22알코올, 카보머, 베헤닐알코올, 알지닌, 하이드로제네이티드캐스터오일/세바식애씨드코폴리머, 아라키딜글루코사이드, 에틸헥실글리세린, C12-20알킬글루코사이드, 니코틴아마이드아데닌다이뉴클레오타이드, 알란토인, 판테놀, 카프릴하이드록사믹애씨드, 소듐아크릴레이트/소듐아크릴로일다이메틸타우레이트코폴리머, 폴리아이소부텐, 아데노신, 인도멀구슬나무꽃추출물, 1,2-헥산다이올, 홀리바질잎추출물, 덱스트린, 카카오추출물, 다이소듐이디티에이, 인도멀구슬나무잎추출물, 레몬밤잎추출물, 울금뿌리추출물, 레스베라트롤, 소듐하이알루로네이트, 참산호말추출물, 폴리쿼터늄-51, 카프릴릴/카프릴글루코사이드, 솔비탄올리에이트, 하이드롤라이즈드하이알루로닉애씨드, 소듐아세틸레이티드하이알루로네이트, 폴리솔베이트20, 트라이펩타이드-1, 헥사펩타이드-9, 팔미토일트라이펩타이드-5, 팔미토일펜타펩타이드-4, 팔미토일테트라펩타이드-7"
"A000000206153","[수분/보습] 이니스프리 그린티 씨드 히알루론산 수분 세럼 80ml 기획 (+25ml)","이니스프리","80.0","105.0","ml","31000","23250","2214.3","정제수, 프로판다이올, 글리세린, 1,2-헥산다이올, 나이아신아마이드, 베타인, 사카라이드아이소머레이트, 녹차씨오일, 자일리톨, 세테아릴올리베이트, 하이드로제네이티드레시틴, 부틸렌글라이콜, 솔비탄올리베이트, 락토바실러스발효용해물, 아크릴레이트/C10-30알킬아크릴레이트크로스폴리머, 스쿠알란, 판테놀, 알란토인, 하이드록시에틸아크릴레이트/소듐아크릴로일다이메틸타우레이트코폴리머, 트로메타민, 트라이에틸시트레이트, 에틸헥실글리세린, 캐롭검, 다이소듐이디티에이, 리모넨, 녹차추출물, 다이포타슘글리시리제이트, 레몬껍질오일, 소듐하이알루로네이트, 하이알루로닉애씨드, 덱스트린, 카카오추출물, 3-O-에틸아스코빅애씨드, 소듐시트레이트, 시트릭애씨드, 솔비탄아이소스테아레이트, 마테잎추출물, 글리세릴올리에이트, 시트랄, 소두구씨오일, 토코페롤, 레시틴, 수크로오스, 라우릴글루코사이드, 폴리글리세릴-6라우레이트, 미리스틸글루코사이드, 스피어민트잎오일, 시트로넬라오일, 갈바눔수지오일, 잔탄검, 락틱애씨드, 하이드롤라이즈드하이알루로닉애씨드, 소듐하이알루로네이트크로스폴리머, 소듐아세틸레이티드하이알루로네이트"
"A000000225072","[1+1] 메디힐 콜라겐 탄력 볼륨 세럼 40+40mL 기획","메디힐","40.0","80.0","ml","36900","22900","2862.5","정제수, 스쿠알란, 글리세린, 부틸렌글라이콜, 1,2-헥산다이올, 나이아신아마이드, 다이펜타에리스리틸헥사C5-9애씨드에스터, 하이드롤라이즈드익스텐신, 퀸즈랜드넛오일, 하이드로제네이티드레시틴, 아크릴레이트/C10-30알킬아크릴레이트크로스폴리머, 카프릴릭/카프릭트라이글리세라이드, 소듐폴리아크릴로일다이메틸타우레이트, 트로메타민, 잔탄검, 소듐다이라우미도글루타미드라이신, 알란토인, 에틸헥실글리세린, 아데노신, 메틸프로판다이올, 폴리글리세릴-10올리에이트, 소듐파이테이트, 인도멀구슬나무꽃추출물, 시트로넬올, 홀리바질잎추출물, 덱스트린, 인도멀구슬나무잎추출물, 펜틸렌글라이콜, 소듐하이알루로네이트, 카카오추출물, 센티드제라늄꽃오일, 라벤더오일, 세라마이드엔피, 리날룰, 울금뿌리추출물, 모란뿌리추출물, 참산호말추출물, 제라니올, 글리세릴스테아레이트시트레이트, 베타-글루칸, 레티놀, 팔미토일트라이펩타이드-5, 글루코실루틴, 토코페롤, 베헤닉애씨드, 콜레스테롤, 피토스핑고신"
"A000000246781","[더블기획/트러블쏙] 라운드랩 소나무 진정 시카 앰플 30ml 리필기획 (+30ml 리필+마스크 1매)","라운드랩","30.0","60.0","ml","43000","22900","3816.7","[소나무 앰플]
정제수, 부틸렌글라이콜, 다이프로필렌글라이콜, 글리세레스-26, 글리세린, 소나무잎추출물(10,022ppm), 1,2-헥산다이올, 프로판다이올, 하이알루로닉애씨드, 하이드롤라이즈드하이알루로닉애씨드, 소듐하이알루로네이트, 에틸헥실글리세린, 병풀추출물(111.22ppm), 인도멀구슬나무잎추출물, 황련뿌리추출물, 인도멀구슬나무꽃추출물, 하이드록시아세토페논, 글라이코프로테인(2.0044ppm), 소듐시트레이트, 카프릴로일살리실릭애씨드, 아시아티코사이드(0.1002ppm), 아시아틱애씨드(0.1002ppm), 마데카소사이드(0.1002ppm), 마데카식애씨드(0.1002ppm), 다이소듐이디티에이, 잔탄검, 카보머, 트로메타민, 시트릭애씨드

[소나무 마스크]
정제수, 글리세린, 다이프로필렌글라이콜, 글리세레스-26, 하이알루로닉애씨드, 하이드롤라이즈드하이알루로닉애씨드, 소듐하이알루로네이트, 부틸렌글라이콜, 쇠비름추출물, 소나무잎추출물(1,010ppm), 프로판다이올, 아이리쉬모스, 에틸헥실글리세린, 병풀추출물(20.3ppm), 바이오사카라이드검-1, 암모늄폴리아크릴로일다이메틸타우레이트, 트로메타민, 폴리글리세릴-4카프레이트, 글라이코프로테인(0.202ppm), 폴리글리세릴-6카프릴레이트, 카프릴로일살리실릭애씨드, 하이드록시에틸셀룰로오스, 아시아티코사이드(0.0101ppm), 아시아틱애씨드(0.0101ppm), 마데카소사이드(0.0101ppm), 마데카식애씨드(0.0101ppm), 1,2-헥산다이올, 하이드록시아세토페논, 다이소듐이디티에이, 잔탄검, 카보머"
"A000000227093","[광채픽싱] VT 피디알엔 글로우 앰플 미스트 100ml","VT","100.0","100.0","ml","32000","22400","2240.0","정제수, 메틸프로판다이올, 메도우폼씨오일, 나이아신아마이드, 부틸렌글라이콜, 글리세린, 트라이에틸헥사노인, 폴리글리세린-3, 다이프로필렌글라이콜, 1,2-헥산다이올, 하이드록시아세토페논, 소듐시트레이트, 폴리글리세릴-10미리스테이트, 에틸헥실글리세린, 시트릭애씨드, 아데노신, 소듐파이테이트, 판테놀, 알란토인, 다이소듐이디티에이, 스쿠알란, 카프릴릭/카프릭트라이글리세라이드, 세라마이드엔피, 바오밥나무씨오일, 하이드로제네이티드레시틴, 폴리글루쿠로닉애씨드, 토코페롤, 소듐하이알루로네이트, 세라마이드에이에스, 세라마이드엔에스, 세라마이드에이피, 세라마이드이오피, 산양삼추출물, 소듐디엔에이(0.5ppb)"
"A000000231453","[트러블진정]주미소 디판테놀 베리어 장벽세럼 70ml(+크림20ml)","주미소","70.0","90.0","ml","32000","22400","2488.9","정제수, 부틸렌글라이콜, 1,2-헥산다이올, 나이아신아마이드, 에톡시다이글라이콜, 징크피씨에이, 글리시리직애씨드, 살리실릭애씨드, 판테놀, 하이드록시에틸셀룰로오스, 잔탄검, C12-13알케스-9, 옥틸도데칸올, 아시아티코사이드, 하이드로제네이티드레시틴, 아시아틱애씨드, 마데카식애씨드, 글라이코리피드, 소듐하이알루로네이트, 하이드롤라이즈드소듐하이알루로네이트, 하이알루로닉애씨드, 글리세린, 하이드롤라이즈드하이알루로닉애씨드, 하이드롤라이즈드글라이코사미노글리칸, 두충나무껍질추출물, 하이드록시프로필트라이모늄하이알루로네이트, 소듐하이알루로네이트크로스폴리머, 소듐아세틸레이티드하이알루로네이트, 다이메틸실란올하이알루로네이트, 병풀잎추출물, 포타슘하이알루로네이트"
"A000000188120","[보습장벽] 라운드랩 약콩 판테놀 앰플 50ml 기획 (+약콩 크림 20ml)","라운드랩","50.0","70.0","ml","30000","22000","3142.9","[약콩 판테놀 앰플]
정제수, 글리세린, 다이프로필렌글라이콜, 1,2-헥산다이올, 검정콩추출물(10,000ppm), 판테놀(2,550ppm), 세라마이드에이피, 세라마이드엔피, 스테아릭애씨드, 콜레스테롤, 당느릅나무뿌리추출물, 줄맨드라미씨추출물, 하이드로제네이티드레시틴, 소듐하이알루로네이트, 펜타에리스리틸테트라에틸헥사노에이트, 헥실데실에틸헥사노에이트, 아크릴레이트/C10-30알킬아크릴레이트크로스폴리머, 세테아릴올리베이트, 솔비탄올리베이트, 트로메타민, 부틸렌글라이콜, 아데노신, 다이소듐이디티에이, 폴리글리세릴-10스테아레이트, 카프릴릭/카프릭트라이글리세라이드, 글라이코스핑고리피드, 글리세릴스테아레이트, 세테아릴알코올, 잔탄검, 테트라아세틸피토스핑고신, 에틸헥실글리세린, 하이드록시아세토페논

[약콩 판테놀 크림]
정제수, 글리세린, 메틸프로판다이올, 스쿠알란, 베타인, 세테아릴알코올, 비닐다이메티콘, 세틸에틸헥사노에이트, 프로필헵틸카프릴레이트, 검정콩추출물(10,000ppm), 퀸즈랜드넛오일, 판테놀(2,550ppm), 콜레스테롤, 세라마이드엔피, 글라이코스핑고리피드, 세라마이드에이피, 스테아릭애씨드, 테트라아세틸피토스핑고신, 하이드로제네이티드레시틴, 다이프로필렌글라이콜, 폴리글리세릴-2스테아레이트, 글리세릴스테아레이트, 하이드록시에틸아크릴레이트/소듐아크릴로일다이메틸타우레이트코폴리머, 스테아릴알코올, 글리세릴스테아레이트에스이, 아크릴레이트/C10-30알킬아크릴레이트크로스폴리머, 베헤닐알코올, 트로메타민, 세테아릴올리베이트, 솔비탄올리베이트, 잔탄검, 아데노신, 다이소듐이디티에이, 시트릭애씨드, 솔비탄아이소스테아레이트, 카프릴릭/카프릭트라이글리세라이드, 1,2-헥산다이올, 하이드록시아세토페논, 에틸헥실글리세린"
"A000000223297","[윤곽앰플] 메디톡스 뉴라덤 코어타임 앰플 15ml [기획(+7ml)/단품]","뉴라덤","15.0","22.0","ml","32000","21900","9954.5","정제수, 부틸렌글라이콜, 다이프로필렌글라이콜, 메틸프로판다이올, 글리세린, 나이아신아마이드, 스위트아몬드추출물, 백미꽃추출물, 효모/겨우살이발효추출물, 락토바실러스/콩발효추출물, 효모/띠뿌리발효추출물, 바다포도추출물, 청각추출물, 세라마이드엔피, 약모밀추출물, 프랑스해안송껍질추출물, 크랜베리추출물, 라즈베리추출물, 블랙체리열매추출물, 산수유열매추출물, 석류추출물, 소듐하이알루로네이트, 알에이치-올리고펩타이드-1, 알에이치-폴리펩타이드-1, 알에이치-폴리펩타이드-2, 아세틸올리고펩타이드-99아마이드, 포스페이트버퍼드셀라인, 피키아발효추출여과물, 팔미토일펜타펩타이드-4, 팔미토일트라이펩타이드-1, 헥사펩타이드-9, 아세틸헥사펩타이드-8, 트라이펩타이드-1, 카퍼트라이펩타이드-1, 소듐디엔에이, 글루타티온, 엑토인, 라이신, 알지닌, 아스파틱애씨드, 트레오닌, 세린, 글루타믹애씨드, 프롤린, 글라이신, 알라닌, 발린, 메티오닌, 아이소류신, 류신, 타이로신, 페닐알라닌, 히스티딘, 시스테인, 트립토판, 아스파라진, 글루타민, 아데노신, 판테놀, 베타인, 트레할로오스, 알란토인, 폴리프로필실세스퀴옥세인, 비닐다이메티콘, 하이드로제네이티드레시틴, 카프릴릴/카프릴글루코사이드, 포타슘세틸포스페이트, 폴리글리세릴-10미리스테이트, 폴리글리세릴-10라우레이트, 폴리글리세릴-4라우레이트, 소듐폴리아크릴레이트, 카보머, 암모늄아크릴로일다이메틸타우레이트/브이피코폴리머, 스클레로튬검, 낫토검, 트로메타민, 1,2-헥산다이올, 스타아니스추출물, 카프릴릴글라이콜, 다이소듐이디티에이, 향료"
"A000000248051","[잡티세럼] 마녀공장 글루타치온 7 다크스팟 세럼 30ml","마녀공장","30.0","30.0","ml","28000","21900","7300.0","정제수, C13-15알케인, **나이아신아마이드(50,000ppm), 부틸렌글라이콜, 카프릴릭/카프릭트라이글리세라이드, 트라넥사믹애씨드, 글리세린, **알부틴, 1,2-헥산다이올, **글루타티온(10,000ppm), 보리지씨오일, 돌콩추출물, **알파-알부틴, **아세틸글루코사민, 판테놀, 잔탄검, 포타슘세틸포스페이트, 알란토인, 에틸헥실글리세린, 인도멀구슬나무꽃추출물, 다이소듐이디티에이, 홀리바질잎추출물, 폴리글루타믹애씨드, 인도멀구슬나무잎추출물, 울금뿌리추출물, 참산호말추출물, 스쿠알란, **코직애씨드, 소듐하이알루로네이트, **아스코빅애씨드, 병풀추출물, 토코페롤, 레몬추출물, 하이드록시프로필트라이모늄하이알루로네이트, 하이드롤라이즈드하이알루로닉애씨드, 소듐아세틸레이티드하이알루로네이트, 하이알루로닉애씨드, 하이드롤라이즈드소듐하이알루로네이트, 소듐하이알루로네이트크로스폴리머, 폴리글리세릴-10라우레이트, 포타슘하이알루로네이트, 포스파티딜콜린, 토코페릴아세테이트
**7가지핵심성분"
"A000000256092","[잡티세럼/추가증정기획] 마녀공장 글루타치온 7 다크스팟 세럼 기획","마녀공장","","","","28000","21900","","정제수, C13-15알케인, **나이아신아마이드(50,000ppm), 부틸렌글라이콜, 카프릴릭/카프릭트라이글리세라이드, 트라넥사믹애씨드, 글리세린, **알부틴, 1,2-헥산다이올, **글루타티온(10,000ppm), 보리지씨오일, 돌콩추출물, **알파-알부틴, **아세틸글루코사민, 판테놀, 잔탄검, 포타슘세틸포스페이트, 알란토인, 에틸헥실글리세린, 인도멀구슬나무꽃추출물, 다이소듐이디티에이, 홀리바질잎추출물, 폴리글루타믹애씨드, 인도멀구슬나무잎추출물, 울금뿌리추출물, 참산호말추출물, 스쿠알란, **코직애씨드, 소듐하이알루로네이트, **아스코빅애씨드, 병풀추출물, 토코페롤, 레몬추출물, 하이드록시프로필트라이모늄하이알루로네이트, 하이드롤라이즈드하이알루로닉애씨드, 소듐아세틸레이티드하이알루로네이트, 하이알루로닉애씨드, 하이드롤라이즈드소듐하이알루로네이트, 소듐하이알루로네이트크로스폴리머, 폴리글리세릴-10라우레이트, 포타슘하이알루로네이트, 포스파티딜콜린, 토코페릴아세테이트
**7가지핵심성분"
"A000000200353","[히알속수분세럼 / 대용량기획세트] 오어스 히알루론시카 7초 세럼 인 앰플 105ml 기획(+15ml)","오어스","105.0","120.0","ml","27000","21600","1800.0","정제수, 부틸렌글라이콜, 프로판다이올, 다이프로필렌글라이콜, 글리세린, 글리세레스-26, 1,2-헥산다이올, 판테놀, 카보머, 트로메타민, 알란토인, 폴리글리세릴-10라우레이트, 병풀잎추출물(800ppm), 소듐하이알루로네이트(500ppm), 에틸헥실글리세린, 아데노신, 병풀추출물(300ppm), 다이소듐이디티에이, 다이포타슘글리시리제이트, 베타인, 하이드롤라이즈드하이알루로닉애씨드(22ppm), 소듐하이알루로네이트크로스폴리머(21ppm), 포타슘하이알루로네이트(21ppm), 하이드록시프로필트라이모늄하이알루로네이트(21ppm), 하이드롤라이즈드소듐하이알루로네이트(21ppm), 하이알루로닉애씨드(21ppm), 구아바잎추출물, 마데카소사이드(11ppm), 제주조릿대추출물, 폴리글루타믹애씨드, 아시아티코사이드(4.1ppm), 마데카식애씨드(3.4ppm), 보검선인장줄기추출물, 아시아틱애씨드(2.5ppm), 펜틸렌글라이콜, 스쿠알란, 소듐아세틸레이티드하이알루로네이트(0.7ppm), 서양민들레꽃/잎/줄기추출물, 카프릴릭/카프릭트라이글리세라이드, 세라마이드엔피, 하이드로제네이티드레시틴"
"A000000256153","[부루부루도그 콜라보] 오어스 히알루론시카 7초 세럼 인 앰플 105ml 기획 (+애착베개키링,치크팩2p)","오어스","105.0","105.0","ml","27000","21600","2057.1","본품 : 정제수, 부틸렌글라이콜, 프로판다이올, 다이프로필렌글라이콜, 글리세린, 글리세레스-26, 1,2-헥산다이올, 판테놀, 카보머, 트로메타민, 알란토인, 폴리글리세릴-10라우레이트,  병풀잎추출물, 소듐하이알루로네이트, 에틸헥실글리세린, 아데노신, 병풀추출물, 다이소듐이디티에이, 다이포타슘글리시리제이트, 베타인, 하이드롤라이즈드하이알루로닉애씨드, 소듐하이알루로네이트크로스폴리머, 포타슘하이알루로네이트,  하이드록시프로필트라이모늄하이알루로네이트,  하이드롤라이즈드소듐하이알루로네이트, 하이알루로닉애씨드, 구아바잎추출물, 마데카소사이드, 제주조릿대추출물, 폴리글루타믹애씨드, 아시아티코사이드, 마데카식애씨드, 보검선인장줄기추출물, 아시아틱애씨드, 펜틸렌글라이콜, 스쿠알란, 소듐아세틸레이티드하이알루로네이트, 서양민들레꽃/잎/줄기추출물, 카프릴릭/카프릭트라이글리세라이드, 세라마이드엔피, 하이드로제네이티드레시틴


패드:정제수, 글리세린, 프로판다이올, 메틸프로판다이올, 1,2-헥산다이올, 트레할로오스, 부틸렌글라이콜, 소듐시트레이트, 알란토인, 에틸헥실글리세린, 다이포타슘글리시리제이트, 시트릭애씨드, 아데노신, 소듐파이테이트, 잔탄검, 하이드롤라이즈드식물성단백질, 녹차카테킨(30ppm), 병풀추출물, 약모밀추출물, 다마스크장미꽃추출물, 멕시칸치아씨추출물, 편백수, 소듐하이알루로네이트, 카프릴릴글라이콜, 글루코노락톤, 카페인, 소듐하이알루로네이트크로스폴리머, 포타슘하이알루로네이트, 하이드록시프로필트라이모늄하이알루로네이트, 하이드롤라이즈드소듐하이알루로네이트, 하이드롤라이즈드하이알루로닉애씨드, 하이알루로닉애씨드, 펜틸렌글라이콜, 소듐아세틸레이티드하이알루로네이트, 소듐디엔에이(0.005ppm)"
"A000000137537","[중요한날하루전] 웰라쥬 원데이키트 캡슐 앰플 1개입 4종 택1 (PDRN/히알/시카/토닝)","웰라쥬","","","","5900","2950","","1) 웰라쥬 리얼 에이치에이 하이드레이트 캡슐
소듐하이알루로네이트(90.95%), 알진, 하이드록시프로필사이클로덱스트린

2) 웰라쥬 리얼 에이치에이 하이드레이트 솔루션
정제수, 프로판다이올, 다이프로필렌글라이콜, 메틸프로판다이올, 글리세린, 글리세레스-26, 1,2-헥산다이올, 펜틸렌글라이콜, C12-14파레스-12, 소듐시트레이트, 인도멀구슬나무잎추출물, 인도멀구슬나무꽃추출물, 에틸헥실글리세린, 시트릭애씨드, 아데노신, 아이비고드열매추출물, 다이소듐이디티에이, 라벤더오일, 소듐하이알루로네이트(100ppm), 가지열매추출물, 알로에베라꽃추출물, 카프릴릭/카프릭트라이글리세라이드, 홀리바질잎추출물, 글라이코실트레할로오스, 멕시칸치아씨추출물, 병풀추출물, 약모밀추출물, 울금뿌리추출물, 참산호말추출물, 아세틸글루타민, 하이드로제네이티드레시틴, 소듐스테아로일글루타메이트, 수크로오스라우레이트, 세린, 글라이신, 알지닌, 히스티딘, 소듐피씨에이, 올레익애씨드, 리솔레시틴, 토코페롤, 세라마이드엔피, 벤질글라이콜, 하이드롤라이즈드글라이코사미노글리칸(28ppb), 소듐하이알루로네이트크로스폴리머(5ppb), 하이드롤라이즈드하이알루로닉애씨드(2.6ppb), 하이드록시프로필트라이모늄하이알루로네이트(0.6ppb), 하이알루로닉애씨드(0.05ppb), 소듐아세틸레이티드하이알루로네이트(0.01ppb), 리날룰"
"A000000254719","아이오페 비타민C 엑스퍼트 25% 항산화 토닝 앰플 23ml 기획 (+ 크림 6g) (2026)","아이오페","23.0","23.0","ml","55000","44000","19130.4","정제수, 아스코빅애씨드, 프로필렌글라이콜, 프로판다이올, 베타인, 변성알코올, 3-O-에틸아스코빅애씨드, 아이소펜틸다이올, 판테놀, 다이메틸아이소소바이드, 부틸렌글라이콜, 피피지-13-데실테트라데세스-24, 글루코노락톤, 포타슘하이드록사이드, 펜틸렌글라이콜, 글루타티온, 아세틸글루코사민, 소듐메타포스페이트, 향료, 치자추출물, 아스코빌글루코사이드, 아스코빌테트라이소팔미테이트, 잔탄검, 페룰릭애씨드, 리모넨, 덱스트린, 서양톱풀추출물"
"A000000228253","더마팩토리 EGF 앰플 30ml","더마팩토리","30.0","30.0","ml","46000","43700","14566.7","콜라겐수, 정제수, 다이프로필렌글라이콜, 메틸글루세스-20, 메틸프로판다이올, 판테놀, 글리세린, 다이페닐다이메티콘, 1,2-헥산다이올, 나이아신아마이드, 트라이에틸헥사노인, 소듐디엔에이, 베타인, 하이드로제네이티드레시틴, 폴리글리세릴-10올리에이트, 레시틴, 소듐폴리아크릴레이트, 글라이코실트레할로오스, 잔탄검, 하이드로제네이티드스타치하이드롤리세이트, 소듐아크릴레이트/소듐아크릴로일다이메틸타우레이트코폴리머, 아크릴레이트/C10-30알킬아크릴레이트크로스폴리머, 트로메타민, 폴리아이소부텐, 에틸헥실글리세린, 한련초추출물, 향료, 아데노신, 소듐포스페이트, 다이소듐이디티에이, 인도멀구슬나무꽃추출물, 홀리바질잎추출물, 인도멀구슬나무잎추출물, 솔비탄올리에이트, 카프릴릴/카프릴글루코사이드, 울금뿌리추출물, 폴리쿼터늄-51, 참산호말추출물, 에스에이치-올리고펩타이드-1"
"A000000254058","[포켓몬 에디션]VT 리들샷100 에센스 50ml기획 (리들샷300 1ml+PDRN에센스1.5ml+포켓몬아크릴포스트잇)","VT","50.0","52.5","ml","32000","20900","3981.0","정제수, 다이프로필렌글라이콜, 글리세린, 나이아신아마이드, 부틸렌글라이콜, 마카다미아씨오일, 1,2-헥산다이올, 에틸헥실팔미테이트, 소듐아크릴레이트/소듐아크릴로일다이메틸타우레이트코폴리머, 폴리아이소부텐, 실리카, 글리세레스-26, 에틸헥실글리세린, 카프릴릴글라이콜, 아데노신, 소듐폴리아크릴레이트, 소듐하이알루로네이트, 병풀추출물, 카프릴릴/카프릴글루코사이드, 솔비탄올리에이트, 잔탄검, 프로폴리스추출물, 아시아티코사이드, 마데카소사이드, 마데카식애씨드, 아시아틱애씨드, 글라이신, 세린, 글루타믹애씨드, 아스파틱애씨드, 류신, 알라닌, 라이신, 알지닌, 타이로신, 페닐알라닌, 트레오닌, 프롤린, 발린, 아이소류신, 히스티딘, 메티오닌, 시스테인"
"A000000246223","[트러블OUT세럼] 더마젼시 제로카 81 세럼 30ml","더마젼시","30.0","30.0","ml","23200","20880","6960.0","찔레꽃꽃수, 부틸렌글라이콜, 글리세린, 프로판다이올, 1,2-헥산다이올, 나이아신아마이드, 암모늄아크릴로일다이메틸타우레이트/브이피코폴리머, 정제수, 알지닌, 카보머, 아데노신, 다이소듐이디티에이, 판테놀, 아세틸글루코사민, 다이프로필렌글라이콜, 천궁추출물, 황금추출물, 하이드로제네이티드레시틴, 세테아릴올리베이트, 솔비탄올리베이트, 소듐하이알루로네이트, 베타-글루칸, 마데카소사이드, 흰서양송로추출물, 아시아티코사이드, 에틸헥실글리세린, 하이드록시프로필트라이모늄하이알루로네이트, 마데카식애씨드, 아시아틱애씨드, 병풀추출물, 소듐아세틸레이티드하이알루로네이트, 하이드롤라이즈드하이알루로닉애씨드, 하이알루로닉애씨드, 소듐하이알루로네이트크로스폴리머, 하이드롤라이즈드소듐하이알루로네이트, 포타슘하이알루로네이트, 에스에이치-올리고펩타이드-1, 에스에이치-올리고펩타이드-2, 에스에이치-폴리펩타이드-1, 에스에이치-폴리펩타이드-11, 에스에이치-폴리펩타이드-16, 에스에이치-폴리펩타이드-22, 에스에이치-폴리펩타이드-3, 에스에이치-폴리펩타이드-62, 에스에이치-폴리펩타이드-9"
"A000000225699","[탄력광채] 라네즈 퍼펙트리뉴 쓰리엑스 시그니쳐 세럼 20ml 기획 (+10ml)","라네즈","20.0","30.0","ml","52000","43200","14400.0","#. 광채세럼(Brown) 정제수, 글리세린, 글리세릴폴리메타크릴레이트, 부틸렌글라이콜, 글리세레스-26  , 1,2-헥산다이올, 나이아신아마이드, 자일리톨, 다이메틸아이소소바이드, 프로판다이올, 폴리아크릴레이트크로스폴리머-6 , 소듐폴리아크릴로일다이메틸타우레이트, 암모늄아크릴로일다이메틸타우레이트/브이피코폴리머, 피피지-13  -데실테트라데세스-24  , 동백나무씨추출물, 덱스트린, 카카오추출물, 소듐메타포스페이트, 에틸헥실글리세린, 아데노신, 다이포타슘글리시리제이트, 펜틸렌글라이콜, 토코페릴리놀리에이트, 비터오렌지꽃추출물,  3-O-에틸아스코빅애씨드, 페룰릭애씨드, 토코페롤
#. 탄력세럼(White) 정제수, 다이메티콘, 부틸렌글라이콜, 글리세린,  1,2-헥산다이올, 폴리실리콘-11, 피이지-10다이메티콘, 펜타에리스리틸테트라에틸헥사노에이트, 다이메티콘/비닐다이메티콘크로스폴리머, 비닐다이메티콘/메티콘실세스퀴옥세인크로스폴리머, 다이메티콘올, 폴리솔베이트 , 보론나이트라이드, 암모늄아크릴로일다이메틸타우레이트/베헤네스-25메타크라일레이트크로스폴리머, 소듐폴리아크릴로일다이메틸타우레이트,암모늄아크릴로일다이메틸타우레이트/브이피코폴리머, 글리세릴카프릴레이트, 하이드롤라이즈드식물성단백질, 에틸헥실글리세린, 소듐메타포스페이트, 
아데노신, 잔탄검, 콩폴리펩타이드, 수용성콜라겐
#. 주름세럼(Yellow) 정제수, 부틸렌글라이콜, 글리세린, 베타인, 다이페닐다이메티콘, 다이프로필렌글라이콜, 다이페닐실록시페닐트라이메티콘, 1,2-헥산다이올, 향료, 해바라기씨오일, 젤란검, 잔탄검, 소듐클로라이드, 소듐설파이트, 돌콩오일, 실리카다이메틸실릴레이트, 토코페롤, 당근추출물, 에틸헥실글리세린, 아데노신, 마그네슘설페이트, 소듐메타포스페이트, 레티놀, 금, 아스코빌테트라이소팔미테이트, 세라마이드엔피, 베타-카로틴,펜틸렌글라이콜, 카보머, 아라비아고무나무검, 프로필렌글라이콜알지네이트"
"A000000219339","[비타민B3]SVR 하이드라 B3 앰플 30ml 기획(+10ml)/단품","SVR","30.0","40.0","ml","49000","41650","10412.5","정제수, 글리세린, 나이아신아마이드, 아이소펜틸다이올, 하이드롤라이즈드하이알루로닉애씨드, 펜틸렌글라이콜, 소듐하이알루로네이트, 1,2-헥산다이올, 카프릴릴글라이콜, 아크릴레이트/C10-30알킬아크릴레이트크로스폴리머, 소듐하이알루로네이트크로스폴리머, 소듐하이드록사이드"
"A000000219340","[비타민C]SVR 안티 오엑스 C 앰플 30ml 기획(+크림 10ml)/단품","SVR","30.0","40.0","ml","49000","41650","10412.5","정제수, 3-O-에틸아스코빅애씨드, 프로필렌글라이콜, 변성알코올, 글리세린, 프로판다이올, 에톡시다이글라이콜, 펜틸렌글라이콜, 다이글리세린, 자일리틸글루코사이드, 안하이드로자일리톨, 트레할로오스, 우레아, 자일리톨, 카프릴릴글라이콜, 1,2-헥산다이올, 에보디아열매추출물, 메틸다이아이소프로필프로피온아마이드, 세린, 하이드록시에틸셀룰로오스, 시트릭애씨드, 소듐시트레이트, 소듐하이알루로네이트, 알진, 다이소듐포스페이트, 글리세릴폴리아크릴레이트, 풀루란, 포타슘포스페이트, 향료"
"A000000203907","차앤박(CNP) 프로폴리스 액티브 앰플 더블기획(15ml+15ml)","차앤박","15.0","30.0","ml","26000","19760","6586.7","정제수, 부틸렌글라이콜, 글리세린, 1,2-헥산다이올, 폴리솔베이트20, 도둑놈의지팡이뿌리추출물, 띠뿌리추출물, 하이드록시에틸셀룰로오스, 프로폴리스추출물(1,932ppm), 알지닌, 카보머, 알란토인, 마데카소사이드, 더덕뿌리추출물, 무화과추출물, 레몬밤잎추출물, 석류추출물, 펜틸렌글라이콜, 소듐하이알루로네이트, 다이소듐이디티에이, 센티드제라늄꽃오일, 베타-글루칸, 카프릴릴글라이콜, 소듐시트레이트, 하이드록시페닐프로파미도벤조익애씨드, 꿀추출물, 소듐락테이트, 다이소듐포스페이트, 폴리솔베이트60, 아크릴레이트/C10-30알킬아크릴레이트크로스폴리머, 시트릭애씨드, 소듐포스페이트, 아스코빌팔미테이트, 바이오틴, 팔미토일트라이펩타이드-1, 팔미토일테트라펩타이드-7, 시트로넬올, 제라니올"
"A000000247097","[화잘먹버블세럼] 닥터엘시아 ABC 글로우 휩드 세럼 100ml","닥터엘시아","100.0","100.0","ml","28000","19600","1960.0","콜라겐수, 프로판다이올, 1,2-헥산다이올, C12-14알케스-12, 정제수, 하이드록시아세토페논, 에틸헥실글리세린, 부틸렌글라이콜, 다이소듐이디티에이, 글리세린, 황련뿌리추출물, 옥수수커넬추출물, 비타민나무수, 알란토인, 프룩탄, 글루코오스, 바쿠치올"
"A000000245091","에스트라 아토베리어365 세라-히알 속수분 앰플 30ml+30ml 리필 기획","에스트라","30.0","60.0","ml","47500","40370","6728.3","정제수, 부틸렌글라이콜, 글리세린, 나이아신아마이드, 1,2-헥산다이올, 베타인, 판테놀, 카보머, 에틸헥실글리세린, 소듐하이알루로네이트, 3-O-에틸아스코빅애씨드, 셀룰로오스검, 트로메타민, 소듐트라이메타포스페이트, 다이포타슘글리시리제이트, 프로판다이올, 아데노신, 하이드록시프로필비스팔미타마이드엠이에이, 소듐메타포스페이트, 글리세릴카프릴레이트, 포타슘하이드록사이드, 소듐락테이트, 바이오사카라이드검-1, 카프릴릭/카프릭트라이글리세라이드, 펜틸렌글라이콜, 시트릭애씨드, 하이드록시에틸우레아, 폴리글리세릴-10스테아레이트, 콜레스테롤, 프로필렌글라이콜, 포타슘세틸포스페이트, 토코페롤, 세라마이드엔피, 만니톨, 스테아릭애씨드, 실리카, 아크릴레이트/암모늄메타크릴레이트코폴리머, 하이드로제네이티드레시틴, 팔미틱애씨드, 올레익애씨드, 아라키딕애씨드, 스핑고리피드"
"A000000236552","[진정수분/대용량] 닥터지 레드블레미쉬 클리어 수딩 액티브 에센스 80ml","닥터지","80.0","80.0","ml","","40000","5000.0","정제수, 프로판다이올, 다이프로필렌글라이콜, 글리세린, 나이아신아마이드, 1,2-헥산다이올, 펜틸렌글라이콜, 약모밀추출물, 엑토인, 아크릴레이트/C10-30알킬아크릴레이트크로스폴리머, 마데카소사이드, 부틸렌글라이콜, 판테놀, 알란토인, 트로메타민, 에틸헥실글리세린, 구주호랑가시나무잎추출물, 다이소듐이디티에이, 시어버터, 올리브오일, 카프릴릭/카프릭트라이글리세라이드, 스쿠알란, 하이드로제네이티드레시틴, 병풀추출물, 베타-글루칸, 데실글루코사이드, 폴리글리세릴-10라우레이트, 케이프알로에잎추출물, 소나무잎추출물, 쇠비름추출물, 씨홀리추출물, 유자추출물, 개똥쑥추출물, 서양톱풀꽃추출물, 콜레스테롤, 세라마이드엔피, 피토스핑고신, 토코페롤, 아시아티코사이드, 마데카식애씨드, 아시아틱애씨드"
"A000000223335","[장벽앰플] 아벤느 시칼파트+ 인텐스 세럼 30ml 기획 (+에센스인로션25ml+클렌징젤15ml+블레미쉬크림2ml)","아벤느","30.0","72.0","ml","52000","39900","5541.7","온천수,글리세린,펜틸렌글라이콜,프로판다이올,1,2-헥산다이올,판테놀,4-t-부틸사이클로헥산올,옥틸도데칸올,판토락톤,베타인,시트릭애씨드,하이드록시에틸아크릴레이트/소듐아크릴로일다이메틸타우레이트코폴리머,폴리솔베이트60,소듐시트레이트,솔비탄아이소스테아레이트,정제수,잔탄검"
"A000000246890","[고함량/잡티케어] 네오젠 리얼 나이아신아마이드 15% 세럼 30ml","네오젠","30.0","30.0","ml","32000","18900","6300.0","정제수, 나이아신아마이드(150,000ppm), 글리세린, 세틸에틸헥사노에이트, 다이프로필렌글라이콜, 1,2-헥산다이올, 폴리솔베이트60, 프로판다이올, 알파-비사보롤, 코코-카프릴레이트/카프레이트, 트로메타민, 아크릴레이트/C10-30알킬아크릴레이트크로스폴리머, 카보머, 에틸헥실글리세린, 카프릴릭/카프릭트라이글리세라이드, 아데노신, 잔탄검, 하이드로제네이티드레시틴, 피토스테릴/옥틸도데실라우로일글루타메이트, 세라마이드엔피, 리보플라빈, 알부틴, 티아민에이치씨엘, 판테놀, 징크피씨에이, 페룰릭애씨드, 소듐하이알루로네이트, 소듐스타치옥테닐석시네이트, 말토덱스트린, 칼슘판토테네이트, 약모밀추출물, 소듐아스코빌포스페이트, 토코페릴아세테이트, 피리독신에이치씨엘, 포트마리골드추출물, 사철쑥추출물, 실리카"
"A000000255624","[결광]코스알엑스 더 블루 펩타이드 바쿠치올 플럼프 글로우 세럼 50ml","코스알엑스","50.0","50.0","ml","28000","18900","3780.0","정제수, 부틸렌글라이콜, 글리세린, 다이프로필렌글라이콜, 나이아신아마이드, 1,2-헥산다이올, 베타인, 다이에톡시에틸석시네이트, 암모늄아크릴로일다이메틸타우레이트/브이피코폴리머, 다이메티콘, 카퍼트라이펩타이드-1(0.5%), 폴리글리세릴-6카프릴레이트, 폴리글리세릴-4카프레이트, 바쿠치올(0.25%), 하이드로제네이티드레시틴, 에탄올, 소듐메틸스테아로일타우레이트, 에틸헥실글리세린, 하이드록시프로필스타치포스페이트, 다이소듐이디티에이, 아데노신, 카프릴릴글라이콜, 토코페롤, 다이펩타이드다이아미노부티로일벤질아마이드다이아세테이트(0.5 ppm), 아세틸헥사펩타이드-1(0.1 ppm), 아세틸헵타펩타이드-4(0.0457 ppm), 판테놀, 이노시톨, 아세틸헥사펩타이드-8(0.004 ppm), 소듐하이드록사이드, 프로판다이올, 베타-글루칸, 소듐하이알루로네이트, 하이알루로닉애씨드, 소듐하이알루로네이트크로스폴리머, 하이드롤라이즈드콜라겐, 하이드롤라이즈드하이알루로닉애씨드, 소듐아세틸레이티드하이알루로네이트, 아세틸옥타펩타이드-3(0.0003 ppm)"
"A000000225216","더마팩토리 PDRN 4% 앰플 30ml","더마팩토리","30.0","30.0","ml","","12000","4000.0","정제수, 다이프로필렌글라이콜, 부틸렌글라이콜, 프로판다이올, 소듐디엔에이, 글리세린, 1,2-헥산다이올, 나이아신아마이드, 베타인, 판테놀, C12-14알케스-12, 잔탄검, 하이드롤라이즈드밀단백질, 향료, 에틸헥실글리세린, 아데노신, 다이소듐이디티에이, 수용성프로테오글리칸"
"A000000239651","[녹는실|실프팅] 바이오힐보 프로바이오덤 3D 리프팅 바이오톡실 PLGA 세럼 30ml","바이오힐보","30.0","30.0","ml","","39000","13000.0","정제수, 프로판다이올, 부틸렌글라이콜, 메틸글루세스-20, 글리세린, 1,2-헥산다이올, 락토바실러스발효물, 락틱애씨드/글라이콜릭애씨드코폴리머(10ppm), 하이드롤라이즈드콜라겐, 소듐하이알루로네이트크로스폴리머, 소듐하이알루로네이트, 하이드록시아파타이트, 레스베라트롤, 아세틸헥사펩타이드-8, 아세틸헥사펩타이드-1, 헥사펩타이드-2, 아스코빅애씨드폴리펩타이드, 팔미토일테트라펩타이드-7, 아세틸옥타펩타이드-3, 아세틸테트라펩타이드-2, 아세틸테트라펩타이드-3, 아세틸테트라펩타이드-5, 아세틸테트라펩타이드-9, 아세틸다이펩타이드-1세틸에스터, 팔미토일트라이펩타이드-1, 팔미토일펜타펩타이드-4, 팔미토일트라이펩타이드-5, 카퍼트라이펩타이드-1, 노나펩타이드-1, 바이오틴, 아데노신, 세라마이드엔피, 베타-글루칸, 토코페롤, 판테놀, 베타인, 프룩토올리고사카라이드, 프룩탄, 이눌린, 폴리솔베이트20, 카르노신, 카프릴릴글라이콜, 소듐락테이트, 다이펩타이드다이아미노부티로일벤질아마이드다이아세테이트, 솔비탄라우레이트, 아가, 허니로커스트씨추출물, 펜틸렌글라이콜, 글리세릴폴리메타크릴레이트, 풀루란, C12-14알케스-12, 하이드록시에틸셀룰로오스, 트로메타민, 폴리아크릴레이트크로스폴리머-6, 카프릴릭/카프릭트라이글리세라이드, 에틸헥실글리세린, 하이드로제네이티드레시틴, 소듐파이테이트, 칼슘알지네이트, 암모늄아크릴로일다이메틸타우레이트/브이피코폴리머, 아크릴레이트/C10-30알킬아크릴레이트크로스폴리머, 만니톨, 글리세릴카프릴레이트, 카보머, 마이카 (CI 77019), 티타늄디옥사이드 (CI 77891), 잔탄검, 향료"
"A000000209487","믹순 두유 세럼 50ml","믹순","50.0","50.0","ml","","38000","7600.0","정제수,글리세린,세틸에틸헥사노에이트,다이프로필렌글라이콜,갈락토미세스발효여과물,부틸렌글라이콜,나이아신아마이드,1,2-헥산다이올,베타인,하이드록시아세토페논,판테놀,폴리글리세릴-3메틸글루코오스다이스테아레이트,트레할로오스,글리세릴스테아레이트,카보머,알지닌,솔비탄스테아레이트,잔탄검,솔비탄세스퀴올리에이트,에틸헥실글리세린,아데노신,시어버터,다이소듐이디티에이,카프릴릭/카프릭트라이글리세라이드,락토바실러스/콩발효추출물,락토바실러스/쌀발효물,락토바실러스/인삼뿌리발효여과물,효모/율무씨발효여과물,효모/감자추출물발효여과물,수크로오스코코에이트,세라마이드엔피,하이드로제네이티드레시틴,피토스핑고신,콜레스테롤,하이드롤라이즈드콩단백질,피토스테롤,애플민트잎추출물,녹차추출물,타임잎추출물,수용성콜라겐,글루코오스,만노오스,글루타티온,올리고펩타이드-29,올리고펩타이드-32,팔미토일펜타펩타이드-4"
"A000000251229","바이오더마 하이드라비오 에센스로션 200ml 기획 (+스트레치 화장솜)","바이오더마","200.0","200.0","ml","","38000","1900.0","정제수, 메틸프로판다이올, 나이아신아마이드, 피피지-26-부테스-26, 피이지-40하이드로제네이티드캐스터오일, 소듐피씨에이, 다이소듐이디티에이, 살리실릭애씨드, 하이드록시에틸셀룰로오스, 만니톨, 소듐시트레이트, 토코페릴아세테이트, 자일리톨, 헥실데칸올, 세트리모늄브로마이드, 향료, 벤조트라이아졸릴도데실p-크레솔, 람노오스, 소듐하이드록사이드, 사과씨추출물, 유채스테롤, 토코페롤"
"A000000239791","[쫀쫀모공/NEW] 리터니티 율무 모공 앰플 40ml","리터니티","40.0","40.0","ml","41000","37900","9475.0","정제수, 율무씨수(122,500ppm), 메틸프로판다이올, 나이아신아마이드, 프로판다이올, 글리세린, 1,2-헥산다이올, 하이드록시에틸아크릴레이트/소듐아크릴로일다이메틸타우레이트코폴리머, 옥틸도데칸올, 판테놀, 에틸헥실글리세린, C12-14알케스-12, 암모늄아크릴로일다이메틸타우레이트/브이피코폴리머, 팔미틱애씨드, 잔탄검, 스테아릭애씨드, 솔비탄아이소스테아레이트, 다이소듐이디티에이, 시트릭애씨드, 글루코오스, 율무씨추출물(10ppm), 하이드록시신나믹애씨드, 루틴"
"A000000161581","[누적판매 1700만]스킨1004 마다가스카르 센텔라 앰플 55ml","스킨1004","55.0","55.0","ml","","18000","3272.7","정제수, 글리세린, 부틸렌글라이콜, 병풀추출물, 1,2-헥산다이올, 셀룰로오스검, 에틸헥실글리세린"
"A000000183516","라로슈포제 에빠끌라 AI 15ml","라로슈포제","15.0","15.0","ml","","18000","12000.0","정제수,사이클로헥사실록산,이소노닐이소노나노에이트,프로필렌글라이콜,이소헥사데칸,나이아신아마이드,피이지-100스테아레이트,글리세릴스테아레이트,세틸알코올,암모늄폴리아크릴로일디메칠타우레이트,스테아릴알코올,이소부탄,소듐하이드록사이드,미리스틸알코올,카프릴로일글라이신,카프릴로일살리실릭애씨드,시트릭애씨드,잔탄검,t-부틸알코올,아크릴로나이트릴/메틸메타크릴레이트/비닐리덴클로라이드코폴리머,살리실릭애씨드,클로헥시딘디글루코네이트,피록톤올아민,향료"
"A000000219751","[집중진정] 라운드랩 소나무 진정 시카 앰플 30ml 기획 (+토너 20ml)","라운드랩","30.0","50.0","ml","24000","17900","3580.0","[소나무 진정 시카 앰플 30ml]
정제수, 부틸렌글라이콜, 다이프로필렌글라이콜, 글리세레스-26, 글리세린, 소나무잎추출물(10,022ppm), 1,2-헥산다이올, 프로판다이올, 하이알루로닉애씨드, 하이드롤라이즈드하이알루로닉애씨드, 소듐하이알루로네이트, 에틸헥실글리세린, 병풀추출물(111.22ppm), 인도멀구슬나무잎추출물, 황련뿌리추출물, 인도멀구슬나무꽃추출물, 하이드록시아세토페논, 글라이코프로테인(2.0044ppm), 소듐시트레이트, 카프릴로일살리실릭애씨드, 아시아티코사이드(0.1002ppm), 아시아틱애씨드(0.1002ppm), 마데카소사이드(0.1002ppm), 마데카식애씨드(0.1002ppm), 다이소듐이디티에이, 잔탄검, 카보머, 트로메타민, 시트릭애씨드

[소나무 진정 시카 토너 20ml]
정제수, 프로판다이올, 글리세린, 부틸렌글라이콜, 1,2-헥산다이올, 하이알루로닉애씨드, 하이드롤라이즈드하이알루로닉애씨드, 소듐하이알루로네이트, 소나무잎추출물(5,010ppm), 에틸헥실글리세린, 병풀추출물(60.6ppm), 인도멀구슬나무잎추출물, 인도멀구슬나무꽃추출물, 글라이코프로테인(1.002ppm), 글루코노락톤, 카프릴로일살리실릭애씨드, 소듐시트레이트, 하이드록시아세토페논, 아시아티코사이드(0.0501ppm), 아시아틱애씨드(0.0501ppm), 마데카소사이드(0.0501ppm), 마데카식애씨드(0.0501ppm), 다이소듐이디티에이, 시트릭애씨드"
"A000000189768","[모공플럼핑 수분앰플] 메디필 히알루론산 레이어 물톡스 앰플 30ml","메디필","30.0","30.0","ml","24900","16830","5610.0","정제수, 프로판다이올, 글리세린, 다이프로필렌글라이콜, 메틸프로판다이올, 1,2-헥산다이올, 나이아신아마이드, 다시마추출물, 한련초잎추출물, 병풀뿌리추출물, 에난티아 클로란타껍질추출물, 지모뿌리추출물, 소듐하이알루로네이트(500.1 ppm), 하이드로제네이티드레시틴, 알란토인, 카보머, 엑토인, 판테놀, 아데노신, 다이소듐이디티에이, 프룩토올리고사카라이드, 자일리톨, 부틸렌글라이콜, 베타-글루칸, 자일리틸글루코사이드, 하이드롤라이즈드하이알루로닉애씨드(30 ppm), 안하이드로자일리톨, 콜라겐, 류코노스톡/무발효여과물, 수크로오스팔미테이트, 스쿠알란, 폴리글루타믹애씨드, 글리세릴리놀리에이트, 하이드로제네이티드폴리아이소부텐, 글리세릴글루코사이드, 토코페롤, 올레아놀릭애씨드, 세라마이드엔피, 글라이신, 글루타믹애씨드, 알지닌, 하이드록시프로필사이클로덱스트린, 카프릴릭/카프릭트라이글리세라이드, 수크로오스다이스테아레이트, 피토스핑고신, 에틸헥실글리세린, 쌀겨오일, 해바라기씨오일, 트로메타민"
"A000000260329","페이보릿 수분조 세럼 30ml","페이보릿","30.0","30.0","ml","39000","35100","11700.0","정제수, 프로판다이올, 글리세린, 카프릴릭/카프릭트라이글리세라이드, 1,2-헥산다이올, 다이에톡시에틸석시네이트, 나이아신아마이드, 다이메티콘, 다이페닐다이메티콘, 트라이에틸헥사노인, 글리세릴스테아레이트, 베타인, 폴리글리세릴-3메틸글루코오스다이스테아레이트, 올리브오일, 하이드로제네이티드레시틴, 하이드록시에틸아크릴레이트/소듐아크릴로일다이메틸타우레이트코폴리머, 세테아릴알코올, 토코페롤, 폴리글리세릴-10라우레이트, 시어버터, 세라마이드엔피, 소듐스테아로일글루타메이트, 에틸헥실글리세린, 향료, 아데노신, 솔비탄아이소스테아레이트, 소듐하이알루로네이트, 다이소듐이디티에이, 다이프로필렌글라이콜, 피토스테릴/옥틸도데실라우로일글루타메이트, 하이드롤라이즈드하이알루로닉애씨드, 하이드롤라이즈드소듐하이알루로네이트, 하이알루로닉애씨드, 하이드록시프로필트라이모늄하이알루로네이트, 포타슘하이알루로네이트, 펜틸렌글라이콜, 소듐하이알루로네이트크로스폴리머, 소듐아세틸레이티드하이알루로네이트"
"A000000222026","[모공PDRN/모공리프팅] 리쥬란 더마 힐러 포어 타이트닝 앰플 30ml","리쥬란","30.0","30.0","ml","47000","34900","11633.3","정제수, 부틸렌글라이콜, 글리세린, 알로에베라잎즙, 오이열매추출물, 나이아신아마이드, 1,2-헥산다이올, 버지니아풍년화추출물, 글루코노락톤, 락틱애씨드, 하이드롤라이즈드디엔에이, 다이프로필렌글라이콜, 카프릴릭/카프릭트라이글리세라이드, 글라이콜릭애씨드, 소듐하이드록사이드, 소듐하이알루로네이트, 잔탄검, 귀리커넬추출물, 포트마리골드추출물, 프로판다이올, 카라멜, 흰버드나무껍질추출물, 라미나리아 오크롤레우카추출물, 살리실릭애씨드, 알란토인, 다이소듐이디티에이, 에틸헥실글리세린, 아라비아고무나무검, 아데노신, 펜틸렌글라이콜, 소듐만노오스포스페이트, 만노오스, 라이신, 베르가모트오일, 라벤더오일, 프롤린, 카퍼설페이트, 서양톱풀추출물, 카프릴로일살리실릭애씨드, 자몽껍질오일"
"A000000243084","[모공PDRN] 리쥬란 더마 힐러 포어 타이트닝 앰플 30ml [한정기획(+토너패드2매X6)/단품]_올영픽","리쥬란","30.0","30.0","ml","47000","34900","11633.3","[리쥬란 더마 힐러  포어 타이트닝 앰플] 정제수, 부틸렌글라이콜, 글리세린, 알로에베라잎즙, 오이열매추출물, 나이아신아마이드, 1,2-헥산다이올, 버지니아풍년화추출물, 글루코노락톤, 락틱애씨드, 하이드롤라이즈드디엔에이, 다이프로필렌글라이콜, 카프릴릭/카프릭트라이글리세라이드, 글라이콜릭애씨드, 소듐하이드록사이드, 소듐하이알루로네이트, 잔탄검, 귀리커넬추출물, 포트마리골드추출물, 프로판다이올,카라멜, 흰버드나무껍질추출물, 라미나리아 오크롤레우카추출물, 살리실릭애씨드, 알란토인, 다이소듐이디티에이, 에틸헥실글리세린, 아라비아고무나무검, 아데노신, 펜틸렌글라이콜, 소듐만노오스포스페이트, 만노오스, 라이신, 베르가모트오일, 라벤더오일, 프롤린, 카퍼설페이트, 서양톱풀추출물, 카프릴로일살리실릭애씨드, 자몽껍질오일 

[리쥬란 더마 힐러  포어 타이트닝 패드] 정제수, 다이프로필렌글라이콜, 부틸렌글라이콜, 글리세린, 나이아신아마이드, 알로에베라잎즙, 포트마리골드추출물, 귀리커넬추출물, 오이열매추출물, 하이드록시아세토페논,트로메타민, 폴리글리세릴-10라우레이트, 살리실릭애씨드, 글루코노락톤, 카프릴릴글라이콜, 락틱애씨드, 카보머, 1,2-헥산다이올, 암모늄아크릴로일다이메틸타우레이트/브이피코폴리머, 에틸헥실글리세린, 잔탄검, 토코페롤, 아데노신, 셀룰로오스검, 라미나리아 오크롤레우카추출물, 하이드롤라이즈드디엔에이, 버지니아풍년화추출물, 카프릴로일살리실릭애씨드, 고산바위바늘꽃추출물, 카프릴릭/카프릭트라이글리세라이드, 메틸다이아이소프로필프로피온아마이드, 다이포타슘글리시리제이트, 카놀라오일, 시트릭애씨드, 당근씨오일, 토코페릴아세테이트, 해바라기씨오일, 당근추출물, 다이소듐이디티에이, 베타-카로틴"
"A000000257373","[트러블OUT세럼] 더마젼시 제로카 81 세럼 30ml 더블기획","더마젼시","30.0","60.0","ml","","34800","5800.0","찔레꽃꽃수, 부틸렌글라이콜, 글리세린, 프로판다이올, 1,2-헥산다이올, 나이아신아마이드, 암모늄아크릴로일다이메틸타우레이트/브이피코폴리머, 정제수, 알지닌, 카보머, 아데노신, 다이소듐이디티에이, 판테놀, 아세틸글루코사민, 다이프로필렌글라이콜, 천궁추출물, 황금추출물, 하이드로제네이티드레시틴, 세테아릴올리베이트, 솔비탄올리베이트, 소듐하이알루로네이트, 베타-글루칸, 마데카소사이드, 흰서양송로추출물, 아시아티코사이드, 에틸헥실글리세린, 하이드록시프로필트라이모늄하이알루로네이트, 마데카식애씨드, 아시아틱애씨드, 병풀추출물, 소듐아세틸레이티드하이알루로네이트, 하이드롤라이즈드하이알루로닉애씨드, 하이알루로닉애씨드, 소듐하이알루로네이트크로스폴리머, 하이드롤라이즈드소듐하이알루로네이트, 포타슘하이알루로네이트, 에스에이치-올리고펩타이드-1, 에스에이치-올리고펩타이드-2, 에스에이치-폴리펩타이드-1, 에스에이치-폴리펩타이드-11, 에스에이치-폴리펩타이드-16, 에스에이치-폴리펩타이드-22, 에스에이치-폴리펩타이드-3, 에스에이치-폴리펩타이드-62, 에스에이치-폴리펩타이드-9"
"A000000254332","쥬베룩 PDLLA 리파이닝 퍼스트 에센스 150ml(단품/기획)","쥬베룩","150.0","150.0","ml","39000","34300","2286.7","정제수, 프로판다이올, 글리세린, 나이아신아마이드, 펜틸렌글라이콜, 1,2-헥산다이올, 스핑고모나스발효추출물, 댑싸리추출물, 하이드롤라이즈드해면, 백미꽃추출물, 접시꽃추출물, 하이드롤라이즈드콜라겐(10ppb), 하이드롤라이즈드하이알루로닉애씨드, 아텔로콜라겐(0.1ppb), 다이에톡시에틸석시네이트, 글루코노락톤, 트라이프로필렌글라이콜, 폴리아크릴레이트크로스폴리머-6, 트로메타민, 하이드록시에틸셀룰로오스, 에틸헥실글리세린, 아데노신, 소듐시트레이트, 시트릭애씨드, 판테놀, 부틸렌글라이콜, 바이오사카라이드검-1, 베타-글루칸, 토코페롤, 카프릴로일살리실릭애씨드, 살리실릭애씨드, 소듐락테이트, 글라이콜릭애씨드, 파이틱애씨드, 폴리솔베이트20, 폴리락틱애씨드(1ppb), 팔미토일트라이펩타이드-1, 팔미토일테트라펩타이드-7, 아세틸헥사펩타이드-8, 아스코빅애씨드폴리펩타이드, 아세틸옥타펩타이드-3, 아세틸테트라펩타이드-2, 아세틸테트라펩타이드-3, 아세틸테트라펩타이드-5, 아세틸테트라펩타이드-9, 카르노신, 카퍼트라이펩타이드-1, 노나펩타이드-1, 팔미토일펜타펩타이드-4, 팔미토일트라이펩타이드-5, 다이소듐이디티에이, 카보머"
"A000000154625","[코어탄력크림] 아이소이 인텐시브 에너자이징 크림EX 30ml","아이소이","30.0","30.0","ml","45000","33700","11233.3","정제수, 글리세린, 마카다미아씨오일, 스쿠알란, 카프릴릭/카프릭트라이글리세라이드, 펜타에리스리틸테트라아이소스테아레이트, 세틸에틸헥사노에이트, 트레할로오스, 베타인, 글리세릴스테아레이트, 세테아릴알코올, 알부틴, 스테아릭애씨드, 아라키딜알코올, 메도우폼씨오일, 솔비탄스테아레이트, 다마스크장미꽃오일, 시어버터, 호호바씨오일, 올리브오일, 베헤닐알코올, 아라키딜글루코사이드, 다마스크장미꽃수, 세라마이드엔피, 아데노신, 잔탄검, 알란토인, 팔미토일트라이펩타이드-5, 참마뿌리추출물, 밤껍질추출물, 아세로라추출물, 몰로키아잎추출물, 브로콜리추출물, 로즈마리추출물, 니아울리나무잎오일, 마트리카리아꽃/잎추출물, 병풀추출물, 락토바실러스/콩발효추출물, 흰목이버섯추출물, 황련뿌리추출물, 부틸렌글라이콜, 1,2-헥산다이올, 스페인감초뿌리추출물, 황금추출물, 모란뿌리추출물, 시트로넬올, 제라니올, 파네솔, 유제놀, 리날룰"
"A000000213915","[깊은모공케어] 성분에디터 그린토마토 포어 부스팅 딥샷 앰플 30ml","성분에디터","30.0","30.0","ml","26900","15900","5300.0","정제수, 부틸렌글라이콜, 글리세린, 나이아신아마이드, 세틸에틸헥사노에이트, 카프릴릭/카프릭트라이글리세라이드, 토마토추출물, 해면, 알지닌, 아데노신, 인도멀구슬나무잎추출물, 소듐아크릴레이트/소듐아크릴로일다이메틸타우레이트코폴리머, 로즈마리잎오일, 콘민트추출물, 인도멀구슬나무꽃추출물, 커피콩추출물, 하이드롤라이즈드익스텐신, 드럼스틱씨추출물, 판테놀, 하이드록시프로필트라이모늄하이알루로네이트, 시트로넬라오일, 라벤더오일, 리씨열매오일, 바질오일, 솔비탄올리에이트, 달맞이꽃꽃추출물, 칡뿌리추출물, 대왕소나무잎추출물, 당느릅나무뿌리추출물, 하이드롤라이즈드콜라겐, 하이드로제네이티드폴리아이소부텐, 소듐하이알루로네이트, 하이드롤라이즈드하이알루로닉애씨드, 하이드롤라이즈드소듐하이알루로네이트, 다이메틸실란올하이알루로네이트, 데이지꽃추출물, 하이알루로닉애씨드, 포타슘하이알루로네이트, 페네틸알코올, 소듐하이알루로네이트크로스폴리머, 소듐하이알루로네이트다이메틸실란올, 소듐아세틸레이티드하이알루로네이트, 글라이신, 글루타믹애씨드, 류신, 메티오닌, 발린, 세린, 아스파틱애씨드, 알라닌, 아이소류신, 페닐알라닌, 프롤린, 히스티딘, 타우린, 오르니틴, 지모뿌리추출물, 벤질글라이콜, 폴리글리세릴-4라우레이트, 폴리글리세릴-2스테아레이트, 폴리글리세릴-6라우레이트, 글리세릴스테아레이트, 스테아릴알코올, 카보머, 에틸헥실글리세린, 폴리아이소부텐, 카프릴릴/카프릴글루코사이드, 소듐클로라이드, 포타슘클로라이드, 다이소듐포스페이트, 포타슘포스페이트, 1,2-헥산다이올"
"A000000214797","[고보습미스트] 바이오힐보 프로바이오덤 3D 리프팅 크림 에센스 100mL","바이오힐보","100.0","100.0","ml","","33000","3300.0","정제수, 트라이에틸헥사노인, 다이프로필렌글라이콜, 카프릴릭/카프릭트라이글리세라이드, 나이아신아마이드, 1,2-헥산다이올, 락토바실러스발효물, 아이리쉬모스추출물, 사탕수수추출물, 카카오추출물, 하이드롤라이즈드콜라겐, 소듐하이알루로네이트, 키토산, 하이드롤라이즈드하이알루로닉애씨드, 하이알루로닉애씨드, 글리세레스-26, 하이드록시아세토페논, 글리세린, 암모늄폴리아크릴로일다이메틸타우레이트, 카프릴릴글라이콜, 아크릴릭애씨드/브이피크로스폴리머, 다이페닐다이메티콘, 트로메타민, 베타인, 판테놀, 소듐다이라우미도글루타미드라이신, 에틸헥실글리세린, 아데노신, 다이포타슘글리시리제이트, 하이드로제네이티드레시틴, 덱스트린, 베타-글루칸, 프룩토올리고사카라이드, 토코페롤, 부틸렌글라이콜, 프룩탄, 이눌린, 펜틸렌글라이콜, 수용성프로테오글리칸, 다이펩타이드다이아미노부티로일벤질아마이드다이아세테이트, 팔미토일트라이펩타이드-5, 콜레스테롤, 하이드록시프로필트라이모늄하이알루로네이트, 소듐아세틸레이티드하이알루로네이트, 세라마이드엔피, 하이드롤라이즈드소듐하이알루로네이트, 소듐하이알루로네이트크로스폴리머, 포타슘하이알루로네이트, 다이소듐이디티에이, 향료"
"A000000249582","[붉은기 진정 앰플] 제로이드 핌프로브 카밍 앰플 30ml","제로이드","30.0","30.0","ml","","33000","11000.0","정제수, 부틸렌글라이콜, 메틸프로판다이올, 1,2-헥산다이올, 다이메틸설폰, 다이포타슘글리시리제이트, 알지닌, 아크릴레이트/C10-30알킬아크릴레이트크로스폴리머, 에틸헥산아마이드세린올, 소듐하이알루로네이트, 알란토인, 마데카소사이드, 징크글루코네이트, 올레아마이드엠이에이, 폴리포스포릴콜린글라이콜아크릴레이트, 다이라우라미도아이소프로판올, 미리스토일/팔미토일옥소스테아라마이드/아라카마이드엠이에이, 소듐시트레이트"
"A000000260216","클레어스 블루 유스 액티베이팅 드롭 20ml 리필 기획 (+20ml 리필)","디어클레어스","20.0","40.0","ml","44000","32900","8225.0","정제수, 부틸렌글라이콜, 에스에이치-올리고펩타이드-1, 에스에이치-폴리펩타이드-1, 로우스위트블루베리추출물, 레시틴, 솔비탄세스퀴올리에이트, 1,2-헥산다이올, 카프릴릴글라이콜, 피이지-60하이드로제네이티드캐스터오일, 글리세린, 클로페네신, 구아이아줄렌, 에틸헥실글리세린, 아데노신"
"A000000251899","[노화케어] 디오디너리 보르피린 92% + Pal-아이소류신 1% 15ml","디오디너리","15.0","15.0","ml","","32600","21733.3","하이드로제네이티드폴리아이소부텐(91.96%), 카프릴릴글라이콜, 폴리글리세릴-3스테아레이트, 팔미토일아이소류신(1%), 지모뿌리추출물(0.04%), 검양옻나무열매왁스, 토코페롤."
"A000000166628","[응급진정세럼] 아이소이 아크니닥터 1st 컨트롤 세럼 40ml 기획(+응급진정패드4매)","아이소이","40.0","40.0","ml","","32000","8000.0","정제수, 글리세린, 에탄올(식물발효), 카프릴릭/카프릭트라이글리세라이드, 베타인, 마카다미아씨오일, 세테아릴알코올,
글리세릴스테아레이트, 흰버드나무껍질추출물, 고삼뿌리추출물, 비타민나무열매추출물, 약모밀추출물, 다마스크장미꽃수, 레몬향티트리오일,
소듐하이알루로네이트, 잔탄검, 알란토인,서양송악추출물, 신선초추출물, 바오밥나무잎추출물, 밤껍질추출물, 병풀추출물, 알지닌, 카보머,
포트마리골드꽃추출물, 부틸렌글라이콜, 1,2-헥산다이올, 솔비탄스테아레이트, 황금추출물, 모란뿌리추출물,
스페인감초뿌리추출물, 시트랄※"
"A000000214674","[올영단독/1+1+1] 프랭클리 모공축소 클로저 세럼 30ml 3입 기획 대용량앰플","프랭클리","30.0","60.0","ml","","31900","5316.7","정제수, 글리세린, 부틸렌글라이콜, 프로판다이올, 1,2-헥산다이올, 하이드롤라이즈드루핀단백질, 아세틸헥사펩타이드-8, 트라이펩타이드-3, 아세틸옥타펩타이드-3, 카퍼트라이펩타이드-1, 팔미토일펜타펩타이드-4, 팔미토일테트라펩타이드-7, 팔미토일트라이펩타이드-1, 트라이펩타이드-1, 트라이펩타이드-2, 아데노신, 글루코노락톤, 콜라겐, 하이드롤라이즈드콜라겐, 류코노스톡/무발효여과물, 소듐하이알루로네이트, 하이드록시아세토페논, 카보머, 셀룰로오스검, 트로메타민, 베타인, 잔탄검, 에틸헥실글리세린, 하이드롤라이즈드치자추출물, 하이드롤라이즈드맥아추출물, 하이드롤라이즈드삼색제비꽃추출물, 다이소듐이디티에이"
"A000000203792","[기미잡티 개선] 도미나스 앳클리닉 트라넥삼산 스팟 샷 기미잡티 앰플 30ML","도미나스","30.0","30.0","ml","38000","30400","10133.3","정제수, 다이프로필렌글라이콜, 글리세린, 부틸렌글라이콜, 나이아신아마이드, 변성알코올, 트라넥사믹애씨드(2%), 2,3-부탄다이올, 판테놀, 폴리글리세린-3, 1,2-헥산다이올, 다이메티콘, 띠뿌리추출물, 하이드로제네이티드레시틴, 트록세루틴, 세라마이드엔피, 아크릴레이트/C10-30알킬아크릴레이트크로스폴리머, 향료, 트로메타민, 세테아릴알코올, 세틸포스페이트, 아이소스테아릭애씨드, 피이지-10레이프씨드스테롤, 아데노신, 소듐하이알루로네이트, 잔탄검, 글리세릴스테아레이트, 베타-글루칸, 사이아노코발아민, 글루타티온, 글리세레스-20, 카프릴릴글라이콜, 카보머, 토코페롤, 소듐시트레이트, 돌콩오일, 트라이소듐이디티에이, 카프릴릭/카프릭트라이글리세라이드, 시트릭애씨드, 하이드록시데실유비퀴논, 폴리글리세릴-10올리에이트, 비사보롤, 유비퀴논, 바이오틴, 리모넨"
"A000000174027","[노화케어] 디오디너리 멀티-펩타이드 + HA 세럼 30ml","디오디너리","30.0","30.0","ml","","30200","10066.7","정제수, 글리세린, 락토코쿠스발효용해물, 아세틸헥사펩타이드-8, 펜타펩타이드-18, 팔미토일트라이펩타이드-1, 팔미토일테트라펩타이드-7, 팔미토일트라이펩타이드-38, 다이펩타이드다이아미노부티로일벤질아마이드다이아세테이트, 아세틸알지닐트립토필다이페닐글라이신, 소듐하이알루로네이트크로스폴리머, 소듐하이알루로네이트, 알란토인, 글라이신, 알라닌, 세린, 발린, 이소류신, 프롤린, 트레오닌, 히스티딘, 페닐알라닌, 알지닌, 아스파틱애씨드, 트레할로오스, 프룩토오스, 글루코오스, 말토스, 우레아, 소듐피씨에이, 피씨에이, 소듐락테이트, 시트릭애씨드, 하이드록시프로필사이클로덱스트린, 소듐클로라이드, 소듐하이드록사이드, 부틸렌글라이콜, 펜틸렌글라이콜, 아라비아고무나무검, 잔탄검, 카보머, 폴리솔베이트20, 피피지-26-부테스-26, 피이지-40하이드로제네이티드캐스터오일, 트라이소듐에틸렌다이아민다이석시네이트, 에톡시다이글라이콜, 소듐벤조에이트, 카프릴릴글라이콜, 에틸헥실글리세린, 페녹시에탄올, 클로페네신"
"A000000180408","[리쥬란 퍼스트에센스]리쥬란 더마 힐러 트리트먼트 에센스 70g [기획(+턴오버앰플 5ml)/단품]","리쥬란","5.0","5.0","ml","40000","30000","60000.0","정제수, 페닐트라이메티콘, 부틸렌글라이콜, 1,2-헥산다이올, 글리세린, 나이아신아마이드, 알로에베라잎즙, 귀리커넬추출물, 포트마리골드추출물, 오이열매추출물, 하이드롤라이즈드디엔에이, 폴리아크릴레이트크로스폴리머-6, 아크릴레이트/C10-30알킬아크릴레이트크로스폴리머, 트로메타민, 호호바씨오일, 라미나리아 오크롤레우카추출물, 아데노신, 아모다이메티콘, 카프릴릭/카프릭트라이글리세라이드, 멕시칸주니퍼오일, 글라이신, 세린, 글루타믹애씨드, 아스파틱애씨드, 류신, 알라닌, 라이신, 알지닌, 타이로신, 페닐알라닌, 프롤린, 트레오닌, 발린, 아이소류신, 히스티딘, 시스테인, 메티오닌, 세라마이드엔피, 콜레스테롤, 팔미틱애씨드"
"A000000209746","제로이드 인텐시브 하이드레이팅 앰플 30ml","제로이드","30.0","30.0","ml","","30000","10000.0","정제수, 부틸렌글라이콜, 사카라이드아이소머레이트, 1,2-헥산다이올, 소듐하이알루로네이트, 시트릭애씨드, 소듐시트레이트"
"A000000224488","[흔적진정] 바이오힐 보 판테셀 리페어 시카좀 앰플 30ml","바이오힐보","30.0","30.0","ml","","30000","10000.0","정제수, 글리세린, 프로판다이올, 부틸렌글라이콜, 판테놀, 나이아신아마이드, 1,2-헥산다이올, 소듐하이알루로네이트, 병풀추출물, 칸디다 봄비콜라/글루코오스/메틸레이프씨데이트발효물, 병풀잎추출물, 해바라기씨오일, 병풀잎소포, 마카다미아씨오일, 글리세릴폴리메타크릴레이트, 베타인, 폴리글리세릴-10라우레이트, 아크릴레이트/C10-30알킬아크릴레이트크로스폴리머, 다이페닐다이메티콘, 트라이에틸헥사노인, 트로메타민, 에틸헥실글리세린, 아데노신, 하이드로제네이티드레시틴, 마데카소사이드, 알란토인, 다이프로필렌글라이콜, 베타-글루칸, 아시아티코사이드, 토코페롤, 헥실레조시놀, 옥틸도데칸올, 베타-시토스테롤, 포스파티딜콜린, 아시아틱애씨드, 글라이코리피드, 마데카식애씨드, 소듐클로라이드, 피토스테롤, 트레할로오스, 솔비톨, 다이소듐포스페이트, 포타슘포스페이트, 포타슘클로라이드, 시트릭애씨드, 아세틸헥사펩타이드-8, 아스코빅애씨드폴리펩타이드, 아세틸옥타펩타이드-3, 아세틸테트라펩타이드-2, 아세틸테트라펩타이드-3, 아세틸테트라펩타이드-5, 아세틸테트라펩타이드-9, 카르노신, 카퍼트라이펩타이드-1, 노나펩타이드-1, 팔미토일펜타펩타이드-4, 팔미토일트라이펩타이드-1, 팔미토일트라이펩타이드-5, 잔탄검, 세테아릴알코올"
"A000000147077","린제이 엄청 큰 보습 멀티 앰플 (500ml)","린제이","500.0","500.0","ml","9900","8900","178.0","정제수, 글리세린, 다이프로필렌글라이콜, 부틸렌글라이콜, 소듐하이알루로네이트, 1,2-헥산다이올, 하이드록시아세토페논, 옥틸도데세스-16, 잔탄검, 다이소듐이디티에이, 로즈우드오일, 폴리글리세릴-3메틸글루 코오스다이스테아레이트, 다이포타슘글리시리제이트, 하이드롤라이즈드콜라겐, 판테놀, 토타롤, 밤부사 불가리스수, 트레할로오스, 알란토인, 스피룰리나 플라텐시스가루, 세라마이드엔피, 베타인, 황금추출물, 삼백초추출물, 버지니 아풍년화잎추출물, 티트리추출물, 알로에베라잎추출물, 쇠비름추출물, 병풀추출물"
"A000000147122","린제이 엄청 큰 AC컨트롤 멀티 앰플 (500ml)","린제이","500.0","500.0","ml","9900","8900","178.0","정제수, 글리세린, 다이프로필렌글라이콜, 부틸렌글라이콜, 소듐하이알루로네이트, 1,2-헥산다이올, 하이드록시아세토페논, 잔탄검, 다이소듐이디티에이, 옥틸도데세스-16, 폴리글리세릴-3메틸글루코오스다이스 테아레이트, 다이포타슘글리시리제이트, 티트리잎오일, 토타롤, 알란토인, 밤부사 불가리스수, 펜틸렌글라이콜, 황금추출물, 삼백초추출물, 버지니아풍년화잎추출물, 락토바실러스발효용해물, 티트리추출물, 쇠비름추출물, 병풀추출물, 가지열매추출물, 마데카소사이드, 아시아티코사이드"
"A000000243068","[페이백이벤트/리뉴얼] 마미케어 바다포도 레티놀 모공앰플 50ml","마미케어","50.0","50.0","ml","","29800","5960.0","정제수, 다이프로필렌글라이콜, 나이아신아마이드, 프로판다이올, 부틸렌글라이콜, 바다포도추출물(2,050 ppm), 레티놀(500IU, 155,000 ppb), 카프릴릭/카프릭트라이글리세라이드, 다마스크장미꽃수, 만다린추출물, 자몽추출물, 스피어민트추출물, 글리세린, 벤질글라이콜, 암모늄아크릴로일다이메틸타우레이트/브이피코폴리머, C12-13파레스-9, 1,2-헥산다이올, 아사이팜열매추출물, 황련뿌리추출물, 로우스위트블루베리추출물, 에틸헥실글리세린, 아데노신, 소듐하이알루로네이트, 크랜베리추출물, 인디안구스베리열매추출물, 아가, 레몬추출물, 인도멀구슬나무잎추출물, 락토바이오닉애씨드, 트레할로오스, 흰버드나무껍질추출물, 만델릭애씨드, 한련초추출물, 인도멀구슬나무꽃추출물, 청각추출물, 프로폴리스추출물, 달맞이꽃꽃추출물, 칡뿌리추출물, 대왕소나무잎추출물, 당느릅나무뿌리추출물, 아줄렌, 카프릴릴글라이콜, 아이비고드열매추출물, 드럼스틱씨오일, 가지열매추출물, 호호바씨오일, 울금뿌리추출물, 참산호말추출물, 홀리바질잎추출물, 센티드제라늄꽃오일, 니코틴아마이드모노뉴클레오타이드, 하이드롤라이즈드익스텐신"
"A000000184662","아이오페 맨 바이오 컨디셔닝 에센스 145ml","아이오페","145.0","145.0","ml","42000","29400","2027.6","효모발효여과물, 프로판다이올, 글리세린, 변성알코올, 부틸렌글라이콜, 나이아신아마이드, 1,2-헥산다이올, 다이에톡시에틸석시네이트, 베타인, 피피지-13-데실테트라데세스-24, 소듐파이루베이트, 에틸헥실글리세린, 아데노신, 덱스트린, 향료, 다이소듐이디티에이, 타우린, 맥주효모추출물, 정제수, 펜틸렌글라이콜, 페퍼민트추출물"
"A000000233882","[광채세럼] 바이오힐보 NAD 프리즈셀 글로우 파워 세럼 30ml [단품/기획]","바이오힐보","30.0","30.0","ml","39000","29200","9733.3","[NAD 세럼] 정제수, 글리세린, 부틸렌글라이콜, 카프릴릭/카프릭트라이글리세라이드, 1,2-헥산다이올, 펜틸렌글라이콜, 폴리글리세린-3, 아이리쉬모스추출물, 사탕수수추출물, 유럽밤나무씨추출물, 백미꽃추출물, 접시꽃추출물, 해마토코쿠스 플루비알리스추출물, 로즈마리잎추출물, 콜라겐추출물, 수용성콜라겐, 메틸글루세스-20, 글리세릴폴리메타크릴레이트, 암모늄폴리아크릴로일다이메틸타우레이트, 아크릴레이트/C10-30알킬아크릴레이트크로스폴리머, 아미노메틸프로판다이올, 젤란검, 알란토인, 판테놀, 아가, 에틸헥실글리세린, 다이펩타이드-15, 아데노신, 피브이엠/엠에이코폴리머, 베타-글루칸, 니코틴아마이드아데닌다이뉴클레오타이드, 카프릴로일살리실릭애씨드, 사이아노코발아민, 하이드로제네이티드레시틴, 콜레스테롤, 세라마이드엔피, 폴리글리세릴-10라우레이트, 토코페롤, 올레익애씨드, 스테아릭애씨드, 나이아신아마이드, 글루타티온, 엑토인, 레스베라트롤, 스쿠알란, 아스타잔틴, 암모늄아크릴로일다이메틸타우레이트/브이피코폴리머, 하이드록시에틸셀룰로오스, 폴리아크릴레이트크로스폴리머-6, 프로판다이올, 소듐디엔에이, 알지닌, 아스코빅애씨드폴리펩타이드, C12-13알케스-9, 소듐하이알루로네이트크로스폴리머, 카프릴릴글라이콜, 엘라스틴, 하이드록시아세토페논, 트라이펩타이드-10시트룰린, 카보머, 다이소듐이디티에이, 잔탄검, 카라멜 

[NAD 필름마스크] 정제수, 다이프로필렌글라이콜, 글리세레스-26, 베타인, 부틸렌글라이콜, 메틸글루세스-20, 폴리글리세린-3, 1,2-헥산다이올, 하이드록시아세토페논, 소듐폴리아크릴레이트, 소듐폴리아크릴로일다이메틸타우레이트, 아데노신, 다이소듐이디티에이, 소듐하이알루로네이트, 옥틸도데세스-16, 니코틴아마이드아데닌다이뉴클레오타이드(19.9ppm), 자일리틸글루코사이드, 안하이드로자일리톨, 자일리톨, 스쿠알란, 엑토인, 올리브오일, 글리세린, 하이드로제네이티드레시틴, 콜레스테롤, 나이아신아마이드, 포스파티딜콜린, 소듐다이라우미도글루타미드라이신, 글루타티온, 아스타잔틴, 아세틸헥사펩타이드-1, 수용성콜라겐, 알지닌, 소듐하이알루로네이트크로스폴리머, 콜라겐추출물, 세라마이드엔피, 카프릴릴글라이콜, 엘라스틴, 트라이펩타이드-10시트룰린"
"A000000180436","[트러블/대용량] 닥터지 에이클리어 스팟 포 페이스 세럼 80ml","닥터지","80.0","80.0","ml","","29000","3625.0","정제수, 펜틸렌글라이콜, 2,3-부탄다이올, 다이에톡시에틸석시네이트, 다이메틸설폰, 나이아신아마이드, 락토바실러스발효물, 암모늄폴리아크릴로일다이메틸타우레이트, 글리세린, 판테놀, 석시닉애씨드, 트로메타민, 부틸렌글라이콜, 다이포타슘글리시리제이트, 알란토인, 스테비아잎/줄기추출물, 1,2-헥산다이올, 다이소듐이디티에이, 덱스트린, 카카오씨추출물, 병풀추출물, 약모밀추출물, 워터민트추출물, 애플민트잎추출물, 스피어민트추출물, 아시아틱애씨드, 아시아티코사이드, 마데카식애씨드, 마데카소사이드, 흰버드나무껍질추출물"
"A000000237367","랑벨 비타 에너지 잡티 앰플 30ml","랑벨","30.0","30.0","ml","34000","29000","9666.7","정제수, 프로판다이올, 나이아신아마이드, 트라넥사믹애씨드, 3-O-에틸아스코빅애씨드, 판테놀, 글루타티온, 하이알루로닉애씨드, 하이드롤라이즈드하이알루로닉애씨드, 소듐하이알루로네이트, 비사보롤, 지모뿌리추출물, 마데카소사이드, 페룰릭애씨드, 부틸렌글라이콜, 글리세린, 하이드록시아세토페논, 잔탄검, 글리세레스-25피씨에이아이소스테아레이트, 토코페롤, 라벤더꽃추출물, 오레가노잎추출물, 데실글루코사이드, 해바라기씨오일, 로즈마리추출물, 콜레스테롤, 아데노신, 하이드롤라이즈드치자추출물, 하이드롤라이즈드맥아추출물, 시트릭애씨드, 하이드롤라이즈드삼색제비꽃추출물, 황련뿌리추출물, 비타민나무열매오일, 오렌지껍질오일, 마그네슘아스코빌포스페이트, 하이드로제네이티드폴리아이소부텐, 에틸헥실글리세린, 소듐메타바이설파이트, 펜틸렌글라이콜, 카프릴릴글라이콜, 테트라헥실데실아스코베이트, 변성알코올, 트라이소듐에틸렌다이아민다이석시네이트, 하이드로제네이티드레시틴, 갈릭애씨드, 소듐다이라우미도글루타미드라이신, 포스파티딜콜린, 1,2-헥산다이올, 리모넨"
"A000000204594","[단독기획/리프팅]AHC 프로 샷 콜라 쥬비네이션 리프팅 세럼 40ml 기획 (+아이크림 10ml)","AHC","40.0","50.0","ml","36000","28900","5780.0","[본품 - AHC 프로샷 콜라쥬비네이션 리프팅 세럼]
정제수, 글리세린, 프로판다이올, 다이프로필렌글라이콜, 폴리글리세린-3, 1,2-헥산다이올, 펜틸렌글라이콜, 메틸프로판다이올, 판테놀, 다이아이소프로필아디페이트, 마카다미아씨오일, 글리세릴폴리메타크릴레이트, 베타인, 자일리틸글루코사이드, C12-14알케스-12, 4-t-부틸사이클로헥산올, 안하이드로자일리톨, 메틸메타크릴레이트크로스폴리머, 스쿠알란, 하이드로제네이티드폴리데센, 하이드로제네이티드레시틴, 잔탄검, 아크릴레이트/C10-30알킬아크릴레이트크로스폴리머, 소듐폴리아크릴로일다이메틸타우레이트, 폴리글리세릴-3메틸글루코오스다이스테아레이트, 알란토인, 비사보롤, 소듐스테아로일글루타메이트, 트로메타민, 다이에틸헥실시링질리덴말로네이트, 자일리톨, 향료, 스테비아잎/줄기추출물, 시어버터, 에틸헥실글리세린, 소듐하이알루로네이트, 다이포타슘글리시리제이트, 아데노신, 소듐폴리아크릴레이트, 하이드록시피나콜론레티노에이트, 소듐파이테이트, 카프릴릭/카프릭트라이글리세라이드, 토코페롤, 올리고펩타이드-1, 아스파라곱시스 아르마타추출물, 베타-알라닐하이드록시프롤릴다이아미노부티로일벤질아마이드, 헥사펩타이드-11, 아세틸테트라펩타이드-9, 바쿠치올, 해바라기씨오일, 잇꽃씨오일, 뽕나무잎추출물, 자주개자리추출물, 기가르티나 스텔라타추출물, 부틸렌글라이콜, 콜라겐, 콜라겐추출물, 카프릴릴글라이콜, 알지닌, 콜레스테롤, 폴리글리세릴-10라우레이트, 키토산, 포타슘솔베이트, 세라마이드엔피, 하이드롤라이즈드하이알루로닉애씨드, 하이드록시프로필트라이모늄하이알루로네이트, 소듐아세틸레이티드하이알루로네이트, 소듐하이알루로네이트크로스폴리머

[증정 - AHC 프로샷 콜라쥬비네이션 아이크림 포 페이스]
정제수,글리세린,다이프로필렌글라이콜,카프릴릭/카프릭트라이글리세라이드,하이드로제네이티드폴리데센,사이클로헥사실록세인,다이카프릴릴카보네이트,카프릴릭/카프릭/석시닉트라이글리세라이드,세테아릴알코올,글리세릴스테아레이트에스이,세틸알코올,시어버터,펜타에리스리틸스테아레이트/카프레이트/카프릴레이트/아디페이트,세테아릴올리베이트,폴리글리세릴-10미리스테이트,1,2-헥산다이올,솔비탄올리베이트,폴리글리세릴-10라우레이트,다이메티콘/비닐다이메티콘크로스폴리머,향료,폴리아크릴레이트-13,베헤닐알코올,소듐스테아로일글루타메이트,비닐다이메티콘,폴리글리세릴-10스테아레이트,피토스테릴/베헤닐/옥틸도데실라우로일글루타메이트,하이드록시아세토페논,하이드로제네이티드레시틴,하이드로제네이티드폴리아이소부텐,에틸헥실글리세린,아크릴레이트/C10-30알킬아크릴레이트크로스폴리머,잔탄검,프로판다이올,아데노신,에틸헥실팔미테이트,콜레스테롤,다이소듐이디티에이,펜틸렌글라이콜,솔비탄아이소스테아레이트,콜라겐,세라마이드엔피,부틸렌글라이콜,소듐라우레이트,라우릭애씨드,올리고펩타이드-1,베타-알라닐하이드록시프롤릴다이아미노부티로일벤질아마이드,아스파라곱시스 아르마타추출물,토코페롤,헥사펩타이드-11,아세틸테트라펩타이드-9,바쿠치오르다이아이소프로필아디페이트,해바라기씨오일,수용성콜라겐,스쿠알란,뽕나무잎추출물,잇꽃씨오일,알루미늄.마그네슘하이드록사이드스테아레이트,자주개자리추출물,스테비아잎/줄기추출물,하이드록시피나콜론레티노에이트,기가르티나 스텔라타추출물,카프릴릴글라이콜"
"A000000174304","[수분탄력에센스] 유리아쥬 글로우업 오 에센스 100ml","유리아쥬","100.0","100.0","ml","38000","28800","2880.0","정제수,온천수*,다이글리세린,1,2-헥산다이올,자귀나무껍질추출물,글리세린,자일리틸글루코사이드,안하이드로자일리톨,이눌린,피이지-80글리세릴코코에이트,자일리톨,소듐하이알루로네이트,칼슘글루코네이트,글루코오스,잔탄검,폴리쿼터늄-51,마그네슘글루코네이트,소듐벤조에이트,시트릭애씨드,향료 *100,000ppm"
"A000000245095","에스트라 아토베리어365 하이드로 에센스 200ml 기획(+클렌징밀크 30ml)","에스트라","200.0","230.0","ml","32000","28800","1252.2","정제수, 부틸렌글라이콜, 글리세린, 스쿠알란, 1,2-헥산다이올, 아크릴레이트/C10-30알킬아크릴레이트크로스폴리머, 카보머, 트로메타민, 글리세릴카프릴레이트, 에틸헥실글리세린, 다이소듐이디티에이, 낫토검, 스테아릭애씨드, 하이드록시프로필비스팔미타마이드엠이에이, 만니톨, 피씨에이, 락틱애씨드, 글루코오스, 글라이신, 우레아, 소듐글리세로포스페이트, 세린, 글루타믹애씨드, 토코페롤, 아크릴레이트/암모늄메타크릴레이트코폴리머, 포타슘마그네슘아스파테이트, 아스파틱애씨드, 류신, 소듐클로라이드, 알라닌, 라이신, 알지닌, 칼슘글루코네이트, 마그네슘글루코네이트, 타이로신, 페닐알라닌, 프롤린, 트레오닌, 발린, 아이소류신, 시트릭애씨드, 콜레스테롤, 히스티딘, 실리카, 아세틸글루코사민, 크레아틴, 우릭애씨드, 시스테인, 메티오닌"
"A000000229789","[잡티미백] 구달 청귤 비타C 잡티케어 세럼 알파 30ml 기획 (+20ml)","구달","30.0","50.0","ml","","28000","5600.0","정제수,탄제린추출물,부틸렌글라이콜,나이아신아마이드,다이프로필렌글라이콜,메틸글루세스-20,1,2-헥산다이올,글리세레스-26,암모늄아크릴로일다이메틸타우레이트/브이피코폴리머,판테놀,아이리쉬모스추출물,글리세린,콜레스-24,사탕수수추출물,카보머,트로메타민,폴리글리세릴-10라우레이트,에틸헥실글리세린,소듐하이알루로네이트,알란토인,아데노신,토코페릴아세테이트,하이드로제네이티드레시틴,하이드롤라이즈드호호바에스터,소듐파이테이트,잔탄검,인도멀구슬나무꽃추출물,홀리바질잎추출물,베르가모트오일,인도멀구슬나무잎추출물,아스코빌글루코사이드,다이포타슘글리시리제이트,울금뿌리추출물,참산호말추출물,라벤더오일,아스코빅애씨드,레몬껍질오일,오렌지껍질오일,유칼립투스잎추출물,일랑일랑꽃오일,3-O-에틸아스코빅애씨드,소듐아스코빌포스페이트,감초뿌리추출물,마데카소사이드,녹차추출물,말토덱스트린,스키산드라 스페난테라열매추출물,캐모마일꽃추출물,토코페롤,로즈마리잎추출물,아시아티코사이드,호장근뿌리추출물,병풀잎추출물,하이드록시프로필사이클로덱스트린,병풀추출물,흰목이버섯추출물,글루타티온,포타슘하이드록사이드,티옥틱애씨드,다이소듐이디티에이,유비퀴논,리모넨,리날룰"
"A000000237728","[1등 진정세럼] 파넬 시카마누 92세럼 30ml 리필기획(+30ml 리필+15ml)","파넬","30.0","75.0","ml","42000","27900","3720.0","정제수, 부틸렌글라이콜, 글리세린, 1,2-헥산다이올, 카보머, 트로메타민, 폴리글리세릴-10라우레이트, 프로판다이올, 인도멀구슬나무잎추출물, 병풀추출물(744ppm), 카카오씨추출물, 에틸헥실글리세린, 불가리스쑥오일, 인도멀구슬나무꽃추출물, 덱스트린, 다이소듐이디티에이, 소듐폴리아크릴레이트, 펜틸렌글라이콜, 황련뿌리추출물, 락토바실러스발효물, 마누카잎추출물(20ppm), 마데카소사이드(20ppm), 데실글루코사이드, 카프릴릴글라이콜, 꿀추출물(900ppb), 메도우폼씨오일, 카프릴릭/카프릭트라이글리세라이드, 올리브오일, 하이드로제네이티드레시틴, 세라마이드엔피, 피토스핑고신, 멜라토닌"
"A000000257709","[26년 신형/소용량] 달바 비타 캡슐 세럼 나이아신아마이드 5퍼센트 50ml","달바","50.0","50.0","ml","38000","27900","5580.0","비타민나무수(695,884ppm), 정제수, 글리세린, 나이아신아마이드(50,000ppm), 1,2-헥산다이올, 아이소펜틸다이올, 카프릴릭/카프릭/석시닉트라이글리세라이드, 아크릴레이트/C10-30알킬아크릴레이트크로스폴리머, 다이펩타이드-15(3,000ppm), 카프릴릭/카프릭트라이글리세라이드, 향료, 부틸렌글라이콜, 흰서양송로추출물, 잔탄검, 캐스터오일/아이피디아이코폴리머, 알지닌, 꽃송이버섯추출물, 아데노신, 비타민나무오일(300ppm), 아이소노닐아이소노나노에이트, 판테놀(100ppm), 라벤더꽃추출물, 마트리카리아꽃추출물, 보리지추출물, 수레국화꽃추출물, 클레리추출물, 히아신스전초추출물, 마카다미아씨오일, 글루타티온, 에틸헥실글리세린, 다이프로필렌글라이콜, 폴리글루타믹애씨드, 유채스테롤, 콜레스테롤, 피토스테릴/베헤닐/옥틸도데실라우로일글루타메이트, 폴리글리세릴-10올리에이트, 하이드로제네이티드레시틴, 아스코빅애씨드(1,000ppb), 감추출물, 병풀추출물, 쌀추출물, 쑥잎추출물, 소듐아스코빌포스페이트(0.5ppm), 포타슘세틸포스페이트, 실리카다이메틸실릴레이트, 세라마이드엔피, 피토스테롤, 다이소듐이디티에이, 덱스트린팔미테이트, 달맞이꽃오일, 돌콩오일, 비타민나무열매오일(0.001ppm), 아보카도오일, 토코페롤(0.0004ppm), 동백나무씨오일, 메나다이온(0.0001ppm), 올리브오일, 해바라기씨오일, 시트랄, 리모넨, 헥실신남알, 리날룰"
"A000000259280","모토몬트 비포 메이크업 카페인 세럼 30ml","모토몬트","30.0","30.0","ml","32900","27900","9300.0","정제수, 다이프로필렌글라이콜, 아이소펜틸다이올, 나이아신아마이드, 프로판다이올, 1,2-헥산다이올, 다이에톡시에틸석시네이트, 글리세린, 메틸프로판다이올, 자일리톨, 소듐하이알루로네이트, 스핑고모나스발효추출물, 카카오추출물, 캐롭검, 무화과추출물, 감초뿌리추출물, 히비스커스꽃추출물, 실론시나몬나무껍질추출물, 로즈오브예리코추출물, 폴리글리세릴-10라우레이트, 베타인, 판테놀, 소듐폴리아크릴로일다이메틸타우레이트, 트레할로오스, 하이드로제네이티드레시틴, 암모늄아크릴로일다이메틸타우레이트/브이피코폴리머, 폴리우레탄-15, 트로메타민, 카프릴릭/카프릭트라이글리세라이드, 에틸헥실글리세린, 알란토인, 폴리쿼터늄-51, 소듐카라기난, 덱스트린, 세라마이드엔피, 수크로오스, 폴리글루타믹애씨드, 토코페롤, 실리카, 부틸렌글라이콜, 카프릴로일글라이신, 헥실렌글라이콜, 사코신, 카페인(1%), 카보머, 다이소듐이디티에이, 향료, 리모넨, 리날룰"
"A000000255708","[동안광채] 풀리 쌀 PDRN 광채 세럼 50ml","풀리","50.0","50.0","ml","35000","27800","5560.0","쌀겨수 (654,449 ppm), 글리세린, 메틸프로판다이올, 다이글리세린, 트라이에틸헥사노인, 1,2-헥산다이올, 정제수, 나이아신아마이드, 하이드록시아세토페논, 하이드록시에틸아크릴레이트/소듐아크릴로일다이메틸타우레이트코폴리머, 세틸에틸헥사노에이트, 아크릴레이트/C10-30알킬아크릴레이트크로스폴리머, 알지닌, 유채씨오일, 폴리그리세릴-10올리에이트, 포도씨오일, 살구씨오일, 마카다미아씨오일, 폴리그리세릴-2다이올리에이트, 아데노신, 아르간커넬오일, 잔탄검, 솔비탄아이소스테아레이트, 다이소듐이디티에이, 엑토인, 동백나무씨오일, 부틸렌글라이콜, 헵타소듐헥사카복시메틸다이펩타이드-12, 소듐파이테이트, 세라마이드엔피, 쌀겨오일 (7 ppm), 소듐디엔에이 (5 ppm), 벼캘러스배양추출물 (1 ppm), 백미꽃추출물"
"A000000231352","[리필기획] 스킨푸드 캐롯 카로틴 모이스트 이펙터 리필기획 (55ml+52ml)","스킨푸드","55.0","107.0","ml","","27000","2523.4","정제수, 글리세린, 프로판다이올, 메틸프로판다이올, 다이프로필렌글라이콜, 1,2-헥산다이올, 부틸렌글라이콜, 다이에톡시에틸석시네이트, 피피지-13-데실테트라데세스-24, 당근추출물(3,700 ppm), 베타인, 에틸헥실글리세린, 판테놀, 소듐카보머, 아크릴레이트/C10-30알킬아크릴레이트크로스폴리머, 알란토인, 카보머, 소듐하이알루로네이트, 글리세릴아크릴레이트/아크릴릭애씨드코폴리머, 당근씨오일(200 ppm, 베타-카로틴 6.6ng), 소듐파이테이트, 말토덱스트린, 베타-글루칸, 사카라이드하이드롤리세이트, 올리브오일, 광곽향오일, 시어버터, 옥틸도데칸올, 하이드로제네이티드레시틴, 라반딘오일, 살비아오일, 불가리스쑥오일, 오렌지껍질오일, 잔탄검, 글리세릴시트레이트/락테이트/리놀리에이트/올리에이트, 미역추출물, 하이드록시에틸아크릴레이트/소듐아크릴로일다이메틸타우레이트코폴리머, 글리세릴올리에이트, 글라이코리피드, 글라이코스핑고리피드, 토코페롤, 세라마이드엔피, 카프릴릴글라이콜"
"A000000258047","[탄력광채] 넘버즈인 9번 나드 바이오 리프팅 원액 에센스 50ml","넘버즈인","50.0","50.0","ml","36000","26900","5380.0","정제수, 글리세린, 하이드로제네이티드폴리(C6-14올레핀), 폴리글리세린-3, 부틸렌글라이콜, 펜타에리스리틸테트라에틸헥사노에이트, 프로판다이올, 다이메티콘, 1,2-헥산다이올, 나이아신아마이드, 메틸프로판다이올, 하이드로제네이티드식물성오일, 시어버터, 소듐하이알루로네이트, 효모/구리발효물, 효모/철발효물, 효모/마그네슘발효물, 효모/실리콘발효물, 효모/아연발효물, 류코노스톡/무발효여과물, 흰목이버섯추출물, 해마토코쿠스 플루비알리스오일, 헵타소듐헥사카복시메틸다이펩타이드-12, 붉은토끼풀꽃추출물, 글리세릴스테아레이트, 폴리글리세릴-3메틸글루코오스다이스테아레이트, 다이메티콘크로스폴리머, 암모늄아크릴로일다이메틸타우레이트/브이피코폴리머, 소듐폴리아크릴레이트, 하이드로제네이티드레시틴, 펜틸렌글라이콜, 트로메타민, 에틸헥실글리세린, 아데노신, 팔미틱애씨드, 스테아릭애씨드, 소듐파이테이트, 콜레스테롤, 니코틴아마이드모노뉴클레오이드, 아데노신트라이포스페이트, 하이드록시프로필사이클로덱스트린, 니코틴아마이드아데닌다이뉴클레오타이드, 베타-글루칸, 토코페롤, 팔미토일트라이펩타이드-5, 카퍼글루코네이트, 레스베라트롤, 카프릴로일다이펩타이드-17, 티옥틱애씨드, 글루타티온, 포타슘하이드록사이드, 헤스페리딘메틸칼콘, 솔비탄라우레이트, 스테아레스-20, 아스타잔틴, 소듐락테이트, 하이드록시에틸셀룰로오스, 아세틸다이펩타이드-1세틸에스터, 다이펩타이드다이아미노부티로일벤질아마이드다이아세테이트, 판테놀, 폴리솔베이트20, 소듐시트레이트, 덱스트란, 헥사펩타이드-2, 마그네슘클로라이드, 테트라데실아미노부티로일발릴아미노부티릭우레아트라이플루오로아세테이트, 아세틸테트라펩타이드-5, 다이펩타이드-2, 아세틸헥사펩타이드-8, 팔미토일다이펩타이드-5다이아미노부틸로일하이드록시트레오닌, 시트릭애씨드, 바이오틴, 팔미토일테트라펩타이드-7, 바이오티노일트라이펩타이드-1, 아세틸테트라펩타이드-3, 토코페릴아세테이트, 팔미토일트라이펩타이드-8, 다이펩타이드-4, 헥사펩타이드-11, 펜타펩타이드-18, 트라이펩타이드-3, 에스에이치-데카펩타이드-7, 에스에이치-옥타펩타이드-4, 팔미토일트라이펩타이드-1, 아스코빅애씨드폴리펩타이드, 헥사펩타이드-9, 올리고펩타이드-3, 팔미토일헥사펩타이드-12, 트라이펩타이드-1, 팔미토일펜타펩타이드-4, 유비퀴논, 카퍼트라이펩타이드-1, 카페오일트라이펩타이드-1, 카페오일에스에이치-옥타펩타이드-4, 갈로일펜타펩타이드-33, 코질카복시다이펩타이드-23, 니코티노일트라이펩타이드-1, 옥타펩타이드-7, 올리고펩타이드-1, 에스에이치-데카펩타이드-9, 에스에이치-올리고펩타이드-9, 에스에이치-펜타펩타이드-19, 아스파라진, 글루타민, 트립토판, 올리고펩타이드-2, 에스에이치-올리고펩타이드-1, 에스에이치-올리고펩타이드-2, 에스에이치-폴리펩타이드-1, 에스에이치-폴리펩타이드-22, 에스에이치-폴리펩타이드-3, 아세틸옥타펩타이드-3, 아세틸테트라펩타이드-2, 아세틸테트라펩타이드-9, 카르노신, 노나펩타이드-1, 세테아릴알코올, 카보머, 잔탄검, 클로헥시딘디글루코네이트, 포타슘솔베이트"
"A000000258472","헤브블루 살몬 케어링 센텔라 버블 토너-센스 95ml","헤브블루","95.0","95.0","ml","35900","26900","2831.6","병풀잎수(519,400 PPM), 정제수, C13-15알케인, 카프릴릭/카프릭트라이글리세라이드, 부틸렌글라이콜, 스쿠알란, 1,2-헥산다이올, 폴리글리세린-3, 글리세린, 트라이라우레스-4포스페이트, 연어알추출물(1,500 PPM), 에틸헥실글리세린, 해바라기씨오일, 소듐하이알루로네이트, 토코페롤, 하이드록시아세토페논, 다이소듐이디티에이, 알란토인, 알로에베라잎추출물, 레몬그라스추출물, 유칼립투스잎추출물, 콘민트추출물, 판테놀, 소듐디엔에이, 마데카소사이드, 멘틸락테이트, 에틸멘탄카복사마이드, 에리스리톨, 메틸다이아이소프로필프로피온아마이드, 프로폴리스추출물, 아시아티코사이드, 병풀잎추출물"
"A000000177475","[모공임상] 프랭클리 모공축소 클로저 세럼 30ml 앰플","프랭클리","30.0","30.0","ml","10900","7800","2600.0","정제수, 글리세린, 부틸렌글라이콜, 프로판다이올, 1,2-헥산다이올, 하이드롤라이즈드루핀단백질, 아세틸헥사펩타이드-8, 트라이펩타이드-3, 아세틸옥타펩타이드-3, 카퍼트라이펩타이드-1, 팔미토일펜타펩타이드-4, 팔미토일테트라펩타이드-7, 팔미토일트라이펩타이드-1, 트라이펩타이드-1, 트라이펩타이드-2, 아데노신, 글루코노락톤, 콜라겐, 하이드롤라이즈드콜라겐, 류코노스톡/무발효여과물, 소듐하이알루로네이트, 하이드록시아세토페논, 카보머, 셀룰로오스검, 트로메타민, 베타인, 잔탄검, 에틸헥실글리세린, 하이드롤라이즈드치자추출물, 하이드롤라이즈드맥아추출물, 하이드롤라이즈드삼색제비꽃추출물, 다이소듐이디티에이"
"A000000232961","나노레시피 디-판테놀 75% 앰플 33g","나노레시피","33.0","33.0","g(약 1ml 상당으로 근사)","","12300","3727.3","D-판테놀(75%), 정제수, 1,2-헥산다이올"
"A000000218601","[올영단독] 구달 피그애씨드 펩타이드 스킨부스터샷 에센스 120ml 기획(+31ml+화장솜)","구달","120.0","151.0","ml","","26000","1721.9","정제수,무화과수,글루코노락톤,2,3-부탄다이올,메틸프로판다이올,1,2-헥산다이올,나이아신아마이드,글리세린,소듐하이드록사
이드,다이에톡시에틸석시네이트,메틸글루세스-20,실버위드추출물,귀리커넬추출물,아티초크잎추출물,무화과추출물,병풀추출
물,카카오씨추출물,버지니아풍년화추출물,하이드로제네이티드레시틴,녹차수,소듐하이알루로네이트,글라이콜릭애씨드,소듐시
트레이트,부틸렌글라이콜,에틸헥실글리세린,셀룰로오스검,아데노신,다이소듐이디티에이,폴리쿼터늄-51,베타-글루칸,덱스트린,
세라마이드엔피,다이포타슘글리시리제이트,카프릴릴글라이콜,토코페롤,석시닉애씨드,폴리락틱애씨드,노나펩타이드-1,아세틸
헥사펩타이드-8,카퍼트라이펩타이드-1,트라이펩타이드-1,팔미토일테트라펩타이드-7,팔미토일트라이펩타이드-1,팔미토일펜타
펩타이드-4,헥사펩타이드-9,프로판다이올,수크로오스다이스테아레이트,카프릴릭/카프릭트라이글리세라이드,하이드록시프로
필사이클로덱스트린,판테놀"
"A000000240128","[트러블케어/리필기획] 비플레인 시카테롤 앰플 30ml 리필기획 (+리필 31ml)","비플레인","30.0","61.0","ml","","26000","4262.3","정제수, 부틸렌글라이콜, 프로판다이올, 글리세레스-26, 병풀추출물(3.5%), 메틸프로판다이올, 글리세린, 폴리글리세린-3, 사카라이드하이드롤리세이트, 1,2-헥산다이올, 판테놀, 자일리틸글루코사이드, 알란토인, 트로메타민, 아크릴레이트/C10-30알킬아크릴레이트크로스폴리머, 글리세릴아크릴레이트/아크릴릭애씨드코폴리머, 안하이드로자일리톨, 자일리톨, 소듐폴리아크릴레이트, 글루코오스, 다이카프릴릴카보네이트, 펜틸렌글라이콜, 베타-글루칸, 소듐하이알루로네이트, 베타-시토스테롤, 마데카소사이드, 카프릴로일살리실릭애씨드, 하이드로제네이티드레시틴, 백미꽃추출물, 하이알루로닉애씨드, 마데카식애씨드, 아시아티코사이드, 아시아틱애씨드"
"A000000248934","더마픽스 리얼콜라겐 텐션업 세럼 50ml","더마픽스","50.0","50.0","ml","37400","26000","5200.0","하이드롤라이즈드콜라겐(606,276ppm), 글리세린, 부틸렌글라이콜, 프로판다이올, 글리세레스-26, 정제수, 1,2-헥산다이올, 다이프로필렌글라이콜, 나이아신아마이드, 하이드롤라이즈드옥수수수지추출물, 카카오추출물, 메틸트라이메티콘, 판테놀, 스쿠알란, 글리세릴스테아레이트, 하이드록시아세토페논/소듐아크릴로일다이메틸타우레이트코폴리머, 소듐스테아로일글루타메이트, 폴리글리세릴-24, 다이메티콘, 트라이에틸헥사노인, 아크릴레이트/C10-30알킬아크릴레이트크로스폴리머, 카프릴릴글라이콜, 트로메타민, 하이드로제네이티드레시틴, 아데노신, 에틸헥실글리세린, 솔비탄아이소스테아레이트, 수크로오스, 덱스트린, 솔비탄라우레이트, 하이드록시에틸셀룰로오스, 글라이신, 아세틸다이펩타이드-1세틸에스터, 팔미토일트라이펩타이드-5, 세린, 글루타믹애씨드, 아스파틱애씨드, 류신, 알라닌, 라이신, 알지닌, 타이로신, 페닐알라닌, 프롤린, 트레오닌, 발린, 아이소류신, 히스티딘, 시스테인, 메티오닌, 베헤닐알코올, 다이소듐이디티에이, 페녹시에탄올, 향료, 리모넨, 시트로넬올, 알파-아이소메틸아이오논, 벤질벤조에이트"
"A000000249648","[턴오버주기개선] 동아제약 색소침착 프로 액제 30ml","동아제약","30.0","30.0","ml","35000","26000","8666.7","정제수, C13-15알케인, 트라넥사믹애씨드, 나이아신아마이드, 글리세린, 세틸에틸헥사노에이트, 스쿠알란, 트라이프로필렌글라이콜, 1,2-헥산다이올, 부틸렌글라이콜, 트라이라우레스-4포스페이트, 글루타티온, 하이드록시아세토페논, 알지닌, 하이드록시에틸우레아, 에틸헥실글리세린, 소듐하이알루로네이트, 아데노신, 해바라기씨오일, 토코페롤, 다이소듐이디티에이, 잔탄검, 알란토인, 알부틴, 세틸팔미테이트, 시트릭애씨드, 글루코노락톤, 올리브오일, 폴리글리세릴-3메틸글루코오스다이스테아레이트, 폴리글리세릴-10라우레이트, 세테아릴알코올, 베타인, 카프릴로일살리실릭애씨드, 코직애씨드, 포스파티딜콜린, 세라마이드엔피, 콜레스테롤, 세라마이드에이피, 하이드록시데실유비퀴논, 아스코빌팔미테이트, 헥실레조시놀"
"A000000243620","[NEW/화잘먹결광세럼] 닥터자르트 세라마이딘 스킨 베리어 모이스처 리커버리 세럼 30ml","닥터자르트","30.0","30.0","ml","48000","25900","8633.3","정제수, 글리세린, 부틸렌글라이콜, 다이프로필렌글라이콜, 메틸글루세스-20, 프로판다이올, 메틸프로판다이올, 세라마이드엔피, 징크하이드롤라이즈드하이알루로네이트, 마카다미아씨오일, 에틸헥실글리세린, 토코페롤, 폴리글리세릴-10스테아레이트, 수크로오스다이스테아레이트, 소듐스테아로일글루타메이트, 글리세릴스테아레이트, 폴리아크릴레이트크로스폴리머-6, 세테아릴알코올, 하이드로제네이티드레시틴, 칸디다봄비콜라/글루코오스/메틸레이프씨데이트발효물, 소듐폴리아크릴로일다이메틸타우레이트, 1,2-헥산다이올, 소듐파이테이트, 황색4호"
"A000000203963","[화잘먹앰플/1+1단독기획]더하르나이 앰플세럼 50ml 리필기획(본품+리필)","더하르나이","50.0","100.0","ml","32000","25600","2560.0","정제수, 글리세린, 부틸렌글라이콜, 글리세레스-26, 글리세릴스테아레이트, 나이아신아마이드, 다이카프릴릴카보네이트, 다이메티콘, 카프릴릭/카프릭트라이글리세라이드, 메틸프로판다이올, 소듐하이알루로네이트, 소듐하이알루로네이트크로스폴리머, 하이드롤라이즈드글라이코사미노글리칸, 효모/겨우살이발효추출물, 하이드로제네이티드레시틴, 락토바실러스/콩발효추출물, 효모/띠뿌리발효추출물, 티트리잎추출물, 하이드롤라이즈드하이알루로닉애씨드, 세라마이드엔피, 병풀추출물, 하이알루로닉애씨드, 마데카소사이드, 마데카식애씨드, 아시아티코사이드, 아시아틱애씨드, 아세틸헥사펩타이드-8, 카르노신, 카퍼트라이펩타이드-1, 글루타티온, 아세틸테트라펩타이드-3, 아세틸테트라펩타이드-5, 팔미토일테트라펩타이드-7, 팔미토일트라이펩타이드-1, 팔미토일트라이펩타이드-5, 팔미토일펜타펩타이드-4, 세테아릴알코올, 하이드록시에틸아크릴레이트/소듐아크릴로일다이메틸타우레이트코폴리머, 스쿠알란, 옥틸도데칸올, 라벤더오일, 라임전초오일, 아크릴레이트/C10-30알킬아크릴레이트크로스폴리머, 하이드록시아세토페논, 글리세릴카프릴레이트, 1,2-헥산다이올, 트로메타민, 프로판다이올, 에틸헥실글리세린, 아데노신, 다이소듐이디티에이, 벤질글라이콜, 카프릴릴글라이콜, 라즈베리케톤, 펜틸렌글라이콜, 솔비탄아이소스테아레이트, 토코페롤, 리모넨, 리날룰"
"A000000199784","[10분진정앰플] 차앤박 뮤제너 피토 수딩 앰플 35ml 1+1 기획","차앤박","35.0","70.0","ml","42000","25560","3651.4","정제수, 알로에베라잎즙, 부틸렌글라이콜, 글리세린, 판테놀, 1,2-헥산다이올, 암모늄아크릴로일다이메틸타우레이트/브이피코폴리머, 수용성프로테오글리칸, 펜틸렌글라이콜, 알란토인, 마데카소사이드, 소듐하이알루로네이트, 잔탄검, 판토락톤, 하이드록시페닐프로파미도벤조익애씨드, 베타-글루칸, 병풀잎추출물, 스페인감초뿌리추출물, 녹차추출물, 알로에베라잎폴리사카라이드, 아스코빌팔미테이트, 포트마리골드꽃추출물, 쇠비름추출물"
"A000000250666","[1+1] 한율 쑥히알 세럼 40ml 드롭드롭드롭 콜라보 기획 (+40ml 리필+딜리백 키링)","한율","40.0","80.0","ml","35000","25500","3187.5","""정제수, 부틸렌글라이콜, 글리세린, 1,2-헥산다이올, 소듐아크릴레이트크로스폴리머-2,
황해쑥잎수(10,554 ppm), 자일리톨, 다이에톡시에틸석시네이트, 아이소펜틸다이올, 피피지-13
-데실테트라데세스-24, 암모늄아크릴로일다이메틸타우레이트/베헤네스-25메타크라일레이트
크로스폴리머, 베타인, 스핑고모나스발효추출물, 세라마이드엔피, 아라키딜알코올, 에틸헥실
글리세린, 향료, 스테아릭애씨드, 피토스테롤, 베헤닐알코올, 아라키딜글루코사이드, 소듐메타
포스페이트, 하이드로제네이티드레시틴, 알지닌, 아스파틱애씨드, 글루타믹애씨드, 하이알루로닉
애씨드(100 ppm), 이노시톨, 세테아릴알코올, 락토바실러스발효물, 말토덱스트린, 하이드롤
라이즈드치자추출물, 프로필렌글라이콜, 소듐하이알루로네이트(1.5 ppm), 토코페롤"""
"A000000213238","[수분천재 모공결광세럼] 에스네이처 아쿠아 스쿠알란 세럼 50ml 리필팩","에스네이처","50.0","50.0","ml","19000","11900","2380.0","정제수, 글리세린, 부틸렌글라이콜, 메틸프로판다이올, 1,2-헥산다이올, 베타인, 다시마추출물, 한련초잎추출물, 버지니아풍년화추출물, 소듐하이알루로네이트,하이드로제네이티드레시틴, 판테놀, 알란토인, 프룩토올리고사카라이드, 베타-글루칸, 하이드롤라이즈드하이알루로닉애씨드, 식물성스쿠알란(1ppm), 하이드록시프로필트라이모늄하이알루로네이트, 소듐아세틸레이티드하이알루로네이트, 하이드롤라이즈드소듐하이알루로네이트, 하이알루로닉애씨드, 소듐하이알루로네이트크로스폴리머, 포타슘하이알루로네이트, 에틸헥실글리세린, 카보머, 트로메타민,  잔탄검, 다이소듐이디티에이"
"A000000255418","[NEW] 포들 밤 펩타이드 모공 타이트닝 버블 세럼 70ml","포들","70.0","70.0","ml","31000","25080","3582.9","정제수,하이드로제네이티드폴리데센,글리세린,하이드로제네이티드폴리아이소부텐,부틸렌글라이콜,메틸프로판디올,나이아신아마이드,메틸글루세스-20,글리세레스-26, 1,2-헥산다이올,호호바씨오일,데실글루코사이드,암모늄폴리아크릴로일다이메틸타우레이트,카프릴릴글라이콜,폴리글리세릴-10라우레이트,시트릭애씨드,에틸헥실글리세린,아데노신,다이소듐이디티에이,니코틴아마이드아데닌다이뉴클레오타이드,t-부틸알코올,소듐하이알루로네이트,지모뿌리추출물,병풀추출물,소듐시트레이트,밤껍질추출물,포타슘하이알루로네이트,하이알루로닉애씨드,하이드롤라이즈드하이알루로닉애씨드,하이드롤라이즈드소듐하이알루로네이트,하이드록시프로필트라이모늄하이알루로네이트,소듐아세틸레이티드하이알루로네이트,소듐하이알루로네이트크로스폴리머,수용성콜라겐,카퍼트라이펩타이드-1,아세틸헥사펩타이드-8,팔미토일펜타펩타이드-4,팔미토일트라이펩타이드-1,팔미토일테트라펩타이드-7,트라이펩타이드-1,트라이펩타이드-2,트라이펩타이드-3,아세틸옥타펩타이드-3"
"A000000214629","앰플엔 히알루론샷 수분 앰플 100ml","앰플엔","100.0","100.0","ml","29900","24900","2490.0","정제수, 부틸렌글라이콜, 프로판다이올, 글리세린, 1,2-헥산다이올, 트레할로오스, 나이아신아마이드, 글리세레스-26, 아데노신, 알지닌, 소듐하이알루로네이트, 하이알루로닉애씨드, 인도멀구슬나무잎추출물, 인도멀구슬나무꽃추출물, 아이비고드열매추출물, 푸른연꽃추출물, 하이드롤라이즈드삼색제비꽃추출물, 가지열매추출물, 홀리바질잎추출물, 울금뿌리추출물, 참산호말추출물, 글라이신, 글루타믹애씨드, 하이드로제네이티드레시틴, 다이에톡시에틸석시네이트, 카보머, 글리세릴아크릴레이트/아크릴릭애씨드코폴리머, 자일리틸글루코사이드, 피브이엠/엠에이코폴리머, 안하이드로자일리톨, 하이드록시프로필트라이모늄하이알루로네이트, 자일리톨, 소듐아세틸레이티드하이알루로네이트, 하이드롤라이즈드하이알루로닉애씨드, 소듐하이알루로네이트크로스폴리머, 하이드롤라이즈드소듐하이알루로네이트, 포타슘하이알루로네이트, 덱스트린, 하이드록시프로필메틸셀룰로오스, 칼슘카보네이트, 다이소듐이디티에이"
"A000000162387","미구하라 울트라 화이트닝 퍼펙트 앰플 50ml","미구하라","50.0","50.0","ml","65000","24700","4940.0","캐모마일꽃수, 정제수, 부틸렌글라이콜, 글리세린, 나이아신아마이드, 갈락토미세스발효여과물, 흰목이버섯포자낭과추출물, 펜타펩타이드-13, 팔미토일테트라펩타이드-7, 아세틸헥사펩타이드-8, 카퍼트라이펩타이드-1, 팔미토일트라이펩타이드-1, 팔미토일펜타펩타이드-4, 카르노신, 소듐하이알루로네이트, 지황뿌리추출물, 캐모마일꽃추출물, 쇠비름추출물, 마돈나백합비늘줄기추출물, 블루플래그아이리스추출물, 나팔수선화추출물, 다마스크장미꽃수, 알바프리지어추출물, 에델바이스추출물, 연꽃추출물, 커먼자스민꽃/잎추출물, 올리브나무잎추출물, 스페인감초뿌리추출물, 서양민들레잎추출물, 다마스크장미꽃추출물, 바위돌꽃뿌리추출물, 우스니아추출물, 초피나무열매추출물, 할미꽃추출물, 맥아추출물, 치자추출물, 자몽씨오일, 알란토인, 글라이코실트레할로오스, 하이드로제네이티드스타치하이드롤리세이트, 알지닌, 카보머, 잔탄검, 하이드록시에틸셀룰로오스, 폴리글리세릴-10미리스테이트, 다이소듐이디티에이, 에틸헥실글리세린, 카프릴릴글라이콜, 1,2-헥산다이올, 하이드록시아세토페논, 리모넨"
"A000000253578","[스킨팩 화장솜 증정/트러블진정/쿨링수분/화잘먹] 에이스 머그워트 센텔라 카밍 앰플","에이프릴스킨","","","","26000","24700","","쑥잎수(50%), 병풀잎수(40%), 글리세린, 1,2-헥산다이올, 다이에톡시에틸석시네이트, 잔탄검, 에틸헥실글리세린, 시트릭애씨드, 글루코오스, 정제수, 카카오씨추출물, 덱스트린, 스쿠알란, 판테놀, 나이아신아마이드, 베타인, 알란토인, 버지니아풍년화수, 부틸렌글라이콜, 알로에베라잎즙, 펜틸렌글라이콜, 마데카소사이드, 베타-글루칸, 소듐하이알루로네이트, 하이알루로닉애씨드, 약모밀추출물, 세라마이드엔에스, 세라마이드엔피, 세라마이드이오피, 세라마이드에이피"
"A000000221942","[잡티미백] 닥터엘시아 비타민C 부스팅 세럼 30ml","닥터엘시아","30.0","30.0","ml","29000","24500","8166.7","비타민나무수,병풀잎수,나이아신아마이드,부틸렌글라이콜,1,2-헥산다이올,다이프로필렌글라이콜,정제수,메틸글루세스-20,메틸프로판다이올,베타인,트라넥사믹애씨드,글리세린,펜틸렌글라이콜,프로판다이올,하이드록시에틸우레아,다시마추출물,한련초잎추출물,무화과추출물,병풀추출물,하이드로제네이티드레시틴,소듐하이알루로네이트,카보머,3-O-에틸아스코빅애씨드,C12-14파레스-12,암모늄아크릴로일다이메틸타우레이트/브이피코폴리머,잔탄검,트로메타민,판테놀,에틸헥실글리세린,아데노신,다이소듐이디티에이,프룩토올리고사카라이드,베타-글루칸,아스코빅애씨드,하이드롤라이즈드하이알루로닉애씨드,세라마이드엔피,알파-알부틴,토코페롤,비피다발효용해물,비사보롤,유비퀴논,하이드록시데실유비퀴논,소듐아세틸레이티드하이알루로네이트"
"A000000210867","[수분앰플] 에스트라 아토베리어365 세라-히알 속수분 앰플 30ml","에스트라","30.0","30.0","ml","33000","24400","8133.3","정제수, 부틸렌글라이콜, 글리세린, 나이아신아마이드, 1,2-헥산다이올, 베타인, 판테놀, 카보머, 에틸헥실글리세린, 소듐하이알루로네이트, 3-O-에틸아스코빅애씨드, 셀룰로오스검, 트로메타민, 소듐트라이메타포스페이트, 다이포타슘글리시리제이트, 프로판다이올, 아데노신, 하이드록시프로필비스팔미타마이드엠이에이, 소듐메타포스페이트, 글리세릴카프릴레이트, 포타슘하이드록사이드, 소듐락테이트, 바이오사카라이드검-1, 카프릴릭/카프릭트라이글리세라이드, 펜틸렌글라이콜, 시트릭애씨드, 하이드록시에틸우레아, 폴리글리세릴-10스테아레이트, 콜레스테롤, 프로필렌글라이콜, 포타슘세틸포스페이트, 토코페롤, 세라마이드엔피, 만니톨, 스테아릭애씨드, 실리카, 아크릴레이트/암모늄메타크릴레이트코폴리머, 하이드로제네이티드레시틴, 팔미틱애씨드, 올레익애씨드, 아라키딕애씨드, 스핑고리피드"
"A000000191798","[기미잡티앰플] 센텔리안24 마데카 멜라 캡처 앰플 맥스 15ml 2입 기획","센텔리안24","15.0","30.0","ml","48000","23900","7966.7","병풀추출물, 다이프로필렌글라이콜, 식물성스쿠알란, 나이아신아마이드, 정제수, 메틸프로판다이올, 세테아레스-20, 참마뿌리추출물, 1,2-헥산다이올, 페닐트라이메티콘, 폴리글리세릴-10라우레이트, 별꽃추출물, 쇠비름추출물, 비파나무잎추출물, 카바카바잎/뿌리/줄기추출물, 사과추출물, 포도씨추출물, 인삼열매추출물, 삼백초추출물, 스피어민트추출물, 무화과추출물, 수련추출물, 마트리카리아꽃추출물, 드럼스틱씨추출물, 인디안구스베리열매추출물, 올리브나무잎추출물, 유용성감초추출물, 소듐하이알루로네이트, 다마스크장미꽃수, 다마스크장미꽃오일, 비사보롤, 트라넥사믹애씨드, 마데카식애씨드, 아시아티코사이드, 아시아틱애씨드, 락토바실러스발효물, 멜라토닌, 아데노신, 마데카소사이드, 쌀발효여과물, 3-O-에틸아스코빅애씨드, 아스코빅애씨드, 하이알루로닉애씨드, 알파-알부틴, 글루타티온, 하이드롤라이즈드소듐하이알루로네이트, 하이드롤라이즈드하이알루로닉애씨드, 티옥틱애씨드, 아스코빌테트라이소팔미테이트, 페룰릭애씨드, 아스코빌글루코사이드, 마그네슘아스코빌포스페이트, 녹차수, 하이드로제네이티드레시틴, 아르간커넬오일, 올리브오일, 센티드제라늄꽃오일, 라벤더오일, 캐모마일꽃오일, 오렌지껍질오일, 멕시칸주니퍼오일, 프로판다이올, 글리세린, 글리세릴스테아레이트에스이, 부틸렌글라이콜, 다이페닐다이메티콘, 트라이에틸헥사노인, 아크릴레이트/C10-30알킬아크릴레이트크로스폴리머, 트로메타민, 폴리쿼터늄-51, 다이메티콘, 스쿠알란, 하이드로제네이티드폴리아이소부텐, 폴리글리세릴-10미리스테이트, 토코페릴아세테이트, 글라이코실트레할로오스, 소듐파이테이트, 하이드로제네이티드스타치하이드롤리세이트, 아이소노닐아이소노나노에이트, 폴리그릴세릴-10스테아레이트, 라피노오스, 바이오사카라이드검-1, 다이소듐이디티에이, 세테아릴알코올, 스테아릭애씨드, 시어버터, 폴리글리세릴-2다이폴리하이드록시스테아레이트, 레시틴, 데실글루코사이드, 베타-글루칸, 이눌린라우릴카바메이트, 다이소듐스테아로일글루타메이트, 세라마이드엔피, 징크피씨에이, 레티닐팔미테이트, 리보플라빈, 메나다이온, 바이오틴, 사이아노코발아민, 소듐아스코빌포스페이트, 티아민에이치씨엘, 판테놀, 판토테닉애씨드, 폴릭애씨드, 피리독신, 향료, 하이드록시아세토페논, 펜틸렌글라이콜, 카프릴릴글라이콜, 시트로넬올"
"A000000204366","[피부장벽강화] 숨37 시크릿 에센스 기획 (30ml/45ml/50ml/80ml 기획)","숨37","30.0","205.0","ml","32000","23900","1165.9","에센스: 정제수*, 락토바실러스발효용해물*, 프로판다이올, 부틸렌글라이콜*, 글리세린, 1,2-헥산다이올*, 2,3-부탄다이올+, 판테놀, 하이드로제네이티드레시틴+, 하이드록시프롤린, 수크로오스스테아레이트+, 세테아릴알코올, 세린, 세라마이드엔피+, 나이아신아마이드, 트로메타민, 비니거*, 아크릴레이트/C10-30알킬아크릴레이트크로스폴리머, 콜레스테롤+, 메도우스위트추출물, 폴리쿼터늄-51, 라우릴다이메티콘/폴리글리세린-3크로스폴리머, 다이프로필렌글라이콜, 하이드록시에틸셀룰로오스, 폴리메틸실세스퀴옥세인, 글리세릴스테아레이트+, 알란토인, 리놀레익애씨드+, 팔미틱애씨드+, 타히티바닐라추출물, 아이소스테아릭애씨드, 세라마이드에이피+, 세라마이드엔지+, 다이소듐포스페이트, 효모폴리펩타이드, 소듐포스페이트, 락토바실러스/배즙발효여과물*, 효모/보리씨발효여과물*, 수박추출물*, 무추출물*, 락토바실러스/인삼뿌리발효여과물*, 락토바실러스/콩발효추출물*, 락토바실러스/부레옥잠발효물*, 모나스커스/쌀발효물*, 효모/포도발효추출물*, 효모/감자추출물발효여과물*, 효모/자일리눔/홍차발효물*, 세라마이드이오피+, 단풍나무잎추출물*, 창포뿌리추출물*, 개다래추출물*, 으름덩굴추출물*, 양파추출물*, 마늘추출물*, 지모뿌리추출물*, 쑥잎추출물*, 사탕무뿌리추출물*, 양배추추출물*, 순무잎추출물*, 동백나무잎추출물*, 파파야열매추출물*, 잇꽃꽃추출물*, 결명씨추출물*, 병풀추출물*, 모과추출물*, 치커리뿌리추출물*, 베르가모트잎추출물*, 유자추출물*, 귤껍질추출물*, 더덕뿌리추출물*, 쿠네아타산사열매추출물*, 오이열매추출물*, 울금뿌리추출물*, 당근추출물*, 감추출물*, 쇠뜨기추출물*, 비파나무잎추출물*, 무화과추출물*, 허브로버트추출물*, 긴병꽃풀추출물*, 스페인감초뿌리추출물*, 잎새버섯자실체추출물*, 해바라기씨추출물*, 원추리꽃추출물*, 고구마뿌리추출물*, 표고버섯추출물*, 레몬버베나잎추출물*, 인동덩굴꽃추출물*, 구기자추출물*, 레몬밤추출물*, 페퍼민트꽃/잎/줄기추출물*, 산뽕나무잎추출물*, 바나나추출물*, 연꽃뿌리추출물*, 바질잎추출물*, 기장추출물*, 소엽잎추출물*, 팥추출물*, 왕질경이씨추출물*, 도라지뿌리추출물*, 쇠비름추출물*, 살구추출물*, 복숭아추출물*, 자두추출물*, 사과추출물*, 지황뿌리추출물*, 로즈마리잎추출물*, 라즈베리추출물*, 살비아잎추출물*, 얼룩조릿대잎추출물*, 형개추출물*, 검은깨추출물*, 시금치추출물*, 서양민들레잎추출물*, 타임잎추출물*, 하늘타리뿌리추출물*, 미역추출물*, 생강추출물*, 마트리카리아꽃추출물*, 은행추출물*, 약모밀추출물*, 락토바실러스/호밀가루발효물*, 락토바실러스/고추냉이뿌리발효추출물*, 라임전초오일, 베르가모트오일, 라벤더오일, 센티드제라늄꽃오일, 캐모마일꽃오일, 리모넨, 리날룰, 시트로넬올, 시트랄, 제라니올

세럼: 정제수, 2,3-부탄다이올, 글리세린, 1,2-헥산다이올, 카프릴릭/카프릭트라이글리세라이드, 다이메티콘, 해바라기씨오일, 변성알코올, 판테놀, 하이드로제네이티드레시틴, 스쿠알란, 카보머, 폴리우레탄-15, 폴리글리세릴-10스테아레이트, 폴리아크릴레이트-13, 폴리글리세릴-10올리에이트, 부틸렌글라이콜, 메틸메타크릴레이트크로스폴리머, 소듐폴리아크릴레이트, 알지닌, 비니거, 하이드로제네이티드폴리아이소부텐, 포스포리피드, 아데노신, 토코페롤, 다이메티콘/비닐다이메티콘크로스폴리머, 아크릴레이트/C10-30알킬아크릴레이트크로스폴리머, 펜틸렌글라이콜, 폴리글리세릴-10라우레이트, 에틸헥실팔미테이트, 다이소듐이디티에이, 소듐하이드록사이드, 아모다이메티콘, 덱스트린, 솔비탄아이소스테아레이트, 에틸헥실글리세린, 잇꽃꽃추출물, 효모폴리펩타이드, 카카오씨추출물, 포도주추출물, 베르가모트오일, 다마스크장미꽃오일, 일랑일랑꽃오일, 리날룰, 리모넨, 제라니올, 시트로넬올, 시트랄, 벤질벤조에이트, 벤질살리실레이트, 파네솔

크림: 정제수, 글리세린, 2,3-부탄다이올, 스쿠알란, 코코-카프릴레이트/카프레이트, 트레할로오스, 메도우폼씨오일, 1,2-헥산다이올, C13-15알케인, 카프릴릭/카프릭트라이글리세라이드, 판테놀, 피토스테릴/이소스테아릴/세틸/스테아릴/베헤닐다이머디리놀리에이트, 베헤닐알코올, C14-22알코올, 글리세릴베헤네이트, 세테아릴알코올, 메틸트라이메티콘, 미리스틸미리스테이트, 폴리글리세릴-3메틸글루코오스다이스테아레이트, 트라이에틸헥사노인, 레시틴, 다이메티콘, C12-20알킬글루코사이드, C30-45알킬다이메티콘, 폴리우레탄-15, 폴리아크릴레이트-13, 부틸렌글라이콜, 세라마이드엔피, 잔탄검, 비니거, 하이드로제네이티드폴리아이소부텐, 아데노신, 스클레로튬검, 암모늄폴리아크릴로일다이메틸타우레이트, 풀루란, 폴리글리세릴-10라우레이트, 에틸헥실팔미테이트, 실리카, 솔비탄아이소스테아레이트, 토코페롤, 해바라기씨오일, 효모폴리펩타이드, 포도주추출물, 베르가모트오일, 다마스크장미꽃오일, 일랑일랑꽃오일, 리날룰, 리모넨, 제라니올, 시트로넬올, 시트랄, 벤질벤조에이트, 벤질알코올, 벤질살리실레이트, 파네솔"
"A000000172156","루트리 오디베리 5중 모공 리파이닝 앰플 50ml","루트리","50.0","50.0","ml","28900","23800","4760.0","정제수, 글리세린, 다이프로필렌글라이콜, 1,2-헥산다이올, 나이아신아마이드, 메틸글루세스-20, 인도멀구슬나무꽃추출물, 포도추출물, 사탕무뿌리추출물, 뽕나무열매추출물(242,500ppb), 뽕나무뿌리추출물, 아이비고드열매추출물, 글루코노락톤, 가지열매추출물, 카프릴로일살리실릭애씨드, 하이드롤라이즈드하이 알루로닉애씨드, 소듐아세틸레이티드하이알루로네이트, 세라 마이드엔피, 하이알루로닉애씨드, 소듐하이알루로네이트크로스 폴리머, 포타슘하이알루로네이트, 하이드록시프로필트라이모늄 하이알루로네이트, 소듐하이알루로네이트, 판테놀, 알지닌, 아크 릴레이트/C10-30알킬아크릴레이트크로스폴리머, 폴리글리세 릴-10라우레이트, 잔탄검, 알란토인, 하이드로제네이티드레시틴, 부틸렌글라이콜, 아데노신, 다이소듐이디티에이, 로즈마리잎오일"
"A000000201153","차앤박(CNP) 더마앤서 안티포어 액티브 필 AHA앰플 50ml","차앤박","50.0","50.0","ml","39000","23720","4744.0","정제수, 만델릭애씨드, 트로메타민, 2,3-부탄다이올, 프로판다이올, 글리세린, 펜틸렌글라이콜, 판테놀, 1,2-헥산다이올, 하이드록시에틸피페라진에탄설포닉애씨드, 부틸렌글라이콜, 다이프로필렌글라이콜, 세린, 카르니틴, 석시닉애씨드, 소듐하이알루로네이트, 살리실릭애씨드, 폴리글리세릴-10스테아레이트, 알란토인, 폴리글리세릴-10올리에이트, 폴리쿼터늄-51, 로즈마리잎오일, 트라이소듐이디티에이, 베티버뿌리오일, 병풀잎추출물, 쇠비름추출물, 트록세루틴, 징크피씨에이, 알지닌, 글루타믹애씨드, 덱스트린, 카카오씨추출물, 황련뿌리추출물, 클로로제닉애씨드, 엑토인, 약모밀추출물, 은행추출물, 마데카소사이드"
"A000000213693","[다이아 광채] 아렌시아 라이스 뮤신 글로우 세럼 30ml","아렌시아","30.0","30.0","ml","29000","23200","7733.3","쌀발효여과물(607,318ppm), 정제수, 부틸렌글라이콜, 1,2-헥산다이올, 나이아신아마이드, 효모/쌀발효여과물(18,000ppm), 글리세린, 하이드롤라이즈드콜라겐, 메틸프로판다이올, 펜틸렌글라이콜, 카프릴릭/카프릭트라이글리세라이드, 피이지-60하이드로제네이티드캐스터오일, 카보머, 소듐하이알루로네이트, 하이드롤라이즈드하이알루로닉애씨드, 하이알루로닉애씨드, 하이드로제네이티드레시틴, 이눌린라우릴카바메이트, 베타인, 트로메타민, 소듐폴리아크릴레이트, 가르시니아열매추출물, 아데노신, 폴리글루타믹애씨드, 폴리글리세릴-10올리에이트, 쌀추출물(375ppm), 폴리글리세릴-10스테아레이트, 다이소듐이디티에이, 카프릴로일살리실릭애씨드, 폴리글리세릴-4카프레이트, 맥아추출물, 레틴알, 판테놀, 매듭풀추출물, 소듐아스코빌포스페이트, 토코페릴아세테이트, 레드신코나나무껍질추출물, 마누카잎추출물, 트라넥사믹애씨드, 참마뿌리추출물(5ppm), 베타-글루칸, 하이드롤라이즈드옥수수전분, 글리세릴리놀리네이트, 글리세릴아라키도네이트, 레티닐팔미테이트, 바이오틴, 수크로오스, 티아민에이치씨엘, 폴릭애씨드, 피리독신, 사이아노코발아민, 소듐콘드로이틴설페이트"
"A000000233328","[속광탄력] 닥터지 블랙스네일 레티놀 앰플 50ml 증정 기획 (+마스크팩 1매)","닥터지","50.0","50.0","ml","29000","23200","4640.0","[크림] 정제수, 글리세린, 다이프로필렌글라이콜, 세테아릴알코올, 사이클로펜타실록세인, 카프릴릭/카프릭트라이글리세라이드, 트라이에틸헥사노인, 하이드로제네이티드폴리데센, 1,2-헥산다이올, 나이아신아마이드, 하이드로제네이티드폴리(C6-14올레핀), 사이클로헥사실록세인, 글리세릴스테아레이트에스이, 참마뿌리추출물, 카바카바잎/뿌리/줄기추출물, 우엉뿌리추출물, 진흙버섯추출물, 병풀추출물, 쇠비름추출물, 프로폴리스추출물, 하이드로제네이티드레시틴, 아르간커넬오일, 소듐하이알루로네이트, 다이메티콘, 세테아릴올리베이트, 부틸렌글라이콜, C12-16알코올, 글리세릴스테아레이트, 피이지-100스테아레이트, 마이크로크리스탈린셀룰로오스, 스쿠알란, 세테아릴글루코사이드, 메틸프로판다이올, 솔비탄올리베이트, 하이드록시에틸아크릴레이트/소듐아크릴로일다이메틸타우레이트코폴리머, 달팽이점액여과물(2,000ppm), 팔미틱애씨드, 하이드로제네이티드폴리아이소부텐, 베타인, 에탄올, 글라이코실트레할로오스, 셀룰로오스검, 아이소노닐아이소노나노에이트, 폴리글리세릴-10스테아레이트, 하이드롤라이즈드옥수수전분, 폴리솔베이트60, 에틸헥실글리세린, 하이드로제네이티드스타치하이드롤리세이트, 라피노오스, 스테아릭애씨드, 시어버터, 아데노신, 폴리글리세릴-2다이폴리하이드록시스테아레이트, 베타-글루칸, 다이소듐이디티에이, 레시틴, 솔비탄아이소스테아레이트, 수크로오스, 카라멜, 글루코오스, 이눌린라우릴카바메이트, 폴리쿼터늄-51, 프로필렌글라이콜, 다이소듐스테아로일글루타메이트, 바이오사카라이드검-1, 진주가루, 토코페롤, 향료, 페녹시에탄올, 리날룰, 벤질살리실레이트, 리모넨, 하이드록시시트로넬알, 제라니올 [앰플] 정제수, 프로판다이올, 글리세린, C13-16아이소알케인, 글리세레스-26, 나이아신아마이드, 펜틸렌글라이콜, 달팽이점액여과물(17,550ppm), 스쿠알란, 헵틸운데실레네이트, 폴리글리세릴-3다이스테아레이트, 1,2-헥산다이올, 글리세릴스테아레이트, 베타인, 하이드로제네이티드폴리데센, 하이드로제네이티드폴리아이소부텐, 운데케인, 하이드로제네이티드폴리(C6-14올레핀), 합성사파이어, 트라이데케인, 아크릴레이트/C10-30알킬아크릴레이트크로스폴리머, 향료, 하이드록시아세토페논, 하이드로제네이티드레시틴, 부틸렌글라이콜, 세틸팔미테이트, 하이드로제네이티드올리브오일불검화물, 코코-카프릴레이트/카프레이트, 맥아추출물, 솔비탄올리베이트, 솔비탄팔미테이트, 참마뿌리추출물, 글리세릴스테아레이트시트레이트, 잔탄검, 아데노신, 트로메타민, 한련초추출물, 아이비고드열매추출물, 하이드롤라이즈드옥수수전분, 다이소듐이디티에이, 베타-글루칸, 소듐폴리아크릴레이트, 수크로오스, 바이오사카라이드검-1, 폴리에터-1, 알란토인, 다이메틸아이소소바이드, 에틸헥실글리세린, 글리세릴올리에이트, 카프릴릭/카프릭트라이글리세라이드, 토코페롤, 라우릴글루코사이드, 폴리글리세릴-6라우레이트, 미리스틸글루코사이드, 하이드록시피나콜론레티노에이트(1,035ppb), 마카다미아씨오일, 옥틸도데칸올, 하이드롤라이즈드콜라겐, 하이드롤라이즈드하이알루로닉애씨드, 레티놀(950ppb), 말토덱스트린, 유채스테롤, 포스파티딜콜린, 글라이코리피드, 콜레스테롤, 병풀추출물, 펜타에리스리틸테트라-다이-t-부틸하이드록시하이드로신나메이트, 알루미늄/마그네슘하이드록사이드스테아레이트, 자이모모나스발효추출물, 하이드록시데실유비퀴논, 진주추출물, 트리스(테트라메틸하이드록시피페리딘올)시트레이트, 페룰릭애씨드, 꿀추출물, 팔미토일펜타펩타이드-4 [마스크팩] 정제수, 달팽이점액여과물, 메틸프로판다이올, 글리세린, 나이아신아마이드, 하이드록시아세토페논, 1,2-헥산다이올, 세틸에틸헥사노에이트, 아크릴레이트/C10-30알킬아크릴레이트크로스폴리머, 소듐폴리아크릴로일다이메틸타우레이트, 프로판다이올, 알란토인, 스쿠알란, 소듐폴리아크릴레이트, 하이드로제네이티드레시틴, 폴리글리세릴-10아이소스테아레이트, 에틸헥실글리세린, 카프릴릴글라이콜, 잔탄검, 아데노신, 카프릴릭/카프릭트라이글리세라이드, 맥아추출물, 폴리글리세릴-10올리에이트, 트로메타민, 소듐파이테이트, 부틸렌글라이콜, 향료, 글루코노락톤, 백미꽃추출물, 접시꽃추출물, 토코페롤, 쇠비름추출물, 베타-글루칸, 다이프로필렌글라이콜, 펜틸렌글라이콜, 글리세릴올리에이트, 진흙버섯추출물, 수용성콜라겐, 알지닌, 라우릴글루코사이드, 미리스틸글루코사이드, 폴리글리세릴-6라우레이트, 참마뿌리추출물, 팔미토일펜타펩타이드-4"
"A000000229094","[증정기획/장벽결광] 퍼셀 픽셀바이옴 글로우 배리어 유산균 세럼 50ml 기획 (+15ml)","퍼셀","50.0","65.0","ml","32000","23000","3538.5","확정세포배양액9, 부틸렌글라이콜, 비피다발효용해물(12.5%), 락토바실러스발효용해물(12.5%), 글리세린, 정제수, 효모/헥사펩타이드-11발효여과추출물, 1,2-헥산다이올, 나이아신아마이드, 에톡시다이글라이콜, 마카다미아씨오일, 소듐하이알루로네이트, 시어버터, 하이드롤라이즈드콜라겐, 펜틸렌글라이콜, 트레할로오스, 아크릴레이트/C10-30알킬아크릴레이트크로스폴리머, 암모늄아크릴로일다이메틸타우레이트/브이피코폴리머, 트로메타민, 에틸헥실글리세린, 스쿠알란, 하이드로제네이티드폴리데센, 아데노신, 폴리글리세릴-3메틸글루코오스다이스테아레이트, 글루코노락톤, 소듐파이테이트, 베타-글루칸, 토코페롤, 카르니틴, 살리실릭애씨드, 폴리글리세릴-10올리에이트, 하이드로제네이티드레시틴, 잔탄검"
"A000000224552","[3일 잡티흔적케어 / 비타민C앰플] 로벡틴 비타 다크 스팟 세럼 30ml 기획 (+5ml)","로벡틴","30.0","35.0","ml","32000","22400","6400.0","정제수,  비타민나무수,  부틸렌글라이콜,  나이아신아마이드, 프로판다이올, 글리세린, 1, 2-헥산다이올, 다이프로필렌글라이콜, 에톡시다이글라이콜, 메틸프로판다이올, 소듐폴리아크릴로일다이메틸타우레이트, 펜틸렌글라이콜, 카보머, 3-O-에틸아스코빅애씨드, 에리스리톨, 알부틴, 트로메타민, 에틸헥실글리세린, 페룰릭애씨드, 판테놀, 글리세릴아크릴레이트/아크릴릭애씨드코폴리머, 아데노신, 시트릭애씨드, 다이포타슘글리시리제이트, 인도멀구슬나무꽃추출물, 홀리바질잎추출물, 인도멀구슬나무잎추출물, 소듐하이알루로네이트, 소듐파이테이트, 울금뿌리추출물, 참산호말추출물, 베타-글루칸, 비타민나무열매추출물, 녹차추출물, 폴스애플민트잎추출물, 타임잎추출물, 토코페롤,  보리지씨오일,  알지닌,  덱스트린,  레시틴,  4-부틸레조시놀,  리놀레닉애씨드,  아스코빅애씨드,  바이오틴,  사이아노코발아민,  폴릭애씨드,  판토테닉애씨드,  피리독신,  티아민에이치씨엘"
"A000000259981","[NEW/색소침착] 샤이샤이샤이 카페인 샷 비타 씨 버블 세럼 110ml","샤이샤이샤이","110.0","110.0","ml","35000","22330","2030.0","비타민나무수(744,876ppm), 프로판다이올, 나이아신아마이드, 글리세린, 부틸렌글라이콜, 1,2-헥산다이올, 글리세레스-26, 카페인(18,000ppm), C12-14알케스-12, 에틸헥실글리세린,치자추출물, 잔탄검, 향료, 아데노신, 다이소듐이디티에이, 덱스트린, 코직애씨드, 글루타티온, 아스코빅애씨드(10ppm)"
"A000000251318","[화잘먹/속광부스터] 샤이샤이샤이 리페어 밀키 우레아 글로우 버블 세럼 110ml 기획 (+ 밀키크림 15ml)","샤이샤이샤이","110.0","125.0","ml","35000","22320","1785.6","<버블세럼>
정제수, 글리세린, 마카다미아씨오일, 하이드로제네이티드폴리(C6-14올레핀), 메틸프로판다이올, 부틸렌글라이콜, 나이아신아마이드, 우레아(20,000PPM), 트라이라우레스-4포스페이트, 1,2-헥산다이올, 하이드록시아세토페논, 판테놀, 에틸헥실글리세린, 아데노신, 토코페롤, 잔탄검, 다이소듐이디티에이, 폴리쿼터늄-51, 폴리글리세릴-10라우레이트, 소듐하이알루로네이트, 카프릴릭/카프릭트라이글리세라이드, 사이아노코발아민, 세라마이드엔피, 하이드로제네이티드레시틴, 트라이펩타이드-1, 아세틸테트라펩타이드-2, 아세틸테트라펩타이드-5, 카프릴릴글라이콜, 카퍼트라이펩타이드-1, 헥사펩타이드-11, 헥사펩타이드-9, 팔미토일펜타펩타이드-4, 팔미토일트라이펩타이드-1, 아세틸헥사펩타이드-8, 팔미토일트라이펩타이드-5, 향료

<밀키크림>
정제수, 사이클로펜타실록세인, 프로필렌글라이콜다이카프릴레이트/다이카프레이트, 카프릴릭/카프릭트라이글리세라이드, 우레아, 디이-C12-13알킬말레이트, 다이아이소스테아릴말레이트, 글리세린, 다이프로필렌글라이콜, 부틸렌글라이콜, 다이메티콘, 폴리글리세릴-6폴리리시놀리에이트, 피이지-10다이메티콘, 사이클로헥사실록세인, 아데노신, 아세틸헥사펩타이드-8, 카퍼트라이펩타이드-1, 세라마이드엔피, 판테놀, 포도세포추출물, 트루로즈오브예리코추출물, 페룰릭애씨드, 녹두피추출물, 베타-글루칸, 토코페롤, 글리세릴글루코사이드, 글루코오스, 에틸헥실글리세린, 소리쟁이뿌리추출물, 시어버터, 자작나무껍질추출물, 자몽추출물, 소듐클로라이드, 트라이-C14-15알킬시트레이트, 프로필렌카보네이트, 하이드로제네이티드레시틴, 레시틴, 다이소듐이디티에이, 1,2-헥산다이올, 카프릴하이드록사믹애씨드, 다이스테아다이모늄헥토라이트, 향료, 벤질벤조에이트, 헥실신남알, 부틸페닐메틸프로피오날, 리날룰"
"A000000247686","[NEW/화잘먹/비타속광] 오우즈너리 비타3 세럼 50ml","오우즈너리","50.0","50.0","ml","30000","22200","4440.0","정제수, 글리세린, 부틸렌글라이콜, 다이프로필렌글라이콜, 다이글리세린, 나이아신아마이드, 1,2-헥산다이올, 베타인, C12-14파레스-12, 아크릴레이트/C10-30알킬아크릴레이트크로스폴리머, 트로메타민, 해수, 에틸헥실글리세린, 아데노신, 잔탄검, 소듐하이알루로네이트, 다이소듐이디티에이, 유자껍질오일, 판테놀, 3-O-에틸아스코빅애씨드, 아스코빌글루코사이드, 하이드록시프로필사이클로덱스트린, 펜틸렌글라이콜, 마데카소사이드, 글루타티온, 글라이신, 세린, 글루타믹애씨드, 아스파틱애씨드, 류신, 알라닌, 라이신, 알지닌, 타이로신, 페닐알라닌, 프롤린, 트레오닌, 발린, 아이소류신, 히스티딘, 시스테인, 메티오닌, 리모넨, 리날룰"
"A000000182387","[진정] 디오디너리 알로에 2% + NAG 2% 솔루션 30ml","디오디너리","30.0","30.0","ml","","22000","7333.3","정제수, 프로판다이올, 글리세린, 다이프로필렌글라이콜, 알로에베라잎즙가루, 아세틸글루코사민, 팔미토일펜타펩타이드-4, 바이오사카라이드검-2, 펜틸렌글라이콜, 잔탄검, 아이소세테스-20, 하이드록시메톡시페닐데칸온, 소듐락테이트, 락틱애씨드, 소듐하이드록사이드, 에틸헥실글리세린, 페녹시에탄올, 클로페네신"
"A000000258298","[NEW] 토리든 다이브인 저분자 히알루론산 세럼 50ml","토리든","50.0","50.0","ml","","22000","4400.0","정제수, 부틸렌글라이콜, 글리세린, 다이프로필렌글라이콜, 1,2-헥산다이올, 판테놀, 소듐하이알루로네이트크로스폴리머, 하이드롤라이즈드하이알루로닉애씨드(1,000ppm), 소듐하이알루로네이트, 소듐아세틸레이티드하이알루로네이트, 하이드롤라이즈드소듐하이알루로네이트, 알란토인, 엑토인, 감초추출물, 2,3-부탄다이올, 트레할로오스, 베타인, 프로판다이올, 쇠비름추출물, 버지니아풍년화잎추출물, 마데카소사이드, 마데카식애씨드, 세라마이드엔피, 베타-글루칸, 말라카이트추출물, 콜레스테롤, 펜틸렌글라이콜, 글리세릴아크릴레이트/아크릴릭애씨드코폴리머, 피브이엠/엠에이코폴리머, 폴리글리세릴-10라우레이트, 잔탄검, 트로메타민, 카보머, 에틸헥실글리세린, 황금추출물, 모란뿌리추출물"
"A000000245740","[보습광채] 휩드 무화버터 비건 휘핑 버블 세럼 92ml","휩드","92.0","92.0","ml","27000","21600","2347.8","정제수, 프로판다이올, 메틸프로판다이올, 나이아신아마이드, 폴리글리세릴-10라우레이트, 1,2-헥산다이올, 하이드록시아세토페논, 글리세린, 향료, 에틸헥실글리세린, 아데노신, 부틸렌글라이콜, 황련뿌리추출물, 치자추출물, 하이드롤라이즈드치자추출물, 하이드롤라이즈드맥아추출물, 하이드롤라이즈드삼색제비꽃추출물, 덱스트린, 옥수수커넬추출물, 시트릭애씨드, 소듐시트레이트, 크랜베리추출물, 프룩탄, 소듐하이알루로네이트, 카프릴릴글라이콜, 글루코오스, 하이드롤라이즈드콜라겐, 흰목이버섯추출물, 하이드롤라이즈드하이알루로닉애씨드, 하이드롤라이즈드소듐하이알루로네이트, 다이메틸실란올하이알루로네이트, 하이알루로닉애씨드, 하이드록시프로필트라이모늄하이알루로네이트, 소듐하이알루로네이트크로스폴리머, 폴리글루타믹애씨드, 소듐디엔에이, 스쿠알란, 카카오씨버터, 무화과추출물, 소듐하이알루로네이트다이메틸실란올, 밀배아추출물, 소듐아세틸레이티드하이알루로네이트, 포타슘하이알루로네이트, 카프릴릭/카프릭트라이글리세라이드, 세라마이드엔피, 하이드로제네이티드레시틴, 펜틸렌글라이콜, 아세틸헥사펩타이드-8, 리모"
"A000000208708","아누아 TXA 나이아신 흔적 세럼 30ml","아누아","30.0","30.0","ml","32000","21500","7166.7","정제수, 글리세린, 나이아신아마이드, 트라넥사믹애씨드, 부틸렌글라이콜, 다이에톡시에틸석시네이트, 1,2-헥산다이올, 알부틴, 소듐하이알루로네이트, 알파-알부틴, 아이비고드열매추출물, 한련초추출물, 퀸즈랜드넛오일, 올리브오일, 호호바씨오일, 포도씨오일, 카카오추출물, 하이드롤라이즈드하이알루로닉애씨드, 편백잎추출물, 복사나무꽃추출물, 녹차씨오일, 효모발효추출물, 병풀추출물, 쑥잎추출물, 칸디다 봄비콜라/글루코오스/메틸레이프씨데이트발효물, 하이알루로닉애씨드, 펜틸렌글라이콜, 베타인살리실레이트, 수크로오스팔미테이트, 하이드로제네이티드레시틴, 젤란검, 소듐파이테이트, 셀룰로오스, 카프릴릭/카프릭트라이글리세라이드, 판테놀, 사이아노코발아민, 폴리글루타믹애씨드, 3-O-에틸아스코빅애씨드, 세라마이드엔피, 덱스트린, 아시아티코사이드, 마데카식애씨드, 아시아틱애씨드, 다이메틸실란올하이알루로네이트, 하이드롤라이즈드소듐하이알루로네이트, 포타슘하이알루로네이트, 하이드록시프로필트라이모늄하이알루로네이트, 소듐하이알루로네이트크로스폴리머, 소듐하이알루로네이트다이메틸실란올, 소듐아세틸레이티드하이알루로네이트, 잔탄검"
"A000000224093","아이오페 바이오 컨디셔닝 에센스 84ml 기획 (+48ml)","아이오페","84.0","132.0","ml","30000","21000","1590.9","효모발효여과물, 부틸렌글라이콜, 프로판다이올,
글리세린, 나이아신아마이드, 1,2-헥산다이올, 
다이에톡시에틸석시네이트, 소듐파이루베이트, 
에틸헥실글리세린, 아데노신, 덱스트린, 다이
소듐이디티에이, 맥주효모추출물"
"A000000230934","넘버즈인 2번 로즈 PDRN 콜라겐 플럼핑 세럼 투엑스 30ml","넘버즈인","30.0","30.0","ml","30000","21000","7000.0","콜라겐수(54.17 %), 정제수, 글리세레스-26, 부틸렌글라이콜, 글리세린, 나이아신아마이드(5 %), 프로판다이올, 다이프로필렌글라이콜, 1,2-헥산다이올, 다이에톡시에틸석시네이트, 피이지-240/에이치디아이코폴리머비스-데실테트라데세스-20에텔, 폴리아크릴레이트크로스폴리머-6, 트레할로오스, 옥틸도데세스-16, 메틸다이아이소프로필프로피온아마이드, 치자추출물, 에틸헥실글리세린, 다마스크장미꽃추출물(0.1 %), 소듐디엔에이(0.1 %), 펜타에리스리틸테트라아이소스테아레이트, 풀루란, 폴리글리세릴-10올리에이트, 아데노신, 옥틸도데칸올, 하이드롤라이즈드해면, 뽕나무껍질추출물, 하이드로제네이티드레시틴, 사철쑥추출물, 홍차추출물, 카프릴릭/카프릭트라이글리세라이드, 소듐하이알루로네이트크로스폴리머, 하이드롤라이즈드글라이코사미노글리칸, 다이소듐이디티에이, 폴리솔베이트20, 소듐하이알루로네이트, 사이아노코발아민, 레시틴, 토코페롤, 포타슘라우레이트, 벤질글라이콜, 하이알루로닉애씨드, 카프릴릴글라이콜, 프로필렌카보네이트, 레스베라트롤, 폴리락틱애씨드, 스테아랄코늄헥토라이트, 하이드롤라이즈드하이알루로닉애씨드, 아세틸헥사펩타이드-1, 실리카, 소듐아스코빌포스페이트, 하이드롤라이즈드콜라겐, 아세틸헥사펩타이드-8, 아세틸옥타펩타이드-3, 트라이펩타이드-1, 트라이펩타이드-2, 팔미토일펜타펩타이드-4, 팔미토일테트라펩타이드-7, 팔미토일헥사펩타이드-12, 라즈베리케톤, 콥티스뿌리추출물, 카퍼트라이펩타이드-1, 팔미토일트라이펩타이드-1, 트라이펩타이드-3, 에스에이치-올리고펩타이드-1, 에스에이치-폴리펩타이드-1, 에스에이치-폴리펩타이드-11, 에스에이치-폴리펩타이드-22"
"A000000256080","[NEW/단독기획] rdrd 레드 애플 락토 진정 세럼 30ml 응급진정 KIT 기획","rdrd","30.0","30.0","ml","25000","20400","6800.0","레드 세럼
정제수, 글리세린, 부틸렌글라이콜, 락토바실러스발효물 (48,950 ppm), 사과수 (37,240 ppm), 프로판다이올, 다이카프릴릴카보네이트, C9-12알케인, 1,2-헥산다이올, 트레할로오스, 아이소헥사데칸, 판테놀, 다이에톡시에틸석시네이트, 솔비톨, 소듐클로라이드, 소듐하이알루로네이트, 에틸헥실글리세린, 잔탄검, 칸디다 봄비콜라/글루코오스/메틸레이프씨데이트발효물, 올리브오일, 메틸다이아이소프로필프로피온아마이드, 카카오씨추출물, 덱스트린, 사이아노코발아민, 사과추출물 (51 ppm), 토코페롤, 하이알루로닉애씨드

핑크 세럼
정제수, 락토바실러스발효물 (48,950 ppm), 프로판다이올, 부틸렌글라이콜, 사과수 (37,240 ppm), 글리세린, 하이드로제네이티드폴리(C6-14올레핀), 글리세레스-26, C9-12알케인, 1,2-헥산다이올, 메틸글루세스-20, 석시닉애씨드, 다이카프릴릴카보네이트, 트로메타민, 소듐클로라이드, 에틸헥실글리세린, 잔탄검, 칸디다 봄비콜라/글루코오스/메틸레이프씨데이트발효물, 올리브오일, 소듐하이알루로네이트, 사과추출물 (51 ppm), 사이아노코발아민, 하이드로제네이티드레시틴, 폴리글리세릴-10스테아레이트, 판테놀, 소듐아스코빌포스페이트, 토코페롤, 나이아신아마이드, 하이알루로닉애씨드, 세라마이드엔피, 피리독신, 폴릭애씨드, 바이오틴, 티아민에이치씨엘, 리보플라빈, 리놀레익애씨드, 베타-카로틴

그린 세럼
정제수, 부틸렌글라이콜, 락토바실러스발효물 (48,950 ppm), 사과수 (30,070 ppm), 카프릴릭/카프릭트라이글리세라이드, 1,2-헥산다이올, 메틸프로판다이올, 스쿠알란, 씨솔트, 소듐하이알루로네이트, 알란토인, 글루코노락톤, 소듐시트레이트, 다이프로필렌글라이콜, 에틸헥실글리세린, 살리실릭애씨드, 황련뿌리추출물, 다이소듐이디티에이, 덱스트린, 베타인, 트로메타민, 카프릴로일살리실릭애씨드, 커먼자스민추출물, 흰버드나무껍질추출물, 가지열매추출물, 하이드로제네이티드레시틴, 사과추출물 (50 ppm), 치자추출물, 병풀추출물, 티트리잎추출물, 하이알루로닉애씨드, 하이드롤라이즈드하이알루로닉애씨드, 하이드롤라이즈드소듐하이알루로네이트, 하이드록시프로필트라이모늄하이알루로네이트, 포타슘하이알루로네이트, 소듐하이알루로네이트크로스폴리머, 아시아틱애씨드, 아시아티코사이드, 마데카식애씨드, 마데카소사이드, 펜틸렌글라이콜, 소듐아세틸레이티드하이알루로네이트

골드 세럼
정제수, 부틸렌글라이콜, 락토바실러스발효물 (48,950 ppm), 나이아신아마이드, 네오펜틸글라이콜다이헵타노에이트, 사과수 (30,070 ppm), 1,2-헥산다이올, 프로판다이올, 에틸헥실팔미테이트, 스쿠알란, 소듐하이알루로네이트, 씨솔트, 판테놀, 알란토인, 베타인, 토코페롤, 에틸헥실글리세린, 해바라기씨오일, 아데노신, 다이소듐이디티에이, 코직애씨드, 사과추출물 (50 ppm), 글리세린, 황련뿌리추출물, 하이드로제네이티드레시틴, 폴리글리세릴-10스테아레이트, 소듐아스코빌포스페이트, 하이알루로닉애씨드, 하이드롤라이즈드하이알루로닉애씨드, 하이드롤라이즈드소듐하이알루로네이트, 하이드록시프로필트라이모늄하이알루로네이트, 포타슘하이알루로네이트, 소듐하이알루로네이트크로스폴리머, 바이오틴, 폴릭애씨드, 피리독신, 펜틸렌글라이콜, 사이아노코발아민, 소듐아세틸레이티드하이알루로네이트, 리놀레익애씨드, 티아민에이치씨엘"
"A000000189956","[박지현 PICK/7일 모공개선] 피캄 레티놀라겐 앰플 30ml","피캄","30.0","30.0","ml","29000","20300","6766.7","정제수, 글루코노락톤, 메틸프로판다이올, 글리세린, 프로판다이올, 폴리글리세린-3, 트로메타민, 나이아신아마이드, 1,2-헥산다이올, C12-14알케스-12, 다이메티콘, 메틸글루세스-20, 메틸글루세스-10, 글리세레스-26, 하이드록시에틸셀룰로오스, 카프릴릭/카프릭트라이글리세라이드, 소듐폴리아크릴로일다이메틸타우레이트, 레시틴, 암모늄아크릴로일다이메틸타우레이트/브이피코폴리머, 한련초추출물, 아이비고드열매추출물, 석시닉애씨드, 소듐폴리아크릴레이트, 에틸헥실글리세린, 알란토인, 부틸렌글라이콜, 아데노신, 향기제비꽃/잎추출물, 서양송악잎/줄기추출물, 황련추출물, 지치뿌리추출물, 광곽향오일, 스피어민트추출물, 양까막까치밥나무열매추출물, 석류추출물, 팔마로사오일, 라반딘오일, 로즈마리잎오일, 허니로커스트씨추출물, 락토바실러스발효물, 글리세릴카프릴레이트, 리날룰, 리모넨, 제라니올, 수용성콜라겐(1.04ppm), 폴리락틱애씨드, 시트랄, 마카다미아씨오일, 하이드로제네이티드레시틴, 파네솔, 폴리글리세릴-10라우레이트, 쿠마린, 시트로넬올, 콜레스테롤, 아이소유제놀, 실리카, 레틴알(0.01ppm), 유채스테롤, 세테스-5, 세테스-3, 유제놀, 포타슘세틸포스페이트, 펜타에리스리틸테트라-다이-t-부틸하이드록시하이드로신나메이트, 바쿠치올, 다이소듐이디티에이"
"A000000154264","[녹는실앰플] 앰플엔 펩타이드샷 2X 모공탄력앰플 100ml","앰플엔","100.0","100.0","ml","23900","19900","1990.0","정제수, 글리세린, 부틸렌글라이콜, 다이프로필렌글라이콜, 1,2-헥산다이올, 나이아신아마이드, 폴리글리세린-3, 아데노신, 베타-글루칸, 알지닌, 다이포타슘글리시리제이트, 소듐하이알루로네이트, 예덕나무피추출물, 효모추출물, 옐로우체이스트위드추출물, 카퍼트라이펩타이드-1, 아세틸테트라펩타이드-2, 카보머, 덱스트란, 하이드록시에틸셀룰로오스, 카라멜, 글리세릴아크릴레이트/아크릴릭애씨드코폴리머, 트라이플루오로아세틸트라이펩타이드-2, 잔탄검, 보론나이트라이드, 피브이엠/엠에이코폴리머, 아가, 젤란검, 칼슘알지네이트, 카프릴릴글라이콜, 글루코실루틴, 팔미토일트라이펩타이드-5, 테트라데실아미노부티로일발릴아미노부티릭우레아트라이플루오로아세테이트, 마그네슘클로라이드, 다이소듐이디티에이, 펩타이드201.1ppm"
"A000000233086","[대용량/화잘먹세럼] 더랩바이블랑두 올리고 히알루론산 딥 글로우 세럼 85ml 기획 (+15ml)","더랩바이블랑두","85.0","100.0","ml","25000","19900","1990.0","정제수, 트라이프로필렌글라이콜, 부틸렌글라이콜, 글리세린, 다이프로필렌글라이콜, 하이드롤라이즈드하이알루로닉애씨드(3,000 ppm), 글루코노락톤, 하이드록시아세토페논, 폴리글리세릴-10라우레이트, 알지닌, 1,2-헥산다이올, 카보머, 잔탄검, 에틸헥실글리세린, 다이소듐이디티에이"
"A000000247092","[흔적조준세럼/트라넥6%] 구달 청귤 비타C E TXA 세럼 30ml 기획 (+TXA 미스트 50ml)","구달","30.0","80.0","ml","28000","19900","2487.5","세럼: 정제수, 탄제린추출물(249,625.912ppm), 부틸렌글라이콜, 글리세레스-26, 트라넥사믹애씨드(60,000ppm), 나이아신아마이드, 프로판다이올, 다이프로필렌글라이콜, 1,2-헥산다이올, 토코페릴아세테이트(15,000ppm), 펜틸렌글라이콜, 3-O-에틸아스코빅애씨드(5,006ppm), 다이에톡시에틸석시네이트, 아이리쉬모스추출물, 판테놀, 사탕수수추출물, 글리세린, 카보머, 암모늄아크릴로일다이메틸타우레이트/브이피코폴리머, 트로메타민, 잔탄검, 에틸헥실글리세린, 해바라기씨오일, 아데노신, 아스코빌글루코사이드(201ppm), 소듐하이알루로네이트, 소듐파이테이트, 페룰릭애씨드, 사이아노코발아민, 베타-글루칸, 베르가모트오일, 아스코빅애씨드(10ppm), 알칸나뿌리추출물, 소듐아스코빌포스페이트(2ppm), 레몬껍질오일, 녹차씨오일, 라벤더오일, 오렌지껍질오일, 유칼립투스잎추출물, 일랑일랑꽃오일, 토코페롤(0.155ppm), 글루코노락톤, 효모발효추출물, 칸디다봄비콜라/글루코오스/메틸레이프씨데이트발효물, 폴리글리세릴-10올리에이트, 니코틴아마이드모노뉴클레오타이드, 니코틴아마이드아데닌다이뉴클레오타이드, 아데노신트라이포스페이트, 폴리글리세릴-10라우레이트, 포스파티딜콜린, 하이드로제네이티드레시틴, 칼슘판토테네이트, 노나펩타이드-1

미스트: 정제수/탄제린추출물/프로판다이올/글리세린/나이아신아마이드/펜틸렌글라이콜/다이페닐실록시페닐트라이메티콘/부틸렌글라이콜/돌콩추출물/베르가모트오일/해바라기씨오일/백미꽃추출물/레몬껍질오일/접시꽃추출물/라벤더오일/일랑일랑꽃오일/오렌지껍질오일/유칼립투스잎추출물/녹차씨오일/효모발효추출물/칸디다 봄비콜라/글루코오스/메틸레이프씨데이트발효물/소듐하이알루로네이트/1,2-헥산다이올/다이페닐다이메티콘/트라넥사믹애씨드/하이드록시아세토페논/아크릴레이트/C10-30알킬아크릴레이트크로스폴리머/아미노메틸프로판다이올/아데노신/에틸헥실글리세린/토코페롤/사이아노코발아민/베타-글루칸/옥탄다이올/3-O-에틸아스코빅애씨드/소듐아스코빌포스페이트/아스코빅애씨드/아스코빌글루코사이드/토코페릴아세테이트/다이프로필렌글라이콜/페룰릭애씨드/글루코노락톤/폴리아크릴레이트크로스폴리머-6/폴리글리세릴-10올리에이트/폴리글리세릴-10라우레이트/포스파티딜콜린/니코틴아마이드모노뉴클레오타이드/하이드로제네이티드레시틴/아데노신트라이포스페이트/니코틴아마이드아데닌다이뉴클레오타이드/칼슘판토테네이트/노나펩타이드-1/카보머"
"A000000218948","[TXA] 셀리맥스 트라넥삼산 브라이트닝 잡티 세럼 30ml 기획 (+10ml)","셀리맥스","30.0","40.0","ml","22000","19800","4950.0","정제수, 글리세린, 부틸렌글라이콜, 나이아신아마이드, 트라넥사믹애씨드, 1,2-헥산다이올, 메틸프로판다이올, 비닐다이메티콘, 글리세레스-26, 아이소노닐아이소노나노에이트, 프로판다이올, 세테아릴올리베이트, 솔비탄올리베이트, 폴리솔베이트20, 소듐아크릴레이트/소듐아크릴로일다이메틸타우레이트코폴리머, 아이소헥사데칸, 하이드록시에틸아크릴레이트/소듐아크릴로일다이메틸타우레이트코폴리머, 암모늄아크릴로일다이메틸타우레이트/브이피코폴리머, 에틸헥실글리세린, 비파나무잎추출물, 폴리솔베이트80, 다이소듐이디티에이, 카보머, 솔비탄올리에이트, 스피어민트추출물, 트로메타민, 솔비탄아이소스테아레이트, 폴리솔베이트60, 비사보롤, 소듐하이알루로네이트, 토코페롤"
"A000000248202","[10만나노히알/3초수분플럼핑]비긴스바이정샘물 블루 수국 히알 수분세럼 (30ml+10ml) 기획","비긴스 바이 정샘물","30.0","40.0","ml","24000","19200","4800.0","정제수, 프로판다이올, 글리세린, 메틸프로판다이올, 펜틸렌글라이콜, 카프릴릭/카프릭트라이글리세라이드, 부틸렌글라이콜, 옥틸도데세스-16, 알지닌, 카보머, 1,2-헥산다이올, 에틸헥실글리세린, 하이드록시아세토페논, 폴리아크릴레이트크로스폴리머-6, 젤란검, 아데노신, 아가, 소듐하이알루로네이트(316.1ppm), 다이소듐이디티에이, 참마뿌리추출물, 하이드로제네이티드레시틴, 글라이코실트레할로오스, 향료, 병풀추출물, 무화과추출물, 하이드로제네이티드스타치하이드롤리세이트, 라피노오스, 인도멀구슬나무잎추출물, 인도멀구슬나무꽃추출물, 레시틴, 수레국화꽃수, 아이비고드열매추출물, 락토바실러스발효물, 세라마이드엔피, 하이드롤라이즈드소듐하이알루로네이트(15.0301ppm), 잔탄검, 폴리쿼터늄-51, 다이메틸실란올하이알루로네이트(15ppm), 하이드롤라이즈드하이알루로닉애씨드(15ppm), 가지열매추출물, 하이알루로닉애씨드(10ppm), 포타슘하이알루로네이트(10ppm), 소듐하이알루로네이트크로스폴리머(8ppm), 하이드록시프로필트라이모늄하이알루로네이트(8ppm), 소듐하이알루로네이트다이메틸실란올(5ppm), 호호바씨오일, 소듐아세틸레이티드하이알루로네이트(4ppm), 울금뿌리추출물, 참산호말추출물, 홀리바질잎추출물, 바이오사카라이드검-1, 토코페롤, 글라이신, 판테놀, 소듐파이테이트, 글루타믹애씨드, 소듐디엔에이, 수국잎추출물(0.005ppm)"
"A000000257830","아비브 히알루로닉 붐 세럼 워터드롭 50ml","아비브","50.0","50.0","ml","32000","19200","3840.0","정제수, 1,2-헥산다이올, 네오펜틸글라이콜다이카프레이트, 카프릴릭/카프릭트라이글리세라이드, 베헤닐알코올, 카보머, 트로메타민, 소듐하이알루로네이트(1,240 ppm), 글리세린, 부틸렌글라이콜, 에틸헥실글리세린, 아라비아고무나무검, 덱스트린, 잔탄검, 글리세릴글루코사이드, 치자추출물, 백미꽃추출물, 베타-글루칸, 하이알루로닉애씨드/폴리아이소프로필아크릴아마이드코폴리머(20 ppm), 접시꽃추출물, 글루코오스, 아세틸글루코사민, 엑토인, 판테놀, 토코페롤, 하이드로제네이티드레시틴, 세라마이드엔피, 수용성콜라겐, 자일로글루칸"
"A000000227932","[트러블,진정/피지케어]비건이펙트 청보리 징크 세럼 30ml","비건이펙트","30.0","30.0","ml","","18900","6300.0","정제수, 메틸프로판다이올, 글리세린, 1,2-헥산다이올, 나이아신아마이드, 베타인, 셀룰로오스, 알지닌, 카보머, 부틸렌글라이콜, 에틸헥실글리세린, 암모늄아크릴로일다이메틸타우레이트/브이피코폴리머, 판테놀, 황련뿌리추출물, 트라이소듐에틸렌다이아민다이석시네이트, 실버위드추출물, 아데노신, 폴리 
쿼터늄-51, 귀리커넬추출물, 아티초크잎추출물, 베타-글루칸, 소듐하이알루로네이트, 다이소듐이디티에이, 하이드로제네이티드레시틴,  녹차수, 말라카이트추출물, 병풀추출물, 징크피씨에이(10ppm), 병풀잎추출물, 효모발효물, 병풀뿌리추출물, 락토코쿠스발효용해물, 프룩토올리고사카라이드, 향부자추출물, 아시아티코사이드, 마데카소사이드, 펜틸렌글라이콜, 칡뿌리추출물, 대왕 소나무잎추출물, 당느릅나무뿌리추출물, 달맞이꽃꽃추출물, 프로판다이올, 다이메틸실란올하이알루로네이트, 하이드롤라이즈드하이알루로닉애씨드, 하이드롤라이즈드소듐하이알루로네이트, 살리실릭애씨드, 하이알루로닉애씨드,엑토인, 글루코노락톤, 포타슘하이알루로네이트, 카프릴로일살리실릭애씨드소듐하이알루로네이트크로스폴리머,하이드록시프로필트라이모늄하이알루로네이트, 소듐하이알루로네이트다이메틸실란올, 소듐아세틸레이티드하이알루로네이트, 소듐클로라이드, 수크로오스다이스테아레이트, 카프릴릭/카프릭트라이글리세라이드, 하이드록시프로필사이클로덱스트린, 밀싹추출물, 보리잎추출물(0.0025ppm), 마데카식애씨드, 아시아틱애씨드"
"A000000220039","[수분컨디셔닝] 디오디너리 멀티-액티브 딜리버리 에센스 100ml","디오디너리","100.0","100.0","ml","","18300","1830.0","정제수, 글리세린, 프로판다이올, 소듐카프로일프롤리네이트, 글라이코젠, 젤란검, 시트릭애씨드, 소듐클로라이드, 트라이소듐에틸렌다이아민다이석시네이트, 페녹시에탄올, 클로페네신."
"A000000174751","토리든 솔리드인 세라마이드 올데이 에센스 100ml","토리든","100.0","100.0","ml","26000","18200","1820.0","정제수, 글리세린, 부틸렌글라이콜, 1,2-헥산다이올, 카프릴릭/카프릭트라이글리세라이드, 판테놀, 세라마이드엔피, 세라마이드엔에스, 세라마이드에이에스, 세라마이드이오피, 세라마이드에이피, 마트리카리아잎추출물, 녹차추출물, 타임추출물, 애플민트잎추출물, 알란토인, 소듐하이알루로네이트, 트레할로오스, 수크로오스, 콜레스테롤, 글리세레스-26, C14-22알코올, C12-20알킬글루코사이드, 피브이엠/엠에이코폴리머, 아크릴레이트/C10-30알킬아크릴레이트크로스폴리머, 글리세릴아크릴레이트/아크릴릭애씨드코폴리머, 하이드로제네이티드레시틴, 트로메타민, 토코페롤, 잇꽃꽃추출물, 바오밥나무씨오일, 잔탄검, 스테아릭애씨드, 다이소듐이디티에이, 에틸헥실글리세린"
"A000000188005","[모공탄력] 일소 모링가 타이트닝 포어 세럼 30ml","일소","30.0","30.0","ml","19200","18200","6066.7","드럼스틱씨추출물, 정제수, 부틸렌글라이콜, 글리세린, 피이지/피피지-17/6코폴리머, 나이아신아마이드, 1,2-헥산다이올, 락토바이오닉애씨드, 트로메타민, 스쿠알란, 카프릴릴메티콘, 카보머, 소듐아크릴레이트/소듐아크릴로일다이메틸타우레이트코폴리머, 아이소헥사데칸, 잔탄검, 폴리솔베이트80, 아데노신, 다이소듐이디티에이, 에틸헥실글리세린, 솔비탄올리에이트, 다이펩타이드다이아미노부티로일벤질아마이드다이아세테이트, 카프릴릴글라이콜, 카프릴로일살리실릭애씨드, 엑토인, 아세틸헥사펩타이드-8, 돌콩오일, 레티놀, 흰버드나무껍질추출물, 오레가노잎추출물, 폴리글루타믹애씨드, 하이드롤라이즈드콜라겐, 비에이치티, 편백잎추출물, 소듐하이알루로네이트, 쇠비름추출물, 육계나무껍질추출물, 락토바실러스/콩발효추출물, 황금추출물, 소듐아세틸레이티드하이알루로네이트, 하이드롤라이즈드하이알루로닉애씨드, 하이드록시프로필트라이모늄하이알루로네이트, 하이드롤라이즈드소듐하이알루로네이트, 하이알루로닉애씨드, 포타슘하이알루로네이트, 소듐하이알루로네이트크로스폴리머"
"A000000218897","[급속진정] 허스텔러 리틀 드롭스 카밍 데이즈 앰플 30ml","허스텔러","30.0","30.0","ml","28000","18200","6066.7","정제수, 부틸렌글라이콜, 카프릴릭/카프릭트라이글리세라이드, 포트마리골드꽃추출물, 에탄올, 글리세린, 펜틸렌글라이콜, 호호바씨오일, 코코-카프릴레이트/카프레이트, 사과씨오일, 1,2-헥산다이올, 울금뿌리추출물, 락토바실러스발효물, 인도멀구슬나무꽃추출물, 인도멀구슬나무잎추출물, 홀리바질잎추출물, 베르가모트오일, 라벤더오일, 아이비고드열매추출물, 한련초추출물, 참산호말추출물, 인도멀구슬나무껍질추출물, 호프추출물, 드럼스틱씨오일, 알로에베라꽃추출물, 가지열매추출물, 소듐클로라이드, 에틸헥실글리세린, 옥탄다이올, 리놀레익애씨드, 토코페롤, 리놀레닉애씨드, 잔탄검, 리모넨, 리날룰, 제라니올"
"A000000199798","[모공탄력] 아이소이 포어 타이트닝 컨트롤 세럼 20ml 기획 (+3ml)","아이소이","20.0","23.0","ml","22500","18000","7826.1","정정제수, 글리세린, 에탄올(식물발효), 베타인, 카프릴릭/카프릭트라이글리세라이드, 세틸에틸헥사노에이트, 트레할로오스, 잔탄검, 블랙윌로우나무껍질추출물, 서양송악추출물, 마카다미아씨오일, 올리브오일, 다마스크장미꽃오일(불가리아 공인), 약모밀추출물(어성초추출물), 밤껍질추출물, 흰버드나무껍질추출물, 병풀추출물, 락토바실러스/콩발효추출물, 육계나무껍질추출물, 오레가노잎추출물, 편백잎추출물, 쇠비름추출물, 아데노신, 아세로라추출물, 몰로키아잎추출물,브로콜리추출물, 로즈마리추출물, 아라키딜알코올, 세테아릴알코올, 베헤닐알코올, 아라키딜글루코사이드, 글리세릴스테아레이트, 알지닌, 알란토인, 카보머, 아사이팜열매추출물, 로우스위트블루베리추출물, 인디안구스베리열매추출물, 크랜베리추출물, 부틸렌글라이콜, 1,2-헥산다이올, 포트마리골드꽃추출물, 황금추출물, 모란뿌리추출물, 스페인감초뿌리추출물, 시트로넬올※, 제라니올※
※자연유래 에센셜오일 자체에 원래 포함된 성분"
"A000000184772","[워터젤리/수분에센스]닥터자르트 바이탈 하이드라 솔루션 하이드로 플럼프 트리트먼트 에센스 150ml","닥터자르트","150.0","150.0","ml","36000","17900","1193.3","정제수, 글리세린, 메틸프로판다이올, 펜틸렌글라이콜, 1,2-헥산다이올, 글리세릴글루코사이드, 사카라이드아이소머레이트, 폴리글리세린-3, 소듐하이알루로네이트, 하이드롤라이즈드식물성단백질, 에틸헥실글리세린, 알란토인, 시트릭애씨드, 잔탄검, 말토덱스트린, 소듐시트레이트"
"A000000247691","[아이돌Pick/트러블흔적] 아이소이 브라이트닝 카밍 스팟 세럼 35ml 기획 (+10ml)","아이소이","35.0","45.0","ml","24500","17500","3888.9","정제수, 다마스크장미꽃수, 병풀잎수, 글리세린, 부틸렌글라이콜, 나이아신아마이드, 베타인, 판테놀, 알란토인, 알지닌, 카보머, 포트마리골드꽃추출물, 황금추출물, 모란뿌리추출물, 스페인감초뿌리추출물, 마데카소사이드, 로즈마리잎오일, 글루타티온, 다마스크장미꽃추출물, 1,2-헥산다이올"
"A000000188711","[광채보습] 조선미녀 광채프로폴리스세럼 30ml","조선미녀","30.0","30.0","ml","","17000","5666.7","정제수, 다이프로필렌글라이콜, 글리세린, 부틸렌글라이콜, 프로폴리스추출물(7.05 %), 나이아신아마이드, 1,2-헥산다이올, 베타인살리실레이트, 소듐폴리아크릴로일다이메틸타우레이트, 트로메타민, 폴리글리세릴-10라우레이트, 잔탄검, 카프릴릴글라이콜, 카보머, 에틸헥실글리세린, 인도멀구슬나무꽃추출물, 홀리바질잎추출물, 인도멀구슬나무잎추출물, 소듐하이알루로네이트, 울금뿌리추출물, 덱스트린, 카카오추출물, 참산호말추출물, 티트리추출물, 병풀추출물, 메틸프로판다이올, 서양벌노랑이씨추출물, 펜틸렌글라이콜, 옥탄다이올, 호동씨오일, 토코페롤"
"A000000235580","[NEW] 더 에센셜 바이 아리얼 히알루로닉 13 세럼 60ml","아리얼","60.0","60.0","ml","","7500","1250.0","정제수, 글리세린, 부틸렌글라이콜, 1,2-헥산다이올, 카보머, 알지닌, 폴리글리세릴-10미리스테이트, 폴리글리세릴-10라우레이트, 판테놀, 에틸헥실글리세린, 다이소듐이디티에이, 알란토인, 베타인, 인도멀구슬나무잎추출물, 인도멀구슬나무꽃추출물, 소듐하이알루로네이트(50,200ppb), 아이비고드열매추출물, 가지열매추출물, 홀리바질잎추출물, 알로에베라잎추출물, 울금뿌리추출물, 참산호말추출물, 하이드로제네이티드레시틴, 세라마이드엔피, 하이알루로닉애씨드(150ppb), 다이메틸실란올하이알루로네이트(150ppb), 하이드롤라이즈드소듐하이알루로네이트(150ppb), 하이드롤라이즈드하이알루로닉애씨드(150ppb), 포타슘하이알루로네이트(100ppb), 소듐하이알루로네이트크로스폴리머(8ppb), 하이드록시프로필트라이모늄하이알루로네이트(8ppb), 글라이코스핑고리피드, 소듐하이알루로네이트다이메틸실란올(5ppb), 소듐아세틸레이티드하이알루로네이트(4ppb)"
"A000000248120","나노레시피 연어 PDRN 100,000ppm 앰플 10ml","나노레시피","10.0","10.0","ml","19300","15700","15700.0","정제수, 프로판다이올, 소듐디엔에이(100,000ppm), 1,2-헥산다이올, 에틸헥실글리세린"
"A000000158299","잇츠스킨 파워 10 포뮬라 엘아이 이펙터 감초줄렌 30ml(AD)","잇츠스킨","30.0","30.0","ml","","15400","5133.3","스페인감초뿌리추출물, 정제수, 프로판다이올, 글리세린, 베타인, 마트리카리아꽃추출물, 소듐하이알루로네이트, 다이포타슘글리시리제이트, 구아이아줄렌, 베타-글루칸, 폴리글루타믹애씨드, 글리세레스-26, 암모늄아크릴로일다이메틸타우레이트/브이피코폴리머, 부틸렌글라이콜, 카프릴릴/카프릴글루코사이드, 1,2-헥산다이올, 폴리글리세릴-10라우레이트, 다이프로필렌글라이콜, 잔탄검, 다이소듐이디티에이, 폴리글리세릴-10올리에이트, 멕시칸주니퍼오일, 다마스크장미꽃오일, 광곽향오일, 베티버뿌리오일"
"A000000184941","[NCT 재민PICK] 이즈앤트리 초저분자 히아루론산 세럼 50ml","이즈앤트리","50.0","50.0","ml","22000","15400","3080.0","해수, 정제수, 메틸프로판다이올, 글리세린, 부틸렌글라이콜, 1,2-헥산다이올, 하이드롤라이즈드하이알루로닉애씨드, 소듐하이알루로네이트, 하이드롤라이즈드소듐하이알루로네이트, 포타슘하이알루로네이트, 소듐아세틸레이티드하이알루로네이트, 하이드록시프로필트라이모늄하이알루로네이트, 소듐하이알루로네이트크로스폴리머, 다이메틸실란올하이알루로네이트, 하이드롤라이즈드칼슘하이알루로네이트, 소듐설페이티드하이알루로네이트, 소듐스테아로일하이알루로네이트, 소듐올레오일하이알루로네이트, 하이알루로닉애씨드, 베타인, 펜틸렌글라이콜, 카보머, 카프릴릴글라이콜, 알란토인, 트로메타민, 에틸헥실글리세린, 잔탄검, 판테놀, 말라카이트추출물, 다이소듐이디티에이, 글리세릴아크릴레이트/아크릴릭애씨드코폴리머, 글리세릴글루코사이드, 마데카소사이드, 베타-글루칸"
"A000000170312","[1등 화잘먹 물먹세럼] 에스네이처 아쿠아 스쿠알란 세럼 50ml","에스네이처","50.0","50.0","ml","21000","14900","2980.0","정제수, 글리세린, 부틸렌글라이콜, 메틸프로판다이올, 1,2-헥산다이올, 베타인, 다시마추출물, 한련초잎추출물, 버지니아풍년화추출물, 소듐하이알루로네이트,하이드로제네이티드레시틴, 판테놀, 알란토인, 프룩토올리고사카라이드, 베타-글루칸, 하이드롤라이즈드하이알루로닉애씨드, 식물성스쿠알란(1ppm), 하이드록시프로필트라이모늄하이알루로네이트, 소듐아세틸레이티드하이알루로네이트, 하이드롤라이즈드소듐하이알루로네이트, 하이알루로닉애씨드, 소듐하이알루로네이트크로스폴리머, 포타슘하이알루로네이트, 에틸헥실글리세린, 카보머, 트로메타민,  잔탄검, 다이소듐이디티에이"
"A000000141313","[노화케어] 디오디너리 아지렐린 솔루션 10% 30ml","디오디너리","30.0","30.0","ml","","14700","4900.0","정제수, 프로판다이올, 아세틸헥사펩타이드-8, 트라이소듐에틸렌다이아민다이석시네이트, 젤란검, 소듐클로라이드, 아이소세테스-20, 다이메틸아이소소바이드, 포타슘솔베이트, 페녹시에탄올, 클로페네신"
"A000000221707","메디힐 저분자 히알루론산 수분 밀도 세럼 40ml","메디힐","40.0","40.0","ml","22000","14600","3650.0","정제수, 프로판다이올, 부틸렌글라이콜, 1,2-헥산다이올, 나이아신아마이드, 소듐하이알루로네이트(10,100.01 ppm), 베타인, 하이드록시에틸셀룰로오스, 글리세린, 암모늄아크릴로일다이메틸타우레이트/브이피코폴리머, 자일리톨, 판테놀, 카프릴릭/카프릭트라이글리세라이드, C12-14알케스-12, 에틸헥실글리세린, 아데노신, 하이드로제네이티드레시틴, 스쿠알란, 세라마이드엔피, 베타-글루칸, 베르가모트오일, 유칼립투스잎오일, 토코페롤, 다이메틸실란올하이알루로네이트(15 ppb), 하이드롤라이즈드하이알루로닉애씨드(15 ppb), 하이드롤라이즈드소듐하이알루로네이트(15 ppb), 하이알루로닉애씨드(10 ppb), 포타슘하이알루로네이트(10 ppb), 하이드록시프로필트라이모늄하이알루로네이트(8 ppb), 소듐하이알루로네이트크로스폴리머(8 ppb), 소듐하이알루로네이트다이메틸실란올(5 ppb), 소듐아세틸레이티드하이알루로네이트(4 ppb), 폴리글리세릴-10올리에이트, 펜틸렌글라이콜, 카프릴릴/카프릴글루코사이드"
"A000000200313","[수분보습] 디오디너리 히알루로닉 애시드 2% + B5 30ml","디오디너리","30.0","30.0","ml","","14200","4733.3","정제수, 소듐하이알루로네이트(2%), 프로판다이올, 펜틸렌글라이콜, 하이드롤라이즈드하이알루로닉애씨드, 소듐하이알루로네이트크로스폴리머, 포스포리피드, 스핑고리피드, 판테놀, 안펠티옵시스 콩킨나추출물, 글리세린, 폴리솔베이트20, 시트릭애씨드, 소듐시트레이트, p-아니식애씨드, 토코페롤, 트라이소듐에틸렌다이아민다이석시네이트, 카프릴릴글라이콜, 에톡시다이글라이콜, 에틸헥실글리세린, 헥실렌글라이콜,페녹시에탄올, 클로페네신"
"A000000188560","[피부톤업] 조선미녀 쌀겨수맑은세럼 30ml","조선미녀","30.0","30.0","ml","17000","13600","4533.3","쌀겨수(68.6 %), 정제수, 글리세린, 부틸렌글라이콜, 1,2-헥산다이올, 다이프로필렌글라이콜, 알파-알부틴(2 %), 나이아신아마이드, 메틸글루세스-20, 판테놀, 폴리글리세린-3, 트레할로오스, 글리세릴글루코사이드, 하이드롤라이즈드호호바에스터, 하이드록시에틸아크릴레이트/소듐아크릴로일다이메틸타우레이트코폴리머, 에틸헥실글리세린, 하이드록시에틸셀룰로오스, 잔탄검, 아크릴레이트/C10-30알킬아크릴레이트크로스폴리머, 알지닌, 다이소듐이디티에이, 솔비탄아이소스테아레이트, 글루코오스, 율무씨추출물, 황련뿌리추출물, 검정콩추출물, 발레이추출물, 쌀추출물(2 ppm), 검은깨추출물, 밀추출물, 녹두추출물, 옥수수커넬추출물"
"A000000206874","[트러블/과잉피지완화]앰플엔 아크네샷 앰플 30ml","앰플엔","30.0","30.0","ml","15900","13520","4506.7","프로폴리스추출물, 정제수, 부틸렌글라이콜, 프로판다이올, 옥틸도데세스-16, 아데노신, 스페인감초뿌리추출물, 병풀추출물, 마트리카리아꽃추출물, 알지닌, 돌콩싹추출물, 다이포타슘글리시리제이트, 마데카소사이드, 카프릴로일살리실릭애씨드, 인도멀구슬나무잎추출물, 인도멀구슬나무꽃추출물, 울금뿌리추출물, 티트리잎오일, 홀리 바질잎추출물, 참산호말추출물, 파스향나무잎추출물, 소듐메타포스페이트, 1,2-헥산디올, 하이드롤라이즈드키토산, 다이소듐이디티에이"
"A000000234010","[모공/마일드필링] 풀리 그린토마토 애시드 20 워시오프 필링 세럼 50ml","풀리","50.0","50.0","ml","27000","13360","2672.0","토마토수(34%), 다이프로필렌글라이콜, 락틱애씨드(20.07%), 정제수, 나이아신아마이드, 부틸렌글라이콜, 소듐하이드록사이드, 알지닌, 폴리아크릴레이트크로스폴리머-6, 소듐폴리아크릴로일다이메틸타우레이트, 1,2-헥산다이올, 트로메타민, 옥틸도데세스-16, C12-14파레스-12, 소듐시트레이트, 석시닉애씨드(0.5%), 살리실릭애씨드(0.49%), 글리세린, 토마토즙(3,644PPM), 황련뿌리추출물, 글라이콜릭애씨드(0.105%), 에틸헥실글리세린, 글루코노락톤, 하이드록시아세토페논, 인도멀구슬나무잎추출물, 인도멀구슬나무꽃추출물, 아데노신, 향료, 아이비고드열매추출물, 다이소듐이디티에이, 다이포타슘글리시리제이트, 하이드로제네이티드레시틴, 시트릭애씨드(0.01%), 덱스트린, 알로에베라꽃추출물, 가지열매추출물, 카카오씨추출물, 병풀추출물, 무화과추출물, 홀리바질잎추출물, 칡뿌리추출물, 대왕소나무잎추출물, 당느릅나무뿌리추출물, 달맞이꽃꽃추출물, 울금뿌리추출물, 참산호말추출물, 세라마이드엔피, 감나무잎추출물, 포도추출물, 잇꽃꽃추출물, 호장근뿌리추출물, 커피콩추출물, 녹차추출물, 밤껍질추출물, 초피나무열매추출물, 소듐디엔에이, 토코페롤, 만니톨, 파파인, 브로멜라인"
"A000000150818","[수부지산뜻진정] 아크네스 모이스처 크림 60ml","아크네스","60.0","60.0","ml","19000","11400","1900.0","정제수*@글리세린*@프로판다이올@부틸렌글라이콜*@하이드로제네이티드폴리(C6-14올레핀)@메틸트라이메티콘@1,2-헥산다이올*@글리세레스-26@카프릴릭/카프릭트라이글리세라이드@트라이옥틸도데실시트레이트@비닐다이메티콘/메티콘실세스퀴옥세인크로스폴리머@폴리글리세릴-2스테아레이트@C14-22알코올@다마스크장미꽃수@폴리메틸실세스퀴옥세인@글리세릴스테아레이트@스테아릴알코올@아크릴레이트/C10-30알킬아크릴레이트크로스폴리머@암모늄아크릴로일다이메틸타우레이트/브이피코폴리머@트로메타민@소듐폴리아크릴레이트스타치@C12-20알킬글루코사이드@올리브오일@하이드로제네이티드레시틴*@스쿠알란*@카바카바뿌리추출물@레시틴@시어버터@다이소듐이디티에이*@약모밀추출물@판테놀@잔탄검@펜틸렌글라이콜@티트리잎추출물@퀸즈랜드넛오일*@콜레스테롤*@병풀추출물@유채스테롤*@알루미늄수크로오스옥타설페이트*@피토스테릴/베헤닐/옥틸도데실라우로일글루타메이트*@폴리글리세릴-10올리에이트*@소듐서팩틴*@글루코오스@세라마이드엔피@셀룰로오스*@아세틸피토스핑고신@소듐하이알루로네이트크로스폴리머@하이드롤라이즈드글라이코사미노글리칸@소듐하이알루로네이트@소듐하이드록사이드@토코페롤@피토스핑고신@벤질글라이콜@하이드롤라이즈드하이알루로닉애씨드@징크옥사이드*@에틸헥실글리세린@하이알루로닉애씨드@라즈베리케톤"
"A000000228260","더마팩토리 NMN 1% 리뉴잉 세럼 30ml","더마팩토리","30.0","30.0","ml","12000","11400","3800.0","정제수, 글리세린, 다이프로필렌글라이콜, 스쿠알란, 펜타에리스리틸테트라에틸헥사노에이트, 메틸트라이메티콘, 나이아신아마이드, 부틸렌글라이콜, 베타인, 니코틴아마이드모노뉴클레오타이드, 메틸프로판다이올, 폴리솔베이트60, 글리세릴스테아레이트, 글리세릴스테아레이트에스이, 폴리메틸실세스퀴옥세인, 아라키딜알코올, C14-22알코올, 베헤닐알코올, 카보머, 알지닌, 하이드로제네이티드캐스터오일/세바식애씨드코폴리머, 아라키딜글루코사이드, 에틸헥실글리세린, C12-20알킬글루코사이드, 니코틴아마이드아데닌다이뉴클레오타이드, 알란토인, 판테놀, 카프릴하이드록사믹애씨드, 소듐아크릴레이트/소듐아크릴로일다이메틸타우레이트코폴리머, 향료, 폴리아이소부텐, 아데노신, 인도멀구슬나무꽃추출물, 1,2-헥산다이올, 홀리바질잎추출물, 덱스트린, 카카오추출물, 다이소듐이디티에이, 인도멀구슬나무잎추출물, 레몬밤잎추출물, 울금뿌리추출물, 레스베라트롤, 소듐하이알루로네이트, 참산호말추출물, 폴리쿼터늄-51, 카프릴릴/카프릴글루코사이드, 솔비탄올리에이트, 하이드롤라이즈드하이알루로닉애씨드, 소듐아세틸레이티드하이알루로네이트"
"A000000186864","[브라이트닝] 디오디너리 100% L-아스코빅 애시드 파우더 20g","디오디너리","20.0","20.0","g(약 1ml 상당으로 근사)","","10000","5000.0","아스코빅 애씨드"
"A000000252249","[흔적조준세럼/트라넥6%] 구달 청귤 비타C E TXA 세럼 15ml","구달","15.0","15.0","ml","16000","8900","5933.3","세럼: 정제수, 탄제린추출물, 부틸렌글라이콜, 글리세레스26, 트라넥사믹애씨드, 나이아신아마이드, 프로판다이올, 다이프로필렌글라이콜, 1,2-헥산다이올, 토코페릴아세테이트, 펜틸렌글라이콜, 3-O-에틸아스코빅애씨드, 다이에톡시에틸석시네이트, 아이리쉬모스추출물, 판테놀, 사탕수수추출물, 글리세린, 카보머, 암모늄아크릴로일다이메틸타우레이트/브이피코폴리머, 트로메타민, 잔탄검, 에틸헥실글리세린, 해바라기씨오일, 아데노신, 아스코빌글루코사이드, 소듐하이알루로네이트, 소듐파이테이트, 페룰릭애씨드, 사이아노코발아민, 베타-글루칸, 베르가모트오일, 아스코빅애씨드, 알칸나뿌리추출물, 소듐아스코빌포스페이트, 레몬껍질오일, 녹차씨오일, 라벤더오일, 오렌지껍질오일, 유칼립투스잎추출물, 일랑일랑꽃오일, 토코페롤, 글루코노락톤, 효모발효추출물, 칸디다 봄비콜라/글루코오스/메틸레이프씨데이트발효물, 폴리글리세릴-10올리에이트, 니코틴아마이드모노뉴클레오타이드, 니코틴아마이드아데닌다이뉴클레오타이드, 아데노신트라이포스페이트, 폴리글리세릴-10라우레이트, 포스파티딜콜린, 하이드로제네이티드레시틴, 칼슘판토테네이트, 노나펩타이드-1

미스트: 정제수/탄제린추출물/프로판다이올/글리세린/나이아신아마이드/펜틸렌글라이콜/다이페닐실록시페닐트라이메티콘/부틸렌글라이콜/돌콩추출물/베르가모트오일/해바라기씨오일/백미꽃추출물/레몬껍질오일/접시꽃추출물/라벤더오일/일랑일랑꽃오일/오렌지껍질오일/유칼립투스잎추출물/녹차씨오일/효모발효추출물/칸디다 봄비콜라/글루코오스/메틸레이프씨데이트발효물/소듐하이알루로네이트/1,2-헥산다이올/다이페닐다이메티콘/트라넥사믹애씨드/하이드록시아세토페논/아크릴레이트/C10-30알킬아크릴레이트크로스폴리머/아미노메틸프로판다이올/아데노신/에틸헥실글리세린/토코페롤/사이아노코발아민/베타-글루칸/옥탄다이올/3-O-에틸아스코빅애씨드/소듐아스코빌포스페이트/아스코빅애씨드/아스코빌글루코사이드/토코페릴아세테이트/다이프로필렌글라이콜/페룰릭애씨드/글루코노락톤/폴리아크릴레이트크로스폴리머-6/폴리글리세릴-10올리에이트/폴리글리세릴-10라우레이트/포스파티딜콜린/니코틴아마이드모노뉴클레오타이드/하이드로제네이티드레시틴/아데노신트라이포스페이트/니코틴아마이드아데닌다이뉴클레오타이드/칼슘판토테네이트/노나펩타이드-1/카보머"
"A000000011100","엠도씨 워터드롭 스킨 에센스 100ml","엠도씨","100.0","100.0","ml","20000","16000","1600.0","정제수,글리세린,사이클로메티콘,사이클로펜타실록세인,피이지-10다이메티콘/비닐다이메티콘크로스폴리머,펜틸렌글라이콜,카바카바잎/뿌리/줄기추출물,당느릅나무뿌리추출물,줄맨드라미씨추출물,로즈마리잎추출물,아라비아고무나무꽃/줄기추출물,마트리카리아꽃추출물,쇠비름추출물,칡뿌리추출물,스페인감초뿌리추출물,작약뿌리추출물,천궁뿌리추출물,알로에베라잎즙,수용성콜라겐,소듐하이알루로네이트,하이드로제네이티드레시틴,카보머,트로메타민,다이메티콘/비닐다이메티콘크로스폴리머,바이오사카라이드검-1,잔탄검,향료,페녹시에탄올,에틸헥실글리세린,부틸페닐메틸프로피오날,리날룰,헥실신남알,리모넨"
"A000000104151","크리니크 안티-블레미쉬 솔루션 크리니컬 클리어링 젤 15ml","크리니크","15.0","15.0","ml","36000","30600","20400.0","변성알코올, 정제수, 아크릴레이트/C10-30알킬아크릴레이트크로스폴리머, 위치하젤, 슈가켈프추출물, 살리실릭애씨드, 슈크로오스, 카페인, 부틸렌글라이콜, 벤잘코늄클로라이드 [iln32308] 제공된 성분은 동일 제품이라도 경우에 따라 변경될 수 있습니다. 최신정보는 제품 포장의 성분을 참고하시거나 본사 고객관리지원팀으로 연락 부탁 드립니다."
"A000000105588","크리니크 포 맨 맥시멈 하이드레이터 액티베이티드 워터-젤 컨센트레이트 48ml","크리니크","48.0","48.0","ml","67000","56950","11864.6","정제수, 글리세린, 부틸렌글라이콜, 페닐트리메치콘, 프로판디올, 슈크로오스, 하이드록시에칠우레아, 알테로모나스발효추출물, 알로에베라잎수, 갈조추출물, 콜레스테롤, 하이드롤라이즈드쌀추출물, 트레할로스, 아세틸글루코사민, 펜타에리스리틸테트라에칠헥사노에이트, 소르비톨, 소듐하이알루로네이트, 소듐폴리아스파테이트, 카페인, 토코페릴아세테이트, 소듐하이드록사이드, 아크릴레이트/C10-30알킬아크릴레이트크로스폴리머, 카보머, 덱스트린팔미테이트, 데하이드로잔탄검, 시트릭애씨드, 벤조페논-4, 테트라헥실데실아스코베이트, 펜타에리스리틸테트라-디-t-부틸하이드록시하이드로신나메이트, 소듐시트레이트, 디소듐이디티에이, 비에이치티, 클로페네신, 페녹시에탄올, 녹색202호 [ILN43187] 
*제공된 성분은 동일 제품이라도 경우에 따라 변경될 수 있습니다. 최신정보는 제품 포장의 성분을 참고하시거나 본사 고객관리지원팀으로 연락 부탁 드립니다."
"A000000115496","달팡 하이드라스킨 세럼 30ml","달팡","30.0","30.0","ml","83000","82790","27596.7","정제수, 프로판디올, 글리세린, 부틸렌글라이콜, 메칠글루세스-20, 피이지-40하이드로제네이티드캐스터오일, 모근추출물, 석류나무추출물, 말라카이트추출물, 소듐하이알루로네이트, 토코페롤, 에칠헥실글리세린, 하이알루로닉애씨드, 트레할로스, 카프릴릴글라이콜, 소듐피씨에이, 소듐폴리아크릴레이트, 1,2-헥산디올, 폴리쿼터늄-51, 우레아, 카보머, 소듐카보머, 향료, 부틸페닐메칠프로피오날, 하이드록시이소헥실3-사이클로헥센카복스알데하이드, 헥실신남알, 알파-이소메칠이오논, 리모넨, 리날룰, 하이드록시시트로넬알, 테트라소듐이디티에이, 페녹시에탄올, 클로페네신, 포타슘소르베이트, 청색1호 (ILN36174)"
"A000000119141","썸바이미 아하 바하 파하 30데이즈 미라클 세럼 50ml","썸바이미","50.0","50.0","ml","27000","18900","3780.0","정제수, 병풀추출물, 세틸에틸헥사노에이트, 카프릴릭/카프릭트라이글리세라이드, 글리세린, 올리브오일, 프로판다이올, 에탄올, 부틸렌글라이콜, 1,2-헥산다이올, 나이아신아마이드, 티트리잎수, 녹차추출물, 황금추출물, 호장근뿌리추출물, 스페인감초뿌리추출물, 마트리카리아꽃추출물, 로즈마리잎추출물, 소듐락테이트(18,375 ppb), 소듐피씨에이(7,875 ppb), 시트릭애씨드(7,875 ppb), 락틱애씨드(3,150 ppb), 말릭애씨드(3,150 ppb), 글라이콜릭애씨드(3,150 ppb), 파이루빅애씨드(525 ppb), 타타릭애씨드(10.5 ppb), 파스향나무잎추출물(105 ppm), 락토바이오닉애씨드(105 ppm), 펜틸렌글라이콜, 크랜베리추출물, 라벤더추출물, 바질잎추출물, 서양수수꽃다리추출물, 약모밀추출물, 신선초추출물, 마시멜로뿌리추출물, 로즈마리추출물, 마데카소사이드, 유차나무씨오일, 쌀겨오일, 녹차씨오일, 로즈힙열매오일, 스위트아몬드오일, 메도우폼씨오일, 소듐클로라이드, 자몽껍질오일, 오렌지껍질오일, 울금뿌리추출물, 인도멀구슬나무잎추출물, 인도멀구슬나무꽃추출물, 잔탄검, 센티드제라늄꽃오일, 유향나무오일, 인도멀구슬나무껍질추출물, 참산호말추출물, 발삼아미리스껍질오일, 드럼스틱씨오일, 홀리바질잎추출물, 다이소듐이디티에이, 카프릴릴글라이콜, 에틸헥실글리세린, 리모넨, 시트로넬올, 시트랄"
"A000000137017","마녀공장 비피다 바이옴 콤플렉스 앰플 30ml","마녀공장","30.0","30.0","ml","","23000","7666.7","정제수, 부틸렌글라이콜, 비피다발효용해물(3%), 글리세린, 나이아신아마이드, 1,2-헥산다이올, 펜틸렌글라이콜, 스쿠알란, 폴리글리세릴-10라우레이트, 비피다발효여과물(2,046ppm), 락토바실러스발효용해물, 락토코쿠스발효용해물, 효모발효여과물, 카보머, 하이드로제네이티드레시틴, 트로메타민, 잔탄검, 프로판다이올, 에틸헥실글리세린, 아데노신, 덱스트린, 카카오씨추출물, 소듐하이알루로네이트, 소듐파이테이트, 락토바실러스/호박열매발효여과물, 쿠티박테리움 그라눌로숨발효추출여과물(5ppm), 카페인, 에델바이스캘러스배양추출물, 꽈리꽃받침추출물, 하이드롤라이즈드알진, 흑효모발효물, 에피갈로카테킨갈레이트, 벤질글라이콜, 하이드롤라이즈드글라이코사미노글리칸, 아시아티코사이드, 아시아틱애씨드, 마데카식애씨드, 하이드록시프로필트라이모늄하이알루로네이트, 소듐하이알루로네이트크로스폴리머, 하이드롤라이즈드하이알루로닉애씨드, 소듐아세틸레이티드하이알루로네이트, 하이알루로닉애씨드, 카퍼트라이펩타이드-1, 하이드롤라이즈드소듐하이알루로네이트, 아세틸헥사펩타이드-8, 포타슘하이알루로네이트"
"A000000138710","[중요한날하루전] 웰라쥬 원데이키트 캡슐 앰플 7개입 4종 택1 (PDRN/히알/시카/토닝)","웰라쥬","","","","44300","22150","","[히알루로닉]
- 웰라쥬 리얼 에이치에이 하이드레이트 캡슐
소듐하이알루로네이트(90.95%), 알지닌, 하이드록시프로필사이클로덱스트린\

- 웰라쥬 리얼 에이치에이 하이드레이트 솔루션
정제수, 프로판다이올, 다이프로필렌글라이콜, 메틸프로판다이올, 글리세린, 글리세레스-26, 1,2-헥산다이올, 펜틸렌글라이콜, C12-14파레스-12, 소듐시트레이트, 인도멀구슬나무잎추출물, 인도멀구슬나무꽃추출물, 에틸헥실글리세린, 시트릭애씨드, 아데노신, 아이비고드열매추출물, 다이소듐이디티에이, 라벤더오일, 소듐하이알루로네이트(100ppm), 가지열매추출물, 알로에베라꽃추출물, 카프릴릭/카프릭트라이글리세라이드, 홀리바질잎추출물, 글라이코실트레할로오스, 멕시칸치아씨추출물, 약모밀추출물, 병풀추출물, 울금뿌리추출물, 참산호말추출물, 아세틸글루타민, 하이드로제네이티드레시틴, 소듐스테아로일글루타메이트, 수크로오스라우레이트, 세린, 글라이신, 알지닌, 히스티딘, 소듐피씨에이, 올레익애씨드, 리놀레익애씨드, 토코페롤, 세라마이드엔피, 벤질글라이콜, 하이드롤라이즈드글라이코사미노글리칸(28ppb), 소듐하이알루로네이트크로스폴리머(5ppb), 하이드롤라이즈드하이알루로닉애씨드(2.6ppb), 하이드록시프로필트라이모늄하이알루로네이트(0.6ppb), 하이알루로닉애씨드(0.05ppb), 소듐아세틸레이티드하이알루로네이트(0.01ppb), 리날룰

[시카 카밍]
- 웰라쥬 리얼 에이치에이 시카 카밍 캡슐
소듐하이알루로네이트, 알진, 하이드록시프로필사이클로덱스트린, 마데카소사이드(0.74%), 아시아티코사이드(0.16%)

- 웰라쥬 리얼 에이치에이 시카 카밍 솔루션
정제수, 다이프로필렌글라이콜, 프로판다이올, 부틸렌글라이콜, 펜틸렌글라이콜, 나이아신아마이드, 1,2-헥산다이올, C12-14파레스-12, 이노시톨, C12-14파레스-7, 트레할로오스, 병풀추출물(1,049ppm), 소듐시트레이트, 에틸헥실글리세린, 시트릭애씨드, 아데노신, 콥티스뿌리추출물, 글리세린, 다이소듐이디티에이, 인도멀구슬나무잎추출물, 인도멀구슬나무꽃추출물, 스페인감초뿌리추출물, 에우파토리아잎/줄기추출물, 녹차추출물, 편백잎추출물, 아이비고드열매추출물, 흰무늬엉겅퀴씨추출물, 알로에베라꽃추출물, 황금추출물, 호장근뿌리추출물, 가지열매추출물, 소엽잎추출물, 프로폴리스추출물, 닥나무뿌리추출물, 홀리바질잎추출물, 하이드로제네이티드레시틴, 흰버드나무껍질추출물, 눈빛승마추출물, 마데카소사이드(6,000ppb), 마트리카리아꽃추출물, 로즈마리잎추출물, 카프릴릭/카프릭트라이글리세라이드, 베타-글루칸, 울금뿌리추출물, 참산호말추출물, 소듐스테아로일글루타메이트, 병풀잎추출물(2,500ppb), 수크로오스라우레이트, 아시아티코사이드(1,500ppb), 달맞이꽃추출물, 히스티딘, 글라이신, 세린, 알진, 리놀레산, 토코페롤, 벤질글라이콜, 하이드롤라이즈드글라이코사미노글리칸, 소듐하이알루로네이트, 소듐하이알루로네이트크로스폴리머, 하이드롤라이즈드하이알루로닉애씨드, 하이드록시프로필트라이모늄하이알루로네이트, 소듐아세틸레이티드하이알루로네이트, 하이알루로닉애씨드


[골드 콜라겐]
- 웰라쥬 리얼 에이치에이 바이오 리프트 캡슐
소듐하이알루로네이트, 하이드롤라이즈드콜라겐, 에틸헥실올리베이트, 알진, 올리브오일피이지-7에스터

- 웰라쥬 리얼 에이치에이 바이오 리프트 솔루션 [주름개선 기능성 화장품]
정제수, 글리세린, 부틸렌글라이콜, 글리세레스-26, 1,2-헥산다이올, 아이리쉬모스추출물, 콜라겐추출물, 사탕수수추출물, 카카오씨추출물, 해바라기씨오일, 화이트루핀씨추출물, 소듐하이알루로네이트, 하이드롤라이즈드하이알루로닉애씨드, 하이알루로닉애씨드, 나이아신아마이드, 글레스-24, 소듐폴리아크릴레이트, 에틸헥실글리세린, 트로메타민, 아데노신, 덱스트린, 하이드로제네이티드레시틴, 카프릴릭/카프릭트라이글리세라이드, 소듐스테아로일글루타메이트, 수크로오스라우레이트, 알진, 글라이신, 히스티딘, 세린, 리놀레산, 토코페롤, 솔비탄라우레이트, 벤질글라이콜, 하이드롤라이즈드글라이코사미노글리칸, 하이드록시에틸셀룰로오스, 아세틸다이펩타이드-1세틸에스터, 팔미토일트라이펩타이드-5, 폴리솔베이트20, 소듐하이알루로네이트크로스폴리머, 하이드록시프로필트라이모늄하이알루로네이트, 팔미토일트라이펩타이드-1, 팔미토일테트라펩타이드-7, 소듐아세틸레이티드하이알루로네이트, 잔탄검, 카보머, 다이소듐이디티에이, 페녹시에탄올, 금 (CI77480)

[PDRN]
- 웰라쥬 하이퍼 피디알엔 스킨부스터 캡슐
소듐하이알루로네이트, 하이드록시프로필사이클로덱스트린, 소듐디엔에이(100,000ppm), 알지닌

- 웰라쥬 하이퍼 피디알엔 스킨부스터 솔루션
정제수, 프로판다이올, 다이프로필렌글라이콜, 1,2-헥산다이올, 나이아신아마이드, 다이에톡시에틸석시네이트, 메틸프로판다이올, 글리세린, 글리세레스-26, 펜틸렌글라이콜, 부틸렌글라이콜, 소듐시트레이트, 에틸헥실글리세린, 폴리쿼터늄-51, 하이드로제네이티드레시틴, 실버위드추출물, 시트릭애씨드, 아데노신, 귀리가루추출물, 아티초크잎추출물, 다이소듐이디티에이, 베타-글루칸, 녹차수, 병풀추출물, 무화과추출물, 셀룰로오스검, 판테놀, 세라마이드엔피, 소듐파이테이트, 소듐하이알루로네이트, 카보머, 토코페롤, 소듐디엔에이(0.5ppm), 하이드롤라이즈드콜라겐, 수크로오스다이스테아레이트, 카프릴릭/카프릭트라이글리세라이드, 하이드록시프로필사이클로덱스트린, 팔미토일펜타펩타이드-4"
"A000000141301","[수분보습] 디오디너리 아미노 애씨즈 + B5 30ml","디오디너리","30.0","30.0","ml","","14000","4666.7","정제수, 프로판다이올, 베타인, 소듐피씨에이, 판테놀, 소듐락테이트, 알지닌, 피씨에이, 아스파틱애씨드, 글라이신, 알라닌, 세린, 트레오닌, 발린, 프롤린, 아이소류신, 라이신에이치씨엘, 히스티딘, 페닐알라닌, 글루타믹애씨드, 시트릭애씨드, 다이메틸아이소소바이드, 폴리솔베이트20, 트라이소듐에틸렌다이아민다이석시네이트, 1,2-헥산다이올, 카프릴릴글라이콜"
"A000000141307","[수분보습] 디오디너리 마린 히알루로닉스 30ml","디오디너리","30.0","30.0","ml","","14000","4666.7","정제수, 글리세린, 조류추출물, 슈도알테로모나스엑소폴리사카라이드, 슈도알테로모나스발효추출물, 안펠티옵시스 콩킨나추출물, 알지닌, 글라이신, 알라닌, 세린, 발린, 아이소류신, 프롤린, 트레오닌, 히스티딘, 페닐알라닌,
아스파틱애씨드, 피씨에이, 소듐피씨에이, 소듐락테이트, 살리실릭애씨드, 시트릭애씨드, 프로판다이올, 다이메틸아이소소바이드, 에톡시다이글라이콜, 폴리솔베이트20, 포타슘솔베이트, 소듐살리실레이트, 소듐벤조에이트,
헥실렌글라이콜, 1,2-헥산다이올, 페녹시에탄올, 카프릴릴글라이콜."
"A000000141323","[브라이트닝] 디오디너리 아스코빌 글루코사이드 솔루션 12% 30ml","디오디너리","30.0","30.0","ml","","22500","7500.0","정제수,아스코빌글루코사이드,프로판다이올,아미노메틸프로판올,트라이에탄올아민,아이소세테스-20,잔탄검,다이메틸아이소소바이드,에톡시다이글라이콜,트라이소듐에틸렌다이아민다이석시네이트,1,2-헥산다이올,카프릴릴글라이콜"
"A000000141711","DR다룸 아크10 스팟 젤 10ml","다룸","10.0","10.0","ml","12000","8400","8400.0","정제수@부틸렌글라이콜@프로판다이올@에탄올@1,2-헥산다이올@다이메틸설폰@폴리글리세릴-10라우레이트@암모늄아크릴로일다이메틸타우레이트/브이피코폴리머@아크릴레이트/C10-30알킬아크릴레이트크로스폴리머@트로메타민@도금양열매추출물@에틸헥실글리세린@흰버드나무껍질추출물@오레가노잎추출물@편백잎추출물@자일리틸글루코사이드@티트리잎오일@다이소듐이디티에이@안하이드로자일리톨@락토바실러스/콩발효추출물@육계나무껍질추출물@황금추출물@쇠비름추출물@자일리톨@소듐시트레이트@시트릭애씨드@글루코오스@대왕송잎추출물@당느릅나무뿌리추출물@달맞이꽃추출물@칡뿌리추출물"
"A000000144051","폴라초이스 스킨 퍼펙팅 8% 아하 젤 각질제거제 100ml","폴라초이스","100.0","100.0","ml","","59000","5900.0","정제수, 글라이콜릭애씨드, 소듐하이드록사이드, 마트리카리아꽃추출물, 알로에베라잎즙, 유차나무잎추출물, 소듐하이알루로네이트, 판테놀, 소듐피씨에이, 프로필렌글라이콜, 부틸렌글라이콜, 하이드록시에틸셀룰로오스, 폴리쿼터늄-10, 페녹시에탄올, 소듐벤조에이트"
"A000000144119","[수분광] 애즈이즈투비 마린 콜라겐 81 세럼 50ml","애즈이즈투비","50.0","50.0","ml","","36000","7200.0","하이드롤라이즈드콜라겐(81%), 정제수, 글리세린, 프로판다이올, 1,2-헥산다이올, 나이아신아마이드, 녹차추출물, 로즈마리잎추출물, 마트리카리아꽃추출물, 병풀추출물, 스페인감초추출물, 호장근뿌리추출물, 황금추출물, 에탄올, 부틸렌글라이콜, 스클레로튬검, 참마뿌리추출물, 흰목이버섯추출물, 하이드로제네이티드레시틴, 베타인, 트레할로스, 판테놀, 벤질글라이콜, 소듐아세틸레이티드하이알루로네이트, 소듐하이알루로네이트,소듐하이알루로네이트크로스폴리머, 하늘따리뿌리추출물, 하이드록시프로필트라이모듐하이알루로네이트, 하이드롤라이즈드글라이코사미노글리칸, 하이드롤라이즈드하이알루로닉애씨드, 하이알루로닉애씨드,아세틸헥사펩타이드-8, 알란토인, 에틸헥실글리세린, 잔탄검, 베르가모트오일"
"A000000145499","엠도씨 화이트닝 톤업 크림 (본품50ml+20ml 추가 증정)","엠도씨","50.0","70.0","ml","25000","22500","3214.3","쌀겨추출물,부틸렌글라이콜,글리세린,다이메티콘,나이아신아마이드,티타늄디옥사이드,사이클로펜타실록세인,알로에베라잎추출물,뽕나무껍질추출물,스페인감초뿌리추출물,녹차추출물,쇠비름추출물,자몽추출물,보스웰리아수지추출물,아스코빌테트라이소팔미테이트,알란토인,정제수,아데노신,쌀겨오일,다이메티콘올,아이소헥사데칸,폴리솔베이트80,세테아릴올리베이트,솔비탄올리에이트,솔비탄올리베이트,말토덱스트린,알루미늄하이드록사이드,트라이에톡시카프릴릴실레인,소듐아크릴레이트/소듐아크릴로일다이메틸타우레이트코폴리머,1,2-헥산다이올,카프릴하이드록사믹애씨드,다이소듐이디티에이,향료"
"A000000146938","얼트루 아임쏘리포마이스킨 릴렉싱 앰플 30ml","얼트루","30.0","30.0","ml","25000","16900","5633.3","병풀잎수, 글리세린, 메틸글루세스-20, 폴리글리세린-3, 1,2-헥산다이올, 펜틸렌글라이콜, 프로판다이올, 병풀추출물, 무화과추출물, 다시마추출물, 한련초잎추출물, 버지니아풍년화추출물, 티트리잎추출물, 약모밀추출물, 국화추출물, 연꽃꽃추출물, 라벤더꽃추출물, 마돈나백합꽃추출물, 서양수수꽃다리추출물, 장미꽃추출물, 녹차수, 베르가모트오일, 하이드로제네이티드레시틴, C12-14파레스-12, 다이프로필렌글라이콜, 알란토인, 마트리카리아꽃수, 잔탄검, 프룩토올리고사카라이드, 부틸렌글라이콜, 베타-글루칸, 하이드롤라이즈드하이알루로닉애씨드, 세라마이드엔피, 카보머, 팔미토일펜타펩타이드-4, 에틸헥실글리세린, 리모넨, 리날룰"
"A000000147121","린제이 엄청 큰 영양 멀티 앰플 (500ml)","린제이","500.0","500.0","ml","9900","8900","178.0","정제수, 다이프로필렌글라이콜, 소듐하이알루로네이트, 1,2-헥산다이올, 하이드록시아세토페논, 잔탄검, 옥틸도데세스-16, 라벤더오일, 다이소듐이디티에이, 폴리글리세릴-3메틸글루코오스다이스테아레이트, 부틸렌 글라이콜, 글리세린, 토타롤, 아스코빅애씨드, 아데노신, 다이포타슘글리시리제이트, 나이아신아마이드, 밤부사 불가리스수, 비피다발효여과물, 황금추출물, 삼백초추출물, 버지니아풍년화잎추출물, 티트리추출물, 쇠비름 추출물, 병풀추출물, 진주추출물, 갈락토미세스발효여과물, 프로판다이올, 에틸헥실글리세린"
"A000000150519","썸바이미 아하.바하.파하 30데이즈 미라클 크림 60g","썸바이미","60.0","60.0","g(약 1ml 상당으로 근사)","26100","18200","3033.3","병풀추출물, 다이프로필렌글라이콜, 글리세린, 정제수, 나이아신아마이드, 카프릴릭/카프릭트라이글리세라이드, 세틸에틸헥사노에이트, 티트리잎수, 피마자씨오일, 하이드로제네이티드캐스터오일, 인도멀구슬나무잎추출물, 인도멀구슬나무꽃추출물, 아이비고드열매추출물, 가지열매추출물, 알로에베라꽃추출물, 홀리바질잎추출물, 울금뿌리추출물, 참산호말추출물, 포트마리골드꽃추출물, 녹차추출물, 라벤더추출물, 로즈마리추출물, 오레가노꽃/잎/줄기추출물, 타임추출물, 프룩탄, 다발방패버섯추출물, 흰버드나무껍질추출물(1,000 ppm), 에난티아 클로란타껍질추출물, 에스큘렌타렌즈콩씨추출물, 버지니아풍년화추출물, 약모밀추출물, 병풀잎추출물, 황련추출물, 사카라이드아이소머레이트, 소듐하이알루로네이트, 부틸렌글라이콜, 프로판다이올, 베타인, 알란토인, 마데카소사이드, 마데카식애씨드, 아시아티코사이드, 아시아틱애씨드, 아데노신, 세라마이드엔피, 올레아놀릭애씨드, 카프릴로일살리실릭애씨드, 이눌린라우릴카바메이트, 폴리글리세릴-3메틸글루코오스다이스테아레이트, 세테아릴글루코사이드, 솔비탄올리베이트, 세테아릴알코올, 락토바이오닉애씨드(100 ppm), 시트릭애씨드(11 ppm), 암모늄아크릴로일다이메틸타우레이트/브이피코폴리머, 1,2-헥산다이올, 벤질글라이콜, 에틸헥실글리세린, 라즈베리케톤, 다이소듐이디티에이, 페퍼민트오일, 리모넨"
"A000000150817","[긴급스팟진정] 아크네스 스팟 클리어 크림 패치 18g","아크네스","18.0","18.0","g(약 1ml 상당으로 근사)","15000","7500","4166.7","정제수*, 하이드록시프로필스타치, 설퍼콜로이드, 부틸렌글라이콜*, 변성알코올, 소듐카복시메틸스타치, 칼라민, 1,2-헥산다이올*, 아라비아고무나무검, 메틸프로판다이올, 시트릭애씨드, 에틸헥실글리세린, 잔탄검, 쇠비름추출물, 레시틴, 글리세린*, 판테놀, 스쿠알란*, 퀸즈랜드넛오일*, 티트리잎추출물, 펜틸렌글라이콜, 알루미늄수크로오스옥타설페이트*, 유채스테롤*, 콜레스테롤*, 폴리글리세릴-10올리에이트*, 피토스테릴/베헤닐/옥틸도데실라우로일글루타메이트*, 소듐서팩틴*, 병풀추출물, 셀룰로오스*, 약모밀추출물, 프로판다이올, 소듐하이알루로네이트크로스폴리머, 하이드로제네이티드레시틴*, 하이드롤라이즈드글라이코사미노글리칸, 소듐하이알루로네이트, 소듐하이드록사이드, 토코페롤, 벤질글라이콜, 하이드롤라이즈드하이알루로닉애씨드, 다이소듐이디티에이*, 징크옥사이드*, 하이알루로닉애씨드, 라즈베리케톤"
"A000000152102","[코어탄력세럼] 아이소이 인텐시브 리프팅 세럼 20ml 기획 (20ml+탄력스팟 3ml)","아이소이","20.0","43.0","ml","32000","24000","5581.4","정제수, 글리세린 에탄올(식물발효), 세틸에틸헥사노에이트, 카프릴릭/카프릭트라이글리세라이드, 베타인, 알부틴, 트레할로오스, 아라키딜알코올, 베헤닐알코올, 아라키딜글루코사이드, 다마스크장미꽃오일, 메도우폼씨오일, 알란토인, 판테놀, 알지닌, 카보머, 잔탄검, 아데노신, 황금추출물, 모란뿌리추출물, 스페인감초뿌리추출물, 포트마리골드꽃추출물, 황련뿌리추출물, 팔미토일트라이펩타이드-5, 밤껍질추출물, 아세로라추출물, 몰로키아잎추출물, 브로콜리추출물, 로즈마리추출물, 니아울리나무잎오일, 마트리카리아꽃/잎추출물, 병풀추출물"
"A000000152786","엠브리올리스 하이드라 세럼 30ml","엠브리올리스","30.0","30.0","ml","47000","39950","13316.7","정제수, 글리세린, 프로판다이올, 부틸렌글라이콜, 하이드로제네이티드스타치하이드롤리세이트, 소듐아크릴레이트코폴리머, 레시틴, 향료, 포타슘솔베이트, 소듐하이알루로네이트, 소듐벤조에이트, 소듐파이테이트, 시트릭애씨드, 바이오사카라이드검-2, 알바수련꽃추출물, 리모넨"
"A000000153412","닥터자르트 포어레미디 파하 익스폴리에이팅 세럼 30ml","닥터자르트","30.0","30.0","ml","","47000","15666.7","정제수, 퀸즈랜드넛오일*, 글루코노락톤 (7%), 프로판다이올, 변성알코올, 판테놀, 1,2-헥산다이올, 트로메타민, 부틸렌글라이콜, 에틸헥실글리세린, 아데노신, 판토락톤, 스피어민트잎오일, 유칼립투스잎오일, 페퍼민트오일글라이코프로테인, 다이소듐이디티에이"
"A000000153913","싸이닉 더 심플 릴리프 수분크림 더블 기획 (80ml+80ml)","싸이닉","80.0","160.0","ml","","18000","1125.0","정제수, 글리세린, 부틸렌글라이콜, 카프릴릭/카프릭트라이글리세라이드, 1,2-헥산다이올, 카보머, 알지닌, 아크릴레이트/C10-30알킬아크릴레이트크로스폴리머, 암모늄폴리아크릴로일다이메틸타우레이트, 에틸헥실글리세린, 잔탄검, 하이드록시에틸아크릴레이트/소듐아크릴로일다이메틸타우레이트코폴리머, 다이소듐이디티에이, 알란토인, 판테놀, 솔비탄아이소스테아레이트, 병풀추출물, 알바수련꽃추출물, 다이프로필렌글라이콜, 소듐하이알루로네이트, 사이클로덱스트린, 마데카소사이드, 보검선인장줄기추출물"
"A000000154263","[민감피부진정] 앰플엔 센텔카밍샷 시카진정앰플 100ml","앰플엔","100.0","100.0","ml","23900","20320","2032.0","정제수, 부틸렌글라이콜, 글리세린, 폴리글리세린-3, 1,2-헥산다이올, 베타-글루칸, 다이프로필렌글라이콜, 녹두씨추출물, 마트리카리아꽃추출물, 병풀캘러스배양액, 병풀추출물, 스페인감초뿌리추출물, 알란토인, 마데카소사이드, 돌콩싹추출물, 다이포타슘글리시리제이트, 알지닌, 소듐하이알루로네이트, 하이알루로닉애씨드, 오죽즙, 소리쟁이뿌리추출물, 만주자작나무수액, 겨우살이추출물, 옥틸도데세스-16, 폴리쿼터늄-51, 암모늄아크릴로일다이메틸타우레이트/브이피코폴 리머, 카프릴릭/카프릭트라이글리세라이드, 시트릭애씨드, 다이소듐이디티에이 * 병풀줄기세포(캘러스)배양액 2,500ppm"
"A000000154626","달팡 인트랄 액티브 스태빌라이징 로션 100ml","달팡","100.0","100.0","ml","108000","107730","10773.0","정제수,세테아릴아이소노나노에이트,프로판다이올,글리세릴올리에이트시트레이트,참깨오일,C9-12알케인,하이드록시프로필스타치포스페이트,글리세린,부틸렌글라이콜,해바라기씨오일,토코페릴아세테이트,레스베라트롤,판테놀,스위트아몬드오일,모노기나산사꽃추출물,카페인,소듐하이알루로네이트,다이포타슘글리시리제이트,해바라기씨추출물,테트라헥실데실아스코베이트,살리실릭애씨드,겔리디엘라 아케로사추출물,돌콩추출물,수박추출물,에스큘렌타렌즈콩추출물,코코넛야자오일,사과추출물,락토바실러스발효물,코르크참나무껍질추출물,모란뿌리추출물,오크뿌리추출물,아세틸글루코사민,호호바씨오일,카프릴릭/카프릭트라이글리세라이드,프로필렌글라이콜다이카프레이트,갈고리가시우무추출물,콜레스테롤,소듐스테아로일글루타메이트,프로필렌글라이콜카프릴레이트,코코-카프릴레이트/카프레이트,스쿠알란,에틸헥실글리세린,마트리카리아추출물,보리추출물,밀배아추출물,소듐락테이트,알테로모나스발효추출물,소듐피씨에이,오이열매추출물,슈가켈프추출물,잔탄검,카프릴릴글라이콜,헥실렌글라이콜,향료,테트라소듐이디티에이,비에이치티,포타슘솔베이트,소듐벤조에이트,페녹시에탄올,적색504호"
"A000000154959","제이엠솔루션 릴리프 약산성 약쑥 앰플 50ml","제이엠솔루션","50.0","50.0","ml","","38000","7600.0","쑥잎추출물(913,481.7 ppm), 메틸프로판다이올, 1,2-헥산다이올, 글리세린, 자작나무수액, 소듐하이알루로네이트, 아크릴레이트/C10-30알킬아크릴레이트크로스폴리머, 알란토인, 판테놀, 트로메타민, 잔탄검, 다이소듐이디티에이, 에틸헥실글리세린"
"A000000155193","닥터자르트 포어레미디 파하 익스폴리에이팅 세럼 (본품30ml+15ml 추가 증정)","닥터자르트","30.0","45.0","ml","47000","17900","3977.8","정제수, 퀸즈랜드넛오일*, 글루코노락톤 (7%), 프로판다이올, 변성알코올, 판테놀, 1,2-헥산다이올, 트로메타민, 부틸렌글라이콜, 
에틸헥실글리세린, 아데노신, 판토락톤, 스피어민트잎오일, 유칼립투스잎오일, 페퍼민트오일글라이코프로테인, 다이소듐이디티에이"
"A000000156042","[트러블케어] 스킨푸드 미나리 스매싱 파우더 15ml","스킨푸드","15.0","15.0","ml","16000","11200","7466.7","에탄올, 미나리추출물, 정제수, 징크옥사이드, 티타늄디옥사이드, 글리세린, 티트리잎추출물, 나이아신아마이드, 병풀추출물, 살비아잎추출물, 마트리카리아추출물, 다이포타슘글리시리제이트, 살리실릭애씨드, 알란토인, 에틸헥실글리세린, 판테놀. 1,2-헥산다이올, 프로판다이올, 인도멀구슬나무잎추출물, 티트리잎오일, 올리브오일, 광곽향오일, 인도멀구슬나무꽃추출물, 포스포리피드, 라반딘오일, 살비아오일, 불가리스쑥오일, 오렌지껍질오일, 도금양열매추출물, 류코노스톡/무발효여과물, 판토테닉애씨드, 리모넨, 리날룰"
"A000000158292","앰플엔 세라마이드샷 앰플 100ml","앰플엔","100.0","100.0","ml","","18900","1890.0","정제수, 부틸렌글라이콜, 글리세린, 프로판다이올, 다이글리세린, 베타-글루칸, 1,2-헥산다이올, 나이아신아마이드, 베타인, 메틸글루세스-20, 트레할로오스, 옥틸도데칸올, 아데노신, 연교추출물, 하이드로제네이티드레시틴, 세라마이드3, 알지닌, 알란토인, 유채스테롤, 콜레스테롤, 세라마이드2, 세라마이드1, 자일리틸글루코사이드, 하이드록시에틸아크릴레이트/소듐아크릴로일다이메틸타우레이트코폴리머, 무수자일리톨, 잔탄검, 카보머, 자일리톨, 카프릴릴글라이콜, 마카다미아씨오일, 카프릴릭/카프릭트라이글리세라이드, 피토스테릴/베헤닐/옥틸도데실라우로일글루타메이트, 폴리글리세릴-10올리에이트, 세틸포스페이트, 다이소듐이디티에이"
"A000000158305","잇츠스킨 파워 10 포뮬라 브이씨 이펙터 잡티케어 30ml *","잇츠스킨","30.0","30.0","ml","15400","10780","3593.3","토마토추출물, 정제수, 글리세린, 부틸렌글라이콜, 나이아신아마이드, 인도멀구슬나무잎추출물, 소듐하이알루로네이트, 인도멀구슬나무꽃추출물, 울금뿌리추출물, 홀리바질잎추출물, 센티드제라늄꽃오일, 소듐아스코빌포스페이트, 아스코빅애씨드, 참산호말추출물, 폴리글리세릴-4카프레이트, 암모늄아크릴로일다이메틸타우레이트/브이피코폴리머, 폴리아크릴레이트크로스폴리머-6, 1,2-헥산다이올, 소듐시트레이트, 카프릴릴/카프릴글루코사이드, 폴리글리세릴-10라우레이트, 소듐파이테이트, 시트릭애씨드, 폴리글리세릴-10올리에이트, t-부틸알코올, 오렌지껍질오일, 필리핀오렌지껍질오일, 콘민트오일, 리모넨"
"A000000158309","믹순 순디 병풀 에센스 100ml","믹순","100.0","100.0","ml","","32000","3200.0","정제수,부틸렌글라이콜, 병풀추출물 100,000ppm"
"A000000158311","믹순 갈락토미세스 발효 에센스 100ml","믹순","100.0","100.0","ml","","32000","3200.0","갈락토미세스발효여과물 100%"
"A000000158312","믹순 비피다 발효 에센스 100ml","믹순","100.0","100.0","ml","","32000","3200.0","정제수,부틸렌글라이콜, 비피다발효추출물 100,000ppm, 글리세린"
"A000000158929","[수분잠금/워터젤에센스] 빌리프 뉴메로 10 에센스 75ml","빌리프","75.0","75.0","ml","39000","29900","3986.7","정제수, 글리세린, 변성알코올, 다이프로필렌글라이콜, 부틸렌글라이콜, 1,2-헥산다이올, 트레할로오스, 바위손추출물*, 귀리커넬추출물+, 포트마리골드꽃추출물+, 개박하추출물+, 라즈베리잎추출물+, 와일드인디고뿌리추출물+, 별꽃추출물+, 레이디스맨틀잎추출물**, 삼색제비꽃추출물**, 다마스크장미꽃추출물**, 메도우스위트꽃추출물**, 마시멜로뿌리추출물**, 베타인, 판테놀, 아이리쉬모스추출물, 암모늄아크릴로일다이메틸타우레이트/브이피코폴리머, 피이지-40하이드로제네이티드캐스터오일, 옥틸도데세스-16, 카보머, 글리세릴아크릴레이트/아크릴릭애씨드코폴리머, 소듐폴리아크릴레이트, 트로메타민, 트라이소듐이디티에이, 오렌지껍질오일++, 라임전초오일++, 로즈마리잎오일++, 센티드제라늄꽃오일++, 리모넨, 시트로넬올, 제라니올, 시트랄, 리날룰 (*표시: 부활초 추출물, +표시: Napiers original formula, **표시: Napiers moisture formula, ++표시: 식물 유래 향)"
"A000000159225","[민낯광채/겉광속쫀] 달바 더블 레이어 리바이탈라이징 세럼 30ml","달바","30.0","60.0","ml","","62000","10333.3","정제수, 해바라기씨오일, 부틸렌글라이콜, 다이프로필렌글라이콜, 1,2-헥산다이올, 마카다미아씨오일, 흰서양송로추출물(10,000ppm), 토코페롤, 카프릴릭/카프릭트라이글리세라이드, 동백나무씨오일, 달맞이꽃오일, 올리브오일, 아보카도오일, 메도우폼씨오일, 알지닌, 카보머, 베타인, 판테놀, 토코페릴아세테이트, 자작나무수액, 프로방스장미꽃수, 에틸헥실글리세린, 글리세린, 돌콩오일, 다이포타슘글리시리제이트, 다이소듐이디티에이, 비타민나무열매오일, 하이드록시에틸우레아, 알로에베라잎추출물, 아데노신, 펜타에리스리틸테트라-다이-t-부틸하이드록시하이드로신나메이트, 비피다발효용해물, 오크라열매추출물, 하이드롤라이즈드하이알루로닉애씨드, 소듐하이알루로네이트, 소듐팔미토일프롤린, 아나토씨오일, 바질꽃/잎/줄기추출물, 마트리카리아꽃추출물, 히비스커스꽃추출물, 라벤더꽃추출물, 레몬밤잎추출물, 페퍼민트잎추출물, 애플민트잎추출물, 베르가못잎추출물, 프로방스장미꽃추출물, 로즈마리잎추출물, 살비아잎추출물, 병풀추출물, 포타슘솔베이트, 데이지꽃추출물, 클로페네신, 프리지어추출물, 약모밀추출물, 에델바이스추출물, 마돈나백합꽃추출물, 뽕나무껍질추출물, 연꽃꽃추출물, 인삼추출물, 사우수레아인볼루크라타추출물, 귀리커넬추출물, 멕시칸치아씨추출물, 알바수련꽃추출물, 향료"
"A000000160531","[화잘먹매끈결앰플] 나인위시스 하이드라 크림 앰플 더블 기획 (30ml+30ml)","나인위시스","30.0","60.0","ml","","21900","3650.0","-하이드라 크림앰플(30ml)
코코넛야자열매수,부틸렌글라이콜,글리세린,정제수,카프릴릭/카프릭트라이글리세라이드,폴리글리세릴-10스테아레이트,소듐하이 알루로네이트,바오밥나무씨추출물,펜타에리스리틸테트라에틸헥사노에이트,세테아릴알코올,알로에베라잎추출물,시어버터,1,2-헥산다이올,접시꽃추출물,드럼스틱씨오일,비피다발효여과물,락토코쿠스발효물,락토바실러스발효물,자이언트켈프추출물,하이알루로닉애씨드,하이드록시프로필트라이모늄하이알루로네이트,하이드롤라이즈드하이알루로닉애씨드,하이드롤라이즈드소듐하이알루로네이트,소듐아세틸레이티드하이알루로네이트,하이드롤라이즈드글라이코사미노글리칸,소듐하이알루로네이트크로스폴리머,다이메틸실란올하이알루로네이트,포타슘하이알루로네이트,카프릴릴글라이콜,펜틸렌글라이콜,스페인감초뿌리추출물,루이보스추출물,카보머,알지닌,하이드로제네이티드레시틴,잔탄검,알란토인,다이포타슘글리시리제이트,에틸헥실글리세린,소엽잎추출물,몰약수지추출물,모하비유카뿌리추출물"
"A000000162635","[촉촉광채/톤리셋] 가히 블레미쉬 앰플 30ml","가히","30.0","30.0","ml","","50400","16800.0","정제수, 글리세린, 락토바실러스/호밀가루발효물, 락토바실러스/소이밀크발효여과물, 바실러스/ 소이빈발효추출물, 다이프로필렌글라이콜, 프로판다이올, 트라넥사믹애씨드, 1,2-헥산다이올, 나이아신아마이드, 클로렐라 불가리스추출물, 소듐하이알루로네이트, 인도멀구슬나무꽃추출물, 인도멀구슬나무잎추출물, 울금뿌리추출물, 홀리바질잎추출물, 참산호말추출물, 하이드롤라이즈 드콜라겐, 타라열매추출물, 코토니추출물, 접시꽃추출물, 하이알루로닉애씨드, 하이드롤라이즈드 하이알루로닉애씨드, 메틸글루세스-20, 콜레스-24, 글루코오스, 부틸렌글라이콜, 프룩토올리고사 카라이드, 프룩토오스, 카프릴릴글라이콜, 소듐폴리아크릴로일다이메틸타우레이트, 트로메타민, 에틸헥실글리세린, 아데노신, 바이오사카라이드검-1, 소듐파이테이트, 사이아노코발아민, 폴릭애 씨드, 판토테닉애씨드, 피리독신, 티아민에이치씨엘, 토코페롤, 하이드록시데실유비퀴논, 리보플 라빈, 수용성프로테오글리칸, 소듐디엔에이, 하이드롤라이즈드소듐하이알루로네이트, 하이드록 시프로필트라이모늄하이알루로네이트, 피이지-9다이글리시딜에터/소듐하이알루로네이트크로 스폴리머, 포타슘하이알루로네이트, 소듐아세틸레이티드하이알루로네이트, 다이메틸실란올하이 알루로네이트, 카보머, 소듐벤조에이트, 향료"
"A000000162783","[수분진정/젤세럼] 원씽 병풀 수분 세럼 80ml","원씽","80.0","80.0","ml","17900","14900","1862.5","정제수, 다이글리세린, 폴리글리세린-3, 부틸렌글라이콜, 글리세린, 1,2-헥산다이올, 병풀잎추출물, 트레할로오스, 아크릴레이트/C10-30알킬아크릴레이트크로스폴리머, 소듐하이알루로네이트, 프로판다이올, 폴리글리세릴-10라우레이트, 알란토인, 소듐시트레이트, 에틸헥실글리세린, 시트릭애씨드, 잔탄검, 글리세릴아크릴레이트/아크릴릭애씨드코폴리머, 다이소듐이디티에이, 피브이엠/엠에이코폴리머, 하이드록시프로필트라이모늄하이알루로네이트, 소듐아세틸레이티드하이알루로네이트, 마데카소사이드, 하이드롤라이즈드하이알루로닉애씨드, 아시아티코사이드, 하이알루로닉애씨드, 소듐하이알루로네이트크로스폴리머, 하이드롤라이즈드소듐하이알루로네이트, 마데카식애씨드, 아시아틱애씨드, 포타슘하이알루로네이트"
"A000000163735","[나띠PICK][보습장벽] 더마펌 바이오 코렉션 앰플 세라-드롭 M4 50ml","더마펌","50.0","50.0","ml","","33000","6600.0","정제수, 글리세린, 프로판다이올, 1,2-헥산다이올, 스쿠알란, 사이클로헥사실록세인, 베타인,
글리세릴글루코사이드, 판테놀, C14-22알코올, 세테아릴올리베이트, 암모늄아크릴로일다이메틸타우레이트/브이피코폴리머, 솔비탄올리베이트, 소듐폴리아크릴로일다이메틸타우레이트, 부틸렌글라이콜, 알란토인, 
C12-20알킬글루코사이드, 에틸헥실글리세린, 다이소듐이디티에이, 카프릴릭/카프릭트라이글리세라이드,
소듐하이알루로네이트, 병풀추출물, 하이드로제네이티드포스파티딜콜린, 갈락토아라비난, 폴리글리세릴-10라우레이트, 벤질글라이콜, 하이드롤라이즈드글라이코사미노글리칸, 세라마이드엔피, 자일리톨, 글루코오스,
카프릴릭애씨드, 소듐하이알루로네이트크로스폴리머, 카프릴릴글라이콜, 하이드롤라이즈드하이알루로닉애씨드,
팔미토일트라이펩타이드-1, 프로폴리스추출물, 하이드록시프로필트라이모늄하이알루로네이트,
아시아티코사이드, 올레익애씨드, 마데카소사이드, 마데카식애씨드, 아시아틱애씨드, 하이알루로닉애씨드,
소듐아세틸레이티드하이알루로네이트, 올리고펩타이드-1"
"A000000164310","달팡 인트랄 이너유쓰 레스큐 세럼 30ml","달팡","30.0","30.0","ml","98000","97750","32583.3","정제수,부틸렌글라이콜,글리세린,소듐하이알루로네이트,판테놀,레스베라트롤,모란뿌리추출물,마트리카리아추출물,모노기나산사꽃추출물,수박추출물,카페인,호장근뿌리추출물,살리실릭애씨드,녹차추출물,겔리디엘라 아케로사추출물,알테로모나스발효추출물,에스큘렌타렌즈콩추출물,사과추출물,제주이질풀추출물,노티드랙추출물,락로즈꽃/잎/줄기추출물,아스파라곱시스 아르마타추출물,힙네아 무스키포르미스추출물,솔비톨,효모용해추출물,소듐락테이트,프로필렌글라이콜카프릴레이트,소듐피씨에이,셀룰로오스검,잔탄검,시트릭애씨드,소듐설페이트,카프릴릴글라이콜,피이지-40하이드로제네이티드캐스터오일,향료,다이소듐이디티에이,포타슘솔베이트,페녹시에탄올,소듐벤조에이트,클로페네신,적색504호,자색401호,적색227호,청색1호,황색4호 
제공된 성분은 동일 제품이라도 경우에 따라 변경될 수 있습니다. 최신정보는 제품 포장의 성분을 참고하시거나 본사 고객관리지원팀으로 연락 부탁 드립니다."
"A000000165622","CKD 레티노콜라겐 저분자 300 콜라겐 펌핑 앰플 30ml","CKD","30.0","30.0","ml","","34000","11333.3","정제수, 글리세린, 부틸렌글라이콜, 프로판다이올, 베타인, 카프릴릭/카프릭트라이글리세라이드, 1,2-헥산다이올, 메틸프로판다이올, 나이아신아마이드, 판테놀, 하이드롤라이즈드콜라겐(6,016ppm), 메틸글루세스-10, 폴리글리세릴-10라우레이트, 스쿠알란, 하이드로제네이티드레시틴, 다이에톡시에틸석시네이트, 암모늄아크릴로일다이메틸타우레이트/브이피코폴리머, 카보머, 트로메타민, 다이페닐다이메티콘, 트라이에틸헥사노인, 에틸헥실글리세린, 마카다미아씨오일, 폴리쿼터늄-51, 아데노신, 다이포타슘글리시리제이트, 실리카, 베르가모트오일, 글리세릴아크릴레이트/아크릴릭애씨드코폴리머, 소듐하이알루로네이트, 라벤더오일, 알란토인, 소듐파이테이트, 콜레스테롤, 유채스테롤, 피이지-5레이프씨드스테롤, 레틴알(50ppm), 소듐하이알루로네이트크로스폴리머, 클레리오일, 세테스-3, 세테스-5, 하이드롤라이즈드글라이코사미노글리칸, 토코페롤, 알루미늄/마그네슘하이드록사이드스테아레이트, 토코페릴아세테이트, 글라이신, 포타슘세틸포스페이트, 세린, 글루타믹애씨드, 펜타에리스리틸테트라-다이-t-부틸하이드록시하이드로신나메이트, 벤질글라이콜, 아스파틱애씨드, 류신, 팔미토일트라이펩타이드-5, 다이프로필렌글라이콜, 알라닌, 라이신, 알지닌, 타이로신, 페닐알라닌, 프롤린, 트레오닌, 발린, 아이소류신, 하이드롤라이즈드하이알루로닉애씨드, 히스티딘, 시스테인, 메티오닌, 다이소듐이디티에이, 펜틸렌글라이콜, 하이드롤라이즈드엘라스틴, 카프릴릴/카프릴글루코사이드, 하이알루로닉애씨드, 다이포타슘포스페이트, 아세틸글루타민, 풀루란, 세라마이드엔피, 셀룰로오스검, 리모넨, 리날룰"
"A000000168272","미구하라 울트라 화이트닝 퍼스트 에센스 오리진 120ml","미구하라","120.0","120.0","ml","39000","33150","2762.5","정제수, 글리세린, 1,2-헥산다이올, 나이아신아마이드, 베타인, 부틸렌글라이콜, 판테놀, 글리세레스-25피씨에이아이소스테아레이트, 잔탄검, 다이포타슘글리시리제이트, 맥아추출물, 자몽껍질오일, 소듐하이알루로네이트, 카프릴릭/카프릭트라이글리세라이드, 하이드롤라이즈드하이알루로닉애씨드, 베타-글루칸, 진흙버섯추출물, 카프릴릴글라이콜, 오렌지껍질오일, 소듐아세틸레이티드하이알루로네이트, 멕시칸주니퍼오일, 고수열매오일, 스피어민트잎오일, 락토바실러스/쌀발효물, 페퍼민트잎추출물, 노니열매추출물, 매실추출물, 사막장미잎세포추출물, 오이열매추출물, 병풀추출물, 녹차추출물, 키위추출물, 알로에잎추출물, 카룸 페트로셀리눔추출물, 케일잎추출물, 바오밥나무씨추출물, 티트리추출물, 아티초크잎추출물, 오죽잎추출물, 브루셀스프라우트추출물, 멜론추출물, 라임추출물, 효모베타-글루칸, 다시마추출물, 리모넨"
"A000000169203","랩시리즈 데일리 레스큐 리페어 세럼 50ml","랩시리즈","50.0","50.0","ml","126000","107100","21420.0","데일리 레스큐 리페어 세럼 : 정제수 , 부틸렌글라이콜 , 비스-피이지-18메칠에텔디메칠실란 , 변성알코올 , 바이오사카라이드검-1 , 피이지-6 , 글리세린 , 아세틸헥사펩타이드-8 , 희첨추출물 , 플랑크톤추출물 , 갈조추출물 , 락토바실러스발효물 , 마이크로코쿠스용해물 , 효모추출물 , 황금추출물 , 블랙멀베리뿌리추출물 , 구기자추출물 , 아세틸글루코사민 , 덩굴월귤열매추출물 , 블루베리추출물 , 포도추출물 , 녹차추출물 , 아미노프로필아스코빌포스페이트 , 에르고치오네인 , 바이오사카라이드검-4 , 토코페릴아세테이트 , 카페인 , 나일론-12 , 트레할로스 , 소듐하이알루로네이트 , 슈크로오스 , 폴리소르베이트20 , 피이지-11메칠에텔디메치콘 , 잔탄검 , 향료 , 레시틴 , 암모늄아크릴로일디메칠타우레이트/브이피코폴리머 , 시트릭애씨드 , 실리카 , 디소듐이디티에이 , 비에이치티 , 페녹시에탄올 [ILN41645] *제공된 성분은 동일 제품이라도 경우에 따라 변경될 수 있습니다. 최신정보는 제품 포장의 성분을 참고하시거나 본사 고객관리지원팀으로 연락 부탁 드립니다."
"A000000170016","[4중 모공 개선/병풀추출물 7,793ppm] 피캄 포시카 앰플 30ml","피캄","30.0","30.0","ml","31500","20500","6833.3","병풀추출물(76.38%), 부틸렌글라이콜, 글리세린, 정제수, 프로판다이올, 1,2-헥산다이올, 나이아신아마이드, 다이프로필렌글라이콜,글리세레스-26, 카보머, 알지닌, 하이드록시에틸아크릴레이트/소듐아크릴로일다이메틸타우레이트코폴리머, 알란토인, 에틸헥실글리세린, 아데노신, 소듐하이알루로네이트, 다이소듐이디티에이, 폴리솔베이트60, 솔비탄아이소스테아레이트, 백미꽃추출물, 글리세릴아크릴레이트/아크릴릭애씨드코폴리머, 락토바실러스발효물, 하이드록시프로필트라이모늄하이알루로네이트, 포도추출물, 카프릴릭/카프릭트라이글리세라이드, 부시클로버잎/줄기추출물, 마카다미아씨오일, 감나무잎추출물, 에탄올, 호장근뿌리추출물, 커피콩추출물,잇꽃꽃추출물, 에필로비움 플레이스케리추출물, 하이드로제네이티드레시틴, 초피나무열매추출물, 밤껍질추출물, 녹차추출물, 폴리솔베이트20, 레티놀, 아시아티코사이드(0.0004%), 마데카식애씨드(0.0004%), 하이드롤라이즈드하이알루로닉애씨드, 유채스테롤, 소듐아세틸레이티드하이알루로네이트, 아시아틱애씨드(0.0002%), 콜레스테롤, 하이알루로닉애씨드, 세테스-5, 세테스-3, 토코페릴아세테이트, 알루미늄/마그네슘하이드록사이드스테아레이트, 하이드롤라이즈드소듐하이알루로네이트, 포타슘세틸포스페이트, 소듐하이알루로네이트크로스폴리머, 프로테아제, 파파인, 키토산, 시트릭애씨드, 브로멜라인, 리파아제, 포타슘하이알루로네이트"
"A000000170689","[미백잡티] 유세린 이븐래디언스 듀오 앰플 30ml","유세린","30.0","30.0","ml","","53000","17666.7","정제수,부틸렌글라이콜,나이아신아마이드,1,2-헥산다이올,프로판다이올,잔탄검,하이드로제네이티드레시틴,폴리글리세릴-10올리에이트,카보머,트로메타민,스페인감초뿌리추출물,에틸헥실글리세린,세틸알코올,다이소듐이디티에이,토코페롤"
"A000000171416","[장벽강화] 스킨앤랩 베리어덤 밀키 세럼 50ml","스킨앤랩","50.0","50.0","ml","27000","21600","4320.0","정제수, 부틸렌글라이콜, 스쿠알란, 베타인, 다이펜타에리스리틸헥사C5-9애씨드에스터, 글리세레스-26, 글리세린, 1,2-헥산다이올, 펜틸렌글라이콜, 클로렐라 불가리스추출물, 우유단백질추출물, 글루코오스, 하이드로제네이티드레시틴, 아크릴레이트/C10-30알킬아크릴레이트크로스폴리머, 프룩토올리고사카라이드, 프룩토오스, 트로메타민, 다이페닐다이메티콘, 판테놀, 트라이에틸헥사노인, 소듐다이라우미도글루타미드라이신, 에틸헥실글리세린, 시트릭애씨드, 세린, 글라이신, 레시틴, 알지닌, 히스티딘, 다이포타슘글리시리제이트, 카프릴릴글라이콜, 토코페롤, 스테아릭애씨드, 세라마이드엔피, 세라마이드엔에스, 콜레스테롤, 피토스핑고신, 세라마이드에이피, 세라마이드에이에스, 세라마이드이오피, 잔탄검, 세테아릴알코올"
"A000000172041","울트라브이 이데베논 프레스티지 앰플 3개입","울트라브이","","","","","39000","","[1제]정제수,부틸렌글라이콜,글리세린,피이지-40캐스터오일,하이드로제네이티드레시틴,카프릴릭/카프릭트라이글리세라이드,돌콩스테롤,1,2-헥산다이올,하이드록시데실유비퀴논,리모넨,베르가모트오일,토코페릴아세테이트,리날룰,시트랄 
[2제]정제수,부틸렌글라이콜,갈락토미세스발효여과물,글리세린,나이아신아마이드,1,2-헥산다이올,요엽후박나무껍질추출물,판테놀,락토바실러스발효물,병풀추출물,암모늄아크릴로일다이메틸타우레이트/브이피코폴리머,소듐하이알루로네이트,페녹시에탄올,찔레꽃열매추출물,비자나무추출물,죽절초추출물,산딸나무추출물,파초추출물,프로판다이올,에틸헥실글리세린,피브이엠/엠에이코폴리머,소듐폴리아크릴레이트,소듐하이알루로네이트크로스폴리머,아데노신,셀룰로오스검,하이드롤라이즈드글라이코사미노글리칸,폴리쿼터늄-51,서양산딸기추출물,로우스위트블루베리추출물,아사이팜열매추출물,폴리글루타믹애씨드,크랜베리추출물,빌베리열매추출물,라즈베리추출물,비치스트로베리추출물,흰목이버섯포자낭과추출물,벤질글라이콜,카프릴릴글라이콜,하이드롤라이즈드하이알루로닉애씨드,소듐디엔에이,펜틸렌글라이콜,하이드로제네이티드레시틴,소듐포스페이트,아세틸헥사펩타이드-8,락토바실러스/호밀가루발효물,락토바실러스/소이밀크발효여과물,바실러스/소이빈발효추출물,소듐클로라이드,퉁퉁마디추출물,팔미토일테트라펩타이드-7,가시오가피추출물,맥문동뿌리추출물,하이알루로닉애씨드,팔미토일트라이펩타이드-1,라즈베리케톤,카보머,아텔로콜라겐,데사미도콜라겐,사과추출물,폴리솔베이트20,소듐락테이트,하이드롤라이즈드콜라겐,알에이치-올리고펩타이드-1,수용성콜라겐,소듐아세틸레이티드하이알루로네이트,콜라겐,콜라겐아미노산,블랙체리열매추출물,판토테닉애씨드,폴릭애씨드,피리독신,티아민에이치씨엘,프로콜라겐,에스에이치-올리고펩타이드-5,사이아노코발아민,리보플라빈"
"A000000172208","수페 버치 리치 오리진 앰플 100ml","수페","100.0","100.0","ml","","34000","3400.0","만주자작나무수액(83.692%), 부틸렌글라이콜, 다이프로필렌글라이콜, 글리세레스-26, 1,2-헥산다이올, 나이아신아마이드, 알지닌, 카보머, 폴리글리세릴-10라우레이트, 폴리글리세릴-4라우레이트, 베타인, 에틸헥실글리세린, 아데노신, 향료, 소듐파이테이트, 토코페롤, 소듐하이알루로네이트, 정제수"
"A000000172209","수페 버치 리치 오리진 에센스 150ml","수페","150.0","150.0","ml","","30000","2000.0","만주자작나무수액(81.7908%), 부틸렌글라이콜, 글리세레스-26, 글리세린, 1,2-헥산다이올, 에탄올, 에틸헥실글리세린, 정제수, 아데노신, 소듐하이알루로네이트, 향료, 카프릴로일살리실릭애씨드, 잔탄검, 소듐파이테이트"
"A000000172912","[비건/잡티케어] 스킨푸드 유자씨 잡티 맑음 세럼 50ml","스킨푸드","50.0","50.0","ml","","27000","5400.0","유자추출물, 정제수, 나이아신아마이드, 다이프로필렌글라이콜, 글리세린, 1,2-헥산다이올, 소듐폴리아크릴로일다이메틸타우레이트, 피피지-13-데실테트라데세스-24, 부틸렌글라이콜, 소듐아스코빌포스페이트, 다이포타슘글리시리제이트, 알란토인, 카보머, 판테놀, 에틸헥실글리세린, 트로메타민, 베르가모트오일, 소듐파이테이트, 유자껍질추출물, 비타민나무열매추출물, 왕귤껍질오일, 소듐하이알루로네이트, 멕시칸주니퍼오일, 카라멜, 리모넨, 리날룰"
"A000000172993","[덱스 PICK]오브제 올인원 더블 에센스 100ml","오브제","100.0","200.0","ml","28900","26000","1300.0","[수딩-1제]
에키네시아추출물,부틸렌글라이콜,글리세린,나이아신아마이드,꿀추출물,병풀추출물,프로폴리스추출물,마카뿌리추출물,정제수,1,2-헥산다이올,암모늄아크릴로일다이메틸타우레이트/브이피코폴리머,C12-13알케스-9,소듐하이알루로네이트,하이드롤라이즈드하이알루로닉애씨드,하이알루로닉애씨드,카보머,에틸헥실글리세린,트로메타민,덱스트린,폴리글루타믹애씨드,아데노신,잔탄검,글리세릴글루코사이드,카카오추출물,황련뿌리추출물,소듐폴리감마-글루타메이트,흰목이버섯폴리사카라이드,불등가사리추출물,겔리듐 카르틸라기네움추출물,다이소듐이디티에이

[퓨리파잉-2제]
에키네시아추출물,부틸렌글라이콜,세테아릴에틸헥사노에이트,세틸에틸헥사노에이트,글리세린,나이아신아마이드,카놀라오일,하이드로제네이티드식물성오일,베헤닐알코올,1,2-헥산다이올,정제수,밤껍질추출물,흰버드나무껍질추출물,토마토추출물,달맞이꽃꽃추출물,칡뿌리추출물,당느릅나무뿌리추출물,하이드록시에틸아크릴레이트/소듐아크릴로일다이메틸타우레이트코폴리머
,대왕송잎추출물,율무씨추출물,암모늄아크릴로일다이메틸타우레이트/브이피코폴리머,세테아릴알코올,스테아릭애씨드,에틸헥실글리세린,덱스트린,글루코오스,아데노신,폴리글리세릴-3메틸글루코오스다이스테아레이트,솔비탄아이소스테아레이트,글리세릴스테아레이트에스이,글리세릴글루코사이드,카카오추출물,메틸글루코오스세스퀴스테아레이트,황련뿌리추출물,흰목이버섯폴리사카라이드,소듐폴리감마-글루타메이트,불등가사리추출물,겔리듐 카르틸라기네움추출물,시트릭애씨드,다이소듐이디티에이"
"A000000174028","[노화케어] 디오디너리 멀티-펩타이드 + HA 세럼 60ml","디오디너리","60.0","60.0","ml","","51300","8550.0","정제수, 글리세린, 락토코쿠스발효용해물, 아세틸헥사펩타이드-8, 펜타펩타이드-18, 팔미토일트라이펩타이드-1, 팔미토일테트라펩타이드-7, 팔미토일트라이펩타이드-38, 다이펩타이드다이아미노부티로일벤질아마이드다이아세테이트, 아세틸알지닐트립토필다이페닐글라이신, 소듐하이알루로네이트크로스폴리머, 소듐하이알루로네이트, 알란토인, 글라이신, 알라닌, 세린, 발린, 이소류신, 프롤린, 트레오닌, 히스티딘, 페닐알라닌, 알지닌, 아스파틱애씨드, 트레할로오스, 프룩토오스, 글루코오스, 말토스, 우레아, 소듐피씨에이, 피씨에이, 소듐락테이트, 시트릭애씨드, 하이드록시프로필사이클로덱스트린, 소듐클로라이드, 소듐하이드록사이드, 부틸렌글라이콜, 펜틸렌글라이콜, 아라비아고무나무검, 잔탄검, 카보머, 폴리솔베이트20, 피피지-26-부테스-26, 피이지-40하이드로제네이티드캐스터오일, 트라이소듐에틸렌다이아민다이석시네이트, 에톡시다이글라이콜, 소듐벤조에이트, 카프릴릴글라이콜, 에틸헥실글리세린, 페녹시에탄올, 클로페네신"
"A000000174719","[응급진정/흔적케어]로벡틴 시카케어 클리어링 앰플 30ml","로벡틴","30.0","30.0","ml","29000","17400","5800.0","병풀추출물, 글리세린, 다이프로필렌글라이콜, 프로판다이올, 정제수, 1,2-헥산다이올, 부틸렌글라이콜, 나이아신아마이드, 메틸프로판다이올, 다마스크장미꽃수, 칼라민, 아이리쉬모스추출물, 사탕수수추출물, 병풀잎추출물, 마데카소사이드, 베타인, 판테놀, C12-14알케스-12, 트로메타민, 펜틸렌글라이콜, 에틸헥실글리세린, 알란토인, 소듐파이테이트, 아시아티코사이드, 베타-글루칸, 사이아노코발아민, 토코페롤, 마데카식애씨드, 아시아틱애씨드, 카보머, 잔탄검"
"A000000176351","클라뷰 리얼 비건 저분자 콜라겐 탄력 앰플 30ml","클라뷰","30.0","30.0","ml","","29000","9666.7","정제수, 부틸렌글라이콜, 글리세린, 폴리글리세린-3, 1,2-헥산다이올, 나이아신아마이드, 메틸프로판다이올, 프로판다이올, 메도우폼씨오일, 마카다미아씨오일, 시어버터, 하이드롤라이즈드완두콩단백질, 소듐하이알루로네이트, 올리브오일, 수용성콜라겐, 판테놀, 스쿠알란, 하이드로제네이티드레시틴, 하이드로제네이티드폴리데센, 소듐폴리아크릴로일다이메틸타우레이트, 트라이아이소스테아린, C12-14알케스-12, 트로메타민, 세라마이드엔피, 폴리글리세릴-10라우레이트, 폴리글리세릴-3메틸글루코오스다이스테아레이트, 소듐폴리아크릴레이트, 에틸헥실글리세린, 아데노신, 하이드롤라이즈드익스텐신, 피토스테롤, 레시틴, 소듐아스코빌포스페이트, 베타-글루칸, 토코페롤, 펜틸렌글라이콜, 폴리쿼터늄-80, 소듐클로라이드, 카보머, 잔탄검"
"A000000176954","에스티 로더 마이크로 에센스 트리트먼트 로션 100ml","에스티로더","100.0","100.0","ml","99000","84150","8415.0","정제수,비피다발효용해물,프로판다이올,피이지-75,락토바실러스발효물,아세틸헥사펩타이드-8,아세틸글루코사민,소듐하이알루로네이트,캐모마일꽃추출물,카페인,다이포타슘글리시리제이트,하이드롤라이즈드쌀추출물,베타인,말토덱스트린,카보머,트로메타민,시트릭애씨드,트레할로오스,부틸렌글라이콜,카프릴릴글라이콜,피피지-5-세테스-20,펜틸렌글라이콜,다이소듐이디티에이,소듐시트레이트,페녹시에탄올,포타슘솔베이트 [ILN49455] 제공된 성분은 동일 제품이라도 경우에 따라 변경될 수 있습니다. 최신정보는 제품 포장의 성분을 참고하시거나 본사 고객관리지원팀으로 연락 부탁 드립니다."
"A000000178748","[EGF 진정앰플] 클레어스 유스 액티베이팅 EGF 블루 드롭 20ml","디어클레어스","20.0","20.0","ml","","29500","14750.0","정제수, 부틸렌글라이콜, 에스에이치-올리 고펩타이드-1, 에스에이치-폴리펩타이드-1, 로우스 위트블루베리추출물, 레시틴, 솔비탄세스퀴올리에이 트, 1,2-헥산다이올, 카프릴릴글라이콜, 피이지-60 하이드로제네이티드캐스터오일, 글리세린, 클로페네 신, 구아이아줄렌, 에틸헥실글리세린, 아데노신"
"A000000180409","[리쥬란 독자소재_강력진정PDRx] 리쥬란 더마 힐러 모이스처 트리트먼트 앰플 30ml [기획(+마스크1매)/단품]","리쥬란","30.0","30.0","ml","45000","33700","11233.3","본품: 
정제수,서양산딸기잎추출물,부틸렌글라이콜,글리세린,포트마리골드추출물,다이프로필렌글라이콜,알로에베라잎즙,검은뽕나무열매추출물,소듐하이알루로네이트,나이아신아마이드,오이열매추출물,귀리커넬추출물,하이드롤라이즈드디엔에이,잔탄검,자몽껍질오일,1,2-헥산다이올,라미나리아 오크롤레우카추출물,에틸헥실글리세린,아데노신,스쿠알란,카프릴릭/카프릭트라이글리세라이드,세라마이드엔피,하이드로제네이티드레시틴,펜틸렌글라이콜,팔미틱애씨드,콜레스테롤,올레익애씨드,이눌린라우릴카바메이트

증정:
정제수, 다이프로필렌글라이콜, 글리세린, 아이소펜틸다이올, 나이아신아마이드, 베타인, 에탄올, 판테놀, 부틸렌글라이콜, 다이메티콘, 모란뿌리추출물, 병풀추출물, 1,2-헥산다이올, 카보머, 알란토인, 피이지-60하이드로제네이티드캐스터오일, 마트리카리아꽃추출물, 글리세릴카프릴레이트, 잔탄검, 포타슘하이드록사이드, 아데노신, 에틸헥실글리세린, 하이드로제네이티드레시틴, 글리세릴아크릴레이트/아크릴릭애씨드코폴리머, 멕시칸치아씨추출물, 소듐팔미토일사코시네이트, 판토락톤, 피브이엠/엠에이코폴리머, 알로에베라잎추출물, 하이드롤라이즈드디엔에이, 라벤더추출물, 로즈마리잎추출물, 레몬밤잎추출물, 타임꽃/잎추출물, 센티드제라늄추출물, 오레가노잎추출물, 유칼립투스잎추출물, 티트리잎추출물, 페퍼민트잎추출물, 다이소듐이디티에이, 향료"
"A000000180476","[더블기획] 라운드랩 소나무 진정 시카 앰플 30ml+30ml","라운드랩","30.0","60.0","ml","43000","30100","5016.7","정제수, 부틸렌글라이콜, 다이프로필렌글라이콜, 글리세레스-26, 글리세린, 소나무잎추출물(10,022ppm), 1,2-헥산다이올, 프로판다이올, 하이알루로닉애씨드, 하이드롤라이즈드하이알루로닉애씨드, 소듐하이알루로네이트, 에틸헥실글리세린, 병풀추출물 (111.22ppm), 인도멀구슬나무잎추출물, 황련뿌리추출물, 인도멀구슬나무꽃추출물, 하이드록시아세토페논, 글라이코프로테인 (2.0044ppm), 소듐시트레이트, 카프릴로일살리실릭애씨드, 아시아티코사이드 (0.1002ppm), 아시아틱애씨드 (0.1002ppm), 마데카소사이드 (0.1002ppm), 마데카식애씨드 (0.1002ppm), 다이소듐이디티에이, 잔탄검, 카보머, 트로메타민, 시트릭애씨드"
"A000000180892","코스알엑스 더 히알루론산 3 세럼 20ml","코스알엑스","20.0","20.0","ml","","23000","11500.0","정제수, 부틸렌글라이콜, 프로판다이올, 글리세린, 소듐하이알루로네이트(3%), 펜틸렌글라이콜, 1,2-헥산다이올, 다이에톡시에틸석시네이트, 소듐폴리아크릴로일다이메틸타우레이트, 베타인, 잔탄검, 다이메티콘, 하이드록시에틸아크릴레이트/소듐아크릴로일다이메틸타우레이트코폴리머, 소듐피씨에이, 소듐락테이트, 피씨에이, 글리세릴아크릴레이트/아크릴릭애씨드코폴리머, 하이드로제네이티드레시틴, 에틸헥실글리세린, 세린, 알라닌, 글라이신, 소듐파이테이트, 솔비탄아이소스테아레이트, 피브이엠/엠에이코폴리머, 글루타믹애씨드, 시트릭애씨드, 라이신에이치씨엘, 트레오닌, 알지닌, 소듐메틸스테아로일타우레이트, 프롤린, 세라마이드엔피, 콜레스테롤, 카프릴릭/카프릭트라이글리세라이드, 피토스핑고신, 스테아릭애씨드, 올레익애씨드, 에탄올, 토코페롤, 락틱애씨드, 카프릴릴글라이콜, 카프릴하이드록사믹애씨드"
"A000000180919","숨37 마이크로 액티브 리페어 세럼 50ml","숨37","50.0","50.0","ml","80000","68000","13600.0","정제수, 2,3-부탄다이올, 글리세린, 1,2-헥산다이올, 카프릴릭/카프릭트라이글리세라이드, 다이메티콘, 해바라기씨오일, 변성알코올, 판테놀, 하이드로제네이티드레시틴, 스쿠알란, 카보머, 폴리우레탄-15, 폴리글리세릴-10스테아레이트, 폴리아크릴레이트-13, 폴리글리세릴-10올리에이트, 부틸렌글라이콜, 메틸메타크릴레이트크로스폴리머, 소듐폴리아크릴레이트, 알지닌, 비니거, 하이드로제네이티드폴리아이소부텐, 포스포리피드, 아데노신, 토코페롤, 다이메티콘/비닐다이메티콘크로스폴리머, 아크릴레이트/C10-30알킬아크릴레이트크로스폴리머, 펜틸렌글라이콜, 폴리글리세릴-10라우레이트, 에틸헥실팔미테이트, 다이소듐이디티에이, 소듐하이드록사이드, 아모다이메티콘, 덱스트린, 솔비탄아이소스테아레이트, 에틸헥실글리세린, 잇꽃꽃추출물, 효모폴리펩타이드, 카카오씨추출물, 포도주추출물, 베르가모트오일, 다마스크장미꽃오일, 일랑일랑꽃오일, 리날룰*, 리모넨*, 제라니올*, 시트로넬올*, 시트랄*, 벤질벤조에이트*, 벤질살리실레이트*, 파네솔*"
"A000000181125","[도토리앰플] 스킨푸드 도토리 모공 탄력 앰플 55ml","스킨푸드","55.0","55.0","ml","","27000","4909.1","정제수, 도토리추출물, 프로판다이올, 다이프로필렌글라이콜, 부틸렌글라이콜, 글리세린, 나이아신아마이드, 펜틸렌글라이콜, 버지니아풍년화추출물, 폴리글리세릴-10라우레이트, 하이드록시아세토페논, 1,2-헥산다이올, 보검선인장줄기추출물, 아크릴레이트/C10-30알킬아크릴레이트크로스폴리머, 트로메타민, 감추출물, 녹차추출물, 밤껍질추출물, 글루코노락톤, 판테놀, 알란토인, 카보머, 아데노신, 다이페닐다이메티콘, 트라이에틸헥사노인, 소듐파이테이트, 소듐폴리아크릴로일다이메틸타우레이트, 에난티아클로란타껍질추출물, 소듐하이알루로네이트, 하이드롤라이즈드루핀단백질, 덱스트린, 카카오추출물, 폴리글리세릴-10올리에이트, 하이드로제네이티드레시틴, 유칼립투스잎오일, 로즈마리잎오일, 발삼아미리스껍질오일, 바이오사카라이드검-1, 살비아오일, 베르가모트오일, 칡뿌리추출물, 당느릅나무뿌리추출물, 달맞이꽃추출물, 대왕송잎추출물, 해바라기씨오일, 팔미토일트라이펩타이드-5, 클레리오일, 에틸헥실글리세린, 하이드록시프로필트라이모늄하이알루로네이트, 올레아놀릭애씨드, 소듐아세틸레이티드하이알루로네이트, 하이드롤라이즈드하이알루로닉애씨드, 하이알루로닉애씨드, 소듐하이알루로네이트크로스폴리머, 하이드롤라이즈드소듐하이알루로네이트, 포타슘하이알루로네이트"
"A000000181633","[광채잡티세럼]눅스 슈퍼 세럼 10 30ml","눅스","30.0","30.0","ml","129000","116100","38700.0","정제수, 글리세린, 카프릴릭/카프릭트라이글리세라이드, 베타인, 프로판다이올, 나이아신아마이드,펜틸렌글라이콜, 1,2-헥산다이올, 코코-카프릴레이트/카프레이트, 캐스터오일/아이피디아이코폴리머, 에델바이스캘러스배양추출물, 카보머, 카프릴릴글라이콜, 향료, 시트릭애씨드, 소듐하이드록사이드, 하이알루로닉애씨드, 트라이소듐에틸렌다이아민다이석시네이트, 소듐하이알루로네이트, 인카르나타시계꽃전초추출물, 알칼리게네스폴리사카라이드, 벤질알코올, 잔탄검, 데하이드로아세틱애씨드"
"A000000182300","에필로우 차가버섯 비피다 바이옴 매끈결 모공 앰플 50ml","에필로우","50.0","50.0","ml","29000","17900","3580.0","차가버섯추출물, 프로판다이올, 1,2-헥산다이올, 나이아신아마이드, 비피다발효용해물, 펜틸렌글라이콜, 효모/쌀발효여과물, 다시마추출물, 한련초잎추출물, 인도멀구슬나무잎추출물, 인도멀구슬나무꽃추출물, 울금뿌리추출물, 당느릅나무뿌리추출물, 줄맨드라미씨추출물, 카카오씨추출물, 홀리바질잎추출물, 참산호말추출물, 하이드로제네이티드레시틴, 소듐하이알루로네이트, 정제수, 부틸렌글라이콜, 아크릴레이트/C10-30알킬아크릴레이트크로스폴리머, 트로메타민, 아데노신, 프룩토올리고사카라이드, 베타-글루칸, 하이드롤라이즈드하이알루로닉애씨드, 덱스트린, 말토덱스트린, 사카라이드하이드롤리세이트, 다이메틸실란올하이알루로네이트, 하이드롤라이즈드소듐하이알루로네이트, 포타슘하이알루로네이트, 하이알루로닉애씨드, 소듐하이알루로네이트크로스폴리머, 하이드록시프로필트라이모늄하이알루로네이트, 소듐하이알루로네이트다이메틸실란올, 소듐아세틸레이티드하이알루로네이트, 하이드록시아세토페논, 에틸헥실글리세린"
"A000000182613","[수분잠금/워터젤에센스] 빌리프 뉴메로 10 에센스 50ml","빌리프","50.0","50.0","ml","29000","22200","4440.0","정제수, 글리세린, 변성알코올, 다이프로필렌글라이콜, 부틸렌글라이콜, 1,2-헥산다이올, 트레할로오스, 바위손추출물*, 귀리커넬추출물+, 포트마리골드꽃추출물+, 개박하추출물+, 라즈베리잎추출물+, 와일드인디고뿌리추출물+, 별꽃추출물+, 레이디스맨틀잎추출물**, 삼색제비꽃추출물**, 다마스크장미꽃추출물**, 메도우스위트꽃추출물**, 마시멜로뿌리추출물**, 베타인, 판테놀, 아이리쉬모스추출물, 암모늄아크릴로일다이메틸타우레이트/브이피코폴리머, 피이지-40하이드로제네이티드캐스터오일, 옥틸도데세스-16, 카보머, 글리세릴아크릴레이트/아크릴릭애씨드코폴리머, 소듐폴리아크릴레이트, 트로메타민, 트라이소듐이디티에이, 오렌지껍질오일++, 라임전초오일++, 로즈마리잎오일++, 센티드제라늄꽃오일++, 리모넨, 시트로넬올, 제라니올, 시트랄, 리날룰 (*표시: 부활초 추출물, +표시: Napiers original formula, **표시: Napiers moisture formula, ++표시: 식물 유래 향)"
"A000000182815","[토닝빛세럼/슬로우에이징] 셀퓨전씨 토닝 C 잡티세럼 30ml","셀퓨전씨","30.0","30.0","ml","28000","18600","6200.0","정제수, 프로판다이올, 나이아신아마이드, 1,2-헥산다이올, 3-O-에틸아스코빅애씨드, 스핑고모나스발효추출물, 레몬밤잎추출물, 오렌지껍질오일, 하이드로제네이티드레시틴, 팔마로사오일, 다마스크장미꽃오일, 옥틸도데세스-16, 알란토인, 글리세린, 폴리아크릴레이트크로스폴리머-6, 토코페롤, 폴리글리세릴-10라우레이트, 페룰릭애씨드, 베타-글루칸, 다이소듐이디티에이, 부틸렌글라이콜, 아데노신, 시트릭애씨드, 로즈마리닉애씨드, 폴리글리세릴-3메틸글루코오스다이스테아레이트, 풀러린, 아스코빅애씨드, 카프릴릭/카프릭트라이글리세라이드, 에틸헥실글리세린, 리모넨, 제라니올"
"A000000184963","[김재원 PICK] 몰바니 율피 포어 타이트닝 세럼 50ml","몰바니","50.0","50.0","ml","29000","19900","3980.0","밤보늬추출물(81%),부틸렌글라이콜,정제수,1,2-헥산다이올,베타인,나이아신아마이드,글리세린,트레할로오스,판테놀,자일리틸글루코사이드,안하이드로자일리톨,자일리톨,글루코오스,글리세릴아크릴레이트/아크릴릭애씨드코폴리머,소듐하이알루로네이트,다이포타슘글리시리제이트,칡뿌리추출물,대왕소나무잎추출물,당느릅나무뿌리추출물,달맞이꽃꽃추출물,블래더랙추출물,꿀풀추출물,백미꽃추출물,팔미토일트라이펩타이드-5,테트라데실아미노부티로일발릴아미노부티릭우레아트라이플루오로아세테이트,옥수수잎추출물,병풀추출물,마그네슘클로라이드,아이소도데케인
,다이메티콘올,다이메티콘/비닐다이메티콘크로스폴리머,운데케인,트라이데케인,인도멀구슬나무잎추출물,인도멀구슬나무꽃추출물,아이비고드열매추출물,참산호말추출물,알지닌,아크릴레이트/C10-30알킬아크릴레이트크로스폴리머,잔탄검,하이드록시에틸셀룰로오스,아데노신,다이소듐이디티에이"
"A000000185366","배드스킨 콜라겐 밤 하이드레이팅 앰플 400ml 기획(+100ml)","배드스킨","400.0","500.0","ml","20900","18900","378.0","정제수, 부틸렌글라이콜, 글리세린, 하이드롤라이즈드콜라겐(8,589ppm), 소듐하이알루로네이트, 1,2-헥산다이올, 트레할로오스, 카프릴릴글라이콜, 알란토인, 프로판다이올, 브로콜리추출물, 자주개자리추출물, 양배추추출물, 밀배아추출물, 유채추출물, 무씨추출물, 베타인, 에틸헥실글리세린, 아데노신, 하이드롤라이즈드글라이코사미노글리칸, 하이드롤라이즈드하이알루로닉애씨드 ,소듐콘드로이틴설페이트, 녹차추출물, 펜틸렌글라이콜, 루이보스추출물, 스페인감초뿌리추출물, 소듐하이알루로네이트크로스폴리머, 하이알루로닉애씨드"
"A000000186655","[수분부스터] 더랩바이블랑두 올리고 히알루론산 부스팅 앰플 30ml 리필 기획","더랩바이블랑두","30.0","30.0","ml","31500","28350","9450.0","정제수, 부틸렌글라이콜, 글리세린, 1,2-헥산다이올, 펜틸렌글라이콜, 글리세릴글루코사이드, 하이드록시에틸셀룰로오스, 소듐하이알루로네이트(10,000 ppm), 자일리틸글루코사이드, 꽃송이버섯추출물, 백설차잎추출물, 자일리톨, 글리세레스-26, 트로메타민, 에틸헥실글리세린, 안하이드로자일리톨, 알란토인, 글루코오스, 토코페롤, 카보머, 소듐클로라이드"
"A000000186833","오휘 미라클 토닝 글로우 세럼 (20ml/50ml 택 1)","오휘","20.0","70.0","ml","39000","37050","5292.9","정제수, 프로판다이올, 글리세린, 2,3-부탄다이올, 펜틸렌글라이콜, 나이아신아마이드, 다이에톡시에틸석시네이트, 프로필렌글라이콜, 글리세릴카프릴레이트, 폴리아크릴레이트크로스폴리머-6, 하이드록시에틸셀룰로오스, 석시노글리칸,폴리글리세릴-10스테아레이트, 폴리글리세릴-10올리에이트, 알란토인, 글루코노락톤, 잔탄검, 1,2-헥산다이올, 라임전초오일, 베르가모트오일, 센티드제라늄꽃오일, 베티버뿌리오일, 얼룩파인애플추출물, 시트릭애씨드, 소듐하이알루로네이트, 베타글루칸, 소듐시트레이트, 단향오일, 다이소듐포스페이트, 소듐포스페이트, 아스코빅애씨드, 리모넨,시트로넬올, 리날룰, 제라니올, 시트랄"
"A000000187240","빌리프 프라블럼 솔루션 비건 스팟 젤 15ml","빌리프","15.0","15.0","ml","29000","22200","14800.0","정제수, 부틸렌글라이콜, 다이프로필렌글라이콜, 글리세린, 카프릴릭/카프릭트라이글리세라이드, 1,2-헥산다이올, 판테놀, 세테아릴알코올, 글리세릴스테아레이트, 귀리커넬추출물*, 포트마리골드꽃추출물*+, 개박하추출물*, 라즈베리잎추출물*, 와일드인디고뿌리추출물*, 별꽃추출물*, 우엉뿌리추출물+, 로즈마리잎추출물+, 라벤더꽃추출물+, 에키네시아추출물+, 티트리추출물, 유칼립투스잎추출물, 폴스애플민트잎추출물, 로즈힙열매추출물, 육두구추출물, 일본목련나무껍질추출물, 당근추출물, 해바라기씨오일, 당근씨오일, 돌콩오일, 마카다미아씨오일, 레틴알, 토타롤**, 4-터피네올**, 세라마이드엔피, 베타-카로틴, 피토스테릴/베헤닐/옥틸도데실라우로일글루타메이트, 유채스테롤, 펜타에리스리틸테트라-다이-T-부틸하이드록시하이드로신나메이트, 토코페롤, 카르니틴, 알란토인, 살리실릭애씨드, 콜레스테롤, 트라이소듐이디티에이, 스테아릴글리시레티네이트, 다이포타슘글리시리제이트, 하이드로제네이티드레시틴, 코코-카프릴레이트/카프레이트, 포타슘세틸포스페이트, 소듐카보머, 폴리글리세릴-10라우레이트, 실리카, 다이소듐이디티에이, 오렌지껍질오일++, 센티드제라늄꽃오일++, 리모넨, 시트로넬올, 제라니올, 리날룰, 시트랄

*표시: Napiers Original Formula-GS
+표시: Napiers Formula T -GS
**표시: 토타네올 TM
++표시: 식물 유래 향"
"A000000188002","[토닝빛세럼/슬로우에이징] 셀퓨전씨 토닝 C 잡티세럼 30ml+20ml 기획","셀퓨전씨","30.0","50.0","ml","","28000","5600.0","정제수, 프로판다이올, 나이아신아마이드, 1,2-헥산다이올, 3-O-에틸아스코빅애씨드, 스핑고모나스발효추출물, 레몬밤잎추출물, 오렌지껍질오일, 하이드로제네이티드레시틴, 팔마로사오일, 다마스크장미꽃오일, 옥틸도데세스-16, 알란토인, 글리세린, 폴리아크릴레이트크로스폴리머-6, 토코페롤, 폴리글리세릴-10라우레이트, 페룰릭애씨드, 베타-글루칸, 다이소듐이디티에이, 부틸렌글라이콜, 아데노신, 시트릭애씨드, 로즈마리닉애씨드, 폴리글리세릴-3메틸글루코오스다이스테아레이트, 풀러린, 아스코빅애씨드, 카프릴릭/카프릭트라이글리세라이드, 에틸헥실글리세린, 리모넨, 제라니올"
"A000000188493","이지듀 기미잡티앰플 12ml+1ml 기획","이지듀","12.0","13.0","ml","49000","29900","23000.0","정제수, 부틸렌글라이콜, 글리세린, 다이펜타에리스리틸헥사C5-9애씨드에스터, 다이페닐다이메티콘, 비닐다이메티콘, 나이아신아마이드(5%), 베타인, 프로판다이올, 메틸프로판다이올, 비피다발효용해물, 1,2-헥산다이올, 펜틸렌글라이콜, 에스에이치-올리고펩타이드-1(1.5ppm), 알파-알부틴, 3-O-에틸아스코빅애씨드, 트라넥사믹애씨드, 글루타티온, 클로렐라 불가리스추출물, 마조람잎오일, 베르가모트오일, 인도멀구슬나무꽃추출물, 홀리바질잎추출물, 캐모마일꽃오일, 약모밀추출물, 소듐아스코빌포스페이트, 아스코빌글루코사이드, 아스코빌테트라이소팔미테이트, 비사보롤, 마그네슘아스코빌포스페이트, 헤스페리딘메틸칼콘, 인도멀구슬나무잎추출물, 카카오씨추출물, 멕시칸주니퍼오일, 울금뿌리추출물, 소듐하이알루로네이트, 참산호말추출물, 왕귤껍질오일, 흰목이버섯추출물, 해바라기씨오일, 흰서양송로추출물, 화이트루핀씨추출물, 류코노스톡/무발효여과물, 키토산, 가지열매추출물, 하이드록시에틸우레아, 폴리아크릴레이트크로스폴리머-6, 하이드로제네이티드레시틴, 글루코오스, 아크릴레이트/C10-30알킬아크릴레이트크로스폴리머, 트로메타민, 프룩토올리고사카라이드, 프룩토오스, 소듐다이라우미도글루타미드라이신, 카프릴릭/카프릭트라이글리세라이드, 트라이에틸헥사노인, 에틸헥실글리세린, 아데노신, 니코티노일다이펩타이드-23, 아세틸헥사펩타이드-8, 소듐시트레이트, 다이펩타이드-2, 시트릭애씨드, 팔미토일테트라펩타이드-7, 알란토인, 소듐파이테이트, 글리세릴아크릴레이트/아크릴릭애씨드코폴리머, 레시틴, 덱스트린, 소듐스테아로일글루타메이트, 리놀레닉애씨드, 다이프로필렌글라이콜, 토코페롤, 콜레스-24, 카프릴릴/카프릴글루코사이드, 콜레스테롤, 세라마이드엔피, 카프릴릴글라이콜, 스테아레스-20, 에탄올, t-부틸알코올, 다이소듐이디티에이, 클로헥시딘디글루코네이트, 포타슘솔베이트, 리모넨, 리날룰"
"A000000188878","조선미녀 인삼스네일세럼 30ml","조선미녀","30.0","30.0","ml","","17000","5666.7","정제수, 부틸렌글라이콜, 다이프로필렌글라이콜, 1,2-헥산다이올, 글리세린, 나이아신아마이드, 프로판다이올, 인삼수(12,932 ppm), 트레할로오스, 달팽이점액여과물(3,010 ppm), 카보머, 트로메타민, 잔탄검, 맥아추출물, 소듐폴리아크릴레이트, 아데노신, 글리세릴아크릴레이트/아크릴릭애씨드코폴리머, 다이소듐이디티에이, 영지버섯추출물, 홍삼추출물(20 ppm), 진흙버섯추출물, 병풀추출물, 소듐하이알루로네이트, 하이드롤라이즈드하이알루로닉애씨드, 당개나리열매추출물, 인동덩굴꽃추출물, 황금추출물, 소듐아세틸레이티드하이알루로네이트"
"A000000188934","[정품증정]바이오더마 센시비오 디펜시브 세럼 30ml 기획(+센시비오 디펜시브 40ml 증정)","바이오더마","30.0","70.0","ml","50000","35150","5021.4","[디펜시브 세럼]
정제수, 글리세린, 부틸렌글라이콜, C15-19알케인,  스쿠알란, 셀룰로오스, C20-22알킬포스페이트, C20-22알코올, 펜틸렌글라이콜, 1,2-헥산다이올, 카프릴릴글라이콜, 카르노신, 폴리아크릴레이트크로스폴리머-6, 말토덱스트린, 잔탄검, 만니톨, 자일리톨, 토코페롤, 단삼뿌리추출물, 람노오스, 바이오사카라이드검-1, 시트릭애씨드, 돌콩오일, 하이드롤라이즈드하이알루로닉애씨드, 소듐하이드록사이드, 팔미토일테트라펩타이드-10

[디펜시브 크림]
정제수, 글리세린, 다이카프릴릴에터, 프로필헵틸카프릴레이트, 부틸렌글라이콜, 글리세릴스테아레이트시트레이트, 글라이콜팔미테이트, 스쿠알란, 수크로오스스테아레이트, 망고씨버터, 펜틸렌글라이콜, 아크릴레이트/C10-30알킬아크릴레이트크로스폴리머, 카프릴릴글라이콜, 카르노신, 하이드록시에틸아크릴레이트/소듐아크릴로일다이메틸타우레이트코폴리머, 만니톨, 자일리톨, 토코페롤, 단삼꽃/잎/뿌리추출물, 람노오스, 돌콩오일, 폴리솔베이트60, 솔비탄아이소스테아레이트, 팔미토일테트라펩타이드-10"
"A000000188947","한율 빨간쌀 에센스 150ml(+40ml)기획","한율","150.0","190.0","ml","40000","34000","1789.5","정제수, 글리세린, 부틸렌글라이콜, 만니톨, 나이아신아마이드, 1,2-헥산다이올, 하이드록시프로필스타치포스페이트, 쌀발효여과물, 카보머, 피피지-13-데실테트라데세스-24, 합성왁스, 트로메타민, 식물성스쿠알란, 카프릴릴글라이콜, 에틸헥실글리세린,아데노신, 하이드로제네이티드레시틴, 향료, 판테놀, 폴리글리세릴-10스테아레이트, 다이소듐이디티에이, 락토바실러스발효물, 세라마이드엔피, 콜레스테롤, 스테아릭애씨드, 하이드롤라이즈드익스텐신, 호호바씨오일, 폴리글리세릴-10라우레이트, 팔미틱애씨드, 토코페롤"
"A000000189328","파티온 노스카나인 트러블 흔적앰플 15ml","파티온","15.0","15.0","ml","","20000","13333.3","쑥잎추출물, 메틸프로판다이올, 나이아신아마이드, 폴리글리세린-3, 정제수, 글리세린, 에리스리톨, 판테놀, 부틸렌글라이콜, 글리세레스-26, 트라넥사믹애씨드, 1,2-헥산다이올, 펜틸렌글라이콜, 자일리톨, 알란토인, 클로렐라 불가리스추출물, 다이에톡시에틸석시네이트, 글루코오스, 옥틸도데세스-16, 인도멀구슬나무잎추출물, 하이드록시아세토페논, 암모늄아크릴로일다이메틸타우레이트/브이피코폴리머, 하이드록시에틸우레아, 소듐폴리아크릴레이트, 프룩토올리고사카라이드, 프룩토오스, 징크피씨에이, 폴리글리세릴-10라우레이트, 인도멀구슬나무꽃추출물, 에틸헥실글리세린, 알파-알부틴, 다이포타슘글리시리제이트, 소듐헤파린, 메틸다이아이소프로필프로피온아마이드, 덱스트린, 카카오추출물, 홀리바질잎추출물, 소듐하이알루로네이트, 울금뿌리추출물, 참산호말추출물, 베타-글루칸, 토코페롤, 카페인, 페룰릭애씨드, 글루타티온, 인디안구스베리열매추출물, 호동씨오일, 포도세포추출물, 당호박추출물, 다이프로필렌글라이콜, 하이드로제네이티드레시틴, 폴리글리세릴-10스테아레이트, 카카두플럼추출물, 케이프알로에잎추출물, 밤부사 불가리스수, 소듐아스코빌포스페이트, 토코페릴아세테이트, 글리세릴아라키도네이트, 글리세릴리놀리네이트, 바이오틴, 레티닐팔미테이트"
"A000000189713","[1등 진정세럼] 파넬 시카마누 92세럼 더블기획(30ml+30ml)","파넬","30.0","60.0","ml","","52000","8666.7","정제수, 부틸렌글라이콜, 글리세린, 1,2-헥산다이올, 카보머, 트로메타민, 폴리글리세릴-10라우레이트, 프로판다이올, 인도멀구슬나무잎추출물, 병풀추출물(744ppm), 카카오씨추출물, 에틸헥실글리세린, 불가리스쑥오일, 인도멀구슬나무꽃추출물, 덱스트린, 다이소듐이디티에이, 소듐폴리아크릴레이트, 펜틸렌글라이콜, 황련뿌리추출물, 락토바실러스발효물, 마누카잎추출물(20ppm), 마데카소사이드(20ppm), 데실글루코사이드, 카프릴릴글라이콜, 꿀추출물(900ppb), 메도우폼씨오일, 카프릴릭/카프릭트라이글리세라이드, 올리브오일, 하이드로제네이티드레시틴, 세라마이드엔피, 피토스핑고신, 멜라토닌"
"A000000190370","어퓨 마데카소사이드 테트라좀시카 앰플 50ml","어퓨","50.0","50.0","ml","28000","18620","3724.0","정제수, 부틸렌글라이콜, 글리세린, 1,2-헥산다이올, 나이아신아마이드, 병풀잎추출물, 소듐하이알루로네이트, 락토바실러스발효용해물, 칸디다 봄비콜라/글루코오스/메틸레이프씨데이트발효물, 해바라기씨오일, 효모발효추출물, 하이드록시에틸셀룰로오스, 마데카소사이드, 알지닌, 에틸헥실글리세린, 아데노신, 폴리쿼터늄-51, 바이오사카라이드검-1, 토코페롤, 아시아티코사이드, 마데카식애씨드, 다이프로필렌글라이콜, 아시아틱애씨드, 펜틸렌글라이콜, 카보머, 잔탄검"
"A000000190691","[속보습+피부장벽+트러블케어] 스킨푸드 로열허니 프로폴리스 인리치 에센스 리필기획(50ml+50ml)","스킨푸드","50.0","100.0","ml","","32000","3200.0","정제수, 글리세린, 부틸렌글라이콜, 다이프로필렌글라이콜, 1,2-헥산다이올, 쇠비름추출물, 프로폴리스추출물(6,316 ppm), 카보머, 알지닌, 로얄젤리추출물(1,000 ppm), 락토바실러스발효물, 효모발효물, 꿀추출물(500 ppm), 펜틸렌글라이콜, 소듐하이알루로네이트, 하이드록시에틸셀룰로오스, 다이소듐이디티에이, 에틸헥실글리세린, 베타-글루칸, 카프릴릴글라이콜."
"A000000190738","[잡티앰플/대용량]센텔리안24 엑스퍼트 마데카 멜라 캡처 앰플 맥스 45ml","센텔리안24","45.0","45.0","ml","","75000","16666.7","병풀추출물, 다이프로필렌글라이콜, 식물성스쿠알란, 나이아신아마이드, 정제수, 메틸프로판다이올, 세테아레스-20, 참마뿌리추출물, 1,2-헥산다이올, 페닐트라이메티콘, 폴리글리세릴-10라우레이트, 별꽃추출물, 쇠비름추출물, 비파나무잎추출물, 카바카바잎/뿌리/줄기추출물, 사과추출물, 포도씨추출물, 인삼열매추출물, 삼백초추출물, 스피어민트추출물, 무화과추출물, 수련추출물, 마트리카리아꽃추출물, 드럼스틱씨추출물, 인디안구스베리열매추출물, 올리브나무잎추출물, 유용성감초추출물, 소듐하이알루로네이트, 다마스크장미꽃수, 다마스크장미꽃오일, 비사보롤, 트라넥사믹애씨드, 마데카식애씨드, 아시아티코사이드, 아시아틱애씨드, 락토바실러스발효물, 멜라토닌, 아데노신, 마데카소사이드, 쌀발효여과물, 3-O-에틸아스코빅애씨드, 아스코빅애씨드, 하이알루로닉애씨드, 알파-알부틴, 글루타티온, 하이드롤라이즈드소듐하이알루로네이트, 하이드롤라이즈드하이알루로닉애씨드, 티옥틱애씨드, 아스코빌테트라이소팔미테이트, 페룰릭애씨드, 아스코빌글루코사이드, 마그네슘아스코빌포스페이트, 녹차수, 하이드로제네이티드레시틴, 아르간커넬오일, 올리브오일, 센티드제라늄꽃오일, 라벤더오일, 캐모마일꽃오일, 오렌지껍질오일, 멕시칸주니퍼오일, 프로판다이올, 글리세린, 글리세릴스테아레이트에스이, 부틸렌글라이콜, 다이페닐다이메티콘, 트라이에틸헥사노인, 아크릴레이트/C10-30알킬아크릴레이트크로스폴리머, 트로메타민, 폴리쿼터늄-51, 다이메티콘, 스쿠알란, 하이드로제네이티드폴리아이소부텐, 폴리글리세릴-10미리스테이트, 토코페릴아세테이트, 글라이코실트레할로오스, 소듐파이테이트, 하이드로제네이티드스타치하이드롤리세이트, 아이소노닐아이소노나노에이트, 폴리그릴세릴-10스테아레이트, 라피노오스, 바이오사카라이드검-1, 다이소듐이디티에이, 세테아릴알코올, 스테아릭애씨드, 시어버터, 폴리글리세릴-2다이폴리하이드록시스테아레이트, 레시틴, 데실글루코사이드, 베타-글루칸, 이눌린라우릴카바메이트, 다이소듐스테아로일글루타메이트, 세라마이드엔피, 징크피씨에이, 레티닐팔미테이트, 리보플라빈, 메나다이온, 바이오틴, 사이아노코발아민, 소듐아스코빌포스페이트, 티아민에이치씨엘, 판테놀, 판토테닉애씨드, 폴릭애씨드, 피리독신, 향료, 하이드록시아세토페논, 펜틸렌글라이콜, 카프릴릴글라이콜, 시트로넬올"
"A000000190948","어바웃미 숲 진정 수분 세럼 50ml","어바웃미","50.0","50.0","ml","28000","14560","2912.0","편백수, 정제수, 베타인, 글리세린, 판테놀, 프로판다이올, 에탄올, 폴리데센, 1,2-헥산다이올, 펜틸렌글라이콜, 티트리추출물, 아이리쉬모스추출물, 사탕수수추출물, 살비아오일, 병풀추출물, 티트리꽃/잎/줄기추출물, 인도멀구슬나무잎추출물, 인도멀구슬나무꽃추출물, 불가리스쑥오일, 바질오일, 병풀잎추출물, 아이비고드열매추출물, 카카오씨추출물, 하이알루로닉애씨드, 호박가루, 가지열매추출물, 울금뿌리추출물, 홀리바질잎추출물, 참산호말추출물, 드럼스틱씨오일, 보리지추출물, 수레국화꽃추출물, 마트리카리아꽃/잎추출물, 히아신스전초추출물, 라벤더꽃수, 클레리추출물, 폴리글리세릴-10라우레이트, 폴리아크릴레이트크로스폴리머-6, 부틸렌글라이콜, 마데카소사이드, 트로메타민, 구아검, 에틸헥실글리세린, 아가, 소듐파이테이트, 소듐하이알루로네이트크로스폴리머, 아시아티코사이드, 덱스트린, 카프릴릴글라이콜, 알란토인, 하이드로클로릭애씨드, 토코페롤, 카보머, 잔탄검"
"A000000191663","[진정] 디오디너리 수딩 앤 배리어 서포트 세럼 30ml","디오디너리","30.0","30.0","ml","","24400","8133.3","정제수, 프로판다이올, 아이소데실네오펜타노에이트, 펜틸렌글라이콜, 나이아신아마이드, 헥실데칸올, 세테아릴알코올, 자일리틸글루코사이드, 세테스-20포스페이트, 안하이드로자일리톨, 에틸리놀리에이트, 아시아티코사이드, 아시아틱애씨드, 마데카식애씨드, 나린제닌, 사이아노코발아민, 판테닐트라이아세테이트, 4-t-부틸사이클로헥산올, 하이드록시페닐프로파미도벤조익애씨드, 세틸하이드록시프롤린팔미타마이드, 비사보롤, 유채스테롤, 스핑고리피드, 포스포리피드, 에피갈로카테킨갈레이틸글루코사이드, 갈릴글루코사이드, 프로필갈레이트, 자일리톨, 생강추출물, 스테아릭애씨드, 다이세틸포스페이트, 아이소세테스-20, 잔탄검, 트라이소듐에틸렌다이아민다이석시네이트, 토코페롤, 데하이드로아세틱애씨드, p-아니식애씨드, 파이틱애씨드, 소듐파이테이트, 소듐시트레이트, 소듐하이드록사이드, 벤질알코올, 에틸헥실글리세린, 페녹시에탄올, 클로페네신."
"A000000191821","[잡티케어] 디마르3 에트셀 멜라토닉 앰플 70ml","디마르3","70.0","70.0","ml","59200","55000","7857.1","정제수, 글리세린, 부틸렌글라이콜, 프로판디올, 비닐디메치콘, 카프릴릭/카프릭트리글리세라이드, 1,2-헥산디올, 디펜타에리스리틸헥사C5-9애씨드에스터, 메칠프로판디올, 나이아신아마이드, 아세틸헥사펩타이드-1, 아데노신, 복숭아나무꽃추출물, 쌀겨수, 돌외잎추출물, 팔미토일트라이펩타이드-5, 펜타소듐테트라카복시메틸다이펩타이드-51, 펜타소듐테트라카복시메틸아세틸하이드록시프롤릴다이펩타이드-12, 토마토추출물, 돌나물추출물, 판테놀, 글루타치온, 인디언구스베리열매추출물, 강황추출물, 록샘파이어캘러스배양여과물, 호호바씨오일, 비사볼올, 스쿠알란, 바이오틴, 판토테닉애씨드, 에칠아스코빌에텔, 카르노신, 베타인, 리놀레닉애씨드, 마데카식애씨드, 베타-글루칸, 팔각회향열매/씨오일, 트라넥사믹애씨드, 광곽향오일, 센티드제라늄꽃오일, 말토덱스트린, 사카라이드하이드롤리세이트, 시트릭애씨드, 아시아티코사이드, 해바라기씨오일불검화물, 소듐파이테이트, 아시아틱애씨드, 소듐하이알루로네이트, 아스코빅애씨드, 사이아노코발라민, 폴릭애씨드, 피리독신, 티아민에이치씨엘, 탄제린껍질오일, 토코페롤, 글리세릴글루코사이드, 하이드롤라이즈드하이알루로닉애씨드 ,하이드로제네이티드폴리데센, 하이드로제네이티드레시틴, 펜틸렌글라이콜, 트로메타민, 글리세릴아크릴레이트/아크릴릭애씨드코폴리머, 소듐폴리아크릴로일디메칠타우레이트, 아크릴레이트/C10-30알킬아크릴레이트크로스폴리머, 에칠헥실글리세린, 트리에칠헥사노인, 디페닐디메치콘, 소듐스테아로일글루타메이트, 세테아릴알코올, 리모넨, 시트로넬올, 제라니올"
"A000000192059","MAC 하이퍼 리얼 세러마이저","맥","","","","92000","80040","","정제수, 다이메티콘, 부틸렌글라이콜, 글리세린, 나이아신아마이드, 트라이실록세인, 옥틸도데실스테아로일스테아레이트, 트레할로오스, 작약꽃추출물, 콜레스테롤, 세라마이드엔지, 리놀레익애씨드, 살리실릭애씨드, 락틱애씨드, 글라이콜릭애씨드, 시트릭애씨드, 조류추출물, 효모용해추출물, 만주자작나무껍질추출물, 녹차추출물, 테르무스 테르모필루스발효물, 슈가켈프추출물, 흰무늬엉겅퀴추출물, 카페인, 비스-피이지-18메틸에터다이메틸실레인, 아세틸글루코사민, 소듐하이알루로네이트, 솔비톨, 소듐마그네슘실리케이트, 피이지-8, 수크로오스, T-부틸알코올, 폴리아크릴레이트크로스폴리머-6 , 올레스-10, 카보머, 암모늄아크릴로일다이메틸타우레이트/브이피코폴리머, 잔탄검, 하이드로제네이티드레시틴, 호호바왁스피이지-120에스터, 소듐하이드록사이드, 트로메타민, 다이-C12-18알킬다이모늄클로라이드, 실리카, 향료, 벤질살리실레이트, 리모넨, 리날룰, 티타늄디옥사이드, 합성플루오르플로고파이트, 틴옥사이드, 마이카, 카프릴릴글라이콜, 비에이치티, 다이소듐이디티에이, 헥실렌글라이콜, 토코페릴아세테이트, 마그네슘아스코빌포스페이트, 페녹시에탄올, 소듐벤조에이트  ILN50526 
성분 목록은 변경되거나 수시로 바뀔 수 있어, 제품 패키지에 포함된 성분 목록을 참고 부탁 드립니다."
"A000000192218","SNP 골드 콜라겐 엑스퍼트 앰플 50ml","SNP","50.0","50.0","ml","","32000","6400.0","정제수, 메틸글루세스-20, 나이아신아마이드, 메틸프로판다이올, 글리세린, 1,2-헥산다이올, 아이소펜틸다이올, 병풀추출물, 무화과추출물, 카카오씨추출물, 하이드로제네이티드레시틴, 판테놀, 카보머, 세라마이드엔피, 글루타티온, 글라이신, 글루타믹애씨드, 시스테인, 아스코빅애씨드, 아크릴레이트/C10-30알킬아크릴레이트크로스폴리머, 옥틸도데세스-16, 다이페닐다이메티콘, 부틸렌글라이콜, 소듐폴리아크릴레이트, 아데노신, 다이소듐이디티에이, 하이드롤라이즈드콜라겐, 티타늄디옥사이드, 피브이엠/엠에이코폴리머, 마이카, 폴리글리세릴-10올리에이트, 덱스트린, 하이드록시아세토페논, 트로메타민, 트라이에틸헥사노인, 에틸헥실글리세린, 향료, 금"
"A000000192301","[모공케어] VT 리들샷 700 에센스 30ml","VT","30.0","30.0","ml","58000","44600","14866.7","정제수, 글리세린, 프로판다이올, 메틸프로판다이올, 카프릴릭/카프릭트라이글
리세라이드, 부틸렌글라이콜, 펜타에리스리틸테트라에틸헥사노에이트, 세틸에
틸헥사노에이트, 글리세레스-26, 시어버터, 마카다미아씨오일, 나이아신아마이
드, 실리카, 폴리글리세릴-3메틸글루코오스다이스테아레이트, 세테아릴알코올, 
스테아릭애씨드, 1,2-헥산다이올, C12-16알코올, 소듐아크릴레이트/소듐아크릴
로일다이메틸타우레이트코폴리머, 폴리아이소부텐, 하이드로제네이티드레시틴, 
팔미틱애씨드, 알지닌, 세테아릴글루코사이드, 카보머, 에틸헥실글리세린, 카프
릴릴글라이콜, 병풀추출물, 아데노신, 카프릴릴/카프릴글루코사이드, 솔비탄올
리에이트, 토코페릴아세테이트, 다이소듐이디티에이, 소듐하이알루로네이트, 아
크릴레이트/C10-30알킬아크릴레이트크로스폴리머, 글루코오스, 프로폴리스추출
물, 아시아티코사이드, 하이드롤라이즈드엘라스틴, 마데카소사이드, 마데카식애
씨드, 아시아틱애씨드, 글라이신, 세린, 글루타믹애씨드, 아스파틱애씨드, 류신, 
알라닌, 라이신, 타이로신, 페닐알라닌, 트레오닌, 프롤린, 발린, 아이소류신, 세
라마이드엔피, 히스티딘, 메티오닌, 시스테인, 글라이코스핑고리피드"
"A000000197640","닥터멜락신 아쿠아 이온 플라즈마 수분 앰플 50ml","닥터멜락신","50.0","50.0","ml","22900","19800","3960.0","정제수,프로판다이올,부틸렌글라이콜,글리세린,나이아신아마이드,1,2-헥산다이올,하이드록시아세토페논,글리세레스-25피씨에이아이소스테아레이트,잔탄검,카보머,에틸헥실글리세린,아데노신,트로메타민,옥수수커넬추출물,다이소듐이디티에이,소듐하이알루로네이트,하이드롤라이즈드하이알루로닉애씨드,하이알루로닉애씨드,덱스트린,하이드롤라이즈드치자추출물,하이드롤라이즈드맥아추출물,하이드롤라이즈드삼색제비꽃추출물,소듐디엔에이,치자추출물,글루코오스,프룩탄,시트릭애씨드,소듐글루타메이트,소듐클로라이드,포타슘클로라이드,소듐시트레이트,하이드록시프로필트라이모늄하이알루로네이트,칼슘락테이트,마그네슘카보네이트,소듐아세틸레이티드하이알루로네이트,하이드롤라이즈드소듐하이알루로네이트,소듐하이알루로네이트크로스폴리머,포타슘하이알루로네이트"
"A000000197985","썸바이미 레티놀 인텐스 리엑티베이팅 세럼 30ml","썸바이미","30.0","30.0","ml","30600","21400","7133.3","정제수, 사이클로헥사실록세인, 다이카프릴릴카보네이트, 글리세린, 메틸프로판다이올, 1,2-헥산다이올, 나이아신아마이드, 하이드로제네이티드폴리(C6-14올레핀), 판테놀, 토코페릴아세테이트, 카바카바잎/뿌리/줄기추출물, 병풀추출물, 인삼열매추출물, 스페인감초뿌리추출물, 무화과추출물, 병풀잎추출물, 병풀뿌리추출물, 티트리잎추출물, 사철쑥추출물, 한련초추출물, 인도멀구슬나무잎추출물, 오일팜오일, 하이드로제네이티드레시틴, 글리세릴스테아레이트, 바쿠치올, 팔미틱애씨드, 소듐폴리아크릴레이트, 스테아릭애씨드, 잔탄검, 레티놀(0.1 %), 아크릴레이트/C10-30알킬아크릴레이트크로스폴리머, 부틸렌글라이콜, 다이포타슘글리시리제이트, 아데노신, 트로메타민, 폴리쿼터늄-51, 베타-글루칸, 세틸알코올, 비에이치티, 콜라겐, 미리스틱애씨드, 비에이치에이, 류코노스톡/무발효여과물, 토코페롤, 비피다발효용해물, 세라마이드엔피, 효모발효물, 레틴알, 아시아티코사이드, 글리세릴폴리메타크릴레이트, 마데카소사이드, 프로필렌글라이콜, 폴리글리세릴-10올리에이트, 글라이코리피드, 돌콩펩타이드, 레스베라트롤, 수크로오스다이스테아레이트, 아시아틱애씨드, 마데카식애씨드, 팔미토일트라이펩타이드-1, 드럼스틱씨오일, 피이지-100스테아레이트, 폴리솔베이트20, 향료, 에틸헥실글리세린"
"A000000198230","[채서안PICK/화잘먹세럼] 아비브 부활초 비피다 세럼 퍼밍 드롭 50ml 기획 (+30ml 추가 증정)","아비브","50.0","80.0","ml","","32000","4000.0","정제수, 부틸렌글라이콜, 글리세린, 카프릴릭/카프릭트라이글리세라이드, 1,2-헥산다이올, 나이아신아마이드, 메틸프로판다이올, 트루로즈오브예리코추출물(2,072 ppm), 마카다미아씨오일, 메도우폼씨오일, 락토바실러스발효물, 시어버터, 퀸즈랜드넛오일, 올리브오일, 호호바씨오일, 포도씨오일, 소듐하이알루로네이트, 카카오추출물, 비피다발효여과물(28.5 ppm), 비피다발효용해물(13 ppm), 수용성콜라겐, 판테놀, 펜틸렌글라이콜, 소듐폴리아크릴로일다이메틸타우레이트, 하이드로제네이티드레시틴, 스쿠알란, 하이드로제네이티드폴리데센, 수크로오스팔미테이트, 트라이아이소스테아린, 트로메타민, 프로판다이올, 에틸헥실글리세린, 아데노신, 소듐다이라우미도글루타미드라이신, 글루코실루틴, 세라마이드엔피, 폴리글리세릴-10라우레이트, 폴리글리세릴-3메틸글루코오스다이스테아레이트, 덱스트린, 베타-글루칸, 소듐아스코빌포스페이트, 토코페롤, 바쿠치올, 트레할로오스, 다이프로필렌글라이콜, 피토스핑고신, 옥틸도데칸올, 포스파티딜콜린, 아시아티코사이드, 아시아틱애씨드, 글라이코리피드, 마데카식애씨드, 팔미토일트라이펩타이드-5, 솔비톨, 카보머, 잔탄검"
"A000000198624","[트러블 진정+모공 축소] 비레디 시카페인 트러블 리셋 세럼","비레디","","","","38000","31200","","편백수, 정제수, 부틸렌글라이콜, 글리세린, 다이프로필렌글라이콜, 베타인, 변성알코올, 나이아신아마이드, 스쿠알란, 카페인, 다이에톡시에틸석시네이트, 1,2-헥산다이올, 수크로오스스테아레이트, 소듐폴리아크릴로일다이메틸타우레이트, 글리세릴폴리메타크릴레이트, 폴리글리세릴-10스테아레이트, 폴리메틸메타크릴레이트, 메틸트라이메티콘, 하이드로제네이티드레시틴, 하이드로제네이티드포스파티딜콜린, 에틸헥실글리세린, 폴리글리세릴-10라우레이트, 티몰트라이메톡시신나메이트, 카보머, 트로메타민, 잔탄검, 글루코노락톤, 소듐시트레이트, 다이소듐이디티에이, 말라카이트추출물, 잇꽃꽃추출물, 덱스트린, 시트릭애씨드, 피토스테롤, 알지닌, 사이클로덱스트린, 하이드록시프로필사이클로덱스트린, 말토덱스트린, 토코페롤"
"A000000198832","테라로직 피토세라 프로 안티옥시던트 10X 탄력앰플 50ml","테라로직","50.0","50.0","ml","48000","36900","7380.0","정제수, 글리세린, 부틸렌글라이콜, 카프릴릭/카프릭트라이글리세라이드, 나이아신아마이드, 베타인, 메도우폼씨오일, 글리세릴스테아레이트, 1,2-헥산다이올, 프로판다이올, 세테아릴올리베이트, 카보머, 하이드록시아세토페논, 솔비탄올리베이트, 트로메타민, 소듐폴리아크릴로일다이메틸타우레이트, 하이드로제네이티드폴리데센, 황련뿌리추출물, 에틸헥실글리세린, 아데노신, 하이드롤라이즈드치자추출물, 하이드롤라이즈드맥아추출물, 다이소듐이디티에이, 향료, 하이드롤라이즈드삼색제비꽃추출물, 카카오씨추출물, 트라이데세스-10, 하이알루로닉애씨드, 하이드롤라이즈드하이알루로닉애씨드, 소듐하이알루로네이트, 프로필렌글라이콜, 덱스트린, 하이드롤라이즈드콜라겐, 백설차잎추출물, 피토스테롤, 하이드로제네이티드레시틴, C18-36애씨드트라이글리세라이드, 세테아릴알코올, 호호바에스터, 스테아릭애씨드, C12-18애씨드트라이글리세라이드, 스쿠알렌, 세라마이드엔피, 피토스테릴마카다미에이트, 콜레스테롤, 피토스핑고신, 토코페롤, 세라마이드엔지, 세라마이드엔에스, 세라마이드에이피, 세라마이드에이에스, 세라마이드이오피"
"A000000198924","[기미잡티개선/미백성분함유] 원진이펙트 멜라리스 앰플 50g","원진이펙트","50.0","50.0","g(약 1ml 상당으로 근사)","25000","19900","3980.0","정제수, 글리세레스-26, 글리세린, 트라이에틸헥사노인, 1,2-헥산다이올, 나이아신아마이드, 카프릴릭/카프릭트라이글리세라이드, 폴리솔베이트60, 글리세릴스테아레이트에스이, 다이메티콘, 베타인, 스쿠알란, 옥틸도데칸올, 다이메티콘올, 세테아릴올리베이트, 소듐아크릴레이트/소듐아크릴로일다이메틸타우레이트코폴리머, 솔비탄올리베이트, 아이소헥사데칸, 비사보롤, 시어버터, 트라이-C14-15알킬시트레이트, 사이클로펜타실록세인, 폴리솔베이트80, 부틸렌글라이콜, 에틸헥실글리세린, 세틸알코올, 스테아릴알코올, 향료, 아데노신, 다이소듐이디티에이, 소듐하이알루로네이트, 바베이도스체리추출물, 인도멀구슬나무꽃추출물, 홀리바질잎추출물, 인도멀구슬나무잎추출물, 펜틸렌글라이콜, 울금뿌리추출물, 참산호말추출물, 글루타티온, 마데카소사이드, 트라넥사믹애씨드, 석송추출물, 쇠뜨기추출물, 피토스테롤, 레시틴, 유비퀴논, 솔비탄카프릴레이트, 잔탄검"
"A000000199173","[PDRN세럼 선물세트] 오휘 프라임AD 디에이징 앰플세럼 20ml 세트","오휘","20.0","20.0","ml","55000","46750","23375.0","[디에이징 앰플 세럼]
정제수, 글리세린, 프로판다이올, 비스-피이지-15메틸에터다이메티콘, 다이메티콘, 변성알코올, 1,2-헥산다이올, 판테놀, 트레할로오스, 하이드로제네이티드레시틴, 다이프로필렌글라이콜, 부틸렌글라이콜, 폴리실리콘-11, 하이드로제네이티드폴리데센, 폴리아크릴레이트-13, 에탄올, 폴리솔베이트20, 알지닌, 폴리메틸실세스퀴옥세인, 카보머, 락토바실러스/콩발효추출물, 폴리아이소부텐, 알란토인, 암모늄아크릴로일다이메틸타우레이트/베헤네스-25메타크라일레이트크로스폴리머, 카페인, 카르니틴, 피토스테릴/옥틸도데실라우로일글루타메이트, 효모/감자추출물발효여과물, 솔비톨, 세틸포스페이트, 효모/보리씨발효여과물, 붉나무추출물, 아데노신, 피이지-14M, 한련초추출물, 아크릴레이트/C10-30알킬아크릴레이트크로스폴리머, 솔비탄아이소스테아레이트, 덱스트린, 카카오씨추출물, 카프릴릴글라이콜, 데실글루코사이드, 글리세릴아크릴레이트/아크릴릭애씨드코폴리머, 마텔추출물, 플로레틴, 소듐락테이트, 실리카, 티옥틱애씨드, 에틸헥실글리세린, 아세틸테트라펩타이드-9, 팔미토일트라이펩타이드-1, 토코페롤, 비에이치티, 팔미토일테트라펩타이드-7, 디엔에이, 향료, 리모넨, 리날룰, 제라니올, 시트로넬올

[앰플 캡쳐 크림 EX]
정제수, 글리세린, 부틸렌글라이콜, 카프 릴릭/카프릭트라이글리세라이드, 사이클로펜타 실록세인, 하이드로제네이티드폴리데센, 네오펜틸 글라이콜다이카프레이트, C14-22알코올, 다이메 티콘, 펜타에리스리틸테트라에틸헥사노에이트, 트레할로오스, 1,2-헥산다이올, 글리세릴스테아 레이트, 시어버터, 베타인, 피이지-100스테아레 이트, C12-20알킬글루코사이드, 판테놀, 실리카, 암모늄아크릴로일다이메틸타우레이트/브이피코 폴리머, 에탄올, 폴리아크릴레이트-13, 아크릴레 이트/C10-30알킬아크릴레이트크로스폴리머, 폴리 아이소부텐, 트로메타민, 스테아릴글리시레티네 이트, 베헤네스-20, 티타늄디옥사이드(CI 77891), 마이카, 붉나무추출물, 아데노신, 세테아릴알코올, 아라키딜알코올, 한련초추출물, 스쿠알란, 트라이 소듐이디티에이, 폴리솔베이트20, 적색산화철, 베헤닐알코올, 피토스테릴/이소스테아릴/세틸/ 스테아릴/베헤닐다이머디리놀리에이트, 솔비탄 아이소스테아레이트, 아라키딜글루코사이드, 솔비톨, 하이드로제네이티드레시틴, 마텔추출물, 카보머, 세라마이드엔피, 플로레틴, 소듐락테이트, 콜레스 테롤, 팔미틱애씨드, 스테아릭애씨드, 잔탄검, 토코 페롤, 아세틸테트라펩타이드-9, 팔미토일트라이 펩타이드-1, 팔미토일테트라펩타이드-7, 향료, 리모넨, 리날룰, 제라니올, 시트로넬올

[젤클렌져]
정제수, 글리세린, 포타슘코코일글리시네 이트, 아크릴레이트코폴리머, 코코-베타인, 1,2- 헥산다이올, 트레할로오스, 포타슘코코에이트, 라우 라미도프로필베타인, 향료, 다이프로필렌글라이콜, 소듐클로라이드, 변성알코올, 포타슘하이드록사 이드, 피이지-120메틸글루코오스트라이올리에이트, 에틸헥실글리세린, 테트라소듐이디티에이, 프로판 다이올, 카르니틴, 솔비톨, 에탄올, 부틸렌글라이콜, 알란토인, 시트릭애씨드, 플로레틴, 붉나무추출물, 한련초추출물, 유칼립투스잎추출물, 마텔추출물, 리모넨, 리날룰, 시트로넬올, 제라니올"
"A000000199261","[2주모공세럼/단독기획] 메이크프렘 엔드포어 베지티놀 모공세럼 50ml 기획(+인테카크림 31ml)","메이크프렘","50.0","81.0","ml","","28000","3456.8","정제수, 메틸프로판다이올, 프로판다이올, 1,2-헥산다이올, 부틸렌글라이콜, 나이아신아마이드, 글리세린, 콜라겐추출물, 인도멀구슬나무잎추출물, 인도멀구슬나무꽃추출물, 소듐하이알루로네이트, 홀리바질잎추출물, 카카오추출물, 울금뿌리추출물, 참산호말추출물, 수용성콜라겐, 펜틸렌글라이콜, 바쿠치올, 글리세릴폴리메타크릴레이트, 폴리글리세릴-10라우레이트, 암모늄아크릴로일다이메틸타우레이트/브이피코폴리머, 카페인, 아크릴레이트/C10-30알킬아크릴레이트크로스폴리머, 다이에톡시에틸석시네이트, 하이드로제네이티드레시틴, 하이드로제네이티드폴리아이소부텐, 판테놀, 트로메타민, 에틸헥실글리세린, 알란토인, 아데노신, 다이포타슘글리시리제이트, 글루코노락톤, 시트릭애씨드, 소듐파이테이트, 덱스트린, 베타-글루칸, 토코페롤, 사이아노코발아민, 유칼립투스잎오일, 발삼아미리스껍질오일, 멕시칸주니퍼오일, 스피어민트잎오일, 라벤더오일, 육두구커넬오일, 베르가모트오일"
"A000000199977","[모공케어] VT 마일드 리들샷 50 에센스 50ml","VT","50.0","50.0","ml","27000","24300","4860.0","정제수, 다이프로필렌글라이콜, 글리세린, 나이아신아마이드, 부틸렌글라이콜, 마카다미아씨오일, 1,2-헥산다이올, 에틸헥실팔미테이트, 소듐폴리아크릴레이트, 소듐아크릴레이트/소듐아크릴로일다이메틸타우레이트코폴리머, 폴리아이소부텐, 글리세레스-26, 실리카, 에틸헥실글리세린, 카프릴릴글라이콜, 아데노신, 소듐하이알루로네이트, 카프릴릴/카프릴글루코사이드, 솔비탄올리에이트, 병풀추출물, 글리세릴글루코사이드, 잔탄검, 알로에베라잎추출물, 글루코오스, 아스타잔틴, 프로폴리스추출물, 아시아티코사이드, 마데카소사이드, 마데카식애씨드, 아시아틱애씨드"
"A000000199981","[모공스팟케어] VT 리들샷 1000 에센스 15ml","VT","15.0","15.0","ml","63000","50400","33600.0","정제수, 메틸프로판다이올, 프로판다이올, 카프릴릭/카프릭트라이글리세라이드, 부틸렌글라이콜, 글리세린, 펜타에리스리틸테트라에틸헥사노에이트, 시어버터, 실리카, 나이아신아마이드, 마카다미아씨오일, 세테아릴알코올, 폴리글리세릴-3메틸글루코오스다이스테아레이트, 1,2-헥산다이올, 팔미틱애씨드, C12-16알코올, 암모늄아크릴로일다이메틸타우레이트/브이피코폴리머, 스테아릭애씨드, 소듐아크릴레이트/소듐아크릴로일다이메틸타우레이트코폴리머, 하이드로제네이티드레시틴, 폴리아이소부텐, 세테아릴글루코사이드, 에틸헥실글리세린, 카프릴릴글라이콜, 아데노신, 병풀추출물, 카프릴릴/카프릴글루코사이드, 솔비탄올리에이트, 다이소듐이디티에이, 토코페릴아세테이트, 소듐하이알루로네이트, 금, 하이드롤라이즈드엘라스틴, 홍삼추출물, 글라이신, 세린, 글루타믹애씨드, 프로폴리스추출물, 수용성프로테오글리칸, 아스파틱애씨드, 류신, 아시아티코사이드, 알라닌, 라이신, 알지닌, 타이로신, 페닐알라닌, 마데카소사이드, 마데카식애씨드, 아시아틱애씨드, 트레오닌, 프롤린, 발린, 아이소류신, 세라마이드엔피, 히스티딘, 메티오닌, 시스테인, 글라이코스핑고리피드"
"A000000200182","닥터하우쉬카 모공 탄력 세럼 50ml","닥터하우쉬카","50.0","50.0","ml","52000","49400","9880.0","정제수, 키드니베치추출물, 살구씨오일, 에탄올(유기농 곡물 유래), 버지니아풍년화껍질/잎추출물, 스위트아몬드오일, 올리브오일, 땅콩오일, 해바라기씨오일, 서양고추나물꽃/잎/줄기추출물, 글리세린, 포트마리골드꽃추출물, 레시틴, 당근추출물, 밀겨추출물, 호호바씨오일, 향료*, 알진, 잔탄검, 리날룰*, 시트랄*, 파네솔*, 리모넨*, 시트로넬올*, 제라니올*, 벤질벤조에이트, 유제놀*, 벤질살리실레이트*"
"A000000200663","[장벽강화세럼] 퍼셀 20억/mL 픽셀바이옴 유산균 원액 20ml","퍼셀","20.0","20.0","ml","","28000","14000.0","비피다발효용해물(45%), 락토바실러스발효용해물(45%), 부틸렌글라이콜, 1,2-헥산다이올, 에틸헥실글리세린"
"A000000200669","[미백&리페어] 아떼 비타 EGF 흔적엔딩 세럼","아떼","","","","35000","28000","","정제수, 비타민나무수, 부틸렌글라이콜, 다이프로필렌글라이콜, 나이아신아마이드, 글리세린, 1,2-헥산다이올, 베타인, 메틸프로판다이올, 베르가모트추출물, 메도우폼씨오일, 마카다미아씨오일, 시어버터, 병풀잎추출물, 소듐하이알루로네이트, 하이드롤라이즈드하이알루로닉애씨드, 키토산, 하이알루로닉애씨드, 다이에톡시에틸석시네이트, 스쿠알란, 폴리글리세릴-10라우레이트, 판테놀, 카프릴릴메티콘, 하이드로제네이티드레시틴, 트로메타민, 아크릴레이트/C10-30알킬아크릴레이트크로스폴리머, 카프릴릭/카프릭트라이글리세라이드, 에틸헥실글리세린, 소듐다이라우미도글루타미드라이신, 알란토인, 글리세릴아크릴레이트/아크릴릭애씨드코폴리머, 아데노신, 세라마이드엔피, 글루코실헤스페리딘, 팔미토일트라이펩타이드-5, 베타-글루칸, 헥사펩타이드-2, 하이드로제네이티드폴리데센, 트라이아이소스테아린, 프로판다이올, 바이오틴, 바이오플라보노이드, 폴리글리세릴-3메틸글루코오스다이스테아레이트, 토코페롤, 에스에이치-올리고펩타이드-1, 소듐아스코빌포스페이트, 3-O-에틸아스코빅애씨드, 페룰릭애씨드, 펜틸렌글라이콜, 벤질글라이콜, 하이드롤라이즈드글라이코사미노글리칸, 소듐하이알루로네이트크로스폴리머, 콜레스테롤, 하이드록시프로필트라이모늄하이알루로네이트, 아스코빅애씨드, 아스코빌글루코사이드, 소듐아세틸레이티드하이알루로네이트, 카보머, 잔탄검, 다이소듐이디티에이, 향료"
"A000000201338","한율 달빛유자C 세럼 30ml 기획 (+20ml)","한율","30.0","50.0","ml","37000","33300","6660.0","정제수, 부틸렌글라이콜, 글리세린, 카프릴릭/카프릭트라이글리세라이드, 나이아신아마이드
(비타민B3), 1,2-헥산다이올, 천궁수, 왜당귀뿌리수, 베헤닐알코올, 판테놀(비타민B5), 해바
라기씨오일, 리모넨, 유자껍질오일(5,000 ppm), 트로메타민, 카보머, 아크릴레이트/C10-30
알킬아크릴레이트크로스폴리머, 당근추출물, 타우린(1,000 ppm), 에틸헥실글리세린, 아데
노신, 유자추출물(262 ppm), 다이소듐이디티에이, 리날룰, 에칠아스코빌에텔(100 ppm),
탱자추출물, 베타-카로틴(비타민A*), 토코페롤(비타민E), 아스코빅애씨드(비타민C), 유자
껍질추출물(6 ppm) * 비타민A 전구체 베타-카로틴"
"A000000201642","로우퀘스트 에키네시아 카밍 모이스처 앰플 50ml","로우퀘스트","50.0","50.0","ml","","48000","9600.0","자주천인국추출물(73.0%), 프로판다이올, 글리세린, 부틸렌글라이콜, 다이프로필렌글라이콜, 1,2-헥산다이올, 나이아신아마이드, 글리세레스-26, 정제수, 하이드록시에틸아크릴레이트/소듐아크릴로일다이메틸타우레이트코폴리머, 카보머, 트로메타민, 다이페닐다이메티콘, 글리세레스-25피씨에이아이소스테아레이트, 트라이에틸헥사노인, 바이오사카라이드검-1, 야생딸기잎추출물, 에틸헥실글리세린, 아데노신, 솔비탄아이소스테아레이트, 폴리글리세릴-10올리에이트, 하이드로제네이티드레시틴, 다이소듐이디티에이, 하이드록시에틸셀룰로오스, 다이포타슘포스페이트, 하이알루로닉애씨드, 소듐하이알루로네이트, 하이드롤라이즈드하이알루로닉애씨드, 아세틸글루타민, 바나나추출물, 카카오추출물, 서양송악잎/줄기추출물, 코코넛야자오일, 비치스트로베리추출물, 치자꽃추출물, 목서꽃추출물, 발삼아미리스껍질오일, 셀룰로오스검"
"A000000201658","[모공입문세럼/1+1] 비플레인 녹두 모공 타이트업 세럼 30ml 1+1 기획","비플레인","30.0","60.0","ml","","24000","4000.0","정제수, 글리세린, 다이프로필렌글라이콜, 나이아신아마이드, 자일리톨, 1,2-헥산다이올, 부틸렌글라이콜, 하이드록시아세토페논, 아크릴레이트/C10-30알킬아크릴레이트크로스폴리머, 녹두추출물(2,000ppm), 트로메타민, 에틸헥실글리세린, 하이드롤라이즈드치자추출물, 하이드롤라이즈드맥아추출물, 하이드롤라이즈드삼색제비꽃추출물, 멘톡시프로판다이올, 아데노신, 트라이소듐에틸렌다이아민다이석시네이트, 펜틸렌글라이콜, 글리세릴글루코사이드, 석류나무꽃추출물, 덱스트린, 하이알루로닉애씨드, 치자추출물, 녹두씨추출물(5ppm), 얼룩파인애플추출물, 사과추출물, 복숭아추출물, 로우스위트블루베리추출물, 글라이코젠, 아세틸헥사펩타이드-8"
"A000000202299","[청담샵 화잘먹/속수분]  포레스트 서울 히알 피톤시카 세럼 50ml","포레스트 서울","50.0","50.0","ml","33000","19800","3960.0","정제수, 글리세린, 부틸렌글라이콜, 프로판다이올, 1,2-헥산다이올, 나이아신아마이드, 폴리글리세릴-10라우레이트, 판테놀, 편백수, 병풀추출물(1000.001 ppb), 병풀꽃/잎/줄기추출물(100 ppb), 마데카식애씨드(0.0003 ppb), 아시아틱애씨드(0.0003 ppb), 아시아티코사이드(0.0004 ppb), 동백나무꽃추출물, 잣나무씨추출물, 백미꽃추출물, 글루코오스, 클로렐라 불가리스추출물, 소듐하이알루로네이트, 하이드록시프로필트라이모늄하이알루로네이트, 소듐아세틸레이티드하이알루로네이트, 하이드롤라이즈드하이알루로닉애씨드, 하이알루로닉애씨드, 소듐하이알루로네이트크로스폴리머, 하이드롤라이즈드소듐하이알루로네이트, 포타슘하이알루로네이트, 아크릴레이트/C10-30알킬아크릴레이트크로스폴리머, 트로메타민, 프룩토오스, 프룩토올리고사카라이드, 에틸헥실글리세린, 아데노신, 다이소듐이디티에이, 토코페롤, 다이프로필렌글라이콜, 하이드로제네이티드레시틴, 소듐스테아로일글루타메이트, 레시틴, 소듐아스코빌포스페이트, 향료"
"A000000202437","[수분광채] VT 피디알엔 에센스 100 30ml","VT","30.0","30.0","ml","45000","19900","6633.3","정제수, 아이소프로필미리스테이트, 산양삼추출물, 카프릴릭/카프릭트라이글리세라이드, 세틸에틸헥사노에이트, 글리세린, 프로판다이올, 나이아신아마이드, 폴리글리세릴-2다이폴리하이드록시스테아레이트, 피이지-30다이폴리하이드록시스테아레이트, 폴리글리세릴-3다이아이소스테아레이트, 1,2-헥산다이올, 토코페롤, 하이드록시아세토페논, 해바라기씨오일, 아크릴레이트/C10-30알킬아크릴레이트크로스폴리머, 알지닌, 아데노신, 세라마이드엔피, 바오밥나무씨오일, 다이소듐이디티에이, 하이드로제네이티드레시틴, 알란토인, 스쿠알란, 판테놀, 폴리글루쿠로닉애씨드, 세라마이드엔에스, 세라마이드에이에스, 세라마이드이오피, 세라마이드에이피, 소듐디엔에이"
"A000000202461","[모공X탄력X장벽] 빌리프 슈퍼드랍스 펩타이드 퍼밍 세럼 30ml","빌리프","30.0","30.0","ml","38000","29000","9666.7","[본품 - 펩타이드 퍼밍 세럼]
정제수, 글리세린, 다이프로필렌글라이콜, 나이아신아마이드, 트라이에틸헥사노인, 펜타에리스리틸테트라에틸헥사노에이트, 1,2-헥산다이올, 판테놀, 카프릴릭/카프릭트라이글리세라이드, 폴리메틸실세스퀴옥세인, 베타인, 메틸글루코오스세스퀴스테아레이트, 세린, 알지닌, 트로메타민, 아크릴레이트/C10-30알킬아크릴레이트크로스폴리머, 시트릭애씨드, 카보머, 다이포타슘글리시리제이트, 트레할로오스, 아데노신, 육두구추출물, 스클레로튬검, 소듐글루코네이트, 석시노글리칸, 베타-글루칸, 하이드롤라이즈드하이알루로닉애씨드, 소듐하이알루로네이트, 돌콩오일, 레몬밤꽃/잎/줄기수*, 로즈마리잎수*, 타임잎추출물*, 유칼립투스잎추출물*, 폴스애플민트잎추출물*, 로즈힙열매추출물*, 덱스트린, 카카오씨추출물, 레티놀, 부틸렌글라이콜, 마카다미아씨오일, 하이드로제네이티드레시틴, 콜레스테롤, 폴리글리세릴-10라우레이트, 유채스테롤, 카프릴릴글라이콜, 피토스테릴/베헤닐/옥틸도데실라우로일글루타메이트, 레틴알, 실리카, 포타슘세틸포스페이트, 세라마이드엔피, 펜타에리스리틸테트라-다이-T-부틸하이드록시하이드로신나메이트, 아세틸헥사펩타이드-8(0.05ppm), 다이소듐이디티에이, 오렌지껍질오일+, 라임전초오일+, 센티드제라늄꽃오일+, 로즈마리잎오일+, 리모넨, 시트로넬올, 제라니올, 시트랄, 리날룰
*표시: belif original formula
+표시: 식물 유래 향

[증정 - 뉴메로 에센스]
정제수, 글리세린, 변성알코올, 다이프로필렌글라이콜, 부틸렌글라이콜, 1,2-헥산다이올, 트레할로오스, 바위손추출물*, 귀리커넬추출물+, 포트마리골드꽃추출물+, 개박하추출물+, 라즈베리잎추출물+, 와일드인디고뿌리추출물+, 별꽃추출물+, 레이디스맨틀잎추출물**, 삼색제비꽃추출물**, 다마스크장미꽃추출물**, 메도우스위트꽃추출물**, 마시멜로뿌리추출물**, 베타인, 판테놀, 아이리쉬모스추출물, 암모늄아크릴로일다이메틸타우레이트/브이피코폴리머, 피이지-40하이드로제네이티드캐스터오일, 옥틸도데세스-16, 카보머, 글리세릴아크릴레이트/아크릴릭애씨드코폴리머, 소듐폴리아크릴레이트, 트로메타민, 트라이소듐이디티에이, 오렌지껍질오일++, 라임전초오일++, 로즈마리잎오일++, 센티드제라늄꽃오일++, 리모넨, 시트로넬올, 제라니올, 시트랄, 리날룰 (*표시: 부활초 추출물, +표시: Napiers original formula, **표시: Napiers moisture formula, ++표시: 식물 유래 향)"
"A000000202463","빌리프 슈퍼드랍스 글로우 세럼 50ml","빌리프","50.0","50.0","ml","46000","35300","7060.0","정제수, 다이메티콘, 메틸트라이메티콘, 세틸에틸헥사노에이트, 에이치디아이/트라이메틸올헥실락톤크로스폴리머, 2,3-부탄다이올, 변성알코올, 글리세린, 아이소도데케인, 합성플루오르플로고파이트, 나이아신아마이드, 피이지-10다이메티콘, 세틸피이지/피피지-10/1다이메티콘, 다이메티콘/피이지-10/15크로스폴리머, 1,2-헥산다이올, 판테놀, 레몬밤꽃/잎/줄기수*, 로즈마리잎수*, 타임잎추출물*, 유칼립투스잎추출물*, 폴스애플민트잎추출물*, 로즈힙열매추출물*, 베타인, 소듐글루코네이트, 글루코노락톤, 피토스테롤, 스쿠알란, 아스코빅애씨드, 하이드로제네이티드레시틴, 세라마이드엔피, 세라마이드엔에스, 콜레스테롤, 피토스핑고신, 세라마이드에이피, 세라마이드에이에스, 세라마이드이오피, 다이스테아다이모늄헥토라이트, 마그네슘설페이트, 다이스테아릴다이모늄클로라이드, 팔미틱애씨드, 실리카, 토코페릴아세테이트, 스테아릭애씨드, 다이프로필렌글라이콜, 틴옥사이드, 소듐시트레이트, 토코페롤, 펜타에리스리틸테트라-다이-T-부틸하이드록시하이드로신나메이트, 세테아릴알코올, 오렌지껍질오일+, 라임전초오일+, 센티드제라늄꽃오일+, 로즈마리잎오일+, 리모넨, 시트로넬올, 제라니올, 시트랄, 리날룰, 티타늄디옥사이드 (CI 77891), 적색산화철
*표시: belif original formula
+표시: 식물 유래 향"
"A000000202708","메디앤서 비타 콜라겐 로직 앰플 30ml","메디앤서","30.0","30.0","ml","","38000","12666.7","정제수, 글리세린, 다이프로필렌글라이콜, 프로판다이올, 글리세레스-26, 메틸글루세스-20, 나이아신아마이드, 부틸렌글라이콜, 판테놀(10,500 ppm) 1,2-헥산다이올, 콜라겐(3,000 ppm), 글리세레스-25피씨에이아이소스테아레이트, 하이드록시아세토페논, 다이페닐다이메티콘, 트라이에틸헥사노인, 카보머, 소듐폴리아크릴로일다이메틸타우레이트, 트로메타민, 하이드로제네이티드레시틴, 에틸헥실글리세린, 폴리글리세릴-10올리에이트, 잔탄검, 아데노신, 글리세릴아크릴레이트/아크릴릭애씨드코폴리머, 시어버터, 황련뿌리추출물, 소듐폴리아크릴레이트, 트라이소듐에틸렌다이아민다이석시네이트, 카카오씨추출물, 퀸즈랜드넛오일, 소듐하이알루로네이트, 하이알루로닉애씨드, 하이드롤라이즈드하이알루로닉애씨드, 달맞이꽃오일, 향료, 덱스트린, 팔미틱애씨드, 하이드롤라이즈드엘라스 틴, 올레익애씨드, 스테아릭애씨드, 소듐서팩틴, 미리스틱 애씨드, 아스코빅애씨드(0.1 ppm), 글루타티온, 스쿠알란, 다이메틸아이소소바이드, 토코페롤(0.07 ppm), 해바라기씨오일, 하이드록시피나콜론레티노에이트(0.01 ppm), 글라이신, 팔미토일트라이펩타이드-5, 아세틸테트라펩타이드-5, 아세틸헥사펩타이드-8, 카퍼트라이펩타이드-1"
"A000000202905","[항산화/광채케어]주미소 안티옥시던트 글로우 수분광채 에센스 40ml","주미소","40.0","40.0","ml","","32000","8000.0","정제수, 프로판다이올, 부틸렌글라이콜, 나이아신아마이드, 메틸프로판다이올, 펜틸렌글라이콜, 1,2-헥산다이올, 아이소펜틸다이올, 옥틸도데세스-16, 알파-알부틴, 글리세릴글루코사이드, 글리세린, 카보머, 아데노신, 암모늄아크릴로일다이메틸타우레이트/브이피코폴리머, 토코페롤, 판테놀, 윈터체리뿌리추출물, 트로메타민, 병풀잎추출물"
"A000000202907","대웅제약 이지듀 기미잡티앰플 12ml+기미패치 2매 기획","이지듀","12.0","12.0","ml","49000","29900","24916.7","*멜라토닝 앰플
정제수, 부틸렌글라이콜, 글리세린, 다이펜타에리스리틸헥사C5-9애씨드에스터, 다이페닐다이메티콘, 비닐다이메티콘, 나이아신아마이드(5%), 베타인, 프로판다이올, 메틸프로판다이올, 비피다발효용해물, 1,2-헥산다이올, 펜틸렌글라이콜, 에스에이치-올리고펩타이드-1(1.5ppm), 알파-알부틴, 3-O-에틸아스코빅애씨드, 트라넥사믹애씨드, 글루타티온, 클로렐라 불가리스추출물, 마조람잎오일, 베르가모트오일, 인도멀구슬나무꽃추출물, 홀리바질잎추출물, 캐모마일꽃오일, 약모밀추출물, 소듐아스코빌포스페이트, 아스코빌글루코사이드, 아스코빌테트라이소팔미테이트, 비사보롤, 마그네슘아스코빌포스페이트, 헤스페리딘메틸칼콘, 인도멀구슬나무잎추출물, 카카오씨추출물, 멕시칸주니퍼오일, 울금뿌리추출물, 소듐하이알루로네이트, 참산호말추출물, 왕귤껍질오일, 흰목이버섯추출물, 해바라기씨오일, 흰서양송로추출물, 화이트루핀씨추출물, 류코노스톡/무발효여과물, 키토산, 가지열매추출물, 하이드록시에틸우레아, 폴리아크릴레이트크로스폴리머-6, 하이드로제네이티드레시틴, 글루코오스, 아크릴레이트/C10-30알킬아크릴레이트크로스폴리머, 트로메타민, 프룩토올리고사카라이드, 프룩토오스, 소듐다이라우미도글루타미드라이신, 카프릴릭/카프릭트라이글리세라이드, 트라이에틸헥사노인, 에틸헥실글리세린, 아데노신, 니코티노일다이펩타이드-23, 아세틸헥사펩타이드-8, 소듐시트레이트, 다이펩타이드-2, 시트릭애씨드, 팔미토일테트라펩타이드-7, 알란토인, 소듐파이테이트, 글리세릴아크릴레이트/아크릴릭애씨드코폴리머, 레시틴, 덱스트린, 소듐스테아로일글루타메이트, 리놀레닉애씨드, 다이프로필렌글라이콜, 토코페롤, 콜레스-24, 카프릴릴/카프릴글루코사이드, 콜레스테롤, 세라마이드엔피, 카프릴릴글라이콜, 스테아레스-20, 에탄올, t-부틸알코올, 다이소듐이디티에이, 클로헥시딘디글루코네이트, 포타슘솔베이트, 리모넨, 리날룰

*멜라토닝 패치
정제수, 글리세린, 소듐폴리아크릴레이트, 나이아신아마이드, 아이리쉬모스가루, 카라기난, 코코넛야자오일, 캐롭검, 마조람잎오일, 베르가모트오일, 캐모마일꽃오일, 알파-알부틴, 멕시칸주니퍼오일, 왕귤껍질오일, 판테놀, 아가, 폴리아크릴릭애씨드, 하이드록시아세토페논, 폴리솔베이트80, 알루미늄글리시네이트, 포타슘클로라이드, 아데노신, 실리카, 타타릭애씨드, 소듐파이테이트, 트라넥사믹애씨드, 부틸렌글라이콜, 카프릴릭/카프릭트라이글리세라이드, 1,2-헥산다이올, 하이드로제네이티드레시틴, 글루타티온, 카프릴릴글라이콜, 소듐스테아로일글루타메이트, 니코티노일다이펩타이드-23, 소듐아스코빌포스페이트, 에스에이치-올리고펩타이드-1(0.1ppm), 비사보롤, 헤스페리딘메틸칼콘, 스테아레스-20, 소듐시트레이트, 다이펩타이드-2, 시트릭애씨드, 팔미토일테트라펩타이드-7, 폴리비닐알코올, 잔탄검, 에탄올, 다이소듐이디티에이, 클로페네신, 클로헥시딘디글루코네이트, 포타슘솔베이트, 리모넨, 리날룰"
"A000000202920","[미백집중] VT 비타-라이트 리들샷 100 에센스 50ml","VT","50.0","50.0","ml","48000","36900","7380.0","정제수, 다이프로필렌글라이콜, 글리세린, 나이아신아마이드, 폴리글리세린-3, 카프릴릭/카프릭트라이글리세라이드, 1,2-헥산다이올, 베타인, 소듐카보머, 암모늄아크릴로일다이메틸타우레이트/브이피코폴리머, 실리카, 에틸헥실글리세린, 아크릴레이트/C10-30알킬아크릴레이트크로스폴리머, C12-14알케스-12, 하이드록시에틸셀룰로오스, 하이드록시아세토페논, 카프릴릴글라이콜, 아데노신, 트로메타민, 부틸렌글라이콜, 인도멀구슬나무잎추출물, 다이소듐이디티에이, 인도멀구슬나무꽃추출물, 구아검, 울금뿌리추출물, 아가, 잔탄검, 유비퀴논, 병풀추출물, 홀리바질잎추출물, 토코페롤, 아스코빅애씨드, 하이드로제네이티드폴리데센, 비타민나무열매오일, 글루타티온, 비타민나무수, 프로판다이올, 참산호말추출물, 폴리글리세릴-10 라우레이트, 아스타잔틴, 하이드로제네이티드포스파티딜콜린, 다이소듐포스페이트, 폴리솔베이트60, 레티닐팔미테이트, 비파나무잎추출물, 소듐포스페이트, 소듐라우로일글루타메이트, 스피어민트추출물, 소듐하이알루로네이트, 프로폴리스추출물, 페룰릭애씨드, 아시아티코사이드, 아시아틱애씨드, 마데카식애씨드, 마데카소사이드"
"A000000202923","[모공집중] VT 레티-에이 리들샷 100 에센스 50ml","VT","50.0","50.0","ml","48000","36900","7380.0","정제수, 다이프로필렌글라이콜, 글리세린, 나이아신아마이드, 부틸렌글라이콜, 마카다미아씨오일, 다이메틸아이소소바이드, 1,2-헥산다이올, 에틸헥실팔미테이트, 소듐폴리아크릴레이트, 소듐아크릴레이트/소듐아크릴로일다이메틸타우레이트코폴리머, 글리세릴스테아레이트, 폴리글리세릴-6스테아레이트, 폴리아이소부텐, 실리카, 하이드록시피나콜론레티노에이트, 알란토인, 글리세레스-26, 에틸헥실글리세린, 카프릴릴글라이콜, 잔탄검, 다이포타슘글리시리제이트, 아데노신, 카프릴릴/카프릴글루코사이드, 솔비탄올리에이트, 폴리글리세릴-6베헤네이트, 소듐하이알루로네이트, 레시틴, 폴리솔베이트20, 병풀추출물, 레티놀, 바쿠치올, 해바라기씨오일, 베타-카로틴, 프로폴리스추출물, 감나무잎추출물, 포도추출물, 커피콩추출물, 잇꽃꽃추출물, 호장근뿌리추출물, 아시아티코사이드, 밤껍질추출물, 녹차추출물, 초피나무열매추출물, 마데카소사이드, 마데카식애씨드, 아시아틱애씨드"
"A000000203039","달팡 인트랄 수딩 앤 포티파잉 인텐시브 세럼 30ml","달팡","30.0","30.0","ml","115000","114710","38236.7","정제수,프로판다이올,판테놀,트라이아이소스테아린,아이소스테아릴알코올,부틸렌글라이콜,부틸렌글라이콜코코에이트,글리세린,스위트아몬드오일,서양자두씨추출물,락토바실러스발효물,조류추출물,동백나무씨오일,비사보롤,다이포타슘글리시리제이트,돌콩스테롤,피토스핑고신,바이오사카라이드검-1,소듐하이알루로네이트,마트리카리아추출물,스클레로튬검,발레이추출물,풀루란,밀배아추출물,알테로모나스발효추출물,모란뿌리추출물,모노기나산사꽃추출물,베타인,미레스-3미리스테이트,에틸헥실글리세린,스쿠알란,카페인,소듐스테아로일글루타메이트,리놀레익애씨드,잔탄검,에틸셀룰로오스,레시틴,다이소듐이디티에이,소듐하이드록사이드,실리카,아크릴레이트/C10-30알킬아크릴레이트크로스폴리머,파네솔,토코페릴아세테이트,비에이치티,토코페롤,클로페네신,페녹시에탄올,소듐벤조에이트,포타슘솔베이트"
"A000000203789","[목주름 개선] 도미나스 앳클리닉 레티놀 1600 넥 샷 목주름 세럼 30ml","도미나스","30.0","30.0","ml","39900","31920","10640.0","정제수, 글리세린, 카프릴릭/카프릭트라이글리세라이드, 프로판다이올, 다이메티콘, 시어버터, 나이아신아마이드, 판테놀, 스쿠알란, 실리카, 1,2-헥산다이올, 글리세릴스테아레이트, 폴리글리세릴-3메틸글루코오스다이스테아레이트, 토코페릴아세테이트, 트레할로오스, 부틸렌글라이콜, 하이드로제네이티드레시틴, 세테아릴알코올, 해바라기씨오일, 아라키딜알코올, 피이지-100스테아레이트, 암모늄아크릴로일다이메틸타우레이트/브이피코폴리머, 베헤닐알코올, 다이포타슘글리시리제이트, 세라마이드엔피, 쌀겨왁스, 스테아릴글리시레티네이트, 알란토인, 펜틸렌글라이콜, 아라키딜글루코사이드, 트로메타민, 3-O-에틸아스코빅애씨드, 엑토인, 글리세릴카프릴레이트, 글리세릴베헤네이트, 폴리솔베이트20, 레티놀(0.05%. 1,600IU/g), 4-T-부틸사이클로헥산올, 아크릴레이트/C10-30알킬아크릴레이트크로스폴리머, 아스코빅애씨드, 비에이치티, 소듐메타바이설파이트, 아데노신, 호장근뿌리추출물, 육두구추출물, 펜타에리스리틸테트라-다이-T-부틸하이드록시하이드로신나메이트, 트라이소듐이디티에이, 베타-글루칸, 폴록사머188, 폴리솔베이트60, 세틸팔미테이트, 글리세릴다이스테아레이트, 미리스틸미리스테이트, 소듐스테아로일글루타메이트, 소듐아스코빌포스페이트, 에탄올, 소듐설파이트, 우엉뿌리추출물, 비에이치에이, 트리스(테트라메틸하이드록시피페리딘올)시트레이트, 베타-카로틴, 당근추출물, 당근씨오일, 서양고추나물추출물, 딜추출물, 소듐하이알루로네이트, 토코페롤, 글라이신, 카보머, 소듐락테이트, 스페인감초뿌리추출물, 카프릴릴글라이콜, 아세틸테트라펩타이드-9, 아세틸헥사펩타이드-8, 카퍼트라이펩타이드-1, 팔미토일트라이펩타이드-1, 팔미토일테트라펩타이드-7, 향료, 리날룰, 제라니올
* 기능성 성분 : 나이아신아마이드(미백), 아데노신(주름개선)"
"A000000203805","리쥬란 바이옴 힐러 유스포뮬러 앰플 30ml기획 (+더마힐러 앰플1ml*7+더마힐러 크림10g+더마힐러 마스크23ml)","리쥬란","30.0","54.0","ml","63000","49900","9240.7","정제수, 글리세린, 카프릴릭/카프릭트라이글리세라이드, 스쿠알란, 1,2-헥산다이올, 베헤닐알코올, 나이아신아마이드, 올리브오일, 폴리글리세릴-3메틸글루코오스다이스테아레이트, 쿠티박테리움 아크네스발효여과물, 스트렙토코쿠스 테르모필루스발효물, 스타퓔로코쿠스 에피데르미디스발효여과물, 엔히드로박테르 아에로사쿠스발효추출여과물, 하이드롤라이즈드디엔에이, 베타-글루칸, 토코페롤, 세라마이드엔피, 시어버터, 아이리쉬모스추출물, 자일리틸글루코사이드, 클로렐라 불가리스추출물, 사탕수수추출물, 자일리톨, 부틸렌글라이콜, 하이드로제네이티드레시틴, 암모늄아크릴로일다이메틸타우레이트/브이피코폴리머, 판테놀, 글루코오스, 안하이드로자일리톨, 프룩토올리고사카라이드, 프룩토오스, 에틸헥실글리세린, 아데노신, 소듐파이테이트, 다이프로필렌글라이콜, 펜틸렌글라이콜, 콜레스-24, 세테아릴알코올"
"A000000204646","[김지원 PICK] 더후 비첩 자생 에센스 50ml","더후","50.0","50.0","ml","165000","143000","28600.0","정제수, 글리세린, 다이프로필렌글라이콜, 피이지/피피지/폴리부틸렌글라이콜-8/5/3글리세린, 글리세릴폴리메타크릴레이트, 다이메티콘, 1,2-헥산다이올, 부틸렌글라이콜, 판테놀, 피이지-150, 페닐트라이메티콘, 프로필렌글라이콜, 폴리메틸실세스퀴옥세인, 하이드로제네이티드레시틴, 하이드록시프롤린, 폴리솔베이트60, C14-22알코올, 스쿠알란, 세라마이드엔피, 트로메타민, 마카다미아씨오일, 트라이에틸헥사노인, 카보머, 알란토인, 피이지-10레이프씨드스테롤, 아라키딜글루코사이드, 시어버터, 다이메티콘올, 소듐폴리아크릴레이트, 글리세릴스테아레이트, 아크릴레이트/C10-30알킬아크릴레이트크로스폴리머, 시로미열매즙, 마이카, 바이오사카라이드검-1, 스테아릭애씨드, 토코페롤, 티타늄디옥사이드(CI 77891), 콜레스테롤, 피이지-100스테아레이트, 베타-글루칸, 글리세레스-20, 폴리우레탄-15, 트라이소듐이디티에이, 적색산화철, 돌콩오일, 베타인, 니코틴아마이드아데닌다이뉴클레오타이드, 트레할로오스, 천문동뿌리추출물, 글리시레티닉애씨드, 에틸헥실글리세린, 다이메티콘/비닐다이메티콘크로스폴리머, 펜틸렌글라이콜, 소듐락테이트, 알지닌, 참마뿌리추출물, 스페인감초뿌리추출물, 각시둥굴레뿌리줄기/뿌리추출물, 하수오뿌리추출물, 참당귀뿌리추출물, 인삼추출물, 쿼세틴, 아모다이메티콘, 밀리타리스동충하초추출물, 동충하초추출물, 다이소듐이디티에이, 피토스테롤, 폴리솔베이트20, 소듐하이드록사이드, 애기부들이삭추출물, 글루타믹애씨드, 산수유열매추출물, 타임추출물, 하이드록시에틸피페라진에탄설포닉애씨드, 소듐스테아로일글루타메이트, 솔비탄올리에이트, 육계나무껍질추출물, 작약뿌리추출물, 소듐글루타메이트, 소엽맥문동뿌리추출물, 황금추출물, 삽주뿌리줄기추출물, 방풍뿌리추출물, 생강추출물, 대추추출물, 홍삼추출물, 소듐디엔에이, 포타슘아스파테이트, 트립토판, 아스파라진, 비오틴/폴릭애씨드/시아노코바라민/니아신아마이드/판토테닉애씨드/피리독신/리보플라빈/티아민/효모폴리펩테이드, 글루타민, 포타슘솔베이트, 프롤린, 알라닌, 글라이신, 트레오닌, 글라이코프로테인, 라이신, 세린, 지황뿌리추출물, 알부틴, 발린, 류신, 페닐알라닌, 타이로신, 올리고펩타이드-1, 아세틸헥사펩타이드-8, 카퍼트라이펩타이드-1, 영지버섯추출물, 올리고펩타이드-2, 아이소류신, 히스티딘, 팔미토일트라이펩타이드-1, 올리고펩타이드-4, 팔미토일테트라펩타이드-7, 하이드롤라이즈드콩단백질, 복령균핵추출물, 히스티딘에이치씨엘, 메티오닌, 이노시톨, 시스틴, 폴릭애씨드, 나이아신아마이드, 피리독신에이치씨엘, 티아민에이치씨엘, 칼슘판토테네이트, 바이오틴, 리보플라빈, 사이아노코발아민, 향료, 제라니올, 리날룰, 리모넨, 벤질벤조에이트, 하이드록시시트로넬알, 시트로넬올"
"A000000204647","[김지원 PICK] 더후 비첩 자생 에센스 디스커버리 세트","더후","","","","85000","73500","","[본품 비첩 자생 에센스]
정제수, 글리세린, 다이프로필렌글라이콜, 피이지/피피지/폴리부틸렌글라이콜-8/5/3글리세린, 글리세릴폴리메타크릴레이트, 다이메티콘, 1,2-헥산다이올, 부틸렌글라이콜, 판테놀, 피이지-150, 페닐트라이메티콘, 프로필렌글라이콜, 폴리메틸실세스퀴옥세인, 하이드로제네이티드레시틴, 하이드록시프롤린, 폴리솔베이트60, C14-22알코올, 스쿠알란, 세라마이드엔피, 트로메타민, 마카다미아씨오일, 트라이에틸헥사노인, 카보머, 알란토인, 피이지-10레이프씨드스테롤, 아라키딜글루코사이드, 시어버터, 다이메티콘올, 소듐폴리아크릴레이트, 글리세릴스테아레이트, 아크릴레이트/C10-30알킬아크릴레이트크로스폴리머, 시로미열매즙, 마이카, 바이오사카라이드검-1, 스테아릭애씨드, 토코페롤, 티타늄디옥사이드(CI 77891), 콜레스테롤, 피이지-100스테아레이트, 베타-글루칸, 글리세레스-20, 폴리우레탄-15, 트라이소듐이디티에이, 적색산화철, 돌콩오일, 베타인, 니코틴아마이드아데닌다이뉴클레오타이드, 트레할로오스, 천문동뿌리추출물, 글리시레티닉애씨드, 에틸헥실글리세린, 다이메티콘/비닐다이메티콘크로스폴리머, 펜틸렌글라이콜, 소듐락테이트, 알지닌, 참마뿌리추출물, 스페인감초뿌리추출물, 각시둥굴레뿌리줄기/뿌리추출물, 하수오뿌리추출물, 참당귀뿌리추출물, 인삼추출물, 쿼세틴, 아모다이메티콘, 밀리타리스동충하초추출물, 동충하초추출물, 다이소듐이디티에이, 피토스테롤, 폴리솔베이트20, 소듐하이드록사이드, 애기부들이삭추출물, 글루타믹애씨드, 산수유열매추출물, 타임추출물, 하이드록시에틸피페라진에탄설포닉애씨드, 소듐스테아로일글루타메이트, 솔비탄올리에이트, 육계나무껍질추출물, 작약뿌리추출물, 소듐글루타메이트, 소엽맥문동뿌리추출물, 황금추출물, 삽주뿌리줄기추출물, 방풍뿌리추출물, 생강추출물, 대추추출물, 홍삼추출물, 소듐디엔에이, 포타슘아스파테이트, 트립토판, 아스파라진, 비오틴/폴릭애씨드/시아노코바라민/니아신아마이드/판토테닉애씨드/피리독신/리보플라빈/티아민/효모폴리펩테이드, 글루타민, 포타슘솔베이트, 프롤린, 알라닌, 글라이신, 트레오닌, 글라이코프로테인, 라이신, 세린, 지황뿌리추출물, 알부틴, 발린, 류신, 페닐알라닌, 타이로신, 올리고펩타이드-1, 아세틸헥사펩타이드-8, 카퍼트라이펩타이드-1, 영지버섯추출물, 올리고펩타이드-2, 아이소류신, 히스티딘, 팔미토일트라이펩타이드-1, 올리고펩타이드-4, 팔미토일테트라펩타이드-7, 하이드롤라이즈드콩단백질, 복령균핵추출물, 히스티딘에이치씨엘, 메티오닌, 이노시톨, 시스틴, 폴릭애씨드, 나이아신아마이드, 피리독신에이치씨엘, 티아민에이치씨엘, 칼슘판토테네이트, 바이오틴, 리보플라빈, 사이아노코발아민, 향료, 제라니올, 리날룰, 리모넨, 벤질벤조에이트, 하이드록시시트로넬알, 시트로넬올

[증정 공진향 탄력 에멀젼]
정제수*, 다이메티콘, 글리세린, 부틸렌글라이콜*, 다이프로필렌글라이콜, 1,2-헥산다이올*, 하이드로제네이티드레시틴, 카프릴릭/카프릭트라이글리세라이드, 마카다미아씨오일, 트라이에틸헥사노인, 메틸트라이메티콘, 판테놀, 하이드로제네이티드폴리아이소부텐, 글리세릴스테아레이트, 피이지-100스테아레이트, 피이지-5글리세릴스테아레이트, 변성알코올, 베헤닉애씨드, 스테아릭애씨드, C14-22알코올, 스쿠알란, 베헤닐알코올, 락토바실러스/콩발효추출물, 스테아릴알코올, 쿠푸아수씨버터, 카보머, 효모/감자추출물발효여과물, 효모/보리씨발효여과물, 아라키딜글루코사이드, 시어버터, 미리스틱애씨드, 아데노신, 피이지-10피토스테롤, 폴리실리콘-11, 글라이코리피드, 세라마이드엔피, 콜레스테롤, 천문동뿌리추출물*, 바이오사카라이드검-1, 각시둥굴레뿌리줄기/뿌리추출물, 하수오뿌리추출물, 알지닌*, 밀리타리스동충하초추출물, 동충하초추출물, 글루타믹애씨드*, 산수유열매추출물*, 참당귀뿌리추출물*, 타임추출물*, 카프릴릴글라이콜, 데실글루코사이드, 홍삼추출물, 에틸헥실글리세린*, 인삼추출물, 글라이코프로테인*, 토코페롤, 영지버섯추출물*, 트로메타민, 트라이소듐이디티에이, 티타늄디옥사이드 (CI 77891), 마이카, 적색산화철, 향료, 제라니올, 리날룰, 리모넨, 시트로넬올

[증정 공진향 탄력 밸런싱 토너]
정제수*, 변성알코올, 1,2-헥산다이올*, 다이프로필렌글라이콜, 부틸렌글라이콜*, 글리세린, 베타인, 메틸글루세스-20, 판테놀, 트레할로오스, 피이지-40하이드로제네이티드캐스터오일, 아크릴레이트/C10-30알킬아크릴레이트크로스폴리머, 아데노신, 소듐하이알루로네이트, 잔탄검, 천문동뿌리추출물*, 각시둥굴레뿌리줄기/뿌리추출물, 하수오뿌리추출물, 알지닌*, 밀리타리스동충하초추출물, 동충하초추출물, 글루타믹애씨드*, 산수유열매추출물*, 참당귀뿌리추출물*, 타임추출물*, 홍삼추출물, 인삼추출물, 글라이코프로테인*, 카프릴릭/카프릭트라이글리세라이드, 영지버섯추출물*, 쿠푸아수씨버터, 하이드로제네이티드레시틴, 에틸헥실글리세린*, 글리세릴스테아레이트, 피이지-100스테아레이트, 피이지-10피토스테롤, 락토바실러스/콩발효추출물, 효모/감자추출물발효여과물, 글라이코리피드, 효모/보리씨발효여과물, 베헤닐알코올, 트라이소듐이디티에이, 트로메타민, 향료, 제라니올, 리날룰, 리모넨

[증정 공진향 탄력 크림]
정제수*, 글리세린, 다이프로필렌글라이콜, 다이메티콘, 카프릴릭/카프릭트라이글리세라이드, 하이드로제네이티드폴리아이소부텐, C14-22알코올, 부틸렌글라이콜*, 하이드로제네이티드폴리데센, 1,2-헥산다이올*, 헥실데실에틸헥사노에이트, 판테놀, 피이지-40스테아레이트, 글리세릴스테아레이트, 하이드로제네이티드레시틴, 변성알코올, 세테아릴올리베이트, 피이지-100스테아레이트, 세테아릴알코올, 메틸트라이메티콘, 트레할로오스, C12-20알킬글루코사이드, 솔비탄올리베이트, 다이메티콘/비닐다이메티콘크로스폴리머, 세라마이드엔피, 다이메티콘올, 암모늄아크릴로일다이메틸타우레이트/브이피코폴리머, 쿠푸아수씨버터, 카보머, 글리세릴스테아레이트시트레이트, 락토바실러스/콩발효추출물, 효모/감자추출물발효여과물, 글라이코리피드, 피이지-10레이프씨드스테롤, 효모/보리씨발효여과물, 베헤닐알코올, 아크릴레이트/C10-30알킬아크릴레이트크로스폴리머, 피이지-10피토스테롤, 스쿠알란, 천문동뿌리추출물*, 아데노신, 바이오사카라이드검-1, 마카다미아씨오일, 트라이에틸헥사노인, 소듐하이알루로네이트, 아라키딜글루코사이드, 시어버터, 글리세레스-20, 알지닌*, 산수유열매추출물*, 참당귀뿌리추출물*, 타임추출물*, 글루타믹애씨드*, 스테아릭애씨드, 콜레스테롤, 에틸헥실글리세린*, 각시둥굴레뿌리줄기/뿌리추출물, 하수오뿌리추출물, 동충하초추출물, 밀리타리스동충하초추출물, 글라이코프로테인*, 홍삼추출물, 영지버섯추출물*, 인삼추출물, 토코페롤, 트로메타민, 트라이소듐이디티에이, 티타늄디옥사이드 (CI 77891), 마이카, 적색산화철, 향료, 제라니올, 리날룰, 리모넨, 시트로넬올

[증정 공진향 클렌징 폼]
글리세린, 정제수, 미리스틱애씨드, 부틸렌글라이콜, 포타슘하이드록사이드, 라우릭애씨드, 팔미틱애씨드, 스테아릭애씨드, 포타슘코코일글리시네이트, 글리세릴스테아레이트, 피이지-100스테아레이트, 향료, 글라이콜스테아레이트, 피피지-3카프릴릴에터, 코카미도프로필베타인, 글라이콜다이스테아레이트, 솔비탄올리베이트, 마이카, 1,2-헥산다이올, 하이드레이티드실리카, 피이지-40하이드로제네이티드캐스터오일, 티타늄디옥사이드(CI 77891), 소듐클로라이드, 트라이소듐이디티에이, 폴리쿼터늄-7, 잇꽃꽃추출물, 덱스트린, 하이드롤라이즈드하이알루로닉애씨드, 틴옥사이드, 세린, 천궁뿌리추출물, 팥추출물, 하늘타리뿌리추출물, 비누풀잎추출물, 무환자추출물, 천문동뿌리추출물, 창포뿌리추출물, 동아씨추출물, 지황뿌리추출물, 알지닌, 산수유열매추출물, 참당귀뿌리추출물, 타임추출물, 글루타믹애씨드, 글라이코프로테인, 영지버섯추출물, 에틸헥실글리세린, 리날룰, 제라니올, 리모넨, 시트로넬올, 벤질살리실레이트, 벤질벤조에이트"
"A000000204745","[미백/단독기획]AHC 프로샷 글루타 브라이트 인트라 세럼 40ml 기획 (+아이크림10ml)","AHC","40.0","50.0","ml","34000","27200","5440.0","[본품 - AHC 프로샷 글루타 브라이트 인트라 세럼]
정제수, 메틸프로판다이올, 스쿠알란, 나이아신아마이드, 코코-카프릴레이트/카프레이트, 부틸렌글라이콜, 1,2-헥산다이올, 트라넥사믹애씨드, 세테아레스-20, 하이드록시아세토페논, 비사보롤, 글리세릴스테아레이트에스이, 아크릴레이트/C10-30알킬아크릴레이트크로스폴리머, 트로메타민, 매실추출물, 사과추출물, 파파야열매추출물, 포도추출물, 페닐에틸레조시놀, 마이크로크리스탈린셀룰로오스, 잔탄검, 향료, 아데노신, 다이소듐이디티에이, 글리세린, 폴리글리세릴-10라우레이트, 카프릴릭/카프릭트라이글리세라이드, 하이드로제네이티드레시틴, 글라이신, 글루타민, 시스틴, 글루타티온, 실리카, 알루미늄/마그네슘하이드록사이드스테아레이트

[증정 - 프로샷 글루타 액티베이션 브라이트3 캡슐 인퓨즈드 아이크림 포 페이스]
정제수, 글리세린, 다이프로필렌글라이콜, 나이아신아마이드, 1,2-헥산다이올, 베타인, 티타늄디옥사이드, 트라넥사믹애씨드, 다이메티콘, C12-14알케스-12, 옥틸도데세스-16, 암모늄아크릴로일다이메틸타우레이트/브이피코폴리머, 비사보롤, 소듐폴리아크릴로일다이메틸타우레이트, 하이드로제네이티드레시틴, 하이드록시아세토페논, 향료, 에틸헥실글리세린, 트로메타민, 옥수수전분, 아데노신, 다이소듐이디티에이, 폴리글리세릴-10라우레이트, 글루타티온, 카프릴릭/카프릭트라이글리세라이드, 폴리글리세릴-10스테아레이트, 글라이신, 글루타민, 시스틴, 3-O-에틸아스코빅애씨드, 부틸렌글라이콜, 토코페롤, 알루미늄/마그네슘하이드록사이드스테아레이트, 아세틸테트라펩타이드-5"
"A000000204751","[뿌리는 광채 앰플] 브이앤에이뷰티 안티옥시던트 래디언스 미스트 100mL","브이앤에이뷰티","100.0","100.0","ml","31000","23400","2340.0","정제수, 부틸렌글라이콜, 에틸헥실펠라고네이트, 하이드로제네이티드폴리(C6-14올레핀), 프로판다이올, 펜틸렌글라이콜, 나이아신아마이드, 글리세린, 다이프로필렌글라이콜, 센티드제라늄추출물, 치자꽃추출물, 지치뿌리추출물, 당느릅나무뿌리추출물, 줄맨드라미씨추출물, 카카오씨추출물, 무화과추출물, 병풀추출물, 석류추출물, 양까막까치밥나무열매추출물, 데이지꽃추출물, 아프리카스파이더플라워잎추출물, 홍차추출물, 살비아수, 오일팜오일, 센티드제라늄꽃오일, 하이드로제네이티드레시틴, 라벤더오일, 연필향나무오일, 아틀라스시다나무껍질오일, 발삼아미리스껍질오일, 광곽향오일, 레몬껍질오일, 마룰라씨오일, 보리지씨오일, 빌베리씨오일, 달맞이꽃오일, 로즈힙열매오일, 마카다미아씨오일, 해바라기씨오일, 소듐클로라이드, 1,2-헥산다이올, 카프릴릴/카프릴글루코사이드, 카프릴릭/카프릭트라이글리세라이드, 폴리쿼터늄-51, 에틸헥실글리세린, 아데노신, 판테놀, 다이소듐이디티에이, 3-O-에틸아스코빅애씨드, 덱스트린, 세라마이드엔피, 글리세릴글루코사이드, 발삼코파이바수지, 엑토인, 페네틸알코올, 타우린, 토코페롤, 다이소듐포스페이트, 포타슘클로라이드, 포타슘포스페이트, 폴리글리세릴-10라우레이트, 시트로넬올, 리날룰, 제라니올"
"A000000204753","[더블기획] 브이앤에이뷰티 안티옥시던트 래디언스 미스트100mL 더블기획","브이앤에이뷰티","100.0","200.0","ml","62000","34900","1745.0","정제수, 부틸렌글라이콜, 에틸헥실펠라고네이트, 하이드로제네이티드폴리(C6-14올레핀), 프로판다이올, 펜틸렌글라이콜, 나이아신아마이드, 글리세린, 다이프로필렌글라이콜, 센티드제라늄추출물, 치자꽃추출물, 지치뿌리추출물, 당느릅나무뿌리추출물, 줄맨드라미씨추출물, 카카오씨추출물, 무화과추출물, 병풀추출물, 석류추출물, 양까막까치밥나무열매추출물, 데이지꽃추출물, 아프리카스파이더플라워잎추출물, 홍차추출물, 살비아수, 오일팜오일, 센티드제라늄꽃오일, 하이드로제네이티드레시틴, 라벤더오일, 연필향나무오일, 아틀라스시다나무껍질오일, 발삼아미리스껍질오일, 광곽향오일, 레몬껍질오일, 마룰라씨오일, 보리지씨오일, 빌베리씨오일, 달맞이꽃오일, 로즈힙열매오일, 마카다미아씨오일, 해바라기씨오일, 소듐클로라이드, 1,2-헥산다이올, 카프릴릴/카프릴글루코사이드, 카프릴릭/카프릭트라이글리세라이드, 폴리쿼터늄-51, 에틸헥실글리세린, 아데노신, 판테놀, 다이소듐이디티에이, 3-O-에틸아스코빅애씨드, 덱스트린, 세라마이드엔피, 글리세릴글루코사이드, 발삼코파이바수지, 엑토인, 페네틸알코올, 타우린, 토코페롤, 다이소듐포스페이트, 포타슘클로라이드, 포타슘포스페이트, 폴리글리세릴-10라우레이트, 시트로넬올, 리날룰, 제라니올"
"A000000204811","숨37 시크릿 에센스 80ml 기획 (+세럼10ml+크림10ml+아이크림10ml+폼40ml)","숨37","80.0","150.0","ml","84000","64600","4306.7","에센스: 정제수*, 락토바실러스발효용해물*, 프로판다이올, 부틸렌글라이콜*, 글리세린, 1,2-헥산다이올*, 2,3-부탄다이올+, 판테놀, 하이드로제네이티드레시틴+, 하이드록시프롤린, 수크로오스스테아레이트+, 세테아릴알코올, 세린, 세라마이드엔피+, 나이아신아마이드, 트로메타민, 비니거*, 아크릴레이트/C10-30알킬아크릴레이트크로스폴리머, 콜레스테롤+, 메도우스위트추출물, 폴리쿼터늄-51, 라우릴다이메티콘/폴리글리세린-3크로스폴리머, 다이프로필렌글라이콜, 하이드록시에틸셀룰로오스, 폴리메틸실세스퀴옥세인, 글리세릴스테아레이트+, 알란토인, 리놀레익애씨드+, 팔미틱애씨드+, 타히티바닐라추출물, 아이소스테아릭애씨드, 세라마이드에이피+, 세라마이드엔지+, 다이소듐포스페이트, 효모폴리펩타이드, 소듐포스페이트, 락토바실러스/배즙발효여과물*, 효모/보리씨발효여과물*, 수박추출물*, 무추출물*, 락토바실러스/인삼뿌리발효여과물*, 락토바실러스/콩발효추출물*, 락토바실러스/부레옥잠발효물*, 모나스커스/쌀발효물*, 효모/포도발효추출물*, 효모/감자추출물발효여과물*, 효모/자일리눔/홍차발효물*, 세라마이드이오피+, 단풍나무잎추출물*, 창포뿌리추출물*, 개다래추출물*, 으름덩굴추출물*, 양파추출물*, 마늘추출물*, 지모뿌리추출물*, 쑥잎추출물*, 사탕무뿌리추출물*, 양배추추출물*, 순무잎추출물*, 동백나무잎추출물*, 파파야열매추출물*, 잇꽃꽃추출물*, 결명씨추출물*, 병풀추출물*, 모과추출물*, 치커리뿌리추출물*, 베르가모트잎추출물*, 유자추출물*, 귤껍질추출물*, 더덕뿌리추출물*, 쿠네아타산사열매추출물*, 오이열매추출물*, 울금뿌리추출물*, 당근추출물*, 감추출물*, 쇠뜨기추출물*, 비파나무잎추출물*, 무화과추출물*, 허브로버트추출물*, 긴병꽃풀추출물*, 스페인감초뿌리추출물*, 잎새버섯자실체추출물*, 해바라기씨추출물*, 원추리꽃추출물*, 고구마뿌리추출물*, 표고버섯추출물*, 레몬버베나잎추출물*, 인동덩굴꽃추출물*, 구기자추출물*, 레몬밤추출물*, 페퍼민트꽃/잎/줄기추출물*, 산뽕나무잎추출물*, 바나나추출물*, 연꽃뿌리추출물*, 바질잎추출물*, 기장추출물*, 소엽잎추출물*, 팥추출물*, 왕질경이씨추출물*, 도라지뿌리추출물*, 쇠비름추출물*, 살구추출물*, 복숭아추출물*, 자두추출물*, 사과추출물*, 지황뿌리추출물*, 로즈마리잎추출물*, 라즈베리추출물*, 살비아잎추출물*, 얼룩조릿대잎추출물*, 형개추출물*, 검은깨추출물*, 시금치추출물*, 서양민들레잎추출물*, 타임잎추출물*, 하늘타리뿌리추출물*, 미역추출물*, 생강추출물*, 마트리카리아꽃추출물*, 은행추출물*, 약모밀추출물*, 락토바실러스/호밀가루발효물*, 락토바실러스/고추냉이뿌리발효추출물*, 라임전초오일, 베르가모트오일, 라벤더오일, 센티드제라늄꽃오일, 캐모마일꽃오일, 리모넨, 리날룰, 시트로넬올, 시트랄, 제라니올

세럼: 정제수, 글리세린, 효모/자일리눔/홍차발효물, 다이메티콘, 부틸렌글라이콜, 베타인, 2,3-부탄다이올, 1,2-헥산다이올, 나이아신아마이드, 판테놀, 하이드로제네이티드레시틴, 메틸트라이메티콘, 페닐트라이메티콘, 피이지-60하이드로제네이티드캐스터오일, C14-22알코올, 스쿠알란, 폴리글리세린-3, 세라마이드엔피, 마이크로크리스탈린셀룰로오스, 폴리실리콘-11, 하이드록시프롤린, 피이지-40하이드로제네이티드캐스터오일, 실리카, 마카다미아씨오일, 트라이에틸헥사노인, 카보머, 피이지-10레이프씨드스테롤, 아라키딜글루코사이드, 시어버터, 수크로오스, 글리세릴아크릴레이트/아크릴릭애씨드코폴리머, 소듐아크릴레이트/소듐아크릴로일다이메틸타우레이트코폴리머, 비니거, 옥수수전분, 아크릴레이트/C10-30알킬아크릴레이트크로스폴리머, 글리세릴스테아레이트, 다이프로필렌글라이콜, 알진, 아이소헥사데칸, 아데노신, 만니톨, 스테아릭애씨드, 마이카, 티타늄디옥사이드(CI 77891), 글리세레스-20, 소듐폴리아크릴레이트, 콜레스테롤, 피이지-100스테아레이트, 폴리솔베이트80, 두날리엘라 살리나추출물, 하이드록시프로필스타치포스페이트, 프로판다이올, 세린, 트레할로오스, 자이언트켈프추출물, 소듐락테이트, 솔비탄올리에이트, 적색산화철, 폴리솔베이트20, 황색산화철, 효모폴리펩타이드, 달메이션아이리스뿌리추출물, 카프릴릴글라이콜, 데실글루코사이드, 틴옥사이드, 알지닌, 팔미토일트라이펩타이드-1, 하이드롤라이즈드소듐하이알루로네이트, 글루타믹애씨드, 팔미토일테트라펩타이드-7, 아세틸헥사펩타이드-8, 갈릭애씨드, 데사미도콜라겐, 글라이신, 프롤린, 트로메타민, 트라이소듐이디티에이, 해바라기씨오일, 다마스크장미꽃오일, 장미꽃오일, 피마자씨오일, 센티드제라늄꽃오일, 베르가모트오일, 오렌지껍질오일, 연필향나무오일, 스타아니스열매/씨오일, 클레리오일, 클로브잎오일, 벤조인나무검, 유칼립투스잎오일, 광곽향오일, 일랑일랑꽃오일, 리씨열매오일, 페퍼민트오일, 시트로넬올, 리모넨, 제라니올, 리날룰, 벤질알코올

크림: 정제수, 효모/자일리눔/홍차발효물, 프로판다이올, 글리세린, 부틸렌글라이콜, 아이소세틸미리스테이트, 스쿠알란, 다이메티콘, C13-15알케인, 카프릴릭/카프릭트라이글리세라이드, 폴리글리세릴-3메틸글루코오스다이스테아레이트, 세테아릴알코올, 글리세릴스테아레이트, 1,2-헥산다이올, 판테놀, 피토스테릴/이소스테아릴/세틸/스테아릴/베헤닐다이머디리놀리에이트, 2,3-부탄다이올, 메틸트라이메티콘, 코코-카프릴레이트/카프레이트, 피이지-100스테아레이트, 암모늄아크릴로일다이메틸타우레이트/브이피코폴리머, 베헤닐알코올, 미리스틸미리스테이트, 팔미틱애씨드, 스테아릭애씨드, 다이메티콘/비닐다이메티콘크로스폴리머, 하이드록시프롤린, 세린, 폴리아크릴레이트-13, C30-45알킬다이메티콘, C14-22알코올, 비니거, 폴리아이소부텐, 티타늄디옥사이드(CI 77891), 마카다미아씨오일, 트라이에틸헥사노인, 마이카, 잔탄검, 아라키딜글루코사이드, 시어버터, 하이드로제네이티드레시틴, 트라이소듐이디티에이, 폴리솔베이트20, 트레할로오스, 다이프로필렌글라이콜, 베타-글루칸, 솔비탄아이소스테아레이트, 적색산화철, 카보머, 세라마이드엔피, 콜레스테롤, 트로메타민, 효모폴리펩타이드, 소듐락테이트, 달메이션아이리스뿌리추출물, 토코페롤, 카프릴릴글라이콜, 알지닌, 글루타믹애씨드, 갈릭애씨드, 아세틸헥사펩타이드-8, 팔미토일트라이펩타이드-1, 팔미토일테트라펩타이드-7, 해바라기씨오일, 다마스크장미꽃오일, 장미꽃오일, 피마자씨오일, 센티드제라늄꽃오일, 베르가모트오일, 오렌지껍질오일, 연필향나무오일, 스타아니스열매/씨오일, 클레리오일, 클로브잎오일, 벤조인나무검, 유칼립투스잎오일, 광곽향오일, 일랑일랑꽃오일, 리씨열매오일, 페퍼민트오일, 시트로넬올, 리모넨, 제라니올, 벤질알코올, 리날룰, 유제놀

아이크림: 정제수, 효모/자일리눔/홍차발효물, 글리세린, 시어버터, 2,3-부탄다이올, 카프릴릭/카프릭트라이글리세라이드, 하이드로제네이티드폴리아이소부텐, 스쿠알란, 베타인, 세테아릴알코올, 글리세릴스테아레이트, 메도우폼씨오일, C14-22알코올, 1,2-헥산다이올, 메틸트라이메티콘, 나이아신아마이드, 스테아릴알코올, 폴리글리세릴-3메틸글루코오스다이스테아레이트, 하이드로제네이티드레시틴, 판테놀, 피씨에이다이메티콘, 피이지-100스테아레이트, 폴리글리세릴-3비즈왁스, C12-20알킬글루코사이드, 부틸렌글라이콜, 사카라이드아이소머레이트, 다이메티콘, 하이드록시프롤린, 베헤닐알코올, 카보머, 티타늄디옥사이드(CI 77891), 트로메타민, 합성플루오르플로고파이트, 카페인, 소듐아크릴레이트/소듐아크릴로일다이메틸타우레이트코폴리머, 비니거, 아이소헥사데칸, 아데노신, 암모늄아크릴로일다이메틸타우레이트/베헤네스-25메타크라일레이트크로스폴리머, 마이카, 트라이소듐이디티에이, 폴리솔베이트80, 프로판다이올, 세린, 트레할로오스, 다이프로필렌글라이콜, 적색산화철, 솔비탄올리에이트, 시트릭애씨드, 소듐시트레이트, 틴옥사이드, 효모폴리펩타이드, 소듐락테이트, 갈릭애씨드, 토코페롤, 달메이션아이리스뿌리추출물, 폴리솔베이트20, 알지닌, 카프릴릴글라이콜, 글루타믹애씨드, 팔미토일트라이펩타이드-1, 아세틸헥사펩타이드-8, 팔미토일테트라펩타이드-7, 해바라기씨오일, 다마스크장미꽃오일, 장미꽃오일, 피마자씨오일, 센티드제라늄꽃오일, 베르가모트오일, 오렌지껍질오일, 연필향나무오일, 스타아니스열매/씨오일, 클레리오일, 클로브잎오일, 벤조인나무검, 유칼립투스잎오일, 광곽향오일, 일랑일랑꽃오일, 리씨열매오일, 페퍼민트오일, 시트로넬올, 리모넨, 제라니올, 리날룰, 벤질알코올, 유제놀

폼: 정제수, 라우릭애씨드, 다이소듐코코암포다이아세테이트*, 미리스틱애씨드, 포타슘하이드록사이드, 코카마이드메틸엠이에이*, 소듐클로라이드, 글리세린, 포타슘클로라이드, 판테놀, 헥실렌글라이콜, 테트라소듐이디티에이,부틸렌글라이콜, 메틸프로판다이올, 1,2-헥산다이올, 폴리글루타믹애씨드, 루이보스잎추출물, 락토바실러스/배즙발효여과물, 효모/포도발효추출물, 락토바실러스/호박발효추출물, 로즈마리잎추출물, 살비아잎추출물, 타임잎추출물, 라벤더꽃추출물, 로즈힙열매추출물, 효모/보리씨발효여과
물, 락토바실러스/인삼뿌리발효여과물, 락토바실러스/호밀가루발효물, 락토바실러스/콩발효추출물, 락토바실러스/고추냉이뿌리발효추출물, 락토바실러스/부레옥잠발효물, 모나스커스/쌀발효물, 효모/감자추출물발효여과물, 효모/자일리눔/홍차발효물, 단풍나무잎추출물, 창포뿌리추출물, 개다래추출물, 으름덩굴추출물, 양파추출물, 마늘추출물, 지모뿌리추출물, 쑥잎추출물, 사탕무뿌리추출물, 양배추추
출물, 순무잎추출물, 동백나무잎추출물, 파파야열매추출물, 잇꽃꽃추출물, 결명씨추출물, 병풀추출물, 모과추출물, 마트리카리아꽃추출물, 치커리뿌리추출물, 수박추출물, 베르가모트잎추출물, 유자추출물, 귤껍질추출물, 더덕뿌리추출물, 쿠네아타산사열매추출물, 오이열매추출물, 울금뿌리추출물, 당근추출물, 감추출물, 쇠뜨기추출물, 비파나무잎추출물, 무화과추출물, 허브로버트추출물, 은행추출물, 긴병
꽃풀추출물, 스페인감초뿌리추출물, 잎새버섯자실체추출물,해바라기씨추출물, 원추리꽃추출물, 약모밀추출물, 고구마뿌리추출물, 표고버섯추출물, 레몬버베나잎추출물, 인동덩굴꽃추출물, 구기자추출물, 레몬밤추출물, 페퍼민트꽃/잎/줄기추출물, 산뽕나무잎추출물, 바나나추출물, 연꽃뿌리추출물, 바질잎추출물, 기장추출물, 소엽잎추출물, 팥추출물,왕질경이씨추출물, 도라지뿌리추출물, 쇠비름추출물, 살구
추출물, 복숭아추출물, 자두추출물, 사과추출물, 무추출물,지황뿌리추출물, 라즈베리추출물, 얼룩조릿대잎추출물, 형개추출물, 참깨추출물, 시금치추출물, 서양민들레잎추출물,하늘타리뿌리추출물, 미역추출물, 생강추출물, 라임전초오일, 로즈마리잎오일, 센티드제라늄꽃오일, 베르가모트오일,티트리잎오일, 유칼립투스잎오일, 리모넨"
"A000000204880","AHC 콜라 쥬비네이션 리프트4 트리트먼트 에센스 130ml","AHC","130.0","130.0","ml","32000","25900","1992.3","정제수, 부틸렌글라이콜, 글리세린, 프로판다이올, 펜틸렌글라이콜, 옥틸도데세스-16, C12-14 알케스-12, 락토코쿠스발효용해물, 하이드록시아세토페논, 참마뿌리추출물, 향료, 베타인, 아크릴레이트/C10-30알킬아크릴레이트크로스폴리머, 트로메타민, 1,2-헥산다이올, 하이드롤라이즈드옥수수전분, 에틸헥실글리세린, 프룩토올리고사카라이드, 아데노신, 다이소듐이디티에이, 베타-글루칸, 수크로오스, 소듐폴리아크릴레이트, 피브이엠/엠에이코폴리머, 하이드로제네이티드레시틴, 무화과추출물, 병풀추출물, 당느릅나무뿌리추출물, 줄맨드라미씨추출물, 소듐벤조에이트, 소듐클로라이드, 세라마이드엔피, 폴리글리세릴-10라우레이트, 카프릴릭/카프릭트라이글리세라이드, 콜라겐아미노산, 해마토코쿠스 플루비알리스추출물, 포타슘락테이트, 콜라겐, 락틱애씨드, 기가르티나 스텔라타추출물, 하이드롤라이즈드로도피세아추출물, 올리고펩타이드-1, 베타-알라닐하이드록시프롤릴다이아미노부티로일벤질아마이드, 알루미늄/마그네슘하이드록사이드스테아레이트, 헥사펩타이드-11, 아세틸테트라펩타이드-9"
"A000000205224","리얼베리어 익스트림 크림 앰플 50ml","리얼베리어","50.0","50.0","ml","","28000","5600.0","정제수, 부틸렌글라이콜, 글리세린, 다이프로필렌글라이콜, 폴리글리세릴-10스테아레이트, 카프릴릭/카프릭트라이글리세라이드, 판테놀, 하이드로제네이티드레시틴, 메도우폼씨오일, 비닐다이메티콘, 식물성스쿠알란, 호호바씨오일, 포타슘세틸포스페이트, 미리스토일/팔미토일옥소스테아라마이드/아라카마이드엠이에이, 세라마이드엔피, 비스-카프릴로일옥시팔미타미도아이소프로판올, 아데노신, 다이포타슘글리시리제이트, 마데카소사이드, 알란토인, 하이드롤라이즈드하이알루로닉애씨드, 글리세릴스테아레이트, 피토스테릴/이소스테아릴/세틸/스테아릴/베헤닐다이머디리놀리에이트, 솔비탄스테아레이트, 세테아릴알코올, 피토스테롤, 잔탄검, 펜틸렌글라이콜, 소듐하이알루로네이트, 하이드록시프로필메틸셀룰로오스, 솔비탄라우레이트, 하이드록시에틸셀룰로오스, 아세틸다이펩타이드-1세틸에스터, 알파-비사보롤, 글리세릴글루코사이드, 글루코오스, 자일리틸글루코사이드, 안하이드로자일리톨, 자일리톨, 글라이코스핑고리피드, 포스포리피드, 스피어민트잎오일, 스피어민트추출물, 필리핀오렌지껍질오일, 센티드제라늄꽃오일, 타임오일, 유칼립투스잎오일, 바추잎잎추출물, 1,2-헥산다이올, 카프릴릴글라이콜, 카보머, 다이소듐이디티에이, 알지닌, 글리세릴베헤네이트, 폴리글리세릴-6옥타스테아레이트, 스테아릭애씨드"
"A000000205643","[1등/단품] 메디힐 마데카소사이드 흔적 리페어 세럼 40ml","메디힐","40.0","40.0","ml","","22000","5500.0","정제수, 글리세린, 부틸렌글라이콜, 프로판다이올, 1,2-헥산다이올, 나이아신아마이드, 글리세릴폴리메타크릴레이트, 판테놀, 베타인, 폴리글리세릴-10라우레이트, 아크릴레이트/C10-30알킬아크릴레이트크로스폴리머, 다이페닐다이메티콘, 트라이에틸헥사노인, 트로메타민, 마데카소사이드(540 ppm), 에틸헥실글리세린, 하이드로제네이티드레시틴, 잔탄검, 소듐하이알루로네이트, 병풀추출물(51 ppm), 아시아티코사이드(39 ppm), 서양배추출물, 연필향나무오일, 병풀잎추출물(21 ppm), 베타-글루칸, 다마스크장미꽃수, 멜론추출물, 오리스뿌리추출물, 서양송악잎/줄기추출물, 호호바씨오일, 광곽향오일, 불가리스쑥오일, 로즈마리잎오일, 토코페롤, 다이프로필렌글라이콜, 펜틸렌글라이콜, 카프릴릴/카프릴글루코사이드, 마데카식애씨드(0.00004 ppm), 아시아틱애씨드(0.00003 ppm), 세라마이드엔피"
"A000000206077","[속보습케어] 스킨앤랩 베리어덤 링거 앰플70ml","스킨앤랩","70.0","70.0","ml","28000","18200","2600.0","정제수, 프로판다이올, 글리세린, 1,2-헥산다이올, 클로렐라 불가리스추출물, 소듐하이알루로네이트, 락토바실러스발효용해물, 판테놀, 글라이코실트레할로오스, 글루코오스, 부틸렌글라이콜, 하이드로제네이티드스타치하이드롤리세이트, 프룩토올리고사카라이드, 프룩토오스, 폴리쿼터늄-51, 글리세릴글루코사이드, 사카라이드아이소머레이트, 에틸헥실글리세린, 아크릴레이트/C10-30알킬아크릴레이트크로스폴리머, 알란토인, 하이드록시프로필트라이모늄하이알루로네이트, 트로메타민, 덱스트린, 소듐파이테이트, 소듐클로라이드, 베타-글루칸, 글리세릴아크릴레이트/아크릴릭애씨드코폴리머, 사이아노코발아민, 시트릭애씨드, 소듐시트레이트, 소듐바이카보네이트, 칼슘클로라이드, 포타슘클로라이드, 토코페롤, 잔탄검, 치자추출물"
"A000000206313","[2주잡티개선] 비욘드 엔젤아쿠아 비타 C 7% 잡티 앰플 30ml (비건)","비욘드","30.0","30.0","ml","24000","16800","5600.0","정제수, 다이프로필렌글라이콜, 프로판다이올, 아스코빅애씨드(5.2%), 글리세린, 2,3-부탄다이올, 판테놀(2.7%), 베타인, 변성알코올, 에칠아스코빌에텔(3-O-에틸아스코빅애씨드)(1.8%), 솔비톨, 폴리글리세릴-10스테아레이트, 트로메타민, 폴리글리세릴-10올리에이트, 소듐하이알루로네이트, 알란토인, 플로레틴, 1,2-헥산다이올, 덱스트린, 다이소듐이디티에이, 잇꽃꽃추출물, 카카오씨추출물, 부틸렌글라이콜, 마데카소사이드, 포도덩굴수액, 무화과추출물, 가시대나무수액, 자작나무수액, 하늘타리뿌리추출물, 세린, 알지닌, 하이드롤라이즈드소듐하이알루로네이트, 페룰릭애씨드, 하이드롤라이즈드하이알루로닉애씨드, 하이드록시프로필트라이모늄하이알루로네이트, 토코페롤, 시트릭애씨드, 돌콩오일, 유자추출물, 전호추출물, 비타민나무열매추출물, 펜틸렌글라이콜, 개똥쑥추출물, 님잎추출물, 녹차추출물, 에틸헥실글리세린, 소듐하이알루로네이트크로스폴리머, 수용성프로테오글리칸, 향료, 리모넨, 리날룰, 시트랄, 시트로넬올"
"A000000206420","더바디샵 티트리 스킨 클리어링 데일리 솔루션 50ML","더바디샵","50.0","50.0","ml","42000","39900","7980.0","정제수,변성알코올,프로판디올,글리세린,피이지-40하이드로제네이티드캐스터오일,페녹시에탄올,티트리잎오일,카프릴릴글라이콜,잔탄검,살리실릭애씨드,호동씨오일,트리소듐에칠렌디아민디석시네이트,자몽추출물,자주개자리추출물,포타슘하이드록사이드,알로에베라잎즙가루,시트릭애씨드,리모넨,소듐하이알루로네이트,시트랄,리날룰,소듐벤조에이트,시트로넬올,레몬향티트리오일,토코페롤"
"A000000206433","[색소노화안티에이징/PDRN브라이트닝] 리쥬란 힐러 트리플 래디언스 앰플 30ml","리쥬란","30.0","90.0","ml","61000","49900","5544.4","정제수, 부틸렌글라이콜, 나이아신아마이드, 검은뽕나무잎추출물, 흰버드나무껍질추출물, 1,2-헥산다이올, 로우스위트블루베리추출물, 스페인감초뿌리추출물, 포트마리골드꽃추출물, 효모추출물, 하이드롤라이즈드디엔에이, 글리세레스-26, 글리세린, 피이지-8, 폴리솔베이트20, 아크릴레이트/C10-30 알킬아크릴레이트크로스폴리머, 소듐하이알루로네이트, 알란토인, 판테놀, 에틸헥실글리세린, 잔탄검, 아데노신, 향료, 하이알루로닉애씨드, 소듐하이드록사이드"
"A000000206698","[결광톤업][대용량] 빌리프X바나나킥 비타C토닝 세럼 50ml 기획 (+비타팩 25ml, 스트레스볼)","빌리프","50.0","75.0","ml","44000","33800","4506.7","[본품 비타C 토닝 세럼] 
정제수, 부틸렌글라이콜, 나이아신아마이드, 프로판다이올, 2,3-부탄다이올, 1,2-헥산다이올, 글리세린, 아이소펜틸다이올, 판테놀, 레몬밤꽃/잎/줄기수*, 로즈마리잎수*, 타임잎추출물*, 유칼립투스잎추출물*, 폴스애플민트잎추출물*, 로즈힙열매추출물*, 베타인, 아스코빅애씨드, 글루타티온, 폴리글리세릴-10스테아레이트, 폴리글리세릴-10올리에이트, 효모발효여과물, 겨우살이추출물, 락토바실러스/콩발효추출물, 알란토인, 트레할로오스, 띠뿌리추출물, 암모늄폴리아크릴로일다이메틸타우레이트, 잔탄검, 카보머, 소듐글루코네이트, 피브이엠/엠에이코폴리머, 소듐시트레이트, 소듐하이알루로네이트, 트로메타민, 시트릭애씨드, 하이드롤라이즈드옥수수전분, 수크로오스, 락틱애씨드, 오렌지껍질오일+, 라임전초오일+, 센티드제라늄꽃오일+, 로즈마리잎오일+, 리모넨, 시트로넬올, 제라니올, 시트랄, 리날룰
*표시: belif original formula / +표시: 식물 유래 향

[증정 멀티 비타민 마스크]
정제수, 글리세린, 해바라기씨오일, 다이카프릴릴카보네이트, 글리세릴스테아레이트, 1,2-헥산다이올, 세틸알코올, 베타인, 판테놀, 폴리글리세릴-3메틸글루코오스다이스테아레이트, 세테아릴올리베이트, 글리세릴스테아레이트시트레이트, 스테아릭애씨드, 부틸렌글라이콜, 마카다미아씨오일폴리글리세릴-6에스터스베헤네이트, 솔비탄올리베이트, 락토바실러스/콩발효추출물, 효모/감자추출물발효여과물, 효모/보리씨발효여과물, 트로메타민, 나이아신아마이드(100 ppm), 토코페롤(84.75 ppm), 귀리커넬추출물*, 포트마리골드꽃추출물*, 개박하추출물*, 라즈베리잎추출물*, 와일드인디고뿌리추출물*, 별꽃추출물, 레이디스맨틀잎추출물+, 마시멜로뿌리추출물+, 다마스크장미꽃추출물+, 메도우스위트꽃추출물+, 삼색제비꽃추출물+, 아스코빅애씨드(1 ppm), 사이아노코발아민(1 ppm), 카보머, 말토덱스트린, 돌콩오일, 소듐시트레이트, 오일팜오일, 시트릭애씨드, 트라이소듐이디티에이, 잔탄검, 라임전초오일**, 센티드제라늄꽃오일**, 로즈마리잎오일**, 오렌지껍질오일**, 리모넨, 시트로넬올, 제라니올, 시트랄, 리날룰
*표시: Napiers original formula / +표시: Napiers moisture formula / **표시: 식물 유래 향"
"A000000206921","에스트라 아토베리어365 하이드로 에센스 200ml (AD)","에스트라","200.0","200.0","ml","32000","28800","1440.0","정제수, 부틸렌글라이콜, 글리세린, 스쿠알란, 1,2-헥산다이올, 아크릴레이트/C10-30알킬아크릴레이트크로스폴리머, 카보머, 트로메타민, 글리세릴카프릴레이트, 에틸헥실글리세린, 다이소듐이디티에이, 낫토검, 스테아릭애씨드, 하이드록시프로필비스팔미타마이드엠이에이, 만니톨, 피씨에이, 락틱애씨드, 글루코오스, 글라이신, 우레아, 소듐글리세로포스페이트, 세린, 글루타믹애씨드, 토코페롤, 아크릴레이트/암모늄메타크릴레이트코폴리머, 포타슘마그네슘아스파테이트, 아스파틱애씨드, 류신, 소듐클로라이드, 알라닌, 라이신, 알지닌, 칼슘글루코네이트, 마그네슘글루코네이트, 타이로신, 페닐알라닌, 프롤린, 트레오닌, 발린, 아이소류신, 시트릭애씨드, 콜레스테롤, 히스티딘, 실리카, 아세틸글루코사민, 크레아틴, 우릭애씨드, 시스테인, 메티오닌"
"A000000206956","[4주미백]에스테덤 비타민C2 미백 앰플 10ml 2입 기획 (기미잡티)","에스테덤","10.0","20.0","ml","98000","74480","37240.0","정제수, 아스코빅애씨드(10%), 글리세린, 프로필헵틸카프릴레이트, 소듐시트레이트, 아스코빌글루코사이드(2%), 글리세릴올리에이트시트레이트, 향료, 펜틸렌글라이콜, 솔비탄세스퀴올리에이트, 폴리아크릴레이트크로스폴리머-6, 1,2-헥산다이올, 카프릴릴글라이콜, 잔탄검, 카프릴릭/카프릭트라이글리세라이드, 소듐클로라이드, 시트릭애씨드, 아미노에탄설피닉애씨드, 카르노신, 포타슘클로라이드, 소듐바이카보네이트, 토코페롤, 다이소듐포스페이트, 마그네슘설페이트, 포타슘포스페이트, 칼슘클로라이드"
"A000000207028","제나벨 PDRN 비타 토닝 앰플 30ml","제나벨","30.0","30.0","ml","","30000","10000.0","정제수,부틸렌글라이콜,나이아신아마이드,폴리글리세린-3,메틸프로판다이올,1,2-헥산다이올,글리세레스-26,글리세린,만니톨,소듐디엔에이,폴리글리세릴-10라우레이트,마이크로크리스탈린셀룰로오스,암모늄아크릴로일다이메틸타우레이트/브이피코폴리머,폴리아크릴레이트크로스폴리머-6,아크릴레이트/C10-30알킬아크릴레이트크로스폴리머,알지닌,옥수수전분,이리추출물,에틸헥실글리세린,마이카,알란토인,카프릴릴글라이콜,아데노신,향료,바이오사카라이드검-1,황색산화철,소듐하이알루로네이트,트라넥사믹애씨드,칼슘판토테네이트,말토덱스트린,소듐스타치옥테닐석시네이트,소듐아스코빌포스페이트,토코페릴아세테이트,피리독신에이치씨엘,하이드롤라이즈드하이알루로닉애씨드,하이드롤라이즈드소듐디엔에이,하이알루로닉애씨드,소듐아세틸레이티드하이알루로네이트,트라이펩타이드-1,아세틸헥사펩타이드-8"
"A000000207035","에르쯔틴 리제너레이티브 실트 앰플 50ml","에르쯔틴","50.0","50.0","ml","77000","43500","8700.0","정제수, 부틸렌글라이콜, 글리세린, 1,2-헥산다이올, 나이아신아마이드, 글라이코실트레할로오스, 녹차추출물, 판테놀, 하이드로제네이티드스타치하이드롤리세이트, 미네랄워터, 피이지-8다이메티콘, 하이드롤라이즈드글라이코사미노글리칸, 코세스-7, 피피지-1-피이지-9라우릴글라이콜에터, 효모/겨우살이발효추출물, 알란토인, 폴리솔베이트80, 글리세릴아크릴레이트/아크릴릭애씨드코폴리머, 락토바실러스/콩발효추출물, 만니톨, 쇠비름추출물, 비피다발효용해물, 피이지-40하이드로제네이티드캐스터오일, 효모/띠뿌리발효추출물, 셀룰로오스검, 소듐폴리아크릴레이트, 소듐하이알루로네이트, 아데노신, 다이소듐이디티에이, 다이포타슘글리시리제이트, 베르가모트오일, 암모늄글리시리제이트, 리모넨, 아르간커넬오일, 옥틸도데칸올, 리날룰, 펜틸렌글라이콜, 아시아티코사이드, 마데카식애씨드, 아시아틱애씨드, 카프릴릴글라이콜, 글라이신, 양까막까치밥나무씨오일, 카페인, 세린, 글루타믹애씨드, 징크글루코네이트, 페녹시에탄올, 불가리스쑥추출물, 아스파틱애씨드, 류신, 하이드로제네이티드레시틴, 레시틴, 세라마이드엔피, 클로브꽃추출물, 프로판다이올, 콘민트추출물, 가시칠엽수씨추출물, 알라닌, 라이신, 알지닌, 타이로신, 약모밀추출물, 페닐알라닌, 발린, 트레오닌, 프롤린, 해바라기씨오일불검화물, 아이소류신, 포타슘솔베이트, 천궁뿌리추출물, 소듐포스페이트, 히스티딘, 메티오닌, 시스테인, 락틱애씨드, 아세틱애씨드, 토코페롤, 풍선덩굴꽃/잎/덩굴추출물, 해바라기씨오일, 참당귀뿌리추출물, 익모초꽃/잎/줄기추출물, 벌사상자열매추출물, 민들레전초추출물, 백량금추출물, 돌콩오일, 에스에이치-올리고펩타이드-1, 로즈마리잎추출물, 에틸헥실글리세린, 하이드롤라이즈드완두콩단백질, 피토스테롤, 스쿠알란, 올리브오일, 소듐아스코빌포스페이트, 시어버터, 알에이치-올리고펩타이드-2, 알에이치-폴리펩타이드-1"
"A000000207081","[잡티앰플] 듀이트리 AC 딥 흔적 진정 앰플 60ml 기획 (+잡티패드 6매)","듀이트리","60.0","60.0","ml","28000","17010","2835.0","정제수, 나이아신아마이드, 글리세레스-26, 메틸프로판다이올, 글리세린, 1,2-헥산다이올, 아이소펜틸다이올, 2,3-부탄다이올, 판테놀, 폴리글리세릴-10라우레이트, 암모늄아크릴로일다이메틸타우레이트/브이피코폴리머, 카보머, 트레할로오스, 트로메타민, 사카라이드아이소머레이트, 부틸렌글라이콜, 에틸헥실글리세린, 아데노신, 소듐폴리아크릴레이트, 소듐파이테이트, 치자추출물, 페퍼민트오일, 메틸다이아이소프로필프로피온아마이드, 덱스트린, 병풀추출물, 자작나무수액, 다이프로필렌글라이콜, 소듐시트레이트, 시트릭애씨드, 라임추출물, 레몬추출물, 사과추출물, 오렌지추출물, 포도추출물, 3-O-에틸아스코빅애씨드, 감추출물, 글루타티온, 다시마추출물, 당느릅나무뿌리추출물, 쌀추출물, 쑥잎추출물, 알로에베라잎추출물, 제비꽃꽃추출물, 참마뿌리추출물, 파파인, 아시아티코사이드, 마데카식애씨드, 아시아틱애씨드, 하이드로제네이티드레시틴, 페퍼민트추출물, 피토스테롤, 나이아신, 리보플라빈, 바이오틴, 사이아노코발아민, 세라마이드엔피, 아스코빅애씨드, 카르니틴, 칼슘판토테네이트, 티아민에이치씨엘, 페룰릭애씨드, 폴릭애씨드, 피리독신"
"A000000208056","[24시간광채/미백] 에딧비 톤결 피치 나이아신아마이드 글루타치온 겔 에센스 200ml","에딧비","200.0","200.0","ml","21000","14700","735.0","정제수, 나이아신아마이드(50,000ppm), 다이프로필렌글라이콜, 글리세린, 폴리글리세린-3, 다이페닐다이메티콘, 1,2-헥산다이올, 부틸렌글라이콜, 잔탄검, 젤란검, 복숭아추출물(1,000ppm), 칼슘클로라이드, 에틸헥실글리세린, 알란토인, 판테놀, 치자추출물, 덱스트린, 베르가모트오일, 폴리글리세릴-10라우레이트, 로즈마리잎오일, 필리핀오렌지껍질오일, 글루타티온(1ppm), 하이드로제네이티드레시틴, 글루코노락톤, 토코페롤, 카프릴로일살리실릭애씨드"
"A000000208057","[48H수분지속/대용량] 에딧비 수분 장벽 팡 히알루론산 판테놀 앰플 100ml","에딧비","100.0","100.0","ml","","22000","2200.0","정제수, 글리세린, 펜틸렌글라이콜, 1,2-헥산다이올, 부틸렌글라이콜, 베타인, 판테놀(5,000ppm), 하이드록시에틸우레아, 폴리글리세릴-10라우레이트, 카보머, 병풀추출물, 트로메타민, 소듐하이알루로네이트(1,000ppm), 글리세릴글루코사이드, 알란토인, 잔탄검, 에틸헥실글리세린, 소듐파이테이트, 덱스트린, 백미꽃추출물, 치자추출물, 토코페롤, 하이드록시프로필트라이모늄하이알루로네이트, 쇠비름추출물, 소듐아세틸레이티드하이알루로네이트, 하이드롤라이즈드하이알루로닉애씨드, 마데카소사이드, 하이알루로닉애씨드, 소듐하이알루로네이트크로스폴리머, 하이드롤라이즈드소듐하이알루로네이트, 포타슘하이알루로네이트, 마데카식애씨드, 아시아틱애씨드, 아시아티코사이드"
"A000000208059","[붉은피부진정/겉속보습] 에딧비 진정 톡 시카 어성초 겔 에센스 200ml","에딧비","200.0","200.0","ml","21000","14700","735.0","정제수, 다이프로필렌글라이콜, 다이글리세린, 1,2-헥산다이올, 다이페닐다이메티콘, 폴리글리세린-3, 잔탄검, 젤란검, 병풀추출물(800ppm), 칼슘클로라이드, 에틸헥실글리세린, 약모밀추출물(200ppm), 판테놀, 알란토인, 덱스트린, 치자추출물, 베르가모트오일, 필리핀오렌지껍질오일, 로즈마리잎오일, 락토코쿠스발효용해물, 락토바실러스발효용해물, 병풀잎추출물(1ppm), 비피다발효용해물, 나이아신아마이드, 토코페롤, 하이드로제네이티드레시틴, 아시아티코사이드, 아시아틱애씨드, 마데카식애씨드, 베타-글루칸, 세라마이드엔피"
"A000000208678","메디힐 마데카소사이드 모공 리페어 스피큘 세럼 40ml","메디힐","40.0","40.0","ml","25000","17500","4375.0","정제수,프로판다이올,다이프로필렌글라이콜,나이아신아마이드,글리세린,1,2-헥산다이올,시어버터,판테놀,하이드롤라이즈드해면,다이글리세린,하이드록시아세토페논,암모늄아크릴로일다이메틸타우레이트/브이피코폴리머,글리세릴글루코사이드,아크릴레이트/C10-30알킬아크릴레이트크로스폴리머,알지닌,폴리글리세릴-10라우레이트,하이드로제네이티드레시틴,폴리글리세릴-10스테아레이트,부틸렌글라이콜,아데노신,잔탄검,마데카소사이드(205 ppm),트라이소듐에틸렌다이아민다이석시네이트,서양배추출물,연필향나무오일,다마스크장미꽃수,글루코오스,오리스뿌리추출물,호호바씨오일,멜론추출물,광곽향오일,병풀추출물,서양송악잎/줄기추출물,무화과추출물,향부자추출물,불가리스쑥오일,로즈마리잎오일,세라마이드엔피,감나무잎추출물,에틸헥실글리세린,포도추출물,잇꽃꽃추출물,커피콩추출물,호장근뿌리추출물,녹차추출물,밤껍질추출물,초피나무열매추출물,시트릭애씨드"
"A000000208985","[산뜻로션] 우노 스킨 세럼 모이스처 180ml","우노","180.0","180.0","ml","","18000","1000.0","정제수,다이프로필렌글라이콜,부틸렌글라이콜,글리세린,미네랄오일,다이메티콘,다이아이소스테아릴말레이트,피이지-6,피이지-32,피이지-60글리세릴아이소스테아레이트,페녹시에탄올,하이드로제네이티드폴리아이소부텐,카보머,잔탄검,메틸파라벤,포타슘하이드록사이드,아크릴레이트/C10-30알킬아크릴레이트크로스폴리머,향료,다이소듐이디티에이,에탄올,스쿠알란,녹차추출물,소듐아세틸레이티드하이알루로네이트,소듐하이알루로네이트,토코페롤,티오타우린,타마린드씨검,글루코오스,리날룰,리모넨,벤질벤조에이트,제라니올,시트로넬올,시트랄"
"A000000209113","[나이트케어|결광부스터] 바이오힐보 프로바이오덤 콜라겐 리모델링 부스터샷 프로그램 35ml","바이오힐보","35.0","35.0","ml","42900","23800","6800.0","스텝1 : 정제수, 부틸렌글라이콜, 글리세린, 메틸프로판다이올, 프로판다이올, 하이드롤라이즈드해면, 시트릭애씨드, 글루코노락톤, 1,2-헥산다이올, 하이드록시아세토페논, 알지닌, 카보머, 폴리글리세릴-10라우레이트, 에틸헥실글리세린, 소듐폴리아크릴레이트, 다이소듐이디티에이, 알란토인 / 스텝2 : 정제수, 다이프로필렌글라이콜, 글리세레스-26, 메틸글루세스-20, 폴리글리세린-3, 글리세린, 락토바실러스발효물, 콜라겐, 부틸렌글라이콜, 카보머, 소듐락테이트, 폴리솔베이트20, 팔미토일트라이펩타이드-1, 팔미토일테트라펩타이드-7, 소듐디엔에이, 아데노신, 1,2-헥산다이올, 하이드록시에틸셀룰로오스, 하이드록시아세토페논, 알지닌, 다이페닐다이메티콘, 폴리글리세릴-10라우레이트, 트라이에틸헥사노인, 에틸헥실글리세린, 하이드로제네이티드레시틴, 다이소듐이디티에이, 에스에이치-폴리펩타이드-121, 칼슘글루코네이트, 판테놀, 글라이코사미노글리칸, 하이드롤라이즈드엘라스틴, 소듐하이알루로네이트, 베타인, 프룩토올리고사카라이드, 베타-글루칸, 프룩탄, 이눌린"
"A000000209586","[리들샷 꿀조합] VT 티엑스토닝 에센스 2000샷 30ml","VT","30.0","30.0","ml","32000","28800","9600.0","정제수, 트라넥사믹애씨드, 글리세린, 나이아신아마이드, 1,2-헥산다이올, 알란토인, 잔탄검, 아크릴레이트/C10-30알킬아크릴레이트크로스폴리머, 에틸헥실글리세린, 카보머, 다이포타슘글리시리제이트, 아데노신, 다이소듐이디티에이, 소듐하이알루로네이트, 하이드로제네이티드레시틴, 마카다미아씨오일, 스쿠알란, 글루타티온, 하이드롤라이즈드하이알루로닉애씨드, 글리시리직애씨드, 세라마이드엔피, 스테아릭애씨드, 콜레스테롤"
"A000000209634","[단독/광채보습] 조선미녀 광채프로폴리스세럼 30ml 기획 (+10ml 증정)","조선미녀","30.0","40.0","ml","17000","13600","3400.0","정제수, 다이프로필렌글라이콜, 글리세린, 부틸렌글라이콜, 프로폴리스추출물(7.05 %), 나이아신아마이드, 1,2-헥산다이올, 베타인살리실레이트, 소듐폴리아크릴로일다이메틸타우레이트, 트로메타민, 폴리글리세릴-10라우레이트, 잔탄검, 카프릴릴글라이콜, 카보머, 에틸헥실글리세린, 인도멀구슬나무꽃추출물, 홀리바질잎추출물, 인도멀구슬나무잎추출물, 소듐하이알루로네이트, 울금뿌리추출물, 덱스트린, 카카오추출물, 참산호말추출물, 티트리추출물, 병풀추출물, 메틸프로판다이올, 서양벌노랑이씨추출물, 펜틸렌글라이콜, 옥탄다이올, 호동씨오일, 토코페롤"
"A000000209716","[잡티없는 투명 피부] 아렌시아 홀리 히솝 세럼 12 30ml","아렌시아","30.0","30.0","ml","29000","23200","7733.3","정제수, 부틸렌글라이콜, 다이프로필렌글라이콜, 나이아신아마이드, 프로판다이올, 글리세린, 알부틴, 1,2-헥산다이올, 메틸프로판다이올, 알지닌, 카보머, 덱스트린, 에틸헥실글리세린, 아데노신, 치자추출물, 글리세릴아크릴레이트/아크릴릭애씨드코폴리머, 코직애씨드, 피브이엠/엠에이코폴리머, 히솝추출물, 소듐하이알루로네이트, 아마씨추출물, 쌀추출물, 3-O-에틸아스코빅애씨드, 소듐아스코빌포스페이트, 아스코빅애씨드, 아스코빌글루코사이드, 토코페롤, 판테놀, 피리독신, 몰로키아잎추출물, 신선초추출물, 연꽃뿌리추출물, 오크라열매추출물, 참마뿌리추출물, 하이드로제네이티드레시틴, 아세틸헥사펩타이드-8, 카퍼트라이펩타이드-1, 세라마이드엔피, 글라이코스핑고리피드, 팔미토일펜타펩타이드-4, 올리고펩타이드-1, 올리고펩타이드-2"
"A000000209830","[리들샷 꿀조합] VT 티엑스토닝 에센스 1000샷 30ml 기획 (+15ml)/단품","VT","30.0","45.0","ml","28000","20900","4644.4","정제수, 글리세린, 트라넥사믹애씨드, 나이아신아마이드, 1,2-헥산다이올, 알란토인, 잔탄검, 아크릴레이트/C10-30알킬아크릴레이트크로스폴리머, 카보머, 에틸헥실글리세린, 다이포타슘글리시리제이트, 아데노신, 다이소듐이디티에이, 소듐하이알루로네이트, 하이드로제네이티드레시틴, 마카다미아씨오일, 스쿠알란, 글루타티온, 글리시리직애씨드, 세라마이드엔피, 스테아릭애씨드, 콜레스테롤, 하이드롤라이즈드하이알루로닉애씨드"
"A000000209888","[올영1위] 클리어디어 미나리 진정 젤 세럼 30ml","클리어디어","30.0","30.0","ml","","27000","9000.0","정제수,부틸렌글라이콜,1,2-헥산다이올,글리세린,다이프로필렌글라이콜, 트레할로오스,베타인,트로메타민,카보머, 암모늄아크릴로일다이메틸타우레이트/브이피코폴리머,프로판다이올,판테놀,풀루란,엑토인,미나리추출물(826ppm),알란토인,레몬밤잎추출물,자일리틸글루코사이드,아데노신,글리세릴아크릴레이트/아크릴릭애씨드코폴리머,안하이드로자일리톨,녹차추출물,카프릴하이드록사믹애씨드,세라마이드엔피,하이드로제네이티드레시틴,감나무잎추출물,피브이엠/엠에이코폴리머,다이소듐이디티에이,자일리톨,소듐하이알루로네이트,잇꽃꽃추출물,쑥잎추출물,약모밀추출물,초피나무열매추출물,덱스트린,치자추출물,호장근뿌리추출물,폴리글리세릴-10라우레이트,폴리글리세릴-4라우레이트,카프릴릴/카프릴글루코사이드,하이드롤라이즈드하이알루로닉애씨드,하이드롤라이즈드소듐하이알루로네이트,하이알루로닉애씨드,하이드록시프로필트라이모늄하이알루로네이트,포타슘하이알루로네이트,펜틸렌글라이콜,소듐하이알루로네이트크로스폴리머,소듐아세틸레이티드하이알루로네이트"
"A000000210012","[10개입/장벽영양] 퍼셀 픽셀바이옴 부스터샷 파우더 10개입 (0.2g*10ea)","퍼셀","0.2","0.2","g(약 1ml 상당으로 근사)","","52000","2600000.0","오일팜오일, 하이드롤라이즈드옥수수전분, 락토바실러스발효용해물(200ppm), 비피다발효용해물(200ppm), 프룩토올리고사카라이드, 소듐카세이네이트, 레시틴, 갈락토올리고사카라이즈, 토코페롤"
"A000000210180","피토메르 올리고포스 세럼 이드라땅 어드밴스드 30ml","피토메르","30.0","30.0","ml","150000","89040","29680.0","피이지-8카프릴릭/카프릭글리세라이즈, 정제수, 폴리글리세릴-6아이소스테아레이트, 프로필렌글라이콜, 아이소스테아릴아이소스테아레이트, 글리세린, 나이아신아마이드, 해수, 향료, 카프릴릭/카프릭트라이글리세라이드, 씨솔트, 아데노신, 딕튀옵테리스 폴리포디오이데스추출물, 레인보우랙추출물, 씨대퍼딜추출물, 벤질살리실레이트, 헥실신나몰, 리모넨, 리날룰, 유제놀, 시트로넬올, 시트랄, 제라니올, 녹색202호"
"A000000210482","[5초진정세럼] 아비브 어성초 테카 캡슐 세럼 카밍 드롭 50ml","아비브","50.0","50.0","ml","","32000","6400.0","정제수, 1,2-헥산다이올, 나이아신아마이드, 프로판다이올, 다이프로필렌글라이콜, 부틸렌글라이콜, 글리세린, 베타인, 다이에톡시에틸석시네이트, 약모밀추출물(8,015 ppm), 카프릴릭/카프릭트라이글리세라이드, 아이소노닐아이소노나노에이트, 아이리쉬모스추출물, 판테놀, 글루코오스, 클로렐라 불가리스추출물, 사탕수수추출물, 암모늄아크릴로일다이메틸타우레이트/브이피코폴리머, 카보머, 프룩토오스, 프룩토올리고사카라이드, 트로메타민, 펜틸렌글라이콜, 에틸헥실글리세린, 잔탄검, 캐스터오일/아이피디아이코폴리머, 마데카소사이드, 석시닉애씨드, 알란토인, 소듐파이테이트, 인도멀구슬나무잎추출물, 바이오사카라이드검-1, 인도멀구슬나무꽃추출물, 아이비고드열매추출물, 알지닌, 베타-글루칸, 호박가루, 가지열매추출물, 울금뿌리추출물, 홀리바질잎추출물, 아모다이메티콘, 참산호말추출물, 드럼스틱씨오일, 토코페롤, 엑토인, 아시아티코사이드(0.082 ppm), 마데카식애씨드(0.068 ppm), 아시아틱애씨드(0.05 ppm), 사과추출물, 4-터피네올, 솔비톨"
"A000000210681","[미백세럼/스피큘] 닥터지 RTX 인투세럼 비타민샷 2주 프로그램","닥터지","","","","","19000","","정제수, 부틸렌글라이콜, 글리세린, 나이아신아마이드, 다이프로필렌글라이콜, 프로판다이올, 1,2-헥산다이올, 자일리톨, 호호바씨오일, C12-14알케스-12, 하이드롤라이즈드해면, 스쿠알란, 클로렐라 불가리스추출물, 글루코오스, 하이드로제네이티드폴리아이소부텐, 암모늄아크릴로일다이메틸타우레이트/브이피코폴리머, 카보머, 하이드로제네이티드레시틴, 알란토인, 프룩토올리고사카라이드, 프룩토오스, 판테놀, 트레할로오스, 토마토추출물, 트로메타민, 에틸헥실글리세린, 잔탄검, 아데노신, 다이포타슘글리시리제이트, 소듐하이알루로네이트, 소듐파이테이트, 베타-글루칸, 아스코빅애씨드(10,030ppb), 셀룰로오스, 토코페롤(258.5ppb), 폴리글루타믹애씨드, 사과세포배양추출물"
"A000000210923","[모공결세럼]더페이스샵 올티밋 나이아신아마이드 10% 세럼 30ml","더페이스샵","30.0","30.0","ml","15000","12700","4233.3","정제수, 나이아신아마이드(10 %), 부틸렌글라이콜, 프로판다이올, 판테놀, 비스-피이지-18메틸에터다이메틸실레인, 1,2-헥산다이올, 카페인, 폴리솔베이트20, 글라이코실트레할로오스, 트록세루틴, 하이드로제네이티드스타치하이드롤리세이트, 사코신, 알란토인, 폴리아크릴레이트크로스폴리머-6, 펜틸렌글라이콜, 잔탄검, 아데노신, 다이소듐이디티에이, 세린, 알지닌, 하이드록시페닐프로파미도벤조익애씨드, 시트릭애씨드, 토코페롤, 아스코빌팔미테이트"
"A000000211059","[톤업세럼] 아누아 복숭아 나이아신아마이드 세럼 30mL","아누아","30.0","30.0","ml","27000","21500","7166.7","복숭아수(70%), 글리세린, 나이아신아마이드(5%), 부틸렌글라이콜, 다이에톡시에틸석시네이트, 정제수, 1,2-헥산다이올, 락토바실러스발효물, 소듐하이알루로네이트, 스핑고모나스발효추출물, 알파-알부틴, 인도멀구슬나무꽃추출물, 홀리바질잎추출물, 인도멀구슬나무잎추출물, 잇꽃씨오일, 멕시칸치아씨오일, 울금뿌리추출물, 참산호말추출물, 하이드롤라이즈드하이알루로닉애씨드, 편백잎추출물, 복사나무꽃추출물, 녹차씨오일, 효모발효추출물, 병풀추출물, 쑥잎추출물, 칸디다 봄비콜라/글루코오스/메틸레이프씨데이트발효물, 펜틸렌글라이콜, 폴리글리세릴-10라우레이트, 베타인살리실레이트, 소듐파이테이트, 셀룰로오스, 카프릴릭/카프릭트라이글리세라이드, 하이드로제네이티드레시틴, 판테놀, 폴리글루타믹애씨드, 리놀레익애씨드, 리놀레닉애씨드, 폴리글리세릴-10올리에이트, 수크로오스팔미테이트, 사이아노코발아민, 3-O-에틸아스코빅애씨드, 세라마이드엔피, 아시아티코사이드, 마데카식애씨드, 아시아틱애씨드, 잔탄검, 향료"
"A000000211403","[슬로우에이징/탄력세럼] 닥터자르트 프리쥬비네이션 퍼밍 바쿠치올 세럼 50ml","닥터자르트","50.0","50.0","ml","74000","51800","10360.0","정제수, 부틸렌글라이콜, 다이프로필렌글라이콜, 
글리세린, 프로판다이올, 1,2-헥산다이올, 다이메티콘
크로스폴리머, 바쿠치올, 비닐다이메티콘, 하이드롤라이
즈드콜라겐, 에틸헥실글리세린, 알란토인, 바이오사카라
이드검-1, 다이포타슘글리시리제이트, 아데노신, 소듐다
이라우미도글루타미드라이신, 하이드로제네이티드레시틴, 
소듐폴리아크릴로일다이메틸타우레이트, 아이소도데
케인, 아크릴레이트/C10-30알킬아크릴레이트크로스
폴리머, 트로메타민, 향료, 다이소듐이디티에이, 토코
페롤, 페녹시에탄올, 소듐벤조에이트, 적색504호 (CI 
14700), 청색1호 (CI 42090)"
"A000000211495","설화수 맨 본윤에센스 140ml","설화수","140.0","140.0","ml","73000","65700","4692.9","정제수, 부틸렌글라이콜, 변성알코올, 베타인, 1,2-헥산다이올, 나이아신아마이드, 피이지/피피지-17/6코폴리머, 글리세릴폴리메타크릴레이트, 피이지-60하이드로제네이티드캐스터오일, 비스-피이지-18메틸에터다이메틸실레인, 카보머, 향료, 트로메타민, 프로판다이올, 에틸헥실글리세린, 사카라이드하이드롤리세이트, 아데노신, 리모넨, 다이소듐이디티에이, 리날룰, 메틸트라이메티콘, 페녹시에탄올, 소엽맥문동뿌리추출물, 카라기난, 벤질벤조에이트, 인삼추출물, 가시오갈피뿌리추출물, 황벽나무껍질추출물, 생강뿌리줄기추출물, 황금추출물, 프로필렌글라이콜, 펜틸렌글라이콜, 감초뿌리추출물, 영지버섯추출물, 신나밀알코올, 쌀발효여과물, 낫토검, 하이드로제네이티드레시틴, 토코페롤, 시트릭애씨드"
"A000000211547","NDP 엔디피 베베바이옴 생기탄력 세럼 20ml","NDP","20.0","20.0","ml","28000","27000","13500.0","효모/자일리눔/홍차발효물, 정제수, 프로판다이올, 글리세린, 부틸렌글라이콜, 카프릴릭/카프릭트라이글리세라이드, 펜틸렌글라이콜, 1,2-헥산다이올, 아이소노닐아이소노나노에이트, 베타인, 아이소펜틸다이올, 락토바실러스발효물, 바실러스발효물, 당근추출물, 베타-카로틴, 당근씨오일, 아데노신, 버지니아풍년화수, 녹차추출물, 병풀추출물, 로즈마리추출물, 캐모마일꽃추출물, 호장근뿌리추출물, 황금추출물, 소듐하이알루로네이트, 검은뽕나무열매추출물, 구기자추출물, 비치스트로베리추출물, 불가리스매자열매추출물, 카놀라오일, 에틸헥실글리세린, 캐스터오일/아이피디아이코폴리머, 아크릴레이트/C10-30알킬아크릴레이트크로스폴리머, 해바라기씨오일, 암모늄아크릴로일다이메틸타우레이트/브이피코폴리머, 알지닌, 소듐폴리아크릴레이트, 시트릭애씨드, 토코페릴아세테이트, 카프릴릴글라이콜"
"A000000211859","[쏙수분앰플] 딕셔니스트 아미노산 앰플 30ml *","딕셔니스트","30.0","30.0","ml","38000","24700","8233.3","정제수, 다이프로필렌글라이콜, 나이아신아마이드, 바실러스발효물, 프로판다이올, 베타인, 1,2-헥산다이올, 폴리글루타믹애씨드, 알지닌, 토코페롤, 글리세린, 폴리글리세린-3, 콜레스테릴아이소스테아레이트, 소듐폴리아크릴로일다이메틸타우레이트, 콜레스테릴클로라이드, 콜레스테릴노나노에이트, 암모늄아크릴로일다이메틸타우레이트/브이피코폴리머, 글리세릴카프릴레이트, 카보머, 에틸헥실글리세린"
"A000000212011","[끌어올리는 탄력세럼]LBB 인텐시브 케어 인 세럼 30ml","LBB","30.0","30.0","ml","83000","61700","20566.7","탄제린수,정제수,글리세린,글리세레스-26,프로판다이올,1,2-헥산다이올,나이아신아마이드,폴리글리세릴-4카프레이트,글리세릴카프릴레이트,알지닌,카보머,소듐아크릴레이트/소듐아크릴로일다이메틸타우레이트코폴리머,판테놀,글리세릴아크릴레이트/아크릴릭애씨드코폴리머,폴리아이소부텐,라벤더오일,하이드록시에틸셀룰로오스,아데노신,카프릴릭/카프릭트라이글리세라이드,세드랏껍질오일,다이소듐이디티에이,자몽껍질오일,필리핀오렌지전초오일,솔비탄올리에이트,토코페롤,카프릴릴/카프릴글루코사이드,유비퀴논,부틸렌글라이콜,하이드롤라이즈드옥수수단백질,하이드롤라이즈드콩단백질,하이드롤라이즈드익스텐신,하이드롤라이즈드쌀단백질,하이드롤라이즈드감자단백질,레시틴,세라마이드엔피,엑토인,해바라기씨오일,카프릴릴글라이콜,아세틸헥사펩타이드-8"
"A000000212947","[잡티톤업/글루타치온] 퍼셀 880억/mL 글루타치온 플렉서블 리포좀 톤업앰플 20ml","퍼셀","20.0","20.0","ml","","28000","14000.0","정제수, 부틸렌글라이콜, 글리세린, 글루타티온(50,000ppm), 1,2-헥산다이올, 나이아신아마이드, 베타인, 트라넥사믹애씨드, 시스테인, 글라이신, 토코페롤, 판테놀, 카르니틴, 에틸헥실글리세린, 소듐시트레이트, 시트릭애씨드, 하이드로제네이티드레시틴, 콜레스테롤, 다이포타슘글리시리제이트, 소듐코코일이세티오네이트, 잔탄검"
"A000000213226","[쫀득물착앰플] 스킨푸드 블루 캐모마일 히알루로닉 앰플 50ml","스킨푸드","50.0","50.0","ml","25000","17500","3500.0","정제수, 부틸렌글라이콜, 다이프로필렌글라이콜, 글리세린, 다이글리세린, 캐모마일꽃수, 프로판다이올, 1,2-헥산다이올, 판테놀, 메틸프로판다이올, 하이드록시아세토페논, 베타인, 카보머, 트레할로오스, 트로메타민, 에틸헥실글리세린, 알란토인, 트라이소듐에틸렌다이아민다이석시네이트, 소듐하이알루로네이트, 옥수수커넬추출물, 하이알루로닉애씨드, 하이드롤라이즈드하이알루로닉애씨드, 바이오사카라이드검-1, 글리세릴아크릴레이트/아크릴릭애씨드코폴리머, 프룩탄, 하이드록시프로필트라이모늄하이알루로네이트, 하이드롤라이즈드소듐하이알루로네이트, 포타슘하이알루로네이트, 소듐하이알루로네이트크로스폴리머, 글루코오스, 펜틸렌글라이콜, 소듐구아이아줄렌설포네이트, 소듐아세틸레이티드하이알루로네이트"
"A000000213282","[모공탄력 리프팅] 카르노신 콜라겐수 78만ppm 세럼","오드로이","","","","24500","20820","","콜라겐수, 부틸렌글라이콜, 메틸글루세스-20, 글리세린, 1,2-헥산다이올, 에틸헥실팔미테이트, 칼메그추출물, 향기제비꽃잎추출물, 바닐라열매추출물, 아니스열매추출물, 비터아몬드씨추출물, 발삼아미리스껍질오일, 백미꽃추출물, 카르노신(500ppm), 다이포타슘글리시리제이트, 잔탄검, 아데노신, 하이드록시아세토페논, 소듐시트레이트, 암모늄아크릴로일다이메틸타우레이트/브이피코폴리머, 시트릭애씨드, C12-14알케스-12, 정제수, 다이소듐이디티에이"
"A000000213286","오드로이 75퍼센트 시카 앰플 로프디 50ml","오드로이","50.0","50.0","ml","18900","16070","3214.0","병출추출물, 메틸프로판다이올, 글리세린, 1,2-헥산다이올, 트레할로오스, 잔탄검, 하이드록시아세토페논, 카보머, 알지닌, 알란토인, 아데노신, 향료, 하이드롤라이즈드하이알루로닉애씨드, 글라이코젠, 정제수, 인도멀구슬나무잎추출물, 인도멀구슬나무꽃추출물, 펜틸렌글라이콜, 마데카소사이드"
"A000000213324","[나띠PICK][진정세럼] 더마펌 수딩 리페어 세럼 R4 50ml 기획 (+크림 50ml)","더마펌","50.0","100.0","ml","39000","27300","2730.0","[수딩리페어 세럼 R4]
정제수, 부틸렌글라이콜, 글리세린, 프로판다이올, 1,2-헥산다이올, 판테놀, 폴리글리세릴-4카프레이트, 카보머, 알란토인, 트로메타민, 소듐폴리아크릴로일다이메틸타우레이트, 향료, 에틸헥실글리세린, 아데노신, 다이소듐이디티에이, 소듐하이알루로네이트, 병풀추출물, 하이드로제네이티드레시틴, 글리세릴아크릴레이트/아크릴릭애씨드코폴리머, 쇠비름추출물, 카프릴릭/카프릭트라이글리세라이드, 피브이엠/엠에이코폴리머, 버지니아풍년화추출물, 소듐구아이아줄렌설포네이트, 하이드롤라이즈드콜라겐, 알지닌, 카퍼트라이펩타이드-1, 팔미토일트라이펩타이드-1, 들깨잎추출물, 유칼립투스잎추출물, 소듐서팩틴, 포타슘세틸포스페이트, 베타-글루칸, 아세틸헥사펩타이드-8, 팔미토일펜타펩타이드-4, 트라이펩타이드-1, 글라이신, 세린, 아스파틱애씨드, 글루타믹애씨드, 류신, 라이신, 알라닌, 프롤린, 페닐알라닌, 트레오닌, 발린, 아이소류신, 타이로신, 히스티딘, 시스테인, 메티오닌

[수딩 리페어 크림 R4]
정제수, 글리세린, 메틸프로판다이올, 카프릴릴메티콘, 메틸트라이메티콘, 카프릴릭/카프릭트라이글리세라이드, 세테아릴올리베이트, 베헤닐알코올, 합성비즈왁스, 솔비탄올리베이트, 폴리프로필실세스퀴옥세인, 아이소스테아릴알코올, 프로판다이올, 포타슘세틸포스페이트, 사라수씨버터, 코코글리세라이즈, 부틸렌글라이콜코코에이트, 판테놀, 하이드로제네이티드올리브오일, C10-18트라이글리세라이즈, 소듐아크릴레이트코폴리머, 카보머, 카프릴릴글라이콜, 향료, 소듐스테아로일글루타메이트, 올리브오일, 트로메타민, 알란토인, 레시틴, 에틸헥실글리세린, 다이포타슘글리시리제이트, 에틸셀룰로오스, 1,2-헥산다이올, 올리브오일불검화물, 하이드로제네이티드레시틴, 다이소듐이디티에이, 부틸렌글라이콜, 소듐구아이아줄렌설포네이트, 알지닌, 병풀추출물, 카퍼트라이펩타이드-1, 팔미토일트라이펩타이드-1, 들깨잎추출물, 소듐서팩틴, 유칼립투스잎추출물, 버지니아풍년화추출물, 락토바실러스/쌀발효물, 소듐폴리아크릴로일다이메틸타우레이트, 글라이신, 세린, 아스파틱애씨드, 글루타믹애씨드, 류신, 라이신, 알라닌, 프롤린, 페닐알라닌, 발린, 트레오닌, 아이소류신, 타이로신, 히스티딘, 시스테인, 메티오닌"
"A000000213326","[나띠PICK][잡티케어] 더마펌 수딩 리페어 토닝 세럼 R4 30ml 기획 (+리필 30ml)","더마펌","30.0","60.0","ml","","41000","6833.3","정제수, 카프릴릭/카프릭트라이글리세라이드, 부틸렌글라이콜, 메틸트라이메티콘, 나이아신아마이드, 글리세린, 바쿠치올, 판테놀, 프로판다이올, 폴리아크릴레이트크로스폴리머-6, 라우릴글루코사이드, 폴리글리세릴-6라우레이트, 하이드록시에틸아크릴레이트/소듐아크릴로일다이메틸타우레이트코폴리머, 미리스틸글루코사이드, 카프릴릴글라이콜, 포타슘세틸포스페이트, 에틸헥실글리세린, 아데노신, 향료, 1,2-헥산다이올, 다이소듐이디티에이, 솔비탄아이소스테아레이트, 맥아추출물, 팔미토일트라이펩타이드-1, 카퍼트라이펩타이드-1, 들깨잎추출물, 유칼립투스잎추출물, 하이드로제네이티드레시틴, 소듐구아이아줄렌설포네이트, 알지닌, 소듐서팩틴, 소듐폴리아크릴로일다이메틸타우레이트, 글루타티온, 페룰릭애씨드, 글라이신, 세린, 아스파틱애씨드, 글루타믹애씨드, 류신, 알라닌, 라이신, 프롤린, 페닐알라닌, 발린, 트레오닌, 아이소류신, 타이로신, 히스티딘, 메티오닌, 시스테인"
"A000000213457","[1등 모공세럼] 센텔리안24 마데카 분말 티트리 에이씨 기획 (겔 세럼 15ml)","센텔리안24","15.0","15.0","ml","30000","19900","13266.7","(본품)센텔리안24 마데카 분말 티트리 에이씨
정제수, 글리세린, 실리카실릴레이트, 폴리메틸실세스퀴옥세인, 비닐다이메티콘/메티콘실세스퀴옥세인크로스폴리머, 나이아신아마이드, 보론나이트라이드, 알란토인, 잇꽃꽃추출물, 치자추출물, 마데카식애씨드(2,000 ppm), 아시아티코사이드, 아시아틱애씨드, 녹차추출물, 커피콩추출물, 병풀잎추출물, 오카무라큰실말추출물, 흰버드나무껍질추출물, 베르가모트잎추출물, 소나무잎추출물, 티트리잎오일(500 ppm), 감나무잎추출물, 워터민트추출물, 포도추출물, 호장근뿌리추출물, 밤껍질추출물, 초피나무열매추출물, 삼나무잎추출물, 연꽃잎추출물, 로즈마리잎오일, 덱스트린, 다이메티콘, 시트릭애씨드, 아데노신, 부틸렌글라이콜, 1,2-헥산다이올, 다이프로필렌글라이콜, 데실글루코사이드, 병풀즙, 에틸헥실글리세린, 효모발효여과물, 데하이드로아세틱애씨드, 소듐벤조에이트, 살리실릭애씨드, 리모넨

(추가구성)센텔리안24 마데카 겔 세럼 히알론 듀
정제수, 펜틸렌글라이콜, 글리세린, 메틸글루세스-20, 메틸프로판다이올, 나이아신아마이드, 수레국화꽃수, 부틸렌글라이콜, 폴리글리세린-3, 냉초추출물, 더위지기추출물, 아시아티코사이드, 아시아틱애씨드, 마카뿌리추출물, 라케모사승마뿌리추출물, 흰무늬엉겅퀴추출물, 사이아노코발아민, 알지닌, 카페인, 말토덱스트린, 레스베라트롤, 타우린, 다시마추출물, 한련초잎추출물, 병풀추출물, 마데카식애씨드(200 ppm), 카바카바잎/뿌리/줄기추출물, 인삼열매추출물, 하이드로제네이티드레시틴, 센티드제라늄꽃오일, 암모늄아크릴로일다이메틸타우레이트/브이피코폴리머, C12-14Sec-알케스-12, 소듐폴리아크릴레이트, 다이프로필렌글라이콜, 옥틸도데세스-16, 에톡시다이글라이콜, 하이드록시아세토페논, 글리세릴폴리메타크릴레이트, 아크릴레이트/C10-30알킬아크릴레이트크로스폴리머, 트로메타민, 잔탄검, 아데노신, 하이드롤라이즈드하이알루로닉애씨드(61,000 ppb), 카보머, 프룩토올리고사카라이드, 에틸헥실글리세린, 피브이엠/엠에이코폴리머, 베타-글루칸, 옥틸도데칸올, 글라이코리피드, 폴리쿼터늄-51, 1,2-헥산다이올, C12-13알케스-9, 시트로넬올, 제라니올, 리날룰"
"A000000213547","[트러블 집중케어] 프라나롬 SOS 스팟 세럼 5ml","프라나롬","5.0","5.0","ml","","18000","36000.0","호호바씨오일, 퀸즈랜드넛/마카다미아씨오일, 로즈마리잎오일, 비터오렌지잎오일, 영국라벤더꽃/잎/줄기추출물, 티무스사투레이오이데스오일, 레몬그라스잎오일, 티트리잎오일, 클로브싹오일, 토코페롤"
"A000000213618","[장도연 PICK/1+1] 메디힐 비타민씨 브라이트닝 세럼 40+40ml 더블 기획","메디힐","40.0","80.0","ml","","36900","4612.5","정제수, 글리세린, 부틸렌글라이콜, 베타인, 나이아신아마이드(30,000 ppm), 1,2-헥산다이올, 메틸프로판다이올, 인도멀구슬나무꽃추출물, 홀리바질잎추출물, 인도멀구슬나무잎추출물, 울금뿌리추출물, 참산호말추출물, 소듐하이알루로네이트, 하이드롤라이즈드하이알루로닉애씨드, 카카오추출물, 하이알루로닉애씨드, 판테놀(5,000 ppm), 폴리글리세릴-10라우레이트, 하이드로제네이티드레시틴, 암모늄아크릴로일다이메틸타우레이트/브이피코폴리머, 트로메타민, 카프릴릭/카프릭트라이글리세라이드, 에틸헥실글리세린, 프로판다이올, 아데노신, 소듐하이알루로네이트크로스폴리머, 토코페롤(200 ppm), 폴리글리세릴-10올리에이트, 하이드롤라이즈드글라이코사미노글리칸, 3-O-에틸아스코빅애씨드(100 ppm), 소듐파이테이트, 아스코빅애씨드(50 ppm), 세라마이드엔피, 벤질글라이콜, 베타-글루칸, 덱스트린, 카프릴로일살리실릭애씨드, 글루코노락톤, 카보머, 잔탄검, 향료"
"A000000213688","[모공순삭 탱글 젤리피부] 아렌시아 레드 스무디 세럼 8 30ml","아렌시아","30.0","30.0","ml","29000","23200","7733.3","정제수, 글리세린, 나이아신아마이드, 부틸렌글라이콜, 다이프로필렌글라이콜, 아이소노닐아이소노나노에이트, 알부틴, 1,2-헥산다이올, 폴리글리세릴-10미리스테이트, 폴리글리세릴-10라우레이트, 알지닌, 카보머, 치자추출물, 덱스트린, 에틸헥실글리세린, 글리세릴아크릴레이트/아크릴릭애씨드코폴리머, 아데노신, 피브이엠/엠에이코폴리머, 다이소듐이디티에이, 알란토인, 잔탄검, 페룰릭애씨드, 효모/쌀발효여과물, 사탕무뿌리추출물, 월귤추출물, 인삼열매추출물, 프렌치로즈꽃추출물, 히비스커스꽃추출물, 로즈힙열매추출물, 헥사펩타이드-2, 수용성콜라겐, 하이드롤라이즈드디엔에이, 바이오틴, 3-O-에틸아스코빅애씨드, 소듐아스코빌포스페이트, 아스코빅애씨드, 아스코빌글루코사이드, 토코페롤, 판테놀, 피리독신"
"A000000213951","연작 카밍 앤 컴포팅 에멀전 125ml","연작","125.0","125.0","ml","45000","38250","3060.0","정제수, 글리세린, 스쿠알란, 1,2-헥산다이올, 비닐다이메티콘, 부틸렌글라이콜, C12-16알코올, 세틸알코올, 글리세릴스테아레이트, 하이드로제네이티드레시틴, 팔미틱애씨드, 세라마이드엔피, 아크릴레이트/C10-30알킬아크릴레이트크로스폴리머, 트라이에틸헥사노인, 잔탄검, 광곽향오일, 에틸헥실글리세린, 트로메타민, 세테아릴알코올, 하이드로제네이티드폴리데센, 포스포리피드, 콜레스테롤, 황련추출물, 병풀추출물, 황벽나무껍질추출물, 피토스핑고신, 다이소듐이디티에이, 황금추출물, 호장근뿌리추출물, 개똥쑥추출물, 녹차추출물, 황련뿌리추출물, 스페인감초뿌리추출물, 녹두씨추출물, 삼백초추출물, 마트리카리아꽃추출물, 로즈마리잎추출물, 카카오추출물, 고삼뿌리추출물, 암모늄아크릴로일다이메틸타우레이트/브이피코폴리머, 토코페롤, 덱스트린"
"A000000213968","연작 전초 컨센트레이트 40ml","연작","40.0","40.0","ml","72000","61200","15300.0","정제수,글리세린,부틸렌글라이콜,페닐트라이메티콘,다이글리세린,프로판다이올,1,2-헥산다이올,암모늄아크릴로일다이메틸타우레이트/브이피코폴리머,카보머,트로메타민,잔탄검,에틸헥실글리세린,병풀추출물,황련추출물,황금추출물,쇠비름추출물,호장근뿌리추출물,황벽나무껍질추출물,다이소듐이디티에이,스페인감초뿌리추출물,녹차추출물,로즈마리잎추출물,마트리카리아꽃추출물,광곽향오일,삼백초추출물,녹두씨추출물,황련뿌리추출물,개똥쑥추출물,카카오추출물,소듐하이알루로네이트,호호바씨오일,퀸즈랜드넛오일,카프릴릭/카프릭트라이글리세라이드,고삼뿌리추출물,덱스트린"
"A000000213990","헤브블루 살몬 PDRN 케어링 센텔라 앰플 30ml","헤브블루","30.0","30.0","ml","39900","28600","9533.3","병풀잎수(847,474ppm), 부틸렌글라이콜, 정제수, 프로판다이올, 1,2-헥산다이올, 글리세린, 소듐디엔에이, 연어알추출물(1,500ppm), 마데카소사이드, 쇠비름수, 아보카도열매추출물, 말토덱스트린, 하이알루로닉애씨드, 하이드롤라이즈드하이알루로닉애씨드, 카카오추출물, 퀴노아씨추출물, 하이드롤라이즈드밀단백질, 베타인, 덱스트린, 소듐하이알루로네이트, 카보머, 에틸헥실글리세린, 암모늄아크릴로일다이메틸타우레이트/브이피코폴리머, 트로메타민, 다이소듐이디티에이"
"A000000214031","바이오던스 스킨 글로우 바이탈 앰플 30ml","바이오던스","30.0","30.0","ml","34000","23900","7966.7","정제수, 다이프로필렌글라이콜, 프로판다이올, 글리세린, 1,2-헥산다이올, 나이아신아마이드, 부틸렌글라이콜, 베타인, 글리세레스-26, 비피다발효용해물, 락토바실러스발효용해물, 락토코쿠스발효용해물, 하이드록시아세토페논, 카보머, 글리세레스-25피씨에이아이소스테아레이트, 트로메타민, 잔탄검, 카라기난, 아데노신, 다이소듐이디티에이, 암모늄폴리아크릴로일다이메틸타우레이트, 서양배추출물, 하이드롤라이즈드하이알루로닉애씨드, 하이알루로닉애씨드, 다마스크장미꽃수, 소듐하이알루로네이트, 서양송악잎/줄기추출물, 카프릴릭/카프릭트라이글리세라이드, 비치스트로베리추출물, 아니스열매추출물, 하이드로제네이티드레시틴, 시어버터, 세라마이드엔피, 콜라겐추출물, 하이드롤라이즈드엘라스틴, 베타-글루칸, 콜레스테롤, 세라마이드에이피, 세라마이드엔에스, 세라마이드에이에스, 유칼립투스잎추출물, 아시아티코사이드, 아시아틱애씨드, 마데카식애씨드, 피토스핑고신, 세라마이드이오피"
"A000000214200","케어놀로지 리블루 리제너레이팅 세럼 50ml","케어놀로지","50.0","50.0","ml","","67000","13400.0","버지니아풍년화꽃수, 버지니아풍년화잎수, 부틸렌글라이콜, 폴리솔베이트20, 1,2-헥산다이올, 셀룰로오스검, 카프릴릴글라이콜, 센티드제라늄꽃오일, 판테놀, 베타인, 글리세린, 소듐벤조에이트, 쑥국화추출물(블루탄지꽃오일), 다마스크장미꽃오일, 에틸헥실글리세린, 다이소듐이디티에이, 베타-글루칸, 창과감초뿌리추출물, 리모넨, 시트랄, 리날룰, 시트로넬올, 제라니올, 유제놀"
"A000000214258","[7년 연속 1위/속탄력 안티에이징 케어] 키엘 클리어리 코렉티브 다크 스팟 솔루션 30ml","키엘","30.0","30.0","ml","99000","78210","26070.0","정제수 프로필렌글라이콜 글리세린 변성알코올 피이지/피피지/폴리부틸렌글라이콜-8/5/3글리세린 하이드록시프로필테트라하이드로피란트라이올 에칠아스코빌에텔 피피지-6-데실테트라데세스-30 페녹시에탄올 살리실릭애씨드 잔탄검 하이드록시에틸셀룰로오스 포타슘하이드록사이드 시트릭애씨드 소듐시트레이트 토코페릴아세테이트 라벤더오일 다이소듐이디티에이 아데노신 리날룰 부틸렌글라이콜 토코페롤 타치바나오렌지껍질추출물 모란뿌리추출물"
"A000000214260","[저자극 결케어] 키엘 결광 프리 에센스 30ml","키엘","30.0","30.0","ml","76000","60040","20013.3","정제수 펜틸렌글라이콜 글리세린 글라이콜릭애씨드 글루코노락톤 수레국화꽃수 프로판다이올 락틱애씨드 소듐하이드록사이드 판테놀 알란토인 살리실릭애씨드 트라이소듐에틸렌다이아민다이석시네이트 하이드록시에틸셀룰로오스 카퍼글루코네이트 코코-베타인 파파야열매추출물 시트릭애씨드 포타슘솔베이트 알지닌"
"A000000214261","키엘 파워풀 스트렝스 라인 리듀싱 콘센트레이트 50ml","키엘","50.0","50.0","ml","136000","107440","21488.0","다이메티콘 프로필렌글라이콜 글리세린 아스코빅애씨드 세틸피이지/피피지-10/1다이메티콘 다이메티콘크로스폴리머 아스코빌글루코사이드 라우로일라이신 보론나이트라이드 하이드록시에틸피페라진에탄설포닉애씨드 아데노신 하이드롤라이즈드하이알루로닉애씨드 리모넨 오렌지껍질오일 레몬껍질오일 시트랄 펜타에리스리틸테트라-다이-t-부틸하이드록시하이드로신나메이트"
"A000000214266","키엘 울트라 퓨어 세럼 히알루로닉애씨드 30ml 기획/단품","키엘","30.0","30.0","ml","49000","33070","11023.3","정제수 글리세린 소듐하이알루로네이트 페녹시에탄올 클로페네신 테트라소듐글루타메이트다이아세테이트 시트릭애씨드"
"A000000214270","키엘 울트라 퓨어 세럼 나이아신아마이드 30ml 기획/단품","키엘","30.0","30.0","ml","49000","33070","11023.3","정제수 나이아신아마이드 글리세린 프로판다이올 메틸글루세스-20 하이드록시아세토페논 소듐하이알루로네이트 카프릴릴글라이콜 카보머 소듐하이드록사이드"
"A000000214287","[볼륨탄력] 라운드랩 동백 딥 콜라겐 탄력 앰플 30ml","라운드랩","30.0","30.0","ml","35000","24500","8166.7","정제수,글리세린,부틸렌글라이콜,스쿠알란,폴리글리세린-3,1,2-헥산다이올,베타인,나이아신아마이드,다이펜타에리스리틸헥사C5-9애씨드에스터,동백나무꽃추출물(10,100 ppm),호호바씨오일,판테놀,아이리쉬모스추출물,하이드로제네이티드레시틴,아크릴레이트/C10-30알킬아크릴레이트크로스폴리머,클로렐라 불가리스추출물,글루코오스,메틸프로판다이올,사탕수수추출물,트로메타민,하이드롤라이즈드콜라겐(1,010 ppm),프룩토올리고사카라이드,프룩토오스,이노시톨,카카오추출물,베타-글루칸,세라마이드엔피,아데노신,하이드록시피나콜론레티노에이트,사이아노코발아민,쿼세틴,수용성콜라겐(1 ppm),알지닌,토코페롤,폴리아크릴레이트크로스폴리머-6,잔탄검,소듐다이라우미도글루타미드라이신,에틸헥실글리세린,카프릴릭/카프릭트라이글리세라이드,다이에틸헥실시링질리덴말로네이트,소듐파이테이트,다이메틸아이소소바이드,덱스트린"
"A000000214323","[강력진정세럼] 유리아쥬 시카 데일리 인텐스 리페어 세럼 30ml","유리아쥬","30.0","30.0","ml","44000","33500","11166.7","정제수,온천수*,글리세린,다이글리세린,1,2-헥산다이올,이눌린,판테놀,소듐폴리아크릴로일다이메틸타우레이트,잔탄검,소듐하이알루로네이트,프로판다이올,병풀잎추출물,시트릭애씨드,징크글루코네이트,글루타밀아미도에틸인돌"
"A000000214850","[속건조개선] 바버 앰플 컨센트레이트 하이드라 플러스 2ml*7ea","바버","2.0","2.0","ml","40000","32000","160000.0","정제수,사카라이드아이소머레이트,소듐하이알루로네이트,비트뿌리추출물,비트,프룩토올리고사카라이드,폴리글리세릴-10라우레이트,판테놀,페녹시에탄올,포타슘락테이트,에틸헥실글리세린,향료,시트릭애씨드,소듐시트레이,페네틸알코올,소듐카라기난,판토락톤,씨솔트"
"A000000214852","[광채&미백]바버 앰플 컨센트레이트 멀티 비타민 2ml*7ea","바버","2.0","2.0","ml","","40000","200000.0","정제수,카프릴릭/카프릭/석시닉트라이글리세라이드,3-O-에틸아스코빅애씨드(비타민C),나이아신아마이드,토코페릴아세테이트,판테놀,페녹시에탄올,시트릭애씨드,다이소듐포스페이트,토코페롤,해바라기씨오일,잔탄검,레티닐팔미테이트,비타민나무열매추출물,소듐하이드록사이드,비오틴,칼슘클로라이드,에틸헥실글리세린,리모넨,젤란검,소듐하이알루로네이트,향료,판토락톤,리날룰,에르고티오네인,로즈마리잎추출물"
"A000000214999","[탄력&리프팅]바버 앰플 컨센트레이트 콜라겐 부스터 2ml*7ea","바버","2.0","2.0","ml","60000","48000","240000.0","정제수,부틸렌글라이콜,글리세린,메틸실란올만누로네이트,폴리글리세릴-10라우레이트,판테놀,페녹시에탄올,아이리쉬모스,에틸헥실글리세린,소듐클로라이드,클로렐라 불가리스/화이트루핀단백질발효물,향료,바이오사카라이드검-1,시트릭애씨드,판토락톤,리날룰,헥실신남알,팔미토일트라이펩타이드-5,소듐벤조에이트,리모넨,퀴노아씨추출물,당근추출물,검정콩추출물,쌀추출물,흑삼추출물,포타슘솔베이트,제라니올,소르빅애씨드"
"A000000215000","[트러블개선]바버 앰플 컨센트레이트 액티브 퓨리파이어 2ml*7ea","바버","2.0","2.0","ml","","40000","200000.0","정제수,변성알코올,글리세린,폴리글리세릴-3메틸글루코오스다이스테아레이트,판테놀,티트리잎오일,아밀로펙틴,페녹시에탄올,익타솔,잔탄검,아밀로오스,해바라기씨오일,스클레로튬검,토코페롤,에틸헥실글리세린,리모넨,시트릭애씨드,판토락톤,소듐설페이트"
"A000000215215","[수분천재앰플] 그라운드플랜 앰플 40ml","그라운드플랜","40.0","40.0","ml","34000","26550","6637.5","버지니아풍년화추출물, 다이프로필렌글라이콜, 글리세린, 정제수, 알로에베라잎추출물, 병풀
추출물, 아로니아열매추출물, 베타인, 판테놀, 소듐하이알루로네이트, 베타-글루칸, 글리세릴
글루코사이드, 자일리톨, 카보머, 알지닌, 암모늄아크릴로일다이메틸타우레이트/브이피코폴
리머, 폴리글리세릴-10라우레이트, 폴리글리세릴-10미리스테이트, 에틸헥실글리세린, 부틸
렌글라이콜, 1,2-헥산다이올, 카프릴릴글라이콜, 스타아니스추출물, 다이소듐이디티에이,
라벤더오일, 리날룰"
"A000000216054","[NEW/매끈결광] 스킨푸드 블랙슈가 퍼펙트 첫세럼 더 에센셜 150ml","스킨푸드","150.0","150.0","ml","27000","18900","1260.0","정제수, 갈락토미세스발효여과물, 글리세린, 에탄올, 부틸렌글라이콜, 나이아신아마이드, 수크로오스(15,250 ppm), 프로판다이올, 1,2-헥산다이올, 하이드록시아세토페논, 피피지-13-데실테트라데세스-24, 버지니아풍년화추출물, 알지닌, 타마린드씨검, 글라이콜릭애씨드, 쌀발효여과물, 살리실릭애씨드, 아데노신, 보검선인장줄기추출물, 에틸헥실글리세린, 레몬추출물, 사과추출물, 오렌지추출물, 파파야열매추출물, 글루코오스, 소듐하이알루로네이트, 셀룰로오스검, 카라멜, 판테놀, 마트리카리아추출물, 잔탄검, 알로에베라잎추출물, 솔비나무줄기추출물, 소듐피씨에이, 소듐시트레이트, 락토바실러스발효용해여과물, 톳추출물, 당밀, 카프릴릴글라이콜, 향료, 리모넨, 시트랄"
"A000000216924","[7일체감/모공개선] 아로셀 보툴케어 모공 앰플 30ml","아로셀","30.0","30.0","ml","45000","32000","10666.7","정제수, 판테놀, 메틸프로판다이올, 프로판다이올, 나이아신아마이드, 글리세린, 1,2-헥산다이올, 하이드롤라이즈드하이알루로닉애씨드, C12-14파레스-12, 자일리톨, 트로메타민, 카보머, 에틸헥실글리세린, 잔탄검, 아데노신, 다이소듐이디티에이, 소듐하이알루로네이트크로스폴리머, 하이드롤라이즈드글라이코사미노글리칸, 소듐하이알루로네이트, 아세틸글루코사민, 벤질글라이콜, 실베스트리스꽃담배잎세포배양물, 벌노랑이체세포배양추출물, 하이드롤라이즈드소듐하이알루로네이트, 소듐클로라이드, 해바라기씨오일, 토코페롤, 하이드로제네이티드레시틴, 세테아릴알코올, 하이드록시프로필트라이모늄하이알루로네이트, 스테아릭애씨드, 다이소듐포스페이트, 메티오닐알-클로스트리듐보툴리눔폴리펩타이드-1헥사펩타이드-40(100ppb), 하이알루로닉애씨드, 부틸렌글라이콜, 화이트루핀씨추출물, 포타슘포스페이트, 포타슘클로라이드, 소듐디엔에이, 세라마이드엔피, 하이드록시에틸셀룰로오스, 하이드롤라이즈드콜라겐, 석류추출물, 세라마이드엔에스, 피토스핑고신, 카퍼트라이펩타이드-1, 콜레스테롤, 세라마이드에이에스, 세라마이드에이피, 세라마이드이오피, 레스베라트롤"
"A000000216925","[30만콜라겐샷] 아로셀 슈퍼샷 콜트라 앰플 3X 30ml","아로셀","30.0","30.0","ml","45000","32000","10666.7","정제수, 글리세린, 다이프로필렌글라이콜, 부틸렌글라이콜, 나이아신아마이드, 프로판다이올, 1,2-헥산다이올, 수국잎소포, 하이드록시아세토페논, 카보머, 하이드롤라이즈드해면, 글리세레스-25피씨에이아이소스테아레이트, 트로메타민, 하이드롤라이즈드콜라겐, 아텔로콜라겐, 콜라겐추출물, 콜라겐, 콜라겐아미노산, 수용성콜라겐, 로진하이드롤라이즈드콜라겐, 수용성콜라겐크로스폴리머, 판테놀, 세라마이드엔피, 베타-글루칸, 달팽이점액여과물, 에틸헥실글리세린, 잔탄검, 하이드롤라이즈드치자추출물, 하이드롤라이즈드맥아추출물, 아데노신, 하이드롤라이즈드삼색제비꽃추출물, 다이소듐이디티에이,소듐폴리아크릴레이트, 소듐하이알루로네이트,하이드롤라이즈드하이알루로닉애씨드, 하이알루로닉애씨드, 카프릴릭/카프릭트라이글리세라이드, 하이드록시프로필트라이모늄하이알루로네이트, 하이드로제네이티드레시틴, 아세틸헥사펩타이드-8, 카퍼트라이펩타이드-1, 다이펩타이드다이아미노부티로일벤질아마이드다이아세테이트, 헥사펩타이드-9,노나펩타이드-1, 팔미토일펜타펩타이드-4, 팔미토일테트라펩타이드-7, 팔미토일트라이펩타이드-5, 팔미토일헥사펩타이드-12, 팔미토일트라이펩타이드-1, 펜타펩타이드-3, 소듐아세틸레이티드하이알루로네이트, 트라이펩타이드-1, 포타슘코코일하이드롤라이즈드콜라겐, 하이드롤라이즈드소듐하이알루로네이트, 소듐하이알루로네이트크로스폴리머, 포타슘하이알루로네이트"
"A000000217292","라로슈포제 순수 비타민 C12 세럼 30ml","라로슈포제","30.0","30.0","ml","","57000","19000.0","비타c12세럼
정제수 아스코빅애씨드(12%) 다이메티콘 글리세린 변성알코올 포타슘하이드록사이드 폴리실리콘-11 실리카 펜타에리스리틸테트라에틸헥사노에이트 피이지-20메틸글루코오스세스퀴스테아레이트 소듐하이알루로네이트 아데노신 폴록사머338 암모늄폴리아크릴로일다이메틸타우레이트 하이드롤라이즈드하이알루로닉애씨드 카프릴릭/카프릭트라이글리세라이드 카프릴릴글라이콜 시트릭애씨드 라우레스-7 트라이소듐에틸렌다이아민다이석시네이트 비스-피이지/피피지-16/16피이지/피피지-16/16다이메티콘 아세틸다이펩타이드-1세틸에스터 잔탄검 펜틸렌글라이콜 폴리아크릴아마이드 C13-14아이소알케인 토코페롤 펜타에리스리틸테트라-다이-t-부틸하이드록시하이드로신나메이트 살리실릭애씨드 향료"
"A000000217680","믹순 마스터 세럼 30ml","믹순","30.0","30.0","ml","","25000","8333.3","병풀추출물, 비피다발효추출물, 소듐하이알루로네이트, 하이드롤라이즈드하이알루로닉애씨드, 판테놀"
"A000000218545","에스트라 에이시카365 흔적진정세럼 pH4.5 40ml","에스트라","40.0","40.0","ml","38000","32300","8075.0","정제수, 글리세린, 부틸렌글라이콜, 다이프로필렌글라이콜, 베타인, 나이아신아마이드, 글루코노락톤, 1,2-헥산다이올, 다이에톡시에틸석시네이트, 트로메타민, 수크로오스스테아레이트, 스쿠알란, 하이드로제네이티드레시틴, 폴리글리세릴-10스테아레이트, 폴리글리세릴-10라우레이트, 카보머, 카프릴릴메티콘, 폴리아크릴레이트크로스폴리머-6, 에틸헥실글리세린, 콜레스테롤, 잔탄검, 아시아티코사이드, 마데카식애씨드, 아시아틱애씨드, 소듐하이알루로네이트, 셀룰로오스검, 3-O-에틸아스코빅애씨드, 징크피씨에이, 소듐글루코네이트, 글리세릴카프릴레이트, 마데카소사이드, 소듐트라이메타포스페이트"
"A000000218586","[쾌속수분/온라인 단독]더마토리 히알샷 베리어 앰플 비5 100ml 대용량 기획(100ml+10ml)","더마토리","100.0","210.0","ml","38000","26600","1266.7","정제수, 글리세레스-26, 부틸렌글라이콜, 1,2-헥산다이올, 나이아신아마이드, 글리세린, 다이에톡시에틸석시네이트, 프로판다이올, 다시마추출물, 한련초잎추출물, 카바카바잎/뿌리/줄기추출물, 병풀추출물, 인삼열매추출물, 소듐하이알루로네이트(2,400ppm), 하이드로제네이티드레시틴, 락토바실러스발효물(9,790ppm), 하이드록시에틸우레아, 암모늄아크릴로일다이메틸타우레이트/브이피코폴리머, 다이프로필렌글라이콜, 베타인, 옥틸도데세스-16, 메틸프로판다이올, 잔탄검, 판테놀(1,000ppm), 에틸헥실글리세린, 아데노신, 카보머, 프룩토올리고사카라이드, 베타-글루칸, 다이소듐이디티에이, 알란토인, 트로메타민, 폴리쿼터늄-51, 하이드롤라이즈드하이알루로닉애씨드(60,000ppb), 하이드롤라이즈드소듐하이알루로네이트(10,000ppb), 토코페롤, 스쿠알란, 향료"
"A000000218641","[스무살 앰플] 아이디플라코스메틱 엑소브이 플러스 앰플 30ml","아이디플라코스메틱","30.0","30.0","ml","","35000","11666.7","정제수, 다이페닐다이메티콘, 펜틸렌글라이콜, 나이아신아마이드, 락토바실러스세포외소포, 해수, 한련초추출물, 인도멀구슬나무잎추출물, 인도멀구슬나무꽃추출물, 아이비고드열매추출물, 알로에베라꽃추출물, 가지열매추출물, 드럼스틱씨오일, 호호바씨오일, 참산호말추출물, 울금뿌리추출물, 홀리바질잎추출물, 콜라겐, 당호박씨오일, 채찍산호추출물, 회화나무꽃추출물, 눈빛승마추출물, 황금추출물, 아르니카 몬타나꽃추출물, 감나무잎추출물, 하이드롤라이즈드콜라겐, 소듐하이알루로네이트, 수용성콜라겐, 지모뿌리추출물, 살비아추출물, 바위돌꽃뿌리추출물, 쑥잎추출물, 맨드라미꽃추출물, 바위손추출물, 콜라겐추출물, 하이드롤라이즈드하이알루로닉애씨드, 하이알루로닉애씨드, 글리세린, 소듐피씨에이, 니코틴아마이드모노뉴클레오타이드, 부틸렌글라이콜, 아데노신, 소듐시트레이트 
, 1,2-헥산다이올, 시트릭애씨드, 판테놀, 카프릴릴글라이콜, 덱스트란, 글루타티온, 소듐콘드로이틴설페이트, 다이프로필렌글라이콜, 카프릴릭/카프릭트라이글리세라이드, 하이드로제네이티드레시틴, 폴리글리세릴-10다이아이소스테아레이트, 메나다이온, 하이드롤라이즈드엘라스틴, 하이드록시프로필트라이모늄하이알루로네이트, 헥사펩타이드-9, 노나펩타이드-1, 소듐아세틸레이티드하이알루로네이트, 트라이펩타이드-1, 아세틸헥사펩타이드-8, 카퍼트라이펩타이드-1, 팔미토일펜타펩타이드-4, 아세틸테트라펩타이드-5, 하이드롤라이즈드소듐하이알루로네이트, 팔미토일테트라펩타이드-7, 팔미토일트라이펩타이드-1, 소듐하이알루로네이트크로스폴리머, 포타슘하이알루로네이트, 피톨, 에탄올, 소듐벤조에이트, 향료"
"A000000218712","키엘 울트라 퓨어 세럼 30ml 2종 기획/단품","키엘","30.0","30.0","ml","49000","33070","11023.3","[울트라 퓨어 하이-포텐시 세럼 1.5% 히알루로닉애씨드] 정제수 글리세린 소듐하이알루로네이트 페녹시에탄올 클로페네신 테트라소듐글루타메이트다이아세테이트 시트릭애씨드 // [울트라 퓨어 하이-포텐시 세럼 5.0% 나이아신아마이드] 정제수 나이아신아마이드 글리세린 프로판다이올 메틸글루세스-20 하이드록시아세토페논 소듐하이알루로네이트 카프릴릴글라이콜 카보머 소듐하이드록사이드 // [울트라 퓨어 하이-포텐시 세럼 9.8% 글라이콜릭애씨드] 정제수 글라이콜릭애씨드 글리세린 변성알코올 소듐하이드록사이드 소듐하이알루로네이트 하이드록시에틸셀룰로오스"
"A000000218992","[속보습/흔적케어] 셀로라바이 4GF 더마 리페어 하이드로 세럼 30ml","셀로라바이","30.0","30.0","ml","","39900","13300.0","정제수, 다이프로필렌글라이콜, 글리세린, 나이아신아마이드, 1,2-헥산다이올, 글리세릴스테아레이트에스이, 세테아릴알코올, 락토바실러스발효물, 에스에이치-올리고펩타이드-1, 에스에이치-폴리펩타이드-1, 에스에이치-올리고펩타이드-2, 에스에이치-폴리펩타이드-19, 소듐하이알루로네이트, 하이알루로닉애씨드, 하이드롤라이즈드하이알루로닉애씨드, 하이드록시프로필트라이모늄하이알루로네이트, 하이드롤라이즈드소듐하이알루로네이트, 포타슘하이알루로네이트, 펜틸렌글라이콜, 소듐하이알루로네이트크로스폴리머, 소듐아세틸레이티드하이알루로네이트, 아데노신, 부틸렌글라이콜, 하이드로제네이티드레시틴, 카프릴릴글라이콜, 소듐포스페이트, 카보머, 트로메타민, 다이소듐이디티에이"
"A000000218993","[모공쫀쫀] 셀로라바이 포텐션 모공 리무버 세럼 30ml","셀로라바이","30.0","30.0","ml","32900","26900","8966.7","정제수, 글리세린, 부틸렌글라이콜, 프로판다이올, 다이프로필렌글라이콜, 변성알코올, 나이아신아마이드, 1,2-헥산다이올, 판테놀, 살리실릭애씨드, 달맞이꽃꽃추출물, 칡뿌리추출물, 대왕소나무잎추출물, 당느릅나무뿌리추출물, 에틸헥실글리세린, 시트릭애씨드, 아데노신, 베타인, 락토바실러스발효용해물, 서양민들레잎추출물, 글루코오스, 수국잎추출물, 병풀잎추출물, 셀룰로오스검, 하이드록시아세토페논, 소듐시트레이트, 옥수수커넬추출물, 글리세레스-25피씨에이아이소스테아레이트, 잔탄검, 프룩탄, 다이소듐이디티에이"
"A000000218994","아렌시아 레드 스무디 세럼 30 50g","아렌시아","50.0","50.0","g(약 1ml 상당으로 근사)","42000","28600","5720.0","정제수, 글리세린, 나이아신아마이드, 알부틴, 프로판다이올, 1,2-헥산다이올, 부틸렌글라이콜, 메틸프로판다이올, 암모늄아크릴로일다이메틸타우레이트/브이피코폴리머, 아크릴레이트/C10-30알킬아크릴레이트크로스폴리머, 알지닌, 치자추출물(706ppm), 에틸헥실글리세린, 덱스트린, 아데노신, 폴리글리세릴-10미리스테이트, 폴리글리세릴-10라우레이트, 인삼열매추출물(301ppm), 글리세릴아크릴레이트/아크릴릭애씨드코폴리머, 아보카도열매추출물(300ppm), 양까막까치밥나무열매추출물(300ppm), 차가버섯추출물(300ppm), 케일잎추출물(300ppm), 피브이엠/엠에이코폴리머, 효모/쌀발효여과물(127ppm), 소듐하이알루로네이트, 페룰릭애씨드, 사탕무뿌리추출물, 월귤추출물, 프렌치로즈꽃추출물, 히비스커스꽃추출물, 로즈힙열매추출물, 헥사펩타이드-2, 수용성콜라겐(0.13ppm), 하이드롤라이즈드디엔에이, 바이오틴, 3-O-에틸아스코빅애씨드, 소듐아스코빌포스페이트, 아스코빅애씨드, 아스코빌글루코사이드, 토코페롤, 판테놀, 피리독신"
"A000000218995","[NEW/백옥광채] 아렌시아 라이스 뮤신 글로우 세럼 30 50g","아렌시아","50.0","50.0","g(약 1ml 상당으로 근사)","42000","28600","5720.0","쌀발효여과물(487,889ppm), 정제수, 1,2-헥산다이올, 글리세린, 나이아신아마이드, 효모/쌀발효여과물(18,000ppm), 카보머, 하이드롤라이즈드콜라겐, 세테아릴올리베이트, 트로메타민, 부틸렌글라이콜, 메틸프로판다이올, 펜틸렌글라이콜, 풀루란, 솔비탄올리베이트, 소듐하이알루로네이트, 하이드롤라이즈드하이알루로닉애씨드, 하이알루로닉애씨드, 카프릴릭/카프릭트라이글리세라이드, 쌀추출물(750ppm), 하이드로제네이티드레시틴, 소듐폴리아크릴레이트, 가르시니아열매추출물, 아데노신, 폴리글리세릴-10올리에이트, 폴리글루타믹애씨드, 폴리글리세릴-10스테아레이트, 다이소듐이디티에이, 잔탄검, 카프릴로일살리실릭애씨드, 폴리글리세릴-4카프레이트, 맥아추출물, 레틴알, 판테놀, 매듭풀추출물, 소듐아스코빌포스페이트, 토코페릴아세테이트, 레드신코나나무껍질추출물, 마누카잎추출물, 참마뿌리추출물(5ppm), 베타-글루칸, 하이드롤라이즈드옥수수전분, 글리세릴리놀리네이트, 글리세릴아라키도네이트, 트라넥사믹애씨드, 레티닐팔미테이트, 바이오틴, 수크로오스, 티아민에이치씨엘, 폴릭애씨드, 피리독신, 사이아노코발아민, 소듐콘드로이틴설페이트"
"A000000219212","[레티놀]SVR 리프팅 A 앰플 30ml 기획(+크림 10ml)/단품","SVR","30.0","40.0","ml","49000","41650","10412.5","정제수, 카프릴릭/카프릭트라이글리세라이드, 프로판다이올, 나이아신아마이드, 보론나이트라이드, 호호바씨오일, 펜틸렌글라이콜, 1,2-헥산다이올, 글리세린, 글리세릴글루코사이드, 마이크로크리스탈린셀룰로오스, 라우릴글루코사이드, 폴리글리세릴-6라우레이트, 폴리솔베이트20, 소듐시트레이트, 카프릴릴글라이콜, 레티놀, 라이소레시틴, 스클레로튬검, 시트릭애씨드, 미리스틸글루코사이드, 풀루란, 잔탄검, 셀룰로오스검, 테트라소듐글루타메이트다이아세테이트, 토코페롤, 글라이코스핑고리피드, 글라이코리피드, 매스틱검, 레시틴, 실리카, 글리세릴카프릴레이트/카프레이트, 해바라기씨오일"
"A000000219286","[노화케어] 디오디너리 GF 15% 솔루션 30ml","디오디너리","30.0","30.0","ml","","24600","8200.0","정제수, 부틸렌글라이콜, 니코티아나 벤타미아나헥사펩타이드-40에스에이치-올리고펩타이드-1, 니코티아나 벤타미아나헥사펩타이드-40에스에이치-폴리펩타이드-76, 니코티아나 벤타미아나옥타펩타이드-30에스에이치-올리고펩타이드-2, 스클레로튬검, 글리세린, 트라이소듐에틸렌다이아민다이석시네이트, 시트릭애씨드, 소듐시트레이트, 페녹시에탄올, 클로페네신."
"A000000219389","[화해1등/흔적진정] 마몽드 카밍 샷 아줄렌 흔적 수분앰플 50ml 기획","마몽드","50.0","50.0","ml","24000","20400","4080.0","정제수, 글리세린, 나이아신아마이드(40,000ppm), 프로판다이올, 1,2-헥산다이올, 베타인, 실리카, 피피지-13-데실테트라데세스-24, 마트리카리아꽃수, 카프릴릭/카프릭트라이글리세라이드, 카보머, 아가, 트로메타민, 에틸헥실글리세린, 소듐메타포스페이트, 멘톡시프로판다이올, 부틸렌글라이콜, 구아이아줄렌(100ppm), 향료, 토코페롤"
"A000000219713","도미나스 앳클리닉 보르피린 링클 샷 앰플 30ml","도미나스","30.0","30.0","ml","45000","36000","12000.0","정제수, 하이드로제네이티드폴리아이소부텐*, 글리세릴폴리메타크릴레이트, 다이메티콘, 글리세린, 1,2-헥산다이올, 나이아신아마이드, 2,3-부탄다이올, 다이포타슘글리시리제이트, 메틸트라이메티콘, 판테놀, 폴리아크릴레이트크로스폴리머-6, 폴리실리콘-11, 프로필렌글라이콜, 옥틸도데칸올, 피이지-40하이드로제네이티드캐스터오일, 피이지/피피지/폴리부틸렌글라이콜-8/5/3글리세린, 비스-피이지/피피지-20/5피이지/피피지-20/5다이메티콘, 메톡시피이지/피피지-25/4다이메티콘, 폴리메틸실세스퀴옥세인, 하이드록시프롤린, 잔탄검, 카프릴릭/카프릭트라이글리세라이드, 알란토인, 폴리글리세릴-10라우레이트, 다이프로필렌글라이콜, 덱스트린, 카카오씨추출물, 비사보롤, 하이알루로닉애씨드, 소듐하이알루로네이트, 토코페롤*, 트라넥사믹애씨드, 돌콩오일, 펜틸렌글라이콜, 지모뿌리추출물(20 ppm)*, 셀룰로오스, 콜레스테롤, 부틸렌글라이콜, 하이드로제네이티드레시틴, 소듐디엔에이**, 변성알코올, 하이드록시데실유비퀴논, 폴리글리세릴-10올리에이트, 펜타에리스리틸테트라-다이-T-부틸하이드록시하이드로신나메이트, 유비퀴논, 에틸헥실글리세린, 소듐하이알루로네이트크로스폴리머, 파에오놀, 데사미도콜라겐, 글라이신, 프롤린, 트라이소듐이디티에이, 향료, 리모넨, 리날룰
* 보르피린™
** PDRN"
"A000000221651","[주름탄력]테라로직 레티날 주름탄력 앰플 30ml","테라로직","30.0","30.0","ml","58000","46400","15466.7","정제수, 글리세린, 메틸프로판다이올, 1,2-헥산다이올, 나이아신아마이드, 트레할로오스, 폴리메틸메타크릴레이트, 레틴알(3,000ppm), 소듐디엔에이, 하이드롤라이즈드디엔에이 연꽃잎추출물,아데노신,베타인,판테놀,유비퀴논,하이드로제네이티드레시틴,콜레스테롤,덱스트린,트라이헵타노인,프로필렌글라이콜,부틸렌글라이콜,피브이엠/엠에이코폴리머 카프릴릭/카프릭트라이글리세라이드,잔탄검,암모늄아크릴로일다이메틸타우레이트/브이피코폴리머,에틸헥실글리세린,카보머,글리세릴아크릴레이트/아크릴릭애씨드코폴리머,알지닌"
"A000000221815","[기미잡티] LBB 골드렐라 펩타이드 28 안티 멜라닌 에센스 50ml","LBB","50.0","50.0","ml","23000","13800","2760.0","정제수,글리세린,부틸렌글라이콜,나이아신아마이드,메틸글루세스-20,1,2-헥산다이올,탄제린열매수,베타인,소듐폴리아크릴로일다이메틸타우레이트,C12-14알케스-12,트레할로오스,에틸헥실글리세린,라벤더오일,말토덱스트린,아데노신,인도멀구슬나무잎추출물,카프릴릭,카프릭트라이글리세라이드,인도멀구슬나무꽃추출물,울금뿌리추출물,클로렐라발효물,세드랏껍질오일,자몽껍질오일,카카오추출물,덱스트린,필리핀오렌지전초오일,홀리바질잎추출물,참산호말추출물,하이드록시데실유비퀴논,폴리글리세릴-10올리에이트,하이드로제네이티드레시틴,토코페롤"
"A000000221943","닥터엘시아 젠틀 비타민 C 부스팅 세럼 30ml","닥터엘시아","30.0","30.0","ml","29000","24500","8166.7","정제수,비타민나무열매수,나이아신아마이드,프로판다이올,1,2-헥산다이올,녹차수,카프릴릭/카프릭트라이글리세라이드,캐스터오일/아이피디아이코폴리머,아크릴레이트/C10-30알킬아크릴레이트크로스폴리머,트로메타민,잔탄검,3-O-에틸아스코빅애씨드,아데노신,다이소듐이디티에이,알란토인,비피다발효여과물,에틸헥실글리세린,부틸렌글라이콜,티트리잎추출물,카프릴릴글라이콜"
"A000000222554","[NEW/수분진정] 메이크프렘 히알 인테카 속수분 앰플 40ml","메이크프렘","40.0","40.0","ml","24000","16500","4125.0","병풀잎수, 정제수, 프로판다이올, 글리세린, 1,2-헥산다이올, 트라이프로필렌글라이콜, 하이드록시아세토페논, 부틸렌글라이콜, 카보머, 알지닌, 소듐하이알루로네이트(1,025ppm), 에틸헥실글리세린, 글리세릴아크릴레이트/아크릴릭애씨드코폴리머, 다이소듐이디티에이, 하이드롤라이즈드치자추출물, 하이드롤라이즈드맥아추출물, 하이드롤라이즈드삼색제비꽃추출물, 잔탄검, 글리세레스-25피씨에이아이소스테아레이트, 피브이엠/엠에이코폴리머, 하이알루로닉애씨드(25ppm), 하이드롤라이즈드하이알루로닉애씨드(25ppm), 아시아티코사이드*, 아시아틱애씨드*, 마데카식애씨드*, 하이드로제네이티드레시틴, 폴록사머407, 시트릭애씨드, 소듐시트레이트, 소듐하이알루로네이트크로스폴리머(0.1ppm), 칸디다 봄비콜라/글루코오스/메틸레이프씨데이트발효물*, 해바라기씨오일*, 다이프로필렌글라이콜*, 에톡시다이글라이콜* (Inteca*)"
"A000000222711","[수분플럼핑] 라네즈 바운시&펌 세럼 30ml","라네즈","30.0","30.0","ml","45000","36000","12000.0","정제수, 프로판다이올, 글리세린, 메틸프로판다이올, 아이소노닐아이소노나노에이트, 나이아신아마이드, 1,2-헥산다이올, 폴리글리세린-3, 카프릴릭/카프릭트라이글리세라이드, 트라이에틸헥사노인, 부틸렌글라이콜, 트라이올레인, 아크릴레이트/C10-30알킬아크릴레이트크로스폴리머, 트로메타민, 하이드로제네이티드폴리(C6-20올레핀), 카보머, 에틸헥실글리세린, 펜틸렌글라이콜, 토코페롤, 아데노신, 에이치디아이/트라이메틸올헥실락톤크로스폴리머, 아스코빌테트라이소팔미테이트, 소듐메타포스페이트, 향료, 베타-글루칸, 살구씨오일, 잔탄검, 리날룰, 서양톱풀추출물, 동백나무씨추출물, 제라니올, 페룰릭애씨드, 카프릴릴글라이콜, 작약뿌리추출물, 황색5호, 적색227호, 수용성콜라겐, 식물성오일, 아세틸헵타펩타이드-4, 작약꽃추출물, 아세틸헥사펩타이드-8, 소듐하이드록사이드, 아세틸테트라펩타이드-2, 아세틸옥타펩타이드-3"
"A000000222733","[패키지 리뉴얼]에스테덤 인텐시브 프로-콜라겐+ 세럼 30ml","에스테덤","30.0","30.0","ml","123000","98400","32800.0","정제수, 부틸렌글라이콜, 프로판다이올, 글리세린, 펜틸렌글라이콜, 자일로오스, 아이리쉬모스추출물, 소듐클로라이드, 카프릴릴/카프릴글루코사이드, 만니톨, 잔탄검, 프로필렌글라이콜, 카보머, 소듐락테이트, 향료, 폴리솔베이트20, 락틱애씨드, 카르노신, 다이소듐아데노신트라이포스페이트, 호스테일켈프추출물, 아세틸테트라펩타이드-9, 팔미토일트라이펩타이드-1, 팔미토일테트라펩타이드-7, 헥사펩타이드-9"
"A000000222935","[모공샷앰플] 웰라쥬 하이퍼 펩타이드 보툴리들 앰플 50ml","웰라쥬","50.0","50.0","ml","32000","25600","5120.0","정제수, 부틸렌글라이콜, 글리세린, 프로판다이올, 1,2-헥산다이올, 판테놀, 카보머, 하이드록시아세토페논, 세틸에틸헥사노에이트, 에틸헥실팔미테이트, 스쿠알란, 트로메타민, 수크로오스다이스테아레이트, 카프릴릭/카프릭트라이글리세라이드, 글리세레스-25피씨에이아이소스테아레이트, 하이드롤라이즈드해면, 에틸헥실글리세린, 하이드로제네이티드레시틴, 아데노신, 다이소듐이디티에이, 하이드롤라이즈드치자추출물, 하이드롤라이즈드맥아추출물, 시트릭애씨드, 하이드롤라이즈드삼색제비꽃추출물, 잔탄검, 소듐하이알루로네이트, 하이알루로닉애씨드, 하이드롤라이즈드하이알루로닉애씨드, 판토락톤, 트라이펩타이드-1(7,500ppb), 에스-클로스트리듐 보툴리눔올리고펩타이드-1(1,500ppb), 아세틸헥사펩타이드-8(1,000ppb), 팔미토일펜타펩타이드-4(1,000ppb), 소듐디엔에이, 소듐아세틸레이티드하이알루로네이트, 달맞이꽃꽃추출물, 칡뿌리추출물, 대왕소나무잎추출물, 당느릅나무뿌리추출물"
"A000000223183","[수분광/수분충전] 스튜디오17 워터부스트 히알루론 수분세럼 80ml","스튜디오17","80.0","80.0","ml","13500","11900","1487.5","정제수, 글리세린, 부틸렌글라이콜, 다이프로필렌글라이콜, 1,2-헥산다이올, 나이아신아마이드, 트레할로오스, 판테놀, 알지닌, 카보머, 베타인, 소듐하이알루로네이트(660,000ppb),에틸헥실글리세린, 시트릭애씨드, 아데노신, 자일리틸글루코사이드, 안하이드로자일리톨, 약모밀추출물, 다이소듐이디티에이, 글리세릴아크릴레이트/아크릴릭애씨드코폴리머, 자일리톨, 잔탄검, 소듐시트레이트, 글루코오스, 락토바실러스발효용해물, 베타-글루칸, 검은귀리추출물, 레시틴, 하이드록시프로필트라이모늄하이알루로네이트(1000ppb), 포타슘솔베이트, 소듐아세틸레이티드하이알루로네이트(100ppb), 하이드롤라이즈드하이알루로닉애씨드 (100ppb), 폴리글리세릴-10라우레이트, 폴리글리세릴-4라우레이트, 하이알루로닉애씨드(25ppb), 카프릴릴/카프릴글루코사이드, 소듐하이알루로네이트크로스폴리머(10ppb), 포타슘하이알루로네이트(2ppb)"
"A000000223326","[수분세럼]아벤느 이드랑스 부스트 세럼 30ml 기획 (+에센스인로션25ml+클렌징젤15ml+시칼파트블레미쉬크림2ml)","아벤느","30.0","72.0","ml","48000","39900","5541.7","온천수
프로판다이올
글리세린
펜틸렌글라이콜
다이글리세린
1,2-헥산다이올
나이아신아마이드
소듐하이알루로네이트
베타인
시트릭애씨드
향료
피씨에이
폴리글리세릴-4카프레이트
스클레로튬검
소듐시트레이트
소듐하이드록사이드
정제수"
"A000000223345","[각질/피지] 아벤느 클리낭스 A.H.A 세럼 30ml 기획 (+에센스인로션25ml+클렌징젤15ml+블레미쉬크림2ml)","아벤느","30.0","72.0","ml","48000","39900","5541.7","온천수
글리세린
펜틸렌글라이콜
석시닉애씨드
락틱애씨드
소듐하이드록사이드
글루타믹애씨드
소듐벤조에이트
정제수
잔탄검"
"A000000223489","[윤빛광채] 설화수 윤조에센스 기획(30ml/60ml)","설화수","30.0","90.0","ml","55000","49500","5500.0","정제수, 변성알코올, 부틸렌글라이콜, 베타인, 1,2-헥산다이올, 비스-피이지-18메틸에터다이메틸실레인, 글리세릴폴리메타크릴레이트, 프로판다이올, 카보머, 피피지-13-데실테트라데세스-24, 트로메타민, 글리세릴카프릴레이트, 황금추출물, 에틸헥실글리세린, 향료, 아데노신, 리모넨, 덱스트린, 카카오추출물, 메틸트라이메티콘, 다이소듐이디티에이, 잔탄검, 셀룰로오스검, 카라기난, 꿀, 마데카소사이드, 지황뿌리추출물, 펜틸렌글라이콜, 다이포타슘글리시리제이트, 3-O-에틸아스코빅애씨드, 타우린, 소엽맥문동뿌리추출물, 작약뿌리추출물, 마돈나백합비늘줄기추출물, 리날룰, 둥굴레뿌리줄기추출물, 바이오사카라이드검-1, 프로필렌글라이콜, 인삼추출물, 연꽃추출물, 낫토검, 대추추출물, 호두추출물, 매실추출물, 시트로넬올, 시트랄, 제라니올, 하이드로제네이티드레시틴, 토코페롤, 시트릭애씨드"
"A000000224042","아누아 7 라이스 세라마이드 하이드레이팅 베리어 세럼 50ml","아누아","50.0","50.0","ml","32000","19500","3900.0","쌀겨수, 다이프로필렌글라이콜, 글리세린, 메틸프로판다이올, 정제수, 부틸렌글라이콜, 메틸글루세스-10, 나이아신아마이드, 1,2-헥산다이올, 판테놀, 쌀추출물, 소듐하이알루로네이트, 알파-알부틴, 신선초추출물, 몰로키아잎추출물, 참마뿌리추출물, 오크라열매추출물, 연꽃뿌리추출물, 탈지쌀겨추출물, 쌀겨, 하이드롤라이즈드쌀단백질, 쌀단백질, 꿀추출물, 하이알루로닉애씨드, 하이드롤라이즈드하이알루로닉애씨드, 하이드록시에틸우레아, 펜틸렌글라이콜, 소듐폴리아크릴레이트, 카프릴릭/카프릭트라이글리세라이드, 에틸헥실글리세린, 하이드로제네이티드레시틴, 폴리쿼터늄-51, 아데노신, 알란토인, 소듐파이테이트, 세라마이드엔피, 베타-글루칸, 토코페롤, 알부틴, 징크스테아레이트, 탈지쌀겨, 카보머, 잔탄검"
"A000000224104","메디힐 콜라겐 탄력 볼륨 세럼 40ml","메디힐","40.0","40.0","ml","","22000","5500.0","정제수, 스쿠알란, 글리세린, 부틸렌글라이콜, 1,2-헥산다이올, 나이아신아마이드, 다이펜타에리스리틸헥사C5-9애씨드에스터, 하이드롤라이즈드익스텐신, 퀸즈랜드넛오일, 하이드로제네이티드레시틴, 아크릴레이트/C10-30알킬아크릴레이트크로스폴리머, 카프릴릭/카프릭트라이글리세라이드, 소듐폴리아크릴로일다이메틸타우레이트, 트로메타민, 잔탄검, 소듐다이라우미도글루타미드라이신, 알란토인, 에틸헥실글리세린, 아데노신, 메틸프로판다이올, 폴리글리세릴-10올리에이트, 소듐파이테이트, 인도멀구슬나무꽃추출물, 시트로넬올, 홀리바질잎추출물, 덱스트린, 인도멀구슬나무잎추출물, 펜틸렌글라이콜, 소듐하이알루로네이트, 카카오추출물, 센티드제라늄꽃오일, 라벤더오일, 세라마이드엔피, 리날룰, 울금뿌리추출물, 모란뿌리추출물, 참산호말추출물, 제라니올, 글리세릴스테아레이트시트레이트, 베타-글루칸, 레티놀, 팔미토일트라이펩타이드-5, 글루코실루틴, 토코페롤, 베헤닉애씨드, 콜레스테롤, 피토스핑고신"
"A000000224110","[PDRN] 아이오페 PDRN 카페인 샷 30ml 기획 (+5ml*3ea)","아이오페","30.0","35.0","ml","50000","37500","10714.3","락토바실러스발효용해물(바이오-피디알엔TM)@정제수@프로판다이올@글리세린@나이아신아마이드@부틸렌글라이콜@카페인@다이프로필렌글라이콜@1,2-헥산다이올@다이에톡시에틸석시네이트@글리세릴폴리메타크릴레이트@폴리아크릴레이트크로스폴리머-6@만니톨@에틸헥실글리세린@아데노신@소듐시트레이트@덱스트린@카카오추출물@시트릭애씨드@다이소듐이디티에이@T-부틸알코올@알지닌@사이클로덱스트린@하이드록시프로필사이클로덱스트린@말토덱스트린@잔탄검@베타-글루칸@아세틸테트라펩타이드-11@토코페롤"
"A000000224120","[리뉴얼/소이현PICK] 브이앤에이뷰티 안티옥시던트 래디언스 앰플 50ml","브이앤에이뷰티","50.0","50.0","ml","49000","34300","6860.0","정제수, 프로판다이올, 아이소펜틸다이올, 나이아신아마이드, 부틸렌글라이콜, 메틸프로판다이올, 1,2-헥산다이올, 베타인, 폴리글리세릴-10라우레이트, 3-O-에틸아스코빅애씨드, 카보머, 판테놀, 트로메타민, 에틸헥실글리세린, 마트리카리아추출물, 오레가노추출물, 살비아추출물, 비피다발효용해물, 펜틸렌글라이콜, 글리세린, 아데노신, 아세틸글루코사민, 다이소듐이디티에이, 페룰릭애씨드, 엑토인, 소듐하이알루로네이트, 센티드제라늄꽃오일, 베르가모트오일, 베타-글루칸, 프렌치로즈꽃추출물, 오렌지껍질오일, 유칼립투스잎오일, 토코페롤, 데이지꽃추출물, 카카두플럼추출물, 별꽃추출물, 락토바실러스발효물, 글루타티온, 소듐벤조에이트, 포타슘솔베이트, 락틱애씨드, 마데카소사이드, 씨대퍼딜추출물, 알란토인, 푸마릭애씨드, 카르노신, 다이펩타이드-4, 노나펩타이드-1, 제라니올, 리날룰, 시트로넬올, 리모넨"
"A000000224124","[OY단독/미백광채] 브이앤에이뷰티 안티옥시던트 래디언스 앰플 50ml 리필 기획세트 (+50ml 리필팩)","브이앤에이뷰티","50.0","100.0","ml","49000","34300","3430.0","정제수, 프로판다이올, 아이소펜틸다이올, 나이아신아마이드, 부틸렌글라이콜, 메틸프로판다이올, 1,2-헥산다이올, 베타인, 폴리글리세릴-10라우레이트, 3-O-에틸아스코빅애씨드, 카보머, 판테놀, 트로메타민, 에틸헥실글리세린, 마트리카리아추출물, 오레가노추출물, 살비아추출물, 비피다발효용해물, 펜틸렌글라이콜, 글리세린, 아데노신, 아세틸글루코사민, 다이소듐이디티에이, 페룰릭애씨드, 엑토인, 소듐하이알루로네이트, 센티드제라늄꽃오일, 베르가모트오일, 베타-글루칸, 프렌치로즈꽃추출물, 오렌지껍질오일, 유칼립투스잎오일, 토코페롤, 데이지꽃추출물, 카카두플럼추출물, 별꽃추출물, 락토바실러스발효물, 글루타티온, 소듐벤조에이트, 포타슘솔베이트, 락틱애씨드, 마데카소사이드, 씨대퍼딜추출물, 알란토인, 푸마릭애씨드, 카르노신, 다이펩타이드-4, 노나펩타이드-1, 제라니올, 리날룰, 시트로넬올, 리모넨"
"A000000224235","[1등 모공세럼] 센텔리안24 마데카 분말 티트리 에이씨 6g 더블기획","센텔리안24","6.0","12.0","g(약 1ml 상당으로 근사)","","45000","37500.0","정제수, 글리세린, 실리카실릴레이트, 폴리메틸실세스퀴옥세인, 비닐다이메티콘/메티콘실세스퀴옥세인크로스폴리머, 나이아신아마이드, 보론나이트라이드, 알란토인, 잇꽃꽃추출물, 치자추출물, 마데카식애씨드, 아시아티코사이드, 아시아틱애씨드, 녹차추출물, 커피콩추출물, 병풀잎추출물, 오카무라큰실말추출물, 흰버드나무껍질추출물, 베르가모트잎추출물, 소나무잎추출물, 티트리잎오일, 감나무잎추출물, 워터민트추출물, 포도추출물, 호장근뿌리추출물, 밤껍질추출물, 초피나무열매추출물, 삼나무잎추출물, 연꽃잎추출물, 로즈마리잎오일, 덱스트린, 다이메티콘, 시트릭애씨드, 아데노신, 부틸렌글라이콜, 1,2-헥산다이올, 다이프로필렌글라이콜, 데실글루코사이드, 병풀즙, 에틸헥실글리세린, 효모발효여과물, 데하이드로아세틱애씨드, 소듐벤조에이트, 살리실릭애씨드, 리모넨"
"A000000224241","스킨1004 마다가스카르 센텔라 프로바이오시카 인텐시브 앰플 50ml","스킨1004","50.0","50.0","ml","26000","22100","4420.0","정제수, 부틸렌글라이콜, 글리세린, 프로판다이올, 카프릴릭/카프릭트라이글리세라이드, 나이아신아마이드, 1,2-헥산다이올, 다이프로필렌글라이콜, 병풀추출물, 폴리글리세릴-3다이스테아레이트, 아크릴레이트/C10-30알킬아크릴레이트크로스폴리머, C14-22알코올, 알지닌, 하이드로제네이티드레시틴, 베타인, 알란토인, 판테놀, 하이드록시스테아릭애씨드, 에틸헥실글리세린, 하이드록시에틸아크릴레이트/소듐아크릴로일다이메틸타우레이트코폴리머, 글리세릴스테아레이트시트레이트, 아데노신, C12-20알킬글루코사이드, 소듐폴리아크릴레이트, 세테아릴알코올, 잔탄검, 마카다미아씨오일, 소듐파이테이트, 소듐하이알루로네이트, 스테아릭애씨드, 세라마이드엔피, 솔비탄아이소스테아레이트, 글리세릴아크릴레이트/아크릴릭애씨드코폴리머, 락토바실러스발효물, 폴리글리세릴-10미리스테이트, 마데카식애씨드, 아시아티코사이드, 피토스핑고신, 아시아틱애씨드, 수크로오스다이스테아레이트, 폴리글루타믹애씨드, 라우릭애씨드, 피토스테롤"
"A000000224244","[모공탄력] 풀리 그린 토마토 세럼 30ml","풀리","30.0","30.0","ml","","33000","11000.0","토마토추출물(67.64%),부틸렌글라이콜,글리세린,프로판다이올,1,2-헥산다이올,정제수,비피다발효용해물,나이아신아마이드,메틸프로판다이올,병풀추출물,무화과추출물,실버위드추출물,귀리커넬추출물,아티초크잎추출물,달맞이꽃꽃추출물,당느릅나무뿌리추출물,대왕소나무잎추출물,칡뿌리추출물,인도멀구슬나무잎추출물,인도멀구슬나무꽃추출물,카카오씨추출물,감나무잎추출물,포도추출물,잇꽃꽃추출물,커피콩추출물,호장근뿌리추출물,녹차추출물,밤껍질추출물,초피나무열매추출물,녹차수,하이드로제네이티드레시틴,변성알코올,카보머,암모늄아크릴로일다이메틸타우레이트/브이피코폴리머,하이드록시아세토페논,글리세릴폴리메타크릴레이트,트로메타민,에틸헥실글리세린,글루코노락톤,잔탄검,아데노신,폴리쿼터늄-51,다이소듐이디티에이,베타-글루칸,에탄올,덱스트린,레시틴,매스틱검,세라마이드엔피,팔미토일펜타펩타이드-4,카프릴로일살리실릭애씨드,수크로오스다이스테아레이트,카프릴릭/카프릭트라이글리세라이드,하이드록시프로필사이클로덱스트린"
"A000000224249","[하리무PICK] NDP 엔디피 초저분자 히알루로닉 10,000PPM 세럼","NDP","","","","","41000","","연꽃꽃수, 펜틸렌글라이콜, 글리세린, 프로판다이올, 판테놀, 정제수,1,2-헥산다이올, 하이드롤라이즈드 소듐하이알루로네이트(10,000ppm),다이에톡시에틸석시네이트, 소듐하이알루로네이트(100 ppm), 세라마이드엔피, 실크, 콜레스테롤, 소듐폴리아크릴로일다이메틸타우레이트, 자일리틸글루코사이드, 안하이드로자일리톨, 베타인, 잔탄검, 자일리톨, 카프릴릭/카프릭트라이글리세라이드, 글리세릴아크릴레이트/아크릴릭애씨드코폴리머, 하이드로저네이티드레시틴, 하이드록시프로필트라이모늄하이알루로네이트(10ppm), 소듐아세틸레이티드하이알루로네이트(1 ppm),하이드롤라이즈드하이알루로닉애씨드(1 ppm), 하이알루로닉애씨드(0.25ppm), 소듐하이알루로네이트크로스폴리머(0.1 ppm), 포타슘하이알루로네이트(0.02 ppm), 글루코오스, 카프릴릴글라이콜, 시트릭애씨드, 하이드록시아세토페논"
"A000000224343","[올리브영 단독기획]에스테덤 인텐시브 프로 콜라겐 세럼 30ml 기획(+젠틀 딥포어15ml+프로콜라겐 크림 5ml*2)","에스테덤","30.0","50.0","ml","","123000","24600.0","[프로-콜라겐 플러스 세럼]
정제수, 부틸렌글라이콜, 프로판다이올, 글리세린, 펜틸렌글라이콜, 자일로오스, 아이리쉬모스추출물, 소듐클로라이드, 카프릴릴/카프릴글루코사이드, 만니톨, 잔탄검, 프로필렌글라이콜, 카보머, 소듐락테이트, 향료, 폴리솔베이트20, 락틱애씨드, 카르노신, 다이소듐아데노신트라이포스페이트, 호스테일켈프추출물, 아세틸테트라펩타이드-9, 팔미토일트라이펩타이드-1, 팔미토일테트라펩타이드-7, 헥사펩타이드-9

[젠틀 딥 포어 클렌저]
정제수, 프로필렌글라이콜스테아레이트에스이, 다이소듐라우레스설포석시네이트, 부틸렌글라이콜, 세틸알코올, 라우레스-2, C12-14파레스-3, 소듐라우로일귀리아미노산, 향료, 프룩토올리고사카라이드, 클로페네신, 다이소듐이디티에이, 페녹시에탄올, 글리세릴올리에이트, 소듐벤조에이트, 포타슘솔베이트, 프로필렌글라이콜, 글리세린, 라우레스-3, 라우릴글루코사이드, 볼도잎추출물, 펜틸렌글라이콜, 카르노신, 1,2-헥산다이올, 카프릴릴글라이콜, 조류추출물, 다이소듐아데노신트라이포스페이트, 에틸헥실글리세린, 잔탄검, 소듐하이드록사이드, 레시틴, 아스코빌팔미테이트, 토코페롤, 하이드로제네이티드팜글리세라이즈시트레이트

[프로-콜라겐 플러스 크림]
정제수, 다이아이소프로필세바케이트, 아이소스테아릴아이소스테아레이트, 글리세린, 프로판다이올, C10-18트라이글리세라이즈, 옥틸도데칸올, 비즈왁스, 다이프로필렌글라이콜, 글리세릴스테아레이트시트레이트, 마이크로크리스탈린셀룰로오스, C12-16알코올, 코코넛야자오일, 자일로오스, 부틸렌글라이콜, 하이드로제네이티드레시틴, 팔미틱애씨드, 펜틸렌글라이콜, 카프릴릴글라이콜, 만니톨, 셀룰로오스검,  소듐시트레이트, 펜타에리스리틸테트라-다이-t-부틸하이드록시하이드로신나메이트, 잔탄검, 시트릭애씨드, 프로필렌글라이콜, 카보머, 소듐락테이트, 폴리솔베이트20, 카르노신, 다이소듐아데노신트라이포스페이트, 호스테일켈프추출물, 아세틸테트라펩타이드-9, 팔미토일트라이펩타이드-1, 팔미토일테트라펩타이드-7, 헥사펩타이드-9, 향료, 유제놀"
"A000000224344","스킨1004 마다가스카르 센텔라 프로바이오시카 인리치 크림 50ml","스킨1004","50.0","50.0","ml","29000","24650","4930.0","정제수, 글리세린, 다이글리세린, 1,2-헥산다이올, 부틸렌글라이콜, 나이아신아마이드, 폴리글리세릴-3다이스테아레이트, 카프릴릭/카프릭트라이글리세라이드, 네오펜틸글라이콜다이헵타노에이트, 하이드로제네이티드폴리(C6-14올레핀), 아이소스테아릴아이소스테아레이트, 펜타에리스리틸테트라아이소스테아레이트, 헵틸운데실레네이트, 비스-다이글리세릴폴리아실아디페이트-2, 글리세릴스테아레이트, C14-22알코올 , 병풀추출물, 시어버터, 세테아릴알코올, 폴리글리세릴-2스테아레이트, 소듐아크릴레이트/소듐아크릴로일다이메틸타우레이트코폴리머, 글리세릴스테아레이트시트레이트, 알지닌, 스테아릴알코올, 폴리아이소부텐, C12-20알킬글루코사이드, 스쿠알란, 소듐폴리아크릴레이트, 아크릴레이트/C10-30알킬아크릴레이트크로스폴리머, 카보머, 소듐서팩틴, 하이드록시스테아릭애씨드, 에틸헥실글리세린, 아데노신, 하이드로제네이티드레시틴, 솔비탄올리에이트, 카프릴릴/카프릴글루코사이드, 마카다미아씨오일, 소듐하이알루로네이트, 드럼스틱씨오일, 소듐파이테이트, 세라마이드엔피, 덱스트린, 카카오추출물, 글리세릴아크릴레이트/아크릴릭애씨드코폴리머, 폴리글리세릴-10미리스테이트, 피토스핑고신, 스테아릭애씨드, 락토바실러스발효물, 마데카식애씨드, 아시아티코사이드, 수크로오스다이스테아레이트, 아시아틱애씨드, 피토스테롤, 라우릭애씨드, 폴리글루타믹애씨드"
"A000000224398","[티아미돌입문세럼/광채홈케어] 유세린 이븐래디언스 일루미네이팅 세럼 30ml 기획 (+나이트크림 7ml+마스크팩1매)","유세린","30.0","37.0","ml","58000","35900","9702.7","[유세린 이븐래디언스 일루미네이팅 세럼 30ml]
정제수,글리세린,변성알코올,세틸알코올,다이부틸아디페이트,카프릴릭/카프릭트라이글리세라이드,다이카프릴릴카보네이트,프로필헵틸카프릴레이트,페녹시에탄올,에틸헥실글리세린,다이메티콘,향료,소듐하이알루로네이트,카보머,트라이소듐이디티에이,아이소부틸아미도티아졸릴레조시놀,소듐스테아로일글루타메이트,소듐하이드록사이드,소듐클로라이드,토코페롤

[유세린 하이알루론 쓰리엑스 나이트크림 7ml]
정제수,글리세린,시어버터,아이소프로필팔미테이트,판테놀,스테아릴알코올,글리세릴스테아레이트시트레이트,옥틸도데칸올,하이드로제네이티드코코-글리세라이즈,카프릴릭/카프릭트라이글리세라이드,세틸알코올,부틸렌글라이콜,하이드록시프로필스타치포스페이트,베헤닐알코올,다이메티콘,토코페롤,다이스타치포스페이트,1,2-헥산다이올,페녹시에탄올,향료,카프릴릴글라이콜,소듐하이알루로네이트(0.23%),트라이소듐이디티에이,잔탄검,글리시레티닉애씨드,돌콩배아추출물,판토락톤,시트릭애씨드,펜타에리스리틸테트라-다이-t-부틸하이드록시하이드로신나메이트

[유세린 울트라 센시티브 리페어 수퍼 수르스 마스크]
정제수,부틸렌글라이콜,글리세린,다이프로필렌글라이콜,판테놀,1,2-헥산다이올,프로판다이올,하이드록시아세토페논 ,폴리솔베이트20,카보머,알지닌,펜틸렌글라이콜,알란토인,4-t-부틸사이클로헥산올,에틸헥실글리세린,하이드록시에틸셀룰로오스,다이소듐이디티에이,하이알루로닉애씨드,하이드롤라이즈드하이알루로닉애씨드,소듐하이알루로네이트,폴리솔베이트60,다이소듐포스페이트,소듐포스페이트,병풀뿌리추출물,프랑스해안송껍질추출물,병풀추출물,병풀잎추출물,아시아틱애씨드,아시아티코사이드,마데카식애씨드,마데카소사이드"
"A000000224687","더마라인 디렉소 펩타이드 콤플렉스 솔루션 앰플 35ml","더마라인","35.0","35.0","ml","","50000","14285.7","정제수, 부틸렌글라이콜, 에리스리톨, 다이에톡시에틸석시네이트, 비스-피이지-18메틸에터다이메틸실레인, 1,2-헥산다이올, 글리세린, 판테놀, 글리세레스-26, 베타인, 폴리아크릴레이트크로스폴리머-6, 마데카소사이드, 글리세릴아크릴레이트/아크릴릭애씨드코폴리머, 에틸헥실글리세린, 시트릭애씨드, 아데노신, 피브이엠/엠에이코폴리머, 폴리쿼터늄-51, 카프릴릭/카프릭트라이글리세라이드, 아시아티코사이드, 잔탄검, 하이드로제네이티드레시틴, 유비퀴논, 토코페롤, 노나펩타이드-1(0.1ppm), 다이펩타이드-2(0.1ppm), 다이펩타이드다이아미노부티로일벤질아마이드다이아세테이트(0.1ppm), 아세틸테트라펩타이드-3(0.1ppm), 아세틸테트라펩타이드-5(0.1ppm), 아세틸헥사펩타이드-8(0.1ppm), 올리고펩타이드-1(0.1ppm), 카퍼트라이펩타이드-1(0.1ppm), 트라이펩타이드-1(0.1ppm), 팔미토일테트라펩타이드-7(0.1ppm), 팔미토일트라이펩타이드-1(0.1ppm), 팔미토일트라이펩타이드-5(0.1ppm), 팔미토일펜타펩타이드-4(0.1ppm), 팔미토일헥사펩타이드-12(0.1ppm), 펜타펩타이드-3(0.1ppm), 헥사펩타이드-11(0.1ppm), 헥사펩타이드-9(0.1ppm), 알지닌/라이신폴리펩타이드(0.01ppm)"
"A000000224690","더마라인 디렉소 밀크 엑소좀 솔루션 앰플 35ml","더마라인","35.0","35.0","ml","","50000","14285.7","정제수, 부틸렌글라이콜, 베타인, 에리스리톨, 다이에톡시에틸석시네이트, 비스-피이지-18메틸에터다이메틸실레인, 1,2-헥산다이올, 글리세린, 판테놀, 글리세레스-26, 폴리아크릴레이트크로스폴리머-6, 마데카소사이드, 글리세릴아크릴레이트/아크릴릭애씨드코폴리머, 에틸헥실글리세린, 시트릭애씨드, 아데노신, 피브이엠/엠에이코폴리머, 잔탄검, 폴리쿼터늄-51, 카프릴릭/카프릭트라이글리세라이드, 아시아티코사이드, 우유엑소좀(100ppm), 하이드로제네이티드레시틴, 유비퀴논, 토코페롤"
"A000000224691","더마라인 디렉소 바쿠치올 퍼밍 솔루션 앰플 35ml","더마라인","35.0","35.0","ml","50000","35000","10000.0","정제수, 부틸렌글라이콜, 베타인, 에리스리톨, 판테놀, 다이에톡시에틸석시네이트, 비스-피이지-18메틸에터다이메틸실레인, 프로방스장미꽃수, 1,2-헥산다이올, 글리세린, 글리세레스-25피씨에이아이소스테아레이트, 글리세레스-26, 폴리아크릴레이트크로스폴리머-6, 바쿠치올(1,000ppm), 마데카소사이드, 글리세릴아크릴레이트/아크릴릭애씨드코폴리머, 에틸헥실글리세린, 시트릭애씨드, 아데노신, 피브이엠/엠에이코폴리머, 폴리쿼터늄-51, 카프릴릭/카프릭트라이글리세라이드, 아시아티코사이드, 잔탄검, 하이드로제네이티드레시틴, 유비퀴논, 토코페롤"
"A000000224692","더마라인 디렉소 글루타치온 토닝 솔루션 앰플 35ml","더마라인","35.0","35.0","ml","50000","35000","10000.0","비타민나무수(590,000ppm), 부틸렌글라이콜, 프로판다이올, 판테놀, 나이아신아마이드, 정제수, 에리스리톨, 글리세린, 1,2-헥산다이올, 글리세레스-26, 폴리글리세린-3, 글루타티온(10ppm), 다이글리세린, 마데카소사이드, 폴리아크릴레이트크로스폴리머-6, 베타인, 아시아티코사이드, 글리세릴아크릴레이트/아크릴릭애씨드코폴리머, 시트릭애씨드, 에틸헥실글리세린, 피브이엠/엠에이코폴리머, 폴리쿼터늄-51, 잔탄검, 카프릴릴글라이콜, 니코티노일다이펩타이드-23"
"A000000224845","[1+1 ] 아떼 멜레이저 프로그래밍 앰플 듀오기획/단품","아떼","","","","28000","16800","","멜레이저 퓨어 비타민 씨 볼 : 소듐하이알루로네이트, 아스코빅애씨드, 실리카, 나이아신아마이드, 셀룰로오스검, 잇꽃꽃추출물, 덱스트린, 소듐헥사메타포스페이트 
멜레이저 프로그래밍 앰플 : 비타민나무수,프로판다이올,글리세린,부틸렌글라이콜,펜틸렌글라이콜,에칠아스코빌에텔,1,2-헥산다이올,스핑고모나스발효추출물,무화과추출물,병풀추출물,황련뿌리추출물,하이드로제네이티드레시틴,C12-14파레스-12,페룰릭애씨드,정제수,토코페롤,다이소듐이디티에이,에틸헥실글리세린,하이드롤라이즈드해면,시트릭애씨드,잔탄검,소듐시트레이트,판테놀,세라마이드엔피,칼슘실리케이트,소듐실리케이트,폴리글리세릴-3메틸글루코오스다이스테아레이트,글루타티온,소듐아스코빌포스페이트,토코페릴아세테이트,트라넥사믹애씨드,풀러린,카프릴릭/카프릭트라이글리세라이드,아스코빅애씨드,에스에이치-올리고펩타이드-1"
"A000000224862","오휘 프라임 어드밴서 디에이징 PDRN 부스터샷 50ml","오휘","50.0","50.0","ml","80000","76000","15200.0","정제수, 부틸렌글라이콜, 2,3-부탄다이올, 나이아신아마이드, 1,2-헥산다이올, 펜틸렌글라이콜, 판테놀, 글리세린, 비스-에톡시다이글라이콜사이클로헥산1,4-다이카복실레이트, 폴리솔베이트20, 아세틸테트라펩타이드-9, 팔미토일트라이펩타이드-1, 팔미토일테트라펩타이드-7, 디엔에이(PDRN: 4ppb), 알라닐글루타민, 띠뿌리추출물, 하이드록시에틸셀룰로오스, 알지닌, 카보머, 에탄올, 하이드롤라이즈드해면, 알란토인, 카페인, 다이포타슘글리시리제이트, 향료, 프로판다이올, 붉나무추출물, 소듐하이알루로네이트, 아데노신, 한련초추출물, 카프릴릴글라이콜, 소듐시트레이트, 알지닌/라이신폴리펩타이드, 마텔추출물, 소듐락테이트, 석시닉애씨드, 다이소듐포스페이트, 아크릴레이트/C10-30알킬아크릴레이트크로스폴리머, 시트릭애씨드, 소듐포스페이트, 트로메타민, 에틸헥실글리세린, 바이오틴, 다이소듐이디티에이, 폴리솔베이트60, 소르빅애씨드, 리모넨, 리날룰, 제라니올, 시트로넬올"
"A000000224882","[슈링크연구진공동개발] 바이오힐보 프로바이오덤 콜라겐 세럼+슈링크기기","바이오힐보","","","","","137700","","[세럼]
정제수, 락토바실러스발효용해물, 프로판다이올, 글리세린, 메틸프로판다이올, 1,2-헥산다이올, 락토바실러스발효물, 콜라겐(20 ppm), 콜라겐추출물(20 ppm), 실버위드추출물, 귀리커넬추출물, 아티초크잎추출물, 병풀추출물, 향부자추출물, 달맞이꽃꽃추출물, 당느릅나무뿌리추출물, 대왕소나무잎추출물, 칡뿌리추출물, 하이드로제네이티드레시틴, 녹차수, 피토스테롤, 아라키딜알코올, 암모늄아크릴로일다이메틸타우레이트/브이피코폴리머, 하이드록시에틸아크릴레이트/소듐아크릴로일다이메틸타우레이트코폴리머, 스테아릭애씨드, 판테놀, 베헤닐알코올, 에틸헥실글리세린, 카보머, 아라키딜글루코사이드, 카프릴릭/카프릭트라이글리세라이드, 트로메타민, 아데노신, 폴리아크릴레이트크로스폴리머-6, 폴리쿼터늄-51, 부틸렌글라이콜, 베타-글루칸, 글리세릴폴리메타크릴레이트, 세테아릴알코올, 세라마이드엔피, 락토코쿠스발효용해물, 솔비탄아이소스테아레이트, 프룩토올리고사카라이드, 글라이코사미노글리칸, 글루코노락톤, 카프릴로일살리실릭애씨드, 하이드롤라이즈드엘라스틴, 베타인, 사이아노코발아민, 토코페롤, 소듐클로라이드, 노나펩타이드-1, 다이펩타이드다이아미노부티로일벤질아마이드다이아세테이트, 아세틸헥사펩타이드-8, 잔탄검, 카퍼트라이펩타이드-1, 탄닉애씨드, 트라이펩타이드-1, 팔미토일테트라펩타이드-7, 팔미토일트라이펩타이드-1, 팔미토일트라이펩타이드-5, 팔미토일펜타펩타이드-4, 팔미토일헥사펩타이드-12, 펜타펩타이드-3, 헥사펩타이드-9, 프룩탄, 수크로오스다이스테아레이트, 이눌린, 하이드록시프로필사이클로덱스트린, 향료

[크림]
정제수, 글리세린, 프로판다이올, 메틸프로판다이올, 페닐트라이메티콘, 락토바실러스발효물, 펜틸렌글라이콜, 콜라겐(40 ppm), 콜라겐추출물(40 ppm), 달맞이꽃꽃추출물, 당느릅나무뿌리추출물, 대왕소나무잎추출물, 칡뿌리추출물, 하이드로제네이티드레시틴, 피토스테롤, 비닐다이메티콘, 1,2-헥산다이올, 판테놀, 폴리메틸실세스퀴옥세인, 아라키딜알코올, 암모늄아크릴로일다이메틸타우레이트/브이피코폴리머, 하이드록시에틸아크릴레이트/소듐아크릴로일다이메틸타우레이트코폴리머, 베타인, 하이드록시아세토페논, 다이메티콘올, 스테아릭애씨드, 베헤닐알코올, 아라키딜글루코사이드, 에틸헥실글리세린, 세테아릴알코올, 아데노신, 아크릴레이트/C10-30알킬아크릴레이트크로스폴리머, 부틸렌글라이콜, 세라마이드엔피, 솔비탄아이소스테아레이트, 트로메타민, 3-O-에틸아스코빅애씨드, 잔탄검, 베타-글루칸, 하이드롤라이즈드옥수수전분, 글라이코사미노글리칸, 하이드롤라이즈드엘라스틴, 수크로오스, 사이아노코발아민, 프룩토올리고사카라이드, 토코페롤, 글루코노락톤, 카프릴로일살리실릭애씨드, 탄닉애씨드, 하이드록시프로필사이클로덱스트린, 프룩탄, 이눌린, 노나펩타이드-1, 다이펩타이드다이아미노부티로일벤질아마이드다이아세테이트, 아세틸헥사펩타이드-8, 카퍼트라이펩타이드-1, 카프릴릭/카프릭트라이글리세라이드, 트라이펩타이드-1, 팔미토일테트라펩타이드-7, 팔미토일트라이펩타이드-1, 팔미토일트라이펩타이드-5, 팔미토일펜타펩타이드-4, 팔미토일헥사펩타이드-12, 펜타펩타이드-3, 헥사펩타이드-9, 수크로오스다이스테아레이트, 향료

[마스크팩]
정제수, 메틸프로판다이올, 글리세린, 부틸렌글라이콜, 하이드록시아세토페논, 판테놀, 카보머, 프로판다이올, 알란토인, 트로메타민, 폴리글리세릴-10아이소스테아레이트, 카프릴릴글라이콜, 에틸헥실글리세린, 아데노신, 잔탄검, 폴리글리세릴-10올리에이트, 소듐파이테이트, 1,2-헥산다이올, 소듐하이알루로네이트, 베타인, 다이포타슘글리시리제이트, 트레할로오스, 사이아노코발아민, 백미꽃추출물, 락토바실러스발효물, 접시꽃추출물, 토코페롤, 콜라겐(0.04ppm), 콜라겐추출물(0.04ppm), 알지닌, 수용성콜라겐(0.02ppm), 다이펩타이드-15, 다이프로필렌글라이콜, 프룩토올리고사카라이드, 하이드롤라이즈드하이알루로닉애씨드, 하이드롤라이즈드글라이코사미노글리칸, 펜틸렌글라이콜, 베타-글루칸, 프룩탄, 하이드로제네이티드레시틴, 콜레스테롤, 하이드롤라이즈드콜라겐(0.01ppb), 이눌린, 세라마이드엔피, 하이드롤라이즈드엘라스틴, 아세틸헥사펩타이드-1, 콜라겐아미노산(0.000001ppb)"
"A000000225178","아벤느 비타민 액티브 VACg 세럼 30ml 기획 (+비타민 Cg 액티브 크림 2ml*3) *광채 *항산화","아벤느","30.0","32.0","ml","55000","39520","12350.0","온천수(아벤느 온천수), 글리세린, 나이아신아마이드(3%), 펜틸렌글라이콜, C9-12알케인, 카프릴릭/카프릭트라이글리세라이드, 펜타에리스리틸테트라카프릴레이트/테트라카프레이트, 아스코빌글루코사이드(1.8%), 바쿠치올, 1,2-헥산다이올, 아라비아고무나무검, 부틸렌글라이콜, 시트릭애씨드, 코코-카프릴레이트/카프레이트, 향료, 글리세릴베헤네이트, 글리세릴다이베헤네이트, 소듐시트레이트, 소듐다이라우미도글루타미드라이신, 소듐하이알루로네이트, 소듐하이드록사이드, 토코페릴글루코사이드, 트라이베헤닌, 정제수, 잔탄검"
"A000000225243","[모공케어/피부결] 닥터지 바쿠치올 포어젯 세럼 30ml 기획 (+포어젯 스피큘 패드 2매 증정)","닥터지","30.0","30.0","ml","","39000","13000.0","정제수, 프로판다이올, 부틸렌글라이콜, 나이아신아마이드, 글리세린, 카프
릴릭/카프릭트라이글리세라이드, 메틸트라이메티콘, 판테놀, 폴리글리세릴-3다이스
테아레이트, 운데케인, 1,2-헥산다이올, 트라이데케인, 글리세릴스테아레이트, 글리세
릴글루코사이드, 지치뿌리추출물, 알지닌, 하이드로제네이티드레시틴, 다이페닐다이
메티콘, 바쿠치올, 세테아릴알코올, 하이드록시아세토페논, 트라이에틸헥사노인, 
코코-카프릴레이트/카프레이트, 하이드로제네이티드올리브오일불검화물, 아크릴레
이트/C10-30알킬아크릴레이트크로스폴리머, 카보머, 토코페롤, 알란토인, 다이포타슘
글리시리제이트, 잔탄검, 폴리글리세릴-10올리에이트, 글리세릴스테아레이트시트레이트,
다이소듐이디티에이, 아데노신, 소듐하이알루로네이트, 병풀잎추출물, 프룩토올리고
사카라이드, 서양배추출물, 서양송악잎/줄기추출물, 세틸에틸헥사노에이트, 사과추출물,
비치스트로베리추출물, 에틸헥실글리세린, 소듐하이알루로네이트크로스폴리머, 하이
드롤라이즈드콜라겐, 소듐아스코빌포스페이트, 라벤더꽃추출물, 세라마이드엔피, 
콜레스테롤, 리놀레익애씨드, 팔미틱애씨드, 스쿠알란, 흰목이버섯폴리사카라이드, 
사과세포배양추출물, 병풀추출물, 소듐디엔에이"
"A000000225447","[2주모공앰플/묵은피지쏙] 라돌프 퓨어파지 앰플 RX 80ml","라돌프","80.0","80.0","ml","39000","35100","4387.5","정제수, 프로판다이올, 글리세린, 부틸렌글라이콜, 1,2-헥산다이올, 나이아신아마이드, 트레할로오스, 로즈오브예리코추출물, 글리세레스-26, 아데노신, 헵타소듐헥사카복시메틸다이펩타이드-12, 소듐하이알루로네이트, 하이드롤라이즈드하이알루로닉애씨드, 엑토인, 베타인살리실레이트, 스페인감초뿌리추출물, 버지니아풍년화추출물, 백미꽃추출물, 병풀추출물, 흰버드나무껍질추출물, 오레가노잎추출물, 편백잎추출물, 락토바실러스/콩발효추출물, 육계나무껍질추출물, 황금추출물, 쇠비름추출물, 약모밀추출물, 하이드롤라이즈드알진, 카카오씨추출물, 잔탄검, 아크릴레이트/C10-30알킬아크릴레이트크로스폴리머, 알지닌, 폴리글리세릴-10라우
레이트, 에틸헥실글리세린, 하이드록시아세토페논, 베르가모트오일, 센티드제라늄꽃오일"
"A000000225460","크리니크 멜라닌안녕세럼 30ml 기획 (+10ml*2 증정)","크리니크","30.0","40.0","ml","105000","89250","22312.5","정제수,다이메티콘,아이소도데케인,효모추출물,부틸렌글라이콜,폴리실리콘_11,나이아신아마이드,아스코밀글루코사이드,피이지-10다이메티콘,피이지-6,아세틸글루코사민,글리세린,소듐하이알루로네이트,스쿠알란,콜레스테롤,해바라기씨추출물,운지버섯추출물,스페인감초뿌리추출물,보리추출물,쌀겨추출물,밀배아추출물,오이열매추출물,녹차추출물,카페인,살리실릭애씨드,아이소헥사데칸,프로필렌글라이콜다이카프레이트,글리시레티닉아씨드,디메톡시톨릴프로필레조시놀,카프릴릴글라이콜,스테아라미도프로필다이메틸아 민,포스파티딜콜린,솔비탄올리에이트,폴리솔베이트20,폴리솔베이트80,스테아릭애씨드,헥실렌글라이콜,트로메타민,시트릭애씨드,아크릴아마이드/소듐아크릴로일다이메틸타우레이트코폴리머,암모늄아크릴로일다이메틸타우레이트/브이피코폴리머,토코페릴아세테이트,마그네슘아스코빌포스페이트,비에이치티,소듐시트레이트,다이소듐이디티에이,나일론-12,페녹시에탄올"
"A000000225481","[수분결광/화잘먹] 더랩바이블랑두 올리고 히알루론산 딥 글로우 세럼 85ml","더랩바이블랑두","85.0","85.0","ml","25000","19900","2341.2","정제수, 트라이프로필렌글라이콜, 부틸렌글라이콜, 글리세린, 다이프로필렌글라이콜, 하이드롤라이즈드하이알루로닉애씨드(3,000 ppm), 글루코노락톤, 하이드록시아세토페논, 폴리글리세릴-10라우레이트, 알지닌, 1,2-헥산다이올, 카보머, 잔탄검, 에틸헥실글리세린, 다이소듐이디티에이"
"A000000225592","[주름개선] 구달 청귤 비타C 나이아신아마이드 10 흔적 앰플 30ml","구달","30.0","30.0","ml","","32000","10666.7","정제수,탄제린추출물,나이아신아마이드,프로판다이올,글리세린,1,2-헥산다이올,부틸렌글라이콜,다이프로필렌글라이콜,펜틸렌글라이콜,소듐하이알루로네이트,아이리쉬모스추출물,호호바씨오일,사탕수수추출물,병풀잎추출물,커피콩추출물,키토산,폴리글리세릴-10라우레이트,하이드로제네이티드레시틴,아크릴레이트/C10-30알킬아크릴레이트크로스폴리머,알지닌,알란토인,폴리아크릴레이트크로스폴리머-11,하이드롤라이즈드스클레로튬검,에틸헥실글리세린,아데노신,마데카소사이드,3-O-에틸아스코빅애씨드,베타-글루칸,아시아티코사이드,토코페릴아세테이트,판테놀,아세틸글루코사민,헥실레조시놀,트라넥사믹애씨드,토코페롤,세테아릴올리베이트,솔비탄올리베이트,콜레스테롤,세라마이드엔피,아스코빅애씨드,바이오틴,레티닐팔미테이트,잔탄검,카페인"
"A000000225602","[1+1/유리알속광] 차앤박 프로폴리스 에너지 액티브 앰플 30ml 더블기획(2개입)","차앤박","30.0","60.0","ml","48000","28900","4816.7","정제수, 부틸렌글라이콜, 글리세린, 1,2-헥산다이올, 폴리솔베이트20, 도둑놈의지팡이뿌리추출물 , 띠뿌리추출물, 하이드록시에틸셀룰로오스, 프로폴리스추출물(1932ppm), 알지닌, 카보머, 알란토인, 마데카소사이드, 더덕뿌리추출물, 레몬밤잎추출물, 무화과추출물, 석류추출물, 펜틸렌글라이콜, 소듐하이알루로네이트, 센티드제라늄꽃오일, 베타-글루칸, 카프릴릴글라이콜, 소듐시트레이트, 하이드록시페닐프로파미도벤조익애씨드, 꿀추출물, 소듐락테이트, 아크릴레이트/C10-30알킬아크릴레이트크로스폴리머, 시트릭애씨드, 아스코빌팔미테이트, 바이오틴, 팔미토일트라이펩타이드-1, 팔미토일테트라펩타이드-7, 다이소듐이디티에이, 시트로넬올, 제라니올"
"A000000225616","[수분진정/단독기획] 메이크프렘 히알 인테카 속수분 앰플 40ml 기획(+리필 40ml)","메이크프렘","40.0","80.0","ml","28000","21000","2625.0","병풀잎수, 정제수, 프로판다이올, 글리세린, 1,2-헥산다이올, 트라이프로필렌글라이콜, 하이드록시아세토페논, 부틸렌글라이콜, 카보머, 알지닌, 소듐하이알루로네이트(1,025ppm), 에틸헥실글리세린, 글리세릴아크릴레이트/아크릴릭애씨드코폴리머, 다이소듐이디티에이, 하이드롤라이즈드치자추출물, 하이드롤라이즈드맥아추출물, 하이드롤라이즈드삼색제비꽃추출물, 잔탄검, 글리세레스-25피씨에이아이소스테아레이트, 피브이엠/엠에이코폴리머, 하이알루로닉애씨드(25ppm), 하이드롤라이즈드하이알루로닉애씨드(25ppm), 아시아티코사이드*, 아시아틱애씨드*, 마데카식애씨드*, 하이드로제네이티드레시틴, 폴록사머407, 시트릭애씨드, 소듐시트레이트, 소듐하이알루로네이트크로스폴리머(0.1ppm), 칸디다 봄비콜라/글루코오스/메틸레이프씨데이트발효물*, 해바라기씨오일*, 다이프로필렌글라이콜*, 에톡시다이글라이콜* (Inteca*)"
"A000000225845","[1+1 NMN 급속모공앰플] 아떼 포어셀 프로그래밍 앰플 듀오 기획","아떼","","","","28000","16800","","포어셀 NMN 볼 : 소듐하이알루로네이트, 니코틴아마이드모노뉴클레오타이드"
"A000000225849","[1+1 트러블앰플/피지케어] 아떼 아크네솔 프로그래밍 앰플 듀오 기획","아떼","","","","28000","16800","","아크네솔 판토텐산 볼 : 판토테닉애씨드
아크네솔 프로그래밍 앰플 : 징크피씨에이, 살리실릭애씨드, 시트릭애씨드"
"A000000225909","[NEW/이채연PICK] 리엔케이 하이퍼 히알 플럼핑 앰플 100ml","리엔케이","100.0","100.0","ml","35000","33250","3325.0","정제수, 프로판다이올, 다이프로필렌글라이콜, 아이소펜틸다이올, 1,2-헥산다이올, 다이메틸설폰, 하이드록시아세토페논, 하이드록시에틸우레아, 아크릴레이트/C10-30알킬아크릴레이트크로스폴리머, 트로메타민, 소듐폴리아크릴로일다이메틸타우레이트, 베타인, 판테놀, 폴리글리세릴-10라우레이트, 알란토인, 다이포타슘글리시리제이트, 폴리글리세릴-4라우레이트, 부틸렌글라이콜, 카프릴릴/카프릴글루코사이드, 소듐하이알루로네이트(10.2ppm), 효모발효추출물, 슈도알테로모나스발효추출물, 에틸헥실글리세린, 소듐하이알루로네이트크로스폴리머(1.2ppm), 하이드롤라이즈드하이알루로닉애씨드(1ppm), 하이드록시프로필트라이모늄하이알루로네이트(1ppm), 하이알루로닉애씨드(1ppm), 알로에베라잎추출물, 유칼립투스잎추출물, 레몬그라스추출물, 콘민트추출물, 벤질글라이콜, 에리스리톨, 라즈베리케톤, 하이드롤라이즈드소듐하이알루로네이트(0.02ppm), 포타슘하이알루로네이트(0.02ppm), 펜틸렌글라이콜, 소듐아세틸레이티드하이알루로네이트(0.02ppm), 향료"
"A000000226471","[화잘먹/모공탄력] 아렌시아 젤리세럼 레드 스무디 세럼 30 50g 기획 (+20g)","아렌시아","50.0","70.0","g(약 1ml 상당으로 근사)","42000","28600","4085.7","정제수, 글리세린, 나이아신아마이드, 알부틴, 프로판다이올, 1,2-헥산다이올, 부틸렌글라이콜, 메틸프로판다이올, 암모늄아크릴로일다이메틸타우레이트/브이피코폴리머, 아크릴레이트/C10-30알킬아크릴레이트크로스폴리머, 알지닌, 치자추출물(706ppm), 에틸헥실글리세린, 덱스트린, 아데노신, 폴리글리세릴-10미리스테이트, 폴리글리세릴-10라우레이트, 인삼열매추출물(301ppm), 글리세릴아크릴레이트/아크릴릭애씨드코폴리머, 아보카도열매추출물(300ppm), 양까막까치밥나무열매추출물(300ppm), 차가버섯추출물(300ppm), 케일잎추출물(300ppm), 피브이엠/엠에이코폴리머, 효모/쌀발효여과물(127ppm), 소듐하이알루로네이트, 페룰릭애씨드, 사탕무뿌리추출물, 월귤추출물, 프렌치로즈꽃추출물, 히비스커스꽃추출물, 로즈힙열매추출물, 헥사펩타이드-2, 수용성콜라겐(0.13ppm), 하이드롤라이즈드디엔에이, 바이오틴, 3-O-에틸아스코빅애씨드, 소듐아스코빌포스페이트, 아스코빅애씨드, 아스코빌글루코사이드, 토코페롤, 판테놀, 피리독신"
"A000000226524","[흔적/착색/미백] 셀인샷 트라넥 글루타샷 세럼 50ml","셀인샷","50.0","50.0","ml","","55700","11140.0","정제수,글리세린,아이소프로필팔미테이트,트라넥사믹애씨드 (3%),나이아신아마이드,카프릴릭/카프릭트라이글리세라이드,부틸렌글라이콜,세틸에틸헥사노에이트,시어버터,하이드로제네이티드레시틴,알지닌,카프릴릴글라이콜,아크릴레이트/C10-30알킬아크릴레이트크로스폴리머,암모늄아크릴로일다이메틸타우레이트/브이피코폴리머,에틸헥실글리세린,하이드롤라이즈드해면,아데노신,다이소듐이디티에이,스타아니스추출물,글루타티온(0.001%),소듐하이알루로네이트,판테놀,스쿠알란,세라마이드엔피,토코페릴아세테이트,병풀추출물,아세틸헥사펩타이드-8,카퍼트라이펩타이드-1,트라이펩타이드-1,팔미토일트라이펩타이드-1,팔미토일펜타펩타이드-4,하이드롤라이즈드하이알루로닉애씨드,헥사펩타이드-9,하이알루로닉애씨드,노나펩타이드-1,소듐하이알루로네이트크로스폴리머,하이드롤라이즈드소듐하이알루로네이트,포타슘하이알루로네이트,하이드록시프로필트라이모늄하이알루로네이트,소듐아세틸레이티드하이알루로네이트,1,2-헥산다이올"
"A000000226724","케어놀로지 비파인 퓨어 스팟 젤 크림 10g","케어놀로지","10.0","10.0","g(약 1ml 상당으로 근사)","14000","12600","12600.0","정제수, 글리세린, 부틸렌글라이콜, 카프릴릭/카프릭트라이글리세라이드, 1,2-헥산다이올, 베헤닐알코올, 소듐폴리아크릴레이트, 세테아릴알코올, 헵틸운데실레네이트, 하이드로제네이티드레시틴, 폴리아크릴레이트크로스폴리머-6, 살리실릭애씨드, 아라키딜알코올, 글리세릴스테아레이트에스이, 하이드록시아세토페논, 비파나무잎추출물, 토코페롤, 알란토인, 판테놀, 에틸헥실글리세린, 황련뿌리추출물, 콜레스테롤, 아라키딜글루코사이드, 다이포타슘글리시리제이트, 잔탄검, 광곽향오일, 수크로오스, 멘톨, 세라마이드엔피, 다이소듐이디티에이, 마데카소사이드, 미네랄솔트, 맥아추출물, 아시아티코사이드, 마데카식애씨드, 아시아틱애씨드, 말토덱스트린, 하이드롤라이즈드치자추출물, 병풀추출물, 징크피씨에이"
"A000000226844","네이처리퍼블릭 비타페어C PDRN 광채 세럼 30ml","네이처리퍼블릭","30.0","30.0","ml","18900","17900","5966.7","정제수,레몬수,나이아신아마이드,프로판다이올,트라이프로필렌글라이콜,에톡시다이글라이콜,1,2-헥산다이올,부틸렌글라이콜,병풀잎추출물,알파-알부틴,인도멀구슬나무꽃추출물,홀리바질잎추출물,레몬추출물,인도멀구슬나무잎추출물,소듐하이알루로네이트,울금뿌리추출물,참산호말추출물,병풀추출물,자일로오스,콜레스-24,트로메타민,글리세린,소듐폴리아크릴로일다이메틸타우레이트,에틸헥실글리세린,판테놀,아데노신,다이포타슘글리시리제이트,소듐파이테이트,베타-글루칸,소듐하이알루로네이트크로스폴리머,아스코빅애씨드,아스코빌글루코사이드,폴리글루타믹애씨드,소듐디엔에이,토코페롤,카르노신,페룰릭애씨드,카보머,잔탄검,향료"
"A000000227239","넘버즈인 2번 로즈 PDRN 콜라겐 플럼핑 세럼 소용량 듀오 10ml (마일드 1ml*5개+인텐시브 1ml*5개)","넘버즈인","10.0","12.0","ml","20000","14000","11666.7","[마일드]
콜라겐수(62.94 %), 다이프로필렌글라이콜, 글리세레스-26, 정제수, 나이아신아마이드(5 %), 글리세린, 부틸렌글라이콜, 프로판다이올, 1,2-헥산다이올, 트레할로오스, 피이지-240/에이치디아이코폴리머비스-데실테트라데세스-20에텔, 다이에톡시에틸석시네이트, 이노시톨, 폴리아크릴레이트크로스폴리머-6, 에틸헥실글리세린, 옥틸도데세스-16, 소듐디엔에이(0.05 %), 다마스크장미꽃추출물(0.05 %), 메틸다이아이소프로필프로피온아마이드, 아데노신, 폴리글리세릴-10올리에이트, 옥틸도데칸올, 소듐하이알루로네이트크로스폴리머, 하이드로제네이티드레시틴, 하이드롤라이즈드글라이코사미노글리칸, 사이아노코발아민, 폴리솔베이트20, 소듐하이알루로네이트, 다이소듐이디티에이, 레시틴, 포타슘라우레이트, 토코페롤, 벤질글라이콜, 카프릴릴글라이콜, 레스베라트롤, 하이드롤라이즈드하이알루로닉애씨드, 하이알루로닉애씨드, 폴리락틱애씨드, 아세틸헥사펩타이드-1, 실리카, 소듐아스코빌포스페이트, 트라이펩타이드-1, 트라이펩타이드-2, 아세틸헥사펩타이드-8, 아세틸옥타펩타이드-3, 팔미토일펜타펩타이드-4, 팔미토일테트라펩타이드-7, 라즈베리케톤, 에스에이치-올리고펩타이드-1, 에스에이치-폴리펩타이드-1, 에스에이치-폴리펩타이드-11, 에스에이치-폴리펩타이드-22

[인텐시브]
콜라겐수(54.17 %), 정제수, 글리세레스-26, 부틸렌글라이콜, 글리세린, 나이아신아마이드(5 %), 프로판다이올, 다이프로필렌글라이콜, 1,2-헥산다이올, 다이에톡시에틸석시네이트, 피이지-240/에이치디아이코폴리머비스-데실테트라데세스-20에텔, 폴리아크릴레이트크로스폴리머-6, 트레할로오스, 옥틸도데세스-16, 메틸다이아이소프로필프로피온아마이드, 치자추출물, 에틸헥실글리세린, 다마스크장미꽃추출물(0.1 %), 소듐디엔에이(0.1 %), 펜타에리스리틸테트라아이소스테아레이트, 풀루란, 폴리글리세릴-10올리에이트, 아데노신, 옥틸도데칸올, 하이드롤라이즈드해면, 뽕나무껍질추출물, 하이드로제네이티드레시틴, 사철쑥추출물, 홍차추출물, 카프릴릭/카프릭트라이글리세라이드, 소듐하이알루로네이트크로스폴리머, 하이드롤라이즈드글라이코사미노글리칸, 다이소듐이디티에이, 폴리솔베이트20, 소듐하이알루로네이트, 사이아노코발아민, 레시틴, 토코페롤, 포타슘라우레이트, 벤질글라이콜, 하이알루로닉애씨드, 카프릴릴글라이콜, 프로필렌카보네이트, 레스베라트롤, 폴리락틱애씨드, 스테아랄코늄헥토라이트, 하이드롤라이즈드하이알루로닉애씨드, 아세틸헥사펩타이드-1, 실리카, 소듐아스코빌포스페이트, 하이드롤라이즈드콜라겐, 아세틸헥사펩타이드-8, 아세틸옥타펩타이드-3, 트라이펩타이드-1, 트라이펩타이드-2, 팔미토일펜타펩타이드-4, 팔미토일테트라펩타이드-7, 팔미토일헥사펩타이드-12, 라즈베리케톤, 콥티스뿌리추출물, 카퍼트라이펩타이드-1, 팔미토일트라이펩타이드-1, 트라이펩타이드-3, 에스에이치-올리고펩타이드-1, 에스에이치-폴리펩타이드-1, 에스에이치-폴리펩타이드-11, 에스에이치-폴리펩타이드-22"
"A000000227244","[10ml 소용량] 넘버즈인 4번 세라 필 깐달걀 세럼 소용량 10ml (1ml*10개)","넘버즈인","10.0","21.0","ml","20000","9900","4714.3","정제수, 글리세린, 글라이콜릭애씨드(3.01 %), 부틸렌글라이콜, 글루코노락톤(3 %), 베타인, 다이프로필렌글라이콜, 나이아신아마이드, 판테놀(2 %), 펜틸렌글라이콜, 소듐하이드록사이드, 스핑고모나스발효추출물, 소듐하이알루로네이트, 하이드롤라이즈드하이알루로닉애씨드, 하이알루로닉애씨드, 다이페닐다이메티콘, 트라이에틸헥사노인, 하이드록시에틸우레아, 하이드록시에틸셀룰로오스, 폴리글리세릴-10라우레이트, 하이드로제네이티드레시틴, 카프릴릭/카프릭트라이글리세라이드, 에틸헥실글리세린, 1,2-헥산다이올, 프로판다이올, 우레아(0.05 %), 아데노신, 소듐하이알루로네이트크로스폴리머, 하이드롤라이즈드글라이코사미노글리칸, 세라마이드엔피(0.01%), 벤질글라이콜, 베타-글루칸, 토코페롤, 스테아릭애씨드, 세라마이드엔에스(0.15 ppb), 콜레스테롤, 피토스핑고신, 세라마이드에이피(0.05 ppb), 세라마이드에이에스(0.05 ppb), 세라마이드이오피(0.0001 ppb), 세테아릴알코올"
"A000000227278","[탄력모공&수분장벽] 어나더페이스 펩타테놀10 베리어 세럼 40ml & 세럼 기획 택1","어나더페이스","40.0","40.0","ml","28000","21000","5250.0","정제수, 프로판다이올, 판테놀 (100,000 ppm), 글리세린, 글리세레스-26, 나이아신아마이드, 1,2-헥산다이올, 폴리글리세릴-10라우레이트, 다이에톡시에틸석시네이트, 하이드록시아세토페논, 카보머, 하이드록시에틸아크릴레이트/소듐아크릴로일다이메틸타우레이트코폴리머, 트로메타민, 잔탄검, 알란토인, 아데노신, 덱스트린, 다이소듐이디티에이, 솔비탄아이소스테아레이트, 카프릴릴/카프릴글루코사이드, 부틸렌글라이콜, 글루타티온, 치자추출물, 사발팜열매추출물, 알지닌, 카퍼트라이펩타이드-1 (100 ppb), 바이오틴, 시스테인, 글루타믹애씨드, 에틸헥실글리세린, 에스에이치-데카펩타이드-7 (5 ppb), 에스에이치-옥타펩타이드-4 (5 ppb), 에스에이치-올리고펩타이드-9 (5 ppb), 에스에이치-펜타펩타이드-19 (5 ppb), 아연, 향료"
"A000000227396","[미백앰플] 아떼 멜레이저 프로그래밍 앰플 10ml 5+1","아떼","10.0","10.0","ml","140000","98000","98000.0","아떼 멜레이저 퓨어 비타민 씨 볼  : 소듐하이알루로네이트(33%), 아스코빅애씨드(30%), 실리카, 나이아신아마이드(12%), 셀룰로오스검, 잇꽃꽃추출물, 덱스트린, 소듐헥사메타포스페이트
아떼 멜레이저 프로그래밍 앰플 : 에칠아스코빌에텔, 토코페롤, 시트릭애씨드, 에스에이치-올리고펩타이드-1"
"A000000227405","[브라이트닝] 디오디너리 알파 알부틴 2% + HA 30ml","디오디너리","30.0","30.0","ml","","17500","5833.3","정제수, 알파-알부틴(2%), 프로판다이올, 폴리아크릴레이트크로스폴리머-6, 하이드롤라이즈드소듐하이알루로네이트, 에르고티오네인, 폴리솔베이트20, 시트릭애씨드, 소듐시트레이트, 소듐하이드록사이드, 소듐메타바이설파이트, 트라이소듐에틸렌다이아민다이석시네이트, 에톡시다이글라이콜, 페녹시에탄올, 클로페네신."
"A000000227409","[브라이트닝] 디오디너리 알파 알부틴 2% + HA 60ml","디오디너리","60.0","60.0","ml","","30800","5133.3","정제수, 알파-알부틴(2%), 프로판다이올, 폴리아크릴레이트크로스폴리머-6, 하이드롤라이즈드소듐하이알루로네이트, 에르고티오네인, 폴리솔베이트20, 시트릭애씨드, 소듐시트레이트, 소듐하이드록사이드, 소듐메타바이설파이트, 트라이소듐에틸렌다이아민다이석시네이트, 에톡시다이글라이콜, 페녹시에탄올, 클로페네신."
"A000000227458","[NEW] 넘버즈인 2번 로즈 PDRN 콜라겐 플럼핑 세럼 30ml","넘버즈인","30.0","30.0","ml","30000","19000","6333.3","콜라겐수(62.94 %), 다이프로필렌글라이콜, 글리세레스-26, 정제수, 나이아신아마이드(5 %), 글리세린, 부틸렌글라이콜, 프로판다이올, 1,2-헥산다이올, 트레할로오스, 피이지-240/에이치디아이코폴리머비스-데실테트라데세스-20에텔, 다이에톡시에틸석시네이트, 이노시톨, 폴리아크릴레이트크로스폴리머-6, 에틸헥실글리세린, 옥틸도데세스-16, 소듐디엔에이(0.05 %), 다마스크장미꽃추출물(0.05 %), 메틸다이아이소프로필프로피온아마이드, 아데노신, 폴리글리세릴-10올리에이트, 옥틸도데칸올, 소듐하이알루로네이트크로스폴리머, 하이드로제네이티드레시틴, 하이드롤라이즈드글라이코사미노글리칸, 사이아노코발아민, 폴리솔베이트20, 소듐하이알루로네이트, 다이소듐이디티에이, 레시틴, 포타슘라우레이트, 토코페롤, 벤질글라이콜, 카프릴릴글라이콜, 레스베라트롤, 하이드롤라이즈드하이알루로닉애씨드, 하이알루로닉애씨드, 폴리락틱애씨드, 아세틸헥사펩타이드-1, 실리카, 소듐아스코빌포스페이트, 트라이펩타이드-1, 트라이펩타이드-2, 아세틸헥사펩타이드-8, 아세틸옥타펩타이드-3, 팔미토일펜타펩타이드-4, 팔미토일테트라펩타이드-7, 라즈베리케톤, 에스에이치-올리고펩타이드-1, 에스에이치-폴리펩타이드-1, 에스에이치-폴리펩타이드-11, 에스에이치-폴리펩타이드-22"
"A000000228328","토리든 셀메이징 저분자 콜라겐 모공 탄력 앰플 30ml","토리든","30.0","30.0","ml","","26000","8666.7","정제수, 글리세린, 프로판다이올, 부틸렌글라이콜, 다이프로필렌글라이콜, 나이아신아마이드, 1,2-헥산다이올, 메틸프로판다이올, 콜라겐, 콜라겐아미노산, 콜라겐추출물, 수용성콜라겐, 하이드롤라이즈드콜라겐(20ppm), 헥사펩타이드-2, 팔미토일트라이펩타이드-5, 판테놀, 소듐하이알루로네이트, 아데노신, 알지닌, 자일리톨, 하이드록시에틸셀룰로오스, 잔탄검, 아크릴레이트/C10-30알킬아크릴레이트크로스폴리머, 에틸헥실글리세린, 베타-글루칸, 바이오틴, 카프릴로일살리실릭애씨드, 글루코노락톤, 토코페롤"
"A000000228580","[모공/광채] 바이오던스 포어 퍼펙팅 콜라겐 펩타이드 세럼 30ml 기획 (+10ml)","바이오던스","30.0","40.0","ml","32000","23900","5975.0","콜라겐수, 정제수, 글리세린, 트라이프로필렌글라이콜, 1,2-헥산다이올, 나이아신아마이드, 트레할로오스, 소듐폴리아크릴로일다이메틸타우레이트, 부틸렌글라이콜, 알란토인, 폴리글리세릴-10라우레이트, 소듐폴리아크릴레이트, 에틸헥실글리세린, 하이드롤라이즈드하이알루로닉애씨드, 아데노신, 잔탄검, 폴리쿼터늄-51, 다이소듐이디티에이, 글리세릴아크릴레이트/아크릴릭애씨드코폴리머, 카프릴릴글라이콜, 피브이엠/엠에이코폴리머, 사이아노코발아민, 황련뿌리추출물, 소듐하이알루로네이트, 하이드록시프로필트라이모늄하이알루로네이트, 토코페롤, 프로판다이올, 사카라이드아이소머레이트, 소듐아세틸레이티드하이알루로네이트, 콜라겐추출물, 하이알루로닉애씨드, 하이드롤라이즈드소듐하이알루로네이트, 소듐하이알루로네이트크로스폴리머, 알지닉애씨드, 실란트라이올, 포타슘하이알루로네이트, 하이드롤라이즈드엘라스틴, 엘라스틴, 수용성엘라스틴, 트라이펩타이드-1, 아세틸헥사펩타이드-8, 카퍼트라이펩타이드-1, 팔미토일트라이펩타이드-5, 에스에이치-올리고펩타이드-1, 펜타펩타이드-4, 팔미토일트라이펩타이드-38, 헥사펩타이드-9, 헥사펩타이드-12, 팔미토일펜타펩타이드-4"
"A000000228603","[김고은PICK] 크리니크 쏙수분광채세럼 30ml","크리니크","30.0","30.0","ml","52000","44200","14733.3","정제수,글리세린,락틱애씨드,옥틸도데실미리스테이트,부틸렌글라이콜,비스-피이지-18메틸에터다이메틸실레인,다이메티콘,피피지-24-글리세레스-24,소듐하이드록사이드,하이드로제네이티드레시틴,글리세레스-26,폴리솔베이트80,소듐하이알루로네이트,카페인,알로에베라잎수,C13-14아이소파라핀,소듐폴리아스파테이트,트레할로오스,소듐스테아로일글루타메이트,글리시레티닉애씨드,수크로오스,라우레스-7,잔탄검,다이메티콘/피이지-10/15크로스폴리머,폴리아크릴아마이드,토코페릴아세테이트,마그네슘아스코빌포스페이트,비에이치티,다이소듐이디티에이,페녹시에탄올,포타슘솔베이트,마이카,티타늄디옥사이드,적색산화철"
"A000000228895","[이수향 PICK/앰플3ml증정] 코스메쉐프 흑당고 진액 영양 주름앰플 30ml_흑당고앰플","코스메쉐프","3.0","33.0","ml","72000","48900","14818.2","쇠비름수, 부틸렌글라이콜, 아보카도오일, 다이프로필렌글라이콜,달맞이꽃오일, 올리브오일, 아마씨오일, 글리세린, 나이아신아마이드, 판테놀, 캐놀라오일, 정제수, 1,2-헥산다이올, 레티놀, 바쿠치올, 글라이신, 세린,글루타믹애씨드, 프롤린, 아스파틱애씨드, 류신, 알라닌, 라이신, 알지닌, 타이로신, 발린, 트레오닌, 아이소류신, 히스티딘, 페닐알라닌, 메티오닌, 시스테인, 칸디다 봄비콜라/글루코오스/메틸레이프씨데이트발효물, 바실러스발효물, 에칠아스코빌에텔, 스쿠알란, 쇠비름추출물, 고삼뿌리추출물, 녹차추출물, 당느릅나무뿌리추출물, 병풀잎추출물, 서양민들레잎추출물, 스페인감초뿌리추출물, 약모밀추출물, 인동덩굴꽃추출물, 하이드로제네이티드레시틴, 소듐하이알루로네이트, 알란토인, 로즈마리잎오일, 한련초추출물, 아데노신, 한련초잎추출물, 편백오일, 티트리잎오일, 토코페롤, 하이드롤라이즈드하이알루로닉애씨드, 인도멀구슬나무잎추출물, 인도멀구슬나무꽃추출물,드럼스틱씨오일, 소듐클로라이드, 세라마이드엔피, 홀리바질잎추출물, 카프릴릴글라이콜, 참산호말추출물, 카프릴릭/카프릭트라이글리세라이드, 시트릭애씨드, 다이소듐이디티에이, 리모넨"
"A000000228896","[이수향 PICK/앰플3ml증정] 코스메쉐프 백당고 막걸리 백옥빛 기미앰플 30ml_백당고앰플","코스메쉐프","3.0","33.0","ml","98000","78400","23757.6","아스퍼질러스/쌀발효여과물 (555,000ppm)*, 부틸렌글라이콜*, 글리세린, 정제수, 스쿠알란, 쌀겨오일, 나이아신아마이드*, 올리브오일, 칸디다 봄비콜라/글루코오스/메틸레이프씨데이트발효물, 아스퍼질러스/쌀발효추출물*, 하이드록시에틸우레아, 1,2-헥산다이올, 트라이라우레스-4포스페이트, 에칠아스코빌에텔*, 효모폴리펩타이드, 아세틸헥사펩타이드-1, 올리고펩타이드-4, 카퍼트라이펩타이드-1, 아세틸테트라펩타이드-5, 팔미토일트라이펩타이드-1, 팔미토일트라이펩타이드-5, 팔미토일펜타펩타이드-4, 헥사펩타이드-3, 페룰릭애씨드*, 트라넥사믹애씨드*, 스페인감초뿌리추출물, 코직애씨드*, 판테놀, 소듐하이알루로네이트, 하이드로제네이티드레시틴, 베르가모트껍질오일, 셀룰로오스검, 편백오일, 로즈마리잎오일, 에틸헥실글리세린, 알란토인, 아데노신, 바이오사카라이드검-1, 토코페롤, 프로테아제*, 글라이신*, 세린*, 글루타믹애씨드*, 덱스트린, 카카오추출물, 프롤린*, 아스파틱애씨드*, 류신*, 카프릴릴글라이콜, 알라닌*, 라이신*, 알지닌*, 타이로신*, 발린*, 트레오닌*, 아이소류신*, 히스티딘*, 페닐알라닌*, 메티오닌*, 시스테인*, 다이소듐이디티에이, 리모넨, 리날룰"
"A000000228904","[볼륨광채] 바이오던스 포어 퍼펙팅 콜라겐 펩타이드 세럼 30ml","바이오던스","30.0","30.0","ml","32000","23900","7966.7","콜라겐수, 정제수, 글리세린, 트라이프로필렌글라이콜, 1,2-헥산다이올, 나이아신아마이드, 트레할로오스, 소듐폴리아크릴로일다이메틸타우레이트, 부틸렌글라이콜, 알란토인, 폴리글리세릴-10라우레이트, 소듐폴리아크릴레이트, 에틸헥실글리세린, 하이드롤라이즈드하이알루로닉애씨드, 아데노신, 잔탄검, 폴리쿼터늄-51, 다이소듐이디티에이, 글리세릴아크릴레이트/아크릴릭애씨드코폴리머, 카프릴릴글라이콜, 피브이엠/엠에이코폴리머, 사이아노코발아민, 황련뿌리추출물, 소듐하이알루로네이트, 하이드록시프로필트라이모늄하이알루로네이트, 토코페롤, 프로판다이올, 사카라이드아이소머레이트, 소듐아세틸레이티드하이알루로네이트, 콜라겐추출물, 하이알루로닉애씨드, 하이드롤라이즈드소듐하이알루로네이트, 소듐하이알루로네이트크로스폴리머, 알지닉애씨드, 실란트라이올, 포타슘하이알루로네이트, 하이드롤라이즈드엘라스틴, 엘라스틴, 수용성엘라스틴, 트라이펩타이드-1, 아세틸헥사펩타이드-8, 카퍼트라이펩타이드-1, 팔미토일트라이펩타이드-5, 에스에이치-올리고펩타이드-1, 펜타펩타이드-4, 팔미토일트라이펩타이드-38, 헥사펩타이드-9, 헥사펩타이드-12, 팔미토일펜타펩타이드-4"
"A000000229204","[PDRN브라이트닝/수량한정]리쥬란 힐러 트리플 래디언스 앰플 10ml 더블 기획(+5ml+1ml*3)","리쥬란","10.0","16.0","ml","","51000","31875.0","정제수, 부틸렌글라이콜, 나이아신아마이드, 검은뽕나무잎추출물, 흰버드나무껍질추출물, 1,2-헥산다이올, 로우스위트블루베리추출물, 스페인감초뿌리추출물, 포트마리골드꽃추출물, 효모추출물, 하이드롤라이즈드디엔에이, 글리세레스-26, 글리세린, 피이지-8, 폴리솔베이트20, 아크릴레이트/C10-30 알킬아크릴레이트크로스폴리머, 소듐하이알루로네이트, 알란토인, 판테놀, 에틸헥실글리세린, 잔탄검, 아데노신, 향료, 하이알루로닉애씨드, 소듐하이드록사이드"
"A000000229312","[극효율스킨케어] 잇츠스킨 닥터세이버스 세럼 30ml 5종 택1","잇츠스킨","30.0","30.0","ml","","9900","3300.0","[잇츠스킨 닥터세이버스 히알루로닉 하이드로 세럼]
정제수, 글리세린, 부틸렌글라이콜, 다이프로필렌글라이콜, 소듐하이알루로네이트*(1,430 ppm), 나이아신아마이드, 얼룩파인애플추출물, 알란토인, 판테놀(100 ppm), 인도멀구슬나무잎추출물, 인도멀구슬나무꽃추출물, 하이드롤라이즈드소듐하이알루로네이트*(45 ppm), 하이드롤라이즈드하이알루로닉애씨드*(45 ppm), 포타슘하이알루로네이트*(30 ppm), 하이알루로닉애씨드*(30 ppm), 소듐하이알루로네이트크로스폴리머*(24 ppm), 하이드록시프로필트라이모늄하이알루로네이트*(24 ppm), 다이포타슘글리시리제이트, 소듐아세틸레이티드하이알루로네이트*(12 ppm), 홀리바질잎추출물, 울금뿌리추출물, 참산호말추출물, 아이소도데케인, 소듐폴리아크릴레이트, 폴리글리세릴-10라우레이트, 하이드록시아세토페논, 1,2-헥산다이올, 카프릴릴글라이콜, 폴리글리세릴-4카프레이트, 글리세릴아크릴레이트/아크릴릭애씨드코폴리머, 세테아릴올리베이트, 잔탄검, 피브이엠/엠에이코폴리머, 솔비탄올리베이트, 소듐파이테이트, 다이메틸실란올하이알루로네이트*(45 ppm), 아이비고드열매추출물, 소듐하이알루로네이트다이메틸실란올*(15 ppm), 가지열매추출물

[잇츠스킨 닥터세이버스 피디알엔 리바이탈 세럼]
정제수, 글리세린, 부틸렌글라이콜, 베타인, 녹차추출물, 인도멀구슬나무꽃추출물, 인도멀구슬나무잎추출물, 소듐하이알루로네이트, 홀리바질잎추출물, 로즈마리잎추출물, 뽕나무뿌리추출물, 오이열매추출물, 올리브나무잎추출물, 울금뿌리추출물, 참산호말추출물, 카카오씨추출물, 완두콩추출물, 다이포타슘글리시리제이트, 세라마이드엔피(0.1 ppm), 다이프로필렌글라이콜, 1,2-헥산다이올, 펜틸렌글라이콜, 하이드록시아세토페논, 폴리글리세릴-10라우레이트, 하이드록시에틸셀룰로오스, 카프릴릴글라이콜, 소듐시트레이트, 아이비고드열매추출물, 소듐파이테이트, 시트릭애씨드, 왕귤추출물, 타임꽃/잎추출물, 가지열매추출물, 덱스트린, 다이소듐포스페이트, 폴리솔베이트60, 글루코노락톤, 소듐포스페이트, 레시틴, 하이드롤라이즈드디엔에이*(0.25 ppm)

[잇츠스킨 닥터세이버스 시카 컴포트 세럼]
정제수, 부틸렌글라이콜, 글리세린, 나이아신아마이드, 베타인, 다마스크장미꽃수, 연꽃뿌리추출물, 오크라열매추출물, 참마뿌리추출물, 병풀추출물*(1,400 ppm), 한련초추출물, 아데노신, 소듐하이알루로네이트, 판테놀, 마트리카리아꽃추출물, 다이포타슘글리시리제이트, 사이아노코발아민**(10 ppm), 레스베라트롤, 마데카소사이드*(5 ppm), 소듐하이알루로네이트크로스폴리머, 하이드롤라이즈드하이알루로닉애씨드, 하이알루로닉애씨드, 포타슘하이알루로네이트, 하이드롤라이즈드소듐하이알루로네이트, 구아이아줄렌, 메틸글루세스-20, 다이프로필렌글라이콜, 1,2-헥산다이올, 하이드록시아세토페논, 카프릴릴글라이콜, 양파추출물, 소듐시트레이트, 잔탄검, 글리세릴아크릴레이트/아크릴릭애씨드코폴리머, 시트릭애씨드, 피브이엠/엠에이코폴리머

[잇츠스킨 닥터세이버스 비피다 실키 세럼]
정제수, 프로판다이올, 글리세레스-26, 1,2-헥산다이올, 부틸렌글라이콜, 스쿠알란, 인도멀구슬나무꽃추출물, 비피다발효용해물(1,000 ppm), 인도멀구슬나무잎추출물, 홀리바질잎추출물, 락토바실러스발효물(500 ppm), 아데노신, 울금뿌리추출물, 참산호말추출물, 베타인, 소듐하이알루로네이트, 카카오씨추출물, 효모폴리펩타이드, 하이드롤라이즈드소듐하이알루로네이트, 하이드롤라이즈드하이알루로닉애씨드, 포타슘하이알루로네이트, 하이알루로닉애씨드, 소듐하이알루로네이트크로스폴리머, 하이드록시프로필트라이모늄하이알루로네이트, 소듐아세틸레이티드하이알루로네이트, 사이아노코발아민, 토코페롤, 피리독신, 폴리솔베이트60, 소듐폴리아크릴로일다이메틸타우레이트, 글리세린, 하이드로제네이티드레시틴, 하이드록시에틸아크릴레이트/소듐아크릴로일다이메틸타우레이트코폴리머, 잔탄검, 소듐파이테이트, 덱스트린, 아이비고드열매추출물, 솔비탄아이소스테아레이트, 다이메틸실란올하이알루로네이트, 소듐하이알루로네이트다이메틸실란올, 티옥틱애씨드

[잇츠스킨 닥터세이버스 비타 글로우 세럼]
정제수, 글리세린, 프로판다이올, 나이아신아마이드(20,000 ppm), 변성알코올, 3-O-에틸아스코빅애씨드*(500 ppm), 아데노신, 소듐하이알루로네이트, 다이포타슘글리시리제이트, 티트리잎추출물, 하이드롤라이즈드소듐하이알루로네이트, 마그네슘아스코빌포스페이트*(0.1 ppm), 바이오틴*(0.1 ppm), 살리실릭애씨드, 티아민에이치씨엘*(0.1 ppm), 판테놀*(0.1 ppm), 폴릭애씨드*(0.1 ppm), 피리독신*(0.1 ppm), 메나다이온*(0.01 ppm), 사이아노코발아민*(0.01 ppm), 토코페롤*(0.01 ppm), 다이프로필렌글라이콜, 하이드록시아세토페논, 부틸렌글라이콜, 하이드록시에틸셀룰로오스, 카프릴릴글라이콜, 시트릭애씨드, 소듐시트레이트, 잔탄검, 1,2-헥산다이올, 소듐파이테이트, 글리세릴아크릴레이트/아크릴릭애씨드코폴리머, 피브이엠/엠에이코폴리머, 다이소듐포스페이트, 폴리솔베이트60, 소듐포스페이트"
"A000000229350","[스네일레티놀1%/리프팅] 닥터지 블랙스네일 레티놀 콜라겐 세럼 인텐스 30ml","닥터지","30.0","30.0","ml","34000","23800","7933.3","정제수, 프로판다이올, 글리세린, 글리세레스-26, C13-16아이소알케인, 나이아신아마이드, 펜틸렌글라이콜, 달팽이점액여과물(17,550ppm), 스쿠알 란, 1,2-헥산다이올, 헵틸운데실레네이트, 폴리글리세릴-3다이스테아레이트, 부틸렌글라이콜, 글리세릴스테아레이트, 베타인, 다이메틸 아이소소바이드, 하이드로제네이티드폴리데센, 하이드로제네이티드폴리아이소부텐, 운데케인, 하이드로제네이티드폴리(C6-14올레핀), 아크릴레이트/C10-30알킬아크릴레이트크로스폴리머, 하이드로제네이티드레시틴, 트라이데케인, 향료, 하이드록시아세토페논, 카프릴 릭/카프릭트라이글리세라이드, 마카다미아씨오일, 참마뿌리추출물, 합성플루오르플로고파이트, 맥아추출물, 토코페롤, 레티놀(0.1%), 세틸팔 미테이트, 하이드로제네이티드올리브오일불검화물, 코코-카프릴레이트/카프레이트, 레티닐팔미테이트, 트로메타민, 잔탄검, 솔비탄올 리베이트, 솔비탄팔미테이트, 하이드롤라이즈드옥수수전분, 유채스테롤, 포스파티딜콜린, 하이드록시피나콜론레티노에이트(500ppm), 글리세릴 스테아레이트시트레이트, 아데노신, 베타-글루칸, 콜레스테롤, 한련초추출물, 아이비고드열매추출물, 다이소듐이디티에이, 폴리글리세 릴-4카프레이트, 폴리글리세릴-6카프릴레이트, 소듐폴리아크릴레이트, 수크로오스, 펜타에리스리틸테트라-다이-t-부틸하이드록시하이 드로신나메이트, 알루미늄/마그네슘하이드록사이드스테아레이트, 바이오사카라이드검-1, 폴리에터-1, 콜라겐아미노산(12ppm), 에틸헥실글리세린, 알란토인, 트리스(테트라메틸하이드록시피페리딘올)시트레이트, 글리세릴올리에이트, 라우릴글루코사이드, 폴리글리세릴-6라우레 이트, 미리스틸글루코사이드, 옥틸도데칸올, 하이드롤라이즈드하이알루로닉애씨드, 류코노스톡/무발효여과물, 글라이코리피드, 레티닐 프로피오네이트, 하이드록시데실유비퀴논, 페룰릭애씨드, 팔미토일펜타펩타이드-4"
"A000000229422","[3일잡티샷세럼/흔적] 비긴스 바이 정샘물 나이아신아마이드10 흔적세럼 30ml","비긴스 바이 정샘물","30.0","30.0","ml","24000","19200","6400.0","정제수, 나이아신아마이드, 프로판다이올, 부틸렌글라이콜, 1,2-헥산다이올, 알파-알부틴, 글리세린, 에칠아스코빌에텔, 비타민나무수, 글루타티온(100ppm), 구아바열매추출물(100ppm), 소듐하이알루로네이트, 아데노신, 병풀잎추출물, 판테놀, 알란토인, 마데카소사이드, 아시아티코사이드, 토코페롤, 하이드로제네이티드레시틴, 펜틸렌글라이콜, 글리세릴폴리메타크릴레이트, 폴리글리세릴-10라우레이트, 아크릴레이트/C10-30알킬아크릴레이트크로스폴리머, 트로메타민, 하이드롤라이즈드스클레로튬검, 에틸헥실글리세린, 사이아노코발아민, 잔탄검, 클레리오일, 필리핀오렌지껍질오일, 광곽향오일, 리모넨"
"A000000229445","[1등진정앰플/단독기획] 클레어스 EGF 블루드롭 50ml 기획 (10ml+진정크림 3g+흔적크림 3g)","디어클레어스","50.0","60.0","ml","","59000","9833.3","정제수, 부틸렌글라이콜, 에스에이치-올리고펩타이드-1, 에스에이치-폴리펩타이드-1, 로우스위트블루베리추출물, 레시틴, 솔비탄세스퀴올리에이트, 1,2-헥산다이올, 카프릴릴글라이콜, 피이지-60 하이드로제네이티드캐스터오일, 글리세린, 클로페네신, 구아이아줄렌, 에틸헥실글리세린, 아데노신"
"A000000229464","[수분광채/화잘먹세럼] 디퍼 히알루론산 히알큐브 세콜지 수분 세럼 50ml","디퍼","50.0","50.0","ml","36000","19800","3960.0","정제수,메틸프로판다이올,글리세린,카프릴릭/카프릭트라이글리세라이드,다이프로필렌글라이콜,1,2-헥산다이올,나이아신아마이드,메틸글루세스-20,베타인,펜틸렌글라이콜,다시마추출물,한련초잎추출물,실버위드추출물,귀리커넬추출물,아티초크잎추출물,인도멀구슬나무잎추출물,인도멀구슬나무꽃추출물,아이비고드열매추출물,가지열매추출물,알로에베라꽃추출물,울금뿌리추출물,참산호말추출물,홀리바질잎추출물,하이드로제네이티드레시틴,녹차수,소듐하이알루로네이트,호호바씨오일,옥틸도데세스-16,카보머,트로메타민,잔탄검,에틸헥실글리세린,부틸렌글라이콜,구아검,베타-글루칸,아데노신,폴리쿼터늄-51,아가,다이소듐이디티에이,프룩토올리고사카라이드,락토바실러스,소듐하이알루로네이트크로스폴리머,하이드롤라이즈드하이알루로닉애씨드,판테놀,자일로오스,폴리글루타믹애씨드,토코페롤,글라이코리피드,프로판다이올,다이메틸실란올하이알루로네이트,하이드롤라이즈드소듐하이알루로네이트,포타슘하이알루로네이트,하이알루로닉애씨드,하이드록시프로필트라이모늄하이알루로네이트,소듐하이알루로네이트다이메틸실란올,소듐아세틸레이티드하이알루로네이트,리솔레시틴,수크로오스다이스테아레이트,트레할로오스,글리세릴스테아레이트,세테아릴알코올,하이드록시프로필사이클로덱스트린,세라마이드엔피,스테아릭애씨드,콜레스테롤,테트라아세틸피토스핑고신,글라이코스핑고리피드,세라마이드에이피,향료"
"A000000229480","[4천만돌파/모공] VT 리들샷 100 에센스50ml 기획 (+리들샷300 1ml*3개+PDRN에센스1.5ml*3ea)","VT","50.0","52.5","ml","","32000","6095.2","정제수, 다이프로필렌글라이콜, 글리세린, 나이아신아마이드, 부틸렌글라이콜, 마카다미아씨오일, 1,2-헥산다이올, 에틸헥실팔미테이트, 소듐아크릴레이트/소듐아크릴로일다이메틸타우레이트코폴리머, 폴리아이소부텐, 실리카, 글리세레스-26, 에틸헥실글리세린, 카프릴릴글라이콜, 아데노신, 소듐폴리아크릴레이트, 소듐하이알루로네이트, 병풀추출물, 카프릴릴/카프릴글루코사이드, 솔비탄올리에이트, 잔탄검, 프로폴리스추출물, 아시아티코사이드, 마데카소사이드, 마데카식애씨드, 아시아틱애씨드, 글라이신, 세린, 글루타믹애씨드, 아스파틱애씨드, 류신, 알라닌, 라이신, 알지닌, 타이로신, 페닐알라닌, 트레오닌, 프롤린, 발린, 아이소류신, 히스티딘, 메티오닌, 시스테인"
"A000000229490","[PDRN물광플럼핑] 아이오페 XMD 스템3 클리니컬 리커버리 세럼 30ml 기획 (+세럼5ml+크림5ml","아이오페","30.0","40.0","ml","63000","53550","13387.5","정제수, 부틸렌글라이콜, 글리세린, 다이프로필렌글라이콜, 나이아신아마이드, 베타인, 카프릴릭/카프릭트라이글리세라이드, 1,2-헥산다이올, 다이메티콘, 암모늄아크릴로일다이메틸타우레이트/브이피코폴리머, 폴리글리세릴-6카프릴레이트, 폴리글리세릴-4카프레이트, 프로판다이올, 하이드로제네이티드레시틴, 알란토인, 에탄올, 아시아티코사이드, 소듐메틸스테아로일타우레이트, 마데카식애씨드, 콜레스테롤, 만니톨, 클로렐라 프로토테코이데스추출물, 아시아틱애씨드, 에틸헥실글리세린, 아데노신, 하이드롤라이즈드디엔에이, 덱스트린, 하이알루로닉애씨드, 카카오추출물, 양파추출물, 아세틸테트라펩타이드-11, 토코페롤"
"A000000229502","아이뽀 엑스퍼트 모공 앰플 마스크 30ml","아이뽀","30.0","30.0","ml","42000","33600","11200.0","정제수,글리세린,소듐락테이트,다시마추출물,한련초잎추출물,1,2-헥산다이올,글루코노락톤,메틸프로판다이올,나이아신아마이드,빌베리열매추출물,사탕수수추출물,레몬추출물,오렌지추출물,인도멀구슬나무잎추출물,인도멀구슬나무꽃추출물,울금뿌리추출물,설탕단풍추출물,홀리바질잎추출물,당근추출물,참산호말추출물,하이드로제네이티드레시틴,소듐하이알루로네이트,다이페닐다이메티콘,판테놀,하이드록시에틸아크릴레이트/소듐아크릴로일다이메틸타우레이트코폴리머,폴리아크릴레이트크로스폴리머-6,트라이에틸헥사노인,솔비탄아이소스테아레이트,스쿠알란,폴리글리세릴-3메틸글루코오스다이스테아레이트,글라이콜릭애씨드,하이드록시프로필스타치포스페이트,시트릭애씨드,폴리글리세릴-10올리에이트,에틸헥실글리세린,프룩토올리고사카라이드,피브이피,락틱애씨드,베타-글루칸,폴리솔베이트60,아데노신,다이소듐이디티에이,하이드롤라이즈드하이알루로닉애씨드,사이아노코발아민,3-O-에틸아스코빅애씨드,자일리톨,폴리솔베이트20,레티놀,비에이치티,비에이치에이,향료,살리실릭애씨드"
"A000000229503","아이뽀 엑스퍼트 콜라겐 앰플 마스크 30ml","아이뽀","30.0","30.0","ml","42000","33600","11200.0","정제수, 콜라겐추출물(5%), 글리세린, 소듐락테이트, 수용성콜라겐(2.5%), 하이드롤라이즈드콜라겐(2.4%), 다시마추출물, 한련초잎추출물, 1,2-헥산다이올, 글루코노락톤, 나이아신아마이드, 메틸프로판다이올, 빌베리열매추출물, 다이페닐다이메티콘, 사탕수수추출물, 레몬추출물, 오렌지추출물, 인도멀구슬나무잎추출물, 설탕단풍추출물, 인도멀구슬나무꽃추출물, 아이비고드열매추출물, 가지열매추출물, 알로에베라꽃추출물, 홀리바질잎추출물, 울금뿌리추출물, 참산호말추출물, 하이드로제네이티드레시틴, 라벤더오일, 라벤더꽃수, 트라이에틸헥사노인, 판테놀, 하이드록시에틸아크릴레이트/소듐아크릴로일다이메틸타우레이트코폴리머, 폴리아크릴레이트크로스폴리머-6, 솔비탄아이소스테아레이트, 식물성스쿠알란, 폴리글리세릴-3메틸글루코오스다이스테아레이트, 글라이콜릭애씨드, 하이드록시프로필스타치포스페이트, 시트릭애씨드, 소듐살리실레이트, 폴리글리세릴-10올리에이트, 프룩토올리고사카라이드, 락틱애씨드, 베타-글루칸, 아데노신, 살리실릭애씨드, 다이소듐이디티에이, 하이드롤라이즈드하이알루로닉애씨드, t-부틸알코올, 사이아노코발아민, 부틸렌글라이콜, 콜라겐아미노산(0.5ppm), 콜라겐(0.4ppm), 류코노스톡/무발효여과물, 하이드롤라이즈드엘라스틴, 펜타에리스리틸테트라아이소스테아레이트, 노나펩타이드-1, 아세틸헥사펩타이드-8, 카퍼트라이펩타이드-1, 트라이펩타이드-1, 팔미토일테트라펩타이드-7, 팔미토일트라이펩타이드-1, 팔미토일펜타펩타이드-4, 헥사펩타이드-9, 소듐콘드로이틴설페이트, 실리카다이메틸실릴레이트, 아텔로콜라겐(0.3ppb), 폴리솔베이트60, 에틸헥실글리세린, 카프릴릴글라이콜, 펜틸렌글라이콜, 리날룰"
"A000000229511","[장벽탄력/PDRN] 지피덤 셀트리온EGF 스킨베리어 하이드로 수분앰플 30ml","지피덤","30.0","30.0","ml","37000","21760","7253.3","정제수, 프로판다이올, 글리세린, 나이아신아마이드, 비닐다이메티콘, 1,2-헥산다이올, 암모늄아크릴로일다이메틸타우레이트/브이피코폴리머, 다이프로필렌글라이콜, 알란토인, 폴리글리세릴-4카프레이트, 하이드록시아세토페논, 잔탄검, 카프릴릭/카프릭트라이글리세라이드, 폴리글리세릴-10라우레이트, 하이드로제네이티드레시틴, 카보머, 다이포타슘글리시리제이트, 트로메타민, 아데노신, 다이소듐이디티에이, 세라마이드엔피, 옥틸도데칸올, 유채스테롤, 폴리글리세릴-3메틸글루코오스다이스테아레이트, 소듐피씨에이, 세테아릴알코올, 스테아릭애씨드, 올리브오일, 벤토나이트, 양까막까치밥나무씨오일, 해바라기씨오일불검화물, 올리브오일데실에스터, 피토스핑고신, 시트릭애씨드, 사이클로헥실글리세린, 토코페롤, 풍선덩굴꽃/잎/덩굴추출물, 해바라기씨오일, 하이드롤라이즈드익스텐신, 부틸렌글라이콜, 폴리락틱애씨드, 스쿠알란, 세라마이드엔에스, 알로에베라잎추출물, 콜레스테롤, 다이올레오일피지-트라이모늄클로라이드, 소듐디엔에이, 클로렐라 불가리스추출물, 세라마이드에이피, 세라마이드에이에스, 로즈마리잎추출물, 에스에이치-올리고펩타이드-1(0.1 ppm), 씨솔트, 세라마이드이오피"
"A000000229520","[물광리프팅/녹는실리프팅앰플] 성분에디터 실크펩타이드 EGF 하트핏 볼륨 리프팅 앰플 40ml","성분에디터","40.0","40.0","ml","","37000","9250.0","실크수, 부틸렌글라이콜, 정제수, 글리세린, 메틸프로판다이올, 1,2-헥산다이올, 나이아신아마이드, 카보머, 트로메타민, 피피지-13-데실테트라데세스-24, 프로판다이올, 아데노신, 아이리쉬모스가루, 아가, 하이드록시에틸셀룰로오스, 다이소듐이디티에이, 아크릴레이트/C10-30알킬아크릴레이트크로스폴리머, 합성플루오르플로고파이트, 돌콩펩타이드, 베타인, 판테놀, 티타늄디옥사이드, 적색산화철, 마이카, 젤란검, 마그네슘아스코빌포스페이트, 병풀추출물, 하이드롤라이즈드콜라겐, 약모밀추출물, 틴옥사이드, 에틸헥실글리세린, 스쿠알란, 하이드로제네이티드폴리아이소부텐, 벤질글라이콜, 레시틴, 하이드롤라이즈드글라이코사미노글리칸, 소듐하이알루로네이트, 카프릴릴글라이콜, 하이드로제네이티드레시틴, 에스에이치-폴리펩타이드-121, 카프릴릭/카프릭트라이글리세라이드, 소듐팔미토일사코시네이트, 토코페롤, 카페오일헥사펩타이드-65, 소듐하이알루로네이트크로스폴리머, 아세틸글루타민, 헵타소듐헥사카복시메틸다이펩타이드-12, 하이드롤라이즈드하이알루로닉애씨드, 바실러스/폴릭애씨드/돌콩발효추출물, 금, 소듐포스페이트, 콜라겐, 미리스토일펜타펩타이드-17, 미리스토일펜타펩타이드-4, 에스에이치-폴리펩타이드-123, 하이드록시프로필트라이모늄하이알루로네이트, 덱스트란, 벤조익애씨드, 소듐벤조에이트, 하이드롤라이즈드엘라스틴, 팔미토일펜타펩타이드-5, 아세틸테트라펩타이드-3, 카퍼트라이펩타이드-1, 팔미토일펜타펩타이드-4, 아세틸헥사펩타이드-8, 팔미토일테트라펩타이드-7, 에스에이치-데카펩타이드-7, 에스에이치-옥타펩타이드-4, 에스에이치-올리고펩타이드-9, 에스에이치-펜타펩타이드-19, 팔미토일트라이펩타이드-1, 트라이펩타이드-32, 에스알-(올리고펩타이드-91클로스트리듐보툴리눔폴리펩타이드-1), 에스에이치-올리고펩타이드-1, 에스에이치-폴리펩타이드-1, 에스에이치-올리고펩타이드-2, 에스에이치-폴리펩타이드-11, 에스에이치-폴리펩타이드-9, 에스에이치-폴리펩타이드-16, 에스에이치-폴리펩타이드-22, 에스에이치-폴리펩타이드-3, 에스에이치-폴리펩타이드-19, 에스에이치-폴리펩타이드-62, 붉은토끼풀꽃추출물, 하이알루로닉애씨드, 지모뿌리추출물, 소듐아세틸레이티드하이알루로네이트"
"A000000229522","[모공타이트닝앰플/4중모공개선] 성분에디터 그린토마토 NMN 포어 리프팅 앰플 40ml","성분에디터","40.0","40.0","ml","","28000","7000.0","토마토수(680,000 ppm), 정제수, 부틸렌글라이콜, 글리세린, 자일리톨, 1,2-헥산다이올, 다이프로필렌글라이콜, 나이아신아마이드, 니코틴아마이드모노뉴클레오타이드(10,000 ppm), 트레할로오스, 잔탄검, 카보머, 페닐트라이메티콘, 트로메타민, 알란토인, C12-13알케스-9, 폴리메틸실세스퀴옥세인, 소듐시트레이트, 에틸헥실글리세린, 잇꽃꽃추출물, 메틸다이하이드로자스모네이트, 다이포타슘글리시리제이트, 아데노신, 다이소듐이디티에이, 치자추출물, 덱스트린, 토마토추출물(200 ppm), 에틸렌브라실레이트, 글루코노락톤, 판테놀, 2-t-부틸사이클로헥실아세테이트, 칡뿌리추출물, 달맞이꽃꽃추출물, 대왕소나무잎추출물, 당느릅나무뿌리추출물, 피브로넥틴, 니코틴아마이드아데닌다이뉴클레오타이드, 소듐하이알루로네이트, 아데노신트라이포스페이트, 하이드로제네이티드레시틴, 하이드롤라이즈드하이알루로닉애씨드, 하이알루로닉애씨드, 소듐하이알루로네이트크로스폴리머, 하이드록시프로필트라이모늄하이알루로네이트, 하이드로제네이티드폴리아이소부텐, 벤질글라이콜, 세라마이드엔피, 토코페롤, 하이드롤라이즈드엘라스틴, 폴리글리세릴-10라우레이트, 데이지꽃추출물, 수용성프로테오글리칸, 유채스테롤, 토마토즙(0.1 ppm), 토마토열매/잎/줄기추출물(0.1 ppm), 페네틸알코올, 하이드롤라이즈드콜라겐, 라즈베리케톤, 피토스테릴/베헤닐/옥틸도데실라우로일글루타메이트, 콜레스테롤, 라이소레시틴, 올레익애씨드, 글라이코사미노글리칸, 소듐클로라이드, 포타슘포스페이트, 포타슘클로라이드, 다이소듐포스페이트, 하이드롤라이즈드식물성단백질, 지모뿌리추출물, 라이코펜, 콜라겐추출물, 리날릴아세테이트, 에틸리날룰, 유칼립톨, 메틸렌다이옥시페닐메틸프로판알, 헥세닐아세테이트, 2,4-다이메틸-3-사이클로헥신카복스알데하이드, 3-헥센올"
"A000000229523","[잡티미백케어] 성분에디터 머루포도 비타씨 다크 스팟 앰플 40ml","성분에디터","40.0","40.0","ml","","28000","7000.0","포도수(821,000 ppm), 프로판다이올, 1,
2-헥산다이올, 정제수, 나이아신아마이드, 카프릴
릭/카프릭트라이글리세라이드, 트라넥사믹애씨드,
부틸렌글라이콜, 아크릴레이트/C10-30알킬아크
릴레이트크로스폴리머, 트로메타민, 인도멀구슬나
무꽃추출물, 잔탄검, 아이비고드열매추출물, 3-0-
에틸아스코빅애씨드(500 ppm), 하이드로제네이
티드폴리(C6-20올레핀), 아데노신, 포도추출물(35
0 ppm), 다이소듐이디티에이, 알란토인, 에이치디
아이/트라이메틸올헥실락톤크로스폴리머, 포도씨
오일(10 ppm), 콜라겐, 류코노스톡/무발효여과물,
비치스트로베리추출물, 로우스위트블루베리추출물,
소듐하이알루로네이트, 베어베리잎추출물, 서양산
딸기추출물, 시트릭애씨드, 라벤더꽃추출물, 레스
베라트롤, 보리지추출물, 수레국화꽃추출물, 클레
리추출물, 히아신스전초추출물, 마트리카리아꽃추
출물, 백미꽃추출물, 마데카소사이드, 아시아티코
사이드, 에틸헥실글리세린, 하이알루로닉애씨드,
하이드롤라이즈드하이알루로닉애씨드, 하이드록
시프로필트라이모늄하이알루로네이트, 하이드롤
라이즈드소듐하이알루로네이트, 포타슘하이알루
로네이트, 펜틸렌글라이콜, 마데카식애씨드, 소듐
하이알루로네이트크로스폴리머, 아시아틱애씨드,
소듐아세틸레이티드하이알루로네이트"
"A000000229597","닥터멜락신 시멘리트 칼슘 볼륨 앰플 플러스 30ml","닥터멜락신","30.0","30.0","ml","","29800","9933.3","정제수, 프로판다이올, 변성알코올, 나이아신아마이드, 부틸렌글라이콜, 글리세린, 1,2-헥산다이올, 글리세레스-26, 코튼열매수, 다이프로필렌글라이콜, 하이드록시아세토페논, 카보머, 글리세레스-25피씨에이아이소스테아레이트, 맥아추출물, 여주열매추출물, 트로메타민, 셀룰로오스검, 접시꽃추출물, 다이메티콘, 무궁화나무껍질추출물, 에틸헥실글리세린, 아데노신, 소듐글리세로포스페이트, 글리세릴아크릴레이트/아크릴릭애씨드코폴리머, 하이드로제네이티드레시틴, 포타슘마그네슘아스파테이트, 다이소듐이디티에이, 칼슘글루코네이트(120ppm), 마그네슘글루코네이트, 수크로오스팔미테이트, 카카오씨추출물, 하이알루로닉애씨드, 하이드롤라이즈드하이알루로닉애씨드, 폴리글루타믹애씨드, 소듐하이알루로네이트, 덱스트린, 스위트아몬드열매추출물, 흰목이버섯추출물, 타히보껍질추출물, 콜라겐추출물, 하이드롤라이즈드엘라스틴"
"A000000229644","[잡티/미백] 리덴스 톤앤스팟 코렉터 앰플 30ml","리덴스","30.0","30.0","ml","22900","17900","5966.7","정제수, 부틸렌글라이콜, 나이아신아마이드, 글리세린, 하이드로제네이티드폴리데센, 다이프로필렌글라이콜, 옥틸도데칸올, 프로판다이올, 1,2-헥산다이올, 락토바실러스발효물, 세테아릴올리베이트, 하이드록시아세토페논, 솔비탄올리베이트, 카보머, 트로메타민, 아이비고드열매추출물, 한련초추출물, 펜틸렌글라이콜, 에틸헥실글리세린, 아크릴레이트/C10-30알킬아크릴레이트크로스폴리머, 아데노신, 비파나무잎추출물, 다이소듐이디티에이, 마데카소사이드, 인도멀구슬나무꽃추출물, 홀리바질잎추출물, 데실글루코사이드, 서인도체리열매추출물, 스피어민트추출물, 티옥틱애씨드, 인도멀구슬나무잎추출물, 판테놀, 카프릴릴글라이콜, 울금뿌리추출물, 참산호말추출물, 소듐하이알루로네이트, 하이알루로닉애씨드, 하이드롤라이즈드하이알루로닉애씨드, 글루타티온, 카프릴릭/카프릭트라이글리세라이드, 하이드로제네이티드레시틴, 아스코빅애씨드, 브로멜라인, 에피갈로카테킨갈레이트, 헤스페리딘, 토코페롤, 해바라기씨오일, 비타민나무열매추출물, 폴리글리세릴-10올리에이트, 소듐디엔에이, 아세틸헥사펩타이드-8, 하이드록시데실유비퀴논"
"A000000229951","[에스테틱모공토너] 클랍 파워이펙트 앰플 토닉 250ml","클랍","250.0","250.0","ml","59000","51000","2040.0","정제수, 프로필렌글라이콜, 폴리솔베이트20, 쐐기풀잎추출물, 펜틸렌글라이콜, 글리세린, 에틸헥실글리세린, 부틸렌글라이콜, 소듐시트레이트, 시트릭애씨드, 다이메틸페네틸아세테이트, 페녹시에탄올, 테트라메틸아세틸옥타하이드로나프탈렌, 벤질살리실레이트, 향료"
"A000000229952","[독일1위앰플] 클랍 30데이 안티에이징 앰플 프로그램","클랍","","","","165000","95000","","클리어링 액티브 컨센트레이트
정제수, 부틸렌글라이콜, 피이지-7글리세릴코코에이트, 펜틸렌글라이콜, 피이지-40하이드로제네이티드캐스터오일, 트라이데세스-9, 판테놀, 말굽잔나비버섯추출물, 나이아신아마이드, 하이드롤라이즈드효모단백질, 트레오닌, 알란토인, 바이오틴, 하이드롤라이즈드밀글루텐, 캐롭검, 향료, 잔탄검, 프로필렌글라이콜, 페녹시에탄올, 테트라소듐글루타메이트다이아세테이트, 에틸헥실글리세린, 다이소듐포스페이트, 피리독신에이치씨엘, 글리세린, 락틱애씨드, 시트릭애씨드, 소듐하이드록사이드, 포타슘솔베이트, 아밀신남알, 하이드록시시트로넬알, 쿠마린, 제라니올, 리날룰, 시트로넬올, 헥실신나몰, 소듐덱스트란설페이트, 시트랄, 리모넨 

베타 글루칸 액티브 컨센트레이트
정제수, 알로에베라잎즙, 펜틸렌글라이콜, 부틸렌글라이콜, 판테놀, 바이오사카라이드검-4, 알파-글루칸올리고사카라이드, 소듐카복시메틸베타-글루칸(2,000,000ppb), 알진, 잔탄검, 소듐락테이트, 프로판다이올, 페녹시에탄올, 테트라소듐글루타메이트다이아세테이트, 에틸헥실글리세린, 시트릭애씨드, 소듐하이드록사이드, 포타슘솔베이트, 소듐벤조에이트 

임문 액티브 컨센트레이트
정제수, 부틸렌글라이콜, 프로필렌글라이콜,펜틸렌글라이콜,피이지-7글리세릴코코에이트,팔미토일트라이펩타이드-1,팔미토일테트라펩타이드-7,리마콩씨추출물,발린,트레오닌,루틴,레시틴,아데노신,글라이코프로테인,글루타믹애씨드,트라이데세스-9,피이지-40하이드로제네이티드캐스터오일,잔탄검,소듐락테이트,향료,페녹시에탄올,에틸헥실글리세린,테트라소듐글루타메이트다이아세테이트,세틸하이드록시에틸셀룰로오스,소듐하이드록사이드,소듐클로라이드,소듐설페이트,적색40호,제라니올,리날룰,시트로넬올,리모넨,락틱애씨드,카프릴릴글라이콜,1,2-헥산다이올,다이포타슘포스페이트,하이드록시시트로넬알 

쿠퍼로즈 액티브 컨센트레이트
정제수, 프로필렌글라이콜, 부틸렌글라이콜, 펜틸렌글라이콜, 피이지-7글리세릴코코에이트, 판테놀, 폴리고나툼 물티플로룸뿌리줄기/뿌리추출물, 아르니카 몬타나꽃추출물, 솔잣나무씨추출물, 트라이데세스-9, 피이지-40하이드로제네이티드캐스터오일, 향료, 잔탄검, 소듐락테이트, 에틸헥실글리세린, 페녹시에탄올, 테트라소듐글루타메이트다이아세테이트, 시트릭애씨드, 소듐하이드록사이드, 아밀신남알, 하이드록시시트로넬알, 쿠마린, 제라니올, 리날룰, 시트로넬올, 리모넨 

하이드로 액티브 컨센트레이트
정제수, 프로필렌글라이콜, 부틸렌글라이콜, 펜틸렌글라이콜, 피이지-7글리세릴코코에이트, 사탕무뿌리추출물, 하이드롤라이즈드옥수수전분, 소듐하이알루로네이트, 세린, 우레아, 솔비톨, 알란토인, 트라이데세스-9, 피이지-40하이드로제네이티드캐스터오일, 소듐락테이트, 잔탄검, 글리세린, 향료, 에틸헥실글리세린, 페녹시에탄올, 테트라소듐글루타메이트다이아세테이트, 락틱애씨드, 소듐클로라이드, 소듐하이드록사이드, 소듐설페이트, 청색1호, 황색203호, 제라니올, 리날룰, 시트로넬올, 리모넨, 아밀신남알, 하이드록시시트로넬알, 쿠마린 

익스트림 오투 액티브 컨센트레이트
정제수, 프로필렌글라이콜, 변성알코올, 은행나무잎추출물, 하이드롤라이즈드잔토모나스 캠페스트리스폴리사카라이드, 글루코오스, 아데노신, 레시틴, 글리세린, 부틸렌글라이콜, 향료, 락틱애씨드, 소듐클로라이드, 소듐설페이트, 소듐벤조에이트, 포타슘솔베이트, 청색1호, 하이드록시시트로넬알, 제라니올, 리날룰, 시트로넬올, 알파-아이소메틸아이오논 

프리벤트 씨 액티브 컨센트레이트
정제수, 프로필렌글라이콜, 부틸렌글라이콜, 펜틸렌글라이콜, 테르무스 테르모필루스발효물, 아스코빌팔미테이트, 토코페롤, 레티닐팔미테이트, 레시틴, 트라이데세스-9, 피이지-40하이드로제네이티드캐스터오일, 잔탄검, 에탄올, 향료, 글리세린, 포타슘솔베이트, 소듐벤조에이트, 피이지-75시어버터글리세라이즈, 포타슘포스페이트, 페녹시에탄올, 다이소듐이디티에이, 황색5호, 제라니올, 리날룰, 시트로넬올, 리모넨, 시트릭애씨드, 하이드록시시트로넬알 

비타민 에이 액티브 컨센트레이트
정제수, 부틸렌글라이콜, 피이지-7글리세릴코코에이트, 펜틸렌글라이콜, 트라이데세스-9, 피이지-40하이드로제네이티드캐스터오일, 판테놀, 레티닐팔미테이트(4,990,000ppb), 해바라기씨오일, 포스포리피드, 소듐하이알루로네이트, 스핑고리피드, 락토오스, 우유단백질, 비피다발효용해물, 토코페롤, 레시틴, 잔탄검, 프로필렌글라이콜, 향료, 포타슘솔베이트, 소듐벤조에이트, 시트릭애씨드, 소듐시트레이트, 다이소듐이디티에이, 황색203호, 락틱애씨드, 제라니올, 리날룰, 시트로넬올, 리모넨, p-아니식애씨드, 페네틸알코올, 하이드록시시트로넬알 

리프트 액티브 컨센트레이트
정제수, 부틸렌글라이콜, 펜틸렌글라이콜, 피이지-7글리세릴코코에이트, 글리세린, 트라이데세스-9, 피이지-40하이드로제네이티드캐스터오일, 풀루란, 알테로모나스발효추출물, 레시틴, 하이드롤라이즈드밀글루텐, 아데노신, 캐롭검, 잔탄검, 향료, 소듐락테이트, 에틸헥실글리세린, 프로필렌글라이콜, 페녹시에탄올, 테트라소듐글루타메이트다이아세테이트, 소듐덱스트란설페이트, 시트릭애씨드, 소듐하이드록사이드, 하이드록시시트로넬알, 제라니올, 리날룰, 시트로넬올, 리모넨 

씨엘룰라 액티브 컨센트레이트
정제수, 펜틸렌글라이콜, 피이지-40하이드로제네이티드캐스터오일, 프로필렌글라이콜, 글리세린, 글리세릴폴리메타크릴레이트, 아보카도오일, 락토오스, 팔미토일트라이펩타이드-1, 유청단백질, 이미다졸리디닐우레아, 트라이데세스-9, 잔탄검, 향료, 락틱애씨드, 소듐하이드록사이드, 다이소듐이디티에이, 제라니올, 리날룰, 시트로넬올, 리모넨, 소듐락테이트, 아밀신남알, 하이드록시시트로넬알, 쿠마린 

핫 초코라떼 액티브 컨센트레이트
정제수, 펜틸렌글라이콜, C12-15파레스-12, 카페인, 카카오추출물, 글리세린, 잔탄검, 프로판다이올, 향료, 다이소듐이디티에이, 카라멜, 소듐하이드록사이드, 포타슘솔베이트, 소듐벤조에이트 

캐비어 액티브 컨센트레이트
정제수, 프로필렌글라이콜, 펜틸렌글라이콜, 캐비아추출물(2,000,000ppb), 잔탄검, 소듐락테이트, 에틸헥실글리세린, 페녹시에탄올, 테트라소듐글루타메이트다이아세테이트, 소듐하이드록사이드 

피티에스씨 액티브 컨센트레이트
정제수, 부틸렌글라이콜, 글리세린, 펜틸렌글라이콜, 프로판다이올, 사과세포배양추출물, 락로즈꽃/잎/줄기추출물, 돌외잎/줄기추출물, 팔미토일트라이펩타이드-1, 팔미토일테트라펩타이드-7, 리마콩씨추출물, 소듐하이알루로네이트, 레시틴, 잔탄검, 소듐락테이트, 에틸헥실글리세린, 페녹시에탄올, 테트라소듐글루타메이트다이아세테이트, 글루타민, 데실글루코사이드, 세틸하이드록시에틸셀룰로오스, 페네틸알코올, 루틴, 소듐하이드록사이드, 락틱애씨드, 다이포타슘포스페이트"
"A000000229964","플로디카 인투더 워터홀 앰플 50ml","플로디카","50.0","50.0","ml","","34000","6800.0","정제수, 프로판다이올, 글리세린, 1,2-헥산다이올, 부틸렌글라이콜, 베타인, 연꽃캘러스배양추출물, 요엽후박나무껍질추출물, 하이드로제네이티드레시틴, 소듐하이알루로네이트, C9-12알케인, 다이에톡시에틸석시네이트, 카프릴릭/카프릭트라이글리세라이드, 카프릴릴메티콘, 폴리글리세릴-4카프레이트, 아크릴레이트/C10-30알킬아크릴레이트크로스폴리머, 폴리실리콘-11, 트로메타민, 다이포타슘글리시리제이트, 다이프로필렌글라이콜, 소듐폴리아크릴레이트, 글리세릴아크릴레이트/아크릴릭애씨드코폴리머, 베타-글루칸, 연꽃잎세포배양가루, 다이메틸실란올하이알루로네이트, 하이드롤라이즈드소듐하이알루로네이트, 하이드롤라이즈드하이알루로닉애씨드, 소듐하이알루로네이트다이메틸실란올, 소듐하이알루로네이트크로스폴리머, 포타슘하이알루로네이트, 하이드록시프로필트라이모늄하이알루로네이트, 하이알루로닉애씨드, 소듐아세틸레이티드하이알루로네이트, 하이드록시아세토페논"
"A000000230076","[붓기DOWN/진정UP] 더후 비첩 순환 에센스 30ml 기획(+에센스 10ml+폼 40ml)","더후","30.0","80.0","ml","35000","30300","3787.5","[본품-순환 에센스]
정제수, 2,3-부탄다이올, 변성알코올, 글리세린, 1,2-헥산다이올, 아이소펜틸다이올, 부틸렌글라이콜, 판테놀, 펜틸렌글라이콜, 카보머, 하이드록시프롤린, 만니톨, 바틸알코올, 스테아릭애씨드, 하이드로제네이티드레시틴, 아크릴레이트/C10-30알킬아크릴레이트크로스폴리머, 시로미열매즙, 쉘락, 하이드록시페닐프로파미도벤조익애씨드, 카프릴릭/카프릭트라이글리세라이드, 덱스트린, 카카오씨추출물, 흰목이버섯폴리사카라이드, 다이프로필렌글라이콜, 레시틴, 소듐다이라우미도글루타미드라이신, 베타인, 트레할로오스, 트록세루틴, 천문동뿌리추출물, 알지닌, 참마뿌리추출물, 스페인감초뿌리추출물, 각시둥굴레뿌리줄기/뿌리추출물, 하수오뿌리추출물, 인삼추출물, 참당귀뿌리추출물, 밀리타리스동충하초추출물, 동충하초추출물, 니코틴아마이드아데닌다이뉴클레오타이드, 애기부들이삭추출물, 산수유열매추출물, 글루타믹애씨드, 타임추출물, 작약뿌리추출물, 하이드록시에틸피페라진에탄설포닉애씨드, 육계나무껍질추출물, 소듐글루타메이트, 소엽맥문동뿌리추출물, 토코페롤, 황금추출물, 삽주뿌리줄기추출물, 대추추출물, 아스코빌팔미테이트, 글리시레티닉애씨드, 방풍뿌리추출물, 생강추출물, 홍삼추출물, 소듐디엔에이, 포타슘아스파테이트, 소나무잎추출물, 호장근뿌리추출물, 아스파라진, 비오틴/폴릭애씨드/시아노코바라민/니아신아마이드/판토테닉애씨드/피리독신/리보플라빈/티아민/효모폴리펩테이드, 글루타민, 포타슘솔베이트, 프롤린, 트립토판, 알라닌, 지황뿌리추출물, 글라이신, 쿼세틴, 피토스테롤, 트레오닌, 글라이코프로테인, 콜레스테롤, 라이신, 세린, 소듐스테아로일글루타메이트, 솔비탄올리에이트, 구기자추출물, 오미자추출물, 류신, 페닐알라닌, 타이로신, 발린, 영지버섯추출물, 아세틸헥사펩타이드-8, 카퍼트라이펩타이드-1, 히스티딘, 아이소류신, 올리고펩타이드-1, 올리고펩타이드-2, 효모추출물, 에틸헥실글리세린, 복령균핵추출물, 황기뿌리추출물, 귤껍질추출물, 효모발효여과물, 트로메타민, 트라이소듐이디티에이, 티타늄디옥사이드 (CI 77891), 실리카, 황색산화철, 크로뮴하이드록사이드그린, 향료, 제라니올, 리날룰, 리모넨, 벤질벤조에이트

[증정-자생 에센스]
정제수,글리세린,다이프로필렌글라이콜,피이지/피피지/폴리부틸렌글라이콜-8/5/3글리세린,글리세릴폴리메타크릴레이트,다이메티콘,1,2-헥산다이올,부틸렌글라이콜,판테놀,피이지-150,페닐트라이메티콘,프로필렌글라이콜,폴리메틸실세스퀴옥세인,하이드로제네이티드레시틴,하이드록시프롤린,폴리솔베이트60,C14-22알코올,스쿠알란,세라마이드엔피,트로메타민,마카다미아씨오일,트라이에틸헥사노인,카보머,알란토인,피이지-10레이프씨드스테롤,아라키딜글루코사이드,시어버터,다이메티콘올,소듐폴리아크릴레이트,글리세릴스테아레이트,아크릴레이트/C10-30알킬아크릴레이트크로스폴리머,시로미열매즙,마이카,바이오사카라이드검-1,스테아릭애씨드,토코페롤,티타늄디옥사이드(CI77891),콜레스테롤,피이지-100스테아레이트,베타-글루칸,글리세레스-20,폴리우레탄-15,트라이소듐이디티에이,적색산화철,돌콩오일,베타인,니코틴아마이드아데닌다이뉴클레오타이드,트레할로오스,천문동뿌리추출물,글리시레티닉애씨드,에틸헥실글리세린,다이메티콘/비닐다이메티콘크로스폴리머,펜틸렌글라이콜,소듐락테이트,알지닌,참마뿌리추출물,스페인감초뿌리추출물,각시둥굴레뿌리줄기/뿌리추출물,하수오뿌리추출물,참당귀뿌리추출물,인삼추출물,쿼세틴,아모다이메티콘,밀리타리스동충하초추출물,동충하초추출물,다이소듐이디티에이,피토스테롤,폴리솔베이트20,소듐하이드록사이드,애기부들이삭추출물,글루타믹애씨드,산수유열매추출물,타임추출물,하이드록시에틸피페라진에탄설포닉애씨드,소듐스테아로일글루타메이트,솔비탄올리에이트,육계나무껍질추출물,작약뿌리추출물,소듐글루타메이트,소엽맥문동뿌리추출물,황금추출물,삽주뿌리줄기추출물,방풍뿌리추출물,생강추출물,대추추출물,홍삼추출물,소듐디엔에이,포타슘아스파테이트,트립토판,아스파라진,비오틴/폴릭애씨드/시아노코바라민/니아신아마이드/판토테닉애씨드/피리독신/리보플라빈/티아민/효모폴리펩테이드,글루타민,포타슘솔베이트,프롤린,알라닌,글라이신,트레오닌,글라이코프로테인,라이신,세린,지황뿌리추출물,알부틴,발린,류신,페닐알라닌,타이로신,올리고펩타이드-1,아세틸헥사펩타이드-8,카퍼트라이펩타이드-1,영지버섯추출물,올리고펩타이드-2,아이소류신,히스티딘,팔미토일트라이펩타이드-1,올리고펩타이드-4,팔미토일테트라펩타이드-7,하이드롤라이즈드콩단백질,복령균핵추출물,히스티딘에이치씨엘,메티오닌,이노시톨,시스틴,폴릭애씨드,나이아신아마이드,피리독신에이치씨엘,티아민에이치씨엘,칼슘판토테네이트,바이오틴,리보플라빈,사이아노코발아민,향료,제라니올,리날룰,리모넨,벤질벤조에이트,하이드록시시트로넬알,시트로넬올

[증정-클렌징폼]
글리세린,정제수,미리스틱애씨드,부틸렌글라이콜,포타슘하이드록사이드,라우릭애씨드,팔미틱애씨드,스테아릭애씨드,포타슘코코일글리시네이트,글리세릴스테아레이트,피이지-100스테아레이트,향료,글라이콜스테아레이트,피피지-3카프릴릴에터,코카미도프로필베타인,글라이콜다이스테아레이트,솔비탄올리베이트,마이카,1,2-헥산다이올,하이드레이티드실리카,피이지-40하이드로제네이티드캐스터오일,티타늄디옥사이드(CI77891),소듐클로라이드,트라이소듐이디티에이,폴리쿼터늄-7,잇꽃꽃추출물,덱스트린,하이드롤라이즈드하이알루로닉애씨드,틴옥사이드,세린,천궁뿌리추출물,팥추출물,하늘타리뿌리추출물,비누풀잎추출물,무환자추출물,천문동뿌리추출물,창포뿌리추출물,동아씨추출물,지황뿌리추출물,알지닌,산수유열매추출물,참당귀뿌리추출물,타임추출물,글루타믹애씨드,글라이코프로테인,영지버섯추출물,에틸헥실글리세린,리날룰,제라니올,리모넨,시트로넬올,벤질살리실레이트,벤질벤조에이트"
"A000000230367","[광채탄력] 클리어디어 뮤신 콜라겐 볼류밍 크림 앰플 4ml 2개입","클리어디어","4.0","8.0","ml","27000","20300","25375.0","정제수, 하이드로제네이티드폴리데센, 아이소노닐아이소노나노에이트, 부틸렌글라이콜, 폴리글리세릴-4올리에이트, 나이아신아마이드, 폴리글리세릴-6올리에이트, 폴리하이드록시스테아릭애씨드, 마그네슘설페이트, 솔비탄세스퀴올리에이트, 오크라열매추출물, 다이프로필렌글라이콜, 하이드록시아세토페논, 카프릴릴글라이콜, 에틸헥실글리세린, 아데노신, 다이소듐이디티에이, 1,2-헥산다이올, 판테놀, 아텔로콜라겐(70ppm), 데사미도콜라겐(67ppm), 하이드롤라이즈드콜라겐(37ppm), 수용성콜라겐(12ppm), 콜라겐(7ppm), 콜라겐아미노산(6ppm), 프로콜라겐(1ppm), 다이포타슘글리시리제이트, 참마뿌리추출물, 에델바이스캘러스배양추출물, 말토덱스트린, 토코페롤, 연꽃뿌리추출물, 스트로브잣나무껍질추출물, 카퍼트라이펩타이드-1, 다이펩타이드-2, 글루타티온, 올리고펩타이드-1, 팔미토일펜타펩타이드-4, 트라이펩타이드-1"
"A000000230576","[피부 고민별 관리] 클랍 파워 이펙트 5-스텝 트리트먼트 (2ml*5) 4종 택1","클랍","2.0","2.0","ml","35000","21900","109500.0","[클랍 파워 이펙트 5-스텝 리프팅 트리트먼트 (2ml*5)]
파워 이펙트 리프트 액티브 컨센트레이트
정제수, 부틸렌글라이콜, 펜틸렌글라이콜, 피이지-7글리세릴코코에이트, 글리세린, 트라이데세스-9, 피이지-40하이드로제네이티드캐스터오일, 풀루란, 알테로모나스발효추출물, 레시틴, 하이드롤라이즈드밀글루텐, 아데노신, 캐롭검, 잔탄검, 향료, 소듐락테이트, 에틸헥실글리세린, 프로필렌글라이콜, 페녹시에탄올, 테트라소듐글루타메이트다이아세테이트, 소듐덱스트란설페이트, 시트릭애씨드, 소듐하이드록사이드, 하이드록시시트로넬알, 제라니올, 리날룰, 시트로넬올, 리모넨 

파워 이펙트 씨엘룰라 액티브 컨센트레이트
정제수, 펜틸렌글라이콜, 피이지-40하이드로제네이티드캐스터오일, 프로필렌글라이콜, 글리세린, 글리세릴폴리메타크릴레이트, 아보카도오일, 락토오스, 팔미토일트라이펩타이드-1, 유청단백질, 이미다졸리디닐우레아, 트라이데세스-9, 잔탄검, 향료, 락틱애씨드, 소듐하이드록사이드, 다이소듐이디티에이, 제라니올, 리날룰, 시트로넬올, 리모넨, 소듐락테이트, 아밀신남알, 하이드록시시트로넬알, 쿠마린 

파워 이펙트 핫 초코라떼 액티브 컨센트레이트
정제수, 펜틸렌글라이콜, C12-15파레스-12, 카페인, 카카오추출물, 글리세린, 잔탄검, 프로판다이올, 향료, 다이소듐이디티에이, 카라멜, 소듐하이드록사이드, 포타슘솔베이트, 소듐벤조에이트

[클랍 파워 이펙트 5-스텝 브라이트닝 트리트먼트 (2ml*5)]
파워 이펙트 프리벤트씨 액티브 컨센트레이트
정제수, 프로필렌글라이콜, 부틸렌글라이콜, 펜틸렌글라이콜, 테르무스 테르모필루스발효물, 아스코빌팔미테이트, 토코페롤, 레티닐팔미테이트, 레시틴, 트라이데세스-9, 피이지-40하이드로제네이티드캐스터오일, 잔탄검, 에탄올, 향료, 글리세린, 포타슘솔베이트, 소듐벤조에이트, 피이지-75시어버터글리세라이즈, 포타슘포스페이트, 페녹시에탄올, 다이소듐이디티에이, 황색5호, 제라니올, 리날룰, 시트로넬올, 리모넨, 시트릭애씨드, 하이드록시시트로넬알 

파워 이펙트 쿠퍼로즈 액티브 컨센트리에트
정제수, 프로필렌글라이콜, 부틸렌글라이콜, 펜틸렌글라이콜, 피이지-7글리세릴코코에이트, 판테놀, 폴리고나툼 물티플로룸뿌리줄기/뿌리추출물, 아르니카 몬타나꽃추출물, 솔잣나무씨추출물, 트라이데세스-9, 피이지-40하이드로제네이티드캐스터오일, 향료, 잔탄검, 소듐락테이트, 에틸헥실글리세린, 페녹시에탄올, 테트라소듐글루타메이트다이아세테이트, 시트릭애씨드, 소듐하이드록사이드, 아밀신남알, 하이드록시시트로넬알, 쿠마린, 제라니올, 리날룰, 시트로넬올, 리모넨

[클랍 파워 이펙트 5-스텝 얼티메이트 수딩 트리트먼트 (2ml*5)]
파워 이펙트 베타 글루칸 액티브 컨센트레이트
정제수, 알로에베라잎즙, 펜틸렌글라이콜, 부틸렌글라이콜, 판테놀, 바이오사카라이드검-4, 알파-글루칸올리고사카라이드, 소듐카복시메틸베타-글루칸(2,000,000ppb), 알진, 잔탄검, 소듐락테이트, 프로판다이올, 페녹시에탄올, 테트라소듐글루타메이트다이아세테이트, 에틸헥실글리세린, 시트릭애씨드, 소듐하이드록사이드, 포타슘솔베이트, 소듐벤조에이트 

파워 이펙트 임문 액티브 컨센트레이트
정제수,부틸렌글라이콜,프로필렌글라이콜,펜틸렌글라이콜,피이지-7글리세릴코코에이트,팔미토일트라이펩타이드-1,팔미토일테트라펩타이드-7,리마콩씨추출물,발린,트레오닌,루틴,레시틴,아데노신,글라이코프로테인,글루타믹애씨드,트라이데세스-9,피이지-40하이드로제네이티드캐스터오일,잔탄검,소듐락테이트,향료,페녹시에탄올,에틸헥실글리세린,테트라소듐글루타메이트다이아세테이트,세틸하이드록시에틸셀룰로오스,소듐하이드록사이드,소듐클로라이드,소듐설페이트,적색40호,제라니올,리날룰,시트로넬올,리모넨,락틱애씨드,카프릴릴글라이콜,1,2-헥산다이올,다이포타슘포스페이트,하이드록시시트로넬알 

파워 이펙트 프리벤트씨 액티브 컨센트레이트
정제수, 프로필렌글라이콜, 부틸렌글라이콜, 펜틸렌글라이콜, 테르무스 테르모필루스발효물, 아스코빌팔미테이트, 토코페롤, 레티닐팔미테이트, 레시틴, 트라이데세스-9, 피이지-40하이드로제네이티드캐스터오일, 잔탄검, 에탄올, 향료, 글리세린, 포타슘솔베이트, 소듐벤조에이트, 피이지-75시어버터글리세라이즈, 포타슘포스페이트, 페녹시에탄올, 다이소듐이디티에이, 황색5호, 제라니올, 리날룰, 시트로넬올, 리모넨, 시트릭애씨드, 하이드록시시트로넬알

[클랍 파워 이펙트 5-스텝 익스트림 하이드레이팅 트리트먼트 (2ml*5)]
파워 이펙트 프리벤트씨 액티브 컨센트레이트
정제수, 프로필렌글라이콜, 부틸렌글라이콜, 펜틸렌글라이콜, 테르무스 테르모필루스발효물, 아스코빌팔미테이트, 토코페롤, 레티닐팔미테이트, 레시틴, 트라이데세스-9, 피이지-40하이드로제네이티드캐스터오일, 잔탄검, 에탄올, 향료, 글리세린, 포타슘솔베이트, 소듐벤조에이트, 피이지-75시어버터글리세라이즈, 포타슘포스페이트, 페녹시에탄올, 다이소듐이디티에이, 황색5호, 제라니올, 리날룰, 시트로넬올, 리모넨, 시트릭애씨드, 하이드록시시트로넬알 

파워 이펙트 익스트림 오투 액티브 컨센트레이트
정제수, 프로필렌글라이콜, 변성알코올, 은행나무잎추출물, 하이드롤라이즈드잔토모나스 캠페스트리스폴리사카라이드, 글루코오스, 아데노신, 레시틴, 글리세린, 부틸렌글라이콜, 향료, 락틱애씨드, 소듐클로라이드, 소듐설페이트, 소듐벤조에이트, 포타슘솔베이트, 청색1호, 하이드록시시트로넬알, 제라니올, 리날룰, 시트로넬올, 알파-아이소메틸아이오논"
"A000000230765","[30초진정/장벽케어] 유세린 울트라센시티브 리페어 세럼 30ml","유세린","30.0","30.0","ml","52000","32900","10966.7","정제수,글리세린,판테놀,옥틸도데칸올,잔탄검,하이드록시아세토페논 ,펜틸렌글라이콜,카프릴릴글라이콜,엑토인,글리세릴스테아레이트에스이,에틸헥실글리세린,4-t-부틸사이클로헥산올,소듐하이알루로네이트,소듐스테아로일글루타메이트,시트릭애씨드,토코페롤"
"A000000231062","[피부결/흔적개선] 메디테라피 레티날 스킨 부스터 세럼 150ml","메디테라피","150.0","150.0","ml","24900","23900","1593.3","정제수, 메틸프로판다이올, 글리세린, 카프릴릭/카프릭트라이글리세라이드, 1,2-헥산다이올, 프로판다이올, 폴리글리세린-3, 나이아신아마이드, 페닐트라이메티콘, 암모늄아크릴로일다이메틸타우레이트/브이피코폴리머, 부틸렌글라이콜, 소듐아크릴릭애씨드/엠에이코폴리머, 펜타에리스리틸테트라-다이-t-부틸하이드록시하이드로신나메이트, 잔탄검, 마카다미아씨오일, 하이드로제네이티드레시틴, 에틸헥실글리세린, 아데노신, 카보머, 다이소듐이디티에이, 트로메타민, 폴리글리세릴-10라우레이트, 소듐하이알루로네이트, 콜레스테롤, 토코페롤, 유채스테롤, 레틴알(100ppm), 아스코빌테트라이소팔미테이트, 실버위드추출물, 카프릴릴글라이콜, 알루미늄/마그네슘하이드록사이드스테아레이트, 폴리쿼터늄-51, 아티초크잎추출물, 귀리커넬추출물, 베타-글루칸, 포타슘세틸포스페이트, 녹차수, 카바카바잎/뿌리/줄기추출물, 소듐아스코빌포스페이트, 병풀추출물, 무화과추출물, 세라마이드엔피, 병풀잎추출물, 효모발효물, 병풀뿌리추출물, 카놀라오일, 미리스틸알코올, 피씨에이, 아세틸헥사펩타이드-1, 아시아티코사이드, 마데카소사이드, 당근씨오일, 비피다발효용해물, 락토바이오닉애씨드, 당근추출물, 토코페릴아세테이트, 베타-카로틴, 해바라기씨오일, 판테놀, 호장근뿌리추출물, 수크로오스다이스테아레이트, 하이드록시프로필사이클로덱스트린, 마데카식애씨드, 아시아틱애씨드"
"A000000231089","[NEW/수분광채] 웰라쥬 하이퍼 PDRN 리페어 앰플 30ml","웰라쥬","30.0","30.0","ml","","30000","10000.0","전성분 정제수, 글리세린, 부틸렌글라이콜, 메틸프로판다이올, 1,2-헥산다이올, 마카다미아씨오일, 소듐하이알루로네이트, 시어버터, 수용성콜라겐, 스쿠알란, 펜틸렌글라이콜, 폴리글리세릴-10라우레이트, 아크릴레이트/C10-30알킬아크릴레이트크로스폴리머, 하이드로제네이티드레시틴, 소듐폴리아크릴로일다이메틸타우레이트, 트로메타민, 에틸헥실글리세린, 다이포타슘글리시리제이트, 하이드록시에틸셀룰로오스, 소듐피씨에이, 소듐폴리아크릴레이트, 아데노신, 글리세릴아크릴레이트/아크릴릭애씨드코폴리머, 하이드로제네이티드폴리데센, 폴리글리세릴-3메틸글루코오스다이스테아레이트, 소듐디엔에이(100.1ppm), 판테놀, 프로판다이올, 소듐파이테이트, 베타-글루칸, C12-13알케스-9, 토코페롤"
"A000000231117","[다이노탱 에디션][대용량] 더페이스샵 올티밋 나이아신아마이드 10% 세럼 50ml","더페이스샵","50.0","50.0","ml","23000","11500","2300.0","정제수, 나이아신아마이드(10 %), 부틸렌글라이콜, 프로판다이올, 판테놀, 비스-피이지-18메틸에터다이메틸실레인, 1,2-헥산다이올, 카페인, 폴리솔베이트20, 글라이코실트레할로오스, 트록세루틴, 하이드로제네이티드스타치하이드롤리세이트, 사코신, 알란토인, 폴리아크릴레이트크로스폴리머-6, 펜틸렌글라이콜, 잔탄검, 아데노신, 다이소듐이디티에이, 세린, 알지닌, 하이드록시페닐프로파미도벤조익애씨드, 시트릭애씨드, 토코페롤, 아스코빌팔미테이트"
"A000000231366","[5분요철진정] 아로셀 시카 리페어 판테놀 앰플 40ml","아로셀","40.0","40.0","ml","32000","23800","5950.0","병풀잎수(728,334.2ppm), 부틸렌글라이콜, 정제수, 프로판다이올, 글리세린, 1,2-헥산다이올, 나이아신아마이드, 판테놀(10,500ppm), 하이드록시아세토페논, 글리세레스-25피씨에이아이소스테아레이트, 트로메타민, 아크릴레이트/C10-30알킬아크릴레이트크로스폴리머, 카보머, 에틸헥실글리세린, 병풀추출물(500.5ppm), 옥수수커넬추출물, 아데노신, 프룩탄, 다이소듐이디티에이, 티트리잎오일, 하이드롤라이즈드하이알루로닉애씨드, 하이알루로닉애씨드, 소듐하이알루로네이트, 락토바실러스발효물, 인도멀구슬나무잎추출물, 알루미늄수크로오스옥타설페이트, 인도멀구슬나무꽃추출물, 소듐아세틸레이티드하이알루로네이트, 알란토인, 카프릴로일살리실릭애씨드, 마데카소사이드, 아시아틱애씨드, 아시아티코사이드, 마데카식애씨드, 병풀캘러스세포외소포(10ppm), 글루코노락톤, 글루코오스, 아이소헥사데칸, 소듐디엔에이, 폴리글리세릴-10스테아레이트, 솔비탄라우레이트, 커먼자스민추출물, 흰버드나무껍질추출물, 가지열매추출물, 쇠비름추출물, 달맞이꽃꽃추출물, 대왕소나무잎추출물, 칡뿌리추출물, 당느릅나무뿌리추출물, 다이메틸실란올하이알루로네이트, 하이드롤라이즈드소듐하이알루로네이트, 포타슘하이알루로네이트, 하이드록시프로필트라이모늄하이알루로네이트, 소듐하이알루로네이트크로스폴리머, 소듐하이알루로네이트다이메틸실란올"
"A000000231454","[NEW/겉뽀속촉] 스킨푸드 피치뽀송 징크피씨에이 에센스 50ml","스킨푸드","50.0","50.0","ml","27000","18300","3660.0","정제수, 부틸렌글라이콜, 글리세린, 소듐아크릴레이트크로스폴리머-2, 1,2-헥산다이올, 나이아신아마이드, 글리세레스-25피씨에이아이소스테아레이트, 알지닌, 카보머, 판테놀, 에틸헥실글리세린,  트라이소듐에틸렌다이아민다이석시네이트, 향료, 레몬머틀잎추출물, 복숭아추출물(100ppm), 밤껍질추출물, 병풀추출물, 야생딸기잎추출물, 라벤더꽃추출물, 징크피씨에이(10 ppm), 달맞이꽃꽃추출물, 대왕소나무잎추출물, 칡뿌리추출물, 당느릅나무뿌리추출물, 칼라민, 애플민트잎추출물, 녹차추출물, 타임추출물"
"A000000231799","[잡티컷세럼/미백] 엑시스와이 잡티케어 글로우 세럼 50ml","엑시스와이","50.0","50.0","ml","25000","20430","4086.0","정제수, 글리세린, 나이아신아마이드, 프로판다이올, 부틸렌글라이콜, 에리스리톨, 소듐하이알루로네이트, 스쿠알란, 하이드로제네이티드 올리브오일불검화물, 쌀겨추출물, 포트마리골드추출물, 파파야열매추출물, 미타민나무열매추출물, 아세로라추출물, 폴리글리세릴-10라우레이트, 클로페네신, 알지닌, 에틸헥실글리세린, 카보머, 글루타티온, 1,2-핵산다이올, 하이드록시프로필사이클로덱스트린, 다이소듐이디티에이, 하이드록시에틸셀룰로오스, 알란토인, 다이소듐포스페이트, 폴라솔베이트60, 소듐포스페이트, 로즈마리잎오일"
"A000000231970","[집중진정] 라운드랩 소나무 진정 시카 앰플 30ml 리필팩","라운드랩","30.0","30.0","ml","17900","14900","4966.7","정제수, 부틸렌글라이콜, 다이프로필렌글라이콜, 글리세레스-26, 글리세린, 소나무잎추출물 (10,022ppm), 1,2-헥산다이올, 프로판다이올, 하이알루로닉애씨드, 하이드롤라이즈드하이알루로닉애씨드, 소듐하이알루로네이트, 에틸헥실글리세린, 병풀추출물 (111.22ppm), 인도멀구슬나무잎추출물, 황련뿌리추출물, 인도멀구슬나무꽃추출물, 하이드록시아세토페논, 글라이코프로테인 (2.0044ppm), 소듐시트레이트, 카프릴로일살리실릭애씨드, 아시아티코사이드 (0.1002ppm), 아시아틱애씨드 (0.1002ppm), 마데카소사이드 (0.1002ppm), 마데카식애씨드 (0.1002ppm), 다이소듐이디티에이, 잔탄검, 카보머, 트로메타민, 시트릭애씨드"
"A000000232030","[잡티흔적토닝/20g증정기획] 아렌시아 젤리 세럼 홀리 히솝 30 50g(+20g)","아렌시아","20.0","90.0","g(약 1ml 상당으로 근사)","","42000","4666.7","정제수, 부틸렌글라이콜, 프로판다이올, 글리세린, 1,2-헥산다이올, 나이아신아마이드, 메틸프로판다이올, 암모늄아크릴로일다이메틸타우레이트/브이피코폴리머, 아크릴레이트/C10-30알킬아크릴레이트크로스폴리머, 알지닌, 덱스트린, 에틸헥실글리세린, 글리세릴아크릴레이트/아크릴릭애씨드코폴리머, 아데노신, 피브이엠/엠에이코폴리머, 치자추출물, 소듐하이알루로네이트, 히솝추출물(100ppm), 3-O-에틸아스코빅애씨드, 소듐아스코빌포스페이트, 아스코빅애씨드, 아스코빌글루코사이드, 토코페롤, 판테놀, 피리독신, 아마씨추출물, 쌀추출물, 하이드로제네이티드레시틴, 세라마이드엔피, 글라이코스핑고리피드, 소듐하이알루로네이트크로스폴리머, 포타슘하이알루로네이트, 하이드록시프로필트라이모늄하이알루로네이트, 하이드롤라이즈드소듐하이알루로네이트, 하이드롤라이즈드하이알루로닉애씨드, 하이알루로닉애씨드, 펜틸렌글라이콜, 소듐아세틸레이티드하이알루로네이트"
"A000000232047","[진정장벽] 유세린 울트라센시티브 리페어 세럼 30ml 기획 (+장벽루틴 3종 증정)","유세린","30.0","30.0","ml","52000","32900","10966.7","정제수,글리세린,판테놀,옥틸도데칸올,잔탄검,하이드록시아세토페논 ,펜틸렌글라이콜,카프릴릴글라이콜,엑토인,글리세릴스테아레이트에스이,에틸헥실글리세린,4-t-부틸사이클로헥산올,소듐하이알루로네이트,소듐스테아로일글루타메이트,시트릭애씨드,토코페롤"
"A000000232070","[단백질 세럼/저속노화]에스테덤 에이지 프로테옴 세럼 30ml [기획(+미스트100ml)/단품]","에스테덤","30.0","130.0","ml","","138000","10615.4","[에이지 프로테옴 세럼]
정제수, 글리세린, 아이소노닐아이소노나노에이트, 프로판다이올, 메도우폼씨오일, 자일로오스, 1,2-헥산다이올, 셀룰로오스, 15다이팔미토일하이드록시프롤린, C20-22알킬포스페이트, C20-22알코올, 세테아릴알코올, 카프릴릭/카프릭트라이글리세라이드, 카프릴릴글라이콜, 폴리아크릴레이트크로스폴리머-6, 향료, 소듐아세틸레이티드하이알루로네이트, 코코-글루코사이드, 잔탄검, 펜타에리스리틸테트라-다이-t-부틸하이드록시하이드로신나메이트, 소듐하이드록사이드, 아데노신, 소듐시트레이트, 소듐클로라이드, 시트릭애씨드, 아미노에탄설피닉애씨드, 카르노신, 포타슘클로라이드, 소듐바이카보네이트, 다이소듐포스페이트, 토코페롤, 마그네슘설페이트, 마이크로코쿠스용해물, 포타슘포스페이트, 칼슘클로라이드

[셀룰러 워터 미스트]
정제수,프로판다이올,소듐시트레이트,소듐클로라이드,하이드롤라이즈드하이알루로닉애씨드,시트릭애씨드,아미노에탄설피닉애씨드,카르노신,포타슘클로라이드,소듐바이카보네이트,다이소듐포스페이트,마그네슘설페이트,포타슘포스페이트,칼슘클로라이드"
"A000000232213","[애니pick/물먹광채] VT 피디알엔 에센스 100 30ml 더블 기획 (+리들샷 100 10ml)","VT","30.0","40.0","ml","","67500","16875.0","정제수, 아이소프로필미리스테이트, 카프릴릭/카프릭트라이글리세라이드, 세틸에틸헥사노에이트, 글리세린, 프로판다이올, 나이아신아마이드, 폴리글리세릴-2다이폴리하이드록시스테아레이트, 피이지-30다이폴리하이드록시스테아레이트, 폴리글리세릴-3다이아이소스테아레이트, 1,2-헥산다이올, 토코페롤, 하이드록시아세토페논, 해바라기씨오일, 아크릴레이트/C10-30알킬아크릴레이트크로스폴리머, 알지닌, 아데노신, 세라마이드엔피, 바오밥나무씨오일, 다이소듐이디티에이, 하이드로제네이티드레시틴, 알란토인, 스쿠알란, 판테놀, 폴리글루쿠로닉애씨드, 세라마이드엔에스, 세라마이드에이에스, 세라마이드이오피, 세라마이드에이피, 산양삼추출물, 소듐디엔에이(0.5ppm)"
"A000000232438","아비브 글루타치온좀 잡티 세럼 비타 드롭 50ml 더블 기획","아비브","50.0","100.0","ml","","48000","4800.0","정제수*, 부틸렌글라이콜*, 나이아신아마이드(50,000 ppm), 1,2-헥산다이올*, 옥수수전분, 아이리쉬모스추출물, 클로렐라 불가리스추출물, 사탕수수추출물, 병풀잎추출물, 키토산, 사과세포배양추출물*, 폴리아크릴레이트크로스폴리머-6, 베타인, 글루코오스, 아크릴레이트/C10-30알킬아크릴레이트크로스폴리머, 트로메타민, 아세틸글루코사민(1,000 ppm), 프룩토올리고사카라이드, 프룩토오스, 글리세린, 펜틸렌글라이콜, 에틸헥실글리세린*, 알란토인, 다이프로필렌글라이콜, 아데노신, 글루타티온(250 ppm)*, 마데카소사이드, 하이드록시프로필메틸셀룰로오스, 하이드로제네이티드레시틴, 베타-글루칸, 콜레스테롤, 아시아티코사이드, 아스코빅애씨드(1,000 ppb), 3-O-에틸아스코빅애씨드(500 ppb), 아스코빌글루코사이드(500 ppb), 세라마이드엔피, 토코페롤(250 ppb), 페룰릭애씨드, 락틱애씨드, 다이소듐이디티에이, 카보머, 적색산화철 (CI 77491)"
"A000000232476","VT 리들샷 100 에센스 10ml","VT","10.0","10.0","ml","8900","8500","8500.0","정제수, 다이프로필렌글라이콜, 글리세린, 나이아신아마이드, 부틸렌글라이콜, 마카다미아씨오일, 1,2-헥산다이올, 에틸헥실팔미테이트, 소듐아크릴레이트/소듐아크릴로일다이메틸타우레이트코폴리머, 폴리아이소부텐, 실리카, 글리세레스-26, 에틸헥실글리세린, 카프릴릴글라이콜, 아데노신, 소듐폴리아크릴레이트, 소듐하이알루로네이트, 병풀추출물, 카프릴릴/카프릴글루코사이드, 솔비탄올리에이트, 잔탄검, 프로폴리스추출물, 아시아티코사이드, 마데카소사이드, 마데카식애씨드, 아시아틱애씨드, 글라이신, 세린, 글루타믹애씨드, 아스파틱애씨드, 류신, 알라닌, 라이신, 알지닌, 타이로신, 페닐알라닌, 트레오닌, 프롤린, 발린, 아이소류신, 히스티딘, 메티오닌, 시스테인"
"A000000232477","VT 리들샷 300 에센스 10ml","VT","10.0","10.0","ml","","9900","9900.0","정제수, 다이프로필렌글라이콜, 글리세린, 나이아신아마이드, 부틸렌글라이콜, 마카다미아씨오일, 1,2-헥산다이올, 에틸헥실팔미테이트, 실리카, 소듐아크릴레이트/소듐아크릴로일다이메틸타우레이트코폴리머, 폴리아이소부텐, 글리세레스-26, 에틸헥실글리세린, 카프릴릴글라이콜, 아데노신, 소듐폴리아크릴레이트, 병풀추출물, 소듐하이알루로네이트, 카프릴릴/카프릴글루코사이드, 솔비탄올리에이트, 잔탄검, 프로폴리스추출물, 아시아티코사이드, 마데카소사이드, 마데카식애씨드, 아시아틱애씨드, 글라이신, 세린, 글루타믹애씨드, 아스파틱애씨드, 류신, 알라닌, 라이신, 알지닌, 타이로신, 페닐알라닌, 트레오닌, 프롤린, 발린, 아이소류신, 히스티딘, 메티오닌, 시스테인"
"A000000232547","[리뉴얼] 더마라인 디렉소 PDRN 솔루션 살몬 앰플 35ml","더마라인","35.0","35.0","ml","50000","35000","10000.0","정제수, 부틸렌글라이콜, 글리세린, 에리스리톨, 1,2-헥산다이올, 나이아신아마이드, 다이글리세린, 소듐디엔에이(10,000ppm), 메틸글루세스-20, 병풀추출물, 판테놀, 자일리틸글루코사이드, 폴리글리세릴- 10라우레이트, 베타인, 안하이드로자일리톨, 타라열매추출물, 하이드록시아세토페논, 폴리아크릴레이트크로스폴리머-6, 카프릴릭/카프릭트라이글리세라이드, 자일리톨, 폴리글리세린-3, 코토니추출물, 소듐하이알루로네이트, 하이드로제네이티드레시틴, 창포뿌리추출물, 아디픽애씨드, 들깨잎추출물,  아데노신, 글루코오스, 폴리쿼터늄-51, 황금추출물, 호장근뿌리추출물, 커먼자스민오일, 글리세릴아크릴레이트/아크릴릭애씨드코폴리머, 피토스테릴/옥틸도데실라우로일글루타메이트, 스페인감초뿌리추출물, 녹차추출물, 3-O-에틸아스코빅애씨드, 아시아티코사이드, 세라마이드엔피, 블래더랙추출물, 마트리카리아꽃추출물, 로즈마리잎추출물, 꿀풀추출물, 하이드롤라이즈드하이알루로닉애씨드, 덱스트린, 에틸헥실글리세린, 소듐아세틸레이티드하이알루로네이트"
"A000000232734","퓨어그램 속건조필수템 저분자 하이드라 히알루론산 세럼 30ml","퓨어그램","30.0","30.0","ml","","12000","4000.0","정제수, 부틸렌글라이콜, 글리세린, 다이프로필렌글라이콜, 1,2-헥산다이올, 카보머, 트로메타민, 폴리글리세릴-10라우레이트, 프로판다이올, 소듐하이알루로네이트 (524 ppm), 에틸헥실글리세린, 판테놀, 글리세릴아크릴레이트/아크릴릭애씨드코폴리머, 베타인, 잔탄검, 트레할로오스, 피브이엠/엠에이코폴리머, 알란토인, 트라이소듐에틸렌다이아민다이석시네이트, 하이드롤라이즈드하이알루로닉 애씨드(31.65 ppm), 말라카이트추출물, 알지닌, 소듐하이  알루로네이트크로스폴리머(1.65 ppm), 포타슘하이알루로네이트(1.65 ppm), 하이드록시프로필트라이모늄하이알루로네이트(1.65 ppm), 하이드롤라이즈드소듐하이알루로네이트  (1.65 ppm), 하이알루로닉애씨드(1.65 ppm), 마데카소사이드, 펜틸렌글라이콜, 글리세릴글루코사이드, 소듐아세틸  레이티드하이알루로네이트(0.055 ppm), 하이드로제네이티드레시틴, 카프릴릭/카프릭트라이글리세라이드, 바오밥나무씨오일, 세라마이드엔피, 아시아티코사이드, 마데카식애씨드, 아시아틱애씨드, 세라마이드에이에스, 세라마이드  엔에스, 세라마이드에이피, 세라마이드이오피"
"A000000232963","나노레시피 바쿠치올 10,000ppm 앰플 10ml","나노레시피","10.0","10.0","ml","","10800","10800.0","부틸렌글라이콜, 바쿠치올(10,000ppm)"
"A000000232991","[NEW] 빌리프 맨101 아쿠아 리프레셔 125ml","빌리프","125.0","125.0","ml","38000","29200","2336.0","정제수, 글리세린, 변성알코올, 다이프로필렌글라이콜, 부틸렌글라이콜, 1,2-헥산다이올, 나이아신아마이드, 트레할로오스, 타우린+, 흰무늬엉겅퀴열매추출물, 징크피씨에이+, 글라이신+, 세린+, 글루타믹애씨드+, 아스파틱애씨드+, 류신+, 알라닌+, 라이신+, 알지닌+, 타이로신+, 페닐알라닌+, 프롤린+, 트레오닌+, 발린+, 아이소류신+, 히스티딘+, 시스테인+, 메티오닌+, 레몬밤꽃/잎/줄기수*, 로즈마리잎수*, 유칼립투스잎추출물*, 폴스애플민트잎추출물*, 로즈힙열매추출물*, 타임잎추출물*, 알로에베라잎즙, 폴리글리세릴-10스테아레이트, 폴리글리세릴-10올리에이트, 베타인, 판테놀, 아이리쉬모스추출물, 서양톱풀추출물, 딜추출물, 피버퓨추출물, 암모늄아크릴로일다이메틸타우레이트/브이피코폴리머, 카보머, 메틸다이아이소프로필프로피온아마이드, 글리세릴아크릴레이트/아크릴릭애씨드코폴리머, 소듐폴리아크릴레이트, 베타-글루칸, 알로에베라잎폴리사카라이드, 카프릴릭/카프릭트라이글리세라이드, 트로메타민, 트라이소듐이디티에이, 라임전초오일++, 로즈마리잎오일++, 오렌지껍질오일++, 센티드제라늄꽃오일++, 리모넨, 시트로넬올, 제라니올, 시트랄, 리날룰

+ 표시: Core energy formula™
* 표시: belif original formula
++: 식물 유래 향"
"A000000232994","[탄력주름] 프랭클리 PDRN 바운스볼 광채세럼 30ml 앰플","프랭클리","30.0","30.0","ml","39000","21000","7000.0","정제수, 다이페닐다이메티콘, 펜틸렌글라이콜, 프로판다이올,
1,2-헥산다이올, 나이아신아마이드, 부틸렌글라이콜,
해바라기씨오일, 연어알추출물, 소듐시트레이트, 글리세린,
소듐하이알루로네이트, 아데노신, 시트릭애씨드, 돌콩오일,
한련초추출물, 소듐디엔에이(108ppm),
다이포타슘글리시리제이트, 소듐파이테이트,
하이드록시에틸셀룰로오스, 인도멀구슬나무잎추출물,
바실러스발효물, 풀루란, 멕시칸치아씨추출물, 병풀추출물,
약모밀추출물, 아나토씨오일, 드럼스틱씨오일, 토코페롤"
"A000000233193","[슬로우에이징/탄력세럼] 닥터자르트 프리쥬비네이션 퍼밍 바쿠치올 세럼 50ml 증량기획 (+7ml + 크림 7.5ml)","닥터자르트","50.0","64.5","ml","","74000","11472.9","정제수, 부틸렌글라이콜, 다이프로필렌글라이콜, 
글리세린, 프로판다이올, 1,2-헥산다이올, 다이메티콘
크로스폴리머, 바쿠치올, 비닐다이메티콘, 하이드롤라이
즈드콜라겐, 에틸헥실글리세린, 알란토인, 바이오사카라
이드검-1, 다이포타슘글리시리제이트, 아데노신, 소듐다
이라우미도글루타미드라이신, 하이드로제네이티드레시틴, 
소듐폴리아크릴로일다이메틸타우레이트, 아이소도데
케인, 아크릴레이트/C10-30알킬아크릴레이트크로스
폴리머, 트로메타민, 향료, 다이소듐이디티에이, 토코
페롤, 페녹시에탄올, 소듐벤조에이트, 적색504호 (CI 
14700), 청색1호 (CI 42090)"
"A000000233463","[기미잡티] 메디필 멜라논엑스 앰플 RX 30ml","메디필","30.0","30.0","ml","34900","27900","9300.0","정제수, 판테놀, 부틸렌글라이콜, 하이드로제네이티드폴리데센, 나이아신아마이드,
1,2-헥산다이올, 카프릴릭/카프릭트라이글리세라이드, 글리세릴스테아레이트, 
메틸글루세스-20, 글리세린, 프로판다이올, 세테아릴올리베이트, 솔비탄올리베이트, 
카보머, 이눌린라우릴카바메이트, 트로메타민, 카프릴릴글라이콜, 알파-알부틴, 
라벤더꽃추출물, 클레리추출물, 히아신스전초추출물, 마트리카리아꽃추출물, 
보리지추출물, 수레국화꽃추출물, 시어버터, 비타민나무수, 비타민나무열매추출물, 
글루타티온, 하이드로제네이티드레시틴, 매실추출물, 사과추출물, 파파야열매추출물,  
포도추출물, 아데노신, 락토바실러스발효물, 폴리글리세릴-10스테아레이트, 다이소듐이디티에이, 
오일팜오일, 칼슘판토테네이트, 말토덱스트린, 소듐스타치옥테닐석시네이트, 폴리글리세릴-4카프레이트, 가르시니아열매추출물, 동백나무꽃추출물, 잔탄검, 하이드롤라이즈드해면, 개똥쑥추출물, 펜틸렌글라이콜, 귤껍질추출물, 소듐아스코빌포스페이트, 소듐하이알루로네이트, 하이드롤라이즈드하이알루로닉애씨드,하이알루로닉애씨드, 알테로모나스발효추출물, 페네틸알코올, 토코페릴아세테이트, 피리독신에이치씨엘, 복숭아씨추출물, 레몬추출물, 석류추출물, 에틸헥실글리세린, 수크로오스팔미테이트, 아스코빅애씨드, 토코페롤, 폴리글리세릴-4올리에이트, 메나다이온, 리놀레익애씨드, 레티닐팔미테이트, 땅콩오일, 소듐포스페이트, 리놀레닉애씨드, 레시틴, 레틴알, 실리카, 트라넥사믹애씨드, 로즈마리잎추출물, 아세틸헥사펩타이드-8, 해바라기씨오일, 에스에이치-올리고펩타이드-1, 에스에이치-올리고펩타이드-2, 에스에이치-폴리펩타이드-1, 에스에이치-폴리펩타이드-10, 에스에이치-폴리펩타이드-60, 향료, 리모넨, 헥실신남알, 벤질살리실레이트, 리날룰, 시트랄"
"A000000234012","[레이PICK/3초흡수] 풀리 레몬비타 버블세럼 (수분 버블세럼) 95ml","풀리","95.0","95.0","ml","33000","21900","2305.3","레몬수(65.5%), 프로판다이올, 글리세린, 트라이프 로필렌글라이콜, 레몬껍질수(3.5%), 1,2-헥산다이올, 정제수, 나이아신아마이드(2%), 펜틸렌글라이콜, C12-14알케스-12, 부틸렌글라이콜, 잔탄검, 황련뿌리추출물, 소듐시트레이트, 옥 틸도데세스-16, 하이드록시아세토페논, 시트릭애씨드,에틸 헥실글리세린, 아데노신, 다이소듐이디티에이, 레몬껍질오일 (276ppm), 하이드로제네이티드레시틴, 알바수련꽃추출물, 레몬머틀잎추출물(100ppm), 당느릅나무뿌리추출물, 줄맨 드라미씨추출물,사과추출물, 카프릴릭/카프릭트라이글리세 라이드, 병풀추출물, 무화과추출물, 카멜그라스오일, 세라마 이드엔피, 생강오일, 토코페롤(0.6ppm), 소듐아스코빌포스 페이트(300ppb), 아스코빌테트라이소팔미테이트(300ppb) , 3-O-에틸아스코빅애씨드(300ppb), 글루타티온, 알부틴, 페룰릭애씨드, 알지닌/라이신폴리펩타이드, 리모넨, 시트랄"
"A000000235161","[화잘먹 베이스] 빛클 오로라 글로우 그립 프라이머 프렙 30ml","빛클","30.0","30.0","ml","25000","22200","7400.0","정제수, 글리세린, 글리세레스-26, 메틸프로판다이올, 아이소펜틸다이올, 글라이코실트레할로오스, 하이드로제네이티드스타치하이드롤리세이트, 폴리글리세릴-4카프레이트, 1,2-헥산다이올, 알루미나, 티타늄디옥사이드, 에리스리톨, 자일리톨, 하이드록시에틸아크릴레이트/소듐아크릴로일다이메틸타우레이트코폴리머, 카보머, 알지닌, 부틸렌글라이콜, 알란토인, 하이드록시아세토페논, 하이드록시에틸셀룰로오스, 에틸헥실글리세린, 카프릴릴글라이콜, 잔탄검, 카프릴릭/카프릭트라이글리세라이드, 하이드로제네이티드폴리아이소부텐, 다이소듐이디티에이, 틴옥사이드, 솔비탄아이소스테아레이트, 하이드로제네이티드레시틴, 세테아릴알코올, 스테아릭애씨드, 감나무잎추출물, 포도추출물, 커피콩추출물, 잇꽃꽃추출물, 호장근뿌리추출물, 밤껍질추출물, 녹차추출물, 초피나무열매추출물, 다이소듐포스페이트, 폴리솔베이트60, 소듐하이알루로네이트, 세라마이드엔피, 소듐포스페이트, 세라마이드엔에스, 하이드록시프로필트라이모늄하이알루로네이트, 콜레스테롤, 피토스핑고신, 세라마이드에이피, 세라마이드에이에스, 토코페롤, 하이드롤라이즈드하이알루로닉애씨드, 소듐아세틸레이티드하이알루로네이트, 하이알루로닉애씨드, 하이드롤라이즈드소듐하이알루로네이트, 소듐하이알루로네이트크로스폴리머, 포타슘하이알루로네이트, 세라마이드이오피"
"A000000235180","[잡티미백케어] 성분에디터 머루포도 비타씨 다크 스팟 앰플 40ml 더블기획","성분에디터","40.0","80.0","ml","","36000","4500.0","포도수(821,000 ppm), 프로판다이올, 1,2-헥산다이올, 정제수, 나이아신아마이드, 카프릴릭/카프릭트라이글리세라이드, 트라넥사믹애씨드, 부틸렌글라이콜, 아크릴레이트/C10-30알킬아크릴레이트크로스폴리머, 트로메타민, 인도멀구슬나무꽃추출물, 잔탄검, 아이비고드열매추출물, 3-O-에틸아스코빅애씨드(500ppm), 하이드로제네이티드폴리(C6-20올레핀), 아데노신, 포도추출물(350 ppm), 다이소듐이디티에이, 알란토인, 에이치디아이/트라이메틸올헥실락톤크로스폴리머, 포도씨오일(10 ppm), 콜라겐, 류코노스톡/무발효여과물, 비치스트로베리추출물, 로우스위트블루베리추출물, 소듐하이알루로네이트, 베어베리잎추출물, 서양산딸기추출물, 시트릭애씨드, 라벤더꽃추출물, 레스베라트롤, 보리지추출물, 수레국화꽃추출물, 클레리추출물, 히아신스전초추출물, 마트리카리아꽃추출물, 백미꽃추출물, 마데카소사이드, 아시아티코사이드, 에틸헥실글리세린, 하이알루로닉애씨드, 하이드롤라이즈드하이알루로닉애씨드, 하이드록시프로필트라이모늄하이알루로네이트, 하이드롤라이즈드소듐하이알루로네이트, 포타슘하이알루로네이트,펜틸렌글라이콜, 마데카식애씨드, 소듐하이알루로네이트크로스폴리머, 아시아틱애씨드, 소듐아세틸레이티드하이알루로네이트"
"A000000236433","랑콤 레네르지 트리플 세럼 50ml","랑콤","50.0","150.0","ml","255000","208080","13872.0","정제수 다이프로필렌글라이콜 글리세린 부틸렌글라이콜 프로필렌글라이콜 에탄올 나이아신아마이드 아이소프로필라우로일사코시네이트 펜틸렌글라이콜 티타늄디옥사이드 구아노신 마이카 토코페릴아세테이트 하이드롤라이즈드아마추출물 소듐아세틸레이티드하이알루로네이트 소듐벤조에이트 페녹시에탄올 페닐에틸레조시놀 스테아릭애씨드 아데노신 카페인 피이지-100스테아레이트 폴리아크릴레이트크로스폴리머-6 실리카실릴레이트 팔미틱애씨드 폴리솔베이트20 폴리솔베이트80 암모늄폴리아크릴로일다이메틸타우레이트 리모넨 잔탄검 틴옥사이드 벤질알코올 아이소헥사데칸 에칠아스코빌에텔 카프릴릴글라이콜 카프릴로일살리실릭애씨드 보론나이트라이드 페룰릭애씨드 아크릴아마이드/소듐아크릴로일다이메틸타우레이트코폴리머 솔비탄올리에이트 미리스틱애씨드 제라니올 옥토크릴렌 부틸메톡시디벤조일메탄 포타슘세틸포스페이트 옥틸도데칸올 세틸알코올 옥틸도데실자일로사이드 시트릭애씨드 시트로넬올 글리세릴스테아레이트 향료"
"A000000236434","랑콤 클라리피끄 더블 트리트먼트 에센스 150ml","랑콤","150.0","300.0","ml","189000","154220","5140.7","정제수 부틸렌글라이콜 C15-19알케인 락틱애씨드 소듐하이드록사이드 글라이콜릭애씨드 포도씨오일 아스코빌글루코사이드 비사보롤 살리실릭애씨드 카프릴릴글라이콜 파이틱애씨드 너도밤나무싹추출물 토코페롤 벤조익애씨드 소르빅애씨드 해바라기씨오일 다마스크장미꽃오일 로즈마리추출물 피이지-32 시트릭애씨드 파파인 프로판다이올 얼룩파인애플추출물"
"A000000236635","닥터자르트 시카페어 인텐시브 수딩 리페어 세럼 30ml","닥터자르트","30.0","30.0","ml","","49000","16333.3","정제수, 글리세린, 부틸렌글라이콜, 프로판다이올, 메틸글루세스-20, 에톡시다이글라이콜, 베타인, 알란토인, 옥틸도데칸올, 에틸헥실글리세린, 아시아티코사이드, 마데카식애씨드, 글라이코리피드, 아시아틱애씨드, 폴리글리세릴-4올리에이트, 병풀잎추출물, 소듐스테아로일글루타메이트, 팔미토일트라이펩타이드-8, 1,2-헥산다이올, 아이소펜틸다이올, 카보머, 잔탄검, 트로메타민, 폴리글리세릴-10라우레이트, 하이드로제네이티드레시틴, C12-13알케스-9, 소듐서팩틴, 덱스트란, 황색4호 (CI 19140), 청색1호 (CI 42090)"
"A000000237361","비노트 물톡스 부스터 앰플 30ml","비노트","30.0","30.0","ml","44900","29900","9966.7","정제수, 글리세린, 메틸프로판다이올, 프로판다이올, 부틸렌글라이콜, 1,2-헥산다이올, 나이아신아마이드, 자일리틸글루코사이드, 안하이드로자일리톨, 알지닌, 카보머, 자일리톨, 에틸헥실글리세린, 옥틸도데세스-16, 말토덱스트린, 참마뿌리추출물, 소듐하이알루로네이트, 프룩탄, 실버위드추출물, 글라이코실트레할로오스, 폴리쿼터늄-51, 아데노신, 귀리커넬추출물, 아티초크잎추출물, 다이소듐이디티에이, 베타-글루칸, 하이드로제네이티드레시틴, 녹차수, 하이드로제네이티드스타치하이드롤리세이트, 라피노오스, 레시틴, 소듐폴리아크릴레이트, 피브이엠/엠에이코폴리머, 향료, 서양산딸기잎추출물, 바이오사카라이드검-1, 소듐클로라이드, 다이소듐포스페이트, 메티오닐알-클로스트리듐 보툴리눔폴리펩타이드-1헥사펩타이드-40(50ppb), 수크로오스다이스테아레이트, 카프릴릭/카프릭트라이글리세라이드, 포타슘클로라이드, 포타슘포스페이트, 하이드록시프로필사이클로덱스트린, 소듐하이알루로네이트크로스폴리머, 폴리솔베이트20, 강낭콩씨추출물, 아까시나무꽃추출물, 다이메틸실란올하이알루로네이트, 하이드롤라이즈드하이알루로닉애씨드, 하이드롤라이즈드소듐하이알루로네이트, 하이알루로닉애씨드, 포타슘하이알루로네이트, 하이드록시프로필트라이모늄하이알루로네이트, 소듐하이알루로네이트다이메틸실란올, 소듐아세틸레이티드하이알루로네이트"
"A000000237568","[NEW] 더후 비첩 자생 에센스 어드벤트 캘린더","더후","","","","73000","65700","","[비첩 자생 에센스]
정제수, 글리세린, 다이프로필렌글라이콜, 피이지/피피지/폴리부틸렌글라이콜-8/5/3글리세린, 글리세릴폴리메타크릴레이트, 다이메티콘, 1,2-헥산다이올, 부틸렌글라이콜, 판테놀, 피이지-150, 페닐트라이메티콘, 프로필렌글라이콜, 폴리메틸실세스퀴옥세인, 하이드로제네이티드레시틴, 하이드록시프롤린, 폴리솔베이트60, C14-22알코올, 스쿠알란, 세라마이드엔피, 트로메타민, 마카다미아씨오일, 트라이에틸헥사노인, 카보머, 알란토인, 피이지-10레이프씨드스테롤, 아라키딜글루코사이드, 시어버터, 다이메티콘올, 소듐폴리아크릴레이트, 글리세릴스테아레이트, 아크릴레이트/C10-30알킬아크릴레이트크로스폴리머, 시로미열매즙, 마이카, 바이오사카라이드검-1, 스테아릭애씨드, 토코페롤, 티타늄디옥사이드(CI 77891), 콜레스테롤, 피이지-100스테아레이트, 베타-글루칸, 글리세레스-20, 폴리우레탄-15, 트라이소듐이디티에이, 적색산화철, 돌콩오일, 베타인, 니코틴아마이드아데닌다이뉴클레오타이드, 트레할로오스, 천문동뿌리추출물, 글리시레티닉애씨드, 에틸헥실글리세린, 다이메티콘/비닐다이메티콘크로스폴리머, 펜틸렌글라이콜, 소듐락테이트, 알지닌, 참마뿌리추출물, 스페인감초뿌리추출물, 각시둥굴레뿌리줄기/뿌리추출물, 하수오뿌리추출물, 참당귀뿌리추출물, 인삼추출물, 쿼세틴, 아모다이메티콘, 밀리타리스동충하초추출물, 동충하초추출물, 다이소듐이디티에이, 피토스테롤, 폴리솔베이트20, 소듐하이드록사이드, 애기부들이삭추출물, 글루타믹애씨드, 산수유열매추출물, 타임추출물, 하이드록시에틸피페라진에탄설포닉애씨드, 소듐스테아로일글루타메이트, 솔비탄올리에이트, 육계나무껍질추출물, 작약뿌리추출물, 소듐글루타메이트, 소엽맥문동뿌리추출물, 황금추출물, 삽주뿌리줄기추출물, 방풍뿌리추출물, 생강추출물, 대추추출물, 홍삼추출물, 소듐디엔에이, 포타슘아스파테이트, 트립토판, 아스파라진, 비오틴/폴릭애씨드/시아노코바라민/니아신아마이드/판토테닉애씨드/피리독신/리보플라빈/티아민/효모폴리펩테이드, 글루타민, 포타슘솔베이트, 프롤린, 알라닌, 글라이신, 트레오닌, 글라이코프로테인, 라이신, 세린, 지황뿌리추출물, 알부틴, 발린, 류신, 페닐알라닌, 타이로신, 올리고펩타이드-1, 아세틸헥사펩타이드-8, 카퍼트라이펩타이드-1, 영지버섯추출물, 올리고펩타이드-2, 아이소류신, 히스티딘, 팔미토일트라이펩타이드-1, 올리고펩타이드-4, 팔미토일테트라펩타이드-7, 하이드롤라이즈드콩단백질, 복령균핵추출물, 히스티딘에이치씨엘, 메티오닌, 이노시톨, 시스틴, 폴릭애씨드, 나이아신아마이드, 피리독신에이치씨엘, 티아민에이치씨엘, 칼슘판토테네이트, 바이오틴, 리보플라빈, 사이아노코발아민, 향료, 제라니올, 리날룰, 리모넨, 벤질벤조에이트, 하이드록시시트로넬알, 시트로넬올

[증정 비첩 순환 에센스]
정제수, 2,3-부탄다이올, 변성알코올, 글리세린, 1,2-헥산다이올, 아이소펜틸다이올, 부틸렌글라이콜, 판테놀, 펜틸렌글라이콜, 카보머, 하이드록시프롤린, 만니톨, 바틸알코올, 스테아릭애씨드, 하이드로제네이티드레시틴, 아크릴레이트/C10-30알킬아크릴레이트크로스폴리머, 시로미열매즙, 쉘락, 하이드록시페닐프로파미도벤조익애씨드, 카프릴릭/카프릭트라이글리세라이드, 덱스트린, 카카오씨추출물, 흰목이버섯폴리사카라이드, 다이프로필렌글라이콜, 레시틴, 소듐다이라우미도글루타미드라이신, 베타인, 트레할로오스, 트록세루틴, 천문동뿌리추출물, 알지닌, 참마뿌리추출물, 스페인감초뿌리추출물, 각시둥굴레뿌리줄기/뿌리추출물, 하수오뿌리추출물, 인삼추출물, 참당귀뿌리추출물, 밀리타리스동충하초추출물, 동충하초추출물, 니코틴아마이드아데닌다이뉴클레오타이드, 애기부들이삭추출물, 산수유열매추출물, 글루타믹애씨드, 타임추출물, 작약뿌리추출물, 하이드록시에틸피페라진에탄설포닉애씨드, 육계나무껍질추출물, 소듐글루타메이트, 소엽맥문동뿌리추출물, 토코페롤, 황금추출물, 삽주뿌리줄기추출물, 대추추출물, 아스코빌팔미테이트, 글리시레티닉애씨드, 방풍뿌리추출물, 생강추출물, 홍삼추출물, 소듐디엔에이, 포타슘아스파테이트, 소나무잎추출물, 호장근뿌리추출물, 아스파라진, 비오틴/폴릭애씨드/시아노코바라민/니아신아마이드/판토테닉애씨드/피리독신/리보플라빈/티아민/효모폴리펩테이드, 글루타민, 포타슘솔베이트, 프롤린, 트립토판, 알라닌, 지황뿌리추출물, 글라이신, 쿼세틴, 피토스테롤, 트레오닌, 글라이코프로테인, 콜레스테롤, 라이신, 세린, 소듐스테아로일글루타메이트, 솔비탄올리에이트, 구기자추출물, 오미자추출물, 류신, 페닐알라닌, 타이로신, 발린, 영지버섯추출물, 아세틸헥사펩타이드-8, 카퍼트라이펩타이드-1, 히스티딘, 아이소류신, 올리고펩타이드-1, 올리고펩타이드-2, 효모추출물, 에틸헥실글리세린, 복령균핵추출물, 황기뿌리추출물, 귤껍질추출물, 효모발효여과물, 트로메타민, 트라이소듐이디티에이, 티타늄디옥사이드 (CI 77891), 실리카, 황색산화철, 크로뮴하이드록사이드그린, 향료, 제라니올, 리날룰, 리모넨, 벤질벤조에이트

[증정 공진향 탄력 에멀젼]
정제수*, 다이메티콘, 글리세린, 부틸렌글라이콜*, 다이프로필렌글라이콜, 1,2-헥산다이올*, 하이드로제네이티드레시틴, 카프릴릭/카프릭트라이글리세라이드, 마카다미아씨오일, 트라이에틸헥사노인, 메틸트라이메티콘, 판테놀, 하이드로제네이티드폴리아이소부텐, 글리세릴스테아레이트, 피이지-100스테아레이트, 피이지-5글리세릴스테아레이트, 변성알코올, 베헤닉애씨드, 스테아릭애씨드, C14-22알코올, 스쿠알란, 베헤닐알코올, 락토바실러스/콩발효추출물, 스테아릴알코올, 쿠푸아수씨버터, 카보머, 효모/감자추출물발효여과물, 효모/보리씨발효여과물, 아라키딜글루코사이드, 시어버터, 미리스틱애씨드, 아데노신, 피이지-10피토스테롤, 폴리실리콘-11, 글라이코리피드, 세라마이드엔피, 콜레스테롤, 천문동뿌리추출물*, 바이오사카라이드검-1, 각시둥굴레뿌리줄기/뿌리추출물, 하수오뿌리추출물, 알지닌*, 밀리타리스동충하초추출물, 동충하초추출물, 글루타믹애씨드*, 산수유열매추출물*, 참당귀뿌리추출물*, 타임추출물*, 카프릴릴글라이콜, 데실글루코사이드, 홍삼추출물, 에틸헥실글리세린*, 인삼추출물, 글라이코프로테인*, 토코페롤, 영지버섯추출물*, 트로메타민, 트라이소듐이디티에이, 티타늄디옥사이드 (CI 77891), 마이카, 적색산화철, 향료, 제라니올, 리날룰, 리모넨, 시트로넬올

[증정 공진향 탄력 밸런싱 토너]
정제수*, 변성알코올, 1,2-헥산다이올*, 다이프로필렌글라이콜, 부틸렌글라이콜*, 글리세린, 베타인, 메틸글루세스-20, 판테놀, 트레할로오스, 피이지-40하이드로제네이티드캐스터오일, 아크릴레이트/C10-30알킬아크릴레이트크로스폴리머, 아데노신, 소듐하이알루로네이트, 잔탄검, 천문동뿌리추출물*, 각시둥굴레뿌리줄기/뿌리추출물, 하수오뿌리추출물, 알지닌*, 밀리타리스동충하초추출물, 동충하초추출물, 글루타믹애씨드*, 산수유열매추출물*, 참당귀뿌리추출물*, 타임추출물*, 홍삼추출물, 인삼추출물, 글라이코프로테인*, 카프릴릭/카프릭트라이글리세라이드, 영지버섯추출물*, 쿠푸아수씨버터, 하이드로제네이티드레시틴, 에틸헥실글리세린*, 글리세릴스테아레이트, 피이지-100스테아레이트, 피이지-10피토스테롤, 락토바실러스/콩발효추출물, 효모/감자추출물발효여과물, 글라이코리피드, 효모/보리씨발효여과물, 베헤닐알코올, 트라이소듐이디티에이, 트로메타민, 향료, 제라니올, 리날룰, 리모넨

[증정 공진향 클렌징 폼]
글리세린, 정제수, 미리스틱애씨드, 부틸렌글라이콜, 포타슘하이드록사이드, 라우릭애씨드, 팔미틱애씨드, 스테아릭애씨드, 포타슘코코일글리시네이트, 글리세릴스테아레이트, 피이지-100스테아레이트, 향료, 글라이콜스테아레이트, 피피지-3카프릴릴에터, 코카미도프로필베타인, 글라이콜다이스테아레이트, 솔비탄올리베이트, 마이카, 1,2-헥산다이올, 하이드레이티드실리카, 피이지-40하이드로제네이티드캐스터오일, 티타늄디옥사이드(CI 77891), 소듐클로라이드, 트라이소듐이디티에이, 폴리쿼터늄-7, 잇꽃꽃추출물, 덱스트린, 하이드롤라이즈드하이알루로닉애씨드, 틴옥사이드, 세린, 천궁뿌리추출물, 팥추출물, 하늘타리뿌리추출물, 비누풀잎추출물, 무환자추출물, 천문동뿌리추출물, 창포뿌리추출물, 동아씨추출물, 지황뿌리추출물, 알지닌, 산수유열매추출물, 참당귀뿌리추출물, 타임추출물, 글루타믹애씨드, 글라이코프로테인, 영지버섯추출물, 에틸헥실글리세린, 리날룰, 제라니올, 리모넨, 시트로넬올, 벤질살리실레이트, 벤질벤조에이트

[증정 에센셜 립 글로우밤 99 블룸레드]
폴리글리세릴-2트라이아이소스테아레이트, 다이아이소스테아릴말레이트, 하이드로제네이티드폴리아이소부텐, 다이페닐실록시페닐트라이메티콘, 세레신, 합성왁스, 마이크로크리스탈린왁스, 에틸렌/프로필렌코폴리머, 다이펜타에리스리틸헥사C5-9애씨드에스터, 세드롤, 카프릴릭/카프릭트라이글리세라이드, 동백나무씨오일, 돌콩오일, 아마씨오일, 쌀겨오일, 쌀배아오일, 살구씨오일, 토코페롤, 귀리커넬오일, 비에이치티, 코튼씨오일, 향료, 헥실신남알, 리날룰, 벤질벤조에이트, 제라니올, 리모넨, 하이드록시시트로넬알, 적색202호, 적색201호, 황색5호, 황색4호, 적색218호"""
"A000000237821","[NEW/속탄력강화] 비건이펙트 콜라겐 NMN 세럼 30ml","비건이펙트","30.0","30.0","ml","","19900","6633.3","정제수, 카프릴릭/카프릭트라이글리세라이드, 폴리글리세린-3, 프로판다이올, 글리세린, 부틸렌글라이콜, 글리세레스-26, 1,2-헥산다이올, 나이아신아마이드, 메틸프로판다이올, 다이글리세린, 암모늄아크릴로일다이메틸타우레이트/브이피코폴리머, 콜라겐수(4893.495ppm), 다이프로필렌글라이콜, 다시마추출물, 한련초잎추출물, 참마뿌리추출물, 아크릴레이트/C10-30알킬아크릴레이트크로스폴리머, 알지닌, 에틸헥실글리세린, 하이드롤라이즈드옥수수전분, 베타-글루칸, 프룩토올리고사카라이드, 아데노신, 하이드로제네이티드레시틴, 수크로오스, 글리세릴폴리메타크릴레이트, 하이드롤라이즈드하이알루로닉애씨드, 사이아노코발아민, 말토덱스트린, 락토코쿠스발효용해물, 하이드롤라이즈드치자추출물, 병풀추출물, 향부자추출물, 소듐하이알루로네이트, 콜라겐(0.5ppm), 하이드롤라이즈드콜라겐(0.5ppm), 폴리솔베이트20, 카르노신, 글리세릴글루코사이드, 트라이펩타이드-1, 니코틴아마이드모노뉴클레오타이드, 소듐클로라이드, 팔미토일트라이펩타이드-5, 헥사펩타이드-9, 팔미토일펜타펩타이드-4, 엘라스틴, 팔미토일테트라펩타이드-7, 몰로키아잎추출물, 연꽃뿌리추출물, 오크라열매추출물, 신선초추출물, 에스에이치-올리고펩타이드-1(0.00001ppm)"
"A000000237831","[속광부스터] 샤이샤이샤이 리페어 밀키 우레아 글로우 버블 세럼 110ml","샤이샤이샤이","110.0","110.0","ml","35000","23500","2136.4","정제수, 글리세린, 마카다미아씨오일, 하이드로제네이티드폴리(C6-14올레핀), 메틸프로판다이올, 부틸렌글라이콜, 나이아신아마이드, 우레아(20,000PPM), 트라이라우레스-4포스페이트, 1,2-헥산다이올, 하이드록시아세토페논, 판테놀, 에틸헥실글리세린, 아데노신, 토코페롤, 잔탄검, 다이소듐이디티에이, 폴리쿼터늄-51, 폴리글리세릴-10라우레이트, 소듐하이알루로네이트, 카프릴릭/카프릭트라이글리세라이드, 사이아노코발아민, 세라마이드엔피, 하이드로제네이티드레시틴, 트라이펩타이드-1, 아세틸테트라펩타이드-2, 아세틸테트라펩타이드-5, 카프릴릴글라이콜, 카퍼트라이펩타이드-1, 헥사펩타이드-11, 헥사펩타이드-9, 팔미토일펜타펩타이드-4, 팔미토일트라이펩타이드-1, 아세틸헥사펩타이드-8, 팔미토일트라이펩타이드-5, 향료"
"A000000237931","[리프팅UP]메디앤서 레티노이드 리프트실 세럼 30ml","메디앤서","30.0","30.0","ml","","43000","14333.3","정제수, 글리세린, 글리세레스-26, 부틸렌글라이콜, 프로판다이올, 1,2-헥산다이올, 나이아신아마이드, 폴리아크릴레이트크로스폴리머-6, 다이메틸아이소소바이드, 옥틸도데세스-16, 아크릴레이트코폴리머, 소듐시트레이트, 에틸헥실글리세린, 소듐폴리아크릴레이트, 하이드로제네이티드레시틴, 하이드록시피나콜론레티노에이트(500,000ppb), 시트릭애씨드, 아데노신, 잔탄검, 병풀추출물, 무화과추출물, 다이소듐이디티에이, 소듐락테이트, 카보머, 폴리솔베이트20, 하이드롤라이즈드콜라겐, 향료, 돌콩오일, 세라마이드엔피, 브이피/폴리카바밀폴리글라이콜에스터, 하이드롤라이즈드참깨단백질피지-프로필메틸실란다이올, 레티놀(10,000ppb), 팔미토일트라이펩타이드-1, 팔미토일테트라펩타이드-7, 토코페롤, 글루타티온, 바쿠치올, 퀸즈랜드넛오일, 달맞이꽃오일, 팔미틱애씨드, 소듐서팩틴, 다이메티콘, 마카다미아씨오일, 올레익애씨드, 스테아릭애씨드, 옥틸도데칸올, 유채스테롤, 콜레스테롤, 미리스틱애씨드, 폴리락틱애씨드, 실리카"
"A000000237951","퓨리토서울 원더 릴리프 센텔라 세럼 언센티드 60ml","퓨리토 서울","60.0","60.0","ml","28000","22400","3733.3","정제수, 글리세린, 다이프로필렌글라이콜, 프로판다이올, 병풀추출물(34,860 ppm), 부틸렌글라이콜, 나이아신아마이드, 1,2-헥산다이올, 소듐하이알루로네이트, 판테놀, 마데카소사이드, 아시아티코사이드, 마데카식애씨드, 아시아틱애씨드, 병풀캘러스세포외소포(10 ppm), 알란토인, 팔미토일테트라펩타이드-7, 팔미토일헥사펩타이드-12, 팔미토일트라이펩타이드-1, 팔미토일다이펩타이드-10, 카보머, 폴리글리세릴-10라우레이트, 폴리글리세릴-10미리스테이트, 하이드롤라이즈드호호바에스터, 트로메타민, 에틸헥실글리세린, 잔탄검, 다이포타슘글리시리제이트, 아데노신, 다이소듐이디티에이, 수크로오스스테아레이트, 글리세릴스테아레이트, 하이드로제네이티드레시틴, 폴리글리세릴-10스테아레이트, 세라마이드엔피, 녹차추출물, 씨대퍼딜추출물"
"A000000238119","[수분잠금/워터젤에센스] 빌리프 뉴메로 10 에센스 3종 중 택1 (50ml/75ml/125ml 단품/기획)","빌리프","50.0","250.0","ml","29000","22200","888.0","정제수, 글리세린, 변성알코올, 다이프로필렌글라이콜, 부틸렌글라이콜, 1,2-헥산다이올, 트레할로오스, 바위손추출물*, 귀리커넬추출물+, 포트마리골드꽃추출물+, 개박하추출물+, 라즈베리잎추출물+, 와일드인디고뿌리추출물+, 별꽃추출물+, 레이디스맨틀잎추출물**, 삼색제비꽃추출물**, 다마스크장미꽃추출물**, 메도우스위트꽃추출물**, 마시멜로뿌리추출물**, 베타인, 판테놀, 아이리쉬모스추출물, 암모늄아크릴로일다이메틸타우레이트/브이피코폴리머, 피이지-40하이드로제네이티드캐스터오일, 옥틸도데세스-16, 카보머, 글리세릴아크릴레이트/아크릴릭애씨드코폴리머, 소듐폴리아크릴레이트, 트로메타민, 트라이소듐이디티에이, 오렌지껍질오일++, 라임전초오일++, 로즈마리잎오일++, 센티드제라늄꽃오일++, 리모넨, 시트로넬올, 제라니올, 시트랄, 리날룰 (*표시: 부활초 추출물, +표시: Napiers original formula, **표시: Napiers moisture formula, ++표시: 식물 유래 향)"
"A000000238243","[중요한날하루전] 웰라쥬 하이퍼 PDRN 원데이키트 캡슐 앰플 1개입","웰라쥬","","","","","6600","","[캡슐 전성분] 
소듐하이알루로네이트,하이드록시프로필사이클로덱스트린,소듐디엔에이,알진 

[솔루션 전성분]
정제수, 프로판다이올, 다이프로필렌글라이콜, 1,2-헥산다이올, 나이아신아마이드, 다이에톡시에틸석시네이트, 메틸프로판다이올, 글리세린, 글리세레스-26, 펜틸렌글라이콜, 부틸렌글라이콜, 소듐시트레이트, 에틸헥실글리세린, 폴리쿼터늄-51, 하이드로제네이티드레시틴, 실버위드추출물, 시트릭애씨드, 아데노신, 귀리커넬추출물, 아티초크잎추출물, 다이소듐이디티에이, 베타-글루칸, 녹차수, 병풀추출물, 무화과추출물, 셀룰로오스검, 판테놀, 세라마이드엔피, 소듐파이테이트, 소듐하이알루로네이트, 카보머, 토코페롤, 소듐디엔에이, 하이드롤라이즈드콜라겐, 수크로오스다이스테아레이트, 카프릴릭/카프릭트라이글리세라이드, 하이드록시프로필사이클로덱스트린, 팔미토일펜타펩타이드-4"
"A000000238244","[나띠PICK][피부볼륨] 더마펌 펩트올로지 부스팅 앰플 PDRN 30ml 기획 (+30ml 리필)","더마펌","30.0","60.0","ml","43000","30100","5016.7","정제수,프로판다이올,글리세린,글리세레스-26,메틸글루세스-20,1,2-헥산다이올,트라이에틸헥사노인,코코글리세라이즈,나이아신아마이드,판테놀,하이드로제네이티드폴리아이소부텐,소듐폴리아크릴레이트,폴리우레탄-15,다이아이소스테아릴말레이트,아크릴레이트/C10-30알킬아크릴레이트크로스폴리머,세테아릴올리베이트,카보머,알란토인,에틸헥실올리베이트,에틸헥실스테아레이트,솔비탄올리베이트,소듐디엔에이,소듐하이알루로네이트,에틸헥실글리세린,소듐아크릴레이트코폴리머,아데노신,다이소듐이디티에이,폴리글리세릴-4올리에이트,소듐폴리아크릴로일다이메틸타우레이트,트라이데세스-6,트로메타민,아세틸헥사펩타이드-8,지모뿌리추출물,팔미토일트라이펩타이드-1,토코페롤"
"A000000238246","[나띠PICK][모공케어] 더마펌 펩트올로지 부스팅 앰플 레티노이드 30ml 기획 (+30ml 리필)","더마펌","30.0","60.0","ml","41000","28700","4783.3","정제수, 부틸렌글라이콜, 하이드로제네이티드폴리(C6-14올레핀), 다이메틸아이소소바이드, 1,2-헥산다이올, 글리세린, 나이아신아마이드, 카프릴릭/카프릭/석시닉트라이글리세라이드, 프로판다이올, 토코페롤, 폴리글리세릴-3메틸글루코오스다이스테아레이트, 판테놀, 카보머, 하이드록시피나콜론레티노에이트, 세테아릴알코올, 카프릴릴글라이콜, 세테아릴올리베이트, 트로메타민, 알란토인, 솔비탄올리베이트, 에틸헥실글리세린, 세테아릴글루코사이드, 소듐폴리아크릴레이트, 아데노신, 다이포타슘글리시리제이트, 다이소듐이디티에이, 하이드롤라이즈드콜라겐, 벤질글라이콜, 하이드롤라이즈드글라이코사미노글리칸, 소듐하이알루로네이트, 팔미토일펜타펩타이드-4, 팔미토일트라이펩타이드-1, 소듐하이알루로네이트크로스폴리머, 콜라겐, 하이드롤라이즈드하이알루로닉애씨드, 하이드록시프로필트라이모늄하이알루로네이트, 하이알루로닉애씨드, 소듐아세틸레이티드하이알루로네이트"
"A000000238509","[NEW] 헤라 레티놀 3x 리프팅 세럼 25ml","헤라","25.0","25.0","ml","110000","87120","34848.0","정제수, 카프릴릭/카프릭트라이글리세라이드, 부틸렌글라이콜, 글리세린, 다이메티콘, 토코페롤, 토코페릴아세테이트, 트레할로오스, 시어버터, 판테놀, 돌콩오일, 암모늄아크릴로일다이메틸타우레이트/브이피코폴리머, 글리세릴폴리메타크릴레이트, 카르노신, 폴리실리콘-11, 해바라기씨오일, 하이드록시에틸아크릴레이트/소듐아크릴로일다이메틸타우레이트코폴리머, 하이드로제네이티드레시틴, 폴리글리세릴-10스테아레이트, 쌀겨왁스, 세테아릴알코올, 카보머, 향료, 소듐설파이트, 나이아신아마이드, 트로메타민, 당근추출물, 레티놀(0.1%), 알란토인, 글리세릴카프릴레이트, 글리세릴스테아레이트, 에틸헥실글리세린, 소듐메타포스페이트, 아데노신, 스테아릭애씨드, 폴리글리세릴-3메틸글루코오스다이스테아레이트, 팔미틱애씨드, 솔비탄아이소스테아레이트, 프로판다이올, 1,2-헥산다이올, 소듐하이알루로네이트, 베타-카로틴, 하이드롤라이즈드식물성단백질, 잔탄검, 미리스틱애씨드, 하이드롤라이즈드하이알루로닉애씨드, 라우릭애씨드, 소듐하이알루로네이트크로스폴리머, 하이알루로닉애씨드, 소듐아세틸레이티드하이알루로네이트, 수용성콜라겐"
"A000000238573","[티벳동생 공동개발] 오아조 피디알엔 쓰리디 부스팅 앰플 30ml","오아조","30.0","30.0","ml","41900","38900","12966.7","정제수, 부틸렌글라이콜, 글리세린, 프로판다이올, 판테놀, 소듐디엔에이(30,000ppm), 1,2-헥산다이올, 나이아신아마이드, 베타인, 암모늄아크릴로일다이메틸타우레이트/브이피코폴리머, 에틸헥실글리세린, 아데노신, 인도멀구슬나무잎추출물, 소듐하이알루로네이트, 다이소듐이디티에이, 인도멀구슬나무꽃추출물, 아이비고드열매추출물, 알란토인, 알로에베라꽃추출물, 가지열매추출물, 하이드록시프로필트라이모늄하이알루로네이트, 병풀잎추출물, 홀리바질잎추출물, 울금뿌리추출물, 참산호말추출물, 하이드롤라이즈드하이알루로닉애씨드, 소듐아세틸레이티드하이알루로네이트, 스쿠알란, 구아이아줄렌, 하이알루로닉애씨드, 하이드롤라이즈드소듐하이알루로네이트, 소듐하이알루로네이트크로스폴리머, 포타슘하이알루로네이트, 하이드로제네이티드레시틴, 세라마이드엔피, 콜레스테롤, 스테아릭애씨드, 마카다미아씨오일, 올레익애씨드, 유채스테롤, 토코페롤, 알에이치-올리고펩타이드-1"
"A000000238744","[속광/화잘먹세럼] 디퍼 소이큐브 엑소리페어 두유 장벽 세럼 50ml","디퍼","50.0","50.0","ml","36000","20800","4160.0","정제수, 올리브오일, 글리세린, 부틸렌글라이콜, 1,2-헥산다이올, 글리세레스-26, 메틸글루세스-20, 나이아신아마이드, 글리세릴스테아레이트, 폴리솔베이트60, 세테아릴올리베이트, 호호바씨오일, 스위트아몬드오일, 해바라기씨오일, 솔비탄올리베이트, 하이드록시에틸아크릴레이트/소듐아크릴로일다이메틸타우레이트코폴리머, 옥수수전분, 만니톨, 수크로오스, 마이크로크리스탈린셀룰로오스, 잔탄검, 인동덩굴꽃추출물, 작약뿌리추출물, 고삼뿌리추출물, 황금추출물, 복사나무잎추출물, 붉나무충영추출물, 녹차추출물, 은행나무잎추출물, 우유엑소좀, 알란토인, 에틸헥실글리세린, 아데노신, 솔비탄아이소스테아레이트, 프로판다이올, 토코페릴아세테이트, 하이드로제네이티드레시틴, 하이드롤라이즈드콜라겐, 콜라겐, 소이아이소플라본,(4,000ppb), 칼슘클로라이드, 칼슘판토테네이트, 세라마이드엔피, 돌콩펩타이드, 향료"
"A000000239096","[2025 어워즈/미백천재앰플] 메디큐브 PDRN 핑크앰플 30ml 어워즈 기획 (+리필50ml+세럼1.5ml*5매)","메디큐브","30.0","81.5","ml","","46000","5644.2","PDRN 앰플
정제수,글리세린,다이프로필렌글라이콜,아이소프로필미리스테이트,글리세레스-26,나이아신아마이드,1,2-헥산다이올,소듐디엔에이,부틸렌글라이콜,폴리글리세린-3,소듐아크릴레이트/소듐아크릴로일다이메틸타우레이트코폴리머,폴리아이소부텐,아크릴레이트/C10-30알킬아크릴레이트크로스폴리머,이리추출물,트로메타민,글리세릴아크릴레이트/아크릴릭애씨드코폴리머,피브이엠/엠에이코폴리머,에틸헥실글리세린,카프릴릴글라이콜,향료,인도멀구슬나무잎추출물,아데노신,카프릴릴/카프릴글루코사이드,솔비탄올리에이트,인도멀구슬나무꽃추출물,소듐하이알루로네이트,다이소듐이디티에이,울금뿌리추출물,사이아노코발아민,하이드롤라이즈드콜라겐,유비퀴논,홀리바질잎추출물,참산호말추출물,팔미토일펜타펩타이드-4,팔미토일트라이펩타이드-1,팔미토일테트라펩타이드-7,카퍼트라이펩타이드-1,아세틸헥사펩타이드-8,연어알추출물,아텔로콜라겐

PDRN 핑크 원데이 세럼
정제수, 글리세린, 부틸렌글라이콜, 폴리글리세린-3, 메틸프로판다이올, 나이아신아마이드, 글리세레스-26, 1,2-헥산다이올, 베타인, 피이지-8, 메틸글루세스-20, 메틸글루세스-10, 카보머, 트로메타민, 판테놀, 에틸헥실글리세린, C12-14알케스-12, 글리세릴아크릴레이트/아크릴릭애씨드코폴리머, 잔탄검, 아데노신, 다이소듐이디티에이, 사카라이드하이드롤리세이트, 사이아노코발아민, 연어알추출물, 폴리글리세릴-10라우레이트, 하이드로제네이티드레시틴, 수용성엘라스틴, 소듐디엔에이, 마이크로크리스탈린셀룰로오스, 소듐하이알루로네이트, 셀룰로오스검, 하이알루로닉애씨드, 수용성콜라겐, 소듐하이알루로네이트크로스폴리머, 하이드롤라이즈드소듐하이알루로네이트, 하이드롤라이즈드하이알루로닉애씨드, 글루타티온, 솔비탄라우레이트, 소듐아세틸레이티드하이알루로네이트, 하이드록시프로필트라이모늄하이알루로네이트, 하이드록시에틸셀룰로오스, 아세틸다이펩타이드-1세틸에스터"
"A000000239819","[NEW] 헤라 컴피 컨디셔닝 에센스 150g","헤라","150.0","150.0","g(약 1ml 상당으로 근사)","60000","47520","3168.0","정제수, 프로판다이올, 글리세린, 1,2-헥산다이올, 다이프로필렌글라이콜, 아이소펜틸다이올, 부틸렌글라이콜, 폴리글리세린-3, 나이아신아마이드, 락토바실러스발효용해물, 에틸헥실글리세린, 아데노신, 에틸헥실팔미테이트, 다이포타슘글리시리제이트, 라이신, 알지닌, 히스티딘, 잔탄검, 소듐글루코네이트, 향료, 피피지-13-데실테트라데세스-24, 글루코오스, 자일로오스, 하이드로제네이티드레시틴, 아크릴레이트/스테아릴메타크릴레이트코폴리머, 흰목이버섯포자낭과추출물, 하이알루로닉애씨드, 펜틸렌글라이콜, 동백나무꽃추출물, 글루코노락톤, 만노오스, 소듐클로라이드, 소듐메틸스테아로일타우레이트, 레시틴, 세라마이드엔피, 동백나무씨추출물, 소듐포스페이트, 팔미토일펜타펩타이드-4, 포타슘클로라이드, 포타슘포스페이트, 마그네슘클로라이드, 칼슘클로라이드, 하이드롤라이즈드디엔에이, 토코페롤, 헥사펩타이드-9"
"A000000239921","[2025 어워즈] 아누아 TXA 다크 스팟 세럼 30mL 어워즈 한정기획 (+리필팩 30mL+패드2매)","아누아","30.0","60.0","ml","","64000","10666.7","정제수, 글리세린, 나이아신아마이드(10%), 트라넥사믹애씨드(4%), 부틸렌글라이콜, 다이에톡시에틸석시네이트, 1,2-헥산다이올, 알부틴, 소듐하이알루로네이트, 알파-알부틴, 아이비고드열매추출물, 한련초추출물, 퀸즈랜드넛오일, 올리브오일, 호호바씨오일, 포도씨오일, 카카오추출물, 하이드롤라이즈드하이알루로닉애씨드, 편백잎추출물, 복사나무꽃추출물, 녹차씨오일, 효모발효추출물, 병풀추출물, 쑥잎추출물, 칸디다봄비콜라/글루코오스/메틸레이프씨데이트발효물, 하이알루로닉애씨드, 펜틸렌글라이콜, 베타인살리실레이트, 수크로오스팔미테이트, 하이드로제네이티드레시틴, 젤란검, 소듐파이테이트, 셀룰로오스, 카프릴릭/카프릭트라이글리세라이드, 판테놀, 사이아노코발아민, 폴리글루타믹애씨드, 3-O-에틸아스코빅애씨드, 세라마이드엔피, 덱스트린, 아시아티코사이드, 마데카식애씨드, 아시아틱애씨드, 다이메틸실란올하이알루로네이트, 하이드롤라이즈드소듐하이알루로네이트, 포타슘하이알루로네이트, 하이드록시프로필트라이모늄하이알루로네이트, 소듐하이알루로네이트크로스폴리머, 소듐하이알루로네이트다이메틸실란올, 소듐아세틸레이티드하이알루로네이트, 소듐아세틸레이티드하이알루로네이트, 잔탄검"
"A000000239993","[NCT 재민PICK] 이즈앤트리 어니언 뉴페어 부스터 2000에스 50ml","이즈앤트리","50.0","50.0","ml","28000","19600","3920.0","정제수, 다이프로필렌글라이콜, 글리세린, 글리세레스-26, 나이아신아마이드, 올리브오일, 에틸헥실팔미테이트, 양파추출물(1,250 ppm), 1,2-헥산다이올, 부틸렌글라이콜, 솔비탄세스퀴올리에이트, 프로판다이올, 소듐아크릴레이트/소듐아크릴로일다이메틸타우레이트코폴리머, 세테아릴올리베이트, 하이드록시아세토페논, 비닐다이메티콘, 폴리아이소부텐, 아크릴레이트/C10-30알킬아크릴레이트크로스폴리머, 솔비탄올리베이트, 하이드롤라이즈드해면, 트로메타민, 소듐폴리아크릴레이트, 에틸헥실글리세린, 아데노신, 카프릴릴/카프릴글루코사이드, 솔비탄올리에이트, 옥수수커넬추출물, 다이소듐이디티에이, 소듐하이알루로네이트, 하이알루로닉애씨드, 하이드롤라이즈드하이알루로닉애씨드, 쇠비름추출물, 프룩탄, 글루코오스, 펜틸렌글라이콜, 하이드롤라이즈드콜라겐, 판테놀, 마데카소사이드, 데실글루코사이드, 폴리글리세릴-10라우레이트, 카프릴릴글라이콜, 포스파티딜콜린, 엑토인, 세라마이드엔피, 레스베라트롤, 알란토인, 베타-시토스테롤"
"A000000240088","[2025 어워즈] VT 리들샷100 50ml 어워즈 기획 (+리들샷300스틱파우치 5개+PDRN에센스100 15ml)","VT","50.0","65.0","ml","32000","23000","3538.5","[브이티 리들샷 100 ] 
정제수, 다이프로필렌글라이콜, 글리세린, 나이아신아마이드, 부틸렌글라이콜, 마카다미아씨오일, 1,2-헥산다이올, 에틸헥실팔미테이트, 소듐아크릴레이트/소듐아크릴로일다이메틸타우레이트코폴리머, 폴리아이소부텐, 실리카, 글리세레스-26, 에틸헥실글리세린, 카프릴릴글라이콜, 아데노신, 소듐폴리아크릴레이트, 소듐하이알루로네이트, 병풀추출물, 카프릴릴/카프릴글루코사이드, 솔비탄올리에이트, 잔탄검, 프로폴리스추출물, 아시아티코사이드, 마데카소사이드, 마데카식애씨드, 아시아틱애씨드, 글루카신, 세린, 글루타믹애씨드, 아스파틱애씨드, 류신, 알라닌, 라이신, 알지닌, 타이로신, 페닐알라닌, 트레오닌, 프롤린, 발린, 아이소류신, 히스티딘, 메티오닌, 시스테인

[브이티 피디알엔 에센스 100]
정제수, 아이소프로필미리스테이트, 카프릴릴/카프릭트라이글리세라이드, 세틸에틸헥사노에이트, 글리세린, 프로판다이올, 나이아신아마이드, 폴리글리세릴-2다이폴리하이드록시스테아레이트, 피이지-30다이폴리하이드록시스테아레이트, 폴리글리세릴-3다이아이소스테아레이트, 1,2-헥산다이올, 토코페롤, 하이드록시아세토페논, 해바라기씨오일, 아크릴레이트/C10-30알킬아크릴레이트크로스폴리머, 알지닌, 아데노신, 세라마이드엔피, 바오밥나무씨오일, 다이소듐이디티에이, 하이드로제네이티드레시틴, 알란토인, 스쿠알란, 판테놀, 폴리글루타믹애씨드, 세라마이드엔에스, 세라마이드이오피, 세라마이드이오피, 산약삼추출물, 소듐디엔에이(0.5ppm)"
"A000000241575","[수분세럼] 닥터엘시아 아쿠아 마린 딥 세럼 30ml","닥터엘시아","30.0","30.0","ml","19000","17100","5700.0","밤부사 불가리스수, 정제수, 1,2-헥산다이올, 글리세린, 나이아신아마이드, 라피노오스, 판테놀, 프로판다이올, 잔탄검, 에틸헥실글리세린, 소듐하이알루로네이트, 아데노신, 카보머, 트로메타민, 다이소듐이디티에이, 말토덱스트린, 부틸렌글라이콜, 하이드롤라이즈드치자추출물, 블루아가베잎추출물, 바다포도추출물, 락토코쿠스발효용해물, 프룩토올리고사카라이드, 병풀추출물, 톳추출물, 향부자추출물, 모자반추출물, 다시마추출물, 구아이아줄렌, 소듐클로라이드, 다이메틸아이소소바이드, 소듐디엔에이, 소듐하이알루로네이트크로스폴리머, 올레일알코올, 하이드롤라이즈드하이알루로닉애씨드"
"A000000242017","[NEW] 헤라 하이드로 듀 플럼핑 앰플 50ml","헤라","50.0","50.0","ml","62000","49100","9820.0","정제수, 글리세린, 변성알코올, 실리카, 시어버터, 1,2-헥산다이올, 스쿠알란, 폴리아크릴레이트크로스폴리머-6, 스테아레스-21, 부틸렌글라이콜, 암모늄아크릴로일다이메틸타우레이트/브이피코폴리머, 글리세릴카프릴레이트, 에틸헥실글리세린,다이소듐이디티에이, 향료, 하벌레아 로도펜시스잎추출물, 아데노신, 하이드롤라이즈드하이알루로닉애씨드, 엑토인, T-부틸알코올, 퉁퉁마디추출물, 프로판다이올, 소듐하이알루로네이트, 에탄올, 토코페롤, 소듐하이알루로네이트크로스폴리머, 하이알루로닉애씨드, 시트릭애씨드, 소듐아세틸레이티드하이알루로네이트"
"A000000242222","헤브블루 메이크업 프로 엑토인 트리 베이스 프렙 30ml","헤브블루","30.0","30.0","ml","39900","26800","8933.3","자작나무수액(517,600PPM), 정제수, 프로판다이올, 부틸렌글라이콜, 다이프로필렌글라이콜, 메틸글루세스-20, 글리세린, 1,2-헥산다이올, 세틸에틸헥사노에이트, 사이클로메티콘, 다이메티콘, 퀸즈랜드넛오일(12,500PPM), 유채스테롤, 콜레스테롤, 하이드로제네이티드레시틴, 아크릴레이트/C10-30알킬아크릴레이트크로스폴리머, 하이드록시아세토페논, 세테스-3, 세테스-5, 트로메타민, 판테놀, 엑토인(1,000PPM), 파스향나무잎추출물, 에틸헥실글리세린, 소듐하이알루로네이트, 하이알루로닉애씨드, 하이드롤라이즈드하이알루로닉애씨드, 다이소듐이디티에이, 하이드롤라이즈드치자추출물, 하이드롤라이즈드맥아추출물, 하이드롤라이즈드삼색제비꽃추출물, 폴리글루타믹애씨드, 알지닌, 알라닌, 히스티딘, 류신, 메티오닌, 타이로신, 글라이신, 글루타믹애씨드"
"A000000242569","[30ml 본품증정/총80ml] 비플레인 녹두 모공 타이트업 세럼 50ml 기획 (+30ml)","비플레인","30.0","80.0","ml","34000","24900","3112.5","정제수, 글리세린, 다이프로필렌글라이콜, 나이아신아마이드, 자일리톨, 1,2-헥산다이올, 부틸렌글라이콜, 하이드록시아세토페논, 아크릴레이트/C10-30알킬아크릴레이트크로스폴리머, 녹두추출물(2,000ppm), 트로메타민, 에틸헥실글리세린, 하이드롤라이즈드치자추출물, 하이드롤라이즈드맥아추출물, 하이드롤라이즈드삼색제비꽃추출물, 멘톡시프로판다이올, 아데노신, 트라이소듐에틸렌다이아민다이석시네이트, 펜틸렌글라이콜, 글리세릴글루코사이드, 석류나무꽃추출물, 덱스트린, 하이알루로닉애씨드, 치자추출물, 녹두씨추출물(5ppm), 얼룩파인애플추출물, 사과추출물, 복숭아추출물, 로우스위트블루베리추출물, 글라이코젠, 아세틸헥사펩타이드-8"
"A000000242711","미샤 비타비 플러스 PDRN 플럼핑 앰플 30ml","미샤","30.0","30.0","ml","32000","21280","7093.3","정제수*, 글리세린, 메틸프로판다이올, 1,2-헥산다이올*, 다이프로필렌글라이콜, 나이아신아마이드(20,000ppm), 폴리글리세릴-3, 인도멜구슬나무꽃추출물, 홀리바질잎추출물, 인도멜구슬나무잎추출물, 소듐하이알루로네이트, 울금뿌리추출물, 찬차오뿌리추출물, 락토바실러스/호밀가루발효물, 락토바실러스/소이밀크발효여과물, 바실러스/소이빈발효추출물, 동백오일*, 키토산*, 판테놀(4,975ppm), 암모늄아크릴로일다이메틸타우레이트/다이메티콘코폴리머, 폴리글리세릴-10라우레이트, 프로판다이올, 다이페닐실로메티콘, 소듐다이엔에이(20,000ppb), 트라이에틸헥사노인, 트로메타민, 에틸헥실글리세린, 하이드록시에틸셀룰로오스*, 아데노신, 사이아노코발아민(200,000ppb), 소듐파이테이트, 베타-글루칸*, C12-13파레스-9*, 토코페롤, 아스코빅애씨드, 부틸렌글라이콜*, 펜틸렌글라이콜*, 레티놀, 폴리솔베이트 20*, 판테닐에틸에터*, 판토테닉애씨드*(0.002ppb), 피리독신HCl*(0.02ppb), 티아민에이치씨엘*(0.01ppb), 세라마이드엔피, 리보플라빈(0.001ppb), 카보머, 잔탄검

* VITA B + 리포솜 포뮬러
판테놀, 사이아노코발아민, 폴릭애씨드, 판토테닉애씨드, 피리독신, 티아민에이치씨엘, 리보플라빈, 세라마이드엔피, 하이드로제네이티드레시틴 등 * 참고

* 원료 고유의 색 함유로 시간이 지나면서 색이 옅어질 수 있으나, 제품에는 이상이 없습니다."
"A000000242744","키엘 아이리스 엑스트렉트 엑티베이팅 트리트먼트 에센스 200ml","키엘","200.0","200.0","ml","75000","59250","2962.5","정제수 부틸렌글라이콜 글리세린 디프로필렌글라이콜 변성알코올 메칠글루세스-10 페녹시에탄올 피피지-6-데실테트라데세스-30 클로페네신 향료 카프릴로일살리실릭애씨드 테트라소듐이디티에이 오리스뿌리추출물 소듐하이알루로네이트 잔탄검 시트릭애씨드 소듐시트레이트 아데노신 리모넨"
"A000000242748","빌리프 프라블럼 솔루션 비건 에센스 50ml","빌리프","50.0","50.0","ml","52000","39900","7980.0","정제수, 다이프로필렌글라이콜, 1,2-헥산다이올, 글리세린, 판테놀, 헥실데실에틸헥사노에이트, 하이드로제네이티드폴리데센, 네오펜틸글라이콜다이카프레이트, 폴리메틸메타크릴레이트, 우엉뿌리추출물+, 라벤더꽃추출물+, 로즈마리잎추출물+, 에키네시아추출물+, 포트마리골드꽃추출물*+, 귀리커넬추출물*, 개박하추출물*, 라즈베리잎추출물*, 와일드인디고뿌리추출물*, 별꽃추출물*, 4-터피네올**, 토타롤**, 일본목련나무껍질추출물, 유칼립투스잎추출물, 폴스애플민트잎추출물, 로즈힙열매추출물, 카르니틴, 살리실릭애씨드, 티트리추출물, 다이카프릴릴에터, 스테아릴알코올, C14-22알코올, 폴리글리세릴-3다이스테아레이트, 부틸렌글라이콜, 솔비탄스테아레이트, 폴리글리세릴-10스테아레이트, 트로메타민, 폴리글리세릴-10올리에이트, 카보머, 코코-카프릴레이트/카프레이트, 아크릴레이트/C10-30알킬아크릴레이트크로스폴리머, C12-20알킬글루코사이드, 글리세릴스테아레이트에스이, 폴리글리세릴-3메틸글루코오스다이스테아레이트, 암모늄아크릴로일다이메틸타우레이트/브이피코폴리머, 티타늄디옥사이드(CI 77891), 마이카, 잔탄검, 글리세릴스테아레이트시트레이트, 트라이소듐이디티에이, 적색산화철, 토코페롤, 오렌지껍질오일++, 센티드제라늄꽃오일++, 리모넨, 시트로넬올, 제라니올, 리날룰

*표시: Napiers Original Formula / +표시: Napiers Mild Formula / **표시: Totaneol™ / ++표시: 식물 유래 향"
"A000000243070","[물광샷/수분광채] 라네즈 워터뱅크 아쿠아 페이셜 세럼 30ml 기획 (+13ml+모이스춰 크림 25ml)","라네즈","30.0","68.0","ml","35000","25200","3705.9","정제수, 베타인, 글루코노락톤, 글리세린, 부틸렌글라이콜, 다이프로필렌글라이콜, 소듐락테이트, 글리세레스-26, 나이아신아마이드, 다이메틸아이소소바이드, 트로메타민, 락토바실러스발효용해물, 1,2-헥산다이올, 카페인, 다이에톡시에틸석시네이트, 빌베리열매추출물, 알란토인, 덱스트린, 프로판다이올, 펙틴, 사탕수수추출물, 살리실릭애씨드, 소듐글루코네이트, 스핑고모나스발효추출물, 락틱애씨드, 글라이콜릭애씨드, 에틸헥실글리세린, 잔탄검, 오렌지추출물, 레몬추출물, 사이클로덱스트린, 아크릴레이트/스테아릴메타크릴레이트코폴리머, 하이드롤라이즈드하이알루로닉애씨드, 흰목이버섯포자낭과추출물, 하이알루로닉애씨드, 설탕단풍추출물, 프로테아제, 칼슘클로라이드, 세라마이드엔피, 글루타티온, 폴리글루타믹애씨드, 소듐하이알루로네이트크로스폴리머-6, 글리세릴카프릴레이트, 하이드롤라이즈드디엔에이"
"A000000243164","[크림증정/속광탄력] 닥터지 블랙 스네일 레티놀 앰플 50ml 증정 기획 (+스네일 크림 20ml+마스크팩 1매)","닥터지","50.0","70.0","ml","","29000","4142.9","[크림]
정제수, 글리세린, 다이프로필렌글라이콜, 세테아릴알코올, 사이클로펜타실록세인, 카프릴릭/카프릭트라이글리세라이드, 트라이에틸헥사노인, 하이드로제네이티드폴리데센, 1,2-헥산다이올, 나이아신아마이드, 하이드로제네이티드폴리(C6-14올레핀), 사이클로헥사실록세인, 글리세릴스테아레이트에스이, 참마뿌리추출물, 카바카바잎/뿌리/줄기추출물, 우엉뿌리추출물, 진흙버섯추출물, 병풀추출물, 쇠비름추출물, 프로폴리스추출물, 하이드로제네이티드레시틴, 아르간커넬오일, 소듐하이알루로네이트, 다이메티콘, 세테아릴올리베이트, 부틸렌글라이콜, C12-16알코올, 글리세릴스테아레이트, 피이지-100스테아레이트, 마이크로크리스탈린셀룰로오스, 스쿠알란, 세테아릴글루코사이드, 메틸프로판다이올, 솔비탄올리베이트, 하이드록시에틸아크릴레이트/소듐아크릴로일다이메틸타우레이트코폴리머, 달팽이점액여과물(2,000ppm), 팔미틱애씨드, 하이드로제네이티드폴리아이소부텐, 베타인, 에탄올, 글라이코실트레할로오스, 셀룰로오스검, 아이소노닐아이소노나노에이트, 폴리글리세릴-10스테아레이트, 하이드롤라이즈드옥수수전분, 폴리솔베이트60, 에틸헥실글리세린, 하이드로제네이티드스타치하이드롤리세이트, 라피노오스, 스테아릭애씨드, 시어버터, 아데노신, 폴리글리세릴-2다이폴리하이드록시스테아레이트, 베타-글루칸, 다이소듐이디티에이, 레시틴, 솔비탄아이소스테아레이트, 수크로오스, 카라멜, 글루코오스, 이눌린라우릴카바메이트, 폴리쿼터늄-51, 프로필렌글라이콜, 다이소듐스테아로일글루타메이트, 바이오사카라이드검-1, 진주가루, 토코페롤, 향료, 페녹시에탄올, 리날룰, 벤질살리실레이트, 리모넨, 하이드록시시트로넬알, 제라니올

[앰플]
정제수, 프로판다이올, 글리세린, C13-16아이소알케인, 글리세레스-26, 나이아신아마이드, 펜틸렌글라이콜, 달팽이점액여과물(17,550ppm), 스쿠알란, 헵틸운데실레네이트, 폴리글리세릴-3다이스테아레이트, 1,2-헥산다이올, 글리세릴스테아레이트, 베타인, 하이드로제네이티드폴리데센, 하이드로제네이티드폴리아이소부텐, 운데케인, 하이드로제네이티드폴리(C6-14올레핀), 합성사파이어, 트라이데케인, 아크릴레이트/C10-30알킬아크릴레이트크로스폴리머, 향료, 하이드록시아세토페논, 하이드로제네이티드레시틴, 부틸렌글라이콜, 세틸팔미테이트, 하이드로제네이티드올리브오일불검화물, 코코-카프릴레이트/카프레이트, 맥아추출물, 솔비탄올리베이트, 솔비탄팔미테이트, 참마뿌리추출물, 글리세릴스테아레이트시트레이트, 잔탄검, 아데노신, 트로메타민, 한련초추출물, 아이비고드열매추출물, 하이드롤라이즈드옥수수전분, 다이소듐이디티에이, 베타-글루칸, 소듐폴리아크릴레이트, 수크로오스, 바이오사카라이드검-1, 폴리에터-1, 알란토인, 다이메틸아이소소바이드, 에틸헥실글리세린, 글리세릴올리에이트, 카프릴릭/카프릭트라이글리세라이드, 토코페롤, 라우릴글루코사이드, 폴리글리세릴-6라우레이트, 미리스틸글루코사이드, 하이드록시피나콜론레티노에이트(1,035ppb), 마카다미아씨오일, 옥틸도데칸올, 하이드롤라이즈드콜라겐, 하이드롤라이즈드하이알루로닉애씨드, 레티놀(950ppb), 말토덱스트린, 유채스테롤, 포스파티딜콜린, 글라이코리피드, 콜레스테롤, 병풀추출물, 펜타에리스리틸테트라-다이-t-부틸하이드록시하이드로신나메이트, 알루미늄/마그네슘하이드록사이드스테아레이트, 자이모모나스발효추출물, 하이드록시데실유비퀴논, 진주추출물, 트리스(테트라메틸하이드록시피페리딘올)시트레이트, 페룰릭애씨드, 꿀추출물, 팔미토일펜타펩타이드-4

[마스크팩]
정제수, 달팽이점액여과물, 메틸프로판다이올, 글리세린, 나이아신아마이드, 하이드록시아세토페논, 1,2-헥산다이올, 세틸에틸헥사노에이트, 아크릴레이트/C10-30알킬아크릴레이트크로스폴리머, 소듐폴리아크릴로일다이메틸타우레이트, 프로판다이올, 알란토인, 스쿠알란, 소듐폴리아크릴레이트, 하이드로제네이티드레시틴, 폴리글리세릴-10아이소스테아레이트, 에틸헥실글리세린, 카프릴릴글라이콜, 잔탄검, 아데노신, 카프릴릭/카프릭트라이글리세라이드, 맥아추출물, 폴리글리세릴-10올리에이트, 트로메타민, 소듐파이테이트, 부틸렌글라이콜, 향료, 글루코노락톤, 백미꽃추출물, 접시꽃추출물, 토코페롤, 쇠비름추출물, 베타-글루칸, 다이프로필렌글라이콜, 펜틸렌글라이콜, 글리세릴올리에이트, 진흙버섯추출물, 수용성콜라겐, 알지닌, 라우릴글루코사이드, 미리스틸글루코사이드, 폴리글리세릴-6라우레이트, 참마뿌리추출물, 팔미토일펜타펩타이드-4"
"A000000243473","[차세대 레티놀 / 피부 텐션] 아렌시아 레틴알 부스터 샷 30ml","아렌시아","30.0","30.0","ml","31000","24800","8266.7","정제수, 글리세린, 메틸프로판다이올, 부틸렌글라이콜, 카프릴릭/카프릭트라이글리세라이드, 1,2-헥산다이올, 나이아신아마이드, 세틸에틸헥사노에이트, 세테아릴올리베이트, 폴리글리세릴-3메틸글루코오스다이스테아레이트, 다이아이소스테아릴말레이트, 소듐폴리아크릴레이트, 솔비탄올리베이트, 아크릴레이트/C10-30알킬아크릴레이트크로스폴리머, 알지닌, 마카다미아씨오일, 하이드로제네이티드레시틴, 에틸헥실글리세린, 아데노신, 치자추출물, 잔탄검, 콜레스테롤, 폴리글리세릴-10라우레이트, 알란토인, 레틴알(200ppm), 실리카, 유채스테롤, 덱스트린, 판테놀, 토코페롤, 알루미늄/마그네슘하이드록사이드스테아레이트, 포타슘세틸포스페이트, 펜타에리스리틸테트라-다이-t-부틸하이드록시하이드로신나메이트, 카페인, 다이소듐이디티에이, 엑토인, 바쿠치올, 세라마이드엔피, 병풀추출물, 글라이코스핑고리피드, 팔미토일펜타펩타이드-4, 헥사펩타이드-2, 헥사펩타이드-9, 트라이펩타이드-1, 펜타펩타이드-3, 팔미토일트라이펩타이드-1, 팔미토일트라이펩타이드-5, 아세틸헥사펩타이드-8, 카퍼트라이펩타이드-1"
"A000000243477","[잡티 브레이크 / 강력토닝] 아렌시아 비타민 C 부스터 샷 30ml","아렌시아","30.0","30.0","ml","31000","24800","8266.7","정제수, 글리세린, 메틸프로판다이올, 3-O-에틸아스코빅애씨드(50,000ppm), 부틸렌글라이콜, 카프릴릭/카프릭트라이글리세라이드, 1,2-헥산다이올, 나이아신아마이드, 세틸에틸헥사노에이트, 세테아릴 올리베이트, 폴리글리세릴-3메틸글루코오스다이스테아레이트, 다이아이소스테아릴말레이트, 소듐폴리아크릴레이트, 아크릴레이트/C10-30알킬아크릴레이트크로스폴리머, 솔비탄올리베이트, 알지닌, 치자추출물, 잔탄검, 에틸헥실글리세린, 덱스트린, 아데노신, 알란토인, 아스코빅애씨드(10ppm), 글루타티온, 판테놀, 피리독신, 토코페롤, 아스코빌글루코사이드, 소듐아스코빌포스페이트"
"A000000243732","[NEW/신상] 메이크프렘 NMN 퍼밍 엑스퍼트 앰플 50ml","메이크프렘","50.0","50.0","ml","","34000","6800.0","정제수, 글리세린, 다이프로필렌글라이콜, 스쿠알란, 펜타에리스리틸테트라에틸헥사노에이트, 메틸트라이메티콘, 나이아신아마이드, 부틸렌글라이콜, 베타인, 니코틴아마이드모노뉴클레오타이드(10,000ppm), 메틸프로판다이올, 폴리솔베이트60, 글리세릴스테아레이트, 글리세릴스테아레이트에스이, 폴리메틸실세스퀴옥세인, 아라키딜알코올, C14-22알코올, 카보머, 베헤닐알코올, 알지닌, 하이드로제네이티드캐스터오일/세바식애씨드코폴리머, 아라키딜글루코사이드, 에틸헥실글리세린, C12-20알킬글루코사이드, 니코틴아마이드아데닌다이뉴클레오타이드, 알란토인, 판테놀, 카프릴하이드록사믹애씨드, 소듐아크릴레이트/소듐아크릴로일다이메틸타우레이트코폴리머, 폴리아이소부텐, 아데노신, 인도멀구슬나무꽃추출물, 1,2-헥산다이올, 홀리바질잎추출물, 덱스트린, 카카오추출물, 다이소듐이디티에이, 인도멀구슬나무잎추출물, 레몬밤잎추출물, 울금뿌리추출물, 레스베라트롤, 소듐하이알루로네이트, 참산호말추출물, 폴리쿼터늄-51, 카프릴릴/카프릴글루코사이드, 솔비탄올리에이트, 하이드롤라이즈드하이알루로닉애씨드, 소듐아세틸레이티드하이알루로네이트, 폴리솔베이트20, 트라이펩타이드-1, 헥사펩타이드-9, 팔미토일트라이펩타이드-5, 팔미토일펜타펩타이드-4, 팔미토일테트라펩타이드-7"
"A000000243787","CKD 레티노콜라겐 저분자 300 괄사 리프팅 세럼 40ml","CKD","40.0","40.0","ml","38000","19800","4950.0","정제수, 글리세린, 프로판다이올, 펜틸렌글라이콜, 나이아신아마이드, 1,2-헥산다이올, 스쿠알란, 베타인, 부틸렌글라이콜, 판테놀, 자일리틸글루코사이드, 아이리쉬모스추출물, 안하이드로자일리톨, 폴리글리세릴-3다이스테아레이트, 카보머, 사탕수수추출물, 하이드로제네이티드레시틴, 암모늄아크릴로일다이메틸타우레이트/브이피코폴리머, 트로메타민, 자일리톨, 마카다미아씨오일, 에틸헥실글리세린, 아데노신, 메도우폼씨오일, 하이드로제네이티드폴리데센, 트라이아이소스테아린, 베르가모트오일, 글리세릴스테아레이트시트레이트, 라벤더오일, 소듐하이알루로네이트, 카프릴릭/카프릭트라이글리세라이드, 소듐파이테이트, 시어버터, 하이드롤라이즈드콜라겐(73ppm), 팔미토일트라이펩타이드-5, 세라마이드엔피, 진흙버섯추출물, 폴리글리세릴-10라우레이트, 폴리글리세릴-3메틸글루코오스다이스테아레이트, 클레리오일, 타라열매추출물, 베타-글루칸, 콜레스테롤, 유채스테롤, 피이지-5레이프씨드스테롤, 레틴알(10ppm), 실리카, 코토니추출물, 세테스-3, 세테스-5, 토코페롤, 알루미늄/마그네슘하이드록사이드스테아레이트, 다이프로필렌글라이콜, 소듐하이알루로네이트크로스폴리머, 토코페릴아세테이트, 하이드롤라이즈드글라이코사미노글리칸, 포타슘세틸포스페이트, 펜타에리스리틸테트라-다이-t-부틸하이드록시하이드로신나메이트, 소듐아스코빌포스페이트, 벤질글라이콜, 하이드롤라이즈드하이알루로닉애씨드, 다이소듐이디티에이, 하이드롤라이즈드엘라스틴, 소듐디엔에이, 카프릴릴/카프릴글루코사이드, 하이알루로닉애씨드, 풀루란, 리모넨, 리날룰"
"A000000244213","바이오던스 하이드로 세라놀 세럼 30ml","바이오던스","30.0","30.0","ml","32000","23900","7966.7","정제수, 프로판다이올, 글리세린, 판테놀, 부틸렌글라이콜, 나이아신아마이드 , 1,2-헥산다이올, 펜틸렌글라이콜, 카프릴릭/카프릭트라이글리세라이드, 비닐다이메티콘, 세테아릴올리베이트, 소듐폴리아크릴로일다이메틸타우레이트, 솔비탄올리베이트, 다이페닐실록시페닐트라이메티콘, 암모늄폴리아크릴로일다이메틸타우레이트, 잔탄검, 에틸헥실글리세린, 옥틸도데칸올, 아데노신, 다이소듐이디티에이, 시트릭애씨드, 알란토인, 에키움 플란타기네움씨오일, 하이드로제네이티드레시틴, t-부틸알코올, 스테아릭애씨드, 들깨추출물, 해바라기씨오일불검화물, 선덩굴꽃/잎/덩굴추출물, 소듐하이알루로네이트, 세라마이드엔피, 토코페롤, 세라마이드엔에스, 콜레스테롤, 하이드록시프로필트라이모늄하이알루네이트,피토스핑고신, 세라마이드에이피, 세라마이드에이에스, 하이드롤라이즈드하이알루로닉애씨드, 소듐아세틸레이티드하이알루로네이트, 하이알루로닉애씨드, 하이드롤라이즈드소듐하이알루오네이트, 소듐하이알루로네이트크로스폴리머, 포타슘하이알루로네이트, 세라마이드이오피"
"A000000244286","[붉은기진정] 아이디플라코스메틱 엑소브이 부스터 앰플 30ml","아이디플라코스메틱","30.0","30.0","ml","","24000","8000.0","확정세포배양액9, 정제수, 부틸렌글라이콜,1,2-헥산다이올, 아이소펜틸다이올, 나이아신아마이드, 라피노오스, 소듐하이알루로네이트, 에틸헥실글리세린, 아데노신, 다이소듐이디티에이, 폴리쿼터늄-51, 콜라겐, *록샘파이어캘러스배양여과물(100ppm), 글루타티온, *락토바실러스세포외소포(100ppm), **레시틴, **소듐디엔에이, **다이포타슘글리시리제이트, 펜틸렌글라이콜, 아세틸트라이펩타이드-53아마이드, 바오밥나무펄프추출물, **알지닌, 소듐시트레이트, 시트릭애씨드, 말뱅이나물꽃/잎/씨/줄기추출물, **니코틴아마이드아데닌다이뉴클레오타이드, 카퍼트라이펩타이드-1, 트라이펩타이드-1, 페닐프로판올, 아세틸헥사펩타이드-8, 노나펩타이드-1, 팔미토일테트라펩타이드-7, 팔미토일트라이펩타이드-1, 팔미토일헥사펩타이드-12, 팔미토일트라이펩타이드-5, **세라마이드엔피, **콜레스테롤, 아세틸옥타펩타이드-3, 아세틸테트라펩타이드-3, 아세틸테트라펩타이드-5, 다이펩타이드다이아미노부티로일벤질아마이드다이아세테이트, 다이펩타이드-2, 헥사펩타이드-11, 헥사펩타이드-9, 올리고펩타이드-1, 팔미토일펜타펩타이드-4, 펜타펩타이드 -3, 독자성분 : *ID 2EXO-V™, **ID Booster Liposome™"
"A000000244813","[원조버블세럼] 디마프 히어로 마이 퍼스트 세럼 50ml","디마프","50.0","50.0","ml","16000","14400","2880.0","정제수, 메틸프로판다이올 글리세린, 부틸렌글라이콜, 마카다미아씨오일, 호호바씨오일, 다이프
로필렌글라이콜, 1,2-헥산다이올, 달맞이꽃꽃추출물, 소듐하이알루로네이트, 하이알루로닉애씨
드, C12-14알케스-12, 네오펜틸글라이콜다이카프레이트, 베타인, 판테놀, 자일리톨, 세라마이드
엔피, 알란토인, 암모늄아크릴로일다이메틸타우레이트/브이피코폴리머, 카보머, 알지닌, 카프릴
릴글라이콜, 스타아니스추출물, 에틸헥실글리세린, 다이소듐이디티에이"
"A000000244899","[10초물광/연어PDRN] 메디큐브 PDRN 핑크 콜라겐 버블 세럼 95ml","메디큐브","95.0","95.0","ml","28500","24400","2568.4","정제수, 나이아신아마이드, 해바라기씨오일, 글리세린, 하이드로제네이티드폴리(C6-14올레핀), C12-14알케스-12, 1,2-헥산다이올, 프로판다이올, 아이소도데케인, 에틸헥실팔미테이트, 세틸에틸헥사노에이트, 에틸헥실글리세린, 암모늄아크릴로일다이메틸타우레이트/브이피코폴리머, 트라이에틸시트레이트, 아데노신, 토코페롤, 다이소듐이디티에이, 사이아노코발아민, 콜라겐, 만주자작나무껍질/잎추출물, 소듐디엔에이, 피마자씨오일, 스타아니스열매/씨오일, 레몬그라스잎오일, 콜라겐추출물, 잔탄검, 레티놀, 판테놀, 하이드롤라이즈드콜라겐, 부틸렌글라이콜, 카프릴릭/카프릭트라이글리세라이드, 세라마이드엔피, 하이드로제네이티드레시틴, 소듐하이알루로네이트, 하이알루로닉애씨드, 소듐하이알루로네이트크로스폴리머, 세린, 우유단백질추출물, 하이드롤라이즈드소듐하이알루로네이트, 하이드롤라이즈드하이알루로닉애씨드, 글루타믹애씨드, 아스파틱애씨드, 소듐아세틸레이티드하이알루로네이트, 하이드록시프로필트라이모늄하이알루로네이트"
"A000000244937","코스알엑스 프로폴리스 라이트 앰플 30ml","코스알엑스","30.0","30.0","ml","","23500","7833.3","프로폴리스추출물, 부틸렌글라이콜, 글리세린, 베타인,1,2-헥산다이올, 결명씨추출물, 소듐하이알루로네이트,하이드록시에틸셀룰로오스, 카보머, 판테놀, 알지닌"
"A000000244960","하루하루원더 블랙라이스 프로바이오틱스 베리어 에센스 120ml","하루하루원더","120.0","120.0","ml","32000","29120","2426.7","정제수, 부틸렌글라이콜, 해바라기씨오일, 카프릴릭/카프릭트라이글리세라이드, 하이드로제네이티드폴리아이소부텐, 메도우폼씨오일, 부틸렌글라이콜다이카프릴레이트/다이카프레이트, 1,2-헥산다이올, 포타슘세틸포스페이트, 세테아릴알코올, 하이드록시아세토페논, 글리세린, 글리세릴스테아레이트, 흑미추출물(2,000ppm), 죽순껍질추출물(2,000ppm), 하이드로제네이티드레시틴, 폴리글리세릴-10라우레이트, 폴리글리세릴-3메틸글루코오스다이스테아레이트, 잔탄검, 갈락토미세스발효여과물(1,000ppm), 판테놀, 비피다발효여과물(1,000ppm), 아스퍼질러스발효물, 에틸헥실글리세린, 아크릴레이트/C10-30알킬아크릴레이트크로스폴리머, 세라마이드엔피, 다이소듐이디티에이, 펜틸렌글라이콜, 트로메타민, 시어버터, 피토스테롤, 쌀지게미추출물(100ppm), 홍삼추출물, 스테아릭애씨드, 팔미틱애씨드, 카프릴릴글라이콜, 스쿠알란, 하이드롤라이즈드밀단백질, 사이클로덱스트린, 아라키딕애씨드, 미리스틱애씨드, 올레익애씨드, 세라마이드엔에스, 피토스핑고신, 콜레스테롤, 세라마이드에이에스, 세라마이드에이피, 세라마이드이오피"
"A000000245737","[민감진정] 휩드 머그트리 비건 휘핑 버블 세럼 92ml","휩드","92.0","92.0","ml","27000","18900","2054.3","정제수, 프로판다이올, 글리세레스-26, 나이아신아마이드, 폴리글리세릴-10라우레이트, 1,2-헥산다이올, 다이프로필렌글라이콜, 에리스리톨, 자일리톨, 하이드록시아세토페논, 메틸다이아이소프로필프로피온아마이드, 판테놀, 부틸렌글라이콜, 에틸헥실글리세린, 아데노신, 향료, 글리세린, 트라이소듐에틸렌다이아민다이석시네이트, 황련뿌리추출물, 잇꽃꽃추출물, 알로에베라잎추출물, 참마뿌리추출물, 다시마추출물, 당느릅나무뿌리추출물, 제비꽃꽃추출물, 덱스트린, 치자추출물, 옥수수커넬추출물, 사철쑥추출물, 티트리추출물, 시트릭애씨드, 하이알루로닉애씨드, 하이드롤라이즈드하이알루로닉애씨드, 소듐시트레이트, 소듐하이알루로네이트, 펜틸렌글라이콜, 트루로즈오브예리코추출물, 병풀추출물, 프룩탄, 마데카소사이드, 데실글루코사이드, 글루코오스, 카프릴릴글라이콜, 병풀잎추출물, 알란토인, 스쿠알란, 소듐디엔에이, 리모넨, 시트로넬올"
"A000000245934","[기미원데이키트] 코페르 큐리페어 멜더 SOS 시스템 5개입 (1.5ml*5ea)","코페르","1.5","1.5","ml","","19500","130000.0","정제수, 카프릴릭/카프릭트라이글리세라이드, 에틸헥실팔미테이트, 해바라기씨오일, 글리세린, 사이클로펜타실록세인, 사이클로헥사실록세인, 다이프로필렌글라이콜, 나이아신아마이드, 폴리글리세릴-2다이폴리하이드록시스테아레이트, 세틸피이지/피피지-10/1다이메티콘, 다이메티콘, 1,2-헥산다이올, 솔비탄세스퀴올리에이트, 실리카, 하이드로제네이티드폴리데센, 소듐클로라이드, 트라이하이드록시스테아린, 마트리카리아꽃추출물, 인동덩굴꽃추출물, 병풀추출물, 호장근뿌리추출물, 황금추출물, 녹차추출물, 스페인감초뿌리추출물, 로즈마리잎추출물, 에스에이치-올리고펩타이드-1, 에스에이치-올리고펩타이드-2, 에스에이치-폴리펩타이드-1, 에스에이치-폴리펩타이드-3, 에스에이치-폴리펩타이드-9, 에스에이치-폴리펩타이드-16, 에스에이치-폴리펩타이드-62, 에스에이치-폴리펩타이드-11, 에스에이치-폴리펩타이드-22, 에스에이치-폴리펩타이드-60, 락토바실러스발효용해물, 에틸헥실글리세린, 녹두씨추출물, 콘민트잎추출물, 보리추출물, 메밀씨추출물, 팥추출물, 다이포타슘글리시리제이트, 카페인, 부틸렌글라이콜, 카프릴릴글라이콜, 스타아니스추출물, 잔탄검, 아데노신, 다이소듐이디티에이, 라벤더오일, 리날룰"
"A000000246123","[단독기획] 더마팩토리 나이아신아마이드 20% 세럼 30ml 2입 기획","더마팩토리","30.0","60.0","ml","","12000","2000.0","다마스크장미꽃수, 나이아신아마이드, 글리세린, 부틸렌글라이콜, 1,2-헥산다이올, 아크릴레이트/C10-30알킬아크릴레이트크로스폴리머, 에틸헥실글리세린, 트로메타민, 잔탄검, 다이소듐이디티에이"
"A000000246183","[모공탄력세럼] 그라운드플랜 블랙 마이크로 인퓨전 버블 세럼 115ml","그라운드플랜","115.0","115.0","ml","39000","32500","2826.1","정제수, 프로판다이올, 다이프로필렌글라이콜, 글리세린, 나이아신아마이드, 펜틸렌글라이콜, C12-14알케스-12, 옥틸도데세스-16, 부틸렌글라이콜, 하이드록시아세토페논, 잔탄검, 살리실릭애씨드, 소듐시트레이트, 버지니아풍년화수, 시트릭애씨드, 에틸헥실글리세린, 아데노신, 1,2-헥산다이올, 다이소듐이디티에이, 센티드제라늄꽃오일, 당느릅나무뿌리추출물, 줄맨드라미씨추출물, 하이드로제네이티드레시틴, 병풀추출물, 무화과추출물, 살비아오일, 멕시칸주니퍼오일, 트루구아이악목부오일, 광곽향오일, 아틀라스시다나무껍질오일, 세라마이드엔피, 발삼아미리스껍질오일, 베르가모트오일, 라다넘오일, 베티버뿌리오일, 후추씨오일, 토코페롤, 소듐디엔에이, 소두구씨오일, 센티드제라늄오일, 글루타티온, 소듐아스코빌포스페이트, 소듐하이알루로네이트, 이노시톨, 판테놀, 하이드롤라이즈드콜라겐, 엑토인, 카프릴릭/카프릭트라이글리세라이드, 돌콩오일, 장미꽃오일, 레티놀, 검은서양송로추출물, 진주추출물, 캐비아추출물, 프로폴리스추출물, 팔미토일트라이펩타이드-5, 시트로넬올, 제라니올, 리날룰"
"A000000246189","[이준박사 공동개발] 밀리밀리 500달톤 프로틴 앰플 30ml","밀리밀리","30.0","30.0","ml","","22000","7333.3","정제수, 세틸에틸헥사노에이트, 부틸렌글라이콜, 카프릴릭/카프릭트라이글리세라이드, 폴리글리세릴-3폴리리시놀리에이트, 페닐트라이메티콘, 글리세린, 나이아신아마이드, 폴리글리세릴-6폴리리시놀리에이트, 1,2-헥산다이올, 마그네슘설페이트, 폴리글리세릴-4아이소스테아레이트, 다이스테아다이모늄헥토라이트, 코코-카프릴레이트/카프레이트, 하이드록시아세토페논, 글라이콜다이스테아레이트, 시어버터, 판테놀, 스테아레스-4, 흰목이버섯폴리사카라이드, 아데노신, 잔탄검, 서양배추출물, 스클레로튬검, 다이소듐이디티에이, 다마스크장미꽃수, 서양송악잎/줄기추출물, 하이드롤라이즈드콜라겐(100ppm), 소듐벤조에이트, 비치스트로베리추출물, 아니스열매추출물, 하이드로제네이티드레시틴, 알진, 세테아릴알코올, 황금추출물, 석영, 스테아릭애씨드, 비타민나무열매추출물, 드럼스틱씨추출물, 프로방스장미꽃추출물, 실크추출물(5ppm), 프룩탄, 하이드롤라이즈드익스텐신(5ppm), 하이드롤라이즈드콩단백질(3ppm), 실크아미노산(3ppm), 하이드롤라이즈드실크(2ppm), 측백나무잎추출물, 벤질글라이콜, 타임추출물, 라벤더추출물, 로즈마리추출물, 오레가노꽃/잎/줄기추출물, 초피나무열매추출물, 하이드롤라이즈드엘라스틴(1ppm), 우유추출물, 에틸헥실글리세린, 호장근뿌리추출물, 세라마이드엔피, 하이드롤라이즈드소듐하이알루로네이트, 다이메틸실란올하이알루로네이트, 하이드롤라이즈드하이알루로닉애씨드, 하이알루로닉애씨드, 포타슘하이알루로네이트, 하이드롤라이즈드콜라겐추출물(0.1ppm), 소듐하이알루로네이트, 카퍼트라이펩타이드-1(0.1ppm), 피토스핑고신, 콜레스테롤, 소듐하이알루로네이트크로스폴리머, 하이드록시프로필트라이모늄하이알루로네이트, 세라마이드엔지, 세라마이드엔에스, 세라마이드에이에스, 세라마이드에이피, 소듐하이알루로네이트다이메틸실란올, 라즈베리케톤, 카프릴릴글라이콜, 팔미토일테트라펩타이드-7(0.05ppm), 아세틸헥사펩타이드-8(0.05ppm), 소듐아세틸레이티드하이알루로네이트, 팔미토일트라이펩타이드-1(0.01ppm), 카페오일헥사펩타이드-65(0.01ppm), 팔미토일펜타펩타이드-4(0.01ppm), 페닐알라닌(0.001ppm), 프롤린(0.001ppm), 아스파틱애씨드(0.001ppm), 알라닌(0.001ppm), 알지닌(0.001ppm), 에스에이치-올리고펩타이드-1(0.001ppm), 에스에이치-올리고펩타이드-2(0.001ppm), 에스에이치-폴리펩타이드-11(0.001ppm), 아이소류신(0.001ppm), 세린(0.001ppm), 류신(0.001ppm), 메티오닌(0.001ppm), 발린(0.001ppm), 글루타믹애씨드(0.001ppm), 글라이신(0.001ppm), 콜라겐추출물(0.001ppm), 히스티딘(0.001ppm), 타우린, 오르니틴(0.001ppm), 소듐아스코빌포스페이트, 마그네슘아스코빌포스페이트, 테트라헥실데실아스코베이트, 소듐리보플라빈포스페이트, 세라마이드이오피, 아스코빌글루코사이드"
"A000000246194","[6.9배 속보습 진정세럼] 레이어랩 니오좀 판테놀 5% 세럼 30ml","레이어랩","30.0","30.0","ml","42000","29900","9966.7","미네랄워터(44.6%), 글리세린, 부틸렌글라이콜, 정제수, 판테놀(5%), 나이아신아마이드(4%), 다이프로필렌글라이콜, 1,2-헥산다이올, 알로에베라잎추출물, 세라마이드엔피, 콜레스테롤, 알란토인, 베타-시토스테롤, 시어버터, 피토스핑고신, 베타-글루칸, 카프릴릭/카프릭트라이글리세라이드, 솔비톨, 마데카소사이드, 아시아티코사이드, 아시아틱애씨드, 마데카식애씨드, 올리브오일, 하이드로제네이티드레시틴, 스쿠알란, 암모늄아크릴로일다이메틸타우레이트/브이피코폴리머, 폴리글리세릴-10라우레이트, 카보머, 하이드록시아세토페논, 트로메타민, 락토바실러스발효물, 글리세릴아크릴레이트/아크릴릭애씨드코폴리머, 에틸헥실글리세린, 잔탄검, 아데노신, 다이소듐이디티에이, 세테아릴올리베이트, 솔비탄올리베이트, 호호바씨오일, 폴리글리세릴-10스테아레이트"
"A000000246219","라로슈포제 히알루 B5 수분탄력 세럼 30ml","라로슈포제","30.0","30.0","ml","59000","47200","15733.3","[히알루세럼] 
정제수 글리세린 변성알코올 프로필렌글라이콜 판테놀 펜틸렌글라이콜 다이메티콘 피이지-6카프릴릭/카프릭글리세라이즈 갈랑가갈랑갈잎추출물 칼슘클로라이드 글리세릴아이소스테아레이트 마데카소사이드 피피지-6-데실테트라데세스-30 소듐아세틸레이티드하이알루로네이트(0.01%) 소듐하이알루로네이트(0.2004%) 알진 아데노신 암모늄폴리아크릴로일다이메틸타우레이트 프로판다이올 하이드롤라이즈드하이알루로닉애씨드(0.1208%) 하이드록시아세토페논 카프릴릭/카프릭트라이글리세라이드 카프릴릴글라이콜 시트릭애씨드 트라이소듐에틸렌다이아민다이석시네이트 아세틸글루코사민 잔탄검 부틸렌글라이콜 1,2-헥산다이올 토코페롤 페녹시에탄올 향료"
"A000000246431","[NEW단독기획/화잘먹세럼] 닥터자르트 세라마이딘 스킨 베리어 모이스쳐 리커버리 세럼 30ml 기획 (+크림15ml)","닥터자르트","30.0","45.0","ml","","48000","10666.7","[세럼]
정제수, 글리세린, 부틸렌글라이콜, 다이프로필렌글라이콜, 메틸글루세스-20, 프로판다이올, 메틸프로판다이올, 세라마이드엔피, 징크하이드롤라이즈드하이알루로네이트, 마카다미아씨오일, 에틸헥실글리세린, 토코페롤, 폴리글리세릴-10스테아레이트, 수크로오스다이스테아레이트, 소듐스테아로일글루타메이트, 글리세릴스테아레이트, 폴리아크릴레이트크로스폴리머-6, 세테아릴알코올, 하이드로제네이티드레시틴, 칸디다봄비콜라/글루코오스/메틸레이프씨데이트발효물, 소듐폴리아크릴로일다이메틸타우레이트, 1,2-헥산다이올, 소듐파이테이트, 황색4호

[크림]
정제수, 글리세린, 카프릴릭/카프릭트라이글리세라이드, 다이프로필렌글라이콜, 세테아릴알코올, 하이드로제네이티드폴리데센, 메틸트라이메티콘, 하이드로제네이티드폴리(C6-14올레핀), 시어버터, 1,2-헥산다이올, 페닐트라이메티콘, 다이카프릴릴에터, 세테아릴올리베이트, 판테놀, 글리세릴스테아레이트, 베헤닐알코올, 솔비탄올리베이트, 카카오씨추출물, 2,3-부탄다이올, 세테아릴글루코사이드, 세라마이드엔피, 세라마이드엔지, 세라마이드엔에스, 세라마이드에이에스, 세라마이드에이피, 콜레스테롤, 펜타에리스리틸다이스테아레이트, 하이드로제네이티드레시틴, 팔미틱애씨드, 스테아릭애씨드, 마이크로크리스탈린셀룰로오스, 글리세릴스테아레이트에스이, 암모늄아크릴로일다이메틸타우레이트/브이피코폴리머, 셀룰로오스검, 덱스트린, 글리세릴폴리메타크릴레이트, 센티드제라늄꽃오일, 올리브오일, 베르가모트오일, 살비아오일, 시트로넬올, 토코페롤, 황색4호"
"A000000246575","[보습장벽케어] 톰 히알루론산 부스트 앰플 50g","톰","50.0","50.0","g(약 1ml 상당으로 근사)","99000","49900","9980.0","부틸렌글라이콜, 작약뿌리수, 글리세린, 프로판다이올, 다이프로필렌글라이콜, 나이아신아마이드, 에리스리톨, 암모늄아크릴로일다이메틸타우레이트/브이피코폴 리머, 1,2-헥산다이올, 하이드록시아세토페논, 카프릴릴글라이콜, 정제수, 옥수수전분, 하이드롤라이즈드해면, 만니톨, 수크로오스, 마이크로크리스탈린셀룰로오스, 아데노신, 다이소듐이디티에이, 하이드록시프로필스타치포스페이트, 하이드로제네이티드레시틴, 비파나무잎추출물, 폴리솔베이트20, 크로뮴하이드록사이드그린, 스피어민트추출물, 글루타티온, 다이포타슘글리시리제이트, 소듐하이알루로네이트, 울트라마린, 글리세릴올리에이트, 토코페롤, 카프릴릭/카프릭트라이글리세라이드, 프로필렌글라이콜, 소듐하이알루로네이트크로스폴리머, 포타슘하이알루로네이트, 하이드록시프로필트라이모늄하이알루로네이트, 하이드롤라이즈드소듐하이알루로네이트, 하이드롤라이즈드하이알루로닉애씨드, 하이알루로닉애씨드, 레시틴, 마카뿌리추출물, 펜틸렌글라이콜, 소듐아세틸레이티드하이알루로네이트, 샤프란꽃추출물"
"A000000246577","[속탄력 개선] 톰 콜라겐 부스트 앰플 50g","톰","50.0","50.0","g(약 1ml 상당으로 근사)","99000","49900","9980.0","부틸렌글라이콜, 정제수, 글리세린, 콜라겐수, 프로판다이올, 다이프로필렌글라이콜, 나이아신아마이드, 소듐디엔에이, 에리스리톨, 암모늄아크릴로일다이메틸타우레이트/브이피코폴리머, 1,2-헥산다이올, 하이드록시아세토페논, 카프릴릴글라이콜, 옥수수전분, 만니톨, 수크로오스, 마이크로크리스탈린셀룰로오스, 수용성콜라겐, 하이드롤라이즈드콜라겐, 아데노신, 다이소듐이디티에이, 하이드록시프로필스타치포스페이트, 에틸헥실글리세린, 아텔로콜라겐, 울트라마린, 하이드로제네이티드레시틴, 폴리솔베이트20, 소듐하이알루로네이트, 다마스크장미꽃추출물, 다이포타슘글리시리제이트, 글리세릴올리에이트, 토코페롤, 적색산화철, 카프릴릭/카프릭트라이글리세라이드, 프로필렌글라이콜, 레시틴, 마카뿌리추출물, 소듐하이알루로네이트크로스폴리머, 소듐아세틸레이티드하이알루로네이트, 포타슘하이알루로네이트, 하이드록시프로필트라이모늄하이알루로네이트, 하이드롤라이즈드하이알루로닉애씨드, 하이알루로닉애씨드, 샤프란꽃추출물"
"A000000246578","[모공 타이트닝] 톰 펩타이드 부스트 앰플 50g","톰","50.0","50.0","g(약 1ml 상당으로 근사)","","99000","19800.0","콜라겐수, 부틸렌글라이콜, 글리세린, 프로판다이올, 1,2-헥산다이올, 나이아신아마이드, 펜틸렌글라이콜, 정제수, 암모늄아크릴로일다이메틸타우레이트/브이피코폴리머, 옥수수전분, 감나무잎추출물, 포도추출물, 잇꽃꽃추출물, 커피콩추출물, 호장근뿌리추출물, 녹차추출물, 밤껍질추출물, 초피나무열매추출물, 에리스리톨, 판테놀, 만니톨, 레시틴, 마이크로크리스탈린셀룰로오스, 수크로오스, 에틸헥실글리세린, 다이포타슘글리시리제이트, 아데노신, 폴리솔베이트20, 소듐파이테이트, 하이드록시프로필스타치포스페이트, 하이드로제네이티드레시틴, 소듐아스코빌포스페이트, 에스에이치-올리고펩타이드-1(1000ppb), 토코페롤, 에스알-(올리고펩타이드-91클로스트리듐보툴리눔폴리펩타이드-1)(100ppb), 카프릴로일살리실릭애씨드, 다이소듐이디티에이, 티타늄디옥사이드 (CI 77891), 흑색산화철 (CI 77499), 황색산화철 (CI 77492), 적색산화철 (CI 77491)"
"A000000246579","[트러블, 진정] 톰 엑소좀 부스트 앰플 50g","톰","50.0","50.0","g(약 1ml 상당으로 근사)","99000","49900","9980.0","부틸렌글라이콜, 병풀잎수, 글리세린, 정제수, 프로판다이올, 펜틸렌글라이콜, 나이아신아마이드, 1,2-헥산다이올, 암모늄아크릴로일다이메틸타우레이트/브이피코폴 리머, 락토바실러스발효물, 자일리톨, 옥수수전분, 병풀잎소포, 약모밀추출물, 피뿌리풀꽃/잎/줄기추출물, 퀴노아씨추출물, 효모발효여과물, 다이프로필렌글라이콜, 판테놀, 에리스리톨, 메틸다이아이소프로필프로피온아마이드, 만니톨, 마이크로크리스탈린셀룰로오스, 판토테닉애씨드, 수크로오스, 에틸헥실글리세린, 다이포타슘글리시리제이트, 아데노신, 소듐파이테이트, 하이드록시프로필스타치포스페이트, 하이드로제네이티드레시틴, 다발방패버섯추출물, 토코페롤, 징크피씨에이, 크로뮴옥사이드그린, 황색산화철, 흑색산화철"
"A000000246886","[5개입/장벽영양] 퍼셀 픽셀바이옴 부스터샷 파우더 5개입 (0.2g*5ea)","퍼셀","0.2","0.2","g(약 1ml 상당으로 근사)","","29000","1450000.0","오일팜오일, 하이드롤라이즈드옥수수전분, 비피다발효용해물, 락토바실러스발효용해물, 프룩토올리고사카라이드, 소듐카세이네이트, 칼락토올리고사카라이즈, 레시틴, 토코페롤"
"A000000247196","[NEW/붓기완화] 조선미녀 붉은팥 PDRN 모공탄력 세럼 30ml","조선미녀","30.0","30.0","ml","17000","13600","4533.3","정제수, 부틸렌글라이콜, 메틸글루세스-20, 1,2-헥산다이올, 나이아신아마이드, 글리세린, 폴리솔베이트20, 글리세레스-26, 스쿠알
란, 카보머, 트로메타민, 에틸헥실글리세린, 잔탄검, 아데노신, 다이소듐이디티에이, 하이드로제네이티드레시틴, 황련뿌리추출물,
병풀추출물, 무화과추출물, 참마뿌리추출물, 소듐디엔에이(50ppm), 팥추출물(50ppm), 하이드롤라이즈드옥수수전분, 세라마이드엔피, 베타-글루칸,
수크로오스, 다이펩타이드다이아미노부티로일벤질아마이드다이아세테이트(2.5ppm)"
"A000000247201","아벤느 시칼파트 플러스 리페어 젤 30ml","아벤느","30.0","30.0","ml","25000","21500","7166.7","온천수(아벤느 온천수), 다이메티콘, 글리세린, 하이드록시에틸아크릴레이트/소듐아크릴로일다이메틸타우레이트코폴리머, 다이메티콘올, 아쿠아필루스 돌로미아이발효여과물, 알지닌, 카퍼설페이트, 다이메티콘크로스폴리머, 폴리솔베이트60, 소듐벤조에이트(0.2%), 소듐하이알루로네이트, 솔비탄아이소스테아레이트, 트로메타민, 정제수, 잔탄검, 징크설페이트"
"A000000247577","아벤느 스페셜 박스 기획 (에센스인로션200ml + 리치크림40ml + 오떼르말150ml)","아벤느","200.0","390.0","ml","70000","39900","1023.1","1/ 아벤느 오 떼르말 150ml
온천수(아벤느온천수)

2/ 아벤느 이드랑스 에센스-인-로션 200ml
아쿠아(아벤느 온천수), 글리세린, 펜틸렌글라이콜, 1,2-헥산다이올,
다이메티콘, 하이드록시에틸아크릴레이트/소듐아크릴로일다이메틸타우레이트코폴리머, 베타인, 메틸글루세스-20, 아이소세틸스테아로일스테아레이트, 트라이에틸헥사노인, 하이드로제네이티드폴리아이소부텐, 세테아릴올리베이트, 솔비탄올리베이트, 스쿠알란, 트레할로오스, 향료, 정제수, 소듐시트레이트, 피이지-7트라이메틸올프로판코코넛에터, 다이소듐이디티에이, 레시틴, 피토스테롤, 잔탄검, 솔비탄아이소스테아레이트, 시트릭애씨드, 소듐하이알루로네이트""

3/ 아벤느 이드랑스 리치 크림 40ml 
온천수(아벤느 온천수), 미네랄오일, 글리세린, 아이소헥사데칸, 다이메티콘, 세테아릴알코올, 잇꽃씨오일, 아이소세틸스테아로일스테아레이트, 트라이에틸헥사노인, 글리세릴스테아레이트, 피이지-100스테아레이트, 1,2-헥산다이올, 시어버터, 세테아릴글루코사이드, 벤조익애씨드, 향료, 피토스테롤, 폴리아크릴레이트-13, 폴리아이소부텐, 폴리솔베이트20, 소듐하이드록사이드, 솔비탄아이소스테아레이트, 정제수, 잔탄검"
"A000000248097","[10만나노히알/3초수분플럼핑]비긴스바이정샘물 블루 수국 히알 수분세럼 30ml","비긴스 바이 정샘물","30.0","30.0","ml","24000","19200","6400.0","정제수, 프로판다이올, 글리세린, 메틸프로판다이올, 펜틸렌글라이콜, 카프릴릭/카프릭트라이글리세라이드, 부틸렌글라이콜, 옥틸도데세스-16, 알지닌, 카보머, 1,2-헥산다이올, 에틸헥실글리세린, 하이드록시아세토페논, 폴리아크릴레이트크로스폴리머-6, 젤란검, 아데노신, 아가, 소듐하이알루로네이트(316.1ppm), 다이소듐이디티에이, 참마뿌리추출물, 하이드로제네이티드레시틴, 글라이코실트레할로오스, 향료, 병풀추출물, 무화과추출물, 하이드로제네이티드스타치하이드롤리세이트, 라피노오스, 인도멀구슬나무잎추출물, 인도멀구슬나무꽃추출물, 레시틴, 수레국화꽃수, 아이비고드열매추출물, 락토바실러스발효물, 세라마이드엔피, 하이드롤라이즈드소듐하이알루로네이트(15.0301ppm), 잔탄검, 폴리쿼터늄-51, 다이메틸실란올하이알루로네이트(15ppm), 하이드롤라이즈드하이알루로닉애씨드(15ppm), 가지열매추출물, 하이알루로닉애씨드(10ppm), 포타슘하이알루로네이트(10ppm), 소듐하이알루로네이트크로스폴리머(8ppm), 하이드록시프로필트라이모늄하이알루로네이트(8ppm), 소듐하이알루로네이트다이메틸실란올(5ppm), 호호바씨오일, 소듐아세틸레이티드하이알루로네이트(4ppm), 울금뿌리추출물, 참산호말추출물, 홀리바질잎추출물, 바이오사카라이드검-1, 토코페롤, 글라이신, 판테놀, 소듐파이테이트, 글루타믹애씨드, 소듐디엔에이, 수국잎추출물(0.005ppm)"
"A000000248243","[피부볼륨 플럼핑효과/피부수분 20겹개선] 피캄 PDRN 카페인 블루캡슐 11 세럼 30ml","피캄","30.0","30.0","ml","29900","20900","6966.7","정제수,프로판다이올, 카프릴릭/카프릭트라이글리세라이드,글리세린,트라이프로필렌글라이콜,나이아신아마이드,하이드롤라이즈드콜라겐,부틸렌글라이콜,1,2-헥산다이올,하이드록시아세토페논,아라비아고무나무검,아크릴레이트/C10-30알킬아크릴레이트크로스폴리머,알지닌,에틸헥실글리세린,하이드롤라이즈드해면,아데노신,실리카,다이소듐이디티에이,하이드롤라이즈드치자추출물,하이드롤라이즈드맥아추출물,하이드롤라이즈드삼색제비꽃추출물,구아이아줄렌,하이알루로닉애씨드,하이드롤라이즈드하이알루로닉애씨드,소듐하이알루로네이트,판테놀,카페인,소듐디엔에이"
"A000000248374","[화잘먹/속광부스터] 클리어디어 뮤신 미네랄 버블 퍼스트 에센스 60ml","클리어디어","60.0","60.0","ml","32000","24000","4000.0","정제수, C13-15알케인, 카프릴릭/카프릭트라이글리세라이드, 스쿠알란, 1,2-헥산다이올, 나이아신아마이드 (20,000 ppm), 폴리글리세린-3, 부틸렌글라이콜, 글리세린, 트라이라우레스-4포스페이트, 토코페롤 (500 ppm), 에틸헥실글리세린, 해바라기씨오일, 아데노신, 소듐하이알루로네이트, 다이소듐이디티에이, 알란토인, 사이아노코발아민 (100ppm), 우유지질, 아텔로콜라겐, 데사미도콜라겐, 하이드롤라이즈드콜라겐, 류신, 수용성콜라겐, 토마토소포, 납작파래추출물 (0.08 ppm), 다시마추출물 (0.08ppm), 모자반추출물 (0.08ppm), 톳추출물 (0.08ppm), 미역추출물 (0.08ppm), 콜라겐, 콜라겐아미노산, 하이드로제네이티드레시틴, 세라마이드엔피, 세틸에틸헥사노에이트, 콜레스테롤, 아이소류신, 라이신, 마카다미아씨오일, 메티오닌, 페닐알라닌, 프로콜라겐, 트레오닌, 트립토판, 발린, 유채스테롤, 올레익애씨드, 스테아릭애씨드"
"A000000248399","[청담샵 Pick/수분광채] 네오젠 넥스트 글로우 프렙 세럼 32ml","네오젠","32.0","32.0","ml","","26000","8125.0","정제수, 글루코노락톤, 글라이콜릭애씨드, 다이프로필렌글라이콜, 프로판다이올, 트로메타민, 나이아신아마이드, 베타인, 트레할로오스, 다이 에톡시에틸석시네이트, 1,2-헥산다이올, 폴리글리세릴-10라우레이트, 하이 드록시에틸셀룰로오스, 부틸렌글라이콜, 에틸헥실글리세린, 소듐시트레이트, 아데노신, 시트릭애씨드, 다이소듐이디티에이, 감나무잎추출물, 포도추출물, 폴리솔베이트60, 다이소듐포스페이트, 호장근뿌리추출물, 잇꽃꽃추출물, 커피콩추출물, 녹차추출물, 밤껍질추출물, 초피나무열매추출물, 소듐포스 페이트, 잔탄검, 카프릴릴글라이콜, 글루코오스, 소듐하이알루로네이트, 아이 리쉬모스추출물, 하이드록시프로필트라이모늄하이알루로네이트, 콜라겐 추출물, 하이드롤라이즈드하이알루로닉애씨드, 소듐아세틸레이티드하이 알루로네이트, 하이알루로닉애씨드, 소듐하이알루로네이트크로스폴리머, 하이드롤라이즈드소듐하이알루로네이트, 포타슘하이알루로네이트"
"A000000248402","[박희선Pick] 아누아 어성초 77 B3 징크 트러블 세럼 30ml","아누아","30.0","30.0","ml","32000","19500","6500.0","약모밀꽃/잎/줄기수(77%), 나이아신아마이드(5%), 1,2-헥산다이올, 판테놀, 글리세린, 다이프로필렌글라이콜, 부틸렌글라이콜, 소듐시트레이트, 징크피씨에이(1%), 프로판다이올, 트레할로오스, 정제수, 베타인, 잔탄검, 스핑고모나스발효추출물, 에틸헥실글리세린, 시트릭애씨드, 하이드록시프로필사이클로덱스트린, 아데노신, 다이소듐이디티에이, 다이포타슘글리시리제이트, 글리세릴아크릴레이트/아크릴릭애씨드코폴리머, 글루코노락톤, 도코사헥사에노익애씨드, 토코페롤, 알란토인, 피리독신에이치씨엘, 카프릴로일살리실릭애씨드, 약모밀소포, 아이소쿼시트린, 쿼세틴"
"A000000248575","[NEW/미백] 설화수 자정유액 125ml","설화수","125.0","125.0","ml","98000","88200","7056.0","정제수, 프로판다이올, 스쿠알란, 글리세린, 다이메티콘, 나이아신아마이드, 1,2-헥산다이올, 트레할로오스, 부틸렌글라이콜, 메도우폼씨오일, 글리세릴스테아레이트, 아크릴레이트/C10-30알킬아크릴레이트크로스폴리머, C14-22알코올, 소듐스테아로일글루타메이트, 트로메타민, 아라키딜알코올, 에틸헥실글리세린, 글리세릴카프릴레이트, 실리카, 암모늄아크릴로일다이메틸타우레이트/브이피코폴리머, 카르노신, 베헤닐알코올, C12-20알킬글루코사이드, 향료, 리모넨, 폴리실리콘-11, 아라키딜글루코사이드, 돌콩오일, 잔탄검, 다이포타슘글리시리제이트, 소듐메타포스페이트, 바이오사카라이드검-1, 뽕나무잎추출물, 펜틸렌글라이콜, 인삼추출물, 리날룰, 아스코빌테트라이소팔미테이트, 레티놀, 소듐클로라이드, 만니톨, 홍삼추출물, 시트로넬올, 시트랄, 토코페롤, 제라니올"
"A000000248581","[NEW/미백] 설화수 자정앰플세럼 30ml 단품/기획","설화수","30.0","30.0","ml","150000","135000","45000.0","정제수, 프로판다이올, 변성알코올, 다이페닐실록시페닐트라이메티콘, 글리세린, 나이아신아마이드, 3-O-에틸아스코빅애씨드, 부틸렌글라이콜, 1,2-헥산다이올, 다이메티콘, 암모늄아크릴로일다이메틸타우레이트/브이피코폴리머, 하이드록시에틸아크릴레이트/소듐아크릴로일다이메틸타우레이트코폴리머, 시트릭애씨드, 에탄올, 잔탄검, 글리세릴카프릴레이트, 에틸헥실글리세린, 향료, 리모넨, 하이드로제네이티드레시틴, 소듐하이알루로네이트, 셀룰로오스검, 소듐시트레이트, 솔비탄아이소스테아레이트, 폴리솔베이트60, 피이지-10다이메티콘, 엑토인, 소듐메타포스페이트, 인삼추출물, 리날룰, 뽕나무잎추출물, 소듐클로라이드, 만니톨, 홍삼추출물, 소듐메틸스테아로일타우레이트, 시트로넬올, 시트랄, 제라니올, 토코페롤, 수용성콜라겐"
"A000000248582","[NEW/미백] 설화수 자정기미코렉터 30ml 단품/기획","설화수","30.0","30.0","ml","150000","135000","45000.0","정제수, 부틸렌글라이콜, 에틸올리에이트, 메틸트라이메티콘, 1,2-헥산다이올, 글리세린, 스쿠알란, 세틸에틸헥사노에이트, 폴리글리세릴-3메틸글루코오스다이스테아레이트, 에틸헥실스테아레이트, 글리세릴스테아레이트, 아이소노닐아이소노나노에이트, 세테아릴알코올, 덱스트린, 피이지-100스테아레이트, 펜타에리스리틸다이스테아레이트, 베헤닐알코올, 하이드록시에틸아크릴레이트/소듐아크릴로일다이메틸타우레이트코폴리머, 알란토인, 사이클로덱스트린, 카프릴릭/카프릭트라이글리세라이드, 향료, 티몰트라이메톡시신나메이트, 잔탄검, 에틸헥실글리세린, 글리세릴카프릴레이트, 리모넨, 스페인감초뿌리추출물, 소듐메타포스페이트, 프로테아제, 니코틴아마이드모노뉴클레오타이드, 만니톨, 효모추출물, 솔비탄아이소스테아레이트, 폴리솔베이트60, 캐스터오일/아이피디아이코폴리머, 유비퀴논, 하이드로제네이티드폴리(C6-20올레핀), 나이아신아마이드, 리날룰, 메톡시피이지-114/폴리엡실론카프로락톤, 3-O-에틸아스코빅애씨드, 카프릴릴글라이콜, 인삼추출물, 에이치디아이/트라이메틸올헥실락톤크로스폴리머, 시트로넬올, 아크릴레이트/C10-30알킬아크릴레이트크로스폴리머, 시트랄, 제라니올, 하이드롤라이즈드인삼사포닌, 트로메타민, 토코페롤, 아스코빌테트라이소팔미테이트, 벤질벤조에이트, 페녹시에탄올, 글루타티온, 해바라기씨오일, 레시틴, 아세틸테트라펩타이드-11"
"A000000248986","[NEW] rdrd 레드 애플 락토 진정 세럼 30ml","rdrd","30.0","30.0","ml","25000","20400","6800.0","정제수, 글리세린, 부틸렌글라이콜, 락토바실러스발효물 (48,950 ppm), 사과수 (37,240 ppm), 프로판다이올, 다이카프릴릴카보네이트, C9-12알케인, 1,2-헥산다이올, 트레할로오스, 아이소헥사데칸, 판테놀, 다이에톡시에틸석시네이트, 솔비톨, 소듐클로라이드, 소듐하이알루로네이트, 에틸헥실글리세린, 잔탄검, 칸디다 봄비콜라/글루코오스/메틸레이프씨데이트발효물, 올리브오일, 메틸다이아이소프로필프로피온아마이드, 카카오씨추출물, 덱스트린, 사이아노코발아민, 사과추출물 (51 ppm), 토코페롤, 하이알루로닉애씨드"
"A000000248988","[NEW] rdrd 핑크 애플 락토 장벽 세럼 30ml","rdrd","30.0","30.0","ml","25000","20400","6800.0","정제수, 락토바실러스발효물 (48,950 ppm), 프로판다이올, 부틸렌글라이콜, 사과수 (37,240 ppm), 글리세린, 하이드로제네이티드폴리(C6-14올레핀), 글리세레스-26, C9-12알케인, 1,2-헥산다이올, 메틸글루세스-20, 석시닉애씨드, 다이카프릴릴카보네이트, 트로메타민, 소듐클로라이드, 에틸헥실글리세린, 잔탄검, 칸디다 봄비콜라/글루코오스/메틸레이프씨데이트발효물, 올리브오일, 소듐하이알루로네이트, 사과추출물 (51 ppm), 사이아노코발아민, 하이드로제네이티드레시틴, 폴리글리세릴-10스테아레이트, 판테놀, 소듐아스코빌포스페이트, 토코페롤, 나이아신아마이드, 하이알루로닉애씨드, 세라마이드엔피, 피리독신, 폴릭애씨드, 바이오틴, 티아민에이치씨엘, 리보플라빈, 리놀레익애씨드, 베타-카로틴"
"A000000248990","[NEW] rdrd 그린 애플 락토 리밸런싱 세럼 30ml","rdrd","30.0","30.0","ml","25000","20400","6800.0","정제수, 부틸렌글라이콜, 락토바실러스발효물 (48,950 ppm), 사과수 (30,070 ppm), 카프릴릭/카프릭트라이글리세라이드, 1,2-헥산다이올, 메틸프로판다이올, 스쿠알란, 씨솔트, 소듐하이알루로네이트, 알란토인, 글루코노락톤, 소듐시트레이트, 다이프로필렌글라이콜, 에틸헥실글리세린, 살리실릭애씨드, 황련뿌리추출물, 다이소듐이디티에이, 덱스트린, 베타인, 트로메타민, 카프릴로일살리실릭애씨드, 커먼자스민추출물, 흰버드나무껍질추출물, 가지열매추출물, 하이드로제네이티드레시틴, 사과추출물 (50 ppm), 치자추출물, 병풀추출물, 티트리잎추출물, 하이알루로닉애씨드, 하이드롤라이즈드하이알루로닉애씨드, 하이드롤라이즈드소듐하이알루로네이트, 하이드록시프로필트라이모늄하이알루로네이트, 포타슘하이알루로네이트, 소듐하이알루로네이트크로스폴리머, 아시아틱애씨드, 아시아티코사이드, 마데카식애씨드, 마데카소사이드, 펜틸렌글라이콜, 소듐아세틸레이티드하이알루로네이트"
"A000000248991","[NEW] rdrd 골드 애플 락토 흔적 세럼 30ml","rdrd","30.0","30.0","ml","25000","20400","6800.0","정제수, 부틸렌글라이콜, 락토바실러스발효물 (48,950 ppm), 나이아신아마이드, 네오펜틸글라이콜다이헵타노에이트, 사과수 (30,070 ppm), 1,2-헥산다이올, 프로판다이올, 에틸헥실팔미테이트, 스쿠알란, 소듐하이알루로네이트, 씨솔트, 판테놀, 알란토인, 베타인, 토코페롤, 에틸헥실글리세린, 해바라기씨오일, 아데노신, 다이소듐이디티에이, 코직애씨드, 사과추출물 (50 ppm), 글리세린, 황련뿌리추출물, 하이드로제네이티드레시틴, 폴리글리세릴-10스테아레이트, 소듐아스코빌포스페이트, 하이알루로닉애씨드, 하이드롤라이즈드하이알루로닉애씨드, 하이드롤라이즈드소듐하이알루로네이트, 하이드록시프로필트라이모늄하이알루로네이트, 포타슘하이알루로네이트, 소듐하이알루로네이트크로스폴리머, 바이오틴, 폴릭애씨드, 피리독신, 펜틸렌글라이콜, 사이아노코발아민, 소듐아세틸레이티드하이알루로네이트, 리놀레익애씨드, 티아민에이치씨엘"
"A000000249099","[리뉴얼] 이즈앤트리 어니언 뉴페어 앰플 플러스 50ml","이즈앤트리","50.0","50.0","ml","24000","15900","3180.0","정제수, 프로판다이올, 나이아신아마이드, 펜틸렌글라이콜, 글리세린, 판테놀, 1,2-헥산다이올, 메틸프로판다이올, 베타인, 부틸렌글라이콜, 아크릴레이트/C10-30알킬아크릴레이트크로스폴리머, 알지닌, 양파추출물(1,000 ppm), 알란토인, 마데카소사이드, 스쿠알란, 약모밀추출물, 소듐하이알루로네이트, 하이드롤라이즈드하이알루로닉애씨드, 소듐아세틸레이티드하이알루로네이트, 쿼세틴, 페룰릭애씨드, 글루타티온, 소듐아스코빌포스페이트, 에틸헥실글리세린, 잔탄검, 사이아노코발아민, 토코페롤, 아데노신, 병풀추출물, 무화과추출물, 세라마이드엔피, 하이드로제네이티드레시틴, 글리세릴아크릴레이트/아크릴릭애씨드코폴리머, 다이포타슘글리시리제이트, 말토덱스트린, 하이드롤라이즈드치자추출물, 폴리글리세릴-10스테아레이트, 카프릴릭/카프릭트라이글리세라이드, 알지닌/라이신폴리펩타이드, 폴리글리세릴-10라우레이트"
"A000000249167","[주름개선/앰플3ml증정] 코스메쉐프 흑당고 진액 영양 버블 에센스 120ml","코스메쉐프","3.0","123.0","ml","45000","39400","3203.3","쇠비름수, 부틸렌글라이콜, 글리세린, 다이프로필렌글라이콜, 1,2-헥산다이올, 나이아신아마이드, 정제수, 바실러스발효물, 쇠비름추출물, 인동덩굴꽃추출물, 당느룹나무뿌리추출물, 프로테아제, 고삼뿌리추출물, 녹차추출물, 병풀잎추출물, 서양민들레잎추출물, 스페인감초뿌리추출물, 약모밀추출물, C12-14알케스-12, 판테놀, 알란토인, 아데노신, 하이드로제네이티드레시틴, 다이소듐이디티에이"
"A000000249473","[기미잡티/대용량] 센텔리안24 엑스퍼트 마데카 멜라 캡처 앰플 맥스 30ml 더블 기획","센텔리안24","30.0","60.0","ml","","78000","13000.0","병풀추출물, 다이프로필렌글라이콜, 식물성스쿠알란, 나이아신아마이드, 정제수, 메틸프로판다이올, 세테아레스-20, 참마뿌리추출물, 1,2-헥산다이올, 페닐트라이메티콘, 폴리글리세릴-10라우레이트, 별꽃추출물, 쇠비름추출물, 비파나무잎추출물, 카바카바잎/뿌리/줄기추출물, 사과추출물, 포도씨추출물, 인삼열매추출물, 삼백초추출물, 스피어민트추출물, 무화과추출물, 수련추출물, 마트리카리아꽃추출물, 드럼스틱씨추출물, 인디안구스베리열매추출물, 올리브나무잎추출물, 유용성감초추출물, 소듐하이알루로네이트, 다마스크장미꽃수, 다마스크장미꽃오일, 비사보롤, 트라넥사믹애씨드, 마데카식애씨드, 아시아티코사이드, 아시아틱애씨드, 락토바실러스발효물, 멜라토닌, 아데노신, 마데카소사이드, 쌀발효여과물, 3-O-에틸아스코빅애씨드, 아스코빅애씨드, 하이알루로닉애씨드, 알파-알부틴, 글루타티온, 하이드롤라이즈드소듐하이알루로네이트, 하이드롤라이즈드하이알루로닉애씨드, 티옥틱애씨드, 아스코빌테트라이소팔미테이트, 페룰릭애씨드, 아스코빌글루코사이드, 마그네슘아스코빌포스페이트, 녹차수, 하이드로제네이티드레시틴, 아르간커넬오일, 올리브오일, 센티드제라늄꽃오일, 라벤더오일, 캐모마일꽃오일, 오렌지껍질오일, 멕시칸주니퍼오일, 프로판다이올, 글리세린, 글리세릴스테아레이트에스이, 부틸렌글라이콜, 다이페닐다이메티콘, 트라이에틸헥사노인, 아크릴레이트/C10-30알킬아크릴레이트크로스폴리머, 트로메타민, 폴리쿼터늄-51, 다이메티콘, 스쿠알란, 하이드로제네이티드폴리아이소부텐, 폴리글리세릴-10미리스테이트, 토코페릴아세테이트, 글라이코실트레할로오스, 소듐파이테이트, 하이드로제네이티드스타치하이드롤리세이트, 아이소노닐아이소노나노에이트, 폴리그릴세릴-10스테아레이트, 라피노오스, 바이오사카라이드검-1, 다이소듐이디티에이, 세테아릴알코올, 스테아릭애씨드, 시어버터, 폴리글리세릴-2다이폴리하이드록시스테아레이트, 레시틴, 데실글루코사이드, 베타-글루칸, 이눌린라우릴카바메이트, 다이소듐스테아로일글루타메이트, 세라마이드엔피, 징크피씨에이, 레티닐팔미테이트, 리보플라빈, 메나다이온, 바이오틴, 사이아노코발아민, 소듐아스코빌포스페이트, 티아민에이치씨엘, 판테놀, 판토테닉애씨드, 폴릭애씨드, 피리독신, 향료, 하이드록시아세토페논, 펜틸렌글라이콜, 카프릴릴글라이콜, 시트로넬올"
"A000000249672","[탱글광/잡티미백] 한스킨 아라연꽃 핑크볼 PDRN 히알루론 광채세럼 30ml","한스킨","30.0","30.0","ml","34000","23800","7933.3","정제수, 다이페닐다이메티콘, 부틸렌글라이콜, 나이아신아마이드, 1,2-헥산다이올, 하이드록시아세토페논, 소듐클로라이드, 소듐하이알루로네이트(425ppm), 쌀수, 아데노신, 해바라기씨오일, 다이소듐이디티에이, 에틸헥실글리세린, 비사보롤, 알칸나뿌리추출물, 소듐벤조에이트, 소듐디엔에이(0.02ppm), 아세틸헥사펩타이드-8"
"A000000250209","[슈링크홈디바이스] 바이오힐보 NAD프리즈셀 글로우 파워 세럼 30ml 기획","바이오힐보","30.0","30.0","ml","157700","99500","33166.7","[세럼]
정제수, 글리세린, 부틸렌글라이콜, 카프릴릭/카프릭트라이글리세라이드, 1,2-헥산다이올, 펜틸렌글라이콜, 폴리글리세린-3, 아이리쉬모스추출물, 사탕수수추출물, 유럽밤나무씨추출물, 백미꽃추출물, 접시꽃추출물, 해마토코쿠스 플루비알리스추출물, 로즈마리잎추출물, 콜라겐추출물, 수용성콜라겐, 메틸글루세스-20, 글리세릴폴리메타크릴레이트, 암모늄폴리아크릴로일다이메틸타우레이트, 아크릴레이트/C10-30알킬아크릴레이트크로스폴리머, 아미노메틸프로판다이올, 젤란검, 알란토인, 판테놀, 아가, 에틸헥실글리세린, 다이펩타이드-15, 아데노신, 피브이엠/엠에이코폴리머, 베타-글루칸, 니코틴아마이드아데닌다이뉴클레오타이드, 카프릴로일살리실릭애씨드, 사이아노코발아민, 하이드로제네이티드레시틴, 콜레스테롤, 세라마이드엔피, 폴리글리세릴-10라우레이트, 토코페롤, 올레익애씨드, 스테아릭애씨드, 나이아신아마이드, 글루타티온, 엑토인, 레스베라트롤, 스쿠알란, 아스타잔틴, 암모늄아크릴로일다이메틸타우레이트/브이피코폴리머, 하이드록시에틸셀룰로오스, 폴리아크릴레이트크로스폴리머-6, 프로판다이올, 소듐디엔에이, 알지닌, 아스코빅애씨드폴리펩타이드, C12-13알케스-9, 소듐하이알루로네이트크로스폴리머, 카프릴릴글라이콜, 엘라스틴, 하이드록시아세토페논, 트라이펩타이드-10시트룰린, 카보머, 다이소듐이디티에이, 잔탄검, 카라멜

[필름 마스크]
정제수, 다이프로필렌글라이콜, 글리세레스-26, 베타인, 부틸렌글라이콜, 메틸글루세스-20, 폴리글리세린-3, 1,2-헥산다이올, 하이드록시아세토페논, 소듐폴리아크릴레이트, 소듐폴리아크릴로일다이메틸타우레이트, 아데노신, 다이소듐이디티에이, 소듐하이알루로네이트, 옥틸도데세스-16, 니코틴아마이드아데닌다이뉴클레오타이드(19.9ppm), 자일리틸글루코사이드, 안하이드로자일리톨, 자일리톨, 스쿠알란, 엑토인, 올리브오일, 글리세린, 하이드로제네이티드레시틴, 콜레스테롤, 나이아신아마이드, 포스파티딜콜린, 소듐다이라우미도글루타미드라이신, 글루타티온, 아스타잔틴, 아세틸헥사펩타이드-1, 수용성콜라겐, 알지닌, 소듐하이알루로네이트크로스폴리머, 콜라겐추출물, 세라마이드엔피, 카프릴릴글라이콜, 엘라스틴, 트라이펩타이드-10시트룰린"
"A000000250211","헤이네이처 어성초 앰플 40ml","헤이네이처","40.0","40.0","ml","35000","24500","6125.0","정제수, 부틸렌글라이콜, 글리세린, 1,2-헥산다이올, 판테놀, 베타인, 약모밀추출물(400ppm), 백미꽃추출물, 월계수잎추출물, 유칼립투스잎추출물, 마데카소사이드, 아시아티코사이드, 도금양열매추출물, 병풀추출물, 녹차추출물, 황금추출물, 마트리카리아꽃추출물, 동충하초추출물, 폴리글리세릴-10라우레이트, 폴리글리세릴-10미리스테이트, 프로판다이올, 덱스트린, 스클레로튬검, 잔탄검, 에틸헥실글리세린, 유향나무오일, 리모넨"
"A000000250281","[리뉴얼/촉촉진정] 아임프롬 머그워트 에센스 150ml","아임프롬","150.0","150.0","ml","","36000","2400.0","정제수, 쑥추출물(400,036 ppm), 부틸렌글라이콜, 글리세린, 1,2-헥산다이올, 소듐하이알루로네이트, 에틸헥실글리세린, 프로판다이올, 폴리글리세릴-10라우레이트"
"A000000251120","[피지/모공케어] 그라펜 포어올킬 타이트닝 세럼 30ml","그라펜","30.0","30.0","ml","26000","20800","6933.3","정제수, 나이아신아마이드, 메틸프로판다이올, 글리세린, 1,2-헥산다이올, 부틸렌글라이콜, C12-14알케스-12, 알지닌, 카보머, 참마뿌리추출물, 에틸헥실글리세린, 글라이코실트레할로오스, 하이드로제네이티드스타치하이드롤리세이트, 라피노오스, 아데노신, 소듐하이알루로네이트, 다이소듐이디티에이, 하이드로제네이티드레시틴, 레시틴, 병풀추출물, 무화과추출물, 판테놀, 폴리쿼터늄-51, 베르가모트오일, 분비나무오일, 라반딘오일, 라임전초오일, 칡뿌리추출물, 대왕소나무잎추출물, 당느릅나무뿌리추출물, 달맞이꽃꽃추출물, 세라마이드엔피, 멕시칸주니퍼오일, 말토덱스트린, 센티드제라늄꽃오일, 하이드롤라이즈드치자추출물, 광곽향오일, 바이오사카라이드검-1, 리씨열매오일, 스피어민트잎오일, 카페인, 카프릴로일글라이신, 다이프로필렌글라이콜, 헥실렌글라이콜, 사코신, 실론시나몬나무껍질추출물, 워터민트추출물, 하이드롤라이즈드하이알루로닉애씨드, 소듐아세틸레이티드하이알루로네이트, 리모넨, 리날룰"
"A000000251173","[리락쿠마 콜라보/3분진정] 클레어스 블루 유스 액티베이팅 드롭 20ml 기획 (+리락쿠마 블루 장바구니)","디어클레어스","20.0","20.0","ml","","29500","14750.0","정제수, 부틸렌글라이콜, 에스에이치-올리고펩타이드-1, 에스에이치-폴리펩타이드-1, 로우스위트블루베리추출물, 레시틴, 솔비탄세스퀴올리에이트, 1,2-헥산다이올, 카프릴릴글라이콜, 
피이지-60하이드로제네이티드캐스터오일, 글리세린, 클로페네신, 구아이아줄렌, 에틸헥실글리세린, 아데노신"
"A000000252119","[NEW/장벽앰플] 코스노리 판테놀 베리어 앰플 10 50ml","코스노리","50.0","50.0","ml","24000","16800","3360.0","정제수, 프로판다이올, 판테놀, 부틸렌글라이콜, 메틸프로판다이올, 글리세린, 1,2-헥산다이올, 2,3-부탄다이올, 나이아신아마이드, 카카두플럼추출물, 다이프로필렌글라이콜, 옥틸도데세스-16, 하이드록시에틸셀룰로오스, 라피노오스, 에틸헥실글리세린, 카보머, 아데노신, 프룩토올리고사카라이드, 다이소듐이디티에이, 트로메타민, 불가리스쑥오일, 베타-글루칸, 하이드로제네이티드레시틴, 소듐하이알루로네이트, 하이드롤라이즈드하이알루로닉애씨드, 한련초잎추출물, 다시마추출물, 토코페롤"
"A000000252198","플로위 PDRN 트리플 코어 앰플 30ml","플로위","30.0","90.0","ml","53000","36200","4022.2","정제수, 다이프로필렌글라이콜, 메틸프로판다이올, 부틸렌글라이콜, *프로판다이올, 글리세레스-26, 1,2-헥산다이올, 베타인, 다이글리세린, 판테놀, 글리세린, 하이드록시아세토페논, 카보머, 글리세레스-25피씨에이아이소스테아레이트, 트로메타민, *클로렐라 불가리스추출물, 소듐디엔에이(1,000ppm), 황련뿌리추출물, 에틸헥실글리세린, 류코노스톡/무발효여과물, 아데노신, 잔탄검, 옥수수커넬추출물, 다이소듐이디티에이, 하이드롤라이즈드치자추출물, 하이드롤라이즈드맥아추출물, 하이드롤라이즈드삼색제비꽃추출물, 카프릴릴글라이콜, 치자추출물, 덱스트린, *레시틴, 바실러스발효물, 아틀라스시다나무껍질오일, 소듐하이알루로네이트, 포트마리골드추출물, 하이알루로닉애씨드, 하이드롤라이즈드하이알루로닉애씨드, 사막장미잎세포추출물, 라벤더오일, 로즈마리잎오일, 포도세포추출물, 아세틸에스에이치-트라이펩타이드-4아마이드, 프룩탄, 해바라기씨오일불검화물, 글루코오스, *글라이신 *RetinART"
"A000000252296","[NEW/기프트] 랑콤 제니피끄 세럼 선물 기획 2종 (세럼 50ml / 세럼 30ml+로션 100ml)","랑콤","50.0","180.0","ml","200000","159360","8853.3","세럼 : 정제수 비피다발효용해물 글리세린 펜틸렌글라이콜 다이메티콘 부틸렌글라이콜 옥틸도데칸올 만노오스 소듐하이알루로네이트 하이드록시아세토페논 카프릴릴글라이콜 암모늄폴리아크릴로일다이메틸타우레이트 알파-글루칸올리고사카라이드 다이포타슘글리시리제이트 테트라소듐글루타메이트다이아세테이트 효모추출물 소듐카복시메틸베타-글루칸 아데노신 잔탄검 야콘뿌리즙 소듐벤조에이트 말토덱스트린 시트릭애씨드 아세틱애씨드 락틱애씨드 향료 살리실로일피토스핑고신 락토바실러스 / 토너 : 정제수 글리세린 베타인 펜틸렌글라이콜 페녹시에탄올 비스-피이지-18메틸에터다이메틸실레인 소듐시트레이트 카프릴릴글라이콜 하이드록시프로필테트라하이드로피란트라이올 프로필렌글라이콜 시트릭애씨드 잔탄검 피피지-26-부테스-26 말토덱스트린 피이지-40하이드로제네이티드캐스터오일 소듐하이알루로네이트 아데노신 소듐카복시메틸베타-글루칸 향료 바이오사카라이드검-1 토코페롤 세럼 : 정제수 비피다발효용해물 글리세린 펜틸렌글라이콜 다이메티콘 부틸렌글라이콜 옥틸도데칸올 만노오스 소듐하이알루로네이트 하이드록시아세토페논 카프릴릴글라이콜 암모늄폴리아크릴로일다이메틸타우레이트 알파-글루칸올리고사카라이드 다이포타슘글리시리제이트 테트라소듐글루타메이트다이아세테이트 효모추출물 소듐카복시메틸베타-글루칸 아데노신 잔탄검 야콘뿌리즙 소듐벤조에이트 말토덱스트린 시트릭애씨드 아세틱애씨드 락틱애씨드 향료 살리실로일피토스핑고신 락토바실러스"
"A000000253000","[NEW] 랑콤 레네르지 젤-인-로션 200/400ml","랑콤","400.0","400.0","ml","110000","89760","2244.0","정제수 글리세린 프로필렌글라이콜 나이아신아마이드 피이지/피피지/폴리부틸렌글라이콜-8/5/3글리세린 부틸렌글라이콜 카보머 피피지-6-데실테트라데세스-30 하이드록시아세토페논 클로페네신 카프릴릴글라이콜 펜틸렌글라이콜 포타슘하이드록사이드 하이드롤라이즈드쌀단백질 소듐하이알루로네이트 트라이소듐에틸렌다이아민다이석시네이트 향료 아데노신 소듐폴리글루타메이트 리모넨 벤질알코올 제라니올 토코페롤"
"A000000253103","[NEW] 브링그린 블루빈 B5-PDRN 마일드 버블세럼 110mL(+실리콘 브러시)","브링그린","110.0","110.0","ml","19000","15900","1445.5","■ 정제수, 글리세린, 세테아릴에틸헥사노에이트, 아이소헥사데칸, 나이아신아마이드, 트라이프로필렌글라이콜, C12-14알케스-12, 1,2-헥산다이올, 트라이라우레스-4포스페이트, 바실러스발효물, 해바라기씨오일, 하이드록시아세토페논, 코코-글루코사이드, 호호바씨오일, 데실글루코사이드, 베타인, 부틸렌글라이콜, 글리세릴글루코사이드, 에틸헥실글리세린, 프로판다이올, 아데노신, 소듐시트레이트, 콩추출물, 시트릭애씨드, 알란토인, 엑토인, 하이드롤라이즈드치자추출물, 하이드롤라이즈드맥아추출물, 하이드롤라이즈드삼색제비꽃추출물, 하이알루로닉애씨드, 하이드롤라이즈드하이알루로닉애씨드, 판토테닉애씨드, 소듐하이알루로네이트, 소듐디엔에이"
"A000000253401","[6.9배 속보습 진정세럼] 레이어랩 니오좀 판테놀 5% 세럼 30ml 기획 (+1.5ml*5ea)","레이어랩","30.0","31.5","ml","","42000","13333.3","미네랄워터(44.6%), 글리세린, 부틸렌글라이콜, 정제수, 판테놀(5%), 나이아신아마이드(4%), 다이프로필렌글라이콜, 1,2-헥산다이올, 알로에베라잎추출물, 베타-시토스테롤, 세라마이드엔피, 콜레스테롤, 알란토인, 피토스핑고신, 베타-글루칸, 마데카소사이드, 아시아티코사이드, 아시아틱애씨드, 마데카식애씨드, 스쿠알란, 시어버터, 카프릴릭/카프릭트라이글리세라이드, 하이드로제네이티드레시틴, 솔비톨, 올리브오일, 암모늄아크릴로일다이메틸타우레이트/브이피코폴리머, 폴리글리세릴-10라우레이트, 카보머, 하이드록시아세토페논, 트로메타민, 락토바실러스발효물, 글리세릴아크릴레이트/아크릴릭애씨드코폴리머, 에틸헥실글리세린, 잔탄검, 아데노신, 다이소듐이디티에이, 세테아릴올리베이트, 솔비탄올리베이트, 호호바씨오일, 폴리글리세릴-10스테아레이트"
"A000000253622","[잡티톤업] 센텔리안24 엑스퍼트 마데카 멜라 캡처 앰플 맥스 15ml 더블기획 (+푸린 수면안대 포켓몬 에디션)","센텔리안24","15.0","30.0","ml","48000","23900","7966.7","병풀추출물, 다이프로필렌글라이콜, 식물성스쿠알란, 나이아신아마이드, 정제수, 메틸프로판다이올, 세테아레스-20, 참마뿌리추출물, 1,2-헥산다이올, 페닐트라이메티콘, 폴리글리세릴-10라우레이트, 별꽃추출물, 쇠비름추출물, 비파나무잎추출물, 카바카바잎/뿌리/줄기추출물, 사과추출물, 포도씨추출물, 인삼열매추출물, 삼백초추출물, 스피어민트추출물, 무화과추출물, 수련추출물, 마트리카리아꽃추출물, 드럼스틱씨추출물, 인디안구스베리열매추출물, 올리브나무잎추출물, 유용성감초추출물, 소듐하이알루로네이트, 다마스크장미꽃수, 다마스크장미꽃오일, 비사보롤, 트라넥사믹애씨드, 마데카식애씨드, 아시아티코사이드, 아시아틱애씨드, 락토바실러스발효물, 멜라토닌, 아데노신, 마데카소사이드, 쌀발효여과물, 3-O-에틸아스코빅애씨드, 아스코빅애씨드, 하이알루로닉애씨드, 알파-알부틴, 글루타티온, 하이드롤라이즈드소듐하이알루로네이트, 하이드롤라이즈드하이알루로닉애씨드, 티옥틱애씨드, 아스코빌테트라이소팔미테이트, 페룰릭애씨드, 아스코빌글루코사이드, 마그네슘아스코빌포스페이트, 녹차수, 하이드로제네이티드레시틴, 아르간커넬오일, 올리브오일, 센티드제라늄꽃오일, 라벤더오일, 캐모마일꽃오일, 오렌지껍질오일, 멕시칸주니퍼오일, 프로판다이올, 글리세린, 글리세릴스테아레이트에스이, 부틸렌글라이콜, 다이페닐다이메티콘, 트라이에틸헥사노인, 아크릴레이트/C10-30알킬아크릴레이트크로스폴리머, 트로메타민, 폴리쿼터늄-51, 다이메티콘, 스쿠알란, 하이드로제네이티드폴리아이소부텐, 폴리글리세릴-10미리스테이트, 토코페릴아세테이트, 글라이코실트레할로오스, 소듐파이테이트, 하이드로제네이티드스타치하이드롤리세이트, 아이소노닐아이소노나노에이트, 폴리그릴세릴-10스테아레이트, 라피노오스, 바이오사카라이드검-1, 다이소듐이디티에이, 세테아릴알코올, 스테아릭애씨드, 시어버터, 폴리글리세릴-2다이폴리하이드록시스테아레이트, 레시틴, 데실글루코사이드, 베타-글루칸, 이눌린라우릴카바메이트, 다이소듐스테아로일글루타메이트, 세라마이드엔피, 징크피씨에이, 레티닐팔미테이트, 리보플라빈, 메나다이온, 바이오틴, 사이아노코발아민, 소듐아스코빌포스페이트, 티아민에이치씨엘, 판테놀, 판토테닉애씨드, 폴릭애씨드, 피리독신, 향료, 하이드록시아세토페논, 펜틸렌글라이콜, 카프릴릴글라이콜, 시트로넬올"
"A000000253635","[모공타이트닝/NEW]차앤박 더마앤서 포어 퍼밍 앰플(NMN+PDRN)","차앤박","","","","40000","30000","","정제수, 다이카프릴릴카보네이트, 글리세린, 다이프로필렌글라이콜, 1,2-헥산다이올, 폴리글리세릴-10스테아레이트, 폴리글리세릴-10올리에이트, 폴리글리세릴-6폴리리시놀리에이트, 덱스트린팔미테이트, 판테놀, 부틸렌글라이콜, 폴리아크릴레이트크로스폴리머-6, 잔탄검, 나이아신아마이드, 아크릴레이트/C10-30알킬아크릴레이트크로스폴리머, 소듐폴리아크릴레이트, 니코틴아마이드모노뉴클레오타이드, 알란토인, 소듐피씨에이, 글라이코실트레할로오스, 로즈마리잎오일, 아이리쉬모스, 마그네슘설페이트, 하이드로제네이티드스타치하이드롤리세이트, 에틸헥실글리세린, 아데노신, C14-22알코올, 스쿠알란, 라벤더오일, 카보머, 소듐시트레이트, 소듐락테이트, 마카다미아씨오일, 트라이에틸헥사노인, 카프릴릴글라이콜, 시트릭애씨드, 하이드로제네이티드레시틴, 아라키딜글루코사이드, 시어버터, 폴리솔베이트20, 에톡시다이글라이콜, 폴록사머338, 멕시칸주니퍼오일, 토코페롤, 돌콩오일, 글리세릴스테아레이트, 스테아릭애씨드, 레스베라트롤, 콜레스테롤, 세라마이드엔피, 다이메티콘, 피이지-100스테아레이트, 트로메타민, 아세틸헥사펩타이드-8, 소듐디엔에이, 레티놀, 팔미토일트라이펩타이드-1, 페룰릭애씨드, 암모늄아크릴로일다이메틸타우레이트/브이피코폴리머, 하이알루로닉애씨드, 팔미토일테트라펩타이드-7, 하이드롤라이즈드콜라겐, 소듐스테아로일글루타메이트, 솔비탄스테아레이트, 리날룰, 리모넨"
"A000000254063","[7월올영픽] 랑콤 스타터키트 기획 2종 택1 (제니피끄 세럼/이드라젠 젤크림)","랑콤","","","","55000","44880","","세럼 : 정제수 비피다발효용해물 글리세린 펜틸렌글라이콜 다이메티콘 부틸렌글라이콜 옥틸도데칸올 만노오스 소듐하이알루로네이트 하이드록시아세토페논 카프릴릴글라이콜 암모늄폴리아크릴로일다이메틸타우레이트 알파-글루칸올리고사카라이드 다이포타슘글리시리제이트 테트라소듐글루타메이트다이아세테이트 효모추출물 소듐카복시메틸베타-글루칸 아데노신 잔탄검 야콘뿌리즙 소듐벤조에이트 말토덱스트린 시트릭애씨드 아세틱애씨드 락틱애씨드 향료 살리실로일피토스핑고신 락토바실러스 / 젤 크림 : 정제수 프로방스장미꽃수 글리세린 스쿠알란 다이카프릴릴카보네이트 암모늄폴리아크릴로일다이메틸타우레이트 하이드록시아세토페논 카프릴릴글라이콜 향료 비사보롤 알로에베라잎즙가루 소듐하이알루로네이트 옥틸도데칸올 잔탄검 포타슘솔베이트 소듐벤조에이트 에탄올 시트릭애씨드 소듐하이드록사이드 토코페롤 프로방스장미꽃추출물 시트로넬올 적색504호"
"A000000254064","[포켓몬 에디션] VT 리들샷 300 에센스 50ml 기획 (+PDRN 에센스 1.5ml*2+피카츄 러기지택)","VT","50.0","51.5","ml","43000","29000","5631.1","정제수, 다이프로필렌글라이콜, 글리세린, 나이아신아마이드, 부틸렌글라이콜, 마카다미아씨오일, 1,2-헥산다이올, 에틸헥실팔미테이트, 실리카, 소듐아크릴레이트/소듐아크릴로일다이메틸타우레이트코폴리머, 폴리아이소부텐, 글리세레스-26, 에틸헥실글리세린, 카프릴릴글라이콜, 아데노신, 소듐폴리아크릴레이트, 병풀추출물, 소듐하이알루로네이트, 카프릴릴/카프릴글루코사이드, 솔비탄올리에이트, 잔탄검, 프로폴리스추출물, 아시아티코사이드, 마데카소사이드, 마데카식애씨드, 아시아틱애씨드, 글라이신, 세린, 글루타믹애씨드, 아스파틱애씨드, 류신, 알라닌, 라이신, 알지닌, 타이로신, 페닐알라닌, 트레오닌, 프롤린, 발린, 아이소류신, 히스티딘, 메티오닌, 시스테인"
"A000000254295","[리뉴얼/속수분쏙] 리얼베리어 워터리 히알 세럼 50ml 기획 (+20ml)","리얼베리어","50.0","70.0","ml","","26000","3714.3","정제수, 프로판다이올, 부틸렌글라이콜, 글리세린, 1,2-헥산다이올, 메틸프로판다이올, 펜틸렌글라이콜, 판테놀, 글라이코실트레할로오스, 하이드로제네이티드 스타치하이드롤리세이트, 폴리글리세릴-10라우레이트, 알란토인, 베타인, 하이드록시아세토페논, 카보머, 알지닌, 잔탄검, 엑토인, 세라마이드엔피, 스피어민트 잎 오일, 스피어민트 추출물, 하이드로제네이티드 레시틴, 필리핀 오렌지 껍질 오일, 유칼립투스 잎 오일, 센티드 제라늄 꽃 오일, 타임오일, 수크로오스 스테아레이트, 폴리글리세릴-10스테아레이트, 리놀레익 애씨드, 피토스테롤, 스쿠알란, 바추 잎 추출물, 소듐하이알루로네이트 (6 ppm), 미리스토일/팔미토일 옥소스테아라마이드/아라카마이드 엠이에이, 세라마이드에이피, 세라마이드엔지, 시어버터, 올리브오일, 세라마이드에이에스, 세라마이드엔에스, 세라마이드이오피, 세라마이드이오에스, 글라이코스핑고리피드, 소듐디엔에이, 칸디다 봄비콜라/글루코오스/메틸 레이프씨데이트 발효물, 글라이신, 글라이코리피드, 글루타믹애씨드"
"A000000254438","[NEW] 퓨어그램 오리진 부스터샷 100 앰플 30ml","퓨어그램","30.0","30.0","ml","10000","5900","1966.7","정제수, 다이프로필렌글라이콜, 글리세린, 나이아신아마이드, 1,2-헥산다이올, 소듐폴리아크릴레이트, 소듐아크릴레이트/소듐아크릴로일다이메틸타우레이트코폴리머, 폴리아이소부텐, 하이드록시아세토페논, 잔탄검, 하이드롤라이즈드해면, 에틸헥실글리세린, 아데노신, 솔비탄올리에이트, 카프릴릴/카프릴글루코사이드, 다이소듐이디티에이, 하이드롤라이즈드하이알루로닉애씨드, 마카다미아씨오일, 카프릴릭/카프릭트라이글리세라이드, 바오밥나무씨오일, 하이드로제네이티드레시틴, 세라마이드엔피, 소듐하이알루로네이트, 세라마이드에이에스, 세라마이드엔에스, 세라마이드에이피, 세라마이드이오피, 글라이신, 글루타믹애씨드, 라이신, 류신, 메티오닌, 발린, 세린, 소듐하이알루로네이트크로스폴리머, 시스테인, 아스파틱애씨드, 아이소류신, 알라닌, 알지닌, 타이로신, 트레오닌, 페닐알라닌, 포타슘하이알루로네이트, 프롤린, 하이드록시프로필트라이모늄하이알루로네이트, 하이드롤라이즈드소듐하이알루로네이트, 하이알루로닉애씨드, 히스티딘, 펜틸렌글라이콜, 소듐아세틸레이티드하이알루로네이트"
"A000000254553","[NEW] 퓨어그램 오리진 부스터샷 300 앰플 30ml","퓨어그램","30.0","30.0","ml","10000","5900","1966.7","정제수, 다이프로필렌글라이콜, 글리세린, 나이아신아마이드, 1,2-헥산다이올, 소듐폴리아크릴레이트, 소듐아크릴레이트/소듐아크릴로일다이메틸타우레이트코폴리머, 폴리아이소부텐, 하이드록시아세토페논, 하이드롤라이즈드해면, 잔탄검, 에틸헥실글리세린, 아데노신, 솔비탄올리에이트, 카프릴릴/카프릴글루코사이드, 다이소듐이디티에이, 하이드롤라이즈드하이알루로닉애씨드, 마카다미아씨오일, 카프릴릭/카프릭트라이글리세라이드, 바오밥나무씨오일, 하이드로제네이티드레시틴, 세라마이드엔피, 소듐하이알루로네이트, 세라마이드에이에스, 세라마이드엔에스, 세라마이드에이피, 세라마이드이오피, 글라이신, 글루타믹애씨드, 라이신, 류신, 메티오닌, 발린, 세린, 소듐하이알루로네이트크로스폴리머, 시스테인, 아스파틱애씨드, 아이소류신, 알라닌, 알지닌, 타이로신, 트레오닌, 페닐알라닌, 포타슘하이알루로네이트, 프롤린, 하이드록시프로필트라이모늄하이알루로네이트, 하이드롤라이즈드소듐하이알루로네이트, 하이알루로닉애씨드, 히스티딘, 펜틸렌글라이콜, 소듐아세틸레이티드하이알루로네이트"
"A000000254644","[NEW/흔적토닝] 닥터지 비타 클리어 글루타샷 10+ 흔적 세럼 30ml","닥터지","30.0","30.0","ml","34000","23800","7933.3","정제수, 나이아신아마이드(5%), 글리세린, 메틸프로판다이올, 비타민나무수(3%), 1,2-헥산다이올, 카프릴릭/카프릭트라이글리세라이드, 글루타티온(2%), 펜틸렌글라이콜, 알지닌, 암모늄아크릴로일다이메틸타우레이트/브이피코폴리머, 부틸렌글라이콜, 펜타에리스리틸테트라-다이-t-부틸하이드록시하이드로신나메이트, 트라넥사믹애씨드, 잔탄검, 에틸헥실글리세린, 하이드로제네이티드레시틴, 아데노신, 카보머, 실버위드추출물, 소듐하이알루로네이트, 폴리쿼터늄-51, 귀리커넬추출물, 아티초크잎추출물, 베타-글루칸, 병풀추출물, 무화과추출물, 녹차수, 세라마이드엔피, 마데카소사이드, 시스테인, 토코페롤(0.0000601%), 아스코빅애씨드(0.0000101%), 폴리글리세릴-3메틸글루코오스다이스테아레이트, 프로판다이올, 하이드록시프로필사이클로덱스트린, 뽕나무뿌리추출물, 수크로오스다이스테아레이트, 티옥틱애씨드"
"A000000254646","[아랑공동개발] 일소 펩타이드 3엑스 모공톡스 탄력 앰플 30ml 기획 (+피지클리너 2매)","일소","30.0","30.0","ml","28000","19900","6633.3","정제수, 부틸렌글라이콜, 글리세린, 나이아신아마이드, 프로판다이올, 1,2-헥산다이올, 팔미토일트라이펩타이드-5, 헥사펩타이드-9, 올리고펩타이드-1, 에스알-(올리고펩타이드-91클로스트리듐보툴리눔폴리펩타이드-1), 소듐하이알루로네이트, 소듐디엔에이, 말라카이트추출물, 효모발효여과물, 아크릴레이트/C10-30알킬아크릴레이트크로스폴리머, 트로메타민, 폴리아크릴레이트크로스폴리머-6, 에리스리톨, 카프릴릭/카프릭트라이글리세라이드, 에틸헥실글리세린, 아데노신, 글리세릴폴리아크릴레이트, 하이드로제네이티드레시틴, 소듐파이테이트, 세라마이드엔피, 베타-글루칸, 다발방패버섯추출물, 토코페롤, 레시틴, 폴리솔베이트20, 소듐아스코빌포스페이트, 글라이신, 알지닌, 글루타믹애씨드, 다이소듐이디티에이, 아이리쉬모스가루, 울트라마린 (CI 77007), 티타늄디옥사이드 (CI 77891), 흑색산화철 (CI 77499), 아가"
"A000000254712","아이오페 피디알엔 카페인 샷 30ml 기획 (+5ml*3ea)","아이오페","30.0","35.0","ml","50000","37500","10714.3","락토바실러스발효용해물(바이오-피디알엔TM)@정제수@프로판다이올@글리세린@나이아신아마이드@부틸렌글라이콜@카페인@다이프로필렌글라이콜@1,2-헥산다이올@다이에톡시에틸석시네이트@글리세릴폴리메타크릴레이트@폴리아크릴레이트크로스폴리머-6@만니톨@에틸헥실글리세린@아데노신@소듐시트레이트@덱스트린@카카오추출물@시트릭애씨드@다이소듐이디티에이@T-부틸알코올@알지닌@사이클로덱스트린@하이드록시프로필사이클로덱스트린@말토덱스트린@잔탄검@베타-글루칸@아세틸테트라펩타이드-11@토코페롤"
"A000000254728","[단독/붓기완화] 조선미녀 붉은팥 PDRN 모공탄력 세럼 30ml 더블기획","조선미녀","30.0","60.0","ml","25500","24900","4150.0","정제수, 부틸렌글라이콜, 메틸글루세스-20, 1,2-헥산다이올, 나이아신아마이드, 글리세린, 폴리솔베이트 20, 글리세레스-26, 스쿠알란, 카보머, 트로메타민, 에틸헥실글리세린, 잔탄검, 아데노신, 다이소듐이디티에이, 하이드로제네이티드레시틴, 황련뿌리추출물, 병풀추출물, 무화과추출물, 참마뿌리추출물, 소듐디엔에이(50 ppm), 팥추출물(50 ppm), 하이드롤라이즈드옥수수전분, 세라마이드엔피, 베타-글루칸, 수크로오스, 다이펩타이드다이아미노부티로일벤질아마이드다이아세테이트"
"A000000254803","[NEW 탄력스피큘] 앰플엔 하이퍼샷 펩타이드 앰플 50ml","앰플엔","50.0","50.0","ml","21000","17900","3580.0","정제수, 글리세린, 부틸렌글라이콜, 베타인, 1,2-헥산다이올, 나이아신아마이드, 트레할로오스, 다이메티콘, 사이아노코발아민, 다이펩타이드-15(2,000ppm), 카보머, 알지닌, 판테놀, 하이드록시에틸아크릴레이트/소듐아크릴로일다이메틸타우레이트코폴리머, 하이드로제네이티드레시틴, 잔탄검, 아데노신, 글리세릴아크릴레이트/아크릴릭애씨드코폴리머, 소듐팔미토일사코시네이트, 글루코실루틴, 하이드롤라이즈드콜라겐, 소듐하이알루로네이트, 스핑고모나스발효추출물, 다이소듐이디티에이, 아가, 하이드롤라이즈드해면, 제니팝열매추출물, 솔비탄아이소스테아레이트, 티타늄디옥사이드, 마이크로크리스탈린셀룰로오스, 탱자추출물, 함박꽃나무추출물, 영지버섯추출물, 병풀추출물, 우엉씨추출물, 헥사펩타이드-53(10ppm), 글라이신, 에틸헥산다이올, 벌독, 펜틸렌글라이콜, 니코틴아마이드모노뉴클레오타이드, 소듐포스페이트, 아세틸헥사펩타이드-8(0.004ppb), 팔미토일트라이펩타이드-1(0.004ppb), 팔미토일펜타펩타이드-4(0.004ppb), 카퍼트라이펩타이드-1(0.004ppb), 수퍼옥사이드디스뮤타아제"
"A000000254852","[쿨링/트러블] 구달 어성초 징크 히알루론 레드 수딩 세럼 30ml 기획 (+징크 진정 파우더 2g)","구달","30.0","30.0","ml","","22000","7333.3","정제수,메틸프로판다이올,글리세린,프로판다이올,1,2-헥산다이올,에톡시다이글라이콜,글리세레스-26,나이아신아마이드,부틸렌글라이콜,징크피씨에이,펜틸렌글라이콜,약모밀추출물,폴리글리세릴-10라우레이트,소듐폴리아크릴로일다이메틸타우레이트,암모늄아크릴로일다이메틸타우레이트/베헤네스-25메타크라일레이트크로스폴리머,글루코노락톤,에틸헥실글리세린,소듐피씨에이,유칼립톨,아라비아고무나무검,잔탄검,아데노신,말라카이트추출물,솔비톨,에리스리톨,소듐하이알루로네이트,소듐시트레이트,백미꽃추출물,클로렐라 불가리스추출물,락틱애씨드,접시꽃추출물,소듐아세틸레이티드하이알루로네이트,징크락테이트,징크하이드롤라이즈드하이알루로네이트,풀빅애씨드,하이드록시프로필트라이모늄하이알루로네이트,하이드롤라이즈드디엔에이,하이드롤라이즈드소듐하이알루로네이트,토코페롤,소듐하이알루로네이트크로스폴리머,하이드롤라이즈드글라이코사미노글리칸,벤질글라이콜,옥틸도데칸올,아시아티코사이드,글라이코리피드,마데카식애씨드,아시아틱애씨드,하이드로제네이티드레시틴,하이드롤라이즈드하이알루로닉애씨드,C12-13알케스-9,하이알루로닉애씨드

[비매품] 어성초 징크 레드수딩 파우더 2g
다이스타치포스페이트, 실리카, 징크옥사이드, 징크피씨에이, 에리스리톨, 나이아신아마이드, 칼라민, 펜틸렌글라이콜, 메틸다이아이소프로필프로피온아마이드, 석시닉애씨드, 카프릴릴글라이콜, 에틸헥실글리세린, 클로렐라 불가리스가루, 토코페롤, 정제수, 징크하이드롤라이즈드하이알루로네이트, 부틸렌글라이콜, 약모밀추출물, 글리세린, 1,2-헥산다이올, 하이드롤라이즈드디엔에이"
"A000000255069","[NEW] 허블룸 콤부차 플랜트 바이옴 세럼 50ml","허블룸","50.0","50.0","ml","36000","28800","5760.0","정제수, 글리세린, 프로판다이올, 병풀추출물, 아이소아밀라우레이트, 펜틸렌글라이콜, 효모/자일리눔/홍차발효물, 나이아신아마이드, 호호바씨오일, 베타인, 마데카소사이드, 소듐디엔에이, 세라마이드엔피, 아시아티코사이드, 폴리글리세릴-10라우레이트, 팔미토일트라이펩타이드-1, 팔미토일펜타펩타이드-4, 헥사펩타이드-9, 아세틸헥사펩타이드-8, 트라이펩타이드-1, 카퍼트라이펩타이드-1, 락토바실러스발효용해여과물, 스쿠알란, 스위트아몬드오일, 부틸렌글라이콜, 하이드로제네이티드레시틴, 글리세릴스테아레이트시트레이트, 아라키딜알코올, 소듐하이알루로네이트, 베헤닐알코올, 아라키딜글루코사이드, 카프릴릴글라이콜, 카프릴하이드록사믹애씨드, 솔비탄올리베이트, 피마자씨오일, 스클레로튬검, 아데노신, 1,2-헥산다이올, 유칼립투스잎오일, 맥아추출물, 잔탄검, 라벤더추출물, 레몬추출물, 포도껍질추출물, 덱스트린, 분비나무오일, 멕시칸주니퍼오일, 광곽향오일, 바질오일, 센티드제라늄꽃오일"
"A000000255167","[텔레토비 콜라보][쿨링/트러블] 구달 어성초 징크 히알루론 레드 수딩 세럼 30ml 더블 기획 (+왕 스티커 3매)","구달","30.0","60.0","ml","30000","21900","3650.0","정제수,메틸프로판다이올,글리세린,프로판다이올,1,2-헥산다이올,에톡시다이글라이콜,글리세레스-26,나이아신아마이드,부틸렌글라이콜,징크피씨에이,펜틸렌글라이콜,약모밀추출물,폴리글리세릴-10라우레이트,소듐폴리아크릴로일다이메틸타우레이트,암모늄아크릴로일다이메틸타우레이트/베헤네스-25메타크라일레이트크로스폴리머,글루코노락톤,에틸헥실글리세린,소듐피씨에이,유칼립톨,아라비아고무나무검,잔탄검,아데노신,말라카이트추출물,솔비톨,에리스리톨,소듐하이알루로네이트,소듐시트레이트,백미꽃추출물,클로렐라 불가리스추출물,락틱애씨드,접시꽃추출물,소듐아세틸레이티드하이알루로네이트,징크락테이트,징크하이드롤라이즈드하이알루로네이트,풀빅애씨드,하이드록시프로필트라이모늄하이알루로네이트,하이드롤라이즈드디엔에이,하이드롤라이즈드소듐하이알루로네이트,토코페롤,소듐하이알루로네이트크로스폴리머,하이드롤라이즈드글라이코사미노글리칸,벤질글라이콜,옥틸도데칸올,아시아티코사이드,글라이코리피드,마데카식애씨드,아시아틱애씨드,하이드로제네이티드레시틴,하이드롤라이즈드하이알루로닉애씨드,C12-13알케스-9,하이알루로닉애씨드"
"A000000255439","[물광플럼핑]스킨1004 마다가스카르 센텔라 히알루-테카 플럼핑 앰플 50ml","스킨1004","50.0","50.0","ml","29000","24650","4930.0","정제수, 글리세린, 1,2-헥산다이올, 나이아신아마이드, 메틸프로판다이올, 소듐하이알루로네이트, 병풀추출물, 메틸글루세스-20, 코코-카프릴레이트/카프레이트, 부틸렌글라이콜, 옥틸도데세스-16, 소듐아크릴릭애씨드/엠에이코폴리머, 알지닌, 카보머, 암모늄아크릴로일다이메틸타우레이트/브이피코폴리머, 펜타에리스리틸테트라에틸헥사노에이트, 폴리글리세릴-10올리에이트, 헥실데실에틸헥사노에이트, 에틸헥실글리세린, 하이드로제네이티드레시틴, C12-13알케스-9, 아데노신, 소듐파이테이트, 글리세릴스테아레이트시트레이트, 카프릴릴글라이콜, 에톡시다이글라이콜, 트레할로오스, 폴리글리세릴-10스테아레이트, 바나나꽃추출물, 펜틸렌글라이콜, 다마스크장미꽃수, 서양배추출물, 무화과추출물, 서양자두추출물, 멜론추출물, 락토코쿠스발효용해물, 서양송악잎/줄기추출물, 옥틸도데칸올, 아시아티코사이드, 세라마이드엔피, 글라이코리피드, 마데카식애씨드, 아시아틱애씨드, 프룩토올리고사카라이드, 향부자추출물, 토코페롤, 콜라겐, 글라이신, 베타-글루칸, 글루타믹애씨드, 류코노스톡/무발효여과물, 글루타티온, 레스베라트롤, 마데카소사이드, 수용성콜라겐, 페룰릭애씨드, 소듐클로라이드, 만노오스, 카퍼트라이펩타이드-1, 폴리글루타믹애씨드, 병풀잎추출물, 아세틸헥사펩타이드-1, 아세틸헥사펩타이드-8, 글루코오스, 시트릭애씨드, 헥사펩타이드-9"
"A000000255786","[올리브영 한정기획] 믹순 히알레배 포어 버블 세럼 70ml 기획 (+늘어나는 쫀득솜 35매)","믹순","70.0","70.0","ml","","14900","2128.6","정제수, 1,2-헥산다이올, 나이아신아마이드, 프로판다이올, 트레할로오스, 판테놀, 폴리글루타믹애씨드, 코코-글루코사이드, 알란토인, 버지니아풍년화수, 소듐시트레이트, 에틸헥실글리세린, 다이포타슘글리시리제이트, 아데노신, 글리세린, 시트릭애씨드, 부틸렌글라이콜, 소듐파이테이트, 하이드록시에틸셀룰로오스, 바실러스발효물, 병풀캘러스세포외소포, 풀루란, 소듐하이알루로네이트(1,000ppb), 메틸프로판다이올, 폴리글리세릴-4카프레이트, 글라이신, 글루코노락톤, 카프릴로일살리실릭애씨드, 트로메타민, 글루타믹애씨드, 알지닌, 벤질글라이콜, 세틸에틸헥사노에이트, 소듐하이알루로네이트크로스폴리머(1ppb), 세테아릴올리베이트, 솔비탄올리베이트"
"A000000255843","[NEW/수분회복]파티온 포도당 하이드로 액티브 세럼 70ml 기획(+리필40ml)","파티온","70.0","110.0","ml","45800","24900","2263.6","정제수, 글리세린, 부틸렌글라이콜, 메틸프로판다이올, 1,2-헥산다이올, 다이메틸설폰, 말라카이트추출물, 다이에톡시에틸석시네이트, 카보머, 트로메타민, 베타인, 폴리글리세릴-10라우레이트, 잔탄검, 폴리글리세릴-4라우레이트, 에틸헥실글리세린, 알란토인, 테트라하이드록시프로필에틸렌다이아민, 카프릴릴/카프릴글루코사이드, 다이소듐이디티에이, 멘톡시프로판다이올, 바이오사카라이드검-1, 판테놀, 글리세릴글루코사이드, 소듐하이알루로네이트, 트레할로오스, 우레아, 엑토인, 글루코오스, 토코페롤, 세린, 펜틸렌글라이콜, 알라닌, 알지닌, 아스파라진, 글루타믹애씨드, 글루타민, 글라이신, 히스티딘, 하이알루로닉애씨드, 하이드롤라이즈드하이알루로닉애씨드, 하이드록시프로필트라이모늄하이알루로네이트, 아이소류신, 류신, 라이신, 메티오닌, 페닐알라닌, 프롤린, 씨솔트, 소듐아세틸레이티드하이알루로네이트, 소듐하이알루로네이트크로스폴리머, 트레오닌, 트립토판, 타이로신, 발린, 징크피씨에이, 칼슘클로라이드, 알진, 카프릴릴글라이콜, 다이소듐포스페이트, 글리세릴폴리아크릴레이트, 풀루란, 포타슘포스페이트"
"A000000256804","[한정기획/본품+리필+크림미니어처] 비긴스 바이 정샘물 흔적 세럼","비긴스 바이 정샘물","","","","","42000","","[본품/리필_흔적 세럼]
정제수, 나이아신아마이드, 프로판다이올, 부틸렌글라이콜, 1,2-헥산다이올, 알파-알부틴, 글리세린, 에칠아스코빌에텔, 비타민나무수, 글루타티온(100ppm), 구아바열매추출물(100ppm), 소듐하이알루로네이트, 아데노신, 병풀잎추출물, 판테놀, 알란토인, 마데카소사이드, 아시아티코사이드, 토코페롤, 하이드로제네이티드레시틴, 펜틸렌글라이콜, 글리세릴폴리메타크릴레이트, 폴리글리세릴-10라우레이트, 아크릴레이트/C10-30알킬아크릴레이트크로스폴리머, 트로메타민, 하이드롤라이즈드스클레로튬검, 에틸헥실글리세린, 사이아노코발아민, 잔탄검, 클레리오일, 필리핀오렌지껍질오일, 광곽향오일, 리모넨

[증정_흔적 크림]
정제수, 글리세린, 에틸헥실팔미테이트, 나이아신아마이드, 수크로오스스테아레이트, 1,2헥산다이올, 부틸렌글라이콜, 비닐다이메티콘, 세테아릴알코올, 시어버터, 퀸즈랜드넛오일, 하이드로제네이티드식물성오일, 쌀겨왁스, 아이리쉬모스가루, 글루타티온(100ppm), 구아바열매추출물(100ppm), 알파-알부틴, 비타민나무수, 병풀잎추출물, 병풀추출물, 세라마이드엔피, 스쿠알란, 아시아티코사이드, 마데카식애씨드, 아시아틱애씨드, 3-O-에틸아스코빅애씨드, 마데카소사이드, 펜틸렌글라이콜, 피토스테릴/베헤닐/옥틸도데실라우로일글루타메이트, 암모늄아크릴로일다이메틸타우레이트/브이피코폴리머, 판테놀, 하이드록시에틸아크릴레이트/소듐아크릴로일다이메틸타우레이트코폴리머, 아미노메틸프로판다이올, 아크릴레이트/C10-30알킬아크릴레이트크로스폴리머, 에틸헥실글리세린, 카프릴릭/카프릭트라이글리세라이드, 프로판다이올, 다이라우릴티오다이프로피오네이트, 펜타에리스리틸테트라-다이t-부틸하이드록시하이드로신나메이트, 아데노신, 소듐파이테이트, 아가, 트로메타민, 폴리글리세릴10올리에이트, 폴리글리세릴-5올리에이트, 소듐스테아로일글루타메이트, 바이오사카라이드검-1, 하이드로제네이티드레시틴, 알루미늄하이드록사이드, 토코페롤, 폴리글리세릴-10라우레이트, 카보머, 클레리오일, 메도우폼씨오일, 필리핀오렌지껍질오일, 광곽향오일, 리모넨, 리날룰, 티타늄디옥사이드 (CI 77891), 적색226호 (CI 73360)"
"A000000257237","[꿀광앰플] 디마프 판테놀 30% 앰플 60ml","디마프","60.0","60.0","ml","46000","43000","7166.7","정제수, 판테놀(30.086%), 메틸프로판다이올, 글리세린, 다이프로필렌글라이콜, 1,2-헥산다이올, 다이메틸이미다졸리디논쌀전분, 병풀추출물, 호장근뿌리추출물, 황금추출물, 녹차추출물, 스페인감초뿌리추출물, 마트리카리아꽃추출물, 로즈마리잎추출물, 자작나무수액, 네오펜틸글라이콜다이카프레이트, 펜틸렌글라이콜, 하이드록시아세토페논, 세라마이드엔피, 베타인, 알란토인, 아시아티코사이드, 마데카소사이드, 덱스트린, 에스에이치-올리고펩타이드-1, 에스에이치-올리고펩타이드-2, 에스에이치-폴리펩타이드-1, 에스에이치-폴리펩타이드-22, 달맞이꽃꽃추출물, 토코페릴아세테이트, 에틸헥실글리세린, 폴리글리세릴-10라우레이트, 폴리글리세릴-10미리스테이트, 소듐하이알루로네이트, 소듐아세틸레이티드하이알루로네이트, 하이드롤라이즈드하이알루로닉애씨드, 아크릴레이트/C10-30알킬아크릴레이트크로스폴리머, 암모늄아크릴로일다이메틸타우레이트/브이피코폴리머, 알지닌, 레시틴, 부틸렌글라이콜, 카프릴릴글라이콜, 다이소듐이디티에이"
"A000000257377","[1등 세럼/모공피지] 센텔리안24 마데카 분말 티트리 에이씨 6g 더블기획 푸린 에디션 (+푸린수면안대 포켓몬)","센텔리안24","6.0","12.0","g(약 1ml 상당으로 근사)","45000","25900","21583.3","정제수, 글리세린, 실리카실릴레이트, 폴리메틸실세스퀴옥세인, 비닐다이메티콘/메티콘실세스퀴옥세인크로스폴리머, 나이아신아마이드, 보론나이트라이드, 알란토인, 잇꽃꽃추출물, 치자추출물, 마데카식애씨드, 아시아티코사이드, 아시아틱애씨드, 녹차추출물, 커피콩추출물, 병풀잎추출물, 오카무라큰실말추출물, 흰버드나무껍질추출물, 베르가모트잎추출물, 소나무잎추출물, 티트리잎오일, 감나무잎추출물, 워터민트추출물, 포도추출물, 호장근뿌리추출물, 밤껍질추출물, 초피나무열매추출물, 삼나무잎추출물, 연꽃잎추출물, 로즈마리잎오일, 덱스트린, 다이메티콘, 시트릭애씨드, 아데노신, 부틸렌글라이콜, 1,2-헥산다이올, 다이프로필렌글라이콜, 데실글루코사이드, 병풀즙, 에틸헥실글리세린, 효모발효여과물, 데하이드로아세틱애씨드, 소듐벤조에이트, 살리실릭애씨드, 리모넨"
"A000000257698","[26년 신형/대용량] 달바 비타 캡슐 세럼 나이아신아마이드 5퍼센트 100ml 기획","달바","100.0","100.0","ml","58000","42900","4290.0","비타민나무수(695,884ppm), 정제수, 글리세린, 나이아신아마이드(50,000ppm), 1,2-헥산다이올, 아이소펜틸다이올, 카프릴릭/카프릭/석시닉트라이글리세라이드, 아크릴레이트/C10-30알킬아크릴레이트크로스폴리머, 다이펩타이드-15, 카프릴릭/카프릭트라이글리세라이드, 향료, 부틸렌글라이콜, 흰서양송로추출물, 잔탄검, 캐스터오일/아이피디아이코폴리머, 알지닌, 꽃송이버섯추출물, 아데노신, 비타민나무오일(300ppm), 아이소노닐아이소노나노에이트, 판테놀(100ppm), 라벤더꽃추출물, 마트리카리아꽃추출물, 보리지추출물, 수레국화꽃추출물, 클레리추출물, 히아신스전초추출물, 마카다미아씨오일, 글루타티온, 에틸헥실글리세린, 다이프로필렌글라이콜, 폴리글루타믹애씨드, 유채스테롤, 콜레스테롤, 피토스테릴/베헤닐/옥틸도데실라우로일글루타메이트, 폴리글리세릴-10올리에이트, 하이드로제네이티드레시틴, 아스코빅애씨드(1,000ppb), 감추출물, 병풀추출물, 쌀추출물, 쑥잎추출물, 소듐아스코빌포스페이트(0.5ppm), 포타슘세틸포스페이트, 실리카다이메틸실릴레이트, 세라마이드엔피, 피토스테롤, 다이소듐이디티에이, 덱스트린팔미테이트, 달맞이꽃오일, 돌콩오일, 비타민나무열매오일(0.001ppm), 아보카도오일, 토코페롤(0.0004ppm), 동백나무씨오일, 메나다이온(0.0001ppm), 올리브오일, 해바라기씨오일, 시트랄, 리모넨, 헥실신남알, 리날룰"
"A000000258068","[미스트 앰플]LBB 인텐시브 수딩 앰플 60ml","LBB","60.0","60.0","ml","73000","57800","9633.3","탄제린수, 정제수, 프로판다이올, 부틸렌글라이콜, 글리세레스-26, 나이아신아마이드, 폴리글리세릴-4카프레이트, 1,2-헥산다이올, 글리세린, 베타인, 카프릴릭/카프릭트라이글리세라이드, 소듐파이테이트, 하이드로제네이티드레시틴, 라벤더오일, 아데노신, 시트릭애씨드,세드랏껍질오일, 자몽껍질오일, 홍삼추출물, 멘틸락테이트, 에틸멘탄카복사마이드, 필리핀오렌지전초오일, 메틸다이아이소프로필프로피온아마이드, 라즈베리잎세포배양물, 토마토잎세포배양추출물, 카프릴릴글라이콜, 아세틸헥사펩타이드-8"
"A000000258189","일소 펩타이드 3엑스 모공톡스 탄력 앰플 30ml","일소","30.0","30.0","ml","28000","19900","6633.3","정제수, 부틸렌글라이콜, 글리세린, 나이아신아마이드, 프로판다이올, 1,2-헥산다이올, 팔미토일트라이펩타이드-5(1,100 ppb), 헥사펩타이드-9(0.0023 ppb), 올리고펩타이드-1(0.00023 ppb), 에스알-(올리고펩타이드-91클로스트리듐보툴리눔폴리펩타이드-1)(0.0102 ppb), 소듐하이알루로네이트, 소듐디엔에이, 말라카이트추출물, 효모발효여과물, 아크릴레이트/C10-30알킬아크릴레이트크로스폴리머, 트로메타민, 폴리아크릴레이트크로스폴리머-6, 에리스리톨, 카프릴릭/카프릭트라이글리세라이드, 에틸헥실글리세린, 아데노신, 글리세릴폴리아크릴레이트, 하이드로제네이티드레시틴, 소듐파이테이트, 세라마이드엔피, 베타-글루칸, 다발방패버섯추출물, 토코페롤, 레시틴, 폴리솔베이트20, 소듐아스코빌포스페이트, 글라이신, 알지닌, 글루타믹애씨드, 다이소듐이디티에이, 아이리쉬모스가루, 울트라마린 (CI 77007), 티타늄디옥사이드 (CI 77891), 흑색산화철 (CI 77499), 아가"
"A000000258772","[NEW/속보습]조선미녀 녹차 히알루론산 수분진정 세럼 30ml","조선미녀","30.0","30.0","ml","17000","13600","4533.3","정제수, 녹차수(8.55%), 메틸프로판다이올, 1,2-헥산다이올, 나이아신아마이드, 글리세린, 메틸글루세스-20, 부틸렌글라이콜, 암모늄아크릴
로일다이메틸타우레이트/브이피코폴리머, 소듐아크릴릭애씨드/엠에이코폴리머, 에틸헥실글리세린, 소듐하이알루로네이트(1,500ppm), 카보
머, 마카다미아씨오일, 트로메타민, 잔탄검, 판테놀, 아데노신, 황련뿌리추출물, 소듐파이테이트, 트라이소듐에틸렌다이아민다이석
시네이트, 카프릴릴글라이콜, 하이드로제네이티드레시틴, 말라카이트추출물, 병풀추출물, 무화과추출물, 알지닌, 락토코쿠스발효
용해물, 세라마이드엔피, 프룩토올리고사카라이드, 글라이코리피드, 향부자추출물, 소듐클로라이드"
"A000000260346","[흔적 리페어_c-PDRN 10,000 PPM]리쥬덱스 더마 리페어링 솔루션 앰플 10mLx2EA","리쥬덱스","10.0","10.0","ml","","39000","39000.0","정제수, 글리세린, 아이소펜틸다이올, 부틸렌글라이콜, 다이프로필렌글라이콜, 나이아신아마이드, 베타인, 프로판다이올, 하이드롤라이즈드디엔에이, 다이글리세린, 하이드록시에틸우레아, 트라넥사믹애씨드, 아크릴레이트/C10-30알킬아크릴레이트크로스폴리머, 트로메타민, 잔탄검, 판테놀, 폴리쿼터늄-51, 하이드롤라이즈드하이알루로닉애씨드, 아데노신, 편백잎추출물, 1,2-헥산다이올, 다이소듐이디티에이, 베타-글루칸, 에틸헥실글리세린, 에스에이치-올리고펩타이드-1"
"A000000260574","[1등 화잘먹 물먹세럼] 에스네이처 아쿠아 스쿠알란 세럼 50ml 기획 (+수분크림 10ml)","에스네이처","50.0","60.0","ml","","21000","3500.0","""[세럼]
정제수, 글리세린, 부틸렌글라이콜, 메틸프로판다이올, 1,2-헥산다이올, 베타인, 다시마추출물, 한련초잎추출물, 버지니아풍년화추출물, 소듐하이알루로네이트, 하이드로제네이티드레시틴, 판테놀, 알란토인, 프룩토올리고사카라이드, 베타-글루칸, 하이드롤라이즈드하이알루로닉애씨드, 스쿠알란, 하이드록시프로필트라이모늄하이알루로네이트, 소듐아세틸레이티드하이알루로네이트, 하이드롤라이즈드소듐하이알루로네이트, 하이알루로닉애씨드, 소듐하이알루로네이트크로스폴리머, 포타슘하이알루로네이트, 다이프로필렌글라이콜, 토코페롤, 에틸헥실글리세린, 카보머, 트로메타민, 잔탄검, 다이소듐이디티에이

[수분크림]
정제수, 스쿠알란(150,000ppm), 글리세린, 1,2-헥산다이올, 베타인, 판테놀, 소듐하이알루로네이트, 하이드롤라이즈드콜라겐, 하이드록시프로필트라이모늄하이알루로네이트, 하이드롤라이즈드하이알루로닉애씨드, 소듐아세틸레이티드하이알루로네이트, 아세틸헥사펩타이드-8, 아데노신, 하이알루로닉애씨드, 하이드롤라이즈드소듐하이알루로네이트, 소듐하이알루로네이트크로스폴리머, 포타슘하이알루로네이트, 아크릴레이트/C10-30알킬아크릴레이트크로스폴리머, 알지닌, 알란토인, 자일리틸글루코사이드, 안하이드로자일리톨, 자일리톨, 글루코오스, 부틸렌글라이콜, 암모늄아크릴로일다이메틸타우레이트/브이피코폴리머, 카프릴릴글라이콜 """
"A000000261044","[NEW] 더후 비첩 자생 NAD 파워 앰풀 30ml/50ml 옵션 택 1","더후","30.0","80.0","ml","","120000","15000.0","정제수*, 다이프로필렌글라이콜*, 부틸렌글라이콜, 글리세린, 나이아신아마이드, 피이지/피피지/폴리부틸렌글라이콜-8/5/3글리세린, 1,2-헥산다이올*, 비스-피이지-18메틸에터다이메틸실레인, 판테놀, 비스-하이드록시에톡시프로필다이메티콘, 피이지-11메틸에터다이메티콘, 폴리아크릴레이트크로스폴리머-6, 폴리메틸실세스퀴옥세인, 피이지-150, 프로판다이올, 다이메티콘, 알란토인, 락토바실러스/콩발효추출물, 트레할로오스, 잔탄검, 효모/감자추출물발효여과물, 글라이콜릭애씨드, 효모/보리씨발효여과물, 암모늄폴리아크릴로일다이메틸타우레이트, 니코틴아마이드아데닌다이뉴클레오타이드(500 ppm)*, 소듐시트레이트, 시로미열매즙, 아데노신, 토코페롤, 시트릭애씨드, 하이드로제네이티드레시틴*, 펜틸렌글라이콜, 바이오사카라이드검-1, 돌콩오일, 베타-글루칸, 다이메티콘/비닐다이메티콘크로스폴리머, 소듐하이알루로네이트, 소듐스테아로일글루타메이트*, 콜레스테롤*, 솔비탄올리에이트*,카보머, 에틸헥실글리세린, 아모다이메티콘, 소듐하이드록사이드, 알지닌, 알지닌/라이신폴리펩타이드, 니코틴아마이드모노뉴클레오타이드**, 피토스테롤, 소듐락테이트, 말토덱스트린, 피이지-8카프릴릭/카프릭글리세라이즈, 석시닉애씨드, 폴리솔베이트20, 글리시레티닉애씨드, 포타슘솔베이트, 쿼세틴,암모늄아크릴로일다이메틸타우레이트/브이피코폴리머, 천문동뿌리추출물, 팔미토일트라이펩타이드-1, 해바라기싹추출물, 팔미토일테트라펩타이드-7, 소르빅애씨드, 솔비탄스테아레이트, 글라이코프로테인, 산수유열매추출물, 참당귀뿌리추출물, 타임추출물, 올리고펩타이드-1, 올리고펩타이드-2, 올리고펩타이드-3, 글루타믹애씨드, 올리고펩타이드-6, 영지버섯추출물, 올리고펩타이드-4, 덱스트린, 카카오씨추출물, 적색산화철, 마이카, 다이소듐이디티에이, 트라이소듐이디티에이, 향료, 제라니올, 리날룰, 리모넨, 벤질벤조에이트, 하이드록시시트로넬알, 시트로넬올
* : NAD Power24™ / ** : NMN"
"A000000261423","웰라쥬 리얼 히알루로닉 블루 100 앰플 100ml 기획 (+60ml 리필+수딩크림 30ml)","웰라쥬","100.0","190.0","ml","","50000","2631.6","앰플: 정제수, 프로판다이올, 펜틸렌글라이콜, 글리세린, 1,2-헥산다이올, 판테놀, 메틸프로판다이올, 소듐아크릴릭애씨드/엠에이코폴리머, 부틸렌글라이콜, 참마뿌리추출물, 잔탄검, 소듐시트레이트, 에틸헥실글리세린, 소듐하이알루로네이트(1,000ppm), 글라이코실트레할로오스, 하이드로제네이티드스타치하이드롤리세이트, 시트릭애씨드, 라피노오스, 아데노신, 레시틴, 트라이소듐에틸렌다이아민다이석시네이트, 카프릴릴글라이콜, 사카라이드아이소머레이트, 폴리쿼터늄-51, 말라카이트추출물, 알지닌, 소듐디엔에이, 갈랑가갈랑갈추출물, 바이오사카라이드검-1, 사이아노코발아민, 토코페롤, 카프릴릭/카프릭트라이글리세라이드, 하이드로제네이티드레시틴, 하이드롤라이즈드하이알루로닉애씨드(0.100052ppm), 하이드롤라이즈드소듐하이알루로네이트(0.1ppm), 수크로오스라우레이트, 소듐스테아로일글루타메이트, 암모늄아크릴로일다이메틸타우레이트/브이피코폴리머, 글라이신, 세린, 히스티딘, 돌콩추출물, 라이소레시틴, 플로레틴, 테트라하이드로피페린, 다이메틸아이소소바이드, 소듐하이알루로네이트크로스폴리머(2.08ppb), 벤질글라이콜, 하이드롤라이즈드글라이코사미노글리칸, 올레일알코올, 베타-글루칸, 하이드록시프로필트라이모늄하이알루로네이트(0.012ppb), 하이알루로닉애씨드(0.001ppb), 소듐아세틸레이티드하이알루로네이트(0.0002ppb)
수딩 크림:  아데노신, 토코페롤, 시트릭애씨드, 하이드롤라이즈드하이알루로닉애씨드(1ppm), 소듐하이알루로네이트크로스폴리머(0.1981ppm), 소듐하이알루로네이트(0.52ppb), 하이드록시프로필트라이모늄하이알루로네이트(0.012ppb), 하이알루로닉애씨드(0.001ppb), 소듐아세틸레이티드하이알루로네이트(0.0002ppb)"
"A000000261437","주미소 나이아신아마이드 10% 세럼 40ml","주미소","40.0","40.0","ml","","32000","8000.0","정제수, 나이아신아마이드(10%), 프로판다이올, 부틸렌글라이콜, 메틸프로판다이올, 트라이프로필렌글라이콜, 1,2-헥산다이올, 하이드록시아세토페논, 아크릴레이트/C10-30알킬아크릴레이트크로스폴리머, 알지닌, 글리세레스-25피씨에이아이소스테아레이트, 글리세린, 에틸헥실글리세린, 트라넥사믹애씨드, 트라이소듐에틸렌다이아민다이석시네이트, 치자추출물, 덱스트린, 바이오사카라이드검-1, 옥수수커넬추출물, 다이프로필렌글라이콜, 레몬머틀잎추출물, 글루타티온, 하이알루로닉애씨드, 하이드로제네이티드레시틴, 하이드롤라이즈드하이알루로닉애씨드, 소듐하이알루로네이트, 폴리글리세릴-10올리에이트, 아시아티코사이드, 서양송악추출물, 마데카식애씨드, 아시아틱애씨드, 프룩탄, 징크피씨에이, 글루코오스, 모란뿌리추출물, 쇠비름추출물, 알란토인, 헥실레조시놀, 스쿠알란, 석시닉애씨드, 쑥잎추출물, 바위돌꽃뿌리추출물"
"A000000261440","주미소 나이아신아마이드 20% 세럼 40ml","주미소","40.0","40.0","ml","","32000","8000.0","정제수, 나이아신아마이드(20%), 프로판다이올, 부틸렌글라이콜, 트라넥사믹애씨드, 1,2-헥산다이올, 하이드록시아세토페논, 아크릴레이트/C10-30알킬아크릴레이트크로스폴리머, 글리세레스-25피씨에이아이소스테아레이트, 알지닌, 에틸헥실글리세린, 치자추출물, 덱스트린, 트라이소듐에틸렌다이아민다이석시네이트, 글리세린, 옥수수커넬추출물, 다이프로필렌글라이콜, 글루타티온, 하이알루로닉애씨드, 하이드로제네이티드레시틴, 하이드롤라이즈드하이알루로닉애씨드, 소듐하이알루로네이트, 폴리글리세릴-10올리에이트, 아시아티코사이드, 서양송악추출물, 마데카식애씨드, 아시아틱애씨드, 프룩탄, 글루코오스, 모란뿌리추출물, 쇠비름추출물, 알란토인, 헥실레조시놀, 쑥잎추출물, 바위돌꽃뿌리추출물"
"A000000261542","동국제약 멜라-셋 기미 토닝 크리미 에센스 100ml 기획 (+크림 10ml+패치 2매) (2608)","동국제약","100.0","110.0","ml","","38000","3454.5","[멜라-셋 기미 토닝 에센스]
정제수, 프로판다이올, 세틸에틸헥사노에이트, 부틸렌글라이콜, 알부틴, 1,2-헥산다이올, 판테놀, 페닐트라이메티콘, 폴리글리세릴-3메틸글루코오스다이스테아레이트, 글리세릴스테아레이트, 하이드록시아세토페논, 폴리메틸실세스퀴옥세인, 카보머, 알지닌, C12-16알코올, 알란토인, 포타슘세틸포스페이트, 하이드로제네이티드레시틴, 글리세린, 다이프로필렌글라이콜, 에틸헥실글리세린, 팔미틱애씨드, 잔탄검, 다이포타슘글리시리제이트, 다이소듐이디티에이, 시트릭애씨드, 트라넥사믹애씨드, 폴리글리세릴-10올리에이트, 아시아티코사이드, 마데카식애씨드, 아시아틱애씨드, 알파-알부틴, 엑토인, 마그네슘아스코빌포스페이트, 비타민나무열매추출물, 카프릴릭/카프릭트라이글리세라이드, 포스포릭애씨드, 아스코빅애씨드, 토코페롤, 글루타티온, 아스타잔틴

[멜라셋 기미 토닝 크림] 
정제수, 세틸에틸헥사노에이트, 글리세린, 알부틴, 부틸렌글라이콜, 1,2-헥산다이올, 알파-알부틴, 다이메티콘, 세테아릴알코올, 다이카프릴릴카보네이트, 베타인, 세테아릴올리베이트, 메틸트라이메티콘, 솔비탄올리베이트, 폴리솔베이트60, 폴리아크릴레이트-13, 피이지-100스테아레이트, 글리세릴스테아레이트, 솔비탄세스퀴올리에이트, 카보머, 트로메타민, 폴리아이소부텐, 다이메티콘/비닐다이메티콘크로스폴리머, 하이드로제네이티드레시틴, 토코페롤, 판테놀, 프로판다이올, 스핑고모나스발효추출물, 에틸헥실글리세린, 폴리솔베이트20, 솔비탄아이소스테아레이트, 다이소듐이디티에이, 나이아신아마이드, 트라넥사믹애씨드, 폴리글리세릴-10올리에이트, 레시틴, 엑토인, 폴리글리세릴-10라우레이트, 폴리글리세릴-4카프레이트, 바쿠치올, 마데카식애씨드, 비파나무잎추출물, 아시아티코사이드, 비타민나무열매추출물, 아시아틱애씨드, 스피어민트추출물, 폴리글리세릴-10스테아레이트, 소듐아스코빌포스페이트, 피리독신, 바이오틴, 사이아노코발아민, 티아민에이치씨엘, 리보플라빈, 베타-카로틴 

[멜라셋 기미 토닝 스팟 패치] 
스타이렌/아이소프렌코폴리머, 셀룰로오스검, 하이드로제네이티드폴리(C6-20올레핀), 폴리아이소부텐, 나이아신아마이드, 트라넥사믹애씨드, 마그네슘아스코빌포스페이트, 바쿠치올, 마데카소사이드, 아데노신, 병풀추출물"
"A000000261742","[업그레이드 수분흔적세럼/1+1] 메디힐 마데카소사이드 더마 세럼 50+50mL 기획","메디힐","50.0","100.0","ml","","43000","4300.0","정제수, 글리세린, 부틸렌글라이콜, 프로판다이올, 나이아신아마이드, 아이소펜틸다이올, 1,2-헥산다이올, 글리세릴폴리메타크릴레이트, 판테놀, 베타인, 폴리글리세릴-10라우레이트, 아크릴레이트/C10-30알킬아크릴레이트크로스폴리머, 다이페닐다이메티콘, 트로메타민, 마데카소사이드(1,080 ppm), 트라이에틸헥사노인, 잔탄검, 에틸헥실글리세린, 하이드로제네이티드레시틴, 소듐하이알루로네이트, 병풀추출물, 서양배추출물, 연필향나무오일, 병풀잎추출물, 베타-글루칸, 다마스크장미꽃수, 멜론추출물, 오리스뿌리추출물, 서양송악잎/줄기추출물, 호호바씨오일, 광곽향오일, 불가리스쑥오일, 로즈마리잎오일, 토코페롤, 다이프로필렌글라이콜, 펜틸렌글라이콜, 소듐하이알루로네이트크로스폴리머, 카프릴릴/카프릴글루코사이드, 마데카식애씨드(0.04 ppb), 아시아티코사이드, 아시아틱애씨드, 세라마이드엔피"
"A000000261743","[업그레이드 수분흔적세럼] 메디힐 마데카소사이드 더마 세럼 50mL","메디힐","50.0","50.0","ml","","26000","5200.0","정제수, 글리세린, 부틸렌글라이콜, 프로판다이올, 나이아신아마이드, 아이소펜틸다이올, 1,2-헥산다이올, 글리세릴폴리메타크릴레이트, 판테놀, 베타인, 폴리글리세릴-10라우레이트, 아크릴레이트/C10-30알킬아크릴레이트크로스폴리머, 다이페닐다이메티콘, 트로메타민, 마데카소사이드(1,080 ppm), 트라이에틸헥사노인, 잔탄검, 에틸헥실글리세린, 하이드로제네이티드레시틴, 소듐하이알루로네이트, 병풀추출물, 서양배추출물, 연필향나무오일, 병풀잎추출물, 베타-글루칸, 다마스크장미꽃수, 멜론추출물, 오리스뿌리추출물, 서양송악잎/줄기추출물, 호호바씨오일, 광곽향오일, 불가리스쑥오일, 로즈마리잎오일, 토코페롤, 다이프로필렌글라이콜, 펜틸렌글라이콜, 소듐하이알루로네이트크로스폴리머, 카프릴릴/카프릴글루코사이드, 마데카식애씨드(0.04 ppb), 아시아티코사이드, 아시아틱애씨드, 세라마이드엔피"
"A000000261744","[업그레이드 모공탄력세럼] 메디힐 PDRN 더마 세럼 50+50mL 기획","메디힐","50.0","100.0","ml","","43000","4300.0","정제수, 글리세린, 부틸렌글라이콜, 아이소펜틸다이올, 1,2-헥산다이올, 나이아신아마이드, 세틸에틸헥사노에이트, 프로판다이올, 스쿠알란, 카프릴릭/카프릭트라이글리세라이드, 다마스크장미꽃수, 베타인, 판테놀, 폴리아크릴레이트크로스폴리머-6, 아이리쉬모스추출물, 세테아릴알코올, 하이드록시에틸아크릴레이트/소듐아크릴로일다이메틸타우레이트코폴리머, 소듐스테아로일글루타메이트, 소듐폴리아크릴레이트, 사탕수수추출물, 잔탄검, 하이드로제네이티드레시틴, 세테아릴글루코사이드, 에틸헥실글리세린, 아데노신, 편백오일, 시트릭애씨드, 솔비탄아이소스테아레이트, 소듐파이테이트, 소듐하이알루로네이트, 장미꽃오일, 덱스트린, 베타-글루칸, 치자추출물, 다이프로필렌글라이콜, 사이아노코발아민, 장미추출물, 소듐디엔에이(2 ppm), 펜틸렌글라이콜, 토코페롤, 하이드롤라이즈드식물성단백질, 카프릴릴/카프릴글루코사이드, 세라마이드엔피, 올리고펩타이드-1"
"A000000261745","[업그레이드 모공탄력세럼] 메디힐 PDRN 더마 세럼 50mL","메디힐","50.0","50.0","ml","","26000","5200.0","정제수, 글리세린, 부틸렌글라이콜, 아이소펜틸다이올, 1,2-헥산다이올, 나이아신아마이드, 세틸에틸헥사노에이트, 프로판다이올, 스쿠알란, 카프릴릭/카프릭트라이글리세라이드, 다마스크장미꽃수, 베타인, 판테놀, 폴리아크릴레이트크로스폴리머-6, 아이리쉬모스추출물, 세테아릴알코올, 하이드록시에틸아크릴레이트/소듐아크릴로일다이메틸타우레이트코폴리머, 소듐스테아로일글루타메이트, 소듐폴리아크릴레이트, 사탕수수추출물, 잔탄검, 하이드로제네이티드레시틴, 세테아릴글루코사이드, 에틸헥실글리세린, 아데노신, 편백오일, 시트릭애씨드, 솔비탄아이소스테아레이트, 소듐파이테이트, 소듐하이알루로네이트, 장미꽃오일, 덱스트린, 베타-글루칸, 치자추출물, 다이프로필렌글라이콜, 사이아노코발아민, 장미추출물, 소듐디엔에이(2 ppm), 펜틸렌글라이콜, 토코페롤, 하이드롤라이즈드식물성단백질, 카프릴릴/카프릴글루코사이드, 세라마이드엔피, 올리고펩타이드-1"
"B000000187882","센텔리안24 우유피부 글루타치온 토닝 부스팅 앰플 (업체배송)","센텔리안24","","","","43000","26900","","[센텔리안24 글루타치온 토닝 부스팅 앰플] 정제수,코코-카프릴레이트/카프레이트,비타민나무열매추출물,나이아신아마이드,아이소스테아릴아이소스테아레이트,글리세린,메틸글루세스-20,프로판다이올,1,2-헥산다이올,메틸프로판다이올,트라넥사믹애씨드,비사보롤,우유엑소좀,멜라토닌,글라이신,글루타티온,아스파틱애씨드,류신,알라닌,라이신,알지닌,타이로신,페닐알라닌,발린,프롤린,아이소류신,히스티딘,시스테인,메티오닌,아스코빅애씨드,토코페릴아세테이트,유청여과물,소듐스테아로일글루타메이트,아데노신,마이크로크리스탈린셀룰로오스,피브이엠/엠에이코폴리머,아크릴레이트/C10-30알킬아크릴레이트크로스폴리머,셀룰로오스검,트로메타민,다이소듐이디티에이,소듐폴리아크릴레이트,하이드록시아세토페논"
"B000000187885","센텔리안24 히알루론산 톡스 부스팅 앰플 (업체배송)","센텔리안24","","","","43000","26900","","[센텔리안24 히알루론산 톡스 부스팅 앰플]
정제수,프로판다이올,아이소펜틸다이올,글리세린,펜틸렌글라이콜,비스-피이지-18메틸에터다이메틸실레인,1,2-헥산다이올,나이아신아마이드,부틸렌글라이콜,메틸프로판다이올,병풀추출물,무화과추출물,참마뿌리추출물,소듐하이알루로네이트,하이드로제네이티드레시틴,판테놀,베타-글루칸,만니톨,락토바실러스세포외소포,하이드롤라이즈드소듐하이알루로네이트,하이드롤라이즈드하이알루로닉애씨드,다이메틸실란올하이알루로네이트,포타슘하이알루로네이트,하이알루로닉애씨드,하이드롤라이즈드옥수수전분,소듐하이알루로네이트크로스폴리머,하이드록시프로필트라이모늄하이알루로네이트,소듐하이알루로네이트다이메틸실란올,소듐아세틸레이티드하이알루로네이트,수크로오스,수용성프로테오글리칸,세라마이드엔피,카프릴릭/카프릭트라이글리세라이드,소듐팔미토일사코시네이트,에스알-(올리고펩타이드-91클로스트리듐보툴리눔폴리펩타이드-1),잔탄검,하이드록시아세토페논,아데노신,소듐폴리아크릴레이트,카보머,피브이엠/엠에이코폴리머,다이소듐이디티에이,에틸헥실글리세린"
"B000000187886","센텔리안24 연어 PDRN 퍼밍 부스팅 앰플 (업체배송)","센텔리안24","","","","43000","26900","","[센텔리안24 피디알엔 퍼밍 부스팅 앰플]
정제수,글리세린,비스-피이지-18메틸에터다이메틸실레인,프로판다이올,메틸프로판다이올,다이프로필렌글라이콜,글리세레스-26,부틸렌글라이콜,나이아신아마이드,메틸글루세스-20,1,2-헥산다이올,라피노오스,사이클로헥사실록세인,트레할로오스,펜틸렌글라이콜,울금뿌리추출물,참마뿌리추출물,카카오씨추출물,인삼추출물,하이드로제네이티드레시틴,포트마리골드꽃오일,하이드롤라이즈드콜라겐,하이드롤라이즈드엘라스틴,소듐디엔에이,락토바실러스발효물,세라마이드엔피,인삼소포,글리세릴폴리메타크릴레이트,글라이코실트레할로오스,소듐폴리아크릴레이트,피브이엠/엠에이코폴리머,하이드로제네이티드스타치하이드롤리세이트,덱스트린,다이메티콘/비닐다이메티콘크로스폴리머,수크로오스다이스테아레이트,레시틴,폴리쿼터늄-51,글리세릴스테아레이트,사이아노코발아민,바이오사카라이드검-1,아크릴레이트/C10-30알킬아크릴레이트크로스폴리머,잔탄검,아데노신,팔미토일펜타펩타이드-4,카르노신,레티놀,카보머,트로메타민,폴리솔베이트20,에틸헥실글리세린"
"B000000191866","센텔리안24 부스팅 샷 젤 150ml (업체배송)","센텔리안24","150.0","150.0","ml","30000","22000","1466.7","전성분 정제수, 자작나무수액, 다이프로필렌글라이콜, 나이아신아마이드, 1,2-헥산다이올, 펜틸렌글라이콜, 프로판다이올, 수용성콜라겐, 라벤더추출물, 오레가노꽃/잎/줄기추출물, 로즈마리추출물, 타임추출물, 소듐하이알루로네이트, 하이드롤라이즈드콜라겐, 글리세린, 소듐폴리아크릴로일다이메틸타우레이트, 아크릴레이트/C10-30알킬아크릴레이트크로스폴리머, 트로메타민, 에틸헥실글리세린, 폴리글리세릴-10아이소스테아레이트, 판테놀, 다이포타슘글리시리제이트, 글리세릴아크릴레이트/아크릴릭애씨드코폴리머, 폴리글리세릴-10올리에이트, 아데노신, 소듐파이테이트, 암모늄아크릴로일다이메틸타우레이트/브이피코폴리머, 피브이엠/엠에이코폴리머, 소듐클로라이드, 토코페롤, 소듐바이카보네이트, 칼슘클로라이드, 포타슘클로라이드, 부틸렌글라이콜, 만니톨, 포스파티딜콜린, 하이드로제네이티드레시틴, 세테아릴올리베이트, 솔비탄올리베이트, 시트릭애씨드, 카프릴릴/카프릴글루코사이드, 세라마이드엔피, 카퍼트라이펩타이드-1, 아세틸헥사펩타이드-8, 알란토인, 세틸알코올, 잔탄검, 포타슘솔베이트, 소듐벤조에이트, 향료"
"A000000259223","더마팩토리 나이아신아마이드 20% 세럼 80ml (한글에디션)","더마팩토리","80.0","80.0","ml","14000","12600","1575.0","다마스크장미꽃수(64.5%), 나이아신아마이드(20%), 글리세린, 부틸렌글라이콜, 1,2-헥산다이올, 아크릴레이트/C10-30알킬아크릴레이트크로스폴리머, 에틸헥실글리세린, 트로메타민, 잔탄검, 다이소듐이디티에이"
"A000000250345","[콜라겐부스터]아이오페 레티놀 레티젝션 세럼 20ml 기획 (+15ml)","아이오페","20.0","35.0","ml","39000","33900","9685.7","정제수, 부틸렌글라이콜, 글리세린, 카프릴릭/카프릭트라이글리세라이드, 칼슘알루미늄보로실리케이트, 다이메티콘, 나이아신아마이드, 시어버터, 판테놀, C14-22알코올, 세테아릴알코올, 토코페롤, 토코페릴아세테이트, 폴리글리세릴-3다이스테아레이트, 글리세릴스테아레이트, 해바라기씨오일, 팔미틱애씨드, 스테아릭애씨드, 돌콩오일, C12-20알킬글루코사이드, 다이메틸아이소소바이드, 카보머, 소듐설파이트, 당근추출물, 알란토인, 글리세릴카프릴레이트, 트로메타민, 펜틸렌글라이콜, 소듐메타포스페이트, 코질메틸렌다이옥시신나메이트, 에틸헥실글리세린, 아데노신, 레티놀, 글리세릴스테아레이트시트레이트, 하이드록시피나콜론레티노에이트, 베타-카로틴, 아라비아고무나무검, 비에이치티, 프로필렌글라이콜알지네이트 (순수레티놀 함량 880IU)"
"A000000149963","[입문자추천] 디오디너리 레티놀 0.2% 인 스쿠알란 30ml","디오디너리","30.0","30.0","ml","","12300","4100.0","스쿠알란,카프릴릭/카프릭트라이글리세라이드, 호호바씨오일, 레티놀(0.2%), 토마추출물, 로즈마리잎추출물, 하이드록시메톡시페닐데카논, 비에이치티"
"A000000250344","[자극도ZERO]아이오페 레티놀 슈퍼 바운스 세럼 20ml 기획 (+15ml)","아이오페","20.0","35.0","ml","33000","27900","7971.4","정제수, 부틸렌글라이콜, 스쿠알란, 메틸트라이메티콘, 글리세린, 비스-하이드록시에톡시프로필다이메티콘, 1,2-헥산다이올, 락토바실러스발효용해물, C14-22알코올, 시어버터, 팔미틱애씨드, 해바라기씨오일, 스테아릭애씨드, 글리세릴스테아레이트, 피이지-100스테아레이트, 하이드록시에틸아크릴레이트/소듐아크릴로일다이메틸타우레이트코폴리머, 다이메틸아이소소바이드, C12-20알킬글루코사이드, 돌콩오일, 카보머, 만니톨, 당근추출물, 글리세릴카프릴레이트, 트로메타민, 다이소듐이디티에이, 코질메틸렌다이옥시신나메이트, 에틸헥실글리세린, 펜틸렌글라이콜, 잔탄검, 마데카소사이드, 하이드록시피나콜론레티노에이트, 솔비탄아이소스테아레이트, 레티놀, 트레할로오스, 베타-카로틴, 토코페롤, 비에이치티, 아라비아고무나무검, 아세틸테트라펩타이드-11, 하이드로제네이티드포스파티딜콜린, 편백잎추출물, 데카펩타이드-4, 소듐올리에이트, 프로필렌글라이콜알지네이트, 벼에스에이치-올리고펩타이드-1 * 레티놀 함량 509 IU/g"
"A000000255324","[수지 PICK/한정기획] 아누아 피디알엔 히알루론산 캡슐 100 세럼 30ml 더블기획 (+피디알엔 마스크 1매)","아누아","30.0","60.0","ml","57500","27900","4650.0","[세럼]
정제수, 부틸렌글라이콜, 프로판다이올, 글리세린, 하이드롤라이즈드하이알루로닉애씨드(29,049ppm), 1,2-헥산 다이올, 나이아신아마이드, 글리세릴올리에이트, 라우릴글루코사이드, 미리스틸글루코사이드, 폴리글리세릴-6 라우레이트, 하이드로제네이티드레시틴, 글루타티온, 하이드롤라이즈드콜라겐, 소듐하이알루로네이트(800ppm), 황련뿌리추출물, 아데노신, 소듐디엔에이(100ppm), 하이알루로닉애씨드(30ppm), 하이드롤라이즈드소듐하이알 루로네이트(30ppm), 하이드록시프로필트라이모늄하이알루로네이트(30ppm), 포타슘하이알루로네이트(30ppm), 소듐하이알루로네이트크로스폴리머(30ppm), 소듐아세틸레이티드하이알루로네이트(1ppm), 인도멀구슬나무잎추 출물, 인도멀구슬나무꽃추출물, 아이비고드열매추출물, 가지열매추출물, 홀리바질잎추출물, 시트릭애씨드, 울금뿌 리추출물, 참산호말추출물, 소듐시트레이트, 펜틸렌글라이콜
[마스크] 정제수, 부틸렌글라이콜, 글리세린, 나이아신아마이드, 1,2-헥산다이올, 아이소펜틸다이올, 트레할로오스, 카보머, 알지닌, 프로판다이올, 알란토인, 판테놀, 에틸헥실글리세린, 폴리글리세릴-10라우레이트, 잔탄검, 아데노신, 인도멀구슬나무잎추출물, 소듐디엔에이, 하이드롤라이즈드하이알루로닉애씨드, 인도멀구슬나무꽃추출물, 다이소듐이디티에이, 글리세릴아크릴레이트/아크릴릭애씨드코폴리머, 아이비고드열매추출물, 가지열매추출물, 글리세릴올리에이트, 라우릴글루코사이드, 미리스틸글루코사이드, 폴리글리세릴-6라우레이트, 하이드로제네이티드레시틴, 홀리바질잎추출물, 하이드롤라이즈드콜라겐, 소듐하이알루로네이트, 울금뿌리추출물, 참산호말추출물, 황련뿌리추출물, 글루타티온, 하이알루로닉애씨드, 하이드롤라이즈드소듐하이알루로네이트, 하이드록시프로필트라이모늄하이알루로네이트, 포타슘하이알루로네이트, 소듐하이알루로네이트크로스폴리머, 시트릭애씨드, 소듐시트레이트, 펜틸렌글라이콜, 소듐아세틸레이티드하이알루로네이트"
"A000000144035","[모공컨트롤샷]폴라초이스 10% 나이아신아마이드 부스터 앰플 20ml","폴라초이스","20.0","20.0","ml","77000","55440","27720.0","정제수, 나이아신아마이드(10%), 아세틸글루코사민, 아스코빌글루코사이드, 부틸렌글라이콜, 포스포리피드, 소듐하이알루로네이트, 알란토인, 레드호그위드뿌리추출물, 글리세린, 다이포타슘글리시리제이트, 스페인감초뿌리추출물, 에피갈로카테킨갈레이트, 베타-글루칸, 판테놀, 카르노신, 제니스테인, 시트릭애씨드, 소듐시트레이트, 소듐하이드록사이드, 잔탄검, 에틸헥실글리세린, 폴리솔베이트20, 트라이소듐에틸렌다이아민다이석시네이트, 펜틸렌글라이콜, 카프릴릴글라이콜, 페녹시에탄올"
"A000000210928","[잡티톤업]더페이스샵 올티밋 비타민 고함량 멀티 비타 10% 세럼 30ml","더페이스샵","30.0","30.0","ml","17000","14400","4800.0","정제수, 다이프로필렌글라이콜, 프로판다이올, 아스코빅애씨드(5.5%), 2,3-부탄다이올, 글리세린, 판테놀(2.7%), 변성알코올, 에칠아스코빌에텔(3-O-에틸아스코빅애씨드)(1.8%), 글라이코실트레할로오스, 베타인, 하이드로제네이티드스타치하이드롤리세이트, 페룰릭애씨드, 솔비톨, 폴리글리세릴-10스테아레이트, 트로메타민, 폴리글리세릴-10올리에이트, 알란토인, 플로레틴, 소듐하이알루로네이트, 라임전초오일, 베르가모트오일, 라벤더오일, 덱스트린, 다이소듐이디티에이, 세린, 알지닌, 잇꽃꽃추출물, 카카오씨추출물, 시트릭애씨드, 캐모마일꽃오일, 1,2-헥산다이올, 리모넨, 리날룰, 시트랄"
"A000000256047","[NEW] 토리든 다이브인 저분자 히알루론산 세럼 50ml 더블 기획 (밸풀 세럼 20ml+선크림 20ml)","토리든","50.0","90.0","ml","38000","28500","3166.7","[다이브인 세럼]
정제수, 부틸렌글라이콜, 글리세린, 다이프로필렌글라이콜, 1,2-헥산다이올, 판테놀, 소듐하이알루로네이트크로스폴리머, 하이드롤라이즈드하이알루로닉애씨드(1,000ppm), 소듐하이알루로네이트, 소듐아세틸레이티드하이알루로네이트, 하이드롤라이즈드소듐하이알루로네이트, 알란토인, 엑토인, 감초추출물, 2,3-부탄다이올, 트레할로오스, 베타인, 프로판다이올, 쇠비름추출물, 버지니아풍년화잎추출물, 마데카소사이드, 마데카식애씨드, 세라마이드엔피, 베타-글루칸, 말라카이트추출물, 콜레스테롤, 펜틸렌글라이콜, 글리세릴아크릴레이트/아크릴릭애씨드코폴리머, 피브이엠/엠에이코폴리머, 폴리글리세릴-10라우레이트, 잔탄검, 트로메타민, 카보머, 에틸헥실글리세린, 황금추출물, 모란뿌리추출물

[밸런스풀 시카 컨트롤 세럼] 
정제수, 글리세린, 펜타에리스리틸테트라에틸헥사노에이트, 다이프로필렌글라이콜, 메틸프로판다이올, 1,2-헥산다이올, 병풀추출물(10,000ppm), 마데카소사이드, 아시아티코사이드, 아시아틱애씨드, 마데카식애씨드, 판테놀, 알란토인, 소듐하이알루로네이트, 트레할로오스, 포트마리골드꽃추출물, 마트리카리아꽃추출물, 쓴풀추출물, 푸른연꽃추출물, 락토바실러스발효물, 백미꽃추출물, 접시꽃추출물, 부틸렌글라이콜, 글리세릴스테아레이트, 옥탄다이올, 세테아릴알코올, 호호바에스터, 펜틸렌글라이콜, 폴리글리세릴-3메틸글루코오스다이스테아레이트, 소듐다이라우미도글루타미드라이신, 하이드록시에틸아크릴레이트/소듐아크릴로일다이메틸타우레이트코폴리머, 솔비탄세스퀴올리에이트, 트로메타민, 실리카, 토코페롤, 카프릴릴글라이콜, 다이포타슘글리시리제이트, 시트릭애씨드, 카보머, 에틸헥실글리세린

[다이브인 모이스처 선크림]
정제수, 아이소노닐아이소노나노에이트, 프로판다이올, 부틸옥틸살리실레이트, 에칠헥실트리아존, 다이부틸아디페이트, 폴리메틸실세스퀴옥세인, 디에칠아미노하이드록시벤조일헥실벤조에이트, 나이아신아마이드, 드로메트리졸트리실록산, 메칠렌비스-벤조트리아졸릴테트라메칠부틸페놀, 1,2-헥산다이올, 펜틸렌글라이콜, 판테놀(5,025ppm), 소듐하이알루로네이트, 하이알루로닉애씨드, 하이드롤라이즈드소듐하이알루로네이트, 하이드롤라이즈드하이알루로닉애씨드, 소듐아세틸레이티드하이알루로네이트, 소듐하이알루로네이트크로스폴리머, 포타슘하이알루로네이트, 다이메틸실란올하이알루로네이트, 하이드록시프로필트라이모늄하이알루로네이트, 소듐하이알루로네이트다이메틸실란올, 알란토인, 글리세린, 아데노신, 세라마이드엔피, 토코페롤, 트레할로오스, 부틸렌글라이콜, 폴리글리세릴-3메틸글루코오스다이스테아레이트, 베헤닐알코올, 데실글루코사이드, 카프릴릴메티콘, 하이드로제네이티드캐스터오일/세바식애씨드코폴리머, 카보머, 호호바씨오일, 글리세레스-26, 아크릴레이트/C10-30알킬아크릴레이트크로스폴리머, 폴리글리세릴-6다이스테아레이트, 폴리아크릴레이트크로스폴리머-6, 트라이메틸실록시실리케이트, 에틸헥실글리세린, 칸데릴라/호호바/쌀겨폴리글리세릴-3에스터, 소듐스테아로일글루타메이트, 덱스트린, 트로메타민, 잔탄검, 치자추출물, 녹차추출물, 버지니아풍년화추출물, 쇠비름추출물, 캐모마일꽃추출물, 말라카이트추출물"
"A000000255068","[조유리 PICK/한정수량] 셀라딕스 트러블 세범 리밸런싱 131 앰플 30ml 기획 (+리필 10ml)","셀라딕스","30.0","40.0","ml","28900","25400","6350.0","정제수,다이프로필렌글라이콜,부틸렌글라이콜,글리세레스-26,나이아신아마이드,글리세린,베타인,피토스테롤,세라마이드엔피,스쿠알란,라우릭애씨드,아라키딕애씨드,베헤닉애씨드,베타-글루칸,참오동나무잎추출물,육계나무껍질추출물,생달나무잎추출물,녹나무잎추출물,월계수잎추출물,고수추출물,유칼립투스잎추출물,황금추출물,후박나무가지추출물,1,2-헥산다이올,폴리글리세릴-10라우레이트,폴리글리세릴-10미리스테이트,하이드록시아세토페논,판테놀,아데노신,다이소듐이디티에이,소듐하이알루로네이트,잔탄검,소듐폴리아크릴레이트,에틸헥실글리세린,베르가모트오일,라반딘오일,오렌지껍질오일,라벤더오일,발삼아미리스껍질오일,바질오일,리모넨,리날룰"
"A000000203126","[고강도탄력] 디오디너리 레티날 0.2% 에멀전 15ml","디오디너리","15.0","15.0","ml","","21400","14266.7","정제수, 코코-카프릴레이트/카프레이트, 프로판다이올, 펜틸렌글라이콜, 하이드록시아파타이트, 레티날(0.2%), 세틸하이드록시프롤린팔미타마이드, 4-t-부틸사이클로헥산올, 하이드록시페닐프로파미도벤조익애씨드, 에르고티오네인, 바이오사카라이드검-1, 비사보롤, 유채스테롤, 생강추출물, 부틸렌글라이콜, 아이소헥사데칸, 헥실데칸올, 말토덱스트린, 타라검, 폴리아크릴레이트크로스폴리머-6, 하이드록시에틸아크릴레이트/소듐아크릴로일다이메틸타우레이트코폴리머, 스테아릭애씨드, 아이소세테스-20, 폴리솔베이트60, 아스코빌팔미테이트, 토코페롤, 락틱애씨드, 소듐락테이트, 소듐하이드록사이드, 에틸헥실글리세린, 페녹시에탄올, 클로페네신."
"A000000130949","[광채보습] 센텔리안24 마데카 마이크로 스타톡 세럼 50ml","센텔리안24","50.0","50.0","ml","29000","21900","4380.0","병풀추출물(20.5ml), 글리세린, 부틸렌글라이콜, 카프릴릭/카프릭트리글리세라이드, 나이아신아마이드, 하이드로제네이티드레시틴, 프로판디올, 펜틸렌글라이콜, 병풀잎추출물, 카라기난추출물, 사탕수수추출물, 베르가모트열매오일,해바라기씨오일, 올리브오일, 센티드제라늄꽃오일, 오렌지오일,왕귤껍질오일, 라벤더오일, 일랑일랑꽃오일, 아틀라스시다껍질오일, 다마스크장미꽃오일, 쟈스민오일, 쓴쑥추출물, 장미꽃오일, 갈바눔수지오일, 서양측백나무잎오일, 하이드롤라이즈드식물성단백질, 스위트아몬드씨추출물, 리모니아아시디씨추출물, 자일리톨, 효모추출물, 무화과추출물, 은행추출물, 오디추출물, 석류추출물, 라벤더추출물, 오레가노잎/꽃/줄기추출물, 로즈마리추출물, 선백리향추출물, 메칠글루세스-10, 1,2-헥산디올, 판테놀, 아시아티코사이드, 마데카식애씨드(4,000ppm)피이지-60하이드로제네이티드캐스터오일, 디메치콘, 아시아틱애씨드, 아크릴레이트/C10-30알킬아크릴레이트크로스폴리머, 트로메타민, 암모늄아크릴로일디메칠타우레이트/베헤네스-25메타크릴레이트크로스폴리머, 소듐폴리아크릴레이트, 피이지-14M, 이눌린라우릴카바메이트, 이소세틸스테아레이트, 옥탄디올, 아데노신, 피토스테릴마카다미에이트, 폴리글리세릴-10스테아레이트, 팔미틱애씨드, 스테아릭애씨드, 실리카, 세테아레스-20, 코파이바발삼레진, 디펩타이드디아미노부티로일벤질아마이드디아세테이트, 팔미토일트리펩타이드-5, 테트라데실아미노부티로일발릴아미노부티릭우레아트리플루오로아세테이트, 마그네슘클로라이드, 비사볼올, 하이드롤라이즈드하이알루로닉애씨드, 말토덱스트린, 자일리틸글루코사이드, 무수자일리톨, 세라마이드엔피, 베헤닐알코올, 세테아릴알코올, 디소듐이디티에이, 잔탄검, 페녹시에탄올"
"A000000139561","[끝판꿀광+트러블개선] 스킨푸드 로열허니 프로폴리스 인리치 에센스","스킨푸드","","","","","32000","","프로폴리스추출물, 꿀추출물, 로얄젤리추출물, 부틸렌글라이콜, 다이프로필렌글라이콜, 쇠비름추출물, 글리세린, 베타-글루칸, 락토바실러스발효물, 효모발효물, 소듐하이알루로네이트, 하이드록시에틸셀룰로오스, 다이소듐이디티에이, 카보머, 알지닌"
"A000000141033","허브노트 스네일 리페어 앰플 45ml","허브노트","45.0","45.0","ml","","28000","6222.2","달팽이점액여과물, 정제수, 부틸렌글라이콜, 나이아신아마이드, 1,2-헥산다이올, 하이드록시아세토페논, 하이드록시에틸셀룰로오스, 카보머, 판테놀, 알란토인, 글라이코사미노글리칸, 카프릴릴글라이콜, 하이드롤라이즈드옥수수전분, 수크로오스, 소듐하이알루로네이트, 병풀추출물, 마데카소사이드, 알지닌, 글리세린, 제주진득찰추출물, 아시아티코사이드, 랍도시아 루베스켄스추출물, 펜틸렌글라이콜, 베타-글루칸, 알에이치-올리고펩타이드-1"
"A000000141306","[각질쓱싹] 디오디너리 만델릭 애시드 10% + HA 30ml","디오디너리","30.0","30.0","ml","","11800","3933.3","프로판다이올, 정제수, 만델릭애씨드, 글리세린, 다이메틸아이소소바이드, 소듐하이알루로네이트크로스폴리머, 마운틴페퍼열매추출물, 마운틴페퍼잎추출물, 펜틸렌글라이콜, 폴리솔베이트20, 소듐하이드록사이드, 에틸헥실글리세린, 1,2-헥산다이올, 카프릴릴글라이콜"
"A000000141324","[브라이트닝] 디오디너리 아스코빌 테트라이소팔미테이트 솔루션 20% 인 비타민 F 30ml","디오디너리","30.0","30.0","ml","","31100","10366.7","코코넛알칸, 테트라헥실데실아스코베이트, 에틸리놀리에이트, 코코-카프릴레이트/카프레이트, 호호바씨오일, 토마토추출물, 스쿠알란"
"A000000141710","DR다룸 릴리프 앰플 50ml","다룸","50.0","50.0","ml","38000","22800","4560.0","정제수@글리세린@부틸렌글라이콜@다이프로필렌글라이콜@1,2-헥산다이올@다이메틸설폰@판테놀@소듐하이알루로네이트@아이리쉬모스추출물@사탕수수추출물@트로메타민@카프릴릴글라이콜@에틸헥실글리세린@카보머@잔탄검@다이소듐이디티에이"
"A000000144034","[유리숍PICK/모공탄력]폴라초이스 클리니컬 나이아신아마이드 20% 트리트먼트 20ml","폴라초이스","20.0","20.0","ml","85000","63750","31875.0","정제수, 나이아신아마이드(20%), 펜틸렌글라이콜, 글리세린, 부틸렌글라이콜, 아세틸글루코사민, 아스코빌글루코사이드, 스페인감초뿌리추출물, 메도우스위트추출물, 쇠비름추출물, 동백나무꽃추출물, 에피갈로카테킨갈레이트, 레드호그위드뿌리추출물, 녹차추출물, 알란토인, 레시틴, 풀루란, 판테놀, 실리카, 잔탄검, 스클레로튬검, 프로판다이올, 소듐파이테이트, 소듐하이드록사이드, 에틸헥실글리세린, 페녹시에탄올"
"A000000149959","[차세대레티놀] 디오디너리 그랜액티브 레티노이드 5% 인 스쿠알란 30ml","디오디너리","30.0","30.0","ml","","25400","8466.7","스쿠알란, C12-15알킬벤조에이트, 비사보롤, 카프릴릭/카프릭트라이글리세라이드, 다이메틸아이소소바이드, 호호바씨오일, 하이드록시피나콜론레티노에이트, 토마토추출물, 로즈마리잎추출물, 하이드록시메톡시페닐데카논"
"A000000150756","차앤박(CNP) 히알루로닉 더마텐션 세럼 더블용량 기획(30ml+15ml*2EA)","차앤박","30.0","45.0","ml","","44000","9777.8","정제수, 다이프로필렌글라이콜, 프로판다이올, 피이지/피피지/폴리부틸렌글라이콜-8/5/3글리세린, 글리세린, 다이메티콘, 나이아신아마이드, 1,2-헥산다이올, 페닐트라이메티콘, 하이알루로닉애씨드(7,000.25ppm), 알로에베라잎추출물, 소듐하이알루로네이트(3,076ppm), 하이드롤라이즈드콜라겐, 석시노일아텔로콜라겐, 글리세레스-25피씨에이아이소스테아레이트, 폴리아크릴레이트크로스폴리머-6, 하이드록시에틸아크릴레이트/소듐아크릴로일다이메틸타우레이트코폴리머, 폴리실리콘-11, 트로메타민, 스쿠알란, 하이드록시에틸셀룰로오스, 암모늄아크릴로일다이메틸타우레이트/브이피코폴리머, 알란토인, 붉나무추출물, 잔탄검, 부틸렌글라이콜, 아데노신, 락토바실러스발효물, 울금뿌리추출물, 한련초추출물, 폴리솔베이트60, 소듐하이알루로네이트크로스폴리머(250ppm), 하이드롤라이즈드글라이코사미노글리칸, 솔비탄아이소스테아레이트, t-부틸알코올, 벤질글라이콜, 펜틸렌글라이콜, 하이드롤라이즈드하이알루로닉애씨드(12.5ppm), 소듐아세틸레이티드하이알루로네이트(10ppm), 하이드록시프로필트라이모늄하이알루로네이트(10ppm), 에틸헥실글리세린, 포타슘포스페이트, 다이소듐포스페이트, 플로레틴, 라즈베리케톤, 트라이소듐이디티에이, 향료"
"A000000155321","AHC 에이치 멜라루트 앰플 스페셜 기획 (앰플10ml*2+크림20ml+앰플4.5ml 증정)","AHC","10.0","34.5","ml","33000","15000","4347.8","참당귀뿌리추출물, 글리세린, 나이아신아마이드, 카프릴릭/카프릭트라이글리세라이드, 비피다발효용해물, 하이드로제네이티드레시틴, 정제수, 트라넥사믹애씨드, 병풀추출물, 무화과추출물, 다시마추출물, 한련초잎추출물, 모나스커스추출물, 사과추출물, 토마토추출물, 녹차수, 올리브오일, 해바라기씨오일, 호호바씨오일, 녹차씨오일, 아르간커넬오일, 동백나무씨오일, 퀸즈랜드넛오일, 분비나무오일, 로즈마리잎오일, 소듐하이알루로네이트, 클레리오일, 센티드제라늄꽃오일, 클로브잎오일, 캐모마일꽃오일, 광곽향오일, 마트리카리아꽃오일, 멕시칸주니퍼오일, 부틸렌글라이콜, 알파-비사보롤, 폴리아크릴레이트-13, 하이드로제네이티드폴리아이소부텐, 메틸프로판다이올, 아데노신, 프룩토올리고사카라이드, 폴리글리세릴-10라우레이트, 에틸헥실팔미테이트, 베타-글루칸, 카보머, 솔비탄아이소스테아레이트, 칸디다 봄비콜라/글루코오스/메틸레이프씨데이트발효물, 하이드롤라이즈드하이알루로닉애씨드, 세라마이드엔피, 프로판다이올, 아세틱애씨드, 팔미토일트라이펩타이드-5, 글루타티온, 글라이코리피드, 록샘파이어캘러스배양여과물, 락틱애씨드, 팔미토일펜타펩타이드-4, 스쿠알란, 하이드록시스테아릭애씨드, 폴리글리세릴-3메틸글루코오스다이스테아레이트, 소듐하이알루로네이트크로스폴리머, 풀러린, 1,2-헥산다이올, 펜틸렌글라이콜, 포타슘솔베이트, 에틸헥실글리세린"
"A000000156147","헤이네이처 어성초 앰플 20ml (산뜻)","헤이네이처","20.0","20.0","ml","","23000","11500.0","정제수, 부틸렌글라이콜, 글리세린, 1,2-헥산다이올, 판테놀, 베타인, 약모밀추출물(400ppm), 백미꽃추출물, 월계수잎추출물, 유칼립투스잎추출물, 마데카소사이드, 아시아티코사이드, 도금양열매추출물, 병풀추출물, 녹차추출물, 황금추출물, 마트리카리아꽃추출물, 동충하초추출물, 폴리글리세릴-10라우레이트, 폴리글리세릴-10미리스테이트, 프로판다이올, 덱스트린, 스클레로튬검, 잔탄검, 에틸헥실글리세린, 유향나무오일, 리모넨"
"A000000156327","수이스킨 하얀 자작나무 수액 앰플 35ml","수이스킨","35.0","35.0","ml","24000","16800","4800.0","자작나무수액, 메틸프로판다이올, 글리세린, 폴리글리세린-3, 1,2-헥산다이올, 메틸글루세스-20, 프로필헵틸카프릴레이트, 베툴린, 소듐하이알루로네이트, 다이카프릴릴에터, 암모늄아크릴로일다이메틸타우레이트/브이피코폴리머, 나이아신아마이드, 잔탄검, 카보머, 트로메타민, 다이소듐이디티에이, 말토덱스트린, 하이드롤라이즈드식물성단백질, 에틸헥실글리세린"
"A000000156776","블리블리 인진쑥 밸런스 에센스 150ml","블리블리","150.0","150.0","ml","","43000","2866.7","사철쑥추출물  (100%)"
"A000000158310","[수분결광] 믹순 콩 에센스 50ml","믹순","50.0","50.0","ml","","35000","7000.0","락토바실러스/ 콩발효추출물, 락토바실러스/ 석류발효추출물, 효모/보리씨발효여과물,락토바실러스/배즙발효여과물"
"A000000159596","베리홉 아하 바하 파하 리파이닝 부스트 세럼 15g","베리홉","15.0","15.0","g(약 1ml 상당으로 근사)","","41900","27933.3","정제수, 글루코닉애씨드(171,700ppm), 포타슘하이드록사이드, 베타-글루칸, 다이메티콘, 프로필렌글라이콜다이카프릴레이트/다이카프레이트, 락틱애씨드(20,250ppm), 세테아릴알코올, 폴리솔베이트60, 부틸렌글라이콜, 녹두씨추출물, 트라이에틸시트레이트, 자작나무껍질추출물, 소리쟁이뿌리추출물, 에탄올, 소듐글루코네이트(5,000ppm), 살리실릭애씨드(4,800ppm), 자몽추출물, 레시틴, 소듐클로라이드, 향료, 카르니틴, 다이소듐이디티에이, 락토바이오닉애씨드(100ppm), 치자추출물, 아크릴레이트/C10-30알킬아크릴레이트크로스폴리머, 카보머, 잔탄검, 시트랄, 리모넨, 리날룰, 부틸페닐메틸프로피오날, 제라니올"
"A000000162980","라빠레뜨 뷰티 카밍 그린 에센셜 세럼 35ml","라빠레뜨 뷰티","35.0","35.0","ml","","32000","9142.9","효모/녹차발효여과물(78%), 정제수, 글리세린, 프로판다이올, 1,2-헥산다이올, 다이프로필렌글라이콜, 피피지-13-데실테트라데세스-24, 하이드록시아세토페논, 아크릴레이트/C10-30알킬아크릴레이트크로스폴리머, 트로메타민, 카프릴릴글라이콜, 부틸렌글라이콜, 에틸헥실글리세린, 녹나무껍질오일, 다이소듐이디티에이, 덱스트린, 카카오추출물, 병풀추출물, 센티드제라늄꽃오일, 다이포타슘글리시리제이트, 광곽향오일, 리씨열매오일, 로즈마리잎오일, 살비아오일, 녹차추출물, 마데카소사이드, 만다린껍질추출물, 티트리잎오일, 아시아티코사이드, 녹차씨오일, 마데카식애씨드, 아시아틱애씨드, 토코페롤, 리날룰"
"A000000163688","[급속진정] 비플레인 시카테롤 앰플 30ml","비플레인","30.0","30.0","ml","26000","20800","6933.3","정제수, 부틸렌글라이콜, 프로판다이올, 글리세레스-26, 병풀추출물(3.5%), 메틸프로판다이올, 글리세린, 폴리글리세린-3, 사카라이드하이드롤리세이트, 1,2-헥산다이올, 판테놀, 자일리틸글루코사이드, 알란토인, 트로메타민, 아크릴레이트/C10-30알킬아크릴레이트크로스폴리머, 글리세릴아크릴레이트/아크릴릭애씨드코폴리머, 안하이드로자일리톨, 자일리톨, 소듐폴리아크릴레이트, 글루코오스, 다이카프릴릴카보네이트, 펜틸렌글라이콜, 베타-글루칸, 소듐하이알루로네이트, 베타-시토스테롤, 마데카소사이드, 카프릴로일살리실릭애씨드, 하이드로제네이티드레시틴, 백미꽃추출물, 하이알루로닉애씨드, 마데카식애씨드, 아시아티코사이드, 아시아틱애씨드"
"A000000165562","베리홉 에잇 데이즈 퓨어 비타민 씨 앰플 엑스퍼트 15g","베리홉","15.0","15.0","g(약 1ml 상당으로 근사)","","52000","34666.7","정제수, 아스코빅애씨드(135,000ppm), 프로판다이올, 카프릴릭/카프릭트라이글리세라이드, 프로필렌글라이콜다이카프릴레이트/다이카프레이트, 글리세릴스테아레이트시트레이트, 폴리솔베이트60, 부틸렌글라이콜, 글리세린, 글리세릴스테아레이트에스이, 글루타티온, 판테놀, 피브이피, 글루코닉애씨드, 키토산, 풀루란, 소듐글루코네이트, 소듐하이알루로네이트, 해바라기씨오일, 다이메티콘, 에칠헥실살리실레이트, 구아하이드록시프로필트라이모늄클로라이드, 소듐메타바이설파이트, 잔탄검, 사이클로펜타실록세인, 다이메티콘/비닐다이메티콘크로스폴리머, 다이메티콘올, 베타-글루칸, 녹두씨추출물, 자몽추출물, 베타-카로틴, 당근추출물, 당근씨오일, 카카두플럼추출물, 자작나무껍질추출물, 소리쟁이뿌리추출물, 아스코빌팔미테이트, 다이소듐이디티에이, 1,2-헥산다이올, 에칠헥실글리세린, 향료, 리모넨, 리날룰"
"A000000166511","[1등 진정세럼] 파넬 시카마누 92세럼30ml","파넬","30.0","30.0","ml","32000","19900","6633.3","정제수, 부틸렌글라이콜, 글리세린, 1,2-헥산다이올, 카보머, 트로메타민, 프로판다이올, 폴리글리세릴-10라우레이트, 인도멀구슬나무잎추출물, 병풀추출물(744ppm), 카카오씨추출물, 에틸헥실글리세린, 불가리스쑥오일, 인도멀구슬나무꽃추출물, 덱스트린, 다이소듐이디티에이, 소듐폴리아크릴레이트, 펜틸렌글라이콜, 황련뿌리추출물, 마누카잎추출물(20ppm), 락토바실러스발효물, 마데카소사이드(20ppm), 꿀추출물(900ppb), 메도우폼씨오일, 카프릴릭/카프릭트라이글리세라이드, 올리브오일, 하이드로제네이티드레시틴, 세라마이드엔피, 피토스핑고신, 멜라토닌"
"A000000170383","디에이브 더마-테카 바이옴 세럼 50ml","디에이브","50.0","50.0","ml","","30000","6000.0","정제수, 부틸렌글라이콜, 프로판다이올, 글리세린, 자작나무수액, 다이프로필렌글라이콜, 베타인, 베타-글루칸, 세라마이드엔피, 판테놀, 백미꽃추출물, 병풀추출물, 병풀잎추출물, 락토바실러스발효용해물, 락토코쿠스발효용해물, 비피다발효용해물, 마데카식애씨드, 아시아틱애씨드, 소듐하이알루로네이트, 나이아신아마이드, 1,2-헥산다이올, 아시아티코사이드, 글리세릴아크릴레이트/아크릴릭애씨드코폴리머, 인도멀구슬나무잎추출물, 인도멀구슬나무꽃추출물, 다이포타슘글리시리제이트, 아데노신, 하이드로제네이티드레시틴, 소듐폴리아크릴로일다이메틸타우레이트, 카프릴릴글라이콜, 글리세릴카프릴레이트, 하이드록시아세토페논, 다이소듐이디티에이"
"A000000170928","아이오페 PDRN 카페인 샷 앰플 30ml","아이오페","30.0","30.0","ml","50000","37500","12500.0","락토바실러스발효용해물(바이오-피디알엔TM)@정제수@프로판다이올@글리세린@나이아신아마이드@부틸렌글라이콜@카페인@다이프로필렌글라이콜@1,2-헥산다이올@다이에톡시에틸석시네이트@글리세릴폴리메타크릴레이트@폴리아크릴레이트크로스폴리머-6@만니톨@에틸헥실글리세린@아데노신@소듐시트레이트@덱스트린@카카오추출물@시트릭애씨드@다이소듐이디티에이@T-부틸알코올@알지닌@사이클로덱스트린@하이드록시프로필사이클로덱스트린@말토덱스트린@잔탄검@베타-글루칸@아세틸테트라펩타이드-11@토코페롤"
"A000000178077","헤라 옴므 파워부스팅 페이스 트리트먼트 110ML","헤라","110.0","110.0","ml","75000","59400","5400.0","정제수, 글리세린, 부틸렌글라이콜, 베타인, 나이아신아마이드, 메틸글루세스-20, 변성알코올, 1,2-헥산다이올, 스쿠알란, 다이메티콘, 메틸트라이메티콘, 세테아릴올리베이트, 카페인, 솔비탄올리베이트, 아크릴레이트/C10-30알킬아크릴레이트크로스폴리머, 암모늄아크릴로일다이메틸타우레이트/브이피코폴리머, 글리세릴카프릴레이트, 폴리아크릴레이트-13, 다이소듐이디티에이, 트로메타민, 에틸헥실글리세린, 향료, 아데노신, 폴리아이소부텐, 마데카소사이드, 타우린, 리모넨, 폴리솔베이트20, 솔비탄아이소스테아레이트, 하이드롤라이즈드옥수수전분, 소나무잎추출물, 리날룰, 프로판다이올, 소듐하이알루로네이트, 하이알루로닉애씨드, 토코페롤, 아크릴레이트/스테아릴메타크릴레이트코폴리머, 하이드롤라이즈드하이알루로닉애씨드, 흰목이버섯포자낭과추출물, 소듐하이알루로네이트크로스폴리머, 잔탄검, 세라마이드엔피, 소듐아세틸레이티드하이알루로네이트"
"A000000178993","비마이셀프 AX 퓨어 비타C 15 앰플 15ml","비마이셀프","15.0","15.0","ml","","44900","29933.3","정제수, 프로판다이올, 부틸렌글라이콜, 아스코빅애씨드(15%), 글리세린, 에칠아스코빌에텔, 1,2-헥산다이올, 트로메타민, 펜틸렌글라이콜, 마데카소사이드, 소듐하이알루로네이트, 글리세릴시트레이트/락테이트/리놀리에이트/올리에이트, 세라마이드엔피, 다이부틸아디페이트, 솔비탄올리에이트, 세테아릴올리베이트, 하이드로제네이티드레시틴, 다이프로필렌글라이콜, 아데노신, 풀루란, 폴리글리세릴-10라우레이트, 페룰릭애씨드, 카프릴릭/카프릭트라이글리세라이드, 쌀겨오일, 소듐메타포스페이트, 에톡시다이글라이콜, 다이소듐이디티에이, 레시틴, 해마토코쿠스플루비알리스오일"
"A000000179256","[진정/속보습] 센텔리안24 마데카 데일리 리페어 앰플 50ml (첫단계진정앰플)","센텔리안24","50.0","50.0","ml","","34000","6800.0","락토바실러스/병풀추출발효여과물, 프로판다이올, 메틸프로판다이올, 1,2-헥산다이올, 나이아신아마이드, 글리세린, 정제수, 병풀잎추출물, 판테놀, 다시마추출물, 한련초잎추출물, 병풀추출물, 울금뿌리추출물, 돌콩추출물, 소듐하이알루로네이트, 하이드로제네이티드레시틴, 올리브오일, 병풀오일, 부틸렌글라이콜, 소듐폴리아크릴로일다이메틸타우레이트, 글리시레티닉애씨드, 카보머, 트로메타민, 에톡시다이글라이콜, 아데노신, 프룩토올리고사카라이드, 락토바실러스발효물, 다이소듐이디티에이, 베타-글루칸, 소듐폴리아크릴레이트, 피브이엠/엠에이코폴리머, 하이드롤라이즈드하이알루로닉애씨드, 옥틸도데칸올, 아시아티코사이드, 마데카식애씨드, 글라이코리피드, 병풀아미노산, 하이드롤라이즈드병풀단백질, 아시아틱애씨드, C12-13파레스-9, 프로테아제, 엑토인, 세라마이드엔피, 알지닌, 암모늄아크릴로일다이메틸타우레이트/브이피코폴리머, 테트라하이드로피페린, 플로레틴, 피토스테롤, 피토스핑고신, 에틸헥실글리세린"
"A000000182480","[항산화 세럼]바이오더마 센시비오 디펜시브 세럼 30ml","바이오더마","30.0","30.0","ml","50000","37000","12333.3","정제수, 글리세린, 부틸렌글라이콜, C15-19알케인, 스쿠알란, 셀룰로오스, C20-22알킬포스페이트, C20-22알코올, 펜틸렌글라이콜, 1,2-헥산다이올, 카프릴릴글라이콜, 카르노신, 폴리아크릴레이트크로스폴리머-6, 말토덱스트린, 잔탄검, 만니톨, 자일리톨, 토코페롤, 단삼뿌리추출물, 람노오스, 바이오사카라이드검-1, 시트릭애씨드, 돌콩오일, 하이드롤라이즈드하이알루로닉애씨드, 소듐하이드록사이드, 팔미토일테트라펩타이드-10"
"A000000183731","[국민모공템] VT 리들샷 100 에센스 50ml (+리들샷 300 1ml*3ea기획/단품)","VT","50.0","51.0","ml","32000","22000","4313.7","정제수, 다이프로필렌글라이콜, 글리세린, 나이아신아마이드, 부틸렌글라이콜, 마카다미아씨오일, 1,2-헥산다이올, 에틸헥실팔미테이트, 소듐아크릴레이트/소듐아크릴로일다이메틸타우레이트코폴리머, 폴리아이소부텐, 실리카, 글리세레스-26, 에틸헥실글리세린, 카프릴릴글라이콜, 아데노신, 소듐폴리아크릴레이트, 소듐하이알루로네이트, 병풀추출물, 카프릴릴/카프릴글루코사이드, 솔비탄올리에이트, 잔탄검, 프로폴리스추출물, 아시아티코사이드, 마데카소사이드, 마데카식애씨드, 아시아틱애씨드, 글라이신, 세린, 글루타믹애씨드, 아스파틱애씨드, 류신, 알라닌, 라이신, 알지닌, 타이로신, 페닐알라닌, 트레오닌, 프롤린, 발린, 아이소류신, 히스티딘, 메티오닌, 시스테인"
"A000000185094","[2주모공세럼/바쿠치올] 메이크프렘 엔드포어 베지티놀 모공세럼 50ml","메이크프렘","50.0","50.0","ml","","28000","5600.0","정제수, 메틸프로판다이올, 프로판다이올, 1,2-헥산다이올, 부틸렌글라이콜, 나이아신아마이드, 글리세린, 콜라겐추출물, 인도멀구슬나무잎추출물, 인도멀구슬나무꽃추출물, 소듐하이알루로네이트, 홀리바질잎추출물, 카카오추출물, 울금뿌리추출물, 참산호말추출물, 수용성콜라겐, 펜틸렌글라이콜, 바쿠치올, 글리세릴폴리메타크릴레이트, 폴리글리세릴-10라우레이트, 암모늄아크릴로일다이메틸타우레이트/브이피코폴리머, 카페인, 아크릴레이트/C10-30알킬아크릴레이트크로스폴리머, 다이에톡시에틸석시네이트, 하이드로제네이티드레시틴, 하이드로제네이티드폴리아이소부텐, 판테놀, 트로메타민, 에틸헥실글리세린, 알란토인, 아데노신, 다이포타슘글리시리제이트, 글루코노락톤, 시트릭애씨드, 소듐파이테이트, 덱스트린, 베타-글루칸, 토코페롤, 사이아노코발아민, 유칼립투스잎오일, 발삼아미리스껍질오일, 멕시칸주니퍼오일, 스피어민트잎오일, 라벤더오일, 육두구커넬오일, 베르가모트오일"
"A000000185313","[당근앰플] 스킨푸드 캐롯 카로틴 모이스트 이펙터 52ml","스킨푸드","52.0","52.0","ml","","27000","5192.3","당근추출물, 글리세린, 프로판다이올, 메틸프로판다이올, 다이프로필렌글라이콜, 정제수, 부틸렌글라이콜, 다이에톡시에틸석시네이트, 피피지-13-데실테트라데세스-24, 1,2-헥산다이올, 베타인, 에틸헥실글리세린, 판테놀, 미역추출물, 소듐카보머, 아크릴레이트/C10-30알킬아크릴레이트크로스폴리머, 알란토인, 카보머, 소듐하이알루로네이트, 글리세릴아크릴레이트/아크릴릭애씨드코폴리머, 당근씨오일, 소듐파이테이트, 시어버터, 옥틸도데칸올, 하이드로제네이티드레시틴, 말토덱스트린, 베타-글루칸, 사카라이드하이드롤리세이트, 올리브오일, 광곽향오일, 잔탄검, 글리세릴시트레이트/락테이트/리놀리에이트/올리에이트, 하이드록시에틸아크릴레이트/소듐아크릴로일다이메틸타우레이트코폴리머, 글리세릴올리에이트, 라반딘오일, 살비아오일, 불가리스쑥오일, 오렌지껍질오일, 글라이코리피드, 글라이코스핑고리피드, 토코페롤, 세라마이드엔피, 카프릴릴글라이콜"
"A000000185961","[수분광채] 넘버즈인 6번 푹잠 마스크팩 세럼 80ml 기획(+4번 SOS 얼음장팩)","넘버즈인","80.0","80.0","ml","34000","24500","3062.5","[세럼]
빙하수, 부틸렌글라이콜, 프로판다이올, 글리세린, 나이아신아마이드, 1,2-헥산다이올, 정제수, 클로렐라 불가리스추출물, 자일리틸글루코사이드, 소듐하이알루로네이트, 하이드롤라이즈드하이알루로닉애씨드, 자일리톨, 인도멀구슬나무잎추출물, 인도멀구슬나무꽃추출물, 아이비고드열매추출물, 알로에베라꽃추출물, 가지열매추출물, 홀리바질잎추출물, 참산호말추출물, 울금뿌리추출물, 하이알루로닉애씨드, 글리세레스-26, 판테놀, 펜틸렌글라이콜, 글루코오스, 소듐피씨에이, 안하이드로자일리톨, 프룩토올리고사카라이드, 프룩토오스, 폴리글리세릴-10라우레이트, 소듐시트레이트, 다이포타슘글리시리제이트, 소듐하이알루로네이트크로스폴리머, 에틸헥실글리세린, 아데노신, 하이드롤라이즈드글라이코사미노글리칸, 시트릭애씨드, 벤질글라이콜, 토코페롤, 잔탄검

[마스크팩]
정제수, 메틸프로판다이올, 다이프로필렌글라이콜, 티트리잎추출물, 다시마추출물, 한련초잎추출물, 베르가못잎추출물, 아이슬란드이끼추출물, 병풀추출물, 호장근뿌리추출물, 황금추출물, 녹차추출물, 당느릅나무뿌리추출물, 스페인감초뿌리추출물, 알로에베라잎추출물, 제비꽃꽃추출물, 참마뿌리추출물, 로즈마리잎추출물, 마트리카리아꽃추출물, 티트리잎오일, 하이드로제네이티드레시틴, 옥틸도데세스-16, 판테놀, 카보머, 트로메타민, 부틸렌글라이콜, 잔탄검, 아데노신, 다이소듐이디티에이, 메틸다이아이소프로필프로피온아마이드, 글리세린, 프룩토올리고사카라이드, 베타-글루칸, 하이드롤라이즈드하이알루로닉애씨드, 1,2-헥산다이올, 하이드록시아세토페논"
"A000000187040","[수분 충전]아벤느 이드랑스 에센스-인-로션 200ml 2입기획","아벤느","200.0","400.0","ml","51000","37900","947.5","아쿠아(아벤느온천수),글리세린,펜틸렌글라이콜,1,2-헥산다이올,다이메티콘,하이드록시에틸아크릴레이트/소듐아크릴로일다이메틸타우레이트코폴리머,베타인,메틸글루세스-20,아이소세틸스테아로일스테아레이트,트라이에틸헥사노인,하이드로제네이티드폴리아이소부텐,세테아릴올리베이트,소르비탄올리베이트,스쿠알란,트레할로스,향료,정제수,소듐시트레이트,피이지-7트라이메틸올프로판코코넛에터,다이소듐이디티에이,레시틴,피토스테롤,잔탄검,솔비탄아이소스테아레이트,시트릭애씨드,소듐하이알루로네이트"
"A000000187871","더랩바이블랑두 엑스퍼트루 모공탄력 세럼 30ml","더랩바이블랑두","30.0","30.0","ml","","28000","9333.3","정제수, 부틸렌글라이콜, 프로판다이올, 다이프로필렌글라이콜, 1,2-헥산다이올, 판테놀, 펜틸렌글라이콜, 스쿠알란, 아세틸글루코사민, 베타인, 글루코오스, 글리세린, 글루쿠로닉애씨드, 프룩토올리고사카라이드, 프룩토오스, 아이리쉬모스추출물, 클로렐라 불가리스추출물, 사탕수수추출물, 카카오추출물, 소듐폴리아크릴레이트, 에틸헥실글리세린, 하이드로제네이티드레시틴, 하이드록시프롤린, 프롤린, 알란토인, 아데노신, 글라이신, 베타-글루칸, 토코페롤, 소듐다이라우미도글루타미드라이신, 덱스트린, 잔탄검, 다이소듐이디티에이"
"A000000187872","더랩바이블랑두 엑스퍼트루 잡티케어 세럼 30ml","더랩바이블랑두","30.0","30.0","ml","","29000","9666.7","정제수, 부틸렌글라이콜, 스쿠알란, 글리세린, 1,2-헥산다이올, 나이아신아마이드, 메틸프로판다이올, 에칠아스코빌에텔, 베타인, 펜틸렌글라이콜, 알파-비사보롤, 사탕수수추출물, 칸디다 봄비콜라/글루코오스/메틸레이프씨데이트발효물, 아이리쉬모스추출물, 해바라기씨오일, 병풀잎추출물, 하이드로제네이티드레시틴, 아크릴레이트/C10-30알킬아크릴레이트크로스폴리머, 다이포타슘글리시리제이트, 다이프로필렌글라이콜, 하이드록시데실유비퀴논, 마데카소사이드, 아시아티코사이드, 트로메타민, 바이오사카라이드검-4, 베타-글루칸, 소듐다이라우미도글루타미드라이신, 에톡시다이글라이콜, 소듐파이테이트"
"A000000188087","[순수비타민/기미잡티] 블리브유 더 리얼 비타 C 20 앰플 12ml","블리브유","12.0","12.0","ml","","32000","26666.7","정제수, 아스코빅애씨드(200,000ppm), 프로판다이올, 부틸렌글라이콜, 다이프로필렌글라이콜, 사이클로펜타실록세인, 사이클로헥사실록세인, 소듐하이드록사이드, 1,2-헥산다이올, 글루타티온, 페룰릭애씨드, 베타-글루칸, 토코페롤, 판테놀, 소듐아스코빌포스페이트, 베타-카로틴, 나이아신아마이드, 피리독신, 폴릭애씨드, 바이오틴, 사이아노코발아민, 티아민에이치씨엘, 리보플라빈, 리놀레익애씨드, 알파-비사보롤, 로즈힙열매오일, 아데노신, 해바라기씨오일, 글리세린, 솔비톨, 소듐하이알루로네이트, 하이알루로닉애씨드, 소듐하이알루로네이트크로스폴리머, 하이드롤라이즈드소듐하이알루로네이트, 하이드롤라이즈드하이알루로닉애씨드, 소듐아세틸레이티드하이알루로네이트, 하이드록시프로필트라이모늄하이알루로네이트, 알란토인, 필리핀오렌지껍질추출물, 솔잣나무잎/줄기추출물, 서양송악잎/줄기추출물, 베르가모트오일, 양까막까치밥나무잎추출물, 리씨열매오일, 에틸헥실글리세린, C12-14알케스-12, t-부틸알코올, 하이드로제네이티드레시틴, 폴리글리세릴-10스테아레이트, 수크로오스스테아레이트, 카프릴릭/카프릭트라이글리세라이드, 글리세릴스테아레이트, 소듐스테아로일글루타메이트, 소듐폴리아크릴로일다이메틸타우레이트, 폴리아크릴레이트크로스폴리머-6, 다이메티콘/비닐다이메티콘크로스폴리머, 잔탄검, 다이소듐이디티에이"
"A000000189015","후시다인 더마 트러블 밸런싱 세럼 40g","후시다인","40.0","40.0","g(약 1ml 상당으로 근사)","","35000","8750.0","정제수, 글리세린, 부틸렌글라이콜, 프로판다이올, 푸시디움 코키네움발효용해추출여과물(50,220ppm), 메틸프로판다이올, 프로테아제(25,110ppm), 알바수련꽃추출물(25,110ppm), 1,2-헥산다이올, 베타인, 나이아신아마이드, 변성알코올, 글리세릴폴리메타크릴레이트, 펜틸렌글라이콜, 클로렐라 불가리스추출물, 삼나무잎추출물, 연꽃잎추출물, 효모발효물, 아스퍼질러스발효물, 밀추출물, 암모늄아크릴로일다이메틸타우레이트/브이피코폴리머, 아크릴레이트/C10-30알킬아크릴레이트크로스폴리머, 글루코오스, 트로메타민, 다이페닐다이메티콘, 프룩토올리고사카라이드, 프룩토오스, 글루코노락톤, 트라이에틸헥사노인, 셀룰로오스검, 에틸헥실글리세린, 석시닉애씨드, 하이드로제네이티드레시틴, 말토덱스트린, 토코페롤, 다이프로필렌글라이콜, 카프릴릴/카프릴글루코사이드, 리파아제, 세라마이드엔피, 잔탄검"
"A000000189766","더랩바이블랑두 엑스퍼트루 모공탄력 세럼 30ml 기획 (+샤셰 4매 증정)","더랩바이블랑두","30.0","30.0","ml","","28000","9333.3","정제수, 부틸렌글라이콜, 프로판다이올, 다이프로필렌글라이콜, 1,2-헥산다이올, 판테놀, 펜틸렌글라이콜, 스쿠알란, 아세틸글루코사민, 베타인, 글루코오스, 글리세린, 글루쿠로닉애씨드, 프룩토올리고사카라이드, 프룩토오스, 아이리쉬모스추출물, 클로렐라 불가리스추출물, 사탕수수추출물, 카카오추출물, 소듐폴리아크릴레이트, 에틸헥실글리세린, 하이드로제네이티드레시틴, 하이드록시프롤린, 프롤린, 알란토인, 아데노신, 글라이신, 베타-글루칸, 토코페롤, 소듐다이라우미도글루타미드라이신, 덱스트린, 잔탄검, 다이소듐이디티에이"
"A000000189772","더랩바이블랑두 엑스퍼트루 잡티케어 세럼 30ml 기획 (+샤셰 4매 증정)","더랩바이블랑두","30.0","30.0","ml","29000","17400","5800.0","정제수, 부틸렌글라이콜, 스쿠알란, 글리세린, 1,2-헥산다이올, 나이아신아마이드, 메틸프로판다이올, 에칠아스코빌에텔, 베타인, 펜틸렌글라이콜, 알파-비사보롤, 사탕수수추출물, 칸디다 봄비콜라/글루코오스/메틸레이프씨데이트발효물, 아이리쉬모스추출물, 해바라기씨오일, 병풀잎추출물, 하이드로제네이티드레시틴, 아크릴레이트/C10-30알킬아크릴레이트크로스폴리머, 다이포타슘글리시리제이트, 다이프로필렌글라이콜, 하이드록시데실유비퀴논, 마데카소사이드, 아시아티코사이드, 트로메타민, 바이오사카라이드검-4, 베타-글루칸, 소듐다이라우미도글루타미드라이신, 에톡시다이글라이콜, 소듐파이테이트"
"A000000190939","비오템옴므 포스 수프림 필 에센스 150ml","비오템","150.0","150.0","ml","127000","105410","7027.3","정제수 부틸렌글라이콜 락틱애씨드 글루코노락톤 펜틸렌글라이콜 소듐하이드록사이드 파파야열매추출물 사카라이드아이소머레이트 글리세린 아데노신 하이드록시아세토페논 테트라소듐글루타메이트다이아세테이트 비트레오스실라발효물 포타슘솔베이트 살리실릭애씨드."
"A000000191387","[2주모공탄력] 아비브 부활초 비피다 세럼 퍼밍 드롭 50ml","아비브","50.0","50.0","ml","","32000","6400.0","정제수, 부틸렌글라이콜, 글리세린, 카프릴릭/카프릭트라이글리세라이드, 1,2-헥산다이올, 나이아신아마이드, 메틸프로판다이올, 트루로즈오브예리코추출물(2,072 ppm), 마카다미아씨오일, 메도우폼씨오일, 락토바실러스발효물, 시어버터, 퀸즈랜드넛오일, 올리브오일, 호호바씨오일, 포도씨오일, 소듐하이알루로네이트, 카카오추출물, 비피다발효여과물(28.5 ppm), 비피다발효용해물(13 ppm), 수용성콜라겐, 판테놀, 펜틸렌글라이콜, 소듐폴리아크릴로일다이메틸타우레이트, 하이드로제네이티드레시틴, 스쿠알란, 하이드로제네이티드폴리데센, 수크로오스팔미테이트, 트라이아이소스테아린, 트로메타민, 프로판다이올, 에틸헥실글리세린, 아데노신, 소듐다이라우미도글루타미드라이신, 글루코실루틴, 세라마이드엔피, 폴리글리세릴-10라우레이트, 폴리글리세릴-3메틸글루코오스다이스테아레이트, 덱스트린, 베타-글루칸, 소듐아스코빌포스페이트, 토코페롤, 바쿠치올, 트레할로오스, 다이프로필렌글라이콜, 피토스핑고신, 옥틸도데칸올, 포스파티딜콜린, 아시아티코사이드, 아시아틱애씨드, 글라이코리피드, 마데카식애씨드, 팔미토일트라이펩타이드-5, 솔비톨, 카보머, 잔탄검"
"A000000192104","[1+1] CKD 레티노콜라겐 저분자 300 괄사 리프팅 세럼 30ml 1+1 기획","CKD","30.0","60.0","ml","38000","29900","4983.3","정제수, 글리세린, 프로판다이올, 펜틸렌글라이콜, 나이아신아마이드, 1,2-헥산다이올, 스쿠알란, 베타인, 부틸렌글라이콜, 판테놀, 자일리틸글루코사이드, 아이리쉬모스추출물, 안하이드로자일리톨, 폴리글리세릴-3다이스테아레이트, 카보머, 사탕수수추출물, 하이드로제네이티드레시틴, 암모늄아크릴로일다이메틸타우레이트/브이피코폴리머, 트로메타민, 자일리톨, 마카다미아씨오일, 에틸헥실글리세린, 아데노신, 메도우폼씨오일, 하이드로제네이티드폴리데센, 트라이아이소스테아린, 베르가모트오일, 글리세릴스테아레이트시트레이트, 라벤더오일, 소듐하이알루로네이트, 카프릴릭/카프릭트라이글리세라이드, 소듐파이테이트, 시어버터, 하이드롤라이즈드콜라겐(73ppm), 팔미토일트라이펩타이드-5, 세라마이드엔피, 진흙버섯추출물, 폴리글리세릴-10라우레이트, 폴리글리세릴-3메틸글루코오스다이스테아레이트, 클레리오일, 타라열매추출물, 베타-글루칸, 콜레스테롤, 유채스테롤, 피이지-5레이프씨드스테롤, 레틴알(10ppm), 실리카, 코토니추출물, 세테스-3, 세테스-5, 토코페롤, 알루미늄/마그네슘하이드록사이드스테아레이트, 다이프로필렌글라이콜, 소듐하이알루로네이트크로스폴리머, 토코페릴아세테이트, 하이드롤라이즈드글라이코사미노글리칸, 포타슘세틸포스페이트, 펜타에리스리틸테트라-다이-t-부틸하이드록시하이드로신나메이트, 소듐아스코빌포스페이트, 벤질글라이콜, 하이드롤라이즈드하이알루로닉애씨드, 다이소듐이디티에이, 하이드롤라이즈드엘라스틴, 소듐디엔에이, 카프릴릴/카프릴글루코사이드, 하이알루로닉애씨드, 풀루란, 리모넨, 리날룰"
"A000000195739","헤이네이처 어성초 앰플 20ml 기획(+어성초 마스크 2매)","헤이네이처","20.0","20.0","ml","","23000","11500.0","[ 어성초앰플 20ml(산뜻) ]
정제수, 부틸렌글라이콜, 글리세린, 1,2-헥산다이올, 판테놀, 베타인, 약모밀추출물(400ppm), 백미꽃추출물, 월계수잎추출물, 유칼립투스잎추출물, 마데카소사이드, 아시아티코사이드, 도금양열매추출물, 병풀추출물, 녹차추출물, 황금추출물, 마트리카리아꽃추출물, 동충하초추출물, 폴리글리세릴-10라우레이트, 폴리글리세릴-10미리스테이트, 프로판다이올, 덱스트린, 스클레로튬검, 잔탄검, 에틸헥실글리세린, 유향나무오일, 리모넨

[어성초 마스크팩]
정제수, 약모밀추출물(5%), 프로판다이올, 글리세린, 1,2-헥산다이올, 베타인, 판테놀, 흰버드나무껍질추출물, 병풀잎추출물, 병풀추출물, 녹차추출물, 황금추출물, 스페인감초뿌리추출물, 마트리카리아꽃추출물, 로즈마리잎추출물, 호장근뿌리추출물, 알지닌, 폴리글리세릴-10라우레이트, 폴리글리세릴-10미리스테이트, 카보머, 동충하초추출물, 부틸렌글라이콜, 알란토인, 유향나무오일, 에틸헥실글리세린"
"A000000197661","닥터멜락신 비피 포어 앰플 30ml","닥터멜락신","30.0","30.0","ml","22900","20900","6966.7","버지니아풍년화잎수, 부틸렌글라이콜, 알로에베라잎추출물, 프로판다이올, 글리세린, 1,2-헥산다이올, 나이아신아마이드, 판테놀, 소듐카보머,소듐하이알루로네이트, 정제수, 에틸헥실글리세린, 아데노신, 소듐파이테이트, 인도멀구슬나무잎추출물, 흰목이버섯추출물, 인도멀구슬나무꽃추출물, 아이비고드열매추출물, 파파야열매추출물, 매실추출물, 사과추출물, 포도추출물, 알로에베라꽃추출물, 가지열매추출물, 에필로비움 플레이스케리추출물, 하이드로제네이티드레시틴, 홀리바질잎추출물, 세라마이드엔피, 참산호말추출물, 울금뿌리추출물, 콜레스테롤, 하이드롤라이즈드해면, 마카다미아씨오일, 호호바씨오일, 트라넥사믹애씨드, 유채스테롤, 토코페롤, 시트릭애씨드, 알에이치-올리고펩타이드-1, 알에이치폴리펩타이드-1"
"A000000198424","아벤느 클리낭스 파워 컨트롤 세럼 30ml *스팟 케어","아벤느","30.0","30.0","ml","","33000","11000.0","아쿠아(아벤느 온천수)
아이소프로필알코올
피이지-6
글리세린
흰무늬엉겅퀴열매추출물
실리카
폴리아크릴레이트-13
폴리아이소부텐
폴리솔베이트 20
솔비탄아이소스테아레이트
정제수"
"A000000199277","로우퀘스트 베리어 인핸싱 토너 투 에센스 200ml","로우퀘스트","200.0","200.0","ml","","35000","1750.0","정제수, 글리세린, 다이프로필렌글라이콜, 프로판다이올, 1,2-헥산다이올, 에리스리톨, 부틸렌글라이콜, 판테놀, 세틸에틸헥사노에이트, 에틸헥실팔미테이트, 스쿠알란, 하이드록시아세토페논, 수크로오스다이스테아레이트, 암모늄폴리아크릴로일다이메틸타우레이트, 소듐폴리아크릴로일다이메틸타우레이트, 카프릴릭/카프릭트라이글리세라이드, 글리세릴아크릴레이트/아크릴릭애씨드코폴리머, 글리세레스-25피씨에이아이소스테아레이트, 하이드로제네이티드폴리데센, 하이드로제네이티드레시틴, 에틸헥실글리세린, 수국잎추출물, 옥수수커넬추출물, 다이소듐이디티에이, 다이포타슘포스페이트, 아세틸글루타민, 트라이데세스-10, 바나나추출물, 하이알루로닉애씨드, 하이드롤라이즈드하이알루로닉애씨드, 소듐하이알루로네이트, 프룩탄, 서양송악잎/줄기추출물, 카카오추출물, 코코넛야자오일, 비치스트로베리추출물, 글루코오스, 치자나무꽃추출물, 발삼아미리스껍질오일, 목서꽃추출물, 셀룰로오스검"
"A000000199472","[한정 수량]바이오더마 하이드라비오 세럼 40ml 더블 기획","바이오더마","40.0","80.0","ml","","54600","6825.0","정제수, 글리세린, 자일리톨, 소듐폴리아크릴레이트, 다이메티콘, 사이클로펜타실록세인, 페녹시에탄올, 클로페네신, 트라이데세스-6, 다이소듐이디티에이, 향료, 나이아신아마이드, 피이지/피피지-18/18다이메티콘, 프룩토올리고사카라이드, 만니톨, 소듐하이알루로네이트, 헥실데칸올, 카프릴릭/카프릭트라이글리세라이드, 람노오스, 라미나리아 오크롤레우카추출물, 사과씨추출물, 유채스테롤, 토코페롤"
"A000000199722","마몽드 포어 슈링커 바쿠치올 세럼 50ml 기획 (+크림 30ml)","마몽드","50.0","80.0","ml","39500","29620","3702.5","정제수, 부틸렌글라이콜, 카프릴릭/카프릭트라이글리세라이드, 글리세린, 1,2-헥산다이올, 베타인, 베헤닐알코올, 젤란검, 소듐클로라이드, 잔탄검, 락토바실러스발효용해물, 시트릭애씨드, 돌콩오일, 마그네슘설페이트, 소듐메타포스페이트, 에틸헥실글리세린, 아데노신, 소듐시트레이트, 레티놀, 바쿠치올, 하이드롤라이즈드익스텐신, 소듐하이알루로네이트, 호호바씨오일, 황해쑥잎오일, 폴리글리세릴-10라우레이트, 하이드롤라이즈드식물성단백질, 하이드로제네이티드레시틴, 토코페롤"
"A000000199723","마몽드 포어 슈링커 바쿠치올 세럼 50ml","마몽드","50.0","50.0","ml","","39500","7900.0","정제수, 부틸렌글라이콜, 카프릴릭/카프릭트라이글리세라이드, 글리세린, 1,2-헥산다이올, 베타인, 베헤닐알코올, 젤란검, 소듐클로라이드, 잔탄검, 락토바실러스발효용해물, 시트릭애씨드, 돌콩오일, 마그네슘설페이트, 소듐메타포스페이트, 에틸헥실글리세린, 아데노신, 소듐시트레이트, 레티놀, 바쿠치올, 하이드롤라이즈드익스텐신, 소듐하이알루로네이트, 호호바씨오일, 황해쑥잎오일, 폴리글리세릴-10라우레이트, 하이드롤라이즈드식물성단백질, 하이드로제네이티드레시틴, 토코페롤"
"A000000200533","유리아쥬 이제악3-레귤 40ml","유리아쥬","40.0","40.0","ml","","32000","8000.0","정제수, 온천수, 다이-C12-13알킬말레이트, 폴리메틸메타크릴레이트, 다이카프릴릴에터, 타피오카전분, 글라이콜릭애씨드, 소듐하이드록사이드, 다이글리세린, 글리세린, 말릭애씨드, 스테아레스-2, 스테아레스-21, 락틱애씨드, 펜타에리스리틸다이스테아레이트, 부틸렌글라이콜, 아크릴레이트/C10-30알킬아크릴레이트크로스폴리머, 호호바에스터, 다이메티콘, 글리세릴스테아레이트, 향료, 피이지-100스테아레이트, 프로판다이올, 토코페릴아세테이트, 해바라기씨왁스, 피록톤올아민, 잔탄검, 펜틸렌글라이콜, 피토스핑고신, 렌틸콩씨추출물, 폴리메틸실세스퀴옥세인, 살리실릭애씨드, 징크락테이트, 아시아티코사이드, 그린와틀꽃왁스, 폴리글리세린-3, 창과감초뿌리추출물, 소듐벤조에이트, 람노오스, 글루코오스, 글루쿠로닉애씨드, 토코페롤"
"A000000200572","[모공케어] 무슈제이 레티놀로지 데일리 리페어 (로션/에센스) 택 1","무슈제이","","","","27900","23900","","에센스: 정제수, 프로판다이올, 1,2-헥산다이올, 나이아신아마이드, 메틸글루세스-20, 글리세린, 카프릴릭/카프릭트라이글리세라이드, 폴리아크릴레이트크로스폴리머-6, 피피지-13-데실테트라데세스-24, 하이드로제네이티드레시틴, 아데노신, 인도멀구슬나무꽃추출물, 홀리바질잎추출물, 인도멀구슬나무잎추출물, 다이소듐이디티에이, 마카다미아씨오일, 향료, 세테아릴알코올, 울금뿌리추출물, 부틸렌글라이콜, 폴리솔베이트20, 판테놀, 베타인, 시트릭애씨드, 카프릴로일살리실릭애씨드, 참산호말추출물, 레티놀(90ppm), 유채스테롤, 스테아릭애씨드, 콜레스테롤, 세테스-3, 세테스-5, 토코페롤, 글루타티온, 알루미늄/마그네슘하이드록사이드스테아레이트, 토코페릴아세테이트, 포타슘세틸포스페이트, 폴리글리세릴-10스테아레이트, 소듐아스코빌포스페이트, 바이오틴, 폴릭애씨드, 피리독신, 사이아노코발아민, 리놀레익애씨드, 리보플라빈, 베타-카로틴, 티아민에이치씨엘

로션: 정제수,카프릴릭/카프릭트라이글리세라이드,에틸헥실팔미테이트,프로판다이올,부틸렌글라이콜,나이아신아마이드,베헤닐알코올,폴리글리세릴-3메틸글루코오스다이스테아레이트,다이메티콘,스테아릭애씨드,글리세릴스테아레이트,다이프로필렌글라이콜,하이드록시아세토페논,카프릴릴글라이콜,해바라기씨오일,스쿠알란,트로메타민,카보머,시트릭애씨드,아데노신,인도멀구슬나무꽃추출물,향료,홀리바질잎추출물,다이소듐이디티에이,마카다미아씨오일,인도멀구슬나무잎추출물,잔탄검,돌콩오일,하이드로제네이티드레시틴,토코페롤,폴리솔베이트20,울금뿌리추출물,판테놀,레티놀(90ppm),참산호말추출물,글리세린,유채스테롤,1,2-헥산다이올,콜레스테롤,다이포타슘글리시리제이트,세테스-3,세테스-5,알루미늄/마그네슘하이드록사이드스테아레이트,토코페릴아세테이트,아나토씨오일,포타슘세틸포스페이트,폴리글리세릴-10라우레이트,하이드롤라이즈드콜라겐,카퍼트라이펩타이드-1,트라이펩타이드-1,팔미토일펜타펩타이드-4,팔미토일트라이펩타이드-1,헥사펩타이드-9,헥사펩타이드-11"
"A000000201152","차앤박(CNP) 더마앤서 텐션 앵글핏 레티놀앰플 30ml","차앤박","30.0","30.0","ml","39000","27900","9300.0","정제수, 글리세린, 다이프로필렌글라이콜, 스쿠알란, 메틸트라이메티콘, 1,2-헥산다이올, 판테놀, 부틸렌글라이콜, 알라닐글루타민, 비스-피이지-18메틸에터다이메틸실레인, 카프릴릭/카프릭트라이글리세라이드, 에이치디아이/트라이메틸올헥실락톤크로스폴리머, C14-22알코올, 해바라기씨오일, 다이메티콘, 트레할로오스, 토코페릴아세테이트, 글리세릴스테아레이트, 암모늄아크릴로일다이메틸타우레이트/브이피코폴리머, C12-20알킬글루코사이드, 베헤네스-20, 피이지-100스테아레이트, 알란토인, 트로메타민, 펜틸렌글라이콜, 폴리아크릴레이트-13, 락토바실러스/콩발효추출물, 3-O-에틸아스코빅애씨드, 다이포타슘글리시리제이트, 엑토인, 아크릴레이트/C10-30알킬아크릴레이트크로스폴리머, 효모/감자추출물발효여과물, 4-T-부틸사이클로헥산올, 마카다미아씨오일, 트라이에틸헥사노인, 하이드로제네이티드폴리아이소부텐, 효모/보리씨발효여과물, 하이드로제네이티드레시틴, 아데노신, 아라키딜글루코사이드, 시어버터, 소듐하이알루로네이트, 잔탄검, 돌콩오일, 육두구추출물, 트라이소듐이디티에이, 베타-글루칸, 실리카, 레티놀, 글리세릴베헤네이트, 폴리솔베이트20, 폴리글리세릴-10라우레이트, 에틸헥실팔미테이트, 소듐메타바이설파이트, 스테아릭애씨드, 트록세루틴, 비에이치티, 카보머, 세라마이드엔피, 콜레스테롤, 솔비탄아이소스테아레이트, 알지닌, 글루타믹애씨드, 펜타에리스리틸테트라-다이-T-부틸하이드록시하이드로신나메이트, 폴리카프로락톤, 폴록사머188, 폴리솔베이트60, 세틸팔미테이트, 글리세릴다이스테아레이트, 미리스틸미리스테이트, 소듐스테아로일글루타메이트, 소듐아스코빌포스페이트, 메톡시피이지-12레틴아마이드, 다이메틸아이소소바이드, 베타-카로틴, 당근추출물, 당근씨오일, 토코페롤, 에탄올, 소듐설파이트, 글라이신, 트리스(테트라메틸하이드록시피페리딘올)시트레이트, 하이드록시피나콜론레티노에이트, 카퍼트라이펩타이드-1, 아세틸헥사펩타이드-8, 카프릴릴글라이콜, 로즈마리잎오일, 베티버뿌리오일, 리모넨"
"A000000201753","[진정보습/장벽케어] 톡스앤필 판테놀 세럼 30ml","톡스앤필","30.0","30.0","ml","35000","26200","8733.3","정제수, 글리세린, 프로판다이올, 글리세레스-26, 부틸렌글라이콜, 베타인, 메틸트라이메티콘, 1,2-헥산다이올, 메틸프로판다이올, 다이카프릴릴카보네이트, 판테놀(10,510 ppm), 소듐하이알루로네이트, 다이메티콘크로스폴리머, 다이펜타에리스리틸헥사C5-9 애씨드에스터, 펜틸렌글라이콜, 소듐아크릴레이트크로스폴리머-2, 암모늄아크릴로일다이메틸타우레이트/브이피코폴리머, 비닐다이메티콘, 다이에톡시에틸석시네이트, 글리세릴스테아레이트, 소듐피씨에이, 하이드로제네이티드레시틴, 아이소도데케인, 세테아릴올리베이트, 다이프로필렌글라이콜, 솔비탄올리베이트, 알란토인, 에틸헥실글리세린, 알루미늄수크로오스옥타설페이트, 베타-글루칸, 토코페롤, 세라마이드엔피, 수크로오스스테아레이트, 스테아릭애씨드, 팔미틱애씨드, 콜레스테롤, 글라이코스핑고리피드, 세테아릴알코올, 잔탄검"
"A000000202453","[결광톤업] 빌리프 슈퍼드랍스 비타C토닝 결광 세럼 30ml 단품 / 1+1 기획","빌리프","30.0","60.0","ml","38000","29000","4833.3","정제수, 부틸렌글라이콜, 나이아신아마이드, 프로판다이올, 2,3-부탄다이올, 1,2-헥산다이올, 글리세린, 아이소펜틸다이올, 판테놀, 레몬밤꽃/잎/줄기수*, 로즈마리잎수*, 타임잎추출물*, 유칼립투스잎추출물*, 폴스애플민트잎추출물*, 로즈힙열매추출물*, 베타인, 아스코빅애씨드, 글루타티온, 폴리글리세릴-10스테아레이트, 폴리글리세릴-10올리에이트, 효모발효여과물, 겨우살이추출물, 락토바실러스/콩발효추출물, 알란토인, 트레할로오스, 띠뿌리추출물, 암모늄폴리아크릴로일다이메틸타우레이트, 잔탄검, 카보머, 소듐글루코네이트, 피브이엠/엠에이코폴리머, 소듐시트레이트, 소듐하이알루로네이트, 트로메타민, 시트릭애씨드, 하이드롤라이즈드옥수수전분, 수크로오스, 락틱애씨드, 오렌지껍질오일+, 라임전초오일+, 센티드제라늄꽃오일+, 로즈마리잎오일+, 리모넨, 시트로넬올, 제라니올, 시트랄, 리날룰
*표시: belif original formula
+표시: 식물 유래 향"
"A000000203589","토리든 셀메이징 비타C 브라이트닝 앰플 30ml 기획 (+10ml)","토리든","30.0","40.0","ml","","26000","6500.0","정제수, 프로판다이올, 글리세린, 나이아신아
마이드, 3-O-에틸아스코빅애씨드(19,950ppm), 1,2-
헥산다이올, 아이소프로필미리스테이트, 베타인, 에
리스리톨, 아데노신, 알란토인, 토코페롤, 판테놀, 아스
코빅애씨드, 소듐아스코빌포스페이트, 아스코빌글
루코사이드, 아스코빌팔미테이트, 에틸헥실글리세린,
카프릴릴글라이콜, 잔탄검, 참산호말추출물, 감태추
출물, 개청각추출물, 겔리듐 카르틸라기네움추출물,
톳추출물, 옥틸도데칸올, 아크릴레이트/C10-30알킬
아크릴레이트크로스폴리머, 트로메타민, 다이소듐
이디티에이, 메틸프로판다이올, 페룰릭애씨드, 홀리
바질잎추출물, 부틸렌글라이콜, 하이드로제네이티
드레시틴, 베르가모트오일, 인도멀구슬나무잎추출물,
인도멀구슬나무꽃추출물, 울금뿌리추출물"
"A000000204075","코스알엑스 풀핏 프로폴리스 라이트 앰플 40ml 1+1 기획","코스알엑스","40.0","80.0","ml","","25000","3125.0","프로폴리스추출물, 부틸렌글라이콜, 글리세린, 베타인,1,2-헥산다이올, 결명씨추출물, 소듐하이알루로네이트,하이드록시에틸셀룰로오스, 카보머, 판테놀, 알지닌"
"A000000204162","다슈 보이 파란 수분초 수분 세럼 65ml 기획 (+세럼 20ml)","다슈","65.0","85.0","ml","28000","14800","1741.2","""세럼
정제수, 부틸렌글라이콜, 글리세린, 다이프로필렌글라이콜, 프로판다이올, 벤질글라이콜, 알지닌, 카보머, 베타인, 소듐하이알루로네이트, 하이드롤라이즈드하이알루로닉애씨드, 하이드록시프로필트라이모늄하이알루로네이트, 소듐하이알루로네이트크로스폴리머, 아스코빌프로필하이알루로네이트, 소듐아세틸레이티드하이알루로네이트, 하이알루로닉애씨드, 하이드롤라이즈드글라이코사미노글리칸, 에틸헥실글리세린, 판테놀, 1,2-헥산다이올, 잔탄검, 하늘타리뿌리추출물, 녹두전초추출물, 녹차추출물, 라케모사승마뿌리추출물, 자란뿌리추출물, 쌀추출물, 사인추출물, 녹두추출물, 라벤더꽃추출물, 보리지추출물, 수레국화꽃추출물, 마트리카리아꽃추출물, 클레리추출물, 히아신스전초추출물, 돌나물추출물(20ppm)
"""
"A000000204169","[잡티청소] 라운드랩 비타 나이아신 잡티 세럼 30ml 기획 (+잡티크림 10ml)","라운드랩","30.0","40.0","ml","28000","19800","4950.0","[비타 나이아신 잡티 세럼 30ml]
비타민나무수(733,630ppm),나이아신아마이드(50,000ppm),프로판다이올,부틸렌글라이콜,1,2-헥산다이올,아이소펜틸다이올,정제수,글리세린,판테놀(11,250ppm),트라넥사믹애씨드,비타민나무열매추출물(3,862ppm),병풀추출물,쇠비름추출물,로즈마리잎추출물,마트리카리아꽃추출물,무화과추출물,하이드로제네이티드레시틴,해바라기씨오일,카프릴릭/카프릭트라이글리세라이드,에틸헥실글리세린,아데노신,글루타티온,3-O-에틸아스코빅애씨드(107ppm),하이드록시데실유비퀴논,세라마이드엔피,비사보롤,카보머,아크릴레이트/C10-30알킬아크릴레이트크로스폴리머,다이소듐이디티에이,소듐폴리아크릴레이트,피브이엠/엠에이코폴리머,구아검,아가,트로메타민,잔탄검,토코페롤(2ppm),크산토필

[비타 나이아신 잡티 크림 10ml]
비타민나무수(711,614ppm),프로판다이올,글리세린,나이아신아마이드(50,000ppm),페닐트라이메티콘,메틸트라이메티콘,1,2-헥산다이올,베타인,트레할로오스,하이드로제네이티드폴리아이소부텐,비타민나무열매추출물(3,649ppm),폴리글리세릴-3메틸글루코오스다이스테아레이트,글리세릴스테아레이트,세테아릴알코올,다이카프릴릴카보네이트,암모늄아크릴로일다이메틸타우레이트/브이피코폴리머,하이드록시에틸아크릴레이트/소듐아크릴로일다이메틸타우레이트코폴리머,카프릴릴글라이콜,아크릴레이트/C10-30알킬아크릴레이트크로스폴리머,판테놀(1,000ppm),정제수,에틸헥실글리세린,부틸렌글라이콜,아데노신,트라넥사믹애씨드,글루타티온,비사보롤,3-O-에틸아스코빅애씨드(7ppm),토코페롤(2ppm),글루코노락톤,카프릴로일살리실릭애씨드,황련뿌리추출물,다이소듐이디티에이,솔비탄아이소스테아레이트,트로메타민"
"A000000204578","[수분/단독기획]AHC 프로 샷 히알루로 딥 볼륨 5 인트라 세럼 40ml 기획 (아이크림 +10ml)","AHC","40.0","50.0","ml","32000","25900","5180.0","[본품 - AHC 프로 샷 히알루로 딥 볼륨 5 인트라 세럼]
정제수, 부틸렌글라이콜, 메틸글루세스-10, 솔비톨, 글리세린, 다이프로필렌글라이콜, 프로판다이올, 펜틸렌글라이콜, 1,2-헥산다이올, 판테놀, 베타인, 카보머, 아이리쉬모스추출물, C12-14알케스-12, 사탕수수추출물, 트로메타민, 하이드롤라이즈드하이알루로닉애씨드, 암모늄아크릴로일다이메틸타우레이트/브이피코폴리머, 에틸헥실글리세린, 향료, 잔탄검, 아데노신, 셀룰로오스, 소듐파이테이트, 개구리밥추출물, 소듐하이알루로네이트, 폴리글루타믹애씨드, 베타-글루칸, 하이드록시프로필트라이모늄하이알루로네이트, 소듐아세틸레이티드하이알루로네이트, 카페인, 에스신, 멘틸락테이트, 토코페롤, 수크로오스팔미테이트, 글리세릴리놀리에이트, 해바라기씨오일, 소듐하이알루로네이트크로스폴리머, 하이드로제네이티드레시틴, 콜레스테롤, 폴리글리세릴-10라우레이트, 키토산, 세라마이드엔피

[증정 - AHC 프로 샷 히알루로 딥 볼륨 5 캡슐 인퓨즈드 아이크림 포 페이스]
정제수, 글리세린, 부틸렌글라이콜, 카프릴릭/카프릭트라이글리세라이드, 펜틸렌글라이콜, 메틸프로판다이올, 판테놀, 1,2-헥산다이올, 아크릴레이트/C10-30알킬아크릴레이트크로스폴리머, 암모늄아크릴로일다이메틸타우레이트/브이피코폴리머, 세테아릴올리베이트, 하이드로제네이티드폴리데센, 옥틸도데칸올, 솔비탄올리베이트, 트로메타민, 하이드로제네이티드레시틴, 하이드롤라이즈드콜라겐, 에스신, 하이드로제네이티드쌀겨오일, 하이드롤라이즈드하이알루로닉애씨드, 에틸헥실글리세린, 향료, 실리카, 아라비아고무나무검, 아데노신, 소듐파이테이트, 폴리글리세릴-10스테아레이트, 베타-글루칸, 백미꽃추출물, 하이드록시프로필트라이모늄하이알루로네이트, 소듐아세틸레이티드하이알루로네이트, 카페인, 멘틸락테이트, 접시꽃추출물, 토코페롤, 글리세릴리놀리에이트, 수크로오스팔미테이트, 해바라기씨오일, 다이프로필렌글라이콜, 소듐하이알루로네이트, 개구리밥추출물, 소듐하이알루로네이트크로스폴리머, 콜레스테롤, 폴리글리세릴-10라우레이트, 키토산, 세라마이드엔피"
"A000000204638","더후 로얄레지나 에너제틱 리페어 세럼 30ml","더후","30.0","30.0","ml","73000","65700","21900.0","정제수, 부틸렌글라이콜, 다이메티콘, 글리세릴폴리메타크릴레이트, 아이소스테아릴네오펜타노에이트, 나이아신아마이드, 글리세린, 1,2-헥산다이올, 비닐다이메티콘/메티콘실세스퀴옥세인크로스폴리머, 트레할로오스, 산수유열매추출물, 왜당귀뿌리추출물, 해마토코쿠스 플루비알리스추출물, 타임추출물, 소엽잎추출물, 향부자추출물, 지황뿌리추출물, 대추추출물, 영지버섯추출물, 스페인감초뿌리추출물, 귤껍질추출물, 구기자추출물, 뽕나무껍질추출물, 도라지뿌리추출물, 파에오닥틸룸 트리코르누툼추출물, 팔미토일트라이펩타이드-1, 코코넛야자오일, 팔미토일테트라펩타이드-7, 올리브오일, 자아만아이리스뿌리추출물, 로즈마리잎추출물, 클로렐라 미누티시마추출물, 세드롤, 리놀레익애씨드, 베타-시토스테롤, 로즈마리닉애씨드, 우르솔릭애씨드, 쿼세틴, 다이메티콘/비닐다이메티콘크로스폴리머, 판테놀, 소듐폴리아크릴로일다이메틸타우레이트, 스테아릴다이메티콘, 글라이코실트레할로오스, 프로필렌글라이콜, 메틸글루세스-20, 피이지-11메틸에터다이메티콘, 하이드로제네이티드스타치하이드롤리세이트, 폴리솔베이트20, 소듐피씨에이, 페닐트라이메티콘, 폴리아크릴레이트-13, 폴리메틸실세스퀴옥세인, 잔탄검, 다이포타슘글리시리제이트, 폴리아크릴레이트크로스폴리머-6, 다이프로필렌글라이콜, 두날리엘라 살리나추출물, 토코페롤, 하이드로제네이티드폴리아이소부텐, 자이언트켈프추출물, 스클레로튬검, 레시틴, 아데노신, 풀루란, 돌콩오일, 트로메타민, 폴리쿼터늄-51, 폴리글리세릴-10라우레이트, 에틸헥실팔미테이트, 페룰릭애씨드, 알지닌글루타메이트, 변성알코올, 솔비탄아이소스테아레이트, 하이드로제네이티드에틸헥실올리베이트, 트라이소듐이디티에이, 카보머, 소듐락테이트, 달메이션아이리스뿌리추출물, 하이드로제네이티드레시틴, 하이드로제네이티드올리브오일불검화물, 마이카, 적색산화철, 실리카, 향료, 리모넨, 헥실신남알, 리날룰, 시트로넬올, 하이드록시시트로넬알"
"A000000205864","[NCT 재민PICK] 이즈앤트리 어니언 뉴페어 부스터 샷 2000 50ml","이즈앤트리","50.0","50.0","ml","28000","19600","3920.0","정제수, 다이프로필렌글라이콜, 글리세린, 글리세레스-26, 나이아신아마이드, 올리브오일, 에틸헥실팔미테이트, 양파추출물(1,250 ppm), 1,2-헥산다이올, 부틸렌글라이콜, 솔비탄세스퀴올리에이트, 프로판다이올, 소듐아크릴레이트/소듐아크릴로일다이메틸타우레이트코폴리머, 세테아릴올리베이트, 하이드록시아세토페논, 비닐다이메티콘, 폴리아이소부텐, 아크릴레이트/C10-30알킬아크릴레이트크로스폴리머, 솔비탄올리베이트, 하이드롤라이즈드해면, 트로메타민, 소듐폴리아크릴레이트, 에틸헥실글리세린, 아데노신, 카프릴릴/카프릴글루코사이드, 솔비탄올리에이트, 옥수수커넬추출물, 다이소듐이디티에이, 소듐하이알루로네이트, 하이알루로닉애씨드, 하이드롤라이즈드하이알루로닉애씨드, 쇠비름추출물, 프룩탄, 글루코오스, 펜틸렌글라이콜, 하이드롤라이즈드콜라겐, 판테놀, 마데카소사이드, 데실글루코사이드, 폴리글리세릴-10라우레이트, 카프릴릴글라이콜, 포스파티딜콜린, 엑토인, 세라마이드엔피, 레스베라트롤, 알란토인, 베타-시토스테롤"
"A000000206821","[윤곽앰플] 메디톡스 뉴라덤 코어타임 앰플 2개입","뉴라덤","","","","57500","39900","","정제수, 부틸렌글라이콜, 다이프로필렌글라이콜, 메틸프로판다이올, 글리세린, 나이아신아마이드, 스위트아몬드추출물, 백미꽃추출물, 효모/겨우살이발효추출물, 락토바실러스/콩발효추출물, 효모/띠뿌리발효추출물, 바다포도추출물, 청각추출물, 세라마이드엔피, 약모밀추출물, 프랑스해안송껍질추출물, 크랜베리추출물, 라즈베리추출물, 블랙체리열매추출물, 산수유열매추출물, 석류추출물, 소듐하이알루로네이트, 알에이치-올리고펩타이드-1, 알에이치-폴리펩타이드-1, 알에이치-폴리펩타이드-2, 아세틸올리고펩타이드-99아마이드, 포스페이트버퍼드셀라인, 피키아발효추출여과물, 팔미토일펜타펩타이드-4, 팔미토일트라이펩타이드-1, 헥사펩타이드-9, 아세틸헥사펩타이드-8, 트라이펩타이드-1, 카퍼트라이펩타이드-1, 소듐디엔에이, 글루타티온, 엑토인, 라이신, 알지닌, 아스파틱애씨드, 트레오닌, 세린, 글루타믹애씨드, 프롤린, 글라이신, 알라닌, 발린, 메티오닌, 아이소류신, 류신, 타이로신, 페닐알라닌, 히스티딘, 시스테인, 트립토판, 아스파라진, 글루타민, 아데노신, 판테놀, 베타인, 트레할로오스, 알란토인, 폴리프로필실세스퀴옥세인, 비닐다이메티콘, 하이드로제네이티드레시틴, 카프릴릴/카프릴글루코사이드, 포타슘세틸포스페이트, 폴리글리세릴-10미리스테이트, 폴리글리세릴-10라우레이트, 폴리글리세릴-4라우레이트, 소듐폴리아크릴레이트, 카보머, 암모늄아크릴로일다이메틸타우레이트/브이피코폴리머, 스클레로튬검, 낫토검, 트로메타민, 1,2-헥산다이올, 스타아니스추출물, 카프릴릴글라이콜, 다이소듐이디티에이, 향료"
"A000000206961","[투명잡티] 아비브 글루타치온좀 잡티 세럼 비타 드롭 50ml","아비브","50.0","50.0","ml","32000","22400","4480.0","정제수, 부틸렌글라이콜, 나이아신아마이드(50,000ppm), 1,2-헥산다이올, 옥수수전분, 아이리쉬모스추출물, 클로렐라 불가리스추출물, 사탕수수추출물, 병풀잎추출물, 키토산, 사과세포배양추출물, 폴리아크릴레이트크로스폴리머-6, 베타인, 글루코오스, 아크릴레이트/C10-30알킬아크릴레이트크로스폴리머, 트로메타민, 아세틸글루코사민(1,000ppm), 프룩토올리고사카라이드, 프룩토오스, 글리세린, 펜틸렌글라이콜, 에틸헥실글리세린*, 알란토인, 다이프로필렌글라이콜, 아데노신, 글루타티온(250 ppm), 마데카소사이드, 하이드록시프로필메틸셀룰로오스, 하이드로제네이티드레시틴, 베타-글루칸, 콜레스테롤, 아시아티코사이드, 아스코빅애씨드(1,000ppb), 3-O-에틸아스코빅애씨드(500 ppb), 아스코빌글루코사이드(500 ppb), 세라마이드엔피, 토코페롤(250 ppb), 페룰릭애씨드, 락틱애씨드, 다이소듐이디티에이, 카보머, 적색산화철(CI 77491)"
"A000000206967","[비타민C앰플/기미잡티]에스테덤 비타민C2 미백 앰플 10ml","에스테덤","10.0","10.0","ml","74000","59200","59200.0","정제수, 아스코빅애씨드, 글리세린, 프로필헵틸카프릴레이트, 소듐시트레이트, 아스코빌글루코사이드, 글리세릴올리에이트시트레이트, 향료, 펜틸렌글라이콜, 솔비탄세스퀴올리에이트, 폴리아크릴레이트크로스폴리머-6, 1,2-헥산다이올, 카프릴릴글라이콜, 잔탄검, 카프릴릭/카프릭트라이글리세라이드, 소듐클로라이드, 시트릭애씨드, 아미노에탄설피닉애씨드, 카르노신, 포타슘클로라이드, 소듐바이카보네이트, 토코페롤, 다이소듐포스페이트, 마그네슘설페이트, 포타슘포스페이트, 칼슘클로라이드"
"A000000207232","[트러블흔적] 넘버즈인 1번 판토텐산 액티브업 드레싱 파우더","넘버즈인","","","","12000","9900","","디스타치포스페이트,실리카,징크옥사이드,나이아신아마이드,판토테닉애씨드,말토덱스트린,알란토인,칡뿌리추출물,다이포타슘글리시리제이트,카바카바뿌리추출물,마데카소사이드,아시아티코사이드,하이드록시프로필사이클로덱스트린,흰버드나무껍질추출물,석류과피추출물,정제수,덱스트린"
"A000000207750","엠도씨 스킨 포어 타이트너 이엑스 50ml","엠도씨","50.0","50.0","ml","22000","17600","3520.0","정제수,에탄올,메틸메타크릴레이트크로스폴리머,피브이피,소듐아크릴레이트/소듐아크릴로일다이메틸타우레이트코폴리머,부틸렌글라이콜,에난티아 클로란타껍질추출물,자몽추출물,버지니아풍년화추출물,쇠비름추출물,알로에베라잎추출물,수박추출물,레몬추출물,키위추출물,토마토추출물,비치스트로베리추출물,오렌지추출물,자두추출물,병풀추출물,옥수수전분,자일리틸글루코사이드,안하이드로자일리톨,자일리톨,만니톨,알란토인,올레아놀릭애씨드,글루코오스,말토덱스트린,펜틸렌글라이콜,소듐구아이아줄렌설포네이트,솔비탄올리에이트,피이지-60하이드로제네이티드캐스터오일,아이소헥사데칸,카프릴릴글라이콜,폴리솔베이트80,마이크로크리스탈린셀룰로오스,1,2-헥산다이올,벤질글라이콜,에틸헥실글리세린,라즈베리케톤,다이소듐이디티에이,향료"
"A000000208680","후시다인 더마 포어 4D 콜라겐 세럼 50ml","후시다인","50.0","50.0","ml","","38000","7600.0","정제수, 프로판다이올, 메틸프로판다이올, 다이프로필렌글라이콜, 스쿠알란, 글리세린, 베타인, 다이펜타에리스리틸헥사C5-9애씨드에스터, 폴리글리세린-3, 1,2-헥산다이올, 자일리틸글루코사이드, 자일리톨, 자일로오스, 소듐하이알루로네이트, 콜라겐, 콜라겐추출물, 하이드롤라이즈드콜라겐, 수용성콜라겐, 감나무잎추출물, 포도추출물, 잇꽃꽃추출물, 커피콩추출물, 호장근뿌리추출물, 녹차추출물, 밤껍질추출물, 초피나무열매추출물, 네오펜틸글라이콜다이헵타노에이트, 판테놀, 트레할로오스, 하이드록시에틸아크릴레이트/소듐아크릴로일다이메틸타우레이트코폴리머, 하이드로제네이티드레시틴, 다이페닐다이메티콘, 트라이에틸헥사노인, 트로메타민, 소듐다이라우미도글루타미드라이신, 에틸헥실글리세린, 소듐폴리아크릴레이트, 아데노신, 솔비탄아이소스테아레이트, 안하이드로자일리톨, 글리세릴아크릴레이트/아크릴릭애씨드코폴리머, 소듐파이테이트, 부틸렌글라이콜, 베타-글루칸, 팔미토일트라이펩타이드-5, 알지닌, 사이아노코발아민, 토코페롤, 카보머, 잔탄검, 향료"
"A000000208735","[잡티미백 집중케어 / 화제의 쿨톤 세럼] 아렌시아 홀리 히솝 세럼 30 50g","아렌시아","50.0","50.0","g(약 1ml 상당으로 근사)","42000","28600","5720.0","정제수, 부틸렌글라이콜, 프로판다이올, 글리세린, 1,2-헥산다이올, 나이아신아마이드, 메틸프로판다이올, 암모늄아크릴로일다이메틸타우레이트/브이피코폴리머, 아크릴레이트/C10-30알킬아크릴레이트크로스폴리머, 알지닌, 덱스트린, 에틸헥실글리세린, 글리세릴아크릴레이트/아크릴릭애씨드코폴리머, 아데노신, 피브이엠/엠에이코폴리머, 치자추출물, 소듐하이알루로네이트, 히솝추출물, 3-O-에틸아스코빅애씨드, 소듐아스코빌포스페이트, 아스코빅애씨드, 아스코빌글루코사이드, 토코페롤, 판테놀, 피리독신, 아마씨추출물, 쌀추출물, 하이드로제네이티드레시틴, 세라마이드엔피, 글라이코스핑고리피드, 소듐하이알루로네이트크로스폴리머, 포타슘하이알루로네이트, 하이드록시프로필트라이모늄하이알루로네이트, 하이드롤라이즈드소듐하이알루로네이트, 하이드롤라이즈드하이알루로닉애씨드, 하이알루로닉애씨드, 펜틸렌글라이콜, 소듐아세틸레이티드하이알루로네이트"
"A000000208780","[진정탄력] 차앤박 더마앤서 액티브 부스트 PDRN앰플 30ml 기획 (+15ml 증정)","차앤박","30.0","45.0","ml","40000","28000","6222.2","정제수, 글리세린, 다이프로필렌글라이콜, 피이지/피피지/폴리부틸렌글라이콜-8/5/3글리세린, 나이아신아마이드, 비스-피이지-18메틸에터다이메틸실레인, 부틸렌글라이콜, 1,2-헥산다이올, 피이지-7글리세릴코코에이트, 다이메티콘, 베타인, 호호바왁스피이지-120에스터, 메틸프로판다이올, 판테놀, 피이지/피피지-17/6코폴리머, 소듐디엔에이, 락토바실러스발효용해물, 폴리메틸실세스퀴옥세인, 트라이에틸헥사노인, 소듐아크릴레이트/비닐알코올코폴리머, 하이드로제네이티드레시틴, 소듐폴리아크릴레이트, 락토바실러스/콩발효추출물, 아이리쉬모스추출물, 세라마이드엔피, 아크릴레이트/C10-30알킬아크릴레이트크로스폴리머, C14-22알코올, 스쿠알란, 트로메타민, 효모/감자추출물발효여과물, 소듐아크릴릭애씨드/엠에이코폴리머, 효모/보리씨발효여과물, 수크로오스스테아레이트, 로즈마리잎오일, C18-21알케인, 마카다미아씨오일, 폴리글리세릴-10스테아레이트, 스테아릭애씨드, 폴리글리세릴-10올리에이트, 글리세릴아크릴레이트/아크릴릭애씨드코폴리머, 아데노신, 아라키딜글루코사이드, 시어버터, 토코페롤, 팔미틱애씨드, 클레리오일, 소듐하이알루로네이트, 트라이소듐이디티에이, 돌콩오일, 트라이데세스-6, 콜레스테롤, 글리세릴스테아레이트, 트록세루틴, 베타-글루칸, 카보머, 피이지-100스테아레이트, 알지닌, 글루타믹애씨드, 멕시칸주니퍼오일, 글라이코스핑고리피드, 리날룰, 리모넨"
"A000000208911","바이오던스 하이드로 세라놀 앰플 30ml","바이오던스","30.0","30.0","ml","34000","23900","7966.7","정제수, 프로판다이올, 글리세린, 판테놀, 부틸렌글라이콜, 나이아신아마이드 , 1,2-헥산다이올, 펜틸렌글라이콜, 비닐다이메티콘, 카프릴릭/카프릭트라이글리세라이드, 소듐폴리아크릴로일다이메틸타우레이트, 세테아릴올리베이트, 솔비탄올리베이트, 다이페닐실록시페닐트라이메티콘, 암모늄폴리아크릴로일다이메틸타우레이트, 잔탄검, 에틸헥실글리세린, 옥틸도데칸올, 아데노신, 다이소듐이디티에이, 시트릭애씨드, 알란토인, 에키움 플란타기네움씨오일, t-부틸알코올, 하이드로제네이티드레시틴, 세테아릴알코올, 스테아릭애씨드, 들깨추출물, 풍선덩굴꽃/잎/덩굴추출물, 해바라기씨오일불검화물, 토코페롤, 피토스핑고신, 콜레스테롤, 세라마이드엔피, 세라마이드엔에스, 세라마이드에이피, 세라마이드에이에스, 세라마이드이오피, 소듐하이알루로네이트, 하이드록시프로필트라이모늄하이알루로네이트, 소듐아세틸레이티드하이알루로네이트, 하이드롤라이즈드하이알루로닉애씨드, 하이알루로닉애씨드, 하이드롤라이즈드소듐하이알루로네이트, 소듐하이알루로네이트크로스폴리머, 포타슘하이알루로네이트"
"A000000209640","[4가지 일상 잡티 케어] 티엘스 레드 오렌지 나이아신아마이드 세럼 30ml","티엘스","30.0","30.0","ml","","22000","7333.3","정제수, 나이아신아마이드(5%), 다이프로필렌글라이콜, 글리세린, 부틸렌글라이콜, 1,2-헥산다이올, 당귤추출물(8,000ppm), 메틸글루세스-20, 카보머, 글리세릴아크릴레이트/아크릴릭애씨드코폴리머, 알란토인, 알지닌, 폴리글리세릴-10라우레이트, 소듐파이테이트, 아데노신, 불가리스쑥오일, 다이포타슘글리시리제이트, 서양배추출물, 갈바눔수지오일, 사이아노코발아민, 아스코빅애씨드, 폴릭애씨드, 판테놀, 토코페롤"
"A000000210011","[트러블케어/스팟진정] 퍼셀 익스트림 이펙트 터피네올 원액 10ml","퍼셀","10.0","10.0","ml","","25000","25000.0","4-터피네올"
"A000000211220","빌리프 슈퍼드랍스 멀티-7 히알루론 프로즌 세럼 3ml X 6개입","빌리프","3.0","3.0","ml","13000","9300","31000.0","정제수, 변성알코올, 스테아릴헵타노에이트, 1,2-헥산다이올, 다이프로필렌글라이콜, 트레할로오스, 다이메티콘, 유칼립투스잎추출물*, 폴스애플민트잎추출물*, 로즈힙열매추출물*, 레몬밤꽃/잎/줄기수*, 로즈마리잎수*, 타임잎추출물*, 하이드롤라이즈드하이알루로닉애씨드(0.01%), 하이알루로닉애씨드(0.001%), 하이드롤라이즈드소듐하이알루로네이트(0.001%), 소듐하이알루로네이트(0.01%), 하이드록시프로필트라이모늄하이알루로네이트(0.001%), 소듐하이알루로네이트크로스폴리머(0.000001%), 소듐아세틸레이티드하이알루로네이트(0.001%), 카페인, 판테놀, 폴리글리세릴-10스테아레이트, C14-22알코올, 폴리글리세릴-10올리에이트, 카보머, 소듐폴리아크릴레이트스타치, C12-20알킬글루코사이드, 말라카이트추출물, 포타슘하이드록사이드, 다이소듐이디티에이, 나이아신아마이드, 베타인, 소듐글루코네이트, 펜틸렌글라이콜, 에틸헥실글리세린, 카프릴릴글라이콜, 아세틸헥사펩타이드-8, 로즈마리잎오일+, 라임전초오일+, 센티드제라늄꽃오일+, 오렌지껍질오일+, 리모넨, 시트로넬올, 제라니올, 시트랄, 리날룰"
"A000000211602","[흔적케어] 코스알엑스 더 알파 - 알부틴 세럼 50ml","코스알엑스","50.0","50.0","ml","23000","19500","3900.0","정제수, 프로판다이올, 글리세린, 나이아신아마이드, 트라넥사믹애씨드, 아세틸글루코사민, 알파-알부틴(2%), 1,2-헥산다이올, 다이메티콘, 다이메틸아이소소바이드, 다이에톡시에틸석시네이트, 부틸렌글라이콜, 시트릭애씨드, 에탄올, 소듐폴리아크릴로일다이메틸타우레이트, 하이드로제네이티드레시틴, 잔탄검, 소듐메타바이설파이트, 다이소듐이디티에이, 에틸헥실글리세린, 덱스트린, 카카오추출물, 소듐시트레이트, 마데카소사이드, 소듐메틸스테아로일타우레이트, 소듐하이알루로네이트, 토코페롤, 하이드롤라이즈드하이알루로닉애씨드, 소듐하이알루로네이트크로스폴리머, 하이알루로닉애씨드, 페룰릭애씨드, 스페인감초뿌리추출물, 판테놀, 알지닌, 메틸트라이메티콘, 알란토인, 글루타티온, 소듐아세틸레이티드하이알루로네이트"
"A000000212756","차앤박 더마앤서 텐션 앵글핏 레티놀앰플 기획 (30ml+15ml)","차앤박","30.0","45.0","ml","40000","27900","6200.0","정제수, 글리세린, 다이프로필렌글라이콜, 스쿠알란, 메틸트라이메티콘, 1,2-헥산다이올, 판테놀, 부틸렌글라이콜, 알라닐글루타민, 비스-피이지-18메틸에터다이메틸실레인, 카프릴릭/카프릭트라이글리세라이드, 에이치디아이/트라이메틸올헥실락톤크로스폴리머, C14-22알코올, 해바라기씨오일, 다이메티콘, 트레할로오스, 토코페릴아세테이트, 글리세릴스테아레이트, 암모늄아크릴로일다이메틸타우레이트/브이피코폴리머, C12-20알킬글루코사이드, 베헤네스-20, 피이지-100스테아레이트, 알란토인, 트로메타민, 펜틸렌글라이콜, 폴리아크릴레이트-13, 락토바실러스/콩발효추출물, 3-O-에틸아스코빅애씨드, 다이포타슘글리시리제이트, 엑토인, 아크릴레이트/C10-30알킬아크릴레이트크로스폴리머, 효모/감자추출물발효여과물, 4-T-부틸사이클로헥산올, 마카다미아씨오일, 트라이에틸헥사노인, 하이드로제네이티드폴리아이소부텐, 효모/보리씨발효여과물, 하이드로제네이티드레시틴, 아데노신, 아라키딜글루코사이드, 시어버터, 소듐하이알루로네이트, 잔탄검, 돌콩오일, 육두구추출물, 트라이소듐이디티에이, 베타-글루칸, 실리카, 레티놀, 글리세릴베헤네이트, 폴리솔베이트20, 폴리글리세릴-10라우레이트, 에틸헥실팔미테이트, 소듐메타바이설파이트, 스테아릭애씨드, 트록세루틴, 비에이치티, 카보머, 세라마이드엔피, 콜레스테롤, 솔비탄아이소스테아레이트, 알지닌, 글루타믹애씨드, 펜타에리스리틸테트라-다이-T-부틸하이드록시하이드로신나메이트, 폴리카프로락톤, 폴록사머188, 폴리솔베이트60, 세틸팔미테이트, 글리세릴다이스테아레이트, 미리스틸미리스테이트, 소듐스테아로일글루타메이트, 소듐아스코빌포스페이트, 메톡시피이지-12레틴아마이드, 다이메틸아이소소바이드, 베타-카로틴, 당근추출물, 당근씨오일, 토코페롤, 에탄올, 소듐설파이트, 글라이신, 트리스(테트라메틸하이드록시피페리딘올)시트레이트, 하이드록시피나콜론레티노에이트, 카퍼트라이펩타이드-1, 아세틸헥사펩타이드-8, 카프릴릴글라이콜, 로즈마리잎오일, 베티버뿌리오일, 리모넨"
"A000000213146","[단독기획] 이지듀 스킨부스터 샷 앰플 기획 4종 (1ml*7ea+엠티에스 앰플 3.5ml 증정)","이지듀","1.0","4.5","ml","36000","29900","66444.4","[스킨부스터 피디알엔 리프팅 샷 앰플]
정제수, 글리세린, 부틸렌글라이콜, 프로판다이올, 1,2-헥산다이올, 나이아신아마이드, 아이리쉬모스추출물,사탕수수추출물, 아이비고드열매추출물, 한련초추출물, 하이알루로닉애씨드, 하이드롤라이즈드하이알루로닉애씨드,소듐하이알루로네이트, 소듐아스코빌포스페이트, 소듐디엔에이(18ppm), 사이아노코발아민, 에스에이치-올리고펩타이드-1(10ppm), 아세틸헥사펩타이드-8, 팔미토일트라이펩타이드-5, 카퍼트라이펩타이드-1, 아세틸테트라펩타이드-5, 팔미토일펜타펩타이드-4, 아데노신, 다이글리세린, 카프릴릭/카프릭트라이글리세라이드, 판테놀, 하이드로제네이티드레시틴, 에틸헥실글리세린, 하이알루로 닉애씨드/하이드 롤라이즈드콜라겐크로스폴리머, 소듐다이라우미도글루타미드라이신, 트로메타민, 소듐스테아로일글루타메이트, 베타-글루칸, 토코페롤, 솔비탄라우레이트, 하이드록시에틸셀
룰로오스, 아세틸다이펩타이드-1세틸에스터, 다이펩타이드다이아미노부티로일벤질아마이드다이아세테이트, 아크릴레이트/C10-30알킬아크릴레이트크로스폴리머, 에탄올, 잔탄검, 다이소듐이디티에이

[스킨부스터 나이아신 토닝 샷 앰플]
정제수, 나이아신아마이드(21%), 다이프로필렌글라이콜, 글리세린, 부틸렌글라이콜, 1,2-헥산다이올, 알부틴,메틸프로판다이올, 아이리쉬모스추출물, 사탕수수추출물, 인도멀구슬나무꽃추출물, 홀리바질잎추출물, 인도멀구슬나무잎추출물, 소듐하이알루로네이트, 울금뿌리추출물, 참산호말추출물, 사과세포배양추출물, 카프릴릭/카프릭트라이글리세라이드, 판테놀, 소듐스테아로일글루타메이트, 글루타티온, 소듐아스코빌포스페이트, 다이페닐다이메티콘, 하이드로제네이티드레시틴, 에스에이치-올리고펩타이드-1(10ppm), 실리카, 트라이에틸헥사노인, 아크릴레이트/C10-30알킬아크릴레이트크로스폴리머, 에틸헥실글리세린, 하이드롤라이즈드스클레로튬검, 아데노신, 트로메타민, 소듐다이라우미도글루타미드라이신, 바이오사카라이드검-1, 리놀레닉애씨드, 토코페롤, 글루코노락톤, 에탄올, 잔탄검, 다이소듐이디티에이

[스킨부스터 히알루론 글로우샷 앰플]
정제수, 글리세린, 프로판다이올, 부틸렌글라이콜, 1,2-헥산다이올, 나이아신아마이드, 판테놀, 하이드롤라이즈드하이알루로닉애씨드(300ppm), 하이드롤라이즈드소듐하이알루로네이트(300ppm), 다이메틸실란올하이알루로네이트(300ppm), 소듐하이알루로네이트(200ppm), 하이알루로닉애씨드(200ppm), 포타슘하이알루로네이트(200ppm), 하이드록시프로필트라이모늄하이알루로네이트(160ppm), 소듐하이알루로네이트크로스폴리머(160ppm),소듐하이알루로네이트다이메틸실란올(100ppm), 소듐아세틸레이티드하이알루로네이트(80ppm), 아이리쉬모스추출물, 사탕수수추출물, 인도멀구슬나무잎추출물, 인도멀구슬나무꽃추출물, 아이비고드열매추출물, 알로에베라꽃추출물, 가지열매추출물, 홀리바질잎추출물, 참산호말추출물, 울금뿌리추출물, 다이글리세린, 카프릴릭/카프릭트라이글리세라이드, 하이드로제네이티드레시틴, 에틸헥실글리세린, 알란토인, 아데노신, 에스에이치-올리고펩타이드-1(10ppm), 아세틸헥사펩타이드-8, 트로메타민, 소듐다이라우미도글루타미드라이신, 소듐스테아로일글루타메이트, 베타-글루칸, 소듐아스코빌포스페이트, 엑토인, 토코페롤, 에탄올, 잔탄검, 카보머, 다이소듐이디티에이

[스킨부스터 엑소좀 포어샷 앰플]
정제수, 글리세린, 프로판다이올, 1,2-헥산다이올, 부틸렌글라이콜, 아이리쉬모스추출물, 사탕수수추출물, 효모발효여과물(1,800ppm), 스핑고모나스발효추출물, 인도멀구슬나무잎추출물, 하이드롤라이즈드콜라겐, 인도멀구슬나무꽃추출물, 알파-알부틴, 다이글리세린, 글루코노락톤, 소듐시트레이트, 카프릴릭/카프릭트라이글리세라이드, 판테놀, 하이드로제네이티드레시틴, 에틸헥실글리세린, 시트릭애씨드, 트로메타민, 아데노신, 아크릴레이트/C10-30알킬아크릴레이트크로스폴리머, 소듐다이라우미도글루타미드라이신, 소듐스테아로일글루타메이트, 베타-글루칸, 소듐아스코빌포스페이트, 에스에이치-올리고펩타이드-1(10ppm), 아세틸헥사펩타이드-8, 토코페롤, 마이크로크리스탈린셀룰로오스, 셀룰로오스검, 에탄올, 잔탄검, 다이소듐이디티에이, 카보머"
"A000000213152","이지듀 스킨부스터 엠티에스 앰플 3.5ml","이지듀","3.5","3.5","ml","15000","9900","28285.7","카프릴릭/카프릭트라이글리세라이드, 하이드로제네이티드폴리아이소부텐, 덱스트린팔미테이트, 동백나무씨오일, 사과씨오일, 하이드로제네이티드코코넛오일, 해바라기씨오일, 하이드롤라이즈드하이알루로닉애씨드, 하이드롤라이즈드콜라겐, 비사보롤, 하이드롤라이즈드소듐하이알루로네이트, 글리세릴카프릴레이트, 토코페롤, 덱스트린, 소듐디엔에이(10,000ppm), 하이드로제네이티드레시틴, 1,2-헥산다이올, 소듐스테아로일글루타메이트, 글루코노락톤, 소듐아스코빌포스페이트, 에스에이치-올리고펩타이드-1(10ppm), 정제수, 글리세린, 금콜로이드, 폴리글리세릴-10스테아레이트, 판테놀, 나이아신아마이드, 하이드롤라이즈드엘라스틴, 바이오틴, 피리독신, 사이아노코발아민, 베타-카로틴, 리보플라빈, 티아민에이치씨엘, 다이소듐이디티에이, 소듐벤조에이트, 치자추출물,"
"A000000213283","오드로이 레티놀 0.03퍼센트 피어니 앰플 필리디 50ml","오드로이","50.0","50.0","ml","24500","20820","4164.0","모란꽃수(600,074ppm), 정제수, 글리세린, 부틸렌글라이콜, 나이아신아마이드, 카프릴릭/카프릭트라이글리세라이드, 다이부틸아디페이트, 1,2-헥산다이올, 판테놀, 쇠비름추출물, 세테아릴올리베이트, 글리세릴카프릴레이트, 암모늄아크릴로일다이메틸타우레이트/브이피코폴리머, 글리세릴스테아레이트, 솔비탄올리베이트, 카놀라오일, 토코페롤, 향료, 메도우폼씨오일, 하이드록시에틸아크릴레이트/소듐아크릴로일다이메틸타우레이트코폴리머, 하이드롤라이즈드하이알루로닉애씨드, 알란토인, 해바라기씨오일, 아르간커넬오일, 폴리글리세릴-10스테아레이트, 아데노신, 폴리솔베이트20, 레티놀(1,030IU/g), 소듐글루코네이트, 다이포타슘글리시리제이트, 하이드롤라이즈드콜라겐, 소듐하이알루로네이트, 효모/겨우살이발효추출물, 하이드로제네이티드레시틴, 당근씨오일, 당근추출물, 락토바실러스/콩발효추출물, 비에이치티, 효모/띠뿌리발효추출물, 토코페릴아세테이트, 피토스테릴/옥틸도데실라우로일글루타메이트, 베타-카로틴, 비에이치에이, 세라마이드엔피"
"A000000213285","오드로이 76퍼센트 캑터스 세럼 로프디 50ml","오드로이","50.0","50.0","ml","18900","16070","3214.0","보검선인장추출물(76.0088%), 메틸프로판다이올, 글리세린, 1,2-헥산다이올, 트레할로오스, 잔탄검, 하이드록시아세토페논, 카보머, 알지닌, 알란토인, 향료, 하이드롤라이즈드하이알루로닉애씨드, 엑토인, 정제수, 부틸렌글라이콜, 벼캘러스배양추출물, 풍란캘러스배양추출물, 연꽃캘러스배양추출물, 미로탐누스 플라벨리폴리아캘러스배양추출물, 프로판다이올, 소듐하이알루로네이트"
"A000000213287","오드로이 74퍼센트 블랙빈 앰플 로프디 50ml","오드로이","50.0","50.0","ml","18900","16070","3214.0","검정콩추출물, 메틸프로판다이올, 글리세린, 나이아신아마이드, 1,2-헥산다이올, 트레할로오스, 잔탄검, 하이드록시아세토페논, 암모늄아크릴로일다이메틸타우레이트/브이피코폴리머, 알란토인, 정제수, 부틸렌글라이콜, 맥아추출물, 트라넥사믹애씨드, 향료, 엑토인, 효모/겨우살이발효추출물, 락토바실러스/콩발효추출물, 효모/띠뿌리발효추출물"
"A000000213410","반코르 닥터 스쿠알란 속보습 앰플 50ml","반코르","50.0","50.0","ml","24500","20830","4166.0","비피다발효용해물, 부틸렌글라이콜, 글리세린, 스쿠알란, 1,2-헥산다이올, 보스웰리아추출물, 에틸헥실글리세린, 아크릴레이트/C10-30알킬아크릴레이트크로스폴리머, 글리세릴스테아레이트, 알지닌, 카보머, 하이드롤라이즈드하이알루로닉애씨드"
"A000000213411","반코르 닥터 라디아타 잡티세럼 로토 30ml","반코르","30.0","30.0","ml","","29500","9833.3","마트리카리아꽃수, 라디아타소나무껍질추출물, 부틸렌글라이콜, 판테놀, 1,2-헥산다이올, 글리세린, 나이아신아마이드, 정제수, 알지닌, 카보머, 아크릴레이트/C10-30알킬아크릴레이트크로스폴리머, 세테아릴올리베이트, 트라넥사믹애씨드, 하이드롤라이즈드하이알루로닉애씨드, 하이드로제네이티드폴리(C6-14올레핀), 엑토인, 3-O-에틸아스코빅애씨드, 솔비탄올리베이트, 벼캘러스배양추출물, 풍란캘러스배양추출물, 연꽃캘러스배양추출물, 미로탐누스 플라벨리폴리아캘러스배양추출물, 프로판다이올, 소듐하이알루로네이트, 타타릭애씨드, 소듐글루코네이트, 향료, 에틸헥실글리세린, 카프릴릭/카프릭트라이글리세라이드, 레시틴, 하이드롤라이즈드콜라겐, 펜틸렌글라이콜, 하이드로제네이티드레시틴, 폴리솔베이트20, 마데카소사이드, 피토스테릴/옥틸도데실라우로일글루타메이트, 세라마이드엔피, 소듐아스코빌포스페이트, 에스에이치-폴리펩타이드-11, 다이소듐이디티에이"
"A000000213952","연작 카밍 앤 컴포팅 앰플 40ml","연작","40.0","40.0","ml","40000","34000","8500.0","정제수,프로판다이올,부틸렌글라이콜,메틸프로판다이올,글리세린,1,2-헥산다이올,다이프로필렌글라이콜,병풀추출물,소듐하이알루로네이트,황금추출물,호장근뿌리추출물,황벽나무껍질추출물,녹차추출물,스페인감초뿌리추출물,인도멀구슬나무꽃추출물,마트리카리아꽃추출물,로즈마리잎추출물,광곽향오일,인도멀구슬나무잎추출물,개똥쑥추출물,황련뿌리추출물,녹두씨추출물,삼백초추출물,울금뿌리추출물,홀리바질잎추출물,카카오씨추출물,참산호말추출물,고삼뿌리추출물,쇠비름추출물,C12-14파레스-12,판테놀,에틸헥실글리세린,트로메타민,소듐파이테이트,덱스트린,토코페롤,잔탄검,카보머"
"A000000214272","[OY단독/1위세럼] 키엘 울트라 퓨어 하이-포텐시 세럼 9.8% 글라이콜릭애씨드 30ml","키엘","30.0","30.0","ml","49000","33070","11023.3","정제수 글라이콜릭애씨드 글리세린 변성알코올 소듐하이드록사이드 소듐하이알루로네이트 하이드록시에틸셀룰로오스"
"A000000216836","[재구매1위/깐달걀세럼] 파넬 아하 오미자 도자기 워시오프 세럼 30ml","파넬","30.0","30.0","ml","29000","19900","6633.3","정제수,락틱애씨드,트로메타민,글리세린,다이프로필렌글라이콜,글리세레스-26,부틸렌글라이콜,메틸프로판다이올,오미자수,1,2-헥산다이올,하이드록시에틸셀룰로오스,하이드록시아세토페논,폴리글리세릴-10라우레이트,에틸헥실글리세린,다이소듐이디티에이,인도멀구슬나무꽃추출물,홀리바질잎추출물,알란토인,인도멀구슬나무잎추출물,울금뿌리추출물,사이아노코발아민,참산호말추출물,락토바실러스발효물,비니거,하이드로제네이티드레시틴,콜레스테롤,아스코빅애씨드,카프릴로일살리실릭애씨드,글루타티온,글루코노락톤,살리실릭애씨드,글라이콜릭애씨드,프로판다이올,바쿠치올,하이알루로닉애씨드,나이아신아마이드,판테놀,판토테닉애씨드,글리세릴올리에이트,라우릴글루코사이드,미리스틸글루코사이드,폴리글리세릴-6라우레이트,토코페롤,시트릭애씨드"
"A000000219082","[모공축소] 리얼베리어 레티니올 모공 타이트닝 세럼 30ml 기획 (+10ml)","리얼베리어","30.0","40.0","ml","","32000","8000.0","정제수, 다이프로필렌글라이콜, 글리세린, 베타인, 글리세레스-26, 프로판다이올, 1,2-헥산다이올, 나이아신아마이드, 메틸프로판다이올, 마카다미아씨오일, 자일리틸글루코사이드, 시어버터, 자일리톨, 소듐하이알루로네이트, 키토산, 잇꽃씨오일, 멕시칸치아씨오일, 하이드롤라이즈드하이알루로닉애씨드, 하이알루로닉애씨드, 콜라겐추출물, 펜틸렌글라이콜, 폴리글리세린-3, 토코페릴아세테이트, 판테놀, 메틸메타크릴레이트크로스폴리머, 글리세릴폴리메타크릴레이트, 하이드로제네이티드레시틴, C12-14알케스-12, 스쿠알란, 하이드로제네이티드폴리데센, 카프릴릭/카프릭트라이글리세라이드, 안하이드로자일리톨, 아크릴레이트/C10-30알킬아크릴레이트크로스폴리머, 소듐폴리아크릴로일다이메틸타우레이트, 폴리글리세릴-3메틸글루코오스다이스테아레이트, 부틸렌글라이콜, 레티놀(1,020ppm), 알란토인, 바쿠치올(1,000ppm), 소듐스테아로일글루타메이트, 트로메타민, 다이에틸헥실시링질리덴말로네이트, 소듐폴리아크릴레이트, 유채스테롤, 에틸헥실글리세린, 다이포타슘글리시리제이트, 아데노신, 콜레스테롤, 폴리글리세릴-10라우레이트, 소듐파이테이트, 피토스테릴/베헤닐/옥틸도데실라우로일글루타메이트, 알루미늄/마그네슘하이드록사이드스테아레이트, 펜타에리스리틸테트라-다이-t-부틸하이드록시하이드로신나메이트, 포타슘세틸포스페이트, 트리스(테트라메틸하이드록시피페리딘올)시트레이트, 비스-카프릴로일옥시팔미타미도아이소프로판올, 다이하이드록시아이소프로필팔모일팜아마이드, 미리스토일/팔미토일옥소스테아라마이드/ 아라카마이드엠이에이, 토코페롤, 세라마이드엔피, 피토스테롤, 리놀레익애씨드, 리놀레닉애씨드, 폴리글리세릴-10올리에이트, 수크로오스팔미테이트, 다이메틸실란올하이알루로네이트, 하이드롤라이즈드소듐하이알루로네이트, 하이드롤라이즈드엘라스틴, 포타슘하이알루로네이트, 하이드록시프로필트라이모늄하이알루로네이트, 소듐하이알루로네이트크로스폴리머, 소듐하이알루로네이트다이메틸실란올, 소듐아세틸레이티드하이알루로네이트, 잔탄검"
"A000000219128","셀올로지 블루 이레이저 세럼 15ml (세럼/리필2입)","셀올로지","15.0","30.0","ml","","39800","13266.7","티트리잎수, 부틸렌글라이콜, 다이프로필렌글라이콜, 정제수, 나이아신아마이드, 1,2-헥산다이올, 글리세린, 하이드록시아세토페논, 트로메타민, 카보머, 베타인, 만니톨, 타마린드씨추출물, 질경이씨추출물, 연꽃뿌리추출물, 얌빈뿌리추출물, 마시멜로뿌리추출물, 콘민트추출물, 유칼립투스잎추출물, 알로에베라잎추출물, 레몬그라스추출물, 옥틸도데세스-16, 다이메틸설폰, 하이드록시에틸셀룰로오스, 마이크로크리스탈린셀룰로오스, 아데노신, 소듐글루코네이트, 수크로오스, 카프릴릴글라이콜, 옥수수전분, 인도멀구슬나무잎추출물, 인도멀구슬나무꽃추출물, 판테놀, 멘톨, 하이드롤라이즈드해면, 마데카소사이드, 아이비고드열매추출물, 하이드록시프로필메틸셀룰로오스, 카프릴릭/카프릭트라이글리세라이드, 에리스리톨, 소듐피씨에이, 유칼립투스잎오일, 알로에베라꽃추출물, 가지열매추출물, 울트라마린, 아시아티코사이드, 광곽향오일, 홀리바질잎추출물, 케이프알로에잎추출물, 소듐하이알루로네이트, 만델릭애씨드, 참산호말추출물, 울금뿌리추출물, 클레리오일, 로즈마리잎오일, 칡뿌리추출물, 대왕소나무잎추출물, 당느릅나무뿌리추출물, 달맞이꽃꽃추출물"
"A000000219528","디마르3 모공 앰플 30ml 리필 증정기획 (+리필팩 30ml)","디마르3","30.0","60.0","ml","","35000","5833.3","정제수, 글리세린, 메틸프로판다이올, 부틸렌글라이콜, 글리세레스-26, 1,2-헥산다이올, 나이아신아마이드, 베타인, 에탄올, 트레할로오스, 병풀추출물, 무화과추출물, 소엽맥문동뿌리추출물, 노티드랙추출물, 엘더꽃추출물, 월귤잎추출물, 오레가노잎추출물, 편백잎추출물, 흰버드나무껍질추출물, 에델바이스꽃/잎추출물, 락토바실러스/콩발효추출물, 쇠비름추출물, 육계나무껍질추출물, 황금추출물, 당아욱꽃/잎/줄기추출물, 레이디스맨틀꽃/잎/줄기추출물, 페루기네움철쭉추출물, 레몬밤잎추출물, 페퍼민트잎추출물, 서양톱풀꽃/잎/줄기추출물, 스피드웰꽃/잎/줄기추출물, 카우슬립꽃추출물, 하이드로제네이티드레시틴, 소듐하이알루로네이트, 폴리글리세릴-10라우레이트, 판테놀, 카보머, 트로메타민, 셀룰로오스검, 글리세릴폴리메타크릴레이트, 아데노신, 다이소듐이디티에이, 카라멜, 세라마이드엔피, 프로필렌글라이콜, 말토덱스트린, 아라비아고무나무검, 시트릭애씨드, 화산재, 토코페롤, 다이소듐포스페이트, 피토스핑고신, 향료, 펜틸렌글라이콜, 카프릴릴글라이콜, 에틸헥실글리세린, 소듐벤조에이트, 포타슘솔베이트, 리날룰"
"A000000219603","[흔적케어/비타민X스피큘] 셀퓨전씨 토닝C 비타 샷 앰플 20g 더블기획","셀퓨전씨","20.0","40.0","g(약 1ml 상당으로 근사)","","41000","10250.0","정제수, 아스코빅애씨드, 프로판다이올, 다이프로필렌글라이콜, 다이카프릴릴카보네이트, 부틸렌글라이콜, 페닐트라이메티콘, 코코-카프릴레이트/카프레이트, 글리세릴스테아레이트, 1,2-헥산다이올, 비닐다이메티콘, 폴리글리세릴-3다이스테아레이트, 소듐하이드록사이드, C12-14알케스-12, 피이지-100스테아레이트, 토코페롤, 알파-비사보롤, 판테놀, 소듐스테아로일글루타메이트, 폴리아크릴레이트크로스폴리머-6, 하이드롤라이즈드스클레로튬검, 잔탄검, 글리세릴스테아레이트시트레이트, 글루타티온, 페룰릭애씨드, 에틸헥실글리세린, 소듐하이알루로네이트, 풀루란, 아데노신, 하이드롤라이즈드해면, 오렌지꽃오일, 리씨열매오일, 다이소듐이디티에이, 자몽껍질오일, 베타-글루칸, 글리세린, 베르가모트오일, 스피어민트잎오일, 바추잎잎추출물, 락토바실러스발효물, 솔비톨, 해바라기씨오일, 수크로오스스테아레이트, 카프릴릭/카프릭트라이글리세라이드, 베타-카로틴, 헤스페리딘, 에르고티오네인, 리모넨, 리날룰, 시트랄"
"A000000219676","[미백원액세럼][NEW]메디큐브 PDRN 핑크 원데이 세럼(1.5ml*10ea)","메디큐브","1.5","1.5","ml","21800","14000","93333.3","정제수, 글리세린, 부틸렌글라이콜, 폴리글리세린-3, 메틸프로판다이올, 나이아신아마이드, 글리세레스-26, 1,2-헥산다이올, 베타인, 피이지-8, 메틸글루세스-20, 메틸글루세스-10, 카보머, 트로메타민, 판테놀, 에틸헥실글리세린, C12-14알케스-12, 글리세릴아크릴레이트/아크릴릭애씨드코폴리머, 잔탄검, 아데노신, 다이소듐이디티에이, 사카라이드하이드롤리세이트, 사이아노코발아민, 연어알추출물, 폴리글리세릴-10라우레이트, 하이드로제네이티드레시틴, 수용성엘라스틴, 소듐디엔에이, 마이크로크리스탈린셀룰로오스, 소듐하이알루로네이트, 셀룰로오스검, 하이알루로닉애씨드, 수용성콜라겐, 소듐하이알루로네이트크로스폴리머, 하이드롤라이즈드소듐하이알루로네이트, 하이드롤라이즈드하이알루로닉애씨드, 글루타티온, 솔비탄라우레이트, 소듐아세틸레이티드하이알루로네이트, 하이드록시프로필트라이모늄하이알루로네이트, 하이드록시에틸셀룰로오스, 아세틸다이펩타이드-1세틸에스터"
"A000000219871","[광채/보습/기미/잡티] 네오젠 더블 비타 스팟 토닝 세럼 30ml","네오젠","30.0","60.0","ml","","34000","5666.7","정제수, 다이페닐실록시페닐트라이메티콘 , 카프릴릭/카프릭트라이글리세라이드, 아이소노닐아이소노나노에이트, 프로판다이올, 나이아신아마이드, 1,2-헥산다이올, 글리세린, 부틸렌글라이콜, 캐스터오일/아이피디아이코폴리머, C12-14알케스-12, 아크릴레이트/C10-30알킬아크릴레이트크로스폴리머, 트로메타민, 잔탄검, 향료, 에틸헥실글리세린, 하이드록시에틸셀룰로오스, 리모넨, 알지닌, 카보머, 하이드로제네이티드레시틴, 아모다이메티콘, 알란토인, 벤질벤조에이트, 폴리글리세릴-10라우레이트, 리날룰, 헥실신남알, 메도우폼씨오일, 황련뿌리추출물, 시트릭애씨드, 호호바씨오일, 글라이콜릭애씨드, 아스코빌테트라이소팔미테이트, 판테놀, 카프릴릴글라이콜, 소듐아스코빌포스페이트, 소듐하이알루로네이트, 라임추출물, 병풀추출물, 알로에베라잎추출물, 유자추출물, 글루타티온, 알부틴, 트라넥사믹애씨드, 글루코오스, 피토스테릴/옥틸도데실라우로일글루타메이트, 하이드록시데실유비퀴논, 이눌린라우릴카바메이트, 세라마이드엔피, 아이리쉬모스추출물, 하이드롤라이즈드하이알루로닉애씨드, 하이알루로닉애씨드, 소듐아세틸레이티드하이알루로네이트, 하이드록시프로필트라이모늄하이알루로네이트, 소듐하이알루로네이트크로스폴리머, 포타슘하이알루로네이트, 하이드롤라이즈드소듐하이알루로네이트, 아스코빅애씨드, 바이오틴, 피리독신, 폴릭애씨드, 티트리잎추출물, 사이아노코발아민, 토코페롤, 리보플라빈, 티아민에이치씨엘, 리놀레익애씨드, 베타-카로틴"
"A000000222321","[NEW]바이오더마 세비엄 세럼 30ml","바이오더마","30.0","30.0","ml","","50000","16666.7","정제수, 부틸렌글라이콜, 글리세린, 프로판다이올, 아세틸글루코사민, 펜틸렌글라이콜, 살리실릭애씨드, 잔탄검, 폴리솔베이트20, 소듐시트레이트, 하이드롤라이즈드하이알루로닉애씨드, 만니톨, 소듐하이드록사이드, 프로필갈레이트, 소듐메타바이설파이트, 향료, 아미노에탄설피닉애씨드 (BI 2068 V1)"
"A000000222860","아이오페 비타민C 엑스퍼트 25% 항산화 토닝 앰플 23ml 기획 (+필패드 1매 + 선앰플 10ml)","아이오페","23.0","33.0","ml","55000","44000","13333.3","정제수, 아스코빅애씨드, 프로필렌글라이콜, 프로판다이올, 베타인, 변성알코올, 3-O-에틸아스코빅애씨드, 아이소펜틸다이올, 판테놀, 다이메틸아이소소바이드, 부틸렌글라이콜, 피피지-13-데실테트라데세스-24, 글루코노락톤, 포타슘하이드록사이드, 펜틸렌글라이콜, 글루타티온, 아세틸글루코사민, 소듐메타포스페이트, 향료, 치자추출물, 아스코빌글루코사이드, 아스코빌테트라이소팔미테이트, 잔탄검, 페룰릭애씨드, 리모넨, 덱스트린, 서양톱풀추출물"
"A000000222907","[쿨링입문템/4계절쿨링] 셀퓨전씨 포스트 알파 쿨링 스킨 부스터 세럼 150ml+30ml 기획세트","셀퓨전씨","150.0","180.0","ml","28000","22500","1250.0","정제수, 메틸프로판다이올, 글리세린, 다이프로필렌글라이콜, 나이아신아마이드, 효모발효여과물, 1,2-헥산다이올, 에리스리톨, 자일리톨, 폴리글리세릴-10라우레이트, 부틸렌글라이콜, 다발방패버섯추출물, 카보머, 트레할로오스, 아데노신, 트로메타민, 알란토인, 다이포타슘글리시리제이트, 메틸다이아이소프로필프로피온아마이드, 탄닉애씨드, 빙하수, 카페인, 토코페롤, 소듐하이알루로네이트, 하이드롤라이즈드익스텐신, 커피콩추출물, 펜틸렌글라이콜, 카프릴릴글라이콜, 글라이신, 글루타믹애씨드, 알지닌, 에틸헥실글리세린, 다이소듐이디티에이"
"A000000223619","[흔적미백/PDRN] 차앤박 더마앤서 핑크토닝 딥인샷 앰플 30ml","차앤박","30.0","30.0","ml","40500","28900","9633.3","정제수, 부틸렌글라이콜, 2,3-부탄다이올, 나이아신아마이드3), 1,2-헥산다이올, 펜틸렌글라이콜, 트라넥사믹애씨드3), 글리세린, 비스-에톡시다이글라이콜사이클로헥산1,4-다이카복실레이트, 프로판다이올, 판테놀, 바이오틴, 팔미토일트라이펩타이드-1, 팔미토일테트라펩타이드-7, 띠뿌리추출물, 하이드록시에틸셀룰로오스, 하이드롤라이즈드해면2), 알지닌2), 카보머, 아크릴레이트/C10-30알킬아크릴레이트크로스폴리머, 알란토인, 트로메타민, 소듐하이알루로네이트2), 카프릴릴글라이콜, 베타-글루칸, 로즈마리잎오일, 소듐시트레이트, 사이아노코발아민3), 알지닌/라이신폴리펩타이드2), 클레리오일, 소듐디엔에이1), 소듐락테이트, 석시닉애씨드2), 다이소듐포스페이트, 시트릭애씨드, 멕시칸주니퍼오일, 소듐포스페이트, 왜당귀뿌리추출물, 삽주뿌리줄기추출물, 스페인감초뿌리추출물, 작약뿌리추출물, 모란뿌리추출물, 질경이추출물, 복숭아씨추출물, 황금추출물, 소르빅애씨드, 폴리솔베이트20, 다이소듐이디티에이, 폴리솔베이트60"
"A000000224325","[장벽결광] 퍼셀 픽셀바이옴 글로우 배리어 유산균 세럼 50ml","퍼셀","50.0","50.0","ml","32000","23000","4600.0","확정세포배양액9, 부틸렌글라이콜, 비피다발효용해물(12.5%), 락토바실러스발효용해물(12.5%), 글리세린, 정제수, 효모/헥사펩타이드-11발효여과추출물, 1,2-헥산다이올, 나이아신아마이드, 에톡시다이글라이콜, 마카다미아씨오일, 소듐하이알루로네이트, 시어버터, 하이드롤라이즈드콜라겐, 펜틸렌글라이콜, 트레할로오스, 아크릴레이트/C10-30알킬아크릴레이트크로스폴리머, 암모늄아크릴로일다이메틸타우레이트/브이피코폴리머, 트로메타민, 에틸헥실글리세린, 스쿠알란, 하이드로제네이티드폴리데센, 아데노신, 폴리글리세릴-3메틸글루코오스다이스테아레이트, 글루코노락톤, 소듐파이테이트, 베타-글루칸, 토코페롤, 카르니틴, 살리실릭애씨드, 폴리글리세릴-10올리에이트, 하이드로제네이티드레시틴, 잔탄검"
"A000000224647","[티아미돌입문세럼/광채홈케어] 유세린 이븐래디언스 일루미네이팅 세럼 30ml","유세린","30.0","30.0","ml","58000","35900","11966.7","정제수,글리세린,변성알코올,세틸알코올,다이부틸아디페이트,카프릴릭/카프릭트라이글리세라이드,다이카프릴릴카보네이트,프로필헵틸카프릴레이트,페녹시에탄올,에틸헥실글리세린,다이메티콘,향료,소듐하이알루로네이트,카보머,트라이소듐이디티에이,아이소부틸아미도티아졸릴레조시놀,소듐스테아로일글루타메이트,소듐하이드록사이드,소듐클로라이드,토코페롤"
"A000000224994","[모공PDRN/모공리프팅] 리쥬란 더마 힐러 포어 타이트닝 앰플 30ml 기획(앰플10ml+토너패드 2매*2ea)","리쥬란","30.0","40.0","ml","47000","34900","8725.0","정제수, 부틸렌글라이콜, 글리세린, 알로에베라잎즙, 오이열매추출물, 나이아신아마이드, 1,2-헥산다이올, 버지니아풍년화추출물, 글루코노락톤, 락틱애씨드, 하이드롤라이즈드디엔에이, 다이프로필렌글라이콜, 카프릴릭/카프릭트라이글리세라이드, 글라이콜릭애씨드, 소듐하이드록사이드, 소듐하이알루로네이트, 잔탄검, 귀리커넬추출물, 포트마리골드추출물, 프로판다이올, 카라멜, 흰버드나무껍질추출물, 라미나리아 오크롤레우카추출물, 살리실릭애씨드, 알란토인, 다이소듐이디티에이, 에틸헥실글리세린, 아라비아고무나무검, 아데노신, 펜틸렌글라이콜, 소듐만노오스포스페이트, 만노오스, 라이신, 베르가모트오일, 라벤더오일, 프롤린, 카퍼설페이트, 서양톱풀추출물, 카프릴로일살리실릭애씨드, 자몽껍질오일"
"A000000225604","[흔적잡티케어/PDRN] 차앤박 더마앤서 핑크토닝 딥인샷 앰플 30ml 기획 (+15ml)","차앤박","30.0","45.0","ml","40500","28900","6422.2","정제수, 부틸렌글라이콜, 2,3-부탄다이올, 나이아신아마이드, 1,2-헥산다이올, 펜틸렌글라이콜, 트라넥사믹애씨드, 글리세린, 비스-에톡시다이글라이콜사이클로헥산1,4-다이카복실레이트, 프로판다이올, 판테놀, 바이오틴, 팔미토일트라이펩타이드-1, 팔미토일테트라펩타이드-7, 띠뿌리추출물, 하이드록시에틸셀룰로오스, 실리카, 알지닌, 카보머, 아크릴레이트/C10-30알킬아크릴레이트크로스폴리머, 알란토인, 트로메타민, 소듐하이알루로네이트, 카프릴릴글라이콜, 베타-글루칸, 로즈마리잎오일, 소듐시트레이트, 사이아노코발아민, 알지닌/라이신폴리펩타이드, 클레리오일, 소듐디엔에이, 소듐락테이트, 석시닉애씨드, 다이소듐포스페이트, 시트릭애씨드, 멕시칸주니퍼오일, 소듐포스페이트, 왜당귀뿌리추출물, 삽주뿌리줄기추출물, 스페인감초뿌리추출물, 작약뿌리추출물, 모란뿌리추출물, 질경이추출물, 복숭아씨추출물, 황금추출물, 소르빅애씨드, 폴리솔베이트20, 다이소듐이디티에이, 폴리솔베이트60"
"A000000226498","[1등미백앰플] 메디큐브 PDRN 핑크 앰플 30ml 기획 (본품+리필 50ML+겔패드 2매입*2개)","메디큐브","30.0","80.0","ml","46000","24500","3062.5","정제수,글리세린,다이프로필렌글라이콜,아이소프로필미리스테이트,글리세레스-26,나이아신아마이드,1,2-헥산다이올,소듐디엔에이,부틸렌글라이콜,폴리글리세린-3,소듐아크릴레이트/소듐아크릴로일다이메틸타우레이트코폴리머,폴리아이소부텐,아크릴레이트/C10-30알킬아크릴레이트크로스폴리머,이리추출물,트로메타민,글리세릴아크릴레이트/아크릴릭애씨드코폴리머,피브이엠/엠에이코폴리머,에틸헥실글리세린,카프릴릴글라이콜,향료,인도멀구슬나무잎추출물,아데노신,카프릴릴/카프릴글루코사이드,솔비탄올리에이트,인도멀구슬나무꽃추출물,소듐하이알루로네이트,다이소듐이디티에이,울금뿌리추출물,사이아노코발아민,하이드롤라이즈드콜라겐,유비퀴논,홀리바질잎추출물,참산호말추출물,팔미토일펜타펩타이드-4,팔미토일트라이펩타이드-1,팔미토일테트라펩타이드-7,카퍼트라이펩타이드-1,아세틸헥사펩타이드-8,연어알추출물,아텔로콜라겐"
"A000000226568","[미백&주름개선] NEW 닥터자르트 브라이타민 브라이트닝 세럼 앰플","닥터자르트","","","","44000","19900","","비타민 볼 )  아스코빅애씨드, 나이아신아마이드, 하이알루로닉애씨드, 소듐하이알루로네이트, 소듐아세틸레이티드하이알루로네이트, 판테놀, 사이아노코발아민, 아데노신, 시트릭애씨드, 황색4호 (CI 19140) 
액상 세럼 ) 정제수, 메틸글루세스-20, 나이아신아마이드, 폴리글리세린-3, 1,2-헥산다이올, 글리세린, 아데노신, 아세틸헥사펩타이드-1, 잔탄검, 시트릭애씨드, 소듐시트레이트, 소듐파이테이트, 페녹시에탄올"
"A000000226952","[생기/항산화 세럼]눅스 프로디쥬스 글로우 부스트 세럼 30ml 기획(+플로럴오일 10ml 증정)","눅스","30.0","40.0","ml","","59000","14750.0","오렌지수, 아스코빌글루코사이드, 멕시칸치아씨추출물, 정제수, 펜틸렌글라이콜, 글리세린, 소듐하이드록사이드, 소듐벤조에이트, 소듐하이알루로네이트, 레불리닉애씨드, 카라기난, 소듐글루코네이트, 잔탄검, 시트릭애씨드, 소듐레불리네이트, 락토바실러스발효물, 향료, 리날룰"
"A000000227984","[피지/모공케어 로션] 유리아쥬 이제악 3-레귤+ 40ML","유리아쥬","40.0","40.0","ml","32000","28800","7200.0","정제수, 온천수*, 에탄올, 글리세린, 다이글리세린, 아이소도데케인, 아이소데실네오펜타노에이트, 알루미늄전분옥테닐석시네이트, 부틸렌글라이콜, 폴리메틸메타크릴레이트, 피티에프이, 세테아릴아이소노나노에이트, 다이메티콘, 다이메티콘/비스-아이소부틸피피지-20크로스폴리머, 폴리아크릴레이트-13, 세틸알코올, 라우릴글루코사이드, 폴리글리세릴-2다이폴리하이드록시스테아레이트, 폴리아이소부텐, 아크릴레이트/C10-30알킬아크릴레이트크로스폴리머, 소듐폴리아크릴레이트, 렌틸콩추출물, o-사이멘-5-올, 소듐하이드록사이드, 폴리솔베이트20, 솔비탄아이소스테아레이트, 페녹시에탄올, 창과감초뿌리추출물, 에틸헥실글리세린, 토코페롤, 청색1호, 향료 *100,000ppm"
"A000000228256","더마팩토리 리얼베라 모공세럼 30ml","더마팩토리","30.0","30.0","ml","","8000","2666.7","비피다발효용해물, 에탄올, 알로에베라잎추출물, 프로판다이올, 정제수, 1,2-헥산다이올, 나이아신아마이드, 아이소노닐아이소노나노에이트, 글리세린, 폴리글리세릴-4카프레이트, 카프릴릭/카프릭트라이글리세라이드, 하이드롤라이즈드호호바에스터, 부틸렌글라이콜, 암모늄아크릴로일다이메틸타우레이트/브이피코폴리머, 알지닌, 아크릴레이트/C10-30알킬아크릴레이트크로스폴리머, 향료, 에틸헥실글리세린, 아데노신, 다이소듐이디티에이, 소듐하이알루로네이트, 하이드록시프로필트라이모늄하이알루로네이트, 소듐아세틸레이티드하이알루로네이트, 하이드롤라이즈드하이알루로닉애씨드, 하이알루로닉애씨드, 소듐하이알루로네이트크로스폴리머, 하이드롤라이즈드소듐하이알루로네이트, 포타슘하이알루로네이트"
"A000000229191","울트라브이 이데베논 프레스티지 앰플 10ml","울트라브이","10.0","10.0","ml","13900","11260","11260.0","[1제]정제수,부틸렌글라이콜,글리세린,피이지-40캐스터오일,하이드로제네이티드레시틴,카프릴릭/카프릭트라이글리세라이드,돌콩스테롤,1,2-헥산다이올,하이드록시데실유비퀴논(13,200ppm),리모넨,베르가모트오일,토코페릴아세테이트,리날룰,시트랄
[2제]정제수,부틸렌글라이콜,갈락토미세스발효여과물,글리세린,나이아신아마이드,1,2-헥산다이올,요엽후박나무껍질추출물,판테놀,락토바실러스발효물,병풀추출물,암모늄아크릴로일다이메틸타우레이트/브이피코폴리머,소듐하이알루로네이트,페녹시에탄올,찔레꽃열매추출물,비자나무추출물,죽절초추출물,산딸나무추출물,파초추출물,프로판다이올,에틸헥실글리세린,피브이엠/엠에이코폴리머,소듐폴리아크릴레이트,소듐하이알루로네이트크로스폴리머,아데노신,셀룰로오스검,하이드롤라이즈드글라이코사미노글리칸,폴리쿼터늄-51,서양산딸기추출물,로우스위트블루베리추출물,아사이팜열매추출물,폴리글루타믹애씨드,크랜베리추출물,빌베리열매추출물,라즈베리추출물,비치스트로베리추출물,흰목이버섯포자낭과추출물,벤질글라이콜,카프릴릴글라이콜,하이드롤라이즈드하이알루로닉애씨드,소듐디엔에이,펜틸렌글라이콜,하이드로제네이티드레시틴,소듐포스페이트,아세틸헥사펩타이드-8,락토바실러스/호밀가루발효물,락토바실러스/소이밀크발효여과물,바실러스/소이빈발효추출물,소듐클로라이드,퉁퉁마디추출물,팔미토일테트라펩타이드-7,가시오가피추출물,맥문동뿌리추출물,하이알루로닉애씨드,팔미토일트라이펩타이드-1,라즈베리케톤,카보머,아텔로콜라겐,데사미도콜라겐,사과추출물,폴리솔베이트20,소듐락테이트,하이드롤라이즈드콜라겐,알에이치-올리고펩타이드-1,수용성콜라겐,소듐아세틸레이티드하이알루로네이트,콜라겐,콜라겐아미노산,블랙체리열매추출물,판토테닉애씨드,폴릭애씨드,피리독신,티아민에이치씨엘,프로콜라겐,에스에이치-올리고펩타이드-5,사이아노코발아민,리보플라빈"
"A000000229219","랑콤 제니피끄 세럼 30ml","랑콤","30.0","30.0","ml","126000","100400","33466.7","정제수 비피다발효용해물 글리세린 펜틸렌글라이콜 다이메티콘 부틸렌글라이콜 옥틸도데칸올 만노오스 소듐하이알루로네이트 하이드록시아세토페논 카프릴릴글라이콜 암모늄폴리아크릴로일다이메틸타우레이트 알파-글루칸올리고사카라이드 다이포타슘글리시리제이트 테트라소듐글루타메이트다이아세테이트 효모추출물 소듐카복시메틸베타-글루칸 아데노신 잔탄검 야콘뿌리즙 소듐벤조에이트 말토덱스트린 시트릭애씨드 아세틱애씨드 락틱애씨드 향료 살리실로일피토스핑고신 락토바실러스"
"A000000229225","유리아쥬 이제악 뉴스킨 세럼 30ml","유리아쥬","30.0","30.0","ml","48000","37400","12466.7","정제수, 변성알코올, 온천수*, 폴리글리세릴-4카프레이트, 1,2-헥산다이올, 다이글리세린, 글라이콜릭애씨드, 말릭애씨드, 락틱애씨드, 프로판다이올, 소듐하이드록사이드, 잔탄검, 부틸렌글라이콜, 향료, 피토스핑고신, 펜틸렌글라이콜, 징크락테이트, 아시아티코사이드, 스클레로튬검, 알진, 서양톱풀추출물, 창과감초뿌리추출물, 람노오스, 글루코오스, 글루쿠로닉애씨드 *50,000ppm"
"A000000229489","아이오페 XMD 스템3 클리니컬 리커버리 세럼 30ml","아이오페","30.0","30.0","ml","63000","53550","17850.0","정제수, 부틸렌글라이콜, 글리세린, 다이프로필렌글라이콜, 나이아신아마이드, 베타인, 카프릴릭/카프릭트라이글리세라이드, 1,2-헥산다이올, 다이메티콘, 암모늄아크릴로일다이메틸타우레이트/브이피코폴리머, 폴리글리세릴-6카프릴레이트, 폴리글리세릴-4카프레이트, 프로판다이올, 하이드로제네이티드레시틴, 알란토인, 에탄올, 아시아티코사이드, 소듐메틸스테아로일타우레이트, 마데카식애씨드, 콜레스테롤, 만니톨, 클로렐라 프로토테코이데스추출물, 아시아틱애씨드, 에틸헥실글리세린, 아데노신, 하이드롤라이즈드디엔에이, 덱스트린, 하이알루로닉애씨드, 카카오추출물, 양파추출물, 아세틸테트라펩타이드-11, 토코페롤"
"A000000229494","[1등레티놀]아이오페 레티놀 슈퍼 바운스 세럼 30ml","아이오페","30.0","30.0","ml","50000","42500","14166.7","정제수, 부틸렌글라이콜, 스쿠알란, 메틸트라이메티콘, 글리세린, 비스-하이드록시에톡시프로필다이메티콘, 1,2-헥산다이올, 락토바실러스발효용해물, C14-22알코올, 시어버터, 팔미틱애씨드, 해바라기씨오일, 스테아릭애씨드, 글리세릴스테아레이트, 피이지-100스테아레이트, 하이드록시에틸아크릴레이트/소듐아크릴로일다이메틸타우레이트코폴리머, 다이메틸아이소소바이드, C12-20알킬글루코사이드, 돌콩오일, 카보머, 만니톨, 당근추출물, 글리세릴카프릴레이트, 트로메타민, 다이소듐이디티에이, 코질메틸렌다이옥시신나메이트, 에틸헥실글리세린, 펜틸렌글라이콜, 잔탄검, 마데카소사이드, 하이드록시피나콜론레티노에이트, 솔비탄아이소스테아레이트, 레티놀, 트레할로오스, 베타-카로틴, 토코페롤, 비에이치티, 아라비아고무나무검, 아세틸테트라펩타이드-11, 하이드로제네이티드포스파티딜콜린, 편백잎추출물, 데카펩타이드-4, 소듐올리에이트, 프로필렌글라이콜알지네이트, 벼에스에이치-올리고펩타이드-1   * 레티놀 함량 509 IU/g"
"A000000231076","[1등 탄력앰플/녹는실리프팅] 성분에디터 실크펩타이드 EGF 하트핏 볼륨 리프팅 앰플 40ml더블기획(+키링 파우치)*","성분에디터","40.0","80.0","ml","43000","22900","2862.5","실크수(69.9%), 부틸렌글라이콜, 정제수, 글리세린, 메틸프로판다이올, 1,2-헥산다이올, 나이아신아마이드, 카보머, 트로메타민, 피피지-13-데실테트라데세스-24, 프로판다이올, 아데노신, 아이리쉬모스가루, 아가, 하이드록시에틸셀룰로오스, 다이소듐이디티에이, 아크릴레이트/C10-30알킬아크릴레이트크로스폴리머, 합성플루오르플로고파이트, 돌콩펩타이드(100ppm), 베타인, 판테놀, 티타늄디옥사이드, 적색산화철, 마이카, 젤란검, 마그네슘아스코빌포스페이트, 병풀추출물, 하이드롤라이즈드콜라겐, 약모밀추출물, 틴옥사이드, 에틸헥실글리세린, 스쿠알란, 하이드로제네이티드폴리아이소부텐, 벤질글라이콜, 레시틴, 하이드롤라이즈드글라이코사미노글리칸, 소듐하이알루로네이트, 카프릴릴글라이콜, 하이드로제네이티드레시틴, 에스에이치-폴리펩타이드-121(204ppb), 카프릴릭/카프릭트라이글리세라이드, 소듐팔미토일사코시네이트, 토코페롤, 카페오일헥사펩타이드-65(104ppb), 소듐하이알루로네이트크로스폴리머, 아세틸글루타민, 헵타소듐헥사카복시메틸다이펩타이드-12(54ppb), 하이드롤라이즈드하이알루로닉애씨드, 바실러스/폴릭애씨드/돌콩발효추출물, 금, 소듐포스페이트, 콜라겐, 미리스토일펜타펩타이드-17(14ppb), 미리스토일펜타펩타이드-4(14ppb), 에스에이치-폴리펩타이드-123(14ppb), 하이드록시프로필트라이모늄하이알루로네이트, 덱스트란, 벤조익애씨드, 소듐벤조에이트, 하이드롤라이즈드엘라스틴, 팔미토일펜타펩타이드-5(9ppb), 아세틸테트라펩타이드-3(7ppb), 카퍼트라이펩타이드-1(6ppb), 팔미토일펜타펩타이드-4(5ppb), 아세틸헥사펩타이드-8(5ppb), 팔미토일테트라펩타이드-7(4ppb), 에스에이치-데카펩타이드-7(4ppb), 에스에이치-옥타펩타이드-4(4ppb), 에스에이치-올리고펩타이드-9(4ppb), 에스에이치-펜타펩타이드-19(4ppb), 팔미토일트라이펩타이드-1(4ppb), 트라이펩타이드-32(4ppb), 에스알-(올리고펩타이드-91클로스트리듐보툴리눔폴리펩타이드-1)(4ppb), 에스에이치-올리고펩타이드-1(4ppb), 에스에이치-폴리펩타이드-1(4ppb), 에스에이치-올리고펩타이드-2(4ppb), 에스에이치-폴리펩타이드-11(4ppb), 에스에이치-폴리펩타이드-9(4ppb), 에스에이치-폴리펩타이드-16(4ppb), 에스에이치-폴리펩타이드-22(4ppb), 에스에이치-폴리펩타이드-3(4ppb), 에스에이치-폴리펩타이드-19(4ppb), 에스에이치-폴리펩타이드-62(4ppb), 붉은토끼풀꽃추출물, 하이알루로닉애씨드, 지모뿌리추출물, 소듐아세틸레이티드하이알루로네이트"
"A000000231078","[포켓몬 에디션/잡티미백]성분에디터 머루포도 비타씨 다크 스팟 앰플 40ml 더블기획*","성분에디터","40.0","80.0","ml","36000","22900","2862.5","포도수(821,000ppm), 프로판다이올, 1,2-헥산다이올, 포도추출물(30,000ppm), 나이아신아마이드, 카프릴릭/카프릭트라이글리세라이드, 트라넥사믹애씨드, 부틸렌글라이콜, 아크릴레이트/C10-30알킬아크릴레이트크로스폴리머, 트로메타민, 인도멀구슬나무꽃추출물, 잔탄검, 아이비고드열매추출물, 정제수, 3-O-에틸아스코빅애씨드(500ppm), 하이드로제네이티드폴리(C6-20올레핀), 아데노신, 다이소듐이디티에이, 알란토인, 에이치디아이/트라이메틸올헥실락톤크로스폴리머, 포도씨오일, 콜라겐, 류코노스톡/무발효여과물, 비치스트로베리추출물, 로우스위트블루베리추출물, 소듐하이알루로네이트, 베어베리잎추출물, 서양산딸기추출물, 시트릭애씨드, 라벤더꽃추출물, 레스베라트롤, 보리지추출물, 수레국화꽃추출물, 클레리추출물, 히아신스전초추출물, 마트리카리아꽃추출물, 백미꽃추출물, 마데카소사이드, 아시아티코사이드, 에틸헥실글리세린, 하이알루로닉애씨드, 하이드롤라이즈드하이알루로닉애씨드, 하이드록시프로필트라이모늄하이알루로네이트, 하이드롤라이즈드소듐하이알루로네이트, 포타슘하이알루로네이트, 펜틸렌글라이콜, 마데카식애씨드, 소듐하이알루로네이트크로스폴리머, 아시아틱애씨드, 소듐아세틸레이티드하이알루로네이트"
"A000000231084","[대용량 한정기획] 차앤박 프로폴리스 트리트먼트 앰플 에센스 300ml 기획 (+화장솜 190매)","차앤박","300.0","300.0","ml","51000","33900","1130.0","정제수, 부틸렌글라이콜, 다이프로필렌글라이콜, 글리세레스-26, 1,2-헥산다이올, 메틸글루세스-20, 판테놀, 글리세린, 베타인, 도둑놈의지팡이뿌리추출물, 하이드로제네이티드레시틴, 피이지/피피지-17/6코폴리머, 수크로오스스테아레이트, 세테아릴알코올, 나이아신아마이드, 프로폴리스추출물(1000ppm), 세린, 콜레스테롤, 아크릴레이트/C10-30알킬아크릴레이트크로스폴리머, 트로메타민, 세라마이드엔피, 토코페롤, 폴리쿼터늄-51, 라우릴다이메티콘/폴리글리세린-3크로스폴리머, 폴리메틸실세스퀴옥세인, 하이드록시에틸셀룰로오스, 돌콩오일, 리놀레익애씨드, 팔미틱애씨드, 센티드제라늄꽃오일, 덱스트린, 카카오씨추출물, 황련뿌리추출물, 꿀추출물, 약모밀추출물, 은행추출물, 소듐하이알루로네이트, 마데카소사이드, 시트로넬올, 제라니올, 리날룰"
"A000000231778","라로슈포제 시카플라스트 리페어 에센스 30ml","라로슈포제","30.0","30.0","ml","55000","44000","14666.7","정제수 비피다발효용해물 판테놀 다이메티콘 베타인 글리세린 부틸렌글라이콜 펜틸렌글라이콜 아이소프로필미리스테이트 피이지/피피지/폴리부틸렌글라이콜-8/5/3글리세린 소듐하이드록사이드 만노오스 메틸다이하이드로자스모네이트 아크릴레이트/C10-30알킬아크릴레이트크로스폴리머 페녹시에탄올 하이드로제네이티드레시틴 알파-글루칸올리고사카라이드 카프릴릴글라이콜 폴리솔베이트20 마데카소사이드 스핑고모나스발효추출물 시트릭애씨드 야콘뿌리즙 소듐메틸스테아로일타우레이트 아세틸다이펩타이드-1세틸에스터 소듐벤조에이트 말토덱스트린 징크글루코네이트 망가니즈글루코네이트 소듐하이알루로네이트 엑토인 단삼뿌리추출물 살리실로일피토스핑고신 락토바실러스 트라이소듐에틸렌다이아민다이석시네이트 비사보롤"
"A000000232117","[모공PDRN]리쥬란 더마 힐러 포어 타이트닝 앰플 30ml [한정기획(+앰플10ml+패드10매)/기획/단품]","리쥬란","30.0","40.0","ml","47000","34900","8725.0","정제수, 부틸렌글라이콜, 글리세린, 알로에베라잎즙, 오이열매추출물, 나이아신아마이드, 1,2-헥산다이올, 버지니아풍년화추출물, 글루코노락톤, 락틱애씨드, 하이드롤라이즈드디엔에이, 다이프로필렌글라이콜, 카프릴릭/카프릭트라이글리세라이드, 글라이콜릭애씨드, 소듐하이드록사이드, 소듐하이알루로네이트, 잔탄검, 귀리커넬추출물, 포트마리골드추출물, 프로판다이올, 카라멜, 흰버드나무껍질추출물, 라미나리아 오크롤레우카추출물, 살리실릭애씨드, 알란토인, 다이소듐이디티에이, 에틸헥실글리세린, 아라비아고무나무검, 아데노신, 펜틸렌글라이콜, 소듐만노오스포스페이트, 만노오스, 라이신, 베르가모트오일, 라벤더오일, 프롤린, 카퍼설페이트, 서양톱풀추출물, 카프릴로일살리실릭애씨드, 자몽껍질오일"
"A000000232355","아이오페 레티놀 레티젝션 세럼 30ml","아이오페","30.0","30.0","ml","59000","49900","16633.3","정제수, 부틸렌글라이콜, 글리세린, 카프릴릭/카프릭트라이글리세라이드, 칼슘알루미늄보로실리케이트, 다이메티콘, 나이아신아마이드, 시어버터, 판테놀, C14-22알코올, 세테아릴알코올, 토코페롤, 토코페릴아세테이트, 폴리글리세릴-3다이스테아레이트, 글리세릴스테아레이트, 해바라기씨오일, 팔미틱애씨드, 스테아릭애씨드, 돌콩오일, C12-20알킬글루코사이드, 다이메틸아이소소바이드, 카보머, 소듐설파이트, 당근추출물, 알란토인, 글리세릴카프릴레이트, 트로메타민, 펜틸렌글라이콜, 소듐메타포스페이트, 코질메틸렌다이옥시신나메이트, 에틸헥실글리세린, 아데노신, 레티놀, 글리세릴스테아레이트시트레이트, 하이드록시피나콜론레티노에이트, 베타-카로틴, 아라비아고무나무검, 비에이치티, 프로필렌글라이콜알지네이트 (순수레티놀 함량 880IU)"
"A000000232357","아이오페 레티놀 레티젝션 세럼 30ml 기획 (+세럼10ml+크림15ml)","아이오페","30.0","55.0","ml","59000","49900","9072.7","정제수, 부틸렌글라이콜, 글리세린, 카프릴릭/카프릭트라이글리세라이드, 칼슘알루미늄보로실리케이트, 다이메티콘, 나이아신아마이드, 시어버터, 판테놀, C14-22알코올, 세테아릴알코올, 토코페롤, 토코페릴아세테이트, 폴리글리세릴-3다이스테아레이트, 글리세릴스테아레이트, 해바라기씨오일, 팔미틱애씨드, 스테아릭애씨드, 돌콩오일, C12-20알킬글루코사이드, 다이메틸아이소소바이드, 카보머, 소듐설파이트, 당근추출물, 알란토인, 글리세릴카프릴레이트, 트로메타민, 펜틸렌글라이콜, 소듐메타포스페이트, 코질메틸렌다이옥시신나메이트, 에틸헥실글리세린, 아데노신, 레티놀, 글리세릴스테아레이트시트레이트, 하이드록시피나콜론레티노에이트, 베타-카로틴, 아라비아고무나무검, 비에이치티, 프로필렌글라이콜알지네이트 (순수레티놀 함량 880IU)"
"A000000232382","[순수비타민C/잡티앰플] 마미케어 오쏘타민 비타민C 앰플 15ml","마미케어","15.0","15.0","ml","","38000","25333.3","정제수,프로판다이올,아스코빅애씨드,C9-12알케인,글리세린,펜틸렌글라이콜,소듐시트레이트,코코-카프릴레이트/카프레이트,아이소스테아릴아이소스테아레이트,에칠아스코빌에텔,황련뿌리추출물,스핑고모나스발효추출물,무화과추출물,병풀추출물,효모추출물,당근추출물,하이드로제네이티드레시틴,녹차수,카놀라오일,당근씨오일,해바라기씨오일,토코페롤,페룰릭애씨드,부틸렌글라이콜,마이크로크리스탈린셀룰로오스,하이드록시아세토페논,소듐아크릴릭애씨드/엠에이코폴리머,글루타티온,폴리아크릴레이트크로스폴리머-6,셀룰로오스검,아데노신,다이소듐이디티에이,1,2-헥산다이올,우레아,카프릴릴글라이콜,사이아노코발아민,다이소듐포스페이트,세라마이드엔피,다이프로필렌글라이콜,바이오틴,판테놀,시트릭애씨드,세테아릴올리베이트,솔비탄올리베이트,소듐아스코빌포스페이트,나이아신아마이드,징크피씨에이,판토테닉애씨드,카프릴릭/카프릭트라이글리세라이드,레티놀,마그네슘아스코빌포스페이트,에이치디아이/트라이메틸올헥실락톤크로스폴리머,폴리비닐알코올,메틸프로판다이올,토코페릴아세테이트,레티닐팔미테이트,리보플라빈,메나다이온,티아민에이치씨엘,폴릭애씨드,피리독신,베타-카로틴,잔탄검,페닐프로판올,향료"
"A000000232962","나노레시피 비타민 C 리포좀 앰플 30ml","나노레시피","30.0","30.0","ml","11600","9400","3133.3","정제수, 에틸헥실스테아레이트, 소듐아스코빌포스테이트(5%), 글리세린, 하이드로제네이티드레시틴, 1,2-헥산다이올, 에탄올, 펜타에리스리틸테트라-다이-t-부틸하이드록시하이드로신나메이트, 다이소듐이디티에이"
"A000000235247","[속건조필수템] 웰라쥬 리얼 히알루로닉 블루 100 앰플 75ml 2입 기획 (+마스크1매)","웰라쥬","75.0","150.0","ml","50000","29900","1993.3","'[웰라쥬 리얼 히알루로닉 블루 100 앰플]
정제수, 프로판다이올, 펜틸렌글라이콜, 글리세린, 1,2-헥산다이올, 판테놀, 메틸프로판다이올, 소듐아크릴릭애씨드/엠에이코폴리머, 부틸렌글라이콜, 참마뿌리추출물, 잔탄검, 소듐시트레이트, 에틸헥실글리세린, 소듐하이알루로네이트(1,000ppm), 글라이코실트레할로오스, 하이드로제네이티드스타치하이드롤리세이트, 시트릭애씨드, 라피노오스, 아데노신, 레시틴, 트라이소듐에틸렌다이아민다이석시네이트, 카프릴릴글라이콜, 사카라이드아이소머레이트, 폴리쿼터늄-51, 말라카이트추출물, 알지닌, 소듐디엔에이, 갈랑가갈랑갈추출물, 바이오사카라이드검-1, 사이아노코발아민, 토코페롤, 카프릴릭/카프릭트라이글리세라이드, 하이드로제네이티드레시틴, 하이드롤라이즈드하이알루로닉애씨드(0.100052ppm), 하이드롤라이즈드소듐하이알루로네이트(0.1ppm), 수크로오스라우레이트, 소듐스테아로일글루타메이트, 암모늄아크릴로일다이메틸타우레이트/브이피코폴리머, 글라이신, 세린, 히스티딘, 돌콩추출물, 라이소레시틴, 플로레틴, 테트라하이드로피페린, 다이메틸아이소소바이드, 소듐하이알루로네이트크로스폴리머(2.08ppb), 벤질글라이콜, 하이드롤라이즈드글라이코사미노글리칸, 올레일알코올, 베타-글루칸, 하이드록시프로필트라이모늄하이알루로네이트(0.012ppb), 하이알루로닉애씨드(0.001ppb), 소듐아세틸레이티드하이알루로네이트(0.0002ppb)


[웰라쥬 리얼 히알루로닉 블루 앰플 마스크]
정제수, 부틸렌글라이콜, 글리세레스-26, 글리세린, 메틸프로판다이올, 메틸글루세스-20, 1,2-헥산다이올, 하이드롤라이즈드하이알루로닉애씨드(10,000ppm), 펜틸렌글라이콜, 트레할로오스, 아크릴레이트/C10-30알킬아크릴레이트크로스폴리머, 잔탄검, 알지닌, 폴리글리세릴-10라우레이트, 폴리글리세릴-10미리스테이트, 다이포타슘글리시리제이트, 에틸헥실글리세린, 다이소듐이디티에이, 덱스트린, 글리세릴아크릴레이트/아크릴릭애씨드코폴리머, 호호바씨오일, 피브이엠/엠에이코폴리머, 치자추출물, 해바라기씨오일, 베르가모트오일, 라벤더오일, 멕시칸주니퍼오일, 팔마로사오일, 하이드로제네이티드레시틴, 시트로넬라오일, 카프릴릭/카프릭트라이글리세라이드, 소듐스테아로일글루타메이트, 수크로오스라우레이트, 토코페롤, 글라이신, 세린, 히스티딘, 라이소레시틴, 프로판다이올, 벤질글라이콜, 하이드롤라이즈드글라이코사미노글리칸, 소듐하이알루로네이트(5.2ppb), 소듐하이알루로네이트크로스폴리머(1ppb), 하이드록시프로필트라이모늄하이알루로네이트(0.12ppb), 하이알루로닉애씨드(0.01ppb), 소듐아세틸레이티드하이알루로네이트(0.002ppb)"
"A000000236422","[자극도0.0/입문레티놀] 아이오페 레티놀 슈퍼 바운스 세럼 30ml +25ml 기획","아이오페","30.0","55.0","ml","50000","42500","7727.3","정제수, 부틸렌글라이콜, 스쿠알란, 메틸트라이메티콘, 글리세린, 비스-하이드록시에톡시프로필다이메티콘, 1,2-헥산다이올, 락토바실러스발효용해물, C14-22알코올, 시어버터, 팔미틱애씨드, 해바라기씨오일, 스테아릭애씨드, 글리세릴스테아레이트, 피이지-100스테아레이트, 하이드록시에틸아크릴레이트/소듐아크릴로일다이메틸타우레이트코폴리머, 다이메틸아이소소바이드, C12-20알킬글루코사이드, 돌콩오일, 카보머, 만니톨, 당근추출물, 글리세릴카프릴레이트, 트로메타민, 다이소듐이디티에이, 코질메틸렌다이옥시신나메이트, 에틸헥실글리세린, 펜틸렌글라이콜, 잔탄검, 마데카소사이드, 하이드록시피나콜론레티노에이트, 솔비탄아이소스테아레이트, 레티놀, 트레할로오스, 베타-카로틴, 토코페롤, 비에이치티, 아라비아고무나무검, 아세틸테트라펩타이드-11, 하이드로제네이티드포스파티딜콜린, 편백잎추출물, 데카펩타이드-4, 소듐올리에이트, 프로필렌글라이콜알지네이트, 벼에스에이치-올리고펩타이드-1   * 레티놀 함량 509 IU/g"
"A000000236642","바이오더마 하이드라비오 세럼 40ml 더블 기획","바이오더마","40.0","80.0","ml","","54600","6825.0","정제수, 글리세린, 자일리톨, 소듐폴리아크릴레이트, 다이메티콘, 사이클로펜타실록세인, 페녹시에탄올, 클로페네신, 트라이데세스-6, 다이소듐이디티에이, 향료, 나이아신아마이드, 피이지/피피지-18/18다이메티콘, 프룩토올리고사카라이드, 만니톨, 소듐하이알루로네이트, 헥실데칸올, 카프릴릭/카프릭트라이글리세라이드, 람노오스, 라미나리아 오크롤레우카추출물, 사과씨추출물, 유채스테롤, 토코페롤"
"A000000237465","코스알엑스 어드밴스드 비타민C 세럼 20g 기획 (+선세럼 15ml)","코스알엑스","15.0","15.0","ml","25000","21200","14133.3","본품 : 정제수, 아스코빅애씨드(23%), 부틸렌글라이콜, 다이메티콘, 판테놀, 3-O-에틸아스코빅애씨드, 스쿠알란, 소듐하이드록사이드, 카페인, 소듐하이알루로네이트, 소듐메타포스페이트, 아데노신, 아세틸글루코사민, 치자추출물, 알란토인, 덱스트린, 토코트라이엔올, 토코페롤, 오일팜오일, 알지닌, 나이아신아마이드, 펜틸렌글라이콜, 글루타티온, 해바라기씨오일, 메틸트라이메티콘, 잇꽃씨오일, 동백나무씨오일, 당근추출물, 스페인감초뿌리추출물, 베타-카로틴
증정 : 알로에베라잎수, 다이에틸헥실석시네이트, 프로판다이올, 정제수, 드로메트리졸트리실록산, 에칠헥실트리아존, 나이아신아마이드, 디에칠아미노하이드록시벤조일헥실벤조에이트, 테레프탈릴리덴디캠퍼설포닉애씨드, 1,2-헥산다이올, 베헤닐알코올, 메틸트라이메티콘, 소듐폴리아크릴로일다이메틸타우레이트, 버지니아풍년화잎수, 트로메타민, 폴리아크릴레이트크로스폴리머-6, 아라키딜알코올, 카프릴릴글라이콜, 에틸헥실글리세린, 아라키딜글루코사이드, 소듐메타포스페이트, 아데노신, 토코페롤, 소듐하이알루로네이트, 알란토인, 시트릭애씨드, 소듐벤조에이트, 포타슘솔베이트
증정: 알로에베라잎수, 다이에틸헥실석시네이트, 프로판다이올, 정제수, 드로메트리졸트리실록산, 에칠헥실트리아존, 나이아신아마이드, 디에칠아미노하이드록시벤조일헥실벤조에이트, 테레프탈릴리덴디캠퍼설포닉애씨드, 1,2-헥산다이올, 베헤닐알코올,
메틸트라이메티콘, 소듐폴리아크릴로일다이메틸타우레이트, 버지니아풍년화잎수, 트로메타민, 폴리아크릴레이트크로스폴리머-6, 아라키딜알코올, 카프릴릴글라이콜, 에틸헥실글리세린, 아라키딜글루코사이드, 소듐메타포스페이트, 아데노신, 토코페롤, 소듐하이알루로네이트, 알란토인, 시트릭애씨드, 소듐벤조에이트, 포타슘솔베이트"
"A000000242341","[글로우 부스팅샷] 아이오페 PDRN 카페인 샷 30ml 리필 기획 (+30ml 리필)","아이오페","30.0","60.0","ml","50000","37500","6250.0","락토바실러스발효용해물(바이오-피디알엔TM)@정제수@프로판다이올@글리세린@나이아신아마이드@부틸렌글라이콜@카페인@다이프로필렌글라이콜@1,2-헥산다이올@다이에톡시에틸석시네이트@글리세릴폴리메타크릴레이트@폴리아크릴레이트크로스폴리머-6@만니톨@에틸헥실글리세린@아데노신@소듐시트레이트@덱스트린@카카오추출물@시트릭애씨드@다이소듐이디티에이@T-부틸알코올@알지닌@사이클로덱스트린@하이드록시프로필사이클로덱스트린@말토덱스트린@잔탄검@베타-글루칸@아세틸테트라펩타이드-11@토코페롤"
"A000000242565","[산리오 콜라보/1등모공앰플] 성분에디터 그린토마토 NMN 포어 리프팅 앰플 40ml 더블 기획 (+산리오 빗거울)","성분에디터","40.0","80.0","ml","36000","19800","2475.0","토마토수(680,000 ppm), 정제수, 부틸렌글라이콜, 글리세린, 자일리톨, 1,2-헥산다이올, 다이프로필렌글라이콜, 나이아신아마이드,니코틴아마이드모노뉴클레오타이드(10,000 ppm), 트레할로오스, 잔탄검,카보머, 페닐트라이메티콘, 트로메타민, 알란토인, C12-13알케스-9, 폴리메틸실세스퀴옥세인, 소듐시트레이트, 에틸헥실글리세린, 잇꽃꽃추출물, 메틸다이하이드로자스모네이트, 다이포타슘글리시리제이트, 아데노신,다이소듐이디티에이, 치자추출물, 덱스트린, 토마토추출물(400 ppm), 에틸렌브라실레이트, 글루코노락톤, 판테놀, 2-t-부틸사이클로헥실아세테이트, 칡뿌리추출물, 달맞이꽃꽃추출물, 대왕소나무잎추출물, 당느릅나무뿌리추출물, 피브로넥틴, 니코틴아마이드아데닌다이뉴클레오타이드, 소듐하이알루로네이트, 아데노신트라이포스페이트, 하이드로제네이티드레시틴, 하이드롤라이즈드하이알루로닉애씨드, 하이알루로닉애씨드, 소듐하이알루로네이트크로스폴리머, 하이드록시프로필트라이모늄하이알루로네이트, 하이드로제네이티드폴리아이소부텐, 벤질글라이콜, 세라마이드엔피, 토코페롤, 하이드롤라이즈드엘라스틴, 폴리글리세릴-10라우레이트, 데이지꽃추출물, 수용성프로테오글리칸, 유채스테롤, 토마토즙(0.1 ppm), 토마토열매/잎/줄기추출물(0.1 ppm),페네틸알코올, 하이드롤라이즈드콜라겐, 라즈베리케톤, 피토스테릴/베헤닐/옥틸도데실라우로일글루타메이트,콜레스테롤, 라이소레시틴, 올레익애씨드, 글라이코사미노글리칸, 소듐클로라이드, 포타슘포스페이트, 포타슘클로라이드, 다이소듐포스페이트, 하이드롤라이즈드식물성단백질, 지모뿌리추출물, 라이코펜, 콜라겐추출물,리날릴아세테이트, 에틸리날룰, 유칼립톨, 메틸렌다이옥시페닐메틸프로판알, 헥세닐아세테이트, 2,4-다이메틸-3-사이클로헥신카복스알데하이드, 3-헥센올"
"A000000244897","[속보습]코스알엑스 더 6 펩타이드 스킨 부스터 세럼 30ml","코스알엑스","30.0","30.0","ml","5600","3900","1300.0","정제수, 다이프로필렌글라이콜, 글리세린, 펜틸렌글라이콜, 1,2-헥산다이올, 나이아신아마이드, 아세틸헥사펩타이드-8(5 ppm), 카퍼트라이펩타이드-1(5 ppm), 에스에이치-폴리펩타이드-121(1.98 ppm), 다이펩타이드다이아미노부티로일벤질아마이드다이아세테이트(0.3 ppm), 올리고펩타이드-68(0.095 ppm), 팔미토일트라이펩타이드-8(0.02ppm), 알란토인, 소듐하이알루로네이트, 아세틸글루코사민, 세린, 알라닌, 글라이신, 트레오닌, 알지닌, 프롤린, 베타인, 소듐피씨에이, 소듐락테이트, 피씨에이, 글루타믹애씨드, 라이신에이치씨엘, 토코페롤, 덱스트란, 돌콩오일, 하이드로제네이티드레시틴, 암모늄아크릴로일다이메틸타우레이트/브이피코폴 리머, 폴리아크릴레이트크로스폴리머-6, 부틸렌글라이콜, 잔탄검, 에틸헥실글리세린, 아데노신, 폴리쿼터늄-51, 다이소듐이디티에이, 시트릭애씨드, 카프릴릴글라이콜, t-부틸알코올, 포타슘솔베이트, 소듐올리에이트"
"A000000246897","[1+1/핑구키링증정] 마미케어 바다포도 레티놀 모공앰플 50ml 리필기획(+핑구,핑가 키링 랜덤증정) *","마미케어","50.0","100.0","ml","44000","32800","3280.0","정제수, 다이프로필렌글라이콜, 나이아신아마이드, 프로판다이올, 부틸렌글라이콜, 바다포도추출물(2,050 ppm), 레티놀(500IU, 155,000ppb), 카프릴릭/카프릭트라이글리세라이드, 다마스크장미꽃수, 만다린추출물, 자몽추출물, 스피어민트추출물, 글리세린, 벤질글라이콜, 암모늄아크릴로일다이메틸타우레이트/브이피코폴리머, C12-13파레스-9, 1,2-헥산다이올, 아사이팜열매추출물, 황련뿌리추출물, 로우스위트블루베리추출물, 에틸헥실글리세린, 아데노신, 소듐하이알루로네이트, 크랜베리추출물, 인디안구스베리열매추출물, 아가, 레몬추출물, 인도멀구슬나무잎추출물, 락토바이오닉애씨드, 트레할로오스, 흰버드나무껍질추출물, 만델릭애씨드, 한련초추출물, 인도멀구슬나무꽃추출물, 청각추출물, 프로폴리스추출물, 달맞이꽃꽃추출물,칡뿌리추출물, 대왕소나무잎추출물, 당느릅나무뿌리추출물, 아줄렌, 카프릴릴글라이콜, 아이비고드열매추출물, 드럼스틱씨오일, 가지열매추출물, 호호바씨오일, 울금뿌리추출물, 참산호말추출물, 홀리바질잎추출물, 센티드제라늄꽃오일, 니코틴아마이드모노뉴클레오타이드, 하이드롤라이즈드익스텐신"
"A000000247184","[코르티스PICK]토리든 밸런스풀 시카 컨트롤 세럼 50ml 한정 리필 기획 (+리필 50ml+패드 10매)","토리든","50.0","100.0","ml","","23000","2300.0","정제수, 글리세린, 프로판다이올, 다이프로필렌글라이콜, 나이아신아마이드, 1,2-헥산다이올, 판테놀(11,000ppm), 병풀추출물, 마데카식애씨드, 아시아티코사이드(3,610ppb), 아시아틱애씨드, 마데카소사이드, 알란토인, 쓴풀추출물, 푸른연꽃추출물, 락토바실러스발효물, 접시꽃추출물, 소듐하이알루로네이트, 하이드롤라이즈드하이알루로닉애씨드, 하이알루로닉애씨드, 하이드록시프로필트라이모늄하이알루로네이트, 포타슘하이알루로네이트, 소듐하이알루로네이트크로스폴리머, 소듐아세틸레이티드하이알루로네이트, 징크하이드롤라이즈드하이알루로네이트, 칼슘판토테네이트, 석시닉애씨드, 글루코닉애씨드, 카프릴로일살리실릭애씨드, 징크피씨에이, 팔미토일다이펩타이드-7, 다이펩타이드-2, 다이포타슘글리시리제이트, 펜틸렌글라이콜, 소듐스테아로일글루타메이트, 아세틸글루코사민, 글리세릴글루코사이드, 아이소펜틸다이올, 2,3-부탄다이올, 옥틸도데칸올, 글리세릴아크릴레이트/아크릴릭애씨드코폴리머, 피브이엠/엠에이코폴리머, 카프로익애씨드, 폴리글리세릴-4올리에이트, 솔비탄스테아레이트, 폴리글리세린-3, 피토스테롤, 소듐서팩틴, 카보머, 잔탄검, 트로메타민, 소듐아세테이트, 에틸헥실글리세린, 콥티스뿌리추출물, 말라카이트추출물"
"A000000247732","믹순 히알레배 포어 버블 세럼 70ml 기획 (+팩브러쉬)","믹순","70.0","70.0","ml","","14900","2128.6","정제수, 1,2-헥산다이올, 나이아신아마이드, 프로판다이올, 트레할로오스, 판테놀, 폴리글루타믹애씨드, 코코-글루코사이드, 알란토인, 버지니아풍년화수, 소듐시트레이트, 에틸헥실글리세린, 다이포타슘글리시리제이트, 아데노신, 글리세린, 시트릭애씨드, 부틸렌글라이콜, 소듐파이테이트, 하이드록시에틸셀룰로오스, 바실러스발효물, 병풀캘러스세포외소포, 풀루란, 소듐하이알루로네이트(1,000ppb), 메틸프로판다이올, 폴리글리세릴-4카프레이트, 글라이신, 글루코노락톤, 카프릴로일살리실릭애씨드, 트로메타민, 글루타믹애씨드, 알지닌, 벤질글라이콜, 세틸에틸헥사노에이트, 소듐하이알루로네이트크로스폴리머(1ppb), 세테아릴올리베이트, 솔비탄올리베이트"
"A000000247770","[수지세럼] 아누아 피디알엔 히알루론산 캡슐 100 세럼 30ml 더블 기획","아누아","30.0","60.0","ml","","57500","9583.3","정제수, 부틸렌글라이콜, 프로판다이올, 글리세린, 하이드롤라이즈드하이알루로닉애씨드(29,049ppm), 1,2-헥산 다이올, 나이아신아마이드, 글리세릴올리에이트, 라우릴글루코사이드, 미리스틸글루코사이드, 폴리글리세릴-6 라우레이트, 하이드로제네이티드레시틴, 글루타티온, 하이드롤라이즈드콜라겐, 소듐하이알루로네이트(800ppm), 황련뿌리추출물, 아데노신, 소듐디엔에이(100ppm), 하이알루로닉애씨드(30ppm), 하이드롤라이즈드소듐하이알 루로네이트(30ppm), 하이드록시프로필트라이모늄하이알루로네이트(30ppm), 포타슘하이알루로네이트(30ppm), 소듐하이알루로네이트크로스폴리머(30ppm), 소듐아세틸레이티드하이알루로네이트(1ppm), 인도멀구슬나무잎추 출물, 인도멀구슬나무꽃추출물, 아이비고드열매추출물, 가지열매추출물, 홀리바질잎추출물, 시트릭애씨드, 울금뿌 리추출물, 참산호말추출물, 소듐시트레이트, 펜틸렌글라이콜"
"A000000248700","[금손 민킴PICK/화잘먹 단독기획] 그린핑거 포레스트 피톤 수분시카 세럼 50ml 기획 (+세럼10ml+크림10ml)","포레스트 서울","50.0","70.0","ml","33000","19800","2828.6","정제수, 글리세린, 부틸렌글라이콜, 프로판다이올, 1,2-헥산다이올, 나이아신아마이드, 폴리글리세릴-10라우레이트, 판테놀, 편백수, 병풀추출물(1000.001 ppb), 병풀꽃/잎/줄기추출물(100 ppb), 마데카식애씨드(0.0003 ppb), 아시아틱애씨드(0.0003 ppb), 아시아티코사이드(0.0004 ppb), 동백나무꽃추출물, 잣나무씨추출물, 백미꽃추출물, 글루코오스, 클로렐라 불가리스추출물, 소듐하이알루로네이트, 하이드록시프로필트라이모늄하이알루로네이트, 소듐아세틸레이티드하이알루로네이트, 하이드롤라이즈드하이알루로닉애씨드, 하이알루로닉애씨드, 소듐하이알루로네이트크로스폴리머, 하이드롤라이즈드소듐하이알루로네이트, 포타슘하이알루로네이트, 아크릴레이트/C10-30알킬아크릴레이트크로스폴리머, 트로메타민, 프룩토오스, 프룩토올리고사카라이드, 에틸헥실글리세린, 아데노신, 다이소듐이디티에이, 토코페롤, 다이프로필렌글라이콜, 하이드로제네이티드레시틴, 소듐스테아로일글루타메이트, 레시틴, 소듐아스코빌포스페이트, 향료"
"A000000249969","[드래곤길들이기 콜라보] 셀라딕스 세범 리밸런싱 RX 131 앰플 30ml 기획 + 랜덤 키링 1종 증정","셀라딕스","30.0","30.0","ml","","28900","9633.3","정제수,다이프로필렌글라이콜,부틸렌글라이콜,글리세레스-26,나이아신아마이드,글리세린,베타인,피토스테롤,세라마이드엔피,스쿠알란,라우릭애씨드,아라키딕애씨드,베헤닉애씨드,베타-글루칸,참오동나무잎추출물,육계나무껍질추출물,생달나무잎추출물,녹나무잎추출물,월계수잎추출물,고수추출물,유칼립투스잎추출물,황금추출물,후박나무가지추출물,1,2-헥산다이올,폴리글리세릴-10라우레이트,폴리글리세릴-10미리스테이트,하이드록시아세토페논,판테놀,아데노신,다이소듐이디티에이,소듐하이알루로네이트,잔탄검,소듐폴리아크릴레이트,에틸헥실글리세린,베르가모트오일,라반딘오일,오렌지껍질오일,라벤더오일,발삼아미리스껍질오일,바질오일,리모넨,리날룰"
"A000000250099","라로슈포제 시카플라스트 리페어 에센스 30ml 기획 (+시카밤3ml+시카라방3ml)","라로슈포제","30.0","36.0","ml","55000","44000","12222.2","[시카플라스트 리페어 에센스]
정제수 비피다발효용해물 판테놀 다이메티콘 베타인 글리세린 부틸렌글라이콜 펜틸렌글라이콜 아이소프로필미리스테이트 피이지/피피지/폴리부틸렌글라이콜-8/5/3글리세린 소듐하이드록사이드 만노오스 메틸다이하이드로자스모네이트 아크릴레이트/C10-30알킬아크릴레이트크로스폴리머 페녹시에탄올 하이드로제네이티드레시틴 알파-글루칸올리고사카라이드 카프릴릴글라이콜 폴리솔베이트20 마데카소사이드 스핑고모나스발효추출물 시트릭애씨드 야콘뿌리즙 소듐메틸스테아로일타우레이트 아세틸다이펩타이드-1세틸에스터 소듐벤조에이트 말토덱스트린 징크글루코네이트 망가니즈글루코네이트 소듐하이알루로네이트 엑토인 단삼뿌리추출물 살리실로일피토스핑고신 락토바실러스 트라이소듐에틸렌다이아민다이석시네이트 비사보롤

[시카밤]
정제수, 하이드로제네이티드폴리아이소부텐, 다이메티콘, 글리세린, 시어버터, 판테놀, 옥수수전분, 프로판다이올, 부틸렌글라이콜, 세틸피이지/피피지-10/1다이메티콘, 트라이하이드록시스테아린, 병풀잎추출물, 야콘뿌리즙, 징크글루코네이트, 마데카소사이드, 망가니즈글루코네이트, 알파-글루칸올리고사카라이드, 실리카, 알루미늄하이드록사이드, 마그네슘설페이트, 만노오스, 카프릴로일글라이신, 카프릴릴글라이콜, 비트레오스실라발효물, 시트릭애씨드, 트라이소듐에틸렌다이아민다이석시네이트, 락토바실러스, 아세틸레이티드글라이콜스테아레이트, 말토덱스트린, 폴리글리세릴-4아이소스테아레이트, 토코페롤, 펜타에리스리틸테트라-다이-t-부틸하이드록시하이드로신나메이트, 티타늄디옥사이드

[시카라방]
정제수 소듐라우레스설페이트 판테놀 피이지-200하이드로제네이티드글리세릴팔메이트 글리세린 코코-베타인 소듐클로라이드 폴리솔베이트20 피이지-7글리세릴코코에이트 시트릭애씨드 코카마이드엠이에이 카퍼글루코네이트 망가니즈글루코네이트 피이지-55프로필렌글라이콜올리에이트 피이지-60하이드로제네이티드캐스터오일 폴리쿼터늄-11 피피지-5-세테스-20 프로필렌글라이콜 스위트아몬드오일 소듐벤조에이트 소듐하이드록사이드 징크글루코네이트"
"A000000250105","[피지각질케어] 라로슈포제 에빠끌라 듀오+ M 트러블 에센스 40ml 기획(+에빠끌라 폼 50ml)","라로슈포제","40.0","90.0","ml","35000","31500","3500.0","[에빠끌라 듀오+ M 에센스 40ml]
정제수 글리세린 다이메티콘 아이소세틸스테아레이트 나이아신아마이드 아이소프로필라우로일사코시네이트 실리카 암모늄폴리아크릴로일다이메틸타우레이트 쌀전분 석류과피추출물 포타슘세틸포스페이트 솔비탄올리에이트 징크피씨에이 글리세릴스테아레이트에스이 아이소헥사데칸 소듐하이드록사이드 미리스틸미리스테이트 2-올레아미도-1,3-옥타데칸다이올 만노오스 폴록사머338 카프릴로일살리실릭애씨드 카프릴릴글라이콜 비트레오스실라발효물 시트릭애씨드 트라이소듐에틸렌다이아민다이석시네이트 말토덱스트린 잔탄검 펜틸렌글라이콜 폴리솔베이트80 아크릴아마이드/소듐아크릴로일다이메틸타우레이트코폴리머 살리실릭애씨드 피록톤올아민 향료

[에빠끌라 폼 50ml]
정제수 글리세린 미리스틱애씨드 포타슘하이드록사이드 글리세릴스테아레이트에스이 스테아릭애씨드 라우릭애씨드 팔미틱애씨드 코코-글루코사이드 테트라소듐이디티에이 살리실릭애씨드 향료"
"A000000250476","[1등 화잘먹 수분세럼] 에스네이처 아쿠아 스쿠알란 세럼 50ml 리필기획 (+50ml 리필+발렌 하트 거울)","에스네이처","50.0","100.0","ml","35000","22900","2290.0","정제수, 글리세린, 부틸렌글라이콜, 메틸프로판다이올, 1,2-헥산다이올, 베타인, 다시마추출물, 한련초잎추출물, 버지니아풍년화추출물, 소듐하이알루로네이트, 하이드로제네이티드레시틴, 판테놀, 알란토인, 프룩토올리고사카라이드, 베타-글루칸, 하이드롤라이즈드하이알루로닉애씨드, 스쿠알란, 하이드록시프로필트라이모늄하이알루로네이트, 소듐아세틸레이티드하이알루로네이트, 하이드롤라이즈드소듐하이알루로네이트, 하이알루로닉애씨드, 소듐하이알루로네이트크로스폴리머, 포타슘하이알루로네이트, 다이프로필렌글라이콜, 토코페롤, 에틸헥실글리세린, 카보머, 트로메타민, 잔탄검, 다이소듐이디티에이"
"A000000250859","[리락쿠마 콜라보/진정1등] 클레어스 블루 유스 액티베이팅 드롭 50ml 한정기획 (+리락쿠마 파우치)","디어클레어스","50.0","50.0","ml","","52500","10500.0","정제수, 부틸렌글라이콜, 에스에이치-올리고펩타이드-1, 에스에이치-폴리펩타이드-1, 로우스위트블루베리
추출물, 레시틴, 솔비탄세스퀴올리에이트, 1,2-헥산다이올, 카프릴릴글라이콜, 피이지-60하이드로제네이티드캐스터
오일, 글리세린, 클로페네신, 구아이아줄렌, 에틸헥실글리세린, 아데노신"
"A000000253383","[수분쿨링/포켓몬 에디션] 닥터지 레드블레미쉬 클리어 히알 시카 수딩 세럼 50ml 기획 (리필50ml+꼬부기파우치)","닥터지","50.0","100.0","ml","40000","22900","2290.0","정제수, 부틸렌글라이콜, 다이프로필렌글라이콜, 나이아신아마이드, 1,2-헥산다이올, 글리세린, 판테놀, 글리세레스-26, 하이드록시에틸셀룰로오스, 에리스리톨, 소듐폴리아크릴로일다이메틸타우레이트, 소듐하이알루로네이트(1,100 ppm), 알란토인, 에틸헥실글리세린, 카프릴릭/카프릭트라이글리세라이드, 바이오사카라이드검-1, 다이소듐이디티에이, 하이드로제네이티드레시틴, 베타인살리실레이트, 석시닉애씨드, 트로메타민, 효모발효여과물, 옥틸도데칸올, 폴리글리세릴-10라우레이트, 포스파티딜콜린, 아시아티코사이드(48 ppm), 병풀잎추출물(40 ppm), 마데카식애씨드(36 ppm), 아시아틱애씨드(36 ppm), 글라이코리피드, 세라마이드엔피, 베타-글루칸, 락토바실러스발효물, 락토바실러스/콩발효추출물, 류코노스톡/무발효여과물, 효모발효추출물, 팔미토일트라이펩타이드-5, 다발방패버섯추출물, 마데카소사이드(3.6 ppm), 병풀추출물(3.4 ppm), 하이드록시프로필트라이모늄하이알루로네이트(1 ppm), 토코페롤, 징크피씨에이, 헥사펩타이드-9"
"A000000261830","[NEW기획/광채세럼]눅스 프로디쥬스 부스트 글로우 부스팅 세럼 30ml 기획(+쉬머오일 10ml)(2607)","눅스","30.0","40.0","ml","","59000","14750.0","<부스팅세럼>
오렌지수, 아스코빌글루코사이드, 멕시칸치아씨추출물, 정제수, 펜틸렌글라이콜, 글리세린, 소듐하이드록사이드, 소듐벤조에이트, 소듐하이알루로네이트, 레불리닉애씨드, 카라기난, 소듐글루코네이트, 잔탄검, 시트릭애씨드, 소듐레불리네이트, 락토바실러스발효물, 향료, 리날룰
<쉬머오일10ml>
코코-카프릴레이트/카프레이트,, 퀸즈랜드넛오일,, 카프릴릭/카프릭트라이글리세라이드,, 다이카프릴릴에터,, 스위트아몬드오일,, 유럽개암씨오일, 향료, 마이카, 
유차나무씨오일, 티타늄디옥사이드, 동백나무씨오일, 아르간커넬오일, 보리지씨오일, 토코페롤, 캐스터오일/아이피디아이코폴리머, 적색산화철, 해바라기씨오일, 토코페릴아세테이트
,로즈마리잎추출물,폴리글리세릴-3다이아이소스테아레이트,정제수,아스코빅애씨드,테트라메틸아세틸옥타하이드로나프탈렌,리날릴아세테이트,리모넨,베르가모트껍질오일,오렌지껍질오일,레몬껍질오일,리날룰,피넨,시트랄,시트로넬올,라반딘오일,터피네올,제라닐아세테이트,연필향나무오일
,로즈케톤즈,터피놀렌,제라니올,베타-카리오필렌"
