"goods_no","product_name","brand_name","ml_표시용량","ml_추정총용량","용량_단위","price_regular","price_sale","price_per_10ml","ingredient","공통_ingredient","차별화_ingredient"
"A000000222834","에스트라 아토베리어365 로션 150ml 기획 (하이드로에센스 25ml+세라-히알 앰플 7ml)","에스트라","150.0","182.0","ml","33000.0","29700","1631.9","정제수, 부틸렌글라이콜, 글리세린, 다이메티콘, 스쿠알란, 펜타에리스리틸테트라아이소스테아레이트, 베타인, 폴리글리세릴-3메틸글루코오스다이스테아레이트, 부틸렌글라이콜다이카프릴레이트/다이카프레이트, 카프릴릭/카프릭트라이글리세라이드, 팔미틱애씨드, 1,2-헥산다이올, 스테아릭애씨드, 하이드록시에틸아크릴레이트/소듐아크릴로일다이메틸타우레이트코폴리머, 글리세릴스테아레이트, 하이드록시프로필비스팔미타마이드엠이에이, 글리세릴스테아레이트시트레이트, 콜레스테롤, 나이아신아마이드, 다이메티콘올, 하이드록시프로필비스라우라마이드엠이에이, 베헤닐알코올, 글리세릴카프릴레이트, 카보머, 다이소듐이디티에이, 에틸헥실글리세린, 트로메타민, 솔비탄아이소스테아레이트, 피토스핑고신, 만니톨, 세라마이드엔피, 토코페롤, 하이드로제네이티드레시틴, 아크릴레이트/암모늄메타크릴레이트코폴리머, 실리카, 스핑고리피드, 아라키딕애씨드, 올레익애씨드","","[38-1] 정제수, [38-2] 부틸렌글라이콜, [38-3] 글리세린, [38-4] 다이메티콘, [38-5] 스쿠알란, [38-6] 펜타에리스리틸테트라아이소스테아레이트, [38-7] 베타인, [38-8] 폴리글리세릴-3메틸글루코오스다이스테아레이트, [38-9] 부틸렌글라이콜다이카프릴레이트/다이카프레이트, [38-10] 카프릴릭/카프릭트라이글리세라이드, [38-11] 팔미틱애씨드, [38-12] 1,2-헥산다이올, [38-13] 스테아릭애씨드, [38-14] 하이드록시에틸아크릴레이트/소듐아크릴로일다이메틸타우레이트코폴리머, [38-15] 글리세릴스테아레이트, [38-16] 하이드록시프로필비스팔미타마이드엠이에이, [38-17] 글리세릴스테아레이트시트레이트, [38-18] 콜레스테롤, [38-19] 나이아신아마이드, [38-20] 다이메티콘올, [38-21] 하이드록시프로필비스라우라마이드엠이에이, [38-22] 베헤닐알코올, [38-23] 글리세릴카프릴레이트, [38-24] 카보머, [38-25] 다이소듐이디티에이, [38-26] 에틸헥실글리세린, [38-27] 트로메타민, [38-28] 솔비탄아이소스테아레이트, [38-29] 피토스핑고신, [38-30] 만니톨, [38-31] 세라마이드엔피, [38-32] 토코페롤, [38-33] 하이드로제네이티드레시틴, [38-34] 아크릴레이트/암모늄메타크릴레이트코폴리머, [38-35] 실리카, [38-36] 스핑고리피드, [38-37] 아라키딕애씨드, [38-38] 올레익애씨드"
"A000000237493","[장벽로션/화잘먹로션] 코스노리 판테놀 베리어 에멀전 150ml","코스노리","150.0","150.0","ml","24000.0","16800","1120.0","정제수, 글리세린, 판테놀 5%, 프로판다이올, 1,2-헥산다이올, 다이프로필렌글라이콜, 하이드로제네이티드폴리데센, 퀸즈랜드넛오일, 나이아신아마이드, 카카두플럼추출물, 스쿠알란, 세테아릴올리베이트, 부틸렌글라이콜, 세테아릴알코올, 글리세릴스테아레이트, 솔비탄올리베이트, 카보머, 트로메타민, 하이드록시에틸아크릴레이트/소듐아크릴로일다이메틸타우레이트코폴리머, 카프릴릭/카프릭트라이글리세라이드, 토코페롤, 해바라기씨오일, 에틸헥실글리세린, 하이드로제네이티드레시틴, 락토바실러스/인삼뿌리발효여과물, 효모/감자추출물발효여과물, 아데노신, 락토바실러스/콩발효추출물, 락토바실러스/쌀발효물, 효모/율무씨발효여과물, 다이소듐이디티에이, 시어버터, 솔비탄아이소스테아레이트, 베타인, 세라마이드엔피, 하이알루로닉애씨드, 하이드롤라이즈드하이알루로닉애씨드, 소듐하이알루로네이트, 펜틸렌글라이콜, 마데카소사이드, 콜레스테롤, 세라마이드에이피, 세라마이드엔에스, 세라마이드에이에스, 데실글루코사이드, 유칼립투스잎추출물, 카프릴릴글라이콜, 병풀추출물, 아시아티코사이드, 아시아틱애씨드, 마데카식애씨드, 피토스핑고신, 세라마이드이오피","","[53-1] 정제수, [53-2] 글리세린, [53-3] 판테놀 5%, [53-4] 프로판다이올, [53-5] 1,2-헥산다이올, [53-6] 다이프로필렌글라이콜, [53-7] 하이드로제네이티드폴리데센, [53-8] 퀸즈랜드넛오일, [53-9] 나이아신아마이드, [53-10] 카카두플럼추출물, [53-11] 스쿠알란, [53-12] 세테아릴올리베이트, [53-13] 부틸렌글라이콜, [53-14] 세테아릴알코올, [53-15] 글리세릴스테아레이트, [53-16] 솔비탄올리베이트, [53-17] 카보머, [53-18] 트로메타민, [53-19] 하이드록시에틸아크릴레이트/소듐아크릴로일다이메틸타우레이트코폴리머, [53-20] 카프릴릭/카프릭트라이글리세라이드, [53-21] 토코페롤, [53-22] 해바라기씨오일, [53-23] 에틸헥실글리세린, [53-24] 하이드로제네이티드레시틴, [53-25] 락토바실러스/인삼뿌리발효여과물, [53-26] 효모/감자추출물발효여과물, [53-27] 아데노신, [53-28] 락토바실러스/콩발효추출물, [53-29] 락토바실러스/쌀발효물, [53-30] 효모/율무씨발효여과물, [53-31] 다이소듐이디티에이, [53-32] 시어버터, [53-33] 솔비탄아이소스테아레이트, [53-34] 베타인, [53-35] 세라마이드엔피, [53-36] 하이알루로닉애씨드, [53-37] 하이드롤라이즈드하이알루로닉애씨드, [53-38] 소듐하이알루로네이트, [53-39] 펜틸렌글라이콜, [53-40] 마데카소사이드, [53-41] 콜레스테롤, [53-42] 세라마이드에이피, [53-43] 세라마이드엔에스, [53-44] 세라마이드에이에스, [53-45] 데실글루코사이드, [53-46] 유칼립투스잎추출물, [53-47] 카프릴릴글라이콜, [53-48] 병풀추출물, [53-49] 아시아티코사이드, [53-50] 아시아틱애씨드, [53-51] 마데카식애씨드, [53-52] 피토스핑고신, [53-53] 세라마이드이오피"
"A000000258468","[NEW] 온그리디언츠 바쿠글로우 캡슐 로션 150ml","온그리디언츠","150.0","150.0","ml","28000.0","23900","1593.3","정제수, 글리세린, 카프릴릭/카프릭트라이글리세라이드, 부틸렌글라이콜, 1,2-헥산다이올, 나이아신아마이드, 캐스터오일/아이피디아이코폴리머, 폴리글리세린-3, 판테놀, 세테아릴알코올, 카보머, 암모늄아크릴로일다이메틸타우레이트/브이피코폴리머, 트로메타민, 에틸헥실글리세린, 아데노신, 바쿠치올, 구아이아줄렌, 흰무늬엉겅퀴씨추출물, 엑토인, 하이드로제네이티드레시틴, 폴리글리세릴-10미리스테이트, 소듐클로라이드, 프로판다이올, 소듐디엔에이, 락토바실러스발효용해물, 폴리글리세릴-10라우레이트, 벤질글라이콜, 하이드롤라이즈드글라이코사미노글리칸, 소듐하이알루로네이트, 소듐하이알루로네이트크로스폴리머, 하이드롤라이즈드하이알루로닉애씨드, 하이드록시프로필트라이모늄하이알루로네이트, 헥사펩타이드-9, 아세틸테트라펩타이드-5, 헥사펩타이드-11, 아세틸테트라펩타이드-2, 팔미토일펜타펩타이드-4, 트라이펩타이드-1, 카퍼트라이펩타이드-1, 아세틸헥사펩타이드-8, 팔미토일테트라펩타이드-7, 하이알루로닉애씨드, 콜라겐추출물, 알라닌/히스티딘/라이신폴리펩타이드카퍼에이치씨엘, 트라이펩타이드-32, 소듐아세틸레이티드하이알루로네이트, 다이소듐이디티에이","","[47-1] 정제수, [47-2] 글리세린, [47-3] 카프릴릭/카프릭트라이글리세라이드, [47-4] 부틸렌글라이콜, [47-5] 1,2-헥산다이올, [47-6] 나이아신아마이드, [47-7] 캐스터오일/아이피디아이코폴리머, [47-8] 폴리글리세린-3, [47-9] 판테놀, [47-10] 세테아릴알코올, [47-11] 카보머, [47-12] 암모늄아크릴로일다이메틸타우레이트/브이피코폴리머, [47-13] 트로메타민, [47-14] 에틸헥실글리세린, [47-15] 아데노신, [47-16] 바쿠치올, [47-17] 구아이아줄렌, [47-18] 흰무늬엉겅퀴씨추출물, [47-19] 엑토인, [47-20] 하이드로제네이티드레시틴, [47-21] 폴리글리세릴-10미리스테이트, [47-22] 소듐클로라이드, [47-23] 프로판다이올, [47-24] 소듐디엔에이, [47-25] 락토바실러스발효용해물, [47-26] 폴리글리세릴-10라우레이트, [47-27] 벤질글라이콜, [47-28] 하이드롤라이즈드글라이코사미노글리칸, [47-29] 소듐하이알루로네이트, [47-30] 소듐하이알루로네이트크로스폴리머, [47-31] 하이드롤라이즈드하이알루로닉애씨드, [47-32] 하이드록시프로필트라이모늄하이알루로네이트, [47-33] 헥사펩타이드-9, [47-34] 아세틸테트라펩타이드-5, [47-35] 헥사펩타이드-11, [47-36] 아세틸테트라펩타이드-2, [47-37] 팔미토일펜타펩타이드-4, [47-38] 트라이펩타이드-1, [47-39] 카퍼트라이펩타이드-1, [47-40] 아세틸헥사펩타이드-8, [47-41] 팔미토일테트라펩타이드-7, [47-42] 하이알루로닉애씨드, [47-43] 콜라겐추출물, [47-44] 알라닌/히스티딘/라이신폴리펩타이드카퍼에이치씨엘, [47-45] 트라이펩타이드-32, [47-46] 소듐아세틸레이티드하이알루로네이트, [47-47] 다이소듐이디티에이"
"A000000228228","[7년 연속 1위] 아이디얼포맨 퍼펙트 올인원 150ml 단품/기획","아이디얼포맨","150.0","150.0","ml","28000.0","22800","1520.0","[퍼펙트올인원] 정제수,글리세린,에틸헥실스테아레이트,1,2-헥산다이올,메틸프로판다이올,나이아신아마이드,메틸트라이메티콘,변성알코올,폴리글리세릴-3다이스테아레이트,베타인,세테아릴알코올,판테놀,다시마추출물,한련초잎추출물,콜라겐추출물,소듐하이알루로네이트,하이드로제네이티드레시틴,글리세릴스테아레이트,카보머,다이프로필렌글라이콜,알지닌,글리세릴스테아레이트시트레이트,에틸헥실글리세린,소듐스테아로일글루타메이트,아데노신,스키조사카로미세스발효여과물,다이소듐이디티에이,프룩토올리고사카라이드,부틸렌글라이콜,베타-글루칸,하이드롤라이즈드하이알루로닉애씨드,카프릴릭/카프릭트라이글리세라이드,레티놀,에이치디아이/트라이메틸올헥실락톤크로스폴리머,하이드롤라이즈드엘라스틴,폴리비닐알코올,토코페롤,카프릴릴글라이콜,아세틸테트라펩타이드-5,잔탄검,페닐프로판올,향료","","[42-1] 정제수, [42-2] 글리세린, [42-3] 에틸헥실스테아레이트, [42-4] 1,2-헥산다이올, [42-5] 메틸프로판다이올, [42-6] 나이아신아마이드, [42-7] 메틸트라이메티콘, [42-8] 변성알코올, [42-9] 폴리글리세릴-3다이스테아레이트, [42-10] 베타인, [42-11] 세테아릴알코올, [42-12] 판테놀, [42-13] 다시마추출물, [42-14] 한련초잎추출물, [42-15] 콜라겐추출물, [42-16] 소듐하이알루로네이트, [42-17] 하이드로제네이티드레시틴, [42-18] 글리세릴스테아레이트, [42-19] 카보머, [42-20] 다이프로필렌글라이콜, [42-21] 알지닌, [42-22] 글리세릴스테아레이트시트레이트, [42-23] 에틸헥실글리세린, [42-24] 소듐스테아로일글루타메이트, [42-25] 아데노신, [42-26] 스키조사카로미세스발효여과물, [42-27] 다이소듐이디티에이, [42-28] 프룩토올리고사카라이드, [42-29] 부틸렌글라이콜, [42-30] 베타-글루칸, [42-31] 하이드롤라이즈드하이알루로닉애씨드, [42-32] 카프릴릭/카프릭트라이글리세라이드, [42-33] 레티놀, [42-34] 에이치디아이/트라이메틸올헥실락톤크로스폴리머, [42-35] 하이드롤라이즈드엘라스틴, [42-36] 폴리비닐알코올, [42-37] 토코페롤, [42-38] 카프릴릴글라이콜, [42-39] 아세틸테트라펩타이드-5, [42-40] 잔탄검, [42-41] 페닐프로판올, [42-42] 향료"
"A000000243499","[1등 속광로션/단독기획] 온그리디언츠 스킨 베리어 카밍 로션 이엑스 220ml 기획 (+80ml)","온그리디언츠","220.0","300.0","ml","39900.0","30510","1017.0","정제수, 프로판다이올, 글리세린, 카프릴릭/카프릭트라이글리세라이드, 부틸렌글라이콜, 세틸에틸헥사노에이트, 페닐트라이메티콘, 1,2-헥산다이올, 폴리솔베이트60, 알지닌, 카보머, 하이드록시에틸우레아, 하이드록시아세토페논, 황련뿌리추출물, 에틸헥실글리세린, 호호바씨오일, 판테놀, 칸디다봄비콜라/글루코오스/메틸레이프씨데이트발효물, 해바라기씨오일, 다이프로필렌글라이콜, 소듐하이알루로네이트, 하이알루로닉애씨드, 하이드롤라이즈드하이알루로닉애씨드, 세라마이드엔피, 하이드로제네이티드레시틴, 하이드롤라이즈드콜라겐, 펜틸렌글라이콜, 에톡시다이글라이콜, 레시틴, 소듐하이알루로네이트크로스폴리머, 아세틸글루타민, 보리지추출물, 몰로키아잎추출물, 당근추출물, 마테잎추출물, 마데카소사이드, 판토테닉애씨드, 데실글루코사이드, 아시아티코사이드, 바실러스/소이빈발효추출물, 아시아틱애씨드, 카프릴릴글라이콜, 마데카식애씨드, 폴리글루타믹애씨드, 자일로오스, 폴릭애씨드, 병풀추출물, 헥사펩타이드-11, 올리고펩타이드-1, 올리고펩타이드-2, 올리고펩타이드-3, 아세틸헥사펩타이드-8, 귀리펩타이드, 카퍼트라이펩타이드-1, 팔미토일헥사펩타이드-12, 팔미토일펜타펩타이드-4, 팔미토일테트라펩타이드-7, 팔미토일트라이펩타이드-1, 트라이펩타이드-1","","[59-1] 정제수, [59-2] 프로판다이올, [59-3] 글리세린, [59-4] 카프릴릭/카프릭트라이글리세라이드, [59-5] 부틸렌글라이콜, [59-6] 세틸에틸헥사노에이트, [59-7] 페닐트라이메티콘, [59-8] 1,2-헥산다이올, [59-9] 폴리솔베이트60, [59-10] 알지닌, [59-11] 카보머, [59-12] 하이드록시에틸우레아, [59-13] 하이드록시아세토페논, [59-14] 황련뿌리추출물, [59-15] 에틸헥실글리세린, [59-16] 호호바씨오일, [59-17] 판테놀, [59-18] 칸디다봄비콜라/글루코오스/메틸레이프씨데이트발효물, [59-19] 해바라기씨오일, [59-20] 다이프로필렌글라이콜, [59-21] 소듐하이알루로네이트, [59-22] 하이알루로닉애씨드, [59-23] 하이드롤라이즈드하이알루로닉애씨드, [59-24] 세라마이드엔피, [59-25] 하이드로제네이티드레시틴, [59-26] 하이드롤라이즈드콜라겐, [59-27] 펜틸렌글라이콜, [59-28] 에톡시다이글라이콜, [59-29] 레시틴, [59-30] 소듐하이알루로네이트크로스폴리머, [59-31] 아세틸글루타민, [59-32] 보리지추출물, [59-33] 몰로키아잎추출물, [59-34] 당근추출물, [59-35] 마테잎추출물, [59-36] 마데카소사이드, [59-37] 판토테닉애씨드, [59-38] 데실글루코사이드, [59-39] 아시아티코사이드, [59-40] 바실러스/소이빈발효추출물, [59-41] 아시아틱애씨드, [59-42] 카프릴릴글라이콜, [59-43] 마데카식애씨드, [59-44] 폴리글루타믹애씨드, [59-45] 자일로오스, [59-46] 폴릭애씨드, [59-47] 병풀추출물, [59-48] 헥사펩타이드-11, [59-49] 올리고펩타이드-1, [59-50] 올리고펩타이드-2, [59-51] 올리고펩타이드-3, [59-52] 아세틸헥사펩타이드-8, [59-53] 귀리펩타이드, [59-54] 카퍼트라이펩타이드-1, [59-55] 팔미토일헥사펩타이드-12, [59-56] 팔미토일펜타펩타이드-4, [59-57] 팔미토일테트라펩타이드-7, [59-58] 팔미토일트라이펩타이드-1, [59-59] 트라이펩타이드-1"
"A000000228952","[7월 올영픽] 토리든 밸런스풀 포맨 시카 프레쉬 올인원 200g 기획(+밸런스풀 올인원 20g)","토리든","200.0","220.0","g(약 1ml 상당으로 근사)","25000.0","18240","829.1","정제수, 글리세린, 나이아신아마이드, 프로판다이올, 1,2-헥산다이올, 베타인, 판테놀(2000ppm), 병풀추출물(502ppm), 아시아티코사이드, 마데카식애씨드, 아시아틱애씨드, 마데카소사이드, 아데노신, 알란토인, 쓴풀추출물, 푸른연꽃추출물, 락토바실러스발효물, 접시꽃추출물, 알지닌, 칼슘판토테네이트, 징크피씨에이, 팔미토일다이펩타이드-7, 아세틸헥사펩타이드-8, 히비스커스꽃추출물, 참마뿌리추출물, 제비꽃꽃추출물, 박하추출물, 글리세릴글루코사이드, 폴리글리세린-3, 다이포타슘글리시리제이트, 카르노신, 하이드록시에틸아크릴레이트/소듐아크릴로일다이메틸타우레이트코폴리머, 암모늄아크릴로일다이메틸타우레이트/브이피코폴리머, 아크릴레이트/C10-30알킬아크릴레이트크로스폴리머, 솔비탄아이소스테아레이트, 2,3-부탄다이올, 아이소펜틸다이올, 폴리글리세릴-4올리에이트, 옥틸도데칸올, 페닐트라이메티콘, 카프릴로일살리실릭애씨드, 글루코닉애씨드, 비닐다이메티콘, 카프릴릴메티콘, 폴리실리콘-11, 소듐스테아로일글루타메이트, 소듐서팩틴, 소듐아세테이트, 솔비탄스테아레이트, 피토스테롤, 카보머, 에틸헥실글리세린, 콥티스뿌리추출물, 말라카이트추출물","","[54-1] 정제수, [54-2] 글리세린, [54-3] 나이아신아마이드, [54-4] 프로판다이올, [54-5] 1,2-헥산다이올, [54-6] 베타인, [54-7] 판테놀(2000ppm), [54-8] 병풀추출물(502ppm), [54-9] 아시아티코사이드, [54-10] 마데카식애씨드, [54-11] 아시아틱애씨드, [54-12] 마데카소사이드, [54-13] 아데노신, [54-14] 알란토인, [54-15] 쓴풀추출물, [54-16] 푸른연꽃추출물, [54-17] 락토바실러스발효물, [54-18] 접시꽃추출물, [54-19] 알지닌, [54-20] 칼슘판토테네이트, [54-21] 징크피씨에이, [54-22] 팔미토일다이펩타이드-7, [54-23] 아세틸헥사펩타이드-8, [54-24] 히비스커스꽃추출물, [54-25] 참마뿌리추출물, [54-26] 제비꽃꽃추출물, [54-27] 박하추출물, [54-28] 글리세릴글루코사이드, [54-29] 폴리글리세린-3, [54-30] 다이포타슘글리시리제이트, [54-31] 카르노신, [54-32] 하이드록시에틸아크릴레이트/소듐아크릴로일다이메틸타우레이트코폴리머, [54-33] 암모늄아크릴로일다이메틸타우레이트/브이피코폴리머, [54-34] 아크릴레이트/C10-30알킬아크릴레이트크로스폴리머, [54-35] 솔비탄아이소스테아레이트, [54-36] 2,3-부탄다이올, [54-37] 아이소펜틸다이올, [54-38] 폴리글리세릴-4올리에이트, [54-39] 옥틸도데칸올, [54-40] 페닐트라이메티콘, [54-41] 카프릴로일살리실릭애씨드, [54-42] 글루코닉애씨드, [54-43] 비닐다이메티콘, [54-44] 카프릴릴메티콘, [54-45] 폴리실리콘-11, [54-46] 소듐스테아로일글루타메이트, [54-47] 소듐서팩틴, [54-48] 소듐아세테이트, [54-49] 솔비탄스테아레이트, [54-50] 피토스테롤, [54-51] 카보머, [54-52] 에틸헥실글리세린, [54-53] 콥티스뿌리추출물, [54-54] 말라카이트추출물"
"A000000161508","[대용량] 라운드랩 1025 독도 로션 400ml","라운드랩","400.0","400.0","ml","39000.0","27300","682.5","정제수, 글리세린, 퀸즈랜드넛오일, 1,2-헥산다이올, 펜틸렌글라이콜, 아이리쉬모스추출물, 사탕수수추출물, 해수, 하이알루로닉애씨드, 하이드롤라이즈드하이알루로닉애씨드, 소듐하이알루로네이트, 판테놀, 스쿠알란, 부틸렌글라이콜, 폴리글리세릴-3메틸글루코오스다이스테아레이트, 글리세릴스테아레이트, 하이드로제네이티드폴리데센, 하이드록시에틸아크릴레이트/소듐아크릴로일다이메틸타우레이트코폴리머, 호호바에스터, 카프릴릴글라이콜, 트로메타민, 소듐파이테이트, 토코페롤, 소듐카복시메틸베타-글루칸, 에틸헥실글리세린, 세테아릴알코올, 카보머","","[27-1] 정제수, [27-2] 글리세린, [27-3] 퀸즈랜드넛오일, [27-4] 1,2-헥산다이올, [27-5] 펜틸렌글라이콜, [27-6] 아이리쉬모스추출물, [27-7] 사탕수수추출물, [27-8] 해수, [27-9] 하이알루로닉애씨드, [27-10] 하이드롤라이즈드하이알루로닉애씨드, [27-11] 소듐하이알루로네이트, [27-12] 판테놀, [27-13] 스쿠알란, [27-14] 부틸렌글라이콜, [27-15] 폴리글리세릴-3메틸글루코오스다이스테아레이트, [27-16] 글리세릴스테아레이트, [27-17] 하이드로제네이티드폴리데센, [27-18] 하이드록시에틸아크릴레이트/소듐아크릴로일다이메틸타우레이트코폴리머, [27-19] 호호바에스터, [27-20] 카프릴릴글라이콜, [27-21] 트로메타민, [27-22] 소듐파이테이트, [27-23] 토코페롤, [27-24] 소듐카복시메틸베타-글루칸, [27-25] 에틸헥실글리세린, [27-26] 세테아릴알코올, [27-27] 카보머"
"A000000250298","[7월올영픽]아이디얼포맨 프레시 올인원 150ml 단품/1+1 기획","아이디얼포맨","150.0","300.0","ml","26000.0","14800","493.3","정제수,다이프로필렌글라이콜,메틸프로판다이올,1,2-헥산다이올,글리세레스-26,나이아신아마이드,사이클로헥사실록세인,글리세린,카프릴릭/카프릭트라이글리세라이드,다시마추출물,한련초잎추출물,실버위드추출물,귀리커넬추출물,아티초크잎추출물,목면꽃추출물,감나무잎추출물,포도추출물,잇꽃꽃추출물,커피콩추출물,호장근뿌리추출물,녹차추출물,밤껍질추출물,초피나무열매추출물,하이드로제네이티드레시틴,녹차수,소듐하이알루로네이트,암모늄아크릴로일다이메틸타우레이트/브이피코폴리머,아크릴레이트/C10-30알킬아크릴레이트크로스폴리머,트로메타민,에틸헥실글리세린,글리세릴폴리메타크릴레이트,아데노신,프룩토올리고사카라이드,베타-글루칸,폴리쿼터늄-51,하이드롤라이즈드하이알루로닉애씨드,부틸렌글라이콜,락토바실러스발효물,토코페롤,카프릴릴글라이콜,프로판다이올,하이드롤라이즈드소듐하이알루로네이트,수크로오스다이스테아레이트,하이드록시프로필사이클로덱스트린,향료","","[45-1] 정제수, [45-2] 다이프로필렌글라이콜, [45-3] 메틸프로판다이올, [45-4] 1,2-헥산다이올, [45-5] 글리세레스-26, [45-6] 나이아신아마이드, [45-7] 사이클로헥사실록세인, [45-8] 글리세린, [45-9] 카프릴릭/카프릭트라이글리세라이드, [45-10] 다시마추출물, [45-11] 한련초잎추출물, [45-12] 실버위드추출물, [45-13] 귀리커넬추출물, [45-14] 아티초크잎추출물, [45-15] 목면꽃추출물, [45-16] 감나무잎추출물, [45-17] 포도추출물, [45-18] 잇꽃꽃추출물, [45-19] 커피콩추출물, [45-20] 호장근뿌리추출물, [45-21] 녹차추출물, [45-22] 밤껍질추출물, [45-23] 초피나무열매추출물, [45-24] 하이드로제네이티드레시틴, [45-25] 녹차수, [45-26] 소듐하이알루로네이트, [45-27] 암모늄아크릴로일다이메틸타우레이트/브이피코폴리머, [45-28] 아크릴레이트/C10-30알킬아크릴레이트크로스폴리머, [45-29] 트로메타민, [45-30] 에틸헥실글리세린, [45-31] 글리세릴폴리메타크릴레이트, [45-32] 아데노신, [45-33] 프룩토올리고사카라이드, [45-34] 베타-글루칸, [45-35] 폴리쿼터늄-51, [45-36] 하이드롤라이즈드하이알루로닉애씨드, [45-37] 부틸렌글라이콜, [45-38] 락토바실러스발효물, [45-39] 토코페롤, [45-40] 카프릴릴글라이콜, [45-41] 프로판다이올, [45-42] 하이드롤라이즈드소듐하이알루로네이트, [45-43] 수크로오스다이스테아레이트, [45-44] 하이드록시프로필사이클로덱스트린, [45-45] 향료"
"A000000223781","[트러블/면도후] 닥터지 레드 블레미쉬 포 맨 진정 올인원 150ml 2종 (단품/증정 기획)","닥터지","150.0","150.0","ml","32000.0","24000","1600.0","정제수, 나이아신아마이드, 카프릴릴메티콘, 메틸프로판다이올, 아이소도데케인, 1,2-헥산다이올, 다이프로필렌글라이콜, 프로판다이올, 글리세린, 카프릴릭/카프릭트라이글리세라이드, 하이드로제네이티드폴리(C6-14올레핀), 폴리글리세릴-2스테아레이트, C14-22알코올, 다이메티콘/비닐다이메티콘크로스폴리머, 글리세릴스테아레이트, C12-16알코올, 부틸렌글라이콜, 스테아릴알코올, 소듐폴리아크릴로일다이메틸타우레이트, 아크릴레이트/C10-30알킬아크릴레이트크로스폴리머, 암모늄아크릴로일다이메틸타우레이트/브이피코폴리머, 팔미틱애씨드, 하이드로제네이티드레시틴, C12-20알킬글루코사이드, 소듐하이알루로네이트, 아데노신, 트로메타민, 병풀추출물, 잔탄검, 호장근뿌리추출물, 황금추출물, 다이소듐이디티에이, 녹차추출물, 스페인감초뿌리추출물, 로즈마리잎추출물, 마트리카리아꽃추출물, 글루코노락톤, 마데카소사이드, 말토덱스트린, 세라마이드엔피, 티트리잎오일, 화이트티트리잎추출물, 스키산드라 스페난테라열매추출물, 아보카도열매추출물, 아시아티코사이드, 마데카식애씨드, 아시아틱애씨드, 다시마추출물, 당느릅나무뿌리추출물, 알로에베라잎추출물, 제비꽃꽃추출물, 참마뿌리추출물","","[52-1] 정제수, [52-2] 나이아신아마이드, [52-3] 카프릴릴메티콘, [52-4] 메틸프로판다이올, [52-5] 아이소도데케인, [52-6] 1,2-헥산다이올, [52-7] 다이프로필렌글라이콜, [52-8] 프로판다이올, [52-9] 글리세린, [52-10] 카프릴릭/카프릭트라이글리세라이드, [52-11] 하이드로제네이티드폴리(C6-14올레핀), [52-12] 폴리글리세릴-2스테아레이트, [52-13] C14-22알코올, [52-14] 다이메티콘/비닐다이메티콘크로스폴리머, [52-15] 글리세릴스테아레이트, [52-16] C12-16알코올, [52-17] 부틸렌글라이콜, [52-18] 스테아릴알코올, [52-19] 소듐폴리아크릴로일다이메틸타우레이트, [52-20] 아크릴레이트/C10-30알킬아크릴레이트크로스폴리머, [52-21] 암모늄아크릴로일다이메틸타우레이트/브이피코폴리머, [52-22] 팔미틱애씨드, [52-23] 하이드로제네이티드레시틴, [52-24] C12-20알킬글루코사이드, [52-25] 소듐하이알루로네이트, [52-26] 아데노신, [52-27] 트로메타민, [52-28] 병풀추출물, [52-29] 잔탄검, [52-30] 호장근뿌리추출물, [52-31] 황금추출물, [52-32] 다이소듐이디티에이, [52-33] 녹차추출물, [52-34] 스페인감초뿌리추출물, [52-35] 로즈마리잎추출물, [52-36] 마트리카리아꽃추출물, [52-37] 글루코노락톤, [52-38] 마데카소사이드, [52-39] 말토덱스트린, [52-40] 세라마이드엔피, [52-41] 티트리잎오일, [52-42] 화이트티트리잎추출물, [52-43] 스키산드라 스페난테라열매추출물, [52-44] 아보카도열매추출물, [52-45] 아시아티코사이드, [52-46] 마데카식애씨드, [52-47] 아시아틱애씨드, [52-48] 다시마추출물, [52-49] 당느릅나무뿌리추출물, [52-50] 알로에베라잎추출물, [52-51] 제비꽃꽃추출물, [52-52] 참마뿌리추출물"
"A000000137488","[7월올영픽] 비오템옴므 아쿠아파워 올인원 50ml 트래블 기획/200ml","비오템","50.0","250.0","ml","30000.0","20400","816.0","올인원 : 정제수 페퍼민트잎수 변성알코올 프로필렌글라이콜 글리세린 부틸렌글라이콜 피이지-20 피이지-8 피피지-6-데실테트라데세스-30 비스-피이지-18메틸에터다이메틸실레인 카보머 페녹시에탄올 향료 프로판다이올 에틸헥실글리세린 포타슘하이드록사이드 멘톨 아데노신 알지닌 시트릭애씨드 살리실릭애씨드 리날룰 리모넨 알테로모나스발효추출물 비트레오스실라발효물 벤질살리실레이트 하이드록시시트로넬알 시트로넬올 쿠마린 토코페롤
올인원 스틱: 정제수 다이카프릴릴카보네이트 부틸렌글라이콜 아이소데실네오펜타노에이트 합성왁스 다이메티콘 마이크로크리스탈린왁스 글리세린 나이아신아마이드 라우릴피이지-8다이메티콘 소듐클로라이드 다이프로필렌글라이콜 1,2-헥산다이올 카프릴릭/카프릭트라이글리세라이드 솔비탄세스퀴올리에이트 글리세릴카프릴레이트 다이메티콘/피이지-10/15크로스폴리머 토코페롤 멘톨 멘틸락테이트 향료 스테아랄코늄헥토라이트 소듐하이알루로네이트 세라마이드엔피 프로필렌카보네이트 아데노신 비트레오스실라발효물 티타늄디옥사이드 리날룰 리모넨 크로뮴옥사이드그린 울트라마린 소듐시트레이트 벤질살리실레이트 하이드록시시트로넬알 시트로넬올 트라이에톡시카프릴릴실레인 알루미늄하이드록사이드
아쿠아피트니스 샤워젤: 정제수 소듐라우레스설페이트 하이드로제네이티드스타치하이드롤리세이트 수크로오스 코코-베타인 소듐클로라이드 향료 시트릭애씨드 해수 소듐하이드록사이드 비트레오스실라발효물 헥실렌글라이콜 시트랄 황색4호 청색1호 페녹시에탄올 살리실릭애씨드 소듐벤조에이트","","[89-1] 올인원, [89-2] 정제수, [89-3] 페퍼민트잎수, [89-4] 변성알코올, [89-5] 프로필렌글라이콜, [89-6] 글리세린, [89-7] 부틸렌글라이콜, [89-8] 피이지-20, [89-9] 피이지-8, [89-10] 피피지-6-데실테트라데세스-30, [89-11] 비스-피이지-18메틸에터다이메틸실레인, [89-12] 카보머, [89-13] 페녹시에탄올, [89-14] 향료, [89-15] 프로판다이올, [89-16] 에틸헥실글리세린, [89-17] 포타슘하이드록사이드, [89-18] 멘톨, [89-19] 아데노신, [89-20] 알지닌, [89-21] 시트릭애씨드, [89-22] 살리실릭애씨드, [89-23] 리날룰, [89-24] 리모넨, [89-25] 알테로모나스발효추출물, [89-26] 비트레오스실라발효물, [89-27] 벤질살리실레이트, [89-28] 하이드록시시트로넬알, [89-29] 시트로넬올, [89-30] 쿠마린, [89-31] 토코페롤, [89-32] 올인원, [89-33] 정제수, [89-34] 다이카프릴릴카보네이트, [89-35] 부틸렌글라이콜, [89-36] 아이소데실네오펜타노에이트, [89-37] 합성왁스, [89-38] 다이메티콘, [89-39] 마이크로크리스탈린왁스, [89-40] 글리세린, [89-41] 나이아신아마이드, [89-42] 라우릴피이지-8다이메티콘, [89-43] 소듐클로라이드, [89-44] 다이프로필렌글라이콜, [89-45] 1,2-헥산다이올, [89-46] 카프릴릭/카프릭트라이글리세라이드, [89-47] 솔비탄세스퀴올리에이트, [89-48] 글리세릴카프릴레이트, [89-49] 다이메티콘/피이지-10/15크로스폴리머, [89-50] 토코페롤, [89-51] 멘톨, [89-52] 멘틸락테이트, [89-53] 향료, [89-54] 스테아랄코늄헥토라이트, [89-55] 소듐하이알루로네이트, [89-56] 세라마이드엔피, [89-57] 프로필렌카보네이트, [89-58] 아데노신, [89-59] 비트레오스실라발효물, [89-60] 티타늄디옥사이드, [89-61] 리날룰, [89-62] 리모넨, [89-63] 크로뮴옥사이드그린, [89-64] 울트라마린, [89-65] 소듐시트레이트, [89-66] 벤질살리실레이트, [89-67] 하이드록시시트로넬알, [89-68] 시트로넬올, [89-69] 트라이에톡시카프릴릴실레인, [89-70] 알루미늄하이드록사이드, [89-71] 아쿠아피트니스, [89-72] 정제수, [89-73] 소듐라우레스설페이트, [89-74] 하이드로제네이티드스타치하이드롤리세이트, [89-75] 수크로오스, [89-76] 코코-베타인, [89-77] 소듐클로라이드, [89-78] 향료, [89-79] 시트릭애씨드, [89-80] 해수, [89-81] 소듐하이드록사이드, [89-82] 비트레오스실라발효물, [89-83] 헥실렌글라이콜, [89-84] 시트랄, [89-85] 황색4호, [89-86] 청색1호, [89-87] 페녹시에탄올, [89-88] 살리실릭애씨드, [89-89] 소듐벤조에이트"
"A000000248426","[NEW/리뉴얼] 아누아 어성초 77 히알루론산 수분 진정 로션 200ml","아누아","200.0","200.0","ml","28000.0","21900","1095.0","약모밀꽃/잎/줄기수(77%), 글리세린, 에틸헥실스테아레이트, 1,2-헥산다이올, 글리세릴스테아레이트시트레이트, 메틸프로판다이올, 백미꽃추출물, 접시꽃추출물, 메틸트라이메티콘, 펜틸렌글라이콜, 하이드로제네이티드폴리(C6-14올레핀), 부틸렌글라이콜, 정제수, 암모늄아크릴로일다이메틸타우레이트/브이피코폴리머, 글리세릴스테아레이트, 폴리글리세릴-3다이스테아레이트, 베타인, 글리세릴글루코사이드, 하이드로제네이티드레시틴, 트로메타민, 소듐스테아로일글루타메이트, 에틸헥실글리세린, 다이포타슘글리시리제이트, 소듐파이테이트, 베타-글루칸, 토코페롤, 하이드롤라이즈드하이알루로닉애씨드(1.5ppb), 하이알루로닉애씨드(1ppb), 소듐하이알루로네이트(1ppb), 다이메틸실란올하이알루로네이트(1.5ppb), 하이드롤라이즈드소듐하이알루로네이트(1.5ppb), 포타슘하이알루로네이트(1ppb), 하이드록시프로필트라이모늄하이알루로네이트(0.8ppb), 소듐하이알루로네이트크로스폴리머(0.8ppb), 소듐하이알루로네이트다이메틸실란올(0.5ppb), 소듐아세틸레이티드하이알루로네이트(0.4ppb), 판테놀, 쿼세틴, 아이소쿼시트린, 약모밀소포(0.1ppb), 카보머","","[41-1] 약모밀꽃/잎/줄기수(77%), [41-2] 글리세린, [41-3] 에틸헥실스테아레이트, [41-4] 1,2-헥산다이올, [41-5] 글리세릴스테아레이트시트레이트, [41-6] 메틸프로판다이올, [41-7] 백미꽃추출물, [41-8] 접시꽃추출물, [41-9] 메틸트라이메티콘, [41-10] 펜틸렌글라이콜, [41-11] 하이드로제네이티드폴리(C6-14올레핀), [41-12] 부틸렌글라이콜, [41-13] 정제수, [41-14] 암모늄아크릴로일다이메틸타우레이트/브이피코폴리머, [41-15] 글리세릴스테아레이트, [41-16] 폴리글리세릴-3다이스테아레이트, [41-17] 베타인, [41-18] 글리세릴글루코사이드, [41-19] 하이드로제네이티드레시틴, [41-20] 트로메타민, [41-21] 소듐스테아로일글루타메이트, [41-22] 에틸헥실글리세린, [41-23] 다이포타슘글리시리제이트, [41-24] 소듐파이테이트, [41-25] 베타-글루칸, [41-26] 토코페롤, [41-27] 하이드롤라이즈드하이알루로닉애씨드(1.5ppb), [41-28] 하이알루로닉애씨드(1ppb), [41-29] 소듐하이알루로네이트(1ppb), [41-30] 다이메틸실란올하이알루로네이트(1.5ppb), [41-31] 하이드롤라이즈드소듐하이알루로네이트(1.5ppb), [41-32] 포타슘하이알루로네이트(1ppb), [41-33] 하이드록시프로필트라이모늄하이알루로네이트(0.8ppb), [41-34] 소듐하이알루로네이트크로스폴리머(0.8ppb), [41-35] 소듐하이알루로네이트다이메틸실란올(0.5ppb), [41-36] 소듐아세틸레이티드하이알루로네이트(0.4ppb), [41-37] 판테놀, [41-38] 쿼세틴, [41-39] 아이소쿼시트린, [41-40] 약모밀소포(0.1ppb), [41-41] 카보머"
"A000000209904","제로이드 수딩 로션 160ml","제로이드","160.0","160.0","ml","30000.0","27000","1687.5","정제수, 글리세린, 프로판다이올, 카프릴릭/카프릭트라이글리세라이드, 솔비탄스테아레이트, 세테아릴알코올 ,잇꽃씨오일, 글리세릴스테아레이트, 다이메티콘, 스테아릭애씨드, 미리스토일/팔미토일옥소스테아라마이드/아라카마이드엠이에이, 메틸카프로오일타이로지네이트, 피토스테롤, 토코페릴아세테이트, 비사보롤, 잔탄검, 소듐하이알루로네이트, 카보머, 알지닌, 1,2-헥산다이올, 카프릴릴글라이콜, 트로폴론","","[22-1] 정제수, [22-2] 글리세린, [22-3] 프로판다이올, [22-4] 카프릴릭/카프릭트라이글리세라이드, [22-5] 솔비탄스테아레이트, [22-6] 세테아릴알코올, [22-7] 잇꽃씨오일, [22-8] 글리세릴스테아레이트, [22-9] 다이메티콘, [22-10] 스테아릭애씨드, [22-11] 미리스토일/팔미토일옥소스테아라마이드/아라카마이드엠이에이, [22-12] 메틸카프로오일타이로지네이트, [22-13] 피토스테롤, [22-14] 토코페릴아세테이트, [22-15] 비사보롤, [22-16] 잔탄검, [22-17] 소듐하이알루로네이트, [22-18] 카보머, [22-19] 알지닌, [22-20] 1,2-헥산다이올, [22-21] 카프릴릴글라이콜, [22-22] 트로폴론"
"A000000230522","[단독기획] 토리든 다이브인 포맨 저분자 히알루론산 올인원 200g 더블 기획","토리든","200.0","400.0","g(약 1ml 상당으로 근사)","38000.0","29900","747.5","정제수, 글리세린, 부틸렌글라이콜, 카프릴릭/카프릭트라이글리세라이드, 1,2-헥산다이올, 판테놀, 아데노신, 소듐하이알루로네이트, 하이드롤라이즈드하이알루로닉애씨드, 소듐아세틸레이티드하이알루로네이트, 소듐하이알루로네이트크로스폴리머, 하이드롤라이즈드소듐하이알루로네이트, 알란토인, 징크피씨에이, 글리세레스-26, 펜틸렌글라이콜, 2,3-부탄다이올, 우레아, 트로메타민, 하이드록시에틸아크릴레이트/소듐아크릴로일다이메틸타우레이트코폴리머, 하이드록시에틸우레아, C12-20알킬글루코사이드, 잔탄검, 다이소듐이디티에이, 아크릴레이트/C10-30알킬아크릴레이트크로스폴리머, 글리세릴아크릴레이트/아크릴릭애씨드코폴리머, 피브이엠/엠에이코폴리머, 솔비탄아이소스테아레이트, 소듐아세테이트, 비닐다이메티콘, C14-22알코올, 다이펩타이드-2, 글루코오스, 에틸헥실글리세린","","[34-1] 정제수, [34-2] 글리세린, [34-3] 부틸렌글라이콜, [34-4] 카프릴릭/카프릭트라이글리세라이드, [34-5] 1,2-헥산다이올, [34-6] 판테놀, [34-7] 아데노신, [34-8] 소듐하이알루로네이트, [34-9] 하이드롤라이즈드하이알루로닉애씨드, [34-10] 소듐아세틸레이티드하이알루로네이트, [34-11] 소듐하이알루로네이트크로스폴리머, [34-12] 하이드롤라이즈드소듐하이알루로네이트, [34-13] 알란토인, [34-14] 징크피씨에이, [34-15] 글리세레스-26, [34-16] 펜틸렌글라이콜, [34-17] 2,3-부탄다이올, [34-18] 우레아, [34-19] 트로메타민, [34-20] 하이드록시에틸아크릴레이트/소듐아크릴로일다이메틸타우레이트코폴리머, [34-21] 하이드록시에틸우레아, [34-22] C12-20알킬글루코사이드, [34-23] 잔탄검, [34-24] 다이소듐이디티에이, [34-25] 아크릴레이트/C10-30알킬아크릴레이트크로스폴리머, [34-26] 글리세릴아크릴레이트/아크릴릭애씨드코폴리머, [34-27] 피브이엠/엠에이코폴리머, [34-28] 솔비탄아이소스테아레이트, [34-29] 소듐아세테이트, [34-30] 비닐다이메티콘, [34-31] C14-22알코올, [34-32] 다이펩타이드-2, [34-33] 글루코오스, [34-34] 에틸헥실글리세린"
"A000000222773","[7년 연속 1위] 아이디얼포맨 퍼펙트 올인원 150ml 단품/기획","아이디얼포맨","150.0","150.0","ml","","28000","1866.7","[퍼펙트올인원] 
정제수,글리세린,에틸헥실스테아레이트,1,2-헥산다이올,메틸프로판다이올,나이아신아마이드,메틸트라이메티콘,변성알코올,폴리글리세릴-3다이스테아레이트,베타인,세테아릴알코올,판테놀,다시마추출물,한련초잎추출물,콜라겐추출물,소듐하이알루로네이트,하이드로제네이티드레시틴,글리세릴스테아레이트,카보머,다이프로필렌글라이콜,알지닌,글리세릴스테아레이트시트레이트,에틸헥실글리세린,소듐스테아로일글루타메이트,아데노신,스키조사카로미세스발효여과물,다이소듐이디티에이,프룩토올리고사카라이드,부틸렌글라이콜,베타-글루칸,하이드롤라이즈드하이알루로닉애씨드,카프릴릭/카프릭트라이글리세라이드,레티놀,에이치디아이/트라이메틸올헥실락톤크로스폴리머,하이드롤라이즈드엘라스틴,폴리비닐알코올,토코페롤,카프릴릴글라이콜,아세틸테트라펩타이드-5,잔탄검,페닐프로판올,향료


[바디워시]
정제수,코카미도프로필베타인,다이소듐코코암포다이아세테이트,소듐클로라이드,코코-글루코사이드,소듐메틸코코일타우레이트,병풀추출물,티트리잎추출물,삼나무잎추출물,연꽃잎추출물,효모발효물,퀼라자껍질추출물,백미꽃추출물,접시꽃추출물,라우라마이드미파,글리세린,메틸프로판다이올,카프릴릴글라이콜,데실글루코사이드,시트릭애씨드,코카마이드메틸엠이에이,소듐코코일이세티오네이트,프로판다이올,에틸헥실글리세린,소듐파이테이트,1,2-헥산다이올,폴리글리세릴-10아이소스테아레이트,폴리글리세릴-10올리에이트,부틸렌글라이콜,토코페롤,에탄올,포타슘벤조에이트,소듐벤조에이트,향료

[퍼펙트 클렌징폼]
정제수,글리세린,팔미틱애씨드,스테아릭애씨드,미리스틱애씨드,포타슘하이드록사이드,약모밀추출물,소듐하이알루로네이트,포타슘코코일글리시네이트,글리세릴스테아레이트에스이,폴리쿼터늄-7,소듐파이테이트,부틸렌글라이콜,판테놀,프로판다이올,솔비톨,글라이신,1,2-헥산다이올,세린,글루타믹애씨드,아스파틱애씨드,류신,알라닌,라이신,알지닌,타이로신,페닐알라닌,프롤린,트레오닌,발린,아이소류신,히스티딘,시스테인,메티오닌,에틸헥실글리세린,소듐벤조에이트","","[110-1] 정제수, [110-2] 글리세린, [110-3] 에틸헥실스테아레이트, [110-4] 1,2-헥산다이올, [110-5] 메틸프로판다이올, [110-6] 나이아신아마이드, [110-7] 메틸트라이메티콘, [110-8] 변성알코올, [110-9] 폴리글리세릴-3다이스테아레이트, [110-10] 베타인, [110-11] 세테아릴알코올, [110-12] 판테놀, [110-13] 다시마추출물, [110-14] 한련초잎추출물, [110-15] 콜라겐추출물, [110-16] 소듐하이알루로네이트, [110-17] 하이드로제네이티드레시틴, [110-18] 글리세릴스테아레이트, [110-19] 카보머, [110-20] 다이프로필렌글라이콜, [110-21] 알지닌, [110-22] 글리세릴스테아레이트시트레이트, [110-23] 에틸헥실글리세린, [110-24] 소듐스테아로일글루타메이트, [110-25] 아데노신, [110-26] 스키조사카로미세스발효여과물, [110-27] 다이소듐이디티에이, [110-28] 프룩토올리고사카라이드, [110-29] 부틸렌글라이콜, [110-30] 베타-글루칸, [110-31] 하이드롤라이즈드하이알루로닉애씨드, [110-32] 카프릴릭/카프릭트라이글리세라이드, [110-33] 레티놀, [110-34] 에이치디아이/트라이메틸올헥실락톤크로스폴리머, [110-35] 하이드롤라이즈드엘라스틴, [110-36] 폴리비닐알코올, [110-37] 토코페롤, [110-38] 카프릴릴글라이콜, [110-39] 아세틸테트라펩타이드-5, [110-40] 잔탄검, [110-41] 페닐프로판올, [110-42] 정제수, [110-43] 코카미도프로필베타인, [110-44] 다이소듐코코암포다이아세테이트, [110-45] 소듐클로라이드, [110-46] 코코-글루코사이드, [110-47] 소듐메틸코코일타우레이트, [110-48] 병풀추출물, [110-49] 티트리잎추출물, [110-50] 삼나무잎추출물, [110-51] 연꽃잎추출물, [110-52] 효모발효물, [110-53] 퀼라자껍질추출물, [110-54] 백미꽃추출물, [110-55] 접시꽃추출물, [110-56] 라우라마이드미파, [110-57] 글리세린, [110-58] 메틸프로판다이올, [110-59] 카프릴릴글라이콜, [110-60] 데실글루코사이드, [110-61] 시트릭애씨드, [110-62] 코카마이드메틸엠이에이, [110-63] 소듐코코일이세티오네이트, [110-64] 프로판다이올, [110-65] 에틸헥실글리세린, [110-66] 소듐파이테이트, [110-67] 1,2-헥산다이올, [110-68] 폴리글리세릴-10아이소스테아레이트, [110-69] 폴리글리세릴-10올리에이트, [110-70] 부틸렌글라이콜, [110-71] 토코페롤, [110-72] 에탄올, [110-73] 포타슘벤조에이트, [110-74] 소듐벤조에이트, [110-75] 정제수, [110-76] 글리세린, [110-77] 팔미틱애씨드, [110-78] 스테아릭애씨드, [110-79] 미리스틱애씨드, [110-80] 포타슘하이드록사이드, [110-81] 약모밀추출물, [110-82] 소듐하이알루로네이트, [110-83] 포타슘코코일글리시네이트, [110-84] 글리세릴스테아레이트에스이, [110-85] 폴리쿼터늄-7, [110-86] 소듐파이테이트, [110-87] 부틸렌글라이콜, [110-88] 판테놀, [110-89] 프로판다이올, [110-90] 솔비톨, [110-91] 글라이신, [110-92] 1,2-헥산다이올, [110-93] 세린, [110-94] 글루타믹애씨드, [110-95] 아스파틱애씨드, [110-96] 류신, [110-97] 알라닌, [110-98] 라이신, [110-99] 알지닌, [110-100] 타이로신, [110-101] 페닐알라닌, [110-102] 프롤린, [110-103] 트레오닌, [110-104] 발린, [110-105] 아이소류신, [110-106] 히스티딘, [110-107] 시스테인, [110-108] 메티오닌, [110-109] 에틸헥실글리세린, [110-110] 소듐벤조에이트"
"A000000183744","[시카보다 4배*강한] 한율 어린쑥 수분진정 플루이드 125ml","한율","125.0","125.0","ml","32000.0","25600","2048.0","정제수, 프로판다이올, 글리세린, 메틸트라이메티콘, 황해쑥잎수(18,944 ppm), 1,2-헥산다이올, 피씨에이다이메티콘, 천궁수, 왜당귀뿌리수, 실리카, 판테놀(5,000 ppm), 부틸렌글라이콜, 폴리메틸실세스퀴옥세인, 암모늄아크릴로일다이메틸타우레이트/브이피코폴리머, 폴리글리세릴-6카프릴레이트, 폴리글리세릴-4카프레이트, 아크릴레이트/C10-30알킬아크릴레이트크로스폴리머, 트로메타민, 잔탄검, 글리세릴카프릴레이트, 향료, 2,3-부탄다이올, 에틸헥실글리세린, 다이소듐이디티에이, 레시틴, 락토바실러스발효물, 이눌린라우릴카바메이트, 황해쑥잎추출물(10 ppm), 병풀꽃/잎/줄기추출물, 토코페롤","","[32-1] 정제수, [32-2] 프로판다이올, [32-3] 글리세린, [32-4] 메틸트라이메티콘, [32-5] 황해쑥잎수(18, [32-6] 944 ppm), [32-7] 1,2-헥산다이올, [32-8] 피씨에이다이메티콘, [32-9] 천궁수, [32-10] 왜당귀뿌리수, [32-11] 실리카, [32-12] 판테놀(5, [32-13] 000 ppm), [32-14] 부틸렌글라이콜, [32-15] 폴리메틸실세스퀴옥세인, [32-16] 암모늄아크릴로일다이메틸타우레이트/브이피코폴리머, [32-17] 폴리글리세릴-6카프릴레이트, [32-18] 폴리글리세릴-4카프레이트, [32-19] 아크릴레이트/C10-30알킬아크릴레이트크로스폴리머, [32-20] 트로메타민, [32-21] 잔탄검, [32-22] 글리세릴카프릴레이트, [32-23] 향료, [32-24] 2,3-부탄다이올, [32-25] 에틸헥실글리세린, [32-26] 다이소듐이디티에이, [32-27] 레시틴, [32-28] 락토바실러스발효물, [32-29] 이눌린라우릴카바메이트, [32-30] 황해쑥잎추출물(10 ppm), [32-31] 병풀꽃/잎/줄기추출물, [32-32] 토코페롤"
"A000000225493","랩시리즈 클리어 LS 리서페이싱 & 매티파잉 라이트웨이트 에멀전 50ml","랩시리즈","50.0","50.0","ml","74000.0","62900","12580.0","정제수,다이메티콘,글리세린,부틸렌글라이콜,폴리실리콘-11,폴리솔베이트40,수크로오스,실리카,폴리아크릴레이트크로스폴리머-6,베타인,아세틸글루코사민,비닐다이메티콘/메티콘실세스퀴옥세인크로스폴리머,창과감초뿌리추출물,사발팜열매추출물,슈가켈프추출물,살리실릭애씨드,조류추출물,락토바실러스발효물,소듐하이알루로네이트,카페인,비사보롤,트레할로오스,오이열매추출물,돌콩추출물,사과추출물,구름버섯추출물,황금추출물,시트릭애씨드,징크피씨에이,소듐설파이트,소듐메타바이설파이트,소듐시트레이트,다이소듐이디티에이,페녹시에탄올,포타슘솔베이트,카프릴릴글라이콜,소듐하이드록사이드,미리스틸알코올,세틸알코올,피이지/피피지-18/18다이메티콘,피이지-10다이메티콘,향료,적색504호,황색4호,청색1호  

제공된 성분은 동일 제품이라도 경우에 따라 변경될 수 있습니다. 최신정보는 제품 포장의 성분을 참고하시거나 본사 고객관리지원팀으로 연락 부탁 드립니다.","","[45-1] 정제수, [45-2] 다이메티콘, [45-3] 글리세린, [45-4] 부틸렌글라이콜, [45-5] 폴리실리콘-11, [45-6] 폴리솔베이트40, [45-7] 수크로오스, [45-8] 실리카, [45-9] 폴리아크릴레이트크로스폴리머-6, [45-10] 베타인, [45-11] 아세틸글루코사민, [45-12] 비닐다이메티콘/메티콘실세스퀴옥세인크로스폴리머, [45-13] 창과감초뿌리추출물, [45-14] 사발팜열매추출물, [45-15] 슈가켈프추출물, [45-16] 살리실릭애씨드, [45-17] 조류추출물, [45-18] 락토바실러스발효물, [45-19] 소듐하이알루로네이트, [45-20] 카페인, [45-21] 비사보롤, [45-22] 트레할로오스, [45-23] 오이열매추출물, [45-24] 돌콩추출물, [45-25] 사과추출물, [45-26] 구름버섯추출물, [45-27] 황금추출물, [45-28] 시트릭애씨드, [45-29] 징크피씨에이, [45-30] 소듐설파이트, [45-31] 소듐메타바이설파이트, [45-32] 소듐시트레이트, [45-33] 다이소듐이디티에이, [45-34] 페녹시에탄올, [45-35] 포타슘솔베이트, [45-36] 카프릴릴글라이콜, [45-37] 소듐하이드록사이드, [45-38] 미리스틸알코올, [45-39] 세틸알코올, [45-40] 피이지/피피지-18/18다이메티콘, [45-41] 피이지-10다이메티콘, [45-42] 향료, [45-43] 적색504호, [45-44] 황색4호, [45-45] 제공된 성분은 동일 제품이라도 경우에 따라 변경될 수 있습니다. 최신정보는 제품 포장의 성분을 참고하시거나 본사 고객관리지원팀으로 연락 부탁 드립니다."
"A000000198321","에스트라 아토베리어365 로션 150ml","에스트라","150.0","150.0","ml","33000.0","29700","1980.0","정제수, 부틸렌글라이콜, 글리세린, 다이메티콘, 스쿠알란, 펜타에리스리틸테트라아이소스테아레이트, 베타인, 폴리글리세릴-3메틸글루코오스다이스테아레이트, 부틸렌글라이콜다이카프릴레이트/다이카프레이트, 카프릴릭/카프릭트라이글리세라이드, 팔미틱애씨드, 1,2-헥산다이올, 스테아릭애씨드, 하이드록시에틸아크릴레이트/소듐아크릴로일다이메틸타우레이트코폴리머, 글리세릴스테아레이트, 하이드록시프로필비스팔미타마이드엠이에이, 글리세릴스테아레이트시트레이트, 콜레스테롤, 나이아신아마이드, 다이메티콘올, 하이드록시프로필비스라우라마이드엠이에이, 베헤닐알코올, 글리세릴카프릴레이트, 카보머, 다이소듐이디티에이, 에틸헥실글리세린, 트로메타민, 솔비탄아이소스테아레이트, 피토스핑고신, 만니톨, 세라마이드엔피, 토코페롤, 하이드로제네이티드레시틴, 아크릴레이트/암모늄메타크릴레이트코폴리머, 실리카, 스핑고리피드, 아라키딕애씨드, 올레익애씨드","","[38-1] 정제수, [38-2] 부틸렌글라이콜, [38-3] 글리세린, [38-4] 다이메티콘, [38-5] 스쿠알란, [38-6] 펜타에리스리틸테트라아이소스테아레이트, [38-7] 베타인, [38-8] 폴리글리세릴-3메틸글루코오스다이스테아레이트, [38-9] 부틸렌글라이콜다이카프릴레이트/다이카프레이트, [38-10] 카프릴릭/카프릭트라이글리세라이드, [38-11] 팔미틱애씨드, [38-12] 1,2-헥산다이올, [38-13] 스테아릭애씨드, [38-14] 하이드록시에틸아크릴레이트/소듐아크릴로일다이메틸타우레이트코폴리머, [38-15] 글리세릴스테아레이트, [38-16] 하이드록시프로필비스팔미타마이드엠이에이, [38-17] 글리세릴스테아레이트시트레이트, [38-18] 콜레스테롤, [38-19] 나이아신아마이드, [38-20] 다이메티콘올, [38-21] 하이드록시프로필비스라우라마이드엠이에이, [38-22] 베헤닐알코올, [38-23] 글리세릴카프릴레이트, [38-24] 카보머, [38-25] 다이소듐이디티에이, [38-26] 에틸헥실글리세린, [38-27] 트로메타민, [38-28] 솔비탄아이소스테아레이트, [38-29] 피토스핑고신, [38-30] 만니톨, [38-31] 세라마이드엔피, [38-32] 토코페롤, [38-33] 하이드로제네이티드레시틴, [38-34] 아크릴레이트/암모늄메타크릴레이트코폴리머, [38-35] 실리카, [38-36] 스핑고리피드, [38-37] 아라키딕애씨드, [38-38] 올레익애씨드"
"A000000184697","[10년 연속 1위] 아이오페 맨 올데이 퍼펙트 올인원 120ml 기획 (+30ml)","아이오페","120.0","150.0","ml","","38000","2533.3","정제수, 글리세린, 베타인, 변성알코올, 다이프로필렌글라
이콜, 사이클로펜타실록세인, 나이아신아마이드, 1,2-헥산
다이올, 실리카, 사이클로헥사실록세인, 세테아릴알코올,
다이메티콘올, 아크릴레이트/C10-30알킬아크릴레이트
크로스폴리머, 글리세릴스테아레이트, 트로메타민, 향료,
하이드로제네이티드레시틴, 토코페롤, 글리세릴카프릴레
이트, 프로판다이올, 스테아릭애씨드, 폴리글리세릴-3메
틸글루코오스다이스테아레이트, 팔미틱애씨드, 에틸헥실
글리세린, 멘톡시프로판다이올, 아데노신, 펜틸렌글라이
콜, 덱스트린, 다이소듐이디티에이, 페퍼민트추출물, 바이
오사카라이드검-1, 맥주효모추출물, 미리스틱애씨드, 라
우릭애씨드","","[35-1] 정제수, [35-2] 글리세린, [35-3] 베타인, [35-4] 변성알코올, [35-5] 이콜, [35-6] 사이클로펜타실록세인, [35-7] 나이아신아마이드, [35-8] 1, [35-9] 다이올, [35-10] 실리카, [35-11] 사이클로헥사실록세인, [35-12] 세테아릴알코올, [35-13] 다이메티콘올, [35-14] 크로스폴리머, [35-15] 글리세릴스테아레이트, [35-16] 트로메타민, [35-17] 향료, [35-18] 하이드로제네이티드레시틴, [35-19] 토코페롤, [35-20] 이트, [35-21] 프로판다이올, [35-22] 스테아릭애씨드, [35-23] 틸글루코오스다이스테아레이트, [35-24] 팔미틱애씨드, [35-25] 글리세린, [35-26] 멘톡시프로판다이올, [35-27] 아데노신, [35-28] 콜, [35-29] 덱스트린, [35-30] 다이소듐이디티에이, [35-31] 페퍼민트추출물, [35-32] 오사카라이드검-1, [35-33] 맥주효모추출물, [35-34] 미리스틱애씨드, [35-35] 우릭애씨드"
"A000000230537","[7월올영픽/미피 랜덤파우치 증정] 오브제 포어 제로 프레쉬 올인원 150ml 단품/기획","오브제","150.0","150.0","ml","28000.0","20900","1393.3","정제수, 버지니아풍년화수, 글리세린, 나이아신아마이드, 아이소도데케인, 하이드로제네이티드폴리데센, 아데노신, 병풀추출물, 무화과추출물, 카우슬립추출물, 베타-글루칸, 세라마이드엔피, 판테놀, 바쿠치올, 티트리잎수, 토코페롤, 엑토인, 4-터피네올, 에난티아 클로란타껍질추출물, 아시아티코사이드, 마데카식애씨드, 아시아틱애씨드, 티트리잎오일, 티트리추출물, 올레아놀릭애씨드, 암모늄아크릴로일다이메틸타우레이트/브이피코폴리머, 폴리글리세릴-3메틸글루코오스다이스테아레이트, 메틸프로판다이올, 하이드록시아세토페논, 아크릴레이트/C10-30알킬아크릴레이트크로스폴리머, 알지닌, 에틸헥실글리세린, 부틸렌글라이콜, 다이소듐이디티에이, 수크로오스, 하이드로제네이티드레시틴, 1,2-헥산다이올, 향료","","[38-1] 정제수, [38-2] 버지니아풍년화수, [38-3] 글리세린, [38-4] 나이아신아마이드, [38-5] 아이소도데케인, [38-6] 하이드로제네이티드폴리데센, [38-7] 아데노신, [38-8] 병풀추출물, [38-9] 무화과추출물, [38-10] 카우슬립추출물, [38-11] 베타-글루칸, [38-12] 세라마이드엔피, [38-13] 판테놀, [38-14] 바쿠치올, [38-15] 티트리잎수, [38-16] 토코페롤, [38-17] 엑토인, [38-18] 4-터피네올, [38-19] 에난티아 클로란타껍질추출물, [38-20] 아시아티코사이드, [38-21] 마데카식애씨드, [38-22] 아시아틱애씨드, [38-23] 티트리잎오일, [38-24] 티트리추출물, [38-25] 올레아놀릭애씨드, [38-26] 암모늄아크릴로일다이메틸타우레이트/브이피코폴리머, [38-27] 폴리글리세릴-3메틸글루코오스다이스테아레이트, [38-28] 메틸프로판다이올, [38-29] 하이드록시아세토페논, [38-30] 아크릴레이트/C10-30알킬아크릴레이트크로스폴리머, [38-31] 알지닌, [38-32] 에틸헥실글리세린, [38-33] 부틸렌글라이콜, [38-34] 다이소듐이디티에이, [38-35] 수크로오스, [38-36] 하이드로제네이티드레시틴, [38-37] 1,2-헥산다이올, [38-38] 향료"
"A000000185235","[지성/증정 기획] 닥터지 레드 블레미쉬 포 맨 올인원 오일컷 로션 150ml (150+30 기획/150 단품)","닥터지","150.0","150.0","ml","32000.0","20300","1353.3","정제수, 부틸렌글라이콜, 베타인, 카프릴릴메티콘, 나이아신아마이드, 실리카, 메틸트라이메티콘, 1,2-헥산다이올, 에리스리톨, 스테아릴다이메티콘, 소듐아크릴레이트코폴리머, 하이드록시아세토페논, 카보머, 알지닌, 암모늄아크릴로일다이메틸타우레이트/브이피코폴리머, 옥타데센, 폴리아크릴레이트-13, 에틸헥실글리세린, 사과추출물, 글루코노락톤, 아데노신, 하이드로제네이티드폴리아이소부텐, 레시틴, 다이소듐이디티에이, 커피콩추출물, 폴리글리세릴-10라우레이트, 병풀추출물, 에틸헥실팔미테이트, 솔비탄아이소스테아레이트, 메도우스위트꽃추출물, 사탕무뿌리추출물, 레몬추출물, 녹차추출물, 하이드롤라이즈드하이알루로닉애씨드, 다이프로필렌글라이콜, 하이드로제네이티드레시틴, 토코페롤, 판테놀, 수크로오스다이스테아레이트, 세라마이드엔피, 마데카소사이드, 아시아티코사이드, 마데카식애씨드, 아시아틱애씨드","","[44-1] 정제수, [44-2] 부틸렌글라이콜, [44-3] 베타인, [44-4] 카프릴릴메티콘, [44-5] 나이아신아마이드, [44-6] 실리카, [44-7] 메틸트라이메티콘, [44-8] 1,2-헥산다이올, [44-9] 에리스리톨, [44-10] 스테아릴다이메티콘, [44-11] 소듐아크릴레이트코폴리머, [44-12] 하이드록시아세토페논, [44-13] 카보머, [44-14] 알지닌, [44-15] 암모늄아크릴로일다이메틸타우레이트/브이피코폴리머, [44-16] 옥타데센, [44-17] 폴리아크릴레이트-13, [44-18] 에틸헥실글리세린, [44-19] 사과추출물, [44-20] 글루코노락톤, [44-21] 아데노신, [44-22] 하이드로제네이티드폴리아이소부텐, [44-23] 레시틴, [44-24] 다이소듐이디티에이, [44-25] 커피콩추출물, [44-26] 폴리글리세릴-10라우레이트, [44-27] 병풀추출물, [44-28] 에틸헥실팔미테이트, [44-29] 솔비탄아이소스테아레이트, [44-30] 메도우스위트꽃추출물, [44-31] 사탕무뿌리추출물, [44-32] 레몬추출물, [44-33] 녹차추출물, [44-34] 하이드롤라이즈드하이알루로닉애씨드, [44-35] 다이프로필렌글라이콜, [44-36] 하이드로제네이티드레시틴, [44-37] 토코페롤, [44-38] 판테놀, [44-39] 수크로오스다이스테아레이트, [44-40] 세라마이드엔피, [44-41] 마데카소사이드, [44-42] 아시아티코사이드, [44-43] 마데카식애씨드, [44-44] 아시아틱애씨드"
"A000000242173","[맨PDRN]아이오페 XMD 클리니컬 리커버리 올인원 포맨 기획 120g(+30g)","아이오페","120.0","150.0","g(약 1ml 상당으로 근사)","42000.0","29400","1960.0","효모발효여과물@글리세린@부틸렌글라이콜@프로판다이올@변성알코올@베타인@나이아신아마이드@1,2-헥산다이올@정제수@판테놀@트로메타민@ 아크릴레이트/C10-30알킬아크릴레이트크로스폴리머@카보머@글리세릴카프릴레이트@클로렐라 프로토테코이데스추출물@에틸헥실글리세린@아데노신@프로필렌글라이콜@소듐글루코네이트@다이소듐이디티에이@소듐하이알로네이트@하이드롤라이즈드디엔에이@향료@리모넨@토코페롤@헥사펩타이드-9","","[2-1] 효모발효여과물@글리세린@부틸렌글라이콜@프로판다이올@변성알코올@베타인@나이아신아마이드@1, [2-2] 2-헥산다이올@정제수@판테놀@트로메타민@ 아크릴레이트/C10-30알킬아크릴레이트크로스폴리머@카보머@글리세릴카프릴레이트@클로렐라 프로토테코이데스추출물@에틸헥실글리세린@아데노신@프로필렌글라이콜@소듐글루코네이트@다이소듐이디티에이@소듐하이알로네이트@하이드롤라이즈드디엔에이@향료@리모넨@토코페롤@헥사펩타이드-9"
"A000000223483","피지오겔 아쿠아 포맨 오일컷 올인원 100ml (단품/기획)","피지오겔","100.0","100.0","ml","39900.0","24900","2490.0","피지오겔 아쿠아 포맨 오일컷 올인원 100ml
정제수, 글리세린, 변성알코올, 스테아릴헵타노에이트, 1,2-헥산다이올, 다이프로필렌글라이콜, 나이아신아마이드, 트레할로오스, 다이메티콘, 빙하수, 판테놀, 실리카, 소듐카보머, 폴리글리세릴-10스테아레이트, C14-22알코올, 폴리글리세릴-10올리에이트, 부틸렌글라이콜, C12-20알킬글루코사이드, 타우린, 트로메타민, 아데노신, 말라카이트추출물, 카보머, 다이소듐이디티에이, 4-터피네올, 하이드롤라이즈드하이알루로닉애씨드, 소듐하이알루로네이트, 카르니틴, 알지닌, 하이알루로닉애씨드, 하이드롤라이즈드소듐하이알루로네이트, 하이드록시프로필트라이모늄하이알루로네이트, 소듐아세틸레이티드하이알루로네이트, 펜틸렌글라이콜, 에틸헥실글리세린, 소듐하이알루로네이트크로스폴리머

피지오겔 아쿠아 포맨 오일컷 올인원 30ml
정제수, 글리세린, 변성알코올, 스테아릴헵타노에이트, 1,2-헥산다이올, 다이프로필렌글라이콜, 나이아신아마이드, 트레할로오스, 다이메티콘, 빙하수, 판테놀, 실리카, 소듐카보머, 폴리글리세릴-10스테아레이트, C14-22알코올, 폴리글리세릴-10올리에이트, 부틸렌글라이콜, C12-20알킬글루코사이드, 타우린, 트로메타민, 아데노신, 말라카이트추출물, 카보머, 다이소듐이디티에이, 4-터피네올, 하이드롤라이즈드하이알루로닉애씨드, 소듐하이알루로네이트, 카르니틴, 알지닌, 하이알루로닉애씨드, 하이드롤라이즈드소듐하이알루로네이트, 하이드록시프로필트라이모늄하이알루로네이트, 소듐아세틸레이티드하이알루로네이트, 펜틸렌글라이콜, 에틸헥실글리세린, 소듐하이알루로네이트크로스폴리머

피지오겔 레드수딩 시카밸런스 플러스 에이씨 폼
살리실릭애씨드,마데카소사이드(0.1PPM),아시아코사이드(0.04PPM),마데카식애씨드(0.035PPM),아시아틱애씨드(0.025PPM),","","[75-1] 정제수, [75-2] 글리세린, [75-3] 변성알코올, [75-4] 스테아릴헵타노에이트, [75-5] 1,2-헥산다이올, [75-6] 다이프로필렌글라이콜, [75-7] 나이아신아마이드, [75-8] 트레할로오스, [75-9] 다이메티콘, [75-10] 빙하수, [75-11] 판테놀, [75-12] 실리카, [75-13] 소듐카보머, [75-14] 폴리글리세릴-10스테아레이트, [75-15] C14-22알코올, [75-16] 폴리글리세릴-10올리에이트, [75-17] 부틸렌글라이콜, [75-18] C12-20알킬글루코사이드, [75-19] 타우린, [75-20] 트로메타민, [75-21] 아데노신, [75-22] 말라카이트추출물, [75-23] 카보머, [75-24] 다이소듐이디티에이, [75-25] 4-터피네올, [75-26] 하이드롤라이즈드하이알루로닉애씨드, [75-27] 소듐하이알루로네이트, [75-28] 카르니틴, [75-29] 알지닌, [75-30] 하이알루로닉애씨드, [75-31] 하이드롤라이즈드소듐하이알루로네이트, [75-32] 하이드록시프로필트라이모늄하이알루로네이트, [75-33] 소듐아세틸레이티드하이알루로네이트, [75-34] 펜틸렌글라이콜, [75-35] 에틸헥실글리세린, [75-36] 정제수, [75-37] 글리세린, [75-38] 변성알코올, [75-39] 스테아릴헵타노에이트, [75-40] 1,2-헥산다이올, [75-41] 다이프로필렌글라이콜, [75-42] 나이아신아마이드, [75-43] 트레할로오스, [75-44] 다이메티콘, [75-45] 빙하수, [75-46] 판테놀, [75-47] 실리카, [75-48] 소듐카보머, [75-49] 폴리글리세릴-10스테아레이트, [75-50] C14-22알코올, [75-51] 폴리글리세릴-10올리에이트, [75-52] 부틸렌글라이콜, [75-53] C12-20알킬글루코사이드, [75-54] 타우린, [75-55] 트로메타민, [75-56] 아데노신, [75-57] 말라카이트추출물, [75-58] 카보머, [75-59] 다이소듐이디티에이, [75-60] 4-터피네올, [75-61] 하이드롤라이즈드하이알루로닉애씨드, [75-62] 소듐하이알루로네이트, [75-63] 카르니틴, [75-64] 알지닌, [75-65] 하이알루로닉애씨드, [75-66] 하이드롤라이즈드소듐하이알루로네이트, [75-67] 하이드록시프로필트라이모늄하이알루로네이트, [75-68] 소듐아세틸레이티드하이알루로네이트, [75-69] 펜틸렌글라이콜, [75-70] 에틸헥실글리세린, [75-71] 살리실릭애씨드, [75-72] 마데카소사이드(0.1PPM), [75-73] 아시아코사이드(0.04PPM), [75-74] 마데카식애씨드(0.035PPM), [75-75] 아시아틱애씨드(0.025PPM)"
"A000000210719","[1+1한정기획/보습템]아이디얼포맨 퍼펙트 보습 올인원 단품/1+1기획(내용물/성분 동일)","아이디얼포맨","","","","28000.0","22800","","정제수, 글리세린, 세테아릴알코올, 에틸헥실스테아레이트, 판테놀, 1,2-헥산다이올, 나이아신아마이드, 메틸트라이메티콘, 폴리글리세릴-3다이스테아레이트, 베헤닐알코올, 트레할로오스, 병풀추출물, 무화과추출물, 당느릅나무뿌리추출물, 줄맨드라미씨추출물, 뽕나무뿌리추출물, 병풀뿌리추출물, 병풀잎추출물, 하이드로제네이티드레시틴, 소듐하이알루로네이트, 마카다미아씨오일, 해바라기씨오일, 글리세릴스테아레이트, 베타인, 카보머, 소듐스테아로일글루타메이트, 다이메티콘/비닐다이메티콘크로스폴리머, 하이드록시아세토페논, 알지닌, 부틸렌글라이콜, 에틸헥실글리세린, 글리세릴스테아레이트시트레이트, 아데노신, 다이소듐이디티에이, 폴리글리세릴-10미리스테이트, 글리세릴스테아레이트에스이, 콜레스테롤, 세라마이드엔피, 프로판다이올, 수크로오스팔미테이트, 다이프로필렌글라이콜, 토코페롤, 7-데하이드로콜레스테롤, 글리세릴리놀리에이트, 칸디다 봄비콜라/글루코오스/메틸레이프씨데이트발효물, 폴리글리세릴-10스테아레이트, 하이드록시프로필사이클로덱스트린, 세테아릴올리베이트, 솔비탄올리베이트, 수크로오스다이스테아레이트, 효모발효물, 아시아티코사이드, 마데카소사이드, 마데카식애씨드, 아시아틱애씨드","","[55-1] 정제수, [55-2] 글리세린, [55-3] 세테아릴알코올, [55-4] 에틸헥실스테아레이트, [55-5] 판테놀, [55-6] 1,2-헥산다이올, [55-7] 나이아신아마이드, [55-8] 메틸트라이메티콘, [55-9] 폴리글리세릴-3다이스테아레이트, [55-10] 베헤닐알코올, [55-11] 트레할로오스, [55-12] 병풀추출물, [55-13] 무화과추출물, [55-14] 당느릅나무뿌리추출물, [55-15] 줄맨드라미씨추출물, [55-16] 뽕나무뿌리추출물, [55-17] 병풀뿌리추출물, [55-18] 병풀잎추출물, [55-19] 하이드로제네이티드레시틴, [55-20] 소듐하이알루로네이트, [55-21] 마카다미아씨오일, [55-22] 해바라기씨오일, [55-23] 글리세릴스테아레이트, [55-24] 베타인, [55-25] 카보머, [55-26] 소듐스테아로일글루타메이트, [55-27] 다이메티콘/비닐다이메티콘크로스폴리머, [55-28] 하이드록시아세토페논, [55-29] 알지닌, [55-30] 부틸렌글라이콜, [55-31] 에틸헥실글리세린, [55-32] 글리세릴스테아레이트시트레이트, [55-33] 아데노신, [55-34] 다이소듐이디티에이, [55-35] 폴리글리세릴-10미리스테이트, [55-36] 글리세릴스테아레이트에스이, [55-37] 콜레스테롤, [55-38] 세라마이드엔피, [55-39] 프로판다이올, [55-40] 수크로오스팔미테이트, [55-41] 다이프로필렌글라이콜, [55-42] 토코페롤, [55-43] 7-데하이드로콜레스테롤, [55-44] 글리세릴리놀리에이트, [55-45] 칸디다 봄비콜라/글루코오스/메틸레이프씨데이트발효물, [55-46] 폴리글리세릴-10스테아레이트, [55-47] 하이드록시프로필사이클로덱스트린, [55-48] 세테아릴올리베이트, [55-49] 솔비탄올리베이트, [55-50] 수크로오스다이스테아레이트, [55-51] 효모발효물, [55-52] 아시아티코사이드, [55-53] 마데카소사이드, [55-54] 마데카식애씨드, [55-55] 아시아틱애씨드"
"A000000209419","제로이드 인텐시브 로션 160ml","제로이드","160.0","160.0","ml","","32000","2000.0","정제수, 글리세린, 카프릴릭/카프릭트라이글리세라이드, 프로판다이올, 세테아릴알코올, 올리브오일, 솔비탄스테아레이트, 식물성스쿠알란, 다이메티콘, 스테아릭애씨드, 1,2-헥산다이올, 폴리글리세릴-3메틸글루코오스다이스테아레이트, 미리스토일/팔미토일옥소스테아라마이드/아라카마이드엠이에이, 메틸카프로오일타이로지네이트, 세틸팔미테이트, 솔비탄팔미테이트, 솔비탄올리베이트, 글리세릴스테아레이트, 카놀라오일, 피토스테롤, 토코페릴아세테이트, 비사보롤, 잔탄검, 카보머, 알지닌, 소듐하이알루로네이트, 글리세릴스테아레이트에스이, 메틸글루코오스세스퀴스테아레이트, 카프릴릴글라이콜, 다이소듐이디티에이","","[30-1] 정제수, [30-2] 글리세린, [30-3] 카프릴릭/카프릭트라이글리세라이드, [30-4] 프로판다이올, [30-5] 세테아릴알코올, [30-6] 올리브오일, [30-7] 솔비탄스테아레이트, [30-8] 식물성스쿠알란, [30-9] 다이메티콘, [30-10] 스테아릭애씨드, [30-11] 1,2-헥산다이올, [30-12] 폴리글리세릴-3메틸글루코오스다이스테아레이트, [30-13] 미리스토일/팔미토일옥소스테아라마이드/아라카마이드엠이에이, [30-14] 메틸카프로오일타이로지네이트, [30-15] 세틸팔미테이트, [30-16] 솔비탄팔미테이트, [30-17] 솔비탄올리베이트, [30-18] 글리세릴스테아레이트, [30-19] 카놀라오일, [30-20] 피토스테롤, [30-21] 토코페릴아세테이트, [30-22] 비사보롤, [30-23] 잔탄검, [30-24] 카보머, [30-25] 알지닌, [30-26] 소듐하이알루로네이트, [30-27] 글리세릴스테아레이트에스이, [30-28] 메틸글루코오스세스퀴스테아레이트, [30-29] 카프릴릴글라이콜, [30-30] 다이소듐이디티에이"
"A000000203992","라끄베르 옴므 리차지 올인원 에센스 150ml 1+1 기획","라끄베르","150.0","300.0","ml","29000.0","19900","663.3","정제수, 글리세린, 1,2-헥산다이올, 다이프로필렌글라이콜, 에틸아이소스테아레이트, 글리세레스-26, 나이아신아마이드, 비스-피이지-18메틸에터다이메틸실레인, 하이드로제네이티드폴리데센, 아크릴레이트/C10-30알킬아크릴레이트크로스폴리머, 트로메타민, 마카뿌리추출물, 잔탄검, 변성알코올, 아데노신, 트라이소듐이디티에이, 솔비톨, 귤껍질추출물, 조류추출물, 페녹시에탄올, 포타슘솔베이트, 향료, 리날룰, 리모넨, 벤질벤조에이트, 알파-아이소메틸아이오논","","[26-1] 정제수, [26-2] 글리세린, [26-3] 1,2-헥산다이올, [26-4] 다이프로필렌글라이콜, [26-5] 에틸아이소스테아레이트, [26-6] 글리세레스-26, [26-7] 나이아신아마이드, [26-8] 비스-피이지-18메틸에터다이메틸실레인, [26-9] 하이드로제네이티드폴리데센, [26-10] 아크릴레이트/C10-30알킬아크릴레이트크로스폴리머, [26-11] 트로메타민, [26-12] 마카뿌리추출물, [26-13] 잔탄검, [26-14] 변성알코올, [26-15] 아데노신, [26-16] 트라이소듐이디티에이, [26-17] 솔비톨, [26-18] 귤껍질추출물, [26-19] 조류추출물, [26-20] 페녹시에탄올, [26-21] 포타슘솔베이트, [26-22] 향료, [26-23] 리날룰, [26-24] 리모넨, [26-25] 벤질벤조에이트, [26-26] 알파-아이소메틸아이오논"
"A000000199154","[민감진정/화해1위] 라운드랩 포 맨 소나무 진정 시카 로션 200ml","라운드랩","200.0","200.0","ml","25000.0","18500","925.0","정제수,부틸렌글라이콜,글리세린,1,2-헥산다이올,다이프로필렌글라이콜,하이알루로닉애씨드,하이드롤라이즈드하이알루로닉애씨드,소듐하이알루로네이트,하이드롤라이즈드치자추출물,하이드롤라이즈드맥아추출물,하이드롤라이즈드삼색제비꽃추출물,인도멀구슬나무잎추출물,인도멀구슬나무꽃추출물,카카오씨추출물,녹차추출물,오카무라큰실말추출물,흰버드나무껍질추출물,커피콩추출물,베르가모트잎추출물,소나무잎추출물(1000.61ppm),데실글루코사이드,에틸헥실글리세린,카프릴로일살리실릭애씨드,병풀잎추출물(10.6ppm),프로판다이올,감자꽃추출물,병풀추출물(0.01ppm),글라이코프로테인(0.0002ppm),아시아티코사이드(0.00001ppm),아시아틱애씨드(0.00001ppm),마데카소사이드(0.00001ppm),마데카식애씨드(0.00001ppm),덱스트린,하이드로제네이티드레시틴,에틸헥실팔미테이트,세틸에틸헥사노에이트,트로메타민,폴리글리세릴-10올리에이트,다이소듐이디티에이,카보머","","[40-1] 정제수, [40-2] 부틸렌글라이콜, [40-3] 글리세린, [40-4] 1,2-헥산다이올, [40-5] 다이프로필렌글라이콜, [40-6] 하이알루로닉애씨드, [40-7] 하이드롤라이즈드하이알루로닉애씨드, [40-8] 소듐하이알루로네이트, [40-9] 하이드롤라이즈드치자추출물, [40-10] 하이드롤라이즈드맥아추출물, [40-11] 하이드롤라이즈드삼색제비꽃추출물, [40-12] 인도멀구슬나무잎추출물, [40-13] 인도멀구슬나무꽃추출물, [40-14] 카카오씨추출물, [40-15] 녹차추출물, [40-16] 오카무라큰실말추출물, [40-17] 흰버드나무껍질추출물, [40-18] 커피콩추출물, [40-19] 베르가모트잎추출물, [40-20] 소나무잎추출물(1000.61ppm), [40-21] 데실글루코사이드, [40-22] 에틸헥실글리세린, [40-23] 카프릴로일살리실릭애씨드, [40-24] 병풀잎추출물(10.6ppm), [40-25] 프로판다이올, [40-26] 감자꽃추출물, [40-27] 병풀추출물(0.01ppm), [40-28] 글라이코프로테인(0.0002ppm), [40-29] 아시아티코사이드(0.00001ppm), [40-30] 아시아틱애씨드(0.00001ppm), [40-31] 마데카소사이드(0.00001ppm), [40-32] 마데카식애씨드(0.00001ppm), [40-33] 덱스트린, [40-34] 하이드로제네이티드레시틴, [40-35] 에틸헥실팔미테이트, [40-36] 세틸에틸헥사노에이트, [40-37] 트로메타민, [40-38] 폴리글리세릴-10올리에이트, [40-39] 다이소듐이디티에이, [40-40] 카보머"
"A000000149211","[수분탄력] AHC 온리포맨 올인원 에센스 더블 기획 (120ml+120ml)","AHC","120.0","240.0","ml","38000.0","24900","1037.5","정제수, 글리세린, 메틸프로판다이올, 1,2-헥산다이올, 나이아신아마이드, 다이메티콘, 카바카바잎/뿌리/줄기추출물, 참마뿌리추출물, 녹차추출물, 검정콩추출물, 마트리카리아꽃/잎추출물, 서양산딸기추출물, 병풀추출물, 락토바실러스/콩발효추출물, 약모밀추출물, 원지뿌리추출물, 도라지뿌리추출물, 흰목이버섯추출물, 은행나무잎추출물, 동백나무잎추출물, 로켓잎추출물, 밀싹추출물, 브로콜리싹추출물, 자주개자리추출물, 검은깨추출물, 율무씨추출물, 흑미추출물, 콘민트잎추출물, 파스향나무잎추출물, 스페인감초뿌리추출물, 작약뿌리추출물, 천궁뿌리추출물, 칡뿌리추출물, 쇠비름추출물, 수용성콜라겐, 수레국화꽃수, 푸른연꽃수, 하이드로제네이티드레시틴, 소듐하이알루로네이트, 알로에베라잎즙, 효모발효여과물, 다이메티콘/비닐다이메티콘크로스폴리머, 암모늄아크릴로일다이메틸타우레이트/브이피코폴리머, 다이페닐다이메티콘, 트라이에틸헥사노인, 부틸렌글라이콜, 시어버터, 글라이코실트레할로오스, 폴리글리세릴-10미리스테이트, 폴리글리세릴-10올리에이트, 하이드로제네이티드스타치하이드롤리세이트, 라피노오스, 아데노신, 아크릴레이트/C10-30알킬아크릴레이트크로스폴리머, 실리카, 다이소듐이디티에이, 트로메타민, 레시틴, 크레아틴, 하이드롤라이즈드루핀단백질, 하이드롤라이즈드하이알루로닉애씨드, 폴리쿼터늄-51, 시트릭애씨드, 바이오사카라이드검-1, 잔탄검, 소르빅애씨드, 향료, 에틸헥실글리세린, 페녹시에탄올","","[69-1] 정제수, [69-2] 글리세린, [69-3] 메틸프로판다이올, [69-4] 1,2-헥산다이올, [69-5] 나이아신아마이드, [69-6] 다이메티콘, [69-7] 카바카바잎/뿌리/줄기추출물, [69-8] 참마뿌리추출물, [69-9] 녹차추출물, [69-10] 검정콩추출물, [69-11] 마트리카리아꽃/잎추출물, [69-12] 서양산딸기추출물, [69-13] 병풀추출물, [69-14] 락토바실러스/콩발효추출물, [69-15] 약모밀추출물, [69-16] 원지뿌리추출물, [69-17] 도라지뿌리추출물, [69-18] 흰목이버섯추출물, [69-19] 은행나무잎추출물, [69-20] 동백나무잎추출물, [69-21] 로켓잎추출물, [69-22] 밀싹추출물, [69-23] 브로콜리싹추출물, [69-24] 자주개자리추출물, [69-25] 검은깨추출물, [69-26] 율무씨추출물, [69-27] 흑미추출물, [69-28] 콘민트잎추출물, [69-29] 파스향나무잎추출물, [69-30] 스페인감초뿌리추출물, [69-31] 작약뿌리추출물, [69-32] 천궁뿌리추출물, [69-33] 칡뿌리추출물, [69-34] 쇠비름추출물, [69-35] 수용성콜라겐, [69-36] 수레국화꽃수, [69-37] 푸른연꽃수, [69-38] 하이드로제네이티드레시틴, [69-39] 소듐하이알루로네이트, [69-40] 알로에베라잎즙, [69-41] 효모발효여과물, [69-42] 다이메티콘/비닐다이메티콘크로스폴리머, [69-43] 암모늄아크릴로일다이메틸타우레이트/브이피코폴리머, [69-44] 다이페닐다이메티콘, [69-45] 트라이에틸헥사노인, [69-46] 부틸렌글라이콜, [69-47] 시어버터, [69-48] 글라이코실트레할로오스, [69-49] 폴리글리세릴-10미리스테이트, [69-50] 폴리글리세릴-10올리에이트, [69-51] 하이드로제네이티드스타치하이드롤리세이트, [69-52] 라피노오스, [69-53] 아데노신, [69-54] 아크릴레이트/C10-30알킬아크릴레이트크로스폴리머, [69-55] 실리카, [69-56] 다이소듐이디티에이, [69-57] 트로메타민, [69-58] 레시틴, [69-59] 크레아틴, [69-60] 하이드롤라이즈드루핀단백질, [69-61] 하이드롤라이즈드하이알루로닉애씨드, [69-62] 폴리쿼터늄-51, [69-63] 시트릭애씨드, [69-64] 바이오사카라이드검-1, [69-65] 잔탄검, [69-66] 소르빅애씨드, [69-67] 향료, [69-68] 에틸헥실글리세린, [69-69] 페녹시에탄올"
"A000000006565","우르오스 올인원 스킨밀크 200ml","우르오스","200.0","200.0","ml","29700.0","23700","1185.0","■ 정제수, 글리세린, 하이드로제네이티드폴리(C6-12올레핀), 에탄올, 폴리글리세릴-10아이소스테아레이트, 아데노신포스페이트, 하이드록시프로필사이클로덱스트린, 아크릴레이트/C10-30알킬아크릴레이트크로스폴리머, 부틸렌글라이콜, 글리세릴카프릴레이트, 폴리글리세릴-10스테아레이트, 소듐아이소스테아로일락테이트, 소듐락테이트, 소듐하이드록사이드, 클로브꽃추출물, 사철쑥꽃추출물, 스타아니스열매/씨오일, 서양측백나무잎오일, 아틀라스시다나무껍질오일, 라반딘오일, 라임전초오일, 페퍼민트오일, 구주소나무잎오일, 로즈마리잎오일, 터펜틴, 리날룰, 리모넨","","[27-1] 정제수, [27-2] 글리세린, [27-3] 하이드로제네이티드폴리(C6-12올레핀), [27-4] 에탄올, [27-5] 폴리글리세릴-10아이소스테아레이트, [27-6] 아데노신포스페이트, [27-7] 하이드록시프로필사이클로덱스트린, [27-8] 아크릴레이트/C10-30알킬아크릴레이트크로스폴리머, [27-9] 부틸렌글라이콜, [27-10] 글리세릴카프릴레이트, [27-11] 폴리글리세릴-10스테아레이트, [27-12] 소듐아이소스테아로일락테이트, [27-13] 소듐락테이트, [27-14] 소듐하이드록사이드, [27-15] 클로브꽃추출물, [27-16] 사철쑥꽃추출물, [27-17] 스타아니스열매/씨오일, [27-18] 서양측백나무잎오일, [27-19] 아틀라스시다나무껍질오일, [27-20] 라반딘오일, [27-21] 라임전초오일, [27-22] 페퍼민트오일, [27-23] 구주소나무잎오일, [27-24] 로즈마리잎오일, [27-25] 터펜틴, [27-26] 리날룰, [27-27] 리모넨"
"A000000104173","크리니크 노란에센스로션 125ml","크리니크","125.0","125.0","ml","58000.0","46400","3712.0","정제수 , 미네랄오일 , 글리세린 , 페트롤라툼 , 스테아릭애씨드 , 글리세릴스테아레이트 , 참깨오일 , 우레아 , 라놀린알코올 , 트리에탄올아민 , 보리추출물 , 오이추출물 , 해바라기씨드케이크 , 프로필렌글라이콜디카프레이트 , 소듐하이알루로네이트 , 부틸렌글라이콜 , 펜틸렌글라이콜 , 트리소듐이디티에이 , 페녹시에탄올 , 황색5호 , 황색4호 , 적색227호 [ILN39477]

*제공된 성분은 동일 제품이라도 경우에 따라 변경될 수 있습니다.  최신정보는 제품 포장의 성분을 참고하시거나 본사 고객관리지원팀으로 연락 부탁 드립니다.","","[22-1] 정제수, [22-2] 미네랄오일, [22-3] 글리세린, [22-4] 페트롤라툼, [22-5] 스테아릭애씨드, [22-6] 글리세릴스테아레이트, [22-7] 참깨오일, [22-8] 우레아, [22-9] 라놀린알코올, [22-10] 트리에탄올아민, [22-11] 보리추출물, [22-12] 오이추출물, [22-13] 해바라기씨드케이크, [22-14] 프로필렌글라이콜디카프레이트, [22-15] 소듐하이알루로네이트, [22-16] 부틸렌글라이콜, [22-17] 펜틸렌글라이콜, [22-18] 트리소듐이디티에이, [22-19] 페녹시에탄올, [22-20] 황색5호, [22-21] 황색4호, [22-22] *제공된 성분은 동일 제품이라도 경우에 따라 변경될 수 있습니다.  최신정보는 제품 포장의 성분을 참고하시거나 본사 고객관리지원팀으로 연락 부탁 드립니다."
"A000000235496","크리니크 노란에센스로션&젤 125ml (피부타입별 선택)","크리니크","125.0","125.0","ml","58000.0","46400","3712.0","로션 : 정제수, 미네랄오일, 글리세린, 페트롤라툼, 스테아릭애씨드, 글리세릴스테아레이트, 참깨오일, 우레아, 라놀린알코올, 트리에탄올아민, 보리추출물, 오이추출물, 해바라기씨드케이크, 프로필렌글라이콜디카프레이트, 소듐하이알루로네이트, 부틸렌글라이콜, 펜틸렌글라이콜, 트리소듐이디티에이, 페녹시에탄올, 황색5호, 황색4호, 적색227호 [iln39477]제공된 성분은 동일 제품이라도 경우에 따라 변경될 수 있습니다. 최신정보는 제품 포장의 성분을 참고하시거나 본사 고객관리지원팀으로 연락 부탁 드립니다. 
젤 : 제수, 디메치콘, 이소도데칸, 부틸렌글라이콜, 비스-피이지-18메칠에텔디메칠실란, 글리세린, 슈가켈프추출물, 호장근추출물, 효모용해추출물, 오이추출물, 보리추출물, 해바라기씨드케이크, 카페인, 트레할로스, 소듐하이알루로네이트, 토코페릴아세테이트, 폴리실리콘-11, 실리카, 프로필렌글라이콜디카프레이트, 올레스-10, 락토바실러스발효물, 라우레스-23, 라우레스-4, 암모늄아크릴로일디메칠타우레이트/브이피코폴리머, 카보머, 카프릴릴글라이콜, 헥실렌글라이콜, 트로메타민, 디소듐이디티에이, 페녹시에탄올, 황색4호, 적색504호, 황색5호 [iln41195]제공된 성분은 동일 제품이라도 경우에 따라 변경될 수 있습니다. 최신정보는 제품 포장의 성분을 참고하시거나 본사 고객관리지원팀으로 연락 부탁 드립니다.","","[54-1] 정제수, [54-2] 미네랄오일, [54-3] 글리세린, [54-4] 페트롤라툼, [54-5] 스테아릭애씨드, [54-6] 글리세릴스테아레이트, [54-7] 참깨오일, [54-8] 우레아, [54-9] 라놀린알코올, [54-10] 트리에탄올아민, [54-11] 보리추출물, [54-12] 오이추출물, [54-13] 해바라기씨드케이크, [54-14] 프로필렌글라이콜디카프레이트, [54-15] 소듐하이알루로네이트, [54-16] 부틸렌글라이콜, [54-17] 펜틸렌글라이콜, [54-18] 트리소듐이디티에이, [54-19] 페녹시에탄올, [54-20] 황색5호, [54-21] 황색4호, [54-22] 제수, [54-23] 디메치콘, [54-24] 이소도데칸, [54-25] 부틸렌글라이콜, [54-26] 비스-피이지-18메칠에텔디메칠실란, [54-27] 글리세린, [54-28] 슈가켈프추출물, [54-29] 호장근추출물, [54-30] 효모용해추출물, [54-31] 오이추출물, [54-32] 보리추출물, [54-33] 해바라기씨드케이크, [54-34] 카페인, [54-35] 트레할로스, [54-36] 소듐하이알루로네이트, [54-37] 토코페릴아세테이트, [54-38] 폴리실리콘-11, [54-39] 실리카, [54-40] 프로필렌글라이콜디카프레이트, [54-41] 올레스-10, [54-42] 락토바실러스발효물, [54-43] 라우레스-23, [54-44] 라우레스-4, [54-45] 암모늄아크릴로일디메칠타우레이트/브이피코폴리머, [54-46] 카보머, [54-47] 카프릴릴글라이콜, [54-48] 헥실렌글라이콜, [54-49] 트로메타민, [54-50] 디소듐이디티에이, [54-51] 페녹시에탄올, [54-52] 황색4호, [54-53] 적색504호, [54-54] 제공된 성분은 동일 제품이라도 경우에 따라 변경될 수 있습니다. 최신정보는 제품 포장의 성분을 참고하시거나 본사 고객관리지원팀으로 연락 부탁 드립니다."
"A000000223427","[미백/잡티케어] 달바 비타 토닝 세럼 로션 100ml","달바","100.0","100.0","ml","","42000","4200.0","비타민나무수(596,692ppm), 부틸렌글라이콜, 글리세린, 다이글리세린, 프로판다이올, 코코-카프릴레이트/카프레이트, 나이아신아마이드(20,000ppm), 정제수, 1,2-헥산다이올, 카프릴릴메티콘, 호호바에스터, 펜타에리스리틸테트라에틸헥사노에이트, 펜틸렌글라이콜, 퀸즈랜드넛오일, 비타민나무오일(4,000ppm), 돌콩추출물, 흰서양송로추출물, 달맞이꽃오일, 하이드롤라이즈드하이알루로닉애씨드, 동백나무씨오일, 해바라기씨오일, 올리브오일, 아보카도오일, 돌콩오일, 병풀추출물, 비타민나무열매오일(0.0005ppm), 하이드롤라이즈드완두콩단백질, 하이드롤라이즈드감자단백질, 하이드롤라이즈드쌀단백질, 하이드롤라이즈드콩단백질, 하이드롤라이즈드옥수수단백질, 하이드롤라이즈드귀리단백질, 당근추출물, 하이드롤라이즈드스위트아몬드단백질, 하이드롤라이즈드밀단백질, 하이알루로닉애씨드, 하이드롤라이즈드호호바단백질, 하이드롤라이즈드식물성단백질, 소듐하이알루로네이트, 콜라겐추출물, 카프릴릭/카프릭/미리스틱/스테아릭트라이글리세라이드, 폴리글리세릴-3메틸글루코오스다이스테아레이트, 하이드로제네이티드쌀겨오일, 비스-다이글리세릴폴리아실아디페이트-2, 글리세릴스테아레이트, 판테놀(5,000ppm), 하이드록시에틸아크릴레이트/소듐아크릴로일다이메틸타우레이트코폴리머, 카프릴릭/카프릭트라이글리세라이드, 카프릴릴글라이콜, 트로메타민, 하이드로제네이티드레시틴, 아크릴레이트/C10-30알킬아크릴레이트크로스폴리머, 아데노신, 폴리글리세릴-10스테아레이트, 소듐파이테이트, 아스코빅애씨드(10,000ppb), 글루타티온, 토코페롤(9ppm), 폴리글리세릴-10라우레이트, 세라마이드엔피, 하이드롤라이즈드루핀단백질, 베타-카로틴, 하이드롤라이즈드보리단백질, 다이메틸실란올하이알루로네이트, 하이드롤라이즈드소듐하이알루로네이트, 옥탄다이올, 글라이코프로테인, 포타슘하이알루로네이트, 하이드록시프로필트라이모늄하이알루로네이트, 소듐하이알루로네이트크로스폴리머, 소듐하이알루로네이트다이메틸실란올, 소듐아세틸레이티드하이알루로네이트, 글루코오스, 만노오스, 세테아릴알코올, 카보머, 잔탄검, 향료, 리모넨, 리날룰, 헥실신남알, 시트로넬올, 시트랄","","[88-1] 비타민나무수(596, [88-2] 692ppm), [88-3] 부틸렌글라이콜, [88-4] 글리세린, [88-5] 다이글리세린, [88-6] 프로판다이올, [88-7] 코코-카프릴레이트/카프레이트, [88-8] 나이아신아마이드(20, [88-9] 000ppm), [88-10] 정제수, [88-11] 1,2-헥산다이올, [88-12] 카프릴릴메티콘, [88-13] 호호바에스터, [88-14] 펜타에리스리틸테트라에틸헥사노에이트, [88-15] 펜틸렌글라이콜, [88-16] 퀸즈랜드넛오일, [88-17] 비타민나무오일(4, [88-18] 000ppm), [88-19] 돌콩추출물, [88-20] 흰서양송로추출물, [88-21] 달맞이꽃오일, [88-22] 하이드롤라이즈드하이알루로닉애씨드, [88-23] 동백나무씨오일, [88-24] 해바라기씨오일, [88-25] 올리브오일, [88-26] 아보카도오일, [88-27] 돌콩오일, [88-28] 병풀추출물, [88-29] 비타민나무열매오일(0.0005ppm), [88-30] 하이드롤라이즈드완두콩단백질, [88-31] 하이드롤라이즈드감자단백질, [88-32] 하이드롤라이즈드쌀단백질, [88-33] 하이드롤라이즈드콩단백질, [88-34] 하이드롤라이즈드옥수수단백질, [88-35] 하이드롤라이즈드귀리단백질, [88-36] 당근추출물, [88-37] 하이드롤라이즈드스위트아몬드단백질, [88-38] 하이드롤라이즈드밀단백질, [88-39] 하이알루로닉애씨드, [88-40] 하이드롤라이즈드호호바단백질, [88-41] 하이드롤라이즈드식물성단백질, [88-42] 소듐하이알루로네이트, [88-43] 콜라겐추출물, [88-44] 카프릴릭/카프릭/미리스틱/스테아릭트라이글리세라이드, [88-45] 폴리글리세릴-3메틸글루코오스다이스테아레이트, [88-46] 하이드로제네이티드쌀겨오일, [88-47] 비스-다이글리세릴폴리아실아디페이트-2, [88-48] 글리세릴스테아레이트, [88-49] 판테놀(5, [88-50] 000ppm), [88-51] 하이드록시에틸아크릴레이트/소듐아크릴로일다이메틸타우레이트코폴리머, [88-52] 카프릴릭/카프릭트라이글리세라이드, [88-53] 카프릴릴글라이콜, [88-54] 트로메타민, [88-55] 하이드로제네이티드레시틴, [88-56] 아크릴레이트/C10-30알킬아크릴레이트크로스폴리머, [88-57] 아데노신, [88-58] 폴리글리세릴-10스테아레이트, [88-59] 소듐파이테이트, [88-60] 아스코빅애씨드(10, [88-61] 000ppb), [88-62] 글루타티온, [88-63] 토코페롤(9ppm), [88-64] 폴리글리세릴-10라우레이트, [88-65] 세라마이드엔피, [88-66] 하이드롤라이즈드루핀단백질, [88-67] 베타-카로틴, [88-68] 하이드롤라이즈드보리단백질, [88-69] 다이메틸실란올하이알루로네이트, [88-70] 하이드롤라이즈드소듐하이알루로네이트, [88-71] 옥탄다이올, [88-72] 글라이코프로테인, [88-73] 포타슘하이알루로네이트, [88-74] 하이드록시프로필트라이모늄하이알루로네이트, [88-75] 소듐하이알루로네이트크로스폴리머, [88-76] 소듐하이알루로네이트다이메틸실란올, [88-77] 소듐아세틸레이티드하이알루로네이트, [88-78] 글루코오스, [88-79] 만노오스, [88-80] 세테아릴알코올, [88-81] 카보머, [88-82] 잔탄검, [88-83] 향료, [88-84] 리모넨, [88-85] 리날룰, [88-86] 헥실신남알, [88-87] 시트로넬올, [88-88] 시트랄"
"A000000214176","키엘 울트라 훼이셜 모이스춰라이저 125ml","키엘","125.0","125.0","ml","53000.0","41870","3349.6","정제수 스쿠알란 글리세린 피이지-100스테아레이트 글리세릴스테아레이트 부틸렌글라이콜 트라이에탄올아민 페녹시에탄올 솔비탄올리에이트 카보머 클로페네신 비즈왁스 카프릴릴글라이콜 스테아릭애씨드 팔미틱애씨드 미리스틸알코올 스위트아몬드오일 살구씨오일 토코페롤 아보카도오일 미리스틱애씨드","","[21-1] 정제수, [21-2] 스쿠알란, [21-3] 글리세린, [21-4] 피이지-100스테아레이트, [21-5] 글리세릴스테아레이트, [21-6] 부틸렌글라이콜, [21-7] 트라이에탄올아민, [21-8] 페녹시에탄올, [21-9] 솔비탄올리에이트, [21-10] 카보머, [21-11] 클로페네신, [21-12] 비즈왁스, [21-13] 카프릴릴글라이콜, [21-14] 스테아릭애씨드, [21-15] 팔미틱애씨드, [21-16] 미리스틸알코올, [21-17] 스위트아몬드오일, [21-18] 살구씨오일, [21-19] 토코페롤, [21-20] 아보카도오일, [21-21] 미리스틱애씨드"
"A000000258819","[7월올영픽/트래블기획] 비오템옴므 아쿠아파워 올인원 50ml 트래블 기획 / 200ml","비오템","50.0","250.0","ml","30000.0","20400","816.0","정제수, 페퍼민트잎수, 변성알코올, 프로필렌글라이콜, 글리세린, 부틸렌글라이콜, 피이지-20, 피이지-8, 피피지-6-데실테트라데세스-30, 비스-피이지-18메틸에터다이메틸실레인, 카보머, 페녹시에탄올, 향료, 프로판다이올, 에틸헥실글리세린, 포타슘하이드록사이드, 멘톨, 아데노신, 알지닌, 시트릭애씨드, 살리실릭애씨드, 리날룰, 리모넨, 알테로모나스발효추출물, 비트레오스실라 발효물, 벤질살리실레이트, 하이드록시시트로넬알, 시트로넬올, 쿠마린, 토코페롤","","[30-1] 정제수, [30-2] 페퍼민트잎수, [30-3] 변성알코올, [30-4] 프로필렌글라이콜, [30-5] 글리세린, [30-6] 부틸렌글라이콜, [30-7] 피이지-20, [30-8] 피이지-8, [30-9] 피피지-6-데실테트라데세스-30, [30-10] 비스-피이지-18메틸에터다이메틸실레인, [30-11] 카보머, [30-12] 페녹시에탄올, [30-13] 향료, [30-14] 프로판다이올, [30-15] 에틸헥실글리세린, [30-16] 포타슘하이드록사이드, [30-17] 멘톨, [30-18] 아데노신, [30-19] 알지닌, [30-20] 시트릭애씨드, [30-21] 살리실릭애씨드, [30-22] 리날룰, [30-23] 리모넨, [30-24] 알테로모나스발효추출물, [30-25] 비트레오스실라 발효물, [30-26] 벤질살리실레이트, [30-27] 하이드록시시트로넬알, [30-28] 시트로넬올, [30-29] 쿠마린, [30-30] 토코페롤"
"A000000236543","[모공/피지케어]VT 리들샷 포맨 올인원 100 엠플러스 150ml 단품/기획","VT","150.0","150.0","ml","23000.0","19700","1313.3","정제수, 부틸렌글라이콜, 글리세린, 아이소노닐아이소노나노에이트, 나이아신아마이드, 실리카, 1,2-헥산다이올, 다이프로필렌글라이콜, 베타인, 하이드록시아세토페논, 암모늄아크릴로일다이메틸타우레이트/브이피코폴리머, 하이드록시에틸아크릴레이트/소듐아크릴로일다이메틸타우레이트코폴리머, 알지닌, 카보머, 판테놀, 소듐아크릴레이트/소듐아크릴로일다이메틸타우레이트코폴리머, 폴리아이소부텐, 아데노신, 다이소듐이디티에이, 솔비탄아이소스테아레이트, 솔비탄올리에이트, 카프릴릴/카프릴글루코사이드, 달맞이꽃꽃추출물, 당느릅나무뿌리추출물, 대왕소나무잎추출물, 칡뿌리추출물, 병풀추출물, 소듐하이알루로네이트, 판토테닉애씨드, 알로에베라잎추출물, 녹차추출물, 레몬밤잎추출물, 살비아잎추출물, 소나무잎추출물, 연꽃잎추출물, 편백잎추출물, 마데카소사이드, 마데카식애씨드, 아시아티코사이드, 아시아틱애씨드, 프로폴리스추출물, 아세틸옥타펩타이드-3, 아세틸헥사펩타이드-8, 카퍼트라이펩타이드-1, 트라이펩타이드-1, 트라이펩타이드-2, 트라이펩타이드-3, 팔미토일테트라펩타이드-7, 팔미토일트라이펩타이드-1, 팔미토일펜타펩타이드-4","","[50-1] 정제수, [50-2] 부틸렌글라이콜, [50-3] 글리세린, [50-4] 아이소노닐아이소노나노에이트, [50-5] 나이아신아마이드, [50-6] 실리카, [50-7] 1,2-헥산다이올, [50-8] 다이프로필렌글라이콜, [50-9] 베타인, [50-10] 하이드록시아세토페논, [50-11] 암모늄아크릴로일다이메틸타우레이트/브이피코폴리머, [50-12] 하이드록시에틸아크릴레이트/소듐아크릴로일다이메틸타우레이트코폴리머, [50-13] 알지닌, [50-14] 카보머, [50-15] 판테놀, [50-16] 소듐아크릴레이트/소듐아크릴로일다이메틸타우레이트코폴리머, [50-17] 폴리아이소부텐, [50-18] 아데노신, [50-19] 다이소듐이디티에이, [50-20] 솔비탄아이소스테아레이트, [50-21] 솔비탄올리에이트, [50-22] 카프릴릴/카프릴글루코사이드, [50-23] 달맞이꽃꽃추출물, [50-24] 당느릅나무뿌리추출물, [50-25] 대왕소나무잎추출물, [50-26] 칡뿌리추출물, [50-27] 병풀추출물, [50-28] 소듐하이알루로네이트, [50-29] 판토테닉애씨드, [50-30] 알로에베라잎추출물, [50-31] 녹차추출물, [50-32] 레몬밤잎추출물, [50-33] 살비아잎추출물, [50-34] 소나무잎추출물, [50-35] 연꽃잎추출물, [50-36] 편백잎추출물, [50-37] 마데카소사이드, [50-38] 마데카식애씨드, [50-39] 아시아티코사이드, [50-40] 아시아틱애씨드, [50-41] 프로폴리스추출물, [50-42] 아세틸옥타펩타이드-3, [50-43] 아세틸헥사펩타이드-8, [50-44] 카퍼트라이펩타이드-1, [50-45] 트라이펩타이드-1, [50-46] 트라이펩타이드-2, [50-47] 트라이펩타이드-3, [50-48] 팔미토일테트라펩타이드-7, [50-49] 팔미토일트라이펩타이드-1, [50-50] 팔미토일펜타펩타이드-4"
"B000000234131","[단독기프트/업체배송] 헤라 옴므 올인원 스킨 하이드로 트리트먼트 150ml 단품/기획","헤라","150.0","150.0","ml","48000.0","38400","2560.0","정제수, 글리세린, 베타인, 변성알코올, 다이프로필렌글라이콜, 1,2-헥산다이올, 메틸트라이메티콘, 나이아신아마이드, 사이클로펜타실록세인, 실리카, 세테아릴알코올, 판테놀, 다이메티콘올, 아크릴레이트/C10-30알킬아크릴레이트크로스폴리머, 글리세릴스테아레이트, 프로판다이올, 트로메타민, 하이드로제네이티드레시틴, 해수, 글리세릴카프릴레이트, 향료, 스테아릭애씨드, 폴리글리세릴-3메틸글루코오스다이스테아레이트, 팔미틱애씨드, 에틸헥실글리세린, 멘톡시프로판다이올, 아데노신, 다이소듐이디티에이, 바이오사카라이드검-1, 펜틸렌글라이콜, 리모넨, 리날룰, 미리스틱애씨드, 부틸렌글라이콜, 라우릭애씨드, 사철쑥추출물, 카프릴릴글라이콜, 메톡시피이지-114/폴리엡실론카프로락톤, 토코페롤, 하이드록시에틸아크릴레이트/소듐아크릴로일다이메틸타우레이트코폴리머, 아크릴레이트/스테아릴메타크릴레이트코폴리머, 흰목이버섯포자낭과추출물, 하이알루로닉애씨드, 아세틸헵타펩타이드-4, 복사나무잎추출물, 잔탄검, 페녹시에탄올, 아세틸헥사펩타이드-8, 라이신, 알지닌, 히스티딘, 세라마이드엔피, 소듐하이드록사이드, 글루코오스, 자일로오스, 아세틸옥타펩타이드-3, 하이드로제네이티드포스파티딜콜린, 소듐클로라이드, 덱스트린, 하이드롤라이즈드오크라추출물, 콜레스테롤, 만노오스, 다이팔미토일하이드록시프롤린, 레시틴, 칼슘클로라이드, 카퍼트라이펩타이드-1, 포타슘클로라이드, 소듐포스페이트, 포타슘포스페이트, 마그네슘클로라이드, 푸코오스, 하이드롤라이즈드기장","","[72-1] 정제수, [72-2] 글리세린, [72-3] 베타인, [72-4] 변성알코올, [72-5] 다이프로필렌글라이콜, [72-6] 1,2-헥산다이올, [72-7] 메틸트라이메티콘, [72-8] 나이아신아마이드, [72-9] 사이클로펜타실록세인, [72-10] 실리카, [72-11] 세테아릴알코올, [72-12] 판테놀, [72-13] 다이메티콘올, [72-14] 아크릴레이트/C10-30알킬아크릴레이트크로스폴리머, [72-15] 글리세릴스테아레이트, [72-16] 프로판다이올, [72-17] 트로메타민, [72-18] 하이드로제네이티드레시틴, [72-19] 해수, [72-20] 글리세릴카프릴레이트, [72-21] 향료, [72-22] 스테아릭애씨드, [72-23] 폴리글리세릴-3메틸글루코오스다이스테아레이트, [72-24] 팔미틱애씨드, [72-25] 에틸헥실글리세린, [72-26] 멘톡시프로판다이올, [72-27] 아데노신, [72-28] 다이소듐이디티에이, [72-29] 바이오사카라이드검-1, [72-30] 펜틸렌글라이콜, [72-31] 리모넨, [72-32] 리날룰, [72-33] 미리스틱애씨드, [72-34] 부틸렌글라이콜, [72-35] 라우릭애씨드, [72-36] 사철쑥추출물, [72-37] 카프릴릴글라이콜, [72-38] 메톡시피이지-114/폴리엡실론카프로락톤, [72-39] 토코페롤, [72-40] 하이드록시에틸아크릴레이트/소듐아크릴로일다이메틸타우레이트코폴리머, [72-41] 아크릴레이트/스테아릴메타크릴레이트코폴리머, [72-42] 흰목이버섯포자낭과추출물, [72-43] 하이알루로닉애씨드, [72-44] 아세틸헵타펩타이드-4, [72-45] 복사나무잎추출물, [72-46] 잔탄검, [72-47] 페녹시에탄올, [72-48] 아세틸헥사펩타이드-8, [72-49] 라이신, [72-50] 알지닌, [72-51] 히스티딘, [72-52] 세라마이드엔피, [72-53] 소듐하이드록사이드, [72-54] 글루코오스, [72-55] 자일로오스, [72-56] 아세틸옥타펩타이드-3, [72-57] 하이드로제네이티드포스파티딜콜린, [72-58] 소듐클로라이드, [72-59] 덱스트린, [72-60] 하이드롤라이즈드오크라추출물, [72-61] 콜레스테롤, [72-62] 만노오스, [72-63] 다이팔미토일하이드록시프롤린, [72-64] 레시틴, [72-65] 칼슘클로라이드, [72-66] 카퍼트라이펩타이드-1, [72-67] 포타슘클로라이드, [72-68] 소듐포스페이트, [72-69] 포타슘포스페이트, [72-70] 마그네슘클로라이드, [72-71] 푸코오스, [72-72] 하이드롤라이즈드기장"
"A000000167411","헤라 옴므 올인원 스킨 하이드로 트리트먼트 150ML","헤라","150.0","150.0","ml","48000.0","38010","2534.0","정제수, 글리세린, 베타인, 변성알코올, 다이프로필렌글라이콜, 1,2-헥산다이올, 메틸트라이메티콘, 나이아신아마이드, 사이클로펜타실록세인, 실리카, 세테아릴알코올, 판테놀, 다이메티콘올, 아크릴레이트/C10-30알킬아크릴레이트크로스폴리머, 글리세릴스테아레이트, 프로판다이올, 트로메타민, 하이드로제네이티드레시틴, 해수, 글리세릴카프릴레이트, 향료, 스테아릭애씨드, 폴리글리세릴-3메틸글루코오스다이스테아레이트, 팔미틱애씨드, 에틸헥실글리세린, 멘톡시프로판다이올, 아데노신, 다이소듐이디티에이, 바이오사카라이드검-1, 펜틸렌글라이콜, 리모넨, 리날룰, 미리스틱애씨드, 부틸렌글라이콜, 라우릭애씨드, 사철쑥추출물, 카프릴릴글라이콜, 메톡시피이지-114/폴리엡실론카프로락톤, 토코페롤, 하이드록시에틸아크릴레이트/소듐아크릴로일다이메틸타우레이트코폴리머, 아크릴레이트/스테아릴메타크릴레이트코폴리머, 흰목이버섯포자낭과추출물, 하이알루로닉애씨드, 아세틸헵타펩타이드-4, 복사나무잎추출물, 잔탄검, 페녹시에탄올, 아세틸헥사펩타이드-8, 라이신, 알지닌, 히스티딘, 세라마이드엔피, 소듐하이드록사이드, 글루코오스, 자일로오스, 아세틸옥타펩타이드-3, 하이드로제네이티드포스파티딜콜린, 소듐클로라이드, 덱스트린, 하이드롤라이즈드오크라추출물, 콜레스테롤, 만노오스, 다이팔미토일하이드록시프롤린, 레시틴, 칼슘클로라이드, 카퍼트라이펩타이드-1, 포타슘클로라이드, 소듐포스페이트, 포타슘포스페이트, 마그네슘클로라이드, 푸코오스, 하이드롤라이즈드기장","","[72-1] 정제수, [72-2] 글리세린, [72-3] 베타인, [72-4] 변성알코올, [72-5] 다이프로필렌글라이콜, [72-6] 1,2-헥산다이올, [72-7] 메틸트라이메티콘, [72-8] 나이아신아마이드, [72-9] 사이클로펜타실록세인, [72-10] 실리카, [72-11] 세테아릴알코올, [72-12] 판테놀, [72-13] 다이메티콘올, [72-14] 아크릴레이트/C10-30알킬아크릴레이트크로스폴리머, [72-15] 글리세릴스테아레이트, [72-16] 프로판다이올, [72-17] 트로메타민, [72-18] 하이드로제네이티드레시틴, [72-19] 해수, [72-20] 글리세릴카프릴레이트, [72-21] 향료, [72-22] 스테아릭애씨드, [72-23] 폴리글리세릴-3메틸글루코오스다이스테아레이트, [72-24] 팔미틱애씨드, [72-25] 에틸헥실글리세린, [72-26] 멘톡시프로판다이올, [72-27] 아데노신, [72-28] 다이소듐이디티에이, [72-29] 바이오사카라이드검-1, [72-30] 펜틸렌글라이콜, [72-31] 리모넨, [72-32] 리날룰, [72-33] 미리스틱애씨드, [72-34] 부틸렌글라이콜, [72-35] 라우릭애씨드, [72-36] 사철쑥추출물, [72-37] 카프릴릴글라이콜, [72-38] 메톡시피이지-114/폴리엡실론카프로락톤, [72-39] 토코페롤, [72-40] 하이드록시에틸아크릴레이트/소듐아크릴로일다이메틸타우레이트코폴리머, [72-41] 아크릴레이트/스테아릴메타크릴레이트코폴리머, [72-42] 흰목이버섯포자낭과추출물, [72-43] 하이알루로닉애씨드, [72-44] 아세틸헵타펩타이드-4, [72-45] 복사나무잎추출물, [72-46] 잔탄검, [72-47] 페녹시에탄올, [72-48] 아세틸헥사펩타이드-8, [72-49] 라이신, [72-50] 알지닌, [72-51] 히스티딘, [72-52] 세라마이드엔피, [72-53] 소듐하이드록사이드, [72-54] 글루코오스, [72-55] 자일로오스, [72-56] 아세틸옥타펩타이드-3, [72-57] 하이드로제네이티드포스파티딜콜린, [72-58] 소듐클로라이드, [72-59] 덱스트린, [72-60] 하이드롤라이즈드오크라추출물, [72-61] 콜레스테롤, [72-62] 만노오스, [72-63] 다이팔미토일하이드록시프롤린, [72-64] 레시틴, [72-65] 칼슘클로라이드, [72-66] 카퍼트라이펩타이드-1, [72-67] 포타슘클로라이드, [72-68] 소듐포스페이트, [72-69] 포타슘포스페이트, [72-70] 마그네슘클로라이드, [72-71] 푸코오스, [72-72] 하이드롤라이즈드기장"
"A000000261984","AHC 프로샷 온리 포맨 노세범 트러블 올인원 기획(120ml+120ml)","AHC","120.0","240.0","ml","","38000","1583.3","정제수, 글리세린, 변성알코올, 프로판다이올, 베타인, 다이프로필렌글라이콜, 나이아신아마이드, 메틸프로판다이올, C9-12알
케인, 메틸트라이메티콘, 펜틸렌글라이콜, 세테아릴알코올, 실리카, 글리세릴스테아레이트, 비닐다이메티콘, 카프릴릴글라이콜,
하이드록시에틸아크릴레이트/소듐아크릴로일다이메틸타우레이트코폴리머, 판테놀, 솔비톨, 다이메티콘올, 아크릴레이트/
C10-30알킬아크릴레이트크로스폴리머, 하이드로제네이티드레시틴, 트로메타민, 아데노신, 팔미틱애씨드, 스테아릭애씨드,
소듐파이테이트, 폴리솔베이트60, 솔비탄아이소스테아레이트, 부틸렌글라이콜,1,2-헥산다이올, 소듐하이알루로네이트, 에틸
헥실글리세린, 글라이신, 알지닌, 글루타믹애씨드","","[36-1] 정제수, [36-2] 글리세린, [36-3] 변성알코올, [36-4] 프로판다이올, [36-5] 베타인, [36-6] 다이프로필렌글라이콜, [36-7] 나이아신아마이드, [36-8] 메틸프로판다이올, [36-9] 케인, [36-10] 메틸트라이메티콘, [36-11] 펜틸렌글라이콜, [36-12] 세테아릴알코올, [36-13] 실리카, [36-14] 글리세릴스테아레이트, [36-15] 비닐다이메티콘, [36-16] 카프릴릴글라이콜, [36-17] 하이드록시에틸아크릴레이트/소듐아크릴로일다이메틸타우레이트코폴리머, [36-18] 판테놀, [36-19] 솔비톨, [36-20] 다이메티콘올, [36-21] C10-30알킬아크릴레이트크로스폴리머, [36-22] 하이드로제네이티드레시틴, [36-23] 트로메타민, [36-24] 아데노신, [36-25] 팔미틱애씨드, [36-26] 스테아릭애씨드, [36-27] 소듐파이테이트, [36-28] 폴리솔베이트60, [36-29] 솔비탄아이소스테아레이트, [36-30] 부틸렌글라이콜, [36-31] 1,2-헥산다이올, [36-32] 소듐하이알루로네이트, [36-33] 헥실글리세린, [36-34] 글라이신, [36-35] 알지닌, [36-36] 글루타믹애씨드"
"A000000145576","[저자극] 라운드랩 1025 독도 로션 200ml 기획 (+50ml)","라운드랩","200.0","250.0","ml","20000.0","17900","716.0","정제수, 글리세린, 퀸즈랜드넛오일, 1,2-헥산다이올, 펜틸렌글라이콜, 호호바에스터, 아이리쉬모스추출물, 사탕수수추출물, 해수, 하이알루로닉애씨드, 하이드롤라이즈드하이알루로닉애씨드, 소듐하이알루로네이트, 폴리글리세릴-3메틸글루코오스다이스테아레이트, 글리세릴스테아레이트, 하이드로제네이티드폴리데센, 하이드록시에틸아크릴레이트/소듐아크릴로일다이메틸타우레이트코폴리머, 카프릴릴글라이콜, 트로메타민, 소듐파이테이트, 판테놀, 스쿠알란, 부틸렌글라이콜, 토코페롤, 소듐카복시메틸베타-글루칸, 에틸헥실글리세린, 세테아릴알코올, 카보머","","[27-1] 정제수, [27-2] 글리세린, [27-3] 퀸즈랜드넛오일, [27-4] 1,2-헥산다이올, [27-5] 펜틸렌글라이콜, [27-6] 호호바에스터, [27-7] 아이리쉬모스추출물, [27-8] 사탕수수추출물, [27-9] 해수, [27-10] 하이알루로닉애씨드, [27-11] 하이드롤라이즈드하이알루로닉애씨드, [27-12] 소듐하이알루로네이트, [27-13] 폴리글리세릴-3메틸글루코오스다이스테아레이트, [27-14] 글리세릴스테아레이트, [27-15] 하이드로제네이티드폴리데센, [27-16] 하이드록시에틸아크릴레이트/소듐아크릴로일다이메틸타우레이트코폴리머, [27-17] 카프릴릴글라이콜, [27-18] 트로메타민, [27-19] 소듐파이테이트, [27-20] 판테놀, [27-21] 스쿠알란, [27-22] 부틸렌글라이콜, [27-23] 토코페롤, [27-24] 소듐카복시메틸베타-글루칸, [27-25] 에틸헥실글리세린, [27-26] 세테아릴알코올, [27-27] 카보머"
"A000000183230","[건성피부/보습케어] 라운드랩 포 맨 1025 독도 올인원 플루이드 200ml","라운드랩","200.0","200.0","ml","24000.0","17900","895.0","정제수, 다이프로필렌글라이콜 , 카프릴릴메티콘, 하이드로제네이티드폴리(C6-14올레핀), 메틸프로판다이올, 1,2-헥산다이올, 카프릴릭/카프릭트라이글리세라이드, 글리세린, 해수, 부틸렌글라이콜, 하이드로제네이티드레시틴, 토코페롤, 연꽃꽃추출물, 효모발효물, 개똥쑥추출물, 쌀추출물, 판테놀, 소듐폴리아크릴로일다이메틸타우레이트, 팔미틱애씨드, 소듐하이알루로네이트, 하이드롤라이즈드하이알루로닉애씨드, 소듐아세틸레이티드하이알루로네이트, 에틸헥실글리세린, 폴리글리세릴-2스테아레이트, C14-22알코올, 글루코오스, 글루코노락톤, 아크릴레이트/C10-30알킬아크릴레이트크로스폴리머, 글리세릴스테아레이트, C12-16알코올, 암모늄아크릴로일다이메틸타우레이트/브이피코폴리머, C12-20알킬글루코사이드, 카프릴릴글라이콜, 스테아릴알코올, 잔탄검, 트로메타민, 다이소듐이디티에이+","","[37-1] 정제수, [37-2] 다이프로필렌글라이콜, [37-3] 카프릴릴메티콘, [37-4] 하이드로제네이티드폴리(C6-14올레핀), [37-5] 메틸프로판다이올, [37-6] 1,2-헥산다이올, [37-7] 카프릴릭/카프릭트라이글리세라이드, [37-8] 글리세린, [37-9] 해수, [37-10] 부틸렌글라이콜, [37-11] 하이드로제네이티드레시틴, [37-12] 토코페롤, [37-13] 연꽃꽃추출물, [37-14] 효모발효물, [37-15] 개똥쑥추출물, [37-16] 쌀추출물, [37-17] 판테놀, [37-18] 소듐폴리아크릴로일다이메틸타우레이트, [37-19] 팔미틱애씨드, [37-20] 소듐하이알루로네이트, [37-21] 하이드롤라이즈드하이알루로닉애씨드, [37-22] 소듐아세틸레이티드하이알루로네이트, [37-23] 에틸헥실글리세린, [37-24] 폴리글리세릴-2스테아레이트, [37-25] C14-22알코올, [37-26] 글루코오스, [37-27] 글루코노락톤, [37-28] 아크릴레이트/C10-30알킬아크릴레이트크로스폴리머, [37-29] 글리세릴스테아레이트, [37-30] C12-16알코올, [37-31] 암모늄아크릴로일다이메틸타우레이트/브이피코폴리머, [37-32] C12-20알킬글루코사이드, [37-33] 카프릴릴글라이콜, [37-34] 스테아릴알코올, [37-35] 잔탄검, [37-36] 트로메타민, [37-37] 다이소듐이디티에이+"
"A000000212251","오브제 포어 제로 오일 컨트롤 로션 70ml","오브제","70.0","70.0","ml","23000.0","17800","2542.9","정제수, 프로판다이올, 메틸메타크릴레이트크로스폴리머, 나이아신아마이드, 1,2-헥산다이올, 카우슬립추출물, 녹차추출물, 티트리추출물, 달맞이꽃꽃추출물, 당느릅나무뿌리추출물, 대왕소나무잎추출물, 칡뿌리추출물, 에난티아 클로란타껍질추출물, 녹차수, 티트리잎수, 티트리잎오일, 옥틸도데칸올, 하이드록시에틸아크릴레이트/소듐아크릴로일다이메틸타우레이트코폴리머, 메틸프로판다이올, 아크릴레이트/C10-30알킬아크릴레이트크로스폴리머, 트로메타민, 하이드록시아세토페논, 폴리에스터-5, 바쿠치올, 에틸헥실글리세린, 수크로오스, 아데노신, 솔비탄아이소스테아레이트, 판테놀, 부틸렌글라이콜, 토코페롤, 시트릭애씨드, 에피갈로카테킨갈레이트, 올레아놀릭애씨드","","[34-1] 정제수, [34-2] 프로판다이올, [34-3] 메틸메타크릴레이트크로스폴리머, [34-4] 나이아신아마이드, [34-5] 1,2-헥산다이올, [34-6] 카우슬립추출물, [34-7] 녹차추출물, [34-8] 티트리추출물, [34-9] 달맞이꽃꽃추출물, [34-10] 당느릅나무뿌리추출물, [34-11] 대왕소나무잎추출물, [34-12] 칡뿌리추출물, [34-13] 에난티아 클로란타껍질추출물, [34-14] 녹차수, [34-15] 티트리잎수, [34-16] 티트리잎오일, [34-17] 옥틸도데칸올, [34-18] 하이드록시에틸아크릴레이트/소듐아크릴로일다이메틸타우레이트코폴리머, [34-19] 메틸프로판다이올, [34-20] 아크릴레이트/C10-30알킬아크릴레이트크로스폴리머, [34-21] 트로메타민, [34-22] 하이드록시아세토페논, [34-23] 폴리에스터-5, [34-24] 바쿠치올, [34-25] 에틸헥실글리세린, [34-26] 수크로오스, [34-27] 아데노신, [34-28] 솔비탄아이소스테아레이트, [34-29] 판테놀, [34-30] 부틸렌글라이콜, [34-31] 토코페롤, [34-32] 시트릭애씨드, [34-33] 에피갈로카테킨갈레이트, [34-34] 올레아놀릭애씨드"
"A000000195699","[보습/건성] 아이소이 포맨 모이스춰 닥터 올인원 100ml 기획 (+보습 올인원 15ml)","아이소이","100.0","115.0","ml","","33000","2869.6","정제수, 글리세린, 에탄올(식물발효), 세틸에틸헥사노에이트, 카프릴릭/카프릭트라이글리세라이드, 마카다미아씨오일, 트레할로오스, 베타인, 펜타에리스리틸테트라아이소스테아레이트, 아라키딜알코올, 베헤닐알코올, 아라키딜글루코사이드, 세테아릴알코올, 글리세릴스테아레이트, 메도우폼씨오일, 소듐하이알루로네이트, 하이드롤라이즈드하이알루로닉애씨드, 하이알루로닉애씨드, 소듐하이알루로네이트크로스폴리머, 하이드롤라이즈드글라이코사미노글리칸, 잔탄검, 알란토인, 판테놀, 티트리잎추출물, 피토스핑고신, 세라마이드엔피, 밤부사불가리스추출물, 바질추출물, 녹차추출물, 쑥잎추출물, 흰버드나무껍질추출물, 오레가노잎추출물, 편백잎추출물, 락토바실러스/콩발효추출물, 육계나무껍질추출물, 쇠비름추출물, 알지닌, 카보머, 약모밀추출물(어성초추출물), 부틸렌글라이콜, 1,2-헥산다이올, 포트마리골드꽃추출물, 프로판다이올, 하이드로제네이티드레시틴, 황금추출물, 모란뿌리추출물, 스페인감초뿌리추출물, 베르가모트오일, 로즈마리잎오일, 리모넨※, 리날룰※, 시트랄※

※ 자연유래 에센셜오일 자체에 원래 포함된 성분","","[52-1] 정제수, [52-2] 글리세린, [52-3] 에탄올(식물발효), [52-4] 세틸에틸헥사노에이트, [52-5] 카프릴릭/카프릭트라이글리세라이드, [52-6] 마카다미아씨오일, [52-7] 트레할로오스, [52-8] 베타인, [52-9] 펜타에리스리틸테트라아이소스테아레이트, [52-10] 아라키딜알코올, [52-11] 베헤닐알코올, [52-12] 아라키딜글루코사이드, [52-13] 세테아릴알코올, [52-14] 글리세릴스테아레이트, [52-15] 메도우폼씨오일, [52-16] 소듐하이알루로네이트, [52-17] 하이드롤라이즈드하이알루로닉애씨드, [52-18] 하이알루로닉애씨드, [52-19] 소듐하이알루로네이트크로스폴리머, [52-20] 하이드롤라이즈드글라이코사미노글리칸, [52-21] 잔탄검, [52-22] 알란토인, [52-23] 판테놀, [52-24] 티트리잎추출물, [52-25] 피토스핑고신, [52-26] 세라마이드엔피, [52-27] 밤부사불가리스추출물, [52-28] 바질추출물, [52-29] 녹차추출물, [52-30] 쑥잎추출물, [52-31] 흰버드나무껍질추출물, [52-32] 오레가노잎추출물, [52-33] 편백잎추출물, [52-34] 락토바실러스/콩발효추출물, [52-35] 육계나무껍질추출물, [52-36] 쇠비름추출물, [52-37] 알지닌, [52-38] 카보머, [52-39] 약모밀추출물(어성초추출물), [52-40] 부틸렌글라이콜, [52-41] 1,2-헥산다이올, [52-42] 포트마리골드꽃추출물, [52-43] 프로판다이올, [52-44] 하이드로제네이티드레시틴, [52-45] 황금추출물, [52-46] 모란뿌리추출물, [52-47] 스페인감초뿌리추출물, [52-48] 베르가모트오일, [52-49] 로즈마리잎오일, [52-50] 리모넨※, [52-51] 리날룰※, [52-52] ※ 자연유래 에센셜오일 자체에 원래 포함된 성분"
"A000000197739","[지성피부/유분케어] 라운드랩 포 맨 1025 독도 올인원 젤로션 200ml+200ml","라운드랩","200.0","400.0","ml","43000.0","33000","825.0","정제수, 부틸렌글라이콜, 아이소노닐아이소노나노에이트, 베타인, 1,2-헥산다이올, 다이프로필렌글라이콜, 달맞이꽃꽃추출물, 대왕소나무잎추출물, 칡뿌리추출물, 당느릅나무뿌리추출물, 녹차추출물, 병풀잎추출물, 오카무라큰실말추출물, 흰버드나무껍질추출물, 커피콩추출물, 베르가모트잎추출물, 소나무잎추출물, 소듐하이알루로네이트, 하이드롤라이즈드하이알루로닉애씨드, 소듐아세틸레이티드하이알루로네이트, 글리세린, 에틸헥실글리세린, 알란토인, 판테놀, 해수, 데실글루코사이드, 카프릴로일살리실릭애씨드, 글루코노락톤, 글리세릴글루코사이드, 실리카, 암모늄아크릴로일다이메틸타우레이트/브이피코폴리머, 솔비탄아이소스테아레이트, 하이드록시에틸아크릴레이트/소듐아크릴로일다이메틸타우레이트코폴리머, 알지닌, 베르가모트오일, 살비아오일, 다이소듐이디티에이, 카보머","","[38-1] 정제수, [38-2] 부틸렌글라이콜, [38-3] 아이소노닐아이소노나노에이트, [38-4] 베타인, [38-5] 1,2-헥산다이올, [38-6] 다이프로필렌글라이콜, [38-7] 달맞이꽃꽃추출물, [38-8] 대왕소나무잎추출물, [38-9] 칡뿌리추출물, [38-10] 당느릅나무뿌리추출물, [38-11] 녹차추출물, [38-12] 병풀잎추출물, [38-13] 오카무라큰실말추출물, [38-14] 흰버드나무껍질추출물, [38-15] 커피콩추출물, [38-16] 베르가모트잎추출물, [38-17] 소나무잎추출물, [38-18] 소듐하이알루로네이트, [38-19] 하이드롤라이즈드하이알루로닉애씨드, [38-20] 소듐아세틸레이티드하이알루로네이트, [38-21] 글리세린, [38-22] 에틸헥실글리세린, [38-23] 알란토인, [38-24] 판테놀, [38-25] 해수, [38-26] 데실글루코사이드, [38-27] 카프릴로일살리실릭애씨드, [38-28] 글루코노락톤, [38-29] 글리세릴글루코사이드, [38-30] 실리카, [38-31] 암모늄아크릴로일다이메틸타우레이트/브이피코폴리머, [38-32] 솔비탄아이소스테아레이트, [38-33] 하이드록시에틸아크릴레이트/소듐아크릴로일다이메틸타우레이트코폴리머, [38-34] 알지닌, [38-35] 베르가모트오일, [38-36] 살비아오일, [38-37] 다이소듐이디티에이, [38-38] 카보머"
"A000000250632","제로이드 인텐시브 로션 160ml 기획 (+크림 토너 25ml)","제로이드","160.0","185.0","ml","","32000","1729.7","● 로션 : 정제수, 글리세린, 카프릴릭/카프릭트라이글리세라이드, 프로판다이올, 세테아릴알코올, 올리브오일, 솔비탄스테아레이트, 식물성스쿠알란, 다이메티콘, 스테아릭애씨드, 1,2-헥산다이올, 폴리글리세릴-3메틸글루코오스다이스테아레이트, 미리스토일/팔미토일옥소스테아라마이드/아라카마이드엠이에이, 메틸카프로오일타이로지네이트, 세틸팔미테이트, 솔비탄팔미테이트, 솔비탄올리베이트, 글리세릴스테아레이트, 카놀라오일, 피토스테롤, 토코페릴아세테이트, 비사보롤, 잔탄검, 카보머, 알지닌, 소듐하이알루로네이트, 글리세릴스테아레이트에스이, 메틸글루코오스세스퀴스테아레이트, 카프릴릴글라이콜, 다이소듐이디티에이

● 크림 토너 : 정제수, 부틸렌글라이콜, 글리세린, 시어버터, 1,2-헥산다이올, 하이드로제네이티드레시틴, 폴리글리세릴-10스테아레이트, 폴리글리세릴-10베헤네이트/에이코사디오에이트, 다이프로필렌글라이콜, 판테놀, 다이포타슘글리시리제이트, 세테아릴올리베이트, 솔비탄올리베이트, 메틸카프로오일타이로지네이트, 징크글루코네이트, 미리스토일/팔미토일옥소스테아라마이드/아라카마이드엠이에이, 하이드록시아세토페논, 식물성스쿠알란, 카프릴릭/카프릭트라이글리세라이드, 솔비탄스테아레이트, 세테아릴알코올, 글리세릴스테아레이트, 카프릴릴글라이콜, 피토스테롤, 스테아릭애씨드, 잔탄검","","[55-1] 정제수, [55-2] 글리세린, [55-3] 카프릴릭/카프릭트라이글리세라이드, [55-4] 프로판다이올, [55-5] 세테아릴알코올, [55-6] 올리브오일, [55-7] 솔비탄스테아레이트, [55-8] 식물성스쿠알란, [55-9] 다이메티콘, [55-10] 스테아릭애씨드, [55-11] 1,2-헥산다이올, [55-12] 폴리글리세릴-3메틸글루코오스다이스테아레이트, [55-13] 미리스토일/팔미토일옥소스테아라마이드/아라카마이드엠이에이, [55-14] 메틸카프로오일타이로지네이트, [55-15] 세틸팔미테이트, [55-16] 솔비탄팔미테이트, [55-17] 솔비탄올리베이트, [55-18] 글리세릴스테아레이트, [55-19] 카놀라오일, [55-20] 피토스테롤, [55-21] 토코페릴아세테이트, [55-22] 비사보롤, [55-23] 잔탄검, [55-24] 카보머, [55-25] 알지닌, [55-26] 소듐하이알루로네이트, [55-27] 글리세릴스테아레이트에스이, [55-28] 메틸글루코오스세스퀴스테아레이트, [55-29] 카프릴릴글라이콜, [55-30] 정제수, [55-31] 부틸렌글라이콜, [55-32] 글리세린, [55-33] 시어버터, [55-34] 1,2-헥산다이올, [55-35] 하이드로제네이티드레시틴, [55-36] 폴리글리세릴-10스테아레이트, [55-37] 폴리글리세릴-10베헤네이트/에이코사디오에이트, [55-38] 다이프로필렌글라이콜, [55-39] 판테놀, [55-40] 다이포타슘글리시리제이트, [55-41] 세테아릴올리베이트, [55-42] 솔비탄올리베이트, [55-43] 메틸카프로오일타이로지네이트, [55-44] 징크글루코네이트, [55-45] 미리스토일/팔미토일옥소스테아라마이드/아라카마이드엠이에이, [55-46] 하이드록시아세토페논, [55-47] 식물성스쿠알란, [55-48] 카프릴릭/카프릭트라이글리세라이드, [55-49] 솔비탄스테아레이트, [55-50] 세테아릴알코올, [55-51] 글리세릴스테아레이트, [55-52] 카프릴릴글라이콜, [55-53] 피토스테롤, [55-54] 스테아릭애씨드, [55-55] 잔탄검"
"A000000170690","[미백잡티] 유세린 이븐래디언스 모이스처라이저 50ml","유세린","50.0","50.0","ml","38000.0","30400","6080.0","정제수,프로판다이올,글리세린,세틸에틸헥사노에이트,나이아신아마이드,1,2-헥산다이올,판테놀,비닐다이메티콘,부틸렌글라이콜,세테아릴올리베이트,세테아릴알코올,솔비탄올리베이트,카보머,글리세릴글루코사이드,트로메타민,하이드로제네이티드레시틴,폴리글리세릴-10올리에이트,스페인감초뿌리추출물,에틸헥실글리세린,세틸알코올,다이소듐이디티에이,소듐하이알루로네이트,아스코빌글루코사이드,올리브나무잎추출물,징크피씨에이,아스코빅애씨드,토코페롤","","[27-1] 정제수, [27-2] 프로판다이올, [27-3] 글리세린, [27-4] 세틸에틸헥사노에이트, [27-5] 나이아신아마이드, [27-6] 1,2-헥산다이올, [27-7] 판테놀, [27-8] 비닐다이메티콘, [27-9] 부틸렌글라이콜, [27-10] 세테아릴올리베이트, [27-11] 세테아릴알코올, [27-12] 솔비탄올리베이트, [27-13] 카보머, [27-14] 글리세릴글루코사이드, [27-15] 트로메타민, [27-16] 하이드로제네이티드레시틴, [27-17] 폴리글리세릴-10올리에이트, [27-18] 스페인감초뿌리추출물, [27-19] 에틸헥실글리세린, [27-20] 세틸알코올, [27-21] 다이소듐이디티에이, [27-22] 소듐하이알루로네이트, [27-23] 아스코빌글루코사이드, [27-24] 올리브나무잎추출물, [27-25] 징크피씨에이, [27-26] 아스코빅애씨드, [27-27] 토코페롤"
"A000000199665","리얼베리어 익스트림 로션 150ml 기획 (+50ml)","리얼베리어","150.0","200.0","ml","","30000","1500.0","정제수, 글리세린, 프로판다이올, 카프릴릭/카프릭트라이글리세라이드, 솔비탄스테아레이트, 펜타에리스리틸스테아레이트/카프레이트/카프릴레이트/아디페이트, 글리세릴스테아레이트, 미리스토일/팔미토일옥소스테아라마이드/아라카마이드엠이에이, 부틸렌글라이콜, 다이메티콘, 토코페롤, 카보머, 알지닌, 알란토인, 잇꽃씨오일, 판테놀, 솔비탄라우레이트, 해바라기씨오일, 소듐하이알루로네이트, 하이드록시에틸셀룰로오스, 아세틸다이펩타이드-1세틸에스터, 광곽향오일, 살비아오일, 소두구씨오일, 다이하이드록시아이소프로필팔모일팜아마이드, 마데카소사이드, 비스-카프릴로일옥시팔미타미도아이소프로판올, 스테아릭애씨드, 엑토인, 피토스테롤, 캐모마일꽃오일, 콘민트오일, 자일리틸글루코사이드, 안하이드로자일리톨, 멕시칸주니퍼오일, 자일리톨, 글루코오스, 아세틸헵타펩타이드-4, 1,2-헥산다이올, 카프릴릴글라이콜","","[40-1] 정제수, [40-2] 글리세린, [40-3] 프로판다이올, [40-4] 카프릴릭/카프릭트라이글리세라이드, [40-5] 솔비탄스테아레이트, [40-6] 펜타에리스리틸스테아레이트/카프레이트/카프릴레이트/아디페이트, [40-7] 글리세릴스테아레이트, [40-8] 미리스토일/팔미토일옥소스테아라마이드/아라카마이드엠이에이, [40-9] 부틸렌글라이콜, [40-10] 다이메티콘, [40-11] 토코페롤, [40-12] 카보머, [40-13] 알지닌, [40-14] 알란토인, [40-15] 잇꽃씨오일, [40-16] 판테놀, [40-17] 솔비탄라우레이트, [40-18] 해바라기씨오일, [40-19] 소듐하이알루로네이트, [40-20] 하이드록시에틸셀룰로오스, [40-21] 아세틸다이펩타이드-1세틸에스터, [40-22] 광곽향오일, [40-23] 살비아오일, [40-24] 소두구씨오일, [40-25] 다이하이드록시아이소프로필팔모일팜아마이드, [40-26] 마데카소사이드, [40-27] 비스-카프릴로일옥시팔미타미도아이소프로판올, [40-28] 스테아릭애씨드, [40-29] 엑토인, [40-30] 피토스테롤, [40-31] 캐모마일꽃오일, [40-32] 콘민트오일, [40-33] 자일리틸글루코사이드, [40-34] 안하이드로자일리톨, [40-35] 멕시칸주니퍼오일, [40-36] 자일리톨, [40-37] 글루코오스, [40-38] 아세틸헵타펩타이드-4, [40-39] 1,2-헥산다이올, [40-40] 카프릴릴글라이콜"
"A000000207459","[올인원+클렌징폼] 닥터지 레드 블레미쉬 포 맨 진정올인원+클렌징폼 2종 기획 세트","닥터지","","","","46000.0","29900","","<올인원 플루이드>
정제수, 나이아신아마이드, 아이소도데케인, 카프릴릴메티콘, 메틸프로판다이올, 1,2-헥산다이올, 다이프로필렌글라이콜, 프로판다이올, 글리세린, 카프릴릭/카프릭트라이글리세라이드, 하이드로제네이티드폴리(C6-14올레핀), 다이메티콘/비닐다이메티콘크로스폴리머, 폴리글리세릴-2스테아레이트, C14-22알코올, C12-16알코올, 글리세릴스테아레이트, 스테아릴알코올, 부틸렌글라이콜, 아크릴레이트/C10-30알킬아크릴레이트크로스폴리머, 암모늄아크릴로일다이메틸타우레이트/브이피코폴리머, C12-20알킬글루코사이드, 소듐폴리아크릴로일다이메틸타우레이트, 하이드로제네이티드레시틴, 팔미틱애씨드, 소듐하이알루로네이트, 아데노신, 트로메타민, 병풀추출물, 호장근뿌리추출물, 잔탄검, 황금추출물, 다이소듐이디티에이, 녹차추출물, 스페인감초뿌리추출물, 마트리카리아꽃추출물, 로즈마리잎추출물, 글루코오스, 글루코노락톤, 세라마이드엔피, 티트리잎오일, 말토덱스트린, 마데카소사이드, 사카라이드하이드롤리세이트, 아보카도열매추출물, 아시아티코사이드, 아시아틱애씨드, 마데카식애씨드, 다시마추출물, 당느릅나무뿌리추출물, 알로에베라잎추출물, 참마뿌리추출물, 제비꽃꽃추추물

<젠틀 클렌징 폼>
정제수, 소듐코코일이세티오네이트, 글리세린, 하이드록시프로필스타치포스페이트, 소듐메틸코코일타우레이트, 포타슘코코일글리시네이트, 라우릴하이드록시설테인, 세테아릴알코올, 포타슘코코에이트, 글라이콜다이스테아레이트, 살리실릭애씨드, 글리세릴스테아레이트, 시트릭애씨드, 글리세릴카프릴레이트, 카프릴릴글라이콜, 소듐클로라이드, 소듐파이테이트, 페네틸알코올, 인도멀구슬나무잎추출물, 부틸렌글라이콜, 인도멀구슬나무꽃추출물, 1,2-헥산다이올, 제비꽃꽃추출물, 당느릅나무뿌리추출물, 다시마추출물, 참마뿌리추출물, 카프릴로일살리실릭애씨드, 알로에베라잎추출물, 에난티아 클로란타껍질추출물, 병풀추출물, 올레아놀릭애씨드, 마데카소사이드, 마데카식애씨드, 아시아티코사이드, 아시아틱애씨드","","[86-1] 정제수, [86-2] 나이아신아마이드, [86-3] 아이소도데케인, [86-4] 카프릴릴메티콘, [86-5] 메틸프로판다이올, [86-6] 1,2-헥산다이올, [86-7] 다이프로필렌글라이콜, [86-8] 프로판다이올, [86-9] 글리세린, [86-10] 카프릴릭/카프릭트라이글리세라이드, [86-11] 하이드로제네이티드폴리(C6-14올레핀), [86-12] 다이메티콘/비닐다이메티콘크로스폴리머, [86-13] 폴리글리세릴-2스테아레이트, [86-14] C14-22알코올, [86-15] C12-16알코올, [86-16] 글리세릴스테아레이트, [86-17] 스테아릴알코올, [86-18] 부틸렌글라이콜, [86-19] 아크릴레이트/C10-30알킬아크릴레이트크로스폴리머, [86-20] 암모늄아크릴로일다이메틸타우레이트/브이피코폴리머, [86-21] C12-20알킬글루코사이드, [86-22] 소듐폴리아크릴로일다이메틸타우레이트, [86-23] 하이드로제네이티드레시틴, [86-24] 팔미틱애씨드, [86-25] 소듐하이알루로네이트, [86-26] 아데노신, [86-27] 트로메타민, [86-28] 병풀추출물, [86-29] 호장근뿌리추출물, [86-30] 잔탄검, [86-31] 황금추출물, [86-32] 다이소듐이디티에이, [86-33] 녹차추출물, [86-34] 스페인감초뿌리추출물, [86-35] 마트리카리아꽃추출물, [86-36] 로즈마리잎추출물, [86-37] 글루코오스, [86-38] 글루코노락톤, [86-39] 세라마이드엔피, [86-40] 티트리잎오일, [86-41] 말토덱스트린, [86-42] 마데카소사이드, [86-43] 사카라이드하이드롤리세이트, [86-44] 아보카도열매추출물, [86-45] 아시아티코사이드, [86-46] 아시아틱애씨드, [86-47] 마데카식애씨드, [86-48] 다시마추출물, [86-49] 당느릅나무뿌리추출물, [86-50] 알로에베라잎추출물, [86-51] 참마뿌리추출물, [86-52] 정제수, [86-53] 소듐코코일이세티오네이트, [86-54] 글리세린, [86-55] 하이드록시프로필스타치포스페이트, [86-56] 소듐메틸코코일타우레이트, [86-57] 포타슘코코일글리시네이트, [86-58] 라우릴하이드록시설테인, [86-59] 세테아릴알코올, [86-60] 포타슘코코에이트, [86-61] 글라이콜다이스테아레이트, [86-62] 살리실릭애씨드, [86-63] 글리세릴스테아레이트, [86-64] 시트릭애씨드, [86-65] 글리세릴카프릴레이트, [86-66] 카프릴릴글라이콜, [86-67] 소듐클로라이드, [86-68] 소듐파이테이트, [86-69] 페네틸알코올, [86-70] 인도멀구슬나무잎추출물, [86-71] 부틸렌글라이콜, [86-72] 인도멀구슬나무꽃추출물, [86-73] 1,2-헥산다이올, [86-74] 제비꽃꽃추출물, [86-75] 당느릅나무뿌리추출물, [86-76] 다시마추출물, [86-77] 참마뿌리추출물, [86-78] 카프릴로일살리실릭애씨드, [86-79] 알로에베라잎추출물, [86-80] 에난티아 클로란타껍질추출물, [86-81] 병풀추출물, [86-82] 올레아놀릭애씨드, [86-83] 마데카소사이드, [86-84] 마데카식애씨드, [86-85] 아시아티코사이드, [86-86] 아시아틱애씨드"
"A000000203247","[탄력에멀전] 바이오힐보 프로바이오덤 3D 리프팅 에멀전 150ml","바이오힐보","150.0","150.0","ml","","29000","1933.3","정제수, 락토바실러스발효용해물, 부틸렌글라이콜, 글리세린, 1,2-헥산다이올, 옥틸도데실미리스테이트, 카프릴릴메티콘, 하이드로제네이티드폴리(C6-14올레핀), 베타인, 락토바실러스발효물, 프룩토올리고사카라이드, 프룩탄, 이눌린, 판테놀, 베타-글루칸, 아데노신, 사포닌, 수용성프로테오글리칸, 노나펩타이드-1, 아세틸테트라펩타이드-9, 아세틸테트라펩타이드-5, 아세틸헥사펩타이드-1, 아세틸헥사펩타이드-8, 팔미토일트라이펩타이드-8, 다이펩타이드다이아미노부티로일벤질아마이드다이아세테이트, 카퍼트라이펩타이드-1, 트라이펩타이드-1, 팔미토일테트라펩타이드-7, 팔미토일트라이펩타이드-1, 팔미토일트라이펩타이드-5, 팔미토일펜타펩타이드-4, 팔미토일헥사펩타이드-12, 펜타펩타이드-3, 헥사펩타이드-9, 올리고펩타이드-2, 참마뿌리추출물, 펜틸렌글라이콜, 폴리글리세릴-3메틸글루코오스다이스테아레이트, 글리세릴스테아레이트, 세틸에틸헥사노에이트, 비스-다이글리세릴폴리아실아디페이트-2, 카프릴릭/카프릭트라이글리세라이드, 비닐다이메티콘, 하이드록시에틸아크릴레이트/소듐아크릴로일다이메틸타우레이트코폴리머, 팔미틱애씨드, 스테아릭애씨드, 다이메티콘올, 에틸헥실글리세린, 카보머, 잔탄검, 하이드로제네이티드채종유, 트로메타민, 솔비탄아이소스테아레이트, 말토덱스트린, 프로판다이올, 알진, 바이오사카라이드검-4, 세테아릴글루코사이드, 세테아릴알코올, 소듐폴리아크릴레이트, 소듐스테아로일글루타메이트, 토코페롤, 미네랄솔트, 하이드롤라이즈드옥수수전분, 소듐포스페이트, 카프릴릴글라이콜, 수크로오스, 덱스트란, 다이소듐포스페이트, 향료","","[70-1] 정제수, [70-2] 락토바실러스발효용해물, [70-3] 부틸렌글라이콜, [70-4] 글리세린, [70-5] 1,2-헥산다이올, [70-6] 옥틸도데실미리스테이트, [70-7] 카프릴릴메티콘, [70-8] 하이드로제네이티드폴리(C6-14올레핀), [70-9] 베타인, [70-10] 락토바실러스발효물, [70-11] 프룩토올리고사카라이드, [70-12] 프룩탄, [70-13] 이눌린, [70-14] 판테놀, [70-15] 베타-글루칸, [70-16] 아데노신, [70-17] 사포닌, [70-18] 수용성프로테오글리칸, [70-19] 노나펩타이드-1, [70-20] 아세틸테트라펩타이드-9, [70-21] 아세틸테트라펩타이드-5, [70-22] 아세틸헥사펩타이드-1, [70-23] 아세틸헥사펩타이드-8, [70-24] 팔미토일트라이펩타이드-8, [70-25] 다이펩타이드다이아미노부티로일벤질아마이드다이아세테이트, [70-26] 카퍼트라이펩타이드-1, [70-27] 트라이펩타이드-1, [70-28] 팔미토일테트라펩타이드-7, [70-29] 팔미토일트라이펩타이드-1, [70-30] 팔미토일트라이펩타이드-5, [70-31] 팔미토일펜타펩타이드-4, [70-32] 팔미토일헥사펩타이드-12, [70-33] 펜타펩타이드-3, [70-34] 헥사펩타이드-9, [70-35] 올리고펩타이드-2, [70-36] 참마뿌리추출물, [70-37] 펜틸렌글라이콜, [70-38] 폴리글리세릴-3메틸글루코오스다이스테아레이트, [70-39] 글리세릴스테아레이트, [70-40] 세틸에틸헥사노에이트, [70-41] 비스-다이글리세릴폴리아실아디페이트-2, [70-42] 카프릴릭/카프릭트라이글리세라이드, [70-43] 비닐다이메티콘, [70-44] 하이드록시에틸아크릴레이트/소듐아크릴로일다이메틸타우레이트코폴리머, [70-45] 팔미틱애씨드, [70-46] 스테아릭애씨드, [70-47] 다이메티콘올, [70-48] 에틸헥실글리세린, [70-49] 카보머, [70-50] 잔탄검, [70-51] 하이드로제네이티드채종유, [70-52] 트로메타민, [70-53] 솔비탄아이소스테아레이트, [70-54] 말토덱스트린, [70-55] 프로판다이올, [70-56] 알진, [70-57] 바이오사카라이드검-4, [70-58] 세테아릴글루코사이드, [70-59] 세테아릴알코올, [70-60] 소듐폴리아크릴레이트, [70-61] 소듐스테아로일글루타메이트, [70-62] 토코페롤, [70-63] 미네랄솔트, [70-64] 하이드롤라이즈드옥수수전분, [70-65] 소듐포스페이트, [70-66] 카프릴릴글라이콜, [70-67] 수크로오스, [70-68] 덱스트란, [70-69] 다이소듐포스페이트, [70-70] 향료"
"A000000200886","비욘드 엔젤아쿠아 포맨 올인원 에센스 더블기획 (200mlX2입)(비건)","비욘드","200.0","400.0","ml","","27000","675.0","정제수, 다이프로필렌글라이콜, 글리세린, 나이아신아마이드, 1,2-헥산다이올, 폴리메틸실세스퀴옥세인, 베타인, C15-19알케인, 판테놀, 소듐하이알루로네이트, 하이드롤라이즈드하이알루로닉애씨드, 슈도알테로모나스발효추출물, 포도덩굴수액, 가시대나무수액, 자작나무수액, 하늘타리뿌리추출물, 개똥쑥추출물, 님잎추출물, 녹차추출물, 카프릴릴글라이콜, 다이카프릴릴에터, 다이카프릴릴카보네이트, 카프릴릭/카프릭트라이글리세라이드, 펜타에리스리틸테트라에틸헥사노에이트, 펜타에리스리틸테트라아이소스테아레이트, 폴리글리세릴-10스테아레이트, 폴리글리세릴-10올리에이트, 카보머, 아크릴레이트/C10-30알킬아크릴레이트크로스폴리머, 암모늄아크릴로일다이메틸타우레이트/브이피코폴리머, 아데노신, 토코페롤, 트라이소듐이디티에이, 트로메타민","","[34-1] 정제수, [34-2] 다이프로필렌글라이콜, [34-3] 글리세린, [34-4] 나이아신아마이드, [34-5] 1,2-헥산다이올, [34-6] 폴리메틸실세스퀴옥세인, [34-7] 베타인, [34-8] C15-19알케인, [34-9] 판테놀, [34-10] 소듐하이알루로네이트, [34-11] 하이드롤라이즈드하이알루로닉애씨드, [34-12] 슈도알테로모나스발효추출물, [34-13] 포도덩굴수액, [34-14] 가시대나무수액, [34-15] 자작나무수액, [34-16] 하늘타리뿌리추출물, [34-17] 개똥쑥추출물, [34-18] 님잎추출물, [34-19] 녹차추출물, [34-20] 카프릴릴글라이콜, [34-21] 다이카프릴릴에터, [34-22] 다이카프릴릴카보네이트, [34-23] 카프릴릭/카프릭트라이글리세라이드, [34-24] 펜타에리스리틸테트라에틸헥사노에이트, [34-25] 펜타에리스리틸테트라아이소스테아레이트, [34-26] 폴리글리세릴-10스테아레이트, [34-27] 폴리글리세릴-10올리에이트, [34-28] 카보머, [34-29] 아크릴레이트/C10-30알킬아크릴레이트크로스폴리머, [34-30] 암모늄아크릴로일다이메틸타우레이트/브이피코폴리머, [34-31] 아데노신, [34-32] 토코페롤, [34-33] 트라이소듐이디티에이, [34-34] 트로메타민"
"A000000184664","아이오페 맨 안티에이징 에멀젼EX 120ml","아이오페","120.0","120.0","ml","36000.0","25200","2100.0","정제수, 부틸렌글라이콜, 세틸에틸헥사노에이트, 글리세린, 펜타에리스리틸테트라에틸헥사노에이트, 변성알코올, 폴리글리세릴-3다이스테아레이트, 1,2-헥산다이올, 글리세릴스테아레이트시트레이트, 세테아릴알코올, 페닐트라이메티콘, 비스-하이드록시에톡시프로필다이메티콘, 글리세릴스테아레이트, 카보머, 트로메타민, 하이드록시에틸아크릴레이트/소듐아크릴로일다이메틸타우레이트코폴리머, 향료, 잔탄검, 카프릴릴글라이콜, 글리세릴카프릴레이트, 효모발효여과물, 프로판다이올, 다이소듐이디티에이, 아데노신, 타우린, 솔비탄아이소스테아레이트, 낫토검, 돌콩추출물, 에틸헥실글리세린, 토코페롤","","[30-1] 정제수, [30-2] 부틸렌글라이콜, [30-3] 세틸에틸헥사노에이트, [30-4] 글리세린, [30-5] 펜타에리스리틸테트라에틸헥사노에이트, [30-6] 변성알코올, [30-7] 폴리글리세릴-3다이스테아레이트, [30-8] 1,2-헥산다이올, [30-9] 글리세릴스테아레이트시트레이트, [30-10] 세테아릴알코올, [30-11] 페닐트라이메티콘, [30-12] 비스-하이드록시에톡시프로필다이메티콘, [30-13] 글리세릴스테아레이트, [30-14] 카보머, [30-15] 트로메타민, [30-16] 하이드록시에틸아크릴레이트/소듐아크릴로일다이메틸타우레이트코폴리머, [30-17] 향료, [30-18] 잔탄검, [30-19] 카프릴릴글라이콜, [30-20] 글리세릴카프릴레이트, [30-21] 효모발효여과물, [30-22] 프로판다이올, [30-23] 다이소듐이디티에이, [30-24] 아데노신, [30-25] 타우린, [30-26] 솔비탄아이소스테아레이트, [30-27] 낫토검, [30-28] 돌콩추출물, [30-29] 에틸헥실글리세린, [30-30] 토코페롤"
"A000000149214","[산뜻보송] AHC 온리포맨 포어 프레쉬 올인원에센스 더블 기획 (120ml+120ml)","AHC","120.0","240.0","ml","38000.0","24900","1037.5","정제수, 부틸렌글라이콜, 에탄올, 나이아신아마이드, 글리세린, 1,2-헥산디올, 자일리톨, 카라기난추출물, 사탕수수추출물, 밤껍질추출물, 검정콩추출물, 길경추출물, 박하잎추출물, 밀싹추출물, 녹차추출물, 라벤더꽃추출물, 쌀추출물, 덩굴월귤열매추출물, 빌베리열매/잎추출물, 블랙베리추출물, 참깨추출물, 펜틸렌글라이콜, 실리카, 에리스리톨, 콜레스-24, 아크릴레이트/C10-30알킬아크릴레이트크로스폴리머, 트로메타민, 글리세릴글루코사이드, 카프릴릴글라이콜, 아데노신, 소듐피씨에이, 디페닐디메치콘, 트리에칠헥사노인, 하이드로제네이티드레시틴, 소듐하이알루로네이트, 하이알루로닉애씨드, 아스코빅애씨드, 에칠헥실글리세린, 디소듐이디티에이, 향료","","[40-1] 정제수, [40-2] 부틸렌글라이콜, [40-3] 에탄올, [40-4] 나이아신아마이드, [40-5] 글리세린, [40-6] 1,2-헥산디올, [40-7] 자일리톨, [40-8] 카라기난추출물, [40-9] 사탕수수추출물, [40-10] 밤껍질추출물, [40-11] 검정콩추출물, [40-12] 길경추출물, [40-13] 박하잎추출물, [40-14] 밀싹추출물, [40-15] 녹차추출물, [40-16] 라벤더꽃추출물, [40-17] 쌀추출물, [40-18] 덩굴월귤열매추출물, [40-19] 빌베리열매/잎추출물, [40-20] 블랙베리추출물, [40-21] 참깨추출물, [40-22] 펜틸렌글라이콜, [40-23] 실리카, [40-24] 에리스리톨, [40-25] 콜레스-24, [40-26] 아크릴레이트/C10-30알킬아크릴레이트크로스폴리머, [40-27] 트로메타민, [40-28] 글리세릴글루코사이드, [40-29] 카프릴릴글라이콜, [40-30] 아데노신, [40-31] 소듐피씨에이, [40-32] 디페닐디메치콘, [40-33] 트리에칠헥사노인, [40-34] 하이드로제네이티드레시틴, [40-35] 소듐하이알루로네이트, [40-36] 하이알루로닉애씨드, [40-37] 아스코빅애씨드, [40-38] 에칠헥실글리세린, [40-39] 디소듐이디티에이, [40-40] 향료"
"A000000145835","플리프 시카-알로에 카밍 올인원 로션 200ml (트러블 피부용)","플리프","200.0","200.0","ml","","24000","1200.0","알로에베라잎추출물(77%), 부틸렌글라이콜, 병풀추출물(3%), 글리세린, 나이아신아마이드, 카프릴 릭/카프릭트라이글리세라이드, C13-15알케인, 베타 인, 세테아릴올리베이트, 솔비탄올리베이트, 세테아릴 알코올, 스쿠알란, 프로판다이올, 녹차추출물, 베타-글 루칸, 시트릭애씨드, 마카다미아씨오일, 하이드로제네 이티드레시틴, 폴리글리세릴-10올리에이트, 다이프로 필렌글라이콜, 아시아티코사이드, 마데카식애씨드, 아 시아틱애씨드, 세라마이드엔피, 피버퓨추출물, 하이드 롤라이즈드타피오카덩이줄기추출물, 여주열매추출물, 락토바실러스발효물, 망고추출물, 얼룩파인애플추출물, 실리카, 암모늄폴리아크릴로일다이메틸타우레이트, 판 테놀, 잔탄검, 다이소듐이디티에이, 다이포타슘글리시 리제이트, 알란토인, 1,2-헥산다이올, 하이드록시아세 토페논, 에틸헥실글리세린","","[40-1] 알로에베라잎추출물(77%), [40-2] 부틸렌글라이콜, [40-3] 병풀추출물(3%), [40-4] 글리세린, [40-5] 나이아신아마이드, [40-6] 카프릴 릭/카프릭트라이글리세라이드, [40-7] C13-15알케인, [40-8] 베타 인, [40-9] 세테아릴올리베이트, [40-10] 솔비탄올리베이트, [40-11] 세테아릴 알코올, [40-12] 스쿠알란, [40-13] 프로판다이올, [40-14] 녹차추출물, [40-15] 베타-글 루칸, [40-16] 시트릭애씨드, [40-17] 마카다미아씨오일, [40-18] 하이드로제네 이티드레시틴, [40-19] 폴리글리세릴-10올리에이트, [40-20] 다이프로 필렌글라이콜, [40-21] 아시아티코사이드, [40-22] 마데카식애씨드, [40-23] 아 시아틱애씨드, [40-24] 세라마이드엔피, [40-25] 피버퓨추출물, [40-26] 하이드 롤라이즈드타피오카덩이줄기추출물, [40-27] 여주열매추출물, [40-28] 락토바실러스발효물, [40-29] 망고추출물, [40-30] 얼룩파인애플추출물, [40-31] 실리카, [40-32] 암모늄폴리아크릴로일다이메틸타우레이트, [40-33] 판 테놀, [40-34] 잔탄검, [40-35] 다이소듐이디티에이, [40-36] 다이포타슘글리시 리제이트, [40-37] 알란토인, [40-38] 1,2-헥산다이올, [40-39] 하이드록시아세 토페논, [40-40] 에틸헥실글리세린"
"A000000223782","[리뉴얼/펩타이드/속보습] 닥터지 레드 블레미쉬 포 맨 탄력 올인원 2종 택 1 (단품/증정 기획)","닥터지","","","","32000.0","22200","","정제수, 프로판다이올, 부틸렌글라이콜다이카프릴레이트 /다이카프레이트, 메틸프로판다이올, 트라이에틸헥사노인, 나이아 신아마이드, 아라키딜알코올, 비닐다이메티콘, 판테놀, 베헤닐알코올, 1,2-헥산다이올, 글리세릴스테아레이트에스이, 폴리글리세릴-2 스테아레이트, 포타슘세틸포스페이트, 폴리아크릴레이트크로스 폴리머 -6, 글리세릴글루코사이드, 암모늄아크릴로일다이메틸타 우레이트/브이피코폴리머, 글리세릴스테아레이트, 세테아릴알코 올, 세테아릴올리베이트, 아라키딜글루코사이드, 스테아릴알코올, 하이드로제네이티드레시틴, 솔비탄올리베이트, 하이드록시아세토 페논, 글리세린, 토코페롤, 글루코노락톤, 프룩탄, 아데노신, 다이소 듐이디티에이, 세라마이드엔피, 병풀추출물, 라이소레시틴, 하이드 롤라이즈드감자단백질, 하이드롤라이즈드스위트아몬드단백질, 하 이드롤라이즈드쌀단백질, 콜레스테롤, 팔미틱애씨드, 소듐하이알 루로네이트, 하이드롤라이즈드콜라겐, 마데카소사이드, 마데카식 애씨드, 아시아티코사이드, 아시아틱애씨드, 소듐하이알루로네이 트크로스폴리머, 포타슘하이알루로네이트, 하이드록시프로필트라이 모늄하이알루로네이트, 하이드롤라이즈드소듐하이알루로네이트, 하이드롤라이즈드하이알루로닉애씨드, 하이알루로닉애씨드, 아세틸헥사펩타이드-8, 소듐아세틸레이티드하이알루로네이트","","[53-1] 정제수, [53-2] 프로판다이올, [53-3] 부틸렌글라이콜다이카프릴레이트 /다이카프레이트, [53-4] 메틸프로판다이올, [53-5] 트라이에틸헥사노인, [53-6] 나이아 신아마이드, [53-7] 아라키딜알코올, [53-8] 비닐다이메티콘, [53-9] 판테놀, [53-10] 베헤닐알코올, [53-11] 1,2-헥산다이올, [53-12] 글리세릴스테아레이트에스이, [53-13] 폴리글리세릴-2 스테아레이트, [53-14] 포타슘세틸포스페이트, [53-15] 폴리아크릴레이트크로스 폴리머 -6, [53-16] 글리세릴글루코사이드, [53-17] 암모늄아크릴로일다이메틸타 우레이트/브이피코폴리머, [53-18] 글리세릴스테아레이트, [53-19] 세테아릴알코 올, [53-20] 세테아릴올리베이트, [53-21] 아라키딜글루코사이드, [53-22] 스테아릴알코올, [53-23] 하이드로제네이티드레시틴, [53-24] 솔비탄올리베이트, [53-25] 하이드록시아세토 페논, [53-26] 글리세린, [53-27] 토코페롤, [53-28] 글루코노락톤, [53-29] 프룩탄, [53-30] 아데노신, [53-31] 다이소 듐이디티에이, [53-32] 세라마이드엔피, [53-33] 병풀추출물, [53-34] 라이소레시틴, [53-35] 하이드 롤라이즈드감자단백질, [53-36] 하이드롤라이즈드스위트아몬드단백질, [53-37] 하 이드롤라이즈드쌀단백질, [53-38] 콜레스테롤, [53-39] 팔미틱애씨드, [53-40] 소듐하이알 루로네이트, [53-41] 하이드롤라이즈드콜라겐, [53-42] 마데카소사이드, [53-43] 마데카식 애씨드, [53-44] 아시아티코사이드, [53-45] 아시아틱애씨드, [53-46] 소듐하이알루로네이 트크로스폴리머, [53-47] 포타슘하이알루로네이트, [53-48] 하이드록시프로필트라이 모늄하이알루로네이트, [53-49] 하이드롤라이즈드소듐하이알루로네이트, [53-50] 하이드롤라이즈드하이알루로닉애씨드, [53-51] 하이알루로닉애씨드, [53-52] 아세틸헥사펩타이드-8, [53-53] 소듐아세틸레이티드하이알루로네이트"
"A000000206692","토리든 다이브인 포맨 저분자 히알루론산 젤 로션 200ml","토리든","200.0","200.0","ml","","22000","1100.0","정제수, 부틸렌글라이콜, 글리세린, 1,2-헥산다이올, 판테놀, 소듐하이알루로네이트, 하이드롤라이즈드하이알루로닉애씨드(110ppm), 소듐아세틸레이티드하이알루로네이트, 소듐하이알루로네이트크로스폴리머, 하이드롤라이즈드소듐하이알루로네이트, 알란토인, 징크피씨에이, 에리스리톨, 자일리톨, 인도멀구슬나무잎추출물, 인도멀구슬나무꽃추출물, 아이비고드열매추출물, 가지열매추출물, 베타인, 우레아, 트로메타민, 펜틸렌글라이콜, 세틸에틸헥사노에이트, 카프릴릭/카프릭트라이글리세라이드, 세테아릴알코올, 소듐폴리아크릴레이트, 아크릴레이트/C10-30알킬아크릴레이트크로스폴리머, 하이드록시에틸아크릴레이트/소듐아크릴로일다이메틸타우레이트코폴리머, 에틸헥실글리세린, 글리세릴아크릴레이트/아크릴릭애씨드코폴리머, C12-20알킬글루코사이드, 피브이엠/엠에이코폴리머, C14-22알코올, 다이소듐이디티에이, 잔탄검, 2,3-부탄다이올, 솔비탄아이소스테아레이트, 글루코오스, 말라카이트추출물, 알로에베라꽃추출물, 홀리바질잎추출물, 울금뿌리추출물, 참산호말추출물","","[43-1] 정제수, [43-2] 부틸렌글라이콜, [43-3] 글리세린, [43-4] 1,2-헥산다이올, [43-5] 판테놀, [43-6] 소듐하이알루로네이트, [43-7] 하이드롤라이즈드하이알루로닉애씨드(110ppm), [43-8] 소듐아세틸레이티드하이알루로네이트, [43-9] 소듐하이알루로네이트크로스폴리머, [43-10] 하이드롤라이즈드소듐하이알루로네이트, [43-11] 알란토인, [43-12] 징크피씨에이, [43-13] 에리스리톨, [43-14] 자일리톨, [43-15] 인도멀구슬나무잎추출물, [43-16] 인도멀구슬나무꽃추출물, [43-17] 아이비고드열매추출물, [43-18] 가지열매추출물, [43-19] 베타인, [43-20] 우레아, [43-21] 트로메타민, [43-22] 펜틸렌글라이콜, [43-23] 세틸에틸헥사노에이트, [43-24] 카프릴릭/카프릭트라이글리세라이드, [43-25] 세테아릴알코올, [43-26] 소듐폴리아크릴레이트, [43-27] 아크릴레이트/C10-30알킬아크릴레이트크로스폴리머, [43-28] 하이드록시에틸아크릴레이트/소듐아크릴로일다이메틸타우레이트코폴리머, [43-29] 에틸헥실글리세린, [43-30] 글리세릴아크릴레이트/아크릴릭애씨드코폴리머, [43-31] C12-20알킬글루코사이드, [43-32] 피브이엠/엠에이코폴리머, [43-33] C14-22알코올, [43-34] 다이소듐이디티에이, [43-35] 잔탄검, [43-36] 2,3-부탄다이올, [43-37] 솔비탄아이소스테아레이트, [43-38] 글루코오스, [43-39] 말라카이트추출물, [43-40] 알로에베라꽃추출물, [43-41] 홀리바질잎추출물, [43-42] 울금뿌리추출물, [43-43] 참산호말추출물"
"A000000184789","[민감진정] 라운드랩 소나무 진정 시카 로션 250ml","라운드랩","250.0","250.0","ml","25000.0","21250","850.0","정제수, 프로판다이올, 1,2-헥산다이올, 글리세린, 세틸에틸헥사노에이트, 하이알루로닉애씨드, 하이드롤라이즈드하이알루로닉애씨드, 소듐하이알루로네이트, 소나무잎추출물 (5,012ppm), 인도멀구슬나무잎추출물, 부틸렌글라이콜, 에틸헥실글리세린, 병풀추출물 (61.12ppm), 인도멀구슬나무꽃추출물, 카카오씨추출물, 세테아릴올리베이트, 글리세레스-26, 글라이코프로테인 (1.0024ppm), 카프릴로일살리실릭애씨드, C12-20알킬글루코사이드, 암모늄폴리아크릴로일다이메틸타우레이트, 하이드로제네이티드폴리데센, 덱스트린, 아시아티코사이드 (0.0501ppm), 아시아틱애씨드 (0.0501ppm), 마데카소사이드 (0.0501ppm), 마데카식애씨드 (0.0501ppm), 비닐다이메티콘, 솔비탄올리베이트, 카보머, C14-22알코올, 다이소듐이디티에이, 트로메타민","","[34-1] 정제수, [34-2] 프로판다이올, [34-3] 1,2-헥산다이올, [34-4] 글리세린, [34-5] 세틸에틸헥사노에이트, [34-6] 하이알루로닉애씨드, [34-7] 하이드롤라이즈드하이알루로닉애씨드, [34-8] 소듐하이알루로네이트, [34-9] 소나무잎추출물 (5, [34-10] 012ppm), [34-11] 인도멀구슬나무잎추출물, [34-12] 부틸렌글라이콜, [34-13] 에틸헥실글리세린, [34-14] 병풀추출물 (61.12ppm), [34-15] 인도멀구슬나무꽃추출물, [34-16] 카카오씨추출물, [34-17] 세테아릴올리베이트, [34-18] 글리세레스-26, [34-19] 글라이코프로테인 (1.0024ppm), [34-20] 카프릴로일살리실릭애씨드, [34-21] C12-20알킬글루코사이드, [34-22] 암모늄폴리아크릴로일다이메틸타우레이트, [34-23] 하이드로제네이티드폴리데센, [34-24] 덱스트린, [34-25] 아시아티코사이드 (0.0501ppm), [34-26] 아시아틱애씨드 (0.0501ppm), [34-27] 마데카소사이드 (0.0501ppm), [34-28] 마데카식애씨드 (0.0501ppm), [34-29] 비닐다이메티콘, [34-30] 솔비탄올리베이트, [34-31] 카보머, [34-32] C14-22알코올, [34-33] 다이소듐이디티에이, [34-34] 트로메타민"
"A000000247595","[덱스PICK/1등올인원] 오브제 올인원 3종 (보습/모공/브라이트닝)","오브제","","","","28000.0","20900","","[프로틴올인원]정제수, 세틸에틸헥사노에이트, 글리세린, 나이아신아마이드, 프로판다이올, 세테아릴알코올, 폴리글리세린-3, 다이프로필렌글라이콜, 다이메티콘, 하이드록시아세토페논, 카프릴릴글라이콜, 하이드록시에틸아크릴레이트/소듐아크릴로일다이메틸타우레이트코폴리머, 올레익애씨드, 아데노신, 다이소듐이디티에이, 솔비탄아이소스테아레이트, 우유추출물, 하이드로제네이티드레시틴, 부틸렌글라이콜, 스테아릭애씨드, 다이포타슘글리시리제이트, 1,2-헥산다이올, 우유단백질추출물(1,000ppb), 귀리단백질추출물(1,000ppb), 세라마이드엔피, 밀크아미노산, 세라마이드엔에스, 콜레스테롤, 피토스핑고신, 세라마이드에이피, 세라마이드에이에스, 스위트아몬드단백질(10ppb), 하이드롤라이즈드감자단백질(10ppb), 하이드롤라이즈드옥수수단백질(10ppb), 돌콩단백질(10ppb), 세라마이드이오피 [포어제로올인원] 정제수, 버지니아풍년화수, 글리세린, 나이아신아마이드, 아이소도데케인, 하이드로제네이티드폴리데센, 아데노신, 병풀추출물, 무화과추출물, 카우슬립추출물, 베타-글루칸, 세라마이드엔피, 판테놀, 바쿠치올, 티트리잎수, 토코페롤, 엑토인, 4-터피네올, 에난티아 클로란타껍질추출물, 아시아티코사이드, 마데카식애씨드, 아시아틱애씨드, 티트리잎오일, 티트리추출물, 올레아놀릭애씨드, 암모늄아크릴로일다이메틸타우레이트/브이피코폴리머, 폴리글리세릴-3메틸글루코오스다이스테아레이트, 메틸프로판다이올, 하이드록시아세토페논, 아크릴레이트/C10-30알킬아크릴레이트크로스폴리머, 알지닌, 에틸헥실글리세린, 부틸렌글라이콜, 다이소듐이디티에이, 수크로오스, 하이드로제네이티드레시틴, 1,2-헥산다이올, 향료 [비타올인원] 정제수, 나이아신아마이드(50,000 ppm), 아이소프로필미리스테이트, 글리세린, 세테아릴알코올, 1,2-헥산다이올, 부틸렌글라이콜, 다이메티콘, 판테놀(5,000 ppm), 글리세릴스테아레이트, 하이드록시에틸우레아, 아크릴레이트/C10-30알킬아크릴레이트크로스폴리머, 알지닌, 세틸에틸헥사노에이트, 유채씨오일, 에틸헥실글리세린, 폴리글리세릴-10올리에이트, 포도씨오일, 소듐폴리아크릴로일다이메틸타우레이트, 마카다미아씨오일, 살구씨오일, 폴리글리세릴-2다이올리에이트, 향료, 카프릴릭/카프릭트라이글리세라이드, 하이드로제네이티드폴리데센, 다이소듐이디티에이, 아르간커넬오일, 아가, 세라마이드엔피, 암모늄아크릴로일다이메틸타우레이트/브이피코폴리머, 하이드로제네이티드레시틴, 트라이데세스-10, 펜틸렌글라이콜, 매실추출물, 사과추출물, 파파야열매추출물, 포도추출물, 아스코빅애씨드(20 ppm), 황색산화철, 마데카소사이드, 폴리글리세릴-10미리스테이트, 알부틴, 적색산화철, 데실글루코사이드, 카프릴릴글라이콜, 토코페롤(0.25ppm)","","[122-1] 정제수, [122-2] 세틸에틸헥사노에이트, [122-3] 글리세린, [122-4] 나이아신아마이드, [122-5] 프로판다이올, [122-6] 세테아릴알코올, [122-7] 폴리글리세린-3, [122-8] 다이프로필렌글라이콜, [122-9] 다이메티콘, [122-10] 하이드록시아세토페논, [122-11] 카프릴릴글라이콜, [122-12] 하이드록시에틸아크릴레이트/소듐아크릴로일다이메틸타우레이트코폴리머, [122-13] 올레익애씨드, [122-14] 아데노신, [122-15] 다이소듐이디티에이, [122-16] 솔비탄아이소스테아레이트, [122-17] 우유추출물, [122-18] 하이드로제네이티드레시틴, [122-19] 부틸렌글라이콜, [122-20] 스테아릭애씨드, [122-21] 다이포타슘글리시리제이트, [122-22] 1,2-헥산다이올, [122-23] 우유단백질추출물(1, [122-24] 000ppb), [122-25] 귀리단백질추출물(1, [122-26] 000ppb), [122-27] 세라마이드엔피, [122-28] 밀크아미노산, [122-29] 세라마이드엔에스, [122-30] 콜레스테롤, [122-31] 피토스핑고신, [122-32] 세라마이드에이피, [122-33] 세라마이드에이에스, [122-34] 스위트아몬드단백질(10ppb), [122-35] 하이드롤라이즈드감자단백질(10ppb), [122-36] 하이드롤라이즈드옥수수단백질(10ppb), [122-37] 돌콩단백질(10ppb), [122-38] 정제수, [122-39] 버지니아풍년화수, [122-40] 글리세린, [122-41] 나이아신아마이드, [122-42] 아이소도데케인, [122-43] 하이드로제네이티드폴리데센, [122-44] 아데노신, [122-45] 병풀추출물, [122-46] 무화과추출물, [122-47] 카우슬립추출물, [122-48] 베타-글루칸, [122-49] 세라마이드엔피, [122-50] 판테놀, [122-51] 바쿠치올, [122-52] 티트리잎수, [122-53] 토코페롤, [122-54] 엑토인, [122-55] 4-터피네올, [122-56] 에난티아 클로란타껍질추출물, [122-57] 아시아티코사이드, [122-58] 마데카식애씨드, [122-59] 아시아틱애씨드, [122-60] 티트리잎오일, [122-61] 티트리추출물, [122-62] 올레아놀릭애씨드, [122-63] 암모늄아크릴로일다이메틸타우레이트/브이피코폴리머, [122-64] 폴리글리세릴-3메틸글루코오스다이스테아레이트, [122-65] 메틸프로판다이올, [122-66] 하이드록시아세토페논, [122-67] 아크릴레이트/C10-30알킬아크릴레이트크로스폴리머, [122-68] 알지닌, [122-69] 에틸헥실글리세린, [122-70] 부틸렌글라이콜, [122-71] 다이소듐이디티에이, [122-72] 수크로오스, [122-73] 하이드로제네이티드레시틴, [122-74] 1,2-헥산다이올, [122-75] 정제수, [122-76] 나이아신아마이드(50, [122-77] 000 ppm), [122-78] 아이소프로필미리스테이트, [122-79] 글리세린, [122-80] 세테아릴알코올, [122-81] 1,2-헥산다이올, [122-82] 부틸렌글라이콜, [122-83] 다이메티콘, [122-84] 판테놀(5, [122-85] 000 ppm), [122-86] 글리세릴스테아레이트, [122-87] 하이드록시에틸우레아, [122-88] 아크릴레이트/C10-30알킬아크릴레이트크로스폴리머, [122-89] 알지닌, [122-90] 세틸에틸헥사노에이트, [122-91] 유채씨오일, [122-92] 에틸헥실글리세린, [122-93] 폴리글리세릴-10올리에이트, [122-94] 포도씨오일, [122-95] 소듐폴리아크릴로일다이메틸타우레이트, [122-96] 마카다미아씨오일, [122-97] 살구씨오일, [122-98] 폴리글리세릴-2다이올리에이트, [122-99] 향료, [122-100] 카프릴릭/카프릭트라이글리세라이드, [122-101] 하이드로제네이티드폴리데센, [122-102] 다이소듐이디티에이, [122-103] 아르간커넬오일, [122-104] 아가, [122-105] 세라마이드엔피, [122-106] 암모늄아크릴로일다이메틸타우레이트/브이피코폴리머, [122-107] 하이드로제네이티드레시틴, [122-108] 트라이데세스-10, [122-109] 펜틸렌글라이콜, [122-110] 매실추출물, [122-111] 사과추출물, [122-112] 파파야열매추출물, [122-113] 포도추출물, [122-114] 아스코빅애씨드(20 ppm), [122-115] 황색산화철, [122-116] 마데카소사이드, [122-117] 폴리글리세릴-10미리스테이트, [122-118] 알부틴, [122-119] 적색산화철, [122-120] 데실글루코사이드, [122-121] 카프릴릴글라이콜, [122-122] 토코페롤(0.25ppm)"
"A000000252600","[화잘먹프렙] 바이오힐보 판테셀 리페어시카 수분 로션 100mL","바이오힐보","100.0","100.0","ml","","20000","2000.0","정제수, 부틸렌글라이콜, 글리세린, 스쿠알란, 1,2-헥산다이올, 트라이에틸헥사노인, 호호바씨오일, 판테놀(1%), 폴리글리세릴-10스테아레이트, 펜틸렌글라이콜, 글리세릴스테아레이트, 하이드로제네이티드레시틴, 하이드로제네이티드폴리데센, 알지닌, 카보머, 하이드록시에틸셀룰로오스, 에틸헥실글리세린, 메틸다이아이소프로필프로피온아마이드, 다이소듐이디티에이, 엑토인, 베타인, 락토바실러스발효용해물, 프로판다이올, 칸디다 봄비콜라/글루코오스/메틸레이프씨데이트발효물, 사카라이드아이소머레이트, 다이프로필렌글라이콜, 스위트아몬드열매추출물, 빌베리열매추출물, 흰목이버섯추출물, 타히보껍질추출물, 해바라기씨오일, 칡뿌리추출물, 카르노신, 2,3-부탄다이올, 포트마리골드꽃추출물, 시트릭애씨드, 소듐시트레이트, 갈대추출물, 하이드롤라이즈드하이알루로닉애씨드, 다이메틸실란올하이알루로네이트, 하이드롤라이즈드소듐하이알루로네이트, 글라이코리피드, 소듐하이알루로네이트, 붉은토끼풀추출물, 하이알루로닉애씨드, 무화과추출물, 하이드록시프로필트라이모늄하이알루로네이트, 소듐하이알루로네이트크로스폴리머, 소듐하이알루로네이트다이메틸실란올, 밀배아추출물, 소듐아세틸레이티드하이알루로네이트, 아세틸테트라펩타이드-2, 병풀잎추출물, 아세틸헥사펩타이드-8, 아스코빅애씨드폴리펩타이드, 카퍼트라이펩타이드-1, 아세틸테트라펩타이드-3, 팔미토일트라이펩타이드-5, 아세틸테트라펩타이드-5, 아세틸테트라펩타이드-9, 아세틸옥타펩타이드-3, 팔미토일펜타펩타이드-4, 팔미토일트라이펩타이드-1, 노나펩타이드-1","","[64-1] 정제수, [64-2] 부틸렌글라이콜, [64-3] 글리세린, [64-4] 스쿠알란, [64-5] 1,2-헥산다이올, [64-6] 트라이에틸헥사노인, [64-7] 호호바씨오일, [64-8] 판테놀(1%), [64-9] 폴리글리세릴-10스테아레이트, [64-10] 펜틸렌글라이콜, [64-11] 글리세릴스테아레이트, [64-12] 하이드로제네이티드레시틴, [64-13] 하이드로제네이티드폴리데센, [64-14] 알지닌, [64-15] 카보머, [64-16] 하이드록시에틸셀룰로오스, [64-17] 에틸헥실글리세린, [64-18] 메틸다이아이소프로필프로피온아마이드, [64-19] 다이소듐이디티에이, [64-20] 엑토인, [64-21] 베타인, [64-22] 락토바실러스발효용해물, [64-23] 프로판다이올, [64-24] 칸디다 봄비콜라/글루코오스/메틸레이프씨데이트발효물, [64-25] 사카라이드아이소머레이트, [64-26] 다이프로필렌글라이콜, [64-27] 스위트아몬드열매추출물, [64-28] 빌베리열매추출물, [64-29] 흰목이버섯추출물, [64-30] 타히보껍질추출물, [64-31] 해바라기씨오일, [64-32] 칡뿌리추출물, [64-33] 카르노신, [64-34] 2,3-부탄다이올, [64-35] 포트마리골드꽃추출물, [64-36] 시트릭애씨드, [64-37] 소듐시트레이트, [64-38] 갈대추출물, [64-39] 하이드롤라이즈드하이알루로닉애씨드, [64-40] 다이메틸실란올하이알루로네이트, [64-41] 하이드롤라이즈드소듐하이알루로네이트, [64-42] 글라이코리피드, [64-43] 소듐하이알루로네이트, [64-44] 붉은토끼풀추출물, [64-45] 하이알루로닉애씨드, [64-46] 무화과추출물, [64-47] 하이드록시프로필트라이모늄하이알루로네이트, [64-48] 소듐하이알루로네이트크로스폴리머, [64-49] 소듐하이알루로네이트다이메틸실란올, [64-50] 밀배아추출물, [64-51] 소듐아세틸레이티드하이알루로네이트, [64-52] 아세틸테트라펩타이드-2, [64-53] 병풀잎추출물, [64-54] 아세틸헥사펩타이드-8, [64-55] 아스코빅애씨드폴리펩타이드, [64-56] 카퍼트라이펩타이드-1, [64-57] 아세틸테트라펩타이드-3, [64-58] 팔미토일트라이펩타이드-5, [64-59] 아세틸테트라펩타이드-5, [64-60] 아세틸테트라펩타이드-9, [64-61] 아세틸옥타펩타이드-3, [64-62] 팔미토일펜타펩타이드-4, [64-63] 팔미토일트라이펩타이드-1, [64-64] 노나펩타이드-1"
"A000000152286","마녀공장 비피다 바이옴 앰플 로션 300ml","마녀공장","300.0","300.0","ml","25000.0","19900","663.3","정제수, 글리세린, 나이아신아마이드, 카프릴릭/카프릭트라이글리세라이드, 퀸즈랜드넛오일, 펜틸렌글라이콜, 1,2-헥산다이올, 폴리글리세릴-3메틸글루코오스다이스테아레이트, 세테아릴알코올, 글리세릴스테아레이트, 하이드로제네이티드폴리데센, 호호바에스터, 아이리쉬모스추출물, 사탕수수추출물, 카프릴릴글라이콜, 하이드록시에틸아크릴레이트/소듐아크릴로일다이메틸타우레이트코폴리머, 카보머, 부틸렌글라이콜, 트로메타민, 비피다발효용해물(568ppm), 에틸헥실글리세린, 아데노신, 소듐파이테이트, 솔비탄아이소스테아레이트, 프로판다이올, 유칼립투스잎오일, 단향오일, 라벤더오일, 토코페롤, 쿠티박테리움 그라눌로숨발효추출여과물(1,148ppb), 소듐하이알루로네이트, 벤질글라이콜, 하이드롤라이즈드글라이코사미노글리칸, 하이드록시프로필트라이모늄하이알루로네이트, 소듐하이알루로네이트크로스폴리머, 하이드롤라이즈드하이알루로닉애씨드, 소듐아세틸레이티드하이알루로네이트, 하이알루로닉애씨드, 하이드롤라이즈드소듐하이알루로네이트, 포타슘하이알루로네이트","","[41-1] 정제수, [41-2] 글리세린, [41-3] 나이아신아마이드, [41-4] 카프릴릭/카프릭트라이글리세라이드, [41-5] 퀸즈랜드넛오일, [41-6] 펜틸렌글라이콜, [41-7] 1,2-헥산다이올, [41-8] 폴리글리세릴-3메틸글루코오스다이스테아레이트, [41-9] 세테아릴알코올, [41-10] 글리세릴스테아레이트, [41-11] 하이드로제네이티드폴리데센, [41-12] 호호바에스터, [41-13] 아이리쉬모스추출물, [41-14] 사탕수수추출물, [41-15] 카프릴릴글라이콜, [41-16] 하이드록시에틸아크릴레이트/소듐아크릴로일다이메틸타우레이트코폴리머, [41-17] 카보머, [41-18] 부틸렌글라이콜, [41-19] 트로메타민, [41-20] 비피다발효용해물(568ppm), [41-21] 에틸헥실글리세린, [41-22] 아데노신, [41-23] 소듐파이테이트, [41-24] 솔비탄아이소스테아레이트, [41-25] 프로판다이올, [41-26] 유칼립투스잎오일, [41-27] 단향오일, [41-28] 라벤더오일, [41-29] 토코페롤, [41-30] 쿠티박테리움 그라눌로숨발효추출여과물(1, [41-31] 148ppb), [41-32] 소듐하이알루로네이트, [41-33] 벤질글라이콜, [41-34] 하이드롤라이즈드글라이코사미노글리칸, [41-35] 하이드록시프로필트라이모늄하이알루로네이트, [41-36] 소듐하이알루로네이트크로스폴리머, [41-37] 하이드롤라이즈드하이알루로닉애씨드, [41-38] 소듐아세틸레이티드하이알루로네이트, [41-39] 하이알루로닉애씨드, [41-40] 하이드롤라이즈드소듐하이알루로네이트, [41-41] 포타슘하이알루로네이트"
"A000000248847","[포켓몬 에디션]비레디 오일캡처 올인원 로션 기획(+피카츄 스트레스볼)","비레디","","","","23000.0","19800","","정제수, 글리세린, 베타인, 나이아신아마이드, 다이프로필렌글라이콜, 1,2-헥산다이올, 변성알코올, 다이메티콘, 실리카, 카프릴릴메티콘, 세테아릴알코올, 아크릴레이트/C10-30알킬아크릴레이트크로스폴리머, 글리세릴스테아레이트, 트로메타민, 하이드로제네이티드레시틴, 에틸헥실글리세린, 글리세릴카프릴레이트, 향료, 스테아릭애씨드, 폴리글리세릴-3메틸글루코오스다이스테아레이트, 팔미틱애씨드, 다이메티콘올, 아데노신, 소듐글루코네이트, 프로판다이올, 소듐하이알루로네이트, 미리스틱애씨드, 하이알루로닉애씨드, 징크클로라이드, 락토바실러스발효용해물, 라우릭애씨드, 부틸렌글라이콜, 병풀꽃/잎/줄기추출물, 프로필렌글라이콜, 토코페롤, 하이드롤라이즈드하이알루로닉애씨드, 소듐하이알루로네이트크로스폴리머, 소듐트라이메타포스페이트, 소듐메타포스페이트, 녹차추출물, 소듐아세틸레이티드하이알루로네이트","","[41-1] 정제수, [41-2] 글리세린, [41-3] 베타인, [41-4] 나이아신아마이드, [41-5] 다이프로필렌글라이콜, [41-6] 1,2-헥산다이올, [41-7] 변성알코올, [41-8] 다이메티콘, [41-9] 실리카, [41-10] 카프릴릴메티콘, [41-11] 세테아릴알코올, [41-12] 아크릴레이트/C10-30알킬아크릴레이트크로스폴리머, [41-13] 글리세릴스테아레이트, [41-14] 트로메타민, [41-15] 하이드로제네이티드레시틴, [41-16] 에틸헥실글리세린, [41-17] 글리세릴카프릴레이트, [41-18] 향료, [41-19] 스테아릭애씨드, [41-20] 폴리글리세릴-3메틸글루코오스다이스테아레이트, [41-21] 팔미틱애씨드, [41-22] 다이메티콘올, [41-23] 아데노신, [41-24] 소듐글루코네이트, [41-25] 프로판다이올, [41-26] 소듐하이알루로네이트, [41-27] 미리스틱애씨드, [41-28] 하이알루로닉애씨드, [41-29] 징크클로라이드, [41-30] 락토바실러스발효용해물, [41-31] 라우릭애씨드, [41-32] 부틸렌글라이콜, [41-33] 병풀꽃/잎/줄기추출물, [41-34] 프로필렌글라이콜, [41-35] 토코페롤, [41-36] 하이드롤라이즈드하이알루로닉애씨드, [41-37] 소듐하이알루로네이트크로스폴리머, [41-38] 소듐트라이메타포스페이트, [41-39] 소듐메타포스페이트, [41-40] 녹차추출물, [41-41] 소듐아세틸레이티드하이알루로네이트"
"A000000141309","[보습크림] 디오디너리 내추럴 모이스처라이징 팩터스 + HA 100ml","디오디너리","100.0","100.0","ml","","19000","1900.0","정제수, 카프릴릭/카프릭트라이글리세라이드, 세틸알코올, 프로판다이올, 스테아릴알코올, 글리세린, 소듐하이알루로네이트, 알지닌, 아스파틱애씨드, 글라이신, 알라닌, 세린, 발린, 아이소류신, 프롤린, 트레오닌, 히스티딘, 페닐알라닌, 글루코오스, 말토스, 프룩토오스, 트레할로오스, 소듐피씨에이, 피씨에이, 소듐락테이트, 우레아, 알란토인¸ 리놀레익애씨드, 올레익애씨드, 피토스테릴카놀라글리세라이즈, 팔미틱애씨드, 스테아릭애씨드, 레시틴, 트리올레인, 토코페롤, 카보머, 아이소세테스-20, 폴리솔베이트60, 소듐클로라이드, 시트릭애씨드, 트라이소듐에틸렌다이아민다이석시네이트, 펜틸렌글라이콜, 트라이에탄올아민, 소듐하이드록사이드, 페녹시에탄올, 클로페네신","","[45-1] 정제수, [45-2] 카프릴릭/카프릭트라이글리세라이드, [45-3] 세틸알코올, [45-4] 프로판다이올, [45-5] 스테아릴알코올, [45-6] 글리세린, [45-7] 소듐하이알루로네이트, [45-8] 알지닌, [45-9] 아스파틱애씨드, [45-10] 글라이신, [45-11] 알라닌, [45-12] 세린, [45-13] 발린, [45-14] 아이소류신, [45-15] 프롤린, [45-16] 트레오닌, [45-17] 히스티딘, [45-18] 페닐알라닌, [45-19] 글루코오스, [45-20] 말토스, [45-21] 프룩토오스, [45-22] 트레할로오스, [45-23] 소듐피씨에이, [45-24] 피씨에이, [45-25] 소듐락테이트, [45-26] 우레아, [45-27] 알란토인¸ 리놀레익애씨드, [45-28] 올레익애씨드, [45-29] 피토스테릴카놀라글리세라이즈, [45-30] 팔미틱애씨드, [45-31] 스테아릭애씨드, [45-32] 레시틴, [45-33] 트리올레인, [45-34] 토코페롤, [45-35] 카보머, [45-36] 아이소세테스-20, [45-37] 폴리솔베이트60, [45-38] 소듐클로라이드, [45-39] 시트릭애씨드, [45-40] 트라이소듐에틸렌다이아민다이석시네이트, [45-41] 펜틸렌글라이콜, [45-42] 트라이에탄올아민, [45-43] 소듐하이드록사이드, [45-44] 페녹시에탄올, [45-45] 클로페네신"
"A000000255383","[여름화잘먹/프렙로션] 더샘 스킨 프렙 밸런싱 밀크 로션 155ml","더샘","155.0","155.0","ml","14900.0","9900","638.7","정제수, 부틸렌글라이콜, 1,2-헥산다이올, 나이아신아마이드, 스쿠알란, 글리세린, 카프릴릭/카프릭트라이글리세라이드, 에틸헥실스테아레이트, 에틸헥실팔미테이트, 글루코노락톤, 프로판다이올, 폴리글리세릴-10스테아레이트, 소듐폴리아크릴로일다이메틸타우레이트, 알지닌, 암모늄아크릴로일다이메틸타우레이트/브이피코폴리머, 폴리글리세릴-3다이스테아레이트, 이눌린라우릴카바메이트, 트레할로오스, 에틸헥실글리세린, 알란토인, 아데노신, 글리세릴스테아레이트시트레이트, 다이포타슘글리시리제이트, 소듐파이테이트, 하이드로제네이티드레시틴, 소듐하이알루로네이트크로스폴리머, 카프릴로일살리실릭애씨드, 하이드롤라이즈드글라이코사미노글리칸, 소듐하이알루로네이트, 스테아릭애씨드, 하이드롤라이즈드하이알루로닉애씨드, 펜틸렌글라이콜, 벤질글라이콜, 카프릴릴글라이콜, 판테놀, 폴리글리세릴-3메틸글루코오스다이스테아레이트, 하이알루로닉애씨드, 사과추출물, 라즈베리케톤, 피토스테롤, 우르솔릭애씨드","","[41-1] 정제수, [41-2] 부틸렌글라이콜, [41-3] 1,2-헥산다이올, [41-4] 나이아신아마이드, [41-5] 스쿠알란, [41-6] 글리세린, [41-7] 카프릴릭/카프릭트라이글리세라이드, [41-8] 에틸헥실스테아레이트, [41-9] 에틸헥실팔미테이트, [41-10] 글루코노락톤, [41-11] 프로판다이올, [41-12] 폴리글리세릴-10스테아레이트, [41-13] 소듐폴리아크릴로일다이메틸타우레이트, [41-14] 알지닌, [41-15] 암모늄아크릴로일다이메틸타우레이트/브이피코폴리머, [41-16] 폴리글리세릴-3다이스테아레이트, [41-17] 이눌린라우릴카바메이트, [41-18] 트레할로오스, [41-19] 에틸헥실글리세린, [41-20] 알란토인, [41-21] 아데노신, [41-22] 글리세릴스테아레이트시트레이트, [41-23] 다이포타슘글리시리제이트, [41-24] 소듐파이테이트, [41-25] 하이드로제네이티드레시틴, [41-26] 소듐하이알루로네이트크로스폴리머, [41-27] 카프릴로일살리실릭애씨드, [41-28] 하이드롤라이즈드글라이코사미노글리칸, [41-29] 소듐하이알루로네이트, [41-30] 스테아릭애씨드, [41-31] 하이드롤라이즈드하이알루로닉애씨드, [41-32] 펜틸렌글라이콜, [41-33] 벤질글라이콜, [41-34] 카프릴릴글라이콜, [41-35] 판테놀, [41-36] 폴리글리세릴-3메틸글루코오스다이스테아레이트, [41-37] 하이알루로닉애씨드, [41-38] 사과추출물, [41-39] 라즈베리케톤, [41-40] 피토스테롤, [41-41] 우르솔릭애씨드"
"A000000247042","온그리디언츠 스킨 베리어 카밍 로션 이엑스 스틱포 4ml*5ea","온그리디언츠","4.0","4.0","ml","","3800","9500.0","정제수, 프로판다이올, 글리세린, 카프릴릭/카프릭트라이글리세라이드, 부틸렌글라이콜, 세틸에틸헥사노에이트, 페닐트라이메티콘, 1,2-헥산다이올, 폴리솔베이트60, 알지닌, 카보머, 하이드록시에틸우레아, 하이드록시아세토페논, 황련뿌리추출물, 에틸헥실글리세린, 호호바씨오일, 판테놀, 칸디다 봄비콜라/글루코오스/메틸레이프씨데이트발효물, 해바라기씨오일, 다이프로필렌글라이콜, 소듐하이알루로네이트, 하이알루로닉애씨드, 하이드롤라이즈드하이알루로닉애씨드, 세라마이드엔피, 하이드로제네이티드레시틴, 하이드롤라이즈드콜라겐, 펜틸렌글라이콜, 에톡시다이글라이콜, 레시틴, 소듐하이알루로네이트크로스폴리머, 아세틸글루타민, 보리지추출물, 몰로키아잎추출물, 당근추출물, 마테잎추출물, 마데카소사이드, 판토테닉애씨드, 데실글루코사이드, 아시아티코사이드, 바실러스/소이빈발효추출물, 아시아틱애씨드, 카프릴릴글라이콜, 마데카식애씨드, 폴리글루타믹애씨드, 자일로오스, 폴릭애씨드, 병풀추출물, 헥사펩타이드-11, 올리고펩타이드-1, 올리고펩타이드-2, 올리고펩타이드-3, 아세틸헥사펩타이드-8, 귀리펩타이드, 카퍼트라이펩타이드-1, 팔미토일헥사펩타이드-12, 팔미토일펜타펩타이드-4, 팔미토일테트라펩타이드-7, 팔미토일트라이펩타이드-1, 트라이펩타이드-1","","[59-1] 정제수, [59-2] 프로판다이올, [59-3] 글리세린, [59-4] 카프릴릭/카프릭트라이글리세라이드, [59-5] 부틸렌글라이콜, [59-6] 세틸에틸헥사노에이트, [59-7] 페닐트라이메티콘, [59-8] 1,2-헥산다이올, [59-9] 폴리솔베이트60, [59-10] 알지닌, [59-11] 카보머, [59-12] 하이드록시에틸우레아, [59-13] 하이드록시아세토페논, [59-14] 황련뿌리추출물, [59-15] 에틸헥실글리세린, [59-16] 호호바씨오일, [59-17] 판테놀, [59-18] 칸디다 봄비콜라/글루코오스/메틸레이프씨데이트발효물, [59-19] 해바라기씨오일, [59-20] 다이프로필렌글라이콜, [59-21] 소듐하이알루로네이트, [59-22] 하이알루로닉애씨드, [59-23] 하이드롤라이즈드하이알루로닉애씨드, [59-24] 세라마이드엔피, [59-25] 하이드로제네이티드레시틴, [59-26] 하이드롤라이즈드콜라겐, [59-27] 펜틸렌글라이콜, [59-28] 에톡시다이글라이콜, [59-29] 레시틴, [59-30] 소듐하이알루로네이트크로스폴리머, [59-31] 아세틸글루타민, [59-32] 보리지추출물, [59-33] 몰로키아잎추출물, [59-34] 당근추출물, [59-35] 마테잎추출물, [59-36] 마데카소사이드, [59-37] 판토테닉애씨드, [59-38] 데실글루코사이드, [59-39] 아시아티코사이드, [59-40] 바실러스/소이빈발효추출물, [59-41] 아시아틱애씨드, [59-42] 카프릴릴글라이콜, [59-43] 마데카식애씨드, [59-44] 폴리글루타믹애씨드, [59-45] 자일로오스, [59-46] 폴릭애씨드, [59-47] 병풀추출물, [59-48] 헥사펩타이드-11, [59-49] 올리고펩타이드-1, [59-50] 올리고펩타이드-2, [59-51] 올리고펩타이드-3, [59-52] 아세틸헥사펩타이드-8, [59-53] 귀리펩타이드, [59-54] 카퍼트라이펩타이드-1, [59-55] 팔미토일헥사펩타이드-12, [59-56] 팔미토일펜타펩타이드-4, [59-57] 팔미토일테트라펩타이드-7, [59-58] 팔미토일트라이펩타이드-1, [59-59] 트라이펩타이드-1"
"A000000006564","우르오스 올인원 스킨로션 200ml","우르오스","200.0","200.0","ml","29700.0","23700","1185.0","■ 정제수, 에탄올, 펜틸렌글라이콜, 글리세린, 베타인, 피이지-6, 피이지-32, 아데노신포스페이트, 소듐하이드록사이드, 소듐다이라우미도글루타미드라이신, 피피지-6-데실테트라데세스-30, 알진, 시트릭애씨드, 소듐하이알루로네이트, 스타아니스열매/씨오일, 서양측백나무잎오일, 아틀라스시다나무껍질오일, 라반딘오일, 라임전초오일, 페퍼민트오일, 구주소나무잎오일, 로즈마리잎오일, 페녹시에탄올, 터펜틴, 리날룰","","[25-1] 정제수, [25-2] 에탄올, [25-3] 펜틸렌글라이콜, [25-4] 글리세린, [25-5] 베타인, [25-6] 피이지-6, [25-7] 피이지-32, [25-8] 아데노신포스페이트, [25-9] 소듐하이드록사이드, [25-10] 소듐다이라우미도글루타미드라이신, [25-11] 피피지-6-데실테트라데세스-30, [25-12] 알진, [25-13] 시트릭애씨드, [25-14] 소듐하이알루로네이트, [25-15] 스타아니스열매/씨오일, [25-16] 서양측백나무잎오일, [25-17] 아틀라스시다나무껍질오일, [25-18] 라반딘오일, [25-19] 라임전초오일, [25-20] 페퍼민트오일, [25-21] 구주소나무잎오일, [25-22] 로즈마리잎오일, [25-23] 페녹시에탄올, [25-24] 터펜틴, [25-25] 리날룰"
"A000000011086","엠도씨 화이트닝 스킨 플러스 로션 150ml","엠도씨","150.0","150.0","ml","23000.0","18400","1226.7","정제수,에탄올,메틸프로판다이올,베타인,글리세린,다이메티콘/비닐다이메티콘크로스폴리머,알부틴,폴리글루타믹애씨드,카바카바잎/뿌리/줄기추출물,우엉뿌리추출물, 진흙버섯추출물,녹차추출물,로얄젤리추출물,동충하초추출물,효모추출물,스페인감초뿌리추출물,작약뿌리추출물,천궁뿌리추출물,칡뿌리추출물,쇠비름추출물,하이드로제네이티드레시틴,소듐하이알루로네이트,수용성콜라겐,알로에베라잎즙,C12-14파레스-12,옥틸도데세스-16,카보머,토코페릴아세테이트,부틸렌글라이콜,트로메타민,폴리글리세릴-10미리스테이트,다이포타슘글리시리제이트,카프릴릭/카프릭트라이글리세라이드,아데노신,다이소듐이디티에이,소듐메타바이설파이트,라피노오스,세라마이드엔피,셀룰로오스검,콜레스테롤,아이소세테스-10,아이소세테스-25,잔탄검,알지닌,폴리쿼터늄-51,향료,1,2-헥산다이올,페녹시에탄올,에틸헥실글리세린,아밀신남알,쿠마린,제라니올,리날룰,시트로넬올,헥실신나몰,리모넨,알파-아이소메틸아이오논","","[57-1] 정제수, [57-2] 에탄올, [57-3] 메틸프로판다이올, [57-4] 베타인, [57-5] 글리세린, [57-6] 다이메티콘/비닐다이메티콘크로스폴리머, [57-7] 알부틴, [57-8] 폴리글루타믹애씨드, [57-9] 카바카바잎/뿌리/줄기추출물, [57-10] 우엉뿌리추출물, [57-11] 진흙버섯추출물, [57-12] 녹차추출물, [57-13] 로얄젤리추출물, [57-14] 동충하초추출물, [57-15] 효모추출물, [57-16] 스페인감초뿌리추출물, [57-17] 작약뿌리추출물, [57-18] 천궁뿌리추출물, [57-19] 칡뿌리추출물, [57-20] 쇠비름추출물, [57-21] 하이드로제네이티드레시틴, [57-22] 소듐하이알루로네이트, [57-23] 수용성콜라겐, [57-24] 알로에베라잎즙, [57-25] C12-14파레스-12, [57-26] 옥틸도데세스-16, [57-27] 카보머, [57-28] 토코페릴아세테이트, [57-29] 부틸렌글라이콜, [57-30] 트로메타민, [57-31] 폴리글리세릴-10미리스테이트, [57-32] 다이포타슘글리시리제이트, [57-33] 카프릴릭/카프릭트라이글리세라이드, [57-34] 아데노신, [57-35] 다이소듐이디티에이, [57-36] 소듐메타바이설파이트, [57-37] 라피노오스, [57-38] 세라마이드엔피, [57-39] 셀룰로오스검, [57-40] 콜레스테롤, [57-41] 아이소세테스-10, [57-42] 아이소세테스-25, [57-43] 잔탄검, [57-44] 알지닌, [57-45] 폴리쿼터늄-51, [57-46] 향료, [57-47] 1,2-헥산다이올, [57-48] 페녹시에탄올, [57-49] 에틸헥실글리세린, [57-50] 아밀신남알, [57-51] 쿠마린, [57-52] 제라니올, [57-53] 리날룰, [57-54] 시트로넬올, [57-55] 헥실신나몰, [57-56] 리모넨, [57-57] 알파-아이소메틸아이오논"
"A000000011087","엠도씨 릴리프 에센스 에멀젼 100ml","엠도씨","100.0","100.0","ml","22000.0","18700","1870.0","정제수,사이클로펜타실록세인,글리세린,네오펜틸글라이콜다이헵타노에이트,메틸프로판다이올,하이드로제네이티드폴리(C6-14올레핀),쇠비름추출물,병풀추출물,무화과추출물,불등가사리추출물,칡뿌리추출물,스페인감초뿌리추출물,작약뿌리추출물,천궁뿌리추출물,녹차추출물,캐모마일꽃추출물,포도씨추출물,당느릅나무뿌리추출물,줄맨드라미씨추출물,블랙윌로우나무껍질추출물,알로에베라잎즙,수용성콜라겐,하이드로제네이티드레시틴,소듐하이알루로네이트,소듐폴리아크릴레이트,세틸알코올,베타인,부틸렌글라이콜,다이포타슘글리시리제이트,알란토인,아데노신,다이소듐이디티에이,잔탄검,세라마이드엔피,피피지-26-부테스-26,피이지-40하이드로제네이티드캐스터오일,향료,1,2-헥산다이올,페녹시에탄올,에틸헥실글리세린,아밀신남알,쿠마린,제라니올,부틸페닐메틸프로피오날,리날룰,시트로넬올,헥실신남알,리모넨,알파-아이소메틸아이오논","","[49-1] 정제수, [49-2] 사이클로펜타실록세인, [49-3] 글리세린, [49-4] 네오펜틸글라이콜다이헵타노에이트, [49-5] 메틸프로판다이올, [49-6] 하이드로제네이티드폴리(C6-14올레핀), [49-7] 쇠비름추출물, [49-8] 병풀추출물, [49-9] 무화과추출물, [49-10] 불등가사리추출물, [49-11] 칡뿌리추출물, [49-12] 스페인감초뿌리추출물, [49-13] 작약뿌리추출물, [49-14] 천궁뿌리추출물, [49-15] 녹차추출물, [49-16] 캐모마일꽃추출물, [49-17] 포도씨추출물, [49-18] 당느릅나무뿌리추출물, [49-19] 줄맨드라미씨추출물, [49-20] 블랙윌로우나무껍질추출물, [49-21] 알로에베라잎즙, [49-22] 수용성콜라겐, [49-23] 하이드로제네이티드레시틴, [49-24] 소듐하이알루로네이트, [49-25] 소듐폴리아크릴레이트, [49-26] 세틸알코올, [49-27] 베타인, [49-28] 부틸렌글라이콜, [49-29] 다이포타슘글리시리제이트, [49-30] 알란토인, [49-31] 아데노신, [49-32] 다이소듐이디티에이, [49-33] 잔탄검, [49-34] 세라마이드엔피, [49-35] 피피지-26-부테스-26, [49-36] 피이지-40하이드로제네이티드캐스터오일, [49-37] 향료, [49-38] 1,2-헥산다이올, [49-39] 페녹시에탄올, [49-40] 에틸헥실글리세린, [49-41] 아밀신남알, [49-42] 쿠마린, [49-43] 제라니올, [49-44] 부틸페닐메틸프로피오날, [49-45] 리날룰, [49-46] 시트로넬올, [49-47] 헥실신남알, [49-48] 리모넨, [49-49] 알파-아이소메틸아이오논"
"A000000015971","우르오스 올인원 스킨컨디셔너 60g","우르오스","60.0","60.0","g(약 1ml 상당으로 근사)","25000.0","20000","3333.3","■ 전성분 - 정제수, 사이클로펜타실록세인, 에탄올, 하이드로제네이티드폴리아이소부텐, 글리세린, 다이프로필렌글라이콜, 펜틸렌글라이콜, 아이소스테아릴네오펜타노에이트, 마카다미아씨오일, 다이메티콘, 아미노메틸프로판다이올, 다이글리세린, 아크릴레이트/C10-30알킬아크릴레이트크로스폴리머, 아데노신포스페이트, 글리세릴글루코사이드, 쿠푸아수씨버터, 소듐폴리아크릴레이트, 페녹시에탄올, 아미노프로필다이메티콘, 잔탄검, 토코페롤, 다이소듐이디티에이,  다이메티콘/비닐다이메티콘크로스폴리머, 부틸렌글라이콜, 라임전초오일, 라반딘오일, 터펜틴, 후추열매오일, 아틀라스시다나무껍질오일, 구주소나무잎오일, 스타아니스열매/씨오일, 돌콩배아추출물,  서양측백나무잎오일, 로즈마리잎오일, 페퍼민트오일, 리날룰, 리모넨","","[37-1] 정제수, [37-2] 사이클로펜타실록세인, [37-3] 에탄올, [37-4] 하이드로제네이티드폴리아이소부텐, [37-5] 글리세린, [37-6] 다이프로필렌글라이콜, [37-7] 펜틸렌글라이콜, [37-8] 아이소스테아릴네오펜타노에이트, [37-9] 마카다미아씨오일, [37-10] 다이메티콘, [37-11] 아미노메틸프로판다이올, [37-12] 다이글리세린, [37-13] 아크릴레이트/C10-30알킬아크릴레이트크로스폴리머, [37-14] 아데노신포스페이트, [37-15] 글리세릴글루코사이드, [37-16] 쿠푸아수씨버터, [37-17] 소듐폴리아크릴레이트, [37-18] 페녹시에탄올, [37-19] 아미노프로필다이메티콘, [37-20] 잔탄검, [37-21] 토코페롤, [37-22] 다이소듐이디티에이, [37-23] 다이메티콘/비닐다이메티콘크로스폴리머, [37-24] 부틸렌글라이콜, [37-25] 라임전초오일, [37-26] 라반딘오일, [37-27] 터펜틴, [37-28] 후추열매오일, [37-29] 아틀라스시다나무껍질오일, [37-30] 구주소나무잎오일, [37-31] 스타아니스열매/씨오일, [37-32] 돌콩배아추출물, [37-33] 서양측백나무잎오일, [37-34] 로즈마리잎오일, [37-35] 페퍼민트오일, [37-36] 리날룰, [37-37] 리모넨"
"A000000103320","코스알엑스 오일-프리 울트라 모이스쳐라이징 로션 100ml","코스알엑스","100.0","100.0","ml","19000.0","15200","1520.0","자작나무수액, 부틸렌글라이콜, 글리세린, 다이메티콘, 베타인, 세테아릴알코올, 1,2-헥산다이올, 세테아릴올리베이트, 솔비탄올리베이트, 하이드록시에틸아크릴레이트/소듐아크릴로일다이메틸타우레이트코폴리머, 에틸헥실글리세린, 에틸헥산다이올, 잔탄검, 판테놀, 알란토인, 소듐하이알루로네이트, 소듐락테이트, 4-터피네올, 정제수","","[19-1] 자작나무수액, [19-2] 부틸렌글라이콜, [19-3] 글리세린, [19-4] 다이메티콘, [19-5] 베타인, [19-6] 세테아릴알코올, [19-7] 1,2-헥산다이올, [19-8] 세테아릴올리베이트, [19-9] 솔비탄올리베이트, [19-10] 하이드록시에틸아크릴레이트/소듐아크릴로일다이메틸타우레이트코폴리머, [19-11] 에틸헥실글리세린, [19-12] 에틸헥산다이올, [19-13] 잔탄검, [19-14] 판테놀, [19-15] 알란토인, [19-16] 소듐하이알루로네이트, [19-17] 소듐락테이트, [19-18] 4-터피네올, [19-19] 정제수"
"A000000104146","크리니크 안티-블레미쉬 솔루션 올-오버 클리어링 트리트먼트 오일-프리 50ml","크리니크","50.0","50.0","ml","42000.0","35700","7140.0","정제수, 사이클로펜타실록산, 피피지-14부틸에텔, 위치하젤수, 슈크로오스, 스테아레스-21, 아크릴아마이드/소듐아크릴로일디메칠타우레이트코폴리머, 아세틸글루코사민, 녹차추출물, 갈조추출물, 슈가켈프추출물, 귀리커넬추출물, 글라이신, 캐모마일, 캐모마일, 히노키티올, 멘톨, 살리실릭애씨드, 이소헥사데칸, 카페인, 스테아레스-2, 글리세린, 쿼터늄-22, 부틸렌글라이콜, 폴리소르베이트80, 피토스핑고신, 펜틸렌글라이콜, 디소듐이디티에이, 페녹시에탄올, 벤잘코늄클로라이드 [ILN32174]

*제공된 성분은 동일 제품이라도 경우에 따라 변경될 수 있습니다.  최신정보는 제품 포장의 성분을 참고하시거나 본사 고객관리지원팀으로 연락 부탁 드립니다.","","[30-1] 정제수, [30-2] 사이클로펜타실록산, [30-3] 피피지-14부틸에텔, [30-4] 위치하젤수, [30-5] 슈크로오스, [30-6] 스테아레스-21, [30-7] 아크릴아마이드/소듐아크릴로일디메칠타우레이트코폴리머, [30-8] 아세틸글루코사민, [30-9] 녹차추출물, [30-10] 갈조추출물, [30-11] 슈가켈프추출물, [30-12] 귀리커넬추출물, [30-13] 글라이신, [30-14] 캐모마일, [30-15] 캐모마일, [30-16] 히노키티올, [30-17] 멘톨, [30-18] 살리실릭애씨드, [30-19] 이소헥사데칸, [30-20] 카페인, [30-21] 스테아레스-2, [30-22] 글리세린, [30-23] 쿼터늄-22, [30-24] 부틸렌글라이콜, [30-25] 폴리소르베이트80, [30-26] 피토스핑고신, [30-27] 펜틸렌글라이콜, [30-28] 디소듐이디티에이, [30-29] 페녹시에탄올, [30-30] *제공된 성분은 동일 제품이라도 경우에 따라 변경될 수 있습니다.  최신정보는 제품 포장의 성분을 참고하시거나 본사 고객관리지원팀으로 연락 부탁 드립니다."
"A000000104176","크리니크 노란에센스젤 125ml","크리니크","125.0","125.0","ml","58000.0","46400","3712.0","정제수 , 디메치콘 , 이소도데칸 , 부틸렌글라이콜 , 비스-피이지-18메칠에텔디메칠실란 , 글리세린 , 슈가켈프추출물 , 호장근추출물 , 효모용해추출물 , 오이추출물 , 보리추출물 , 해바라기씨드케이크 , 카페인 , 트레할로스 , 소듐하이알루로네이트 , 토코페릴아세테이트 , 폴리실리콘-11 , 실리카 , 프로필렌글라이콜디카프레이트 , 올레스-10 , 락토바실러스발효물 , 라우레스-23 , 라우레스-4 , 암모늄아크릴로일디메칠타우레이트/브이피코폴리머 , 카보머 , 카프릴릴글라이콜 , 헥실렌글라이콜 , 트로메타민 , 디소듐이디티에이 , 페녹시에탄올 , 황색4호 , 적색504호 , 황색5호 [ILN41195]

*제공된 성분은 동일 제품이라도 경우에 따라 변경될 수 있습니다.  최신정보는 제품 포장의 성분을 참고하시거나 본사 고객관리지원팀으로 연락 부탁 드립니다.","","[33-1] 정제수, [33-2] 디메치콘, [33-3] 이소도데칸, [33-4] 부틸렌글라이콜, [33-5] 비스-피이지-18메칠에텔디메칠실란, [33-6] 글리세린, [33-7] 슈가켈프추출물, [33-8] 호장근추출물, [33-9] 효모용해추출물, [33-10] 오이추출물, [33-11] 보리추출물, [33-12] 해바라기씨드케이크, [33-13] 카페인, [33-14] 트레할로스, [33-15] 소듐하이알루로네이트, [33-16] 토코페릴아세테이트, [33-17] 폴리실리콘-11, [33-18] 실리카, [33-19] 프로필렌글라이콜디카프레이트, [33-20] 올레스-10, [33-21] 락토바실러스발효물, [33-22] 라우레스-23, [33-23] 라우레스-4, [33-24] 암모늄아크릴로일디메칠타우레이트/브이피코폴리머, [33-25] 카보머, [33-26] 카프릴릴글라이콜, [33-27] 헥실렌글라이콜, [33-28] 트로메타민, [33-29] 디소듐이디티에이, [33-30] 페녹시에탄올, [33-31] 황색4호, [33-32] 적색504호, [33-33] *제공된 성분은 동일 제품이라도 경우에 따라 변경될 수 있습니다.  최신정보는 제품 포장의 성분을 참고하시거나 본사 고객관리지원팀으로 연락 부탁 드립니다."
"A000000104972","크리니크 포 맨 모이스춰라이징 로션 100ml","크리니크","100.0","100.0","ml","61000.0","51850","5185.0","정제수, 미네랄오일, 글리세린, 페트롤라툼, 스테아릭애씨드, 글리세릴스테아레이트, 참깨오일, 우레아, 라놀린알코올, 트리에탄올아민, 오이추출물, 보리추출물, 프로필렌글라이콜디카프레이트, 해바라기씨드케이크, 부틸렌글라이콜, 소듐하이알루로네이트, 펜틸렌글라이콜, 트리소듐이디티에이, 페녹시에탄올, 적색227호, 황색4호, 황색5호 (iln40055)

*제공된 성분은 동일 제품이라도 경우에 따라 변경될 수 있습니다.  최신정보는 제품 포장의 성분을 참고하시거나 본사 고객관리지원팀으로 연락 부탁 드립니다.","","[22-1] 정제수, [22-2] 미네랄오일, [22-3] 글리세린, [22-4] 페트롤라툼, [22-5] 스테아릭애씨드, [22-6] 글리세릴스테아레이트, [22-7] 참깨오일, [22-8] 우레아, [22-9] 라놀린알코올, [22-10] 트리에탄올아민, [22-11] 오이추출물, [22-12] 보리추출물, [22-13] 프로필렌글라이콜디카프레이트, [22-14] 해바라기씨드케이크, [22-15] 부틸렌글라이콜, [22-16] 소듐하이알루로네이트, [22-17] 펜틸렌글라이콜, [22-18] 트리소듐이디티에이, [22-19] 페녹시에탄올, [22-20] 적색227호, [22-21] 황색4호, [22-22] *제공된 성분은 동일 제품이라도 경우에 따라 변경될 수 있습니다.  최신정보는 제품 포장의 성분을 참고하시거나 본사 고객관리지원팀으로 연락 부탁 드립니다."
"A000000115386","크리니크 드라마티컬리 디퍼런트 하이드레이팅 젤리 125ml","크리니크","125.0","125.0","ml","58000.0","46400","3712.0","정제수,비스-피이지-18메틸에터다이메틸실레인,부틸렌글라이콜,글리세린,오이열매추출물,갈고리가시우무추출물,겔리디엘라 아케로사추출물,보리추출물,파디나 파보니카엽상체추출물,해바라기씨드케이크,수크로오스,카페인,소듐하이알루로네이트,하이드록시에칠우레아,하이드롤라이즈드쌀추출물,솔비톨,소듐폴리아스파테이트,피피지-6-데실테트라데세스-30,에틸헥실글리세린,프로필렌글라이콜다이카프레이트,카프릴릴글라이콜,트레할로오스,폴리솔베이트80,카보머,소듐하이드록사이드,헥실렌글라이콜,시트릭애씨드,소듐시트레이트,다이소듐이디티에이,페녹시에탄올 
* 제공된 성분은 동일 제품이라도 경우에 따라 변경될 수 있습니다. 최신정보는 제품 포장의 성분을 참고하시거나 본사 고객관리지원팀으로 연락 부탁 드립니다.","","[30-1] 정제수, [30-2] 비스-피이지-18메틸에터다이메틸실레인, [30-3] 부틸렌글라이콜, [30-4] 글리세린, [30-5] 오이열매추출물, [30-6] 갈고리가시우무추출물, [30-7] 겔리디엘라 아케로사추출물, [30-8] 보리추출물, [30-9] 파디나 파보니카엽상체추출물, [30-10] 해바라기씨드케이크, [30-11] 수크로오스, [30-12] 카페인, [30-13] 소듐하이알루로네이트, [30-14] 하이드록시에칠우레아, [30-15] 하이드롤라이즈드쌀추출물, [30-16] 솔비톨, [30-17] 소듐폴리아스파테이트, [30-18] 피피지-6-데실테트라데세스-30, [30-19] 에틸헥실글리세린, [30-20] 프로필렌글라이콜다이카프레이트, [30-21] 카프릴릴글라이콜, [30-22] 트레할로오스, [30-23] 폴리솔베이트80, [30-24] 카보머, [30-25] 소듐하이드록사이드, [30-26] 헥실렌글라이콜, [30-27] 시트릭애씨드, [30-28] 소듐시트레이트, [30-29] 다이소듐이디티에이, [30-30] * 제공된 성분은 동일 제품이라도 경우에 따라 변경될 수 있습니다. 최신정보는 제품 포장의 성분을 참고하시거나 본사 고객관리지원팀으로 연락 부탁 드립니다."
"A000000115419","[유수분밸런싱/산뜻수분젤] 셀퓨전씨 트리악 모이스처 젤 오인트 100ml","셀퓨전씨","100.0","100.0","ml","28000.0","16300","1630.0","정제수, 글리세린, 메틸글루세스-20, 다이메티콘, 다이프로필렌글라이콜, 카보머, 트로메타민, 알로에베라잎추출물, 프로판다이올, 카프릴릴글라이콜, (글리세린,삭제)아크릴레이트/C10-30알킬아크릴레이트크로스폴리머, 흰버드나무껍질추출물, 부틸아보카데이트, 다이메티콘올, 에틸헥실글리세린, 1,2-헥산다이올, 부틸렌글라이콜, 다이소듐이디티에이, 펙틴, 소듐하이알루로네이트, 클로렐라 에메르소니이추출물, 프로필갈레이트, 세라마이드엔피, 하이드로제네이티드레시틴, 수크로오스스테아레이트, 콜레스테롤, 콜레스테릴마카다미에이트, 스테아릭애씨드, 팔미틱애씨드, 하이드롤라이즈드루핀단백질, 사카라이드아이소머레이트, 산소, 페퍼민트오일, 로즈마리잎오일, 멕시칸주니퍼오일, 라벤더오일, 베르가모트오일, 리모넨, 리날룰","","[40-1] 정제수, [40-2] 글리세린, [40-3] 메틸글루세스-20, [40-4] 다이메티콘, [40-5] 다이프로필렌글라이콜, [40-6] 카보머, [40-7] 트로메타민, [40-8] 알로에베라잎추출물, [40-9] 프로판다이올, [40-10] 카프릴릴글라이콜, [40-11] (글리세린, [40-12] 삭제)아크릴레이트/C10-30알킬아크릴레이트크로스폴리머, [40-13] 흰버드나무껍질추출물, [40-14] 부틸아보카데이트, [40-15] 다이메티콘올, [40-16] 에틸헥실글리세린, [40-17] 1,2-헥산다이올, [40-18] 부틸렌글라이콜, [40-19] 다이소듐이디티에이, [40-20] 펙틴, [40-21] 소듐하이알루로네이트, [40-22] 클로렐라 에메르소니이추출물, [40-23] 프로필갈레이트, [40-24] 세라마이드엔피, [40-25] 하이드로제네이티드레시틴, [40-26] 수크로오스스테아레이트, [40-27] 콜레스테롤, [40-28] 콜레스테릴마카다미에이트, [40-29] 스테아릭애씨드, [40-30] 팔미틱애씨드, [40-31] 하이드롤라이즈드루핀단백질, [40-32] 사카라이드아이소머레이트, [40-33] 산소, [40-34] 페퍼민트오일, [40-35] 로즈마리잎오일, [40-36] 멕시칸주니퍼오일, [40-37] 라벤더오일, [40-38] 베르가모트오일, [40-39] 리모넨, [40-40] 리날룰"
"A000000117541","[베스트 올인원]우르오스 올인원 200ml 2종 택 1","우르오스","200.0","200.0","ml","29700.0","23700","1185.0","■ 우르오스 올인원 스킨밀크 200ml
정제수, 글리세린, 하이드로제네이티드폴리(C6-12올레핀), 에탄올, 폴리글리세릴-10아이소스테아레이트, 아데노신포스페이트, 하이드록시프로필사이클로덱스트린, 아크릴레이트/C10-30알킬아크릴레이트크로스폴리머, 부틸렌글라이콜, 글리세릴카프릴레이트, 폴리글리세릴-10스테아레이트, 소듐아이소스테아로일락테이트, 소듐락테이트, 소듐하이드록사이드, 클로브꽃추출물, 사철쑥꽃추출물, 스타아니스열매/씨오일, 서양측백나무잎오일, 아틀라스시다나무껍질오일, 라반딘오일, 라임전초오일, 페퍼민트오일, 구주소나무잎오일, 로즈마리잎오일, 터펜틴, 리날룰, 리모넨

■ 우르오스 올인원 스킨로션 200ml	
정제수, 에탄올, 펜틸렌글라이콜, 글리세린, 베타인, 피이지-6, 피이지-32, 아데노신포스페이트, 소듐하이드록사이드, 소듐다이라우미도글루타미드라이신, 피피지-6-데실테트라데세스-30, 알진, 시트릭애씨드, 소듐하이알루로네이트, 스타아니스열매/씨오일, 서양측백나무잎오일, 아틀라스시다나무껍질오일, 라반딘오일, 라임전초오일, 페퍼민트오일, 구주소나무잎오일, 로즈마리잎오일, 페녹시에탄올, 터펜틴, 리날룰","","[51-1] 정제수, [51-2] 글리세린, [51-3] 하이드로제네이티드폴리(C6-12올레핀), [51-4] 에탄올, [51-5] 폴리글리세릴-10아이소스테아레이트, [51-6] 아데노신포스페이트, [51-7] 하이드록시프로필사이클로덱스트린, [51-8] 아크릴레이트/C10-30알킬아크릴레이트크로스폴리머, [51-9] 부틸렌글라이콜, [51-10] 글리세릴카프릴레이트, [51-11] 폴리글리세릴-10스테아레이트, [51-12] 소듐아이소스테아로일락테이트, [51-13] 소듐락테이트, [51-14] 소듐하이드록사이드, [51-15] 클로브꽃추출물, [51-16] 사철쑥꽃추출물, [51-17] 스타아니스열매/씨오일, [51-18] 서양측백나무잎오일, [51-19] 아틀라스시다나무껍질오일, [51-20] 라반딘오일, [51-21] 라임전초오일, [51-22] 페퍼민트오일, [51-23] 구주소나무잎오일, [51-24] 로즈마리잎오일, [51-25] 터펜틴, [51-26] 리날룰, [51-27] 정제수, [51-28] 에탄올, [51-29] 펜틸렌글라이콜, [51-30] 글리세린, [51-31] 베타인, [51-32] 피이지-6, [51-33] 피이지-32, [51-34] 아데노신포스페이트, [51-35] 소듐하이드록사이드, [51-36] 소듐다이라우미도글루타미드라이신, [51-37] 피피지-6-데실테트라데세스-30, [51-38] 알진, [51-39] 시트릭애씨드, [51-40] 소듐하이알루로네이트, [51-41] 스타아니스열매/씨오일, [51-42] 서양측백나무잎오일, [51-43] 아틀라스시다나무껍질오일, [51-44] 라반딘오일, [51-45] 라임전초오일, [51-46] 페퍼민트오일, [51-47] 구주소나무잎오일, [51-48] 로즈마리잎오일, [51-49] 페녹시에탄올, [51-50] 터펜틴, [51-51] 리날룰"
"A000000122212","다슈 맨즈 아쿠아 리얼 모이스트 올인원크림 153ml","다슈","153.0","153.0","ml","","18000","1176.5","정제수, 부틸렌글라이콜, 식물성스쿠알란, 사이클로펜타실록세인
, 마카다미아씨오일, 나이아신아마이드, 네오펜틸글라이콜다이 헵타노에
이트, 하이드로제네이티드폴리(C6-14올레핀), 글리세레스-26, 사이클
로헥사실록세인, 세테아릴알코올, 1,2-헥산다이올, 글리세릴스테아레이
트, C14-22알코올, 비스-스테아릴다이메티콘, 소듐하이알루로네이트,
글리세린, 피이지-100스테아레이트, 다이메티콘, 카프릴릭/카프릭트라
이글리세라이드, 아보카도오일, 호호바에스터, 바이오사카라이드검-1,
베헤닐알코올, 카프릴릴글라이콜, 다이메티콘/비닐다이메티콘크로스폴
리머, C12-20알킬글루코사이드, 트로메타민, 하이드로제네이티드레시틴
, 수크로오스라우레이트, 아크릴레이트/C10-30알킬아크릴레이트크로
스폴리머, 토코페릴아세테이트, 해수, 판테놀, 다이포타슘글리시리제이
트, 카보머, 동백나무씨오일, 레시틴, 비사보롤, 아데노신, 다이소듐이디
티에이, 돌콩스테롤, 쇠비름추출물, 탱자추출물, 들깨추출물, 씨대퍼딜추
출물, 콜레스테롤, 캐비아추출물, 병풀추출물, 생강추출물, 황벽나무껍질
추출물, 요엽후박나무껍질추출물, 자몽씨추출물, 동백나무잎추출물, 피
토스핑고신, 하이드롤라이즈드하이알루로닉애씨드, 세라마이드엔피, 향
료","","[56-1] 정제수, [56-2] 부틸렌글라이콜, [56-3] 식물성스쿠알란, [56-4] 마카다미아씨오일, [56-5] 나이아신아마이드, [56-6] 이트, [56-7] 하이드로제네이티드폴리(C6-14올레핀), [56-8] 글리세레스-26, [56-9] 로헥사실록세인, [56-10] 세테아릴알코올, [56-11] 1,2-헥산다이올, [56-12] 트, [56-13] C14-22알코올, [56-14] 비스-스테아릴다이메티콘, [56-15] 소듐하이알루로네이트, [56-16] 글리세린, [56-17] 피이지-100스테아레이트, [56-18] 다이메티콘, [56-19] 이글리세라이드, [56-20] 아보카도오일, [56-21] 호호바에스터, [56-22] 바이오사카라이드검-1, [56-23] 베헤닐알코올, [56-24] 카프릴릴글라이콜, [56-25] 리머, [56-26] C12-20알킬글루코사이드, [56-27] 트로메타민, [56-28] 수크로오스라우레이트, [56-29] 스폴리머, [56-30] 토코페릴아세테이트, [56-31] 해수, [56-32] 판테놀, [56-33] 트, [56-34] 카보머, [56-35] 동백나무씨오일, [56-36] 레시틴, [56-37] 비사보롤, [56-38] 아데노신, [56-39] 티에이, [56-40] 돌콩스테롤, [56-41] 쇠비름추출물, [56-42] 탱자추출물, [56-43] 들깨추출물, [56-44] 출물, [56-45] 콜레스테롤, [56-46] 캐비아추출물, [56-47] 병풀추출물, [56-48] 생강추출물, [56-49] 추출물, [56-50] 요엽후박나무껍질추출물, [56-51] 자몽씨추출물, [56-52] 동백나무잎추출물, [56-53] 토스핑고신, [56-54] 하이드롤라이즈드하이알루로닉애씨드, [56-55] 세라마이드엔피, [56-56] 료"
"A000000129771","피지오겔 레드수딩 AI 진정보습 로션 200ml","피지오겔","200.0","200.0","ml","37500.0","25900","1295.0","정제수, 카프릴릭/카프릭트리글리세라이드, 글리세린, 펜틸렌글라이콜, 쉐어버 터, 하이드로제네이티드레시틴, 팔미타마이드엠이에이, 하이드록시에칠셀룰로 오스, 카프릴릴글라이콜, 잔탄검, 베타인, 스쿠알란, 사코신, 아세트아마이드엠 이에이, 소듐카보머, 카보머, 세라마이드엔피(세라마이드3)","","[17-1] 정제수, [17-2] 카프릴릭/카프릭트리글리세라이드, [17-3] 글리세린, [17-4] 펜틸렌글라이콜, [17-5] 쉐어버 터, [17-6] 하이드로제네이티드레시틴, [17-7] 팔미타마이드엠이에이, [17-8] 하이드록시에칠셀룰로 오스, [17-9] 카프릴릴글라이콜, [17-10] 잔탄검, [17-11] 베타인, [17-12] 스쿠알란, [17-13] 사코신, [17-14] 아세트아마이드엠 이에이, [17-15] 소듐카보머, [17-16] 카보머, [17-17] 세라마이드엔피(세라마이드3)"
"A000000137078","싸이닉 더 심플 데일리 로션 260ml","싸이닉","260.0","260.0","ml","","18000","692.3","정제수, 프로판다이올, 펜틸렌글라이콜, 비닐다이메티콘, 글리세린, 세틸에칠헥사노에이트, 알바수련꽃추출물, 알로에베라잎즙, 부틸렌글라이콜, 마데카소사이드, 세테아릴올리베이트, 카보머, 솔비탄올리베이트, 트로메타민, 소듐하이알루로네이트","","[15-1] 정제수, [15-2] 프로판다이올, [15-3] 펜틸렌글라이콜, [15-4] 비닐다이메티콘, [15-5] 글리세린, [15-6] 세틸에칠헥사노에이트, [15-7] 알바수련꽃추출물, [15-8] 알로에베라잎즙, [15-9] 부틸렌글라이콜, [15-10] 마데카소사이드, [15-11] 세테아릴올리베이트, [15-12] 카보머, [15-13] 솔비탄올리베이트, [15-14] 트로메타민, [15-15] 소듐하이알루로네이트"
"A000000137470","바르테라 올인원 젤 모이스춰라이저","바르테라","","","","","32000","","정제수, 글리세린, 다이프로필렌글라이콜, 나이아신아마이드, 1,2-헥산다이올, 스쿠알란, 맥아추출물, 퀴노아씨추출물, 씨솔트추출물, 완두콩추출물, 보리씨추출물, 호밀추출물, 아마씨추출물, 락토바실러스/비수리잎/줄기발효여과물, 서양톱풀추출물, 레몬버베나잎추출물, 그나팔리움 레온토포디움꽃추출물, 당아욱꽃추출물, 레이디스맨틀추출물, 마조람잎추출물, 피피지-24-글리세레스-24, 라임전초오일, 바이오사카라이드검-1, 하이드록시에틸아크릴레이트/소듐아크릴로일다이메틸타우레이트코폴리머, 잔탄검, 폴리실리콘-11, 다이메티콘, 솔비탄아이소스테아레이트, 폴리솔베이트60, 아데노신, 프로판다이올, 소듐폴리아크릴레이트, 사이클로펜타실록세인, 카보머, 피이지-60하이드로제네이티드캐스터오일, 다이소듐이디티에이, 부틸렌글라이콜, 시트릭애씨드, 트로메타민, 토코페릴아세테이트, 페녹시에탄올, 소듐벤조에이트, 향료, 리모넨","","[44-1] 정제수, [44-2] 글리세린, [44-3] 다이프로필렌글라이콜, [44-4] 나이아신아마이드, [44-5] 1,2-헥산다이올, [44-6] 스쿠알란, [44-7] 맥아추출물, [44-8] 퀴노아씨추출물, [44-9] 씨솔트추출물, [44-10] 완두콩추출물, [44-11] 보리씨추출물, [44-12] 호밀추출물, [44-13] 아마씨추출물, [44-14] 락토바실러스/비수리잎/줄기발효여과물, [44-15] 서양톱풀추출물, [44-16] 레몬버베나잎추출물, [44-17] 그나팔리움 레온토포디움꽃추출물, [44-18] 당아욱꽃추출물, [44-19] 레이디스맨틀추출물, [44-20] 마조람잎추출물, [44-21] 피피지-24-글리세레스-24, [44-22] 라임전초오일, [44-23] 바이오사카라이드검-1, [44-24] 하이드록시에틸아크릴레이트/소듐아크릴로일다이메틸타우레이트코폴리머, [44-25] 잔탄검, [44-26] 폴리실리콘-11, [44-27] 다이메티콘, [44-28] 솔비탄아이소스테아레이트, [44-29] 폴리솔베이트60, [44-30] 아데노신, [44-31] 프로판다이올, [44-32] 소듐폴리아크릴레이트, [44-33] 사이클로펜타실록세인, [44-34] 카보머, [44-35] 피이지-60하이드로제네이티드캐스터오일, [44-36] 다이소듐이디티에이, [44-37] 부틸렌글라이콜, [44-38] 시트릭애씨드, [44-39] 트로메타민, [44-40] 토코페릴아세테이트, [44-41] 페녹시에탄올, [44-42] 소듐벤조에이트, [44-43] 향료, [44-44] 리모넨"
"A000000137652","[촉촉로션] 라네즈옴므 액티브워터 모이스처라이저 125ml","라네즈","125.0","125.0","ml","27000.0","18900","1512.0","정제수, 글리세린, 부틸렌글라이콜, 스쿠알란, 다이메티콘, 다이카프릴릴에터, 사이클로펜타실록세인, 시어버터, C14-22알코올, 글리세릴스테아레이트, 피이지-100스테아레이트, 세테아릴알코올, 다이메티콘올, 카보머, C12-20알킬글루코사이드, 향료, 프로판다이올, 해수, 에틸헥실글리세린, 트로메타민, 글리세릴카프릴레이트, 소듐메타포스페이트, 1,2-헥산다이올, 리날룰, 바이오사카라이드검-1, 펜틸렌글라이콜, 리모넨, 헥실신남알, 알파-아이소메틸아이오논, 삼백초추출물, 꽃생강뿌리추출물, 마그네슘아스파테이트, 징크글루코네이트, 토코페롤, 페녹시에탄올, 칼슘글루코네이트, 카퍼글루코네이트, 다이소듐이디티에이","","[38-1] 정제수, [38-2] 글리세린, [38-3] 부틸렌글라이콜, [38-4] 스쿠알란, [38-5] 다이메티콘, [38-6] 다이카프릴릴에터, [38-7] 사이클로펜타실록세인, [38-8] 시어버터, [38-9] C14-22알코올, [38-10] 글리세릴스테아레이트, [38-11] 피이지-100스테아레이트, [38-12] 세테아릴알코올, [38-13] 다이메티콘올, [38-14] 카보머, [38-15] C12-20알킬글루코사이드, [38-16] 향료, [38-17] 프로판다이올, [38-18] 해수, [38-19] 에틸헥실글리세린, [38-20] 트로메타민, [38-21] 글리세릴카프릴레이트, [38-22] 소듐메타포스페이트, [38-23] 1,2-헥산다이올, [38-24] 리날룰, [38-25] 바이오사카라이드검-1, [38-26] 펜틸렌글라이콜, [38-27] 리모넨, [38-28] 헥실신남알, [38-29] 알파-아이소메틸아이오논, [38-30] 삼백초추출물, [38-31] 꽃생강뿌리추출물, [38-32] 마그네슘아스파테이트, [38-33] 징크글루코네이트, [38-34] 토코페롤, [38-35] 페녹시에탄올, [38-36] 칼슘글루코네이트, [38-37] 카퍼글루코네이트, [38-38] 다이소듐이디티에이"
"A000000140891","미프 리페어 앤 리프팅","미프","","","","","32000","","정제수, 글리세린, 에탄올, 사이클로펜타실록세인, 프로판다이올, 사이클로헥사실록세인, 소듐클로라이드, 하이드록시아세토페논, 카프릴릴글라이콜, 다이프로필렌글라이콜, 다이포타슘글리시리제이트, 1,2-헥산다이올, 소듐하이알루로네이트, 병풀잎추출물, 마데카소사이드, 소듐하이알루로네이트크로스폴리머, 하이드롤라이즈드글라이코사미노글리칸, 벤질클라이콜, 하이드롤라이즈드하이알루로닉애씨드, 에틸헥실글리세린, 하이알로로닉애씨드, 라즈베리케톤, 알란토인, 판테놀, 아데노신, 다이메티콘, 피이지-10다이메티콘, 다이메티콘/피이지, 10/15크로스폴리머, 소듐시트레이트, 토코페롤, 다이소듐이디티에이, 멘톨, 향로, 리모넨, 리날룰","","[36-1] 정제수, [36-2] 글리세린, [36-3] 에탄올, [36-4] 사이클로펜타실록세인, [36-5] 프로판다이올, [36-6] 사이클로헥사실록세인, [36-7] 소듐클로라이드, [36-8] 하이드록시아세토페논, [36-9] 카프릴릴글라이콜, [36-10] 다이프로필렌글라이콜, [36-11] 다이포타슘글리시리제이트, [36-12] 1,2-헥산다이올, [36-13] 소듐하이알루로네이트, [36-14] 병풀잎추출물, [36-15] 마데카소사이드, [36-16] 소듐하이알루로네이트크로스폴리머, [36-17] 하이드롤라이즈드글라이코사미노글리칸, [36-18] 벤질클라이콜, [36-19] 하이드롤라이즈드하이알루로닉애씨드, [36-20] 에틸헥실글리세린, [36-21] 하이알로로닉애씨드, [36-22] 라즈베리케톤, [36-23] 알란토인, [36-24] 판테놀, [36-25] 아데노신, [36-26] 다이메티콘, [36-27] 피이지-10다이메티콘, [36-28] 다이메티콘/피이지, [36-29] 10/15크로스폴리머, [36-30] 소듐시트레이트, [36-31] 토코페롤, [36-32] 다이소듐이디티에이, [36-33] 멘톨, [36-34] 향로, [36-35] 리모넨, [36-36] 리날룰"
"A000000141317","[보습크림] 디오디너리 내추럴 모이스처라이징 팩터스 + HA 30ml","디오디너리","30.0","30.0","ml","","10200","3400.0","정제수, 카프릴릭/카프릭트라이글리세라이드, 세틸알코올, 프로판다이올, 스테아릴알코올, 글리세린, 소듐하이알루로네이트, 알지닌, 아스파틱애씨드, 글라이신, 알라닌, 세린, 발린, 아이소류신, 프롤린, 트레오닌, 히스티딘, 페닐알라닌, 글루코오스, 말토스, 프룩토오스, 트레할로오스, 소듐피씨에이, 피씨에이, 소듐락테이트, 우레아, 알란토인¸ 리놀레익애씨드, 올레익애씨드, 피토스테릴카놀라글리세라이즈, 팔미틱애씨드, 스테아릭애씨드, 레시틴, 트리올레인, 토코페롤, 카보머, 아이소세테스-20, 폴리솔베이트60, 소듐클로라이드, 시트릭애씨드, 트라이소듐에틸렌다이아민다이석시네이트, 펜틸렌글라이콜, 트라이에탄올아민, 소듐하이드록사이드, 페녹시에탄올, 클로페네신","","[45-1] 정제수, [45-2] 카프릴릭/카프릭트라이글리세라이드, [45-3] 세틸알코올, [45-4] 프로판다이올, [45-5] 스테아릴알코올, [45-6] 글리세린, [45-7] 소듐하이알루로네이트, [45-8] 알지닌, [45-9] 아스파틱애씨드, [45-10] 글라이신, [45-11] 알라닌, [45-12] 세린, [45-13] 발린, [45-14] 아이소류신, [45-15] 프롤린, [45-16] 트레오닌, [45-17] 히스티딘, [45-18] 페닐알라닌, [45-19] 글루코오스, [45-20] 말토스, [45-21] 프룩토오스, [45-22] 트레할로오스, [45-23] 소듐피씨에이, [45-24] 피씨에이, [45-25] 소듐락테이트, [45-26] 우레아, [45-27] 알란토인¸ 리놀레익애씨드, [45-28] 올레익애씨드, [45-29] 피토스테릴카놀라글리세라이즈, [45-30] 팔미틱애씨드, [45-31] 스테아릭애씨드, [45-32] 레시틴, [45-33] 트리올레인, [45-34] 토코페롤, [45-35] 카보머, [45-36] 아이소세테스-20, [45-37] 폴리솔베이트60, [45-38] 소듐클로라이드, [45-39] 시트릭애씨드, [45-40] 트라이소듐에틸렌다이아민다이석시네이트, [45-41] 펜틸렌글라이콜, [45-42] 트라이에탄올아민, [45-43] 소듐하이드록사이드, [45-44] 페녹시에탄올, [45-45] 클로페네신"
"A000000141319","[브라이트닝] 디오디너리 비타민C 서스펜션 23% + HA 스피어스 2% 30ml","디오디너리","30.0","30.0","ml","","12300","4100.0","아스코빅애씨드(25%), 스쿠알란, 아이소데실네오펜타노에이트, 도데칸, 에틸렌/프로필렌/스타이렌코폴리머, 에틸헥실팔미테이트, 실리카다이메틸실릴레이트, 소듐하이알루로네이트, 글루코만난, 코코-카프릴레이트/카프레이트, 부틸렌/에틸렌/스타이렌코폴리머, 아크릴레이트/에틸헥실아크릴레이트크로스폴리머, 트라이하이드록시스테아린, 비에이치티.","","[14-1] 아스코빅애씨드(25%), [14-2] 스쿠알란, [14-3] 아이소데실네오펜타노에이트, [14-4] 도데칸, [14-5] 에틸렌/프로필렌/스타이렌코폴리머, [14-6] 에틸헥실팔미테이트, [14-7] 실리카다이메틸실릴레이트, [14-8] 소듐하이알루로네이트, [14-9] 글루코만난, [14-10] 코코-카프릴레이트/카프레이트, [14-11] 부틸렌/에틸렌/스타이렌코폴리머, [14-12] 아크릴레이트/에틸헥실아크릴레이트크로스폴리머, [14-13] 트라이하이드록시스테아린, [14-14] 비에이치티."
"A000000142618","크리니크 포맨 맥시멈 하이드레이터 72-아워 오토-리플레니싱 하이드레이터","크리니크","","","","49000.0","41650","","정제수,다이메티콘,부틸렌글라이콜,글리세린,트라이실록세인,트레할로오스,수크로오스,암모늄아크릴로일다이메틸타우레이트/브이피코폴리머,하이드록시에틸우레아,녹차추출물,효모용해추출물,알로에베라잎수,흰무늬엉겅퀴추출물,만주자작나무껍질추출물,카페인,테르무스 테르모필루스발효물,팔미토일헥사펩타이드-12,마그네슘아스코빌포스페이트,소듐하이알루로네이트,토코페릴아세테이트,카프릴릴글라이콜,솔비톨,올레스-10,아크릴레이트/C10-30알킬아크릴레이트크로스폴리머,소듐폴리아스파테이트,사카라이드아이소머레이트,하이드로제네이티드레시틴,글리세릴폴리메타크릴레이트,피이지-8,트로메타민,헥실렌글라이콜,시트릭애씨드,디소듐이디티에이-카퍼,소듐시트레이트,다이소듐이디티에이,비에이치티,포타슘솔베이트,소듐벤조에이트,페녹시에탄올,녹색201호","","[40-1] 정제수, [40-2] 다이메티콘, [40-3] 부틸렌글라이콜, [40-4] 글리세린, [40-5] 트라이실록세인, [40-6] 트레할로오스, [40-7] 수크로오스, [40-8] 암모늄아크릴로일다이메틸타우레이트/브이피코폴리머, [40-9] 하이드록시에틸우레아, [40-10] 녹차추출물, [40-11] 효모용해추출물, [40-12] 알로에베라잎수, [40-13] 흰무늬엉겅퀴추출물, [40-14] 만주자작나무껍질추출물, [40-15] 카페인, [40-16] 테르무스 테르모필루스발효물, [40-17] 팔미토일헥사펩타이드-12, [40-18] 마그네슘아스코빌포스페이트, [40-19] 소듐하이알루로네이트, [40-20] 토코페릴아세테이트, [40-21] 카프릴릴글라이콜, [40-22] 솔비톨, [40-23] 올레스-10, [40-24] 아크릴레이트/C10-30알킬아크릴레이트크로스폴리머, [40-25] 소듐폴리아스파테이트, [40-26] 사카라이드아이소머레이트, [40-27] 하이드로제네이티드레시틴, [40-28] 글리세릴폴리메타크릴레이트, [40-29] 피이지-8, [40-30] 트로메타민, [40-31] 헥실렌글라이콜, [40-32] 시트릭애씨드, [40-33] 디소듐이디티에이-카퍼, [40-34] 소듐시트레이트, [40-35] 다이소듐이디티에이, [40-36] 비에이치티, [40-37] 포타슘솔베이트, [40-38] 소듐벤조에이트, [40-39] 페녹시에탄올, [40-40] 녹색201호"
"A000000143196","[탄력로션] 라네즈옴므 블루에너지 에센스인로션 125ml","라네즈","125.0","125.0","ml","32000.0","22400","1792.0","해수, 프로판다이올, 글리세린, 부틸렌글라이콜, 하이드로제네이티드폴리(C6-14올레핀), 다이메티콘, 1,2-헥산다이올, 세테아릴알코올, 비스-다이글리세릴폴리아실아디페이트-2, 암모늄아크릴로일다이메틸타우레이트/브이피코폴리머, 폴리글리세릴-3메틸글루코오스다이스테아레이트, 실리카, 글리세릴스테아레이트, 향료, 스테아릭애씨드, 하이드록시프로필스타치포스페이트, 하이드로제네이티드레시틴, 다이메티콘/비닐다이메티콘크로스폴리머, 글리세릴카프릴레이트, 잔탄검, 다이소듐이디티에이, 에틸헥실글리세린, 아데노신, 정제수, 페녹시에탄올, 스피룰리나 플라텐시스추출물","","[26-1] 해수, [26-2] 프로판다이올, [26-3] 글리세린, [26-4] 부틸렌글라이콜, [26-5] 하이드로제네이티드폴리(C6-14올레핀), [26-6] 다이메티콘, [26-7] 1,2-헥산다이올, [26-8] 세테아릴알코올, [26-9] 비스-다이글리세릴폴리아실아디페이트-2, [26-10] 암모늄아크릴로일다이메틸타우레이트/브이피코폴리머, [26-11] 폴리글리세릴-3메틸글루코오스다이스테아레이트, [26-12] 실리카, [26-13] 글리세릴스테아레이트, [26-14] 향료, [26-15] 스테아릭애씨드, [26-16] 하이드록시프로필스타치포스페이트, [26-17] 하이드로제네이티드레시틴, [26-18] 다이메티콘/비닐다이메티콘크로스폴리머, [26-19] 글리세릴카프릴레이트, [26-20] 잔탄검, [26-21] 다이소듐이디티에이, [26-22] 에틸헥실글리세린, [26-23] 아데노신, [26-24] 정제수, [26-25] 페녹시에탄올, [26-26] 스피룰리나 플라텐시스추출물"
"A000000144041","폴라초이스 스킨 발란싱 수분 젤 60ml","폴라초이스","60.0","60.0","ml","58000.0","46400","7733.3","정제수, 사이클로펜타실록세인, 부틸렌글라이콜, 글리세린, 비스-페닐프로필다이메티콘, 나이아신아마이드, 슈가켈프추출물, 귀리커넬추출물, 유차나무잎추출물, 포도씨추출물, 밀배아오일, 토코페릴아세테이트, 페닐트라이메티콘, 다이메티콘, 다이포타슘글리시리제이트, 테트라헥실데실아스코베이트, 소듐하이알루로네이트, 포스포리피드, 수퍼옥사이드디스뮤타아제, 아이소헥사데칸, 판테놀, 소듐아크릴레이트/소듐아크릴로일다이메틸타우레이트코폴리머, 소듐카보머, 다이메티콘/비닐다이메티콘크로스폴리머, 폴리솔베이트80, 하이드록시에틸셀룰로오스, 에틸헥실글리세린, 페녹시에탄올","","[28-1] 정제수, [28-2] 사이클로펜타실록세인, [28-3] 부틸렌글라이콜, [28-4] 글리세린, [28-5] 비스-페닐프로필다이메티콘, [28-6] 나이아신아마이드, [28-7] 슈가켈프추출물, [28-8] 귀리커넬추출물, [28-9] 유차나무잎추출물, [28-10] 포도씨추출물, [28-11] 밀배아오일, [28-12] 토코페릴아세테이트, [28-13] 페닐트라이메티콘, [28-14] 다이메티콘, [28-15] 다이포타슘글리시리제이트, [28-16] 테트라헥실데실아스코베이트, [28-17] 소듐하이알루로네이트, [28-18] 포스포리피드, [28-19] 수퍼옥사이드디스뮤타아제, [28-20] 아이소헥사데칸, [28-21] 판테놀, [28-22] 소듐아크릴레이트/소듐아크릴로일다이메틸타우레이트코폴리머, [28-23] 소듐카보머, [28-24] 다이메티콘/비닐다이메티콘크로스폴리머, [28-25] 폴리솔베이트80, [28-26] 하이드록시에틸셀룰로오스, [28-27] 에틸헥실글리세린, [28-28] 페녹시에탄올"
"A000000144618","라끄베르 옴므 리차지 시카 올인원 에센스 150ml 기획 (+30ml 증정)","라끄베르","150.0","180.0","ml","","29000","1611.1","정제수, 나이아신아마이드, 1,2-헥산다이올, 헥실데실에틸헥사노에이트, 글리세릴스테아레이트, 하이드로제네이티드폴리데센, 피이지-40스테아레이트, 펜타에리스리틸테트라에틸헥사노에이트, 프로판다이올, 판테놀(5000 ppm), 글리세린, 세테아릴알코올, 트라이에틸헥사노인, 다이메티콘, 솔비탄스테아레이트, 트로메타민, 카보머, 마카뿌리추출물, 피이지-8, 아크릴레이트/C10-30알킬아크릴레이트크로스폴리머, 변성알코올, 아데노신, 부틸렌글라이콜, 카프릴릴글라이콜, 트라이소듐이디티에이, 솔비톨, 소듐폴리아크릴레이트, 베타-글루칸, 병풀잎추출물(10 ppm), 귤껍질추출물, 조류추출물, 페녹시에탄올, 포타슘솔베이트, 향료, 리날룰, 리모넨, 벤질벤조에이트, 알파-아이소메틸아이오논","","[38-1] 정제수, [38-2] 나이아신아마이드, [38-3] 1,2-헥산다이올, [38-4] 헥실데실에틸헥사노에이트, [38-5] 글리세릴스테아레이트, [38-6] 하이드로제네이티드폴리데센, [38-7] 피이지-40스테아레이트, [38-8] 펜타에리스리틸테트라에틸헥사노에이트, [38-9] 프로판다이올, [38-10] 판테놀(5000 ppm), [38-11] 글리세린, [38-12] 세테아릴알코올, [38-13] 트라이에틸헥사노인, [38-14] 다이메티콘, [38-15] 솔비탄스테아레이트, [38-16] 트로메타민, [38-17] 카보머, [38-18] 마카뿌리추출물, [38-19] 피이지-8, [38-20] 아크릴레이트/C10-30알킬아크릴레이트크로스폴리머, [38-21] 변성알코올, [38-22] 아데노신, [38-23] 부틸렌글라이콜, [38-24] 카프릴릴글라이콜, [38-25] 트라이소듐이디티에이, [38-26] 솔비톨, [38-27] 소듐폴리아크릴레이트, [38-28] 베타-글루칸, [38-29] 병풀잎추출물(10 ppm), [38-30] 귤껍질추출물, [38-31] 조류추출물, [38-32] 페녹시에탄올, [38-33] 포타슘솔베이트, [38-34] 향료, [38-35] 리날룰, [38-36] 리모넨, [38-37] 벤질벤조에이트, [38-38] 알파-아이소메틸아이오논"
"A000000144917","[쫀쫀고보습에멀전] 하다라보 고쿠쥰 밀크 140mL","하다라보","140.0","140.0","ml","17000.0","11900","850.0","정제수, 글리세린, 카프릴릭/카프릭트라이글리세라이드, 다이프로필렌글라이콜, 하이드로제네이티드폴리(C6-12올레핀), 펜틸렌글라이콜, 피피지-10메틸글루코오스에터, 세테스-23, 글리세릴스테아레이트, 스테아릴알코올, 카보머, 베헤닐알코올, 알지닌, 프로판다이올, 소듐하이알루로네이트, 다이소듐이디티에이, 피토스테릴/옥틸도데실라우로일글루타메이트, 카프릴하이드록사믹애씨드, 부틸렌글라이콜, 하이드롤라이즈드하이알루로닉애씨드, 소듐아세틸레이티드하이알루로네이트, 락토코쿠스/하이알루로닉애씨드발효여과물","","[22-1] 정제수, [22-2] 글리세린, [22-3] 카프릴릭/카프릭트라이글리세라이드, [22-4] 다이프로필렌글라이콜, [22-5] 하이드로제네이티드폴리(C6-12올레핀), [22-6] 펜틸렌글라이콜, [22-7] 피피지-10메틸글루코오스에터, [22-8] 세테스-23, [22-9] 글리세릴스테아레이트, [22-10] 스테아릴알코올, [22-11] 카보머, [22-12] 베헤닐알코올, [22-13] 알지닌, [22-14] 프로판다이올, [22-15] 소듐하이알루로네이트, [22-16] 다이소듐이디티에이, [22-17] 피토스테릴/옥틸도데실라우로일글루타메이트, [22-18] 카프릴하이드록사믹애씨드, [22-19] 부틸렌글라이콜, [22-20] 하이드롤라이즈드하이알루로닉애씨드, [22-21] 소듐아세틸레이티드하이알루로네이트, [22-22] 락토코쿠스/하이알루로닉애씨드발효여과물"
"A000000146263","[8종히알루론산] 하다라보 고쿠쥰 프리미엄 밀크 140mL","하다라보","140.0","140.0","ml","20000.0","14000","1000.0","정제수, 글리세린, 다이프로필렌글라이콜, 다이메티콘, 카프릴릭/카프릭트라이글리세라이드, 하이드로제네이티드폴리(C6-14올레핀), 세틸알코올, 트라이에틸헥사노인, 펜틸렌글라이콜, 팔미틱애씨드, 세틸포스페이트, 알지닌, 페녹시에탄올, 프로판다이올, 카보머, 소듐하이알루로네이트, 다이소듐이디티에이, 하이드록시에틸셀룰로오스, 카프릴하이드록사믹애씨드, 부틸렌글라이콜, C12-13알킬글리세릴하이드롤라이즈드하이알루로네이트, 하이드롤라이즈드하이알루로닉애씨드, 락토코쿠스/하이알루로닉애씨드발효여과물, 소듐아세틸레이티드하이알루로네이트, 하이드롤라이즈드소듐하이알루로네이트, 하이드록시프로필트라이모늄하이알루로네이트, 아파노테케 사크룸엑소폴리사카라이즈, 소듐하이알루로네이트크로스폴리머","","[28-1] 정제수, [28-2] 글리세린, [28-3] 다이프로필렌글라이콜, [28-4] 다이메티콘, [28-5] 카프릴릭/카프릭트라이글리세라이드, [28-6] 하이드로제네이티드폴리(C6-14올레핀), [28-7] 세틸알코올, [28-8] 트라이에틸헥사노인, [28-9] 펜틸렌글라이콜, [28-10] 팔미틱애씨드, [28-11] 세틸포스페이트, [28-12] 알지닌, [28-13] 페녹시에탄올, [28-14] 프로판다이올, [28-15] 카보머, [28-16] 소듐하이알루로네이트, [28-17] 다이소듐이디티에이, [28-18] 하이드록시에틸셀룰로오스, [28-19] 카프릴하이드록사믹애씨드, [28-20] 부틸렌글라이콜, [28-21] C12-13알킬글리세릴하이드롤라이즈드하이알루로네이트, [28-22] 하이드롤라이즈드하이알루로닉애씨드, [28-23] 락토코쿠스/하이알루로닉애씨드발효여과물, [28-24] 소듐아세틸레이티드하이알루로네이트, [28-25] 하이드롤라이즈드소듐하이알루로네이트, [28-26] 하이드록시프로필트라이모늄하이알루로네이트, [28-27] 아파노테케 사크룸엑소폴리사카라이즈, [28-28] 소듐하이알루로네이트크로스폴리머"
"A000000146808","싸이닉 파워 옴므 플루이드 더블 기획 (150ml+150ml)","싸이닉","150.0","300.0","ml","","19800","660.0","정제수, 사이클로펜타실록세인, 에탄올, 다이프로필렌글라이콜, 프로판다이올, 글리세린, 부틸렌글라이콜, 나이아신아마이드, 암모늄아크릴로일다이메틸타우레이트/브이피코폴리머, 1,2-헥산다이올, 실리카, 자작나무수액, 글리세릴스테아레이트에스이, 카프릴릭/카프릭트라이글리세라이드, 하이드록시아세토페논, 하이드로제네이티드레시틴, 폴리글리세릴-10스테아레이트, 라벤더꽃/잎/줄기추출물, 로즈마리잎추출물, 살비아잎추출물, 캐모마일꽃추출물, 폴리글리세릴-10올리에이트, 식물성오일, 토코페릴아세테이트, 사우수레아인볼루크라타추출물, 다이메티콘/비닐다이메티콘크로스폴리머, 아데노신, 다이소듐이디티에이, 에난티아 클로란타껍질추출물, 솔레이롤리아 솔레이롤리이추출물, 레몬밤잎추출물, 마조람잎추출물, 소듐하이알루로네이트, 올레아놀릭애씨드, 향료","","[35-1] 정제수, [35-2] 사이클로펜타실록세인, [35-3] 에탄올, [35-4] 다이프로필렌글라이콜, [35-5] 프로판다이올, [35-6] 글리세린, [35-7] 부틸렌글라이콜, [35-8] 나이아신아마이드, [35-9] 암모늄아크릴로일다이메틸타우레이트/브이피코폴리머, [35-10] 1,2-헥산다이올, [35-11] 실리카, [35-12] 자작나무수액, [35-13] 글리세릴스테아레이트에스이, [35-14] 카프릴릭/카프릭트라이글리세라이드, [35-15] 하이드록시아세토페논, [35-16] 하이드로제네이티드레시틴, [35-17] 폴리글리세릴-10스테아레이트, [35-18] 라벤더꽃/잎/줄기추출물, [35-19] 로즈마리잎추출물, [35-20] 살비아잎추출물, [35-21] 캐모마일꽃추출물, [35-22] 폴리글리세릴-10올리에이트, [35-23] 식물성오일, [35-24] 토코페릴아세테이트, [35-25] 사우수레아인볼루크라타추출물, [35-26] 다이메티콘/비닐다이메티콘크로스폴리머, [35-27] 아데노신, [35-28] 다이소듐이디티에이, [35-29] 에난티아 클로란타껍질추출물, [35-30] 솔레이롤리아 솔레이롤리이추출물, [35-31] 레몬밤잎추출물, [35-32] 마조람잎추출물, [35-33] 소듐하이알루로네이트, [35-34] 올레아놀릭애씨드, [35-35] 향료"
"A000000146894","싸이닉 아쿠아 옴므 올인원 플루이드 100ml","싸이닉","100.0","100.0","ml","","15000","1500.0","정제수, 에칠헥실메톡시신나메이트, 부틸렌글라이콜, 에칠헥실살리실레이트, 디에칠아미노하이드록시벤조일헥실벤조에이트, 페닐벤즈이미다졸설포닉애씨드, 다이프로필렌글라이콜, 카프릴릭/카프릭트라이글리세라이드, 나이아신아마이드, 메틸메타크릴레이트크로스폴리머, 실리카, 비스-에틸헥실옥시페놀메톡시페닐트라이아진, 글리세릴스테아레이트, 세테아릴올리베이트, 해수, 납작파래추출물, 개청각추출물, 블래더랙추출물, 클로렐라 불가리스추출물, 하이드롤라이즈드글라이코사미노글리칸, 녹차추출물, 감국꽃추출물, 육계나무껍질추출물, 감나무잎추출물, 쑥잎추출물, 뽕나무열매추출물, 칡뿌리추출물, 왕대수액, 알로에베라잎추출물, 밤껍질추출물, 라벤더꽃추출물, 붉나무충영추출물, 솔비탄올리베이트, 폴리솔베이트60, 세테아릴알코올, 다이메티콘, 소듐하이드록사이드, 솔비탄스테아레이트, 피이지-100스테아레이트, 토코페릴아세테이트, 폴리아크릴레이트-13, 잔탄검, 폴리아이소부텐, 아데노신, 폴리솔베이트20, 솔비탄아이소스테아레이트, 다이소듐이디티에이, 카프릴릴글라이콜, 에틸헥실글리세린, 1,2-헥산다이올, 향료","","[51-1] 정제수, [51-2] 에칠헥실메톡시신나메이트, [51-3] 부틸렌글라이콜, [51-4] 에칠헥실살리실레이트, [51-5] 디에칠아미노하이드록시벤조일헥실벤조에이트, [51-6] 페닐벤즈이미다졸설포닉애씨드, [51-7] 다이프로필렌글라이콜, [51-8] 카프릴릭/카프릭트라이글리세라이드, [51-9] 나이아신아마이드, [51-10] 메틸메타크릴레이트크로스폴리머, [51-11] 실리카, [51-12] 비스-에틸헥실옥시페놀메톡시페닐트라이아진, [51-13] 글리세릴스테아레이트, [51-14] 세테아릴올리베이트, [51-15] 해수, [51-16] 납작파래추출물, [51-17] 개청각추출물, [51-18] 블래더랙추출물, [51-19] 클로렐라 불가리스추출물, [51-20] 하이드롤라이즈드글라이코사미노글리칸, [51-21] 녹차추출물, [51-22] 감국꽃추출물, [51-23] 육계나무껍질추출물, [51-24] 감나무잎추출물, [51-25] 쑥잎추출물, [51-26] 뽕나무열매추출물, [51-27] 칡뿌리추출물, [51-28] 왕대수액, [51-29] 알로에베라잎추출물, [51-30] 밤껍질추출물, [51-31] 라벤더꽃추출물, [51-32] 붉나무충영추출물, [51-33] 솔비탄올리베이트, [51-34] 폴리솔베이트60, [51-35] 세테아릴알코올, [51-36] 다이메티콘, [51-37] 소듐하이드록사이드, [51-38] 솔비탄스테아레이트, [51-39] 피이지-100스테아레이트, [51-40] 토코페릴아세테이트, [51-41] 폴리아크릴레이트-13, [51-42] 잔탄검, [51-43] 폴리아이소부텐, [51-44] 아데노신, [51-45] 폴리솔베이트20, [51-46] 솔비탄아이소스테아레이트, [51-47] 다이소듐이디티에이, [51-48] 카프릴릴글라이콜, [51-49] 에틸헥실글리세린, [51-50] 1,2-헥산다이올, [51-51] 향료"
"A000000146896","싸이닉 아쿠아 옴므 올인원 모이스처라이저 100ml","싸이닉","100.0","100.0","ml","","15000","1500.0","정제수, 프로판다이올, 글리세린, 변성알코올, 세틸에틸헥사노에이트, 폴리글루타믹애씨드, 나이아신아마이드, 피이지/피피지-17/6코폴리머, 다이메티콘, 소듐하이알루로네이트, 해수, 개청각추출물, 납작파래추출물, 블래더랙추출물, 클로렐라 불가리스추출물, 하이드롤라이즈드글라이코사미노글리칸, 하이드롤라이즈드하이알루로닉애씨드, 왕대수액, 알로에베라잎추출물, 라벤더꽃추출물, 밤껍질추출물, 붉나무충영추출물, 사이클로펜타실록세인, 세테아릴올리베이트, 세테아릴알코올, 솔비탄올리베이트, 폴리아크릴레이트-13, 폴리아이소부텐, 다이메티콘올, 아크릴레이트/C10-30알킬아크릴레이트크로스폴리머, 트로메타민, 아데노신, 솔비탄아이소스테아레이트, 폴리솔베이트20, 부틸렌글라이콜, 다이소듐이디티에이, 페녹시에탄올, 클로페네신, 카프릴릴글라이콜, 에틸헥실글리세린, 향료","","[41-1] 정제수, [41-2] 프로판다이올, [41-3] 글리세린, [41-4] 변성알코올, [41-5] 세틸에틸헥사노에이트, [41-6] 폴리글루타믹애씨드, [41-7] 나이아신아마이드, [41-8] 피이지/피피지-17/6코폴리머, [41-9] 다이메티콘, [41-10] 소듐하이알루로네이트, [41-11] 해수, [41-12] 개청각추출물, [41-13] 납작파래추출물, [41-14] 블래더랙추출물, [41-15] 클로렐라 불가리스추출물, [41-16] 하이드롤라이즈드글라이코사미노글리칸, [41-17] 하이드롤라이즈드하이알루로닉애씨드, [41-18] 왕대수액, [41-19] 알로에베라잎추출물, [41-20] 라벤더꽃추출물, [41-21] 밤껍질추출물, [41-22] 붉나무충영추출물, [41-23] 사이클로펜타실록세인, [41-24] 세테아릴올리베이트, [41-25] 세테아릴알코올, [41-26] 솔비탄올리베이트, [41-27] 폴리아크릴레이트-13, [41-28] 폴리아이소부텐, [41-29] 다이메티콘올, [41-30] 아크릴레이트/C10-30알킬아크릴레이트크로스폴리머, [41-31] 트로메타민, [41-32] 아데노신, [41-33] 솔비탄아이소스테아레이트, [41-34] 폴리솔베이트20, [41-35] 부틸렌글라이콜, [41-36] 다이소듐이디티에이, [41-37] 페녹시에탄올, [41-38] 클로페네신, [41-39] 카프릴릴글라이콜, [41-40] 에틸헥실글리세린, [41-41] 향료"
"A000000147661","AHC 온리 포맨 로션 150ml","AHC","150.0","150.0","ml","25000.0","14900","993.3","정제수, 글리세린, 디메치콘, 나이아신아마이드, 사이클로펜타실록산, 세틸알코올, 카바잎/뿌리/줄기추출물, 상황버섯추출물, 우엉추출물, 마치현추출물, 칡뿌리추출물, 감초추출물, 작약추출물, 천궁추출물, 녹차추출물, 검정콩추출물, 라임추출물, 베르가못잎추출물, 블랙베리추출물, 쌀추출물, 참깨추출물, 원지추출물, 길경추출물, 병풀추출물, 빌베리열매/잎추출물, 은행잎추출물, 동백나무잎추출물, 로케트잎추출물, 밀싹추출물, 브로콜리싹추출물, 자주개자리잎추출물, 사탕수수추출물, 레몬추출물, 오렌지추출물, 설탕단풍추출물, 박하잎추출물, 수용성콜라겐, 알로에베라잎즙, 하이드로제네이티드레시틴, 소듐하이알루로네이트, 아르간트리커넬오일, 사이클로메치콘 ,글리세릴스테아레이트, 1,2-헥산디올, 세테아릴에칠헥사노에이트, 카프릴릭/카프릭/미리스틱/스테아릭트리글리세라이드, 피이지-10디메치콘, 피이지-10디메치콘/비닐디메치콘크로스폴리머, 하이드로제네이티드폴리(C6-14올레핀), 폴리소르베이트60, 티이에이-라우릴설페이트, 하이드록시에칠아크릴레이트/소듐아크릴로일디메칠타우레이트코폴리머, 스쿠알란, 스테아레스-2, 카보머, 트로메타민, 베타인, 에칠헥실글리세린, 디메치콘/비닐디메치콘크로스폴리머, 부틸렌글라이콜, 아데노신, 디소듐이디티에이, 비사볼올, 크레아틴, 판테놀, 잔탄검, 디카프릴릴카보네이트, 슈크로오스디스테아레이트, 세라마이드엔피, 폴릭애씨드, 콜레스테롤, 라피노오스, 팔미토일펜타펩타이드-4, 향료, 페녹시에탄올","","[75-1] 정제수, [75-2] 글리세린, [75-3] 디메치콘, [75-4] 나이아신아마이드, [75-5] 사이클로펜타실록산, [75-6] 세틸알코올, [75-7] 카바잎/뿌리/줄기추출물, [75-8] 상황버섯추출물, [75-9] 우엉추출물, [75-10] 마치현추출물, [75-11] 칡뿌리추출물, [75-12] 감초추출물, [75-13] 작약추출물, [75-14] 천궁추출물, [75-15] 녹차추출물, [75-16] 검정콩추출물, [75-17] 라임추출물, [75-18] 베르가못잎추출물, [75-19] 블랙베리추출물, [75-20] 쌀추출물, [75-21] 참깨추출물, [75-22] 원지추출물, [75-23] 길경추출물, [75-24] 병풀추출물, [75-25] 빌베리열매/잎추출물, [75-26] 은행잎추출물, [75-27] 동백나무잎추출물, [75-28] 로케트잎추출물, [75-29] 밀싹추출물, [75-30] 브로콜리싹추출물, [75-31] 자주개자리잎추출물, [75-32] 사탕수수추출물, [75-33] 레몬추출물, [75-34] 오렌지추출물, [75-35] 설탕단풍추출물, [75-36] 박하잎추출물, [75-37] 수용성콜라겐, [75-38] 알로에베라잎즙, [75-39] 하이드로제네이티드레시틴, [75-40] 소듐하이알루로네이트, [75-41] 아르간트리커넬오일, [75-42] 사이클로메치콘, [75-43] 글리세릴스테아레이트, [75-44] 1,2-헥산디올, [75-45] 세테아릴에칠헥사노에이트, [75-46] 카프릴릭/카프릭/미리스틱/스테아릭트리글리세라이드, [75-47] 피이지-10디메치콘, [75-48] 피이지-10디메치콘/비닐디메치콘크로스폴리머, [75-49] 하이드로제네이티드폴리(C6-14올레핀), [75-50] 폴리소르베이트60, [75-51] 티이에이-라우릴설페이트, [75-52] 하이드록시에칠아크릴레이트/소듐아크릴로일디메칠타우레이트코폴리머, [75-53] 스쿠알란, [75-54] 스테아레스-2, [75-55] 카보머, [75-56] 트로메타민, [75-57] 베타인, [75-58] 에칠헥실글리세린, [75-59] 디메치콘/비닐디메치콘크로스폴리머, [75-60] 부틸렌글라이콜, [75-61] 아데노신, [75-62] 디소듐이디티에이, [75-63] 비사볼올, [75-64] 크레아틴, [75-65] 판테놀, [75-66] 잔탄검, [75-67] 디카프릴릴카보네이트, [75-68] 슈크로오스디스테아레이트, [75-69] 세라마이드엔피, [75-70] 폴릭애씨드, [75-71] 콜레스테롤, [75-72] 라피노오스, [75-73] 팔미토일펜타펩타이드-4, [75-74] 향료, [75-75] 페녹시에탄올"
"A000000150214","[폼클렌저 150g증정] 아크네스포맨퍼펙트올인원 기획(본품 200ml+폼클렌저 150g)","아크네스","200.0","200.0","ml","27000.0","19900","995.0","아크네스 포맨 퍼펙트 올인원: 정제수, 작약나무껍질/수액추출물, 메틸프로판다이올, 사이클로펜타실록세인, 1,2-헥산다이올, 글리세린, 나이아신아마이드, 에틸헥실스테아레이트, 세테아릴알코올, 폴리솔베이트60, 다시마추출물, 한련초잎추출물, 병풀추출물, 무화과추출물, 올레라케아아크멜라추출물, 프랑스해안송껍질/싹추출물, 당느릅나무뿌리추출물, 줄맨드라미씨추출물, 삼나무잎추출물, 연꽃잎추출물, 프랑스해안송껍질추출물, 오렌지껍질오일, 하이드로제네이티드레시틴, 팔마로사오일, 다마스크장미꽃오일, 글리세릴스테아레이트, 다이메티콘, 솔비탄스테아레이트, 실리카, 부틸렌글라이콜, 자일리틸글루코사이드, 안하이드로자일리톨, 팔미틱애씨드, 스테아릭애씨드, 하이드로제네이티드코코넛오일, 자일리톨, 카보머, 트로메타민, 하이드로제네이티드팜커넬오일, 토코페릴아세테이트, 아데노신, 글루코오스, 셀룰로오스검, 하이드로제네이티드팜오일, 다이소듐이디티에이, 프룩토올리고사카라이드, 글루코노락톤, 베타-글루칸, 알란토인, 효모발효여과물, 미리스틱애씨드, 하이드롤라이즈드하이알루로닉애씨드, 세라마이드엔피, 마데카소사이드, 에틸헥실글리세린, 리모넨, 제라니올

아크네스 포맨 퍼펙트 폼클렌저: 정제수, 미리스틱애씨드, 글리세린, 메틸프로판다이올, 포타슘하이드록사이드, 코코-글루코사이드, 라우릭애씨드, 팔미틱애씨드, 스테아릭애씨드, 글리세릴스테아레이트, 병풀추출물, 무화과추출물, 올레라케아아크멜라추출물, 당느릅나무뿌리추출물, 줄맨드라미씨추출물, 프랑스해안송껍질/싹추출물, 삼나무잎추출물, 연꽃잎추출물, 오렌지껍질오일, 팔마로사오일, 하이드로제네이티드레시틴, 다마스크장미꽃오일, 살리실릭애씨드, 솔비탄올리베이트, 폴리쿼터늄-39, 부틸렌글라이콜, 다이소듐이디티에이, 세라마이드엔피, 자일리틸글루코사이드, 안하이드로자일리톨, 자일리톨, 글루코노락톤, 마데카소사이드, 알란토인, 글루코오스, 효모발효여과물, 하이드록시아세토페논, 1,2-헥산다이올, 리모넨, 제라니올","","[96-1] 정제수, [96-2] 작약나무껍질/수액추출물, [96-3] 메틸프로판다이올, [96-4] 사이클로펜타실록세인, [96-5] 1,2-헥산다이올, [96-6] 글리세린, [96-7] 나이아신아마이드, [96-8] 에틸헥실스테아레이트, [96-9] 세테아릴알코올, [96-10] 폴리솔베이트60, [96-11] 다시마추출물, [96-12] 한련초잎추출물, [96-13] 병풀추출물, [96-14] 무화과추출물, [96-15] 올레라케아아크멜라추출물, [96-16] 프랑스해안송껍질/싹추출물, [96-17] 당느릅나무뿌리추출물, [96-18] 줄맨드라미씨추출물, [96-19] 삼나무잎추출물, [96-20] 연꽃잎추출물, [96-21] 프랑스해안송껍질추출물, [96-22] 오렌지껍질오일, [96-23] 하이드로제네이티드레시틴, [96-24] 팔마로사오일, [96-25] 다마스크장미꽃오일, [96-26] 글리세릴스테아레이트, [96-27] 다이메티콘, [96-28] 솔비탄스테아레이트, [96-29] 실리카, [96-30] 부틸렌글라이콜, [96-31] 자일리틸글루코사이드, [96-32] 안하이드로자일리톨, [96-33] 팔미틱애씨드, [96-34] 스테아릭애씨드, [96-35] 하이드로제네이티드코코넛오일, [96-36] 자일리톨, [96-37] 카보머, [96-38] 트로메타민, [96-39] 하이드로제네이티드팜커넬오일, [96-40] 토코페릴아세테이트, [96-41] 아데노신, [96-42] 글루코오스, [96-43] 셀룰로오스검, [96-44] 하이드로제네이티드팜오일, [96-45] 다이소듐이디티에이, [96-46] 프룩토올리고사카라이드, [96-47] 글루코노락톤, [96-48] 베타-글루칸, [96-49] 알란토인, [96-50] 효모발효여과물, [96-51] 미리스틱애씨드, [96-52] 하이드롤라이즈드하이알루로닉애씨드, [96-53] 세라마이드엔피, [96-54] 마데카소사이드, [96-55] 에틸헥실글리세린, [96-56] 리모넨, [96-57] 정제수, [96-58] 미리스틱애씨드, [96-59] 글리세린, [96-60] 메틸프로판다이올, [96-61] 포타슘하이드록사이드, [96-62] 코코-글루코사이드, [96-63] 라우릭애씨드, [96-64] 팔미틱애씨드, [96-65] 스테아릭애씨드, [96-66] 글리세릴스테아레이트, [96-67] 병풀추출물, [96-68] 무화과추출물, [96-69] 올레라케아아크멜라추출물, [96-70] 당느릅나무뿌리추출물, [96-71] 줄맨드라미씨추출물, [96-72] 프랑스해안송껍질/싹추출물, [96-73] 삼나무잎추출물, [96-74] 연꽃잎추출물, [96-75] 오렌지껍질오일, [96-76] 팔마로사오일, [96-77] 하이드로제네이티드레시틴, [96-78] 다마스크장미꽃오일, [96-79] 살리실릭애씨드, [96-80] 솔비탄올리베이트, [96-81] 폴리쿼터늄-39, [96-82] 부틸렌글라이콜, [96-83] 다이소듐이디티에이, [96-84] 세라마이드엔피, [96-85] 자일리틸글루코사이드, [96-86] 안하이드로자일리톨, [96-87] 자일리톨, [96-88] 글루코노락톤, [96-89] 마데카소사이드, [96-90] 알란토인, [96-91] 글루코오스, [96-92] 효모발효여과물, [96-93] 하이드록시아세토페논, [96-94] 1,2-헥산다이올, [96-95] 리모넨, [96-96] 제라니올"
"A000000150816","[산뜻촉촉] 아크네스 모이스처 플루이드 150ml","아크네스","150.0","150.0","ml","16500.0","9900","660.0","정제수*,글리세린*,프로판다이올,페닐트라이메티콘,1,2-헥산다이올*,판테놀,부틸렌글라이콜*,네오펜틸글라이콜다이헵타노에이트,암모늄아크릴로일다이메틸타우레이트/브이피코폴리머,솔비탄아이소스테아레이트,마이크로크리스탈린셀룰로오스,아크릴레이트/C10-30알킬아크릴레이트크로스폴리머,트로메타민,하이드록시프로필메틸셀룰로오스스테아록시에터,셀룰로오스검,레시틴,소듐하이알루로네이트,에틸헥실글리세린,해바라기씨오일,퀸즈랜드넛오일*,스쿠알란*,티트리잎추출물,펜틸렌글라이콜,폴리글리세릴-10올리에이트*,피토스테릴/베헤닐/옥틸도데실라우로일글루타메이트*,콜레스테롤*,알루미늄수크로오스옥타설페이트*,유채스테롤*,소듐서팩틴*,셀룰로오스*,병풀추출물,약모밀추출물,하이드로제네이티드레시틴*,화이트루핀씨추출물,소듐하이알루로네이트크로스폴리머,하이드롤라이즈드글라이코사미노글리칸,토코페롤,소듐하이드록사이드,벤질글라이콜,하이드롤라이즈드하이알루로닉애씨드,다이소듐이디티에이*,징크옥사이드*,하이알루로닉애씨드,라즈베리케톤","","[44-1] 정제수*, [44-2] 글리세린*, [44-3] 프로판다이올, [44-4] 페닐트라이메티콘, [44-5] 1,2-헥산다이올*, [44-6] 판테놀, [44-7] 부틸렌글라이콜*, [44-8] 네오펜틸글라이콜다이헵타노에이트, [44-9] 암모늄아크릴로일다이메틸타우레이트/브이피코폴리머, [44-10] 솔비탄아이소스테아레이트, [44-11] 마이크로크리스탈린셀룰로오스, [44-12] 아크릴레이트/C10-30알킬아크릴레이트크로스폴리머, [44-13] 트로메타민, [44-14] 하이드록시프로필메틸셀룰로오스스테아록시에터, [44-15] 셀룰로오스검, [44-16] 레시틴, [44-17] 소듐하이알루로네이트, [44-18] 에틸헥실글리세린, [44-19] 해바라기씨오일, [44-20] 퀸즈랜드넛오일*, [44-21] 스쿠알란*, [44-22] 티트리잎추출물, [44-23] 펜틸렌글라이콜, [44-24] 폴리글리세릴-10올리에이트*, [44-25] 피토스테릴/베헤닐/옥틸도데실라우로일글루타메이트*, [44-26] 콜레스테롤*, [44-27] 알루미늄수크로오스옥타설페이트*, [44-28] 유채스테롤*, [44-29] 소듐서팩틴*, [44-30] 셀룰로오스*, [44-31] 병풀추출물, [44-32] 약모밀추출물, [44-33] 하이드로제네이티드레시틴*, [44-34] 화이트루핀씨추출물, [44-35] 소듐하이알루로네이트크로스폴리머, [44-36] 하이드롤라이즈드글라이코사미노글리칸, [44-37] 토코페롤, [44-38] 소듐하이드록사이드, [44-39] 벤질글라이콜, [44-40] 하이드롤라이즈드하이알루로닉애씨드, [44-41] 다이소듐이디티에이*, [44-42] 징크옥사이드*, [44-43] 하이알루로닉애씨드, [44-44] 라즈베리케톤"
"A000000154199","BRTC 파워 옴므 올인원 솔루션 더블 기획(200mlX2)","비알티씨","200.0","400.0","ml","50400.0","46080","1152.0","정제수, 부틸렌글라이콜, 글리세린, 에탄올, 나이아신아마이드, 비스-피이지-18메칠에텔디메칠실란, 메칠메타크릴레이트크로스폴리머, 베타인, 알지닌, 카보머, 페녹시에탄올, 페닐트리메치콘, 향료, 에칠헥실글리세린, 피이지-60하이드로제네이티드캐스터오일, 트리데세스-10, 알란토인, 녹차추출물, 아데노신, 락토바실러스/쌀발효물, 포공영추출물, 1,2-헥산디올, 디소듐이디티에이, 프로판디올, 감나무잎추출물, 포도추출물, 보리지추출물, 캐모마일꽃/잎추출물, 라벤더수, 히아신스추출물, 클라리추출물, 수레국화꽃추출물, 카프릴릭/카프릭트리글리세라이드, 커피추출물, 홍화추출물, 호장근추출물, 밤껍질추출물, 산초나무잎추출물, 소듐하이알루로네이트, 호호바씨오일, 하이드로제네이티드레시틴, 헥실라우레이트, 벤질알코올, 카바잎/뿌리/줄기추출물, 화이트윌로우껍질수, 세테아릴알코올, 스테아릭애씨드, 글라이코스핑고리피드, 세라마이드엔피, 스피룰리나추출물, 클로렐라추출물, 갈로일노나펩타이드-11, 갈로일트라이펩타이드-48, 니코티노일에스에이치-펜타펩타이드-19","","[54-1] 정제수, [54-2] 부틸렌글라이콜, [54-3] 글리세린, [54-4] 에탄올, [54-5] 나이아신아마이드, [54-6] 비스-피이지-18메칠에텔디메칠실란, [54-7] 메칠메타크릴레이트크로스폴리머, [54-8] 베타인, [54-9] 알지닌, [54-10] 카보머, [54-11] 페녹시에탄올, [54-12] 페닐트리메치콘, [54-13] 향료, [54-14] 에칠헥실글리세린, [54-15] 피이지-60하이드로제네이티드캐스터오일, [54-16] 트리데세스-10, [54-17] 알란토인, [54-18] 녹차추출물, [54-19] 아데노신, [54-20] 락토바실러스/쌀발효물, [54-21] 포공영추출물, [54-22] 1,2-헥산디올, [54-23] 디소듐이디티에이, [54-24] 프로판디올, [54-25] 감나무잎추출물, [54-26] 포도추출물, [54-27] 보리지추출물, [54-28] 캐모마일꽃/잎추출물, [54-29] 라벤더수, [54-30] 히아신스추출물, [54-31] 클라리추출물, [54-32] 수레국화꽃추출물, [54-33] 카프릴릭/카프릭트리글리세라이드, [54-34] 커피추출물, [54-35] 홍화추출물, [54-36] 호장근추출물, [54-37] 밤껍질추출물, [54-38] 산초나무잎추출물, [54-39] 소듐하이알루로네이트, [54-40] 호호바씨오일, [54-41] 하이드로제네이티드레시틴, [54-42] 헥실라우레이트, [54-43] 벤질알코올, [54-44] 카바잎/뿌리/줄기추출물, [54-45] 화이트윌로우껍질수, [54-46] 세테아릴알코올, [54-47] 스테아릭애씨드, [54-48] 글라이코스핑고리피드, [54-49] 세라마이드엔피, [54-50] 스피룰리나추출물, [54-51] 클로렐라추출물, [54-52] 갈로일노나펩타이드-11, [54-53] 갈로일트라이펩타이드-48, [54-54] 니코티노일에스에이치-펜타펩타이드-19"
"A000000154626","달팡 인트랄 액티브 스태빌라이징 로션 100ml","달팡","100.0","100.0","ml","108000.0","107730","10773.0","정제수,세테아릴아이소노나노에이트,프로판다이올,글리세릴올리에이트시트레이트,참깨오일,C9-12알케인,하이드록시프로필스타치포스페이트,글리세린,부틸렌글라이콜,해바라기씨오일,토코페릴아세테이트,레스베라트롤,판테놀,스위트아몬드오일,모노기나산사꽃추출물,카페인,소듐하이알루로네이트,다이포타슘글리시리제이트,해바라기씨추출물,테트라헥실데실아스코베이트,살리실릭애씨드,겔리디엘라 아케로사추출물,돌콩추출물,수박추출물,에스큘렌타렌즈콩추출물,코코넛야자오일,사과추출물,락토바실러스발효물,코르크참나무껍질추출물,모란뿌리추출물,오크뿌리추출물,아세틸글루코사민,호호바씨오일,카프릴릭/카프릭트라이글리세라이드,프로필렌글라이콜다이카프레이트,갈고리가시우무추출물,콜레스테롤,소듐스테아로일글루타메이트,프로필렌글라이콜카프릴레이트,코코-카프릴레이트/카프레이트,스쿠알란,에틸헥실글리세린,마트리카리아추출물,보리추출물,밀배아추출물,소듐락테이트,알테로모나스발효추출물,소듐피씨에이,오이열매추출물,슈가켈프추출물,잔탄검,카프릴릴글라이콜,헥실렌글라이콜,향료,테트라소듐이디티에이,비에이치티,포타슘솔베이트,소듐벤조에이트,페녹시에탄올,적색504호","","[60-1] 정제수, [60-2] 세테아릴아이소노나노에이트, [60-3] 프로판다이올, [60-4] 글리세릴올리에이트시트레이트, [60-5] 참깨오일, [60-6] C9-12알케인, [60-7] 하이드록시프로필스타치포스페이트, [60-8] 글리세린, [60-9] 부틸렌글라이콜, [60-10] 해바라기씨오일, [60-11] 토코페릴아세테이트, [60-12] 레스베라트롤, [60-13] 판테놀, [60-14] 스위트아몬드오일, [60-15] 모노기나산사꽃추출물, [60-16] 카페인, [60-17] 소듐하이알루로네이트, [60-18] 다이포타슘글리시리제이트, [60-19] 해바라기씨추출물, [60-20] 테트라헥실데실아스코베이트, [60-21] 살리실릭애씨드, [60-22] 겔리디엘라 아케로사추출물, [60-23] 돌콩추출물, [60-24] 수박추출물, [60-25] 에스큘렌타렌즈콩추출물, [60-26] 코코넛야자오일, [60-27] 사과추출물, [60-28] 락토바실러스발효물, [60-29] 코르크참나무껍질추출물, [60-30] 모란뿌리추출물, [60-31] 오크뿌리추출물, [60-32] 아세틸글루코사민, [60-33] 호호바씨오일, [60-34] 카프릴릭/카프릭트라이글리세라이드, [60-35] 프로필렌글라이콜다이카프레이트, [60-36] 갈고리가시우무추출물, [60-37] 콜레스테롤, [60-38] 소듐스테아로일글루타메이트, [60-39] 프로필렌글라이콜카프릴레이트, [60-40] 코코-카프릴레이트/카프레이트, [60-41] 스쿠알란, [60-42] 에틸헥실글리세린, [60-43] 마트리카리아추출물, [60-44] 보리추출물, [60-45] 밀배아추출물, [60-46] 소듐락테이트, [60-47] 알테로모나스발효추출물, [60-48] 소듐피씨에이, [60-49] 오이열매추출물, [60-50] 슈가켈프추출물, [60-51] 잔탄검, [60-52] 카프릴릴글라이콜, [60-53] 헥실렌글라이콜, [60-54] 향료, [60-55] 테트라소듐이디티에이, [60-56] 비에이치티, [60-57] 포타슘솔베이트, [60-58] 소듐벤조에이트, [60-59] 페녹시에탄올, [60-60] 적색504호"
"A000000155994","포맨트 시그니처 올인원 에센스 96ml","포맨트","96.0","96.0","ml","28900.0","23100","2406.2","정제수, 에칠헥실메톡시신나메이트, 호모살레이트, 비스-에칠헥실옥시페놀메톡시페닐트리아진, 다이프로필렌글라이콜, 다이페닐실록시페닐트라이메티콘, 에칠헥실살리실레이트, 티타늄디옥사이드, 나이아신아마이드, 글리세릴스테아레이트, 부틸옥틸살리실레이트, 폴리글리세릴-2스테아레이트, 스테아릭애씨드, 스테아릴알코올, 부틸렌글라이콜, 사이클로펜타실록세인, 솔비탄세스퀴올리에이트, 아크릴레이트/C10-30알킬아크릴레이트크로스폴리머, 카프릴릴글라이콜, 소듐메틸스테아로일타우레이트, 트로메타민, 펜틸렌글라이콜, 하이드록시아세토페논, 아크릴레이트/에틸헥실아크릴레이트/다이메티콘메타크릴레이트코폴리머, 향료, 트레할로오스, 트라이에톡시실릴에틸폴리다이메틸실록시에틸헥실다이메티콘, 에틸헥실글리세린, 아데노신, 다이소듐이디티에이, 1,2-헥산다이올, 병풀추출물, 아라키딕애씨드, 황금추출물, 호장근뿌리추출물, 팔미틱애씨드, 소듐하이알루로네이트, 트루로즈오브예리코추출물, 스페인감초뿌리추출물, 녹차추출물, 올레익애씨드, 로즈마리잎추출물, 마트리카리아꽃추출물, 대왕송잎추출물, 칡뿌리추출물, 달맞이꽃추출물, 당느릅나무뿌리추출물, 하이드롤라이즈드하이알루로닉애씨드, 하이드록시프로필트라이모늄하이알루로네이트, 소듐하이알루로네이트크로스폴리머, 소듐아세틸레이티드하이알루로네이트, 시트로넬올, 제라니올, 헥실신남알, 리날룰,","","[55-1] 정제수, [55-2] 에칠헥실메톡시신나메이트, [55-3] 호모살레이트, [55-4] 비스-에칠헥실옥시페놀메톡시페닐트리아진, [55-5] 다이프로필렌글라이콜, [55-6] 다이페닐실록시페닐트라이메티콘, [55-7] 에칠헥실살리실레이트, [55-8] 티타늄디옥사이드, [55-9] 나이아신아마이드, [55-10] 글리세릴스테아레이트, [55-11] 부틸옥틸살리실레이트, [55-12] 폴리글리세릴-2스테아레이트, [55-13] 스테아릭애씨드, [55-14] 스테아릴알코올, [55-15] 부틸렌글라이콜, [55-16] 사이클로펜타실록세인, [55-17] 솔비탄세스퀴올리에이트, [55-18] 아크릴레이트/C10-30알킬아크릴레이트크로스폴리머, [55-19] 카프릴릴글라이콜, [55-20] 소듐메틸스테아로일타우레이트, [55-21] 트로메타민, [55-22] 펜틸렌글라이콜, [55-23] 하이드록시아세토페논, [55-24] 아크릴레이트/에틸헥실아크릴레이트/다이메티콘메타크릴레이트코폴리머, [55-25] 향료, [55-26] 트레할로오스, [55-27] 트라이에톡시실릴에틸폴리다이메틸실록시에틸헥실다이메티콘, [55-28] 에틸헥실글리세린, [55-29] 아데노신, [55-30] 다이소듐이디티에이, [55-31] 1,2-헥산다이올, [55-32] 병풀추출물, [55-33] 아라키딕애씨드, [55-34] 황금추출물, [55-35] 호장근뿌리추출물, [55-36] 팔미틱애씨드, [55-37] 소듐하이알루로네이트, [55-38] 트루로즈오브예리코추출물, [55-39] 스페인감초뿌리추출물, [55-40] 녹차추출물, [55-41] 올레익애씨드, [55-42] 로즈마리잎추출물, [55-43] 마트리카리아꽃추출물, [55-44] 대왕송잎추출물, [55-45] 칡뿌리추출물, [55-46] 달맞이꽃추출물, [55-47] 당느릅나무뿌리추출물, [55-48] 하이드롤라이즈드하이알루로닉애씨드, [55-49] 하이드록시프로필트라이모늄하이알루로네이트, [55-50] 소듐하이알루로네이트크로스폴리머, [55-51] 소듐아세틸레이티드하이알루로네이트, [55-52] 시트로넬올, [55-53] 제라니올, [55-54] 헥실신남알, [55-55] 리날룰"
"A000000155995","포맨트 시그니처 올인원 에센스 모이스처 플러스 150ml","포맨트","150.0","150.0","ml","29000.0","23200","1546.7","정제수, 부틸렌글라이콜, 글리세린, 글리세레스-26, 메틸프로판다이올, 나이아신아마이드, 스쿠알란, 폴리글리세릴-4카프레이트, 트레할로오스, 글리세레스-25피씨에이아이소스테아레이트, 아크릴레이트/C10-30알킬아크릴레이트크로스폴리머, 트로메타민, 카프릴릴글라이콜, 암모늄아크릴로일다이메틸타우레이트/베헤네스- 25메타크라일레이트크로스폴리머, 펜틸렌글라이콜, 하이드록시아세토페논, 카프릴릭/카프릭트라이글리세라이드, 다이메티콘/비닐다이메티콘크로스폴리머, 1,2-헥산다이올, 향료, 하이드로제네이티드레시틴, 에틸헥실글리세린, 올리브오일, 아데노신, 시어버터, 소듐하이알루로네이트, 잔탄검, 다이소듐이디티에이, 실리카, 세라마이드엔피, 병풀추출물, 황금추출물, 호장근뿌리추출물, 마트리카리아꽃추출물, 로즈마리잎추출물, 대왕송잎추출물, 칡뿌리추출물, 당느릅나무뿌리추출물, 달맞이꽃추출물, 하이드롤라이즈드하이알루로닉애씨드, 하이드록시프로필트라이모늄하이알루로네이트, 소듐하이알루로네이트크로스폴리머, 소듐아세틸레이티드하이알루로네이트, 팔미토일트라이펩타이드-5, 팔미토일펜타펩타이드-4, 팔미토일트라이펩타이드-1, 팔미토일올리고펩타이드, 팔미토일테트라펩타이드-7, 트라이펩타이드-1, 헥사펩타이드-9, 노나펩타이드-1, 아세틸테트라펩타이드-2, 카퍼트라이펩타이드-1, 아세틸헥사펩타이드-8","","[54-1] 정제수, [54-2] 부틸렌글라이콜, [54-3] 글리세린, [54-4] 글리세레스-26, [54-5] 메틸프로판다이올, [54-6] 나이아신아마이드, [54-7] 스쿠알란, [54-8] 폴리글리세릴-4카프레이트, [54-9] 트레할로오스, [54-10] 글리세레스-25피씨에이아이소스테아레이트, [54-11] 아크릴레이트/C10-30알킬아크릴레이트크로스폴리머, [54-12] 트로메타민, [54-13] 카프릴릴글라이콜, [54-14] 암모늄아크릴로일다이메틸타우레이트/베헤네스- 25메타크라일레이트크로스폴리머, [54-15] 펜틸렌글라이콜, [54-16] 하이드록시아세토페논, [54-17] 카프릴릭/카프릭트라이글리세라이드, [54-18] 다이메티콘/비닐다이메티콘크로스폴리머, [54-19] 1,2-헥산다이올, [54-20] 향료, [54-21] 하이드로제네이티드레시틴, [54-22] 에틸헥실글리세린, [54-23] 올리브오일, [54-24] 아데노신, [54-25] 시어버터, [54-26] 소듐하이알루로네이트, [54-27] 잔탄검, [54-28] 다이소듐이디티에이, [54-29] 실리카, [54-30] 세라마이드엔피, [54-31] 병풀추출물, [54-32] 황금추출물, [54-33] 호장근뿌리추출물, [54-34] 마트리카리아꽃추출물, [54-35] 로즈마리잎추출물, [54-36] 대왕송잎추출물, [54-37] 칡뿌리추출물, [54-38] 당느릅나무뿌리추출물, [54-39] 달맞이꽃추출물, [54-40] 하이드롤라이즈드하이알루로닉애씨드, [54-41] 하이드록시프로필트라이모늄하이알루로네이트, [54-42] 소듐하이알루로네이트크로스폴리머, [54-43] 소듐아세틸레이티드하이알루로네이트, [54-44] 팔미토일트라이펩타이드-5, [54-45] 팔미토일펜타펩타이드-4, [54-46] 팔미토일트라이펩타이드-1, [54-47] 팔미토일올리고펩타이드, [54-48] 팔미토일테트라펩타이드-7, [54-49] 트라이펩타이드-1, [54-50] 헥사펩타이드-9, [54-51] 노나펩타이드-1, [54-52] 아세틸테트라펩타이드-2, [54-53] 카퍼트라이펩타이드-1, [54-54] 아세틸헥사펩타이드-8"
"A000000158113","랩시리즈 올-인-원 훼이스 트리트먼트 50ml","랩시리즈","50.0","50.0","ml","49000.0","41650","8330.0","정제수 , 부틸렌글라이콜 , 스쿠알란 , 프로필렌글라이콜디카프릴레이트/디카프레이트 , 글리세릴스테아레이트에스이 , 메칠메타크릴레이트크로스폴리머 , 하이드로제네이티드레시틴 , 옥틸도데실네오펜타노에이트 , 나일론-12 , 슈크로오스 , 갈고리가시우무추출물 , 겔리디엘라 아세로사추출물 , 희첨추출물 , 호장근추출물 , 슈가켈프추출물 , 포도씨추출물 , 로즈마리추출물 , 호프추출물 , 탄제린껍질추출물 , 석류즙 , 에칠비스이미노메칠구아이아콜망가니스클로라이드 , 아세틸글루코사민 , 아세틸헥사펩타이드-8 , 리놀레닉애씨드 , 소듐하이알루로네이트 , 디메치콘 , 카페인 , 리놀레익애씨드 , 글리세린 , 효모추출물 , 폴리아크릴아마이드 , C13-14이소파라핀 , 포타슘스테아레이트 , 라우레스-7 , 노르디하이드로구아이아레틱애씨드 , 사이클로덱스트린 , p-아니식애씨드 , 향료 , 디소듐이디티에이 , 페녹시에탄올 [ILN39639]","","[39-1] 정제수, [39-2] 부틸렌글라이콜, [39-3] 스쿠알란, [39-4] 프로필렌글라이콜디카프릴레이트/디카프레이트, [39-5] 글리세릴스테아레이트에스이, [39-6] 메칠메타크릴레이트크로스폴리머, [39-7] 하이드로제네이티드레시틴, [39-8] 옥틸도데실네오펜타노에이트, [39-9] 나일론-12, [39-10] 슈크로오스, [39-11] 갈고리가시우무추출물, [39-12] 겔리디엘라 아세로사추출물, [39-13] 희첨추출물, [39-14] 호장근추출물, [39-15] 슈가켈프추출물, [39-16] 포도씨추출물, [39-17] 로즈마리추출물, [39-18] 호프추출물, [39-19] 탄제린껍질추출물, [39-20] 석류즙, [39-21] 에칠비스이미노메칠구아이아콜망가니스클로라이드, [39-22] 아세틸글루코사민, [39-23] 아세틸헥사펩타이드-8, [39-24] 리놀레닉애씨드, [39-25] 소듐하이알루로네이트, [39-26] 디메치콘, [39-27] 카페인, [39-28] 리놀레익애씨드, [39-29] 글리세린, [39-30] 효모추출물, [39-31] 폴리아크릴아마이드, [39-32] C13-14이소파라핀, [39-33] 포타슘스테아레이트, [39-34] 라우레스-7, [39-35] 노르디하이드로구아이아레틱애씨드, [39-36] 사이클로덱스트린, [39-37] p-아니식애씨드, [39-38] 향료, [39-39] 디소듐이디티에이"
"A000000161776","[단독기획] 우르오스 중건성 페이셜케어 기획세트(스킨밀크200ml+페이스워시100g)","우르오스","200.0","200.0","ml","42900.0","34320","1716.0","<우르오스 올인원 스킨밀크 200ml>
정제수, 글리세린, 하이드로제네이티드폴리(C6-12올레핀), 에탄올, 폴리글리세릴-10아이소스테아레이트, 아데노신포스페이트, 하이드록시프로필사이클로덱스트린, 아크릴레이트/C10-30알킬아크릴레이트크로스폴리머, 부틸렌글라이콜, 글리세릴카프릴레이트, 폴리글리세릴-10스테아레이트, 소듐아이소스테아로일락테이트, 소듐락테이트, 소듐하이드록사이드, 클로브꽃추출물, 사철쑥꽃추출물, 스타아니스열매/씨오일, 서양측백나무잎오일, 아틀라스시다나무껍질오일, 라반딘오일, 라임전초오일, 페퍼민트오일, 구주소나무잎오일, 로즈마리잎오일, 터펜틴, 리날룰, 리모넨

<우르오스 페이스워시100g>
정제수, 라우릴포스페이트, 페트롤레움다이스틸레이트,  메틸글루세스-10, 솔비톨, 소듐코코암포아세테이트, 포타슘하이드록사이드, 데실글루코사이드, 소듐라우레스-11카복실레이트, 다이프로필렌글라이콜, 폴리쿼터늄-50, 피이지-160솔비탄트라이아이소스테아레이트, 에틸헥실글리세린, 페녹시에탄올, 피이지-65M, 스타아니스열매/씨오일, 서양측백나무잎오일, 아틀라스시다나무껍질오일, 라반딘오일, 라임전초오일, 페퍼민트오일, 구주소나무잎오일, 로즈마리잎오일, 터펜틴, 레몬껍질오일, 메톡시메틸부탄올, 다이소듐이디티에이, 리모넨","","[54-1] 정제수, [54-2] 글리세린, [54-3] 하이드로제네이티드폴리(C6-12올레핀), [54-4] 에탄올, [54-5] 폴리글리세릴-10아이소스테아레이트, [54-6] 아데노신포스페이트, [54-7] 하이드록시프로필사이클로덱스트린, [54-8] 아크릴레이트/C10-30알킬아크릴레이트크로스폴리머, [54-9] 부틸렌글라이콜, [54-10] 글리세릴카프릴레이트, [54-11] 폴리글리세릴-10스테아레이트, [54-12] 소듐아이소스테아로일락테이트, [54-13] 소듐락테이트, [54-14] 소듐하이드록사이드, [54-15] 클로브꽃추출물, [54-16] 사철쑥꽃추출물, [54-17] 스타아니스열매/씨오일, [54-18] 서양측백나무잎오일, [54-19] 아틀라스시다나무껍질오일, [54-20] 라반딘오일, [54-21] 라임전초오일, [54-22] 페퍼민트오일, [54-23] 구주소나무잎오일, [54-24] 로즈마리잎오일, [54-25] 터펜틴, [54-26] 리날룰, [54-27] 정제수, [54-28] 라우릴포스페이트, [54-29] 페트롤레움다이스틸레이트, [54-30] 메틸글루세스-10, [54-31] 솔비톨, [54-32] 소듐코코암포아세테이트, [54-33] 포타슘하이드록사이드, [54-34] 데실글루코사이드, [54-35] 소듐라우레스-11카복실레이트, [54-36] 다이프로필렌글라이콜, [54-37] 폴리쿼터늄-50, [54-38] 피이지-160솔비탄트라이아이소스테아레이트, [54-39] 에틸헥실글리세린, [54-40] 페녹시에탄올, [54-41] 피이지-65M, [54-42] 스타아니스열매/씨오일, [54-43] 서양측백나무잎오일, [54-44] 아틀라스시다나무껍질오일, [54-45] 라반딘오일, [54-46] 라임전초오일, [54-47] 페퍼민트오일, [54-48] 구주소나무잎오일, [54-49] 로즈마리잎오일, [54-50] 터펜틴, [54-51] 레몬껍질오일, [54-52] 메톡시메틸부탄올, [54-53] 다이소듐이디티에이, [54-54] 리모넨"
"A000000161777","[단독특가] 우르오스 지복합성 페이셜케어 기획세트(스킨로션200ml+페이스워시100g)","우르오스","200.0","200.0","ml","42900.0","34320","1716.0","<우르오스 올인원 스킨로션 200ml>
정제수, 에탄올, 펜틸렌글라이콜, 글리세린, 베타인, 피이지-6, 피이지-32, 아데노신포스페이트, 소듐하이드록사이드, 소듐다이라우미도글루타미드라이신, 피피지-6-데실테트라데세스-30, 알진, 시트릭애씨드, 소듐하이알루로네이트, 스타아니스열매/씨오일, 서양측백나무잎오일, 아틀라스시다나무껍질오일, 라반딘오일, 라임전초오일, 페퍼민트오일, 구주소나무잎오일, 로즈마리잎오일, 페녹시에탄올, 터펜틴, 리날룰

<우르오스 페이스워시100g>
정제수,라우릴포스페이트,페트롤리움디스틸레이트,메칠글루세스-10,소르비톨,포타슘하이드록사이드,소듐코코암포아세테이트,디프로필렌글라이콜,데실글루코사이드,라우레스-11카보실릭애씨드,폴리쿼터늄-50,피이지-160소르비탄트리이소스테아레이트,페녹시에탄올,피이지-65M,디소듐이디티에이,팔각화향열매/씨오일,서양측백나무잎오일,아틀라스시다껍질오일,라반딘오일,라임오일,페퍼민트오일,구주소나무잎오일,로즈마리잎오일,터펜틴,레몬껍질오일,리모넨","","[50-1] 정제수, [50-2] 에탄올, [50-3] 펜틸렌글라이콜, [50-4] 글리세린, [50-5] 베타인, [50-6] 피이지-6, [50-7] 피이지-32, [50-8] 아데노신포스페이트, [50-9] 소듐하이드록사이드, [50-10] 소듐다이라우미도글루타미드라이신, [50-11] 피피지-6-데실테트라데세스-30, [50-12] 알진, [50-13] 시트릭애씨드, [50-14] 소듐하이알루로네이트, [50-15] 스타아니스열매/씨오일, [50-16] 서양측백나무잎오일, [50-17] 아틀라스시다나무껍질오일, [50-18] 라반딘오일, [50-19] 라임전초오일, [50-20] 페퍼민트오일, [50-21] 구주소나무잎오일, [50-22] 로즈마리잎오일, [50-23] 페녹시에탄올, [50-24] 터펜틴, [50-25] 정제수, [50-26] 라우릴포스페이트, [50-27] 페트롤리움디스틸레이트, [50-28] 메칠글루세스-10, [50-29] 소르비톨, [50-30] 포타슘하이드록사이드, [50-31] 소듐코코암포아세테이트, [50-32] 디프로필렌글라이콜, [50-33] 데실글루코사이드, [50-34] 라우레스-11카보실릭애씨드, [50-35] 폴리쿼터늄-50, [50-36] 피이지-160소르비탄트리이소스테아레이트, [50-37] 페녹시에탄올, [50-38] 피이지-65M, [50-39] 디소듐이디티에이, [50-40] 팔각화향열매/씨오일, [50-41] 서양측백나무잎오일, [50-42] 아틀라스시다껍질오일, [50-43] 라반딘오일, [50-44] 라임오일, [50-45] 페퍼민트오일, [50-46] 구주소나무잎오일, [50-47] 로즈마리잎오일, [50-48] 터펜틴, [50-49] 레몬껍질오일, [50-50] 리모넨"
"A000000161778","[단독특가] 우르오스 페이셜케어 기획세트 중건성&지복합성 2종 택1","우르오스","","","","42900.0","34320","","<우르오스 올인원 스킨밀크 200ml>
정제수, 글리세린, 하이드로제네이티드폴리(C6-12올레핀), 에탄올, 폴리글리세릴-10아이소스테아레이트, 아데노신포스페이트, 하이드록시프로필사이클로덱스트린, 아크릴레이트/C10-30알킬아크릴레이트크로스폴리머, 부틸렌글라이콜, 글리세릴카프릴레이트, 폴리글리세릴-10스테아레이트, 소듐아이소스테아로일락테이트, 소듐락테이트, 소듐하이드록사이드, 클로브꽃추출물, 사철쑥꽃추출물, 스타아니스열매/씨오일, 서양측백나무잎오일, 아틀라스시다나무껍질오일, 라반딘오일, 라임전초오일, 페퍼민트오일, 구주소나무잎오일, 로즈마리잎오일, 터펜틴, 리날룰, 리모넨

<우르오스 올인원 스킨로션 200ml>
정제수, 에탄올, 펜틸렌글라이콜, 글리세린, 베타인, 피이지-6, 피이지-32, 아데노신포스페이트, 소듐하이드록사이드, 소듐다이라우미도글루타미드라이신, 피피지-6-데실테트라데세스-30, 알진, 시트릭애씨드, 소듐하이알루로네이트, 스타아니스열매/씨오일, 서양측백나무잎오일, 아틀라스시다나무껍질오일, 라반딘오일, 라임전초오일, 페퍼민트오일, 구주소나무잎오일, 로즈마리잎오일, 페녹시에탄올, 터펜틴, 리날룰

<우르오스 페이스워시100g>
정제수, 라우릴포스페이트, 페트롤레움다이스틸레이트,  메틸글루세스-10, 솔비톨, 소듐코코암포아세테이트, 포타슘하이드록사이드, 데실글루코사이드, 소듐라우레스-11카복실레이트, 다이프로필렌글라이콜, 폴리쿼터늄-50, 피이지-160솔비탄트라이아이소스테아레이트, 에틸헥실글리세린, 페녹시에탄올, 피이지-65M, 스타아니스열매/씨오일, 서양측백나무잎오일, 아틀라스시다나무껍질오일, 라반딘오일, 라임전초오일, 페퍼민트오일, 구주소나무잎오일, 로즈마리잎오일, 터펜틴, 레몬껍질오일, 메톡시메틸부탄올, 다이소듐이디티에이, 리모넨","","[78-1] 정제수, [78-2] 글리세린, [78-3] 하이드로제네이티드폴리(C6-12올레핀), [78-4] 에탄올, [78-5] 폴리글리세릴-10아이소스테아레이트, [78-6] 아데노신포스페이트, [78-7] 하이드록시프로필사이클로덱스트린, [78-8] 아크릴레이트/C10-30알킬아크릴레이트크로스폴리머, [78-9] 부틸렌글라이콜, [78-10] 글리세릴카프릴레이트, [78-11] 폴리글리세릴-10스테아레이트, [78-12] 소듐아이소스테아로일락테이트, [78-13] 소듐락테이트, [78-14] 소듐하이드록사이드, [78-15] 클로브꽃추출물, [78-16] 사철쑥꽃추출물, [78-17] 스타아니스열매/씨오일, [78-18] 서양측백나무잎오일, [78-19] 아틀라스시다나무껍질오일, [78-20] 라반딘오일, [78-21] 라임전초오일, [78-22] 페퍼민트오일, [78-23] 구주소나무잎오일, [78-24] 로즈마리잎오일, [78-25] 터펜틴, [78-26] 리날룰, [78-27] 정제수, [78-28] 에탄올, [78-29] 펜틸렌글라이콜, [78-30] 글리세린, [78-31] 베타인, [78-32] 피이지-6, [78-33] 피이지-32, [78-34] 아데노신포스페이트, [78-35] 소듐하이드록사이드, [78-36] 소듐다이라우미도글루타미드라이신, [78-37] 피피지-6-데실테트라데세스-30, [78-38] 알진, [78-39] 시트릭애씨드, [78-40] 소듐하이알루로네이트, [78-41] 스타아니스열매/씨오일, [78-42] 서양측백나무잎오일, [78-43] 아틀라스시다나무껍질오일, [78-44] 라반딘오일, [78-45] 라임전초오일, [78-46] 페퍼민트오일, [78-47] 구주소나무잎오일, [78-48] 로즈마리잎오일, [78-49] 페녹시에탄올, [78-50] 터펜틴, [78-51] 정제수, [78-52] 라우릴포스페이트, [78-53] 페트롤레움다이스틸레이트, [78-54] 메틸글루세스-10, [78-55] 솔비톨, [78-56] 소듐코코암포아세테이트, [78-57] 포타슘하이드록사이드, [78-58] 데실글루코사이드, [78-59] 소듐라우레스-11카복실레이트, [78-60] 다이프로필렌글라이콜, [78-61] 폴리쿼터늄-50, [78-62] 피이지-160솔비탄트라이아이소스테아레이트, [78-63] 에틸헥실글리세린, [78-64] 페녹시에탄올, [78-65] 피이지-65M, [78-66] 스타아니스열매/씨오일, [78-67] 서양측백나무잎오일, [78-68] 아틀라스시다나무껍질오일, [78-69] 라반딘오일, [78-70] 라임전초오일, [78-71] 페퍼민트오일, [78-72] 구주소나무잎오일, [78-73] 로즈마리잎오일, [78-74] 터펜틴, [78-75] 레몬껍질오일, [78-76] 메톡시메틸부탄올, [78-77] 다이소듐이디티에이, [78-78] 리모넨"
"A000000162054","[보습장벽] 라네즈 워터뱅크 블루히알루로닉 에멀젼(중건성) 120ml","라네즈","120.0","120.0","ml","36000.0","28800","2400.0","정제수, 부틸렌글라이콜, 하이드로제네이티드폴리(C6-14올레핀), 세틸에틸헥사노에이트, 비스-하이드록시에톡시프로필다이메티콘, 카프릴릭/카프릭트라이글리세라이드, 글리세린, 수크로오스스테아레이트, 1,2-헥산다이올, 다이아이소스테아릴말레이트, 시어버터, 글리세릴스테아레이트, 세테아릴알코올, 판테놀, 스테아릭애씨드, 팔미틱애씨드, 프로판다이올, 나이아신아마이드, 카보머, 향료, 카프릴릴글라이콜, 트로메타민, 덱스트린, 에틸헥실글리세린, 다이소듐이디티에이, 하이드롤라이즈드하이알루로닉애씨드(0.02%), 베타-글루칸, 미리스틱애씨드, 아라키딕애씨드, 락토바실러스발효용해물, 토코페롤, 미역추출물","","[32-1] 정제수, [32-2] 부틸렌글라이콜, [32-3] 하이드로제네이티드폴리(C6-14올레핀), [32-4] 세틸에틸헥사노에이트, [32-5] 비스-하이드록시에톡시프로필다이메티콘, [32-6] 카프릴릭/카프릭트라이글리세라이드, [32-7] 글리세린, [32-8] 수크로오스스테아레이트, [32-9] 1,2-헥산다이올, [32-10] 다이아이소스테아릴말레이트, [32-11] 시어버터, [32-12] 글리세릴스테아레이트, [32-13] 세테아릴알코올, [32-14] 판테놀, [32-15] 스테아릭애씨드, [32-16] 팔미틱애씨드, [32-17] 프로판다이올, [32-18] 나이아신아마이드, [32-19] 카보머, [32-20] 향료, [32-21] 카프릴릴글라이콜, [32-22] 트로메타민, [32-23] 덱스트린, [32-24] 에틸헥실글리세린, [32-25] 다이소듐이디티에이, [32-26] 하이드롤라이즈드하이알루로닉애씨드(0.02%), [32-27] 베타-글루칸, [32-28] 미리스틱애씨드, [32-29] 아라키딕애씨드, [32-30] 락토바실러스발효용해물, [32-31] 토코페롤, [32-32] 미역추출물"
"A000000163494","[박재훈PICK/수분진정] 라운드랩 포 맨 자작나무 수분 로션 200ml","라운드랩","200.0","200.0","ml","","24000","1200.0","정제수, 부틸렌글라이콜, 글리세린, 아이소노닐아이소노나노에이트, 자작나무수액(10,967ppm), 베타인, 스쿠알란, 하이드로제네이티드폴리(C6-14올레핀), 글리세릴글루코사이드, 다이포타슘글리시리제이트, 알란토인, 쇠비름추출물, 감나무잎추출물, 포도추출물, 잇꽃꽃추출물, 커피콩추출물, 호장근뿌리추출물, 밤껍질추출물, 초피나무열매추출물, 녹차추출물, 소듐하이알루로네이트, 하이알루로닉애씨드, 아스코빅애씨드, 치자추출물, 토코페롤, 에틸헥실글리세린, 다이프로필렌글라이콜, 세테아릴올리베이트, 하이드록시에틸아크릴레이트/소듐아크릴로일다이메틸타우레이트코폴리머, 솔비탄올리베이트, 하이드록시아세토페논, 암모늄아크릴로일다이메틸타우레이트/브이피코폴리머, 카프릴릴글라이콜, 솔비탄아이소스테아레이트, 덱스트린, 글리세릴카프릴레이트, 1,2-헥산다이올, 다이소듐이디티에이","","[39-1] 정제수, [39-2] 부틸렌글라이콜, [39-3] 글리세린, [39-4] 아이소노닐아이소노나노에이트, [39-5] 자작나무수액(10, [39-6] 967ppm), [39-7] 베타인, [39-8] 스쿠알란, [39-9] 하이드로제네이티드폴리(C6-14올레핀), [39-10] 글리세릴글루코사이드, [39-11] 다이포타슘글리시리제이트, [39-12] 알란토인, [39-13] 쇠비름추출물, [39-14] 감나무잎추출물, [39-15] 포도추출물, [39-16] 잇꽃꽃추출물, [39-17] 커피콩추출물, [39-18] 호장근뿌리추출물, [39-19] 밤껍질추출물, [39-20] 초피나무열매추출물, [39-21] 녹차추출물, [39-22] 소듐하이알루로네이트, [39-23] 하이알루로닉애씨드, [39-24] 아스코빅애씨드, [39-25] 치자추출물, [39-26] 토코페롤, [39-27] 에틸헥실글리세린, [39-28] 다이프로필렌글라이콜, [39-29] 세테아릴올리베이트, [39-30] 하이드록시에틸아크릴레이트/소듐아크릴로일다이메틸타우레이트코폴리머, [39-31] 솔비탄올리베이트, [39-32] 하이드록시아세토페논, [39-33] 암모늄아크릴로일다이메틸타우레이트/브이피코폴리머, [39-34] 카프릴릴글라이콜, [39-35] 솔비탄아이소스테아레이트, [39-36] 덱스트린, [39-37] 글리세릴카프릴레이트, [39-38] 1,2-헥산다이올, [39-39] 다이소듐이디티에이"
"A000000165551","라끄베르 옴므 리차지 올인원 에센스 150ml 기획 (+30ml 증정)","라끄베르","150.0","180.0","ml","29000.0","19900","1105.6","정제수, 글리세린, 1,2-헥산다이올, 다이프로필렌글라이콜, 에틸아이소스테아레이트, 글리세레스-26, 나이아신아마이드, 비스-피이지-18메틸에터다이메틸실레인, 하이드로제네이티드폴리데센, 아크릴레이트/C10-30알킬아크릴레이트크로스폴리머, 트로메타민, 마카뿌리추출물, 잔탄검, 변성알코올, 아데노신, 트라이소듐이디티에이, 솔비톨, 귤껍질추출물, 조류추출물, 페녹시에탄올, 포타슘솔베이트, 향료, 리날룰, 리모넨, 벤질벤조에이트, 알파-아이소메틸아이오논","","[26-1] 정제수, [26-2] 글리세린, [26-3] 1,2-헥산다이올, [26-4] 다이프로필렌글라이콜, [26-5] 에틸아이소스테아레이트, [26-6] 글리세레스-26, [26-7] 나이아신아마이드, [26-8] 비스-피이지-18메틸에터다이메틸실레인, [26-9] 하이드로제네이티드폴리데센, [26-10] 아크릴레이트/C10-30알킬아크릴레이트크로스폴리머, [26-11] 트로메타민, [26-12] 마카뿌리추출물, [26-13] 잔탄검, [26-14] 변성알코올, [26-15] 아데노신, [26-16] 트라이소듐이디티에이, [26-17] 솔비톨, [26-18] 귤껍질추출물, [26-19] 조류추출물, [26-20] 페녹시에탄올, [26-21] 포타슘솔베이트, [26-22] 향료, [26-23] 리날룰, [26-24] 리모넨, [26-25] 벤질벤조에이트, [26-26] 알파-아이소메틸아이오논"
"A000000166427","랩시리즈 올인원 디펜스 로션 SPF35 PA++++ 50ml","랩시리즈","50.0","50.0","ml","58000.0","49300","9860.0","정제수,호모살레이트,에칠헥실살리실레이트,부틸옥틸살리실레이트,옥토크릴렌,부틸메톡시디벤조일메탄,나일론-12,옥틸도데실네오펜타노에이트,베헤닐알코올,다이메티콘,글리세린,미리스틸미리스테이트,세틸에스터,폴리에틸렌,부틸렌글라이콜,글리세릴스테아레이트,피이지-100스테아레이트,피이지-6,암모늄아크릴로일다이메틸타우레이트/브이피코폴리머,제주진득찰추출물,테르무스 테르모필루스발효물,스쿠알란,트루로즈오브예리코추출물,밀배아추출물,보리추출물,만주자작나무껍질추출물,슈가켈프추출물,퉁퉁마디추출물,효모용해추출물,아세틸헥사펩타이드-8,바이오사카라이드검-4,카페인,다이포타슘글리시리제이트,콜레스테롤,소듐피씨에이,수크로오스,리놀레익애씨드,트레할로오스,조류추출물,트라이실록세인,소듐하이알루로네이트,폴리쿼터늄-51,락토바실러스발효물,디-피피지-2미레스-10아디페이트,스테아레스-21,토코페릴아세테이트,미리스틸라우레이트,향료,카프릴릴글라이콜,미리스틸알코올,우레아,헥실렌글라이콜,소듐데하이드로아세테이트,다이소듐이디티에이,비에이치티,페녹시에탄올  *제공된 성분은 동일 제품이라도 경우에 따라 변경될 수 있습니다. 최신정보는 제품 포장의 성분을 참고하시거나 본사 고객관리지원팀으로 연락 부탁 드립니다.","","[56-1] 정제수, [56-2] 호모살레이트, [56-3] 에칠헥실살리실레이트, [56-4] 부틸옥틸살리실레이트, [56-5] 옥토크릴렌, [56-6] 부틸메톡시디벤조일메탄, [56-7] 나일론-12, [56-8] 옥틸도데실네오펜타노에이트, [56-9] 베헤닐알코올, [56-10] 다이메티콘, [56-11] 글리세린, [56-12] 미리스틸미리스테이트, [56-13] 세틸에스터, [56-14] 폴리에틸렌, [56-15] 부틸렌글라이콜, [56-16] 글리세릴스테아레이트, [56-17] 피이지-100스테아레이트, [56-18] 피이지-6, [56-19] 암모늄아크릴로일다이메틸타우레이트/브이피코폴리머, [56-20] 제주진득찰추출물, [56-21] 테르무스 테르모필루스발효물, [56-22] 스쿠알란, [56-23] 트루로즈오브예리코추출물, [56-24] 밀배아추출물, [56-25] 보리추출물, [56-26] 만주자작나무껍질추출물, [56-27] 슈가켈프추출물, [56-28] 퉁퉁마디추출물, [56-29] 효모용해추출물, [56-30] 아세틸헥사펩타이드-8, [56-31] 바이오사카라이드검-4, [56-32] 카페인, [56-33] 다이포타슘글리시리제이트, [56-34] 콜레스테롤, [56-35] 소듐피씨에이, [56-36] 수크로오스, [56-37] 리놀레익애씨드, [56-38] 트레할로오스, [56-39] 조류추출물, [56-40] 트라이실록세인, [56-41] 소듐하이알루로네이트, [56-42] 폴리쿼터늄-51, [56-43] 락토바실러스발효물, [56-44] 디-피피지-2미레스-10아디페이트, [56-45] 스테아레스-21, [56-46] 토코페릴아세테이트, [56-47] 미리스틸라우레이트, [56-48] 향료, [56-49] 카프릴릴글라이콜, [56-50] 미리스틸알코올, [56-51] 우레아, [56-52] 헥실렌글라이콜, [56-53] 소듐데하이드로아세테이트, [56-54] 다이소듐이디티에이, [56-55] 비에이치티, [56-56] 페녹시에탄올  *제공된 성분은 동일 제품이라도 경우에 따라 변경될 수 있습니다. 최신정보는 제품 포장의 성분을 참고하시거나 본사 고객관리지원팀으로 연락 부탁 드립니다."
"A000000166474","크리니크 포맨 오일-프리 모이스춰라이저 100ml","크리니크","100.0","100.0","ml","61000.0","51850","5185.0","정제수, 이소도데칸, 부틸렌글라이콜, 폴리프로필렌, 디메치콘, 비스-피이지-18메칠에텔디메칠실란, 글리세린, 암모늄아크릴로일디메칠타우레이트/브이피코폴리머, 호장근추출물, 오이추출물, 슈가켈프추출물, 보리추출물, 효모용해추출물, 락토바실러스발효물, 해바라기씨드케이크, 카페인, 소듐하이알루로네이트, 트레할로스, 올레스-10, 카프릴릴글라이콜, 폴리실리콘-11, 토코페릴아세테이트, 프로필렌글라이콜디카프레이트, 헥실렌글라이콜, 라우레스-23, 트로메타민, 라우레스-4, 아크릴레이트/C10-30알킬아크릴레이트크로스폴리머, 실리카, 디소듐이디티에이, 페녹시에탄올, 황색5호, 적색504호, 황색4호 (iln41418)

*제공된 성분은 동일 제품이라도 경우에 따라 변경될 수 있습니다. 최신정보는 제품 포장의 성분을 참고하시거나 본사 고객관리지원팀으로 연락 부탁 드립니다.","","[34-1] 정제수, [34-2] 이소도데칸, [34-3] 부틸렌글라이콜, [34-4] 폴리프로필렌, [34-5] 디메치콘, [34-6] 비스-피이지-18메칠에텔디메칠실란, [34-7] 글리세린, [34-8] 암모늄아크릴로일디메칠타우레이트/브이피코폴리머, [34-9] 호장근추출물, [34-10] 오이추출물, [34-11] 슈가켈프추출물, [34-12] 보리추출물, [34-13] 효모용해추출물, [34-14] 락토바실러스발효물, [34-15] 해바라기씨드케이크, [34-16] 카페인, [34-17] 소듐하이알루로네이트, [34-18] 트레할로스, [34-19] 올레스-10, [34-20] 카프릴릴글라이콜, [34-21] 폴리실리콘-11, [34-22] 토코페릴아세테이트, [34-23] 프로필렌글라이콜디카프레이트, [34-24] 헥실렌글라이콜, [34-25] 라우레스-23, [34-26] 트로메타민, [34-27] 라우레스-4, [34-28] 아크릴레이트/C10-30알킬아크릴레이트크로스폴리머, [34-29] 실리카, [34-30] 디소듐이디티에이, [34-31] 페녹시에탄올, [34-32] 황색5호, [34-33] 적색504호, [34-34] *제공된 성분은 동일 제품이라도 경우에 따라 변경될 수 있습니다. 최신정보는 제품 포장의 성분을 참고하시거나 본사 고객관리지원팀으로 연락 부탁 드립니다."
"A000000166822","[피지저격/진정케어] 아크네스 포맨 퍼펙트 올인원 크림 200ml","아크네스","200.0","200.0","ml","28000.0","16800","840.0","정제수, 글리세린, 에틸헥실스테아레이트, 1,2-헥산다이올, 세테아릴알코올, 나이아신아마이드, 페닐트라이메티콘, 폴리글리세릴-3다이스테아레이트, 운데케인, 메틸트라이메티콘, 다시마추출물, 한련초잎추출물, 병풀추출물, 무화과추출물, 올레라케아아크멜라추출물, 프랑스해안송껍질/싹추출물, 당느릅나무뿌리추출물, 줄맨드라미씨추출물, 삼나무잎추출물, 연꽃잎추출물, 작약나무껍질/수액추출물, 프랑스해안송껍질추출물, 하이드로제네이티드레시틴, 해바라기씨오일, 소듐하이알루로네이트, 트라이데케인, 글리세릴스테아레이트, 부틸렌글라이콜, 소듐스테아로일글루타메이트, 카보머, 알지닌, 글리세릴스테아레이트시트레이트, 베타인, 아데노신, 베헤닐알코올, 다이소듐이디티에이, 글리세릴스테아레이트에스이, 알란토인, 프룩토올리고사카라이드, 사카라이드아이소머레이트, 베타-글루칸, 콜레스테롤, 효모발효여과물, 세라마이드엔피, 하이드롤라이즈드하이알루로닉애씨드, 에틸헥실팔미테이트, 토코페롤, 자일리틸글루코사이드, 안하이드로자일리톨, 자일리톨, 글루코노락톤, 마데카소사이드, 소듐시트레이트, 시트릭애씨드, 글루코오스, 트라이하이드록시스테아린, 글루코만난, 에틸헥실글리세린","","[58-1] 정제수, [58-2] 글리세린, [58-3] 에틸헥실스테아레이트, [58-4] 1,2-헥산다이올, [58-5] 세테아릴알코올, [58-6] 나이아신아마이드, [58-7] 페닐트라이메티콘, [58-8] 폴리글리세릴-3다이스테아레이트, [58-9] 운데케인, [58-10] 메틸트라이메티콘, [58-11] 다시마추출물, [58-12] 한련초잎추출물, [58-13] 병풀추출물, [58-14] 무화과추출물, [58-15] 올레라케아아크멜라추출물, [58-16] 프랑스해안송껍질/싹추출물, [58-17] 당느릅나무뿌리추출물, [58-18] 줄맨드라미씨추출물, [58-19] 삼나무잎추출물, [58-20] 연꽃잎추출물, [58-21] 작약나무껍질/수액추출물, [58-22] 프랑스해안송껍질추출물, [58-23] 하이드로제네이티드레시틴, [58-24] 해바라기씨오일, [58-25] 소듐하이알루로네이트, [58-26] 트라이데케인, [58-27] 글리세릴스테아레이트, [58-28] 부틸렌글라이콜, [58-29] 소듐스테아로일글루타메이트, [58-30] 카보머, [58-31] 알지닌, [58-32] 글리세릴스테아레이트시트레이트, [58-33] 베타인, [58-34] 아데노신, [58-35] 베헤닐알코올, [58-36] 다이소듐이디티에이, [58-37] 글리세릴스테아레이트에스이, [58-38] 알란토인, [58-39] 프룩토올리고사카라이드, [58-40] 사카라이드아이소머레이트, [58-41] 베타-글루칸, [58-42] 콜레스테롤, [58-43] 효모발효여과물, [58-44] 세라마이드엔피, [58-45] 하이드롤라이즈드하이알루로닉애씨드, [58-46] 에틸헥실팔미테이트, [58-47] 토코페롤, [58-48] 자일리틸글루코사이드, [58-49] 안하이드로자일리톨, [58-50] 자일리톨, [58-51] 글루코노락톤, [58-52] 마데카소사이드, [58-53] 소듐시트레이트, [58-54] 시트릭애씨드, [58-55] 글루코오스, [58-56] 트라이하이드록시스테아린, [58-57] 글루코만난, [58-58] 에틸헥실글리세린"
"A000000169182","피지오겔 DMT 포맨 플루이드 100ml (단품/기획)","피지오겔","100.0","100.0","ml","35000.0","28000","2800.0","정제수, 글리세린, 부틸렌글라이콜, 카프릴릴메티콘, 트레할로오스, 1,2-헥산다이올, 하이드로제네이티드폴리(C6-14올레핀), 다이페닐실록시페닐트라이메티콘, 하이드록시에틸우레아, 하이드로제네이티드레시틴, 아크릴레이트/C10-30알킬아크릴레이트크로스폴리머, 암모늄아크릴로일다이메틸타우레이트/브이피코폴리머, 다이메티콘/페닐비닐다이메티콘크로스폴리머, 트로메타민, 나이아신아마이드, 판테놀, 글리세릴아크릴레이트/아크릴릭애씨드코폴리머, 트라이소듐이디티에이, 베타-글루칸, 카프릴릭/카프릭트라이글리세라이드, 스쿠알란, 병풀추출물, 하이드롤라이즈드소듐하이알루로네이트, 다이포타슘글리시리제이트, 세라마이드엔피, 카퍼트라이펩타이드-1","","[26-1] 정제수, [26-2] 글리세린, [26-3] 부틸렌글라이콜, [26-4] 카프릴릴메티콘, [26-5] 트레할로오스, [26-6] 1,2-헥산다이올, [26-7] 하이드로제네이티드폴리(C6-14올레핀), [26-8] 다이페닐실록시페닐트라이메티콘, [26-9] 하이드록시에틸우레아, [26-10] 하이드로제네이티드레시틴, [26-11] 아크릴레이트/C10-30알킬아크릴레이트크로스폴리머, [26-12] 암모늄아크릴로일다이메틸타우레이트/브이피코폴리머, [26-13] 다이메티콘/페닐비닐다이메티콘크로스폴리머, [26-14] 트로메타민, [26-15] 나이아신아마이드, [26-16] 판테놀, [26-17] 글리세릴아크릴레이트/아크릴릭애씨드코폴리머, [26-18] 트라이소듐이디티에이, [26-19] 베타-글루칸, [26-20] 카프릴릭/카프릭트라이글리세라이드, [26-21] 스쿠알란, [26-22] 병풀추출물, [26-23] 하이드롤라이즈드소듐하이알루로네이트, [26-24] 다이포타슘글리시리제이트, [26-25] 세라마이드엔피, [26-26] 카퍼트라이펩타이드-1"
"A000000170034","라네즈옴므 크림스킨 옴므 올인원 150ml 기획 (+25+25ml)","라네즈","150.0","200.0","ml","28000.0","19600","980.0","정제수, 글리세린, 부틸렌글라이콜, 메도우폼씨오일, 에탄올, 1,2-헥산다이올, 폴리글리세릴-10스테아레이트, 에리스리톨, 글리세릴스테아레이트시트레이트, 소듐스테아로일글루타메이트, 약모밀추출물, 이눌린라우릴카바메이트, 글리세릴카프릴레이트, 에틸헥실글리세린, 프로판다이올, 다이소듐이디티에이, 멘톡시프로판다이올, 녹차추출물, 토코페롤","","[19-1] 정제수, [19-2] 글리세린, [19-3] 부틸렌글라이콜, [19-4] 메도우폼씨오일, [19-5] 에탄올, [19-6] 1,2-헥산다이올, [19-7] 폴리글리세릴-10스테아레이트, [19-8] 에리스리톨, [19-9] 글리세릴스테아레이트시트레이트, [19-10] 소듐스테아로일글루타메이트, [19-11] 약모밀추출물, [19-12] 이눌린라우릴카바메이트, [19-13] 글리세릴카프릴레이트, [19-14] 에틸헥실글리세린, [19-15] 프로판다이올, [19-16] 다이소듐이디티에이, [19-17] 멘톡시프로판다이올, [19-18] 녹차추출물, [19-19] 토코페롤"
"A000000173672","미프 비타맥스 올인원 로션 리필 세트 기획 (본품 200ml+리필 150ml*2ea)","미프","200.0","350.0","ml","34900.0","32900","940.0","전성분 정제수, 부틸렌글라이콜, 글리세린, 스쿠알란, 판테놀[Vitamin B 2.51%], 나이아신아마이드
[Vitamin B 2.00%],
펜타에리스리틸테트라에틸헥사노에이트, 하이드록시에틸우레아, 폴리글리세릴-3
메틸글루코오스다이스테아레이트, 다이프로필렌글라이콜, 에틸헥실올리베이트,
하이드로제네이티드레시틴, 폴리글리세릴-10스테아레이트, 베타-카로틴 [Vitamin A 0.000001%],
이노시톨[Vitamin B 0.0001%], 티아민에이치씨엘[Vitamin B 0.000001%],
리보플라빈[Vitamin B 0.000001%], 피리독신[Vitamin B 0.0001%], 바이오틴[Vitamin B 0.0001%],
폴릭애씨드[Vitamin B 0.0001%], 사이아노코발아민[Vitamin B 0.00001%], 
소듐아스코빌포스페이트[Vitamin C 0.005%], 아스코빌팔미테이트[Vitamin C 0.0000003%],
토코페릴아세테이트[Vitamin E 0.5%], 토코페롤[Vitamin E 0.00001%], 리놀레익애씨드
[Vitamin F 0.000001%], 글리세릴리놀리에이트[Vitamin F 0.0007497%], 글리세릴
리놀리네이트[Vitamin F 0.00015%], 하이드롤라이즈드식물성단백질, 말토덱스트린, 글루코오스,
자일리틸글루코사이드, 안하이드로자일리톨, 자일리톨, 아데노신, 글리세릴아라키도네이트,
다이포타슘글리시리제이트, 황련뿌리추출물, 소듐아크릴레이트코폴리머, 폴리글리세릴-4올리에이트,
잔탄검, 하이드록시아세토페논, 카프릴릴글라이콜, 에틸헥실글리세린, 다이소듐이디티에이,
향료, 리모넨, 리날룰","","[31-1] 정제수, [31-2] 부틸렌글라이콜, [31-3] 글리세린, [31-4] 스쿠알란, [31-5] 펜타에리스리틸테트라에틸헥사노에이트, [31-6] 하이드록시에틸우레아, [31-7] 메틸글루코오스다이스테아레이트, [31-8] 다이프로필렌글라이콜, [31-9] 에틸헥실올리베이트, [31-10] 하이드로제네이티드레시틴, [31-11] 폴리글리세릴-10스테아레이트, [31-12] 하이드롤라이즈드식물성단백질, [31-13] 말토덱스트린, [31-14] 글루코오스, [31-15] 자일리틸글루코사이드, [31-16] 안하이드로자일리톨, [31-17] 자일리톨, [31-18] 아데노신, [31-19] 글리세릴아라키도네이트, [31-20] 다이포타슘글리시리제이트, [31-21] 황련뿌리추출물, [31-22] 소듐아크릴레이트코폴리머, [31-23] 폴리글리세릴-4올리에이트, [31-24] 잔탄검, [31-25] 하이드록시아세토페논, [31-26] 카프릴릴글라이콜, [31-27] 에틸헥실글리세린, [31-28] 다이소듐이디티에이, [31-29] 향료, [31-30] 리모넨, [31-31] 리날룰"
"A000000174384","[수분/탄력] 포엘리에 옴므 5 IN 1 미백 주름 기능성 올인원 남자 로션 150ml","포엘리에","150.0","150.0","ml","","22000","1466.7","정제수, 글리세린, 부틸렌글라이콜, 1,2-헥산다이올, 나이아신아마이드, 프로판다이올,
카프릴릭/카프릭트라이글리세라이드, 세틸에틸헥사노에이트, 해수, 징크리시놀리에이
트, 흰서양송로추출물, 마데카식애씨드, 아시아티코사이드, 아시아틱애씨드, 시트릭애
씨드, 아데노신, 판테놀, 자일리톨, 솔비탄세스퀴올리에이트, 세테아릴올리베이트, 아
크릴레이트/C10-30알킬아크릴레이트크로스폴리머, 알지닌, C14-22알코올, 솔비탄올
리베이트, 잔탄검, C12-20알킬글루코사이드, 글리세릴아크릴레이트/아크릴릭애씨드
코폴리머, 테트라소듐글루타메이트다이아세테이트, 글루코오스, 향료, 벤질벤조에이
트, 헥실신남알, 리모넨, 리날룰","","[34-1] 정제수, [34-2] 글리세린, [34-3] 부틸렌글라이콜, [34-4] 1,2-헥산다이올, [34-5] 나이아신아마이드, [34-6] 프로판다이올, [34-7] 카프릴릭/카프릭트라이글리세라이드, [34-8] 세틸에틸헥사노에이트, [34-9] 해수, [34-10] 트, [34-11] 흰서양송로추출물, [34-12] 마데카식애씨드, [34-13] 아시아티코사이드, [34-14] 아시아틱애씨드, [34-15] 씨드, [34-16] 아데노신, [34-17] 판테놀, [34-18] 자일리톨, [34-19] 솔비탄세스퀴올리에이트, [34-20] 세테아릴올리베이트, [34-21] 크릴레이트/C10-30알킬아크릴레이트크로스폴리머, [34-22] 알지닌, [34-23] C14-22알코올, [34-24] 리베이트, [34-25] 잔탄검, [34-26] C12-20알킬글루코사이드, [34-27] 코폴리머, [34-28] 테트라소듐글루타메이트다이아세테이트, [34-29] 글루코오스, [34-30] 향료, [34-31] 트, [34-32] 헥실신남알, [34-33] 리모넨, [34-34] 리날룰"
"A000000174520","[대용량] 랩시리즈 올-인-원 훼이스 트리트먼트 100ml","랩시리즈","100.0","100.0","ml","78000.0","66300","6630.0","정제수 , 부틸렌글라이콜 , 스쿠알란 , 프로필렌글라이콜디카프릴레이트/디카프레이트 , 글리세릴스테아레이트에스이 , 메칠메타크릴레이트크로스폴리머 , 하이드로제네이티드레시틴 , 옥틸도데실네오펜타노에이트 , 나일론-12 , 슈크로오스 , 갈고리가시우무추출물 , 겔리디엘라 아세로사추출물 , 희첨추출물 , 호장근추출물 , 슈가켈프추출물 , 포도씨추출물 , 로즈마리추출물 , 호프추출물 , 탄제린껍질추출물 , 석류즙 , 에칠비스이미노메칠구아이아콜망가니스클로라이드 , 아세틸글루코사민 , 아세틸헥사펩타이드-8 , 리놀레닉애씨드 , 소듐하이알루로네이트 , 디메치콘 , 카페인 , 리놀레익애씨드 , 글리세린 , 효모추출물 , 폴리아크릴아마이드 , C13-14이소파라핀 , 포타슘스테아레이트 , 라우레스-7 , 노르디하이드로구아이아레틱애씨드 , 사이클로덱스트린 , p-아니식애씨드 , 향료 , 디소듐이디티에이 , 페녹시에탄올 [ILN39639] *제공된 성분은 동일 제품이라도 경우에 따라 변경될 수 있습니다. 최신정보는 제품 포장의 성분을 참고하시거나 본사 고객관리지원팀으로 연락 부탁 드립니다.","","[40-1] 정제수, [40-2] 부틸렌글라이콜, [40-3] 스쿠알란, [40-4] 프로필렌글라이콜디카프릴레이트/디카프레이트, [40-5] 글리세릴스테아레이트에스이, [40-6] 메칠메타크릴레이트크로스폴리머, [40-7] 하이드로제네이티드레시틴, [40-8] 옥틸도데실네오펜타노에이트, [40-9] 나일론-12, [40-10] 슈크로오스, [40-11] 갈고리가시우무추출물, [40-12] 겔리디엘라 아세로사추출물, [40-13] 희첨추출물, [40-14] 호장근추출물, [40-15] 슈가켈프추출물, [40-16] 포도씨추출물, [40-17] 로즈마리추출물, [40-18] 호프추출물, [40-19] 탄제린껍질추출물, [40-20] 석류즙, [40-21] 에칠비스이미노메칠구아이아콜망가니스클로라이드, [40-22] 아세틸글루코사민, [40-23] 아세틸헥사펩타이드-8, [40-24] 리놀레닉애씨드, [40-25] 소듐하이알루로네이트, [40-26] 디메치콘, [40-27] 카페인, [40-28] 리놀레익애씨드, [40-29] 글리세린, [40-30] 효모추출물, [40-31] 폴리아크릴아마이드, [40-32] C13-14이소파라핀, [40-33] 포타슘스테아레이트, [40-34] 라우레스-7, [40-35] 노르디하이드로구아이아레틱애씨드, [40-36] 사이클로덱스트린, [40-37] p-아니식애씨드, [40-38] 향료, [40-39] 디소듐이디티에이, [40-40] *제공된 성분은 동일 제품이라도 경우에 따라 변경될 수 있습니다. 최신정보는 제품 포장의 성분을 참고하시거나 본사 고객관리지원팀으로 연락 부탁 드립니다."
"A000000174576","크리니크 드라마티컬리 디퍼런트 모이스춰라이징 로션 30ml","크리니크","30.0","30.0","ml","13000.0","11050","3683.3","정제수,미네랄오일,글리세린,페트롤라툼,스테아릭애씨드,글리세릴스테아레이트,참깨오일,우레아,라놀린알코올,트라이에탄올아민,보리추출물,오이열매추출물,해바라기씨드케이크,프로필렌글라이콜다이카프레이트,소듐하이알루로네이트,부틸렌글라이콜,펜틸렌글라이콜,트라이소듐이디티에이,페녹시에탄올,황색5호,황색4호,적색227호 [iln39477]* 제공된 성분은 동일 제품이라도 경우에 따라 변경될 수 있습니다. 최신정보는 제품 포장의 성분을 참고하시거나 본사 고객관리지원팀으로 연락 부탁 드립니다.","","[22-1] 정제수, [22-2] 미네랄오일, [22-3] 글리세린, [22-4] 페트롤라툼, [22-5] 스테아릭애씨드, [22-6] 글리세릴스테아레이트, [22-7] 참깨오일, [22-8] 우레아, [22-9] 라놀린알코올, [22-10] 트라이에탄올아민, [22-11] 보리추출물, [22-12] 오이열매추출물, [22-13] 해바라기씨드케이크, [22-14] 프로필렌글라이콜다이카프레이트, [22-15] 소듐하이알루로네이트, [22-16] 부틸렌글라이콜, [22-17] 펜틸렌글라이콜, [22-18] 트라이소듐이디티에이, [22-19] 페녹시에탄올, [22-20] 황색5호, [22-21] 황색4호, [22-22] * 제공된 성분은 동일 제품이라도 경우에 따라 변경될 수 있습니다. 최신정보는 제품 포장의 성분을 참고하시거나 본사 고객관리지원팀으로 연락 부탁 드립니다."
"A000000174709","[수분급속충전] 일소 데일리 모이스처 소프트닝 로션 150ml","일소","150.0","150.0","ml","23000.0","22000","1466.7","정제수, 1,2-헥산다이올, 글리세레스-26, 카프릴릭/카프릭트라이글리세라이드, 아이소펜틸다이올, 글리세린, 하이드로제네이티드폴리데센, 폴리글리세릴-3다이스테아레이트, 세테아릴올리베이트, 알지닌, 카보머, 암모늄아크릴로일다이메틸타우레이트/브이피코폴리머, 다이메티콘, 솔비탄올리베이트, 만주자작나무수액, 비타민나무수, 동백나무씨오일, 세라마이드엔피, 소듐하이알루로네이트, 알란토인, 하이드로제네이티드레시틴, 해바라기씨오일, 부틸렌글라이콜, 에틸헥실글리세린, 글리세릴스테아레이트시트레이트, 토코페릴아세테이트, 리놀레익애씨드, 다이소듐이디티에이, 폴리글루타믹애씨드","","[29-1] 정제수, [29-2] 1,2-헥산다이올, [29-3] 글리세레스-26, [29-4] 카프릴릭/카프릭트라이글리세라이드, [29-5] 아이소펜틸다이올, [29-6] 글리세린, [29-7] 하이드로제네이티드폴리데센, [29-8] 폴리글리세릴-3다이스테아레이트, [29-9] 세테아릴올리베이트, [29-10] 알지닌, [29-11] 카보머, [29-12] 암모늄아크릴로일다이메틸타우레이트/브이피코폴리머, [29-13] 다이메티콘, [29-14] 솔비탄올리베이트, [29-15] 만주자작나무수액, [29-16] 비타민나무수, [29-17] 동백나무씨오일, [29-18] 세라마이드엔피, [29-19] 소듐하이알루로네이트, [29-20] 알란토인, [29-21] 하이드로제네이티드레시틴, [29-22] 해바라기씨오일, [29-23] 부틸렌글라이콜, [29-24] 에틸헥실글리세린, [29-25] 글리세릴스테아레이트시트레이트, [29-26] 토코페릴아세테이트, [29-27] 리놀레익애씨드, [29-28] 다이소듐이디티에이, [29-29] 폴리글루타믹애씨드"
"A000000175964","BRTC 파워 옴므 올인원 솔루션 200ml 기획(+50ml 증정)","비알티씨","200.0","250.0","ml","28000.0","25600","1024.0","정제수, 부틸렌글라이콜, 글리세린, 에탄올, 나이아신아마이드, 비스-피이지-18메칠에텔디메칠실란, 메칠메타크릴레이트크로스폴리머, 베타인, 알지닌, 카보머, 페녹시에탄올, 페닐트리메치콘, 향료, 에칠헥실글리세린, 피이지-60하이드로제네이티드캐스터오일, 트리데세스-10, 알란토인, 녹차추출물, 아데노신, 락토바실러스/쌀발효물, 포공영추출물, 1,2-헥산디올, 디소듐이디티에이, 프로판디올, 감나무잎추출물, 포도추출물, 보리지추출물, 캐모마일꽃/잎추출물, 라벤더수, 히아신스추출물, 클라리추출물, 수레국화꽃추출물, 카프릴릭/카프릭트리글리세라이드, 커피추출물, 홍화추출물, 호장근추출물, 밤껍질추출물, 산초나무잎추출물, 소듐하이알루로네이트, 호호바씨오일, 하이드로제네이티드레시틴, 헥실라우레이트, 벤질알코올, 카바잎/뿌리/줄기추출물, 화이트윌로우껍질수, 세테아릴알코올, 스테아릭애씨드, 글라이코스핑고리피드, 세라마이드엔피, 스피룰리나추출물, 클로렐라추출물, 갈로일노나펩타이드-11, 갈로일트라이펩타이드-48, 니코티노일에스에이치-펜타펩타이드-19","","[54-1] 정제수, [54-2] 부틸렌글라이콜, [54-3] 글리세린, [54-4] 에탄올, [54-5] 나이아신아마이드, [54-6] 비스-피이지-18메칠에텔디메칠실란, [54-7] 메칠메타크릴레이트크로스폴리머, [54-8] 베타인, [54-9] 알지닌, [54-10] 카보머, [54-11] 페녹시에탄올, [54-12] 페닐트리메치콘, [54-13] 향료, [54-14] 에칠헥실글리세린, [54-15] 피이지-60하이드로제네이티드캐스터오일, [54-16] 트리데세스-10, [54-17] 알란토인, [54-18] 녹차추출물, [54-19] 아데노신, [54-20] 락토바실러스/쌀발효물, [54-21] 포공영추출물, [54-22] 1,2-헥산디올, [54-23] 디소듐이디티에이, [54-24] 프로판디올, [54-25] 감나무잎추출물, [54-26] 포도추출물, [54-27] 보리지추출물, [54-28] 캐모마일꽃/잎추출물, [54-29] 라벤더수, [54-30] 히아신스추출물, [54-31] 클라리추출물, [54-32] 수레국화꽃추출물, [54-33] 카프릴릭/카프릭트리글리세라이드, [54-34] 커피추출물, [54-35] 홍화추출물, [54-36] 호장근추출물, [54-37] 밤껍질추출물, [54-38] 산초나무잎추출물, [54-39] 소듐하이알루로네이트, [54-40] 호호바씨오일, [54-41] 하이드로제네이티드레시틴, [54-42] 헥실라우레이트, [54-43] 벤질알코올, [54-44] 카바잎/뿌리/줄기추출물, [54-45] 화이트윌로우껍질수, [54-46] 세테아릴알코올, [54-47] 스테아릭애씨드, [54-48] 글라이코스핑고리피드, [54-49] 세라마이드엔피, [54-50] 스피룰리나추출물, [54-51] 클로렐라추출물, [54-52] 갈로일노나펩타이드-11, [54-53] 갈로일트라이펩타이드-48, [54-54] 니코티노일에스에이치-펜타펩타이드-19"
"A000000176059","크리니크 포 맨 안티 에이지 모이스춰라이저 100ml","크리니크","100.0","100.0","ml","76000.0","64600","6460.0","정제수, 스쿠알란, 글리세린, 이소스테아릴네오펜타노에이트, 쉐어버터, 부틸렌글라이콜, 피이지-100스테아레이트, 세틸알코올, 디메치콘, 폴리에칠렌, 글리세릴스테아레이트, 오이추출물, 보리추출물, 희첨추출물, 유청단백질, 카페인, 아세틸헥사펩타이드-8, 슈크로오스, 페트롤라툼, 소듐폴리아크릴레이트, 아세틸글루코사민, 카프릴릴글라이콜, 프로필렌글라이콜디카프레이트, 해바라기씨드케이크, 글리세릴폴리메타크릴레이트, 팔미토일올리고펩타이드, 토코페릴아세테이트, 소듐하이알루로네이트, 디메치콘크로스폴리머-3, 헥실렌글라이콜, 피티에프이, 피이지-8, 잔탄검, 디소듐이디티에이, 페녹시에탄올 [iln40057]제공된 성분은 동일 제품이라도 경우에 따라 변경될 수 있습니다. 최신정보는 제품 포장의 성분을 참고하시거나 본사 고객관리지원팀으로 연락 부탁 드립니다.","","[35-1] 정제수, [35-2] 스쿠알란, [35-3] 글리세린, [35-4] 이소스테아릴네오펜타노에이트, [35-5] 쉐어버터, [35-6] 부틸렌글라이콜, [35-7] 피이지-100스테아레이트, [35-8] 세틸알코올, [35-9] 디메치콘, [35-10] 폴리에칠렌, [35-11] 글리세릴스테아레이트, [35-12] 오이추출물, [35-13] 보리추출물, [35-14] 희첨추출물, [35-15] 유청단백질, [35-16] 카페인, [35-17] 아세틸헥사펩타이드-8, [35-18] 슈크로오스, [35-19] 페트롤라툼, [35-20] 소듐폴리아크릴레이트, [35-21] 아세틸글루코사민, [35-22] 카프릴릴글라이콜, [35-23] 프로필렌글라이콜디카프레이트, [35-24] 해바라기씨드케이크, [35-25] 글리세릴폴리메타크릴레이트, [35-26] 팔미토일올리고펩타이드, [35-27] 토코페릴아세테이트, [35-28] 소듐하이알루로네이트, [35-29] 디메치콘크로스폴리머-3, [35-30] 헥실렌글라이콜, [35-31] 피티에프이, [35-32] 피이지-8, [35-33] 잔탄검, [35-34] 디소듐이디티에이, [35-35] 제공된 성분은 동일 제품이라도 경우에 따라 변경될 수 있습니다. 최신정보는 제품 포장의 성분을 참고하시거나 본사 고객관리지원팀으로 연락 부탁 드립니다."
"A000000179257","[진정/속보습] 센텔리안24 마데카 데일리 리페어 에센스로션 100ml","센텔리안24","100.0","100.0","ml","","30000","3000.0","락토바실러스/병풀추출발효여과물, 병풀추출물, 글리세린, 카프릴릭/카프릭트라이글리세라이드, 나이아신아마이드, 에틸헥실스테아레이트, 폴리글리세릴-3다이스테아레이트, 세테아릴알코올, 병풀잎추출물, 돌콩추출물, 하이드로제네이티드레시틴, 올리브오일, 병풀오일, 정제수, 판테놀, 다이메티콘/비닐다이메티콘크로스폴리머, 트라이에틸헥사노인, 소듐스테아로일글루타메이트, 카보머, 폴리글리세릴-10미리스테이트, 비닐다이메티콘, 글리세릴스테아레이트시트레이트, 부틸렌글라이콜, 트로메타민, 아데노신, 에톡시다이글라이콜, 옥틸도데칸올, 아시아티코사이드, 마데카식애씨드, 글라이코리피드, 병풀아미노산, 하이드롤라이즈드병풀단백질, 아시아틱애씨드, C12-13파레스-9, 포스포리피드, 에스신, 알지닌, 프로판다이올, 프로테아제, 베타-시토스테롤, 수용성프로테오글리칸, 암모늄아크릴로일다이메틸타우레이트/브이피코폴리머, 글리세릴스테아레이트, 다이페닐다이메티콘, 테트라하이드로피페린, 플로레틴, 세라마이드엔피, 1,2-헥산다이올, 피토스핑고신, 하이드록시아세토페논, 에틸헥실글리세린","","[51-1] 락토바실러스/병풀추출발효여과물, [51-2] 병풀추출물, [51-3] 글리세린, [51-4] 카프릴릭/카프릭트라이글리세라이드, [51-5] 나이아신아마이드, [51-6] 에틸헥실스테아레이트, [51-7] 폴리글리세릴-3다이스테아레이트, [51-8] 세테아릴알코올, [51-9] 병풀잎추출물, [51-10] 돌콩추출물, [51-11] 하이드로제네이티드레시틴, [51-12] 올리브오일, [51-13] 병풀오일, [51-14] 정제수, [51-15] 판테놀, [51-16] 다이메티콘/비닐다이메티콘크로스폴리머, [51-17] 트라이에틸헥사노인, [51-18] 소듐스테아로일글루타메이트, [51-19] 카보머, [51-20] 폴리글리세릴-10미리스테이트, [51-21] 비닐다이메티콘, [51-22] 글리세릴스테아레이트시트레이트, [51-23] 부틸렌글라이콜, [51-24] 트로메타민, [51-25] 아데노신, [51-26] 에톡시다이글라이콜, [51-27] 옥틸도데칸올, [51-28] 아시아티코사이드, [51-29] 마데카식애씨드, [51-30] 글라이코리피드, [51-31] 병풀아미노산, [51-32] 하이드롤라이즈드병풀단백질, [51-33] 아시아틱애씨드, [51-34] C12-13파레스-9, [51-35] 포스포리피드, [51-36] 에스신, [51-37] 알지닌, [51-38] 프로판다이올, [51-39] 프로테아제, [51-40] 베타-시토스테롤, [51-41] 수용성프로테오글리칸, [51-42] 암모늄아크릴로일다이메틸타우레이트/브이피코폴리머, [51-43] 글리세릴스테아레이트, [51-44] 다이페닐다이메티콘, [51-45] 테트라하이드로피페린, [51-46] 플로레틴, [51-47] 세라마이드엔피, [51-48] 1,2-헥산다이올, [51-49] 피토스핑고신, [51-50] 하이드록시아세토페논, [51-51] 에틸헥실글리세린"
"A000000180934","레이지소사이어티 시카 애프터쉐이브 로션 100ml","레이지소사이어티","100.0","100.0","ml","","14900","1490.0","정제수, 부틸렌글라이콜, 글리세린, 글리세레스-26, 프로판다이올, 카프릴릭/카프릭트리글리세라이드, 1,2-헥산다이올, 마데카소사이드(1,000ppm), 병풀추출물(8,000ppm), 판테놀(1,000ppm), 세테아릴올리베이트, 솔비탄올리베이트, 트레할로오스, 다이소듐이디티에이, 암모늄아크릴로일다이메틸타우레이트/브이피코폴리머, 소듐폴리아크릴레이트, 글리세릴아크릴레이트/아크릴릭애씨드코폴리머, 카보머, 알지닌, 카프릴릴글라이콜, 블랙윌로우나무껍질추출물, 황련뿌리추출물, 말라카이트추출물, 녹차추출물","","[27-1] 정제수, [27-2] 부틸렌글라이콜, [27-3] 글리세린, [27-4] 글리세레스-26, [27-5] 프로판다이올, [27-6] 카프릴릭/카프릭트리글리세라이드, [27-7] 1,2-헥산다이올, [27-8] 마데카소사이드(1, [27-9] 000ppm), [27-10] 병풀추출물(8, [27-11] 000ppm), [27-12] 판테놀(1, [27-13] 000ppm), [27-14] 세테아릴올리베이트, [27-15] 솔비탄올리베이트, [27-16] 트레할로오스, [27-17] 다이소듐이디티에이, [27-18] 암모늄아크릴로일다이메틸타우레이트/브이피코폴리머, [27-19] 소듐폴리아크릴레이트, [27-20] 글리세릴아크릴레이트/아크릴릭애씨드코폴리머, [27-21] 카보머, [27-22] 알지닌, [27-23] 카프릴릴글라이콜, [27-24] 블랙윌로우나무껍질추출물, [27-25] 황련뿌리추출물, [27-26] 말라카이트추출물, [27-27] 녹차추출물"
"A000000180935","레이지소사이어티 올인원 페이스 솔루션 150ml","레이지소사이어티","150.0","150.0","ml","","15900","1060.0","정제수, 부틸렌글라이콜, 글리세레스-26, 글리세린, 프로판다이올, 나이아신아마이드, 1,2-헥산다이올, 카프릴릭/카프릭트라이글리세라이드, 트레할로오스, 암모늄아크릴로일다이메틸타우레이트/브이피코폴리머, 판테놀, 코튼씨추출물, 달맞이꽃꽃추출물, 버지니아풍년화잎추출물, 병풀추출물, 알바수련뿌리추출물, 세테아릴올리베이트, 솔비탄올리베이트, 카프릴릴글라이콜, 카보머, 글리세릴아크릴레이트/아크릴릭애씨드코폴리머, 알지닌, 소듐폴리아크릴레이트, 다이소듐이디티에이","","[24-1] 정제수, [24-2] 부틸렌글라이콜, [24-3] 글리세레스-26, [24-4] 글리세린, [24-5] 프로판다이올, [24-6] 나이아신아마이드, [24-7] 1,2-헥산다이올, [24-8] 카프릴릭/카프릭트라이글리세라이드, [24-9] 트레할로오스, [24-10] 암모늄아크릴로일다이메틸타우레이트/브이피코폴리머, [24-11] 판테놀, [24-12] 코튼씨추출물, [24-13] 달맞이꽃꽃추출물, [24-14] 버지니아풍년화잎추출물, [24-15] 병풀추출물, [24-16] 알바수련뿌리추출물, [24-17] 세테아릴올리베이트, [24-18] 솔비탄올리베이트, [24-19] 카프릴릴글라이콜, [24-20] 카보머, [24-21] 글리세릴아크릴레이트/아크릴릭애씨드코폴리머, [24-22] 알지닌, [24-23] 소듐폴리아크릴레이트, [24-24] 다이소듐이디티에이"
"A000000183229","[민감피부/저자극] 라운드랩 포 맨 1025 독도 올인원 플루이드 200ml+200ml","라운드랩","200.0","400.0","ml","","43000","1075.0","정제수, 다이프로필렌글라이콜 , 카프릴릴메티콘, 하이드로제네이티드폴리(C6-14올레핀), 메틸프로판다이올, 1,2-헥산다이올, 카프릴릭/카프릭트라이글리세라이드, 글리세린, 해수, 부틸렌글라이콜, 하이드로제네이티드레시틴, 토코페롤, 연꽃꽃추출물, 효모발효물, 개똥쑥추출물, 쌀추출물, 판테놀, 소듐폴리아크릴로일다이메틸타우레이트, 팔미틱애씨드, 소듐하이알루로네이트, 하이드롤라이즈드하이알루로닉애씨드, 소듐아세틸레이티드하이알루로네이트, 에틸헥실글리세린, 폴리글리세릴-2스테아레이트, C14-22알코올, 글루코오스, 글루코노락톤, 아크릴레이트/C10-30알킬아크릴레이트크로스폴리머, 글리세릴스테아레이트, C12-16알코올, 암모늄아크릴로일다이메틸타우레이트/브이피코폴리머, C12-20알킬글루코사이드, 카프릴릴글라이콜, 스테아릴알코올, 잔탄검, 트로메타민, 다이소듐이디티에이","","[37-1] 정제수, [37-2] 다이프로필렌글라이콜, [37-3] 카프릴릴메티콘, [37-4] 하이드로제네이티드폴리(C6-14올레핀), [37-5] 메틸프로판다이올, [37-6] 1,2-헥산다이올, [37-7] 카프릴릭/카프릭트라이글리세라이드, [37-8] 글리세린, [37-9] 해수, [37-10] 부틸렌글라이콜, [37-11] 하이드로제네이티드레시틴, [37-12] 토코페롤, [37-13] 연꽃꽃추출물, [37-14] 효모발효물, [37-15] 개똥쑥추출물, [37-16] 쌀추출물, [37-17] 판테놀, [37-18] 소듐폴리아크릴로일다이메틸타우레이트, [37-19] 팔미틱애씨드, [37-20] 소듐하이알루로네이트, [37-21] 하이드롤라이즈드하이알루로닉애씨드, [37-22] 소듐아세틸레이티드하이알루로네이트, [37-23] 에틸헥실글리세린, [37-24] 폴리글리세릴-2스테아레이트, [37-25] C14-22알코올, [37-26] 글루코오스, [37-27] 글루코노락톤, [37-28] 아크릴레이트/C10-30알킬아크릴레이트크로스폴리머, [37-29] 글리세릴스테아레이트, [37-30] C12-16알코올, [37-31] 암모늄아크릴로일다이메틸타우레이트/브이피코폴리머, [37-32] C12-20알킬글루코사이드, [37-33] 카프릴릴글라이콜, [37-34] 스테아릴알코올, [37-35] 잔탄검, [37-36] 트로메타민, [37-37] 다이소듐이디티에이"
"A000000185157","라끄베르 옴므 리차지 시카 에멀전 180ml","라끄베르","180.0","180.0","ml","","16000","888.9","정제수,글리세린,1,2-헥산다이올,헥실데실에틸헥사노에이트,나이아신아마이드,다이메티콘,네오펜틸글라이콜다이카프레이트,판테놀(10000 ppm),스쿠알란,세테아릴알코올,피이지-40스테아레이트,트레할로오스,C14-22알코올,부틸렌글라이콜,솔비탄스테아레이트,글리세릴스테아레이트,피이지-100스테아레이트,프로필렌글라이콜,피이지-150/데실알코올/에스엠디아이코폴리머,트로메타민,카보머,C12-20알킬글루코사이드,마카뿌리추출물,아크릴레이트/C10-30알킬아크릴레이트크로스폴리머,변성알코올,아데노신,글리세릴아크릴레이트/아크릴릭애씨드코폴리머,트라이소듐이디티에이,병풀잎추출물(100 ppm),프로판다이올,솔비톨,베타-글루칸,다이포타슘글리시리제이트(10 ppm),귤껍질추출물,조류추출물,페녹시에탄올,포타슘솔베이트,향료,리날룰,리모넨,벤질벤조에이트,알파-아이소메틸아이오논","","[42-1] 정제수, [42-2] 글리세린, [42-3] 1,2-헥산다이올, [42-4] 헥실데실에틸헥사노에이트, [42-5] 나이아신아마이드, [42-6] 다이메티콘, [42-7] 네오펜틸글라이콜다이카프레이트, [42-8] 판테놀(10000 ppm), [42-9] 스쿠알란, [42-10] 세테아릴알코올, [42-11] 피이지-40스테아레이트, [42-12] 트레할로오스, [42-13] C14-22알코올, [42-14] 부틸렌글라이콜, [42-15] 솔비탄스테아레이트, [42-16] 글리세릴스테아레이트, [42-17] 피이지-100스테아레이트, [42-18] 프로필렌글라이콜, [42-19] 피이지-150/데실알코올/에스엠디아이코폴리머, [42-20] 트로메타민, [42-21] 카보머, [42-22] C12-20알킬글루코사이드, [42-23] 마카뿌리추출물, [42-24] 아크릴레이트/C10-30알킬아크릴레이트크로스폴리머, [42-25] 변성알코올, [42-26] 아데노신, [42-27] 글리세릴아크릴레이트/아크릴릭애씨드코폴리머, [42-28] 트라이소듐이디티에이, [42-29] 병풀잎추출물(100 ppm), [42-30] 프로판다이올, [42-31] 솔비톨, [42-32] 베타-글루칸, [42-33] 다이포타슘글리시리제이트(10 ppm), [42-34] 귤껍질추출물, [42-35] 조류추출물, [42-36] 페녹시에탄올, [42-37] 포타슘솔베이트, [42-38] 향료, [42-39] 리날룰, [42-40] 리모넨, [42-41] 벤질벤조에이트, [42-42] 알파-아이소메틸아이오논"
"A000000186860","퓨어덤 옴므 아쿠아 하이드로 올인원 크림 더블 기획(200ml+200ml)","퓨어덤","200.0","400.0","ml","15900.0","14300","357.5","정제수, 글리세린, 코코-카프릴레이트/카프레이트, 세틸에틸헥사노에이트, 카프릴릭/카프릭트라이글리세라이드, 나이아신아마이드, 세테아릴올리베이트, 솔비탄올리베이트, 변성알코올, 알란토인, 판테놀, 온천수, 소듐하이알루로네이트, 소듐아세틸레이티드하이알루로네이트, 하이드롤라이즈드하이알루로닉애씨드, 하이드롤라이즈드소듐하이알루로네이트, 하이알루로닉애씨드, 하이드록시프로필트라이모늄하이알루로네이트, 포타슘하이알루로네이트, 소듐하이알루로네이트크로스폴리머, 병풀추출물, 알로에베라잎즙, 녹차추출물, 버지니아풍년화잎추출물, 세테아릴알코올, 카보머, 알지닌, 폴리아크릴레이트-13, 폴리아이소부텐, 폴리솔베이트20, 솔비탄아이소스테아레이트, 아데노신, 다이소듐이디티에이, 하이드록시아세토페논, 1,2-헥산다이올, 향료","","[36-1] 정제수, [36-2] 글리세린, [36-3] 코코-카프릴레이트/카프레이트, [36-4] 세틸에틸헥사노에이트, [36-5] 카프릴릭/카프릭트라이글리세라이드, [36-6] 나이아신아마이드, [36-7] 세테아릴올리베이트, [36-8] 솔비탄올리베이트, [36-9] 변성알코올, [36-10] 알란토인, [36-11] 판테놀, [36-12] 온천수, [36-13] 소듐하이알루로네이트, [36-14] 소듐아세틸레이티드하이알루로네이트, [36-15] 하이드롤라이즈드하이알루로닉애씨드, [36-16] 하이드롤라이즈드소듐하이알루로네이트, [36-17] 하이알루로닉애씨드, [36-18] 하이드록시프로필트라이모늄하이알루로네이트, [36-19] 포타슘하이알루로네이트, [36-20] 소듐하이알루로네이트크로스폴리머, [36-21] 병풀추출물, [36-22] 알로에베라잎즙, [36-23] 녹차추출물, [36-24] 버지니아풍년화잎추출물, [36-25] 세테아릴알코올, [36-26] 카보머, [36-27] 알지닌, [36-28] 폴리아크릴레이트-13, [36-29] 폴리아이소부텐, [36-30] 폴리솔베이트20, [36-31] 솔비탄아이소스테아레이트, [36-32] 아데노신, [36-33] 다이소듐이디티에이, [36-34] 하이드록시아세토페논, [36-35] 1,2-헥산다이올, [36-36] 향료"
"A000000188948","한율 빨간쌀 보습탄력 에멀젼 125ml","한율","125.0","125.0","ml","43000.0","36500","2920.0","정제수, 글리세린, 프로판다이올, 하이드로제네이티드폴리(C6-14올레핀), 하이드로제네이티드폴리아이소부텐, 폴리글리세린-3, 다이메티콘, 다이아이소스테아릴말레이트, 나이아신아마이드, C14-22알코올, 시어버터, 피씨에이다이메티콘, 천궁수, 왜당귀뿌리수, 1,2-헥산다이올, 글리세릴스테아레이트시트레이트, 글리세릴폴리메타크릴레이트, C12-20알킬글루코사이드, 부틸렌글라이콜, 글리세릴스테아레이트, 세테아릴알코올, 하이드로제네이티드식물성오일, 스테아릭애씨드, 카보머, 쌀발효여과물, 트로메타민, 향료, 잔탄검, 글리세릴카프릴레이트, 팔미틱애씨드, 에틸헥실글리세린, 다이소듐이디티에이, 아데노신, 덱스트린, 합성왁스, 카카오추출물, 식물성스쿠알란, 락토바실러스발효물, 하이드로제네이티드레시틴, 판테놀, 폴리글리세릴-10스테아레이트, 세라마이드엔피, 토코페롤, 하이드롤라이즈드익스텐신, 호호바씨오일, 폴리글리세릴-10라우레이트, 콜레스테롤","","[47-1] 정제수, [47-2] 글리세린, [47-3] 프로판다이올, [47-4] 하이드로제네이티드폴리(C6-14올레핀), [47-5] 하이드로제네이티드폴리아이소부텐, [47-6] 폴리글리세린-3, [47-7] 다이메티콘, [47-8] 다이아이소스테아릴말레이트, [47-9] 나이아신아마이드, [47-10] C14-22알코올, [47-11] 시어버터, [47-12] 피씨에이다이메티콘, [47-13] 천궁수, [47-14] 왜당귀뿌리수, [47-15] 1,2-헥산다이올, [47-16] 글리세릴스테아레이트시트레이트, [47-17] 글리세릴폴리메타크릴레이트, [47-18] C12-20알킬글루코사이드, [47-19] 부틸렌글라이콜, [47-20] 글리세릴스테아레이트, [47-21] 세테아릴알코올, [47-22] 하이드로제네이티드식물성오일, [47-23] 스테아릭애씨드, [47-24] 카보머, [47-25] 쌀발효여과물, [47-26] 트로메타민, [47-27] 향료, [47-28] 잔탄검, [47-29] 글리세릴카프릴레이트, [47-30] 팔미틱애씨드, [47-31] 에틸헥실글리세린, [47-32] 다이소듐이디티에이, [47-33] 아데노신, [47-34] 덱스트린, [47-35] 합성왁스, [47-36] 카카오추출물, [47-37] 식물성스쿠알란, [47-38] 락토바실러스발효물, [47-39] 하이드로제네이티드레시틴, [47-40] 판테놀, [47-41] 폴리글리세릴-10스테아레이트, [47-42] 세라마이드엔피, [47-43] 토코페롤, [47-44] 하이드롤라이즈드익스텐신, [47-45] 호호바씨오일, [47-46] 폴리글리세릴-10라우레이트, [47-47] 콜레스테롤"
"A000000189589","헤라 하이드로 리플렉팅 플루이드 140ml","헤라","140.0","140.0","ml","58000.0","45930","3280.7","정제수, 프로판다이올, 글리세린, 메틸트라이메티콘, 피씨에 이다이메티콘, 암모늄아크릴로일다이메틸타우레이트/브이피코폴리머, 1,2-헥산다이올, 폴리글리세릴-6카프릴레이트, 폴리글리세릴-4카프레이트, 실리카, 폴리메틸실세스퀴옥세인, 아크릴레이트/C10-30알킬아크릴레이트크로스폴리머, 잔탄검, 에틸헥실글리세린, 덱스트린, 트로메타민, 부틸렌글라이콜, 다이소듐이디티에이, 향료, 피이지-40스테아레이트, 스쿠알란, 마데카소사이드, 나이아신아마이드, 올리브오일, 하이드로제네이티드팜커넬오일, 하이드로제네이티드팜오일, 레시틴, 하이드록시에틸아크릴레이트/소듐아크릴로일다이메틸타우레이트코폴리머, 카프릴릴글라이콜, 아크릴레이트/스테아릴메타크릴레이트코폴리머, 흰목이버섯포자낭과추출물, 하이알루로닉애씨드, 락토바실러스발효용해물, 병풀꽃/잎/줄기추출물, 에탄올, 토코페릴아세테이트, 병풀추출물, 토코페롤, 아스코빌테트라이소팔미테이트, 라이신, 알지닌, 히스티딘, 세라마이드엔피, 소듐하이알루로네이트, 모란추출물, 글루코오스, 자일로오스, 복사나무잎추출물, 인도멀구슬나무추출물, 만노오스, 소듐클로라이드, 허브로버트추출물, 소듐포스페이트, 카퍼트라이펩타이드-1, 푸코오스, 포타슘클로라이드, 포타슘포스페이트, 마그네슘클로라이드, 하이드롤라이즈드기장, 칼슘클로라이드","","[60-1] 정제수, [60-2] 프로판다이올, [60-3] 글리세린, [60-4] 메틸트라이메티콘, [60-5] 피씨에 이다이메티콘, [60-6] 암모늄아크릴로일다이메틸타우레이트/브이피코폴리머, [60-7] 1,2-헥산다이올, [60-8] 폴리글리세릴-6카프릴레이트, [60-9] 폴리글리세릴-4카프레이트, [60-10] 실리카, [60-11] 폴리메틸실세스퀴옥세인, [60-12] 아크릴레이트/C10-30알킬아크릴레이트크로스폴리머, [60-13] 잔탄검, [60-14] 에틸헥실글리세린, [60-15] 덱스트린, [60-16] 트로메타민, [60-17] 부틸렌글라이콜, [60-18] 다이소듐이디티에이, [60-19] 향료, [60-20] 피이지-40스테아레이트, [60-21] 스쿠알란, [60-22] 마데카소사이드, [60-23] 나이아신아마이드, [60-24] 올리브오일, [60-25] 하이드로제네이티드팜커넬오일, [60-26] 하이드로제네이티드팜오일, [60-27] 레시틴, [60-28] 하이드록시에틸아크릴레이트/소듐아크릴로일다이메틸타우레이트코폴리머, [60-29] 카프릴릴글라이콜, [60-30] 아크릴레이트/스테아릴메타크릴레이트코폴리머, [60-31] 흰목이버섯포자낭과추출물, [60-32] 하이알루로닉애씨드, [60-33] 락토바실러스발효용해물, [60-34] 병풀꽃/잎/줄기추출물, [60-35] 에탄올, [60-36] 토코페릴아세테이트, [60-37] 병풀추출물, [60-38] 토코페롤, [60-39] 아스코빌테트라이소팔미테이트, [60-40] 라이신, [60-41] 알지닌, [60-42] 히스티딘, [60-43] 세라마이드엔피, [60-44] 소듐하이알루로네이트, [60-45] 모란추출물, [60-46] 글루코오스, [60-47] 자일로오스, [60-48] 복사나무잎추출물, [60-49] 인도멀구슬나무추출물, [60-50] 만노오스, [60-51] 소듐클로라이드, [60-52] 허브로버트추출물, [60-53] 소듐포스페이트, [60-54] 카퍼트라이펩타이드-1, [60-55] 푸코오스, [60-56] 포타슘클로라이드, [60-57] 포타슘포스페이트, [60-58] 마그네슘클로라이드, [60-59] 하이드롤라이즈드기장, [60-60] 칼슘클로라이드"
"A000000195679","[개기름/속피지] 아이소이 포맨 아크니 닥터 올인원 100ml 기획 (+진정 올인원 15ml)","아이소이","100.0","115.0","ml","","33000","2869.6","정제수,글리세린,에탄올,마카다미아씨오일,카프릴릭/카프릭트라이글리세라이드,베타인,트레할로오스,고삼뿌리추출물,비타민나무열매추출물,잔탄검,대왕송잎추출물,당느릅나무뿌리추출물,달맞이꽃추출물,칡뿌리추출물,밤부사 불가리스추출물,바질추출물,녹차추출물,쑥잎추출물,밤껍질추출물,버드나무껍질추출물,병풀추출물,알란토인,알지닌,카보머,약모밀추출물,솔비탄세스퀴올리에이트,포트마리골드꽃추출물,부틸렌글라이콜,1,2-헥산다이올,황금추출물,모란뿌리추출물,스페인감초뿌리추출물,베르가모트오일,로즈마리잎오일,리모넨,리날룰,시트랄","","[37-1] 정제수, [37-2] 글리세린, [37-3] 에탄올, [37-4] 마카다미아씨오일, [37-5] 카프릴릭/카프릭트라이글리세라이드, [37-6] 베타인, [37-7] 트레할로오스, [37-8] 고삼뿌리추출물, [37-9] 비타민나무열매추출물, [37-10] 잔탄검, [37-11] 대왕송잎추출물, [37-12] 당느릅나무뿌리추출물, [37-13] 달맞이꽃추출물, [37-14] 칡뿌리추출물, [37-15] 밤부사 불가리스추출물, [37-16] 바질추출물, [37-17] 녹차추출물, [37-18] 쑥잎추출물, [37-19] 밤껍질추출물, [37-20] 버드나무껍질추출물, [37-21] 병풀추출물, [37-22] 알란토인, [37-23] 알지닌, [37-24] 카보머, [37-25] 약모밀추출물, [37-26] 솔비탄세스퀴올리에이트, [37-27] 포트마리골드꽃추출물, [37-28] 부틸렌글라이콜, [37-29] 1,2-헥산다이올, [37-30] 황금추출물, [37-31] 모란뿌리추출물, [37-32] 스페인감초뿌리추출물, [37-33] 베르가모트오일, [37-34] 로즈마리잎오일, [37-35] 리모넨, [37-36] 리날룰, [37-37] 시트랄"
"A000000197722","[지성피부/유분케어] 라운드랩 포 맨 1025 독도 올인원 젤로션 200ml","라운드랩","200.0","200.0","ml","","24000","1200.0","[1025 독도 올인원 젤 로션 200ml]
정제수, 부틸렌글라이콜, 아이소노닐아이소노나노에이트, 베타인, 1,2-헥산다이올, 다이프로필렌글라이콜, 달맞이꽃꽃추출물, 대왕소나무잎추출물, 칡뿌리추출물, 당느릅나무뿌리추출물, 녹차추출물, 병풀잎추출물, 오카무라큰실말추출물, 흰버드나무껍질추출물, 커피콩추출물, 베르가모트잎추출물, 소나무잎추출물, 소듐하이알루로네이트, 하이드롤라이즈드하이알루로닉애씨드, 소듐아세틸레이티드하이알루로네이트, 글리세린, 에틸헥실글리세린, 알란토인, 판테놀, 해수, 데실글루코사이드, 카프릴로일살리실릭애씨드, 글루코노락톤, 글리세릴글루코사이드, 실리카, 암모늄아크릴로일다이메틸타우레이트/브이피코폴리머, 솔비탄아이소스테아레이트, 하이드록시에틸아크릴레이트/소듐아크릴로일다이메틸타우레이트코폴리머, 알지닌, 베르가모트오일, 살비아오일, 다이소듐이디티에이, 카보머","","[38-1] 정제수, [38-2] 부틸렌글라이콜, [38-3] 아이소노닐아이소노나노에이트, [38-4] 베타인, [38-5] 1,2-헥산다이올, [38-6] 다이프로필렌글라이콜, [38-7] 달맞이꽃꽃추출물, [38-8] 대왕소나무잎추출물, [38-9] 칡뿌리추출물, [38-10] 당느릅나무뿌리추출물, [38-11] 녹차추출물, [38-12] 병풀잎추출물, [38-13] 오카무라큰실말추출물, [38-14] 흰버드나무껍질추출물, [38-15] 커피콩추출물, [38-16] 베르가모트잎추출물, [38-17] 소나무잎추출물, [38-18] 소듐하이알루로네이트, [38-19] 하이드롤라이즈드하이알루로닉애씨드, [38-20] 소듐아세틸레이티드하이알루로네이트, [38-21] 글리세린, [38-22] 에틸헥실글리세린, [38-23] 알란토인, [38-24] 판테놀, [38-25] 해수, [38-26] 데실글루코사이드, [38-27] 카프릴로일살리실릭애씨드, [38-28] 글루코노락톤, [38-29] 글리세릴글루코사이드, [38-30] 실리카, [38-31] 암모늄아크릴로일다이메틸타우레이트/브이피코폴리머, [38-32] 솔비탄아이소스테아레이트, [38-33] 하이드록시에틸아크릴레이트/소듐아크릴로일다이메틸타우레이트코폴리머, [38-34] 알지닌, [38-35] 베르가모트오일, [38-36] 살비아오일, [38-37] 다이소듐이디티에이, [38-38] 카보머"
"A000000198090","[72시간보습로션] 닥터자르트 세라마이딘 스킨 베리어 모이스처라이징 밀키 로션 50ml","닥터자르트","50.0","50.0","ml","50000.0","27900","5580.0","정제수, 글리세린, 다이카프릴릴카보네이트, 옥틸도데칸올, 부틸렌글라이콜, 다이아이소스테아릴말레이트, 펜틸렌글라이콜, 판테놀, 다이글리세린, 비닐다이메티콘, 1,2-헥산다이올, 세테아릴올리베이트, 하이드로제네이티드식물성오일, 솔비톨, 세라마이드엔피 (0.2%), 폴리글리세릴-3다이아이소스테아레이트, 카카오추출물, 트로메타민, 세테아릴알코올, 사이클로덱스트린, 실리카, 하이드록시에틸아크릴레이트/소듐아크릴로일다이메틸타우 레이트코폴리머, 솔비탄올리베이트, 글리세릴스테아레이트, 아크릴레이트/C10-30알킬아크릴레이트크로스폴리머, C12-16알코올, 팔미틱애씨드, 하이드로제네이티드레시틴, 레시틴, 솔비탄아이소스테아레이트, 덱스트린, 향료, 소듐파이테이트, 토코페롤, 페녹시에탄올, 황색4호","","[36-1] 정제수, [36-2] 글리세린, [36-3] 다이카프릴릴카보네이트, [36-4] 옥틸도데칸올, [36-5] 부틸렌글라이콜, [36-6] 다이아이소스테아릴말레이트, [36-7] 펜틸렌글라이콜, [36-8] 판테놀, [36-9] 다이글리세린, [36-10] 비닐다이메티콘, [36-11] 1,2-헥산다이올, [36-12] 세테아릴올리베이트, [36-13] 하이드로제네이티드식물성오일, [36-14] 솔비톨, [36-15] 세라마이드엔피 (0.2%), [36-16] 폴리글리세릴-3다이아이소스테아레이트, [36-17] 카카오추출물, [36-18] 트로메타민, [36-19] 세테아릴알코올, [36-20] 사이클로덱스트린, [36-21] 실리카, [36-22] 하이드록시에틸아크릴레이트/소듐아크릴로일다이메틸타우 레이트코폴리머, [36-23] 솔비탄올리베이트, [36-24] 글리세릴스테아레이트, [36-25] 아크릴레이트/C10-30알킬아크릴레이트크로스폴리머, [36-26] C12-16알코올, [36-27] 팔미틱애씨드, [36-28] 하이드로제네이티드레시틴, [36-29] 레시틴, [36-30] 솔비탄아이소스테아레이트, [36-31] 덱스트린, [36-32] 향료, [36-33] 소듐파이테이트, [36-34] 토코페롤, [36-35] 페녹시에탄올, [36-36] 황색4호"
"A000000198539","[속보습/수분로션] 닥터지 더모이스처 배리어 D 로션 300ml 기획 (+멀티밤 1g)","닥터지","300.0","300.0","ml","","37000","1233.3","1. 더모이스처 배리어 D 로션
정제수, 프로판다이올, 하이드로제네이티드폴리데센, 스쿠알란, 폴리글리세릴-3다이스테아레이트, 글리세린, 비닐다이메티콘, 실리카, 솔비탄스테아레이트, 1,2-헥산다이올, 세테아릴올리베이트, 세라마이드엔피, 카프릴릴글라이콜, 솔비탄올리베이트, 올리브오일불검화물, 하이드로제네이티드레시틴, 글리세릴스테아레이트시트레이트, 폴리아크릴레이트크로스폴리머-6, 글리세릴글루코사이드, 잔탄검, 돌콩오일불검화물, 밀배아오일불검화물, 토코페롤, 아이소말트, 수크로오스코코에이트, 콜레스테롤, 글루코노락톤, 에틸헥실글리세린, 팔미틱애씨드, 카프릴릭/카프릭트라이글리세라이드, 꽃가루추출물, 다이소듐이디티에이, 소듐하이알루로네이트, 자일리틸글루코사이드, 안하이드로자일리톨, t-부틸알코올, 폴리글리세릴-10스테아레이트, 폴리글리세릴-10올리에이트, 자일리톨, 글루코오스, 알루미늄/마그네슘하이드록사이드스테아레이트, 미리스틱애씨드, 흰목이버섯폴리사카라이드, 소듐스테아로일글루타메이트, 스테아릭애씨드, 7-데하이드로콜레스테롤, 소듐아스코빌포스페이트, 칼슘클로라이드, 포도즙추출물, 피톨

2. 더 모이스처 배리어 D 밤
정제수, 글리세린, 다이프로필렌글라이콜, 사이클로펜타실록세인, 다이카프릴릴에터, 세테아릴알코올, 베헤닐알코올, 1,2-헥산다이올, 다이메티콘, 글리세릴글루코사이드, 다이펜타에리스리틸헥사하이드록시스테아레이트/헥사스테아레이트/헥사로지네이트, 세테아릴올리베이트, 솔비탄올리베이트, 다시마추출물, 한련초잎추출물, 병풀추출물, 무화과추출물, 꽃가루추출물, 하이드로제네이티드레시틴, 올리브오일, 퀸즈랜드넛오일, 포도씨오일, 호호바씨오일, 팔미틱애씨드, 스테아릭애씨드, 다이메티콘올, 글리세릴스테아레이트에스이, 암모늄아크릴로일다이메틸타우레이트/브이피코폴리머, 세테아릴글루코사이드, 베타-글루칸, 콜레스테롤, 잔탄검, 프룩토올리고사카라이드, 다이소듐이디티에이, 세라마이드엔피, 식물성스쿠알란, 미리스틱애씨드, 하이드롤라이즈드하이알루로닉애씨드, 올리브오일불검화물, 밀배아오일불검화물, 돌콩오일불검화물, 글루코오스, 아이소말트, 카프릴릭/카프릭트라이글리세라이드, 돌콩스테롤, 리놀레익애씨드, 포스포리피드, 수크로오스팔미테이트, 폴리글리세릴-10스테아레이트, 폴리글리세릴-10올리에이트, 알루미늄/마그네슘하이드록사이드스테아레이트, 소듐스테아로일글루타메이트, 7-데하이드로콜레스테롤, 칼슘클로라이드, 피톨, 향료, 에틸헥실글리세린","","[106-1] 정제수, [106-2] 프로판다이올, [106-3] 하이드로제네이티드폴리데센, [106-4] 스쿠알란, [106-5] 폴리글리세릴-3다이스테아레이트, [106-6] 글리세린, [106-7] 비닐다이메티콘, [106-8] 실리카, [106-9] 솔비탄스테아레이트, [106-10] 1,2-헥산다이올, [106-11] 세테아릴올리베이트, [106-12] 세라마이드엔피, [106-13] 카프릴릴글라이콜, [106-14] 솔비탄올리베이트, [106-15] 올리브오일불검화물, [106-16] 하이드로제네이티드레시틴, [106-17] 글리세릴스테아레이트시트레이트, [106-18] 폴리아크릴레이트크로스폴리머-6, [106-19] 글리세릴글루코사이드, [106-20] 잔탄검, [106-21] 돌콩오일불검화물, [106-22] 밀배아오일불검화물, [106-23] 토코페롤, [106-24] 아이소말트, [106-25] 수크로오스코코에이트, [106-26] 콜레스테롤, [106-27] 글루코노락톤, [106-28] 에틸헥실글리세린, [106-29] 팔미틱애씨드, [106-30] 카프릴릭/카프릭트라이글리세라이드, [106-31] 꽃가루추출물, [106-32] 다이소듐이디티에이, [106-33] 소듐하이알루로네이트, [106-34] 자일리틸글루코사이드, [106-35] 안하이드로자일리톨, [106-36] t-부틸알코올, [106-37] 폴리글리세릴-10스테아레이트, [106-38] 폴리글리세릴-10올리에이트, [106-39] 자일리톨, [106-40] 글루코오스, [106-41] 알루미늄/마그네슘하이드록사이드스테아레이트, [106-42] 미리스틱애씨드, [106-43] 흰목이버섯폴리사카라이드, [106-44] 소듐스테아로일글루타메이트, [106-45] 스테아릭애씨드, [106-46] 7-데하이드로콜레스테롤, [106-47] 소듐아스코빌포스페이트, [106-48] 칼슘클로라이드, [106-49] 포도즙추출물, [106-50] 정제수, [106-51] 글리세린, [106-52] 다이프로필렌글라이콜, [106-53] 사이클로펜타실록세인, [106-54] 다이카프릴릴에터, [106-55] 세테아릴알코올, [106-56] 베헤닐알코올, [106-57] 1,2-헥산다이올, [106-58] 다이메티콘, [106-59] 글리세릴글루코사이드, [106-60] 다이펜타에리스리틸헥사하이드록시스테아레이트/헥사스테아레이트/헥사로지네이트, [106-61] 세테아릴올리베이트, [106-62] 솔비탄올리베이트, [106-63] 다시마추출물, [106-64] 한련초잎추출물, [106-65] 병풀추출물, [106-66] 무화과추출물, [106-67] 꽃가루추출물, [106-68] 하이드로제네이티드레시틴, [106-69] 올리브오일, [106-70] 퀸즈랜드넛오일, [106-71] 포도씨오일, [106-72] 호호바씨오일, [106-73] 팔미틱애씨드, [106-74] 스테아릭애씨드, [106-75] 다이메티콘올, [106-76] 글리세릴스테아레이트에스이, [106-77] 암모늄아크릴로일다이메틸타우레이트/브이피코폴리머, [106-78] 세테아릴글루코사이드, [106-79] 베타-글루칸, [106-80] 콜레스테롤, [106-81] 잔탄검, [106-82] 프룩토올리고사카라이드, [106-83] 다이소듐이디티에이, [106-84] 세라마이드엔피, [106-85] 식물성스쿠알란, [106-86] 미리스틱애씨드, [106-87] 하이드롤라이즈드하이알루로닉애씨드, [106-88] 올리브오일불검화물, [106-89] 밀배아오일불검화물, [106-90] 돌콩오일불검화물, [106-91] 글루코오스, [106-92] 아이소말트, [106-93] 카프릴릭/카프릭트라이글리세라이드, [106-94] 돌콩스테롤, [106-95] 리놀레익애씨드, [106-96] 포스포리피드, [106-97] 수크로오스팔미테이트, [106-98] 폴리글리세릴-10스테아레이트, [106-99] 폴리글리세릴-10올리에이트, [106-100] 알루미늄/마그네슘하이드록사이드스테아레이트, [106-101] 소듐스테아로일글루타메이트, [106-102] 7-데하이드로콜레스테롤, [106-103] 칼슘클로라이드, [106-104] 피톨, [106-105] 향료, [106-106] 에틸헥실글리세린"
"A000000198947","[톤업/민감성] 아이소이 포맨 블레미쉬 케어 올인원 100ml 기획 (+잡티 올인원 15ml)","아이소이","100.0","115.0","ml","36000.0","25200","2191.3","정제수, 글리세린, 에탄올, 세틸에틸헥사노에이트, 카프릴릭/카프릭트라이글리세라이드, 베타인, 알부틴, 트레할로오스, 판테놀, 알란토인, 귀리가루추출물, 라즈베리추출물, 신선초추출물,밤부사불가리스추출물, 바질추출물, 녹차추출물, 쑥잎추출물, 잔탄검, 알지닌, 카보머, 부틸렌글라이콜, 1,2-헥산다이올, 솔비탄세스퀴올리에이트, 포트마리골드꽃추출물, 황금추출물, 모란뿌리추출물, 스페인감초뿌리추출물, 베르가모트오일, 로즈마리잎오일, 리모넨※, 리날룰※, 시트랄※

※자연유래 에센셜오일 자체에 원래 포함된 성분","","[32-1] 정제수, [32-2] 글리세린, [32-3] 에탄올, [32-4] 세틸에틸헥사노에이트, [32-5] 카프릴릭/카프릭트라이글리세라이드, [32-6] 베타인, [32-7] 알부틴, [32-8] 트레할로오스, [32-9] 판테놀, [32-10] 알란토인, [32-11] 귀리가루추출물, [32-12] 라즈베리추출물, [32-13] 신선초추출물, [32-14] 밤부사불가리스추출물, [32-15] 바질추출물, [32-16] 녹차추출물, [32-17] 쑥잎추출물, [32-18] 잔탄검, [32-19] 알지닌, [32-20] 카보머, [32-21] 부틸렌글라이콜, [32-22] 1,2-헥산다이올, [32-23] 솔비탄세스퀴올리에이트, [32-24] 포트마리골드꽃추출물, [32-25] 황금추출물, [32-26] 모란뿌리추출물, [32-27] 스페인감초뿌리추출물, [32-28] 베르가모트오일, [32-29] 로즈마리잎오일, [32-30] 리모넨※, [32-31] 리날룰※, [32-32] ※자연유래 에센셜오일 자체에 원래 포함된 성분"
"A000000199270","아이오페 맨 프로 레티놀 올인원 120ml 기획 (+30ml)","아이오페","120.0","150.0","ml","38000.0","28500","1900.0","정제수@부틸렌글라이콜@다이카프릴릴카보네이트@글리세린@메틸트라이메티콘@나이아신아마이드@1,2-헥산다이올@하이드로제네이티드폴리(C6-14올레핀)@세테아릴알코올@글리세릴스테아레이트@스테아릭애씨드@팔미틱애씨드@아크릴레이트/C10-30알킬아크릴레이트크로스폴리머@하이드록시에틸아크릴레이트/소듐아크릴로일다이메틸타우레이트코폴리머@트로메타민@돌콩오일@향료@해바라기씨오일@실리카@글리세릴카프릴레이트@소듐스테아로일글루타메이트@하이드로제네이티드레시틴@하이드록시프로필스타치포스페이트@다이소듐이디티에이@에틸헥실글리세린@아데노신@폴리글리세릴-3메틸글루코오스다이스테아레이트@당근추출물@에칠아스코빌에텔@덱스트 린@레티놀@리모넨@솔비탄아이소스테아레이트@맥주효모추출물,리날룰@토코페롤@미리스틱애씨드@비에이치티@아라키딕애씨드@베타-카로틴@펜틸렌글라이콜@라우릭애씨드@카보머@아라비아고무나무검@프로필렌글라이콜알지네이트 * 함량 : 레티놀 504 IU/g &베타-카로틴 7.5 ppm","","[10-1] 정제수@부틸렌글라이콜@다이카프릴릴카보네이트@글리세린@메틸트라이메티콘@나이아신아마이드@1,2-헥산다이올@하이드로제네이티드폴리(C6-14올레핀)@세테아릴알코올@글리세릴스테아레이트@스테아릭애씨드@팔미틱애씨드@아크릴레이트/C10-30알킬아크릴레이트크로스폴리머@하이드록시에틸아크릴레이트/소듐아크릴로일다이메틸타우레이트코폴리머@트로메타민@돌콩오일@향료@해바라기씨오일@실리카@글리세릴카프릴레이트@소듐스테아로일글루타메이트@하이드로제네이티드레시틴@하이드록시프로필스타치포스페이트@다이소듐이디티에이@에틸헥실글리세린@아데노신@폴리글리세릴-3메틸글루코오스다이스테아레이트@당근추출물@에칠아스코빌에텔@덱스트, [10-2] 린@레티놀@리모넨@솔비탄아이소스테아레이트@맥주효모추출물,리날룰@토코페롤@미리스틱애씨드@비에이치티@아라키딕애씨드@베타-카로틴@펜틸렌글라이콜@라우릭애씨드@카보머@아라비아고무나무검@프로필렌글라이콜알지네이트, [10-3] *, [10-4] 함량, [10-5] 레티놀, [10-6] 504, [10-7] IU/g, [10-8] &베타-카로틴, [10-9] 7.5, [10-10] ppm"
"A000000199825","랩시리즈 데일리 레스큐 페이스 로션 50ml","랩시리즈","50.0","50.0","ml","81000.0","68850","13770.0","정제수,나이아신아마이드,옥틸도데칸올,글리세린,부틸렌글라이콜,에틸렌/아크릴릭애씨드코폴리머,비스-피이지-18메틸에터다이메틸실레인,조류추출물,힙네아 무스키포르미스추출물,무수카페인,팔미토일헥사펩타이드-12,아세틸헥사펩타이드-8,제주진득찰추출물,락토바실러스발효물,해바라기씨추출물,유청단백질,만주자작나무껍질추출물,보리추출물,하이드롤라이즈드쌀추출물,발레이추출물,밀배아추출물,호스테일켈프추출물,다이포타슘글리시리제이트,소듐하이알루로네이트,운지버섯추출물,토코페릴아세테이트,아세틸글루코사민,오이열매추출물,레스베라트롤,살리실릭애씨드,다이메티콘,스쿠알란,펜타에리스리틸테트라에틸헥사노에이트,프로필렌글라이콜다이카프레이트,카프릴릴글라이콜,실리카,포타슘글루코네이트,라우레스-4,아크릴레이트/C10-30알킬아크릴레이트크로스폴리머,글리세릴폴리메타크릴레이트,소듐하이드록사이드,다이소듐이디티에이,피이지-8,암모늄아크릴로일다이메틸타우레이트/브이피코폴리머,프로필렌글라이콜카프릴레이트,글리세릴아크릴레이트/아크릴릭애씨드코폴리머,향료,비에이치티,페녹시에탄올,포타슘솔베이트,마이카,티타늄디옥사이드   *제공된 성분은 동일 제품이라도 경우에 따라 변경될 수 있습니다. 최신정보는 제품 포장의 성분을 참고하시거나 본사 고객관리지원팀으로 연락 부탁 드립니다.","","[52-1] 정제수, [52-2] 나이아신아마이드, [52-3] 옥틸도데칸올, [52-4] 글리세린, [52-5] 부틸렌글라이콜, [52-6] 에틸렌/아크릴릭애씨드코폴리머, [52-7] 비스-피이지-18메틸에터다이메틸실레인, [52-8] 조류추출물, [52-9] 힙네아 무스키포르미스추출물, [52-10] 무수카페인, [52-11] 팔미토일헥사펩타이드-12, [52-12] 아세틸헥사펩타이드-8, [52-13] 제주진득찰추출물, [52-14] 락토바실러스발효물, [52-15] 해바라기씨추출물, [52-16] 유청단백질, [52-17] 만주자작나무껍질추출물, [52-18] 보리추출물, [52-19] 하이드롤라이즈드쌀추출물, [52-20] 발레이추출물, [52-21] 밀배아추출물, [52-22] 호스테일켈프추출물, [52-23] 다이포타슘글리시리제이트, [52-24] 소듐하이알루로네이트, [52-25] 운지버섯추출물, [52-26] 토코페릴아세테이트, [52-27] 아세틸글루코사민, [52-28] 오이열매추출물, [52-29] 레스베라트롤, [52-30] 살리실릭애씨드, [52-31] 다이메티콘, [52-32] 스쿠알란, [52-33] 펜타에리스리틸테트라에틸헥사노에이트, [52-34] 프로필렌글라이콜다이카프레이트, [52-35] 카프릴릴글라이콜, [52-36] 실리카, [52-37] 포타슘글루코네이트, [52-38] 라우레스-4, [52-39] 아크릴레이트/C10-30알킬아크릴레이트크로스폴리머, [52-40] 글리세릴폴리메타크릴레이트, [52-41] 소듐하이드록사이드, [52-42] 다이소듐이디티에이, [52-43] 피이지-8, [52-44] 암모늄아크릴로일다이메틸타우레이트/브이피코폴리머, [52-45] 프로필렌글라이콜카프릴레이트, [52-46] 글리세릴아크릴레이트/아크릴릭애씨드코폴리머, [52-47] 향료, [52-48] 비에이치티, [52-49] 페녹시에탄올, [52-50] 포타슘솔베이트, [52-51] 마이카, [52-52] 티타늄디옥사이드   *제공된 성분은 동일 제품이라도 경우에 따라 변경될 수 있습니다. 최신정보는 제품 포장의 성분을 참고하시거나 본사 고객관리지원팀으로 연락 부탁 드립니다."
"A000000201011","[화잘먹/윤광미백] 식물나라 뽀얀쌀 맑은톤 로션 300mL","식물나라","300.0","300.0","ml","","15800","526.7","정제수, 글리세린, 다이프로필렌글라이콜, 카프릴릭/카프릭트라이글리세라이드, 나이아신아마이드, 1,2-헥산다이올, 글리세레스-26, 세틸에틸헥사노에이트, 폴리글리세릴-3메틸글루코오스다이스테아레이트, 하이드로제네이티드폴리데센, 베타인, 부틸렌글라이콜, 글리세릴스테아레이트, 판테놀, 카보머, 세테아릴알코올, 트로메타민, 하이드록시에틸아크릴레이트/소듐아크릴로일다이메틸타우레이트코폴리머, 에틸헥실글리세린, 소듐하이알루로네이트, 쌀추출물, 소듐파이테이트, 솔비탄아이소스테아레이트, 바이오사카라이드검-1, 풀루란, 프룩토올리고사카라이드, 베타-글루칸, 말토덱스트린, 매스틱검, 하이드록시프로필트라이모늄하이알루로네이트, 소듐아세틸레이티드하이알루로네이트, 하이드롤라이즈드하이알루로닉애씨드, 소듐하이알루로네이트크로스폴리머, 하이드롤라이즈드소듐하이알루로네이트, 하이알루로닉애씨드, 포타슘하이알루로네이트","","[36-1] 정제수, [36-2] 글리세린, [36-3] 다이프로필렌글라이콜, [36-4] 카프릴릭/카프릭트라이글리세라이드, [36-5] 나이아신아마이드, [36-6] 1,2-헥산다이올, [36-7] 글리세레스-26, [36-8] 세틸에틸헥사노에이트, [36-9] 폴리글리세릴-3메틸글루코오스다이스테아레이트, [36-10] 하이드로제네이티드폴리데센, [36-11] 베타인, [36-12] 부틸렌글라이콜, [36-13] 글리세릴스테아레이트, [36-14] 판테놀, [36-15] 카보머, [36-16] 세테아릴알코올, [36-17] 트로메타민, [36-18] 하이드록시에틸아크릴레이트/소듐아크릴로일다이메틸타우레이트코폴리머, [36-19] 에틸헥실글리세린, [36-20] 소듐하이알루로네이트, [36-21] 쌀추출물, [36-22] 소듐파이테이트, [36-23] 솔비탄아이소스테아레이트, [36-24] 바이오사카라이드검-1, [36-25] 풀루란, [36-26] 프룩토올리고사카라이드, [36-27] 베타-글루칸, [36-28] 말토덱스트린, [36-29] 매스틱검, [36-30] 하이드록시프로필트라이모늄하이알루로네이트, [36-31] 소듐아세틸레이티드하이알루로네이트, [36-32] 하이드롤라이즈드하이알루로닉애씨드, [36-33] 소듐하이알루로네이트크로스폴리머, [36-34] 하이드롤라이즈드소듐하이알루로네이트, [36-35] 하이알루로닉애씨드, [36-36] 포타슘하이알루로네이트"
"A000000203440","오브제 모이스처 올인원 로션 200ml","오브제","200.0","200.0","ml","","17900","895.0","정제수, 세틸에틸헥사노에이트, 글리세린, 나이아신아마이드, 프로판다이올, 세테아릴알코올, 폴리글리세린-3, 다이프로필렌글라이콜, 하이드록시아세토페논, 다이메티콘, 카프릴릴글라이콜, 하이드록시에틸아크릴레이트/소듐아크릴로일다이메틸타우레이트코폴리머, 올레익애씨드, 아데노신, 다이소듐이디티에이, 솔비탄아이소스테아레이트, 알란토인, 판테놀, 글리세릴글루코사이드, 하이드로제네이티드레시틴, 부틸렌글라이콜, 스테아릭애씨드, 다이포타슘글리시리제이트, 1,2-헥산다이올, 소듐하이알루로네이트, 세라마이드엔피, 라벤더꽃추출물, 보리지추출물, 수레국화꽃추출물, 클레리추출물, 베타-글루칸, 히아신스전초추출물, 마트리카리아꽃추출물, 세라마이드엔에스, 에틸헥실글리세린, 콜레스테롤, 피토스핑고신, 하이알루로닉애씨드, 하이드롤라이즈드하이알루로닉애씨드, 하이드록시프로필트라이모늄하이알루로네이트, 하이드롤라이즈드소듐하이알루로네이트, 포타슘하이알루로네이트, 세라마이드에이피, 펜틸렌글라이콜, 세라마이드에이에스, 소듐하이알루로네이트크로스폴리머, 소듐아세틸레이티드하이알루로네이트, 세라마이드이오피","","[48-1] 정제수, [48-2] 세틸에틸헥사노에이트, [48-3] 글리세린, [48-4] 나이아신아마이드, [48-5] 프로판다이올, [48-6] 세테아릴알코올, [48-7] 폴리글리세린-3, [48-8] 다이프로필렌글라이콜, [48-9] 하이드록시아세토페논, [48-10] 다이메티콘, [48-11] 카프릴릴글라이콜, [48-12] 하이드록시에틸아크릴레이트/소듐아크릴로일다이메틸타우레이트코폴리머, [48-13] 올레익애씨드, [48-14] 아데노신, [48-15] 다이소듐이디티에이, [48-16] 솔비탄아이소스테아레이트, [48-17] 알란토인, [48-18] 판테놀, [48-19] 글리세릴글루코사이드, [48-20] 하이드로제네이티드레시틴, [48-21] 부틸렌글라이콜, [48-22] 스테아릭애씨드, [48-23] 다이포타슘글리시리제이트, [48-24] 1,2-헥산다이올, [48-25] 소듐하이알루로네이트, [48-26] 세라마이드엔피, [48-27] 라벤더꽃추출물, [48-28] 보리지추출물, [48-29] 수레국화꽃추출물, [48-30] 클레리추출물, [48-31] 베타-글루칸, [48-32] 히아신스전초추출물, [48-33] 마트리카리아꽃추출물, [48-34] 세라마이드엔에스, [48-35] 에틸헥실글리세린, [48-36] 콜레스테롤, [48-37] 피토스핑고신, [48-38] 하이알루로닉애씨드, [48-39] 하이드롤라이즈드하이알루로닉애씨드, [48-40] 하이드록시프로필트라이모늄하이알루로네이트, [48-41] 하이드롤라이즈드소듐하이알루로네이트, [48-42] 포타슘하이알루로네이트, [48-43] 세라마이드에이피, [48-44] 펜틸렌글라이콜, [48-45] 세라마이드에이에스, [48-46] 소듐하이알루로네이트크로스폴리머, [48-47] 소듐아세틸레이티드하이알루로네이트, [48-48] 세라마이드이오피"
"A000000203855","[유수분밸런스] 비욘드 엔젤아쿠아 보습 장벽 로션 200ml","비욘드","200.0","200.0","ml","23000.0","16900","845.0","정제수, 글리세린, 카프릴릭/카프릭트라이글리세라이드, 1,2-헥산다이올, 하이드로제네이티드폴리데센, 펜타에리스리틸테트라에틸헥사노에이트, 2,3-부탄다이올, 세테아릴알코올, 시어버터, 판테놀, 하이드로제네이티드에틸헥실올리베이트, 폴리글리세릴-4카프레이트, 솔비탄스테아레이트, 메틸글루코오스세스퀴스테아레이트, 글리세릴스테아레이트, 팔미틱애씨드, 트로메타민, 카보머, 스테아릭애씨드, 코코-카프릴레이트/카프레이트, 트라이헵타노인, 하이드로제네이티드올리브오일불검화물, 토코페릴아세테이트, 향료, C9-12알케인, 세테아릴올리베이트, 다이리놀레익애씨드/부테인다이올코폴리머, 솔비탄올리베이트, 잔탄검, 부틸렌글라이콜, 트라이소듐이디티에이, 하이드록시에틸셀룰로오스, 스쿠알란, 캐스터오일/아이피디아이코폴리머, 전호추출물, 마데카소사이드, 포도덩굴수액, 가시대나무수액, 자작나무수액, 하늘타리뿌리추출물, 하이드롤라이즈드소듐하이알루로네이트, 다이소듐포스페이트, 하이드롤라이즈드하이알루로닉애씨드, 하이드록시프로필트라이모늄하이알루로네이트, 소듐포스페이트, 개똥쑥추출물, 님잎추출물, 녹차추출물, 펜틸렌글라이콜, 세라마이드엔피, 피토스핑고신, 에틸헥실글리세린, 소듐하이알루로네이트, 소듐하이알루로네이트크로스폴리머, 수용성프로테오글리칸, 리모넨, 리날룰, 시트랄","","[58-1] 정제수, [58-2] 글리세린, [58-3] 카프릴릭/카프릭트라이글리세라이드, [58-4] 1,2-헥산다이올, [58-5] 하이드로제네이티드폴리데센, [58-6] 펜타에리스리틸테트라에틸헥사노에이트, [58-7] 2,3-부탄다이올, [58-8] 세테아릴알코올, [58-9] 시어버터, [58-10] 판테놀, [58-11] 하이드로제네이티드에틸헥실올리베이트, [58-12] 폴리글리세릴-4카프레이트, [58-13] 솔비탄스테아레이트, [58-14] 메틸글루코오스세스퀴스테아레이트, [58-15] 글리세릴스테아레이트, [58-16] 팔미틱애씨드, [58-17] 트로메타민, [58-18] 카보머, [58-19] 스테아릭애씨드, [58-20] 코코-카프릴레이트/카프레이트, [58-21] 트라이헵타노인, [58-22] 하이드로제네이티드올리브오일불검화물, [58-23] 토코페릴아세테이트, [58-24] 향료, [58-25] C9-12알케인, [58-26] 세테아릴올리베이트, [58-27] 다이리놀레익애씨드/부테인다이올코폴리머, [58-28] 솔비탄올리베이트, [58-29] 잔탄검, [58-30] 부틸렌글라이콜, [58-31] 트라이소듐이디티에이, [58-32] 하이드록시에틸셀룰로오스, [58-33] 스쿠알란, [58-34] 캐스터오일/아이피디아이코폴리머, [58-35] 전호추출물, [58-36] 마데카소사이드, [58-37] 포도덩굴수액, [58-38] 가시대나무수액, [58-39] 자작나무수액, [58-40] 하늘타리뿌리추출물, [58-41] 하이드롤라이즈드소듐하이알루로네이트, [58-42] 다이소듐포스페이트, [58-43] 하이드롤라이즈드하이알루로닉애씨드, [58-44] 하이드록시프로필트라이모늄하이알루로네이트, [58-45] 소듐포스페이트, [58-46] 개똥쑥추출물, [58-47] 님잎추출물, [58-48] 녹차추출물, [58-49] 펜틸렌글라이콜, [58-50] 세라마이드엔피, [58-51] 피토스핑고신, [58-52] 에틸헥실글리세린, [58-53] 소듐하이알루로네이트, [58-54] 소듐하이알루로네이트크로스폴리머, [58-55] 수용성프로테오글리칸, [58-56] 리모넨, [58-57] 리날룰, [58-58] 시트랄"
"A000000204649","더후 공진향 탄력 에멀젼 110ml","더후","110.0","110.0","ml","77000.0","66900","6081.8","정제수*, 다이메티콘, 글리세린, 부틸렌글라이콜*, 다이프로필렌글라이콜, 1,2-헥산다이올*, 하이드로제네이티드레시틴, 카프릴릭/카프릭트라이글리세라이드, 마카다미아씨오일, 트라이에틸헥사노인, 메틸트라이메티콘, 판테놀, 하이드로제네이티드폴리아이소부텐, 글리세릴스테아레이트, 피이지-100스테아레이트, 피이지-5글리세릴스테아레이트, 변성알코올, 베헤닉애씨드, 스테아릭애씨드, C14-22알코올, 스쿠알란, 베헤닐알코올, 락토바실러스/콩발효추출물, 스테아릴알코올, 쿠푸아수씨버터, 카보머, 효모/감자추출물발효여과물, 효모/보리씨발효여과물, 아라키딜글루코사이드, 시어버터, 미리스틱애씨드, 아데노신, 피이지-10피토스테롤, 폴리실리콘-11, 글라이코리피드, 세라마이드엔피, 콜레스테롤, 천문동뿌리추출물*, 바이오사카라이드검-1, 각시둥굴레뿌리줄기/뿌리추출물, 하수오뿌리추출물, 알지닌*, 밀리타리스동충하초추출물, 동충하초추출물, 글루타믹애씨드*, 산수유열매추출물*, 참당귀뿌리추출물*, 타임추출물*, 카프릴릴글라이콜, 데실글루코사이드, 홍삼추출물, 에틸헥실글리세린*, 인삼추출물, 글라이코프로테인*, 토코페롤, 영지버섯추출물*, 트로메타민, 트라이소듐이디티에이, 티타늄디옥사이드 (CI 77891), 마이카, 적색산화철, 향료, 제라니올, 리날룰, 리모넨, 시트로넬올","","[66-1] 정제수*, [66-2] 다이메티콘, [66-3] 글리세린, [66-4] 부틸렌글라이콜*, [66-5] 다이프로필렌글라이콜, [66-6] 1,2-헥산다이올*, [66-7] 하이드로제네이티드레시틴, [66-8] 카프릴릭/카프릭트라이글리세라이드, [66-9] 마카다미아씨오일, [66-10] 트라이에틸헥사노인, [66-11] 메틸트라이메티콘, [66-12] 판테놀, [66-13] 하이드로제네이티드폴리아이소부텐, [66-14] 글리세릴스테아레이트, [66-15] 피이지-100스테아레이트, [66-16] 피이지-5글리세릴스테아레이트, [66-17] 변성알코올, [66-18] 베헤닉애씨드, [66-19] 스테아릭애씨드, [66-20] C14-22알코올, [66-21] 스쿠알란, [66-22] 베헤닐알코올, [66-23] 락토바실러스/콩발효추출물, [66-24] 스테아릴알코올, [66-25] 쿠푸아수씨버터, [66-26] 카보머, [66-27] 효모/감자추출물발효여과물, [66-28] 효모/보리씨발효여과물, [66-29] 아라키딜글루코사이드, [66-30] 시어버터, [66-31] 미리스틱애씨드, [66-32] 아데노신, [66-33] 피이지-10피토스테롤, [66-34] 폴리실리콘-11, [66-35] 글라이코리피드, [66-36] 세라마이드엔피, [66-37] 콜레스테롤, [66-38] 천문동뿌리추출물*, [66-39] 바이오사카라이드검-1, [66-40] 각시둥굴레뿌리줄기/뿌리추출물, [66-41] 하수오뿌리추출물, [66-42] 알지닌*, [66-43] 밀리타리스동충하초추출물, [66-44] 동충하초추출물, [66-45] 글루타믹애씨드*, [66-46] 산수유열매추출물*, [66-47] 참당귀뿌리추출물*, [66-48] 타임추출물*, [66-49] 카프릴릴글라이콜, [66-50] 데실글루코사이드, [66-51] 홍삼추출물, [66-52] 에틸헥실글리세린*, [66-53] 인삼추출물, [66-54] 글라이코프로테인*, [66-55] 토코페롤, [66-56] 영지버섯추출물*, [66-57] 트로메타민, [66-58] 트라이소듐이디티에이, [66-59] 티타늄디옥사이드 (CI 77891), [66-60] 마이카, [66-61] 적색산화철, [66-62] 향료, [66-63] 제라니올, [66-64] 리날룰, [66-65] 리모넨, [66-66] 시트로넬올"
"A000000204881","AHC 콜라 쥬비네이션 리프트4 트리트먼트 에멀젼 100ml","AHC","100.0","100.0","ml","30000.0","24000","2400.0","정제수, 글리세린, 에틸헥실스테아레이트, 하이드로제네이티드폴리(C6-14올레핀), 베타인, 시어버터, 폴리글리세릴-3다이스테아레이트, 1,2-헥산다이올, 폴리메틸실세스퀴옥세인, 비닐다이메티콘, 글리세릴스테아레이트, 하이드록시아세토페논, 향료, 카보머, 트로메타민, 글리세릴스테아레이트시트레이트, 에틸헥실글리세린, 소듐스테아로일글루타메이트, 아데노신, 폴리글리세릴-10라우레이트, 카프릴릭/카프릭트라이글리세라이드, 하이드로제네이티드레시틴, 토코페롤, 부틸렌글라이콜, 프로판다이올, 알루미늄/마그네슘하이드록사이드스테아레이트, 바오밥나무펄프추출물, 펜틸렌글라이콜, 콜라겐, 기가르티나 스텔라타추출물, 소듐벤조에이트, 잔탄검, 포타슘솔베이트, 올리고펩타이드-1, 베타-알라닐하이드록시프롤릴다이아미노부티로일벤질아마이드, 헥사펩타이드-11, 아세틸테트라펩타이드-9","","[37-1] 정제수, [37-2] 글리세린, [37-3] 에틸헥실스테아레이트, [37-4] 하이드로제네이티드폴리(C6-14올레핀), [37-5] 베타인, [37-6] 시어버터, [37-7] 폴리글리세릴-3다이스테아레이트, [37-8] 1,2-헥산다이올, [37-9] 폴리메틸실세스퀴옥세인, [37-10] 비닐다이메티콘, [37-11] 글리세릴스테아레이트, [37-12] 하이드록시아세토페논, [37-13] 향료, [37-14] 카보머, [37-15] 트로메타민, [37-16] 글리세릴스테아레이트시트레이트, [37-17] 에틸헥실글리세린, [37-18] 소듐스테아로일글루타메이트, [37-19] 아데노신, [37-20] 폴리글리세릴-10라우레이트, [37-21] 카프릴릭/카프릭트라이글리세라이드, [37-22] 하이드로제네이티드레시틴, [37-23] 토코페롤, [37-24] 부틸렌글라이콜, [37-25] 프로판다이올, [37-26] 알루미늄/마그네슘하이드록사이드스테아레이트, [37-27] 바오밥나무펄프추출물, [37-28] 펜틸렌글라이콜, [37-29] 콜라겐, [37-30] 기가르티나 스텔라타추출물, [37-31] 소듐벤조에이트, [37-32] 잔탄검, [37-33] 포타슘솔베이트, [37-34] 올리고펩타이드-1, [37-35] 베타-알라닐하이드록시프롤릴다이아미노부티로일벤질아마이드, [37-36] 헥사펩타이드-11, [37-37] 아세틸테트라펩타이드-9"
"A000000205392","피지오겔 시카밸런스 포맨 카밍 플루이드 100ml (단품/기획)","피지오겔","100.0","100.0","ml","38000.0","29900","2990.0","정제수, 하이드로제네이티드폴리아이소부텐, 부틸렌글라이콜, 다이프로필렌글라이콜, 1,2-헥산다이올, 글리세린, 하이드로제네이티드폴리데센, 나이아신아마이드, 판테놀, 트레할로오스, 폴리메틸실세스퀴옥세인, 스쿠알란, 카프릴릭/카프릭트라이글리세라이드, 살리실릭애씨드, 베타-글루칸, 아시아틱애씨드(0.25 ppm), 마데카소사이드(245 ppm), 아시아티코사이드(0.4 ppm), 마데카식애씨드(0.35 ppm), 토코페롤, 카르니틴, 사코신, 아세타마이드엠이에이, 팔미타마이드엠이에이, 세라마이드엔피, 하이드로제네이티드레시틴, 아크릴레이트/C10-30알킬아크릴레이트크로스폴리머, 하이드록시에틸아크릴레이트/소듐아크릴로일다이메틸타우레이트코폴리머, 솔비탄아이소스테아레이트, 글리세릴아크릴레이트/아크릴릭애씨드코폴리머, 트로메타민","","[31-1] 정제수, [31-2] 하이드로제네이티드폴리아이소부텐, [31-3] 부틸렌글라이콜, [31-4] 다이프로필렌글라이콜, [31-5] 1,2-헥산다이올, [31-6] 글리세린, [31-7] 하이드로제네이티드폴리데센, [31-8] 나이아신아마이드, [31-9] 판테놀, [31-10] 트레할로오스, [31-11] 폴리메틸실세스퀴옥세인, [31-12] 스쿠알란, [31-13] 카프릴릭/카프릭트라이글리세라이드, [31-14] 살리실릭애씨드, [31-15] 베타-글루칸, [31-16] 아시아틱애씨드(0.25 ppm), [31-17] 마데카소사이드(245 ppm), [31-18] 아시아티코사이드(0.4 ppm), [31-19] 마데카식애씨드(0.35 ppm), [31-20] 토코페롤, [31-21] 카르니틴, [31-22] 사코신, [31-23] 아세타마이드엠이에이, [31-24] 팔미타마이드엠이에이, [31-25] 세라마이드엔피, [31-26] 하이드로제네이티드레시틴, [31-27] 아크릴레이트/C10-30알킬아크릴레이트크로스폴리머, [31-28] 하이드록시에틸아크릴레이트/소듐아크릴로일다이메틸타우레이트코폴리머, [31-29] 솔비탄아이소스테아레이트, [31-30] 글리세릴아크릴레이트/아크릴릭애씨드코폴리머, [31-31] 트로메타민"
"A000000206008","아이오페 맨 올데이 퍼펙트 톤업 올인원 120ml 기획(+30ml)","아이오페","120.0","150.0","ml","38000.0","28500","1900.0","정제수, 에칠헥실메톡시신나메이트, 부틸렌글라이콜, 글리세린, 변성알코올, 사이클로펜타실록세인, C12-15알킬벤조에이트, 나이아신아마이드, 다이페닐실록시페닐트라이메티콘, 사이클로헥사실록세인, 티타늄디옥사이드 (CI 77891), 비스-에칠헥실옥시페놀메톡시페닐트리아진, 1,2-헥산다이올, 디에칠아미노하이드록시벤조일헥실벤조에이트, C14-22알코올, 글리세릴스테아레이트, 피이지-100스테아레이트, 실리카, 다이메티콘, 세테아릴알코올, 폴리아크릴레이트-13, C12-20알킬글루코사이드, 암모늄아크릴로일다이메틸타우레이트/브이피코폴리머, 폴리실리콘-11, 폴리아이소부텐, 향료, 카프릴릴글라이콜, 황색산화철, 다이소듐이디티에이, 에틸헥실글리세린, 알루미늄하이드록사이드, 흑색산화철, 아데노신, 카보머, 트라이에톡시카프릴릴실레인, 폴리솔베이트20, 적색산화철, 솔비탄아이소스테아레이트, 비에이치티, 코튼추출물, 토코페롤","","[41-1] 정제수, [41-2] 에칠헥실메톡시신나메이트, [41-3] 부틸렌글라이콜, [41-4] 글리세린, [41-5] 변성알코올, [41-6] 사이클로펜타실록세인, [41-7] C12-15알킬벤조에이트, [41-8] 나이아신아마이드, [41-9] 다이페닐실록시페닐트라이메티콘, [41-10] 사이클로헥사실록세인, [41-11] 티타늄디옥사이드 (CI 77891), [41-12] 비스-에칠헥실옥시페놀메톡시페닐트리아진, [41-13] 1,2-헥산다이올, [41-14] 디에칠아미노하이드록시벤조일헥실벤조에이트, [41-15] C14-22알코올, [41-16] 글리세릴스테아레이트, [41-17] 피이지-100스테아레이트, [41-18] 실리카, [41-19] 다이메티콘, [41-20] 세테아릴알코올, [41-21] 폴리아크릴레이트-13, [41-22] C12-20알킬글루코사이드, [41-23] 암모늄아크릴로일다이메틸타우레이트/브이피코폴리머, [41-24] 폴리실리콘-11, [41-25] 폴리아이소부텐, [41-26] 향료, [41-27] 카프릴릴글라이콜, [41-28] 황색산화철, [41-29] 다이소듐이디티에이, [41-30] 에틸헥실글리세린, [41-31] 알루미늄하이드록사이드, [41-32] 흑색산화철, [41-33] 아데노신, [41-34] 카보머, [41-35] 트라이에톡시카프릴릴실레인, [41-36] 폴리솔베이트20, [41-37] 적색산화철, [41-38] 솔비탄아이소스테아레이트, [41-39] 비에이치티, [41-40] 코튼추출물, [41-41] 토코페롤"
"A000000208029","[여드름/진정케어] 포엘리에 옴므 병풀잎수 66.86% 시카 로션 145ml","포엘리에","145.0","145.0","ml","19600.0","15900","1096.6","병풀잎수(668,653 ppm), 글리세린, 부틸렌글라이콜, 정제수, 다이카프릴릴에터, 1,2-헥산다이올, 나이아신아마이드, 판테놀, 클로렐라 불가리스추출물, 병풀추출물(17 ppm), 병풀잎추출물 (17 ppm), 병풀뿌리추출물(15 ppm), 효모발효물, 바위취추출물, 자일리틸글루코사이드, 자일리톨, 아시아틱애씨드(1 ppm), 아시아티코사이드(1 ppm), 마데카식애씨드(1 ppm), 마데카소사이드(1 ppm), 안하이드로자일리톨, 카프릴릭/카프릭트라이글리세라이드, 하이드로제네이티드레시틴, 세라마이드엔피, 소듐스테아로일글루타메이트, 펜틸렌글라이콜, 글루코오스, 베타인, 프룩토올리고사카라이드, 프룩토오스, 세테아릴올리베이트, 알란토인, 프로판다이올, 아데노신, 솔비탄올리베이트, 베타-글루칸, 잔탄검, 하이드로제네이티드폴리데센, 비닐다이메티콘, 카프릴릴메티콘, 하이드록시에틸아크릴레이트/소듐아크릴로일다이메틸타우레이트코폴리머, 다이메티콘올, 아크릴레이트/C10-30알킬아크릴레이트크로스폴리머, 트로메타민, 글리세릴아크릴레이트/아크릴릭애씨드코폴리머, 에틸헥실글리세린, 소듐파이테이트, 토코페롤, 카프릴로일살리실릭애씨드","","[50-1] 병풀잎수(668, [50-2] 653 ppm), [50-3] 글리세린, [50-4] 부틸렌글라이콜, [50-5] 정제수, [50-6] 다이카프릴릴에터, [50-7] 1,2-헥산다이올, [50-8] 나이아신아마이드, [50-9] 판테놀, [50-10] 클로렐라 불가리스추출물, [50-11] 병풀추출물(17 ppm), [50-12] 병풀잎추출물 (17 ppm), [50-13] 병풀뿌리추출물(15 ppm), [50-14] 효모발효물, [50-15] 바위취추출물, [50-16] 자일리틸글루코사이드, [50-17] 자일리톨, [50-18] 아시아틱애씨드(1 ppm), [50-19] 아시아티코사이드(1 ppm), [50-20] 마데카식애씨드(1 ppm), [50-21] 마데카소사이드(1 ppm), [50-22] 안하이드로자일리톨, [50-23] 카프릴릭/카프릭트라이글리세라이드, [50-24] 하이드로제네이티드레시틴, [50-25] 세라마이드엔피, [50-26] 소듐스테아로일글루타메이트, [50-27] 펜틸렌글라이콜, [50-28] 글루코오스, [50-29] 베타인, [50-30] 프룩토올리고사카라이드, [50-31] 프룩토오스, [50-32] 세테아릴올리베이트, [50-33] 알란토인, [50-34] 프로판다이올, [50-35] 아데노신, [50-36] 솔비탄올리베이트, [50-37] 베타-글루칸, [50-38] 잔탄검, [50-39] 하이드로제네이티드폴리데센, [50-40] 비닐다이메티콘, [50-41] 카프릴릴메티콘, [50-42] 하이드록시에틸아크릴레이트/소듐아크릴로일다이메틸타우레이트코폴리머, [50-43] 다이메티콘올, [50-44] 아크릴레이트/C10-30알킬아크릴레이트크로스폴리머, [50-45] 트로메타민, [50-46] 글리세릴아크릴레이트/아크릴릭애씨드코폴리머, [50-47] 에틸헥실글리세린, [50-48] 소듐파이테이트, [50-49] 토코페롤, [50-50] 카프릴로일살리실릭애씨드"
"A000000208425","로레알파리 맨 이드라파워 쿨링 올인원 120ml","로레알맨","120.0","120.0","ml","","20000","1666.7","정제수,솔비톨,라우릭애씨드,스테아릭애씨드,미리스틱애씨드,포타슘하이드록사이드,글라이콜다이스테아레이트,팔미틱애씨드,카올린,소듐코코암포아세테이트,코코-베타인,알로에베라잎즙가루,소듐아세틸레이티드하이알루로네이트,소듐클로라이드,소듐하이알루로네이트,비피다발효용해물,아스코빌글루코사이드,다이소듐이디티에이,하이드록시프로필메틸셀룰로오스,락틱애씨드,아세틱애씨드,폴리쿼터늄-7,소듐벤조에이트,페녹시에탄올,청색1호,향료","","[26-1] 정제수, [26-2] 솔비톨, [26-3] 라우릭애씨드, [26-4] 스테아릭애씨드, [26-5] 미리스틱애씨드, [26-6] 포타슘하이드록사이드, [26-7] 글라이콜다이스테아레이트, [26-8] 팔미틱애씨드, [26-9] 카올린, [26-10] 소듐코코암포아세테이트, [26-11] 코코-베타인, [26-12] 알로에베라잎즙가루, [26-13] 소듐아세틸레이티드하이알루로네이트, [26-14] 소듐클로라이드, [26-15] 소듐하이알루로네이트, [26-16] 비피다발효용해물, [26-17] 아스코빌글루코사이드, [26-18] 다이소듐이디티에이, [26-19] 하이드록시프로필메틸셀룰로오스, [26-20] 락틱애씨드, [26-21] 아세틱애씨드, [26-22] 폴리쿼터늄-7, [26-23] 소듐벤조에이트, [26-24] 페녹시에탄올, [26-25] 청색1호, [26-26] 향료"
"A000000208721","스콧해미쉬 블루 블렌디드 로션 에센스 180ml","스콧해미쉬","180.0","180.0","ml","55000.0","38500","2138.9","정제수, 프로판다이올, 에탄올, 1,2-헥산다이올, 나이아신아마이드, 글리세린, 메틸프로판다이올, 에틸헥실스테아레이트, 트레할로오스, 실리카, 메틸트라이메티콘, 세테아릴글루코사이드, 솔비탄올리베이트, 병풀추출물, 무화과추출물, 다시마추출물, 한련초잎추출물, 올레라케아아크멜라추출물, 당느릅나무뿌리추출물, 줄맨드라미씨추출물, 귀리가루추출물, 기장추출물, 보리추출물, 쌀추출물, 호밀추출물, 라케모사승마뿌리추출물, 흰무늬엉겅퀴추출물, 맥아추출물, 하이드로제네이티드레시틴, 소듐하이알루로네이트, 세테아릴알코올, 솔비탄스테아레이트, 소듐폴리아크릴로일다이메틸타우레이트, 부틸렌글라이콜, 잔탄검, 아데노신, 베헤닐알코올, 다이소듐이디티에이, 프룩토올리고사카라이드, 글리세릴스테아레이트에스이, 베타-글루칸, 콜레스테롤, 세라마이드엔피, 하이드롤라이즈드하이알루로닉애씨드, 소듐하이알루로네이트크로스폴리머, 칼슘판토테네이트, 말토덱스트린, 소듐스타치옥테닐석시네이트, 글라이신, 베타인, 세린, 소듐피씨에이, 솔비톨, 알라닌, 알지닌, 옥수수전분, 트레오닌, 프롤린, 하이알루로닉애씨드, 소듐아스코빌포스페이트, 글루타믹애씨드, 라이신, 토코페릴아세테이트, 피리독신에이치씨엘, 하이드롤라이즈드소듐하이알루로네이트, 레스베라트롤, 향료, 에틸헥실글리세린, 펜틸렌글라이콜, 리모넨, 리날룰","","[71-1] 정제수, [71-2] 프로판다이올, [71-3] 에탄올, [71-4] 1,2-헥산다이올, [71-5] 나이아신아마이드, [71-6] 글리세린, [71-7] 메틸프로판다이올, [71-8] 에틸헥실스테아레이트, [71-9] 트레할로오스, [71-10] 실리카, [71-11] 메틸트라이메티콘, [71-12] 세테아릴글루코사이드, [71-13] 솔비탄올리베이트, [71-14] 병풀추출물, [71-15] 무화과추출물, [71-16] 다시마추출물, [71-17] 한련초잎추출물, [71-18] 올레라케아아크멜라추출물, [71-19] 당느릅나무뿌리추출물, [71-20] 줄맨드라미씨추출물, [71-21] 귀리가루추출물, [71-22] 기장추출물, [71-23] 보리추출물, [71-24] 쌀추출물, [71-25] 호밀추출물, [71-26] 라케모사승마뿌리추출물, [71-27] 흰무늬엉겅퀴추출물, [71-28] 맥아추출물, [71-29] 하이드로제네이티드레시틴, [71-30] 소듐하이알루로네이트, [71-31] 세테아릴알코올, [71-32] 솔비탄스테아레이트, [71-33] 소듐폴리아크릴로일다이메틸타우레이트, [71-34] 부틸렌글라이콜, [71-35] 잔탄검, [71-36] 아데노신, [71-37] 베헤닐알코올, [71-38] 다이소듐이디티에이, [71-39] 프룩토올리고사카라이드, [71-40] 글리세릴스테아레이트에스이, [71-41] 베타-글루칸, [71-42] 콜레스테롤, [71-43] 세라마이드엔피, [71-44] 하이드롤라이즈드하이알루로닉애씨드, [71-45] 소듐하이알루로네이트크로스폴리머, [71-46] 칼슘판토테네이트, [71-47] 말토덱스트린, [71-48] 소듐스타치옥테닐석시네이트, [71-49] 글라이신, [71-50] 베타인, [71-51] 세린, [71-52] 소듐피씨에이, [71-53] 솔비톨, [71-54] 알라닌, [71-55] 알지닌, [71-56] 옥수수전분, [71-57] 트레오닌, [71-58] 프롤린, [71-59] 하이알루로닉애씨드, [71-60] 소듐아스코빌포스페이트, [71-61] 글루타믹애씨드, [71-62] 라이신, [71-63] 토코페릴아세테이트, [71-64] 피리독신에이치씨엘, [71-65] 하이드롤라이즈드소듐하이알루로네이트, [71-66] 레스베라트롤, [71-67] 향료, [71-68] 에틸헥실글리세린, [71-69] 펜틸렌글라이콜, [71-70] 리모넨, [71-71] 리날룰"
"A000000208724","[오리지널 PDRN 부스팅]리쥬란 리커버 힐러 부스팅 젤 200ml","리쥬란","200.0","200.0","ml","45000.0","42000","2100.0","정제수, 글리세린,1,2-헥산다이올, 나이아신아마이드, 메틸프로판다이올, 암모늄아크릴로일다이메틸타우레이트/브이피코폴리머, 무화과추출물, 병풀추출물, 당느릅나무뿌리추출물, 줄맨드라미씨추출물, 하이드로제네이티드레시틴, 옥틸도데세스-16, 하이드롤라이즈드디엔에이, 카보머, 트로메타민, 아데노신, 부틸렌글라이콜, 글리세릴글루코사이드, 세라마이드엔피, 수용성프로테오글리칸, 하이드롤라이즈드엘라스틴, 하이드롤라이즈드콜라겐, 토코페롤, 향료, 에틸헥실글리세린","","[25-1] 정제수, [25-2] 글리세린, [25-3] 1,2-헥산다이올, [25-4] 나이아신아마이드, [25-5] 메틸프로판다이올, [25-6] 암모늄아크릴로일다이메틸타우레이트/브이피코폴리머, [25-7] 무화과추출물, [25-8] 병풀추출물, [25-9] 당느릅나무뿌리추출물, [25-10] 줄맨드라미씨추출물, [25-11] 하이드로제네이티드레시틴, [25-12] 옥틸도데세스-16, [25-13] 하이드롤라이즈드디엔에이, [25-14] 카보머, [25-15] 트로메타민, [25-16] 아데노신, [25-17] 부틸렌글라이콜, [25-18] 글리세릴글루코사이드, [25-19] 세라마이드엔피, [25-20] 수용성프로테오글리칸, [25-21] 하이드롤라이즈드엘라스틴, [25-22] 하이드롤라이즈드콜라겐, [25-23] 토코페롤, [25-24] 향료, [25-25] 에틸헥실글리세린"
"A000000208897","아이디얼 포 맨 퍼펙트 탄력 로션 150mL","아이디얼포맨","150.0","150.0","ml","","18000","1200.0","정제수,글리세린,카프릴릭/카프릭트라이글리세라이드,1,2-헥산다이올,글리세레스-26,나이아신아마이드,폴리글리세린-3,세테아릴올리베이트,베헤닐알코올,비닐다이메티콘,스페인감초뿌리추출물,작약뿌리추출물,천궁뿌리추출물,칡뿌리추출물,무화과추출물,병풀추출물,쇠비름추출물,콜라겐추출물,살구씨오일,소듐하이알루로네이트,하이드로제네이티드레시틴,수용성콜라겐,알로에베라잎즙,솔비탄올리베이트,스쿠알란,포타슘세틸포스페이트,다이메티콘/비닐다이메티콘크로스폴리머,피토스테릴/이소스테아릴/세틸/스테아릴/베헤닐다이머디리놀리에이트,글리세릴스테아레이트,세틸알코올,하이드로제네이티드팜글리세라이즈,소듐스테아로일글루타메이트,알지닌,카보머,부틸렌글라이콜,수크로오스스테아레이트,수크로오스트라이스테아레이트,에틸헥실글리세린,시어버터,아데노신,폴리글리세릴-10미리스테이트,하이드록시아세토페논,잔탄검,스키조사카로미세스발효여과물,세라마이드엔피,토코페롤,말토덱스트린,하이드롤라이즈드식물성단백질,레티놀,에이치디아이/트라이메틸올헥실락톤크로스폴리머,하이드롤라이즈드엘라스틴,폴리비닐알코올,메틸프로판다이올,프로테아제,카프릴릴글라이콜,아세틸테트라펩타이드-5,페닐프로판올,아세틸헥사펩타이드-1","","[58-1] 정제수, [58-2] 글리세린, [58-3] 카프릴릭/카프릭트라이글리세라이드, [58-4] 1,2-헥산다이올, [58-5] 글리세레스-26, [58-6] 나이아신아마이드, [58-7] 폴리글리세린-3, [58-8] 세테아릴올리베이트, [58-9] 베헤닐알코올, [58-10] 비닐다이메티콘, [58-11] 스페인감초뿌리추출물, [58-12] 작약뿌리추출물, [58-13] 천궁뿌리추출물, [58-14] 칡뿌리추출물, [58-15] 무화과추출물, [58-16] 병풀추출물, [58-17] 쇠비름추출물, [58-18] 콜라겐추출물, [58-19] 살구씨오일, [58-20] 소듐하이알루로네이트, [58-21] 하이드로제네이티드레시틴, [58-22] 수용성콜라겐, [58-23] 알로에베라잎즙, [58-24] 솔비탄올리베이트, [58-25] 스쿠알란, [58-26] 포타슘세틸포스페이트, [58-27] 다이메티콘/비닐다이메티콘크로스폴리머, [58-28] 피토스테릴/이소스테아릴/세틸/스테아릴/베헤닐다이머디리놀리에이트, [58-29] 글리세릴스테아레이트, [58-30] 세틸알코올, [58-31] 하이드로제네이티드팜글리세라이즈, [58-32] 소듐스테아로일글루타메이트, [58-33] 알지닌, [58-34] 카보머, [58-35] 부틸렌글라이콜, [58-36] 수크로오스스테아레이트, [58-37] 수크로오스트라이스테아레이트, [58-38] 에틸헥실글리세린, [58-39] 시어버터, [58-40] 아데노신, [58-41] 폴리글리세릴-10미리스테이트, [58-42] 하이드록시아세토페논, [58-43] 잔탄검, [58-44] 스키조사카로미세스발효여과물, [58-45] 세라마이드엔피, [58-46] 토코페롤, [58-47] 말토덱스트린, [58-48] 하이드롤라이즈드식물성단백질, [58-49] 레티놀, [58-50] 에이치디아이/트라이메틸올헥실락톤크로스폴리머, [58-51] 하이드롤라이즈드엘라스틴, [58-52] 폴리비닐알코올, [58-53] 메틸프로판다이올, [58-54] 프로테아제, [58-55] 카프릴릴글라이콜, [58-56] 아세틸테트라펩타이드-5, [58-57] 페닐프로판올, [58-58] 아세틸헥사펩타이드-1"
"A000000209714","더페이스샵 더젠틀포맨 올인원 에센스 135ml","더페이스샵","135.0","135.0","ml","","27000","2000.0","정제수, 변성알코올, 나이아신아마이드, 프로판다이올, 글리세린, 1,2-헥산다이올, 사이클로펜타실록세인, 비스-피이지-18메틸에터다이메틸실레인, 판테놀, 트레할로오스, 트라이에틸헥사노인, 양까막까치밥나무열매추출물, 흰버드나무껍질추출물, 아데노신, 베타-글루칸, 하이드로제네이티드레시틴, 다이메티콘, 아크릴레이트/C10-30알킬아크릴레이트크로스폴리머, 암모늄아크릴로일다이메틸타우레이트/브이피코폴리머, 트로메타민, 에틸헥실글리세린, 페녹시에탄올, 트라이소듐이디티에이, 향료, 리모넨, 벤질벤조에이트, 리날룰, 헥실신남알, 시트랄","","[29-1] 정제수, [29-2] 변성알코올, [29-3] 나이아신아마이드, [29-4] 프로판다이올, [29-5] 글리세린, [29-6] 1,2-헥산다이올, [29-7] 사이클로펜타실록세인, [29-8] 비스-피이지-18메틸에터다이메틸실레인, [29-9] 판테놀, [29-10] 트레할로오스, [29-11] 트라이에틸헥사노인, [29-12] 양까막까치밥나무열매추출물, [29-13] 흰버드나무껍질추출물, [29-14] 아데노신, [29-15] 베타-글루칸, [29-16] 하이드로제네이티드레시틴, [29-17] 다이메티콘, [29-18] 아크릴레이트/C10-30알킬아크릴레이트크로스폴리머, [29-19] 암모늄아크릴로일다이메틸타우레이트/브이피코폴리머, [29-20] 트로메타민, [29-21] 에틸헥실글리세린, [29-22] 페녹시에탄올, [29-23] 트라이소듐이디티에이, [29-24] 향료, [29-25] 리모넨, [29-26] 벤질벤조에이트, [29-27] 리날룰, [29-28] 헥실신남알, [29-29] 시트랄"
"A000000210473","더샘 에코 에너지 올인원 2종 택 1","더샘","","","","23000.0","16100","","모이스처밀크)정제수, 글리세린, 하이드로제네이티드폴리(C6-14올레핀), 1,2-헥산다이올, 나이아신아마이드, 폴리글리세릴-3다이스테아레이트, 글리세릴스테아레이트에스이, 글리세릴스테아레이트시트레이트, 아크릴레이트/C10-30알킬아크릴레이트크로스폴리머, 향료, 트로메타민, 아데노신, 다이소듐이디티에이, 부틸렌글라이콜, 프로판다이올, 카프릴릴글라이콜, 루이보스잎추출물, 타임추출물, 회향잎추출물, 불가리스쑥추출물, 포트마리골드꽃추출물, 황금추출물, 마편초잎추출물, 모하비유카뿌리추출물, 보검선인장줄기추출물, 사발팜열매추출물, 쐐기풀추출물, 라벤더꽃추출물, 레몬밤잎추출물, 로즈마리잎추출물, 마조람잎추출물, 마트리카리아꽃추출물, 살비아잎추출물, 타임잎추출물, 에틸헥실글리세린, 리모넨, 리날룰
수딩에센스)정제수, 프로판다이올, 페닐트라이메티콘, 부틸렌글라이콜, 글리세린, 나이아신아마이드, 변성알코올, 1,2-헥산다이올, 다이에톡시에틸석시네이트, 암모늄폴리아크릴로일다이메틸타우레이트, 다이프로필렌글라이콜, 향료, 알란토인, 에틸헥실글리세린, 아데노신, 다이소듐이디티에이, 잔탄검, 쇠비름추출물, 알지닌, 로즈마리잎추출물, 라벤더꽃추출물, 레몬밤잎추출물, 마조람잎추출물, 마트리카리아꽃추출물, 바이오사카라이드검-1, 살비아잎추출물, 에난티아 클로란타껍질추출물, 타임잎추출물, 카프릴릴글라이콜, 약모밀추출물, 들깨잎추출물, 병풀추출물, 서양민들레추출물, 신선초추출물, 케이프알로에잎추출물, 루이보스잎추출물, 타임추출물, 회향잎추출물, 올레아놀릭애씨드, 리모넨, 리날룰, 제라니올","","[78-1] 정제수, [78-2] 글리세린, [78-3] 하이드로제네이티드폴리(C6-14올레핀), [78-4] 1,2-헥산다이올, [78-5] 나이아신아마이드, [78-6] 폴리글리세릴-3다이스테아레이트, [78-7] 글리세릴스테아레이트에스이, [78-8] 글리세릴스테아레이트시트레이트, [78-9] 아크릴레이트/C10-30알킬아크릴레이트크로스폴리머, [78-10] 향료, [78-11] 트로메타민, [78-12] 아데노신, [78-13] 다이소듐이디티에이, [78-14] 부틸렌글라이콜, [78-15] 프로판다이올, [78-16] 카프릴릴글라이콜, [78-17] 루이보스잎추출물, [78-18] 타임추출물, [78-19] 회향잎추출물, [78-20] 불가리스쑥추출물, [78-21] 포트마리골드꽃추출물, [78-22] 황금추출물, [78-23] 마편초잎추출물, [78-24] 모하비유카뿌리추출물, [78-25] 보검선인장줄기추출물, [78-26] 사발팜열매추출물, [78-27] 쐐기풀추출물, [78-28] 라벤더꽃추출물, [78-29] 레몬밤잎추출물, [78-30] 로즈마리잎추출물, [78-31] 마조람잎추출물, [78-32] 마트리카리아꽃추출물, [78-33] 살비아잎추출물, [78-34] 타임잎추출물, [78-35] 에틸헥실글리세린, [78-36] 리모넨, [78-37] 수딩에센스)정제수, [78-38] 프로판다이올, [78-39] 페닐트라이메티콘, [78-40] 부틸렌글라이콜, [78-41] 글리세린, [78-42] 나이아신아마이드, [78-43] 변성알코올, [78-44] 1,2-헥산다이올, [78-45] 다이에톡시에틸석시네이트, [78-46] 암모늄폴리아크릴로일다이메틸타우레이트, [78-47] 다이프로필렌글라이콜, [78-48] 향료, [78-49] 알란토인, [78-50] 에틸헥실글리세린, [78-51] 아데노신, [78-52] 다이소듐이디티에이, [78-53] 잔탄검, [78-54] 쇠비름추출물, [78-55] 알지닌, [78-56] 로즈마리잎추출물, [78-57] 라벤더꽃추출물, [78-58] 레몬밤잎추출물, [78-59] 마조람잎추출물, [78-60] 마트리카리아꽃추출물, [78-61] 바이오사카라이드검-1, [78-62] 살비아잎추출물, [78-63] 에난티아 클로란타껍질추출물, [78-64] 타임잎추출물, [78-65] 카프릴릴글라이콜, [78-66] 약모밀추출물, [78-67] 들깨잎추출물, [78-68] 병풀추출물, [78-69] 서양민들레추출물, [78-70] 신선초추출물, [78-71] 케이프알로에잎추출물, [78-72] 루이보스잎추출물, [78-73] 타임추출물, [78-74] 회향잎추출물, [78-75] 올레아놀릭애씨드, [78-76] 리모넨, [78-77] 리날룰, [78-78] 제라니올"
"A000000210476","더샘 클래식 옴므 올인원 에센스","더샘","","","","30000.0","21000","","정제수, 서양산사자열매추출물, 부틸렌글라이콜, 프로판다이올, 글리세린, 1,2-헥산다이올, 다이메티콘, 나이아신아마이드, 스쿠알란, 트라이에틸헥사노인, 폴리글리세린-3, 피이지-60글리세릴아이소스테아레이트, 에틸헥실올리베이트, 팔미틱애씨드, 소듐아크릴레이트코폴리머, 스테아릭애씨드, 카보머, 폴리글리세릴-4올리에이트, 트레할로오스, 포타슘하이드록사이드, 에틸헥실글리세린, 다이소듐이디티에이, 글리세릴글루코사이드, 마카뿌리추출물, 말토덱스트린, 미리스틱애씨드, 다마스크장미꽃수, 슈도알테로모나스발효추출물, 카프릴릭/카프릭트라이글리세라이드, 올리브오일, 하이드로제네이티드레시틴, 시어버터, 페네틸알코올, 폴리글리세릴-10라우레이트, 소듐카라기난, 카프릴릴글라이콜, 야니아 루벤스추출물, 콜레스테롤, 세라마이드엔피, 아세틸피토스핑고신, 트라이펩타이드-1, 피토스핑고신, 팔미토일펜타펩타이드-4, 알라닌/히스티딘/라이신폴리펩타이드카퍼에이치씨엘, 아세틸헥사펩타이드-8, 카퍼트라이펩타이드-1, 헥사펩타이드-9, 헥사펩타이드-11, 팔미토일트라이펩타이드-1, 노나펩타이드-1, 아데노신, 세테아릴알코올, 향료, 시트랄, 제라니올, 리날룰, 시트로넬올, 리모넨","","[58-1] 정제수, [58-2] 서양산사자열매추출물, [58-3] 부틸렌글라이콜, [58-4] 프로판다이올, [58-5] 글리세린, [58-6] 1,2-헥산다이올, [58-7] 다이메티콘, [58-8] 나이아신아마이드, [58-9] 스쿠알란, [58-10] 트라이에틸헥사노인, [58-11] 폴리글리세린-3, [58-12] 피이지-60글리세릴아이소스테아레이트, [58-13] 에틸헥실올리베이트, [58-14] 팔미틱애씨드, [58-15] 소듐아크릴레이트코폴리머, [58-16] 스테아릭애씨드, [58-17] 카보머, [58-18] 폴리글리세릴-4올리에이트, [58-19] 트레할로오스, [58-20] 포타슘하이드록사이드, [58-21] 에틸헥실글리세린, [58-22] 다이소듐이디티에이, [58-23] 글리세릴글루코사이드, [58-24] 마카뿌리추출물, [58-25] 말토덱스트린, [58-26] 미리스틱애씨드, [58-27] 다마스크장미꽃수, [58-28] 슈도알테로모나스발효추출물, [58-29] 카프릴릭/카프릭트라이글리세라이드, [58-30] 올리브오일, [58-31] 하이드로제네이티드레시틴, [58-32] 시어버터, [58-33] 페네틸알코올, [58-34] 폴리글리세릴-10라우레이트, [58-35] 소듐카라기난, [58-36] 카프릴릴글라이콜, [58-37] 야니아 루벤스추출물, [58-38] 콜레스테롤, [58-39] 세라마이드엔피, [58-40] 아세틸피토스핑고신, [58-41] 트라이펩타이드-1, [58-42] 피토스핑고신, [58-43] 팔미토일펜타펩타이드-4, [58-44] 알라닌/히스티딘/라이신폴리펩타이드카퍼에이치씨엘, [58-45] 아세틸헥사펩타이드-8, [58-46] 카퍼트라이펩타이드-1, [58-47] 헥사펩타이드-9, [58-48] 헥사펩타이드-11, [58-49] 팔미토일트라이펩타이드-1, [58-50] 노나펩타이드-1, [58-51] 아데노신, [58-52] 세테아릴알코올, [58-53] 향료, [58-54] 시트랄, [58-55] 제라니올, [58-56] 리날룰, [58-57] 시트로넬올, [58-58] 리모넨"
"A000000210666","비오템옴므 아쿠아파워 올인원 스틱 세트 (+올인원 20ml)","비오템","20.0","20.0","ml","42000.0","30660","15330.0","정제수 다이카프릴릴카보네이트 부틸렌글라이콜 아이소데실네오펜타노에이트 합성왁스 다이메티콘 마이크로크리스탈린왁스 글리세린 나이아신아마이드 라우릴피이지-8다이메티콘 소듐클로라이드 다이프로필렌글라이콜 1,2-헥산다이올 카프릴릭/카프릭트라이글리세라이드 솔비탄세스퀴올리에이트 글리세릴카프릴레이트 다이메티콘/피이지-10/15크로스폴리머 토코페롤 멘톨 멘틸락테이트 향료 스테아랄코늄헥토라이트 소듐하이알루로네이트 세라마이드엔피 프로필렌카보네이트 아데노신 비트레오스실라발효물 티타늄디옥사이드 리날룰 리모넨 크로뮴옥사이드그린 울트라마린 소듐시트레이트 벤질살리실레이트 하이드록시시트로넬알 시트로넬올 트라이에톡시카프릴릴실레인 알루미늄하이드록사이드","","[38-1] 정제수, [38-2] 다이카프릴릴카보네이트, [38-3] 부틸렌글라이콜, [38-4] 아이소데실네오펜타노에이트, [38-5] 합성왁스, [38-6] 다이메티콘, [38-7] 마이크로크리스탈린왁스, [38-8] 글리세린, [38-9] 나이아신아마이드, [38-10] 라우릴피이지-8다이메티콘, [38-11] 소듐클로라이드, [38-12] 다이프로필렌글라이콜, [38-13] 1,2-헥산다이올, [38-14] 카프릴릭/카프릭트라이글리세라이드, [38-15] 솔비탄세스퀴올리에이트, [38-16] 글리세릴카프릴레이트, [38-17] 다이메티콘/피이지-10/15크로스폴리머, [38-18] 토코페롤, [38-19] 멘톨, [38-20] 멘틸락테이트, [38-21] 향료, [38-22] 스테아랄코늄헥토라이트, [38-23] 소듐하이알루로네이트, [38-24] 세라마이드엔피, [38-25] 프로필렌카보네이트, [38-26] 아데노신, [38-27] 비트레오스실라발효물, [38-28] 티타늄디옥사이드, [38-29] 리날룰, [38-30] 리모넨, [38-31] 크로뮴옥사이드그린, [38-32] 울트라마린, [38-33] 소듐시트레이트, [38-34] 벤질살리실레이트, [38-35] 하이드록시시트로넬알, [38-36] 시트로넬올, [38-37] 트라이에톡시카프릴릴실레인, [38-38] 알루미늄하이드록사이드"
"A000000210922","더페이스샵 네오클래식 옴므 블랙 에센셜 올인원 트리트먼트 110ml","더페이스샵","110.0","110.0","ml","","28000","2545.5","맥아추출물, 정제수, 변성알코올, 나이아신아마이드, 프로판디올, 비스-피이지-18메칠에텔디메칠실란, 트레할로스, 판테놀, 글리세린, 디메치콘/비닐디메치콘크로스폴리머, 1,2-헥산디올, 사이클로펜타실록산, 트리에칠헥사노인, 페녹시에탄올, 암모늄아크릴로일디메칠타우레이트/브이피코폴리머, 향료, 아크릴레이트/C10-30알킬아크릴레이트크로스폴리머, 트로메타민, 아데노신, C12-14파레스-12, 트리소듐이디티에이, 글리세릴폴리메타크릴레이트, 베타-글루칸, 프로필렌글라이콜, 팔미토일트리펩타이드-1, 헥실신남알, 리모넨, 리날룰","","[28-1] 맥아추출물, [28-2] 정제수, [28-3] 변성알코올, [28-4] 나이아신아마이드, [28-5] 프로판디올, [28-6] 비스-피이지-18메칠에텔디메칠실란, [28-7] 트레할로스, [28-8] 판테놀, [28-9] 글리세린, [28-10] 디메치콘/비닐디메치콘크로스폴리머, [28-11] 1,2-헥산디올, [28-12] 사이클로펜타실록산, [28-13] 트리에칠헥사노인, [28-14] 페녹시에탄올, [28-15] 암모늄아크릴로일디메칠타우레이트/브이피코폴리머, [28-16] 향료, [28-17] 아크릴레이트/C10-30알킬아크릴레이트크로스폴리머, [28-18] 트로메타민, [28-19] 아데노신, [28-20] C12-14파레스-12, [28-21] 트리소듐이디티에이, [28-22] 글리세릴폴리메타크릴레이트, [28-23] 베타-글루칸, [28-24] 프로필렌글라이콜, [28-25] 팔미토일트리펩타이드-1, [28-26] 헥실신남알, [28-27] 리모넨, [28-28] 리날룰"
"A000000211493","설화수 맨 본윤유액 90ml","설화수","90.0","90.0","ml","52000.0","46800","5200.0","정제수, 프로판다이올, 글리세린, 스쿠알란, 카프릴릭/카프릭트라이글리세라이드, 펜타에리스리틸테트라에틸헥사노에이트, 베헤닐알코올, 다이메티콘, 부틸렌글라이콜, 1, 2-헥산다이올, 글리세릴스테아레이트, 스테아릭애씨드, 하이드로제네이티드레시틴, 콜레스테롤, 팔미틱애씨드, 합성플루오르플로고파이트, 향료, 티타늄디옥사이드 (CI 77891), 하이드록시프로필비스팔미타마이드엠이에이, 잔탄검, 글리세릴카프릴레이트, 카보머, 트로메타민, 다이소듐이디티에이, 리모넨, 에틸헥실글리세린, 아데노신, 리날룰, 페녹시에탄올, 비타민나무열매추출물, 원추리꽃추출물, 감초뿌리추출물, 소엽맥문동뿌리추출물, 벤질벤조에이트, 인삼추출물, 틴옥사이드, 가시오갈피뿌리추출물, 황벽나무껍질추출물, 생강뿌리줄기추출물, 황금추출물, 미리스틱애씨드, 아라키딕애씨드, 신나밀알코올, 영지버섯추출물, 쌀발효여과물, 시트랄, 제라니올, 토코페롤","","[48-1] 정제수, [48-2] 프로판다이올, [48-3] 글리세린, [48-4] 스쿠알란, [48-5] 카프릴릭/카프릭트라이글리세라이드, [48-6] 펜타에리스리틸테트라에틸헥사노에이트, [48-7] 베헤닐알코올, [48-8] 다이메티콘, [48-9] 부틸렌글라이콜, [48-10] 1,2-헥산다이올, [48-11] 글리세릴스테아레이트, [48-12] 스테아릭애씨드, [48-13] 하이드로제네이티드레시틴, [48-14] 콜레스테롤, [48-15] 팔미틱애씨드, [48-16] 합성플루오르플로고파이트, [48-17] 향료, [48-18] 티타늄디옥사이드 (CI 77891), [48-19] 하이드록시프로필비스팔미타마이드엠이에이, [48-20] 잔탄검, [48-21] 글리세릴카프릴레이트, [48-22] 카보머, [48-23] 트로메타민, [48-24] 다이소듐이디티에이, [48-25] 리모넨, [48-26] 에틸헥실글리세린, [48-27] 아데노신, [48-28] 리날룰, [48-29] 페녹시에탄올, [48-30] 비타민나무열매추출물, [48-31] 원추리꽃추출물, [48-32] 감초뿌리추출물, [48-33] 소엽맥문동뿌리추출물, [48-34] 벤질벤조에이트, [48-35] 인삼추출물, [48-36] 틴옥사이드, [48-37] 가시오갈피뿌리추출물, [48-38] 황벽나무껍질추출물, [48-39] 생강뿌리줄기추출물, [48-40] 황금추출물, [48-41] 미리스틱애씨드, [48-42] 아라키딕애씨드, [48-43] 신나밀알코올, [48-44] 영지버섯추출물, [48-45] 쌀발효여과물, [48-46] 시트랄, [48-47] 제라니올, [48-48] 토코페롤"
"A000000211930","[100시간 수분보습]LBB 올 데이 케어 인 로션 50ml","LBB","50.0","50.0","ml","68000.0","50600","10120.0","탄제린수,정제수,글리세린,부틸렌글라이콜,카프릴릭,크프릭트라이글리세라이드,카르릴릴메티콘,1,2-헥산다이올,글리세릴스테아레이트,세테아릴올리베이트,동백나무씨오일,솔비탄올리베이트,소듐아크릴레이트,소듐아크릴로일다이메틸타우레이트코폴리머,폴리아이소부텐,에틸헥실글리세린,카르릴릴글라이콜,아크릴레이트,C10-30알킬아크릴레이트크로스폴리머,알지닌,라벤더오일,대왕송오일,솔비탄올리에이트,소듐파이테이트,카프릴릴,카프릴글루코사이드,자몽껍질오일,필리핀오렌지전초오일,해바라기씨오일,펜틸렌글라이콜,울금뿌리오일,마데카소사이드,자주천인국추출물,라즈베리잎세포배양물,토마토잎세포배양추출물,토코페롤","","[36-1] 탄제린수, [36-2] 정제수, [36-3] 글리세린, [36-4] 부틸렌글라이콜, [36-5] 카프릴릭, [36-6] 크프릭트라이글리세라이드, [36-7] 카르릴릴메티콘, [36-8] 1,2-헥산다이올, [36-9] 글리세릴스테아레이트, [36-10] 세테아릴올리베이트, [36-11] 동백나무씨오일, [36-12] 솔비탄올리베이트, [36-13] 소듐아크릴레이트, [36-14] 소듐아크릴로일다이메틸타우레이트코폴리머, [36-15] 폴리아이소부텐, [36-16] 에틸헥실글리세린, [36-17] 카르릴릴글라이콜, [36-18] 아크릴레이트, [36-19] C10-30알킬아크릴레이트크로스폴리머, [36-20] 알지닌, [36-21] 라벤더오일, [36-22] 대왕송오일, [36-23] 솔비탄올리에이트, [36-24] 소듐파이테이트, [36-25] 카프릴릴, [36-26] 카프릴글루코사이드, [36-27] 자몽껍질오일, [36-28] 필리핀오렌지전초오일, [36-29] 해바라기씨오일, [36-30] 펜틸렌글라이콜, [36-31] 울금뿌리오일, [36-32] 마데카소사이드, [36-33] 자주천인국추출물, [36-34] 라즈베리잎세포배양물, [36-35] 토마토잎세포배양추출물, [36-36] 토코페롤"
"A000000213387","더마라인 디렉소 PDRN 솔루션 액티빙 에멀전 200ml","더마라인","200.0","200.0","ml","55000.0","38900","1945.0","정제수, 부틸렌글라이콜, 카프릴릭/카프릭트라이글리세라이드, 글리세린, 나이아신아마이드, 에틸헥실팔 미테이트, 1,2-헥산다이올, 글리세레스-26, 글리세릴스테아레이트, 스쿠알란, 올리브오일, 코코-카프릴 레이트/카프레이트, 트레할로오스, 폴리솔베이트60, 글리세릴스테아레이트에스이, 세테아릴올리베이트, 세틸알코올, 솔비탄올리베이트, 솔비탄아이소스테아레이트, 카보머, 알지닌, 토코페릴아세테이트, 판테놀, 다마스크장미추출물, 비타민나무수, 효모추출물, 스테아릴알코올, 암모늄아크릴로일다이메틸타우레이트/ 브이피코폴리머, 베타인, 소듐디엔에이(1,000ppm), 알란토인, 프로판다이올, 다이포타슘글리시리제이트, 알로에베라잎추출물, 아데노신, 옥틸도데칸올, 소듐하이알루로네이트, 다이소듐이디티에이, 하이드로제네 이티드레시틴, 세라마이드엔피, 마데카소사이드, 캐비아추출물, 말토덱스트린, 바이오사카라이드검-1, 폴 리그리세릴-10라우레이트, 하이드롤라이즈드옥수수전분, 아시아티코사이드, 띠뿌리추출물, 수크로오스, 트라이에탄올아민, 카프릴릴글라이콜, 한련초잎추출물, 에틸헥실글리세린, 덱스트린, 칼슘카보네이트, 하 이드록시프로필메틸셀룰로오스, 카퍼트라이펩타이드-1, 트라이펩타이드-1, 팔미토일트라이펩타이드-1, 팔미토일펜타펩타이드-4, 헥사펩타이드-11, 헥사펩타이드-9","","[63-1] 정제수, [63-2] 부틸렌글라이콜, [63-3] 카프릴릭/카프릭트라이글리세라이드, [63-4] 글리세린, [63-5] 나이아신아마이드, [63-6] 에틸헥실팔 미테이트, [63-7] 1,2-헥산다이올, [63-8] 글리세레스-26, [63-9] 글리세릴스테아레이트, [63-10] 스쿠알란, [63-11] 올리브오일, [63-12] 코코-카프릴 레이트/카프레이트, [63-13] 트레할로오스, [63-14] 폴리솔베이트60, [63-15] 글리세릴스테아레이트에스이, [63-16] 세테아릴올리베이트, [63-17] 세틸알코올, [63-18] 솔비탄올리베이트, [63-19] 솔비탄아이소스테아레이트, [63-20] 카보머, [63-21] 알지닌, [63-22] 토코페릴아세테이트, [63-23] 판테놀, [63-24] 다마스크장미추출물, [63-25] 비타민나무수, [63-26] 효모추출물, [63-27] 스테아릴알코올, [63-28] 암모늄아크릴로일다이메틸타우레이트/ 브이피코폴리머, [63-29] 베타인, [63-30] 소듐디엔에이(1, [63-31] 000ppm), [63-32] 알란토인, [63-33] 프로판다이올, [63-34] 다이포타슘글리시리제이트, [63-35] 알로에베라잎추출물, [63-36] 아데노신, [63-37] 옥틸도데칸올, [63-38] 소듐하이알루로네이트, [63-39] 다이소듐이디티에이, [63-40] 하이드로제네 이티드레시틴, [63-41] 세라마이드엔피, [63-42] 마데카소사이드, [63-43] 캐비아추출물, [63-44] 말토덱스트린, [63-45] 바이오사카라이드검-1, [63-46] 폴 리그리세릴-10라우레이트, [63-47] 하이드롤라이즈드옥수수전분, [63-48] 아시아티코사이드, [63-49] 띠뿌리추출물, [63-50] 수크로오스, [63-51] 트라이에탄올아민, [63-52] 카프릴릴글라이콜, [63-53] 한련초잎추출물, [63-54] 에틸헥실글리세린, [63-55] 덱스트린, [63-56] 칼슘카보네이트, [63-57] 하 이드록시프로필메틸셀룰로오스, [63-58] 카퍼트라이펩타이드-1, [63-59] 트라이펩타이드-1, [63-60] 팔미토일트라이펩타이드-1, [63-61] 팔미토일펜타펩타이드-4, [63-62] 헥사펩타이드-11, [63-63] 헥사펩타이드-9"
"A000000213679","무슈제이 세라부스트 올인원 200ml 단품/기획 2종 택1","무슈제이","200.0","200.0","ml","","24900","1245.0","정제수, 소듐코코일이세티오네이트, 글리세린, 코코-베타인, 하이드록시프로필스타치포스페이트, 글리세릴스테아레이트, 포타슘코코일글리시네이트, 세테아릴올리베이트, 카올린, 솔비탄올리베이트, 다이프로필렌글라이콜, 1,2-헥산다이올, 칼라민, 보검선인장열매추출물, 트레할로오스, 폴리글리세릴-10미리스테이트, 세틸에틸헥사노에이트, 에틸헥실팔미테이트, 카프릴릭/카프릭트라이글리세라이드, 부틸렌글라이콜, 약모밀추출물, 락토바실러스발효용해물, 락토코쿠스발효용해물, 비피다발효용해물, 흰버드나무껍질추출물, 병풀추출물, 치자추출물, 테레프탈릴리덴디캠퍼설포닉애씨드, 소듐클로라이드, 하이드록시아세토페논, 다이소듐이디티에이, 에틸헥실글리세린, 덱스트린","","[33-1] 정제수, [33-2] 소듐코코일이세티오네이트, [33-3] 글리세린, [33-4] 코코-베타인, [33-5] 하이드록시프로필스타치포스페이트, [33-6] 글리세릴스테아레이트, [33-7] 포타슘코코일글리시네이트, [33-8] 세테아릴올리베이트, [33-9] 카올린, [33-10] 솔비탄올리베이트, [33-11] 다이프로필렌글라이콜, [33-12] 1,2-헥산다이올, [33-13] 칼라민, [33-14] 보검선인장열매추출물, [33-15] 트레할로오스, [33-16] 폴리글리세릴-10미리스테이트, [33-17] 세틸에틸헥사노에이트, [33-18] 에틸헥실팔미테이트, [33-19] 카프릴릭/카프릭트라이글리세라이드, [33-20] 부틸렌글라이콜, [33-21] 약모밀추출물, [33-22] 락토바실러스발효용해물, [33-23] 락토코쿠스발효용해물, [33-24] 비피다발효용해물, [33-25] 흰버드나무껍질추출물, [33-26] 병풀추출물, [33-27] 치자추출물, [33-28] 테레프탈릴리덴디캠퍼설포닉애씨드, [33-29] 소듐클로라이드, [33-30] 하이드록시아세토페논, [33-31] 다이소듐이디티에이, [33-32] 에틸헥실글리세린, [33-33] 덱스트린"
"A000000213951","연작 카밍 앤 컴포팅 에멀전 125ml","연작","125.0","125.0","ml","45000.0","38250","3060.0","정제수, 글리세린, 스쿠알란, 1,2-헥산다이올, 비닐다이메티콘, 부틸렌글라이콜, C12-16알코올, 세틸알코올, 글리세릴스테아레이트, 하이드로제네이티드레시틴, 팔미틱애씨드, 세라마이드엔피, 아크릴레이트/C10-30알킬아크릴레이트크로스폴리머, 트라이에틸헥사노인, 잔탄검, 광곽향오일, 에틸헥실글리세린, 트로메타민, 세테아릴알코올, 하이드로제네이티드폴리데센, 포스포리피드, 콜레스테롤, 황련추출물, 병풀추출물, 황벽나무껍질추출물, 피토스핑고신, 다이소듐이디티에이, 황금추출물, 호장근뿌리추출물, 개똥쑥추출물, 녹차추출물, 황련뿌리추출물, 스페인감초뿌리추출물, 녹두씨추출물, 삼백초추출물, 마트리카리아꽃추출물, 로즈마리잎추출물, 카카오추출물, 고삼뿌리추출물, 암모늄아크릴로일다이메틸타우레이트/브이피코폴리머, 토코페롤, 덱스트린","","[42-1] 정제수, [42-2] 글리세린, [42-3] 스쿠알란, [42-4] 1,2-헥산다이올, [42-5] 비닐다이메티콘, [42-6] 부틸렌글라이콜, [42-7] C12-16알코올, [42-8] 세틸알코올, [42-9] 글리세릴스테아레이트, [42-10] 하이드로제네이티드레시틴, [42-11] 팔미틱애씨드, [42-12] 세라마이드엔피, [42-13] 아크릴레이트/C10-30알킬아크릴레이트크로스폴리머, [42-14] 트라이에틸헥사노인, [42-15] 잔탄검, [42-16] 광곽향오일, [42-17] 에틸헥실글리세린, [42-18] 트로메타민, [42-19] 세테아릴알코올, [42-20] 하이드로제네이티드폴리데센, [42-21] 포스포리피드, [42-22] 콜레스테롤, [42-23] 황련추출물, [42-24] 병풀추출물, [42-25] 황벽나무껍질추출물, [42-26] 피토스핑고신, [42-27] 다이소듐이디티에이, [42-28] 황금추출물, [42-29] 호장근뿌리추출물, [42-30] 개똥쑥추출물, [42-31] 녹차추출물, [42-32] 황련뿌리추출물, [42-33] 스페인감초뿌리추출물, [42-34] 녹두씨추출물, [42-35] 삼백초추출물, [42-36] 마트리카리아꽃추출물, [42-37] 로즈마리잎추출물, [42-38] 카카오추출물, [42-39] 고삼뿌리추출물, [42-40] 암모늄아크릴로일다이메틸타우레이트/브이피코폴리머, [42-41] 토코페롤, [42-42] 덱스트린"
"A000000214170","키엘 울트라 훼이셜 베리어 스틱 밤","키엘","","","","42000.0","32760","","정제수 다이카프릴릴카보네이트 부틸렌글라이콜 아이소데실네오펜타노에이트 합성왁스 다이메티콘 마이크로크리스탈린왁스 글리세린 나이아신아마이드 라우릴피이지-8다이메티콘 소듐클로라이드 다이프로필렌글라이콜 트레할로오스 1,2-헥산다이올 카프릴릭/카프릭트라이글리세라이드 솔비탄세스퀴올리에이트 스쿠알란 글리세릴카프릴레이트 다이메티콘/피이지-10/15크로스폴리머 토코페롤 스테아랄코늄헥토라이트 세라마이드엔피 슈도알테로모나스발효추출물 프로필렌카보네이트 아데노신 소듐시트레이트 살리실릭애씨드 소듐하이드록사이드","","[28-1] 정제수, [28-2] 다이카프릴릴카보네이트, [28-3] 부틸렌글라이콜, [28-4] 아이소데실네오펜타노에이트, [28-5] 합성왁스, [28-6] 다이메티콘, [28-7] 마이크로크리스탈린왁스, [28-8] 글리세린, [28-9] 나이아신아마이드, [28-10] 라우릴피이지-8다이메티콘, [28-11] 소듐클로라이드, [28-12] 다이프로필렌글라이콜, [28-13] 트레할로오스, [28-14] 1,2-헥산다이올, [28-15] 카프릴릭/카프릭트라이글리세라이드, [28-16] 솔비탄세스퀴올리에이트, [28-17] 스쿠알란, [28-18] 글리세릴카프릴레이트, [28-19] 다이메티콘/피이지-10/15크로스폴리머, [28-20] 토코페롤, [28-21] 스테아랄코늄헥토라이트, [28-22] 세라마이드엔피, [28-23] 슈도알테로모나스발효추출물, [28-24] 프로필렌카보네이트, [28-25] 아데노신, [28-26] 소듐시트레이트, [28-27] 살리실릭애씨드, [28-28] 소듐하이드록사이드"
"A000000214459","엠도씨 안티 링클 스킨 플러스 로션 150ml 단품/기획 2종 택1","엠도씨","150.0","150.0","ml","25000.0","20000","1333.3","정제수,글리세린,다이메티콘,1,2-헥산다이올,다이프로필렌글라이콜,사이클로펜타실록세인,사이클로헥사실록세인,세테아릴알코올,다이메티콘/비닐다이메티콘크로스폴리머,글리세릴스테아레이트,피이지-100스테아레이트,카보머,부틸렌글라이콜,다이소듐이디티에이,트라이에탄올아민,아데노신,잔탄검,병풀추출물,호장근뿌리추출물,황금추출물,녹차추출물,스페인감초뿌리추출물,마트리카리아꽃추출물,로즈마리잎추출물,향료,리날룰,리모넨","","[27-1] 정제수, [27-2] 글리세린, [27-3] 다이메티콘, [27-4] 1,2-헥산다이올, [27-5] 다이프로필렌글라이콜, [27-6] 사이클로펜타실록세인, [27-7] 사이클로헥사실록세인, [27-8] 세테아릴알코올, [27-9] 다이메티콘/비닐다이메티콘크로스폴리머, [27-10] 글리세릴스테아레이트, [27-11] 피이지-100스테아레이트, [27-12] 카보머, [27-13] 부틸렌글라이콜, [27-14] 다이소듐이디티에이, [27-15] 트라이에탄올아민, [27-16] 아데노신, [27-17] 잔탄검, [27-18] 병풀추출물, [27-19] 호장근뿌리추출물, [27-20] 황금추출물, [27-21] 녹차추출물, [27-22] 스페인감초뿌리추출물, [27-23] 마트리카리아꽃추출물, [27-24] 로즈마리잎추출물, [27-25] 향료, [27-26] 리날룰, [27-27] 리모넨"
"A000000215009","아쿠아파워 어드밴스드 젤 PRO 100ml","비오템","100.0","100.0","ml","92000.0","76360","7636.0","정제수 다이메티콘 변성알코올 부틸렌글라이콜 글리세린 나이아신아마이드 시어버터 암모늄폴리아크릴로일다이메틸타우레이트 살구씨오일 판테놀 하이드록시아세토페논 말토덱스트린 향료 마그네슘글루코네이트 2-올레아미도-1,3-옥타데칸다이올 아스코빌글루코사이드 바이오사카라이드검-1 돌콩오일 토코페롤 비트레오스실라발효물 트라이소듐에틸렌다이아민다이석시네이트 시트릭애씨드 리날룰 리모넨 밀추출물 벤질살리실레이트 하이드록시시트로넬알 시트로넬올 쿠마린 벤질알코올 청색1호 황색4호","","[32-1] 정제수, [32-2] 다이메티콘, [32-3] 변성알코올, [32-4] 부틸렌글라이콜, [32-5] 글리세린, [32-6] 나이아신아마이드, [32-7] 시어버터, [32-8] 암모늄폴리아크릴로일다이메틸타우레이트, [32-9] 살구씨오일, [32-10] 판테놀, [32-11] 하이드록시아세토페논, [32-12] 말토덱스트린, [32-13] 향료, [32-14] 마그네슘글루코네이트, [32-15] 2-올레아미도-1,3-옥타데칸다이올, [32-16] 아스코빌글루코사이드, [32-17] 바이오사카라이드검-1, [32-18] 돌콩오일, [32-19] 토코페롤, [32-20] 비트레오스실라발효물, [32-21] 트라이소듐에틸렌다이아민다이석시네이트, [32-22] 시트릭애씨드, [32-23] 리날룰, [32-24] 리모넨, [32-25] 밀추출물, [32-26] 벤질살리실레이트, [32-27] 하이드록시시트로넬알, [32-28] 시트로넬올, [32-29] 쿠마린, [32-30] 벤질알코올, [32-31] 청색1호, [32-32] 황색4호"
"A000000216470","[보습장벽] 마몽드 프로바이오틱스 세라마이드 에멀젼 150ml","마몽드","150.0","150.0","ml","26000.0","18750","1250.0","정제수, 부틸렌글라이콜, 글리세린, 펜타에리스리틸테트라에틸헥사노에이트, 하이드로제네이티드폴리아이소부텐, 펜타에리스리틸테트라아이소스테아레이트, 하이드로제네이티드폴리(C6-14올레핀), 비스-하이드록시에톡시프로필다이메티콘, 글리세릴스테아레이트시트레이트, 메틸트라이메티콘, 1,2-헥산다이올, 글리세릴스테아레이트, 세테아릴알코올, 하이드로제네이티드식물성오일, 피씨에이다이메티콘, 스테아릭애씨드, 글리세릴폴리메타크릴레이트, 팔미틱애씨드, 카보머, 트로메타민, 잔탄검, 글리세릴카프릴레이트, 덱스트린, 향료, 락토바실러스발효물, 다이소듐이디티에이, 에틸헥실글리세린, 아데노신, 라피노오스, 세라마이드엔피(21.2 ppm), 무궁화나무껍질추출물, 하이드록시프로필비스라우라마이드엠이에이(10 ppm), 하이드록시프로필비스팔미타마이드엠이에이(10 ppm), 락토바실러스발효용해물(10 ppm), 토코페롤, 동백나무씨오일, 녹차씨추출물, 검정콩오일, 피토스핑고신, 하이드로제네이티드레시틴, 카놀라오일, 로즈마리잎추출물","","[42-1] 정제수, [42-2] 부틸렌글라이콜, [42-3] 글리세린, [42-4] 펜타에리스리틸테트라에틸헥사노에이트, [42-5] 하이드로제네이티드폴리아이소부텐, [42-6] 펜타에리스리틸테트라아이소스테아레이트, [42-7] 하이드로제네이티드폴리(C6-14올레핀), [42-8] 비스-하이드록시에톡시프로필다이메티콘, [42-9] 글리세릴스테아레이트시트레이트, [42-10] 메틸트라이메티콘, [42-11] 1,2-헥산다이올, [42-12] 글리세릴스테아레이트, [42-13] 세테아릴알코올, [42-14] 하이드로제네이티드식물성오일, [42-15] 피씨에이다이메티콘, [42-16] 스테아릭애씨드, [42-17] 글리세릴폴리메타크릴레이트, [42-18] 팔미틱애씨드, [42-19] 카보머, [42-20] 트로메타민, [42-21] 잔탄검, [42-22] 글리세릴카프릴레이트, [42-23] 덱스트린, [42-24] 향료, [42-25] 락토바실러스발효물, [42-26] 다이소듐이디티에이, [42-27] 에틸헥실글리세린, [42-28] 아데노신, [42-29] 라피노오스, [42-30] 세라마이드엔피(21.2 ppm), [42-31] 무궁화나무껍질추출물, [42-32] 하이드록시프로필비스라우라마이드엠이에이(10 ppm), [42-33] 하이드록시프로필비스팔미타마이드엠이에이(10 ppm), [42-34] 락토바실러스발효용해물(10 ppm), [42-35] 토코페롤, [42-36] 동백나무씨오일, [42-37] 녹차씨추출물, [42-38] 검정콩오일, [42-39] 피토스핑고신, [42-40] 하이드로제네이티드레시틴, [42-41] 카놀라오일, [42-42] 로즈마리잎추출물"
"A000000219100","[수분진정] 차앤박 옴므랩 올인원 아쿠아 코어-업 125ml","차앤박옴므","125.0","125.0","ml","","31000","2480.0","정제수, 프로판다이올, 부틸렌글라이콜, 글리세린, 에리스리톨, 나이아신아마이드, 1,2-헥산다이올, 옥틸도데칸올, 폴리메틸실세스퀴옥세인, 판테놀, 페닐트라이메티콘, 다이메티콘, 카보머, 아이소헥사데칸, 다이메티콘/비닐다이메티콘크로스폴리머, 트로메타민, 폴리글리세릴-10스테아레이트, 하이드록시에틸아크릴레이트/소듐아크릴로일다이메틸타우레이트코폴리머, 폴리글리세릴-10올리에이트, 세테아릴메티콘, 향료, 알란토인, 피이지-40스테아레이트, 스테아레스-2, 스테아레스-21, 글리세릴글루코사이드, 빙하수, 잔탄검, 실리카, 트레할로오스, 트라이소듐이디티에이, 소듐하이알루로네이트크로스폴리머, 카프릴릴글라이콜, 폴리솔베이트60, 솔비탄아이소스테아레이트, 하이드록시프로필트라이모늄하이알루로네이트, 판토락톤, 하이드롤라이즈드글라이코사미노글리칸, 쇠비름추출물, 바이오사카라이드검-4, 시트릭애씨드, 소듐하이알루로네이트, 구아이아줄렌, 벤질글라이콜, 병풀잎추출물, 하이드롤라이즈드하이알루로닉애씨드, 글루코오스, 에틸헥실글리세린, 토코페롤, 하이알루로닉애씨드, 라즈베리케톤, 리날룰, 리모넨","","[53-1] 정제수, [53-2] 프로판다이올, [53-3] 부틸렌글라이콜, [53-4] 글리세린, [53-5] 에리스리톨, [53-6] 나이아신아마이드, [53-7] 1,2-헥산다이올, [53-8] 옥틸도데칸올, [53-9] 폴리메틸실세스퀴옥세인, [53-10] 판테놀, [53-11] 페닐트라이메티콘, [53-12] 다이메티콘, [53-13] 카보머, [53-14] 아이소헥사데칸, [53-15] 다이메티콘/비닐다이메티콘크로스폴리머, [53-16] 트로메타민, [53-17] 폴리글리세릴-10스테아레이트, [53-18] 하이드록시에틸아크릴레이트/소듐아크릴로일다이메틸타우레이트코폴리머, [53-19] 폴리글리세릴-10올리에이트, [53-20] 세테아릴메티콘, [53-21] 향료, [53-22] 알란토인, [53-23] 피이지-40스테아레이트, [53-24] 스테아레스-2, [53-25] 스테아레스-21, [53-26] 글리세릴글루코사이드, [53-27] 빙하수, [53-28] 잔탄검, [53-29] 실리카, [53-30] 트레할로오스, [53-31] 트라이소듐이디티에이, [53-32] 소듐하이알루로네이트크로스폴리머, [53-33] 카프릴릴글라이콜, [53-34] 폴리솔베이트60, [53-35] 솔비탄아이소스테아레이트, [53-36] 하이드록시프로필트라이모늄하이알루로네이트, [53-37] 판토락톤, [53-38] 하이드롤라이즈드글라이코사미노글리칸, [53-39] 쇠비름추출물, [53-40] 바이오사카라이드검-4, [53-41] 시트릭애씨드, [53-42] 소듐하이알루로네이트, [53-43] 구아이아줄렌, [53-44] 벤질글라이콜, [53-45] 병풀잎추출물, [53-46] 하이드롤라이즈드하이알루로닉애씨드, [53-47] 글루코오스, [53-48] 에틸헥실글리세린, [53-49] 토코페롤, [53-50] 하이알루로닉애씨드, [53-51] 라즈베리케톤, [53-52] 리날룰, [53-53] 리모넨"
"A000000219101","[피지/모공케어] 차앤박 옴므랩 올인원 오일컷 퍼펙트 125ml","차앤박옴므","125.0","125.0","ml","","31000","2480.0","정제수, 나이아신아마이드, 2,3-부탄다이올, 부틸렌글라이콜, 카프릴릴메티콘, 프로판다이올, 1,2-헥산다이올, 판테놀, 암모늄아크릴로일다이메틸타우레이트/브이피코폴리머, 다이프로필렌글라이콜, 세린, 실리카, 스쿠알란, 카르니틴, 글리세린, 메틸프로판다이올, 살리실릭애씨드, 락토바실러스발효물, 울금뿌리추출물, 아크릴레이트/C10-30알킬아크릴레이트크로스폴리머, 사코신, 트로메타민, 세테아릴올리베이트, 하이드록시에틸아크릴레이트/소듐아크릴로일다이메틸타우레이트코폴리머, 솔비탄올리베이트, 피이지-60아몬드글리세라이즈, 라임전초오일, 카프릴릴글라이콜, 하이드로제네이티드레시틴, 센티드제라늄꽃오일, 폴리글루타믹애씨드, 트라이소듐이디티에이, 로즈마리잎오일, 에리스리톨, 오렌지오일, 베헤닉애씨드, 폴리솔베이트60, 솔비탄아이소스테아레이트, 피토스테롤, 자일리틸글루코사이드, 베타-글루칸, 라반딘오일, 콘민트오일, 스피어민트잎오일, 스테아릭애씨드, 베헤닐알코올, 스테아릴알코올, 안하이드로자일리톨, 소듐시트레이트, 하이알루로닉애씨드, 하이드롤라이즈드하이알루로닉애씨드, 하이드롤라이즈드소듐하이알루로네이트, 소듐하이알루로네이트, 자일리톨, 미리스틱애씨드, 카보머, 시트릭애씨드, 노르다이하이드로구아이아레틱애씨드, 올레아놀릭애씨드, 소듐메타바이설파이트, 바이오틴, 리모넨, 시트로넬올, 제라니올, 리날룰, 시트랄","","[66-1] 정제수, [66-2] 나이아신아마이드, [66-3] 2,3-부탄다이올, [66-4] 부틸렌글라이콜, [66-5] 카프릴릴메티콘, [66-6] 프로판다이올, [66-7] 1,2-헥산다이올, [66-8] 판테놀, [66-9] 암모늄아크릴로일다이메틸타우레이트/브이피코폴리머, [66-10] 다이프로필렌글라이콜, [66-11] 세린, [66-12] 실리카, [66-13] 스쿠알란, [66-14] 카르니틴, [66-15] 글리세린, [66-16] 메틸프로판다이올, [66-17] 살리실릭애씨드, [66-18] 락토바실러스발효물, [66-19] 울금뿌리추출물, [66-20] 아크릴레이트/C10-30알킬아크릴레이트크로스폴리머, [66-21] 사코신, [66-22] 트로메타민, [66-23] 세테아릴올리베이트, [66-24] 하이드록시에틸아크릴레이트/소듐아크릴로일다이메틸타우레이트코폴리머, [66-25] 솔비탄올리베이트, [66-26] 피이지-60아몬드글리세라이즈, [66-27] 라임전초오일, [66-28] 카프릴릴글라이콜, [66-29] 하이드로제네이티드레시틴, [66-30] 센티드제라늄꽃오일, [66-31] 폴리글루타믹애씨드, [66-32] 트라이소듐이디티에이, [66-33] 로즈마리잎오일, [66-34] 에리스리톨, [66-35] 오렌지오일, [66-36] 베헤닉애씨드, [66-37] 폴리솔베이트60, [66-38] 솔비탄아이소스테아레이트, [66-39] 피토스테롤, [66-40] 자일리틸글루코사이드, [66-41] 베타-글루칸, [66-42] 라반딘오일, [66-43] 콘민트오일, [66-44] 스피어민트잎오일, [66-45] 스테아릭애씨드, [66-46] 베헤닐알코올, [66-47] 스테아릴알코올, [66-48] 안하이드로자일리톨, [66-49] 소듐시트레이트, [66-50] 하이알루로닉애씨드, [66-51] 하이드롤라이즈드하이알루로닉애씨드, [66-52] 하이드롤라이즈드소듐하이알루로네이트, [66-53] 소듐하이알루로네이트, [66-54] 자일리톨, [66-55] 미리스틱애씨드, [66-56] 카보머, [66-57] 시트릭애씨드, [66-58] 노르다이하이드로구아이아레틱애씨드, [66-59] 올레아놀릭애씨드, [66-60] 소듐메타바이설파이트, [66-61] 바이오틴, [66-62] 리모넨, [66-63] 시트로넬올, [66-64] 제라니올, [66-65] 리날룰, [66-66] 시트랄"
"A000000219102","[탄력장벽] 차앤박 옴므랩 올인원 프로폴리스 에너지 프로틴샷 125ml","차앤박옴므","125.0","125.0","ml","","34500","2760.0","정제수, 글리세린, 부틸렌글라이콜, 나이아신아마이드, 1,2-헥산다이올, 부틸렌글라이콜다이카프릴레이트/다이카프레이트, 메틸트라이메티콘, 세테아릴올리베이트, 아이소스테아릴네오펜타노에이트, 판테놀, 솔비탄올리베이트, 자일리틸글루코사이드, 솔비탄스테아레이트, 안하이드로자일리톨, 소듐카보머, 카보머, 폴리글리세릴-10스테아레이트, 마데카소사이드, 알지닌, 토코페릴아세테이트, 자일리톨, 폴리글리세릴-10올리에이트, 알란토인, 세라마이드엔피, 스테아릴글리시레티네이트, 아데노신, 트라이소듐이디티에이, 잔탄검, 바이오사카라이드검-4, 소듐락테이트, 프로폴리스추출물(100.8ppm), 소듐하이알루로네이트, 프로판다이올, 폴리솔베이트20, 더덕뿌리추출물, 무화과추출물, 레몬밤잎추출물, 석류추출물, 펜틸렌글라이콜, 베타-글루칸, 시트릭애씨드, 프룩토오스, 우레아, 소듐하이드록사이드, 말토스, 팔미토일트라이펩타이드-1(1ppm), 소듐클로라이드, 소듐피씨에이, 트레할로오스, 팔미토일테트라펩타이드-7(0.5ppm), 도코사헥사에노익애씨드, 글루코오스, 돌콩단백질(1ppb), 라임전초오일, 베르가모트오일, 로즈마리잎오일, 라벤더오일, 캐모마일꽃오일, 리모넨, 리날룰, 시트랄","","[61-1] 정제수, [61-2] 글리세린, [61-3] 부틸렌글라이콜, [61-4] 나이아신아마이드, [61-5] 1,2-헥산다이올, [61-6] 부틸렌글라이콜다이카프릴레이트/다이카프레이트, [61-7] 메틸트라이메티콘, [61-8] 세테아릴올리베이트, [61-9] 아이소스테아릴네오펜타노에이트, [61-10] 판테놀, [61-11] 솔비탄올리베이트, [61-12] 자일리틸글루코사이드, [61-13] 솔비탄스테아레이트, [61-14] 안하이드로자일리톨, [61-15] 소듐카보머, [61-16] 카보머, [61-17] 폴리글리세릴-10스테아레이트, [61-18] 마데카소사이드, [61-19] 알지닌, [61-20] 토코페릴아세테이트, [61-21] 자일리톨, [61-22] 폴리글리세릴-10올리에이트, [61-23] 알란토인, [61-24] 세라마이드엔피, [61-25] 스테아릴글리시레티네이트, [61-26] 아데노신, [61-27] 트라이소듐이디티에이, [61-28] 잔탄검, [61-29] 바이오사카라이드검-4, [61-30] 소듐락테이트, [61-31] 프로폴리스추출물(100.8ppm), [61-32] 소듐하이알루로네이트, [61-33] 프로판다이올, [61-34] 폴리솔베이트20, [61-35] 더덕뿌리추출물, [61-36] 무화과추출물, [61-37] 레몬밤잎추출물, [61-38] 석류추출물, [61-39] 펜틸렌글라이콜, [61-40] 베타-글루칸, [61-41] 시트릭애씨드, [61-42] 프룩토오스, [61-43] 우레아, [61-44] 소듐하이드록사이드, [61-45] 말토스, [61-46] 팔미토일트라이펩타이드-1(1ppm), [61-47] 소듐클로라이드, [61-48] 소듐피씨에이, [61-49] 트레할로오스, [61-50] 팔미토일테트라펩타이드-7(0.5ppm), [61-51] 도코사헥사에노익애씨드, [61-52] 글루코오스, [61-53] 돌콩단백질(1ppb), [61-54] 라임전초오일, [61-55] 베르가모트오일, [61-56] 로즈마리잎오일, [61-57] 라벤더오일, [61-58] 캐모마일꽃오일, [61-59] 리모넨, [61-60] 리날룰, [61-61] 시트랄"
"A000000219845","[쿨링진정]메이크프렘 인테카 포맨 수딩 올인원 200ml (기획/단품)","메이크프렘","200.0","200.0","ml","","28000","1400.0","정제수, 부틸렌글라이콜, 나이아신아마이드, 글리세린, 다이카프릴릴카보네이트, 다이카프릴릴에터, 폴리메틸실세스퀴옥세인, 자일리톨, 1,2-헥산다이올, 카프릴릴메티콘, 하이드로제네이티드폴리데센, 비닐다이메티콘, 세테아릴올리베이트, 판테놀, 칸디다 봄비콜라/글루코오스/메틸레이프씨데이트발효물, 해바라기씨오일, 솔비탄올리베이트, 하이드록시아세토페논, 하이드록시에틸아크릴레이트/소듐아크릴로일다이메틸타우레이트코폴리머, 다이프로필렌글라이콜, 아크릴레이트/C10-30알킬아크릴레이트크로스폴리머, 알지닌, 에틸헥실글리세린, 메틸다이아이소프로필프로피온아마이드, 에톡시다이글라이콜, 로즈마리잎오일, 솔비탄아이소스테아레이트, 시트로넬라오일, 잔탄검, 라벤더오일, 리씨열매오일, 바질오일, 콘민트추출물, 자일리틸글루코사이드, 아시아티코사이드, 안하이드로자일리톨, 아시아틱애씨드, 마데카식애씨드, 당귤껍질추출물, 갈바눔수지오일, 타임오일, 락토바실러스발효용해물, 비피다발효용해물, 토코페롤, 스트렙토코쿠스 테르모필루스발효물, C18-36애씨드트라이글리세라이드, 호호바에스터, 하이드로제네이티드레시틴, C12-18애씨드트라이글리세라이드, 스쿠알렌, 피토스테릴마카다미에이트, 파스향나무잎추출물, 소듐하이알루로네이트, 피토스테롤, 세라마이드엔피, 하이알루로닉애씨드, 하이드롤라이즈드하이알루로닉애씨드, 하이드롤라이즈드소듐하이알루로네이트, 하이드록시프로필트라이모늄하이알루로네이트, 포타슘하이알루로네이트, 소듐아세틸레이티드하이알루로네이트, 소듐하이알루로네이트크로스폴리머","","[62-1] 정제수, [62-2] 부틸렌글라이콜, [62-3] 나이아신아마이드, [62-4] 글리세린, [62-5] 다이카프릴릴카보네이트, [62-6] 다이카프릴릴에터, [62-7] 폴리메틸실세스퀴옥세인, [62-8] 자일리톨, [62-9] 1,2-헥산다이올, [62-10] 카프릴릴메티콘, [62-11] 하이드로제네이티드폴리데센, [62-12] 비닐다이메티콘, [62-13] 세테아릴올리베이트, [62-14] 판테놀, [62-15] 칸디다 봄비콜라/글루코오스/메틸레이프씨데이트발효물, [62-16] 해바라기씨오일, [62-17] 솔비탄올리베이트, [62-18] 하이드록시아세토페논, [62-19] 하이드록시에틸아크릴레이트/소듐아크릴로일다이메틸타우레이트코폴리머, [62-20] 다이프로필렌글라이콜, [62-21] 아크릴레이트/C10-30알킬아크릴레이트크로스폴리머, [62-22] 알지닌, [62-23] 에틸헥실글리세린, [62-24] 메틸다이아이소프로필프로피온아마이드, [62-25] 에톡시다이글라이콜, [62-26] 로즈마리잎오일, [62-27] 솔비탄아이소스테아레이트, [62-28] 시트로넬라오일, [62-29] 잔탄검, [62-30] 라벤더오일, [62-31] 리씨열매오일, [62-32] 바질오일, [62-33] 콘민트추출물, [62-34] 자일리틸글루코사이드, [62-35] 아시아티코사이드, [62-36] 안하이드로자일리톨, [62-37] 아시아틱애씨드, [62-38] 마데카식애씨드, [62-39] 당귤껍질추출물, [62-40] 갈바눔수지오일, [62-41] 타임오일, [62-42] 락토바실러스발효용해물, [62-43] 비피다발효용해물, [62-44] 토코페롤, [62-45] 스트렙토코쿠스 테르모필루스발효물, [62-46] C18-36애씨드트라이글리세라이드, [62-47] 호호바에스터, [62-48] 하이드로제네이티드레시틴, [62-49] C12-18애씨드트라이글리세라이드, [62-50] 스쿠알렌, [62-51] 피토스테릴마카다미에이트, [62-52] 파스향나무잎추출물, [62-53] 소듐하이알루로네이트, [62-54] 피토스테롤, [62-55] 세라마이드엔피, [62-56] 하이알루로닉애씨드, [62-57] 하이드롤라이즈드하이알루로닉애씨드, [62-58] 하이드롤라이즈드소듐하이알루로네이트, [62-59] 하이드록시프로필트라이모늄하이알루로네이트, [62-60] 포타슘하이알루로네이트, [62-61] 소듐아세틸레이티드하이알루로네이트, [62-62] 소듐하이알루로네이트크로스폴리머"
"A000000221831","설화수 자음유액EX 125ml","설화수","125.0","125.0","ml","78000.0","70200","5616.0","정제수, 부틸렌글라이콜, 하이드로제네이티드폴리(C6-14올레핀), 옥틸도데실미리스테이트, 글리세린, 세틸에틸헥사노에이트, 메도우폼씨오일, 폴리글리세릴-3메틸글루코오스다이스테아레이트, 트레할로오스, 하이드로제네이티드식물성오일, 1,2-헥산다이올, 세테아릴알코올, 글리세릴스테아레이트, 망고씨버터, 다이메티콘, 팔미틱애씨드, 스테아릭애씨드, 글리세릴스테아레이트시트레이트, 프로판다이올, 하이드록시에틸아크릴레이트/소듐아크릴로일다이메틸타우레이트코폴리머, 에틸헥실글리세린, 카보머, 대추추출물, 글리세릴카프릴레이트, 카르노신, 황금추출물, 트로메타민, 향료, 메톡시피이지-114/폴리엡실론카프로락톤, 리모넨, 알란토인, 소듐메타포스페이트, 구기자추출물, 매실추출물, 참깨추출물, 잣나무씨추출물, 모과추출물, 찔레꽃열매추출물, 칡뿌리추출물, 솔비탄아이소스테아레이트, 폴리솔베이트60, 베타-글루칸, 리날룰, 글루타티온, 레시틴, 뽕나무잎추출물, 지황뿌리추출물, 매실나무꽃추출물, 작약뿌리추출물, 시트로넬올, 둥굴레뿌리줄기추출물, 시트랄, 연꽃추출물, 제라니올, 세라마이드엔피, 참나리비늘줄기추출물, 토코페롤, 메틸메타크릴레이트/아크릴로나이트릴코폴리머, 티비에이치큐, 하이드롤라이즈드콩추출물, 레스베라트롤","","[61-1] 정제수, [61-2] 부틸렌글라이콜, [61-3] 하이드로제네이티드폴리(C6-14올레핀), [61-4] 옥틸도데실미리스테이트, [61-5] 글리세린, [61-6] 세틸에틸헥사노에이트, [61-7] 메도우폼씨오일, [61-8] 폴리글리세릴-3메틸글루코오스다이스테아레이트, [61-9] 트레할로오스, [61-10] 하이드로제네이티드식물성오일, [61-11] 1,2-헥산다이올, [61-12] 세테아릴알코올, [61-13] 글리세릴스테아레이트, [61-14] 망고씨버터, [61-15] 다이메티콘, [61-16] 팔미틱애씨드, [61-17] 스테아릭애씨드, [61-18] 글리세릴스테아레이트시트레이트, [61-19] 프로판다이올, [61-20] 하이드록시에틸아크릴레이트/소듐아크릴로일다이메틸타우레이트코폴리머, [61-21] 에틸헥실글리세린, [61-22] 카보머, [61-23] 대추추출물, [61-24] 글리세릴카프릴레이트, [61-25] 카르노신, [61-26] 황금추출물, [61-27] 트로메타민, [61-28] 향료, [61-29] 메톡시피이지-114/폴리엡실론카프로락톤, [61-30] 리모넨, [61-31] 알란토인, [61-32] 소듐메타포스페이트, [61-33] 구기자추출물, [61-34] 매실추출물, [61-35] 참깨추출물, [61-36] 잣나무씨추출물, [61-37] 모과추출물, [61-38] 찔레꽃열매추출물, [61-39] 칡뿌리추출물, [61-40] 솔비탄아이소스테아레이트, [61-41] 폴리솔베이트60, [61-42] 베타-글루칸, [61-43] 리날룰, [61-44] 글루타티온, [61-45] 레시틴, [61-46] 뽕나무잎추출물, [61-47] 지황뿌리추출물, [61-48] 매실나무꽃추출물, [61-49] 작약뿌리추출물, [61-50] 시트로넬올, [61-51] 둥굴레뿌리줄기추출물, [61-52] 시트랄, [61-53] 연꽃추출물, [61-54] 제라니올, [61-55] 세라마이드엔피, [61-56] 참나리비늘줄기추출물, [61-57] 토코페롤, [61-58] 메틸메타크릴레이트/아크릴로나이트릴코폴리머, [61-59] 티비에이치큐, [61-60] 하이드롤라이즈드콩추출물, [61-61] 레스베라트롤"
"A000000222740","마몽드 맨 리차징 로션 150ml","마몽드","150.0","150.0","ml","20000.0","16000","1066.7","정제수, 부틸렌글라이콜, 글리세린, 펜타에리스리틸테트라에틸헥사노에이트, 하이드로제네이티드폴리(C6-14올레핀), 다이메티콘, 폴리글리세릴-3메틸글루코오스다이스테아레이트, 1,2-헥산다이올, 세테아릴알코올, 메틸트라이메티콘, 에탄올, 글리세릴스테아레이트, 피이지-100스테아레이트, 피이지-40스테아레이트, 실리카, 나이아신아마이드, 카보머, 향료, 다이메티콘/비닐다이메티콘크로스폴리머, 트로메타민, 카페인, 글리세릴카프릴레이트, 멘톡시프로판다이올, 소듐메타포스페이트, 에틸헥실글리세린, 리모넨, 리날룰, 토코페롤, 하이드록시시트로넬알, 알파-아이소메틸아이오논, 시트랄, 서양민들레뿌리줄기/뿌리추출물, 녹차추출물","","[33-1] 정제수, [33-2] 부틸렌글라이콜, [33-3] 글리세린, [33-4] 펜타에리스리틸테트라에틸헥사노에이트, [33-5] 하이드로제네이티드폴리(C6-14올레핀), [33-6] 다이메티콘, [33-7] 폴리글리세릴-3메틸글루코오스다이스테아레이트, [33-8] 1,2-헥산다이올, [33-9] 세테아릴알코올, [33-10] 메틸트라이메티콘, [33-11] 에탄올, [33-12] 글리세릴스테아레이트, [33-13] 피이지-100스테아레이트, [33-14] 피이지-40스테아레이트, [33-15] 실리카, [33-16] 나이아신아마이드, [33-17] 카보머, [33-18] 향료, [33-19] 다이메티콘/비닐다이메티콘크로스폴리머, [33-20] 트로메타민, [33-21] 카페인, [33-22] 글리세릴카프릴레이트, [33-23] 멘톡시프로판다이올, [33-24] 소듐메타포스페이트, [33-25] 에틸헥실글리세린, [33-26] 리모넨, [33-27] 리날룰, [33-28] 토코페롤, [33-29] 하이드록시시트로넬알, [33-30] 알파-아이소메틸아이오논, [33-31] 시트랄, [33-32] 서양민들레뿌리줄기/뿌리추출물, [33-33] 녹차추출물"
"A000000222741","마몽드 맨 리차징 올인원 플루이드 180ml","마몽드","180.0","180.0","ml","27000.0","19980","1110.0","정제수, 부틸렌글라이콜, 다이카프릴릴카보네이트, 글리세린, 메틸트라이메티콘, 나이아신아마이드, 1,2-헥산다이올, 하이드로제네이티드폴리(C6-14올레핀), 세테아릴알코올, 에탄올, 피씨에이다이메티콘, 글리세릴스테아레이트, 팔미틱애씨드, 스테아릭애씨드, 향료, 아크릴레이트/C10-30알킬아크릴레이트크로스폴리머, 트로메타민, 하이드록시에틸아크릴레이트/소듐아크릴로일다이메틸타우레이트코폴리머, 카페인, 에틸헥실글리세린, 글리세릴카프릴레이트, 하이드로제네이티드레시틴, 하이드록시프로필스타치포스페이트, 소듐메타포스페이트, 아데노신, 폴리글리세릴-3메틸글루코오스다이스테아레이트, 리모넨, 토코페롤, 리날룰, 솔비탄아이소스테아레이트, 폴리솔베이트60, 하이드록시시트로넬알, 알파-아이소메틸아이오논, 시트랄, 서양민들레뿌리줄기/뿌리추출물, 미리스틱애씨드, 라우릭애씨드, 녹차추출물","","[38-1] 정제수, [38-2] 부틸렌글라이콜, [38-3] 다이카프릴릴카보네이트, [38-4] 글리세린, [38-5] 메틸트라이메티콘, [38-6] 나이아신아마이드, [38-7] 1,2-헥산다이올, [38-8] 하이드로제네이티드폴리(C6-14올레핀), [38-9] 세테아릴알코올, [38-10] 에탄올, [38-11] 피씨에이다이메티콘, [38-12] 글리세릴스테아레이트, [38-13] 팔미틱애씨드, [38-14] 스테아릭애씨드, [38-15] 향료, [38-16] 아크릴레이트/C10-30알킬아크릴레이트크로스폴리머, [38-17] 트로메타민, [38-18] 하이드록시에틸아크릴레이트/소듐아크릴로일다이메틸타우레이트코폴리머, [38-19] 카페인, [38-20] 에틸헥실글리세린, [38-21] 글리세릴카프릴레이트, [38-22] 하이드로제네이티드레시틴, [38-23] 하이드록시프로필스타치포스페이트, [38-24] 소듐메타포스페이트, [38-25] 아데노신, [38-26] 폴리글리세릴-3메틸글루코오스다이스테아레이트, [38-27] 리모넨, [38-28] 토코페롤, [38-29] 리날룰, [38-30] 솔비탄아이소스테아레이트, [38-31] 폴리솔베이트60, [38-32] 하이드록시시트로넬알, [38-33] 알파-아이소메틸아이오논, [38-34] 시트랄, [38-35] 서양민들레뿌리줄기/뿌리추출물, [38-36] 미리스틱애씨드, [38-37] 라우릭애씨드, [38-38] 녹차추출물"
"A000000223196","[맨즈1등 올인원] 아이디얼포맨 프레시/시카/선 올인원 (단품/기획)","아이디얼포맨","","","","26000.0","14800","","[시카올인원]
정제수,글리세린,프로판다이올,다이프로필렌글라이콜,1,2-헥산다이올,나이아신아마이드,베타인,2,3-부탄다이올,폴리메틸실세스퀴옥세인,병풀추출물,쇠비름추출물,약모밀추출물,플랑크톤추출물,소듐하이알루로네이트,수크로오스스테아레이트,다이에톡시에틸석시네이트,스쿠알란,카프릴릴메티콘,폴리글리세릴-10라우레이트,폴리글리세릴-10스테아레이트,카보머,트로메타민,에틸헥실글리세린,잔탄검,아데노신,글리세릴폴리메타크릴레이트,부틸렌글라이콜,다이소듐이디티에이,카프릴릭/카프릭트라이글리세라이드,하이드로제네이티드포스파티딜콜린,세테아릴알코올,마데카식애씨드,아시아티코사이드,토코페롤,하이드롤라이즈드하이알루로닉애씨드,마데카소사이드,아시아틱애씨드,에스신,소듐아세틸레이티드하이알루로네이트,해수

[프레시 올인원]
정제수,다이프로필렌글라이콜,메틸프로판다이올,1,2-헥산다이올,글리세레스-26,나이아신아마이드,사이클로헥사실록세인,글리세린,카프릴릭/카프릭트라이글리세라이드,다시마추출물,한련초잎추출물,실버위드추출물,귀리커넬추출물,아티초크잎추출물,목면꽃추출물,감나무잎추출물,포도추출물,잇꽃꽃추출물,커피콩추출물,호장근뿌리추출물,녹차추출물,밤껍질추출물,초피나무열매추출물,하이드로제네이티드레시틴,녹차수,소듐하이알루로네이트,암모늄아크릴로일다이메틸타우레이트/브이피코폴리머,아크릴레이트/C10-30알킬아크릴레이트크로스폴리머,트로메타민,에틸헥실글리세린,글리세릴폴리메타크릴레이트,아데노신,프룩토올리고사카라이드,베타-글루칸,폴리쿼터늄-51,하이드롤라이즈드하이알루로닉애씨드,부틸렌글라이콜,락토바실러스발효물,토코페롤,카프릴릴글라이콜,프로판다이올,하이드롤라이즈드소듐하이알루로네이트,수크로오스다이스테아레이트,하이드록시프로필사이클로덱스트린,향료

[선 올인원]
정제수,다이아이소프로필세바케이트,부틸옥틸살리실레이트,다이부틸아디페이트,에칠헥실트리아존,폴리메틸실세스퀴옥세인,디에칠아미노하이드록시벤조일헥실벤조에이트,나이아신아마이드,드로메트리졸트리실록산,메칠렌비스-벤조트리아졸릴테트라메칠부틸페놀,코코-카프릴레이트/카프레이트,프로판다이올,카프릴릴메티콘,글리세린,1,2-헥산다이올,부틸렌글라이콜,펜틸렌글라이콜,귀리커넬추출물,아티초크잎추출물,풍선덩굴꽃/잎/덩굴추출물,에키움 플란타기네움씨오일,녹차수,하이드로제네이티드레시틴,베헤닐알코올,폴리C10-30알킬아크릴레이트,폴리글리세릴-3메틸글루코오스다이스테아레이트,옥틸도데칸올,데실글루코사이드,메틸프로판다이올,트로메타민,카보머,아크릴레이트/C10-30알킬아크릴레이트크로스폴리머,소듐스테아로일글루타메이트,폴리아크릴레이트크로스폴리머-6,에틸헥실글리세린,아데노신,폴리쿼터늄-51,베타-글루칸,해바라기씨오일불검화물,잔탄검,옥타데케인,토코페롤,락틱애씨드/글라이콜릭애씨드코폴리머,카프릴릴글라이콜","","[127-1] 정제수, [127-2] 글리세린, [127-3] 프로판다이올, [127-4] 다이프로필렌글라이콜, [127-5] 1,2-헥산다이올, [127-6] 나이아신아마이드, [127-7] 베타인, [127-8] 2,3-부탄다이올, [127-9] 폴리메틸실세스퀴옥세인, [127-10] 병풀추출물, [127-11] 쇠비름추출물, [127-12] 약모밀추출물, [127-13] 플랑크톤추출물, [127-14] 소듐하이알루로네이트, [127-15] 수크로오스스테아레이트, [127-16] 다이에톡시에틸석시네이트, [127-17] 스쿠알란, [127-18] 카프릴릴메티콘, [127-19] 폴리글리세릴-10라우레이트, [127-20] 폴리글리세릴-10스테아레이트, [127-21] 카보머, [127-22] 트로메타민, [127-23] 에틸헥실글리세린, [127-24] 잔탄검, [127-25] 아데노신, [127-26] 글리세릴폴리메타크릴레이트, [127-27] 부틸렌글라이콜, [127-28] 다이소듐이디티에이, [127-29] 카프릴릭/카프릭트라이글리세라이드, [127-30] 하이드로제네이티드포스파티딜콜린, [127-31] 세테아릴알코올, [127-32] 마데카식애씨드, [127-33] 아시아티코사이드, [127-34] 토코페롤, [127-35] 하이드롤라이즈드하이알루로닉애씨드, [127-36] 마데카소사이드, [127-37] 아시아틱애씨드, [127-38] 에스신, [127-39] 소듐아세틸레이티드하이알루로네이트, [127-40] 정제수, [127-41] 다이프로필렌글라이콜, [127-42] 메틸프로판다이올, [127-43] 1,2-헥산다이올, [127-44] 글리세레스-26, [127-45] 나이아신아마이드, [127-46] 사이클로헥사실록세인, [127-47] 글리세린, [127-48] 카프릴릭/카프릭트라이글리세라이드, [127-49] 다시마추출물, [127-50] 한련초잎추출물, [127-51] 실버위드추출물, [127-52] 귀리커넬추출물, [127-53] 아티초크잎추출물, [127-54] 목면꽃추출물, [127-55] 감나무잎추출물, [127-56] 포도추출물, [127-57] 잇꽃꽃추출물, [127-58] 커피콩추출물, [127-59] 호장근뿌리추출물, [127-60] 녹차추출물, [127-61] 밤껍질추출물, [127-62] 초피나무열매추출물, [127-63] 하이드로제네이티드레시틴, [127-64] 녹차수, [127-65] 소듐하이알루로네이트, [127-66] 암모늄아크릴로일다이메틸타우레이트/브이피코폴리머, [127-67] 아크릴레이트/C10-30알킬아크릴레이트크로스폴리머, [127-68] 트로메타민, [127-69] 에틸헥실글리세린, [127-70] 글리세릴폴리메타크릴레이트, [127-71] 아데노신, [127-72] 프룩토올리고사카라이드, [127-73] 베타-글루칸, [127-74] 폴리쿼터늄-51, [127-75] 하이드롤라이즈드하이알루로닉애씨드, [127-76] 부틸렌글라이콜, [127-77] 락토바실러스발효물, [127-78] 토코페롤, [127-79] 카프릴릴글라이콜, [127-80] 프로판다이올, [127-81] 하이드롤라이즈드소듐하이알루로네이트, [127-82] 수크로오스다이스테아레이트, [127-83] 하이드록시프로필사이클로덱스트린, [127-84] 정제수, [127-85] 다이아이소프로필세바케이트, [127-86] 부틸옥틸살리실레이트, [127-87] 다이부틸아디페이트, [127-88] 에칠헥실트리아존, [127-89] 폴리메틸실세스퀴옥세인, [127-90] 디에칠아미노하이드록시벤조일헥실벤조에이트, [127-91] 나이아신아마이드, [127-92] 드로메트리졸트리실록산, [127-93] 메칠렌비스-벤조트리아졸릴테트라메칠부틸페놀, [127-94] 코코-카프릴레이트/카프레이트, [127-95] 프로판다이올, [127-96] 카프릴릴메티콘, [127-97] 글리세린, [127-98] 1,2-헥산다이올, [127-99] 부틸렌글라이콜, [127-100] 펜틸렌글라이콜, [127-101] 귀리커넬추출물, [127-102] 아티초크잎추출물, [127-103] 풍선덩굴꽃/잎/덩굴추출물, [127-104] 에키움 플란타기네움씨오일, [127-105] 녹차수, [127-106] 하이드로제네이티드레시틴, [127-107] 베헤닐알코올, [127-108] 폴리C10-30알킬아크릴레이트, [127-109] 폴리글리세릴-3메틸글루코오스다이스테아레이트, [127-110] 옥틸도데칸올, [127-111] 데실글루코사이드, [127-112] 메틸프로판다이올, [127-113] 트로메타민, [127-114] 카보머, [127-115] 아크릴레이트/C10-30알킬아크릴레이트크로스폴리머, [127-116] 소듐스테아로일글루타메이트, [127-117] 폴리아크릴레이트크로스폴리머-6, [127-118] 에틸헥실글리세린, [127-119] 아데노신, [127-120] 폴리쿼터늄-51, [127-121] 베타-글루칸, [127-122] 해바라기씨오일불검화물, [127-123] 잔탄검, [127-124] 옥타데케인, [127-125] 토코페롤, [127-126] 락틱애씨드/글라이콜릭애씨드코폴리머, [127-127] 카프릴릴글라이콜"
"A000000223266","[산뜻촉촉]비플레인 시카테롤 올인원 200ml 기획/단품 2종 택1","비플레인","200.0","200.0","ml","","30000","1500.0","정제수, 글리세린, 트라이에틸헥사노인, 나이아신아마이드, 메틸프로판다이올, 세틸에틸헥사노에이트, 비닐다이메티콘, 폴리글리세릴-3다이스테아레이트, 1,2-헥산다이올, 카프릴릭/카프릭트라이글리세라이드, 폴리글리세릴-3메틸글루코오스다이스테아레이트, 아이소도데케인, 글리세릴스테아레이트, 글리세릴스테아레이트시트레이트, 사카라이드하이드롤리세이트, 에틸헥실글리세린, 다이메티콘올, 카보머, 트로메타민, 소듐폴리아크릴레이트, 글루코오스, 아데노신, 소듐아크릴레이트/소듐아크릴로일다이메틸타우레이트코폴리머, 필리핀오렌지껍질추출물, 폴리아이소부텐, 카카오씨추출물, 덱스트린, 솔잣나무잎/줄기추출물, 다이소듐이디티에이, C18-21알케인, 서양송악잎/줄기추출물, 베르가모트오일, 병풀추출물(140ppm), 양까막까치밥나무잎추출물, 리씨열매오일, 트레할로오스, 프로판다이올, 알란토인, 폴리글리세릴-10올리에이트, 솔비탄올리에이트, 카프릴릴/카프릴글루코사이드, 글루코노락톤, 카프릴로일살리실릭애씨드, 부틸렌글라이콜, 베타-시토스테롤, 소듐하이알루로네이트, 당느릅나무뿌리추출물, 칡뿌리추출물, 대왕소나무잎추출물, 달맞이꽃꽃추출물, 하이알루로닉애씨드, 소듐하이알루로네이트크로스폴리머, 돌나물추출물, 하이드롤라이즈드소듐하이알루로네이트, 하이드롤라이즈드하이알루로닉애씨드, 소듐아세틸레이티드하이알루로네이트, 하이드록시프로필트라이모늄하이알루로네이트","","[57-1] 정제수, [57-2] 글리세린, [57-3] 트라이에틸헥사노인, [57-4] 나이아신아마이드, [57-5] 메틸프로판다이올, [57-6] 세틸에틸헥사노에이트, [57-7] 비닐다이메티콘, [57-8] 폴리글리세릴-3다이스테아레이트, [57-9] 1,2-헥산다이올, [57-10] 카프릴릭/카프릭트라이글리세라이드, [57-11] 폴리글리세릴-3메틸글루코오스다이스테아레이트, [57-12] 아이소도데케인, [57-13] 글리세릴스테아레이트, [57-14] 글리세릴스테아레이트시트레이트, [57-15] 사카라이드하이드롤리세이트, [57-16] 에틸헥실글리세린, [57-17] 다이메티콘올, [57-18] 카보머, [57-19] 트로메타민, [57-20] 소듐폴리아크릴레이트, [57-21] 글루코오스, [57-22] 아데노신, [57-23] 소듐아크릴레이트/소듐아크릴로일다이메틸타우레이트코폴리머, [57-24] 필리핀오렌지껍질추출물, [57-25] 폴리아이소부텐, [57-26] 카카오씨추출물, [57-27] 덱스트린, [57-28] 솔잣나무잎/줄기추출물, [57-29] 다이소듐이디티에이, [57-30] C18-21알케인, [57-31] 서양송악잎/줄기추출물, [57-32] 베르가모트오일, [57-33] 병풀추출물(140ppm), [57-34] 양까막까치밥나무잎추출물, [57-35] 리씨열매오일, [57-36] 트레할로오스, [57-37] 프로판다이올, [57-38] 알란토인, [57-39] 폴리글리세릴-10올리에이트, [57-40] 솔비탄올리에이트, [57-41] 카프릴릴/카프릴글루코사이드, [57-42] 글루코노락톤, [57-43] 카프릴로일살리실릭애씨드, [57-44] 부틸렌글라이콜, [57-45] 베타-시토스테롤, [57-46] 소듐하이알루로네이트, [57-47] 당느릅나무뿌리추출물, [57-48] 칡뿌리추출물, [57-49] 대왕소나무잎추출물, [57-50] 달맞이꽃꽃추출물, [57-51] 하이알루로닉애씨드, [57-52] 소듐하이알루로네이트크로스폴리머, [57-53] 돌나물추출물, [57-54] 하이드롤라이즈드소듐하이알루로네이트, [57-55] 하이드롤라이즈드하이알루로닉애씨드, [57-56] 소듐아세틸레이티드하이알루로네이트, [57-57] 하이드록시프로필트라이모늄하이알루로네이트"
"A000000223673","[7초진정/수분쿨링] 미닉 퍼펙트 콜라드 그린 진정 올인원 200ml","미닉","200.0","200.0","ml","32000.0","25600","1280.0","케일잎수,정제수,나이아신아마이드,메틸프로판다이올,아이소도데케인,1,2-헥산다이올,글리세린,카프릴릭/카프릭트라이글리세라이,다이프로필렌글라이콜,카프릴릴메티콘,프로판다이올,C14-22알코올,글리세릴스테아레이트,하이드로제네이티드폴리(C6-14올레핀),C12-16알코올,판테놀,아크릴레이트/C10-30알킬아크릴레이트크로스폴리머,암모늄아크릴로일다이메틸타우레이트/브이피코폴리머,C12-20알킬글루코사이드,팔미틱애씨드,하이드로제네이티드레시틴,알지닌,에틸헥실글리세린,멘톤글리세린아세탈,실리카,잔탄검,아데노신,인도멀구슬나무잎추출물,소듐파이테이트,시트릭애씨드,인도멀구슬나무꽃추출물,글루코오스,부틸렌글라이콜,하이드로제네이티드포스파티딜콜린,소듐폴리아크릴로일다이메틸타우레이트,하이드로제네이티드폴리데센,병풀추출물,수크로오스스테아레이트,하이드롤라이즈드하이알루로닉애씨드,세테아릴알코올,글루코노락톤,소듐하이알루로네이트,카프릴릴/카프릴글루코사이드,하이알루로닉애씨드,포타슘하이알루로네이트,소듐하이알루로네이트크로스폴리머,하이드록시프로필트라이모늄하이알루로네이트,마데카식애씨드,마데카소사이드,아시아티코사이드,아시아틱애씨드,펜틸렌글라이콜,소듐아세틸레이티드하이알루로네이트","","[53-1] 케일잎수, [53-2] 정제수, [53-3] 나이아신아마이드, [53-4] 메틸프로판다이올, [53-5] 아이소도데케인, [53-6] 1,2-헥산다이올, [53-7] 글리세린, [53-8] 카프릴릭/카프릭트라이글리세라이, [53-9] 다이프로필렌글라이콜, [53-10] 카프릴릴메티콘, [53-11] 프로판다이올, [53-12] C14-22알코올, [53-13] 글리세릴스테아레이트, [53-14] 하이드로제네이티드폴리(C6-14올레핀), [53-15] C12-16알코올, [53-16] 판테놀, [53-17] 아크릴레이트/C10-30알킬아크릴레이트크로스폴리머, [53-18] 암모늄아크릴로일다이메틸타우레이트/브이피코폴리머, [53-19] C12-20알킬글루코사이드, [53-20] 팔미틱애씨드, [53-21] 하이드로제네이티드레시틴, [53-22] 알지닌, [53-23] 에틸헥실글리세린, [53-24] 멘톤글리세린아세탈, [53-25] 실리카, [53-26] 잔탄검, [53-27] 아데노신, [53-28] 인도멀구슬나무잎추출물, [53-29] 소듐파이테이트, [53-30] 시트릭애씨드, [53-31] 인도멀구슬나무꽃추출물, [53-32] 글루코오스, [53-33] 부틸렌글라이콜, [53-34] 하이드로제네이티드포스파티딜콜린, [53-35] 소듐폴리아크릴로일다이메틸타우레이트, [53-36] 하이드로제네이티드폴리데센, [53-37] 병풀추출물, [53-38] 수크로오스스테아레이트, [53-39] 하이드롤라이즈드하이알루로닉애씨드, [53-40] 세테아릴알코올, [53-41] 글루코노락톤, [53-42] 소듐하이알루로네이트, [53-43] 카프릴릴/카프릴글루코사이드, [53-44] 하이알루로닉애씨드, [53-45] 포타슘하이알루로네이트, [53-46] 소듐하이알루로네이트크로스폴리머, [53-47] 하이드록시프로필트라이모늄하이알루로네이트, [53-48] 마데카식애씨드, [53-49] 마데카소사이드, [53-50] 아시아티코사이드, [53-51] 아시아틱애씨드, [53-52] 펜틸렌글라이콜, [53-53] 소듐아세틸레이티드하이알루로네이트"
"A000000224041","아누아 라이스 70 인텐시브 모이스처라이징 밀크 150ml","아누아","150.0","150.0","ml","27000.0","19500","1300.0","쌀겨수, 하이드로제네이티드폴리(C6-14올레핀), 부틸렌글라이콜, 글리세린, 나이아신아마이드, 메도우폼 씨오일, 피토스테릴/옥틸도데실라우로일글루타메이트, 1,2-헥산다이올, 다이글리세린, 세틸에틸헥사노에이트,정제수, 피토스테릴/이소스테아릴/세틸/스테아릴/베헤닐다이머디리놀리에이트, 글리세릴스테아레이트, 코코넛야자오일, 비닐다이메티콘, 베헤닐알코올, 쌀추출물, 폴리솔베이트20, 세테아릴알코올, 알지닌, 하이드록시아세토페논, 하이드로제네이티드레시틴, 에틸헥실글리세린, 아크릴레이트/C10-30알킬아크릴레이트크로스폴리머, 하이드록시에틸아크릴레이트/소듐아크릴로일다이메틸타우레이트코폴리머, 글리세릴스테아레이트에스이, 잔탄검, 아데노신, 카보머, 콜레스테롤, 다이프로필렌글라이콜, 세라마이드엔피, 솔비탄아이소스테아레이트, 락토바실러스발효여과물, 스쿠알란, 알란토인, 쌀단백질, 하이드롤라이즈드쌀단백질, 토코페롤, 엑토인, 피토스핑고신, 팔미틱애씨드, 스테아릭애씨드, 소듐하이알루로네이트, 세라마이드에이에스, 세라마이드에이피, 세라마이드엔에스, 하이드롤라이즈드하이 알루로닉애씨드, 소듐아세틸레이티드하이알루로네이트, 쌀겨오일, 세라마이드이오피","","[51-1] 쌀겨수, [51-2] 하이드로제네이티드폴리(C6-14올레핀), [51-3] 부틸렌글라이콜, [51-4] 글리세린, [51-5] 나이아신아마이드, [51-6] 메도우폼 씨오일, [51-7] 피토스테릴/옥틸도데실라우로일글루타메이트, [51-8] 1,2-헥산다이올, [51-9] 다이글리세린, [51-10] 세틸에틸헥사노에이트, [51-11] 정제수, [51-12] 피토스테릴/이소스테아릴/세틸/스테아릴/베헤닐다이머디리놀리에이트, [51-13] 글리세릴스테아레이트, [51-14] 코코넛야자오일, [51-15] 비닐다이메티콘, [51-16] 베헤닐알코올, [51-17] 쌀추출물, [51-18] 폴리솔베이트20, [51-19] 세테아릴알코올, [51-20] 알지닌, [51-21] 하이드록시아세토페논, [51-22] 하이드로제네이티드레시틴, [51-23] 에틸헥실글리세린, [51-24] 아크릴레이트/C10-30알킬아크릴레이트크로스폴리머, [51-25] 하이드록시에틸아크릴레이트/소듐아크릴로일다이메틸타우레이트코폴리머, [51-26] 글리세릴스테아레이트에스이, [51-27] 잔탄검, [51-28] 아데노신, [51-29] 카보머, [51-30] 콜레스테롤, [51-31] 다이프로필렌글라이콜, [51-32] 세라마이드엔피, [51-33] 솔비탄아이소스테아레이트, [51-34] 락토바실러스발효여과물, [51-35] 스쿠알란, [51-36] 알란토인, [51-37] 쌀단백질, [51-38] 하이드롤라이즈드쌀단백질, [51-39] 토코페롤, [51-40] 엑토인, [51-41] 피토스핑고신, [51-42] 팔미틱애씨드, [51-43] 스테아릭애씨드, [51-44] 소듐하이알루로네이트, [51-45] 세라마이드에이에스, [51-46] 세라마이드에이피, [51-47] 세라마이드엔에스, [51-48] 하이드롤라이즈드하이 알루로닉애씨드, [51-49] 소듐아세틸레이티드하이알루로네이트, [51-50] 쌀겨오일, [51-51] 세라마이드이오피"
"A000000224240","[각질순삭] 스킨푸드 블랙슈가 퍼펙트 에멀전 2X 포 맨 180ml","스킨푸드","180.0","180.0","ml","","22000","1222.2","정제수, 글리세린, 부틸렌글라이콜, 에틸헥실팔미테이트, 사이클로펜타실록세인, 나이아신아마이드, 세테아릴알코올, 폴리글리세릴-3메틸글루코오스다이스테아레이트, 1,2-헥산다이올, 시어버터, 에틸헥실글리세린, 수크로오스(3,000 ppm), 다이메티콘/비닐다이메티콘크로스폴리머, 카보머, 프로판다이올, 아데노신, 트로메타민, 글루코노락톤, 셀룰로오스검, 레몬추출물, 사과추출물, 오렌지추출물, 파파야열매추출물, 에난티아 클로란타껍질추출물, 마트리카리아추출물, 쌀발효여과물, 알로에베라잎추출물, 올레아놀릭애씨드, 톳추출물, 카프릴릴글라이콜, 향료, 리모넨, 벤질살리실레이트, 리날룰, 헥실신남알","","[36-1] 정제수, [36-2] 글리세린, [36-3] 부틸렌글라이콜, [36-4] 에틸헥실팔미테이트, [36-5] 사이클로펜타실록세인, [36-6] 나이아신아마이드, [36-7] 세테아릴알코올, [36-8] 폴리글리세릴-3메틸글루코오스다이스테아레이트, [36-9] 1,2-헥산다이올, [36-10] 시어버터, [36-11] 에틸헥실글리세린, [36-12] 수크로오스(3, [36-13] 000 ppm), [36-14] 다이메티콘/비닐다이메티콘크로스폴리머, [36-15] 카보머, [36-16] 프로판다이올, [36-17] 아데노신, [36-18] 트로메타민, [36-19] 글루코노락톤, [36-20] 셀룰로오스검, [36-21] 레몬추출물, [36-22] 사과추출물, [36-23] 오렌지추출물, [36-24] 파파야열매추출물, [36-25] 에난티아 클로란타껍질추출물, [36-26] 마트리카리아추출물, [36-27] 쌀발효여과물, [36-28] 알로에베라잎추출물, [36-29] 올레아놀릭애씨드, [36-30] 톳추출물, [36-31] 카프릴릴글라이콜, [36-32] 향료, [36-33] 리모넨, [36-34] 벤질살리실레이트, [36-35] 리날룰, [36-36] 헥실신남알"
"A000000225614","그라운드랩 올인원 모이스처라이저 스킨 로션 200ml","그라운드랩","200.0","200.0","ml","","19700","985.0","정제수, 글리세린, 변성알코올, 에틸헥실스테아레이트, 1,2-헥산다이올, 나이아신아마이드, 페닐트라이메티콘, 폴리글리세릴-3다이스테아레이트, 세테아릴알코올, 메틸트라이메티콘, 다시마추출물, 한련초잎추출물, 병풀추출물, 무화과추출물, 꿀추출물, 당느릅나무뿌리추출물, 줄맨드라미씨추출물, 하이드로제네이티드레시틴, 소듐하이알루로네이트, 글리세릴스테아레이트, 소듐스테아로일글루타메이트, 갈락토미세스발효여과물, 글리세릴스테아레이트시트레이트, 부틸렌글라이콜, 알지닌, 카보머, 아데노신, 자일리틸글루코사이드, 안하이드로자일리톨, 다이소듐이디티에이, 베타인, 프룩토올리고사카라이드, 자일리톨, 베타-글루칸, 글루코오스, 베헤닐알코올, 하이드롤라이즈드하이알루로닉애씨드, 글리세릴스테아레이트에스이, 세라마이드엔피, 콜레스테롤, 다이프로필렌글라이콜, 소듐아세틸레이티드하이알루로네이트, 세라마이드에이에스, 세라마이드에이피, 세라마이드엔에스, 세라마이드이오피, 향료, 에틸헥실글리세린, 헥실신남알, 벤질살리실레이트","","[50-1] 정제수, [50-2] 글리세린, [50-3] 변성알코올, [50-4] 에틸헥실스테아레이트, [50-5] 1,2-헥산다이올, [50-6] 나이아신아마이드, [50-7] 페닐트라이메티콘, [50-8] 폴리글리세릴-3다이스테아레이트, [50-9] 세테아릴알코올, [50-10] 메틸트라이메티콘, [50-11] 다시마추출물, [50-12] 한련초잎추출물, [50-13] 병풀추출물, [50-14] 무화과추출물, [50-15] 꿀추출물, [50-16] 당느릅나무뿌리추출물, [50-17] 줄맨드라미씨추출물, [50-18] 하이드로제네이티드레시틴, [50-19] 소듐하이알루로네이트, [50-20] 글리세릴스테아레이트, [50-21] 소듐스테아로일글루타메이트, [50-22] 갈락토미세스발효여과물, [50-23] 글리세릴스테아레이트시트레이트, [50-24] 부틸렌글라이콜, [50-25] 알지닌, [50-26] 카보머, [50-27] 아데노신, [50-28] 자일리틸글루코사이드, [50-29] 안하이드로자일리톨, [50-30] 다이소듐이디티에이, [50-31] 베타인, [50-32] 프룩토올리고사카라이드, [50-33] 자일리톨, [50-34] 베타-글루칸, [50-35] 글루코오스, [50-36] 베헤닐알코올, [50-37] 하이드롤라이즈드하이알루로닉애씨드, [50-38] 글리세릴스테아레이트에스이, [50-39] 세라마이드엔피, [50-40] 콜레스테롤, [50-41] 다이프로필렌글라이콜, [50-42] 소듐아세틸레이티드하이알루로네이트, [50-43] 세라마이드에이에스, [50-44] 세라마이드에이피, [50-45] 세라마이드엔에스, [50-46] 세라마이드이오피, [50-47] 향료, [50-48] 에틸헥실글리세린, [50-49] 헥실신남알, [50-50] 벤질살리실레이트"
"A000000225943","[개기름박멸]아이디얼포맨 프레시 올인원 150ml 단품/기획","아이디얼포맨","150.0","150.0","ml","","26000","1733.3","정제수,다이프로필렌글라이콜,메틸프로판다이올,1,2-헥산다이올,글리세레스-26,나이아신아마이드,사이클로헥사실록세인,글리세린,카프릴릭/카프릭트라이글리세라이드,다시마추출물,한련초잎추출물,실버위드추출물,귀리커넬추출물,아티초크잎추출물,목면꽃추출물,감나무잎추출물,포도추출물,암모늄아크릴로일다이메틸타우레이트/브이피코폴리머,아크릴레이트/C10-30알킬아크릴레이트크로스폴리머,트로메타민,에틸헥실글리세린,글리세릴폴리메타크릴레이트,아데노신,프룩토올리고사카라이드,베타-글루칸,폴리쿼터늄-51,하이드롤라이즈드하이알루로닉애씨드,부틸렌글라이콜,락토바실러스발효물,토코페롤,카프릴릴글라이콜,프로판다이올,하이드롤라이즈드소듐하이알루로네이트,수크로오스다이스테아레이트,하이드록시프로필사이클로덱스트린,향료","","[36-1] 정제수, [36-2] 다이프로필렌글라이콜, [36-3] 메틸프로판다이올, [36-4] 1,2-헥산다이올, [36-5] 글리세레스-26, [36-6] 나이아신아마이드, [36-7] 사이클로헥사실록세인, [36-8] 글리세린, [36-9] 카프릴릭/카프릭트라이글리세라이드, [36-10] 다시마추출물, [36-11] 한련초잎추출물, [36-12] 실버위드추출물, [36-13] 귀리커넬추출물, [36-14] 아티초크잎추출물, [36-15] 목면꽃추출물, [36-16] 감나무잎추출물, [36-17] 포도추출물, [36-18] 암모늄아크릴로일다이메틸타우레이트/브이피코폴리머, [36-19] 아크릴레이트/C10-30알킬아크릴레이트크로스폴리머, [36-20] 트로메타민, [36-21] 에틸헥실글리세린, [36-22] 글리세릴폴리메타크릴레이트, [36-23] 아데노신, [36-24] 프룩토올리고사카라이드, [36-25] 베타-글루칸, [36-26] 폴리쿼터늄-51, [36-27] 하이드롤라이즈드하이알루로닉애씨드, [36-28] 부틸렌글라이콜, [36-29] 락토바실러스발효물, [36-30] 토코페롤, [36-31] 카프릴릴글라이콜, [36-32] 프로판다이올, [36-33] 하이드롤라이즈드소듐하이알루로네이트, [36-34] 수크로오스다이스테아레이트, [36-35] 하이드록시프로필사이클로덱스트린, [36-36] 향료"
"A000000226100","이니스프리 그린티 로션 포맨 150ml","이니스프리","150.0","150.0","ml","","22000","1466.7","정제수, 프로판다이올, 하이드로제네이티드폴리(C6-14올레핀), 변성알코올, 세틸에틸헥사노에이트, 1,2-헥산다이올, 데실코코에이트, 폴리글리세릴-3메틸글루코오스다이스테아레이트, 다이메티콘, 세테아릴알코올, 메틸트라이메티콘, 페닐트라이메티콘, 카프릴릴메티콘, 카보머, 글리세린, 글리세릴스테아레이트, 하이드로제네이티드식물성오일, 폴리글리세릴-3다이스테아레이트, 트로메타민, 트라이에틸시트레이트, 스테아릭애씨드, 소듐메타포스페이트, 다이메티콘/비닐다이메티콘크로스폴리머, 리모넨, 팔미틱애씨드, 에틸헥실글리세린, 다이메티콘올, 레몬껍질오일, 글리세릴스테아레이트시트레이트, 마테잎추출물, 베타-글루칸, 시트랄, 녹차추출물, 소두구씨오일, 스피어민트잎오일, 리날룰, 레시틴, 시트로넬라오일, 토코페롤, 갈바눔수지오일","","[40-1] 정제수, [40-2] 프로판다이올, [40-3] 하이드로제네이티드폴리(C6-14올레핀), [40-4] 변성알코올, [40-5] 세틸에틸헥사노에이트, [40-6] 1,2-헥산다이올, [40-7] 데실코코에이트, [40-8] 폴리글리세릴-3메틸글루코오스다이스테아레이트, [40-9] 다이메티콘, [40-10] 세테아릴알코올, [40-11] 메틸트라이메티콘, [40-12] 페닐트라이메티콘, [40-13] 카프릴릴메티콘, [40-14] 카보머, [40-15] 글리세린, [40-16] 글리세릴스테아레이트, [40-17] 하이드로제네이티드식물성오일, [40-18] 폴리글리세릴-3다이스테아레이트, [40-19] 트로메타민, [40-20] 트라이에틸시트레이트, [40-21] 스테아릭애씨드, [40-22] 소듐메타포스페이트, [40-23] 다이메티콘/비닐다이메티콘크로스폴리머, [40-24] 리모넨, [40-25] 팔미틱애씨드, [40-26] 에틸헥실글리세린, [40-27] 다이메티콘올, [40-28] 레몬껍질오일, [40-29] 글리세릴스테아레이트시트레이트, [40-30] 마테잎추출물, [40-31] 베타-글루칸, [40-32] 시트랄, [40-33] 녹차추출물, [40-34] 소두구씨오일, [40-35] 스피어민트잎오일, [40-36] 리날룰, [40-37] 레시틴, [40-38] 시트로넬라오일, [40-39] 토코페롤, [40-40] 갈바눔수지오일"
"A000000226598","네이처리퍼블릭 아프리카 버드 옴므 올인원 모이스처라이저 150ml","네이처리퍼블릭","150.0","150.0","ml","15000.0","14500","966.7","정제수, 글리세린, 메틸프로판다이올, 1,2-헥산다이올, 나이아신아마이드, 다이카프릴릴에터, 바오밥나무씨추출물, 다시마추출물, 한련초잎추출물, 황련뿌리추출물, 하이드롤라이즈드치자추출물, 트루로즈오브예리코추출물, 에난티아 클로란타껍질추출물, 루이보스잎추출물, 보검선인장열매추출물, 하이드로제네이티드레시틴, 암모늄아크릴로일다이메틸타우레이트/브이피코폴리머, 카보머, 다이프로필렌글라이콜, 트로메타민, 부틸렌글라이콜, 아데노신, 프룩토올리고사카라이드, 잔탄검, 베타-글루칸, 하이드롤라이즈드하이알루로닉애씨드, 말토덱스트린, 토코페롤, 하이드롤라이즈드소듐하이알루로네이트, 올레아놀릭애씨드, 향료, 하이드록시아세토페논, 에틸헥실글리세린","","[33-1] 정제수, [33-2] 글리세린, [33-3] 메틸프로판다이올, [33-4] 1,2-헥산다이올, [33-5] 나이아신아마이드, [33-6] 다이카프릴릴에터, [33-7] 바오밥나무씨추출물, [33-8] 다시마추출물, [33-9] 한련초잎추출물, [33-10] 황련뿌리추출물, [33-11] 하이드롤라이즈드치자추출물, [33-12] 트루로즈오브예리코추출물, [33-13] 에난티아 클로란타껍질추출물, [33-14] 루이보스잎추출물, [33-15] 보검선인장열매추출물, [33-16] 하이드로제네이티드레시틴, [33-17] 암모늄아크릴로일다이메틸타우레이트/브이피코폴리머, [33-18] 카보머, [33-19] 다이프로필렌글라이콜, [33-20] 트로메타민, [33-21] 부틸렌글라이콜, [33-22] 아데노신, [33-23] 프룩토올리고사카라이드, [33-24] 잔탄검, [33-25] 베타-글루칸, [33-26] 하이드롤라이즈드하이알루로닉애씨드, [33-27] 말토덱스트린, [33-28] 토코페롤, [33-29] 하이드롤라이즈드소듐하이알루로네이트, [33-30] 올레아놀릭애씨드, [33-31] 향료, [33-32] 하이드록시아세토페논, [33-33] 에틸헥실글리세린"
"A000000226600","네이처리퍼블릭 아프리카 버드 옴므 올인원 프레시 밸런서 150ml","네이처리퍼블릭","150.0","150.0","ml","15000.0","14500","966.7","정제수, 변성알코올, 글리세린, 프로판다이올, 1,2-헥산다이올, 메틸프로판다이올, 비닐다이메티콘, 나이아신아마이드, 스테아릴알코올, 폴리메틸실세스퀴옥세인, 다이펜타에리스리틸헥사C5-9애씨드에스터,카프릴릭/카프릭트라이글리세라이드, 바오밥나무씨추출물, 트루로즈오브예리코추출물, 에난티아 클로란타껍질추출물, 루이보스잎추출물, 보검선인장열매추출물, 세테아릴올리베이트, 글리세릴스테아레이트, 솔비탄올리베이트, 폴리글리세릴-2스테아레이트, 폴리아크릴레이트크로스폴리머-6, 에틸헥실글리세린, 카보머, 트로메타민, 아데노신, 다이소듐이디티에이, 부틸렌글라이콜, 올레아놀릭애씨드,향료","","[30-1] 정제수, [30-2] 변성알코올, [30-3] 글리세린, [30-4] 프로판다이올, [30-5] 1,2-헥산다이올, [30-6] 메틸프로판다이올, [30-7] 비닐다이메티콘, [30-8] 나이아신아마이드, [30-9] 스테아릴알코올, [30-10] 폴리메틸실세스퀴옥세인, [30-11] 다이펜타에리스리틸헥사C5-9애씨드에스터, [30-12] 카프릴릭/카프릭트라이글리세라이드, [30-13] 바오밥나무씨추출물, [30-14] 트루로즈오브예리코추출물, [30-15] 에난티아 클로란타껍질추출물, [30-16] 루이보스잎추출물, [30-17] 보검선인장열매추출물, [30-18] 세테아릴올리베이트, [30-19] 글리세릴스테아레이트, [30-20] 솔비탄올리베이트, [30-21] 폴리글리세릴-2스테아레이트, [30-22] 폴리아크릴레이트크로스폴리머-6, [30-23] 에틸헥실글리세린, [30-24] 카보머, [30-25] 트로메타민, [30-26] 아데노신, [30-27] 다이소듐이디티에이, [30-28] 부틸렌글라이콜, [30-29] 올레아놀릭애씨드, [30-30] 향료"
"A000000227226","브리올옴므 퍼펙트 화이트닝 로션 120ml*","브리올옴므","120.0","120.0","ml","26000.0","24700","2058.3","정제수, 메틸프로판다이올, 네오펜틸글라이콜다이헵타노에이트, 사이클로펜타실록세인, 하이드로제네이티드폴리(C6-14올레핀), 글리세린, 나이아신아마이드, 다이메티콘, 폴리글리세릴-3메틸글루코오스다이스테아레이트, 판테놀, 보검선인장줄기추출물, 병풀추출물, 카바카바잎/뿌리/줄기추출물, 무화과추출물, 인삼열매추출물, 당느릅나무뿌리추출물, 줄맨드라미씨추출물, 오일바이오감귤아로마추출물, 메틸트라이메티콘, 소듐하이알루로네이트, 다이메티콘/비닐다이메티콘크로스폴리머, 베타인, 글리세릴스테아레이트, 카보머, 하이드록시에틸아크릴레이트/소듐아크릴로일다이메틸타우레이트코폴리머, 트로메타민, 스쿠알란, 부틸렌글라이콜, 소듐스테아로일글루타메이트, 알란토인, 잔탄검, 세틸에틸헥사노에이트, 비닐다이메티콘, 자일리틸글루코사이드, 다이소듐이디티에이, 에델바이스꽃/잎추출물, 안하이드로자일리톨, 세테아릴알코올, 자일리톨, 글루타티온, 글리세릴스테아레이트시트레이트, 폴리리신, 솔비탄올리베이트, 솔비탄스테아레이트, 베타-글루칸, 프롭탄다이올, 폴리하이드록시스테아릭애씨드, 폴리글리세릴-5다이스테아레이트, 카프릴릴글라이콜, 알루미늄하이드록사이드, 스테아릭애씨드, 토코페롤, 페녹시에탄올, 펜틸렌글라이콜, 소듐아스코빌포스페이트, 토코페릴아세테이트, 소듐하이실레이트드하이알루로네이트, 하이드롤라이즈드소듐하이알루로네이트, 하이드롤라이즈드하이알루로닉애씨드, 포타슘하이알루로네이트, 피토스핑고신, 소듐피씨에이, 사카로마이세스/갈릭발효여과물, 소듐락테이트, 글리세릴글루코사이드, 피리독신, 사이아노코발아민, 포타슘글루코오스, 포타슘포스페이트, 1,2-헥산다이올, 피이지-100스테아레이트, 피이지-40스테아레이트, 피이지-20, 폴리솔베이트60, 향료, 페녹시에탄올, 에틸헥실글리세린, 펜틸렌글라이콜, 리모넨, 리날룰, 부틸렌메틸프로피오날","","[81-1] 정제수, [81-2] 메틸프로판다이올, [81-3] 네오펜틸글라이콜다이헵타노에이트, [81-4] 사이클로펜타실록세인, [81-5] 하이드로제네이티드폴리(C6-14올레핀), [81-6] 글리세린, [81-7] 나이아신아마이드, [81-8] 다이메티콘, [81-9] 폴리글리세릴-3메틸글루코오스다이스테아레이트, [81-10] 판테놀, [81-11] 보검선인장줄기추출물, [81-12] 병풀추출물, [81-13] 카바카바잎/뿌리/줄기추출물, [81-14] 무화과추출물, [81-15] 인삼열매추출물, [81-16] 당느릅나무뿌리추출물, [81-17] 줄맨드라미씨추출물, [81-18] 오일바이오감귤아로마추출물, [81-19] 메틸트라이메티콘, [81-20] 소듐하이알루로네이트, [81-21] 다이메티콘/비닐다이메티콘크로스폴리머, [81-22] 베타인, [81-23] 글리세릴스테아레이트, [81-24] 카보머, [81-25] 하이드록시에틸아크릴레이트/소듐아크릴로일다이메틸타우레이트코폴리머, [81-26] 트로메타민, [81-27] 스쿠알란, [81-28] 부틸렌글라이콜, [81-29] 소듐스테아로일글루타메이트, [81-30] 알란토인, [81-31] 잔탄검, [81-32] 세틸에틸헥사노에이트, [81-33] 비닐다이메티콘, [81-34] 자일리틸글루코사이드, [81-35] 다이소듐이디티에이, [81-36] 에델바이스꽃/잎추출물, [81-37] 안하이드로자일리톨, [81-38] 세테아릴알코올, [81-39] 자일리톨, [81-40] 글루타티온, [81-41] 글리세릴스테아레이트시트레이트, [81-42] 폴리리신, [81-43] 솔비탄올리베이트, [81-44] 솔비탄스테아레이트, [81-45] 베타-글루칸, [81-46] 프롭탄다이올, [81-47] 폴리하이드록시스테아릭애씨드, [81-48] 폴리글리세릴-5다이스테아레이트, [81-49] 카프릴릴글라이콜, [81-50] 알루미늄하이드록사이드, [81-51] 스테아릭애씨드, [81-52] 토코페롤, [81-53] 페녹시에탄올, [81-54] 펜틸렌글라이콜, [81-55] 소듐아스코빌포스페이트, [81-56] 토코페릴아세테이트, [81-57] 소듐하이실레이트드하이알루로네이트, [81-58] 하이드롤라이즈드소듐하이알루로네이트, [81-59] 하이드롤라이즈드하이알루로닉애씨드, [81-60] 포타슘하이알루로네이트, [81-61] 피토스핑고신, [81-62] 소듐피씨에이, [81-63] 사카로마이세스/갈릭발효여과물, [81-64] 소듐락테이트, [81-65] 글리세릴글루코사이드, [81-66] 피리독신, [81-67] 사이아노코발아민, [81-68] 포타슘글루코오스, [81-69] 포타슘포스페이트, [81-70] 1,2-헥산다이올, [81-71] 피이지-100스테아레이트, [81-72] 피이지-40스테아레이트, [81-73] 피이지-20, [81-74] 폴리솔베이트60, [81-75] 향료, [81-76] 페녹시에탄올, [81-77] 에틸헥실글리세린, [81-78] 펜틸렌글라이콜, [81-79] 리모넨, [81-80] 리날룰, [81-81] 부틸렌메틸프로피오날"
"A000000228955","[NEW] 토리든 밸런스풀 포맨 시카 오일프리 로션 200ml","토리든","200.0","200.0","ml","23000.0","18400","920.0","정제수, 메틸프로판다이올, 글리세린, 나이아신아마이드, 부틸렌글라이콜, 다이에톡시에틸석시네이트, 마데카소사이드, 아시아티코사이드, 마데카식애씨드, 아시아틱애씨드, 병풀추출물(100ppm), 판테놀, 접시꽃추출물, 락토바실러스발효물, 푸른연꽃추출물, 쓴풀추출물, 팔미토일다이펩타이드-7, 펜틸렌글라이콜, 소듐하이알루로네이트, 글리세릴글루코사이드, 하이드록시아세토페논, 하이드록시프로필스타치포스페이트, 아미노메틸프로판다이올, 하이드로제네이티드레시틴, 하이드록시에틸셀룰로오스, 에틸헥실글리세린, 덱스트린, 메틸메타크릴레이트크로스폴리머, 소듐파이테이트, 1,2-헥산다이올, 소듐아세테이트, 토코페롤, 아크릴레이트/C10-30알킬아크릴레이트크로스폴리머, 다이포타슘글리시리제이트, 프로판다이올, 폴리아크릴릭애씨드, 스타이렌/아크릴레이트코폴리머, 황련뿌리추출물, 치자추출물","","[39-1] 정제수, [39-2] 메틸프로판다이올, [39-3] 글리세린, [39-4] 나이아신아마이드, [39-5] 부틸렌글라이콜, [39-6] 다이에톡시에틸석시네이트, [39-7] 마데카소사이드, [39-8] 아시아티코사이드, [39-9] 마데카식애씨드, [39-10] 아시아틱애씨드, [39-11] 병풀추출물(100ppm), [39-12] 판테놀, [39-13] 접시꽃추출물, [39-14] 락토바실러스발효물, [39-15] 푸른연꽃추출물, [39-16] 쓴풀추출물, [39-17] 팔미토일다이펩타이드-7, [39-18] 펜틸렌글라이콜, [39-19] 소듐하이알루로네이트, [39-20] 글리세릴글루코사이드, [39-21] 하이드록시아세토페논, [39-22] 하이드록시프로필스타치포스페이트, [39-23] 아미노메틸프로판다이올, [39-24] 하이드로제네이티드레시틴, [39-25] 하이드록시에틸셀룰로오스, [39-26] 에틸헥실글리세린, [39-27] 덱스트린, [39-28] 메틸메타크릴레이트크로스폴리머, [39-29] 소듐파이테이트, [39-30] 1,2-헥산다이올, [39-31] 소듐아세테이트, [39-32] 토코페롤, [39-33] 아크릴레이트/C10-30알킬아크릴레이트크로스폴리머, [39-34] 다이포타슘글리시리제이트, [39-35] 프로판다이올, [39-36] 폴리아크릴릭애씨드, [39-37] 스타이렌/아크릴레이트코폴리머, [39-38] 황련뿌리추출물, [39-39] 치자추출물"
"A000000230762","[올인원] 이니스프리 포레스트포맨 올인원 에센스 100ml 기획(+에센스 25ml+폼30g)","이니스프리","100.0","125.0","ml","","29000","2320.0","[포어케어]정제수, 프로판다이올, 다이메티콘, 글리세레스-26, 1,2-헥산다이올, 비스-피이지-18메틸에터다이메틸실레인, 만니톨, 메틸트라이메티콘, 부틸렌글라이콜, 피피지-13-데실테트라데세스-24, 하이드록시에틸아크릴레이트/소듐아크릴로일다이메틸타우레이트코폴리머, 폴리솔베이트20, 세테아릴알코올, 아크릴레이트/C10-30알킬아크릴레이트크로스폴리머, 트로메타민, 글리세릴카프릴레이트, 향료, 글리세릴스테아레이트, 에틸헥실글리세린, 스테아릭애씨드, 하이드로제네이티드레시틴, 페녹시에탄올, 리모넨, 바이오사카라이드검-1, 다이소듐이디티에이,폴리글리세릴-3메틸글루코오스다이스테아레이트, 솔비탄아이소스테아레이트, 리날룰, 글라이코프로테인, 흑효모발효물*, 비에이치티, 토코페롤","","[32-1] 정제수, [32-2] 프로판다이올, [32-3] 다이메티콘, [32-4] 글리세레스-26, [32-5] 1,2-헥산다이올, [32-6] 비스-피이지-18메틸에터다이메틸실레인, [32-7] 만니톨, [32-8] 메틸트라이메티콘, [32-9] 부틸렌글라이콜, [32-10] 피피지-13-데실테트라데세스-24, [32-11] 하이드록시에틸아크릴레이트/소듐아크릴로일다이메틸타우레이트코폴리머, [32-12] 폴리솔베이트20, [32-13] 세테아릴알코올, [32-14] 아크릴레이트/C10-30알킬아크릴레이트크로스폴리머, [32-15] 트로메타민, [32-16] 글리세릴카프릴레이트, [32-17] 향료, [32-18] 글리세릴스테아레이트, [32-19] 에틸헥실글리세린, [32-20] 스테아릭애씨드, [32-21] 하이드로제네이티드레시틴, [32-22] 페녹시에탄올, [32-23] 리모넨, [32-24] 바이오사카라이드검-1, [32-25] 다이소듐이디티에이, [32-26] 폴리글리세릴-3메틸글루코오스다이스테아레이트, [32-27] 솔비탄아이소스테아레이트, [32-28] 리날룰, [32-29] 글라이코프로테인, [32-30] 흑효모발효물*, [32-31] 비에이치티, [32-32] 토코페롤"
"A000000231297","토니모리 원더 세라마이드 모찌 에멀전 300ml","토니모리","300.0","300.0","ml","17000.0","13600","453.3","정제수, 글리세린, 하이드로제네이티드폴리(C6-14올레핀), 카프릴릭/카프릭트라이글리세라이드, 글리세릴스테아레이트, 페닐트라이메티콘, 폴리글리세릴-10라우레이트, C14-22알코올, 세테아릴알코올, 하이드록시아세토페논, 트로메타민, 1,2-헥산다이올, 아크릴레이트/C10-30알킬아크릴레이트크로스폴리머, C12-20알킬글루코사이드, 카보머, 에틸헥실글리세린, 소듐하이알루로네이트, 잔탄검, 다이소듐이디티에이, 하이드로제네이티드레시틴, 피토스테릴/옥틸도데실라우로일글루타메이트, 세라마이드엔피(5,000ppb), 하이드롤라이즈드하이알루로닉애씨드, 소듐아세틸레이티드하이알루로네이트, 멕시칸주니퍼오일, 라반딘오일, 센티드제라늄꽃오일, 레몬껍질오일, 라벤더오일, 시트랄, 리모넨, 리날룰","","[33-1] 정제수, [33-2] 글리세린, [33-3] 하이드로제네이티드폴리(C6-14올레핀), [33-4] 카프릴릭/카프릭트라이글리세라이드, [33-5] 글리세릴스테아레이트, [33-6] 페닐트라이메티콘, [33-7] 폴리글리세릴-10라우레이트, [33-8] C14-22알코올, [33-9] 세테아릴알코올, [33-10] 하이드록시아세토페논, [33-11] 트로메타민, [33-12] 1,2-헥산다이올, [33-13] 아크릴레이트/C10-30알킬아크릴레이트크로스폴리머, [33-14] C12-20알킬글루코사이드, [33-15] 카보머, [33-16] 에틸헥실글리세린, [33-17] 소듐하이알루로네이트, [33-18] 잔탄검, [33-19] 다이소듐이디티에이, [33-20] 하이드로제네이티드레시틴, [33-21] 피토스테릴/옥틸도데실라우로일글루타메이트, [33-22] 세라마이드엔피(5, [33-23] 000ppb), [33-24] 하이드롤라이즈드하이알루로닉애씨드, [33-25] 소듐아세틸레이티드하이알루로네이트, [33-26] 멕시칸주니퍼오일, [33-27] 라반딘오일, [33-28] 센티드제라늄꽃오일, [33-29] 레몬껍질오일, [33-30] 라벤더오일, [33-31] 시트랄, [33-32] 리모넨, [33-33] 리날룰"
"A000000232217","[화잘먹/윤광미백] 식물나라 뽀얀쌀 맑은톤 로션 300mL","식물나라","300.0","300.0","ml","","15800","526.7","■토너: 정제수,프로판다이올,다이프로필렌글라이콜,나이아신아마이드,1,2-헥산다이올,글리세린,다이페닐다이메티콘,트라이에틸헥사노인,베타인,하이드로제네이티드레시틴,폴리글리세릴-10라우레이트,아크릴레이트/C10-30알킬아크릴레이트크로스폴리머,트로메타민,에틸헥실글리세린,폴리우레탄-15,부틸렌글라이콜,다이소듐이디티에이,쌀추출물(10ppm),하이드롤라이즈드쌀추출물(0.5ppm),쌀겨추출물(0.5ppm),쌀겨수(0.5ppm),무화과추출물,당근추출물,비타민나무열매추출물

■로션: 정제수, 글리세린, 다이프로필렌글라이콜, 카프릴릭/카프릭트라이글리세라이드, 나이아신아마이드, 1,2-헥산다이올, 글리세레스-26, 세틸에틸헥사노에이트, 폴리글리세릴-3메틸글루코오스다이스테아레이트, 하이드로제네이티드폴리데센, 베타인, 부틸렌글라이콜, 글리세릴스테아레이트, 판테놀, 카보머, 세테아릴알코올, 트로메타민, 하이드록시에틸아크릴레이트/소듐아크릴로일다이메틸타우레이트코폴리머, 에틸헥실글리세린, 소듐하이알루로네이트, 쌀추출물(100 ppm), 소듐파이테이트, 솔비탄아이소스테아레이트, 바이오사카라이드검-1, 풀루란, 프룩토올리고사카라이드, 베타-글루칸, 말토덱스트린, 매스틱검, 하이드록시프로필트라이모늄하이알루로네이트, 소듐아세틸레이티드하이알루로네이트, 하이드롤라이즈드하이알루로닉애씨드, 소듐하이알루로네이트크로스폴리머, 하이드롤라이즈드소듐하이알루로네이트, 하이알루로닉애씨드, 포타슘하이알루로네이트","","[59-1] 정제수, [59-2] 프로판다이올, [59-3] 다이프로필렌글라이콜, [59-4] 나이아신아마이드, [59-5] 1,2-헥산다이올, [59-6] 글리세린, [59-7] 다이페닐다이메티콘, [59-8] 트라이에틸헥사노인, [59-9] 베타인, [59-10] 하이드로제네이티드레시틴, [59-11] 폴리글리세릴-10라우레이트, [59-12] 아크릴레이트/C10-30알킬아크릴레이트크로스폴리머, [59-13] 트로메타민, [59-14] 에틸헥실글리세린, [59-15] 폴리우레탄-15, [59-16] 부틸렌글라이콜, [59-17] 다이소듐이디티에이, [59-18] 쌀추출물(10ppm), [59-19] 하이드롤라이즈드쌀추출물(0.5ppm), [59-20] 쌀겨추출물(0.5ppm), [59-21] 쌀겨수(0.5ppm), [59-22] 무화과추출물, [59-23] 당근추출물, [59-24] 정제수, [59-25] 글리세린, [59-26] 다이프로필렌글라이콜, [59-27] 카프릴릭/카프릭트라이글리세라이드, [59-28] 나이아신아마이드, [59-29] 1,2-헥산다이올, [59-30] 글리세레스-26, [59-31] 세틸에틸헥사노에이트, [59-32] 폴리글리세릴-3메틸글루코오스다이스테아레이트, [59-33] 하이드로제네이티드폴리데센, [59-34] 베타인, [59-35] 부틸렌글라이콜, [59-36] 글리세릴스테아레이트, [59-37] 판테놀, [59-38] 카보머, [59-39] 세테아릴알코올, [59-40] 트로메타민, [59-41] 하이드록시에틸아크릴레이트/소듐아크릴로일다이메틸타우레이트코폴리머, [59-42] 에틸헥실글리세린, [59-43] 소듐하이알루로네이트, [59-44] 쌀추출물(100 ppm), [59-45] 소듐파이테이트, [59-46] 솔비탄아이소스테아레이트, [59-47] 바이오사카라이드검-1, [59-48] 풀루란, [59-49] 프룩토올리고사카라이드, [59-50] 베타-글루칸, [59-51] 말토덱스트린, [59-52] 매스틱검, [59-53] 하이드록시프로필트라이모늄하이알루로네이트, [59-54] 소듐아세틸레이티드하이알루로네이트, [59-55] 하이드롤라이즈드하이알루로닉애씨드, [59-56] 소듐하이알루로네이트크로스폴리머, [59-57] 하이드롤라이즈드소듐하이알루로네이트, [59-58] 하이알루로닉애씨드, [59-59] 포타슘하이알루로네이트"
"A000000232954","랑콤 제니피끄 리페어 토너 150ml","랑콤","150.0","150.0","ml","105000.0","85680","5712.0","정제수 글리세린 베타인 펜틸렌글라이콜 페녹시에탄올 비스-피이지-18메틸에터다이메틸실레인 소듐시트레이트 카프릴릴글라이콜 하이드록시프로필테트라하이드로피란트라이올 프로필렌글라이콜 시트릭애씨드 잔탄검 피피지-26-부테스-26 말토덱스트린 피이지-40하이드로제네이티드캐스터오일 소듐하이알루로네이트 아데노신 소듐카복시메틸베타-글루칸 향료 바이오사카라이드검-1 토코페롤 세럼 : 정제수 비피다발효용해물 글리세린 펜틸렌글라이콜 다이메티콘 부틸렌글라이콜 옥틸도데칸올 만노오스 소듐하이알루로네이트 하이드록시아세토페논 카프릴릴글라이콜 암모늄폴리아크릴로일다이메틸타우레이트 알파-글루칸올리고사카라이드 다이포타슘글리시리제이트 테트라소듐글루타메이트다이아세테이트 효모추출물 소듐카복시메틸베타-글루칸 아데노신 잔탄검 야콘뿌리즙 소듐벤조에이트 말토덱스트린 시트릭애씨드 아세틱애씨드 락틱애씨드 향료 살리실로일피토스핑고신 락토바실러스","","[50-1] 정제수, [50-2] 글리세린, [50-3] 베타인, [50-4] 펜틸렌글라이콜, [50-5] 페녹시에탄올, [50-6] 비스-피이지-18메틸에터다이메틸실레인, [50-7] 소듐시트레이트, [50-8] 카프릴릴글라이콜, [50-9] 하이드록시프로필테트라하이드로피란트라이올, [50-10] 프로필렌글라이콜, [50-11] 시트릭애씨드, [50-12] 잔탄검, [50-13] 피피지-26-부테스-26, [50-14] 말토덱스트린, [50-15] 피이지-40하이드로제네이티드캐스터오일, [50-16] 소듐하이알루로네이트, [50-17] 아데노신, [50-18] 소듐카복시메틸베타-글루칸, [50-19] 향료, [50-20] 바이오사카라이드검-1, [50-21] 토코페롤, [50-22] 세럼, [50-23] 정제수, [50-24] 비피다발효용해물, [50-25] 글리세린, [50-26] 펜틸렌글라이콜, [50-27] 다이메티콘, [50-28] 부틸렌글라이콜, [50-29] 옥틸도데칸올, [50-30] 만노오스, [50-31] 소듐하이알루로네이트, [50-32] 하이드록시아세토페논, [50-33] 카프릴릴글라이콜, [50-34] 암모늄폴리아크릴로일다이메틸타우레이트, [50-35] 알파-글루칸올리고사카라이드, [50-36] 다이포타슘글리시리제이트, [50-37] 테트라소듐글루타메이트다이아세테이트, [50-38] 효모추출물, [50-39] 소듐카복시메틸베타-글루칸, [50-40] 아데노신, [50-41] 잔탄검, [50-42] 야콘뿌리즙, [50-43] 소듐벤조에이트, [50-44] 말토덱스트린, [50-45] 시트릭애씨드, [50-46] 아세틱애씨드, [50-47] 락틱애씨드, [50-48] 향료, [50-49] 살리실로일피토스핑고신, [50-50] 락토바실러스"
"A000000232971","[7년 연속 1위] 아이디얼포맨 퍼펙트 올인원 150ml 단품/기획","아이디얼포맨","150.0","150.0","ml","28000.0","22800","1520.0","[퍼펙트올인원] 
정제수,글리세린,에틸헥실스테아레이트,1,2-헥산다이올,메틸프로판다이올,나이아신아마이드,메틸트라이메티콘,변성알코올,폴리글리세릴-3다이스테아레이트,베타인,세테아릴알코올,판테놀,다시마추출물,한련초잎추출물,콜라겐추출물,소듐하이알루로네이트,하이드로제네이티드레시틴,글리세릴스테아레이트,카보머,다이프로필렌글라이콜,알지닌,글리세릴스테아레이트시트레이트,에틸헥실글리세린,소듐스테아로일글루타메이트,아데노신,스키조사카로미세스발효여과물,다이소듐이디티에이,프룩토올리고사카라이드,부틸렌글라이콜,베타-글루칸,하이드롤라이즈드하이알루로닉애씨드,카프릴릭/카프릭트라이글리세라이드,레티놀,에이치디아이/트라이메틸올헥실락톤크로스폴리머,하이드롤라이즈드엘라스틴,폴리비닐알코올,토코페롤,카프릴릴글라이콜,아세틸테트라펩타이드-5,잔탄검,페닐프로판올,향료


[퍼펙트 클렌징폼]
정제수,글리세린,팔미틱애씨드,스테아릭애씨드,미리스틱애씨드,포타슘하이드록사이드,약모밀추출물,소듐하이알루로네이트,포타슘코코일글리시네이트,글리세릴스테아레이트에스이,폴리쿼터늄-7,소듐파이테이트,부틸렌글라이콜,판테놀,프로판다이올,솔비톨,글라이신,1,2-헥산다이올,세린,글루타믹애씨드,아스파틱애씨드,류신,알라닌,라이신,알지닌,타이로신,페닐알라닌,프롤린,트레오닌,발린,아이소류신,히스티딘,시스테인,메티오닌,에틸헥실글리세린,소듐벤조에이트


[바디워시]
정제수,코카미도프로필베타인,다이소듐코코암포다이아세테이트,소듐클로라이드,코코-글루코사이드,소듐메틸코코일타우레이트,병풀추출물,티트리잎추출물,삼나무잎추출물,연꽃잎추출물,효모발효물,퀼라자껍질추출물,백미꽃추출물,접시꽃추출물,라우라마이드미파,글리세린,메틸프로판다이올,카프릴릴글라이콜,데실글루코사이드,시트릭애씨드,코카마이드메틸엠이에이,소듐코코일이세티오네이트,프로판다이올,에틸헥실글리세린,소듐파이테이트,1,2-헥산다이올,폴리글리세릴-10아이소스테아레이트,폴리글리세릴-10올리에이트,부틸렌글라이콜,토코페롤,에탄올,포타슘벤조에이트,소듐벤조에이트,향료","","[110-1] 정제수, [110-2] 글리세린, [110-3] 에틸헥실스테아레이트, [110-4] 1,2-헥산다이올, [110-5] 메틸프로판다이올, [110-6] 나이아신아마이드, [110-7] 메틸트라이메티콘, [110-8] 변성알코올, [110-9] 폴리글리세릴-3다이스테아레이트, [110-10] 베타인, [110-11] 세테아릴알코올, [110-12] 판테놀, [110-13] 다시마추출물, [110-14] 한련초잎추출물, [110-15] 콜라겐추출물, [110-16] 소듐하이알루로네이트, [110-17] 하이드로제네이티드레시틴, [110-18] 글리세릴스테아레이트, [110-19] 카보머, [110-20] 다이프로필렌글라이콜, [110-21] 알지닌, [110-22] 글리세릴스테아레이트시트레이트, [110-23] 에틸헥실글리세린, [110-24] 소듐스테아로일글루타메이트, [110-25] 아데노신, [110-26] 스키조사카로미세스발효여과물, [110-27] 다이소듐이디티에이, [110-28] 프룩토올리고사카라이드, [110-29] 부틸렌글라이콜, [110-30] 베타-글루칸, [110-31] 하이드롤라이즈드하이알루로닉애씨드, [110-32] 카프릴릭/카프릭트라이글리세라이드, [110-33] 레티놀, [110-34] 에이치디아이/트라이메틸올헥실락톤크로스폴리머, [110-35] 하이드롤라이즈드엘라스틴, [110-36] 폴리비닐알코올, [110-37] 토코페롤, [110-38] 카프릴릴글라이콜, [110-39] 아세틸테트라펩타이드-5, [110-40] 잔탄검, [110-41] 페닐프로판올, [110-42] 정제수, [110-43] 글리세린, [110-44] 팔미틱애씨드, [110-45] 스테아릭애씨드, [110-46] 미리스틱애씨드, [110-47] 포타슘하이드록사이드, [110-48] 약모밀추출물, [110-49] 소듐하이알루로네이트, [110-50] 포타슘코코일글리시네이트, [110-51] 글리세릴스테아레이트에스이, [110-52] 폴리쿼터늄-7, [110-53] 소듐파이테이트, [110-54] 부틸렌글라이콜, [110-55] 판테놀, [110-56] 프로판다이올, [110-57] 솔비톨, [110-58] 글라이신, [110-59] 1,2-헥산다이올, [110-60] 세린, [110-61] 글루타믹애씨드, [110-62] 아스파틱애씨드, [110-63] 류신, [110-64] 알라닌, [110-65] 라이신, [110-66] 알지닌, [110-67] 타이로신, [110-68] 페닐알라닌, [110-69] 프롤린, [110-70] 트레오닌, [110-71] 발린, [110-72] 아이소류신, [110-73] 히스티딘, [110-74] 시스테인, [110-75] 메티오닌, [110-76] 에틸헥실글리세린, [110-77] 정제수, [110-78] 코카미도프로필베타인, [110-79] 다이소듐코코암포다이아세테이트, [110-80] 소듐클로라이드, [110-81] 코코-글루코사이드, [110-82] 소듐메틸코코일타우레이트, [110-83] 병풀추출물, [110-84] 티트리잎추출물, [110-85] 삼나무잎추출물, [110-86] 연꽃잎추출물, [110-87] 효모발효물, [110-88] 퀼라자껍질추출물, [110-89] 백미꽃추출물, [110-90] 접시꽃추출물, [110-91] 라우라마이드미파, [110-92] 글리세린, [110-93] 메틸프로판다이올, [110-94] 카프릴릴글라이콜, [110-95] 데실글루코사이드, [110-96] 시트릭애씨드, [110-97] 코카마이드메틸엠이에이, [110-98] 소듐코코일이세티오네이트, [110-99] 프로판다이올, [110-100] 에틸헥실글리세린, [110-101] 소듐파이테이트, [110-102] 1,2-헥산다이올, [110-103] 폴리글리세릴-10아이소스테아레이트, [110-104] 폴리글리세릴-10올리에이트, [110-105] 부틸렌글라이콜, [110-106] 토코페롤, [110-107] 에탄올, [110-108] 포타슘벤조에이트, [110-109] 소듐벤조에이트, [110-110] 향료"
"A000000232988","[NEW 올인원] 빌리프 맨올로지 히알루론 리차저 올인원 100ml","빌리프","100.0","100.0","ml","49000.0","37600","3760.0","정제수, 부틸렌글라이콜, 글리세린, 1,2-헥산다이올, 에틸아이소스테아레이트, 나이아신아마이드, 하이드로제네이티드폴리데센, 하이드롤라이즈드하이알루로닉애씨드*(100ppm), 타우린+, 징크피씨에이+, 글라이신+, 세린+, 글루타믹애씨드+, 아스파틱애씨드+, 류신+, 알라닌+, 라이신+, 알지닌+, 타이로신+, 페닐알라닌+, 프롤린+, 트레오닌+, 발린+, 아이소류신+, 히스티딘+, 시스테인+, 메티오닌+, 폴스애플민트잎추출물**, 로즈힙열매추출물**, 타임잎추출물**, 유칼립투스잎추출물**, 레몬밤꽃/잎/줄기수**, 로즈마리잎수**, 흰무늬엉겅퀴열매추출물, 딜추출물, 서양톱풀추출물, 피버퓨추출물, 판테놀, 폴리메틸실세스퀴옥세인, 아크릴레이트/C10-30알킬아크릴레이트크로스폴리머, 트로메타민, C30-45알킬다이메티콘, 잔탄검, 트라이소듐이디티에이, 카프릴릭/카프릭트라이글리세라이드, 오렌지껍질오일++, 라임전초오일++, 센티드제라늄꽃오일++, 로즈마리잎오일++, 리모넨, 시트로넬올, 시트랄, 제라니올, 리날룰

*표시: 초저분자 히알루론산
+표시: Core energy formula™
**표시: belif original formula
++표시: 식물 유래 향","","[54-1] 정제수, [54-2] 부틸렌글라이콜, [54-3] 글리세린, [54-4] 1,2-헥산다이올, [54-5] 에틸아이소스테아레이트, [54-6] 나이아신아마이드, [54-7] 하이드로제네이티드폴리데센, [54-8] 하이드롤라이즈드하이알루로닉애씨드*(100ppm), [54-9] 타우린+, [54-10] 징크피씨에이+, [54-11] 글라이신+, [54-12] 세린+, [54-13] 글루타믹애씨드+, [54-14] 아스파틱애씨드+, [54-15] 류신+, [54-16] 알라닌+, [54-17] 라이신+, [54-18] 알지닌+, [54-19] 타이로신+, [54-20] 페닐알라닌+, [54-21] 프롤린+, [54-22] 트레오닌+, [54-23] 발린+, [54-24] 아이소류신+, [54-25] 히스티딘+, [54-26] 시스테인+, [54-27] 메티오닌+, [54-28] 폴스애플민트잎추출물**, [54-29] 로즈힙열매추출물**, [54-30] 타임잎추출물**, [54-31] 유칼립투스잎추출물**, [54-32] 레몬밤꽃/잎/줄기수**, [54-33] 로즈마리잎수**, [54-34] 흰무늬엉겅퀴열매추출물, [54-35] 딜추출물, [54-36] 서양톱풀추출물, [54-37] 피버퓨추출물, [54-38] 판테놀, [54-39] 폴리메틸실세스퀴옥세인, [54-40] 아크릴레이트/C10-30알킬아크릴레이트크로스폴리머, [54-41] 트로메타민, [54-42] C30-45알킬다이메티콘, [54-43] 잔탄검, [54-44] 트라이소듐이디티에이, [54-45] 카프릴릭/카프릭트라이글리세라이드, [54-46] 오렌지껍질오일++, [54-47] 라임전초오일++, [54-48] 센티드제라늄꽃오일++, [54-49] 로즈마리잎오일++, [54-50] 리모넨, [54-51] 시트로넬올, [54-52] 시트랄, [54-53] 제라니올, [54-54] 식물 유래 향"
"A000000232989","[NEW 올인원] 빌리프 맨올로지 콜라겐 익스트림 올인원 100ml","빌리프","100.0","100.0","ml","49000.0","37600","3760.0","정제수, 프로판다이올, 스쿠알란, 글리세린, 코코-카프릴레이트/카프레이트, 마카다미아씨오일, 1,2-헥산다이올, 다이글리세린, 나이아신아마이드, 2,3-부탄다이올, 솔비톨, 시어버터, 마이크로크리스탈린셀룰로오스, 암모늄아크릴로일다이메틸타우레이트/브이피코폴리머, 스핑고모나스발효추출물, 아크릴레이트/C10-30알킬아크릴레이트크로스폴리머, 트로메타민, 암모늄폴리아크릴로일다이메틸타우레이트, 셀룰로오스검, 아데노신, 소듐글루코네이트, 카프릴릭/카프릭트라이글리세라이드, 레몬밤꽃/잎/줄기수**, 로즈마리잎수**, 폴리글리세릴-10라우레이트, 토코페롤, 배롱나무꽃추출물, 유칼립투스잎추출물**, 부틸렌글라이콜, 서양톱풀추출물, 딜추출물, 폴스애플민트잎추출물**, 로즈힙열매추출물**, 타우린+, 하이드롤라이즈드콜라겐(500 ppb)*, 타임잎추출물**, 징크피씨에이+, 피버퓨추출물, 글라이신+, 세린+, 글루타믹애씨드+, 아스파틱애씨드+, 류신+, 알라닌+, 라이신+, 알지닌+, 타이로신+, 페닐알라닌+, 프롤린+, 트레오닌+, 발린+, 아이소류신+, 히스티딘+, 시스테인+, 메티오닌+, 오렌지껍질오일++, 라임전초오일++, 센티드제라늄꽃오일++, 로즈마리잎오일++, 리모넨, 시트로넬올, 제라니올, 시트랄, 리날룰

*표시: 하이드롤라이즈드콜라겐
+표시: Core energy formula™
**표시: belif original formula
++표시: 식물 유래 향","","[64-1] 정제수, [64-2] 프로판다이올, [64-3] 스쿠알란, [64-4] 글리세린, [64-5] 코코-카프릴레이트/카프레이트, [64-6] 마카다미아씨오일, [64-7] 1,2-헥산다이올, [64-8] 다이글리세린, [64-9] 나이아신아마이드, [64-10] 2,3-부탄다이올, [64-11] 솔비톨, [64-12] 시어버터, [64-13] 마이크로크리스탈린셀룰로오스, [64-14] 암모늄아크릴로일다이메틸타우레이트/브이피코폴리머, [64-15] 스핑고모나스발효추출물, [64-16] 아크릴레이트/C10-30알킬아크릴레이트크로스폴리머, [64-17] 트로메타민, [64-18] 암모늄폴리아크릴로일다이메틸타우레이트, [64-19] 셀룰로오스검, [64-20] 아데노신, [64-21] 소듐글루코네이트, [64-22] 카프릴릭/카프릭트라이글리세라이드, [64-23] 레몬밤꽃/잎/줄기수**, [64-24] 로즈마리잎수**, [64-25] 폴리글리세릴-10라우레이트, [64-26] 토코페롤, [64-27] 배롱나무꽃추출물, [64-28] 유칼립투스잎추출물**, [64-29] 부틸렌글라이콜, [64-30] 서양톱풀추출물, [64-31] 딜추출물, [64-32] 폴스애플민트잎추출물**, [64-33] 로즈힙열매추출물**, [64-34] 타우린+, [64-35] 하이드롤라이즈드콜라겐(500 ppb)*, [64-36] 타임잎추출물**, [64-37] 징크피씨에이+, [64-38] 피버퓨추출물, [64-39] 글라이신+, [64-40] 세린+, [64-41] 글루타믹애씨드+, [64-42] 아스파틱애씨드+, [64-43] 류신+, [64-44] 알라닌+, [64-45] 라이신+, [64-46] 알지닌+, [64-47] 타이로신+, [64-48] 페닐알라닌+, [64-49] 프롤린+, [64-50] 트레오닌+, [64-51] 발린+, [64-52] 아이소류신+, [64-53] 히스티딘+, [64-54] 시스테인+, [64-55] 메티오닌+, [64-56] 오렌지껍질오일++, [64-57] 라임전초오일++, [64-58] 센티드제라늄꽃오일++, [64-59] 로즈마리잎오일++, [64-60] 리모넨, [64-61] 시트로넬올, [64-62] 제라니올, [64-63] 시트랄, [64-64] 식물 유래 향"
"A000000232993","[NEW 올인원] 빌리프 맨101 톤업 모이스춰라이저 50ml","빌리프","50.0","50.0","ml","39000.0","29900","5980.0","정제수, 에칠헥실메톡시신나메이트, 프로판다이올, 변성알코올, 디에칠아미노하이드록시벤조일헥실벤조에이트, 에칠헥실살리실레이트, C12-15알킬벤조에이트, 다이메티콘, 나이아신아마이드, 페닐벤즈이미다졸설포닉애씨드, 티타늄디옥사이드, 1,2-헥산다이올, 포타슘세틸포스페이트, 티타늄디옥사이드(CI 77891), 트로메타민, 비스-에칠헥실옥시페놀메톡시페닐트리아진, 판테놀, 폴리글리세릴-3메틸글루코오스다이스테아레이트, 팔미틱애씨드, 다이펜타에리스리틸헥사C5-9애씨드에스터, 황색산화철, 알루미늄스테아레이트, 폴리아크릴레이트크로스폴리머-6, 폴리우레탄-15, 스테아릭애씨드, 폴리하이드록시스테아릭애씨드, 소듐스테아로일글루타메이트, 스테아릴글리시레티네이트, 잔탄검, 오렌지껍질오일++, 적색산화철, 합성플루오르플로고파이트, 카프릴릭/카프릭트라이글리세라이드, 알란토인, 알루미나, 제인, 실리카다이메틸실릴레이트, 아데노신, 센티드제라늄꽃오일++, 알루미늄하이드록사이드, 옥수수전분, 트라이소듐이디티에이, 팔미토일프롤린, 부틸렌글라이콜, 하이드로제네이티드레시틴, 세라마이드엔피, 타우린+, 징크피씨에이+, 흑색산화철, 레몬밤꽃/잎/줄기수*, 로즈마리잎수*, 마그네슘팔미토일글루타메이트, 소듐팔미토일사코시네이트, 서양톱풀추출물, 딜추출물, 유칼립투스잎추출물*, 글라이신+, 세린+, 글루타믹애씨드+, 폴스애플민트잎추출물*, 로즈힙열매추출물*, 토타롤, 아스파틱애씨드+, 류신+, 피버퓨추출물, 알라닌+, 라이신+, 알지닌+, 타이로신+, 페닐알라닌+, 프롤린+, 트레오닌+, 발린+, 아이소류신+, 히스티딘+, 타임잎추출물*, 시스테인+, 메티오닌+, 리모넨, 시트로넬올, 제라니올, 리날룰, 시트랄

+ 표시: Core energy formula™
* 표시: belif original formula
++: 식물 유래 향","","[83-1] 정제수, [83-2] 에칠헥실메톡시신나메이트, [83-3] 프로판다이올, [83-4] 변성알코올, [83-5] 디에칠아미노하이드록시벤조일헥실벤조에이트, [83-6] 에칠헥실살리실레이트, [83-7] C12-15알킬벤조에이트, [83-8] 다이메티콘, [83-9] 나이아신아마이드, [83-10] 페닐벤즈이미다졸설포닉애씨드, [83-11] 티타늄디옥사이드, [83-12] 1,2-헥산다이올, [83-13] 포타슘세틸포스페이트, [83-14] 티타늄디옥사이드(CI 77891), [83-15] 트로메타민, [83-16] 비스-에칠헥실옥시페놀메톡시페닐트리아진, [83-17] 판테놀, [83-18] 폴리글리세릴-3메틸글루코오스다이스테아레이트, [83-19] 팔미틱애씨드, [83-20] 다이펜타에리스리틸헥사C5-9애씨드에스터, [83-21] 황색산화철, [83-22] 알루미늄스테아레이트, [83-23] 폴리아크릴레이트크로스폴리머-6, [83-24] 폴리우레탄-15, [83-25] 스테아릭애씨드, [83-26] 폴리하이드록시스테아릭애씨드, [83-27] 소듐스테아로일글루타메이트, [83-28] 스테아릴글리시레티네이트, [83-29] 잔탄검, [83-30] 오렌지껍질오일++, [83-31] 적색산화철, [83-32] 합성플루오르플로고파이트, [83-33] 카프릴릭/카프릭트라이글리세라이드, [83-34] 알란토인, [83-35] 알루미나, [83-36] 제인, [83-37] 실리카다이메틸실릴레이트, [83-38] 아데노신, [83-39] 센티드제라늄꽃오일++, [83-40] 알루미늄하이드록사이드, [83-41] 옥수수전분, [83-42] 트라이소듐이디티에이, [83-43] 팔미토일프롤린, [83-44] 부틸렌글라이콜, [83-45] 하이드로제네이티드레시틴, [83-46] 세라마이드엔피, [83-47] 타우린+, [83-48] 징크피씨에이+, [83-49] 흑색산화철, [83-50] 레몬밤꽃/잎/줄기수*, [83-51] 로즈마리잎수*, [83-52] 마그네슘팔미토일글루타메이트, [83-53] 소듐팔미토일사코시네이트, [83-54] 서양톱풀추출물, [83-55] 딜추출물, [83-56] 유칼립투스잎추출물*, [83-57] 글라이신+, [83-58] 세린+, [83-59] 글루타믹애씨드+, [83-60] 폴스애플민트잎추출물*, [83-61] 로즈힙열매추출물*, [83-62] 토타롤, [83-63] 아스파틱애씨드+, [83-64] 류신+, [83-65] 피버퓨추출물, [83-66] 알라닌+, [83-67] 라이신+, [83-68] 알지닌+, [83-69] 타이로신+, [83-70] 페닐알라닌+, [83-71] 프롤린+, [83-72] 트레오닌+, [83-73] 발린+, [83-74] 아이소류신+, [83-75] 히스티딘+, [83-76] 타임잎추출물*, [83-77] 시스테인+, [83-78] 메티오닌+, [83-79] 리모넨, [83-80] 시트로넬올, [83-81] 제라니올, [83-82] 리날룰, [83-83] 식물 유래 향"
"A000000232999","[NEW] 빌리프 맨올로지 프로텍티브 엑토인 에멀전 125ml","빌리프","125.0","125.0","ml","40000.0","30800","2464.0","정제수, 글리세린, 변성알코올, 다이프로필렌글라이콜, 1,2-헥산다이올, 하이드로제네이티드폴리아이소부텐, 카프릴릭/카프릭트라이글리세라이드, 폴리메틸실세스퀴옥세인, 다이페닐실록시페닐트라이메티콘, 헥실데실에틸헥사노에이트, 판테놀, 엑토인(10 ppm), 타우린*, 흰무늬엉겅퀴열매추출물, 징크피씨에이*, 세린*, 알지닌*, 글라이신*, 글루타믹애씨드*, 아스파틱애씨드*, 류신*, 알라닌*, 라이신*, 타이로신*, 페닐알라닌*, 프롤린*, 트레오닌*, 발린*, 아이소류신*, 히스티딘*, 시스테인*, 메티오닌*, 레몬밤꽃/잎/줄기수+, 로즈마리잎수+, 유칼립투스잎추출물+, 폴스애플민트잎추출물+, 로즈힙열매추출물+, 타임잎추출물+, 부틸렌글라이콜, 글리세릴스테아레이트시트레이트, 다이메티콘, 트로메타민, 카보머, 아이리쉬모스추출물, C12-16알코올, 아크릴레이트/C10-30알킬아크릴레이트크로스폴리머, 다이포타슘글리시리제이트, 솔비탄스테아레이트, 팔미틱애씨드, 하이드로제네이티드레시틴, 트라이소듐이디티에이, 베타-글루칸, 글리세릴아크릴레이트/아크릴릭애씨드코폴리머, 시트릭애씨드, 서양톱풀추출물, 딜추출물, 토코페롤, 피버퓨추출물, 오렌지껍질오일**, 라임전초오일**, 센티드제라늄꽃오일**, 로즈마리잎오일**, 리모넨, 시트로넬올, 제라니올, 시트랄, 리날룰


*표시: Core energy formula™
+표시: belif original formula
**표시: 식물 유래 향","","[67-1] 정제수, [67-2] 글리세린, [67-3] 변성알코올, [67-4] 다이프로필렌글라이콜, [67-5] 1,2-헥산다이올, [67-6] 하이드로제네이티드폴리아이소부텐, [67-7] 카프릴릭/카프릭트라이글리세라이드, [67-8] 폴리메틸실세스퀴옥세인, [67-9] 다이페닐실록시페닐트라이메티콘, [67-10] 헥실데실에틸헥사노에이트, [67-11] 판테놀, [67-12] 엑토인(10 ppm), [67-13] 타우린*, [67-14] 흰무늬엉겅퀴열매추출물, [67-15] 징크피씨에이*, [67-16] 세린*, [67-17] 알지닌*, [67-18] 글라이신*, [67-19] 글루타믹애씨드*, [67-20] 아스파틱애씨드*, [67-21] 류신*, [67-22] 알라닌*, [67-23] 라이신*, [67-24] 타이로신*, [67-25] 페닐알라닌*, [67-26] 프롤린*, [67-27] 트레오닌*, [67-28] 발린*, [67-29] 아이소류신*, [67-30] 히스티딘*, [67-31] 시스테인*, [67-32] 메티오닌*, [67-33] 레몬밤꽃/잎/줄기수+, [67-34] 로즈마리잎수+, [67-35] 유칼립투스잎추출물+, [67-36] 폴스애플민트잎추출물+, [67-37] 로즈힙열매추출물+, [67-38] 타임잎추출물+, [67-39] 부틸렌글라이콜, [67-40] 글리세릴스테아레이트시트레이트, [67-41] 다이메티콘, [67-42] 트로메타민, [67-43] 카보머, [67-44] 아이리쉬모스추출물, [67-45] C12-16알코올, [67-46] 아크릴레이트/C10-30알킬아크릴레이트크로스폴리머, [67-47] 다이포타슘글리시리제이트, [67-48] 솔비탄스테아레이트, [67-49] 팔미틱애씨드, [67-50] 하이드로제네이티드레시틴, [67-51] 트라이소듐이디티에이, [67-52] 베타-글루칸, [67-53] 글리세릴아크릴레이트/아크릴릭애씨드코폴리머, [67-54] 시트릭애씨드, [67-55] 서양톱풀추출물, [67-56] 딜추출물, [67-57] 토코페롤, [67-58] 피버퓨추출물, [67-59] 오렌지껍질오일**, [67-60] 라임전초오일**, [67-61] 센티드제라늄꽃오일**, [67-62] 로즈마리잎오일**, [67-63] 리모넨, [67-64] 시트로넬올, [67-65] 제라니올, [67-66] 시트랄, [67-67] 식물 유래 향"
"A000000233004","[민감지성피부/유분케어] 미닉 노세범 블루 캐모마일 수분 쿨링 젤 로션 80ml","미닉","80.0","80.0","ml","32000.0","25600","3200.0","마트리카리아꽃수(817,290ppm), 부틸렌글라이콜, 프로판다이올, 글리세린, 다이프로필렌글라이콜, 트레할로오스, 1,2-헥산다이올, 정제수, 카보머, 알지닌, 폴리글리세릴-10라우레이트, 잔탄검, 아크릴레이트/C10-30알킬아크릴레이트크로스폴리머, 에틸헥실글리세린, 메틸다이아이소프로필프로피온아마이드, 소듐하이알루로네이트, 폴리글루타믹애씨드, 쌀겨추출물, 카프릴릴글라이콜, 달맞이꽃꽃추출물, 대왕송잎추출물, 당느릅나무뿌리추출물, 칡뿌리추출물, 글루코오스, 아이리쉬모스추출물, 하이드록시프로필트라이모늄하이알루로네이트, 하이드롤라이즈드하이알루로닉애씨드, 소듐아세틸레이티드하이알루로네이트, 하이알루로닉애씨드, 소듐하이알루로네이트크로스폴리머, 하이드롤라이즈드소듐하이알루로네이트, 포타슘하이알루로네이트","","[33-1] 마트리카리아꽃수(817, [33-2] 290ppm), [33-3] 부틸렌글라이콜, [33-4] 프로판다이올, [33-5] 글리세린, [33-6] 다이프로필렌글라이콜, [33-7] 트레할로오스, [33-8] 1,2-헥산다이올, [33-9] 정제수, [33-10] 카보머, [33-11] 알지닌, [33-12] 폴리글리세릴-10라우레이트, [33-13] 잔탄검, [33-14] 아크릴레이트/C10-30알킬아크릴레이트크로스폴리머, [33-15] 에틸헥실글리세린, [33-16] 메틸다이아이소프로필프로피온아마이드, [33-17] 소듐하이알루로네이트, [33-18] 폴리글루타믹애씨드, [33-19] 쌀겨추출물, [33-20] 카프릴릴글라이콜, [33-21] 달맞이꽃꽃추출물, [33-22] 대왕송잎추출물, [33-23] 당느릅나무뿌리추출물, [33-24] 칡뿌리추출물, [33-25] 글루코오스, [33-26] 아이리쉬모스추출물, [33-27] 하이드록시프로필트라이모늄하이알루로네이트, [33-28] 하이드롤라이즈드하이알루로닉애씨드, [33-29] 소듐아세틸레이티드하이알루로네이트, [33-30] 하이알루로닉애씨드, [33-31] 소듐하이알루로네이트크로스폴리머, [33-32] 하이드롤라이즈드소듐하이알루로네이트, [33-33] 포타슘하이알루로네이트"
"A000000234380","[화해1위] 브링그린 블루빈 B5-PDRN 마일드 로션 230ml (+블루빈크림 7ml)","브링그린","230.0","237.0","ml","21000.0","16800","708.9","[본품] : 정제수, 글리세린, 프로판다이올, 다이아이소스테아릴말레이트, 부틸렌글라이콜, 세테아릴알코올, 1,2-헥산다이올, 판테놀(7,000ppm), 에틸헥실스테아레이트, 바실러스발효물, 하이드록시에틸아크릴레이트/소듐아크릴로일다이메틸타우레이트코폴리머, 하이드록시아세토페논, 폴리글리세릴-3메틸글루코오스다이스테아레이트, 베헤닐알코올, 글리세릴스테아레이트, 펜타에리스리틸테트라에틸헥사노에이트, C14-22알코올, 아크릴레이트/C10-30알킬아크릴레이트크로스폴리머, 비닐다이메티콘, 피토스테롤, 메틸메타크릴레이트크로스폴리머, 아라키딜알코올, 에틸헥실글리세린, C12-20알킬글루코사이드, 스테아릭애씨드, 콩추출물(250ppm), 아라키딜글루코사이드, 아미노메틸프로판다이올, 하이드로제네이티드레시틴, 솔비탄아이소스테아레이트, 소듐파이테이트, 카라멜, 세라마이드엔피(30ppm), 바이오사카라이드검-1, 판토테닉애씨드(5ppm), 스쿠알란, 토코페롤, 소듐디엔에이(0.01ppm), 카프릴릭/카프릭트라이글리세라이드
[증정] : 정제수, 프로판다이올, 글리세린, 카프릴릭/카프릭트라이글리세라이드, 세테아릴알코올, 판테놀(27,000ppm), 카프릴릴메티콘, 펜틸렌글라이콜, 폴리글리세릴-3메틸글루코오스다이스테아레이트, 1,2-헥산다이올, 바실러스발효물, 스쿠알란, 세틸팔미테이트,글리세릴스테아레이트, 메틸하이드로제네이티드로지네이트, 합성비즈왁스, 피토스테롤, 솔비탄팔미테이트, 시어버터, 하이드록시에틸아크릴레이트/소듐아크릴로일다이메틸타우레이트코폴리머, 스테아릭애씨드, 카보머, 팔미틱애씨드, 아라키딜알코올, 부틸렌글라이콜,솔비탄올리에이트, 세라마이드엔피, C12-16알코올, 베헤닐알코올,하이드로제네이티드레시틴, 콩추출물(750ppm), 아라키딜글루코사이드, 에틸헥실글리세린, 비타민나무오일, 소듐하이알루로네이트,소듐파이테이트, 잔탄검, 아미노메틸프로판다이올, 덱스트린, 카카오추출물, 판토테닉애씨드(15ppm), 토코페롤, 소듐디엔에이(0.01ppm),폴리글리세릴-10스테아레이트, 콜레스테롤","","[85-1] 정제수, [85-2] 글리세린, [85-3] 프로판다이올, [85-4] 다이아이소스테아릴말레이트, [85-5] 부틸렌글라이콜, [85-6] 세테아릴알코올, [85-7] 1,2-헥산다이올, [85-8] 판테놀(7, [85-9] 000ppm), [85-10] 에틸헥실스테아레이트, [85-11] 바실러스발효물, [85-12] 하이드록시에틸아크릴레이트/소듐아크릴로일다이메틸타우레이트코폴리머, [85-13] 하이드록시아세토페논, [85-14] 폴리글리세릴-3메틸글루코오스다이스테아레이트, [85-15] 베헤닐알코올, [85-16] 글리세릴스테아레이트, [85-17] 펜타에리스리틸테트라에틸헥사노에이트, [85-18] C14-22알코올, [85-19] 아크릴레이트/C10-30알킬아크릴레이트크로스폴리머, [85-20] 비닐다이메티콘, [85-21] 피토스테롤, [85-22] 메틸메타크릴레이트크로스폴리머, [85-23] 아라키딜알코올, [85-24] 에틸헥실글리세린, [85-25] C12-20알킬글루코사이드, [85-26] 스테아릭애씨드, [85-27] 콩추출물(250ppm), [85-28] 아라키딜글루코사이드, [85-29] 아미노메틸프로판다이올, [85-30] 하이드로제네이티드레시틴, [85-31] 솔비탄아이소스테아레이트, [85-32] 소듐파이테이트, [85-33] 카라멜, [85-34] 세라마이드엔피(30ppm), [85-35] 바이오사카라이드검-1, [85-36] 판토테닉애씨드(5ppm), [85-37] 스쿠알란, [85-38] 토코페롤, [85-39] 소듐디엔에이(0.01ppm), [85-40] 정제수, [85-41] 프로판다이올, [85-42] 글리세린, [85-43] 카프릴릭/카프릭트라이글리세라이드, [85-44] 세테아릴알코올, [85-45] 판테놀(27, [85-46] 000ppm), [85-47] 카프릴릴메티콘, [85-48] 펜틸렌글라이콜, [85-49] 폴리글리세릴-3메틸글루코오스다이스테아레이트, [85-50] 1,2-헥산다이올, [85-51] 바실러스발효물, [85-52] 스쿠알란, [85-53] 세틸팔미테이트, [85-54] 글리세릴스테아레이트, [85-55] 메틸하이드로제네이티드로지네이트, [85-56] 합성비즈왁스, [85-57] 피토스테롤, [85-58] 솔비탄팔미테이트, [85-59] 시어버터, [85-60] 하이드록시에틸아크릴레이트/소듐아크릴로일다이메틸타우레이트코폴리머, [85-61] 스테아릭애씨드, [85-62] 카보머, [85-63] 팔미틱애씨드, [85-64] 아라키딜알코올, [85-65] 부틸렌글라이콜, [85-66] 솔비탄올리에이트, [85-67] 세라마이드엔피, [85-68] C12-16알코올, [85-69] 베헤닐알코올, [85-70] 하이드로제네이티드레시틴, [85-71] 콩추출물(750ppm), [85-72] 아라키딜글루코사이드, [85-73] 에틸헥실글리세린, [85-74] 비타민나무오일, [85-75] 소듐하이알루로네이트, [85-76] 소듐파이테이트, [85-77] 잔탄검, [85-78] 아미노메틸프로판다이올, [85-79] 덱스트린, [85-80] 카카오추출물, [85-81] 판토테닉애씨드(15ppm), [85-82] 토코페롤, [85-83] 소듐디엔에이(0.01ppm), [85-84] 폴리글리세릴-10스테아레이트, [85-85] 콜레스테롤"
"A000000237000","[NEW/저자극/청담샵 추천] 헤슬 쏙보습 쌀 로션 150ml","헤슬","150.0","150.0","ml","","21000","1400.0","정제수, 글리세린, 하이드로제네이티드폴리데센, 코코-카프릴레이트/카프레이트, 폴리글리세릴-3다이스테아레이트, 1,2-헥산다이올, 비닐다이메티콘, 세테아릴알코올, 코코넛야자오일, 글리세릴글루코사이드, 글리세릴스테아레이트, 글리세릴스테아레이트시트레이트, 알지닌, 잔탄검, 카보머, 에틸헥실글리세린, 소듐스테아로일글루타메이트, 부틸렌글라이콜, 아데노신, 글루코오스, 다이소듐이디티에이, 하이드로제네이티드레시틴, 소듐하이알루로네이트, 병풀추출물, 무화과추출물, 세라마이드엔피, 쌀겨오일(1,170ppb), 토코페롤, 하이드롤라이즈드하이알루로닉애씨드, 피토스핑고신, 하이드롤라이즈드쌀단백질(5.03ppb), 하이드롤라이즈드루핀단백질, 하이드롤라이즈드콩단백질, 하이드롤라이즈드감자단백질, 하이드롤라이즈드완두콩단백질, 하이드롤라이즈드옥수수단백질, 하이드롤라이즈드귀리단백질, 하이드롤라이즈드밀단백질, 하이드롤라이즈드스위트아몬드단백질, 하이드롤라이즈드보리단백질, 글라이코프로테인, 하이드롤라이즈드식물성단백질, 쌀추출물(1ppb), 하이드롤라이즈드호호바단백질, 수용성프로테오글리칸, 쌀아미노산(0.02ppb)","","[47-1] 정제수, [47-2] 글리세린, [47-3] 하이드로제네이티드폴리데센, [47-4] 코코-카프릴레이트/카프레이트, [47-5] 폴리글리세릴-3다이스테아레이트, [47-6] 1,2-헥산다이올, [47-7] 비닐다이메티콘, [47-8] 세테아릴알코올, [47-9] 코코넛야자오일, [47-10] 글리세릴글루코사이드, [47-11] 글리세릴스테아레이트, [47-12] 글리세릴스테아레이트시트레이트, [47-13] 알지닌, [47-14] 잔탄검, [47-15] 카보머, [47-16] 에틸헥실글리세린, [47-17] 소듐스테아로일글루타메이트, [47-18] 부틸렌글라이콜, [47-19] 아데노신, [47-20] 글루코오스, [47-21] 다이소듐이디티에이, [47-22] 하이드로제네이티드레시틴, [47-23] 소듐하이알루로네이트, [47-24] 병풀추출물, [47-25] 무화과추출물, [47-26] 세라마이드엔피, [47-27] 쌀겨오일(1, [47-28] 170ppb), [47-29] 토코페롤, [47-30] 하이드롤라이즈드하이알루로닉애씨드, [47-31] 피토스핑고신, [47-32] 하이드롤라이즈드쌀단백질(5.03ppb), [47-33] 하이드롤라이즈드루핀단백질, [47-34] 하이드롤라이즈드콩단백질, [47-35] 하이드롤라이즈드감자단백질, [47-36] 하이드롤라이즈드완두콩단백질, [47-37] 하이드롤라이즈드옥수수단백질, [47-38] 하이드롤라이즈드귀리단백질, [47-39] 하이드롤라이즈드밀단백질, [47-40] 하이드롤라이즈드스위트아몬드단백질, [47-41] 하이드롤라이즈드보리단백질, [47-42] 글라이코프로테인, [47-43] 하이드롤라이즈드식물성단백질, [47-44] 쌀추출물(1ppb), [47-45] 하이드롤라이즈드호호바단백질, [47-46] 수용성프로테오글리칸, [47-47] 쌀아미노산(0.02ppb)"
"A000000237614","[NEW/모공케어 올인원] 로레알파리 맨 이드라 파워 오일 컨트롤 젤 크림 50ml","로레알맨","50.0","50.0","ml","","28000","5600.0","정제수 글리세린 에탄올 다이메티콘 아이소노닐아이소노나노에이트 페퍼민트추출물   카프릴로일살리실릭애씨드 멘톡시프로판다이올 소듐하이알루로네이트 소듐하이드록사이드 테트라소듐글루타메이트다이아세테이트 징크피씨에이 토코페릴아세테이트 바이오사카라이드검-1 카프릴릴글라이콜 카보머 펜틸렌글라이콜 잔탄검 다이메티콘올 리날룰 클로페네신 페녹시에탄올 살리실릭애씨드 향료","","[24-1] 정제수, [24-2] 글리세린, [24-3] 에탄올, [24-4] 다이메티콘, [24-5] 아이소노닐아이소노나노에이트, [24-6] 페퍼민트추출물, [24-7] 카프릴로일살리실릭애씨드, [24-8] 멘톡시프로판다이올, [24-9] 소듐하이알루로네이트, [24-10] 소듐하이드록사이드, [24-11] 테트라소듐글루타메이트다이아세테이트, [24-12] 징크피씨에이, [24-13] 토코페릴아세테이트, [24-14] 바이오사카라이드검-1, [24-15] 카프릴릴글라이콜, [24-16] 카보머, [24-17] 펜틸렌글라이콜, [24-18] 잔탄검, [24-19] 다이메티콘올, [24-20] 리날룰, [24-21] 클로페네신, [24-22] 페녹시에탄올, [24-23] 살리실릭애씨드, [24-24] 향료"
"A000000238287","[화잘먹] 아렌시아 레드 스무디 로션 5 200ml 기획 (+80ml 미니어처)","아렌시아","200.0","280.0","ml","","26000","928.6","정제수, 글리세린, 나이아신아마이드, 카프릴릭/카프릭트라이글리세라이드, 1,2-헥산다이올, 세틸에틸헥사노에이트, 프로판다이올, C14-22알코올, 글리세릴스테아레이트, 카보머, C12-20알킬글루코사이드, 트로메타민, 아데노신, 한련초추출물, 부틸렌글라이콜, 베타인, 인도멀구슬나무잎추출물, 귀리커넬추출물, 드럼스틱씨오일, 폴리글리세릴-10라우레이트, 하이드롤라이즈드콜라겐, 하이드롤라이즈드익스텐신, 베타-글루칸, 산수유열매추출물, 블랙체리열매추출물, 석류추출물, 라즈베리추출물, 크랜베리추출물, 에틸헥실글리세린, 트라이펩타이드-1, 팔미토일펜타펩타이드-4, 팔미토일트라이펩타이드-1, 아세틸테트라펩타이드-2, 아세틸테트라펩타이드-5, 카퍼트라이펩타이드-1, 헥사펩타이드-11, 헥사펩타이드-9, 팔미토일트라이펩타이드-5
*아렌시아 레드 스무디 밀크 컴플렉스™ 1,000ppm 함유 (정제수, 부틸렌글라이콜, 1,2-헥산다이올, 귀리커넬추출물, 하이드롤라이즈드콜라겐, 하이드롤라이즈드익스텐신)","","[44-1] 정제수, [44-2] 글리세린, [44-3] 나이아신아마이드, [44-4] 카프릴릭/카프릭트라이글리세라이드, [44-5] 1,2-헥산다이올, [44-6] 세틸에틸헥사노에이트, [44-7] 프로판다이올, [44-8] C14-22알코올, [44-9] 글리세릴스테아레이트, [44-10] 카보머, [44-11] C12-20알킬글루코사이드, [44-12] 트로메타민, [44-13] 아데노신, [44-14] 한련초추출물, [44-15] 부틸렌글라이콜, [44-16] 베타인, [44-17] 인도멀구슬나무잎추출물, [44-18] 귀리커넬추출물, [44-19] 드럼스틱씨오일, [44-20] 폴리글리세릴-10라우레이트, [44-21] 하이드롤라이즈드콜라겐, [44-22] 하이드롤라이즈드익스텐신, [44-23] 베타-글루칸, [44-24] 산수유열매추출물, [44-25] 블랙체리열매추출물, [44-26] 석류추출물, [44-27] 라즈베리추출물, [44-28] 크랜베리추출물, [44-29] 에틸헥실글리세린, [44-30] 트라이펩타이드-1, [44-31] 팔미토일펜타펩타이드-4, [44-32] 팔미토일트라이펩타이드-1, [44-33] 아세틸테트라펩타이드-2, [44-34] 아세틸테트라펩타이드-5, [44-35] 카퍼트라이펩타이드-1, [44-36] 헥사펩타이드-11, [44-37] 헥사펩타이드-9, [44-38] *아렌시아 레드 스무디 밀크 컴플렉스™ 1, [44-39] 000ppm 함유 (정제수, [44-40] 부틸렌글라이콜, [44-41] 1,2-헥산다이올, [44-42] 귀리커넬추출물, [44-43] 하이드롤라이즈드콜라겐, [44-44] 하이드롤라이즈드익스텐신)"
"A000000238500","아누아 복숭아 77 나이아신 컨디셔닝 밀크 150ml","아누아","150.0","150.0","ml","27000.0","21600","1440.0","복숭아수(77%), 글리세린, 에틸헥실스테아레이트, 다이프로필렌글라이콜, 나이아신아마이드, 메틸트라이메티콘, 1,2-헥산다이올, 락토바실러스발효물, 폴리글리세릴-3다이스테아레이트, 세테아릴알코올, 하이드로제네이티드폴리(C6-14올레핀), 복숭아추출물, 복사나무꽃추출물, 소듐하이알루로네이트, 글리세릴스테아레이트, 정제수, 소듐스테아로일글루타메이트, 하이드록시아세토페논, 카보머, 에틸헥실글리세린, 알지닌, 글리세릴스테아레이트시트레이트, 다이소듐이디티에이, 아데노신, 메틸프로판다이올, 베타인살리실레이트, 판테놀, 부틸렌글라이콜, 갈락토미세스발효여과물, 사이아노코발아민, 세라마이드엔피, 효모발효여과물, 비피다발효용해물, 토코페롤, 하이드롤라이즈드하이알루로닉애씨드, 소듐아세틸레이티드하이알루로네이트, 향료","","[37-1] 복숭아수(77%), [37-2] 글리세린, [37-3] 에틸헥실스테아레이트, [37-4] 다이프로필렌글라이콜, [37-5] 나이아신아마이드, [37-6] 메틸트라이메티콘, [37-7] 1,2-헥산다이올, [37-8] 락토바실러스발효물, [37-9] 폴리글리세릴-3다이스테아레이트, [37-10] 세테아릴알코올, [37-11] 하이드로제네이티드폴리(C6-14올레핀), [37-12] 복숭아추출물, [37-13] 복사나무꽃추출물, [37-14] 소듐하이알루로네이트, [37-15] 글리세릴스테아레이트, [37-16] 정제수, [37-17] 소듐스테아로일글루타메이트, [37-18] 하이드록시아세토페논, [37-19] 카보머, [37-20] 에틸헥실글리세린, [37-21] 알지닌, [37-22] 글리세릴스테아레이트시트레이트, [37-23] 다이소듐이디티에이, [37-24] 아데노신, [37-25] 메틸프로판다이올, [37-26] 베타인살리실레이트, [37-27] 판테놀, [37-28] 부틸렌글라이콜, [37-29] 갈락토미세스발효여과물, [37-30] 사이아노코발아민, [37-31] 세라마이드엔피, [37-32] 효모발효여과물, [37-33] 비피다발효용해물, [37-34] 토코페롤, [37-35] 하이드롤라이즈드하이알루로닉애씨드, [37-36] 소듐아세틸레이티드하이알루로네이트, [37-37] 향료"
"A000000238513","헤라 옴므 블루 에센스 인 에멀전 110ML","헤라","110.0","110.0","ml","48000.0","38010","3455.5","정제수, 부틸렌글라이콜, 글리세린, 메틸트라이메티콘, 펜타에리스리틸테트라에틸헥사노에이트, 하이드로제네이티드폴리(C6-14올레핀), 1,2-헥산다이올, 시어버터, 폴리글리세릴-3메틸글루코오스다이스테아레이트, 하이드록시에틸아크릴레이트/소듐아크릴로일다이메틸타우레이트코폴리머, 세테아릴알코올, 스테아레스-21, 하이드로제네이티드식물성오일, 글리세릴스테아레이트, 카보머, 글리세릴스테아레이트시트레이트, 트로메타민, 향료, 팔미틱애씨드, 잔탄검, 글리세릴카프릴레이트, 에틸헥실글리세린, 스테아릭애씨드, 다이메티콘, 소듐메타포스페이트, 폴리글루타믹애씨드, 솔비탄아이소스테아레이트, 폴리솔베이트60, 이노시톨, 엑토인, 리날룰, 헥실신남알, 알파-아이소메틸아이오논, 리모넨, 레시틴, 벤질살리실레이트, 세라마이드엔피, 하이드롤라이즈드익스텐신, 호호바씨오일, 폴리글리세릴-10라우레이트, 프로필렌글라이콜, 토코페롤, 빌베리열매추출물, 소듐하이알루로네이트, 사탕수수추출물, 하이드로제네이티드레시틴, 오렌지추출물, 레몬추출물, 설탕단풍추출물, 아크릴레이트/스테아릴메타크릴레이트코폴리머, 흰목이버섯포자낭과추출물, 하이알루로닉애씨드, 수용성콜라겐","","[53-1] 정제수, [53-2] 부틸렌글라이콜, [53-3] 글리세린, [53-4] 메틸트라이메티콘, [53-5] 펜타에리스리틸테트라에틸헥사노에이트, [53-6] 하이드로제네이티드폴리(C6-14올레핀), [53-7] 1,2-헥산다이올, [53-8] 시어버터, [53-9] 폴리글리세릴-3메틸글루코오스다이스테아레이트, [53-10] 하이드록시에틸아크릴레이트/소듐아크릴로일다이메틸타우레이트코폴리머, [53-11] 세테아릴알코올, [53-12] 스테아레스-21, [53-13] 하이드로제네이티드식물성오일, [53-14] 글리세릴스테아레이트, [53-15] 카보머, [53-16] 글리세릴스테아레이트시트레이트, [53-17] 트로메타민, [53-18] 향료, [53-19] 팔미틱애씨드, [53-20] 잔탄검, [53-21] 글리세릴카프릴레이트, [53-22] 에틸헥실글리세린, [53-23] 스테아릭애씨드, [53-24] 다이메티콘, [53-25] 소듐메타포스페이트, [53-26] 폴리글루타믹애씨드, [53-27] 솔비탄아이소스테아레이트, [53-28] 폴리솔베이트60, [53-29] 이노시톨, [53-30] 엑토인, [53-31] 리날룰, [53-32] 헥실신남알, [53-33] 알파-아이소메틸아이오논, [53-34] 리모넨, [53-35] 레시틴, [53-36] 벤질살리실레이트, [53-37] 세라마이드엔피, [53-38] 하이드롤라이즈드익스텐신, [53-39] 호호바씨오일, [53-40] 폴리글리세릴-10라우레이트, [53-41] 프로필렌글라이콜, [53-42] 토코페롤, [53-43] 빌베리열매추출물, [53-44] 소듐하이알루로네이트, [53-45] 사탕수수추출물, [53-46] 하이드로제네이티드레시틴, [53-47] 오렌지추출물, [53-48] 레몬추출물, [53-49] 설탕단풍추출물, [53-50] 아크릴레이트/스테아릴메타크릴레이트코폴리머, [53-51] 흰목이버섯포자낭과추출물, [53-52] 하이알루로닉애씨드, [53-53] 수용성콜라겐"
"A000000240093","라끄베르 옴므리차지 올인원 로션 150ml","라끄베르","150.0","150.0","ml","29000.0","19900","1326.7","정제수, 글리세린, 펜타에리스리틸테트라에틸헥사노에이트, 부틸렌글라이콜, 폴리글리세릴-3메틸글루코오스다이스테아레이트, 나이아신아마이드, 1,2-헥산다이올, 글리세릴스테아레이트, 아크릴레이트/C10-30알킬아크릴레이트크로스폴리머, 마카뿌리추출물, 판테놀, 변성알코올, 아데노신, 솔비톨, 귤껍질추출물, 비니거, 조류추출물, 페녹시에탄올, 포타슘솔베이트, 트로메타민, 트라이소듐이디티에이, 향료, 리날룰, 리모넨, 벤질벤조에이트, 알파-아이소메틸아이오논","","[26-1] 정제수, [26-2] 글리세린, [26-3] 펜타에리스리틸테트라에틸헥사노에이트, [26-4] 부틸렌글라이콜, [26-5] 폴리글리세릴-3메틸글루코오스다이스테아레이트, [26-6] 나이아신아마이드, [26-7] 1,2-헥산다이올, [26-8] 글리세릴스테아레이트, [26-9] 아크릴레이트/C10-30알킬아크릴레이트크로스폴리머, [26-10] 마카뿌리추출물, [26-11] 판테놀, [26-12] 변성알코올, [26-13] 아데노신, [26-14] 솔비톨, [26-15] 귤껍질추출물, [26-16] 비니거, [26-17] 조류추출물, [26-18] 페녹시에탄올, [26-19] 포타슘솔베이트, [26-20] 트로메타민, [26-21] 트라이소듐이디티에이, [26-22] 향료, [26-23] 리날룰, [26-24] 리모넨, [26-25] 벤질벤조에이트, [26-26] 알파-아이소메틸아이오논"
"A000000240497","오브제 비타 브라이트닝 올인원 150ml","오브제","150.0","150.0","ml","28000.0","21900","1460.0","정제수, 나이아신아마이드(50,000 ppm), 아이소프로필미리스테이트, 글리세린, 세테아릴알코올, 1,2-헥산다이올, 부틸렌글라이콜, 다이메티콘, 판테놀(5,000 ppm), 글리세릴스테아레이트, 하이드록시에틸우레아, 아크릴레이트/C10-30알킬아크릴레이트크로스폴리머, 알지닌, 세틸에틸헥사노에이트, 유채씨오일, 에틸헥실글리세린, 폴리글리세릴-10올리에이트, 포도씨오일, 소듐폴리아크릴로일다이메틸타우레이트, 마카다미아씨오일, 살구씨오일, 폴리글리세릴-2다이올리에이트, 향료, 카프릴릭/카프릭트라이글리세라이드, 하이드로제네이티드폴리데센, 다이소듐이디티에이, 아르간커넬오일, 아가, 세라마이드엔피, 암모늄아크릴로일다이메틸타우레이트/브이피코폴리머, 하이드로제네이티드레시틴, 트라이데세스-10, 펜틸렌글라이콜, 매실추출물, 사과추출물, 파파야열매추출물, 포도추출물, 아스코빅애씨드(20 ppm), 황색산화철, 마데카소사이드, 폴리글리세릴-10미리스테이트, 알부틴, 적색산화철, 데실글루코사이드, 카프릴릴글라이콜, 토코페롤(0.25ppm)","","[48-1] 정제수, [48-2] 나이아신아마이드(50, [48-3] 000 ppm), [48-4] 아이소프로필미리스테이트, [48-5] 글리세린, [48-6] 세테아릴알코올, [48-7] 1,2-헥산다이올, [48-8] 부틸렌글라이콜, [48-9] 다이메티콘, [48-10] 판테놀(5, [48-11] 000 ppm), [48-12] 글리세릴스테아레이트, [48-13] 하이드록시에틸우레아, [48-14] 아크릴레이트/C10-30알킬아크릴레이트크로스폴리머, [48-15] 알지닌, [48-16] 세틸에틸헥사노에이트, [48-17] 유채씨오일, [48-18] 에틸헥실글리세린, [48-19] 폴리글리세릴-10올리에이트, [48-20] 포도씨오일, [48-21] 소듐폴리아크릴로일다이메틸타우레이트, [48-22] 마카다미아씨오일, [48-23] 살구씨오일, [48-24] 폴리글리세릴-2다이올리에이트, [48-25] 향료, [48-26] 카프릴릭/카프릭트라이글리세라이드, [48-27] 하이드로제네이티드폴리데센, [48-28] 다이소듐이디티에이, [48-29] 아르간커넬오일, [48-30] 아가, [48-31] 세라마이드엔피, [48-32] 암모늄아크릴로일다이메틸타우레이트/브이피코폴리머, [48-33] 하이드로제네이티드레시틴, [48-34] 트라이데세스-10, [48-35] 펜틸렌글라이콜, [48-36] 매실추출물, [48-37] 사과추출물, [48-38] 파파야열매추출물, [48-39] 포도추출물, [48-40] 아스코빅애씨드(20 ppm), [48-41] 황색산화철, [48-42] 마데카소사이드, [48-43] 폴리글리세릴-10미리스테이트, [48-44] 알부틴, [48-45] 적색산화철, [48-46] 데실글루코사이드, [48-47] 카프릴릴글라이콜, [48-48] 토코페롤(0.25ppm)"
"A000000242745","빌리프 프라블럼 솔루션 비건 모이스춰라이저 100ml","빌리프","100.0","100.0","ml","48000.0","36900","3690.0","정제수, 글리세린, 1,2-헥산다이올, 세틸에틸헥사노에이트, 글리세릴스테아레이트, 와일드인디고뿌리추출물*, 귀리커넬추출물*, 포트마리골드꽃추출물*+, 개박하추출물*, 라즈베리잎추출물*, 별꽃추출물*, 라벤더꽃추출물+, 우엉뿌리추출물+, 로즈마리잎추출물+, 에키네시아추출물+, 4-터피네올**, 토타롤**, 유칼립투스잎추출물, 폴스애플민트잎추출물, 로즈힙열매추출물, 티트리추출물, 부틸렌글라이콜, 세테아릴알코올, 판테놀, 트라이에틸헥사노인, 스쿠알란, 세틸팔미테이트, 하이드로제네이티드에틸헥실올리베이트, 솔비탄올리베이트, 솔비탄팔미테이트, 솔비탄스테아레이트, 트로메타민, 베타인, 카보머, 아크릴레이트/C10-30알킬아크릴레이트크로스폴리머, 하이드로제네이티드올리브오일불검화물, 글리세릴아크릴레이트/아크릴릭애씨드코폴리머, 병풀추출물, 트라이소듐이디티에이, 호장근뿌리추출물, 황금추출물, 녹차추출물, 스페인감초뿌리추출물, 마트리카리아꽃추출물, 오렌지껍질오일++, 센티드제라늄꽃오일++, 리모넨, 시트로넬올, 제라니올, 리날룰


*표시: Napiers Original Formula / +표시: Napiers Mild Formula / **표시: Totaneol™ / ++표시: 식물 유래 향","","[50-1] 정제수, [50-2] 글리세린, [50-3] 1,2-헥산다이올, [50-4] 세틸에틸헥사노에이트, [50-5] 글리세릴스테아레이트, [50-6] 와일드인디고뿌리추출물*, [50-7] 귀리커넬추출물*, [50-8] 포트마리골드꽃추출물*+, [50-9] 개박하추출물*, [50-10] 라즈베리잎추출물*, [50-11] 별꽃추출물*, [50-12] 라벤더꽃추출물+, [50-13] 우엉뿌리추출물+, [50-14] 로즈마리잎추출물+, [50-15] 에키네시아추출물+, [50-16] 4-터피네올**, [50-17] 토타롤**, [50-18] 유칼립투스잎추출물, [50-19] 폴스애플민트잎추출물, [50-20] 로즈힙열매추출물, [50-21] 티트리추출물, [50-22] 부틸렌글라이콜, [50-23] 세테아릴알코올, [50-24] 판테놀, [50-25] 트라이에틸헥사노인, [50-26] 스쿠알란, [50-27] 세틸팔미테이트, [50-28] 하이드로제네이티드에틸헥실올리베이트, [50-29] 솔비탄올리베이트, [50-30] 솔비탄팔미테이트, [50-31] 솔비탄스테아레이트, [50-32] 트로메타민, [50-33] 베타인, [50-34] 카보머, [50-35] 아크릴레이트/C10-30알킬아크릴레이트크로스폴리머, [50-36] 하이드로제네이티드올리브오일불검화물, [50-37] 글리세릴아크릴레이트/아크릴릭애씨드코폴리머, [50-38] 병풀추출물, [50-39] 트라이소듐이디티에이, [50-40] 호장근뿌리추출물, [50-41] 황금추출물, [50-42] 녹차추출물, [50-43] 스페인감초뿌리추출물, [50-44] 마트리카리아꽃추출물, [50-45] 오렌지껍질오일++, [50-46] 센티드제라늄꽃오일++, [50-47] 리모넨, [50-48] 시트로넬올, [50-49] 제라니올, [50-50] 식물 유래 향"
"A000000244246","[덱스PICK/1등올인원] 오브제 모이스처 프로틴 올인원 150ml(단품/기획)","오브제","150.0","150.0","ml","28000.0","21900","1460.0","정제수, 세틸에틸헥사노에이트, 글리세린, 나이아신아마이드, 프로판다이올, 세테아릴알코올, 폴리글리세린-3, 다이프로필렌글라이콜, 다이메티콘, 하이드록시아세토페논, 카프릴릴글라이콜, 하이드록시에틸아크릴레이트/소듐아크릴로일다이메틸타우레이트코폴리머, 올레익애씨드, 아데노신, 다이소듐이디티에이, 솔비탄아이소스테아레이트, 우유추출물, 하이드로제네이티드레시틴, 부틸렌글라이콜, 스테아릭애씨드, 다이포타슘글리시리제이트, 1,2-헥산다이올, 우유단백질추출물(1,000ppb), 귀리단백질추출물(1,000ppb), 세라마이드엔피, 밀크아미노산, 세라마이드엔에스, 콜레스테롤, 피토스핑고신, 세라마이드에이피, 세라마이드에이에스, 스위트아몬드단백질(10ppb), 하이드롤라이즈드감자단백질(10ppb), 하이드롤라이즈드옥수수단백질(10ppb), 돌콩단백질(10ppb), 세라마이드이오피","","[38-1] 정제수, [38-2] 세틸에틸헥사노에이트, [38-3] 글리세린, [38-4] 나이아신아마이드, [38-5] 프로판다이올, [38-6] 세테아릴알코올, [38-7] 폴리글리세린-3, [38-8] 다이프로필렌글라이콜, [38-9] 다이메티콘, [38-10] 하이드록시아세토페논, [38-11] 카프릴릴글라이콜, [38-12] 하이드록시에틸아크릴레이트/소듐아크릴로일다이메틸타우레이트코폴리머, [38-13] 올레익애씨드, [38-14] 아데노신, [38-15] 다이소듐이디티에이, [38-16] 솔비탄아이소스테아레이트, [38-17] 우유추출물, [38-18] 하이드로제네이티드레시틴, [38-19] 부틸렌글라이콜, [38-20] 스테아릭애씨드, [38-21] 다이포타슘글리시리제이트, [38-22] 1,2-헥산다이올, [38-23] 우유단백질추출물(1, [38-24] 000ppb), [38-25] 귀리단백질추출물(1, [38-26] 000ppb), [38-27] 세라마이드엔피, [38-28] 밀크아미노산, [38-29] 세라마이드엔에스, [38-30] 콜레스테롤, [38-31] 피토스핑고신, [38-32] 세라마이드에이피, [38-33] 세라마이드에이에스, [38-34] 스위트아몬드단백질(10ppb), [38-35] 하이드롤라이즈드감자단백질(10ppb), [38-36] 하이드롤라이즈드옥수수단백질(10ppb), [38-37] 돌콩단백질(10ppb), [38-38] 세라마이드이오피"
"A000000244690","[NEW] 키엘 훼이셜 퓨얼 인비고레이팅 모이스춰 트리트먼트 포 맨(75ml/125ml)","키엘","75.0","200.0","ml","58000.0","45820","2291.0","정제수 사이클로헥사실록산 변성알코올 글리세린 부틸렌글라이콜 디메치콘 옥수수배아유 판테놀 트리에탄올아민 아스코빌글루코사이드 글리세릴리놀리에이트 페녹시에탄올 폴리퍼플루오로메칠이소프로필에텔 폴리아크릴아마이드 디메치콘올 글리세릴올리에이트 카보머 세틸알코올 C13-14이소파라핀 향료 아크릴레이트/C10-30알킬아크릴레이트크로스폴리머 메칠파라벤 콩오일 카페인 토코페롤 하이드로제네이티드레시틴 유럽밤추출물 벤조페논-4 멘톨 리모넨 피이지-100스테아레이트 글리세릴스테아레이트 라우레스-7 하이드롤라이즈드콩단백질 포타슘세틸포스페이트 부틸파라벤 디소듐이디티에이 에칠파라벤 글리세릴리놀리네이트 프로필파라벤 리날룰 시트랄 청색1호 적색504호 오렌지즙 레몬즙","","[46-1] 정제수, [46-2] 사이클로헥사실록산, [46-3] 변성알코올, [46-4] 글리세린, [46-5] 부틸렌글라이콜, [46-6] 디메치콘, [46-7] 옥수수배아유, [46-8] 판테놀, [46-9] 트리에탄올아민, [46-10] 아스코빌글루코사이드, [46-11] 글리세릴리놀리에이트, [46-12] 페녹시에탄올, [46-13] 폴리퍼플루오로메칠이소프로필에텔, [46-14] 폴리아크릴아마이드, [46-15] 디메치콘올, [46-16] 글리세릴올리에이트, [46-17] 카보머, [46-18] 세틸알코올, [46-19] C13-14이소파라핀, [46-20] 향료, [46-21] 아크릴레이트/C10-30알킬아크릴레이트크로스폴리머, [46-22] 메칠파라벤, [46-23] 콩오일, [46-24] 카페인, [46-25] 토코페롤, [46-26] 하이드로제네이티드레시틴, [46-27] 유럽밤추출물, [46-28] 벤조페논-4, [46-29] 멘톨, [46-30] 리모넨, [46-31] 피이지-100스테아레이트, [46-32] 글리세릴스테아레이트, [46-33] 라우레스-7, [46-34] 하이드롤라이즈드콩단백질, [46-35] 포타슘세틸포스페이트, [46-36] 부틸파라벤, [46-37] 디소듐이디티에이, [46-38] 에칠파라벤, [46-39] 글리세릴리놀리네이트, [46-40] 프로필파라벤, [46-41] 리날룰, [46-42] 시트랄, [46-43] 청색1호, [46-44] 적색504호, [46-45] 오렌지즙, [46-46] 레몬즙"
"A000000244793","[NEW] 토리든 솔리드인 포맨 세라마이드 보습 올인원 200g 기획 (+올인원 20g)","토리든","200.0","220.0","g(약 1ml 상당으로 근사)","25000.0","19900","904.5","정제수, 프로판다이올, 글리세린, 카프릴릭/카프릭트라이글리세라이드, 나이아신아마이드, 1,2-헥산다이올, 
에틸헥실팔미테이트, 폴리글리세릴-3다이스테아레이트, 하이드로제네이티드폴리(C6-14올레핀), 아데노신, 판테놀, 
세라마이드엔피(300ppm), 세라마이드에이에스, 세라마이드에이피, 세라마이드엔에스, 세라마이드이오피, 헥사펩 
타이드-2, 팔미토일트라이펩타이드-5, 글리세릴스테아레이트, 글리세릴스테아레이트시트레이트, 에틸헥실글리 
세린, 알란토인, 하이드로제네이티드레시틴, 카보머, 다이포타슘글리시리제이트, 소듐파이테이트, 리놀레익애씨드, 
폴리글리세릴-3메틸글루코오스다이스테아레이트, 소듐폴리아크릴로일다이메틸타우레이트, 암모늄아크릴로일
다이메틸타우레이트/브이피코폴리머, 비닐다이메티콘, 토코페롤, 알지닌, 동백나무씨오일, 트레할로오스","","[35-1] 정제수, [35-2] 프로판다이올, [35-3] 글리세린, [35-4] 카프릴릭/카프릭트라이글리세라이드, [35-5] 나이아신아마이드, [35-6] 1,2-헥산다이올, [35-7] 에틸헥실팔미테이트, [35-8] 폴리글리세릴-3다이스테아레이트, [35-9] 하이드로제네이티드폴리(C6-14올레핀), [35-10] 아데노신, [35-11] 판테놀, [35-12] 세라마이드엔피(300ppm), [35-13] 세라마이드에이에스, [35-14] 세라마이드에이피, [35-15] 세라마이드엔에스, [35-16] 세라마이드이오피, [35-17] 타이드-2, [35-18] 팔미토일트라이펩타이드-5, [35-19] 글리세릴스테아레이트, [35-20] 글리세릴스테아레이트시트레이트, [35-21] 세린, [35-22] 알란토인, [35-23] 하이드로제네이티드레시틴, [35-24] 카보머, [35-25] 다이포타슘글리시리제이트, [35-26] 소듐파이테이트, [35-27] 리놀레익애씨드, [35-28] 폴리글리세릴-3메틸글루코오스다이스테아레이트, [35-29] 소듐폴리아크릴로일다이메틸타우레이트, [35-30] 다이메틸타우레이트/브이피코폴리머, [35-31] 비닐다이메티콘, [35-32] 토코페롤, [35-33] 알지닌, [35-34] 동백나무씨오일, [35-35] 트레할로오스"
"A000000245706","[산뜻보습] 디오디너리 라이스 리피즈 + 엑토인 마이크로에멀전 60ml","디오디너리","60.0","60.0","ml","","19800","3300.0","정제수, 쌀지질(10%), 호호바씨오일, 엑토인(2%), 하이드로제네이티드레시틴, 프로판다이올, 글리세린, 검양옻나무열매왁스, 글리세릴글루코사이드, 소듐하이알루로네이트, 알란토인, 우레아, 세린, 알라닌, 글라이신, 글루타믹애씨드, 라이신에이치씨엘, 트레오닌, 알지닌, 프롤린, 피씨에이, 소듐피씨에이, 자일리틸글루코사이드, 안하이드로자일리톨, 자일리톨, 프룩토오스, 글루코오스, 말토스, 트레할로오스, 베타인, 펜틸렌글라이콜, 폴리글리세릴-10라우레이트, 하이드록시아세토페논, 토코페롤, 소듐클로라이드, 소듐락테이트, 소듐시트레이트, 시트릭애씨드, 소듐하이드록사이드, 아이소세테스-20, 트라이소듐에틸렌다이아민다이석시네이트, 1,2-헥산다이올, 에틸헥실글리세린, 페녹시에탄올, 클로페네신","","[45-1] 정제수, [45-2] 쌀지질(10%), [45-3] 호호바씨오일, [45-4] 엑토인(2%), [45-5] 하이드로제네이티드레시틴, [45-6] 프로판다이올, [45-7] 글리세린, [45-8] 검양옻나무열매왁스, [45-9] 글리세릴글루코사이드, [45-10] 소듐하이알루로네이트, [45-11] 알란토인, [45-12] 우레아, [45-13] 세린, [45-14] 알라닌, [45-15] 글라이신, [45-16] 글루타믹애씨드, [45-17] 라이신에이치씨엘, [45-18] 트레오닌, [45-19] 알지닌, [45-20] 프롤린, [45-21] 피씨에이, [45-22] 소듐피씨에이, [45-23] 자일리틸글루코사이드, [45-24] 안하이드로자일리톨, [45-25] 자일리톨, [45-26] 프룩토오스, [45-27] 글루코오스, [45-28] 말토스, [45-29] 트레할로오스, [45-30] 베타인, [45-31] 펜틸렌글라이콜, [45-32] 폴리글리세릴-10라우레이트, [45-33] 하이드록시아세토페논, [45-34] 토코페롤, [45-35] 소듐클로라이드, [45-36] 소듐락테이트, [45-37] 소듐시트레이트, [45-38] 시트릭애씨드, [45-39] 소듐하이드록사이드, [45-40] 아이소세테스-20, [45-41] 트라이소듐에틸렌다이아민다이석시네이트, [45-42] 1,2-헥산다이올, [45-43] 에틸헥실글리세린, [45-44] 페녹시에탄올, [45-45] 클로페네신"
"A000000245710","[산뜻보습] 디오디너리 라이스 리피즈 + 엑토인 마이크로에멀전 120ml","디오디너리","120.0","120.0","ml","","34200","2850.0","정제수, 쌀지질(10%), 호호바씨오일, 엑토인(2%), 하이드로제네이티드레시틴, 프로판다이올, 글리세린, 검양옻나무열매왁스, 글리세릴글루코사이드, 소듐하이알루로네이트, 알란토인, 우레아, 세린, 알라닌, 글라이신, 글루타믹애씨드, 라이신에이치씨엘, 트레오닌, 알지닌, 프롤린, 피씨에이, 소듐피씨에이, 자일리틸글루코사이드, 안하이드로자일리톨, 자일리톨, 프룩토오스, 글루코오스, 말토스, 트레할로오스, 베타인, 펜틸렌글라이콜, 폴리글리세릴-10라우레이트, 하이드록시아세토페논, 토코페롤, 소듐클로라이드, 소듐락테이트, 소듐시트레이트, 시트릭애씨드, 소듐하이드록사이드, 아이소세테스-20, 트라이소듐에틸렌다이아민다이석시네이트, 1,2-헥산다이올, 에틸헥실글리세린, 페녹시에탄올, 클로페네신","","[45-1] 정제수, [45-2] 쌀지질(10%), [45-3] 호호바씨오일, [45-4] 엑토인(2%), [45-5] 하이드로제네이티드레시틴, [45-6] 프로판다이올, [45-7] 글리세린, [45-8] 검양옻나무열매왁스, [45-9] 글리세릴글루코사이드, [45-10] 소듐하이알루로네이트, [45-11] 알란토인, [45-12] 우레아, [45-13] 세린, [45-14] 알라닌, [45-15] 글라이신, [45-16] 글루타믹애씨드, [45-17] 라이신에이치씨엘, [45-18] 트레오닌, [45-19] 알지닌, [45-20] 프롤린, [45-21] 피씨에이, [45-22] 소듐피씨에이, [45-23] 자일리틸글루코사이드, [45-24] 안하이드로자일리톨, [45-25] 자일리톨, [45-26] 프룩토오스, [45-27] 글루코오스, [45-28] 말토스, [45-29] 트레할로오스, [45-30] 베타인, [45-31] 펜틸렌글라이콜, [45-32] 폴리글리세릴-10라우레이트, [45-33] 하이드록시아세토페논, [45-34] 토코페롤, [45-35] 소듐클로라이드, [45-36] 소듐락테이트, [45-37] 소듐시트레이트, [45-38] 시트릭애씨드, [45-39] 소듐하이드록사이드, [45-40] 아이소세테스-20, [45-41] 트라이소듐에틸렌다이아민다이석시네이트, [45-42] 1,2-헥산다이올, [45-43] 에틸헥실글리세린, [45-44] 페녹시에탄올, [45-45] 클로페네신"
"A000000246674","[저자극 바디로션] 오브제 맥스 올인원 로션 500ml","오브제","500.0","500.0","ml","","24000","480.0","정제수, 다이프로필렌글라이콜, 아이소노닐아이소노나노에이트, 다이메티콘, 에틸헥실팔미테이트, 세테아릴알코올, 글리세릴스테아레이트, 피이지-100스테아레이트, 1,2-헥산다이올, 하이드록시아세토페논, *락토바실러스발효용해물, 카보머, 트로메타민, 알란토인, 부틸렌글라이콜, 다이소듐이디티에이, 병풀잎추출물, 만다린추출물, 잔탄검, 에틸헥실글리세린, 감나무잎추출물, 포도추출물, 잇꽃꽃추출물, 커피콩추출물, 호장근뿌리추출물, 녹차추출물, 밤껍질추출물, 초피나무열매추출물, 아시아티코사이드, 마데카소사이드, 아시아틱애씨드, 마데카식애씨드","","[32-1] 정제수, [32-2] 다이프로필렌글라이콜, [32-3] 아이소노닐아이소노나노에이트, [32-4] 다이메티콘, [32-5] 에틸헥실팔미테이트, [32-6] 세테아릴알코올, [32-7] 글리세릴스테아레이트, [32-8] 피이지-100스테아레이트, [32-9] 1,2-헥산다이올, [32-10] 하이드록시아세토페논, [32-11] *락토바실러스발효용해물, [32-12] 카보머, [32-13] 트로메타민, [32-14] 알란토인, [32-15] 부틸렌글라이콜, [32-16] 다이소듐이디티에이, [32-17] 병풀잎추출물, [32-18] 만다린추출물, [32-19] 잔탄검, [32-20] 에틸헥실글리세린, [32-21] 감나무잎추출물, [32-22] 포도추출물, [32-23] 잇꽃꽃추출물, [32-24] 커피콩추출물, [32-25] 호장근뿌리추출물, [32-26] 녹차추출물, [32-27] 밤껍질추출물, [32-28] 초피나무열매추출물, [32-29] 아시아티코사이드, [32-30] 마데카소사이드, [32-31] 아시아틱애씨드, [32-32] 마데카식애씨드"
"A000000246717","보호 하이퍼 말차 올인원 로션 100ml","BOHO","100.0","100.0","ml","","38000","3800.0","정제수,글리세린,프로판다이올,세틸에틸헥사노에이트,카프릴릭/카프릭트라이글리세라이드,1,2-헥산다이올,페닐트라이메티콘,글리세릴스테아레이트, 판테놀,황련뿌리추출물,부틸렌글라이콜,C14-22알코올,메틸프로판다이올,카보머, 알지닌, 하이드록시아세토페논, 폴리글리세릴-10라우레이트,에틸헥실글리세린, C12-20알킬글루코사이드,아데노신, 하이드로제네이티드레시틴, 마데카소사이드,병풀추출물, 무화과추출물, 말토덱스트린, 하이드롤라이즈드치자추출물, 세라마이드엔피, 녹차추출물(7ppm), 하이드로제네이티드폴리(C6-14올레핀),토코페롤,메도우폼델타-락톤, 세테아릴알코올, 솔비탄스테아레이트,트로메타민, 콜레스테롤","","[35-1] 정제수, [35-2] 글리세린, [35-3] 프로판다이올, [35-4] 세틸에틸헥사노에이트, [35-5] 카프릴릭/카프릭트라이글리세라이드, [35-6] 1,2-헥산다이올, [35-7] 페닐트라이메티콘, [35-8] 글리세릴스테아레이트, [35-9] 판테놀, [35-10] 황련뿌리추출물, [35-11] 부틸렌글라이콜, [35-12] C14-22알코올, [35-13] 메틸프로판다이올, [35-14] 카보머, [35-15] 알지닌, [35-16] 하이드록시아세토페논, [35-17] 폴리글리세릴-10라우레이트, [35-18] 에틸헥실글리세린, [35-19] C12-20알킬글루코사이드, [35-20] 아데노신, [35-21] 하이드로제네이티드레시틴, [35-22] 마데카소사이드, [35-23] 병풀추출물, [35-24] 무화과추출물, [35-25] 말토덱스트린, [35-26] 하이드롤라이즈드치자추출물, [35-27] 세라마이드엔피, [35-28] 녹차추출물(7ppm), [35-29] 하이드로제네이티드폴리(C6-14올레핀), [35-30] 토코페롤, [35-31] 메도우폼델타-락톤, [35-32] 세테아릴알코올, [35-33] 솔비탄스테아레이트, [35-34] 트로메타민, [35-35] 콜레스테롤"
"A000000248724","[모공피지순삭/수분진정] 듀이트리 AC 딥 맨즈 카밍 포어 올인원 200ml 기획 (+20ml)","듀이트리","200.0","220.0","ml","25000.0","16500","750.0","정제수, 글리세린, 나이아신아마이드, 1,2-헥산다이올, 하이드로제네이티드폴리데센, 아이소도데케인, 폴리글리세릴-3메틸글루코오스다이스테아레이트, 암모늄아크릴로일다이메틸타우레이트/브이피코폴리머, 아크릴레이트/C10-30알킬아크릴레이트크로스폴리머, 프로판다이올, 알지닌, 하이드록시아세토페논, 에리스리톨, 자일리톨, 카프릴릴글라이콜, 에틸헥실글리세린, 아데노신, 다이소듐이디티에이, 향료, 카프릴릭/카프릭트라이글리세라이드, 부틸렌글라이콜, 수크로오스스테아레이트, 병풀추출물, 베타-글루칸, 하이드로제네이티드포스파티딜콜린, 세테아릴알코올, 칸디다 봄비콜라/글루코오스/메틸레이프씨데이트발효물, 다이포타슘글리시리제이트, 다이프로필렌글라이콜, 다이포타슘포스페이트, 파파야열매추출물, 아세틸글루타민, 해바라기씨오일, 페퍼민트잎추출물, 판테놀, 토코페롤, 마데카식애씨드, 마데카소사이드, 아시아틱애씨드, 아시아티코사이드, 당느릅나무뿌리추출물, 소듐하이알루로네이트, 보검선인장줄기추출물, 제비꽃꽃추출물, 사카라이드아이소머레이트, 다시마추출물, 알로에베라잎추출물, 참마뿌리추출물, 달맞이꽃꽃추출물, 칡뿌리추출물, 대왕소나무잎추출물, 포도추출물, 감나무잎추출물, 병풀잎추출물, 하이드록시프로필트라이모늄하이알루로네이트, 병풀뿌리추출물, 잇꽃꽃추출물, 커피콩추출물, 호장근뿌리추출물, 초피나무열매추출물, 녹차추출물, 밤껍질추출물, 셀룰로오스검, 소듐아세틸레이티드하이알루로네이트, 하이드롤라이즈드하이알루로닉애씨드, 하이알루로닉애씨드, 하이드롤라이즈드소듐하이알루로네이트, 소듐하이알루로네이트크로스폴리머, 소듐디엔에이, 
포타슘하이알루로네이트","","[70-1] 정제수, [70-2] 글리세린, [70-3] 나이아신아마이드, [70-4] 1,2-헥산다이올, [70-5] 하이드로제네이티드폴리데센, [70-6] 아이소도데케인, [70-7] 폴리글리세릴-3메틸글루코오스다이스테아레이트, [70-8] 암모늄아크릴로일다이메틸타우레이트/브이피코폴리머, [70-9] 아크릴레이트/C10-30알킬아크릴레이트크로스폴리머, [70-10] 프로판다이올, [70-11] 알지닌, [70-12] 하이드록시아세토페논, [70-13] 에리스리톨, [70-14] 자일리톨, [70-15] 카프릴릴글라이콜, [70-16] 에틸헥실글리세린, [70-17] 아데노신, [70-18] 다이소듐이디티에이, [70-19] 향료, [70-20] 카프릴릭/카프릭트라이글리세라이드, [70-21] 부틸렌글라이콜, [70-22] 수크로오스스테아레이트, [70-23] 병풀추출물, [70-24] 베타-글루칸, [70-25] 하이드로제네이티드포스파티딜콜린, [70-26] 세테아릴알코올, [70-27] 칸디다 봄비콜라/글루코오스/메틸레이프씨데이트발효물, [70-28] 다이포타슘글리시리제이트, [70-29] 다이프로필렌글라이콜, [70-30] 다이포타슘포스페이트, [70-31] 파파야열매추출물, [70-32] 아세틸글루타민, [70-33] 해바라기씨오일, [70-34] 페퍼민트잎추출물, [70-35] 판테놀, [70-36] 토코페롤, [70-37] 마데카식애씨드, [70-38] 마데카소사이드, [70-39] 아시아틱애씨드, [70-40] 아시아티코사이드, [70-41] 당느릅나무뿌리추출물, [70-42] 소듐하이알루로네이트, [70-43] 보검선인장줄기추출물, [70-44] 제비꽃꽃추출물, [70-45] 사카라이드아이소머레이트, [70-46] 다시마추출물, [70-47] 알로에베라잎추출물, [70-48] 참마뿌리추출물, [70-49] 달맞이꽃꽃추출물, [70-50] 칡뿌리추출물, [70-51] 대왕소나무잎추출물, [70-52] 포도추출물, [70-53] 감나무잎추출물, [70-54] 병풀잎추출물, [70-55] 하이드록시프로필트라이모늄하이알루로네이트, [70-56] 병풀뿌리추출물, [70-57] 잇꽃꽃추출물, [70-58] 커피콩추출물, [70-59] 호장근뿌리추출물, [70-60] 초피나무열매추출물, [70-61] 녹차추출물, [70-62] 밤껍질추출물, [70-63] 셀룰로오스검, [70-64] 소듐아세틸레이티드하이알루로네이트, [70-65] 하이드롤라이즈드하이알루로닉애씨드, [70-66] 하이알루로닉애씨드, [70-67] 하이드롤라이즈드소듐하이알루로네이트, [70-68] 소듐하이알루로네이트크로스폴리머, [70-69] 소듐디엔에이, [70-70] 포타슘하이알루로네이트"
"A000000249538","[수분지속로션] 그라운드플랜 젤모이스처 120ml","그라운드플랜","120.0","120.0","ml","","41000","3416.7","정제수, 글리세린, 1,2-헥산다이올, 페닐트라이메티콘, 비닐다이메티콘, 다이글리세린, 네오펜틸글라이콜다이카프레이트, 펜틸렌글라이콜, 다이메티콘올, 폴리메틸실세스퀴옥세인, 아크릴레이트/C10-30알킬아크릴레이트크로스폴리머, 트로메타민, 암모늄아크릴로일다이메틸타우레이트/브이피코폴리머, 버지니아풍년화수, 잔탄검, 에틸헥실글리세린, 라벤더오일, 리날룰, 소듐파이테이트, 클레리오일, 리모넨, 병풀추출물, 토코페롤","","[23-1] 정제수, [23-2] 글리세린, [23-3] 1,2-헥산다이올, [23-4] 페닐트라이메티콘, [23-5] 비닐다이메티콘, [23-6] 다이글리세린, [23-7] 네오펜틸글라이콜다이카프레이트, [23-8] 펜틸렌글라이콜, [23-9] 다이메티콘올, [23-10] 폴리메틸실세스퀴옥세인, [23-11] 아크릴레이트/C10-30알킬아크릴레이트크로스폴리머, [23-12] 트로메타민, [23-13] 암모늄아크릴로일다이메틸타우레이트/브이피코폴리머, [23-14] 버지니아풍년화수, [23-15] 잔탄검, [23-16] 에틸헥실글리세린, [23-17] 라벤더오일, [23-18] 리날룰, [23-19] 소듐파이테이트, [23-20] 클레리오일, [23-21] 리모넨, [23-22] 병풀추출물, [23-23] 토코페롤"
"A000000250229","[7월 올영픽] 세포랩 바이오제닉 모이스처라이저 80ml","세포랩","80.0","80.0","ml","36800.0","27900","3487.5","케리포리아 라케라타세포외소포, 정제수, 부틸렌글라이콜, 글리세린, 1,2-헥산다이올, 카프릴릭/카프릭트라이글리세라이드, 스쿠알란, 폴리그리세릴-3 메틸글루코오스다이스테아레이트, 에스에이치-폴리펩타이드-138, 소듐폴리아크릴로일다이메틸타우레이트, 에틸헥실올리베이트, 하이드롤라이즈드호호바에스터, 소듐아크릴레이트코폴리머, 폴리글리세릴-4올리에이트, 하이드록시아세토페논, 포타슘세틸포스페이트","","[16-1] 케리포리아 라케라타세포외소포, [16-2] 정제수, [16-3] 부틸렌글라이콜, [16-4] 글리세린, [16-5] 1,2-헥산다이올, [16-6] 카프릴릭/카프릭트라이글리세라이드, [16-7] 스쿠알란, [16-8] 폴리그리세릴-3 메틸글루코오스다이스테아레이트, [16-9] 에스에이치-폴리펩타이드-138, [16-10] 소듐폴리아크릴로일다이메틸타우레이트, [16-11] 에틸헥실올리베이트, [16-12] 하이드롤라이즈드호호바에스터, [16-13] 소듐아크릴레이트코폴리머, [16-14] 폴리글리세릴-4올리에이트, [16-15] 하이드록시아세토페논, [16-16] 포타슘세틸포스페이트"
"A000000251468","피지오겔 DMT 페이셜 로션 200ml 기획 (+토너 50ml)","피지오겔","200.0","250.0","ml","","38000","1520.0","[로션] 정제수, 카프릴릭/카프릭트라이글리세라이드, 글리세린, 펜틸렌글라이콜, 코코넛야자오일, 오일팜오일, 시어버터, 올리브오일, 하이드로제네이티드레시틴, 하이드록시에틸셀룰로오스, 카프릴릴글라이콜, 잔탄검, 스쿠알란, 카보머, 소듐카보머, 세라마이드엔피

[토너] 정제수, 다이프로필렌글라이콜, 글리세린, 1,2-헥산다이올, 헥실데실에틸헥사노에이트, 펜타에리스리틸테트라에틸헥사노에이트, 변성알코올, 베타인, 사이클로펜타실록세인, 아크릴레이트/C10-30알킬아크릴레이트크로스폴리머, 트로메타민, 다이메티콘, 피토스테롤, 소듐하이알루로네이트, 트라이소듐이디티에이, 세린, 소듐피씨에이, 하이드록시에틸우레아, 알지닌, 카프릴릭/카프릭트라이글리세라이드, 스쿠알란","","[36-1] 정제수, [36-2] 카프릴릭/카프릭트라이글리세라이드, [36-3] 글리세린, [36-4] 펜틸렌글라이콜, [36-5] 코코넛야자오일, [36-6] 오일팜오일, [36-7] 시어버터, [36-8] 올리브오일, [36-9] 하이드로제네이티드레시틴, [36-10] 하이드록시에틸셀룰로오스, [36-11] 카프릴릴글라이콜, [36-12] 잔탄검, [36-13] 스쿠알란, [36-14] 카보머, [36-15] 소듐카보머, [36-16] 정제수, [36-17] 다이프로필렌글라이콜, [36-18] 글리세린, [36-19] 1,2-헥산다이올, [36-20] 헥실데실에틸헥사노에이트, [36-21] 펜타에리스리틸테트라에틸헥사노에이트, [36-22] 변성알코올, [36-23] 베타인, [36-24] 사이클로펜타실록세인, [36-25] 아크릴레이트/C10-30알킬아크릴레이트크로스폴리머, [36-26] 트로메타민, [36-27] 다이메티콘, [36-28] 피토스테롤, [36-29] 소듐하이알루로네이트, [36-30] 트라이소듐이디티에이, [36-31] 세린, [36-32] 소듐피씨에이, [36-33] 하이드록시에틸우레아, [36-34] 알지닌, [36-35] 카프릴릭/카프릭트라이글리세라이드, [36-36] 스쿠알란"
"A000000252331","[장벽/진정] 벨프리모 히알 베리어 아토 로션 200ml","벨프리모","200.0","200.0","ml","32100.0","19900","995.0","약모밀수, 카프릴릭/카프릭트라이글리세라이드, 글리세린, 세테아릴알코올, 1,2-헥산다이올, C14-22알코올, 세틸에틸헥사노에이트, 글리세릴스테아레이트, 스쿠알란, 하이드록시에틸아크릴레이트/소듐아크릴로일다이메틸타우레이트코폴리머, C12-20알킬글루코사이드, 마카다미아씨오일, 메틸글루세스-20, 정제수, 잔탄검, 판테놀, 솔비탄아이소스테아레이트, 에틸헥실글리세린, 다이소듐이디티에이, 글루코오스, 하이드로제네이티드레시틴, 부틸렌글라이콜, 세라마이드엔피, 소듐하이알루로네이트(10 ppm), 병풀추출물, 하이드롤라이즈드엘라스틴, 하이드롤라이즈드케라틴, 하이드롤라이즈드콜라겐, 실크아미노산, 하이드롤라이즈드콩단백질, 하이드롤라이즈드밀단백질, 하이드롤라이즈드옥수수단백질, 하이드롤라이즈드실크","","[33-1] 약모밀수, [33-2] 카프릴릭/카프릭트라이글리세라이드, [33-3] 글리세린, [33-4] 세테아릴알코올, [33-5] 1,2-헥산다이올, [33-6] C14-22알코올, [33-7] 세틸에틸헥사노에이트, [33-8] 글리세릴스테아레이트, [33-9] 스쿠알란, [33-10] 하이드록시에틸아크릴레이트/소듐아크릴로일다이메틸타우레이트코폴리머, [33-11] C12-20알킬글루코사이드, [33-12] 마카다미아씨오일, [33-13] 메틸글루세스-20, [33-14] 정제수, [33-15] 잔탄검, [33-16] 판테놀, [33-17] 솔비탄아이소스테아레이트, [33-18] 에틸헥실글리세린, [33-19] 다이소듐이디티에이, [33-20] 글루코오스, [33-21] 하이드로제네이티드레시틴, [33-22] 부틸렌글라이콜, [33-23] 세라마이드엔피, [33-24] 소듐하이알루로네이트(10 ppm), [33-25] 병풀추출물, [33-26] 하이드롤라이즈드엘라스틴, [33-27] 하이드롤라이즈드케라틴, [33-28] 하이드롤라이즈드콜라겐, [33-29] 실크아미노산, [33-30] 하이드롤라이즈드콩단백질, [33-31] 하이드롤라이즈드밀단백질, [33-32] 하이드롤라이즈드옥수수단백질, [33-33] 하이드롤라이즈드실크"
"A000000254668","[수분촉촉/ NEW] 비레디 하이드로 올인원 로션 기획(150ml 본품+ 35ml 증정)","비레디","150.0","185.0","ml","23000.0","19800","1070.3","정제수, 프로판다이올, 글리세린, 나이아신아마이드, 변성알코올, 1,2-헥산다이올, 베타인, 세테아릴올리베이트, 하이드로제네이티드레시틴, 솔비탄올리베이트, 아크릴레이트/C10-30알킬아크릴레이트크로스폴리머, 에틸헥실글리세린, 스쿠알란, 향료, 하이드록시에틸아크릴레이트/소듐아크릴로일다이메틸타우레이트코폴리머, 캐롭검, 포타슘하이드록사이드, 아데노신, 소듐메타포스페이트, 소듐하이알루로네이트, 솔비탄아이소스테아레이트, 하이알루로닉애씨드, 자일리톨, 수크로오스, 락토바실러스발효용해물, 부틸렌글라이콜, 구아이아줄렌, 병풀꽃/잎/줄기추출물, 프로필렌글라이콜, 글리세릴카프릴레이트, 하이드롤라이즈드하이알루로닉애씨드, 소듐하이알루로네이트크로스폴리머, 소듐트라이메타포스페이트, 녹차추출물, 소듐아세틸레이티드하이알루로네이트","","[35-1] 정제수, [35-2] 프로판다이올, [35-3] 글리세린, [35-4] 나이아신아마이드, [35-5] 변성알코올, [35-6] 1,2-헥산다이올, [35-7] 베타인, [35-8] 세테아릴올리베이트, [35-9] 하이드로제네이티드레시틴, [35-10] 솔비탄올리베이트, [35-11] 아크릴레이트/C10-30알킬아크릴레이트크로스폴리머, [35-12] 에틸헥실글리세린, [35-13] 스쿠알란, [35-14] 향료, [35-15] 하이드록시에틸아크릴레이트/소듐아크릴로일다이메틸타우레이트코폴리머, [35-16] 캐롭검, [35-17] 포타슘하이드록사이드, [35-18] 아데노신, [35-19] 소듐메타포스페이트, [35-20] 소듐하이알루로네이트, [35-21] 솔비탄아이소스테아레이트, [35-22] 하이알루로닉애씨드, [35-23] 자일리톨, [35-24] 수크로오스, [35-25] 락토바실러스발효용해물, [35-26] 부틸렌글라이콜, [35-27] 구아이아줄렌, [35-28] 병풀꽃/잎/줄기추출물, [35-29] 프로필렌글라이콜, [35-30] 글리세릴카프릴레이트, [35-31] 하이드롤라이즈드하이알루로닉애씨드, [35-32] 소듐하이알루로네이트크로스폴리머, [35-33] 소듐트라이메타포스페이트, [35-34] 녹차추출물, [35-35] 소듐아세틸레이티드하이알루로네이트"
"A000000255983","[모공삭제 올인원] 플리프 PDRN 포어엑스 올인원 로션 200ml","플리프","200.0","200.0","ml","28000.0","22800","1140.0","정제수,글리세린,부틸렌글라이콜,나이아신아마이드,1,2-헥산다이올,하이드로제네이티드폴리(C6-14올레핀),암모늄아크릴로일다이메틸타우레이트/브이피코폴리머,알지닌,아크릴레이트/C10-30알킬아크릴레이트크로스폴리머,하이드록시에틸아크릴레이트/소듐아크릴로일다
이메틸타우레이트코폴리머,에틸헥실글리세린,다이소듐이디티에이,아데노신,솔비탄아이소스테아레이트,알란토인,녹차추출물,소듐디엔에이(5000ppb),프로판다이올,메틸다이아이소프로필프로피온아마이드,비파나무잎추출물,커먼자스민꽃추출물,스피어민트추출물,흰버드나무껍질추출물,가지열매추출물,달맞이꽃꽃추출물,대왕소나무잎추출물,칡뿌리추출물,당느릅나무뿌리추출물","","[28-1] 정제수, [28-2] 글리세린, [28-3] 부틸렌글라이콜, [28-4] 나이아신아마이드, [28-5] 1,2-헥산다이올, [28-6] 하이드로제네이티드폴리(C6-14올레핀), [28-7] 암모늄아크릴로일다이메틸타우레이트/브이피코폴리머, [28-8] 알지닌, [28-9] 아크릴레이트/C10-30알킬아크릴레이트크로스폴리머, [28-10] 이메틸타우레이트코폴리머, [28-11] 에틸헥실글리세린, [28-12] 다이소듐이디티에이, [28-13] 아데노신, [28-14] 솔비탄아이소스테아레이트, [28-15] 알란토인, [28-16] 녹차추출물, [28-17] 소듐디엔에이(5000ppb), [28-18] 프로판다이올, [28-19] 메틸다이아이소프로필프로피온아마이드, [28-20] 비파나무잎추출물, [28-21] 커먼자스민꽃추출물, [28-22] 스피어민트추출물, [28-23] 흰버드나무껍질추출물, [28-24] 가지열매추출물, [28-25] 달맞이꽃꽃추출물, [28-26] 대왕소나무잎추출물, [28-27] 칡뿌리추출물, [28-28] 당느릅나무뿌리추출물"
"A000000257083","[개기름,모공개선]그라펜 포어올킬 클린로션 95ml(호박스 공동개발)","그라펜","95.0","95.0","ml","24000.0","19800","2084.2","정제수, 글리세린, 판테놀, 1,2-헥산다이올, 나이아신아마이드, 아이소도데케인, 하이드로제네이티드폴리데센, 부틸렌글라이콜, 폴리글리세릴-3메틸글루코오스다이스테아레이트, 다이메티콘/비닐다이메티콘크로스폴리머, 베타인, 메틸프로판다이올, 호호바에스터, 실리카, 암모늄아크릴로일다이메틸타우레이트/브이피코폴리머, 아크릴레이트/C10-30알킬아크릴레이트크로스폴리머, 하이드록시아세토페논, 알지닌, 에틸헥실글리세린, 폴리글리세릴-10미리스테이트, 메틸다이아이소프로필프로피온아마이드, 아데노신, 소듐하이알루로네이트, 다이소듐이디티에이, 트라이소듐에틸렌다이아민다이석시네이트, 베르가모트오일, 분비나무오일, 라반딘오일, 라임전초오일, 멕시칸주니퍼오일, 말토덱스트린, 말라카이트추출물, 센티드제라늄꽃오일, 칡뿌리추출물, 대왕소나무잎추출물, 카프릴로일글라이신, 당느릅나무뿌리추출물, 달맞이꽃꽃추출물, 하이드롤라이즈드치자추출물, 헥실렌글라이콜, 광곽향오일, 리씨열매오일, 사코신, 스피어민트잎오일, 카보머, 토코페롤, 실론시나몬나무껍질추출물, 하이드롤라이즈드하이알루로닉애씨드, 소듐아세틸레이티드하이알루로네이트, 리모넨, 리날룰","","[51-1] 정제수, [51-2] 글리세린, [51-3] 판테놀, [51-4] 1,2-헥산다이올, [51-5] 나이아신아마이드, [51-6] 아이소도데케인, [51-7] 하이드로제네이티드폴리데센, [51-8] 부틸렌글라이콜, [51-9] 폴리글리세릴-3메틸글루코오스다이스테아레이트, [51-10] 다이메티콘/비닐다이메티콘크로스폴리머, [51-11] 베타인, [51-12] 메틸프로판다이올, [51-13] 호호바에스터, [51-14] 실리카, [51-15] 암모늄아크릴로일다이메틸타우레이트/브이피코폴리머, [51-16] 아크릴레이트/C10-30알킬아크릴레이트크로스폴리머, [51-17] 하이드록시아세토페논, [51-18] 알지닌, [51-19] 에틸헥실글리세린, [51-20] 폴리글리세릴-10미리스테이트, [51-21] 메틸다이아이소프로필프로피온아마이드, [51-22] 아데노신, [51-23] 소듐하이알루로네이트, [51-24] 다이소듐이디티에이, [51-25] 트라이소듐에틸렌다이아민다이석시네이트, [51-26] 베르가모트오일, [51-27] 분비나무오일, [51-28] 라반딘오일, [51-29] 라임전초오일, [51-30] 멕시칸주니퍼오일, [51-31] 말토덱스트린, [51-32] 말라카이트추출물, [51-33] 센티드제라늄꽃오일, [51-34] 칡뿌리추출물, [51-35] 대왕소나무잎추출물, [51-36] 카프릴로일글라이신, [51-37] 당느릅나무뿌리추출물, [51-38] 달맞이꽃꽃추출물, [51-39] 하이드롤라이즈드치자추출물, [51-40] 헥실렌글라이콜, [51-41] 광곽향오일, [51-42] 리씨열매오일, [51-43] 사코신, [51-44] 스피어민트잎오일, [51-45] 카보머, [51-46] 토코페롤, [51-47] 실론시나몬나무껍질추출물, [51-48] 하이드롤라이즈드하이알루로닉애씨드, [51-49] 소듐아세틸레이티드하이알루로네이트, [51-50] 리모넨, [51-51] 리날룰"
"A000000257196","[NEW/리뷰이벤트] 비욘드 엔젤 아쿠아 이온 히알루 10% 수분 로션 200ml","비욘드","200.0","200.0","ml","22000.0","15900","795.0","정제수, 하이드롤라이즈드하이알루로닉애씨드*(10.020.7%), 프로판다이올, 카프릴릭/카프릭트라이글리세라이드, 1,2-헥산다이올, 부틸렌글라이콜, 다이카프릴릴카보네이트, 글리세린, 베타인, 에틸아이소스테아레이트, 판테놀, C14-22알코올, 아크릴레이트/C10-30알킬아크릴레이트크로스폴리머, 트로메타민, 하이드로제네이티드레시틴, 암모늄아크릴로일다이메틸타우레이트/브이피코폴리머, C12-20알킬글루코사이드, 메틸메타크릴레이트크로스폴리머, 하이드록시에틸우레아, 베헤닉애씨드, 스테아릭애씨드, 트라이소듐이디티에이, 잔탄검, 베헤닐알코올, 스테아릴알코올, 에틸헥실글리세린, 미리스틱애씨드, 알란토인, 토코페롤, 소듐하이알루로네이트*(3.01 ppm), 글리세릴리놀리에이트, 수크로오스팔미테이트, 페러스설페이트*(0.1 ppm), 해바라기씨오일, 하이알루로닉애씨드*(0.1 ppm), 하이드롤라이즈드소듐하이알루로네이트*(0.1 ppm), 하이드록시프로필트라이모늄하이알루로네이트*(0.1 ppm), 망가니즈설페이트*(0.1 ppm), 소듐아세틸레이티드하이알루로네이트*(0.1 ppm), 소듐글루코네이트*(0.1 ppm), 글라이신, 펜틸렌글라이콜, 마그네슘설페이트(4.75 ppb), 징크글루코네이트(4.75 ppb), 칼슘글루코네이트(0.5 ppb), 카퍼글루코네이트(0.5 ppb), 카퍼트라이펩타이드-1, 소듐하이일루로네이트크로스폴리머(0.1 ppb)
*이온 히알루™","","[48-1] 정제수, [48-2] 하이드롤라이즈드하이알루로닉애씨드*(10.020.7%), [48-3] 프로판다이올, [48-4] 카프릴릭/카프릭트라이글리세라이드, [48-5] 1,2-헥산다이올, [48-6] 부틸렌글라이콜, [48-7] 다이카프릴릴카보네이트, [48-8] 글리세린, [48-9] 베타인, [48-10] 에틸아이소스테아레이트, [48-11] 판테놀, [48-12] C14-22알코올, [48-13] 아크릴레이트/C10-30알킬아크릴레이트크로스폴리머, [48-14] 트로메타민, [48-15] 하이드로제네이티드레시틴, [48-16] 암모늄아크릴로일다이메틸타우레이트/브이피코폴리머, [48-17] C12-20알킬글루코사이드, [48-18] 메틸메타크릴레이트크로스폴리머, [48-19] 하이드록시에틸우레아, [48-20] 베헤닉애씨드, [48-21] 스테아릭애씨드, [48-22] 트라이소듐이디티에이, [48-23] 잔탄검, [48-24] 베헤닐알코올, [48-25] 스테아릴알코올, [48-26] 에틸헥실글리세린, [48-27] 미리스틱애씨드, [48-28] 알란토인, [48-29] 토코페롤, [48-30] 소듐하이알루로네이트*(3.01 ppm), [48-31] 글리세릴리놀리에이트, [48-32] 수크로오스팔미테이트, [48-33] 페러스설페이트*(0.1 ppm), [48-34] 해바라기씨오일, [48-35] 하이알루로닉애씨드*(0.1 ppm), [48-36] 하이드롤라이즈드소듐하이알루로네이트*(0.1 ppm), [48-37] 하이드록시프로필트라이모늄하이알루로네이트*(0.1 ppm), [48-38] 망가니즈설페이트*(0.1 ppm), [48-39] 소듐아세틸레이티드하이알루로네이트*(0.1 ppm), [48-40] 소듐글루코네이트*(0.1 ppm), [48-41] 글라이신, [48-42] 펜틸렌글라이콜, [48-43] 마그네슘설페이트(4.75 ppb), [48-44] 징크글루코네이트(4.75 ppb), [48-45] 칼슘글루코네이트(0.5 ppb), [48-46] 카퍼글루코네이트(0.5 ppb), [48-47] 카퍼트라이펩타이드-1, [48-48] *이온 히알루™"
"A000000257647","오휘 더 퍼스트 제너츄어 포맨 올인원 세럼 90ml","오휘","90.0","90.0","ml","104000.0","88400","9822.2","정제수, 글리세린, 변성알코올, 다이프로필렌글라이콜, 1,2-헥산다이올, 하이드로제네이티드폴리아이소부텐, 나이아신아마이드, 폴리메틸실세스퀴옥세인, 카프릴릭/카프릭트라이글리세라이드, 다이페닐실록시페닐트라이메티콘, 헥실데실에틸헥사노에이트, 판테놀, 부틸렌글라이콜, 글리세릴스테아레이트, 다이메티콘, 피이지-100스테아레이트, 트로메타민, 카보머, 아이리쉬모스추출물, C12-16알코올, 향료, 다이포타슘글리시리제이트, 아크릴레이트/C10-30알킬아크릴레이트크로스폴리머, 솔비탄스테아레이트, 팔미틱애씨드, 하이드로제네이티드레시틴, 아데노신, 트라이소듐이디티에이, 베타-글루칸, 글리세릴아크릴레이트/아크릴릭애씨드코폴리머, 세린, 알지닌, 시트릭애씨드, 병풀추출물, 세라마이드엔피, 카퍼트라이펩타이드-1, 올리고펩타이드-1, 올리고펩타이드-2, 올리고펩타이드-3, 올리고펩타이드-6, 올리고펩타이드-4, 리모넨, 리날룰, 시트로넬올","","[44-1] 정제수, [44-2] 글리세린, [44-3] 변성알코올, [44-4] 다이프로필렌글라이콜, [44-5] 1,2-헥산다이올, [44-6] 하이드로제네이티드폴리아이소부텐, [44-7] 나이아신아마이드, [44-8] 폴리메틸실세스퀴옥세인, [44-9] 카프릴릭/카프릭트라이글리세라이드, [44-10] 다이페닐실록시페닐트라이메티콘, [44-11] 헥실데실에틸헥사노에이트, [44-12] 판테놀, [44-13] 부틸렌글라이콜, [44-14] 글리세릴스테아레이트, [44-15] 다이메티콘, [44-16] 피이지-100스테아레이트, [44-17] 트로메타민, [44-18] 카보머, [44-19] 아이리쉬모스추출물, [44-20] C12-16알코올, [44-21] 향료, [44-22] 다이포타슘글리시리제이트, [44-23] 아크릴레이트/C10-30알킬아크릴레이트크로스폴리머, [44-24] 솔비탄스테아레이트, [44-25] 팔미틱애씨드, [44-26] 하이드로제네이티드레시틴, [44-27] 아데노신, [44-28] 트라이소듐이디티에이, [44-29] 베타-글루칸, [44-30] 글리세릴아크릴레이트/아크릴릭애씨드코폴리머, [44-31] 세린, [44-32] 알지닌, [44-33] 시트릭애씨드, [44-34] 병풀추출물, [44-35] 세라마이드엔피, [44-36] 카퍼트라이펩타이드-1, [44-37] 올리고펩타이드-1, [44-38] 올리고펩타이드-2, [44-39] 올리고펩타이드-3, [44-40] 올리고펩타이드-6, [44-41] 올리고펩타이드-4, [44-42] 리모넨, [44-43] 리날룰, [44-44] 시트로넬올"
"A000000257652","오휘 더 퍼스트 제너츄어 포맨 모이스처라이저 110ml","오휘","110.0","110.0","ml","71000.0","60350","5486.4","정제수, 글리세린, 1,2-헥산다이올, 다이프로필렌글라이콜, 에틸아이소스테아레이트, 글리세레스-26, 비스-피이지-15메틸에터다이메티콘, 하이드로제네이티드폴리데센, 판테놀, 글라이코실트레할로오스, 하이드로제네이티드스타치하이드롤리세이트, 잔탄검, 아데노신, 트라이소듐이디티에이, 나이아신아마이드, 베타-글루칸, 세린, 알지닌, 시트릭애씨드, 하이드로제네이티드레시틴, 병풀추출물, 다이포타슘글리시리제이트, 세라마이드엔피, 카퍼트라이펩타이드-1, 올리고펩타이드-1, 올리고펩타이드-2, 올리고펩타이드-3, 올리고펩타이드-6, 올리고펩타이드-4, 아크릴레이트/C10-30알킬아크릴레이트크로스폴리머, 트로메타민, 향료, 리모넨, 리날룰","","[34-1] 정제수, [34-2] 글리세린, [34-3] 1,2-헥산다이올, [34-4] 다이프로필렌글라이콜, [34-5] 에틸아이소스테아레이트, [34-6] 글리세레스-26, [34-7] 비스-피이지-15메틸에터다이메티콘, [34-8] 하이드로제네이티드폴리데센, [34-9] 판테놀, [34-10] 글라이코실트레할로오스, [34-11] 하이드로제네이티드스타치하이드롤리세이트, [34-12] 잔탄검, [34-13] 아데노신, [34-14] 트라이소듐이디티에이, [34-15] 나이아신아마이드, [34-16] 베타-글루칸, [34-17] 세린, [34-18] 알지닌, [34-19] 시트릭애씨드, [34-20] 하이드로제네이티드레시틴, [34-21] 병풀추출물, [34-22] 다이포타슘글리시리제이트, [34-23] 세라마이드엔피, [34-24] 카퍼트라이펩타이드-1, [34-25] 올리고펩타이드-1, [34-26] 올리고펩타이드-2, [34-27] 올리고펩타이드-3, [34-28] 올리고펩타이드-6, [34-29] 올리고펩타이드-4, [34-30] 아크릴레이트/C10-30알킬아크릴레이트크로스폴리머, [34-31] 트로메타민, [34-32] 향료, [34-33] 리모넨, [34-34] 리날룰"
"A000000257658","오휘 마이스터 포맨 하이드라 로션 110ml","오휘","110.0","110.0","ml","55000.0","46750","4250.0","정제수, 글리세린, 사이클로펜타실록산, 변성알코올, 디프로필렌글라이콜, 1,2-헥산디올, 세틸에칠헥사노에이트, 비니거, 디메치콘/비닐디 메치콘크로스폴리머, 글리세릴스테아레이트, 피 이지-40스테아레이트, 트로메타민, 세테아릴알코 올, 카보머, 아크릴레이트/C10-30알킬아크릴레 이트크로스폴리머, 암모늄아크릴로일디메칠타우 레이트/브이피코폴리머, 트리소듐이디티에이, 향 료, 시트로넬올, 쿠마린, 제라니올, 헥실신남알, 리모넨, 리날룰","","[24-1] 정제수, [24-2] 글리세린, [24-3] 사이클로펜타실록산, [24-4] 변성알코올, [24-5] 디프로필렌글라이콜, [24-6] 1,2-헥산디올, [24-7] 세틸에칠헥사노에이트, [24-8] 비니거, [24-9] 디메치콘/비닐디 메치콘크로스폴리머, [24-10] 글리세릴스테아레이트, [24-11] 피 이지-40스테아레이트, [24-12] 트로메타민, [24-13] 세테아릴알코 올, [24-14] 카보머, [24-15] 아크릴레이트/C10-30알킬아크릴레 이트크로스폴리머, [24-16] 암모늄아크릴로일디메칠타우 레이트/브이피코폴리머, [24-17] 트리소듐이디티에이, [24-18] 향 료, [24-19] 시트로넬올, [24-20] 쿠마린, [24-21] 제라니올, [24-22] 헥실신남알, [24-23] 리모넨, [24-24] 리날룰"
"A000000257670","오휘 마이스터 포맨 프레쉬 로션 110ml","오휘","110.0","110.0","ml","55000.0","46750","4250.0","정제수, 사이클로펜타실록산, 디프로필렌 글라이콜, 글리세린, 1,2-헥산디올, 판테놀, 트리 에칠헥사노인, 실리카, 비니거, 베타인, 디메치콘, 피이지-40스테아레이트, 세테아릴알코올, 글리세 릴스테아레이트, 잔탄검, 카보머, 디메치콘/비닐 디메치콘크로스폴리머, 아크릴레이트/C10-30알 킬아크릴레이트크로스폴리머, 트리소듐이디티에 이, 트로메타민, 향료, 리모넨, 리날룰, 벤질벤조 에이트, 시트랄, 제라니올","","[26-1] 정제수, [26-2] 사이클로펜타실록산, [26-3] 디프로필렌 글라이콜, [26-4] 글리세린, [26-5] 1,2-헥산디올, [26-6] 판테놀, [26-7] 트리 에칠헥사노인, [26-8] 실리카, [26-9] 비니거, [26-10] 베타인, [26-11] 디메치콘, [26-12] 피이지-40스테아레이트, [26-13] 세테아릴알코올, [26-14] 글리세 릴스테아레이트, [26-15] 잔탄검, [26-16] 카보머, [26-17] 디메치콘/비닐 디메치콘크로스폴리머, [26-18] 아크릴레이트/C10-30알 킬아크릴레이트크로스폴리머, [26-19] 트리소듐이디티에 이, [26-20] 트로메타민, [26-21] 향료, [26-22] 리모넨, [26-23] 리날룰, [26-24] 벤질벤조 에이트, [26-25] 시트랄, [26-26] 제라니올"
"A000000258379","보나쥬르 퓨어마일드 맨 올인원 모이스쳐라이저 120ml","보나쥬르","120.0","120.0","ml","27000.0","25600","2133.3","티트리잎수, 정제수, 아이소프로필미리스테이트, 변성알코올, 부틸렌글라이콜, 나이아신아마이드, 글리세린, 글리세릴스테아레이트, 프로판다이올, 1,2,-헥산다이올, 자일리톨, 티트리잎추출물, 바쿠치올, 판테놀, 카보머, 아데노신, 티트리잎오일, 카프릴릴글라이콜, 펜틸렌글라이콜, 알지닌, 카프릴하이드록사믹애씨드, 에틸헥실글리세린, 향료","","[24-1] 티트리잎수, [24-2] 정제수, [24-3] 아이소프로필미리스테이트, [24-4] 변성알코올, [24-5] 부틸렌글라이콜, [24-6] 나이아신아마이드, [24-7] 글리세린, [24-8] 글리세릴스테아레이트, [24-9] 프로판다이올, [24-10] 1,2, [24-11] -헥산다이올, [24-12] 자일리톨, [24-13] 티트리잎추출물, [24-14] 바쿠치올, [24-15] 판테놀, [24-16] 카보머, [24-17] 아데노신, [24-18] 티트리잎오일, [24-19] 카프릴릴글라이콜, [24-20] 펜틸렌글라이콜, [24-21] 알지닌, [24-22] 카프릴하이드록사믹애씨드, [24-23] 에틸헥실글리세린, [24-24] 향료"
"A000000259098","[수분진정/피지컨트롤] 한스킨 퍼펙트 올인원 로션 115ml","한스킨","115.0","115.0","ml","","29000","2521.7","정제수, 해수, 글리세린, 하이드로제네이티드폴리데센, 에탄올, 사이클로헥사실록세인, 나이아신아마이드, 1,2-헥산다이올, 글리세릴글루코사이드, 다이프로필렌글라이콜, 글루코오스, 부틸렌글라이콜, 하이드록시프로필트라이모늄하이알루로네이트, 소듐아세틸레이티드하이알루로네이트, 하이드롤라이즈드하이알루로닉애씨드, 카퍼트라이펩타이드-1, 아세틸헥사펩타이드-8, 올리고펩타이드-32, 올리고펩타이드-29, 하이알루로닉애씨드, 소듐하이알루로네이트크로스폴리머, 팔미토일펜타펩타이드-4, 마데카식애씨드, 하이드롤라이즈드소듐하이알루로네이트, 아시아틱애씨드, 포타슘하이알루로네이트, 아시아티코사이드, 세테아릴알코올, 글리세릴스테아레이트, 아라키딜알코올, C14-22알코올, 하이드록시아세토페논, 알지닌, 베헤닐알코올, 실리카, 아라키딜글루코사이드, 카보머, C12-20알킬글루코사이드, 아크릴레이트/C10-30알킬아크릴레이트크로스폴리머, 다이메티콘/비닐다이메티콘크로스폴리머, 다이포타슘글리시리제이트, 에틸헥실글리세린, 세틸알코올, 소듐하이알루로네이트, 글루코노락톤, 에리스리톨, 아틀라스시다껍질추출물, 옥틸도데칸올, 팔미토일트라이펩타이드-5아미도프로필아스코빌포스페이트에이치씨엘, 스피룰리나플라텐시스추출물, 모자반추출물, 피이지-5레이프씨드스테롤, 자이언트켈프추출물, 다시마추출물, 하이드롤라이즈드콜라겐, 하이드로제네이티드레시틴, 납작파래추출물, 콜레스테롤, 유채스테롤, 조류추출물, 아데노신, 세테스-5, 세테스-3, 소듐스테아로일글루타메이트, 펜타에리스리틸테트라-다이-t-부틸하이드록시하이드로신나메이트, 카프릴릴글라이콜, 다이소듐이디티에이, 향료","","[68-1] 정제수, [68-2] 해수, [68-3] 글리세린, [68-4] 하이드로제네이티드폴리데센, [68-5] 에탄올, [68-6] 사이클로헥사실록세인, [68-7] 나이아신아마이드, [68-8] 1,2-헥산다이올, [68-9] 글리세릴글루코사이드, [68-10] 다이프로필렌글라이콜, [68-11] 글루코오스, [68-12] 부틸렌글라이콜, [68-13] 하이드록시프로필트라이모늄하이알루로네이트, [68-14] 소듐아세틸레이티드하이알루로네이트, [68-15] 하이드롤라이즈드하이알루로닉애씨드, [68-16] 카퍼트라이펩타이드-1, [68-17] 아세틸헥사펩타이드-8, [68-18] 올리고펩타이드-32, [68-19] 올리고펩타이드-29, [68-20] 하이알루로닉애씨드, [68-21] 소듐하이알루로네이트크로스폴리머, [68-22] 팔미토일펜타펩타이드-4, [68-23] 마데카식애씨드, [68-24] 하이드롤라이즈드소듐하이알루로네이트, [68-25] 아시아틱애씨드, [68-26] 포타슘하이알루로네이트, [68-27] 아시아티코사이드, [68-28] 세테아릴알코올, [68-29] 글리세릴스테아레이트, [68-30] 아라키딜알코올, [68-31] C14-22알코올, [68-32] 하이드록시아세토페논, [68-33] 알지닌, [68-34] 베헤닐알코올, [68-35] 실리카, [68-36] 아라키딜글루코사이드, [68-37] 카보머, [68-38] C12-20알킬글루코사이드, [68-39] 아크릴레이트/C10-30알킬아크릴레이트크로스폴리머, [68-40] 다이메티콘/비닐다이메티콘크로스폴리머, [68-41] 다이포타슘글리시리제이트, [68-42] 에틸헥실글리세린, [68-43] 세틸알코올, [68-44] 소듐하이알루로네이트, [68-45] 글루코노락톤, [68-46] 에리스리톨, [68-47] 아틀라스시다껍질추출물, [68-48] 옥틸도데칸올, [68-49] 팔미토일트라이펩타이드-5아미도프로필아스코빌포스페이트에이치씨엘, [68-50] 스피룰리나플라텐시스추출물, [68-51] 모자반추출물, [68-52] 피이지-5레이프씨드스테롤, [68-53] 자이언트켈프추출물, [68-54] 다시마추출물, [68-55] 하이드롤라이즈드콜라겐, [68-56] 하이드로제네이티드레시틴, [68-57] 납작파래추출물, [68-58] 콜레스테롤, [68-59] 유채스테롤, [68-60] 조류추출물, [68-61] 아데노신, [68-62] 세테스-5, [68-63] 세테스-3, [68-64] 소듐스테아로일글루타메이트, [68-65] 펜타에리스리틸테트라-다이-t-부틸하이드록시하이드로신나메이트, [68-66] 카프릴릴글라이콜, [68-67] 다이소듐이디티에이, [68-68] 향료"
"A000000259759","비오템옴므 티쀼르 어드밴스드 젤 50ml (온)","비오템","50.0","50.0","ml","85000.0","70550","14110.0","정제수 글리세린 나이아신아마이드 변성알코올 세테아릴아이소노나노에이트 소듐카보머 락틱애씨드 살리실릭애씨드 소듐하이드록사이드 카프릴릴글라이콜 실리카실릴레이트 다이포타슘글리시리제이트 향료 잔탄검 폴리글리세릴-2아이소스테아레이트 징크피씨에이 트라이소듐에틸렌다이아민다이석시네이트 말토덱스트린 실리카 사코신 바이오사카라이드검-1 비트레오스실라발효물 청색1호","","[23-1] 정제수, [23-2] 글리세린, [23-3] 나이아신아마이드, [23-4] 변성알코올, [23-5] 세테아릴아이소노나노에이트, [23-6] 소듐카보머, [23-7] 락틱애씨드, [23-8] 살리실릭애씨드, [23-9] 소듐하이드록사이드, [23-10] 카프릴릴글라이콜, [23-11] 실리카실릴레이트, [23-12] 다이포타슘글리시리제이트, [23-13] 향료, [23-14] 잔탄검, [23-15] 폴리글리세릴-2아이소스테아레이트, [23-16] 징크피씨에이, [23-17] 트라이소듐에틸렌다이아민다이석시네이트, [23-18] 말토덱스트린, [23-19] 실리카, [23-20] 사코신, [23-21] 바이오사카라이드검-1, [23-22] 비트레오스실라발효물, [23-23] 청색1호"
"A000000259898","우르오스 올인원 스킨브리지로션 120ml","우르오스","120.0","120.0","ml","25000.0","22500","1875.0","정제수, 에탄올, 트라넥사믹애씨드, 글리세린, 비스-에톡시다이글라이콜사이클로헥산1,4-다이카복실레이트, 아데노신포스페이트, 부틸렌글라이콜, 펜틸렌글라이콜, 트로메타민, 피이지-50하이드로제네이티드캐스터오일, 펜타소듐트라이포스페이트, 페녹시에탄올, 멘톨, 레몬껍질오일, 당귤껍질오일, 라임전초오일, 연필향나무오일, 라반딘오일, 스타아니스열매/씨오일, 로즈마리잎오일, 페퍼민트오일, 리모넨","","[23-1] 정제수, [23-2] 에탄올, [23-3] 트라넥사믹애씨드, [23-4] 글리세린, [23-5] 비스-에톡시다이글라이콜사이클로헥산1, [23-6] 4-다이카복실레이트, [23-7] 아데노신포스페이트, [23-8] 부틸렌글라이콜, [23-9] 펜틸렌글라이콜, [23-10] 트로메타민, [23-11] 피이지-50하이드로제네이티드캐스터오일, [23-12] 펜타소듐트라이포스페이트, [23-13] 페녹시에탄올, [23-14] 멘톨, [23-15] 레몬껍질오일, [23-16] 당귤껍질오일, [23-17] 라임전초오일, [23-18] 연필향나무오일, [23-19] 라반딘오일, [23-20] 스타아니스열매/씨오일, [23-21] 로즈마리잎오일, [23-22] 페퍼민트오일, [23-23] 리모넨"
"A000000260445","알파루틴 이지컨트롤 올인원 200ml","알파루틴","200.0","200.0","ml","","35000","1750.0","정제수, 글리세린, 부틸렌글라이콜, 세틸에틸헥사노에이트, 나이아신아마이드, 카프릴릭/카프릭트라이글리세라이드, 1,2-헥산다이올, 세테아릴알코올, 세테아릴올리베이트, C14-22알코올, 비닐다이메티콘, 솔비탄올리베이트, 카보머, 하이드록시아세토페논, 프로판다이올, 알지닌, C12-20알킬글루코사이드, 에틸헥실글리세린, 향료, 아데노신, 다이소듐이디티에이, 하이드롤라이즈드치자추출물, 하이드롤라이즈드맥아추출물, 하이드롤라이즈드삼색제비꽃추출물, 아틀라스시다나무껍질오일, 덱스트린, 하이알루로닉애씨드, 하이드롤라이즈드하이알루로닉애씨드, 소듐하이알루로네이트, 치자추출물, 하이드롤라이즈드콜라겐","","[31-1] 정제수, [31-2] 글리세린, [31-3] 부틸렌글라이콜, [31-4] 세틸에틸헥사노에이트, [31-5] 나이아신아마이드, [31-6] 카프릴릭/카프릭트라이글리세라이드, [31-7] 1,2-헥산다이올, [31-8] 세테아릴알코올, [31-9] 세테아릴올리베이트, [31-10] C14-22알코올, [31-11] 비닐다이메티콘, [31-12] 솔비탄올리베이트, [31-13] 카보머, [31-14] 하이드록시아세토페논, [31-15] 프로판다이올, [31-16] 알지닌, [31-17] C12-20알킬글루코사이드, [31-18] 에틸헥실글리세린, [31-19] 향료, [31-20] 아데노신, [31-21] 다이소듐이디티에이, [31-22] 하이드롤라이즈드치자추출물, [31-23] 하이드롤라이즈드맥아추출물, [31-24] 하이드롤라이즈드삼색제비꽃추출물, [31-25] 아틀라스시다나무껍질오일, [31-26] 덱스트린, [31-27] 하이알루로닉애씨드, [31-28] 하이드롤라이즈드하이알루로닉애씨드, [31-29] 소듐하이알루로네이트, [31-30] 치자추출물, [31-31] 하이드롤라이즈드콜라겐"
"A000000261999","AHC 프로샷 온리포맨 안티에이징 버블 올인원 에센스 100ml","AHC","100.0","100.0","ml","","26900","2690.0","정제수, 부틸렌글라이콜, 세틸에틸헥사노에이트, 나이아신아마이
드, 다이프로필렌글라이콜, 글리세린, 피이지-8, 판테놀, 다이메티
콘, 다이페닐실록시페닐트라이메티콘, 하이드록시아세토페논, 트
로메타민, 하이드로제네이티드레시틴, 아크릴레이트/C􏚲􏚱-􏚴􏚱알킬
아크릴레이트크로스폴리머, 폴리글리세릴-10라우레이트, 폴리글
리세릴-10미리스테이트, 카프릴릴글라이콜, 암모늄폴리아크릴로
일다이메틸타우레이트, 향료, 카프릴릭/카프릭트라이글리세라이
드, 레시틴, 하이드롤라이즈드호호바에스터, 스테아릴헵타노에이
트, 에틸헥실글리세린, 알란토인, 1,2-헥산다이올, 아데노신, 다이
소듐이디티에이, 글리세릴아크릴레이트/아크릴릭애씨드코폴리
머, 카보머, 폴리글리세릴-3코코에이트, 폴리글리세릴-6카프릴레
이트, 세라마이드엔피, 피브이엠/엠에이코폴리머, 폴리글리세릴-4
카프레이트, 폴리글리세릴-6리시놀리에이트, 다이아이소프로필아
디페이트, 알지닌, 백미꽃추출물, 마카다미아씨오일, 펜틸렌글라이
콜, 레티놀, 접시꽃추출물, 콜라겐, 하이드록시피나콜론레티노에이
트, 토코페롤, 유채스테롤, 콜레스테롤, 피토스테릴/베헤닐/옥틸도
데실라우로일글루타메이트, 토코페릴아세테이트, 알루미늄/마그
네슘하이드록사이드스테아레이트, 펜타에리스리틸테트라-다이-t
-부틸하이드록시하이드로신나메이트, 포타슘세틸포스페이트, 올
리고펩타이드-1, 베타-알라닐하이드록시프롤릴다이아미노부티로
일벤질아마이드, 다이에틸헥실시링질리덴말로네이트, 헥사펩타이
드-11, 아세틸테트라펩타이드-9, 트리스(테트라메틸하이드록시피
페리딘올)시트레이트, 세테아릴올리베이트, 에틸헥실올리베이트,
솔비탄올리베이트, 소듐아크릴레이트코폴리머, 폴리글리세릴-4
올리에이트, 콜라겐추출물
*분사제 : 이산화탄소","","[65-1] 정제수, [65-2] 부틸렌글라이콜, [65-3] 세틸에틸헥사노에이트, [65-4] 드, [65-5] 다이프로필렌글라이콜, [65-6] 글리세린, [65-7] 피이지-8, [65-8] 판테놀, [65-9] 콘, [65-10] 다이페닐실록시페닐트라이메티콘, [65-11] 하이드록시아세토페논, [65-12] 로메타민, [65-13] 하이드로제네이티드레시틴, [65-14] 아크릴레이트크로스폴리머, [65-15] 폴리글리세릴-10라우레이트, [65-16] 리세릴-10미리스테이트, [65-17] 카프릴릴글라이콜, [65-18] 일다이메틸타우레이트, [65-19] 향료, [65-20] 드, [65-21] 레시틴, [65-22] 하이드롤라이즈드호호바에스터, [65-23] 트, [65-24] 에틸헥실글리세린, [65-25] 알란토인, [65-26] 1,2-헥산다이올, [65-27] 아데노신, [65-28] 소듐이디티에이, [65-29] 머, [65-30] 카보머, [65-31] 폴리글리세릴-3코코에이트, [65-32] 이트, [65-33] 세라마이드엔피, [65-34] 피브이엠/엠에이코폴리머, [65-35] 카프레이트, [65-36] 폴리글리세릴-6리시놀리에이트, [65-37] 디페이트, [65-38] 알지닌, [65-39] 백미꽃추출물, [65-40] 마카다미아씨오일, [65-41] 콜, [65-42] 레티놀, [65-43] 접시꽃추출물, [65-44] 콜라겐, [65-45] 트, [65-46] 토코페롤, [65-47] 유채스테롤, [65-48] 콜레스테롤, [65-49] 데실라우로일글루타메이트, [65-50] 토코페릴아세테이트, [65-51] 네슘하이드록사이드스테아레이트, [65-52] -부틸하이드록시하이드로신나메이트, [65-53] 포타슘세틸포스페이트, [65-54] 리고펩타이드-1, [65-55] 일벤질아마이드, [65-56] 다이에틸헥실시링질리덴말로네이트, [65-57] 드-11, [65-58] 아세틸테트라펩타이드-9, [65-59] 페리딘올)시트레이트, [65-60] 세테아릴올리베이트, [65-61] 에틸헥실올리베이트, [65-62] 솔비탄올리베이트, [65-63] 소듐아크릴레이트코폴리머, [65-64] 올리에이트, [65-65] 이산화탄소"
"B000000184084","[대용량]닥터방기원 시카마이드 블레미쉬 카밍 올인원 300ml","닥터방기원","300.0","300.0","ml","","17900","596.7","정제수, 글리세린, 다이메티콘, 나이아신아마이드, 판테놀, 소듐아크릴레이트/소듐아크릴로일다이메틸타우레이트코폴리머, 부틸렌글라이콜, 비피다발효용해물, 병풀추출물(20ppm), 락토바이오닉애씨드, 마데카소사이드(1ppm), 다이포타슘글리시리제이트, 소듐하이알루로네이트, 하이드로제네이티드레시틴, 세라마이드엔피(10ppm), 아크릴레이트/C10-30알킬아크릴레이트크로스폴리머, 카프릴릴글라이콜, 세테아릴올리베이트, 아이소헥사데칸, 하이드록시아세토페논, 펜틸렌글라이콜, 솔비탄올리에이트, 트로메타민, 트레할로오스, 알란토인, 세틸에틸헥사노에이트, 폴리솔베이트80, 아데노신, 다이소듐이디티에이, 옥틸도데칸올, 1,2-헥산다이올","","[31-1] 정제수, [31-2] 글리세린, [31-3] 다이메티콘, [31-4] 나이아신아마이드, [31-5] 판테놀, [31-6] 소듐아크릴레이트/소듐아크릴로일다이메틸타우레이트코폴리머, [31-7] 부틸렌글라이콜, [31-8] 비피다발효용해물, [31-9] 병풀추출물(20ppm), [31-10] 락토바이오닉애씨드, [31-11] 마데카소사이드(1ppm), [31-12] 다이포타슘글리시리제이트, [31-13] 소듐하이알루로네이트, [31-14] 하이드로제네이티드레시틴, [31-15] 세라마이드엔피(10ppm), [31-16] 아크릴레이트/C10-30알킬아크릴레이트크로스폴리머, [31-17] 카프릴릴글라이콜, [31-18] 세테아릴올리베이트, [31-19] 아이소헥사데칸, [31-20] 하이드록시아세토페논, [31-21] 펜틸렌글라이콜, [31-22] 솔비탄올리에이트, [31-23] 트로메타민, [31-24] 트레할로오스, [31-25] 알란토인, [31-26] 세틸에틸헥사노에이트, [31-27] 폴리솔베이트80, [31-28] 아데노신, [31-29] 다이소듐이디티에이, [31-30] 옥틸도데칸올, [31-31] 1,2-헥산다이올"
"B000000184086","[대용량]닥터방기원 시카마이드 딥 모이스처 밸런싱 올인원 300ml","닥터방기원","300.0","300.0","ml","","17900","596.7","정제수, 글리세린, 다이프로필렌글라이콜, 하이드로제네이티드폴리아이소부텐, 부틸렌글라이콜, 나이아신아마이드, 세틸에틸헥사노에이트, 세테아릴올리베이트, 솔비탄올리베이트, 부틸렌글라이콜다이카프릴레이트/다이카프레이트, 카프릴릭/카프릭트라이글리세라이드, 1,2-헥산다이올, 비피다발효용해물, 락토바이오닉애씨드, 병풀추출물(20ppm), 판테놀, 마데카소사이드(1ppm), 비닐다이메티콘, 카프릴릴글라이콜, 펜틸렌글라이콜, 소듐하이알루로네이트, 알란토인, 하이드록시아세토페논, 트로메타민, 아데노신, 옥틸도데칸올, 세라마이드엔피(10ppm), 암모늄아크릴로일다이메틸타우레이트/브이피코폴리머, 다이포타슘글리시리제이트, 하이드로제네이티드레시틴, 카보머, 다이소듐이디티에이","","[32-1] 정제수, [32-2] 글리세린, [32-3] 다이프로필렌글라이콜, [32-4] 하이드로제네이티드폴리아이소부텐, [32-5] 부틸렌글라이콜, [32-6] 나이아신아마이드, [32-7] 세틸에틸헥사노에이트, [32-8] 세테아릴올리베이트, [32-9] 솔비탄올리베이트, [32-10] 부틸렌글라이콜다이카프릴레이트/다이카프레이트, [32-11] 카프릴릭/카프릭트라이글리세라이드, [32-12] 1,2-헥산다이올, [32-13] 비피다발효용해물, [32-14] 락토바이오닉애씨드, [32-15] 병풀추출물(20ppm), [32-16] 판테놀, [32-17] 마데카소사이드(1ppm), [32-18] 비닐다이메티콘, [32-19] 카프릴릴글라이콜, [32-20] 펜틸렌글라이콜, [32-21] 소듐하이알루로네이트, [32-22] 알란토인, [32-23] 하이드록시아세토페논, [32-24] 트로메타민, [32-25] 아데노신, [32-26] 옥틸도데칸올, [32-27] 세라마이드엔피(10ppm), [32-28] 암모늄아크릴로일다이메틸타우레이트/브이피코폴리머, [32-29] 다이포타슘글리시리제이트, [32-30] 하이드로제네이티드레시틴, [32-31] 카보머, [32-32] 다이소듐이디티에이"
"B000000223871","블랙몬스터 커스텀 올인원 멀티비타","블랙몬스터","","","","29000.0","26100","","정제수,프로판다이올,글리세린,12-산다이올,메도우폼씨오일,나이아신아마이드(20,000ppm),부틸렌글라이콜,판테놀(7.675ppm),세테아릴올리베이트,카프릴릴메티콘,솔비탄올리베이트,소듐폴리아크릴레이트,카프릴릭/카프릭트라이글리세라이드,카보머,글리세레스-26,솔비톨,향료,트로메타민,바이오사카라이드검-1,세라마이드엔피,하이드로제네이티드레시틴,아데노신,쇠비름추출물,다이소듐이디티에이,쑥잎추출물,하이드록시에틸셀룰로오스,하이알루로닉애씨드,하이드롤라이즈드하이알루로닉애씨드,소듐하이알루로네이트,암모늄폴리아크릴로일다이메틸타우레이트,알로에베라잎추출물,녹차추출물,홍삼추출물,에틸헥실글리세린,카프릴릴글라이콜,아스코빅애씨드(0.051ppm),토코페롤(0.047ppm),레티닐팔미테이트(0.044ppm),리보플라빈(0.044ppm),판토테닉애씨드(0.043ppm),나이아신(0.042ppm),폴릭애씨드(0.041ppm),티아민에이치씨엘(0.039ppm),카르니틴에이치씨엘(0.035ppm),바이오틴(0.031ppm),망가니즈설페이트,마그네슘설페이트","","[48-1] 정제수, [48-2] 프로판다이올, [48-3] 글리세린, [48-4] 12-산다이올, [48-5] 메도우폼씨오일, [48-6] 나이아신아마이드(20, [48-7] 000ppm), [48-8] 부틸렌글라이콜, [48-9] 판테놀(7.675ppm), [48-10] 세테아릴올리베이트, [48-11] 카프릴릴메티콘, [48-12] 솔비탄올리베이트, [48-13] 소듐폴리아크릴레이트, [48-14] 카프릴릭/카프릭트라이글리세라이드, [48-15] 카보머, [48-16] 글리세레스-26, [48-17] 솔비톨, [48-18] 향료, [48-19] 트로메타민, [48-20] 바이오사카라이드검-1, [48-21] 세라마이드엔피, [48-22] 하이드로제네이티드레시틴, [48-23] 아데노신, [48-24] 쇠비름추출물, [48-25] 다이소듐이디티에이, [48-26] 쑥잎추출물, [48-27] 하이드록시에틸셀룰로오스, [48-28] 하이알루로닉애씨드, [48-29] 하이드롤라이즈드하이알루로닉애씨드, [48-30] 소듐하이알루로네이트, [48-31] 암모늄폴리아크릴로일다이메틸타우레이트, [48-32] 알로에베라잎추출물, [48-33] 녹차추출물, [48-34] 홍삼추출물, [48-35] 에틸헥실글리세린, [48-36] 카프릴릴글라이콜, [48-37] 아스코빅애씨드(0.051ppm), [48-38] 토코페롤(0.047ppm), [48-39] 레티닐팔미테이트(0.044ppm), [48-40] 리보플라빈(0.044ppm), [48-41] 판토테닉애씨드(0.043ppm), [48-42] 나이아신(0.042ppm), [48-43] 폴릭애씨드(0.041ppm), [48-44] 티아민에이치씨엘(0.039ppm), [48-45] 카르니틴에이치씨엘(0.035ppm), [48-46] 바이오틴(0.031ppm), [48-47] 망가니즈설페이트, [48-48] 마그네슘설페이트"
"B000000223873","블랙몬스터 화이트 올인원 더블 세럼","블랙몬스터","","","","29000.0","26100","","[전성분-화이트 세럼] 정제수, 프로판다이올, 글리세린, 1,2-헥산 다이올, 나이아신아마이드, 부틸렌글라이콜, 다이 프로필렌글라이콜, 메틸프로판다이올, 에틸헥실 팔미테이트, 글리세레스-25피씨에이아이소스테 아레이트, 카보머, 세틸에틸헥사노에이트, 트로메 타민, 폴리글리세릴-10올리에이트, 향료, 유칼립 투스잎추출물, 에틸헥실글리세린, 하이드로제네 이티드레시틴, 다이소듐이디티에이, 소듐하이알 루로네이트, 하이알루로닉애씨드, 하이드롤라이 즈드하이알루로닉애씨드, 판테놀, 아틀라스시다 나무껍질오일, 3-0-에틸아스코빅애씨드, 바이오틴, 글루타티온, 말토덱스트린, 토코페롤, 해바라기씨 오일, 하이드록시프로필트라이모늄하이알루로 네이트, 하이드롤라이즈드소듐하이알루로네이트, 포타슘하이알루로네이트, 소듐하이알루로네이트 크로스폴리머, 소듐시트레이트, 펜틸렌글라이콜,  시트릭애씨드, 소듐아세틸레이티드하이알루로  네이트, 사이아노코발아민
[전성분-워터세럼) 정제수, 부틸렌글라이콜, 프로 판다이올, 1,2-헥산다이올, 변성알코올, 나이아신 아마이드, 글리세린, 카보머, 글리세레스-25피씨 에이아이소스테아레이트, 트로메타민, 향료, 유칼 립투스잎추출물, 에틸헥실글리세린, 다이소듐이디 티에이, 소듐하이알루로네이트, 하이알루로닉애 씨드, 하이드롤라이즈드하이알루로닉애씨드, 판 테놀, 아틀라스시다나무껍질오일, 3-0-에틸아스 코빅애씨드, 바이오틴, 글루타티온, 말토덱스트린, 토코페롤, 해바라기씨오일, 하이드록시프로필트 라이모늄하이알루로네이트, 하이드롤라이즈드소 듐하이알루로네이트, 포타슘하이알루로네이트, 소 듐하이알루로네이트크로스폴리머, 소듐시트레이트, 펜틸렌글라이콜, 시트릭애씨드, 소듐아세틸레이 티드하이알루로네이트, 사이아노코발아민","","[72-1] 정제수, [72-2] 프로판다이올, [72-3] 글리세린, [72-4] 1,2-헥산 다이올, [72-5] 나이아신아마이드, [72-6] 부틸렌글라이콜, [72-7] 다이 프로필렌글라이콜, [72-8] 메틸프로판다이올, [72-9] 에틸헥실 팔미테이트, [72-10] 글리세레스-25피씨에이아이소스테 아레이트, [72-11] 카보머, [72-12] 세틸에틸헥사노에이트, [72-13] 트로메 타민, [72-14] 폴리글리세릴-10올리에이트, [72-15] 향료, [72-16] 유칼립 투스잎추출물, [72-17] 에틸헥실글리세린, [72-18] 하이드로제네 이티드레시틴, [72-19] 다이소듐이디티에이, [72-20] 소듐하이알 루로네이트, [72-21] 하이알루로닉애씨드, [72-22] 하이드롤라이 즈드하이알루로닉애씨드, [72-23] 판테놀, [72-24] 아틀라스시다 나무껍질오일, [72-25] 3-0-에틸아스코빅애씨드, [72-26] 바이오틴, [72-27] 글루타티온, [72-28] 말토덱스트린, [72-29] 토코페롤, [72-30] 해바라기씨 오일, [72-31] 하이드록시프로필트라이모늄하이알루로 네이트, [72-32] 하이드롤라이즈드소듐하이알루로네이트, [72-33] 포타슘하이알루로네이트, [72-34] 소듐하이알루로네이트 크로스폴리머, [72-35] 소듐시트레이트, [72-36] 펜틸렌글라이콜, [72-37] 시트릭애씨드, [72-38] 소듐아세틸레이티드하이알루로  네이트, [72-39] [전성분-워터세럼) 정제수, [72-40] 부틸렌글라이콜, [72-41] 프로 판다이올, [72-42] 1,2-헥산다이올, [72-43] 변성알코올, [72-44] 나이아신 아마이드, [72-45] 글리세린, [72-46] 카보머, [72-47] 글리세레스-25피씨 에이아이소스테아레이트, [72-48] 트로메타민, [72-49] 향료, [72-50] 유칼 립투스잎추출물, [72-51] 에틸헥실글리세린, [72-52] 다이소듐이디 티에이, [72-53] 소듐하이알루로네이트, [72-54] 하이알루로닉애 씨드, [72-55] 하이드롤라이즈드하이알루로닉애씨드, [72-56] 판 테놀, [72-57] 아틀라스시다나무껍질오일, [72-58] 3-0-에틸아스 코빅애씨드, [72-59] 바이오틴, [72-60] 글루타티온, [72-61] 말토덱스트린, [72-62] 토코페롤, [72-63] 해바라기씨오일, [72-64] 하이드록시프로필트 라이모늄하이알루로네이트, [72-65] 하이드롤라이즈드소 듐하이알루로네이트, [72-66] 포타슘하이알루로네이트, [72-67] 소 듐하이알루로네이트크로스폴리머, [72-68] 소듐시트레이트, [72-69] 펜틸렌글라이콜, [72-70] 시트릭애씨드, [72-71] 소듐아세틸레이 티드하이알루로네이트, [72-72] 사이아노코발아민"
"B000000232976","블랙몬스터 올인원 올데이 보습 올인원","블랙몬스터","","","","12000.0","10800","","정제수, 프로판다이올, 글리세린, 1,2-헥산다이올, 메도우폼씨오일, 나이아신아마이드, 부틸렌글라이콜, 판테놀, 세테아릴올리베이트, 카프릴릴메티콘, 소듐폴리아크릴레이트, 솔비탄올리베이트, 카프릴릭/카프릭트라이글리세라이드, 카보머, 글리세레스-26, 솔비톨, 향료, 트로메타민, 바이오사카라이드검-1, 세라마이드엔피, 하이드로제네이티드레시틴, 에틸헥실글리세린, 아데노신, 다이프로필렌글라이콜, 다이소듐이디티에이, 하이드록시에틸셀룰로오스, 소듐하이알루로네이트, 하이드롤라이즈드하이알루로닉애씨드, 하이알루로닉애씨드, 쇠비름추출물, 폴리글리세릴-10올리에이트, 암모늄폴리아크릴로일다이메틸타우레이트, 아시아티코사이드, 마데카식애씨드, 쑥잎추출물, 아시아틱애씨드, 알로에베라잎추출물, 녹차추출물, 홍삼추출물, 하이드록시프로필트라이모늄하이알루로네이트, 카프릴릴글라이콜, 소듐아세틸레이티드하이알루로네이트, 아스코빅애씨드, 토코페롤, 레티닐팔미테이트, 리보플라빈, 판토테닉애씨드, 나이아신, 폴릭애씨드, 티아민에이치씨엘, 카르니틴에이치씨엘, 바이오틴, 마그네슘설페이트, 망가니즈설페이트, 하이드롤라이즈드소듐하이알루로네이트, 소듐하이알루로네이트크로스폴리머, 포타슘하이알루로네이트","","[57-1] 정제수, [57-2] 프로판다이올, [57-3] 글리세린, [57-4] 1,2-헥산다이올, [57-5] 메도우폼씨오일, [57-6] 나이아신아마이드, [57-7] 부틸렌글라이콜, [57-8] 판테놀, [57-9] 세테아릴올리베이트, [57-10] 카프릴릴메티콘, [57-11] 소듐폴리아크릴레이트, [57-12] 솔비탄올리베이트, [57-13] 카프릴릭/카프릭트라이글리세라이드, [57-14] 카보머, [57-15] 글리세레스-26, [57-16] 솔비톨, [57-17] 향료, [57-18] 트로메타민, [57-19] 바이오사카라이드검-1, [57-20] 세라마이드엔피, [57-21] 하이드로제네이티드레시틴, [57-22] 에틸헥실글리세린, [57-23] 아데노신, [57-24] 다이프로필렌글라이콜, [57-25] 다이소듐이디티에이, [57-26] 하이드록시에틸셀룰로오스, [57-27] 소듐하이알루로네이트, [57-28] 하이드롤라이즈드하이알루로닉애씨드, [57-29] 하이알루로닉애씨드, [57-30] 쇠비름추출물, [57-31] 폴리글리세릴-10올리에이트, [57-32] 암모늄폴리아크릴로일다이메틸타우레이트, [57-33] 아시아티코사이드, [57-34] 마데카식애씨드, [57-35] 쑥잎추출물, [57-36] 아시아틱애씨드, [57-37] 알로에베라잎추출물, [57-38] 녹차추출물, [57-39] 홍삼추출물, [57-40] 하이드록시프로필트라이모늄하이알루로네이트, [57-41] 카프릴릴글라이콜, [57-42] 소듐아세틸레이티드하이알루로네이트, [57-43] 아스코빅애씨드, [57-44] 토코페롤, [57-45] 레티닐팔미테이트, [57-46] 리보플라빈, [57-47] 판토테닉애씨드, [57-48] 나이아신, [57-49] 폴릭애씨드, [57-50] 티아민에이치씨엘, [57-51] 카르니틴에이치씨엘, [57-52] 바이오틴, [57-53] 마그네슘설페이트, [57-54] 망가니즈설페이트, [57-55] 하이드롤라이즈드소듐하이알루로네이트, [57-56] 소듐하이알루로네이트크로스폴리머, [57-57] 포타슘하이알루로네이트"
"A000000176899","무슈제이 베이직 아쿠아 보습 올인원 1+1 기획(200ml+200ml)","무슈제이","200.0","400.0","ml","24900.0","23900","597.5","정제수, 부틸렌글라이콜, 글리세린, 나이아신아마이드, 부틸렌글라이콜다이카프릴레이트/다이카프레이트, 스쿠알란, 아데노신, 판테놀, 병풀추출물, 편백잎추출물, 아세틸헥사펩타이드-8, 황금추출물, 호장근뿌리추출물, 스페인감초뿌리추출물, 소듐하이알루로네이트, 녹차추출물, 다이포타슘글리시리제이트, 하이드로제네이티드레시틴, 포스파티딜콜린, 로즈마리잎추출물, 마트리카리아꽃추출물, 카프릴릴글라이콜, 세라마이드엔피, 다이메티콘, 아이소헥사데칸, 하이드록시에틸아크릴레이트/소듐아크릴로일다이메틸타우레이트코폴리머, 아크릴레이트/C10-30알킬아크릴레이트크로스폴리머, 트로메타민, 에틸헥실글리세린, 폴리솔베이트60, 토코페릴아세테이트, 다이소듐이디티에이, 솔비탄아이소스테아레이트, 1,2-헥산다이올, 페녹시에탄올, 향료","","[36-1] 정제수, [36-2] 부틸렌글라이콜, [36-3] 글리세린, [36-4] 나이아신아마이드, [36-5] 부틸렌글라이콜다이카프릴레이트/다이카프레이트, [36-6] 스쿠알란, [36-7] 아데노신, [36-8] 판테놀, [36-9] 병풀추출물, [36-10] 편백잎추출물, [36-11] 아세틸헥사펩타이드-8, [36-12] 황금추출물, [36-13] 호장근뿌리추출물, [36-14] 스페인감초뿌리추출물, [36-15] 소듐하이알루로네이트, [36-16] 녹차추출물, [36-17] 다이포타슘글리시리제이트, [36-18] 하이드로제네이티드레시틴, [36-19] 포스파티딜콜린, [36-20] 로즈마리잎추출물, [36-21] 마트리카리아꽃추출물, [36-22] 카프릴릴글라이콜, [36-23] 세라마이드엔피, [36-24] 다이메티콘, [36-25] 아이소헥사데칸, [36-26] 하이드록시에틸아크릴레이트/소듐아크릴로일다이메틸타우레이트코폴리머, [36-27] 아크릴레이트/C10-30알킬아크릴레이트크로스폴리머, [36-28] 트로메타민, [36-29] 에틸헥실글리세린, [36-30] 폴리솔베이트60, [36-31] 토코페릴아세테이트, [36-32] 다이소듐이디티에이, [36-33] 솔비탄아이소스테아레이트, [36-34] 1,2-헥산다이올, [36-35] 페녹시에탄올, [36-36] 향료"
"A000000011088","엠도씨 세붐 스트라이크 세럼 100ml","엠도씨","100.0","100.0","ml","20000.0","17000","1700.0","정제수,사이클로메티콘,부틸렌글라이콜,다이메티콘,펜틸렌글라이콜,카바카바잎/뿌리/줄기추출물,녹차추출물,라임추출물,쇠비름추출물,칡뿌리추출물,스페인감초뿌리추출물,작약뿌리추출물,천궁뿌리추출물,병풀추출물,참당귀추출물,당근추출물,당느릅나무뿌리추출물,들깨잎추출물,보리지추출물,사탕무뿌리추출물,줄맨드라미씨추출물,캐모마일꽃추출물,포트마리골드꽃추출물,레몬밤꽃/잎/줄기수,버지니아풍년화꽃수,수용성콜라겐,알로에베라잎즙,하이드로제네이티드레시틴,소듐하이알루로네이트,소듐폴리아크릴레이트,다이메티콘/비닐다이메티콘크로스폴리머,베타인,다이포타슘글리시리제이트,테트라소듐이디티에이,잔탄검,피피지-26-부테스-26,피이지-40하이드로제네이티드캐스터오일,피이지-10다이메티콘,향료,페녹시에탄올,에틸헥실글리세린,1,2-헥산다이올,리날룰,리모넨","","[44-1] 정제수, [44-2] 사이클로메티콘, [44-3] 부틸렌글라이콜, [44-4] 다이메티콘, [44-5] 펜틸렌글라이콜, [44-6] 카바카바잎/뿌리/줄기추출물, [44-7] 녹차추출물, [44-8] 라임추출물, [44-9] 쇠비름추출물, [44-10] 칡뿌리추출물, [44-11] 스페인감초뿌리추출물, [44-12] 작약뿌리추출물, [44-13] 천궁뿌리추출물, [44-14] 병풀추출물, [44-15] 참당귀추출물, [44-16] 당근추출물, [44-17] 당느릅나무뿌리추출물, [44-18] 들깨잎추출물, [44-19] 보리지추출물, [44-20] 사탕무뿌리추출물, [44-21] 줄맨드라미씨추출물, [44-22] 캐모마일꽃추출물, [44-23] 포트마리골드꽃추출물, [44-24] 레몬밤꽃/잎/줄기수, [44-25] 버지니아풍년화꽃수, [44-26] 수용성콜라겐, [44-27] 알로에베라잎즙, [44-28] 하이드로제네이티드레시틴, [44-29] 소듐하이알루로네이트, [44-30] 소듐폴리아크릴레이트, [44-31] 다이메티콘/비닐다이메티콘크로스폴리머, [44-32] 베타인, [44-33] 다이포타슘글리시리제이트, [44-34] 테트라소듐이디티에이, [44-35] 잔탄검, [44-36] 피피지-26-부테스-26, [44-37] 피이지-40하이드로제네이티드캐스터오일, [44-38] 피이지-10다이메티콘, [44-39] 향료, [44-40] 페녹시에탄올, [44-41] 에틸헥실글리세린, [44-42] 1,2-헥산다이올, [44-43] 리날룰, [44-44] 리모넨"
"A000000016749","라끄베르 옴므 리차지 에멀전 180ml","라끄베르","180.0","180.0","ml","","16000","888.9","정제수, 사이클로펜타실록세인, 변성알코올, 다이프로필렌글라이콜, 글리세린, 트라이에틸헥사노인, 다이메티콘/비닐다이메티콘크로스폴리머, 1,2-헥산다이올, 글리세릴스테아레이트, 피이지-40스테아레이트, 베타인, 판테놀, 아크릴레이트/C10-30알킬아크릴레이트크로스폴리머, 트라이에탄올아민, 부틸렌글라이콜, 다이메티콘, 세테아릴알코올, 메틸파라벤, 에틸파라벤, 트라이소듐이디티에이, 잔탄검, 쇠비름추출물, 마카뿌리추출물, 솔비톨, 조류추출물, 보검선인장추출물, 페녹시에탄올, 포타슘솔베이트, 향료, 리날룰, 리모넨, 벤질벤조에이트, 알파-아이소메틸아이오논","","[33-1] 정제수, [33-2] 사이클로펜타실록세인, [33-3] 변성알코올, [33-4] 다이프로필렌글라이콜, [33-5] 글리세린, [33-6] 트라이에틸헥사노인, [33-7] 다이메티콘/비닐다이메티콘크로스폴리머, [33-8] 1,2-헥산다이올, [33-9] 글리세릴스테아레이트, [33-10] 피이지-40스테아레이트, [33-11] 베타인, [33-12] 판테놀, [33-13] 아크릴레이트/C10-30알킬아크릴레이트크로스폴리머, [33-14] 트라이에탄올아민, [33-15] 부틸렌글라이콜, [33-16] 다이메티콘, [33-17] 세테아릴알코올, [33-18] 메틸파라벤, [33-19] 에틸파라벤, [33-20] 트라이소듐이디티에이, [33-21] 잔탄검, [33-22] 쇠비름추출물, [33-23] 마카뿌리추출물, [33-24] 솔비톨, [33-25] 조류추출물, [33-26] 보검선인장추출물, [33-27] 페녹시에탄올, [33-28] 포타슘솔베이트, [33-29] 향료, [33-30] 리날룰, [33-31] 리모넨, [33-32] 벤질벤조에이트, [33-33] 알파-아이소메틸아이오논"
"A000000107837","미프 모이스처 올인원 리필 기획세트 200ml+150ml","미프","200.0","350.0","ml","","34000","971.4","정제수, 글리세린, 메칠프로판디올, 하이드로제네이티드폴리(C6-14올레핀), 나이아신아마이드, 트리에칠헥사노인, 소르비탄스테아레이트, 세틸알코올, 참마뿌리추출물, 카바잎/뿌리/줄기추출물, 상황버섯추출물, 우엉추출물, 오레가노잎추출물, 트루로즈오브예리코추출물, 편백나무잎추출물, 화이트윌로우껍질추출물, 갈조추출물, 락토바실러스/콩발효추출물, 마치현추출물, 육계추출물, 황금추출물, 플랑크톤추출물, 하이드로제네이티드레시틴, 소듐하이알루로네이트, 스테아릭애씨드, 폴리소르베이트60, 디메치콘, 트로메타민, 카보머, 글리세릴스테아레이트, 피이지-100스테아레이트, 베타인, 슈크로오스코코에이트, 폴리쿼터늄-51, 글라이코실트레할로스, 아데노신, 하이드로제네이티드스타치하이드롤리세이트, 디소듐이디티에이, 라피노오스, 바이오사카라이드검-1, 레시틴, 카르노신, 부틸렌글라이콜, 류코노스톡/무발효여과물, 알지닌페룰레이트, 향료, 1,2-헥산디올, 페녹시에탄올, 에칠헥실글리세린","","[49-1] 정제수, [49-2] 글리세린, [49-3] 메칠프로판디올, [49-4] 하이드로제네이티드폴리(C6-14올레핀), [49-5] 나이아신아마이드, [49-6] 트리에칠헥사노인, [49-7] 소르비탄스테아레이트, [49-8] 세틸알코올, [49-9] 참마뿌리추출물, [49-10] 카바잎/뿌리/줄기추출물, [49-11] 상황버섯추출물, [49-12] 우엉추출물, [49-13] 오레가노잎추출물, [49-14] 트루로즈오브예리코추출물, [49-15] 편백나무잎추출물, [49-16] 화이트윌로우껍질추출물, [49-17] 갈조추출물, [49-18] 락토바실러스/콩발효추출물, [49-19] 마치현추출물, [49-20] 육계추출물, [49-21] 황금추출물, [49-22] 플랑크톤추출물, [49-23] 하이드로제네이티드레시틴, [49-24] 소듐하이알루로네이트, [49-25] 스테아릭애씨드, [49-26] 폴리소르베이트60, [49-27] 디메치콘, [49-28] 트로메타민, [49-29] 카보머, [49-30] 글리세릴스테아레이트, [49-31] 피이지-100스테아레이트, [49-32] 베타인, [49-33] 슈크로오스코코에이트, [49-34] 폴리쿼터늄-51, [49-35] 글라이코실트레할로스, [49-36] 아데노신, [49-37] 하이드로제네이티드스타치하이드롤리세이트, [49-38] 디소듐이디티에이, [49-39] 라피노오스, [49-40] 바이오사카라이드검-1, [49-41] 레시틴, [49-42] 카르노신, [49-43] 부틸렌글라이콜, [49-44] 류코노스톡/무발효여과물, [49-45] 알지닌페룰레이트, [49-46] 향료, [49-47] 1,2-헥산디올, [49-48] 페녹시에탄올, [49-49] 에칠헥실글리세린"
"A000000137386","[피지저격/진정케어] 아크네스 포맨 퍼펙트 올인원 200ml","아크네스","200.0","200.0","ml","","27000","1350.0","정제수, 작약나무껍질/수액추출물, 메틸프로판다이올, 사이클로펜타실록세인, 1,2-헥산다이올, 글리세린, 나이아신아마이드, 에틸헥실스테아레이트, 세테아릴알코올, 폴리솔베이트60, 다시마추출물, 한련초잎추출물, 병풀추출물, 무화과추출물, 올레라케아아크멜라추출물, 프랑스해안송껍질/싹추출물, 당느릅나무뿌리추출물, 줄맨드라미씨추출물, 삼나무잎추출물, 연꽃잎추출물, 프랑스해안송껍질추출물, 오렌지껍질오일, 하이드로제네이티드레시틴, 팔마로사오일, 다마스크장미꽃오일, 글리세릴스테아레이트, 다이메티콘, 솔비탄스테아레이트, 실리카, 부틸렌글라이콜, 자일리틸글루코사이드, 안하이드로자일리톨, 팔미틱애씨드, 스테아릭애씨드, 하이드로제네이티드코코넛오일, 자일리톨, 카보머, 트로메타민, 하이드로제네이티드팜커넬오일, 토코페릴아세테이트, 아데노신, 글루코오스, 셀룰로오스검, 하이드로제네이티드팜오일, 다이소듐이디티에이, 프룩토올리고사카라이드, 글루코노락톤, 베타-글루칸, 알란토인, 효모발효여과물, 미리스틱애씨드, 하이드롤라이즈드하이알루로닉애씨드, 세라마이드엔피, 마데카소사이드, 에틸헥실글리세린, 리모넨, 제라니올","","[57-1] 정제수, [57-2] 작약나무껍질/수액추출물, [57-3] 메틸프로판다이올, [57-4] 사이클로펜타실록세인, [57-5] 1,2-헥산다이올, [57-6] 글리세린, [57-7] 나이아신아마이드, [57-8] 에틸헥실스테아레이트, [57-9] 세테아릴알코올, [57-10] 폴리솔베이트60, [57-11] 다시마추출물, [57-12] 한련초잎추출물, [57-13] 병풀추출물, [57-14] 무화과추출물, [57-15] 올레라케아아크멜라추출물, [57-16] 프랑스해안송껍질/싹추출물, [57-17] 당느릅나무뿌리추출물, [57-18] 줄맨드라미씨추출물, [57-19] 삼나무잎추출물, [57-20] 연꽃잎추출물, [57-21] 프랑스해안송껍질추출물, [57-22] 오렌지껍질오일, [57-23] 하이드로제네이티드레시틴, [57-24] 팔마로사오일, [57-25] 다마스크장미꽃오일, [57-26] 글리세릴스테아레이트, [57-27] 다이메티콘, [57-28] 솔비탄스테아레이트, [57-29] 실리카, [57-30] 부틸렌글라이콜, [57-31] 자일리틸글루코사이드, [57-32] 안하이드로자일리톨, [57-33] 팔미틱애씨드, [57-34] 스테아릭애씨드, [57-35] 하이드로제네이티드코코넛오일, [57-36] 자일리톨, [57-37] 카보머, [57-38] 트로메타민, [57-39] 하이드로제네이티드팜커넬오일, [57-40] 토코페릴아세테이트, [57-41] 아데노신, [57-42] 글루코오스, [57-43] 셀룰로오스검, [57-44] 하이드로제네이티드팜오일, [57-45] 다이소듐이디티에이, [57-46] 프룩토올리고사카라이드, [57-47] 글루코노락톤, [57-48] 베타-글루칸, [57-49] 알란토인, [57-50] 효모발효여과물, [57-51] 미리스틱애씨드, [57-52] 하이드롤라이즈드하이알루로닉애씨드, [57-53] 세라마이드엔피, [57-54] 마데카소사이드, [57-55] 에틸헥실글리세린, [57-56] 리모넨, [57-57] 제라니올"
"A000000144803","아크웰 리얼 아쿠아 밸런싱 로션 140ml","아크웰","140.0","140.0","ml","25000.0","10000","714.3","정제수, 프로판다이올, 1,2-헥산다이올, 비닐다이메티콘, 세틸에틸헥사노에이트, 부틸렌글라이콜, 세테아릴올리베이트, 카보머, 솔비탄올리베이트, 글리세린, 트로메타민, 에틸헥실글리세린, 송이버섯추출물, 다이소듐이디티에이, 하이드롤라이즈드이집트콩씨추출물, 노랑만병초잎추출물, 하이알루로닉애씨드, 하이드롤라이즈드하이알루로닉애씨드, 소듐하이알루로네이트, 동백나무꽃추출물, 글리세릴글루코사이드, 약모밀추출물, 돌나물추출물, 감초뿌리추출물, 사카라이드아이소머레이트, 시트릭애씨드, 소듐시트레이트","","[27-1] 정제수, [27-2] 프로판다이올, [27-3] 1,2-헥산다이올, [27-4] 비닐다이메티콘, [27-5] 세틸에틸헥사노에이트, [27-6] 부틸렌글라이콜, [27-7] 세테아릴올리베이트, [27-8] 카보머, [27-9] 솔비탄올리베이트, [27-10] 글리세린, [27-11] 트로메타민, [27-12] 에틸헥실글리세린, [27-13] 송이버섯추출물, [27-14] 다이소듐이디티에이, [27-15] 하이드롤라이즈드이집트콩씨추출물, [27-16] 노랑만병초잎추출물, [27-17] 하이알루로닉애씨드, [27-18] 하이드롤라이즈드하이알루로닉애씨드, [27-19] 소듐하이알루로네이트, [27-20] 동백나무꽃추출물, [27-21] 글리세릴글루코사이드, [27-22] 약모밀추출물, [27-23] 돌나물추출물, [27-24] 감초뿌리추출물, [27-25] 사카라이드아이소머레이트, [27-26] 시트릭애씨드, [27-27] 소듐시트레이트"
"A000000147577","미프 시카맥스 올인원 기획 (본품 200ml+리필 150ml)","미프","200.0","350.0","ml","","38000","1085.7","정제수, 부틸렌글라이콜, 글리세린, 스쿠알란, 글리세레스-26, 펜타에리스리틸테트라에틸헥사노에이트, 나이아신아마이드, 폴리글리세릴-3메틸글루코오스다이스테아레이트, 다이프로필렌글라이콜, 하이드롤라이즈드식물성단백질, 소듐하이알루로네이트, 하이알루로닉에씨드, 소듐하이알루로네이트크로스폴리머, 하이드롤라이즈드하이알루로닉애씨드, 하이드롤라이즈드소듐하이알루로네이트, 스페인감초뿌리추출물, 편백수, 알로에베라잎즙, 캐모마일꽃수, 판테놀, 팔미토일펜타펩타이드-4, 알란토인, 병풀추출물(0.0004418%(4.418ppm)), 쇠비름추출물, 마데카소사이드(0.000005% (0.05ppm)), 아시아티코사이드(0.0000001%(0.001ppm), 아시아틱애씨드(0.0000001%(0.001ppm)), 토코페롤, 펜틸렌글라이콜, 에틸헥실올리베이트, 소듐아크릴레이트코폴리머, 폴리글리세릴-4올리에이트, 잔탄검, 치자추출물, 아데노신, 1,2-헥산다이올, 글리세릴아크릴레이트/아크릴릭애씨드코폴리머, 피브이엠/엠에이코폴리머, 다이포타슘글리시리제이트, 말토덱스트린, 다이소듐이디티에이, 덱스트린, 하이드록시아세토페논, 카프릴릴글라이콜, 에틸헥실글리세린, 향료","","[46-1] 정제수, [46-2] 부틸렌글라이콜, [46-3] 글리세린, [46-4] 스쿠알란, [46-5] 글리세레스-26, [46-6] 펜타에리스리틸테트라에틸헥사노에이트, [46-7] 나이아신아마이드, [46-8] 폴리글리세릴-3메틸글루코오스다이스테아레이트, [46-9] 다이프로필렌글라이콜, [46-10] 하이드롤라이즈드식물성단백질, [46-11] 소듐하이알루로네이트, [46-12] 하이알루로닉에씨드, [46-13] 소듐하이알루로네이트크로스폴리머, [46-14] 하이드롤라이즈드하이알루로닉애씨드, [46-15] 하이드롤라이즈드소듐하이알루로네이트, [46-16] 스페인감초뿌리추출물, [46-17] 편백수, [46-18] 알로에베라잎즙, [46-19] 캐모마일꽃수, [46-20] 판테놀, [46-21] 팔미토일펜타펩타이드-4, [46-22] 알란토인, [46-23] 병풀추출물(0.0004418%(4.418ppm)), [46-24] 쇠비름추출물, [46-25] 마데카소사이드(0.000005% (0.05ppm)), [46-26] 아시아티코사이드(0.0000001%(0.001ppm), [46-27] 아시아틱애씨드(0.0000001%(0.001ppm)), [46-28] 토코페롤, [46-29] 펜틸렌글라이콜, [46-30] 에틸헥실올리베이트, [46-31] 소듐아크릴레이트코폴리머, [46-32] 폴리글리세릴-4올리에이트, [46-33] 잔탄검, [46-34] 치자추출물, [46-35] 아데노신, [46-36] 1,2-헥산다이올, [46-37] 글리세릴아크릴레이트/아크릴릭애씨드코폴리머, [46-38] 피브이엠/엠에이코폴리머, [46-39] 다이포타슘글리시리제이트, [46-40] 말토덱스트린, [46-41] 다이소듐이디티에이, [46-42] 덱스트린, [46-43] 하이드록시아세토페논, [46-44] 카프릴릴글라이콜, [46-45] 에틸헥실글리세린, [46-46] 향료"
"A000000148729","[차세대레티놀] 디오디너리 그랜액티브 레티노이드 2% 에멀전 30ml","디오디너리","30.0","30.0","ml","","18400","6133.3","정제수, 글리세린, 카프릴릭/카프릭트라이글리세라이드, 에틸리놀리에이트, 프로판다이올, 다이메틸아이소소바이드, 세테아릴아이소노나노에이트, 비사보롤, 하이드록시피나콜론레티노에이트, 레티놀, 마운틴페퍼열매추출물, 마운틴페퍼잎추출물, 이눌린라우릴카바메이트, 글리세릴스테아레이트, 세테아레스-12, 세테아레스-20, 세테아릴알코올, 카라기난, 잔탄검, 아라비아고무나무검, 세틸팔미테이트, 수크로오스라우레이트, 폴리솔베이트20, 아이소세테스-20, 로즈마리잎추출물, 하이드록시메톡시페닐데카논, 베헨트라이모늄클로라이드, 트라이소듐에틸렌다이아민다이석시네이트, 다이소듐이디티에이, 데하이드로아세틱애씨드, 벤조익애씨드, 에틸헥실글리세린, 페녹시에탄올, 클로페네신","","[34-1] 정제수, [34-2] 글리세린, [34-3] 카프릴릭/카프릭트라이글리세라이드, [34-4] 에틸리놀리에이트, [34-5] 프로판다이올, [34-6] 다이메틸아이소소바이드, [34-7] 세테아릴아이소노나노에이트, [34-8] 비사보롤, [34-9] 하이드록시피나콜론레티노에이트, [34-10] 레티놀, [34-11] 마운틴페퍼열매추출물, [34-12] 마운틴페퍼잎추출물, [34-13] 이눌린라우릴카바메이트, [34-14] 글리세릴스테아레이트, [34-15] 세테아레스-12, [34-16] 세테아레스-20, [34-17] 세테아릴알코올, [34-18] 카라기난, [34-19] 잔탄검, [34-20] 아라비아고무나무검, [34-21] 세틸팔미테이트, [34-22] 수크로오스라우레이트, [34-23] 폴리솔베이트20, [34-24] 아이소세테스-20, [34-25] 로즈마리잎추출물, [34-26] 하이드록시메톡시페닐데카논, [34-27] 베헨트라이모늄클로라이드, [34-28] 트라이소듐에틸렌다이아민다이석시네이트, [34-29] 다이소듐이디티에이, [34-30] 데하이드로아세틱애씨드, [34-31] 벤조익애씨드, [34-32] 에틸헥실글리세린, [34-33] 페녹시에탄올, [34-34] 클로페네신"
"A000000149427","보닌 퓨어 에센셜 에멀전","보닌","","","","","20000","","정제수, 디프로필렌글라이콜, 사이클로펜타실록산, 변성알코올, 소르비탄스테아레이트, 1,2-헥산디올, 폴리소르베이트60, 트리에칠헥사노인, 디메치콘, 판테놀, 글리세린, 부틸렌글라이콜, 꿀추출물, 진들딸기씨오일, 세이지잎추출물, 브델리아추출물, 선백리향꽃/잎추출물, 글리세릴스테아레이트, 피이지-100스테아레이트, 세테아릴알코올, 디메치콘/비닐디메치콘크로스폴리머, 아크릴레이트/C10-30알킬아크릴레이트크로스폴리머, 소르비톨, 트로메타민, 트리소듐이디티에이, 향료, 하이드록시시트로넬알, 리모넨, 리날룰","","[29-1] 정제수, [29-2] 디프로필렌글라이콜, [29-3] 사이클로펜타실록산, [29-4] 변성알코올, [29-5] 소르비탄스테아레이트, [29-6] 1,2-헥산디올, [29-7] 폴리소르베이트60, [29-8] 트리에칠헥사노인, [29-9] 디메치콘, [29-10] 판테놀, [29-11] 글리세린, [29-12] 부틸렌글라이콜, [29-13] 꿀추출물, [29-14] 진들딸기씨오일, [29-15] 세이지잎추출물, [29-16] 브델리아추출물, [29-17] 선백리향꽃/잎추출물, [29-18] 글리세릴스테아레이트, [29-19] 피이지-100스테아레이트, [29-20] 세테아릴알코올, [29-21] 디메치콘/비닐디메치콘크로스폴리머, [29-22] 아크릴레이트/C10-30알킬아크릴레이트크로스폴리머, [29-23] 소르비톨, [29-24] 트로메타민, [29-25] 트리소듐이디티에이, [29-26] 향료, [29-27] 하이드록시시트로넬알, [29-28] 리모넨, [29-29] 리날룰"
"A000000152004","엠도씨 시카 화이트닝 올인원 스페셜 세트 130ml+30ml","엠도씨","130.0","160.0","ml","38000.0","28500","1781.2","병풀추출물,부틸렌글라이콜,나이아신아마이드,다이메티콘,글리세린,티타늄디옥사이드,밤부사 불가리스추출물,소나무잎추출물,측백나무추출물,편백잎추출물,가지열매추출물,알란토인,마데카소사이드,마데카식애씨드,아시아티코사이드,아시아틱애씨드,아데노신,루페올,아이소헥사데칸,사이클로펜타실록세인,다이메티콘올,다이머다이리놀레일다이머다이리놀리에이트,세테아릴올리베이트,솔비탄올리베이트,폴리솔베이트80,솔비탄올리에이트,트라이에톡시카프릴릴실레인,알루미늄하이드록사이드,소듐아크릴레이트/소듐아크릴로일다이메틸타우레이트코폴리머,정제수,1,2-헥산다이올,벤질글라이콜,에틸헥실글리세린,라즈베리케톤,다이소듐이디티에이,향료","","[36-1] 병풀추출물, [36-2] 부틸렌글라이콜, [36-3] 나이아신아마이드, [36-4] 다이메티콘, [36-5] 글리세린, [36-6] 티타늄디옥사이드, [36-7] 밤부사 불가리스추출물, [36-8] 소나무잎추출물, [36-9] 측백나무추출물, [36-10] 편백잎추출물, [36-11] 가지열매추출물, [36-12] 알란토인, [36-13] 마데카소사이드, [36-14] 마데카식애씨드, [36-15] 아시아티코사이드, [36-16] 아시아틱애씨드, [36-17] 아데노신, [36-18] 루페올, [36-19] 아이소헥사데칸, [36-20] 사이클로펜타실록세인, [36-21] 다이메티콘올, [36-22] 다이머다이리놀레일다이머다이리놀리에이트, [36-23] 세테아릴올리베이트, [36-24] 솔비탄올리베이트, [36-25] 폴리솔베이트80, [36-26] 솔비탄올리에이트, [36-27] 트라이에톡시카프릴릴실레인, [36-28] 알루미늄하이드록사이드, [36-29] 소듐아크릴레이트/소듐아크릴로일다이메틸타우레이트코폴리머, [36-30] 정제수, [36-31] 1,2-헥산다이올, [36-32] 벤질글라이콜, [36-33] 에틸헥실글리세린, [36-34] 라즈베리케톤, [36-35] 다이소듐이디티에이, [36-36] 향료"
"A000000161654","무슈제이 밀크 톤업 올인원 200ml","무슈제이","200.0","200.0","ml","","24900","1245.0","정제수, 글리세린, 글리세레스-26, 다이메티콘, 1,2-헥산다이올, 나이아신아마이드, 스쿠알란, 베타인, 티타늄디옥사이드, 실리카, 트라이 올레인, 프로필렌글라이콜다이벤조에이트, 폴리솔베이트60, 카프릴릭/카프릭트라이글리세라이드, 글리세릴다이올리에이트, 세테아릴 알코올, 알지닌, 암모늄아크릴로일다이메틸타우레이트/브이피코폴리머, 아크릴레이트/C10-30알킬아크릴레이트크로스폴리머, 부틸렌 글라이콜, 잔탄검, 아데노신, 알루미늄하이드록사이드, 트라이에톡시카프릴릴실레인, 흑미추출물, 버지니아풍년화수, 에탄올, 소듐하이 알루로네이트, 대추야자열매추출물, 무화과추출물, 스피드웰추출물, 황산앵초추출물, 페퍼민트잎추출물, 레몬밤잎추출물, 당아욱추출 물, 레이디스맨틀추출물, 서양톱풀추출물, 녹차추출물, 폴리글루타믹애씨드, 하이드로제네이티드레시틴, 보검선인장줄기추출물, 코치 닐선인장열매추출물, 바오밥나무씨추출물, 피토스테릴/옥틸도데실라우로일글루타메이트, 소듐하이드록사이드, 세라마이드엔피, 비타 민나무수, 에틸헥실글리세린, 다이소듐이디티에이, 향료, 헥실신남알, 리모넨, 리날룰","","[53-1] 정제수, [53-2] 글리세린, [53-3] 글리세레스-26, [53-4] 다이메티콘, [53-5] 1,2-헥산다이올, [53-6] 나이아신아마이드, [53-7] 스쿠알란, [53-8] 베타인, [53-9] 티타늄디옥사이드, [53-10] 실리카, [53-11] 트라이 올레인, [53-12] 프로필렌글라이콜다이벤조에이트, [53-13] 폴리솔베이트60, [53-14] 카프릴릭/카프릭트라이글리세라이드, [53-15] 글리세릴다이올리에이트, [53-16] 세테아릴 알코올, [53-17] 알지닌, [53-18] 암모늄아크릴로일다이메틸타우레이트/브이피코폴리머, [53-19] 아크릴레이트/C10-30알킬아크릴레이트크로스폴리머, [53-20] 부틸렌 글라이콜, [53-21] 잔탄검, [53-22] 아데노신, [53-23] 알루미늄하이드록사이드, [53-24] 트라이에톡시카프릴릴실레인, [53-25] 흑미추출물, [53-26] 버지니아풍년화수, [53-27] 에탄올, [53-28] 소듐하이 알루로네이트, [53-29] 대추야자열매추출물, [53-30] 무화과추출물, [53-31] 스피드웰추출물, [53-32] 황산앵초추출물, [53-33] 페퍼민트잎추출물, [53-34] 레몬밤잎추출물, [53-35] 당아욱추출 물, [53-36] 레이디스맨틀추출물, [53-37] 서양톱풀추출물, [53-38] 녹차추출물, [53-39] 폴리글루타믹애씨드, [53-40] 하이드로제네이티드레시틴, [53-41] 보검선인장줄기추출물, [53-42] 코치 닐선인장열매추출물, [53-43] 바오밥나무씨추출물, [53-44] 피토스테릴/옥틸도데실라우로일글루타메이트, [53-45] 소듐하이드록사이드, [53-46] 세라마이드엔피, [53-47] 비타 민나무수, [53-48] 에틸헥실글리세린, [53-49] 다이소듐이디티에이, [53-50] 향료, [53-51] 헥실신남알, [53-52] 리모넨, [53-53] 리날룰"
"A000000162615","[장벽강화] 마리엔메이 비타민C+비피다 로션 120ml","마리엔메이","120.0","120.0","ml","","19500","1625.0","정제수, 비피다발효용해물(30,380ppm), 카프릴릭/카프릭트라이글리세라이드, 글리세린, 나이아신아마이드, 세테아릴알코올, 다이프로필렌글라이콜, 아스코빅애씨드(1,000ppm), 부틸렌글라이콜, 글리세릴스테아레이트에스이, 세틸에틸헥사노에이트, 폴리글리세릴-3메틸글루코오스다이스테아레이트, 트로메타민, 하이드록시아세토페논, 카보머, 시어버터, 팔미틱애씨드, 스테아릭애씨드, 판 테놀, 향료, 토코페릴아세테이트, 1,2-헥산다이올, 아데노신, 카프릴릴글라이콜, 다이소듐이디티에이, 펜틸렌글라이콜, 소듐하이알루로네이트, 소듐하이알루로네이트크로스폴리머, 하이드롤라이즈드하이알루로닉애씨드, 하이알루로닉애씨드, 에틸헥실글리세린, 하이드롤라이즈드소듐하이알루로네이트","","[34-1] 정제수, [34-2] 비피다발효용해물(30, [34-3] 380ppm), [34-4] 카프릴릭/카프릭트라이글리세라이드, [34-5] 글리세린, [34-6] 나이아신아마이드, [34-7] 세테아릴알코올, [34-8] 다이프로필렌글라이콜, [34-9] 아스코빅애씨드(1, [34-10] 000ppm), [34-11] 부틸렌글라이콜, [34-12] 글리세릴스테아레이트에스이, [34-13] 세틸에틸헥사노에이트, [34-14] 폴리글리세릴-3메틸글루코오스다이스테아레이트, [34-15] 트로메타민, [34-16] 하이드록시아세토페논, [34-17] 카보머, [34-18] 시어버터, [34-19] 팔미틱애씨드, [34-20] 스테아릭애씨드, [34-21] 판 테놀, [34-22] 향료, [34-23] 토코페릴아세테이트, [34-24] 1,2-헥산다이올, [34-25] 아데노신, [34-26] 카프릴릴글라이콜, [34-27] 다이소듐이디티에이, [34-28] 펜틸렌글라이콜, [34-29] 소듐하이알루로네이트, [34-30] 소듐하이알루로네이트크로스폴리머, [34-31] 하이드롤라이즈드하이알루로닉애씨드, [34-32] 하이알루로닉애씨드, [34-33] 에틸헥실글리세린, [34-34] 하이드롤라이즈드소듐하이알루로네이트"
"A000000164819","스케다 스킨 브라이트 올인원 135ml","스케다","135.0","135.0","ml","","22000","1629.6","정제수, 글리세린, 에탄올, 부틸렌글라이콜, 사이클로펜타실록세인, 나이아신아마이드, 베타인, 1,2-헥산다이올, 소듐하이알루로네이트, 트레할로스, 비스-피이지-18메틸에터다이메틸실레인, 바이오사카라이드검-1, 다이메티콘, 소듐폴리아크릴레이트, 다이메티콘/비닐다이메티콘크로스폴리머, 갈락토미세스발효여과물, 락토바실러스발효용해물, 바오밥나무씨추출물, 소엽맥문동뿌리추출물, 병풀추출물, 마치현추출물, 자작나무수액, 피이지-60하이드로제네이티드캐스터오일, 판테놀, 스테아릴다이메티콘, 페닐다이메티콘, 하이드로제네이티드레시틴, 카프릴릭/카프릭트리글리세라이드, 에칠헥실글리세린, 향료, 수크로오스다이스테아레이트, 피이지/피피지-18/18 디메치콘, 트리데세스-6, 다이포타슘글리시리제이트, 아데노신, 다이소듐이디티에이, 하이드롤라이즈드하이알루로닉애씨드, 세라마이드엔피, 글리세릴카프릴레이트","","[39-1] 정제수, [39-2] 글리세린, [39-3] 에탄올, [39-4] 부틸렌글라이콜, [39-5] 사이클로펜타실록세인, [39-6] 나이아신아마이드, [39-7] 베타인, [39-8] 1,2-헥산다이올, [39-9] 소듐하이알루로네이트, [39-10] 트레할로스, [39-11] 비스-피이지-18메틸에터다이메틸실레인, [39-12] 바이오사카라이드검-1, [39-13] 다이메티콘, [39-14] 소듐폴리아크릴레이트, [39-15] 다이메티콘/비닐다이메티콘크로스폴리머, [39-16] 갈락토미세스발효여과물, [39-17] 락토바실러스발효용해물, [39-18] 바오밥나무씨추출물, [39-19] 소엽맥문동뿌리추출물, [39-20] 병풀추출물, [39-21] 마치현추출물, [39-22] 자작나무수액, [39-23] 피이지-60하이드로제네이티드캐스터오일, [39-24] 판테놀, [39-25] 스테아릴다이메티콘, [39-26] 페닐다이메티콘, [39-27] 하이드로제네이티드레시틴, [39-28] 카프릴릭/카프릭트리글리세라이드, [39-29] 에칠헥실글리세린, [39-30] 향료, [39-31] 수크로오스다이스테아레이트, [39-32] 피이지/피피지-18/18 디메치콘, [39-33] 트리데세스-6, [39-34] 다이포타슘글리시리제이트, [39-35] 아데노신, [39-36] 다이소듐이디티에이, [39-37] 하이드롤라이즈드하이알루로닉애씨드, [39-38] 세라마이드엔피, [39-39] 글리세릴카프릴레이트"
"A000000165603","BRTC 트레이너 옴므 올인원 밀크 200ml 기획 (+50ml 증정)","비알티씨","200.0","250.0","ml","","30000","1200.0","정제수, 글리세린, 나이아신아마이드, 메틸프로판다이올, 다이프로필렌글라이콜, 카프릴릭/카프릭트라이글리세라이드, 사이클로펜타실록세인, 솔비탄스테아레이트, 트레할로오스, 사이클로메티콘, 사이클로헥사실록세인, 실리카, 글리세릴카프릴레이트, 소듐폴리아크릴레이트, 다이메티콘, 에틸헥실스테아레이트, 다이메티콘/비닐다이메티콘크로스폴리머, 알지닌, 암모늄아크릴로일다이메틸타우레이트/브이피코폴리머, 수크로오스코코에이트, 폴리실리콘-11, 카보머, 아크릴레이트/C10-30알킬아크릴레이트크로스폴리머, 아데노신, 하이드록시에틸셀룰로오스, 트라이데세스-6, 부틸렌글라이콜, 아위버섯균사체/인삼열매추출발효여과물, 영지버섯추출물, 프로판다이올, 포도추출물, 클레리추출물, 라벤더수, 히아신스전초추출물, 감나무잎추출물, 마트리카리아꽃/잎추출물, 보리지추출물, 1,2-헥산다이올, 수레국화꽃추출물, 호장근뿌리추출물, 커피콩추출물, 잇꽃꽃추출물, 산초나무잎추출물, 밤껍질추출물, 녹차추출물, 카프릴릴글라이콜, 에틸헥실글리세린, 마그네슘피씨에이, 소듐락테이트, 카퍼트라이펩타이드-1, 세린, 수크로오스, 우레아, 글라이신, 칼슘클로라이드, 포타슘하이드록사이드, 오르니틴, 씨솔트, 알라닌, 마그네슘클로라이드, 트레오닌, 히스티딘, 아스파틱애씨드, 발린, 프롤린, 팔미토일펜타펩타이드-4, 니코티노일트라이펩타이드-1, 니코티노일에스에이치-펜타펩타이드-19, 갈로일펜타펩타이드-33, 갈로일노나펩타이드-11, 다이갈로일테트라펩타이드-19, 카페오일트라이펩타이드-1, 카페오일에스에이치-옥타펩타이드-4, 아세틸헥사펩타이드-8, 다이포타슘포스페이트, 라이신, 류신, 타이로신, 아이소류신, 마그네슘시트레이트, 글루코사민에이치씨엘, 페닐알라닌, 글루타믹애씨드, 1-메틸하이단토인-2-이미드, 아스파라진, 시트룰린, 우릭애씨드, 메티오닌, 타우린, 트립토판, 글루타민, 시스테인, 다이소듐이디티에이, 클로페네신, 벤질알코올, 향료","","[96-1] 정제수, [96-2] 글리세린, [96-3] 나이아신아마이드, [96-4] 메틸프로판다이올, [96-5] 다이프로필렌글라이콜, [96-6] 카프릴릭/카프릭트라이글리세라이드, [96-7] 사이클로펜타실록세인, [96-8] 솔비탄스테아레이트, [96-9] 트레할로오스, [96-10] 사이클로메티콘, [96-11] 사이클로헥사실록세인, [96-12] 실리카, [96-13] 글리세릴카프릴레이트, [96-14] 소듐폴리아크릴레이트, [96-15] 다이메티콘, [96-16] 에틸헥실스테아레이트, [96-17] 다이메티콘/비닐다이메티콘크로스폴리머, [96-18] 알지닌, [96-19] 암모늄아크릴로일다이메틸타우레이트/브이피코폴리머, [96-20] 수크로오스코코에이트, [96-21] 폴리실리콘-11, [96-22] 카보머, [96-23] 아크릴레이트/C10-30알킬아크릴레이트크로스폴리머, [96-24] 아데노신, [96-25] 하이드록시에틸셀룰로오스, [96-26] 트라이데세스-6, [96-27] 부틸렌글라이콜, [96-28] 아위버섯균사체/인삼열매추출발효여과물, [96-29] 영지버섯추출물, [96-30] 프로판다이올, [96-31] 포도추출물, [96-32] 클레리추출물, [96-33] 라벤더수, [96-34] 히아신스전초추출물, [96-35] 감나무잎추출물, [96-36] 마트리카리아꽃/잎추출물, [96-37] 보리지추출물, [96-38] 1,2-헥산다이올, [96-39] 수레국화꽃추출물, [96-40] 호장근뿌리추출물, [96-41] 커피콩추출물, [96-42] 잇꽃꽃추출물, [96-43] 산초나무잎추출물, [96-44] 밤껍질추출물, [96-45] 녹차추출물, [96-46] 카프릴릴글라이콜, [96-47] 에틸헥실글리세린, [96-48] 마그네슘피씨에이, [96-49] 소듐락테이트, [96-50] 카퍼트라이펩타이드-1, [96-51] 세린, [96-52] 수크로오스, [96-53] 우레아, [96-54] 글라이신, [96-55] 칼슘클로라이드, [96-56] 포타슘하이드록사이드, [96-57] 오르니틴, [96-58] 씨솔트, [96-59] 알라닌, [96-60] 마그네슘클로라이드, [96-61] 트레오닌, [96-62] 히스티딘, [96-63] 아스파틱애씨드, [96-64] 발린, [96-65] 프롤린, [96-66] 팔미토일펜타펩타이드-4, [96-67] 니코티노일트라이펩타이드-1, [96-68] 니코티노일에스에이치-펜타펩타이드-19, [96-69] 갈로일펜타펩타이드-33, [96-70] 갈로일노나펩타이드-11, [96-71] 다이갈로일테트라펩타이드-19, [96-72] 카페오일트라이펩타이드-1, [96-73] 카페오일에스에이치-옥타펩타이드-4, [96-74] 아세틸헥사펩타이드-8, [96-75] 다이포타슘포스페이트, [96-76] 라이신, [96-77] 류신, [96-78] 타이로신, [96-79] 아이소류신, [96-80] 마그네슘시트레이트, [96-81] 글루코사민에이치씨엘, [96-82] 페닐알라닌, [96-83] 글루타믹애씨드, [96-84] 1-메틸하이단토인-2-이미드, [96-85] 아스파라진, [96-86] 시트룰린, [96-87] 우릭애씨드, [96-88] 메티오닌, [96-89] 타우린, [96-90] 트립토판, [96-91] 글루타민, [96-92] 시스테인, [96-93] 다이소듐이디티에이, [96-94] 클로페네신, [96-95] 벤질알코올, [96-96] 향료"
"A000000171034","이지에프올로지 인헨싱 밸런싱 로션 50ml","EGF올로지","50.0","50.0","ml","","63000","12600.0","정제수, 메도우폼씨오일, 마카다미아씨오일, 스쿠알란, 글리세린, 세틸에틸헥사노에이트, 에틸헥실스테아레이트, 시어버터, 하이드로제네이티드레시틴, 
에탄올, 1,2-헥산다이올, 레시틴, 세라마이드엔피, 소듐아스코빌포스페이트, 하이드롤라이즈드콜라겐, 하이알루로닉애씨드, 서양배추출물, 서양송악잎/줄기추출물, 
사과추출물, 비치스트로베리추출물, 에스에이치-올리고펩타이드-1, 에스에이치-올리고펩타이드-2, 에스에이치-폴리펩타이드-1, 소듐디엔에이","","[24-1] 정제수, [24-2] 메도우폼씨오일, [24-3] 마카다미아씨오일, [24-4] 스쿠알란, [24-5] 글리세린, [24-6] 세틸에틸헥사노에이트, [24-7] 에틸헥실스테아레이트, [24-8] 시어버터, [24-9] 하이드로제네이티드레시틴, [24-10] 에탄올, [24-11] 1,2-헥산다이올, [24-12] 레시틴, [24-13] 세라마이드엔피, [24-14] 소듐아스코빌포스페이트, [24-15] 하이드롤라이즈드콜라겐, [24-16] 하이알루로닉애씨드, [24-17] 서양배추출물, [24-18] 서양송악잎/줄기추출물, [24-19] 사과추출물, [24-20] 비치스트로베리추출물, [24-21] 에스에이치-올리고펩타이드-1, [24-22] 에스에이치-올리고펩타이드-2, [24-23] 에스에이치-폴리펩타이드-1, [24-24] 소듐디엔에이"
"A000000182721","케어존 아큐어 클래리파잉 에멀전 200ml","케어존","200.0","200.0","ml","26000.0","18200","910.0","정제수,1,2-헥산다이올,헥실데실에틸헥사노에이트,프로판다이올,글리세릴스테아레이트,폴리글리세릴-3메틸글루코오스다이스테아레이트,트라이에틸헥사노인,세테아릴알코올,글리세린,하이드로제네이티드폴리데센,판테놀,다이메티콘,솔비탄스테아레이트,베타인,트로메타민,카보머,알란토인,베타-글루칸,나이아신아마이드,다이프로필렌글라이콜,아크릴레이트/C10-30알킬아크릴레이트크로스폴리머,카르니틴,살리실릭애씨드,트라이소듐이디티에이,글리세릴아크릴레이트/아크릴릭애씨드코폴리머,라임전초오일,베르가모트오일,로즈마리잎오일,단향오일,리모넨,리날룰,시트랄","","[32-1] 정제수, [32-2] 1,2-헥산다이올, [32-3] 헥실데실에틸헥사노에이트, [32-4] 프로판다이올, [32-5] 글리세릴스테아레이트, [32-6] 폴리글리세릴-3메틸글루코오스다이스테아레이트, [32-7] 트라이에틸헥사노인, [32-8] 세테아릴알코올, [32-9] 글리세린, [32-10] 하이드로제네이티드폴리데센, [32-11] 판테놀, [32-12] 다이메티콘, [32-13] 솔비탄스테아레이트, [32-14] 베타인, [32-15] 트로메타민, [32-16] 카보머, [32-17] 알란토인, [32-18] 베타-글루칸, [32-19] 나이아신아마이드, [32-20] 다이프로필렌글라이콜, [32-21] 아크릴레이트/C10-30알킬아크릴레이트크로스폴리머, [32-22] 카르니틴, [32-23] 살리실릭애씨드, [32-24] 트라이소듐이디티에이, [32-25] 글리세릴아크릴레이트/아크릴릭애씨드코폴리머, [32-26] 라임전초오일, [32-27] 베르가모트오일, [32-28] 로즈마리잎오일, [32-29] 단향오일, [32-30] 리모넨, [32-31] 리날룰, [32-32] 시트랄"
"A000000184579","[NEW] 폴메디슨 옴므 워터화이트닝 올인원 에센스 211ml","폴메디슨","211.0","211.0","ml","","13800","654.0","정제수, 다이프로필렌글라이콜, 병풀추출물, 파스향나무잎추출물, 에탄올, 세틸에틸헥사노에이트, 폴리솔베이트60, 나이아신아마이드, 에틸헥실팔미테이트, 글리세레스-26, 글리세린, 폴리글리세릴-10라우레이트, 에리스리톨, 트레할로오스, 베타인, 자몽추출물, 하이드로제네이티드레시틴, 녹두씨추출물, 동백나무꽃추출물, 석류추출물, 자작나무껍질추출물, 소리쟁이뿌리추출물, 아데노신, 잔탄검, 카보머, 시어버터, 포타슘하이드록사이드, 다이소듐이디티에이, 다이메티콘, 향료, 시트랄, 시트로넬올, 제라니올, 리모넨, 리날룰","","[35-1] 정제수, [35-2] 다이프로필렌글라이콜, [35-3] 병풀추출물, [35-4] 파스향나무잎추출물, [35-5] 에탄올, [35-6] 세틸에틸헥사노에이트, [35-7] 폴리솔베이트60, [35-8] 나이아신아마이드, [35-9] 에틸헥실팔미테이트, [35-10] 글리세레스-26, [35-11] 글리세린, [35-12] 폴리글리세릴-10라우레이트, [35-13] 에리스리톨, [35-14] 트레할로오스, [35-15] 베타인, [35-16] 자몽추출물, [35-17] 하이드로제네이티드레시틴, [35-18] 녹두씨추출물, [35-19] 동백나무꽃추출물, [35-20] 석류추출물, [35-21] 자작나무껍질추출물, [35-22] 소리쟁이뿌리추출물, [35-23] 아데노신, [35-24] 잔탄검, [35-25] 카보머, [35-26] 시어버터, [35-27] 포타슘하이드록사이드, [35-28] 다이소듐이디티에이, [35-29] 다이메티콘, [35-30] 향료, [35-31] 시트랄, [35-32] 시트로넬올, [35-33] 제라니올, [35-34] 리모넨, [35-35] 리날룰"
"A000000184805","마녀공장 얼티밋 올인원 선로션 100ml","마녀공장","100.0","100.0","ml","43000.0","25800","2580.0","정제수, 다이부틸아디페이트, 프로판다이올, 디에칠아미노하이드록시벤조일헥실벤조에이트, 폴리메틸실세스퀴옥세인, 에칠헥실트리아존, 메칠렌비스-벤조트리아졸릴테트라메칠부틸페놀, 나이아신아마이드, 코코-카프릴레이트/카프레이트, 페네틸벤조에이트, 디에칠헥실부타미도트리아존, 글리세린, 1,2-헥산다이올, 펜틸렌글라이콜, 베헤닐알코올, 폴리C10-30알킬아크릴레이트, 폴리글리세릴-3메틸글루코오스다이스테아레이트, 데실글루코사이드, 솔비톨, 판테놀, 하이드록시아세토페논, 글루코오스, 아크릴레이트/C10-30알킬아크릴레이트크로스폴리머, 클로렐라 불가리스추출물, 트로메타민, 부틸렌글라이콜, 프룩토오스, 프룩토올리고사카라이드, 폴리아크릴레이트크로스폴리머-6, 소듐스테아로일글루타메이트, 아데노신, 잔탄검, 아세틸글루코사민, 소듐하이알루로네이트, 백미꽃추출물, 에틸헥실글리세린, 소듐하이알루로네이트크로스폴리머, 접시꽃추출물, 석시닉애씨드, 카프릴릴글라이콜, 병풀추출물, 하이드롤라이즈드알엔에이, 알란토인, 소듐디엔에이, 효모발효추출물, 캐모마일꽃추출물, 케이프알로에잎추출물, 향료","","[48-1] 정제수, [48-2] 다이부틸아디페이트, [48-3] 프로판다이올, [48-4] 디에칠아미노하이드록시벤조일헥실벤조에이트, [48-5] 폴리메틸실세스퀴옥세인, [48-6] 에칠헥실트리아존, [48-7] 메칠렌비스-벤조트리아졸릴테트라메칠부틸페놀, [48-8] 나이아신아마이드, [48-9] 코코-카프릴레이트/카프레이트, [48-10] 페네틸벤조에이트, [48-11] 디에칠헥실부타미도트리아존, [48-12] 글리세린, [48-13] 1,2-헥산다이올, [48-14] 펜틸렌글라이콜, [48-15] 베헤닐알코올, [48-16] 폴리C10-30알킬아크릴레이트, [48-17] 폴리글리세릴-3메틸글루코오스다이스테아레이트, [48-18] 데실글루코사이드, [48-19] 솔비톨, [48-20] 판테놀, [48-21] 하이드록시아세토페논, [48-22] 글루코오스, [48-23] 아크릴레이트/C10-30알킬아크릴레이트크로스폴리머, [48-24] 클로렐라 불가리스추출물, [48-25] 트로메타민, [48-26] 부틸렌글라이콜, [48-27] 프룩토오스, [48-28] 프룩토올리고사카라이드, [48-29] 폴리아크릴레이트크로스폴리머-6, [48-30] 소듐스테아로일글루타메이트, [48-31] 아데노신, [48-32] 잔탄검, [48-33] 아세틸글루코사민, [48-34] 소듐하이알루로네이트, [48-35] 백미꽃추출물, [48-36] 에틸헥실글리세린, [48-37] 소듐하이알루로네이트크로스폴리머, [48-38] 접시꽃추출물, [48-39] 석시닉애씨드, [48-40] 카프릴릴글라이콜, [48-41] 병풀추출물, [48-42] 하이드롤라이즈드알엔에이, [48-43] 알란토인, [48-44] 소듐디엔에이, [48-45] 효모발효추출물, [48-46] 캐모마일꽃추출물, [48-47] 케이프알로에잎추출물, [48-48] 향료"
"A000000184935","록키스 아쿠아 부스트 옴므 올인원 200ml","록키스","200.0","200.0","ml","14800.0","13500","675.0","정제수, 글리세린, 부틸렌글라이콜, 나이아신아마이드, 에탄올, 베타인, 비스-피이지-18메틸에터다이메틸실레인, 페녹시에탄올, 카보머, 알지닌, 폴리글리세릴-10라우레이트, 향료, 판테놀, 에틸헥실글리세린, 알란토인, 아데노신, 1,2-헥산다이올, 다이소듐이디티에이, 병풀추출물, 해수, 카프릴릭/카프릭트라이글리세라이드, 소듐하이알루로네이트, 티트리잎추출물, 호호바씨오일, 헥실라우레이트, 하이드로제네이티드레시틴, 스테아릭애씨드, 세테아릴알코올, 글라이코스핑고리피드, 세라마이드엔피, 토코페롤, 하이드록시프로필트라이모늄하이알루로네이트, 하이드롤라이즈드하이알루로닉애씨드, 소듐아세틸레이티드하이알루로네이트, 하이알루로닉애씨드, 하이드롤라이즈드소듐하이알루로네이트, 소듐하이알루로네이트크로스폴리머, 포타슘하이알루로네이트","","[38-1] 정제수, [38-2] 글리세린, [38-3] 부틸렌글라이콜, [38-4] 나이아신아마이드, [38-5] 에탄올, [38-6] 베타인, [38-7] 비스-피이지-18메틸에터다이메틸실레인, [38-8] 페녹시에탄올, [38-9] 카보머, [38-10] 알지닌, [38-11] 폴리글리세릴-10라우레이트, [38-12] 향료, [38-13] 판테놀, [38-14] 에틸헥실글리세린, [38-15] 알란토인, [38-16] 아데노신, [38-17] 1,2-헥산다이올, [38-18] 다이소듐이디티에이, [38-19] 병풀추출물, [38-20] 해수, [38-21] 카프릴릭/카프릭트라이글리세라이드, [38-22] 소듐하이알루로네이트, [38-23] 티트리잎추출물, [38-24] 호호바씨오일, [38-25] 헥실라우레이트, [38-26] 하이드로제네이티드레시틴, [38-27] 스테아릭애씨드, [38-28] 세테아릴알코올, [38-29] 글라이코스핑고리피드, [38-30] 세라마이드엔피, [38-31] 토코페롤, [38-32] 하이드록시프로필트라이모늄하이알루로네이트, [38-33] 하이드롤라이즈드하이알루로닉애씨드, [38-34] 소듐아세틸레이티드하이알루로네이트, [38-35] 하이알루로닉애씨드, [38-36] 하이드롤라이즈드소듐하이알루로네이트, [38-37] 소듐하이알루로네이트크로스폴리머, [38-38] 포타슘하이알루로네이트"
"A000000185300","[단품]아이오페 맨 올데이 퍼펙트 올인원 120ml","아이오페","120.0","120.0","ml","","38000","3166.7","정제수, 글리세린, 베타인, 변성알코올, 다이프로필렌글라
이콜, 사이클로펜타실록세인, 나이아신아마이드, 1,2-헥산
다이올, 실리카, 사이클로헥사실록세인, 세테아릴알코올,
다이메티콘올, 아크릴레이트/C10-30알킬아크릴레이트
크로스폴리머, 글리세릴스테아레이트, 트로메타민, 향료,
하이드로제네이티드레시틴, 토코페롤, 글리세릴카프릴레
이트, 프로판다이올, 스테아릭애씨드, 폴리글리세릴-3메
틸글루코오스다이스테아레이트, 팔미틱애씨드, 에틸헥실
글리세린, 멘톡시프로판다이올, 아데노신, 펜틸렌글라이
콜, 덱스트린, 다이소듐이디티에이, 페퍼민트추출물, 바이
오사카라이드검-1, 맥주효모추출물, 미리스틱애씨드, 라
우릭애씨드","","[35-1] 정제수, [35-2] 글리세린, [35-3] 베타인, [35-4] 변성알코올, [35-5] 이콜, [35-6] 사이클로펜타실록세인, [35-7] 나이아신아마이드, [35-8] 1, [35-9] 다이올, [35-10] 실리카, [35-11] 사이클로헥사실록세인, [35-12] 세테아릴알코올, [35-13] 다이메티콘올, [35-14] 크로스폴리머, [35-15] 글리세릴스테아레이트, [35-16] 트로메타민, [35-17] 향료, [35-18] 하이드로제네이티드레시틴, [35-19] 토코페롤, [35-20] 이트, [35-21] 프로판다이올, [35-22] 스테아릭애씨드, [35-23] 틸글루코오스다이스테아레이트, [35-24] 팔미틱애씨드, [35-25] 글리세린, [35-26] 멘톡시프로판다이올, [35-27] 아데노신, [35-28] 콜, [35-29] 덱스트린, [35-30] 다이소듐이디티에이, [35-31] 페퍼민트추출물, [35-32] 오사카라이드검-1, [35-33] 맥주효모추출물, [35-34] 미리스틱애씨드, [35-35] 우릭애씨드"
"A000000187243","빌리프 맨올로지101 스마트 모이스춰 익스트림 100ml","빌리프","100.0","100.0","ml","48000.0","38400","3840.0","정제수, 부틸렌글라이콜, 디프로필렌글라이콜, 글리세린, 카프릴릭/카프릭트리글리세라이드, 피이지/피피지/폴리부틸렌글라이콜-8/5/3글리세린, 1,2-헥산디올, 세틸에칠헥사노에이트, 스위트아몬드오일, 글라이코스핑고리피드, 포스포리피드, 캐모마일꽃오일, 카렌둘라꽃오일, 장미꽃오일, 세라마이드엔피, 보리지씨오일, 라벤더오일, 콜레스테롤, 서양톱풀추출물*, 딜추출물*, 피버퓨추출물*, 베타-글루칸, 스쿠알란, 하이드로제네이티드레시틴, 세테아릴올리베이트, 판테놀, 트리에칠헥사노인, 하이드록시에칠아크릴레이트/소듐아크릴로일디메칠타우레이트코폴리머, 소르비탄올리베이트, 스테아릴알코올, 세테아릴알코올, 베헤닉애씨드, 암모늄아크릴로일디메칠타우레이트/브이피코폴리머, 베헤닐알코올, 스테아릭애씨드, 아크릴레이트/C10-30알킬아크릴레이트크로스폴리머, 트로메타민, 카보머, 폴리소르베이트60, 디메치콘올, 미리스틱애씨드, 디메치콘, 트리소듐이디티에이, 사이클로펜타실록산, 오렌지껍질오일, 로즈마리잎오일, 센티드제라늄꽃오일, 라임오일
* : The Baldleech original formula","","[48-1] 정제수, [48-2] 부틸렌글라이콜, [48-3] 디프로필렌글라이콜, [48-4] 글리세린, [48-5] 카프릴릭/카프릭트리글리세라이드, [48-6] 피이지/피피지/폴리부틸렌글라이콜-8/5/3글리세린, [48-7] 1,2-헥산디올, [48-8] 세틸에칠헥사노에이트, [48-9] 스위트아몬드오일, [48-10] 글라이코스핑고리피드, [48-11] 포스포리피드, [48-12] 캐모마일꽃오일, [48-13] 카렌둘라꽃오일, [48-14] 장미꽃오일, [48-15] 세라마이드엔피, [48-16] 보리지씨오일, [48-17] 라벤더오일, [48-18] 콜레스테롤, [48-19] 서양톱풀추출물*, [48-20] 딜추출물*, [48-21] 피버퓨추출물*, [48-22] 베타-글루칸, [48-23] 스쿠알란, [48-24] 하이드로제네이티드레시틴, [48-25] 세테아릴올리베이트, [48-26] 판테놀, [48-27] 트리에칠헥사노인, [48-28] 하이드록시에칠아크릴레이트/소듐아크릴로일디메칠타우레이트코폴리머, [48-29] 소르비탄올리베이트, [48-30] 스테아릴알코올, [48-31] 세테아릴알코올, [48-32] 베헤닉애씨드, [48-33] 암모늄아크릴로일디메칠타우레이트/브이피코폴리머, [48-34] 베헤닐알코올, [48-35] 스테아릭애씨드, [48-36] 아크릴레이트/C10-30알킬아크릴레이트크로스폴리머, [48-37] 트로메타민, [48-38] 카보머, [48-39] 폴리소르베이트60, [48-40] 디메치콘올, [48-41] 미리스틱애씨드, [48-42] 디메치콘, [48-43] 트리소듐이디티에이, [48-44] 사이클로펜타실록산, [48-45] 오렌지껍질오일, [48-46] 로즈마리잎오일, [48-47] 센티드제라늄꽃오일, [48-48] The Baldleech original formula"
"A000000187655","헤라 옴므 에센스인에멀전 110ML","헤라","110.0","110.0","ml","42000.0","33260","3023.6","정제수, 프로판다이올, 변성알코올, 하이드로제네이티드폴리(C6-14올레핀), 사이클로펜타실록세인, 스쿠알란, 부틸렌글라이콜, 사이클로헥사실록세인, 나이아신아마이드, 1,2-헥산다이올, 카페인, 스타이렌/아크릴레이트코폴리머, 다이메티콘, 폴리아크릴레이트-13, 세테아릴알코올, 폴리아이소부텐, 폴리실리콘-11, 글리세릴카프릴레이트, 향료, 아크릴레이트/C10-30알킬아크릴레이트크로스폴리머, 에틸헥실글리세린, 판테놀, 트로메타민, 잔탄검, 폴리솔베이트20, 솔비탄아이소스테아레이트, 다이소듐이디티에이, 리날룰, 라이신, 알지닌, 히스티딘, 헥실신남알, 알파-아이소메틸아이오논, 리모넨, 벤질살리실레이트, 글루코오스, 자일로오스, 토코페롤, 복사나무잎추출물, 만노오스, 소듐클로라이드, 레시틴, 소듐포스페이트, 카퍼트라이펩타이드-1, 푸코오스, 포타슘클로라이드, 포타슘포스페이트, 마그네슘클로라이드, 칼슘클로라이드, 하이드롤라이즈드기장","","[50-1] 정제수, [50-2] 프로판다이올, [50-3] 변성알코올, [50-4] 하이드로제네이티드폴리(C6-14올레핀), [50-5] 사이클로펜타실록세인, [50-6] 스쿠알란, [50-7] 부틸렌글라이콜, [50-8] 사이클로헥사실록세인, [50-9] 나이아신아마이드, [50-10] 1,2-헥산다이올, [50-11] 카페인, [50-12] 스타이렌/아크릴레이트코폴리머, [50-13] 다이메티콘, [50-14] 폴리아크릴레이트-13, [50-15] 세테아릴알코올, [50-16] 폴리아이소부텐, [50-17] 폴리실리콘-11, [50-18] 글리세릴카프릴레이트, [50-19] 향료, [50-20] 아크릴레이트/C10-30알킬아크릴레이트크로스폴리머, [50-21] 에틸헥실글리세린, [50-22] 판테놀, [50-23] 트로메타민, [50-24] 잔탄검, [50-25] 폴리솔베이트20, [50-26] 솔비탄아이소스테아레이트, [50-27] 다이소듐이디티에이, [50-28] 리날룰, [50-29] 라이신, [50-30] 알지닌, [50-31] 히스티딘, [50-32] 헥실신남알, [50-33] 알파-아이소메틸아이오논, [50-34] 리모넨, [50-35] 벤질살리실레이트, [50-36] 글루코오스, [50-37] 자일로오스, [50-38] 토코페롤, [50-39] 복사나무잎추출물, [50-40] 만노오스, [50-41] 소듐클로라이드, [50-42] 레시틴, [50-43] 소듐포스페이트, [50-44] 카퍼트라이펩타이드-1, [50-45] 푸코오스, [50-46] 포타슘클로라이드, [50-47] 포타슘포스페이트, [50-48] 마그네슘클로라이드, [50-49] 칼슘클로라이드, [50-50] 하이드롤라이즈드기장"
"A000000191179","아이오페 맨 올데이 퍼펙트 톤업 올인원 120ml","아이오페","120.0","120.0","ml","38000.0","28500","2375.0","정제수, 에칠헥실메톡시신나메이트, 부틸렌글라이콜, 글리세린, 변성알코올, 사이클로펜타실록세인, C12-15알킬벤조에이트, 나이아신아마이드, 다이페닐실록시페닐트라이메티콘, 사이클로헥사실록세인, 티타늄디옥사이드 (CI 77891), 비스-에칠헥실옥시페놀메톡시페닐트리아진, 1,2-헥산다이올, 디에칠아미노하이드록시벤조일헥실벤조에이트, C14-22알코올, 글리세릴스테아레이트, 피이지-100스테아레이트, 실리카, 다이메티콘, 세테아릴알코올, 폴리아크릴레이트-13, C12-20알킬글루코사이드, 암모늄아크릴로일다이메틸타우레이트/브이피코폴리머, 폴리실리콘-11, 폴리아이소부텐, 향료, 카프릴릴글라이콜, 황색산화철, 다이소듐이디티에이, 에틸헥실글리세린, 알루미늄하이드록사이드, 흑색산화철, 아데노신, 카보머, 트라이에톡시카프릴릴실레인, 폴리솔베이트20, 적색산화철, 솔비탄아이소스테아레이트, 비에이치티, 코튼추출물, 토코페롤","","[41-1] 정제수, [41-2] 에칠헥실메톡시신나메이트, [41-3] 부틸렌글라이콜, [41-4] 글리세린, [41-5] 변성알코올, [41-6] 사이클로펜타실록세인, [41-7] C12-15알킬벤조에이트, [41-8] 나이아신아마이드, [41-9] 다이페닐실록시페닐트라이메티콘, [41-10] 사이클로헥사실록세인, [41-11] 티타늄디옥사이드 (CI 77891), [41-12] 비스-에칠헥실옥시페놀메톡시페닐트리아진, [41-13] 1,2-헥산다이올, [41-14] 디에칠아미노하이드록시벤조일헥실벤조에이트, [41-15] C14-22알코올, [41-16] 글리세릴스테아레이트, [41-17] 피이지-100스테아레이트, [41-18] 실리카, [41-19] 다이메티콘, [41-20] 세테아릴알코올, [41-21] 폴리아크릴레이트-13, [41-22] C12-20알킬글루코사이드, [41-23] 암모늄아크릴로일다이메틸타우레이트/브이피코폴리머, [41-24] 폴리실리콘-11, [41-25] 폴리아이소부텐, [41-26] 향료, [41-27] 카프릴릴글라이콜, [41-28] 황색산화철, [41-29] 다이소듐이디티에이, [41-30] 에틸헥실글리세린, [41-31] 알루미늄하이드록사이드, [41-32] 흑색산화철, [41-33] 아데노신, [41-34] 카보머, [41-35] 트라이에톡시카프릴릴실레인, [41-36] 폴리솔베이트20, [41-37] 적색산화철, [41-38] 솔비탄아이소스테아레이트, [41-39] 비에이치티, [41-40] 코튼추출물, [41-41] 토코페롤"
"A000000199594","[모공/요철커버] 닥터자르트 포어레미디 스무딩 프라이머","닥터자르트","","","","41000.0","17900","","정제수, 부틸렌글라이콜, 세테아릴에틸헥사노에이트, 1,2-헥산다이올, 판테놀, 하이드로제네이티드식물성오일, 베헤닐알코올, 폴리아크릴레이트크로스폴리머-6, 하이드록시에틸아크릴레이트/소듐아크릴로일다이메틸타우레이트코폴리머, 잔탄검, 세테아릴알코올, 스테아릭애씨드, 알란토인, 에틸헥실글리세린, 아데노신, 스피어민트잎오일, 페퍼민트오일, 글라이코프로테인, 마그네슘아스파테이트, 징크글루코네이트, 카퍼글루코네이트, 알루미늄스테아레이트, 알루미늄미리스테이트, 알루미늄하이드록사이드, 폴리솔베이트60, 솔비탄아이소스테아레이트, 판토락톤, t-부틸알코올, 리튬마그네슘소듐실리케이트, 펜틸렌글라이콜, 유칼립투스잎오일, 다이소듐이디티에이, 글루코노락톤, 마이카, 티타늄디옥사이드, 크로뮴하이드록사이드그린, 크로뮴옥사이드그린","","[37-1] 정제수, [37-2] 부틸렌글라이콜, [37-3] 세테아릴에틸헥사노에이트, [37-4] 1,2-헥산다이올, [37-5] 판테놀, [37-6] 하이드로제네이티드식물성오일, [37-7] 베헤닐알코올, [37-8] 폴리아크릴레이트크로스폴리머-6, [37-9] 하이드록시에틸아크릴레이트/소듐아크릴로일다이메틸타우레이트코폴리머, [37-10] 잔탄검, [37-11] 세테아릴알코올, [37-12] 스테아릭애씨드, [37-13] 알란토인, [37-14] 에틸헥실글리세린, [37-15] 아데노신, [37-16] 스피어민트잎오일, [37-17] 페퍼민트오일, [37-18] 글라이코프로테인, [37-19] 마그네슘아스파테이트, [37-20] 징크글루코네이트, [37-21] 카퍼글루코네이트, [37-22] 알루미늄스테아레이트, [37-23] 알루미늄미리스테이트, [37-24] 알루미늄하이드록사이드, [37-25] 폴리솔베이트60, [37-26] 솔비탄아이소스테아레이트, [37-27] 판토락톤, [37-28] t-부틸알코올, [37-29] 리튬마그네슘소듐실리케이트, [37-30] 펜틸렌글라이콜, [37-31] 유칼립투스잎오일, [37-32] 다이소듐이디티에이, [37-33] 글루코노락톤, [37-34] 마이카, [37-35] 티타늄디옥사이드, [37-36] 크로뮴하이드록사이드그린, [37-37] 크로뮴옥사이드그린"
"A000000203994","라끄베르 옴므 리차지 시카 올인원 에센스 150ml 1+1 기획","라끄베르","150.0","300.0","ml","","29000","966.7","정제수, 나이아신아마이드, 1,2-헥산다이올, 헥실데실에틸헥사노에이트, 글리세릴스테아레이트, 하이드로제네이티드폴리데센, 피이지-40스테아레이트, 펜타에리스리틸테트라에틸헥사노에이트, 프로판다이올, 판테놀(5000 ppm), 글리세린, 세테아릴알코올, 트라이에틸헥사노인, 다이메티콘, 솔비탄스테아레이트, 트로메타민, 카보머, 마카뿌리추출물, 피이지-8, 아크릴레이트/C10-30알킬아크릴레이트크로스폴리머, 변성알코올, 아데노신, 부틸렌글라이콜, 카프릴릴글라이콜, 트라이소듐이디티에이, 솔비톨, 소듐폴리아크릴레이트, 베타-글루칸, 병풀잎추출물(10 ppm), 귤껍질추출물, 조류추출물, 페녹시에탄올, 포타슘솔베이트, 향료, 리날룰, 리모넨, 벤질벤조에이트, 알파-아이소메틸아이오논","","[38-1] 정제수, [38-2] 나이아신아마이드, [38-3] 1,2-헥산다이올, [38-4] 헥실데실에틸헥사노에이트, [38-5] 글리세릴스테아레이트, [38-6] 하이드로제네이티드폴리데센, [38-7] 피이지-40스테아레이트, [38-8] 펜타에리스리틸테트라에틸헥사노에이트, [38-9] 프로판다이올, [38-10] 판테놀(5000 ppm), [38-11] 글리세린, [38-12] 세테아릴알코올, [38-13] 트라이에틸헥사노인, [38-14] 다이메티콘, [38-15] 솔비탄스테아레이트, [38-16] 트로메타민, [38-17] 카보머, [38-18] 마카뿌리추출물, [38-19] 피이지-8, [38-20] 아크릴레이트/C10-30알킬아크릴레이트크로스폴리머, [38-21] 변성알코올, [38-22] 아데노신, [38-23] 부틸렌글라이콜, [38-24] 카프릴릴글라이콜, [38-25] 트라이소듐이디티에이, [38-26] 솔비톨, [38-27] 소듐폴리아크릴레이트, [38-28] 베타-글루칸, [38-29] 병풀잎추출물(10 ppm), [38-30] 귤껍질추출물, [38-31] 조류추출물, [38-32] 페녹시에탄올, [38-33] 포타슘솔베이트, [38-34] 향료, [38-35] 리날룰, [38-36] 리모넨, [38-37] 벤질벤조에이트, [38-38] 알파-아이소메틸아이오논"
"A000000204158","다슈 보이 파란 수분초 로션 150ml 기획 (+수분크림 50ml)","다슈","150.0","200.0","ml","23000.0","14800","740.0","""로션
정제수, 부틸렌글라이콜, 글리세린, 아이소노닐아이소노나노에이트, 베타인, 스쿠알란, 하이드로제네이티드폴리(C6-14올레핀), 세테아릴올리베이트, 다이프로필렌글라이콜, 하이드록시에틸아크릴레이트/소듐아크릴로일다이메틸타우레이트코폴리머, 솔비탄올리베이트, 하이드록시아세토페논, 암모늄아크릴로일다이메틸타우레이트/브이피코폴리머, 카프릴릴글라이콜, 에틸헥실글리세린, 솔비탄아이소스테아레이트, 다이소듐이디티에이, 1,2-헥산다이올, 알란토인, 해수, 클레리추출물, 히아신스전초추출물, 라벤더꽃추출물, 보리지추출물, 마트리카리아꽃추출물, 수레국화꽃추출물, 다이포타슘글리시리제이트, 글라이코스핑고리피드, 글라이코리피드, 토코페롤, 돌나물추출물(1ppm), 소듐하이알루로네이트, 에틸헥산다이올, 하이드록시프로필트라이모늄하이알루로네이트, 쑥잎추출물, 티트리추출물, 약모밀추출물, 소듐아세틸레이티드하이알루로네이트, 하이드롤라이즈드하이알루로닉애씨드, 하이알루로닉애씨드, 소듐하이알루로네이트크로스폴리머, 하이드롤라이즈드소듐하이알루로네이트, 포타슘하이알루로네이트

수분크림
정제수,스쿠알란,부틸렌글라이콜,글리세린,부틸렌글라이콜다이카프릴레이트/다이카프레이트,1,2-헥산다이올,하이드로제네이티드폴리(C6-14올레핀),베타인,하이드록시아세토페논,아보카도오일,소듐하이알루로네이트,라벤더꽃추출물,클레리추출물,히아신스전초추출물,마트리카리아꽃추출물,보리지추출물,수레국화꽃추출물,돌나물추출물(100ppm),해수,하이드롤라이즈드소듐하이알루로네이트,하이알루로닉애씨드,소듐하이알루로네이트크로스폴리머,하이드롤라이즈드하이알루로닉애씨드,세테아릴알코올,아크릴레이트/C10-30알킬아크릴레이트크로스폴리머,포도씨오일,알지닌,암모늄아크릴로일다이메틸타우레이트/브이피코폴리머,세테아릴올리베이트,솔비탄올리베이트,하이드로제네이티드레시틴,다이포타슘글리시리제이트,에틸헥실글리세린,카프릴릴글라이콜""","","[76-1] 정제수, [76-2] 부틸렌글라이콜, [76-3] 글리세린, [76-4] 아이소노닐아이소노나노에이트, [76-5] 베타인, [76-6] 스쿠알란, [76-7] 하이드로제네이티드폴리(C6-14올레핀), [76-8] 세테아릴올리베이트, [76-9] 다이프로필렌글라이콜, [76-10] 하이드록시에틸아크릴레이트/소듐아크릴로일다이메틸타우레이트코폴리머, [76-11] 솔비탄올리베이트, [76-12] 하이드록시아세토페논, [76-13] 암모늄아크릴로일다이메틸타우레이트/브이피코폴리머, [76-14] 카프릴릴글라이콜, [76-15] 에틸헥실글리세린, [76-16] 솔비탄아이소스테아레이트, [76-17] 다이소듐이디티에이, [76-18] 1,2-헥산다이올, [76-19] 알란토인, [76-20] 해수, [76-21] 클레리추출물, [76-22] 히아신스전초추출물, [76-23] 라벤더꽃추출물, [76-24] 보리지추출물, [76-25] 마트리카리아꽃추출물, [76-26] 수레국화꽃추출물, [76-27] 다이포타슘글리시리제이트, [76-28] 글라이코스핑고리피드, [76-29] 글라이코리피드, [76-30] 토코페롤, [76-31] 돌나물추출물(1ppm), [76-32] 소듐하이알루로네이트, [76-33] 에틸헥산다이올, [76-34] 하이드록시프로필트라이모늄하이알루로네이트, [76-35] 쑥잎추출물, [76-36] 티트리추출물, [76-37] 약모밀추출물, [76-38] 소듐아세틸레이티드하이알루로네이트, [76-39] 하이드롤라이즈드하이알루로닉애씨드, [76-40] 하이알루로닉애씨드, [76-41] 소듐하이알루로네이트크로스폴리머, [76-42] 하이드롤라이즈드소듐하이알루로네이트, [76-43] 정제수, [76-44] 스쿠알란, [76-45] 부틸렌글라이콜, [76-46] 글리세린, [76-47] 부틸렌글라이콜다이카프릴레이트/다이카프레이트, [76-48] 1,2-헥산다이올, [76-49] 하이드로제네이티드폴리(C6-14올레핀), [76-50] 베타인, [76-51] 하이드록시아세토페논, [76-52] 아보카도오일, [76-53] 소듐하이알루로네이트, [76-54] 라벤더꽃추출물, [76-55] 클레리추출물, [76-56] 히아신스전초추출물, [76-57] 마트리카리아꽃추출물, [76-58] 보리지추출물, [76-59] 수레국화꽃추출물, [76-60] 돌나물추출물(100ppm), [76-61] 해수, [76-62] 하이드롤라이즈드소듐하이알루로네이트, [76-63] 하이알루로닉애씨드, [76-64] 소듐하이알루로네이트크로스폴리머, [76-65] 하이드롤라이즈드하이알루로닉애씨드, [76-66] 세테아릴알코올, [76-67] 아크릴레이트/C10-30알킬아크릴레이트크로스폴리머, [76-68] 포도씨오일, [76-69] 알지닌, [76-70] 암모늄아크릴로일다이메틸타우레이트/브이피코폴리머, [76-71] 세테아릴올리베이트, [76-72] 솔비탄올리베이트, [76-73] 하이드로제네이티드레시틴, [76-74] 다이포타슘글리시리제이트, [76-75] 에틸헥실글리세린, [76-76] 카프릴릴글라이콜"""
"A000000204159","다슈 보이 파란 수분초 올인원 150ml 기획 (+수분크림 50ml)","다슈","150.0","200.0","ml","23000.0","14800","740.0","""올인원
 정제수, 부틸렌글라이콜, 글리세린, 카프릴릴메티콘, 나이아신아마이드, 벤질글라이콜, 소듐아크릴레이트/소듐아크릴로일다이메틸타우레이트코폴리머, 폴리아이소부텐, 세테아릴올리베이트, 솔비탄올리베이트, 녹두추출물, 프로판다이올, 솔비탄올리에이트, 카프릴릴/카프릴글루코사이드, 에틸헥실글리세린, 1,2-헥산다이올, 아데노신, 다이소듐이디티에이, 바다포도추출물, 알란토인, 올레라케아아크멜라추출물, 라벤더꽃추출물, 보리지추출, 수레국화꽃추출물, 마트리카리아꽃추출물, 클레리추출물, 히아신스전초추출물, 돌나물추출물(50ppm), 소듐하이알루로네이트크로스폴리머, 하이드롤라이즈드글라이코사미노글리칸, 소듐하이알루로네이트, 하이드롤라이즈드하이알루로닉애씨드, 하이알루로닉애씨

수분크림
정제수,스쿠알란,부틸렌글라이콜,글리세린,부틸렌글라이콜다이카프릴레이트/다이카프레이트,1,2-헥산다이올,하이드로제네이티드폴리(C6-14올레핀),베타인,하이드록시아세토페논,아보카도오일,소듐하이알루로네이트,라벤더꽃추출물,클레리추출물,히아신스전초추출물,마트리카리아꽃추출물,보리지추출물,수레국화꽃추출물,돌나물추출물(100ppm),해수,하이드롤라이즈드소듐하이알루로네이트,하이알루로닉애씨드,소듐하이알루로네이트크로스폴리머,하이드롤라이즈드하이알루로닉애씨드,세테아릴알코올,아크릴레이트/C10-30알킬아크릴레이트크로스폴리머,포도씨오일,알지닌,암모늄아크릴로일다이메틸타우레이트/브이피코폴리머,세테아릴올리베이트,솔비탄올리베이트,하이드로제네이티드레시틴,다이포타슘글리시리제이트,에틸헥실글리세린,카프릴릴글라이콜""","","[66-1] 정제수, [66-2] 부틸렌글라이콜, [66-3] 글리세린, [66-4] 카프릴릴메티콘, [66-5] 나이아신아마이드, [66-6] 벤질글라이콜, [66-7] 소듐아크릴레이트/소듐아크릴로일다이메틸타우레이트코폴리머, [66-8] 폴리아이소부텐, [66-9] 세테아릴올리베이트, [66-10] 솔비탄올리베이트, [66-11] 녹두추출물, [66-12] 프로판다이올, [66-13] 솔비탄올리에이트, [66-14] 카프릴릴/카프릴글루코사이드, [66-15] 에틸헥실글리세린, [66-16] 1,2-헥산다이올, [66-17] 아데노신, [66-18] 다이소듐이디티에이, [66-19] 바다포도추출물, [66-20] 알란토인, [66-21] 올레라케아아크멜라추출물, [66-22] 라벤더꽃추출물, [66-23] 보리지추출, [66-24] 수레국화꽃추출물, [66-25] 마트리카리아꽃추출물, [66-26] 클레리추출물, [66-27] 히아신스전초추출물, [66-28] 돌나물추출물(50ppm), [66-29] 소듐하이알루로네이트크로스폴리머, [66-30] 하이드롤라이즈드글라이코사미노글리칸, [66-31] 소듐하이알루로네이트, [66-32] 하이드롤라이즈드하이알루로닉애씨드, [66-33] 정제수, [66-34] 스쿠알란, [66-35] 부틸렌글라이콜, [66-36] 글리세린, [66-37] 부틸렌글라이콜다이카프릴레이트/다이카프레이트, [66-38] 1,2-헥산다이올, [66-39] 하이드로제네이티드폴리(C6-14올레핀), [66-40] 베타인, [66-41] 하이드록시아세토페논, [66-42] 아보카도오일, [66-43] 소듐하이알루로네이트, [66-44] 라벤더꽃추출물, [66-45] 클레리추출물, [66-46] 히아신스전초추출물, [66-47] 마트리카리아꽃추출물, [66-48] 보리지추출물, [66-49] 수레국화꽃추출물, [66-50] 돌나물추출물(100ppm), [66-51] 해수, [66-52] 하이드롤라이즈드소듐하이알루로네이트, [66-53] 하이알루로닉애씨드, [66-54] 소듐하이알루로네이트크로스폴리머, [66-55] 하이드롤라이즈드하이알루로닉애씨드, [66-56] 세테아릴알코올, [66-57] 아크릴레이트/C10-30알킬아크릴레이트크로스폴리머, [66-58] 포도씨오일, [66-59] 알지닌, [66-60] 암모늄아크릴로일다이메틸타우레이트/브이피코폴리머, [66-61] 세테아릴올리베이트, [66-62] 솔비탄올리베이트, [66-63] 하이드로제네이티드레시틴, [66-64] 다이포타슘글리시리제이트, [66-65] 에틸헥실글리세린, [66-66] 카프릴릴글라이콜"""
"A000000207456","[선케어/반톤업] 닥터지 레드 블레미쉬 포 맨 올인원 톤 로션 50ml 기획 (+젠틀폼 30ml)","닥터지","50.0","80.0","ml","32000.0","19900","2487.5","[올인원 톤로션]
정제수, 다이부틸아디페이트, 부틸옥틸살리실레이트, 에칠헥실트리아존, 프로판다이올, 티타늄디옥사이드, 나이아신아마이드, 드로메트리졸트리실록산, 부틸렌글라이콜다이카프릴레이트/다이카프레이트, 에틸헥실팔미테이트, 글리세린, 티타늄디옥사이드(CI 77891), 코코-카프릴레이트/카프레이트, 비스-에칠헥실옥시페놀메톡시페닐트리아진, 테레프탈릴리덴디캠퍼설포닉애씨드, 1,2-헥산다이올, 메틸메타크릴레이트크로스폴리머, 폴리메틸실세스퀴옥세인,브이피/헥사데센코폴리머, 트로메타민, 폴리C10-30알킬아크릴레이트,하이드록시프로필메틸셀룰로오스스테아록시에터, 폴리하이드록시스테아릭애씨드, 스테아릭애씨드, 알루미늄하이드록사이드, 소듐폴리아크릴로일다이메틸타우레이트, 소듐아크릴레이트/소듐아크릴로일다이메틸타우레이트코폴리머, 황색산화철, 하이드로제네이티드폴리(C6-14올레핀), 세테아릴알코올, 폴리글리세릴-3다이스테아레이트, 암모늄폴리아크릴로일다이메틸타우레이트,트라이에톡시카프릴릴실레인, 부틸렌글라이콜, 알루미나, 에틸헥실글리세린, 아데노신, 소듐폴리아크릴레이트, 적색산화철,하이드로제네이티드레시틴, 라우릴글루코사이드, 글리세릴스테아레이트시트레이트, 소듐스테아로일글루타메이트, 병풀추출물, 무화과추출물, 흑색산화철, 폴리에터-1, t-부틸알코올,세라마이드엔피, 글루타티온, 마데카소사이드, 카나우바왁스,아시아티코사이드, 마데카식애씨드, 아시아틱애씨드, 쌀겨왁스,소듐하이알루로네이트, 하이드록시프로필트라이모늄하이알루로네이트, 소듐아세틸레이티드하이알루로네이트, 하이드롤라이즈드하이알루로닉애씨드, 소듐하이알루로네이트크로스폴리머, 하이드롤라이즈드소듐하이알루로네이트, 하이알루로닉애씨드, 포타슘하이알루로네이트

[젠틀클렌징폼]
정제수, 글리세린, 소듐코코일이세티오네이트, 부틸렌글라이콜, 소듐메틸코코일타우레이트, 코코-베타인, 하이드록시프로필스타치포스페이트, 살리실릭애씨드, 포타슘벤조에이트, 소듐클로라이드, 알란토인, 인도멀구슬나무잎추출물, 다이소듐이디티에이, 인도멀구슬나무꽃추출물, 카프릴로일살리실릭애씨드, 아이비고드열매추출물, 호박가루, 가지열매추출물, 병풀추출물, 펜틸렌글라이콜, 울금뿌리추출물, 홀리바질잎추출물, 1,2-헥산다이올, 참산호말추출물, 드럼스틱씨오일, 마데카소사이드, 에난티아 클로란타껍질추출물, 아시아티코사이드, 마데카식애씨드, 아시아틱애씨드, 알로에베라잎추출물, 참마뿌리추출물, 다시마추출물, 당느릅나무뿌리추출물, 제비꽃꽃추출물, 올레아놀릭애씨드","","[99-1] 정제수, [99-2] 다이부틸아디페이트, [99-3] 부틸옥틸살리실레이트, [99-4] 에칠헥실트리아존, [99-5] 프로판다이올, [99-6] 티타늄디옥사이드, [99-7] 나이아신아마이드, [99-8] 드로메트리졸트리실록산, [99-9] 부틸렌글라이콜다이카프릴레이트/다이카프레이트, [99-10] 에틸헥실팔미테이트, [99-11] 글리세린, [99-12] 티타늄디옥사이드(CI 77891), [99-13] 코코-카프릴레이트/카프레이트, [99-14] 비스-에칠헥실옥시페놀메톡시페닐트리아진, [99-15] 테레프탈릴리덴디캠퍼설포닉애씨드, [99-16] 1,2-헥산다이올, [99-17] 메틸메타크릴레이트크로스폴리머, [99-18] 폴리메틸실세스퀴옥세인, [99-19] 브이피/헥사데센코폴리머, [99-20] 트로메타민, [99-21] 폴리C10-30알킬아크릴레이트, [99-22] 하이드록시프로필메틸셀룰로오스스테아록시에터, [99-23] 폴리하이드록시스테아릭애씨드, [99-24] 스테아릭애씨드, [99-25] 알루미늄하이드록사이드, [99-26] 소듐폴리아크릴로일다이메틸타우레이트, [99-27] 소듐아크릴레이트/소듐아크릴로일다이메틸타우레이트코폴리머, [99-28] 황색산화철, [99-29] 하이드로제네이티드폴리(C6-14올레핀), [99-30] 세테아릴알코올, [99-31] 폴리글리세릴-3다이스테아레이트, [99-32] 암모늄폴리아크릴로일다이메틸타우레이트, [99-33] 트라이에톡시카프릴릴실레인, [99-34] 부틸렌글라이콜, [99-35] 알루미나, [99-36] 에틸헥실글리세린, [99-37] 아데노신, [99-38] 소듐폴리아크릴레이트, [99-39] 적색산화철, [99-40] 하이드로제네이티드레시틴, [99-41] 라우릴글루코사이드, [99-42] 글리세릴스테아레이트시트레이트, [99-43] 소듐스테아로일글루타메이트, [99-44] 병풀추출물, [99-45] 무화과추출물, [99-46] 흑색산화철, [99-47] 폴리에터-1, [99-48] t-부틸알코올, [99-49] 세라마이드엔피, [99-50] 글루타티온, [99-51] 마데카소사이드, [99-52] 카나우바왁스, [99-53] 아시아티코사이드, [99-54] 마데카식애씨드, [99-55] 아시아틱애씨드, [99-56] 쌀겨왁스, [99-57] 소듐하이알루로네이트, [99-58] 하이드록시프로필트라이모늄하이알루로네이트, [99-59] 소듐아세틸레이티드하이알루로네이트, [99-60] 하이드롤라이즈드하이알루로닉애씨드, [99-61] 소듐하이알루로네이트크로스폴리머, [99-62] 하이드롤라이즈드소듐하이알루로네이트, [99-63] 하이알루로닉애씨드, [99-64] 정제수, [99-65] 글리세린, [99-66] 소듐코코일이세티오네이트, [99-67] 부틸렌글라이콜, [99-68] 소듐메틸코코일타우레이트, [99-69] 코코-베타인, [99-70] 하이드록시프로필스타치포스페이트, [99-71] 살리실릭애씨드, [99-72] 포타슘벤조에이트, [99-73] 소듐클로라이드, [99-74] 알란토인, [99-75] 인도멀구슬나무잎추출물, [99-76] 다이소듐이디티에이, [99-77] 인도멀구슬나무꽃추출물, [99-78] 카프릴로일살리실릭애씨드, [99-79] 아이비고드열매추출물, [99-80] 호박가루, [99-81] 가지열매추출물, [99-82] 병풀추출물, [99-83] 펜틸렌글라이콜, [99-84] 울금뿌리추출물, [99-85] 홀리바질잎추출물, [99-86] 1,2-헥산다이올, [99-87] 참산호말추출물, [99-88] 드럼스틱씨오일, [99-89] 마데카소사이드, [99-90] 에난티아 클로란타껍질추출물, [99-91] 아시아티코사이드, [99-92] 마데카식애씨드, [99-93] 아시아틱애씨드, [99-94] 알로에베라잎추출물, [99-95] 참마뿌리추출물, [99-96] 다시마추출물, [99-97] 당느릅나무뿌리추출물, [99-98] 제비꽃꽃추출물, [99-99] 올레아놀릭애씨드"
"A000000209130","로레알파리 맨 이드라파워 수분 올인원 50ml 단품/기획 택 1","로레알맨","50.0","50.0","ml","","28000","5600.0","정제수,에탄올,글리세린,아이소헥사데칸,하이드로제네이티드폴리아이소부텐,부틸렌글라이콜,시어버터씨드케이크추출물,페퍼민트추출물,비피다발효용해물,멘톨,소듐아세틸레이티드하이알루로네이트,소듐하이알루로네이트,소듐하이드록사이드,세테아릴에틸헥사노에이트,아이소프로필미리스테이트,아세틱애씨드,암모늄폴리아크릴로일다이메틸타우레이트,카프릴릴글라이콜,락틱애씨드,펜틸렌글라이콜,토코페롤,옥수수전분,다이메티콘,피이지/피피지-18/18다이메티콘,리날룰,페녹시에탄올,소듐벤조에이트,향료","","[28-1] 정제수, [28-2] 에탄올, [28-3] 글리세린, [28-4] 아이소헥사데칸, [28-5] 하이드로제네이티드폴리아이소부텐, [28-6] 부틸렌글라이콜, [28-7] 시어버터씨드케이크추출물, [28-8] 페퍼민트추출물, [28-9] 비피다발효용해물, [28-10] 멘톨, [28-11] 소듐아세틸레이티드하이알루로네이트, [28-12] 소듐하이알루로네이트, [28-13] 소듐하이드록사이드, [28-14] 세테아릴에틸헥사노에이트, [28-15] 아이소프로필미리스테이트, [28-16] 아세틱애씨드, [28-17] 암모늄폴리아크릴로일다이메틸타우레이트, [28-18] 카프릴릴글라이콜, [28-19] 락틱애씨드, [28-20] 펜틸렌글라이콜, [28-21] 토코페롤, [28-22] 옥수수전분, [28-23] 다이메티콘, [28-24] 피이지/피피지-18/18다이메티콘, [28-25] 리날룰, [28-26] 페녹시에탄올, [28-27] 소듐벤조에이트, [28-28] 향료"
"A000000209705","더페이스샵 더프레시 포맨 수분 플루이드 200ml","더페이스샵","200.0","200.0","ml","21000.0","14700","735.0","정제수, 프로판다이올, 에탄올, 에틸헥실팔미테이트, 글리세린, 1,2-헥산다이올, 판테놀, 루이보스추출물, 마돈나백합꽃추출물, 보리지추출물, 살비아잎추출물, 수레국화꽃추출물, 캐모마일꽃추출물, 홍차추출물, 트레할로오스, 소듐하이알루로네이트, 부틸렌글라이콜, 잔탄검, 라이조비안검, 사이클로펜타실록세인, 사이클로헥사실록세인, 아크릴레이트/C10-30알킬아크릴레이트크로스폴리머, 암모늄아크릴로일다이메틸타우레이트/브이피코폴리머, 에틸헥실글리세린, 포타슘하이드록사이드, 트라이소듐이디티에이, 페녹시에탄올, 향료, 리모넨, 헥실신나몰, 리날룰","","[31-1] 정제수, [31-2] 프로판다이올, [31-3] 에탄올, [31-4] 에틸헥실팔미테이트, [31-5] 글리세린, [31-6] 1,2-헥산다이올, [31-7] 판테놀, [31-8] 루이보스추출물, [31-9] 마돈나백합꽃추출물, [31-10] 보리지추출물, [31-11] 살비아잎추출물, [31-12] 수레국화꽃추출물, [31-13] 캐모마일꽃추출물, [31-14] 홍차추출물, [31-15] 트레할로오스, [31-16] 소듐하이알루로네이트, [31-17] 부틸렌글라이콜, [31-18] 잔탄검, [31-19] 라이조비안검, [31-20] 사이클로펜타실록세인, [31-21] 사이클로헥사실록세인, [31-22] 아크릴레이트/C10-30알킬아크릴레이트크로스폴리머, [31-23] 암모늄아크릴로일다이메틸타우레이트/브이피코폴리머, [31-24] 에틸헥실글리세린, [31-25] 포타슘하이드록사이드, [31-26] 트라이소듐이디티에이, [31-27] 페녹시에탄올, [31-28] 향료, [31-29] 리모넨, [31-30] 헥실신나몰, [31-31] 리날룰"
"A000000210948","운스트라움 에센셜 올인원 150ml","운스트라움","150.0","150.0","ml","","38000","2533.3","정제수, 다이부틸아디페이트, 프로판다이올, 부틸옥틸살리실레이트, 에칠헥실트리아존, 테레프탈 릴리덴디캠퍼설포닉애씨드, 폴리글리세릴-3다이스 테아레이트, 나이아신아마이드, 트로메타민, 1,2-헥 산다이올, 디에칠아미노하이드록시벤조일헥실벤조 에이트, 펜틸렌글라이콜, 폴리실리콘-15, 소나무잎추 출물, 풍선덩굴꽃/잎/덩굴추출물, 병풀뿌리추출물, 병풀잎추출물, 병풀추출물, 에키움 플란타기네움씨 오일, 글리세릴스테아레이트, 비스-에칠헥실옥시페 놀메톡시페닐트리아진, 세테아릴알코올, 옥틸도데칸 올, 메틸프로판다이올, 카보머, 암모늄아크릴로일다 이메틸타우레이트/브이피코폴리머, 글리세릴스테아 레이트시트레이트, 아크릴레이트/C10-30알킬아크 릴레이트크로스폴리머, 소듐스테아로일글루타메이 트, 에틸헥실글리세린, 아데노신, 해바라기씨오일 불검화물, 토코페롤, 알란토인, 판테놀, 부틸렌글라이콜, 효모발효물, 아시아티코사이드, 마데카소사이드, 마데카식애씨드, 아시아틱애씨드, 향료","","[42-1] 정제수, [42-2] 다이부틸아디페이트, [42-3] 프로판다이올, [42-4] 부틸옥틸살리실레이트, [42-5] 에칠헥실트리아존, [42-6] 테레프탈 릴리덴디캠퍼설포닉애씨드, [42-7] 폴리글리세릴-3다이스 테아레이트, [42-8] 나이아신아마이드, [42-9] 트로메타민, [42-10] 1,2-헥 산다이올, [42-11] 디에칠아미노하이드록시벤조일헥실벤조 에이트, [42-12] 펜틸렌글라이콜, [42-13] 폴리실리콘-15, [42-14] 소나무잎추 출물, [42-15] 풍선덩굴꽃/잎/덩굴추출물, [42-16] 병풀뿌리추출물, [42-17] 병풀잎추출물, [42-18] 병풀추출물, [42-19] 에키움 플란타기네움씨 오일, [42-20] 글리세릴스테아레이트, [42-21] 비스-에칠헥실옥시페 놀메톡시페닐트리아진, [42-22] 세테아릴알코올, [42-23] 옥틸도데칸 올, [42-24] 메틸프로판다이올, [42-25] 카보머, [42-26] 암모늄아크릴로일다 이메틸타우레이트/브이피코폴리머, [42-27] 글리세릴스테아 레이트시트레이트, [42-28] 아크릴레이트/C10-30알킬아크 릴레이트크로스폴리머, [42-29] 소듐스테아로일글루타메이 트, [42-30] 에틸헥실글리세린, [42-31] 아데노신, [42-32] 해바라기씨오일 불검화물, [42-33] 토코페롤, [42-34] 알란토인, [42-35] 판테놀, [42-36] 부틸렌글라이콜, [42-37] 효모발효물, [42-38] 아시아티코사이드, [42-39] 마데카소사이드, [42-40] 마데카식애씨드, [42-41] 아시아틱애씨드, [42-42] 향료"
"A000000210949","운스트라움 디 오리진 로션 150ml","운스트라움","150.0","150.0","ml","","24000","1600.0","정제수, 프로판다이올, 에틸헥실스테아레이트, 1,2-헥산다이올, 메틸트라이메티콘, 메틸프 로판다이올, 나이아신아마이드, 소나무잎추출물, 판테놀, 폴리메틸실세스퀴옥세인, 병풀뿌리추출 물, 병풀잎추출물, 병풀추출물, 글리세릴스테아레이트, 세테아릴알코올, 솔비탄스테아레이트, 카보머, 소듐스테아로일글루타메이트, 암모늄아크릴로일다이메틸타우레이트/브이피코폴리머, 잔탄검, 트로메타민, 부틸렌글라이콜, 다이소듐이디티 에이, 알란토인, 효모발효물, 아시아티코사이드, 마데카소사이드, 마데카식애씨드, 아시아틱애씨드, 향료, 에틸헥실글리세린","","[31-1] 정제수, [31-2] 프로판다이올, [31-3] 에틸헥실스테아레이트, [31-4] 1,2-헥산다이올, [31-5] 메틸트라이메티콘, [31-6] 메틸프 로판다이올, [31-7] 나이아신아마이드, [31-8] 소나무잎추출물, [31-9] 판테놀, [31-10] 폴리메틸실세스퀴옥세인, [31-11] 병풀뿌리추출 물, [31-12] 병풀잎추출물, [31-13] 병풀추출물, [31-14] 글리세릴스테아레이트, [31-15] 세테아릴알코올, [31-16] 솔비탄스테아레이트, [31-17] 카보머, [31-18] 소듐스테아로일글루타메이트, [31-19] 암모늄아크릴로일다이메틸타우레이트/브이피코폴리머, [31-20] 잔탄검, [31-21] 트로메타민, [31-22] 부틸렌글라이콜, [31-23] 다이소듐이디티 에이, [31-24] 알란토인, [31-25] 효모발효물, [31-26] 아시아티코사이드, [31-27] 마데카소사이드, [31-28] 마데카식애씨드, [31-29] 아시아틱애씨드, [31-30] 향료, [31-31] 에틸헥실글리세린"
"A000000214141","키엘 칼렌듈라 에멀전 125ml","키엘","125.0","125.0","ml","72000.0","56880","4550.4","정제수 글리세린 아이소프로필라우로일사코시네이트 다이메티콘 나이아신아마이드 프로판다이올 프로필렌글라이콜 C14-22알코올 판테놀 다이메티콘/비닐다이메티콘크로스폴리머 페녹시에탄올 토코페롤 카프릴로일살리실릭애씨드 C12-20알킬글루코사이드 카보머 피리독신에이치씨엘 클로페네신 펜타에리스리틸테트라-다이-t-부틸하이드록시하이드로신나메이트 잔탄검 아크릴레이트/C10-30알킬아크릴레이트크로스폴리머 레몬껍질오일 리모넨 포트마리골드꽃(0.13%) 트라이소듐에틸렌다이아민다이석시네이트 징크피씨에이 말토덱스트린 소듐하이드록사이드 포트마리골드꽃추출물(0.0525%) 와일드제라늄오일 마트리카리아꽃오일 시트릭애씨드 트라이데세스-6 피이지-30다이폴리하이드록시스테아레이트 시트랄 홍차추출물 시트로넬올 제라니올 리날룰 카멜그라스오일 쓴쑥추출물","","[40-1] 정제수, [40-2] 글리세린, [40-3] 아이소프로필라우로일사코시네이트, [40-4] 다이메티콘, [40-5] 나이아신아마이드, [40-6] 프로판다이올, [40-7] 프로필렌글라이콜, [40-8] C14-22알코올, [40-9] 판테놀, [40-10] 다이메티콘/비닐다이메티콘크로스폴리머, [40-11] 페녹시에탄올, [40-12] 토코페롤, [40-13] 카프릴로일살리실릭애씨드, [40-14] C12-20알킬글루코사이드, [40-15] 카보머, [40-16] 피리독신에이치씨엘, [40-17] 클로페네신, [40-18] 펜타에리스리틸테트라-다이-t-부틸하이드록시하이드로신나메이트, [40-19] 잔탄검, [40-20] 아크릴레이트/C10-30알킬아크릴레이트크로스폴리머, [40-21] 레몬껍질오일, [40-22] 리모넨, [40-23] 포트마리골드꽃(0.13%), [40-24] 트라이소듐에틸렌다이아민다이석시네이트, [40-25] 징크피씨에이, [40-26] 말토덱스트린, [40-27] 소듐하이드록사이드, [40-28] 포트마리골드꽃추출물(0.0525%), [40-29] 와일드제라늄오일, [40-30] 마트리카리아꽃오일, [40-31] 시트릭애씨드, [40-32] 트라이데세스-6, [40-33] 피이지-30다이폴리하이드록시스테아레이트, [40-34] 시트랄, [40-35] 홍차추출물, [40-36] 시트로넬올, [40-37] 제라니올, [40-38] 리날룰, [40-39] 카멜그라스오일, [40-40] 쓴쑥추출물"
"A000000222771","[여드름피부적합] 아이디얼포맨 시카 올인원 150ml","아이디얼포맨","150.0","150.0","ml","26000.0","11800","786.7","정제수,글리세린,프로판다이올,다이프로필렌글라이콜,1,2-헥산다이올,나이아신아마이드,베타인,2,3-부탄다이올,폴리메틸실세스퀴옥세인,병풀추출물,쇠비름추출물,약모밀추출물,플랑크톤추출물,소듐하이알루로네이트,수크로오스스테아레이트,다이에톡시에틸석시네이트,스쿠알란,카프릴릴메티콘,폴리글리세릴-10라우레이트,폴리글리세릴-10스테아레이트,카보머,트로메타민,에틸헥실글리세린,잔탄검,아데노신,글리세릴폴리메타크릴레이트,부틸렌글라이콜,다이소듐이디티에이,카프릴릭/카프릭트라이글리세라이드,하이드로제네이티드포스파티딜콜린,세테아릴알코올,마데카식애씨드,아시아티코사이드,토코페롤,하이드롤라이즈드하이알루로닉애씨드,마데카소사이드,아시아틱애씨드,에스신,소듐아세틸레이티드하이알루로네이트,해수","","[40-1] 정제수, [40-2] 글리세린, [40-3] 프로판다이올, [40-4] 다이프로필렌글라이콜, [40-5] 1,2-헥산다이올, [40-6] 나이아신아마이드, [40-7] 베타인, [40-8] 2,3-부탄다이올, [40-9] 폴리메틸실세스퀴옥세인, [40-10] 병풀추출물, [40-11] 쇠비름추출물, [40-12] 약모밀추출물, [40-13] 플랑크톤추출물, [40-14] 소듐하이알루로네이트, [40-15] 수크로오스스테아레이트, [40-16] 다이에톡시에틸석시네이트, [40-17] 스쿠알란, [40-18] 카프릴릴메티콘, [40-19] 폴리글리세릴-10라우레이트, [40-20] 폴리글리세릴-10스테아레이트, [40-21] 카보머, [40-22] 트로메타민, [40-23] 에틸헥실글리세린, [40-24] 잔탄검, [40-25] 아데노신, [40-26] 글리세릴폴리메타크릴레이트, [40-27] 부틸렌글라이콜, [40-28] 다이소듐이디티에이, [40-29] 카프릴릭/카프릭트라이글리세라이드, [40-30] 하이드로제네이티드포스파티딜콜린, [40-31] 세테아릴알코올, [40-32] 마데카식애씨드, [40-33] 아시아티코사이드, [40-34] 토코페롤, [40-35] 하이드롤라이즈드하이알루로닉애씨드, [40-36] 마데카소사이드, [40-37] 아시아틱애씨드, [40-38] 에스신, [40-39] 소듐아세틸레이티드하이알루로네이트, [40-40] 해수"
"A000000222772","[자외선차단+스킨케어] 아이디얼포맨 선 올인원 140ml","아이디얼포맨","140.0","140.0","ml","24000.0","13800","985.7","정제수,다이아이소프로필세바케이트,부틸옥틸살리실레이트,다이부틸아디페이트,에칠헥실트리아존,폴리메틸실세스퀴옥세인,디에칠아미노하이드록시벤조일헥실벤조에이트,나이아신아마이드,드로메트리졸트리실록산,메칠렌비스-벤조트리아졸릴테트라메칠부틸페놀,코코-카프릴레이트/카프레이트,프로판다이올,카프릴릴메티콘,글리세린,1,2-헥산다이올,부틸렌글라이콜,펜틸렌글라이콜,귀리커넬추출물,아티초크잎추출물,풍선덩굴꽃/잎/덩굴추출물,에키움 플란타기네움씨오일,녹차수,하이드로제네이티드레시틴,베헤닐알코올,폴리C10-30알킬아크릴레이트,폴리글리세릴-3메틸글루코오스다이스테아레이트,옥틸도데칸올,데실글루코사이드,메틸프로판다이올,트로메타민,카보머,아크릴레이트/C10-30알킬아크릴레이트크로스폴리머,소듐스테아로일글루타메이트,폴리아크릴레이트크로스폴리머-6,에틸헥실글리세린,아데노신,폴리쿼터늄-51,베타-글루칸,해바라기씨오일불검화물,잔탄검,옥타데케인,토코페롤,락틱애씨드/글라이콜릭애씨드코폴리머,카프릴릴글라이콜","","[44-1] 정제수, [44-2] 다이아이소프로필세바케이트, [44-3] 부틸옥틸살리실레이트, [44-4] 다이부틸아디페이트, [44-5] 에칠헥실트리아존, [44-6] 폴리메틸실세스퀴옥세인, [44-7] 디에칠아미노하이드록시벤조일헥실벤조에이트, [44-8] 나이아신아마이드, [44-9] 드로메트리졸트리실록산, [44-10] 메칠렌비스-벤조트리아졸릴테트라메칠부틸페놀, [44-11] 코코-카프릴레이트/카프레이트, [44-12] 프로판다이올, [44-13] 카프릴릴메티콘, [44-14] 글리세린, [44-15] 1,2-헥산다이올, [44-16] 부틸렌글라이콜, [44-17] 펜틸렌글라이콜, [44-18] 귀리커넬추출물, [44-19] 아티초크잎추출물, [44-20] 풍선덩굴꽃/잎/덩굴추출물, [44-21] 에키움 플란타기네움씨오일, [44-22] 녹차수, [44-23] 하이드로제네이티드레시틴, [44-24] 베헤닐알코올, [44-25] 폴리C10-30알킬아크릴레이트, [44-26] 폴리글리세릴-3메틸글루코오스다이스테아레이트, [44-27] 옥틸도데칸올, [44-28] 데실글루코사이드, [44-29] 메틸프로판다이올, [44-30] 트로메타민, [44-31] 카보머, [44-32] 아크릴레이트/C10-30알킬아크릴레이트크로스폴리머, [44-33] 소듐스테아로일글루타메이트, [44-34] 폴리아크릴레이트크로스폴리머-6, [44-35] 에틸헥실글리세린, [44-36] 아데노신, [44-37] 폴리쿼터늄-51, [44-38] 베타-글루칸, [44-39] 해바라기씨오일불검화물, [44-40] 잔탄검, [44-41] 옥타데케인, [44-42] 토코페롤, [44-43] 락틱애씨드/글라이콜릭애씨드코폴리머, [44-44] 카프릴릴글라이콜"
"A000000226597","네이처리퍼블릭 맨 인 블루 올인원 모이스처라이저 150ml","네이처리퍼블릭","150.0","150.0","ml","14500.0","7140","476.0","정제수, 글리세린, 프로판다이올, 베타인, 카프릴릭/카프릭트라이글리세라이드, 하이드로제네이티드폴리(C6-14올레핀), 1,2-헥산다이올, 아이리쉬모스추출물, 클로렐라 불가리스추출물, 사탕수수추출물, 인도멀구슬나무잎추출물, 인도멀구슬나무꽃추출물, 해수, 아이비고드열매추출물, 알로에베라꽃추출물, 가지열매추출물, 모자반추출물, 호호바씨오일, 백미꽃추출물, 참산호말추출물, 울금뿌리추출물, 홀리바질잎추출물, 개청각추출물, 감태추출물, 겔리듐 카르틸라기네움추출물, 톳추출물, 접시꽃추출물, 약모밀추출물, 효모발효여과물, 하이알루로닉애씨드, 하이드롤라이즈드하이알루로닉애씨드, 소듐하이알루로네이트, 글리세릴스테아레이트, 글라이코실트레할로오스, 암모늄아크릴로일다이메틸타우레이트/브
이피코폴리머, 카프릴릴글라이콜, 글루코오스, 하이드로제네이티드스타치하이드롤리세이트, 부틸렌글라이콜, 프룩토올리고사카라이드,프룩토오스, 하이드로제네이티드레시틴, 트로메타민, 팔미틱애씨드, 스테아릭애씨드, 석시닉애씨드, 부틸아보카데이트, 에틸헥실글리세린, 토코페롤, 세테아릴알코올, 카보머, 향료","","[52-1] 정제수, [52-2] 글리세린, [52-3] 프로판다이올, [52-4] 베타인, [52-5] 카프릴릭/카프릭트라이글리세라이드, [52-6] 하이드로제네이티드폴리(C6-14올레핀), [52-7] 1,2-헥산다이올, [52-8] 아이리쉬모스추출물, [52-9] 클로렐라 불가리스추출물, [52-10] 사탕수수추출물, [52-11] 인도멀구슬나무잎추출물, [52-12] 인도멀구슬나무꽃추출물, [52-13] 해수, [52-14] 아이비고드열매추출물, [52-15] 알로에베라꽃추출물, [52-16] 가지열매추출물, [52-17] 모자반추출물, [52-18] 호호바씨오일, [52-19] 백미꽃추출물, [52-20] 참산호말추출물, [52-21] 울금뿌리추출물, [52-22] 홀리바질잎추출물, [52-23] 개청각추출물, [52-24] 감태추출물, [52-25] 겔리듐 카르틸라기네움추출물, [52-26] 톳추출물, [52-27] 접시꽃추출물, [52-28] 약모밀추출물, [52-29] 효모발효여과물, [52-30] 하이알루로닉애씨드, [52-31] 하이드롤라이즈드하이알루로닉애씨드, [52-32] 소듐하이알루로네이트, [52-33] 글리세릴스테아레이트, [52-34] 글라이코실트레할로오스, [52-35] 이피코폴리머, [52-36] 카프릴릴글라이콜, [52-37] 글루코오스, [52-38] 하이드로제네이티드스타치하이드롤리세이트, [52-39] 부틸렌글라이콜, [52-40] 프룩토올리고사카라이드, [52-41] 프룩토오스, [52-42] 하이드로제네이티드레시틴, [52-43] 트로메타민, [52-44] 팔미틱애씨드, [52-45] 스테아릭애씨드, [52-46] 석시닉애씨드, [52-47] 부틸아보카데이트, [52-48] 에틸헥실글리세린, [52-49] 토코페롤, [52-50] 세테아릴알코올, [52-51] 카보머, [52-52] 향료"
"A000000233577","[NEW 화잘먹 피부 밀착 로션] 아렌시아 레드 스무디 로션 5 200ml","아렌시아","200.0","200.0","ml","26000.0","12870","643.5","정제수, 글리세린, 나이아신아마이드, 카프릴릭/카프릭트라이 글리세라이드, 1,2-헥산다이올, 세틸에틸헥사노에이트, 프로판다이올, C14-22알코올, 글리세릴스테아레이트, 카보머, C12-20알킬글루코사 이드, 트로메타민, 아데노신, 한련초추출물, 부틸렌글라이콜, 베타인, 인도멀구슬나무잎추출물, 귀리커넬추출물, 드럼스틱씨오일, 폴리글리 세릴-10라우레이트, 하이드롤라이즈드콜라겐, 하이드롤라이즈드익스 텐신, 베타-글루칸, 산수유열매추출물, 블랙체리열매추출물, 석류추출물, 라즈베리추출물, 크랜베리추출물, 에틸헥실글리세린, 트라이펩타이드-1, 팔미토일펜타펩타이드-4, 팔미토일트라이펩타이드-1, 아세틸테트라 펩타이드-2, 아세틸테트라펩타이드-5, 카퍼트라이펩타이드-1, 헥사펩 타이드-11, 헥사펩타이드-9, 팔미토일트라이펩타이드-5","","[38-1] 정제수, [38-2] 글리세린, [38-3] 나이아신아마이드, [38-4] 카프릴릭/카프릭트라이 글리세라이드, [38-5] 1,2-헥산다이올, [38-6] 세틸에틸헥사노에이트, [38-7] 프로판다이올, [38-8] C14-22알코올, [38-9] 글리세릴스테아레이트, [38-10] 카보머, [38-11] C12-20알킬글루코사 이드, [38-12] 트로메타민, [38-13] 아데노신, [38-14] 한련초추출물, [38-15] 부틸렌글라이콜, [38-16] 베타인, [38-17] 인도멀구슬나무잎추출물, [38-18] 귀리커넬추출물, [38-19] 드럼스틱씨오일, [38-20] 폴리글리 세릴-10라우레이트, [38-21] 하이드롤라이즈드콜라겐, [38-22] 하이드롤라이즈드익스 텐신, [38-23] 베타-글루칸, [38-24] 산수유열매추출물, [38-25] 블랙체리열매추출물, [38-26] 석류추출물, [38-27] 라즈베리추출물, [38-28] 크랜베리추출물, [38-29] 에틸헥실글리세린, [38-30] 트라이펩타이드-1, [38-31] 팔미토일펜타펩타이드-4, [38-32] 팔미토일트라이펩타이드-1, [38-33] 아세틸테트라 펩타이드-2, [38-34] 아세틸테트라펩타이드-5, [38-35] 카퍼트라이펩타이드-1, [38-36] 헥사펩 타이드-11, [38-37] 헥사펩타이드-9, [38-38] 팔미토일트라이펩타이드-5"
"A000000236436","랑콤 클라리피끄 에멀전 75ml","랑콤","75.0","75.0","ml","147000.0","119950","15993.3","정제수 글리세린 다이프로필렌글라이콜 다이메티콘 변성알코올 옥틸도데칸올 티타늄디옥사이드 나이아신아마이드 마이카 아스코빌글루코사이드 토코페롤 소듐하이드록사이드 페녹시에탄올 페닐에틸레조시놀 카페인 너도밤나무싹추출물 피이지-20메틸글루코오스세스퀴스테아레이트 폴리실리콘-11 폴리솔베이트80 잔탄검 벤조익애씨드 틴옥사이드 펜타에리스리틸테트라-다이-t-부틸하이드록시하이드로신나메이트 아이소헥사데칸 바이오사카라이드검-4 카프릴릴글라이콜 카프릴로일살리실릭애씨드 카프릴릭/카프릭트라이글리세라이드 아크릴아마이드/소듐아크릴로일다이메틸타우레이트코폴리머 솔비탄올리에이트 소르빅애씨드 비스-피이지/피피지-16/16피이지/피피지-16/16다이메티콘 시트릭애씨드 황금추출물 향료","","[35-1] 정제수, [35-2] 글리세린, [35-3] 다이프로필렌글라이콜, [35-4] 다이메티콘, [35-5] 변성알코올, [35-6] 옥틸도데칸올, [35-7] 티타늄디옥사이드, [35-8] 나이아신아마이드, [35-9] 마이카, [35-10] 아스코빌글루코사이드, [35-11] 토코페롤, [35-12] 소듐하이드록사이드, [35-13] 페녹시에탄올, [35-14] 페닐에틸레조시놀, [35-15] 카페인, [35-16] 너도밤나무싹추출물, [35-17] 피이지-20메틸글루코오스세스퀴스테아레이트, [35-18] 폴리실리콘-11, [35-19] 폴리솔베이트80, [35-20] 잔탄검, [35-21] 벤조익애씨드, [35-22] 틴옥사이드, [35-23] 펜타에리스리틸테트라-다이-t-부틸하이드록시하이드로신나메이트, [35-24] 아이소헥사데칸, [35-25] 바이오사카라이드검-4, [35-26] 카프릴릴글라이콜, [35-27] 카프릴로일살리실릭애씨드, [35-28] 카프릴릭/카프릭트라이글리세라이드, [35-29] 아크릴아마이드/소듐아크릴로일다이메틸타우레이트코폴리머, [35-30] 솔비탄올리에이트, [35-31] 소르빅애씨드, [35-32] 비스-피이지/피피지-16/16피이지/피피지-16/16다이메티콘, [35-33] 시트릭애씨드, [35-34] 황금추출물, [35-35] 향료"
"A000000242171","아이오페 XMD 클리니컬 리커버리 올인원 포맨 120g","아이오페","120.0","120.0","g(약 1ml 상당으로 근사)","42000.0","29400","2450.0","효모발효여과물@글리세린@부틸렌글라이콜@프로판다이올@변성알코올@베타인@나이아신아마이드@1,2-헥산다이올@정제수@판테놀@트로메타민@ 아크릴레이트/C10-30알킬아크릴레이트크로스폴리머@카보머@글리세릴카프릴레이트@클로렐라 프로토테코이데스추출물@에틸헥실글리세린@아데노신@프로필렌글라이콜@소듐글루코네이트@다이소듐이디티에이@소듐하이알로네이트@하이드롤라이즈드디엔에이@향료@리모넨@토코페롤@헥사펩타이드-9","","[2-1] 효모발효여과물@글리세린@부틸렌글라이콜@프로판다이올@변성알코올@베타인@나이아신아마이드@1, [2-2] 2-헥산다이올@정제수@판테놀@트로메타민@ 아크릴레이트/C10-30알킬아크릴레이트크로스폴리머@카보머@글리세릴카프릴레이트@클로렐라 프로토테코이데스추출물@에틸헥실글리세린@아데노신@프로필렌글라이콜@소듐글루코네이트@다이소듐이디티에이@소듐하이알로네이트@하이드롤라이즈드디엔에이@향료@리모넨@토코페롤@헥사펩타이드-9"
"A000000243680","피지오겔 DMT 페이셜 로션 200ml 기획 (+로션 50ml)","피지오겔","200.0","250.0","ml","","38000","1520.0","■ 정제수, 카프릴릭/카프릭트리글리세라이드,, 글리세린, 펜틸렌글라이콜, 코코넛오일, 기름야자오일, 쉐어버터, 올리브오일, 하이드로제네이티드레시틴, 하이드록시에칠셀룰로오스, 카프릴릴글라이콜, 잔탄검, 스쿠알란, 카보머, 소듐카보머, 세라마이드3","","[16-1] 정제수, [16-2] 카프릴릭/카프릭트리글리세라이드, [16-3] 글리세린, [16-4] 펜틸렌글라이콜, [16-5] 코코넛오일, [16-6] 기름야자오일, [16-7] 쉐어버터, [16-8] 올리브오일, [16-9] 하이드로제네이티드레시틴, [16-10] 하이드록시에칠셀룰로오스, [16-11] 카프릴릴글라이콜, [16-12] 잔탄검, [16-13] 스쿠알란, [16-14] 카보머, [16-15] 소듐카보머, [16-16] 세라마이드3"
"A000000244662","[클리어런스]아이디얼포맨 퍼펙트 올인원 기획/퍼펙트 보습 올인원 기획","아이디얼포맨","","","","28000.0","13910","","[퍼펙트올인원] 정제수,글리세린,에틸헥실스테아레이트,1,2-헥산다이올,메틸프로판다이올,나이아신아마이드,메틸트라이메티콘,변성알코올,폴리글리세릴-3다이스테아레이트,베타인,세테아릴알코올,판테놀,다시마추출물,한련초잎추출물,콜라겐추출물,소듐하이알루로네이트,하이드로제네이티드레시틴,글리세릴스테아레이트,카보머,다이프로필렌글라이콜,알지닌,글리세릴스테아레이트시트레이트,에틸헥실글리세린,소듐스테아로일글루타메이트,아데노신,스키조사카로미세스발효여과물,다이소듐이디티에이,프룩토올리고사카라이드,부틸렌글라이콜,베타-글루칸,하이드롤라이즈드하이알루로닉애씨드,카프릴릭/카프릭트라이글리세라이드,레티놀,에이치디아이/트라이메틸올헥실락톤크로스폴리머,하이드롤라이즈드엘라스틴,폴리비닐알코올,토코페롤,카프릴릴글라이콜,아세틸테트라펩타이드-5,잔탄검,페닐프로판올,향료
[바디워시] 정제수,코카미도프로필베타인,다이소듐코코암포다이아세테이트,소듐클로라이드,코코-글루코사이드,소듐메틸코코일타우레이트,병풀추출물,티트리잎추출물,삼나무잎추출물,연꽃잎추출물,효모발효물,퀼라자껍질추출물,백미꽃추출물,접시꽃추출물,라우라마이드미파,글리세린,메틸프로판다이올,카프릴릴글라이콜,데실글루코사이드,시트릭애씨드,코카마이드메틸엠이에이,소듐코코일이세티오네이트,프로판다이올,에틸헥실글리세린,소듐파이테이트,1,2-헥산다이올,폴리글리세릴-10아이소스테아레이트,폴리글리세릴-10올리에이트,부틸렌글라이콜,토코페롤,에탄올,포타슘벤조에이트,소듐벤조에이트,향료
[퍼펙트 클렌징폼] 정제수,글리세린,팔미틱애씨드,스테아릭애씨드,미리스틱애씨드,포타슘하이드록사이드,약모밀추출물,소듐하이알루로네이트,포타슘코코일글리시네이트,글리세릴스테아레이트에스이,폴리쿼터늄-7,소듐파이테이트,부틸렌글라이콜,판테놀,프로판다이올,솔비톨,글라이신,1,2-헥산다이올,세린,글루타믹애씨드,아스파틱애씨드,류신,알라닌,라이신,알지닌,타이로신,페닐알라닌,프롤린,트레오닌,발린,아이소류신,히스티딘,시스테인,메티오닌,에틸헥실글리세린,소듐벤조에이트
 [보습올인원] 정제수, 글리세린, 세테아릴알코올, 에틸헥실스테아레이트, 판테놀, 1,2-헥산다이올, 나이아신아마이드, 메틸트라이메티콘, 폴리글리세릴-3다이스테아레이트, 베헤닐알코올, 트레할로오스, 병풀추출물, 무화과추출물, 당느릅나무뿌리추출물, 줄맨드라미씨추출물, 뽕나무뿌리추출물, 병풀뿌리추출물, 병풀잎추출물, 하이드로제네이티드레시틴, 소듐하이알루로네이트, 마카다미아씨오일, 해바라기씨오일, 글리세릴스테아레이트, 베타인, 카보머, 소듐스테아로일글루타메이트, 다이메티콘/비닐다이메티콘크로스폴리머, 하이드록시아세토페논, 알지닌, 부틸렌글라이콜, 에틸헥실글리세린, 글리세릴스테아레이트시트레이트, 아데노신, 다이소듐이디티에이, 폴리글리세릴-10미리스테이트, 글리세릴스테아레이트에스이, 콜레스테롤, 세라마이드엔피, 프로판다이올, 수크로오스팔미테이트, 다이프로필렌글라이콜, 토코페롤, 7-데하이드로콜레스테롤, 글리세릴리놀리에이트, 칸디다 봄비콜라/글루코오스/메틸레이프씨데이트발효물, 폴리글리세릴-10스테아레이트, 하이드록시프로필사이클로덱스트린, 세테아릴올리베이트, 솔비탄올리베이트, 수크로오스다이스테아레이트, 효모발효물, 아시아티코사이드, 마데카소사이드, 마데카식애씨드, 아시아틱애씨드","","[164-1] 정제수, [164-2] 글리세린, [164-3] 에틸헥실스테아레이트, [164-4] 1,2-헥산다이올, [164-5] 메틸프로판다이올, [164-6] 나이아신아마이드, [164-7] 메틸트라이메티콘, [164-8] 변성알코올, [164-9] 폴리글리세릴-3다이스테아레이트, [164-10] 베타인, [164-11] 세테아릴알코올, [164-12] 판테놀, [164-13] 다시마추출물, [164-14] 한련초잎추출물, [164-15] 콜라겐추출물, [164-16] 소듐하이알루로네이트, [164-17] 하이드로제네이티드레시틴, [164-18] 글리세릴스테아레이트, [164-19] 카보머, [164-20] 다이프로필렌글라이콜, [164-21] 알지닌, [164-22] 글리세릴스테아레이트시트레이트, [164-23] 에틸헥실글리세린, [164-24] 소듐스테아로일글루타메이트, [164-25] 아데노신, [164-26] 스키조사카로미세스발효여과물, [164-27] 다이소듐이디티에이, [164-28] 프룩토올리고사카라이드, [164-29] 부틸렌글라이콜, [164-30] 베타-글루칸, [164-31] 하이드롤라이즈드하이알루로닉애씨드, [164-32] 카프릴릭/카프릭트라이글리세라이드, [164-33] 레티놀, [164-34] 에이치디아이/트라이메틸올헥실락톤크로스폴리머, [164-35] 하이드롤라이즈드엘라스틴, [164-36] 폴리비닐알코올, [164-37] 토코페롤, [164-38] 카프릴릴글라이콜, [164-39] 아세틸테트라펩타이드-5, [164-40] 잔탄검, [164-41] 페닐프로판올, [164-42] 정제수, [164-43] 코카미도프로필베타인, [164-44] 다이소듐코코암포다이아세테이트, [164-45] 소듐클로라이드, [164-46] 코코-글루코사이드, [164-47] 소듐메틸코코일타우레이트, [164-48] 병풀추출물, [164-49] 티트리잎추출물, [164-50] 삼나무잎추출물, [164-51] 연꽃잎추출물, [164-52] 효모발효물, [164-53] 퀼라자껍질추출물, [164-54] 백미꽃추출물, [164-55] 접시꽃추출물, [164-56] 라우라마이드미파, [164-57] 글리세린, [164-58] 메틸프로판다이올, [164-59] 카프릴릴글라이콜, [164-60] 데실글루코사이드, [164-61] 시트릭애씨드, [164-62] 코카마이드메틸엠이에이, [164-63] 소듐코코일이세티오네이트, [164-64] 프로판다이올, [164-65] 에틸헥실글리세린, [164-66] 소듐파이테이트, [164-67] 1,2-헥산다이올, [164-68] 폴리글리세릴-10아이소스테아레이트, [164-69] 폴리글리세릴-10올리에이트, [164-70] 부틸렌글라이콜, [164-71] 토코페롤, [164-72] 에탄올, [164-73] 포타슘벤조에이트, [164-74] 소듐벤조에이트, [164-75] 정제수, [164-76] 글리세린, [164-77] 팔미틱애씨드, [164-78] 스테아릭애씨드, [164-79] 미리스틱애씨드, [164-80] 포타슘하이드록사이드, [164-81] 약모밀추출물, [164-82] 소듐하이알루로네이트, [164-83] 포타슘코코일글리시네이트, [164-84] 글리세릴스테아레이트에스이, [164-85] 폴리쿼터늄-7, [164-86] 소듐파이테이트, [164-87] 부틸렌글라이콜, [164-88] 판테놀, [164-89] 프로판다이올, [164-90] 솔비톨, [164-91] 글라이신, [164-92] 1,2-헥산다이올, [164-93] 세린, [164-94] 글루타믹애씨드, [164-95] 아스파틱애씨드, [164-96] 류신, [164-97] 알라닌, [164-98] 라이신, [164-99] 알지닌, [164-100] 타이로신, [164-101] 페닐알라닌, [164-102] 프롤린, [164-103] 트레오닌, [164-104] 발린, [164-105] 아이소류신, [164-106] 히스티딘, [164-107] 시스테인, [164-108] 메티오닌, [164-109] 에틸헥실글리세린, [164-110] 정제수, [164-111] 글리세린, [164-112] 세테아릴알코올, [164-113] 에틸헥실스테아레이트, [164-114] 판테놀, [164-115] 1,2-헥산다이올, [164-116] 나이아신아마이드, [164-117] 메틸트라이메티콘, [164-118] 폴리글리세릴-3다이스테아레이트, [164-119] 베헤닐알코올, [164-120] 트레할로오스, [164-121] 병풀추출물, [164-122] 무화과추출물, [164-123] 당느릅나무뿌리추출물, [164-124] 줄맨드라미씨추출물, [164-125] 뽕나무뿌리추출물, [164-126] 병풀뿌리추출물, [164-127] 병풀잎추출물, [164-128] 하이드로제네이티드레시틴, [164-129] 소듐하이알루로네이트, [164-130] 마카다미아씨오일, [164-131] 해바라기씨오일, [164-132] 글리세릴스테아레이트, [164-133] 베타인, [164-134] 카보머, [164-135] 소듐스테아로일글루타메이트, [164-136] 다이메티콘/비닐다이메티콘크로스폴리머, [164-137] 하이드록시아세토페논, [164-138] 알지닌, [164-139] 부틸렌글라이콜, [164-140] 에틸헥실글리세린, [164-141] 글리세릴스테아레이트시트레이트, [164-142] 아데노신, [164-143] 다이소듐이디티에이, [164-144] 폴리글리세릴-10미리스테이트, [164-145] 글리세릴스테아레이트에스이, [164-146] 콜레스테롤, [164-147] 세라마이드엔피, [164-148] 프로판다이올, [164-149] 수크로오스팔미테이트, [164-150] 다이프로필렌글라이콜, [164-151] 토코페롤, [164-152] 7-데하이드로콜레스테롤, [164-153] 글리세릴리놀리에이트, [164-154] 칸디다 봄비콜라/글루코오스/메틸레이프씨데이트발효물, [164-155] 폴리글리세릴-10스테아레이트, [164-156] 하이드록시프로필사이클로덱스트린, [164-157] 세테아릴올리베이트, [164-158] 솔비탄올리베이트, [164-159] 수크로오스다이스테아레이트, [164-160] 효모발효물, [164-161] 아시아티코사이드, [164-162] 마데카소사이드, [164-163] 마데카식애씨드, [164-164] 아시아틱애씨드"
"A000000255061","헤이브로 맨즈 브라운 올인원로션 200ml","헤이브로","200.0","200.0","ml","","23800","1190.0","정제수, 비피다발효용해물, 글리세린, 카프릴릭/카프릭트라이글리세라이드, 에틸헥실팔미테이트, 1,2-헥산다이올, 나이아신아마이드, 프로판다이올, 글리세릴스테아레이트, 다이메티콘, 솔비탄스테아레이트, 소듐아크릴레이트/소듐아크릴로일다이메틸타우레이트코폴리머, 아이소헥사데칸, 알란토인, 베타인, 에리스리톨, 폴리솔베이트80, 에틸헥실글리세린, 잔탄검, 아데노신, 솔비탄올리에이트, 다이소듐이디티에이, 소듐디엔에이, 소듐하이알루로네이트, 하이드로제네이티드레시틴, 세라마이드엔피, 아텔로콜라겐, 콜라겐추출물, 콜라겐아미노산, 콜라겐, 하이드롤라이즈드콜라겐, 로진하이드롤라이즈드콜라겐, 포타슘미리스토일하이드콜라이즈드콜라겐, 수용성콜라겐, 수용성콜라겐크로스폴리머, 향료, 리모넨, 리날룰, 헥실신남알","","[39-1] 정제수, [39-2] 비피다발효용해물, [39-3] 글리세린, [39-4] 카프릴릭/카프릭트라이글리세라이드, [39-5] 에틸헥실팔미테이트, [39-6] 1,2-헥산다이올, [39-7] 나이아신아마이드, [39-8] 프로판다이올, [39-9] 글리세릴스테아레이트, [39-10] 다이메티콘, [39-11] 솔비탄스테아레이트, [39-12] 소듐아크릴레이트/소듐아크릴로일다이메틸타우레이트코폴리머, [39-13] 아이소헥사데칸, [39-14] 알란토인, [39-15] 베타인, [39-16] 에리스리톨, [39-17] 폴리솔베이트80, [39-18] 에틸헥실글리세린, [39-19] 잔탄검, [39-20] 아데노신, [39-21] 솔비탄올리에이트, [39-22] 다이소듐이디티에이, [39-23] 소듐디엔에이, [39-24] 소듐하이알루로네이트, [39-25] 하이드로제네이티드레시틴, [39-26] 세라마이드엔피, [39-27] 아텔로콜라겐, [39-28] 콜라겐추출물, [39-29] 콜라겐아미노산, [39-30] 콜라겐, [39-31] 하이드롤라이즈드콜라겐, [39-32] 로진하이드롤라이즈드콜라겐, [39-33] 포타슘미리스토일하이드콜라이즈드콜라겐, [39-34] 수용성콜라겐, [39-35] 수용성콜라겐크로스폴리머, [39-36] 향료, [39-37] 리모넨, [39-38] 리날룰, [39-39] 헥실신남알"
"A000000255603","[NEW] 헤라 옴므 블랙 인텐스 리차징 에멀전 110ml","헤라","110.0","110.0","ml","70000.0","56700","5154.5","정제수, 부틸렌글라이콜, 프로판다이올, 글리세린, 스쿠알란, 다이메티콘, 펜타에리스리틸테트라에틸헥사노에이트, 나이아신아마이드, 옥틸도데실미리스테이트, 1,2-헥산다이올, 베타인, 피씨에이다이메티콘, 향료, 시어버터, C14-22알코올, 글리세릴스테아레이트, 피이지-100스테아레이트, 하이드록시에틸아크릴레이트/소듐아크릴로일다이메틸타우레이트코폴리머, 폴리글리세릴-10스테아레이트, 베헤닐알코올, 글리세릴스테아레이트시트레이트, 트라이올레인, 팔미틱애씨드, 스테아릭애씨드, 카보머, C12-20알킬글루코사이드, 잔탄검, 글리세릴카프릴레이트, 트로메타민, 에틸헥실글리세린, 아데노신, 솔비탄아이소스테아레이트, 소듐메타포스페이트, 베타-글루칸, 쿠마린, 덱스트린, 카카오추출물, 리날룰, 리모넨, 돌콩오일, 라이신, 알지닌, 히스티딘, 알파-아이소메틸아이오논, 글루코오스, 자일로오스, 흑미추출물, 레티놀, 토코페롤, 만노오스, 소듐클로라이드, 식물성오일, 레시틴, 소듐포스페이트, 팔미토일펜타펩타이드-4, 포타슘클로라이드, 포타슘포스페이트, 마그네슘클로라이드, 칼슘클로라이드","","[59-1] 정제수, [59-2] 부틸렌글라이콜, [59-3] 프로판다이올, [59-4] 글리세린, [59-5] 스쿠알란, [59-6] 다이메티콘, [59-7] 펜타에리스리틸테트라에틸헥사노에이트, [59-8] 나이아신아마이드, [59-9] 옥틸도데실미리스테이트, [59-10] 1,2-헥산다이올, [59-11] 베타인, [59-12] 피씨에이다이메티콘, [59-13] 향료, [59-14] 시어버터, [59-15] C14-22알코올, [59-16] 글리세릴스테아레이트, [59-17] 피이지-100스테아레이트, [59-18] 하이드록시에틸아크릴레이트/소듐아크릴로일다이메틸타우레이트코폴리머, [59-19] 폴리글리세릴-10스테아레이트, [59-20] 베헤닐알코올, [59-21] 글리세릴스테아레이트시트레이트, [59-22] 트라이올레인, [59-23] 팔미틱애씨드, [59-24] 스테아릭애씨드, [59-25] 카보머, [59-26] C12-20알킬글루코사이드, [59-27] 잔탄검, [59-28] 글리세릴카프릴레이트, [59-29] 트로메타민, [59-30] 에틸헥실글리세린, [59-31] 아데노신, [59-32] 솔비탄아이소스테아레이트, [59-33] 소듐메타포스페이트, [59-34] 베타-글루칸, [59-35] 쿠마린, [59-36] 덱스트린, [59-37] 카카오추출물, [59-38] 리날룰, [59-39] 리모넨, [59-40] 돌콩오일, [59-41] 라이신, [59-42] 알지닌, [59-43] 히스티딘, [59-44] 알파-아이소메틸아이오논, [59-45] 글루코오스, [59-46] 자일로오스, [59-47] 흑미추출물, [59-48] 레티놀, [59-49] 토코페롤, [59-50] 만노오스, [59-51] 소듐클로라이드, [59-52] 식물성오일, [59-53] 레시틴, [59-54] 소듐포스페이트, [59-55] 팔미토일펜타펩타이드-4, [59-56] 포타슘클로라이드, [59-57] 포타슘포스페이트, [59-58] 마그네슘클로라이드, [59-59] 칼슘클로라이드"
