"goods_no","product_name","brand_name","ml_표시용량","ml_추정총용량","용량_단위","price_regular","price_sale","price_per_10ml","ingredient"
"A000000257580","[1등선크림/끈적임ZERO] VT 피디알엔 에어 클라우드 선스크린 50ml","VT","50.0","50.0","ml","26000","17500","3500.0","정제수, 다이부틸아디페이트, 부틸옥틸살리실레이트, 에칠헥실트리아존, 나이아신아마이드, 드로메트리졸트리실록산, 폴리글리세릴-3다이스테아레이트, 테레프탈릴리덴디캠퍼설포닉애씨드, 폴리메틸실세스퀴옥세인, 디에칠아미노하이드록시벤조일헥실벤조에이트, 트로메타민, 1,2-헥산다이올, 판테놀, 펜틸렌글라이콜, 글리세릴스테아레이트, 실리카, 카프릴릴메티콘, 비스-에칠헥실옥시페놀메톡시페닐트리아진, 프로판다이올, 포타슘세틸포스페이트, 폴리C10-30알킬아크릴레이트, 메틸프로판다이올, 카보머, 아크릴레이트/C10-30알킬아크릴레이트크로스폴리머, 에틸헥실글리세린, 잔탄검, 아데노신, 폴리에터-1, 글리세린, 산양삼추출물, 소듐하이알루로네이트, 하이알루로닉애씨드, 바이오사카라이드검-1, 토코페롤, 엑토인, 동백나무씨추출물, 3-O-에틸아스코빅애씨드, 징크하이드롤라이즈드하이알루로네이트, 소듐디엔에이(0.25ppm), 시트릭애씨드, 밀몽화꽃추출물, 부틸렌글라이콜, 미역취추출물, 클로브싹추출물, 다이펩타이드다이아미노부티로일벤질아마이드다이아세테이트, 다이메틸실란올하이알루로네이트, 하이드롤라이즈드하이알루로닉애씨드, 하이드롤라이즈드소듐하이알루로네이트, 소듐하이알루로네이트크로스폴리머, 하이드록시프로필트라이모늄하이알루로네이트, 소듐아세틸레이티드하이알루로네이트, 소듐하이알루로네이트다이메틸실란올"
"A000000257674","[8월올영픽/NEW] 오휘 데이쉴드 다크스팟 콜라겐 톤업 선 30ml/50ml (기획/단품)","오휘","30.0","80.0","ml","","34000","4250.0","정제수, 다이부틸아디페이트, 다이아이소프로필세바케이트, C12-15알킬벤조에이트, 티타늄디옥사이드, 프로판다이올, 메칠렌비스-벤조트리아졸릴테트라메칠부틸페놀, 나이아신아마이드, 폴리글리세릴-3메틸글루코오스다이스테아레이트, 코코-카프릴레이트/카프레이트, 1,2-헥산다이올, 에칠헥실트리아존, 부틸렌글라이콜, 디에칠아미노하이드록시벤조일헥실벤조에이트, 판테놀, 세틸포스페이트, 세테아릴알코올, 글리세릴스테아레이트, 폴리C10-30알킬아크릴레이트, 폴리하이드록시스테아릭애씨드, 다이메티콘, 데실글루코사이드, 암모늄폴리아크릴로일다이메틸타우레이트, 세테아릴올리베이트, 비닐다이메티콘/메티콘실세스퀴옥세인크로스폴리머, 솔비탄올리베이트, 트로메타민, 알루미나, 알루미늄스테아레이트, 아크릴레이트/C10-30알킬아크릴레이트크로스폴리머, 알란토인, 소듐스테아로일글루타메이트, 스테아릭애씨드, 스테아릴글리시레티네이트, 폴리실리콘-11, 폴리우레탄-15, 아데노신, 토코페롤, 글리세린, 만니톨, 플로레틴, 트라이소듐이디티에이, 돌콩오일, 잔탄검, 드럼스틱씨오일, 트라이에톡시카프릴릴실레인, T-부틸알코올, 다이메티콘크로스폴리머, 콜라겐(15ppm), 카프릴릴글라이콜, 크리신, 다마스크장미꽃추출물, 소듐디엔에이, 트라넥사믹애씨드, 아스코빅애씨드, 카프릴릭/카프릭트라이글리세라이드, 알루미늄하이드록사이드, 유비퀴논, 아이소프로필티타늄트라이아이소스테아레이트, 에틸헥실글리세린, 하이드로제네이티드레시틴, 미리스틱애씨드, 다이소듐이디티에이, 적색산화철, 울트라마린, 티타늄디옥사이드(CI 77891), 향료, 하이드록시시트로넬알, 리모넨, 리날룰"
"A000000219553","[1등 선크림/화잘먹] 구달 맑은 어성초 진정 수분 선크림 50ml 1+1 기획","구달","50.0","100.0","ml","22000","17900","1790.0","정제수, 다이부틸아디페이트, 프로판다이올, 폴리메틸실세스퀴옥세인, 다이아이소프로필세바케이트, 디에칠아미노하이드록시벤조일헥실벤조에이트, 에칠헥실트리아존, 메칠렌비스-벤조트리아졸릴테트라메칠부틸페놀, 코코-카프릴레이트/카프레이트, 디에칠헥실부타미도트리아존, 부틸렌글라이콜, 글리세린, 1,2-헥산다이올, 카프릴릴메티콘, 약모밀추출물, 펜틸렌글라이콜, 베헤닐알코올, 폴리C10-30알킬아크릴레이트, 폴리글리세릴-3메틸글루코오스다이스테아레이트, 데실글루코사이드, 트로메타민, 카보머, 아크릴레이트/C10-30알킬아크릴레이트크로스폴리머, 소듐스테아로일글루타메이트, 폴리아크릴레이트크로스폴리머-6, 에틸헥실글리세린, 잔탄검, t-부틸알코올, 토코페롤"
"A000000171650","[1+1/수분썬] 라운드랩 자작나무 수분 선크림 50ml 더블 기획","라운드랩","50.0","100.0","ml","37500","24500","2450.0","정제수, 다이부틸아디페이트, 프로판다이올, 디에칠아미노하이드록시벤조일헥실벤조에이트, 폴리메틸실세스퀴옥세인, 에칠헥실트리아존, 나이아신아마이드, 메칠렌비스-벤조트리아졸릴테트라메칠부틸페놀, 코코-카프릴레이트/카프레이트, 카프릴릴메티콘, 디에칠헥실부타미도트리아존, 글리세린, 1,2-헥산다이올, 부틸렌글라이콜, 자작나무수액(1,425ppm), 소듐하이알루로네이트, 하이알루로닉애씨드, 글리세릴글루코사이드, 다이포타슘글리시리제이트, 알란토인, 쇠비름추출물, 개똥쑥추출물, 구주소나무잎오일, 캐모마일꽃오일, 아크릴레이트/C10-30알킬아크릴레이트크로스폴리머, 소듐스테아로일글루타메이트, 폴리아크릴레이트크로스폴리머-6, 에틸헥실글리세린, 아스코빅애씨드, 아데노신, 펜틸렌글라이콜, 베헤닐알코올, 폴리C10-30알킬아크릴레이트, 폴리글리세릴-3메틸글루코오스다이스테아레이트, 데실글루코사이드, 트로메타민, 잔탄검, t-부틸알코올, 토코페롤, 카보머"
"A000000242716","[사용감 개선] 식물나라 가벼운 수분 선 젤 60ml 단품/2입/대용량/트래블키트","식물나라","60.0","120.0","ml","9800","5900","491.7","[선젤] 정제수, 트라이프로필렌글라이콜, 사이클로펜타실록세인, 다이부틸아디페이트, 다이아이소프로필아디페이트, 에칠헥실트리아존, 비스-에칠헥실옥시페놀메톡시페닐트리아진, 옥토크릴렌, 나이아신아마이드, 폴리메틸실세스퀴옥세인, 테레프탈릴리덴디캠퍼설포닉애씨드, 세테아릴알코올, 트로메타민, 1,2-헥산다이올, 알로에베라잎추출물, 소듐하이알루로네이트, 다이메티콘, 펜틸렌글라이콜, C13-15알케인, 하이드록시에틸우레아, C13-16아이소알케인, 소듐폴리아크릴로일다이메틸타우레이트, 다이메티콘/비닐다이메티콘크로스폴리머, 세테아릴올리베이트, 폴리C10-30알킬아크릴레이트, 솔비탄올리베이트, 소듐스테아로일글루타메이트, 부틸렌글라이콜, 폴리글리세릴-10미리스테이트, 다이메티콘올, 글리세릴글루코사이드, 메틸프로판다이올, 에틸헥실글리세린, 폴리아크릴레이트크로스폴리머-6, 폴리에터-1, 아데노신, 글리세린, 알지닌, 토코페롤, 카보머, 향료
[클렌징폼]
정제수, 글리세린, 미리스틱애씨드, 포타슘하이드록사이드, 코코-글루코사이드, 라우릭애씨드, 메틸프로판다이올, 팔미틱애씨드, 스테아릭애씨드, 글리세릴스테아레이트, 탄산수(9,750ppm), 당느릅나무뿌리추출물, 줄맨드라미씨추출물, 무화과추출물, 병풀추출물, 페퍼민트오일, 하이드로제네이티드레시틴, 솔비탄올리베이트, 에틸헥실글리세린, 만니톨, 다이소듐이디티에이, 피이지-14M, 마이크로크리스탈린셀룰로오스, 부틸렌글라이콜, 수크로오스, 1,2-헥산다이올, 멘톨, 에틸멘탄카복사마이드, 옥수수전분, 하이드록시프로필메틸셀룰로오스, 실리카, 비에이치티, 세라마이드엔피, 향료, 울트라마린"
"A000000254726","[1+1/TXA/화잘먹] 셀리맥스 트라넥삼산 브라이트닝 잡티 선크림 50ml 더블 기획","셀리맥스","50.0","100.0","ml","27500","22900","2290.0","정제수, 프로판다이올, 나이아신아마이드, 다이부틸아디페이트, 폴리메틸실세스퀴옥세인, 다이아이소프로필세바케이트, 디에칠아미노하이드록시벤조일헥실벤조에이트, 에칠헥실트리아존, 메칠렌비스•벤조트리아졸릴테트라메칠부틸페놀, 코코•카프릴레이트/카프레이트, 디에칠헥실부타미도트리아존, 1,2•헥산다이올, 부틸렌글라이콜, 카프릴릴메티콘, 트라넥사믹애씨드, 펜틸렌글라이콜, 베헤닐알코올, 폴리C10•30알킬아크릴레이트, 글리세린, 폴리글리세릴•3메틸글루코오스다이스테아레이트, 데실글루코사이드, 트로메타민, 카보머, 아크릴레이트/C10•30알킬아크릴레이트크로스폴리머, 판테놀, 소듐스테아로일글루타메이트, 폴리아크릴레이트크로스폴리머•6, 에틸헥실글리세린, 아데노신,잔탄검, 토코페롤, 비파나무잎추출물, 폴리글리세릴•4아이소스테아레이트, 카프릴릭/카프릭트라이글리세라이드, 시트릭애씨드, 스피어민트추출물,  다이스테아다이모늄헥토라이트, 쿼세틴"
"A000000259586","[7월 올영픽/마스코트 파우치 증정] 메디힐 마데카소사이드 수분 선세럼 흔적 리페어 50g +50g 더블기획","메디힐","50.0","100.0","g(약 1ml 상당으로 근사)","34900","22900","2290.0","전성분 정제수, 다이부틸아디페이트, 프로판다이올, 부틸옥틸살리실레이트, 에칠헥실트리아존, 메틸메타크릴레이트크로스 폴리머, 비스-에칠헥실옥시페놀메톡시페닐트리아진, 옥토크릴렌, 나이아신아마이드, 테레프탈릴리덴디캠퍼설포닉애씨드, 알지닌, 다이메티콘올, 메틸프로판다이올, 폴리메틸실세스퀴옥세인, 1,2-헥산다이올, 펜틸렌글라이콜, C11-13아이소알케인, 하이드록시에틸우레아, 부틸렌글라이콜, 베헤닐알코올, 폴리글리세릴-3메틸글루코오스다이스테아레이트, 다이프로필렌 글라이콜, 카보머, 아이소도데케인, 폴리C10-30알킬아크릴레이트, 다이메티콘/비닐다이메티콘크로스폴리머, 폴리에터-1, 스핑고모나스발효추출물, 에틸헥실글리세린, 병풀잎추출물(407 ppm), 아데노신, 서양배추출물, 소듐스테아로일글루타 메이트, 연필향나무오일, 마데카소사이드(200 ppm), 소듐하이알루로네이트, 다마스크장미꽃수, 멜론추출물, 오리스뿌리 추출물, 서양송악잎/줄기추출물, 호호바씨오일, 광곽향오일, 불가리스쑥오일, 마이크로크리스탈린셀룰로오스, 로즈마리잎 오일, 병풀추출물(4 ppm), 셀룰로오스검, 토코페롤, 하이드롤라이즈드하이알루로닉애씨드, 하이드롤라이즈드소듐하이알 루로네이트, 하이드록시프로필트라이모듐하이알루로네이트, 사과추출물, 에리스리톨, 글리세린, 판테놀, 솔비톨, 보검선인 장줄기추출물, 마데카식애씨드(0.04 ppb), 아시아틱애씨드(0.03 ppb), 아시아티코사이드(0.03 ppb), 효모발효여과물,
바이오사카라이드검-4, 다이소듐포스페이트, 다발방패버섯추출물"
"A000000151904","[5중프루프] 식물나라 워터프루프 선 크림 100mL","식물나라","100.0","100.0","ml","19000","10800","1080.0","정제수, 사이클로펜타실록세인, 징크옥사이드, 호모살레이트, 에칠헥실살리실레이트, 폴리글리세릴-3폴리다이메틸실록시에틸다이메티콘, 부틸렌글라이콜다이카프릴레이트/다이카프레이트, 프로필헵틸카프릴레이트, 글리세린, 나이아신아마이드, 다이프로필렌글라이콜, 메틸메타크릴레이트크로스폴리머, 티타늄디옥사이드, 디에칠아미노하이드록시벤조일헥실벤조에이트, 부틸옥틸살리실레이트, 비스-에칠헥실옥시페놀메톡시페닐트리아진, 알로에베라잎추출물, 캐모마일꽃추출물, 가시대나무줄기추출물, 멕시칸치아씨추출물, 병풀추출물, 쇠비름추출물, 약모밀추출물, 울금뿌리추출물, 포트마리골드꽃추출물, 바오밥나무씨오일, 소듐하이알루로네이트, 달맞이꽃오일, 다이스테아다이모늄헥토라이트, 마그네슘설페이트, 칼슘알루미늄보로실리케이트, 솔비탄카프릴레이트, 폴리글리세릴-6폴리리시놀리에이트, 트라이에톡시카프릴릴실레인, 마이카, 스테아릭애씨드, 알루미늄하이드록사이드, 부틸렌글라이콜, 글리세릴카프릴레이트, 아데노신, 프로판다이올, 판테놀, 사카라이드하이드롤리세이트, 드럼스틱씨오일, 프로필렌글라이콜, 토코페롤, 산소, 1,2-헥산다이올, 향료, 에틸헥실글리세린, 펜틸렌글라이콜"
"A000000180162","[7월올영픽/무기자차] 닥터지 그린 마일드 업 선 플러스50ml 기획 (50ml+50ml+10ml) (선크림)","닥터지","50.0","160.0","ml","29000","24800","1550.0","1. 그린마일드 업 선 플러스 50ml(본품+구성품)
정제수, 징크옥사이드, 프로판다이올, 부틸옥틸살리실레이트, 프로필헵틸카프릴레이트, 코코-카프릴레이트/카프레이트, 사이클로헥사실록세인, 카프릴릴메티콘, 아이소도데케인, 폴리글리세릴-3폴리다이메틸실록시에틸다이메티콘, 메틸트라이메티콘, 메틸메타크릴레이트크로스폴리머, 다이스테아다이모늄헥토라이트, 마그네슘설페이트, 트라이에톡시카프릴릴실레인, 1,2-헥산다이올, 폴리글리세릴-2다이폴리하이드록시스테아레이트, 라우릴폴리글리세릴-3폴리다이메틸실록시에틸다이메티콘, 폴리메틸실세스퀴옥세인, 글리세릴카프릴레이트, 카프릴릴글라이콜, 에틸헥실글리세린, 소듐하이알루로네이트, 부틸렌글라이콜, 토코페롤, 병풀추출물, 타라열매추출물, 프랑스해안송껍질추출물, 코토니추출물, 7-데하이드로콜레스테롤, 약모밀추출물, 엑토인, 밀몽화꽃추출물, 락토바실러스발효물, 하이드록시신나믹애씨드, 루틴"
"A000000209372","[청담샵PICK/원조화잘먹]프롬리에 EGF 워터 화잘먹 선앰플 56ml+30ml 기획/워터키링기획/단품","프롬리에","56.0","86.0","ml","33000","18900","2197.7","[워터선앰플] 정제수, 다이부틸아디페이트, 프로판다이올, 부틸옥틸살리실레이트, 에칠헥실트리아존, 테레프탈릴리덴디캠퍼설포닉애씨드, 폴리글리세릴-3다이스테아레이트, 나이아신아마이드, 트로메타민, 1,2-헥산다이올, 디에칠아미노하이드록시벤조일헥실벤조에이트, 카프릴릴메티콘, 펜틸렌글라이콜, 폴리메틸실세스퀴옥세인, 폴리실리콘-15, 다시마추출물, 한련초잎추출물, 풍선덩굴꽃/잎/덩굴추출물, 병풀추출물, 하이드로제네이티드레시틴, 에키움플란타기네움씨오일, 글리세릴스테아레이트, 비스-에칠헥실옥시페놀메톡시페닐트리아진, 세테아릴알코올, 카보머, 암모늄아크릴로일다이메틸타우레이트/브이피코폴리머, 글리세린, 다이프로필렌글라이콜, 글리세릴스테아레이트시트레이트, 아크릴레이트/C10-30알킬아크릴레이트크로스폴리머, 소듐스테아로일글루타메이트, 에틸헥실글리세린, 옥틸도데칸올, 아데노신, 프룩토올리고사카라이드, 베타-글루칸, 에스에이치-올리고펩타이드-1, 하이드롤라이즈드하이알루로닉애씨드, 해바라기씨오일불검화물, 토코페롤

[보송선앰플] 정제수,다이부틸아디페이트,부틸옥틸살리실레이트,프로판다이올,변성알코올,에칠헥실트리아존,테레프탈릴리덴디캠퍼설포닉애씨드,폴리메틸실세스퀴옥세인,폴리글리세릴-3다이스테아레이트,나이아신아마이드,트로메타민,1,2-헥산다이올,부틸렌글라이콜,디에칠아미노하이드록시벤조일헥실벤조에이트,카프릴릴메티콘,펜틸렌글라이콜,폴리실리콘-15,스핑고모나스발효추출물,귀리커넬추출물,아티초크잎추출물,말라카이트추출물,병풀추출물,쇠비름추출물,노니추출물,약모밀추출물,녹차수,하이드로제네이티드레시틴,소듐하이알루로네이트,글리세릴스테아레이트,브이피/에이코신코폴리머,비스-에틸헥실옥시페놀메톡시페닐트라이아진,세테아릴알코올,메틸프로판다이올,글리세린,암모늄아크릴로일다이메틸타우레이트/브이피코폴 리머,카보머,글리세릴스테아레이트시트레이트,아크릴레이트/C10-30알킬아크릴레이트크로스폴리머,에틸헥실글리세린,소듐스테아로일글루타메이트,아데노신,폴리쿼터늄-51,베타-글루칸,테트라하이드록시프로필에틸렌다이아민,글라이신,알지닌,토코페롤,알란토인,판테놀,아시아티코사이드,마데카식애씨드,아시아틱애씨드,에스에이치-올리고펩타이드-1,향료,페녹시에탄올"
"A000000206826","[7월 올영픽] (50%용량증정) 에스트라 더마UV365 장벽수분 무기자차 선크림 40ml+20ml","에스트라","40.0","60.0","ml","31000","21700","3616.7","정제수, 징크옥사이드, 사이클로헥사실록세인, 프로판다이올, 부틸옥틸살리실레이트, 프로필헵틸카프릴레이트, 아이소도데케인, 폴리글리세릴-3폴리다이메틸실록시에틸다이메티콘, 카프릴릴메티콘, 다이실록세인, 다이스테아다이모늄헥토라이트, 마그네슘설페이트, 트라이에톡시카프릴릴실레인, 1,2-헥산다이올, 폴리메틸실세스퀴옥세인, 폴리글리세릴-2다이폴리하이드록시스테아레이트, 라우릴폴리글리세릴-3폴리다이메틸실록시에틸다이메티콘, 알란토인, 카프릴릴글라이콜, 글리세릴카프릴레이트, 에틸헥실글리세린, 소듐하이알루로네이트, 세라마이드엔피, 토코페롤, 소듐아세틸레이티드하이알루로네이트, 하이드롤라이즈드하이알루로닉애씨드"
"A000000180158","[7월올영픽][보송톤업/파데프리] 닥터지 브라이트닝 업 선 플러스 50+50+10ml 증정기획 (선크림)","닥터지","50.0","110.0","ml","32000","25600","2327.3","1. 닥터지 브라이트닝 업 선 플러스 50ml(본품+구성품)
정제수, 사이클로펜타실록세인, 에칠헥실메톡시신나메이트, 징크옥사이드 (CI 77947), 사이클로헥사실록세인, 에칠헥실살리실레이트, 부틸렌글라이콜, 메틸메타크릴레이트크로스폴리머, 폴리글리세릴-3폴리다이메틸실록시에틸다이메티콘, 티타늄디옥사이드 (CI 77891), 다이프로필렌글라이콜, 에틸헥실팔미테이트, 나이아신아마이드, 비닐다이메티콘/메티콘실세스퀴옥세인크로스폴리머, 솔비탄아이소스테아레이트, 다이메티콘/비닐다이메티콘크로스폴리머, 카프릴릴메티콘, 다이메티콘, 다이스테아다이모늄헥토라이트, 폴리메틸실세스퀴옥세인, 프랑스해안송껍질추출물, 타라열매추출물, 코토니추출물, 포도씨오일, 밀몽화꽃추출물, 감나무잎추출물, 녹차추출물, 마그네슘설페이트, C30-45알킬세테아릴다이메티콘크로스폴리머, 알루미늄하이드록사이드, 스테아릭애씨드, 카프릴릴글라이콜, 글리세릴카프릴레이트, 폴리메틸메타크릴레이트, 트라이에톡시카프릴릴실레인, 1,2-헥산다이올, 프로판다이올, 다이소듐이디티에이, 폴리비닐알코올, 황색산화철 (CI 77492), 적색산화철 (CI 77491)"
"A000000260412","[NEW/초경량] 라운드랩 자작나무 수분 선세럼 50ml 기획(+클렌저 20ml)","라운드랩","50.0","70.0","ml","27000","17500","2500.0","정제수, 자작나무수액(93,000ppm), 글리세린, 다이부틸아디페이트, 부틸렌글라이콜, 에칠헥실트리아존, 테레프탈릴리덴디캠퍼설포닉애씨드, 나이아신아마이드, 실리카, 다이메티콘, 트로메타민, 폴리글리세릴-6스테아레이트, 소듐하이알루로네이트, 개똥쑥추출물, 캐모마일꽃오일, 구주소나무잎오일, 알로에베라잎추출물, 참마뿌리추출물, 다시마추출물, 당느릅나무뿌리추출물, 제비꽃꽃추출물, 미네랄워터, 하이드롤라이즈드하이알루로닉애씨드, 하이알루로닉애씨드, 디에칠아미노하이드록시벤조일헥실벤조에이트, 메틸트라이메티콘, 폴리실리콘-15, 펜틸렌글라이콜, 비스-에칠헥실옥시페놀메톡시페닐트리아진, 하이드록시에틸우레아, 1,2-헥산다이올, 폴리C10-30알킬아크릴레이트, 다이메티콘/비닐다이메티콘크로스폴리머, 하이드록시아세토페논, 소듐폴리아크릴로일다이메틸타우레이트, 폴리글리세릴-6베헤네이트, 글리세릴스테아레이트, 하이드록시프로필메틸셀룰로오스스테아록시에터, 소듐스테아로일글루타메이트, 메틸프로판다이올, 폴리에터-1, 글리세릴글루코사이드, 데하이드로잔탄검, 폴리아크릴레이트크로스폴리머-6, 아데노신, 알지닌, 카프릴릭애씨드, 다이프로필렌글라이콜, 세테아릴올리베이트, 솔비탄올리베이트, 하이드로제네이티드레시틴, 베툴린, 하이드록시프로필트라이모늄하이알루로네이트, 소듐아세틸레이티드하이알루로네이트, 소듐디엔에이, 글라이신, 글루타믹애씨드, 하이드롤라이즈드소듐하이알루로네이트, 소듐하이알루로네이트크로스폴리머, 포타슘하이알루로네이트, 베헤닐알코올, 카보머, 세테아릴알코올"
"A000000221882","[순한무기자차]식물나라 페이스 앤 바디 저자극 선 크림 150ml","식물나라","150.0","150.0","ml","19800","10800","720.0","정제수, 징크옥사이드 (CI 77947), 부틸옥틸살리실레이트, 아이소프로필미리스테이트, 프로판다이올, 아이소도데케인, 트라이실록세인, 나이아신아마이드, 세틸다이글리세릴트리스(트라이메틸실록시)실릴에틸다이메티콘, 카프릴릴메티콘, 소듐클로라이드, 소듐하이알루로네이트, 알로에베라잎추출물, 트라이에틸헥사노인, 다이스테아다이모늄헥토라이트, 폴리메틸실세스퀴옥세인, 트라이에톡시카프릴릴실레인, 글리세린, 1,2-헥산다이올, 다이펜타에리스리틸트라이-폴리하이드록시스테아레이트, C30-45알킬세테아릴다이메티콘크로스폴리머, 폴리글리세릴-2다이폴리하이드록시스테아레이트, 라우릴다이메티콘/폴리글리세린-3크로스폴리머, 하이드록시아세토페논, 메틸메타크릴레이트크로스폴리머, 글리세릴글루코사이드, 마그네슘설페이트, 아데노신, 다이프로필렌글라이콜, 판테놀, 소듐시트레이트, 토코페롤, 부틸렌글라이콜, 향료"
"A000000200614","[쿨톤보정] 달바 퍼플 톤업 선크림 듀오 기획 (50ml+50ml)","달바","50.0","100.0","ml","51000","35700","3570.0","정제수, 프로판다이올, 부틸옥틸살리실레이트, 다이카프릴릴카보네이트, 티타늄디옥사이드, 다이아이소프로필세바케이트, 2,3-부탄다이올, 
디에칠아미노하이드록시벤조일헥실벤조에이트, 폴리실리콘-15, 나이아신아마이드, 다이부틸아디페이트, 에칠헥실트리아존, 1,2-헥산다이올, 흰서양송로추출물, 아이비고드열매추출물, 한련초추출물, 별꽃추출물, 약모밀추출물, 쇠비름추출물, 바오밥나무잎추출물, 부들레야추출물, 올리브나무잎추출물, 타임추출물, 라벤더꽃추출물, 병풀추출물, 오렌지오일, 호호바씨오일, 필리핀오렌지껍질오일, 리씨열매오일, 살비아잎수, 수레국화꽃수, 펜틸렌글라이콜, 코코-카프릴레이트/카프레이트, 부틸렌글라이콜, 브이피/에이코신코폴리머, 메틸프로판다이올, 폴리글리세릴-2카프레이트, 글리세린, 수크로오스스테아레이트, 암모늄아크릴로일다이메틸타우레이트/브이피코폴리머, 폴리아크릴레이트크로스폴리머-6, 알루미나, 하이드록시프로필메틸셀룰로오스스테아록시에터, 폴리하이드록시스테아릭애씨드, 스테아릭애씨드, 에틸헥실글리세린, 이눌린라우릴카바메이트, 글리세릴카프릴레이트, 잔탄검, 트라이에톡시카프릴릴실레인, 아데노신, 스쿠알란, 폴리에터-1, 락토바실러스발효물, 토코페롤, 글루타티온, 알란토인, 판테놀, 타라검, 바이오사카라이드검-1, 하이드롤라이즈드하이알루로닉애씨드, 말토덱스트린, 포도주, 울트라마린, 리모넨, 시트랄"
"A000000253724","[2입 기획][민감피부 추천 무기자차] 제로이드 데일리 선크림 기획 (50ml+50ml)","제로이드","50.0","100.0","ml","64000","39900","3990.0","정제수, 징크옥사이드, 사이클로헥사실록세인, 부틸옥틸살리실레이트, 프로판다이올, 프로필헵틸카프릴레이트, 아이소도데케인, 폴리글리세릴-3폴리다이메틸실록시에틸다이메티콘, 다이카프릴릴카보네이트, 카프릴릴메티콘, 소듐하이알루로네이트, 다이스테아다이모늄헥토라이트, 마그네슘설페이트, 메틸메타크릴레이트크로스폴리머, 트라이에톡시카프릴릴실레인, 1,2-헥산다이올, 폴리글리세릴-2다이폴리하이드록시스테아레이트, 폴리메틸실세스퀴옥세인, 라우릴폴리글리세릴-3폴리다이메틸실록시에틸다이메티콘, 글리세릴카프릴레이트, 카프릴릴글라이콜, 에틸헥실글리세린, 토코페롤, 미리스토일/팔미토일옥소스테아라마이드/아라카마이드엠이에이, 스쿠알란, 판테놀, 펜틸렌글라이콜, 마데카소사이드"
"A000000186166","[1+1] 라운드랩 자작나무 수분 톤업 선크림 50ml 1+1 기획","라운드랩","50.0","100.0","ml","25000","24500","2450.0","정제수, 프로판다이올, 다이부틸아디페이트, 티타늄디옥사이드 (CI 77891), 비스-에칠헥실옥시페놀메톡시페닐트리아진, 부틸렌글라이콜, 디에칠아미노하이드록시벤조일헥실벤조에이트, 메틸트라이메티콘, 부틸옥틸살리실레이트, 나이아신아마이드, 페네틸벤조에이트, 아이소노닐아이소노나노에이트, 폴리메틸실세스퀴옥세인, 1,2-헥산다이올, 자작나무수액, 소듐하이알루로네이트, 하이알루로닉애씨드, 글리세릴글루코사이드, 개똥쑥추출물, 캐모마일꽃오일, 구주소나무잎오일, 알란토인, 다이포타슘글리시리제이트, 판테놀, 녹차씨오일, 효모발효추출물, 칸디다 봄비콜라/글루코오스/메틸레이프씨데이트발효물, 에칠헥실트리아존, 펜틸렌글라이콜, 폴리글리세릴-3메틸글루코오스다이스테아레이트, 폴리실리콘-15, 스테아릭애씨드, 팔미틱애씨드, 폴리하이드록시스테아릭애씨드, 포타슘세틸포스페이트, 알루미늄하이드록사이드, 글리세릴스테아레이트, 하이드록시아세토페논, 폴리C10-30알킬아크릴레이트, 아이소도데케인, 옥틸도데칸올, 아크릴레이트/C10-30알킬아크릴레이트크로스폴리머, 하이드록시에틸아크릴레이트/소듐아크릴로일다이메틸타우레이트코폴리머, 트로메타민, 하이드로제네이티드레시틴, 비닐다이메티콘/메티콘실세스퀴옥세인크로스폴리머, 폴리글리세릴-4아이소스테아레이트, 폴리글리세릴-2다이폴리하이드록시스테아레이트, 아이소프로필티타늄트라이아이소스테아레이트, 아데노신, 소듐폴리아크릴레이트, 솔비탄아이소스테아레이트, 폴리메틸메타크릴레이트, 글리세릴카프릴레이트, 글리세린, 아스코빅애씨드, C12-16알코올, 세테아릴알코올, 다이소듐이디티에이, 황색산화철 (CI 77492), 적색산화철 (CI 77491), 흑색산화철 (CI 77499)"
"A000000224140","[보송핑크톤업] 차앤박 애프터레이 톤업 프로텍션 선 50ml 더블기획","차앤박","50.0","100.0","ml","30000","22950","2295.0","정제수, 사이클로펜타실록세인, 에칠헥실메톡시신나메이트, 에칠헥실살리실레이트, 징크옥사이드 (CI 77947), 사이클로헥사실록세인, 부틸렌글라이콜, 피이지-10다이메티콘, 티타늄디옥사이드 (CI 77891), 메틸메타크릴레이트크로스폴리머, 다이프로필렌글라이콜, 에틸헥실팔미테이트, 다이메티콘/비닐다이메티콘크로스폴리머, 센티드제라늄꽃오일, 해수, 녹차추출물, 프랑스해안송껍질추출물, 포도씨추출물, 쇠비름추출물, 진주가루, 토르말린, 카프릴릴메티콘, 세틸피이지/피피지-10/1다이메티콘, 다이카프릴릴카보네이트, 마그네슘설페이트, 폴리메틸실세스퀴옥세인, 다이스테아다이모늄헥토라이트, 이소아밀p-메톡시신나메이트, 비닐다이메티콘/메티콘실세스퀴옥세인크로스폴리머, C30-45알킬세테아릴다이메티콘크로스폴리머, 알루미늄하이드록사이드, 스테아릭애씨드, 글리세릴카프릴레이트, 다이메티콘, 카프릴릴글라이콜, 하이드록시아파타이트, 판테놀, 트라이에톡시카프릴릴실레인, 몬모릴로나이트, 바이오사카라이드검-4, 티옥틱애씨드, 유비퀴논, 1,2-헥산다이올, 페녹시에탄올, 시트로넬올, 제라니올, 시트랄, 황색산화철 (CI 77492), 적색산화철 (CI 77491)"
"A000000257268","[혜림쌤PICK/파데프리] 라네즈 워터뱅크 블루 톤업 선크림 50ml 기획 (+25ml)","라네즈","50.0","75.0","ml","28000","20160","2688.0","정제수, 다이부틸아디페이트, 프로판다이올, 부틸옥틸살리실레이트, 디에칠아미노하이드록시벤조일헥실벤조에이트, 폴리실리콘-15, 비스-에칠헥실옥시페놀메톡시페닐트리아진, 나이아신아마이드, 다이아이소부틸아디페이트, 티타늄디옥사이드(CI 77891), 에칠헥실트리아존, 폴리글리세릴-3다이스테아레이트, 트리스-바이페닐트라이아진, 부틸렌글라이콜, 1,2-헥산다이올, 스쿠알란, 세테아릴알코올, 펜틸렌글라이콜, 카프릴릴메티콘, 다이에틸헥실석시네이트, 다이메티콘/비닐다이메티콘크로스폴리머, 폴리하이드록시스테아릭애씨드, 코코-카프릴레이트/카프레이트, 폴리C10-30알킬아크릴레이트, 실리카, 암모늄아크릴로일다이메틸타우레이트/브이피코폴리머, 포타슘세틸포스페이트, 하이드로제네이티드캐스터오일다이머다이리놀레에이트, 데실글루코사이드, 울트라마린, 다이카프릴릴카보네이트, 아크릴레이트/C10-30알킬아크릴레이트크로스폴리머, 트로메타민, 네오펜틸글라이콜다이에틸헥사노에이트, 세틸알코올, 에틸헥실글리세린, 폴리아크릴레이트크로스폴리머-6, 트라이에톡시카프릴릴실레인, 알루미늄하이드록사이드, 향료, 하이드로제네이티드캐스터오일/세바식애씨드코폴리머, 아데노신, 하이드롤라이즈드하이알루로닉애씨드, 폴리우레탄-15, 다이소듐포스페이트, 카올린, 잔탄검, 병풀추출물, 소듐디엔에이, 토코페롤, 로우스위트블루베리추출물"
"A000000219383","[물막선크림] 토리든 다이브인 모이스처 선크림 60ml 1+1 기획","토리든","60.0","120.0","ml","25000","19900","1658.3","정제수, 아이소노닐아이소노나노에이트, 프로판다이올, 부틸옥틸살리실레이트, 에칠헥실트리아존, 다이부틸아디페이트, 폴리메틸실세스퀴옥세인, 디에칠아미노하이드록시벤조일헥실벤조에이트, 나이아신아마이드, 드로메트리졸트리실록산, 메칠렌비스-벤조트리아졸릴테트라메칠부틸페놀, 1,2-헥산다이올, 펜틸렌글라이콜, 판테놀(5,025ppm), 소듐하이알루로네이트, 하이알루로닉애씨드, 하이드롤라이즈드소듐하이알루로네이트, 하이드롤라이즈드하이알루로닉애씨드, 소듐아세틸레이티드하이알루로네이트, 소듐하이알루로네이트크로스폴리머, 포타슘하이알루로네이트, 다이메틸실란올하이알루로네이트, 하이드록시프로필트라이모늄하이알루로네이트, 소듐하이알루로네이트다이메틸실란올, 알란토인, 글리세린, 아데노신, 세라마이드엔피, 토코페롤, 트레할로오스, 부틸렌글라이콜, 폴리글리세릴-3메틸글루코오스다이스테아레이트, 베헤닐알코올, 데실글루코사이드, 카프릴릴메티콘, 하이드로제네이티드캐스터오일/세바식애씨드코폴리머, 카보머, 호호바씨오일, 글리세레스-26, 아크릴레이트/C10-30알킬아크릴레이트크로스폴리머, 폴리글리세릴-6다이스테아레이트, 폴리아크릴레이트크로스폴리머-6, 트라이메틸실록시실리케이트, 에틸헥실글리세린, 칸데릴라/호호바/쌀겨폴리글리세릴-3에스터, 소듐스테아로일글루타메이트, 덱스트린, 트로메타민, 잔탄검, 치자추출물, 녹차추출물, 버지니아풍년화추출물, 쇠비름추출물, 캐모마일꽃추출물, 말라카이트추출물"
"A000000255386","[생기톤업] 달바 핑크 톤업 선크림 65ml + 65ml 대용량 기획세트","달바","65.0","130.0","ml","65000","41900","3223.1","정제수, 다이부틸아디페이트, 프로판다이올, 티타늄디옥사이드, 카프릴릭/카프릭트라이글리세라이드, C12-15알킬벤조에이트, 디에칠아미노하이드록시벤조일헥실벤조에이트, 카프릴릴메티콘, 에칠헥실트리아존, 나이아신아마이드, 글리세린, 디에칠헥실부타미도트리아존, 1,2-헥산다이올, 펜틸렌글라이콜, 쇠비름추출물, 분홍바늘꽃꽃/잎/줄기추출물, 페루기네움철쭉추출물, 병풀추출물, 복사나무꽃추출물, 복숭아추출물, 세룰라타벚나무꽃추출물, 알로에베라잎추출물, 약모밀추출물, 흰서양송로추출물, 오렌지오일, 필리핀오렌지껍질오일, 소듐하이알루로네이트, 리씨열매오일, 다마스크장미꽃수, 자작나무수액, 판테놀, 폴리하이드록시스테아릭애씨드, 다이메티콘/비닐다이메티콘크로스폴리머, 브이피/에이코신코폴리머, 다이메티콘올, 트라이실록세인, 코코-카프릴레이트/카프레이트, 스테아릭애씨드, 소듐폴리아크릴로일다이메틸타우레이트, 암모늄폴리아크릴로일다이메틸타우레이트, 알루미나, 하이드록시프로필메틸셀룰로오스스테아록시에터, 다이카프릴릴카보네이트, 잔탄검, 에틸헥실글리세린, 아데노신, 소듐폴리아크릴레이트, 트라이에톡시카프릴릴실레인, t-부틸알코올, 피브이엠/엠에이코폴리머, 폴리에터-1, 하이드롤라이즈드하이알루로닉애씨드, 알란토인, 부틸렌글라이콜, 토코페롤, 다이소듐포스페이트, 시트릭애씨드, 카프릴릴글라이콜, 황색산화철, 적색산화철, 리모넨, 시트랄"
"A000000259329","[잡티종결썬] 셀퓨전씨 잡티 토닝 썬스크린 35ml 트리플 한정 기획","셀퓨전씨","35.0","105.0","ml","27900","25100","2390.5","정제수, 프로판다이올, 티타늄디옥사이드 (CI 77891), 다이아이소프로필세바케이트, 메틸트라이메티콘, 아이소노닐아이소노나노에이트, 나이아신아마이드, 글리세린, 부틸옥틸살리실레이트, 다이부틸아디페이트, 디에칠아미노하이드록시벤조일헥실벤조에이트, 1,2-헥산다이올, 다이카프릴릴카보네이트, 다이메티콘/비닐다이메티콘크로스폴리머, 호호바씨오일, 토마토추출물, 비스-에칠헥실옥시페놀메톡시페닐트리아진, 에칠헥실트리아존, 펜틸렌글라이콜, 폴리실리콘-15, 테레프탈릴리덴디캠퍼설포닉애씨드, 트라이메틸실록시실리케이트, 아이소도데케인, 포타슘세틸포스페이트, 폴리하이드록시스테아릭애씨드, 소듐폴리아크릴로일다이메틸타우레이트, 트로메타민, 실리카, 알루미늄하이드록사이드, 하이드록시에틸아크릴레이트/소듐아크릴로일다이메틸타우레이트코폴리머, 스테아릭애씨드, 옥틸도데칸올, 암모늄폴리아크릴로일다이메틸타우레이트, 폴리글리세릴-10미리스테이트, 폴리글리세릴-4아이소스테아레이트, 폴리글리세릴-2다이폴리하이드록시스테아레이트, 에틸헥실글리세린, 아이소프로필티타늄트라이아이소스테아레이트, 아데노신, 부틸렌글라이콜, 트라이소듐에틸렌다이아민다이석시네이트, 라우로일라이신, 하이드록시프로필메틸셀룰로오스스테아록시에터, 3-O-에틸아스코빅애씨드, 비사보롤, 글루타티온, 알지닌, 토코페롤, 스쿠알란, 카프릴릭/카프릭트라이글리세라이드, 하이드로제네이티드레시틴, 세라마이드엔피, 소듐스테아로일글루타메이트, 베헤닐알코올, 잔탄검, 카보머, 향료, 황색산화철 (CI 77492), 적색산화철 (CI 77491)"
"A000000240562","[레이PICK/수분코팅] 풀리 쌀 세라 수분 선크림 50ml (단품/기획)","풀리","50.0","50.0","ml","23000","18400","3680.0","정제수, 쌀겨수(50,000PPM), 부틸옥틸살리실레이트, 프로판다이올, 에칠헥실트리아존, 다이부틸아디페이트, 폴리글리세릴-3다이스테아레이트, 나이아신아마이드, 카프릴릴메티콘, 드로메트리졸트리실록산, 다이아이소프로필세바케이트, 테레프탈릴리덴디캠퍼설포닉애씨드, 2,3-부탄다이올, 디에칠아미노하이드록시벤조일헥실벤조에이트, 트로메타민, 1,2-헥산다이올, 펜틸렌글라이콜, 메틸메타크릴레이트크로스폴리머, 비스-에칠헥실옥시페놀메톡시페닐트리아진, 세테아릴알코올, 소듐폴리아크릴로일다이메틸타우레이트, 글리세릴스테아레이트, 포타슘세틸포스페이트, 글리세린, 부틸렌글라이콜, 폴리C10-30알킬아크릴레이트, 이눌린라우릴카바메이트, 글리세릴스테아레이트시트레이트, 암모늄아크릴로일다이메틸타우레이트/브이피코폴리머, 에틸헥실글리세린, 코코넛야자오일, 소듐하이알루로네이트, 아데노신, 수베르참나무껍질추출물, 잔탄검, 참나무뿌리추출물, 효모발효여과물, 삼나무잎추출물, 연꽃잎추출물, 토코페롤, 쌀겨오일(170 PPB), 세라마이드엔피(40 PPB), 피토스핑고신, 하이드로제네이티드레시틴, 소듐파이테이트, 다이메틸실란올하이알루로네이트, 하이드롤라이즈드하이알루로닉애씨드, 하이드롤라이즈드소듐하이알루로네이트, 하이알루로닉애씨드, 포타슘하이알루로네이트, 소듐하이알루로네이트크로스폴리머, 하이드록시프로필트라이모늄하이알루로네이트, 소듐디엔에이, 소듐하이알루로네이트다이메틸실란올, 소듐아세틸레이티드하이알루로네이트"
"A000000219554","구달 맑은 어성초 진정 무기자차 선크림 50ml 1+1 기획","구달","50.0","100.0","ml","22000","17900","1790.0","정제수, 징크옥사이드, 부틸옥틸살리실레이트, 사이클로헥사실록세인, 카프릴릴메티콘, 프로판다이올, 프로필헵틸카프릴레이트, 메틸트라이메티콘, 폴리글리세릴-3폴리다이메틸실록시에틸다이메티콘, 메틸메타크릴레이트크로스폴리머, 약모밀추출물, 올리브오일, 소듐하이알루로네이트, 분비나무오일, 로즈마리잎오일, 클레리오일, 센티드제라늄꽃오일, 클로브잎오일, 광곽향오일, 마트리카리아꽃오일, 멕시칸주니퍼오일, 캐모마일꽃오일, 라우릴폴리글리세릴-3폴리다이메틸실록시에틸다이메티콘, 다이스테아다이모늄헥토라이트, 마그네슘설페이트, 폴리글리세릴-2다이폴리하이드록시스테아레이트, 트라이에톡시카프릴릴실레인, 1,2-헥산다이올, 트라이메틸실록시실리케이트, 폴리메틸실세스퀴옥세인, 다이메티콘/비닐다이메티콘크로스폴리머, 부틸렌글라이콜, 글리세릴카프릴레이트, 카프릴릴글라이콜, 다이메티콘올, 트라이실록세인, 에틸헥실글리세린, 펜틸렌글라이콜, 마그네슘아스파테이트, 징크글루코네이트, 토코페롤, 카퍼글루코네이트, 마데카소사이드, 징크락테이트, 판테놀, 옥타데케인, 락틱애씨드/글라이콜릭애씨드코폴리머, 다이메틸실란올하이알루로네이트, 소듐아세틸레이티드하이알루로네이트, 소듐하이알루로네이트다이메틸실란올, 소듐하이알루로네이트크로스폴리머, 잔탄검, 포타슘하이알루로네이트, 하이드록시프로필트라이모늄하이알루로네이트, 하이드롤라이즈드소듐하이알루로네이트, 하이드롤라이즈드하이알루로닉애씨드, 하이알루로닉애씨드"
"A000000249802","[7월올영픽/총110ml] 비플레인 녹두 쿨링 수분 선크림 50ml 1+1 기획 (+10ml)","비플레인","110.0","110.0","ml","25000","22500","2045.5","정제수, 다이부틸아디페이트, 프로판다이올, 부틸옥틸살리실레이트, 에칠헥실트리아존, 나이아신아마이드, 카프릴릴메티콘, 드로메트리졸트리실록산, 테레프탈릴리덴디캠퍼설포닉애씨드, 폴리글리세릴-3다이스테아레이트, 1,2-헥산다이올, 디에칠아미노하이드록시벤조일헥실벤조에이트, 트로메타민, 펜틸렌글라이콜, 세테아릴알코올, 폴리메틸실세스퀴옥세인, 비스-에칠헥실옥시페놀메톡시페닐트리아진, 글리세릴스테아레이트, 포타슘세틸포스페이트, 폴리C10-30알킬아크릴레이트, 메틸프로판다이올, 카보머, 폴리글리세릴-3메틸글루코오스다이스테아레이트, 메틸다이아이소프로필프로피온아마이드, 에틸헥실글리세린, 글리세릴스테아레이트시트레이트, 암모늄아크릴로일다이메틸타우레이트/브이피코폴리머, 아크릴레이트/C10-30알킬아크릴레이트크로스폴리머, 아데노신, 폴리에터-1, 크로뮴옥사이드그린, 폴리글리세릴-3폴리다이메틸실록시에틸다이메티콘, 프로필헵틸카프릴레이트, 하이드롤라이즈드하이알루로닉애씨드, 트라이에톡시카프릴릴실레인, 바이오사카라이드검-1, 부틸렌글라이콜, 토코페롤, 글리세린, 녹두씨추출물, 다시마추출물, 녹두추출물, 알로에베라잎추출물, 참마뿌리추출물, 당느릅나무뿌리추출물, 제비꽃꽃추출물, 녹두싹추출물"
"A000000215559","[2입 기획] 스킨1004 마다가스카르 센텔라 히알루-시카 워터핏 선세럼 50ml 더블기획","스킨1004","50.0","100.0","ml","35000","28000","2800.0","정제수, 다이부틸아디페이트, 프로판다이올, 디에칠아미노하이드록시벤조일헥실벤조에이트, 폴리메틸실세스퀴옥세인, 에칠헥실트리아존, 메칠렌비스-벤조트리아졸릴테트라메칠부틸페놀, 나이아신아마이드, 코코-카프릴레이트/카프레이트, 카프릴릴메티콘, 디에칠헥실부타미도트리아존, 글리세린, 1,2-헥산다이올, 부틸렌글라이콜, 펜틸렌글라이콜, 베헤닐알코올, 폴리C10-30알킬아크릴레이트, 폴리글리세릴-3메틸글루코오스다이스테아레이트, 데실글루코사이드, 트로메타민, 카보머, 아크릴레이트/C10-30알킬아크릴레이트크로스폴리머, 소듐스테아로일글루타메이트, 폴리아크릴레이트크로스폴리머-6, 에틸헥실글리세린, 아데노신, 잔탄검, 병풀추출물, t-부틸알코올, 소듐하이알루로네이트, 자작나무껍질추출물, 토코페롤, 하이드롤라이즈드하이알루로닉애씨드, 녹차추출물, 은행나무잎추출물, 브로콜리싹추출물, 동백나무잎추출물, 로켓잎추출물, 자주개자리추출물, 밀싹추출물, 이노시톨, 하이알루로닉애씨드"
"A000000257097","[파데프리] 넘버즈인 3번 도자기결 톤업베이지 선크림 50ml 더블기획 2종 (블러/글로우)","넘버즈인","50.0","100.0","ml","39000","27900","2790.0","[01 블러] 병풀잎수, 징크옥사이드(CI 77947), C9-12알케인, 카프릴릴메티콘, 프로판다이올, 부틸옥틸살리실레이트, 다이실록세인, 트라이메틸실록시실리케이트, 폴리글리세릴-3폴리다이메틸실록시에틸다이메티콘, 나이아신아마이드, 프로필렌글라이콜다이벤조에이트, 프로필헵틸카프릴레이트, 티타늄디옥사이드(CI 77891), 1,2-헥산다이올, 라우릴폴리글리세릴-3폴리다이메틸실록시에틸다이메티콘, 다이스테아다이모늄헥토라이트, 트라이에톡시카프릴릴실레인, 마그네슘설페이트, 폴리글리세릴-2다이폴리하이드록시스테아레이트, 글리세릴카프릴레이트, 메틸메타크릴레이트크로스폴리머, 아이소도데케인, 옥틸도데칸올, 카프릴릴글라이콜, 알루미늄하이드록사이드, 아데노신, 폴리글리세릴-4아이소스테아레이트, 아이소프로필티타늄트라이아이소스테아레이트, 토코페롤, 정제수, 판테놀, 펜틸렌글라이콜, 바이오틴, 마그네슘피씨에이, 판토테닉애씨드, 징크피씨에이, 칼슘판토테네이트, 글리세린, 카프릴릭/카프릭트라이글리세라이드, 폴리글리세릴-6카프릴레이트, 폴리글리세릴-4카프레이트, 하이드로제네이티드레시틴, 폴리글리세릴-10스테아레이트, 마데카식애씨드, 아시아티코사이드, 세라마이드엔피, 마데카소사이드, 아시아틱애씨드, 콜레스테롤, 스테아릭애씨드, 마이카(CI 77019), 황색산화철(CI 77492), 적색산화철(CI 77491), 흑색산화철(CI 77499)

[02 글로우] 병풀잎수, 다이프로필렌글라이콜, 티타늄디옥사이드, 호모살레이트, 글리세린, 다이글리세린, 변성알코올, 에칠헥실살리실레이트, 부틸렌글라이콜, 다이부틸아디페이트, 디에칠아미노하이드록시벤조일헥실벤조에이트, 다이페닐실록시페닐트라이메티콘, 나이아신아마이드, 정제수, 비스-에칠헥실옥시페놀메톡시페닐트리아진, 폴리글리세릴-10에이코산다이오에이트/테트라데칸다이오에이트, 폴리솔베이트80, 프로판다이올, 알루미늄하이드록사이드, 폴리글리세릴-3메틸글루코오스다이스테아레이트, 바륨설페이트, 베헤닐알코올, 스테아릭애씨드, 판테놀, 폴리C10-30알킬아크릴레이트, 폴리아크릴레이트크로스폴리머-6, 폴리우레탄-15, 합성플루오르플로고파이트, 카프릴릴글라이콜, 1,2-헥산다이올, 황색산화철, 소듐폴리아크릴로일다이메틸타우레이트, 글리세릴카프릴레이트, 트라이에톡시카프릴릴실레인, 하이드로제네이티드레시틴, 에틸헥실글리세린, 암모늄아크릴로일다이메틸타우레이트/베헤네스-25메타크라일레이트크로스폴리머, 향료, 스페인감초뿌리수, 소듐스테아로일글루타메이트, 트라이소듐에틸렌다이아민다이석시네이트, 적색산화철, 시트릭애씨드, 아데노신, 하이드록시에틸아크릴레이트/소듐아크릴로일다이메틸타우레이트코폴리머, 스쿠알란, 카프릴릭/카프릭트라이글리세라이드, 흑색산화철, 녹차추출물, 세라마이드엔피, 폴리솔베이트60, 펜틸렌글라이콜, 틴옥사이드, 솔비탄아이소스테아레이트, 마데카소사이드, 데실글루코사이드, 베타-글루칸, 다이메틸실란올하이알루로네이트, 하이드롤라이즈드하이알루로닉애씨드, 하이드롤라이즈드소듐하이알루로네이트, 하이알루로닉애씨드, 소듐하이알루로네이트, 하이드록시프로필트라이모늄하이알루로네이트, 소듐하이알루로네이트크로스폴리머, 소듐하이알루로네이트다이메틸실란올, 소듐아세틸레이티드하이알루로네이트, 티트리잎추출물, 약모밀추출물"
"A000000235913","[화잘먹/24시간속보습] 스타라이크 PDRN 스킨 핏 수분 선크림 50ml","스타라이크","50.0","50.0","ml","24000","14400","2880.0","정제수, 다이부틸아디페이트, 프로판다이올, 에칠헥실트리아존, 폴리메틸실세스퀴옥세인, 부틸옥틸살리실레이트, 디에칠아미노하이드록시벤조일헥실벤조에이트, 나이아신아마이드, 드로메트리졸트리실록산, 메칠렌비스-벤조트리아졸릴테트라메칠부틸페놀, 코코-카프릴레이트/카프레이트, 카프릴릴메티콘, 글리세린, 1,2-헥산다이올, 부틸렌글라이콜, 펜틸렌글라이콜, 베헤닐알코올, 폴리C10-30알킬아크릴레이트, 폴리글리세릴-6스테아레이트, 옥틸도데칸올, 데실글루코사이드, 엑토인, 트로메타민, 카보머, 아크릴레이트/C10-30알킬아크릴레이트크로스폴리머, 폴리글리세릴-6베헤네이트, 소듐스테아로일글루타메이트, 폴리아크릴레이트크로스폴리머-6, 에틸헥실글리세린, 아데노신, 에키움 플란타기네움씨오일, 해바라기씨오일불검화물, 잔탄검, 풍선덩굴꽃/잎/덩굴추출물, 토코페롤, 하이드롤라이즈드콜라겐, 소듐디엔에이(500ppb), 우엉뿌리추출물, 카프릴릴글라이콜, 아마씨추출물, 알로에베라잎추출물, 오크라열매추출물, 다이메틸실란올하이알루로네이트, 하이드롤라이즈드하이알루로닉애씨드, 하이드롤라이즈드소듐하이알루로네이트, 소듐하이알루로네이트, 하이알루로닉애씨드, 포타슘하이알루로네이트, 소듐하이알루로네이트크로스폴리머, 하이드록시프로필트라이모늄하이알루로네이트, 소듐하이알루로네이트다이메틸실란올, 소듐아세틸레이티드하이알루로네이트, 트라이펩타이드-1, 아세틸헥사펩타이드-8, 카퍼트라이펩타이드-1, 팔미토일펜타펩타이드-4, 헥사펩타이드-9"
"A000000254195","[수분장벽 선크림] 달바 판테놀 리퀴드 선세럼 50ml 기획 (+톤업 2종)","달바","50.0","50.0","ml","34000","23800","4760.0","빙하수, 정제수, 다이부틸아디페이트, 부틸옥틸살리실레이트, 프로판다이올, 부틸렌글라이콜, 에칠헥실트리아존, 트라이프로필렌글라이콜, 비스-에칠헥실옥시페놀메톡시페닐트리아진, 옥토크릴렌, 판테놀, 나이아신아마이드, 트라이메틸펜타페닐트라이실록세인, 1,2-헥산다이올, 테레프탈릴리덴디캠퍼설포닉애씨드, 라우릴다이메티콘, 실리카, 비닐다이메티콘, 스핑고모나스발효추출물, 오렌지껍질오일, 필리핀오렌지껍질오일, 리씨열매오일, 하이드롤라이즈드하이알루로닉애씨드, 병풀잎수, 티트리잎수, 흰서양송로추출물, 콜라겐추출물, 귀리단백질추출물, 하이드롤라이즈드완두콩단백질, 하이드롤라이즈드감자단백질, 하이드롤라이즈드쌀단백질, 하이드롤라이즈드콩단백질, 하이드롤라이즈드옥수수단백질, 하이드롤라이즈드귀리단백질, 하이드롤라이즈드스위트아몬드단백질, 하이드롤라이즈드밀단백질, 하이알루로닉애씨드, 하이드롤라이즈드호호바단백질, 하이드롤라이즈드식물성단백질, 소듐하이알루로네이트, 감나무잎추출물, 포도추출물, 잇꽃꽃추출물, 커피콩추출물, 호장근뿌리추출물, 녹차추출물, 밤껍질추출물, 초피나무열매추출물, 하이드롤라이즈드쌀겨단백질, 아이소도데케인, 폴리실리콘-15, 펜틸렌글라이콜, 트로메타민, 하이드록시에틸우레아, 다이프로필렌글라이콜, 세테아릴올리베이트, 솔비탄올리베이트, 하이드록시아세토페논, 다이메티콘/비닐다이메티콘크로스폴리머, 폴리아마이드-8, 소듐아크릴레이트/소듐아크릴로일다이메틸타우레이트코폴리머, 폴리아이소부텐, 글리세릴스테아레이트, 마이크로크리스탈린셀룰로오스, 데하이드로잔탄검, 소듐스테아로일글루타메이트, 아데노신, 메틸프로판다이올, 폴리에터-1, 카프릴릴/카프릴글루코사이드, 솔비탄올리에이트, 셀룰로오스검, 펜타에리스리틸테트라-다이-t-부틸하이드록시하이드로신나메이트, 스쿠알란, 글리세린, 하이드롤라이즈드루핀단백질, 하이드롤라이즈드보리단백질, 다이메틸실란올하이알루로네이트, 하이드롤라이즈드소듐하이알루로네이트, 글루타티온, 글라이코프로테인, 포타슘하이알루로네이트, 에틸헥실글리세린, 하이드록시프로필트라이모늄하이알루로네이트, 소듐하이알루로네이트크로스폴리머, 소듐하이알루로네이트다이메틸실란올, 카프릴릭/카프릭트라이글리세라이드, 소듐아세틸레이티드하이알루로네이트, 하이드로제네이티드레시틴, 글루코오스, 만노오스, 폴리글리세릴-3메틸글루코오스다이스테아레이트, 레티놀, 아스코빅애씨드, 소듐디엔에이, 에스에이치-올리고펩타이드-1, 베헤닐알코올, 리모넨, 시트랄, 리날룰"
"A000000223207","[이사배PICK]AHC 마스터즈 아쿠아리치 선크림 50ml 1+1 기획","AHC","50.0","100.0","ml","","27900","2790.0","정제수, 다이부틸아디페이트, 프로판다이올, 디에칠아미노하이드록시벤조일헥실벤조에이트, 폴리메틸실세스퀴옥세인, 에칠헥실트리아존, 나이아신아마이드, 메칠렌비스-벤조트리아졸릴테트라메칠부틸페놀, 코코-카프릴레이트/카프레이트, 카프릴릴메티콘, 디에칠헥실부타미도트리아존, 글리세린, 부틸렌글라이콜, 1,2-헥산다이올, 펜틸렌글라이콜, 베헤닐알코올, 폴리C10-30알킬아크릴레이트, 폴리글리세릴-3메틸글루코오스다이스테아레이트, 데실글루코사이드, 트로메타민, 카보머, 아크릴레이트/C10-30알킬아크릴레이트크로스폴리머, 소듐스테아로일글루타메이트, 폴리아크릴레이트크로스폴리머-6, 에틸헥실글리세린, 아데노신, 잔탄검, 베르가모트오일, t-부틸알코올, 토코페롤, 비타민나무열매추출물, 아스코빅애씨드, 당근추출물, 로즈힙열매추출물, 사과추출물, 살구즙, 드럼스틱씨오일, 세라마이드엔피, 피토스핑고신, 하이드로제네이티드레시틴, 케이프알로에잎추출물, 사철쑥추출물"
"A000000252919","[7월 올영픽] 라로슈포제 유비데아 안뗄리오스 톤업 로지 글로우 30ml 기획 (+멜라B3세럼 3ml*2ea)","라로슈포제","30.0","33.0","ml","38000","30400","9212.1","- 유비데아 로지 글로우 30ml
정제수 아이소프로필미리스테이트 글리세린 티타늄디옥사이드 에칠헥실트리아존 변성알코올 프로판다이올 트라이에탄올아민 비스-에칠헥실옥시페놀메톡시페닐트리아진 부틸메톡시디벤조일메탄 테레프탈릴리덴디캠퍼설포닉애씨드 마이카 페닐벤즈이미다졸설포닉애씨드 스테아릭애씨드 펜틸렌글라이콜 실리카 포타슘세틸포스페이트 아크릴아마이드/소듐아크릴로일다이메틸타우레이트코폴리머 알루미늄하이드록사이드 아스코빌글루코사이드 바륨설페이트 카프릴로일살리실릭애씨드 카프릴릴글라이콜 카보머 세틸알코올 적색산화철 황색산화철 티타늄디옥사이드 시트릭애씨드 디에칠아미노하이드록시벤조일헥실벤조에이트 드로메트리졸트리실록산 글리세릴스테아레이트 돌콩오일 하이드록시아세토페논 아이소헥사데칸 레시틴 미리스틱애씨드 팔미틱애씨드 피이지-100스테아레이트 폴리솔베이트80 풀루란 스클레로튬검 소듐클로라이드 소듐코코일사코시네이트 솔비탄올리에이트 토코페롤 트라이소듐에틸렌다이아민다이석시네이트 트로메타민 잔탄검

-멜라B3 세럼 3ml
정제수 다이메티콘 나이아신아마이드 글리세린 프로필렌글라이콜 폴리실리콘-11 실리카 비스-피이지/피피지-16/16피이지/피피지-16/16다이메티콘 레인보우랙추출물 2-머캅토니코티노일글라이신 피이지-20메틸글루코오스세스퀴스테아레이트 소듐하이알루로네이트 소듐하이드록사이드 소듐티오설페이트 카르노신 폴록사머338 암모늄폴리아크릴로일다이메틸타우레이트 다이포타슘글리시리제이트 카프릴릭/카프릭트라이글리세라이드 카프릴로일살리실릭애씨드 카프릴릴글라이콜 시트릭애씨드 트라이소듐에틸렌다이아민다이석시네이트 잔탄검 펜틸렌글라이콜 옥틸도데칸올 레티닐팔미테이트 토코페롤 펜타에리스리틸테트라-다이-t-부틸하이드록시하이드로신나메이트 페녹시에탄올 적색227호 향료"
"A000000259556","[7월올영픽 수분즉각충전쿨링썬] 셀퓨전씨 아쿠아티카 쿨링 썬스크린 35ml 트리플 기획","셀퓨전씨","35.0","105.0","ml","27900","22300","2123.8","정제수, 다이부틸아디페이트, 변성알코올, 부틸옥틸살리실레이트, 실리카, 다이프로필렌글라이콜, 에칠헥실트리아존, 비스-에칠헥실옥시페놀메톡시페닐트리아진, 옥토크릴렌, 프로판다이올, 나이아신아마이드, 에리스리톨, 테레프탈릴리덴디캠퍼설포닉애씨드, 펜틸렌글라이콜, 메틸프로판다이올, 트로메타민, 스핑고모나스발효추출물, 효모발효여과물, 로즈마리잎수, 병풀추출물, 흰목이버섯추출물, 녹차추출물, 폴스애플민트잎추출물, 타임잎추출물, 소듐하이알루로네이트, 폴리메틸실세스퀴옥세인, 1,2-헥산다이올, 부틸렌글라이콜, 하이드록시에틸우레아, 폴리글리세릴-3메틸글루코오스다이스테아레이트, 스테아릴헵타노에이트, 다이메티콘올, 폴리C10-30알킬아크릴레이트, 마이크로크리스탈린셀룰로오스, 폴리에터-1, 에틸헥실글리세린, 아데노신, 소듐스테아로일글루타메이트, 메틸다이아이소프로필프로피온아마이드, 셀룰로오스검, 다발방패버섯추출물, 토코페롤, 글리세린, 소듐클로라이드, 소듐바이카보네이트, 칼슘클로라이드, 포타슘클로라이드, 글라이신, 알지닌, 글루타믹애씨드, 베헤닐알코올, 카보머, 향료"
"A000000248280","[아시아No.1선크림] 아넷사 퍼펙트 UV 선스크린 스킨케어 밀크 60ML 기획세트","아넷사","60.0","60.0","ml","37000","29880","4980.0","다이메티콘, 정제수, 징크옥사이드, 에탄올, 다이아이소프로필세바케이트, 아이소도데케인, 옥토크릴렌, 에칠헥실살리실레이트, C12-15알킬벤조에이트, 피이지/피피지-9/2다이메틸에터, 옥수수전분, 탤크, 실리카, 아이소프로필미리스테이트, 디에칠아미노하이드록시벤조일헥실벤조에이트, 티타늄디옥사이드, 피이지-9폴리다이메틸실록시에틸다이메티콘, 덱스트린팔미테이트, 글리세린, 호모살레이트, 에칠헥실트리아존, 비스-에칠헥실옥시페놀메톡시페닐트리아진, 다이스테아다이모늄헥토라이트, 피이지-10다이메티콘, 아이소스테아릭애씨드, 트라이에톡시카프릴릴실레인, 폴리글리세릴-6폴리리시놀리에이트, 소듐클로라이드, 알루미늄하이드록사이드, 스테아릭애씨드, 트라이소듐이디티에이, 피이지-6, 향료, 토코페롤, 비에이치티, 부틸렌글라이콜, 비스-부틸다이메티콘폴리글리세릴-3, 피이지/피피지-14/7다이메틸에터, 소듐메타바이설파이트, 트라이메틸실록시실리케이트, 다이포타슘글리시리제이트, 녹차추출물, 토멘틸뿌리추출물, 귤껍질추출물, 소듐아세틸레이티드하이알루로네이트, 합성플루오르플로고파이트, 라우릴베타인, 수용성콜라겐, 페녹시에탄올, 소듐벤조에이트, 시트로넬올, 제라니올, 헥실신남알, 리모넨, 리날룰"
"A000000233802","텐제로 알로에 유브이 톤업 바디 선크림 150g","텐제로","150.0","150.0","g(약 1ml 상당으로 근사)","30000","13900","926.7","정제수, 티타늄디옥사이드, 부틸렌글라이콜, 다이메티콘, 나이아신아마이드, 소듐아크릴레이트/소듐아크릴로일다이메틸타우레이트코폴리머, 글리세린, C12-15알킬벤조에이트, 아이소헥사데칸, 향료, 페녹시에탄올, 알루미늄하이드록사이드, 폴리솔베이트80, 클로페네신, 스테아릭애씨드, 솔비탄올리에이트, 아데노신, 트라이에톡시카프릴릴실레인, 녹차수, 병풀추출물, 알로에베라잎추출물(2ppm), 1,2-헥산다이올"
"A000000202359","[뽀용톤업/무기자차] 메이크프렘 수딩 핑크 톤업 선크림 40ml+40ml 기획 (+20ml)","메이크프렘","40.0","100.0","ml","30000","23500","2350.0","정제수,징크옥사이드,사이클로헥사실록세인,카프릴릴메티콘,부틸옥틸살리실레이트,프로판다이올,프로필헵틸카프릴레이트,폴리글리세릴-3폴리다이메틸실록시에틸다이메티콘,다이카프릴릴카보네이트,나이아신아마이드,메틸트라이메티콘,칼라민,메틸메타크릴레이트크로스폴리머,서양배추출물,복숭아추출물,귀리커넬추출물,아티초크잎추출물,멜론추출물,서양송악잎/줄기추출물,무화과추출물,병풀추출물,드럼스틱씨추출물,풍선덩굴꽃/잎/덩굴추출물,로즈마리잎추출물,다마스크장미꽃수,소듐하이알루로네이트,커먼자스민꽃수,녹차수,하이드로제네이티드레시틴,양까막까치밥나무씨오일,해바라기씨오일,다이스테아다이모늄헥토라이트,마그네슘설페이트,트라이에톡시카프릴릴실레인,판테놀,라우릴폴리글리세릴-3폴리다이메틸실록시에틸다이메티콘,1,2-헥산다이올,폴리글리세릴-2다이폴리하이드록시스테아레이트,폴리메틸실세스퀴옥세인,메틸프로판다이올,글리세린,글리세릴카프릴레이트,카프릴릴글라이콜,에틸헥실글리세린,아데노신,폴리쿼터늄-51,베타-글루칸,사이아노코발아민,토코페롤,부틸렌글라이콜,하이드롤라이즈드하이알루로닉애씨드,옥틸도데칸올,말토덱스트린,세라마이드엔피,시트릭애씨드,해바라기씨오일불검화물"
"A000000235912","[간편 베이스/잡티커버] 스타라이크 파데프리 톤업 선크림 50ml 단품/기획 (+퍼프 증정)","스타라이크","50.0","50.0","ml","24000","14400","2880.0","정제수, 징크옥사이드, 사이클로헥사실록세인, 부틸옥틸살리실레이트, 프로판다이올, 카프릴릴메티콘, 메틸트라이메티콘, 폴리글리세릴-3폴리다이메틸실록시에틸다이메티콘, 프로필헵틸카프릴레이트, 티타늄디옥사이드, 나이아신아마이드, 다이페닐실록시페닐트라이메티콘, 메틸메타크릴레이트크로스폴리머, 트라이메틸실록시실리케이트, 트라이에톡시카프릴릴실레인, 다이스테아다이모늄헥토라이트, 마그네슘설페이트, 라우릴폴리글리세릴-3폴리다이메틸실록시에틸다이메티콘, 1,2-헥산다이올, 폴리글리세릴-2다이폴리하이드록시스테아레이트, 황색산화철, 카프릴릴글라이콜, 글리세릴카프릴레이트, 에틸헥실글리세린, 알루미늄하이드록사이드, 적색산화철, 아데노신, 흑색산화철, 토코페롤, 합성플루오르플로고파이트, 부틸렌글라이콜, 글리세린, 콜라겐추출물, 하이드롤라이즈드콜라겐, 우엉뿌리추출물, 아마씨추출물, 알로에베라잎추출물, 오크라열매추출물, 다이메틸실란올하이알루로네이트, 하이드롤라이즈드하이알루로닉애씨드, 하이드롤라이즈드소듐하이알루로네이트, 소듐하이알루로네이트, 하이알루로닉애씨드, 포타슘하이알루로네이트, 소듐하이알루로네이트크로스폴리머, 하이드록시프로필트라이모늄하이알루로네이트, 소듐하이알루로네이트다이메틸실란올, 소듐아세틸레이티드하이알루로네이트, 트라이펩타이드-1, 아세틸헥사펩타이드-8, 카퍼트라이펩타이드-1, 팔미토일펜타펩타이드-4, 헥사펩타이드-9"
"A000000248590","헤라 UV프로텍터 6종 기획/단품","헤라","","","","40000","32400","","[톤업]
정제수, 에칠헥실메톡시신나메이트, 글리세린, 부틸렌글라이콜, 디에칠아미노하이드록시벤조일헥실벤조에이트, 다이부틸아디페이트, 티타늄디옥사이드, 비스-에칠헥실옥시페놀메톡시페닐트리아진, 메틸트라이메티콘, C12-15알킬벤조에이트, 다이메티콘, 실리카, 티타늄디옥사이드 (CI 77891), 나이아신아마이드, 트라이실록세인, 1,2-헥산다이올, 세테아릴알코올, 폴리C10-30알킬아크릴레이트, 하이드록시에틸아크릴레이트/소듐아크릴로일다이메틸타우레이트코폴리머, 알루미늄스테아레이트, 알루미나, 스테아릭애씨드, 폴리하이드록시스테아릭애씨드, 폴리메틸메타크릴레이트, 아크릴레이트/C10-30알킬아크릴레이트크로스폴리머, 소듐폴리아크릴로일다이메틸타우레이트, 글리세릴스테아레이트, 하이드로제네이티드레시틴, 카프릴릴글라이콜, 티몰트라이메톡시신나메이트, 트로메타민, 폴리글리세릴-3메틸글루코오스다이스테아레이트, 팔미틱애씨드, 다이소듐이디티에이, 에틸헥실글리세린, 아데노신, 알루미늄하이드록사이드, 적색산화철, 솔비탄아이소스테아레이트, 트라이에톡시카프릴릴실레인, 황색산화철, 토코페릴아세테이트, 3-O-에틸아스코빅애씨드, 락토바실러스/부레옥잠발효물, 만니톨, 프로판다이올, 에틸헥실팔미테이트, 비에이치티, 펜틸렌글라이콜, 미리스틱애씨드, 페녹시에탄올, 라우릭애씨드, 소듐데하이드로아세테이트, 카보머, 소듐시트레이트, 포타슘솔베이트, 토코페롤, 메톡시피이지-114/폴리엡실론카프로락톤, 복사나무잎추출물, 해바라기씨오일, 라이신, 알지닌, 히스티딘, 시트릭애씨드, 베타-카로틴, 글루코오스, 자일로오스, 디엔에이, 바이오틴, 만노오스, 소듐클로라이드, 레시틴, 하이드로제네이티드포스파티딜콜린, 카퍼트라이펩타이드-1, 소듐포스페이트, 덱스트린, 하이드롤라이즈드오크라추출물, 콜레스테롤, 푸코오스, 다이팔미토일하이드록시프롤린, 아크릴레이트/스테아릴메타크릴레이트코폴리머, 포타슘클로라이드, 포타슘포스페이트, 마그네슘클로라이드, 하이드롤라이즈드기장, 칼슘클로라이드

[라벤더] 
정제수, 카프릴릭/카프릭트라이글리세라이드, 부틸렌글라이콜, 글리세린, 다이메티콘, 토코페롤, 토코페릴아세테이트, 트레할로오스, 시어버터, 판테놀, 돌콩오일, 암모늄아크릴로일다이메틸타우레이트/브이피코폴리머, 글리세릴폴리메타크릴레이트, 카르노신, 폴리실리콘-11, 해바라기씨오일, 하이드록시에틸아크릴레이트/소듐아크릴로일다이메틸타우레이트코폴리머, 하이드로제네이티드레시틴, 폴리글리세릴-10스테아레이트, 쌀겨왁스, 세테아릴알코올, 카보머, 향료, 소듐설파이트, 나이아신아마이드, 트로메타민, 당근추출물, 레티놀(0.1%), 알란토인, 글리세릴카프릴레이트, 글리세릴스테아레이트, 에틸헥실글리세린, 소듐메타포스페이트, 아데노신, 스테아릭애씨드, 폴리글리세릴-3메틸글루코오스다이스테아레이트, 팔미틱애씨드, 솔비탄아이소스테아레이트, 프로판다이올, 1,2-헥산다이올, 소듐하이알루로네이트, 베타-카로틴, 하이드롤라이즈드식물성단백질, 잔탄검, 미리스틱애씨드, 하이드롤라이즈드하이알루로닉애씨드, 라우릭애씨드, 소듐하이알루로네이트크로스폴리머, 하이알루로닉애씨드, 소듐아세틸레이티드하이알루로네이트, 수용성콜라겐
[프레쉬]
정제수, 다이에틸헥실석시네이트, 프로판다이올, 드로메트리졸트리실록산, 에칠헥실트리아존, 나이아신아마이드, 디에칠아미노하이드록시벤조일헥실벤조에이트, 테레프탈릴리덴디캠퍼설포닉애씨드, 1,2-헥산다이올, 베헤닐알코올, C12-15알킬벤조에이트, 소듐폴리아크릴로일다이메틸타우레이트, 트로메타민, 페닐트라이메티콘, 카프릴릴메티콘, 폴리아크릴레이트크로스폴리머-6, 아라키딜알코올, 포타슘세틸포스페이트, 향료, 토코페릴아세테이트, 카프릴릴글라이콜, 에틸헥실글리세린, 아라키딜글루코사이드, 부틸렌글라이콜, 아데노신, 알란토인, 이노시톨, 마데카소사이드, 펜틸렌글라이콜, 3-O-에틸아스코빅애씨드, 소듐메타포스페이트, 에틸헥실팔미테이트, 비터오렌지꽃추출물, 소듐하이알루로네이트, 카보머, 토코페롤, 하이드롤라이즈드식물성단백질, 하이드롤라이즈드하이알루로닉애씨드, 해바라기씨오일, 소듐하이알루로네이트크로스폴리머, 베타-카로틴, 하이알루로닉애씨드, 디엔에이, 소듐아세틸레이티드하이알루로네이트
[멀티디펜스]
정제수, C12-15알킬벤조에이트, 에칠헥실메톡시신나메이트, 프로판다이올, 부틸렌글라이콜, 비스-에칠헥실옥시페놀메톡시페닐트리아진, 디에칠아미노하이드록시벤조일헥실벤조에이트, 티타늄디옥사이드, 다이메티콘, 나이아신아마이드, 다이페닐실록시페닐트라이메티콘, 피이지-100스테아레이트, 트라이실록세인, 1,2-헥산다이올, 실리카, 세테아릴알코올, C14-22알코올, 글리세릴스테아레이트, 폴리아크릴레이트-13, 알루미늄스테아레이트, 알루미나, 암모늄아크릴로일다이메틸타우레이트/브이피코폴리머, 폴리하이드록시스테아릭애씨드, 다이메티콘/비닐다이메티콘크로스폴리머, 메톡시피이지-114/폴리엡실론카프로락톤, 스테아릭애씨드, C12-20알킬글루코사이드, 폴리아이소부텐, C12-15알코올, 향료, 글리세릴카프릴레이트, 다이소듐이디티에이, 에틸헥실글리세린, 아데노신, 폴리솔베이트20, 솔비탄아이소스테아레이트, 글리세린, 토코페릴아세테이트, 3-O-에틸아스코빅애씨드, 락토바실러스/부레옥잠발효물, 만니톨, 에틸헥실팔미테이트, 비에이치티, 리모넨, 리날룰, 펜틸렌글라이콜, 글루코오스, 모란추출물, 페녹시에탄올, 작약뿌리추출물, 소듐데하이드로아세테이트, 카보머, 소듐시트레이트, 포타슘솔베이트, 토코페롤, 하이드록시에틸아크릴레이트/소듐아크릴로일다이메틸타우레이트코폴리머, 카프릴릴글라이콜, 복사나무잎추출물, 해바라기씨오일, 라이신, 알지닌, 히스티딘, 시트릭애씨드, 작약꽃추출물, 베타-카로틴, 자일로오스, 디엔에이, 바이오틴, 만노오스, 소듐클로라이드, 레시틴, 하이드로제네이티드포스파티딜콜린, 카퍼트라이펩타이드-1, 소듐포스페이트, 덱스트린, 하이드롤라이즈드오크라추출물, 콜레스테롤, 푸코오스, 다이팔미토일하이드록시프롤린, 아크릴레이트/스테아릴메타크릴레이트코폴리머, 포타슘클로라이드, 포타슘포스페이트, 마그네슘클로라이드, 하이드롤라이즈드기장, 칼슘클로라이드

[익스트림포스 레포츠]
정제수, C12-15알킬벤조에이트, 에칠헥실메톡시신나메이트, 부틸렌글라이콜, 프로판다이올, 비스-에칠헥실옥시페놀메톡시페닐트리아진, 디에칠아미노하이드록시벤조일헥실벤조에이트, 티타늄디옥사이드, 다이메티콘, 트라이실록세인, 사이클로펜타실록세인, 실리카, 사이클로헥사실록세인, 폴리아크릴레이트-13, 알루미늄스테아레이트, 폴리아이소부텐, 폴리하이드록시스테아릭애씨드, 다이메티콘/비닐다이메티콘크로스폴리머, 알루미나, 스테아릭애씨드, 페녹시에탄올, C12-15알코올, 향료, 폴리아크릴릭애씨드, 다이소듐이디티에이, 에틸헥실글리세린, 폴리솔베이트20, 솔비탄아이소스테아레이트, 버지니아풍년화잎수, 칼슘판테테인설포네이트, 암모늄아크릴로일다이메틸타우레이트/브이피코폴리머, 비에이치티, 리모넨, 리날룰, 토코페롤, 피이지-60하이드로제네이티드캐스터오일, 잔탄검, 글리세린, 락토바실러스/부레옥잠발효물, 에틸헥실팔미테이트, 메톡시피이지-114/폴리엡실론카프로락톤, 쇠비름추출물, 만니톨, 펜틸렌글라이콜, 아스코빅애씨드, 카페익애씨드, 유비퀴논, 아크릴레이트/암모늄메타크릴레이트코폴리머, 카프릴릴글라이콜, 하이드록시에틸아크릴레이트/소듐아크릴로일다이메틸타우레이트코폴리머, 카카오추출물, 1,2-헥산다이올, 토코페릴아세테이트, 카보머, 복사나무잎추출물, 시트릭애씨드, 소듐데하이드로아세테이트, 레시틴, 에탄올, 포타슘솔베이트, 소듐시트레이트, 소듐벤조에이트, 티타늄디옥사이드 (CI 77891), 해바라기씨오일, 베타-카로틴, 하이드롤라이즈드기장, 징크디엔에이, 디엔에이, 하이드로제네이티드포스파티딜콜린, 바이오틴, 덱스트린, 하이드롤라이즈드오크라추출물, 콜레스테롤, 다이팔미토일하이드록시프롤린, 아크릴레이트/스테아릴메타크릴레이트코폴리머, 카퍼트라이펩타이드-1, 콜레스테릴헥실다이카바메이트풀루란"
"A000000254119","AHC 마스터즈 아쿠아 리치 선크림 50ml 1+1 기획 (포켓몬기획/일반기획)","AHC","50.0","100.0","ml","","27900","2790.0","정제수, 다이부틸아디페이트, 프로판다이올, 디에칠아미노하이드록시벤조일헥실벤조에이트, 폴리메틸실세스퀴옥세인, 에칠헥실트리아존, 나이아신아마이드, 메칠렌비스-벤조트리아졸릴테트라메칠부틸페놀, 코코-카프릴레이트/카프레이트, 카프릴릴메티콘, 디에칠헥실부타미도트리아존, 글리세린, 부틸렌글라이콜, 1,2-헥산다이올, 비타민나무열매추출물, 당근추출물, 로즈힙열매추출물, 사과추출물, 케이프알로에잎추출물, 사철쑥추출물, 베르가모트오일, 살구즙, 하이드로제네이티드레시틴, 펜틸렌글라이콜, 베헤닐알코올, 폴리C10-30알킬아크릴레이트, 폴리글리세릴-3메틸글루코오스다이스테아레이트, 데실글루코사이드, 트로메타민, 카보머, 아크릴레이트/C10-30알킬아크릴레이트크로스폴리머, 소듐스테아로일글루타메이트, 폴리아크릴레이트크로스폴리머-6, 에틸헥실글리세린, 아데노신, 잔탄검, t-부틸알코올, 토코페롤, 아스코빅애씨드, 드럼스틱씨오일, 세라마이드엔피, 피토스핑고신, 하이드로제네이티드레시틴,케이프알로에잎추출물,사철쑥추출물"
"A000000232053","[리뷰이벤트/파데프리/톤업선크림]체이싱래빗 올어바웃글로우 커버크림 35g기획(단품/대왕퍼프)","체이싱래빗","35.0","35.0","g(약 1ml 상당으로 근사)","20000","13600","3885.7","정제수, 사이클로펜타실록세인, 티타늄디옥사이드, 에칠헥실메톡시신나메이트, 다이프로필렌글라이콜, 세틸에틸헥사노에이트, 세틸피이지/피피지-10/1다이메티콘, 부틸렌글라이콜, 에칠헥실살리실레이트, 실리카, 1,2-헥산다이올, 카프릴릴메티콘, 나이아신아마이드, 옥토크릴렌, 라우릴피이지-9폴리다이메틸실록시에틸다이메티콘, 사이클로헥사실록세인, 글리세린, 비스-에칠헥실옥시페놀메톡시페닐트리아진, 다이스테아다이모늄헥토라이트, 폴리페닐실세스퀴옥세인, 소듐클로라이드, 카나우바왁스, 황색산화철, 트라이메틸실록시실리케이트, 스테아릭애씨드, 아크릴레이트/스테아릴아크릴레이트/다이메티콘메타크릴레이트코폴리머, 다이아이소스테아릴말레이트, 팔미틱애씨드, 알루미늄하이드록사이드, 글리세릴카프릴레이트, 적색산화철, 트라이에톡시카프릴릴실레인, 향료, 흑색산화철, 알란토인, 다이메티콘/비닐다이메티콘크로스폴리머, 아데노신, 다이메티콘, 다이소듐이디티에이, 소듐하이알루로네이트, 글루타티온, 토코페롤, 하이드롤라이즈드콜라겐, 카프릴릭/카프릭트라이글리세라이드, 에탄올, 약모밀추출물, 하이드로제네이티드레시틴, 복사나무꽃추출물, 소듐스테아로일글루타메이트, 하이알루로닉애씨드, 아스코빅애씨드"
"A000000200635","[7월올영픽/쿨링수분] 닥터지 레드 블레미쉬 수딩 업 선 50+50+10ml 증정기획 (선크림)","닥터지","50.0","110.0","ml","29000","19900","1809.1","정제수, 다이부틸아디페이트, 프로판다이올, 에칠헥실트리아존, 테레프탈릴리덴디캠퍼설포닉애씨드, 나이아신아마이드, 옥틸도데칸올, 트로메타민, 폴리글리세릴-3다이스테아레이트, 세테아릴알코올, 판테놀, 1,2-헥산다이올, 펜틸렌글라이콜, 폴리실리콘-15, 카프릴릴메티콘, 디에칠아미노하이드록시벤조일헥실벤조에이트, 폴리메틸실세스퀴옥세인, 글리세릴스테아레이트, 포타슘세틸포스페이트, 비스-에칠헥실옥시페놀메톡시페닐트리아진, 메틸프로판다이올, 에키움 플란타기네움씨오일, 카보머, 글리세릴스테아레이트시트레이트, 아크릴레이트/C10-30알킬아크릴레이트크로스폴리머, 에틸헥실글리세린, 암모늄아크릴로일다이메틸타우레이트/브이피코폴리머, 아데노신, 부틸렌글라이콜, 풍선덩굴꽃/잎/덩굴추출물, 해바라기씨오일불검화물, 폴리에터-1, 약모밀추출물, 노니열매추출물, 토코페롤, 쑥잎추출물, 병풀꽃/잎/줄기추출물, 아티초크잎추출물, 바이오사카라이드검-1, 병풀뿌리추출물, 병풀추출물, 병풀잎추출물, 효모발효물, 복사나무꽃추출물, 물냉이추출물, 7-데하이드로콜레스테롤, 엑토인, 아시아티코사이드, 타라열매추출물, 마데카소사이드, 코토니추출물, 락토바실러스발효물, 밀몽화꽃추출물, 프랑스해안송껍질추출물, 마데카식애씨드, 아시아틱애씨드"
"A000000149135","[1등썬] 라운드랩 자작나무 수분 선크림 50ml 기획(50ml+크림 20ml/50ml+클렌저 20ml)","라운드랩","50.0","190.0","ml","","25000","1315.8","정제수, 다이부틸아디페이트, 프로판다이올, 디에칠아미노하이드록시벤조일헥실벤조에이트, 폴리메틸실세스퀴옥세인, 에칠헥실트리아존, 나이아신아마이드, 메칠렌비스-벤조트리아졸릴테트라메칠부틸페놀, 코코-카프릴레이트/카프레이트, 카프릴릴메티콘, 디에칠헥실부타미도트리아존, 글리세린, 1,2-헥산다이올, 부틸렌글라이콜, 자작나무수액(1,425ppm), 소듐하이알루로네이트, 하이알루로닉애씨드, 글리세릴글루코사이드, 다이포타슘글리시리제이트, 알란토인, 쇠비름추출물, 개똥쑥추출물, 구주소나무잎오일, 캐모마일꽃오일, 아크릴레이트/C10-30알킬아크릴레이트크로스폴리머, 소듐스테아로일글루타메이트, 폴리아크릴레이트크로스폴리머-6, 에틸헥실글리세린, 아스코빅애씨드, 아데노신, 펜틸렌글라이콜, 베헤닐알코올, 폴리C10-30알킬아크릴레이트, 폴리글리세릴-3메틸글루코오스다이스테아레이트, 데실글루코사이드, 트로메타민, 잔탄검, t-부틸알코올, 토코페롤, 카보머"
"A000000223906","식물나라 가벼운 수분 선 젤 60ml 단품/2입/대용량/트래블키트","식물나라","60.0","120.0","ml","9800","5900","491.7","[선젤] 정제수, 트라이프로필렌글라이콜, 사이클로펜타실록세인, 다이부틸아디페이트, 다이아이소프로필아디페이트, 에칠헥실트리아존, 비스-에칠헥실옥시페놀메톡시페닐트리아진, 옥토크릴렌, 나이아신아마이드, 폴리메틸실세스퀴옥세인, 테레프탈릴리덴디캠퍼설포닉애씨드, 세테아릴알코올, 트로메타민, 1,2-헥산다이올, 알로에베라잎추출물, 소듐하이알루로네이트, 다이메티콘, 펜틸렌글라이콜, C13-15알케인, 하이드록시에틸우레아, C13-16아이소알케인, 소듐폴리아크릴로일다이메틸타우레이트, 다이메티콘/비닐다이메티콘크로스폴리머, 세테아릴올리베이트, 폴리C10-30알킬아크릴레이트, 솔비탄올리베이트, 소듐스테아로일글루타메이트, 부틸렌글라이콜, 폴리글리세릴-10미리스테이트, 다이메티콘올, 글리세릴글루코사이드, 메틸프로판다이올, 에틸헥실글리세린, 폴리아크릴레이트크로스폴리머-6, 폴리에터-1, 아데노신, 글리세린, 알지닌, 토코페롤, 카보머, 향료
[클렌징폼]
정제수, 글리세린, 미리스틱애씨드, 포타슘하이드록사이드, 코코-글루코사이드, 라우릭애씨드, 메틸프로판다이올, 팔미틱애씨드, 스테아릭애씨드, 글리세릴스테아레이트, 탄산수(9,750ppm), 당느릅나무뿌리추출물, 줄맨드라미씨추출물, 무화과추출물, 병풀추출물, 페퍼민트오일, 하이드로제네이티드레시틴, 솔비탄올리베이트, 에틸헥실글리세린, 만니톨, 다이소듐이디티에이, 피이지-14M, 마이크로크리스탈린셀룰로오스, 부틸렌글라이콜, 수크로오스, 1,2-헥산다이올, 멘톨, 에틸멘탄카복사마이드, 옥수수전분, 하이드록시프로필메틸셀룰로오스, 실리카, 비에이치티, 세라마이드엔피, 향료, 울트라마린"
"A000000208182","[1+1/1등 화잘먹 속촉촉수분썬] 에스네이처 아쿠아 365 UV 선크림 40ml 2입","에스네이처","40.0","80.0","ml","36000","21900","2737.5","정제수, 다이부틸아디페이트, 폴리메틸실세스퀴옥세인, 프로판다이올, 디에칠아미노하이드록시벤조일헥실벤조에이트, 부틸옥틸살리실레이트, 에칠헥실트리아존, 나이아신아마이드, 메칠렌비스-벤조트리아졸릴테트라메칠부틸페놀, 카프릴릴메티콘, 디에칠헥실부타미도트리아존, 글리세린, 1,2-헥산다이올, 부틸렌글라이콜, 다시마추출물, 한련초잎추출물, 판테놀, 알란토인, 냉초추출물, 더위지기추출물, 소듐하이알루로네이트, 하이드롤라이즈드하이알루로닉애씨드, 소듐아세틸레이티드하이알루로네이트, 베타-글루칸, 토코페롤, 메틸프로판다이올, 다이프로필렌글라이콜, 프룩토올리고사카라이드, 아데노신, 하이드로제네이티드레시틴, 펜틸렌글라이콜, 데실글루코사이드, 에틸헥실글리세린, 폴리C10-30알킬아크릴레이트, 트로메타민, 카보머, 아크릴레이트/C10-30알킬아크릴레이트크로스폴리머, 소듐스테아로일글루타메이트, 잔탄검, 베헤닐알코올, 폴리글리세릴-3메틸글루코오스다이스테아레이트, 폴리아크릴레이트크로스폴리머-6"
"A000000219094","(50%용량증정) 에스트라 더마UV365 비타C 광채수분 선크림 40ml 기획(+20ml)","에스트라","40.0","60.0","ml","31000","24800","4133.3","정제수, 비스-에칠헥실옥시페놀메톡시페닐트리아진, 다이부틸아디페이트, 다이에틸헥실석시네이트, 에칠헥실트리아존, 디에칠아미노하이드록시벤조일헥실벤조에이트, 프로판다이올, 폴리실리콘-15, 나이아신아마이드, 1,2-헥산다이올, 실리카, 페닐트라이메티콘, 베헤닐알코올, 글리세릴스테아레이트에스이, 아크릴레이트/C10-30알킬아크릴레이트크로스폴리머, 트로메타민, 알란토인, 소듐메틸스테아로일타우레이트, 암모늄폴리아크릴로일다이메틸타우레이트, 폴리글리세릴-3메틸글루코오스다이스테아레이트, 글리세릴카프릴레이트, 에틸헥실글리세린, 아데노신, 소듐메타포스페이트, 아스코빌테트라이소팔미테이트, 세라마이드엔피, 하이드롤라이즈드하이알루로닉애씨드, 토코페롤"
"A000000259610","[NEW/속광피팅] 라운드랩 자작나무 수분 톤업 선세럼 50ml 기획(+클렌저 20ml)","라운드랩","50.0","70.0","ml","27000","16900","2414.3","정제수, 다이부틸아디페이트, 부틸옥틸살리실레이트, 트라이프로필렌글라이콜, 에칠헥실트리아존, 테레프탈릴리덴디캠퍼설포닉애씨드, 티타늄디옥사이드 (CI 77891), 나이아신아마이드, 트로메타민, 펜틸렌글라이콜, 1,2-헥산다이올, 자작나무수액(10,230ppm), 글리세린, 디에칠아미노하이드록시벤조일헥실벤조에이트, 폴리실리콘-15, 비스-에칠헥실옥시페놀메톡시페닐트리아진, 세테아릴올리베이트, 아이소도데케인, 옥틸도데칸올, 솔비탄올리베이트, 베헤닐알코올, 폴리C10-30알킬아크릴레이트, 폴리하이드록시스테아릭애씨드, 글리세릴스테아레이트, 소듐폴리아크릴로일다이메틸타우레이트, 폴리글리세릴-4아이소스테아레이트, 폴리아크릴레이트크로스폴리머-6, 카보머, 소듐스테아로일글루타메이트, 아이소프로필티타늄트라이아이소스테아레이트, 알루미늄하이드록사이드, 잔탄검, 부틸렌글라이콜, 에틸헥실글리세린, 아데노신, 메틸프로판다이올, 폴리에터-1, 적색산화철 (CI 77491), 토코페롤, 글리세릴글루코사이드, 미네랄워터, 알지닌, 카프릴릭애씨드, 다이프로필렌글라이콜, 세테아릴알코올, 하이드로제네이티드레시틴, 소듐디엔에이, 베툴린, 소듐하이알루로네이트, 글라이신, 글루타믹애씨드"
"A000000224657","[화잘먹] 조선미녀 맑은쌀 선크림 50ml+20ml 증정 기획","조선미녀","50.0","70.0","ml","20000","15000","2142.9","정제수, 다이부틸아디페이트, 프로판다이올, 디에칠아미노하이드록시벤조일헥실벤조에이트, 폴리메틸실세스퀴옥세인, 에칠헥실트리아존, 나이아신아마이드, 메칠렌비스-벤조트리아졸릴테트라메칠부틸페놀, 코코-카프릴레이트/카프레이트, 카프릴릴메티콘, 디에칠헥실부타미도트리아존, 글리세린, 1,2-헥산다이올, 부틸렌글라이콜, 쌀추출물(3000 ppm), 쌀배아추출물(2 ppm), 녹차추출물, 락토바실러스/호박발효추출물, 바실러스/소이빈발효추출물, 사탕수수추출물, 자이언트켈프추출물, 코코넛야자열매추출물, 홍삼추출물, 홍차추출물, 모나스커스/쌀발효물(120 ppb), 베헤닐알코올, 폴리C10-30알킬아크릴레이트, 폴리글리세릴-3메틸글루코오스다이스테아레이트, 데실글루코사이드, 트로메타민, 카보머, 아크릴레이트/C10-30알킬아크릴레이트크로스폴리머, 소듐스테아로일글루타메이트, 폴리아크릴레이트크로스폴리머-6, 아데노신, 잔탄검, t-부틸알코올, 토코페롤, 락토바실러스/쌀발효물(120 ppb), 아스퍼질러스발효물, 효모/쌀발효여과물(120 ppb), 펜틸렌글라이콜, 에틸헥실글리세린"
"A000000232884","어테이션 익모초 유브이 톤업 선스크린 SPF50+ PA++++ 40ml","어테이션","40.0","40.0","ml","25000","15900","3975.0","정제수,징크옥사이드,사이클로헥사실록세인,부틸옥틸살리실레이트,프로판다이올,프로필헵틸카프릴레이트,아이소도데케인,폴리글리세릴-3폴리다이메틸실록시에틸다이메티콘,카프릴릴메티콘,나이아신아마이드,다이실록세인,익모초추출물,라벤더오일,센티드제라늄꽃오일,소듐하이알루로네이트,캐모마일꽃오일,다이스테아다이모늄헥토라이트,마그네슘설페이트,트라이에톡시카프릴릴실레인,1,2-헥산다이올,폴리글리세릴-2다이폴리하이드록시스테아레이트,폴리메틸실세스퀴옥세인,라우릴폴리글리세릴-3폴리다이메틸실록시에틸다이메티콘,글리세릴카프릴레이트,카프릴릴글라이콜,에틸헥실글리세린,아데노신,토코페롤,부틸렌글라이콜,리날룰,시트로넬올,제라니올,리모넨"
"A000000248226","[1+1/파데프리톤업] 아비브 글루타치온좀 CC 선크림 토닝 튜브 50ml 더블 기획","아비브","50.0","100.0","ml","37000","25900","2590.0","정제수*, 다이부틸아디페이트, 프로판다이올, 티타늄디옥사이드 (CI 77891), 비스-에칠헥실옥시페놀메톡시페닐트리아진, 디에칠아미노하이드록시벤조일헥실벤조에이트, 에칠헥실트리아존, 폴리실리콘-15, 나이아신아마이드, 코코-카프릴레이트/카프레이트, 다이아이소프로필세바케이트, 폴리메틸실세스퀴옥세인, 부틸렌글라이콜*, 1,2-헥산다이올*, 글리세린, 메칠렌비스-벤조트리아졸릴테트라메칠부틸페놀, 펜틸렌글라이콜, 아이소도데케인, 옥틸도데칸올, 포타슘세틸포스페이트, 베헤닐알코올, 폴리아크릴레이트크로스폴리머-6, 폴리글리세릴-3메틸글루코오스다이스테아레이트, 폴리C10-30알킬아크릴레이트, 트로메타민, 폴리글리세릴-4아이소스테아레이트, 황색산화철 (CI 77492), 카보머, 데실글루코사이드, 아이소프로필티타늄트라이아이소스테아레이트, 알루미늄하이드록사이드, 아크릴레이트/C10-30알킬아크릴레이트크로스폴리머, 마이카 (CI 77019), 폴리에스터-1, 소듐스테아로일글루타메이트, 에틸헥실글리세린*, 적색산화철 (CI 77491), 아데노신, 흑색산화철 (CI 77499), 글루타티온(150 ppm)*, 실리카다이메틸실릴레이트, 잔탄검, 토코페롤, 알란토인, 사과세포배양추출물*, 다이프로필렌글라이콜, 베타-글루칸, 하이드로제네이티드레시틴, 콜레스테롤, 키토산, 아스코빅애씨드, 3-O-에틸아스코빅애씨드, 아스코빌글루코사이드, 세라마이드엔피
*글루타치온좀(Glutathiosome) : 식물 유래 이중 지질막 전달체에 글루타치온을 담지하여 만든 복합체 30,000 ppm 함유"
"A000000169499","[수분 선크림][누적판매1700만개]스킨1004 마다가스카르 센텔라 히알루-시카 워터핏 선세럼 50ml","스킨1004","50.0","50.0","ml","20000","17600","3520.0","정제수, 다이부틸아디페이트, 프로판다이올, 디에칠아미노하이드록시벤조일헥실벤조에이트, 폴리메틸실세스퀴옥세인, 에칠헥실트리아존, 메칠렌비스-벤조트리아졸릴테트라메칠부틸페놀, 나이아신아마이드, 코코-카프릴레이트/카프레이트, 카프릴릴메티콘, 디에칠헥실부타미도트리아존, 글리세린, 1,2-헥산다이올, 부틸렌글라이콜, 펜틸렌글라이콜, 베헤닐알코올, 폴리C10-30알킬아크릴레이트, 폴리글리세릴-3메틸글루코오스다이스테아레이트, 데실글루코사이드, 트로메타민, 카보머, 아크릴레이트/C10-30알킬아크릴레이트크로스폴리머, 소듐스테아로일글루타메이트, 폴리아크릴레이트크로스폴리머-6, 에틸헥실글리세린, 아데노신, 잔탄검, 병풀추출물, t-부틸알코올, 소듐하이알루로네이트, 자작나무껍질추출물, 토코페롤, 하이드롤라이즈드하이알루로닉애씨드, 녹차추출물, 은행나무잎추출물, 브로콜리싹추출물, 동백나무잎추출물, 로켓잎추출물, 자주개자리추출물, 밀싹추출물, 이노시톨, 하이알루로닉애씨드"
"A000000225573","[파데프리/톤업] 조선미녀 데일리 틴티드 선세럼 50ml (기획/단품)","조선미녀","50.0","50.0","ml","20000","14600","2920.0","LP100
징크옥사이드 (CI 77947), 정제수, 부틸옥틸살리실레이트, 아이소프로필미리스테이트, 코코-카프릴레이트/카프레이트, 카프릴릭/카프릭트라이글리세라이드, 네오펜틸글라이콜다이헵타노에이트, 에틸헥실아이소노나노에이트, 변성알코올, 폴리글리세릴-3폴리리시놀리에이트, 부틸렌글라이콜, C12-15알킬벤조에이트, 프로판다이올, 실리카, 메틸메타크릴레이트크로스폴리머, 스테아릭애씨드, 폴리글리세릴-6폴리하이드록시스테아레이트, 하이드로제네이티드올리브오일불검화물, 사철쑥추출물, 폴리글리세릴-4다이아이소스테아레이트/폴리하이드록시스테아레이트/세바케이트, 스테아랄코늄헥토라이트, 운데케인, 1,2-헥산다이올, 폴리글리세릴-6폴리리시놀리에이트, 하이드록시아세토페논, 트라이데케인, 폴리글리세린-6, 아이소프로필티타늄트라이아이소스테아레이트, 토코페롤, 아스코빌팔미테이트, 황색산화철 (CI 77492), 적색산화철 (CI 77491), 흑색산화철 (CI 77499)

LN110
징크옥사이드 (CI 77947), 정제수, 부틸옥틸살리실레이트, 아이소프로필미리스테이트, 코코-카프릴레이트/카프레이트, 카프릴릭/카프릭트라이글리세라이드, 네오펜틸글라이콜다이헵타노에이트, 에틸헥실아이소노나노에이트, 변성알코올, 폴리글리세릴-3폴리리시놀리에이트, 부틸렌글라이콜, C12-15알킬벤조에이트, 프로판다이올, 실리카, 메틸메타크릴레이트크로스폴리머, 스테아릭애씨드, 폴리글리세릴-6폴리하이드록시스테아레이트, 하이드로제네이티드올리브오일불검화물, 사철쑥추출물, 폴리글리세릴-4다이아이소스테아레이트/폴리하이드록시스테아레이트/세바케이트, 스테아랄코늄헥토라이트, 운데케인, 1,2-헥산다이올, 폴리글리세릴-6폴리리시놀리에이트, 하이드록시아세토페논, 트라이데케인, 폴리글리세린-6, 아이소프로필티타늄트라이아이소스테아레이트, 토코페롤, 아스코빌팔미테이트, 황색산화철 (CI 77492), 적색산화철 (CI 77491), 흑색산화철 (CI 77499)

LP110
징크옥사이드 (CI 77947), 정제수, 부틸옥틸살리실레이트, 아이소프로필미리스테이트, 코코-카프릴레이트/카프레이트, 카프릴릭/카프릭트라이글리세라이드, 네오펜틸글라이콜다이헵타노에이트, 에틸헥실아이소노나노에이트, 변성알코올, 폴리글리세릴-3폴리리시놀리에이트, 부틸렌글라이콜, C12-15알킬벤조에이트, 프로판다이올, 실리카, 메틸메타크릴레이트크로스폴리머, 스테아릭애씨드, 폴리글리세릴-6폴리하이드록시스테아레이트, 하이드로제네이티드올리브오일불검화물, 사철쑥추출물, 폴리글리세릴-4다이아이소스테아레이트/폴리하이드록시스테아레이트/세바케이트, 스테아랄코늄헥토라이트, 운데케인, 1,2-헥산다이올, 폴리글리세릴-6폴리리시놀리에이트, 하이드록시아세토페논, 트라이데케인, 폴리글리세린-6, 아이소프로필티타늄트라이아이소스테아레이트, 토코페롤, 아스코빌팔미테이트, 황색산화철 (CI 77492), 적색산화철 (CI 77491), 흑색산화철 (CI 77499)

MP200
징크옥사이드 (CI 77947), 정제수, 부틸옥틸살리실레이트, 아이소프로필미리스테이트, 코코-카프릴레이트/카프레이트, 카프릴릭/카프릭트라이글리세라이드, 네오펜틸글라이콜다이헵타노에이트, 에틸헥실아이소노나노에이트, 변성알코올, 폴리글리세릴-3폴리리시놀리에이트, 부틸렌글라이콜, C12-15알킬벤조에이트, 프로판다이올, 실리카, 메틸메타크릴레이트크로스폴리머, 스테아릭애씨드, 폴리글리세릴-6폴리하이드록시스테아레이트, 하이드로제네이티드올리브오일불검화물, 사철쑥추출물, 폴리글리세릴-4다이아이소스테아레이트/폴리하이드록시스테아레이트/세바케이트, 스테아랄코늄헥토라이트, 운데케인, 1,2-헥산다이올, 폴리글리세릴-6폴리리시놀리에이트, 하이드록시아세토페논, 트라이데케인, 폴리글리세린-6, 아이소프로필티타늄트라이아이소스테아레이트, 토코페롤, 아스코빌팔미테이트, 황색산화철 (CI 77492), 적색산화철 (CI 77491), 흑색산화철 (CI 77499)

MY210
징크옥사이드 (CI 77947), 정제수, 부틸옥틸살리실레이트, 아이소프로필미리스테이트, 카프릴릭/카프릭트라이글리세라이드, 에틸헥실아이소노나노에이트, 네오펜틸글라이콜다이헵타노에이트, 코코-카프릴레이트/카프레이트, 변성알코올, 폴리글리세릴-3폴리리시놀리에이트, 부틸렌글라이콜, C12-15알킬벤조에이트, 프로판다이올, 실리카, 메틸메타크릴레이트크로스폴리머, 스테아릭애씨드, 폴리글리세릴-6폴리하이드록시스테아레이트, 하이드로제네이티드올리브오일불검화물, 사철쑥추출물, 폴리글리세릴-4다이아이소스테아레이트/폴리하이드록시스테아레이트/세바케이트, 스테아랄코늄헥토라이트, 운데케인, 1,2-헥산다이올, 폴리글리세릴-6폴리리시놀리에이트, 하이드록시아세토페논, 트라이데케인, 폴리글리세린-6, 아이소프로필티타늄트라이아이소스테아레이트, 토코페롤, 아스코빌팔미테이트, 황색산화철 (CI 77492), 적색산화철 (CI 77491), 흑색산화철 (CI 77499)

MY220
징크옥사이드 (CI 77947), 정제수, 부틸옥틸살리실레이트, 에틸헥실아이소노나노에이트, 아이소프로필미리스테이트, 코코-카프릴레이트/카프레이트, 카프릴릭/카프릭트라이글리세라이드, 네오펜틸글라이콜다이헵타노에이트, 변성알코올, 폴리글리세릴-3폴리리시놀리에이트, 황색산화철 (CI 77492), 부틸렌글라이콜, C12-15알킬벤조에이트, 프로판다이올, 실리카, 메틸메타크릴레이트크로스폴리머, 스테아릭애씨드, 폴리글리세릴-6폴리하이드록시스테아레이트, 하이드로제네이티드올리브오일불검화물, 사철쑥추출물, 폴리글리세릴-4다이아이소스테아레이트/폴리하이드록시스테아레이트/세바케이트, 스테아랄코늄헥토라이트, 운데케인, 1,2-헥산다이올, 폴리글리세릴-6폴리리시놀리에이트, 하이드록시아세토페논, 트라이데케인, 아이소프로필티타늄트라이아이소스테아레이트, 폴리글리세린-6, 토코페롤, 아스코빌팔미테이트, 적색산화철 (CI 77491), 흑색산화철 (CI 77499)

MN230
징크옥사이드 (CI 77947), 정제수, 부틸옥틸살리실레이트, 아이소프로필미리스테이트, 코코-카프릴레이트/카프레이트, 카프릴릭/카프릭트라이글리세라이드, 네오펜틸글라이콜다이헵타노에이트, 황색산화철 (CI 77492), 에틸헥실아이소노나노에이트, 변성알코올, 폴리글리세릴-3폴리리시놀리에이트, 부틸렌글라이콜, C12-15알킬벤조에이트, 프로판다이올, 실리카, 메틸메타크릴레이트크로스폴리머, 적색산화철 (CI 77491), 스테아릭애씨드, 폴리글리세릴-6폴리하이드록시스테아레이트, 하이드로제네이티드올리브오일불검화물, 사철쑥추출물, 폴리글리세릴-4다이아이소스테아레이트/폴리하이드록시스테아레이트/세바케이트, 스테아랄코늄헥토라이트, 운데케인, 1,2-헥산다이올, 폴리글리세릴-6폴리리시놀리에이트, 하이드록시아세토페논, 트라이데케인, 아이소프로필티타늄트라이아이소스테아레이트, 폴리글리세린-6, 토코페롤, 아스코빌팔미테이트, 흑색산화철 (CI 77499)

DY300
징크옥사이드 (CI 77947), 정제수, 부틸옥틸살리실레이트, 아이소프로필미리스테이트, 코코-카프릴레이트/카프레이트, 카프릴릭/카프릭트라이글리세라이드, 네오펜틸글라이콜다이헵타노에이트, 황색산화철 (CI 77492), 에틸헥실아이소노나노에이트, 변성알코올, 폴리글리세릴-3폴리리시놀리에이트, 부틸렌글라이콜, C12-15알킬벤조에이트, 프로판다이올, 실리카, 메틸메타크릴레이트크로스폴리머, 적색산화철 (CI 77491), 스테아릭애씨드, 폴리글리세릴-6폴리하이드록시스테아레이트, 하이드로제네이티드올리브오일불검화물, 사철쑥추출물, 폴리글리세릴-4다이아이소스테아레이트/폴리하이드록시스테아레이트/세바케이트, 스테아랄코늄헥토라이트, 운데케인, 1,2-헥산다이올, 폴리글리세릴-6폴리리시놀리에이트, 하이드록시아세토페논, 트라이데케인, 아이소프로필티타늄트라이아이소스테아레이트, 폴리글리세린-6, 토코페롤, 아스코빌팔미테이트, 흑색산화철 (CI 77499)

DN310
징크옥사이드 (CI 77947), 정제수, 부틸옥틸살리실레이트, 아이소프로필미리스테이트, 코코-카프릴레이트/카프레이트, 카프릴릭/카프릭트라이글리세라이드, 네오펜틸글라이콜다이헵타노에이트, 에틸헥실아이소노나노에이트, 황색산화철 (CI 77492), 변성알코올, 폴리글리세릴-3폴리리시놀리에이트, 부틸렌글라이콜, C12-15알킬벤조에이트, 프로판다이올, 실리카, 메틸메타크릴레이트크로스폴리머, 적색산화철 (CI 77491), 스테아릭애씨드, 폴리글리세릴-6폴리하이드록시스테아레이트, 하이드로제네이티드올리브오일불검화물, 사철쑥추출물, 폴리글리세릴-4다이아이소스테아레이트/폴리하이드록시스테아레이트/세바케이트, 스테아랄코늄헥토라이트, 운데케인, 1,2-헥산다이올, 폴리글리세릴-6폴리리시놀리에이트, 하이드록시아세토페논, 트라이데케인, 아이소프로필티타늄트라이아이소스테아레이트, 폴리글리세린-6, 토코페롤, 아스코빌팔미테이트, 흑색산화철 (CI 77499)

DP320
징크옥사이드 (CI 77947), 정제수, 부틸옥틸살리실레이트, 아이소프로필미리스테이트, 코코-카프릴레이트/카프레이트, 카프릴릭/카프릭트라이글리세라이드, 네오펜틸글라이콜다이헵타노에이트, 에틸헥실아이소노나노에이트, 변성알코올, 폴리글리세릴-3폴리리시놀리에이트, 흑색산화철 (CI 77499), 부틸렌글라이콜, C12-15알킬벤조에이트, 프로판다이올, 실리카, 메틸메타크릴레이트크로스폴리머, 적색산화철 (CI 77491), 황색산화철 (CI 77492), 스테아릭애씨드, 폴리글리세릴-6폴리하이드록시스테아레이트, 하이드로제네이티드올리브오일불검화물, 사철쑥추출물, 폴리글리세릴-4다이아이소스테아레이트/폴리하이드록시스테아레이트/세바케이트, 스테아랄코늄헥토라이트, 운데케인, 1,2-헥산다이올, 폴리글리세릴-6폴리리시놀리에이트, 하이드록시아세토페논, 트라이데케인, 아이소프로필티타늄트라이아이소스테아레이트, 폴리글리세린-6, 토코페롤, 아스코빌팔미테이트

DY330
징크옥사이드 (CI 77947), 정제수, 부틸옥틸살리실레이트, 아이소프로필미리스테이트, 카프릴릭/카프릭트라이글리세라이드, 코코-카프릴레이트/카프레이트, 네오펜틸글라이콜다이헵타노에이트, 에틸헥실아이소노나노에이트, 변성알코올, 폴리글리세릴-3폴리리시놀리에이트, 메틸메타크릴레이트크로스폴리머, 부틸렌글라이콜, C12-15알킬벤조에이트, 프로판다이올, 실리카, 황색산화철 (CI 77492), 스테아릭애씨드, 흑색산화철 (CI 77499), 폴리글리세릴-6폴리하이드록시스테아레이트, 하이드로제네이티드올리브오일불검화물, 사철쑥추출물, 폴리글리세릴-4다이아이소스테아레이트/폴리하이드록시스테아레이트/세바케이트, 스테아랄코늄헥토라이트, 운데케인, 1,2-헥산다이올, 폴리글리세릴-6폴리리시놀리에이트, 하이드록시아세토페논, 트라이데케인, 아이소프로필티타늄트라이아이소스테아레이트, 폴리글리세린-6, 토코페롤, 아스코빌팔미테이트, 적색산화철 (CI 77491)

DN350
징크옥사이드 (CI 77947), 정제수, 부틸옥틸살리실레이트, 아이소프로필미리스테이트, 코코-카프릴레이트/카프레이트, 카프릴릭/카프릭트라이글리세라이드, 네오펜틸글라이콜다이헵타노에이트, 에틸헥실아이소노나노에이트, 흑색산화철 (CI 77499), 변성알코올, 폴리글리세릴-3폴리리시놀리에이트, 부틸렌글라이콜, C12-15알킬벤조에이트, 프로판다이올, 실리카, 메틸메타크릴레이트크로스폴리머, 스테아릭애씨드, 폴리글리세릴-6폴리하이드록시스테아레이트, 하이드로제네이티드올리브오일불검화물, 사철쑥추출물, 폴리글리세릴-4다이아이소스테아레이트/폴리하이드록시스테아레이트/세바케이트, 스테아랄코늄헥토라이트, 운데케인, 1,2-헥산다이올, 폴리글리세릴-6폴리리시놀리에이트, 하이드록시아세토페논, 트라이데케인, 아이소프로필티타늄트라이아이소스테아레이트, 폴리글리세린-6, 토코페롤, 아스코빌팔미테이트, 적색산화철 (CI 77491), 황색산화철 (CI 77492)"
"A000000252924","[7월 올영픽/화잘먹수분선] 라로슈포제 안뗄리오스 선 플루이드 50ml 기획 (+Crush 양말)","라로슈포제","50.0","50.0","ml","37000","29600","5920.0","정제수 변성알코올 실리카 다이아이소프로필세바케이트 다이카프릴릴카보네이트 에칠헥실트리아존 부틸메톡시디벤조일메탄 비스-에칠헥실옥시페놀메톡시페닐트리아진 다이아이소프로필아디페이트 글리세린 아이소프로필미리스테이트 프로판다이올 C12-22알킬아크릴레이트/하이드록시에틸아크릴레이트코폴리머  디에칠아미노하이드록시벤조일헥실벤조에이트 C12-15알킬벤조에이트 토코페롤 메톡시프로필아미노사이클로헥세닐리덴에톡시에틸사이아노아세테이트 펄라이트 드로메트리졸트리실록산 아크릴레이트/C10-30알킬아크릴레이트크로스폴리머 시트릭애씨드 다이소듐포스페이트 하이드록시에틸셀룰로오스 펜틸렌글라이콜 폴리솔베이트60 소듐포스페이트 테레프탈릴리덴디캠퍼설포닉애씨드 트라이에탄올아민 트라이소듐에틸렌다이아민다이석시네이트"
"A000000219556","[핑크톤업] 구달 맑은 어성초 진정 수분 톤업 선크림 50ml 1+1 기획","구달","50.0","100.0","ml","22000","18900","1890.0","정제수, 다이부틸아디페이트, 다이프로필렌글라이콜, 티타늄디옥사이드 (CI 77891), 프로판다이올, 아이소노닐아이소노나노에이트, 코코-카프릴레이트/카프레이트, 디에칠아미노하이드록시벤조일헥실벤조에이트, 다이아이소프로필세바케이트, 메틸트라이메티콘, 나이아신아마이드, 1,2-헥산다이올, 어성초추출물(=약모밀추출물, 100ppm), 아틀라스시다나무껍질오일, 로즈마리잎오일, 올리브오일, 불가리스쑥오일, 클레리오일, 두송열매오일, 갈바눔수지오일, 하이드롤라이즈드하이알루로닉애씨드, 하이알루로닉애씨드, 소듐하이알루로네이트, 비스-에칠헥실옥시페놀메톡시페닐트리아진, 에칠헥실트리아존, 펜틸렌글라이콜, 폴리실리콘-15, 테레프탈릴리덴디캠퍼설포닉애씨드, 포타슘세틸포스페이트, 소듐폴리아크릴로일다이메틸타우레이트, 폴리하이드록시스테아릭애씨드, 트로메타민, 알루미늄하이드록사이드, 하이드록시에틸아크릴레이트/소듐아크릴로일다이메틸타우레이트코폴리머, 스테아릭애씨드, 아이소도데케인, 옥틸도데칸올, 암모늄폴리아크릴로일다이메틸타우레이트, 폴리글리세릴-4아이소스테아레이트, 폴리글리세릴-2다이폴리하이드록시스테아레이트, 에틸헥실글리세린, 아데노신, 아이소프로필티타늄트라이아이소스테아레이트, 소듐폴리아크릴레이트, 부틸렌글라이콜, 하이드록시프로필메틸셀룰로오스스테아록시에터, 에리스리톨, 솔비톨, 토코페롤, 판테놀, 글루타티온, 다이메틸실란올하이알루로네이트, 하이드롤라이즈드소듐하이알루로네이트, 포타슘하이알루로네이트, 하이드록시프로필트라이모늄하이알루로네이트, 소듐하이알루로네이트크로스폴리머, 소듐하이알루로네이트다이메틸실란올, 소듐아세틸레이티드하이알루로네이트, 베헤닐알코올, 다이소듐이디티에이, 황색산화철 (CI 77492), 적색산화철 (CI 77491)"
"A000000010461","[베이지커버톤업] 라로슈포제 유비데아 안뗄리오스 틴티드 크림","라로슈포제","","","","38000","30400","","정제수 에칠헥실메톡시신나메이트 드로메트리졸트리실록산 글리세린 프로필렌글라이콜 디메치콘 티타늄디옥사이드 변성알코올 펜틸렌글라이콜 티타늄디옥사이드 테레프탈릴리덴디캠퍼설포닉애씨드 디에칠아미노하이드록시벤조일헥실벤조에이트 트리에탄올아민 비스-에칠헥실옥시페놀메톡시페닐트리아진 스테아릭애씨드 포타슘세틸포스페이트 알루미늄하이드록사이드 부틸렌글라이콜 쉐어버터씨드케이크추출물 카프릴릴글라이콜 카보머 세틸알코올 적색산화철/황색산화철 디소듐이디티에이 글리세릴스테아레이트 팔미틱애씨드 피이지-100스테아레이트 페녹시에탄올 소듐코코일사코시네이트 토코페롤 트로메타민 잔탄검"
"A000000180506","[8월올영픽/수분선크림] 아떼 선에센스EX 50ml 기획/단품","아떼","50.0","50.0","ml","34000","23900","4780.0","정제수,프로판다이올,에칠헥실살리실레이트,호모살레이트,나이아신아마이드,메틸트라이메티콘,부틸옥틸살리실레이트,비스-에틸헥실옥시페놀메톡시페닐트라이아진,폴리메틸실세스퀴옥세인,메칠렌비스-벤조트리아졸릴테트라메칠부틸페놀,폴리실리콘-15,디에칠아미노하이드록시벤조일헥실벤조에이트,1,2-헥산다이올,펜틸렌글라이콜,카프릴릴메티콘,다이부틸아디페이트,글리세린,실리카,베헤닐알코올,폴리글리세릴-3메틸글루코오스다이스테아레이트,트로메타민,데실글루코사이드,소듐스테아로일글루타메이트,카보머,브이피/에이코신코폴리머,아크릴레이트/C10-30알킬아크릴레이트크로스폴리머,하이드로제네이티드폴리아이소부텐,폴리C10-30알킬아크릴레이트,하이드로제네이티드폴리사이클로펜타다이엔,에틸헥실글리세린,폴리아크릴레이트크로스폴리머-6,소듐폴리아크릴레이트,향료,아데노신,프로필렌글라이콜,폴리에터-1,잔탄검,소듐하이알루로네이트,꽃송이버섯추출물,토코페롤,글루타티온,바이오틴,소듐아스코빌포스페이트,우레아,판테놀,엑토인,3-O-에틸아스코빅애씨드,베툴린,카놀라오일,옥틸도데칸올,부틸렌글라이콜,양까막까치밥나무씨오일,카프릴릭/카프릭트라이글리세라이드,밀몽화꽃추출물,하이드로제네이티드레시틴,폴리글리세릴-10다이아이소스테아레이트,비파나무잎추출물,당근씨오일,해바라기씨오일불검화물,해바라기씨오일,베타-글루칸,스피어민트추출물,사이아노코발아민,메나다이온,당근추출물,토코페릴아세테이트,베타-카로틴,풍선덩굴꽃/잎/덩굴추출물,카프릴릴글라이콜,별꽃추출물,해바라기꽃추출물,월귤추출물,아세틸헥사펩타이드-1,로즈마리잎추출물"
"A000000184352","[쿨링진정] 넘버즈인 1번 청초 진정맑은 물막선크림 듀오 기획 (SPF50+PA++++)","넘버즈인","","","","","29000","","정제수, 스페인감초뿌리수, 다이부틸아디페이트, 프로판다이올, 부틸옥틸살리실레이트, 에칠헥실트리아존, 테레프탈릴리덴디캠퍼설포닉애씨드, 폴리메틸실세스퀴옥세인, 1,2-헥산다이올, 나이아신아마이드, 트로메타민, 폴리글리세릴-3다이스테아레이트, 부틸렌글라이콜, 펜틸렌글라이콜, 세테아릴알코올, 카프릴릴메티콘, 디에칠아미노하이드록시벤조일헥실벤조에이트, 폴리실리콘-15, 글리세릴스테아레이트, 비스-에칠헥실옥시페놀메톡시페닐트리아진, 포타슘세틸포스페이트, 메틸프로판다이올, 카보머, 병풀추출물, 약모밀추출물, 아크릴레이트/C10-30알킬아크릴레이트크로스폴리머, 황련뿌리추출물, 글리세릴스테아레이트시트레이트, 에틸헥실글리세린, 잔탄검, 덱스트린, 아데노신, 폴리에터-1, 마데카소사이드, 치자추출물, 바이오사카라이드검-1, 토코페롤, 글리세린, 각시둥굴레뿌리줄기/뿌리추출물, 구기자추출물, 녹용추출물, 소엽맥문동뿌리추출물, 하수오뿌리추출물, 황기뿌리추출물, 다시마추출물, 알로에베라잎추출물, 참마뿌리추출물, 트루로즈오브예리코추출물, 당느릅나무뿌리추출물, 모창출뿌리추출물, 제비꽃꽃추출물, 다이메틸실란올하이알루로네이트, 하이드롤라이즈드하이알루로닉애씨드, 하이드롤라이즈드소듐하이알루로네이트, 소듐하이알루로네이트, 하이알루로닉애씨드, 포타슘하이알루로네이트, 소듐하이알루로네이트크로스폴리머, 하이드록시프로필트라이모늄하이알루로네이트, 소듐하이알루로네이트다이메틸실란올, 소듐아세틸레이티드하이알루로네이트, 히아신스전초추출물"
"A000000236979","[광노화선] 달바 비타 캡슐 안티에이징 선크림 듀오 기획 (50ml+50ml)","달바","50.0","100.0","ml","51000","35700","3570.0","콜라겐수(520,000ppm), 에칠헥실메톡시신나메이트, 호모살레이트, 부틸렌글라이콜, 에칠헥실살리실레이트, 디에칠아미노하이드록시벤조일헥실벤조에이트, 실리카, 판테놀(30,000ppm), 에칠헥실트리아존, 나이아신아마이드(20,000ppm), 벤조트라이아졸릴도데실p-크레솔, 정제수, 1,2-헥산다이올, 카프릴릴메티콘, 펜틸렌글라이콜, 다이페닐실록시페닐트라이메티콘, 카프릴릭/카프릭트라이글리세라이드, 폴리메틸실세스퀴옥세인, 아이소노닐아이소노나노에이트, 카프릴릭/카프릭/석시닉트라이글리세라이드, 암모늄아크릴로일다이메틸타우레이트/브이피코폴리머, 오렌지오일, 캐스터오일/아이피디아이코폴리머, 당근추출물, 아크릴레이트/C10-30알킬아크릴레이트크로스폴리머, 카놀라오일, 트로메타민, 하이드록시프로필메틸셀룰로오스스테아록시에터, 에틸헥실글리세린, 아데노신, 필리핀오렌지껍질오일, 리씨열매오일, 당근씨오일, 글루코오스, 만노오스, 알지닌, 카보머, 아모다이메티콘, 토코페릴아세테이트(12ppm), 해바라기씨오일, 베타-카로틴(12ppm), 하이드롤라이즈드하이알루로닉애씨드, 메도우폼씨오일, 세라마이드엔피, 토코페롤(0.5ppm), 흰서양송로추출물, 병풀추출물, 다이메틸실란올하이알루로네이트, 하이드롤라이즈드소듐하이알루로네이트, 소듐하이알루로네이트, 하이알루로닉애씨드, 포타슘하이알루로네이트, 소듐하이알루로네이트크로스폴리머, 하이드록시프로필트라이모늄하이알루로네이트, 소듐하이알루로네이트다이메틸실란올, 소듐아세틸레이티드하이알루로네이트, 마데카소사이드, 아시아티코사이드, 아시아틱애씨드, 소듐디엔에이, 글루타티온, 아스코빅애씨드(0.48ppb), 리모넨, 시트랄"
"A000000180231","[온가족썬] 달바 마일드 선크림 듀오 기획 (50ml+50ml)","달바","50.0","100.0","ml","51000","33900","3390.0","정제수, C12-15알킬벤조에이트, 티타늄디옥사이드, 벤조트라이아졸릴도데실p-크레솔, 프로판다이올, 부틸옥틸살리실레이트, 카프릴릴메티콘, 1,2-헥산다이올, 폴리메틸실세스퀴옥세인, 알루미늄스테아레이트, 폴리하이드록시스테아릭애씨드, 펜틸렌글라이콜, 인도멀구슬나무꽃추출물, 인도멀구슬나무잎추출물, 울금뿌리추출물, 홀리바질잎추출물, 참산호말추출물, 풍선덩굴꽃/잎/덩굴추출물, 가시대나무줄기추출물, 쇠비름추출물, 병풀추출물, 버지니아풍년화추출물, 사탕수수추출물, 약모밀추출물, 에델바이스추출물, 유럽라임나무꽃추출물, 커먼자스민꽃추출물, 편백잎추출물, 흰서양송로추출물, 오렌지오일, 필리핀오렌지껍질오일, 리씨열매오일, 에키움 플란타기네움씨오일, 솔잣나무잎/너트/줄기오일, 녹차수, 자작나무수액, 일랑일랑꽃오일, 카프릴릭/카프릭트라이글리세라이드, 알루미나, 암모늄아크릴로일다이메틸타우레이트/브이피코폴리머, 폴리아크릴레이트크로스폴리머-6, 하이드록시프로필메틸셀룰로오스스테아록시에터, 소듐스테아로일글루타메이트, 에틸헥실글리세린, 옥틸도데칸올, 스테아릭애씨드, t-부틸알코올, 알란토인, 해바라기씨오일불검화물, 글리세린, 토코페롤, 마데카소사이드, 베타인, 하이드롤라이즈드하이알루로닉애씨드, 부틸렌글라이콜, 베타-글루칸, 리모넨, 시트랄"
"A000000183056","[청담샵 화잘먹] 포레스트 서울 비건 에센스 수분 선크림 80ml","포레스트 서울","80.0","80.0","ml","","22000","2750.0","정제수, 다이부틸아디페이트, 프로판다이올, 에칠헥실트리아존, 테레프탈릴리덴디캠퍼설포닉애씨드, 트로메타민, 폴리글리세릴-3다이스테아레이트, 세테아릴알코올, 판테놀, 1,2-헥산다이올, 펜틸렌글라이콜, 폴리실리콘-15, 카프릴릴메티콘, 실리카, 디에칠아미노하이드록시벤조일헥실벤조에이트, 옥틸도데칸올, 폴리메틸실세스퀴옥세인, 잣나무씨추출물*, 동백나무꽃추출물, 소나무잎추출물, 포타슘세틸포스페이트, 비스-에칠헥실옥시페놀메톡시페닐트리아진, 글리세릴스테아레이트, 메틸프로판다이올, 카보머, 글리세릴스테아레이트시트레이트, 아크릴레이트/C10-30알킬아크릴레이트크로스폴리머, 에키움 플란타기네움씨오일, 에틸헥실글리세린, 암모늄아크릴로일다이메틸타우레이트/브이피코폴리머, 해바라기씨오일, 폴리에터-1, 풍선덩굴꽃/잎/덩굴추출물, 토코페롤, 부틸렌글라이콜, 바이오사카라이드검-1, 향료"
"A000000260324","[투명톤업&촉촉] 달바 워터풀 블루 톤업 선크림 50ml","달바","50.0","50.0","ml","34000","25900","5180.0","정제수, 빙하수(100,000ppm), 다이카프릴릴카보네이트, 프로판다이올, 다이부틸아디페이트, 티타늄디옥사이드, 부틸옥틸살리실레이트, 2,3-부탄다이올, 폴리실리콘-15, 디에칠아미노하이드록시벤조일헥실벤조에이트, 나이아신아마이드, 에칠헥실트리아존, 1,2-헥산다이올, 펜틸렌글라이콜, 판테놀(10,000ppm), 코코-카프릴레이트/카프레이트, 부틸렌글라이콜, 브이피/에이코신코폴리머, 폴리C10-30알킬아크릴레이트, 글리세린, 메틸프로판다이올, 카프릴릭/카프릭트라이글리세라이드, 폴리글리세릴-2카프레이트, 아이소프로필라우로일사코시네이트, 페네틸벤조에이트, 하이드로제네이티드캐스터오일다이머다이리놀레에이트, 암모늄아크릴로일다이메틸타우레이트/브이피코폴리머, 수크로오스스테아레이트, 폴리아크릴레이트크로스폴리머-6, 스테아릭애씨드, 호호바씨오일, 폴리하이드록시스테아릭애씨드, 하이드록시프로필메틸셀룰로오스스테아록시에터, 귀리커넬추출물, 에틸헥실글리세린, 알루미나, 글리세릴카프릴레이트, 이눌린라우릴카바메이트, 울트라마린, 잔탄검, 알루미늄하이드록사이드, 아데노신, 스쿠알란, 아이소프로필티타늄트라이아이소스테아레이트, 폴리에터-1, 트라이에톡시카프릴릴실레인, 소듐하이알루로네이트, 락토바실러스발효물, 별꽃추출물, 소듐벤조에이트, 소듐폴리아크릴레이트, 매듭풀추출물, 동백나무씨추출물, 3-O-에틸아스코빅애씨드, 토코페롤, 레드신코나나무껍질추출물, 마누카잎추출물, 바이오사카라이드검-1, 하이드롤라이즈드하이알루로닉애씨드, 글루타티온, 알란토인, 푸른연꽃수, 흰서양송로수, 마트리카리아꽃추출물, 흰서양송로추출물, 약모밀추출물, 다이메틸실란올하이알루로네이트, 하이드롤라이즈드소듐하이알루로네이트, 당아욱꽃추출물, 하이알루로닉애씨드, 포타슘하이알루로네이트, 소듐하이알루로네이트크로스폴리머, 하이드록시프로필트라이모늄하이알루로네이트, 소듐하이알루로네이트다이메틸실란올, 소듐아세틸레이티드하이알루로네이트, 향료"
"A000000246585","퓨리토서울 데일리 소프트 터치 선크림 SPF50+ PA++++ 60 mL","퓨리토 서울","60.0","60.0","ml","26000","20800","3466.7","정제수, 프로판다이올, 다이부틸아디페이트, 다이카프릴릴카보네이트, 디에칠아미노하이드록시벤조일헥실벤조에이트, 에칠헥실트리아존, 비스-에칠헥실옥시페놀메톡시페닐트리아진, 아밀로펙틴, 부틸렌글라이콜, 메칠렌비스-벤조트리아졸릴테트라메칠부틸페놀, 글리세린, 베헤닐알코올, 폴리C10-30알킬아크릴레이트, 폴리글리세릴-3메틸글루코오스다이스테아레이트, 소듐아크릴레이트크로스폴리머-2, 카보머, 트로메타민, 데실글루코사이드, 아크릴레이트/C10-30알킬아크릴레이트크로스폴리머, 알파-비사보롤, 판테놀, 카프릴하이드록사믹애씨드, 병풀추출물, 토코페롤, 세라마이드엔피, 다이프로필렌글라이콜, 콜레스테롤, 프로필렌글라이콜, 잔탄검, 글리세릴스테아레이트, 세라마이드에이에스, 세라마이드에이피, 세라마이드엔에스, 하이드로제네이티드레시틴, 세라마이드이오피"
"A000000163503","[저자극/안심자차] 라운드랩 자작나무 무기자차 선크림 50ml 기획 (+클렌저20ml)","라운드랩","50.0","70.0","ml","","25000","3571.4","1. 자작나무 무기자차 선크림 50ml (본품)
정제수, 징크옥사이드, 사이클로헥사실록세인, 부틸옥틸살리실레이트, 프로판다이올, 프로필헵틸카프릴레이트, 아이소도데케인, 카프릴릴메티콘, 폴리글리세릴-3폴리다이메틸실록시에틸다이메티콘, 메틸메타크릴레이트크로스폴리머, 메틸트라이메티콘, 자작나무수액 (1,045ppm), 삼나무잎추출물, 연꽃잎추출물, 효모발효여과물, 글리세릴글루코사이드, 소듐하이알루로네이트, 하이알루로닉애씨드, 글리세린, 부틸렌글라이콜, 트라이에톡시카프릴릴실레인, 개똥쑥추출물, 캐모마일꽃오일, 구주소나무잎오일, 에틸헥실글리세린, 아스코빅애씨드, 토코페롤, 글리세릴카프릴레이트, 카프릴릴글라이콜, 폴리메틸실세스퀴옥세인, 라우릴폴리글리세릴-3폴리다이메틸실록시에틸다이메티콘, 1,2-헥산다이올, 폴리글리세릴-2다이폴리하이드록시스테아레이트, 다이스테아다이모늄헥토라이트, 마그네슘설페이트

2. 자작나무 수분 클렌저 20ml (증정품)
정제수, 글리세린, 소듐코코일알라니네이트, 라우릴하이드록시설테인, 다이소듐코코암포다이아세테이트, 소듐메틸코코일타우레이트, 아크릴레이트/C10-30알킬아크릴레이트크로스폴리머, 자작나무수액(10,000ppm), 부틸렌글라이콜, 소듐하이알루로네이트, 하이알루로닉애씨드, 소듐클로라이드, 글리세릴글루코사이드, 아스코빅애씨드, 1,2-헥산다이올, 개똥쑥추출물, 캐모마일꽃오일, 구주소나무잎오일, 퀼라자껍질추출물, 카프릴릴글라이콜, 코코-글루코사이드, 글리세릴카프릴레이트, 소듐코코일이세티오네이트, 헥실렌글라이콜, 시트릭애씨드, 다이소듐이디티에이"
"A000000248024","[리뷰이벤트/파데프리/톤업선크림] NEW 체이싱래빗 블러 퍼플 커버선크림 기획 35g(+팡팡퍼프 증정)","체이싱래빗","35.0","35.0","g(약 1ml 상당으로 근사)","20000","14400","4114.3","정제수,티타늄디옥사이드,징크옥사이드,다이메티콘,C12-15알킬벤조에이트,부틸옥틸살리실레이트,프로판다이올,카프릴릴트라이메티콘,헥실라우레이트,다이부틸아디페이트,프로필헵틸카프릴레이트,부틸렌글라이콜,1,2-헥산다이올,나이아신아마이드,폴리글리세릴-3폴리다이메틸실록시에틸다이메티콘,폴리글리세릴-4다이아이소스테아레이트/폴리하이드록시스테아레이트/세바케이트,카프릴릭/카프릭트라이글리세라이드,C13-16아이소알케인,알루미늄하이드록사이드,스테아릭애씨드,울트라마린,다이스테아다이모늄헥토라이트,마그네슘설페이트,메틸메타크릴레이트크로스폴리머,폴리메틸실세스퀴옥세인,트라이메틸실록시실리케이트,트라이에톡시카프릴릴실레인,황색산화철,라우릴폴리글리세릴-3폴리다이메틸실록시에틸다이메티콘,실리카,폴리글리세릴-3폴리리시놀리에이트,솔비탄아이소스테아레이트,알루미늄스테아레이트,폴리하이드록시스테아릭애씨드,글리세릴카프릴레이트,마이카,아이소도데케인,적색산화철,향료,트라이하이드록시스테아린,폴리에스터-1,실리카다이메틸실릴레이트,다이메티콘올,다이메티콘/비닐다이메티콘크로스폴리머,아데노신,커먼자스민추출물,판테놀,흰버드나무껍질추출물,가지열매추출물,토코페롤,마트리카리아꽃추출물,라벤더추출물,레몬밤추출물,스피어민트추출물,베르가못잎추출물,바질잎추출물,오레가노잎추출물,효모/골담초뿌리발효추출물,살비아추출물,아사이팜열매추출물,양까막까치밥나무열매추출물,서양산딸기추출물,라즈베리추출물,로우스위트블루베리추출물,크랜베리추출물,빌베리열매추출물,글루타티온,구아이아줄렌"
"A000000112523","[투명광채톤업] 라로슈포제 유비데아 안뗄리오스 톤업 라이트 크림 30ml","라로슈포제","30.0","30.0","ml","38000","30400","10133.3","정제수, 에칠헥실메톡시신나메이트, 스쿠알란, 티타늄디옥사이드, 글리세린, 드로메트리졸트리실록산, 테레프탈릴리덴디캠퍼설포닉애씨드, 프로필렌글라이콜, 변성알코올, 트리에탄올아민, 디프로필렌글라이콜, 마이카, 스테아릭애씨드, 포타슘세틸포스페이트, 토코페롤, 나일론-12 아크릴아마이드/소듐아크릴로일디메칠타우레이트코폴리머, 알루미늄하이드록사이드, 비에이치티 비스-에칠헥실옥시페놀메톡시페닐트리아진, 부틸렌글라이콜, 쉐어버터씨드케이크추출물, 카프릴릴글라이콜, 카보머, 세틸알코올, 바륨설페이트, 티타늄디옥사이드, 디에칠아미노하이드록시벤조일헥실벤조에이트, 디소듐이디티에이, 에칠헥실트리아존, 글리세릴스테아레이트, 이소헥사데칸, 미리스틱애씨드, 모란뿌리추출물, 팔미틱애씨드, 피이지-100스테아레이트, 페녹시에탄올, 폴리소르베이트80, 포타슘소르베이트, 소듐클로라이드, 소듐코코일사코시네이트, 소르비탄올리에이트, 테르무스테르모필루스발효물, 트로메타민 잔탄검"
"A000000246715","[수분 선크림] 오브제 맥스 워터풀 선크림 300ml","오브제","300.0","300.0","ml","31500","21900","730.0","정제수, 다이부틸아디페이트, 프로판다이올, C12-15알킬벤조에이트, 에칠헥실살리실레이트, 에칠헥실트리아존, 티타늄디옥사이드, 1,2-헥산다이올, 비스-에칠헥실옥시페놀메톡시페닐트리아진, 디에칠아미노하이드록시벤조일헥실벤조에이트, 폴리메틸실세스퀴옥세인, 다이메티콘, 암모늄아크릴로일다이메틸타우레이트/브이피코폴리머, 알루미늄스테아레이트, 알루미나, 폴리하이드록시스테아릭애씨드, 소듐스테아로일글루타메이트, 폴리아크릴레이트크로스폴리머-6, 판테놀, 에틸헥실글리세린, 메틸프로판다이올, 폴리에터-1, 잔탄검, 아크릴레이트/C10-30알킬아크릴레이트크로스폴리머, 아데노신, 글리세린, 부틸렌글라이콜, 다이프로필렌글라이콜, t-부틸알코올, 하이드로제네이티드레시틴, *락토바실러스발효용해물, 세테아릴올리베이트, 솔비탄올리베이트, 엑토인, 치커리뿌리추출물, 서양민들레뿌리줄기/뿌리추출물, 비피다발효용해물, 커피콩추출물, 하이드롤라이즈드익스텐신, 소듐하이알루로네이트, 하이알루로닉애씨드, 하이드롤라이즈드하이알루로닉애씨드, 하이드롤라이즈드소듐하이알루로네이트, 하이드록시프로필트라이모늄하이알루로네이트, 포타슘하이알루로네이트, 소듐하이알루로네이트크로스폴리머, 펜틸렌글라이콜, 소듐아세틸레이티드하이알루로네이트"
"A000000248065","[텔레토비 콜라보] 구달 어성초 진정 블레미쉬 커버 선비비 뉴트럴 베이지 50ml 기획(+25ml)(+카라비너)","구달","50.0","75.0","ml","22000","17900","2386.7","정제수,티타늄디옥사이드,다이메티콘,부틸렌글라이콜,페닐트라이메티콘,C12-15알킬벤조에이트,다이페닐실록시페닐트라이메티콘,라우릴피이지-10트리스(트라이메틸실록시)실릴에틸다이메티콘,비스-다이글리세릴폴리아실아디페이트-2,트라이실록세인,글리세린,나이아신아마이드,피이지-10다이메티콘,소듐디엔에이,어성초추출물(=약모밀추출물),징크하이드롤라이즈드하이알루로네이트,다이메틸실란올하이알루로네이트,하이드롤라이즈드하이알루로닉애씨드,하이드롤라이즈드소듐하이알루로네이트,하이알루로닉애씨드,소듐하이알루로네이트,하이드록시프로필트라이모늄하이알루로네이트,소듐하이알루로네이트크로스폴리머,소듐하이알루로네이트다이메틸실란올,소듐아세틸레이티드하이알루로네이트,코직애씨드,판테놀,칼라민,마그네슘설페이트,다이스테아다이모늄헥토라이트,알루미늄하이드록사이드,1,2-헥산다이올,바륨설페이트,바바수씨오일,실리카,다이메티콘크로스폴리머,스테아릭애씨드,트라이에톡시카프릴릴실레인,폴리하이드록시스테아릭애씨드,카프릴릭/카프릭트라이글리세라이드,트라이에틸시트레이트,에틸헥실글리세린,카프릴릴글라이콜,토코페릴아세테이트,잔탄검,트라이소듐에틸렌다이아민다이석시네이트,아이소스테아릭애씨드,아데노신,레시틴,폴리글리세릴-3폴리리시놀리에이트,폴리글리세릴-3폴리다이메틸실록시에틸다이메티콘,토코페롤,황색산화철,적색산화철,흑색산화철,알로에베라잎추출물,참마뿌리추출물,다시마추출물,당느릅나무뿌리추출물,제비꽃꽃추출물"
"A000000250767","[파데프리] 넘버즈인 3번 도자기결 톤업베이지 선크림 증정 기획 (+클렌징오일 20ml)","넘버즈인","20.0","20.0","ml","26000","17900","8950.0","[본품: 01 블러]
병풀잎수, 징크옥사이드, C9-12알케인, 카프릴릴메티콘, 프로판다이올, 부틸옥틸살리실레이트, 다이실록세인, 트라이메틸실록시실리케이트, 폴리글리세릴-3폴리다이메틸실록시에틸다이메티콘, 나이아신아마이드, 프로필렌글라이콜다이벤조에이트, 프로필헵틸카프릴레이트, 티타늄디옥사이드, 1,2-헥산다이올, 라우릴폴리글리세릴-3폴리다이메틸실록시에틸다이메티콘, 다이소테아릴말레이트, 트라이에톡시카프릴릴실레인, 마그네슘설페이트, 폴리글리세릴-2다이폴리하이드록시스테아레이트, 글리세릴카프릴레이트, 메틸메타크릴레이트크로스폴리머, 아이소도데케인, 옥틸도데칸올, 카프릴릴글라이콜, 알루미늄하이드록사이드, 아데노신, 폴리글리세릴-4이소스테아레이트, 아이소프로필티타늄트라이아이소스테아레이트, 토코페롤, 정제수, 판테놀, 멘톨, 글라이콜, 바이오틴, 마그네슘씨씨에이, 판토테닉애씨드, 징크피씨에이, 칼슘판토테네이트, 글리세린, 카프릴릴/카프릴글라이콜, 폴리글리세릴-6카프릴레이트, 폴리글리세릴-4카프레이트, 하이드로제네이티드레시틴, 폴리글리세릴-10스테아레이트, 마데카식애씨드, 아시아틱애씨드, 세라마이드엔피, 마데카소사이드, 아시아티코사이드, 콜레스테롤, 스테아릭애씨드, 마이카, 황색산화철, 적색산화철, 흑색산화철

[본품: 02 글로우]
병풀잎수, 다이프로필렌글라이콜, 티타늄디옥사이드, 호모살레이트, 글리세린, 다이글리세린, 변성알코올, 에칠헥실살리실레이트, 부틸렌글라이콜, 다이부틸아디페이트, 다이에칠아미노하이드록시벤조일헥실벤조에이트, 다이페닐실록시페닐트라이메티콘, 나이아신아마이드, 정제수, 비스-에칠헥실옥시페놀메톡시페닐트리아진, 폴리글리세릴-10아이소스테아레이트/티타늄디옥사이드, 폴리솔베이트80, 프로판다이올, 알루미늄하이드록사이드, 폴리글리세릴-3메틸글루코오스다이스테아레이트, 바륨설페이트, 세틸알코올, 스테아릭애씨드, 판테놀, 폴리C10-30알킬아크릴레이트, 폴리아크릴레이트크로스폴리머-6, 폴리우레탄-15, 합성플루오르플로고파이트, 카프릴릴글라이콜, 1,2-헥산다이올, 황색산화철, 소듐클로라이드, 트라이에톡시카프릴릴실레인, 트라이에톡시카프릴릴실레인, 하이드로제네이티드레시틴, 에틸헥실글리세린, 암모늄아크릴로일다이메틸타우레이트/브이피코폴리머, 세테아릴알코올, 글리세릴스테아레이트, 향료, 세라마이드엔피, 소듐스테아로일글루타메이트, 트라이소듐에틸렌다이아민다이석시네이트, 적색산화철, 시트릭애씨드, 하이드록시프로필메틸셀룰로오스스테아록실에터, 스쿠알란, 카프릴릭/카프릭트라이글리세라이드, 흑색산화철, 녹차추출물, 세라마이드엔피, 폴리솔베이트60, 펜틸렌글라이콜, 토코페롤, 솔비탄아이소스테아레이트, 마데카소사이드, 베타-글루칸, 다이메틸실란올하이알루로네이트, 하이드롤라이즈드하이알루로닉애씨드, 하이드롤라이즈드소듐하이알루로네이트, 하이알루로닉애씨드, 소듐하이알루로네이트, 하이드록시프로필트라이모늄하이알루로네이트, 소듐하이알루로네이트크로스폴리머, 소듐하이알루로네이트다이메틸실란올, 소듐아세틸레이티드하이알루로네이트, 티트리잎추출물, 약모밀추출물

[증정품: 클렌징오일]
세틸에틸헥사노에이트, 부틸렌글라이콜다이카프릴레이트/다이카프레이트, 폴리글리세릴-10다이아이소스테아레이트, 다이카프릴릴에터, 폴리글리세릴-6다이카프레이트, 글리세린, 메도우폼씨오일, 비피다발효용해물, 갈락토미세스발효여과물, 쌀배아오일, 바쿠치올, 락토바실러스발효용해물, 칸디다 봄비콜라/글루코오스/메틸레이프씨데이트발효물, 프로테아제, 파파인, 리파아제, 서브틸리신, 아밀라아제, 부틸렌글라이콜, 스테아로일이눌린, 1,2-헥산다이올, 오렌지껍질오일, 라벤더오일, 로즈마리잎오일, 아틀라스시다나무껍질오일, 카프릴릴글라이콜, 하이드로제네이티드레시틴, 사이클로덱스트린, 글루코오스, 트로폴론, 하이드롤라이즈드콜라겐, 락토오스, 글리세릴베헤네이트/에이코사디오에이트, 말토덱스트린, 정제수, 리모넨"
"A000000259793","[올영단독]아넷사 퍼펙트 UV 선스크린 스킨케어 밀크 60ml 2입 기획","아넷사","60.0","120.0","ml","59000","53100","4425.0","다이메티콘, 정제수, 징크옥사이드, 에탄올, 다이아이소프로필세바케이트, 아이소도데케인, 옥토크릴렌, 에칠헥실살리실레이트, C12-15알킬벤조에이트, 피이지/피피지-9/2다이메틸에터, 옥수수전분, 탤크, 실리카, 아이소프로필미리스테이트, 디에칠아미노하이드록시벤조일헥실벤조에이트, 티타늄디옥사이드, 피이지-9폴리다이메틸실록시에틸다이메티콘, 덱스트린팔미테이트, 글리세린, 호모살레이트, 에칠헥실트리아존, 비스-에칠헥실옥시페놀메톡시페닐트리아진, 다이스테아다이모늄헥토라이트, 피이지-10다이메티콘, 아이소스테아릭애씨드, 트라이에톡시카프릴릴실레인, 폴리글리세릴-6폴리리시놀리에이트, 소듐클로라이드, 알루미늄하이드록사이드, 스테아릭애씨드, 트라이소듐이디티에이, 피이지-6, 향료, 토코페롤, 비에이치티, 부틸렌글라이콜, 비스-부틸다이메티콘폴리글리세릴-3, 피이지/피피지-14/7다이메틸에터, 소듐메타바이설파이트, 트라이메틸실록시실리케이트, 다이포타슘글리시리제이트, 녹차추출물, 토멘틸뿌리추출물, 귤껍질추출물, 소듐아세틸레이티드하이알루로네이트, 성플루오르플로고파이트, 라우릴베타인, 수용성콜라겐, 페녹시에탄올, 소듐벤조에이트, 시트로넬올, 제라니올, 헥실신남알, 리모넨, 리날룰"
"A000000247242","[뽀용톤업] 이니스프리 데일리 유브이 톤업 노세범 선크림 50ml 3종 택1","이니스프리","50.0","50.0","ml","20000","13600","2720.0","노세범 톤업 선크림_핑크
정제수, 징크옥사이드, 아이소도데케인,부틸렌글라이콜다이카프릴레이트/다이카프레이트,티타늄디옥사이드, 글리세린, 다이카프릴릴에터,세틸다이글리세릴트리스(트라이메틸실록시)실릴에틸다이메티콘, C12-15알킬벤조에이트, 카프릴릴메티콘, 메틸메타크릴레이트크로스폴리머, 폴리메틸실세스퀴옥세인, 티타늄디옥사이드 (CI 77891),다이스테아다이모늄헥토라이트, 마그네슘설페이트, 아이소프로필미리스테이트, 1,2-헥산다이올,트라이에톡시카프릴릴실레인, 페닐트라이메티콘,알루미늄하이드록사이드, 스테아릭애씨드, 아크릴레이트/다이메티콘코폴리머, 부틸렌라이콜, 카프릴릴글라이콜, 글리세릴카프릴레이트, 황색산화철, 에틸헥실글리세린, 적색산화철, 마이카, 칡뿌리추출물, 당느릅나무뿌리추출물, 맞이꽃추출물,대왕소나무잎추출물, 흑색산화철, 토코페롤, 합성플루오르플로고파이트, 매실나무꽃추출물
노세범 톤업 선크림_베이지
정제수, 징크옥사이드, 아이소도데케인,부틸렌글라이콜다이카프릴레이트/다이카프레이트,티타늄디옥사이드, 글리세린, 다이카프릴릴에터, 세틸다이글리세릴트리스(트라이메틸실록시)실릴에틸다이메티콘, C12-15알킬벤조에이트, 카프릴릴메티콘, 메틸메타크릴레이트크로스폴리머, 폴리메틸실세스퀴옥세인, 티타늄디옥사이드 (CI 77891),다이스테아다이모늄헥토라이트, 마그네슘설페이트, 아이소프로필미리스테이트, 1,2-헥산다이올,트라이에톡시카프릴릴실레인, 페닐트라이메티콘, 알루미늄하이드록사이드, 스테아릭애씨드, 아크릴레이트/다이메티콘코폴리머, 부틸글라이콜, 황색산화철, 카프릴릴글라이콜, 글리세릴카프릴레이트, 에틸헥실글리세린, 적색산화철, 마이카, 흑색산화철, 칡뿌리추출물, 당느릅나무뿌리추출물, 달맞이꽃추출물, 대왕소나무잎추출물, 토코페롤, 합성플루오르플로고파이트, 매실나무꽃추출물
노세범 톤업 선크림_라벤더
정제수, 징크옥사이드, 아이소도데케인, 부틸렌글라이콜다이카프릴레이트/다이카프레이트, 티타늄디옥사이드, 글리세린, 다이카프릴릴에터, 세틸다이글리세릴트리스(트라이메틸실록시)실릴에틸다이메티콘, C12-15알킬벤조에이트, 카프릴릴메티콘, 메틸메타크릴레이트크로스폴리머, 폴리메틸실세스퀴옥세인, 티타늄디옥사이드 (CI 77891), 다이스테아다이모늄헥토라이트, 마그네슘설페이트, 아이소프로필미리스테이트, 1,2-헥산다이올,트라이에톡시카프릴릴실레인, 페닐트라이메티콘,울트라마린, 다이카프릴릴카보네이트, 알루미늄하이드록사이드, 스테아릭애씨드, 아크릴레이트/다이메티콘코폴리머, 부틸렌글라이콜, 카프릴릴글라이콜, 글리세릴카프릴레이트, 에틸헥실글리세린, 마이카, 칡뿌리추출물, 당느릅나무뿌리추출물, 달맞이꽃추출물, 대왕소나무잎추출물, 토코페롤, 매실나무꽃추출물"
"A000000219051","[촉촉보라톤업/혼합자차] 비플레인 선뮤즈 톤업 앤 코렉팅 선크림 50ml 1+1 기획","비플레인","50.0","100.0","ml","26000","24700","2470.0","정제수, 에칠헥실트리아존, 다이부틸아디페이트, 디에칠아미노하이드록시벤조일헥실벤조에이트, 부틸옥틸살리실레이트, 프로판다이올, 비스-에칠헥실옥시페놀메톡시페닐트리아진, 나이아신아마이드, 티타늄디옥사이드 (CI 77891), 코코-카프릴레이트/카프레이트, 1,2-헥산다이올, 폴리글리세릴-3메틸글루코오스다이스테아레이트, 울트라마린, 트로메타민, 실리카, 폴리아크릴레이트크로스폴리머-6, 세테아릴알코올, 카보머, 암모늄아크릴로일다이메틸타우레이트/브이피코폴리머, 아크릴레이트/C10-30알킬아크릴레이트크로스폴리머, 브이피/에이코신코폴리머, 에틸헥실글리세린, 폴리글리세릴-6폴리하이드록시스테아레이트, 폴리글리세릴-6폴리리시놀리에이트, 알루미늄하이드록사이드, 카올린, 알란토인, 트라이에톡시카프릴릴실레인, 아데노신, 소듐스테아로일글루타메이트, 폴리글리세린-6, 사카라이드하이드롤리세이트, 베타인, 당근추출물, 토코페롤, 녹차수, 아스코빌팔미테이트"
"A000000204471","[오선우pick/파데프리] 아누아 매트벗글로우 커버 베이지 50ml 2입","아누아","50.0","100.0","ml","","51000","5100.0","정제수, 징크옥사이드 (CI 77947), 글리세린, 부틸옥틸살리실레이트, 메틸트라이메티콘, 티타늄디옥사이드 (CI 77891), 아이소노닐아이소노나노에이트, 아이소도데케인, 프로필헵틸카프릴레이트, 라우릴폴리글리세릴-3폴리다이메틸실록시에틸다이메티콘, 나이아신아마이드, 펜틸렌글라이콜, 폴리메틸메타크릴레이트, 1,2-헥산다이올, 다이스테아다이모늄헥토라이트, 사이클로펜타실록세인, 마그네슘설페이트, 트라이메틸실록시실리케이트, 폴리글리세릴-2다이폴리하이드록시스테아레이트, 폴리글리세릴-3폴리다이메틸실록시에틸다이메티콘, 트라이에톡시카프릴릴실레인, 트라이베헤닌, 알루미늄하이드록사이드, 스테아릭애씨드, 실리카, 옥틸도데칸올, 다이메티콘/비닐다이메티콘크로스폴리머, 글리세릴트라이베헤네이트/아이소스테아레이트/에이코산디오에이트, 에틸헥실글리세린, 트라이소듐에틸렌다이아민다이석시네이트, 폴리글리세릴-4아이소스테아레이트, 하이드로제네이티드레시틴, 세라마이드엔피, 아이소프로필티타늄트라이아이소스테아레이트, 다이메티콘, 토코페롤, 마데카소사이드, 카프릴릭/카프릭트라이글리세라이드, 소듐스테아로일글루타메이트, 황색산화철 (CI 77492), 적색산화철 (CI 77491), 흑색산화철 (CI 77499)"
"A000000224658","[쿨링진정] 조선미녀 아쿠아프레쉬 선크림 50ml+20ml 증정 기획","조선미녀","50.0","70.0","ml","20000","15000","2142.9","정제수, 쌀수(30.07 %), 다이부틸아디페이트, 부틸옥틸살리실레이트, 에칠헥실트리아존, 드로메트리졸트리실록산, 폴리글리세릴-3다이스테아레이트, 테레프탈릴리덴디캠퍼설포닉애씨드, 디에칠아미노하이드록시벤조일헥실벤조에이트, 폴리메틸실세스퀴옥세인, 트로메타민, 1,2-헥산다이올, 판테놀, 펜틸렌글라이콜, 글리세릴스테아레이트, 실리카, 카프릴릴메티콘, 비스-에칠헥실옥시페놀메톡시페닐트리아진, 프로판다이올, 포타슘세틸포스페이트, 폴리C10-30알킬아크릴레이트, 메틸프로판다이올, 카보머, 아크릴레이트/C10-30알킬아크릴레이트크로스폴리머, 에틸헥실글리세린, 잔탄검, 글리세린, 폴리에터-1, 귀리커넬추출물, 아티초크잎추출물, 폴리쿼터늄-51, 녹차수, 하이드로제네이티드레시틴, 베타-글루칸, 바이오사카라이드검-1, 이노시톨, 토코페롤, 페룰릭애씨드, 쌀겨오일(0.17 ppm), 시트릭애씨드, 세라마이드엔피, 피토스핑고신, 소듐하이알루로네이트, 쌀아미노산(1 ppb), 벼에스에이치-올리고펩타이드-1"
"A000000260106","니베아 선크림 3종 모음","니베아","","","","","19500","","■ 니베아 필 퍼펙트 선세럼 90ml SPF50
정제수, 변성알코올, 부틸메톡시디벤조일메탄, C12-15알킬벤조에이트, 아이소프로필팔미테이트, 비스-에칠헥실옥시페놀메톡시페닐트리아진, 다이부틸아디페이트, 에칠헥실트리아존, 다이스타치포스페이트, 다이프로필렌글라이콜다이벤조에이트, 타피오카전분, 다이카프릴릴에터, 글리세릴스테아레이트에스이, 페닐벤즈이미다졸설포닉애씨드, 디에칠아미노하이드록시벤조일헥실벤조에이트, 실리카다이메틸실릴레이트, 글리세린, 마이크로크리스탈린셀룰로오스, 페녹시에탄올, 쌀전분, 카나우바왁스, 폴리글리세릴-3메틸글루코오스다이스테아레이트, 하이드로제네이티드채종유, 하이드록시아세토페논, 잔탄검, 향료, 다이아이소스테아로일폴리글리세릴-3다이머다이리놀리에이트, 토코페릴아세테이트, 세틸팔미테이트, 트라이소듐에틸렌다이아민다이석시네이트, 셀룰로오스검, 소듐세테아릴설페이트, 소듐하이드록사이드, 토코페롤 

■ 니베아 선 유브이 스페셜리스트 실키 유브이 스틱 15g (온)
실리카, 합성왁스, 부틸렌글라이콜다이카프릴레이트/다이카프레이트, 옥틸도데칸올, 다이부틸아디페이트, C12-15알킬벤조에이트, 디에칠아미노하이드록시벤조일헥실벤조에이트, 제올라이트, 카프릴릭/카프릭트라이글리세라이드, 에칠헥실트리아존, 비스-에칠헥실옥시페놀메톡시페닐트리아진, 하이드로제네이티드식물성오일, 글리세릴베헤네이트, 세테아릴알코올, 글리세릴스테아레이트, 폴리글리세릴-4아이소스테아레이트, 스테아랄코늄헥토라이트, 하이드로제네이티드채종유, 프로필렌카보네이트, 토코페릴아세테이트, 카프릴릴글라이콜, 에틸헥실글리세린

■ 니베아 선 프로텍트 앤 모이스춰 선 로션 100ml (온)
정제수, 변성알코올, 글리세린, 부틸메톡시디벤조일메탄, 다이부틸아디페이트, 아이소프로필팔미테이트, C12-15알킬벤조에이트, 비스-에칠헥실옥시페놀메톡시페닐트리아진, 디에칠아미노하이드록시벤조일헥실벤조에이트, 다이프로필렌글라이콜다이벤조에이트, 에칠헥실트리아존, 카나우바왁스, 세틸알코올, 실리카다이메틸실릴레이트, 폴리글리세릴-3메틸글루코오스다이스테아레이트, 헥토라이트, 페닐벤즈이미다졸설포닉애씨드, C18-38알킬하이드록시스테아로일스테아레이트, 페녹시에탄올(0.4995%), 향료, 잔탄검, 하이드록시아세토페논, 세틸팔미테이트, 토코페릴아세테이트, 글리세릴스테아레이트, 트라이소듐에틸렌다이아민다이석시네이트, 글리세릴스테아레이트시트레이트, 소듐아스코빌포스페이트, 소듐하이드록사이드, 리날룰, 벤질알코올, 알파-아이소메틸아이오논, 시트로넬올, 소듐하이알루로네이트"
"A000000198739","[매끈밀착썬/조앤프렌즈 콜라보] 셀퓨전씨 레이저 UV 썬스크린 35ml 더블 기획 (+조앤프렌즈 피규어 선크림 집게)","셀퓨전씨","35.0","70.0","ml","29400","22900","3271.4","정제수,징크옥사이드,다이부틸아디페이트,사이클로헥사실록세인,프로필헵틸카프릴레이트,다이프로필렌글라이콜,부틸옥틸살리실레이트,폴리글리세릴-4다이아이소스테아레이트/폴리하이드록시스테아레이트/세바케이트,나이아신아마이드,칼슘알루미늄보로실리케이트,디에칠아미노하이드록시벤조일헥실벤조에이트,메틸메타크릴레이트크로스폴리머,비스-에칠헥실옥시페놀메톡시페닐트리아진,에칠헥실트리아존,폴리글리세릴-3폴리다이메틸실록시에틸다이메티콘,티타늄디옥사이드,다이스테아다이모늄헥토라이트,마그네슘설페이트,트라이에톡시카프릴릴실레인,1,2-헥산다이올,폴리메틸실세스퀴옥세인,글리세릴카프릴레이트,카프릴릴글라이콜,에틸헥실글리세린,아데노신,토코페롤,카르노신,트라이메틸실록시실리케이트,하이드롤라이즈드콜라겐,향료"
"A000000209219","[포니PICK / 3.0 런칭] 아이레놀 쌩얼크림 3종 50ml (SPF 50+,PA++++)","아이레놀","50.0","50.0","ml","19800","17800","3560.0","정제수,다이부틸아디페이트,티타늄디옥사이드,프로판다이올,부틸옥틸살리실레이트,카프릴릭/카프릭트라이글리세라이드,디에칠아미노하이드록시벤조일헥실벤조에이트,에칠헥실트리아존,나이아신아마이드,코코-카프릴레이트/카프레이트,카프릴릴메티콘,글리세린,디에칠헥실부타미도트리아존,1,2-헥산다이올,펜틸렌글라이콜,폴리메틸실세스퀴옥세인,귀리커넬추출물,아티초크잎추출물,병풀추출물,녹차수,하이드로제네이티드레시틴,폴리하이드록시스테아릭애씨드,다이카프릴릴카보네이트,브이피/에이코신코폴리머,비사보롤,다이메티콘/비닐다이메티콘크로스폴리머,소듐폴리아크릴로일다이메틸타우레이트,스테아릭애씨드,다이메티콘올,트라이실록세인,이눌린라우릴카바메이트,알루미나,암모늄폴리아크릴로일다이메틸타우레이트,메틸프로판다이올,하이드록시프로필메틸셀룰로오스스테아록시에터,트라이에톡시카프릴릴실레인,소듐스테아로일글루타메이트,잔탄검,에틸헥실글리세린,아데노신,알루미늄하이드록사이드,소듐폴리아크릴레이트,폴리쿼터늄-51,베타-글루칸,t-부틸알코올,폴리에터-1,토코페롤,글루타티온,황색산화철,적색산화철,흑색산화철"
"A000000223423","[산뜻촉촉 선크림] 메디힐 마데카소사이드 수분 선세럼 흔적 리페어 50g","메디힐","50.0","50.0","g(약 1ml 상당으로 근사)","22000","14400","2880.0","정제수, 다이부틸아디페이트, 프로판다이올, 부틸옥틸살리실레이트, 에칠헥실트리아존, 메틸메타크릴레이트크로스폴리머, 비스-에칠헥실옥시페놀메톡시페닐트리아진, 옥토크릴렌, 나이아신아마이드, 테레프탈릴리덴디캠퍼설포닉애씨드, 알지닌, 다이메티콘올, 메틸프로판다이올, 폴리메틸실세스퀴옥세인, 1,2-헥산다이올, 펜틸렌글라이콜, C11-13아이소알케인, 하이드록시에틸우레아, 부틸렌글라이콜, 베헤닐알코올, 폴리글리세릴-3메틸글루코오스다이스테아레이트, 다이프로필렌글라이콜, 카보머, 아이소도데케인, 폴리C10-30알킬아크릴레이트, 다이메티콘/비닐다이메티콘크로스폴리머, 폴리에터-1, 스핑고모나스발효추출물, 에틸헥실글리세린, 병풀잎추출물, 아데노신, 서양배추출물, 소듐스테아로일글루타메이트, 연필향나무오일, 마데카소사이드, 소듐하이알루로네이트, 다마스크장미꽃수, 멜론추출물, 오리스뿌리추출물, 서양송악잎/줄기추출물, 호호바씨오일, 광곽향오일, 불가리스쑥오일, 마이크로크리스탈린셀룰로오스, 로즈마리잎오일, 병풀추출물, 셀룰로오스검, 토코페롤, 하이드롤라이즈드하이알루로닉애씨드, 하이드롤라이즈드소듐하이알루로네이트, 하이드록시프로필트라이모늄하이알루로네이트, 사과추출물, 에리스리톨, 글리세린, 판테놀, 솔비톨, 보검선인장줄기추출물, 마데카식애씨드, 아시아틱애씨드, 아시아티코사이드, 효모발효여과물, 바이오사카라이드검-4, 다이소듐포스페이트, 다발방패버섯추출물"
"A000000225003","[8월올영픽] 아떼 선케어 3종 모음 (선에센스EX/무기자차/톤업선쿠션)","아떼","","","","34000","23900","","무기자차 선크림: 정제수, 징크옥사이드, 부틸옥틸살리실레이트, 프로필헵틸카프릴레이트, 사이클로헥사실록세인, 프로판다이올, 다이실록세인, 아이소도데케인, C15-19알케인, 카프릴릴메티콘, 세틸다이글리세릴트리스(트라이메틸실록시)실릴에틸다이메티콘, 나이아신아마이드, 소듐클로라이드, 글리세린, 비타민나무오일, 바실러스/소이빈발효추출물, 락토바실러스/호밀가루발효물, 락토바실러스/소이밀크발효여과물, 락토바실러스발효용해물, 소듐하이알루로네이트, 포도주, 병풀추출물, 하이알루로닉애씨드, 애플민트잎추출물, 녹차추출물, 타임잎추출물, 하이드롤라이즈드하이알루로닉애씨드, 메틸메타크릴레이트크로스폴리머, 다이스테아다이모늄헥토라이트, 폴리글리세릴-6폴리리시놀리에이트, 트라이에틸헥사노인, 폴리메틸실세스퀴옥세인, 트라이에톡시카프릴릴실레인, 1,2-헥산다이올, 폴리글리세릴-2다이폴리하이드록시스테아레이트, 판테놀, 라우릴다이메티콘/폴리글리세린-3크로스폴리머, 부틸렌글라이콜, 카프릴릴글라이콜, 글리세릴카프릴레이트, 아데노신, 다이프로필렌글라이콜, 토코페롤, 말토덱스트린, 소듐시트레이트, 타라검, 아이소말트, 락토바실러스, 하이드록시프로필트라이모늄하이알루로네이트, 아스코빅애씨드, 소듐아세틸레이티드하이알루로네이트, 하이드롤라이즈드소듐하이알루로네이트, 소듐하이알루로네이트크로스폴리머, 포타슘하이알루로네이트

선에센스: 정제수, 프로판다이올, 에칠헥실살리실레이트, 호모살레이트, 나이아신아마이드, 메틸트라이메티콘, 부틸옥틸살리실레이트, 비스-에틸헥실옥시페놀메톡시페닐트라이아진, 폴리메틸실세스퀴옥세인, 메칠렌비스-벤조트리아졸릴테트라메칠부틸페놀, 폴리실리콘-15, 디에칠아미노하이드록시벤조일헥실벤조에이트, 1,2-헥산다이올, 펜틸렌글라이콜, 카프릴릴메티콘, 다이부틸아디페이트, 글리세린, 실리카, 베헤닐알코올, 폴리글리세릴-3메틸글루코오스다이스테아레이트, 트로메타민, 데실글루코사이드, 소듐스테아로일글루타메이트, 카보머, 브이피/에이코신코폴리머, 아크릴레이트/C10-30알킬아크릴레이트크로스폴리머, 하이드로제네이티드폴리아이소부텐, 폴리C10-30알킬아크릴레이트, 하이드로제네이티드폴리사이클로펜타다이엔, 에틸헥실글리세린, 폴리아크릴레이트크로스폴리머-6, 소듐폴리아크릴레이트, 향료, 아데노신, 프로필렌글라이콜, 폴리에터-1, 잔탄검, 소듐하이알루로네이트, 꽃송이버섯추출물, 토코페롤, 글루타티온, 바이오틴, 소듐아스코빌포스페이트, 우레아, 판테놀, 엑토인, 3-O-에틸아스코빅애씨드, 베툴린, 카놀라오일, 옥틸도데칸올, 부틸렌글라이콜, 양까막까치밥나무씨오일, 카프릴릭/카프릭트라이글리세라이드, 밀몽화꽃추출물, 하이드로제네이티드레시틴, 폴리글리세릴-10다이아이소스테아레이트, 비파나무잎추출물, 당근씨오일, 해바라기씨오일불검화물, 해바라기씨오일, 베타-글루칸, 스피어민트추출물, 사이아노코발아민, 메나다이온, 당근추출물, 토코페릴아세테이트, 베타-카로틴, 풍선덩굴꽃/잎/덩굴추출물, 카프릴릴글라이콜, 별꽃추출물, 해바라기꽃추출물, 월귤추출물, 아세틸헥사펩타이드-1, 로즈마리잎추출물"
"A000000010462","[촉촉물광수분선] 라로슈포제 유비데아 안뗄리오스 멜트인 크림","라로슈포제","","","","38000","30400","","정제수 에칠헥실메톡시신나메이트 드로메트리졸트리실록산 글리세린 프로필렌글라이콜 디메치콘 티타늄디옥사이드 변성알코올 펜틸렌글라이콜 테레프탈릴리덴디캠퍼설포닉애씨드 디에칠아미노하이드록시벤조일헥실벤조에이트 트리에탄올아민 비스-에칠헥실옥시페놀메톡시페닐트리아진 스테아릭애씨드 포타슘세틸포스페이트 알루미늄하이드록사이드 부틸렌글라이콜 쉐어버터씨드케이크추출물 카프릴릴글라이콜 카보머 세틸알코올 디소듐이디티에이 글리세릴스테아레이트 팔미틱애씨드 피이지-100스테아레이트 페녹시에탄올 소듐코코일사코시네이트 토코페롤 트로메타민 잔탄검"
"A000000202446","[파데프리] 식물나라 뽀얀쌀 생기 톤업 수분 선 크림 100mL 단품 3종 (생기,보라,초록)","식물나라","100.0","100.0","ml","18500","11800","1180.0","정제수,다이부틸아디페이트,프로판다이올,티타늄디옥사이드,디이소부틸아디페이트,부틸옥틸살리실레이트,카프릴릭/카프릭트라이글리세라이드,디에칠아미노하이드록시벤조일헥실벤조에이트,에칠헥실트리아존,다이카프릴릴카보네이트,나이아신아마이드,메틸트라이메티콘,글리세린,다이메티콘/비닐다이메티콘크로스폴리머,디에칠헥실부타미도트리아존,1,2-헥산다이올,쌀추출물,펜틸렌글라이콜,폴리하이드록시스테아릭애씨드,암모늄폴리아크릴로일다이메틸타우레이트,스테아릭애씨드,부틸렌글라이콜,브이피/에이코신코폴리머,소듐폴리아크릴로일다이메틸타우레이트,다이메티콘올,트라이실록세인,알루미나,판테놀,하이드록시프로필메틸셀룰로오스스테아록시에터,실리카,소듐아크릴레이트/비닐알코올코폴리머,에틸헥실글리세린,폴리아크릴레이트크로스폴리머-6,아데노신,소듐폴리아크릴레이트,소듐아크릴릭애씨드/엠에이코폴리머,잔탄검,t-부틸알코올,카프릴릴글라이콜,폴리에터-1,토코페롤,트라이에톡시카프릴릴실레인,메틸프로판다이올,산소,향료,적색산화철"
"A000000250450","[NEW] 바이오더마 포토덤 엑스디펜스 울트라 플루이드 SPF50+ 인비저블 40ml","바이오더마","40.0","40.0","ml","35000","28000","7000.0","정제수, C12-15알킬벤조에이트, 실리카, 글리세린, 비스-에칠헥실옥시페놀메톡시페닐트리아진, 부틸메톡시디벤조일메탄, 에틸헥실메톡시크릴렌, 디에칠아미노하이드록시벤조일헥실벤조에이트, 다이아이소프로필세바케이트, 라우로일라이신, 프로판다이올, 다이카프릴릴카보네이트, 1,2-헥산다이올, 폴리솔베이트60, 세틸포스페이트, 알지닌
벤토나이트, 하이드록시아세토페논, 향료, 시트릭애씨드, 엑토인, 만니톨, 메톡시페닐이미노다이메틸사이클로헥센일에틸글리시네이트, 소듐파이테이트, 잔탄검, 자일리톨, 람노오스, o-사이멘-5-올, 바이오사카라이드검-4, 트라이메톡시벤질아세틸시나페이트, 소듐하이알루로네이트, 토코페롤 (BI 2118 V1)"
"A000000225015","[화잘먹선] 바이오힐보 프로바이오덤 콜라겐 선크림 2종 (에센스/톤업)","바이오힐보","","","","30000","19500","","[콜라겐 톤업 선크림]
정제수, 다이부틸아디페이트, 부틸옥틸살리실레이트, 프로판다이올, 에칠헥실트리아존, 디에칠아미노하이드록시벤조일헥실벤조에이트, 나이아신아마이드, 드로메트리졸트리실록산, 메칠렌비스-벤조트리아졸릴테트라메칠부틸페놀, 글리세린, 티타늄디옥사이드, 1,2-헥산다이올, 락토바실러스발효물, 펜틸렌글라이콜, 카프릴릴메티콘, 콜라겐추출물(102,000ppb), 쇠비름추출물, 노나펩타이드-1, 다이펩타이드다이아미노부티로일벤질아마이드다이아세테이트, 아세틸헥사펩타이드-8, 카퍼트라이펩타이드-1, 트라이펩타이드-1, 팔미토일테트라펩타이드-7, 팔미토일트라이펩타이드-1, 팔미토일트라이펩타이드-5, 팔미토일펜타펩타이드-4, 팔미토일헥사펩타이드-12, 펜타펩타이드-3, 헥사펩타이드-9, 글리세릴글루코사이드, 갈랑가갈랑갈추출물, 비사보롤, 판테놀, 토코페롤, 베타-글루칸, 아데노신, 스쿠알란, 스핑고모나스발효추출물, 에틸헥실글리세린, 아르간커넬오일, 하이드로제네이티드레시틴, 코코-카프릴레이트/카프레이트, 브이피/에이코신코폴리머, 데실글루코사이드, 폴리하이드록시스테아릭애씨드, 다이메티콘/비닐다이메티콘크로스폴리머, 다이메티콘올, 트라이실록세인, 소듐폴리아크릴로일다이메틸타우레이트, 폴리아크릴레이트크로스폴리머-6, 하이드록시프로필메틸셀룰로오스스테아록시에터, 트라이에톡시카프릴릴실레인, 알루미늄하이드록사이드, 소듐스테아로일글루타메이트, 소듐폴리아크릴레이트, 잔탄검, 스키조사카로미세스발효여과물, 폴리에터-1, 다이카프릴릴카보네이트, 부틸렌글라이콜, 베타인, 프룩토올리고사카라이드, C12-15알킬벤조에이트, 메틸프로판다이올, 다이메티콘, 하이드로제네이티드폴리아이소부텐, 아이소노닐아이소노나노에이트, 폴리글리세릴-10스테아레이트, 프룩탄, 세테아릴알코올, 스테아릭애씨드, 시어버터, 폴리글리세릴-2다이폴리하이드록시스테아레이트, 이눌린, 이눌린라우릴카바메이트, 카프릴릭/카프릭트라이글리세라이드, 다이소듐스테아로일글루타메이트, 황색산화철, 적색산화철

[콜라겐 에센스 선크림]
정제수, 프로판다이올, 다이부틸아디페이트, 부틸옥틸살리실레이트, 에칠헥실트리아존, 테레프탈릴리덴디캠퍼설포닉애씨드, 비스-에칠헥실옥시페놀메톡시페닐트리아진, 폴리글리세릴-3다이스테아레이트, 나이아신아마이드, 트로메타민, 1, 2-헥산다이올, 락토바실러스발효물, 펜틸렌글라이콜, 디에칠아미노하이드록시벤조일헥실벤조에이트, 폴리실리콘-15, 콜라겐추출물(102,000ppb), 쇠비름추출물, 노나펩타이드-1, 다이펩타이드다이아미노부티로일벤질아마이드다이아세테이트, 아세틸헥사펩타이드-8, 카퍼트라이펩타이드-1, 트라이펩타이드-1, 팔미토일테트라펩타이드-7, 팔미토일트라이펩타이드-1, 팔미토일트라이펩타이드-5, 팔미토일펜타펩타이드-4, 팔미토일헥사펩타이드-12, 펜타펩타이드-3, 헥사펩타이드-9, 글리세릴스테아레이트, 세라마이드엔피, 판테놀, 녹차수, 소듐하이알루로네이트, 하이드로제네이티드레시틴, 베타인, 콜레스테롤, 폴리쿼터늄-51, 베타-글루칸, 토코페롤, 귀리커넬추출물, 아티초크잎추출물, 아데노신, 글리세린, 글리세릴스테아레이트시트레이트, 글리세릴스테아레이트에스이, 글리세릴글루코사이드, 카보머, 암모늄아크릴로일다이메틸타우레이트/브이피코폴리머, 이눌린라우릴카바메이트, 아크릴레이트/C10-30알킬아크릴레이트크로스폴리머, 소듐스테아로일글루타메이트, 에틸헥실글리세린, 메틸프로판다이올, 스키조사카로미세스발효여과물, 베헤닐알코올, 부틸렌글라이콜, 폴리에터-1, 세테아릴알코올, 프룩토올리고사카라이드, 바이오사카라이드검-1, 프룩탄, 이눌린"
"A000000259637","더파이 선크림 50ml 2종 [나이아신 브라이트 선/피디알엔 리페어 선]","더파이에센셜","50.0","50.0","ml","24500","15100","3020.0","[나이아신 선]
정제수, 다이부틸아디페이트, 나이아신아마이드(50,000ppm), 프로판다이올, 디에칠아미노하이드록시벤조일헥실벤조에이트, 다이아이소프로필세바케이트, 에칠헥실트리아존, 메칠렌비스-벤조트리아졸릴테트라메칠부틸페놀, 코코-카프릴레이트/카프레이트, 드로메트리졸트리실록산, 폴리메칠실세스퀴옥세인, 2,3-부탄다이올, 바실러스/폴릭애씨드발효여과추출물, 소듐하이알루로네이트, 1,2-헥산다이올, 펜틸렌글라이콜, 글리세릴스테아레이트, 폴리C10-30알킬아크릴레이트, 폴리글리세릴-3메틸글루코스다이스테아레이트, 데실글루코사이드, 아미노메틸프로판다이올, 하이드록시아세토페논, 아크릴레이트/C10-30알킬아크릴레이트크로스폴리머, 3-O-에틸아스코빅애씨드(1,000ppm), 폴리아크릴레이트크로스폴리머-6, 소듐스테아로일글루타메이트, 아데노신, 글리세린, 메틸프로판다이올, 폴리에스터-5, 폴리에터-1, 세틸하이드록시에틸셀룰로오스, 자일로글루칸, 레시틴, 아세틸글루타민, 카프릴릴글라이콜, 부틸렌글라이콜, 에스에이치-올리고펩타이드-1, 에스에이치-올리고펩타이드-2, 에스에이치-폴리펩타이드-1, 에스에이치-폴리펩타이드-11, 에스에이치-폴리펩타이드-9, 베헨닐알코올, 카보머, 잔탄검

[브라이트 선] 
정제수, 징크옥사이드 (CI 77947), 프로필헵틸카프릴레이트, 프로판다이올, 부틸옥틸살리실레이트, 펜틸렌글라이콜, 에틸헥실메톡시크릴렌, 메틸하이드로제네이티드로지네이트, 나이아신아마이드, 하이드로제네이티드에틸헥실올리베이트, 글리세릴스테아레이트시트레이트, 하이드로제네이티드올리브오일불검화물, 소듐하이알루로네이트, 탱자추출물, 아스퍼질러스발효물, 바실러스/폴릭애씨드발효여과추출물, 판테놀, 실리카, 트라이에토시카프릴릴실레인, 폴리글리세릴-6스테아레이트, 폴리하이드록시스테아릭애씨드, 포타슘세틸포스페이트, 1,2-헥산다이올, 글리세린, 하이드록시에틸아크릴레이트/소듐아크릴로일다이메틸타우레이트코폴리머, 하이드록시프로필메틸셀룰로오스스테아록시에터, 소듐폴리아크릴로일다이메틸타우레이트, 폴리글리세릴-6베헤네이트, 메틸프로판다이올, 알란토인, 암모늄아크릴로일다이메틸타우레이트/베헤네스-25메타크라일레이트크로스폴리머, 에틸헥실글리세린, 폴리에터-1, 아데노신, 부틸렌글라이콜, 아세틸글루코사민, 바이오사카라이드검-1, 폴리글리세릴-10올리에이트, 하이드록시아세토페논, 소듐디엔에이(50ppm), 니코틴아마이드모노뉴클레오타이드(15ppm), 아데노신트라이포스페이트(7.5ppm), 니코틴아마이드아데닌다이뉴클레오타이드(7.5ppm), 소듐하이알루로네이트크로스폴리머, 카프릴릴글라이콜, 토코페롤, 레시틴, 아세틸글루타민, 에스에이치-올리고펩타이드-1, 에스에이치-올리고펩타이드-2, 에스에이치-폴리펩타이드-1, 에스에이치-폴리펩타이드-11, 에스에이치-폴리펩타이드-9, 세테아릴알코올"
"A000000188876","[화잘먹/쌀알춘식이스트레스볼] 조선미녀 맑은쌀 선크림 50ml 2입 기획","조선미녀","50.0","100.0","ml","30000","26000","2600.0","정제수, 쌀추출물(30 %), 다이부틸아디페이트, 프로판다이올, 디에칠아미노하이드록시벤조일헥실벤조에이트, 폴리메틸실세스퀴옥세인, 에칠헥실트리아존, 나이아신아마이드,메칠렌비스-벤조트리아졸릴테트라메칠부틸페놀, 코코-카프릴레이트/카프레이트, 카프릴릴메티콘, 디에칠헥실부타미도트리아존, 글리세린, 부틸렌글라이콜, 쌀배아추출물(1,000 ppm), 녹차추출물, 락토바실러스/호박발효추출물, 바실러스/소이빈발효추출물, 사탕수수추출물, 자이언트켈프추출물, 코코넛야자열매추출물, 홍삼추출물,홍차추출물,모나스커스/쌀발효물(0.12 ppm),펜틸렌글라이콜, 베헤닐알코올, 폴리C10-30알킬아크릴레이트, 폴리글리세릴-3메틸글루코오스다이스테아레이트, 데실글루코사이드, 트로메타민, 카보머, 아크릴레이트/C10-30알킬아크릴레이트크로스폴리머, 1,2-헥산다이올, 소듐스테아로일글루타메이트, 폴리아크릴레이트크로스폴리머-6, 에틸헥실글리세린, 아데노신, 잔탄검, 토코페롤, 락토바실러스/쌀발효물(0.12 ppm), 아스퍼질러스발효물, 효모/쌀발효여과물(0.12 ppm)"
"A000000216895","[쿨링진정/쌀알춘식이스트레스볼] 조선미녀 맑은쌀 선크림 아쿠아프레쉬 50ml 2입 기획","조선미녀","50.0","100.0","ml","30000","26000","2600.0","정제수, 쌀수(30.07 %), 다이부틸아디페이트, 부틸옥틸살리실레이트, 에칠헥실트리아존, 드로메트리졸트리실록산, 폴리글리세릴-3다이스테아레이트, 테레프탈릴리덴디캠퍼설포닉애씨드, 디에칠아미노하이드록시벤조일헥실벤조에이트, 폴리메틸실세스퀴옥세인, 트로메타민, 1,2-헥산다이올, 판테놀, 펜틸렌글라이콜, 글리세릴스테아레이트, 실리카, 카프릴릴메티콘, 비스-에칠헥실옥시페놀메톡시페닐트리아진, 프로판다이올, 포타슘세틸포스페이트, 폴리C10-30알킬아크릴레이트, 메틸프로판다이올, 카보머, 아크릴레이트/C10-30알킬아크릴레이트크로스폴리머, 에틸헥실글리세린, 잔탄검, 글리세린, 폴리에터-1, 귀리커넬추출물, 아티초크잎추출물, 폴리쿼터늄-51, 녹차수, 하이드로제네이티드레시틴, 베타-글루칸, 바이오사카라이드검-1, 이노시톨, 토코페롤, 페룰릭애씨드, 쌀겨오일(0.17 ppm), 시트릭애씨드, 세라마이드엔피, 피토스핑고신, 소듐하이알루로네이트, 쌀아미노산(1 ppb), 벼에스에이치-올리고펩타이드-1"
"A000000225224","[화잘먹 선]식물나라 가벼운 수분 선 젤 60ml 단품/2입/대용량/트래블키트","식물나라","60.0","120.0","ml","9800","5900","491.7","[선젤] 정제수, 트라이프로필렌글라이콜, 사이클로펜타실록세인, 다이부틸아디페이트, 다이아이소프로필아디페이트, 에칠헥실트리아존, 비스-에칠헥실옥시페놀메톡시페닐트리아진, 옥토크릴렌, 나이아신아마이드, 폴리메틸실세스퀴옥세인, 테레프탈릴리덴디캠퍼설포닉애씨드, 세테아릴알코올, 트로메타민, 1,2-헥산다이올, 알로에베라잎추출물, 소듐하이알루로네이트, 다이메티콘, 펜틸렌글라이콜, C13-15알케인, 하이드록시에틸우레아, C13-16아이소알케인, 소듐폴리아크릴로일다이메틸타우레이트, 다이메티콘/비닐다이메티콘크로스폴리머, 세테아릴올리베이트, 폴리C10-30알킬아크릴레이트, 솔비탄올리베이트, 소듐스테아로일글루타메이트, 부틸렌글라이콜, 폴리글리세릴-10미리스테이트, 다이메티콘올, 글리세릴글루코사이드, 메틸프로판다이올, 에틸헥실글리세린, 폴리아크릴레이트크로스폴리머-6, 폴리에터-1, 아데노신, 글리세린, 알지닌, 토코페롤, 카보머, 향료 [클렌징폼] 정제수, 글리세린, 미리스틱애씨드, 포타슘하이드록사이드, 코코-글루코사이드, 라우릭애씨드, 메틸프로판다이올, 팔미틱애씨드, 스테아릭애씨드, 글리세릴스테아레이트, 탄산수(9,750ppm), 당느릅나무뿌리추출물, 줄맨드라미씨추출물, 무화과추출물, 병풀추출물, 페퍼민트오일, 하이드로제네이티드레시틴, 솔비탄올리베이트, 에틸헥실글리세린, 만니톨, 다이소듐이디티에이, 피이지-14M, 마이크로크리스탈린셀룰로오스, 부틸렌글라이콜, 수크로오스, 1,2-헥산다이올, 멘톨, 에틸멘탄카복사마이드, 옥수수전분, 하이드록시프로필메틸셀룰로오스, 실리카, 비에이치티, 세라마이드엔피, 향료, 울트라마린"
"A000000248619","[밀착커버] 달바 내추럴 커버 베이지 선크림 50ml (라이트/웜)","달바","50.0","50.0","ml","36000","25900","5180.0","[21호]
정제수, 프로판다이올, 티타늄디옥사이드, 다이부틸아디페이트, 디에칠아미노하이드록시벤조일헥실벤조에이트, 다이프로필렌글라이콜, 에칠헥실트리아존, 부틸렌글라이콜, 비스-에칠헥실옥시페놀메톡시페닐트리아진, 글리세린, 아이소노닐아이소노나노에이트, 나이아신아마이드, 비닐다이메티콘, 프로필헵틸카프릴레이트, 솔비탄라우레이트, 다이실록세인, 1,2-헥산다이올, 실리카, 카프릴릴메티콘, 펜틸렌글라이콜, 다이메티콘/비닐다이메티콘크로스폴리머, 소듐폴리아크릴로일다이메틸타우레이트, 암모늄폴리아크릴로일다이메틸타우레이트, 오렌지오일, 트라이에톡시카프릴릴실레인, 폴리글리세릴-4라우레이트, 메틸프로판다이올, 다이메티콘올, 트라이실록세인, 이눌린라우릴카바메이트, 에틸헥실글리세린, 폴리에터-1, 다이소듐스테아로일글루타메이트, 알루미늄하이드록사이드, 폴리글리세릴-10미리스테이트, 판테놀, 폴리우레탄-15, 필리핀오렌지껍질오일, 다이라우릴시트레이트, 하이드록시프로필메틸셀룰로오스스테아록시에터, 아데노신, 폴리글리세릴-5폴리리시놀리에이트, 다이소듐이디티에이, 약모밀추출물, 글리세릴아크릴레이트/아크릴릭애씨드코폴리머, 리씨열매오일, 복숭아추출물, t-부틸알코올, 세룰라타벚나무꽃추출물, 쇠비름추출물, 하이드록시프로필트라이모늄하이알루로네이트, 흰서양송로추출물, 토코페롤, 타라열매추출물, 알지닌, 카보머, 폴리글리세릴-10라우레이트, 코토니추출물, 다이메틸실란올하이알루로네이트, 하이드롤라이즈드하이알루로닉애씨드, 하이드롤라이즈드소듐하이알루로네이트, 바쿠치올, 병풀추출물, 하이알루로닉애씨드, 포타슘하이알루로네이트, 소듐하이알루로네이트, 소듐하이알루로네이트크로스폴리머, 소듐하이알루로네이트다이메틸실란올, 하이드로제네이티드레시틴, 소듐아세틸레이티드하이알루로네이트, 글루타티온, 쌀겨오일, 적색산화철, 황색산화철, 리모넨, 시트랄, 리날룰

[23호]
정제수, 프로판다이올, 티타늄디옥사이드, 다이부틸아디페이트, 디에칠아미노하이드록시벤조일헥실벤조에이트, 다이프로필렌글라이콜, 에칠헥실트리아존, 부틸렌글라이콜, 비스-에칠헥실옥시페놀메톡시페닐트리아진, 글리세린, 아이소노닐아이소노나노에이트, 나이아신아마이드, 비닐다이메티콘, 프로필헵틸카프릴레이트, 솔비탄라우레이트, 다이실록세인, 1,2-헥산다이올, 실리카, 카프릴릴메티콘, 펜틸렌글라이콜, 다이메티콘/비닐다이메티콘크로스폴리머, 소듐폴리아크릴로일다이메틸타우레이트, 암모늄폴리아크릴로일다이메틸타우레이트, 오렌지오일, 트라이에톡시카프릴릴실레인, 폴리글리세릴-4라우레이트, 메틸프로판다이올, 다이메티콘올, 트라이실록세인, 이눌린라우릴카바메이트, 에틸헥실글리세린, 폴리에터-1, 다이소듐스테아로일글루타메이트, 알루미늄하이드록사이드, 폴리글리세릴-10미리스테이트, 판테놀, 폴리우레탄-15, 필리핀오렌지껍질오일, 다이라우릴시트레이트, 하이드록시프로필메틸셀룰로오스스테아록시에터, 아데노신, 폴리글리세릴-5폴리리시놀리에이트, 다이소듐이디티에이, 약모밀추출물, 글리세릴아크릴레이트/아크릴릭애씨드코폴리머, 리씨열매오일, 복숭아추출물, t-부틸알코올, 세룰라타벚나무꽃추출물, 쇠비름추출물, 하이드록시프로필트라이모늄하이알루로네이트, 흰서양송로추출물, 토코페롤, 타라열매추출물, 알지닌, 카보머, 폴리글리세릴-10라우레이트, 코토니추출물, 다이메틸실란올하이알루로네이트, 하이드롤라이즈드하이알루로닉애씨드, 하이드롤라이즈드소듐하이알루로네이트, 바쿠치올, 병풀추출물, 하이알루로닉애씨드, 포타슘하이알루로네이트, 소듐하이알루로네이트, 소듐하이알루로네이트크로스폴리머, 소듐하이알루로네이트다이메틸실란올, 하이드로제네이티드레시틴, 소듐아세틸레이티드하이알루로네이트, 글루타티온, 쌀겨오일, 적색산화철, 황색산화철, 흑색산화철, 리모넨, 시트랄, 리날룰"
"A000000238174","랑콤 UV 엑스퍼트 선크림 6종 택1 (30ml/50ml)","랑콤","30.0","80.0","ml","57000","46510","5813.8","로지 블룸 : 정제수 에칠헥실메톡시신나메이트 스쿠알란 티타늄디옥사이드 글리세린 드로메트리졸트리실록산 테레프탈릴리덴디캠퍼설포닉애씨드 프로필렌글라이콜 변성알코올 트라이에탄올아민 다이프로필렌글라이콜 마이카 스테아릭애씨드 포타슘세틸포스페이트 나일론-12 바륨설페이트 티타늄디옥사이드 적색산화철 황색산화철 토코페롤 코코넛야자열매추출물 소듐코코일사코시네이트 소듐클로라이드 소듐벤조에이트 디에칠아미노하이드록시벤조일헥실벤조에이트 아데노신 피이지-100스테아레이트 에칠헥실트리아존 팔미틱애씨드 폴리솔베이트80 말토덱스트린 잔탄검 펜틸렌글라이콜 페퍼민트추출물 트로메타민 아이소헥사데칸 에델바이스꽃/잎추출물 카프릴릴글라이콜 카보머 아크릴아마이드/소듐아크릴로일다이메틸타우레이트코폴리머 미리스틱애씨드 솔비탄올리에이트 드럼스틱씨추출물 솔비톨 비스-에칠헥실옥시페놀메톡시페닐트리아진 다이소듐이디티에이 프렌치로즈꽃추출물 세틸알코올 부틸렌글라이콜 비에이치티 시어버터씨드케이크추출물 시트릭애씨드 포타슘솔베이트 알루미늄하이드록사이드 글리세릴스테아레이트 향료
펄리 브라이트 : 정제수 아이소프로필미리스테이트 글리세린 티타늄디옥사이드 에칠헥실트리아존 변성알코올 프로판다이올 트라이에탄올아민 비스-에칠헥실옥시페놀메톡시페닐트리아진 부틸메톡시디벤조일메탄 테레프탈릴리덴디캠퍼설포닉애씨드 마이카 페닐벤즈이미다졸설포닉애씨드 스테아릭애씨드 실리카 포타슘세틸포스페이트 바륨설페이트 팔미틱애씨드 글리세릴스테아레이트 피이지-100스테아레이트 세틸알코올 티타늄디옥사이드 디에칠아미노하이드록시벤조일헥실벤조에이트 드로메트리졸트리실록산 나이아신아마이드 하이드록시아세토페논 알루미늄하이드록사이드 향료 카프릴릴글라이콜 소듐코코일사코시네이트 카보머 토코페롤 아크릴아마이드/소듐아크릴로일다이메틸타우레이트코폴리머 트로메타민 트라이소듐에틸렌다이아민다이석시네이트 아이소헥사데칸 카르노신 잔탄검 미리스틱애씨드 아데노신 스클레로튬검 레시틴 폴리솔베이트80 풀루란 에델바이스꽃/잎추출물 솔비탄올리에이트 소듐클로라이드 펜틸렌글라이콜 페퍼민트추출물 시트릭애씨드
아쿠아젤 : 정제수 에칠헥실메톡시신나메이트 변성알코올 아이소노닐아이소노나노에이트 비스-에칠헥실옥시페놀메톡시페닐트리아진 디에칠아미노하이드록시벤조일헥실벤조에이트 드로메트리졸트리실록산 다이프로필렌글라이콜 메칠렌비스-벤조트리아졸릴테트라메칠부틸페놀 실리카 코코-카프릴레이트/카프레이트 세테아릴알코올 토코페롤 다이아이소프로필세바케이트 에칠헥실트리아존 페녹시에탄올 아이소세틸스테아레이트 향료 암모늄아크릴로일다이메틸타우레이트/브이피코폴리머 세테아릴글루코사이드 글리세린 폴리글리세릴-10라우레이트 부틸렌글라이콜 피이지-20 카보머 이눌린라우릴카바메이트 프로필렌글라이콜 소듐스테아로일글루타메이트 잔탄검 포타슘하이드록사이드 에델바이스꽃/잎추출물 t-부틸알코올 비에이치티 말토덱스트린 드럼스틱씨추출물 펜틸렌글라이콜 페퍼민트추출물 프렌치로즈꽃추출물 솔비톨 시트릭애씨드 소듐벤조에이트 포타슘솔베이트 해바라기씨오일
밀키 브라이트 : 정제수 에칠헥실메톡시신나메이트 다이메티콘 글리세린 드로메트리졸트리실록산 테레프탈릴리덴디캠퍼설포닉애씨드 프로필렌글라이콜 티타늄디옥사이드 변성알코올 트라이에탄올아민 스테아릭애씨드 포타슘세틸포스페이트 나일론-12 토코페롤 소듐코코일사코시네이트 소듐클로라이드 소듐벤조에이트 페녹시에탄올 디에칠아미노하이드록시벤조일헥실벤조에이트 피이지-100스테아레이트 팔미틱애씨드 폴리솔베이트80 잔탄검 펜틸렌글라이콜 페퍼민트추출물 트로메타민 아이소헥사데칸 에델바이스꽃/잎추출물 카프릴릴글라이콜 카보머 아크릴아마이드/소듐아크릴로일다이메틸타우레이트코폴리머 미리스틱애씨드 솔비탄올리에이트 솔비톨 드럼스틱씨추출물 비스-에칠헥실옥시페놀메톡시페닐트리아진 다이소듐이디티에이 프렌치로즈꽃추출물 다이소듐포스페이트 세틸알코올 비에이치티 시트릭애씨드 포타슘솔베이트 알루미늄하이드록사이드 글리세릴스테아레이트 향료
비비 컴플리트 : 정제수 에칠헥실메톡시신나메이트 티타늄디옥사이드 글리세린 다이메티콘 드로메트리졸트리실록산 테레프탈릴리덴디캠퍼설포닉애씨드 티타늄디옥사이드 프로필렌글라이콜 아이소세틸스테아레이트 변성알코올 트라이에탄올아민 스테아릭애씨드 포타슘세틸포스페이트 적색산화철 황색산화철 흑색산화철 비스머스옥시클로라이드 청색1호 적색218호 적색202호 토코페롤 소듐코코일사코시네이트 소듐클로라이드 소듐벤조에이트 페녹시에탄올 디에칠아미노하이드록시벤조일헥실벤조에이트 피이지-100스테아레이트 에틸헥실하이드록시스테아레이트 팔미틱애씨드 폴리솔베이트80 잔탄검 펜틸렌글라이콜 페퍼민트추출물 트로메타민 아이소헥사데칸 에델바이스꽃/잎추출물 카프릴릴글라이콜 카보머 아크릴아마이드/소듐아크릴로일다이메틸타우레이트코폴리머 미리스틱애씨드 솔비탄올리에이트 솔비톨 드럼스틱씨추출물 비스-에칠헥실옥시페놀메톡시페닐트리아진 다이소듐이디티에이 프렌치로즈꽃추출물 다이소듐포스페이트 세틸알코올 비에이치티 시트릭애씨드 메티콘 포타슘솔베이트 알루미늄하이드록사이드 글리세릴스테아레이트 향료
익스트림 쉴드 : 정제수 다이카프릴릴카보네이트 다이아이소프로필세바케이트 아이소프로필라우로일사코시네이트 실리카 셀룰로오스 변성알코올 디에칠아미노하이드록시벤조일헥실벤조에이트 에칠헥실트리아존 아이소도데케인 펜틸렌글라이콜 비스-에칠헥실옥시페놀메톡시페닐트리아진 드로메트리졸트리실록산 프로필렌글라이콜 티타늄디옥사이드 나이아신아마이드 C15-19알케인 아이소스테아릭애씨드 피이지-30다이폴리하이드록시스테아레이트 폴리글리세릴-6폴리리시놀리에이트 다이스테아다이모늄헥토라이트 향료 알루미늄하이드록사이드 스테아릭애씨드 폴리C10-30알킬아크릴레이트 말토덱스트린 서양민들레뿌리줄기/뿌리추출물 프로필렌카보네이트 토코페롤 아나토씨추출물 폴리쿼터늄-67 아데노신 트라이소듐에틸렌다이아민다이석시네이트 파이틱애씨드 소듐하이드록사이드"
"A000000217330","[파데프리] 식물나라 뽀얀쌀 수분 선크림 100ml 단품 3종(생기,보라,초록)","식물나라","100.0","100.0","ml","18500","11800","1180.0","[보라 톤업]정제수,다이부틸아디페이트,프로판다이올,티타늄디옥사이드,디이소부틸아디페이트,부틸옥틸살리실레이트,카프릴릭/카프릭트라이글리세라이드,디에칠아미노하이드록시벤조일헥실벤조에이트,에칠헥실트리아존,다이카프릴릴카보네이트,나이아신아마이드,글리세린,디에칠헥실부타미도트리아존,1,2-헥산다이올,메틸트라이메티콘,귀리커넬추출물,아티초크잎추출물,쌀추출물,녹차수,하이드로제네이티드레시틴,펜틸렌글라이콜,다이메티콘/비닐다이메티콘크로스폴리머,폴리하이드록시스테아릭애씨드,브이피/에이코신코폴리머,암모늄폴리아크릴로일다이메틸타우레이트,스테아릭애씨드,메틸프로판다이올,소듐폴리아크릴로일다이메틸타우레이트,부틸렌글라이콜,알루미나,다이메티콘올,트라이실록세인,판테놀,하이드록시프로필메틸셀룰로오스스테아록시에터,소듐아크릴레이트/비닐알코올코폴리머,에틸헥실글리세린,폴리아크릴레이트크로스폴리머-6,아데노신,실리카,소듐아크릴릭애씨드/엠에이코폴리머,소듐폴리아크릴레이트,잔탄검,폴리쿼터늄-51,베타-글루칸,t-부틸알코올,카프릴릴글라이콜,트라이에톡시카프릴릴실레인,폴리에터-1,토코페롤,산소,향료,울트라마린
[생기톤업]정제수,다이부틸아디페이트,프로판다이올,티타늄디옥사이드,디이소부틸아디페이트,부틸옥틸살리실레이트,카프릴릭/카프릭트라이글리세라이드,디에칠아미노하이드록시벤조일헥실벤조에이트,에칠헥실트리아존,다이카프릴릴카보네이트,나이아신아마이드,메틸트라이메티콘,글리세린,다이메티콘/비닐다이메티콘크로스폴리머,디에칠헥실부타미도트리아존,1,2-헥산다이올,쌀추출물,펜틸렌글라이콜,폴리하이드록시스테아릭애씨드,암모늄폴리아크릴로일다이메틸타우레이트,스테아릭애씨드,부틸렌글라이콜,브이피/에이코신코폴리머,소듐폴리아크릴로일다이메틸타우레이트,다이메티콘올,트라이실록세인,알루미나,판테놀,하이드록시프로필메틸셀룰로오스스테아록시에터,실리카,소듐아크릴레이트/비닐알코올코폴리머,에틸헥실글리세린,폴리아크릴레이트크로스폴리머-6,아데노신,소듐폴리아크릴레이트,소듐아크릴릭애씨드/엠에이코폴리머,잔탄검,t-부틸알코올,카프릴릴글라이콜,폴리에터-1,토코페롤,트라이에톡시카프릴릴실레인,메틸프로판다이올,산소,향료,적색산화철
[초록톤업]
정제수, 부틸옥틸살리실레이트, 티타늄디옥사이드, 다이부틸아디페이트, 디이소부틸아디페이트, 카프릴릭/카프릭트라이글리세라이드, 디에칠아미노하이드록시벤조일헥실벤조에이트, 에칠헥실트리아존, 글리세린, 다이카프릴릴카보네이트, 나이아신아마이드, 메틸트라이메티콘, 1,2-헥산다이올, 디에칠헥실부타미도트리아존, 펜틸렌글라이콜, 프로판다이올, 귀리커넬추출물, 아티초크잎추출물, 동백나무씨추출물, 쌀추출물, 녹차수, 하이드로제네이티드레시틴, 2,3-부탄다이올, 실리카, 다이메티콘/비닐다이메티콘크로스폴리머, 라우릴락테이트, 브이피/에이코신코폴리머, 폴리메틸실세스퀴옥세인, 폴리하이드록시스테아릭애씨드, 셀룰로오스검, 암모늄폴리아크릴로일다이메틸타우레이트, 코코-카프릴레이트/카프레이트, 스테아릭애씨드, 메틸프로판다이올, 소듐폴리아크릴로일다이메틸타우레이트, 부틸렌글라이콜, 알루미나, 하이드록시프로필메틸셀룰로오스스테아록시에터, 에틸헥실글리세린, 판테놀, 소듐스테아로일글루타메이트, 폴리아크릴레이트크로스폴리머-6, 소듐아크릴레이트/비닐알코올코폴리머, 다이메티콘올, 트라이실록세인, 이눌린라우릴카바메이트, 아데노신, 소듐아크릴릭애씨드/엠에이코폴리머, 소듐폴리아크릴레이트, 3-O-에틸아스코빅애씨드, 잔탄검, 폴리쿼터늄-51, 트라이에톡시카프릴릴실레인, 베타-글루칸, t-부틸알코올, 카프릴릴글라이콜, 폴리에터-1, 메틸메타크릴레이트크로스폴리머, 토코페롤, 산소, 향료, 크로뮴옥사이드그린, 황색산화철, 피씨에이글리세릴올리에이트"
"A000000257717","[NEW/워터프루프/페이스&바디] 이즈앤트리 히알루론산 에어리 바디 선크림 150ml","이즈앤트리","150.0","150.0","ml","28000","18200","1213.3","정제수, 다이아이소프로필세바케이트, 프로판다이올, 다이부틸아디페이트, 에칠헥실트리아존, 디에칠아미노하이드록시벤조일헥실벤조에이트, 메칠렌비스-벤조트리아졸릴테트라메칠부틸페놀, 나이아신아마이드, 1,2-헥산다이올, 소듐하이알루로네이트(1,010.01 ppm), 흑효모발효물, 하이드롤라이즈드하이알루로닉애씨드(0.1 ppm), 하이알루로닉애씨드(0.025 ppm), 하이드록시프로필트라이모늄하이알루로네이트(1 ppm), 소듐아세틸레이티드하이알루로네이트(0.1 ppm), 하이드롤라이즈드소듐하이알루로네이트(0.01 ppm), 소듐하이알루로네이트크로스폴리머(0.01 ppm), 포타슘하이알루로네이트(0.002 ppm), 알바수련꽃추출물, 소듐팔미토일프롤린, 알란토인, 스쿠알란, 비스-에칠헥실옥시페놀메톡시페닐트리아진, 다이프로필렌글라이콜다이벤조에이트, 펜틸렌글라이콜, 폴리C10-30알킬아크릴레이트, 드로메트리졸트리실록산, 글리세릴스테아레이트, 폴리글리세릴-3메틸글루코오스다이스테아레이트, 브이피/에이코신코폴리머, 데실글루코사이드, 트로메타민, 아크릴레이트/C10-30알킬아크릴레이트크로스폴리머, 메틸프로판다이올, 폴리에스터-5, 폴리아크릴레이트크로스폴리머-6, 소듐스테아로일글루타메이트, 토코페롤, 아데노신, 글리세린, 폴리에터-1, 세틸하이드록시에틸셀룰로오스, 자일로글루칸, 부틸렌글라이콜, 다이프로필렌글라이콜, 에틸헥실글리세린, 세테아릴알코올, 카보머, 잔탄검"
"A000000207901","[오선우pick/리뉴얼] 아누아 어성초 실키 모이스처 선크림 50ml 더블 기획","아누아","50.0","100.0","ml","34900","24500","2450.0","정제수, 다이부틸아디페이트, 프로판다이올, 에칠헥실트리아존, 테레프탈릴리덴디캠퍼설포닉애씨드, 글리세린, 나이아신아마이드, 카프릴릴메티콘, 폴리메틸실세스퀴옥세인, 트로메타민, 1,2-헥산다이올, 폴리글리세릴-3다이스테아레이트, 세테아릴알코올, 펜틸렌글라이콜, 부틸렌글라이콜, 디에칠아미노하이드록시벤조일헥실벤조에이트, 폴리실리콘-15, 약모밀추출물, 감나무잎추출물, 포도추출물, 잇꽃꽃추출물, 커피콩추출물, 호장근뿌리추출물, 녹차추출물, 밤껍질추출물, 초피나무열매추출물, 트루로즈오브예리코추출물, 판테놀, 글리세릴스테아레이트, 비스-에칠헥실옥시페놀메톡시페닐트리아진, 포타슘세틸포스페이트, 메틸프로판다이올, 카보머, 글리세릴스테아레이트시트레이트, 아크릴레이트/C10-30알킬아크릴레이트크로스폴리머, 암모늄아크릴로일다이메틸타우레이트/브이피코폴리머, 아데노신, 폴리에터-1, 바이오사카라이드검-1, 토코페롤, 에틸헥실글리세린"
"A000000240055","[올영단독] 밈즈 마일드 워터리 썬스크린 50ml 1+1 기획","밈즈","50.0","100.0","ml","22000","17900","1790.0","정제수, 다이부틸아디페이트, 프로판다이올, 디에칠아미노하이드록시벤조일헥실벤조에이트, 폴리메틸실세스퀴옥세인, 에칠헥실트리아존, 나이아신아마이드, 메칠렌비스-벤조트리아졸릴테트라메칠부틸페놀, 코코-카프릴레이트/카프레이트, 카프릴릴메티콘, 디에칠헥실부타미도트리아존, 글리세린, 부틸렌글라이콜, 1,2-헥산다이올, 비타민나무열매추출물, 사철쑥추출물, 당근추출물, 로즈힙열매추출물, 사과추출물, 케이프알로에잎추출물, 살구즙, 하이드로제네이티드레시틴, 베헤닐알코올, 폴리C10-30알킬아크릴레이트, 폴리글리세릴-3메틸글루코오스다이스테아레이트, 데실글루코사이드, 트로메타민, 카보머, 아크릴레이트/C10-30알킬아크릴레이트크로스폴리머, 소듐스테아로일글루타메이트, 폴리아크릴레이트크로스폴리머-6, 아데노신, 잔탄검, t-부틸알코올, 토코페롤, 아스코빅애씨드, 드럼스틱씨오일, 세라마이드엔피, 피토스핑고신, 펜틸렌글라이콜, 에틸헥실글리세린"
"A000000200647","[8월올영픽/ 민감피부 안심 무기자차] 아떼 무기자차 선크림 50ml 기획/단품","아떼","50.0","50.0","ml","34000","23900","4780.0","정제수, 징크옥사이드 (CI 77947), 부틸옥틸살리실레이트, 프로필헵틸카프릴레이트, 사이클로헥사실록세인, 프로판다이올, 다이실록세인, 아이소도데케인, C15-19알케인, 카프릴릴메티콘, 세틸다이글리세릴트리스(트라이메틸실록시)실릴에틸다이메티콘, 나이아신아마이드, 소듐클로라이드, 글리세린, 비타민나무오일, 바실러스/소이빈발효추출물, 락토바실러스/호밀가루발효물, 락토바실러스/소이밀크발효여과물, 락토바실러스발효용해물, 소듐하이알루로네이트, 포도주, 병풀추출물, 하이알루로닉애씨드, 폴스애플민트잎추출물, 녹차추출물, 타임잎추출물, 하이드롤라이즈드하이알루로닉애씨드, 메틸메타크릴레이트크로스폴리머, 다이스테아다이모늄헥토라이트, 폴리글리세릴-6폴리리시놀리에이트, 트라이에틸헥사노인, 폴리메틸실세스퀴옥세인, 트라이에톡시카프릴릴실레인, 1,2-헥산다이올, 폴리글리세릴-2다이폴리하이드록시스테아레이트, 판테놀, 라우릴다이메티콘/폴리글리세린-3크로스폴리머, 부틸렌글라이콜, 카프릴릴글라이콜, 글리세릴카프릴레이트, 아데노신, 다이프로필렌글라이콜, 토코페롤, 말토덱스트린, 소듐시트레이트, 타라검, 아이소말트, 락토바실러스, 하이드록시프로필트라이모늄하이알루로네이트, 아스코빅애씨드, 소듐아세틸레이티드하이알루로네이트, 하이드롤라이즈드소듐하이알루로네이트, 소듐하이알루로네이트크로스폴리머, 포타슘하이알루로네이트"
"A000000221848","[1+1/피치톤업] 이니스프리 비타민C 피치 톤업 선크림 50+50ml 1+1기획","이니스프리","50.0","100.0","ml","26000","23400","2340.0","정제수, 다이부틸아디페이트, 프로판다이올, 부틸옥틸살리실레이트, 다이카프릴릴카보네이트, 티타늄디옥사이드, 디에칠아미노하이드록시벤조일헥실벤조에이트, 폴리실리콘-15, 나이아신아마이드, 에칠헥실트리아존, 폴리메틸실세스퀴옥세인, 글리세린, 티타늄디옥사이드 (CI 77891), 1,2-헥산다이올, 펜틸렌글라이콜, 아크릴레이트코폴리머, 하이드로제네이티드폴리아이소부텐, 브이피/에이코신코폴리머, 스테아릴다이메티콘, 세틸다이메티콘, 메틸프로판다이올, 코코-카프릴레이트/카프레이트, 폴리글리세릴-2카프레이트, 폴리하이드록시스테아릭애씨드, 암모늄아크릴로일다이메틸타우레이트/브이피코폴리머, 수크로오스스테아레이트, 폴리아크릴레이트크로스폴리머-6, 호호바씨오일, 스테아릭애씨드, 에틸헥실글리세린, 하이드록시프로필메틸셀룰로오스스테아록시에터, 알루미나, 이눌린라우릴카바메이트, 글리세릴카프릴레이트, 황색산화철, 잔탄검, 적색산화철, 트라이에톡시카프릴릴실레인, 알루미늄하이드록사이드, 아데노신, 스쿠알란, 폴리에터-1, 소듐폴리아크릴레이트, 토코페롤, 메톡시페닐에테닐t-부틸벤조에이트, 바이오사카라이드검-1, 아스코빅애씨드(0.1 PPM), 마데카소사이드, 3-O-에틸아스코빅애씨드(0.1 PPM), 부틸렌글라이콜, 하이드롤라이즈드하이알루로닉애씨드, 다이메틸실란올하이알루로네이트, 하이드롤라이즈드소듐하이알루로네이트, 소듐하이알루로네이트, 하이알루로닉애씨드, 포타슘하이알루로네이트, 소듐하이알루로네이트크로스폴리머, 하이드록시프로필트라이모늄하이알루로네이트, 소듐하이알루로네이트다이메틸실란올, 소듐아세틸레이티드하이알루로네이트"
"A000000258843","에스쁘아 워터 스플래쉬 선크림 세라마이드 50ml (26AD)","에스쁘아","50.0","50.0","ml","20000","16000","3200.0","정제수, 부틸렌글라이콜, C12-15알킬벤조에이트, 에칠헥실메톡시신나메이트, 디에칠아미노하이드록시벤조일헥실벤조에이트, 티타늄디옥사이드, 비스-에칠헥실옥시페놀메톡시페닐트리아진, 페닐트라이메티콘, 카프릴릴메티콘, 실리카, 다이페닐실록시페닐트라이메티콘, 1,2-헥산다이올, 폴리아크릴레이트-13, 알루미늄스테아레이트, 폴리아이소부텐, 폴리하이드록시스테아릭애씨드, 알루미나, 스테아릭애씨드, 향료, 카프릴릴글라이콜, 카보머, 에틸헥실글리세린, 다이소듐이디티에이, 폴리솔베이트20, 솔비탄아이소스테아레이트, 세라마이드엔피, 적색산화철, 프로판다이올, 황색산화철, 하이드로제네이티드레시틴, 비에이치티, 세테아릴알코올, 병풀꽃/잎/줄기추출물, 창포뿌리추출물, 토코페롤, 아세틸테트라펩타이드-5, 세라마이드엔에스, 피토스핑고신, 콜레스테롤, 세라마이드에이피, 세라마이드에이에스, 세라마이드이오피"
"A000000227070","유이크 톤업 선크림 보라 50ml 기획 (+수분선 20ml 증정)","유이크","50.0","70.0","ml","27000","21600","3085.7","[본품:보라] 정제수, 다이부틸아디페이트, 부틸옥틸살리실레이트, 에칠헥실트리아존, 프로판다이올, 메칠렌비스-벤조트리아졸릴테트라메칠부틸페놀, 메틸프로판다이올, 나이아신아마이드, 디에칠아미노하이드록시벤조일헥실벤조에이트, 티타늄디옥사이드 (CI 77891), 1,2-헥산다이올, 비스-에칠헥실옥시페놀메톡시페닐트리아진, 폴리글리세릴-3메틸글루코오스 다이스테아레이트, 폴리글리세릴-3다이스테아레이트, 울트라마린, 코코-카프릴레이트/카프레이트, 데실글루코사이드, 폴리아크릴레이트크로스 폴리머-6, 세테아릴알코올, 암모늄아크릴로일다이메틸타우레이트/브이 
피코폴리머, 브이피/에이코신코폴리머, 소듐폴리아크릴로일다이메틸타 우레이트, 에틸헥실글리세린, 글리세릴스테아레이트시트레이트, 카올린, 폴리글리세릴-6폴리하이드록시스테아레이트, 알루미늄하이드록사이드, 폴리글리세릴-6폴리리시놀리에이트, 아데노신, 트라이에톡시카프릴릴실레인, 소듐스테아로일글루타메이트, 글리세린, 적색산화철, 잔탄검, 쿠티 박테리움 그라눌로숨발효추출여과물(100 ppm), 폴리글리세린-6, 판테놀, 석시닉애씨드, 토코페롤, 아스코빌팔미테이트

[증정:수분] 정제수, 프로판다이올, 부틸옥틸살리실레이트, 다이부틸아디페이트, 에칠헥실트리아존, 테레프탈릴리덴디캠퍼설포닉애씨드, 나이아신아마이드, 폴리글리세릴-3다이스테아레이트, 트로메타민, 폴리메틸실세스퀴옥세인, 1,2-헥산다이올, 펜틸렌글라이콜, 디에칠아미노하이드록시벤조일헥실벤조에이트, 세테아릴알코올, 카프릴릴메티콘, 폴리실리콘-15, 글리세릴스테아레이트, 비스-에칠헥실옥시페놀메톡시페닐트리아진, 포타슘세틸포스페이트, 메틸프로판다이올, 소듐아크릴레이트크로스폴리머-2, 팔미틱애씨드, 카보머, 스테아릭애씨드, 글리세릴스테아레이트시트레이트, 판테놀, 쿠티박테리움 그라눌로숨발효추출여과물(979 ppm), 아크릴레이트/C10-30알킬아크릴레이트크로스폴리머, 사카라이드아이소머레이트, 에틸헥실글리세린, 아데노신, 암모늄아크릴로일다이메틸타우레이트/브이피
코폴리머, 폴리에터-1, 미리스틱애씨드, 석시닉애씨드, 소듐시트레이트, 시트릭애씨드, 바이오사카라이드검-1, 토코페롤"
"A000000225808","[NCT 재민PICK] 이즈앤트리 히알루론산 프레쉬 선 세럼 50ml 기획 (+10ml*2ea)","이즈앤트리","50.0","60.0","ml","22000","15400","2566.7","정제수, 다이부틸아디페이트, 프로판다이올, 부틸옥틸살리실레이트, 에칠헥실트리아존, 나이아신아마이드, 드로메트리졸트리실록산, 폴리글리세릴-3다이스테아레이트, 테레프탈릴리덴디캠퍼설포닉애씨드, 폴리메틸실세스퀴옥세인, 디에칠아미노하이드록시벤조일헥실벤조에이트, 트로메타민, 판테놀, 1,2-헥산다이올, 펜틸렌글라이콜, 글리세릴스테아레이트, 실리카, 카프릴릴메티콘, 비스-에칠헥실옥시페놀메톡시페닐트리아진, 포타슘세틸포스페이트, 락토바실러스발효물, 폴리C10-30알킬아크릴레이트, 메틸프로판다이올, 카보머, 아크릴레이트/C10-30알킬아크릴레이트크로스폴리머, 에틸헥실글리세린, 하이드롤라이즈드소듐하이알루로네이트, 잔탄검, 아데노신, 폴리에터-1, 소듐하이알루로네이트, 바이오사카라이드검-1, 스쿠알란, 알란토인, 에리스리톨, 토코페롤, 엑토인, 하이드록시프로필트라이모늄하이알루로네이트, 징크하이드롤라이즈드하이알루로네이트, 글리세린, 부틸렌글라이콜, 약모밀추출물, 시트릭애씨드, 소듐아세틸레이티드하이알루로네이트, 하이드롤라이즈드하이알루로닉애씨드, 하이드로제네이티드레시틴, 하이알루로닉애씨드, 폴리글리세릴-10스테아레이트, 병풀추출물, 소듐하이알루로네이트크로스폴리머, 소듐아스코빌포스페이트, 토코페릴아세테이트, 코코넛야자수, 포타슘하이알루로네이트, 레티닐팔미테이트, 바이오틴, 티아민에이치씨엘, 폴릭애씨드, 피리독신, 사이아노코발아민
*총 히알루론산 함량 : 517 ppm"
"A000000219496","[수딩쿨링/1+1] 토리든 다이브인 모이스처 수딩 선스틱 19g 1+1 기획","토리든","19.0","38.0","g(약 1ml 상당으로 근사)","36000","20900","5500.0","정제수, 코코-카프릴레이트/카프레이트, 다이부틸아디페이트, 합성왁스, 부틸옥틸살리실레이트, 에틸헥실팔미테이트, 디에칠아미노하이드록시벤조일헥실벤조에이트, 비닐다이메티콘/메티콘실세스퀴옥세인크로스폴리머, 부틸렌글라이콜, 에칠헥실트리아존, 오조케라이트, 나이아신아마이드, 비닐다이메티콘, 폴리실리콘-15, 비스-에칠헥실옥시페놀메톡시페닐트리아진, 폴리글리세릴-4다이아이소스테아레이트/폴리하이드록시스테아레이트/세바케이트, 소듐하이알루로네이트, 하이알루로닉애씨드, 하이드롤라이즈드소듐하이알루로네이트, 하이드롤라이즈드하이알루로닉애씨드, 소듐아세틸레이티드하이알루로네이트, 소듐하이알루로네이트크로스폴리머, 포타슘하이알루로네이트, 다이메틸실란올하이알루로네이트, 하이드록시프로필트라이모늄하이알루로네이트, 소듐하이알루로네이트다이메틸실란올, 판테놀, 알란토인, 메틸다이아이소프로필프로피온아마이드, 글리세린, 아데노신, 에틸헥실글리세린, 글리세릴카프릴레이트, 카프릴릴글라이콜, 글라이신, 1,2-헥산다이올, 트라이소듐에틸렌다이아민다이석시네이트, 소듐클로라이드, 테트라하이드록시프로필에틸렌다이아민, 알지닌, 트로메타민, 하이드로제네이티드캐스터오일/세바식애씨드코폴리머, 라우릴폴리글리세릴-3폴리다이메틸실록시에틸다이메티콘, 토코페롤, 에리스리톨, 다시마추출물, 당느릅나무뿌리추출물, 알로에베라잎추출물, 제비꽃꽃추출물, 참마뿌리추출물, 말라카이트추출물"
"A000000259573","[쿨톤/진정필터]조선미녀 스테이 프레쉬 톤업 선크림 50ml 디럭스 기획 (+10ml*2ea)","조선미녀","50.0","60.0","ml","20000","15000","2500.0","[스테이 프레쉬 톤업 선크림 퍼플] 정제수, 프로판다이올, 에칠헥실트리아존, 드로메트리졸트리실록산, 메틸프로판다이올, 다이부틸아디페이트, 다이메티콘, 디에칠아미노하이드록시벤조일헥실벤조에이트, 티타늄디옥사이드(CI77891), 테레프탈릴리덴디캠퍼설포닉애씨드, 1,2-헥산다이올, 부틸옥틸살리실레이트, 아크릴레이트코폴리머, 다이아이소프로필세바케이트, 다이카프릴릴카보네이트, 카프릴릴메티콘, 베헤닐알코올, 트로메타민, 울트라마린(CI77007), 폴리글리세릴-3메틸글루코오스다이스테아레이트, 폴리글리세릴-6스테아레이트, 소듐폴리아크릴로일다이메틸타우레이트, 폴리아크릴레이트크로스폴리머-6, 암모늄아크릴로일다이메틸타우레이트/브이피코폴리머, 폴리에터-1, 다이메티콘/비닐다이메티콘크로스폴리머, 폴리하이드록시스테아릭애씨드, 에틸헥실글리세린, 카올린, 폴리글리세릴-6베헤네이트, 아데노신, 알루미늄하이드록사이드, 트라이에톡시카프릴릴실레인, 소듐스테아로일글루타메이트, 글리세린, 카프릴릭/카프릭트라이글리세라이드, 병풀추출물, 세라마이드엔피, 하이드로제네이티드레시틴, 하이드롤라이즈드루핀단백질 / [스테이 프레쉬 톤업 선크림 그린]정제수, 에칠헥실트리아존, 드로메트리졸트리실록산, 메틸프로판다이올, 프로판다이올, 다이부틸아디페이트, 다이메티콘, 디에칠아미노하이드록시벤조일헥실벤조에이트, 티타늄디옥사이드(CI77891), 테레프탈릴리덴디캠퍼설포닉애씨드, 1,2-헥산다이올, 부틸옥틸살리실레이트, 아크릴레이트코폴리머, 다이아이소프로필세바케이트, 다이카프릴릴카보네이트, 카프릴릴메티콘, 베헤닐알코올, 트로메타민, 폴리글리세릴-3메틸글루코오스다이스테아레이트, 폴리글리세릴-6스테아레이트, 소듐폴리아크릴로일다이메틸타우레이트, 폴리아크릴레이트크로스폴리머-6, 암모늄아크릴로일다이메틸타우레이트/브이피코폴리머, 폴리에터-1, 크로뮴옥사이드그린(CI77288), 울트라마린(CI77007), 다이메티콘/비닐다이메티콘크로스폴리머, 폴리하이드록시스테아릭애씨드, 에틸헥실글리세린, 폴리글리세릴-6베헤네이트, 아데노신, 알루미늄하이드록사이드, 트라이에톡시카프릴릴실레인, 소듐스테아로일글루타메이트, 카올린, 글리세린, 카프릴릭/카프릭트라이글리세라이드, 병풀추출물, 세라마이드엔피, 하이드로제네이티드레시틴, 하이드롤라이즈드루핀단백질"
"A000000219488","[화잘먹/수분선] 라네즈 워터뱅크 UV 베리어 선세럼 50ml 기획 (+25ml)","라네즈","50.0","75.0","ml","28000","20160","2688.0","정제수, 다이에틸헥실석시네이트, 프로판다이올, 드로메트리졸트리실록산, 에칠헥실트리아존, 디에칠아미노하이드록시벤조일헥실벤조에이트, 테레프탈릴리덴디캠퍼설포닉애씨드, 1,2-헥산다이올, 베헤닐알코올, 메틸트라이메티콘, 트로메타민, 소듐폴리아크릴로일다이메틸타우레이트, 부틸렌글라이콜, 폴리아크릴레이트크로스폴리머-6, C20-24알킬다이메티콘, 아라키딜알코올, 카프릴릴글라이콜, 소듐메틸스테아로일타우레이트, 에틸헥실글리세린, 아라키딜글루코사이드, 향료, 알란토인, 하이드롤라이즈드하이알루로닉애씨드, 소듐메타포스페이트, 알파-비사보롤, 서양산딸기추출물, 야생딸기잎추출물, 토코페롤, 소듐하이알루로네이트, 소듐하이알루로네이트크로스폴리머, 하이알루로닉애씨드, 소듐아세틸레이티드하이알루로네이트"
"A000000205011","[화잘먹/기미개선]아이오페 UV쉴드 선프로텍터 50ml 기획(+15ml)","아이오페","50.0","65.0","ml","38000","30400","4676.9","정제수, 글리세린, 다이에틸헥실석시네이트, 디에칠아미노하이드록시벤조일헥실벤조에이트, 다이부틸아디페이트, 에칠헥실트리아존, 메칠렌비스-벤조트리아졸릴테트라메칠부틸페놀, 비스-에칠헥실옥시페놀메톡시페닐트리아진, 나이아신아마이드, 카프릴릴메티콘, 테레프탈릴리덴디캠퍼설포닉애씨드, 1,2-헥산다이올, 실리카, C20-24알킬다이메티콘, 트로메타민, 베헤닐알코올, 폴리C10-30알킬아크릴레이트, 세테아릴알코올, 데실글루코사이드, 메틸프로판다이올, 소듐스테아로일글루타메이트, 소듐폴리아크릴로일다이메틸타우레이트, 폴리에터-1, 향료, 아크릴레이트/C10-30알킬아크릴레이트크로스폴리머, 세테아릴글루코사이드, 글리세릴카프릴레이트, 폴리아크릴레이트크로스폴리머-6, 에틸헥실글리세린, 아데노신, 리모넨, 잔탄검, 리날룰, 소듐메타포스페이트, 트라넥사믹애씨드, 시트로넬올, 티몰트라이메톡시신나메이트, 돌콩오일, 다이소듐이디티에이, 토코페롤, 하이드로제네이티드포스파티딜콜린, 데카펩타이드-4, 소듐올리에이트"
"A000000204614","[대용량] 피지오겔 레드수딩 AI 센서티브 UV 썬스크린 80ml 대용량 기획","피지오겔","80.0","80.0","ml","48000","29900","3737.5","정제수,에칠헥실메톡시신나메이트,프로판다이올,디에칠아미노하이드록시벤조일헥실벤조에이트,에칠헥실살리실레이트,C12-15알킬벤조에이트,글리세린,다이메티콘,페닐벤즈이미다졸설포닉애씨드,티타늄디옥사이드,1,2-헥산다이올,포타슘세틸포스페이트,트로메타민,비스-에칠헥실옥시페놀메톡시페닐트리아진,판테놀,폴리글리세릴-3메틸글루코오스다이스테아레이트,팔미틱애씨드,알루미늄스테아레이트,폴리아크릴레이트크로스폴리머-6,폴리우레탄-15,스테아릭애씨드,폴리하이드록시스테아릭애씨드,잔탄검,알루미나,아세타마이드엠이에이,베티버뿌리오일,트라이소듐이디티에이,팔미타마이드엠이에이,사코신,스쿠알란,후추열매오일,생강오일,카프릴릭/카프릭트라이글리세라이드,육계잎오일,세라마이드엔피,하이드로제네이티드레시틴,다마스크장미꽃오일"
"A000000248772","[UV차단+스킨케어] 아이디얼포맨 프레시 선 올인원","아이디얼포맨","","","","24000","13800","","[프레시 선 올인원]
정제수,다이부틸아디페이트,폴리메틸실세스퀴옥세인,프로판다이올,다이아이소프로필세바케이트,드로메트리졸트리실록산,에칠헥실트리아존,디에칠아미노하이드록시벤조일헥실벤조에이트,나이아신아마이드,테레프탈릴리덴디캠퍼설포닉애씨드,1,2-헥산다이올,하이드롤라이즈드하이알루로닉애씨드,펜틸렌글라이콜,트로메타민,소듐폴리아크릴로일다이메틸타우레이트,폴리C10-30알킬아크릴레이트,글리세릴스테아레이트,메틸프로판다이올,실리카,폴리에스터-5,폴리아크릴레이트크로스폴리머-6,소듐스테아로일글루타메이트,폴리아마이드-8,아데노신,폴리에터-1,세틸하이드록시에틸셀룰로오스,자일로글루칸,징크피씨에이,펜타에리스리틸테트라-다이-t-부틸하이드록시하이드로신나메이트,베헤닐알코올

[프레시 오일 컷 선 스틱]
메틸메타크릴레이트크로스폴리머 합성왁스 카프릴릴메티콘 에틸헥실팔미테이트 비닐다이메티콘/메티콘실세스퀴옥세인크로스폴리머 다이에틸헥실석시네이트 다이부틸아디페이트 코코-카프릴레이트/카프레이트 부틸옥틸살리실레이트 합성플루오르플로고파이트 디에칠아미노하이드록시벤조일헥실벤조에이트 에칠헥실트리아존 오조케라이트 토코페릴아세테이트 비닐다이메티콘 폴리실리콘-15 실리카 비스-에칠헥실옥시페놀메톡시페닐트리아진 알파-비사보롤 트라이에톡시카프릴릴실레인 글리세릴카프릴레이트 토코페롤 부틸렌글라이콜 소듐하이알루로네이트 락토바실러스발효물 정제수 글리세린 에탄올 1,2-헥산다이올 에난티아 클로란타껍질추출물 레시틴 매스틱검 칡뿌리추출물 대왕소나무잎추출물 당느릅나무뿌리추출물 달맞이꽃꽃추출물 하이드롤라이즈드소듐하이알루로네이트 올레아놀릭애씨드"
"A000000209917","[민감피부 추천 무기자차] 제로이드 데일리 선크림 50ml","제로이드","50.0","50.0","ml","32000","28800","5760.0","정제수, 징크옥사이드, 사이클로헥사실록세인, 부틸옥틸살리실레이트, 프로판다이올, 프로필헵틸카프릴레이트, 아이소도데케인, 폴리글리세릴-3폴리다이메틸실록시에틸다이메티콘, 다이카프릴릴카보네이트, 카프릴릴메티콘, 소듐하이알루로네이트, 다이스테아다이모늄헥토라이트, 마그네슘설페이트, 메틸메타크릴레이트크로스폴리머, 트라이에톡시카프릴릴실레인, 1,2-헥산다이올, 폴리글리세릴-2다이폴리하이드록시스테아레이트, 폴리메틸실세스퀴옥세인, 라우릴폴리글리세릴-3폴리다이메틸실록시에틸다이메티콘, 글리세릴카프릴레이트, 카프릴릴글라이콜, 에틸헥실글리세린, 토코페롤, 미리스토일/팔미토일옥소스테아라마이드/아라카마이드엠이에이, 스쿠알란, 판테놀, 펜틸렌글라이콜, 마데카소사이드"
"A000000260414","[괄사증정/화잘먹] 해달씨 딥씨 워터리 선스크린 50ml 단품/기획(+문어괄사 증정)","해달씨","50.0","50.0","ml","17900","13200","2640.0","정제수, 다이부틸아디페이트, 부틸옥틸살리실레이트,프로판다이올, 에칠헥실트리아존, C12-15알킬벤조에이트, 디에칠아미노하이드록시벤조일헥실벤조에이트, 나이아신아마이드, 드로메트리졸트리실록산, 메칠렌비스-벤조트리아졸릴테트라메칠부틸페놀, 폴리글리세릴-3메틸글루코오스다이스테아레이트, 카프릴릴메티콘, 1,2-헥산다이올, 부틸렌글라이콜, 펜틸렌글라이콜, 해수(10,000ppm), 폴리메틸실세스퀴옥세인, 폴리C10-30알킬아크릴레이트, 글리세린, 데실글루코사이드, 브이피/에이코신코폴리머, 트로메타민, 메틸프로판다이올, 카보머, 아크릴레이트/C10-30알킬아크릴레이트크로스폴리머, 알란토인,에틸헥실글리세린, 폴리아크릴레이트크로스폴리머-6, 아데노신, 소듐폴리아크릴레이트, 귀리커넬추출물, 아티초크잎추출물,폴리쿼터늄-51, 녹차수, 베타-글루칸, 하이드로제네이티드레시틴, 잔탄검, 폴리에터-1, 토코페롤, 엑토인, 감태추출물, 미역추출물, 다이메틸실란올하이알루로네이트, 하이드롤라이즈드하이알루로닉애씨드, 하이드롤라이즈드소듐하이알루로네이트, 다시마추출물, 소듐하이알루로네이트, 하이알루로닉애씨드, 포타슘하이알루로네이트, 소듐하이알루로네이트크로스폴리머, 하이드록시프로필트라이모늄하이알루로네이트, 소듐하이알루로네이트다이메틸실란올, 소듐아세틸레이티드하이알루로네이트"
"A000000184159","[뽀송 무기자차] 메이크프렘 유브이 디펜스 미 노세범 선크림 40ml+40ml 기획","메이크프렘","40.0","80.0","ml","","28000","3500.0","정제수,징크옥사이드,사이클로헥사실록세인,부틸옥틸살리실레이트,프로판다이올,프로필헵틸카프릴레이트,아이소도데케인,카프릴릴메티콘,폴리글리세릴-3폴리다이메틸실록시에틸다이메티콘,메틸메타크릴레이트크로스폴리머,메틸트라이메티콘,센티드제라늄추출물,달맞이꽃꽃추출물,당느릅나무뿌리추출물,대왕소나무잎추출물,칡뿌리추출물,바실러스/소이빈발효추출물,연필향나무오일,리씨열매오일,소듐하이알루로네이트,베티버뿌리오일,소두구씨오일,푸른연꽃수,다이스테아다이모늄헥토라이트,마그네슘설페이트,트라이에톡시카프릴릴실레인,1,2-헥산다이올,폴리글리세릴-2다이폴리하이드록시스테아레이트,폴리메틸실세스퀴옥세인,라우릴폴리글리세릴-3폴리다이메틸실록시에틸다이메티콘,글리세릴카프릴레이트,카프릴릴글라이콜,에틸헥실글리세린,토코페롤,부틸렌글라이콜,폴릭애씨드"
"A000000230447","[노세범 선크림] 오브제 포어 제로 오일 컨트롤 선크림 50ml","오브제","50.0","50.0","ml","22500","17900","3580.0","정제수, 다이부틸아디페이트, 프로판다이올, 다이아이소부틸아디페이트, 부틸옥틸살리실레이트, 에칠헥실트리아존, 폴리글리세릴-6스테아레이트, 나이아신아마이드, 드로메트리졸트리실록산, 테레프탈릴리덴디캠퍼설포닉애씨드, 디에칠아미노하이드록시벤조일헥실벤조에이트, 트로메타민, 1,2-헥산다이올, 세테아릴알코올, 카프릴릴메티콘, 펜틸렌글라이콜, 버지니아풍년화수, 비스-에칠헥실옥시페놀메톡시페닐트리아진, 메틸프로판다이올, 글리세릴스테아레이트, 실리카, 포타슘세틸포스페이트, 폴리C10-30알킬아크릴레이트, 폴리에스터-5, 폴리글리세릴-6베헤네이트, 다이메티콘/비닐다이메티콘크로스폴리머, 글리세린, 카보머, 다이메티콘올, 트라이실록세인, 아크릴레이트/C10-30알킬아크릴레이트크로스폴리머, 암모늄아크릴로일다이메틸타우레이트/브이피코폴리머, 에틸헥실글리세린, 폴리에터-1, 덱스트린, 아데노신, 귀리커넬추출물, 아티초크잎추출물, 폴리쿼터늄-51, 녹차수, 베타-글루칸, 하이드로제네이티드레시틴, 치자추출물, 토코페롤, 판테놀, 부틸렌글라이콜, 수크로오스, 흰목이버섯추출물, 병풀추출물, 병풀잎추출물, 효모발효여과물, 효모발효물, 병풀뿌리추출물, 카우슬립추출물, 칡뿌리추출물, 대왕소나무잎추출물, 당느릅나무뿌리추출물, 달맞이꽃꽃추출물, 소듐하이알루로네이트, 아시아티코사이드, 마데카소사이드, 스피어민트추출물, 워터민트추출물, 애플민트잎추출물, 글라이신, 글루타믹애씨드, 알지닌, 마데카식애씨드, 아시아틱애씨드"
"A000000249451","[올영단독]비오레 UV 아쿠아 리치 워터리 에센스 50g 단품/더블기획추가20g증정","비오레","50.0","70.0","g(약 1ml 상당으로 근사)","18000","13900","1985.7","정제수,에탄올,다이아이소프로필세바케이트,에칠헥실살리실레이트,실리카,에칠헥실트리아존,다이프로필렌글라이콜,부틸메톡시디벤조일메탄,디에칠아미노하이드록시벤조일헥실벤조에이트,비스-에칠헥실옥시페놀메톡시페닐트리아진,C12-15알킬벤조에이트,덱스트린팔미테이트,아이소프로필팔미테이트,부틸렌글라이콜,자일리톨,페녹시에탄올,솔비탄다이스테아레이트,아크릴레이트/C10-30알킬아크릴레이트크로스폴리머,글리세린,프로판다이올,하이드록시에틸아크릴레이트/소듐아크릴로일다이메틸타우레이트코폴리머,글리세릴베헤네이트,아이소헥사데칸,포타슘하이드록사이드,세틸알코올,폴리실리콘-9,향료,스테아로일글루타믹애씨드,폴리솔베이트60,알지닌,다이소듐이디티에이,솔비탄아이소스테아레이트,아스코빌글루코사이드,소듐하이알루로네이트,메틸파라벤,리날룰,벤질살리실레이트"
"A000000253334","[포켓몬에디션] 닥터지 그린마일드 업 선 플러스 기획 (40ml+40ml+40ml/50ml+20ml 선크림)","닥터지","40.0","190.0","ml","32000","27200","1431.6","정제수, 징크옥사이드, 프로판다이올, 부틸옥틸살리실레이트, 프로필헵틸카프릴레이트, 코코-카프릴레이트/카프레이트, 사이클로헥사실록세인, 카프릴릴메티콘, 아이소도데케인, 폴리글리세릴-3폴리다이메틸실록시에틸다이메티콘, 메틸트라이메티콘, 메틸메타크릴레이트크로스폴리머, 다이스테아다이모늄헥토라이트, 마그네슘설페이트, 트라이에톡시카프릴릴실레인, 1,2-헥산다이올, 폴리글리세릴-2다이폴리하이드록시스테아레이트, 라우릴폴리글리세릴-3폴리다이메틸실록시에틸다이메티콘, 폴리메틸실세스퀴옥세인, 글리세릴카프릴레이트, 카프릴릴글라이콜, 에틸헥실글리세린, 소듐하이알루로네이트, 부틸렌글라이콜, 토코페롤, 병풀추출물, 타라열매추출물, 프랑스해안송껍질추출물, 코토니추출물, 7-데하이드로콜레스테롤, 약모밀추출물, 엑토인, 밀몽화꽃추출물, 락토바실러스발효물, 하이드록시신나믹애씨드, 루틴"
"A000000205639","[1초톤업/화잘먹베이스/파데프리] 에딧비 선데이 톤업 선세럼 55ml [SPF50+ PA++++]","에딧비","55.0","55.0","ml","25000","12500","2272.7","[퍼플]
정제수, 다이부틸아디페이트, C12-15알킬벤조에이트, 이소아밀p-메톡시신나메이트, 카프릴릭/카프릭트라이글리세라이드, 디에칠아미노하이드록시벤조일헥실벤조에이트, 비스-에칠헥실옥시페놀메톡시페닐트리아진, 글리세린, 테레프탈릴리덴디캠퍼설포닉애씨드, 티타늄디옥사이드, 나이아신아마이드, 트로메타민, 다이아이소스테아릴말레이트, 하이드로제네이티드폴리(C6-20올레핀), 하이드록시아세토페논, 아크릴레이트/C10-30알킬아크릴레이트크로스폴리머, 드로메트리졸트리실록산, 폴리하이드록시스테아릭애씨드, 울트라마린, 다이프로필렌글라이콜, 에이치디아이/트라이메틸올헥실락톤크로스폴리머, 시트릭애씨드, 향료, 카프릴릴글라이콜, 알루미나, 에틸헥실글리세린, 트라이에톡시카프릴릴실레인, 아데노신, 다이메티콘, 아밀로덱스트린, 라벤더꽃추출물, 로우스위트블루베리추출물, 빌베리열매추출물, 엘더열매추출물, 제비꽃꽃추출물, 말토덱스트린, 칼슘판토테네이트, 부틸렌글라이콜, 다이포타슘글리시리제이트, 소듐아스코빌포스페이트, 1,2-헥산다이올, 토코페릴아세테이트, 피리독신에이치씨엘, 실리카, 하이드롤라이즈드하이알루로닉애씨드, 하이알루로닉애씨드, 하이드롤라이즈드소듐하이알루로네이트, 소듐하이알루로네이트, 포타슘하이알루로네이트, 소듐하이알루로네이트크로스폴리머, 하이드록시프로필트라이모늄하이알루로네이트, 소듐아세틸레이티드하이알루로네이트

[핑크]
정제수, 네오펜틸글라이콜다이헵타노에이트, 다이아이소프로필세바케이트, C12-15알킬벤조에이트, 프로판다이올, 티타늄디옥사이드, 디에칠아미노하이드록시벤조일헥실벤조에이트, 에칠헥실트리아존, 카프릴릭/카프릭트라이글리세라이드, 테레프탈릴리덴디캠퍼설포닉애씨드, 비스-에칠헥실옥시페놀메톡시페닐트리아진, 1,2-헥산다이올, 트로메타민, 폴리아크릴레이트크로스폴리머-6, 하이드로제네이티드폴리(C6-20올레핀), 알파-비사보롤, 에이치디아이/트라이메틸올헥실락톤크로스폴리머, 아크릴레이트/C10-30알킬아크릴레이트크로스폴리머, 트라이에톡시카프릴릴실레인, 향료, 아데노신, 에틸헥실글리세린, 적색산화철, 마이크로크리스탈린셀룰로오스, 부틸렌글라이콜, 스핑고모나스발효추출물, 셀룰로오스검, 리치추출물, 복숭아추출물, 연꽃꽃추출물, 작약꽃추출물, 다마스크장미꽃추출물, 나이아신아마이드, 칼슘판토테네이트, 말토덱스트린, 소듐스타치옥테닐석시네이트, 소듐아스코빌포스페이트, 토코페릴아세테이트, 피리독신에이치씨엘, 하이드롤라이즈드하이알루로닉애씨드, 하이알루로닉애씨드, 하이드롤라이즈드소듐하이알루로네이트, 소듐하이알루로네이트, 포타슘하이알루로네이트, 소듐하이알루로네이트크로스폴리머, 하이드록시프로필트라이모늄하이알루로네이트, 소듐아세틸레이티드하이알루로네이트, 실리카"
"A000000203048","[키드 선크림]바이오더마 포토덤 페디아트릭스 레 SPF50+ 100ml","바이오더마","50.0","150.0","ml","38000","26600","1773.3","정제수, 다이부틸아디페이트, 다이카프릴릴카보네이트, C12-15알킬벤조에이트, 디에칠헥실부타미도트리아존, 비스-에칠헥실옥시페놀메톡시페닐트리아진, 프로판다이올, 부틸메톡시디벤조일메탄, 에칠헥실트리아존, 폴리글리세릴-6스테아레이트, 글리세린, 유채/유동오일코폴리머, C20-22알킬포스페이트, 1,2-헥산다이올, C20-22알코올, 마이크로크리스탈린셀룰로오스, 살구씨오일, 토코페롤, 카프릴릴글라이콜, 폴리글리세릴-6베헤네이트, 소듐시트레이트, 잔탄검, 셀룰로오스검, o-사이멘-5-올, 돌콩오일, 소듐하이드록사이드, 다이아이소프로필세바케이트, 프로필헵틸카프릴레이트"
"A000000167936","마녀공장 파데프리 선크림 50ml SPF50+ PA++++","마녀공장","50.0","50.0","ml","28000","16900","3380.0","정제수, 징크옥사이드, 사이클로헥사실록세인, 부틸옥틸살리실레이트, 프로판다이올, 프로필헵틸카프릴레이트, 티타늄디옥사이드, 폴리글리세릴-3폴리다이메틸실록시에틸다이메티콘, 카프릴릴메티콘, 나이아신아마이드, 메틸트라이메티콘, 트라이메틸실록시실리케이트, 합성플루오르플로고파이트, 다이스테아다이모늄헥토라이트, 마그네슘설페이트, 트라이에톡시카프릴릴실레인, 1,2-헥산다이올, 폴리글리세릴-2다이폴리하이드록시스테아레이트, 메틸메타크릴레이트크로스폴리머, 라우릴폴리글리세릴-3폴리다이메틸실록시에틸다이메티콘, 다이카프릴릴카보네이트, 글리세릴카프릴레이트, 카프릴릴글라이콜, 마이카, 에틸헥실글리세린, 아데노신, 토코페롤, 하이드롤라이즈드식물성단백질, 말토덱스트린, 부틸렌글라이콜, 코튼추출물, 황색산화철, 적색산화철, 흑색산화철"
"A000000243812","[눈시림ZERO/기미개선] 아로셀 멜라 TXA 선세럼 40ml","아로셀","40.0","40.0","ml","30000","25000","6250.0","정제수, 다이부틸아디페이트, 프로판다이올, 부틸옥틸살리실레이트, 에칠헥실트리아존, 나이아신아마이드, 드로메트리졸트리실록산, 테레프탈릴리덴디캠퍼설포닉애씨드, C13-15알케인, 폴리글리세릴-3다이스테아레이트, 1,2-헥산다이올, 폴리메틸실세스퀴옥세인, 디에칠아미노하이드록시벤조일헥실벤조에이트, 트로메타민, 아이소헥사데칸, 펜틸렌글라이콜, 세테아릴알코올, 아데노신, 폴리에터-1, 트라넥사믹애씨드(100ppm), 바이오사카라이드검-1, 부틸렌글라이콜, 판테놀, 토코페롤, 글루타티온, 바이오틴, 엑토인, 가르시니아열매추출물, 멜라토닌, 사이아노코발아민, 피리독신에이치씨엘, 알파-알부틴, 비사보롤, 해바라기씨오일, 토마토수, 만니톨, 리놀레익애씨드, 글리세린, 락토바실러스세포외소포, 올레익애씨드, 카프릴릭/카프릭트라이글리세라이드, 팔미틱애씨드, 복령균핵추출물, 폴리글리세릴-10라우레이트, 하이드로제네이티드레시틴, 스테아릭애씨드, 비파나무잎추출물, 메나다이온, 스피어민트추출물, 우유단백질추출물, 살비아수, 센티드제라늄추출물, 치자꽃추출물, 흰서양송로추출물, 리놀레닉애씨드, 소듐하이알루로네이트, 3-O-에틸아스코빅애씨드, 하이알루로닉애씨드, 다이메틸실란올하이알루로네이트, 하이드롤라이즈드하이알루로닉애씨드, 하이드롤라이즈드소듐하이알루로네이트, 락토페린, 포타슘하이알루로네이트, 소듐하이알루로네이트크로스폴리머, 하이드록시프로필트라이모늄하이알루로네이트, 소듐하이알루로네이트다이메틸실란올, 소듐아세틸레이티드하이알루로네이트, 아스코빅애씨드, 비스-에칠헥실옥시페놀메톡시페닐트리아진, 아이소도데케인, 글리세릴스테아레이트, 포타슘세틸포스페이트, 폴리C10-30알킬아크릴레이트, 메틸프로판다이올, 다이메티콘/비닐다이메티콘크로스폴리머, 카보머, 폴리글리세릴-3메틸글루코오스다이스테아레이트, 에틸헥실글리세린, 글리세릴스테아레이트시트레이트, 암모늄아크릴로일다이메틸타우레이트/브이피코폴리머, 아크릴레이트/C10-30알킬아크릴레이트크로스폴리머"
"A000000224475","[24시간 톤보정/예쁜속광] 아떼 비건 릴리프 톤업 선 에센스 50ml 기획 (베이지/핑크)","아떼","50.0","50.0","ml","34000","24900","4980.0","정제수,티타늄디옥사이드,프로판다이올,부틸옥틸살리실레이트,아이소노닐아이소노나노에이트,C12-15알킬벤조에이트,다이부틸아디페이트,나이아신아마이드,디에칠아미노하이드록시벤조일헥실벤조에이트,다이아이소프로필세바케이트,1,2-헥산다이올,백미꽃추출물,접시꽃추출물,비파나무잎추출물,꽃송이버섯추출물,스피어민트추출물,에칠헥실트리아존,폴리하이드록시스테아릭애씨드,아이소도데케인,옥틸도데칸올,알루미늄하이드록사이드,메칠렌비스-벤조트리아졸릴테트라메칠부틸페놀,스테아릭애씨드,폴리메틸실세스퀴옥세인,암모늄폴리아크릴로일다이메틸타우레이트,하이드록시아세토페논,폴리C10-30알킬아크릴레이트,폴리글리세릴-3메틸글루코오스다이스테아레이트,폴리글리세릴-4아이소스테아레이트,아이소프로필티타늄트라이아이소스테아레이트,아크릴레이트/C10-30알킬아크릴레이트크로스폴리머,폴리글리세릴-2다이폴리하이드록시스테아레이트,포타슘세틸포스페이트,트로메타민,데실글루코사이드,폴리아크릴레이트크로스폴리머-6,아데노신,하이드록시프로필메틸셀룰로오스스테아록시에터,부틸렌글라이콜,글리세린,실리카,에틸헥실글리세린,엑토인,글루타티온,하이드록시에틸우레아,베타-글루칸,하이드로제네이티드레시틴,폴리글리세릴-10스테아레이트,판테놀,소듐아스코빌포스페이트,바이오틴,피리독신,사이아노코발아민,토코페롤,베타-카로틴,리보플라빈,티아민에이치씨엘,베헤닐알코올,다이소듐이디티에이,잔탄검,향료,황색산화철,적색산화철,흑색산화철"
"A000000181351","에스트라 더마UV365 레드진정 톤업 선크림 40ml","에스트라","40.0","40.0","ml","31000","24800","6200.0","정제수, 부틸렌글라이콜, 글리세린, 디에칠아미노하이드록시벤조일헥실벤조에이트, 호모살레이트, 에칠헥실살리실레이트, 메틸트라이메티콘, 부틸옥틸살리실레이트, 티타늄디옥사이드, C12-15알킬벤조에이트, 비스-에칠헥실옥시페놀메톡시페닐트리아진, 폴리실리콘-15, 티타늄디옥사이드 (CI 77891), 1,2-헥산다이올, 세테아릴알코올, 실리카, 폴리C10-30알킬아크릴레이트, 하이드록시에틸아크릴레이트/소듐아크릴로일다이메틸타우레이트코폴리머, 알루미늄스테아레이트, 알루미나, 스테아릭애씨드, 폴리하이드록시스테아릭애씨드, 아크릴레이트/C10-30알킬아크릴레이트크로스폴리머, 알란토인, 글리세릴스테아레이트, 하이드로제네이티드레시틴, 카프릴릴글라이콜, 에틸헥실글리세린, 트로메타민, 알루미늄하이드록사이드, 폴리글리세릴-3메틸글루코오스다이스테아레이트, 팔미틱애씨드, 다이소듐이디티에이, 트라이에톡시카프릴릴실레인, 솔비탄아이소스테아레이트, 적색산화철, 하이드롤라이즈드하이알루로닉애씨드, 세라마이드엔피, 황색산화철, 미리스틱애씨드, 라우릭애씨드, 토코페롤"
"A000000206827","에스트라 더마UV365 레드진정 톤업 선크림 40ml 기획 (+무기자차 선크림 20ml)","에스트라","40.0","60.0","ml","31000","24800","4133.3","정제수, 부틸렌글라이콜, 글리세린, 디에칠아미노하이드록시벤조일헥실벤조에이트, 호모살레이트, 에칠헥실살리실레이트, 메틸트라이메티콘, 부틸옥틸살리실레이트, 티타늄디옥사이드, C12-15알킬벤조에이트, 비스-에칠헥실옥시페놀메톡시페닐트리아진, 폴리실리콘-15, 티타늄디옥사이드 (CI 77891), 1,2-헥산다이올, 세테아릴알코올, 실리카, 폴리C10-30알킬아크릴레이트, 하이드록시에틸아크릴레이트/소듐아크릴로일다이메틸타우레이트코폴리머, 알루미늄스테아레이트, 알루미나, 스테아릭애씨드, 폴리하이드록시스테아릭애씨드, 아크릴레이트/C10-30알킬아크릴레이트크로스폴리머, 알란토인, 글리세릴스테아레이트, 하이드로제네이티드레시틴, 카프릴릴글라이콜, 에틸헥실글리세린, 트로메타민, 알루미늄하이드록사이드, 폴리글리세릴-3메틸글루코오스다이스테아레이트, 팔미틱애씨드, 다이소듐이디티에이, 트라이에톡시카프릴릴실레인, 솔비탄아이소스테아레이트, 적색산화철, 하이드롤라이즈드하이알루로닉애씨드, 세라마이드엔피, 황색산화철, 미리스틱애씨드, 라우릭애씨드, 토코페롤"
"A000000224039","하우스오브비 글루타티온 선 앰플","하우스오브비","","","","34000","23000","","정제수, 다이부틸아디페이트, 부틸옥틸살리실레이트, 에칠헥실트리아존, 디에칠아미노하이드록시벤조일헥실벤조에이트, 프로판다이올, 나이아신아마이드, 비스-에칠헥실옥시페놀메톡시페닐트리아진, 테레프탈릴리덴디캠퍼설포닉애씨드, 1,2-헥산다이올, 폴리글리세릴-3다이스테아레이트, 에틸헥실메톡시크릴렌, 글리세린, 브이피/헥사데센코폴리머, 판테놀, 폴리C10-30알킬아크릴레이트, 소듐폴리아크릴로일다이메틸타우레이트, 트로메타민, 암모늄폴리아크릴로일다이메틸타우레이트, 글루타티온(500ppm), 베타인, 하이드록시프로필메틸셀룰로오스스테아록시에터, 향료, 글리세릴스테아레이트시트레이트, 에틸헥실글리세린, 아데노신, t-부틸알코올, 하이드롤라이즈드하이알루로닉애씨드, 말토덱스트린, 아보카도열매추출물, 티옥틱애씨드, 유채스테롤,콜레스테롤, 피이지-5레이프씨드스테롤, 세테스-3, 세테스-5, 하이드로제네이티드레시틴, 소듐아스코빌포스페이트, 포타슘세틸포스페이트, 다이소듐이디티에이"
"A000000231940","유이크 톤업 선크림 그린 50ml 기획 (+수분선 20ml 증정)","유이크","50.0","70.0","ml","27000","21600","3085.7","[본품:그린] 정제수, 다이부틸아디페이트, 부틸옥틸살리실레이트, 에칠헥실트리아존, 프로판다이올, 메칠렌비스-벤조트리아졸릴테트라메칠부틸페놀, 메틸프로판다이올, 나이아신아마이드, 티타늄디옥사이드 (CI 77891), 디에칠아미노하이드록시벤조일헥실벤조에이트, 1,2-헥산다이올, 비스-에칠헥실옥시페놀메톡시페닐트리아진, 폴리글리세릴-3메틸글루코오스다이스테아레이트, 폴리글리세릴-3다이스테아레이트, 코코-카프릴레이트/카프레이트, 데실글루코사이드, 폴리아크릴레이트크로스폴리머-6, 세테아릴알코올, 암모늄아크릴로일다이메틸타우레이트/브이피코폴리머, 브이피/에이코신코폴리머, 소듐폴리아크릴로일다이메틸타우레이트, 크로뮴옥사이드그린 (CI 77288), 글리세린, 에틸헥실글리세린, 글리세릴스테아레이트시트레이트, 폴리글리세릴-6폴리하이드록시스테아레이트, 알루미늄하이드록사이드, 폴리글리세릴-6폴리리시놀리에이트, 아데노신, 트라이에톡시카프릴릴실레인, 황색산화철 (CI 77492), 다이프로필렌글라이콜, 소듐스테아로일글루타메이트, 잔탄검, 폴리글리세린-6, 폴리글리세릴-10올리에이트, 쿠티박테리움그라눌로숨발효추출여과물(0.01%), 병풀뿌리추출물, 병풀잎추출물, 병풀추출물, 펜틸렌글라이콜, 마데카소사이드, 부틸렌글라이콜, 석시닉애씨드, 판테놀, 아시아틱애씨드, 마데카식애씨드, 아시아티코사이드, 토코페롤, 아스코빌팔미테이트 
[증정:수분] 
정제수, 프로판다이올, 부틸옥틸살리실레이트, 다이부틸아디페이트, 에칠헥실트리아존, 테레프탈릴리덴디캠퍼설포닉애씨드, 나이아신아마이드, 폴리글리세릴-3다이스테아레이트, 트로메타민, 폴리메틸실세스퀴옥세인, 1,2-헥산다이올, 펜틸렌글라이콜, 디에칠아미노하이드록시벤조일헥실벤조에이트, 세테아릴알코올, 카프릴릴메티콘, 폴리실리콘-15, 글리세릴스테아레이트, 비스-에칠헥실옥시페놀메톡시페닐트리아진, 포타슘세틸포스페이트, 메틸프로판다이올, 소듐아크릴레이트크로스폴리머-2, 팔미틱애씨드, 카보머, 스테아릭애씨드, 글리세릴스테아레이트시트레이트, 판테놀, 쿠티박테리움 그라눌로숨발효추출여과물(979 ppm), 아크릴레이트/C10-30알킬아크릴레이트크로스폴리머, 사카라이드아이소머레이트, 에틸헥실글리세린, 아데노신, 암모늄아크릴로일다이메틸타우레이트/브이피
코폴리머, 폴리에터-1, 미리스틱애씨드, 석시닉애씨드, 소듐시트레이트, 시트릭애씨드, 바이오사카라이드검-1, 토코페롤"
"A000000180775","[꿈돌이 콜라보/파데프리] 듀이트리 어반쉐이드 커버 앤 핏 선 40ml 1+1 기획 (+꿈돌이 퍼프)","듀이트리","40.0","80.0","ml","24000","20500","2562.5","정제수, 티타늄디옥사이드, 페닐트라이메티콘, 부틸렌글라이콜, 부틸옥틸살리실레이트, 사이클로펜타실록세인, 글리세린, 아이소도데케인, 폴리글리세릴-4다이아이소스테아레이트/폴리하이드록시스테아레이트/세바케이트, 부틸렌글라이콜다이카프릴레이트/다이카프레이트, 나이아신아마이드, 다이메티콘, 폴리메틸메타크릴레이트, 폴리글리세릴-3폴리리시놀리에이트, 폴리메틸실세스퀴옥세인, 소듐클로라이드, 황색산화철, 다이스테아다이모늄헥토라이트, 트라이메틸실록시실리케이트, 다이메티콘/비닐다이메티콘크로스폴리머, 솔비탄아이소스테아레이트, 알루미늄하이드록사이드, 솔비탄세스퀴올리에이트, 합성비즈왁스, 마이카, 프로판다이올, 쇠비름추출물, 스테아릭애씨드, 판테놀, 다이실록세인, 트라이에톡시카프릴릴실레인, 소듐벤조에이트, 적색산화철, 트라이메틸실록시실리케이트/다이메티콘올크로스폴리머, 프로필렌카보네이트, 포타슘솔베이트, 실리카, 자작나무수액, 폴리하이드록시스테아릭애씨드, 불가리스쑥오일, 다이소듐이디티에이, 흑색산화철, 아데노신, 다이소듐스테아로일글루타메이트, 에틸헥실팔미테이트, 아이소프로필미리스테이트, 아이소스테아릭애씨드, 레시틴, 하이알루로닉애씨드, 하이드롤라이즈드하이알루로닉애씨드, 소듐하이알루로네이트, 1,2-헥산다이올, 바오밥나무씨추출물, 쇠뜨기추출물, 올리브나무잎추출물, 크랜베리추출물, 프룩탄, 회화나무꽃추출물"
"A000000208692","[남성 전용 선크림] 아이오페 맨 컴파운드 선스크린 50ml","아이오페","50.0","50.0","ml","28000","19600","3920.0","정제수, 부틸렌글라이콜, 글리세린, 디에칠아미노하이드록시벤조일헥실벤조에이트, 호모살레이트, 에칠헥실살리실레이트,
다이부틸아디페이트, 티타늄디옥사이드, 메틸트라이메티콘, C12-15알킬벤조에이트, 비스-에칠헥실옥시페놀메톡시페닐트리아진,
나이아신아마이드, 폴리실리콘-15, 실리카, 1,2-헥산다이올, 세테아릴알코올, 폴리C10-30알킬아크릴레이트,
하이드록시에틸아크릴레이트/소듐아크릴로일다이메틸타우레이트코폴리머, 알루미늄스테아레이트, 알루미나, 스테아릭애씨드,
폴리하이드록시스테아릭애씨드, 아크릴레이트/C10-30알킬아크릴레이트크로스폴리머, 글리세릴스테아레이트, 향료,
하이드로제네이티드레시틴, 글리세릴카프릴레이트, 트로메타민, 폴리글리세릴-3메틸글루코오스다이스테아레이트, 팔미틱애씨드,
다이소듐이디티에이, 에틸헥실글리세린, 솔비탄아이소스테아레이트, 페룰릭애씨드, 티타늄디옥사이드 (CI 77891), 미리스틱애씨드,
라우릭애씨드, 아크릴레이트/브이피코폴리머, 토코페롤"
"A000000120975","[보습장벽/판테놀] 로벡틴 인텐스 모이스처 선크림 50ml (딥 모이스처)","로벡틴","50.0","50.0","ml","29000","18850","3770.0","정제수, 징크옥사이드, 사이클로헥사실록세인, 부틸옥틸살리실레이트, 프로판다이올, 프로필헵틸카프릴레이트, 티타늄디옥사이드, 아이소도데케인, 다이카프릴릴에터, 폴리글리세릴-4다이아이소스테아레이트/폴리하이드록시스테아레이트/세바케이트, 나이아신아마이드, 카프릴릴메티콘, 풍선덩굴꽃/잎/덩굴추출물, 에키움 플란타기네움씨오일, 다이스테아다이모늄헥토라이트, 마그네슘설페이트, 스테아릭애씨드, 알루미늄하이드록사이드, 트라이에톡시카프릴릴실레인, 폴리글리세릴-3폴리다이메틸실록시에틸다이메티콘, 폴리메틸실세스퀴옥세인, 1,2-헥산다이올, 아데노신, 다이카프릴릴카보네이트, 마이카, 토코페롤, 글리세린, 옥틸도데칸올, 판테놀, 해바라기씨오일불검화물, 글리세릴카프릴레이트, 에틸렌브라실레이트, 카프릴릴글라이콜, 메틸다이하이드로자스모네이트, 에틸헥실글리세린, 페네틸알코올, 라즈베리케톤, 리날릴아세테이트, 황색산화철, 흑색산화철"
"A000000247719","[7월올영픽/촉촉물먹선] 브링그린 징크테카 파이토 선 젤 50ml 기획","브링그린","50.0","50.0","ml","23000","19700","3940.0","정제수, 다이부틸아디페이트, 부틸렌글라이콜, 프로판다이올, 에칠헥실트리아존, 부틸옥틸살리실레이트, 디에칠아미노하이드록시벤조일헥실벤조에이트, 나이아신아마이드, 드로메트리졸트리실록산, 메칠렌비스-벤조트리아졸릴테트라메칠부틸페놀, 카프릴릴메티콘, 펜틸렌글라이콜, 다이아이소프로필세바케이트, 1,2-헥산다이올, 폴리C10-30알킬아크릴레이트, 폴리글리세릴-3메틸글루코오스다이스테아레이트, 실리카, 데실글루코사이드, 세테아릴알코올, 트로메타민, 에톡시다이글라이콜, 하이드록시아세토페논, 아크릴레이트/C10-30알킬아크릴레이트크로스폴리머, 카보머, 세틸알코올, 하이드로제네이티드캐스터오일/세바식애씨드코폴리머, 에틸헥실글리세린, 소듐스테아로일글루타메이트, 아데노신, 글리세린, 옥틸도데칸올, 아시아티코사이드(160ppm), 하이드로제네이티드레시틴, 잔탄검, 글라이코리피드, 마데카식애씨드(120ppm), 아시아틱애씨드(120ppm), 징크피씨에이(100ppm), 폴리아크릴레이트크로스폴리머-6, C12-13알케스-9, 판테놀, 토코페롤, 마카다미아씨오일, 세라마이드엔피, 병풀추출물, 피토스핑고신, 참마뿌리추출물, 몰로키아잎추출물, 연꽃뿌리추출물, 오크라열매추출물, 신선초추출물"
"A000000253396","오브제 액티브 스웨트프루프 선크림 50ml","오브제","50.0","50.0","ml","22500","17900","3580.0","정제수, 다이부틸아디페이트, 부틸렌글라이콜, 에칠헥실트리아존, C12-15알킬벤조에이트, 테레프탈릴리덴디캠퍼설포닉애씨드, 나이아신아마이드, 다이아이소부틸아디페이트, 디에칠아미노하이드록시벤조일헥실벤조에이트, 트로메타민, 비스-에칠헥실옥시페놀메톡시페닐트리아진, 실리카, 펜틸렌글라이콜, 1,2-헥산다이올, 카프릴릴메티콘, 폴리글리세릴-6스테아레이트, 다이메티콘/비닐다이메티콘크로스폴리머, 세테아릴알코올, 글리세릴스테아레이트, 멘틸피씨에이, 포타슘세틸포스페이트, 소듐폴리아크릴로일다이메틸타우레이트, 소듐아크릴레이트/소듐아크릴로일다이메틸타우레이트코폴리머, 하이드로제네이티드캐스터오일다이머다이리놀레에이트, 암모늄아크릴로일다이메틸타우레이트/베헤네스-25메타크라일레이트크로스폴리머, C15-19알케인, 암모늄스타이렌/아크릴레이트코폴리머, 다이펜타에리스리틸트라이-폴리하이드록시스테아레이트, 카프릴릴글라이콜, 하이드록시프로필메틸셀룰로오스스테아록시에터, 폴리글리세릴-6베헤네이트, 에틸헥실글리세린, 아데노신, 라우릴글루코사이드, 글리세린, 다시마추출물, 알로에베라잎추출물, 참마뿌리추출물, 당느릅나무뿌리추출물, 제비꽃꽃추출물, 토코페롤, 알지닌, 마그네슘설페이트, 바이오틴, 카페인, 판테놀, 사이아노코발아민, 티타늄디옥사이드, 알루미늄하이드록사이드, 글라이신, 세린, 글루타믹애씨드, 덱스트린팔미테이트, 아이소프로필티타늄트라이아이소스테아레이트, 아스파틱애씨드, 류신, 타우린, 알라닌, 라이신, 타이로신, 페닐알라닌, 발린, 트레오닌, 프롤린, 아이소류신, 히스티딘, 메티오닌, 시스테인"
"A000000181703","[생기촉촉] 라운드랩 자작나무 수분 톤업선크림 50ml 기획 (+클렌저 20ml)","라운드랩","50.0","70.0","ml","25000","17500","2500.0","[본품 : 자작나무 수분 톤업 선크림]
정제수, 프로판다이올, 다이부틸아디페이트, 티타늄디옥사이드 (CI 77891), 비스-에칠헥실옥시페놀메톡시페닐트리아진, 부틸렌글라이콜, 디에칠아미노하이드록시벤조일헥실벤조에이트, 메틸트라이메티콘, 부틸옥틸살리실레이트, 나이아신아마이드, 페네틸벤조에이트, 아이소노닐아이소노나노에이트, 폴리메틸실세스퀴옥세인, 1,2-헥산다이올, 자작나무수액, 소듐하이알루로네이트, 하이알루로닉애씨드, 글리세릴글루코사이드, 개똥쑥추출물, 캐모마일꽃오일, 구주소나무잎오일, 알란토인, 다이포타슘글리시리제이트, 판테놀, 녹차씨오일, 효모발효추출물, 칸디다 봄비콜라/글루코오스/메틸레이프씨데이트발효물, 에칠헥실트리아존, 펜틸렌글라이콜, 폴리글리세릴-3메틸글루코오스다이스테아레이트, 폴리실리콘-15, 스테아릭애씨드, 팔미틱애씨드, 폴리하이드록시스테아릭애씨드, 포타슘세틸포스페이트, 알루미늄하이드록사이드, 글리세릴스테아레이트, 하이드록시아세토페논, 폴리C10-30알킬아크릴레이트, 아이소도데케인, 옥틸도데칸올, 아크릴레이트/C10-30알킬아크릴레이트크로스폴리머, 하이드록시에틸아크릴레이트/소듐아크릴로일다이메틸타우레이트코폴리머, 트로메타민, 하이드로제네이티드레시틴, 비닐다이메티콘/메티콘실세스퀴옥세인크로스폴리머, 폴리글리세릴-4아이소스테아레이트, 폴리글리세릴-2다이폴리하이드록시스테아레이트, 아이소프로필티타늄트라이아이소스테아레이트, 아데노신, 소듐폴리아크릴레이트, 솔비탄아이소스테아레이트, 폴리메틸메타크릴레이트, 글리세릴카프릴레이트, 글리세린, 아스코빅애씨드, C12-16알코올, 세테아릴알코올, 다이소듐이디티에이, 황색산화철 (CI 77492), 적색산화철 (CI 77491), 흑색산화철 (CI 77499)

[증정품 : 자작나무 수분 클렌저]
정제수, 글리세린, 소듐코코일알라니네이트, 라우릴하이드록시설테인, 다이소듐코코암포다이아세테이트, 소듐메틸코코일타우레이트, 아크릴레이트/C10-30알킬아크릴레이트크로스폴리머, 자작나무수액(10,000ppm), 부틸렌글라이콜, 소듐하이알루로네이트, 하이알루로닉애씨드, 소듐클로라이드, 글리세릴글루코사이드, 아스코빅애씨드, 1,2-헥산다이올, 개똥쑥추출물, 캐모마일꽃오일, 구주소나무잎오일, 퀼라자껍질추출물, 카프릴릴글라이콜, 코코-글루코사이드, 글리세릴카프릴레이트, 소듐코코일이세티오네이트, 헥실렌글라이콜, 시트릭애씨드, 다이소듐이디티에이"
"A000000248224","[화잘먹/촉촉산뜻] 아비브 수분초 히알루론 선세럼 워터리 튜브 50ml","아비브","50.0","50.0","ml","25000","17500","3500.0","정제수, 프로판다이올, 다이부틸아디페이트, 비스-에칠헥실옥시페놀메톡시페닐트리아진, 부틸옥틸살리실레이트, 디에칠아미노하이드록시벤조일헥실벤조에이트, 에칠헥실트리아존, 폴리실리콘-15, 폴리메틸실세스퀴옥세인, 다이아이소프로필세바케이트, 나이아신아마이드, 코코-카프릴레이트/카프레이트, 1,2-헥산다이올, 메칠렌비스-벤조트리아졸릴테트라메칠부틸페놀, 부틸렌글라이콜, 펜틸렌글라이콜, 돌나물추출물(5,000 ppm), 판테놀, 솔비톨, 베헤닐알코올, 폴리글리세릴-3메틸글루코오스다이스테아레이트, 소듐폴리아크릴로일다이메틸타우레이트, 데실글루코사이드, 아크릴레이트/C10-30알킬아크릴레이트크로스폴리머, 폴리C10-30알킬아크릴레이트, 폴리아크릴레이트크로스폴리머-6, 트로메타민, 소듐스테아로일글루타메이트, 에틸헥실글리세린, 아데노신, 글리세린, 잔탄검, 토코페롤, 사카라이드아이소머레이트, 다이포타슘포스페이트, 소듐하이알루로네이트(0.0012 ppm), 아세틸글루타민, 버지니아풍년화추출물, 시트릭애씨드, 소듐시트레이트, 셀룰로오스검"
"A000000248736","[여배우선크림/화잘먹 고급광] 메디큐브 콜라겐 글로우 선크림 50ml","메디큐브","50.0","50.0","ml","25000","17500","3500.0","정제수, 다이부틸아디페이트, 프로판다이올, 부틸옥틸살리실레이트,1,2-헥산다이올, C12-15알킬벤조에이트, 에칠헥실트리아존, 나이아신아마이드, 비스-에칠헥실옥시페놀메톡시페닐트리아진, 메칠렌비스-벤조트리아졸릴테트라메칠부틸페놀, 디에칠아미노하이드록시벤조일헥실벤조에이트, 아이소노닐아이소노나노에이트, 실리카, 포타슘세틸포스페이트, 아크릴레이트/스테아릴아크릴레이트/다이메티콘메타크릴레이트코폴리머, 베헤닐알코올, 다이페닐실록시페닐트라이메티콘, 세테아릴알코올, 트로메타민, 아크릴레이트/C10-30알킬아크릴레이트크로스폴리머, 폴리C10-30알킬아크릴레이트, 하이드록시프로필셀룰로오스, 에톡시메틸글루코사이드, 에틸헥실글리세린, 메틸프로판다이올,
폴리에터-1, 아데노신, 글리세린, 다이소듐이디티에이, 솔비탄아이소스테아레이트, 잔탄검, 사이아노코발아민, 부틸렌글라이콜, 하이드롤라이즈드콜라겐(3 ppm), 세라마이드엔피, 엑토인, 스쿠알란, 토코페롤, 베타-글루칸, 소듐디엔에이, 소듐하이알루로네이트, 수용성콜라겐(0.1 ppm), 병풀추출물, 티트리잎추출물, 아세틸헥사펩타이드-8, 아세틸테트라펩타이드-3, 알지닌/라이신폴리펩타이드, 카퍼트라이펩타이드-1,
다이펩타이드-2, 헥사펩타이드-11, 노나펩타이드-1, 올리고펩타이드-1, 팔미토일헥사펩타이드-12, 팔미토일펜타펩타이드-4, 팔미토일테트라펩타이드-7, 팔미토일트라이펩타이드-1, 팔미토일테트라펩타이드-1, 아시아틱애씨드, 아시아티코사이드, 마데카식애씨드, 마데카소사이드"
"A000000242582","오데어 엔더믹 EGF 앰플 선세럼 45ml","오데어","45.0","45.0","ml","41000","34850","7744.4","정제수,다이부틸아디페이트,부틸렌글라이콜,부틸옥틸살리실레이트,글리세린,프로판다이올,에칠헥실트리아존,디에칠아미노하이드록시벤조일헥실벤조에이트,C12-15알킬벤조에이트,나이아신아마이드,드로메트리졸트리실록산,메칠렌비스-벤조트리아졸릴테트라메칠부틸페놀,1,2-헥산다이올,비스-에칠헥실옥시페놀메톡시페닐트리아진,하이드로제네이티드폴리아이소부텐,다이에틸헥실2,6-나프탈레이트,마이크로크리스탈린셀룰로오스,트로메타민,합성플루오르플로고파이트,데실글루코사이드,카보머,폴리아크릴레이트크로스폴리머-6,폴리우레탄-15,소듐스테아로일글루타메이트,잔탄검,에틸헥실글리세린,알루미나,아데노신,마이카,틴옥사이드,실리카,토코페롤,에스에이치-올리고펩타이드-1(0.00002%)석류과피추출물,하이드롤라이즈드콜라겐,하이드록시에틸셀룰로오스,티타늄디옥사이드 (CI 77891),적색산화철,향료"
"A000000251918","[저자극파데프리] 브링그린 징크테카 파이토 BB 선 50mL 기획","브링그린","50.0","50.0","ml","23000","16100","3220.0","정제수, 티타늄디옥사이드, 다이메티콘, 글리세린, 페닐트라이메티콘, 카프릴릭/카프릭트라이글리세라이드, 라우릴폴리글리세릴-3폴리다이메틸실록시에틸다이메티콘, 네오펜틸글라이콜다이헵타노에이트, 프로판다이올, 나이아신아마이드, C12-15알킬벤조에이트, 메틸트라이메티콘, 하이드로제네이티드폴리데센, 다이스테아다이모늄헥토라이트, 마그네슘설페이트, 펜틸렌글라이콜, 다이카프릴릴카보네이트, 폴리글리세릴-5폴리리시놀리에이트, 황색산화철, 폴리하이드록시스테아릭애씨드, 세틸다이메티콘, 알루미나, 스테아릭애씨드, 다이메티콘/비닐다이메티콘크로스폴리머, 트라이하이드록시스테아린, 합성플루오르플로고파이트, 글리세릴카프릴레이트, 카프릴릴글라이콜, 알루미늄하이드록사이드, 적색산화철, 트라이에톡시카프릴릴실레인, 에틸헥실글리세린, 흑색산화철, 에톡시다이글라이콜, 아데노신, 징크피씨에이*(100ppm), 옥틸도데칸올, 아시아티코사이드*(36ppm), 하이드로제네이티드레시틴, 글라이코리피드, 마데카식애씨드*(27ppm), 아시아틱애씨드*(27ppm), 1,2-헥산다이올, C12-13알케스-9, 토코페롤, 판테놀, 쌀겨오일, 부틸렌글라이콜, 마카다미아씨오일, 세라마이드엔피, 병풀추출물, 피토스핑고신, 참마뿌리추출물, 몰로키아잎추출물, 연꽃뿌리추출물, 오크라열매추출물, 신선초추출물"
"A000000259024","에스쁘아 워터 스플래쉬 선크림 탠글로우 50ml","에스쁘아","50.0","50.0","ml","20000","16000","3200.0","정제수, 징크옥사이드, 다이부틸아디페이트, 프로판다이올, 코코-카프릴레이트/카프레이트, 부틸옥틸살리실레이트, 폴리글리세릴-4다이아이소스테아레이트/폴리하이드록시스테아레이트/세바케이트, 프로필헵틸카프릴레이트, 글리세린, 합성플루오르플로고파이트, 나이아신아마이드, 실리카, 마이카, 다이스테아다이모늄헥토라이트, 마그네슘설페이트, 비스-에칠헥실옥시페놀메톡시페닐트리아진, 에칠헥실트리아존, 디에칠아미노하이드록시벤조일헥실벤조에이트, 폴리글리세릴-3폴리다이메틸실록시에틸다이메티콘, 아크릴레이트코폴리머, 적색산화철, 트라이에톡시카프릴릴실레인, 세틸다이메티콘, 티타늄디옥사이드 (CI 77891), 하이드로제네이티드폴리데센, 폴리글리세릴-2다이폴리하이드록시스테아레이트, 아스퍼질러스발효물, 카프릴릴글라이콜, 황색산화철, 글리세릴카프릴레이트, 흑색산화철, 에틸헥실글리세린, 아데노신, 다이소듐이디티에이, 부틸렌글라이콜, 1,2-헥산다이올, 토코페롤, 드럼스틱씨추출물, 붉은토끼풀꽃추출물, 빌베리열매추출물, 워터히솝추출물"
"A000000228263","[1+1/강력방수 선크림] 비레디 스웻프루프 선크림 듀오","비레디","","","","37000","33300","","정제수, 다이부틸아디페이트, 비스-에칠헥실옥시페놀메톡시페닐트리아진, C12-15알킬벤조에이트, 부틸렌글라이콜, 에칠헥실트리아존, 변성알코올, 나이아신아마이드, 디에칠아미노하이드록시벤조일헥실벤조에이트, 폴리실리콘-15, 다이에틸헥실석시네이트, 티타늄디옥사이드, 폴리글리세릴-10스테아레이트, 베헤닐알코올, 소듐메틸스테아로일타우레이트, 1,2-헥산다이올, 실리카, 다이페닐실록시페닐트라이메티콘, 스테아릭애씨드, 하이드록시에틸아크릴레이트/소듐아크릴로일다이메틸타우레이트코폴리머, 폴리아크릴레이트크로스폴리머-6, 소듐폴리아크릴로일다이메틸타우레이트, 아라키딜알코올, 알루미늄하이드록사이드, 카프릴릴글라이콜, 글리세린, 에틸헥실글리세린, 시트릭애씨드, 멘톡시프로판다이올, 아라키딜글루코사이드, 소듐시트레이트, 아데노신, 구아이아줄렌, 이눌린라우릴카바메이트, 폴리에터-1, 향료, 솔비탄아이소스테아레이트, 타우린, 소듐메타포스페이트, 에탄올, 마트리카리아꽃추출물, 프로판다이올, 말라카이트추출물, 소듐하이알루로네이트, 토코페롤, 다이소듐이디티에이, 하이드롤라이즈드하이알루로닉애씨드, 소듐하이알루로네이트크로스폴리머, 피씨에이, 락틱애씨드, 글루코오스, 하이알루로닉애씨드, 글라이신, 우레아, 소듐글리세로포스페이트, 세린, 글루타믹애씨드, 포타슘마네슘아스파테이트, 아스파틱애씨드, 류신, 소듐클로라이드, 알라닌, 라이신, 알지닌, 칼슘글루코네이트, 마그네슘글루코네이트, 타이로신, 페닐알라닌, 프롤린, 트레오닌, 발린, 아이소류신, 소듐아세틸레이티드하이알루로네이트, 히스티딘, 아세틸글루코사민, 시스테인, 크레아틴, 우릭애씨드, 메티오닌"
"A000000248564","헤라 UV프로텍터 SPF50+PA4+ 톤업 라벤더 40ml/50ml 기획/단품","헤라","40.0","90.0","ml","40000","32400","3600.0","정제수, 카프릴릭/카프릭트라이글리세라이드, 부틸렌글라이콜, 글리세린, 다이메티콘, 토코페롤, 토코페릴아세테이트, 트레할로오스, 시어버터, 판테놀, 돌콩오일, 암모늄아크릴로일다이메틸타우레이트/브이피코폴리머, 글리세릴폴리메타크릴레이트, 카르노신, 폴리실리콘-11, 해바라기씨오일, 하이드록시에틸아크릴레이트/소듐아크릴로일다이메틸타우레이트코폴리머, 하이드로제네이티드레시틴, 폴리글리세릴-10스테아레이트, 쌀겨왁스, 세테아릴알코올, 카보머, 향료, 소듐설파이트, 나이아신아마이드, 트로메타민, 당근추출물, 레티놀(0.1%), 알란토인, 글리세릴카프릴레이트, 글리세릴스테아레이트, 에틸헥실글리세린, 소듐메타포스페이트, 아데노신, 스테아릭애씨드, 폴리글리세릴-3메틸글루코오스다이스테아레이트, 팔미틱애씨드, 솔비탄아이소스테아레이트, 프로판다이올, 1,2-헥산다이올, 소듐하이알루로네이트, 베타-카로틴, 하이드롤라이즈드식물성단백질, 잔탄검, 미리스틱애씨드, 하이드롤라이즈드하이알루로닉애씨드, 라우릭애씨드, 소듐하이알루로네이트크로스폴리머, 하이알루로닉애씨드, 소듐아세틸레이티드하이알루로네이트, 수용성콜라겐"
"A000000217191","포트레 워터 베일 선크림 50ml","포트레","50.0","50.0","ml","","32000","6400.0","정제수,프로판다이올,에칠헥실살리실레이트,호모살레이트,부틸옥틸살리실레이트,폴리메틸실세스퀴옥세인,다이부틸아디페이트,나이아신아마이드,비스-에칠헥실옥시페놀메톡시페닐트리아진,메칠렌비스-벤조트리아졸릴테트라메칠부틸페놀,메틸트라이메티콘,폴리실리콘-15,디에칠아미노하이드록시벤조일헥실벤조에이트,1,2-헥산다이올,부틸렌글라이콜,펜틸렌글라이콜,녹차추출물,병풀추출물,프렌치로즈꽃추출물,씨대퍼딜추출물,작약꽃추출물,소듐하이알루로네이트,아르간커넬오일,하이드로제네이티드레시틴,폴리C10-30알킬아크릴레이트,베헤닐알코올,폴리글리세릴-3메틸글루코오스다이스테아레이트,글리세린,트로메타민,데실글루코사이드,카보머,아크릴레이트/C10-30알킬아크릴레이트크로스폴리머,소듐스테아로일글루타메이트,폴리아크릴레이트크로스폴리머-6,에틸헥실글리세린,스쿠알란,다이메티콘,아데노신,하이드로제네이티드폴리아이소부텐,소듐폴리아크릴레이트,아이소노닐아이소노나노에이트,폴리글리세릴-10스테아레이트,프로필렌글라이콜,세테아릴알코올,스테아릭애씨드,시어버터,폴리글리세릴-2다이폴리하이드록시스테아레이트,잔탄검,폴리에터-1,이눌린라우릴카바메이트,다이소듐스테아로일글루타메이트,판테놀,토코페롤,메틸프로판다이올,하이드롤라이즈드하이알루로닉애씨드,소듐아세틸레이티드하이알루로네이트"
"A000000259638","더파이 피디알엔 리페어 선 50ml","더파이에센셜","50.0","50.0","ml","24500","15100","3020.0","정제수, 징크옥사이드 (CI 77947), 프로필헵틸카프릴레이트, 프로판다이올, 부틸옥틸살리실레이트, 펜틸렌글라이콜, 에틸헥실메톡시크릴렌, 메틸하이드로제네이티드로지네이트, 나이아신아마이드, 하이드로제네이티드에틸헥실올리베이트, 글리세릴스테아레이트시트레이트, 하이드로제네이티드올리브오일불검화물, 소듐하이알루로네이트, 탱자추출물, 아스퍼질러스발효물, 바실러스/폴릭애씨드발효여과추출물, 판테놀, 실리카, 트라이에톡시카프릴릴실레인, 폴리글리세릴-6스테아레이트, 폴리하이드록시스테아릭애씨드, 포타슘세틸포스페이트, 1,2-헥산다이올, 글리세린, 하이드록시에틸아크릴레이트/소듐아크릴로일다이메틸타우레이트코폴리머, 하이드록시프로필메틸셀룰로오스스테아록시에터, 소듐폴리아크릴로일다이메틸타우레이트, 폴리글리세릴-6베헤네이트, 메틸프로판다이올, 알란토인, 암모늄아크릴로일다이메틸타우레이트/베헤네스-25메타크라일레이트크로스폴리머, 에틸헥실글리세린, 폴리에터-1, 아데노신, 부틸렌글라이콜, 아세틸글루코사민, 바이오사카라이드검-1, 폴리글리세릴-10올리에이트, 하이드록시아세토페논, 소듐디엔에이(50ppm), 니코틴아마이드모노뉴클레오타이드(15ppm), 아데노신트라이포스페이트(7.5ppm), 니코틴아마이드아데닌다이뉴클레오타이드(7.5ppm), 소듐하이알루로네이트크로스폴리머, 카프릴릴글라이콜, 토코페롤, 레시틴, 아세틸글루타민, 에스에이치-올리고펩타이드-1, 에스에이치-올리고펩타이드-2, 에스에이치-폴리펩타이드-1, 에스에이치-폴리펩타이드-11, 에스에이치-폴리펩타이드-9, 세테아릴알코올"
"A000000217909","[1+1올영기획]닥터자르트 에브리 선 데이 마일드 선 30ml 1+1 기획세트","닥터자르트","30.0","60.0","ml","24000","14900","2483.3","정제수, 사이클로펜타실록세인, 징크옥사이드, 사이클로헥사실록세인, 티타늄디옥사이드, 부틸렌글라이콜, 다이메티콘, 피이지-10다이메티콘, 폴리메틸실세스퀴옥세인, 메틸메타크릴레이트크로스폴리머, 펜틸렌글라이콜, 베르가모트오일, 클레리오일, 카프릴릴글라이콜, 글리세린, 하이드롤라이즈드식물성단백질, 타임추출물, 부들레야추출물, 포타슘세틸포스페이트, 알루미늄하이드록사이드, 폴리하이드록시스테아릭애씨드, 하이드로젠다이메티콘, 하이드로제네이티드팜글리세라이드, 스테아릭애씨드, 하이드록시에틸아크릴레이트/소듐아크릴로일다이메틸타우레이트코폴리머, 소듐폴리아크릴레이트, 말토덱스트린, 리모넨, 리날룰, 제라니올, 다이소듐이디티에이, 페녹시에탄올"
"A000000162204","[톤업 선크림]닥터올가 프리미엄 썬 프로텍션 크림 60ml 기획(+30ml 증정)","닥터올가","60.0","90.0","ml","38000","30400","3377.8","알로에베라잎즙, 다이카프릴릴카보네이트, 징크옥사이드, 사이클로펜타실록세인, 티타늄디옥사이드, 사이클로헥사실록세인, 부틸렌글라이콜, 폴리글리세릴-3폴리다이메틸실록시에틸다이메티콘, 카프릴릭/카프릭트라이글리세라이드, 프로판다이올, 옥틸도데칸올, 글리세린, 스테아릭애씨드, 펜틸렌글라이콜, 비즈왁스, 1,2-헥산다이올, 마그네슘설페이트, 폴리글리세릴-2다이폴리하이드록시스테아레이트, 칸데릴라왁스, 알루미늄하이드록사이드, 알파-비사보롤, 자일리틸글루코사이드, 폴리글리세릴-3다이아이소스테아레이트, 글리세릴카프릴레이트, 안하이드로자일리톨, 정제수, 자일리톨, C30-45알킬세테아릴다이메티콘크로스폴리머, 병풀추출물, 호호바씨오일, 해바라기씨오일, 호박씨오일, 황색산화철, 소듐글루코네이트, 글루코오스, 에틸헥실글리세린, 잔탄검, 아데노신, 다이포타슘글리시리제이트, 적색산화철, 흰버드나무껍질추출물, 오레가노잎추출물, 편백잎추출물, 황금추출물, 장미꽃오일, 쇠비름추출물, 락토바실러스/콩발효추출물, 육계나무껍질추출물"
"A000000242876","[파데프리/기미개선]아이오페 UV쉴드 톤업 선 50ml 기획 (+톤업 선 15ml)","아이오페","50.0","65.0","ml","38000","30400","4676.9","정제수, 메틸트라이메티콘, 티타늄디옥사이드, 페닐트라이메티콘, 에칠헥실메톡시신나메이트,
부틸렌글라이콜, 카프릴릴메티콘, 라우릴피이지-10트리스(트라이메틸실록시)실릴에틸다이메티콘,
네오펜틸글라이콜다이헵타노에이트, 나이아신아마이드, 다이스테아다이모늄헥토라이트,
피이지-10다이메티콘, 다이메티콘, 아이소도데케인, 실리카, 소듐클로라이드,
메틸메타크릴레이트크로스폴리머, 폴리메틸실세스퀴옥세인, 티타늄디옥사이드 (CI 77891),
트라이메틸실록시실리케이트, 사이클로펜타실록세인, 알루미나, 아크릴레이트/
폴리트라이메틸실록시메타크릴레이트코폴리머, 1,2-헥산다이올, 피토스테릴/
옥틸도데실라우로일글루타메이트, 라우릴폴리글리세릴-3폴리다이메틸실록시에틸다이메티콘,
알루미늄하이드록사이드, 스테아릭애씨드, 폴리페닐실세스퀴옥세인, 다이메티콘/
폴리글리세린-3크로스폴리머, 글리세릴스테아레이트시트레이트, 아크릴레이트/다이메티콘코폴리머,
폴리메틸메타크릴레이트, 향료, 카프릴릴글라이콜, 시메티콘, 다이소듐이디티에이, 에틸헥실글리세린,
아데노신, 리모넨, 리날룰, 트라이에톡시카프릴릴실레인, 적색산화철, 페룰릭애씨드, 황색산화철,
시트로넬올, 다이프로필렌글라이콜, 비에이치티, 소듐시트레이트, 헥실신남알, 토코페롤"
"A000000154175","일리윤 저자극 이지워시 선크림 150ML","일리윤","150.0","150.0","ml","","29900","1993.3","정제수, 호모살레이트, 부틸렌글라이콜, 디에칠아미노하이드록시벤조일헥실벤조에이트, 에칠헥실살리실레이트, 글리세린, 페닐트라이메티콘, C12-15알킬벤조에이트, 실리카, 비스-에칠헥실옥시페놀메톡시페닐트리아진, 다이부틸아디페이트, 테레프탈릴리덴디캠퍼설포닉애씨드, 세테아릴알코올, 1,2-헥산다이올, 트로메타민, 포타슘세틸포스페이트, 글리세릴스테아레이트, 폴리아크릴레이트크로스폴리머-6, 아크릴레이트/C10-30알킬아크릴레이트크로스폴리머, 베헤닐알코올, 하이드로제네이티드레시틴, 글리세릴카프릴레이트, C12-15알코올, 황금추출물, 스테아릭애씨드, 인삼수, 폴리글리세릴-3메틸글루코오스다이스테아레이트, 팔미틱애씨드, 에틸헥실글리세린, 다이소듐이디티에이, 향료, 프로판다이올, T-부틸알코올, 시호뿌리추출물, 왜당귀뿌리추출물, 소엽맥문동뿌리추출물, 미리스틱애씨드, 라우릭애씨드, 병풀꽃/잎/줄기추출물, 토코페롤"
"A000000209913","[세정이 쉬운 무기자차] 제로이드 이지워시 마일드 선크림 50ml","제로이드","50.0","50.0","ml","32000","28800","5760.0","정제수, 징크옥사이드, 프로판다이올, 부틸렌글라이콜, 다이카프릴릴카보네이트, 카프릴릭/카프릭트라이글리세라이드, 벤조트라이아졸릴도데실p-크레솔, 폴리글리세릴-3다이스테아레이트, 카프릴릴메티콘, C12-15알킬벤조에이트, 1,2-헥산다이올, 펜틸렌글라이콜, 세테아릴알코올, 소듐하이알루로네이트, 폴리하이드록시스테아릭애씨드, 글리세릴스테아레이트, 소듐폴리아크릴로일다이메틸타우레이트, 하이드롤라이즈드호호바에스터, 트라이에톡시카프릴릴실레인, 글리세릴스테아레이트시트레이트, 폴리아크릴레이트크로스폴리머-6, 메틸프로판다이올, 잔탄검, 에틸헥실글리세린, 폴리에터-1, t-부틸알코올, 토코페롤, 미리스토일/팔미토일옥소스테아라마이드/아라카마이드엠이에이, 판테놀, 바이오사카라이드검-1, 마데카소사이드, 소듐아세틸레이티드하이알루로네이트, 소듐하이알루로네이트크로스폴리머, 포타슘하이알루로네이트, 하이드록시프로필트라이모늄하이알루로네이트, 하이드롤라이즈드하이알루로닉애씨드, 하이알루로닉애씨드"
"A000000225284","[한정기획] 딘시 프리미엄 비건 톤 업 선크림 50ml 더블기획 (+ 클렌징폼 40ml 증정)","딘시","50.0","90.0","ml","30000","28500","3166.7","정제수, 징크옥사이드, 다이부틸아디페이트, 사이클로헥사실록세인, 프로판다이올, 부틸옥틸살리실레이트, 다이카프릴릴카보네이트, 폴리글리세릴-4다이아이소스테아레이트/폴리하이드록시스테아레이트/세바케이트, 다이실록세인, 글리세린, 나이아신아마이드, 카프릴릴메티콘, 티타늄디옥사이드, 디에칠아미노하이드록시벤조일헥실벤조에이트, 비스-에칠헥실옥시페놀메톡시페닐트리아진, 에칠헥실트리아존, 페닐트라이메티콘, 스노우로투스추출물, 미역취추출물, 클로브싹추출물, 다시마추출물, 당느릅나무뿌리추출물, 별꽃추출물, 알로에베라잎추출물, 제비꽃꽃추출물, 참마뿌리추출물, 스피어민트추출물, 애플민트잎추출물, 워터민트추출물, 소듐하이알루로네이트, 하이드로제네이티드레시틴, 수용성콜라겐, 폴리글리세릴-3폴리다이메틸실록시에틸다이메티콘, 다이스테아다이모늄헥토라이트, 마그네슘설페이트, 메틸메타크릴레이트크로스폴리머, 트라이에톡시카프릴릴실레인, 1,2-헥산다이올, 부틸렌글라이콜, 폴리C10-30알킬아크릴레이트, 글리세릴카프릴레이트, 카프릴릴글라이콜, 마이카, 에틸헥실글리세린, 아데노신, 알루미늄하이드록사이드, 토코페롤, 폴리글리세릴-10스테아레이트, 락토바실러스발효물, 바이오사카라이드검-1, 소듐아스코빌포스페이트, 수크로오스, 토코페릴아세테이트, 판테놀, 효모발효여과물, 레티닐팔미테이트, 바이오틴, 사이아노코발아민, 티아민에이치씨엘, 폴릭애씨드, 피리독신, 향료, 적색산화철, 황색산화철"
"A000000225264","[톤업 선베이스] 연작 스킨 퍼펙팅 글로우 프렙 베이스 30ml","연작","30.0","30.0","ml","33000","28050","9350.0","정제수, 다이부틸아디페이트, 글리세린, 프로판다이올, 에칠헥실트리아존, 티타늄디옥사이드, 다이카프릴릴카보네이트, C12-15알킬벤조에이트, 비스-에칠헥실옥시페놀메톡시페닐트리아진, 변성알코올, 1,2-헥산다이올, 코코-카프릴레이트/카프레이트, 나이아신아마이드, 메칠렌비스-벤조트리아졸릴테트라메칠부틸페놀, 실리카, 베타인, 카프릴릭/카프릭/석시닉트라이글리세라이드, 펜틸렌글라이콜, 폴리우레탄-15, 폴리하이드록시스테아릭애씨드, 암모늄폴리아크릴로일다이메틸타우레이트, 부틸렌글라이콜, 스테아릭애씨드, 알루미늄하이드록사이드, 베헤닐알코올, 데실글루코사이드, 폴리아크릴레이트크로스폴리머-6, 합성플루오르플로고파이트, 소듐스테아로일글루타메이트, 아이소프로필티타늄트라이아이소스테아레이트, 에틸헥실글리세린, 자주개자리씨추출물, 카보머, 피브이엠/엠에이코폴리머, 토코페롤, 잔탄검, t-부틸알코올, 황차추출물, 락토바실러스/홍삼발효여과물, 락토바실러스/쌀발효물, 락토바실러스/콩발효추출물, 효모/율무씨발효여과물, 효모/감자추출물발효여과물, 황차카테킨, 티타늄디옥사이드 (CI 77891), 적색산화철, 황색산화철, 향료, 리모넨, 시트로넬올, 제라니올, 리날룰"
"A000000210545","[파데프리]프롬리에 5GF 톤업 선 앰플 비비 60g 4종 택1","프롬리에","60.0","60.0","g(약 1ml 상당으로 근사)","34000","28000","4666.7","[아이보리] 정제수, 티타늄디옥사이드, 에칠헥실메톡시신나메이트, 사이클로펜타실록세인, 사이클로메티콘, 사이클로헥사실록세인, 하이드로제네이티드폴리(C6-14올레핀), 프로필렌글라이콜, 글리세린, 세틸피이지/피피지-10/1다이메티콘, 피이지-10다이메티콘, 마이카, 다이메티콘, 알부틴, C12-15알킬벤조에이트, 병풀잎수, 에스에이치-올리고펩타이드-1, 에스에이치-올리고펩타이드-2, 에스에이치-폴리펩타이드-11, 에스에이치-폴리펩타이드-3, 에스에이치-폴리펩타이드-22, 판테놀, 알란토인, 쇠비름추출물, 장미추출물, 산수유열매추출물, 참마뿌리추출물, 질경이택사덩이줄기추출물, 복령추출물, 마트리카리아꽃추출물, 스타아니스추출물, 황금추출물, 트레할로오스, 1,2-헥산다이올, 부틸렌글라이콜, 소듐클로라이드, 오조케라이트, 다이스테아다이모늄헥토라이트, 솔비탄세스퀴올리에이트, 토코페릴아세테이트, 소듐하이알루로네이트, 레시틴, 소듐아스코빌포스페이트, 폴리솔베이트20, 알루미늄하이드록사이드, 메티콘, 스테아릭애씨드, 황색산화철, 적색산화철, 흑색산화철, 트라이에톡시카프릴릴실레인, 다이소듐이디티에이, 아데노신
[보라] 정제수, 페닐트라이메티콘, 사이클로펜타실록세인, 에칠헥실메톡시신나메이트, 부틸렌글라이콜, 메틸트라이메티콘, 징크옥사이드, 티타늄디옥사이드, 페닐벤즈이미다졸설포닉애씨드, 다이메티콘, 변성알코올, 라우릴피이지-8다이메티콘, 나이아신아마이드, 세틸피이지/피피지-10/1다이메티콘, 프로판다이올, 트로메타민, 피이지-9폴리다이메틸실록시에틸다이메티콘, 트라이메틸실록시실리케이트, 마그네슘설페이트, 울트라마린, 다이스테아다이모늄헥토라이트, 쇠비름추출물, 실리카, 솔비탄세스퀴올리에이트, 카프릴릴글라이콜, 다이메티콘크로스폴리머, 하이드로젠다이메티콘, 트라이에틸시트레이트, 트라이에톡시카프릴릴실레인, 글리세릴카프릴레이트, 소듐미리스토일글루타메이트, 에틸헥실글리세린, 라우로일라이신, 알루미늄하이드록사이드, 트라이소듐에틸렌다이아민다이석시네이트, 아데노신, 하이알루로닉애씨드, 하이드롤라이즈드하이알루로닉애씨드, 소듐하이알루로네이트, 적색산화철, 레시틴, 흑색산화철, 펜타에리스리틸테트라-다이-t-부틸하이드록시하이드로신나메이트, 1,2-헥산다이올, 폴리솔베이트20, 소듐아스코빌포스페이트, 다이소듐이디티에이, 에스에이치-올리고펩타이드-1, 에스에이치-올리고펩타이드-2, 에스에이치-폴리펩타이드-11, 에스에이치-폴리펩타이드-22, 에스에이치-폴리펩타이드-3
[올리브 그린] 정제수, 페닐트라이메티콘, 사이클로펜타실록세인, 에칠헥실메톡시신나메이트, 부틸렌글라이콜, 메틸트라이메티콘, 징크옥사이드, 티타늄디옥사이드, 페닐벤즈이미다졸설포닉애씨드, 다이메티콘, 변성알코올, 라우릴피이지-8다이메티콘, 나이아신아마이드, 세틸피이지/피피지-10/1다이메티콘, 프로판다이올, 트로메타민, 피이지-9폴리다이메틸실록시에틸다이메티콘, 트라이메틸실록시실리케이트, 마그네슘설페이트, 다이스테아다이모늄헥토라이트, 쇠비름추출물, 실리카, 솔비탄세스퀴올리에이트, 카프릴릴글라이콜, 다이메티콘크로스폴리머, 하이드로젠다이메티콘, 크로뮴옥사이드그린, 트라이에틸시트레이트, 글리세릴카프릴레이트, 트라이에톡시카프릴릴실레인, 소듐미리스토일글루타메이트, 에틸헥실글리세린, 라우로일라이신, 알루미늄하이드록사이드, 황색산화철, 트라이소듐에틸렌다이아민다이석시네이트, 아데노신, 하이알루로닉애씨드, 하이드롤라이즈드하이알루로닉애씨드, 소듐하이알루로네이트, 흑색산화철, 레시틴, 펜타에리스리틸테트라-다이-t-부틸하이드록시하이드로신나메이트, 1,2-헥산다이올, 폴리솔베이트20, 소듐아스코빌포스페이트, 다이소듐이디티에이, 에스에이치-올리고펩타이드-1, 에스에이치-올리고펩타이드-2, 에스에이치-폴리펩타이드-11, 에스에이치-폴리펩타이드-22, 에스에이치-폴리펩타이드-3
티에이, 아데노신		
[틸 블루] 정제수, 페닐트라이메티콘, 사이클로펜타실록세인, 에칠헥실메톡시신나메이트, 부틸렌글라이콜, 메틸트라이메티콘, 징크옥사이드, 티타늄디옥사이드, 페닐벤즈이미다졸설포닉애씨드, 다이메티콘, 변성알코올, 라우릴피이지-8다이메티콘, 나이아신아마이드, 세틸피이지/피피지-10/1다이메티콘, 프로판다이올, 트로메타민, 소듐클로라이드, 피이지-9폴리다이메틸실록시에틸다이메티콘, 마그네슘설페이트, 다이스테아다이모늄헥토라이트, 트라이메틸실록시실리케이트, 쇠비름추출물, 실리카, 솔비탄세스퀴올리에이트, 카프릴릴글라이콜, 다이메티콘크로스폴리머, 하이드로젠다이메티콘, 트라이에틸시트레이트, 글리세릴카프릴레이트, 트라이에톡시카프릴릴실레인, 소듐미리스토일글루타메이트, 크로뮴옥사이드그린, 에틸헥실글리세린, 울트라마린, 라우로일라이신, 알루미늄하이드록사이드, 트라이소듐에틸렌다이아민다이석시네이트, 아데노신, 하이알루로닉애씨드, 하이드롤라이즈드하이알루로닉애씨드, 소듐하이알루로네이트, 흑색산화철, 카올린, 레시틴, 펜타에리스리틸테트라-다이-t-부틸하이드록시하이드로신나메이트, 1,2-헥산다이올, 폴리솔베이트20, 소듐아스코빌포스페이트, 다이소듐이디티에이, 에스에이치-올리고"
"A000000248920","[문동주pick/프라이머썬] 아누아 제로캐스트 포어 블러링 매트 프라이머 선젤 50ml","아누아","50.0","50.0","ml","","28000","5600.0","아이소도데케인아이소프로필팔미테이트부틸옥틸살리실레이트호모살레이트메틸메타크릴레이트크로스폴리머옥토크릴렌에칠헥실살리실레이트다이메티콘/비스-아이소부틸피피지-20크로스폴리머카프릴릭/카프릭트라이글리세라이드폴리아마이드-8아이소헥사데칸폴리메틸실세스퀴옥세인부틸메톡시디벤조일메탄벤조트라이아졸릴도데실p-크레솔덱스트린팔미테이트에틸헥실메톡시크릴렌폴리아마이드-3펜타에리스리틸테트라-다이-t-부틸하이드록시하이드로신나메이트토코페롤아시아티코사이드마데카식애씨드아시아틱애씨드"
"A000000251060","[시카장벽선케어] 라로슈포제 시카플라스트 리페어 선크림 40ml 기획 (+2ml*5ea)","라로슈포제","40.0","42.0","ml","35000","28000","6666.7","정제수 글리세린 판테놀 아이소프로필팔미테이트 C12-15알킬벤조에이트 비스-에칠헥실옥시페놀메톡시페닐트리아진 에칠헥실트리아존 부틸메톡시디벤조일메탄 아이소프로필미리스테이트 변성알코올 다이메티콘 디에칠아미노하이드록시벤조일헥실벤조에이트 페닐벤즈이미다졸설포닉애씨드 펜틸렌글라이콜 트로메타민 포타슘세틸포스페이트 실리카 합성왁스 부틸렌글라이콜 병풀잎추출물 야콘뿌리즙 스테아릭애씨드 스테아릴알코올 징크글루코네이트 글리세릴스테아레이트 마데카소사이드 트라이에탄올아민 테레프탈릴리덴디캠퍼설포닉애씨드 망가니즈글루코네이트 피이지-100스테아레이트 알파-글루칸올리고사카라이드 미리스틱애씨드 2-올레아미도-1,3-옥타데칸다이올 팔미틱애씨드 만노오스 암모늄폴리아크릴로일다이메틸타우레이트 아이소프로필라우로일사코시네이트 하이드록시프로필메틸셀룰로오스 카프릴릴글라이콜 비트레오스실라발효물 시트릭애씨드 트라이소듐에틸렌다이아민다이석시네이트 락토바실러스 말토덱스트린 잔탄검 토코페롤 페녹시에탄올"
"A000000209244","[RIIZE원빈PICK]유이크 바이옴 레미디 수분 선크림 50ML","유이크","50.0","50.0","ml","","27000","5400.0","정제수, 프로판다이올, 부틸옥틸살리실레이트, 다이부틸아디페이트, 에칠헥실트리아존, 테레프탈릴리덴디캠퍼설포닉애씨드, 나이아신아마이드, 폴 리글리세릴-3다이스테아레이트, 트로메타민, 폴리메틸실세스퀴옥세인, 1,2-헥산다이올, 펜틸렌글라이콜, 디에칠아미노하이드록시벤조일헥실벤조 에이트, 세테아릴알코올, 카프릴릴메티콘, 폴리실리콘-15, 사카라이드아이소머레이트, 글리세릴스테아레이트, 비스-에칠헥실옥시페놀메톡시페닐 트리아진, 포타슘세틸포스페이트, 메틸프로판다이올, 소듐아크릴레이트크로스폴리머-2, 팔미틱애씨드, 카보머, 스테아릭애씨드, 글리세릴스테아레 이트시트레이트, 판테놀, 쿠티박테리움 그라눌로숨발효추출여과물(979ppm), 아크릴레이트/C10-30알킬아크릴레이트크로스폴리머, 에틸헥실글리세린, 아데 노신, 암모늄아크릴로일다이메틸타우레이트/브이피코폴리머, 폴리에터-1, 미리스틱애씨드, 석시닉애씨드, 소듐시트레이트, 시트릭애씨드, 바이오 사카라이드검-1, 토코페롤"
"A000000255058","[RIIZE쇼타로PICK]유이크 바이옴 레미디 워터프루프 선크림 50ml","유이크","50.0","50.0","ml","","27000","5400.0","정제수, 다이부틸아디페이트, 프로판다이올, 에칠헥실트리아존, 폴리메틸실세스퀴옥세인, 부틸옥틸살리실레이트, 디에칠아미노하이드록시벤조일헥실벤조에이트, 나이아신아마이드, 드로메트리졸트리실록산, 메칠렌비스-벤조트리아졸릴테트라메칠부틸페놀, 코코-카프릴레이트/카프레이트, 카프릴릴메티콘, 글리세린, 1,2-헥산다이올, 부틸렌글라이콜, 펜틸렌글라이콜, 폴리C10-30알킬아크릴레이트, 베헤닐알코올, 브이피/에이코신코폴리머, 폴리글리세릴-3메틸글루코오스다이스테아레이트, 판테놀, 데실글루코사이드, 트로메타민, 카보머, 아크릴레이트/C10-30알킬아크릴레이트크로스폴리머, 에틸헥실글리세린, 쿠티박테리움 그라눌로숨발효추출여과물(10ppm), 덱스트린, 소듐스테아로일글루타메이트, 폴리아크릴레이트크로스폴리머-6, 아데노신, 다시마추출물, 알로에베라잎추출물, 참마뿌리추출물, 당느릅나무뿌리추출물, 제비꽃꽃추출물, 치자추출물, 잔탄검, 토코페롤, 구아이아줄렌, 시트릭애씨드, 소듐하이알루로네이트, 하이드롤라이즈드하이알루로닉애씨드, 소듐아세틸레이티드하이알루로네이트"
"A000000250129","AHC 마스터즈 톤업 선세럼 50ml 더블 기획","AHC","50.0","100.0","ml","29900","26900","2690.0","정제수,징크옥사이드 (CI 77947),트라이실록세인,부틸옥틸살리실레이트,카프릴릴메티콘,나이아신아마이드,프로필헵틸카프릴레이트,C9-12알케인,티타늄디옥사이드 (CI 77891),프로판다이올,라우릴폴리글리세릴-3폴리다이메틸실록시에틸다이메티콘,펜틸렌글라이콜,메틸트라이메티콘,트라이메틸실록시실리케이트,폴리메틸실세스퀴옥세인,1,2-헥산다이올,글리세린,다이페닐실록시페닐트라이메티콘,에틸헥실메톡시크릴렌,폴리글리세릴-3폴리다이메틸실록시에틸다이메티콘,마그네슘설페이트,메틸메타크릴레이트크로스폴리머,폴리글리세릴-2다이폴리하이드록시스테아레이트,트라이에톡시카프릴릴실레인,다이메티콘/비닐다이메티콘크로스폴리머,알루미늄하이드록사이드,다이스테아다이모늄헥토라이트,스테아릭애씨드,다이메티콘올,향료,에틸헥실글리세린,아데노신,트라이소듐에틸렌다이아민다이석시네이트,아이소도데케인,옥틸도데칸올,적색산화철 (CI 77491),알지닌,황색산화철 (CI 77492),하이드로제네이티드레시틴,세라마이드엔피,글루타민,글라이신,폴리글리세릴-4아이소스테아레이트,토코페롤,시스틴,아이소프로필티타늄트라이아이소스테아레이트,3-O-에틸아스코빅애씨드,에리스리톨,칼슘카보네이트,부틸렌글라이콜,타라열매추출물,코토니추출물,소듐하이알루로네이트,다이프로필렌글라이콜,판테놀,솔비톨,메틸프로판다이올,카프릴릭/카프릭트라이글리세라이드,효모발효여과물,아스코빌테트라이소팔미테이트,대나무목초액,비타민나무열매추출물,카보머,콜레스테롤,하이알루로닉애씨드,다발방패버섯추출물,하이드롤라이즈드하이알루로닉애씨드,하이드롤라이즈드소듐하이알루로네이트,하이드록시프로필트라이모늄하이알루로네이트,폴리글리세릴-10라우레이트,포타슘하이알루로네이트,키토산,아스코빅애씨드,소듐하이알루로네이트크로스폴리머,소듐아세틸레이티드하이알루로네이트,디엔에이"
"A000000228575","바이오더마 시카비오 크림+ SPF 50+ 40ml","바이오더마","50.0","90.0","ml","34000","26520","2946.7","정제수, 디에칠헥실부타미도트리아존, 다이카프릴릴카보네이트, 다이아이소프로필세바케이트, 프로판다이올, 부틸메톡시디벤조일메탄, 변성옥수수전분, 비스-에칠헥실옥시페놀메톡시페닐트리아진, 폴리글리세릴-6스테아레이트, 디에칠아미노하이드록시벤조일헥실벤조에이트, 다이부틸아디페이트, 에칠헥실트리아존, 부틸렌글라이콜, 펜틸렌글라이콜, 자일로오스, C20-22알킬포스페이트, C20-22알코올, 마이크로크리스탈린셀룰로오스, 글리세릴카프릴레이트, 스쿠알란, 폴리글리세릴-6베헤네이트, 소듐폴리글루타메이트, 폴리아크릴레이트크로스폴리머-6, 소듐시트레이트, 잔탄검, 다이팔미토일하이드록시프롤린, 소듐하이알루로네이트, o-사이멘-5-올, 만니톨, 람노오스, 자일리톨, 소듐하이드록사이드, 아세틸다이펩타이드-1세틸에스터, 글라브리딘, 토코페롤, 프룩토올리고사카라이드, 프로필헵틸카프릴레이트 (BI 689 V3)"
"A000000248128","[문동주pick/선로션] 아누아 제로캐스트 수분 선크림 50ml 더블 기획","아누아","50.0","100.0","ml","34900","26500","2650.0","정제수, 다이부틸아디페이트, 프로판다이올, 부틸옥틸살리실레이트, 에칠헥실트리아존, 나이아신 아마이드, 카프릴릴메티콘, 드로메트리졸트리실록산, 테레프탈릴리덴디캠퍼설포닉애씨드, 폴리글리세릴-3다이스테아레이트, 1,2-헥산다이올, 디에칠아미노하이드록시벤조일헥실벤조에이트, 트로메타민, 글리세린, 펜틸렌글라이콜, 세테아릴알코올, 폴리메틸실세스퀴옥세인, 비스-에칠헥실 옥시페놀메톡시페닐트리아진, 글리세릴스테아레이트, 포타슘세틸포스페이트, 폴리C10-30 알킬아크릴레이트, 메틸프로판다이올, 카보머, 폴리글리세릴-3메틸글루코오스다이스테아레이트, 에틸헥실글리세린, 글리세릴스테아레이트시트레이트, 암모늄아크릴로일다이메틸타우레이트 /브이피코폴리머, 판테놀, 다이메티콘/비닐다이메티콘크로스폴리머, 아크릴레이트/C10-30 알킬아크릴레이트크로스폴리머, 다이메티콘올, 트라이실록세인, 아데노신, 폴리에터-1, 소듐 하이알루로네이트, 베타-글루칸, 바이오사카라이드검-1, 토코페롤"
"A000000247909","메이크프렘 PDRN 잡티 톤업 선세럼 50ml 기획 (+20ml)","메이크프렘","50.0","70.0","ml","","26000","3714.3","정제수, 부틸옥틸살리실레이트, 나이아신아마이드, 다이부틸아디페이트, 에칠헥실트리아존, 프로판다이올, 티타늄디옥사이드, 다이메티콘, 드로메트리졸트리실록산, 카프릴릭/카프릭트라이글리세라이드, 티타늄디옥사이드 (CI 77891), 2,3-부탄다이올, 에틸헥실팔미테이트, 코코-카프릴레이트/카프레이트, 1,2-헥산다이올, 비스-에칠헥실옥시페놀메톡시페닐트리아진, 테레프탈릴리덴디캠퍼설포닉애씨드, 다이아이소프로필세바케이트, 아이소프로필미리스테이트, 폴리글리세릴-3다이스테아레이트, 포타슘세틸포스페이트, 암모늄폴리아크릴로일다이메틸타우레이트, 트로메타민, 실리카, 소듐폴리아크릴로일다이메틸타우레이트, 폴리하이드록시스테아릭애씨드, 스테아릭애씨드, 알루미늄하이드록사이드, 폴리메틸실세스퀴옥세인, 세테아릴알코올, 메틸프로판다이올, 폴리에터-1, 글리세릴스테아레이트, 글리세릴스테아레이트시트레이트, 하이드록시프로필메틸셀룰로오스스테아록시에터, 트라이에톡시카프릴릴실레인, 알루미나, 소듐디엔에이(500ppm), 에틸헥실글리세린, 카보머, 아데노신, 적색산화철, 황색산화철, 팔미틱애씨드, t-부틸알코올, 소듐파이테이트, 징크옥사이드, 병풀추출물, 부틸렌글라이콜, 글루타티온, 트라넥사믹애씨드, 칸데릴라왁스, 향료"
"A000000185636","토리든 톤업 선크림 2종 택1(다이브인/밸런스풀)","토리든","","","","","25000","","[밸런스풀 시카 톤업 선크림]
정제수, 징크옥사이드 (CI 77947), 프로판다이올, 부틸옥틸살리실레이트, 메틸트라이메티콘, 사이클로헥사실록세인, 코코-카프릴레이트/카프레이트, 아이소도데케인, 트라이에틸헥사노인, 나이아신아마이드, 다이카프릴릴카보네이트, 프로필헵틸카프릴레이트, 메틸메타크릴레이트크로스폴리머, 병풀추출물(100ppm), 마데카식애씨드, 아시아티코사이드, 아시아틱애씨드, 마데카소사이드, 판테놀, 알란토인, 락토바실러스발효물, 접시꽃추출물, 아데노신, 토코페롤, 카프릴릴메티콘, 라우릴폴리글리세릴-3폴리다이메틸실록시에틸다이메티콘, 1,2-헥산다이올, 카프릴릴글라이콜, 글리세릴카프릴레이트, 폴리글리세릴-3폴리다이메틸실록시에틸다이메티콘, 마그네슘설페이트, 다이프로필렌글라이콜, 트라이에톡시카프릴릴실레인, 마이카 (CI 77019), 폴리글리세릴-2다이폴리하이드록시스테아레이트, 다이스테아다이모늄헥토라이트, 라우릴다이메티콘/폴리글리세린-3크로스폴리머, 알루미늄하이드록사이드, 티타늄디옥사이드 (CI 77891), 크로뮴옥사이드그린 (CI 77288), 소듐시트레이트, 쓴풀추출물, 푸른연꽃추출물

[다이브인 퍼플 톤업 선크림]
정제수, 부틸옥틸살리실레이트, 다이부틸아디페이트, 프로판다이올, 에칠헥실트리아존, 티타늄디옥사이드, 2,3-부탄다이올, 폴리메틸실세스퀴옥세인, 디에칠아미노하이드록시벤조일헥실벤조에이트, 나이아신아마이드, 드로메트리졸트리실록산, 메칠렌비스-벤조트리아졸릴테트라메칠부틸페놀, 메틸메타크릴레이트크로스폴리머, 실리카, 1,2-헥산다이올, 다이카프릴릴카보네이트, 아크릴레이트코폴리머, 카프릴릴메티콘, 펜틸렌글라이콜, 소듐하이알루로네이트, 하이알루로닉애씨드, 하이드롤라이즈드소듐하이알루로네이트, 하이드롤라이즈드하이알루로닉애씨드, 소듐아세틸레이티드하이알루로네이트, 소듐하이알루로네이트크로스폴리머, 포타슘하이알루로네이트, 다이메틸실란올하이알루로네이트, 하이드록시프로필트라이모늄하이알루로네이트, 소듐하이알루로네이트다이메틸실란올, 판테놀, 알란토인, 아데노신, 글루타티온, 글리세린, 소듐스테아로일글루타메이트, 트라이에톡시카프릴릴실레인, 소듐폴리아크릴로일다이메틸타우레이트, 소듐폴리아크릴레이트, 코코-카프릴레이트/카프레이트, 폴리C10-30알킬아크릴레이트, 폴리아크릴레이트크로스폴리머-6, 폴리하이드록시스테아릭애씨드, 브이피/에이코신코폴리머, 데실글루코사이드, 알루미늄하이드록사이드, 하이드록시프로필메틸셀룰로오스스테아록시에터, 폴리에터-1, 부틸렌글라이콜, 카올린, 잔탄검, 울트라마린, 토코페롤, 에틸헥실글리세린, 스핑고모나스발효추출물"
"A000000200233","[12시간피지감소] 라타플랑 미나리 시카트러블 진정 선크림 1+1 기획 (50ml+50ml)","라타플랑","50.0","100.0","ml","","25000","2500.0","정제수, 미나리추출물, 다이부틸아디페이트, 프로판다이올, 에칠헥실트리아존, 테레프탈릴리덴디캠퍼설포닉애씨드, 나이아신아마이드, 트로메타민, 폴리글리세릴-3다이스테아레이트, 1,2-헥산다이올, 세테아릴알코올, 판테놀, 펜틸렌글라이콜, 디에칠아미노하이드록시벤조일헥실벤조에이트, 카프릴릴메티콘, 폴리실리콘-15, 인도멀구슬나무잎추출물, 인도멀구슬나무꽃추출물, 풍선덩굴꽃/잎/덩굴추출물, 향기제비꽃잎추출물, 병풀추출물, 약모밀추출물, 티트리잎추출물, 케이프알로에잎추출물, 냉초추출물, 더위지기추출물, 에키움 플란타기네움씨오일, 연필향나무오일, 불가리스쑥오일, 광곽향오일, 라벤더오일, 로즈마리잎오일, 캐모마일꽃오일, 옥틸도데칸올, 폴리메틸실세스퀴옥세인, 글리세릴스테아레이트, 비스-에칠헥실옥시페놀메톡시페닐트리아진, 포타슘세틸포스페이트, 부틸렌글라이콜, 메틸프로판다이올, 카보머, 글리세릴스테아레이트시트레이트, 아크릴레이트/C10-30알킬아크릴레이트크로스폴리머, 에틸헥실글리세린, 암모늄아크릴로일다이메틸타우레이트/브이피코폴리머, 아데노신, 폴리에터-1, 해바라기씨오일불검화물, 토코페롤, 바이오사카라이드검-1, 자일리틸글루코사이드, 안하이드로자일리톨, 자일리톨, 글루코오스"
"A000000219495","[수분촉촉/화잘먹] 토리든 다이브인 워터리 핏 선세럼 50ml 증량 기획 (+20ml)","토리든","50.0","70.0","ml","","25000","3571.4","정제수, 프로판다이올, 다이부틸아디페이트, 폴리메틸실세스퀴옥세인, 부틸옥틸살리실레이트, 에칠헥실트리아존, 나이아신아마이드, 드로메트리졸트리실록산, 아이소노닐아이소노나노에이트, 폴리글리세릴-3메틸글루코오스다이스테아레이트, 테레프탈릴리덴디캠퍼설포닉애씨드, 디에칠아미노하이드록시벤조일헥실벤조에이트, 1,2-헥산다이올, 트로메타민, 펜틸렌글라이콜, 카프릴릴메티콘, 소듐하이알루로네이트, 하이알루로닉애씨드, 하이드롤라이즈드소듐하이알루로네이트, 하이드롤라이즈드하이알루로닉애씨드, 소듐아세틸레이티드하이알루로네이트, 소듐하이알루로네이트크로스폴리머, 포타슘하이알루로네이트, 다이메틸실란올하이알루로네이트, 하이드록시프로필트라이모늄하이알루로네이트, 소듐하이알루로네이트다이메틸실란올, 판테놀, 알란토인, 아데노신, 부틸렌글라이콜, 에틸헥실글리세린, 소듐스테아로일글루타메이트, 비스-에칠헥실옥시페놀메톡시페닐트리아진, 메틸프로판다이올, 트라이소듐에틸렌다이아민다이석시네이트, 소듐폴리아크릴로일다이메틸타우레이트, 브이피/에이코신코폴리머, 폴리아크릴레이트크로스폴리머-6, 이눌린라우릴카바메이트, 폴리에터-1, 알지닌, 세테아릴알코올, 글리세린, 토코페롤, 바이오사카라이드검-1, 말라카이트추출물"
"A000000218812","[맑은톤밀착썬/조앤프렌즈 콜라보] 셀퓨전씨 잡티 토닝 썬스크린 35ml 더블 기획 (+10ml+조앤프렌즈 캡 키링)","셀퓨전씨","35.0","45.0","ml","27900","24300","5400.0","정제수, 프로판다이올, 티타늄디옥사이드 (CI 77891), 다이아이소프로필세바케이트, 메틸트라이메티콘, 아이소노닐아이소노나노에이트, 나이아신아마이드, 글리세린, 부틸옥틸살리실레이트, 다이부틸아디페이트, 디에칠아미노하이드록시벤조일헥실벤조에이트, 1,2-헥산다이올, 다이카프릴릴카보네이트, 다이메티콘/비닐다이메티콘크로스폴리머, 호호바씨오일, 토마토추출물, 비스-에칠헥실옥시페놀메톡시페닐트리아진, 에칠헥실트리아존, 펜틸렌글라이콜, 폴리실리콘-15, 테레프탈릴리덴디캠퍼설포닉애씨드, 트라이메틸실록시실리케이트, 아이소도데케인, 포타슘세틸포스페이트, 폴리하이드록시스테아릭애씨드, 소듐폴리아크릴로일다이메틸타우레이트, 트로메타민, 실리카, 알루미늄하이드록사이드, 하이드록시에틸아크릴레이트/소듐아크릴로일다이메틸타우레이트코폴리머, 스테아릭애씨드, 옥틸도데칸올, 암모늄폴리아크릴로일다이메틸타우레이트, 폴리글리세릴-10미리스테이트, 폴리글리세릴-4아이소스테아레이트, 폴리글리세릴-2다이폴리하이드록시스테아레이트, 에틸헥실글리세린, 아이소프로필티타늄트라이아이소스테아레이트, 아데노신, 부틸렌글라이콜, 트라이소듐에틸렌다이아민다이석시네이트, 라우로일라이신, 하이드록시프로필메틸셀룰로오스스테아록시에터, 3-O-에틸아스코빅애씨드, 비사보롤, 글루타티온, 알지닌, 토코페롤, 스쿠알란, 카프릴릭/카프릭트라이글리세라이드, 하이드로제네이티드레시틴, 세라마이드엔피, 소듐스테아로일글루타메이트, 베헤닐알코올, 잔탄검, 카보머, 향료, 황색산화철 (CI 77492), 적색산화철 (CI 77491)"
"A000000200673","[조슈아PICK/1+1] 리얼베리어 세라 수분 장벽 선크림 50ml 1+1 기획","리얼베리어","50.0","100.0","ml","28000","23900","2390.0","정제수, 다이아이소프로필세바케이트, 부틸옥틸살리실레이트, 다이부틸아디페이트, 에칠헥실트리아존, 폴리메틸실세스퀴옥세인, 디에칠아미노하이드록시벤조일헥실벤조에이트, 나이아신아마이드, 드로메트리졸트리실록산, 메칠렌비스-벤조트리아졸릴테트라메칠부틸페놀, 코코-카프릴레이트/카프레이트, 프로판다이올, 카프릴릴메티콘, 글리세린, 1, 2-헥산다이올, 펜틸렌글라이콜, 부틸렌글라이콜, 귀리커넬추출물, 아티초크잎추출물, 풍선덩굴꽃/잎/덩굴추출물, 향기제비꽃잎추출물, 에키움 플란타기네움씨오일, 녹차수, 하이드로제네이티드레시틴, 연필향나무오일, 불가리스쑥오일, 광곽향오일, 로즈마리잎오일, 베헤닐알코올, 폴리C10-30알킬아크릴레이트, 폴리글리세릴-3메틸글루코오스다이스테아레이트, 옥틸도데칸올, 데실글루코사이드, 메틸프로판다이올, 트로메타민, 카보머, 아크릴레이트/C10-30알킬아크릴레이트크로스폴리머, 소듐스테아로일글루타메이트, 폴리아크릴레이트크로스폴리머-6, 에틸헥실글리세린, 아데노신, 폴리쿼터늄-51, 베타-글루칸, 해바라기씨오일불검화물, 잔탄검, 토코페롤, 미리스토일/팔미토일옥소스테아라마이드/아라카마이드엠이에이, 비스-카프릴로일옥시팔미타미도아이소프로판올(1,000 ppb) 올레아놀릭애씨드, 카프릴릴글라이콜, 다이하이드록시아이소프로필팔모일팜아마이드(1,000 ppb)"
"A000000217778","[레드보정썬] 달바 그린 톤업 선크림 50ml","달바","50.0","50.0","ml","34000","23800","4760.0","정제수,다이부틸아디페이트,다이카프릴릴카보네이트,프로판다이올,부틸옥틸살리실레이트,티타늄디옥사이드,2,3-부탄다이올,디에칠아미노하이드록시벤조일헥실벤조에이트,폴리실리콘-15,나이아신아마이드,에칠헥실트리아존,1,2-헥산다이올,펜틸렌글라이콜,병풀추출물,흰서양송로추출물,별꽃추출물,뽕나무뿌리추출물,베르가모트오일,호호바씨오일,티트리잎수,분비나무오일,라반딘오일,라임전초오일,멕시칸주니퍼오일,센티드제라늄꽃오일,광곽향오일,리씨열매오일,스피어민트잎오일,하이드로제네이티드레시틴,소듐하이알루로네이트,코코-카프릴레이트/카프레이트,브이피/에이코신코폴리머,메틸프로판다이올,폴리글리세릴-2카프레이트,글리세린,수크로오스스테아레이트,암모늄아크릴로일다이메틸타우레이트/브이피코폴리머,폴리아크릴레이트크로스폴리머-6,알루미나,하이드록시프로필메틸셀룰로오스스테아록시에터,스테아릭애씨드,에틸헥실글리세린,폴리하이드록시스테아릭애씨드,이눌린라우릴카바메이트,글리세릴카프릴레이트,잔탄검,아데노신,트라이에톡시카프릴릴실레인,스쿠알란,폴리에터-1,프로필헵틸카프릴레이트,토코페롤,부틸렌글라이콜,판테놀,바이오사카라이드검-1,락토바실러스발효물,다이메틸실란올하이알루로네이트,하이드롤라이즈드소듐하이알루로네이트,하이드롤라이즈드하이알루로닉애씨드,포타슘하이알루로네이트,하이알루로닉애씨드,소듐하이알루로네이트크로스폴리머,하이드록시프로필트라이모늄하이알루로네이트,소듐하이알루로네이트다이메틸실란올,소듐아세틸레이티드하이알루로네이트,마데카소사이드,아시아티코사이드,아시아틱애씨드,카프릴릭/카프릭트라이글리세라이드,수크로오스다이스테아레이트,하이드록시프로필사이클로덱스트린,레틴알,크로뮴옥사이드그린,리모넨,리날룰,시트랄"
"A000000254193","[수분장벽 선크림/1개입] 달바 판테놀 리퀴드 에센스 선세럼 50ml","달바","50.0","50.0","ml","34000","23800","4760.0","빙하수, 정제수, 다이부틸아디페이트, 부틸옥틸살리실레이트, 프로판다이올, 부틸렌글라이콜, 에칠헥실트리아존, 트라이프로필렌글라이콜, 비스-에칠헥실옥시페놀메톡시페닐트리아진, 옥토크릴렌, 판테놀, 나이아신아마이드, 트라이메틸펜타페닐트라이실록세인, 1,2-헥산다이올, 테레프탈릴리덴디캠퍼설포닉애씨드, 라우릴다이메티콘, 실리카, 비닐다이메티콘, 스핑고모나스발효추출물, 오렌지껍질오일, 필리핀오렌지껍질오일, 리씨열매오일, 하이드롤라이즈드하이알루로닉애씨드, 병풀잎수, 티트리잎수, 흰서양송로추출물, 콜라겐추출물, 귀리단백질추출물, 하이드롤라이즈드완두콩단백질, 하이드롤라이즈드감자단백질, 하이드롤라이즈드쌀단백질, 하이드롤라이즈드콩단백질, 하이드롤라이즈드옥수수단백질, 하이드롤라이즈드귀리단백질, 하이드롤라이즈드스위트아몬드단백질, 하이드롤라이즈드밀단백질, 하이알루로닉애씨드, 하이드롤라이즈드호호바단백질, 하이드롤라이즈드식물성단백질, 소듐하이알루로네이트, 감나무잎추출물, 포도추출물, 잇꽃꽃추출물, 커피콩추출물, 호장근뿌리추출물, 녹차추출물, 밤껍질추출물, 초피나무열매추출물, 하이드롤라이즈드쌀겨단백질, 아이소도데케인, 폴리실리콘-15, 펜틸렌글라이콜, 트로메타민, 하이드록시에틸우레아, 다이프로필렌글라이콜, 세테아릴올리베이트, 솔비탄올리베이트, 하이드록시아세토페논, 다이메티콘/비닐다이메티콘크로스폴리머, 폴리아마이드-8, 소듐아크릴레이트/소듐아크릴로일다이메틸타우레이트코폴리머, 폴리아이소부텐, 글리세릴스테아레이트, 마이크로크리스탈린셀룰로오스, 데하이드로잔탄검, 소듐스테아로일글루타메이트, 아데노신, 메틸프로판다이올, 폴리에터-1, 카프릴릴/카프릴글루코사이드, 솔비탄올리에이트, 셀룰로오스검, 펜타에리스리틸테트라-다이-t-부틸하이드록시하이드로신나메이트, 스쿠알란, 글리세린, 하이드롤라이즈드루핀단백질, 하이드롤라이즈드보리단백질, 다이메틸실란올하이알루로네이트, 하이드롤라이즈드소듐하이알루로네이트, 글루타티온, 글라이코프로테인, 포타슘하이알루로네이트, 에틸헥실글리세린, 하이드록시프로필트라이모늄하이알루로네이트, 소듐하이알루로네이트크로스폴리머, 소듐하이알루로네이트다이메틸실란올, 카프릴릭/카프릭트라이글리세라이드, 소듐아세틸레이티드하이알루로네이트, 하이드로제네이티드레시틴, 글루코오스, 만노오스, 폴리글리세릴-3메틸글루코오스다이스테아레이트, 레티놀, 아스코빅애씨드, 소듐디엔에이, 에스에이치-올리고펩타이드-1, 베헤닐알코올, 리모넨, 시트랄, 리날룰"
"A000000254179","[화잘먹/총70ml] 비플레인 녹두 쿨링 수분 선크림 35ml 1+1 기획","비플레인","70.0","70.0","ml","","23000","3285.7","정제수, 다이부틸아디페이트, 프로판다이올, 부틸옥틸살리실레이트, 에칠헥실트리아존, 나이아신아마이드, 카프릴릴메티콘, 드로메트리졸트리실록산, 테레프탈릴리덴디캠퍼설포닉애씨드, 폴리글리세릴-3다이스테아레이트, 1,2-헥산다이올, 디에칠아미노하이드록시벤조일헥실벤조에이트, 트로메타민, 펜틸렌글라이콜, 세테아릴알코올, 폴리메틸실세스퀴옥세인, 비스-에칠헥실옥시페놀메톡시페닐트리아진, 글리세릴스테아레이트, 포타슘세틸포스페이트, 폴리C10-30알킬아크릴레이트, 메틸프로판다이올, 카보머, 폴리글리세릴-3메틸글루코오스다이스테아레이트, 메틸다이아이소프로필프로피온아마이드, 에틸헥실글리세린, 글리세릴스테아레이트시트레이트, 암모늄아크릴로일다이메틸타우레이트/브이피코폴리머, 아크릴레이트/C10-30알킬아크릴레이트크로스폴리머, 아데노신, 폴리에터-1, 크로뮴옥사이드그린, 폴리글리세릴-3폴리다이메틸실록시에틸다이메티콘, 프로필헵틸카프릴레이트, 하이드롤라이즈드하이알루로닉애씨드, 트라이에톡시카프릴릴실레인, 바이오사카라이드검-1, 부틸렌글라이콜, 토코페롤, 글리세린, 녹두씨추출물, 다시마추출물, 녹두추출물, 알로에베라잎추출물, 참마뿌리추출물, 당느릅나무뿌리추출물, 제비꽃꽃추출물, 녹두싹추출물"
"A000000219046","[수분 진정] 에뛰드 순정 디렉터 수분 선크림 50ml 1+1기획(NEW)","에뛰드","50.0","100.0","ml","25000","22900","2290.0","정제수, 프로판다이올, 부틸옥틸살리실레이트, 에칠헥실트리아존, 다이부틸아디페이트, 폴리글리세릴-3다이스테아레이트, 나이아신아마이드, 카프릴릴메티콘, 다이아이소프로필세바케이트, 드로메트리졸트리실록산, 테레프탈릴리덴디캠퍼설포닉애씨드, 2,3-부탄다이올, 디에칠아미노하이드록시벤조일헥실벤조에이트, 트로메타민, 1,2-헥산다이올, 펜틸렌글라이콜, 메틸메타크릴레이트크로스폴리머, 세테아릴알코올, 비스-에칠헥실옥시페놀메톡시페닐트리아진, 소듐폴리아크릴로일다이메틸타우레이트, 글리세릴스테아레이트, 포타슘세틸포스페이트, 글리세린, 폴리C10-30알킬아크릴레이트, 이눌린라우릴카바메이트, 글리세릴스테아레이트시트레이트, 암모늄아크릴로일다이메틸타우레이트/브이피코폴리머, 에틸헥실글리세린, 코코넛야자오일, 소듐하이알루로네이트, 아데노신, 수베르참나무껍질추출물, 잔탄검, 참나무뿌리추출물, 토코페롤, 부틸렌글라이콜, 레스베라트롤, 카르노신, 베타-시토스테롤, 피토스테롤, 서양송악추출물, 마트리카리아추출물, 피버퓨추출물, 글라이신, 알지닌, 글루타믹애씨드, 구아이아줄렌"
"A000000190687","[수분물떡선/화잘먹] 스킨푸드 베리 수분 선크림 더블기획","스킨푸드","","","","28000","22610","","정제수, 다이부틸아디페이트, 프로판다이올, 에칠헥실트리아존, 테레프탈릴리덴디캠퍼설포닉애씨드, 폴리글리세릴-3다이스테아레이트, 나이아신아마이드, 트로메타민, 세테아릴알코올, 1,2-헥산다이올, 디에칠아미노하이드록시벤조일헥실벤조에이트, 펜틸렌글라이콜, 폴리실리콘-15, 로우스위트블루베리추출물(100 ppm), 검은뽕나무열매추출물, 구기자추출물, 불가리스매자뿌리추출물, 비치스트로베리추출물(25 ppb), 올리브오일, 분비나무오일, 로즈마리잎오일, 클레리오일, 캐모마일꽃오일, 멕시칸주니퍼오일, 마트리카리아꽃오일, 소듐폴리아크릴로일다이메틸타우레이트, 글리세릴스테아레이트, 비스-에칠헥실옥시페놀메톡시페닐트리아진, 포타슘세틸포스페이트, 글리세린, 부틸렌글라이콜, 글리세릴스테아레이트시트레이트, 이눌린라우릴카바메이트, 암모늄아크릴로일다이메틸타우레이트/브이피코폴리머, 에틸헥실글리세린, 아데노신, 토코페롤"
"A000000202426","[저자극/상앗빛 톤업] 에뛰드 순정 디렉터 톤업 수정 선크림 1+1 기획 (40ml x 2ea)","에뛰드","40.0","80.0","ml","25000","22500","2812.5","정제수, 다이부틸아디페이트, C12-15알킬벤조에이트, 다이프로필렌글라이콜, 코코-카프릴레이트/카프레이트, 티타늄디옥사이드, 아이소노닐아이소노나노에이트, 부틸렌글라이콜, 나이아신아마이드, 디에칠아미노하이드록시벤조일헥실벤조에이트, 티타늄디옥사이드 (CI 77891), 펜틸렌글라이콜, 1,2-헥산다이올, 글리세린, 비스-에칠헥실옥시페놀메톡시페닐트리아진, 에칠헥실트리아존, 폴리실리콘-15, 테레프탈릴리덴디캠퍼설포닉애씨드, 폴리하이드록시스테아릭애씨드, 폴리글리세릴-3메틸글루코오스다이스테아레이트, 폴리C10-30알킬아크릴레이트, 베헤닐알코올, 폴리메틸실세스퀴옥세인, 포타슘세틸포스페이트, 트로메타민, 아이소도데케인, 옥틸도데칸올, 알루미늄하이드록사이드, 소듐폴리아크릴로일다이메틸타우레이트, 판테놀, 스테아릭애씨드, 폴리글리세릴-6스테아레이트, 하이드록시에틸아크릴레이트/소듐아크릴로일다이메틸타우레이트코폴리머, 황색산화철, 폴리글리세릴-4아이소스테아레이트, 폴리글리세릴-2다이폴리하이드록시스테아레이트, 아이소프로필티타늄트라이아이소스테아레이트, 폴리아크릴레이트크로스폴리머-6, 하이드록시프로필메틸셀룰로오스스테아록시에터, 에틸헥실글리세린, 아데노신, 트라이소듐에틸렌다이아민다이석시네이트, 폴리글리세릴-6베헤네이트, 잔탄검, 적색산화철, 토코페롤"
"A000000253632","[화잘먹/수분촉촉] 바닐라코 에센스 스킨 하이드레이팅 듀 선크림 50ml 1+1 기획","바닐라코","50.0","100.0","ml","25000","22500","2250.0","정제수, 프로판다이올, 부틸옥틸살리실레이트, 에칠헥실트리아존, 다이부틸아디페이트, 디에칠아미노하이드록시벤조일헥실벤조에이트, 글리세린, 나이아신아마이드, 드로메트리졸트리실록산, 메칠렌비스-벤조트리아졸릴테트라메칠부틸페놀, 코코-카프릴레이트/카프레이트, 카프릴릴메티콘, 1,2-헥산다이올, 부틸렌글라이콜, 펜틸렌글라이콜, 폴리메틸실세스퀴옥세인, 폴리글리세릴-6스테아레이트, 베헤닐알코올, 폴리C10-30알킬아크릴레이트, 옥틸도데실네오펜타노에이트, 라우릴락테이트, 데실글루코사이드, 향료, 트로메타민, 호호바에스터, 카보머, 아크릴레이트/C10-30알킬아크릴레이트크로스폴리머, 폴리글리세릴-6베헤네이트, 에틸헥실글리세린, 해바라기씨왁스, 폴리아크릴레이트크로스폴리머-6, 소듐아이소스테아로일락틸레이트, 아데노신, 잔탄검, 폴리글리세린-3, 그린와틀꽃왁스, 동백나무씨추출물, 3-O-에틸아스코빅애씨드, 토코페롤, 마데카소사이드, 소듐하이알루로네이트크로스폴리머, 하이드롤라이즈드글라이코사미노글리칸, 소듐하이알루로네이트, 벤질글라이콜, 하이드롤라이즈드하이알루로닉애씨드, 다이메틸실란올하이알루로네이트, 하이드롤라이즈드소듐하이알루로네이트, 하이알루로닉애씨드, 하이드록시프로필트라이모늄하이알루로네이트, 소듐아세틸레이티드하이알루로네이트, 소듐하이알루로네이트다이메틸실란올"
"A000000218813","[수분밀착썬/조앤프렌즈 콜라보] 셀퓨전씨 아쿠아티카 쿨링 썬스크린 35ml 더블 기획 (+10ml+조앤프렌즈 캡 키링)","셀퓨전씨","35.0","45.0","ml","27900","22300","4955.6","정제수, 다이부틸아디페이트, 변성알코올, 부틸옥틸살리실레이트, 실리카, 다이프로필렌글라이콜, 에칠헥실트리아존, 비스-에칠헥실옥시페놀메톡시페닐트리아진, 옥토크릴렌, 프로판다이올, 나이아신아마이드, 에리스리톨, 테레프탈릴리덴디캠퍼설포닉애씨드, 펜틸렌글라이콜, 메틸프로판다이올, 트로메타민, 스핑고모나스발효추출물, 효모발효여과물, 로즈마리잎수, 병풀추출물, 흰목이버섯추출물, 녹차추출물, 폴스애플민트잎추출물, 타임잎추출물, 소듐하이알루로네이트, 폴리메틸실세스퀴옥세인, 1,2-헥산다이올, 부틸렌글라이콜, 하이드록시에틸우레아, 폴리글리세릴-3메틸글루코오스다이스테아레이트, 스테아릴헵타노에이트, 다이메티콘올, 폴리C10-30알킬아크릴레이트, 마이크로크리스탈린셀룰로오스, 폴리에터-1, 에틸헥실글리세린, 아데노신, 소듐스테아로일글루타메이트, 메틸다이아이소프로필프로피온아마이드, 셀룰로오스검, 다발방패버섯추출물, 토코페롤, 글리세린, 소듐클로라이드, 소듐바이카보네이트, 칼슘클로라이드, 포타슘클로라이드, 글라이신, 알지닌, 글루타믹애씨드, 베헤닐알코올, 카보머, 향료"
"A000000203118","프리메라 리페어링 세라캡슐 UV프로텍터 톤업 프라이밍 40ml 더블기획/단품","프리메라","40.0","80.0","ml","34000","22000","2750.0","정제수, 호모살레이트, 부틸렌글라이콜, 디에칠아미노하이드록시벤조일헥실벤조에이트, 에칠헥실살리실레이트, 글리세린, 페닐트라이메티콘, C12-15알킬벤조에이트, 비스-에칠헥실옥시페놀메톡시페닐트리아진, 나이아신아마이드, 다이부틸아디페이트, 티타늄디옥사이드 (CI 77891), 테레프탈릴리덴디캠퍼설포닉애씨드, 세테아릴알코올, 실리카, 1,2-헥산다이올, 락토바실러스발효용해물, 트로메타민, 포타슘세틸포스페이트, 폴리아크릴레이트크로스폴리머-6, 소듐폴리아크릴로일다이메틸타우레이트, 글리세릴스테아레이트, 
하이드로제네이티드레시틴, 카프릴릴글라이콜, 에틸헥실글리세린, 스테아릭애씨드, 폴리글리세릴-3메틸글루코오스다이스테아레이트, 팔미틱애씨드, 다이소듐이디티에이, 알루미늄하이드록사이드, 적색산화철, 하이드록시프로필비스팔미타마이드엠이에이, 트라이에톡시카프릴릴실레인, 만니톨, 리모넨, 콩폴리펩타이드, 광곽향오일, 제라니올, 아크릴레이트/암모늄메타크릴레이트코폴리머, 레몬껍질오일, 베르가모트추출물, 시트로넬올, 리날룰, 센티드제라늄꽃오일, 팔마로사오일, 미리스틱애씨드, 라벤더오일, 콜레스테롤, 라우릭애씨드, 마트리카리아꽃오일, 로즈마리잎오일, 왕귤껍질오일, 토코페롤, 필리핀오렌지껍질오일, 갈립검오일, 베르가모트껍질오일"
"A000000181078","에스트라 더마UV365 장벽수분 무기자차 선크림 40ml","에스트라","40.0","40.0","ml","31000","21700","5425.0","정제수, 징크옥사이드, 사이클로헥사실록세인, 프로판다이올, 부틸옥틸살리실레이트, 프로필헵틸카프릴레이트, 아이소도데케인, 폴리글리세릴-3폴리다이메틸실록시에틸다이메티콘, 카프릴릴메티콘, 다이실록세인, 다이스테아다이모늄헥토라이트, 마그네슘설페이트, 트라이에톡시카프릴릴실레인, 1,2-헥산다이올, 폴리메틸실세스퀴옥세인, 폴리글리세릴-2다이폴리하이드록시스테아레이트, 라우릴폴리글리세릴-3폴리다이메틸실록시에틸다이메티콘, 알란토인, 카프릴릴글라이콜, 글리세릴카프릴레이트, 에틸헥실글리세린, 소듐하이알루로네이트, 세라마이드엔피, 토코페롤, 소듐아세틸레이티드하이알루로네이트, 하이드롤라이즈드하이알루로닉애씨드"
"A000000224418","[탄탄선세럼] 바이오힐보 프로바이오덤 3D 리프팅 캡슐 선세럼 50mL","바이오힐보","50.0","50.0","ml","36000","21500","4300.0","정제수, 부틸옥틸살리실레이트, 부틸렌글라이콜, 다이부틸아디페이트, 프로판다이올, 에칠헥실트리아존, 비스-에칠헥실옥시페놀메톡시페닐트리아진, 옥토크릴렌, 글리세린, 나이아신아마이드, 다이프로필렌글라이콜, 테레프탈릴리덴디캠퍼설포닉애씨드, 폴리글리세릴-3다이스테아레이트, 락토바실러스발효물, 스핑고모나스발효추출물, 하이드롤라이즈드콜라겐, 두충나무껍질추출물, 키토산, 비닐다이메티콘, 트로메타민, 1,2-헥산다이올, 펜틸렌글라이콜, 하이드록시에틸우레아, 카프릴릭/카프릭/석시닉트라이글리세라이드, 다이프로필렌글라이콜다이벤조에이트, 피토스테롤, 글리세릴스테아레이트, 폴리메틸실세스퀴옥세인, 하이드록시아세토페논, 스테아릭애씨드, 사카라이드아이소머레이트, 데하이드로잔탄검, 판테놀, 글리세릴스테아레이트시트레이트, 아라키딜글루코사이드, 하이드로제네이티드레시틴, 알란토인, 카르노신, 아데노신, 마이크로크리스탈린셀룰로오스, 다이포타슘글리시리제이트, 세라마이드엔피, 소듐파이테이트, 셀룰로오스검, 시트릭애씨드, 소듐시트레이트, 베타인, 프룩토올리고사카라이드, 베타-글루칸, 프룩탄, 이눌린, 다이펩타이드다이아미노부티로일벤질아마이드다이아세테이트, 콜레스테롤, 아라키딜알코올, 카보머, 베헤닐알코올, 세테아릴알코올, 향료"
"A000000257439","[파데프리/화잘먹] 멜릭서 비건 에어핏 선크림 50ml (3종 택1)","멜릭서","50.0","50.0","ml","34000","21420","4284.0","[비건 에어핏 선크림] 정제수, 부틸렌글라이콜, 에탄올, 디에칠아미노하이드록시벤조일헥실벤조에이트, 비스-에칠헥실옥시페놀메톡시페닐트리아진, 부틸옥틸살리실레이트, 다이부틸아디페이트, 에칠헥실트리아존, 헥실라우레이트, 폴리메틸실세스퀴옥세인, 카프릴릴메티콘, 소듐아크릴레이트크로스폴리머-2, 이소아밀p-메톡시신나메이트, 폴리실리콘-15, 1,2-헥산다이올, 펜틸렌글라이콜, 클로렐라 불가리스추출물, 글루코오스, 소듐폴리아크릴로일다이메틸타우레이트, 하이드록시아세토페논, 폴리아크릴레이트크로스폴리머-6, 프룩토올리고사카라이드, 프룩토오스, 에틸헥실올리베이트, 소듐아크릴레이트코폴리머, 폴리글리세릴-4올리에이트, 트라이소듐에틸렌다이아민다이석시네이트, 리모넨, 토코페롤, 솔잣나무잎/너트/줄기오일, 바질오일, 구주소나무잎오일, 에틸헥실글리세린, 자몽껍질오일, 하이드롤라이즈드하이알루로닉애씨드, 녹차추출물, 병풀추출물, 글리세린, 메틸프로판다이올, 다이프로필렌글라이콜, 쌀추출물, 바실러스발효물, 갈대추출물, 밤부사 불가리스수, 케일잎추출물, 영지버섯추출물, 락토바실러스발효물

[데일리 스킨틴트 선크림 21호 라이트 로지] 정제수, 티타늄디옥사이드 (CI 77891), 프로판다이올, 다이부틸아디페이트, 아이소노닐아이소노나노에이트, 코코-카프릴레이트/카프레이트, 메틸프로판다이올, 디에칠아미노하이드록시벤조일헥실벤조에이트, 폴리글리세릴-6스테아레이트, 폴리하이드록시스테아릭애씨드, 다이메티콘/비닐다이메티콘크로스폴리머, 카프릴릴메티콘, 에칠헥실트리아존, 헥실라우레이트, 1,2-헥산다이올, 포타슘세틸포스페이트, C20-22알킬포스페이트, C20-22알코올, 알루미늄하이드록사이드, 펜틸렌글라이콜, 다이메티콘올, 트라이실록세인, 메칠렌비스-벤조트리아졸릴테트라메칠부틸페놀, C30-45알킬다이메틸실릴폴리프로필실세스퀴옥세인, 나일론-12, 스테아릭애씨드, 알지닌, 폴리페닐실세스퀴옥세인, 황색산화철 (CI 77492), 하이드록시아세토페논, 폴리아크릴레이트크로스폴리머-6, 폴리아크릴릭애씨드, 폴리글리세릴-6베헤네이트, 아라키딜알코올, 폴리에터-1, 적색산화철 (CI 77491), 트라이에톡시카프릴릴실레인, 폴리글리세릴-2다이폴리하이드록시스테아레이트, 베헤닐알코올, 데실글루코사이드, 레시틴, 아라키딜글루코사이드, 에틸헥실팔미테이트, 아이소프로필미리스테이트, 아이소스테아릭애씨드, 흑색산화철 (CI 77499), 폴리글리세릴-3폴리리시놀리에이트, 바이오사카라이드검-1, 리모넨, 소듐하이알루로네이트크로스폴리머, 솔잣나무잎/너트/줄기오일, 바질오일, 글리세린, 구주소나무잎오일, 잔탄검, 에틸헥실글리세린, 실리카, 카프릴릴글라이콜, 토코페롤, 자몽껍질오일, 하이드롤라이즈드하이알루로닉애씨드, 부틸렌글라이콜, 녹차추출물, 병풀추출물, 다이프로필렌글라이콜, 쌀추출물, 바실러스발효물, 갈대추출물, 밤부사 불가리스수, 케일잎추출물, 영지버섯추출물, 락토바실러스발효물

[데일리 스킨틴트 선크림 23호 라이트 뉴트럴] 정제수, 티타늄디옥사이드 (CI 77891), 프로판다이올, 다이부틸아디페이트, 아이소노닐아이소노나노에이트, 코코-카프릴레이트/카프레이트, 메틸프로판다이올, 디에칠아미노하이드록시벤조일헥실벤조에이트, 폴리글리세릴-6스테아레이트, 다이메티콘/비닐다이메티콘크로스폴리머, 폴리하이드록시스테아릭애씨드, 카프릴릴메티콘, 에칠헥실트리아존, 헥실라우레이트, 1,2-헥산다이올, 포타슘세틸포스페이트, C20-22알킬포스페이트, 황색산화철 (CI 77492), C20-22알코올, 알루미늄하이드록사이드, 펜틸렌글라이콜, 다이메티콘올, 트라이실록세인, 메칠렌비스-벤조트리아졸릴테트라메칠부틸페놀, C30-45알킬다이메틸실릴폴리프로필실세스퀴옥세인, 나일론-12, 스테아릭애씨드, 알지닌, 폴리페닐실세스퀴옥세인, 하이드록시아세토페논, 폴리아크릴레이트크로스폴리머-6, 폴리아크릴릭애씨드, 폴리글리세릴-6베헤네이트, 아라키딜알코올, 폴리에터-1, 적색산화철 (CI 77491), 트라이에톡시카프릴릴실레인, 폴리글리세릴-2다이폴리하이드록시스테아레이트, 베헤닐알코올, 데실글루코사이드, 레시틴, 아라키딜글루코사이드, 흑색산화철 (CI 77499), 에틸헥실팔미테이트, 아이소프로필미리스테이트, 아이소스테아릭애씨드, 폴리글리세릴-3폴리리시놀리에이트, 바이오사카라이드검-1, 리모넨, 소듐하이알루로네이트크로스폴리머, 솔잣나무잎/너트/줄기오일, 바질오일, 글리세린, 구주소나무잎오일, 실리카, 잔탄검, 에틸헥실글리세린, 카프릴릴글라이콜, 토코페롤, 자몽껍질오일, 하이드롤라이즈드하이알루로닉애씨드, 부틸렌글라이콜, 녹차추출물, 병풀추출물, 다이프로필렌글라이콜, 쌀추출물, 바실러스발효물, 갈대추출물, 밤부사 불가리스수, 케일잎추출물, 영지버섯추출물, 락토바실러스발효물"
"A000000205787","디어달리아 선 브리즈 에센셜 선세럼","디어달리아","","","","30000","21000","","정제수, 에칠헥실살리실레이트, 호모살레이트, 부틸옥틸살리실레이트, 다이부틸아디페이트, 비스-에칠헥실옥시페놀메톡시페닐트리아진, 프로판다이올, 2,3-부탄다이올, 메칠렌비스-벤조트리아졸릴테트라메칠부틸페놀, 메틸트라이메티콘, 폴리실리콘-15, 디에칠아미노하이드록시벤조일헥실벤조에이트, 1,2-헥산다이올, 메틸메타크릴레이트크로스폴리머, 부틸렌글라이콜, 펜틸렌글라이콜, 베헤닐알코올, 폴리글리세릴-3메틸글루코오스다이스테아레이트, 폴리C10-30알킬아크릴레이트, 티타늄디옥사이드, 코코-카프릴레이트/카프레이트, 글리세린, 향료, 트로메타민, 데실글루코사이드, 카보머, 아크릴레이트/C10-30알킬아크릴레이트크로스폴리머, 소듐스테아로일글루타메이트, 폴리아크릴레이트크로스폴리머-6, 폴리하이드록시스테아릭애씨드, 에틸헥실글리세린, 다이메티콘, 스쿠알란, 하이드로제네이티드폴리아이소부텐, 소듐폴리아크릴레이트, 트라이에톡시카프릴릴실레인, 알루미나, 아르간커넬오일, 하이드로제네이티드레시틴, 아이소노닐아이소노나노에이트, 폴리글리세릴-10스테아레이트, 프로필렌글라이콜, 시어버터, 세테아릴알코올, 스테아릭애씨드, 폴리글리세릴-2다이폴리하이드록시스테아레이트, 적색산화철, 잔탄검, 폴리에터-1, 다이카프릴릴카보네이트, 이눌린라우릴카바메이트, 다이소듐스테아로일글루타메이트, 스위트아몬드오일, 올리브오일, 토코페롤, 말토덱스트린, 하이드롤라이즈드식물성단백질, 다알리아꽃추출물"
"A000000250489","에뛰드 피지쏙 무기자차 선크림 50g 1+1 기획","에뛰드","50.0","100.0","g(약 1ml 상당으로 근사)","","21000","2100.0","정제수, 징크옥사이드, 사이클로헥사실록세인, 프로판다이올, 부틸옥틸살리실레이트, 프로필헵틸카프릴레이트, 폴리글리세릴-3폴리다이메틸실록시에틸다이메티콘, 나이아신아마이드, 비닐다이메티콘/메티콘실세스퀴옥세인크로스폴리머, 다이메티콘, 실리카, 아이소도데케인, 마그네슘설페이트, 폴리글리세릴-2다이폴리하이드록시스테아레이트, 트라이에톡시카프릴릴실레인, 다이스테아다이모늄헥토라이트, 라우릴폴리글리세릴-3폴리다이메틸실록시에틸다이메티콘, 카프릴릴글라이콜, 다이메티콘/비닐다이메티콘크로스폴리머, 글리세릴카프릴레이트, 아크릴레이트코폴리머, 에틸헥실글리세린, 글리세린, 트라이소듐에틸렌다이아민다이석시네이트, 아데노신, 토코페롤, 레몬머틀잎추출물"
"A000000252088","[쿨링진정] 휩드 머그트리 비건 쿨링 수분 선크림 50ml","휩드","50.0","50.0","ml","26000","20800","4160.0","정제수, 부틸렌글라이콜, 다이부틸아디페이트, 디이소부틸아디페이트, 디에칠아미노하이드록시벤조일헥실벤조에이트, 부틸옥틸살리실레이트, 티타늄디옥사이드, 에칠헥실트리아존, 글리세린, 드로메트리졸트리실록산, 나이아신아마이드, 실리카, C12-15알킬벤조에이트, 카프릴릴트라이메티콘, 폴리글리세릴-3다이스테아레이트, 1,2-헥산다이올, 펜틸렌글라이콜, 메칠렌비스-벤조트리아졸릴테트라메칠부틸페놀, 비스-에칠헥실옥시페놀메톡시페닐트리아진, 글리세릴스테아레이트, 프로판다이올, 폴리글리세릴-10다이아이소스테아레이트, 세테아릴알코올, 폴리글리세릴-2다이폴리하이드록시스테아레이트, 트로메타민, 소듐폴리아크릴로일다이메틸타우레이트, 하이드로제네이티드캐스터오일/세바식애씨드코폴리머, 아크릴레이트/C10-30알킬아크릴레이트크로스폴리머, 트라이에톡시카프릴릴실레인, 데실글루코사이드, 잇꽃꽃추출물, 세틸알코올, 브이피/에이코신코폴리머, 카보머, 향료, 에틸헥실글리세린, 소듐스테아로일글루타메이트, 하이드록시프로필메틸셀룰로오스스테아록시에터, 메틸다이아이소프로필프로피온아마이드, 덱스트린, 치자추출물, 글리세릴스테아레이트시트레이트, 스핑고모나스발효추출물, 이눌린라우릴카바메이트, 알란토인, 아데노신, 잔탄검, 다시마추출물, 알로에베라잎추출물, 참마뿌리추출물, 당느릅나무뿌리추출물, 제비꽃꽃추출물, 영지버섯줄기추출물, 하이드롤라이즈드하이알루로닉애씨드, 토코페롤, 마데카소사이드, 자일리톨, 에리스리톨, 탄산수, 티트리추출물, 병풀추출물, 다이메틸실란올하이알루로네이트, 하이드롤라이즈드소듐하이알루로네이트, 소듐하이알루로네이트, 하이알루로닉애씨드, 소듐디엔에이, 소듐하이알루로네이트크로스폴리머, 하이드록시프로필트라이모늄하이알루로네이트, 소듐아세틸레이티드하이알루로네이트, 소듐하이알루로네이트다이메틸실란올, 다이소듐이디티에이, 사철쑥추출물, 리모넨, 시트로넬올, 제라니올, 시트랄, 리날룰"
"A000000250419","[핑크톤업 / 여주필터] NEW 에뛰드 순정 디렉터 톤업 핑크 선크림 1+1 기획 (50ml x 2ea)","에뛰드","50.0","100.0","ml","25000","20500","2050.0","정제수, 징크옥사이드, 카프릴릴메티콘, 프로판다이올, 부틸옥틸살리실레이트, C9-12알케인, 티타늄디옥사이드 (CI 77891), 메틸트라이메티콘, 프로필헵틸카프릴레이트, 글리세린, 나이아신아마이드, 폴리글리세릴-3폴리다이메틸실록시에틸다이메티콘, 트라이실록세인, 폴리메틸실세스퀴옥세인, 다이메티콘, 다이스테아다이모늄헥토라이트, 메틸메타크릴레이트크로스폴리머, 라우릴폴리글리세릴-3폴리다이메틸실록시에틸다이메티콘, 트라이에톡시카프릴릴실레인, 1,2-헥산다이올, 마그네슘설페이트, 아이소도데케인, 옥틸도데칸올, 트라이메틸실록시실리케이트, 폴리글리세릴-2다이폴리하이드록시스테아레이트, 폴리글리세릴-6폴리하이드록시스테아레이트, 폴리글리세릴-6폴리리시놀리에이트, 폴리글리세릴-4아이소스테아레이트, 아이소프로필티타늄트라이아이소스테아레이트, 알루미늄하이드록사이드, 카프릴릴글라이콜, 글리세릴카프릴레이트, 적색산화철, 아데노신, 폴리글리세린-6, 황색산화철, 토코페롤, 아스코빌팔미테이트, 비사보롤, 펜틸렌글라이콜, 마데카소사이드, 노나펩타이드-1"
"A000000211309","[1+1] 코스알엑스 울트라 라이트 물막 수분 선세럼 50ml 더블기획","코스알엑스","50.0","100.0","ml","22000","19950","1995.0","알로에베라잎수, 다이에틸헥실석시네이트, 프로판다이올, 정제수, 드로메트리졸트리실록산, 에칠헥실트리아존, 나이아신아마이드, 디에칠아미노하이드록시벤조일헥실벤조에이트, 테레프탈릴리덴디캠퍼설포닉애씨드, 1,2-헥산다이올, 베헤닐알코올,
메틸트라이메티콘, 소듐폴리아크릴로일다이메틸타우레이트, 버지니아풍년화잎수, 트로메타민, 폴리아크릴레이트크로스폴리머-6, 아라키딜알코올, 카프릴릴글라이콜, 에틸헥실글리세린, 아라키딜글루코사이드, 소듐메타포스페이트, 아데노신, 토코페롤, 소듐하이알루로네이트, 알란토인, 시트릭애씨드, 소듐벤조에이트, 포타슘솔베이트"
"A000000163581","[파데프리 선크림/1+1] CKD 그린프로폴리스 올커버리선크림 1+1 기획(40ml+40ml)","CKD","40.0","80.0","ml","26000","19900","2487.5","정제수, 징크옥사이드, 사이클로헥사실록세인, 프로필헵틸카프릴레이트, 다이실록세인, 카프릴릴메티콘, 트라이메틸실록시실리케이트, 폴리글리세릴-3폴리다이메틸실록시에틸다이메티콘, 프로판다이올, 티타늄디옥사이드, 나이아신아마이드, 부틸옥틸살리실레이트, 1,2-헥산다이올, 부틸렌글라이콜, 프로폴리스추출물(3,987 ppm), 양파추출물, 로즈마리잎오일, 라벤더오일, 소듐하이알루로네이트, 퍼플루오로옥틸트라이에톡시실레인, 다이스테아다이모늄헥토라이트, 마그네슘설페이트, 트라이에톡시카프릴릴실레인, 폴리글리세릴-2다이폴리하이드록시스테아레이트, 라우릴폴리글리세릴-3폴리다이메틸실록시에틸다이메티콘, 메틸메타크릴레이트크로스폴리머, 폴리메틸실세스퀴옥세인, 다이카프릴릴카보네이트, 글리세릴카프릴레이트, 알루미늄하이드록사이드, 아데노신, 토코페롤, 알란토인, 비사보롤, 판테놀, 카프릴릴글라이콜, 에틸헥실글리세린, 황색산화철, 적색산화철, 흑색산화철, 리날룰"
"A000000219905","[NEW] 토리든 다이브인 모이스처 선크림 60ml","토리든","60.0","60.0","ml","25000","19900","3316.7","정제수, 아이소노닐아이소노나노에이트, 프로판다이올, 부틸옥틸살리실레이트, 에칠헥실트리아존, 다이부틸아디페이트, 폴리메틸실세스퀴옥세인, 디에칠아미노하이드록시벤조일헥실벤조에이트, 나이아신아마이드, 드로메트리졸트리실록산, 메칠렌비스-벤조트리아졸릴테트라메칠부틸페놀, 1,2-헥산다이올, 펜틸렌글라이콜, 판테놀(5,025ppm), 소듐하이알루로네이트, 하이알루로닉애씨드, 하이드롤라이즈드소듐하이알루로네이트, 하이드롤라이즈드하이알루로닉애씨드, 소듐아세틸레이티드하이알루로네이트, 소듐하이알루로네이트크로스폴리머, 포타슘하이알루로네이트, 다이메틸실란올하이알루로네이트, 하이드록시프로필트라이모늄하이알루로네이트, 소듐하이알루로네이트다이메틸실란올, 알란토인, 글리세린, 아데노신, 세라마이드엔피, 토코페롤, 트레할로오스, 부틸렌글라이콜, 폴리글리세릴-3메틸글루코오스다이스테아레이트, 베헤닐알코올, 데실글루코사이드, 카프릴릴메티콘, 하이드로제네이티드캐스터오일/세바식애씨드코폴리머, 카보머, 호호바씨오일, 글리세레스-26, 아크릴레이트/C10-30알킬아크릴레이트크로스폴리머, 폴리글리세릴-6다이스테아레이트, 폴리아크릴레이트크로스폴리머-6, 트라이메틸실록시실리케이트, 에틸헥실글리세린, 칸데릴라/호호바/쌀겨폴리글리세릴-3에스터, 소듐스테아로일글루타메이트, 덱스트린, 트로메타민, 잔탄검, 치자추출물, 녹차추출물, 버지니아풍년화추출물, 쇠비름추출물, 캐모마일꽃추출물, 말라카이트추출물"
"A000000257073","[특가/화잘먹선세럼/광노화] 동구밭 다래 수분/진정/미백 캡슐 선앰플50ml","동구밭","50.0","50.0","ml","32000","19900","3980.0","전성분 다래즙(58.5%), 네오펜틸글라이콜다이헵타노에이트, 다이아이소프로필세바케이트, 정제수, C12-15알킬벤조에이트, 프로판다이올, 판테놀, 1,2-헥산다이올, 나이아신아마이드, 디에칠아미노하이드록시벤조일헥실벤조에이트, 에칠헥실트리아존, 테레프탈릴리덴디캠퍼설포닉애씨드, 카프릴릭/카프릭트라이글리세라이드, 메틸글루세스-20, 비스-에칠헥실옥시페놀메톡시페닐트리아진, 락토바실러스발효용해물, 락토바실러스발효물, 토코페롤, 트로메타민, 폴리아크릴레이트크로스폴리머-6, 덱스트린팔미테이트, 하이드로제네이티드폴리(C6-20올레핀), 아보카도오일, 시어버터추출물, 캐스터오일/아이피디아이코폴리머, 에이치디아이/트라이메틸올헥실락톤크로스폴리머, 아크릴레이트/C10-30알킬아크릴레이트크로스폴리머, 아데노신, 레몬그라스잎오일, 에틸헥실글리세린, 시트랄"
"A000000254113","[1+1/키링증정] 이니스프리 데일리 유브이 수분 장벽 선세럼 50ml 더블 기획 토이 스토리5 에디션","이니스프리","50.0","100.0","ml","24000","19800","1980.0","정제수, 프로판다이올, 다이부틸아디페이트, 글리세린, C12-15알킬벤조에이트, 에칠헥실트리아존, 디에칠아미노하이드록시벤조일헥실벤조에이트, 코코-
카프릴레이트/카프레이트, 카프릴릴메티콘, 디에칠헥실부타미도트리아존, 메칠렌비스-벤조트리아졸릴테트라메칠부틸페놀, 폴리글리세릴-3메틸글루코오스다이스테아레이트, 1,2-헥산다이올, 베헤닐알코올, 실리카, 데실글루코사이드, 암모늄폴리아크릴로일다이메틸타우레이트, 브이피/에이코신코폴리머, 카프릴릴글라이콜, 트로메타민, 카보머, 에틸헥실글리세린, 아크릴레트/C10-30알킬아크릴레이트크로스폴리머, 트라이하이드록시스테아린, 트라이에틸시트레이트, 리모넨, 소듐하이알루로네이트, 알란토인, 소듐메타포스페이트, 레몬껍질오일, 소듐메틸스테아로일타우레이트, 잔탄검, 마테잎추출물, 녹차추출물, 시트랄, 하이알루로닉애씨드, 세라마이드엔피, 소두구씨오일, 스피어민트잎오일, 부틸렌글라이콜, 시트로넬라오일, 갈바눔수지오일, 프로필렌글라이콜, 글리세릴올리에이트, 토코페롤, 레시틴, 라우릴글루코사이드, 하이드롤라이즈드하이알루로닉애씨드, 폴리글리세릴-6라우레이트, 미리스틸글루코사이드, 소듐하이알루로네이트크로스폴리머, 글리세릴카프릴레이트, 소듐트라이메
타포스페이트, 소듐아세틸레이티드하이알루로네이트"
"A000000011226","니베아 선 프로텍트 앤 라이트 필 퍼펙트 선세럼 SPF50+ PA+++","니베아","","","","","19500","","■정재수,호모살레이트,부틸메톡시디벤조일메탄,에칠헥실살리실레이트,옥토크릴렌,변성알코올,다이메티콘,타피오카전분,페닐벤즈이미다졸설포닉애씨드,글리세린,베헤닐알코올,세테아릴알코올,메틸프로판다이올,실리카다이메틸실릴레이트,페녹시에탄올,아이소아밀라우레이트,실리카,다이메티콘크로스폴리머,소듐하이드록사이드,티타늄디옥사이드,소듐스테아로일글루타메이트,에틸헥실글리세린,트라이소듐이디티에이,카보머,아크릴레이트/C10-30알킬아크릴레이트크로스폴리머,토코페릴아세테이트,커르니틴,잔탄검,소듐클로라이드,스페인감초뿌리추출물"
"A000000252287","[1등 쌩얼천재 톤업썬] 에스네이처 아쿠아 365 글로우 핏 톤업선 40ml","에스네이처","40.0","40.0","ml","25000","19000","4750.0","정제수, 징크옥사이드, 부틸옥틸살리실레이트, 부틸렌글라이콜다이카프릴레이트/다이카프레이트, 다이메티콘, 티타늄디옥사이드, 부틸렌글라이콜, 프로판다이올, 다이아이소부틸아디페이트, 라우릴폴리글리세릴-3폴리다이메틸실록시에틸다이메티콘, 나이아신아마이드, C11-13아이소알케인, 1,2-헥산다이올, 글리세린, 다이스테아다이모늄헥토라이트, 브이피/헥사데센코폴리머, 스쿠알란, 폴리글리세릴-3폴리다이메틸실록시에틸다이메티콘, 소듐하이알루로네이트, 세라마이드엔피, 세라마이드엔에스, 세라마이드에이피, 세라마이드이오피, 세라마이드에이에스, 콜레스테롤, 피토스핑고신, 병풀추출물, 복숭아추출물, 세룰라타벚나무꽃추출물, 아이스플랜트추출물, 연꽃추출물, 매실추출물, 베타인, 올리브오일, 하이드록시프로필트라이모늄하이알루로네이트, 소듐아세틸레이티드하이알루로네이트, 하이드롤라이즈드하이알루로닉애씨드, 소듐하이알루로네이트크로스폴리머,하이드롤라이즈드소듐하이알루로네이트, 하이알루로닉애씨드,포타슘하이알루로네이트, 아데노신, 무화과추출물, 베타-글루칸,다이포타슘글리시리제이트, 스테아릭애씨드, 에틸헥실글리세린,하이드로제네이티드레시틴, 세테아릴알코올, 알루미늄하이드록사이드, 다이메티콘/비닐다이메티콘크로스폴리머, 마그네슘설페이트, 트라이에톡시카프릴릴실레인, 폴리글리세릴-2다이폴리하이드록시스테아레이트, 다이소듐이디티에이, 시트릭애씨드,락틱애씨드, 황색산화철, 적색산화철, 흑색산화철"
"A000000224826","[모공PDRN 집중케어썬/조앤프렌즈 콜라보] 셀퓨전씨 레이저 UV 포어 썬 세럼 40ml","셀퓨전씨","40.0","40.0","ml","28000","18300","4575.0","정제수, 다이부틸아디페이트, 변성알코올, 2,3-부탄다이올, 프로판다이올, 에칠헥실트리아존, 실리카, 나이아신아마이드, 카프릴릴메티콘, 드로메트리졸트리실록산, 테레프탈릴리덴디캠퍼설포닉애씨드, 다이메티콘/비닐다이메티콘크로스폴리머, 폴리메틸실세스퀴옥세인, 디에칠아미노하이드록시벤조일헥실벤조에이트, 트로메타민, 1,2-헥산다이올, 펜틸렌글라이콜, 하이드로제네이티드캐스터오일/세바식애씨드코폴리머, 비스-에칠헥실옥시페놀메톡시페닐트리아진, 폴리글리세릴-3메틸글루코오스다이스테아레이트, 하이드로제네이티드폴리아이소부텐, 하이드로제네이티드폴리사이클로펜타다이엔, 폴리글리세릴-3다이스테아레이트, 마이크로크리스탈린셀룰로오스, 부틸렌글라이콜, 에틸헥실글리세린, 스핑고모나스발효추출물, 소듐스테아로일글루타메이트, 아데노신, 셀룰로오스검, 글리세릴스테아레이트시트레이트, 잔탄검, 토코페롤, 카페인, 파스향나무잎추출물, 글리세린, 목면꽃추출물, 에틸헥산다이올, 카프릴릴글라이콜, 하이드롤라이즈드콜라겐, 감나무잎추출물, 포도추출물, 잇꽃꽃추출물, 호장근뿌리추출물, 커피콩추출물, 녹차추출물, 밤껍질추출물, 초피나무열매추출물, 소듐디엔에이, 향료"
"A000000247862","[NEW/투명광채] 셀퓨전씨 나이아신 잡티 썬 세럼 40ml","셀퓨전씨","40.0","40.0","ml","28000","18300","4575.0","정제수, 나이아신아마이드(100,000ppm), 부틸렌글라이콜, 다이부틸아디페이트, 에칠헥실트리아존, 다이메티콘, 비스-에칠헥실옥시페놀메톡시페닐트리아진, 옥토크릴렌, 프로판다이올, 테레프탈릴리덴디캠퍼설포닉애씨드, 판테놀, 실리카, 트로메타민, 스핑고모나스발효추출물, 알파-알부틴, 사과세포배양추출물, 부틸옥틸살리실레이트, 메틸트라이메티콘, 폴리글리세릴-3다이스테아레이트, 펜틸렌글라이콜, 1,2-헥산다이올, 비사보롤, 폴리아마이드-8, 다이프로필렌글라이콜, 하이드록시아세토페논, 글리세릴스테아레이트, 다이메티콘/비닐다이메티콘크로스폴리머, 글리세릴스테아레이트시트레이트, 데하이드로잔탄검, 아데노신, 마이크로크리스탈린셀룰로오스, 셀룰로오스검, 펜타에리스리틸테트라-다이-t-부틸하이드록시하이드로신나메이트, 3-O-에틸아스코빅애씨드, 알란토인, 아스코빌글루코사이드, 아스코빌테트라이소팔미테이트, 토코페릴아세테이트, 카프릴릭/카프릭트라이글리세라이드, 베타-글루칸, 미리스틸니코티네이트, 글리세린, 하이알루로닉애씨드/폴리아이소프로필아크릴아마이드코폴리머, 하이드로제네이티드레시틴, 글루타티온, 에틸헥실글리세린, 카보머, 향료"
"A000000229927","[혼합자차/눈시림제로]스킨앤랩 베리어덤 컴포트 선크림50ml","스킨앤랩","50.0","50.0","ml","28000","18200","3640.0","정제수,다이부틸아디페이트,테레프탈릴리덴디캠퍼설포닉애씨드,드로메트리졸트리실록산,프로판다이올,C12-15알킬벤조에이트,티타늄디옥사이드,다이메티콘,나이아신아마이드,트로메타민,포타슘세틸포스페이트,1,2-헥산다이올,코코-카프릴레이트/카프레이트,에칠헥실트리아존,폴리메틸실세스퀴옥세인,세테아릴알코올,폴리글리세릴-3메틸글루코오스다이스테아레이트,폴리프로필실세스퀴옥세인,팔미틱애씨드,스테아릭애씨드,알루미늄스테아레이트,하이드록시아세토페논,폴리우레탄-15,소듐폴리아크릴로일다이메틸타우레이트,알루미나,폴리하이드록시스테아릭애씨드,폴리아크릴레이트크로스폴리머-6,베타인,판테놀,스쿠알란,비스-하이드록시에톡시프로필다이메티콘/아이피디아이코폴리머에틸카바메이트,메틸프로판다이올,폴리에터-1,에틸헥실글리세린,잔탄검,아데노신,토코페롤,세라마이드엔피,다이프로필렌글라이콜,t-부틸알코올,라벤더오일,로즈마리잎오일,하이드로제네이티드레시틴,아이소도데케인,부틸렌글라이콜,글리세릴스테아레이트,콜레스테롤,세라마이드에이에스,세라마이드에이피,세라마이드엔에스,소듐하이알루로네이트,다이메틸실란올하이알루로네이트,하이알루로닉애씨드,하이드롤라이즈드하이알루로닉애씨드,하이드롤라이즈드소듐하이알루로네이트,포타슘하이알루로네이트,하이드록시프로필트라이모늄하이알루로네이트,소듐하이알루로네이트크로스폴리머,소듐하이알루로네이트다이메틸실란올,소듐아세틸레이티드하이알루로네이트,세라마이드이오피"
"A000000229321","[겉보속촉 선케어] 온그리디언츠 스킨 베리어 수분 선크림 기획 (50ml+20ml)","온그리디언츠","50.0","70.0","ml","25000","17910","2558.6","정제수, 호모살레이트, 다이프로필렌글라이콜, 에칠헥실살리실레이트, 부틸메톡시디벤조일메탄, 페닐벤즈이미다졸설포닉애씨드, 메틸메타크릴레이트크로스폴리머, 나이아신아마이드, 세테아릴알코올, 세테아릴올리베이트, 글리세릴스테아레이트, 아크릴레이트코폴리머, 판테놀, 벤조트라이아졸릴도데실p-크레솔, 옥토크릴렌, 실리카, 솔비탄올리베이트, 폴리솔베이트60, 카프릴릴글라이콜, 폴리아크릴레이트-13, 글리세린, 다이메티콘, 소듐하이드록사이드, 솔비탄스테아레이트, 피이지-100스테아레이트, 폴리아이소부텐, 에틸헥실글리세린, 1,2-헥산다이올, 다이소듐이디티에이, 토코페릴아세테이트, 잔탄검, 폴리솔베이트20, 아데노신, 솔비탄아이소스테아레이트, 알란토인, 스쿠알란, 인도멀구슬나무꽃추출물, 홀리바질잎추출물, 부틸렌글라이콜, 인도멀구슬나무잎추출물, 프로판다이올, 울금뿌리추출물, 참산호말추출물, 참마뿌리추출물, 하이드로제네이티드레시틴, 카프릴릭/카프릭트라이글리세라이드, 병풀추출물, 세라마이드엔피, 소듐하이알루로네이트, 하이알루로닉애씨드, 하이드롤라이즈드하이알루로닉애씨드, 레시틴, 아세틸글루타민, 흰목이버섯추출물, 바실러스/소이빈발효추출물, 알테로모나스발효추출물, 폴릭애씨드, 헥사펩타이드-11, 올리고펩타이드-1, 올리고펩타이드-2, 올리고펩타이드-3"
"A000000248223","[저자극/쿨링진정] 아비브 어성초 마일드 선크림 릴리프 튜브 50ml","아비브","50.0","50.0","ml","25000","17500","3500.0","정제수, 징크옥사이드 (CI 77947), 부틸옥틸살리실레이트, 프로필헵틸카프릴레이트, 프로판다이올, C15-19알케인, 다이실록세인, 아이소도데케인, 세틸다이글리세릴트리스(트라이메틸실록시)실릴에틸다이메티콘, 카프릴릴메티콘, 아이소프로필미리스테이트, 소듐클로라이드, 트라이에틸헥사노인, 글리세린, 다이스테아다이모늄헥토라이트, 메틸메타크릴레이트크로스폴리머, 폴리메틸실세스퀴옥세인, 1,2-헥산다이올, 트라이에톡시카프릴릴실레인, 다이펜타에리스리틸트라이-폴리하이드록시스테아레이트, 약모밀추출물(3,500 ppm), 라우릴다이메티콘/폴리글리세린-3크로스폴리머, 폴리글리세릴-2다이폴리하이드록시스테아레이트, 판테놀, 카프릴릴글라이콜, 글리세릴카프릴레이트, 인도멀구슬나무잎추출물, 인도멀구슬나무꽃추출물, 부틸렌글라이콜, 아이비고드열매추출물, 호박가루, 다이프로필렌글라이콜, 가지열매추출물, 울금뿌리추출물, 홀리바질잎추출물, 토코페롤, 참산호말추출물, 드럼스틱씨오일, 소듐시트레이트, 레시틴, 소듐하이알루로네이트, 알란토인, 다이포타슘글리시리제이트, 소듐피씨에이, 알지닌, 세라마이드엔피, 에리스리톨, 아시아티코사이드, 마데카식애씨드, 아시아틱애씨드, 병풀추출물, 펜틸렌글라이콜, 옥탄다이올"
"A000000248225","[톤업/파데프리] 아비브 글루타치온좀 CC 선크림 토닝 튜브 50ml","아비브","50.0","50.0","ml","25000","17500","3500.0","정제수*, 다이부틸아디페이트, 프로판다이올, 티타늄디옥사이드 (CI 77891), 비스-에칠헥실옥시페놀메톡시페닐트리아진, 디에칠아미노하이드록시벤조일헥실벤조에이트, 에칠헥실트리아존, 폴리실리콘-15, 나이아신아마이드, 코코-카프릴레이트/카프레이트, 다이아이소프로필세바케이트, 폴리메틸실세스퀴옥세인, 부틸렌글라이콜*, 1,2-헥산다이올*, 글리세린, 메칠렌비스-벤조트리아졸릴테트라메칠부틸페놀, 펜틸렌글라이콜, 아이소도데케인, 옥틸도데칸올, 포타슘세틸포스페이트, 베헤닐알코올, 폴리아크릴레이트크로스폴리머-6, 폴리글리세릴-3메틸글루코오스다이스테아레이트, 폴리C10-30알킬아크릴레이트, 트로메타민, 폴리글리세릴-4아이소스테아레이트, 황색산화철 (CI 77492), 카보머, 데실글루코사이드, 아이소프로필티타늄트라이아이소스테아레이트, 알루미늄하이드록사이드, 아크릴레이트/C10-30알킬아크릴레이트크로스폴리머, 마이카 (CI 77019), 폴리에스터-1, 소듐스테아로일글루타메이트, 에틸헥실글리세린*, 적색산화철 (CI 77491), 아데노신, 흑색산화철 (CI 77499), 글루타티온(150 ppm)*, 실리카다이메틸실릴레이트, 잔탄검, 토코페롤, 알란토인, 사과세포배양추출물*, 다이프로필렌글라이콜, 베타-글루칸, 하이드로제네이티드레시틴, 콜레스테롤, 키토산, 아스코빅애씨드, 3-O-에틸아스코빅애씨드, 아스코빌글루코사이드, 세라마이드엔피
*글루타치온좀(Glutathiosome) : 식물 유래 이중 지질막 전달체에 글루타치온을 담지하여 만든 복합체 30,000 ppm 함유"
"A000000188378","[화잘먹썬] 하멜 비건 아쿠아 글로우 선세럼 50ml","하멜","50.0","50.0","ml","28000","16500","3300.0","정제수, 다이부틸아디페이트, 프로판다이올, 부틸옥틸살리실레이트, 에칠헥실트리아존, 테레프탈릴리덴디캠퍼설포닉애씨드, 폴리글리세릴-3다이스테아레이트, 나이아신아마이드, 트로메타민, 1,2-헥산다이올, 펜틸렌글라이콜, 디에칠아미노하이드록시벤조일헥실벤조에이트, 폴리실리콘-15, 아이비고드열매추출물, 한련초추출물, 동백나무꽃추출물, 병풀추출물, 흰목이버섯추출물, 드럼스틱씨추출물, 꽃생강뿌리추출물, 소듐하이알루로네이트, 클레리오일, 글리세릴스테아레이트, 비스-에칠헥실옥시페놀메톡시페닐트리아진, 세테아릴알코올, 글리세린, 카보머, 암모늄아크릴로일다이메틸타우레이트/브이피코폴리머, 글리세릴스테아레이트시트레이트, 이눌린라우릴카바메이트, 아크릴레이트/C10-30알킬아크릴레이트크로스폴리머, 소듐스테아로일글루타메이트, 에틸헥실글리세린, 아데노신, 메틸프로판다이올, 폴리에터-1, 말토덱스트린, 하이드롤라이즈드식물성단백질, 바이오사카라이드검-1"
"A000000210322","[수분 선크림] 벤튼 시카 수분 선세럼 SPF50+/PA++++ 50mL","벤튼","50.0","50.0","ml","18900","16500","3300.0","정제수, 프로판다이올, 다이부틸아디페이트, 디에칠아미노하이드록시벤조일헥실벤조에이트, 실리카, 에칠헥실트리아존, 메칠렌비스-벤조트리아졸릴테트라메칠부틸페놀, 카프릴릴메티콘, 디에칠헥실부타미도트리아존, 코코-카프릴레이트/카프레이트, 1,2-헥산다이올, 폴리글리세릴-3메틸글루코오스다이스테아레이트, 사카라이드아이소머레이트, 펜틸렌글라이콜, 판테놀, 카프릴릭/카프릭트라이글리세라이드, 데실글루코사이드, 베헤닐알코올, 아크릴레이트/C10-30알킬아크릴레이트크로스폴리머, 베타인, 소듐아크릴레이트/소듐아크릴로일다이메틸타우레이트코폴리머, 폴리아이소부텐, 하이드로제네이티드폴리(C6-20올레핀), 글리세린, 다이포타슘글리시리제이트, 폴리C10-30알킬아크릴레이트, 부틸렌글라이콜, 에이치디아이/트라이메틸올헥실락톤크로스폴리머, 소듐하이알루로네이트, 소듐하이알루로네이트크로스폴리머, 하이알루로닉애씨드, 백미꽃추출물, 바이오사카라이드검-1, 카프릴릴/카프릴글루코사이드, 돌콩추출물, 솔비탄올리에이트, 병풀추출물(100ppm), 토코페롤, 접시꽃추출물, 알란토인, 엑토인, 칸디다 봄비콜라/글루코오스/메틸레이프씨데이트발효물, 아시아티코사이드, 마데카식애씨드, 포도씨오일, 아시아틱애씨드, 병풀잎추출물, 프룩탄, 세라마이드엔피, 하이드로제네이티드레시틴, 하이드록시아세토페논, 트로메타민, 소듐파이테이트, 잔탄검, 아세틸글루코사민, 시트릭애씨드, 소듐시트레이트, 옥탄다이올, 에틸헥실글리세린, 카프릴릴글라이콜, 해바라기씨오일"
"A000000258844","에스쁘아 워터 스플래쉬 선크림 퀵 수딩 50ml","에스쁘아","50.0","50.0","ml","20000","16000","3200.0","정제수, 프로판다이올, C12-15알킬벤조에이트, 아이소도데케인, 드로메트리졸트리실록산, 코코-카프릴레이트/카프레이트, 에칠헥실트리아존, 나이아신아마이드, 디에칠아미노하이드록시벤조일헥실벤조에이트, 테레프탈릴리덴디캠퍼설포닉애씨드, 트로메타민, 1,2-헥산다이올, 자일리톨, 아라키딜알코올, 실리카, 소듐폴리아크릴로일다이메틸타우레이트, 베헤닐알코올, 다이메티콘, 폴리아크릴레이트크로스폴리머-6, 아라키딜글루코사이드, 보론나이트라이드, 카보머, 세테아릴알코올, 알란토인, 에틸헥실글리세린, 카프릴릴글라이콜, 다이메티콘/비닐다이메티콘크로스폴리머, 메티콘, 소듐메타포스페이트, 징크피씨에이, 피토스테롤, 엑토인, 토코페롤, 녹차추출물"
"A000000224531","[수분진정/피지케어] 메디큐브 제로 모공 수분 선세럼 50ml","메디큐브","50.0","50.0","ml","24000","15900","3180.0","정제수, 다이부틸아디페이트, 프로판다이올, 부틸옥틸살리실레이트, 1,2-헥산다이올, 에칠헥실트리아존, 헵틸운데실레네이트, 나이아신아마이드, 프로필헵틸카프릴레이트, 비스-에칠헥실옥시페놀메톡시페닐트리아진, 메칠렌비스-벤조트리아졸릴테트라메칠부틸페놀, 카프릴릴메티콘, 디에칠아미노하이드록시벤조일헥실벤조에이트, 메틸메타크릴레이트크로스폴리머, 베헤닐알코올, 포타슘세틸포스페이트, 폴리글리세릴-3메틸글루코오스다이스테아레이트, 카보머, 폴리에스터-5, 트로메타민, 데실글루코사이드, 다이프로필렌글라이콜, 폴리아크릴레이트크로스폴리머-6, 잔탄검, 에틸헥실글리세린, 아데노신, 인도멀구슬나무잎추출물, 인도멀구슬나무꽃추출물, 글리세린, 다이소듐이디티에이, 아이비고드열매추출물, 알란토인, 판테놀, 폴리메틸실세스퀴옥세인, 부틸렌글라이콜, 유칼립투스잎오일, 가지열매추출물, t-부틸알코올, 호호바씨오일, 블루아가베잎추출물, 참산호말추출물, 울금뿌리추출물, 홀리바질잎추출물, 토코페롤, 시트로넬라오일, 다마스크장미꽃오일, 약모밀추출물, 소듐하이알루로네이트, 하이드롤라이즈드하이알루로닉애씨드, 하이드롤라이즈드소듐하이알루로네이트, 하이드록시프로필트라이모늄하이알루로네이트, 소듐아세틸레이티드하이알루로네이트, 소듐하이알루로네이트크로스폴리머, 하이알루로닉애씨드, 펜틸렌글라이콜, 포타슘하이알루로네이트"
"A000000236530","[수분/진정/온가족] 닥터바이오 에코 선 모이스처라이저 100g","닥터바이오","100.0","100.0","g(약 1ml 상당으로 근사)","18500","15900","1590.0","정제수, 다이부틸아디페이트, 프로판다이올, 부틸옥틸살리실레이트, 디에칠아미노하이드록시벤조일헥실벤조에이트, 에칠헥실트리아존, 비스-에칠헥실옥시페놀메톡시페닐트리아진, 글리세린, 판테놀, 변성알코올, 1,2-헥산다이올, 세테아릴알코올, 사이클로헥사실록세인, 폴리메틸실세스퀴옥세인, 폴리글리세릴-3다이스테아레이트, 글리세릴스테아레이트, 포타슘세틸포스페이트, 부틸렌글라이콜, 암모늄아크릴로일다이메틸타우레이트/브이피코폴리머, 폴리아크릴레이트크로스폴리머-6, 카보머, 트로메타민, 팔미틱애씨드, 에틸헥실글리세린, 글리세릴스테아레이트시트레이트, 스테아릭애씨드, 아크릴레이트/C10-30알킬아크릴레이트크로스폴리머, 두충나무껍질추출물, 하이드로제네이티드레시틴, t-부틸알코올, 락토바실러스발효용해물, 잔탄검, 바이오사카라이드검-4, 세라마이드엔피, 카프릴릴글라이콜, 병풀추출물, 약모밀추출물, 콜레스테롤, 피토스핑고신, 멕시칸치아씨추출물, 세라마이드엔에스, 세라마이드엔지, 세라마이드에이에스, 세라마이드에이피, 글루코오스, 소듐하이알루로네이트, 아이리쉬모스추출물, 하이드록시프로필트라이모늄하이알루로네이트, 하이드롤라이즈드하이알루로닉애씨드, 소듐아세틸레이티드하이알루로네이트, 세라마이드이오피, 하이알루로닉애씨드, 소듐하이알루로네이트크로스폴리머, 하이드롤라이즈드소듐하이알루로네이트, 포타슘하이알루로네이트"
"A000000165560","[보송파데프리] 홀리카홀리카 메이크업 선크림 SPF50+ PA+++ 60ml","홀리카홀리카","60.0","60.0","ml","","15000","2500.0","정제수, 사이클로펜타실록세인, 징크옥사이드, 티타늄디옥사이드, 다이프로필렌글라이콜, 피이지-10다이메티콘, 다이카프릴릴카보네이트, 글리세린, 다이스테아다이모늄헥토라이트, 자몽추출물, 파파야열매추출물, 병풀추출물, 쇠비름추출물, 야생딸기추출물, 양벚나무열매추출물, 오렌지추출물, 살구추출물, 율무씨추출물, 인동덩굴꽃추출물, 질경이추출물, 황금추출물, 귤껍질추출물, 매실추출물, 복숭아추출물, 토마토추출물, 알로에베라잎추출물, 수박추출물, 소듐하이알루로네이트, 마그네슘설페이트, 메티콘, 메틸메타크릴레이트크로스폴리머, 마이카, 탤크, 알루미늄하이드록사이드, 카프릴릴글라이콜, 스테아릭애씨드, 다이메티콘, 글리세릴카프릴레이트, 토코페릴아세테이트, 폴리글리세릴-6폴리리시놀리에이트, 프로판다이올, 아미노프로필다이메티콘, 폴리메틸실세스퀴옥세인, 트라이에톡시카프릴릴실레인, 에틸헥실글리세린, 부틸렌글라이콜, 효모발효물, 시트룰린, 향료, 페녹시에탄올, 적색산화철, 황색산화철, 리모넨, 리날룰, 시트로넬올, 하이드록시시트로넬알, 시트랄"
"A000000248549","딘시 프리미엄 비건 워터프루프 선세럼 50ml","딘시","50.0","50.0","ml","30000","15000","3000.0","정제수,다이부틸아디페이트,프로판다이올,디에칠아미노하이드록시벤조일헥실벤조에이트,폴리메틸실세스퀴옥세인,에칠헥실트리아존,나이아신아마이드,메칠렌비스-벤조트리아졸릴테트라메칠부틸페놀,코코-카프릴레이트/카프레이트,카프릴릴메티콘,디에칠헥실부타미도트리아존,글리세린,부틸렌글라이콜,1,2-헥산다이올,비타민나무열매추출물,당근추출물,로즈힙열매추출물,사과추출물,케이프알로에잎추출물,사철쑥추출물,살구즙,하이드로제네이티드레시틴,펜틸렌글라이콜,베헤닐알코올,폴리C10-30알킬아크릴레이트,폴리글리세릴-3메틸글루코오스다이스테아레이트,데실글루코사이드,트로메타민,카보머,아크릴레이트/C10-30알킬아크릴레이트크로스폴리머,소듐스테아로일글루타메이트,폴리아크릴레이트크로스폴리머-6,에틸헥실글리세린,아데노신,잔탄검,토코페롤,아스코빅애씨드,드럼스틱씨오일,세라마이드엔피,피토스핑고신,향료"
"A000000151323","[단독기획] 휘게 비건 선크림 더블 기획(35ml+35ml)","휘게","35.0","70.0","ml","24300","14900","2128.6","정제수, 에탄올, 디에칠아미노하이드록시벤조일헥실벤조에이트, 비스-에칠헥실옥시페놀메톡시페닐트리아진, 부틸옥틸살리실레이트, 다이부틸아디페이트, 에칠헥실트리아존, 헥실라우레이트, 나이아신아마이드, 폴리메틸실세스퀴옥세인, 카프릴릴메티콘, 소듐아크릴레이트크로스폴리머-2, 클로렐라 불가리스추출물, 사탕무뿌리추출물, 이소아밀p-메톡시신나메이트, 폴리실리콘-15, 1,2-헥산다이올, 펜틸렌글라이콜, 부틸렌글라이콜, 글루코오스, 소듐폴리아크릴로일다이메틸타우레이트, 하이드록시아세토페논, 폴리아크릴레이트크로스폴리머-6, 프룩토올리고사카라이드, 프룩토오스, 에틸헥실올리베이트, 소듐아크릴레이트코폴리머, 폴리글리세릴-4올리에이트, 아데노신, 에틸헥실글리세린, 다이소듐이디티에이"
"A000000179116","[1+1 올영기획]닥터자르트 에브리선데이 워터프루프 선 밀크 30ml 1+1 기획세트","닥터자르트","30.0","60.0","ml","24000","14900","2483.3","정제수, 다이부틸아디페이트, 프로
판다이올, 폴리메틸실세스퀴옥세인, 디
에칠아미노하이드록시벤조일헥실벤조
에이트, 에칠헥실트리아존, 나이아신아
마이드, 메칠렌비스-벤조트리아졸릴테
트라메칠부틸페놀, 코코-카프릴레이트/
카프레이트, 카프릴릴메티콘, 디에칠헥실
부타미도트리아존, 글리세린, 부틸렌글
라이콜, 1,2-헥산다이올, 펜틸렌글라이콜,
베헤닐알코올, 폴리C10-30알킬아크릴
레이트, 폴리글리세릴-3메틸글루코오스
다이스테아레이트, 데실글루코사이드,
트로메타민, 카보머, 아크릴레이트/C10-
30알킬아크릴레이트크로스폴리머, 소듐
스테아로일글루타메이트, 폴리아크릴
레이트크로스폴리머-6, 에틸헥실글리
세린, 아데노신, 잔탄검, 비타민나무열매
추출물, 당근추출물, 사과추출물, 로즈힙
열매추출물, 살구즙, 드럼스틱씨오일,
세라마이드엔피, 피토스핑고신, 케이프
알로에잎추출물, 사철쑥추출물, 하이드로
제네이티드레시틴, t-부틸알코올, 향료,
토코페롤, 아스코빅애씨드"
"A000000204826","테라로직 마데셀 더마 리페어 B5 톤업 선크림 50ml","테라로직","50.0","50.0","ml","21000","14700","2940.0","정제수, 징크옥사이드, 부틸옥틸살리실레이트, 프로판다이올, 프로필헵틸카프릴레이트, 코코-카프릴레이트/카프레이트, 사이클로헥사실록세인, 카프릴릴메티콘, 아이소도데케인, 나이아신아마이드, 메틸트라이메티콘, 라우릴폴리글리세릴-3폴리다이메틸실록시에틸다이메티콘, 폴리글리세릴-3폴리다이메틸실록시에틸다이메티콘, 티타늄디옥사이드, 메틸메타크릴레이트크로스폴리머, 라벤더꽃추출물, 마트리카리아꽃추출물, 보리지추출물, 수레국화꽃추출물, 클레리추출물, 히아신 스전초추출물, 검은깨추출물, 고삼 뿌리추출물, 라케모사승마뿌리추출물, 뽕나무껍질추출물, 스페인감초뿌리추출물, 작약뿌리추출물, 진흙버섯추출물, 참당귀뿌리추출물, 하수오뿌리추출물, 황금추출물, 소듐하이알루로네이트, 다이스테아다이모늄헥토라이트, 마그네슘설페이트, 트라이에톡시카프릴릴실레인, 1,2-헥산다이올, 폴리글리세릴-2다이폴리하이드록시스테아레이트, 글리세릴카프릴레이트, 카프릴릴글라이콜, 다이부틸아디페이트, 에틸헥실글리세린, 알루미늄하이드록사이드, 아데노신, 폴리C10-30알킬아크릴레이트, 부틸렌글라이콜, 토코페롤, 합성플루오르플로고파이트, 마데카소사이드, 판테놀(1,000ppb), 향료, 적색산화철, 황색산화철, 흑색산화철"
"A000000251852","[NEW] 메디힐 PDRN 수분 선세럼 매끈 톤업 50g","메디힐","50.0","50.0","g(약 1ml 상당으로 근사)","22000","14400","2880.0","정제수, 다이부틸아디페이트, 티타늄디옥사이드 (CI 77891), 부틸옥틸살리실레이트, 에칠헥실트리아존, 테레프탈릴리덴디캠퍼설포닉애씨드, 글리세린, 메틸프로판다이올, 나이아신아마이드, 트로메타민, 2,3-부탄다이올, 펜틸렌글라이콜, 디에칠아미노하이드록시벤조일헥실벤조에이트, 폴리실리콘-15, 아이소도데케인, 비스-에칠헥실옥시페놀메톡시페닐트리아진, 옥틸도데칸올, 세테아릴올리베이트, 1,2-헥산다이올, 트라이메틸실록시실리케이트, 베헤닐알코올, 솔비탄올리베이트, 폴리C10-30알킬아크릴레이트, 소듐폴리아크릴로일다이메틸타우레이트, 폴리하이드록시스테아릭애씨드, 하이드록시아세토페논, 글리세릴스테아레이트, 폴리글리세릴-4아이소스테아레이트, 암모늄아크릴로일다이메틸타우레이트/브이피코폴리머, 편백오일, 아이소프로필티타늄트라이아이소스테아레이트, 부틸렌글라이콜, 소듐스테아로일글루타메이트, 카보머, 폴리아크릴레이트크로스폴리머-6, 알루미늄하이드록사이드, 잔탄검, 아데노신, 적색산화철 (CI 77491), 폴리에터-1, 장미꽃오일, 황색산화철 (CI 77492), 시트로넬올, 제라니올, 스쿠알란, 카프릴릭/카프릭트라이글리세라이드, 칼슘카보네이트, 에틸헥실글리세린, 소듐하이알루로네이트, 소듐디엔에이(1 ppm), 장미추출물, 다마스크장미꽃추출물, 다마스크장미꽃수, 다마스크장미꽃오일, 다이메틸실란올하이알루로네이트, 하이드롤라이즈드소듐하이알루로네이트, 하이드롤라이즈드하이알루로닉애씨드, 포타슘하이알루로네이트, 하이알루로닉애씨드, 소듐하이알루로네이트크로스폴리머, 하이드록시프로필트라이모늄하이알루로네이트, 소듐하이알루로네이트다이메틸실란올, 소듐아세틸레이티드하이알루로네이트"
"A000000184632","김정문알로에 큐어 아쿠아 마일드 그린 선 크림 40ml [순둥선크림]","큐어","40.0","40.0","ml","25000","13900","3475.0","알로에베라잎즙, 징크옥사이드, 사이클로헥사실록세인, 메틸트라이메티콘, 부틸 옥틸살리실레이트, 부틸렌글라이콜, 글리세린, 프로판다이올, 폴리글리세릴-3 폴리다이메틸실록시에틸다이메티콘, 다이스테아다이모늄헥토라이트, 1,2-헥산 다이올,폴리글리세릴-2다이폴리하이드록시스테아레이트, 마그네슘설페이트, 카프릴릴메티콘, 트라이에톡시카프릴릴실레인, 솔비탄세스퀴올리에이트, 정제수,라우릴폴리글리세릴-3폴리다이메틸실록시에틸다이메티콘, 다이머 다이리놀레일다이머다이리놀리에이트, C30-45알킬세테아릴다이메티콘 크로스폴리머, 다이포타슘글리시리제이트, 에틸헥실글리세린, 병풀추출물, 멕시칸치아씨추출물, 하이드로제네이티드레시틴, 약모밀추출물, 무화과추출물, 서양배꽃추출물, 베타-글루칸, 세라마이드엔피, 폴스애플민트잎추출물, 녹차 추출물, 타임잎추출물"
"A000000257533","싸이닉 엔조이 워터프루프 수분 선크림 80ml","싸이닉","80.0","80.0","ml","9900","5870","733.8","정제수, 다이아이소프로필세바케이트, 프로판다이올, 다이부틸아디페이트, 에칠헥실트리아존, 디에칠아미노하이드록시벤조일헥실벤조에이트, 메칠렌비스-벤조트리아졸릴테트라메칠부틸페놀, 나이아신아마이드, 1,2-헥산다이올, 소듐하이알루로네이트, 흑효모발효물, 하이드롤라이즈드하이알루로닉애씨드, 하이알루로닉애씨드, 알바수련꽃추출물, 비스-에칠헥실옥시페놀메톡시페닐트리아진, 다이프로필렌글라이콜다이벤조에이트, 펜틸렌글라이콜, 폴리C10-30알킬아크릴레이트, 드로메트리졸트리실록산, 글리세릴스테아레이트, 폴리글리세릴-3메틸글루코오스다이스테아레이트, 브이피/에이코신코폴리머, 데실글루코사이드, 트로메타민, 아크릴레이트/C10-30알킬아크릴레이트크로스폴리머, 메틸프로판다이올, 폴리에스터-5, 폴리아크릴레이트크로스폴리머-6, 소듐스테아로일글루타메이트, 아데노신, 글리세린, 폴리에터-1, 세틸하이드록시에틸셀룰로오스, 스쿠알란, 자일로글루칸, 부틸렌글라이콜, 알란토인, 하이드록시프로필트라이모늄하이알루로네이트, 소듐아세틸레이티드하이알루로네이트, 토코페롤, 다이프로필렌글라이콜, 소듐팔미토일프롤린, 하이드롤라이즈드소듐하이알루로네이트, 소듐하이알루로네이트크로스폴리머, 에틸헥실글리세린, 포타슘하이알루로네이트, 세테아릴알코올, 카보머, 잔탄검, 향료"
"A000000181329","닥터아토 더마 워터프루프 선 프로텍터 80ml","닥터아토","80.0","80.0","ml","17900","12950","1618.8","정제수,징크옥사이드,다이부틸아디페이트,프로필헵틸카프릴레이트,사이클로헥사실록세인,다이실록세인,부틸렌글라이콜,폴리글리세릴-5폴리리시놀리에이트,나이아신아마이드,메틸트라이메티콘,카프릴릴메티콘,다이스테아다이모늄헥토라이트,디에칠아미노하이드록시벤조일헥실벤조에이트,비스-에칠헥실옥시페놀메톡시페닐트리아진,에칠헥실트리아존,폴리메틸실세스퀴옥세인,드럼스틱씨추출물,캐모마일꽃추출물,수염틸란드시아추출물,병풀추출물,풍선덩굴꽃/잎/덩굴추출물,꿀풀추출물,블래더랙추출물,쌀겨오일,에키움플란타기네움씨오일,티타늄디옥사이드,마그네슘설페이트,트라이에톡시카프릴릴실레인,1,2-헥산다이올,칼슘알루미늄보로실리케이트,폴리글리세릴-3폴리다이메틸실록시에틸다이메티콘,비닐다이메티콘/메티콘실세스퀴옥세인크로스폴리머,카프릴릴글라이콜,글리세릴카프릴레이트,합성플루오르플로고파이트,에틸헥실글리세린,아데노신,바이오사카라이드검-1,토코페롤,마데카소사이드,카르노신,옥틸도데칸올,판테놀,말토덱스트린,프로필렌글라이콜,칼라민,해바라기씨오일불검화물,트로폴론,향료"
"A000000229437","[단독기획] 코스알엑스 울트라 라이트 인비저블 선세럼 50ml 기획 (+15ml)","코스알엑스","50.0","65.0","ml","15000","10450","1607.7","알로에베라잎수, 다이에틸헥실석시네이트, 프로판다이올, 정제수, 드로메트리졸트리실록산, 에칠헥실트리아존, 나이아신아마이드, 디에칠아미노하이드록시벤조일헥실벤조에이트, 테레프탈릴리덴디캠퍼설포닉애씨드, 1,2-헥산다이올, 베헤닐알코올,
메틸트라이메티콘, 소듐폴리아크릴로일다이메틸타우레이트, 버지니아풍년화잎수, 트로메타민, 폴리아크릴레이트크로스폴리머-6, 아라키딜알코올, 카프릴릴글라이콜, 에틸헥실글리세린, 아라키딜글루코사이드, 소듐메타포스페이트, 아데노신, 토코페롤, 소듐하이알루로네이트, 알란토인, 시트릭애씨드, 소듐벤조에이트, 포타슘솔베이트"
"A000000008363","싸이닉 엔조이 퍼펙트 썬크림EX SPF50+PA++++ 50ml","싸이닉","50.0","50.0","ml","12000","5530","1106.0","정제수, 부틸렌글라이콜, 티타늄디옥사이드 (CI 77891), 아이소노닐아이소노나노에이트, C12-15알킬벤조에이트, 페닐트라이메티콘, 글리세린, 카프릴릴메티콘, 다이부틸아디페이트, 디에칠아미노하이드록시벤조일헥실벤조에이트, 나이아신아마이드, 폴리메틸실세스퀴옥세인, 다이카프릴릴에터, 세테아릴알코올, C14-22알코올, 1,2-헥산다이올, 병풀추출물, 편백잎추출물, 오레가노잎추출물, 흰버드나무껍질추출물, 육계나무껍질추출물, 락토바실러스/콩발효추출물, 쇠비름추출물, 황금추출물, C10-18트라이글리세라이즈, 에칠헥실트리아존, 펜틸렌글라이콜, 폴리글리세릴-6스테아레이트, C20-22알킬포스페이트, 폴리하이드록시스테아릭애씨드, 트로메타민, 아크릴레이트코폴리머, 알루미늄하이드록사이드, 메칠렌비스-벤조트리아졸릴테트라메칠부틸페놀, 하이드록시아세토페논, 포타슘세틸포스페이트, 스테아릭애씨드, C12-20알킬글루코사이드, 셀룰로오스검, 마이크로크리스탈린셀룰로오스, 폴리글리세릴-2다이폴리하이드록시스테아레이트, 폴리글리세릴-6베헤네이트, 데실글루코사이드, 아데노신, 토코페롤, 마데카소사이드, 판테놀, 에이치디아이/트라이메틸올헥실락톤크로스폴리머, 폴리메틸메타크릴레이트, 에틸헥실글리세린, C20-22알코올, 다이소듐이디티에이, 잔탄검"
"A000000125147","[광노화 선 케어] 싸이닉 엔조이 슈퍼 마일드 선 에센스 50ml","싸이닉","50.0","50.0","ml","15000","5520","1104.0","정제수, 다이부틸아디페이트, 프로판다이올, 디에칠아미노하이드록시벤조일헥실벤조에이트, 비스-에칠헥실옥시페놀메톡시페닐트리아진, 폴리메틸실세스퀴옥세인, 폴리실리콘-15, 메칠렌비스-벤조트리아졸릴테트라메칠부틸페놀, 에칠헥실트리아존, 나이아신아마이드, 디에칠헥실부타미도트리아존, 글리세린, 부틸렌글라이콜, 1,2-헥산다이올, 소듐하이알루로네이트, 녹차추출물, 타히티바닐라추출물, 밤부사 불가리스수, 병풀추출물, 카프릴릴메티콘, 코코-카프릴레이트/카프레이트, 실리카, 폴리C10-30알킬아크릴레이트, 폴리글리세릴-3메틸글루코오스다이스테아레이트, 소듐아크릴레이트크로스폴리머-2, 데실글루코사이드, 아크릴레이트/C10-30알킬아크릴레이트크로스폴리머, 트로메타민, 폴리아크릴레이트크로스폴리머-6, 아데노신, 판테놀, 다이프로필렌글라이콜, 펜틸렌글라이콜, 베헤닐알코올, 잔탄검"
"A000000232051","싸이닉 엔조이 파데스킵 톤업 선크림 50g","싸이닉","50.0","50.0","g(약 1ml 상당으로 근사)","15000","5520","1104.0","정제수, 다이부틸아디페이트, 다이프로필렌글라이콜, 티타늄디옥사이드 (CI 77891), C12-15알킬벤조에이트, 코코-카프릴레이트/카프레이트, 아이소노닐아이소노나노에이트, 디에칠아미노하이드록시벤조일헥실벤조에이트, 나이아신아마이드, 페네틸벤조에이트, 글리세린, 소듐하이알루로네이트, 하이드롤라이즈드하이알루로닉애씨드, 하이알루로닉애씨드, 비스-에칠헥실옥시페놀메톡시페닐트리아진, 에칠헥실트리아존, 폴리실리콘-15, 테레프탈릴리덴디캠퍼설포닉애씨드, 펜틸렌글라이콜, 1,2-헥산다이올, 폴리하이드록시스테아릭애씨드, 폴리C10-30알킬아크릴레이트, 폴리글리세릴-3메틸글루코오스다이스테아레이트, 트로메타민, 포타슘세틸포스페이트, 아이소도데케인, 옥틸도데칸올, 소듐폴리아크릴로일다이메틸타우레이트, 하이드록시에틸우레아, 알루미늄하이드록사이드, 하이드록시아세토페논, 판테놀, 스테아릭애씨드, 하이드록시에틸아크릴레이트/소듐아크릴로일다이메틸타우레이트코폴리머, 프로판다이올, 폴리글리세릴-4아이소스테아레이트, 아이소프로필티타늄트라이아이소스테아레이트, 폴리글리세릴-2다이폴리하이드록시스테아레이트, 하이드록시프로필메틸셀룰로오스스테아록시에터, 폴리아크릴레이트크로스폴리머-6, 아데노신, 폴리아크릴릭애씨드, 바이오사카라이드검-1, 아세틸글루코사민, 소듐하이알루로네이트크로스폴리머, 카프릴릴글라이콜, 알란토인, 마데카소사이드, 벤질글라이콜, 하이드롤라이즈드글라이코사미노글리칸, 하이드록시프로필트라이모늄하이알루로네이트, 에틸헥실글리세린, 소듐아세틸레이티드하이알루로네이트, 하이드롤라이즈드소듐하이알루로네이트, 포타슘하이알루로네이트, 베헤닐알코올, 다이소듐이디티에이, 잔탄검, 황색산화철 (CI 77492), 적색산화철 (CI 77491)"
"A000000000040","케어존 데일리&패밀리 선크림 80ml (SPF50+/PA+++)","케어존","80.0","80.0","ml","20000","13900","1737.5","사이클로펜타실록산, 정제수, 징크옥사이드, 부틸렌글라이콜, 피이지-10디메치콘, 헥실데실에칠헥사노에이트, 티타늄디옥사이드, 페닐벤즈이미다졸설포닉애씨드, 세틸에칠헥사노에이트, 글리세린, 디프로필렌글라이콜, 트로메타민, 헥실라우레이트, 판테놀, 디스테아디모늄헥토라이트, 1,2-헥산디올, 디메치콘/비닐디메치콘크로스폴리머, 디메치콘/메치콘코폴리머, 메치콘, 타히티바닐라추출물, 징크스테아레이트, 이소스테아릭애씨드, 알라닐글루타민, 소르비탄세스퀴이소스테아레이트, 매도우스위트추출물, 알루미나, 브이피/에이코센코폴리머, 아크릴레이트/디메치콘코폴리머, 토코페릴아세테이트, 디포타슘글리제이트, 디스테아릴디모늄클로라이드, 지실추출물, 해수, 톨오일스테롤, 토코페롤, 카퍼트리펩타이드-1, 소듐아스코베이트, 만니톨, 리놀레익애씨드, 레시틴, 디팔미토일하이드록시프롤린, 라벤더꽃추출물, 어성초추출물, 사과수, 마시멜로뿌리추출물, 로즈마리잎추출물, 카보머, 폴리소르베이트20, 팔리토일올리고펩타이드, 팔미토일테트라펩타이드-7, 향료"
"A000000111062","엠도씨 선샤인 유브이 솔루션 크림 70ml","엠도씨","70.0","70.0","ml","20000","16000","2285.7","정제수,사이클로펜타실록세인,에칠헥실메톡시신나메이트,징크옥사이드,에칠헥실살리실레이트,티타늄디옥사이드,다이프로필렌글라이콜,피이지-10다이메티콘,글리세린,다이카프릴릴카보네이트,카프릴릴메티콘,멕시칸치아씨추출물,울금뿌리추출물,다이스테아다이모늄헥토라이트,마그네슘설페이트,마이카,알루미늄하이드록사이드,비스-에칠헥실옥시페놀메톡시페닐트리아진,스테아릭애씨드,다이메티콘,메티콘,카프릴릴글라이콜,폴리글리세릴-6폴리리시놀리에이트,글리세릴카프릴레이트,사카라이드하이드롤리세이트,프로판다이올,에틸헥실글리세린,다이메티콘/비닐다이메티콘크로스폴리머,1,2-헥산다이올,트라이에톡시카프릴릴실레인,토코페롤,향료,황색산화철,적색산화철,흑색산화철,제라니올,리날룰,리모넨,시트로넬올,하이드록시시트로넬알"
"A000000111237","다슈 데일리 라이트 핏 선젤 50ml (선로션/촉촉한타입)","다슈","50.0","50.0","ml","15000","10500","2100.0","■ 정제수,에칠헥실메톡시신나메이트,호모살레이트,에칠헥실살리실레이트, 펜틸렌글라이콜, 비스-에칠헥실옥시페놀메톡시페닐트리아진, 메칠프로판디올, 카프릴릴메치콘, 티타늄디옥사이드, 이소노닐이소노나노에이트, 에칠헥실트리아존, 소듐하이알루로네이트, 바이오사카라이드검-4, 라우릴메타크릴레이트/글라이콜디메타크릴레이트크로스폴리머, 사이클로펜타실록산, 암모늄아크릴로일디메칠타우레이트/브이피코폴리머, 소르비탄이소스테아레이트, 폴리소르베이트80, 소듐아크릴레이트/소듐아크릴로일디메칠타우레이트코폴리머, 디메치콘/비닐디메치콘크로스폴리머, 토코페릴아세테이트, 알란토인, 소르비탄올리에이트, 잔탄검, 하이드롤라이즈드콜라겐, 알로에베라잎즙, 산자나무열매추출물, 병풀추출물, 마치현추출물, 드럽스틱씨오일, 녹차추출물, 덩굴월귤열매추출물, 블랙베리추출물, 아스코빌글루코사이드 알루미늄하이드록사이드, 스테아릭애씨드, 이소헥사데칸, 비에이치티, 페녹시에탄올, 향료, 부틸페닐메칠프로피오날, 리날룰"
"A000000125569","우르오스 플러스 선블럭 SPF50 25ml","우르오스","25.0","25.0","ml","","19800","7920.0","■ 전성분 - 정제수, 사이클로펜타실록세인, 하이드로제네이티드폴리아이소부텐, 에칠헥실메톡시신나메이트, 에탄올, C12-15알킬벤조에이트, 비닐다이메티콘/메티콘실세스퀴옥세인크로스폴리머, 폴리메틸실세스퀴옥세인, 옥토크릴렌, 펜타에리스리틸테트라에틸헥사노에이트, 디에칠아미노하이드록시벤조일헥실벤조에이트, 폴리실리콘-15, 카프릴릴메티콘, 라우릴피이지-9폴리다이메틸실록시에틸다이메티콘, 글리세린, 펜틸렌글라이콜, 다이메티콘, 피이지-30다이폴리하이드록시스테아레이트, 소듐클로라이드, 피피지-12/에스엠디아이코폴리머, 아데노신포스페이트, 토코페롤, 아미노메틸프로판다이올, 멘톨, 다이소듐이디티에이, 다이포타슘글리시리제이트, 스테아릴글리시레티네이트, 페녹시에탄올, 비에이치티, 소듐하이알루로네이트, 스타아니스열매/씨오일, 서양측백나무잎오일, 아틀라스시다나무껍질오일, 라반딘오일, 라임전초오일, 페퍼민트오일, 구주소나무잎오일, 로즈마리잎오일, 터펜틴, 리모넨"
"A000000129556","[수분자차] 달바 에센스 선크림 50ml","달바","50.0","50.0","ml","","34000","6800.0","정제수, 에칠헥실메톡시신나메이트, 호모살레이트, 부틸렌글라이콜, 에칠헥실살리실레이트, 디에칠아미노하이드록시벤조일헥실벤조에이트, 실리카, 에칠헥실트리아존, 나이아신아마이드, 벤조트라이아졸릴도데실p-크레솔, 1,2-헥산다이올, 카프릴릴메티콘, 펜틸렌글라이콜, 멕시칸치아씨추출물, 병풀추출물, 쇠비름추출물, 약모밀추출물, 울금뿌리추출물, 풍선덩굴꽃/잎/덩굴추출물, 흰서양송로추출물, 포도주추출물, 오렌지오일, 필리핀오렌지껍질오일, 에키움 플란타기네움씨오일, 리씨열매오일, 해바라기씨오일, 폴리메틸실세스퀴옥세인, 카프릴릭/카프릭/석시닉트라이글리세라이드, 암모늄아크릴로일다이메틸타우레이트/브이피코폴리머, 프로판다이올, 사카라이드하이드롤리세이트, 옥틸도데칸올, 아크릴레이트/C10-30알킬아크릴레이트크로스폴리머, 트로메타민, 하이드록시프로필메틸셀룰로오스스테아록시에터, 에틸헥실글리세린, 아데노신, 해바라기씨오일불검화물, 자일리틸글루코사이드, 안하이드로자일리톨, 자일리톨, 토코페롤, 소듐피씨에이, 글루코오스, 리모넨, 시트랄"
"A000000130251","나인위시스 썬 모이스처라이저 SPF50+ PA+++","나인위시스","","","","22000","15400","","정제수,에칠헥실메톡시신나메이트,징크옥사이드,호모살레이트,에칠헥실살리실레이트,부틸렌글라이콜,글리세린,비스-에칠헥실옥시페놀메톡시페닐트리아진,옥토크릴렌,나이아신아마이드,폴리솔베이트60,실리카,세테아릴알코올,세테아릴올리베이트,솔비탄올리베이트,비즈왁스,다이메티콘,마그네슘알루미늄실리케이트,솔비탄세스퀴올리에이트,소듐하이알루로네이트,호호바씨오일,올리브오일,시어버터,1,2-헥산다이올,카프릴릴글라이콜,소나무잎추출물,뽕나무껍질추출물,녹차추출물,감국꽃추출물,붉나무충영추출물,황금추출물,인동덩굴꽃추출물,퉁퉁마디추출물,알란토인,잔탄검,에틸헥실글리세린,아데노신,다이포타슘글리시리제이트,알로에베라잎추출물,펜틸렌글라이콜,루이보스추출물,스페인감초뿌리추출물,몰약수지추출물,소엽잎추출물,모하비유카뿌리추출물,향료,리모넨,부틸페닐메틸프로피오날"
"A000000139894","휘게 프레쉬 비건 톤업 선크림 50ml","휘게","50.0","50.0","ml","21600","14900","2980.0","마트리카리아꽃추출물, 카프릴릭/카프릭트라이글리세라이드, 징크옥사이드 , 아이소도데케인, 부틸렌글라이콜, 티타늄디옥사이드, 메틸프로판다이올, 1,2-헥산다이올, 프로판다이올, 나이아신아마이드, 폴리메틸실세스퀴옥세인, 정제수, 폴리하이드록시스테아릭애씨드, 트라이에톡시카프릴릴실레인, 폴리아크릴레이트크로스폴리머-6, 글리세린, 알루미늄하이드록사이드, 비닐다이메티콘/메티콘실세스퀴옥세인크로스폴리머, 암모늄아크릴로일다이메틸타우레이트/브이피코폴리머, 세테스-10, 스테아릭애씨드, 폴리에스터-1, 다이포타슘글리시리제이트, 비사보롤, 포타슘세틸포스페이트, 진주추출물, 쇠비름추출물, 수크로오스라우레이트, 에틸헥실글리세린, 칼라민, 아데노신, 하이드록시프로필메틸셀룰로오스스테아록시에터, 다이소듐이디티에이, 적색산화철, t-부틸알코올, 감나무잎추출물, 녹차추출물, 레몬추출물, 브로콜리추출물, 비치스트로베리추출물, 아스파라거스추출물, 양배추추출물, 케일잎추출물, 토마토추출물, 파프리카추출물, 루틴, 하이드록시신나믹애씨드"
"A000000140033","[톤업 선크림]닥터올가 프리미엄 선프로텍션 크림 60ml","닥터올가","60.0","60.0","ml","","38000","6333.3","알로에베라잎즙, 다이카프릴릴카보네이트, 징크옥사이드, 사이클로펜타실록세인, 티타늄디옥사이드, 사이클로헥사실록세인, 부틸렌글라이콜, 폴리글리세릴-3폴리다이메틸실록시에틸다이메티콘, 카프릴릭/카프릭트라이글리세라이드, 프로판다이올, 옥틸도데칸올, 글리세린, 스테아릭애씨드, 펜틸렌글라이콜, 비즈왁스, 1,2-헥산다이올, 마그네슘설페이트, 폴리글리세릴-2다이폴리하이드록시스테아레이트, 칸데릴라왁스, 알루미늄하이드록사이드, 알파-비사보롤, 자일리틸글루코사이드, 폴리글리세릴-3다이아이소스테아레이트, 글리세릴카프릴레이트, 안하이드로자일리톨, 정제수, 자일리톨, C30-45알킬세테아릴다이메티콘크로스폴리머, 병풀추출물, 호호바씨오일, 해바라기씨오일, 호박씨오일, 황색산화철, 소듐글루코네이트, 글루코오스, 에틸헥실글리세린, 잔탄검, 아데노신, 다이포타슘글리시리제이트, 적색산화철, 흰버드나무껍질추출물, 오레가노잎추출물, 편백잎추출물, 황금추출물, 장미꽃오일, 쇠비름추출물, 락토바실러스/콩발효추출물, 육계나무껍질추출물"
"A000000140651","[광노화 선 케어] 싸이닉 엔조이 슈퍼 마일드 선 에센스 더블 기획 (50ml+50ml)","싸이닉","50.0","100.0","ml","15000","11050","1105.0","정제수, 다이부틸아디페이트, 프로판다이올, 디에칠아미노하이드록시벤조일헥실벤조에이트, 비스-에칠헥실옥시페놀메톡시페닐트리아진, 폴리메틸실세스퀴옥세인, 폴리실리콘-15, 메칠렌비스-벤조트리아졸릴테트라메칠부틸페놀, 에칠헥실트리아존, 나이아신아마이드, 디에칠헥실부타미도트리아존, 글리세린, 부틸렌글라이콜, 1,2-헥산다이올, 소듐하이알루로네이트, 녹차추출물, 타히티바닐라추출물, 밤부사 불가리스수, 병풀추출물, 카프릴릴메티콘, 코코-카프릴레이트/카프레이트, 실리카, 폴리C10-30알킬아크릴레이트, 폴리글리세릴-3메틸글루코오스다이스테아레이트, 소듐아크릴레이트크로스폴리머-2, 데실글루코사이드, 아크릴레이트/C10-30알킬아크릴레이트크로스폴리머, 트로메타민, 폴리아크릴레이트크로스폴리머-6, 아데노신, 판테놀, 다이프로필렌글라이콜, 펜틸렌글라이콜, 베헤닐알코올, 잔탄검"
"A000000146527","[화잘먹/유기자차] 애즈이즈투비 그린티 모이스처 선블록 50ml","애즈이즈투비","50.0","50.0","ml","","24000","4800.0","정제수, 다이부틸아디페이트, 메틸프로판다이올, 변성알코올, 테레프탈릴리덴디캠퍼설포닉애씨드, 1,2-헥산다이올, 에칠헥실트리아존, 글리세린, 나이아신아마이드, 폴리실리콘-15, 트로메타민, 폴리글리세릴-3다이스테아레이트, 카프릴릴메티콘, 세테아릴알코올, 디에칠아미노하이드록시벤조일헥실벤조에이트, 다이프로필렌글라이콜, 녹차수(9,400 ppm), 폴리메틸실세스퀴옥세인, 팔미틱애씨드, 스테아릭애씨드, 비스-에칠헥실옥시페놀메톡시페닐트리아진, 글리세릴스테아레이트, 포타슘세틸포스페이트, 폴리에터-1, 카보머, 암모늄아크릴로일다이메틸타우레이트/브이피코폴리머, 글리세릴스테아레이트시트레이트, 서양배추출물, 아크릴레이트/C10-30알킬아크릴레이트크로스폴리머, 서양송악잎/줄기추출물, 부틸렌글라이콜, 에틸헥실글리세린, 아데노신, 비치스트로베리추출물, 사과나무잎추출물, 펜틸렌글라이콜, 카프릴릴글라이콜"
"A000000147967","닥터자르트 에브리선데이 모이스처라이징 선 30ml","닥터자르트","30.0","30.0","ml","24000","14400","4800.0","정제수, 부틸렌글라이콜, 에칠헥실메톡시신나메이트, 호모살레이트, 에칠헥실살리실레이트, 디에칠아미노하이드록시벤조일헥실벤조에이트, 폴리메틸실세스퀴옥세인, 비스-에칠헥실옥시페놀메톡시페닐트리아진, 글리세린, 다이부틸아디페이트, 다이프로필렌글라이콜, 나이아신아마이드, 폴리실리콘-15, 1,2-헥산다이올, 베르가모트오일, 레몬껍질오일, 오렌지껍질오일, 라임전초오일, 오렌지꽃오일, 필리핀오렌지껍질오일, 라벤더오일, 로즈마리잎오일, 클레리오일, 펜틸렌글라이콜, 실리카, 소듐아크릴레이트/소듐아크릴로일다이메틸타우레이트코폴리머, 하이드록시아세토페논, 아이소헥사데칸, 폴리솔베이트80, C12-20알킬글루코사이드, 아크릴레이트코폴리머, 카프릴릴글라이콜, 트로메타민, 아데노신, 솔비탄올리에이트, 에틸헥실글리세린, 카프릴릭/카프릭트라이글리세라이드, 하이드롤라이즈드글라이코사미노글리칸, 포스포리피드, 세라마이드엔피, 콜레스테롤, 알지닌, 피토스테롤, C14-22알코올, 다이소듐이디티에이, 리모넨, 리날룰"
"A000000149915","[무기자차]닥터올가 100 선크림 SPF50+ PA+++ 50ml","닥터올가","50.0","50.0","ml","32000","25600","5120.0","알로에베라잎즙, 다이카프릴릴카보네이트, 징크옥사이드, 코코-카프릴레이트/카프레이트, 티타늄디옥사이드, 프로판다이올, 펜틸렌글라이콜, 카프릴릭/카프릭트라이글리세라이드, 폴리글리세릴-3폴리리시놀리에이트, 코코넛야자오일, 스테아릭애씨드, 다이카프릴릴에터, 칸데릴라왁스, 소듐클로라이드, 폴리글리세릴-2다이폴리하이드록시스테아레이트, 알루미늄하이드록사이드, 호호바씨오일, 해바라기씨오일, 알로에베라잎추출물, 폴리글리세릴-3다이아이소스테아레이트, 글리세릴카프릴레이트, 폴리글리세릴-3리시놀리에이트, 정제수, 황색산화철, 병풀추출물, 당호박씨오일, 소듐글루코네이트, 잔탄검, 다이포타슘글리시리제이트, 장미꽃오일, 적색산화철, 히비스커스꽃추출물, 마트리카리아추출물, 해당화추출물, 다마스크장미꽃추출물, 목련꽃추출물, 참나리추출물, 라벤더꽃추출물, 포트마리골드꽃추출물, 데이지꽃추출물"
"A000000151871","닥터자르트 에브리선데이 톤업 선 플루이드 30ml","닥터자르트","30.0","30.0","ml","24000","10900","3633.3","정제수, 다이부틸아디페이트, 부틸렌글라이콜, 부틸옥틸살리실레이트, 디에칠아미노하이드록시벤조일헥실벤조에이트, 비스-에칠헥실옥시페놀메톡시페닐트리아진, 카프릴릴메티콘, 폴리실리콘-15, 티타늄디옥사이드 (CI 77891), 메칠렌비스-벤조트리아졸릴테트라메칠부틸페놀, 에칠헥실트리아존, 나이아신아마이드, 페네틸벤조에이트, 부틸렌글라이콜다이카프릴레이트/다이카프레이트, 디에칠헥실부타미도트리아존, 아이소노닐아이소노나노에이트, 백미꽃추출물, 1,2-헥산다이올, 펜틸렌글라이콜, 폴리글리세릴-6스테아레이트, 포타슘세틸포스페이트, 소듐아크릴레이트크로스폴리머-2, C20-22알킬포스페이트, 실리카, C12-15알킬벤조에이트, 데실글루코사이드, 하이드록시아세토페논, 알루미늄하이드록사이드, 스테아릭애씨드, 트로메타민, 폴리하이드록시스테아릭애씨드, 글리세린, C12-20알킬글루코사이드, 아크릴레이트/C10-30알킬아크릴레이트크로스폴리머, 아크릴레이트코폴리머, 폴리글리세릴-6베헤네이트, 폴리글리세릴-2다이폴리하이드록시스테아레이트, 소듐파이테이트, 아이소스테아릭애씨드, 변성알코올, C14-22알코올, C20-22알코올, 잔탄검, 적색산화철 (CI 77491), 징크옥사이드 (CI 77947)"
"A000000151872","닥터자르트 에브리선데이 워터프루프 선 밀크 30ml","닥터자르트","30.0","30.0","ml","24000","12000","4000.0","정제수, 다이부틸아디페이트, 프로
판다이올, 폴리메틸실세스퀴옥세인, 디
에칠아미노하이드록시벤조일헥실벤조
에이트, 에칠헥실트리아존, 나이아신아
마이드, 메칠렌비스-벤조트리아졸릴테
트라메칠부틸페놀, 코코-카프릴레이트/
카프레이트, 카프릴릴메티콘, 디에칠헥실
부타미도트리아존, 글리세린, 부틸렌글
라이콜, 1,2-헥산다이올, 펜틸렌글라이콜,
베헤닐알코올, 폴리C10-30알킬아크릴
레이트, 폴리글리세릴-3메틸글루코오스
다이스테아레이트, 데실글루코사이드,
트로메타민, 카보머, 아크릴레이트/C10-
30알킬아크릴레이트크로스폴리머, 소듐
스테아로일글루타메이트, 폴리아크릴
레이트크로스폴리머-6, 에틸헥실글리
세린, 아데노신, 잔탄검, 비타민나무열매
추출물, 당근추출물, 사과추출물, 로즈힙
열매추출물, 살구즙, 드럼스틱씨오일,
세라마이드엔피, 피토스핑고신, 케이프
알로에잎추출물, 사철쑥추출물, 하이드로
제네이티드레시틴, t-부틸알코올, 향료,
토코페롤, 아스코빅애씨드"
"A000000153432","[UV에이징케어/내츄럴커버썬] 셀퓨전씨 어드밴스드 클리어 썬스크린 35ml 더블기획세트","셀퓨전씨","35.0","70.0","ml","27900","19800","2828.6","정제수, 다이부틸아디페이트, 프로판다이올, 티타늄디옥사이드, 카프릴릭/카프릭트라이글리세라이드, C12-15알킬벤조에이트, 디에칠아미노하이드록시벤조일헥실벤조에이트, 에칠헥실트리아존, 나이아신아마이드, 메틸트라이메티콘, 글리세린, 디에칠헥실부타미도트리아존, 1,2-헥산다이올, 펜틸렌글라이콜, 무화과추출물, 병풀추출물, 파스향나무잎추출물, 에필로비움 플레이스케리추출물, 에난티아 클로란타껍질추출물, 센티드제라늄꽃오일, 살비아오일, 광곽향오일, 소듐하이알루로네이트, 베르가모트오일, 하이드로제네이티드레시틴, 다이메티콘/비닐다이메티콘크로스폴리머, 폴리하이드록시스테아릭애씨드, 브이피/에이코신코폴리머, 다이메티콘올, 트라이실록세인, 스테아릭애씨드, 소듐폴리아크릴로일다이메틸타우레이트, 다이카프릴릴카보네이트, 암모늄폴리아크릴로일다이메틸타우레이트, 알루미나, 하이드록시프로필메틸셀룰로오스스테아록시에터, 잔탄검, 에틸헥실글리세린, 아데노신, 소듐폴리아크릴레이트, 부틸렌글라이콜, 피브이엠/엠에이코폴리머, t-부틸알코올, 폴리에터-1, 트라이에톡시카프릴릴실레인, 베타-글루칸, 세라마이드엔피, 토코페롤, 소듐아크릴레이트크로스폴리머-2, 콘민트가루, 폴리메틸실세스퀴옥세인, 소듐아크릴레이트/비닐알코올코폴리머, 시트릭애씨드, 소듐아크릴릭애씨드/엠에이코폴리머, 카프릴릴글라이콜, 올레아놀릭애씨드, 포타슘솔베이트, 황색산화철, 적색산화철, 흑색산화철, 시트로넬올, 제라니올, 리날룰, 리모넨"
"A000000153499","[파데프리 선크림] CKD 그린프로폴리스 올커버리선 40ml","CKD","40.0","40.0","ml","","26000","6500.0","정제수, 징크옥사이드, 사이클로헥사실록세인, 프로필헵틸카프릴레이트, 다이실록세인, 카프릴릴메티콘, 트라이메틸실록시실리케이트, 폴리글리세릴-3폴리다이메틸실록시에틸다이메티콘, 프로판다이올, 티타늄디옥사이드, 나이아신아마이드, 부틸옥틸살리실레이트, 1,2-헥산다이올, 부틸렌글라이콜, 프로폴리스추출물(3,987 ppm), 양파추출물, 로즈마리잎오일, 라벤더오일, 소듐하이알루로네이트, 퍼플루오로옥틸트라이에톡시실레인, 다이스테아다이모늄헥토라이트, 마그네슘설페이트, 트라이에톡시카프릴릴실레인, 폴리글리세릴-2다이폴리하이드록시스테아레이트, 라우릴폴리글리세릴-3폴리다이메틸실록시에틸다이메티콘, 메틸메타크릴레이트크로스폴리머, 폴리메틸실세스퀴옥세인, 다이카프릴릴카보네이트, 글리세릴카프릴레이트, 알루미늄하이드록사이드, 아데노신, 토코페롤, 알란토인, 비사보롤, 판테놀, 카프릴릴글라이콜, 에틸헥실글리세린, 황색산화철, 적색산화철, 흑색산화철, 리날룰"
"A000000155647","롬앤 제로 선 클린 (선크림)","롬앤","","","","","16000","","정제수, 징크옥사이드, 프로필헵틸카프릴레이트, 다이카프릴릴에터, 부틸옥틸살리실레이트, 프로판다이올, 티타늄디옥사이드, 부틸렌글라이콜다이카프릴레이트/다이카프레이트, 다이실록세인, 카프릴릴메티콘, 폴리글리세릴-4다이아이소스테아레이트/폴리하이드록시스테아레이트/세바케이트, 트라이메틸실록시실리케이트, 감태추출물, 퉁퉁마디추출물, 올리브오일, 분비나무오일, 로즈마리잎오일, 클레리오일, 센티드제라늄꽃오일, 클로브잎오일, 광곽향오일, 마트리카리아꽃오일, 멕시칸주니퍼오일, 캐모마일꽃오일, 다이스테아다이모늄헥토라이트, 마그네슘설페이트, 메틸메타크릴레이트크로스폴리머, 스테아릭애씨드, 알루미늄하이드록사이드, 트라이에톡시카프릴릴실레인, 폴리글리세릴-3폴리다이메틸실록시에틸다이메티콘, 1,2-헥산다이올, 비닐다이메티콘/메티콘실세스퀴옥세인크로스폴리머, 폴리메틸실세스퀴옥세인, 글리세릴카프릴레이트, 카프릴릴글라이콜, 다이카프릴릴카보네이트, 마이카, 에틸헥실글리세린, 토코페롤, 해수, 카프릴릭/카프릭트라이글리세라이드, 부틸렌글라이콜, 적색산화철, 황색산화철"
"A000000155727","[손상개선썬크림] 유리아쥬 배리어덤 시카 리페어 썬크림 40ML (SPF50+)","유리아쥬","40.0","40.0","ml","28000","22400","5600.0","정제수,에칠헥실메톡시신나메이트,네오펜틸글라이콜다이헵타노에이트,세틸피이지/피피지-10/1다이메티콘,다이카프릴릴에터,디에칠아미노하이드록시벤조일헥실벤조에이트,소듐클로라이드,에칠헥실트리아존,다이메티콘,에칠헥실살리실레이트,글리세릴베헤네이트,판테놀,피이지-30다이폴리하이드록시스테아레이트,비스-에칠헥실옥시페놀메톡시페닐트리아진,다이스테아다이모늄헥토라이트,마그네슘설페이트,하이드로제네이티드폴리데센,메틸프로판다이올,폴리글리세릴-3다이아이소스테아레이트,토코페릴아세테이트,부틸렌글라이콜,카퍼글루코네이트,글리세린,프로필렌카보네이트,프로판다이올,트라이아콘타닐피브이피,잔탄검,시트릭애씨드,징크글루코네이트,폴리쿼터늄-61,하이알루로닉애씨드,실란트라이올,비에이치티,보리지씨오일아미노프로판다이올아마이드,글루타밀아미도에틸인돌"
"A000000158116","랩시리즈 파워 프로텍터 선스크린 SPF50 PA+++ 100ml","랩시리즈","100.0","100.0","ml","92000","78200","7820.0","정제수,에칠헥실살리실레이트,호모살레이트,부틸옥틸살리실레이트,메틸트라이메티콘,네오펜틸글라이콜다이헵타노에이트,부틸메톡시디벤조일메탄,벤조페논-3,폴리에스터-8,쿠쿠이나무씨오일,라우릴피이지-9폴리다이메틸실록시에틸다이메티콘,피이지-100스테아레이트,부틸렌글라이콜,글리세릴스테아레이트,다이펜타에리스리틸트라이-폴리하이드록시스테아레이트,라미나리아 오크롤레우카추출물,포타슘세틸포스페이트,유청단백질,카페인,세틸알코올,브이피/에이코신코폴리머,C30-38올레핀/이소프로필말리에이트/엠에이코폴리머,에틸헥실글리세린,카프릴릴글라이콜,암모늄아크릴로일다이메틸타우레이트/브이피코폴리머,효모추출물,카프릴릭/카프릭트라이글리세라이드,아세틸글루코사민,데하이드로잔탄검,스테아릭애씨드,향료,다이소듐이디티에이,소듐데하이드로아세테이트,페녹시에탄올,마이카  *제공된 성분은 동일 제품이라도 경우에 따라 변경될 수 있습니다. 최신정보는 제품 포장의 성분을 참고하시거나 본사 고객관리지원팀으로 연락 부탁 드립니다."
"A000000163930","코스노리 마일드 비건 톤업 선크림 50ml","코스노리","50.0","50.0","ml","24000","14400","2880.0","정제수, 징크옥사이드, 사이클로펜타실록세인, 호모살레이트, 부틸옥틸살리실레이트, 프로판다이올, 에칠헥실살리실레이트, 티타늄디옥사이드, 프로필헵틸카프릴레이트, 라우릴피이지-10트리스(트라이메틸실록시)실릴에틸다이메티콘, 세룰라타벚나무꽃추출물, 베르가모트오일, 라벤더오일, 캐모마일꽃오일, 다이스테아다이모늄헥토라이트, 마그네슘설페이트, 다이메티콘, 페닐트라이메티콘, 1,2-헥산다이올, 폴리메틸실세스퀴옥세인, 트라이에톡시카프릴릴실레인, 아크릴레이트/다이메티콘코폴리머, 스테아릭애씨드, 알루미늄하이드록사이드, 다이메티콘/피이지-10/15크로스폴리머, 글리세릴카프릴레이트, 카프릴릴글라이콜, 에틸헥실글리세린, 다이프로필렌글라이콜, 소듐시트레이트, 토코페롤, 부틸렌글라이콜"
"A000000165465","[핑크윤광썬] 달바 핑크 톤업 선크림 50ml","달바","50.0","50.0","ml","34000","23800","4760.0","정제수, 다이부틸아디페이트, 프로판다이올, 티타늄디옥사이드, 카프릴릭/카프릭트라이글리세라이드, C12-15알킬벤조에이트, 디에칠아미노하이드록시벤조일헥실벤조에이트, 카프릴릴메티콘, 에칠헥실트리아존, 나이아신아마이드, 글리세린, 디에칠헥실부타미도트리아존, 1,2-헥산다이올, 펜틸렌글라이콜, 쇠비름추출물, 분홍바늘꽃꽃/잎/줄기추출물, 페루기네움철쭉추출물, 병풀추출물, 복사나무꽃추출물, 복숭아추출물, 세룰라타벚나무꽃추출물, 알로에베라잎추출물, 약모밀추출물, 흰서양송로추출물, 오렌지오일, 필리핀오렌지껍질오일, 소듐하이알루로네이트, 리씨열매오일, 다마스크장미꽃수, 자작나무수액, 판테놀, 폴리하이드록시스테아릭애씨드, 다이메티콘/비닐다이메티콘크로스폴리머, 브이피/에이코신코폴리머, 다이메티콘올, 트라이실록세인, 코코-카프릴레이트/카프레이트, 스테아릭애씨드, 소듐폴리아크릴로일다이메틸타우레이트, 암모늄폴리아크릴로일다이메틸타우레이트, 알루미나, 하이드록시프로필메틸셀룰로오스스테아록시에터, 다이카프릴릴카보네이트, 잔탄검, 에틸헥실글리세린, 아데노신, 소듐폴리아크릴레이트, 트라이에톡시카프릴릴실레인, t-부틸알코올, 피브이엠/엠에이코폴리머, 폴리에터-1, 하이드롤라이즈드하이알루로닉애씨드, 알란토인, 부틸렌글라이콜, 토코페롤, 다이소듐포스페이트, 시트릭애씨드, 카프릴릴글라이콜, 황색산화철, 적색산화철, 리모넨, 시트랄"
"A000000165476","[민감자차] 달바 마일드 선크림 50ml","달바","50.0","50.0","ml","","34000","6800.0","정제수, C12-15알킬벤조에이트, 티타늄디옥사이드, 벤조트라이아졸릴도데실p-크레솔, 프로판다이올, 부틸옥틸살리실레이트, 카프릴릴메티콘, 1,2-헥산다이올, 폴리메틸실세스퀴옥세인, 알루미늄스테아레이트, 폴리하이드록시스테아릭애씨드, 펜틸렌글라이콜, 인도멀구슬나무꽃추출물, 인도멀구슬나무잎추출물, 울금뿌리추출물, 홀리바질잎추출물, 참산호말추출물, 풍선덩굴꽃/잎/덩굴추출물, 가시대나무줄기추출물, 쇠비름추출물, 병풀추출물, 버지니아풍년화추출물, 사탕수수추출물, 약모밀추출물, 에델바이스추출물, 유럽라임나무꽃추출물, 커먼자스민꽃추출물, 편백잎추출물, 흰서양송로추출물, 오렌지오일, 필리핀오렌지껍질오일, 리씨열매오일, 에키움 플란타기네움씨오일, 솔잣나무잎/너트/줄기오일, 녹차수, 자작나무수액, 일랑일랑꽃오일, 카프릴릭/카프릭트라이글리세라이드, 알루미나, 암모늄아크릴로일다이메틸타우레이트/브이피코폴리머, 폴리아크릴레이트크로스폴리머-6, 하이드록시프로필메틸셀룰로오스스테아록시에터, 소듐스테아로일글루타메이트, 에틸헥실글리세린, 옥틸도데칸올, 스테아릭애씨드, t-부틸알코올, 알란토인, 해바라기씨오일불검화물, 글리세린, 토코페롤, 마데카소사이드, 베타인, 하이드롤라이즈드하이알루로닉애씨드, 부틸렌글라이콜, 베타-글루칸, 리모넨, 시트랄"
"A000000165479","[수분 선크림] 라곰 셀러스 선 젤 플러스 40ml","라곰","40.0","40.0","ml","26000","23400","5850.0","정제수, 다이부틸아디페이트, C12-15알킬벤조에이트, 글리세린, 디에칠아미노하이드록시벤조일헥실벤조에이트, 폴리실리콘-15, 폴리글리세릴-6스테아레이트, 실리카, 나이아신아마이드, 메칠렌비스-벤조트리아졸릴테트라메칠부틸페놀, 비스-에칠헥실옥시페놀메톡시페닐트리아진, 에칠헥실트리아존, 세테아릴올리베이트, 솔비탄올리베이트, 다이프로필렌글라이콜, 세테아릴알코올, 판테놀, 글리세릴스테아레이트, 폴리글리세릴-6베헤네이트, 하이드록시아세토페논, 데실글루코사이드, 아크릴레이트/C10-30알킬아크릴레이트크로스폴리머, 오렌지껍질오일, 트로메타민, 카프릴릴글라이콜, 라벤더오일, 알란토인, 아데노신, 다이소듐이디티에이, 캐모마일꽃오일, 잔탄검, 우레아, 말토덱스트린, 하이드롤라이즈드식물성단백질, 1,2-헥산다이올, 다이포타슘글리시리제이트, 하이드록시프로필사이클로덱스트린, 헵타소듐헥사카복시메틸다이펩타이드-12, 글루타티온, 제라니올, 리날룰, 리모넨"
"A000000165563","[1+1/촉촉파데프리] 홀리카홀리카 모이스처 메이크업 선크림 60ml","홀리카홀리카","60.0","120.0","ml","","17000","1416.7","정제수, 다이부틸아디페이트, 티타늄디옥사이드, 프로판다이올, C12-15알킬벤조에이트, 디에칠아미노하이드록시벤조일헥실벤조에이트, 폴리실리콘-15, 나이아신아마이드, 카프릴릭/카프릭/석시닉트라이글리세라이드, 에칠헥실트리아존, 펜틸렌글라이콜, 퉁퉁마디추출물, 병풀추출물, 쇠비름추출물, 약모밀추출물, 호호바씨오일, 1,2-헥산다이올, 글리세릴스테아레이트, 폴리글리세릴-3다이스테아레이트, 브이피/에이코신코폴리머, 코코-카프릴레이트/카프레이트, 폴리글리세릴-2카프레이트, 메틸프로판다이올, 폴리하이드록시스테아릭애씨드, 폴리아크릴레이트크로스폴리머-6, 수크로오스스테아레이트, 스테아릭애씨드, 다이카프릴릴카보네이트, 알루미나, 라우레스-23, 에틸헥실글리세린, 글리세릴카프릴레이트, 트라이에톡시카프릴릴실레인, 잔탄검, 알루미늄하이드록사이드, 글리세릴스테아레이트시트레이트, 아데노신, 스쿠알란, 암모늄아크릴로일다이메틸타우레이트/브이피코폴리머, 폴리에터-1, t-부틸알코올, 토코페롤, 우레아, 카프릴릭/카프릭트라이글리세라이드, 바이오사카라이드검-1, 글리세릴글루코사이드, 다이아몬드가루, 자수정가루, 진주가루, 토르말린, 부틸렌글라이콜, 글리세린, 향료, 황색산화철, 적색산화철"
"A000000165615","[보송밀착/무기자차] 애즈이즈투비 퓨어 미네랄 선크림 50ml","애즈이즈투비","50.0","50.0","ml","","24000","4800.0","정제수, 징크옥사이드, 사이클로헥사실록세인, 부틸옥틸살리실레이트, 프로판다이올, 프로필헵틸카프릴레이트, 아이소도데케인, 폴리글리세릴-3폴리다이메틸실록시에틸다이메티콘, 다이카프릴릴카보네이트, 카프릴릴메티콘, 녹차추출물, 병풀추출물, 멕시칸치아씨추출물, 쇠비름추출물, 로즈마리잎추출물, 마트리카리아꽃추출물, 약모밀추출물, 연꽃꽃추출물, 풍선덩굴꽃/잎/덩굴추출물, 편백잎추출물, 불가리스쑥오일, 에키움 플란타기네움씨오일, 다이스테아다이모늄헥토라이트, 마그네슘설페이트, 메틸메타크릴레이트크로스폴리머, 비닐다이메티콘/메티콘실세스퀴옥세인크로스폴리머, 트라이에톡시카프릴릴실레인, 1,2-헥산다이올, 폴리글리세릴-2다이폴리하이드록시스테아레이트, 라우릴폴리글리세릴-3폴리다이메틸실록시에틸다이메티콘, 글리세릴카프릴레이트, 카프릴릴글라이콜, 에틸헥실글리세린, 토코페롤, 부틸렌글라이콜, 이노시톨, 풀루란, 프룩토올리고사카라이드, 옥틸도데칸올, 글리세린, 마트리카리아꽃수, 해바라기씨오일불검화물"
"A000000165652","[저자극] 라운드랩 1025 독도 선크림 50ml","라운드랩","50.0","50.0","ml","25000","17500","3500.0","정제수, 다이부틸아디페이트, 프로판다이올, 에칠헥실트리아존, 테레프탈릴리덴디캠퍼설포닉애씨드, 나이아신아마이드, 트로메타민, 폴리글리세릴-3다이스테아레이트, 1,2-헥산다이올, 펜틸렌글라이콜, 디에칠아미노하이드록시벤조일헥실벤조에이트, 세테아릴알코올, 카프릴릴메티콘, 폴리실리콘-15, 해수, 소듐하이알루로네이트, 소듐아세틸레이티드하이알루로네이트, 하이드롤라이즈드하이알루로닉애씨드, 부틸렌글라이콜, 흰버드나무껍질추출물, 녹차추출물, 병풀잎추출물, 소나무잎추출물, 베르가모트잎추출물, 커피콩추출물, 오카무라큰실말추출물, 판테놀, 베타인, 알란토인, 에틸헥실글리세린, 아데노신, 폴리메틸실세스퀴옥세인, 프로필렌글라이콜다이카프릴레이트/다이카프레이트, 다이메티콘/비닐다이메티콘크로스폴리머, 글리세릴스테아레이트, 비스-에칠헥실옥시페놀메톡시페닐트리아진, 포타슘세틸포스페이트, 메틸프로판다이올, 아크릴레이트/C10-30알킬아크릴레이트크로스폴리머, 글리세릴스테아레이트시트레이트, 암모늄아크릴로일다이메틸타우레이트/브이피코폴리머, 실리카, 폴리에터-1, 바이오사카라이드검-1, 데실글루코사이드, 토코페롤, 카보머"
"A000000167031","레이지소사이어티 히노키 선스크린 50ml","레이지소사이어티","50.0","50.0","ml","","14900","2980.0","정제수, 에칠헥실메톡시신나메이트, 에칠헥실살리실레이트, 다이메티콘, 부틸메톡시디벤조일메탄, 글리세린, 호모살레이트, 실리카, 부틸렌글라이콜, 세테아릴올리베이트, 솔비탄올리베이트, 비스-에칠헥실옥시페놀메톡시페닐트리아진, 세틸알코올, 스테아릴알코올, 글리세릴스테아레이트, 피이지-100스테아레이트, 세테아릴알코올, 세테아릴글루코사이드, 글루코오스, 소듐하이알루로네이트, 알란토인, 판테놀, 편백수, 티트리추출물, 병풀추출물, 호장근뿌리추출물, 황금추출물, 녹차추출물, 스페인감초뿌리추출물
마트리카리아꽃추출물, 로즈마리잎추출물, 에틸헥실글리세린, 폴리아크릴아마이드, C13-14아이소알케인, 라우레스-7, 잔탄검, 하이드록시에틸셀룰로오스, 페녹시에탄올, 다이소듐이디티에이"
"A000000168260","[온가족선크림] 닥터디퍼런트 베리어 밸런스 선크림 40ml","닥터디퍼런트","40.0","40.0","ml","30000","25500","6375.0","정제수, 징크옥사이드, 사이클로헥사실록세인, 부틸옥틸살리실레이트, 프로판다이올, 프로필헵틸카프릴레이트, 아이소도데케인, 폴리글리세릴-3폴리다이메틸실록시에틸다이메티콘, 카프릴릴메티콘, 다이실록세인, 소듐하이알루로네이트, 하이드로제네이티드레시틴, 다이스테아다이모늄헥토라이트, 마그네슘설페이트, 트라이에톡시카프릴릴실레인, 1,2-헥산다이올, 폴리글리세릴-2다이폴리하이드록시스테아레이트, 폴리메틸실세스퀴옥세인, 라우릴폴리글리세릴-3폴리다이메틸실록시에틸다이메티콘, 글리세릴카프릴레이트, 카프릴릴글라이콜, 에틸헥실글리세린, 토코페롤, 카프릴릭/카프릭트라이글리세라이드, 글리세린, 글리세릴스테아레이트, 세테아릴알코올, 세라마이드엔피, 스테아릭애씨드, 콜레스테롤, 테트라아세틸피토스핑고신, 글라이코스핑고리피드, 세라마이드에이피, 잔탄검"
"A000000168920","[수분선크림] 클레어스 올 데이 에어리 선스크린 SPF50+ PA++++ 50g","디어클레어스","50.0","50.0","g(약 1ml 상당으로 근사)","19500","16900","3380.0","정제수, 다이부틸아디페이트, 부틸옥틸살리실레
이트, 디에칠아미노하이드록시벤조일헥실벤조에이트, 폴
리실리콘-15, C12-15알킬벤조에이트, 에칠헥실트리아존,
비스-에칠헥실옥시페놀메톡시페닐트리아진, 폴리메틸실
세스퀴옥세인, 글리세린, 나이아신아마이드, 폴리글리세릴
-6스테아레이트, 세테아릴올리베이트, 마이크로크리스탈
린셀룰로오스, 판테놀, 실리카, 솔비탄올리베이트, 다이프
로필렌글라이콜, 하이드록시아세토페논, 폴리C10-30알
킬아크릴레이트, 폴리글리세릴-6베헤네이트, 알란토인,
카프릴릴글라이콜, 스테아릴알코올, 글리세릴스테아레이
트, 아크릴레이트/C10-30알킬아크릴레이트크로스폴리머,
트로메타민, 아데노신, 세테아릴알코올, 다이소듐이디티에
이, 부틸렌글라이콜, 쇠비름추출물, 알로에베라잎추출물,
참마뿌리추출물, 다시마추출물, 제비꽃꽃추출물, 당느릅나
무뿌리추출물, 다이포타슘글리시리제이트, 마카뿌리추출
물, 1,2-헥산다이올, 구기자추출물, 비치스트로베리추출
물, 불가리스매자뿌리추출물, 검은뽕나무열매추출물"
"A000000169474","[톤업선크림]스킨1004 마다가스카르 센텔라 톤 브라이트닝 톤업 선스크린 50ml","스킨1004","50.0","50.0","ml","20000","17000","3400.0","정제수, 다이부틸아디페이트, 티타늄디옥사이드, 프로판다이올, 카프릴릭/카프릭트라이글리세라이드, C12-15알킬벤조에이트, 디에칠아미노하이드록시벤조일헥실벤조에이트, 에칠헥실트리아존, 나이아신아마이드, 카프릴릴메티콘, 디에칠헥실부타미도트리아존, 1,2-헥산다이올, 펜틸렌글라이콜, 코코-카프릴레이트/카프레이트, 글리세린, 폴리하이드록시스테아릭애씨드, 다이메티콘/비닐다이메티콘크로스폴리머, 브이피/에이코신코폴리머, 트라이실록세인, 다이메티콘올, 스테아릭애씨드, 알루미나, 소듐폴리아크릴로일다이메틸타우레이트, 폴리아크릴레이트크로스폴리머-6, 하이드록시프로필메틸셀룰로오스스테아록시에터, 다이카프릴릴카보네이트, 황색산화철, 잔탄검, 에틸헥실글리세린, 트라이에톡시카프릴릴실레인, 아데노신, 소듐폴리아크릴레이트, 병풀추출물, 적색산화철, 마데카소사이드(200 ppm), 피브이엠/엠에이코폴리머, 소듐하이알루로네이트, 폴리에터-1, t-부틸알코올, 트라넥사믹애씨드, 토코페롤, 몰로키아잎추출물, 보리추출물, 다이프로필렌글라이콜, 소듐팔미토일프롤린, 부틸렌글라이콜, 알바수련꽃추출물"
"A000000169506","[무기자차]스킨1004 마다가스카르 센텔라 에어핏 선크림 라이트 50ml","스킨1004","50.0","50.0","ml","","19000","3800.0","정제수, 징크옥사이드, 프로판다이올, 부틸렌글라이콜, 다이카프릴릴카보네이트, 카프릴릭/카프릭트라이글리세라이드, 벤조트라이아졸릴도데실p-크레솔, 폴리글리세릴-3다이스테아레이트, 나이아신아마이드, 카프릴릴메티콘, C12-15알킬벤조에이트, 1,2-헥산다이올, 펜틸렌글라이콜, 세테아릴알코올, 폴리하이드록시스테아릭애씨드, 글리세릴스테아레이트, 소듐폴리아크릴로일다이메틸타우레이트, 하이드롤라이즈드호호바에스터, 트라이에톡시카프릴릴실레인, 글리세릴스테아레이트시트레이트, 폴리아크릴레이트크로스폴리머-6, 메틸프로판다이올, 잔탄검, 에틸헥실글리세린, 아데노신, 병풀추출물(301 ppm), 폴리에터-1, t-부틸알코올, 토코페롤, 쇠비름추출물, 약모밀추출물, 바이오사카라이드검-1, 아시아티코사이드, 마데카식애씨드, 아시아틱애씨드"
"A000000170269","[톤업무기자차] 닥터디퍼런트 더블 디펜스 선블록 40ml","닥터디퍼런트","40.0","80.0","ml","32000","24000","3000.0","정제수, 징크옥사이드 (CI 77947), 사이클로헥사실록세인, 아이소노닐아이소노나노에이트, 카프릴릴메티콘,
프로판다이올, 프로필헵틸카프릴레이트, 부틸옥틸살리실레이트, 티타늄디옥사이드 (CI 77891), 칼라민, 아크릴레이트코폴리머, 헥실라우레이트, 실리카, 아이소도데케인, 폴리글리세릴-2아이소스테아레이트, 폴리글리세릴-6폴리하이드록시스테아레이트, 올리브오일, 불가리스쑥오일, 로즈마리잎오일, 두송열매오일, 갈바눔수지오일, 1,2-헥산다이올, 다이메티콘크로스폴리머, 메틸메타크릴레이트크로스폴리머, 마그네슘설페이트, 폴리하이드록시스테아릭애씨드, 폴리글리세릴-3폴리다이메틸실록시에틸다이메티콘, 다이스테아다이모늄헥토라이트, 아크릴레이트/폴리트라이메틸실록시메타크릴레이트코폴리머, 코코-카프릴레이트/카프레이트, 폴리글리세릴-6폴리리시놀리에이트, 덱스트린팔미테이트, 솔비탄세스퀴올리에이트, 트라이에톡시카프릴릴실레인, 폴리C10-30알킬아크릴레이트, 알루미늄하이드록사이드, 스테아릭애씨드, 폴리글리세릴-2다이폴리하이드록시스테아레이트, 솔비탄아이소스테아레이트, 토코페롤, 피브이피, 폴리글리세린-6, 아스코빌팔미테이트"
"A000000170877","[NCT 재민PICK] 이즈앤트리 히아루론산 워터리 선젤 50ml","이즈앤트리","50.0","50.0","ml","22000","13700","2740.0","정제수,부틸렌글라이콜,에칠헥실살리실레이트,호모살레이트,다이부틸아디페이트,나이아신아마이드,비스-에칠헥실옥시페놀메톡시페닐트리아진,사이클로펜타실록세인,메칠렌비스-벤조트리아졸릴테트라메칠부틸페놀,폴리실리콘-15,디에칠아미노하이드록시벤조일헥실벤조에이트,1,2-헥산다이올,펜틸렌글라이콜,프랑스해안송껍질추출물,세라마이드엔피,병풀추출물,글리세린,쇠비름추출물,약모밀추출물,올리브오일,무화과추출물,소듐하이알루로네이트(500ppm),세테스-10,하이드로제네이티드레시틴,데실글루코사이드,프로판다이올,토코페롤,아스타잔틴,하이알루로닉애씨드,소듐하이알루로네이트크로스폴리머,아스코빌프로필하이알루로네이트,하이드롤라이즈드하이알루로닉애씨드,하이드록시프로필트라이모늄하이알루로네이트,아크릴레이트/C10-30알킬아크릴레이트크로스폴리머,소듐아세틸레이티드하이알루로네이트,하이드롤라이즈드소듐하이알루로네이트,아데노신,잔탄검,세틸피이지/피피지-10/1다이메티콘,트로메타민,카보머,프로필렌글라이콜,에틸헥실글리세린 *히아루론산 1% 솔루션 5% 함유"
"A000000174056","미프 UV쉴드 백탁없는 선크림 50ml 기획(50ml*2ea)","미프","50.0","100.0","ml","","44000","4400.0","정제수,옥토크릴렌,에칠헥실메톡시신나메이트,변성알코올,에칠헥실살리실레이트,C12-15알킬벤조에이트,부틸메톡시디벤조일메탄,부틸렌글라이콜,실리카,글리세린,다이프로필렌글라이콜,비스-에칠헥실옥시페놀메톡시페닐트리아진,폴리메틸실세스퀴옥세인,에틸헥실올리베이트,소듐아크릴레이트코폴리머,오렌지껍질오일,카프릴릴글라이콜,폴리글리세릴-4올리에이트,아크릴레이트코폴리머,다이소듐이디티에이,카프릴릭/카프릭트라이글리세라이드,병풀잎추출물,1,2-헥산다이올,슈도알테로모나스발효추출물,오이풀뿌리추출물,스피드웰추출물,잔탄검,제비꽃꽃추출물,당느릅나무뿌리추출물,다시마추출물,리모니아아키디시마추출물,알로에베라잎추출물,참마뿌리추출물,에틸헥실글리세린,프롤린,세린,알라닌,소듐포스페이트,소듐하이드록사이드,마데카소사이드,리모넨"
"A000000179114","[1+1 올영기획] 닥터자르트 에브리선데이 모이스처라이징 선 30ml 1+1 기획세트","닥터자르트","30.0","60.0","ml","24000","14900","2483.3","정제수, 부틸렌글라이콜, 에칠헥실메톡시신나메이트, 호모살레이트, 에칠헥실살리실레이트, 디에칠아미노하이드록시벤조일헥실벤조에이트, 폴리메틸실세스퀴옥세인, 비스-에칠헥실옥시페놀메톡시페닐트리아진, 글리세린, 다이부틸아디페이트, 다이프로필렌글라이콜, 나이아신아마이드, 폴리실리콘-15, 1,2-헥산다이올, 베르가모트오일, 레몬껍질오일, 오렌지껍질오일, 라임전초오일, 오렌지꽃오일, 필리핀오렌지껍질오일, 라벤더오일, 로즈마리잎오일, 클레리오일, 펜틸렌글라이콜, 실리카, 소듐아크릴레이트/소듐아크릴로일다이메틸타우레이트코폴리머, 하이드록시아세토페논, 아이소헥사데칸, 폴리솔베이트80, C12-20알킬글루코사이드, 아크릴레이트코폴리머, 카프릴릴글라이콜, 트로메타민, 아데노신, 솔비탄올리에이트, 에틸헥실글리세린, 카프릴릭/카프릭트라이글리세라이드, 하이드롤라이즈드글라이코사미노글리칸, 포스포리피드, 세라마이드엔피, 콜레스테롤, 알지닌, 피토스테롤, C14-22알코올, 다이소듐이디티에이, 리모넨, 리날룰"
"A000000179126","[수분선크림/화잘먹] 토코보 바이오 워터리 선크림 50mL SPF50+ PA++++","토코보","50.0","50.0","ml","24000","18000","3600.0","정제수, 다이부틸아디페이트, 프로판다이올, 에칠헥실트리아존, 테레프탈릴리덴디캠퍼설포닉애씨드, 폴리글리세릴-3다이스테아레이트, 나이아신아마이드, 트로메타민, 세테아릴알코올, 1,2-헥산다이올, 디에칠아미노하이드록시벤조일헥실벤조에이트, 펜틸렌글라이콜, 폴리실리콘-15, 녹두추출물, 코튼추출물, 고삼뿌리추출물, 장엽대황뿌리/줄기추출물, 황금추출물, 황벽나무껍질추출물, 달맞이꽃꽃추출물, 당느릅나무뿌리추출물, 대왕송잎추출물, 칡뿌리추출물, 소듐하이알루로네이트, 코튼씨오일, 폴리메틸실세스퀴옥세인, 소듐폴리아크릴로일다이메틸타우레이트, 글리세릴스테아레이트, 비스-에칠헥실옥시페놀메톡시페닐트리아진, 포타슘세틸포스페이트, 글리세린, 글리세릴스테아레이트시트레이트, 이눌린라우릴카바메이트, 암모늄아크릴로일다이메틸타우레이트/브이피코폴리머, 에틸헥실글리세린, 아데노신, 부틸렌글라이콜, 토코페롤, 향료"
"A000000179351","[오선우pick/리뉴얼] 아누아 어성초 실키 모이스처 선크림 50ml 기획 (+10ml/+15ml증정)","아누아","50.0","75.0","ml","","25000","3333.3","정제수, 다이부틸아디페이트, 프로판다이올, 에칠헥실트리아존, 테레프탈릴리덴디캠퍼설포닉애씨드, 글리세린, 나이아신아마이드, 카프릴릴메티콘, 폴리메틸실세스퀴옥세인, 트로메타민, 1,2-헥산다이올, 폴리글리세릴-3다이스테아레이트, 세테아릴알코올, 펜틸렌글라이콜, 부틸렌글라이콜, 디에칠아미노하이드록시벤조일헥실벤조에이트, 폴리실리콘-15, 약모밀추출물(3,000ppm), 감나무잎추출물, 포도추출물, 잇꽃꽃추출물, 커피콩추출물, 호장근뿌리추출물, 녹차추출물, 밤껍질추출물, 초피나무열매추출물, 트루로즈오브예리코추출물, 판테놀, 글리세릴스테아레이트, 비스-에칠헥실옥시페놀메톡시페닐트리아진, 포타슘세틸포스페이트, 메틸프로판다이올, 카보머, 글리세릴스테아레이트시트레이트, 아크릴레이트/C10-30알킬아크릴레이트크로스폴리머, 암모늄아크릴로일다이메틸타우레이트/브이피코폴리머, 아데노신, 폴리에터-1, 바이오사카라이드검-1, 토코페롤, 에틸헥실글리세린"
"A000000180138","닥터지 브라이트닝 업 모이스처 선 50ml","닥터지","50.0","50.0","ml","","32000","6400.0","정제수, 징크옥사이드, 사이클로헥사실록세인, 부틸옥틸살리실레이트, 프로판다이올, 다이프로필렌글라이콜, 카프릴릴메티콘, 폴리글리세릴-3폴리다이메틸실록시에틸다이메티콘, 프로필헵틸카프릴레이트, 나이아신아마이드, 메틸트라이메티콘, 아이소도데케인, 코코-카프릴레이트/카프레이트, 판테놀, 티타늄디옥사이드, 다이스테아다이모늄헥토라이트, 타라열매추출물, 코토니추출물, 밀몽화꽃추출물, 프랑스해안송껍질추출물, 소듐하이알루로네이트, 라우릴폴리글리세릴-3폴리다이메틸실록시에틸다이메티콘, 마그네슘설페이트, 트라이에톡시카프릴릴실레인, 1,2-헥산다이올, 트라이메틸실록시실리케이트, 폴리글리세릴-2다이폴리하이드록시스테아레이트, 페닐트라이메티콘, 폴리우레탄-15, 아크릴레이트/다이메티콘코폴리머, 다이카프릴릴카보네이트, 글리세릴카프릴레이트, 카프릴릴글라이콜, 알루미늄하이드록사이드, 에틸헥실글리세린, 아데노신, 토코페롤, 칼라민, 부틸렌글라이콜, 황색산화철, 적색산화철"
"A000000180552","[리뉴얼/판테놀5%] 듀이트리 어반쉐이드 더마판테놀5 수분장벽 선 40ml 1+1(기획/단품)","듀이트리","40.0","80.0","ml","","30000","3750.0","정제수, 징크옥사이드, 사이클로헥사실록세인, 부틸옥틸살리실레이트, 판테놀(50,000ppm), 프로판다이올, 프로필헵틸카프릴레이트, 아이소도데케인, 폴리글리세릴-3폴리다이메틸실록시에틸다이메티콘, 카프릴릴메티콘, 메틸메타크릴레이트크로스폴리머, 다이스테아다이모늄헥토라이트, 다시마추출물, 한련초잎추출물, 비타민나무열매오일, 자작나무수액, 하이드로제네이티드레시틴, 마그네슘설페이트, 트라이에톡시카프릴릴실레인, 1,2-헥산다이올, 폴리글리세릴-2다이폴리하이드록시스테아레이트, 라우릴폴리글리세릴-3폴리다이메틸실록시에틸다이메티콘, 글리세릴카프릴레이트, 카프릴릴글라이콜, 에틸헥실글리세린, 토코페롤, 세라마이드엔피, 알란토인, 베타-시토스테롤, 피토스테롤, 글리세린, 다이프로필렌글라이콜, 부틸렌글라이콜, 프룩토올리고사카라이드, 베타-글루칸, 하이드롤라이즈드하이알루로닉애씨드"
"A000000180600","[보송/톤업] 아크네스 3초 진정 선크림 50ml 1+1 기획","아크네스","50.0","100.0","ml","22000","20900","2090.0","정제수, 호모살레이트, 에칠헥실살리실레이트, 티타늄디옥사이드, 부틸옥틸살리실레이트, 부틸렌글라이콜, 디에칠
아미노하이드록시벤조일헥실벤조에이트, 아크릴레이트코폴리머, 변성알코올, 다이프로필렌글라이콜, 나이아신아
마이드, 실리카, C20-22알킬포스페이트, 아라키딜알코올, 비스-에칠헥실옥시페놀메톡시페닐트리아진, 프로판다
이올, C20-22알코올, 베헤닐알코올, 알루미늄하이드록사이드, 스테아릭애씨드, 아라키딜글루코사이드, 카프릴릴
글라이콜, 포타슘세틸포스페이트, 솔비탄스테아레이트, 글리세린, 글리세릴스테아레이트, 하이드록시에틸아크릴레
이트/소듐아크릴로일다이메틸타우레이트코폴리머, 피이지-100스테아레이트, 에틸헥실글리세린, 토코페릴아세테
이트, 스쿠알란, 1,2-헥산다이올, 마이크로크리스탈린셀룰로오스, 폴리아크릴레이트크로스폴리머-6, 티트리잎오
일, 옥수수커넬추출물, 다이소듐이디티에이, 아데노신, 폴리솔베이트60, 셀룰로오스검, 알로에베라잎추출물, 참마
뿌리추출물, 다시마추출물, 당느릅나무뿌리추출물, 제비꽃꽃추출물, 솔비탄아이소스테아레이트, 하이알루로닉애씨
드, 하이드롤라이즈드하이알루로닉애씨드, 소듐하이알루로네이트, 글루코오스, 병풀추출물, 약모밀추출물, 프룩탄, 
트라이에톡시카프릴릴실레인, t-부틸알코올, 불가리스쑥추출물, 티트리잎추출물, 멕시칸치아씨추출물, 유제놀"
"A000000180853","[수분물떡선] 스킨푸드 베리 수분 선크림 50ml SPF50+ PA++++","스킨푸드","50.0","50.0","ml","24000","16800","3360.0","정제수, 다이부틸아디페이트, 프로판다이올, 에칠헥실트리아존, 테레프탈릴리덴디캠퍼설포닉애씨드, 폴리글리세릴-3다이스테아레이트, 나이아신아마이드, 트로메타민, 세테아릴알코올, 1,2-헥산다이올, 디에칠아미노하이드록시벤조일헥실벤조에이트, 펜틸렌글라이콜, 폴리실리콘-15, 로우스위트블루베리추출물(100 ppm), 검은뽕나무열매추출물, 구기자추출물, 불가리스매자뿌리추출물, 비치스트로베리추출물(25 ppb), 올리브오일, 분비나무오일, 로즈마리잎오일, 클레리오일, 캐모마일꽃오일, 멕시칸주니퍼오일, 마트리카리아꽃오일, 소듐폴리아크릴로일다이메틸타우레이트, 글리세릴스테아레이트, 비스-에칠헥실옥시페놀메톡시페닐트리아진, 포타슘세틸포스페이트, 글리세린, 부틸렌글라이콜, 글리세릴스테아레이트시트레이트, 이눌린라우릴카바메이트, 암모늄아크릴로일다이메틸타우레이트/브이피코폴리머, 에틸헥실글리세린, 아데노신, 토코페롤"
"A000000180854","[무기자차/비건] 스킨푸드 베리 진정 선크림 50ml SPF50+ PA++++","스킨푸드","50.0","50.0","ml","24000","16800","3360.0","'정제수, 징크옥사이드, 사이클로헥사실록세인, 부틸옥틸살리실레이트, 프로판다이올, 프로필헵틸카프릴레이트, 다이카프릴릴카보네이트, 아이소도데케인, 폴리글리세릴-3폴리다이메틸실록시에틸다이메티콘, 카프릴릴메티콘, 메틸메타크릴레이트크로스폴리머, 인디안구스베리열매추출물, 검은뽕나무열매추출물, 구기자추출물, 불가리스매자뿌리추출물, 비치스트로베리추출물, 올리브오일, 소듐하이알루로네이트, 분비나무오일, 로즈마리잎오일, 클레리오일, 캐모마일꽃오일, 멕시칸주니퍼오일, 마트리카리아꽃오일, 다이스테아다이모늄헥토라이트, 마그네슘설페이트, 트라이에톡시카프릴릴실레인, 1,2-헥산다이올, 폴리글리세릴-2다이폴리하이드록시스테아레이트, 폴리메틸실세스퀴옥세인, 라우릴폴리글리세릴-3폴리다이메틸실록시에틸다이메티콘, 글리세릴카프릴레이트, 카프릴릴글라이콜, 에틸헥실글리세린, 부틸렌글라이콜, 토코페롤"
"A000000180974","숨37 마이크로액티브 선 세럼 30ml/50ml 단품/기획","숨37","30.0","80.0","ml","45000","35600","4450.0","[30ml, 50ml 전 옵션 동일]
정제수, 에칠헥실메톡시신나메이트, 변성알코올, 다이아이소프로필세바케이트, 프로판다이올, 트로메타민, 드로메트리졸트리실록산, 테레프탈릴리덴디캠퍼설포닉애씨드, 글리세린, 나이아신아마이드, 페네틸벤조에이트, 페닐벤즈이미다졸설포닉애씨드, 폴리글리세릴-3다이스테아레이트, 다이메티콘, 1,2-헥산다이올, 비스-에칠헥실옥시페놀메톡시페닐트리아진, 세테아릴알코올, 라우로일라이신, 판테놀, 에칠헥실트리아존, 글리세릴스테아레이트에스이, 폴리글리세릴-3메틸글루코오스다이스테아레이트, 폴리실리콘-11, 폴리아마이드-8, 아크릴레이트/C10-30알킬아크릴레이트크로스폴리머, 부틸렌글라이콜, 카보머, 글리세릴스테아레이트시트레이트, 소듐스테아로일글루타메이트, 석시노글리칸, 비니거, 아데노신, 잔탄검, 육두구추출물, 트라이소듐이디티에이, 하이드롤라이즈드하이알루로닉애씨드, 아시아티코사이드, 카프릴릴글라이콜, 데실글루코사이드, 마데카식애씨드, 아시아틱애씨드, 펜타에리스리틸테트라-다이-T-부틸하이드록시하이드로신나메이트, 플로레틴, 2,3-부탄다이올, 토코페롤, 효모폴리펩타이드, 해바라기씨오일, 베르가모트오일, 일랑일랑꽃오일, 다마스크장미꽃오일, *리모넨, *리날룰, *벤질벤조에이트, *시트로넬올, *벤질살리실레이트, *제라니올, *파네솔, *시트랄, *벤질알코올"
"A000000182620","라로슈포제 유비데아 안뗄리오스 톤업 클리어 30ml","라로슈포제","30.0","30.0","ml","38000","30400","10133.3","정제수 에칠헥실메톡시신나메이트 스쿠알란 티타늄디옥사이드 글리세린 드로메트리졸트리실록산 테레프탈릴리덴디캠퍼설포닉애씨드 프로필렌글라이콜 변성알코올 트라이에탄올아민 다이프로필렌글라이콜 마이카 스테아릭애씨드 포타슘세틸포스페이트 토코페롤 나일론-12 아크릴아마이드/소듐아크릴로일다이메틸정제수 변성알코올 에칠헥실살리실레이트 아이소노닐아이소노나노에이트 옥토크릴렌 부틸메톡시디벤조일메탄 에칠헥실트리아존 비스-에칠헥실옥시페놀메톡시페닐트리아진 티타늄디옥사이드 메칠렌비스-벤조트리아졸릴테트라메칠부틸페놀 프로판다이올 아이소프로필라우로일사코시네이트 실리카 세테아릴알코올 다이아이소프로필세바케이트 아데노신 알루미나 암모늄아크릴로일다이메틸타우레이트/브이피코폴리머 부틸렌글라이콜 카프릴릴글라이콜 카보머 세테아릴글루코사이드 코코-카프릴레이트/카프레이트 글리세린 해바라기씨오일 호모살레이트 이눌린라우릴카바메이트 아이소프로필티타늄트라이아이소스테아레이트 마이카 페녹시에탄올 폴리글리세릴-10라우레이트 실리카실릴레이트 소듐스테아로일글루타메이트 t-부틸알코올 틴옥사이드 토코페롤 트라이소듐에틸렌다이아민다이석시네이트 잔탄검타우레이트코폴리머 알루미늄하이드록사이드 바륨설페이트 비에이치티 비스-에칠헥실옥시페놀메톡시페닐트리아진 부틸렌글라이콜 시어버터씨드케이크추출물 카프릴릴글라이콜 카보머 세틸알코올 적색산화철/황색산화철 티타늄디옥사이드 디에칠아미노하이드록시벤조일헥실벤조에이트 에칠헥실트리아존 글리세릴스테아레이트 아이소헥사데칸 미리스틱애씨드 모란뿌리추출물 팔미틱애씨드 피이지-100스테아레이트 페녹시에탄올 폴리솔베이트80 포타슘솔베이트 소듐클로라이드 소듐코코일사코시네이트 솔비탄올리에이트 테르무스 테르모필루스발효물 트라이소듐에틸렌다이아민다이석시네이트 트로메타민 잔탄검"
"A000000182741","크리니크 이븐 베터 다크 스팟 디펜스 SPF50/PA++++ 30ml (2종 중 택 1)","크리니크","30.0","30.0","ml","56000","47600","15866.7","이븐 베터 다크 스팟 디펜스 SPF50/PA+++ 01쉬어틴트 전성분: 정제수 , 디메치콘 , 티타늄디옥사이드 , 부틸옥틸살리실레이트 , 폴리디에칠실록산 , 징크옥사이드 , C12-15알킬벤조에이트 , 이소노닐이소노나노에이트 , 디에칠헥실석시네이트 , 네오펜틸글라이콜디헵타노에이트 , 메칠트리메치콘 , 부틸렌글라이콜 , 에칠헥실메톡시크릴렌 , 라우릴피이지-9폴리디메칠실록시에칠디메치콘 , 실리카 , 라우레스-4 , 세틸피이지/피피지-10/1디메치콘 , 디펜타에리스리틸트리-폴리하이드록시스테아레이트 , 디메치콘실릴레이트 , 하이드롤라이즈드밀단백질/피브이피크로스폴리머 , 이소스테아릭애씨드 , 카프릴릴글라이콜 , 디메치콘크로스폴리머-3 , 폴리하이드록시스테아릭애씨드 , 트리에톡시카프릴릴실란 , 디메치콘/피이지-10/15크로스폴리머 , 디프로필렌글라이콜 , 페녹시에탄올 , 적색산화철 , 황색산화철 (iln41046)이븐 베터 다크 스팟 디펜스 SPF50/PA+++ 02쉬어 전성분: 정제수 , 디메치콘 , 티타늄디옥사이드 , 부틸옥틸살리실레이트 , 폴리디에칠실록산 , 징크옥사이드 , C12-15알킬벤조에이트 , 이소노닐이소노나노에이트 , 디에칠헥실석시네이트 , 네오펜틸글라이콜디헵타노에이트 , 메칠트리메치콘 , 부틸렌글라이콜 , 에칠헥실메톡시크릴렌 , 라우릴피이지-9폴리디메칠실록시에칠디메치콘 , 실리카 , 라우레스-4 , 세틸피이지/피피지-10/1디메치콘 , 디펜타에리스리틸트리-폴리하이드록시스테아레이트 , 디메치콘실릴레이트 , 하이드롤라이즈드밀단백질/피브이피크로스폴리머 , 이소스테아릭애씨드 , 카프릴릴글라이콜 , 디메치콘크로스폴리머-3 , 폴리하이드록시스테아릭애씨드 , 트리에톡시카프릴릴실란 , 디메치콘/피이지-10/15크로스폴리머 , 디프로필렌글라이콜 , 페녹시에탄올 , 적색산화철 , 황색산화철 (iln41046)제공된 성분은 동일 제품이라도 경우에 따라 변경될 수 있습니다. 최신정보는 제품 포장의 성분을 참고하시거나 본사 고객관리지원팀으로 연락 부탁 드립니다."
"A000000182794","프리메라 리페어링 세라캡슐 UV 프로텍터 40ml","프리메라","40.0","40.0","ml","34000","22000","5500.0","정제수, 부틸렌글라이콜, 호모살레이트, 디에칠아미노하이드록시벤조일헥실벤조에이트, 에칠헥실살리실레이트, 페닐트라이메티콘, 글리세린, C12-15알킬벤조에이트, 실리카, 비스-에칠헥실옥시페놀메톡시페닐트리아진, 다이부틸아디페이트, 테레프탈릴리덴디캠퍼설포닉애씨드, 세테아릴알코올, 1,2-헥산다이올, 트로메타민, 락토바실러스발효용해물, 포타슘세틸포스페이트, 글리세릴스테아레이트, 스테아릭애씨드, 하이드록시프로필비스팔미타마이드엠이에이, 아크릴레이트/C10-30알킬아크릴레이트크로스폴리머, 폴리아크릴레이트크로스폴리머-6, 만니톨, 베헤닐알코올, 하이드로제네이티드레시틴, 글리세릴카프릴레이트, 에틸헥실글리세린, 황금추출물, 폴리글리세릴-3메틸글루코오스다이스테아레이트, 팔미틱애씨드, 다이소듐이디티에이, 아크릴레이트/암모늄메타크릴레이트코폴리머, 리모넨, 카보머, 광곽향오일, 제라니올, 콩폴리펩타이드, 콜레스테롤, 베르가모트추출물, 시트로넬올, 레몬껍질오일, 리날룰, 센티드제라늄꽃오일, 하이드롤라이즈드옥수수전분, 소나무잎추출물, 팔마로사오일, 라벤더오일, 시트랄, 미리스틱애씨드, 마트리카리아꽃오일, 로즈마리잎오일, 라우릭애씨드, 왕귤껍질오일, 토코페롤, 갈립검오일, 필리핀오렌지껍질오일, 베르가모트껍질오일"
"A000000182899","싸이닉 엔조이 파데스킵 톤업 선크림 50g 더블 기획","싸이닉","50.0","100.0","g(약 1ml 상당으로 근사)","18000","11050","1105.0","정제수, 다이부틸아디페이트, 다이프로필렌글라이콜, 티타늄디옥사이드 (CI 77891), C12-15알킬벤조에이트, 코코-카프릴레이트/카프레이트, 아이소노닐아이소노나노에이트, 디에칠아미노하이드록시벤조일헥실벤조에이트, 나이아신아마이드, 페네틸벤조에이트, 글리세린, 소듐하이알루로네이트, 하이드롤라이즈드하이알루로닉애씨드, 하이알루로닉애씨드, 비스-에칠헥실옥시페놀메톡시페닐트리아진, 에칠헥실트리아존, 폴리실리콘-15, 테레프탈릴리덴디캠퍼설포닉애씨드, 펜틸렌글라이콜, 1,2-헥산다이올, 폴리하이드록시스테아릭애씨드, 폴리C10-30알킬아크릴레이트, 폴리글리세릴-3메틸글루코오스다이스테아레이트, 트로메타민, 포타슘세틸포스페이트, 아이소도데케인, 옥틸도데칸올, 소듐폴리아크릴로일다이메틸타우레이트, 하이드록시에틸우레아, 알루미늄하이드록사이드, 하이드록시아세토페논, 판테놀, 스테아릭애씨드, 하이드록시에틸아크릴레이트/소듐아크릴로일다이메틸타우레이트코폴리머, 프로판다이올, 폴리글리세릴-4아이소스테아레이트, 아이소프로필티타늄트라이아이소스테아레이트, 폴리글리세릴-2다이폴리하이드록시스테아레이트, 하이드록시프로필메틸셀룰로오스스테아록시에터, 폴리아크릴레이트크로스폴리머-6, 아데노신, 폴리아크릴릭애씨드, 바이오사카라이드검-1, 아세틸글루코사민, 소듐하이알루로네이트크로스폴리머, 카프릴릴글라이콜, 알란토인, 마데카소사이드, 벤질글라이콜, 하이드롤라이즈드글라이코사미노글리칸, 하이드록시프로필트라이모늄하이알루로네이트, 에틸헥실글리세린, 소듐아세틸레이티드하이알루로네이트, 하이드롤라이즈드소듐하이알루로네이트, 포타슘하이알루로네이트, 베헤닐알코올, 다이소듐이디티에이, 잔탄검, 황색산화철 (CI 77492), 적색산화철 (CI 77491)"
"A000000183052","포레스트 서울 비건 파데프리 선크림 80ml","포레스트 서울","80.0","80.0","ml","22000","15800","1975.0","정제수, 징크옥사이드, 프로필헵틸카프릴레이트, 프로판다이올, 부틸옥틸살리실레이트, 폴리글리세릴-3폴리다이메틸실록시에틸다이메티콘, 카프릴릴메티콘, 다이실록세인, 메틸메타크릴레이트크로스폴리머, 메틸트라이메티콘, 다이스테아다이모늄헥토라이트, 마그네슘설페이트, 트라이에톡시카프릴릴실레인, 1,2-헥산다이올, 잣나무씨추출물*, 동백나무꽃추출물*, 소나무잎추출물, 폴리메틸실세스퀴옥세인, 폴리글리세릴-2다이폴리하이드록시스테아레이트, 라우릴폴리글리세릴-3폴리다이메틸실록시에틸다이메티콘, 카프릴릴글라이콜, 글리세릴카프릴레이트, 에틸헥실글리세린, 소듐하이알루로네이트, 토코페롤, 부틸렌글라이콜, 향료"
"A000000183287","비플레인 선뮤즈 무기자차 선크림 50ml","비플레인","50.0","50.0","ml","19800","15800","3160.0","정제수, 징크옥사이드, 아이소노닐아이소노나노에이트, 부틸옥틸살리실레이트, 프로판다이올, 프로필헵틸카프릴레이트, 다이실록세인, 메틸트라이메티콘, 카프릴릴메티콘, 나이아신아마이드, 폴리글리세릴-3폴리다이메틸실록시에틸다이메티콘, 실리카, 마이카, 다이스테아다이모늄헥토라이트, 폴리하이드록시스테아릭애씨드, 마그네슘설페이트, 폴리메틸실세스퀴옥세인, 트라이에톡시카프릴릴실레인, 1,2-헥산다이올, 보론나이트라이드, 폴리글리세릴-2다이폴리하이드록시스테아레이트, 라우릴폴리글리세릴-3폴리다이메틸실록시에틸다이메티콘, 네오펜틸글라이콜다이에틸헥사노에이트, 글리세릴카프릴레이트, 카프릴릴글라이콜, 글리세린, 다이프로필렌글라이콜, 다시마추출물, 한련초잎추출물, 에틸헥실글리세린, 옥틸도데칸올, 아보카도오일, 아데노신, 부틸렌글라이콜, 소듐하이알루로네이트, 프룩토올리고사카라이드, 베타-글루칸, 하이드로제네이티드레시틴, 에키움 플란타기네움씨오일, 아보카도열매추출물, 양배추추출물, 케일잎추출물, 토코페롤, 하이드롤라이즈드하이알루로닉애씨드, 해바라기씨오일불검화물, 트라이메틸실록시실리케이트, 풍선덩굴꽃/잎/덩굴추출물, 폴리우레탄-15, 브로콜리추출물"
"A000000184156","[모공끼임제로/수분쿨링]성분에디터 그린토마토 모공 블러링 선크림 50g","성분에디터","50.0","50.0","g(약 1ml 상당으로 근사)","24500","19600","3920.0","정제수, 다이부틸아디페이트, 에칠헥실트리아존, 디에칠아미노하이드록시벤조일헥실벤조에이트, 부틸옥틸살리실레이트, 비스-에칠헥실옥시페놀메톡시페닐트리아진, 프로판다이올, 메틸프로판다이올, 페닐트라이메티콘, 카프릴릴메티콘, 나이아신아마이드, 티타늄디옥사이드 (CI 77891), 1,2-헥산다이올, 폴리글리세릴-3메틸글루코오스다이스테아레이트, 트로메타민, C30-45알킬세테아릴다이메티콘크로스폴리머, 부틸렌글라이콜, 브이피/에이코신코폴리머, 카보머, 암모늄아크릴로일다이메틸타우레이트/브이피코폴리머, 아크릴레이트/C10-30알킬아크릴레이트크로스폴리머, 폴리아크릴레이트크로스폴리머-6, 토마토추출물, 황련추출물, 서양배추출물, 다마스크장미꽃수, 치자추출물, 아데노신, 오리스뿌리추출물, 멜론추출물, 서양송악잎/줄기추출물, 글루타티온, 미로탐누스플라벨리폴리아잎추출물, 병풀잎추출물, 글리세린, 시트릭애씨드, 별꽃추출물, 소듐하이알루로네이트, 락토바실러스발효물, 하이알루로닉애씨드, 소듐하이알루로네이트크로스폴리머, 하이드롤라이즈드소듐하이알루로네이트, 하이드롤라이즈드하이알루로닉애씨드, 수용성콜라겐, 소듐아세틸레이티드하이알루로네이트, 하이드록시프로필트라이모늄하이알루로네이트, 하이드롤라이즈드콜라겐, 카퍼트라이펩타이드-1, 세린, 수크로오스, 글라이신, 칼슘클로라이드, 씨솔트, 알라닌, 마그네슘클로라이드, 트레오닌, 히스티딘, 아스파틱애씨드, 발린, 아텔로콜라겐, 프롤린, 다이포타슘포스페이트, 라이신, 류신, 타이로신, 아이소류신, 마그네슘시트레이트, 글루코사민에이치씨엘, 페닐알라닌, 글루타믹애씨드, 알지닌, 1-메틸하이단토인-2-이미드, 아스파라진, 시트룰린, 메티오닌, 타우린, 트립토판, 포믹애씨드, 글루타민, 시스테인, 스테아릴알코올, 세틸알코올, 에틸헥실글리세린, 소듐스테아로일글루타메이트, 알루미늄하이드록사이드, 트라이에톡시카프릴릴실레인, t-부틸알코올, 미리스틸알코올, 라우릴알코올, 마그네슘피씨에이"
"A000000184387","빌리프 해피보 마일드 선 스크린 50ml","빌리프","50.0","50.0","ml","34000","26000","5200.0","정제수, 에칠헥실메톡시신나메이트, 프로판다이올, 디에칠아미노하이드록시벤조일헥실벤조에이트, 에칠헥실살리실레이트, C12-15알킬벤조에이트, 글리세린, 다이메티콘, 페닐벤즈이미다졸설포닉애씨드, 티타늄디옥사이드, 1,2-헥산다이올, 포타슘세틸포스페이트, 트로메타민, 비스-에칠헥실옥시페놀메톡시페닐트리아진, 판테놀, 폴리글리세릴-3메틸글루코오스다이스테아레이트, 귀리커넬추출물*+, 포트마리골드꽃추출물*, 개박하추출물*, 라즈베리잎추출물*, 별꽃추출물*+, 와일드인디고뿌리추출물*, 마트리카리아꽃추출물+, 다마스크장미꽃추출물+, 삼색제비꽃추출물+, 세라마이드엔피, 세라마이드엔에스, 세라마이드에이피, 세라마이드에이에스, 세라마이드이오피, 글라이신, 알라닌, 트레오닌, 히스티딘, 크레아틴, 우레아, 프룩토오스, 글루코오스, 글루타민, 글루타믹애씨드, 칼슘클로라이드, 아스파라진, 마그네슘클로라이드, 세럼알부민, 소듐피씨에이, 소듐락테이트, 알지닌, 아스파틱애씨드, 피씨에이, 세린, 발린, 아이소류신, 프롤린, 페닐알라닌, 시어버터, 피토스핑고신, 스테아릭애씨드, 팔미틱애씨드, 알루미늄스테아레이트, 폴리우레탄-15, 폴리아크릴레이트크로스폴리머-6, 폴리하이드록시스테아릭애씨드, 잔탄검, 알루미나, 부틸렌글라이콜, 트라이소듐이디티에이, 하이드로제네이티드레시틴, 세테아릴알코올, 콜레스테롤, 바닐라열매추출물**"
"A000000184778","마녀공장 파데프리 선크림 모이스처 50ml SPF50+ PA++++","마녀공장","50.0","50.0","ml","","28000","5600.0","정제수, 다이부틸아디페이트, 다이프로필렌글라이콜, 티타늄디옥사이드 (CI 77891), 글리세린, 아이소노닐아이소노나노에이트, 나이아신아마이드, 코코-카프릴레이트/카프레이트, 디에칠아미노하이드록시벤조일헥실벤조에이트, 폴리메틸실세스퀴옥세인, 1,2-헥산다이올, 비스-에칠헥실옥시페놀메톡시페닐트리아진, 실리카, 에칠헥실트리아존, 펜틸렌글라이콜, 폴리실리콘-15, 테레프탈릴리덴디캠퍼설포닉애씨드, 폴리하이드록시스테아릭애씨드, 베헤닐알코올, 폴리글리세릴-3다이스테아레이트, 소듐폴리아크릴로일다이메틸타우레이트, 트로메타민, 포타슘세틸포스페이트, 옥틸도데칸올, 아이소도데케인, 알루미늄하이드록사이드, 스테아릭애씨드, 폴리아크릴레이트크로스폴리머-6, 암모늄폴리아크릴로일다이메틸타우레이트, 폴리글리세릴-4아이소스테아레이트, 아이소프로필티타늄트라이아이소스테아레이트, 폴리글리세릴-2다이폴리하이드록시스테아레이트, 하이드록시프로필메틸셀룰로오스스테아록시에터, 에틸헥실글리세린, 소듐폴리아크릴레이트, 글리세릴스테아레이트시트레이트, 아데노신, 다이소듐이디티에이, 토코페롤, 스쿠알란, 돌나물추출물, 부틸렌글라이콜, 트루로즈오브예리코추출물, 하이드롤라이즈드하이알루로닉애씨드, 황색산화철(CI 77492), 적색산화철(CI 77491)"
"A000000185302","빌리프 UV프로텍터 멀티 선 스크린 50ml","빌리프","50.0","50.0","ml","40000","30800","6160.0","정제수, 아이소도데케인, 다이프로필렌글라이콜, 다이카프릴릴카보네이트, 솔비탄올리베이트, 에칠헥실살리실레이트, 디에칠아미노하이드록시벤조일헥실벤조에이트, 에칠헥실메톡시신나메이트, 아이소데실네오펜타노에이트, 글리세린, 징크옥사이드, 사이클로펜타실록세인, 아이소헥사데칸, C12-15알킬벤조에이트, 다이스테아다이모늄헥토라이트, 메틸메타크릴레이트크로스폴리머, 판테놀, 피토스테릴/이소스테아릴/세틸/스테아릴/베헤닐다이머디리놀리에이트, 귀리커넬추출물*, 포트마리골드꽃추출물*, 개박하추출물*, 라즈베리잎추출물*, 와일드인디고뿌리추출물*, 별꽃추출물*, 토코페롤, 인동덩굴꽃추출물, 노니열매추출물, 몰로키아잎추출물, 버지니아풍년화추출물, 커먼자스민추출물, 글리세릴카프릴레이트, 티타늄디옥사이드(CI 77891), 피이지-30다이폴리하이드록시스테아레이트, 마이카, 나일론-12, 비스-에칠헥실옥시페놀메톡시페닐트리아진, 에틸헥실글리세린, 트라이에톡시카프릴릴실레인, 황색산화철, 마그네슘설페이트, 비닐다이메티콘/메티콘실세스퀴옥세인크로스폴리머, 부틸렌글라이콜, 다이메티콘, 적색산화철, 흑색산화철, 메티콘, 1,2-헥산다이올, 오렌지껍질오일**, 피마자씨오일**, 레몬껍질오일**, 라임전초오일**, 왕귤껍질오일**, 베르가모트오일**, 연필향나무오일**, 스타아니스열매/씨오일**, 클레리오일**, 클로브잎오일**, 벤조인나무검**, 갈바눔수지오일**, 센티드제라늄꽃오일**, 일랑일랑꽃오일**, 리씨열매오일**
*표시: Napiers original formula
**표시: 천연 유래 물질 조합향"
"A000000185303","빌리프 UV프로텍터 톤업 선 스크린 50ml","빌리프","50.0","50.0","ml","40000","30800","6160.0","정제수, 에칠헥실메톡시신나메이트, 아이소도데케인, 다이프로필렌글라이콜, 징크옥사이드, 에칠헥실살리실레이트, 솔비탄올리베이트, 디에칠아미노하이드록시벤조일헥실벤조에이트, 다이카프릴릴카보네이트, 글리세린, 사이클로펜타실록세인, 아이소헥사데칸, 나이아신아마이드, 티타늄디옥사이드, 다이스테아다이모늄헥토라이트, 티타늄디옥사이드(CI 77891), 합성플루오르플로고파이트, 비스-에칠헥실옥시페놀메톡시페닐트리아진, 판테놀, 페네틸벤조에이트, 귀리커넬추출물, 포트마리골드꽃추출물, 개박하추출물, 라즈베리잎추출물, 와일드인디고뿌리추출물, 별꽃추출물, 토코페롤, 인동덩굴꽃추출물, 노니열매추출물, 몰로키아잎추출물, 버지니아풍년화추출물, 커먼자스민추출물, 메틸메타크릴레이트크로스폴리머, 글리세릴카프릴레이트, 피이지-30다이폴리하이드록시스테아레이트, 알루미늄하이드록사이드, 스테아릭애씨드, 트라이에톡시카프릴릴실레인, 에틸헥실글리세린, 아이소데실네오펜타노에이트, 마그네슘설페이트, 부틸렌글라이콜, 마이카, 적색산화철, 틴옥사이드, 팔미토일프롤린, 마그네슘팔미토일글루타메이트, 소듐팔미토일사코시네이트, 다이페닐실록시페닐트라이메티콘, 팔미틱애씨드, 트라이에톡시실릴에틸폴리다이메틸실록시에틸헥실다이메티콘, 1,2-헥산다이올, 오렌지껍질오일, 피마자씨오일, 레몬껍질오일, 라임전초오일, 왕귤껍질오일, 베르가모트오일, 연필향나무오일, 스타아니스열매/씨오일, 클레리오일, 클로브잎오일, 벤조인나무검, 갈바눔수지오일, 센티드제라늄꽃오일, 일랑일랑꽃오일, 리씨열매오일, 리모넨, 리날룰, 시트랄"
"A000000186053","퓨어멜로우 데일리 톤업 촉촉 선크림 50g","퓨어멜로우","50.0","50.0","g(약 1ml 상당으로 근사)","9900","7900","1580.0","정제수, 사이클로펜타실록세인, 징크옥사이드, 티타늄디옥사이드, 다이프로필렌글라이콜, 피이지-10다이메티콘, 에틸헥실팔미테이트, 사이클로헥사실록세인, 다이메티콘, 알루미늄하이드록사이드, 스테아릭애씨드, 하이드로제네이티드폴리아이소부텐, 소듐클로라이드, 베어베리잎추출물, 라즈베리추출물, 비치스트로베리추출물, 로우스위트블루베리추출물, 서양산딸기추출물, 우유추출물, 다이메티콘/비닐다이메티콘크로스폴리머, 비즈왁스,다이스테아다이모늄헥토라이트, 세틸피이지/피피지-10/1다이메티콘, 트라이에톡시카프릴릴실레인, 클로페네신, 트라이에틸시트레이트, 다이포타슘글리시리제이트, 부틸렌글라이콜, 티트리추출물, 병풀추출물, 쇠비름추출물, 다이소듐이디티에이, 에틸헥실글리세린, 1,2-헥산다이올, 향료, 알파-아이소메틸아이오논, 헥실신남알, 리날룰"
"A000000186461","[지속율95.46%/광노화케어_신소재적용] 리쥬란 바이옴 힐러 유스 포뮬러 선크림 50ml","리쥬란","50.0","50.0","ml","25900","24600","4920.0","정제수, 징크옥사이드(CI77947), 사이클로헥사실록세인, 프로판다이올, 프로필헵틸카프릴레이트, 부틸올틸살리실레이트, 카프릴릴메티콘, 아이소프로필팔미테이트, 나이아신아마이드, 라우릴폴리글리세릴-3폴리다이메틸실록시에틸다이메티콘, 쿠티박테리움 아크네스발효여과물, 스트렙토코쿠스 테르모필루스발효물, 스타퓔로코쿠스 에피데르미디스발효여과물, 엔히드로박테르 아에로사쿠스발효추출여과물, 하이드롤라이즈드디엔에이, 소듐하이알루로네이트, 메틸메타크릴레이트크로스폴리머, 다이스테아다이모늄헥토라이트, 마그네슘설페이트, 트라이에톡시카프릴릴실레인, 폴리글리세릴-4다이아이소스테아레이트/폴리하이드록시스테아레이트/세바케이트, 폴리하이드록시스테아릭애씨드, 1,2-헥산다이올, 폴리글리세릴-3폴리다이메틸실록시에틸다이메티콘, 부틸렌글라이콜, 폴리글리세릴-2다이폴리하이드록시스테아레이트, 하이드록시아세토페논, 에틸헥실팔미테이트, 아이소프로필미리스테이트, 아이소스테아릭애씨드, 레시틴, 아데노신, 폴리글리세릴-3폴리리시놀리에이트, 아이소도데케인, 옥틸도데칸올, 글리세린, 펜틸렌글라이콜, 아세틸글루코사민, 폴리글리세릴-4아이소스테아레이트, 토코페롤, 아이소프로필티타늄트라이아이소스테아레이트, 소듐하이알루로네이트크로스폴리머, 카프릴릴글라이콜, 향료, 황색산화철(CI77492), 적색산화철(CI77491)"
"A000000187200","[광노화선케어] 샤이샤이샤이 인조이 더 선 유브이 프로텍션 크림 SPF50+ PA++++ 50ml","샤이샤이샤이","50.0","50.0","ml","32000","19800","3960.0","정제수, 다이부틸아디페이트, 프로판다이올, 디에칠아미노하이드록시벤조일헥실벤조에이트, 폴리메틸실세스퀴옥세인, 에칠헥실트리아존, 나이아신아마이드, 메칠렌비스-벤조트리아졸릴테트라메칠부틸페놀, 코코-카프릴레이트/카프레이트, 글리세린, 카프릴릴메티콘, 디에칠헥실부타미도트리아존, 1,2-헥산다이올, 부틸렌글라이콜, 트루로즈오브예리코추출물, 복숭아추출물, 붉은토끼풀추출물, 올리브오일, 펜틸렌글라이콜, 베헤닐알코올, 폴리C10-30알킬아크릴레이트, 폴리글리세릴-3메틸글루코오스다이스테아레이트, 데실글루코사이드, 트로메타민, 다이메티콘/비닐다이메티콘크로스폴리머, 카보머, 다이메티콘올, 트라이실록세인, 아크릴레이트/C10-30알킬아크릴레이트크로스폴리머, 소듐스테아로일글루타메이트, 폴리아크릴레이트크로스폴리머-6, 에틸헥실글리세린, 아데노신, 소듐폴리아크릴레이트, 잔탄검, 폴리에터-1, 피브이엠/엠에이코폴리머, t-부틸알코올, 토코페롤, 글리세릴글루코사이드, 메틸프로판다이올, 아스타잔틴, 향료"
"A000000187230","오휘 미라클 토닝 데일리 선 50ml","오휘","50.0","50.0","ml","42000","39900","7980.0","정제수, 에칠헥실메톡시신나메이트, 변성알코올, 다이아이소프로필세바케이트, 프로판다이올,트로메타민, 드로메트리졸트리실록산, 테레프탈릴리덴디캠퍼설포닉애씨드, 글리세린, 나이아신아마이드, 페네틸벤조에이트, 페닐벤즈이미다졸설포닉애씨드, 폴리글리세릴-3다이스테아레이트, 다이메티콘, 1,2-헥산다이올, 세테아릴알코올, 비스-에칠헥실옥시페놀메톡시페닐트리아진, 라우로일라이신,판테놀, 에칠헥실트리아존, 글리세릴스테아레이트에스이, 폴리글리세릴-3메틸글루코오스다이스테아레이트, 프로필렌글라이콜, 폴리실리콘-11, 폴리아마이드-8, 아크릴레이트/C10-30알킬아크릴레이트크로스폴리머, 부틸렌글라이콜, 카보머, 글루코노락톤, 글리세릴스테아레이트시트레이트, 소듐스테아로일글루타메이트, 해바라기씨오일, 석시노글리칸, 잔탄검, 육두구추출물, 트라이소듐이디티에이, 얼룩파인애플추출물, 카프릴릴글라이콜, 데실글루코사이드, 토코페롤, 베타-카로틴, 당근추출물,당근씨오일, 시트릭애씨드, 펜타에리스리틸테트라-다이-T-부틸하이드록시하이드로신나메이트, 소듐하이알루로네이트,돌콩오일, 아스코빅애씨드,향료, 리모넨, 리날룰, 시트로넬올, 제라니올, 시트랄"
"A000000187262","[촉촉화잘먹] 스킨앤랩 하이베리어 프레쉬 선로션 50ml","스킨앤랩","50.0","50.0","ml","22000","14080","2816.0","정제수, 다이부틸아디페이트, 프로판다이올, 변성알코올, 에칠헥실트리아존, 테레프탈릴리덴디캠퍼설포닉애씨드, 글리세린, 나이아신아마이드, 폴리글리세릴-3다이스테아레이트, 트로메타민, 1,2-헥산다이올, 펜틸렌글라이콜, 디에칠아미노하이드록시벤조일헥실벤조에이트, 세테아릴알코올, 카프릴릴메티콘, 폴리실리콘-15, 돌콩추출물, 소듐하이알루로네이트, 하이드로제네이티드레시틴, 카프릴릭/카프릭/석시닉트라이글리세라이드, 팔미틱애씨드, 글리세릴스테아레이트, 비스-에칠헥실옥시페놀메톡시페닐트리아진, 포타슘세틸포스페이트, 폴리메틸실세스퀴옥세인, 스테아릭애씨드, 메틸프로판다이올, 암모늄아크릴로일다이메틸타우레이트/브이피코폴리머, 실리카, 폴리아크릴레이트크로스폴리머-6, 글리세릴스테아레이트시트레이트, 에틸헥실글리세린, 아데노신, 소듐폴리아크릴레이트, 폴리에터-1, 미리스틱애씨드, t-부틸알코올, 바이오사카라이드검-1, 하이드롤라이즈드소듐하이알루로네이트, 하이드롤라이즈드하이알루로닉애씨드, 토코페롤, 소듐아세틸레이티드하이알루로네이트, 소듐하이알루로네이트크로스폴리머, 알지닌, 테트라하이드로피페린, 포타슘하이알루로네이트, 플로레틴, 하이드록시프로필트라이모늄하이알루로네이트, 하이알루로닉애씨드, 향료"
"A000000187550","[수분선크림/화잘먹] 토코보 바이오 워터리 선크림 기획 (50ml+10ml*2ea) SPF50+ PA++++","토코보","50.0","60.0","ml","","26000","4333.3","정제수, 다이부틸아디페이트, 프로판다이올, 에칠헥실트리아존, 테레프탈릴리덴디캠퍼설포닉애씨드, 폴리글리세릴-3다이스테아레이트, 나이아신아마이드, 트로메타민, 세테아릴알코올, 1,2-헥산다이올, 디에칠아미노하이드록시벤조일헥실벤조에이트, 펜틸렌글라이콜, 폴리실리콘-15, 녹두추출물, 코튼추출물, 고삼뿌리추출물, 장엽대황뿌리/줄기추출물, 황금추출물, 황벽나무껍질추출물, 달맞이꽃꽃추출물, 당느릅나무뿌리추출물, 대왕송잎추출물, 칡뿌리추출물, 소듐하이알루로네이트, 코튼씨오일, 폴리메틸실세스퀴옥세인, 소듐폴리아크릴로일다이메틸타우레이트, 글리세릴스테아레이트, 비스-에칠헥실옥시페놀메톡시페닐트리아진, 포타슘세틸포스페이트, 글리세린, 글리세릴스테아레이트시트레이트, 이눌린라우릴카바메이트, 암모늄아크릴로일다이메틸타우레이트/브이피코폴리머, 에틸헥실글리세린, 아데노신, 부틸렌글라이콜, 토코페롤, 향료"
"A000000187674","[쿨링진정] 넘버즈인 1번 청초 진정맑은 물막선크림 50ml (SPF50+ PA++++)","넘버즈인","50.0","50.0","ml","26000","17900","3580.0","정제수, 스페인감초뿌리수, 다이부틸아디페이트, 프로판다이올, 부틸옥틸살리실레이트, 에칠헥실트리아존, 테레프탈릴리덴디캠퍼설포닉애씨드, 폴리메틸실세스퀴옥세인, 1,2-헥산다이올, 나이아신아마이드, 트로메타민, 폴리글리세릴-3다이스테아레이트, 부틸렌글라이콜, 펜틸렌글라이콜, 세테아릴알코올, 카프릴릴메티콘, 디에칠아미노하이드록시벤조일헥실벤조에이트, 폴리실리콘-15, 글리세릴스테아레이트, 비스-에칠헥실옥시페놀메톡시페닐트리아진, 포타슘세틸포스페이트, 메틸프로판다이올, 카보머, 병풀추출물, 약모밀추출물, 아크릴레이트/C10-30알킬아크릴레이트크로스폴리머, 황련뿌리추출물, 글리세릴스테아레이트시트레이트, 에틸헥실글리세린, 잔탄검, 덱스트린, 아데노신, 폴리에터-1, 마데카소사이드, 치자추출물, 바이오사카라이드검-1, 토코페롤, 글리세린, 각시둥굴레뿌리줄기/뿌리추출물, 구기자추출물, 녹용추출물, 소엽맥문동뿌리추출물, 하수오뿌리추출물, 황기뿌리추출물, 다시마추출물, 알로에베라잎추출물, 참마뿌리추출물, 트루로즈오브예리코추출물, 당느릅나무뿌리추출물, 모창출뿌리추출물, 제비꽃꽃추출물, 다이메틸실란올하이알루로네이트, 하이드롤라이즈드하이알루로닉애씨드, 하이드롤라이즈드소듐하이알루로네이트, 소듐하이알루로네이트, 하이알루로닉애씨드, 포타슘하이알루로네이트, 소듐하이알루로네이트크로스폴리머, 하이드록시프로필트라이모늄하이알루로네이트, 소듐하이알루로네이트다이메틸실란올, 소듐아세틸레이티드하이알루로네이트, 히아신스전초추출물"
"A000000187809","오휘 데이쉴드 퍼펙트 선 블랙 30ml","오휘","30.0","30.0","ml","32000","25600","8533.3","정제수,에칠헥실메톡시신나메이트,이소도데칸,디프로필렌글라이콜,징크옥사이드,소르비탄올리베이트,에칠헥실살리실레이트,디카프릴릴카보네이트,디에칠아미노하이드록시벤조일헥실벤조에이트,글리세린,나이아신아마이드,사이클로펜타실록산,이소헥사데칸,티타늄디옥사이드,디스테아디모늄헥토라이트,판테놀,육두구추출물,페네칠벤조에이트,비스-에칠헥실옥시페놀메톡시페닐트리아진,메칠메타크릴레이트크로스폴리머,드럼스틱씨오일,홍차추출물,크리신,알루미늄하이드록사이드,스테아릭애씨드,트리에톡시카프릴릴실란,글리세릴카프릴레이트,피이지-30디폴리하이드록시스테아레이트,스테아릴글리시레티네이트,에칠헥실글리세린,이소데실네오펜타노에이트,마그네슘설페이트,마이카,디페닐실록시페닐트리메치콘,트리에톡시실릴에칠폴리디메칠실록시에칠헥실디메치콘,적색산화철,황색산화철,흑색산화철,향료,하이드록시시트로넬알,리모넨,리날룰"
"A000000188185","[톤업선크림/용량UP] 스킨푸드 토마토 톤 업 선크림 50ml","스킨푸드","50.0","50.0","ml","16000","11200","2240.0","정제수, 사이클로펜타실록세인, 에칠헥실메톡시신나메이트, 티타늄디옥사이드 (CI 77891), 다이프로필렌글라이콜, 징크옥사이드 (CI 77947), 에칠헥실살리실레이트, 카프릴릴메티콘, 부틸렌글라이콜, 세틸피이지/피피지-10/1다이메티콘, 솔비탄아이소스테아레이트, 토마토추출물, 연꽃꽃추출물, 매실추출물, 다이스테아다이모늄헥토라이트, 마그네슘설페이트, 알루미늄하이드록사이드, 스테아릭애씨드, 카프릴릴글라이콜, 하이드록시아세토페논, 다이메티콘, 트라이에톡시카프릴릴실레인, 1,2-헥산다이올, 시트릭애씨드, 글리세린, 락틱애씨드, 향료"
"A000000188376","[촉촉 비건 선크림] 하멜 비건 릴리프 워터 에센스 선크림 50ml","하멜","50.0","50.0","ml","28000","16500","3300.0","정제수, 다이부틸아디페이트, 프로판다이올, 부틸옥틸살리실레이트, 디에칠아미노하이드록시벤조일헥실벤조에이트, 폴리메틸실세스퀴옥세인, 에칠헥실트리아존, 나이아신아마이드, 메칠렌비스-벤조트리아졸릴테트라메칠부틸페놀, 코코-카프릴레이트/카프레이트, 카프릴릴메티콘, 디에칠헥실부타미도트리아존, 글리세린, 부틸렌글라이콜, 1,2-헥산다이올, 녹차추출물, 병풀추출물, 티트리잎추출물, 약모밀추출물, 유칼립투스잎추출물, 클레리오일, 펜틸렌글라이콜, 베헤닐알코올, 폴리C10-30알킬아크릴레이트, 폴리글리세릴-3메틸글루코오스다이스테아레이트, 데실글루코사이드, 트로메타민, 카보머, 아크릴레이트/C10-30알킬아크릴레이트크로스폴리머, 소듐스테아로일글루타메이트, 폴리아크릴레이트크로스폴리머-6, 에틸헥실글리세린, 아데노신, 잔탄검"
"A000000190413","[광노화선크림/UV에이징] 닥터지 블랙스네일 글루타치온 톤업 선 50ml","닥터지","50.0","50.0","ml","","32000","6400.0","정제수, 프로판다이올, 페네틸벤조에이트, 비스-에칠헥실옥시페놀메톡시페닐트리아진, 티타늄디옥사이드 (CI 77891), 다이부틸아디페이트, 디에칠아미노하이드록시벤조일헥실벤조에이트, 부틸옥틸살리실레이트, C12-15알킬벤조에이트, 다이프로필렌글라이콜, 나이아신아마이드, 아이소노닐아이소노나노에이트, 달팽이점액여과물(3,000,000ppb), 타라열매추출물, 밀몽화꽃추출물, 연꽃꽃추출물, 알바수련꽃추출물, 세룰라타벚나무꽃추출물, 장미꽃추출물, 코토니추출물, 소듐하이알루로네이트, 프랑스해안송껍질추출물, 에칠헥실트리아존, 펜틸렌글라이콜, 폴리글리세릴-3메틸글루코오스다이스테아레이트, 폴리실리콘-15, 실리카, 1,2-헥산다이올, 폴리C10-30알킬아크릴레이트, 포타슘세틸포스페이트, 스테아릭애씨드, 팔미틱애씨드, 글리세릴스테아레이트, 하이드록시아세토페논, 알루미늄하이드록사이드, 폴리하이드록시스테아릭애씨드, 하이드록시에틸아크릴레이트/소듐아크릴로일다이메틸타우레이트코폴리머, 아크릴레이트/C10-30알킬아크릴레이트크로스폴리머, 아이소도데케인, 옥틸도데칸올, 트로메타민, 하이드로제네이티드레시틴, 비닐다이메티콘/메티콘실세스퀴옥세인크로스폴리머, 다이포타슘글리시리제이트, 폴리글리세릴-2다이폴리하이드록시스테아레이트, 폴리글리세릴-4아이소스테아레이트, 아데노신, 아이소프로필티타늄트라이아이소스테아레이트, 소듐폴리아크릴레이트, 솔비탄아이소스테아레이트, 부틸렌글라이콜, 글리세린, 글리세릴올리에이트, 카프릴릭/카프릭트라이글리세라이드, 라우릴글루코사이드, 미리스틸글루코사이드, 폴리글리세릴-6라우레이트, 토코페롤, 리놀레닉애씨드, 폴리글리세릴-10올리에이트, 폴리글리세릴-10스테아레이트, 에틸헥실글리세린, 글루타티온(100ppb), 알루미늄/마그네슘하이드록사이드스테아레이트, 소듐스테아로일글루타메이트, 7-데하이드로콜레스테롤, 칼슘클로라이드, 팔미토일펜타펩타이드-4, 세테아릴알코올, C12-16알코올, 다이소듐이디티에이, 잔탄검, 포타슘솔베이트, 향료, 황색산화철 (CI 77492), 적색산화철 (CI 77491)"
"A000000190745","[끈적임 NO/촉촉수분광] 로벡틴 아쿠아 수딩 선크림 35ml 1+1 기획세트","로벡틴","35.0","70.0","ml","42000","23100","3300.0","정제수, 징크옥사이드, 사이클로헥사실록세인, 부틸옥틸살리실레이트, 프로판다이올, 프로필헵틸카프릴레이트, 다이카프릴릴에터, 카프릴릴메티콘, 폴리글리세릴-3폴리다이메틸실록시에틸다이메티콘, 나이아신아마이드, 별꽃추출물, 해바라기꽃추출물, 월귤추출물, 케이프알로에잎추출물, 병풀추출물, 다이스테아다이모늄헥토라이트, 마그네슘설페이트, 트라이에톡시카프릴릴실레인, 1,2-헥산다이올, 메틸메타크릴레이트크로스폴리머, 폴리글리세릴-2다이폴리하이드록시스테아레이트, 라우릴폴리글리세릴-3폴리다이메틸실록시에틸다이메티콘, 부틸렌글라이콜, 글리세릴카프릴레이트, 카프릴릴글라이콜, 에틸헥실글리세린, 아데노신, 락토바실러스발효물, 토코페롤, 글리세릴글루코사이드, 글리세린"
"A000000200817","[강력차단]아넷사 퍼펙트 UV 선스크린 스킨케어 밀크 NA 60ml","아넷사","60.0","60.0","ml","37000","29880","4980.0","다이메티콘, 정제수, 징크옥사이드, 에탄올, 다이아이소프로필세바케이트, 아이소도데케인, 옥토크릴렌, 에칠헥실살리실레이트, C12-15알킬벤조에이트, 피이지/피피지-9/2다이메틸에터, 옥수수전분, 탤크, 실리카, 아이소프로필미리스테이트, 디에칠아미노하이드록시벤조일헥실벤조에이트, 티타늄디옥사이드, 피이지-9폴리다이메틸실록시에틸다이메티콘, 덱스트린팔미테이트, 글리세린, 호모살레이트, 에칠헥실트리아존, 비스-에칠헥실옥시페놀메톡시페닐트리아진, 다이스테아다이모늄헥토라이트, 피이지-10다이메티콘, 아이소스테아릭애씨드, 트라이에톡시카프릴릴실레인, 폴리글리세릴-6폴리리시놀리에이트, 소듐클로라이드, 알루미늄하이드록사이드, 스테아릭애씨드, 트라이소듐이디티에이, 피이지-6, 향료, 토코페롤, 비에이치티, 부틸렌글라이콜, 비스-부틸다이메티콘폴리글리세릴-3, 피이지/피피지-14/7다이메틸에터, 소듐메타바이설파이트, 트라이메틸실록시실리케이트, 다이포타슘글리시리제이트, 녹차추출물, 토멘틸뿌리추출물, 귤껍질추출물, 소듐아세틸레이티드하이알루로네이트, 합성플루오르플로고파이트, 라우릴베타인, 수용성콜라겐, 페녹시에탄올, 소듐벤조에이트, 시트로넬올, 제라니올, 헥실신남알, 리모넨, 리날룰"
"A000000200826","[무기자차] 아넷사 미네랄 UV 선스크린 마일드 젤 90g","아넷사","90.0","90.0","g(약 1ml 상당으로 근사)","30000","24000","2666.7","다이메티콘, 정제수, 징크옥사이드, 부틸렌글라이콜, 티타늄디옥사이드, 글리세린, 세틸에틸헥사노에이트, 다이프로필렌글라이콜, 비스-부틸다이메티콘폴리글리세릴-3, 피이지-100하이드로제네이티드캐스터오일, 트라이플루오로프로필다이메틸/트라이메틸실록시실리케이트, 알루미늄하이드록사이드, 덱스트린팔미테이트, 하이드로젠다이메티콘, 트라이에톡시카프릴릴실레인, 베헤닐알코올, 아이소스테아릭애씨드, 페녹시에탄올(0.5%), 다이메틸아크릴아마이드/소듐아크릴로일다이메틸타우레이드크로스폴리머, 바틸알코올, 베헤네스-20, 석시노글리칸, 하이드록시프로필메틸셀룰로오스스테아록시에터, 티오타우린, 시트릭애씨드, 소듐메타바이설파이트(0.003%), 작약뿌리추출물, 왕벚나무잎추출물, 바륨설페이트, 다이포타슘글리시리제이트, 실리카, 토코페롤, 신선초잎/줄기추출물, 소듐아세틸레이티드하이알루로네이트, 벤조익애씨드(0.00005%), 피이지/피피지-14/7다이메틸에터, 소듐시트레이트, 스테아릭애씨드"
"A000000201148","바이오더마 포토덤 스팟에이지 SPF50+ 40ml","바이오더마","50.0","90.0","ml","36000","26790","2976.7","정제수, 다이부틸아디페이트, 디에칠헥실부타미도트리아존, 다이아이소프로필세바케이트, 부틸메톡시디벤조일메탄, 디에칠아미노하이드록시벤조일헥실벤조에이트, 프로판다이올, 비스-에칠헥실옥시페놀메톡시페닐트리아진, 글리세린, 폴리글리세릴-6스테아레이트, 아스코빌글루코사이드, 1,2-헥산다이올, 토코페롤, 티타늄디옥사이드, C20-22알킬포스페이트, 향료, C20-22알코올, 소듐하이드록사이드, 폴리아크릴레이트크로스폴리머-6, 폴리글리세릴-6베헤네이트, 소듐시트레이트, 잔탄검, 돌콩오일, 카프릴릴글라이콜, 엑토인, 만니톨, 자일리톨, o-사이멘-5-올, 시트릭애씨드, 람노오스, 아시아티코사이드, 마데카식애씨드, 아시아틱애씨드, 소듐라우로일글루타메이트, 라이신, 마그네슘클로라이드, 프룩토올리고사카라이드, 다이카프릴릴카보네이트, 프로필헵틸카프릴레이트, 카프릴릭/카프릭트라이글리세라이드, 라미나리아 오크롤레우카추출물"
"A000000201270","[리뉴얼/온가족선크림] 듀이트리 어반쉐이드 쿨 카밍 수분 선 150ml","듀이트리","150.0","150.0","ml","","28000","1866.7","정제수, 다이부틸아디페이트, 프로판다이올, 프로필헵틸카프릴레이트, 1,2-헥산다이올, 에칠헥실트리아존, 폴리메틸실세스퀴옥세인, 비스-에칠헥실옥시페놀메톡시페닐트리아진, 메칠렌비스-벤조트리아졸릴테트라메칠부틸페놀, 부틸렌글라이콜, 디에칠아미노하이드록시벤조일헥실벤조에이트, 폴리글리세릴-3메틸글루코오스다이스테아레이트, 폴리프로필실세스퀴옥세인, 베헤닐알코올, 소듐스테아로일글루타메이트, 폴리C10-30알킬아크릴레이트, 트로메타민, 데실글루코사이드, 카보머, 폴리아크릴레이트크로스폴리머-6, 아크릴레이트/C10-30알킬아크릴레이트크로스폴리머, 잔탄검, 에틸헥실글리세린, 콘민트오일, 글리세린, 다이소듐이디티에이, 알란토인, 백미꽃추출물, 판테놀, 자작나무수액, 해수, 토코페롤, 알로에베라잎추출물, 참마뿌리추출물, 다시마추출물, 소듐하이알루로네이트, 당느릅나무뿌리추출물, 제비꽃꽃추출물, 병풀추출물, 하이드롤라이즈드하이알루로닉애씨드, 하이드롤라이즈드소듐하이알루로네이트, 티트리잎추출물, 하이드록시프로필트라이모늄하이알루로네이트, 소듐아세틸레이티드하이알루로네이트, 소듐하이알루로네이트크로스폴리머, 하이알루로닉애씨드, 펜틸렌글라이콜, 아시아틱애씨드, 아시아티코사이드, 마데카식애씨드, 마데카소사이드, 포타슘하이알루로네이트"
"A000000201343","궁중비책 워터풀 선로션 마일드 60g 더블 기획 (+60g)","궁중비책","60.0","120.0","g(약 1ml 상당으로 근사)","","29000","2416.7","정제수, 징크옥사이드, 코코-카프릴레이트/카프레이트, 카프릴릴메티콘, 프로판다이올, 다이실록세인, 사이클로헥사실록세인, 메틸트라이메티콘, 부틸렌글라이콜다이카프릴레이트/다이카프레이트, 부틸옥틸살리실레이트, 트라이에틸헥사노인, 카프릴릭/카프릭트라이글리세라이드, 폴리카프릴릴실세스퀴옥세인, 병풀추출물, 매실추출물, 복사나무잎추출물, 뽕나무잎추출물, 회화나무뿌리추출물, 흰버드나무껍질추출물, 마카다미아씨오일, 소듐하이알루로네이트, 칼슘알루미늄보로실리케이트, 폴리하이드록시스테아릭애씨드, 트라이에톡시카프릴릴실레인, 1,2-헥산다이올, 소듐클로라이드, 스테아랄코늄헥토라이트, 네오펜틸글라이콜다이에틸헥사노에이트, 폴리글리세릴-3다이아이소스테아레이트, 폴리글리세릴-3폴리리시놀리에이트, 글리세릴카프릴레이트, 카프릴릴글라이콜, 에틸헥실글리세린, 칸디다 봄비콜라/글루코오스/메틸레이프씨데이트발효물, 다이프로필렌글라이콜, 소듐시트레이트, 토코페롤, 판테놀, 향료, 라우릴다이메티콘/폴리글리세린-3크로스폴리머"
"A000000202360","[결광톤업 무기자차] 메이크프렘 글로우 베이지 톤업 선크림 40ml+40ml","메이크프렘","40.0","80.0","ml","30000","23500","2937.5","정제수,징크옥사이드,C12-15알킬벤조에이트,프로판다이올,티타늄디옥사이드,부틸렌글라이콜,부틸옥틸살리실레이트,나이아신아마이드,폴리글리세릴-10올리에이트,아이소노닐아이소노나노에이트,카프릴릴메티콘,다이부틸아디페이트,1,2-헥산다이올,펜틸렌글라이콜,서양배추출물,복숭아추출물,스핑고모나스발효추출물,멜론추출물,서양송악잎/줄기추출물,드럼스틱씨추출물,풍선덩굴꽃/잎/덩굴추출물,로즈마리잎추출물,다마스크장미꽃수,커먼자스민꽃수,소듐하이알루로네이트,양까막까치밥나무씨오일,하이드로제네이티드레시틴,해바라기씨오일,트라이에톡시카프릴릴실레인,세테아릴올리베이트,폴리하이드록시스테아릭애씨드,솔비탄올리베이트,메틸프로판다이올,알루미늄하이드록사이드,스테아릭애씨드,다이카프릴릴카보네이트,브이피/에이코신코폴리머,글리세린,폴리쿼터늄-51,소듐폴리아크릴로일다이메틸타우레이트,폴리아크릴레이트크로스폴리머-6,소듐스테아로일글루타메이트,에틸헥실글리세린,이눌린라우릴카바메이트,잔탄검,폴리글리세릴-6폴리리시놀리에이트,폴리글리세릴-6폴리하이드록시스테아레이트,아데노신,판테놀,폴리에터-1,폴리글리세린-6,하이드롤라이즈드하이알루로닉애씨드,바이오사카라이드검-1,토코페롤,엑토인,옥틸도데칸올,말토덱스트린,세라마이드엔피,다이프로필렌글라이콜,글리세릴스테아레이트,해바라기씨오일불검화물,세라마이드에이에스,세라마이드에이피,세라마이드엔에스,콜레스테롤,시트릭애씨드,세라마이드이오피,황색산화철,적색산화철,흑색산화철"
"A000000202373","정샘물 선슈얼 액티브 프루프 선 70ml","정샘물","70.0","70.0","ml","27000","21600","3085.7","정제수, 호모살레이트, 에칠헥실살리실레이트, 티타늄디옥사이드, 프로판다이올, 부틸옥틸살리실레이트, 판테놀, 디에칠아미노하이드록시벤조일헥실벤조에이트, 실리카, 사이클로펜타실록세인, 나이아신아마이드, 아크릴레이트코폴리머, 비스-에칠헥실옥시페놀메톡시페닐트리아진, 카프릴릴글라이콜, 폴리아크릴레이트-13, 폴리하이드록시스테아릭애씨드, 알루미늄하이드록사이드, 스테아릭애씨드, 향료, 폴리아크릴레이트크로스폴리머-6, 글리세린, 폴리아이소부텐, 에틸헥실글리세린, 1,2-헥산다이올, 잔탄검, 빙하수, 하이드록시에틸아크릴레이트/소듐아크릴로일다이메틸타우레이트코폴리머, 폴리솔베이트20, 솔비탄아이소스테아레이트, 아데노신, 트라이소듐에틸렌다이아민다이석시네이트, 알로에베라잎추출물, 참마뿌리추출물, 다시마추출물, 트라이에톡시카프릴릴실레인, 당느릅나무뿌리추출물, 제비꽃꽃추출물, 토코페롤, 폴리솔베이트60, 부틸렌글라이콜, 해바라기씨오일, 글리세릴카프릴레이트, 소듐하이알루로네이트, 하이알루로닉애씨드, 아스코빅애씨드"
"A000000202378","[선세럼/NEW] 에스쁘아 워터 스플래쉬 선세럼 50ml SPF50+ PA+++","에스쁘아","50.0","50.0","ml","25000","18900","3780.0","정제수, 호모살레이트, 부틸렌글라이콜, 옥토크릴렌, 부틸옥틸살리실레이트, 에칠헥실살리실레이트, 부틸메톡시디벤조일메탄, 변성알코올, 메틸메타크릴레이트크로스폴리머, 1,2-헥산다이올, 자일리톨, 펜틸렌글라이콜, 벤조트라이아졸릴도데실P-크레솔, 다이부틸라우로일글루타마이드, 다이부틸에틸헥사노일글루타마이드, 소듐아크릴레이트크로스폴리머-2, 에틸헥실메톡시크릴렌, C30-45알킬다이메틸실릴폴리프로필실세스퀴옥세인, 카페인, 소듐폴리아크릴로일다이메틸타우레이트, 향료, 암모늄아크릴로일다이메틸타우레이트/브이피코폴리머, 폴리아크릴레이트크로스폴리머-6, 소듐하이알루로네이트, 바이오사카라이드검-1, 소듐파이테이트, 에틸헥실글리세린, 카르노신"
"A000000202466","빌리프 슈퍼 드랍스 비타 흔적프루프 선퀴드 50ml","빌리프","50.0","50.0","ml","36000","27400","5480.0","정제수, 이소아밀P-메톡시신나메이트, 변성알코올, 드로메트리졸트리실록산, 에칠헥실살리실레이트, 글리세린, 프로판다이올, 트로메타민, 나이아신아마이드 (2.00%)+, 페닐벤즈이미다졸설포닉애씨드, 테레프탈릴리덴디캠퍼설포닉애씨드, 1,2-헥산다이올, 디에칠아미노하이드록시벤조일헥실벤조에이트, 판테놀 (1.00%)+, 소듐메틸스테아로일타우레이트, 다이메티콘, 포스포리피드, 세테아릴알코올, 메틸메타크릴레이트크로스폴리머, 암모늄폴리아크릴로일다이메틸타우레이트, 아크릴레이트/C10-30알킬아크릴레이트크로스폴리머, 폴리실리콘-11, 잔탄검, 부틸렌글라이콜, 베타인, 트라이소듐이디티에이, 레몬밤꽃/잎/줄기수*, 로즈마리잎수*, 타임잎수*, T-부틸알코올, 토코페롤 (70.7 ppm)+, 베타-카로틴, 아스코빅애씨드 (20 ppm)+, 카프릴릴글라이콜, 데실글루코사이드, 소듐글루코네이트, 소듐하이알루로네이트, 알지닌, 해바라기씨오일, 오렌지껍질오일**, 센티드제라늄꽃오일**, 당근씨오일, 돌콩오일, 당근추출물, 유칼립투스잎추출물*, 폴스애플민트잎추출물*, 로즈힙열매추출물*, 노니열매추출물, 리모넨, 시트로넬올, 제라니올, 리날룰, 시트랄
+: 멀티 비타민 #
*: 빌리프 오리지널 포뮬라
**: 식물 유래향"
"A000000202548","[산뜻보송] 달바 퍼플 톤업 선크림 50ml","달바","50.0","50.0","ml","","34000","6800.0","정제수, 프로판다이올, 부틸옥틸살리실레이트, 다이카프릴릴카보네이트, 티타늄디옥사이드, 다이아이소프로필세바케이트, 2,3-부탄다이올, 
디에칠아미노하이드록시벤조일헥실벤조에이트, 폴리실리콘-15, 나이아신아마이드, 다이부틸아디페이트, 에칠헥실트리아존, 1,2-헥산다이올, 흰서양송로추출물, 아이비고드열매추출물, 한련초추출물, 별꽃추출물, 약모밀추출물, 쇠비름추출물, 바오밥나무잎추출물, 부들레야추출물, 올리브나무잎추출물, 타임추출물, 라벤더꽃추출물, 병풀추출물, 오렌지오일, 호호바씨오일, 필리핀오렌지껍질오일, 리씨열매오일, 살비아잎수, 수레국화꽃수, 펜틸렌글라이콜, 코코-카프릴레이트/카프레이트, 부틸렌글라이콜, 브이피/에이코신코폴리머, 메틸프로판다이올, 폴리글리세릴-2카프레이트, 글리세린, 수크로오스스테아레이트, 암모늄아크릴로일다이메틸타우레이트/브이피코폴리머, 폴리아크릴레이트크로스폴리머-6, 알루미나, 하이드록시프로필메틸셀룰로오스스테아록시에터, 폴리하이드록시스테아릭애씨드, 스테아릭애씨드, 에틸헥실글리세린, 이눌린라우릴카바메이트, 글리세릴카프릴레이트, 잔탄검, 트라이에톡시카프릴릴실레인, 아데노신, 스쿠알란, 폴리에터-1, 락토바실러스발효물, 토코페롤, 글루타티온, 알란토인, 판테놀, 타라검, 바이오사카라이드검-1, 하이드롤라이즈드하이알루로닉애씨드, 말토덱스트린, 포도주, 울트라마린, 리모넨, 시트랄"
"A000000203047","[리뉴얼]바이오더마 포토덤 아쿠아 플루이드 SPF50+ 40ml","바이오더마","50.0","90.0","ml","33500","23750","2638.9","정제수, 다이부틸아디페이트, 디에칠헥실부타미도트리아존, 디에칠아미노하이드록시벤조일헥실벤조에이트, 다이카프릴릴카보네이트, 다이아이소프로필세바케이트, 비스-에칠헥실옥시페놀메톡시페닐트리아진, 변성옥수수전분, 글리세린, 폴리글리세릴-6스테아레이트, 1,2-헥산다이올, 마이크로크리스탈린셀룰로오스, C20-22알킬포스페이트, C20-22알코올, 카프릴릴글라이콜, 폴리글리세릴-6베헤네이트, 셀룰로오스검, 엑토인, 만니톨, 자일리톨, o-사이멘-5-올, 잔탄검, 람노오스, 소듐하이드록사이드, 부틸메톡시디벤조일메탄, 토코페롤, 프로필헵틸카프릴레이트"
"A000000203707","[몬치치콜라보] 어뮤즈 베이지 톤업 365 비건 선크림","어뮤즈","","","","","26000","","정제수,징크옥사이드,사이클로헥사실록세인,부틸옥틸살리실레이트,다이프로필렌글라이콜,C12-15알킬벤조에이트,프로판다이올,폴리글리세릴-3폴리다이메틸실록시에틸다이메티콘,다이카프릴릴에터,프로필헵틸카프릴레이트,나이아신아마이드,카프릴릴메티콘,티타늄디옥사이드,폴리프로필실세스퀴옥세인,다이스테아다이모늄헥토라이트,메틸메타크릴레이트크로스폴리머,실리카,귀리커넬추출물,아티초크잎추출물,녹차수,하이드로제네이티드레시틴,라우릴폴리글리세릴-3폴리다이메틸실록시에틸다이메티콘,마그네슘설페이트,트라이에톡시카프릴릴실레인,폴리글리세릴-2다이폴리하이드록시스테아레이트,1,2-헥산다이올,트라이메틸실록시실리케이트,폴리메틸실세스퀴옥세인,다이메티콘/비닐다이메티콘크로스폴리머,메틸프로판다이올,글리세린,글리세릴카프릴레이트,라우로일라이신,카프릴릴글라이콜,알루미늄하이드록사이드,에틸헥실글리세린,아데노신,폴리메틸메타크릴레이트,폴리쿼터늄-51,베타-글루칸,토코페롤,글루타티온,아스코빅애씨드폴리펩타이드,세라마이드엔피,글리세릴스테아레이트,콜라겐,류코노스톡/무발효여과물,세라마이드에이에스,세라마이드에이피,콜레스테롤,세라마이드엔에스,세라마이드엔지,세라마이드이오피,향료,황색산화철,적색산화철,흑색산화철"
"A000000204081","[오선우pick/파데프리] 아누아 매트벗글로우 커버 베이지 50ml","아누아","50.0","50.0","ml","28000","19500","3900.0","정제수, 징크옥사이드 (CI 77947), 글리세린, 부틸옥틸살리실레이트, 메틸트라이메티콘, 티타늄디옥사이드 (CI 77891), 아이소노닐아이소노나노에이트, 아이소도데케인, 프로필헵틸카프릴레이트, 라우릴폴리글리세릴-3폴리다이메틸실록시에틸다이메티콘, 나이아신아마이드, 펜틸렌글라이콜, 폴리메틸메타크릴레이트, 1,2-헥산다이올, 다이스테아다이모늄헥토라이트, 사이클로펜타실록세인, 마그네슘설페이트, 트라이메틸실록시실리케이트, 폴리글리세릴-2다이폴리하이드록시스테아레이트, 폴리글리세릴-3폴리다이메틸실록시에틸다이메티콘, 트라이에톡시카프릴릴실레인, 트라이베헤닌, 알루미늄하이드록사이드, 스테아릭애씨드, 실리카, 옥틸도데칸올, 다이메티콘/비닐다이메티콘크로스폴리머, 글리세릴트라이베헤네이트/아이소스테아레이트/에이코산디오에이트, 에틸헥실글리세린, 트라이소듐에틸렌다이아민다이석시네이트, 폴리글리세릴-4아이소스테아레이트, 하이드로제네이티드레시틴, 세라마이드엔피, 아이소프로필티타늄트라이아이소스테아레이트, 다이메티콘, 토코페롤, 마데카소사이드, 카프릴릭/카프릭트라이글리세라이드, 소듐스테아로일글루타메이트, 황색산화철 (CI 77492), 적색산화철 (CI 77491), 흑색산화철 (CI 77499)"
"A000000204629","설화수 상백선플루이드/ 상백선크림, 상백톤업선크림 (기획 50ml)","설화수","50.0","50.0","ml","60000","54000","10800.0","정제수, 프로판다이올, C12-15알킬벤조에이트, 글리세린, 디에칠아미노하이드록시벤조일헥실벤조에이트, 호모살레이트, 에칠헥실살리실레이트, 스쿠알란, 나이아신아마이드, 다이메티콘, 티타늄디옥사이드, 테레프탈릴리덴디캠퍼설포닉애씨드, 포타슘세틸포스페이트, 세테아릴알코올, 비스-에칠헥실옥시페놀메톡시페닐트리아진, 다이아이소프로필세바케이트, 1,2-헥산다이올, 트로메타민, 부틸렌글라이콜, 암모늄아크릴로일다이메틸타우레이트/브이피코폴리머, 다이메티콘/비닐다이메티콘크로스폴리머, 알루미늄스테아레이트, 폴리하이드록시스테아릭애씨드, 폴리아크릴레이트크로스폴리머-6, 폴리아크릴레이트-13, 향료, 아크릴레이트/C10-30알킬아크릴레이트크로스폴리머, 에틸헥실글리세린, 리모넨, 알루미나, 폴리아이소부텐, 황금추출물, 다이소듐이디티에이, 아데노신, 매실추출물, 뽕나무뿌리추출물, 리날룰, 폴리솔베이트20, 솔비탄아이소스테아레이트, 폴리메틸메타크릴레이트, 인삼추출물, 시트로넬올, 시트랄, 티몰트라이메톡시신나메이트, 제라니올, 벤질벤조에이트, 토코페롤, 뽕나무열매추출물"
"A000000204642","더후 공진향 진해윤 선퀴드 50ml","더후","50.0","50.0","ml","52000","46800","9360.0","정제수, 이소아밀P-메톡시신나메이트, 변성알코올, 드로메트리졸트리실록산, 에칠헥실살리실레이트, 글리세린, 프로판다이올, 트로메타민, 페닐벤즈이미다졸설포닉애씨드, 테레프탈릴리덴디캠퍼설포닉애씨드, 1,2-헥산다이올, 디에칠아미노하이드록시벤조일헥실벤조에이트, 판테놀, 소듐메틸스테아로일타우레이트, 다이메티콘, 포스포리피드, 부틸렌글라이콜, 세테아릴알코올, 메틸메타크릴레이트크로스폴리머, 아크릴레이트/C10-30알킬아크릴레이트크로스폴리머, 폴리실리콘-11, 잔탄검, 아데노신, 암모늄폴리아크릴로일다이메틸타우레이트, 트라이소듐이디티에이, 병풀잎추출물, T-부틸알코올, 천문동뿌리추출물, 토코페롤, 카프릴릴글라이콜, 데실글루코사이드, 약모밀추출물, 알지닌, 다이포타슘글리시리제이트, 소듐하이알루로네이트, 글루타믹애씨드, 산수유열매추출물, 참당귀뿌리추출물, 타임추출물, 스페인감초뿌리추출물, 글라이코프로테인, 영지버섯추출물, 에틸헥실글리세린, 향료, 제라니올, 리날룰, 리모넨, 시트로넬올"
"A000000204879","[진정선세럼/저자극] 토코보 시카 카밍 선세럼 50mL SPF50+ PA++++","토코보","50.0","50.0","ml","","24000","4800.0","정제수, 다이부틸아디페이트, 프로판다이올, 에칠헥실트리아존, 테레프탈릴리덴디캠퍼설포닉애씨드, 폴리글리세릴-3다이스테아레이트, 나이아신아마이드, 트로메타민, 세테아릴알코올, 1,2-헥산다이올, 디에칠아미노하이드록시벤조일헥실벤조에이트, 펜틸렌글라이콜, 폴리실리콘-15, 녹두추출물, 코튼추출물, 고삼뿌리추출물, 장엽대황뿌리/줄기추출물, 황금추출물, 황벽나무껍질추출물, 달맞이꽃꽃추출물, 당느릅나무뿌리추출물, 대왕송잎추출물, 칡뿌리추출물, 소듐하이알루로네이트, 코튼씨오일, 폴리메틸실세스퀴옥세인, 소듐폴리아크릴로일다이메틸타우레이트, 글리세릴스테아레이트, 비스-에칠헥실옥시페놀메톡시페닐트리아진, 포타슘세틸포스페이트, 글리세린, 글리세릴스테아레이트시트레이트, 이눌린라우릴카바메이트, 암모늄아크릴로일다이메틸타우레이트/브이피코폴리머, 에틸헥실글리세린, 아데노신, 부틸렌글라이콜, 토코페롤, 향료"
"A000000205069","오휘 데이쉴드 선퀴드 50ml","오휘","50.0","50.0","ml","45000","36000","7200.0","정제수, 이소아밀P-메톡시신나메이트, 변성알코올, 드로메트리졸트리실록산, 에칠헥실살리실레이트, 글리세린, 프로판다이올, 트로메타민, 페닐벤즈이미다졸설포닉애씨드, 테레프탈릴리덴디캠퍼설포닉애씨드, 1,2-헥산다이올, 디에칠아미노하이드록시벤조일헥실벤조에이트, 판테놀, 소듐메틸스테아로일타우레이트, 다이메티콘, 엑토인, 포스포리피드, 세테아릴알코올, 메틸메타크릴레이트크로스폴리머, 암모늄폴리아크릴로일다이메틸타우레이트,아크릴레이트/C10-30알킬아크릴레이트크로스폴리머, 폴리실리콘-11, 잔탄검, 부틸렌글라이콜, 아데노신, 트라이소듐이디티에이, 하이드롤라이즈드하이알루로닉애씨드, 하이드롤라이즈드소듐하이알루로네이트, 드럼스틱씨오일, 소듐하이알루로네이트,T-부틸알코올, 토코페롤, 카프릴릴글라이콜, 데실글루코사이드, 크리신, 카프릴릭/카프릭트라이글리세라이드, 알지닌, 세라마이드엔피, 하이드로제네이티드레시틴, 향료, 하이드록시시트로넬알, 리모넨"
"A000000205615","[투명광채/화잘먹] 로벡틴 카밍 연꽃수 선크림 35ml 1+1 기획","로벡틴","35.0","70.0","ml","42000","23100","3300.0","정제수, 프로판다이올, 부틸렌글라이콜, 다이부틸아디페이트, 비스-에칠헥실옥시페놀메톡시페닐트리아진, 디에칠아미노하이드록시벤조일헥실벤조에이트, 다이아이소프로필아디페이트, 에칠헥실트리아존, 폴리메틸실세스퀴옥세인, 폴리실리콘-15, 나이아신아마이드, 메칠렌비스-벤조트리아졸릴테트라메칠부틸페놀, C12-15알킬벤조에이트, 카프릴릴메티콘, 펜틸렌글라이콜, 폴리글리세릴-3메틸글루코오스다이스테아레이트, 1,2-헥산다이올, 베헤닐알코올, 하이드록시에틸우레아, 하이드록시아세토페논, 아크릴레이트/C10-30알킬아크릴레이트크로스폴리머, 트로메타민, 폴리C10-30알킬아크릴레이트, 데실글루코사이드, 소듐아크릴레이트크로스폴리머-2, 알란토인, 다이포타슘글리시리제이트, 아데노신, 소듐스테아로일글루타메이트, 다이프로필렌글라이콜, 글리세린, 연꽃꽃추출물, 잔탄검, 신선초추출물, 몰로키아잎추출물, 참마뿌리추출물, 오크라열매추출물, 연꽃뿌리추출물, 판테놀, 하이드로제네이티드레시틴, 세테아릴올리베이트, 솔비탄올리베이트"
"A000000205628","[진정/수분광채] 에딧비 선데이 시카 선세럼 55ml [SPF50+ PA++++]","에딧비","55.0","55.0","ml","25000","12250","2227.3","정제수, 다이부틸아디페이트, C12-15알킬벤조에이트, 이소아밀p-메톡시신나메이트, 디에칠아미노하이드록시벤조일헥실벤조에이트, 비스-에칠헥실옥시페놀메톡시페닐트리아진, 글리세린, 테레프탈릴리덴디캠퍼설포닉애씨드, 캐스터오일/아이피디아이코폴리머, 트로메타민, 나이아신아마이드, 하이드록시아세토페논, 아크릴레이트/C10-30알킬아크릴레이트크로스폴리머, 드로메트리졸트리실록산, 폴리하이드록시스테아릭애씨드, 카프릴릭/카프릭트라이글리세라이드, 다이프로필렌글라이콜, 시트릭애씨드, 향료, 카프릴릴글라이콜, 에틸헥실글리세린, 아데노신, 인도멀구슬나무잎추출물, 인도멀구슬나무꽃추출물, 아이비고드열매추출물, 부틸렌글라이콜, 약모밀추출물, 가지열매추출물, 호박가루, 1,2-헥산다이올, 울금뿌리추출물, 홀리바질잎추출물, 드럼스틱씨오일, 참산호말추출물, 병풀추출물(10ppm), 다이포타슘글리시리제이트, 하이드롤라이즈드하이알루로닉애씨드, 하이알루로닉애씨드, 하이드롤라이즈드소듐하이알루로네이트, 소듐하이알루로네이트, 포타슘하이알루로네이트, 소듐하이알루로네이트크로스폴리머, 하이드록시프로필트라이모늄하이알루로네이트, 소듐아세틸레이티드하이알루로네이트"
"A000000206121","[톤결맞춤커버/화잘먹선베이스] 셀퓨전씨 톤업 선 베이스 SPF50+/PA++++ 40ml (4 colors)","셀퓨전씨","40.0","40.0","ml","","28000","7000.0","정제수, 다이부틸아디페이트, 다이프로필렌글라이콜, 프로판다이올, 티타늄디옥사이드 (CI 77891), 아이소노닐아이소노나노에이트, 코코-카프릴레이트/카프레이트, 디에칠아미노하이드록시벤조일헥실벤조에이트, 나이아신아마이드, 페네틸벤조에이트, 1,2-헥산다이올, 다이페닐실록시페닐트라이메티콘, 소듐하이알루로네이트, 하이드롤라이즈드하이알루로닉애씨드, 하이알루로닉애씨드, 토코페롤, 스쿠알란, 다이메틸실란올하이알루로네이트, 하이드롤라이즈드소듐하이알루로네이트, 포타슘하이알루로네이트, 하이드록시프로필트라이모늄하이알루로네이트, 소듐하이알루로네이트크로스폴리머, 소듐하이알루로네이트다이메틸실란올, 소듐아세틸레이티드하이알루로네이트, 로즈마리잎오일, 포도추출물, 왕귤껍질오일, 호호바씨오일, 비스-에칠헥실옥시페놀메톡시페닐트리아진, 에칠헥실트리아존, 펜틸렌글라이콜, 폴리실리콘-15, 테레프탈릴리덴디캠퍼설포닉애씨드, 포타슘세틸포스페이트, 폴리하이드록시스테아릭애씨드, 소듐폴리아크릴로일다이메틸타우레이트, 트로메타민, 알루미늄하이드록사이드, 폴리아크릴레이트크로스폴리머-6, 스테아릭애씨드, 아이소도데케인, 옥틸도데칸올, 암모늄폴리아크릴로일다이메틸타우레이트, 폴리글리세릴-4아이소스테아레이트, 폴리글리세릴-2다이폴리하이드록시스테아레이트, 에틸헥실글리세린, 소듐폴리아크릴레이트, 아이소프로필티타늄트라이아이소스테아레이트, 아데노신, 하이드록시프로필메틸셀룰로오스스테아록시에터, 폴리메틸실세스퀴옥세인, 리놀레닉애씨드, 글루코노락톤, 부틸렌글라이콜, 베헤닐알코올, 다이소듐이디티에이, 적색산화철 (CI 77491), 황색산화철 (CI 77492), 리모넨"
"A000000206175","[모공보정/무기자차] 라타플랑 미나리 시카진정 포어리스 선크림","라타플랑","","","","25000","20000","","정제수, 징크옥사이드, 사이클로헥사실록세인, 카프릴릴메티콘, 부틸옥틸살리실레이트, 프로필헵틸카프릴레이트, 부틸렌글라이콜, 메틸트라이메티콘, 트라이메틸실록시실리케이트, 폴리글리세릴-3폴리다이메틸실록시에틸다이메티콘, 나이아신아마이드, 다이메티콘/비닐다이메티콘크로스폴리머, 다이스테아다이모늄헥토라이트, 울금뿌리추출물, 인도멀구슬나무잎추출물, 인도멀구슬나무꽃추출물, 아이비고드열매추출물, 가지열매추출물, 참산호말추출물, 홀리바질잎추출물, 미나리추출물(150PPM), 인도멀구슬나무껍질추출물, 향기제비꽃잎추출물, 다발방패버섯추출물, 에난티아 클로란타껍질추출물, 연필향나무오일, 불가리스쑥오일, 광곽향오일, 소듐하이알루로네이트, 라벤더오일, 로즈마리잎오일, 캐모마일꽃오일, 마그네슘설페이트, 트라이에톡시카프릴릴실레인, 다이메티콘올, 트라이실록세인, 1,2-헥산다이올, 메틸메타크릴레이트크로스폴리머, 폴리글리세릴-2다이폴리하이드록시스테아레이트, 폴리메틸실세스퀴옥세인, 라우릴폴리글리세릴-3폴리다이메틸실록시에틸다이메티콘, 글리세릴카프릴레이트, 카프릴릴글라이콜, 에틸헥실글리세린, 아데노신, 호박가루, 드럼스틱씨오일, 토코페롤, 효모발효여과물, 글리세릴글루코사이드, 사카라이드아이소머레이트, 글리세린, 글루코오스, 소듐시트레이트, 시트릭애씨드, 올레아놀릭애씨드, 리날룰"
"A000000206742","[화잘먹 투명선케어] KEYTH키스 핑크데저트 선세럼50ml SPF50 PA++++","키스","50.0","50.0","ml","","28000","5600.0","정제수, 다이아이소프로필세바케이트, 디에칠아미노하이드록시벤조일헥실벤조에이트, 비스-에칠헥실옥시페놀메톡시페닐트리아진, 페네틸벤조에이트, 프로판다이올, 에탄올, C12-15알킬벤조에이트, 에칠헥실트리아존, 메틸프로판다이올, 나이아신아마이드, 실리카, 녹차씨오일, 효모발효추출물, 칸디다 봄비콜라/글루코오스/메틸레이프씨데이트발효물, 스핑고모나스발효추출물, 라우릴락테이트, 폴리실리콘-15, 이소아밀p-메톡시신나메이트, 1,2-헥산다이올, 다이부틸에틸헥사노일글루타마이드, 다이부틸라우로일글루타마이드, 다이메틸카프라마이드, 펜틸렌글라이콜, C30-45알킬다이메틸실릴폴리프로필실세스퀴옥세인, 소듐아크릴레이트크로스폴리머-2, 하이드록시아세토페논, 암모늄아크릴로일다이메틸타우레이트/브이피코폴리머, 트로메타민, 폴리아크릴레이트크로스폴리머-6, 아데노신, 폴리아마이드-8, 소듐폴리아크릴레이트, 마이크로크리스탈린셀룰로오스, 셀룰로오스검, 토코페롤, 펜타에리스리틸테트라-다이-t-부틸하이드록시하이드로신나메이트, 카보머, 향료, 알파-아이소메틸아이오논"
"A000000206749","허블룸 카밍 데이즈 비건 선스크린 50ml","허블룸","50.0","50.0","ml","28000","19600","3920.0","정제수,다이부틸아디페이트,프로판다이올,폴리메틸실세스퀴옥세인,다이아이소프로필세바케이트,디에칠아미노하이드록시벤조일헥실벤조에이트,에칠헥실트리아존,나이아신아마이드,메칠렌비스-벤조트리아졸릴테트라메칠부틸페놀,코코-카프릴레이트/카프레이트,디에칠헥실부타미도트리아존,1,2-헥산다이올,부틸렌글라이콜,글리세린,카프릴릴메티콘,감자추출물,병풀추출물,올리브오일,분비나무오일,로즈마리잎오일,클레리오일, 센티드제라늄꽃오일,클로브잎오일,광곽향오일,마트리카리아꽃오일, 멕시칸주니퍼오일, 캐모마일꽃오일,소듐하이알루로네이트,알로에베라잎즙,펜틸렌글라이콜,베헤닐알코올, 폴리c10-30알킬아크릴레이트,폴리글리세릴-3메틸글루코오스다이스테아레이트,자일리틸글루코사이드,데실글루코사이드,안하이드로자일리톨,트로메타민,카보머,아크릴레이트/C10-30알킬아크릴레이트크로스폴리머,자일리톨,폴리쿼터늄-51,소듐스테아로일글루타메이트,폴리아크릴레이트크로스폴리머-6,에틸헥실글리세린,글루코오스,아데노신,잔탄검,t-부틸알코올,토코페롤,아스코빅애씨드폴리펩타이드"
"A000000206750","허블룸 데일리 톤업 비건 선스크린 50ml","허블룸","50.0","50.0","ml","28000","19600","3920.0","정제수,다이부틸아디페이트,프로판다이올,폴리메틸실세스퀴옥세인,다이아이소프로필세바케이트,디에칠아미노하이드록시벤조일헥실벤조에이트,에칠헥실트리아존,나이아신아마이드,메칠렌비스-벤조트리아졸릴테트라메칠부틸페놀,코코-카프릴레이트/카프레이트,디에칠헥실부타미도트리아존,1,2-헥산다이올,부틸렌글라이콜,글리세린,카프릴릴메티콘,감자추출물,병풀추출물,올리브오일,분비나무오일,로즈마리잎오일,클레리오일, 센티드제라늄꽃오일,클로브잎오일,광곽향오일,마트리카리아꽃오일, 멕시칸주니퍼오일, 캐모마일꽃오일,소듐하이알루로네이트,알로에베라잎즙,펜틸렌글라이콜,베헤닐알코올, 폴리c10-30알킬아크릴레이트,폴리글리세릴-3메틸글루코오스다이스테아레이트,자일리틸글루코사이드,데실글루코사이드,안하이드로자일리톨,트로메타민,카보머,아크릴레이트/C10-30알킬아크릴레이트크로스폴리머,자일리톨,폴리쿼터늄-51,소듐스테아로일글루타메이트,폴리아크릴레이트크로스폴리머-6,에틸헥실글리세린,글루코오스,아데노신,잔탄검,t-부틸알코올,토코페롤,아스코빅애씨드폴리펩타이드"
"A000000206799","김정문알로에 큐어 워터 스플래쉬 쿨링 선크림 40ml [쿨링선크림]","큐어","40.0","40.0","ml","25000","13900","3475.0","알로에베라잎수, 정제수, 다이부틸아디페이트, 프로판다이올, 에칠헥실트리아존, 카프릴릴메티콘, 디에칠아미노하이드록시벤조일헥실벤조에이트, 나이아신아마이드, 비스-에칠헥실옥시페놀메톡시페닐트리아진, 코코-카프릴레이트/카프레이트, 폴리글리세릴-3다이스테아레이트, 폴리메틸실세스퀴옥세인, 테레프탈릴리덴디캠퍼설포닉애씨드, 1,2-헥산다이올, 세테아릴알코올, 카프릴릭/카프릭트라이글리세라이드, 암모늄아크릴로일다이메틸타우레이트/브이피코폴리머, 트로메타민, 아크릴레이트/C1030알킬아크릴레이트크로스폴리머, 폴리C10-30알킬아크릴레이트, 글리세릴스테아레이트시트레이트, 카보머, 소듐아크릴레이트/소듐아크릴로일다이메틸타우레이트코폴리머, 하이드로제네이티드폴리(C6-14올레핀), 베타인, 에리스리톨, 판테놀, 포타슘세틸포스페이트, 암모늄폴리아크릴로일다이메틸타우레이트, 에틸헥실글리세린, 다이포타슘글리시리제이트, 카나우바왁스, 비파나무잎추출물, 아데노신, 라우릴글루코사이드, 스피드웰추출물, 오이풀뿌리추출물, 스피어민트추출물, 부틸렌글라이콜, 쌀겨왁스, t-부틸알코올, 병풀추출물, 당근추출물, 소듐하이알루로네이트, 구아바잎추출물, 제주조릿대추출물, 하이알루로닉애씨드, 보검선인장줄기추출물"
"A000000207140","피지오겔 레드수딩 AI 글로우업 썬스크린 30ml","피지오겔","30.0","30.0","ml","35000","28000","9333.3","정제수, 에칠헥실메톡시신나메이트, 변성알코올, 다이메티콘, 프로판다이올, 디에칠아미노하이드록시벤조일헥실벤조에이트, 다이아이소프로필세바케이트, 에칠헥실살리실레이트, C12-15알킬벤조에이트, 글리세린, 나이아신아마이드, 페닐벤즈이미다졸설포닉애씨드, 폴리글리세릴-3메틸글루코오스다이스테아레이트, 티타늄디옥사이드, 포타슘세틸포스페이트, 트로메타민, 1,2-헥산다이올, 비스-에칠헥실옥시페놀메톡시페닐트리아진, 판테놀, 실리카, 비닐다이메티콘/메티콘실세스퀴옥세인크로스폴리머, 팔미틱애씨드, 알루미늄스테아레이트, 폴리아크릴레이트크로스폴리머-6, 폴리우레탄-15, 폴리하이드록시스테아릭애씨드, 잔탄검, 스테아릭애씨드, 알루미나, 트라이소듐이디티에이, 글루코실헤스페리딘, 베티버뿌리오일, 다마스크장미꽃오일, 클레리오일, 부틸렌글라이콜, 병풀잎추출물(6ppm)"
"A000000207202","믹순 병풀 선크림 50ml","믹순","50.0","50.0","ml","25000","18000","3600.0","정제수, 다이부틸아디페이트, 메틸프로판다이올, 변성알코올, 테레프탈릴리덴디캠퍼설포닉애씨드, 1,2-헥산다이올, 에칠헥실트리아존, 글리세린, 폴리실리콘-15, 트로메타민, 폴리글리세릴-3다이스테아레이트, 카프릴릴메티콘, 세테아릴알코올, 디에칠아미노하이드록시벤조일헥실벤조에이트, 다이프로필렌글라이콜, 폴리메틸실세스퀴옥세인, 팔미틱애씨드, 스테아릭애씨드, 비스-에칠헥실옥시페놀메톡시페닐트리아진, 글리세릴스테아레이트, 포타슘세틸포스페이트, 폴리에터-1, 카보머, 암모늄아크릴로일다이메틸타우레이트/브이피코폴리머, 글리세릴스테아레이트시트레이트, 아크릴레이트/C10-30알킬아크릴레이트크로스폴리머, 라벤더오일, 병풀추출물 (970 ppm), 리날룰, 에틸헥실글리세린, 제라니올"
"A000000207724","[파데프리] 스킨앤랩 포어베리어 틴티드 선 스크린 50ml","스킨앤랩","50.0","50.0","ml","24000","15360","3072.0","정제수, 징크옥사이드, 사이클로헥사실록세인, 다이프로필렌글라이콜, 부틸옥틸살리실레이트, 프로필헵틸카프릴레이트, 카프릴릴메티콘, 폴리글리세릴-3폴리다이메틸실록시에틸다이메티콘, 나이아신아마이드, 폴리프로필실세스퀴옥세인, 티타늄디옥사이드, 메틸메타크릴레이트크로스폴리머*, 비닐다이메티콘/메티콘실세스퀴옥세인크로스폴리머*, 트라이메틸실록시실리케이트, 라우릴폴리글리세릴-3폴리다이메틸실록시에틸다이메티콘, 다이카프릴릴에터, 트라이에톡시카프릴릴실레인, 다이스테아다이모늄헥토라이트, 마그네슘설페이트, 1,2-헥산다이올, 폴리글리세릴-2다이폴리하이드록시스테아레이트, 다이메티콘/비닐다이메티콘크로스폴리머, 다이부틸아디페이트, 폴리C10-30알킬아크릴레이트, 글리세릴카프릴레이트, 카프릴릴글라이콜, 에틸헥실글리세린, 알루미늄하이드록사이드, 아데노신, 폴리메틸메타크릴레이트, 카페인*, 토코페롤, 판테놀, 알란토인, 황색산화철, 적색산화철, 흑색산화철"
"A000000207851","[수분모공썬/NEW] 히야 퍼펙트 레이어링 선로션 40ml","히야 (HYAAH)","40.0","40.0","ml","","28000","7000.0","정제수, 다이부틸아디페이트, 프로판다이올, 폴리메틸실세스퀴옥세인, 다이아이소프로필세바케이트, 디에칠아미노하이드록시벤조일헥실벤조에이트, 에칠헥실트리아존, 나이아신아마이드, 메칠렌비스-벤조트리아졸릴테트라메칠부틸페놀, 코코-카프릴레이트/카프레이트, 디에칠헥실부타미도트리아존, 글리세린, 부틸렌글라이콜, 카프릴릴메티콘, 말토덱스트린, 하이드롤라이즈드식물성단백질, 코튼씨추출물, 소듐하이알루로네이트, 펜틸렌글라이콜, 베헤닐알코올, 폴리C10-30알킬아크릴레이트, 폴리글리세릴-3메틸글루코오스다이스테아레이트, 데실글루코사이드, 트로메타민, 카보머, 아크릴레이트/C10-30알킬아크릴레이트크로스폴리머, 소듐스테아로일글루타메이트, 폴리아크릴레이트크로스폴리머-6, 에틸헥실글리세린, 아데노신, 잔탄검, t-부틸알코올, 토코페롤, 리놀레닉애씨드, 글루코노락톤, 칼슘글루코네이트, 소듐벤조에이트, 1,2-헥산다이올, 향료"
"A000000208711","에끌라두 UV 오일프리 선크림 SPF50+ PA++++ 70g","에끌라두","70.0","70.0","g(약 1ml 상당으로 근사)","36000","17000","2428.6","정제수,에칠헥실메톡시신나메이트,다이프로필렌글라이콜 ,티타늄디옥사이드,다이부틸아디페이트,C12-15알킬벤조에이트,비스-에칠헥실옥시페놀메톡시페닐트리아진,디에칠아미노하이드록시벤조일헥실벤조에이트,세테아릴알코올 ,폴리솔베이트60,세테아릴올리베이트,1,2-헥산다이올,에칠헥실트리아존,세테아릴글루코사이드,솔비탄올리베이트,알로에베라잎즙가루,알란토인,판테놀,베타-글루칸 ,소듐하이알루로네이트,봉선화꽃추출물 ,찔레꽃열매추출물,마카뿌리추출물 ,비파나무잎추출물 ,얌빈뿌리추출물,흑효모발효물 ,부틸렌글라이콜,글리세린,토코페릴아세테이트,하이드록시에틸아크릴레이트/소듐아크릴로일다이메틸타우레이트코폴리머,솔비탄아이소스테아레이트,알루미늄하이드록사이드,스테아릭애씨드,다이메티콘,다이메티콘/비닐다이메티콘크로스폴리머,라우레스-23,소듐폴리아크릴레이트 ,하이드로제네이티드폴리데센,트라이데세스-6,클로페네신  ,데실렌글라이콜,카프릴릴글라이콜,펜틸렌글라이콜"
"A000000208731","스콧해미쉬 클래식 골프 선크림 (SPF 50+ PA++++) 40ml","스콧해미쉬","40.0","40.0","ml","","30000","7500.0","정제수, 다이부틸아디페이트 , 프로판다이올, 디에칠아미노하이드록시벤조일헥실벤조에이트, 폴리메틸실세스퀴옥세인, 에칠헥실트리아존, 나이아신아마이드, 메칠렌비스-벤조트리아졸릴테트라메칠부틸페놀, 코코-카프릴레이트/카프레이트, 카프릴릴메티콘, 디에칠헥실부타미도트리아존, 글리세린, 부틸렌글라이콜, 1,2-헥산다이올, 비타민나무열매추출물, 당근추출물, 로즈힙 열매추출물, 사과추출물, 케이프알로에잎추출물, 사철쑥추출물, 살구즙, 하이드로제네이티드레시틴, 펜틸렌글라이콜,베헤닐알코올, 폴리C10-30알킬아크릴레이트, 폴리글리세릴-3메틸글루코오스다이스테아레이트, 데실글루코사이드, 트로메타민, 카보머, 아크릴레이트/C10-30알킬아크릴레이트크로스폴리머, 소듐스테아로일글루타메이트, 폴리아크릴레이트크로스폴리머-6, 에틸헥실글리세린, 아데노신, 잔탄검, t-부틸알코올, 토코페롤, 아스코빅애씨드, 드럼스틱씨오일, 세라마이드엔피, 피토스핑고신, 향료, 리날룰, 시트로넬올, 알파-아이소메틸아이오논"
"A000000208899","러븀 대나무 히알루론산 수분 선크림 50ml","러븀","50.0","50.0","ml","25000","18900","3780.0","정제수, 사이클로헥사실록세인, C12-15알킬벤조에이트 , 다이메티콘, 티타늄디옥사이드, 옥틸도데칸올, 징크옥사이드, 디에칠아미노하이드록시벤조일헥실벤조에이트 , 에칠헥실메톡시신나메이트, 다이프로필렌글라이콜, 다이메티콘/비닐다이메티콘크로스폴리머, 글리세린, 폴리글리세릴-2올리에이트, 에칠헥실살리실레이트, 비스-에칠헥실옥시페놀메톡시페닐트리아진 , 녹차추출물, 진주추출물, 마트리카리아꽃추출물, 부틸렌글라이콜, 스타아니스추출물, 폴리글리세릴-3폴리리시놀리에이트, 폴리글리세릴-2스테아레이트, 폴리하이드록시스테아릭애씨드, 소듐클로라이드, 알루미늄하이드록사이드, 스테아릭애씨드, 다이소듐이디티에이, 1,2-헥산다이올, 카프릴릴글라이콜, 비에이치티"
"A000000209918","[파데프리] 써니콘 밤부 수딩 선비비 40ml SPF50+ PA++++","써니콘","40.0","40.0","ml","28000","25200","6300.0","정제수, 부틸옥틸살리실레이트, 징크옥사이드, 글리세린, 티타늄디옥사이드, 다이부틸아디페이트, 에틸헥실스테아레이트, 사이클로펜타실록세인, 폴리글리세릴-3폴리리시놀리에이트, 나이아신아마이드, 코코-카프릴레이트/카프레이트, 펜타에리스리틸스테아레이트/카프레이트/카프릴레이트/아디페이트, 메틸프로판다이올, 사이클로헥사실록세인, 폴리글리세릴-4아이소스테아레이트, 마그네슘설페이트, C13-14아이소파라핀, 알루미늄하이드록사이드, 스테아릭애씨드, 솔비탄세스퀴올리에이트,실리카, 폴리메틸메타크릴레이트, 트라이에톡시카프릴릴실레인, 프로판다이올, 아이소도데케인, 카프릴릴글라이콜, 폴리글리세릴-3리시놀리에이트, 메틸메타크릴레이트크로스폴리머, 트라이메틸실록시실리케이트/다이메티콘올크로스폴리머, 글리세릴카프릴레이트, 에틸렌/프로필렌/스타이렌코폴리머, 에틸헥실글리세린, 아데노신, 부틸렌/에틸렌/스타이렌코폴리머, 풀루란, 프룩토올리고사카라이드, 1,2-헥산다이올, 부틸렌글라이콜, 폴스애플민트잎추출물, 녹차추출물, 베타-글루칸, 말토덱스트린, 에탄올, 위버대나무줄기추출물(5ppm), 타임잎추출물, 펜타에리스리틸테트라-다이-t-부틸하이드록시하이드로신나메이트, 감자추출물, 매스틱검, 사과추출물, 티타늄디옥사이드 (CI 77891), 황색산화철, 적색산화철, 흑색산화철, 향료"
"A000000209919","[수분썬][5초흡수자차]써니콘 밤부 수딩 백탁없는 UV선에센스 50ml (SPF50+ PA++++)","써니콘","50.0","50.0","ml","28000","16800","3360.0","정제수, 다이부틸아디페이트, 프로판다이올, 변성알코올, 에칠헥실트리아존, 테레프탈릴리덴디캠퍼설포닉애씨드, 글리세린, 나이아신아마이드, 트로메타민, 폴리글리세릴-3다이스테아레이트, 1,2-헥산다이올, 펜틸렌글라이콜, 디에칠아미노하이드록시벤조일헥실벤조에이트, 세테아릴알코올, 카프릴릴메티콘, 폴리실리콘-15, 향기제비꽃잎추출물, 당근추출물, 밤부사 불가리스추출물(0.15ppm), 감자추출물, 연꽃꽃추출물, 왕대추출물, 연필향나무오일, 불가리스쑥오일, 광곽향오일, 로즈마리잎오일, 해바라기씨오일, 폴리메틸실세스퀴옥세인, 팔미틱애씨드, 스테아릭애씨드, 글리세릴스테아레이트, 비스-에칠헥실옥시페놀메톡시페닐트리아진, 포타슘세틸포스페이트, 메틸프로판다이올, 카보머, 암모늄아크릴로일다이메틸타우레이트/브이피코폴리머, 아크릴레이트/C10-30알킬아크릴레이트크로스폴리머, 글리세릴스테아레이트시트레이트, 에틸헥실글리세린, 아데노신, 폴리에터-1, 미리스틱애씨드, 부틸렌글라이콜, 바이오사카라이드검-1, 토코페롤"
"A000000210163","피토메르 선 베리어 모이스처라이징 프로텍티브 선스크린 50ml 더블 기획","피토메르","50.0","100.0","ml","124000","55800","5580.0","정제수, 다이부틸아디페이트, 프로판다이올, 다이아이소프로필세바케이트, 에칠헥실트리아존, 테레프탈릴리덴디캠퍼설포닉애씨드, 나이아신아마이드, 폴리글리세릴-3다이스테아레이트, 글리세린, 변성알코올, 세테아릴알코올, 트로메타민, 1,2-헥산다이올, 펜틸렌글라이콜, 디에칠아미노하이드록시벤조일헥실벤조에이트, 카프릴릴메티콘, 폴리실리콘-15, 퉁퉁마디추출물, 미역추출물, 병풀추출물, 폴리메틸실세스퀴옥세인, 카프릴릭/카프릭/석시닉트라이글리세라이드, 글리세릴스테아레이트, 비스-에칠헥실옥시페놀메톡시페닐트리아진, 포타슘세틸포스페이트, 티타늄디옥사이드, 코코-카프릴레이트/카프레이트, 메틸프로판다이올, 암모늄아크릴로일다이메틸타우레이트/브이피코폴리머, 프로필렌글라이콜다이카프릴레이트/다이카프레이트, 암모늄폴리아크릴로일다이메틸타우레이트, 글리세릴스테아레이트시트레이트, 다이메티콘/비닐다이메티콘크로스폴리머, 카보머, 에틸헥실글리세린, 폴리하이드록시스테아릭애씨드, 아데노신, 아크릴레이트/C10-30알킬아크릴레이트크로스폴리머, 소듐폴리아크릴레이트, 폴리에터-1, 알루미나, 트라이에톡시카프릴릴실레인, t-부틸알코올, 피브이엠/엠에이코폴리머, 바이오사카라이드검-1, 카프릴릭/카프릭트라이글리세라이드, 토코페롤, 향료"
"A000000210324","[톤업무기자차] 벤튼 스킨핏 미네랄 선크림 SPF50+/PA++++ 50mL","벤튼","50.0","50.0","ml","","15000","3000.0","정제수, 징크옥사이드, 사이클로헥사실록세인, 부틸옥틸살리실레이트, 프로판다이올, 프로필헵틸카프릴레이트, 아이소도데케인, 폴리글리세릴-3폴리다이메틸실록시에틸다이메티콘, 다이카프릴릴카보네이트, 카프릴릴메티콘, 나이아신아마이드, 다이스테아다이모늄헥토라이트, 버지니아풍년화추출물, 마그네슘설페이트, 메틸메타크릴레이트크로스폴리머, 비닐다이메티콘/메티콘실세스퀴옥세인크로스폴리머, 트라이에톡시카프릴릴실레인, 1,2-헥산다이올, 폴리글리세릴-2다이폴리하이드록시스테아레이트, 라우릴폴리글리세릴-3폴리다이메틸실록시에틸다이메티콘, 글리세릴카프릴레이트, 칼라민, 다이포타슘글리시리제이트, 마데카소사이드, 이노시톨, 판테놀, 마데카식애씨드, 아시아티코사이드, 아시아틱애씨드, 카프릴릴글라이콜, 에틸헥실글리세린, 아데노신, 로즈마리잎오일, 토코페롤, 부틸렌글라이콜"
"A000000210325","[맑은피부/내추럴톤업] 가히 워터 홀딩 톤업 선세럼 50ml","가히","50.0","50.0","ml","36000","16200","3240.0","정제수, 다이부틸아디페이트, 부틸옥틸살리실레이트, 프로판다이올, 에칠헥실트리아존, 디에칠아미노하이드록시벤조일헥실벤조에이트, 나이아신아마이드, 드로메트리졸트리실록산, 메칠렌비스-벤조트리아졸릴테트라메칠부틸페놀, 티타늄디옥사이드, 글리세린, 1,2-헥산다이올, 카프릴릴메티콘, 펜틸렌글라이콜, 스핑고모나스발효추출물, 물냉이추출물, 쇠비름추출물, 부틸렌글라이콜, 브이피/에이코신코폴리머, 코코-카프릴레이트/카프레이트, 데실글루코사이드, 다이메티콘/비닐다이메티콘크로스폴리머, 소듐폴리아크릴로일다이메틸타우레이트, 마이카, 메틸프로판다이올, 폴리하이드록시스테아릭애씨드, 다이메티콘올, 트라이실록세인, 폴리아크릴레이트크로스폴리머-6, 하이드록시프로필메틸셀룰로오스스테아록시에터, 폴리에스터-5, 에틸헥실글리세린, 폴리에터-1, 트라이에톡시카프릴릴실레인, 알루미늄하이드록사이드, 아데노신, 소듐스테아로일글루타메이트, 소듐폴리아크릴레이트, 잔탄검, 폴록사머188, 폴리메틸메타크릴레이트, 틴옥사이드, 토코페롤, 덱스트린팔미테이트, 아이소프로필티타늄트라이아이소스테아레이트, 금, 탄닉애씨드, 향료, 황색산화철, 적색산화철"
"A000000210326","[수분자차/촉촉산뜻] 가히 아쿠아 쉴드 선로션 50ml","가히","50.0","50.0","ml","36000","16200","3240.0","정제수,다이부틸아디페이트,프로판다이올,에칠헥실트리아존,디에칠아미노하이드록시벤조일헥실벤조에이트,나이아신아마이드,드로메트리졸트리실록산,메칠렌비스-벤조트리아졸릴테트라메칠부틸페놀,코코-카프릴레이트/카프레이트,2,3-부탄다이올,실리카,카프릴릴메티콘,1,2-헥산다이올,펜틸렌글라이콜,물냉이추출물,쇠비름추출물,베헤닐알코올,폴리C10-30알킬아크릴레이트,브이피/에이코신코폴리머,폴리글리세릴-3메틸글루코오스다이스테아레이트,데실글루코사이드,트로메타민,카보머,아크릴레이트/C10-30알킬아크릴레이트크로스폴리머,에틸헥실글리세린,소듐스테아로일글루타메이트,폴리아크릴레이트크로스폴리머-6,아데노신,글리세린,잔탄검,폴록사머188,하이드록시프로필메틸셀룰로오스스테아록시에터,토코페롤,티타늄디옥사이드,메틸프로판다이올,알루미늄하이드록사이드,덱스트린팔미테이트,아이소프로필티타늄트라이아이소스테아레이트,금,탄닉애씨드,향료"
"A000000210455","[화잘먹선크림/1+1]더하르나이 무기자차 시카이드 마일드 선케어 50ml+50ml 기획","더하르나이","50.0","100.0","ml","28000","23800","2380.0","정제수, 징크옥사이드, 사이클로헥사실록세인, 부틸옥틸살리실레이트, 프로판다이올, 프로필헵틸카프릴레이트, 아이소도데케인, 폴리글리세릴-3폴리다이메틸실록시에틸다이메티콘, 카프릴릴메티콘, 나이아신아마이드, 무화과추출물, 병풀추출물, 티트리추출물, 하이드로제네이티드레시틴, 다이스테아다이모늄헥토라이트, 마그네슘설페이트, 트라이에톡시카프릴릴실레인, 1,2-헥산다이올, 폴리글리세릴-2다이폴리하이드록시스테아레이트, 라우릴폴리글리세릴-3폴리다이메틸실록시에틸다이메티콘, 폴리메틸실세스퀴옥세인, 카프릴릴글라이콜, 글리세릴카프릴레이트, 에틸헥실글리세린, 아데노신, 토코페롤, 마데카소사이드, 글리세린, 부틸렌글라이콜, 세라마이드엔피, 노나펩타이드-1, 아세틸헥사펩타이드-8, 카퍼트라이펩타이드-1, 트라이펩타이드-1, 팔미토일테트라펩타이드-7, 팔미토일트라이펩타이드-1, 팔미토일펜타펩타이드-4, 헥사펩타이드-9, 향료"
"A000000210559","VT 시카 선 에센스 100ml","VT","100.0","100.0","ml","27000","21600","2160.0","정제수, 다이부틸아디페이트, C12-15알킬벤조에이트, 글리세린, 디에칠아미노하이드록시벤조일헥실벤조에이트, 폴리실리콘-15, 폴리글리세릴-6스테아레이트, 나이아신아마이드, 실리카, 메칠렌비스-벤조트리아졸릴테트라메칠부틸페놀, 비스-에칠헥실옥시페놀메톡시페닐트리아진, 에칠헥실트리아존, 폴리메틸실세스퀴옥세인, 세테아릴올리베이트, 솔비탄올리베이트, 다이프로필렌글라이콜, 세테아릴알코올, 판테놀, 글리세릴스테아레이트, 폴리글리세릴-6베헤네이트, 하이드록시아세토페논, 데실글루코사이드, 아크릴레이트/C10-30알킬아크릴레이트크로스폴리머, 트로메타민, 향료, 카프릴릴글라이콜, 알란토인, 아데노신, 다이소듐이디티에이, 잔탄검, 부틸렌글라이콜, 다이포타슘글리시리제이트, 세라마이드엔피, 진주추출물, 병풀추출물, 사탕수수추출물, 프로판다이올, 1,2-헥산다이올, 소듐하이알루로네이트, 마늘추출물, 브로콜리추출물, 로우스위트블루베리추출물, 시금치추출물, 퉁퉁마디추출물, 포도추출물, 호두추출물, 녹차추출물, 토마토추출물, 귀리가루추출물, 벤질글라이콜, 페녹시에탄올, 하이드롤라이즈드글라이코사미노글리칸, 프로폴리스추출물, 소듐하이알루로네이트크로스폴리머, 에틸헥실글리세린, 아시아티코사이드, 하이드롤라이즈드하이알루로닉애씨드, 마데카소사이드, 마데카식애씨드, 아시아틱애씨드, 하이드록시프로필트라이모늄하이알루로네이트, 아세틸헥사펩타이드-8, 카퍼트라이펩타이드-1, 하이알루로닉애씨드, 팔미토일펜타펩타이드-4, 소듐아세틸레이티드하이알루로네이트"
"A000000210660","설화수맨 본윤선크림 50ml","설화수","50.0","50.0","ml","40000","36000","7200.0","정제수, 부틸렌글라이콜, 에칠헥실메톡시신나메이트, 글리세린, 에칠헥실살리실레이트, 비스-에칠헥실옥시페놀메톡시페닐트리아진, 디에칠아미노하이드록시벤조일헥실벤조에이트, 실리카, 세틸에틸헥사노에이트, 테레프탈릴리덴디캠퍼설포닉애씨드, 사이클로펜타실록세인, 트로메타민, 폴리메틸메타크릴레이트, 1,2-헥산다이올, 세테아릴알코올, 사이클로헥사실록세인, 하이드록시프로필스타치포스페이트, 포타슘세틸포스페이트, 하이드록시에틸아크릴레이트/소듐아크릴로일다이메틸타우레이트코폴리머, 쇠비름추출물, 글리세릴스테아레이트, 아크릴레이트/C10-30알킬아크릴레이트크로스폴리머, 향료, 하이드로제네이티드레시틴, 글리세릴카프릴레이트, 스테아릭애씨드, 폴리글리세릴-3메틸글루코오스다이스테아레이트, 팔미틱애씨드, 에틸헥실글리세린, 다이소듐이디티에이, 리모넨, 아데노신, 솔비탄아이소스테아레이트, 리날룰, 벤질벤조에이트, 인삼추출물, 페녹시에탄올, 비에이치티, 가시오갈피뿌리추출물, 황벽나무껍질추출물, 생강뿌리줄기추출물, 황금추출물, 영지버섯추출물, 신나밀알코올, 미리스틱애씨드, 쌀발효여과물, 라우릭애씨드, 토코페롤"
"A000000210758","[쿨링] 스킨1004 마다가스카르 센텔라 티트리카 수딩 선 밀크 50ml","스킨1004","50.0","50.0","ml","21000","17850","3570.0","정제수, 부틸옥틸살리실레이트, 프로판다이올, 다이부틸아디페이트, 에칠헥실트리아존, 테레프탈릴리덴디캠퍼설포닉애씨드, 비스-에칠헥실옥시페놀메톡시페닐트리아진, 폴리글리세릴-3다이스테아레이트, 나이아신아마이드, 트로메타민, 1,2-헥산다이올, 펜틸렌글라이콜, 폴리실리콘-15, 디에칠아미노하이드록시벤조일헥실벤조에이트, 카프릴릴메티콘, 폴리메틸실세스퀴옥세인, 카보머, 암모늄아크릴로일다이메틸타우레이트/브이피코폴리머, 소듐스테아로일글루타메이트, 글리세릴스테아레이트시트레이트, 솔비탄라우레이트, 아크릴레이트/C10-30알킬아크릴레이트크로스폴리머, 글리세릴스테아레이트, 세테아릴알코올, 에틸헥실글리세린, 아데노신, 폴리글리세릴-4라우레이트, 병풀추출물, 편백수, 티트리잎수, 다이라우릴시트레이트, 부틸렌글라이콜, 토코페롤, 글리세린, 징크옥사이드, 에톡시다이글라이콜, 카프릴릭/카프릭트라이글리세라이드, 하이드로제네이티드레시틴, 옥틸도데칸올, 아시아티코사이드, 글라이코리피드, 마데카식애씨드, 아시아틱애씨드, 폴리하이드록시스테아릭애씨드, C12-13알케스-9, 무화과추출물, 트라이에톡시카프릴릴실레인, 대왕소나무잎추출물, 칡뿌리추출물, 달맞이꽃꽃추출물, 당느릅나무뿌리추출물, 세라마이드엔피"
"A000000210862","유이크 바이옴 레미디 톤업 선크림 50ml","유이크","50.0","50.0","ml","27000","21600","4320.0","정제수,다이부틸아디페이트,부틸옥틸살리실레이트,에칠헥실트리아존,프로판다이올,메칠렌비스-벤조트리아졸릴테트라메칠부틸페놀,메틸프로판다이올,나이아신아마이드,디에칠아미노하이드록시벤조일헥실벤조에이트,티타늄디옥사이드 (CI 77891),1,2-헥산다이올,비스-에칠헥실옥시페놀메톡시페닐트리아진,폴리글리세릴-3메틸글루코오스 다이스테아레이트, 폴리글리세릴-3다이스테아레이트,울트라마린, 코코-카프릴레이트/카프레이트,데실글루코사이드,폴리아크릴레이트크로스 폴리머-6, 세테아릴알코올, 암모늄아크릴로일다이메틸타우레이트/브이 피코폴리머,브이피/에이코신코폴리머,소듐폴리아크릴로일다이메틸타 우레이트,에틸헥실글리세린,글리세릴스테아레이트시트레이트,카올린,폴리글리세릴-6폴리하이드록시스테아레이트,알루미늄하이드록사이드,폴리글리세릴-6폴리리시놀리에이트,아데노신,트라이에톡시카프릴릴실레인,소듐스테아로일글루타메이트,글리세린,적색산화철, 잔탄검,쿠티 박테리움 그라눌로숨발효추출여과물(100 ppm),폴리글리세린-6,판테놀,석시닉애씨드,토코페롤,아스코빌팔미테이트"
"A000000210911","[저자극/이지워시/장벽회복] 아이오페 UV쉴드 선앰플 40ml 기획(+선앰플20ml+레티놀세럼10ml)","아이오페","40.0","70.0","ml","40000","32000","4571.4","정제수, 다이부틸아디페이트, 글리세린, 비스-에칠헥실옥시페놀메톡시페닐트리아진, 에칠헥실살리실레이트, 드로메트리졸트리실록산, 테레프탈릴리덴디캠퍼설포닉애씨드, 호모살레이트, 나이아신아마이드, 폴리실리콘-15, 1,2-헥산다이올, 트로메타민, 베헤닐알코올, 글리세릴스테아레이트에스이, 소듐폴리아크릴로일다이메틸타우레이트, 페닐트라이메티콘, 포타슘세틸포스페이트, 카프릴릴메티콘, 프로판다이올, 알란토인, 향료, 폴리아크릴레이트크로스폴리머-6, 카프릴릴글라이콜, 에틸헥실글리세린, 만니톨, 폴리아크릴레이트-13, 아데노신, 하이드로제네이티드폴리아이소부텐, 리모넨, 리날룰, 폴리글리세릴-10라우레이트, 시트로넬올, 에틸헥실팔미테이트, 솔비탄아이소스테아레이트, 양파추출물, 아세틸테트라펩타이드-11, 토코페롤"
"A000000211132","비오템 UV 디펜스 브라이트닝 라이트 밀크 SPF50+ PA++++ 30ml","비오템","30.0","30.0","ml","72000","59760","19920.0","정제수 아이소프로필미리스테이트 글리세린 티타늄디옥사이드 에칠헥실트리아존 변성알코올 프로판다이올 트라이에탄올아민 실리카 나이아신아마이드 비스-에칠헥실옥시페놀메톡시페닐트리아진 부틸메톡시디벤조일메탄 테레프탈릴리덴디캠퍼설포닉애씨드 마이카 페닐벤즈이미다졸설포닉애씨드 스테아릭애씨드 포타슘세틸포스페이트 펄라이트 바륨설페이트 팔미틱애씨드 글리세릴스테아레이트 피이지-100스테아레이트 티타늄디옥사이드 드로메트리졸트리실록산 디에칠아미노하이드록시벤조일헥실벤조에이트 알루미늄하이드록사이드 세틸알코올 소듐코코일사코시네이트 카프릴릴글라이콜 토코페롤 아크릴아마이드/소듐아크릴로일다이메틸타우레이트코폴리머 트로메타민 카보머 트라이소듐에틸렌다이아민다이석시네이트 아이소헥사데칸 잔탄검 미리스틱애씨드 황색산화철 스클레로튬검 레시틴 적색산화철 폴리솔베이트80 풀루란 솔비탄올리에이트 소듐클로라이드 비트레오스실라발효물 향료"
"A000000211180","[씨프렌들리] 부쉬맨 히알루론산 데일리 선크림 50ml 기획 (+ 20ml)","부쉬맨","50.0","70.0","ml","","25000","3571.4","정제수, 다이부틸아디페이트, 프로판다이올, 에칠헥실트리아존, 디에칠아미노하이드록시벤조일헥실벤조에이트, 비스-에칠헥실옥시페놀메톡시페닐트리아진, 카프릴릴메티콘, 코코-카프릴레이트/카프레이트, 폴리글리세릴-3다이스테아레이트, 폴리메틸실세스퀴옥세인, 1,2-헥산다이올, 테레프탈릴리덴디캠퍼설포닉애씨드, 트로메타민, 에틸헥실글리세린, 다이포타슘글리시리제이트, 폴리C10-30알킬아크릴레이트, 암모늄아크릴로일다이메틸타우레이트/브이피코폴리머, 글리세릴스테아레이트시트레이트, 포타슘세틸포스페이트, 아크릴레이트/C10-30알킬아크릴레이트크로스폴리머, 베헤닐알코올, 카보머, 암모늄폴리아크릴로일다이메틸타우레이트, 카나우바왁스, 소듐하이알루로네이트, 베타인, 판테놀, 하이알루로닉애씨드, 쌀겨왁스, 소듐아크릴레이트/소듐아크릴로일다이메틸타우레이트코폴리머, 하이드로제네이티드폴리(C6-14올레핀), 구아바잎추출물, t-부틸알코올, 제주조릿대추출물, 보검선인장줄기추출물, 라우릴글루코사이드, 당근추출물"
"A000000211214","디마르3 DX 시타 듀 아쿠아 선세럼 50ml","디마르3","50.0","50.0","ml","36400","23000","4600.0","정제수, 다이부틸아디페이트, 프로판다이올, 디에칠아미노하이드록시벤조일헥실벤조에이트, 폴리메틸실세스퀴옥세인, 부틸렌글라이콜, 에칠헥실트리아존, 나이아신아마이드, 메칠렌비스-벤조트리아졸릴테트라메칠부틸페놀, 코코-카프릴레이트/카프레이트, 카프릴릴메티콘, 디에칠헥실부타미도트리아존, 글리세린, 1,2-헥산다이올, 레몬추출물, 로즈힙열매추출물, 귀리커넬추출물, 봉의꼬리추출물, 아티초크잎추출물, 병풀뿌리추출물, 병풀잎추출물, 병풀추출물, 발삼아미리스껍질오일, 분비나무오일, 하이드로제네이티드레시틴, 베헤닐알코올, 폴리C10-30알킬아크릴레이트, 폴리글리세릴-3메틸글루코오스다이스테아레이트, 데실글루코사이드, 트로메타민, 카보머, 아크릴레이트/C10-30알킬아크릴레이트크로스폴리머, 소듐스테아로일글루타메이트, 피넨, 폴리아크릴레이트크로스폴리머-6, 메틸다이하이드로자스모네이트, 아데노신, 터피네올, 베타-카리오필렌, 벤질아세테이트, 에틸렌브라실레이트, 잔탄검, t-부틸알코올, 토코페롤, 하이드록시신나믹애씨드, 루틴, 메틸프로판다이올, 폴리쿼터늄-51, 베타-글루칸, 효모발효물, 마데카소사이드, 마데카식애씨드, 아시아티코사이드, 아시아틱애씨드, 아이소보닐아세테이트, 2-t-부틸사이클로헥실아세테이트, 펜틸렌글라이콜, 에틸헥실글리세린"
"A000000211302","[쿨링진정/화잘먹수분썬] 에스네이처 아쿠아 365 UV 선크림 40ml","에스네이처","40.0","40.0","ml","20000","14900","3725.0","정제수, 다이부틸아디페이트, 폴리메틸실세스퀴옥세인, 프로판다이올, 디에칠아미노하이드록시벤조일헥실벤조에이트, 부틸옥틸살리실레이트, 에칠헥실트리아존, 나이아신아마이드, 메칠렌비스-벤조트리아졸릴테트라메칠부틸페놀, 카프릴릴메티콘, 디에칠헥실부타미도트리아존, 글리세린, 1,2-헥산다이올, 부틸렌글라이콜, 다시마추출물, 한련초잎추출물, 판테놀, 알란토인, 냉초추출물, 더위지기추출물, 소듐하이알루로네이트, 하이드롤라이즈드하이알루로닉애씨드, 소듐아세틸레이티드하이알루로네이트, 베타-글루칸, 토코페롤, 메틸프로판다이올, 다이프로필렌글라이콜, 프룩토올리고사카라이드, 아데노신, 하이드로제네이티드레시틴, 펜틸렌글라이콜, 데실글루코사이드, 에틸헥실글리세린, 폴리C10-30알킬아크릴레이트, 트로메타민, 카보머, 아크릴레이트/C10-30알킬아크릴레이트크로스폴리머, 소듐스테아로일글루타메이트, 잔탄검, 베헤닐알코올, 폴리글리세릴-3메틸글루코오스다이스테아레이트, 폴리아크릴레이트크로스폴리머-6"
"A000000211379","빌리프 UV프로텍터 아쿠아 밤 선 세럼 어드밴스드 50ml","빌리프","50.0","50.0","ml","40000","30800","6160.0","정제수, 에칠헥실메톡시신나메이트, 변성알코올, 다이아이소프로필세바케이트, 프로판다이올, 트로메타민, 드로메트 리졸트리실록산, 테레프탈릴리덴디캠퍼설포닉애씨드, 글리세린, 나이아신아마이드, 페네틸벤조에이트, 페닐벤즈이미 다졸설포닉애씨드, 폴리글리세릴-3다이스테아레이트, 다이메티콘, 1,2-헥산다이올, 비스-에칠헥실옥시페놀메톡시페 닐트리아진, 라우로일라이신, 판테놀, 에칠헥실트리아존, 세테아릴알코올, 글리세릴스테아레이트에스이, 폴리글리세 릴-3메틸글루코오스다이스테아레이트, 폴리실리콘-11, 폴리아마이드-8, 아크릴레이트/C10-30알킬아크릴레이트크 로스폴리머, 부틸렌글라이콜, 카보머, 글리세릴스테아레이트시트레이트, 소듐스테아로일글루타메이트, 석시노글리칸, 베타인, 소듐글루코네이트, 아데노신, 잔탄검, 트라이소듐이디티에이, 육두구추출물, 레몬밤꽃/잎/줄기수*, 로즈마리 잎수*, 타임잎추출물, 유칼립투스잎추출물, 폴스애플민트잎추출물,로즈힙열매추출물, 인동덩굴꽃추출물, 노니열 매추출물, 카프릴릴글라이콜, 데실글루코사이드, 펜타에리스리틸테트라-다이-T-부틸하이드록시하이드로신나메이트, 토코페롤, 소듐하이알루로네이트, 해바라기씨오일, 오렌지껍질오일+, 피마자씨오일+, 레몬껍질오일+, 라임전초오일+, 왕귤껍질오일+, 베르가모트오일+, 연필향나무오일+, 스타아니스열매/씨오일+, 클레리오일+, 클로브잎오일+, 벤조인 나무검+, 갈바눔수지오일+, 센티드제라늄꽃오일+, 일랑일랑꽃오일+, 리씨열매오일+, 리모넨, 리날룰
*표시: belif original formula
+표시: 식물 유래 향"
"A000000213190","커버서울 베스티안 선스크린 SPF50+ PA++++ 50ml","커버서울","50.0","50.0","ml","32000","22400","4480.0","정제수,징크옥사이드,사이클로헥사실록세인,프로판다이올,부틸옥틸살리실레이트,프로필헵틸카프릴레이트,아이소도데케인, 폴리글리세릴-3폴리다이메틸실록시에틸다이메티콘, 나이아신아마이드, 카프릴릴메티콘, 메틸메타크릴레이트크로스폴리머, 밀몽화꽃추출물, 미역취추출물, 클로브싹추출물, 영지버섯줄기추출물, 알테로모나스발효추출물, 베타글루칸, 쇠비름추출물, 사카라이드하이드롤리세이트, 말토덱스트린, 올리브오일불검화물, 데이지꽃추출물, 대왕송잎추출물, 당느릅나무뿌리추출물, 칡뿌리추출물, 달맞이꽃꽃추출물, 카놀라오일, 당근씨오일, 해바라기씨오일, 판토테닉애씨드, 당근추출물, 베타카로틴, 아스코빅애씨드, 토코페롤, 토코페릴아세테이트, 바위돌꽃추출물, 치커리뿌리추출물, 글리세린, 비즈왁스, 알란토인, 바이오틴, 리놀레닉애씨드, 카프릴릴글라이콜, 글리세릴카프릴레이트, 마그네슘설페이트, 소듐클로라이드, 다이소듐포스페이트, 포타슘클로라이드, 포타슘포스페이트, 아데노신, 부틸렌글라이콜, 1,2헥산다이올, 로즈마리잎오일, 다이스테아다이모늄헥토라이트, 트라이에톡시카프릴릴실레인, 폴리글리세릴-2다이폴리하이드록시스테아레이트, 라우릴폴리글리세릴-3폴리다이메틸실록시에틸다이메티콘, 에틸헥실글리세린, 펜틸렌글라이콜, 페네틸알코올, 사이아노코발아민"
"A000000213284","오드로이 모공축소 톤업 선크림 블리미 필리디 50ml","오드로이","50.0","50.0","ml","18900","16070","3214.0","정제수, 다이아이소프로필세바케이트, 티타늄디옥사이드(CI77891), 부틸옥틸살리실레이트, 다이프로필렌글라이콜, 프로판다이올, 아이소노닐아이소노나노에이트, 코코-카프릴레이트/카프레이트, 디에칠아미노하이드록시벤조일헥실벤조에이트, 메틸트라이메티콘, 나이아신아마이드, 1,2-헥산다이올, 비스-에칠헥실옥시페놀메톡시페닐트리아진, 에칠헥실트리아존, 펜틸렌글라이콜, 폴리글리세릴-3메틸글루코오스다이스테아레이트, 폴리실리콘-15, 테레프탈릴리덴디캠퍼설포닉애씨드, 폴리하이드록시스테아릭애씨드, 포타슘세틸포스페이트, 소듐폴리아크릴로일다이메틸타우레이트, 폴리메틸실세스퀴옥세인, 트로메타민, 알루미늄하이드록사이드, 하이드록시에틸아크릴레이트/소듐아크릴로일다이메틸타우레이트코폴리머, 스테아릭애씨드, 실리카, 아이소도데케인, 옥틸도데칸올, 암모늄폴리아크릴로일다이메틸타우레이트, 에틸헥실글리세린, 폴리글리세릴-4아이소스테아레이트, 폴리글리세릴-2다이폴리하이드록시스테아레이트, 아데노신, 아이소프로필티타늄트라이아이소스테아레이트, 트라이소듐에틸렌다이아민다이석시네이트, 소듐폴리아크릴레이트, 하이드록시프로필메틸셀룰로오스스테아록시에터, 판테놀, 토코페롤, 베헤닐알코올, 향료, 리모넨, 시트랄, 제라니올, 헥실신남알, 시트로넬올, 리날룰, 적색산화철(CI 77491)"
"A000000213534","[대용량] 바디언스 퍼펙트 커버 화이트 토닝 톤업 선로션 200ml","바디언스","200.0","200.0","ml","34000","30690","1534.5","정제수,옥토크릴렌,에칠헥실메톡시신나메이트,나이아신아마이드,에칠헥실살리실레이트,비스-에칠헥실옥시페놀메톡시페닐트리아진,프로판다이올,티타늄디옥사이드,다이메티콘,세테아릴올리베이트,세테아릴알코올,솔비탄올리베이트,C14-22알코올,베헤닐알코올,하이드록시아세토페논,글리세린,메틸메타크릴레이트크로스폴리머,실리카,덱스판테놀,사이클로펜타실록세인,브이피/헥사데센코폴리머,암모늄아크릴로일다이메틸타우레이트/브이피코폴리머,트라넥사믹애씨드,C12-20알킬글루코사이드,이눌린라우릴카바메이트,3-O-에틸아스코빅애씨드,다이포타슘글리시리제이트,토코페릴아세테이트,아크릴레이트/다이메티콘코폴리머,알루미늄하이드록사이드,에틸헥실글리세린,알란토인,잔탄검,트라이에톡시카프릴릴실레인,아데노신,향료,1,2-헥산다이올,부틸렌글라이콜,카프릴릭/카프릭트라이글리세라이드,페닐에틸레조시놀,마트리카리아꽃추출물,하이드로제네이티드레시틴,폴리글리세릴-10다이아이소스테아레이트,자일리틸글루코사이드,판토락톤,안하이드로자일리톨,알부틴,자일리톨,메나다이온,금불초꽃/잎/줄기추출물,락토바실러스발효용해물,민들레전초추출물,씀바귀추출물,병풀추출물,티트리잎추출물,글루코오스,다이프로필렌글라이콜,옥틸도데칸올,호장근뿌리추출물황금추출물,녹차추출물,밀크아미노산,소듐하이알루로네이트,스페인감초뿌리추출물,약모밀추출물,로즈마리잎추출물,세라마이드엔피,폴리글리세릴-10올리에이트,달맞이꽃꽃추출물,당느릅나무뿌리추출물,대왕소나무잎추출물,칡뿌리추출물,카프릴릴글라이콜,마데카소사이드,마데카식애씨드,아시아티코사이드,아시아틱애씨드"
"A000000213537","[대용량] 바디언스 미라클 릴리프 페이스&바디 카밍 선로션 300ml","바디언스","300.0","300.0","ml","28000","25270","842.3","정제수,옥토크릴렌,에칠헥실메톡시신나메이트,에탄올,에칠헥실살리실레이트,글리세린,다이프로필렌글라이콜,비스-에칠헥실옥시페놀메톡시페닐트리아진,나이아신아마이드,실리카,비스-피이지/피피지-20/5피이지/피피지-20/5다이메티콘,메톡시피이지/피피지-25/4다이메티콘,다이메티콘,카프릴릭/카프릭트라이글리세라이드,하이드록시아세토페논,아크릴레이트/C10-30알킬아크릴레이트크로스폴리머,메틸메타크릴레이트크로스폴리머,사이클로펜타실록세인,브이피/헥사데센코폴리머,소듐하이드록사이드,아크릴레이트/다이메티콘코폴리머,알란토인,판테놀,에틱헥실글리세린,아데노신,향료,다이소듐이디티에이,다이포타슘글리시리제이트,페닐에틸레조시놀,부틸렌글라이콜,프로판다이올,판토락톤,하이드로제네이티드레시틴,티트리잎추출물,병풀추출물,폴리글리세릴-10올리에이트,황금추출물,호장근뿌리추출물,스페인감초뿌리추출물,녹차추출물,벤질글라이콜,하이드롤라이즈드글라이코사미노글리칸,소듐하이알루로네이트,마트리카리아꽃추출물,로즈마리잎추출물,아시아틱애씨드,아시아티코사이드,마데카식애씨드,마데카소사이드,소듐하이알루로네이트크로스폴리머,1,2-헥산다이올,하이드롤라이즈드하이알루로닉애씨드,하이드록시프로필트라이모늄하이알루로네이트,하이알루로닉애씨드,소듐아세틸레이티드하이알루로네이트"
"A000000214249","엠도씨 선 스킨 플러스 크림 100ml 단품/기획 2종 택1","엠도씨","100.0","100.0","ml","37000","29600","2960.0","정제수,다이부틸아디페이트,메틸프로판다이올,테레프탈릴리덴디캠퍼설포닉애씨드,1,2-헥산다이올,에칠헥실트리아존,나이아신아마이드,폴리실리콘-15,변성알코올,트로메타민,폴리글리세릴-3다이스테아레이트,폴리글리세릴-3메틸글루코오스다이스테아레이트,카프릴릴메티콘,디에칠아미노하이드록시벤조일헥실벤조에이트,폴리메틸실세스퀴옥세인,세테아릴알코올,포타슘세틸포스페이트,폴리C10-30알킬아크릴레이트,솔비탄아이소스테아레이트,비스-에칠헥실옥시페놀메톡시페닐트리아진,소듐폴리아크릴로일다이메틸타우레이트,암모늄폴리아크릴로일다이메틸타우레이트,폴리아크릴레이트크로스폴리머-6,글리세릴스테아레이트시트레이트,폴리에터-1,리모넨,에틸헥실글리세린,아데노신,잔탄검,오렌지껍질오일,판테놀, t-부틸알코올,티트리잎오일,시트로넬올,자몽껍질오일,센티드제라늄꽃오일,제라니올,발삼아미리스껍질오일,유향나무오일,소듐하이알루로네이트,다마스크장미꽃오일,하이알루로닉애씨드,하이드롤라이즈드하이알루로닉애씨드,하이드롤라이즈드소듐하이알루로네이트,하이드록시프로필트라이모늄하이알루로네이트,포타슘하이알루로네이트,소듐하이알루로네이트크로스폴리머,펜틸렌글라이콜,소듐아세틸레이티드하이알루로네이트"
"A000000214255","[쿨링자차] 키엘 울트라 라이트 데일리 유브이 디펜스 아쿠아 젤 30ml/60ml","키엘","30.0","90.0","ml","66000","52140","5793.3","정제수 변성알코올 다이아이소프로필세바케이트 아이소프로필라우로일사코시네이트 에칠헥실트리아존 프로필렌글라이콜 비스-에칠헥실옥시페놀메톡시페닐트리아진 디에칠아미노하이드록시벤조일헥실벤조에이트 티타늄디옥사이드 글리세린 메틸메타크릴레이트크로스폴리머 드로메트리졸트리실록산 토코페롤 스테아릭애씨드 페녹시에탄올 세틸알코올 팔미틱애씨드 스타이렌/아크릴레이트코폴리머 세테스-10 카프릴릴글라이콜 멘톡시프로판다이올 덱스트린팔미테이트 아크릴레이트/C10-30알킬아크릴레이트크로스폴리머 알루미늄하이드록사이드 암모늄폴리아크릴로일다이메틸타우레이트 부틸렌글라이콜 포타슘하이드록사이드 피이지-8라우레이트 다이소듐이디티에이 아데노신 미리스틱애씨드 겐티아나뿌리추출물 펜틸렌글라이콜 페퍼민트추출물 시어버터씨드케이크추출물 프렌치로즈꽃추출물 솔비톨 드럼스틱씨추출물 다이소듐포스페이트 시트릭애씨드"
"A000000214256","[저자극 진정 자차] 키엘 수분 진정 선크림 30ml","키엘","30.0","30.0","ml","44000","34760","11586.7","정제수 에칠헥실메톡시신나메이트 디메치콘 글리세린 드로메트리졸트리실록산 테레프탈릴리덴디캠퍼설포닉애씨드 프로필렌글라이콜 티타늄디옥사이드 변성알코올 트리에탄올아민 스테아릭애씨드 포타슘세틸포스페이트 나일론-12 팔미틱애씨드 피이지-100스테아레이트 글리세릴스테아레이트 페녹시에탄올 세틸알코올 셀룰로오스 비스-에칠헥실옥시페놀메톡시페닐트리아진 디에칠아미노하이드록시벤조일헥실벤조에이트 시트릭애씨드 알루미늄하이드록사이드 카프릴릴글라이콜 소듐코코일사코시네이트 카보머 토코페롤 트로메타민 황금추출물 아크릴아마이드/소듐아크릴로일디메칠타우레이트코폴리머 이소헥사데칸 잔탄검 미리스틱애씨드 디소듐이디티에이 아데노신 폴리소르베이트80 알지닌 만니톨 디소듐아데노신트리포스페이트 알엔에이 피리독신에이치씨엘 소르비탄올리에이트 소르비톨 펜틸렌글라이콜 비에이치티 히스티딘에이치씨엘 옥수수커넬추출물 소듐클로라이드 효모추출물 페닐알라닌 페퍼민트추출물 프렌치로즈꽃추출물 타이로신 소르빅애씨드"
"A000000214257","[저자극 진정 자차] 키엘 수분 진정 선크림 60ml","키엘","60.0","60.0","ml","66000","52140","8690.0","정제수 에칠헥실메톡시신나메이트 디메치콘 글리세린 드로메트리졸트리실록산 테레프탈릴리덴디캠퍼설포닉애씨드 프로필렌글라이콜 티타늄디옥사이드 변성알코올 트리에탄올아민 스테아릭애씨드 포타슘세틸포스페이트 나일론-12 팔미틱애씨드 피이지-100스테아레이트 글리세릴스테아레이트 페녹시에탄올 세틸알코올 셀룰로오스 비스-에칠헥실옥시페놀메톡시페닐트리아진 디에칠아미노하이드록시벤조일헥실벤조에이트 시트릭애씨드 알루미늄하이드록사이드 카프릴릴글라이콜 소듐코코일사코시네이트 카보머 토코페롤 트로메타민 황금추출물 아크릴아마이드/소듐아크릴로일디메칠타우레이트코폴리머 이소헥사데칸 잔탄검 미리스틱애씨드 디소듐이디티에이 아데노신 폴리소르베이트80 알지닌 만니톨 디소듐아데노신트리포스페이트 알엔에이 피리독신에이치씨엘 소르비탄올리에이트 소르비톨 펜틸렌글라이콜 비에이치티 히스티딘에이치씨엘 옥수수커넬추출물 소듐클로라이드 효모추출물 페닐알라닌 페퍼민트추출물 프렌치로즈꽃추출물 타이로신 소르빅애씨드"
"A000000214631","[수분진정] 마몽드 카밍 샷 아줄렌 선크림 35ml","마몽드","35.0","35.0","ml","16000","11200","3200.0","정제수, 다이부틸아디페이트, 글리세린, 프로판다이올, 비스-에칠헥실옥시페놀메톡시페닐트리아진, 에칠헥실살리실레이트, 드로메트리졸트리실록산, 테레프탈릴리덴디캠퍼설포닉애씨드, 호모살레이트, 베헤닐알코올, 폴리실리콘-15, 1,2-헥산다이올, 트로메타민, 글리세릴스테아레이트에스이, 폴리아크릴레이트크로스폴리머-6, 소듐폴리아크릴로일다이메틸타우레이트, 페닐트라이메티콘, 포타슘세틸포스페이트, 카프릴릴메티콘, 나이아신아마이드, 카프릴릴글라이콜, 에틸헥실글리세린, 향료, 구아이아줄렌(100ppm), 에탄올, 마트리카리아꽃추출물, 소듐하이알루로네이트, 하이알루로닉애씨드, 토코페롤, 프로필렌글라이콜, 하이드롤라이즈드하이알루로닉애씨드, 소듐하이알루로네이트크로스폴리머, 소듐아세틸레이티드하이알루로네이트"
"A000000215558","[수분]스킨1004 마다가스카르 센텔라 프로바이오시카 글로우 선 앰플 50ml","스킨1004","50.0","50.0","ml","","21000","4200.0","정제수, 다이부틸아디페이트, 부틸옥틸살리실레이트, 에칠헥실트리아존, 디에칠아미노하이드록시벤조일헥실벤조에이트, 프로판다이올, 나이아신아마이드, 비스-에칠헥실옥시페놀메톡시페닐트리아진, 테레프탈릴리덴디캠퍼설포닉애씨드, 1,2-헥산다이올, 폴리C10-30알킬아크릴레이트, 글리세린, 트로메타민, 판테놀, 브이피/헥사데센코폴리머, 소듐폴리아크릴로일다이메틸타우레이트, 폴리글리세릴-3다이스테아레이트, 소듐아크릴레이트/소듐아크릴로일다이메틸타우레이트코폴리머, 하이드로제네이티드폴리(C6-14올레핀), 병풀추출물, 베타인, 하이드록시프로필메틸셀룰로오스스테아록시에터, 암모늄폴리아크릴로일다이메틸타우레이트, 에틸헥실글리세린, 아데노신, 글리세릴스테아레이트시트레이트, 다시마추출물, 당느릅나무뿌리추출물, 알로에베라잎추출물, 제비꽃꽃추출물, 참마뿌리추출물, 라우릴글루코사이드, 부틸렌글라이콜, t-부틸알코올, 카프릴릭/카프릭트라이글리세라이드, 하이드로제네이티드레시틴, 마카다미아씨오일, 하이드록시스테아릭애씨드, 세라마이드엔피, 락토바실러스발효물, 마데카식애씨드, 아시아티코사이드, 폴리글리세릴-10미리스테이트, 피토스핑고신, 아시아틱애씨드, 수크로오스다이스테아레이트, 라우릭애씨드, 피토스테롤"
"A000000216232","[파데프리 광채]더하르나이 유브이아웃 톤업 선크림 50ml 1+1 기획","더하르나이","50.0","100.0","ml","28000","23800","2380.0","정제수, 에칠헥실메톡시신나메이트, C12-15알킬벤조에이트, 부틸렌글라이콜, 징크옥사이드, 에칠헥실살리실레이트, 카프릴릭/카프릭트라이글리세라이드, 티타늄디옥사이드, 메틸메타크릴레이트크로스폴리머, 아이소아밀라우레이트, 세틸피이지/피피지-10/1다이메티콘, 하이드록시프로필구아, 디에칠아미노하이드록시벤조일헥실벤조에이트, 나이아신아마이드, 1,2-헥산다이올, 비즈왁스, 아이소도데케인, 사이클로펜타실록세인, 옥토크릴렌, 트라이베헤닌, 소듐클로라이드, 솔비탄올리베이트, 사이클로헥사실록세인, 다이메티콘, 폴리하이드록시스테아릭애씨드, 칼라민, 알루미늄스테아레이트, 하이드로젠다이메티콘, 시어버터, 레몬껍질오일, 스테아릭애씨드, 알루미늄하이드록사이드, 트라이에톡시카프릴릴실레인, 세테아릴알코올, 다이스테아다이모늄헥토라이트, 글리세릴카프릴레이트, 다이메티콘/비닐다이메티콘크로스폴리머, 아데노신, 알란토인, 소듐시트레이트, 알로에베라잎추출물, 약모밀추출물, 드럼스틱씨추출물, 티트리추출물, 병풀잎수, 갈대추출물, 복령추출물, 시트릭애씨드, 소듐벤조에이트, 시트랄, 리모넨"
"A000000216855","[화잘먹/광노화] 베라모어 브라이트닝 광채 선세럼 50ml","베라모어","50.0","50.0","ml","30000","21000","4200.0","정제수,프로판다이올,다이부틸아디페이트, 부틸렌글라이콜, 에칠헥실살리실레이트, 에칠헥실트리아존, 디에칠아미노하이드록시벤조일헥실벤조에이트, 비스-에칠헥실옥시페놀메톡시페닐트리아진, 실리카, 판테놀, C18-21알케인, 메칠렌비스-벤조트리아졸릴테트라메칠부틸페놀, 네오펜틸글라이콜다이헵타노에이트, 나이아신아마이드, 다이카프릴릴카보네이트, 폴리글리세릴-3메틸글루코오스다이스테아레이트, 쇠비름추출물, 데실글루코사이드, 솔비탄스테아레이트, 폴리우레탄-15, 아크릴레이트/C10-30알킬아크릴레이트크로스폴리머, 카프릴릴글라이콜, 펜타에리스리틸테트라-다이-t-부틸하이드록시하이드로신나메이트, 트로메타민, 아스퍼질러스발효물, 폴리아크릴레이트크로스폴리머-6, 수수잎/줄기추출물, 글리세릴카프릴레이트, 향료, 잔탄검, 에틸헥실글리세린, 1,2-헥산다이올, 글리세린, 하이알루로닉애씨드, 하이드롤라이즈드하이알루로닉애씨드, 소듐하이알루로네이트, 다이소듐이디티에이,폴리글리세릴-10라우레이트, 토코페롤, 하이드로제네이티드포스파티딜콜린, 소듐다이라우미도글루타미드라이신, 비타민나무수, 흰목이버섯추출물, 베타-글루칸, 흰목이버섯폴리사카라이드"
"A000000217868","[파데프리/모공결커버] 리얼베리어 피치 핏 톤업 선크림 50ml","리얼베리어","50.0","50.0","ml","29000","20500","4100.0","정제수, 징크옥사이드, 사이클로헥사실록세인, 부틸옥틸살리실레이트, 프로판다이올, 폴리글리세릴-3폴리다이메틸실록시에틸다이메티콘, C12-15알킬벤조에이트, 다이카프릴릴에터, 프로필헵틸카프릴레이트, 티타늄디옥사이드, 나이아신아마이드, 카프릴릴메티콘, 폴리프로필실세스퀴옥세인, 다이스테아다이모늄헥토라이트, 메틸메타크릴레이트크로스폴리머, 실리카, 에난티아 클로란타껍질추출물, 버지니아풍년화추출물, 아르간커넬오일, 하이드로제네이티드레시틴, 라우릴폴리글리세릴-3폴리다이메틸실록시에틸다이메티콘, 트라이에톡시카프릴릴실레인, 마그네슘설페이트, 1,2-헥산다이올, 폴리글리세릴-2다이폴리하이드록시스테아레이트, 폴리메틸실세스퀴옥세인, 다이메티콘/비닐다이메티콘크로스폴리머, 글리세릴카프릴레이트, 카프릴릴글라이콜, 알루미늄하이드록사이드, 글리세린, 에틸헥실글리세린, 다이메티콘, 스쿠알란, 아데노신, 하이드로제네이티드폴리아이소부텐, 폴리메틸메타크릴레이트, 아이소노닐아이소노나노에이트, 폴리글리세릴-10스테아레이트, 세테아릴알코올, 스테아릭애씨드, 시어버터, 토코페롤, 이눌린라우릴카바메이트, 다이소듐스테아로일글루타메이트, 글루코노락톤, 마데카소사이드, 미리스토일/팔미토일옥소스테아라마이드/아라카마이드엠이에이, 세라마이드엔피, 시트릭애씨드, 카프릴로일살리실릭애씨드, 칼라민, 부틸렌글라이콜, 글리세릴글루코사이드, 글루코오스, 프로테아제, 올레아놀릭애씨드, 살리실릭애씨드, 황색산화철, 적색산화철"
"A000000217926","[생기톤업] 메디큐브 PDRN 핑크 톤업 선크림 50ml","메디큐브","50.0","50.0","ml","24000","15900","3180.0","정제수, 아이소노닐아이소노나노에이트, 다이프로필렌글라이콜, 카프릴릭/카프릭트라이글리세라이드, 티타늄디옥사이드, 다이부틸아디페이트, 다이아이소프로필세바케이트, 에칠헥실트리아존, 메틸트라이메티콘, 나이아신아마이드, 비스-에칠헥실옥시페놀메톡시페닐트리아진, 메칠렌비스-벤조트리아졸릴테트라메칠부틸페놀, 솔비탄아이소스테아레이트, 베헤닐알코올, 디에칠아미노하이드록시벤조일헥실벤조에이트, 폴리메틸실세스퀴옥세인, 포타슘세틸포스페이트, C13-15알케인, 1,2-헥산다이올, 카프릴릴글라이콜, 글리세린, 실리카, 데실글루코사이드, 암모늄폴리아크릴로일다이메틸타우레이트, 폴리아크릴레이트-13, 폴리하이드록시스테아릭애씨드, 아크릴레이트/C10-30알킬아크릴레이트크로스폴리머, 향료, 소듐폴리아크릴레이트, 트로메타민, 알루미나, 스테아릭애씨드, 하이드로제네이티드폴리아이소부텐, 다이메티콘/비닐다이메티콘크로스폴리머, 에틸헥실글리세린, 하이드록시프로필메틸셀룰로오스스테아록시에터, 아데노신, 다이소듐이디티에이, 폴리글리세릴-10라우레이트, 알루미늄하이드록사이드, 사이아노코발아민, 에틸헥실팔미테이트, 트라이에톡시카프릴릴실레인, 잔탄검, t-부틸알코올, 글리세릴아크릴레이트/아크릴릭애씨드코폴리머, 소듐하이알루로네이트, 콜라겐추출물, 하이드롤라이즈드하이알루로닉애씨드, 하이드롤라이즈드소듐하이알루로네이트, 하이드록시프로필트라이모늄하이알루로네이트, 소듐아세틸레이티드하이알루로네이트, 소듐하이알루로네이트크로스폴리머, 글루타티온, 하이알루로닉애씨드, 펜틸렌글라이콜, 포타슘하이알루로네이트, 소듐디엔에이(0.05 ppb)"
"A000000217998","[탄력광채] 구달 어성초 진정 히알루론 선세럼 50ml + 20ml 기획세트","구달","50.0","70.0","ml","26000","19500","2785.7","정제수, 다이프로필렌글라이콜, 부틸렌글라이콜, 부틸옥틸살리실레이트, 다이부틸아디페이트, 에칠헥실트리아존, 하이드로제네이티드폴리데센, 비스-에칠헥실옥시페놀메톡시페닐트리아진 , 옥토크릴렌, 나이아신아마이드, 테레프탈릴리덴디캠퍼설포닉애씨드, 비닐다이메티콘, 폴리글리세릴-3다이스테아레이트, 트로메타민, 1,2-헥산다이올, 어성초추출물(=약모밀추출물, 200ppm), 하이드롤라이즈드하이알루로닉애씨드(0.0450015ppm), 하이알루로닉애씨드(0.030001ppm), 소듐하이알루로네이트(0.030001ppm), 로즈마리잎오일, 아틀라스시다나무껍질오일, 올리브오일 , 불가리스쑥오일, 클레리오일, 흰목이버섯추출물, 수용성콜라겐, 두송열매오일, 녹차추출물, 폴스애플민트잎추출물, 타임잎추출물, 갈바눔수지오일, 하이드롤라이즈드콜라겐, 콜라겐추출물 , 펜틸렌글라이콜, 카프릴릭/카프릭/석시닉트라이글리세라이드, 카프릴릴메티콘, 글리세릴스테아레이트, 폴리메틸실세스퀴옥세인, 하이드록시아세토페논, 폴리아크릴릭애씨드, 데하이드로잔탄검, 글리세릴스테아레이트시트레이트, 아데노신, 젤란검, 아가, 바이오사카라이드검-1, 글리세린, 소듐파이테이트, 에틸헥실글리세린, 사이아노코발아민, 다이메틸실란올하이알루로네이트(0.0450015ppm), 하이드롤라이즈드소듐하이알루로네이트(0.0450015ppm), 포타슘하이알루로네이트(0.030001ppm), 하이드록시프로필트라이모늄하이알루로네이트(0.0240008ppm), 소듐하이알루로네이트크로스폴리머(0.0240008ppm), 소듐하이알루로네이트다이메틸실란올(0.0150005ppm), 소듐아세틸레이티드하이알루로네이트(0.0120004ppm), 프로판다이올, 다이포타슘포스페이트, 아세틸글루타민, 하이드롤라이즈드익스텐신, 소듐클로라이드, 마그네슘클로라이드, 테트라데실아미노부티로일발릴아미노부티릭우레아트라이플루오로아세테이트, 셀룰로오스검, 소듐바이카보네이트, 칼슘클로라이드, 포타슘클로라이드, 카보머, 잔탄검"
"A000000218008","[붉은기커버] 구달 어성초 진정 그린 톤업 선크림 50ml 1+1 기획","구달","50.0","100.0","ml","22000","18900","1890.0","정제수, 부틸옥틸살리실레이트, 티타늄디옥사이드 (CI 77891), 다이부틸아디페이트, 아이소노닐아이소노나노에이트, 부틸렌글라이콜, 다이카프릴릴카보네이트, 글리세린, C12-15알킬벤조에이트, 디에칠아미노하이드록시벤조일헥실벤조에이트, 다이아이소프로필세바케이트, 나이아신아마이드, 펜틸렌글라이콜, 폴리메틸실세스퀴옥세인, 1,2-헥산다이올, 아틀라스시다나무껍질오일, 로즈마리잎오일, 올리브오일, 불가리스쑥오일, 클레리오일, 녹차가루, 사과추출물, 어성초추출물(=약모밀추출물, 2 ppm), 두송열매오일, 갈바눔수지오일, 클로렐라 불가리스추출물, 카카두플럼추출물, 녹두추출물, 하이드롤라이즈드하이알루로닉애씨드, 바실러스발효물, 하이알루로닉애씨드, 소듐하이알루로네이트, 에칠헥실트리아존, 폴리글리세릴-6스테아레이트, 알루미늄하이드록사이드, 메칠렌비스-벤조트리아졸릴테트라메칠부틸페놀, 폴리C10-30알킬아크릴레이트, 스테아릭애씨드, 폴리하이드록시스테아릭애씨드, 하이드록시프로필메틸셀룰로오스스테아록시에터, 암모늄아크릴로일다이메틸타우레이트/브이피코폴리머, 옥틸도데칸올, 하이드록시에틸아크릴레이트/소듐아크릴로일다이메틸타우레이트코폴리머, 아이소도데케인, 폴리글리세릴-2다이폴리하이드록시스테아레이트, 폴리글리세릴-6베헤네이트, 데실글루코사이드 , 에틸헥실글리세린, 폴리글리세릴-4아이소스테아레이트, 아데노신, 트라이소듐에틸렌다이아민다이석시네이트, 아이소프로필티타늄트라이아이소스테아레이트, 시트릭애씨드, 소듐시트레이트, 트라이에톡시카프릴릴실레인, 토코페롤, 글루타티온, 네오펜틸글라이콜다이에틸헥사노에이트, 다이포타슘포스페이트, 아세틸글루타민, 프로판다이올, 소듐클로라이드, 다이메틸실란올하이알루로네이트, 하이드롤라이즈드소듐하이알루로네이트, 포타슘하이알루로네이트, 하이드록시프로필트라이모늄하이알루로네이트, 소듐하이알루로네이트크로스폴리머, 셀룰로오스검, 소듐하이알루로네이트다이메틸실란올, 소듐아세틸레이티드하이알루로네이트, 소듐바이카보네이트, 칼슘클로라이드, 포타슘클로라이드, 세테아릴알코올, 잔탄검, 크로뮴옥사이드그린 (CI 77288), 울트라마린 (CI 77007), 황색산화철 (CI 77492)"
"A000000218297","[메이크업착붙] 라운드랩 동백 딥 콜라겐 탄력 선세럼 50ml (+7ml)","라운드랩","50.0","57.0","ml","28000","17920","3143.9","정제수, 프로판다이올, 부틸렌글라이콜, 에칠헥실트리아존, 테레프탈릴리덴디캠퍼설포닉애씨드, 다이부틸아디페이트, 다이아이소프로필아디페이트, 하이드로제네이티드폴리아이소부텐, C12-15알킬벤조에이트, 나이아신아마이드, 트로메타민, C11-13아이소알케인, 디에칠아미노하이드록시벤조일헥실벤조에이트, 메틸트라이메티콘, 폴리메틸실세스퀴옥세인, 폴리실리콘-15, 실리카, 펜틸렌글라이콜, 하이드록시에틸우레아, 세테아릴올리베이트, C13-16아이소알케인, 비스-에칠헥실옥시페놀메톡시페닐트리아진, 폴리C10-30알킬아크릴레이트, 솔비탄올리베이트, 베헤닐알코올, 하이드록시아세토페논, 다이메티콘/비닐다이메티콘크로스폴리머, 소듐폴리아크릴로일다이메틸타우레이트, 다이메티콘올, 알지닌, 데하이드로잔탄검, 글리세릴스테아레이트, 소듐하이알루로네이트, 소듐스테아로일글루타메이트, 메틸프로판다이올, 폴리에터-1, 폴리아크릴레이트크로스폴리머-6, 아데노신, 사이아노코발아민, 카프릴릭/카프릭트라이글리세라이드, 다이메틸아이소소바이드, 옥타데케인, 락틱애씨드/글라이콜릭애씨드코폴리머, 동백나무꽃추출물(0.101ppm), 하이드록시피나콜론레티노에이트, 글리세린, 하이드롤라이즈드콜라겐(0.02ppm), 이노시톨, 수용성콜라겐(0.01ppm), 카프릴릴글라이콜, 에틸헥실글리세린, 쿼세틴, 1,2-헥산다이올, 카보머, 잔탄검"
"A000000218308","[메이크업UV] 알리 크로노 뷰티 컬러 튜닝 UV 선크림 3종","알리","","","","","25000","","정제수, 에탄올, 다이아이소프로필세바케이트, 티타늄디옥사이드, 트라이에틸헥사노인, 징크옥사이드, 다이메티콘, 글리세린, 에칠헥실트리아존, 부틸렌글라이콜, 폴리실리콘-15, 베헤닐알코올, 비스-에칠헥실옥시페놀메톡시페닐트리아진, 하이드레이티드실리카, 디에칠아미노하이드록시벤조일헥실벤조에이트, 하이드로제네이티드레시틴, 탤크, 소듐아크릴레이트/소듐아크릴로일다이메틸타우레이트코폴리머, 트라이에톡시카프릴릴실레인, 아이소헥사데칸, 아크릴레이트/폴리트라이메틸실록시메타크릴레이트코폴리머, 폴리솔베이트80, 잔탄검, 알루미늄하이드록사이드, 아이소프로필티타늄트라이아이소스테아레이트, 향료, 다이소듐이디티에이, 소듐라우로일아스파테이트, 라우로일라이신, 징크클로라이드, 소듐하이알루로네이트, 적색226호, 울트라마린, 리날룰"
"A000000218313","[메이크업UV] 알리 크로노 뷰티 컬러 온 UV 치크 선크림 3종 (핑크/오렌지/하이라이터)","알리","","","","","21000","","정제수, 에탄올, 징크옥사이드, 다이아이소프로필세바케이트, C12-15알킬벤조에이트, 드로메트리졸트리실록산, 에칠헥실트리아존, 글리세린, 베헤닐알코올, 네오펜틸글라이콜다이카프레이트, 디에칠아미노하이드록시벤조일헥실벤조에이트, 하이드로제네이티드레시틴, 다이메티콘, 소듐아크릴레이트/소듐아크릴로일다이메틸타우레이트코폴리머, 마이카, 비스-에칠헥실옥시페놀메톡시페닐트리아진, 탤크, 부틸렌글라이콜, 아이소헥사데칸, 아크릴레이트/폴리트라이메틸실록시메타크릴레이트코폴리머, 트라이에톡시카프릴릴실레인, 실리카, 폴리솔베이트80, 잔탄검, 알루미늄하이드록사이드, 아이소프로필티타늄트라이아이소스테아레이트, 향료, 하이드레이티드실리카, 소듐라우로일아스파테이트, 다이소듐이디티에이, 징크클로라이드, 소듐하이알루로네이트, 적색226호, 적색산화철, 황색산화철, 티타늄디옥사이드, 리모넨, 리날룰, 헥실신남알, 제라니올, 시트로넬올"
"A000000218465","에스쁘아 워터스플래쉬 선크림 톤업 래스팅 50ml","에스쁘아","50.0","50.0","ml","22000","16500","3300.0","정제수,징크옥사이드,사이클로헥사실록세인,부틸옥틸살리실레이트,프로필헵틸카프릴레이트,다이카프릴릴카보네이트,카프
릴릴메티콘,프로판다이올,폴리글리세릴-3폴리다이메틸실록시에틸다이메티콘,글리세린,나이아신아마이드,다이실록세인,아
이소도데케인,티타늄디옥사이드,다이스테아다이모늄헥토라이트,카프릴릭/카프릭/석시닉트라이글리세라이드,귀리커넬추출
물,아티초크잎추출물,병풀추출물,블루아가베잎추출물,소듐하이알루로네이트,녹차수,하이드로제네이티드레시틴,티트리잎수,
트라이에톡시카프릴릴실레인,마그네슘설페이트,폴리글리세릴-2다이폴리하이드록시스테아레이트,라우릴폴리글리세릴-3폴
리다이메틸실록시에틸다이메티콘,1,2-헥산다이올,메틸메타크릴레이트크로스폴리머,다이메티콘/비닐다이메티콘크로스폴리
머,다이메티콘올,트라이실록세인,메틸프로판다이올,글리세릴카프릴레이트,카프릴릴글라이콜,알루미늄하이드록사이드,에틸
헥실글리세린,아데노신,폴리쿼터늄-51,베타-글루칸,토코페롤,알란토인,부틸렌글라이콜,울트라마린"
"A000000218679","[리뉴얼/파데프리] 듀이트리 어반쉐이드 커버 앤 핏 선 40ml","듀이트리","40.0","40.0","ml","24000","13200","3300.0","정제수, 티타늄디옥사이드, 페닐트라이메티콘, 부틸렌글라이콜, 부틸옥틸살리실레이트, 사이클로펜타실록세인, 글리세린, 아이소도데케인, 폴리글리세릴-4다이아이소스테아레이트/폴리하이드록시스테아레이트/세바케이트, 부틸렌글라이콜다이카프릴레이트/다이카프레이트, 나이아신아마이드, 다이메티콘, 폴리메틸메타크릴레이트, 폴리글리세릴-3폴리리시놀리에이트, 폴리메틸실세스퀴옥세인, 소듐클로라이드, 황색산화철, 다이스테아다이모늄헥토라이트, 트라이메틸실록시실리케이트, 다이메티콘/비닐다이메티콘크로스폴리머, 솔비탄아이소스테아레이트, 알루미늄하이드록사이드, 솔비탄세스퀴올리에이트, 합성비즈왁스, 마이카, 프로판다이올, 쇠비름추출물, 스테아릭애씨드, 판테놀, 다이실록세인, 트라이에톡시카프릴릴실레인, 소듐벤조에이트, 적색산화철, 트라이메틸실록시실리케이트/다이메티콘올크로스폴리머, 프로필렌카보네이트, 포타슘솔베이트, 실리카, 자작나무수액, 폴리하이드록시스테아릭애씨드, 불가리스쑥오일, 다이소듐이디티에이, 흑색산화철, 아데노신, 다이소듐스테아로일글루타메이트, 에틸헥실팔미테이트, 아이소프로필미리스테이트, 아이소스테아릭애씨드, 레시틴, 하이알루로닉애씨드, 하이드롤라이즈드하이알루로닉애씨드, 소듐하이알루로네이트, 1,2-헥산다이올, 바오밥나무씨추출물, 쇠뜨기추출물, 올리브나무잎추출물, 크랜베리추출물, 프룩탄, 회화나무꽃추출물"
"A000000218862","[붉은기커버] 달바 그린 톤업 선크림 듀오 기획 (50ml+50ml)","달바","50.0","100.0","ml","","51000","5100.0","정제수,다이부틸아디페이트,다이카프릴릴카보네이트,프로판다이올,부틸옥틸살리실레이트,티타늄디옥사이드,2,3-부탄다이올,디에칠아미노하이드록시벤조일헥실벤조에이트,폴리실리콘-15,나이아신아마이드,에칠헥실트리아존,1,2-헥산다이올,펜틸렌글라이콜,병풀추출물,흰서양송로추출물,별꽃추출물,뽕나무뿌리추출물,베르가모트오일,호호바씨오일,티트리잎수,분비나무오일,라반딘오일,라임전초오일,멕시칸주니퍼오일,센티드제라늄꽃오일,광곽향오일,리씨열매오일,스피어민트잎오일,하이드로제네이티드레시틴,소듐하이알루로네이트,코코-카프릴레이트/카프레이트,브이피/에이코신코폴리머,메틸프로판다이올,폴리글리세릴-2카프레이트,글리세린,수크로오스스테아레이트,암모늄아크릴로일다이메틸타우레이트/브이피코폴리머,폴리아크릴레이트크로스폴리머-6,알루미나,하이드록시프로필메틸셀룰로오스스테아록시에터,스테아릭애씨드,에틸헥실글리세린,폴리하이드록시스테아릭애씨드,이눌린라우릴카바메이트,글리세릴카프릴레이트,잔탄검,아데노신,트라이에톡시카프릴릴실레인,스쿠알란,폴리에터-1,프로필헵틸카프릴레이트,토코페롤,부틸렌글라이콜,판테놀,바이오사카라이드검-1,락토바실러스발효물,다이메틸실란올하이알루로네이트,하이드롤라이즈드소듐하이알루로네이트,하이드롤라이즈드하이알루로닉애씨드,포타슘하이알루로네이트,하이알루로닉애씨드,소듐하이알루로네이트크로스폴리머,하이드록시프로필트라이모늄하이알루로네이트,소듐하이알루로네이트다이메틸실란올,소듐아세틸레이티드하이알루로네이트,마데카소사이드,아시아티코사이드,아시아틱애씨드,카프릴릭/카프릭트라이글리세라이드,수크로오스다이스테아레이트,하이드록시프로필사이클로덱스트린,레틴알,크로뮴옥사이드그린,리모넨,리날룰,시트랄"
"A000000219111","믹순 콩 선세럼 50ml","믹순","50.0","50.0","ml","26000","22100","4420.0","정제수, 나이아신아마이드, 부틸옥틸살리실레이트, 프로판다이올, 에칠헥실트리아존, 카프릴릴메티콘, 글리세린, 드로메트리졸트리실록산, 폴리글리세릴-3 다이스테아레이트, 다이부틸아디페이트, 다이아이소프로필세바케이트, 테레프탈릴리덴디캠퍼설포닉애씨드, 디에칠아미노하이드록시벤조일헥실벤조에이트, 트로메타민, 1,2-헥산다이올, 펜틸렌글라이콜, 참나무뿌리추출물, 락토바실러스/석류발효추출물, 락토바실러스/콩발효추출물(0.025ppm), 코코넛야자오일, 소듐하이알루로네이트, 메틸메타크릴레이트크로스폴리머, 비스-에칠헥실옥시페놀메톡시페닐트리아진, 세테아릴알코올, 글리세릴스테아레이트, 실리카, 포타슘세틸포스페이트, 소듐폴리아크릴로일다이메틸타우레이트, 브이피/에이코신코폴리머, 카보머, 글리세릴스테아레이트시트레이트, 암모늄아크릴로일다이메틸타우레이트/브이피코폴리머, 펜타에리스리틸테트라-다이-t-부틸하이드록시하이드로신나메이트, 에틸헥실글리세린, 아크릴레이트/C10-30 알킬아크릴레이트크로스폴리머, 이눌린라우릴카바메이트, 아데노신, 잔탄검, 토코페롤, 락토바실러스/배즙발효여과물, 효모/보리씨발효여과물, 수베르참나무껍질추출물"
"A000000219265","[화잘먹선세럼] 코스노리 에어리 선세럼 50ml","코스노리","50.0","50.0","ml","28000","16800","3360.0","정제수,징크옥사이드,사이클로헥사실록세인,다이아이소프로필세바케이트,다이실록세인,부틸옥틸살리실레이트,카프릴릴메티콘,글리세린,다이부틸아디페이트,다이에틸헥실2,6-나프탈레이트,메틸트라이메티콘,트라이메틸실록시실리케이트,나이아신아마이드,메틸메타크릴레이트크로스폴리머,실리카,카프릴릭/카프릭트라이글리세라이드,디에칠아미노하이드록시벤조일헥실벤조에이트,비스-에틸헥실옥시페놀메톡시페닐트라이아진,에칠헥실트리아존,트레할로오스,폴리메틸실세스퀴옥세인,풍선덩굴꽃/잎/덩굴추출물,물푸레나무추출물,바질꽃/잎/줄기추출물,병풀추출물,베르가모트오일,에키움 플란타기네움씨오일,하이드로제네이티드레시틴,소듐하이알루로네이트,티타늄디옥사이드,라우릴폴리글리세릴-3폴리다이메틸실록시에틸다이메티콘,트라이에톡시카프릴릴실레인,1,2-헥산다이올,소듐클로라이드,폴리글리세릴-3폴리다이메틸실록시에틸다이메티콘,옥틸도데칸올,스테아랄코늄헥토라이트,폴리글리세릴-3다이아이소스테아레이트,폴리글리세릴-3폴리리시놀리에이트,글리세릴카프릴레이트,카프릴릴글라이콜,에틸헥실글리세린,아데노신,해바라기씨오일불검화물,토코페롤,메틸프로판다이올,리모넨,리날룰,시트랄"
"A000000219266","[보송톤업] 코스노리 에어리 톤업 선세럼 50ml","코스노리","50.0","50.0","ml","28000","16800","3360.0","정제수,징크옥사이드,C9-12알케인,다이실록세인,부틸옥틸살리실레이트,카프릴릴메티콘,다이아이소프로필세바케이트,티타늄디옥사이드,글리세린,다이부틸아디페이트,다이에틸헥실2,6-나프탈레이트,메틸트라이메티콘,부틸렌글라이콜다이카프릴레이트/다이카프레이트,카프릴릭/카프릭트라이글리세라이드,트라이메틸실록시실리케이트,나이아신아마이드,메틸메타크릴레이트크로스폴리머,실리카,폴리메틸실세스퀴옥세인,디에칠아미노하이드록시벤조일헥실벤조에이트,비스-에틸헥실옥시페놀메톡시페닐트라이아진,에칠헥실트리아존,트레할로오스,풍선덩굴꽃/잎/덩굴추출물,물푸레나무추출물,바질꽃/잎/줄기추출물,세룰라타벚나무꽃추출물,베르가모트오일,에키움플란타기네움씨오일,하이드로제네이티드레시틴,소듐하이알루로네이트,트라이에톡시카프릴릴실레인,라우릴폴리글리세릴-3폴리다이메틸실록시에틸다이메티콘,아이소노닐아이소노나노에이트,스테아랄코늄헥토라이트,1,2-헥산다이올,소듐클로라이드,폴리글리세릴-3폴리다이메틸실록시에틸다이메티콘,옥틸도데칸올,폴리글리세릴-3다이아이소스테아레이트,폴리글리세릴-3폴리리시놀리에이트,아이소도데케인,글리세릴카프릴레이트,카프릴릴글라이콜,에틸헥실글리세린,폴리하이드록시스테아릭애씨드,다이메티콘올,아데노신,해바라기씨오일불검화물,토코페롤,메틸프로판다이올,부틸렌글라이콜,리모넨,리날룰,시트랄"
"A000000219494","[톤업선크림/겉보속촉] 토리든 다이브인 퍼플 톤 업 선크림 60ml 증량 기획 (+20ml)","토리든","60.0","80.0","ml","","25000","3125.0","정제수, 부틸옥틸살리실레이트, 다이부틸아디페이트, 프로판다이올, 에칠헥실트리아존, 티타늄디옥사이드, 2,3-부탄다이올, 폴리메틸실세스퀴옥세인, 디에칠아미노하이드록시벤조일헥실벤조에이트, 나이아신아마이드, 드로메트리졸트리실록산, 메칠렌비스-벤조트리아졸릴테트라메칠부틸페놀, 메틸메타크릴레이트크로스폴리머, 실리카, 1,2-헥산다이올, 다이카프릴릴카보네이트, 아크릴레이트코폴리머, 카프릴릴메티콘, 펜틸렌글라이콜, 소듐하이알루로네이트, 하이알루로닉애씨드, 하이드롤라이즈드소듐하이알루로네이트, 하이드롤라이즈드하이알루로닉애씨드, 소듐아세틸레이티드하이알루로네이트, 소듐하이알루로네이트크로스폴리머, 포타슘하이알루로네이트, 다이메틸실란올하이알루로네이트, 하이드록시프로필트라이모늄하이알루로네이트, 소듐하이알루로네이트다이메틸실란올, 판테놀, 알란토인, 아데노신, 글루타티온, 글리세린, 소듐스테아로일글루타메이트, 트라이에톡시카프릴릴실레인, 소듐폴리아크릴로일다이메틸타우레이트, 소듐폴리아크릴레이트, 코코-카프릴레이트/카프레이트, 폴리C10-30알킬아크릴레이트, 폴리아크릴레이트크로스폴리머-6, 폴리하이드록시스테아릭애씨드, 브이피/에이코신코폴리머, 데실글루코사이드, 알루미늄하이드록사이드, 하이드록시프로필메틸셀룰로오스스테아록시에터, 폴리에터-1, 부틸렌글라이콜, 카올린, 잔탄검, 울트라마린, 토코페롤, 에틸헥실글리세린, 스핑고모나스발효추출물"
"A000000219675","NCT 재민PICK 이즈앤트리 히알루론산 프레쉬 선 세럼 50ml","이즈앤트리","50.0","50.0","ml","","22000","4400.0","'정제수, 다이부틸아디페이트, 프로판다이올, 부틸옥틸살리실레이트, 에칠헥실트리아존, 나이아신아마이드, 드로메트리졸트리실록산, 폴리글리세릴-3다이스테아레이트, 테레프탈릴리덴디캠퍼설포닉애씨드, 폴리메틸실세스퀴옥세인, 디에칠아미노하이드록시벤조일헥실벤조에이트, 트로메타민, 판테놀, 1,2-헥산다이올, 펜틸렌글라이콜, 글리세릴스테아레이트, 실리카, 카프릴릴메티콘, 비스-에칠헥실옥시페놀메톡시페닐트리아진, 포타슘세틸포스페이트, 락토바실러스발효물, 폴리C10-30알킬아크릴레이트, 메틸프로판다이올, 카보머, 아크릴레이트/C10-30알킬아크릴레이트크로스폴리머, 에틸헥실글리세린, 하이드롤라이즈드소듐하이알루로네이트, 잔탄검, 아데노신, 폴리에터-1, 소듐하이알루로네이트, 바이오사카라이드검-1, 스쿠알란, 알란토인, 에리스리톨, 토코페롤, 엑토인, 하이드록시프로필트라이모늄하이알루로네이트, 징크하이드롤라이즈드하이알루로네이트, 글리세린, 부틸렌글라이콜, 약모밀추출물, 시트릭애씨드, 소듐아세틸레이티드하이알루로네이트, 하이드롤라이즈드하이알루로닉애씨드, 하이드로제네이티드레시틴, 하이알루로닉애씨드, 폴리글리세릴-10스테아레이트, 병풀추출물, 소듐하이알루로네이트크로스폴리머, 소듐아스코빌포스페이트, 토코페릴아세테이트, 코코넛야자수, 포타슘하이알루로네이트, 레티닐팔미테이트, 바이오틴, 티아민에이치씨엘, 폴릭애씨드, 피리독신, 사이아노코발아민
*총 히알루론산 함량 : 517 ppm"
"A000000221747","비욘드 엔젤아쿠아 올케어 수분 선크림 더블기획 (50ml+50ml)","비욘드","50.0","100.0","ml","18000","15300","1530.0","정제수, 에칠헥실메톡시신나메이트, 프로판다이올, 디에칠아미노하이드록시벤조일헥실벤조에이트, 에칠헥실살리실레이트, 다이메티콘, C12-15알킬벤조에이트, 글리세린, 나이아신아마이드, 페닐벤즈이미다졸설포닉애씨드, 티타늄디옥사이드, 1,2-헥산다이올, 포타슘세틸포스페이트, 트로메타민, 비스-에칠헥실옥시페놀메톡시페닐트리아진, 판테놀, 폴리글리세릴-3메틸글루코오스다이스테아레이트, 팔미틱애씨드, 알루미늄스테아레이트, 폴리아크릴레이트크로스폴리머-6, 폴리우레탄-15, 스테아릭애씨드, 폴리하이드록시스테아릭애씨드, 잔탄검, 자몽껍질오일, 폴리실리콘-11, 알루미나, 부틸렌글라이콜, 라임전초오일, 베르가모트오일, 라벤더오일, 아데노신, 트라이소듐이디티에이, 캐모마일꽃오일, 카프릴릴글라이콜, 데실글루코사이드, 전호추출물, 마데카소사이드, 포도덩굴수액, 하이드롤라이즈드소듐하이알루로네이트, 하이드롤라이즈드하이알루로닉애씨드, 하이드록시프로필트라이모늄하이알루로네이트, 개똥쑥추출물, 님잎추출물, 녹차추출물, 펜틸렌글라이콜, 가시대나무수액, 자작나무수액, 하늘타리뿌리추출물, 에틸헥실글리세린, 소듐하이알루로네이트, 소듐하이알루로네이트크로스폴리머, 수용성프로테오글리칸, 리모넨, 리날룰, 시트랄, 제라니올"
"A000000222060","[화잘먹 선세럼] 마몽드 플로라 글로우 로즈 틴티드 선세럼 35ml 기획 (+리퀴드 마스크 15ml)","마몽드","35.0","50.0","ml","25000","22500","4500.0","정제수, 티타늄디옥사이드, 메틸트라이메티콘, 부틸렌글라이콜, 에칠헥실살리실레이트, 부틸옥틸살리실레이트, 페닐트라이메티콘, 다이아이소프로필세바케이트, 다이페닐다이메티콘, 트라이메틸실록시실리케이트, 라우릴폴리글리세릴-3폴리다이메틸실록시에틸다이메티콘, 글리세린, 다이메티콘, 나이아신아마이드, 티타늄디옥사이드 (CI 77891), 폴리글리세릴-4다이아이소스테아레이트/폴리하이드록시스테아레이트/세바케이트, 1,2-헥산다이올, 변성알코올, 향료, 알루미나, 다이스테아다이모늄헥토라이트, 소듐클로라이드, 알루미늄하이드록사이드, 폴리메틸메타크릴레이트, 스테아릭애씨드, 폴리하이드록시스테아릭애씨드, 다이아이소스테아릴말레이트, 비닐다이메티콘/메티콘실세스퀴옥세인크로스폴리머, 카프릴릴글라이콜, 레시틴, 황색산화철, 프로판다이올, 시메티콘, 에틸헥실글리세린, 글리세릴카프릴레이트, 에틸헥실팔미테이트, 아이소스테아릭애씨드, 아이소프로필미리스테이트, 시트로넬올, 폴리글리세릴-3폴리리시놀리에이트, 아데노신, 트라이에톡시카프릴릴실레인, 적색산화철, 제라니올, 실리카, 자일리톨, 알지닌, 하이드롤라이즈드식물성단백질(100 ppm), 유제놀, 시트랄, 틴옥사이드, 다마스크장미꽃추출물(20 ppm), 소듐하이알루로네이트, 하이알루로닉애씨드, 토코페롤, 프로필렌글라이콜, 하이드롤라이즈드하이알루로닉애씨드, 소듐하이알루로네이트크로스폴리머, 소듐아세틸레이티드하이알루로네이트"
"A000000222347","[안티에이징] 아넷사 데이 세럼 N 30ml","아넷사","30.0","30.0","ml","","44000","14666.7","정제수, 다이메티콘, 징크옥사이드, 에칠헥실메톡시신나메이트, 티타늄디옥사이드, 트라이실록세인, 에탄올, 다이아이소프로필세바케이트, 다이페닐실록시페닐트라이메티콘, C12-15알킬벤조에이트, 부틸렌글라이콜, 글리세린, 트라넥사믹애씨드, 피이지-9폴리다이메틸실록시에틸다이메티콘, 실리카, 솔비탄세스퀴아이소스테아레이트, 트라이아이소스테아린, 피피지-17, 탤크, 하이드레이티드실리카, 비스-에칠헥실옥시페놀메톡시페닐트리아진, 피이지-10다이메티콘, 마이카, 스테아릭애씨드, 알루미늄하이드록사이드, 디에칠아미노하이드록시벤조일헥실벤조에이트, 다이스테아다이모늄헥토라이트, 에칠헥실트리아존, 아이소스테아릭애씨드, 향료, 트라이소듐이디티에이, 피토스테릴마카다미에이트, 비에이치티, 토코페롤, 적색산화철, 소듐메타바이설파이트, 소듐폴리아크릴레이트, 녹차추출물, 에우케우마세라/명주지누아리/사카리나앙구스타타/잎파래/미역추출물, 토멘틸뿌리추출물, 사카리나 앙구스타타/미역추출물, 하이드로젠다이메티콘, 소듐아세틸레이티드하이알루로네이트, 트라이메틸실록시실리케이트, 스위트체스트넛로즈열매추출물, 라즈베리추출물, 수용성콜라겐, 페녹시에탄올, 시트로넬올, 리모넨, 리날룰"
"A000000222724","[화잘먹/투명촉촉선] 닥터지 비타 클리어 선세럼 2종 (50ml/30ml+30ml)","닥터지","50.0","110.0","ml","","32000","2909.1","정제수, 나이아신아마이드(50,000ppm), 프로판다이올, 에칠헥실살리실레이트, 부틸렌글라이콜, 다이프로필렌글라이콜, 에칠헥실트리아존, 에탄올, 부틸옥틸살리실레이트, 다이부틸아디페이트, 옥토크릴렌, 디에칠아미노하이드록시벤조일헥실벤조에이트, 테레프탈릴리덴디캠퍼설포닉애씨드, 실리카, 비스-에칠헥실옥시페놀메톡시페닐트리아진, 1,2-헥산다이올, 펜틸렌글라이콜, 트로메타민, 토코페릴아세테이트(5,500ppm), 카프릴릴메티콘, 폴리메틸실세스퀴옥세인, 다이부틸에틸헥사노일글루타마이드, 다이부틸라우로일글루타마이드, C30-45알킬다이메틸실릴폴리프로필실세스퀴옥세인, 카보머, 하이드록시아세토페논, 향료, 데하이드로잔탄검, 폴리아크릴레이트크로스폴리머-6, 마이크로크리스탈린셀룰로오스, 아데노신, 스핑고모나스발효추출물, 비타민나무오일, 바이오사카라이드검-1, 소듐파이테이트, 셀룰로오스검, 에틸헥실글리세린, 아스코빌테트라이소팔미테이트(1ppm), 글리세린, 폴리글리세릴-10라우레이트, 글루타티온, 하이드로제네이티드레시틴"
"A000000222727","[1+1] 라운드랩 동백 딥 콜라겐 탄력 선세럼 50ml+50ml 세트 기획","라운드랩","50.0","100.0","ml","45000","33900","3390.0","정제수, 프로판다이올, 부틸렌글라이콜, 에칠헥실트리아존, 테레프탈릴리덴디캠퍼설포닉애씨드, 다이부틸아디페이트, 다이아이소프로필아디페이트, 하이드로제네이티드폴리아이소부텐, C12-15알킬벤조에이트, 나이아신아마이드, 트로메타민, C11-13아이소알케인, 디에칠아미노하이드록시벤조일헥실벤조에이트, 메틸트라이메티콘, 폴리메틸실세스퀴옥세인, 폴리실리콘-15, 실리카, 펜틸렌글라이콜, 하이드록시에틸우레아, 세테아릴올리베이트, C13-16아이소알케인, 비스-에칠헥실옥시페놀메톡시페닐트리아진, 폴리C10-30알킬아크릴레이트, 솔비탄올리베이트, 베헤닐알코올, 하이드록시아세토페논, 다이메티콘/비닐다이메티콘크로스폴리머, 소듐폴리아크릴로일다이메틸타우레이트, 다이메티콘올, 알지닌, 데하이드로잔탄검, 글리세릴스테아레이트, 소듐하이알루로네이트, 소듐스테아로일글루타메이트, 메틸프로판다이올, 폴리에터-1, 폴리아크릴레이트크로스폴리머-6, 아데노신, 사이아노코발아민, 카프릴릭/카프릭트라이글리세라이드, 다이메틸아이소소바이드, 옥타데케인, 락틱애씨드/글라이콜릭애씨드코폴리머, 동백나무꽃추출물(0.101ppm), 하이드록시피나콜론레티노에이트, 글리세린, 하이드롤라이즈드콜라겐(0.02ppm), 이노시톨, 수용성콜라겐(0.01ppm), 카프릴릴글라이콜, 에틸헥실글리세린, 쿼세틴, 1,2-헥산다이올, 카보머, 잔탄검"
"A000000223194","[리뉴얼/화잘먹선] 듀이트리 어반 쉐이드 수분 세럼 선 50ml","듀이트리","50.0","50.0","ml","","30000","6000.0","정제수, 다이부틸아디페이트, 프로판다이올, 다이아이소프로필세바케이트, 나이아신아마이드, 에칠헥실트리아존, 테레프탈릴리덴디캠퍼설포닉애씨드, 1,2-헥산다이올, 비스-에칠헥실옥시페놀메
톡시페닐트리아진, 폴리글리세릴-3다이스테아레이트, 트로메타민, 폴리메틸실세스퀴옥세인, 카프릴릴메티콘, 디에칠아미노하이드록시벤조일헥실벤조에이트, 세테아릴알코올, 판테놀, 솔비탄아
이소스테아레이트, 메틸메타크릴레이트크로스폴리머, 폴리C10-30알킬아크릴레이트, 소듐스테아로일글루타메이트, 다이프로필렌글라이콜, 소듐폴리아크릴로일다이메틸타우레이트, 아크릴레이
트/C10-30알킬아크릴레이트크로스폴리머, 실리카, 글리세릴스테아레이트시트레이트, 하이드록시프로필메틸셀룰로오스스테아록시에터, 에틸헥실글리세린, 아데노신, 다이포타슘글리시리제이
트, 토코페롤, 일랑일랑꽃오일, 자작나무수액, 글리세릴글루코사이드, 글리세린, 소듐구아이아줄렌설포네이트, 부틸렌글라이콜, 글루타티온, 다마스크장미꽃오일, 카프릴릭/카프릭트라이글리세라
이드, 하이드롤라이즈드익스텐신, 글루코오스, 하이드로제네이티드레시틴, 3-O-에틸아스코빅애씨드, 토마토추출물, 소듐하이알루로네이트, 카프릴릴글라이콜, 아세틸헥사펩타이드-8, 하이알루로
닉애씨드, 하이드롤라이즈드하이알루로닉애씨드, 하이드롤라이즈드소듐하이알루로네이트, 하이드록시프로필트라이모늄하이알루로네이트, 포타슘하이알루로네이트, 소듐하이알루로네이트크로
스폴리머, 펜틸렌글라이콜, 소듐아세틸레이티드하이알루로네이트"
"A000000223206","[단독기획] 파티온 노스카나인 UV 에이징 베리어 선세럼 40ml 기획(+10ml+수분선10ml)","파티온","40.0","60.0","ml","32000","19000","3166.7","정제수, 다이부틸아디페이트, 에칠헥실트리아존, 테레프탈릴리덴디캠퍼설포닉애씨드, 부틸렌글라이콜, 다이프로필렌글라이콜, 부틸옥틸살리실레이트, 다이아이소프로필세바케이트, 나이아신아마이드, 트로메타민, 폴리메틸실세스퀴옥세인, 폴리글리세릴-3다이스테아레이트, 디에칠아미노하이드록시벤조일헥실벤조에이트, 폴리실리콘-15, 비닐다이메티콘, 1,2-헥산다이올, 펜틸렌글라이콜, 메틸메타크릴레이트크로스폴리머, 폴리C10-30알킬아크릴레이트, 비스-에칠헥실옥시페놀메톡시페닐트리아진, 소듐아크릴레이트크로스폴리머-2, 카프릴릴메티콘, 글리세릴스테아레이트, 피토스테롤, 하이드록시아세토페논, 데하이드로잔탄검, 아라키딜알코올, 향료, 메틸프로판다이올, 글리세릴스테아레이트시트레이트, 폴리에터-1, 마이크로크리스탈린셀룰로오스, 스테아릭애씨드, 베헤닐알코올, 소듐스테아로일글루타메이트, 아데노신, 아라키딜글루코사이드, 하이드로제네이티드레시틴, 스핑고모나스발효추출물, 셀룰로오스검, 세테아릴알코올, 소듐파이테이트, 세라마이드엔피, 소듐하이알루로네이트크로스폴리머, 판테놀, 카프릴릴글라이콜, 하이드롤라이즈드콜라겐, 알란토인, 폴리글리세릴-10라우레이트, 소듐헤파린, 쑥잎추출물, 소듐하이알루로네이트, 글리세린, 코튼씨추출물, 글루코노락톤, 소듐벤조에이트, 칼슘글루코네이트"
"A000000223210","[단독기획] 파티온 노스카나인 트러블 컴포트 수분 선크림 40ml 2입(더블) 기획","파티온","40.0","80.0","ml","52000","26000","3250.0","정제수, 다이부틸아디페이트, 부틸렌글라이콜, 프로판다이올, 에칠헥실트리아존, 테레프탈릴리덴디캠퍼설포닉애씨드, 다이카프릴릴카보네이트, 하이드로제네이티드폴리아이소부텐, 나이아신아마이드, 폴리메틸실세스퀴옥세인, 트로메타민, 세테아릴올리베이트, 디에칠아미노하이드록시벤조일헥실벤조에이트, 폴리실리콘-15, 펜틸렌글라이콜, 폴리글리세릴-3다이스테아레이트, 포타슘세틸포스페이트, 솔비탄올리베이트, 1,2-헥산다이올, 비스-에칠헥실옥시페놀메톡시페닐트리아진, 글리세릴스테아레이트, 세테아릴알코올, 팔미틱애씨드, 스테아릭애씨드, 하이드록시아세토페논, 카보머, 메틸프로판다이올, 폴리에터-1, 폴리아크릴레이트크로스폴리머-6, 소듐폴리아크릴로일다이메틸타우레이트, 올리브오일, 글리세릴스테아레이트시트레이트, 아데노신, 불가리스쑥오일, 다이소듐이디티에이, 잔탄검, 판테놀, 로즈마리잎오일, 토코페롤, 두송열매오일, 갈바눔수지오일, 다이프로필렌글라이콜, 알란토인, 폴리글리세릴-10라우레이트, 소듐헤파린, 쑥잎추출물, 하이드롤라이즈드소듐하이알루로네이트, 글리세린, 코튼씨추출물, 글루코노락톤, 소듐벤조에이트, 칼슘글루코네이트"
"A000000223292","[NEW] 니베아 선 울트라 센서티브 선 로션 200ml","니베아","200.0","200.0","ml","","23800","1190.0","정제수,변성알코올,에칠헥실트리아존,부틸메톡시디벤조일메탄,비스-에칠헥실옥시페놀메톡시페닐트리아진,아이소프로필팔미테이트,C12-15알킬벤조에이트,다이부틸아디페이트 ,디에칠아미노하이드록시벤조일헥실벤조에이트,부틸렌글라이콜다이카프릴레이트/다이카프레이트,페닐벤즈이미다졸설포닉애씨드,하이드록시프로필스타치포스페이트,글리세린,글리세릴스테아레이트,마이크로크리스탈린셀룰로오스,하이드로제네이티드채종유,C18-38알킬하이드록시스테아로일스테아레이트,카나우바왁스,실리카다이메틸실릴레이트,세틸팔미테이트,잔탄검,소듐스테아로일글루타메이트,에틸헥실글리세린,카프릴릴글라이콜,트라이소듐이디티에이,셀룰로오스검,소듐하이드록사이드,토코페릴아세테이트,창과감초뿌리추출물,알로에베라잎즙가루,소듐클로라이드"
"A000000223802","[톤 맞춤 픽스 선크림] 쏘내추럴 올 데이 선 픽서 스킨 핏 베이지 SPF50+ PA++++ 50ml","쏘내추럴","50.0","50.0","ml","22000","15680","3136.0","정제수, 프로판다이올, 다이아이소프로필세바케이트, 티타늄디옥사이드 (CI 77891), 부틸옥틸살리실레이트, 아이소노닐아이소노나노에이트, 다이부틸아디페이트, 디에칠아미노하이드록시벤조일헥실벤조에이트, 메틸메타크릴레이트크로스폴리머, 나이아신아마이드, 폴리메틸실세스퀴옥세인, 폴리페닐실세스퀴옥세인, 에탄올, 작약꽃추출물, 타라열매추출물, 코토니추출물, 쌀추출물, 에칠헥실트리아존, 1,2-헥산다이올, 폴리하이드록시스테아릭애씨드, 폴리글리세릴-3메틸글루코오스다이스테아레이트, 알루미늄하이드록사이드, 메칠렌비스-벤조트리아졸릴테트라메칠부틸페놀, 부틸렌글라이콜, 폴리C10-30알킬아크릴레이트, 스테아릭애씨드, 암모늄폴리아크릴로일다이메틸타우레이트, 아이소도데케인, 옥틸도데칸올, 하이드록시아세토페논, 아크릴레이트/C10-30알킬아크릴레이트크로스폴리머, 폴리글리세릴-2다이폴리하이드록시스테아레이트, 포타슘세틸포스페이트, 트로메타민, 폴리글리세릴-4아이소스테아레이트, 데실글루코사이드, 하이드록시프로필메틸셀룰로오스스테아록시에터, 폴리아크릴레이트크로스폴리머-6, 아이소프로필티타늄트라이아이소스테아레이트, 아데노신, 글리세린, 베헤닐알코올, 다이소듐이디티에이, 잔탄검, 향료, 쿠마린, 알파-아이소메틸아이오논, 시트로넬올, 황색산화철 (CI 77492), 적색산화철 (CI 77491), 흑색산화철 (CI 77499)"
"A000000223805","[20ml 추가증정] SNP 선크림 2종 50ml+20ml(PDRN 선세럼/글루타치온 선크림)","SNP","20.0","90.0","ml","27000","20250","2250.0","정제수, 부틸옥틸살리실레이트, 프로판다이올, 다이아이소프로필세바케이트, 에칠헥실트리아존, 나이아신아마이드, 폴리메틸실세스퀴옥세인, 드로메트리졸트리실록산, 테레프탈릴리덴디캠퍼설포닉애씨드, 폴리글리세릴-3다이스테아레이트, 실리카, 디에칠아미노하이드록시벤조일헥실벤조에이트, 트로메타민, 1,2-헥산다이올, 글리세린, 펜틸렌글라이콜, 네오펜틸글라이콜다이헵타노에이트, 아이소도데케인, 소듐디엔에이(1 ppb), 글리세릴스테아레이트, 비스-에칠헥실옥시페놀메톡시페닐트리아진, 포타슘세틸포스페이트, 다이부틸아디페이트, 폴리C10-30알킬아크릴레이트, 메틸프로판다이올, 아크릴레이트/C10-30알킬아크릴레이트크로스폴리머, 카보머, 에틸헥실글리세린, 코코넛야자오일, 잔탄검, 이눌린라우릴카바메이트, 아데노신, 수베르참나무껍질추출물, 안젤리카추출물(100,000 ppb), 폴리에터-1, 참나무뿌리추출물, 토코페롤, 엑토인(1,000 ppb), 바이오사카라이드검-1, 부틸렌글라이콜, 카프릴릭/카프릭트라이글리세라이드, 하이드로제네이티드레시틴, 세테아릴알코올, 세라마이드엔피, 스테아릭애씨드, 콜레스테롤, 테트라아세틸피토스핑고신, 다이메틸실란올하이알루로네이트, 하이드롤라이즈드하이알루로닉애씨드, 하이드롤라이즈드소듐하이알루로네이트, 글라이코스핑고리피드, 병풀추출물, 소듐하이알루로네이트, 하이알루로닉애씨드, 세라마이드에이피, 포타슘하이알루로네이트, 소듐하이알루로네이트크로스폴리머, 하이드록시프로필트라이모늄하이알루로네이트, 소듐하이알루로네이트다이메틸실란올, 소듐아세틸레이티드하이알루로네이트, 다이소듐이디티에이"
"A000000223806","[파데프리]SNP 글루타치온 나이아신아마이드 UV 필터 토닝 선크림 50ml (+20ml)","SNP","50.0","70.0","ml","27000","20250","2892.9","정제수, 징크옥사이드, 프로필헵틸카프릴레이트, 프로판다이올, 부틸옥틸살리실레이트, 아이소도데케인, 티타늄디옥사이드, 트라이메틸실록시실리케이트, 다이실록세인, 카프릴릴메티콘, 폴리글리세릴-3폴리다이메틸실록시에틸다이메티콘, C12-15알킬벤조에이트, 나이아신아마이드(20,000,000 ppb), 메틸트라이메티콘, 라우릴폴리글리세릴-3폴리다이메틸실록시에틸다이메티콘, 트라이에톡시카프릴릴실레인, 다이스테아다이모늄헥토라이트, 마그네슘설페이트, 소듐포타슘알루미늄실리케이트, 아이소노닐아이소노나노에이트, 아이소프로필미리스테이트, 1,2-헥산다이올, 글리세린, 폴리글리세릴-2다이폴리하이드록시스테아레이트, 폴리메틸실세스퀴옥세인, 황색산화철, 폴리하이드록시스테아릭애씨드, 실리카, 에틸헥실글리세린, 카프릴릴글라이콜, 글리세릴카프릴레이트, 코코넛야자오일, 적색산화철, 메틸메타크릴레이트크로스폴리머, 아데노신, 네오펜틸글라이콜다이에틸헥사노에이트, 수베르참나무껍질추출물, 폴리쿼터늄-39, 안젤리카추출물(100,000 ppb), 흑색산화철, 참나무뿌리추출물, 토코페롤, 합성플루오르플로고파이트, 소듐벤조에이트, 스쿠알란, 말토덱스트린, 하이드롤라이즈드식물성단백질, 부틸렌글라이콜, 솔비톨, 잔탄검, 아스코빅애씨드, 금, 아세틸헥사펩타이드-8, 카퍼트라이펩타이드-1, 팔미토일테트라펩타이드-7, 팔미토일펜타펩타이드-4, 노나펩타이드-1, 아세틸테트라펩타이드-2, 아스코빅애씨드폴리펩타이드, 트라이펩타이드-1, 팔미토일트라이펩타이드-5, 팔미토일트라이펩타이드-1, 팔미토일헥사펩타이드-12, 헥사펩타이드-9, 글루타티온(0.09 ppb)"
"A000000223816","[핑크 톤업 픽스 선크림] 쏘내추럴 올 데이 선 픽서 톤 업 핑크 SPF50+ PA++++50ml","쏘내추럴","50.0","50.0","ml","","22000","4400.0","정제수, 티타늄디옥사이드 (CI 77891), 프로판다이올, 다이아이소프로필세바케이트, 부틸옥틸살리실레이트, 아이소노닐아이소노나노에이트, 에탄올, 다이부틸아디페이트, 디에칠아미노하이드록시벤조일헥실벤조에이트, 메틸메타크릴레이트크로스폴리머, 나이아신아마이드, 폴리메틸실세스퀴옥세인, 폴리페닐실세스퀴옥세인, 작약꽃추출물, 칼라민, 타라열매추출물, 코토니추출물, 에칠헥실트리아존, 1,2-헥산다이올, 폴리하이드록시스테아릭애씨드, 아이소도데케인, 옥틸도데칸올, 알루미늄하이드록사이드, 폴리글리세릴-3메틸글루코오스다이스테아레이트, 메칠렌비스-벤조트리아졸릴테트라메칠부틸페놀, 부틸렌글라이콜, 폴리C10-30알킬아크릴레이트, 스테아릭애씨드, 암모늄폴리아크릴로일다이메틸타우레이트, 하이드록시아세토페논, 폴리글리세릴-4아이소스테아레이트, 포타슘세틸포스페이트, 아이소프로필티타늄트라이아이소스테아레이트, 아크릴레이트/C10-30알킬아크릴레이트크로스폴리머, 폴리글리세릴-2다이폴리하이드록시스테아레이트, 데실글루코사이드, 트로메타민, 하이드록시프로필메틸셀룰로오스스테아록시에터, 폴리아크릴레이트크로스폴리머-6, 아데노신, 글리세린, 라우레스-7시트레이트, 레시틴, 에틸헥실팔미테이트, 아이소프로필미리스테이트, 아이소스테아릭애씨드, 시트릭애씨드, 폴리글리세릴-3폴리리시놀리에이트, 토코페롤, 하이드로제네이티드팜글리세라이즈시트레이트, 베헤닐알코올, 다이소듐이디티에이, 잔탄검, 향료, 쿠마린, 알파-아이소메틸아이오논, 시트로넬올, 황색산화철 (CI 77492), 적색산화철 (CI 77491)"
"A000000224036","[모공밀착 보정]더샘 유브이 퍼펙션 포어리스 톤업 선 크림 50ml 1+1 기획","더샘","50.0","100.0","ml","30000","21000","2100.0","정제수, 징크옥사이드, 카프릴릴메티콘, C9-12알케인, 부틸옥틸살리실레이트, 프로필헵틸카프릴레이트, 폴리메틸실세스퀴옥세인, 나이아신아마이드, 글리세린, 다이에틸헥실2,6-나프탈레이트, 라우릴폴리글리세릴-3폴리다이메틸실록시에틸다이메티콘, 다이메티콘/비닐다이메티콘크로스폴리머, 트라이메틸펜탄다이올/아디픽애씨드/글리세린크로스폴리머, 무화과추출물, 병풀추출물, 보리지추출물, 티트리잎추출물, 하이드로제네이티드레시틴, 티타늄디옥사이드, 다이스테아다이모늄헥토라이트, 폴리글리세릴-2다이폴리하이드록시스테아레이트, 트라이에톡시카프릴릴실레인, 다이메티콘올, 트라이실록세인, 마그네슘설페이트, 트라이메틸실록시실리케이트, 1,2-헥산다이올, 폴리하이드록시스테아릭애씨드, 코코-카프릴레이트/카프레이트, 글리세릴카프릴레이트, 덱스트린팔미테이트/에틸헥사노에이트, 카프릴릴글라이콜, 피이지-12다이메티콘/피피지-20크로스폴리머, 폴리글리세릴-3폴리다이메틸실록시에틸다이메티콘, 에틸헥실글리세린, 네오펜틸글라이콜다이에틸헥사노에이트, 아데노신, 알루미늄하이드록사이드, 메틸메타크릴레이트크로스폴리머, 토코페롤, 글루타티온, 3-O-에틸아스코빅애씨드, 칼라민, 부틸렌글라이콜, 글리세릴글루코사이드, 에탄올, 레시틴, 매스틱검, 세라마이드엔피, 향료, 황색산화철, 적색산화철"
"A000000224142","[밀착장벽SUN] 차앤박 애프터레이 배리어 리페어링 선 50ml 더블기획","차앤박","50.0","100.0","ml","30000","21380","2138.0","정제수, 프로판다이올, 세틸알코올, 다이프로필렌글라이콜, 에칠헥실살리실레이트, C12-15알킬벤조에이트, 부틸옥틸살리실레이트, 디에칠아미노하이드록시벤조일헥실벤조에이트, 글리세린, 페닐벤즈이미다졸설포닉애씨드, 티타늄디옥사이드, 1,2-헥산다이올, 다이메티콘, 트로메타민, 비스-에칠헥실옥시페놀메톡시페닐트리아진, 세틸포스페이트, 다이아이소프로필세바케이트, 드로메트리졸트리실록산, 판테놀, 다이카프릴릴카보네이트, 테레프탈릴리덴디캠퍼설포닉애씨드, 알지닌, 베헤닐알코올, 하이드로제네이티드레시틴, 알루미늄스테아레이트, 폴리하이드록시스테아릭애씨드, 잔탄검, 알루미나, 아데노신, 부틸렌글라이콜, 펜틸렌글라이콜, 세라마이드엔피, 베타인, 하이알루로닉애씨드, 소듐다이라우미도글루타미드라이신, 하이드록시페닐프로파미도벤조익애씨드, 글루타믹애씨드, 토코페롤, 페룰릭애씨드, 아스코빌팔미테이트, 카프릴릴글라이콜, 아세틸헥사펩타이드-8, 향료, 시트로넬올, 제라니올, 리모넨"
"A000000224158","아도르 타마누 에어리 선스크린 SPF50+ PA++++ 50ml","아도르","50.0","50.0","ml","24000","20400","4080.0","정제수,프로판다이올,다이부틸아디페이트,부틸옥틸살리실레이트,에칠헥실트리아존,폴리글리세릴-3다이스테아레이트,나이아신아마이드,다이아이소프로필세바케이트,드로메트리졸트리실록산,테레프탈릴리덴디캠퍼설포닉애씨드,디에칠아미노하이드록시벤조일헥실벤조에이트,폴리메틸실세스퀴옥세인,트로메타민,1,2-헥산다이올,카프릴릴메티콘,펜틸렌글라이콜,인도멀구슬나무잎추출물,카카오씨추출물,인도멀구슬나무꽃추출물,밤부사 불가리스싹추출물,밤부사 불가리스잎/줄기추출물,아르간커넬오일,하이드로제네이티드레시틴,호동씨오일(100ppm),밤부사 불가리스수,2,3-부탄다이올,세테아릴알코올,비스-에칠헥실옥시페놀메톡시페닐트리아진,글리세릴스테아레이트,포타슘세틸포스페이트,팔미틱애씨드,스테아릭애씨드,카보머,아크릴레이트/C10-30알킬아크릴레이트크로스폴리머,글리세릴스테아레이트시트레이트,암모늄아크릴로일다이메틸타우레이트/브이피코폴리머,에틸헥실글리세린,글리세린,다이메티콘,스쿠알란,아데노신,하이드로제네이티드폴리아이소부텐,덱스트린,아이소노닐아이소노나노에이트,폴리글리세릴-10스테아레이트,시어버터,폴리글리세릴-2다이폴리하이드록시스테아레이트,이눌린라우릴카바메이트,다이소듐스테아로일글루타메이트,토코페롤,글리세릴글루코사이드,부틸렌글라이콜,에피갈로카테킨갈레이트,향료"
"A000000224163","싸이닉 UV 엑스퍼트 톤업 선 에센스 50ml","싸이닉","50.0","50.0","ml","","24000","4800.0","정제수, 다이아이소프로필세바케이트, C12-15알킬벤조에이트, 티타늄디옥사이드 (CI 77891), 다이카프릴릴카보네이트, 프로판다이올, 부틸렌글라이콜, 디에칠아미노하이드록시벤조일헥실벤조에이트, 에칠헥실트리아존, 옥틸도데칸올, 비스-에칠헥실옥시페놀메톡시페닐트리아진, 부틸옥틸살리실레이트, 나이아신아마이드, 펜틸렌글라이콜, 폴리실리콘-15, 메칠렌비스-벤조트리아졸릴테트라메칠부틸페놀, 1,2-헥산다이올, 다마스크장미꽃수, 워터민트추출물, 세룰라타벚나무꽃추출물, 작약꽃추출물, 폴스애플민트잎추출물, 녹차추출물, 타임잎추출물, 폴리글리세릴-2다이폴리하이드록시스테아레이트, 알루미늄하이드록사이드, 폴리하이드록시스테아릭애씨드, 스테아릭애씨드, 하이드록시에틸아크릴레이트/소듐아크릴로일다이메틸타우레이트코폴리머, 암모늄아크릴로일다이메틸타우레이트/브이피코폴리머, 데실글루코사이드, 하이드록시프로필메틸셀룰로오스스테아록시에터, 네오펜틸글라이콜다이에틸헥사노에이트, 에틸헥실글리세린, 아이소도데케인, 아데노신, 트라이소듐에틸렌다이아민다이석시네이트, 시트릭애씨드, 세라마이드엔피, 하이드로제네이티드레시틴, 글리세린, 소듐시트레이트, 트라이에톡시카프릴릴실레인, 폴리글리세릴-4아이소스테아레이트, 아이소프로필티타늄트라이아이소스테아레이트, 토코페롤, 사이아노코발아민, 엑토인, 글루타티온, 트라넥사믹애씨드, 헥사펩타이드-2, 아세틸헥사펩타이드-8, 바이오틴, 세테아릴알코올, 잔탄검, 향료, 리날룰, 하이드록시시트로넬알, 리모넨, 벤질살리실레이트, 마이카 (CI 77019), 적색산화철 (CI 77491), 황색산화철 (CI 77492)"
"A000000224171","싸이닉 UV 엑스퍼트 리페어 선 에센스SPF50+PA++++ 50ml","싸이닉","50.0","50.0","ml","","24000","4800.0","정제수, 다이부틸아디페이트, 프로판다이올, 폴리메틸실세스퀴옥세인, 에칠헥실트리아존, 나이아신아마이드, 드로메트리졸트리실록산, 카프릴릴메티콘, 테레프탈릴리덴디캠퍼설포닉애씨드, 2,3-부탄다이올, 디에칠아미노하이드록시벤조일헥실벤조에이트, 트로메타민, 1,2-헥산다이올, 펜틸렌글라이콜, 비스-에칠헥실옥시페놀메톡시페닐트리아진, 폴리C10-30알킬아크릴레이트, 폴리글리세릴-3메틸글루코오스다이스테아레이트, 하이드로제네이티드폴리사이클로펜타다이엔, 하이드로제네이티드폴리아이소부텐, 폴리글리세릴-3다이스테아레이트, 글리세린, 마이크로크리스탈린셀룰로오스, 스핑고모나스발효추출물, 이눌린라우릴카바메이트, 에틸헥실글리세린, 향료, 셀룰로오스검, 소듐스테아로일글루타메이트, 아데노신, 글리세릴스테아레이트시트레이트, 아스코빅애씨드폴리펩타이드, 엑토인, 토코페롤, 하이드롤라이즈드하이알루로닉애씨드, 밀몽화꽃추출물, 소듐디엔에이"
"A000000224260","키엘 울트라 라이트 데일리 유브이 디펜스 썬 스크린 (30ml/60ml)","키엘","30.0","90.0","ml","44000","34760","3862.2","썬 스크린 : 정제수 에칠헥실메톡시신나메이트 디메치콘 글리세린 드로메트리졸트리실록산 테레프탈릴리덴디캠퍼설포닉애씨드 프로필렌글라이콜 티타늄디옥사이드 변성알코올 트리에탄올아민 스테아릭애씨드 포타슘세틸포스페이트 나일론-12 팔미틱애씨드 피이지-100스테아레이트 글리세릴스테아레이트 페녹시에탄올 세틸알코올 셀룰로오스 비스-에칠헥실옥시페놀메톡시페닐트리아진 디에칠아미노하이드록시벤조일헥실벤조에이트 시트릭애씨드 알루미늄하이드록사이드 카프릴릴글라이콜 소듐코코일사코시네이트 카보머 토코페롤 트로메타민 황금추출물 아크릴아마이드/소듐아크릴로일디메칠타우레이트코폴리머 이소헥사데칸 잔탄검 미리스틱애씨드 디소듐이디티에이 아데노신 폴리소르베이트80 알지닌 만니톨 디소듐아데노신트리포스페이트 알엔에이 피리독신에이치씨엘 소르비탄올리에이트 소르비톨 펜틸렌글라이콜 비에이치티 히스티딘에이치씨엘 옥수수커넬추출물 소듐클로라이드 효모추출물 페닐알라닌 페퍼민트추출물 프렌치로즈꽃추출물 타이로신 소르빅애씨드 // 아쿠아 젤 : 정제수 변성알코올 다이아이소프로필세바케이트 아이소프로필라우로일사코시네이트 에칠헥실트리아존 프로필렌글라이콜 비스-에칠헥실옥시페놀메톡시페닐트리아진 디에칠아미노하이드록시벤조일헥실벤조에이트 티타늄디옥사이드 글리세린 메틸메타크릴레이트크로스폴리머 드로메트리졸트리실록산 토코페롤 스테아릭애씨드 페녹시에탄올 세틸알코올 팔미틱애씨드 스타이렌/아크릴레이트코폴리머 세테스-10 카프릴릴글라이콜 멘톡시프로판다이올 덱스트린팔미테이트 아크릴레이트/C10-30알킬아크릴레이트크로스폴리머 알루미늄하이드록사이드 암모늄폴리아크릴로일다이메틸타우레이트 부틸렌글라이콜 포타슘하이드록사이드 피이지-8라우레이트 다이소듐이디티에이 아데노신 미리스틱애씨드 겐티아나뿌리추출물 펜틸렌글라이콜 페퍼민트추출물 시어버터씨드케이크추출물 프렌치로즈꽃추출물 솔비톨 드럼스틱씨추출물 다이소듐포스페이트 시트릭애씨드"
"A000000224734","[화잘먹] 웰라쥬 리얼 히알루로닉 블루 선크림 50ml","웰라쥬","50.0","50.0","ml","","25000","5000.0","정제수, 프로판다이올, 다이부틸아디페이트, 에탄올, 에칠헥실트리아존, 비스-에칠헥실옥시페놀메톡시페닐트리아진, 옥토크릴렌, 부틸옥틸살리실레이트, 테레프탈릴리덴디캠퍼설포닉애씨드, 다이프로필렌글라이콜, 트로메타민, 인도멀구슬나무잎추출물, 아틀라스시다나무껍질오일, 한련초추출물, 인도멀구슬나무꽃추출물, 스핑고모나스발효추출물, 아이비고드열매추출물, 로즈마리잎오일, 알로에베라꽃추출물, 가지열매추출물, 호호바씨오일, 클레리오일, 드럼스틱씨오일, 참산호말추출물, 울금뿌리추출물, 홀리바질잎추출물, 하이드롤라이즈드하이알루로닉애씨드, 소듐하이알루로네이트, 하이알루로닉애씨드, 실리카, 1,2-헥산다이올, 펜틸렌글라이콜, 다이메티콘/비닐다이메티콘크로스폴리머, 폴리메틸실세스퀴옥세인, 아이소프로필미리스테이트, 합성플루오르플로고파이트, 다이메티콘올, 트라이실록세인, 세테아릴올리베이트, 팔미틱애씨드, 스테아릭애씨드, 부틸렌글라이콜, 솔비탄올리베이트, 하이드록시에틸우레아, 메틸프로판다이올, 폴리에터-1, 에틸헥실글리세린, 소듐스테아로일글루타메이트, 아데노신, 바이오사카라이드검-1, 글리세린, 하이드로제네이티드레시틴, 카프릴릭/카프릭트라이글리세라이드, 수크로오스라우레이트, 토코페롤, 알지닌, 글라이신, 히스티딘, 세린, 리솔레시틴, 벤질글라이콜, 하이드롤라이즈드글라이코사미노글리칸, 소듐하이알루로네이트크로스폴리머, 하이드록시프로필트라이모늄하이알루로네이트, 카프릴릴글라이콜, 소듐아세틸레이티드하이알루로네이트, 베헤닐알코올, 카보머"
"A000000224767","[촉.광.핏. 선크림] 프란츠 네이키드 선쉴드 펩타이드 선크림 50ml","프란츠","50.0","50.0","ml","25000","10500","2100.0","정제수, 에칠헥실메톡시신나메이트, 호모살레이트, 부틸렌글라이콜, 에칠헥실살리실레이트, 디에칠아미노하이드록시벤조일헥실벤조에이트, 부틸옥틸살리실레이트, 에칠헥실트리아존, 나이아신아마이드, 실리카, 1,2-헥산다이올, 펜틸렌글라이콜, 풍선덩굴꽃/잎/덩굴추출물, 에키움 플란타기네움씨오일, 암모늄아크릴로일다이메틸타우레이트/브이피코폴리머, 브이피/에이코신코폴리머, 옥틸도데칸올, 아크릴레이트/C10-30알킬아크릴레이트크로스폴리머, 트로메타민, 에틸헥실글리세린, 아데노신, 하이드록시프로필메틸셀룰로오스스테아록시에터, 다이부틸아디페이트, 해바라기씨오일불검화물, 폴리C10-30알킬아크릴레이트, 토코페롤, 글리세린, 노나펩타이드-1(0.1ppb), 아세틸헥사펩타이드-8(0.1ppb), 카퍼트라이펩타이드-1(0.1ppb), 카프릴릴글라이콜, 트라이펩타이드-1(0.1ppb), 팔미토일테트라펩타이드-7,(0.1ppb) 팔미토일트라이펩타이드-1(0.1ppb), 팔미토일펜타펩타이드-4(0.1ppb), 헥사펩타이드-9(0.1ppb), 향료"
"A000000224857","[강력 방수 선크림] 비레디 스웻프루프 선크림","비레디","","","","","25000","","정제수, 다이부틸아디페이트, 비스-에칠헥실옥시페놀메톡시페닐트리아진, C12-15알킬벤조에이트, 부틸렌글라이콜, 에칠헥실트리아존, 변성알코올, 나이아신아마이드, 디에칠아미노하이드록시벤조일헥실벤조에이트, 폴리실리콘-15, 다이에틸헥실석시네이트, 티타늄디옥사이드, 폴리글리세릴-10스테아레이트, 베헤닐알코올, 소듐메틸스테아로일타우레이트, 1,2-헥산다이올, 실리카, 다이페닐실록시페닐트라이메티콘, 스테아릭애씨드, 하이드록시에틸아크릴레이트/소듐아크릴로일다이메틸타우레이트코폴리머, 폴리아크릴레이트크로스폴리머-6, 소듐폴리아크릴로일다이메틸타우레이트, 아라키딜알코올, 알루미늄하이드록사이드, 카프릴릴글라이콜, 글리세린, 에틸헥실글리세린, 시트릭애씨드, 멘톡시프로판다이올, 아라키딜글루코사이드, 소듐시트레이트, 아데노신, 구아이아줄렌, 이눌린라우릴카바메이트, 폴리에터-1, 향료, 솔비탄아이소스테아레이트, 타우린, 소듐메타포스페이트, 에탄올, 마트리카리아꽃추출물, 프로판다이올, 말라카이트추출물, 소듐하이알루로네이트, 토코페롤, 다이소듐이디티에이, 하이드롤라이즈드하이알루로닉애씨드, 소듐하이알루로네이트크로스폴리머, 피씨에이, 락틱애씨드, 글루코오스, 하이알루로닉애씨드, 글라이신, 우레아, 소듐글리세로포스페이트, 세린, 글루타믹애씨드, 포타슘마네슘아스파테이트, 아스파틱애씨드, 류신, 소듐클로라이드, 알라닌, 라이신, 알지닌, 칼슘글루코네이트, 마그네슘글루코네이트, 타이로신, 페닐알라닌, 프롤린, 트레오닌, 발린, 아이소류신, 소듐아세틸레이티드하이알루로네이트, 히스티딘, 아세틸글루코사민, 시스테인, 크레아틴, 우릭애씨드, 메티오닌"
"A000000225192","[수분광선크림] 비긴스 바이 정샘물 블루 캐모마일 히알루론산 수분 선 크림 50ml","비긴스 바이 정샘물","50.0","50.0","ml","","22000","4400.0","정제수, 다이부틸아디페이트, 부틸옥틸살리실레이트, 프로판다이올, 폴리메틸실세스퀴옥세인, 디에칠아미노하이드록시벤조일헥실벤조에이트, 에칠헥실트리아존, 나이아신아마이드, 카프릴릴메티콘, 메칠렌비스-벤조트리아졸릴테트라메칠부틸페놀, 디에칠헥실부타미도트리아존, 부틸렌글라이콜, 글리세린, 1,2-헥산다이올, 펜틸렌글라이콜, 소듐하이알루로네이트(10,000ppb), 구아이아줄렌(1,000ppb), 토코페롤, 엑토인, 글라이신, 글루타믹애씨드, 알지닌, 캐모마일꽃추출물(10ppb), 코코-카프릴레이트/카프레이트, 베헤닐알코올, 폴리C10-30알킬아크릴레이트, 폴리글리세릴-3메틸글루코오스다이스테아레이트, 데실글루코사이드, 트로메타민, 아크릴레이트/C10-30알킬아크릴레이트크로스폴리머, 카보머, 포타슘세틸포스페이트, 에틸헥실글리세린, 폴리아크릴레이트크로스폴리머-6, 아데노신, 잔탄검, 향료"
"A000000225450","[1+1/수분진정] 이니스프리 그린티 히알루론산 진정수분 선세럼 50ml 1+1","이니스프리","50.0","100.0","ml","25000","22500","2250.0","정제수, 다이에틸헥실석시네이트, 프로판다이올, 드로메트리졸트리실록산, 에칠헥실트리아존, 나이아신아마이드, 디에칠아미노하이드록시벤조일헥실벤조에이트, 테레프탈릴리덴디캠퍼설포닉애씨드, 1,2-헥산다이올, 베헤닐알코올, 트로메타민, 소듐폴리아크릴로일다이메틸타우레이트, 페닐트라이메티콘, 카프릴릴메티콘, 폴리아크릴레이트크로스폴리머-6, 아라키딜알코올, 하이알루로닉애씨드(2,202 ppm), 포타슘세틸포스페이트, 부틸렌글라이콜, 락토바실러스발효용해물, 에틸헥실글리세린, 카프릴릴글라이콜, 판테놀, 아라키딜글루코사이드, 아데노신, 글리세린, 소듐하이알루로네이트(260 ppm), 알란토인, 소듐메타포스페이트, 마데카소사이드, 세라마이드엔피, 글리세릴올리에이트, 토코페롤, 레시틴, 라우릴글루코사이드, 폴리글리세릴-6라우레이트, 미리스틸글루코사이드, 하이드롤라이즈드하이알루로닉애씨드(10 ppm), 녹차추출물(8 ppm), 소듐하이알루로네이트크로스폴리머(4 ppm), 잔탄검, 소듐아세틸레이티드하이알루로네이트(0.2 ppm), 아세틸테트라펩타이드-2"
"A000000225891","제로시피 나노센텔라 선에센스 50ml","제로시피","50.0","50.0","ml","30800","22000","4400.0","정제수, 부틸옥틸살리실레이트, 다이프로필렌글라이콜, 다이카프릴릴카보네이트, 사이클로펜타실록세인, 에칠헥실트리아존, 테레프탈릴리덴디캠퍼설포닉애씨드, 글리세린, 1,2-헥산다이올, 드로메트리졸트리실록산, 메틸프로판다이올, 나이아신아마이드, 폴리글리세릴-3다이스테아레이트, 트로메타민, 세테아릴알코올, 디에칠아미노하이드록시벤조일헥실벤조에이트, 폴리메틸실세스퀴옥세인, 팔미틱애씨드, 사이클로헥사실록세인, 스테아릭애씨드, 비스-에칠헥실옥시페놀메톡시페닐트리아진, 글리세릴스테아레이트, 포타슘세틸포스페이트, 소듐폴리아크릴로일다이메틸타우레이트, 하이드록시에틸아크릴레이트/소듐아크릴로일다이메틸타우레이트코폴리머, 스쿠알란, 글리세릴스테아레이트시트레이트, 폴리솔베이트60, 에틸헥실글리세린, 부틸렌글라이콜, 아데노신, 솔비탄아이소스테아레이트, 하이드로제네이티드폴리데센, 판테놀, 아이소스테아릴아이소스테아레이트, 폴리글리세릴-2스테아레이트, 치자추출물, 아이소노닐아이소노나노에이트, 덱스트린, 폴리글리세릴-10스테아레이트, 토코페롤, 아시아티코사이드, 마데카식애씨드, 소듐스테아로일글루타메이트, 아시아틱애씨드, 비피다발효용해물, 콥티스뿌리추출물, 하이드롤라이즈드콜라겐, 락토바실러스발효용해물, 락토코쿠스발효용해물, 잇꽃씨오일, 하이드로제네이티드포스파티딜콜린, 달맞이꽃오일, 세라마이드엔피, 폴리쿼터늄-51, 마데카소사이드"
"A000000225901","트러블레스 오일리스 마일드 워터 에어리 핏 선크림 77ml","트러블레스","77.0","77.0","ml","28000","24900","3233.8","정제수, 프로판다이올, 다이부틸아디페이트, 에칠헥실살리실레이트, 에칠헥실트리아존, 디에칠아미노하이드록시벤조일헥실벤조에이트, 비스-에칠헥실옥시페놀메톡시페닐트리아진, 부틸옥틸살리실레이트, 글리세린, 메칠렌비스-벤조트, 아졸릴테트라메칠부틸페놀, 폴리메틸실세스퀴옥세인, 솔비탄스테아레이트, 데실글루코사이드, 폴리우레탄-15, 아크릴레이트/C10-30알킬아크릴레이트크로스폴리머, 카프릴릴글라이콜, 폴리글리세릴-3메틸글루코오스다이스테아레이트, 쇠비름추출물, 트로메타민, 부틸렌글라이콜, 글리세릴카프릴레이트, 에틸헥실글리세린, 판테놀, 잔탄검, 다이소듐이디티에이, 4-터피네올, 브로콜리추출물, 1,2-헥산다이올, 매실추출물, 흰버드나무껍질추출물, 브루셀스프라우트추출물, 알란토인"
"A000000227068","[RIIZE은석PICK]유이크 바이옴 레미디 수분 선크림 50ml 기획 (보라 톤업선 20ml 증정)","유이크","50.0","70.0","ml","27000","21600","3085.7","[본품:수분] 정제수, 프로판다이올, 부틸옥틸살리실레이트, 다이부틸아디페이트, 에칠헥실트리아존, 테레프탈릴리덴디캠퍼설포닉애씨드, 나이아신아마이드, 폴리글리세릴-3다이스테아레이트, 트로메타민, 폴리메틸실세스퀴옥세인, 1,2-헥산다이올, 펜틸렌글라이콜, 디에칠아미노하이드록시벤조일헥실벤조에이트, 세테아릴알코올, 카프릴릴메티콘, 폴리실리콘-15, 글리세릴스테아레이트, 비스-에칠헥실옥시페놀메톡시페닐트리아진, 포타슘세틸포스페이트, 메틸프로판다이올, 소듐아크릴레이트크로스폴리머-2, 팔미틱애씨드, 카보머, 스테아릭애씨드, 글리세릴스테아레이트시트 레이트, 판테놀, 쿠티박테리움 그라눌로숨발효추출여과물(979ppm), 아 크릴레이트/C10-30알킬아크릴레이트크로스폴리머,사카라이드아이소 머레이트, 에틸헥실글리세린, 아데노신, 암모늄아크릴로일다이메틸타우 레이트/브이피코폴리머, 폴리에터-1, 미리스틱애씨드, 석시닉애씨드, 소듐시트레이트, 시트릭애씨드, 바이오사카라이드검-1, 토코페롤 
[증정:보라] 정제수, 다이부틸아디페이트, 부틸옥틸살리실레이트, 에칠헥실트리아존, 프로판다이올, 메칠렌비스-벤조트리아졸릴테트라메칠부틸페놀, 메틸프로판다이올, 나이아신아마이드, 디에칠아미노하이드록시벤조일헥실벤조에이트, 티타늄디옥사이드 (CI 77891), 1,2-헥산다이올, 비스-에칠헥실옥시페놀메톡시페닐트리아진, 폴리글리세릴-3메틸글루코오스 다이스테아레이트, 폴리글리세릴-3다이스테아레이트, 울트라마린, 코코-카프릴레이트/카프레이트, 데실글루코사이드, 폴리아크릴레이트크로스 폴리머-6, 세테아릴알코올, 암모늄아크릴로일다이메틸타우레이트/브이피코폴리머, 브이피/에이코신코폴리머, 소듐폴리아크릴로일다이메틸타 우레이트, 에틸헥실글리세린, 글리세릴스테아레이트시트레이트, 카올린, 폴리글리세릴-6폴리하이드록시스테아레이트, 알루미늄하이드록사이드, 폴리글리세릴-6폴리리시놀리에이트, 아데노신, 트라이에톡시카프릴릴실레인, 소듐스테아로일글루타메이트, 글리세린, 적색산화철, 잔탄검, 쿠티 박테리움 그라눌로숨발효추출여과물(100 ppm), 폴리글리세린-6, 판테놀, 석시닉애씨드, 토코페롤, 아스코빌팔미테이트"
"A000000227174","[한정기획] 딘시 프리미엄 비건 톤업 선크림 50ml 기획 (+클렌징폼 40ml 증정)","딘시","50.0","90.0","ml","30000","15000","1666.7","정제수, 징크옥사이드, 다이부틸아디페이트, 사이클로헥사실록세인, 프로판다이올, 부틸옥틸살리실레이트, 다이카프릴릴카보네이트, 폴리글리세릴-4다이아이소스테아레이트/폴리하이드록시스테아레이트/세바케이트, 다이실록세인, 글리세린, 나이아신아마이드, 카프릴릴메티콘, 티타늄디옥사이드, 디에칠아미노하이드록시벤조일헥실벤조에이트, 비스-에칠헥실옥시페놀메톡시페닐트리아진, 에칠헥실트리아존, 페닐트라이메티콘, 스노우로투스추출물, 미역취추출물, 클로브싹추출물, 다시마추출물, 당느릅나무뿌리추출물, 별꽃추출물, 알로에베라잎추출물, 제비꽃꽃추출물, 참마뿌리추출물, 스피어민트추출물, 애플민트잎추출물, 워터민트추출물, 소듐하이알루로네이트, 하이드로제네이티드레시틴, 수용성콜라겐, 폴리글리세릴-3폴리다이메틸실록시에틸다이메티콘, 다이스테아다이모늄헥토라이트, 마그네슘설페이트, 메틸메타크릴레이트크로스폴리머, 트라이에톡시카프릴릴실레인, 1,2-헥산다이올, 부틸렌글라이콜, 폴리C10-30알킬아크릴레이트, 글리세릴카프릴레이트, 카프릴릴글라이콜, 마이카, 에틸헥실글리세린, 아데노신, 알루미늄하이드록사이드, 토코페롤, 폴리글리세릴-10스테아레이트, 락토바실러스발효물, 바이오사카라이드검-1, 소듐아스코빌포스페이트, 수크로오스, 토코페릴아세테이트, 판테놀, 효모발효여과물, 레티닐팔미테이트, 바이오틴, 사이아노코발아민, 티아민에이치씨엘, 폴릭애씨드, 피리독신, 향료, 적색산화철, 황색산화철"
"A000000227188","[유기자차/대용량] 바닐라코 UV 디펜스 워터프루프 선크림 100ml","바닐라코","100.0","100.0","ml","25000","17500","1750.0","정제수, 다이부틸아디페이트, 프로판다이올, 에칠헥실트리아존, 폴리메틸실세스퀴옥세인, 디에칠아미노하이드록시벤조일헥실벤조에이트, 메칠렌비스-벤조트리아졸릴테트라메칠부틸페놀, 드로메트리졸트리실록산, 나이아신아마이드, 코코-카프릴레이트/카프레이트, 카프릴릴메티콘, 글리세린, 1,2-헥산다이올, 부틸렌글라이콜, 펜틸렌글라이콜, 베헤닐알코올, 폴리C10-30알킬아크릴레이트, 브이피/에이코신코폴리머, 폴리글리세릴-3메틸글루코오스다이스테아레이트, 데실글루코사이드, 트로메타민, 카보머, 향료, 아크릴레이트/C10-30알킬아크릴레이트크로스폴리머, 소듐스테아로일글루타메이트, 폴리아크릴레이트크로스폴리머-6, 에틸헥실글리세린, 아데노신, 참마뿌리추출물, 당느릅나무뿌리추출물, 알로에베라잎추출물, 다시마추출물, 제비꽃꽃추출물, 잔탄검, t-부틸알코올, 이노시톨, 토코페롤, 판테놀, 소듐하이알루로네이트, 하이드롤라이즈드하이알루로닉애씨드, 카프릴릭/카프릭트라이글리세라이드, 글리세릴글루코사이드, 사카라이드아이소머레이트, 다이프로필렌글라이콜, 퉁퉁마디추출물, 신선초추출물, 흰목이버섯폴리사카라이드, 연꽃뿌리추출물, 오크라열매추출물, 몰로키아잎추출물, 밤부사 불가리스싹추출물, 바오밥나무열매추출물, 워터민트추출물, 병풀추출물, 밤부사 불가리스잎/줄기추출물, 트루로즈오브예리코추출물, 밤부사 불가리스수, 시트릭애씨드, 소듐시트레이트"
"A000000227218","브리올옴므 데일리 화이트닝 선크림 50ml","브리올옴므","50.0","50.0","ml","14900","14000","2800.0","정제수, 다이부틸아디페이트, 메틸프로판다이올, 변성알코올, 테레프탈릴리덴디캠퍼설포닉애씨드, 1,2-헥산다이올, 에칠헥실메톡시신나메이트, 글리세린, 나이아신아마이드, 알지닌, 카프릴릴메티콘, 세테아릴알코올, 트로메타민, 폴리실리콘-15, 포타슘세틸포스페이트, 세타이릭애씨드, (아크릴레이트/옥틸아크릴아마이드)코폴리머, 솔비탄세스퀴올리에이트, 판테놀, 디메치콘/비닐디메치콘크로스폴리머, 알란토인, 병풀추출물, 녹차추출물, 캐모마일꽃추출물, 로즈마리잎추출물, 라벤더꽃추출물, 티트리잎추출물, 레몬밤잎추출물, 페퍼민트잎추출물, 스피어민트잎추출물, 클로렐라추출물, 하이드로제네이티드레시틴, 세라마이드엔피, 글리세릴스테아레이트, 피이지-100스테아레이트, 폴리글리세릴-3메칠글루코오스디스테아레이트, 하이드로제네이티드폴리아이소부텐, 부틸렌글라이콜, 프로판다이올, 에틸헥실글리세린, 아데노신, 다이소듐이디티에이, 소듐하이알루로네이트크로스폴리머, 포타슘하이드록사이드"
"A000000227933","[TXA/화잘먹] 셀리맥스 트라넥삼산 브라이트닝 잡티 선크림 50ml (단품/50ml+10ml 기획)","셀리맥스","50.0","110.0","ml","","24000","2181.8","정제수, 프로판다이올, 나이아신아마이드, 다이부틸아디페이트, 폴리메틸실세스퀴옥세인, 다이아이소프로필세바케이트, 디에칠아미노하이드록시벤조일헥실벤조에이트, 에칠헥실트리아존, 메칠렌비스-벤조트리아졸릴테트라메칠부틸페놀, 코코-카프릴레이트/카프레이트, 디에칠헥실부타미도트리아존, 1,2-헥산다이올, 부틸렌글라이콜, 카프릴릴메티콘, 트라넥사믹애씨드, 펜틸렌글라이콜, 베헤닐알코올, 폴리C10-30알킬아크릴레이트, 글리세린, 폴리글리세릴-3메틸글루코오스다이스테아레이트, 데실글루코사이드, 트로메타민, 카보머, 아크릴레이트/C10-30알킬아크릴레이트크로스폴리머, 판테놀, 소듐스테아로일글루타메이트, 폴리아크릴레이트크로스폴리머-6, 에틸헥실글리세린, 아데노신, 잔탄검, 토코페롤, 비파나무잎추출물, 폴리글리세릴-4아이소스테아레이트, 카프릴릭/카프릭트라이글리세라이드, 시트릭애씨드, 스피어민트추출물, 다이스테아다이모늄헥토라이트, 쿼세틴"
"A000000228068","[단독기획] 이지듀 멜라 비 토닝 유브이 선 세럼 40ml 2입 기획","이지듀","40.0","80.0","ml","29900","26900","3362.5","정제수, 호모살레이트, 다이메티콘, 글리세린, 디에칠아미노하이드록시벤조일헥실벤조에이트, 옥토크릴렌, 페닐벤즈이미다졸설포닉애씨드, 베헤닐알코올, 나이아신아마이드, 다이아이소프로필세바케이트, 프로판다이올, 솔비탄스테아레이트, 비스-에칠헥실옥시페놀메톡시페닐트리아진, 아미노메틸프로판올, 비타민나무오일, 인도멀구슬나무꽃추출물, 홀리바질잎추출물, 인도멀구슬나무잎추출물, 마조람잎오일, 울금뿌리추출물, 베르가모트오일, 참산호말추출물, 소듐하이알루로네이트, 캐모마일꽃오일, 멕시칸주니퍼오일, 해마토코쿠스 플루비알리스오일, 사과추출물, 왕귤껍질오일, 하이드롤라이즈드하이알루로닉애씨드, 하이드롤라이즈드콜라겐, 하이드록시아세토페논, 소듐스테아로일글루타메이트, 카프릴릴글라이콜, 수크로오스코코에이트, 페네틸벤조에이트, 카프릴릭/카프릭트라이글리세라이드, 에틸헥실글리세린, 아데노신, 글라이코젠, 펜틸렌글라이콜, 1,2-헥산다이올, 하이드로제네이티드레시틴, 소듐파이테이트, 아세틸글루코사민, 소듐아스코빌포스페이트, 에스에이치-올리고펩타이드-1, 소듐하이알루로네이트크로스폴리머, 아스타잔틴, 판테놀, 토코페롤, 트라넥사믹애씨드, 글루타티온, 비사보롤, 하이드롤라이즈드엘라스틴, 헤스페리딘메틸칼콘, 스테아레스-20, 소듐시트레이트, 다이펩타이드-2, 시트릭애씨드, 팔미토일테트라펩타이드-7, 카보머, 에탄올, 잔탄검, 다이소듐이디티에이, 클로헥시딘디글루코네이트, 포타슘솔베이트, 리모넨, 리날룰"
"A000000228080","[NEW] 더후 UV 얼티밋 레드 비타민 선 50ml","더후","50.0","50.0","ml","67000","58000","11600.0","정제수, 에칠헥실메톡시신나메이트, 변성알코올, 다이아이소프로필세바케이트, 트로메타민, 드로메트리졸트리실록산, 테레프탈릴리덴디캠퍼설포닉애씨드, 다이프로필렌글라이콜, 페닐벤즈이미다졸설포닉애씨드, 폴리글리세릴-3다이스테아레이트, 1,2-헥산다이올, 다이메티콘, 비스-에칠헥실옥시페놀메톡시페닐트리아진, 세테아릴알코올, 아이소데실네오펜타노에이트, 라우로일라이신, 페네틸벤조에이트, 프로판다이올, 에칠헥실트리아존, 글리세릴스테아레이트에스이, 판테놀, 폴리글리세릴-3메틸글루코오스다이스테아레이트, 폴리실리콘-11, 폴리아마이드-8, 아크릴레이트/C10-30알킬아크릴레이트크로스폴리머, 소듐스테아로일글루타메이트, 부틸렌글라이콜, 카보머, 글리세릴스테아레이트시트레이트, 하이드롤라이즈드식물성단백질, 암모늄폴리아크릴로일다이메틸타우레이트, 석시노글리칸, 아데노신, 잔탄검, 토코페롤, 사이아노코발아민(270ppm), 육두구추출물, 다이메티콘크로스폴리머, 트라이소듐이디티에이, 돌콩오일, 카프릴릴글라이콜, 데실글루코사이드, 글루타티온, 천문동뿌리추출물, 펜타에리스리틸테트라-다이-T-부틸하이드록시하이드로신나메이트, 글리세린, 알지닌, 산수유열매추출물, 참당귀뿌리추출물, 타임추출물, 글루타믹애씨드, 아스코빅애씨드, 에틸헥실글리세린, 카프릴릭/카프릭트라이글리세라이드, 폴리글리세릴-10올리에이트, 해마토코쿠스 플루비알리스추출물, 글라이코프로테인, 참마뿌리추출물, 스페인감초뿌리추출물, 라이소레시틴, 폴리글리세릴-10스테아레이트, 인삼추출물, 애기부들이삭추출물, 육계나무껍질추출물, 작약뿌리추출물, 소엽맥문동뿌리추출물, 황금추출물, 영지버섯추출물, 아스타잔틴, 삽주뿌리줄기추출물, 방풍뿌리추출물, 생강추출물, 대추추출물, 향료, 벤질벤조에이트, 시트로넬올, 헥실신남알, 리날룰, 알파-아이소메틸아이오논, 리모넨, 하이드록시시트로넬알, 제라니올, 벤질살리실레이트"
"A000000228438","[NEW/ 온라인 단독] 바이오더마 시카비오 크림+ SPF 50+ 40ml 기획 (+센시비오H2O 100ml)","바이오더마","50.0","190.0","ml","34000","25200","1326.3","정제수, 디에칠헥실부타미도트리아존, 다이카프릴릴카보네이트, 다이아이소프로필세바케이트, 프로판다이올, 부틸메톡시디벤조일메탄, 변성옥수수전분, 비스-에칠헥실옥시페놀메톡시페닐트리아진, 폴리글리세릴-6스테아레이트, 디에칠아미노하이드록시벤조일헥실벤조에이트, 다이부틸아디페이트, 에칠헥실트리아존, 부틸렌글라이콜, 펜틸렌글라이콜, 자일로오스, C20-22알킬포스페이트, C20-22알코올, 마이크로크리스탈린셀룰로오스, 글리세릴카프릴레이트, 스쿠알란, 폴리글리세릴-6베헤네이트, 소듐폴리글루타메이트, 폴리아크릴레이트크로스폴리머-6, 소듐시트레이트, 잔탄검, 다이팔미토일하이드록시프롤린, 소듐하이알루로네이트, o-사이멘-5-올, 만니톨, 람노오스, 자일리톨, 소듐하이드록사이드, 아세틸다이펩타이드-1세틸에스터, 글라브리딘, 토코페롤, 프룩토올리고사카라이드, 프로필헵틸카프릴레이트 (BI 689 V3)"
"A000000228893","[보송 무기차자] 닥터자르트 에브리 선 데이 마일드 선 30ml","닥터자르트","30.0","30.0","ml","24000","12000","4000.0","정제수, 사이클로펜타실록세인, 징크옥사이드, 사이클로헥사실록세인, 티타늄디옥사이드, 부틸렌글라이콜, 다이메티콘, 피이지-10다이메티콘, 폴리메틸실세스퀴옥세인, 메틸메타크릴레이트크로스폴리머, 펜틸렌글라이콜, 베르가모트오일, 클레리오일, 카프릴릴글라이콜, 글리세린, 하이드롤라이즈드식물성단백질, 타임추출물, 부들레야추출물, 포타슘세틜포스페이트, 알루미늄하이드록사이드, 폴리하이드록시스테아릭애씨드, 하이드로젠다이메티콘, 하이드로제네이티드팜글리세라이드, 스테아릭애씨드, 하이드록시에틸아크릴레이트/소듐아크릴로일다이메틸타우레이트코폴리머, 소듐폴리아크릴레이트, 말토덱스트린, 리모넨, 리날룰, 제라니올, 다이소듐이디티에이, 페녹시에탄올"
"A000000229155","[광노화선] 달바 비타 안티에이징 선크림 50ml","달바","50.0","50.0","ml","","36000","7200.0","콜라겐수(520,000ppm), 에칠헥실메톡시신나메이트, 호모살레이트, 부틸렌글라이콜, 에칠헥실살리실레이트, 디에칠아미노하이드록시벤조일헥실벤조에이트, 실리카, 판테놀(30,000ppm), 에칠헥실트리아존, 나이아신아마이드(20,000ppm), 벤조트라이아졸릴도데실p-크레솔, 정제수, 1,2-헥산다이올, 카프릴릴메티콘, 펜틸렌글라이콜, 다이페닐실록시페닐트라이메티콘, 카프릴릭/카프릭트라이글리세라이드, 폴리메틸실세스퀴옥세인, 아이소노닐아이소노나노에이트, 카프릴릭/카프릭/석시닉트라이글리세라이드, 암모늄아크릴로일다이메틸타우레이트/브이피코폴리머, 오렌지오일, 캐스터오일/아이피디아이코폴리머, 당근추출물, 아크릴레이트/C10-30알킬아크릴레이트크로스폴리머, 카놀라오일, 트로메타민, 하이드록시프로필메틸셀룰로오스스테아록시에터, 에틸헥실글리세린, 아데노신, 필리핀오렌지껍질오일, 리씨열매오일, 당근씨오일, 글루코오스, 만노오스, 알지닌, 카보머, 아모다이메티콘, 토코페릴아세테이트(12ppm), 해바라기씨오일, 베타-카로틴(12ppm), 하이드롤라이즈드하이알루로닉애씨드, 메도우폼씨오일, 세라마이드엔피, 토코페롤(0.5ppm), 흰서양송로추출물, 병풀추출물, 다이메틸실란올하이알루로네이트, 하이드롤라이즈드소듐하이알루로네이트, 소듐하이알루로네이트, 하이알루로닉애씨드, 포타슘하이알루로네이트, 소듐하이알루로네이트크로스폴리머, 하이드록시프로필트라이모늄하이알루로네이트, 소듐하이알루로네이트다이메틸실란올, 소듐아세틸레이티드하이알루로네이트, 마데카소사이드, 아시아티코사이드, 아시아틱애씨드, 소듐디엔에이, 글루타티온, 아스코빅애씨드(0.48ppb), 리모넨, 시트랄"
"A000000229202","라비오뜨 스킨 인핸서 콜라겐 톤 업 크림 40ml","라비오뜨","40.0","40.0","ml","32000","16000","4000.0","정제수, 에칠헥실메톡시신나메이트, 글리세린, 티타늄디옥사이드, 사이클로펜타실록세인, 4-메칠벤질리덴캠퍼, 세테아릴에틸헥사노에이트, 부틸메톡시디벤조일메탄, 에칠헥실살리실레이트, 폴리글리세릴-3메틸글루코오스다이스테아레이트, 나이아신아마이드, 옥토크릴렌, 사이클로헥사실록세인, 폴리글리세릴-6스테아레이트, 실리카, 1,2-헥산다이올, 세테아릴알코올, 폴리C10-30알킬아크릴레이트, 솔비탄세스퀴올리에이트, 트로메타민, 페닐벤즈이미다졸설포닉애씨드, 글리세릴스테아레이트, 호모살레이트, 벤조트라이아졸릴도데실p-크레솔, 포타슘세틸포스페이트, 하이드록시아세토페논, 카보머, 카프릴릴글라이콜, 폴리글리세릴-6베헤네이트, 하이드롤라이즈드콜라겐추출물(1,000ppm), 소듐스테아로일글루타메이트, 다이메티콘, 부틸렌글라이콜, 에틸헥실글리세린, 아크릴레이트/C10-30알킬아크릴레이트크로스폴리머, 아데노신, 폴리글리세릴-2트라이아이소스테아레이트, 알루미늄하이드록사이드, 적색산화철, 다이소듐이디티에이, 황색산화철, 트라이에톡시카프릴릴실레인, 콜라겐(100ppm), 말토덱스트린, 비에이치티, 진흙버섯추출물, 우엉뿌리추출물, 병풀추출물, 쇠비름추출물, 자일리틸글루코사이드, 안하이드로자일리톨, 마트리카리아꽃추출물, 체이스트트리추출물, 자일리톨, 소듐시트레이트, 글루코오스, 시트릭애씨드, 카프릴릭/카프릭트라이글리세라이드, 자수정가루, 다이아몬드가루, 하이드로제네이티드포스파티딜콜린, 연옥가루, 진주가루, 토르말린, 루비가루, 사파이어가루, 소듐하이알루로네이트, 수크로오스스테아레이트, 사이아노코발아민, 하이드록시프로필트라이모늄하이알루로네이트, 마데카식애씨드, 마데카소사이드, 하이드롤라이즈드하이알루로닉애씨드, 소듐아세틸레이티드하이알루로네이트, 아시아틱애씨드, 아시아티코사이드, 하이알루로닉애씨드, 소듐하이알루로네이트크로스폴리머, 포타슘하이알루로네이트, 향료"
"A000000229364","[문동주pick/촉촉 선로션] 아누아 제로캐스트 데일리 투명 수분 선크림 50ml","아누아","50.0","50.0","ml","","22000","4400.0","정제수, 다이부틸아디페이트, 프로판
다이올, 부틸옥틸살리실레이트, 에칠헥실트
리아존, 나이아신아마이드, 카프릴릴메티콘, 
드로메트리졸트리실록산, 테레프탈릴리덴디
캠퍼설포닉애씨드, 폴리글리세릴-3다이스테
아레이트, 1,2-헥산다이올, 디에칠아미노하이
드록시벤조일헥실벤조에이트, 트로메타민, 글
리세린, 펜틸렌글라이콜, 세테아릴알코올, 폴
리메틸실세스퀴옥세인, 비스-에칠헥실옥시페
놀메톡시페닐트리아진, 글리세릴스테아레이
트, 포타슘세틸포스페이트, 폴리C10-30알킬
아크릴레이트, 메틸프로판다이올, 카보머, 폴
리글리세릴-3메틸글루코오스다이스테아레
이트, 에틸헥실글리세린, 글리세릴스테아레
이트시트레이트, 암모늄아크릴로일다이메틸
타우레이트/브이피코폴리머, 판테놀, 다이메
티콘/비닐다이메티콘크로스폴리머, 아크릴레
이트/C10-30알킬아크릴레이트크로스폴리
머, 다이메티콘올, 트라이실록세인, 아데노신, 
폴리에터-1, 소듐하이알루로네이트, 베타-글
루칸, 바이오사카라이드검-1, 토코페롤"
"A000000229379","[홍조보정] 브루케시아 그린 코렉팅 선베이스 45ml","브루케시아","45.0","45.0","ml","24000","19200","4266.7","정제수, 글리세린, 부틸옥틸살리실레이트, 다이부틸아디페이트, 메틸프로판다이올, 에칠헥실트리아존, 프로판다이올, 메칠렌비스-벤조트리아졸릴테트라메칠부틸페놀, 세틸에틸헥사노에이트, 나이아신아마이드, 디에칠아미노하이드록시벤조일헥실벤조에이트, 티타늄디옥사이드 (CI 77891), 1,2-헥산다이올, 비스-에칠헥실옥시페놀메톡시페닐트리아진, 녹차수, 폴리글리세릴-3메틸글루코오스다이스테아레이트, 네오펜틸글라이콜다이헵타노에이트, 다이펜타에리스리틸헥사C5-9애씨드에스터, 코코-카프릴레이트/카프레이트, 폴리글리세릴-6스테아레이트, 소듐폴리아크릴로일다이메틸타우레이트, 폴리아크릴레이트크로스폴리머-6, 암모늄아크릴로일다이메틸타우레이트/브이피코폴리머, 데실글루코사이드, 세테아릴알코올, 폴리에터-1, 브이피/에이코신코폴리머, 에틸헥실글리세린, 캐모마일꽃오일, 측백나무추출물, 폴리글리세릴-6폴리하이드록시스테아레이트, 알루미늄하이드록사이드, 폴리글리세릴-6폴리리시놀리에이트, 크로뮴옥사이드그린 (CI 77288), 폴리글리세릴-6베헤네이트, 아데노신, 비터오렌지꽃추출물, 트라이에톡시카프릴릴실레인, 소듐스테아로일글루타메이트, 잔탄검, 폴리글리세린-6, 토코페롤, 아스코빌팔미테이트, 알로에베라잎즙, 소듐하이알루로네이트, 하이알루로닉애씨드, 소듐하이알루로네이트크로스폴리머, 하이드롤라이즈드소듐하이알루로네이트, 하이드롤라이즈드하이알루로닉애씨드, 소듐아세틸레이티드하이알루로네이트, 하이드록시프로필트라이모늄하이알루로네이트, 리날룰, 제라니올, 시트로넬올"
"A000000229380","[파데프리] 브루케시아 브리즈핏 톤업 선베이스 45ml","브루케시아","45.0","45.0","ml","24000","19200","4266.7","정제수, 징크옥사이드 (CI 77947), 카프릴릴메티콘, 아이소노닐아이소노나노에이트, 프로필헵틸카프릴레이트, 티타늄디옥사이드 (CI 77891), 부틸렌글라이콜, 부틸옥틸살리실레이트, 아이소도데케인, 다이실록세인, 나이아신아마이드, 폴리글리세릴-4다이아이소스테아레이트/폴리하이드록시스테아레이트/세바케이트, 폴리글리세릴-3폴리다이메틸실록시에틸다이메티콘, 아크릴레이트/폴리트라이메틸실록시메타크릴레이트코폴리머, 폴리글리세릴-6폴리하이드록시스테아레이트, 아틀라스시다나무껍질오일, 로즈마리잎오일, 소듐하이알루로네이트, 클레리오일, 하이드롤라이즈드하이알루로닉애씨드, 서양자두씨추출물, 케이프알로에잎추출물, 메틸메타크릴레이트크로스폴리머, 폴리메틸메타크릴레이트, 트라이메틸실록시실리케이트, 폴리하이드록시스테아릭애씨드, 마그네슘설페이트, 다이스테아다이모늄헥토라이트, 다이메티콘크로스폴리머, 1,2-헥산다이올, 폴리C10-30알킬아크릴레이트, 비닐다이메티콘/메티콘실세스퀴옥세인크로스폴리머, 트라이에톡시카프릴릴실레인, 알루미늄하이드록사이드, 스테아릭애씨드, 폴리글리세릴-6폴리리시놀리에이트, 폴리글리세릴-2다이폴리하이드록시스테아레이트, 하이드록시아세토페논, 세레신, 옥틸도데칸올, 아데노신, 폴리글리세린-6, 글리세린, 펜틸렌글라이콜, 폴리글리세릴-4아이소스테아레이트, 아이소프로필티타늄트라이아이소스테아레이트, 아세틸글루코사민, 토코페롤, 소듐하이알루로네이트크로스폴리머, 아스코빌팔미테이트, 카프릴릴글라이콜, 황색산화철 (CI 77492), 적색산화철 (CI 77491)"
"A000000229398","[수분밀착 선크림]LBB 올 데이 에어 핏 선스크린 선크림 자외선차단제 50ml","LBB","50.0","50.0","ml","42000","25000","5000.0","정제수,다이부틸아디페이트,부틸옥틸살리실레이트,디에칠아미노하이드록시벤조일헥실벤조에이트,글리세린,에칠헥실트리아존,코코-카프릴레이트,카프레이트,메틸트라이메티콘,프로판다이올,메칠렌비스-벤조트리아졸릴테트라메칠부틸페놀,나이아신아마이드,폴리글리세릴-3메틸글루코오스다이스테아레이트,부틸렌글라이콜,1,2-헥산다이올,디에칠헥실부타미도트리아존,폴리C10-30알킬아크릴레이트,암모늄폴리아크릴로일다이메틸타우레이트,글리세릴글루코사이드,데실글루코사이드,폴리메틸실세스퀴옥세인,라반딘오일,카보머,소듐스테아로일글루타메이트,트로메타민,잔탄검,지치뿌리추출물,황금추출물,에틸헥실글리세린,아데노신,라벤더오일,베르가모트오일,마조람잎오일,베타-글루칸,하이드로제네이티드레시틴,폴리글리세릴-10라우레이트,세라마이드엔피,리날룰,리모넨,제라니올"
"A000000229536","[리뉴얼/판테놀5%] 듀이트리 어반쉐이드 더마 판테놀5 수분 장벽 선 40ml","듀이트리","40.0","40.0","ml","30000","16500","4125.0","정제수, 징크옥사이드, 사이클로헥사실록세인, 부틸옥틸살리실레이트, 판테놀(50,000ppm), 프로판다이올, 프로필헵틸카프릴레이트, 아이소도데케인, 폴리글리세릴-3폴리다이메틸실록시에틸다이메티콘, 카프릴릴메티콘, 메틸메타크릴레이트크로스폴리머, 다이스테아다이모늄헥토라이트, 다시마추출물, 한련초잎추출물, 비타민나무열매오일, 자작나무수액, 하이드로제네이티드레시틴, 마그네슘설페이트, 트라이에톡시카프릴릴실레인, 1,2-헥산다이올, 폴리글리세릴-2다이폴리하이드록시스테아레이트, 라우릴폴리글리세릴-3폴리다이메틸실록시에틸다이메티콘, 글리세릴카프릴레이트, 카프릴릴글라이콜, 에틸헥실글리세린, 토코페롤, 세라마이드엔피, 알란토인, 베타-시토스테롤, 피토스테롤, 글리세린, 다이프로필렌글라이콜, 부틸렌글라이콜, 프룩토올리고사카라이드, 베타-글루칸, 하이드롤라이즈드하이알루로닉애씨드"
"A000000229592","[저자극/이지워시]프롬리에 EGF 시카 무기자차 선스크린 60g","프롬리에","60.0","60.0","g(약 1ml 상당으로 근사)","","33000","5500.0","정제수, C12-15알킬벤조에이트, 티타늄디옥사이드, 프로판다이올, 나이아신아마이드, 알루미늄스테아레이트, 1,2-헥산다이올, 폴리아크릴레이트크로스폴리머-6, 알루미나, 폴리하이드록시스테아릭애씨드, 실버버취목부추출물, 암모늄아크릴로일다이메틸타우레이트/브이피코폴리머, 에틸헥실글리세린, 아데노신, 다이소듐이디티에이, t-부틸알코올, 부틸렌글라이콜, 글리세린, 세라마이드엔피, 알란토인, 토코페롤, 잔탄검, 쇠비름추출물, 병풀추출물, 카프릴릴글라이콜, 에스에이치-올리고펩타이드-1, 에스에이치-폴리펩타이드-1, 에스에이치-올리고펩타이드-2, 에스에이치-폴리펩타이드-22, 글루코오스, 소듐하이알루로네이트, 아이리쉬모스추출물, 하이드록시프로필트라이모늄하이알루로네이트, 하이드롤라이즈드하이알루로닉애씨드, 소듐아세틸레이티드하이알루로네이트, 하이알루로닉애씨드, 소듐하이알루로네이트크로스폴리머, 하이드롤라이즈드소듐하이알루로네이트, 포타슘하이알루로네이트"
"A000000229619","제나벨 PDRN 듀이 톤업 선스크린 40ml","제나벨","40.0","40.0","ml","","28000","7000.0","정제수,티타늄디옥사이드,부틸옥틸살리실레이트,프로판다이올,다이부틸아디페이트,다이아이소프로필세바케이트,다이카프릴릴카보네이트,2,3-부탄다이올,디에칠아미노하이드록시벤조일헥실벤조에이트,폴리실리콘-15,나이아신아마이드,에칠헥실트리아존,1,2-헥산다이올,물푸레나무추출물,바질꽃/잎/줄기추출물,호호바씨오일,하이드로제네이티드레시틴,펜틸렌글라이콜,코코-카프릴레이트/카프레이트,브이피/에이코신코폴리머,하이드로제네이티드폴리데센,폴리글리세릴-2카프레이트,폴리하이드록시스테아릭애씨드,글리세린,수크로오스스테아레이트,암모늄아크릴로일다이메틸타우레이트/브이피코폴리머,폴리아크릴레이트크로스폴리머-6,하이드록시프로필메틸셀룰로오스스테아록시에터,스테아릭애씨드,에틸헥실글리세린,알루미나,트라이에톡시카프릴릴실레인,알루미늄하이드록사이드,부틸렌글라이콜,이눌린라우릴카바메이트,글리세릴카프릴레이트,잔탄검,아데노신,스쿠알란,폴리메틸메타크릴레이트,소듐디엔에이,토코페롤,하이드롤라이즈드소듐디엔에이,하이알루로닉애씨드,트라이펩타이드-1,메틸프로판다이올,아세틸헥사펩타이드-8,향료,황색산화철,적색산화철,흑색산화철"
"A000000229624","닥터엘시아 아쿠아 글로잉 선스크린 45ml","닥터엘시아","45.0","45.0","ml","25000","18750","4166.7","정제수, 밤부사 불가리스수, 아이소노닐아이소노나노에이트, 프로판다이올, 부틸옥틸살리실레이트, 에칠헥실트리아존, 폴리메틸실세스퀴옥세인, 다이부틸아디페이트, 디에칠아미노하이드록시벤조일헥실벤조에이트, 나이아신아마이드, 드로메트리졸트리실록산, 메칠렌비스-벤조트리아졸릴테트라메칠부틸페놀, 1,2-헥산다이올, 펜틸렌글라이콜, 폴리글리세릴-3메틸글루코오스다이스테아레이트, 글리세레스-26, 판테놀, 베헤닐알코올, 트로메타민, 데실글루코사이드, 카프릴릴메티콘, 하이드로제네이티드캐스터오일/세바식애씨드코폴리머, 카보머, 아크릴레이트/C10-30알킬아크릴레이트크로스폴리머, 폴리글리세릴-6다이스테아레이트, 폴리아크릴레이트크로스폴리머-6, 트라이메틸실록시실리케이트, 에틸헥실글리세린, 칸데릴라/호호바/쌀겨폴리글리세릴-3에스터, 소듐스테아로일글루타메이트, 아데노신, 글리세린, 소듐하이알루로네이트, 잔탄검, 세라마이드엔피, 토코페롤, 부틸렌글라이콜, 바다포도추출물, 소듐디엔에이"
"A000000229663","[화잘먹썬] 밈즈 마일드 워터리 썬스크린 50ml","밈즈","50.0","50.0","ml","22000","12900","2580.0","정제수, 다이부틸아디페이트, 프로판다이올, 디에칠아미노하이드록시벤조일헥실벤조에이트, 폴리메틸실세스퀴옥세인, 에칠헥실트리아존, 나이아신아마이드, 메칠렌비스-벤조트리아졸릴테트라메칠부틸페놀, 코코-카프릴레이트/카프레이트, 카프릴릴메티콘, 디에칠헥실부타미도트리아존, 글리세린, 부틸렌글라이콜, 1,2-헥산다이올, 비타민나무열매추출물, 사철쑥추출물, 당근추출물, 로즈힙열매추출물, 사과추출물, 케이프알로에잎추출물, 살구즙, 하이드로제네이티드레시틴, 베헤닐알코올, 폴리C10-30알킬아크릴레이트, 폴리글리세릴-3메틸글루코오스다이스테아레이트, 데실글루코사이드, 트로메타민, 카보머, 아크릴레이트/C10-30알킬아크릴레이트크로스폴리머, 소듐스테아로일글루타메이트, 폴리아크릴레이트크로스폴리머-6, 아데노신, 잔탄검, t-부틸알코올, 토코페롤, 아스코빅애씨드, 드럼스틱씨오일, 세라마이드엔피, 피토스핑고신, 펜틸렌글라이콜, 에틸헥실글리세린"
"A000000229803","유이크 바이옴 레미디 톤업 선크림 그린 50ml","유이크","50.0","50.0","ml","27000","21600","4320.0","정제수, 다이부틸아디페이트, 부틸옥틸살리실레이트, 에칠헥실트리아존, 프로판다이올, 메칠렌비스-벤조트리아졸릴테트라메칠부틸페놀, 메틸프로판다이올, 나이아신아마이드, 티타늄디옥사이드 (CI 77891), 디에칠아미노하이드록시벤조일헥실벤조에이트, 1,2-헥산다이올, 비스-에칠헥실옥시페놀메톡시페닐트리아진, 폴리글리세릴-3메틸글루코오스다이스테아레이트, 폴리글리세릴-3다이스테아레이트, 코코-카프릴레이트/카프레이트, 데실글루코사이드, 폴리아크릴레이트크로스폴리머-6, 세테아릴알코올, 암모늄아크릴로일다이메틸타우레이트/브이피코폴리머, 브이피/에이코신코폴리머, 소듐폴리아크릴로일다이메틸타우레이트, 크로뮴옥사이드그린 (CI 77288), 글리세린, 에틸헥실글리세린, 글리세릴스테아레이트시트레이트, 폴리글리세릴-6폴리하이드록시스테아레이트, 알루미늄하이드록사이드, 폴리글리세릴-6폴리리시놀리에이트, 아데노신, 트라이에톡시카프릴릴실레인, 황색산화철 (CI 77492), 다이프로필렌글라이콜, 소듐스테아로일글루타메이트, 잔탄검, 폴리글리세린-6, 폴리글리세릴-10올리에이트, 쿠티박테리움그라눌로숨발효추출여과물(0.01%), 병풀뿌리추출물, 병풀잎추출물, 병풀추출물, 펜틸렌글라이콜, 마데카소사이드, 부틸렌글라이콜, 석시닉애씨드, 판테놀, 아시아틱애씨드, 마데카식애씨드, 아시아티코사이드, 토코페롤, 아스코빌팔미테이트"
"A000000230214","[대용량] 메이크프렘 히알 워터핏 선크림 100ml","메이크프렘","100.0","100.0","ml","","28000","2800.0","정제수, 다이부틸아디페이트, 프로판다이올, 디에칠아미노하이드록시벤조일헥실벤조에이트, 비스-에칠헥실옥시페놀메톡시페닐트리아진, 에칠헥실트리아존, 폴리메틸실세스퀴옥세인, 카프릴릴메티콘, 메칠렌비스-벤조트리아졸릴테트라메칠부틸페놀, 부틸옥틸살리실레이트, 나이아신아마이드, 1,2-헥산다이올, 비닐다이메티콘/메티콘실세스퀴옥세인크로스폴리머, 펜틸렌글라이콜, 폴리글리세릴-3메틸글루코오스다이스테아레이트, 베헤닐알코올, 데실글루코사이드, 폴리C10-30알킬아크릴레이트, 트로메타민, 소듐스테아로일글루타메이트, 카보머, 아크릴레이트/C10-30알킬아크릴레이트크로스폴리머, 암모늄아크릴로일다이메틸타우레이트/브이피코폴리머, 로즈마리잎추출물, 메틸프로판다이올, 에틸헥실글리세린, 콘민트추출물, 아데노신, 트라이소듐에틸렌다이아민다이석시네이트, 글리세린, 폴리에터-1, 시트로넬라오일, 라벤더오일, 리씨열매오일, 잔탄검, 소듐하이알루로네이트(58ppm), 트루로즈오브예리코추출물, 쓴박하추출물, 폴리글루타믹애씨드, 토코페롤, 하이알루로닉애씨드(0.3ppm), 하이드롤라이즈드하이알루로닉애씨드(0.3ppm), 하이드롤라이즈드소듐하이알루로네이트(0.3ppm), 하이드록시프로필트라이모늄하이알루로네이트(0.3ppm), 포타슘하이알루로네이트(0.3ppm), 소듐하이알루로네이트크로스폴리머(0.3ppm), 약모밀추출물, 소듐아세틸레이티드하이알루로네이트(0.01ppm)"
"A000000230227","듀댑 시카티 카밍 아쿠아 선크림 50ml","듀댑","50.0","50.0","ml","","23000","4600.0","[시카티 카밍 아쿠아] 정제수, 호모살레이트, 디에칠아미노하이드록시 벤조일헥실벤조에이트, 부틸렌글라이콜, 에칠헥실살리실 레이트, 이소아밀p-메톡시신나메이트, 에칠헥실트리아존, 실리카, 다이에틸헥실2,6-나프탈레이트, 나이아신 아마이드, 카프릴릴메티콘, 세테아릴올리베이트, 자일리틸글루코사이드, 녹차추출물, 병풀추출물, 구기자 추출물, 육두구추출물, 소듐하이알루로네이트, 아시아 티코사이드, 마데카식애씨드, 돌콩지질, 아시아틱애씨드, 하이알루로닉애씨드, 하이드롤라이즈드글라이코사미노 글리칸, 하이드롤라이즈드하이알루로닉애씨드, 마데카 소사이드, 소듐하이알루로네이트크로스폴리머, 솔비탄 올리베이트, 안하이드로자일리톨, 자일리톨, 다이 프로필렌글라이콜, 폴리메틸실세스퀴옥세인, 하이드록시 아세토페논, 카프릴릭/카프릭트라이글리세라이드, 카프릴릴글라이콜, 알란토인, 아크릴레이트/C10-30 알킬아크릴레이트크로스폴리머, 하이드록시프로필메틸 셀룰로오스스테아록시에터, 암모늄아크릴로일다이메틸 타우레이트/브이피코폴리머, 알지닌, 메틸다이아이소 프로필프로피온아마이드, 아데노신, 1,2-헥산다이올, 토코페롤, 다이포타슘글리시리제이트, 향료, 벤질알코올, 시트랄, 제라니올, 리날룰, 시트로넬올, 헥실신남알, 리모넨"
"A000000230229","듀댑 시카티 선크림 50ml 2종 (톤업/아쿠아)","듀댑","50.0","50.0","ml","","23000","4600.0","[시카티 마일드 톤업] 정제수, 징크옥사이드, 사이클로펜타실록세인, 프로판다이올, 하이드로제네이티드폴리데센, 다이카프릴릴카보네이트, 다이메티콘, 폴리글리세릴-3 폴리다이메틸실록시에틸다이메티콘, 티타늄디옥사이드, 나이아신아마이드, 폴리글리세릴-2다이폴리하이드록시스테아레이트,1,2-헥산다이올, 세테아릴알코올, 아시아티코사이드, 마데카식애씨드,돌콩지질,아시아틱애씨드,하이알루로닉애씨드, 하이드롤라이즈드글라이코사미노글리칸, 녹차추출물, 병풀추출물, 하이드롤라이즈드하이알루로닉애씨드, 마데카소사이드, 자일리틸글루코사이드, 자일리톨, 소듐하이알루로네이트크로스폴리머, 소듐하이알루로네이트, 다이스테아다이모늄헥토라이트, 옥틸도데칸올, 솔비탄세스퀴올리에이트, 페닐트라이메타콘, 풀루란, 다이메티콘크로스폴리머, 알루미늄라이드록사이드, 알란토인, 스테아릭애씨드, 트라이에톡시카프릴릴실레인, 인하이드로자일리톨, 황색산화철, 아데노신, 부틸렌글라이콜, 다이소듐이디티에이, 적색산화철, 향료, 헥사메틸인다노피란, 테트라메틸아세틸옥타하이드로나프탈렌, 트라이메틸벤젠프로판올


[시카티 카밍 아쿠아]  정제수, 호모살레이트, 디에칠아미노하이드록시벤조일헥실벤조에이트, 부틸렌글라이콜, 에칠헥실살리실레이트, 이소아밀-p-메톡시신나메이트, 에칠헥실트리아존, 실리카, 다이에틸헥실2,6-나프탈레이트, 나이아신아마이드, 카프릴릴메티콘, 세테아릴올리베이트, 자일리틸글루코사이드, 녹차추출물, 병풀추출물, 구기자추출물, 육두구추출물,소듐하이알루로네이트, 아시아티코사이드, 마데카식애씨드, 돌콩지질,아시아틱애씨드, 하이알루로닉애씨드, 하이드롤라이즈드글라이코사미노글리칸, 하이드롤라이즈드하이알루로닉애씨드, 마데카소사이드, 소듐하이알루로네이트크로스폴리머,솔비탄올리베이트, 안하이드로자일리톨, 자일리톨, 다이프로필렌글라이콜, 폴리메틸실세스퀴옥세인, 하이드록시아세토페논, 카프릴릭/카프릭트라이글리세라이드,카프릴릴글라이콜,알란토인, 아크릴레이트/C10-30알킬아크릴레이트크로스폴리머, 하이드록시프로필메틸셀룰로오스스테아록시에터, 암모늄아크릴로일다이메틸타우레이트/브이피코폴리머, 알지닌, 메틸다이아이소프로필프로피온아마이드, 아데노신, 1,2-헥산다이올, 토코페롤, 다이포타슘글리시리제이트, 향료, 벤질알코올, 시트랄, 제라니올, 리날룰, 시트로넬올, 헥실신남알, 리모넨"
"A000000230503","[수분탄력/화잘먹썬] 달롭 리추얼 인비저블 UV 디펜스 50ml","달롭","50.0","50.0","ml","","34000","6800.0","정제수, 다이부틸아디페이트, 프로판다이올, 부틸렌글라이콜, 에칠헥실트리아존, 테레프탈릴리덴디캠퍼설포닉애씨드, 나이아신아마이드, 솔비탄세스퀴올리에이트, 폴리메틸실세스퀴옥세인, 디에칠아미노하이드록시벤조일헥실벤조에이트, 트로메타민, 폴리실리콘-15, 비스-에칠헥실옥시페놀메톡시페닐트리아진, 벤조트라이아졸릴도데실p-크레솔, 아이소도데케인, 브이피/에이코신코폴리머, 베타-글루칸, 비피다발효용해물, 락토코쿠스발효용해물, 락토바실러스발효용해물, 인삼추출물, 시조필란, 엑토인, 흰목이버섯추출물, 병풀잎추출물, 아시아티코사이드, 아시아틱애씨드, 마데카식애씨드, 알라닌/히스티딘/라이신폴리펩타이드카퍼에이치씨엘, 아세틸테트라펩타이드-3, 아세틸헥사펩타이드-1, 카퍼트라이펩타이드-1, 하이드롤라이즈드디엔에이, 아데노신, 하이드롤라이즈드하이알루로닉애씨드, 하이알루로닉애씨드, 하이드롤라이즈드소듐하이알루로네이트, 소듐하이알루로네이트, 포타슘하이알루로네이트, 소듐하이알루로네이트크로스폴리머, 하이드록시프로필트라이모늄하이알루로네이트, 소듐아세틸레이티드하이알루로네이트, 하이드로제네이티드레시틴, 편백수, 아이리쉬모스추출물, 불가리스쑥추출물, 세라마이드엔피, 판테놀, 알란토인, 글리세린, 에리스리톨, 징크피씨에이, 베타인, 실리카, 카페인, 1,2-헥산다이올, 암모늄아크릴로일다이메틸타우레이트/브이피코폴리머, 하이드록시아세토페논, 세테아릴알코올, 포타슘세틸포스페이트, 팔미틱애씨드, 스테아릭애씨드, 폴리아크릴레이트크로스폴리머-6, 아크릴레이트/C10-30알킬아크릴레이트크로스폴리머, 카프릴릴글라이콜, 다이프로필렌글라이콜, 카프릴릴/카프릴글루코사이드, 글리세릴스테아레이트, 폴리글리세릴-10라우레이트, 폴리글리세릴-10올리에이트, 멘톨, 향료"
"A000000230611","[한겹밀착] 라운드랩 소나무 진정 시카 선크림 40ml","라운드랩","40.0","40.0","ml","24000","16080","4020.0","정제수, 다이부틸아디페이트, 디에칠아미노하이드록시벤조일헥실벤조에이트, 코코-카프릴레이트/카프레이트, 프로판다이올, 에칠헥실트리아존, 나이아신아마이드, 메칠렌비스-벤조트리아졸릴테트라메칠부틸페놀, 글리세린, 카프릴릴메티콘, 디에칠헥실부타미도트리아존, 1,2-헥산다이올, 부틸렌글라이콜, 펜틸렌글라이콜, 폴리메틸실세스퀴옥세인, 베헤닐알코올, 폴리글리세릴-3메틸글루코오스다이스테아레이트, 폴리C10-30알킬이크릴레이트, 데실글루코사이드, 트로메타민다이메티콘/비닐다이메티콘크로스폴리머, 메틸프로판다이올, 카보머, 다이메티콘올, 트라이실록세인, 아크릴레이트/C10-30알킬아크릴레이트크로스폴리머, 소나무잎추출물(1,000 ppm), 잇꽃꽃추출물, 소듐스테아로일글루타메이트, 베르가모트오일, 폴리아크릴레이트크로스폴리머-6, 에틸헥실글리세린, 아데노신,덱스트린, 치자추출물, 소듐폴리아크릴레이트,귀리커넬추출물, 구주소나무잎오일(225 ppm),아티초크잎추출물, 폴리쿼터늄-51, 녹차수, 베타-글루칸, 하이드로제네이티드레시틴, 잔탄검, 센티드제라늄꽃오일, 해바라기씨오일, 로즈마리잎오일, 폴리에터-1, 녹차추출물, 흰버드나무껍질추출물, 오카무라큰실말추출물, 병풀잎추출물(10.6 ppm), 병풀추출물(10 ppm), 커피콩추출물, 레몬그라스잎오일, 베르가모트잎추출물, 토코페롤, 글라이코프로테인(0.2 ppm), 마데카소사이드(0.01 ppm), 소듐하이알루로네이트, 피브이엠/엠에이코폴리머, 마데카식애씨드(0.01 ppm), 아시아티코사이드(0.01 ppm), 아시아틱애씨드(0.01 ppm), 하이드롤라이즈드하이알루로닉애씨드, 소듐아세틸레이티드하이알루로네이트, 리모넨, 리날룰,시트로넬올, 제라니올"
"A000000230625","[민감진정] 라운드랩 소나무 진정 시카 무기자차 선크림 40ml 기획 (+소나무 클렌저 10ml)","라운드랩","40.0","50.0","ml","24000","15900","3180.0","정제수, 징크옥사이드 (CI 77947), 프로필헵틸카프릴레이트, 부틸옥틸살리실레이트, 프로판다이올, 펜틸렌글라이콜, 에틸헥실메톡시크릴렌, 나이아신아마이드, 글리세릴스테아레이트시트레이트, 소나무잎추출물, 베르가모트오일, 구주소나무잎오일, 인도멀구슬나무잎추출물, 인도멀구슬나무꽃추출물, 로즈마리잎오일, 해바라기씨오일, 소듐하이알루로네이트, 센티드제라늄꽃오일, 아이비고드열매추출물, 호박가루, 가지열매추출물, 울금뿌리추출물, 홀리바질잎추출물, 참산호말추출물, 드럼스틱씨오일, 병풀추출물, 레몬그라스잎오일, 호호바씨오일, 녹차추출물, 병풀잎추출물, 오카무라큰실말추출물, 흰버드나무껍질추출물, 커피콩추출물, 베르가모트잎추출물, 하이알루로닉애씨드, 하이드롤라이즈드하이알루로닉애씨드, 아이소헥사데칸, 라우릴다이메티콘, 폴리메틸실세스퀴옥세인, 트라이에톡시카프릴릴실레인, 하이드로제네이티드돌콩폴리글리세라이즈, 폴리글리세릴-6스테아레이트, 폴리하이드록시스테아릭애씨드, 포타슘세틸포스페이트, 1,2-헥산다이올, 메틸메타크릴레이트크로스폴리머, 다이메티콘/비닐다이메티콘크로스폴리머, 하이드록시에틸우레아, 글리세린, C15-23알케인, 하이드록시프로필메틸셀룰로오스스테아록시에터, 폴리아크릴레이트크로스폴리머-6, 소듐폴리아크릴로일다이메틸타우레이트, 메틸프로판다이올, 폴리글리세릴-6베헤네이트, 폴리에터-1, 알란토인, 암모늄아크릴로일다이메틸타우레이트/브이피코폴리머, 아데노신, 아세틸글루코사민, 실리카, 하이드록시아세토페논, 바이오사카라이드검-1, 부틸렌글라이콜, 소듐하이알루로네이트크로스폴리머, 카프릴릴글라이콜, 글라이코프로테인, 데실글루코사이드, 베타-시토스테롤, 폴리글리세릴-10스테아레이트, 하이드로제네이티드레시틴, 아시아틱애씨드, 아시아티코사이드, 마데카식애씨드, 마데카소사이드, 에틸헥실글리세린, 세테아릴알코올, 리모넨, 리날룰, 시트로넬올, 제라니올, 시트랄"
"A000000230884","[PDRN 화잘먹 선세럼] 아렌시아 딥 워터 써지 선 세럼 50ml 1+1 기획","아렌시아","50.0","100.0","ml","","25000","2500.0","정제수, 다이부틸아디페이트, 프로판다이올, 디에칠아미노하이드록시벤조일헥실벤조에이트, 부틸 옥틸살리실레이트, 에칠헥실트리아존, 메칠렌비스-벤 조트리아졸릴테트라메칠부틸페놀, 부틸렌글라이콜, 나이아신아마이드, 디이소부틸아디페이트, 디에칠헥 실부타미도트리아존, 1,2-헥산다이올, 비스-에칠헥실 옥시페놀메톡시페닐트리아진, 카프릴릴메티콘, C12- 15알킬벤조에이트, 다이아이소프로필세바케이트, 판 테놀, 소듐하이알루로네이트, 소듐아세틸레이티드하 이알루로네이트, 하이드롤라이즈드하이알루로닉애씨 드, 세라마이드엔피, 소듐디엔에이, 트라이펩타이드-1, 아세틸헥사펩타이드-8, 카퍼트라이펩타이드-1, 팔미 토일펜타펩타이드-4, 헥사펩타이드-9, 녹차추출물, 쌀지게미추출물, 캐모마일꽃추출물, 펜틸렌글라이콜, 베헤닐알코올, 폴리C10-30알킬아크릴레이트, 실리카, 폴리글리세릴-6스테아레이트, 데실글루코사이드, 트 로메타민, 카보머, 아크릴레이트/C10-30알킬아크릴 레이트크로스폴리머, 폴리아크릴레이트크로스폴리머 -11, 소듐스테아로일글루타메이트, 폴리글리세릴-6베 헤네이트, 에틸헥실글리세린, 아데노신, 글리세린, 잔 탄검, 토코페롤, 하이드로제네이티드레시틴, 피이지- 10레이프씨드스테롤, 다이프로필렌글라이콜, 쌀추출 물, 글리세릴스테아레이트, 글리세레스-20, 락토바실 러스/쌀발효물, 카프릴릴글라이콜, 병풀추출물, 다이 소듐이디티에이, 브로멜라인, 오리자놀, 파파인, 프로 테아제, 리파아제, 코직다이팔미테이트"
"A000000230919","[리뉴얼/화잘먹선] 듀이트리 어반 쉐이드 수분 세럼 선 50ml 더블 기획","듀이트리","50.0","100.0","ml","30000","24000","2400.0","정제수,  다이부틸아디페이트, 프로판다이올, 다이아이소 프로필세바케이트, 나이아신아마이드, 에칠헥실트리아존, 테레 프탈릴리덴디캠퍼설포닉애씨드, 1,2-헥산다이올, 비스-에칠헥실 옥시페놀메톡시페닐트리아진, 폴리글리세릴-3다이스테아레이 트, 트로메타민, 폴리메틸실세스퀴옥세인, 카프릴릴메티콘, 디에 칠아미노하이드록시벤조일헥실벤조에이트, 세테아릴알코올, 판 테놀, 솔비탄아이소스테아레이트, 메틸메타크릴레이트크로스폴 리머, 폴리C10-30알킬아크릴레이트, 소듐스테아로일글루타메이 트, 다이프로필렌글라이콜, 소듐폴리아크릴로일다이메틸타우레 이트, 아크릴레이트/C10-30알킬아크릴레이트크로스폴리머, 실 리카, 글리세릴스테아레이트시트레이트, 하이드록시프로필메틸 셀룰로오스스테아록시에터, 에틸헥실글리세린, 아데노신, 다이포 타슘글리시리제이트, 토코페롤, 일랑일랑꽃오일, 자작나무수액, 글리세릴글루코사이드, 글리세린, 소듐구아이아줄렌설포네이트, 부틸렌글라이콜, 글루타티온, 다마스크장미꽃오일, 카프릴릭/카 프릭트라이글리세라이드, 하이드롤라이즈드익스텐신, 글루코오 스, 하이드로제네이티드레시틴, 3-O-에틸아스코빅애씨드, 토마토 추출물, 소듐하이알루로네이트, 카프릴릴글라이콜, 아세틸헥사펩 타이드-8, 하이알루로닉애씨드, 하이드롤라이즈드하이알루로닉 애씨드, 하이드롤라이즈드소듐하이알루로네이트, 하이드록시프 로필트라이모늄하이알루로네이트, 포타슘하이알루로네이트, 소 듐하이알루로네이트크로스폴리머, 펜틸렌글라이콜, 소듐아세틸 레이티드하이알루로네이트"
"A000000231221","보호 하이퍼 디펜스 선스크린 50ml","BOHO","50.0","50.0","ml","","25000","5000.0","정제수,다이부틸아디페이트, 부틸옥틸살리실레이트,다이메티콘, 프로판다이올,에칠헥실트리아존,폴리메틸실세스퀴옥세인,디에칠아미노하이드록시벤조일헥실벤조에이트,나이아신아마이드,드로메트리졸트리실록산,메칠렌비스-벤조트리아졸릴테트라메칠부틸페놀,부틸렌글라이콜,1,2-헥산다이올,펜틸렌글라이콜,글리세린,티트리추출물, 베헤닐알코올, 실리카,폴리글리세릴-3메틸글루코오스다이스테아레이트,데실글루코사이드,트로메타민,카보머,브이피/에이코신코폴리머,아크릴레이트/C10-30알킬아크릴레이트크로스폴리머,소듐폴리아크릴로일다이메틸타우레이트,에틸헥실글리세린,소듐스테아로일글루타메이트,소듐폴리아크릴레이트, 폴리아크릴레이트크로스폴리머-6,아데노신,잇꽃꽃추출물, 폴리에터-1,잔탄검,덱스트린, 치자추출물,소듐하이알루로네이트,토코페롤"
"A000000231353","[화해1위] 땡큐파머 선프로젝트 스킨 릴리프 논코메도제닉 선크림 50ml","땡큐파머","50.0","50.0","ml","24000","15600","3120.0","정제수, 다이부틸아디페이트, 프로판다이올, 디에칠아미노하이드록시벤조일헥실벤조에이트, 폴리메틸실세스퀴옥세인, 에칠헥실트리아존, 나이아신아마이드, 메칠렌비스-벤조트리아졸릴테트라메칠부틸페놀, 코코-카프릴레이트/카프레이트, 카프릴릴메티콘, 디에칠헥실부타미도트리아존, 글리세린, 부틸렌글라이콜, 1,2-헥산다이올, 펜틸렌글라이콜, 병풀추출물, 멕시칸치아씨추출물, 가지열매추출물, 트루로즈오브예리코추출물, 인동덩굴꽃추출물, 당개나리열매추출물, 참당귀뿌리추출물, 천궁뿌리추출물, 치자추출물, 황련뿌리추출물, 감초뿌리추출물, 베헤닐알코올, 폴리C10-30알킬아크릴레이트, 폴리글리세릴-3메틸글루코오스다이스테아레이트, 데실글루코사이드, 트로메타민, 카보머, 아크릴레이트/C10-30알킬아크릴레이트크로스폴리머, 소듐스테아로일글루타메이트, 폴리아크릴레이트크로스폴리머-6, 에틸헥실글리세린, 아데노신, 잔탄검, t-부틸알코올, 토코페롤"
"A000000231830","마녀공장 히알루론 하이드레이팅 선크림 50ml SPF50+ PA++++","마녀공장","50.0","50.0","ml","26000","15900","3180.0","정제수, 다이부틸아디페이트, 프로판다이올, 에칠헥실트리아존, 폴리메틸실세스퀴옥세인, 디에칠아미노하이드록시벤조일헥실벤조에이트, 메칠렌비스-벤조트리아졸릴테트라메칠부틸페놀, 드로메트리졸트리실록산, 나이아신아마이드, 코코-카프릴레이트/카프레이트, 카프릴릴메티콘, 글리세린, 1,2-헥산다이올, 부틸렌글라이콜, 펜틸렌글라이콜, 베헤닐알코올, 폴리C10-30알킬아크릴레이트, 브이피/에이코신코폴리머, 폴리글리세릴-3메틸글루코오스다이스테아레이트, 데실글루코사이드, 트로메타민, 카보머, 아크릴레이트/C10-30알킬아크릴레이트크로스폴리머, 소듐스테아로일글루타메이트, 폴리아크릴레이트크로스폴리머-6, 에틸헥실글리세린, 아데노신, 참마뿌리추출물, 당느릅나무뿌리추출물, 알로에베라잎추출물, 다시마추출물, 제비꽃꽃추출물, 잔탄검, 하이드롤라이즈드하이알루로닉애씨드(100ppm), 토코페롤, 판테놀, 스쿠알란, 하이드로제네이티드레시틴, 병풀추출물, 무화과추출물, 녹차추출물, 은행나무잎추출물, 밀싹추출물, 동백나무잎추출물, 브로콜리싹추출물, 자주개자리추출물, 로켓잎추출물, 세라마이드엔피, 수국잎추출물, 밤부사 불가리스싹추출물, 밤부사 불가리스잎/줄기추출물, 밤부사 불가리스수, 다이메틸실란올하이알루로네이트, 하이드롤라이즈드소듐하이알루로네이트, 포타슘하이알루로네이트, 하이알루로닉애씨드, 소듐하이알루로네이트, 소듐하이알루로네이트크로스폴리머, 하이드록시프로필트라이모늄하이알루로네이트, 소듐하이알루로네이트다이메틸실란올, 소듐아세틸레이티드하이알루로네이트, 향료"
"A000000232723","[화잘먹 선케어] 달바 에센스 선크림 듀오 기획 (50ml+50ml)","달바","50.0","100.0","ml","","51000","5100.0","정제수, 에칠헥실메톡시신나메이트, 호모살레이트, 부틸렌글라이콜, 에칠헥실살리실레이트, 디에칠아미노하이드록시벤조일헥실벤조에이트, 실리카, 에칠헥실트리아존, 나이아신아마이드, 벤조트라이아졸릴도데실p-크레솔, 1,2-헥산다이올, 카프릴릴메티콘, 펜틸렌글라이콜, 멕시칸치아씨추출물, 병풀추출물, 쇠비름추출물, 약모밀추출물, 울금뿌리추출물, 풍선덩굴꽃/잎/덩굴추출물, 흰서양송로추출물, 포도주추출물, 오렌지오일, 필리핀오렌지껍질오일, 에키움 플란타기네움씨오일, 리씨열매오일, 해바라기씨오일, 폴리메틸실세스퀴옥세인, 카프릴릭/카프릭/석시닉트라이글리세라이드, 암모늄아크릴로일다이메틸타우레이트/브이피코폴리머, 프로판다이올, 사카라이드하이드롤리세이트, 옥틸도데칸올, 아크릴레이트/C10-30알킬아크릴레이트크로스폴리머, 트로메타민, 하이드록시프로필메틸셀룰로오스스테아록시에터, 에틸헥실글리세린, 아데노신, 해바라기씨오일불검화물, 자일리틸글루코사이드, 안하이드로자일리톨, 자일리톨, 토코페롤, 소듐피씨에이, 글루코오스, 리모넨, 시트랄"
"A000000232725","[생기톤업/스웨트프루프] 달바 핑크 톤업 선크림 듀오 기획 (50ml+50ml)","달바","50.0","100.0","ml","","51000","5100.0","정제수, 다이부틸아디페이트, 프로판다이올, 티타늄디옥사이드, 카프릴릭/카프릭트라이글리세라이드, C12-15알킬벤조에이트, 디에칠아미노하이드록시벤조일헥실벤조에이트, 카프릴릴메티콘, 에칠헥실트리아존, 나이아신아마이드, 글리세린, 디에칠헥실부타미도트리아존, 1,2-헥산다이올, 펜틸렌글라이콜, 쇠비름추출물, 분홍바늘꽃꽃/잎/줄기추출물, 페루기네움철쭉추출물, 병풀추출물, 복사나무꽃추출물, 복숭아추출물, 세룰라타벚나무꽃추출물, 알로에베라잎추출물, 약모밀추출물, 흰서양송로추출물, 오렌지오일, 필리핀오렌지껍질오일, 소듐하이알루로네이트, 리씨열매오일, 다마스크장미꽃수, 자작나무수액, 판테놀, 폴리하이드록시스테아릭애씨드, 다이메티콘/비닐다이메티콘크로스폴리머, 브이피/에이코신코폴리머, 다이메티콘올, 트라이실록세인, 코코-카프릴레이트/카프레이트, 스테아릭애씨드, 소듐폴리아크릴로일다이메틸타우레이트, 암모늄폴리아크릴로일다이메틸타우레이트, 알루미나, 하이드록시프로필메틸셀룰로오스스테아록시에터, 다이카프릴릴카보네이트, 잔탄검, 에틸헥실글리세린, 아데노신, 소듐폴리아크릴레이트, 트라이에톡시카프릴릴실레인, t-부틸알코올, 피브이엠/엠에이코폴리머, 폴리에터-1, 하이드롤라이즈드하이알루로닉애씨드, 알란토인, 부틸렌글라이콜, 토코페롤, 다이소듐포스페이트, 시트릭애씨드, 카프릴릴글라이콜, 황색산화철, 적색산화철, 리모넨, 시트랄"
"A000000233007","[NEW] 오휘 데이쉴드 퍼펙트 선 50ml 2종 택1","오휘","50.0","50.0","ml","45000","36000","7200.0","[레드]
정제수, 에칠헥실메톡시신나메이트, 다이프로필렌글라이콜, 아이소도데케인, 징크옥사이드, 에칠헥실살리실레이트, 솔비탄올리베이트, 디에칠아미노하이드록시벤조일헥실벤조에이트, 다이카프릴릴카보네이트, 글리세린, 사이클로펜타실록세인, 아이소헥사데칸, 티타늄디옥사이드, 다이스테아다이모늄헥토라이트, 티타늄디옥사이드(CI 77891), 비스-에칠헥실옥시페놀메톡시페닐트리아진, 판테놀, 페네틸벤조에이트, 카프릴릭/카프릭트라이글리세라이드, 글리세릴카프릴레이트, 피이지-30다이폴리하이드록시스테아레이트, 나일론-12, 탤크, 알루미늄하이드록사이드, 스테아릭애씨드, 트라이에톡시카프릴릴실레인, 크로뮴옥사이드그린, 에틸헥실글리세린, 아이소데실네오펜타노에이트, 마이카, 스테아릴글리시레티네이트, 다이메티콘, 마그네슘설페이트, 아데노신, 육두구추출물, 드럼스틱씨오일, 토코페롤, 크리신, 1,2-헥산다이올, 석류추출물, 향료, 하이드록시시트로넬알, 리모넨, 리날룰

[블랙]
정제수, 에칠헥실메톡시신나메이트, 다이프로필렌글라이콜, 아이소도데케인, 징크옥사이드, 에칠헥실살리실레이트, 솔비탄올리베이트, 디에칠아미노하이드록시벤조일헥실벤조에이트, 다이카프릴릴카보네이트, 글리세린, 나이아신아마이드, 사이클로펜타실록세인, 아이소헥사데칸, 티타늄디옥사이드, 다이스테아다이모늄헥토라이트, 비스-에칠헥실옥시페놀메톡시페닐트리아진, 판테놀, 페네틸벤조에이트, 카프릴릭/카프릭트라이글리세라이드, 메틸메타크릴레이트크로스폴리머, 글리세릴카프릴레이트, 피이지-30다이폴리하이드록시스테아레이트, 알루미늄하이드록사이드, 스테아릭애씨드, 트라이에톡시카프릴릴실레인, 마이카, 에틸헥실글리세린, 아이소데실네오펜타노에이트, 스테아릴글리시레티네이트, 황색산화철, 마그네슘설페이트, 육두구추출물, 적색산화철, 흑색산화철, 드럼스틱씨오일, 다이페닐실록시페닐트라이메티콘, 트라이에톡시실릴에틸폴리다이메틸실록시에틸헥실다이메티콘, 토코페롤, 크리신, 1,2-헥산다이올, 홍차추출물, 향료, 하이드록시시트로넬알, 리모넨, 리날룰"
"A000000233590","[NEW/3색톤업] 이즈앤트리 어니언 뉴페어 퍼플 톤업 선크림 50ml","이즈앤트리","50.0","50.0","ml","24000","16800","3360.0","정제수, 부틸렌글라이콜, 티타늄디옥사이드 (CI 77891), 프로판다이올, 다이부틸아디페이트, 나이아신아마이드, 아이소노닐아이소노나노에이트, 부틸옥틸살리실레이트, 디에칠아미노하이드록시벤조일헥실벤조에이트, 다이아이소프로필세바케이트, 펜틸렌글라이콜, 베헤닐알코올, 스핑고모나스발효추출물, 양파추출물, 소듐하이알루로네이트, 녹차추출물, 라벤더꽃추출물, 비스-에칠헥실옥시페놀메톡시페닐트리아진, 다이페닐실록시페닐트라이메티콘, 에칠헥실트리아존, 폴리실리콘-15, 테레프탈릴리덴디캠퍼설포닉애씨드, 트라이메틸실록시실리케이트, 아이소도데케인, 폴리하이드록시스테아릭애씨드, 포타슘세틸포스페이트, 소듐폴리아크릴로일다이메틸타우레이트, 1,2-헥산다이올, 다이메티콘/비닐다이메티콘크로스폴리머, 글리세린, 트로메타민, 옥틸도데칸올, 판테놀, 알루미늄하이드록사이드, 피브이피, 스테아릭애씨드, 하이드록시아세토페논, 하이드록시에틸아크릴레이트/소듐아크릴로일다이메틸타우레이트코폴리머, 암모늄폴리아크릴로일다이메틸타우레이트, 폴리글리세릴-4아이소스테아레이트, 마이크로크리스탈린셀룰로오스, 폴리글리세릴-2다이폴리하이드록시스테아레이트, 다이포타슘글리시리제이트, 실리카, 아이소프로필티타늄트라이아이소스테아레이트, 아데노신, 트라이소듐에틸렌다이아민다이석시네이트, 트라이에톡시카프릴릴실레인, 셀룰로오스검, 네오펜틸글라이콜다이에틸헥사노에이트, 하이드로제네이티드레시틴, 폴리글리세릴-10스테아레이트, 에틸헥실글리세린, 알란토인, 아스코빌글루코사이드, 카프릴릭/카프릭트라이글리세라이드, 토코페롤, 알지닌/라이신폴리펩타이드, 폴리글리세릴-10라우레이트, 페룰릭애씨드, 글루타티온, 쿼세틴, 울트라마린 (CI 77007)"
"A000000235109","[수분장벽/포곤콜라보] 리얼베리어 세라 수분 장벽 선크림 50ml 기획 (+띠부실 랜덤 증정)","리얼베리어","50.0","50.0","ml","28000","15000","3000.0","정제수, 다이아이소프로필세바케이트, 부틸옥틸살리실레이트, 다이부틸아디페이트, 에칠헥실트리아존, 폴리메틸실세스퀴옥세인, 디에칠아미노하이드록시벤조일헥실벤조에이트, 나이아신아마이드, 드로메트리졸트리실록산, 메칠렌비스-벤조트리아졸릴테트라메칠부틸페놀, 코코-카프릴레이트/카프레이트, 프로판다이올, 카프릴릴메티콘, 글리세린, 1, 2-헥산다이올, 펜틸렌글라이콜, 부틸렌글라이콜, 귀리커넬추출물, 아티초크잎추출물, 풍선덩굴꽃/잎/덩굴추출물, 향기제비꽃잎추출물, 에키움 플란타기네움씨오일, 녹차수, 하이드로제네이티드레시틴, 연필향나무오일, 불가리스쑥오일, 광곽향오일, 로즈마리잎오일, 베헤닐알코올, 폴리C10-30알킬아크릴레이트, 폴리글리세릴-3메틸글루코오스다이스테아레이트, 옥틸도데칸올, 데실글루코사이드, 메틸프로판다이올, 트로메타민, 카보머, 아크릴레이트/C10-30알킬아크릴레이트크로스폴리머, 소듐스테아로일글루타메이트, 폴리아크릴레이트크로스폴리머-6, 에틸헥실글리세린, 아데노신, 폴리쿼터늄-51, 베타-글루칸, 해바라기씨오일불검화물, 잔탄검, 토코페롤, 미리스토일/팔미토일옥소스테아라마이드/아라카마이드엠이에이, 비스-카프릴로일옥시팔미타미도아이소프로판올(1,000 ppb) 올레아놀릭애씨드, 카프릴릴글라이콜, 다이하이드록시아이소프로필팔모일팜아마이드(1,000 ppb)"
"A000000235505","[NEW] 티르티르 에어 핏 히아시스 선크림 50ml","티르티르","50.0","50.0","ml","25000","17500","3500.0","정제수, 부틸옥틸살리실레이트, 프로판다이올, 에칠헥실트리아존, 폴리메틸실세스퀴옥세인, 다이부틸아디페이트, 디에칠아미노하이드록시벤조일헥실벤조에이트, 나이아신아마이드, 드로메트리졸트리실록산, 메칠렌비스-벤조트리아졸릴테트라메칠부틸페놀, 코코-카프릴레이트/카프레이트, 카프릴릴메티콘, 글리세린, 1,2-헥산다이올, 부틸렌글라이콜, 펜틸렌글라이콜, 베헤닐알코올, 폴리C10-30알킬아크릴레이트, 폴리글리세릴-3메틸글루코오스다이스테아레이트, 데실글루코사이드, 트로메타민, 향료, 카보머, 아크릴레이트/C10-30알킬아크릴레이트크로스폴리머, 에틸헥실글리세린, 메톡시페닐에테닐t-부틸벤조에이트, 소듐스테아로일글루타메이트, 폴리아크릴레이트크로스폴리머-6, 아데노신, 잔탄검, 다이메틸아이소소바이드, 소듐하이알루로네이트크로스폴리머, t-부틸알코올, 토코페롤, 올레일알코올, 글루타티온, 아스코빅애씨드, 병풀잎추출물, 실리카, 메틸프로판다이올, 폴리에스터-5, 소듐클로라이드, 폴리에터-1, 소듐하이알루로네이트, 약모밀추출물, 다이메틸실란올하이알루로네이트, 하이드롤라이즈드하이알루로닉애씨드, 하이드롤라이즈드소듐하이알루로네이트, 하이알루로닉애씨드, 오죽잎추출물, 포타슘하이알루로네이트, 하이드록시프로필트라이모늄하이알루로네이트, 소듐하이알루로네이트다이메틸실란올, 소듐아세틸레이티드하이알루로네이트, 글라이신, 글루타믹애씨드, 알지닌, 소듐디엔에이"
"A000000235506","[NEW] 티르티르 에어 핏 히아시스 선세럼 50ml","티르티르","50.0","50.0","ml","25000","17500","3500.0","정제수, 부틸옥틸살리실레이트, 카프릴릴메티콘, 에칠헥실트리아존, 나이아신아마이드, 드로메트리졸트리실록산, 테레프탈릴리덴디캠퍼설포닉애씨드, 글리세린, 디에칠아미노하이드록시벤조일헥실벤조에이트, 다이에틸헥실2,6-나프탈레이트, 트로메타민, 1,2-헥산다이올, 폴리메틸메타크릴레이트, 펜틸렌글라이콜, 다이부틸아디페이트, 비스-에칠헥실옥시페놀메톡시페닐트리아진, 셀룰로오스검, 코코넛야자오일, 폴리C10-30알킬아크릴레이트, 옥틸도데실네오펜타노에이트, 라우릴락테이트, 폴리아마이드-8, 다이메티콘/비닐다이메티콘크로스폴리머, 폴리글리세릴-3메틸글루코오스다이스테아레이트, 다이메티콘올, 트라이실록세인, 수베르참나무껍질추출물, 폴리메틸실세스퀴옥세인, 향료, 하이드로제네이티드캐스터오일/세바식애씨드코폴리머, 소듐스테아로일글루타메이트, 아크릴레이트/C10-30알킬아크릴레이트크로스폴리머, 카보머, 에틸헥실글리세린, 메톡시페닐에테닐t-부틸벤조에이트, 소듐아크릴레이트/소듐아크릴로일다이메틸타우레이트코폴리머, 이눌린라우릴카바메이트, 참나무뿌리추출물, 아데노신, 아이소헥사데칸, 동백나무씨추출물, 테트라카복시메틸헥사노일다이펩타이드-12, 3-O-에틸아스코빅애씨드, 다이메틸아이소소바이드, 소듐하이알루로네이트크로스폴리머, 올레일알코올, 펜타에리스리틸테트라-다이-t-부틸하이드록시하이드로신나메이트, 글루타티온, 아스코빅애씨드, 토코페롤, 메틸프로판다이올, 폴리에스터-5, 부틸렌글라이콜, 폴리에터-1, 피토스테릴글루코사이드/글루코실세라마이드, 소듐하이알루로네이트, 소듐올리에이트, 폴리글리세릴-5라우레이트, 다이메틸실란올하이알루로네이트, 하이드롤라이즈드하이알루로닉애씨드, 하이드롤라이즈드소듐하이알루로네이트, 하이알루로닉애씨드, 포타슘하이알루로네이트, 하이드록시프로필트라이모늄하이알루로네이트, 소듐벤조에이트, 쌀추출물, 소듐하이알루로네이트다이메틸실란올, 소듐아세틸레이티드하이알루로네이트, 귀리가루추출물, 콩추출물, 글라이신, 글루타믹애씨드, 알지닌, 소듐디엔에이"
"A000000236501","헤라 UV프로텍터 부스팅 베이스 35ml","헤라","35.0","35.0","ml","58000","46980","13422.9","정제수, 에칠헥실메톡시신나메이트, 프로판다이올, 나이아신아마이드, 1,2-헥산다이올, 비스-에칠헥실옥시페놀메톡시페닐트리아진, 디에칠아미노하이드록시벤조일헥실벤조에이트, 베헤닐알코올, 페닐트라이메티콘, 카프릴릴메티콘, 아라키딜알코올, 카프릴릴글라이콜, 글리세릴카프릴레이트, 소듐폴리아크릴로일다이메틸타우레이트, 에틸헥실글리세린, 아라키딜글루코사이드, 폴리아크릴레이트크로스폴리머-6, 향료, 아데노신, 타우린, 소듐메타포스페이트, 하이드롤라이즈드옥수수전분, 소나무잎추출물, 비에이치티, 프로필렌글라이콜, 리모넨, 소듐하이알루로네이트, 리날룰, 토코페롤"
"A000000236819","[화잘먹광채/1+1] 메디큐브 PDRN 핑크 톤업 선크림 50ml 더블기획","메디큐브","50.0","100.0","ml","33500","22900","2290.0","정제수, 아이소노닐아이소노나노에이트, 다이프로필렌글라이콜, 카프릴릭/카프릭트라이글리세라이드, 티타늄디옥사이드, 다이부틸아디페이트, 다이아이소프로필세바케이트, 에칠헥실트리아존, 메틸트라이메티콘, 나이아신아마이드, 비스-에칠헥실옥시페놀메톡시페닐트리아진, 메칠렌비스-벤조트리아졸릴테트라메칠부틸페놀, 솔비탄아이소스테아레이트, 베헤닐알코올, 디에칠아미노하이드록시벤조일헥실벤조에이트, 폴리메틸실세스퀴옥세인, 포타슘세틸포스페이트, C13-15알케인, 1,2-헥산다이올, 카프릴릴글라이콜, 글리세린, 실리카, 데실글루코사이드, 암모늄폴리아크릴로일다이메틸타우레이트, 폴리아크릴레이트-13, 폴리하이드록시스테아릭애씨드, 아크릴레이트/C10-30알킬아크릴레이트크로스폴리머, 향료, 소듐폴리아크릴레이트, 트로메타민, 알루미나, 스테아릭애씨드, 하이드로제네이티드폴리아이소부텐, 다이메티콘/비닐다이메티콘크로스폴리머, 에틸헥실글리세린, 하이드록시프로필메틸셀룰로오스스테아록시에터, 아데노신, 다이소듐이디티에이, 폴리글리세릴-10라우레이트, 알루미늄하이드록사이드, 사이아노코발아민, 에틸헥실팔미테이트, 트라이에톡시카프릴릴실레인, 잔탄검, t-부틸알코올, 글리세릴아크릴레이트/아크릴릭애씨드코폴리머, 소듐하이알루로네이트, 콜라겐추출물, 하이드롤라이즈드하이알루로닉애씨드, 하이드롤라이즈드소듐하이알루로네이트, 하이드록시프로필트라이모늄하이알루로네이트, 소듐아세틸레이티드하이알루로네이트, 소듐하이알루로네이트크로스폴리머, 글루타티온, 하이알루로닉애씨드, 펜틸렌글라이콜, 포타슘하이알루로네이트, 소듐디엔에이(0.05 ppb)"
"A000000237832","[NEW] 오휘 데이쉴드 나이아신아마이드 5% 톤업 선 30ml","오휘","30.0","30.0","ml","34000","27200","9066.7","나이아신아마이드(5%) 에칠헥실메톡시신나메이트 디에칠아미노하이드록시벤조일헥실벤조에이트 에칠헥실살리실레이트 페닐벤즈이미다졸석포닉애씨드 티타늄디옥사이드 비스-에칠실옥시페놀메톡시페닐트리아진"
"A000000237839","[청담샵PICK/잡티커버] 누메 파데프리 콜라겐 톤업 선크림 50ml","누메","50.0","50.0","ml","32000","27200","5440.0","정제수, 징크옥사이드, 사이클로헥사실록세인, 부틸옥틸살리실레이트, 프로판다이올, 프로필헵틸카프릴레이트, 카프릴릴메티콘, 폴리글리세릴-3폴리다이메틸실록시에틸다이메티콘, 티타늄디옥사이드, 나이아신아마이드, C12-15알킬벤조에이트, 메틸트라이메티콘, 메틸메타크릴레이트크로스폴리머, 다이프로필렌글라이콜, 폴리메틸실세스퀴옥세인, 트라이에톡시카프릴릴실레인, 다이스테아다이모늄헥토라이트, 마그네슘설페이트, 1,2-헥산다이올, 글리세린, 폴리글리세릴-2다이폴리하이드록시스테아레이트, 라우릴폴리글리세릴-3폴리다이메틸실록시에틸다이메티콘, 황색산화철, 오렌지오일, 글리세릴카프릴레이트, 카프릴릴글라이콜, 에틸헥실글리세린, 알루미늄하이드록사이드, 적색산화철, 아데노신, 필리핀오렌지껍질오일, 소듐하이알루로네이트, 리씨열매오일, 흑색산화철, 토코페롤, 합성플루오르플로고파이트, 하이드롤라이즈드콜라겐, 엑토인, 부틸렌글라이콜, 글라이신, 글루타믹애씨드, 알지닌, 소듐디엔에이, 리모넨, 시트랄"
"A000000239955","[포실톤업] 키노닉스 토마토 로지 톤업 선크림 50g (SPF50+/PA++++)","키노닉스","50.0","50.0","g(약 1ml 상당으로 근사)","22000","12800","2560.0","정제수, 징크옥사이드 (CI 77947), 부틸옥틸살리실레이트, 프로판다이올, 카프릴릴메티콘, 다이메티콘, 메틸트라이메티콘, 세틸다이글리세릴트리스(트라이메틸실록시)실릴에틸다이메티콘, 다이카프릴릴카보네이트, 아이소도데케인, 라우릴폴리글리세릴-3폴리다이메틸실록시에틸다이메티콘, 메틸메타크릴레이트크로스폴리머, 토마토추출물(100ppm), 하이드롤라이즈드하이알루로닉애씨드, 병풀잎추출물, 쑥잎수, 양배추추출물, 브로콜리추출물, 오크라열매추출물, 시금치추출물, 마그네슘설페이트, 아크릴레이트코폴리머, 다이스테아다이모늄헥토라이트, 트라이에톡시카프릴릴실레인, 1,2-헥산다이올, 벤조트라이아졸릴도데실p-크레솔, 폴리글리세릴-2다이폴리하이드록시스테아레이트, 트라이에틸헥사노인, 카프릴릴글라이콜, 글리세릴카프릴레이트, 옥틸도데칸올, 부틸렌글라이콜, 라우릴다이메티콘/폴리글리세린-3크로스폴리머, 소듐클로라이드, 폴리글리세릴-4아이소스테아레이트, 글리세린, 아이소프로필티타늄트라이아이소스테아레이트, 다이프로필렌글라이콜, 토코페롤, 소듐시트레이트, 판테놀, 에틸헥실글리세린, 향료, 황색산화철 (CI 77492), 적색산화철 (CI 77491)"
"A000000239958","[저자극/데일리] 키노닉스 토마토 그린 에어핏 선크림 50g (SPF50+/PA++++)","키노닉스","50.0","50.0","g(약 1ml 상당으로 근사)","22000","12800","2560.0","정제수, 사이클로헥사실록세인, 징크옥사이드, 프로판다이올, 부틸옥틸살리실레이트, 카프릴릴메티콘, 코코-카프릴레이트/카프레이트, 라우릴폴리글리세릴-3폴리다이메틸실록시에틸다이메티콘, 부틸렌글라이콜다이카프릴레이트/다이카프레이트, 1,2-헥산다이올, 소듐클로라이드, 네오펜틸글라이콜다이헵타노에이트, 다이스테아다이모늄헥토라이트, C30-45알킬세테아릴다이메티콘크로스폴리머, 솔비탄세스퀴올리에이트, 폴리글리세릴-3폴리다이메틸실록시에틸다이메티콘, 트라이에톡시카프릴릴실레인, 폴리글리세릴-4올리에이트, 브이피/에이코신코폴리머, 하이드로제네이티드유채씨오일, 하이드로제네이티드팜오일, 폴리하이드록시스테아릭애씨드, 폴리글리세릴-3폴리리시놀리에이트, 향기제비꽃/잎추출물, 서양송악잎/줄기추출물, 치자추출물, 광곽향오일, 잇꽃꽃추출물, 스피어민트추출물, 팔마로사오일, 부틸렌글라이콜, 토마토추출물 (100ppm), 라반딘오일, 로즈마리잎오일, 마카뿌리추출물, 흑효모발효물, 천문동뿌리추출물, 레티놀, 판테놀, 메틸다이아이소프로필프로피온아마이드, 아스코빅애씨드, 빙하수, 병풀추출물, 소듐하이알루로네이트, 당느릅나무뿌리추출물, 칡뿌리추출물, 대왕소나무잎추출물, 달맞이꽃꽃추출물, 하이드록시신나믹애씨드, 소듐하이알루로네이트크로스폴리머, 루틴, 포타슘하이알루로네이트, 하이드록시프로필트라이모늄하이알루로네이트, 하이드롤라이즈드소듐하이알루로네이트, 하이드롤라이즈드하이알루로닉애씨드, 하이알루로닉애씨드, 다이메틸실란올하이알루로네이트, 소듐아세틸레이티드하이알루로네이트"
"A000000240071","[비건 쌀 PDRN] 파파레서피 라이스 블레미쉬 딥 모이스트 선 크림 50ml","파파레서피","50.0","50.0","ml","25000","18000","3600.0","정제수, 부틸옥틸살리실레이트, 프로판다이올, 에칠헥실트리아존, 폴리메틸실세스퀴옥세인, 다이부틸아디페이트, 디에칠아미노하이드록시벤조일헥실벤조에이트, 나이아신아마이드, 드로메트리졸트리실록산, 메칠렌비스-벤조트리아졸릴테트라메칠부틸페놀, 코코-카프릴레이트/카프레이트, 카프릴릴메티콘, 글리세린, 부틸렌글라이콜, 1,2-헥산다이올, 펜틸렌글라이콜, 베헤닐알코올, 폴리C10-30알킬아크릴레이트, 폴리글리세릴-3메틸글루코오스다이스테아레이트, 데실글루코사이드, 트로메타민, 카보머, 아크릴레이트/C10-30알킬아크릴레이트크로스폴리머, 에틸헥실글리세린, 소듐스테아로일글루타메이트, 폴리아크릴레이트크로스폴리머-6, 아데노신, 잔탄검, 소듐하이알루로네이트, t-부틸알코올, 토코페롤, 리놀레닉애씨드, 갈락토미세스발효여과물, 메틸프로판다이올, 쌀추출물(50.5pbb), 프로테아제, 쌀배아추출물(2ppb), 귀리가루추출물, 콩추출물, 글라이신, 글루타믹애씨드, 알지닌, 소듐디엔에이"
"A000000240083","[올영 단독/비건 쌀 PDRN] 파파레서피 라이스 블레미쉬 딥 모이스트 선크림 50ml 더블기획","파파레서피","50.0","100.0","ml","29900","21510","2151.0","정제수, 부틸옥틸살리실레이트, 프로판다이올, 에칠헥실트리아존, 폴리메틸실세스퀴옥세인, 다이부틸아디페이트, 디에칠아미노하이드록시벤조일헥실벤조에이트, 나이아신아마이드, 드로메트리졸트리실록산, 메칠렌비스-벤조트리아졸릴테트라메칠부틸페놀, 코코-카프릴레이트/카프레이트, 카프릴릴메티콘, 글리세린, 부틸렌글라이콜, 1,2-헥산다이올, 펜틸렌글라이콜, 베헤닐알코올, 폴리C10-30알킬아크릴레이트, 폴리글리세릴-3메틸글루코오스다이스테아레이트, 데실글루코사이드, 트로메타민, 카보머, 아크릴레이트/C10-30알킬아크릴레이트크로스폴리머, 에틸헥실글리세린, 소듐스테아로일글루타메이트, 폴리아크릴레이트크로스폴리머-6, 아데노신, 잔탄검, 소듐하이알루로네이트, t-부틸알코올, 토코페롤, 리놀레닉애씨드, 갈락토미세스발효여과물, 메틸프로판다이올, 쌀추출물(50.5pbb), 프로테아제, 쌀배아추출물(2ppb), 귀리가루추출물, 콩추출물, 글라이신, 글루타믹애씨드, 알지닌, 소듐디엔에이"
"A000000240101","오버랩스 엑토인 모이스트 선크림 50ml","오버랩스","50.0","50.0","ml","21000","16110","3222.0","쌀수(49.25%), 정제수, 다이부틸아디페이트, 프로판다이올, 부틸옥틸살리실레이트, 에칠헥실트리아존, 나이아신아마이드, 카프릴릴메티콘, 드로메트리졸트리실록산, 테레프탈릴리덴디캠퍼설포닉애씨드, 폴리글리세릴-3다이스테아레이트, 1,2-헥산다이올, 디에칠아미노하이드록시벤조일헥실벤조에이트, 트로메타민, 펜틸렌글라이콜, 세테아릴알코올, 폴리메틸실세스퀴옥세인, 엑토인 (10,000ppm), 비스-에칠헥실옥시페놀메톡시페닐트리아진, 글리세릴스테아레이트, 포타슘세틸포스페이트, 폴리C10-30알킬아크릴레이트, 메틸프로판다이올, 카보머, 폴리글리세릴-3메틸글루코오스다이스테아레이트, 에틸헥실글리세린, 글리세릴스테아레이트시트레이트, 암모늄아크릴로일다이메틸타우레이트/브이피코폴리머, 다이메티콘/비닐다이메티콘크로스폴리머, 아크릴레이트/C10-30알킬아크릴레이트크로스폴리머, 다이메티콘올, 트라이실록세인, 아데노신, 폴리에터-1, 바이오사카라이드검-1, 토코페롤, 부틸렌글라이콜, 귀리커넬추출물, 병풀추출물, 알로에베라잎추출물, 페녹시에탄올, 녹차추출물, 사탕수수추출물, 자이언트켈프추출물, 쌀추출물, 락토바실러스/호박발효추출물, 바실러스/소이빈발효추출물, 아스퍼질러스발효물, 코코넛야자열매추출물, 홍삼추출물, 홍차추출물, 모나스커스/쌀발효물, 락토바실러스/쌀발효물, 효모/쌀발효여과물"
"A000000240459","[톤업프렙/청초쌩얼] 톤핏선 비건 청초 톤업선크림 50ml","톤핏선","50.0","50.0","ml","24000","16800","3360.0","정제수, 다이부틸아디페이트, 프로판다이올, 디에칠아미노하이드록시벤조일헥실벤조에이트, 에칠헥실트리아존, 티타늄디옥사이드 (CI 77891), 나이아신아마이드, 메칠렌비스-벤조트리아졸릴테트라메칠부틸페놀, 카프릴릴메티콘, 코코-카프릴레이트/카프레이트, 1,2-헥산다이올, 폴리메틸실세스퀴옥세인, 비스-에칠헥실옥시페놀메톡시페닐트리아진, 폴리C10-30알킬아크릴레이트, 카나우바왁스, 카보머, 디에칠헥실부타미도트리아존, 소듐스테아로일글루타메이트, 아크릴레이트/C10-30알킬아크릴레이트크로스폴리머, 향료, 데실글루코사이드, 트로메타민, 트라이에톡시카프릴릴실레인, 올레스-10, 폴리솔베이트60, 부틸옥틸살리실레이트, 베헤닐알코올, 폴리글리세릴-3메틸글루코오스다이스테아레이트, 폴리아크릴레이트크로스폴리머-6, 다이포타슘글리시리제이트, 에틸헥실글리세린, 울트라마린, 크로뮴옥사이드그린, 쌀겨왁스, 아데노신, 글리세린, 잔탄검, 부틸렌글라이콜, 글루타티온, 병풀뿌리추출물, 병풀잎추출물, 병풀추출물, 효모발효물, 소듐하이알루로네이트, 하이알루로닉애씨드, 아시아티코사이드, 마데카소사이드, 마데카식애씨드, 아시아틱애씨드"
"A000000240489","오브제 모이스처데일리선크림 50ml","오브제","50.0","50.0","ml","","22500","4500.0","정제수, 다이카프릴릴카보네이트, 부틸렌글라이콜, C12-15알킬벤조에이트, 코코-카프릴레이트/카프레이트, 디에칠아미노하이드록시벤조일헥실벤조에이트, 티타늄디옥사이드, 에칠헥실트리아존, 1,2-헥산다이올, 다이메티콘, 글리세린, 나이아신아마이드, 에칠헥실살리실레이트, 세테아릴알코올, 디에칠헥실부타미도트리아존, 페닐트라이메티콘, 폴리메틸실세스퀴옥세인, 사이클로헥사실록세인, 에탄올, 하이드록시에틸아크릴레이트/소듐아크릴로일다이메틸타우레이트코폴리머, 글리세릴스테아레이트, 호호바에스터, 알루미나, 알루미늄스테아레이트, 폴리하이드록시스테아릭애씨드, 폴리글리세릴-10라우레이트, 소듐스테아로일글루타메이트, 해바라기씨왁스, 폴리우레탄-15, 폴리아크릴레이트-13, 폴리아이소부텐, 솔비탄아이소스테아레이트, 에틸헥실글리세린, 폴리솔베이트60, 아데노신, 당느릅나무뿌리추출물, 다시마추출물, 알로에베라잎추출물, 제비꽃꽃추출물, 참마뿌리추출물, 알란토인, 폴리글리세린-3, 폴리솔베이트20, 판테놀, 소목껍질추출물, 황벽나무껍질추출물, 황련뿌리추출물, 치자추출물, 병풀추출물, 토코페롤, 소듐하이알루로네이트, 판토락톤, 약모밀추출물, 다이소듐이디티에이"
"A000000242494","헤라 UV프로텍터 코렉팅 베이스 35ml 2 Colors (코렉팅/부스팅)","헤라","35.0","35.0","ml","58000","46980","13422.9","정제수, 다이메티콘, 메틸트라이메티콘, 아이소노닐아이소노나노에이트, 변성알코올, 드로메트리졸트리실록산, 티타늄디옥사이드 (CI 77891), 부틸렌글라이콜, 호모살레이트, 피이지-9폴리다이메틸실록시에틸다이메티콘, 티타늄디옥사이드, 에칠헥실살리실레이트, 글리세린, 나이아신아마이드, 테레프탈릴리덴디캠퍼설포닉애씨드, 폴리메틸실세스퀴옥세인, 다이스테아다이모늄헥토라이트, 자일리톨, 트로메타민, 1,2-헥산다이올, 나일론-12, 트라이메틸실록시실리케이트, 다이메티콘/비닐다이메티콘크로스폴리머, 실리카, 스테아릭애씨드, 알루미늄하이드록사이드, 알루미나, 카프릴릴글라이콜, 합성플루오르플로고파이트, 황색산화철, 에틸헥실글리세린, 향료, 폴리메틸메타크릴레이트, 트라이에톡시카프릴릴실레인, 적색산화철, 시메티콘, 아데노신, 리모넨, 리날룰, 틴옥사이드, 프로필렌글라이콜, 소듐하이알루로네이트, 토코페롤, 하이드롤라이즈드식물성단백질, 하이드롤라이즈드콜라겐"
"A000000242576","[NEW]헤슬 못난이감자 맑은 선크림 50ml","헤슬","50.0","50.0","ml","18200","16400","3280.0","정제수, 다이부틸아디페이트, 프로판다이올, 디에칠아미노하이드록시벤조일헥실벤조에이트, 디이소부틸아디페이트, 부틸옥틸살리실레이트, 에칠헥실트리아존, 나이아신아마이드, 메칠렌비스-벤조트리아졸릴테트라메칠부틸페놀, 실리카, 글리세린, 디에칠헥실부타미도트리아존, 카프릴릴메티콘, 폴리글리세릴-6스테아레이트, 1,2-헥산다이올, 펜틸렌글라이콜, 코코-카프릴레이트/카프레이트, 귀리커넬추출물, 아티초크잎추출물, 감자추출물(100,000ppb), 쌀겨추출물, 녹차수, 하이드로제네이티드레시틴, 폴리메틸실세스퀴옥세인, 폴리C10-30알킬아크릴레이트, 베헤닐알코올, 데실글루코사이드, 트로메타민, 메틸프로판다이올, 아크릴레이트/C10-30알킬아크릴레이트크로스폴리머, 폴리글리세릴-6베헤네이트, 카보머, 에틸헥실글리세린, 소듐스테아로일글루타메이트, 폴리아크릴레이트크로스폴리머-6, 아데노신, 부틸렌글라이콜, 폴리쿼터늄-51, 베타-글루칸, 잔탄검, 베타인, 글리세릴글루코사이드, 카프릴릴글라이콜, 토코페롤, 향료"
"A000000242581","오데어 슬라이딩 선로션 50ml","오데어","50.0","50.0","ml","35000","29750","5950.0","정제수, 다이부틸아디페이트, 프로판다이올, 디에칠아미노하이드록시벤조일헥실벤조에이트, 폴리메틸실세스퀴옥세인, 에칠헥실트리아존, 나이아신아마이드, 메칠렌비스-벤조트리아졸릴테트라메칠부틸페놀, 코코-카프릴레이트/카프레이트, 카프릴릴메티콘, 디에칠헥실부타미도트리아존, 글리세린, 1,2-헥산다이올, 부틸렌글라이콜, 별꽃추출물, 해바라기꽃추출물, 월귤추출물, 펜틸렌글라이콜, 베헤닐알코올, 폴리C10-30알킬아크릴레이트, 폴리글리세릴-3메틸글루코오스다이스테아레이트, 데실글루코사이드, 트로메타민, 카보머, 아크릴레이트/C10-30알킬아크릴레이트크로스폴리머, 소듐스테아로일글루타메이트, 폴리아크릴레이트크로스폴리머-6, 에틸헥실글리세린, 아데노신, 잔탄검, t-부틸알코올, 토코페롤, 향료"
"A000000242584","오데어 올데이 마일드 선크림 50ml","오데어","50.0","50.0","ml","","35000","7000.0","정제수, 징크옥사이드, 사이클로헥사실록세인, 메틸트라이메티콘, 부틸옥틸살리실레이트, 글리세린, 메틸프로판다이올, 폴리글리세릴-3폴리다이메틸실록시에틸다이메티콘, 나이아신아마이드, 1,2-헥산다이올, 다이스테아다이모늄헥토라이트, 라우릴폴리글리세릴-3폴리다이메틸실록시에틸다이메티콘, 마그네슘설페이트, 솔비탄세스퀴올리에이트, 카프릴릴메티콘, 트라이에톡시카프릴릴실레인, 다이머다이리놀레일다이머다이리놀리에이트, 향료, C30-45알킬세테아릴다이메티콘크로스폴리머, 멕시칸치아씨추출물, 병풀추출물, 약모밀추출물, 드럼스틱씨추출물, 부틸렌글라이콜, 구아바잎추출물, 에틸헥실글리세린, 다이포타슘글리시리제이트, 아데노신, 프로판다이올, 제주조릿대추출물, 하이드로제네이티드레시틴, 보검선인장줄기추출물, 무화과추출물, 서양배꽃추출물, 베타-글루칸, 세라마이드엔피, 소듐아크릴레이트/소듐아크릴로일다이메틸타우레이트코폴리머, 하이드로제네이티드폴리(C6-14올레핀), 라우릴글루코사이드, 글라이신, 글루타믹애씨드, 류신, 메티오닌, 발린, 세린, 아스파틱애씨드, 아이소류신, 알라닌, 알지닌, 오르니틴, 타우린, 페닐알라닌, 프롤린, 히스티딘"
"A000000242741","브루케시아 글로우 톤업 선세럼 45ml","브루케시아","45.0","45.0","ml","","26000","5777.8","정제수, 다이프로필렌글라이콜, 다이아이소프로필세바케이트, 에칠헥실트리아존, 디에칠아미노하이드록시벤조일헥실벤조에이트, 메틸글루세스-20, 티타늄디옥사이드 (CI 77891), 비스-에칠헥실옥시페놀메톡시페닐트리아진, 부틸옥틸살리실레이트, 프로판다이올, 나이아신아마이드,메틸프로판다이올, 글리세린, 1,2-헥산다이올,합성플루오르플로고파이트, 코코-카프릴레이트/카프레이트, 베헤닐알코올, 폴리글리세릴-6스테아레이트, 폴리글리세릴-3다이스테아레이트,아크릴레이트코폴리머, 페닐트라이메티콘, 네오펜틸글라이콜다이헵타노에이트, 다이펜타에리스리틸헥사C5-9애씨드에스터, 다이부틸아디페이트, 소듐폴리아크릴로일다이메틸타우레이트,폴리아크릴레이트크로스폴리머-6, 브이피/에이코신코폴리머, 소듐폴리아크릴레이트, 에틸헥실글리세린, 폴리글리세릴-6폴리하이드록시스테아레이트, 알루미늄하이드록사이드, 폴리글리세릴-6폴리리시놀리에이트, 글리세릴스테아레이트시트레이트, 비터아몬드커넬오일, 폴리글리세릴-6베헤네이트, 아데노신, 트라이에톡시카프릴릴실레인, 소듐스테아로일글루타메이트, 녹차추출물, 사과나무잎추출물, 틴옥사이드, 폴리글리세린-6, 바닐라열매추출물, 커먼자스민꽃수, 소듐하이알루로네이트, 하이알루로닉애씨드, 소듐하이알루로네이트크로스폴리머, 하이드롤라이즈드소듐하이알루로네이트, 하이드롤라이즈드하이알루로닉애씨드, 에칠아스코빌에텔, 토코페롤, 아스코빌팔미테이트, 소듐아세틸레이티드하이알루로네이트, 하이드록시프로필트라이모늄하이알루로네이트"
"A000000243085","[NEW/쫀광베이스] 아로셀 슈퍼 콜라겐 글로우 세럼 선 비비 40ml","아로셀","40.0","40.0","ml","","35000","8750.0","콜라겐수(358,309ppm), 다이프로필렌글라이콜, 티타늄디옥사이드, 에칠헥실메톡시신나메이트, 다이페닐실록시페닐트라이메티콘, 세틸에틸헥사노에이트, 세틸피이지/피피지-10/1다이메티콘, 다이메티콘, 에칠헥실살리실레이트, 1,2-헥산다이올, 나이아신아마이드, 옥토크릴렌, 프로필렌글라이콜다이벤조에이트, 스쿠알란, 부틸렌글라이콜, 메틸트라이메티콘, 비스-에칠헥실옥시페놀메톡시페닐트리아진, 다이아이소스테아릴말레이트, 다이스테아다이모늄헥토라이트, 마그네슘설페이트, 마이크로크리스탈린왁스, 솔비탄세스퀴올리에이트, 합성비즈왁스, 글리세릴스테아레이트, 황색산화철, 피이지-100스테아레이트, 알루미늄하이드록사이드, 정제수, 스테아릭애씨드, 적색산화철, 알란토인, 트라이에톡시카프릴릴실레인, 흑색산화철, 아데노신, 다이소듐이디티에이, 프로판다이올, 니코틴아마이드모노뉴클레오타이드, 소듐하이알루로네이트, 수용성콜라겐(8,012ppb), 글리세릴글루코사이드, 알지닌, 글리세린, 글루코오스, 소듐디엔에이, 아텔로콜라겐(70ppb), 데사미도콜라겐(67ppb), 하이드롤라이즈드콜라겐(37ppb), 콜라겐(7ppb), 콜라겐아미노산(6ppb), 하이알루로닉애씨드, 하이드롤라이즈드하이알루로닉애씨드, 하이드롤라이즈드소듐하이알루로네이트, 하이드록시프로필트라이모늄하이알루로네이트, 포타슘하이알루로네이트, 소듐하이알루로네이트크로스폴리머, 하이드롤라이즈드콜라겐추출물(1ppb), 프로콜라겐(1ppb), 펜틸렌글라이콜, 아세틸헥사펩타이드-8, 아세틸테트라펩타이드-3, 알지닌/라이신폴리펩타이드, 카퍼트라이펩타이드-1, 다이펩타이드-2, 헥사펩타이드-11, 노나펩타이드-1, 올리고펩타이드-1, 팔미토일헥사펩타이드-12, 팔미토일펜타펩타이드-4, 팔미토일테트라펩타이드-7, 팔미토일트라이펩타이드-1, 소듐아세틸레이티드하이알루로네이트, 트라이펩타이드-1"
"A000000243703","아이레놀 쌩얼크림 50ml 2입 세트 (SPF 50+,PA++++)","아이레놀","50.0","100.0","ml","34800","32800","3280.0","[아이레놀 쌩얼보정 선크림 1.0] 
정제수,다이부틸아디페이트,티타늄디옥사이드,프로판다이올,부틸옥틸살리실레이트,카프릴릭/카프릭트라이글리세라이드,디에칠아미노하이드록시벤조일헥실벤조에이트,에칠헥실트리아존,나이아신아마이드,카프릴릴메티콘,글리세린,디에칠헥실부타미도트리아존,1,2-헥산다이올,다이프로필렌글라이콜,펜틸렌글라이콜,폴리메틸실세스퀴옥세인,귀리커넬추출물,아티초크잎추출물,병풀추출물,녹차수,하이드로제네이티드레시틴,코코-카프릴레이트/카프레이트,폴리하이드록시스테아릭애씨드,브이피/에이코신코폴리머,비사보롤,다이메티콘/비닐다이메티콘크로스폴리머,소듐폴리아크릴로일다이메틸타우레이트,스테아릭애씨드,이눌린라우릴카바메이트,암모늄폴리아크릴로일다이메틸타우레이트,다이카프릴릴카보네이트,메틸프로판다이올,알루미나,하이드록시프로필메틸셀룰로오스스테아록시에터,트라이에톡시카프릴릴실레인,알루미늄하이드록사이드,소듐스테아로일글루타메이트,잔탄검,에틸헥실글리세린,아데노신,실리카,부틸렌글라이콜,소듐폴리아크릴레이트,폴리쿼터늄-51,베타-글루칸,t-부틸알코올,폴리에터-1,토코페롤,글루타티온,황색산화철,적색산화철,흑색산화철

[아이레놀 쌩얼보정 선크림 2.0] 
정제수,다이부틸아디페이트,티타늄디옥사이드,프로판다이올,부틸옥틸살리실레이트,카프 릴릭/카프릭트라이글리세라이드,디에칠아미노하이드록시벤조일헥실벤조에이트,에칠헥 실트리아존,나이아신아마이드,코코-카프릴레이트/카프레이트,카프릴릴메티콘,글리세린, 디에칠헥실부타미도트리아존,1,2-산다이올,펜틸렌글라이콜,폴리메틸실세스퀴옥세인, 귀리커넬추출물,아티초크잎추출물,병풀추출물,녹차수,하이드로제네이티드레시틴,폴리하 이드록시스테아릭애씨드,다이카프릴릴카보네이트,브이피/에이코신코폴리머, 비사보롤, 다이메티콘/비닐다이메티콘크로스폴리머,소듐폴리아크릴로일다이메틸타우레이트,스테 아릭애씨드,다이메티콘올,트라이실록세인,이눌린라우릴카바메이트,알루미나,암모늄폴리 아크릴로일다이메틸타우레이트,메틸프로판다이올,하이드록시프로필메틸셀룰로오스스 테아록시에터,트라이에톡시카프릴릴실레인,소듐스테아로일글루타메이트,잔탄검,에틸헥 실글리세린,아데노신,알루미늄하이드록사이드,소듐폴리아크릴레이트,폴리쿼터늄-51, 베타글루칸,t 부틸알코올,폴리에터-1,토코페롤,글루타티온,황색산화철,적색산화철,흑색 산화철"
"A000000244877","[NEW/생기착붙] 토리든 셀메이징 핑크베이지 톤업 선크림 60ml 기획 (+20ml)","토리든","60.0","80.0","ml","","25000","3125.0","정제수, 프로판다이올, 다이부틸아디페이트, 에칠헥실트리아존, 부틸옥틸살리실레이트, 티타늄디옥사이드, 디에칠아미노하이드록시벤조일헥실벤조에이트, 나이아신아마이드, 카프릴릴메티콘, 폴리메틸실세스퀴옥세인, 드로메트리졸트리실록산, 메칠렌비스-벤조트리아졸릴테트라메칠부틸페놀, 글리세린, 실리카, 다이아이소프로필세바케이트, 1,2-헥산다이올, 글리세레스-26, 펜틸렌글라이콜, 콜라겐, 콜라겐아미노산, 콜라겐추출물, 수용성콜라겐, 하이드롤라이즈드콜라겐, 헥사펩타이드-2, 아세틸헥사펩타이드-1, 아세틸헥사펩타이드-8, 코코-카프릴레이트/카프레이트, 폴리하이드록시스테아릭애씨드, 브이피/에이코신코폴리머, 세테아릴알코올, 판테놀, 폴리글리세릴-3메틸글루코오스다이스테아레이트, 폴리글리세릴-10올리에이트, 폴리우레탄-15, 폴리글리세릴-6다이스테아레이트, 데실글루코사이드, 부틸렌글라이콜, 토코페롤, 네오펜틸글라이콜다이에틸헥사노에이트, 소듐스테아로일글루타메이트, 트라이에톡시카프릴릴실레인, 알루미늄하이드록사이드, 소듐디엔에이
, 폴리아크릴레이트크로스폴리머-6, 메틸메타크릴레이트크로스폴리머, 아데노신,이눌린라우릴카바메이트, 소듐폴리아크릴로일다이메틸타우레이트, 하이드로제네이티드캐스터오일/세바식애씨드코폴리머, 잔탄검, 폴리글리세릴-6스테아레이트, 카보머, 아이소도데케인,  아크릴레이트/C10-30알킬아크릴레이트크로스폴리머, 다이카프릴릴카보네이트, 에틸헥실글리세린, 폴리실리콘-1, 하이드롤라이즈드호호바에스터, 폴리글리세릴-6베헤네이트, 카프릴릴글라이콜, 다이메티콘/비닐다이메티콘크로스폴리머, 다이메티콘올, 칸데릴라/호호바/쌀겨폴리글리세릴-3에스터, 트로메타민, 황색산화철, 적색산화철, 바이오틴, 알란토인"
"A000000244975","하루하루원더 블랙라이스 모이스처 에어리핏 데일리 선스크린 50ml","하루하루원더","50.0","50.0","ml","26000","22880","4576.0","정제수, 다이부틸아디페이트, 프로판다이올, 부틸옥틸살리실레이트, 에칠헥실트리아존, 테레프탈릴리덴디캠퍼설포닉애씨드, 글리세린, 나이아신아마이드, 트로메타민, 폴리글리세릴-3다이스테아레이트, 1,2-헥산다이올, 펜틸렌글라이콜, 디에칠아미노하이드록시벤조일헥실벤조에이트, 세테아릴알코올, 카프릴릴메티콘, 폴리실리콘-15, 별꽃추출물, 해바라기꽃추출물, 월귤추출물, 흑미추출물(50ppm), 데이지꽃추출물, 약모밀추출물, 쌀겨오일(9,950ppm), 하이드로제네이티드레시틴, 폴리메틸실세스퀴옥세인, 팔미틱애씨드, 부틸렌글라이콜, 스테아릭애씨드, 글리세릴스테아레이트, 비스-에칠헥실옥시페놀메톡시페닐트리아진, 포타슘세틸포스페이트, 폴리C10-30알킬아크릴레이트, 메틸프로판다이올, 카보머, 암모늄아크릴로일다이메틸타우레이트/브이피코폴리머, 아크릴레이트/C10-30알킬아크릴레이트크로스폴리머, 글리세릴스테아레이트시트레이트, 에틸헥실글리세린, 아데노신, 폴리에터-1, 미리스틱애씨드, 바이오사카라이드검-1, 토코페롤, 드럼스틱씨오일, 세라마이드엔피, 피토스핑고신, 페네틸알코올, 소듐클로라이드, 다이소듐포스페이트, 포타슘클로라이드, 포타슘포스페이트"
"A000000245671","[파데프리] 아이레시피 바이브 업 틴티드 선비비 스타리핑크/오로라블루 40ml","아이레시피","40.0","40.0","ml","","28000","7000.0","[스타리핑크]
정제수, 티타늄디옥사이드, 호모살레이트, 부틸옥틸살리실레이트, 실리카, 다이글리세린, 에칠헥실살리실레이트, C12-15알킬벤조에이트, 프로판다이올, 폴리글리세릴-3메틸글루코오스다이스테아레이트, 비스-에칠헥실옥시페놀메톡시페닐트리아진, 나이아신아마이드, 1,2-헥산다이올, 부틸렌글라이콜, 소듐스테아로일글루타메이트, 폴리하이드록시스테아릭애씨드, 스테아릴다이메티콘, C20-24알킬다이메티콘, 다이메티콘, 소듐아크릴레이트/소듐아크릴로일다이메틸타우레이트코폴리머, 폴리아이소부텐, 옥타데센, 글리세릴스테아레이트, 폴리아크릴레이트크로스폴리머-6, 솔비탄스테아레이트, 브이피/에이코신코폴리머, 마이크로크리스탈린셀룰로오스, 에틸헥실글리세린, 하이드록시에틸아크릴레이트/소듐아크릴로일다이메틸타우레이트코폴리머, 잔탄검, 카프릴릴/카프릴글루코사이드, 솔비탄올리에이트, 적색산화철, 아데노신, 트라이에톡시카프릴릴실레인, 셀룰로오스검, 황색산화철, 향료, 징크스테아레이트, 소듐하이알루로네이트, 판테놀, 흑색산화철, 폴리글리세릴-4아이소스테아레이트, 스쿠알란, 글리세린, 세라마이드엔피, 다이스테아다이모늄헥토라이트, 하이드로제네이티드레시틴, 피토스테롤, 스테아릭애씨드, 돌콩스테롤, 레티놀, 병풀추출물

[오로라블루]
정제수, 티타늄디옥사이드, 호모살레이트, 부틸옥틸살리실레이트, 실리카, 다이글리세린, 에칠헥실살리실레이트, C12-15알킬벤조에이트, 프로판다이올, 폴리글리세릴-3메틸글루코오스다이스테아레이트, 비스-에칠헥실옥시페놀메톡시페닐트리아진, 나이아신아마이드, 1,2-헥산다이올, 부틸렌글라이콜, 소듐스테아로일글루타메이트, 폴리하이드록시스테아릭애씨드, 스테아릴다이메티콘, C20-24알킬다이메티콘, 다이메티콘, 소듐아크릴레이트/소듐아크릴로일다이메틸타우레이트코폴리머, 폴리아이소부텐, 옥타데센, 글리세릴스테아레이트, 폴리아크릴레이트크로스폴리머-6, 솔비탄스테아레이트, 브이피/에이코신코폴리머, 마이크로크리스탈린셀룰로오스, 에틸헥실글리세린, 하이드록시에틸아크릴레이트/소듐아크릴로일다이메틸타우레이트코폴리머, 울트라마린, 잔탄검, 카프릴릴/카프릴글루코사이드, 솔비탄올리에이트, 아데노신, 트라이에톡시카프릴릴실레인, 셀룰로오스검, 향료, 소듐하이알루로네이트, 판테놀, 폴리글리세릴-4아이소스테아레이트, 스쿠알란, 글리세린, 세라마이드엔피, 다이스테아다이모늄헥토라이트, 하이드로제네이티드레시틴, 피토스테롤, 스테아릭애씨드, 돌콩스테롤, 레티놀, 병풀추출물"
"A000000247181","닥터지 메디 유브이 울트라 선 50ml","닥터지","50.0","50.0","ml","","33000","6600.0","정제수, 징크옥사이드, 다이부틸아디페이트, 사이클로헥사실록세인, 다이프로필렌글라이콜, 다이카프릴릴카보네이트, 프로필헵틸카프릴레이트, 카프릴릴메티콘, 폴리글리세릴-4다이아이소스테아레이트/폴리하이드록시 스테아레이트/세바케이트, 나이아신아마이드, 부틸옥틸살리실레이트, 폴리 메틸실세스퀴옥세인, 디에칠아미노하이드록시벤조일헥실벤조에이트, 메틸 메타크릴레이트크로스폴리머, 비스-에칠헥실옥시페놀메톡시페닐트리아진, 에칠헥실트리아존, 폴리글리세릴-3폴리다이메틸실록시에틸다이메티콘, 티타늄디옥사이드, 다이스테아다이모늄헥토라이트, 마그네슘설페이트, 트라 이에톡시카프릴릴실레인, 1,2-헥산다이올, 페닐트라이메티콘, 아크릴레이트 /다이메티콘코폴리머, 글리세릴카프릴레이트, 카프릴릴글라이콜, 프랑스해 안송껍질추출물, 에틸헥실글리세린, 아데노신, 소듐하이알루로네이트, 마데 카소사이드, 실리카, C12-15알킬벤조에이트, 프로판다이올, 병풀추출물, 세륨옥사이드, 하이드로젠다이메티콘, 글리세린, 부틸렌글라이콜, 카프릴릭/ 카프릭트라이글리세라이드, 폴리하이드록시스테아릭애씨드, 폴리글리세릴 -10스테아레이트, 폴리글리세릴-10올리에이트, 하이드로제네이티드레시틴, 플랑크톤추출물, 알루미늄/마그네슘하이드록사이드스테아레이트, 미역취추출물, 클로브싹추출물, 소듐스테아로일글루타메이트, 7-데하이드로콜레스테롤, 알지닌페룰레이트, 칼슘클로라이드"
"A000000247674","[탄력선세럼]메이크프렘 NMN 텐션 업 선세럼 50ml 기획 (+20ml)","메이크프렘","50.0","70.0","ml","26000","20800","2971.4","정제수, 다이부틸아디페이트, 프로판다이올, 에칠헥실트리아존, 폴리글리세릴-3다이스테아레이트, 부틸렌글라이콜, 나이아신아마이드, C12-15알킬벤조에이트, 드로메트리졸트리실록산, 다이아이소부틸아디페이트, 다이아이소프로필세바케이트, 테레프탈릴리덴디캠퍼설포닉애씨드, 디에칠아미노하이드록시벤조일헥실벤조에이트, 1,2-헥산다이올, 펜틸렌글라이콜, 세테아릴알코올, 카프릴릴메티콘, 트로메타민, 비스-에칠헥실옥시페놀메톡시페닐트리아진, 글리세릴스테아레이트, 포타슘세틸포스페이트, 에틸헥실글리세린, 실리카, 하이드로제네이티드캐스터오일다이머다이리놀레에이트, 암모늄아크릴로일다이메틸타우레이트/베헤네스-25메타크라일레이트크로스폴리머, 소듐폴리아크릴로일다이메틸타우레이트, 글리세릴스테아레이트시트레이트, 향료, 하이드로시프로필메틸셀룰로오스스테아록시에터, 소듐아크릴레이트/소듐아크릴로일다이메틸타우레이트코폴리머, 맥아추출물, C15-19알케인, 덱스트린, 카카오씨추출물, 스핑고모나스발효추출물, 암모늄스타이렌/아크릴레이트코폴리머, 아데노신, 하이드롤라이즈드콜라겐, 폴리우레탄-15, 니코틴아마이드모노뉴클레오타이드(100ppm), 라우릴글루코사이드, 베타-글루칸, 하이드롤라이즈드옥수수전분, 수크로오스, 니코틴아마이드아데닌다이뉴클레오타이드, 토코페롤"
"A000000248227","[리뉴얼]아비브 선크림 3종 택1 (글루타치온좀/어성초/수분초)","아비브","","","","25000","17500","","[글루타치온좀 선크림] 정제수*, 다이부틸아디페이트, 프로판다이올, 티타늄디옥사이드 (CI 77891), 비스-에칠헥실옥시페놀메톡시페닐트리아진, 디에칠아미노하이드록시벤조일헥실벤조에이트, 에칠헥실트리아존, 폴리실리콘-15, 나이아신아마이드, 코코-카프릴레이트/카프레이트, 다이아이소프로필세바케이트, 폴리메틸실세스퀴옥세인, 부틸렌글라이콜*, 1,2-헥산다이올*, 글리세린, 메칠렌비스-벤조트리아졸릴테트라메칠부틸페놀, 펜틸렌글라이콜, 아이소도데케인, 옥틸도데칸올, 포타슘세틸포스페이트, 베헤닐알코올, 폴리아크릴레이트크로스폴리머-6, 폴리글리세릴-3메틸글루코오스다이스테아레이트, 폴리C10-30알킬아크릴레이트, 트로메타민, 폴리글리세릴-4아이소스테아레이트, 황색산화철 (CI 77492), 카보머, 데실글루코사이드, 아이소프로필티타늄트라이아이소스테아레이트, 알루미늄하이드록사이드, 아크릴레이트/C10-30알킬아크릴레이트크로스폴리머, 마이카 (CI 77019), 폴리에스터-1, 소듐스테아로일글루타메이트, 에틸헥실글리세린*, 적색산화철 (CI 77491), 아데노신, 흑색산화철 (CI 77499), 글루타티온(150 ppm)*, 실리카다이메틸실릴레이트, 잔탄검, 토코페롤, 알란토인, 사과세포배양추출물*, 다이프로필렌글라이콜, 베타-글루칸, 하이드로제네이티드레시틴, 콜레스테롤, 키토산, 아스코빅애씨드, 3-O-에틸아스코빅애씨드, 아스코빌글루코사이드, 세라마이드엔피
*글루타치온좀(Glutathiosome) : 식물 유래 이중 지질막 전달체에 글루타치온을 담지하여 만든 복합체 30,000 ppm 함유
[수분초선세럼] 정제수, 프로판다이올, 다이부틸아디페이트, 비스-에칠헥실옥시페놀메톡시페닐트리아진, 부틸옥틸살리실레이트, 디에칠아미노하이드록시벤조일헥실벤조에이트, 에칠헥실트리아존, 폴리실리콘-15, 폴리메틸실세스퀴옥세인, 다이아이소프로필세바케이트, 나이아신아마이드, 코코-카프릴레이트/카프레이트, 1,2-헥산다이올, 메칠렌비스-벤조트리아졸릴테트라메칠부틸페놀, 부틸렌글라이콜, 펜틸렌글라이콜, 돌나물추출물(5,000 ppm), 판테놀, 솔비톨, 베헤닐알코올, 폴리글리세릴-3메틸글루코오스다이스테아레이트, 소듐폴리아크릴로일다이메틸타우레이트, 데실글루코사이드, 아크릴레이트/C10-30알킬아크릴레이트크로스폴리머, 폴리C10-30알킬아크릴레이트, 폴리아크릴레이트크로스폴리머-6, 트로메타민, 소듐스테아로일글루타메이트, 에틸헥실글리세린, 아데노신, 글리세린, 잔탄검, 토코페롤, 사카라이드아이소머레이트, 다이포타슘포스페이트, 소듐하이알루로네이트(0.0012 ppm), 아세틸글루타민, 버지니아풍년화추출물, 시트릭애씨드, 소듐시트레이트, 셀룰로오스검 [어성초 선크림] 정제수, 징크옥사이드 (CI 77947), 부틸옥틸살리실레이트, 프로필헵틸카프릴레이트, 프로판다이올, C15-19알케인, 다이실록세인, 아이소도데케인, 세틸다이글리세릴트리스(트라이메틸실록시)실릴에틸다이메티콘, 카프릴릴메티콘, 아이소프로필미리스테이트, 소듐클로라이드, 트라이에틸헥사노인, 글리세린, 다이스테아다이모늄헥토라이트, 메틸메타크릴레이트크로스폴리머, 폴리메틸실세스퀴옥세인, 1,2-헥산다이올, 트라이에톡시카프릴릴실레인, 다이펜타에리스리틸트라이-폴리하이드록시스테아레이트, 약모밀추출물(3,500 ppm), 라우릴다이메티콘/폴리글리세린-3크로스폴리머, 폴리글리세릴-2다이폴리하이드록시스테아레이트, 판테놀, 카프릴릴글라이콜, 글리세릴카프릴레이트, 인도멀구슬나무잎추출물, 인도멀구슬나무꽃추출물, 부틸렌글라이콜, 아이비고드열매추출물, 호박가루, 다이프로필렌글라이콜, 가지열매추출물, 울금뿌리추출물, 홀리바질잎추출물, 토코페롤, 참산호말추출물, 드럼스틱씨오일, 소듐시트레이트, 레시틴, 소듐하이알루로네이트, 알란토인, 다이포타슘글리시리제이트, 소듐피씨에이, 알지닌, 세라마이드엔피, 에리스리톨, 아시아티코사이드, 마데카식애씨드, 아시아틱애씨드, 병풀추출물, 펜틸렌글라이콜, 옥탄다이올"
"A000000248281","[톤업] 아넷사 브라이트닝 UV 선스크린 젤 NA 90g","아넷사","90.0","90.0","g(약 1ml 상당으로 근사)","30000","24230","2692.2","정제수, 에탄올, 다이프로필렌글라이콜, 에칠헥실메톡시신나메이트, 다이메티콘, 부틸렌글라이콜, 다이아이소프로필세바케이트, C12-15알킬벤조에이트, 비스-에칠헥실옥시페놀메톡시페닐트리아진, 실리카, 티타늄디옥사이드, 트라넥사믹애씨드, 하이드로제네이티드폴리데센, 덱스트린팔미테이트, 피피지-8-세테스-20, 글리세린, 피이지-6, 디에칠아미노하이드록시벤조일헥실벤조에이트, 페녹시에탄올, 다이메틸아크릴아마이드/소듐아크릴로일다이메틸타우레이트크로스폴리머, 피이지/피피지-17/4다이메틸에터, 에칠헥실트리아존, 다이페닐실록시페닐트라이메티콘, 피이지-12다이메티콘, 마이카, 석시노글리칸, 하이드록시프로필메틸셀룰로오스스테아록시에터, 아미노프로필다이메티콘, 소듐메타포스페이트, 알루미늄하이드록사이드, 향료, 다이포타슘글리시리제이트, 폴리실리콘-2, 폴리비닐알코올, 트라이소듐이디티에이, 바륨설페이트, 비에이치티, 적색227호, 소듐메타바이설파이트, 녹차추출물, 청색1호, 토코페롤, 소듐아세틸레이티드하이알루로네이트, 수용성콜라겐, 시트로넬올, 제라니올, 헥실신남알, 리날룰, 리모넨"
"A000000248305","[NEW] 라로슈포제 안뗄리오스 선 플루이드 50ml","라로슈포제","50.0","50.0","ml","37000","29600","5920.0","[안뗄리오스 선 플루이드 50ml]
정제수 변성알코올 실리카 다이아이소프로필세바케이트 다이카프릴릴카보네이트 에칠헥실트리아존 부틸메톡시디벤조일메탄 비스-에칠헥실옥시페놀메톡시페닐트리아진 다이아이소프로필아디페이트 글리세린 아이소프로필미리스테이트 프로판다이올 C12-22알킬아크릴레이트/하이드록시에틸아크릴레이트코폴리머  디에칠아미노하이드록시벤조일헥실벤조에이트 C12-15알킬벤조에이트 토코페롤 메톡시프로필아미노사이클로헥세닐리덴에톡시에틸사이아노아세테이트 펄라이트 드로메트리졸트리실록산 아크릴레이트/C10-30알킬아크릴레이트크로스폴리머 시트릭애씨드 다이소듐포스페이트 하이드록시에틸셀룰로오스 펜틸렌글라이콜 폴리솔베이트60 소듐포스페이트 테레프탈릴리덴디캠퍼설포닉애씨드 트라이에탄올아민 트라이소듐에틸렌다이아민다이석시네이트"
"A000000248502","[NEW/바디선] 토코보 비타 소프트 데일리 선 로션 150ml","토코보","150.0","150.0","ml","","28000","1866.7","정제수, 호모살레이트, 에칠헥실살리실레이트, 옥토크릴렌, 부틸메톡시디벤조일메탄, 메틸메타크릴레이트크로스폴리머, 프로판다이올, 펜틸렌글라이콜, 다이프로필렌글라이콜, 트라이프로필렌글라이콜, 폴리메틸실세스퀴옥세인, 비스-에칠헥실옥시페놀메톡시페닐트리아진, 실리카, 비타민나무오일, 다이메티콘, 다이실록세인, 메틸트라이메티콘, 세테아릴올리베이트, 에리스리톨, 페닐벤즈이미다졸설포닉애씨드, 폴리C10-30알킬아크릴레이트, 트로메타민, 소듐아크릴레이트/소듐아크릴로일다이메틸타우레이트코폴리머, 솔비탄올리베이트, 아이소헥사데칸, 다이메티콘/비닐다이메티콘크로스폴리머, 아크릴레이트/C10-30알킬아크릴레이트크로스폴리머, 카프릴릴글라이콜, 하이드록시아세토페논, 비닐다이메티콘/메티콘실세스퀴옥세인크로스폴리머, 아미노메틸프로판올, 테레프탈릴리덴디캠퍼설포닉애씨드, 다이메티콘올, 트라이실록세인, 폴리아크릴레이트크로스폴리머-6, 폴리솔베이트80, 알란토인, 다이포타슘글리시리제이트, 소듐스테아로일글루타메이트, 덱스트린, 솔비탄올리에이트, 사이아노코발아민, 부틸옥틸살리실레이트, 토코페롤, 메틸다이아이소프로필프로피온아마이드, 마데카식애씨드, 아시아틱애씨드, 아시아티코사이드, 세테아릴알코올, 잔탄검, 향료, 리날룰, 헥실신남알, 시트로넬올, 하이드록시시트로넬알, 리모넨, 치자추출물"
"A000000248548","딘시 프리미엄 비건 블루 톤업 선크림 50ml+20ml 증량기획","딘시","50.0","70.0","ml","30000","15000","2142.9","정제수, 징크옥사이드, 다이부틸아디페이트, 사이클로헥사실록세인, 프로판다이올, 부틸옥틸살리실레이트, 다이카프릴릴카보네이트, 폴리글리세릴-4다이아이소스테아레이트/폴리하이드록시스테아레이트/세바케이트, 다이실록세인, 글리세린, 나이아신아마이드, 카프릴릴메티콘, 티타늄디옥사이드, 비스-에칠헥실옥시페놀메톡시페닐트리아진, 에칠헥실트리아존, 페닐트라이메티콘, 디에칠아미노하이드록시벤조일헥실벤조에이트, 폴리글리세릴-3폴리다이메틸실록시에틸다이메티콘, 다이스테아다이모늄헥토라이트, 마그네슘설페이트, 메틸메타크릴레이트크로스폴리머, 트라이에톡시카프릴릴실레인, 1,2-헥산다이올, 향료, 폴리C10-30알킬아크릴레이트, 카프릴릴글라이콜, 글리세릴카프릴레이트, 울트라마린, 크로뮴옥사이드그린, 에틸헥실글리세린, 아데노신, 알루미늄하이드록사이드, 소듐하이알루로네이트, 토코페롤, 엑토인, 페룰릭애씨드, 부틸렌글라이콜, 메틸프로판다이올, 옥타데케인, 락틱애씨드/글라이콜릭애씨드코폴리머, 하이드로제네이티드레시틴, 미역취추출물, 클로브싹추출물, 폴리글리세릴-10스테아레이트, 다시마추출물, 알로에베라잎추출물, 참마뿌리추출물, 판테놀, 스노우로투스추출물, 당느릅나무뿌리추출물, 락토바실러스발효물, 별꽃추출물, 제비꽃꽃추출물, 마트리카리아꽃/잎추출물, 보리지추출물, 소듐아스코빌포스페이트, 수레국화꽃추출물, 토코페릴아세테이트, 강낭콩씨추출물, 라벤더꽃추출물, 병풀추출물, 잔탄검, 소듐디엔에이, 다이소듐이디티에이, 레티닐팔미테이트, 바이오틴, 티아민에이치씨엘, 폴릭애씨드, 피리독신, 사이아노코발아민"
"A000000248560","헤라 UV프로텍터 SPF50+ PA4+ 톤업 피치 50ml 기획/단품","헤라","50.0","50.0","ml","47000","38070","7614.0","정제수, 에칠헥실메톡시신나메이트, 글리세린, 부틸렌글라이콜, 디에칠아미노하이드록시벤조일헥실벤조에이트, 다이부틸아디페이트, 티타늄디옥사이드, 비스-에칠헥실옥시페놀메톡시페닐트리아진, 메틸트라이메티콘, C12-15알킬벤조에이트, 다이메티콘, 실리카, 티타늄디옥사이드 (CI 77891), 나이아신아마이드, 트라이실록세인, 1,2-헥산다이올, 세테아릴알코올, 폴리C10-30알킬아크릴레이트, 하이드록시에틸아크릴레이트/소듐아크릴로일다이메틸타우레이트코폴리머, 알루미늄스테아레이트, 알루미나, 스테아릭애씨드, 폴리하이드록시스테아릭애씨드, 폴리메틸메타크릴레이트, 아크릴레이트/C10-30알킬아크릴레이트크로스폴리머, 소듐폴리아크릴로일다이메틸타우레이트, 글리세릴스테아레이트, 하이드로제네이티드레시틴, 카프릴릴글라이콜, 티몰트라이메톡시신나메이트, 트로메타민, 폴리글리세릴-3메틸글루코오스다이스테아레이트, 팔미틱애씨드, 다이소듐이디티에이, 에틸헥실글리세린, 아데노신, 알루미늄하이드록사이드, 적색산화철, 솔비탄아이소스테아레이트, 트라이에톡시카프릴릴실레인, 황색산화철, 토코페릴아세테이트, 3-O-에틸아스코빅애씨드, 락토바실러스/부레옥잠발효물, 만니톨, 프로판다이올, 에틸헥실팔미테이트, 비에이치티, 펜틸렌글라이콜, 미리스틱애씨드, 페녹시에탄올, 라우릭애씨드, 소듐데하이드로아세테이트, 카보머, 소듐시트레이트, 포타슘솔베이트, 토코페롤, 메톡시피이지-114/폴리엡실론카프로락톤, 복사나무잎추출물, 해바라기씨오일, 라이신, 알지닌, 히스티딘, 시트릭애씨드, 베타-카로틴, 글루코오스, 자일로오스, 디엔에이, 바이오틴, 만노오스, 소듐클로라이드, 레시틴, 하이드로제네이티드포스파티딜콜린, 카퍼트라이펩타이드-1, 소듐포스페이트, 덱스트린, 하이드롤라이즈드오크라추출물, 콜레스테롤, 푸코오스, 다이팔미토일하이드록시프롤린, 아크릴레이트/스테아릴메타크릴레이트코폴리머, 포타슘클로라이드, 포타슘포스페이트, 마그네슘클로라이드, 하이드롤라이즈드기장, 칼슘클로라이드"
"A000000248689","[8월올영픽/콜라겐 선케어] 키엘 베터 스크린 UV 선 세럼 50ml","키엘","50.0","50.0","ml","69000","54510","10902.0","정제수 다이카프릴릴카보네이트 변성알코올 글리세린 에칠헥실트리아존 다이메티콘 프로판다이올 비스-에칠헥실옥시페놀메톡시페닐트리아진 부틸메톡시디벤조일메탄 페닐벤즈이미다졸설포닉애씨드 메칠렌비스-벤조트리아졸릴테트라메칠부틸페놀 실리카 디에칠아미노하이드록시벤조일헥실벤조에이트 세테아릴알코올 하이드록시에틸아크릴레이트/소듐아크릴로일다이메틸타우레이트코폴리머 토코페롤 부틸렌글라이콜 라우로일라이신 페녹시에탄올 소듐하이드록사이드 폴리글리세릴-10라우레이트 소듐스테아로일글루타메이트 하이드록시아세토페논 세테아릴글루코사이드 셀룰로오스 트라이소듐에틸렌다이아민다이석시네이트 잔탄검 이눌린라우릴카바메이트 솔비탄아이소스테아레이트 폴리솔베이트60 카보머 소듐락테이트 폴리솔베이트20 팔미토일트라이펩타이드-1 팔미토일테트라펩타이드-7"
"A000000248777","[리뉴얼/밀착보송] 듀이트리 어반쉐이드 안티폴루션 톤업 선 50ml 더블 기획","듀이트리","50.0","100.0","ml","30000","24000","2400.0","정제수, 징크옥사이드, 프로판다이올, 아이소프로필팔미테이트, 부틸옥틸살리실레이트, 아이소노닐아이소노나노에이트, 프로필헵틸카프릴레이트, 폴리글리세릴-3폴리다이메틸실록시에틸다이메티콘, 아이소도데케인, 나이아신아마이드, 카프릴릴메티콘, 메틸트라이메티콘, 메틸메타크릴레이트크로스폴리머, 트라이메틸실록시실리케이트, 폴리메틸실세스퀴옥세인, 라우릴폴리글리세릴-3폴리다이메틸실록시에틸다이메티콘, 다이스테아다이모늄헥토라이트, 마그네슘설페이트, 트라이에톡시카프릴릴실레인, 다이카프릴릴카보네이트, 칼라민, 1,2-헥산다이올, 폴리글리세릴-2다이폴리하이드록시스테아레이트, 폴리하이드록시스테아릭애씨드, 트라이하이드록시스테아린, 메틸프로판다이올, 글리세린, 글리세릴카프릴레이트, 카프릴릴글라이콜, 네오펜틸글라이콜다이에틸헥사노에이트, 에틸헥실글리세린, 아데노신, 귀리커넬추출물, 아티초크잎추출물, 폴리쿼터늄-51, 녹차수, 베타-글루칸, 하이드로제네이티드레시틴, 적색산화철, 황색산화철, 토코페롤, 마데카소사이드, 알란토인, 아시아티코사이드, 마데카식애씨드, 아시아틱애씨드, 비파나무잎추출물, 바이오사카라이드검-4, 스피어민트추출물"
"A000000248778","[리뉴얼/산뜻보송] 듀이트리 어반쉐이드 안티폴루션 톤업 선 50ml","듀이트리","50.0","50.0","ml","24000","14400","2880.0","정제수, 징크옥사이드, 프로판다이올, 아이소프로필팔미테이트, 부틸옥틸살리실레이트, 아이소노닐아이소노나노에이트, 프로필헵틸카프릴레이트, 폴리글리세릴-3폴리다이메틸실록시에틸다이메티콘, 아이소도데케인, 나이아신아마이드, 카프릴릴메티콘, 메틸트라이메티콘, 메틸메타크릴레이트크로스폴리머, 트라이메틸실록시실리케이트, 폴리메틸실세스퀴옥세인, 라우릴폴리글리세릴-3폴리다이메틸실록시에틸다이메티콘, 다이스테아다이모늄헥토라이트, 마그네슘설페이트, 트라이에톡시카프릴릴실레인, 다이카프릴릴카보네이트, 칼라민, 1,2-헥산다이올, 폴리글리세릴-2다이폴리하이드록시스테아레이트, 폴리하이드록시스테아릭애씨드, 트라이하이드록시스테아린, 메틸프로판다이올, 글리세린, 글리세릴카프릴레이트, 카프릴릴글라이콜, 네오펜틸글라이콜다이에틸헥사노에이트, 에틸헥실글리세린, 아데노신, 귀리커넬추출물, 아티초크잎추출물, 폴리쿼터늄-51, 녹차수, 베타-글루칸, 하이드로제네이티드레시틴, 적색산화철, 황색산화철, 토코페롤, 마데카소사이드, 알란토인, 아시아티코사이드, 마데카식애씨드, 아시아틱애씨드, 비파나무잎추출물, 바이오사카라이드검-4, 스피어민트추출물"
"A000000249452","[여름필수템]비오레 UV 아쿠아 리치 워터리 에센스 익스트림 프로텍션 50g","비오레","50.0","50.0","g(약 1ml 상당으로 근사)","20000","16000","3200.0","정제수,징크옥사이드,다이아이소프로필세바케이트,에탄올,실리카,에칠헥실살리실레이트,부틸렌글라이콜,에칠헥실트리아존,디에칠아미노하이드록시벤조일헥실벤조에이트,네오펜틸글라이콜다이카프레이트,C12-15알킬벤조에이트,소듐아크릴레이트/소듐아크릴로일다이메틸타우레이트코폴리머,트라이에톡시카프릴릴실레인,덱스트린팔미테이트,비스-에칠헥실옥시페놀메톡시페닐트리아진,아이소헥사데칸,폴리솔베이트80,다이메티콘,향료,솔비탄올리에이트,폴리실리콘-9,다이소듐이디티에이,소듐하이알루로네이트,유칼립투스잎추출물,메틸파라벤,리날룰,헥실신남알,시트로넬올"
"A000000249664","[증정기획] 비디비치 얼티밋 워터리 에센셜 선크림 60ml 기획/단품","비디비치","60.0","60.0","ml","31000","24800","4133.3","정제수, 부틸옥틸살리실레이트, 프로판다이올, 다이부틸아디페이트, 에칠헥실트리아존, 폴리메틸실세스퀴옥세인, 테레프탈릴리덴캠퍼설포닉애씨드, 비스-에칠헥실옥시페놀메톡시페닐트리아진, 나이아신아마이드, 카프릴릴메티콘, 트로메타민, 폴리글리세릴-3다이스테아레이트, 1,2-헥산다이올, 세테아릴알코올, 펜틸렌글라이콜, 글리세린, 디에칠아미노하이드록시벤조일헥실벤조에이트, 폴리실리콘-15, 글리세릴스테아레이트, 포타슘세틸포스페이트, 폴리C10-30알킬아크릴레이트, 메틸프로판다이올, 카보머, 소듐폴리아크릴로일다이메틸타우레이트, 아크릴레이트/C10-30알킬아크릴레이트크로스폴리머, 에틸헥실글리세린, 글리세릴스테아레이트시트레이트, 향료, 암모늄아크릴로일다이메틸타우레이트/브이피코폴리머, 아데노신, 소듐하이알루로네이트, 폴리에터-1, 바이오사카라이드검-1, 토코페롤, 세라마이드엔피, 판테놀, 아시아티코사이드, 마데카식애씨드, 아시아틱애씨드, 카프릴릭/카프릭트라이글리세라이드, 세틸팔미테이트, 솔비탄스테아레이트, 폴리솔베이트80, 소듐하이알루로네이트크로스폴리머, 수용성콜라겐, 소듐벤조에이트, 시트릭애씨드, 하이드로제네이티드레시틴, 팔미토엘테트라펩타이드-10, 소듐디엔에이, 리날룰, 리모넨, 시트랄"
"A000000249726","[리뉴얼]식물나라 뽀얀쌀 생기 톤업 커버 선크림 50ml","식물나라","50.0","50.0","ml","15500","9800","1960.0","정제수, 징크옥사이드, 사이클로헥사실록세인, 부틸옥틸살리실레이트, 프로판다이올, 프로필헵틸카프릴레이트, 글리세린, 다이실록세인, 카프릴릴메티콘, 폴리글리세릴-3폴리다이메틸실록시에틸다이메티콘, 티타늄디옥사이드, 나이아신아마이드, 메틸메타크릴레이트크로스폴리머, 트라이메틸실록시실리케이트, 라우릴폴리글리세릴-3폴리다이메틸실록시에틸다이메티콘, 트라이에톡시카프릴릴실레인, 다이스테아다이모늄헥토라이트, 마그네슘설페이트, 1,2-헥산다이올, 폴리글리세릴-2다이폴리하이드록시스테아레이트, 황색산화철, 페닐트라이메티콘, 아크릴레이트/다이메티콘코폴리머, 부틸렌글라이콜, 글리세릴카프릴레이트, 카프릴릴글라이콜, 알루미늄하이드록사이드, 적색산화철, 에틸헥실글리세린, 아데노신, 흑색산화철, 토코페롤, 합성플루오르플로고파이트, 메틸프로판다이올, 산소, 쌀추출물(0.2ppm)"
"A000000249864","오우즈너리 레스트 앤 더 선 50ml","오우즈너리","50.0","50.0","ml","24000","16800","3360.0","정제수, 다이부틸아디페이트, 프로판다이올, 변성알코올, 부틸옥틸살리실레이트, 에칠헥실트리아존, 테레프탈릴리덴디캠퍼설포닉애씨드, 글리세린, 나이아신아마이드, 폴리글리세릴-3다이스테아레이트, 트로메타민, 1,2-헥산다이올, 펜틸렌글라이콜, 디에칠아미노하이드록시벤조일헥실벤조에이트, 세테아릴알코올, 카프릴릴메티콘, 폴리실리콘-15, 꽃생강뿌리추출물, 병풀추출물, 약모밀추출물, 팔미틱애씨드, 글리세릴스테아레이트, 비스-에칠헥실옥시페놀메톡시페닐트리아진, 실리카, 포타슘세틸포스페이트, 폴리메틸실세스퀴옥세인, 스테아릭애씨드, 메틸프로판다이올, 암모늄아크릴로일다이메틸타우레이트/브이피코폴리머, 암모늄폴리아크릴로일다이메틸타우레이트, 에틸헥실글리세린, 글리세릴스테아레이트시트레이트, 카보머, 아데노신, 아크릴레이트/C10-30알킬아크릴레이트크로스폴리머, 폴리에터-1, t-부틸알코올, 미리스틱애씨드, 토코페롤, 바이오사카라이드검-1, 아스코빅애씨드, 부틸렌글라이콜, 글라이신, 세린, 글루타믹애씨드, 아스파틱애씨드, 류신, 알라닌, 라이신, 알지닌, 타이로신, 페닐알라닌, 발린, 트레오닌, 프롤린, 아이소류신, 히스티딘, 메티오닌, 시스테인, 마데카소사이드, 아시아틱애씨드, 향료"
"A000000250108","이지듀 EGFx 다운타임 썬 35ml","이지듀","35.0","35.0","ml","25900","19900","5685.7","정제수, 징크옥사이드, 프로필헵틸카프릴레이트, 부틸옥틸살리실레이트, 프로판다이올,스트렙토코쿠스 테르모필루스발효추출여과물,부틸렌글라이콜다이카프릴레이트/다이카프레이트, 폴리글리세릴-4다이아이소스테아레이트/폴리하이드록시스테아레이트/세바케이트, 다이실록세인, 카프릴릴메티콘, 나이아신아마이드,벤조트라이아졸릴도데실p-크레솔, 실리카, 트라이메틸실록시실리케이트, 폴리글리세릴-3폴리다이메틸실록시에틸다이메티콘, 다이스테아다이모늄헥토라이트, 마그네슘설페이트,트라이에톡시카프릴릴실레인, 1,2-헥산다이올,비닐다이메티콘/메티콘실세스퀴옥세인크로스폴리머, 폴리C10-30알킬아크릴레이트, 글리세릴카프릴레이트, 카프릴릴글라이콜, 판테놀, 향료,하이드로제네이티드캐스터오일/세바식애씨드코폴리머, 에틸헥실글리세린, 아데노신, 에탄올,카프릴릭/카프릭트라이글리세라이드, 소듐하이알루로네이트, 하이드로제네이티드레시틴, 토코페롤, 소듐스테아로일글루타메이트, 니코틴아마이드아데닌다이뉴클레오타이드 *** , 다이소듐이디티에이, 소듐아스코빌포스페이트, 니코틴아마이드모노뉴클레오타이드, 글루타티온, 엑토인,알루미늄수크로오스옥타설페이트, 에스에이치-올리고펩타이드-1(1ppm)*, 부틸렌글라이콜, 소듐클로라이드 ** , 소듐락테이트 ** , 글라이신, 포타슘클로라이드 ** , 세린, 글루타믹애씨드, 글리세린,칼슘클로라이드 ** , 아스파틱애씨드, 류신, 마그네슘클로라이드 ** , 코코-카프릴레이트/카프레이트,
알라닌, 라이신, 알지닌, 타이로신, 페닐알라닌,발린, 트레오닌, 프롤린, 아이소류신, 히스티딘,메티오닌, 시스테인, 아데노신트라이포스페이트"
"A000000250317","[증정기획] 비디비치 얼티밋 워터리 프레시 수딩 선크림 60ml 기획/단품","비디비치","60.0","60.0","ml","31000","24800","4133.3","정제수, 다이부틸아디페이트, 프로판다이올, 부틸옥틸살리실레이트, 에칠헥실트리아존, 디에칠아미노하이드록시벤조일헥실벤조에이트, 나이아신아마이드, 폴리메틸실세스퀴옥세인, 드로메트리졸트리실록산, 메칠렌비스-벤조트리아졸릴테트라메칠부틸페놀, 카프릴릴메티콘, 펜틸렌글라이콜, 1,2-헥산다이올, 2,3-부탄다이올, 폴리글리세릴-3메틸글루코오스다이스테아레이트, 베헤닐알코올, 다이메티콘/비닐다이메티콘크로스폴리머, 데실글루코사이드, 트로메타민, 다이메티콘올, 트라이실록세인, 하이드로제네이티드캐스터오일/세바식애씨드코폴리머, 폴리글리세릴-3다이스테아레이트, 글리세린, 브이피/에이코신코폴리머, 아크릴레이트/C10-30알킬아크릴레이트크로스폴리머, 카보머, 메틸다이아이소프로필프로피온아마이드, 향료, 소듐스테아로일글루타메이트, 이눌린라우릴카바메이트, 폴리아크릴레이트크로스폴리머-6, 에틸헥실글리세린, 아데노신, 잔탄검, 구아이아줄렌, 글리세릴스테아레이트시트레이트, 토코페롤, 아시아티코사이드, 마데카식애씨드, 아시아틱애씨드, 부틸렌글라이콜, 카프릴릭/카프릭트라이글리세라이드, 영지버섯줄기추출물, 세틸팔미테이트, 솔비탄스테아레이트, 폴리솔베이트80, 하이드로제네이티드레시틴, 소듐하이알루로네이트크로스폴리머, 피버퓨추출물, 마트리카리아추출물, 소듐벤조에이트, 시트릭애씨드, 뽕나무뿌리추출물, 하이드록시프로필사이클로덱스트린, 팔미토일테트라펩타이드-10, 수크로오스다이스테아레이트, 알란토인, 리날룰, 리모넨, 시트랄"
"A000000250429","[톤업] 아넷사 브라이트닝 UV 선스크린 젤 NA 90g 기획 (+15g*2ea)","아넷사","90.0","105.0","g(약 1ml 상당으로 근사)","","30000","2857.1","정제수, 에탄올, 다이프로필렌글라이콜, 에칠헥실메톡시신나메이트, 다이메티콘, 부틸렌글라이콜, 다이아이소프로필세바케이트, C12-15알킬벤조에이트, 비스-에칠헥실옥시페놀메톡시페닐트리아진, 실리카, 티타늄디옥사이드, 트라넥사믹애씨드, 하이드로제네이티드폴리데센, 덱스트린팔미테이트, 피피지-8-세테스-20, 글리세린, 피이지-6, 디에칠아미노하이드록시벤조일헥실벤조에이트, 페녹시에탄올, 다이메틸아크릴아마이드/소듐아크릴로일다이메틸타우레이트크로스폴리머, 피이지/피피지-17/4다이메틸에터, 에칠헥실트리아존, 다이페닐실록시페닐트라이메티콘, 피이지-12다이메티콘, 마이카, 석시노글리칸, 하이드록시프로필메틸셀룰로오스스테아록시에터, 아미노프로필다이메티콘, 소듐메타포스페이트, 알루미늄하이드록사이드, 향료, 다이포타슘글리시리제이트, 폴리실리콘-2, 폴리비닐알코올, 트라이소듐이디티에이, 바륨설페이트, 비에이치티, 적색227호, 소듐메타바이설파이트, 녹차추출물, 청색1호, 토코페롤, 소듐아세틸레이티드하이알루로네이트, 수용성콜라겐, 시트로넬올, 제라니올, 헥실신남알, 리날룰, 리모넨"
"A000000250430","아넷사 퍼펙트 UV 선스크린 스킨케어 밀크 NA 20ml","아넷사","20.0","20.0","ml","","12000","6000.0","다이메티콘, 정제수, 징크옥사이드, 에탄올, 다이아이소프로필세바케이트, 아이소도데케인, 옥토크릴렌, 에칠헥실살리실레이트, C12-15알킬벤조에이트, 피이지/피피지-9/2다이메틸에터, 옥수수전분, 탤크, 실리카, 아이소프로필미리스테이트, 디에칠아미노하이드록시벤조일헥실벤조에이트, 티타늄디옥사이드, 피이지-9폴리다이메틸실록시에틸다이메티콘, 덱스트린팔미테이트, 글리세린, 호모살레이트, 에칠헥실트리아존, 비스-에칠헥실옥시페놀메톡시페닐트리아진, 다이스테아다이모늄헥토라이트, 피이지-10다이메티콘, 아이소스테아릭애씨드, 트라이에톡시카프릴릴실레인, 폴리글리세릴-6폴리리시놀리에이트, 소듐클로라이드, 알루미늄하이드록사이드, 스테아릭애씨드, 트라이소듐이디티에이, 피이지-6, 향료, 토코페롤, 비에이치티, 부틸렌글라이콜, 비스-부틸다이메티콘폴리글리세릴-3, 피이지/피피지-14/7다이메틸에터, 소듐메타바이설파이트, 트라이메틸실록시실리케이트, 다이포타슘글리시리제이트, 녹차추출물, 토멘틸뿌리추출물, 귤껍질추출물, 소듐아세틸레이티드하이알루로네이트, 합성플루오르플로고파이트, 라우릴베타인, 수용성콜라겐, 페녹시에탄올, 소듐벤조에이트, 시트로넬올, 제라니올, 헥실신남알, 리모넨, 리날룰"
"A000000251952","[10ml 추가증정]메노킨 30초 글로우 앤 클리어 젤 선크림 50ml 6종택1","메노킨","10.0","60.0","ml","28000","23000","3833.3","[모이스트]
정제수, 글리세린, 네오펜틸글라이콜다이헵타노에이트, 다이아이소프로필세바케이트, 드로메트리졸트리실록산, 프로판다이올, C12-15알킬벤조에이트, 디에칠아미노하이드록시벤조일헥실벤조에이트, 메틸글루세스-20, 베헤닐알코올, 에칠헥실트리아존, 테레프탈릴리덴디캠퍼설포닉애씨드, 1,2-헥산다이올, 트로메타민, 알파-비사보롤, 소듐폴리아크릴로일다이메틸타우레이트, 폴리아크릴레이트크로스폴리머-6, 스핑고모나스발효추출물, 아크릴레이트/C10-30알킬아크릴레이트크로스폴리머, 인도멀구슬나무잎추출물, 인도멀구슬나무꽃추출물, 아데노신, 부틸렌글라이콜, 에틸헥실글리세린, 하이드롤라이즈드익스텐신, 아이비고드열매추출물, 가지열매추출물, 알로에베라꽃추출물, 호호바씨오일, 울금뿌리추출물, 참산호말추출물, 홀리바질잎추출물, 알로에베라잎즙, 카프릴릴글라이콜, 아세틸헥사펩타이드-8, 메도우폼씨오일, 판테놀, 세라마이드엔피, 소듐하이알루로네이트, 하이드록시아세토페논, 폴리우레탄-15

[브라이트]
정제수, 글리세린, 네오펜틸글라이콜다이헵타노에이트, 다이아이소프로필세바케이트, C12-15알킬벤조에이트, 프로판다이올, 디에칠아미노하이드록시벤조일헥실벤조에이트, 메틸글루세스-20, 베헤닐알코올, 에칠헥실트리아존, 테레프탈릴리덴디캠퍼설포닉애씨드, 비스-에칠헥실옥시페놀메톡시페닐트리아진, 1,2-헥산다이올, 트로메타민, 알파-비사보롤, 소듐폴리아크릴로일다이메틸타우레이트, 폴리아크릴레이트크로스폴리머-6, 오일팜오일, 스핑고모나스발효추출물, 아크릴레이트/C10-30알킬아크릴레이트크로스폴리머, 아데노신, 부틸렌글라이콜, 에틸헥실글리세린, 하이드롤라이즈드익스텐신, 나이아신아마이드, 알로에베라잎즙, 카프릴릴글라이콜, 아세틸헥사펩타이드-8, 메도우폼씨오일, 판테놀, 글루타티온, 세라마이드엔피, 하이드록시아세토페논, 아스코빅애씨드, 폴리우레탄-15

[톤업]
정제수, 네오펜틸글라이콜다이헵타노에이트, 프로판다이올, 글리세린, C12-15알킬벤조에이트, 다이아이소프로필세바케이트, 티타늄디옥사이드, 폴리글리세릴-6스테아레이트, 디에칠아미노하이드록시벤조일헥실벤조에이트, 에칠헥실트리아존, 테레프탈릴리덴디캠퍼설포닉애씨드, 비스-에칠헥실옥시페놀메톡시페닐트리아진, 트로메타민, 글리세릴스테아레이트, 오일팜커넬오일, 1,2-헥산다이올, 알파-비사보롤, 하이드록시에틸아크릴레이트/소듐아크릴로일다이메틸타우레이트코폴리머, 오일팜오일, 아크릴레이트/스테아레스-20메타크릴레이트코폴리머, 하이드록시아세토페논, 다이프로필렌글라이콜, 폴리글리세릴-6베헤네이트, 포타슘세틸포스페이트, 하이드로제네이티드팜글리세라이즈, 카프릴릴글라이콜, 부틸렌글라이콜, 다이메티콘, 스핑고모나스발효추출물, 아데노신, 솔비탄아이소스테아레이트, 하이드롤라이즈드익스텐신, 적색산화철, 알로에베라잎즙, 다이포타슘글리시리제이트, 다마스크장미추출물, 소듐디엔에이, 에틸헥실글리세린, 트라이에톡시카프릴릴실레인, 아세틸헥사펩타이드-8, 세라마이드엔피, 판테놀, 다마스크장미꽃추출물, 폴리우레탄-15"
"A000000251953","[파데프리/보송선크림] 풀리 톤업 선크림 3종 (붉은기/다크닝/노란기)","풀리","","","","23000","18400","","포어 펩타이드: 정제수, 다이부틸아디페이트, 부틸옥틸살리실레이트, 디에칠아미노하이드록시벤조일헥실벤조에이트, 에칠헥실트리아존, 티타늄디옥사이드 (CI 77891), 메칠렌비스-벤조트리아졸릴테트라메칠부틸페놀, 드로메트리졸트리실록산, 나이아신아마이드, 폴리메틸실세스퀴옥세인, 에탄올, 글리세린,1,2-헥산다이올, 펜틸렌글라이콜, 옥틸도데칸올, 아이소도데케인, 폴리C10-30알킬아크릴레이트, 폴리글리세릴-3메틸글루코오스다이스테아레이트, 세테아릴알코올, 데실글루코사이드, 글리세릴스테아레이트, 메틸프로판다이올, 소듐폴리아크릴로일다이메틸타우레이트, 폴리에스터-5, 폴리글리세릴-4아이소스테아레이트, 아크릴레이트/C10-30알킬아크릴레이트크로스폴리머, 트로메타민, 아이소프로필티타늄트라이아이소스테아레이트, 알루미늄하이드록사이드, 소듐스테아로일글루타메이트, 에틸헥실글리세린, 아데노신, 하이드록시프로필메틸셀룰로오스스테아록시에터, 크로뮴옥사이드그린 (CI 77288), 폴리아크릴레이트크로스폴리머-6, 폴리에터-1, 잔탄검, 세틸하이드록시에틸셀룰로오스, 자일로글루칸, 폴리하이드록시스테아릭애씨드, 트라이에톡시카프릴릴실레인, 네오펜틸글라이콜다이에틸헥사노에이트, 토코페롤, 올리브오일, 토마토씨오일, 토마토추출물, 카프릴릴글라이콜, 아세틸헥사펩타이드-1 (0.05 ppb)

브라이트닝: 정제수, 다이부틸아디페이트, 부틸옥틸살리실레이트, 디에칠아미노하이드록시벤조일헥실벤조에이트, 에칠헥실트리아존, 티타늄디옥사이드 (CI 77891), 글리세린, 에틸헥실팔미테이트, 메칠렌비스-벤조트리아졸릴테트라메칠부틸페놀,드로메트리졸트리실록산, 나이아신아마이드, 프로판다이올,1,2-헥산다이올, 펜틸렌글라이콜, 폴리글리세릴-3메틸글루코오스다이스테아레이트, 아이소도데케인, 옥틸도데칸올, 세테아릴알코올, 폴리메틸실세스퀴옥세인, 소듐폴리아크릴로일다이메틸타우레이트, 폴리C10-30알킬아크릴레이트, 포타슘세틸포스페이트, 데실글루코사이드, 폴리글리세릴-4아이소스테아레이트, 하이드록시프로필메틸셀룰로오스스테아록시에터, 폴리아크릴레이트크로스폴리머-6, 아이소프로필티타늄트라이아이소스테아레이트, 알루미늄하이드록사이드, 에틸헥실글리세린, 적색산화철 (CI 77491), 아데노신, 황색산화철 (CI 77492), 부틸렌글라이콜, 무화과추출물, 잔탄검, 칼라민, 사이아노코발아민(10ppm), 토코페롤

엑소좀 퍼밍: 정제수, 글리세린, 다이부틸아디페이트, 메틸프로판다이올, 부틸옥틸살리실레이트, 티타늄디옥사이드 (CI 77891), 디에칠아미노하이드록시벤조일헥실벤조에이트, 에칠헥실트리아존, 메칠렌비스-벤조트리아졸릴테트라메칠부틸페놀, 드로메트리졸트리실록산, 나이아신아마이드, 카프릴릴메티콘, 1,2-헥산다이올, 메틸메타크릴레이트크로스폴리머, 펜틸렌글라이콜, 옥틸도데칸올, 베헤닐알코올, 폴리글리세릴-3 메틸글루코오스다이스테아레이트, 아이소도데케인, 울트라마린 (CI 77007), 데실글루코사이드, 소듐폴리아크릴로일다이메틸타우레이트, 폴리C10-30알킬아크릴레이트, 폴리글리세릴-4아이소스테아레이트, 트로메타민, 아크릴레이트/C10-30알킬아크릴레이트크로스폴리머, 폴리글리세릴-6다이스테아레이트, 아이소프로필티타늄트라이아이소스테아레이트, 폴리에스터-5, 알루미늄하이록사이드,칸데릴라/호호바/쌀겨폴리글리세릴-3에스터, 소듐스테아로일글루타메이트, 폴리아크릴레이트크로스폴리머-6, 에틸헥실글리세린, 아데노신, 하이드록시프로필메틸셀룰로오스스테아록시에터, 트라이에톡시카프릴릴실레인, 폴리하이드록시스테아릭애씨드, 잔탄검, 폴리에터-1, 세틸하이드록시에틸셀룰로오스, 네오펜틸글라이콜다이에틸헥사노에이트, 자일로글루칸, 부틸렌글라이콜, 토코페롤, 포도세포추출물(100 ppb)*, 사탕무뿌리추출물, 양배추추출물, 당근추출물, 흑미추출물, 가지열매추출물, 로우스위트블루베리추출물 *포도유래 엑소좀"
"A000000252087","[생기톤업] 휩드 피치페어 비건 톤업 캡슐 선크림 50ml","휩드","50.0","50.0","ml","26000","20800","4160.0","정제수, 프로판다이올, 다이부틸아디페이트, 티타늄디옥사이드, 디에칠아미노하이드록시벤조일헥실벤조에이트, 다이프로필렌글라이콜, 에칠헥실트리아존, 비스-에칠헥실옥시페놀메톡시페닐트리아진, 부틸렌글라이콜, 카프릴릴메티콘, 글리세린, 나이아신아마이드, 코코-카프릴레이트/카프레이트, 1,2-헥산다이올, 트라이메틸실록시실리케이트, 다이페닐실록시페닐트라이메티콘, 펜틸렌글라이콜, 폴리글리세릴-4라우레이트, 솔비탄라우레이트, 실리카, 폴리우레탄-35, 폴리글리세릴-6라우레이트, 피토스테릴/이소스테아릴/세틸/스테아릴/베헤닐다이머디리놀리에이트, 폴리C10-30알킬아크릴레이트, 소듐폴리아크릴로일다이메틸타우레이트, 트라이데실트라이멜리테이트, 암모늄폴리아크릴로일다이메틸타우레이트, 황색산화철, 폴리우레탄-15, 트라이에톡시카프릴릴실레인, 폴리하이드록시스테아릭애씨드, 에틸헥실글리세린, 마이카, 마이크로크리스탈린셀룰로오스, 알루미늄하이드록사이드, 폴리글리세릴-5폴리리시놀리에이트, 적색산화철, 아데노신, 향료, 폴리에스터-1, 다이라우릴시트레이트, 실리카다이메틸실릴레이트, 스핑고모나스발효추출물, 다이소듐이디티에이, 복숭아추출물(110ppm), 셀룰로오스검, t-부틸알코올, 폴리글리세릴-10라우레이트, 서양배추출물(10ppm), 글루타티온, 하이드로제네이티드레시틴, 소듐디엔에이, 토코페롤, 쌀겨오일"
"A000000252310","[화잘먹선] 연작 스킨 퍼펙팅 프렙 선 세럼 55ml 기획/단품","연작","55.0","55.0","ml","33000","28050","5100.0","정제수, 다이부틸아디페이트, 부틸옥틸살리실레이트, 프로판다이올, 에칠헥실트리아존, 글리세린, 테레프탈릴리덴디캠퍼설포닉애씨드, 비스-에칠헥실옥시페놀메톡시페닐트리아진, 폴리글리세릴-3다이스테아레이트, 1,2-헥산다이올, 나이아신아마이드, 트로메타민, 펜틸렌글라이콜, 디에칠아미노하이드록시벤조일헥실벤조에이트, 폴리실리콘-15, 세테아릴알코올, 카프릴릴메티콘, 글리세릴스테아레이트, 판테놀, 폴리메틸실세스퀴옥세인, 팔미틱애씨드, 스테아릭애씨드, 포타슘세틸포스페이트, 카보머, 향료, 글리세릴스테아레이트시트레이트, 아크릴레이트/C10-30알킬아크릴레이트크로스폴리머, 부틸렌글라이콜, 에틸헥실글리세린, 암모늄아크릴로일다이메틸타우레이트/브이피코폴리머, 쌀추출물, 아데노신, 황차추출물, 베타인, 소듐피씨에이, 이노시톨, 소듐폴리아크릴레이트, 피브이엠/엠에이코폴리머, 미리스틱애씨드, 솔비톨, 자주개자리씨추출물, 세린, 글라이신, 글루타믹애씨드, 알라닌, 알지닌, 라이신, 두날리엘라 살리나추출물, 트레오닌, 병풀추출물, 소듐하이알루로네이트, 스쿠알란, 프롤린, 소듐디엔에이, 알칼리게네스폴리사카라이드, 토코페롤, 다이소듐이디티에이, 리모넨, 시트로넬올, 제라니올, 리날룰"
"A000000252450","[1등 톤결보정 톤업썬/파데프리] 에스네이처 아쿠아 365 글로우핏 톤업선 40ml 기획 (+미니8ml)","에스네이처","40.0","48.0","ml","","25000","5208.3","정제수, 징크옥사이드, 부틸옥틸살리실레이트, 부틸렌글라이콜다이카프릴레이트/다이카프레이트, 다이메티콘, 티타늄디옥사이드, 부틸렌글라이콜, 프로판다이올, 다이아이소부틸아디페이트,라우릴폴리글리세릴-3폴리다이메틸실록시에틸다이메티콘, 나이아신아마이드, C11-13아이소알케인, 1,2-헥산다이올, 글리세린, 다이스테아다이모늄헥토라이트, 브이피/헥사데센코폴리머, 스쿠알란,폴리글리세릴-3폴리다이메틸실록시에틸다이메티콘, 소듐하이알루로네이트, 세라마이드엔피, 세라마이드엔에스, 세라마이드에이피,세라마이드이오피, 세라마이드에이에스, 콜레스테롤, 피토스핑고신,병풀추출물, 복숭아추출물, 세룰라타벚나무꽃추출물, 아이스플랜트추출물, 연꽃추출물, 매실추출물, 베타인, 올리브오일, 하이드록시프로필트라이모늄하이알루로네이트, 소듐아세틸레이티드하이알루로네이트, 하이드롤라이즈드하이알루로닉애씨드, 소듐하이알루로네이트크로스폴리머, 하이드롤라이즈드소듐하이알루로네이트,하이알루로닉애씨드, 포타슘하이알루로네이트, 아데노신, 무화과추출물, 베타-글루칸, 다이포타슘글리시리제이트, 스테아릭애씨드,에틸헥실글리세린, 하이드로제네이티드레시틴, 세테아릴알코올,알루미늄하이드록사이드, 다이메티콘/비닐다이메티콘크로스폴리머,마그네슘설페이트, 트라이에톡시카프릴릴실레인, 폴리글리세릴-2다이폴리하이드록시스테아레이트, 다이소듐이디티에이, 시트릭애씨드, 락틱애씨드, 황색산화철, 적색산화철, 흑색산화철"
"A000000252680","[NEW] 크리니크 올케어썬프라이머 SPF 50 PA++++ 30ml","크리니크","30.0","30.0","ml","60000","51000","17000.0","정제수,에칠헥실메톡시신나메이트,에칠헥실살리실레이트,티타늄디옥사이드,부틸옥틸살리실레이트,글리세린,다이부틸아디페이트,디에칠아미노하이드록시벤조일헥실벤조에이트,비스-에칠헥실옥시페놀메톡시페닐트리아진,옥토크릴렌,다이카프릴릴카보네이트,에이치디아이/피피지/폴리카프롤락톤크로스폴리머,폴리에스터-7,폴리글리세릴-3메틸글루코오스다이스테아레이트,소듐하이알루로네이트,라미나리아 오크롤레우카추출물,수크로오스,카페인,사카라이드아이소머레이트,조류추출물,토코페릴아세테이트,제주이질풀추출물,글리세릴스테아레이트,네오펜틸글라이콜다이헵타노에이트,세틸알코올,카프릴릴글라이콜,폴리하이드록시스테아릭애씨드,하이드록시아세토페논,알루미늄하이드록사이드,스테아릭애씨드,카프릴릭/카프릭트라이글리세라이드,부틸렌글라이콜,다이메티콘,암모늄아크릴로일다이메틸타우레이트/브이피코폴리머,카보머,하이드록시프로필메틸셀룰로오스스테아록시에터 ,비에이치티,페녹시에탄올,포타슘솔베이트,다이소듐이디티에이,트로메타민,실리카,소듐다이라우미도글루타미드라이신,7-데하이드로콜레스테롤,시트릭애씨드,소듐시트레이트,알루미늄디미리스테이트,트라이에톡시카프릴릴실레인,디소듐스테아로일글루타메이트,적색산화철"
"A000000253005","메노킨 30초 글로우 앤 클리어 젤 선크림 50ml 모이스트","메노킨","50.0","50.0","ml","28000","23000","4600.0","정제수, 글리세린, 네오펜틸글라이콜다이헵타노에이트, 다이아이소프로필세바케이트, 드로메트리졸트리실록산, 프로판다이올, C12-15알킬벤조에이트, 디에칠아미노하이드록시벤조일헥실벤조에이트, 메틸글루세스-20, 베헤닐알코올, 에칠헥실트리아존, 테레프탈릴리덴디캠퍼설포닉애씨드, 1,2-헥산다이올, 트로메타민, 알파-비사보롤, 소듐폴리아크릴로일다이메틸타우레이트, 폴리아크릴레이트크로스폴리머-6, 스핑고모나스발효추출물, 아크릴레이트/C10-30알킬아크릴레이트크로스폴리머, 인도멀구슬나무잎추출물, 인도멀구슬나무꽃추출물, 아데노신, 부틸렌글라이콜, 에틸헥실글리세린, 하이드롤라이즈드익스텐신, 아이비고드열매추출물, 가지열매추출물, 알로에베라꽃추출물, 호호바씨오일, 울금뿌리추출물, 참산호말추출물, 홀리바질잎추출물, 알로에베라잎즙, 카프릴릴글라이콜, 아세틸헥사펩타이드-8, 메도우폼씨오일, 판테놀, 세라마이드엔피, 소듐하이알루로네이트, 하이드록시아세토페논, 폴리우레탄-15"
"A000000253006","메노킨 30초 글로우 앤 클리어 젤 선크림 50ml 브라이트","메노킨","50.0","50.0","ml","28000","23000","4600.0","정제수, 글리세린, 네오펜틸글라이콜다이헵타노에이트, 다이아이소프로필세바케이트, C12-15알킬벤조에이트, 프로판다이올, 디에칠아미노하이드록시벤조일헥실벤조에이트, 메틸글루세스-20, 베헤닐알코올, 에칠헥실트리아존, 테레프탈릴리덴디캠퍼설포닉애씨드, 비스-에칠헥실옥시페놀메톡시페닐트리아진, 1,2-헥산다이올, 트로메타민, 알파-비사보롤, 소듐폴리아크릴로일다이메틸타우레이트, 폴리아크릴레이트크로스폴리머-6, 오일팜오일, 스핑고모나스발효추출물, 아크릴레이트/C10-30알킬아크릴레이트크로스폴리머, 아데노신, 부틸렌글라이콜, 에틸헥실글리세린, 하이드롤라이즈드익스텐신, 나이아신아마이드, 알로에베라잎즙, 카프릴릴글라이콜, 아세틸헥사펩타이드-8, 메도우폼씨오일, 판테놀, 글루타티온, 세라마이드엔피, 하이드록시아세토페논, 아스코빅애씨드, 폴리우레탄-15"
"A000000253026","메노킨 30초 글로우 앤 클리어 젤 선크림 50ml 톤업","메노킨","50.0","50.0","ml","28000","23000","4600.0","정제수, 네오펜틸글라이콜다이헵타노에이트, 프로판다이올, 글리세린, C12-15알킬벤조에이트, 다이아이소프로필세바케이트, 티타늄디옥사이드, 폴리글리세릴-6스테아레이트, 디에칠아미노하이드록시벤조일헥실벤조에이트, 에칠헥실트리아존, 테레프탈릴리덴디캠퍼설포닉애씨드, 비스-에칠헥실옥시페놀메톡시페닐트리아진, 트로메타민, 글리세릴스테아레이트, 오일팜커넬오일, 1,2-헥산다이올, 알파-비사보롤, 하이드록시에틸아크릴레이트/소듐아크릴로일다이메틸타우레이트코폴리머, 오일팜오일, 아크릴레이트/스테아레스-20메타크릴레이트코폴리머, 하이드록시아세토페논, 다이프로필렌글라이콜, 폴리글리세릴-6베헤네이트, 포타슘세틸포스페이트, 하이드로제네이티드팜글리세라이즈, 카프릴릴글라이콜, 부틸렌글라이콜, 다이메티콘, 스핑고모나스발효추출물, 아데노신, 솔비탄아이소스테아레이트, 하이드롤라이즈드익스텐신, 적색산화철, 알로에베라잎즙, 다이포타슘 글리시리제이트, 다마스크장미추출물, 소듐디엔에이, 에틸헥실글리세린, 트라이에톡시카프릴릴실레인, 아세틸헥사펩타이드-8, 세라마이드엔피, 판테놀, 다마스크장미꽃추출물, 폴리우레탄-15"
"A000000253210","[청담PICK/핑크톤업] 비긴스 바이 정샘물 히알루론산 수분 톤업 선크림 50ml","비긴스 바이 정샘물","50.0","50.0","ml","24000","18000","3600.0","정제수, 다이부틸아디페이트, 프로판다이올, 부틸옥틸살리실레이트, 다이카프릴릴카보네이트, 티타늄디옥사이드, 디에칠아미노하이드록시벤조일헥실벤조에이트, 폴리실리콘-15, 나이아신아마이드, 에칠헥실트리아존, 폴리메틸실세스퀴옥세인, 1,2-헥산다이올, 펜틸렌글라이콜, 아크릴레이트코폴리머, 글리세린, 하이드로제네이티드폴리아이소부텐, 브이피/에이코신코폴리머, 스테아릴다이메티콘, 세틸다이메티콘, 메틸프로판다이올, 코코-카프릴레이트/카프레이트, 폴리글리세릴-2카프레이트, 폴리하이드록시스테아릭애씨드, 수크로오스스테아레이트, 암모늄아크릴로일다이메틸타우레이트/브이피코폴리머, 메틸다이아이소프로필프로피온아마이드, 폴리아크릴레이트크로스폴리머-6, 호호바씨오일, 스테아릭애씨드, 에틸헥실글리세린, 에리스리톨, 하이드록시프로필메틸셀룰로오스스테아록시에터, 알루미나, 이눌린라우릴카바메이트, 글리세릴카프릴레이트, 황색산화철, 잔탄검, 적색산화철, 트라이에톡시카프릴릴실레인, 아데노신, 알루미늄하이드록사이드, 스쿠알란, 폴리에터-1, 소듐폴리아크릴레이트, 메틸메타크릴레이트크로스폴리머, 토코페롤, 소듐하이알루로네이트, 부틸렌글라이콜, 바이오사카라이드검-1, 글루타티온, 아스코빅애씨드, 엑토인, 구아이아줄렌, 락토바실러스발효물, 마트리카리아꽃추출물, 다이프로필렌글라이콜, 워터민트추출물, 하이드롤라이즈드소듐하이알루로네이트, 소듐디엔에이, 글라이신, 글루타믹애씨드, 알지닌"
"A000000253211","[청담PICK/퍼플톤업] 비긴스 바이 정샘물 히알루론산 퍼플 톤업 선크림 50ml","비긴스 바이 정샘물","50.0","50.0","ml","24000","18000","3600.0","정제수, 다이부틸아디페이트, 프로판다이올, 에칠헥실트리아존, 드로메트리졸트리실록산, 나이아신아마이드, 티타늄디옥사이드 (CI 77891), 폴리글리세릴-3다이스테아레이트, 디에칠아미노하이드록시벤조일헥실벤조에이트, 테레프탈릴리덴디캠퍼설포닉애씨드, 트로메타민, 글리세린, 아이소노닐아이소노나노에이트, 코코-카프릴레이트/카프레이트, 다이메티콘, 세테아릴알코올, 1,2-헥산다이올, 울트라마린 (CI 77007), 포타슘세틸포스페이트, 글리세릴스테아레이트, 폴리메틸실세스퀴옥세인, 하이드록시아세토페논, 팔미틱애씨드, 카보머, 암모늄폴리아크릴로일다이메틸타우레이트, 스테아릭애씨드, 글리세릴스테아레이트시트레이트, 베헤닐알코올, 폴리하이드록시스테아릭애씨드, 폴리아크릴레이트크로스폴리머-6, 판테놀, 메틸프로판다이올, 알루미늄하이드록사이드, 폴리에터-1, 카올린, 잔탄검, 메틸다이아이소프로필프로피온아마이드, 에틸헥실글리세린, 트라이에톡시카프릴릴실레인, 아데노신, 다이소듐이디티에이, 부틸렌글라이콜, 소듐하이알루로네이트 (10ppm), 니코틴아마이드모노뉴클레오타이드, 마트리카리아꽃추출물 (10ppm), 폴리글리세릴-3메틸글루코오스다이스테아레이트, 하이드롤라이즈드소듐하이알루로네이트 (1ppm), 암모늄아크릴로일다이메틸타우레이트/브이피코폴리머, C14-22알코올, C12-20알킬글루코사이드, 카프릴릭/카프릭트라이글리세라이드, 월귤추출물, 빌베리열매추출물, 크랜베리추출물, 로우스위트블루베리추출물, 엘더열매추출물, 라즈베리추출물, 서양산딸기추출물, 포스파티딜콜린, 아사이팜열매추출물, 폴스애플민트잎추출물, 세라마이드엔피, 녹차추출물, 하이드록시신나믹애씨드, 타임잎추출물, 루틴, 글라이신, 세린, 글루타믹애씨드, 라이신, 알라닌, 트레오닌, 프롤린, 알지닌, 구아이아줄렌"
"A000000253295","[7월올영픽/수분촉촉선] 닥터지 스킨부스트 PDRN 선세럼 50ml +10ml 증정기획","닥터지","50.0","60.0","ml","32000","21500","3583.3","정제수, 다이부틸아디페이트, 에칠헥실살리실레이트, 에칠헥실트리아존, 부틸옥틸살리실레이트, 옥토크릴렌, 프로판다이올, 실리카, 트라이메틸펜타페닐트라이실록세인, 나이아신아마이드, 트라이프로필렌글라이콜, 에탄올, 디에칠아미노하이드록시벤조일헥실벤조에이트, 테레프탈릴리덴디캠퍼설포닉애씨드, 라우릴락테이트, 해바라기씨오일, 스핑고모나스발효추출물, 락토바실러스발효용해물, 소듐하이알루로네이트, 크리산텔룸 인디쿰추출물, 지치뿌리추출물, 병풀추출물, 하이드롤라이즈드콜라겐, 비스-에칠헥실옥시페놀메톡시페닐트리아진, 1,2-헥산다이올, 펜틸렌글라이콜, 트로메타민, C30-45알킬다이메틸실릴폴리프로필실세스퀴옥세인, 다이부틸에틸헥사노일글루타마이드, 다이부틸라우로일글루타마이드, 부틸렌글라이콜, C15-19알케인, 다이프로필렌글라이콜, 판테놀, 하이드록시아세토페논, 폴리페닐실세스퀴옥세인, 데하이드로잔탄검, 알란토인, 아데노신, 소듐디엔에이(55,000 ppb), 에틸헥실글리세린, 토코페롤, 에틸헥실팔미테이트, 트라이하이드록시스테아린, 카보머, 다이소듐이디티에이"
"A000000253514","[흔적개선] 리얼베리어 시카 그린 톤업 선크림 50ml","리얼베리어","50.0","50.0","ml","","29000","5800.0","정제수, 징크옥사이드, 사이클로헥사실록세인, 부틸옥틸살리실레이트, 프로판다이올, 프로필헵틸카프릴레이트, 카프릴릴메티콘, 메틸트라이메티콘, 폴리글리세릴-3폴리다이메틸실록시에틸다이메티콘, 나이아신아마이드, 트라이메틸실록시실리케이트, 병풀추출물(30 ppb), 다이스테아다이모늄헥토라이트, 마그네슘설페이트, 트라이에톡시카프릴릴실레인, 1, 2-헥산다이올, 폴리글리세릴-2다이폴리하이드록시스테아레이트, 폴리메틸실세스퀴옥세인, 라우릴폴리글리세릴-3폴리다이메틸실록시에틸다이메티콘, 글리세릴카프릴레이트, 카프릴릴글라이콜, 다이카프릴릴카보네이트, 에틸헥실글리세린, 마이카, 아데노신, 토코페롤, 부틸렌글라이콜, 레시틴, 다이포타슘글리시리제이트, 미리스토일/팔미토일옥소스테아라마이드/아라카마이드엠이에이, 아시아티코사이드(0.4 ppb), 마데카식애씨드(0.3 ppb), 아시아틱애씨드(0.3 ppb), 알지닌, 크로뮴옥사이드그린"
"A000000253613","[NEW/ 글로벌 1위] 니베아 선 프로텍트 앤 모이스춰 선 로션 100ml","니베아","100.0","100.0","ml","","17800","1780.0","정제수,변성알코올,글리세린,부틸메톡시디벤조일메탄,다이부틸아디페이트 ,아이소프로필팔미테이트,C12-15알킬벤조에이트,비스-에칠헥실옥시페놀메톡시페닐트리아진,디에칠아미노하이드록시벤조일헥실벤조에이트,다이프로필렌글라이콜다이벤조에이트,에칠헥실트리아존,카나우바왁스,세틸알코올,실리카다이메틸실릴레이트,폴리글리세릴-3메틸글루코오스다이스테아레이트,헥토라이트,페닐벤즈이미다졸설포닉애씨드,C18-38알킬하이드록시스테아로일스테아레이트,페녹시에탄올(0.4995%),향료,잔탄검,하이드록시아세토페논 ,세틸팔미테이트,토코페릴아세테이트,글리세릴스테아레이트,트라이소듐에틸렌다이아민다이석시네이트,글리세릴스테아레이트시트레이트,소듐아스코빌포스페이트,소듐하이드록사이드,리날룰,벤질알코올,알파-아이소메틸아이오논,시트로넬올,소듐하이알루로네이트"
"A000000254022","[NEW/안심자차]식물나라 온가족 이지워시 선 크림 50ml 2입","식물나라","50.0","100.0","ml","","25800","2580.0","정제수, 징크옥사이드, 카프릴릭/카프릭트라이글리세라이드, 부틸렌글라이콜, 부틸렌글라이콜다이카프릴레이트/다이카프레이트, C12-15알킬벤조에이트, 카프릴릴메티콘, 1,2-헥산다이올, 펜틸렌글라이콜, 폴리하이드록시스테아릭애씨드, 다이메티콘/비닐다이메티콘크로스폴리머, 하이드로제네이티드캐스터오일다이머다이리놀레에이트, 트라이에톡시카프릴릴실레인, 글리세린, 폴리아크릴레이트크로스폴리머-6, 소듐폴리아크릴로일다이메틸타우레이트, 하이드록시프로필메틸셀룰로오스스테아록시에터, 소듐아크릴레이트/소듐아크릴로일다이메틸타우레이트코폴리머, 판테놀, 트레할로오스, 에틸헥실글리세린, 소듐스테아로일글루타메이트, 암모늄폴리아크릴로일다이메틸타우레이트, 네오펜틸글라이콜다이에틸헥사노에이트, 스핑고모나스발효추출물, C15-19알케인, 폴리우레탄-15, 실리카, 라우릴글루코사이드, 소듐폴리아크릴레이트, 피브이엠/엠에이코폴리머, t-부틸알코올, 토코페롤, 세라마이드엔피, 다이프로필렌글라이콜, 하이드로제네이티드레시틴, 글리세릴스테아레이트, 콜레스테롤, 세라마이드에이피, 세라마이드에이에스, 세라마이드엔지, 세라마이드엔에스, 소듐하이알루로네이트, 하이알루로닉애씨드, 소듐하이알루로네이트크로스폴리머, 하이드록시프로필트라이모늄하이알루로네이트, 소듐아세틸레이티드하이알루로네이트, 세라마이드이오피"
"A000000254406","[리뷰이벤트/파데프리/톤업선크림] 체이싱래빗 올어바웃 글로우 톤업 선 70ml","체이싱래빗","70.0","70.0","ml","","18000","2571.4","정제수, 다이부틸아디페이트, 프로판다이올, 티타늄디옥사이드, 부틸렌글라이콜, 1,2-헥산다이올, C12-15알킬벤조에이트, 다이페닐실록시페닐트라이메티콘, 에칠헥실트리아존, 나이아신아마이드, 프로필헵틸카프릴레이트, 비스-에칠헥실옥시페놀메톡시페닐트리아진, 메칠렌비스-벤조트리아졸릴테트라메칠부틸페놀, 카프릴릭/카프릭트라이글리세라이드, 디에칠아미노하이드록시벤조일헥실벤조에이트, 다이아이소프로필세바케이트, 향료, 포타슘세틸포스페이트, 솔비탄아이소스테아레이트, 아크릴레이트/스테아릴아크릴레이트/다이메티콘메타크릴레이트코폴리머, 세테아릴알코올, 다이메티콘, 폴리메틸실세스퀴옥세인, 다이메티콘/비닐다이메티콘크로스폴리머, 아크릴레이트/C10-30알킬아크릴레이트크로스폴리머, 스테아릴알코올, 트로메타민, 비닐다이메티콘/메티콘실세스퀴옥세인크로스폴리머, 데실글루코사이드, 암모늄아크릴로일다이메틸타우레이트/브이피코폴리머, 팔미틱애씨드, 다이메티콘올, 트라이실록세인, 스테아릭애씨드, 하이드록시프로필메틸셀룰로오스스테아록시에터, 폴리아크릴레이트크로스폴리머-6, 알루미늄하이드록사이드, 트라이에톡시카프릴릴실레인, 잔탄검, 에틸헥실글리세린, 아데노신, 글리세린, 다이소듐이디티에이, 토코페롤, 펜틸렌글라이콜, 커먼자스민추출물, 마데카소사이드, 흰버드나무껍질추출물, 가지열매추출물, 보리지추출물, 수레국화꽃추출물, 마트리카리아꽃추출물, 히아신스전초추출물, 라벤더꽃추출물, 클레리추출물, 미로탐누스 플라벨리폴리아잎/줄기추출물, 카프릴릴글라이콜, 아스코빅애씨드, 시트릭애씨드"
"A000000254525","[온가족/유기자차] 아벤느 선 레 앙팡 250ML","아벤느","250.0","250.0","ml","45000","37900","1516.0","온천수(아벤느 온천수), C12-15알킬벤조에이트, 코코-카프릴레이트/카프레이트, 다이아이소프로필아디페이트, 메칠렌비스-벤조트리아졸릴테트라메칠부틸페놀, 정제수, 비스-에칠헥실옥시페놀메톡시페닐트리아진, 디에칠헥실부타미도트리아존, 폴리글리세릴-2다이폴리하이드록시스테아레이트, 글리세린, 부틸메톡시디벤조일메탄, 실리카, 데실글루코사이드, 벤조익애씨드(0.18%), 부틸렌글라이콜, 카프릴릭/카프릭트라이글리세라이드, 카프릴릴글라이콜, 다이소듐이디티에이, 해바라기씨오일, 하이드록시카프릭애씨드, 라우릴글루코사이드, 옥소티아졸리딘, 프로필렌글라이콜, 소듐벤조에이트(0.00125%), 소듐시트레이트, 소듐라우릴글루코오스카복실레이트, 소듐폴리아크릴레이트, 소듐스테아로일글루타메이트, 소르빅애씨드(0.005%), 토코페롤, 토코페릴글루코사이드, 잔탄검"
"A000000254530","[촉촉/유기자차] 아벤느 선 세럼 30ML","아벤느","30.0","30.0","ml","45000","31500","10500.0","정제수, 호모살레이트, 다이부틸아디페이트, 에칠헥실살리실레이트, 글리세린, 비스-에칠헥실옥시페놀메톡시페닐트리아진, 부틸메톡시디벤조일메탄, 다이메티콘, 부틸옥틸살리실레이트, 에칠헥실트리아존, 브이피/헥사데센코폴리머, 페닐벤즈이미다졸설포닉애씨드, 페녹시에탄올, 아미노메틸프로판올, 벤질알코올, 아크릴레이트/C10-30알킬아크릴레이트크로스폴리머, 에틸헥실글리세린, 소듐하이알루로네이트, 토코페릴아세테이트, 다이소듐이디티에이, 알로에베라잎즙"
"A000000254533","[투명밀착/유기자차] 아벤느 선 플루이드 50ML","아벤느","50.0","50.0","ml","32000","22400","4480.0","정제수, 호모살레이트, 옥토크릴렌, C12-15알킬벤조에이트, 에칠헥실살리실레이트, 부틸메톡시디벤조일메탄, 세라알바, 실리카, 피이지-15코카민, 카프릴릴글라이콜, 피이지-40스테아레이트, 카프릴하이드록사믹애씨드, 글리세린, 트라이에탄올아민, 카보머, 아크릴레이트/C10-30알킬아크릴레이트크로스폴리머, 토코페릴아세테이트, 알로에베라잎즙, 시트릭애씨드"
"A000000254535","[톤업/무기자차] 아벤느 선 미네랄 크림 50ML","아벤느","50.0","50.0","ml","32000","22400","4480.0","온천수(아벤느온천수), 티타늄디옥사이드, 아이소데실네오펜타노에이트, 트라이에틸헥사노인, C12-15알킬벤조에이트, 글리세린, 사이클로펜타실록세인, 폴리글리세릴-4아이소스테아레이트, 세틸피이지/피피지-10/1다이메티콘, 헥실라우레이트, C30-45알킬메티콘, 사이클로헥사실록세인, C30-45올레핀, 스테아릭애씨드, 알루미나, 카프릴릭/카프릭트라이글리세라이드, 카프릴릴글라이콜, 다이소듐이디티에이, 황색산화철, 적색산화철, 옥틸도데칸올, 펜타에리스리틸테트라-다이-t-부틸하이드록시하이드로신나메이트, 실리카다이메틸실릴레이트, 실크아미노산, 소듐클로라이드, 소르빅애씨드(0.2%), 탤크, 티타늄디옥사이드, 토코페릴글루코사이드, 잔탄검"
"A000000254577","[NEW/쿨톤보정] 듀이트리 어반 쉐이드 퍼플 톤업 선 50ml 더블 기획","듀이트리","50.0","100.0","ml","30000","24000","2400.0","정제수, 프로판다이올, 코코-카프릴레이트/카프레이트, 다이부틸아디페이트, 에칠헥실트리아존, 나이아신아마이드, 메칠렌비스-벤조트리아졸릴테트라메칠부틸페놀, 다이아이소프로필세바케이트, 부틸옥틸살리실레이트, 디에칠아미노하이드록시벤조일헥실벤조에이트, 티타늄디옥사이드 (CI 77891), 1,2-헥산다이올, 폴리글리세릴-3메틸글루코오스다이스테아레이트, 비스-에칠헥실옥시페놀메톡시페닐트리아진, 세테아릴알코올, 울트라마린 (CI 77007), 암모늄아크릴로일다이메틸타우레이트/브이피코폴리머, 데실글루코사이드, 폴리메틸실세스퀴옥세인, 소듐폴리아크릴로일다이메틸타우레이트, 베헤닐알코올, 폴리하이드록시스테아릭애씨드, 폴리아크릴레이트크로스폴리머-6, 메틸프로판다이올, 에틸헥실글리세린, 폴리에터-1, 트라이에톡시카프릴릴실레인, 알루미나, 소듐스테아로일글루타메이트, 아데노신, 카올린, 글리세린, 잔탄검, 글루타티온, 알파-비사보롤, 부틸렌글라이콜, 소듐폴리아크릴레이트, C14-22알코올, C12-20알킬글루코사이드, 세테아릴글루코사이드, 라벤더꽃추출물, 수용성콜라겐, 세라마이드엔에스, 세라마이드엔피, 세라마이드이오피, 세라마이드에이피"
"A000000254579","[NEW/쿨톤보정] 듀이트리 어반 쉐이드 퍼플 톤업 선 50ml","듀이트리","50.0","50.0","ml","24000","14400","2880.0","정제수, 프로판다이올, 코코-카프릴레이트/카프레이트, 다이부틸아디페이트, 에칠헥실트리아존, 나이아신아마이드, 메칠렌비스-벤조트리아졸릴테트라메칠부틸페놀, 다이아이소프로필세바케이트, 부틸옥틸살리실레이트, 디에칠아미노하이드록시벤조일헥실벤조에이트, 티타늄디옥사이드 (CI 77891), 1,2-헥산다이올, 폴리글리세릴-3메틸글루코오스다이스테아레이트, 비스-에칠헥실옥시페놀메톡시페닐트리아진, 세테아릴알코올, 울트라마린 (CI 77007), 암모늄아크릴로일다이메틸타우레이트/브이피코폴리머, 데실글루코사이드, 폴리메틸실세스퀴옥세인, 소듐폴리아크릴로일다이메틸타우레이트, 베헤닐알코올, 폴리하이드록시스테아릭애씨드, 폴리아크릴레이트크로스폴리머-6, 메틸프로판다이올, 에틸헥실글리세린, 폴리에터-1, 트라이에톡시카프릴릴실레인, 알루미나, 소듐스테아로일글루타메이트, 아데노신, 카올린, 글리세린, 잔탄검, 글루타티온, 알파-비사보롤, 부틸렌글라이콜, 소듐폴리아크릴레이트, C14-22알코올, C12-20알킬글루코사이드, 세테아릴글루코사이드, 라벤더꽃추출물, 수용성콜라겐, 세라마이드엔에스, 세라마이드엔피, 세라마이드이오피, 세라마이드에이피"
"A000000254663","[장벽탄력/광노화] 지피덤 셀트리온 EGF 스킨베리어 선크림 40ml","지피덤","40.0","40.0","ml","31000","19800","4950.0","정제수, 다이부틸아디페이트, 프로판다이올, 글리세린, 디에칠아미노하이드록시벤조일헥실벤조에이트, 폴리메틸실세스퀴옥세인, 에칠헥실트리아존, 메칠렌비스-벤조트리아졸릴테트라메칠부틸페놀, 부틸렌글라이콜, 나이아신아마이드, 코코-카프릴레이트/카프레이트, 카프릴릴메티콘, 디에칠헥실부타미도트리아존, 1,2-헥산다이올, 펜틸렌글라이콜, 베헤닐알코올, 폴리C10-30알킬아크릴레이트, 폴리글리세릴-3메틸글루코오스다이스테아레이트, 데실글루코사이드, 트로메타민, 카보머, 아크릴레이트/C10-30알킬아크릴레이트크로스폴리머, 소듐스테아로일글루타메이트, 폴리아크릴레이트크로스폴리머-6, 에틸헥실글리세린, 아데노신, 메틸프로판다이올, 폴리에터-1, 잔탄검, 소듐하이알루로네이트, 토코페롤, 카르노신, 엑토인, 판테놀, 하이드로제네이티드레시틴, 세라마이드엔피, 카프릴릭/카프릭트라이글리세라이드, 사이클로헥실글리세린, 수크로오스스테아레이트, 다이포타슘포스페이트, 아세틸글루타민, 다이프로필렌글라이콜, 스테아릭애씨드, 하이드록시아세토페논, 팔미틱애씨드, 솔비탄라우레이트, 다이올레오일피지-트라이모늄클로라이드, 에스에이치-올리고펩타이드-1(0.000025 ppm), 옥틸
도데칸올, 콜레스테롤, 유채스테롤, 하이드록시에틸셀룰로오스, 소듐피씨에이, 아세틸다이펩타이드-1세틸에스터, 세테아릴알코올, 올리브오일, 벤토나이트, 양까막까치밥나무씨오일, 글라이코스핑고리피드, 해바라기씨오일불검화물, 올리브오일데실에스터, 셀룰로오스검, 피토스핑고신, 시트릭애씨드, 풍선덩굴꽃/잎/덩굴추출물, 해바라기씨오일, 폴리락틱애씨드, 스쿠알란, 세라마이드엔에스, 클로렐라 불가리스추출물, 세라마이드에이피, 세라마이드에이에스, 로즈마리잎추출물, 씨솔트, 세라마이드이오피"
"A000000254900","[무기자차/수분쿨링] 미닉 노세범 블루 캐모마일 수분 선크림 50ml","미닉","50.0","50.0","ml","","25000","5000.0","정제수, C12-15알킬벤조에이트, 티타늄디옥사이드, 프로판다이올, 실리카, 1,2-헥산다이올, 알루미늄스테아레이트, 폴리아크릴레이트크로스폴리머-6, 부틸렌글라이콜, 알루미나, 폴리하이드록시스테아릭애씨드, 마트리카리아꽃수 (캐모마일꽃수)(5,007.8ppm), 암모늄아크릴로일다이메틸타우레이트/브이피코폴리머, 메틸프로판다이올, 폴리에터-1, 에틸헥실글리세린, 다이소듐이디티에이, 두충나무껍질추출물, 마트리카리아추출물 (캐모마일추출물)(50ppm), 구아이아줄렌, 부틸아보카데이트, 토코페롤, 신선초추출물, 몰로키아잎추출물, 연꽃뿌리추출물, 오크라열매추출물, 참마뿌리추출물, 하이드롤라이즈드하이알루로닉애씨드, 하이드롤라이즈드소듐하이알루로네이트, 다이메틸실란올하이알루로네이트, 소듐하이알루로네이트, 불가리스쑥추출물, 하이알루로닉애씨드, 포타슘하이알루로네이트, 하이드록시프로필트라이모늄하이알루로네이트, 소듐하이알루로네이트크로스폴리머, 소듐하이알루로네이트다이메틸실란올, 소듐아세틸레이티드하이알루로네이트"
"A000000254909","[NEW/파데프리] 바닐라코 에센스 스킨 톤업 CC 선크림 50ml","바닐라코","50.0","50.0","ml","25000","17500","3500.0","정제수, 아이소노닐아이소노나노에이트, 다이부틸아디페이트, 부틸옥틸살리실레이트, 에칠헥실트리아존, 티타늄디옥사이드, 글리세린, 디에칠아미노하이드록시벤조일헥실벤조에이트, 코코-카프릴레이트/카프레이트, 나이아신아마이드, 폴리메틸실세스퀴옥세인, 드로메트리졸트리실록산, 메칠렌비스-벤조트리아졸릴테트라메칠부틸페놀, 폴리글리세릴-3메틸글루코오스다이스테아레이트, 부틸렌글라이콜, 1,2-헥산다이올, 펜틸렌글라이콜, 2,3-부탄다이올, 카프릴릴메티콘, 아이소트라이데실아이소노나노에이트, 카프릴릴트라이메티콘, 브이피/에이코신코폴리머, 포타슘세틸포스페이트, 데실글루코사이드, 하이드록시에틸아크릴레이트/소듐아크릴로일다이메틸타우레이트코폴리머, 트로메타민, 폴리하이드록시스테아릭애씨드, 카보머, 트라이메틸실록시실리케이트, 아크릴레이트/C10-30알킬아크릴레이트크로스폴리머, 향료, 아이소도데케인, 이눌린라우릴카바메이트, 폴리아크릴레이트크로스폴리머-6, 하이드롤라이즈드호호바에스터, 에틸헥실글리세린, 알루미늄하이드록사이드, 다마스크장미꽃수, 트라이에톡시카프릴릴실레인, 아이소프로필티타늄트라이아이소스테아레이트, 아데노신, 적색산화철, 황색산화철, 다이메티콘/비닐다이메티콘크로스폴리머, 폴리실리콘-1, 소듐아이소스테아로일락틸레이트, 솔비탄아이소스테아레이트, 잔탄검, 메틸메타크릴레이트크로스폴리머, 동백나무씨추출물, 3-O-에틸아스코빅애씨드, 세룰라타벚나무꽃추출물, 글루타티온, 토코페롤"
"A000000257053","온그리디언츠 스킨 베리어 래디언트 선크림 50ml","온그리디언츠","50.0","50.0","ml","25000","18750","3750.0","정제수, 다이부틸아디페이트, 부틸렌글라이콜, C12-15알킬벤조에이트, 에칠헥실트리아존, 디에칠아미노하이드록시벤조 일헥실벤조에이트, 메칠렌비스-벤조트리아졸릴테트라메칠부틸페놀, 나이아신아마이드, 폴리글리세릴-3다이스테아레이트, 티타늄디옥사이드, 다이메티콘, 폴리프로필실세스퀴옥세인, 비스-에칠헥실옥시페놀메톡시페닐트리아진, 글리세린, 1,2-헥산다이올, 폴리실리콘-15, 폴리메틸실세스퀴옥세인, 세테아릴알코올, 글리세릴스테아레이트, 포타슘세틸포스페이트, 트레할로오스, 암모늄아크릴로일다이메틸타우레이트/브이피코폴리머, 하이드록시아세토페논, 데실글루코사이드, 다이프로필렌글라이콜, 글리세릴스테아레이트시트레이트, 알란토인, 폴리아크릴레이트크로스폴리머-6, 황색산화철, 메틸프로판다이올, 알루미늄하이드록사이드, 아크릴레이트/C10-30알킬아크릴레이트크로스폴리머, 에틸헥실글리세린, 트라이에톡시카프릴릴실레인, 폴리에터-1, 아데노신, 트로메타민, 적색산화철, 잔탄검, 다마스크장미꽃오일, t-부틸알코올, 스쿠알란, 판테놀, 시어버터, 카프릴릭/카프릭 트라이글리세라이드, 올리브오일, 하이드로제네이티드레시틴, 폴리글리세릴-10라우레이트, 카프릴릴글라이콜, 소듐하이알루로네이트, 다이메틸실란올하이알루로네이트, 하이알루로닉애씨드, 하이드롤라이즈드하이알루로닉애씨드, 하이드롤라이즈드소듐하이알루로네이트, 세라마이드엔피, 콜레스테롤, 병풀추출물, 포타슘하이알루로네이트, 하이드록시프로필트라이모늄하이알루로네이트, 소듐하이알루로네이트크로스폴리머, 피토스핑고신, 소듐하이알루로네이트다이메틸실란올, 소듐아세틸레이티드하이알루로네이트, 카퍼트라이펩타이드-1, 헥사펩타이드-9, 헥사펩타이드-11, 팔미토일펜타펩타이드-4, 팔미토일트라이펩타이드-1, 트라이펩타이드-1, 시트로넬올, 제라니올"
"A000000257287","[순둥자차/무기자차] 가히 징크 더마 마일드 선크림 50ml","가히","50.0","50.0","ml","36000","16380","3276.0","정제수,징크옥사이드,프로필헵틸카프릴레이트,부틸옥틸살리실레이트,코코-카프릴레이트/카프레이트,프로판다이올,다이메티콘올,메틸트라이메티콘,카프릴릴메티콘,폴리글리세릴-3폴리다이메틸실록시에틸다이메티콘,나이아신아마이드,트라이메틸실록시실리케이트,물냉이추출물,쇠비름추출물,다이스테아다이모늄헥토라이트,폴리하이드록시스테아릭애씨드,마그네슘설페이트,트라이에톡시카프릴릴실레인,라우릴폴리글리세릴-3폴리다이메틸실록시에틸다이메티콘,1,2-헥산다이올,폴리글리세릴-2다이폴리하이드록시스테아레이트,폴리메틸실세스퀴옥세인,네오펜틸글라이콜다이에틸헥사노에이트,글리세릴카프릴레이트,카프릴릴글라이콜,에틸헥실글리세린,아데노신,폴록사머188,토코페롤,하이드록시프로필메틸셀룰로오스스테아록시에터,티타늄디옥사이드,메틸프로판다이올,알루미늄하이드록사이드,덱스트린팔미테이트,아이소프로필티타늄트라이아이소스테아레이트,금,탄닉애씨드,향료"
"A000000257510","[심으뜸PICK] AGE20S 멜라디펜스 기미 톤업 에센스 선크림 50ml","에이지투웨니스","50.0","50.0","ml","32000","20800","4160.0","정제수, 호모살레이트, 프로판다이올, 티타늄디옥사이드(CI 77891), 디에칠아미노하이드록시벤조일헥실벤조에이트, 에칠헥실살리실레이트, 에틸헥실아이소노나노에이트, 에틸헥실스테아레이트, 글리세린, 나이아신아마이드, 다이메티콘, 비스-에칠헥실옥시페놀메톡시페닐트리아진, C20-22알킬포스페이트, 1,2-헥산다이올, 디에칠헥실부타미도트리아존, 폴리메틸실세스퀴옥세인, 이소아밀p-메톡시신나메이트, 실리카, 마이크로크리스탈린셀룰로오스, C20-22알코올, 하이드로제네이티드파네신, 폴리C10-30알킬아크릴레이트, 다이메티콘/비닐다이메티콘크로스폴리머, 카프릴릴글라이콜, 암모늄폴리아크릴로일다이메틸타우레이트, 알란토인, 소듐폴리아크릴로일다이메틸타우레이트, 트로메타민, 하이드록시에틸우레아, 트라이에톡시카프릴릴실레인, 알루미늄하이드록사이드, 하이드록시프로필메틸셀룰로오스스테아록시에터, 셀룰로오스검, 에틸헥실글리세린, 폴리우레탄-15, 아데노신, 부틸렌글라이콜, 트라이메틸실록시실리케이트, 이눌린라우릴카바메이트, 소듐파이테이트, 폴리에터-1, 동백나무꽃추출물, 징크옥사이드, t-부틸알코올, 아이소프로필티타늄트라이아이소스테아레이트, 베타-글루칸, 펜틸렌글라이콜, 알파-비사보롤, 마데카소사이드, 유용성감초추출물, 토코페롤, 데실글루코사이드, 알테로모나스발효추출물, 아스코빅애씨드, 글루타티온, 향료, 황색산화철 (CI 77492), 적색산화철 (CI 77491)"
"A000000257536","소울 UV 마일드 선크림 35ml","소울","35.0","35.0","ml","34000","30600","8742.9","정제수, 다이부틸아디페이트, 프로판다이올, 변성알코올, 에칠헥실트리아존, 테레프탈릴리덴디캠퍼설포닉애씨드, 글리세린, 나이아신아마이드, 폴리글리세릴-3다이스테아레이트, 트로메타민, 12-헥산다이올, 펜틸렌글라이콜, 디에칠아미노하이드록시벤조일헥실벤조에이트,세테아릴알코올, 카프릴릴메티콘, 폴리실리콘-15, 칼라민, 병풀추출물, 약모밀추출물, 라벤더오일, 센티드제라늄꽃오일, 카프릴릭/카프릭/석시닉트라이글리세라이드, 팔미틱애씨드, 글리세릴스테아레이트, 비스-에칠헥실옥시페놀메톡시페닐트리아진, 포타슘세틸포스페이트,폴리메틸실세스퀴옥세인, 스테아릭애씨드, 메틸프로판다이올, 암모늄아크릴로일다이메틸타우레이트/브이피코폴리머, 실리카, 폴리아크릴레이트크로스폴리머-6, 글리세릴스테이레이트시트레이트, 에틸헥실글리세린, 아데노신, 소듐폴리아크릴레이트, 폴리에터-1, 미리스틱애씨드 t-부틸알코올, 바이오사카라이드검-1, 토코페롤, 부틸렌글라이콜, 리날룰, 시트로넬올, 리모넨, 제라니올"
"A000000257596","숨37 마이크로액티브 톤업 선 30ml+30ml 기획","숨37","30.0","60.0","ml","45000","35600","5933.3","정제수, 메틸트라이메티콘, 티타늄디옥사이드, 부틸렌글라이콜다이카프릴레이트/다이카프레이트, 카프릴릴메티콘, 징크옥사이드, 글리세린, 피이지-10다이메티콘, 다이프로필렌글라이콜, 나이아신아마이드, 판테놀, 합성플루오르플로고파이트, 다이메티콘, 알루미늄하이드록사이드, 네오펜틸글라이콜다이헵타노에이트, 스테아릭애씨드, 1,2-헥산다이올, 마그네슘설페이트, 트라이실록세인, 라우릴피이지-9폴리다이메틸실록시에틸다이메티콘, 다이메티콘/비닐다이메티콘크로스폴리머, 다이스테아다이모늄헥토라이트, 아이소스테아릭애씨드, 징크스테아레이트, 트라이에톡시카프릴릴실레인, 다이스테아릴다이모늄클로라이드, 토코페릴아세테이트, 비니거, 알루미늄미리스테이트, 아데노신, 부틸렌글라이콜, 바이오사카라이드검-1, 아이소프로필티타늄트라이아이소스테아레이트, 미리스틱애씨드, 에틸헥실글리세린, 토코페롤, 아스코빌테트라이소팔미테이트, 효모폴리펩타이드, 유자추출물, 향료, 리모넨, 리날룰, 시트로넬올, 제라니올, 벤질벤조에이트, 벤질살리실레이트, 시트랄, 파네솔, 티타늄디옥사이드(CI 77891), 황색산화철, 적색산화철"
"A000000257676","[화잘먹/손상리페어] 디오프러스 유브이 디펜스 피디알엔 선크림 50g","디오프러스","50.0","50.0","g(약 1ml 상당으로 근사)","23000","18400","3680.0","정제수, 다이부틸아디페이트, 프로판다이올, 1,2헥산다이올, C12-15알킬벤조에이트, 에칠헥실트리아존, 나이아신아마이드, 폴리메틸실세스퀴옥세인, 비스-에칠헥실옥시페놀메톡시페닐트리아진, 메칠렌비스-벤조트리아졸릴테트라메칠부틸페놀, 카프릴릴메티콘, 디에칠아미노하이드록시벤조일헥실벤조에이트, 폴리글리세릴-3메틸글루코오스다이스테아레이트, 소듐디엔에이(300ppm), 스쿠알란, 마데카소사이드, 아시아티코사이드, 병풀잎추출물, 소듐하이알루로네이트, 하이알루로닉애씨드, 하이드롤라이즈드하이알루로닉애씨드, 하이드롤라이즈드소듐하이알루로네이트, 소듐하이알루로네이트크로스폴리머, 베헤닐알코올, 포타슘세틸포스페이트, 폴리C10-30알킬아크릴레이트, 트로메타민, 데실글루코사이드, 폴리아크릴레이트크로스폴리머-6, 아크릴레이트/C10-30알킬아크릴레이트크로스폴리머, 카보머, 잔탄검, 에틸헥실글리세린, 아데노신, 인도멀구슬나무꽃추출물, 인도멀구슬나무잎추출물, 글리세린, 다이소듐이디티에이, 베타인, 아이비고드열매추출물, 참산호말추출물, 하이드로제네이티드레시틴, 펜틸렌글라이콜, 카프릴릭/카프릭트라이글리세라이드, 시어버터, 피토스테롤, 하이드롤라이즈드완두콩단백질, 카프릴릴글라이콜, 세라마이드엔피, 향료"
"A000000257677","[톤업/톤업치트키] 디오프러스 블루 페더 톤 업 선 스크린 40ml","디오프러스","40.0","40.0","ml","21000","16800","4200.0","정제수, 징크옥사이드, 프로판다이올, 부틸옥틸살리실레이트, 코코-카프릴레이트/카프레이트, 프로필헵틸카프릴레이트, 폴리글리세릴-3폴리다이메틸실록시에틸다이메티콘, 카프릴릴메티콘, 아이소도데케인, 사이클로펜타실록세인, C13-16아이소알케인, 글리세린, 메틸트라이메티콘, 나이아신아마이드, 1,2-헥산다이올, 메틸메타크릴레이트크로스폴리머, 트라이에톡시카프릴릴실레인, 비닐다이메티콘/메티콘실세스퀴옥세인크로스폴리머, 하이드롤라이즈드하이알루로닉애씨드, 소듐구아이아줄렌설포네이트, 백미꽃추출물, 달맞이꽃꽃추출물, 대왕소나무잎추출물, 칡뿌리추출물, 당느릅나무뿌리추출물, 소듐하이알루로네이트, 세라마이드엔피, 세라마이드엔에스, 세라마이드에이피, 세라마이드에이에스, 세라마이드이오피, 다이스테아다이모늄헥토라이트, 라우릴폴리글리세릴-3폴리다이메틸실록시에틸다이메티콘, 마그네슘설페이트, 폴리메틸실세스퀴옥세인, 사이클로헥사실록세인, 트라이메틸실록시실리케이트, 폴리글리세릴-3폴리리시놀리에이트, 솔비탄아이소스테아레이트, 부틸렌글라이콜, 폴리글리세릴-6폴리리시놀리에이트, 글리세릴카프릴레이트, 아데노신, 카프릴릭/카프릭트라이글리세라이드, 울트라마린, 하이드로제네이티드레시틴, 세테아릴알코올, 토코페롤, 스테아릭애씨드, 콜레스테롤, 피토스핑고신, 향료"
"A000000257733","퓨리토 서울 데일리 소프트 터치 선스크린 60ML 더블 기획 (+클렌저 30ml)","퓨리토 서울","60.0","90.0","ml","39000","35100","3900.0","정제수, 프로판다이올, 다이부틸아디페이트, 다이카프릴릴카보네이트, 디에칠아미노하이드록시벤조일헥실벤조에이트, 에칠헥실트리아존, 비스-에칠헥실옥시페놀메톡시페닐트리아진, 아밀로펙틴, 부틸렌글라이콜, 메칠렌비스-벤조트리아졸릴테트라메칠부틸페놀, 글리세린, 베헤닐알코올, 폴리C10-30알킬아크릴레이트, 폴리글리세릴-3메틸글루코오스다이스테아레이트, 소듐아크릴레이트크로스폴리머-2, 카보머, 트로메타민, 데실글루코사이드, 아크릴레이트/C10-30알킬아크릴레이트크로스폴리머, 알파-비사보롤, 판테놀, 카프릴하이드록사믹애씨드, 병풀추출물, 토코페롤, 세라마이드엔피, 다이프로필렌글라이콜, 콜레스테롤, 프로필렌글라이콜, 잔탄검, 글리세릴스테아레이트, 세라마이드에이에스, 세라마이드에이피, 세라마이드엔에스, 하이드로제네이티드레시틴, 세라마이드이오피"
"A000000258585","아넷사 브라이트닝 UV 선스크린 스킨케어 젤 NA 40g","아넷사","40.0","40.0","g(약 1ml 상당으로 근사)","16000","14400","3600.0","정제수, 에탄올, 다이프로필렌글라이콜, 에칠헥실메톡시신나메이트, 다이메티콘, 부틸렌글라이콜, 다이아이소프로필세바케이트, C12-15알킬벤조에이트, 비스-에칠헥실옥시페놀메톡시페닐트리아진, 실리카, 티타늄디옥사이드, 트라넥사믹애씨드, 하이드로제네이티드폴리데센, 덱스트린팔미테이트, 피피지-8-세테스-20, 글리세린, 피이지-6, 디에칠아미노하이드록시벤조일헥실벤조에이트, 페녹시에탄올, 다이메틸아크릴아마이드/소듐아크릴로일다이메틸타우레이트크로스폴리머, 피이지/피피지-17/4다이메틸에터, 에칠헥실트리아존, 다이페닐실록시페닐트라이메티콘, 피이지-12다이메티콘, 마이카, 석시노글리칸, 하이드록시프로필메틸셀룰로오스스테아록시에터, 아미노프로필다이메티콘, 소듐메타포스페이트, 알루미늄하이드록사이드, 향료, 다이포타슘글리시리제이트, 폴리실리콘-2, 폴리비닐알코올, 트라이소듐이디티에이, 바륨설페이트, 비에이치티, 적색227호, 소듐메타바이설파이트, 녹차추출물, 청색1호, 토코페롤, 소듐아세틸레이티드하이알루로네이트, 수용성콜라겐, 시트로넬올, 제라니올, 헥실신남알, 리날룰, 리모넨"
"A000000258594","[수분선]이니스프리 데일리 유브이 수분 장벽 선세럼 50ml","이니스프리","50.0","50.0","ml","19000","17500","3500.0","정제수, 프로판다이올, 다이부틸아디페이트, 글리세린, C12-15알킬벤조에이트, 에칠헥실트리아존, 디에칠아미노하이드록시벤조일헥실벤조에이트, 코코- 카프릴레이트/카프레이트, 카프릴릴메티콘, 디에칠헥실부타미도트리아존, 메칠렌비스-벤조트리아졸릴테트라메칠부틸페놀, 폴리글리세릴-3메틸글루코오스다이스테아레이트, 1,2-헥산다이올, 베헤닐알코올, 실리카, 데실글루코사이드, 암모늄폴리아크릴로일다이메틸타우레이트, 브이피/에이코신코폴리머, 카프릴릴글라이콜, 트로메타민, 카보머, 에틸헥실글리세린, 아크릴레트/C10-30알킬아크릴레이트크로스폴리머, 트라이하이드록시스테아린, 트라이에틸시트레이트, 리모넨, 소듐하이알루로네이트, 알란토인, 소듐메타포스페이트, 레몬껍질오일, 소듐메틸스테아로일타우레이트, 잔탄검, 마테잎추출물, 녹차추출물, 시트랄, 하이알루로닉애씨드, 세라마이드엔피, 소두구씨오일, 스피어민트잎오일, 부틸렌글라이콜, 시트로넬라오일, 갈바눔수지오일, 프로필렌글라이콜, 글리세릴올리에이트, 토코페롤, 레시틴, 라우릴글루코사이드, 하이드롤라이즈드하이알루로닉애씨드, 폴리글리세릴-6라우레이트, 미리스틸글루코사이드, 소듐하이알루로네이트크로스폴리머, 글리세릴카프릴레이트, 소듐트라이메 타포스페이트, 소듐아세틸레이티드하이알루로네이트"
"A000000258725","[리뉴얼]아넷사 퍼펙트 UV 선스크린 스킨케어 젤 90g 기획 (+15g*1+구름백)","아넷사","90.0","105.0","g(약 1ml 상당으로 근사)","30000","24230","2307.6","정제수, 에탄올, 옥토크릴렌, 부틸옥틸살리실레이트, 에칠헥실살리실레이트, 아이소프로필미리스테이트, C12-15알킬벤조에이트, 하이드로제네이티드폴리데센, 부틸메톡시디벤조일메탄, 비스-에칠헥실옥시페놀메톡시페닐트리아진, 에칠헥실트리아존, 베헤닉애씨드, 실리카, 베헤닐알코올, 트레할로오스, 디에칠아미노하이드록시벤조일헥실벤조에이트, 덱스트린팔미테이트, 글리세린, 아미노메틸프로판다이올, C30-45알킬메티콘, C30-45올레핀, 클로페네신, 바틸알코올, 부틸렌글라이콜, 향료, 비에이치티, 잔탄검, 작약뿌리추출물, 글루타믹애씨드, 토멘틸뿌리추출물, 녹차추출물, 토코페롤, 소듐아세틸레이티드하이알루로네이트, 벤조익애씨드, 수용성콜라겐, 페녹시에탄올, 헥실신남알, 리모넨, 리날룰, 시트로넬올, 제라니올"
"A000000258732","아넷사 퍼펙트 UV 선스크린 스킨케어 젤 NB 40g","아넷사","40.0","40.0","g(약 1ml 상당으로 근사)","16000","14400","3600.0","정제수, 에탄올, 옥토크릴렌, 부틸옥틸살리실레이트, 에칠헥실살리실레이트, 아이소프로필미리스테이트, C12-15알킬벤조에이트, 하이드로제네이티드폴리데센, 부틸메톡시디벤조일메탄, 비스-에칠헥실옥시페놀메톡시페닐트리아진, 에칠헥실트리아존, 베헤닉애씨드, 실리카, 베헤닐알코올, 트레할로오스, 디에칠아미노하이드록시벤조일헥실벤조에이트, 덱스트린팔미테이트, 글리세린, 아미노메틸프로판다이올, C30-45알킬메티콘, C30-45올레핀, 클로페네신, 바틸알코올, 부틸렌글라이콜, 향료, 비에이치티, 잔탄검, 작약뿌리추출물, 글루타믹애씨드, 토멘틸뿌리추출물, 녹차추출물, 토코페롤, 소듐아세틸레이티드하이알루로네이트, 벤조익애씨드, 수용성콜라겐, 페녹시에탄올, 헥실신남알, 리모넨, 리날룰, 시트로넬올, 제라니올"
"A000000259097","마데카 선쉴드 패드 SPF 50+ PA+++ (4매/20매)","마데카솔","","","","14900","13900","","정제수, 에칠헥실메톡시신나메이트, 호모살레이트, 메틸프로판다이올, 에칠헥실살리실레이트, 실리카, 비스-에칠헥실옥시페놀메톡시페닐트리아진, 옥토크릴렌, 나이아신아마이드, 폴리솔베이트60, 1,2-헥산다이올, 폴리글리세릴-3다이스테아레이트, 비스-피이지/피피지-20/5피이지/피피지-20/5다이메티콘, 메톡시피이지/피피지-25/4다이메티콘, 하이드록시아세토페논, 판테놀, 토코페릴아세테이트, 카프릴릭/카프릭트라이글리세라이드, 마이크로크리스탈린셀룰로오스, 알란토인, 셀룰로오스검, 향료, 글리세릴스테아레이트시트레이트, 다이소듐이디티에이, 아데노신, 에틸헥실글리세린, 부틸렌글라이콜, 소듐하이알루로네이트, 병풀추출물, 병풀잎추출물, 병풀뿌리추출물, 귤껍질추출물, 히비스커스꽃추출물, 하이알루로닉애씨드, 하이드롤라이즈드하이알루로닉애씨드, 하이드롤라이즈드소듐하이알루로네이트, 하이드록시프로필트라이모늄하이알루로네이트, 포타슘하이알루로네이트, 펜틸렌글라이콜, 소듐하이알루로네이트크로스폴리머, 아시아틱애씨드(10ppb), 아시아티코사이드, 마데카식애씨드, 마데카소사이드(10ppb), 소듐아세틸레이티드하이알루로네이트"
"A000000259216","아넷사 멀티 컨트롤 유브이 선스크린 젤 40g","아넷사","40.0","40.0","g(약 1ml 상당으로 근사)","","16000","4000.0","정제수, 다이아이소프로필세바케이트, 징크옥사이드, 부틸렌글라이콜, 에칠헥실메톡시신나메이트, 에탄올, 글리세린, 아이소데실네오펜타노에이트, 자일리톨, 실리카, 디에칠아미노하이드록시벤조일헥실벤조에이트, 티타늄디옥사이드, 다이메틸아크릴아마이드/소듐아크릴로일다이메틸타우레이트크로스폴리머, 소듐아크릴레이트/소듐아크릴로일다이메틸타우레이트코폴리머, 트라이에톡시카프릴릴실레인, 덱스트린팔미테이트/에틸헥사노에이트, 잔탄검, 아모다이메티콘, 하이드레이티드실리카, 아이소헥사데칸, 향료, 폴리솔베이트80, 아이소스테아릭애씨드, 솔비탄올리에이트, 비에이치티, 청색1호, 소듐아세틸레이티드하이알루로네이트, 황색5호, 고추나물꽃/잎/줄기추출물, 셀필룸추출물, 리모넨, 리날룰"
"A000000259530","에스쁘아 워터 스플래쉬 선크림 톤업 래스팅 50ml (26AD)","에스쁘아","50.0","50.0","ml","","20000","4000.0","정제수, 징크옥사이드, 사이클로헥사실록세인, 부틸옥틸살리실레이트, 프로필헵틸카프릴레이트, 다이카프릴릴카보네이트, 프로판다이올, 카프릴릴메티콘, 폴리글리세릴-3폴리다이메틸실록시에틸다이메티콘, 글리세린, 아이소도데케인, 나이아신아마이드, 다이실록세인, 티타늄디옥사이드 (CI 77891), 다이스테아다이모늄헥토라이트, 카프릴릭/카프릭/석시닉트라이글리세라이드, 트라이에톡시카프릴릴실레인, 마그네슘설페이트, 폴리글리세릴-2다이폴리하이드록시스테아레이트, 라우릴폴리글리세릴-3폴리다이메틸실록시에틸다이메티콘, 울트라마린, 1,2-헥산다이올, 메틸메타크릴레이트크로스폴리머, 다이메티콘/비닐다이메티콘크로스폴리머, 다이메티콘올, 트라이실록세인, 메틸프로판다이올, 카프릴릴글라이콜, 글리세릴카프릴레이트, 알루미늄하이드록사이드, 에틸헥실글리세린, 아데노신, 귀리커넬추출물, 아티초크잎추출물, 폴리쿼터늄-51, 소듐하이알루로네이트, 녹차수, 베타-글루칸, 하이드로제네이티드레시틴, 토코페롤, 병풀추출물, 알란토인, 티트리잎수, 블루아가베잎추출물, 부틸렌글라이콜"
"A000000259752","[NEW] 테이지 시카트리 수딩 데일리 선플루이드 50ml","테이지","50.0","50.0","ml","20000","16000","3200.0","티트리잎수(51.50%), 다이부틸아디페이트, 부틸렌글라이콜, 정제수, 트라이프로필렌글라이콜, 에칠헥실트리아존, 디에칠아미노하이드록시벤조일헥실벤조에이트, 나이아신아마이드, 드로메트리졸트리실록산, 테레프탈릴리덴디캠퍼설포닉애씨드, 베헤닐알코올, 1,2-헥산다이올, 카프릴릴메티콘, 트로메타민, 디에칠헥실부타미도트리아존, 비닐다이메티콘, 다이아이소프로필세바케이트, 아라키딜알코올, 폴리메틸실세스퀴옥세인, 아라키딜글루코사이드, 바틸알코올, 세테아릴알코올, 소듐폴리아크릴로일다이메틸타우레이트, 폴리아크릴레이트크로스폴리머-6, 스테아릭애씨드, 포타슘세틸포스페이트, C30-45알킬세테아릴다이메티콘크로스폴리머, 알란토인, 에틸헥실글리세린, 아데노신, 레시틴, 카프릴릭/카프릭트라이글리세라이드, 구주소나무잎오일, 해바라기씨오일, 멕시칸주니퍼오일, 분비나무오일, 유칼립투스잎오일, 비닐다이메티콘/메티콘실세스퀴옥세인크로스폴리머, 판테놀, 병풀추출물(5,100 ppb), 라벤더오일, 로즈마리잎오일, 솔잣나무잎/넛트/줄기오일, 서양측백나무잎오일, 소듐디엔에이, 리모넨"
"A000000259753","[NEW] 테이지 시카트리 워터 젤리 선세럼 50ml","테이지","50.0","50.0","ml","20000","16000","3200.0","티트리잎수(50.47 %), 정제수, 다이부틸아디페이트, 프로판다이올, 부틸옥틸살리실레이트, 에칠헥실트리아존, 테레프탈릴리덴디캠퍼설포닉애씨드, 나이아신아마이드, 트로메타민, 1,2-헥산다이올, 디에칠아미노하이드록시벤조일헥실벤조에이트, 펜틸렌글라이콜, 폴리실리콘-15, 아크릴레이트코폴리머, 비스-에칠헥실옥시페놀메톡시페닐트리아진, 폴리아크릴레이트크로스폴리머-6, 소듐폴리아크릴로일다이메틸타우레이트, 아크릴레이트/C10-30알킬아크릴레이트크로스폴리머, 다이부틸에틸헥사노일글루타마이드, 다이부틸라우로일글루타마이드, C30-45알킬다이메틸실릴폴리프로필실세스퀴옥세인, 에틸헥실글리세린, 병풀추출물(1,000 ppm), 마이크로크리스탈린셀룰로오스, 아데노신, 트라이소듐에틸렌다이아민다이석시네이트, 스핑고모나스발효추출물, 셀룰로오스검, 말라카이트추출물, 알지닌, 토코페롤"
"A000000259754","[NEW] 테이지 시카트리 투명 선젤 50ml","테이지","50.0","50.0","ml","20000","16000","3200.0","다이메티콘, 다이메티콘/비닐다이메티콘크로스폴리머, 호모살레이트, 에칠헥실살리실레이트, 아크릴레이트코폴리머, 부틸옥틸살리실레이트, 부틸메톡시디벤조일메탄, 실리카, 비스-에칠헥실옥시페놀메톡시페닐트리아진, 이소아밀p-메톡시신나메이트, 옥토크릴렌, 토코페릴아세테이트, 1,2-헥산다이올, 라우레스-4, 에틸헥실글리세린, 티트리잎수(9,800 ppb), 정제수, 병풀추출물(10 ppb)"
"A000000259983","웰라쥬 리얼 히알루로닉 톤업 선크림 50ml","웰라쥬","50.0","50.0","ml","25000","17500","3500.0","정제수, 다이부틸아디페이트, 프로판다이올, 티타늄디옥사이드 (CI 77891), 아이소노닐아이소노나노에이트, 글리세린, 디에칠아미노하이드록시벤조일헥실벤조에이트, 나이아신아마이드, 다이카프릴릴카보네이트, 폴리하이드록시스테아릭애씨드, 1,2-헥산다이올, 클로렐라 불가리스추출물, 아틀라스시다나무껍질오일, 하이드롤라이즈드하이알루로닉애씨드(500.00026ppm), 로즈마리잎오일, 클레리오일, 소듐하이알루로네이트(2.6ppb), 하이알루로닉애씨드(0.005ppb), 에칠헥실트리아존, 메틸트라이메티콘, 펜틸렌글라이콜, 알루미늄하이드록사이드, 메칠렌비스-벤조트리아졸릴테트라메칠부틸페놀, 스테아릭애씨드, 소듐폴리아크릴로일다이메틸타우레이트, 글루코오스, 아크릴레이트/C10-30알킬아크릴레이트크로스폴리머, 트로메타민, 부틸렌글라이콜, 프룩토올리고사카라이드, 프룩토오스, 폴리글리세릴-2다이폴리하이드록시스테아레이트, 메틸프로판다이올, 데실글루코사이드, 폴리에터-1, 에틸헥실글리세린, 하이드록시프로필메틸셀룰로오스스테아록시에터, 아데노신, 아이소도데케인, 옥틸도데칸올, 폴리글리세릴-4아이소스테아레이트, 토코페롤, 아이소프로필티타늄트라이아이소스테아레이트, 하이드로제네이티드레시틴, 카프릴릭/카프릭트라이글리세라이드, 소듐스테아로일글루타메이트, 수크로오스라우레이트, 알지닌, 글라이신, 히스티딘, 세린, 리솔레시틴, 벤질글라이콜, 하이드롤라이즈드글라이코사미노글리칸, 소듐하이알루로네이트크로스폴리머(0.5ppb), 하이드록시프로필트라이모늄하이알루로네이트(0.06ppb), 소듐아세틸레이티드하이알루로네이트(0.001ppb), 세틸알코올, 다이소듐이디티에이, 잔탄검, 적색산화철 (CI 77491)"
"A000000260247","[NEW/화잘먹선세럼] 홀리카홀리카 에어비티 선 세럼 3종 택1(무색/레몬/그린)","홀리카홀리카","","","","28000","15680","","[에어비티 선 세럼]
정제수, 프로판다이올, 다이부틸아디페이트, 다이아이소프로필세바케이트, 부틸옥틸살리실레이트, 에칠헥실트리아존, 부틸렌글라이콜, 나이아신아마이드, 카프릴릴메티콘, 폴리메틸실세스퀴옥세인, 드로메트리졸트리실록산, 테레프탈릴리덴디캠퍼설포닉애씨드, 폴리글리세릴-3다이스테아레이트, 디에칠아미노하이드록시벤조일헥실벤조에이트, 1,2-헥산다이올, 펜틸렌글라이콜, 트로메타민, 하이드로제네이티드캐스터오일/세바식애씨드코폴리머, 비스-에칠헥실옥시페놀메톡시페닐트리아진, 글리세릴스테아레이트, 포타슘세틸포스페이트, 소듐폴리아크릴로일다이메틸타우레이트, 폴리글리세릴-6스테아레이트, 폴리글리세릴-6다이스테아레이트, 칸데릴라/호호바/쌀겨폴리글리세릴-3에스터, 글리세린, 글리세릴스테아레이트시트레이트, 암모늄아크릴로일다이메틸타우레이트/브이피코폴리머, 에틸헥실글리세린, 갈랑가갈랑갈추출물, 이눌린라우릴카바메이트, 폴리글리세릴-6베헤네이트, 아데노신, 잔탄검, 카프릴릭/카프릭트라이글리세라이드, 알란토인, 토코페롤, 다이메틸실란올하이알루로네이트, 하이드롤라이즈드하이알루로닉애씨드, 하이드롤라이즈드소듐하이알루로네이트, 소듐하이알루로네이트, 하이알루로닉애씨드, 소듐하이알루로네이트크로스폴리머, 하이드록시프로필트라이모늄하이알루로네이트, 소듐아세틸레이티드하이알루로네이트, 소듐하이알루로네이트다이메틸실란올

[에어비티 틴티드 선 세럼 레몬]

정제수, 프로판다이올, 다이부틸아디페이트, 다이아이소프로필세바케이트, 부틸옥틸살리실레이트, 티타늄디옥사이드, 에칠헥실트리아존, 부틸렌글라이콜, 나이아신아마이드, 카프릴릴메티콘, 폴리메틸실세스퀴옥세인, 드로메트리졸트리실록산, 테레프탈릴리덴디캠퍼설포닉애씨드, 폴리글리세릴-3다이스테아레이트, 디에칠아미노하이드록시벤조일헥실벤조에이트, 1,2-헥산다이올, 카프릴릭/카프릭트라이글리세라이드, 펜틸렌글라이콜, 트로메타민, 하이드로제네이티드캐스터오일/세바식애씨드코폴리머, 폴리하이드록시스테아릭애씨드, 비스-에칠헥실옥시페놀메톡시페닐트리아진, 황련뿌리추출물, 글리세릴스테아레이트, 포타슘세틸포스페이트, 소듐폴리아크릴로일다이메틸타우레이트, 폴리글리세릴-6스테아레이트, 코코-카프릴레이트/카프레이트, 폴리글리세릴-6다이스테아레이트, 칸데릴라/호호바/쌀겨폴리글리세릴-3에스터, 글리세린, 스테아릭애씨드, 글리세릴스테아레이트시트레이트, 암모늄아크릴로일다이메틸타우레이트/브이피코폴리머, 에틸헥실글리세린, 네오펜틸글라이콜다이에틸헥사노에이트, 이눌린라우릴카바메이트, 폴리글리세릴-6베헤네이트, 트라이에톡시카프릴릴실레인, 아데노신, 알루미늄하이드록사이드, 소듐아크릴레이트/소듐아크릴로일다이메틸타우레이트코폴리머, 알루미나, C15-19알케인, 다이카프릴릴카보네이트, 황색산화철, 라우릴글루코사이드, 토코페롤, 글루타티온, 아스코빅애씨드, 비파나무잎추출물, 스피어민트추출물

[에이비티 틴티드 선 세럼 그린]

정제수, 프로판다이올, 다이부틸아디페이트, 다이아이소프로필세바케이트, 부틸옥틸살리실레이트, 티타늄디옥사이드, 에칠헥실트리아존, 폴리글리세릴-3다이스테아레이트, 나이아신아마이드, 카프릴릴메티콘, 폴리메틸실세스퀴옥세인, 드로메트리졸트리실록산, 테레프탈릴리덴디캠퍼설포닉애씨드, 디에칠아미노하이드록시벤조일헥실벤조에이트, 부틸렌글라이콜, 1,2-헥산다이올, 카프릴릭/카프릭트라이글리세라이드, 펜틸렌글라이콜, 트로메타민, 하이드로제네이티드캐스터오일/세바식애씨드코폴리머, 폴리하이드록시스테아릭애씨드, 비스-에칠헥실옥시페놀메톡시페닐트리아진, 폴리글리세릴-6스테아레이트, 글리세릴스테아레이트, 포타슘세틸포스페이트, 소듐폴리아크릴로일다이메틸타우레이트, 글리세린, 코코-카프릴레이트/카프레이트, 폴리글리세릴-6다이스테아레이트, 글리세릴스테아레이트시트레이트, 스테아릭애씨드, 칸데릴라/호호바/쌀겨폴리글리세릴-3에스터, 해바라기씨오일, 암모늄아크릴로일다이메틸타우레이트/브이피코폴리머, 에틸헥실글리세린, 클로로필린-카퍼컴플렉스, 네오펜틸글라이콜다이에틸헥사노에이트, 이눌린라우릴카바메이트, 폴리글리세릴-6베헤네이트, 하이드록시프로필메틸셀룰로오스스테아록시에터, 트라이에톡시카프릴릴실레인, 아데노신, 알루미늄하이드록사이드, 폴리C10-30알킬아크릴레이트, 소듐아크릴레이트/소듐아크릴로일다이메틸타우레이트코폴리머, 알루미나, C15-19알케인, 알로에베라잎추출물, 유칼립투스잎추출물, 콘민트추출물, 레몬그라스추출물, 다이카프릴릴카보네이트, 황색산화철, 소듐폴리아크릴레이트, 에리스리톨, 피브이엠/엠에이코폴리머, 라우릴글루코사이드, 토코페롤, 마데카소사이드, 병풀추출물"
"A000000260379","하루하루원더 블랙라이스 모이스처 에어리핏 데일리 선스크린 50ml 2입 기획","하루하루원더","50.0","100.0","ml","50000","35100","3510.0","정제수, 징크옥사이드, 사이클로헥사실록세인, 부틸옥틸살리실레이트, 프로판다이올, 프로필헵틸카프릴레이트, 카프릴릴메티콘, 폴리글리세릴-3폴리다이메틸실록시에틸다이메티콘, 메틸메타크릴레이트크로스폴리머, 나이아신아마이드, 메틸트라이메티콘, 아이소도데케인, 별꽃추출물, 해바라기꽃추출물, 월귤추출물, 흑미추출물(50ppm), 데이지꽃추출물, 약모밀추출물, 쌀겨오일(9,950ppm), 소듐하이알루로네이트, 하이드로제네이티드레시틴, 다이스테아다이모늄헥토라이트, 마그네슘설페이트, 트라이에톡시카프릴릴실레인, 부틸렌글라이콜, 1,2-헥산다이올, 폴리글리세릴-2다이폴리하이드록시스테아레이트, 폴리메틸실세스퀴옥세인, 라우릴폴리글리세릴-3폴리다이메틸실록시에틸다이메티콘, 글리세릴카프릴레이트, 카프릴릴글라이콜, 에틸헥실글리세린, 토코페롤, 글리세린, 드럼스틱씨오일, 세라마이드엔피, 피토스핑고신, 페네틸알코올, 소듐클로라이드, 다이소듐포스페이트, 포타슘클로라이드, 포타슘포스페이트"
"A000000260411","트로이아르케 서울 엑토인 톤업 선세럼 50ml","트로이아르케","50.0","50.0","ml","36500","31000","6200.0","정제수, 다이부틸아디페이트, 프로판다이올, 티타늄디옥사이드, 카프릴릭/카프릭트라이글리세라이드, 부틸옥틸살리실레이트, 디에칠아미노하이드록시벤조일헥실벤조에이트, 에칠헥실트리아존, 나이아신아마이드, 카프릴릴메티콘, 디에칠헥실부타미도트리아존, 1,2-헥산다이올, 펜틸렌글라이콜, 폴리메틸실세스퀴옥세인, 다이메티콘, 폴리하이드록시스테아릭애씨드, 코코-카프릴레이트/카프레이트, 부틸렌글라이콜, 스테아릭애씨드, 다이메티콘/비닐다이메티콘크로스폴리머, 소듐폴리아크릴로일다이메틸타우레이트, 암모늄폴리아크릴로일다이메틸타우레이트, 알루미나, 하이드록시프로필메틸셀룰로오스스테아록시에터, 향료, 엑토인, 잔탄검, 에틸헥실글리세린, 아데노신, 황색산화철, 트라이에톡시카프릴릴실레인, 적색산화철, 레시틴, 에틸헥실팔미테이트, 아이소스테아릭애씨드, 아이소프로필미리스테이트, 소듐하이알루로네이트, 알로에베라잎추출물, 유칼립투스잎추출물, 콘민트추출물, 레몬그라스추출물, t-부틸알코올, 폴리글리세릴-3폴리리시놀리에이트, 에리스리톨, 폴리메틸메타크릴레이트, 토코페롤, 구아이아줄렌, 하이알루로닉애씨드, 소듐하이알루로네이트크로스폴리머, 하이드록시프로필트라이모늄하이알루로네이트, 소듐아세틸레이티드하이알루로네이트
* 엑토인 0.1% 함유"
"A000000260413","[괄사증정/파데프리] 해달씨 스킨필터 리커버 톤업 선 50ml 단품/기획(+문어괄사 증정)","해달씨","50.0","50.0","ml","20500","16500","3300.0","정제수, 징크옥사이드, 사이클로헥사실록세인, 부틸옥틸살리실레이트, 프로필헵틸카프릴레이트, 다이프로필렌글라이콜, 카프릴릴메티콘, 폴리글리세릴-3폴리다이메틸실록시에틸다이메티콘, 나이아신아마이드, 폴리프로필실세스퀴옥세인, 티타늄디옥사이드, 비닐다이메티콘/메티콘실세스퀴옥세인크로스폴리머, 메틸메타크릴레이트크로스폴리머, 트라이메틸실록시실리케이트,라우릴폴리글리세릴-3폴리다이메틸실록시에틸다이메티콘, 다이카프릴릴에터, 트라이에톡시카프릴릴실레인, 마그네슘설페이트, 다이스테아다이모늄헥토라이트, 1,2-헥산다이올, 폴리글리세릴-다이폴리하이드록시스테아레이트, 다이메티콘/비닐다이메티콘크로스폴리머, 황색산화철, 다이부틸아디페이트,폴리C10-30알킬아크릴레이트, 카프릴릴글라이콜, 글리세릴카프릴레이트, 에틸헥실글리세린, 알루미늄하이드록사이드, 적색산화철, 아데노신, 폴리메틸메타크릴레이트, 흑색산화철, 토코페롤, 해수, 판테놀, 부틸렌글라이콜, 감태추출물, 글리세린, 레시틴, 에탄올, 폴리솔베이트20, 미역추출물, 다이메틸실란올하이알루로네이트, 하이드롤라이즈드하이알루로닉애씨드, 하이드롤라이즈드소듐하이알루로네이트, 포타슘하이알루로네이트, 소듐하이알루로네이트,하이알루로닉애씨드, 다시마추출물, 소듐아스코빌포스페이트, 하이드록시프로필트라이모늄하이알루로네이트, 소듐하이알루로네이트크로스폴리머, 소듐하이알루로네이트다이메틸실란올, 소듐아세틸레이티드하이알루로네이트, 폴릭애씨드, 소듐디엔에이, 에스에이치-올리고펩타이드-1, 에스에이치-올리고펩타이드-2, 에스에이치-폴리펩타이드-1, 에스에이치-폴리펩타이드-11, 에스에이치-폴리펩타이드-9"
"A000000261245","바이오더마 포토덤 엑스디펜스 울트라 플루이드 SPF50+ 인비저블 40ml 더블 기획","바이오더마","40.0","80.0","ml","","65000","8125.0","정제수, C12-15알킬벤조에이트, 실리카, 글리세린, 비스-에칠헥실옥시페놀메톡시페닐트리아진, 부틸메톡시디벤조일메탄, 에틸헥실메톡시크릴렌, 디에칠아미노하이드록시벤조일헥실벤조에이트, 다이아이소프로필세바케이트, 라우로일라이신, 프로판다이올, 다이카프릴릴카보네이트, 1,2-헥산다이올, 폴리솔베이트60, 세틸포스페이트, 알지닌
벤토나이트, 하이드록시아세토페논, 향료, 시트릭애씨드, 엑토인, 만니톨, 메톡시페닐이미노다이메틸사이클로헥센일에틸글리시네이트, 소듐파이테이트, 잔탄검, 자일리톨, 람노오스, o-사이멘-5-올, 바이오사카라이드검-4, 트라이메톡시벤질아세틸시나페이트, 소듐하이알루로네이트, 토코페롤 (BI 2118 V1)"
"A000000261578","[수분장벽 선크림/2개입] 달바 판테놀 리퀴드 선세럼 듀오 기획 (50ml+50ml)","달바","50.0","100.0","ml","","51000","5100.0","빙하수(438,730ppm), 정제수, 다이부틸아디페이트, 부틸옥틸살리실레이트, 프로판다이올, 부틸렌글라이콜, 에칠헥실트리아존, 트라이프로필렌글라이콜, 비스-에칠헥실옥시페놀메톡시페닐트리아진, 옥토크릴렌, 판테놀(20,020ppm), 나이아신아마이드, 트라이메틸펜타페닐트라이실록세인, 1,2-헥산다이올, 테레프탈릴리덴디캠퍼설포닉애씨드, 라우릴다이메티콘, 실리카, 비닐다이메티콘, 스핑고모나스발효추출물, 오렌지껍질오일, 필리핀오렌지껍질오일, 리씨열매오일, 하이드롤라이즈드하이알루로닉애씨드, 병풀잎수, 티트리잎수, 흰서양송로추출물, 콜라겐추출물, 귀리단백질추출물, 하이드롤라이즈드완두콩단백질, 하이드롤라이즈드감자단백질, 하이드롤라이즈드쌀단백질, 하이드롤라이즈드콩단백질, 하이드롤라이즈드옥수수단백질, 하이드롤라이즈드귀리단백질, 하이드롤라이즈드스위트아몬드단백질, 하이드롤라이즈드밀단백질, 하이알루로닉애씨드, 하이드롤라이즈드호호바단백질, 하이드롤라이즈드식물성단백질, 소듐하이알루로네이트, 감나무잎추출물, 포도추출물, 잇꽃꽃추출물, 커피콩추출물, 호장근뿌리추출물, 녹차추출물, 밤껍질추출물, 초피나무열매추출물, 하이드롤라이즈드쌀겨단백질, 아이소도데케인, 폴리실리콘-15, 펜틸렌글라이콜, 트로메타민, 하이드록시에틸우레아, 다이프로필렌글라이콜, 세테아릴올리베이트, 솔비탄올리베이트, 하이드록시아세토페논, 다이메티콘/비닐다이메티콘크로스폴리머, 폴리아마이드-8, 소듐아크릴레이트/소듐아크릴로일다이메틸타우레이트코폴리머, 폴리아이소부텐, 글리세릴스테아레이트, 마이크로크리스탈린셀룰로오스, 데하이드로잔탄검, 소듐스테아로일글루타메이트, 아데노신, 메틸프로판다이올, 폴리에터-1, 카프릴릴/카프릴글루코사이드, 솔비탄올리에이트, 셀룰로오스검, 펜타에리스리틸테트라-다이-t-부틸하이드록시하이드로신나메이트, 스쿠알란, 글리세린, 하이드롤라이즈드루핀단백질, 하이드롤라이즈드보리단백질, 다이메틸실란올하이알루로네이트, 하이드롤라이즈드소듐하이알루로네이트, 글루타티온, 글라이코프로테인, 포타슘하이알루로네이트, 에틸헥실글리세린, 하이드록시프로필트라이모늄하이알루로네이트, 소듐하이알루로네이트크로스폴리머, 소듐하이알루로네이트다이메틸실란올, 카프릴릭/카프릭트라이글리세라이드, 소듐아세틸레이티드하이알루로네이트, 하이드로제네이티드레시틴, 글루코오스, 만노오스, 폴리글리세릴-3메틸글루코오스다이스테아레이트, 레티놀, 아스코빅애씨드, 소듐디엔에이, 에스에이치-올리고펩타이드-1, 베헤닐알코올, 리모넨, 시트랄, 리날룰"
"A000000261603","[NEW/지성파데프리] 조선미녀 데이스크린 틴티드 선크림 40ml (퍼프,미니 증정/단품)","조선미녀","40.0","40.0","ml","","20000","5000.0","상세페이지 참조"
"A000000261680","톡스앤필 더마 엑소 워터 쉴드 징크 365 선크림","톡스앤필","","","","","34000","","정제수, 징크옥사이드 (CI 77947)(20.752%), 프로필헵틸카프릴레이트, 부틸옥틸살리실레이트, 프로판다이올, 펜틸렌글라이콜, 에틸헥실메톡시크릴렌, 나이아신아마이드, 하이드로제네이티드에틸헥실올리베이트, 글리세릴스테아레이트시트레이트, 실리카, 네오펜틸글라이콜다이헵타노에이트, 트라이에톡시카프릴릴실레인, 폴리글리세릴-6스테아레이트, 폴리하이드록시스테아릭애씨드, 메틸하이드로제네이티드로지네이트, 포타슘세틸포스페이트, 1,2-헥산다이올, 카프릴릴글라이콜, 세테아릴알코올, 하이드로제네이티드올리브오일불검화물, 판테놀, 글리세린, 하이드록시프로필메틸셀룰로오스스테아록시에터, 폴리아크릴레이트크로스폴리머-6, 소듐폴리아크릴로일다이메틸타우레이트, 라우로일라이신, 폴리글리세릴-6베헤네이트, 메틸프로판다이올, 알란토인, 암모늄아크릴로일다이메틸타우레이트/브이피코폴리머, 에틸헥실글리세린, 폴리에터-1, 아데노신, 아세틸글루코사민, 소듐하이알루로네이트, 바이오사카라이드검-1, 하이드록시아세토페논, 소듐하이알루로네이트크로스폴리머, 병풀잎소포(1ppm), 토코페롤"
"A000000262647","[NEW] 비오템X UV 디펜스 자외선 차단제 30ML","비오템","30.0","30.0","ml","","36000","12000.0","정제수 글리세린 변성알코올 다이메티콘 에칠헥실살리실레이트 프로필렌글라이콜 테레프탈릴리덴디캠퍼설포닉애씨드 실리카 드로메트리졸트리실록산 티타늄디옥사이드 트라이에탄올아민 페닐벤즈이미다졸설포닉애씨드 에칠헥실트리아존 트로메타민 스테아릭애씨드 포타슘세틸포스페이트 옥수수커넬추출물 클러스터리프나무껍질/뿌리추출물 밀배아추출물 알엔에이 피이지-100스테아레이트 솔비톨 카보머 글리세릴스테아레이트 알지닌 피리독신에이치씨엘 미리스틱애씨드 팔미틱애씨드 페닐알라닌 만니톨 암모늄폴리아크릴로일다이메틸타우레이트 타이로신 다이소듐아데노신트라이포스페이트 다이소듐이디티에이 비트레오스실라발효물 멘톡시프로판다이올 히스티딘에이치씨엘 세틸알코올 토코페롤 소르빅애씨드 페녹시에탄올 리날룰 쿠마린 리모넨 하이드록시시트로넬알 시트로넬올 벤질알코올 벤질살리실레이트 향료"
"B000000236066","차앤맘 피토세린 이지워시 마일드 선크림 60ml","차앤맘","60.0","60.0","ml","","18900","3150.0","정제수, 징크옥사이드 (CI 77947), 프로필헵틸카프릴레이트, 카프릴릭/카프릭트라이글리세라이드, 아이소도데케인, 프로판다이올, C15-19알케인, 세틸에틸헥사노에이트, 폴리글리세릴-6폴리리시놀리에이트, 하이드로제네이티드코코넛오일, 벤조트라이아졸릴도데실p-크레솔, 트라이에틸헥사노인, 꽃송이버섯추출물, 칸디다 봄비콜라/글루코오스/메틸레이프씨데이트발효물, 해바라기씨오일, 락토바실러스발효물, 락토바실러스발효용해물, 구기자추출물, 아크릴레이트코폴리머, 소듐클로라이드, 메틸메타크릴레이트크로스폴리머, 다이스테아다이모늄헥토라이트, 트라이에톡시카프릴릴실레인, 1,2-헥산다이올, 폴리글리세릴-2다이폴리하이드록시스테아레이트, 폴리메틸메타크릴레이트, 라우릴다이메티콘/폴리글리세린-3크로스폴리머, 하이드록시아세토페논, 마그네슘설페이트, 판테놀, 헥토라이트, 다이프로필렌글라이콜, 토코페롤, 글리세린, 소듐시트레이트, 하이드록시프로필사이클로덱스트린, 7-데하이드로콜레스테롤, 피토스테롤, 부틸렌글라이콜"
"A000000247241","[1+1/보송톤업선] 이니스프리 데일리 유브이 톤업 노세범 선크림 50ml 더블 기획","이니스프리","50.0","100.0","ml","25000","19800","1980.0","정제수, 징크옥사이드, 아이소도데케인, 부틸렌글라이콜다이카프릴레이트/다이카프레이트, 티타늄디옥사이드, 글리세린, 다이카프릴릴에터, 세틸다이글리세릴트리스(트라이메틸실록시)실릴에틸다이메티콘, C12-15알킬벤조에이트, 카프릴릴메티콘, 메틸메타크릴레이트크로스폴리머, 폴리메틸실세스퀴옥세인, 티타늄디옥사이드 (CI 77891), 다이스테아다이모늄헥토라이트, 마그네슘설페이트, 아이소프로필미리스테이트, 1,2-헥산다이올, 트라이에톡시카프릴릴실레인, 페닐트라이메티콘, 알루미늄하이드록사이드, 스테아릭애씨드, 아크릴레이트/다이메티콘코폴리머, 부틸렌글라이콜, 카프릴릴글라이콜, 글리세릴카프릴레이트, 황색산화철, 에틸헥실글리세린, 적색산화철, 마이카, 칡뿌리추출물, 당느릅나무뿌리추출물, 달맞이꽃추출물, 대왕소나무잎추출물, 흑색산화철, 토코페롤, 합성플루오르플로고파이트, 매실나무꽃추출물"
"A000000247698","[보송선] 라로슈포제 유비데아 안뗄리오스 톤업 클리어 30ml 기획 (+3ml*3)","라로슈포제","30.0","33.0","ml","38000","30400","9212.1","정제수 변성알코올 에칠헥실살리실레이트 아이소노닐아이소노나노에이트 옥토크릴렌 부틸메톡시디벤조일메탄 에칠헥실트리아존 비스-에칠헥실옥시페놀메톡시페닐트리아진 티타늄디옥사이드 메칠렌비스-벤조트리아졸릴테트라메칠부틸페놀 프로판다이올 아이소프로필라우로일사코시네이트 실리카 세테아릴알코올 다이아이소프로필세바케이트 아데노신 알루미나 암모늄아크릴로일다이메틸타우레이트/브이피코폴리머 부틸렌글라이콜 카프릴릴글라이콜 카보머 세테아릴글루코사이드 코코-카프릴레이트/카프레이트 글리세린 해바라기씨오일 호모살레이트 이눌린라우릴카바메이트 아이소프로필티타늄트라이아이소스테아레이트 마이카 페녹시에탄올 폴리글리세릴-10라우레이트 실리카실릴레이트 소듐스테아로일글루타메이트 t-부틸알코올 틴옥사이드 토코페롤 트라이소듐에틸렌다이아민다이석시네이트 잔탄검"
"A000000218301","[땀.물.마찰에강한UV] 알리 크로노 뷰티 젤 유브이 이엑스피 90g (별의커비에디션/단품)","알리","90.0","90.0","g(약 1ml 상당으로 근사)","","29000","3222.2","알리 크로노 뷰티 젤 UV EXP: 정제수,징크옥사이드,에탄올,다이아이소프로필세바케이트,아이소노닐아이소노나노에이트,C12-15알킬벤조에이트,에칠헥실트리아존,글리세린,다이메티콘,드로메트리졸트리실록산,소듐아크릴레이트/소듐아크릴로일다이메틸타우레이트코폴리머,비스-에칠헥실옥시페놀메톡시페닐트리아진,부틸렌글라이콜,아이소헥사데칸,트라이에톡시카프릴릴실레인,폴리C10-30알킬아크릴레이트,아크릴레이트/폴리트라이메틸실록시메타크릴레이트코폴리머,피이지-400,폴리솔베이트80,C30-45알킬메티콘,잔탄검,C30-45올레핀,솔비탄올리에이트,폴리실리콘-9,다이소듐이디티에이,소듐하이알루로네이트

알리 크로노 뷰티 래스팅 프라이머: 정제수,에탄올,징크옥사이드,다이아이소프로필세바케이트,C12-15알킬벤조에이트,드로메트리졸트리실록산,에칠헥실트리아존,글리세린,베헤닐알코올,네오펜틸글라이콜다이카프레이트,디에칠아미노하이드록시벤조일헥실벤조에이트,하이드로제네이티드레시틴,알루미나,다이메티콘,소듐아크릴레이트/소듐아크릴로일다이메틸타우레이트코폴리머,마이카,비스-에칠헥실옥시페놀메톡시페닐트리아진,부틸렌글라이콜,아이소헥사데칸,아크릴레이트/폴리트라이메틸실록시메타크릴레이트코폴리머,트라이에톡시카프릴릴실레인,실리카,폴리솔베이트80,잔탄검,향료,아이소프로필티타늄트라이아이소스테아레이트,다이소듐이디티에이,소듐라우로일아스파테이트,틴옥사이드,징크클로라이드,소듐하이알루로네이트,적색504호,황색5호,티타늄디옥사이드,리날룰,리모넨"
"A000000232318","[화잘먹수분선] 웰라쥬 리얼 히알루로닉 블루 선크림 50ml 1+1 기획","웰라쥬","50.0","100.0","ml","25000","17500","1750.0","정제수, 프로판다이올, 다이부틸아디페이트, 에탄올, 에칠헥실트리아존, 비스-에칠헥실옥시페놀메톡시페닐트리아진, 옥토크릴렌, 부틸옥틸살리실레이트, 테레프탈릴리덴디캠퍼설포닉애씨드, 다이프로필렌글라이콜, 트로메타민, 인도멀구슬나무잎추출물, 아틀라스시다나무껍질오일, 한련초추출물, 인도멀구슬나무꽃추출물, 스핑고모나스발효추출물, 아이비고드열매추출물, 로즈마리잎오일, 알로에베라꽃추출물, 가지열매추출물, 호호바씨오일, 클레리오일, 드럼스틱씨오일, 참산호말추출물, 울금뿌리추출물, 홀리바질잎추출물, 하이드롤라이즈드하이알루로닉애씨드(0.10052ppm), 소듐하이알루로네이트(0.0052ppm), 하이알루로닉애씨드(0.00001ppm), 실리카, 1,2-헥산다이올, 펜틸렌글라이콜, 다이메티콘/비닐다이메티콘크로스폴리머, 폴리메틸실세스퀴옥세인, 아이소프로필미리스테이트, 합성플루오르플로고파이트, 다이메티콘올, 트라이실록세인, 세테아릴올리베이트, 팔미틱애씨드, 스테아릭애씨드, 부틸렌글라이콜, 솔비탄올리베이트, 하이드록시에틸우레아, 메틸프로판다이올, 폴리에터-1, 에틸헥실글리세린, 소듐스테아로일글루타메이트, 아데노신, 바이오사카라이드검-1, 글리세린, 하이드로제네이티드레시틴, 카프릴릭/카프릭트라이글리세라이드, 수크로오스라우레이트, 토코페롤, 알지닌, 글라이신, 히스티딘, 세린, 리솔레시틴, 벤질글라이콜, 하이드롤라이즈드글라이코사미노글리칸, 소듐하이알루로네이트크로스폴리머(0.00105ppm), 하이드록시프로필트라이모늄하이알루로네이트(0.00012ppm), 카프릴릴글라이콜, 소듐아세틸레이티드하이알루로네이트(0.000002ppm), 베헤닐알코올, 카보머"
"A000000137157","엠도씨 선샤인 유브이 솔루션 에센스 50ml","엠도씨","50.0","50.0","ml","23000","18400","3680.0","정제수,에탄올,에칠헥실살리실레이트,호모살레이트,사이클로펜타실록세인,다이부틸아디페이트,다이프로필렌글라이콜,비스-에칠헥실옥시페놀메톡시페닐트리아진,메칠렌비스-벤조트리아졸릴테트라메칠부틸페놀,폴리실리콘-15,디에칠아미노하이드록시벤조일헥실벤조에이트,메틸메타크릴레이트크로스폴리머,부틸렌글라이콜,겨우살이잎추출물,쇠비름추출물,병풀추출물,스타이렌/아크릴레이트코폴리머,세테스-10,트로메타민,데실글루코사이드,아크릴레이트/C10-30알킬아크릴레이트크로스폴리머,카보머,펜틸렌글라이콜,다이메티콘/비닐다이메티콘크로스폴리머,세틸피이지/피피지-10/1다이메티콘,프로필렌글라이콜,잔탄검,소듐하이알루로네이트,향료,페녹시에탄올"
"A000000152314","[1+1기획]SNP UV 퍼펙트 에어쿨 선크림 더블 기획 (50ml+50ml)","SNP","50.0","100.0","ml","","20000","2000.0","정제수,다이부틸아디페이트,프로판다이올,다이아이소프로필세바케이트,에칠헥실트리아존,테레프탈릴리덴디캠퍼설포닉애씨드,변성알코올,나이아신아마이드,폴리글리세릴-3다이스테아레이트,글리세린,트로메타민,세테아릴알코올,1,2-헥산다이올,펜틸렌글라이콜,디에칠아미노하이드록시벤조일헥실벤조에이트,카프릴릴메티콘,폴리실리콘-15,다시마추출물,당느릅나무뿌리추출물,보검선인장줄기추출물,알로에베라잎추출물,워터민트추출물,제비꽃꽃추출물,참마뿌리추출물,자작나무수액,폴리메틸실세스퀴옥세인,카프릴릭/카프릭/석시닉트라이글리세라이드,글리세릴스테아레이트,비스-에칠헥실옥시페놀메톡시페닐트리아진,포타슘세틸포스페이트,메틸프로판다이올,암모늄아크릴로일다이메틸타우레이트브이피코폴리머,암모늄폴리아크릴로일다이메틸타우레이트,글리세릴스테아레이트시트레이트,에틸헥실글리세린,아데노신,다이소듐이디티에이,소듐폴리아크릴레이트,폴리에터-1,t-부틸알코올,부틸렌글라이콜,다이프로필렌글라이콜,바이오사카라이드검-1,토코페롤,향료"
"A000000154129","[무기자차]닥터올가 100 선크림 50ml 기획(+30ml 증정)","닥터올가","50.0","80.0","ml","","32000","4000.0","알로에베라잎즙, 다이카프릴릴카보네이트, 징크옥사이드, 코코-카프릴레이트/카프레이트,티타늄디옥사이드,프로판다이올,펜틸렌글라이콜,카프릴릭/카프릭트라이글리세라이드,폴리글리세릴-3폴리리시놀리에이트,코코넛야자오일,스테아릭애씨드,다이카프릴릴에터,칸데릴라왁스,소듐클로라이드,폴리글리세릴-2다이폴리하이드록시스테아레이트,알루미늄하이드록사이드, 호호바씨오일 ,해바라기씨오일, 알로에베라잎추출물, 폴리글리세릴-3다이아이소스테아레이트, 글리세릴카프릴레이트, 폴리글리세릴-3리시놀리에이트,정제수,황색산화철,병풀추출물,당호박씨오일,소듐글루코네이트,잔탄검,다이포타슘글리시리제이트,장미꽃오일,적색산화철,히비스커스꽃추출물,마트리카리아추출물,해당화추출물,다마스크장미꽃추출물, 목련꽃추출물, 참나리추출물, 라벤더꽃추출물, 포트마리골드꽃추출물, 데이지꽃추출물"
"A000000163532","어바웃미 비 클린 톤업 선 1+1 기획(50ml+50ml)","어바웃미","50.0","100.0","ml","25000","21000","2100.0","정제수, 다이부틸아디페이트, 프로판다이올, 에칠헥실트리아존, 테레프탈릴리덴디캠퍼설포닉애씨드, 폴리글리세릴-3다이스테아레이트, 나이아신아마이드, 트로메타민, 1,2-헥산다이올, 디에칠아미노하이드록시벤조일헥실벤조에이트, 펜틸렌글라이콜, 폴리실리콘-15, 인도멀구슬나무잎추출물, 인도멀구슬나무꽃추출물, 아이비고드열매추출물, 가지열매추출물, 알로에베라꽃추출물, 홀리바질잎추출물, 울금뿌리추출물, 참산호말추출물, 블루아가베잎추출물, 로즈마리잎오일, 수레국화꽃수, 쌀겨오일, 하이드로제네이티드레시틴, 글리세릴스테아레이트, 비스-에칠헥실옥시페놀메톡시페닐트리아진, 세테아릴알코올, 자일리틸글루코사이드, 안하이드로자일리톨, 카보머, 암모늄아크릴로일다이메틸타우레이트/브이피코폴리머, 글리세릴스테아레이트시트레이트, 아크릴레이트/C10-30알킬아크릴레이트크로스폴리머, 자일리톨, 소듐스테아로일글루타메이트, 에틸헥실글리세린, 아데노신, 글루코오스, 구아이아줄렌, 글리세린, 부틸렌글라이콜, 토코페롤, 세라마이드엔피, 피토스핑고신"
"A000000164213","[UV 프레스티지 케어] 리쥬란힐러 UV 프로텍션 크림 40ml","리쥬란","40.0","40.0","ml","23900","20900","5225.0","석류씨오일, 검은뽕나무열매추출물, 서양산딸기잎추출물, 호모살레이트, 알로에베라잎즙, 호호바씨오일, 홍차추출물, 시어버터, 귀리커넬추출물, 에칠헥실살리실레이트, 벤조페논-3, 부틸메톡시디벤조일메탄, 글리세린, 옥토크릴렌, 다이메티콘, 판테놀, 카프릴릭/카프릭트라이글리세라이드, 스쿠알란, 세틸알코올, 세테아릴알코올, 토코페릴아세테이트, 글리세릴스테아레이트, 스페인감초뿌리추출물, 에틸헥실글리세린, 카프릴릴글라이콜, 소듐하이알루로네이트, 페녹시에탄올, 하이드롤라이즈드디엔에이, 소듐벤조에이트,"
"A000000164841","[수분 밀착] AHC 세이프온 라이트 선세럼 기획 증량 기획","AHC","","","","","26000","","정제수, 다이부틸아디페이트, 디에칠아미노하이드록시벤조일헥실벤조에이트, 비스-에칠헥실옥시페놀메톡시페닐트리아진, 에탄올, 나이아신아마이드, 부틸옥틸살리실레이트, 에칠헥실트리아존, 부틸렌글라이콜, 한련초추출물, 인도멀구슬나무잎추출물, 드럼스틱씨오일, 딜추출물, 베르가모트오일, 머스크씨드추출물, 셀필룸추출물, 서양톱풀추출물, 알파-알부틴, 록샘파이어캘러스배양여과물, 인디안구스베리열매추출물, 녹차씨오일, 타라열매추출물, 자일리틸글루코사이드, 코튼추출물, 코토니추출물, 자일리톨, 효모발효추출물, 치커리뿌리추출물, 타히티바닐라추출물, 오르소시폰추출물, 테르무스 테르모필루스발효물, 칸디다 봄비콜라/글루코오스/메틸레이프씨데이트발효물, 애플민트잎추출물, 녹차추출물, 타임잎추출물, 띠뿌리추출물, 칼라민, 클로렐라발효물, 하이드롤라이즈드하이알루로닉애씨드, 보검선인장줄기추출물, 흑삼추출물, 소엽추출물, 바오밥나무씨추출물, 사막장미잎세포추출물, 클로브싹추출물, 미역취추출물, 수용성콜라겐, 카프릴릴메티콘, 헥실라우레이트, 이소아밀p-메톡시신나메이트, 폴리실리콘-15, 1,2-헥산다이올, 펜틸렌글라이콜, 소듐아크릴레이트크로스폴리머-2, 폴리메틸실세스퀴옥세인, 실리카, 다이부틸라우로일글루타마이드, 하이드록시에틸우레아, 아이소프로필미리스테이트, 소듐폴리아크릴로일다이메틸타우레이트, 다이부틸에틸헥사노일글루타마이드, 하이드록시아세토페논, C30-45알킬다이메틸실릴폴리프로필실세스퀴옥세인, 트레할로오스, 암모늄아크릴로일다이메틸타우레이트/브이피코폴리머, 아데노신, 프로판다이올, 알란토인, 바이오사카라이드검-1, 다발방패버섯추출물, 에틸헥실글리세린, 시트릭애씨드, 글리세린, 아스코빅애씨드, 마데카소사이드, 엑토인, 글루타티온, 하이드록시스테아릭애씨드, 판테놀, 페닐에틸레조시놀, 트라넥사믹애씨드, 팔미토일글라이신, 엘라직애씨드, 4-t-부틸사이클로헥산올, 안하이드로자일리톨, 락틱애씨드/글라이콜릭애씨드코폴리머, 카프릴릭/카프릭트라이글리세라이드, C12-15알킬벤조에이트, 다이포타슘포스페이트, 아세틸글루타민, 세륨옥사이드, 하이드로젠다이메티콘, 트라이에톡시카프릴릴실레인, 하이드로제네이티드레시틴, 하이드록시페닐프로파미도벤조익애씨드, 바이오사카라이드검-4, 세라마이드엔피, 말토덱스트린, 글루코노락톤, 폴리하이드록시스테아릭애씨드, 카프릴릴글라이콜, 아스코빌팔미테이트, 셀룰로오스검, 칼슘글루코네이트, 소듐스테아로일글루타메이트, 다이소듐이디티에이, 잔탄검, 소듐벤조에이트, 합성플루오르플로고파이트"
"A000000166295","식물나라 산소수 가벼운 수분 선젤로션 더블기획","식물나라","","","","","25800","","정제수, 프로판다이올, 사이클로펜타실록세인, 에칠헥실살리실레이트, 호모살레이트, 다이부틸아디페이트, 나이아신아마이드, 비스-에칠헥실옥시페놀메톡시페닐트리아진, 메칠렌비스-벤조트리아졸릴테트라메칠부틸페놀, 폴리메틸실세스퀴옥세인, 폴리실리콘-15, 디에칠아미노하이드록시벤조일헥실벤조에이트, 카프릴릴메티콘, 소듐하이알루로네이트, 1,2-헥산다이올, 펜틸렌글라이콜, 글리세린, 베헤닐알코올, 실리카, 폴리글리세릴-3메틸글루코오스다이스테아레이트, 트로메타민, 데실글루코사이드, 카보머, 부틸렌글라이콜, 판테놀, 아크릴레이트/C10-30알킬아크릴레이트크로스폴리머, 소듐폴리아크릴레이트, 소듐스테아로일글루타메이트, 폴리아크릴레이트크로스폴리머-6, 에틸헥실글리세린, 아데노신, 폴리에터-1, 프로필렌글라이콜, 잔탄검, 산소(1ppm), 향료"
"A000000168591","라비오뜨 유브이 베일 모이스처 선에센스 기획세트(50ml+20ml)","라비오뜨","50.0","70.0","ml","","26000","3714.3","정제수, 호모살레이트, 부틸옥틸살리실레이트, 옥토크릴렌, 에칠헥실살리실레이트, 부틸메톡시디벤조일메탄, 에탄올, 다이프로필렌글라이콜, 펜틸렌글라이콜, 수레국화꽃수, 유칼립투스잎추출물, 소듐폴리아크릴로일다이메틸타우레이트, 하이드록시아세토페논, 실리카, 소듐아크릴레이트크로스폴리머-2, 다이부틸라우로일글루타마이드, 다이부틸에틸헥사노일글루타마이드, 암모늄아크릴로일다이메틸타우레이트/브이피코폴리머, C30-45알킬다이메틸실릴폴리프로필실세스퀴옥세인, 판테놀, 1,2-헥산다이올, 바이오사카라이드검-1, 에틸헥실글리세린, 글리세린, 부틸렌글라이콜, 옥탄다이올, 다이소듐이디티에이, 향료, 리모넨, 시트로넬올, 리날룰, 제라니올, 헥실신남알"
"A000000173774","[무기자차/단독증량기획] 토리든 다이브인 무기자차 마일드 선크림 60ml 기획 (+20ml 추가 증정)","토리든","60.0","80.0","ml","25000","17500","2187.5","정제수, 징크옥사이드, 사이클로헥사실록세인, 부틸옥틸살리실레이트, 프로필헵틸카프릴레이트, 프로판다이올, 다이카프릴릴카보네이트, 아이소도데케인, 폴리글리세릴-3폴리다이메틸실록시에틸다이메티콘, 카프릴릴메티콘, 소듐하이알루로네이트, 하이알루로닉애씨드, 하이드롤라이즈드소듐하이알루로네이트, 하이드롤라이즈드하이알루로닉애씨드, 소듐아세틸레이티드하이알루로네이트, 소듐하이알루로네이트크로스폴리머, 포타슘하이알루로네이트, 다이메틸실란올하이알루로네이트, 하이드록시프로필트라이모늄하이알루로네이트, 소듐하이알루로네이트다이메틸실란올, 판테놀, 알란토인, 트레할로오스, 세라마이드엔피, 버지니아풍년화추출물, 쇠비름추출물, 캐모마일꽃추출물, 호호바씨오일, 2,3-부탄다이올, 다이스테아다이모늄헥토라이트, 마그네슘설페이트, 트라이에톡시카프릴릴실레인, 메틸메타크릴레이트크로스폴리머, 폴리글리세릴-2다이폴리하이드록시스테아레이트, 라우릴폴리글리세릴-3폴리다이메틸실록시에틸다이메티콘, 글리세릴카프릴레이트, 카프릴릴글라이콜, 부틸렌글라이콜, 토코페롤, 에틸헥실글리세린, 1,2-헥산다이올, 인도멀구슬나무잎추출물, 인도멀구슬나무꽃추출물, 아이비고드열매추출물, 가지열매추출물, 알로에베라꽃추출물, 울금뿌리추출물, 참산호말추출물, 홀리바질잎추출물, 녹차추출물, 말라카이트추출물"
"A000000174728","[올리브영 단독기획] 휘게 릴리프 선 모이스처라이저 50ml 1+1 기획","휘게","50.0","100.0","ml","27000","18200","1820.0","정제수, 다이부틸아디페이트, 프로판다이올, 변성알코올, 편백수, 에칠헥실트리아존, 테레프탈릴리덴디캠퍼설포닉애씨드, 글리세린, 나이아신아마이드, 폴리글리세릴-3다이스테아레이트, 트로메타민, 1,2-헥산다이올, 펜틸렌글라이콜, 디에칠아미노하이드록시벤조일헥실벤조에이트, 세테아릴알코올, 카프릴릴메티콘, 폴리실리콘-15, 코치닐선인장열매추출물, 무화과추출물, 병풀추출물, 바오밥나무열매추출물, 보검선인장줄기추출물, 하이드로제네이티드레시틴, 카프릴릭/카프릭/석시닉트라이글리세라이드, 팔미틱애씨드, 글리세릴스테아레이트, 비스-에칠헥실옥시페놀메톡시페닐트리아진, 포타슘세틸포스페이트, 폴리메틸실세스퀴옥세인, 스테아릭애씨드, 메틸프로판다이올, 자일리틸글루코사이드, 암모늄아크릴로일다이메틸타우레이트/브이피코폴리머, 안하이드로자일리톨, 실리카, 자일리톨, 에틸헥실글리세린, 폴리아크릴레이트크로스폴리머-6, 글리세릴스테아레이트시트레이트, 아데노신, 글루코오스, 다이소듐이디티에이, 소듐폴리아크릴레이트, 폴리에터-1, 미리스틱애씨드, t-부틸알코올, 부틸렌글라이콜, 바이오사카라이드검-1, 알파-비사보롤, 토코페롤, 세라마이드엔피"
"A000000176900","무슈제이 하이드로 선 에센스 더블기획(50ml+50ml)","무슈제이","50.0","100.0","ml","23900","22900","2290.0","정제수, 에칠헥실메톡시신나메이트, 글리세린, 호모살레이트, 에칠헥실살리실레이트, 프로판디올, 에탄올, 부틸메톡시디벤조일메탄, 메칠메타크릴레이트 크로스폴리머, 나이아신아마이드, 1,2-헥산디올, 폴리메칠실세스퀴옥산, 비스-에칠헥실옥시페놀메톡시페닐트리아진, 아크릴레이트/C10-30 알킬아크릴레이트크로스폴리머, 트로메타민, 스타이렌/아크릴레이트코폴리머, 프룩토올리고사카라이드, 사카라이드하이드롤리세이트, 풀루란, 펜틸렌글라이콜, 에칠헥실글리세린, 잔탄검, 옥틸도데칸올, 아데노신, 병풀추출물, 어성초추출물, 치아씨추출물, 부틸렌글라이콜, 블루위드씨오일, 에델바이스캘러스배양추출물, 풍선덩굴꽃/잎/덩굴추출물, 해바라기씨오일불검화물, 눈연꽃추출물, 오레가노잎추출물, 편백나무잎추출물, 화이트윌로우껍질추출물,데이지꽃추출물, 락토바실러스/콩발효추출물, 마치현추출물, 육계추출물, 황금추출물, 토코페롤, 향료"
"A000000179353","[톤업선크림] 에스쁘아 워터 스플래쉬 선크림 세라마이드 60ml","에스쁘아","60.0","60.0","ml","22000","16500","2750.0","[본품] 워터 스플래쉬 선크림 세라마이드
정제수, 부틸렌글라이콜, C12-15알킬벤조에이트, 에칠헥실메톡시신나메이트, 티타늄디옥사이드, 비스-에칠헥실옥시페놀메톡시페닐트리아진, 디에칠아미노하이드록시벤조일헥실벤조에이트, 사이클로펜타실록세인, 실리카, 사이클로헥사실록세인, 다이페닐실록시페닐트라이메티콘, 1,2-헥산다이올, 폴리아크릴레이트-13, 알루미늄스테아레이트, 폴리하이드록시스테아릭애씨드, 알루미나, 폴리아이소부텐, 스테아릭애씨드, 향료, 카프릴릴글라이콜, 카보머, 다이소듐이디티에이, 에틸헥실글리세린, 폴리솔베이트20, 솔비탄아이소스테아레이트, 적색산화철, 황색산화철, 세라마이드엔피, 프로판다이올, 비에이치티, 병풀꽃/잎/줄기추출물, 창포뿌리추출물, 토코페롤, 아세틸테트라펩타이드-5

[기획 증정 - 세라마이드 클렌징폼]
정제수, 글리세린, 스테아릭애씨드, 미리스틱애씨드, 포타슘하이드록사이드, 팔미틱애씨드, 라우릭애씨드, 피이지-32, 라우릴하이드록시설테인, 글리세릴스테아레이트, 피이지-100스테아레이트, 향료, 소듐클로라이드, 폴리쿼터늄-7, 세라마이드엔피, 소듐메타포스페이트, 부틸렌글라이콜, 적색산화철, 황색산화철, 소듐벤조에이트, 프로판다이올, 소듐하이알루로네이트, 1,2-헥산다이올, 하이드롤라이즈드하이알루로닉애씨드, 소듐하이알루로네이트크로스폴리머, 아세틸테트라펩타이드-5, 하이알루로닉애씨드, 에틸헥실글리세린, 소듐아세틸레이티드하이알루로네이트"
"A000000179852","[생기톤업선크림] 토코보 비타 톤업 선크림 50mL SPF50+ PA++++","토코보","50.0","50.0","ml","25000","18750","3750.0","비타민나무수, 다이부틸아디페이트, 프로판다이올, 티타늄디옥사이드, 부틸옥틸살리실레이트, 카프릴릭/카프릭트라이글리세라이드, 글리세린, 부틸렌글라이콜, 디에칠아미노하이드록시벤조일헥실벤조에이트, 에칠헥실트리아존, 1,2-헥산다이올, 나이아신아마이드, 카프릴릴메티콘, 디에칠헥실부타미도트리아존, 정제수, 비타민나무열매추출물, 펜틸렌글라이콜, 소듐하이알루로네이트, 폴리메틸실세스퀴옥세인, 폴리하이드록시스테아릭애씨드, 다이메티콘/비닐다이메티콘크로스폴리머, 스테아릭애씨드, 다이메티콘올, 트라이실록세인, 소듐폴리아크릴로일다이메틸타우레이트, 암모늄폴리아크릴로일다이메틸타우레이트, 알루미나, 하이드록시프로필메틸셀룰로오스스테아록시에터, 코코-카프릴레이트/카프레이트, 잔탄검, 에틸헥실글리세린, 아데노신, 소듐폴리아크릴레이트, 알루미늄하이드록사이드, 트라이에톡시카프릴릴실레인, 피브이엠/엠에이코폴리머, t-부틸알코올, 사이아노코발아민, 폴리에터-1, 토코페롤, 향료"
"A000000181331","닥터아토 수분촉촉 데일리 선 프로텍터 50ml","닥터아토","50.0","50.0","ml","17900","12950","2590.0","정제수, 징크옥사이드, 다이부틸아디페이트, 프로필헵틸카프릴레이트, 사이클로헥사실록세인, 다이프로필렌글라이콜, 다이카프릴릴카보네이트, 부틸옥틸살리실레이트, 폴리글리세릴-4다이아이소스테아레이트/폴리하이드록시스테아레이트/세바케이트, 나이아신아마이드, 카프릴릴메티콘, 디에칠아미노하이드록시벤조일헥실벤조에이트, 비스-에칠헥실옥시페놀메톡시페닐트리아진, 에칠헥실트리아존, 폴리글리세릴-3폴리다이메틸실록시에틸다이메티콘, 쇠비름추출물, 병풀추출물, 소듐하이알루로네이트, 올리브오일, 하이드로제네이티드레시틴, 티타늄디옥사이드, 다이스테아다이모늄헥토라이트, 마그네슘설페이트, 트라이에톡시카프릴릴실레인, 1,2-헥산다이올, 폴리메틸실세스퀴옥세인, 메틸메타크릴레이트크로스폴리머, 글리세릴카프릴레이트, 카프릴릴글라이콜, 에틸헥실글리세린, 아데노신, 토코페롤, 글리세린, 카프릴릭/카프릭트라이글리세라이드, 시어버터, 스쿠알란, 콜레스테롤, 세라마이드엔피, 피토스테릴/옥틸도데실라우로일글루타메이트, 하이드롤라이즈드하이알루로닉애씨드, 소듐아세틸레이티드하이알루로네이트, 피토스핑고신, 향료"
"A000000183327","[수분선크림]에스쁘아 워터 스플래쉬 선크림 프레쉬 시카 60ml SPF50+ PA++++","에스쁘아","60.0","60.0","ml","22000","16500","2750.0","정제수, 다이부틸아디페이트, 프로판다이올, 변성알코올, 부틸옥틸살리실레이트, 에칠헥실트리아존, 테레프탈릴리덴디캠퍼설포닉애씨드, 글리세린, 나이아신아마이드, 폴리글리세릴-3다이스테아레이트, 트로메타민, 1,2-헥산다이올, 펜틸렌글라이콜, 세테아릴알코올, 디에칠아미노하이드록시벤조일헥실벤조에이트, 카프릴릴메티콘, 폴리실리콘-15, 팔미틱애씨드, 실리카, 글리세릴스테아레이트, 비스-에칠헥실옥시페놀메톡시페닐트리아진, 폴리메틸실세스퀴옥세인, 포타슘세틸포스페이트, 스테아릭애씨드, 메틸프로판다이올, 에탄올, 암모늄아크릴로일다이메틸타우레이트/브이피코폴리머, 암모늄폴리아크릴로일다이메틸타우레이트, 향료, 에틸헥실글리세린, 글리세릴스테아레이트시트레이트, 카보머, 아크릴레이트/C10-30알킬아크릴레이트크로스폴리머, 아데노신, 덱스트린, 폴리에터-1, 황벽나무껍질추출물, T-부틸알코올, 치자추출물, 미리스틱애씨드, 병풀추출물, 녹차수, 바이오사카라이드검-1, 부틸렌글라이콜, 토코페롤, 에난티아 클로란타껍질추출물, 바실러스/소이빈발효추출물, 꽃생강뿌리추출물, 바오밥나무열매추출물, 폴릭애씨드, 소듐하이알루로네이트, 올레아놀릭애씨드, 크산토필"
"A000000183552","[고수분 쿨링 선케어] 비레디 블루 수분 선크림","비레디","","","","25000","19900","","정제수, 부틸렌글라이콜, 호모살레이트, 에칠헥실살리실레이트, 변성알코올, 비스-에칠헥실옥시페놀메톡시페닐 트리아진, 디에칠아미노하이드록시 벤조일헥실벤조에이트, 실리카, 세틸 에틸헥사노에이트, 에칠헥실트리아존, 테레프탈릴리덴디캠퍼설포닉애씨드, 트로메타민, 메틸트라이메티콘, 다이 아이소프로필세바케이트, 세테아릴 알코올, 하이드록시에틸아크릴레이트 /소듐아크릴로일다이메틸타우레이트 코폴리머, 포타슘세틸포스페이트, 1,2- 헥산다이올, 하이드록시프로필스타치 포스페이트, 아크릴레이트/C10-30 알킬아크릴레이트크로스폴리머, 글리 세릴스테아레이트, 하이드로제네이티드 레시틴, 향료, 에틸헥실글리세린, 스테 아릭애씨드, 폴리글리세릴-3메틸글루 코오스다이스테아레이트, 팔미틱애씨드, 다이소듐이디티에이, 솔비탄아이소스 테아레이트, 티타늄디옥사이드 (CI 77891), 마이카, 징크옥사이드, 에탄올, 인디고잎추출물, 마트리카리아꽃추출물, 미리스틱애씨드, 프로판다이올, 라우릭 애씨드, 말라카이트추출물, 소듐하이 알루로네이트, 틴옥사이드, 토코페롤, 소듐라우로일글루타메이트, 하이드롤 라이즈드하이알루로닉애씨드, 라이신, 소듐하이알루로네이트크로스폴리머, 마그네슘클로라이드, 하이알루로닉 애씨드, 소듐아세틸레이티드하이알루 로네이트"
"A000000184405","케어존 워터핏 수딩 선 플루이드(70ml+31ml)","케어존","70.0","101.0","ml","","26000","2574.3","정제수, 에칠헥실메톡시신나메이트, 프로판다이올, 디에칠아미노하이드록시벤조일헥실벤조에이트, 에칠헥실살리실레이트, C12-15알킬벤조에이트, 다이메티콘, 페닐벤즈이미다졸설포닉애씨드, 티타늄디옥사이드, 1,2-헥산다이올, 포타슘세틸포스페이트, 트로메타민, 비스-에칠헥실옥시페놀메톡시페닐트리아진, 판테놀, 폴리글리세릴-3메틸글루코오스다이스테아레이트, 팔미틱애씨드, 알루미늄스테아레이트, 폴리아크릴레이트크로스폴리머-6, 폴리우레탄-15, 폴리하이드록시스테아릭애씨드, 스테아릭애씨드, 잔탄검, 에틸렌브라실레이트, 아이소부틸메틸테트라하이드로피란올, 알루미나, 헬리오트로핀, 트라이소듐이디티에이, 리날릴아세테이트, 아니스알데하이드, 글리세린, 프랑스해안송껍질추출물, 개똥쑥추출물, 님잎추출물, 녹차추출물"
"A000000187686","한율 어린쑥 수분진정 선크림 50ml+20ml 증정 기획","한율","50.0","70.0","ml","27000","19900","2842.9","정제수, 다이부틸아디페이트, 부틸옥틸살리실레이트, 폴리메틸실세스퀴옥세인, 디에칠아미노하이드록시벤조일헥실벤조에이트, 에칠헥실트리아존, 메칠렌비스-벤조트리아졸릴테트라메칠부틸페놀, 나이아신아마이드, 황해쑥잎수, 카프릴릴메티콘, 디에칠헥실부타미도트리아존, 1,2-헥산다이올, 글리세린, 프로판다이올, 펜틸렌글라이콜, 베헤닐알코올, 폴리C10-30알킬아크릴레이트, 폴리글리세릴-3메틸글루코오스다이스테아레이트, 데실글루코사이드, 부틸렌글라이콜, 트로메타민, 향료, 카보머, 아크릴레이트/C10-30알킬아크릴레이트크로스폴리머, 2,3-부탄다이올, 소듐스테아로일글루타메이트, 폴리아크릴레이트크로스폴리머-6, 에틸헥실글리세린, 아데노신, 잔탄검, 레시틴, 락토바실러스발효물, 이눌린라우릴카바메이트, 황해쑥잎추출물, 다이소듐이디티에이, 병풀꽃/잎/줄기추출물, 토코페롤, 소듐하이알루로네이트"
"A000000188610","[화잘먹] 조선미녀 맑은쌀 선크림 50ml","조선미녀","50.0","50.0","ml","","18000","3600.0","정제수, 다이부틸아디페이트, 프로판다이올, 디에칠아미노하이드록시벤조일헥실벤조에이트, 폴리메틸실세스퀴옥세인, 에칠헥실트리아존, 나이아신아마이드, 메칠렌비스-벤조트리아졸릴테트라메칠부틸페놀, 코코-카프릴레이트/카프레이트, 카프릴릴메티콘, 디에칠헥실부타미도트리아존, 글리세린, 1,2-헥산다이올, 부틸렌글라이콜, 쌀추출물(3000 ppm), 쌀배아추출물(2 ppm), 녹차추출물, 락토바실러스/호박발효추출물, 바실러스/소이빈발효추출물, 사탕수수추출물, 자이언트켈프추출물, 코코넛야자열매추출물, 홍삼추출물, 홍차추출물, 모나스커스/쌀발효물(120 ppb), 베헤닐알코올, 폴리C10-30알킬아크릴레이트, 폴리글리세릴-3메틸글루코오스다이스테아레이트, 데실글루코사이드, 트로메타민, 카보머, 아크릴레이트/C10-30알킬아크릴레이트크로스폴리머, 소듐스테아로일글루타메이트, 폴리아크릴레이트크로스폴리머-6, 아데노신, 잔탄검, t-부틸알코올, 토코페롤, 락토바실러스/쌀발효물(120 ppb), 아스퍼질러스발효물, 효모/쌀발효여과물(120 ppb), 펜틸렌글라이콜, 에틸헥실글리세린"
"A000000188724","[화장착붙] 조선미녀 인삼선세럼 50ml","조선미녀","50.0","50.0","ml","21000","13600","2720.0","정제수, 부틸렌글라이콜, 다이부틸아디페이트, 디에칠아미노하이드록시벤조일헥실벤조에이트, 비스-에칠헥실옥시페놀메톡시페닐트리아진, 에탄올, 아크릴레이트코폴리머, 부틸옥틸살리실레이트, C12-15알킬벤조에이트, 에칠헥실트리아존, 페네틸벤조에이트, 알부틴, 1,2-헥산다이올, 실리카, 메틸프로판다이올, 이소아밀p-메톡시신나메이트, 폴리실리콘-15, 폴리메틸실세스퀴옥세인, 인삼추출물(5,500 ppm), 펜틸렌글라이콜, 다이부틸에틸헥사노일글루타마이드, 다이부틸라우로일글루타마이드, C30-45알킬다이메틸실릴폴리프로필실세스퀴옥세인, 암모늄아크릴로일다이메틸타우레이트/브이피코폴리머, 소듐아크릴레이트크로스폴리머-2, 소듐폴리아크릴로일다이메틸타우레이트, 에틸헥산다이올, 하이드록시아세토페논, 인삼열매추출물(500.1 ppm), 인삼전초추출물(500 ppm), 인삼잎/줄기추출물(500 ppm), 아데노신, 잔탄검, 다이소듐이디티에이, 에틸헥실글리세린, 글리세린, 홍삼추출물(0.05 ppm), 토코페롤"
"A000000191567","[프리미엄선케어] 정샘물 마스터클래스 앰플선 50ml","정샘물","50.0","50.0","ml","","36000","7200.0","정제수, 다이부틸아디페이트, 프로판다이올, 에칠헥실트리아존, 테레프탈릴리덴디캠퍼설포닉애씨드, 폴리글리세릴-3다이스테아레이트, 나이아신아마이드, 트로메타민, 1,2-헥산다이올, 디에칠아미노하이드록시벤조일헥실벤조에이트, 펜틸렌글라이콜, 폴리실리콘-15, 코치닐선인장열매추출물, 오렌지오일, 필리핀오렌지껍질오일, 리씨열매오일, 소듐하이알루로네이트, 글리세릴스테아레이트, 비스-에칠헥실옥시페놀메톡시페닐트리아진, 세테아릴알코올, 카보머, 암모늄아크릴로일다이메틸타우레이트/브이피코폴리머, 글리세릴스테아레이트시트레이트, 아크릴레이트/C10-30알킬아크릴레이트크로스폴리머, 소듐스테아로일글루타메이트, 에틸헥실글리세린, 아데노신, 글리세린, 부틸렌글라이콜, 하이드롤라이즈드소듐하이알루로네이트, 토코페롤, 락토바실러스발효물, 바이오사카라이드검-4, 하이드록시프로필트라이모늄하이알루로네이트, 산소, 소듐아세틸레이티드하이알루로네이트, 소듐하이알루로네이트크로스폴리머, 포타슘하이알루로네이트, 하이드롤라이즈드하이알루로닉애씨드, 하이알루로닉애씨드, 리모넨, 시트랄, 리날룰"
"A000000191730","[파데프리/톤업] AHC 누드 톤업 크림 내추럴 글로우 40ml SPF50+ PA++++","AHC","40.0","40.0","ml","","29000","7250.0","크림: 정제수,카프릴릭/카프릭트라이글리세라이드,프로필렌글라이콜다이벤조에이트,다이프로필렌글라이콜,티타늄디옥사이드 (CI 77891),디에칠아미노하이드록시벤조일헥실벤조에이트,에칠헥실트리아존,코코-카프릴레이트/카프레이트,부틸렌글라이콜,비스-에칠헥실옥시페놀메톡시페닐트리아진,1,2-헥산다이올,나이아신아마이드,캐스터오일/아이피디아이코폴리머,병풀추출물,폴리글리세릴-2아이소스테아레이트,글리세린,다이스테아다이모늄헥토라이트,황색산화철,폴리글리세릴-6폴리리시놀리에이트,암모늄아크릴로일다이메틸타우레이트/브이피코폴리머,아이소프로필티타늄트라이아이소스테아레이트,소듐아크릴레이트/소듐아크릴로일다이메틸타우레이트코폴리머,알루미늄하이드록사이드,솔비탄아이소스테아레이트,폴리아이소부텐,아크릴레이트/C10-30알킬아크릴레이트크로스폴리머,잔탄검,적색산화철,향료,향료,아데노신,카프릴릴/카프릴글루코사이드,솔비탄올리에이트,흑색산화철,부들레야추출물,타임추출물,치자꽃추출물,아스코빅애씨드,록샘파이어캘러스배양여과물,토코페롤,우레아,합성플루오르플로고파이트,다이소듐포스페이트,콜라겐추출물,바이오틴,시트릭애씨드,소듐하이알루로네이트,알루미나,트라이에톡시카프릴릴실레인,실리카,C20-24올레핀,틴옥사이드,하이드록시프로필트라이모늄하이알루로네이트,하이드롤라이즈드하이알루로닉애씨드,소듐아세틸레이티드하이알루로네이트,하이알루로닉애씨드,하이드롤라이즈드소듐하이알루로네이트,소듐하이알루로네이트크로스폴리머,포타슘하이알루로네이트 스틱: C12-15알킬벤조에이트,티타늄디옥사이드,하이드로제네이티드폴리아이소부텐,옥토크릴렌,합성왁스,에칠헥실메톡시신나메이트,에칠헥실살리실레이트,아이소노닐아이소노나노에이트,하이드로제네이티드폴리데센,카프릴릭/카프릭트라이글리세라이드,오조케라이트,디에칠아미노하이드록시벤조일헥실벤조에이트,비스-에칠헥실옥시페놀메톡시페닐트리아진,토코페릴아세테이트,폴리아이소부텐,마이카,비닐다이메티콘/메티콘실세스퀴옥세인크로스폴리머,합성플루오르플로고파이트,실리카,메틸메타크릴레이트크로스폴리머,솔비탄세스퀴올리에이트,폴리글리세릴-6폴리리시놀리에이트,부들레야잎추출물,타임꽃/잎추출물,병풀추출물,소듐하이알루로네이트,에틸렌/프로필렌/스타이렌코폴리머,글리세릴베헤네이트/에이코사디오에이트,알파-비사보롤,스테아랄코늄헥토라이트,스테아랄코늄헥토라이트,스테아랄코늄헥토라이트,알루미늄하이드록사이드,프로필렌카보네이트,폴리하이드록시스테아릭애씨드,프로필렌글라이콜다이카프릴레이트/다이카프레이트,부틸렌/에틸렌/스타이렌코폴리머,레시틴,아이소스테아릭애씨드,아이소프로필미리스테이트,에틸헥실팔미테이트,폴리글리세릴-3폴리리시놀리에이트,토코페롤,우레아,다이소듐포스페이트,정제수,펜타에리스리틸테트라-다이-t-부틸하이드록시하이드로신나메이트,바이오틴,아스코빅애씨드,하이드롤라이즈드콜라겐,다이메티콘,글리세린,부틸렌글라이콜,시트릭애씨드,다이메티콘/비닐다이메티콘크로스폴리머,1,2-헥산다이올,다이메틸실란올하이알루로네이트,하이드롤라이즈드소듐하이알루로네이트,하이드롤라이즈드하이알루로닉애씨드,소듐하이알루로네이트다이메틸실란올,소듐하이알루로네이트크로스폴리머,아세틸테트라펩타이드-5,포타슘하이알루로네이트,하이드록시프로필트라이모늄하이알루로네이트,하이알루로닉애씨드,소듐아세틸레이티드하이알루로네이트,향료,데하이드로아세틱애씨드,적색산화철,흑색산화철,황색산화철"
"A000000200816","[민감피부] 아넷사 퍼펙트 UV 선스크린 마일드 밀크 60ml","아넷사","60.0","60.0","ml","37000","29600","4933.3","정제수, 다이메티콘, 다이아이소프로필세바케이트, 부틸렌글라이콜, 카프릴릴메티콘, 세틸에틸헥사노에이트, 티타늄디옥사이드, 펜타에리스리틸테트라에틸헥사노에이트, 트라이에틸헥사노인, 다이에틸헥실석시네이트, 징크옥사이드, 다이프로필렌글라이콜, 실리카, 글리세린, 디에칠아미노하이드록시벤조일헥실벤조에이트, 피이지-9폴리다이메틸실록시에틸다이메티콘, 비스-부틸다이메티콘폴리글리세릴-3, 덱스트린팔미테이트, 피이지-10다이메티콘, 알루미늄하이드록사이드, 다이스테아다이모늄헥토라이트, 트라이메틸실록시실리케이트, 비스-에칠헥실옥시페놀메톡시페닐트리아진, 에칠헥실트리아존, 페녹시에탄올(0.5%), 피이지-12다이메티콘, 스테아릭애씨드, 하이드로젠다이메티콘, 피이지/피피지-14/7다이메틸에터, 소듐클로라이드, 베헤네스-20, 소듐시트레이트, 시트릭애씨드, 티오타우린, 소듐메타포스페이트, 소듐메타바이설파이트(0,003%), 작약뿌리추출물, 왕벚나무잎추출물, 바륨설페이트, 카보머, 다이포타슘글리시리제이트, 트라이플루오로프로필다이메틸/트라이메틸실록시실리케이트, 토코페롤, 신선초잎/줄기추출물, 소듐아세틸레이티드하이알루로네이트, 벤조익애씨드(0.00005%)"
"A000000201273","[리뉴얼/블루톤업] 듀이트리 어반쉐이드 블루 톤업 선크림 40ml","듀이트리","40.0","40.0","ml","24000","16800","4200.0","정제수,다이부틸아디페이트,티타늄디옥사이드,C12-15알킬벤조에이트,카프릴릴메티콘,부틸옥틸살리실레이트,징크옥사이드,에칠헥실살리실레이트,폴리글리세릴-3폴리다이메틸실록시에틸다이메티콘,사이클로펜타실록세인,나이아신아마이드,디에칠아미노하이드록시벤조일헥실벤조에이트,비스-에틸헥실옥시페놀메톡시페닐트라이아진,솔비탄세스퀴올리에이트,C30-45알킬세테아릴다이메티콘크로스폴리머,다이스테아다이모늄헥토라이트,마그네슘설페이트,세레신,폴리글리세릴-6폴리리시놀리에이트,다이메티콘,폴리글리세릴-4다이아이소스테아레이트/폴리하이드록시스테아레이트/세바케이트,사이클로헥사실록세인,에틸헥산다이올,카프릴릭/카프릭트라이글리세라이드,실리카,판테놀,폴리글리세릴-3올리에이트,울트라마린,황색산화철,트라이에톡시카프릴릴실레인,다이아이소스테아로일폴리글리세릴-3다이머다이리놀리에이트,다이메티콘/비닐다이메티콘크로스폴리머,글리세릴카프릴레이트,알란토인,폴리에스터-1,알루미늄하이드록사이드,마이카,적색산화철,보론나이트라이드,다이소듐이디티에이,아데노신,로즈마리잎오일,흑색산화철,구아이아줄렌,소듐하이알루로네이트,부틸렌글라이콜,자작나무수액,글리세린,1,2-헥산다이올,토코페롤,해바라기씨오일,라벤더꽃추출물,보리지추출물,로우스위트블루베리추출물,수레국화꽃추출물,클레리추출물,펜틸렌글라이콜,히아신스전초추출물,마트리카리아꽃추출물,하이드록시프로필사이클로덱스트린,카프릴릴글라이콜,에틸헥실글리세린,글루타티온"
"A000000201387","후시다인 더마 트러블 징크 카밍 선크림 50ml 2입 기획","후시다인","50.0","100.0","ml","","26000","2600.0","정제수, 징크옥사이드 (CI 77947) (169,275ppm), 부틸옥틸살리실레이트, 프로필헵틸카프릴레이트, 프로판다이올, 하이드로제네이티드코코넛오일, 아이소도데케인, 카프릴릭/카프릭트라이글리세라이드, 글리세린, 다이카프릴릴카보네이트, 폴리글리세릴-6폴리리시놀리에이트, 소듐클로라이드, 푸시디움 코키네움발효용해추출여과물, 알바수련꽃추출물, 프로테아제, 연꽃잎추출물, 효모발효물, 삼나무잎추출물, 메틸메타크릴레이트크로스폴리머, 다이스테아다이모늄헥토라이트, 칼슘소듐보로실리케이트, 트라이에톡시카프릴릴실레인, 폴리글리세릴-2아이소스테아레이트, 1,2-헥산다이올, 폴리글리세릴-2다이폴리하이드록시스테아레이트, 코코-카프릴레이트/카프레이트, 카프릴릴글라이콜, 글리세릴카프릴레이트, 솔비탄아이소스테아레이트, 헥토라이트, 마그네슘설페이트, 부틸렌글라이콜, 토코페롤"
"A000000202343","[딘시] 프리미엄 비건 마일드 모이스트 선크림 SPF50+ PA++++ 50ml","딘시","50.0","50.0","ml","30000","15000","3000.0","정제수, 징크옥사이드, 사이클로헥사실록세인, 프로판다이올, 부틸옥틸살리실레이트, 프로필헵틸카프릴레이트, 메틸트라이메티콘, 카프릴릴메티콘, 폴리글리세릴-3폴리다이메틸실록시에틸다이메티콘, 메틸메타크릴레이트크로스폴리머, 나이아신아마이드, 다이실록세인, 스노우로투스추출물, 미역취추출물, 클로브싹추출물, 다시마추출물, 당느릅나무뿌리추출물, 별꽃추출물, 알로에베라잎추출물, 제비꽃꽃추출물, 참마뿌리추출물, 스피어민트추출물, 애플민트잎추출물, 워터민트추출물, 소듐하이알루로네이트, 하이드로제네이티드레시틴, 수용성콜라겐, 다이스테아다이모늄헥토라이트, 마그네슘설페이트, 트라이에톡시카프릴릴실레인, 1,2-헥산다이올, 폴리글리세릴-2다이폴리하이드록시스테아레이트, 폴리메틸실세스퀴옥세인, 라우릴폴리글리세릴-3폴리다이메틸실록시에틸다이메티콘, 부틸렌글라이콜, 글리세릴카프릴레이트, 카프릴릴글라이콜, 에틸헥실글리세린, 아데노신, 토코페롤, 글리세린, 옥타데케인, 락틱애씨드/글라이콜릭애씨드코폴리머, 폴리글리세릴-10스테아레이트, 락토바실러스발효물, 바이오사카라이드검-1, 소듐아스코빌포스페이트, 수크로오스, 토코페릴아세테이트, 판테놀, 효모발효여과물, 레티닐팔미테이트, 바이오틴, 사이아노코발아민, 잔탄검, 티아민에이치씨엘, 폴릭애씨드, 피리독신"
"A000000203069","[열&광노화 에이징케어] 이즈앤트리 어니언 프레쉬 플루이드 선크림 50ml","이즈앤트리","50.0","50.0","ml","24000","15900","3180.0","정제수, 다이부틸아디페이트, 에칠헥실트리아존, 테레프탈릴리덴디캠퍼설포닉애씨드, 부틸렌글라이콜, 프로판다이올, 실리카, 메틸프로판다이올, 나이아신아마이드, 트로메타민, 양파추출물(1,000 ppm), 소듐하이알루로네이트, 스핑고모나스발효추출물, 사과추출물, 카프릴릴메티콘, 디에칠아미노하이드록시벤조일헥실벤조에이트, 다이아이소프로필세바케이트, 라우릴락테이트, 폴리실리콘-15, 펜틸렌글라이콜, 폴리글리세릴-3다이스테아레이트, 1,2-헥산다이올, 비스-에칠헥실옥시페놀메톡시페닐트리아진, C12-15알킬벤조에이트, 다이메틸카프라마이드, 페네틸벤조에이트, 팔미틱애씨드, 스테아릭애씨드, C13-15알케인, 글리세릴스테아레이트, 하이드록시아세토페논, 폴리에터-1, 다이메티콘/비닐다이메티콘크로스폴리머, 소듐스테아로일글루타메이트, 글리세릴스테아레이트시트레이트, 아데노신, 마이크로크리스탈린셀룰로오스, 바이오사카라이드검-1, 폴리글리세릴-10미리스테이트, 소듐파이테이트, 셀룰로오스검, 에틸헥실글리세린, 알지닌, 소듐아스코빌포스페이트, 토코페롤, 글리세릴글루코사이드, 하이드롤라이즈드익스텐신, 글리세린, 카보머"
"A000000203342","에끌라두 UV 밀크 프로틴 선크림 40g 기획 (+수딩젤 40g)","에끌라두","40.0","80.0","g(약 1ml 상당으로 근사)","33000","26400","3300.0","[밀크 프로틴 선크림 ]
정제수, 에칠헥실메톡시신나메이트, 티타늄디옥사이드, 다이프로필렌글라이콜, 4-메칠벤질리덴캠퍼, C12-15알킬벤조에이트, 세틸에틸헥사노에이트, 비스-에칠헥실옥시페놀메톡시페닐트리아진, 쌀단백질추출물(19,240ppm), 귀리단백질추출물(15,600ppm), 우유단백질추출물(15,600ppm), 폴리솔베이트60, 세테아릴알코올, 세테아릴올리베이트, 글리세린, 글리세릴스테아레이트, 부틸렌글라이콜, 알로에베라잎추출물, 소듐하이알루로네이트, 알란토인, 토코페릴아세테이트, 데실렌글라이콜, 소듐폴리아크릴레이트, 하이드로제네이티드폴리데센, 트라이데세스-6, 펜틸렌글라이콜, 말토덱스트린, 솔비탄올리베이트, 솔비탄아이소스테아레이트, 라우레스-23, 1,2-헥산다이올, 센티드제라늄꽃오일, 알루미늄하이드록사이드, 스테아릭애씨드, 카프릴릴글라이콜, 카프릴하이드록사믹애씨드, 하이드록시에틸아크릴레이트/소듐아크릴로일다이메틸타우레이트코폴리머, 다이메티콘/비닐다이메티콘크로스폴리머, 다이메티콘, 시트로넬올, 제라니올

[클리니카 카밍 수딩젤]
정제수, 프로판다이올, 판테놀, 1,2-헥산다이올, 글리세린, 마데카소사이드(300ppm), 소듐하이알루로네이트 , 세라마이드엔피, 알로에베라잎추출물 , 부틸렌글라이콜, 병풀추출물 , 호장근뿌리추출물, 황금추출물, 녹차추출물, 스페인감초뿌리추출물, 마트리카리아꽃추출물, 로즈마리잎추출물, 알란토인, 카프릴릭/카프릭트라이글리세라이드, 하이드로제네이티드레시틴 , 글리세릴아크릴레이트/아크릴릭애씨드코폴리머, 피이지-60하이드로제네이티드캐스터오일 , 포타슘카보머, 에틸헥실글리세린, 말토덱스트린, 펜틸렌글라이콜 , 데실글루코사이드, 카프릴릴글라이콜, 센티드제라늄꽃오일, 제라니올, 시트로넬올"
"A000000203343","에끌라두 UV 콜라겐 5000 선크림 40g 기획 (+수딩젤 40g)","에끌라두","40.0","80.0","g(약 1ml 상당으로 근사)","","33000","4125.0","[콜라겐 5,000선크림]
정제수, 에칠헥실메톡시신나메이트, 4-메칠벤질리덴캠퍼, 다이프로필렌글라이콜, 티타늄디옥사이드, 세테아릴알코올, 사이클로펜타실록세인, 폴리솔베이트60, 사이클로헥사실록세인, 1,2-헥산다이올, 글리세릴스테아레이트, 비스-에칠헥실옥시페놀메톡시페닐트리아진, 하이드롤라이즈드콜라겐(5,000ppm), 탱자추출물, 녹차추출물, 비터오렌지꽃추출물, 소듐하이알루로네이트, 하이드록시프로필트라이모늄하이알루로네이트, 소듐아세틸레이티드하이알루로네이트, 하이드롤라이즈드하이알루로닉애씨드, 소듐하이알루로네이트크로스폴리머, 하이알루로닉애씨드, 포타슘하이알루로네이트, 부틸렌글라이콜, 알란토인, 판테놀, 다이포타슘글리시리제이트, 토코페릴아세테이트, 센티드제라늄꽃오일, 비즈왁스, C12-15알킬벤조에이트, 폴리아크릴아마이드, 알루미늄하이드록사이드, 세테아릴글루코사이드, 솔비탄세스퀴올리에이트, 스테아릭애씨드, C13-14아이소알케인, 라우레스-7, 에틸헥실글리세린, 클로페네신, 황색5호, 제라니올, 시트로넬올

[클리니카 카밍 수딩젤]
정제수, 프로판다이올, 판테놀, 1,2-헥산다이올, 글리세린, 마데카소사이드(300ppm), 소듐하이알루로네이트 , 세라마이드엔피, 알로에베라잎추출물 , 부틸렌글라이콜, 병풀추출물 , 호장근뿌리추출물, 황금추출물, 녹차추출물, 스페인감초뿌리추출물, 마트리카리아꽃추출물, 로즈마리잎추출물, 알란토인, 카프릴릭/카프릭트라이글리세라이드, 하이드로제네이티드레시틴 , 글리세릴아크릴레이트/아크릴릭애씨드코폴리머, 피이지-60하이드로제네이티드캐스터오일 , 포타슘카보머, 에틸헥실글리세린, 말토덱스트린, 펜틸렌글라이콜 , 데실글루코사이드, 카프릴릴글라이콜, 센티드제라늄꽃오일, 제라니올, 시트로넬올"
"A000000205630","[무기자차/반톤업] 에딧비 선데이 노세범 선크림 50ml [SPF50+ PA++++]","에딧비","50.0","50.0","ml","25000","12250","2450.0","정제수, 징크옥사이드, 사이클로헥사실록세인, 카프릴릴메티콘, 부틸렌글라이콜, 부틸옥틸살리실레이트, 프로필헵틸카프릴레이트, 메틸트라이메티콘, 폴리글리세릴-3폴리다이메틸실록시에틸다이메티콘, 나이아신아마이드, 메틸메타크릴레이트크로스폴리머, 다이스테아다이모늄헥토라이트, 마그네슘설페이트, 트라이에톡시카프릴릴실레인, 라우릴폴리글리세릴-3폴리다이메틸실록시에틸다이메티콘, 1,2-헥산다이올, 폴리글리세릴-2다이폴리하이드록시스테아레이트, 폴리메틸실세스퀴옥세인, 메틸프로판다이올, 향료, 글리세린, 글리세릴카프릴레이트, 카프릴릴글라이콜, 에틸헥실글리세린, 아데노신, 귀리커넬추출물, 아티초크잎추출물, 소듐하이알루로네이트, 폴리쿼터늄-51, 녹차수, 하이드로제네이티드레시틴, 베타-글루칸, 토코페롤, 달맞이꽃꽃추출물, 당느릅나무뿌리추출물, 대왕소나무잎추출물, 칡뿌리추출물, 판테놀, 프로판다이올, 동백나무꽃추출물"
"A000000205882","[씨프렌들리] 부쉬맨 워터프루프 프로 선크림 50g 기획 (+ 데일리 선크림 20ml)","부쉬맨","20.0","20.0","ml","25000","16900","8450.0","워터프루프 선크림: 정제수, 징크옥사이드, 다이부틸아디페이트, 프로필헵틸카프릴레이트, 사이클로헥사실록세인, 다이실록세인, 부틸렌글라이콜, 폴리글리세릴-5폴리리시놀리에이트, 나이아신아마이드, 메틸트라이메티콘, 카프릴릴메티콘, 다이스테아다이모늄헥토라이트, 디에칠아미노하이드록시벤조일헥실벤조에이트, 비스-에칠헥실옥시페놀메톡시페닐트리아진, 에칠헥실트리아존, 폴리메틸, 세스퀴옥세인, 광곽향오일, 연필향나무오일, 불가리스쑥오일, 페퍼민트오일, 드럼스틱씨추출물, 캐모마일꽃추출물, 쌀겨오일, 에키움 플란타기네움씨오일, 수염틸란드시아추출물, 병풀추출물, 풍선덩굴꽃/잎/덩굴추출물, 해바라기씨오일불검화물, 꿀풀추출물, 블래더랙추출물, 티타늄디옥사이드, 마그네슘설페이트, 트라이에톡시카프릴릴실레인, 1,2-헥산다이올, 칼슘알루미, 보로실리케이트, 폴리글리세릴-3폴리다이메틸실록시에틸다이메티콘, 비닐다이메티콘/메티콘실세스퀴옥세인크로스폴리머, 카프릴릴글라이콜, 글리세릴카프릴레이트, 합성플루오르플로고파이트, 에틸헥실글리세린, 아데노신, 바이오사카라이드검-1, 토코페롤, 마데카소사이드, 카르노신, 옥틸도데칸올, 판테놀, 말토덱스트린, 프로필렌글라이콜, 칼라민, 트로폴론

데일리 선크림: 정제수, 다이부틸아디페이트, 프로판다이올, 에칠헥실트리아존, 디에칠아미노하이드록시벤조일헥실벤조에이트, 비스-에칠헥실옥시페놀메톡시페닐트리아진, 카프릴릴메티콘, 코코-카프릴레이트/카프레이트, 폴리글리세릴-3다이스테아레이트, 폴리메틸실세스퀴옥세인, 1,2-헥산다이올, 테레프탈릴리덴디캠퍼설포닉애씨드, 트로메타민, 에틸헥실글리세린, 다이포타슘글리시리제이트, 폴리C10-30알킬아크릴레이트, 암모늄아크릴로일다이메틸타우레이트/브이피코폴리머, 글리세릴스테아레이트시트레이트, 포타슘세틸포스페이트, 아크릴레이트/C10-30알킬아크릴레이트크로스폴리머, 베헤닐알코올, 카보머, 암모늄폴리아크릴로일다이메틸타우레이트, 카나우바왁스, 소듐하이알루로네이트, 베타인, 판테놀, 하이알루로닉애씨드, 쌀겨왁스, 소듐아크릴레이트/소듐아크릴로일다이메틸타우레이트코폴리머, 하이드로제네이티드폴리(C6-14올레핀), 구아바잎추출물, t-부틸알코올, 제주조릿대추출물, 보검선인장줄기추출물, 라우릴글루코사이드, 당근추출물"
"A000000206182","더마비 에브리데이 선블록 200ml","더마비","200.0","200.0","ml","19000","17000","850.0","정제수, 호모살레이트, 에칠헥실살리실레이트, 부틸메톡시디벤조일메탄, 페닐벤즈이미다졸설포닉애씨드, 다이프로필렌글라이콜, 실리카, 아크릴레이트코폴리머, 세테아릴알코올, 세테아릴올리베이트, 글리세릴스테아레이트, 옥토크릴렌, 솔비탄올리베이트, 카프릴릴글라이콜, 폴리솔베이트60, 폴리아크릴레이트-13, 벤조트라이아졸릴도데실p-크레솔, 다이메티콘, 소듐하이드록사이드, 피이지-100스테아레이트, 향료, 솔비탄스테아레이트, 폴리아이소부텐, 에틸헥실글리세린, 토코페릴아세테이트, 1,2-헥산다이올, 다이소듐이디티에이, 판테놀, 부틸렌글라이콜, 폴리솔베이트20, 프로판다이올, 솔비탄아이소스테아레이트, 프로필렌글라이콜, 오이열매추출물, 펜틸렌글라이콜, 마데카소사이드, 데실글루코사이드, 하이알루로닉애씨드, 하이드롤라이즈드하이알루로닉애씨드, 소듐하이알루로네이트, 미리스토일/팔미토일옥소스테아라마이드/아라카마이드엠이에이, 보검선인장줄기추출물"
"A000000206221","라로제 대용량 클린 선크림 SPF 50+ PA++++ 150ml (워터프루프)","라로제","150.0","150.0","ml","","42000","2800.0","""정제수, 다이카프릴릴카보네이트, 디에칠아미노하이드록시벤조일헥실벤조에이트, 프로판다이올, 데실올리에이트, 코코-카프릴레이트/카프레이트,
비스-에칠헥실옥시페놀메톡시페닐트리아진, 페닐벤즈이미다졸설포닉애씨드, 살구씨오일, 에칠헥실트리아존, 락토바실러스발효물, 세테아릴글루코사이드,
락토바실러스, 포타슘세틸포스페이트, 트라이아콘타닐피브이피, 향료, 솔비탄올리베이트, 소듐하이드록사이드, 에틸헥실글리세린, 
코코넛야자열매추출물, 판테놀, 잔탄검,글리세린, 토코페롤, 해바라기씨오일, 세테아릴알코올, 귀리커넬추출물, 알로에베라잎즙가루, 
말토덱스트린, 시트릭애씨드, 하이드로제네이티드식물성글리세라이즈시트레이트"""
"A000000206224","로우퀘스트 베리어 인핸싱 선크림 50ml","로우퀘스트","50.0","50.0","ml","","25000","5000.0","정제수,징크옥사이드,사이클로헥사실록세인,카프릴릴메티콘,부틸렌글라이콜,부틸옥틸살리실레이트,프로필헵틸카프릴레이트,메틸트라이메티콘,폴리글리세릴-3폴리다이메틸실록시에틸다이메티콘,나이아신아마이드,메틸메타크릴레이트크로스폴리머,귀리커넬추출물,아티초크잎추출물,소듐하이알루로네이트,녹차수,하이드로제네이티드레시틴,다이스테아다이모늄헥토라이트,마그네슘설페이트,트라이에톡시카프릴릴실레인,판테놀,라우릴폴리글리세릴-3폴리다이메틸실록시에틸다이메티콘,1,2-헥산다이올,폴리글리세릴-2다이폴리하이드록시스테아레이트,폴리메틸실세스퀴옥세인,메틸프로판다이올,글리세린,글리세릴카프릴레이트,카프릴릴글라이콜,에틸헥실글리세린,아데노신,폴리쿼터늄-51,베타-글루칸,토코페롤,세라마이드엔피,시트릭애씨드"
"A000000206848","[혼합자차/피부온도-3.5도] 메디톡스 뉴라덤 인텐시브 선크림 50ml","뉴라덤","50.0","50.0","ml","","27000","5400.0","정제수, 다이프로필렌글라이콜, 다이부틸아디페이트, 페네틸벤조에이트, 티타늄디옥사이드 (CI 77891), 아이소노닐아이소노나노에이트, 코코-카프릴레이트/카프레이트, 디에칠아미노하이드록시벤조일헥실벤조에이트, 글리세린, 비스-에칠헥실옥시페놀메톡시페닐트리아진, 에칠헥실트리아존, 폴리메틸실세스퀴옥세인, 폴리실리콘-15, 테레프탈릴리덴디캠퍼설포닉애씨드, 1,2-헥산다이올, 폴리글리세릴-3메틸글루코오스다이스테아레이트, 포타슘세틸포스페이트, 폴리C10-30알킬아크릴레이트, 폴리하이드록시스테아릭애씨드, 실리카, 트로메타민, 소듐아크릴레이트크로스폴리머-2, 소듐폴리아크릴로일다이메틸타우레이트, 하이드록시에틸아크릴레이트/소듐아크릴로일다이메틸타우레이트코폴리머, 알루미늄하이드록사이드, 하이드록시아세토페논, 스테아릭애씨드, 폴리아크릴레이트크로스폴리머-6, 폴리글리세릴-2다이폴리하이드록시스테아레이트, 베헤닐알코올, 다이소듐이디티에이, 향료"
"A000000207685","[파데프리 무기자차] 아이레시피 마일드 시카 브라이트닝 업 선크림 50ml","아이레시피","50.0","50.0","ml","22000","16000","3200.0","정제수, 징크옥사이드, C12-15알킬벤조에이트, 카프릴릭/카프릭트라이글리세라이드, 2,3-부탄다이올, 티타늄디옥사이드, 부틸렌글라이콜, 폴리솔베이트60, 글리세린, 폴리글리세릴-6스테아레이트, 1,2-헥산다이올, 소듐아크릴레이트/소듐아크릴로일다이메틸타우레이트코폴리머, 합성플루오르플로고파이트, 다이카프릴릴에터, 다이카프릴릴카보네이트, 글리세릴스테아레이트, 폴리하이드록시스테아릭애씨드, 트라이에톡시카프릴릴실레인, 아이소헥사데칸, 소듐스테아로일글루타메이트, 실리카, 올레스-10, 다이메티콘, 폴리솔베이트80, 폴리글리세릴-6베헤네이트, 폴리아크릴레이트크로스폴리머-6, 하이드록시에틸아크릴레이트/소듐아크릴로일다이메틸타우레이트코폴리머 , 에틸헥실글리세린, 병풀추출물(1000ppm), 잔탄검, 판테놀, 토코페롤, 이디티에이, 프로판다이올, 소듐하이알루로네이트크로스폴리머, 하이드롤라이즈드글라이코사미노글리칸, 소듐하이알루로네이트, 벤질글라이콜, 하이드롤라이즈드하이알루로닉애씨드, 하이알루로닉애씨드, 향료"
"A000000207845","[단독기획] 믹순 병풀 선크림 50g 기획 (+5ml*2 추가 증정)","믹순","5.0","5.0","ml","","25000","50000.0","정제수, 다이부틸아디페이트, 메틸프로판다이올, 변성알코올, 테레프탈릴리덴디캠퍼설포닉애씨드, 1,2-헥산다이올, 에칠헥실트리아존, 글리세린, 폴리실리콘-15, 트로메타민, 폴리글리세릴-3다이스테아레이트, 카프릴릴메티콘, 세테아릴알코올, 디에칠아미노하이드록시벤조일헥실벤조에이트, 다이프로필렌글라이콜, 폴리메틸실세스퀴옥세인, 팔미틱애씨드, 스테아릭애씨드, 비스-에칠헥실옥시페놀메톡시페닐트리아진, 글리세릴스테아레이트, 포타슘세틸포스페이트, 폴리에터-1, 카보머, 암모늄아크릴로일다이메틸타우레이트/브이피코폴리머, 글리세릴스테아레이트시트레이트, 아크릴레이트/C10-30알킬아크릴레이트크로스폴리머, 라벤더오일, 병풀추출물 (970 ppm), 리날룰, 에틸헥실글리세린, 제라니올"
"A000000208105","[수분] AHC 마스터즈 멜라프로텍트 워터풀 선크림 40ml","AHC","40.0","40.0","ml","28000","13900","3475.0","정제수, 다이부틸아디페이트, 부틸렌글라이콜, 부틸옥틸살리실레이트, 디에칠아미노하이드록시벤조일헥실벤조에이트, 변성알코올, 에칠헥실트리아존, 나이아신아마이드, 메칠렌비스-벤조트리아졸릴테트라메칠부틸페놀, 폴리글리세릴-3메틸글루코오스다이스테아레이트, 디에칠헥실부타미도트리아존, 1,2-헥산다이올, 펜틸렌글라이콜, 카프릴릴메티콘, 폴리메틸실세스퀴옥세인, 폴리C10-30알킬아크릴레이트, 티타늄디옥사이드, 세테아릴알코올, 다이메티콘/비닐다이메티콘크로스폴리머, 데실글루코사이드, 다이메티콘올, 트라이실록세인, 트로메타민, 메틸프로판다이올, 코코-카프릴레이트/카프레이트, 향료, 아크릴레이트/C10-30알킬아크릴레이트크로스폴리머, 스핑고모나스발효추출물, 소듐스테아로일글루타메이트, 에틸헥실글리세린, 카보머, 폴리하이드록시스테아릭애씨드, 폴리아크릴레이트크로스폴리머-6, 아데노신, 말토덱스트린, 글리세린, 알루미늄하이드록사이드, 트라이에톡시카프릴릴실레인, 석류씨세포배양용해물, 잔탄검, 폴리에터-1, 콜라겐, 프로판다이올, 마트리카리아꽃오일, 바이오사카라이드검-1, 토코페롤, 포타슘솔베이트, 다시마추출물, 당느릅나무뿌리추출물, 알로에베라잎추출물, 제비꽃꽃추출물, 참마뿌리추출물, 마트리카리아꽃/잎추출물, 병풀추출물, 덱스트린팔미테이트, 아이소프로필티타늄트라이아이소스테아레이트, 카프릴릴글라이콜"
"A000000208192","[비건 무기자차] 아이레시피 마일드 히알루로닉 모이스트 업 선밀크 50ml","아이레시피","50.0","50.0","ml","","24000","4800.0","징크옥사이드, 블루아가베잎추출물, C12-15알킬벤조에이트, 카프릴릭/카프릭트라이글리세라이드, 운데케인, 글리세린, 트라이데케인, 정제수, 티타늄디옥사이드, 폴리글리세릴-2다이폴리하이드록시스테아레이트, 다이카프릴릴카보네이트, 폴리글리세릴-4아이소스테아레이트, 1,2-헥산다이올, 실리카, 폴리하이드록시스테아릭애씨드, 소듐클로라이드, 덱스트린팔미테이트, 트라이에톡시카프릴릴실레인, 부틸렌글라이콜, 솔비탄세스퀴올리에이트, 글리세릴스테아레이트, 다이아이소스테아릴말레이트, 다이메티콘, 폴리솔베이트60, 올레스-10, 2,3-부탄다이올, 에틸헥실글리세린, 프로판다이올, *소듐하이알루로네이트크로스폴리머, 다이소듐이디티에이, 락토바실러스발효물, *하이드롤라이즈드글라이코사미노글리칸, *소듐하이알루로네이트, 벤질글라이콜, *하이드롤라이즈드하이알루로닉애씨드, *하이알루로닉애씨드, 향료 (*히알루로닉 성분 1200ppm)"
"A000000208714","에끌라두 UV 톤업 커버 선크림 SPF50+/PA++++ 70g","에끌라두","70.0","70.0","g(약 1ml 상당으로 근사)","36000","19000","2714.3","정제수, 사이클로헥사실록세인, 징크옥사이드, 부틸렌글라이콜, 카프릴릴메치콘, 티타늄디옥사이드, 다이부틸아디페이트, 나이아신아마이드, 폴리글리세릴-3폴리다이메틸실록시에틸다이메티콘, 소듐클로라이드, 폴리메틸실세스퀴옥세인, 트라이에톡시카프릴릴실레인, 다이스테아다이모늄헥토라이트, C30-45알킬세테아릴다이메티콘크로스폴리머, 알루미늄하이드록사이드, 폴리하이드록시스테아릭애씨드, 스테아릭애씨드, 클로페네신, 프로필렌카보네이트, 에틸헥실글리세린, 오렌지껍질오일, 아데노신, 황색산화철, 다이소듐이디티에이, 적색산화철, 유칼립투스잎오일, 라벤더오일, 라반딘오일, 로즈마리잎오일, 티트리잎오일, 콘민트오일, 육두구커넬오일, 병풀추출물, 토코페롤, 1,2-헥산다이올, 황금추출물, 호장근뿌리추출물, 바이오사카라이드검-4, 녹차추출물, 스페인감초뿌리추출물, 마트리카리아꽃추출물"
"A000000210013","[수분진정] 조선미녀 맑은쌀 선크림 아쿠아프레쉬 50ml","조선미녀","50.0","50.0","ml","","18000","3600.0","정제수, 쌀수(30.07 %), 다이부틸아디페이트, 부틸옥틸살리실레이트, 에칠헥실트리아존, 드로메트리졸트리실록산, 폴리글리세릴-3다이스테아레이트, 테레프탈릴리덴디캠퍼설포닉애씨드, 디에칠아미노하이드록시벤조일헥실벤조에이트, 폴리메틸실세스퀴옥세인, 트로메타민, 1,2-헥산다이올, 판테놀, 펜틸렌글라이콜, 글리세릴스테아레이트, 실리카, 카프릴릴메티콘, 비스-에칠헥실옥시페놀메톡시페닐트리아진, 프로판다이올, 포타슘세틸포스페이트, 폴리C10-30알킬아크릴레이트, 메틸프로판다이올, 카보머, 아크릴레이트/C10-30알킬아크릴레이트크로스폴리머, 에틸헥실글리세린, 잔탄검, 글리세린, 폴리에터-1, 귀리커넬추출물, 아티초크잎추출물, 폴리쿼터늄-51, 녹차수, 하이드로제네이티드레시틴, 베타-글루칸, 바이오사카라이드검-1, 이노시톨, 토코페롤, 페룰릭애씨드, 쌀겨오일(0.17 ppm), 시트릭애씨드, 세라마이드엔피, 피토스핑고신, 소듐하이알루로네이트, 쌀아미노산(1 ppb), 벼에스에이치-올리고펩타이드-1"
"A000000210604","[UV에이징]아누아 복숭아 나이아신 UV 톤업 프로텍션 50ml","아누아","50.0","50.0","ml","","27000","5400.0","정제수, 다이부틸아디페이트, 부틸옥틸살리실레이트, 글리세린, 비스-에칠헥실옥시페놀메톡시페닐트리아진, 디에칠아미노하이드록시벤조일헥실벤조에이트, 에칠헥실트리아존, 페네틸벤조에이트, 폴리실리콘-15, 프로판다이올, 변성알코올, 티타늄디옥사이드 (CI 77891), 에틸헥실팔미테이트, 나이아신아마이드(20,000ppm), 폴리글리세릴-3메틸글루코오스다이스테아레이트, 메칠렌비스-벤조트리아졸릴테트라메칠부틸페놀, 1,2-헥산다이올, 스핑고모나스발효추출물, 복숭아수(1,056ppm), 락토바실러스발효물, 수박추출물, 자몽추출물, 복숭아추출물, 석류추출물, 사과추출물, 복사나무꽃추출물, 소듐하이알루로네이트, 하이알루로닉애씨드, 펜틸렌글라이콜, 실리카, 아이소도데케인, 옥틸도데칸올, 글리세릴 스테아레이트, 포타슘세틸포스페이트, 세테아릴올리베 이트, 폴리C10-30알킬아크릴레이트, 폴리아크릴레이 트크로스폴리머-6, 마이크로크리스탈린셀룰로오스, 글리세릴카프릴레이트, 솔비탄올리베이트, 폴리글리세릴 -4아이소스테아레이트, 데실글루코사이드, 소듐아크릴 레이트/소듐아크릴로일다이메틸타우레이트코폴리머, 아이소프로필티타늄트라이아이소스테아레이트, 알루미늄하이드록사이드, 폴리아이소부텐, 팔미틱애씨드, 하이드로제네이티드레시틴, 셀룰로오스검, 트라이소듐에틸렌다이아민다이석시네이트, 카프릴릴/카프릴글루코사이드, 솔비탄올리에이트, 부틸렌글라이콜, 사이아노코발아민, 에틸헥실글리세린, 아스코빅애씨드, 리놀레닉애씨드, C12-16알코올, 잔탄검, 향료, 황색산화철 (CI 77492), 적색산화철 (CI 77491)"
"A000000210838","Te 하양 35 지성용 데일리 무기자차 선크림 50g","Te’","50.0","50.0","g(약 1ml 상당으로 근사)","36000","27000","5400.0","효모/자일리눔/홍차발효물, 징크옥사이드(CI 77947), 아이소노닐아이소노나노에이트, 티타늄디옥사이드(CI 77891), 부틸옥틸살리실레이트, 카프릴릴메티콘, 사이클로헥사실록세인, 부틸렌글라이콜, 아크릴레이트코폴리머, 헥실라우레이트, 글리세린, 다이페닐실록시페닐트라이메티콘, 트라이메틸실록시실리케이트, 폴리글리세릴-3폴리다이메틸실록시에틸다이메티콘, 다이카프릴릴카보네이트, 실리카, 1,2-헥산다이올, 폴리하이드록시스테아릭애씨드, 폴리글리세릴-6폴리하이드록시스테아레이트, 클로렐라 불가리스추출물, 버지니아풍년화잎추출물, 두송열매추출물, 레몬밤잎추출물, 살비아잎추출물, 비누풀잎추출물, 겨우살이잎추출물, 다이메티콘크로스폴리머, 마그네슘설페이트, 폴리메틸실세스퀴옥세인, 폴리글리세릴-4아이소스테아레이트, 폴리글리세릴-3폴리리시놀리에이트, 다이스테아다이모늄헥토라이트, 정제수, 솔비탄올리베이트, 트라이에톡시카 프릴릴실레인, 솔비탄아이소스테아레이트, 비닐다이메티콘/메티콘실세스퀴옥세인크로스폴리머, 라우릴폴리글리세릴-3폴리다이메틸실록시에틸다이메티콘, 알루미늄하이드록사이드, 스테아릭애씨드, 폴리글리세릴-2다이폴리하이드록시스테아레이트, 폴리글리세릴-6폴리리시놀리에이트, 글루코오스, 프룩토올리고사카라이드, 프룩토오스, 아이소도데케인, 옥틸도데칸올, 칸데릴라왁스, 폴리글리세린-6, 트라이소듐에틸렌다이아민다이석시네이트, 스테아로일이눌린, 아이소프로필티타늄트라이아이소스테아레이트, 토코페롤, 에틸헥실글리세린, 아스코빌팔미테이트, 황색산화철(CI 77492), 적색산화철(CI 77491)"
"A000000210840","Te 하양 35 건성용 데일리 무기자차 선크림 50g","Te’","50.0","50.0","g(약 1ml 상당으로 근사)","36000","27000","5400.0","효모/자일리눔/홍차발효물, 징크옥사이드(CI 77947), 아이소노닐아이소노나노에이트, 티타늄디옥사이드(CI 77891), 부틸옥틸살리실레이트, 프로필헵틸카프릴레이트, 아이소트라이데실아이소노나노에이트, 트라이메틸실록시실리케이트, 폴리메틸실세스퀴옥세인, 실리카, 폴리글리세릴-3폴리다이메틸실록시에틸다이메티콘, 다이페닐실록시페닐트라이메티콘, 글리세린, 아이소도데케인, 폴리글리세릴-4올리에이트, 폴리하이드록시스테아릭애씨드, 폴리글리세릴-6폴리하이드록시스테아레이트, 몰로키아잎추출물, 오크라열매추출물, 카룸 페트로셀리눔추출물, 카프릴릴메티콘, 다이스테아다이모늄헥토라이트, 1,2-헥산다이올, 마그네슘설페이트, 트라이에톡시카프릴릴실레인, 알루미늄하이드록사이드, 스테아릭애씨드, 정제수, 폴리글리세릴-3폴리리시놀리에이트, 폴리글리세릴-6폴리리시놀리에이트, 옥틸도데칸올, 폴리글리세릴-2다이폴리하이드록시스테아레이트, 하이드록시아세토페논, 폴리글리세릴-4아이소스테아레이트, 아이소프로필티타늄트라이아이소스테아레이트, 폴리글리세린-6, 트라이소듐에틸렌다이아민다이석시네이트, 부틸렌글라이콜, 토코페롤, 아스코빌팔미테이트, 황색산화철(CI 77492), 적색산화철(CI 77491)"
"A000000210869","제이준 히알루론산 하이드레이팅 선크림 50ml","제이준","50.0","50.0","ml","","20000","4000.0","정제수, 에칠헥실메톡시신나메이트, 호모살레이트, 비스-에칠헥실옥시페놀메톡시페닐트리아진, 프로판다이올, 부틸옥틸살리실레이트, 에칠헥실살리실레이트, 알루미늄전분옥테닐석시네이트, 나이아신아마이드, 글리세릴스테아레이트, 피이지-100스테아레이트, 솔비탄세스퀴올리에이트, 카보머, 아크릴레이트/C10-30알킬아크릴레이트크로스폴리머, 판테놀, 녹차추출물, 약모밀추출물, 포타슘하이드록사이드, 다이프로필렌글라이콜, 부틸렌글라이콜, 1,2-헥산다이올, 아데노신, 다이소듐이디티에이, 에틸헥실글리세린, 토코페릴아세테이트, 폴리글리세릴-10미리스테이트, 하이드로제네이티드레시틴, 글리세린, 세라마이드엔피, 세틸에틸헥사노에이트, 병풀추출물, 콜레스테롤, 마카다미아씨오일, 로즈오브예리코추출물, 스쿠알란, 스테아릭애씨드, 토코페롤, 올레익애씨드, 에틸헥실팔미테이트, 유채스테롤, 카프릴릭/카프릭트라이글리세라이드, 미나리추출물, 소듐하이알루로네이트(1,000 ppb), 아시아티코사이드, 아시아틱애씨드, 쑥추출물, 마데카소사이드, 마데카식애씨드, 하이드롤라이즈드하이알루로닉애씨드(90 ppb), 하이드록시프로필트라이모늄하이알루로네이트(90 ppb), 하이드롤라이즈드소듐하이알루로네이트(90 ppb), 하이알루로닉애씨드(90 ppb), 포타슘하이알루로네이트(90 ppb), 펜틸렌글라이콜, 소듐하이알루로네이트크로스폴리머(18 ppb), 소듐아세틸레이티드하이알루로네이트(9 ppb), 페녹시에탄올, 향료"
"A000000211954","[딘시] 프리미엄 비건 액티비티 선크림 SPF50+ PA++++ 50ml","딘시","50.0","50.0","ml","","30000","6000.0","정제수,다이부틸아디페이트,프로판다이올,디에칠아미노하이드록시벤조일헥실벤조에이트,폴리메틸실세스퀴옥세인,에칠헥실트리아존,나이아신아마이드,메칠렌비스-벤조트리아졸릴테트라메칠부틸페놀,코코-카프릴레이트/카프레이트,카프릴릴메티콘,디에칠헥실부타미도트리아존,글리세린,부틸렌글라이콜,1,2-헥산다이올,비타민나무열매추출물,당근추출물,로즈힙열매추출물,사과추출물,케이프알로에잎추출물,사철쑥추출물,살구즙,하이드로제네이티드레시틴,펜틸렌글라이콜,베헤닐알코올,폴리C10-30알킬아크릴레이트,폴리글리세릴-3메틸글루코오스다이스테아레이트,데실글루코사이드,트로메타민,카보머,아크릴레이트/C10-30알킬아크릴레이트크로스폴리머,소듐스테아로일글루타메이트,폴리아크릴레이트크로스폴리머-6,에틸헥실글리세린,아데노신,잔탄검,토코페롤,아스코빅애씨드,드럼스틱씨오일,세라마이드엔피,피토스핑고신,향료"
"A000000212238","BRTC 마일드 선크림 50ml 기획 (+20ml)","비알티씨","50.0","70.0","ml","","28000","4000.0","정제수, 다이부틸아디페이트, 프로판다이올, 에칠헥실트리아존, 테레프탈릴리덴디캠퍼설포닉애씨드, 폴리글리세릴-3다이스테아레이트, 글리세린, 나이아신아마이드, 트로메타민, 1,2-헥산다이올, 펜틸렌글라이콜, 디에칠아미노하이드록시벤조일헥실벤조에이트, 세테아릴알코올, 카프릴릴메티콘, 폴리메틸실세스퀴옥세인, 폴리실리콘-15, 병풀추출물, 약모밀추출물, 오렌지껍질오일, 팔마로사오일, 소듐하이알루로네이트, 다마스크장미꽃오일, 팔미틱애씨드, 스테아릭애씨드, 글리세릴스테아레이트, 비스-에칠헥실옥시페놀메톡시페닐트리아진, 포타슘세틸포스페이트, 메틸프로판다이올, 암모늄아크릴로일다이메틸타우레이트/브이피코폴리머, 글리세릴스테아레이트시트레이트, 폴리아크릴레이트크로스폴리머-6, 에틸헥실글리세린, 아데노신, 폴리에터-1, 미리스틱애씨드, t-부틸알코올, 바이오사카라이드검-1, 마데카소사이드, 에리스리톨, 엑토인, 토코페롤, 자일리틸글루코사이드, 안하이드로자일리톨, 부틸렌글라이콜, 자일리톨, 리놀레닉애씨드, 글루코오스, 마데카식애씨드, 아시아티코사이드, 아시아틱애씨드, 리모넨, 제라니올"
"A000000213124","파이코어 디퍼런씨 블루바이옴 리페어 선크림 40ml","파이코어","40.0","40.0","ml","","26000","6500.0","정제수, C12-15알킬벤조에이트, 부틸렌글라이콜, 코코-카프릴레이트/카프레이트, 디에칠아미노하이드록시벤조일헥실벤조에이트, 티타늄디옥사이드, 에칠헥실트리아존, 나이아신아마이드, 1,2-헥산다이올, 에칠헥실살리실레이트, 사이클로헥사실록세인, 세테아릴알코올, 디에칠헥실부타미도트리아존, 글리세린, 페닐트라이메티콘, 마이크로코쿠스발효용해물, 슈도알테로모나스발효추출물, 톳추출물, 팔미토일에스에이치-트라이펩타이드-4아마이드, 하이드롤라이즈드글라이코사미노글리칸, 소듐하이알루로네이트, 소듐하이알루로네이트크로스폴리머, 하이드롤라이즈드하이알루로닉애씨드, 하이드록시프로필트라이모늄하이알루로네이트, 하이알루로닉애씨드, 소듐아세틸레이티드하이알루로네이트, 글리세릴스테아레이트, 호호바에스터, 폴리메틸실세스퀴옥세인, 알루미나, 알루미늄스테아레이트, 폴리아크릴레이트-13, 하이드록시에틸아크릴레이트/소듐아크릴로일다이메틸타우레이트코폴리머, 폴리하이드록시스테아릭애씨드, 소듐스테아로일글루타메이트, 해바라기씨왁스, 스핑고모나스발효추출물, 폴리아이소부텐, 에틸헥실글리세린, 솔비탄아이소스테아레이트, 아데노신, 폴리솔베이트20, 폴리솔베이트60, 알란토인, 폴리글리세린-3, 프로판다이올, 벤질글라이콜, 다이소듐이디티에이, 향료"
"A000000215375","[촉촉워터핏/이지워시] 톤핏선 비건 수분 선크림 50ml SPF50+ PA++++","톤핏선","50.0","50.0","ml","24000","16800","3360.0","정제수, 다이부틸아디페이트, 프로판다이올, 변성알코올, 부틸옥틸살리실레이트, 에칠헥실트리아존, 테레프탈릴리덴디캠퍼설포닉애씨드, 나이아신아마이드, 실리카, 폴리글리세릴-3다이스테아레이트, 트로메타민, 1,2-헥산다이올, 펜틸렌글라이콜, 디에칠아미노하이드록시벤조일헥실벤조에이트, 세테아릴알코올, 카프릴릴메티콘, 폴리실리콘-15, 소나무잎추출물, 팔미틱애씨드, 글리세릴스테아레이트, 비스-에틸헥실옥시페놀메톡시페닐트라이아진, 포타슘세틸포스페이트, 폴리메틸실세스퀴옥세인, 스테아릭애씨드, 메틸프로판다이올, 암모늄아크릴로일다이메틸타우레이트/브이피코폴 리머, 암모늄폴리아크릴로일다이메틸타우레이트, 글리세릴스테아레이트시트레이트, 카보머, 아데노신, 아크릴레이트/C10-30알킬아크릴레이트크로스폴리머, 폴리에터-1, t-부틸알코올, 미리스틱애씨드, 바이오사카라이드검-1, 토코페롤, 부틸렌글라이콜, 에틸헥실글리세린"
"A000000216666","제이준 히알루론산 하이드레이팅 선크림 50ml 1+1 더블기획 (50ml+50ml)","제이준","50.0","150.0","ml","","20000","1333.3","정제수, 에칠헥실메톡시신나메이트, 호모살레이트, 비스-에칠헥실옥시페놀메톡시페닐트리아진, 프로판다이올, 부틸옥틸살리실레이트, 에칠헥실살리실레이트, 알루미늄전분옥테닐석시네이트, 나이아신아마이드, 글리세릴스테아레이트, 피이지-100스테아레이트, 솔비탄세스퀴올리에이트, 카보머, 아크릴레이트/C10-30알킬아크릴레이트크로스폴리머, 판테놀, 녹차추출물, 약모밀추출물, 포타슘하이드록사이드, 다이프로필렌글라이콜, 부틸렌글라이콜, 1,2-헥산다이올, 아데노신, 다이소듐이디티에이, 에틸헥실글리세린, 토코페릴아세테이트, 폴리글리세릴-10미리스테이트, 하이드로제네이티드레시틴, 글리세린, 세라마이드엔피, 세틸에틸헥사노에이트, 병풀추출물, 콜레스테롤, 마카다미아씨오일, 로즈오브예리코추출물, 스쿠알란, 스테아릭애씨드, 토코페롤, 올레익애씨드, 에틸헥실팔미테이트, 유채스테롤, 카프릴릭/카프릭트라이글리세라이드, 미나리추출물, 소듐하이알루로네이트(1,000 ppb), 아시아티코사이드, 아시아틱애씨드, 쑥추출물, 마데카소사이드, 마데카식애씨드, 하이드롤라이즈드하이알루로닉애씨드(90 ppb), 하이드록시프로필트라이모늄하이알루로네이트(90 ppb), 하이드롤라이즈드소듐하이알루로네이트(90 ppb), 하이알루로닉애씨드(90 ppb), 포타슘하이알루로네이트(90 ppb), 펜틸렌글라이콜, 소듐하이알루로네이트크로스폴리머(18 ppb), 소듐아세틸레이티드하이알루로네이트(9 ppb), 페녹시에탄올, 향료"
"A000000217289","라로슈포제 시카플라스트 리페어 선크림 40ml","라로슈포제","40.0","40.0","ml","35000","28000","7000.0","정제수 글리세린 판테놀 아이소프로필팔미테이트 C12-15알킬벤조에이트 비스-에칠헥실옥시페놀메톡시페닐트리아진 에칠헥실트리아존 부틸메톡시디벤조일메탄 아이소프로필미리스테이트 변성알코올 다이메티콘 디에칠아미노하이드록시벤조일헥실벤조에이트 페닐벤즈이미다졸설포닉애씨드 펜틸렌글라이콜 트로메타민 포타슘세틸포스페이트 실리카 합성왁스 부틸렌글라이콜 병풀잎추출물 야콘뿌리즙 스테아릭애씨드 스테아릴알코올 징크글루코네이트 글리세릴스테아레이트 마데카소사이드 트라이에탄올아민 테레프탈릴리덴디캠퍼설포닉애씨드 망가니즈글루코네이트 피이지-100스테아레이트 알파-글루칸올리고사카라이드 미리스틱애씨드 2-올레아미도-1,3-옥타데칸다이올 팔미틱애씨드 만노오스 암모늄폴리아크릴로일다이메틸타우레이트 아이소프로필라우로일사코시네이트 하이드록시프로필메틸셀룰로오스 카프릴릴글라이콜 비트레오스실라발효물 시트릭애씨드 트라이소듐에틸렌다이아민다이석시네이트 락토바실러스 말토덱스트린 잔탄검 토코페롤 페녹시에탄올"
"A000000218303","알리 크로노 뷰티 젤 UV EXP 선크림 90g","알리","90.0","90.0","g(약 1ml 상당으로 근사)","","29000","3222.2","정제수,징크옥사이드,에탄올,다이아이소프로필세바케이트,아이소노닐아이소노나노에이트,C12-15알킬벤조에이트,에칠헥실트리아존,글리세린,다이메티콘,드로메트리졸트리실록산,소듐아크릴레이트/소듐아크릴로일다이메틸타우레 이트코폴리머,비스-에칠헥실옥시페놀메톡시페닐트리아진,부틸렌글라이콜,아이소헥사데칸,트라이에톡시카프릴릴실레인,폴리C10-30알킬아크릴레이트,아크릴레이트/폴리트라이메틸실록시메타크릴레이트코폴리머,피이지-400,폴리솔베이트80,C30-45알킬메티콘,잔탄검,C30-45올레핀,솔비탄올리에이트,폴리실리콘-9,다이소듐이디티에이,소듐하이알루로네이트"
"A000000218316","[메이크업UV] 알리 크로노 뷰티 래스팅 프라이머 유브이 25g","알리","25.0","25.0","g(약 1ml 상당으로 근사)","25000","20000","8000.0","정제수,에탄올,징크옥사이드,다이아이소프로필세바케이트,C12-15알킬벤조에이트,드로메트리졸트리실록산,에칠헥실트리아존,글리세린,베헤닐알코올,네오펜틸글라이콜다이카프레이트,디에칠아미노하이드록시벤조일헥실벤조에이트,하이드로제네이티드레시틴,알루미나,다이메티콘,소듐아크릴레이트/소듐아크릴로일다이메틸타우레이트코폴리머,마이카,비스-에칠헥실옥시페놀메톡시페닐트리아진,부틸렌글라이콜,아이소헥사데칸,아크릴레이트/폴리트라이메틸실록시메타크릴레이트코폴리머,트라이에톡시카프릴릴실레인,실리카,폴리솔베이트80,잔탄검,향료,아이소프로필티타늄트라이아이소스테아레이트,다이소듐이디티에이,소듐라우로일아스파테이트,틴옥사이드,징크클로라이드,소듐하이알루로네이트,적색504호,황색5호,티타늄디옥사이드,리날룰,리모넨"
"A000000218830","[땀.물.마찰에강한UV] 알리 크로노 뷰티 젤 유브이 EXP 선크림 40g","알리","40.0","40.0","g(약 1ml 상당으로 근사)","","15000","3750.0","정제수,징크옥사이드,에탄올,다이아이소프로필세바케이트,아이소노닐아이소노나노에이트,C12-15알킬벤조에이트,에칠헥실트리아존,글리세린,다이메티콘,드로메트리졸트리실록산,소듐아크릴레이트/소듐아크릴로일다이메틸타우레이트코폴리머,비스-에칠헥실옥시페놀메톡시페닐트리아진,부틸렌글라이콜,아이소헥사데칸,트라이에톡시카프릴릴실레인,폴리C10-30알킬아크릴레이트,아크릴레이트/폴리트라이메틸실록시메타크릴레이트코폴리머,피이지-400,폴리솔베이트80,C30-45알킬메티콘,잔탄검,C30-45올레핀,솔비탄올리에이트,폴리실리콘-9,다이소듐이디티에이,소듐하이알루로네이트"
"A000000218955","[화잘먹/1+1] 비플레인 녹두 쿨링 수분 선크림 50ml 1+1 기획","비플레인","50.0","100.0","ml","25000","22500","2250.0","정제수, 다이부틸아디페이트, 프로판다이올, 부틸옥틸살리실레이트, 에칠헥실트리아존, 나이아신아마이드, 카프릴릴메티콘, 드로메트리졸트리실록산, 테레프탈릴리덴디캠퍼설포닉애씨드, 폴리글리세릴-3다이스테아레이트, 1,2-헥산다이올, 디에칠아미노하이드록시벤조일헥실벤조에이트, 트로메타민, 펜틸렌글라이콜, 세테아릴알코올, 폴리메틸실세스퀴옥세인, 비스-에칠헥실옥시페놀메톡시페닐트리아진, 글리세릴스테아레이트, 포타슘세틸포스페이트, 폴리C10-30알킬아크릴레이트, 메틸프로판다이올, 카보머, 폴리글리세릴-3메틸글루코오스다이스테아레이트, 메틸다이아이소프로필프로피온아마이드, 에틸헥실글리세린, 글리세릴스테아레이트시트레이트, 암모늄아크릴로일다이메틸타우레이트/브이피코폴리머, 아크릴레이트/C10-30알킬아크릴레이트크로스폴리머, 아데노신, 폴리에터-1, 크로뮴옥사이드그린, 폴리글리세릴-3폴리다이메틸실록시에틸다이메티콘, 프로필헵틸카프릴레이트, 하이드롤라이즈드하이알루로닉애씨드, 트라이에톡시카프릴릴실레인, 바이오사카라이드검-1, 부틸렌글라이콜, 토코페롤, 글리세린, 녹두씨추출물, 다시마추출물, 녹두추출물, 알로에베라잎추출물, 참마뿌리추출물, 당느릅나무뿌리추출물, 제비꽃꽃추출물, 녹두싹추출물"
"A000000219091","에스트라 더마UV365 비타C 광채수분 선크림 40ml","에스트라","40.0","40.0","ml","31000","24800","6200.0","정제수, 비스-에칠헥실옥시페놀메톡시페닐트리아진, 다이부틸아디페이트, 다이에틸헥실석시네이트, 에칠헥실트리아존, 디에칠아미노하이드록시벤조일헥실벤조에이트, 프로판다이올, 폴리실리콘-15, 나이아신아마이드, 1,2-헥산다이올, 실리카, 페닐트라이메티콘, 베헤닐알코올, 글리세릴스테아레이트에스이, 아크릴레이트/C10-30알킬아크릴레이트크로스폴리머, 트로메타민, 알란토인, 소듐메틸스테아로일타우레이트, 암모늄폴리아크릴로일다이메틸타우레이트, 폴리글리세릴-3메틸글루코오스다이스테아레이트, 글리세릴카프릴레이트, 에틸헥실글리세린, 아데노신, 소듐메타포스페이트, 아스코빌테트라이소팔미테이트, 세라마이드엔피, 하이드롤라이즈드하이알루로닉애씨드, 토코페롤"
"A000000219093","[무기자/저자극] 에뛰드 순정 디렉터 무기자차 선크림 50ml 1+1기획(NEW)","에뛰드","50.0","100.0","ml","","25000","2500.0","정제수, 징크옥사이드, C12-15알킬벤조에이트, 프로판다이올, 티타늄디옥사이드, 나이아신아마이드, 부틸옥틸살리실레이트, 다이에틸헥실2,6-나프탈레이트, 아이소노닐아이소노나노에이트, 카프릴릴메티콘, 다이부틸아디페이트, 1,2-헥산다이올, 펜틸렌글라이콜, 글리세린, 트라이에톡시카프릴릴실레인, 폴리하이드록시스테아릭애씨드, 다이메티콘/비닐다이메티콘크로스폴리머, 옥틸도데칸올, 소듐폴리아크릴로일다이메틸타우레이트, 브이피/에이코신코폴리머, 알루미늄하이드록사이드, 이눌린라우릴카바메이트, 스테아릭애씨드, 폴리C10-30알킬아크릴레이트, 폴리아크릴레이트크로스폴리머-6, 소듐아크릴레이트/소듐아크릴로일다이메틸타우레이트코폴리머, 폴리쿼터늄-51, 하이드록시프로필메틸셀룰로오스스테아록시에터, 시트릭애씨드, 폴리아이소부텐, 펜타에리스리틸테트라-다이-T-부틸하이드록시하이드로신나메이트, 에틸헥실글리세린, 소듐스테아로일글루타메이트, 마이크로크리스탈린셀룰로오스, 잔탄검, 다이메티콘올, 트라이실록세인, 구아이아줄렌, 폴리글리세릴-6폴리리시놀리에이트, 폴리글리세릴-6폴리하이드록시스테아레이트, 아데노신, 실리카, 에키움 플란타기네움씨오일, 셀룰로오스검, 부틸렌글라이콜, 해바라기씨오일불검화물, 카프릴릴/카프릴글루코사이드, 솔비탄올리에이트, 폴리글리세린-6, 풍선덩굴꽃/잎/덩굴추출물, 토코페롤, 레스베라트롤, 카르노신, 베타-시토스테롤, 피토스테롤, 서양송악추출물, 소듐하이알루로네이트, 마트리카리아추출물, 피버퓨추출물, 글라이신, 알지닌, 글루타믹애씨드"
"A000000219115","에르쯔틴 에어리 토닝 선크림 60ml","에르쯔틴","60.0","60.0","ml","","38000","6333.3","정제수, 프로필헵틸카프릴레이트, 티타늄디옥사이드, 징크옥사이드, 다이페닐실록시페닐트라이메티콘, C12-15
알킬벤조에이트, 프로판다이올, 프로필렌글라이콜다이벤조에이트, 폴리글리세릴-3폴리다이메틸실록시에틸다
이메티콘, 부틸렌글라이콜, 나이아신아마이드, 폴리프로필실세스퀴옥세인, 1,2-헥산다이올, 폴리메틸실세스퀴 
옥세인, 스테아릭애씨드, C13-16아이소알케인, 카프릴릴메티콘, 알루미늄하이드록사이드, 카프릴릭/카프릭트
라이글리세라이드, 메틸트라이메티콘, 마그네슘설페이트, 다이스테아다이모늄헥토라이트, 트라이에톡시카프릴
릴실레인, 솔비탄세스퀴올리에이트, 황색산화철, 팔미틱애씨드, 폴리글리세릴-3폴리리시놀리에이트, 솔비탄아
이소스테아레이트, 알루미늄스테아레이트, 폴리하이드록시스테아릭애씨드, 글리세릴카프릴레이트, 다이메티
콘/비닐다이메티콘크로스폴리머, 잔탄검, 적색산화철, 다이메티콘크로스폴리머, 아데노신, 흑색산화철, 토코페
롤, 글리세린, 하이드로제네이티드레시틴, 다이프로필렌글라이콜, 호장근뿌리추출물, 세테아릴알코올, 바실러
스/소이빈발효추출물, 락토바실러스/호밀가루발효물, 락토바실러스/소이밀크발효여과물, 폴리글리세릴-10스테
아레이트, 판테놀, 세라마이드엔피, 소듐아스코빌포스페이트, 토코페릴아세테이트, 세라마이드엔에스, 콜레스테
롤, 피토스핑고신, 세라마이드에이피, 세라마이드에이에스, 글리세릴아라키도네이트, 글리세릴리놀리네이트, 바
이오틴, 폴릭애씨드, 피리독신, 레티닐팔미테이트, 티아민에이치씨엘, 사이아노코발아민, 세라마이드이오피"
"A000000219136","에르쯔틴 에어리 워터 선크림 60ml","에르쯔틴","60.0","60.0","ml","","38000","6333.3","정제수, 다이부틸아디페이트, 메틸프로판다이올, 변성알코올, 테레프탈릴리덴디캠퍼설포닉애씨드, 1,2-헥산다이올, 에칠헥실트리아존, 글리세린, 나이아신아마이드, 폴리실리콘-15, 트로메타민, 폴리글리세릴-3다이스테아레이트, 프로판다이올, 다이프로필렌글라이콜, 카프릴릴메티콘, 세테아릴알코올, 디에칠아미노하이드록시벤조일헥실벤조에이트, 폴리메틸실세스퀴옥세인, 팔미틱애씨드, 스테아릭애씨드, 비스-에칠헥실옥시페놀메톡시페닐트리아진, 글리세릴스테아레이트, 포타슘세틸포스페이트, 폴리에터-1, 카보머, 암모늄아크릴로일다이메틸타우레이트/브이피코폴리머, 글리세릴스테아레이트시트레이트, 아크릴레이트/C10-30알킬아크릴레이트크로스폴리머, 서양배추출물, 부시클로버잎/줄기추출물, 에틸헥실글리세린, 서양송악잎/줄기추출물, 아데노신, 비치스트로베리추출물, 사과나무잎추출물, 호장근뿌리추출물"
"A000000219522","[NEW] 유세린 선크림 페이스 하이드로 프로텍트 SPF50+ 50ml","유세린","50.0","100.0","ml","","32000","3200.0","정제수,변성알코올, C12-15알킬벤조에이트, 부틸메톡시디벤조일메탄, 비스-에칠헥실옥시페놀메톡시페닐트리아진, 에칠헬실트리아존, 부틸렌글라이콜다이카프릴레이트/다이카프레이트, 다이부틸아디페이트, 디에칠아미노하이드록시벤조일헥실벤조에이트, 페닐벤즈이미다졸설포닉애씨드, 실리카, 타피오카전분, 폴리그리세릴-6스테아레이트, 실리카다이메틸실릴레이트, 글리세린, 세테아릴알코올, 글리세릴스테아레이트, 페녹시에탄올, 하이드록시아세토페논, 카나우바왁스, 향료, 잔탄검, 소듐하이드록사이드, 폴리글리세릴-6베헤네이트, 알지닌에이치씨엘, 글리시레티닉애씨드, 하이드록시프로필메틸셀룰로오스, 트라이소듐이디티에이, 소듐하이알루로네이트, 소듐락테이트, 소듐피씨에이, 창과감초뿌리추출물"
"A000000219989","토리든 다이브인 워터리 핏 선세럼 50ml","토리든","50.0","50.0","ml","","25000","5000.0","정제수, 프로판다이올, 다이부틸아디페이트, 폴리메틸실세스퀴옥세인, 부틸옥틸살리실레이트, 에칠헥실트리아존, 나이아신아마이드, 드로메트리졸트리실록산, 아이소노닐아이소노나노에이트, 폴리글리세릴-3메틸글루코오스다이스테아레이트, 테레프탈릴리덴디캠퍼설포닉애씨드, 디에칠아미노하이드록시벤조일헥실벤조에이트, 1,2-헥산다이올, 트로메타민, 펜틸렌글라이콜, 카프릴릴메티콘, 소듐하이알루로네이트, 하이알루로닉애씨드, 하이드롤라이즈드소듐하이알루로네이트, 하이드롤라이즈드하이알루로닉애씨드, 소듐아세틸레이티드하이알루로네이트, 소듐하이알루로네이트크로스폴리머, 포타슘하이알루로네이트, 다이메틸실란올하이알루로네이트, 하이드록시프로필트라이모늄하이알루로네이트, 소듐하이알루로네이트다이메틸실란올, 판테놀, 알란토인, 아데노신, 부틸렌글라이콜, 에틸헥실글리세린, 소듐스테아로일글루타메이트, 비스-에칠헥실옥시페놀메톡시페닐트리아진, 메틸프로판다이올, 트라이소듐에틸렌다이아민다이석시네이트, 소듐폴리아크릴로일다이메틸타우레이트, 브이피/에이코신코폴리머, 폴리아크릴레이트크로스폴리머-6, 이눌린라우릴카바메이트, 폴리에터-1, 알지닌, 세테아릴알코올, 글리세린, 토코페롤, 바이오사카라이드검-1, 말라카이트추출물"
"A000000222212","[피치톤업] 이니스프리 비타민C 피치 톤업 선크림 50ml","이니스프리","50.0","50.0","ml","26000","23400","4680.0","정제수, 다이부틸아디페이트, 프로판다이올, 부틸옥틸살리실레이트, 다이카프릴릴카보네이트, 티타늄디옥사이드, 디에칠아미노하이드록시벤조일헥실벤조에이트, 폴리실리콘-15, 나이아신아마이드, 에칠헥실트리아존, 폴리메틸실세스퀴옥세인, 글리세린, 티타늄디옥사이드 (CI 77891), 1,2-헥산다이올, 펜틸렌글라이콜, 아크릴레이트코폴리머, 하이드로제네이티드폴리아이소부텐, 브이피/에이코신코폴리머, 스테아릴다이메티콘, 세틸다이메티콘, 메틸프로판다이올, 코코-카프릴레이트/카프레이트, 폴리글리세릴-2카프레이트, 폴리하이드록시스테아릭애씨드, 암모늄아크릴로일다이메틸타우레이트/브이피코폴리머, 수크로오스스테아레이트, 폴리아크릴레이트크로스폴리머-6, 호호바씨오일, 스테아릭애씨드, 에틸헥실글리세린, 하이드록시프로필메틸셀룰로오스스테아록시에터, 알루미나, 이눌린라우릴카바메이트, 글리세릴카프릴레이트, 황색산화철, 잔탄검, 적색산화철, 트라이에톡시카프릴릴실레인, 알루미늄하이드록사이드, 아데노신, 스쿠알란, 폴리에터-1, 소듐폴리아크릴레이트, 토코페롤, 메톡시페닐에테닐t-부틸벤조에이트, 바이오사카라이드검-1, 아스코빅애씨드(0.1 PPM), 마데카소사이드, 3-O-에틸아스코빅애씨드(0.1 PPM), 부틸렌글라이콜, 하이드롤라이즈드하이알루로닉애씨드, 다이메틸실란올하이알루로네이트, 하이드롤라이즈드소듐하이알루로네이트, 소듐하이알루로네이트, 하이알루로닉애씨드, 포타슘하이알루로네이트, 소듐하이알루로네이트크로스폴리머, 하이드록시프로필트라이모늄하이알루로네이트, 소듐하이알루로네이트다이메틸실란올, 소듐아세틸레이티드하이알루로네이트"
"A000000222684","[1+1] 유세린 선 페이스 하이드로 프로텍트 SPF50+ 기획 (50ml+50ml)","유세린","50.0","100.0","ml","","32000","3200.0","정제수,변성알코올, C12-15알킬벤조에이트, 부틸메톡시디벤조일메탄, 비스-에칠헥실옥시페놀메톡시페닐트리아진, 에칠헬실트리아존, 부틸렌글라이콜다이카프릴레이트/다이카프레이트, 다이부틸아디페이트, 디에칠아미노하이드록시벤조일헥실벤조에이트, 페닐벤즈이미다졸설포닉애씨드, 실리카, 타피오카전분, 폴리그리세릴-6스테아레이트, 실리카다이메틸실릴레이트, 글리세린, 세테아릴알코올, 글리세릴스테아레이트, 페녹시에탄올, 하이드록시아세토페논, 카나우바왁스, 향료, 잔탄검, 소듐하이드록사이드, 폴리글리세릴-6베헤네이트, 알지닌에이치씨엘, 글리시레티닉애씨드, 하이드록시프로필메틸셀룰로오스, 트라이소듐이디티에이, 소듐하이알루로네이트, 소듐락테이트, 소듐피씨에이, 창과감초뿌리추출물"
"A000000222792","[UV에이징]아누아 복숭아 나이아신 UV 톤업 프로텍션 50ml 더블기획","아누아","50.0","100.0","ml","40500","34900","3490.0","정제수, 다이부틸아디페이트, 부틸옥틸살리실레이트, 글리세린, 비스-에칠헥실옥시페놀메톡시페닐트리아진, 디에칠아미노하이드록시벤조일헥실벤조에이트, 에칠헥실트리아존, 페네틸벤조에이트, 폴리실리콘-15, 프로판다이올, 변성알코올, 티타늄디옥사이드 (CI 77891), 에틸헥실팔미테이트, 나이아신아마이드(20,000ppm), 폴리글리세릴-3메틸글루코오스다이스테아레이트, 메칠렌비스-벤조트리아졸릴테트라메칠부틸페놀, 1,2-헥산다이올, 스핑고모나스발효추출물, 복숭아수(1,056ppm), 락토바실러스발효물, 수박추출물, 자몽추출물, 복숭아추출물, 석류추출물, 사과추출물, 복사나무꽃추출물, 소듐하이알루로네이트, 하이알루로닉애씨드, 펜틸렌글라이콜, 실리카, 아이소도데케인, 옥틸도데칸올, 글리세릴 스테아레이트, 포타슘세틸포스페이트, 세테아릴올리베 이트, 폴리C10-30알킬아크릴레이트, 폴리아크릴레이 트크로스폴리머-6, 마이크로크리스탈린셀룰로오스, 글리세릴카프릴레이트, 솔비탄올리베이트, 폴리글리세릴 -4아이소스테아레이트, 데실글루코사이드, 소듐아크릴 레이트/소듐아크릴로일다이메틸타우레이트코폴리머, 아이소프로필티타늄트라이아이소스테아레이트, 알루미늄하이드록사이드, 폴리아이소부텐, 팔미틱애씨드, 하이드로제네이티드레시틴, 셀룰로오스검, 트라이소듐에틸렌다이아민다이석시네이트, 카프릴릴/카프릴글루코사이드, 솔비탄올리에이트, 부틸렌글라이콜, 사이아노코발아민, 에틸헥실글리세린, 아스코빅애씨드, 리놀레닉애씨드, C12-16알코올, 잔탄검, 향료, 황색산화철 (CI 77492), 적색산화철 (CI 77491)"
"A000000223291","니베아 선 키즈 센서티브 프로텍트 앤 플레이 로션 200ml","니베아","200.0","200.0","ml","","23800","1190.0","정제수,변성알코올,에칠헥실트리아존,부틸메톡시디벤조일메탄,비스-에칠헥실옥시페놀메톡시페닐트리아진,아이소프로필팔미테이트,C12-15알킬벤조에이트,다이부틸아디페이트 ,디에칠아미노하이드록시벤조일헥실벤조에이트,부틸렌글라이콜다이카프릴레이트/다이카프레이트,메틸프로판다이올,페닐벤즈이미다졸설포닉애씨드,하이드록시프로필스타치포스페이트,글리세린,글리세릴스테아레이트,마이크로크리스탈린셀룰로오스,하이드로제네이티드채종유,C18-38알킬하이드록시스테아로일스테아레이트,카나우바왁스,실리카다이메틸실릴레이트,세틸팔미테이트,잔탄검,소듐스테아로일글루타메이트,하이드록시아세토페논 ,트라이소듐이디티에이,에틸헥실글리세린,셀룰로오스검,소듐하이드록사이드,카프릴릴글라이콜,말토덱스트린,토코페릴아세테이트,소듐클로라이드,마트리카리아꽃추출물"
"A000000223943","식물나라 멀티 선 파우더","식물나라","","","","13800","9800","","탤크, 마이카, 티타늄디옥사이드, 메틸메타크릴레이트크로스폴리머, 호모살레이트, 에칠헥실살리실레이트, 징크옥사이드, 메칠렌비스-벤조트리아졸릴테트라메칠부틸페놀, 알루미늄하이드록사이드, 다이메티콘, 트라이에톡시카프릴릴실레인, 프로판다이올, 카프릴릴글라이콜, 글리세릴카프릴레이트, 에틸헥실글리세린, 스테아릭애씨드, 다이스테아릴다이모늄클로라이드, 토코페롤, 옥수수전분, 티타늄디옥사이드(CI 77891), 라우로일라이신, 메티콘, 스쿠알란"
"A000000224141","[촉촉핑크톤업] 차앤박 애프터레이 워터리 톤업선 50ml 더블기획","차앤박","50.0","100.0","ml","30000","21380","2138.0","정제수, 에칠헥실메톡시신나메이트, 변성알코올, 다이메티콘, 프로판다이올, 디에칠아미노하이드록시벤조일헥실벤조에이트, 다이아이소프로필세바케이트, 에칠헥실살리실레이트, C12-15알킬벤조에이트, 나이아신아마이드, 글리세린, 페닐벤즈이미다졸설포닉애씨드, 폴리글리세릴-3메틸글루코오스다이스테아레이트, 티타늄디옥사이드, 티타늄디옥사이드(CI 77891), 포타슘세틸포스페이트, 트로메타민, 1,2-헥산다이올, 비스-에칠헥실옥시페놀메톡시페닐트리아진, 판테놀, 팔미틱애씨드, 비닐다이메티콘/메티콘실세스퀴옥세인크로스폴리머, 폴리아마이드-8, 알루미늄스테아레이트, 폴리우레탄-15, 폴리아크릴레이트크로스폴리머-6, 폴리하이드록시스테아릭애씨드, 스테아릭애씨드, 잔탄검, 향료, 알루미나, 레몬밤꽃/잎/줄기수, 로즈마리잎수, 타임잎수, 알루미늄하이드록사이드, 적색산화철, 팔미토일프롤린, 하이알루로닉애씨드, 토코페롤, 마그네슘팔미토일글루타메이트, 소듐팔미토일사코시네이트, 돌콩오일, 펜타에리스리틸테트라-다이-T-부틸하이드록시하이드로신나메이트, 트라이에톡시카프릴릴실레인, 말토덱스트린, 소듐시트레이트, 시트릭애씨드, 카프릴릴글라이콜, 사이아노코발아민, 아세틸헥사펩타이드-8, 시트로넬올, 제라니올, 리모넨"
"A000000224245","[화잘먹/수분밀착] 라네즈 워터뱅크 UV 베리어 선세럼 단품 50ml","라네즈","50.0","50.0","ml","28000","22400","4480.0","정제수, 다이에틸헥실석시네이트, 프로판다이올, 드로메트리졸트리실록산, 에칠헥실트리아존, 디에칠아미노하이드록시벤조일헥실벤조에이트, 테레프탈릴리덴디캠퍼설포닉애씨드, 1,2-헥산다이올, 베헤닐알코올, 메틸트라이메티콘, 트로메타민, 소듐폴리아크릴로일다이메틸타우레이트, 부틸렌글라이콜, 폴리아크릴레이트크로스폴리머-6, C20-24알킬다이메티콘, 아라키딜알코올, 카프릴릴글라이콜, 소듐메틸스테아로일타우레이트, 에틸헥실글리세린, 아라키딜글루코사이드, 향료, 알란토인, 하이드롤라이즈드하이알루로닉애씨드, 소듐메타포스페이트, 알파-비사보롤, 서양산딸기추출물, 야생딸기잎추출물, 토코페롤, 소듐하이알루로네이트, 소듐하이알루로네이트크로스폴리머, 하이알루로닉애씨드, 소듐아세틸레이티드하이알루로네이트"
"A000000224289","[파데프리] 라로슈포제 유비데아 톤업 로지 글로우 30ml","라로슈포제","30.0","30.0","ml","38000","30400","10133.3","정제수 아이소프로필미리스테이트 글리세린 티타늄디옥사이드 에칠헥실트리아존 변성알코올 프로판다이올 트라이에탄올아민 비스-에칠헥실옥시페놀메톡시페닐트리아진 부틸메톡시디벤조일메탄 테레프탈릴리덴디캠퍼설포닉애씨드 마이카 페닐벤즈이미다졸설포닉애씨드 스테아릭애씨드 펜틸렌글라이콜 실리카 포타슘세틸포스페이트 아크릴아마이드/소듐아크릴로일다이메틸타우레이트코폴리머 알루미늄하이드록사이드 아스코빌글루코사이드 바륨설페이트 카프릴로일살리실릭애씨드카프릴릴글라이콜 카보머 세틸알코올 적색산화
철 황색산화철 티타늄디옥사이드 시트릭애씨드디에칠아미노하이드록시벤조일헥실벤조에이트드로메트리졸트리실록산 글리세릴스테아레이트돌콩오일 하이드록시아세토페논 아이소헥사데칸레시틴 미리스틱애씨드 팔미틱애씨드 피이지-100스테아레이트 폴리솔베이트80 풀루란 스클레로튬검 소듐클로라이드 소듐코코일사코시네이트 솔비탄올리에이트 토코페롤 트라이소듐에틸렌다이아민다이석시네이트 트로메타민 잔탄검"
"A000000224539","[화잘먹/쿨톤보정] 메디큐브 PDRN 톤업 선크림 50ml+20ml 기획","메디큐브","50.0","70.0","ml","24000","15900","2271.4","정제수, 아이소노닐아이소노나노에이트, 다이프로필렌글라이콜, 카프릴릭/카프릭트라이글리세라이드, 티타늄디옥사이드, 다이부틸아디페이트, 다이아이소프로필세바케이트, 에칠헥실트리아존, 메틸트라이메티콘, 나이아신아마이드, 비스-에칠헥실옥시페놀메톡시페닐트리아진, 메칠렌비스-벤조트리아졸릴테트라메칠부틸페놀, 솔비탄아이소스테아레이트, 베헤닐알코올, 디에칠아미노하이드록시벤조일헥실벤조에이트, 폴리메틸실세스퀴옥세인, 포타슘세틸포스페이트, C13-15알케인, 1,2-헥산다이올, 카프릴릴글라이콜, 글리세린, 실리카, 데실글루코사이드, 암모늄폴리아크릴로일다이메틸타우레이트, 폴리아크릴레이트-13, 폴리하이드록시스테아릭애씨드, 아크릴레이트/C10-30알킬아크릴레이트크로스폴리머, 향료, 소듐폴리아크릴레이트, 트로메타민, 알루미나, 스테아릭애씨드, 하이드로제네이티드폴리아이소부텐, 다이메티콘/비닐다이메티콘크로스폴리머, 에틸헥실글리세린, 하이드록시프로필메틸셀룰로오스스테아록시에터, 아데노신, 다이소듐이디티에이, 폴리글리세릴-10라우레이트, 알루미늄하이드록사이드, 사이아노코발아민, 에틸헥실팔미테이트, 트라이에톡시카프릴릴실레인, 잔탄검, t-부틸알코올, 글리세릴아크릴레이트/아크릴릭애씨드코폴리머, 소듐하이알루로네이트, 콜라겐추출물, 하이드롤라이즈드하이알루로닉애씨드, 하이드롤라이즈드소듐하이알루로네이트, 하이드록시프로필트라이모늄하이알루로네이트, 소듐아세틸레이티드하이알루로네이트, 소듐하이알루로네이트크로스폴리머, 글루타티온, 하이알루로닉애씨드, 펜틸렌글라이콜, 포타슘하이알루로네이트, 소듐디엔에이(0.05 ppb)"
"A000000224979","딘시 프리미엄 비건 블루 톤 업 선크림 SPF50+ PA++++50ml","딘시","50.0","50.0","ml","30000","15000","3000.0","정제수, 징크옥사이드, 다이부틸아디페이트, 사이클로헥사실록세인, 프로판다이올, 부틸옥틸살리실레이트, 다이카프릴릴카보네이트, 폴리글리세릴-4다이아이소스테아레이트/폴리하이드록시스테아레이트/세바케이트, 다이실록세인, 글리세린, 나이아신아마이드, 카프릴릴메티콘, 티타늄디옥사이드, 비스-에칠헥실옥시페놀메톡시페닐트리아진, 에칠헥실트리아존, 페닐트라이메티콘, 디에칠아미노하이드록시벤조일헥실벤조에이트, 폴리글리세릴-3폴리다이메틸실록시에틸다이메티콘, 다이스테아다이모늄헥토라이트, 마그네슘설페이트, 메틸메타크릴레이트크로스폴리머, 트라이에톡시카프릴릴실레인, 1,2-헥산다이올, 향료, 폴리C10-30알킬아크릴레이트, 카프릴릴글라이콜, 글리세릴카프릴레이트, 울트라마린, 크로뮴옥사이드그린, 에틸헥실글리세린, 아데노신, 알루미늄하이드록사이드, 소듐하이알루로네이트, 토코페롤, 엑토인, 페룰릭애씨드, 부틸렌글라이콜, 메틸프로판다이올, 옥타데케인, 락틱애씨드/글라이콜릭애씨드코폴리머, 하이드로제네이티드레시틴, 미역취추출물, 클로브싹추출물, 폴리글리세릴-10스테아레이트, 다시마추출물, 알로에베라잎추출물, 참마뿌리추출물, 판테놀, 스노우로투스추출물, 당느릅나무뿌리추출물, 락토바실러스발효물, 별꽃추출물, 제비꽃꽃추출물, 마트리카리아꽃/잎추출물, 보리지추출물, 소듐아스코빌포스페이트, 수레국화꽃추출물, 토코페릴아세테이트, 강낭콩씨추출물, 라벤더꽃추출물, 병풀추출물, 잔탄검, 소듐디엔에이, 다이소듐이디티에이, 레티닐팔미테이트, 바이오틴, 티아민에이치씨엘, 폴릭애씨드, 피리독신, 사이아노코발아민"
"A000000225222","[파데프리] 가히 한겹 톤업 선 스킨 3종 택1","가히","","","","","32000","","[베이지] 정제수, 부틸렌글라이콜, 글리세린, 다이아이소프로필세바케이트, 부틸옥틸살리실레이트, 비스-에칠헥실옥시페놀메톡시페닐트리아진, 디에칠아미노하이드록시벤조일헥실벤조에이트, 에칠헥실트리아존, 폴리실리콘-15, 티타늄디옥사이드 (CI 77891), C12-15알킬벤조에이트, 나이아신아마이드, 실리카, 하이드로제네이티드폴리데센, 펜틸렌글라이콜, 1,2-헥산다이올, 메칠렌비스-벤조트리아졸릴테트라메칠부틸페놀, 타라열매추출물, 물푸레나무추출물, 코토니추출물, 파파야열매추출물, 매실추출물, 사과추출물, 포도추출물, 대나무목초액, 삼백초추출물, 쑥잎추출물, 폴리글리세릴-6다이스테아레이트, 암모늄아크릴로일다이메틸타우레이트/브이피코폴리머, 포타슘세틸포스페이트, 아이소도데케인, 옥틸도데칸올, 칸데릴라/호호바/쌀겨폴리글리세릴-3에스터, 아크릴레이트/C10-30알킬아크릴레이트크로스폴리머, 데실글루코사이드, 트로메타민, 폴리글리세릴-4아이소스테아레이트, 아이소프로필티타늄트라이아이소스테아레이트, 글리세릴글루코사이드, 알루미늄하이드록사이드, 에틸헥실글리세린, 메틸프로판다이올, 아데노신, 트라이소듐에틸렌다이아민다이석시네이트, 베타-글루칸, 토코페롤, 세테아릴알코올, 잔탄검, 향료, 황색산화철 (CI 77492), 적색산화철 (CI 77491), 흑색산화철 (CI 77499)
[그린] 정제수, 부틸렌글라이콜, 글리세린, 다이아이소프로필세바케이트, 부틸옥틸살리실레이트, 비스-에칠헥실옥시페놀메톡시페닐트리아진, 디에칠아미노하이드록시벤조일헥실벤조에이트, 에칠헥실트리아존, 폴리실리콘-15, 티타늄디옥사이드 (CI 77891), C12-15알킬벤조에이트, 나이아신아마이드, 실리카, 하이드로제네이티드폴리데센, 펜틸렌글라이콜, 1,2-헥산다이올, 메칠렌비스-벤조트리아졸릴테트라메칠부틸페놀, 타라열매추출물, 물푸레나무추출물, 코토니추출물, 파파야열매추출물, 매실추출물, 사과추출물, 포도추출물, 대나무목초액, 삼백초추출물, 쑥잎추출물, 폴리글리세릴-6다이스테아레이트, 암모늄아크릴로일다이메틸타우레이트/브이피코폴리머, 포타슘세틸포스페이트, 아이소도데케인, 옥틸도데칸올, 칸데릴라/호호바/쌀겨폴리글리세릴-3에스터, 아크릴레이트/C10-30알킬아크릴레이트크로스폴리머, 데실글루코사이드, 트로메타민, 폴리글리세릴-4아이소스테아레이트, 아이소프로필티타늄트라이아이소스테아레이트, 글리세릴글루코사이드, 알루미늄하이드록사이드, 에틸헥실글리세린, 메틸프로판다이올, 아데노신, 트라이소듐에틸렌다이아민다이석시네이트, 베타-글루칸, 토코페롤, 세테아릴알코올, 잔탄검, 향료, 청색1호 (CI 42090)
[퍼플] 정제수, 부틸렌글라이콜, 글리세린, 다이아이소프로필세바케이트, 부틸옥틸살리실레이트, 비스-에칠헥실옥시페놀메톡시페닐트리아진, 디에칠아미노하이드록시벤조일헥실벤조에이트, 에칠헥실트리아존, 폴리실리콘-15, C12-15알킬벤조에이트, 나이아신아마이드, 실리카, 하이드로제네이티드폴리데센, 펜틸렌글라이콜, 티타늄디옥사이드 (CI 77891), 1,2-헥산다이올, 메칠렌비스-벤조트리아졸릴테트라메칠부틸페놀, 타라열매추출물, 물푸레나무추출물, 코토니추출물, 파파야열매추출물, 매실추출물, 사과추출물, 포도추출물, 대나무목초액, 삼백초추출물, 쑥잎추출물, 폴리글리세릴-6다이스테아레이트, 암모늄아크릴로일다이메틸타우레이트/브이피코폴리머, 포타슘세틸포스페이트, 칸데릴라/호호바/쌀겨폴리글리세릴-3에스터, 아이소도데케인, 옥틸도데칸올, 아크릴레이트/C10-30알킬아크릴레이트크로스폴리머, 데실글루코사이드, 트로메타민, 폴리글리세릴-4아이소스테아레이트, 글리세릴글루코사이드, 에틸헥실글리세린, 메틸프로판다이올, 아이소프로필티타늄트라이아이소스테아레이트, 알루미늄하이드록사이드, 아데노신, 트라이소듐에틸렌다이아민다이석시네이트, 베타-글루칸, 토코페롤, 세테아릴알코올, 잔탄검, 향료, 적색227호 (CI 17200), 청색1호 (CI 42090)"
"A000000225618","그라운드랩 내츄럴 라이트 선 톤업 50ml","그라운드랩","50.0","50.0","ml","25000","24000","4800.0","정제수, 사이클로펜타실록산, 에칠헥실메톡시신나메이트, 에칠헥실살리실레이트, 징크옥사이드 (CI 77947), 사이클로헥사실록산, 부틸렌글라이콜, 폴리글리세릴-3폴리디메칠실록시에칠디메치콘,  메칠메타크릴레이트크로스폴리머, 티타늄디옥사이드 (CI 77891), 부틸옥틸살리실레이트, 디프로필렌글라이콜, 비닐디메치콘/메치콘실세스퀴옥산크로스폴리머, 디메치콘/비닐디메치콘크로스폴리머, 카프릴릴메치콘, 디메치콘, 디스테아디모늄헥토라이트, 폴리글리세릴-2디폴리하이드록시스테아레이트, 폴리메칠실세스퀴옥산, 마그네슘설페이트, 이소아밀p-메톡시신나메이트, 소르비탄이소스테아레이트, C30-45알킬세테아릴디메치콘크로스폴리머, 하이드록시아세토페논, 알루미늄하이드록사이드, 스테아릭애씨드, 글리세릴카프릴레이트, 에칠헥실글리세린, 트리소듐에칠렌디아민디석시네이트, 트리에톡시카프릴릴실란, 토코페롤, 향료, 리모넨, 리날룰, 알파-아이소메틸아이오논, 시트로넬올, 벤질살리실레이트, 쿠마린, 벤질벤조에이트, 벤질알코올, 황색산화철 (CI 77492), 적색산화철 (CI 77491)"
"A000000227191","데이지크 아쿠아 쉘 선크림 50ml","데이지크","50.0","50.0","ml","19000","14900","2980.0","정제수, 프로판다이올, 다이부틸아디페이트, 다이아이소프로필세바케이트, 폴리메틸실세스퀴옥세인, 비스-에칠헥실옥시페놀메톡시페닐트리아진, 디에칠아미노하이드록시벤조일헥실벤조에이트, 에칠헥실트리아존, 폴리실리콘-15, 코코-카프릴레이트/카프레이트, 나이아신아마이드, 메칠렌비스-벤조트리아졸릴테트라메칠부틸페놀, 클로렐라 불가리스추출물, 소듐하이알루로네이트, 백미꽃추출물, 접시꽃추출물, 해수, 병풀추출물, 병풀잎추출물, 병풀뿌리추출물, 슈가켈프추출물, 하이드롤라이즈드하이알루로닉애씨드, 하이알루로닉애씨드, 하이드롤라이즈드진주, 효모발효물, 효모발효여과물, 펜틸렌글라이콜, 폴리C10-30알킬아크릴레이트, 1,2-헥산다이올, 폴리글리세릴-3메틸글루코오스다이스테아레이트, 아크릴레이트/C10-30알킬아크릴레이트크로스폴리머, 트로메타민, 하이드록시아세토페논, 글루코오스, 데실글루코사이드, 부틸렌글라이콜, 프룩토올리고사카라이드, 프룩토오스, 폴리아크릴레이트크로스폴리머-6, 소듐스테아로일글루타메이트, 아데노신, 글리세린, 아세틸글루코사민, 토코페롤, 에틸헥실글리세린, 소듐하이알루로네이트크로스폴리머, 카프릴릴글라이콜, 판테놀, 다이메틸실란올하이알루로네이트, 하이드롤라이즈드소듐하이알루로네이트, 포타슘하이알루로네이트, 하이드록시프로필트라이모늄하이알루로네이트, 소듐하이알루로네이트다이메틸실란올, 소듐아세틸레이티드하이알루로네이트, 아시아틱애씨드, 아시아티코사이드, 마데카식애씨드, 마데카소사이드, 베헤닐알코올, 잔탄검, 향료"
"A000000227322","[후니언 공동개발] 미샤 글로우 스킨 틴티드 톤업선 30ml","미샤","30.0","30.0","ml","28000","11200","3733.3","징크옥사이드, 정제수, 다이메티콘, 프로판다이올, 티타늄디옥사이드, 페닐트라이메티콘, 네오펜틸글라이콜다이에틸헥사노에이트, 다이카프릴릴카보네이트, 라우릴폴리글리세릴-3폴리다이메틸실록시에틸다이메티콘, C12-15알킬벤조에이트, 나이아신아마이드, 다이스테아다이모늄헥토라이트, 부틸렌글라이콜, 펜틸렌글라이콜, 트라이에틸헥사노인, 트라이에톡시카프릴릴실레인, 폴리글리세릴-5폴리리시놀리에이트, 합성플루오르플로고파이트, 마그네슘설페이트, 다이메티콘/비닐다이메티콘크로스폴리머, 실리카, 라우릴다이메티콘/폴리글리세린-3크로스폴리머, 글리세릴카프릴레이트, 카프릴릴글라이콜, 적색산화철, 알루미늄하이드록사이드, 아크릴레이트/다이메티콘코폴리머, 황색산화철, 에틸헥실글리세린, 아데노신, 향료, 다이프로필렌글라이콜, 토코페롤, 글루타티온, 호호바씨오일, C18-21알케인, 다마스크장미꽃수, 소듐시트레이트, 사이클로펜타실록세인, 글리세린, 쌀겨오일, 1,2-헥산다이올, 마카다미아씨오일, 세라마이드엔피, 칸디다 봄비콜라/글루코오스/메틸레이프씨데이트발효물, 폴리글리세릴-10스테아레이트, 덱스트린팔미테이트, 세테아릴알코올, 아이소프로필티타늄트라이아이소스테아레이트, 소듐스테아로일글루타메이트, 다이메틸실란올하이알루로네이트, 하이드롤라이즈드하이알루로닉애씨드, 하이드롤라이즈드소듐하이알루로네이트, 소듐하이알루로네이트, 하이알루로닉애씨드, 포타슘하이알루로네이트, 소듐하이알루로네이트크로스폴리머, 하이드록시프로필트라이모늄하이알루로네이트, 소듐하이알루로네이트다이메틸실란올, 소듐아세틸레이티드하이알루로네이트"
"A000000229150","[한정/별의커비콜라보] 알리 크로노 뷰티 커비 에디션 선케어 3종 (젤UV/프라이머UV/컬러튜닝UV)","알리","","","","","25000","","[젤 UV EXP]  정제수,징크옥사이드,에탄올,다이아이소프로필세바케이트,아이소노닐아이소노나노에이트,C12-15알킬벤조에이트,에칠헥실트리아존,글리세린,다이메티콘,드로메트리졸트리실록산,소듐아크릴레이트/소듐아크릴로일다이메틸타우레이트코폴리머,비스-에칠헥실옥시페놀메톡시페닐트리아진,부틸렌글라이콜,아이소헥사데칸,트라이에톡시카프릴릴실레인,폴리C10-30알킬아크릴레이트,아크릴레이트/폴리트라이메틸실록시메타크릴레이트코폴리머,피이지-400,폴리솔베이트80,C30-45알킬메티콘,잔탄검,C30-45올레핀,솔비탄올리에이트,폴리실리콘-9,다이소듐이디티에이,소듐하이알루로네이트
[컬러 튜닝 UV 03] 정제수, 에탄올, 다이아이소프로필세바케이트, 티타늄디옥사이드, 트라이에틸헥사노인, 징크옥사이드, 다이메티콘, 글리세린, 에칠헥실트리아존, 부틸렌글라이콜, 폴리실리콘-15, 베헤닐알코올, 비스-에칠헥실옥시페놀메톡시페닐트리아진, 하이드레이티드실리카, 디에칠아미노하이드록시벤조일헥실벤조에이트, 하이드로제네이티드레시틴, 탤크, 소듐아크릴레이트/소듐아크릴로일다이메틸타우레이트코폴리머, 트라이에톡시카프릴릴실레인, 아이소헥사데칸, 아크릴레이트/폴리트라이메틸실록시메타크릴레이트코폴리머, 폴리솔베이트80, 잔탄검, 알루미늄하이드록사이드, 아이소프로필티타늄트라이아이소스테아레이트, 향료, 다이소듐이디티에이, 소듐라우로일아스파테이트, 징크클로라이드, 소듐하이알루로네이트, 적색산화철, 황색산화철, 흑색산화철, 리모넨, 헥실신남알, 알파-아이소메틸아이오논, 시트로넬올
 [프라이머 UV] 정제수,에탄올,징크옥사이드,다이아이소프로필세바케이트,C12-15알킬벤조에이트,드로메트리졸트리실록산,에칠헥실트리아존,글리세린,베헤닐알코올,네오펜틸글라이콜다이카프레이트,디에칠아미노하이드록시벤조일헥실벤조에이트,하이드로제네이티드레시틴,알루미나,다이메티콘,소듐아크릴레이트/소듐아크릴로일다이메틸타우레이트코폴리머,마이카,비스-에칠헥실옥시페놀메톡시페닐트리아진,부틸렌글라이콜,아이소헥사데칸,아크릴레이트/폴리트라이메틸실록시메타크릴레이트코폴리머,트라이에톡시카프릴릴실레인,실리카,폴리솔베이트80,잔탄검,향료,아이소프로필티타늄트라이아이소스테아레이트,다이소듐이디티에이,소듐라우로일아스파테이트,틴옥사이드,징크클로라이드,소듐하이알루로네이트,적색504호,황색5호,티타늄디옥사이드,리날룰,리모넨"
"A000000229540","[화잘먹/광채선]에스테덤 포토리버스 선크림 50ml","에스테덤","50.0","50.0","ml","","110000","22000.0","정제수, 디에칠아미노하이드록시벤조일헥실벤조에이트, 글리세린, 다이부틸아디페이트, 에칠헥실살리실레이트, 에칠헥실트리아존, 호모살레이트, 다이프로필렌글라이콜, 트라이베헤닌피이지-20에스터, 비스-에칠헥실옥시페놀메톡시페닐트리아진, 다이메티콘, 다이아이소프로필세바케이트, 실리카, 카프릴릴메티콘, 1,2-헥산다이올, 토코페릴아세테이트, C20-22알킬포스페이트, 글리세릴스테아레이트, 만니톨, 피이지-100스테아레이트, 스테아릴글리시레티네이트, C20-22알코올, 폴리실리콘-11, 브이피/에이코신코폴리머, 카프릴릴글라이콜, 잔탄검, 부틸렌글라이콜, 소듐시트레이트, 소듐덱스트란설페이트, 팔마리아팔마타추출물 (팔손이분홍차추출물), 하이드록시에틸아크릴레이트/소듐아크릴로일다이메틸타우레이트코폴리머, 말토덱스트린, 하이드롤라이즈드콩단백질, 스쿠알란, 크레아틴, 펜타에리스리틸테트라-다이-t-부틸하이드록시하이드로신나메이트, 하이드롤라이즈드밀단백질, 안드로그라피스파니큘라타리프추출물 (칼메그잎추출물), 프로필렌글라이콜, 소듐하이드록사이드, 아미노에탄설피닉애씨드, 폴리솔베이트60, 페녹시에탄올, 솔비탄아이소스테아레이트, 카르노신, 다이소듐아데노신트라이포스페이트, 아르테미아추출물, 라미나리아디지타타추출물 (호스테일켈프추출물), 헥사펩타이드-2"
"A000000229623","닥터엘시아 그린티 프레쉬 선스크린 45ml","닥터엘시아","45.0","45.0","ml","25000","9940","2208.9","정제수, 프로판다이올, 녹차수, 다이부틸아디페이트, 에칠헥실트리아존, 폴리메틸실세스퀴옥세인, 다이아이소프로필세바케이트, 부틸옥틸살리실레이트, 디에칠아미노하이드록시벤조일헥실벤조에이트, 나이아신아마이드, 드로메트리졸트리실록산, 메칠렌비스-벤조트리아졸릴테트라메칠부틸페놀, 카프릴릴메티콘, 부틸렌글라이콜, 1,2-헥산다이올, 펜틸렌글라이콜, 베헤닐알코올, 폴리글리세릴-3메틸글루코오스다이스테아레이트, 폴리글리세릴-6다이스테아레이트, 데실글루코사이드, 트로메타민, 칸데릴라/호호바/쌀겨폴리글리세릴-3에스터, 카보머, 아크릴레이트/C10-30알킬아크릴레이트크로스폴리머, 소듐스테아로일글루타메이트, 폴리아크릴레이트크로스폴리머-6, 에틸헥실글리세린, 아데노신, 글리세린, 잔탄검, 토코페롤, 병풀추출물, 병풀잎추출물, 효모발효물, 병풀뿌리추출물, 약모밀추출물, 아시아티코사이드, 마데카소사이드, 소듐디엔에이, 마데카식애씨드, 아시아틱애씨드"
"A000000229687","[수분선크림] 디퍼 히알루론산 히알큐브 에센스 선크림 50ml","디퍼","50.0","50.0","ml","26000","14900","2980.0","정제수, 부틸옥틸살리실레이트, 프로판다이올, 에칠헥실트리아존, 다이부틸아디페이트, 폴리글리세릴-3다이스테아레이트, 나이아신아마이드, 카프릴릴메티콘, 드로메트리졸트리실록산, 다이아이소프로필세바케이트, 테레프탈릴리덴디캠퍼설포닉애씨드, 2,3-부탄다이올, 디에칠아미노하이드록시벤조일헥실벤조에이트, 트로메타민, 1,2-헥산다이올, 펜틸렌글라이콜, 메틸메타크릴레이트크로스폴리머, 비스-에칠헥실옥시페놀메톡시페닐트리아진, 세테아릴알코올, 소듐폴리아크릴로일다이메틸타우레이트, 글리세릴스테아레이트, 포타슘세틸포스페이트, 글리세린, 폴리C10-30알킬아크릴레이트, 이눌린라우릴카바메이트, 글리세릴스테아레이트시트레이트, 암모늄아크릴로일다이메틸타우레이트/브이피코폴리머, 에틸헥실글리세린, 코코넛야자오일, 소듐하이알루로네이트, 아데노신, 수베르참나무껍질추출물, 잔탄검, 참나무뿌리추출물, 소듐하이알루로네이트크로스폴리머, 부틸렌글라이콜, 자일로오스, 토코페롤, 폴리글루타믹애씨드, 병풀추출물, 다이메틸실란올하이알루로네이트, 하이드롤라이즈드하이알루로닉애씨드, 하이드롤라이즈드소듐하이알루로네이트, 하이알루로닉애씨드, 포타슘하이알루로네이트, 하이드록시프로필트라이모늄하이알루로네이트, 소듐하이알루로네이트다이메틸실란올, 소듐아세틸레이티드하이알루로네이트, 귀리펩타이드, 밀펩타이드, 콩폴리펩타이드, 향료"
"A000000232379","코이 블룸 글로우 에센스 선크림 30ml","코이","30.0","30.0","ml","37000","33300","11100.0","정제수, 다이부틸아디페이트, 프로판다이올, 티타늄디옥사이드, 카프릴릭/카프릭트라이글리세라이드, 부틸옥틸살리실레이트, 디에칠아미노하이드록시벤조일헥실벤조에이트, 에칠헥실트리아존, 나이아신아마이드, 카프릴릴메티콘, 디에칠헥실부타미도트리아존, 1,2-헥산다이올, 폴리메틸실세스퀴옥세인, 펜틸렌글라이콜, 무화과추출물, 병풀추출물, 별꽃추출물, 해바라기꽃추출물, 월귤추출물, 작약꽃추출물, 하이드로제네이티드레시틴, 소듐하이알루로네이트, 글리세린, 폴리하이드록시스테아릭애씨드, 다이메티콘/비닐다이메티콘크로스폴리머, 코코-카프릴레이트/카프레이트, 스테아릭애씨드, 다이메티콘올, 트라이실록세인, 소듐폴리아크릴로일다이메틸타우레이트, 암모늄폴리아크릴로일다이메틸타우레이트, 알루미나, 부틸렌글라이콜, 하이드록시프로필메틸셀룰로오스스테아록시에터, 잔탄검, 다이카프릴릴카보네이트, 에틸헥실글리세린, 아데노신, 트라이에톡시카프릴릴실레인, t-부틸알코올, 세라마이드엔피, 토코페롤, 메틸프로판다이올, 다이메틸실란올하이알루로네이트, 하이드롤라이즈드소듐하이알루로네이트, 하이드롤라이즈드하이알루로닉애씨드, 포타슘하이알루로네이트, 하이알루로닉애씨드, 소듐하이알루로네이트크로스폴리머, 하이드록시프로필트라이모늄하이알루로네이트, 소듐하이알루로네이트다이메틸실란올, 소듐아세틸레이티드하이알루로네이트, 다이아몬드가루, 향료, 황색산화철, 적색산화철, 쿠마린, 유제놀, 리모넨, 리날룰"
"A000000232955","쏘내추럴 글로이 선 무스 픽서 75ml","쏘내추럴","75.0","75.0","ml","24000","18000","2400.0","정제수, 호모살레이트, 프로판다이올, 옥토크릴렌, 에탄올, 에칠헥실살리실레이트, 페닐벤즈이미다졸설포닉애씨드, 부틸메톡시디벤조일메탄, 아미노메틸프로판올, 카프릴릴메티콘, 글리세린, 팔미틱애씨드, 폴리솔베이트60, 폴리메틸실세스퀴옥세인, 스테아릭애씨드, 한련초추출물, 인도멀구슬나무잎추출물, 드럼스틱씨오일, 백미꽃추출물, 접시꽃추출물, 칼라민, 코튼추출물, 아크릴레이트코폴리머, 미리스틱애씨드, 1,2-헥산다이올, 폴리페닐실세스퀴옥세인, 하이드록시아세토페논, 펜틸렌글라이콜, 메틸다이아이소프로필프로피온아마이드, 부틸렌글라이콜, 실리카, 에틸헥실글리세린, 사이아노코발아민, 카프릴릭/카프릭트라이글리세라이드, 폴리하이드록시스테아릭애씨드, 다이소듐이디티에이, 향료, 리모넨, 알파-아이소메틸아이오논, 리날룰, 시트로넬올, 쿠마린 *분사제(가스) : 부탄, 프로판, 아이소부탄"
"A000000233117","달팡 인트랄 엔바이론멘탈 라이트 웨이트 쉴드 SPF50 30ml","달팡","30.0","30.0","ml","72000","61200","20400.0","정제수,다이메티콘,티타늄디옥사이드,부틸옥틸살리실레이트,폴리다이에틸실록세인,징크옥사이드,C12-15알킬벤조에이트,아이소노닐아이소노나노에이트,다이에틸헥실석시네이트,네오펜틸글라이콜다이헵타노에이트,메틸트라이메티콘,부틸렌글라이콜,에틸헥실메톡시크릴렌,라우릴피이지-9폴리다이메틸실록시에틸다이메티콘,실리카,라우레스-4,세틸피이지/피피지-10/1다이메티콘,다이펜타에리스리틸트라이-폴리하이드록시스테아레이트,다이메티콘실릴레이트,하이드롤라이즈드밀단백질/피브이피크로스폴리머,아이소스테아릭애씨드,카프릴릴글라이콜,다이메티콘크로스폴리머-3,폴리하이드록시스테아릭애씨드,트라이에톡시카프릴릴실레인,다이메티콘/피이지-10/15크로스폴리머,다이프로필렌글라이콜,페녹시에탄올,적색산화철,황색산화철"
"A000000233720","[파데프리/한겹톤업] 에필로우 내추럴 글로우 누드 톤업 선크림 60ml (SPF50+ PA++++)","에필로우","60.0","60.0","ml","25000","15200","2533.3","정제수, 징크옥사이드, 사이클로헥사실록세인, 부틸옥틸살리실레이트, 프로판다이올, 프로필헵틸카프릴레이트, 폴리글리세릴-3폴리다이메틸실록시에틸다이메티콘, 아이소노닐아이소노나노에이트, 나이아신아마이드, 마그네슘설페이트, 카프릴릴메티콘, 트라이메틸실록시실리케이트,  로즈힙열매추출물, 소듐하이알루로네이트, 아르간커넬오일, 하이드로제네이티드레시틴, 다이스테아다이모늄헥토라이트, 트라이에톡시카프릴릴실레인, 티타늄디옥사이드, 1,2-헥산다이올, 폴리글리세릴-2다이폴리하이드록시스테아레이트, 폴리메틸실세스퀴옥세인, 라우릴폴리글리세릴-3폴리다이메틸실록시에틸다이메티콘, 글리세릴카프릴레이트, 카프릴릴글라이콜, 부틸렌글라이콜, 글리세린, 에틸헥실글리세린, 다이메티콘, 스쿠알란, 아데노신, 하이드로제네 이티드폴리아이소부텐, 알루미늄하이드록사이드, 폴리메틸메타크릴레이트, 폴리글리세릴-10스테아레이트, 세테아릴알코올, 스테아릭애씨드, 시어버터, 토코페롤, 이눌린라우릴카바메이트, 글루타티온, 알부틴, 비사보롤, 트라 넥사믹애씨드, 다이소듐스테아로일글루타메이트, 황색산화철, 적색산화철, 흑색산화철"
"A000000236477","[온라인 단독/촉촉톤업] 셀퓨전씨 잡티 토닝 썬스크린 50ml+20ml 기획","셀퓨전씨","50.0","70.0","ml","27900","25100","3585.7","정제수, 프로판다이올, 티타늄디옥사이드 (CI 77891), 다이아이소프로필세바케이트, 메틸트라이메티콘, 아이소노닐아이소노나노에이트, 나이아신아마이드, 글리세린, 부틸옥틸살리실레이트, 다이부틸아디페이트, 디에칠아미노하이드록시벤조일헥실벤조에이트, 1,2-헥산다이올, 다이카프릴릴카보네이트, 다이메티콘/비닐다이메티콘크로스폴리머, 호호바씨오일, 토마토추출물, 비스-에칠헥실옥시페놀메톡시페닐트리아진, 에칠헥실트리아존, 펜틸렌글라이콜, 폴리실리콘-15, 테레프탈릴리덴디캠퍼설포닉애씨드, 트라이메틸실록시실리케이트, 아이소도데케인, 포타슘세틸포스페이트, 폴리하이드록시스테아릭애씨드, 소듐폴리아크릴로일다이메틸타우레이트, 트로메타민, 실리카, 알루미늄하이드록사이드, 하이드록시에틸아크릴레이트/소듐아크릴로일다이메틸타우레이트코폴리머, 스테아릭애씨드, 옥틸도데칸올, 암모늄폴리아크릴로일다이메틸타우레이트, 폴리글리세릴-10미리스테이트, 폴리글리세릴-4아이소스테아레이트, 폴리글리세릴-2다이폴리하이드록시스테아레이트, 에틸헥실글리세린, 아이소프로필티타늄트라이아이소스테아레이트, 아데노신, 부틸렌글라이콜, 트라이소듐에틸렌다이아민다이석시네이트, 라우로일라이신, 하이드록시프로필메틸셀룰로오스스테아록시에터, 3-O-에틸아스코빅애씨드, 비사보롤, 글루타티온, 알지닌, 토코페롤, 스쿠알란, 카프릴릭/카프릭트라이글리세라이드, 하이드로제네이티드레시틴, 세라마이드엔피, 소듐스테아로일글루타메이트, 베헤닐알코올, 잔탄검, 카보머, 향료, 황색산화철 (CI 77492), 적색산화철 (CI 77491)"
"A000000246588","퓨리토 서울 데일리 소프트 터치 선스크린 60ML 더블 기획 (+선 로션 15ml)","퓨리토 서울","60.0","75.0","ml","39000","35100","4680.0","정제수, 프로판다이올, 다이부틸아디페이트, 다이카프릴릴카보네이트, 디에칠아미노하이드록시벤조일헥실벤조에이트, 에칠헥실트리아존, 비스-에칠헥실옥시페놀메톡시페닐트리아진, 아밀로펙틴, 부틸렌글라이콜, 메칠렌비스-벤조트리아졸릴테트라메칠부틸페놀, 글리세린, 베헤닐알코올, 폴리C10-30알킬아크릴레이트, 폴리글리세릴-3메틸글루코오스다이스테아레이트, 소듐아크릴레이트크로스폴리머-2, 카보머, 트로메타민, 데실글루코사이드, 아크릴레이트/C10-30알킬아크릴레이트크로스폴리머, 알파-비사보롤, 판테놀, 카프릴하이드록사믹애씨드, 병풀추출물, 토코페롤, 세라마이드엔피, 다이프로필렌글라이콜, 콜레스테롤, 프로필렌글라이콜, 잔탄검, 글리세릴스테아레이트, 세라마이드에이에스, 세라마이드에이피, 세라마이드엔에스, 하이드로제네이티드레시틴, 세라마이드이오피"
"A000000247857","[맑은톤밀착썬]셀퓨전씨 잡티 토닝 썬스크린 35ml 기획 (+20ml)","셀퓨전씨","35.0","55.0","ml","","27900","5072.7","정제수, 프로판다이올, 티타늄디옥사이드 (CI 77891), 다이아이소프로필세바케이트, 메틸트라이메티콘, 아이소노닐아이소노나노에이트, 나이아신아마이드, 글리세린, 부틸옥틸살리실레이트, 다이부틸아디페이트, 디에칠아미노하이드록시벤조일헥실벤조에이트, 1,2-헥산다이올, 다이카프릴릴카보네이트, 다이메티콘/비닐다이메티콘크로스폴리머, 호호바씨오일, 토마토추출물, 비스-에칠헥실옥시페놀메톡시페닐트리아진, 에칠헥실트리아존, 펜틸렌글라이콜, 폴리실리콘-15, 테레프탈릴리덴디캠퍼설포닉애씨드, 트라이메틸실록시실리케이트, 아이소도데케인, 포타슘세틸포스페이트, 폴리하이드록시스테아릭애씨드, 소듐폴리아크릴로일다이메틸타우레이트, 트로메타민, 실리카, 알루미늄하이드록사이드, 하이드록시에틸아크릴레이트/소듐아크릴로일다이메틸타우레이트코폴리머, 스테아릭애씨드, 옥틸도데칸올, 암모늄폴리아크릴로일다이메틸타우레이트, 폴리글리세릴-10미리스테이트, 폴리글리세릴-4아이소스테아레이트, 폴리글리세릴-2다이폴리하이드록시스테아레이트, 에틸헥실글리세린, 아이소프로필티타늄트라이아이소스테아레이트, 아데노신, 부틸렌글라이콜, 트라이소듐에틸렌다이아민다이석시네이트, 라우로일라이신, 하이드록시프로필메틸셀룰로오스스테아록시에터, 3-O-에틸아스코빅애씨드, 비사보롤, 글루타티온, 알지닌, 토코페롤, 스쿠알란, 카프릴릭/카프릭트라이글리세라이드, 하이드로제네이티드레시틴, 세라마이드엔피, 소듐스테아로일글루타메이트, 베헤닐알코올, 잔탄검, 카보머, 향료, 황색산화철 (CI 77492), 적색산화철 (CI 77491)"
"A000000247874","[매끈밀착썬]셀퓨전씨 레이저 UV 썬스크린 35ml 기획 (+20ml)","셀퓨전씨","35.0","55.0","ml","","29400","5345.5","정제수,징크옥사이드,다이부틸아디페이트,사이클로헥사실록세인,프로필헵틸카프릴레이트,다이프로필렌글라이콜,부틸옥틸살리실레이트,폴리글리세릴-4다이아이소스테아레이트/폴리하이드록시스테아레이트/세바케이트,나이아신아마이드,칼슘알루미늄보로실리케이트,디에칠아미노하이드록시벤조일헥실벤조에이트,메틸메타크릴레이트크로스폴리머,비스-에칠헥실옥시페놀메톡시페닐트리아진,에칠헥실트리아존,폴리글리세릴-3폴리다이메틸실록시에틸다이메티콘,티타늄디옥사이드,다이스테아다이모늄헥토라이트,마그네슘설페이트,트라이에톡시카프릴릴실레인,1,2-헥산다이올,폴리메틸실세스퀴옥세인,글리세릴카프릴레이트,카프릴릴글라이콜,에틸헥실글리세린,아데노신,토코페롤,카르노신,트라이메틸실록시실리케이트,하이드롤라이즈드콜라겐,향료"
"A000000247878","[수분밀착썬]셀퓨전씨 아쿠아티카 쿨링 썬스크린 35ml 기획 (+20ml)","셀퓨전씨","35.0","55.0","ml","27900","17500","3181.8","정제수, 다이부틸아디페이트, 변성알코올, 부틸옥틸살리실레이트, 실리카, 다이프로필렌글라이콜, 에칠헥실트리아존, 비스-에칠헥실옥시페놀메톡시페닐트리아진, 옥토크릴렌, 프로판다이올, 나이아신아마이드, 에리스리톨, 테레프탈릴리덴디캠퍼설포닉애씨드, 펜틸렌글라이콜, 메틸프로판다이올, 트로메타민, 스핑고모나스발효추출물, 효모발효여과물, 로즈마리잎수, 병풀추출물, 흰목이버섯추출물, 녹차추출물, 폴스애플민트잎추출물, 타임잎추출물, 소듐하이알루로네이트, 폴리메틸실세스퀴옥세인, 1,2-헥산다이올, 부틸렌글라이콜, 하이드록시에틸우레아, 폴리글리세릴-3메틸글루코오스다이스테아레이트, 스테아릴헵타노에이트, 다이메티콘올, 폴리C10-30알킬아크릴레이트, 마이크로크리스탈린셀룰로오스, 폴리에터-1, 에틸헥실글리세린, 아데노신, 소듐스테아로일글루타메이트, 메틸다이아이소프로필프로피온아마이드, 셀룰로오스검, 다발방패버섯추출물, 토코페롤, 글리세린, 소듐클로라이드, 소듐바이카보네이트, 칼슘클로라이드, 포타슘클로라이드, 글라이신, 알지닌, 글루타믹애씨드, 베헤닐알코올, 카보머, 향료"
"A000000248282","[비공식스케줄X더보이즈 영훈PICK]아넷사 퍼펙트 UV 선스크린 스킨케어 젤 NB 90g 기획 (+15g*2)","아넷사","90.0","105.0","g(약 1ml 상당으로 근사)","30000","24230","2307.6","정제수, 에탄올, 옥토크릴렌, 부틸옥틸살리실레이트, 에칠헥실살리실레이트, 아이소프로필미리스테이트, C12-15알킬벤조에이트, 하이드로제네이티드폴리데센, 부틸메톡시디벤조일메탄, 비스-에칠헥실옥시페놀메톡시페닐트리아진, 에칠헥실트리아존, 베헤닉애씨드, 실리카, 베헤닐알코올, 트레할로오스, 디에칠아미노하이드록시벤조일헥실벤조에이트, 덱스트린팔미테이트, 글리세린, 아미노메틸프로판다이올, C30-45알킬메티콘, C30-45올레핀, 클로페네신, 바틸알코올, 부틸렌글라이콜, 향료, 비에이치티, 잔탄검, 작약뿌리추출물, 글루타믹애씨드, 토멘틸뿌리추출물, 녹차추출물, 토코페롤, 소듐아세틸레이티드하이알루로네이트, 벤조익애씨드, 수용성콜라겐, 페녹시에탄올, 헥실신남알, 리모넨, 리날룰, 시트로넬올, 제라니올"
"A000000255124","[1등썬/1+1] 라운드랩 자작나무 수분 선크림 50ml 1+1 기획 (+여행용 20ml)","라운드랩","50.0","70.0","ml","25000","24500","3500.0","정제수, 다이부틸아디페이트, 프로판다이올, 디에칠아미노하이드록시벤조일헥실벤조에이트, 폴리메틸실세스퀴옥세인, 에칠헥실트리아존, 나이아신아마이드, 메칠렌비스-벤조트리아졸릴테트라메칠부틸페놀, 코코-카프릴레이트/카프레이트, 카프릴릴메티콘, 디에칠헥실부타미도트리아존, 글리세린, 1,2-헥산다이올, 부틸렌글라이콜, 자작나무수액(1,425ppm), 소듐하이알루로네이트, 하이알루로닉애씨드, 글리세릴글루코사이드, 다이포타슘글리시리제이트, 알란토인, 쇠비름추출물, 개똥쑥추출물, 구주소나무잎오일, 캐모마일꽃오일, 아크릴레이트/C10-30알킬아크릴레이트크로스폴리머, 소듐스테아로일글루타메이트, 폴리아크릴레이트크로스폴리머-6, 에틸헥실글리세린, 아스코빅애씨드, 아데노신, 펜틸렌글라이콜, 베헤닐알코올, 폴리C10-30알킬아크릴레이트, 폴리글리세릴-3메틸글루코오스다이스테아레이트, 데실글루코사이드, 트로메타민, 잔탄검, t-부틸알코올, 토코페롤, 카보머"
"A000000255125","[1+1] 라운드랩 자작나무 수분 톤업 선크림 50ml 1+1 기획 (+여행용 20ml)","라운드랩","50.0","70.0","ml","25000","24500","3500.0","정제수, 프로판다이올, 다이부틸아디페이트, 티타늄디옥사이드 (CI 77891), 비스-에칠헥실옥시페놀메톡시페닐트리아진, 부틸렌글라이콜, 디에칠아미노하이드록시벤조일헥실벤조에이트, 메틸트라이메티콘, 부틸옥틸살리실레이트, 나이아신아마이드, 페네틸벤조에이트, 아이소노닐아이소노나노에이트, 폴리메틸실세스퀴옥세인, 1,2-헥산다이올, 자작나무수액(1,000ppm), 소듐하이알루로네이트, 하이알루로닉애씨드, 글리세릴글루코사이드, 개똥쑥추출물, 캐모마일꽃오일, 구주소나무잎오일, 알란토인, 다이포타슘글리시리제이트, 판테놀, 녹차씨오일, 효모발효추출물, 칸디다 봄비콜라/글루코오스/메틸레이프씨데이트발효물, 에칠헥실트리아존, 펜틸렌글라이콜, 폴리글리세릴-3메틸글루코오스다이스테아레이트, 폴리실리콘-15, 스테아릭애씨드, 팔미틱애씨드, 폴리하이드록시스테아릭애씨드, 포타슘세틸포스페이트, 알루미늄하이드록사이드, 글리세릴스테아레이트, 하이드록시아세토페논, 폴리C10-30알킬아크릴레이트, 아이소도데케인, 옥틸도데칸올, 아크릴레이트/C10-30알킬아크릴레이트크로스폴리머, 하이드록시에틸아크릴레이트/소듐아크릴로일다이메틸타우레이트코폴리머, 트로메타민, 하이드로제네이티드레시틴, 비닐다이메티콘/메티콘실세스퀴옥세인크로스폴리머, 폴리글리세릴-4아이소스테아레이트, 폴리글리세릴-2다이폴리하이드록시스테아레이트, 아이소프로필티타늄트라이아이소스테아레이트, 아데노신, 소듐폴리아크릴레이트, 솔비탄아이소스테아레이트, 폴리메틸메타크릴레이트, 글리세릴카프릴레이트, 글리세린, 아스코빅애씨드, C12-16알코올, 세테아릴알코올, 다이소듐이디티에이, 황색산화철 (CI 77492), 적색산화철 (CI 77491), 흑색산화철 (CI 77499)"
"A000000256051","[NEW/한정기획/수분선] 토리든 다이브인 모이스처 선크림 60ml 1+1 기획 (+셀메이징 톤업 선크림 20ml)","토리든","60.0","80.0","ml","25000","19900","2487.5","[토리든 다이브인 모이스처 선크림]
정제수, 아이소노닐아이소노나노에이트, 프로판다이올, 부틸옥틸살리실레이트, 에칠헥실트리아존, 다이부틸아디페이트, 폴리메틸실세스퀴옥세인, 디에칠아미노하이드록시벤조일헥실벤조에이트, 나이아신아마이드, 드로메트리졸트리실록산, 메칠렌비스-벤조트리아졸릴테트라메칠부틸페놀, 1,2-헥산다이올, 펜틸렌글라이콜, 판테놀(5,025ppm), 소듐하이알루로네이트, 하이알루로닉애씨드, 하이드롤라이즈드소듐하이알루로네이트, 하이드롤라이즈드하이알루로닉애씨드, 소듐아세틸레이티드하이알루로네이트, 소듐하이알루로네이트크로스폴리머, 포타슘하이알루로네이트, 다이메틸실란올하이알루로네이트, 하이드록시프로필트라이모늄하이알루로네이트, 소듐하이알루로네이트다이메틸실란올, 알란토인, 글리세린, 아데노신, 세라마이드엔피, 토코페롤, 트레할로오스, 부틸렌글라이콜, 폴리글리세릴-3메틸글루코오스다이스테아레이트, 베헤닐알코올, 데실글루코사이드, 카프릴릴메티콘, 하이드로제네이티드캐스터오일/세바식애씨드코폴리머, 카보머, 호호바씨오일, 글리세레스-26, 아크릴레이트/C10-30알킬아크릴레이트크로스폴리머, 폴리글리세릴-6다이스테아레이트, 폴리아크릴레이트크로스폴리머-6, 트라이메틸실록시실리케이트, 에틸헥실글리세린, 칸데릴라/호호바/쌀겨폴리글리세릴-3에스터, 소듐스테아로일글루타메이트, 덱스트린, 트로메타민, 잔탄검, 치자추출물, 녹차추출물, 버지니아풍년화추출물, 쇠비름추출물, 캐모마일꽃추출물, 말라카이트추출물

[토리든 셀메이징 톤 업 선크림]
정제수, 프로판다이올, 다이부틸아디페이트, 에칠헥실트리아존, 부틸옥틸살리실레이트, 티타늄디옥사이드, 디에칠아미노하이드록시벤조일헥실벤조에이트, 나이아신아마이드, 카프릴릴메티콘, 폴리메틸실세스퀴옥세인, 드로메트리졸트리실록산, 메칠렌비스-벤조트리아졸릴테트라메칠부틸페놀, 글리세린, 실리카, 다이아이소프로필세바케이트, 1,2-헥산다이올, 글리세레스-26, 펜틸렌글라이콜, 콜라겐, 콜라겐아미노산, 콜라겐추출물, 수용성콜라겐, 하이드롤라이즈드콜라겐, 헥사펩타이드-2, 아세틸헥사펩타이드-1, 아세틸헥사펩타이드-8, 코코-카프릴레이트/카프레이트, 폴리하이드록시스테아릭애씨드, 브이피/에이코신코폴리머, 세테아릴알코올, 판테놀, 폴리글리세릴-3메틸글루코오스다이스테아레이트, 폴리글리세릴-10올리에이트, 폴리우레탄-15, 폴리글리세릴-6다이스테아레이트, 데실글루코사이드, 부틸렌글라이콜, 토코페롤, 네오펜틸글라이콜다이에틸헥사노에이트, 소듐스테아로일글루타메이트, 트라이에톡시카프릴릴실레인, 알루미늄하이드록사이드, 소듐디엔에이, 폴리아크릴레이트크로스폴리머-6, 메틸메타크릴레이트크로스폴리머, 아데노신,이눌린라우릴카바메이트, 소듐폴리아크릴로일다이메틸타우레이트, 하이드로제네이티드캐스터오일/세바식애씨드코폴리머, 잔탄검, 폴리글리세릴-6스테아레이트, 카보머, 아이소도데케인,  아크릴레이트/C10-30알킬아크릴레이트크로스폴리머, 다이카프릴릴카보네이트, 에틸헥실글리세린, 폴리실리콘-1, 하이드롤라이즈드호호바에스터, 폴리글리세릴-6베헤네이트, 카프릴릴글라이콜, 다이메티콘/비닐다이메티콘크로스폴리머, 다이메티콘올, 칸데릴라/호호바/쌀겨폴리글리세릴-3에스터, 트로메타민, 황색산화철, 적색산화철, 바이오틴, 알란토인"
